kernel,epsilon,ridge,cv_rel_l2
gaussian,1.0000000000000000e-02,1.0000000000000000e-10,1.4043921503696215e+00
gaussian,5.0000000000000003e-02,1.0000000000000000e-10,1.5947946110630032e+03
gaussian,1.0000000000000001e-01,1.0000000000000000e-10,8.6344370953160055e-01
gaussian,2.5000000000000000e-01,1.0000000000000000e-10,6.6425215635065649e-01
gaussian,5.0000000000000000e-01,1.0000000000000000e-10,2.6920569713068037e-02
gaussian,1.0000000000000000e+00,1.0000000000000000e-10,2.0630231003949595e-03
gaussian,2.0000000000000000e+00,1.0000000000000000e-10,3.1543525946151978e-03
gaussian,5.0000000000000000e+00,1.0000000000000000e-10,3.5315583034669890e-02
