kernel,epsilon,ridge,cv_rel_l2
gaussian,1.0000000000000000e-02,1.0000000000000000e-10,8.6056023269683968e-01
gaussian,5.0000000000000003e-02,1.0000000000000000e-10,6.5687334260273234e-01
gaussian,1.0000000000000001e-01,1.0000000000000000e-10,1.5719424140758351e+00
gaussian,2.5000000000000000e-01,1.0000000000000000e-10,1.9799355927500059e-01
gaussian,5.0000000000000000e-01,1.0000000000000000e-10,2.5244105384790237e-02
gaussian,1.0000000000000000e+00,1.0000000000000000e-10,2.0518108850798036e-03
gaussian,2.0000000000000000e+00,1.0000000000000000e-10,3.1329824612457472e-03
gaussian,5.0000000000000000e+00,1.0000000000000000e-10,3.5636439202966372e-02
