{
  "dataset_file": "stage_3_prom_regression_dataset/stage3_prom_regression_dataset.npz",
  "out_dir": "stage_4_prom_gpr_sparse",
  "input_space": "q_m",
  "target_space": "q_s",
  "dim": {
    "input": 2,
    "target": 11
  },
  "sizes": {
    "train_pool": 4459,
    "train_used": 4459,
    "val": 557,
    "test": 558
  },
  "sparse_gp": {
    "num_inducing": 800,
    "inducing_selection": "kmeans",
    "epochs": 120,
    "batch_size": 2048,
    "lr": 0.05,
    "weight_decay": 0.0,
    "min_noise": 1e-06,
    "learn_inducing": 1,
    "device": "cuda",
    "mean_best_val_mse_per_output": 1.7950221007750975e-05,
    "train": {
      "rel_l2": 0.000879921666519403,
      "rmse": 0.0007760887670311566,
      "max_abs": 0.011272436858026591,
      "rel_l2_per_comp": [
        0.004324153546027978,
        0.003096394492452719,
        0.0009933245996055153,
        0.0008216071129787778,
        0.00137992837395923,
        0.00531398742943251,
        0.0035667120877514026,
        0.0009226428787106038,
        0.010460299688263813,
        0.0037407717074293425,
        0.00404823424645529
      ],
      "rmse_per_comp": [
        0.0001551022308928333,
        6.844215438773761e-05,
        0.0009790444594572234,
        0.002023261578641281,
        0.0003769887992796688,
        0.0002198010832551387,
        0.00027947781542092846,
        0.0011049579050478348,
        9.442185127312027e-05,
        4.5947416564424765e-05,
        0.0002099892244780179
      ]
    },
    "val": {
      "rel_l2": 0.0008068915095287421,
      "rmse": 0.0007288761927809858,
      "max_abs": 0.005431181244751837,
      "rel_l2_per_comp": [
        0.0042598805214135275,
        0.0029553677084802332,
        0.0009442316558488332,
        0.0007490354719949196,
        0.0013596350551557822,
        0.00523070979457858,
        0.0033795831776851997,
        0.0008294088861112659,
        0.009776457575746625,
        0.0034982947618441124,
        0.003589720709405774
      ],
      "rmse_per_comp": [
        0.00015105777417091703,
        6.648511970284393e-05,
        0.0009521150580921848,
        0.001889372879517992,
        0.00038037402853359286,
        0.00021313147274435595,
        0.00026292616698403253,
        0.0010177291226747718,
        8.691776946253226e-05,
        4.385379857216973e-05,
        0.0001894303235195113
      ]
    },
    "test": {
      "rel_l2": 0.000885433128165565,
      "rmse": 0.0007759096272951185,
      "max_abs": 0.007265171416298011,
      "rel_l2_per_comp": [
        0.004067433282868327,
        0.003138133307034239,
        0.0009486845292253446,
        0.0008361447544582745,
        0.001354357226154773,
        0.00544187033815786,
        0.0033845214262745245,
        0.0009357304029972819,
        0.010727227242961365,
        0.003662890757945676,
        0.0039168082263292105
      ],
      "rmse_per_comp": [
        0.00014260201803264637,
        6.825617852782468e-05,
        0.0009274468299723693,
        0.0020464555738812585,
        0.0003665745753609241,
        0.00022649044614347883,
        0.0002680570684906634,
        0.0011131632389055793,
        9.618086574641503e-05,
        4.4130566578959184e-05,
        0.00020347204111590818
      ]
    }
  }
}