{
  "compared_steps": 1151,
  "icnn_energy_relative_error": 0.2997044742137889,
  "strain_vs_fom": {
    "D-HPROM-ANN": {
      "components": {
        "eps_xx": 0.0008882652747738204,
        "eps_yy": 0.0014323860194880018,
        "gamma_xy": 0.036255002233226016
      },
      "relative": 0.0014725020544411177
    },
    "HPROM-ANN": {
      "components": {
        "eps_xx": 0.0008608126325390376,
        "eps_yy": 0.0014199191491851455,
        "gamma_xy": 0.03522169599805588
      },
      "relative": 0.001437933514240771
    },
    "ICNN-ickan_invariants_linear": {
      "components": {
        "eps_xx": 0.0,
        "eps_yy": 0.0,
        "gamma_xy": 0.0
      },
      "relative": 0.0
    },
    "PROM-ANN": {
      "components": {
        "eps_xx": 1.3601487415539549e-05,
        "eps_yy": 2.3120190668626435e-05,
        "gamma_xy": 0.00037724891533163753
      },
      "relative": 1.9945037064066585e-05
    }
  },
  "stress_vs_fom": {
    "D-HPROM-ANN": {
      "components": {
        "sigma_xx": 0.0027679269626537362,
        "sigma_xy": 0.11162790024420685,
        "sigma_yy": 0.002314147472144464
      },
      "relative": 0.0025656055043072924
    },
    "HPROM-ANN": {
      "components": {
        "sigma_xx": 0.00238762922884871,
        "sigma_xy": 0.265582834217234,
        "sigma_yy": 0.00250991319850556
      },
      "relative": 0.0025291661323572456
    },
    "ICNN-ickan_invariants_linear": {
      "components": {
        "sigma_xx": 0.27142447343669485,
        "sigma_xy": 0.828141131921576,
        "sigma_yy": 0.3016926415195372
      },
      "relative": 0.28691405283260574
    },
    "PROM-ANN": {
      "components": {
        "sigma_xx": 7.07344062935025e-05,
        "sigma_xy": 0.0023930953295824295,
        "sigma_yy": 8.41485487162664e-05
      },
      "relative": 7.791651847222926e-05
    }
  }
}