 |  /           |                  
 ' /   __| _` | __|  _ \   __|    
 . \  |   (   | |   (   |\__ \  
_|\_\_|  \__,_|\__|\___/ ____/
           Multi-Physics 10.3."0"-master-532e0dba7df-Release-x86_64
           Compiled for GNU/Linux and Python3.12 with GCC-13.3
Compiled with threading support. Threading support with OpenMP.
Maximum number of threads: 1.
Importing    KratosStructuralMechanicsApplication 
    KRATOS   ___|  |                   |                   |
           \___ \  __|  __| |   |  __| __| |   |  __| _` | |
                 | |   |    |   | (    |   |   | |   (   | |
           _____/ \__|_|   \__,_|\___|\__|\__,_|_|  \__,_|_| MECHANICS
Initializing KratosStructuralMechanicsApplication...
Importing    KratosConstitutiveLawsApplication 
Initializing KratosConstitutiveLawsApplication...
[WARNING] DEPRECATION-Warning; MechanicalSolver: Using "line_search", please move it to "solving_strategy_settings" as "type" 
::[MechanicalSolver]:: : Construction finished 
::[StaticMechanicalSolver]:: : Construction finished 
::[MechanicalSolver]:: : Variables ADDED 
[WARNING] Model: Trying to create a root modelpart with name Structure however a ModelPart with the same name already exists. 
Returning the already existent ModelPart.
SingleImportModelPart: Reading model part from file: "/home/sares/ML_assisted_CLs_clean/coupon_fe2_paper/03_data/rve_mesh".mdpa
ModelPartIO:   [Reading Nodes    : 3240 nodes read]
ModelPartIO:   [Reading Geometries : 1546 geometries read] [Type: Triangle2D6]
ModelPartIO:   [Total Lines Read : 9751]
SingleImportModelPart: Finished reading model part from mdpa file.
::[PythonSolver]::: Reading model part. 
::[PythonSolver]::: Using already imported model part - no reading necessary. 
ModelPart: -Structure- model part
    Buffer Size : 1
    Number of tables : 0
    Number of sub model parts : 2
    Current solution step index : 0
    DOMAIN_SIZE : 2
    OSS_SWITCH : 0
    IS_RESTARTED : 0

    Number of Geometries  : 1546
    Mesh 0 :
        Number of Nodes       : 3240
        Number of Properties  : 1
        Number of Elements    : 1546
        Number of Conditions  : 0
        Number of Constraints : 0

    -dirichlet- model part
        Number of tables : 0
        Number of sub model parts : 0

        Number of Geometries  : 0
        Mesh 0 :
            Number of Nodes       : 156
            Number of Properties  : 0
            Number of Elements    : 0
            Number of Conditions  : 0
            Number of Constraints : 0
    -material- model part
        Number of tables : 0
        Number of sub model parts : 0

        Number of Geometries  : 1546
        Mesh 0 :
            Number of Nodes       : 3240
            Number of Properties  : 0
            Number of Elements    : 1546
            Number of Conditions  : 0
            Number of Constraints : 0
 
::[PythonSolver]:: : Finished reading model part. 
Read materials: Started
Read materials: Finished
::[MechanicalSolver]:: : Constitutive law was successfully imported. 
::[MechanicalSolver]::: ModelPart prepared for Solver. 
::[MechanicalSolver]:: : DOF's ADDED 
::[MechanicalSolver]:: : Initializing ... 
Importing    LinearSolversApplication 
    Kratos  _     _                       ____        _
           | |   (_)_ __   ___  __ _ _ __/ ___|  ___ | |_   _____ _ __ ___
           | |   | | '_ \ / _ \/ _` | '__\___ \ / _ \| \ \ / / _ \ '__/ __|
           | |___| | | | |  __/ (_| | |   ___) | (_) | |\ V /  __/ |  \__ \
           |_____|_|_| |_|\___|\__,_|_|  |____/ \___/|_| \_/ \___|_|  |___/
Initializing KratosLinearSolversApplication...
Linear-Solver-Factory: Constructing a regular (non-complex) linear-solver 
::[MechanicalSolver]:: : Finished initialization. 
Analysis: Analysis -START-  
[WARNING] DEPRECATION-Warning; MechanicalSolver: Using "line_search", please move it to "solving_strategy_settings" as "type" 
::[MechanicalSolver]:: : Construction finished 
::[StaticMechanicalSolver]:: : Construction finished 
::[MechanicalSolver]:: : Variables ADDED 
[WARNING] Model: Trying to create a root modelpart with na[VectorizedAssembler] 690 elements, 3 GPs, total area=1.311591e-04
[macro] 3002 dofs, 13/13 end-face nodes
  step  1/20 iter  1: |R|=2.06084e+03, rel=1.000e+00, wall=0.37s
 |  /           |                  
 ' /   __| _` | __|  _ \   __|    
 . \  |   (   | |   (   |\__ \  
_|\_\_|  \__,_|\__|\___/ ____/
           Multi-Physics 10.3."0"-master-532e0dba7df-Release-x86_64
           Compiled for GNU/Linux and Python3.12 with GCC-13.3
Compiled with threading support. Threading support with OpenMP.
Maximum number of threads: 1.
Importing    KratosStructuralMechanicsApplication 
    KRATOS   ___|  |                   |                   |
           \___ \  __|  __| |   |  __| __| |   |  __| _` | |
                 | |   |    |   | (    |   |   | |   (   | |
           _____/ \__|_|   \__,_|\___|\__|\__,_|_|  \__,_|_| MECHANICS
Initializing KratosStructuralMechanicsApplication...
Importing    KratosConstitutiveLawsApplication 
Initializing KratosConstitutiveLawsApplication...
[WARNING] DEPRECATION-Warning; MechanicalSolver: Using "line_search", please move it to "solving_strategy_settings" as "type" 
::[MechanicalSolver]:: : Construction finished 
::[StaticMechanicalSolver]:: : Construction finished 
::[MechanicalSolver]:: : Variables ADDED 
[WARNING] Model: Trying to create a root modelpart with name Structure however a ModelPart with the same name already exists. 
Returning the already existent ModelPart.
SingleImportModelPart: Reading model part from file: "/home/sares/ML_assisted_CLs_clean/coupon_fe2_paper/03_data/rve_mesh".mdpa
ModelPartIO:   [Reading Nodes    : 3240 nodes read]
ModelPartIO:   [Reading Geometries : 1546 geometries read] [Type: Triangle2D6]
ModelPartIO:   [Total Lines Read : 9751]
SingleImportModelPart: Finished reading model part from mdpa file.
::[PythonSolver]::: Reading model part. 
::[PythonSolver]::: Using already imported model part - no reading necessary. 
ModelPart: -Structure- model part
    Buffer Size : 1
    Number of tables : 0
    Number of sub model parts : 2
    Current solution step index : 0
    DOMAIN_SIZE : 2
    OSS_SWITCH : 0
    IS_RESTARTED : 0

    Number of Geometries  : 1546
    Mesh 0 :
        Number of Nodes       : 3240
        Number of Properties  : 1
        Number of Elements    : 1546
        Number of Conditions  : 0
        Number of Constraints : 0

    -dirichlet- model part
        Number of tables : 0
        Number of sub model parts : 0

        Number of Geometries  : 0
        Mesh 0 :
            Number of Nodes       : 156
            Number of Properties  : 0
            Number of Elements    : 0
            Number of Conditions  : 0
            Number of Constraints : 0
    -material- model part
        Number of tables : 0
        Number of sub model parts : 0

        Number of Geometries  : 1546
        Mesh 0 :
            Number of Nodes       : 3240
            Number of Properties  : 0
            Number of Elements    : 1546
            Number of Conditions  : 0
            Number of Constraints : 0
 
::[PythonSolver]:: : Finished reading model part. 
Read materials: Started
Read materials: Finished
::[MechanicalSolver]:: : Constitutive law was successfully imported. 
::[MechanicalSolver]::: ModelPart prepared for Solver. 
::[MechanicalSolver]:: : DOF's ADDED 
::[MechanicalSolver]:: : Initializing ... 
Importing    LinearSolversApplication 
    Kratos  _     _                       ____        _
           | |   (_)_ __   ___  __ _ _ __/ ___|  ___ | |_   _____ _ __ ___
           | |   | | '_ \ / _ \/ _` | '__\___ \ / _ \| \ \ / / _ \ '__/ __|
           | |___| | | | |  __/ (_| | |   ___) | (_) | |\ V /  __/ |  \__ \
           |_____|_|_| |_|\___|\__,_|_|  |____/ \___/|_| \_/ \___|_|  |___/
Initializing KratosLinearSolversApplication...
Linear-Solver-Factory: Constructing a regular (non-complex) linear-solver 
::[MechanicalSolver]:: : Finished initialization. 
Analysis: Analysis -START-  
[WARNING] DEPRECATION-Warning; MechanicalSolver: Using "line_search", please move it to "solving_strategy_settings" as "type" 
::[MechanicalSolver]:: : Construction finished 
::[StaticMechanicalSolver]:: : Construction finished 
::[MechanicalSolver]:: : Variables ADDED 
[WARNING] Model: Trying to create a root modelpart with na |  /           |                  
 ' /   __| _` | __|  _ \   __|    
 . \  |   (   | |   (   |\__ \  
_|\_\_|  \__,_|\__|\___/ ____/
           Multi-Physics 10.3."0"-master-532e0dba7df-Release-x86_64
           Compiled for GNU/Linux and Python3.12 with GCC-13.3
Compiled with threading support. Threading support with OpenMP.
Maximum number of threads: 1.
Importing    KratosStructuralMechanicsApplication 
    KRATOS   ___|  |                   |                   |
           \___ \  __|  __| |   |  __| __| |   |  __| _` | |
                 | |   |    |   | (    |   |   | |   (   | |
           _____/ \__|_|   \__,_|\___|\__|\__,_|_|  \__,_|_| MECHANICS
Initializing KratosStructuralMechanicsApplication...
Importing    KratosConstitutiveLawsApplication 
Initializing KratosConstitutiveLawsApplication...
[WARNING] DEPRECATION-Warning; MechanicalSolver: Using "line_search", please move it to "solving_strategy_settings" as "type" 
::[MechanicalSolver]:: : Construction finished 
::[StaticMechanicalSolver]:: : Construction finished 
::[MechanicalSolver]:: : Variables ADDED 
[WARNING] Model: Trying to create a root modelpart with name Structure however a ModelPart with the same name already exists. 
Returning the already existent ModelPart.
SingleImportModelPart: Reading model part from file: "/home/sares/ML_assisted_CLs_clean/coupon_fe2_paper/03_data/rve_mesh".mdpa
ModelPartIO:   [Reading Nodes    : 3240 nodes read]
ModelPartIO:   [Reading Geometries : 1546 geometries read] [Type: Triangle2D6]
ModelPartIO:   [Total Lines Read : 9751]
SingleImportModelPart: Finished reading model part from mdpa file.
::[PythonSolver]::: Reading model part. 
::[PythonSolver]::: Using already imported model part - no reading necessary. 
ModelPart: -Structure- model part
    Buffer Size : 1
    Number of tables : 0
    Number of sub model parts : 2
    Current solution step index : 0
    DOMAIN_SIZE : 2
    OSS_SWITCH : 0
    IS_RESTARTED : 0

    Number of Geometries  : 1546
    Mesh 0 :
        Number of Nodes       : 3240
        Number of Properties  : 1
        Number of Elements    : 1546
        Number of Conditions  : 0
        Number of Constraints : 0

    -dirichlet- model part
        Number of tables : 0
        Number of sub model parts : 0

        Number of Geometries  : 0
        Mesh 0 :
            Number of Nodes       : 156
            Number of Properties  : 0
            Number of Elements    : 0
            Number of Conditions  : 0
            Number of Constraints : 0
    -material- model part
        Number of tables : 0
        Number of sub model parts : 0

        Number of Geometries  : 1546
        Mesh 0 :
            Number of Nodes       : 3240
            Number of Properties  : 0
            Number of Elements    : 1546
            Number of Conditions  : 0
            Number of Constraints : 0
 
::[PythonSolver]:: : Finished reading model part. 
Read materials: Started
Read materials: Finished
::[MechanicalSolver]:: : Constitutive law was successfully imported. 
::[MechanicalSolver]::: ModelPart prepared for Solver. 
::[MechanicalSolver]:: : DOF's ADDED 
::[MechanicalSolver]:: : Initializing ... 
Importing    LinearSolversApplication 
    Kratos  _     _                       ____        _
           | |   (_)_ __   ___  __ _ _ __/ ___|  ___ | |_   _____ _ __ ___
           | |   | | '_ \ / _ \/ _` | '__\___ \ / _ \| \ \ / / _ \ '__/ __|
           | |___| | | | |  __/ (_| | |   ___) | (_) | |\ V /  __/ |  \__ \
           |_____|_|_| |_|\___|\__,_|_|  |____/ \___/|_| \_/ \___|_|  |___/
Initializing KratosLinearSolversApplication...
Linear-Solver-Factory: Constructing a regular (non-complex) linear-solver 
::[MechanicalSolver]:: : Finished initialization. 
Analysis: Analysis -START-  
[WARNING] DEPRECATION-Warning; MechanicalSolver: Using "line_search", please move it to "solving_strategy_settings" as "type" 
::[MechanicalSolver]:: : Construction finished 
::[StaticMechanicalSolver]:: : Construction finished 
::[MechanicalSolver]:: : Variables ADDED 
[WARNING] Model: Trying to create a root modelpart with na |  /           |                  
 ' /   __| _` | __|  _ \   __|    
 . \  |   (   | |   (   |\__ \  
_|\_\_|  \__,_|\__|\___/ ____/
           Multi-Physics 10.3."0"-master-532e0dba7df-Release-x86_64
           Compiled for GNU/Linux and Python3.12 with GCC-13.3
Compiled with threading support. Threading support with OpenMP.
Maximum number of threads: 1.
Importing    KratosStructuralMechanicsApplication 
    KRATOS   ___|  |                   |                   |
           \___ \  __|  __| |   |  __| __| |   |  __| _` | |
                 | |   |    |   | (    |   |   | |   (   | |
           _____/ \__|_|   \__,_|\___|\__|\__,_|_|  \__,_|_| MECHANICS
Initializing KratosStructuralMechanicsApplication...
Importing    KratosConstitutiveLawsApplication 
Initializing KratosConstitutiveLawsApplication...
[WARNING] DEPRECATION-Warning; MechanicalSolver: Using "line_search", please move it to "solving_strategy_settings" as "type" 
::[MechanicalSolver]:: : Construction finished 
::[StaticMechanicalSolver]:: : Construction finished 
::[MechanicalSolver]:: : Variables ADDED 
[WARNING] Model: Trying to create a root modelpart with name Structure however a ModelPart with the same name already exists. 
Returning the already existent ModelPart.
SingleImportModelPart: Reading model part from file: "/home/sares/ML_assisted_CLs_clean/coupon_fe2_paper/03_data/rve_mesh".mdpa
ModelPartIO:   [Reading Nodes    : 3240 nodes read]
ModelPartIO:   [Reading Geometries : 1546 geometries read] [Type: Triangle2D6]
ModelPartIO:   [Total Lines Read : 9751]
SingleImportModelPart: Finished reading model part from mdpa file.
::[PythonSolver]::: Reading model part. 
::[PythonSolver]::: Using already imported model part - no reading necessary. 
ModelPart: -Structure- model part
    Buffer Size : 1
    Number of tables : 0
    Number of sub model parts : 2
    Current solution step index : 0
    DOMAIN_SIZE : 2
    OSS_SWITCH : 0
    IS_RESTARTED : 0

    Number of Geometries  : 1546
    Mesh 0 :
        Number of Nodes       : 3240
        Number of Properties  : 1
        Number of Elements    : 1546
        Number of Conditions  : 0
        Number of Constraints : 0

    -dirichlet- model part
        Number of tables : 0
        Number of sub model parts : 0

        Number of Geometries  : 0
        Mesh 0 :
            Number of Nodes       : 156
            Number of Properties  : 0
            Number of Elements    : 0
            Number of Conditions  : 0
            Number of Constraints : 0
    -material- model part
        Number of tables : 0
        Number of sub model parts : 0

        Number of Geometries  : 1546
        Mesh 0 :
            Number of Nodes       : 3240
            Number of Properties  : 0
            Number of Elements    : 1546
            Number of Conditions  : 0
            Number of Constraints : 0
 
::[PythonSolver]:: : Finished reading model part. 
Read materials: Started
Read materials: Finished
::[MechanicalSolver]:: : Constitutive law was successfully imported. 
::[MechanicalSolver]::: ModelPart prepared for Solver. 
::[MechanicalSolver]:: : DOF's ADDED 
::[MechanicalSolver]:: : Initializing ... 
Importing    LinearSolversApplication 
    Kratos  _     _                       ____        _
           | |   (_)_ __   ___  __ _ _ __/ ___|  ___ | |_   _____ _ __ ___
           | |   | | '_ \ / _ \/ _` | '__\___ \ / _ \| \ \ / / _ \ '__/ __|
           | |___| | | | |  __/ (_| | |   ___) | (_) | |\ V /  __/ |  \__ \
           |_____|_|_| |_|\___|\__,_|_|  |____/ \___/|_| \_/ \___|_|  |___/
Initializing KratosLinearSolversApplication...
Linear-Solver-Factory: Constructing a regular (non-complex) linear-solver 
::[MechanicalSolver]:: : Finished initialization. 
Analysis: Analysis -START-  
[WARNING] DEPRECATION-Warning; MechanicalSolver: Using "line_search", please move it to "solving_strategy_settings" as "type" 
::[MechanicalSolver]:: : Construction finished 
::[StaticMechanicalSolver]:: : Construction finished 
::[MechanicalSolver]:: : Variables ADDED 
[WARNING] Model: Trying to create a root modelpart with na |  /           |                  
 ' /   __| _` | __|  _ \   __|    
 . \  |   (   | |   (   |\__ \  
_|\_\_|  \__,_|\__|\___/ ____/
           Multi-Physics 10.3."0"-master-532e0dba7df-Release-x86_64
           Compiled for GNU/Linux and Python3.12 with GCC-13.3
Compiled with threading support. Threading support with OpenMP.
Maximum number of threads: 1.
Importing    KratosStructuralMechanicsApplication 
    KRATOS   ___|  |                   |                   |
           \___ \  __|  __| |   |  __| __| |   |  __| _` | |
                 | |   |    |   | (    |   |   | |   (   | |
           _____/ \__|_|   \__,_|\___|\__|\__,_|_|  \__,_|_| MECHANICS
Initializing KratosStructuralMechanicsApplication...
Importing    KratosConstitutiveLawsApplication 
Initializing KratosConstitutiveLawsApplication...
[WARNING] DEPRECATION-Warning; MechanicalSolver: Using "line_search", please move it to "solving_strategy_settings" as "type" 
::[MechanicalSolver]:: : Construction finished 
::[StaticMechanicalSolver]:: : Construction finished 
::[MechanicalSolver]:: : Variables ADDED 
[WARNING] Model: Trying to create a root modelpart with name Structure however a ModelPart with the same name already exists. 
Returning the already existent ModelPart.
SingleImportModelPart: Reading model part from file: "/home/sares/ML_assisted_CLs_clean/coupon_fe2_paper/03_data/rve_mesh".mdpa
ModelPartIO:   [Reading Nodes    : 3240 nodes read]
ModelPartIO:   [Reading Geometries : 1546 geometries read] [Type: Triangle2D6]
ModelPartIO:   [Total Lines Read : 9751]
SingleImportModelPart: Finished reading model part from mdpa file.
::[PythonSolver]::: Reading model part. 
::[PythonSolver]::: Using already imported model part - no reading necessary. 
ModelPart: -Structure- model part
    Buffer Size : 1
    Number of tables : 0
    Number of sub model parts : 2
    Current solution step index : 0
    DOMAIN_SIZE : 2
    OSS_SWITCH : 0
    IS_RESTARTED : 0

    Number of Geometries  : 1546
    Mesh 0 :
        Number of Nodes       : 3240
        Number of Properties  : 1
        Number of Elements    : 1546
        Number of Conditions  : 0
        Number of Constraints : 0

    -dirichlet- model part
        Number of tables : 0
        Number of sub model parts : 0

        Number of Geometries  : 0
        Mesh 0 :
            Number of Nodes       : 156
            Number of Properties  : 0
            Number of Elements    : 0
            Number of Conditions  : 0
            Number of Constraints : 0
    -material- model part
        Number of tables : 0
        Number of sub model parts : 0

        Number of Geometries  : 1546
        Mesh 0 :
            Number of Nodes       : 3240
            Number of Properties  : 0
            Number of Elements    : 1546
            Number of Conditions  : 0
            Number of Constraints : 0
 
::[PythonSolver]:: : Finished reading model part. 
Read materials: Started
Read materials: Finished
::[MechanicalSolver]:: : Constitutive law was successfully imported. 
::[MechanicalSolver]::: ModelPart prepared for Solver. 
::[MechanicalSolver]:: : DOF's ADDED 
::[MechanicalSolver]:: : Initializing ... 
Importing    LinearSolversApplication 
    Kratos  _     _                       ____        _
           | |   (_)_ __   ___  __ _ _ __/ ___|  ___ | |_   _____ _ __ ___
           | |   | | '_ \ / _ \/ _` | '__\___ \ / _ \| \ \ / / _ \ '__/ __|
           | |___| | | | |  __/ (_| | |   ___) | (_) | |\ V /  __/ |  \__ \
           |_____|_|_| |_|\___|\__,_|_|  |____/ \___/|_| \_/ \___|_|  |___/
Initializing KratosLinearSolversApplication...
Linear-Solver-Factory: Constructing a regular (non-complex) linear-solver 
::[MechanicalSolver]:: : Finished initialization. 
Analysis: Analysis -START-  
[WARNING] DEPRECATION-Warning; MechanicalSolver: Using "line_search", please move it to "solving_strategy_settings" as "type" 
::[MechanicalSolver]:: : Construction finished 
::[StaticMechanicalSolver]:: : Construction finished 
::[MechanicalSolver]:: : Variables ADDED 
[WARNING] Model: Trying to create a root modelpart with na |  /           |                  
 ' /   __| _` | __|  _ \   __|    
 . \  |   (   | |   (   |\__ \  
_|\_\_|  \__,_|\__|\___/ ____/
           Multi-Physics 10.3."0"-master-532e0dba7df-Release-x86_64
           Compiled for GNU/Linux and Python3.12 with GCC-13.3
Compiled with threading support. Threading support with OpenMP.
Maximum number of threads: 1.
Importing    KratosStructuralMechanicsApplication 
    KRATOS   ___|  |                   |                   |
           \___ \  __|  __| |   |  __| __| |   |  __| _` | |
                 | |   |    |   | (    |   |   | |   (   | |
           _____/ \__|_|   \__,_|\___|\__|\__,_|_|  \__,_|_| MECHANICS
Initializing KratosStructuralMechanicsApplication...
Importing    KratosConstitutiveLawsApplication 
Initializing KratosConstitutiveLawsApplication...
[WARNING] DEPRECATION-Warning; MechanicalSolver: Using "line_search", please move it to "solving_strategy_settings" as "type" 
::[MechanicalSolver]:: : Construction finished 
::[StaticMechanicalSolver]:: : Construction finished 
::[MechanicalSolver]:: : Variables ADDED 
[WARNING] Model: Trying to create a root modelpart with name Structure however a ModelPart with the same name already exists. 
Returning the already existent ModelPart.
SingleImportModelPart: Reading model part from file: "/home/sares/ML_assisted_CLs_clean/coupon_fe2_paper/03_data/rve_mesh".mdpa
ModelPartIO:   [Reading Nodes    : 3240 nodes read]
ModelPartIO:   [Reading Geometries : 1546 geometries read] [Type: Triangle2D6]
ModelPartIO:   [Total Lines Read : 9751]
SingleImportModelPart: Finished reading model part from mdpa file.
::[PythonSolver]::: Reading model part. 
::[PythonSolver]::: Using already imported model part - no reading necessary. 
ModelPart: -Structure- model part
    Buffer Size : 1
    Number of tables : 0
    Number of sub model parts : 2
    Current solution step index : 0
    DOMAIN_SIZE : 2
    OSS_SWITCH : 0
    IS_RESTARTED : 0

    Number of Geometries  : 1546
    Mesh 0 :
        Number of Nodes       : 3240
        Number of Properties  : 1
        Number of Elements    : 1546
        Number of Conditions  : 0
        Number of Constraints : 0

    -dirichlet- model part
        Number of tables : 0
        Number of sub model parts : 0

        Number of Geometries  : 0
        Mesh 0 :
            Number of Nodes       : 156
            Number of Properties  : 0
            Number of Elements    : 0
            Number of Conditions  : 0
            Number of Constraints : 0
    -material- model part
        Number of tables : 0
        Number of sub model parts : 0

        Number of Geometries  : 1546
        Mesh 0 :
            Number of Nodes       : 3240
            Number of Properties  : 0
            Number of Elements    : 1546
            Number of Conditions  : 0
            Number of Constraints : 0
 
::[PythonSolver]:: : Finished reading model part. 
Read materials: Started
Read materials: Finished
::[MechanicalSolver]:: : Constitutive law was successfully imported. 
::[MechanicalSolver]::: ModelPart prepared for Solver. 
::[MechanicalSolver]:: : DOF's ADDED 
::[MechanicalSolver]:: : Initializing ... 
Importing    LinearSolversApplication 
    Kratos  _     _                       ____        _
           | |   (_)_ __   ___  __ _ _ __/ ___|  ___ | |_   _____ _ __ ___
           | |   | | '_ \ / _ \/ _` | '__\___ \ / _ \| \ \ / / _ \ '__/ __|
           | |___| | | | |  __/ (_| | |   ___) | (_) | |\ V /  __/ |  \__ \
           |_____|_|_| |_|\___|\__,_|_|  |____/ \___/|_| \_/ \___|_|  |___/
Initializing KratosLinearSolversApplication...
Linear-Solver-Factory: Constructing a regular (non-complex) linear-solver 
::[MechanicalSolver]:: : Finished initialization. 
Analysis: Analysis -START-  
[WARNING] DEPRECATION-Warning; MechanicalSolver: Using "line_search", please move it to "solving_strategy_settings" as "type" 
::[MechanicalSolver]:: : Construction finished 
::[StaticMechanicalSolver]:: : Construction finished 
::[MechanicalSolver]:: : Variables ADDED 
[WARNING] Model: Trying to create a root modelpart with na |  /           |                  
 ' /   __| _` | __|  _ \   __|    
 . \  |   (   | |   (   |\__ \  
_|\_\_|  \__,_|\__|\___/ ____/
           Multi-Physics 10.3."0"-master-532e0dba7df-Release-x86_64
           Compiled for GNU/Linux and Python3.12 with GCC-13.3
Compiled with threading support. Threading support with OpenMP.
Maximum number of threads: 1.
Importing    KratosStructuralMechanicsApplication 
    KRATOS   ___|  |                   |                   |
           \___ \  __|  __| |   |  __| __| |   |  __| _` | |
                 | |   |    |   | (    |   |   | |   (   | |
           _____/ \__|_|   \__,_|\___|\__|\__,_|_|  \__,_|_| MECHANICS
Initializing KratosStructuralMechanicsApplication...
Importing    KratosConstitutiveLawsApplication 
Initializing KratosConstitutiveLawsApplication...
[WARNING] DEPRECATION-Warning; MechanicalSolver: Using "line_search", please move it to "solving_strategy_settings" as "type" 
::[MechanicalSolver]:: : Construction finished 
::[StaticMechanicalSolver]:: : Construction finished 
::[MechanicalSolver]:: : Variables ADDED 
[WARNING] Model: Trying to create a root modelpart with name Structure however a ModelPart with the same name already exists. 
Returning the already existent ModelPart.
SingleImportModelPart: Reading model part from file: "/home/sares/ML_assisted_CLs_clean/coupon_fe2_paper/03_data/rve_mesh".mdpa
ModelPartIO:   [Reading Nodes    : 3240 nodes read]
ModelPartIO:   [Reading Geometries : 1546 geometries read] [Type: Triangle2D6]
ModelPartIO:   [Total Lines Read : 9751]
SingleImportModelPart: Finished reading model part from mdpa file.
::[PythonSolver]::: Reading model part. 
::[PythonSolver]::: Using already imported model part - no reading necessary. 
ModelPart: -Structure- model part
    Buffer Size : 1
    Number of tables : 0
    Number of sub model parts : 2
    Current solution step index : 0
    DOMAIN_SIZE : 2
    OSS_SWITCH : 0
    IS_RESTARTED : 0

    Number of Geometries  : 1546
    Mesh 0 :
        Number of Nodes       : 3240
        Number of Properties  : 1
        Number of Elements    : 1546
        Number of Conditions  : 0
        Number of Constraints : 0

    -dirichlet- model part
        Number of tables : 0
        Number of sub model parts : 0

        Number of Geometries  : 0
        Mesh 0 :
            Number of Nodes       : 156
            Number of Properties  : 0
            Number of Elements    : 0
            Number of Conditions  : 0
            Number of Constraints : 0
    -material- model part
        Number of tables : 0
        Number of sub model parts : 0

        Number of Geometries  : 1546
        Mesh 0 :
            Number of Nodes       : 3240
            Number of Properties  : 0
            Number of Elements    : 1546
            Number of Conditions  : 0
            Number of Constraints : 0
 
::[PythonSolver]:: : Finished reading model part. 
Read materials: Started
Read materials: Finished
::[MechanicalSolver]:: : Constitutive law was successfully imported. 
::[MechanicalSolver]::: ModelPart prepared for Solver. 
::[MechanicalSolver]:: : DOF's ADDED 
::[MechanicalSolver]:: : Initializing ... 
Importing    LinearSolversApplication 
    Kratos  _     _                       ____        _
           | |   (_)_ __   ___  __ _ _ __/ ___|  ___ | |_   _____ _ __ ___
           | |   | | '_ \ / _ \/ _` | '__\___ \ / _ \| \ \ / / _ \ '__/ __|
           | |___| | | | |  __/ (_| | |   ___) | (_) | |\ V /  __/ |  \__ \
           |_____|_|_| |_|\___|\__,_|_|  |____/ \___/|_| \_/ \___|_|  |___/
Initializing KratosLinearSolversApplication...
Linear-Solver-Factory: Constructing a regular (non-complex) linear-solver 
::[MechanicalSolver]:: : Finished initialization. 
Analysis: Analysis -START-  
[WARNING] DEPRECATION-Warning; MechanicalSolver: Using "line_search", please move it to "solving_strategy_settings" as "type" 
::[MechanicalSolver]:: : Construction finished 
::[StaticMechanicalSolver]:: : Construction finished 
::[MechanicalSolver]:: : Variables ADDED 
[WARNING] Model: Trying to create a root modelpart with na |  /           |                  
 ' /   __| _` | __|  _ \   __|    
 . \  |   (   | |   (   |\__ \  
_|\_\_|  \__,_|\__|\___/ ____/
           Multi-Physics 10.3."0"-master-532e0dba7df-Release-x86_64
           Compiled for GNU/Linux and Python3.12 with GCC-13.3
Compiled with threading support. Threading support with OpenMP.
Maximum number of threads: 1.
Importing    KratosStructuralMechanicsApplication 
    KRATOS   ___|  |                   |                   |
           \___ \  __|  __| |   |  __| __| |   |  __| _` | |
                 | |   |    |   | (    |   |   | |   (   | |
           _____/ \__|_|   \__,_|\___|\__|\__,_|_|  \__,_|_| MECHANICS
Initializing KratosStructuralMechanicsApplication...
Importing    KratosConstitutiveLawsApplication 
Initializing KratosConstitutiveLawsApplication...
[WARNING] DEPRECATION-Warning; MechanicalSolver: Using "line_search", please move it to "solving_strategy_settings" as "type" 
::[MechanicalSolver]:: : Construction finished 
::[StaticMechanicalSolver]:: : Construction finished 
::[MechanicalSolver]:: : Variables ADDED 
[WARNING] Model: Trying to create a root modelpart with name Structure however a ModelPart with the same name already exists. 
Returning the already existent ModelPart.
SingleImportModelPart: Reading model part from file: "/home/sares/ML_assisted_CLs_clean/coupon_fe2_paper/03_data/rve_mesh".mdpa
ModelPartIO:   [Reading Nodes    : 3240 nodes read]
ModelPartIO:   [Reading Geometries : 1546 geometries read] [Type: Triangle2D6]
ModelPartIO:   [Total Lines Read : 9751]
SingleImportModelPart: Finished reading model part from mdpa file.
::[PythonSolver]::: Reading model part. 
::[PythonSolver]::: Using already imported model part - no reading necessary. 
ModelPart: -Structure- model part
    Buffer Size : 1
    Number of tables : 0
    Number of sub model parts : 2
    Current solution step index : 0
    DOMAIN_SIZE : 2
    OSS_SWITCH : 0
    IS_RESTARTED : 0

    Number of Geometries  : 1546
    Mesh 0 :
        Number of Nodes       : 3240
        Number of Properties  : 1
        Number of Elements    : 1546
        Number of Conditions  : 0
        Number of Constraints : 0

    -dirichlet- model part
        Number of tables : 0
        Number of sub model parts : 0

        Number of Geometries  : 0
        Mesh 0 :
            Number of Nodes       : 156
            Number of Properties  : 0
            Number of Elements    : 0
            Number of Conditions  : 0
            Number of Constraints : 0
    -material- model part
        Number of tables : 0
        Number of sub model parts : 0

        Number of Geometries  : 1546
        Mesh 0 :
            Number of Nodes       : 3240
            Number of Properties  : 0
            Number of Elements    : 1546
            Number of Conditions  : 0
            Number of Constraints : 0
 
::[PythonSolver]:: : Finished reading model part. 
Read materials: Started
Read materials: Finished
::[MechanicalSolver]:: : Constitutive law was successfully imported. 
::[MechanicalSolver]::: ModelPart prepared for Solver. 
::[MechanicalSolver]:: : DOF's ADDED 
::[MechanicalSolver]:: : Initializing ... 
Importing    LinearSolversApplication 
    Kratos  _     _                       ____        _
           | |   (_)_ __   ___  __ _ _ __/ ___|  ___ | |_   _____ _ __ ___
           | |   | | '_ \ / _ \/ _` | '__\___ \ / _ \| \ \ / / _ \ '__/ __|
           | |___| | | | |  __/ (_| | |   ___) | (_) | |\ V /  __/ |  \__ \
           |_____|_|_| |_|\___|\__,_|_|  |____/ \___/|_| \_/ \___|_|  |___/
Initializing KratosLinearSolversApplication...
Linear-Solver-Factory: Constructing a regular (non-complex) linear-solver 
::[MechanicalSolver]:: : Finished initialization. 
Analysis: Analysis -START-  
[WARNING] DEPRECATION-Warning; MechanicalSolver: Using "line_search", please move it to "solving_strategy_settings" as "type" 
::[MechanicalSolver]:: : Construction finished 
::[StaticMechanicalSolver]:: : Construction finished 
::[MechanicalSolver]:: : Variables ADDED 
[WARNING] Model: Trying to create a root modelpart with na |  /           |                  
 ' /   __| _` | __|  _ \   __|    
 . \  |   (   | |   (   |\__ \  
_|\_\_|  \__,_|\__|\___/ ____/
           Multi-Physics 10.3."0"-master-532e0dba7df-Release-x86_64
           Compiled for GNU/Linux and Python3.12 with GCC-13.3
Compiled with threading support. Threading support with OpenMP.
Maximum number of threads: 1.
Importing    KratosStructuralMechanicsApplication 
    KRATOS   ___|  |                   |                   |
           \___ \  __|  __| |   |  __| __| |   |  __| _` | |
                 | |   |    |   | (    |   |   | |   (   | |
           _____/ \__|_|   \__,_|\___|\__|\__,_|_|  \__,_|_| MECHANICS
Initializing KratosStructuralMechanicsApplication...
Importing    KratosConstitutiveLawsApplication 
Initializing KratosConstitutiveLawsApplication...
[WARNING] DEPRECATION-Warning; MechanicalSolver: Using "line_search", please move it to "solving_strategy_settings" as "type" 
::[MechanicalSolver]:: : Construction finished 
::[StaticMechanicalSolver]:: : Construction finished 
::[MechanicalSolver]:: : Variables ADDED 
[WARNING] Model: Trying to create a root modelpart with name Structure however a ModelPart with the same name already exists. 
Returning the already existent ModelPart.
SingleImportModelPart: Reading model part from file: "/home/sares/ML_assisted_CLs_clean/coupon_fe2_paper/03_data/rve_mesh".mdpa
ModelPartIO:   [Reading Nodes    : 3240 nodes read]
ModelPartIO:   [Reading Geometries : 1546 geometries read] [Type: Triangle2D6]
ModelPartIO:   [Total Lines Read : 9751]
SingleImportModelPart: Finished reading model part from mdpa file.
::[PythonSolver]::: Reading model part. 
::[PythonSolver]::: Using already imported model part - no reading necessary. 
ModelPart: -Structure- model part
    Buffer Size : 1
    Number of tables : 0
    Number of sub model parts : 2
    Current solution step index : 0
    DOMAIN_SIZE : 2
    OSS_SWITCH : 0
    IS_RESTARTED : 0

    Number of Geometries  : 1546
    Mesh 0 :
        Number of Nodes       : 3240
        Number of Properties  : 1
        Number of Elements    : 1546
        Number of Conditions  : 0
        Number of Constraints : 0

    -dirichlet- model part
        Number of tables : 0
        Number of sub model parts : 0

        Number of Geometries  : 0
        Mesh 0 :
            Number of Nodes       : 156
            Number of Properties  : 0
            Number of Elements    : 0
            Number of Conditions  : 0
            Number of Constraints : 0
    -material- model part
        Number of tables : 0
        Number of sub model parts : 0

        Number of Geometries  : 1546
        Mesh 0 :
            Number of Nodes       : 3240
            Number of Properties  : 0
            Number of Elements    : 1546
            Number of Conditions  : 0
            Number of Constraints : 0
 
::[PythonSolver]:: : Finished reading model part. 
Read materials: Started
Read materials: Finished
::[MechanicalSolver]:: : Constitutive law was successfully imported. 
::[MechanicalSolver]::: ModelPart prepared for Solver. 
::[MechanicalSolver]:: : DOF's ADDED 
::[MechanicalSolver]:: : Initializing ... 
Importing    LinearSolversApplication 
    Kratos  _     _                       ____        _
           | |   (_)_ __   ___  __ _ _ __/ ___|  ___ | |_   _____ _ __ ___
           | |   | | '_ \ / _ \/ _` | '__\___ \ / _ \| \ \ / / _ \ '__/ __|
           | |___| | | | |  __/ (_| | |   ___) | (_) | |\ V /  __/ |  \__ \
           |_____|_|_| |_|\___|\__,_|_|  |____/ \___/|_| \_/ \___|_|  |___/
Initializing KratosLinearSolversApplication...
Linear-Solver-Factory: Constructing a regular (non-complex) linear-solver 
::[MechanicalSolver]:: : Finished initialization. 
Analysis: Analysis -START-  
[WARNING] DEPRECATION-Warning; MechanicalSolver: Using "line_search", please move it to "solving_strategy_settings" as "type" 
::[MechanicalSolver]:: : Construction finished 
::[StaticMechanicalSolver]:: : Construction finished 
::[MechanicalSolver]:: : Variables ADDED 
[WARNING] Model: Trying to create a root modelpart with na |  /           |                  
 ' /   __| _` | __|  _ \   __|    
 . \  |   (   | |   (   |\__ \  
_|\_\_|  \__,_|\__|\___/ ____/
           Multi-Physics 10.3."0"-master-532e0dba7df-Release-x86_64
           Compiled for GNU/Linux and Python3.12 with GCC-13.3
Compiled with threading support. Threading support with OpenMP.
Maximum number of threads: 1.
Importing    KratosStructuralMechanicsApplication 
    KRATOS   ___|  |                   |                   |
           \___ \  __|  __| |   |  __| __| |   |  __| _` | |
                 | |   |    |   | (    |   |   | |   (   | |
           _____/ \__|_|   \__,_|\___|\__|\__,_|_|  \__,_|_| MECHANICS
Initializing KratosStructuralMechanicsApplication...
Importing    KratosConstitutiveLawsApplication 
Initializing KratosConstitutiveLawsApplication...
[WARNING] DEPRECATION-Warning; MechanicalSolver: Using "line_search", please move it to "solving_strategy_settings" as "type" 
::[MechanicalSolver]:: : Construction finished 
::[StaticMechanicalSolver]:: : Construction finished 
::[MechanicalSolver]:: : Variables ADDED 
[WARNING] Model: Trying to create a root modelpart with name Structure however a ModelPart with the same name already exists. 
Returning the already existent ModelPart.
SingleImportModelPart: Reading model part from file: "/home/sares/ML_assisted_CLs_clean/coupon_fe2_paper/03_data/rve_mesh".mdpa
ModelPartIO:   [Reading Nodes    : 3240 nodes read]
ModelPartIO:   [Reading Geometries : 1546 geometries read] [Type: Triangle2D6]
ModelPartIO:   [Total Lines Read : 9751]
SingleImportModelPart: Finished reading model part from mdpa file.
::[PythonSolver]::: Reading model part. 
::[PythonSolver]::: Using already imported model part - no reading necessary. 
ModelPart: -Structure- model part
    Buffer Size : 1
    Number of tables : 0
    Number of sub model parts : 2
    Current solution step index : 0
    DOMAIN_SIZE : 2
    OSS_SWITCH : 0
    IS_RESTARTED : 0

    Number of Geometries  : 1546
    Mesh 0 :
        Number of Nodes       : 3240
        Number of Properties  : 1
        Number of Elements    : 1546
        Number of Conditions  : 0
        Number of Constraints : 0

    -dirichlet- model part
        Number of tables : 0
        Number of sub model parts : 0

        Number of Geometries  : 0
        Mesh 0 :
            Number of Nodes       : 156
            Number of Properties  : 0
            Number of Elements    : 0
            Number of Conditions  : 0
            Number of Constraints : 0
    -material- model part
        Number of tables : 0
        Number of sub model parts : 0

        Number of Geometries  : 1546
        Mesh 0 :
            Number of Nodes       : 3240
            Number of Properties  : 0
            Number of Elements    : 1546
            Number of Conditions  : 0
            Number of Constraints : 0
 
::[PythonSolver]:: : Finished reading model part. 
Read materials: Started
Read materials: Finished
::[MechanicalSolver]:: : Constitutive law was successfully imported. 
::[MechanicalSolver]::: ModelPart prepared for Solver. 
::[MechanicalSolver]:: : DOF's ADDED 
::[MechanicalSolver]:: : Initializing ... 
Importing    LinearSolversApplication 
    Kratos  _     _                       ____        _
           | |   (_)_ __   ___  __ _ _ __/ ___|  ___ | |_   _____ _ __ ___
           | |   | | '_ \ / _ \/ _` | '__\___ \ / _ \| \ \ / / _ \ '__/ __|
           | |___| | | | |  __/ (_| | |   ___) | (_) | |\ V /  __/ |  \__ \
           |_____|_|_| |_|\___|\__,_|_|  |____/ \___/|_| \_/ \___|_|  |___/
Initializing KratosLinearSolversApplication...
Linear-Solver-Factory: Constructing a regular (non-complex) linear-solver 
::[MechanicalSolver]:: : Finished initialization. 
Analysis: Analysis -START-  
[WARNING] DEPRECATION-Warning; MechanicalSolver: Using "line_search", please move it to "solving_strategy_settings" as "type" 
::[MechanicalSolver]:: : Construction finished 
::[StaticMechanicalSolver]:: : Construction finished 
::[MechanicalSolver]:: : Variables ADDED 
[WARNING] Model: Trying to create a root modelpart with na |  /           |                  
 ' /   __| _` | __|  _ \   __|    
 . \  |   (   | |   (   |\__ \  
_|\_\_|  \__,_|\__|\___/ ____/
           Multi-Physics 10.3."0"-master-532e0dba7df-Release-x86_64
           Compiled for GNU/Linux and Python3.12 with GCC-13.3
Compiled with threading support. Threading support with OpenMP.
Maximum number of threads: 1.
Importing    KratosStructuralMechanicsApplication 
    KRATOS   ___|  |                   |                   |
           \___ \  __|  __| |   |  __| __| |   |  __| _` | |
                 | |   |    |   | (    |   |   | |   (   | |
           _____/ \__|_|   \__,_|\___|\__|\__,_|_|  \__,_|_| MECHANICS
Initializing KratosStructuralMechanicsApplication...
Importing    KratosConstitutiveLawsApplication 
Initializing KratosConstitutiveLawsApplication...
[WARNING] DEPRECATION-Warning; MechanicalSolver: Using "line_search", please move it to "solving_strategy_settings" as "type" 
::[MechanicalSolver]:: : Construction finished 
::[StaticMechanicalSolver]:: : Construction finished 
::[MechanicalSolver]:: : Variables ADDED 
[WARNING] Model: Trying to create a root modelpart with name Structure however a ModelPart with the same name already exists. 
Returning the already existent ModelPart.
SingleImportModelPart: Reading model part from file: "/home/sares/ML_assisted_CLs_clean/coupon_fe2_paper/03_data/rve_mesh".mdpa
ModelPartIO:   [Reading Nodes    : 3240 nodes read]
ModelPartIO:   [Reading Geometries : 1546 geometries read] [Type: Triangle2D6]
ModelPartIO:   [Total Lines Read : 9751]
SingleImportModelPart: Finished reading model part from mdpa file.
::[PythonSolver]::: Reading model part. 
::[PythonSolver]::: Using already imported model part - no reading necessary. 
ModelPart: -Structure- model part
    Buffer Size : 1
    Number of tables : 0
    Number of sub model parts : 2
    Current solution step index : 0
    DOMAIN_SIZE : 2
    OSS_SWITCH : 0
    IS_RESTARTED : 0

    Number of Geometries  : 1546
    Mesh 0 :
        Number of Nodes       : 3240
        Number of Properties  : 1
        Number of Elements    : 1546
        Number of Conditions  : 0
        Number of Constraints : 0

    -dirichlet- model part
        Number of tables : 0
        Number of sub model parts : 0

        Number of Geometries  : 0
        Mesh 0 :
            Number of Nodes       : 156
            Number of Properties  : 0
            Number of Elements    : 0
            Number of Conditions  : 0
            Number of Constraints : 0
    -material- model part
        Number of tables : 0
        Number of sub model parts : 0

        Number of Geometries  : 1546
        Mesh 0 :
            Number of Nodes       : 3240
            Number of Properties  : 0
            Number of Elements    : 1546
            Number of Conditions  : 0
            Number of Constraints : 0
 
::[PythonSolver]:: : Finished reading model part. 
Read materials: Started
Read materials: Finished
::[MechanicalSolver]:: : Constitutive law was successfully imported. 
::[MechanicalSolver]::: ModelPart prepared for Solver. 
::[MechanicalSolver]:: : DOF's ADDED 
::[MechanicalSolver]:: : Initializing ... 
Importing    LinearSolversApplication 
    Kratos  _     _                       ____        _
           | |   (_)_ __   ___  __ _ _ __/ ___|  ___ | |_   _____ _ __ ___
           | |   | | '_ \ / _ \/ _` | '__\___ \ / _ \| \ \ / / _ \ '__/ __|
           | |___| | | | |  __/ (_| | |   ___) | (_) | |\ V /  __/ |  \__ \
           |_____|_|_| |_|\___|\__,_|_|  |____/ \___/|_| \_/ \___|_|  |___/
Initializing KratosLinearSolversApplication...
Linear-Solver-Factory: Constructing a regular (non-complex) linear-solver 
::[MechanicalSolver]:: : Finished initialization. 
Analysis: Analysis -START-  
[WARNING] DEPRECATION-Warning; MechanicalSolver: Using "line_search", please move it to "solving_strategy_settings" as "type" 
::[MechanicalSolver]:: : Construction finished 
::[StaticMechanicalSolver]:: : Construction finished 
::[MechanicalSolver]:: : Variables ADDED 
[WARNING] Model: Trying to create a root modelpart with na |  /           |                  
 ' /   __| _` | __|  _ \   __|    
 . \  |   (   | |   (   |\__ \  
_|\_\_|  \__,_|\__|\___/ ____/
           Multi-Physics 10.3."0"-master-532e0dba7df-Release-x86_64
           Compiled for GNU/Linux and Python3.12 with GCC-13.3
Compiled with threading support. Threading support with OpenMP.
Maximum number of threads: 1.
Importing    KratosStructuralMechanicsApplication 
    KRATOS   ___|  |                   |                   |
           \___ \  __|  __| |   |  __| __| |   |  __| _` | |
                 | |   |    |   | (    |   |   | |   (   | |
           _____/ \__|_|   \__,_|\___|\__|\__,_|_|  \__,_|_| MECHANICS
Initializing KratosStructuralMechanicsApplication...
Importing    KratosConstitutiveLawsApplication 
Initializing KratosConstitutiveLawsApplication...
[WARNING] DEPRECATION-Warning; MechanicalSolver: Using "line_search", please move it to "solving_strategy_settings" as "type" 
::[MechanicalSolver]:: : Construction finished 
::[StaticMechanicalSolver]:: : Construction finished 
::[MechanicalSolver]:: : Variables ADDED 
[WARNING] Model: Trying to create a root modelpart with name Structure however a ModelPart with the same name already exists. 
Returning the already existent ModelPart.
SingleImportModelPart: Reading model part from file: "/home/sares/ML_assisted_CLs_clean/coupon_fe2_paper/03_data/rve_mesh".mdpa
ModelPartIO:   [Reading Nodes    : 3240 nodes read]
ModelPartIO:   [Reading Geometries : 1546 geometries read] [Type: Triangle2D6]
ModelPartIO:   [Total Lines Read : 9751]
SingleImportModelPart: Finished reading model part from mdpa file.
::[PythonSolver]::: Reading model part. 
::[PythonSolver]::: Using already imported model part - no reading necessary. 
ModelPart: -Structure- model part
    Buffer Size : 1
    Number of tables : 0
    Number of sub model parts : 2
    Current solution step index : 0
    DOMAIN_SIZE : 2
    OSS_SWITCH : 0
    IS_RESTARTED : 0

    Number of Geometries  : 1546
    Mesh 0 :
        Number of Nodes       : 3240
        Number of Properties  : 1
        Number of Elements    : 1546
        Number of Conditions  : 0
        Number of Constraints : 0

    -dirichlet- model part
        Number of tables : 0
        Number of sub model parts : 0

        Number of Geometries  : 0
        Mesh 0 :
            Number of Nodes       : 156
            Number of Properties  : 0
            Number of Elements    : 0
            Number of Conditions  : 0
            Number of Constraints : 0
    -material- model part
        Number of tables : 0
        Number of sub model parts : 0

        Number of Geometries  : 1546
        Mesh 0 :
            Number of Nodes       : 3240
            Number of Properties  : 0
            Number of Elements    : 1546
            Number of Conditions  : 0
            Number of Constraints : 0
 
::[PythonSolver]:: : Finished reading model part. 
Read materials: Started
Read materials: Finished
::[MechanicalSolver]:: : Constitutive law was successfully imported. 
::[MechanicalSolver]::: ModelPart prepared for Solver. 
::[MechanicalSolver]:: : DOF's ADDED 
::[MechanicalSolver]:: : Initializing ... 
Importing    LinearSolversApplication 
    Kratos  _     _                       ____        _
           | |   (_)_ __   ___  __ _ _ __/ ___|  ___ | |_   _____ _ __ ___
           | |   | | '_ \ / _ \/ _` | '__\___ \ / _ \| \ \ / / _ \ '__/ __|
           | |___| | | | |  __/ (_| | |   ___) | (_) | |\ V /  __/ |  \__ \
           |_____|_|_| |_|\___|\__,_|_|  |____/ \___/|_| \_/ \___|_|  |___/
Initializing KratosLinearSolversApplication...
Linear-Solver-Factory: Constructing a regular (non-complex) linear-solver 
::[MechanicalSolver]:: : Finished initialization. 
Analysis: Analysis -START-  
[WARNING] DEPRECATION-Warning; MechanicalSolver: Using "line_search", please move it to "solving_strategy_settings" as "type" 
::[MechanicalSolver]:: : Construction finished 
::[StaticMechanicalSolver]:: : Construction finished 
::[MechanicalSolver]:: : Variables ADDED 
[WARNING] Model: Trying to create a root modelpart with na |  /           |                  
 ' /   __| _` | __|  _ \   __|    
 . \  |   (   | |   (   |\__ \  
_|\_\_|  \__,_|\__|\___/ ____/
           Multi-Physics 10.3."0"-master-532e0dba7df-Release-x86_64
           Compiled for GNU/Linux and Python3.12 with GCC-13.3
Compiled with threading support. Threading support with OpenMP.
Maximum number of threads: 1.
Importing    KratosStructuralMechanicsApplication 
    KRATOS   ___|  |                   |                   |
           \___ \  __|  __| |   |  __| __| |   |  __| _` | |
                 | |   |    |   | (    |   |   | |   (   | |
           _____/ \__|_|   \__,_|\___|\__|\__,_|_|  \__,_|_| MECHANICS
Initializing KratosStructuralMechanicsApplication...
Importing    KratosConstitutiveLawsApplication 
Initializing KratosConstitutiveLawsApplication...
[WARNING] DEPRECATION-Warning; MechanicalSolver: Using "line_search", please move it to "solving_strategy_settings" as "type" 
::[MechanicalSolver]:: : Construction finished 
::[StaticMechanicalSolver]:: : Construction finished 
::[MechanicalSolver]:: : Variables ADDED 
[WARNING] Model: Trying to create a root modelpart with name Structure however a ModelPart with the same name already exists. 
Returning the already existent ModelPart.
SingleImportModelPart: Reading model part from file: "/home/sares/ML_assisted_CLs_clean/coupon_fe2_paper/03_data/rve_mesh".mdpa
ModelPartIO:   [Reading Nodes    : 3240 nodes read]
ModelPartIO:   [Reading Geometries : 1546 geometries read] [Type: Triangle2D6]
ModelPartIO:   [Total Lines Read : 9751]
SingleImportModelPart: Finished reading model part from mdpa file.
::[PythonSolver]::: Reading model part. 
::[PythonSolver]::: Using already imported model part - no reading necessary. 
ModelPart: -Structure- model part
    Buffer Size : 1
    Number of tables : 0
    Number of sub model parts : 2
    Current solution step index : 0
    DOMAIN_SIZE : 2
    OSS_SWITCH : 0
    IS_RESTARTED : 0

    Number of Geometries  : 1546
    Mesh 0 :
        Number of Nodes       : 3240
        Number of Properties  : 1
        Number of Elements    : 1546
        Number of Conditions  : 0
        Number of Constraints : 0

    -dirichlet- model part
        Number of tables : 0
        Number of sub model parts : 0

        Number of Geometries  : 0
        Mesh 0 :
            Number of Nodes       : 156
            Number of Properties  : 0
            Number of Elements    : 0
            Number of Conditions  : 0
            Number of Constraints : 0
    -material- model part
        Number of tables : 0
        Number of sub model parts : 0

        Number of Geometries  : 1546
        Mesh 0 :
            Number of Nodes       : 3240
            Number of Properties  : 0
            Number of Elements    : 1546
            Number of Conditions  : 0
            Number of Constraints : 0
 
::[PythonSolver]:: : Finished reading model part. 
Read materials: Started
Read materials: Finished
::[MechanicalSolver]:: : Constitutive law was successfully imported. 
::[MechanicalSolver]::: ModelPart prepared for Solver. 
::[MechanicalSolver]:: : DOF's ADDED 
::[MechanicalSolver]:: : Initializing ... 
Importing    LinearSolversApplication 
    Kratos  _     _                       ____        _
           | |   (_)_ __   ___  __ _ _ __/ ___|  ___ | |_   _____ _ __ ___
           | |   | | '_ \ / _ \/ _` | '__\___ \ / _ \| \ \ / / _ \ '__/ __|
           | |___| | | | |  __/ (_| | |   ___) | (_) | |\ V /  __/ |  \__ \
           |_____|_|_| |_|\___|\__,_|_|  |____/ \___/|_| \_/ \___|_|  |___/
Initializing KratosLinearSolversApplication...
Linear-Solver-Factory: Constructing a regular (non-complex) linear-solver 
::[MechanicalSolver]:: : Finished initialization. 
Analysis: Analysis -START-  
[WARNING] DEPRECATION-Warning; MechanicalSolver: Using "line_search", please move it to "solving_strategy_settings" as "type" 
::[MechanicalSolver]:: : Construction finished 
::[StaticMechanicalSolver]:: : Construction finished 
::[MechanicalSolver]:: : Variables ADDED 
[WARNING] Model: Trying to create a root modelpart with na |  /           |                  
 ' /   __| _` | __|  _ \   __|    
 . \  |   (   | |   (   |\__ \  
_|\_\_|  \__,_|\__|\___/ ____/
           Multi-Physics 10.3."0"-master-532e0dba7df-Release-x86_64
           Compiled for GNU/Linux and Python3.12 with GCC-13.3
Compiled with threading support. Threading support with OpenMP.
Maximum number of threads: 1.
Importing    KratosStructuralMechanicsApplication 
    KRATOS   ___|  |                   |                   |
           \___ \  __|  __| |   |  __| __| |   |  __| _` | |
                 | |   |    |   | (    |   |   | |   (   | |
           _____/ \__|_|   \__,_|\___|\__|\__,_|_|  \__,_|_| MECHANICS
Initializing KratosStructuralMechanicsApplication...
Importing    KratosConstitutiveLawsApplication 
Initializing KratosConstitutiveLawsApplication...
[WARNING] DEPRECATION-Warning; MechanicalSolver: Using "line_search", please move it to "solving_strategy_settings" as "type" 
::[MechanicalSolver]:: : Construction finished 
::[StaticMechanicalSolver]:: : Construction finished 
::[MechanicalSolver]:: : Variables ADDED 
[WARNING] Model: Trying to create a root modelpart with name Structure however a ModelPart with the same name already exists. 
Returning the already existent ModelPart.
SingleImportModelPart: Reading model part from file: "/home/sares/ML_assisted_CLs_clean/coupon_fe2_paper/03_data/rve_mesh".mdpa
ModelPartIO:   [Reading Nodes    : 3240 nodes read]
ModelPartIO:   [Reading Geometries : 1546 geometries read] [Type: Triangle2D6]
ModelPartIO:   [Total Lines Read : 9751]
SingleImportModelPart: Finished reading model part from mdpa file.
::[PythonSolver]::: Reading model part. 
::[PythonSolver]::: Using already imported model part - no reading necessary. 
ModelPart: -Structure- model part
    Buffer Size : 1
    Number of tables : 0
    Number of sub model parts : 2
    Current solution step index : 0
    DOMAIN_SIZE : 2
    OSS_SWITCH : 0
    IS_RESTARTED : 0

    Number of Geometries  : 1546
    Mesh 0 :
        Number of Nodes       : 3240
        Number of Properties  : 1
        Number of Elements    : 1546
        Number of Conditions  : 0
        Number of Constraints : 0

    -dirichlet- model part
        Number of tables : 0
        Number of sub model parts : 0

        Number of Geometries  : 0
        Mesh 0 :
            Number of Nodes       : 156
            Number of Properties  : 0
            Number of Elements    : 0
            Number of Conditions  : 0
            Number of Constraints : 0
    -material- model part
        Number of tables : 0
        Number of sub model parts : 0

        Number of Geometries  : 1546
        Mesh 0 :
            Number of Nodes       : 3240
            Number of Properties  : 0
            Number of Elements    : 1546
            Number of Conditions  : 0
            Number of Constraints : 0
 
::[PythonSolver]:: : Finished reading model part. 
Read materials: Started
Read materials: Finished
::[MechanicalSolver]:: : Constitutive law was successfully imported. 
::[MechanicalSolver]::: ModelPart prepared for Solver. 
::[MechanicalSolver]:: : DOF's ADDED 
::[MechanicalSolver]:: : Initializing ... 
Importing    LinearSolversApplication 
    Kratos  _     _                       ____        _
           | |   (_)_ __   ___  __ _ _ __/ ___|  ___ | |_   _____ _ __ ___
           | |   | | '_ \ / _ \/ _` | '__\___ \ / _ \| \ \ / / _ \ '__/ __|
           | |___| | | | |  __/ (_| | |   ___) | (_) | |\ V /  __/ |  \__ \
           |_____|_|_| |_|\___|\__,_|_|  |____/ \___/|_| \_/ \___|_|  |___/
Initializing KratosLinearSolversApplication...
Linear-Solver-Factory: Constructing a regular (non-complex) linear-solver 
::[MechanicalSolver]:: : Finished initialization. 
Analysis: Analysis -START-  
[WARNING] DEPRECATION-Warning; MechanicalSolver: Using "line_search", please move it to "solving_strategy_settings" as "type" 
::[MechanicalSolver]:: : Construction finished 
::[StaticMechanicalSolver]:: : Construction finished 
::[MechanicalSolver]:: : Variables ADDED 
[WARNING] Model: Trying to create a root modelpart with na |  /           |                  
 ' /   __| _` | __|  _ \   __|    
 . \  |   (   | |   (   |\__ \  
_|\_\_|  \__,_|\__|\___/ ____/
           Multi-Physics 10.3."0"-master-532e0dba7df-Release-x86_64
           Compiled for GNU/Linux and Python3.12 with GCC-13.3
Compiled with threading support. Threading support with OpenMP.
Maximum number of threads: 1.
Importing    KratosStructuralMechanicsApplication 
    KRATOS   ___|  |                   |                   |
           \___ \  __|  __| |   |  __| __| |   |  __| _` | |
                 | |   |    |   | (    |   |   | |   (   | |
           _____/ \__|_|   \__,_|\___|\__|\__,_|_|  \__,_|_| MECHANICS
Initializing KratosStructuralMechanicsApplication...
Importing    KratosConstitutiveLawsApplication 
Initializing KratosConstitutiveLawsApplication...
[WARNING] DEPRECATION-Warning; MechanicalSolver: Using "line_search", please move it to "solving_strategy_settings" as "type" 
::[MechanicalSolver]:: : Construction finished 
::[StaticMechanicalSolver]:: : Construction finished 
::[MechanicalSolver]:: : Variables ADDED 
[WARNING] Model: Trying to create a root modelpart with name Structure however a ModelPart with the same name already exists. 
Returning the already existent ModelPart.
SingleImportModelPart: Reading model part from file: "/home/sares/ML_assisted_CLs_clean/coupon_fe2_paper/03_data/rve_mesh".mdpa
ModelPartIO:   [Reading Nodes    : 3240 nodes read]
ModelPartIO:   [Reading Geometries : 1546 geometries read] [Type: Triangle2D6]
ModelPartIO:   [Total Lines Read : 9751]
SingleImportModelPart: Finished reading model part from mdpa file.
::[PythonSolver]::: Reading model part. 
::[PythonSolver]::: Using already imported model part - no reading necessary. 
ModelPart: -Structure- model part
    Buffer Size : 1
    Number of tables : 0
    Number of sub model parts : 2
    Current solution step index : 0
    DOMAIN_SIZE : 2
    OSS_SWITCH : 0
    IS_RESTARTED : 0

    Number of Geometries  : 1546
    Mesh 0 :
        Number of Nodes       : 3240
        Number of Properties  : 1
        Number of Elements    : 1546
        Number of Conditions  : 0
        Number of Constraints : 0

    -dirichlet- model part
        Number of tables : 0
        Number of sub model parts : 0

        Number of Geometries  : 0
        Mesh 0 :
            Number of Nodes       : 156
            Number of Properties  : 0
            Number of Elements    : 0
            Number of Conditions  : 0
            Number of Constraints : 0
    -material- model part
        Number of tables : 0
        Number of sub model parts : 0

        Number of Geometries  : 1546
        Mesh 0 :
            Number of Nodes       : 3240
            Number of Properties  : 0
            Number of Elements    : 1546
            Number of Conditions  : 0
            Number of Constraints : 0
 
::[PythonSolver]:: : Finished reading model part. 
Read materials: Started
Read materials: Finished
::[MechanicalSolver]:: : Constitutive law was successfully imported. 
::[MechanicalSolver]::: ModelPart prepared for Solver. 
::[MechanicalSolver]:: : DOF's ADDED 
::[MechanicalSolver]:: : Initializing ... 
Importing    LinearSolversApplication 
    Kratos  _     _                       ____        _
           | |   (_)_ __   ___  __ _ _ __/ ___|  ___ | |_   _____ _ __ ___
           | |   | | '_ \ / _ \/ _` | '__\___ \ / _ \| \ \ / / _ \ '__/ __|
           | |___| | | | |  __/ (_| | |   ___) | (_) | |\ V /  __/ |  \__ \
           |_____|_|_| |_|\___|\__,_|_|  |____/ \___/|_| \_/ \___|_|  |___/
Initializing KratosLinearSolversApplication...
Linear-Solver-Factory: Constructing a regular (non-complex) linear-solver 
::[MechanicalSolver]:: : Finished initialization. 
Analysis: Analysis -START-  
[WARNING] DEPRECATION-Warning; MechanicalSolver: Using "line_search", please move it to "solving_strategy_settings" as "type" 
::[MechanicalSolver]:: : Construction finished 
::[StaticMechanicalSolver]:: : Construction finished 
::[MechanicalSolver]:: : Variables ADDED 
[WARNING] Model: Trying to create a root modelpart with na |  /           |                  
 ' /   __| _` | __|  _ \   __|    
 . \  |   (   | |   (   |\__ \  
_|\_\_|  \__,_|\__|\___/ ____/
           Multi-Physics 10.3."0"-master-532e0dba7df-Release-x86_64
           Compiled for GNU/Linux and Python3.12 with GCC-13.3
Compiled with threading support. Threading support with OpenMP.
Maximum number of threads: 1.
Importing    KratosStructuralMechanicsApplication 
    KRATOS   ___|  |                   |                   |
           \___ \  __|  __| |   |  __| __| |   |  __| _` | |
                 | |   |    |   | (    |   |   | |   (   | |
           _____/ \__|_|   \__,_|\___|\__|\__,_|_|  \__,_|_| MECHANICS
Initializing KratosStructuralMechanicsApplication...
Importing    KratosConstitutiveLawsApplication 
Initializing KratosConstitutiveLawsApplication...
[WARNING] DEPRECATION-Warning; MechanicalSolver: Using "line_search", please move it to "solving_strategy_settings" as "type" 
::[MechanicalSolver]:: : Construction finished 
::[StaticMechanicalSolver]:: : Construction finished 
::[MechanicalSolver]:: : Variables ADDED 
[WARNING] Model: Trying to create a root modelpart with name Structure however a ModelPart with the same name already exists. 
Returning the already existent ModelPart.
SingleImportModelPart: Reading model part from file: "/home/sares/ML_assisted_CLs_clean/coupon_fe2_paper/03_data/rve_mesh".mdpa
ModelPartIO:   [Reading Nodes    : 3240 nodes read]
ModelPartIO:   [Reading Geometries : 1546 geometries read] [Type: Triangle2D6]
ModelPartIO:   [Total Lines Read : 9751]
SingleImportModelPart: Finished reading model part from mdpa file.
::[PythonSolver]::: Reading model part. 
::[PythonSolver]::: Using already imported model part - no reading necessary. 
ModelPart: -Structure- model part
    Buffer Size : 1
    Number of tables : 0
    Number of sub model parts : 2
    Current solution step index : 0
    DOMAIN_SIZE : 2
    OSS_SWITCH : 0
    IS_RESTARTED : 0

    Number of Geometries  : 1546
    Mesh 0 :
        Number of Nodes       : 3240
        Number of Properties  : 1
        Number of Elements    : 1546
        Number of Conditions  : 0
        Number of Constraints : 0

    -dirichlet- model part
        Number of tables : 0
        Number of sub model parts : 0

        Number of Geometries  : 0
        Mesh 0 :
            Number of Nodes       : 156
            Number of Properties  : 0
            Number of Elements    : 0
            Number of Conditions  : 0
            Number of Constraints : 0
    -material- model part
        Number of tables : 0
        Number of sub model parts : 0

        Number of Geometries  : 1546
        Mesh 0 :
            Number of Nodes       : 3240
            Number of Properties  : 0
            Number of Elements    : 1546
            Number of Conditions  : 0
            Number of Constraints : 0
 
::[PythonSolver]:: : Finished reading model part. 
Read materials: Started
Read materials: Finished
::[MechanicalSolver]:: : Constitutive law was successfully imported. 
::[MechanicalSolver]::: ModelPart prepared for Solver. 
::[MechanicalSolver]:: : DOF's ADDED 
::[MechanicalSolver]:: : Initializing ... 
Importing    LinearSolversApplication 
    Kratos  _     _                       ____        _
           | |   (_)_ __   ___  __ _ _ __/ ___|  ___ | |_   _____ _ __ ___
           | |   | | '_ \ / _ \/ _` | '__\___ \ / _ \| \ \ / / _ \ '__/ __|
           | |___| | | | |  __/ (_| | |   ___) | (_) | |\ V /  __/ |  \__ \
           |_____|_|_| |_|\___|\__,_|_|  |____/ \___/|_| \_/ \___|_|  |___/
Initializing KratosLinearSolversApplication...
Linear-Solver-Factory: Constructing a regular (non-complex) linear-solver 
::[MechanicalSolver]:: : Finished initialization. 
Analysis: Analysis -START-  
[WARNING] DEPRECATION-Warning; MechanicalSolver: Using "line_search", please move it to "solving_strategy_settings" as "type" 
::[MechanicalSolver]:: : Construction finished 
::[StaticMechanicalSolver]:: : Construction finished 
::[MechanicalSolver]:: : Variables ADDED 
[WARNING] Model: Trying to create a root modelpart with na |  /           |                  
 ' /   __| _` | __|  _ \   __|    
 . \  |   (   | |   (   |\__ \  
_|\_\_|  \__,_|\__|\___/ ____/
           Multi-Physics 10.3."0"-master-532e0dba7df-Release-x86_64
           Compiled for GNU/Linux and Python3.12 with GCC-13.3
Compiled with threading support. Threading support with OpenMP.
Maximum number of threads: 1.
Importing    KratosStructuralMechanicsApplication 
    KRATOS   ___|  |                   |                   |
           \___ \  __|  __| |   |  __| __| |   |  __| _` | |
                 | |   |    |   | (    |   |   | |   (   | |
           _____/ \__|_|   \__,_|\___|\__|\__,_|_|  \__,_|_| MECHANICS
Initializing KratosStructuralMechanicsApplication...
Importing    KratosConstitutiveLawsApplication 
Initializing KratosConstitutiveLawsApplication...
[WARNING] DEPRECATION-Warning; MechanicalSolver: Using "line_search", please move it to "solving_strategy_settings" as "type" 
::[MechanicalSolver]:: : Construction finished 
::[StaticMechanicalSolver]:: : Construction finished 
::[MechanicalSolver]:: : Variables ADDED 
[WARNING] Model: Trying to create a root modelpart with name Structure however a ModelPart with the same name already exists. 
Returning the already existent ModelPart.
SingleImportModelPart: Reading model part from file: "/home/sares/ML_assisted_CLs_clean/coupon_fe2_paper/03_data/rve_mesh".mdpa
ModelPartIO:   [Reading Nodes    : 3240 nodes read]
ModelPartIO:   [Reading Geometries : 1546 geometries read] [Type: Triangle2D6]
ModelPartIO:   [Total Lines Read : 9751]
SingleImportModelPart: Finished reading model part from mdpa file.
::[PythonSolver]::: Reading model part. 
::[PythonSolver]::: Using already imported model part - no reading necessary. 
ModelPart: -Structure- model part
    Buffer Size : 1
    Number of tables : 0
    Number of sub model parts : 2
    Current solution step index : 0
    DOMAIN_SIZE : 2
    OSS_SWITCH : 0
    IS_RESTARTED : 0

    Number of Geometries  : 1546
    Mesh 0 :
        Number of Nodes       : 3240
        Number of Properties  : 1
        Number of Elements    : 1546
        Number of Conditions  : 0
        Number of Constraints : 0

    -dirichlet- model part
        Number of tables : 0
        Number of sub model parts : 0

        Number of Geometries  : 0
        Mesh 0 :
            Number of Nodes       : 156
            Number of Properties  : 0
            Number of Elements    : 0
            Number of Conditions  : 0
            Number of Constraints : 0
    -material- model part
        Number of tables : 0
        Number of sub model parts : 0

        Number of Geometries  : 1546
        Mesh 0 :
            Number of Nodes       : 3240
            Number of Properties  : 0
            Number of Elements    : 1546
            Number of Conditions  : 0
            Number of Constraints : 0
 
::[PythonSolver]:: : Finished reading model part. 
Read materials: Started
Read materials: Finished
::[MechanicalSolver]:: : Constitutive law was successfully imported. 
::[MechanicalSolver]::: ModelPart prepared for Solver. 
::[MechanicalSolver]:: : DOF's ADDED 
::[MechanicalSolver]:: : Initializing ... 
Importing    LinearSolversApplication 
    Kratos  _     _                       ____        _
           | |   (_)_ __   ___  __ _ _ __/ ___|  ___ | |_   _____ _ __ ___
           | |   | | '_ \ / _ \/ _` | '__\___ \ / _ \| \ \ / / _ \ '__/ __|
           | |___| | | | |  __/ (_| | |   ___) | (_) | |\ V /  __/ |  \__ \
           |_____|_|_| |_|\___|\__,_|_|  |____/ \___/|_| \_/ \___|_|  |___/
Initializing KratosLinearSolversApplication...
Linear-Solver-Factory: Constructing a regular (non-complex) linear-solver 
::[MechanicalSolver]:: : Finished initialization. 
Analysis: Analysis -START-  
[WARNING] DEPRECATION-Warning; MechanicalSolver: Using "line_search", please move it to "solving_strategy_settings" as "type" 
::[MechanicalSolver]:: : Construction finished 
::[StaticMechanicalSolver]:: : Construction finished 
::[MechanicalSolver]:: : Variables ADDED 
[WARNING] Model: Trying to create a root modelpart with na |  /           |                  
 ' /   __| _` | __|  _ \   __|    
 . \  |   (   | |   (   |\__ \  
_|\_\_|  \__,_|\__|\___/ ____/
           Multi-Physics 10.3."0"-master-532e0dba7df-Release-x86_64
           Compiled for GNU/Linux and Python3.12 with GCC-13.3
Compiled with threading support. Threading support with OpenMP.
Maximum number of threads: 1.
Importing    KratosStructuralMechanicsApplication 
    KRATOS   ___|  |                   |                   |
           \___ \  __|  __| |   |  __| __| |   |  __| _` | |
                 | |   |    |   | (    |   |   | |   (   | |
           _____/ \__|_|   \__,_|\___|\__|\__,_|_|  \__,_|_| MECHANICS
Initializing KratosStructuralMechanicsApplication...
Importing    KratosConstitutiveLawsApplication 
Initializing KratosConstitutiveLawsApplication...
[WARNING] DEPRECATION-Warning; MechanicalSolver: Using "line_search", please move it to "solving_strategy_settings" as "type" 
::[MechanicalSolver]:: : Construction finished 
::[StaticMechanicalSolver]:: : Construction finished 
::[MechanicalSolver]:: : Variables ADDED 
[WARNING] Model: Trying to create a root modelpart with name Structure however a ModelPart with the same name already exists. 
Returning the already existent ModelPart.
SingleImportModelPart: Reading model part from file: "/home/sares/ML_assisted_CLs_clean/coupon_fe2_paper/03_data/rve_mesh".mdpa
ModelPartIO:   [Reading Nodes    : 3240 nodes read]
ModelPartIO:   [Reading Geometries : 1546 geometries read] [Type: Triangle2D6]
ModelPartIO:   [Total Lines Read : 9751]
SingleImportModelPart: Finished reading model part from mdpa file.
::[PythonSolver]::: Reading model part. 
::[PythonSolver]::: Using already imported model part - no reading necessary. 
ModelPart: -Structure- model part
    Buffer Size : 1
    Number of tables : 0
    Number of sub model parts : 2
    Current solution step index : 0
    DOMAIN_SIZE : 2
    OSS_SWITCH : 0
    IS_RESTARTED : 0

    Number of Geometries  : 1546
    Mesh 0 :
        Number of Nodes       : 3240
        Number of Properties  : 1
        Number of Elements    : 1546
        Number of Conditions  : 0
        Number of Constraints : 0

    -dirichlet- model part
        Number of tables : 0
        Number of sub model parts : 0

        Number of Geometries  : 0
        Mesh 0 :
            Number of Nodes       : 156
            Number of Properties  : 0
            Number of Elements    : 0
            Number of Conditions  : 0
            Number of Constraints : 0
    -material- model part
        Number of tables : 0
        Number of sub model parts : 0

        Number of Geometries  : 1546
        Mesh 0 :
            Number of Nodes       : 3240
            Number of Properties  : 0
            Number of Elements    : 1546
            Number of Conditions  : 0
            Number of Constraints : 0
 
::[PythonSolver]:: : Finished reading model part. 
Read materials: Started
Read materials: Finished
::[MechanicalSolver]:: : Constitutive law was successfully imported. 
::[MechanicalSolver]::: ModelPart prepared for Solver. 
::[MechanicalSolver]:: : DOF's ADDED 
::[MechanicalSolver]:: : Initializing ... 
Importing    LinearSolversApplication 
    Kratos  _     _                       ____        _
           | |   (_)_ __   ___  __ _ _ __/ ___|  ___ | |_   _____ _ __ ___
           | |   | | '_ \ / _ \/ _` | '__\___ \ / _ \| \ \ / / _ \ '__/ __|
           | |___| | | | |  __/ (_| | |   ___) | (_) | |\ V /  __/ |  \__ \
           |_____|_|_| |_|\___|\__,_|_|  |____/ \___/|_| \_/ \___|_|  |___/
Initializing KratosLinearSolversApplication...
Linear-Solver-Factory: Constructing a regular (non-complex) linear-solver 
::[MechanicalSolver]:: : Finished initialization. 
Analysis: Analysis -START-  
[WARNING] DEPRECATION-Warning; MechanicalSolver: Using "line_search", please move it to "solving_strategy_settings" as "type" 
::[MechanicalSolver]:: : Construction finished 
::[StaticMechanicalSolver]:: : Construction finished 
::[MechanicalSolver]:: : Variables ADDED 
[WARNING] Model: Trying to create a root modelpart with na |  /           |                  
 ' /   __| _` | __|  _ \   __|    
 . \  |   (   | |   (   |\__ \  
_|\_\_|  \__,_|\__|\___/ ____/
           Multi-Physics 10.3."0"-master-532e0dba7df-Release-x86_64
           Compiled for GNU/Linux and Python3.12 with GCC-13.3
Compiled with threading support. Threading support with OpenMP.
Maximum number of threads: 1.
Importing    KratosStructuralMechanicsApplication 
    KRATOS   ___|  |                   |                   |
           \___ \  __|  __| |   |  __| __| |   |  __| _` | |
                 | |   |    |   | (    |   |   | |   (   | |
           _____/ \__|_|   \__,_|\___|\__|\__,_|_|  \__,_|_| MECHANICS
Initializing KratosStructuralMechanicsApplication...
Importing    KratosConstitutiveLawsApplication 
Initializing KratosConstitutiveLawsApplication...
[WARNING] DEPRECATION-Warning; MechanicalSolver: Using "line_search", please move it to "solving_strategy_settings" as "type" 
::[MechanicalSolver]:: : Construction finished 
::[StaticMechanicalSolver]:: : Construction finished 
::[MechanicalSolver]:: : Variables ADDED 
[WARNING] Model: Trying to create a root modelpart with name Structure however a ModelPart with the same name already exists. 
Returning the already existent ModelPart.
SingleImportModelPart: Reading model part from file: "/home/sares/ML_assisted_CLs_clean/coupon_fe2_paper/03_data/rve_mesh".mdpa
ModelPartIO:   [Reading Nodes    : 3240 nodes read]
ModelPartIO:   [Reading Geometries : 1546 geometries read] [Type: Triangle2D6]
ModelPartIO:   [Total Lines Read : 9751]
SingleImportModelPart: Finished reading model part from mdpa file.
::[PythonSolver]::: Reading model part. 
::[PythonSolver]::: Using already imported model part - no reading necessary. 
ModelPart: -Structure- model part
    Buffer Size : 1
    Number of tables : 0
    Number of sub model parts : 2
    Current solution step index : 0
    DOMAIN_SIZE : 2
    OSS_SWITCH : 0
    IS_RESTARTED : 0

    Number of Geometries  : 1546
    Mesh 0 :
        Number of Nodes       : 3240
        Number of Properties  : 1
        Number of Elements    : 1546
        Number of Conditions  : 0
        Number of Constraints : 0

    -dirichlet- model part
        Number of tables : 0
        Number of sub model parts : 0

        Number of Geometries  : 0
        Mesh 0 :
            Number of Nodes       : 156
            Number of Properties  : 0
            Number of Elements    : 0
            Number of Conditions  : 0
            Number of Constraints : 0
    -material- model part
        Number of tables : 0
        Number of sub model parts : 0

        Number of Geometries  : 1546
        Mesh 0 :
            Number of Nodes       : 3240
            Number of Properties  : 0
            Number of Elements    : 1546
            Number of Conditions  : 0
            Number of Constraints : 0
 
::[PythonSolver]:: : Finished reading model part. 
Read materials: Started
Read materials: Finished
::[MechanicalSolver]:: : Constitutive law was successfully imported. 
::[MechanicalSolver]::: ModelPart prepared for Solver. 
::[MechanicalSolver]:: : DOF's ADDED 
::[MechanicalSolver]:: : Initializing ... 
Importing    LinearSolversApplication 
    Kratos  _     _                       ____        _
           | |   (_)_ __   ___  __ _ _ __/ ___|  ___ | |_   _____ _ __ ___
           | |   | | '_ \ / _ \/ _` | '__\___ \ / _ \| \ \ / / _ \ '__/ __|
           | |___| | | | |  __/ (_| | |   ___) | (_) | |\ V /  __/ |  \__ \
           |_____|_|_| |_|\___|\__,_|_|  |____/ \___/|_| \_/ \___|_|  |___/
Initializing KratosLinearSolversApplication...
Linear-Solver-Factory: Constructing a regular (non-complex) linear-solver 
::[MechanicalSolver]:: : Finished initialization. 
Analysis: Analysis -START-  
[WARNING] DEPRECATION-Warning; MechanicalSolver: Using "line_search", please move it to "solving_strategy_settings" as "type" 
::[MechanicalSolver]:: : Construction finished 
::[StaticMechanicalSolver]:: : Construction finished 
::[MechanicalSolver]:: : Variables ADDED 
[WARNING] Model: Trying to create a root modelpart with na |  /           |                  
 ' /   __| _` | __|  _ \   __|    
 . \  |   (   | |   (   |\__ \  
_|\_\_|  \__,_|\__|\___/ ____/
           Multi-Physics 10.3."0"-master-532e0dba7df-Release-x86_64
           Compiled for GNU/Linux and Python3.12 with GCC-13.3
Compiled with threading support. Threading support with OpenMP.
Maximum number of threads: 1.
Importing    KratosStructuralMechanicsApplication 
    KRATOS   ___|  |                   |                   |
           \___ \  __|  __| |   |  __| __| |   |  __| _` | |
                 | |   |    |   | (    |   |   | |   (   | |
           _____/ \__|_|   \__,_|\___|\__|\__,_|_|  \__,_|_| MECHANICS
Initializing KratosStructuralMechanicsApplication...
Importing    KratosConstitutiveLawsApplication 
Initializing KratosConstitutiveLawsApplication...
[WARNING] DEPRECATION-Warning; MechanicalSolver: Using "line_search", please move it to "solving_strategy_settings" as "type" 
::[MechanicalSolver]:: : Construction finished 
::[StaticMechanicalSolver]:: : Construction finished 
::[MechanicalSolver]:: : Variables ADDED 
[WARNING] Model: Trying to create a root modelpart with name Structure however a ModelPart with the same name already exists. 
Returning the already existent ModelPart.
SingleImportModelPart: Reading model part from file: "/home/sares/ML_assisted_CLs_clean/coupon_fe2_paper/03_data/rve_mesh".mdpa
ModelPartIO:   [Reading Nodes    : 3240 nodes read]
ModelPartIO:   [Reading Geometries : 1546 geometries read] [Type: Triangle2D6]
ModelPartIO:   [Total Lines Read : 9751]
SingleImportModelPart: Finished reading model part from mdpa file.
::[PythonSolver]::: Reading model part. 
::[PythonSolver]::: Using already imported model part - no reading necessary. 
ModelPart: -Structure- model part
    Buffer Size : 1
    Number of tables : 0
    Number of sub model parts : 2
    Current solution step index : 0
    DOMAIN_SIZE : 2
    OSS_SWITCH : 0
    IS_RESTARTED : 0

    Number of Geometries  : 1546
    Mesh 0 :
        Number of Nodes       : 3240
        Number of Properties  : 1
        Number of Elements    : 1546
        Number of Conditions  : 0
        Number of Constraints : 0

    -dirichlet- model part
        Number of tables : 0
        Number of sub model parts : 0

        Number of Geometries  : 0
        Mesh 0 :
            Number of Nodes       : 156
            Number of Properties  : 0
            Number of Elements    : 0
            Number of Conditions  : 0
            Number of Constraints : 0
    -material- model part
        Number of tables : 0
        Number of sub model parts : 0

        Number of Geometries  : 1546
        Mesh 0 :
            Number of Nodes       : 3240
            Number of Properties  : 0
            Number of Elements    : 1546
            Number of Conditions  : 0
            Number of Constraints : 0
 
::[PythonSolver]:: : Finished reading model part. 
Read materials: Started
Read materials: Finished
::[MechanicalSolver]:: : Constitutive law was successfully imported. 
::[MechanicalSolver]::: ModelPart prepared for Solver. 
::[MechanicalSolver]:: : DOF's ADDED 
::[MechanicalSolver]:: : Initializing ... 
Importing    LinearSolversApplication 
    Kratos  _     _                       ____        _
           | |   (_)_ __   ___  __ _ _ __/ ___|  ___ | |_   _____ _ __ ___
           | |   | | '_ \ / _ \/ _` | '__\___ \ / _ \| \ \ / / _ \ '__/ __|
           | |___| | | | |  __/ (_| | |   ___) | (_) | |\ V /  __/ |  \__ \
           |_____|_|_| |_|\___|\__,_|_|  |____/ \___/|_| \_/ \___|_|  |___/
Initializing KratosLinearSolversApplication...
Linear-Solver-Factory: Constructing a regular (non-complex) linear-solver 
::[MechanicalSolver]:: : Finished initialization. 
Analysis: Analysis -START-  
[WARNING] DEPRECATION-Warning; MechanicalSolver: Using "line_search", please move it to "solving_strategy_settings" as "type" 
::[MechanicalSolver]:: : Construction finished 
::[StaticMechanicalSolver]:: : Construction finished 
::[MechanicalSolver]:: : Variables ADDED 
[WARNING] Model: Trying to create a root modelpart with na  step  1/20 iter  2: |R|=1.69342e+01, rel=8.217e-03, wall=0.77s
  step  1/20 iter  3: |R|=1.01274e-02, rel=4.914e-06, wall=0.26s
  step  1/20 iter  4: |R|=2.21763e-08, rel=1.076e-11, wall=0.29s
    converged: in-box 2070/2070; E11=[+0.0028,+0.0067], E22=[-0.0033,-0.0012], g12=[-0.0053,+0.0023]
  step  2/20 iter  1: |R|=2.11549e+03, rel=1.000e+00, wall=0.00s
  step  2/20 iter  2: |R|=3.13533e+01, rel=1.482e-02, wall=0.26s
  step  2/20 iter  3: |R|=9.04433e-03, rel=4.275e-06, wall=0.27s
  step  2/20 iter  4: |R|=7.81960e-09, rel=3.696e-12, wall=0.30s
    converged: in-box 2070/2070; E11=[+0.0057,+0.0136], E22=[-0.0066,-0.0024], g12=[-0.0107,+0.0046]
  step  3/20 iter  1: |R|=2.11549e+03, rel=1.000e+00, wall=0.00s
  step  3/20 iter  2: |R|=3.74110e+01, rel=1.768e-02, wall=0.26s
  step  3/20 iter  3: |R|=2.04983e-02, rel=9.690e-06, wall=0.26s
  step  3/20 iter  4: |R|=1.07007e-08, rel=5.058e-12, wall=0.33s
    converged: in-box 2070/2070; E11=[+0.0087,+0.0206], E22=[-0.0098,-0.0036], g12=[-0.0162,+0.0070]
  step  4/20 iter  1: |R|=2.11549e+03, rel=1.000e+00, wall=0.00s
  step  4/20 iter  2: |R|=3.69079e+01, rel=1.745e-02, wall=0.25s
  step  4/20 iter  3: |R|=8.07932e-03, rel=3.819e-06, wall=0.23s
  step  4/20 iter  4: |R|=2.55823e-09, rel=1.209e-12, wall=0.23s
    converged: in-box 2070/2070; E11=[+0.0117,+0.0278], E22=[-0.0131,-0.0048], g12=[-0.0217,+0.0094]
  step  5/20 iter  1: |R|=2.11549e+03, rel=1.000e+00, wall=0.00s
  step  5/20 iter  2: |R|=2.73976e+01, rel=1.295e-02, wall=0.25s
  step  5/20 iter  3: |R|=2.66122e-03, rel=1.258e-06, wall=0.24s
  step  5/20 iter  4: |R|=1.90425e-09, rel=9.001e-13, wall=0.22s
    converged: in-box 2070/2070; E11=[+0.0148,+0.0351], E22=[-0.0163,-0.0060], g12=[-0.0272,+0.0117]
  step  6/20 iter  1: |R|=2.11549e+03, rel=1.000e+00, wall=0.00s
  step  6/20 iter  2: |R|=2.48594e+01, rel=1.175e-02, wall=0.22s
  step  6/20 iter  3: |R|=2.59899e-03, rel=1.229e-06, wall=0.24s
  step  6/20 iter  4: |R|=2.20790e-09, rel=1.044e-12, wall=0.21s
    converged: in-box 2070/2070; E11=[+0.0180,+0.0426], E22=[-0.0196,-0.0072], g12=[-0.0327,+0.0141]
  step  7/20 iter  1: |R|=2.11549e+03, rel=1.000e+00, wall=0.00s
  step  7/20 iter  2: |R|=2.25671e+01, rel=1.067e-02, wall=0.25s
  step  7/20 iter  3: |R|=1.67098e-03, rel=7.899e-07, wall=0.24s
  step  7/20 iter  4: |R|=2.27053e-09, rel=1.073e-12, wall=0.21s
    converged: in-box 2070/2070; E11=[+0.0212,+0.0503], E22=[-0.0229,-0.0084], g12=[-0.0383,+0.0165]
  step  8/20 iter  1: |R|=2.11549e+03, rel=1.000e+00, wall=0.00s
  step  8/20 iter  2: |R|=2.31092e+01, rel=1.092e-02, wall=0.26s
  step  8/20 iter  3: |R|=1.46859e-03, rel=6.942e-07, wall=0.22s
  step  8/20 iter  4: |R|=2.47760e-09, rel=1.171e-12, wall=0.25s
    converged: in-box 2070/2070; E11=[+0.0244,+0.0580], E22=[-0.0261,-0.0096], g12=[-0.0439,+0.0189]
  step  9/20 iter  1: |R|=2.11549e+03, rel=1.000e+00, wall=0.00s
  step  9/20 iter  2: |R|=1.89104e+01, rel=8.939e-03, wall=0.24s
  step  9/20 iter  3: |R|=7.93685e-04, rel=3.752e-07, wall=0.22s
  step  9/20 iter  4: |R|=3.00711e-09, rel=1.421e-12, wall=0.25s
    converged: in-box 2070/2070; E11=[+0.0277,+0.0660], E22=[-0.0294,-0.0108], g12=[-0.0496,+0.0214]
  step 10/20 iter  1: |R|=2.11549e+03, rel=1.000e+00, wall=0.00s
  step 10/20 iter  2: |R|=1.52648e+01, rel=7.216e-03, wall=0.22s
  step 10/20 iter  3: |R|=6.65422e-04, rel=3.145e-07, wall=0.22s
  step 10/20 iter  4: |R|=3.46579e-09, rel=1.638e-12, wall=0.20s
    converged: in-box 2070/2070; E11=[+0.0311,+0.0740], E22=[-0.0327,-0.0120], g12=[-0.0553,+0.0239]
  step 11/20 iter  1: |R|=2.11549e+03, rel=1.000e+00, wall=0.00s
  step 11/20 iter  2: |R|=1.50069e+01, rel=7.094e-03, wall=0.20s
  step 11/20 iter  3: |R|=7.79688e-04, rel=3.686e-07, wall=0.19s
  step 11/20 iter  4: |R|=3.71033e-09, rel=1.754e-12, wall=0.20s
    converged: in-box 2070/2070; E11=[+0.0345,+0.0822], E22=[-0.0359,-0.0132], g12=[-0.0611,+0.0264]
  step 12/20 iter  1: |R|=2.11549e+03, rel=1.000e+00, wall=0.00s
  step 12/20 iter  2: |R|=1.68301e+01, rel=7.956e-03, wall=0.20s
  step 12/20 iter  3: |R|=9.09282e-04, rel=4.298e-07, wall=0.19s
  step 12/20 iter  4: |R|=4.11715e-09, rel=1.946e-12, wall=0.21s
    converged: in-box 2070/2070; E11=[+0.0379,+0.0906], E22=[-0.0392,-0.0144], g12=[-0.0670,+0.0289]
  step 13/20 iter  1: |R|=2.11549e+03, rel=1.000e+00, wall=0.00s
  step 13/20 iter  2: |R|=1.91681e+01, rel=9.061e-03, wall=0.20s
  step 13/20 iter  3: |R|=1.00086e-03, rel=4.731e-07, wall=0.20s
  step 13/20 iter  4: |R|=4.22803e-09, rel=1.999e-12, wall=0.20s
    converged: in-box 2070/2070; E11=[+0.0414,+0.0991], E22=[-0.0425,-0.0156], g12=[-0.0728,+0.0315]
  step 14/20 iter  1: |R|=2.11549e+03, rel=1.000e+00, wall=0.00s
  step 14/20 iter  2: |R|=2.08936e+01, rel=9.876e-03, wall=0.20s
  step 14/20 iter  3: |R|=1.06281e-03, rel=5.024e-07, wall=0.20s
  step 14/20 iter  4: |R|=4.58810e-09, rel=2.169e-12, wall=0.20s
    converged: in-box 2070/2070; E11=[+0.0450,+0.1078], E22=[-0.0457,-0.0168], g12=[-0.0788,+0.0341]
  step 15/20 iter  1: |R|=2.11549e+03, rel=1.000e+00, wall=0.00s
  step 15/20 iter  2: |R|=2.15146e+01, rel=1.017e-02, wall=0.20s
  step 15/20 iter  3: |R|=1.07391e-03, rel=5.076e-07, wall=0.20s
  step 15/20 iter  4: |R|=4.53918e-09, rel=2.146e-12, wall=0.19s
    converged: in-box 2070/2070; E11=[+0.0486,+0.1167], E22=[-0.0490,-0.0181], g12=[-0.0848,+0.0367]
  step 16/20 iter  1: |R|=2.11549e+03, rel=1.000e+00, wall=0.00s
  step 16/20 iter  2: |R|=2.10561e+01, rel=9.953e-03, wall=0.20s
  step 16/20 iter  3: |R|=1.00022e-03, rel=4.728e-07, wall=0.20s
  step 16/20 iter  4: |R|=4.67592e-09, rel=2.210e-12, wall=0.20s
    converged: in-box 2070/2070; E11=[+0.0523,+0.1257], E22=[-0.0522,-0.0192], g12=[-0.0908,+0.0393]
  step 17/20 iter  1: |R|=2.11549e+03, rel=1.000e+00, wall=0.00s
  step 17/20 iter  2: |R|=1.98115e+01, rel=9.365e-03, wall=0.20s
  step 17/20 iter  3: |R|=8.37994e-04, rel=3.961e-07, wall=0.19s
  step 17/20 iter  4: |R|=5.29325e-09, rel=2.502e-12, wall=0.20s
    converged: in-box 2070/2070; E11=[+0.0560,+0.1349], E22=[-0.0554,-0.0204], g12=[-0.0970,+0.0420]
  step 18/20 iter  1: |R|=2.11549e+03, rel=1.000e+00, wall=0.00s
  step 18/20 iter  2: |R|=1.83077e+01, rel=8.654e-03, wall=0.21s
  step 18/20 iter  3: |R|=6.48786e-04, rel=3.067e-07, wall=0.21s
  step 18/20 iter  4: |R|=6.06119e-09, rel=2.865e-12, wall=0.19s
    converged: in-box 2070/2070; E11=[+0.0597,+0.1442], E22=[-0.0587,-0.0216], g12=[-0.1032,+0.0446]
  step 19/20 iter  1: |R|=2.11549e+03, rel=1.000e+00, wall=0.00s
  step 19/20 iter  2: |R|=1.75766e+01, rel=8.309e-03, wall=0.21s
  step 19/20 iter  3: |R|=5.25363e-04, rel=2.483e-07, wall=0.20s
  step 19/20 iter  4: |R|=6.35789e-09, rel=3.005e-12, wall=0.20s
    converged: in-box 2070/2070; E11=[+0.0636,+0.1538], E22=[-0.0619,-0.0227], g12=[-0.1094,+0.0473]
  step 20/20 iter  1: |R|=2.11549e+03, rel=1.000e+00, wall=0.00s
  step 20/20 iter  2: |R|=1.91548e+01, rel=9.055e-03, wall=0.20s
  step 20/20 iter  3: |R|=5.25086e-04, rel=2.482e-07, wall=0.20s
  step 20/20 iter  4: |R|=6.57413e-09, rel=3.108e-12, wall=0.21s
    converged: in-box 2070/2070; E11=[+0.0674,+0.1635], E22=[-0.0651,-0.0239], g12=[-0.1157,+0.0500]
{
  "status": "converged",
  "model": "maw_dhprom_ann_direct",
  "implementation": "baseline",
  "output": "/home/sares/ML_assisted_CLs_clean/coupon_fe2_paper/06_fe2/dhprom_ann_fe2_clean_timing_maw10_direct_w20_f100kn_baseline_recheck.npz",
  "wall_seconds": 14.641097040846944,
  "workers": 20,
  "worker_pids": [
    906054,
    906055,
    906056,
    906057,
    906058,
    906059,
    906060,
    906061,
    906062,
    906063,
    906064,
    906065,
    906066,
    906067,
    906068,
    906069,
    906070,
    906071,
    906072,
    906073
  ],
  "macro_elements": 690,
  "macro_gauss_points": 2070,
  "rve_elements_full": 1546,
  "hprom_ann_latent_dimension": 3,
  "residual_ecm_elements": 0,
  "stress_ecm_elements": 10,
  "force_per_end": 100000.0,
  "n_steps_requested": 20,
  "n_steps_completed": 20,
  "macro_newton": [
    {
      "step": 1,
      "iterations": 4,
      "residual": 2.217626539041348e-08,
      "relative_residual": 1.0760769608548393e-11,
      "coverage": {
        "n": 2070,
        "inside": 2070,
        "outside": 0,
        "minimum": [
          0.0027578941447823357,
          -0.00325209881509525,
          -0.00529214953240632
        ],
        "maximum": [
          0.006709411984240243,
          -0.0012259042665915265,
          0.002265356664946188
        ]
      }
    },
    {
      "step": 2,
      "iterations": 4,
      "residual": 7.819599582427527e-09,
      "relative_residual": 3.696349419226782e-12,
      "coverage": {
        "n": 2070,
        "inside": 2070,
        "outside": 0,
        "minimum": [
          0.005681222661176433,
          -0.00655618828968757,
          -0.010718461163550646
        ],
        "maximum": [
          0.01360873291713749,
          -0.0024465790472346094,
          0.004633509974706267
        ]
      }
    },
    {
      "step": 3,
      "iterations": 4,
      "residual": 1.070069235610402e-08,
      "relative_residual": 5.058251072680049e-12,
      "coverage": {
        "n": 2070,
        "inside": 2070,
        "outside": 0,
        "minimum": [
          0.00866620347496394,
          -0.009837062184524237,
          -0.016236963674020957
        ],
        "maximum": [
          0.020614824558373046,
          -0.0036427720399229147,
          0.006994293062967451
        ]
      }
    },
    {
      "step": 4,
      "iterations": 4,
      "residual": 2.558232324052393e-09,
      "relative_residual": 1.2092844992326596e-12,
      "coverage": {
        "n": 2070,
        "inside": 2070,
        "outside": 0,
        "minimum": [
          0.011715886172268819,
          -0.013082034550071231,
          -0.021749379170029122
        ],
        "maximum": [
          0.027826703956870147,
          -0.0048398433539931784,
          0.009352555468667305
        ]
      }
    },
    {
      "step": 5,
      "iterations": 4,
      "residual": 1.9042497793422795e-09,
      "relative_residual": 9.001448848780999e-13,
      "coverage": {
        "n": 2070,
        "inside": 2070,
        "outside": 0,
        "minimum": [
          0.014814336516354665,
          -0.01631025983781581,
          -0.027185877071740347
        ],
        "maximum": [
          0.03509984745919481,
          -0.006035323867233489,
          0.0117347633535305
        ]
      }
    },
    {
      "step": 6,
      "iterations": 4,
      "residual": 2.2079023142907115e-09,
      "relative_residual": 1.0436823971720688e-12,
      "coverage": {
        "n": 2070,
        "inside": 2070,
        "outside": 0,
        "minimum": [
          0.017958953683837597,
          -0.0195781917534667,
          -0.03267889735475516
        ],
        "maximum": [
          0.04259384324904325,
          -0.007228319753232626,
          0.01410224676873323
        ]
      }
    },
    {
      "step": 7,
      "iterations": 4,
      "residual": 2.2705349496584823e-09,
      "relative_residual": 1.0732890417227253e-12,
      "coverage": {
        "n": 2070,
        "inside": 2070,
        "outside": 0,
        "minimum": [
          0.021164687503633428,
          -0.022857777855105066,
          -0.0382805551868739
        ],
        "maximum": [
          0.050268700425137536,
          -0.008433377288134702,
          0.016472879789379873
        ]
      }
    },
    {
      "step": 8,
      "iterations": 4,
      "residual": 2.4776012503289257e-09,
      "relative_residual": 1.1711699360261682e-12,
      "coverage": {
        "n": 2070,
        "inside": 2070,
        "outside": 0,
        "minimum": [
          0.02442447182278973,
          -0.02612565467170791,
          -0.04393617023805907
        ],
        "maximum": [
          0.05804992694568756,
          -0.00964541548268455,
          0.018886420368626627
        ]
      }
    },
    {
      "step": 9,
      "iterations": 4,
      "residual": 3.0071074288476864e-09,
      "relative_residual": 1.4214691789486534e-12,
      "coverage": {
        "n": 2070,
        "inside": 2070,
        "outside": 0,
        "minimum": [
          0.02772814739855023,
          -0.029388876320726787,
          -0.049622976817611415
        ],
        "maximum": [
          0.06595079930539371,
          -0.010848015679543521,
          0.021350613913919177
        ]
      }
    },
    {
      "step": 10,
      "iterations": 4,
      "residual": 3.4657852633666738e-09,
      "relative_residual": 1.6382876399656795e-12,
      "coverage": {
        "n": 2070,
        "inside": 2070,
        "outside": 0,
        "minimum": [
          0.03107932828777371,
          -0.032658896752726096,
          -0.055348057924812635
        ],
        "maximum": [
          0.07400253198214679,
          -0.01204055958154765,
          0.023850256662408822
        ]
      }
    },
    {
      "step": 11,
      "iterations": 4,
      "residual": 3.710330115415354e-09,
      "relative_residual": 1.7538847638738837e-12,
      "coverage": {
        "n": 2070,
        "inside": 2070,
        "outside": 0,
        "minimum": [
          0.034482032945233,
          -0.03593622776050487,
          -0.0611218393132586
        ],
        "maximum": [
          0.08221506166972248,
          -0.013232774384357937,
          0.0263731476975973
        ]
      }
    },
    {
      "step": 12,
      "iterations": 4,
      "residual": 4.117153144202951e-09,
      "relative_residual": 1.9461912944489684e-12,
      "coverage": {
        "n": 2070,
        "inside": 2070,
        "outside": 0,
        "minimum": [
          0.03793692296262474,
          -0.03921380898544735,
          -0.06695152746925545
        ],
        "maximum": [
          0.0905859843200546,
          -0.014430564413992597,
          0.028916386381422625
        ]
      }
    },
    {
      "step": 13,
      "iterations": 4,
      "residual": 4.2280327088983255e-09,
      "relative_residual": 1.998604414870877e-12,
      "coverage": {
        "n": 2070,
        "inside": 2070,
        "outside": 0,
        "minimum": [
          0.04144423148583376,
          -0.04248392207318891,
          -0.07283977724212606
        ],
        "maximum": [
          0.09911472753334372,
          -0.01563434282007059,
          0.031480697267948346
        ]
      }
    },
    {
      "step": 14,
      "iterations": 4,
      "residual": 4.588103511858372e-09,
      "relative_residual": 2.1688110206397498e-12,
      "coverage": {
        "n": 2070,
        "inside": 2070,
        "outside": 0,
        "minimum": [
          0.04500337555884204,
          -0.04574189342745977,
          -0.07878576911290956
        ],
        "maximum": [
          0.10780560315230558,
          -0.01684240979729479,
          0.03406671540542672
        ]
      }
    },
    {
      "step": 15,
      "iterations": 4,
      "residual": 4.539183726779137e-09,
      "relative_residual": 2.1456864837297733e-12,
      "coverage": {
        "n": 2070,
        "inside": 2070,
        "outside": 0,
        "minimum": [
          0.048612739264742966,
          -0.048986534624008427,
          -0.08478822689715168
        ],
        "maximum": [
          0.11666296441547919,
          -0.018053090098417657,
          0.03667477853486552
        ]
      }
    },
    {
      "step": 16,
      "iterations": 4,
      "residual": 4.6759188777065285e-09,
      "relative_residual": 2.210321621423186e-12,
      "coverage": {
        "n": 2070,
        "inside": 2070,
        "outside": 0,
        "minimum": [
          0.05227124183149623,
          -0.052219674166852525,
          -0.09084817999176432
        ],
        "maximum": [
          0.12568796945942318,
          -0.019234082650599837,
          0.0393049508678823
        ]
      }
    },
    {
      "step": 17,
      "iterations": 4,
      "residual": 5.293253846831893e-09,
      "relative_residual": 2.502137811054409e-12,
      "coverage": {
        "n": 2070,
        "inside": 2070,
        "outside": 0,
        "minimum": [
          0.05597972668941198,
          -0.055445904652244304,
          -0.09696964938558801
        ],
        "maximum": [
          0.13487971323316228,
          -0.02040793775413685,
          0.04195705633972793
        ]
      }
    },
    {
      "step": 18,
      "iterations": 4,
      "residual": 6.0611925181369125e-09,
      "relative_residual": 2.865144846357034e-12,
      "coverage": {
        "n": 2070,
        "inside": 2070,
        "outside": 0,
        "minimum": [
          0.05974083248649509,
          -0.05867056235223295,
          -0.10315783843244353
        ],
        "maximum": [
          0.14423685530493868,
          -0.021575707135398026,
          0.044631060702339374
        ]
      }
    },
    {
      "step": 19,
      "iterations": 4,
      "residual": 6.3578918484205284e-09,
      "relative_residual": 3.00539555684663e-12,
      "coverage": {
        "n": 2070,
        "inside": 2070,
        "outside": 0,
        "minimum": [
          0.06355782499331697,
          -0.0618952731297423,
          -0.10941584985302988
        ],
        "maximum": [
          0.15376080824077143,
          -0.022736432046339183,
          0.04732718926991074
        ]
      }
    },
    {
      "step": 20,
      "iterations": 4,
      "residual": 6.574131369534625e-09,
      "relative_residual": 3.1076126614253113e-12,
      "coverage": {
        "n": 2070,
        "inside": 2070,
        "outside": 0,
        "minimum": [
          0.06743334515462063,
          -0.06511551347702577,
          -0.11574254307166389
        ],
        "maximum": [
          0.1634605486174171,
          -0.02388910575689629,
          0.05004538510734955
        ]
      }
    }
  ],
  "material_calls": 61,
  "unique_hprom_ann_queries": 124201,
  "summed_hprom_ann_seconds": 208.8089673370123,
  "worker_ecm_mdpa": [
    {
      "n_latent": 3,
      "closure": "E_to_36_slave_amplitudes",
      "stress_ecm_elements": 10,
      "total_distinct_ecm_elements": 10,
      "stress_mdpa": "/tmp/coupon_maw_dhprom_ann_906054/stress_maw10.mdpa",
      "stress_support_full_indices": [
        229,
        303,
        431,
        460,
        985,
        1030,
        1173,
        1308,
        1390,
        1457
      ],
      "minimum_adaptive_weight": 87.0923783214249,
      "maximum_weight_sum_error": 6.821210263296962e-13,
      "macro_tangent": "central_difference_of_direct_10_element_stress",
      "finite_difference_epsilon": 1e-06
    },
    {
      "n_latent": 3,
      "closure": "E_to_36_slave_amplitudes",
      "stress_ecm_elements": 10,
      "total_distinct_ecm_elements": 10,
      "stress_mdpa": "/tmp/coupon_maw_dhprom_ann_906056/stress_maw10.mdpa",
      "stress_support_full_indices": [
        229,
        303,
        431,
        460,
        985,
        1030,
        1173,
        1308,
        1390,
        1457
      ],
      "minimum_adaptive_weight": 86.97019877876623,
      "maximum_weight_sum_error": 6.821210263296962e-13,
      "macro_tangent": "central_difference_of_direct_10_element_stress",
      "finite_difference_epsilon": 1e-06
    },
    {
      "n_latent": 3,
      "closure": "E_to_36_slave_amplitudes",
      "stress_ecm_elements": 10,
      "total_distinct_ecm_elements": 10,
      "stress_mdpa": "/tmp/coupon_maw_dhprom_ann_906055/stress_maw10.mdpa",
      "stress_support_full_indices": [
        229,
        303,
        431,
        460,
        985,
        1030,
        1173,
        1308,
        1390,
        1457
      ],
      "minimum_adaptive_weight": 87.39337820644549,
      "maximum_weight_sum_error": 6.821210263296962e-13,
      "macro_tangent": "central_difference_of_direct_10_element_stress",
      "finite_difference_epsilon": 1e-06
    },
    {
      "n_latent": 3,
      "closure": "E_to_36_slave_amplitudes",
      "stress_ecm_elements": 10,
      "total_distinct_ecm_elements": 10,
      "stress_mdpa": "/tmp/coupon_maw_dhprom_ann_906057/stress_maw10.mdpa",
      "stress_support_full_indices": [
        229,
        303,
        431,
        460,
        985,
        1030,
        1173,
        1308,
        1390,
        1457
      ],
      "minimum_adaptive_weight": 86.97114501237922,
      "maximum_weight_sum_error": 6.821210263296962e-13,
      "macro_tangent": "central_difference_of_direct_10_element_stress",
      "finite_difference_epsilon": 1e-06
    },
    {
      "n_latent": 3,
      "closure": "E_to_36_slave_amplitudes",
      "stress_ecm_elements": 10,
      "total_distinct_ecm_elements": 10,
      "stress_mdpa": "/tmp/coupon_maw_dhprom_ann_906058/stress_maw10.mdpa",
      "stress_support_full_indices": [
        229,
        303,
        431,
        460,
        985,
        1030,
        1173,
        1308,
        1390,
        1457
      ],
      "minimum_adaptive_weight": 86.97768538488428,
      "maximum_weight_sum_error": 6.821210263296962e-13,
      "macro_tangent": "central_difference_of_direct_10_element_stress",
      "finite_difference_epsilon": 1e-06
    },
    {
      "n_latent": 3,
      "closure": "E_to_36_slave_amplitudes",
      "stress_ecm_elements": 10,
      "total_distinct_ecm_elements": 10,
      "stress_mdpa": "/tmp/coupon_maw_dhprom_ann_906059/stress_maw10.mdpa",
      "stress_support_full_indices": [
        229,
        303,
        431,
        460,
        985,
        1030,
        1173,
        1308,
        1390,
        1457
      ],
      "minimum_adaptive_weight": 87.68376890087747,
      "maximum_weight_sum_error": 6.821210263296962e-13,
      "macro_tangent": "central_difference_of_direct_10_element_stress",
      "finite_difference_epsilon": 1e-06
    },
    {
      "n_latent": 3,
      "closure": "E_to_36_slave_amplitudes",
      "stress_ecm_elements": 10,
      "total_distinct_ecm_elements": 10,
      "stress_mdpa": "/tmp/coupon_maw_dhprom_ann_906060/stress_maw10.mdpa",
      "stress_support_full_indices": [
        229,
        303,
        431,
        460,
        985,
        1030,
        1173,
        1308,
        1390,
        1457
      ],
      "minimum_adaptive_weight": 87.09212593357961,
      "maximum_weight_sum_error": 6.821210263296962e-13,
      "macro_tangent": "central_difference_of_direct_10_element_stress",
      "finite_difference_epsilon": 1e-06
    },
    {
      "n_latent": 3,
      "closure": "E_to_36_slave_amplitudes",
      "stress_ecm_elements": 10,
      "total_distinct_ecm_elements": 10,
      "stress_mdpa": "/tmp/coupon_maw_dhprom_ann_906062/stress_maw10.mdpa",
      "stress_support_full_indices": [
        229,
        303,
        431,
        460,
        985,
        1030,
        1173,
        1308,
        1390,
        1457
      ],
      "minimum_adaptive_weight": 86.97114503847479,
      "maximum_weight_sum_error": 6.821210263296962e-13,
      "macro_tangent": "central_difference_of_direct_10_element_stress",
      "finite_difference_epsilon": 1e-06
    },
    {
      "n_latent": 3,
      "closure": "E_to_36_slave_amplitudes",
      "stress_ecm_elements": 10,
      "total_distinct_ecm_elements": 10,
      "stress_mdpa": "/tmp/coupon_maw_dhprom_ann_906064/stress_maw10.mdpa",
      "stress_support_full_indices": [
        229,
        303,
        431,
        460,
        985,
        1030,
        1173,
        1308,
        1390,
        1457
      ],
      "minimum_adaptive_weight": 86.99094783684049,
      "maximum_weight_sum_error": 6.821210263296962e-13,
      "macro_tangent": "central_difference_of_direct_10_element_stress",
      "finite_difference_epsilon": 1e-06
    },
    {
      "n_latent": 3,
      "closure": "E_to_36_slave_amplitudes",
      "stress_ecm_elements": 10,
      "total_distinct_ecm_elements": 10,
      "stress_mdpa": "/tmp/coupon_maw_dhprom_ann_906063/stress_maw10.mdpa",
      "stress_support_full_indices": [
        229,
        303,
        431,
        460,
        985,
        1030,
        1173,
        1308,
        1390,
        1457
      ],
      "minimum_adaptive_weight": 86.98289161005255,
      "maximum_weight_sum_error": 6.821210263296962e-13,
      "macro_tangent": "central_difference_of_direct_10_element_stress",
      "finite_difference_epsilon": 1e-06
    },
    {
      "n_latent": 3,
      "closure": "E_to_36_slave_amplitudes",
      "stress_ecm_elements": 10,
      "total_distinct_ecm_elements": 10,
      "stress_mdpa": "/tmp/coupon_maw_dhprom_ann_906061/stress_maw10.mdpa",
      "stress_support_full_indices": [
        229,
        303,
        431,
        460,
        985,
        1030,
        1173,
        1308,
        1390,
        1457
      ],
      "minimum_adaptive_weight": 87.13756487302565,
      "maximum_weight_sum_error": 6.821210263296962e-13,
      "macro_tangent": "central_difference_of_direct_10_element_stress",
      "finite_difference_epsilon": 1e-06
    },
    {
      "n_latent": 3,
      "closure": "E_to_36_slave_amplitudes",
      "stress_ecm_elements": 10,
      "total_distinct_ecm_elements": 10,
      "stress_mdpa": "/tmp/coupon_maw_dhprom_ann_906065/stress_maw10.mdpa",
      "stress_support_full_indices": [
        229,
        303,
        431,
        460,
        985,
        1030,
        1173,
        1308,
        1390,
        1457
      ],
      "minimum_adaptive_weight": 87.5897981749434,
      "maximum_weight_sum_error": 6.821210263296962e-13,
      "macro_tangent": "central_difference_of_direct_10_element_stress",
      "finite_difference_epsilon": 1e-06
    },
    {
      "n_latent": 3,
      "closure": "E_to_36_slave_amplitudes",
      "stress_ecm_elements": 10,
      "total_distinct_ecm_elements": 10,
      "stress_mdpa": "/tmp/coupon_maw_dhprom_ann_906066/stress_maw10.mdpa",
      "stress_support_full_indices": [
        229,
        303,
        431,
        460,
        985,
        1030,
        1173,
        1308,
        1390,
        1457
      ],
      "minimum_adaptive_weight": 87.97240812364257,
      "maximum_weight_sum_error": 6.821210263296962e-13,
      "macro_tangent": "central_difference_of_direct_10_element_stress",
      "finite_difference_epsilon": 1e-06
    },
    {
      "n_latent": 3,
      "closure": "E_to_36_slave_amplitudes",
      "stress_ecm_elements": 10,
      "total_distinct_ecm_elements": 10,
      "stress_mdpa": "/tmp/coupon_maw_dhprom_ann_906067/stress_maw10.mdpa",
      "stress_support_full_indices": [
        229,
        303,
        431,
        460,
        985,
        1030,
        1173,
        1308,
        1390,
        1457
      ],
      "minimum_adaptive_weight": 86.98132777662497,
      "maximum_weight_sum_error": 6.821210263296962e-13,
      "macro_tangent": "central_difference_of_direct_10_element_stress",
      "finite_difference_epsilon": 1e-06
    },
    {
      "n_latent": 3,
      "closure": "E_to_36_slave_amplitudes",
      "stress_ecm_elements": 10,
      "total_distinct_ecm_elements": 10,
      "stress_mdpa": "/tmp/coupon_maw_dhprom_ann_906068/stress_maw10.mdpa",
      "stress_support_full_indices": [
        229,
        303,
        431,
        460,
        985,
        1030,
        1173,
        1308,
        1390,
        1457
      ],
      "minimum_adaptive_weight": 87.86252178829822,
      "maximum_weight_sum_error": 6.821210263296962e-13,
      "macro_tangent": "central_difference_of_direct_10_element_stress",
      "finite_difference_epsilon": 1e-06
    },
    {
      "n_latent": 3,
      "closure": "E_to_36_slave_amplitudes",
      "stress_ecm_elements": 10,
      "total_distinct_ecm_elements": 10,
      "stress_mdpa": "/tmp/coupon_maw_dhprom_ann_906069/stress_maw10.mdpa",
      "stress_support_full_indices": [
        229,
        303,
        431,
        460,
        985,
        1030,
        1173,
        1308,
        1390,
        1457
      ],
      "minimum_adaptive_weight": 87.42919369519382,
      "maximum_weight_sum_error": 6.821210263296962e-13,
      "macro_tangent": "central_difference_of_direct_10_element_stress",
      "finite_difference_epsilon": 1e-06
    },
    {
      "n_latent": 3,
      "closure": "E_to_36_slave_amplitudes",
      "stress_ecm_elements": 10,
      "total_distinct_ecm_elements": 10,
      "stress_mdpa": "/tmp/coupon_maw_dhprom_ann_906070/stress_maw10.mdpa",
      "stress_support_full_indices": [
        229,
        303,
        431,
        460,
        985,
        1030,
        1173,
        1308,
        1390,
        1457
      ],
      "minimum_adaptive_weight": 86.97795084137756,
      "maximum_weight_sum_error": 6.821210263296962e-13,
      "macro_tangent": "central_difference_of_direct_10_element_stress",
      "finite_difference_epsilon": 1e-06
    },
    {
      "n_latent": 3,
      "closure": "E_to_36_slave_amplitudes",
      "stress_ecm_elements": 10,
      "total_distinct_ecm_elements": 10,
      "stress_mdpa": "/tmp/coupon_maw_dhprom_ann_906071/stress_maw10.mdpa",
      "stress_support_full_indices": [
        229,
        303,
        431,
        460,
        985,
        1030,
        1173,
        1308,
        1390,
        1457
      ],
      "minimum_adaptive_weight": 87.09408330153103,
      "maximum_weight_sum_error": 6.821210263296962e-13,
      "macro_tangent": "central_difference_of_direct_10_element_stress",
      "finite_difference_epsilon": 1e-06
    },
    {
      "n_latent": 3,
      "closure": "E_to_36_slave_amplitudes",
      "stress_ecm_elements": 10,
      "total_distinct_ecm_elements": 10,
      "stress_mdpa": "/tmp/coupon_maw_dhprom_ann_906072/stress_maw10.mdpa",
      "stress_support_full_indices": [
        229,
        303,
        431,
        460,
        985,
        1030,
        1173,
        1308,
        1390,
        1457
      ],
      "minimum_adaptive_weight": 86.97795085170563,
      "maximum_weight_sum_error": 6.821210263296962e-13,
      "macro_tangent": "central_difference_of_direct_10_element_stress",
      "finite_difference_epsilon": 1e-06
    },
    {
      "n_latent": 3,
      "closure": "E_to_36_slave_amplitudes",
      "stress_ecm_elements": 10,
      "total_distinct_ecm_elements": 10,
      "stress_mdpa": "/tmp/coupon_maw_dhprom_ann_906073/stress_maw10.mdpa",
      "stress_support_full_indices": [
        229,
        303,
        431,
        460,
        985,
        1030,
        1173,
        1308,
        1390,
        1457
      ],
      "minimum_adaptive_weight": 87.09162529582633,
      "maximum_weight_sum_error": 6.821210263296962e-13,
      "macro_tangent": "central_difference_of_direct_10_element_stress",
      "finite_difference_epsilon": 1e-06
    }
  ],
  "macro_relative_tolerance": 1e-07,
  "macro_absolute_tolerance": 1e-05,
  "timing_scope": "macro solve including constitutive tangents, IPC and lazy worker model loading; excludes parent setup and result export",
  "source_sha256": {
    "run_hprom_ann_fe2.py": "f64e461605377b3eaa77522e1bf0254bfd8f50e533ba2f25cfb21416897a368f",
    "maw_hprom_ann_law.py": "c73a13433e3e3aef8e02e894dc2eefb16634711348391d7b93b99f55edd7ef65",
    "maw_hprom_ann_fast.py": "e8a081463492d071ca39ebf2d5fb94262c91830892aec3e35ffc4feeac5a2fec",
    "direct_hprom_ann_law.py": "7eaf91fa10d14d92984879878fc9fcb0f216fd98509614cd83c744e9c9c75dde",
    "direct_hprom_ann_fast.py": "ea8defac724f8564d8ef99fc7c891eac542fc49269220742fa64a7abd0292090",
    "reduced_stress_batch.py": "ae5347825c6cb937943e85a195dca1f641ca7289c759393082e3f4d97ae0bf5f"
  },
  "macro_mesh_sha256": "81aa5d4c646b8200fa94ccdfceb1466e7d401576b6ca14d2969f3d76105f4762",
  "rve_mesh_sha256": "82e42f23fc9bdb45933f88f8cbd4f6f5e52f5755aee7f8f28b8781bf71c87a47"
}
[VectorizedAssembler] 1546 elements, 3 GPs, total area=1.600000e-01
[ReducedAssembler] 10 elements, 3 GPs, total area=1.030459e-03
[VectorizedAssembler] 1546 elements, 3 GPs, total area=1.600000e-01
[ReducedAssembler] 10 elements, 3 GPs, total area=1.030459e-03
[VectorizedAssembler] 1546 elements, 3 GPs, total area=1.600000e-01
[ReducedAssembler] 10 elements, 3 GPs, total area=1.030459e-03
[VectorizedAssembler] 1546 elements, 3 GPs, total area=1.600000e-01
[ReducedAssembler] 10 elements, 3 GPs, total area=1.030459e-03
[VectorizedAssembler] 1546 elements, 3 GPs, total area=1.600000e-01
[ReducedAssembler] 10 elements, 3 GPs, total area=1.030459e-03
[VectorizedAssembler] 1546 elements, 3 GPs, total area=1.600000e-01
[ReducedAssembler] 10 elements, 3 GPs, total area=1.030459e-03
[VectorizedAssembler] 1546 elements, 3 GPs, total area=1.600000e-01
[ReducedAssembler] 10 elements, 3 GPs, total area=1.030459e-03
[VectorizedAssembler] 1546 elements, 3 GPs, total area=1.600000e-01
[ReducedAssembler] 10 elements, 3 GPs, total area=1.030459e-03
[VectorizedAssembler] 1546 elements, 3 GPs, total area=1.600000e-01
[ReducedAssembler] 10 elements, 3 GPs, total area=1.030459e-03
[VectorizedAssembler] 1546 elements, 3 GPs, total area=1.600000e-01
[ReducedAssembler] 10 elements, 3 GPs, total area=1.030459e-03
[VectorizedAssembler] 1546 elements, 3 GPs, total area=1.600000e-01
[ReducedAssembler] 10 elements, 3 GPs, total area=1.030459e-03
[VectorizedAssembler] 1546 elements, 3 GPs, total area=1.600000e-01
[ReducedAssembler] 10 elements, 3 GPs, total area=1.030459e-03
[VectorizedAssembler] 1546 elements, 3 GPs, total area=1.600000e-01
[ReducedAssembler] 10 elements, 3 GPs, total area=1.030459e-03
[VectorizedAssembler] 1546 elements, 3 GPs, total area=1.600000e-01
[ReducedAssembler] 10 elements, 3 GPs, total area=1.030459e-03
[VectorizedAssembler] 1546 elements, 3 GPs, total area=1.600000e-01
[ReducedAssembler] 10 elements, 3 GPs, total area=1.030459e-03
[VectorizedAssembler] 1546 elements, 3 GPs, total area=1.600000e-01
[ReducedAssembler] 10 elements, 3 GPs, total area=1.030459e-03
[VectorizedAssembler] 1546 elements, 3 GPs, total area=1.600000e-01
[ReducedAssembler] 10 elements, 3 GPs, total area=1.030459e-03
[VectorizedAssembler] 1546 elements, 3 GPs, total area=1.600000e-01
[ReducedAssembler] 10 elements, 3 GPs, total area=1.030459e-03
[VectorizedAssembler] 1546 elements, 3 GPs, total area=1.600000e-01
[ReducedAssembler] 10 elements, 3 GPs, total area=1.030459e-03
[VectorizedAssembler] 1546 elements, 3 GPs, total area=1.600000e-01
[ReducedAssembler] 10 elements, 3 GPs, total area=1.030459e-03
 |  /           |                  
 ' /   __| _` | __|  _ \   __|    
 . \  |   (   | |   (   |\__ \  
_|\_\_|  \__,_|\__|\___/ ____/
           Multi-Physics 10.3."0"-master-532e0dba7df-Release-x86_64
           Compiled for GNU/Linux and Python3.12 with GCC-13.3
Compiled with threading support. Threading support with OpenMP.
Maximum number of threads: 1.
Importing    KratosStructuralMechanicsApplication 
    KRATOS   ___|  |                   |                   |
           \___ \  __|  __| |   |  __| __| |   |  __| _` | |
                 | |   |    |   | (    |   |   | |   (   | |
           _____/ \__|_|   \__,_|\___|\__|\__,_|_|  \__,_|_| MECHANICS
Initializing KratosStructuralMechanicsApplication...
Importing    KratosConstitutiveLawsApplication 
Initializing KratosConstitutiveLawsApplication...
[WARNING] DEPRECATION-Warning; MechanicalSolver: Using "line_search", please move it to "solving_strategy_settings" as "type" 
::[MechanicalSolver]:: : Construction finished 
::[StaticMechanicalSolver]:: : Construction finished 
::[MechanicalSolver]:: : Variables ADDED 
[WARNING] Model: Trying to create a root modelpart with name Structure however a ModelPart with the same name already exists. 
Returning the already existent ModelPart.
SingleImportModelPart: Reading model part from file: "/home/sares/ML_assisted_CLs_clean/coupon_fe2_paper/01_macro_prepass/coupon_conv_div4".mdpa
ModelPartIO:   [Reading Nodes    : 1501 nodes read]
ModelPartIO:   [Reading Geometries : 690 geometries read] [Type: Triangle2D6]
ModelPartIO:   [Total Lines Read : 4431]
SingleImportModelPart: Finished reading model part from mdpa file.
::[PythonSolver]::: Reading model part. 
::[PythonSolver]::: Using already imported model part - no reading necessary. 
ModelPart: -Structure- model part
    Buffer Size : 1
    Number of tables : 0
    Number of sub model parts : 2
    Current solution step index : 0
    DOMAIN_SIZE : 2
    OSS_SWITCH : 0
    IS_RESTARTED : 0

    Number of Geometries  : 690
    Mesh 0 :
        Number of Nodes       : 1501
        Number of Properties  : 1
        Number of Elements    : 690
        Number of Conditions  : 0
        Number of Constraints : 0

    -dirichlet- model part
        Number of tables : 0
        Number of sub model parts : 0

        Number of Geometries  : 0
        Mesh 0 :
            Number of Nodes       : 26
            Number of Properties  : 0
            Number of Elements    : 0
            Number of Conditions  : 0
            Number of Constraints : 0
    -material- model part
        Number of tables : 0
        Number of sub model parts : 0

        Number of Geometries  : 690
        Mesh 0 :
            Number of Nodes       : 1501
            Number of Properties  : 0
            Number of Elements    : 690
            Number of Conditions  : 0
            Number of Constraints : 0
 
::[PythonSolver]:: : Finished reading model part. 
Read materials: Started
Read materials: Finished
::[MechanicalSolver]:: : Constitutive law was successfully imported. 
::[MechanicalSolver]::: ModelPart prepared for Solver. 
::[MechanicalSolver]:: : DOF's ADDED 
::[MechanicalSolver]:: : Initializing ... 
Importing    LinearSolversApplication 
    Kratos  _     _                       ____        _
           | |   (_)_ __   ___  __ _ _ __/ ___|  ___ | |_   _____ _ __ ___
           | |   | | '_ \ / _ \/ _` | '__\___ \ / _ \| \ \ / / _ \ '__/ __|
           | |___| | | | |  __/ (_| | |   ___) | (_) | |\ V /  __/ |  \__ \
           |_____|_|_| |_|\___|\__,_|_|  |____/ \___/|_| \_/ \___|_|  |___/
Initializing KratosLinearSolversApplication...
Linear-Solver-Factory: Constructing a regular (non-complex) linear-solver 
::[MechanicalSolver]:: : Finished initialization. 
Analysis: Analysis -START-  
Deregistering KratosMultiphysics
Deregistering ConstitutiveLawsApplication
Deregistering LinearSolversApplication
Deregistering StructuralMechanicsApplication
