 |  /           |                  
 ' /   __| _` | __|  _ \   __|    
 . \  |   (   | |   (   |\__ \  
_|\_\_|  \__,_|\__|\___/ ____/
           Multi-Physics 10.3."0"-master-532e0dba7df-Release-x86_64
           Compiled for GNU/Linux and Python3.12 with GCC-13.3
Compiled with threading support. Threading support with OpenMP.
Maximum number of threads: 1.
Importing    KratosStructuralMechanicsApplication 
    KRATOS   ___|  |                   |                   |
           \___ \  __|  __| |   |  __| __| |   |  __| _` | |
                 | |   |    |   | (    |   |   | |   (   | |
           _____/ \__|_|   \__,_|\___|\__|\__,_|_|  \__,_|_| MECHANICS
Initializing KratosStructuralMechanicsApplication...
Importing    KratosConstitutiveLawsApplication 
Initializing KratosConstitutiveLawsApplication...
[WARNING] DEPRECATION-Warning; MechanicalSolver: Using "line_search", please move it to "solving_strategy_settings" as "type" 
::[MechanicalSolver]:: : Construction finished 
::[StaticMechanicalSolver]:: : Construction finished 
::[MechanicalSolver]:: : Variables ADDED 
[WARNING] Model: Trying to create a root modelpart with name Structure however a ModelPart with the same name already exists. 
Returning the already existent ModelPart.
SingleImportModelPart: Reading model part from file: "/home/sares/ML_assisted_CLs_clean/coupon_fe2_paper/03_data/rve_mesh".mdpa
ModelPartIO:   [Reading Nodes    : 3240 nodes read]
ModelPartIO:   [Reading Geometries : 1546 geometries read] [Type: Triangle2D6]
ModelPartIO:   [Total Lines Read : 9751]
SingleImportModelPart: Finished reading model part from mdpa file.
::[PythonSolver]::: Reading model part. 
::[PythonSolver]::: Using already imported model part - no reading necessary. 
ModelPart: -Structure- model part
    Buffer Size : 1
    Number of tables : 0
    Number of sub model parts : 2
    Current solution step index : 0
    DOMAIN_SIZE : 2
    OSS_SWITCH : 0
    IS_RESTARTED : 0

    Number of Geometries  : 1546
    Mesh 0 :
        Number of Nodes       : 3240
        Number of Properties  : 1
        Number of Elements    : 1546
        Number of Conditions  : 0
        Number of Constraints : 0

    -dirichlet- model part
        Number of tables : 0
        Number of sub model parts : 0

        Number of Geometries  : 0
        Mesh 0 :
            Number of Nodes       : 156
            Number of Properties  : 0
            Number of Elements    : 0
            Number of Conditions  : 0
            Number of Constraints : 0
    -material- model part
        Number of tables : 0
        Number of sub model parts : 0

        Number of Geometries  : 1546
        Mesh 0 :
            Number of Nodes       : 3240
            Number of Properties  : 0
            Number of Elements    : 1546
            Number of Conditions  : 0
            Number of Constraints : 0
 
::[PythonSolver]:: : Finished reading model part. 
Read materials: Started
Read materials: Finished
::[MechanicalSolver]:: : Constitutive law was successfully imported. 
::[MechanicalSolver]::: ModelPart prepared for Solver. 
::[MechanicalSolver]:: : DOF's ADDED 
::[MechanicalSolver]:: : Initializing ... 
Importing    LinearSolversApplication 
    Kratos  _     _                       ____        _
           | |   (_)_ __   ___  __ _ _ __/ ___|  ___ | |_   _____ _ __ ___
           | |   | | '_ \ / _ \/ _` | '__\___ \ / _ \| \ \ / / _ \ '__/ __|
           | |___| | | | |  __/ (_| | |   ___) | (_) | |\ V /  __/ |  \__ \
           |_____|_|_| |_|\___|\__,_|_|  |____/ \___/|_| \_/ \___|_|  |___/
Initializing KratosLinearSolversApplication...
Linear-Solver-Factory: Constructing a regular (non-complex) linear-solver 
::[MechanicalSolver]:: : Finished initialization. 
Analysis: Analysis -START-  
[WARNING] DEPRECATION-Warning; MechanicalSolver: Using "line_search", please move it to "solving_strategy_settings" as "type" 
::[MechanicalSolver]:: : Construction finished 
::[StaticMechanicalSolver]:: : Construction finished 
::[MechanicalSolver]:: : Variables ADDED 
[WARNING] Model: Trying to create a root modelpart with na[VectorizedAssembler] 690 elements, 3 GPs, total area=1.311591e-04
[macro] 3002 dofs, 13/13 end-face nodes
  step  1/20 iter  1: |R|=2.06084e+03, rel=1.000e+00, wall=0.36s
 |  /           |                  
 ' /   __| _` | __|  _ \   __|    
 . \  |   (   | |   (   |\__ \  
_|\_\_|  \__,_|\__|\___/ ____/
           Multi-Physics 10.3."0"-master-532e0dba7df-Release-x86_64
           Compiled for GNU/Linux and Python3.12 with GCC-13.3
Compiled with threading support. Threading support with OpenMP.
Maximum number of threads: 1.
Importing    KratosStructuralMechanicsApplication 
    KRATOS   ___|  |                   |                   |
           \___ \  __|  __| |   |  __| __| |   |  __| _` | |
                 | |   |    |   | (    |   |   | |   (   | |
           _____/ \__|_|   \__,_|\___|\__|\__,_|_|  \__,_|_| MECHANICS
Initializing KratosStructuralMechanicsApplication...
Importing    KratosConstitutiveLawsApplication 
Initializing KratosConstitutiveLawsApplication...
[WARNING] DEPRECATION-Warning; MechanicalSolver: Using "line_search", please move it to "solving_strategy_settings" as "type" 
::[MechanicalSolver]:: : Construction finished 
::[StaticMechanicalSolver]:: : Construction finished 
::[MechanicalSolver]:: : Variables ADDED 
[WARNING] Model: Trying to create a root modelpart with name Structure however a ModelPart with the same name already exists. 
Returning the already existent ModelPart.
SingleImportModelPart: Reading model part from file: "/home/sares/ML_assisted_CLs_clean/coupon_fe2_paper/03_data/rve_mesh".mdpa
ModelPartIO:   [Reading Nodes    : 3240 nodes read]
ModelPartIO:   [Reading Geometries : 1546 geometries read] [Type: Triangle2D6]
ModelPartIO:   [Total Lines Read : 9751]
SingleImportModelPart: Finished reading model part from mdpa file.
::[PythonSolver]::: Reading model part. 
::[PythonSolver]::: Using already imported model part - no reading necessary. 
ModelPart: -Structure- model part
    Buffer Size : 1
    Number of tables : 0
    Number of sub model parts : 2
    Current solution step index : 0
    DOMAIN_SIZE : 2
    OSS_SWITCH : 0
    IS_RESTARTED : 0

    Number of Geometries  : 1546
    Mesh 0 :
        Number of Nodes       : 3240
        Number of Properties  : 1
        Number of Elements    : 1546
        Number of Conditions  : 0
        Number of Constraints : 0

    -dirichlet- model part
        Number of tables : 0
        Number of sub model parts : 0

        Number of Geometries  : 0
        Mesh 0 :
            Number of Nodes       : 156
            Number of Properties  : 0
            Number of Elements    : 0
            Number of Conditions  : 0
            Number of Constraints : 0
    -material- model part
        Number of tables : 0
        Number of sub model parts : 0

        Number of Geometries  : 1546
        Mesh 0 :
            Number of Nodes       : 3240
            Number of Properties  : 0
            Number of Elements    : 1546
            Number of Conditions  : 0
            Number of Constraints : 0
 
::[PythonSolver]:: : Finished reading model part. 
Read materials: Started
Read materials: Finished
::[MechanicalSolver]:: : Constitutive law was successfully imported. 
::[MechanicalSolver]::: ModelPart prepared for Solver. 
::[MechanicalSolver]:: : DOF's ADDED 
::[MechanicalSolver]:: : Initializing ... 
Importing    LinearSolversApplication 
    Kratos  _     _                       ____        _
           | |   (_)_ __   ___  __ _ _ __/ ___|  ___ | |_   _____ _ __ ___
           | |   | | '_ \ / _ \/ _` | '__\___ \ / _ \| \ \ / / _ \ '__/ __|
           | |___| | | | |  __/ (_| | |   ___) | (_) | |\ V /  __/ |  \__ \
           |_____|_|_| |_|\___|\__,_|_|  |____/ \___/|_| \_/ \___|_|  |___/
Initializing KratosLinearSolversApplication...
Linear-Solver-Factory: Constructing a regular (non-complex) linear-solver 
::[MechanicalSolver]:: : Finished initialization. 
Analysis: Analysis -START-  
[WARNING] DEPRECATION-Warning; MechanicalSolver: Using "line_search", please move it to "solving_strategy_settings" as "type" 
::[MechanicalSolver]:: : Construction finished 
::[StaticMechanicalSolver]:: : Construction finished 
::[MechanicalSolver]:: : Variables ADDED 
[WARNING] Model: Trying to create a root modelpart with na |  /           |                  
 ' /   __| _` | __|  _ \   __|    
 . \  |   (   | |   (   |\__ \  
_|\_\_|  \__,_|\__|\___/ ____/
           Multi-Physics 10.3."0"-master-532e0dba7df-Release-x86_64
           Compiled for GNU/Linux and Python3.12 with GCC-13.3
Compiled with threading support. Threading support with OpenMP.
Maximum number of threads: 1.
Importing    KratosStructuralMechanicsApplication 
    KRATOS   ___|  |                   |                   |
           \___ \  __|  __| |   |  __| __| |   |  __| _` | |
                 | |   |    |   | (    |   |   | |   (   | |
           _____/ \__|_|   \__,_|\___|\__|\__,_|_|  \__,_|_| MECHANICS
Initializing KratosStructuralMechanicsApplication...
Importing    KratosConstitutiveLawsApplication 
Initializing KratosConstitutiveLawsApplication...
[WARNING] DEPRECATION-Warning; MechanicalSolver: Using "line_search", please move it to "solving_strategy_settings" as "type" 
::[MechanicalSolver]:: : Construction finished 
::[StaticMechanicalSolver]:: : Construction finished 
::[MechanicalSolver]:: : Variables ADDED 
[WARNING] Model: Trying to create a root modelpart with name Structure however a ModelPart with the same name already exists. 
Returning the already existent ModelPart.
SingleImportModelPart: Reading model part from file: "/home/sares/ML_assisted_CLs_clean/coupon_fe2_paper/03_data/rve_mesh".mdpa
ModelPartIO:   [Reading Nodes    : 3240 nodes read]
ModelPartIO:   [Reading Geometries : 1546 geometries read] [Type: Triangle2D6]
ModelPartIO:   [Total Lines Read : 9751]
SingleImportModelPart: Finished reading model part from mdpa file.
::[PythonSolver]::: Reading model part. 
::[PythonSolver]::: Using already imported model part - no reading necessary. 
ModelPart: -Structure- model part
    Buffer Size : 1
    Number of tables : 0
    Number of sub model parts : 2
    Current solution step index : 0
    DOMAIN_SIZE : 2
    OSS_SWITCH : 0
    IS_RESTARTED : 0

    Number of Geometries  : 1546
    Mesh 0 :
        Number of Nodes       : 3240
        Number of Properties  : 1
        Number of Elements    : 1546
        Number of Conditions  : 0
        Number of Constraints : 0

    -dirichlet- model part
        Number of tables : 0
        Number of sub model parts : 0

        Number of Geometries  : 0
        Mesh 0 :
            Number of Nodes       : 156
            Number of Properties  : 0
            Number of Elements    : 0
            Number of Conditions  : 0
            Number of Constraints : 0
    -material- model part
        Number of tables : 0
        Number of sub model parts : 0

        Number of Geometries  : 1546
        Mesh 0 :
            Number of Nodes       : 3240
            Number of Properties  : 0
            Number of Elements    : 1546
            Number of Conditions  : 0
            Number of Constraints : 0
 
::[PythonSolver]:: : Finished reading model part. 
Read materials: Started
Read materials: Finished
::[MechanicalSolver]:: : Constitutive law was successfully imported. 
::[MechanicalSolver]::: ModelPart prepared for Solver. 
::[MechanicalSolver]:: : DOF's ADDED 
::[MechanicalSolver]:: : Initializing ... 
Importing    LinearSolversApplication 
    Kratos  _     _                       ____        _
           | |   (_)_ __   ___  __ _ _ __/ ___|  ___ | |_   _____ _ __ ___
           | |   | | '_ \ / _ \/ _` | '__\___ \ / _ \| \ \ / / _ \ '__/ __|
           | |___| | | | |  __/ (_| | |   ___) | (_) | |\ V /  __/ |  \__ \
           |_____|_|_| |_|\___|\__,_|_|  |____/ \___/|_| \_/ \___|_|  |___/
Initializing KratosLinearSolversApplication...
Linear-Solver-Factory: Constructing a regular (non-complex) linear-solver 
::[MechanicalSolver]:: : Finished initialization. 
Analysis: Analysis -START-  
[WARNING] DEPRECATION-Warning; MechanicalSolver: Using "line_search", please move it to "solving_strategy_settings" as "type" 
::[MechanicalSolver]:: : Construction finished 
::[StaticMechanicalSolver]:: : Construction finished 
::[MechanicalSolver]:: : Variables ADDED 
[WARNING] Model: Trying to create a root modelpart with na |  /           |                  
 ' /   __| _` | __|  _ \   __|    
 . \  |   (   | |   (   |\__ \  
_|\_\_|  \__,_|\__|\___/ ____/
           Multi-Physics 10.3."0"-master-532e0dba7df-Release-x86_64
           Compiled for GNU/Linux and Python3.12 with GCC-13.3
Compiled with threading support. Threading support with OpenMP.
Maximum number of threads: 1.
Importing    KratosStructuralMechanicsApplication 
    KRATOS   ___|  |                   |                   |
           \___ \  __|  __| |   |  __| __| |   |  __| _` | |
                 | |   |    |   | (    |   |   | |   (   | |
           _____/ \__|_|   \__,_|\___|\__|\__,_|_|  \__,_|_| MECHANICS
Initializing KratosStructuralMechanicsApplication...
Importing    KratosConstitutiveLawsApplication 
Initializing KratosConstitutiveLawsApplication...
[WARNING] DEPRECATION-Warning; MechanicalSolver: Using "line_search", please move it to "solving_strategy_settings" as "type" 
::[MechanicalSolver]:: : Construction finished 
::[StaticMechanicalSolver]:: : Construction finished 
::[MechanicalSolver]:: : Variables ADDED 
[WARNING] Model: Trying to create a root modelpart with name Structure however a ModelPart with the same name already exists. 
Returning the already existent ModelPart.
SingleImportModelPart: Reading model part from file: "/home/sares/ML_assisted_CLs_clean/coupon_fe2_paper/03_data/rve_mesh".mdpa
ModelPartIO:   [Reading Nodes    : 3240 nodes read]
ModelPartIO:   [Reading Geometries : 1546 geometries read] [Type: Triangle2D6]
ModelPartIO:   [Total Lines Read : 9751]
SingleImportModelPart: Finished reading model part from mdpa file.
::[PythonSolver]::: Reading model part. 
::[PythonSolver]::: Using already imported model part - no reading necessary. 
ModelPart: -Structure- model part
    Buffer Size : 1
    Number of tables : 0
    Number of sub model parts : 2
    Current solution step index : 0
    DOMAIN_SIZE : 2
    OSS_SWITCH : 0
    IS_RESTARTED : 0

    Number of Geometries  : 1546
    Mesh 0 :
        Number of Nodes       : 3240
        Number of Properties  : 1
        Number of Elements    : 1546
        Number of Conditions  : 0
        Number of Constraints : 0

    -dirichlet- model part
        Number of tables : 0
        Number of sub model parts : 0

        Number of Geometries  : 0
        Mesh 0 :
            Number of Nodes       : 156
            Number of Properties  : 0
            Number of Elements    : 0
            Number of Conditions  : 0
            Number of Constraints : 0
    -material- model part
        Number of tables : 0
        Number of sub model parts : 0

        Number of Geometries  : 1546
        Mesh 0 :
            Number of Nodes       : 3240
            Number of Properties  : 0
            Number of Elements    : 1546
            Number of Conditions  : 0
            Number of Constraints : 0
 
::[PythonSolver]:: : Finished reading model part. 
Read materials: Started
Read materials: Finished
::[MechanicalSolver]:: : Constitutive law was successfully imported. 
::[MechanicalSolver]::: ModelPart prepared for Solver. 
::[MechanicalSolver]:: : DOF's ADDED 
::[MechanicalSolver]:: : Initializing ... 
Importing    LinearSolversApplication 
    Kratos  _     _                       ____        _
           | |   (_)_ __   ___  __ _ _ __/ ___|  ___ | |_   _____ _ __ ___
           | |   | | '_ \ / _ \/ _` | '__\___ \ / _ \| \ \ / / _ \ '__/ __|
           | |___| | | | |  __/ (_| | |   ___) | (_) | |\ V /  __/ |  \__ \
           |_____|_|_| |_|\___|\__,_|_|  |____/ \___/|_| \_/ \___|_|  |___/
Initializing KratosLinearSolversApplication...
Linear-Solver-Factory: Constructing a regular (non-complex) linear-solver 
::[MechanicalSolver]:: : Finished initialization. 
Analysis: Analysis -START-  
[WARNING] DEPRECATION-Warning; MechanicalSolver: Using "line_search", please move it to "solving_strategy_settings" as "type" 
::[MechanicalSolver]:: : Construction finished 
::[StaticMechanicalSolver]:: : Construction finished 
::[MechanicalSolver]:: : Variables ADDED 
[WARNING] Model: Trying to create a root modelpart with na |  /           |                  
 ' /   __| _` | __|  _ \   __|    
 . \  |   (   | |   (   |\__ \  
_|\_\_|  \__,_|\__|\___/ ____/
           Multi-Physics 10.3."0"-master-532e0dba7df-Release-x86_64
           Compiled for GNU/Linux and Python3.12 with GCC-13.3
Compiled with threading support. Threading support with OpenMP.
Maximum number of threads: 1.
Importing    KratosStructuralMechanicsApplication 
    KRATOS   ___|  |                   |                   |
           \___ \  __|  __| |   |  __| __| |   |  __| _` | |
                 | |   |    |   | (    |   |   | |   (   | |
           _____/ \__|_|   \__,_|\___|\__|\__,_|_|  \__,_|_| MECHANICS
Initializing KratosStructuralMechanicsApplication...
Importing    KratosConstitutiveLawsApplication 
Initializing KratosConstitutiveLawsApplication...
[WARNING] DEPRECATION-Warning; MechanicalSolver: Using "line_search", please move it to "solving_strategy_settings" as "type" 
::[MechanicalSolver]:: : Construction finished 
::[StaticMechanicalSolver]:: : Construction finished 
::[MechanicalSolver]:: : Variables ADDED 
[WARNING] Model: Trying to create a root modelpart with name Structure however a ModelPart with the same name already exists. 
Returning the already existent ModelPart.
SingleImportModelPart: Reading model part from file: "/home/sares/ML_assisted_CLs_clean/coupon_fe2_paper/03_data/rve_mesh".mdpa
ModelPartIO:   [Reading Nodes    : 3240 nodes read]
ModelPartIO:   [Reading Geometries : 1546 geometries read] [Type: Triangle2D6]
ModelPartIO:   [Total Lines Read : 9751]
SingleImportModelPart: Finished reading model part from mdpa file.
::[PythonSolver]::: Reading model part. 
::[PythonSolver]::: Using already imported model part - no reading necessary. 
ModelPart: -Structure- model part
    Buffer Size : 1
    Number of tables : 0
    Number of sub model parts : 2
    Current solution step index : 0
    DOMAIN_SIZE : 2
    OSS_SWITCH : 0
    IS_RESTARTED : 0

    Number of Geometries  : 1546
    Mesh 0 :
        Number of Nodes       : 3240
        Number of Properties  : 1
        Number of Elements    : 1546
        Number of Conditions  : 0
        Number of Constraints : 0

    -dirichlet- model part
        Number of tables : 0
        Number of sub model parts : 0

        Number of Geometries  : 0
        Mesh 0 :
            Number of Nodes       : 156
            Number of Properties  : 0
            Number of Elements    : 0
            Number of Conditions  : 0
            Number of Constraints : 0
    -material- model part
        Number of tables : 0
        Number of sub model parts : 0

        Number of Geometries  : 1546
        Mesh 0 :
            Number of Nodes       : 3240
            Number of Properties  : 0
            Number of Elements    : 1546
            Number of Conditions  : 0
            Number of Constraints : 0
 
::[PythonSolver]:: : Finished reading model part. 
Read materials: Started
Read materials: Finished
::[MechanicalSolver]:: : Constitutive law was successfully imported. 
::[MechanicalSolver]::: ModelPart prepared for Solver. 
::[MechanicalSolver]:: : DOF's ADDED 
::[MechanicalSolver]:: : Initializing ... 
Importing    LinearSolversApplication 
    Kratos  _     _                       ____        _
           | |   (_)_ __   ___  __ _ _ __/ ___|  ___ | |_   _____ _ __ ___
           | |   | | '_ \ / _ \/ _` | '__\___ \ / _ \| \ \ / / _ \ '__/ __|
           | |___| | | | |  __/ (_| | |   ___) | (_) | |\ V /  __/ |  \__ \
           |_____|_|_| |_|\___|\__,_|_|  |____/ \___/|_| \_/ \___|_|  |___/
Initializing KratosLinearSolversApplication...
Linear-Solver-Factory: Constructing a regular (non-complex) linear-solver 
::[MechanicalSolver]:: : Finished initialization. 
Analysis: Analysis -START-  
[WARNING] DEPRECATION-Warning; MechanicalSolver: Using "line_search", please move it to "solving_strategy_settings" as "type" 
::[MechanicalSolver]:: : Construction finished 
::[StaticMechanicalSolver]:: : Construction finished 
::[MechanicalSolver]:: : Variables ADDED 
[WARNING] Model: Trying to create a root modelpart with na |  /           |                  
 ' /   __| _` | __|  _ \   __|    
 . \  |   (   | |   (   |\__ \  
_|\_\_|  \__,_|\__|\___/ ____/
           Multi-Physics 10.3."0"-master-532e0dba7df-Release-x86_64
           Compiled for GNU/Linux and Python3.12 with GCC-13.3
Compiled with threading support. Threading support with OpenMP.
Maximum number of threads: 1.
Importing    KratosStructuralMechanicsApplication 
    KRATOS   ___|  |                   |                   |
           \___ \  __|  __| |   |  __| __| |   |  __| _` | |
                 | |   |    |   | (    |   |   | |   (   | |
           _____/ \__|_|   \__,_|\___|\__|\__,_|_|  \__,_|_| MECHANICS
Initializing KratosStructuralMechanicsApplication...
Importing    KratosConstitutiveLawsApplication 
Initializing KratosConstitutiveLawsApplication...
[WARNING] DEPRECATION-Warning; MechanicalSolver: Using "line_search", please move it to "solving_strategy_settings" as "type" 
::[MechanicalSolver]:: : Construction finished 
::[StaticMechanicalSolver]:: : Construction finished 
::[MechanicalSolver]:: : Variables ADDED 
[WARNING] Model: Trying to create a root modelpart with name Structure however a ModelPart with the same name already exists. 
Returning the already existent ModelPart.
SingleImportModelPart: Reading model part from file: "/home/sares/ML_assisted_CLs_clean/coupon_fe2_paper/03_data/rve_mesh".mdpa
ModelPartIO:   [Reading Nodes    : 3240 nodes read]
ModelPartIO:   [Reading Geometries : 1546 geometries read] [Type: Triangle2D6]
ModelPartIO:   [Total Lines Read : 9751]
SingleImportModelPart: Finished reading model part from mdpa file.
::[PythonSolver]::: Reading model part. 
::[PythonSolver]::: Using already imported model part - no reading necessary. 
ModelPart: -Structure- model part
    Buffer Size : 1
    Number of tables : 0
    Number of sub model parts : 2
    Current solution step index : 0
    DOMAIN_SIZE : 2
    OSS_SWITCH : 0
    IS_RESTARTED : 0

    Number of Geometries  : 1546
    Mesh 0 :
        Number of Nodes       : 3240
        Number of Properties  : 1
        Number of Elements    : 1546
        Number of Conditions  : 0
        Number of Constraints : 0

    -dirichlet- model part
        Number of tables : 0
        Number of sub model parts : 0

        Number of Geometries  : 0
        Mesh 0 :
            Number of Nodes       : 156
            Number of Properties  : 0
            Number of Elements    : 0
            Number of Conditions  : 0
            Number of Constraints : 0
    -material- model part
        Number of tables : 0
        Number of sub model parts : 0

        Number of Geometries  : 1546
        Mesh 0 :
            Number of Nodes       : 3240
            Number of Properties  : 0
            Number of Elements    : 1546
            Number of Conditions  : 0
            Number of Constraints : 0
 
::[PythonSolver]:: : Finished reading model part. 
Read materials: Started
Read materials: Finished
::[MechanicalSolver]:: : Constitutive law was successfully imported. 
::[MechanicalSolver]::: ModelPart prepared for Solver. 
::[MechanicalSolver]:: : DOF's ADDED 
::[MechanicalSolver]:: : Initializing ... 
Importing    LinearSolversApplication 
    Kratos  _     _                       ____        _
           | |   (_)_ __   ___  __ _ _ __/ ___|  ___ | |_   _____ _ __ ___
           | |   | | '_ \ / _ \/ _` | '__\___ \ / _ \| \ \ / / _ \ '__/ __|
           | |___| | | | |  __/ (_| | |   ___) | (_) | |\ V /  __/ |  \__ \
           |_____|_|_| |_|\___|\__,_|_|  |____/ \___/|_| \_/ \___|_|  |___/
Initializing KratosLinearSolversApplication...
Linear-Solver-Factory: Constructing a regular (non-complex) linear-solver 
::[MechanicalSolver]:: : Finished initialization. 
Analysis: Analysis -START-  
[WARNING] DEPRECATION-Warning; MechanicalSolver: Using "line_search", please move it to "solving_strategy_settings" as "type" 
::[MechanicalSolver]:: : Construction finished 
::[StaticMechanicalSolver]:: : Construction finished 
::[MechanicalSolver]:: : Variables ADDED 
[WARNING] Model: Trying to create a root modelpart with na |  /           |                  
 ' /   __| _` | __|  _ \   __|    
 . \  |   (   | |   (   |\__ \  
_|\_\_|  \__,_|\__|\___/ ____/
           Multi-Physics 10.3."0"-master-532e0dba7df-Release-x86_64
           Compiled for GNU/Linux and Python3.12 with GCC-13.3
Compiled with threading support. Threading support with OpenMP.
Maximum number of threads: 1.
Importing    KratosStructuralMechanicsApplication 
    KRATOS   ___|  |                   |                   |
           \___ \  __|  __| |   |  __| __| |   |  __| _` | |
                 | |   |    |   | (    |   |   | |   (   | |
           _____/ \__|_|   \__,_|\___|\__|\__,_|_|  \__,_|_| MECHANICS
Initializing KratosStructuralMechanicsApplication...
Importing    KratosConstitutiveLawsApplication 
Initializing KratosConstitutiveLawsApplication...
[WARNING] DEPRECATION-Warning; MechanicalSolver: Using "line_search", please move it to "solving_strategy_settings" as "type" 
::[MechanicalSolver]:: : Construction finished 
::[StaticMechanicalSolver]:: : Construction finished 
::[MechanicalSolver]:: : Variables ADDED 
[WARNING] Model: Trying to create a root modelpart with name Structure however a ModelPart with the same name already exists. 
Returning the already existent ModelPart.
SingleImportModelPart: Reading model part from file: "/home/sares/ML_assisted_CLs_clean/coupon_fe2_paper/03_data/rve_mesh".mdpa
ModelPartIO:   [Reading Nodes    : 3240 nodes read]
ModelPartIO:   [Reading Geometries : 1546 geometries read] [Type: Triangle2D6]
ModelPartIO:   [Total Lines Read : 9751]
SingleImportModelPart: Finished reading model part from mdpa file.
::[PythonSolver]::: Reading model part. 
::[PythonSolver]::: Using already imported model part - no reading necessary. 
ModelPart: -Structure- model part
    Buffer Size : 1
    Number of tables : 0
    Number of sub model parts : 2
    Current solution step index : 0
    DOMAIN_SIZE : 2
    OSS_SWITCH : 0
    IS_RESTARTED : 0

    Number of Geometries  : 1546
    Mesh 0 :
        Number of Nodes       : 3240
        Number of Properties  : 1
        Number of Elements    : 1546
        Number of Conditions  : 0
        Number of Constraints : 0

    -dirichlet- model part
        Number of tables : 0
        Number of sub model parts : 0

        Number of Geometries  : 0
        Mesh 0 :
            Number of Nodes       : 156
            Number of Properties  : 0
            Number of Elements    : 0
            Number of Conditions  : 0
            Number of Constraints : 0
    -material- model part
        Number of tables : 0
        Number of sub model parts : 0

        Number of Geometries  : 1546
        Mesh 0 :
            Number of Nodes       : 3240
            Number of Properties  : 0
            Number of Elements    : 1546
            Number of Conditions  : 0
            Number of Constraints : 0
 
::[PythonSolver]:: : Finished reading model part. 
Read materials: Started
Read materials: Finished
::[MechanicalSolver]:: : Constitutive law was successfully imported. 
::[MechanicalSolver]::: ModelPart prepared for Solver. 
::[MechanicalSolver]:: : DOF's ADDED 
::[MechanicalSolver]:: : Initializing ... 
Importing    LinearSolversApplication 
    Kratos  _     _                       ____        _
           | |   (_)_ __   ___  __ _ _ __/ ___|  ___ | |_   _____ _ __ ___
           | |   | | '_ \ / _ \/ _` | '__\___ \ / _ \| \ \ / / _ \ '__/ __|
           | |___| | | | |  __/ (_| | |   ___) | (_) | |\ V /  __/ |  \__ \
           |_____|_|_| |_|\___|\__,_|_|  |____/ \___/|_| \_/ \___|_|  |___/
Initializing KratosLinearSolversApplication...
Linear-Solver-Factory: Constructing a regular (non-complex) linear-solver 
::[MechanicalSolver]:: : Finished initialization. 
Analysis: Analysis -START-  
[WARNING] DEPRECATION-Warning; MechanicalSolver: Using "line_search", please move it to "solving_strategy_settings" as "type" 
::[MechanicalSolver]:: : Construction finished 
::[StaticMechanicalSolver]:: : Construction finished 
::[MechanicalSolver]:: : Variables ADDED 
[WARNING] Model: Trying to create a root modelpart with na |  /           |                  
 ' /   __| _` | __|  _ \   __|    
 . \  |   (   | |   (   |\__ \  
_|\_\_|  \__,_|\__|\___/ ____/
           Multi-Physics 10.3."0"-master-532e0dba7df-Release-x86_64
           Compiled for GNU/Linux and Python3.12 with GCC-13.3
Compiled with threading support. Threading support with OpenMP.
Maximum number of threads: 1.
Importing    KratosStructuralMechanicsApplication 
    KRATOS   ___|  |                   |                   |
           \___ \  __|  __| |   |  __| __| |   |  __| _` | |
                 | |   |    |   | (    |   |   | |   (   | |
           _____/ \__|_|   \__,_|\___|\__|\__,_|_|  \__,_|_| MECHANICS
Initializing KratosStructuralMechanicsApplication...
Importing    KratosConstitutiveLawsApplication 
Initializing KratosConstitutiveLawsApplication...
[WARNING] DEPRECATION-Warning; MechanicalSolver: Using "line_search", please move it to "solving_strategy_settings" as "type" 
::[MechanicalSolver]:: : Construction finished 
::[StaticMechanicalSolver]:: : Construction finished 
::[MechanicalSolver]:: : Variables ADDED 
[WARNING] Model: Trying to create a root modelpart with name Structure however a ModelPart with the same name already exists. 
Returning the already existent ModelPart.
SingleImportModelPart: Reading model part from file: "/home/sares/ML_assisted_CLs_clean/coupon_fe2_paper/03_data/rve_mesh".mdpa
ModelPartIO:   [Reading Nodes    : 3240 nodes read]
ModelPartIO:   [Reading Geometries : 1546 geometries read] [Type: Triangle2D6]
ModelPartIO:   [Total Lines Read : 9751]
SingleImportModelPart: Finished reading model part from mdpa file.
::[PythonSolver]::: Reading model part. 
::[PythonSolver]::: Using already imported model part - no reading necessary. 
ModelPart: -Structure- model part
    Buffer Size : 1
    Number of tables : 0
    Number of sub model parts : 2
    Current solution step index : 0
    DOMAIN_SIZE : 2
    OSS_SWITCH : 0
    IS_RESTARTED : 0

    Number of Geometries  : 1546
    Mesh 0 :
        Number of Nodes       : 3240
        Number of Properties  : 1
        Number of Elements    : 1546
        Number of Conditions  : 0
        Number of Constraints : 0

    -dirichlet- model part
        Number of tables : 0
        Number of sub model parts : 0

        Number of Geometries  : 0
        Mesh 0 :
            Number of Nodes       : 156
            Number of Properties  : 0
            Number of Elements    : 0
            Number of Conditions  : 0
            Number of Constraints : 0
    -material- model part
        Number of tables : 0
        Number of sub model parts : 0

        Number of Geometries  : 1546
        Mesh 0 :
            Number of Nodes       : 3240
            Number of Properties  : 0
            Number of Elements    : 1546
            Number of Conditions  : 0
            Number of Constraints : 0
 
::[PythonSolver]:: : Finished reading model part. 
Read materials: Started
Read materials: Finished
::[MechanicalSolver]:: : Constitutive law was successfully imported. 
::[MechanicalSolver]::: ModelPart prepared for Solver. 
::[MechanicalSolver]:: : DOF's ADDED 
::[MechanicalSolver]:: : Initializing ... 
Importing    LinearSolversApplication 
    Kratos  _     _                       ____        _
           | |   (_)_ __   ___  __ _ _ __/ ___|  ___ | |_   _____ _ __ ___
           | |   | | '_ \ / _ \/ _` | '__\___ \ / _ \| \ \ / / _ \ '__/ __|
           | |___| | | | |  __/ (_| | |   ___) | (_) | |\ V /  __/ |  \__ \
           |_____|_|_| |_|\___|\__,_|_|  |____/ \___/|_| \_/ \___|_|  |___/
Initializing KratosLinearSolversApplication...
Linear-Solver-Factory: Constructing a regular (non-complex) linear-solver 
::[MechanicalSolver]:: : Finished initialization. 
Analysis: Analysis -START-  
[WARNING] DEPRECATION-Warning; MechanicalSolver: Using "line_search", please move it to "solving_strategy_settings" as "type" 
::[MechanicalSolver]:: : Construction finished 
::[StaticMechanicalSolver]:: : Construction finished 
::[MechanicalSolver]:: : Variables ADDED 
[WARNING] Model: Trying to create a root modelpart with na |  /           |                  
 ' /   __| _` | __|  _ \   __|    
 . \  |   (   | |   (   |\__ \  
_|\_\_|  \__,_|\__|\___/ ____/
           Multi-Physics 10.3."0"-master-532e0dba7df-Release-x86_64
           Compiled for GNU/Linux and Python3.12 with GCC-13.3
Compiled with threading support. Threading support with OpenMP.
Maximum number of threads: 1.
Importing    KratosStructuralMechanicsApplication 
    KRATOS   ___|  |                   |                   |
           \___ \  __|  __| |   |  __| __| |   |  __| _` | |
                 | |   |    |   | (    |   |   | |   (   | |
           _____/ \__|_|   \__,_|\___|\__|\__,_|_|  \__,_|_| MECHANICS
Initializing KratosStructuralMechanicsApplication...
Importing    KratosConstitutiveLawsApplication 
Initializing KratosConstitutiveLawsApplication...
[WARNING] DEPRECATION-Warning; MechanicalSolver: Using "line_search", please move it to "solving_strategy_settings" as "type" 
::[MechanicalSolver]:: : Construction finished 
::[StaticMechanicalSolver]:: : Construction finished 
::[MechanicalSolver]:: : Variables ADDED 
[WARNING] Model: Trying to create a root modelpart with name Structure however a ModelPart with the same name already exists. 
Returning the already existent ModelPart.
SingleImportModelPart: Reading model part from file: "/home/sares/ML_assisted_CLs_clean/coupon_fe2_paper/03_data/rve_mesh".mdpa
ModelPartIO:   [Reading Nodes    : 3240 nodes read]
ModelPartIO:   [Reading Geometries : 1546 geometries read] [Type: Triangle2D6]
ModelPartIO:   [Total Lines Read : 9751]
SingleImportModelPart: Finished reading model part from mdpa file.
::[PythonSolver]::: Reading model part. 
::[PythonSolver]::: Using already imported model part - no reading necessary. 
ModelPart: -Structure- model part
    Buffer Size : 1
    Number of tables : 0
    Number of sub model parts : 2
    Current solution step index : 0
    DOMAIN_SIZE : 2
    OSS_SWITCH : 0
    IS_RESTARTED : 0

    Number of Geometries  : 1546
    Mesh 0 :
        Number of Nodes       : 3240
        Number of Properties  : 1
        Number of Elements    : 1546
        Number of Conditions  : 0
        Number of Constraints : 0

    -dirichlet- model part
        Number of tables : 0
        Number of sub model parts : 0

        Number of Geometries  : 0
        Mesh 0 :
            Number of Nodes       : 156
            Number of Properties  : 0
            Number of Elements    : 0
            Number of Conditions  : 0
            Number of Constraints : 0
    -material- model part
        Number of tables : 0
        Number of sub model parts : 0

        Number of Geometries  : 1546
        Mesh 0 :
            Number of Nodes       : 3240
            Number of Properties  : 0
            Number of Elements    : 1546
            Number of Conditions  : 0
            Number of Constraints : 0
 
::[PythonSolver]:: : Finished reading model part. 
Read materials: Started
Read materials: Finished
::[MechanicalSolver]:: : Constitutive law was successfully imported. 
::[MechanicalSolver]::: ModelPart prepared for Solver. 
::[MechanicalSolver]:: : DOF's ADDED 
::[MechanicalSolver]:: : Initializing ... 
Importing    LinearSolversApplication 
    Kratos  _     _                       ____        _
           | |   (_)_ __   ___  __ _ _ __/ ___|  ___ | |_   _____ _ __ ___
           | |   | | '_ \ / _ \/ _` | '__\___ \ / _ \| \ \ / / _ \ '__/ __|
           | |___| | | | |  __/ (_| | |   ___) | (_) | |\ V /  __/ |  \__ \
           |_____|_|_| |_|\___|\__,_|_|  |____/ \___/|_| \_/ \___|_|  |___/
Initializing KratosLinearSolversApplication...
Linear-Solver-Factory: Constructing a regular (non-complex) linear-solver 
::[MechanicalSolver]:: : Finished initialization. 
Analysis: Analysis -START-  
[WARNING] DEPRECATION-Warning; MechanicalSolver: Using "line_search", please move it to "solving_strategy_settings" as "type" 
::[MechanicalSolver]:: : Construction finished 
::[StaticMechanicalSolver]:: : Construction finished 
::[MechanicalSolver]:: : Variables ADDED 
[WARNING] Model: Trying to create a root modelpart with na |  /           |                  
 ' /   __| _` | __|  _ \   __|    
 . \  |   (   | |   (   |\__ \  
_|\_\_|  \__,_|\__|\___/ ____/
           Multi-Physics 10.3."0"-master-532e0dba7df-Release-x86_64
           Compiled for GNU/Linux and Python3.12 with GCC-13.3
Compiled with threading support. Threading support with OpenMP.
Maximum number of threads: 1.
Importing    KratosStructuralMechanicsApplication 
    KRATOS   ___|  |                   |                   |
           \___ \  __|  __| |   |  __| __| |   |  __| _` | |
                 | |   |    |   | (    |   |   | |   (   | |
           _____/ \__|_|   \__,_|\___|\__|\__,_|_|  \__,_|_| MECHANICS
Initializing KratosStructuralMechanicsApplication...
Importing    KratosConstitutiveLawsApplication 
Initializing KratosConstitutiveLawsApplication...
[WARNING] DEPRECATION-Warning; MechanicalSolver: Using "line_search", please move it to "solving_strategy_settings" as "type" 
::[MechanicalSolver]:: : Construction finished 
::[StaticMechanicalSolver]:: : Construction finished 
::[MechanicalSolver]:: : Variables ADDED 
[WARNING] Model: Trying to create a root modelpart with name Structure however a ModelPart with the same name already exists. 
Returning the already existent ModelPart.
SingleImportModelPart: Reading model part from file: "/home/sares/ML_assisted_CLs_clean/coupon_fe2_paper/03_data/rve_mesh".mdpa
ModelPartIO:   [Reading Nodes    : 3240 nodes read]
ModelPartIO:   [Reading Geometries : 1546 geometries read] [Type: Triangle2D6]
ModelPartIO:   [Total Lines Read : 9751]
SingleImportModelPart: Finished reading model part from mdpa file.
::[PythonSolver]::: Reading model part. 
::[PythonSolver]::: Using already imported model part - no reading necessary. 
ModelPart: -Structure- model part
    Buffer Size : 1
    Number of tables : 0
    Number of sub model parts : 2
    Current solution step index : 0
    DOMAIN_SIZE : 2
    OSS_SWITCH : 0
    IS_RESTARTED : 0

    Number of Geometries  : 1546
    Mesh 0 :
        Number of Nodes       : 3240
        Number of Properties  : 1
        Number of Elements    : 1546
        Number of Conditions  : 0
        Number of Constraints : 0

    -dirichlet- model part
        Number of tables : 0
        Number of sub model parts : 0

        Number of Geometries  : 0
        Mesh 0 :
            Number of Nodes       : 156
            Number of Properties  : 0
            Number of Elements    : 0
            Number of Conditions  : 0
            Number of Constraints : 0
    -material- model part
        Number of tables : 0
        Number of sub model parts : 0

        Number of Geometries  : 1546
        Mesh 0 :
            Number of Nodes       : 3240
            Number of Properties  : 0
            Number of Elements    : 1546
            Number of Conditions  : 0
            Number of Constraints : 0
 
::[PythonSolver]:: : Finished reading model part. 
Read materials: Started
Read materials: Finished
::[MechanicalSolver]:: : Constitutive law was successfully imported. 
::[MechanicalSolver]::: ModelPart prepared for Solver. 
::[MechanicalSolver]:: : DOF's ADDED 
::[MechanicalSolver]:: : Initializing ... 
Importing    LinearSolversApplication 
    Kratos  _     _                       ____        _
           | |   (_)_ __   ___  __ _ _ __/ ___|  ___ | |_   _____ _ __ ___
           | |   | | '_ \ / _ \/ _` | '__\___ \ / _ \| \ \ / / _ \ '__/ __|
           | |___| | | | |  __/ (_| | |   ___) | (_) | |\ V /  __/ |  \__ \
           |_____|_|_| |_|\___|\__,_|_|  |____/ \___/|_| \_/ \___|_|  |___/
Initializing KratosLinearSolversApplication...
Linear-Solver-Factory: Constructing a regular (non-complex) linear-solver 
::[MechanicalSolver]:: : Finished initialization. 
Analysis: Analysis -START-  
[WARNING] DEPRECATION-Warning; MechanicalSolver: Using "line_search", please move it to "solving_strategy_settings" as "type" 
::[MechanicalSolver]:: : Construction finished 
::[StaticMechanicalSolver]:: : Construction finished 
::[MechanicalSolver]:: : Variables ADDED 
[WARNING] Model: Trying to create a root modelpart with na |  /           |                  
 ' /   __| _` | __|  _ \   __|    
 . \  |   (   | |   (   |\__ \  
_|\_\_|  \__,_|\__|\___/ ____/
           Multi-Physics 10.3."0"-master-532e0dba7df-Release-x86_64
           Compiled for GNU/Linux and Python3.12 with GCC-13.3
Compiled with threading support. Threading support with OpenMP.
Maximum number of threads: 1.
Importing    KratosStructuralMechanicsApplication 
    KRATOS   ___|  |                   |                   |
           \___ \  __|  __| |   |  __| __| |   |  __| _` | |
                 | |   |    |   | (    |   |   | |   (   | |
           _____/ \__|_|   \__,_|\___|\__|\__,_|_|  \__,_|_| MECHANICS
Initializing KratosStructuralMechanicsApplication...
Importing    KratosConstitutiveLawsApplication 
Initializing KratosConstitutiveLawsApplication...
[WARNING] DEPRECATION-Warning; MechanicalSolver: Using "line_search", please move it to "solving_strategy_settings" as "type" 
::[MechanicalSolver]:: : Construction finished 
::[StaticMechanicalSolver]:: : Construction finished 
::[MechanicalSolver]:: : Variables ADDED 
[WARNING] Model: Trying to create a root modelpart with name Structure however a ModelPart with the same name already exists. 
Returning the already existent ModelPart.
SingleImportModelPart: Reading model part from file: "/home/sares/ML_assisted_CLs_clean/coupon_fe2_paper/03_data/rve_mesh".mdpa
ModelPartIO:   [Reading Nodes    : 3240 nodes read]
ModelPartIO:   [Reading Geometries : 1546 geometries read] [Type: Triangle2D6]
ModelPartIO:   [Total Lines Read : 9751]
SingleImportModelPart: Finished reading model part from mdpa file.
::[PythonSolver]::: Reading model part. 
::[PythonSolver]::: Using already imported model part - no reading necessary. 
ModelPart: -Structure- model part
    Buffer Size : 1
    Number of tables : 0
    Number of sub model parts : 2
    Current solution step index : 0
    DOMAIN_SIZE : 2
    OSS_SWITCH : 0
    IS_RESTARTED : 0

    Number of Geometries  : 1546
    Mesh 0 :
        Number of Nodes       : 3240
        Number of Properties  : 1
        Number of Elements    : 1546
        Number of Conditions  : 0
        Number of Constraints : 0

    -dirichlet- model part
        Number of tables : 0
        Number of sub model parts : 0

        Number of Geometries  : 0
        Mesh 0 :
            Number of Nodes       : 156
            Number of Properties  : 0
            Number of Elements    : 0
            Number of Conditions  : 0
            Number of Constraints : 0
    -material- model part
        Number of tables : 0
        Number of sub model parts : 0

        Number of Geometries  : 1546
        Mesh 0 :
            Number of Nodes       : 3240
            Number of Properties  : 0
            Number of Elements    : 1546
            Number of Conditions  : 0
            Number of Constraints : 0
 
::[PythonSolver]:: : Finished reading model part. 
Read materials: Started
Read materials: Finished
::[MechanicalSolver]:: : Constitutive law was successfully imported. 
::[MechanicalSolver]::: ModelPart prepared for Solver. 
::[MechanicalSolver]:: : DOF's ADDED 
::[MechanicalSolver]:: : Initializing ... 
Importing    LinearSolversApplication 
    Kratos  _     _                       ____        _
           | |   (_)_ __   ___  __ _ _ __/ ___|  ___ | |_   _____ _ __ ___
           | |   | | '_ \ / _ \/ _` | '__\___ \ / _ \| \ \ / / _ \ '__/ __|
           | |___| | | | |  __/ (_| | |   ___) | (_) | |\ V /  __/ |  \__ \
           |_____|_|_| |_|\___|\__,_|_|  |____/ \___/|_| \_/ \___|_|  |___/
Initializing KratosLinearSolversApplication...
Linear-Solver-Factory: Constructing a regular (non-complex) linear-solver 
::[MechanicalSolver]:: : Finished initialization. 
Analysis: Analysis -START-  
[WARNING] DEPRECATION-Warning; MechanicalSolver: Using "line_search", please move it to "solving_strategy_settings" as "type" 
::[MechanicalSolver]:: : Construction finished 
::[StaticMechanicalSolver]:: : Construction finished 
::[MechanicalSolver]:: : Variables ADDED 
[WARNING] Model: Trying to create a root modelpart with na |  /           |                  
 ' /   __| _` | __|  _ \   __|    
 . \  |   (   | |   (   |\__ \  
_|\_\_|  \__,_|\__|\___/ ____/
           Multi-Physics 10.3."0"-master-532e0dba7df-Release-x86_64
           Compiled for GNU/Linux and Python3.12 with GCC-13.3
Compiled with threading support. Threading support with OpenMP.
Maximum number of threads: 1.
Importing    KratosStructuralMechanicsApplication 
    KRATOS   ___|  |                   |                   |
           \___ \  __|  __| |   |  __| __| |   |  __| _` | |
                 | |   |    |   | (    |   |   | |   (   | |
           _____/ \__|_|   \__,_|\___|\__|\__,_|_|  \__,_|_| MECHANICS
Initializing KratosStructuralMechanicsApplication...
Importing    KratosConstitutiveLawsApplication 
Initializing KratosConstitutiveLawsApplication...
[WARNING] DEPRECATION-Warning; MechanicalSolver: Using "line_search", please move it to "solving_strategy_settings" as "type" 
::[MechanicalSolver]:: : Construction finished 
::[StaticMechanicalSolver]:: : Construction finished 
::[MechanicalSolver]:: : Variables ADDED 
[WARNING] Model: Trying to create a root modelpart with name Structure however a ModelPart with the same name already exists. 
Returning the already existent ModelPart.
SingleImportModelPart: Reading model part from file: "/home/sares/ML_assisted_CLs_clean/coupon_fe2_paper/03_data/rve_mesh".mdpa
ModelPartIO:   [Reading Nodes    : 3240 nodes read]
ModelPartIO:   [Reading Geometries : 1546 geometries read] [Type: Triangle2D6]
ModelPartIO:   [Total Lines Read : 9751]
SingleImportModelPart: Finished reading model part from mdpa file.
::[PythonSolver]::: Reading model part. 
::[PythonSolver]::: Using already imported model part - no reading necessary. 
ModelPart: -Structure- model part
    Buffer Size : 1
    Number of tables : 0
    Number of sub model parts : 2
    Current solution step index : 0
    DOMAIN_SIZE : 2
    OSS_SWITCH : 0
    IS_RESTARTED : 0

    Number of Geometries  : 1546
    Mesh 0 :
        Number of Nodes       : 3240
        Number of Properties  : 1
        Number of Elements    : 1546
        Number of Conditions  : 0
        Number of Constraints : 0

    -dirichlet- model part
        Number of tables : 0
        Number of sub model parts : 0

        Number of Geometries  : 0
        Mesh 0 :
            Number of Nodes       : 156
            Number of Properties  : 0
            Number of Elements    : 0
            Number of Conditions  : 0
            Number of Constraints : 0
    -material- model part
        Number of tables : 0
        Number of sub model parts : 0

        Number of Geometries  : 1546
        Mesh 0 :
            Number of Nodes       : 3240
            Number of Properties  : 0
            Number of Elements    : 1546
            Number of Conditions  : 0
            Number of Constraints : 0
 
::[PythonSolver]:: : Finished reading model part. 
Read materials: Started
Read materials: Finished
::[MechanicalSolver]:: : Constitutive law was successfully imported. 
::[MechanicalSolver]::: ModelPart prepared for Solver. 
::[MechanicalSolver]:: : DOF's ADDED 
::[MechanicalSolver]:: : Initializing ... 
Importing    LinearSolversApplication 
    Kratos  _     _                       ____        _
           | |   (_)_ __   ___  __ _ _ __/ ___|  ___ | |_   _____ _ __ ___
           | |   | | '_ \ / _ \/ _` | '__\___ \ / _ \| \ \ / / _ \ '__/ __|
           | |___| | | | |  __/ (_| | |   ___) | (_) | |\ V /  __/ |  \__ \
           |_____|_|_| |_|\___|\__,_|_|  |____/ \___/|_| \_/ \___|_|  |___/
Initializing KratosLinearSolversApplication...
Linear-Solver-Factory: Constructing a regular (non-complex) linear-solver 
::[MechanicalSolver]:: : Finished initialization. 
Analysis: Analysis -START-  
[WARNING] DEPRECATION-Warning; MechanicalSolver: Using "line_search", please move it to "solving_strategy_settings" as "type" 
::[MechanicalSolver]:: : Construction finished 
::[StaticMechanicalSolver]:: : Construction finished 
::[MechanicalSolver]:: : Variables ADDED 
[WARNING] Model: Trying to create a root modelpart with na |  /           |                  
 ' /   __| _` | __|  _ \   __|    
 . \  |   (   | |   (   |\__ \  
_|\_\_|  \__,_|\__|\___/ ____/
           Multi-Physics 10.3."0"-master-532e0dba7df-Release-x86_64
           Compiled for GNU/Linux and Python3.12 with GCC-13.3
Compiled with threading support. Threading support with OpenMP.
Maximum number of threads: 1.
Importing    KratosStructuralMechanicsApplication 
    KRATOS   ___|  |                   |                   |
           \___ \  __|  __| |   |  __| __| |   |  __| _` | |
                 | |   |    |   | (    |   |   | |   (   | |
           _____/ \__|_|   \__,_|\___|\__|\__,_|_|  \__,_|_| MECHANICS
Initializing KratosStructuralMechanicsApplication...
Importing    KratosConstitutiveLawsApplication 
Initializing KratosConstitutiveLawsApplication...
[WARNING] DEPRECATION-Warning; MechanicalSolver: Using "line_search", please move it to "solving_strategy_settings" as "type" 
::[MechanicalSolver]:: : Construction finished 
::[StaticMechanicalSolver]:: : Construction finished 
::[MechanicalSolver]:: : Variables ADDED 
[WARNING] Model: Trying to create a root modelpart with name Structure however a ModelPart with the same name already exists. 
Returning the already existent ModelPart.
SingleImportModelPart: Reading model part from file: "/home/sares/ML_assisted_CLs_clean/coupon_fe2_paper/03_data/rve_mesh".mdpa
ModelPartIO:   [Reading Nodes    : 3240 nodes read]
ModelPartIO:   [Reading Geometries : 1546 geometries read] [Type: Triangle2D6]
ModelPartIO:   [Total Lines Read : 9751]
SingleImportModelPart: Finished reading model part from mdpa file.
::[PythonSolver]::: Reading model part. 
::[PythonSolver]::: Using already imported model part - no reading necessary. 
ModelPart: -Structure- model part
    Buffer Size : 1
    Number of tables : 0
    Number of sub model parts : 2
    Current solution step index : 0
    DOMAIN_SIZE : 2
    OSS_SWITCH : 0
    IS_RESTARTED : 0

    Number of Geometries  : 1546
    Mesh 0 :
        Number of Nodes       : 3240
        Number of Properties  : 1
        Number of Elements    : 1546
        Number of Conditions  : 0
        Number of Constraints : 0

    -dirichlet- model part
        Number of tables : 0
        Number of sub model parts : 0

        Number of Geometries  : 0
        Mesh 0 :
            Number of Nodes       : 156
            Number of Properties  : 0
            Number of Elements    : 0
            Number of Conditions  : 0
            Number of Constraints : 0
    -material- model part
        Number of tables : 0
        Number of sub model parts : 0

        Number of Geometries  : 1546
        Mesh 0 :
            Number of Nodes       : 3240
            Number of Properties  : 0
            Number of Elements    : 1546
            Number of Conditions  : 0
            Number of Constraints : 0
 
::[PythonSolver]:: : Finished reading model part. 
Read materials: Started
Read materials: Finished
::[MechanicalSolver]:: : Constitutive law was successfully imported. 
::[MechanicalSolver]::: ModelPart prepared for Solver. 
::[MechanicalSolver]:: : DOF's ADDED 
::[MechanicalSolver]:: : Initializing ... 
Importing    LinearSolversApplication 
    Kratos  _     _                       ____        _
           | |   (_)_ __   ___  __ _ _ __/ ___|  ___ | |_   _____ _ __ ___
           | |   | | '_ \ / _ \/ _` | '__\___ \ / _ \| \ \ / / _ \ '__/ __|
           | |___| | | | |  __/ (_| | |   ___) | (_) | |\ V /  __/ |  \__ \
           |_____|_|_| |_|\___|\__,_|_|  |____/ \___/|_| \_/ \___|_|  |___/
Initializing KratosLinearSolversApplication...
Linear-Solver-Factory: Constructing a regular (non-complex) linear-solver 
::[MechanicalSolver]:: : Finished initialization. 
Analysis: Analysis -START-  
[WARNING] DEPRECATION-Warning; MechanicalSolver: Using "line_search", please move it to "solving_strategy_settings" as "type" 
::[MechanicalSolver]:: : Construction finished 
::[StaticMechanicalSolver]:: : Construction finished 
::[MechanicalSolver]:: : Variables ADDED 
[WARNING] Model: Trying to create a root modelpart with na |  /           |                  
 ' /   __| _` | __|  _ \   __|    
 . \  |   (   | |   (   |\__ \  
_|\_\_|  \__,_|\__|\___/ ____/
           Multi-Physics 10.3."0"-master-532e0dba7df-Release-x86_64
           Compiled for GNU/Linux and Python3.12 with GCC-13.3
Compiled with threading support. Threading support with OpenMP.
Maximum number of threads: 1.
Importing    KratosStructuralMechanicsApplication 
    KRATOS   ___|  |                   |                   |
           \___ \  __|  __| |   |  __| __| |   |  __| _` | |
                 | |   |    |   | (    |   |   | |   (   | |
           _____/ \__|_|   \__,_|\___|\__|\__,_|_|  \__,_|_| MECHANICS
Initializing KratosStructuralMechanicsApplication...
Importing    KratosConstitutiveLawsApplication 
Initializing KratosConstitutiveLawsApplication...
[WARNING] DEPRECATION-Warning; MechanicalSolver: Using "line_search", please move it to "solving_strategy_settings" as "type" 
::[MechanicalSolver]:: : Construction finished 
::[StaticMechanicalSolver]:: : Construction finished 
::[MechanicalSolver]:: : Variables ADDED 
[WARNING] Model: Trying to create a root modelpart with name Structure however a ModelPart with the same name already exists. 
Returning the already existent ModelPart.
SingleImportModelPart: Reading model part from file: "/home/sares/ML_assisted_CLs_clean/coupon_fe2_paper/03_data/rve_mesh".mdpa
ModelPartIO:   [Reading Nodes    : 3240 nodes read]
ModelPartIO:   [Reading Geometries : 1546 geometries read] [Type: Triangle2D6]
ModelPartIO:   [Total Lines Read : 9751]
SingleImportModelPart: Finished reading model part from mdpa file.
::[PythonSolver]::: Reading model part. 
::[PythonSolver]::: Using already imported model part - no reading necessary. 
ModelPart: -Structure- model part
    Buffer Size : 1
    Number of tables : 0
    Number of sub model parts : 2
    Current solution step index : 0
    DOMAIN_SIZE : 2
    OSS_SWITCH : 0
    IS_RESTARTED : 0

    Number of Geometries  : 1546
    Mesh 0 :
        Number of Nodes       : 3240
        Number of Properties  : 1
        Number of Elements    : 1546
        Number of Conditions  : 0
        Number of Constraints : 0

    -dirichlet- model part
        Number of tables : 0
        Number of sub model parts : 0

        Number of Geometries  : 0
        Mesh 0 :
            Number of Nodes       : 156
            Number of Properties  : 0
            Number of Elements    : 0
            Number of Conditions  : 0
            Number of Constraints : 0
    -material- model part
        Number of tables : 0
        Number of sub model parts : 0

        Number of Geometries  : 1546
        Mesh 0 :
            Number of Nodes       : 3240
            Number of Properties  : 0
            Number of Elements    : 1546
            Number of Conditions  : 0
            Number of Constraints : 0
 
::[PythonSolver]:: : Finished reading model part. 
Read materials: Started
Read materials: Finished
::[MechanicalSolver]:: : Constitutive law was successfully imported. 
::[MechanicalSolver]::: ModelPart prepared for Solver. 
::[MechanicalSolver]:: : DOF's ADDED 
::[MechanicalSolver]:: : Initializing ... 
Importing    LinearSolversApplication 
    Kratos  _     _                       ____        _
           | |   (_)_ __   ___  __ _ _ __/ ___|  ___ | |_   _____ _ __ ___
           | |   | | '_ \ / _ \/ _` | '__\___ \ / _ \| \ \ / / _ \ '__/ __|
           | |___| | | | |  __/ (_| | |   ___) | (_) | |\ V /  __/ |  \__ \
           |_____|_|_| |_|\___|\__,_|_|  |____/ \___/|_| \_/ \___|_|  |___/
Initializing KratosLinearSolversApplication...
Linear-Solver-Factory: Constructing a regular (non-complex) linear-solver 
::[MechanicalSolver]:: : Finished initialization. 
Analysis: Analysis -START-  
[WARNING] DEPRECATION-Warning; MechanicalSolver: Using "line_search", please move it to "solving_strategy_settings" as "type" 
::[MechanicalSolver]:: : Construction finished 
::[StaticMechanicalSolver]:: : Construction finished 
::[MechanicalSolver]:: : Variables ADDED 
[WARNING] Model: Trying to create a root modelpart with na |  /           |                  
 ' /   __| _` | __|  _ \   __|    
 . \  |   (   | |   (   |\__ \  
_|\_\_|  \__,_|\__|\___/ ____/
           Multi-Physics 10.3."0"-master-532e0dba7df-Release-x86_64
           Compiled for GNU/Linux and Python3.12 with GCC-13.3
Compiled with threading support. Threading support with OpenMP.
Maximum number of threads: 1.
Importing    KratosStructuralMechanicsApplication 
    KRATOS   ___|  |                   |                   |
           \___ \  __|  __| |   |  __| __| |   |  __| _` | |
                 | |   |    |   | (    |   |   | |   (   | |
           _____/ \__|_|   \__,_|\___|\__|\__,_|_|  \__,_|_| MECHANICS
Initializing KratosStructuralMechanicsApplication...
Importing    KratosConstitutiveLawsApplication 
Initializing KratosConstitutiveLawsApplication...
[WARNING] DEPRECATION-Warning; MechanicalSolver: Using "line_search", please move it to "solving_strategy_settings" as "type" 
::[MechanicalSolver]:: : Construction finished 
::[StaticMechanicalSolver]:: : Construction finished 
::[MechanicalSolver]:: : Variables ADDED 
[WARNING] Model: Trying to create a root modelpart with name Structure however a ModelPart with the same name already exists. 
Returning the already existent ModelPart.
SingleImportModelPart: Reading model part from file: "/home/sares/ML_assisted_CLs_clean/coupon_fe2_paper/03_data/rve_mesh".mdpa
ModelPartIO:   [Reading Nodes    : 3240 nodes read]
ModelPartIO:   [Reading Geometries : 1546 geometries read] [Type: Triangle2D6]
ModelPartIO:   [Total Lines Read : 9751]
SingleImportModelPart: Finished reading model part from mdpa file.
::[PythonSolver]::: Reading model part. 
::[PythonSolver]::: Using already imported model part - no reading necessary. 
ModelPart: -Structure- model part
    Buffer Size : 1
    Number of tables : 0
    Number of sub model parts : 2
    Current solution step index : 0
    DOMAIN_SIZE : 2
    OSS_SWITCH : 0
    IS_RESTARTED : 0

    Number of Geometries  : 1546
    Mesh 0 :
        Number of Nodes       : 3240
        Number of Properties  : 1
        Number of Elements    : 1546
        Number of Conditions  : 0
        Number of Constraints : 0

    -dirichlet- model part
        Number of tables : 0
        Number of sub model parts : 0

        Number of Geometries  : 0
        Mesh 0 :
            Number of Nodes       : 156
            Number of Properties  : 0
            Number of Elements    : 0
            Number of Conditions  : 0
            Number of Constraints : 0
    -material- model part
        Number of tables : 0
        Number of sub model parts : 0

        Number of Geometries  : 1546
        Mesh 0 :
            Number of Nodes       : 3240
            Number of Properties  : 0
            Number of Elements    : 1546
            Number of Conditions  : 0
            Number of Constraints : 0
 
::[PythonSolver]:: : Finished reading model part. 
Read materials: Started
Read materials: Finished
::[MechanicalSolver]:: : Constitutive law was successfully imported. 
::[MechanicalSolver]::: ModelPart prepared for Solver. 
::[MechanicalSolver]:: : DOF's ADDED 
::[MechanicalSolver]:: : Initializing ... 
Importing    LinearSolversApplication 
    Kratos  _     _                       ____        _
           | |   (_)_ __   ___  __ _ _ __/ ___|  ___ | |_   _____ _ __ ___
           | |   | | '_ \ / _ \/ _` | '__\___ \ / _ \| \ \ / / _ \ '__/ __|
           | |___| | | | |  __/ (_| | |   ___) | (_) | |\ V /  __/ |  \__ \
           |_____|_|_| |_|\___|\__,_|_|  |____/ \___/|_| \_/ \___|_|  |___/
Initializing KratosLinearSolversApplication...
Linear-Solver-Factory: Constructing a regular (non-complex) linear-solver 
::[MechanicalSolver]:: : Finished initialization. 
Analysis: Analysis -START-  
[WARNING] DEPRECATION-Warning; MechanicalSolver: Using "line_search", please move it to "solving_strategy_settings" as "type" 
::[MechanicalSolver]:: : Construction finished 
::[StaticMechanicalSolver]:: : Construction finished 
::[MechanicalSolver]:: : Variables ADDED 
[WARNING] Model: Trying to create a root modelpart with na |  /           |                  
 ' /   __| _` | __|  _ \   __|    
 . \  |   (   | |   (   |\__ \  
_|\_\_|  \__,_|\__|\___/ ____/
           Multi-Physics 10.3."0"-master-532e0dba7df-Release-x86_64
           Compiled for GNU/Linux and Python3.12 with GCC-13.3
Compiled with threading support. Threading support with OpenMP.
Maximum number of threads: 1.
Importing    KratosStructuralMechanicsApplication 
    KRATOS   ___|  |                   |                   |
           \___ \  __|  __| |   |  __| __| |   |  __| _` | |
                 | |   |    |   | (    |   |   | |   (   | |
           _____/ \__|_|   \__,_|\___|\__|\__,_|_|  \__,_|_| MECHANICS
Initializing KratosStructuralMechanicsApplication...
Importing    KratosConstitutiveLawsApplication 
Initializing KratosConstitutiveLawsApplication...
[WARNING] DEPRECATION-Warning; MechanicalSolver: Using "line_search", please move it to "solving_strategy_settings" as "type" 
::[MechanicalSolver]:: : Construction finished 
::[StaticMechanicalSolver]:: : Construction finished 
::[MechanicalSolver]:: : Variables ADDED 
[WARNING] Model: Trying to create a root modelpart with name Structure however a ModelPart with the same name already exists. 
Returning the already existent ModelPart.
SingleImportModelPart: Reading model part from file: "/home/sares/ML_assisted_CLs_clean/coupon_fe2_paper/03_data/rve_mesh".mdpa
ModelPartIO:   [Reading Nodes    : 3240 nodes read]
ModelPartIO:   [Reading Geometries : 1546 geometries read] [Type: Triangle2D6]
ModelPartIO:   [Total Lines Read : 9751]
SingleImportModelPart: Finished reading model part from mdpa file.
::[PythonSolver]::: Reading model part. 
::[PythonSolver]::: Using already imported model part - no reading necessary. 
ModelPart: -Structure- model part
    Buffer Size : 1
    Number of tables : 0
    Number of sub model parts : 2
    Current solution step index : 0
    DOMAIN_SIZE : 2
    OSS_SWITCH : 0
    IS_RESTARTED : 0

    Number of Geometries  : 1546
    Mesh 0 :
        Number of Nodes       : 3240
        Number of Properties  : 1
        Number of Elements    : 1546
        Number of Conditions  : 0
        Number of Constraints : 0

    -dirichlet- model part
        Number of tables : 0
        Number of sub model parts : 0

        Number of Geometries  : 0
        Mesh 0 :
            Number of Nodes       : 156
            Number of Properties  : 0
            Number of Elements    : 0
            Number of Conditions  : 0
            Number of Constraints : 0
    -material- model part
        Number of tables : 0
        Number of sub model parts : 0

        Number of Geometries  : 1546
        Mesh 0 :
            Number of Nodes       : 3240
            Number of Properties  : 0
            Number of Elements    : 1546
            Number of Conditions  : 0
            Number of Constraints : 0
 
::[PythonSolver]:: : Finished reading model part. 
Read materials: Started
Read materials: Finished
::[MechanicalSolver]:: : Constitutive law was successfully imported. 
::[MechanicalSolver]::: ModelPart prepared for Solver. 
::[MechanicalSolver]:: : DOF's ADDED 
::[MechanicalSolver]:: : Initializing ... 
Importing    LinearSolversApplication 
    Kratos  _     _                       ____        _
           | |   (_)_ __   ___  __ _ _ __/ ___|  ___ | |_   _____ _ __ ___
           | |   | | '_ \ / _ \/ _` | '__\___ \ / _ \| \ \ / / _ \ '__/ __|
           | |___| | | | |  __/ (_| | |   ___) | (_) | |\ V /  __/ |  \__ \
           |_____|_|_| |_|\___|\__,_|_|  |____/ \___/|_| \_/ \___|_|  |___/
Initializing KratosLinearSolversApplication...
Linear-Solver-Factory: Constructing a regular (non-complex) linear-solver 
::[MechanicalSolver]:: : Finished initialization. 
Analysis: Analysis -START-  
[WARNING] DEPRECATION-Warning; MechanicalSolver: Using "line_search", please move it to "solving_strategy_settings" as "type" 
::[MechanicalSolver]:: : Construction finished 
::[StaticMechanicalSolver]:: : Construction finished 
::[MechanicalSolver]:: : Variables ADDED 
[WARNING] Model: Trying to create a root modelpart with na |  /           |                  
 ' /   __| _` | __|  _ \   __|    
 . \  |   (   | |   (   |\__ \  
_|\_\_|  \__,_|\__|\___/ ____/
           Multi-Physics 10.3."0"-master-532e0dba7df-Release-x86_64
           Compiled for GNU/Linux and Python3.12 with GCC-13.3
Compiled with threading support. Threading support with OpenMP.
Maximum number of threads: 1.
Importing    KratosStructuralMechanicsApplication 
    KRATOS   ___|  |                   |                   |
           \___ \  __|  __| |   |  __| __| |   |  __| _` | |
                 | |   |    |   | (    |   |   | |   (   | |
           _____/ \__|_|   \__,_|\___|\__|\__,_|_|  \__,_|_| MECHANICS
Initializing KratosStructuralMechanicsApplication...
Importing    KratosConstitutiveLawsApplication 
Initializing KratosConstitutiveLawsApplication...
[WARNING] DEPRECATION-Warning; MechanicalSolver: Using "line_search", please move it to "solving_strategy_settings" as "type" 
::[MechanicalSolver]:: : Construction finished 
::[StaticMechanicalSolver]:: : Construction finished 
::[MechanicalSolver]:: : Variables ADDED 
[WARNING] Model: Trying to create a root modelpart with name Structure however a ModelPart with the same name already exists. 
Returning the already existent ModelPart.
SingleImportModelPart: Reading model part from file: "/home/sares/ML_assisted_CLs_clean/coupon_fe2_paper/03_data/rve_mesh".mdpa
ModelPartIO:   [Reading Nodes    : 3240 nodes read]
ModelPartIO:   [Reading Geometries : 1546 geometries read] [Type: Triangle2D6]
ModelPartIO:   [Total Lines Read : 9751]
SingleImportModelPart: Finished reading model part from mdpa file.
::[PythonSolver]::: Reading model part. 
::[PythonSolver]::: Using already imported model part - no reading necessary. 
ModelPart: -Structure- model part
    Buffer Size : 1
    Number of tables : 0
    Number of sub model parts : 2
    Current solution step index : 0
    DOMAIN_SIZE : 2
    OSS_SWITCH : 0
    IS_RESTARTED : 0

    Number of Geometries  : 1546
    Mesh 0 :
        Number of Nodes       : 3240
        Number of Properties  : 1
        Number of Elements    : 1546
        Number of Conditions  : 0
        Number of Constraints : 0

    -dirichlet- model part
        Number of tables : 0
        Number of sub model parts : 0

        Number of Geometries  : 0
        Mesh 0 :
            Number of Nodes       : 156
            Number of Properties  : 0
            Number of Elements    : 0
            Number of Conditions  : 0
            Number of Constraints : 0
    -material- model part
        Number of tables : 0
        Number of sub model parts : 0

        Number of Geometries  : 1546
        Mesh 0 :
            Number of Nodes       : 3240
            Number of Properties  : 0
            Number of Elements    : 1546
            Number of Conditions  : 0
            Number of Constraints : 0
 
::[PythonSolver]:: : Finished reading model part. 
Read materials: Started
Read materials: Finished
::[MechanicalSolver]:: : Constitutive law was successfully imported. 
::[MechanicalSolver]::: ModelPart prepared for Solver. 
::[MechanicalSolver]:: : DOF's ADDED 
::[MechanicalSolver]:: : Initializing ... 
Importing    LinearSolversApplication 
    Kratos  _     _                       ____        _
           | |   (_)_ __   ___  __ _ _ __/ ___|  ___ | |_   _____ _ __ ___
           | |   | | '_ \ / _ \/ _` | '__\___ \ / _ \| \ \ / / _ \ '__/ __|
           | |___| | | | |  __/ (_| | |   ___) | (_) | |\ V /  __/ |  \__ \
           |_____|_|_| |_|\___|\__,_|_|  |____/ \___/|_| \_/ \___|_|  |___/
Initializing KratosLinearSolversApplication...
Linear-Solver-Factory: Constructing a regular (non-complex) linear-solver 
::[MechanicalSolver]:: : Finished initialization. 
Analysis: Analysis -START-  
[WARNING] DEPRECATION-Warning; MechanicalSolver: Using "line_search", please move it to "solving_strategy_settings" as "type" 
::[MechanicalSolver]:: : Construction finished 
::[StaticMechanicalSolver]:: : Construction finished 
::[MechanicalSolver]:: : Variables ADDED 
[WARNING] Model: Trying to create a root modelpart with na |  /           |                  
 ' /   __| _` | __|  _ \   __|    
 . \  |   (   | |   (   |\__ \  
_|\_\_|  \__,_|\__|\___/ ____/
           Multi-Physics 10.3."0"-master-532e0dba7df-Release-x86_64
           Compiled for GNU/Linux and Python3.12 with GCC-13.3
Compiled with threading support. Threading support with OpenMP.
Maximum number of threads: 1.
Importing    KratosStructuralMechanicsApplication 
    KRATOS   ___|  |                   |                   |
           \___ \  __|  __| |   |  __| __| |   |  __| _` | |
                 | |   |    |   | (    |   |   | |   (   | |
           _____/ \__|_|   \__,_|\___|\__|\__,_|_|  \__,_|_| MECHANICS
Initializing KratosStructuralMechanicsApplication...
Importing    KratosConstitutiveLawsApplication 
Initializing KratosConstitutiveLawsApplication...
[WARNING] DEPRECATION-Warning; MechanicalSolver: Using "line_search", please move it to "solving_strategy_settings" as "type" 
::[MechanicalSolver]:: : Construction finished 
::[StaticMechanicalSolver]:: : Construction finished 
::[MechanicalSolver]:: : Variables ADDED 
[WARNING] Model: Trying to create a root modelpart with name Structure however a ModelPart with the same name already exists. 
Returning the already existent ModelPart.
SingleImportModelPart: Reading model part from file: "/home/sares/ML_assisted_CLs_clean/coupon_fe2_paper/03_data/rve_mesh".mdpa
ModelPartIO:   [Reading Nodes    : 3240 nodes read]
ModelPartIO:   [Reading Geometries : 1546 geometries read] [Type: Triangle2D6]
ModelPartIO:   [Total Lines Read : 9751]
SingleImportModelPart: Finished reading model part from mdpa file.
::[PythonSolver]::: Reading model part. 
::[PythonSolver]::: Using already imported model part - no reading necessary. 
ModelPart: -Structure- model part
    Buffer Size : 1
    Number of tables : 0
    Number of sub model parts : 2
    Current solution step index : 0
    DOMAIN_SIZE : 2
    OSS_SWITCH : 0
    IS_RESTARTED : 0

    Number of Geometries  : 1546
    Mesh 0 :
        Number of Nodes       : 3240
        Number of Properties  : 1
        Number of Elements    : 1546
        Number of Conditions  : 0
        Number of Constraints : 0

    -dirichlet- model part
        Number of tables : 0
        Number of sub model parts : 0

        Number of Geometries  : 0
        Mesh 0 :
            Number of Nodes       : 156
            Number of Properties  : 0
            Number of Elements    : 0
            Number of Conditions  : 0
            Number of Constraints : 0
    -material- model part
        Number of tables : 0
        Number of sub model parts : 0

        Number of Geometries  : 1546
        Mesh 0 :
            Number of Nodes       : 3240
            Number of Properties  : 0
            Number of Elements    : 1546
            Number of Conditions  : 0
            Number of Constraints : 0
 
::[PythonSolver]:: : Finished reading model part. 
Read materials: Started
Read materials: Finished
::[MechanicalSolver]:: : Constitutive law was successfully imported. 
::[MechanicalSolver]::: ModelPart prepared for Solver. 
::[MechanicalSolver]:: : DOF's ADDED 
::[MechanicalSolver]:: : Initializing ... 
Importing    LinearSolversApplication 
    Kratos  _     _                       ____        _
           | |   (_)_ __   ___  __ _ _ __/ ___|  ___ | |_   _____ _ __ ___
           | |   | | '_ \ / _ \/ _` | '__\___ \ / _ \| \ \ / / _ \ '__/ __|
           | |___| | | | |  __/ (_| | |   ___) | (_) | |\ V /  __/ |  \__ \
           |_____|_|_| |_|\___|\__,_|_|  |____/ \___/|_| \_/ \___|_|  |___/
Initializing KratosLinearSolversApplication...
Linear-Solver-Factory: Constructing a regular (non-complex) linear-solver 
::[MechanicalSolver]:: : Finished initialization. 
Analysis: Analysis -START-  
[WARNING] DEPRECATION-Warning; MechanicalSolver: Using "line_search", please move it to "solving_strategy_settings" as "type" 
::[MechanicalSolver]:: : Construction finished 
::[StaticMechanicalSolver]:: : Construction finished 
::[MechanicalSolver]:: : Variables ADDED 
[WARNING] Model: Trying to create a root modelpart with na |  /           |                  
 ' /   __| _` | __|  _ \   __|    
 . \  |   (   | |   (   |\__ \  
_|\_\_|  \__,_|\__|\___/ ____/
           Multi-Physics 10.3."0"-master-532e0dba7df-Release-x86_64
           Compiled for GNU/Linux and Python3.12 with GCC-13.3
Compiled with threading support. Threading support with OpenMP.
Maximum number of threads: 1.
Importing    KratosStructuralMechanicsApplication 
    KRATOS   ___|  |                   |                   |
           \___ \  __|  __| |   |  __| __| |   |  __| _` | |
                 | |   |    |   | (    |   |   | |   (   | |
           _____/ \__|_|   \__,_|\___|\__|\__,_|_|  \__,_|_| MECHANICS
Initializing KratosStructuralMechanicsApplication...
Importing    KratosConstitutiveLawsApplication 
Initializing KratosConstitutiveLawsApplication...
[WARNING] DEPRECATION-Warning; MechanicalSolver: Using "line_search", please move it to "solving_strategy_settings" as "type" 
::[MechanicalSolver]:: : Construction finished 
::[StaticMechanicalSolver]:: : Construction finished 
::[MechanicalSolver]:: : Variables ADDED 
[WARNING] Model: Trying to create a root modelpart with name Structure however a ModelPart with the same name already exists. 
Returning the already existent ModelPart.
SingleImportModelPart: Reading model part from file: "/home/sares/ML_assisted_CLs_clean/coupon_fe2_paper/03_data/rve_mesh".mdpa
ModelPartIO:   [Reading Nodes    : 3240 nodes read]
ModelPartIO:   [Reading Geometries : 1546 geometries read] [Type: Triangle2D6]
ModelPartIO:   [Total Lines Read : 9751]
SingleImportModelPart: Finished reading model part from mdpa file.
::[PythonSolver]::: Reading model part. 
::[PythonSolver]::: Using already imported model part - no reading necessary. 
ModelPart: -Structure- model part
    Buffer Size : 1
    Number of tables : 0
    Number of sub model parts : 2
    Current solution step index : 0
    DOMAIN_SIZE : 2
    OSS_SWITCH : 0
    IS_RESTARTED : 0

    Number of Geometries  : 1546
    Mesh 0 :
        Number of Nodes       : 3240
        Number of Properties  : 1
        Number of Elements    : 1546
        Number of Conditions  : 0
        Number of Constraints : 0

    -dirichlet- model part
        Number of tables : 0
        Number of sub model parts : 0

        Number of Geometries  : 0
        Mesh 0 :
            Number of Nodes       : 156
            Number of Properties  : 0
            Number of Elements    : 0
            Number of Conditions  : 0
            Number of Constraints : 0
    -material- model part
        Number of tables : 0
        Number of sub model parts : 0

        Number of Geometries  : 1546
        Mesh 0 :
            Number of Nodes       : 3240
            Number of Properties  : 0
            Number of Elements    : 1546
            Number of Conditions  : 0
            Number of Constraints : 0
 
::[PythonSolver]:: : Finished reading model part. 
Read materials: Started
Read materials: Finished
::[MechanicalSolver]:: : Constitutive law was successfully imported. 
::[MechanicalSolver]::: ModelPart prepared for Solver. 
::[MechanicalSolver]:: : DOF's ADDED 
::[MechanicalSolver]:: : Initializing ... 
Importing    LinearSolversApplication 
    Kratos  _     _                       ____        _
           | |   (_)_ __   ___  __ _ _ __/ ___|  ___ | |_   _____ _ __ ___
           | |   | | '_ \ / _ \/ _` | '__\___ \ / _ \| \ \ / / _ \ '__/ __|
           | |___| | | | |  __/ (_| | |   ___) | (_) | |\ V /  __/ |  \__ \
           |_____|_|_| |_|\___|\__,_|_|  |____/ \___/|_| \_/ \___|_|  |___/
Initializing KratosLinearSolversApplication...
Linear-Solver-Factory: Constructing a regular (non-complex) linear-solver 
::[MechanicalSolver]:: : Finished initialization. 
Analysis: Analysis -START-  
[WARNING] DEPRECATION-Warning; MechanicalSolver: Using "line_search", please move it to "solving_strategy_settings" as "type" 
::[MechanicalSolver]:: : Construction finished 
::[StaticMechanicalSolver]:: : Construction finished 
::[MechanicalSolver]:: : Variables ADDED 
[WARNING] Model: Trying to create a root modelpart with na |  /           |                  
 ' /   __| _` | __|  _ \   __|    
 . \  |   (   | |   (   |\__ \  
_|\_\_|  \__,_|\__|\___/ ____/
           Multi-Physics 10.3."0"-master-532e0dba7df-Release-x86_64
           Compiled for GNU/Linux and Python3.12 with GCC-13.3
Compiled with threading support. Threading support with OpenMP.
Maximum number of threads: 1.
Importing    KratosStructuralMechanicsApplication 
    KRATOS   ___|  |                   |                   |
           \___ \  __|  __| |   |  __| __| |   |  __| _` | |
                 | |   |    |   | (    |   |   | |   (   | |
           _____/ \__|_|   \__,_|\___|\__|\__,_|_|  \__,_|_| MECHANICS
Initializing KratosStructuralMechanicsApplication...
Importing    KratosConstitutiveLawsApplication 
Initializing KratosConstitutiveLawsApplication...
[WARNING] DEPRECATION-Warning; MechanicalSolver: Using "line_search", please move it to "solving_strategy_settings" as "type" 
::[MechanicalSolver]:: : Construction finished 
::[StaticMechanicalSolver]:: : Construction finished 
::[MechanicalSolver]:: : Variables ADDED 
[WARNING] Model: Trying to create a root modelpart with name Structure however a ModelPart with the same name already exists. 
Returning the already existent ModelPart.
SingleImportModelPart: Reading model part from file: "/home/sares/ML_assisted_CLs_clean/coupon_fe2_paper/03_data/rve_mesh".mdpa
ModelPartIO:   [Reading Nodes    : 3240 nodes read]
ModelPartIO:   [Reading Geometries : 1546 geometries read] [Type: Triangle2D6]
ModelPartIO:   [Total Lines Read : 9751]
SingleImportModelPart: Finished reading model part from mdpa file.
::[PythonSolver]::: Reading model part. 
::[PythonSolver]::: Using already imported model part - no reading necessary. 
ModelPart: -Structure- model part
    Buffer Size : 1
    Number of tables : 0
    Number of sub model parts : 2
    Current solution step index : 0
    DOMAIN_SIZE : 2
    OSS_SWITCH : 0
    IS_RESTARTED : 0

    Number of Geometries  : 1546
    Mesh 0 :
        Number of Nodes       : 3240
        Number of Properties  : 1
        Number of Elements    : 1546
        Number of Conditions  : 0
        Number of Constraints : 0

    -dirichlet- model part
        Number of tables : 0
        Number of sub model parts : 0

        Number of Geometries  : 0
        Mesh 0 :
            Number of Nodes       : 156
            Number of Properties  : 0
            Number of Elements    : 0
            Number of Conditions  : 0
            Number of Constraints : 0
    -material- model part
        Number of tables : 0
        Number of sub model parts : 0

        Number of Geometries  : 1546
        Mesh 0 :
            Number of Nodes       : 3240
            Number of Properties  : 0
            Number of Elements    : 1546
            Number of Conditions  : 0
            Number of Constraints : 0
 
::[PythonSolver]:: : Finished reading model part. 
Read materials: Started
Read materials: Finished
::[MechanicalSolver]:: : Constitutive law was successfully imported. 
::[MechanicalSolver]::: ModelPart prepared for Solver. 
::[MechanicalSolver]:: : DOF's ADDED 
::[MechanicalSolver]:: : Initializing ... 
Importing    LinearSolversApplication 
    Kratos  _     _                       ____        _
           | |   (_)_ __   ___  __ _ _ __/ ___|  ___ | |_   _____ _ __ ___
           | |   | | '_ \ / _ \/ _` | '__\___ \ / _ \| \ \ / / _ \ '__/ __|
           | |___| | | | |  __/ (_| | |   ___) | (_) | |\ V /  __/ |  \__ \
           |_____|_|_| |_|\___|\__,_|_|  |____/ \___/|_| \_/ \___|_|  |___/
Initializing KratosLinearSolversApplication...
Linear-Solver-Factory: Constructing a regular (non-complex) linear-solver 
::[MechanicalSolver]:: : Finished initialization. 
Analysis: Analysis -START-  
[WARNING] DEPRECATION-Warning; MechanicalSolver: Using "line_search", please move it to "solving_strategy_settings" as "type" 
::[MechanicalSolver]:: : Construction finished 
::[StaticMechanicalSolver]:: : Construction finished 
::[MechanicalSolver]:: : Variables ADDED 
[WARNING] Model: Trying to create a root modelpart with na  step  1/20 iter  2: |R|=1.69342e+01, rel=8.217e-03, wall=0.64s
  step  1/20 iter  3: |R|=1.01274e-02, rel=4.914e-06, wall=0.04s
  step  1/20 iter  4: |R|=2.21774e-08, rel=1.076e-11, wall=0.04s
    converged: in-box 2070/2070; E11=[+0.0028,+0.0067], E22=[-0.0033,-0.0012], g12=[-0.0053,+0.0023]
  step  2/20 iter  1: |R|=2.11549e+03, rel=1.000e+00, wall=0.00s
  step  2/20 iter  2: |R|=3.13533e+01, rel=1.482e-02, wall=0.04s
  step  2/20 iter  3: |R|=9.04433e-03, rel=4.275e-06, wall=0.04s
  step  2/20 iter  4: |R|=7.86296e-09, rel=3.717e-12, wall=0.04s
    converged: in-box 2070/2070; E11=[+0.0057,+0.0136], E22=[-0.0066,-0.0024], g12=[-0.0107,+0.0046]
  step  3/20 iter  1: |R|=2.11549e+03, rel=1.000e+00, wall=0.00s
  step  3/20 iter  2: |R|=3.74110e+01, rel=1.768e-02, wall=0.04s
  step  3/20 iter  3: |R|=2.04983e-02, rel=9.690e-06, wall=0.04s
  step  3/20 iter  4: |R|=1.07472e-08, rel=5.080e-12, wall=0.04s
    converged: in-box 2070/2070; E11=[+0.0087,+0.0206], E22=[-0.0098,-0.0036], g12=[-0.0162,+0.0070]
  step  4/20 iter  1: |R|=2.11549e+03, rel=1.000e+00, wall=0.00s
  step  4/20 iter  2: |R|=3.69079e+01, rel=1.745e-02, wall=0.05s
  step  4/20 iter  3: |R|=8.07932e-03, rel=3.819e-06, wall=0.04s
  step  4/20 iter  4: |R|=2.56884e-09, rel=1.214e-12, wall=0.05s
    converged: in-box 2070/2070; E11=[+0.0117,+0.0278], E22=[-0.0131,-0.0048], g12=[-0.0217,+0.0094]
  step  5/20 iter  1: |R|=2.11549e+03, rel=1.000e+00, wall=0.00s
  step  5/20 iter  2: |R|=2.73976e+01, rel=1.295e-02, wall=0.04s
  step  5/20 iter  3: |R|=2.66122e-03, rel=1.258e-06, wall=0.04s
  step  5/20 iter  4: |R|=1.97520e-09, rel=9.337e-13, wall=0.04s
    converged: in-box 2070/2070; E11=[+0.0148,+0.0351], E22=[-0.0163,-0.0060], g12=[-0.0272,+0.0117]
  step  6/20 iter  1: |R|=2.11549e+03, rel=1.000e+00, wall=0.00s
  step  6/20 iter  2: |R|=2.48594e+01, rel=1.175e-02, wall=0.04s
  step  6/20 iter  3: |R|=2.59899e-03, rel=1.229e-06, wall=0.04s
  step  6/20 iter  4: |R|=2.34869e-09, rel=1.110e-12, wall=0.04s
    converged: in-box 2070/2070; E11=[+0.0180,+0.0426], E22=[-0.0196,-0.0072], g12=[-0.0327,+0.0141]
  step  7/20 iter  1: |R|=2.11549e+03, rel=1.000e+00, wall=0.00s
  step  7/20 iter  2: |R|=2.25671e+01, rel=1.067e-02, wall=0.04s
  step  7/20 iter  3: |R|=1.67098e-03, rel=7.899e-07, wall=0.05s
  step  7/20 iter  4: |R|=2.62231e-09, rel=1.240e-12, wall=0.05s
    converged: in-box 2070/2070; E11=[+0.0212,+0.0503], E22=[-0.0229,-0.0084], g12=[-0.0383,+0.0165]
  step  8/20 iter  1: |R|=2.11549e+03, rel=1.000e+00, wall=0.00s
  step  8/20 iter  2: |R|=2.31092e+01, rel=1.092e-02, wall=0.05s
  step  8/20 iter  3: |R|=1.46859e-03, rel=6.942e-07, wall=0.04s
  step  8/20 iter  4: |R|=2.78117e-09, rel=1.315e-12, wall=0.05s
    converged: in-box 2070/2070; E11=[+0.0244,+0.0580], E22=[-0.0261,-0.0096], g12=[-0.0439,+0.0189]
  step  9/20 iter  1: |R|=2.11549e+03, rel=1.000e+00, wall=0.00s
  step  9/20 iter  2: |R|=1.89104e+01, rel=8.939e-03, wall=0.05s
  step  9/20 iter  3: |R|=7.93685e-04, rel=3.752e-07, wall=0.05s
  step  9/20 iter  4: |R|=3.23024e-09, rel=1.527e-12, wall=0.04s
    converged: in-box 2070/2070; E11=[+0.0277,+0.0660], E22=[-0.0294,-0.0108], g12=[-0.0496,+0.0214]
  step 10/20 iter  1: |R|=2.11549e+03, rel=1.000e+00, wall=0.00s
  step 10/20 iter  2: |R|=1.52648e+01, rel=7.216e-03, wall=0.05s
  step 10/20 iter  3: |R|=6.65422e-04, rel=3.145e-07, wall=0.05s
  step 10/20 iter  4: |R|=3.68704e-09, rel=1.743e-12, wall=0.04s
    converged: in-box 2070/2070; E11=[+0.0311,+0.0740], E22=[-0.0327,-0.0120], g12=[-0.0553,+0.0239]
  step 11/20 iter  1: |R|=2.11549e+03, rel=1.000e+00, wall=0.00s
  step 11/20 iter  2: |R|=1.50069e+01, rel=7.094e-03, wall=0.05s
  step 11/20 iter  3: |R|=7.79690e-04, rel=3.686e-07, wall=0.04s
  step 11/20 iter  4: |R|=4.18488e-09, rel=1.978e-12, wall=0.04s
    converged: in-box 2070/2070; E11=[+0.0345,+0.0822], E22=[-0.0359,-0.0132], g12=[-0.0611,+0.0264]
  step 12/20 iter  1: |R|=2.11549e+03, rel=1.000e+00, wall=0.00s
  step 12/20 iter  2: |R|=1.68301e+01, rel=7.956e-03, wall=0.05s
  step 12/20 iter  3: |R|=9.09281e-04, rel=4.298e-07, wall=0.04s
  step 12/20 iter  4: |R|=4.19502e-09, rel=1.983e-12, wall=0.04s
    converged: in-box 2070/2070; E11=[+0.0379,+0.0906], E22=[-0.0392,-0.0144], g12=[-0.0670,+0.0289]
  step 13/20 iter  1: |R|=2.11549e+03, rel=1.000e+00, wall=0.00s
  step 13/20 iter  2: |R|=1.91681e+01, rel=9.061e-03, wall=0.05s
  step 13/20 iter  3: |R|=1.00086e-03, rel=4.731e-07, wall=0.04s
  step 13/20 iter  4: |R|=4.62690e-09, rel=2.187e-12, wall=0.04s
    converged: in-box 2070/2070; E11=[+0.0414,+0.0991], E22=[-0.0425,-0.0156], g12=[-0.0728,+0.0315]
  step 14/20 iter  1: |R|=2.11549e+03, rel=1.000e+00, wall=0.00s
  step 14/20 iter  2: |R|=2.08936e+01, rel=9.876e-03, wall=0.04s
  step 14/20 iter  3: |R|=1.06281e-03, rel=5.024e-07, wall=0.04s
  step 14/20 iter  4: |R|=4.81329e-09, rel=2.275e-12, wall=0.05s
    converged: in-box 2070/2070; E11=[+0.0450,+0.1078], E22=[-0.0457,-0.0168], g12=[-0.0788,+0.0341]
  step 15/20 iter  1: |R|=2.11549e+03, rel=1.000e+00, wall=0.00s
  step 15/20 iter  2: |R|=2.15146e+01, rel=1.017e-02, wall=0.04s
  step 15/20 iter  3: |R|=1.07391e-03, rel=5.076e-07, wall=0.04s
  step 15/20 iter  4: |R|=5.01480e-09, rel=2.371e-12, wall=0.03s
    converged: in-box 2070/2070; E11=[+0.0486,+0.1167], E22=[-0.0490,-0.0181], g12=[-0.0848,+0.0367]
  step 16/20 iter  1: |R|=2.11549e+03, rel=1.000e+00, wall=0.00s
  step 16/20 iter  2: |R|=2.10561e+01, rel=9.953e-03, wall=0.04s
  step 16/20 iter  3: |R|=1.00021e-03, rel=4.728e-07, wall=0.04s
  step 16/20 iter  4: |R|=5.29187e-09, rel=2.501e-12, wall=0.04s
    converged: in-box 2070/2070; E11=[+0.0523,+0.1257], E22=[-0.0522,-0.0192], g12=[-0.0908,+0.0393]
  step 17/20 iter  1: |R|=2.11549e+03, rel=1.000e+00, wall=0.00s
  step 17/20 iter  2: |R|=1.98115e+01, rel=9.365e-03, wall=0.05s
  step 17/20 iter  3: |R|=8.37994e-04, rel=3.961e-07, wall=0.04s
  step 17/20 iter  4: |R|=5.84769e-09, rel=2.764e-12, wall=0.05s
    converged: in-box 2070/2070; E11=[+0.0560,+0.1349], E22=[-0.0554,-0.0204], g12=[-0.0970,+0.0420]
  step 18/20 iter  1: |R|=2.11549e+03, rel=1.000e+00, wall=0.00s
  step 18/20 iter  2: |R|=1.83077e+01, rel=8.654e-03, wall=0.04s
  step 18/20 iter  3: |R|=6.48786e-04, rel=3.067e-07, wall=0.04s
  step 18/20 iter  4: |R|=6.44784e-09, rel=3.048e-12, wall=0.04s
    converged: in-box 2070/2070; E11=[+0.0597,+0.1442], E22=[-0.0587,-0.0216], g12=[-0.1032,+0.0446]
  step 19/20 iter  1: |R|=2.11549e+03, rel=1.000e+00, wall=0.00s
  step 19/20 iter  2: |R|=1.75766e+01, rel=8.309e-03, wall=0.04s
  step 19/20 iter  3: |R|=5.25363e-04, rel=2.483e-07, wall=0.04s
  step 19/20 iter  4: |R|=7.06985e-09, rel=3.342e-12, wall=0.04s
    converged: in-box 2070/2070; E11=[+0.0636,+0.1538], E22=[-0.0619,-0.0227], g12=[-0.1094,+0.0473]
  step 20/20 iter  1: |R|=2.11549e+03, rel=1.000e+00, wall=0.00s
  step 20/20 iter  2: |R|=1.91548e+01, rel=9.055e-03, wall=0.04s
  step 20/20 iter  3: |R|=5.25086e-04, rel=2.482e-07, wall=0.04s
  step 20/20 iter  4: |R|=7.15172e-09, rel=3.381e-12, wall=0.04s
    converged: in-box 2070/2070; E11=[+0.0674,+0.1635], E22=[-0.0651,-0.0239], g12=[-0.1157,+0.0500]
{
  "status": "converged",
  "model": "maw_dhprom_ann_direct",
  "implementation": "optimized",
  "output": "/home/sares/ML_assisted_CLs_clean/coupon_fe2_paper/06_fe2/dhprom_ann_fe2_clean_timing_maw10_direct_w20_f100kn_optimized_r3.npz",
  "wall_seconds": 3.969474060460925,
  "workers": 20,
  "worker_pids": [
    907913,
    907914,
    907915,
    907916,
    907917,
    907918,
    907919,
    907920,
    907921,
    907922,
    907923,
    907924,
    907925,
    907926,
    907927,
    907928,
    907929,
    907930,
    907931,
    907932
  ],
  "macro_elements": 690,
  "macro_gauss_points": 2070,
  "rve_elements_full": 1546,
  "hprom_ann_latent_dimension": 3,
  "residual_ecm_elements": 0,
  "stress_ecm_elements": 10,
  "force_per_end": 100000.0,
  "n_steps_requested": 20,
  "n_steps_completed": 20,
  "macro_newton": [
    {
      "step": 1,
      "iterations": 4,
      "residual": 2.2177431790600356e-08,
      "relative_residual": 1.0761335590397035e-11,
      "coverage": {
        "n": 2070,
        "inside": 2070,
        "outside": 0,
        "minimum": [
          0.0027578941447823357,
          -0.00325209881509525,
          -0.005292149532406518
        ],
        "maximum": [
          0.006709411984240021,
          -0.0012259042665915265,
          0.00226535666494624
        ]
      }
    },
    {
      "step": 2,
      "iterations": 4,
      "residual": 7.862960130518388e-09,
      "relative_residual": 3.7168460872547725e-12,
      "coverage": {
        "n": 2070,
        "inside": 2070,
        "outside": 0,
        "minimum": [
          0.005681222661176211,
          -0.00655618828968757,
          -0.010718461163550574
        ],
        "maximum": [
          0.01360873291713749,
          -0.0024465790472346094,
          0.0046335099747061344
        ]
      }
    },
    {
      "step": 3,
      "iterations": 4,
      "residual": 1.0747189407144724e-08,
      "relative_residual": 5.080230375558479e-12,
      "coverage": {
        "n": 2070,
        "inside": 2070,
        "outside": 0,
        "minimum": [
          0.00866620347496394,
          -0.009837062184524015,
          -0.016236963674021124
        ],
        "maximum": [
          0.020614824558372602,
          -0.0036427720399230257,
          0.00699429306296764
        ]
      }
    },
    {
      "step": 4,
      "iterations": 4,
      "residual": 2.5688436863720054e-09,
      "relative_residual": 1.2143005237150019e-12,
      "coverage": {
        "n": 2070,
        "inside": 2070,
        "outside": 0,
        "minimum": [
          0.011715886172268819,
          -0.013082034550071342,
          -0.02174937917002977
        ],
        "maximum": [
          0.027826703956870147,
          -0.004839843353993067,
          0.009352555468667215
        ]
      }
    },
    {
      "step": 5,
      "iterations": 4,
      "residual": 1.9752039259579918e-09,
      "relative_residual": 9.336851340774843e-13,
      "coverage": {
        "n": 2070,
        "inside": 2070,
        "outside": 0,
        "minimum": [
          0.014814336516354665,
          -0.01631025983781581,
          -0.027185877071740305
        ],
        "maximum": [
          0.035099847459195255,
          -0.0060353238672336,
          0.011734763353530549
        ]
      }
    },
    {
      "step": 6,
      "iterations": 4,
      "residual": 2.3486865430493926e-09,
      "relative_residual": 1.1102315467444058e-12,
      "coverage": {
        "n": 2070,
        "inside": 2070,
        "outside": 0,
        "minimum": [
          0.017958953683837597,
          -0.019578191753466645,
          -0.03267889735475531
        ],
        "maximum": [
          0.04259384324904303,
          -0.007228319753232515,
          0.014102246768733276
        ]
      }
    },
    {
      "step": 7,
      "iterations": 4,
      "residual": 2.6223071278287725e-09,
      "relative_residual": 1.2395728613441463e-12,
      "coverage": {
        "n": 2070,
        "inside": 2070,
        "outside": 0,
        "minimum": [
          0.021164687503633428,
          -0.022857777855104955,
          -0.038280555186872914
        ],
        "maximum": [
          0.05026870042513798,
          -0.008433377288134813,
          0.016472879789379984
        ]
      }
    },
    {
      "step": 8,
      "iterations": 4,
      "residual": 2.781174556110017e-09,
      "relative_residual": 1.314669996442908e-12,
      "coverage": {
        "n": 2070,
        "inside": 2070,
        "outside": 0,
        "minimum": [
          0.02442447182278973,
          -0.026125654671707688,
          -0.04393617023805965
        ],
        "maximum": [
          0.05804992694568756,
          -0.009645415482684438,
          0.018886420368626863
        ]
      }
    },
    {
      "step": 9,
      "iterations": 4,
      "residual": 3.230235557304369e-09,
      "relative_residual": 1.5269425499745878e-12,
      "coverage": {
        "n": 2070,
        "inside": 2070,
        "outside": 0,
        "minimum": [
          0.02772814739855045,
          -0.02938887632072701,
          -0.04962297681761047
        ],
        "maximum": [
          0.06595079930539283,
          -0.010848015679543521,
          0.02135061391391947
        ]
      }
    },
    {
      "step": 10,
      "iterations": 4,
      "residual": 3.6870401249640534e-09,
      "relative_residual": 1.742875511830973e-12,
      "coverage": {
        "n": 2070,
        "inside": 2070,
        "outside": 0,
        "minimum": [
          0.03107932828777371,
          -0.032658896752726485,
          -0.05534805792481182
        ],
        "maximum": [
          0.07400253198214701,
          -0.012040559581547872,
          0.023850256662408698
        ]
      }
    },
    {
      "step": 11,
      "iterations": 4,
      "residual": 4.184876230525044e-09,
      "relative_residual": 1.9782042112429207e-12,
      "coverage": {
        "n": 2070,
        "inside": 2070,
        "outside": 0,
        "minimum": [
          0.034482032945232555,
          -0.03593622776050476,
          -0.06112183931325825
        ],
        "maximum": [
          0.0822150616697217,
          -0.013232774384357937,
          0.026373147697597382
        ]
      }
    },
    {
      "step": 12,
      "iterations": 4,
      "residual": 4.195022621575765e-09,
      "relative_residual": 1.9830004423378326e-12,
      "coverage": {
        "n": 2070,
        "inside": 2070,
        "outside": 0,
        "minimum": [
          0.037936922962625186,
          -0.039213808985447574,
          -0.06695152746925581
        ],
        "maximum": [
          0.09058598432005405,
          -0.014430564413992486,
          0.02891638638142258
        ]
      }
    },
    {
      "step": 13,
      "iterations": 4,
      "residual": 4.626902422894417e-09,
      "relative_residual": 2.187151388425054e-12,
      "coverage": {
        "n": 2070,
        "inside": 2070,
        "outside": 0,
        "minimum": [
          0.04144423148583376,
          -0.04248392207318891,
          -0.07283977724212545
        ],
        "maximum": [
          0.0991147275333435,
          -0.015634342820070646,
          0.031480697267948075
        ]
      }
    },
    {
      "step": 14,
      "iterations": 4,
      "residual": 4.8132947722885606e-09,
      "relative_residual": 2.2752596406656323e-12,
      "coverage": {
        "n": 2070,
        "inside": 2070,
        "outside": 0,
        "minimum": [
          0.045003375558842706,
          -0.04574189342745977,
          -0.07878576911291142
        ],
        "maximum": [
          0.10780560315230558,
          -0.01684240979729479,
          0.034066715405426856
        ]
      }
    },
    {
      "step": 15,
      "iterations": 4,
      "residual": 5.014799970728288e-09,
      "relative_residual": 2.370511784380965e-12,
      "coverage": {
        "n": 2070,
        "inside": 2070,
        "outside": 0,
        "minimum": [
          0.04861273926474252,
          -0.048986534624008315,
          -0.08478822689715029
        ],
        "maximum": [
          0.11666296441548119,
          -0.018053090098417657,
          0.03667477853486537
        ]
      }
    },
    {
      "step": 16,
      "iterations": 4,
      "residual": 5.2918688380142645e-09,
      "relative_residual": 2.5014831130120807e-12,
      "coverage": {
        "n": 2070,
        "inside": 2070,
        "outside": 0,
        "minimum": [
          0.05227124183149623,
          -0.052219674166852637,
          -0.09084817999176509
        ],
        "maximum": [
          0.1256879694594244,
          -0.01923408265059967,
          0.039304950867882014
        ]
      }
    },
    {
      "step": 17,
      "iterations": 4,
      "residual": 5.847691352770884e-09,
      "relative_residual": 2.764222171189364e-12,
      "coverage": {
        "n": 2070,
        "inside": 2070,
        "outside": 0,
        "minimum": [
          0.05597972668941198,
          -0.055445904652244415,
          -0.09696964938558916
        ],
        "maximum": [
          0.13487971323316128,
          -0.02040793775413685,
          0.0419570563397281
        ]
      }
    },
    {
      "step": 18,
      "iterations": 4,
      "residual": 6.447835936399843e-09,
      "relative_residual": 3.0479124113039076e-12,
      "coverage": {
        "n": 2070,
        "inside": 2070,
        "outside": 0,
        "minimum": [
          0.05974083248649553,
          -0.05867056235223295,
          -0.10315783843244238
        ],
        "maximum": [
          0.14423685530493946,
          -0.021575707135398137,
          0.04463106070233956
        ]
      }
    },
    {
      "step": 19,
      "iterations": 4,
      "residual": 7.0698541054627285e-09,
      "relative_residual": 3.341942364337203e-12,
      "coverage": {
        "n": 2070,
        "inside": 2070,
        "outside": 0,
        "minimum": [
          0.06355782499331697,
          -0.0618952731297428,
          -0.10941584985303147
        ],
        "maximum": [
          0.15376080824077465,
          -0.022736432046339294,
          0.04732718926991176
        ]
      }
    },
    {
      "step": 20,
      "iterations": 4,
      "residual": 7.151724262728676e-09,
      "relative_residual": 3.380642646246566e-12,
      "coverage": {
        "n": 2070,
        "inside": 2070,
        "outside": 0,
        "minimum": [
          0.0674333451546213,
          -0.06511551347702554,
          -0.11574254307165918
        ],
        "maximum": [
          0.16346054861742076,
          -0.023889105756896623,
          0.05004538510734888
        ]
      }
    }
  ],
  "material_calls": 61,
  "unique_hprom_ann_queries": 124201,
  "summed_hprom_ann_seconds": 30.878226473927498,
  "worker_ecm_mdpa": [
    {
      "n_latent": 3,
      "closure": "E_to_36_slave_amplitudes",
      "stress_ecm_elements": 10,
      "total_distinct_ecm_elements": 10,
      "stress_mdpa": "/tmp/coupon_maw_dhprom_ann_907913/stress_maw10.mdpa",
      "stress_support_full_indices": [
        229,
        303,
        431,
        460,
        985,
        1030,
        1173,
        1308,
        1390,
        1457
      ],
      "minimum_adaptive_weight": 87.09612049876763,
      "maximum_weight_sum_error": 6.821210263296962e-13,
      "macro_tangent": "central_difference_of_direct_10_element_stress",
      "finite_difference_epsilon": 1e-06,
      "implementation": "batched_closure_and_same_stress_fd_stencil",
      "maximum_macro_points_per_batch": 128
    },
    {
      "n_latent": 3,
      "closure": "E_to_36_slave_amplitudes",
      "stress_ecm_elements": 10,
      "total_distinct_ecm_elements": 10,
      "stress_mdpa": "/tmp/coupon_maw_dhprom_ann_907914/stress_maw10.mdpa",
      "stress_support_full_indices": [
        229,
        303,
        431,
        460,
        985,
        1030,
        1173,
        1308,
        1390,
        1457
      ],
      "minimum_adaptive_weight": 86.97795085170567,
      "maximum_weight_sum_error": 6.821210263296962e-13,
      "macro_tangent": "central_difference_of_direct_10_element_stress",
      "finite_difference_epsilon": 1e-06,
      "implementation": "batched_closure_and_same_stress_fd_stencil",
      "maximum_macro_points_per_batch": 128
    },
    {
      "n_latent": 3,
      "closure": "E_to_36_slave_amplitudes",
      "stress_ecm_elements": 10,
      "total_distinct_ecm_elements": 10,
      "stress_mdpa": "/tmp/coupon_maw_dhprom_ann_907916/stress_maw10.mdpa",
      "stress_support_full_indices": [
        229,
        303,
        431,
        460,
        985,
        1030,
        1173,
        1308,
        1390,
        1457
      ],
      "minimum_adaptive_weight": 87.05541208228655,
      "maximum_weight_sum_error": 6.821210263296962e-13,
      "macro_tangent": "central_difference_of_direct_10_element_stress",
      "finite_difference_epsilon": 1e-06,
      "implementation": "batched_closure_and_same_stress_fd_stencil",
      "maximum_macro_points_per_batch": 128
    },
    {
      "n_latent": 3,
      "closure": "E_to_36_slave_amplitudes",
      "stress_ecm_elements": 10,
      "total_distinct_ecm_elements": 10,
      "stress_mdpa": "/tmp/coupon_maw_dhprom_ann_907915/stress_maw10.mdpa",
      "stress_support_full_indices": [
        229,
        303,
        431,
        460,
        985,
        1030,
        1173,
        1308,
        1390,
        1457
      ],
      "minimum_adaptive_weight": 86.98289165352904,
      "maximum_weight_sum_error": 6.821210263296962e-13,
      "macro_tangent": "central_difference_of_direct_10_element_stress",
      "finite_difference_epsilon": 1e-06,
      "implementation": "batched_closure_and_same_stress_fd_stencil",
      "maximum_macro_points_per_batch": 128
    },
    {
      "n_latent": 3,
      "closure": "E_to_36_slave_amplitudes",
      "stress_ecm_elements": 10,
      "total_distinct_ecm_elements": 10,
      "stress_mdpa": "/tmp/coupon_maw_dhprom_ann_907918/stress_maw10.mdpa",
      "stress_support_full_indices": [
        229,
        303,
        431,
        460,
        985,
        1030,
        1173,
        1308,
        1390,
        1457
      ],
      "minimum_adaptive_weight": 86.99094783684058,
      "maximum_weight_sum_error": 6.821210263296962e-13,
      "macro_tangent": "central_difference_of_direct_10_element_stress",
      "finite_difference_epsilon": 1e-06,
      "implementation": "batched_closure_and_same_stress_fd_stencil",
      "maximum_macro_points_per_batch": 128
    },
    {
      "n_latent": 3,
      "closure": "E_to_36_slave_amplitudes",
      "stress_ecm_elements": 10,
      "total_distinct_ecm_elements": 10,
      "stress_mdpa": "/tmp/coupon_maw_dhprom_ann_907917/stress_maw10.mdpa",
      "stress_support_full_indices": [
        229,
        303,
        431,
        460,
        985,
        1030,
        1173,
        1308,
        1390,
        1457
      ],
      "minimum_adaptive_weight": 86.97795084137728,
      "maximum_weight_sum_error": 6.821210263296962e-13,
      "macro_tangent": "central_difference_of_direct_10_element_stress",
      "finite_difference_epsilon": 1e-06,
      "implementation": "batched_closure_and_same_stress_fd_stencil",
      "maximum_macro_points_per_batch": 128
    },
    {
      "n_latent": 3,
      "closure": "E_to_36_slave_amplitudes",
      "stress_ecm_elements": 10,
      "total_distinct_ecm_elements": 10,
      "stress_mdpa": "/tmp/coupon_maw_dhprom_ann_907919/stress_maw10.mdpa",
      "stress_support_full_indices": [
        229,
        303,
        431,
        460,
        985,
        1030,
        1173,
        1308,
        1390,
        1457
      ],
      "minimum_adaptive_weight": 86.97114503847479,
      "maximum_weight_sum_error": 6.821210263296962e-13,
      "macro_tangent": "central_difference_of_direct_10_element_stress",
      "finite_difference_epsilon": 1e-06,
      "implementation": "batched_closure_and_same_stress_fd_stencil",
      "maximum_macro_points_per_batch": 128
    },
    {
      "n_latent": 3,
      "closure": "E_to_36_slave_amplitudes",
      "stress_ecm_elements": 10,
      "total_distinct_ecm_elements": 10,
      "stress_mdpa": "/tmp/coupon_maw_dhprom_ann_907921/stress_maw10.mdpa",
      "stress_support_full_indices": [
        229,
        303,
        431,
        460,
        985,
        1030,
        1173,
        1308,
        1390,
        1457
      ],
      "minimum_adaptive_weight": 87.2066817545292,
      "maximum_weight_sum_error": 6.821210263296962e-13,
      "macro_tangent": "central_difference_of_direct_10_element_stress",
      "finite_difference_epsilon": 1e-06,
      "implementation": "batched_closure_and_same_stress_fd_stencil",
      "maximum_macro_points_per_batch": 128
    },
    {
      "n_latent": 3,
      "closure": "E_to_36_slave_amplitudes",
      "stress_ecm_elements": 10,
      "total_distinct_ecm_elements": 10,
      "stress_mdpa": "/tmp/coupon_maw_dhprom_ann_907923/stress_maw10.mdpa",
      "stress_support_full_indices": [
        229,
        303,
        431,
        460,
        985,
        1030,
        1173,
        1308,
        1390,
        1457
      ],
      "minimum_adaptive_weight": 86.98132777640771,
      "maximum_weight_sum_error": 6.821210263296962e-13,
      "macro_tangent": "central_difference_of_direct_10_element_stress",
      "finite_difference_epsilon": 1e-06,
      "implementation": "batched_closure_and_same_stress_fd_stencil",
      "maximum_macro_points_per_batch": 128
    },
    {
      "n_latent": 3,
      "closure": "E_to_36_slave_amplitudes",
      "stress_ecm_elements": 10,
      "total_distinct_ecm_elements": 10,
      "stress_mdpa": "/tmp/coupon_maw_dhprom_ann_907922/stress_maw10.mdpa",
      "stress_support_full_indices": [
        229,
        303,
        431,
        460,
        985,
        1030,
        1173,
        1308,
        1390,
        1457
      ],
      "minimum_adaptive_weight": 87.09162529610765,
      "maximum_weight_sum_error": 6.821210263296962e-13,
      "macro_tangent": "central_difference_of_direct_10_element_stress",
      "finite_difference_epsilon": 1e-06,
      "implementation": "batched_closure_and_same_stress_fd_stencil",
      "maximum_macro_points_per_batch": 128
    },
    {
      "n_latent": 3,
      "closure": "E_to_36_slave_amplitudes",
      "stress_ecm_elements": 10,
      "total_distinct_ecm_elements": 10,
      "stress_mdpa": "/tmp/coupon_maw_dhprom_ann_907924/stress_maw10.mdpa",
      "stress_support_full_indices": [
        229,
        303,
        431,
        460,
        985,
        1030,
        1173,
        1308,
        1390,
        1457
      ],
      "minimum_adaptive_weight": 87.13756486014978,
      "maximum_weight_sum_error": 6.821210263296962e-13,
      "macro_tangent": "central_difference_of_direct_10_element_stress",
      "finite_difference_epsilon": 1e-06,
      "implementation": "batched_closure_and_same_stress_fd_stencil",
      "maximum_macro_points_per_batch": 128
    },
    {
      "n_latent": 3,
      "closure": "E_to_36_slave_amplitudes",
      "stress_ecm_elements": 10,
      "total_distinct_ecm_elements": 10,
      "stress_mdpa": "/tmp/coupon_maw_dhprom_ann_907925/stress_maw10.mdpa",
      "stress_support_full_indices": [
        229,
        303,
        431,
        460,
        985,
        1030,
        1173,
        1308,
        1390,
        1457
      ],
      "minimum_adaptive_weight": 86.9776853849754,
      "maximum_weight_sum_error": 6.821210263296962e-13,
      "macro_tangent": "central_difference_of_direct_10_element_stress",
      "finite_difference_epsilon": 1e-06,
      "implementation": "batched_closure_and_same_stress_fd_stencil",
      "maximum_macro_points_per_batch": 128
    },
    {
      "n_latent": 3,
      "closure": "E_to_36_slave_amplitudes",
      "stress_ecm_elements": 10,
      "total_distinct_ecm_elements": 10,
      "stress_mdpa": "/tmp/coupon_maw_dhprom_ann_907926/stress_maw10.mdpa",
      "stress_support_full_indices": [
        229,
        303,
        431,
        460,
        985,
        1030,
        1173,
        1308,
        1390,
        1457
      ],
      "minimum_adaptive_weight": 87.05541205461441,
      "maximum_weight_sum_error": 6.821210263296962e-13,
      "macro_tangent": "central_difference_of_direct_10_element_stress",
      "finite_difference_epsilon": 1e-06,
      "implementation": "batched_closure_and_same_stress_fd_stencil",
      "maximum_macro_points_per_batch": 128
    },
    {
      "n_latent": 3,
      "closure": "E_to_36_slave_amplitudes",
      "stress_ecm_elements": 10,
      "total_distinct_ecm_elements": 10,
      "stress_mdpa": "/tmp/coupon_maw_dhprom_ann_907920/stress_maw10.mdpa",
      "stress_support_full_indices": [
        229,
        303,
        431,
        460,
        985,
        1030,
        1173,
        1308,
        1390,
        1457
      ],
      "minimum_adaptive_weight": 87.15033064775604,
      "maximum_weight_sum_error": 6.821210263296962e-13,
      "macro_tangent": "central_difference_of_direct_10_element_stress",
      "finite_difference_epsilon": 1e-06,
      "implementation": "batched_closure_and_same_stress_fd_stencil",
      "maximum_macro_points_per_batch": 128
    },
    {
      "n_latent": 3,
      "closure": "E_to_36_slave_amplitudes",
      "stress_ecm_elements": 10,
      "total_distinct_ecm_elements": 10,
      "stress_mdpa": "/tmp/coupon_maw_dhprom_ann_907927/stress_maw10.mdpa",
      "stress_support_full_indices": [
        229,
        303,
        431,
        460,
        985,
        1030,
        1173,
        1308,
        1390,
        1457
      ],
      "minimum_adaptive_weight": 87.15006941780253,
      "maximum_weight_sum_error": 6.821210263296962e-13,
      "macro_tangent": "central_difference_of_direct_10_element_stress",
      "finite_difference_epsilon": 1e-06,
      "implementation": "batched_closure_and_same_stress_fd_stencil",
      "maximum_macro_points_per_batch": 128
    },
    {
      "n_latent": 3,
      "closure": "E_to_36_slave_amplitudes",
      "stress_ecm_elements": 10,
      "total_distinct_ecm_elements": 10,
      "stress_mdpa": "/tmp/coupon_maw_dhprom_ann_907928/stress_maw10.mdpa",
      "stress_support_full_indices": [
        229,
        303,
        431,
        460,
        985,
        1030,
        1173,
        1308,
        1390,
        1457
      ],
      "minimum_adaptive_weight": 86.97114501237844,
      "maximum_weight_sum_error": 6.821210263296962e-13,
      "macro_tangent": "central_difference_of_direct_10_element_stress",
      "finite_difference_epsilon": 1e-06,
      "implementation": "batched_closure_and_same_stress_fd_stencil",
      "maximum_macro_points_per_batch": 128
    },
    {
      "n_latent": 3,
      "closure": "E_to_36_slave_amplitudes",
      "stress_ecm_elements": 10,
      "total_distinct_ecm_elements": 10,
      "stress_mdpa": "/tmp/coupon_maw_dhprom_ann_907929/stress_maw10.mdpa",
      "stress_support_full_indices": [
        229,
        303,
        431,
        460,
        985,
        1030,
        1173,
        1308,
        1390,
        1457
      ],
      "minimum_adaptive_weight": 86.97019877879015,
      "maximum_weight_sum_error": 6.821210263296962e-13,
      "macro_tangent": "central_difference_of_direct_10_element_stress",
      "finite_difference_epsilon": 1e-06,
      "implementation": "batched_closure_and_same_stress_fd_stencil",
      "maximum_macro_points_per_batch": 128
    },
    {
      "n_latent": 3,
      "closure": "E_to_36_slave_amplitudes",
      "stress_ecm_elements": 10,
      "total_distinct_ecm_elements": 10,
      "stress_mdpa": "/tmp/coupon_maw_dhprom_ann_907932/stress_maw10.mdpa",
      "stress_support_full_indices": [
        229,
        303,
        431,
        460,
        985,
        1030,
        1173,
        1308,
        1390,
        1457
      ],
      "minimum_adaptive_weight": 86.98289161005177,
      "maximum_weight_sum_error": 6.821210263296962e-13,
      "macro_tangent": "central_difference_of_direct_10_element_stress",
      "finite_difference_epsilon": 1e-06,
      "implementation": "batched_closure_and_same_stress_fd_stencil",
      "maximum_macro_points_per_batch": 128
    },
    {
      "n_latent": 3,
      "closure": "E_to_36_slave_amplitudes",
      "stress_ecm_elements": 10,
      "total_distinct_ecm_elements": 10,
      "stress_mdpa": "/tmp/coupon_maw_dhprom_ann_907931/stress_maw10.mdpa",
      "stress_support_full_indices": [
        229,
        303,
        431,
        460,
        985,
        1030,
        1173,
        1308,
        1390,
        1457
      ],
      "minimum_adaptive_weight": 87.09237832137082,
      "maximum_weight_sum_error": 6.821210263296962e-13,
      "macro_tangent": "central_difference_of_direct_10_element_stress",
      "finite_difference_epsilon": 1e-06,
      "implementation": "batched_closure_and_same_stress_fd_stencil",
      "maximum_macro_points_per_batch": 128
    },
    {
      "n_latent": 3,
      "closure": "E_to_36_slave_amplitudes",
      "stress_ecm_elements": 10,
      "total_distinct_ecm_elements": 10,
      "stress_mdpa": "/tmp/coupon_maw_dhprom_ann_907930/stress_maw10.mdpa",
      "stress_support_full_indices": [
        229,
        303,
        431,
        460,
        985,
        1030,
        1173,
        1308,
        1390,
        1457
      ],
      "minimum_adaptive_weight": 87.68376890087838,
      "maximum_weight_sum_error": 6.821210263296962e-13,
      "macro_tangent": "central_difference_of_direct_10_element_stress",
      "finite_difference_epsilon": 1e-06,
      "implementation": "batched_closure_and_same_stress_fd_stencil",
      "maximum_macro_points_per_batch": 128
    }
  ],
  "macro_relative_tolerance": 1e-07,
  "macro_absolute_tolerance": 1e-05,
  "timing_scope": "macro solve including constitutive tangents, IPC and lazy worker model loading; excludes parent setup and result export",
  "source_sha256": {
    "run_hprom_ann_fe2.py": "f64e461605377b3eaa77522e1bf0254bfd8f50e533ba2f25cfb21416897a368f",
    "maw_hprom_ann_law.py": "c73a13433e3e3aef8e02e894dc2eefb16634711348391d7b93b99f55edd7ef65",
    "maw_hprom_ann_fast.py": "e8a081463492d071ca39ebf2d5fb94262c91830892aec3e35ffc4feeac5a2fec",
    "direct_hprom_ann_law.py": "7eaf91fa10d14d92984879878fc9fcb0f216fd98509614cd83c744e9c9c75dde",
    "direct_hprom_ann_fast.py": "ea8defac724f8564d8ef99fc7c891eac542fc49269220742fa64a7abd0292090",
    "reduced_stress_batch.py": "ae5347825c6cb937943e85a195dca1f641ca7289c759393082e3f4d97ae0bf5f"
  },
  "macro_mesh_sha256": "81aa5d4c646b8200fa94ccdfceb1466e7d401576b6ca14d2969f3d76105f4762",
  "rve_mesh_sha256": "82e42f23fc9bdb45933f88f8cbd4f6f5e52f5755aee7f8f28b8781bf71c87a47"
}
[VectorizedAssembler] 1546 elements, 3 GPs, total area=1.600000e-01
[ReducedAssembler] 10 elements, 3 GPs, total area=1.030459e-03
[VectorizedAssembler] 1546 elements, 3 GPs, total area=1.600000e-01
[ReducedAssembler] 10 elements, 3 GPs, total area=1.030459e-03
[VectorizedAssembler] 1546 elements, 3 GPs, total area=1.600000e-01
[ReducedAssembler] 10 elements, 3 GPs, total area=1.030459e-03
[VectorizedAssembler] 1546 elements, 3 GPs, total area=1.600000e-01
[ReducedAssembler] 10 elements, 3 GPs, total area=1.030459e-03
[VectorizedAssembler] 1546 elements, 3 GPs, total area=1.600000e-01
[ReducedAssembler] 10 elements, 3 GPs, total area=1.030459e-03
[VectorizedAssembler] 1546 elements, 3 GPs, total area=1.600000e-01
[ReducedAssembler] 10 elements, 3 GPs, total area=1.030459e-03
[VectorizedAssembler] 1546 elements, 3 GPs, total area=1.600000e-01
[ReducedAssembler] 10 elements, 3 GPs, total area=1.030459e-03
[VectorizedAssembler] 1546 elements, 3 GPs, total area=1.600000e-01
[ReducedAssembler] 10 elements, 3 GPs, total area=1.030459e-03
[VectorizedAssembler] 1546 elements, 3 GPs, total area=1.600000e-01
[ReducedAssembler] 10 elements, 3 GPs, total area=1.030459e-03
[VectorizedAssembler] 1546 elements, 3 GPs, total area=1.600000e-01
[ReducedAssembler] 10 elements, 3 GPs, total area=1.030459e-03
[VectorizedAssembler] 1546 elements, 3 GPs, total area=1.600000e-01
[ReducedAssembler] 10 elements, 3 GPs, total area=1.030459e-03
[VectorizedAssembler] 1546 elements, 3 GPs, total area=1.600000e-01
[ReducedAssembler] 10 elements, 3 GPs, total area=1.030459e-03
[VectorizedAssembler] 1546 elements, 3 GPs, total area=1.600000e-01
[ReducedAssembler] 10 elements, 3 GPs, total area=1.030459e-03
[VectorizedAssembler] 1546 elements, 3 GPs, total area=1.600000e-01
[ReducedAssembler] 10 elements, 3 GPs, total area=1.030459e-03
[VectorizedAssembler] 1546 elements, 3 GPs, total area=1.600000e-01
[ReducedAssembler] 10 elements, 3 GPs, total area=1.030459e-03
[VectorizedAssembler] 1546 elements, 3 GPs, total area=1.600000e-01
[ReducedAssembler] 10 elements, 3 GPs, total area=1.030459e-03
[VectorizedAssembler] 1546 elements, 3 GPs, total area=1.600000e-01
[ReducedAssembler] 10 elements, 3 GPs, total area=1.030459e-03
[VectorizedAssembler] 1546 elements, 3 GPs, total area=1.600000e-01
[ReducedAssembler] 10 elements, 3 GPs, total area=1.030459e-03
[VectorizedAssembler] 1546 elements, 3 GPs, total area=1.600000e-01
[ReducedAssembler] 10 elements, 3 GPs, total area=1.030459e-03
[VectorizedAssembler] 1546 elements, 3 GPs, total area=1.600000e-01
[ReducedAssembler] 10 elements, 3 GPs, total area=1.030459e-03
 |  /           |                  
 ' /   __| _` | __|  _ \   __|    
 . \  |   (   | |   (   |\__ \  
_|\_\_|  \__,_|\__|\___/ ____/
           Multi-Physics 10.3."0"-master-532e0dba7df-Release-x86_64
           Compiled for GNU/Linux and Python3.12 with GCC-13.3
Compiled with threading support. Threading support with OpenMP.
Maximum number of threads: 1.
Importing    KratosStructuralMechanicsApplication 
    KRATOS   ___|  |                   |                   |
           \___ \  __|  __| |   |  __| __| |   |  __| _` | |
                 | |   |    |   | (    |   |   | |   (   | |
           _____/ \__|_|   \__,_|\___|\__|\__,_|_|  \__,_|_| MECHANICS
Initializing KratosStructuralMechanicsApplication...
Importing    KratosConstitutiveLawsApplication 
Initializing KratosConstitutiveLawsApplication...
[WARNING] DEPRECATION-Warning; MechanicalSolver: Using "line_search", please move it to "solving_strategy_settings" as "type" 
::[MechanicalSolver]:: : Construction finished 
::[StaticMechanicalSolver]:: : Construction finished 
::[MechanicalSolver]:: : Variables ADDED 
[WARNING] Model: Trying to create a root modelpart with name Structure however a ModelPart with the same name already exists. 
Returning the already existent ModelPart.
SingleImportModelPart: Reading model part from file: "/home/sares/ML_assisted_CLs_clean/coupon_fe2_paper/01_macro_prepass/coupon_conv_div4".mdpa
ModelPartIO:   [Reading Nodes    : 1501 nodes read]
ModelPartIO:   [Reading Geometries : 690 geometries read] [Type: Triangle2D6]
ModelPartIO:   [Total Lines Read : 4431]
SingleImportModelPart: Finished reading model part from mdpa file.
::[PythonSolver]::: Reading model part. 
::[PythonSolver]::: Using already imported model part - no reading necessary. 
ModelPart: -Structure- model part
    Buffer Size : 1
    Number of tables : 0
    Number of sub model parts : 2
    Current solution step index : 0
    DOMAIN_SIZE : 2
    OSS_SWITCH : 0
    IS_RESTARTED : 0

    Number of Geometries  : 690
    Mesh 0 :
        Number of Nodes       : 1501
        Number of Properties  : 1
        Number of Elements    : 690
        Number of Conditions  : 0
        Number of Constraints : 0

    -dirichlet- model part
        Number of tables : 0
        Number of sub model parts : 0

        Number of Geometries  : 0
        Mesh 0 :
            Number of Nodes       : 26
            Number of Properties  : 0
            Number of Elements    : 0
            Number of Conditions  : 0
            Number of Constraints : 0
    -material- model part
        Number of tables : 0
        Number of sub model parts : 0

        Number of Geometries  : 690
        Mesh 0 :
            Number of Nodes       : 1501
            Number of Properties  : 0
            Number of Elements    : 690
            Number of Conditions  : 0
            Number of Constraints : 0
 
::[PythonSolver]:: : Finished reading model part. 
Read materials: Started
Read materials: Finished
::[MechanicalSolver]:: : Constitutive law was successfully imported. 
::[MechanicalSolver]::: ModelPart prepared for Solver. 
::[MechanicalSolver]:: : DOF's ADDED 
::[MechanicalSolver]:: : Initializing ... 
Importing    LinearSolversApplication 
    Kratos  _     _                       ____        _
           | |   (_)_ __   ___  __ _ _ __/ ___|  ___ | |_   _____ _ __ ___
           | |   | | '_ \ / _ \/ _` | '__\___ \ / _ \| \ \ / / _ \ '__/ __|
           | |___| | | | |  __/ (_| | |   ___) | (_) | |\ V /  __/ |  \__ \
           |_____|_|_| |_|\___|\__,_|_|  |____/ \___/|_| \_/ \___|_|  |___/
Initializing KratosLinearSolversApplication...
Linear-Solver-Factory: Constructing a regular (non-complex) linear-solver 
::[MechanicalSolver]:: : Finished initialization. 
Analysis: Analysis -START-  
Deregistering KratosMultiphysics
Deregistering ConstitutiveLawsApplication
Deregistering LinearSolversApplication
Deregistering StructuralMechanicsApplication
