 |  /           |                  
 ' /   __| _` | __|  _ \   __|    
 . \  |   (   | |   (   |\__ \  
_|\_\_|  \__,_|\__|\___/ ____/
           Multi-Physics 10.3."0"-master-532e0dba7df-Release-x86_64
           Compiled for GNU/Linux and Python3.12 with GCC-13.3
Compiled with threading support. Threading support with OpenMP.
Maximum number of threads: 1.
Importing    KratosStructuralMechanicsApplication 
    KRATOS   ___|  |                   |                   |
           \___ \  __|  __| |   |  __| __| |   |  __| _` | |
                 | |   |    |   | (    |   |   | |   (   | |
           _____/ \__|_|   \__,_|\___|\__|\__,_|_|  \__,_|_| MECHANICS
Initializing KratosStructuralMechanicsApplication...
Importing    KratosConstitutiveLawsApplication 
Initializing KratosConstitutiveLawsApplication...
[WARNING] DEPRECATION-Warning; MechanicalSolver: Using "line_search", please move it to "solving_strategy_settings" as "type" 
::[MechanicalSolver]:: : Construction finished 
::[StaticMechanicalSolver]:: : Construction finished 
::[MechanicalSolver]:: : Variables ADDED 
[WARNING] Model: Trying to create a root modelpart with name Structure however a ModelPart with the same name already exists. 
Returning the already existent ModelPart.
SingleImportModelPart: Reading model part from file: "/home/sares/ML_assisted_CLs_clean/coupon_fe2_paper/03_data/rve_mesh".mdpa
ModelPartIO:   [Reading Nodes    : 3240 nodes read]
ModelPartIO:   [Reading Geometries : 1546 geometries read] [Type: Triangle2D6]
ModelPartIO:   [Total Lines Read : 9751]
SingleImportModelPart: Finished reading model part from mdpa file.
::[PythonSolver]::: Reading model part. 
::[PythonSolver]::: Using already imported model part - no reading necessary. 
ModelPart: -Structure- model part
    Buffer Size : 1
    Number of tables : 0
    Number of sub model parts : 2
    Current solution step index : 0
    DOMAIN_SIZE : 2
    OSS_SWITCH : 0
    IS_RESTARTED : 0

    Number of Geometries  : 1546
    Mesh 0 :
        Number of Nodes       : 3240
        Number of Properties  : 1
        Number of Elements    : 1546
        Number of Conditions  : 0
        Number of Constraints : 0

    -dirichlet- model part
        Number of tables : 0
        Number of sub model parts : 0

        Number of Geometries  : 0
        Mesh 0 :
            Number of Nodes       : 156
            Number of Properties  : 0
            Number of Elements    : 0
            Number of Conditions  : 0
            Number of Constraints : 0
    -material- model part
        Number of tables : 0
        Number of sub model parts : 0

        Number of Geometries  : 1546
        Mesh 0 :
            Number of Nodes       : 3240
            Number of Properties  : 0
            Number of Elements    : 1546
            Number of Conditions  : 0
            Number of Constraints : 0
 
::[PythonSolver]:: : Finished reading model part. 
Read materials: Started
Read materials: Finished
::[MechanicalSolver]:: : Constitutive law was successfully imported. 
::[MechanicalSolver]::: ModelPart prepared for Solver. 
::[MechanicalSolver]:: : DOF's ADDED 
::[MechanicalSolver]:: : Initializing ... 
Importing    LinearSolversApplication 
    Kratos  _     _                       ____        _
           | |   (_)_ __   ___  __ _ _ __/ ___|  ___ | |_   _____ _ __ ___
           | |   | | '_ \ / _ \/ _` | '__\___ \ / _ \| \ \ / / _ \ '__/ __|
           | |___| | | | |  __/ (_| | |   ___) | (_) | |\ V /  __/ |  \__ \
           |_____|_|_| |_|\___|\__,_|_|  |____/ \___/|_| \_/ \___|_|  |___/
Initializing KratosLinearSolversApplication...
Linear-Solver-Factory: Constructing a regular (non-complex) linear-solver 
::[MechanicalSolver]:: : Finished initialization. 
Analysis: Analysis -START-  
[WARNING] DEPRECATION-Warning; MechanicalSolver: Using "line_search", please move it to "solving_strategy_settings" as "type" 
::[MechanicalSolver]:: : Construction finished 
::[StaticMechanicalSolver]:: : Construction finished 
::[MechanicalSolver]:: : Variables ADDED 
[WARNING] Model: Trying to create a root modelpart with name Structure however a ModelPart with the same name already exists. 
Returning the already existent ModelPart.
SingleImportModelPart: Reading model part from file: "/tmp/coupon_hprom_ecm_884851/residual_ecm".mdpa
ModelPartIO:   [Reading Nodes    : 644 nodes read]
ModelPartIO:   [Reading Geometries : 135 geometries read] [Type: Triangle2D6]
ModelPartIO:   [Total Lines Read : 1582]
SingleImportModelPart: Finished reading model part from mdpa file.
::[PythonSolver]::: Reading model part. 
::[PythonSolver]::: Using already imported model part - no reading necessary. 
ModelPart: -Structure- model part
    Buffer Size : 1
    Number of tables : 0
    Number of sub model parts : 2
    Current solution step index : 0
    DOMAIN_SIZE : 2
    OSS_SWITCH : 0
    IS_RESTARTED : 0

    Number of Geometries  : 135
    Mesh 0 :
        Number of Nodes       : 644
        Number of Properties  : 1
        Number of Elements    : 135
        Number of Conditions  : 0
        Number of Constraints : 0

    -dirichlet- model part
        Number of tables : 0
        Number of sub model parts : 0

        Number of Geometries  : 0
        Mesh 0 :
            Number of Nodes       : 1
            Number of Properties  : 0
            Number of Elements    : 0
            Number of Conditions  : 0
            Number of Constraints : 0
    -material- model part
        Number of tables : 0
        Number of sub model parts : 0

        Number of Geometries  : 135
        Mesh 0 :
            Number of Nodes       : 644
            Number of Properties  : 0
            Number of Elements    : 135
            Number of Conditions  : 0
            Number of Constraints : 0
 
::[PythonSolver]:: : Finished reading model part. 
Read materials: Started
Read materials: Finished
::[MechanicalSolver]:: : Constitutive law was successfully imported. 
::[MechanicalSolver]::: ModelPart prepared for Solver. 
::[MechanicalSolver]:: : DOF's ADDED 
::[MechanicalSolver]:: : Initializing ... 
Linear-Solver-Factory: Constructing a regular (non-complex) linear-solver 
::[MechanicalSolver]:: : Finished initialization. 
Analysis: Analysis -START-  
[WARNING] DEPRECATION-Warning; MechanicalSolver: Using "line_search", please move it to "solving_strategy_settings" as "type" 
::[MechanicalSolver]:: : Construction finished 
::[StaticMechanicalSolver]:: : Construction finished 
::[MechanicalSolver]:: : Variables ADDED 
[WARNING] Model: Trying to create a root modelpart with name Structure however a ModelPart with the same name already exists. 
Returning the already existent ModelPart.
SingleImportModelPart: Reading model part from file: "/tmp/coupon_hprom_ecm_884851/stress_ecm".mdpa
ModelPartIO:   [Reading Nodes    : 377 nodes read]
ModelPartIO:   [Reading Geometries : 73 geometries read] [Type: Triangle2D6]
ModelPartIO:   [Total Lines Read : 924]
SingleImportModelPart: Finished reading model part from mdpa file.
::[PythonSolver]::: Reading model part. 
::[PythonSolver]::: Using already imported model part - no reading necessary. 
ModelPart: -Structure- model part
    Buffer Size : 1
    Number of tables : 0
    Number of sub model parts : 2
    Current solution step index : 0
    DOMAIN_SIZE : 2
    OSS_SWITCH : 0
    IS_RESTARTED : 0

    Number of Geometries  : 73
    Mesh 0 :
        Number of Nodes       : 377
        Number of Properties  : 1
        Number of Elements    : 73
        Number of Conditions  : 0
        Number of Constraints : 0

    -dirichlet- model part
        Number of tables : 0
        Number of sub model parts : 0

        Number of Geometries  : 0
        Mesh 0 :
            Number of Nodes       : 1
            Number of Properties  : 0
            Number of Elements    : 0
            Number of Conditions  : 0
            Number of Constraints : 0
    -material- model part
        Number of tables : 0
        Number of sub model parts : 0

        Number of Geometries  : 73
        Mesh 0 :
            Number of Nodes       : 377
            Number of Properties  : 0
            Number of Elements    : 73
            Number of Conditions [VectorizedAssembler] 690 elements, 3 GPs, total area=1.311591e-04
[macro] 3002 dofs, 13/13 end-face nodes
  step  1/20 iter  1: |R|=2.11549e+03, rel=1.000e+00, wall=0.4s
 |  /           |                  
 ' /   __| _` | __|  _ \   __|    
 . \  |   (   | |   (   |\__ \  
_|\_\_|  \__,_|\__|\___/ ____/
           Multi-Physics 10.3."0"-master-532e0dba7df-Release-x86_64
           Compiled for GNU/Linux and Python3.12 with GCC-13.3
Compiled with threading support. Threading support with OpenMP.
Maximum number of threads: 1.
Importing    KratosStructuralMechanicsApplication 
    KRATOS   ___|  |                   |                   |
           \___ \  __|  __| |   |  __| __| |   |  __| _` | |
                 | |   |    |   | (    |   |   | |   (   | |
           _____/ \__|_|   \__,_|\___|\__|\__,_|_|  \__,_|_| MECHANICS
Initializing KratosStructuralMechanicsApplication...
Importing    KratosConstitutiveLawsApplication 
Initializing KratosConstitutiveLawsApplication...
[WARNING] DEPRECATION-Warning; MechanicalSolver: Using "line_search", please move it to "solving_strategy_settings" as "type" 
::[MechanicalSolver]:: : Construction finished 
::[StaticMechanicalSolver]:: : Construction finished 
::[MechanicalSolver]:: : Variables ADDED 
[WARNING] Model: Trying to create a root modelpart with name Structure however a ModelPart with the same name already exists. 
Returning the already existent ModelPart.
SingleImportModelPart: Reading model part from file: "/home/sares/ML_assisted_CLs_clean/coupon_fe2_paper/03_data/rve_mesh".mdpa
ModelPartIO:   [Reading Nodes    : 3240 nodes read]
ModelPartIO:   [Reading Geometries : 1546 geometries read] [Type: Triangle2D6]
ModelPartIO:   [Total Lines Read : 9751]
SingleImportModelPart: Finished reading model part from mdpa file.
::[PythonSolver]::: Reading model part. 
::[PythonSolver]::: Using already imported model part - no reading necessary. 
ModelPart: -Structure- model part
    Buffer Size : 1
    Number of tables : 0
    Number of sub model parts : 2
    Current solution step index : 0
    DOMAIN_SIZE : 2
    OSS_SWITCH : 0
    IS_RESTARTED : 0

    Number of Geometries  : 1546
    Mesh 0 :
        Number of Nodes       : 3240
        Number of Properties  : 1
        Number of Elements    : 1546
        Number of Conditions  : 0
        Number of Constraints : 0

    -dirichlet- model part
        Number of tables : 0
        Number of sub model parts : 0

        Number of Geometries  : 0
        Mesh 0 :
            Number of Nodes       : 156
            Number of Properties  : 0
            Number of Elements    : 0
            Number of Conditions  : 0
            Number of Constraints : 0
    -material- model part
        Number of tables : 0
        Number of sub model parts : 0

        Number of Geometries  : 1546
        Mesh 0 :
            Number of Nodes       : 3240
            Number of Properties  : 0
            Number of Elements    : 1546
            Number of Conditions  : 0
            Number of Constraints : 0
 
::[PythonSolver]:: : Finished reading model part. 
Read materials: Started
Read materials: Finished
::[MechanicalSolver]:: : Constitutive law was successfully imported. 
::[MechanicalSolver]::: ModelPart prepared for Solver. 
::[MechanicalSolver]:: : DOF's ADDED 
::[MechanicalSolver]:: : Initializing ... 
Importing    LinearSolversApplication 
    Kratos  _     _                       ____        _
           | |   (_)_ __   ___  __ _ _ __/ ___|  ___ | |_   _____ _ __ ___
           | |   | | '_ \ / _ \/ _` | '__\___ \ / _ \| \ \ / / _ \ '__/ __|
           | |___| | | | |  __/ (_| | |   ___) | (_) | |\ V /  __/ |  \__ \
           |_____|_|_| |_|\___|\__,_|_|  |____/ \___/|_| \_/ \___|_|  |___/
Initializing KratosLinearSolversApplication...
Linear-Solver-Factory: Constructing a regular (non-complex) linear-solver 
::[MechanicalSolver]:: : Finished initialization. 
Analysis: Analysis -START-  
[WARNING] DEPRECATION-Warning; MechanicalSolver: Using "line_search", please move it to "solving_strategy_settings" as "type" 
::[MechanicalSolver]:: : Construction finished 
::[StaticMechanicalSolver]:: : Construction finished 
::[MechanicalSolver]:: : Variables ADDED 
[WARNING] Model: Trying to create a root modelpart with na |  /           |                  
 ' /   __| _` | __|  _ \   __|    
 . \  |   (   | |   (   |\__ \  
_|\_\_|  \__,_|\__|\___/ ____/
           Multi-Physics 10.3."0"-master-532e0dba7df-Release-x86_64
           Compiled for GNU/Linux and Python3.12 with GCC-13.3
Compiled with threading support. Threading support with OpenMP.
Maximum number of threads: 1.
Importing    KratosStructuralMechanicsApplication 
    KRATOS   ___|  |                   |                   |
           \___ \  __|  __| |   |  __| __| |   |  __| _` | |
                 | |   |    |   | (    |   |   | |   (   | |
           _____/ \__|_|   \__,_|\___|\__|\__,_|_|  \__,_|_| MECHANICS
Initializing KratosStructuralMechanicsApplication...
Importing    KratosConstitutiveLawsApplication 
Initializing KratosConstitutiveLawsApplication...
[WARNING] DEPRECATION-Warning; MechanicalSolver: Using "line_search", please move it to "solving_strategy_settings" as "type" 
::[MechanicalSolver]:: : Construction finished 
::[StaticMechanicalSolver]:: : Construction finished 
::[MechanicalSolver]:: : Variables ADDED 
[WARNING] Model: Trying to create a root modelpart with name Structure however a ModelPart with the same name already exists. 
Returning the already existent ModelPart.
SingleImportModelPart: Reading model part from file: "/home/sares/ML_assisted_CLs_clean/coupon_fe2_paper/03_data/rve_mesh".mdpa
ModelPartIO:   [Reading Nodes    : 3240 nodes read]
ModelPartIO:   [Reading Geometries : 1546 geometries read] [Type: Triangle2D6]
ModelPartIO:   [Total Lines Read : 9751]
SingleImportModelPart: Finished reading model part from mdpa file.
::[PythonSolver]::: Reading model part. 
::[PythonSolver]::: Using already imported model part - no reading necessary. 
ModelPart: -Structure- model part
    Buffer Size : 1
    Number of tables : 0
    Number of sub model parts : 2
    Current solution step index : 0
    DOMAIN_SIZE : 2
    OSS_SWITCH : 0
    IS_RESTARTED : 0

    Number of Geometries  : 1546
    Mesh 0 :
        Number of Nodes       : 3240
        Number of Properties  : 1
        Number of Elements    : 1546
        Number of Conditions  : 0
        Number of Constraints : 0

    -dirichlet- model part
        Number of tables : 0
        Number of sub model parts : 0

        Number of Geometries  : 0
        Mesh 0 :
            Number of Nodes       : 156
            Number of Properties  : 0
            Number of Elements    : 0
            Number of Conditions  : 0
            Number of Constraints : 0
    -material- model part
        Number of tables : 0
        Number of sub model parts : 0

        Number of Geometries  : 1546
        Mesh 0 :
            Number of Nodes       : 3240
            Number of Properties  : 0
            Number of Elements    : 1546
            Number of Conditions  : 0
            Number of Constraints : 0
 
::[PythonSolver]:: : Finished reading model part. 
Read materials: Started
Read materials: Finished
::[MechanicalSolver]:: : Constitutive law was successfully imported. 
::[MechanicalSolver]::: ModelPart prepared for Solver. 
::[MechanicalSolver]:: : DOF's ADDED 
::[MechanicalSolver]:: : Initializing ... 
Importing    LinearSolversApplication 
    Kratos  _     _                       ____        _
           | |   (_)_ __   ___  __ _ _ __/ ___|  ___ | |_   _____ _ __ ___
           | |   | | '_ \ / _ \/ _` | '__\___ \ / _ \| \ \ / / _ \ '__/ __|
           | |___| | | | |  __/ (_| | |   ___) | (_) | |\ V /  __/ |  \__ \
           |_____|_|_| |_|\___|\__,_|_|  |____/ \___/|_| \_/ \___|_|  |___/
Initializing KratosLinearSolversApplication...
Linear-Solver-Factory: Constructing a regular (non-complex) linear-solver 
::[MechanicalSolver]:: : Finished initialization. 
Analysis: Analysis -START-  
[WARNING] DEPRECATION-Warning; MechanicalSolver: Using "line_search", please move it to "solving_strategy_settings" as "type" 
::[MechanicalSolver]:: : Construction finished 
::[StaticMechanicalSolver]:: : Construction finished 
::[MechanicalSolver]:: : Variables ADDED 
[WARNING] Model: Trying to create a root modelpart with na |  /           |                  
 ' /   __| _` | __|  _ \   __|    
 . \  |   (   | |   (   |\__ \  
_|\_\_|  \__,_|\__|\___/ ____/
           Multi-Physics 10.3."0"-master-532e0dba7df-Release-x86_64
           Compiled for GNU/Linux and Python3.12 with GCC-13.3
Compiled with threading support. Threading support with OpenMP.
Maximum number of threads: 1.
Importing    KratosStructuralMechanicsApplication 
    KRATOS   ___|  |                   |                   |
           \___ \  __|  __| |   |  __| __| |   |  __| _` | |
                 | |   |    |   | (    |   |   | |   (   | |
           _____/ \__|_|   \__,_|\___|\__|\__,_|_|  \__,_|_| MECHANICS
Initializing KratosStructuralMechanicsApplication...
Importing    KratosConstitutiveLawsApplication 
Initializing KratosConstitutiveLawsApplication...
[WARNING] DEPRECATION-Warning; MechanicalSolver: Using "line_search", please move it to "solving_strategy_settings" as "type" 
::[MechanicalSolver]:: : Construction finished 
::[StaticMechanicalSolver]:: : Construction finished 
::[MechanicalSolver]:: : Variables ADDED 
[WARNING] Model: Trying to create a root modelpart with name Structure however a ModelPart with the same name already exists. 
Returning the already existent ModelPart.
SingleImportModelPart: Reading model part from file: "/home/sares/ML_assisted_CLs_clean/coupon_fe2_paper/03_data/rve_mesh".mdpa
ModelPartIO:   [Reading Nodes    : 3240 nodes read]
ModelPartIO:   [Reading Geometries : 1546 geometries read] [Type: Triangle2D6]
ModelPartIO:   [Total Lines Read : 9751]
SingleImportModelPart: Finished reading model part from mdpa file.
::[PythonSolver]::: Reading model part. 
::[PythonSolver]::: Using already imported model part - no reading necessary. 
ModelPart: -Structure- model part
    Buffer Size : 1
    Number of tables : 0
    Number of sub model parts : 2
    Current solution step index : 0
    DOMAIN_SIZE : 2
    OSS_SWITCH : 0
    IS_RESTARTED : 0

    Number of Geometries  : 1546
    Mesh 0 :
        Number of Nodes       : 3240
        Number of Properties  : 1
        Number of Elements    : 1546
        Number of Conditions  : 0
        Number of Constraints : 0

    -dirichlet- model part
        Number of tables : 0
        Number of sub model parts : 0

        Number of Geometries  : 0
        Mesh 0 :
            Number of Nodes       : 156
            Number of Properties  : 0
            Number of Elements    : 0
            Number of Conditions  : 0
            Number of Constraints : 0
    -material- model part
        Number of tables : 0
        Number of sub model parts : 0

        Number of Geometries  : 1546
        Mesh 0 :
            Number of Nodes       : 3240
            Number of Properties  : 0
            Number of Elements    : 1546
            Number of Conditions  : 0
            Number of Constraints : 0
 
::[PythonSolver]:: : Finished reading model part. 
Read materials: Started
Read materials: Finished
::[MechanicalSolver]:: : Constitutive law was successfully imported. 
::[MechanicalSolver]::: ModelPart prepared for Solver. 
::[MechanicalSolver]:: : DOF's ADDED 
::[MechanicalSolver]:: : Initializing ... 
Importing    LinearSolversApplication 
    Kratos  _     _                       ____        _
           | |   (_)_ __   ___  __ _ _ __/ ___|  ___ | |_   _____ _ __ ___
           | |   | | '_ \ / _ \/ _` | '__\___ \ / _ \| \ \ / / _ \ '__/ __|
           | |___| | | | |  __/ (_| | |   ___) | (_) | |\ V /  __/ |  \__ \
           |_____|_|_| |_|\___|\__,_|_|  |____/ \___/|_| \_/ \___|_|  |___/
Initializing KratosLinearSolversApplication...
Linear-Solver-Factory: Constructing a regular (non-complex) linear-solver 
::[MechanicalSolver]:: : Finished initialization. 
Analysis: Analysis -START-  
[WARNING] DEPRECATION-Warning; MechanicalSolver: Using "line_search", please move it to "solving_strategy_settings" as "type" 
::[MechanicalSolver]:: : Construction finished 
::[StaticMechanicalSolver]:: : Construction finished 
::[MechanicalSolver]:: : Variables ADDED 
[WARNING] Model: Trying to create a root modelpart with na |  /           |                  
 ' /   __| _` | __|  _ \   __|    
 . \  |   (   | |   (   |\__ \  
_|\_\_|  \__,_|\__|\___/ ____/
           Multi-Physics 10.3."0"-master-532e0dba7df-Release-x86_64
           Compiled for GNU/Linux and Python3.12 with GCC-13.3
Compiled with threading support. Threading support with OpenMP.
Maximum number of threads: 1.
Importing    KratosStructuralMechanicsApplication 
    KRATOS   ___|  |                   |                   |
           \___ \  __|  __| |   |  __| __| |   |  __| _` | |
                 | |   |    |   | (    |   |   | |   (   | |
           _____/ \__|_|   \__,_|\___|\__|\__,_|_|  \__,_|_| MECHANICS
Initializing KratosStructuralMechanicsApplication...
Importing    KratosConstitutiveLawsApplication 
Initializing KratosConstitutiveLawsApplication...
[WARNING] DEPRECATION-Warning; MechanicalSolver: Using "line_search", please move it to "solving_strategy_settings" as "type" 
::[MechanicalSolver]:: : Construction finished 
::[StaticMechanicalSolver]:: : Construction finished 
::[MechanicalSolver]:: : Variables ADDED 
[WARNING] Model: Trying to create a root modelpart with name Structure however a ModelPart with the same name already exists. 
Returning the already existent ModelPart.
SingleImportModelPart: Reading model part from file: "/home/sares/ML_assisted_CLs_clean/coupon_fe2_paper/03_data/rve_mesh".mdpa
ModelPartIO:   [Reading Nodes    : 3240 nodes read]
ModelPartIO:   [Reading Geometries : 1546 geometries read] [Type: Triangle2D6]
ModelPartIO:   [Total Lines Read : 9751]
SingleImportModelPart: Finished reading model part from mdpa file.
::[PythonSolver]::: Reading model part. 
::[PythonSolver]::: Using already imported model part - no reading necessary. 
ModelPart: -Structure- model part
    Buffer Size : 1
    Number of tables : 0
    Number of sub model parts : 2
    Current solution step index : 0
    DOMAIN_SIZE : 2
    OSS_SWITCH : 0
    IS_RESTARTED : 0

    Number of Geometries  : 1546
    Mesh 0 :
        Number of Nodes       : 3240
        Number of Properties  : 1
        Number of Elements    : 1546
        Number of Conditions  : 0
        Number of Constraints : 0

    -dirichlet- model part
        Number of tables : 0
        Number of sub model parts : 0

        Number of Geometries  : 0
        Mesh 0 :
            Number of Nodes       : 156
            Number of Properties  : 0
            Number of Elements    : 0
            Number of Conditions  : 0
            Number of Constraints : 0
    -material- model part
        Number of tables : 0
        Number of sub model parts : 0

        Number of Geometries  : 1546
        Mesh 0 :
            Number of Nodes       : 3240
            Number of Properties  : 0
            Number of Elements    : 1546
            Number of Conditions  : 0
            Number of Constraints : 0
 
::[PythonSolver]:: : Finished reading model part. 
Read materials: Started
Read materials: Finished
::[MechanicalSolver]:: : Constitutive law was successfully imported. 
::[MechanicalSolver]::: ModelPart prepared for Solver. 
::[MechanicalSolver]:: : DOF's ADDED 
::[MechanicalSolver]:: : Initializing ... 
Importing    LinearSolversApplication 
    Kratos  _     _                       ____        _
           | |   (_)_ __   ___  __ _ _ __/ ___|  ___ | |_   _____ _ __ ___
           | |   | | '_ \ / _ \/ _` | '__\___ \ / _ \| \ \ / / _ \ '__/ __|
           | |___| | | | |  __/ (_| | |   ___) | (_) | |\ V /  __/ |  \__ \
           |_____|_|_| |_|\___|\__,_|_|  |____/ \___/|_| \_/ \___|_|  |___/
Initializing KratosLinearSolversApplication...
Linear-Solver-Factory: Constructing a regular (non-complex) linear-solver 
::[MechanicalSolver]:: : Finished initialization. 
Analysis: Analysis -START-  
[WARNING] DEPRECATION-Warning; MechanicalSolver: Using "line_search", please move it to "solving_strategy_settings" as "type" 
::[MechanicalSolver]:: : Construction finished 
::[StaticMechanicalSolver]:: : Construction finished 
::[MechanicalSolver]:: : Variables ADDED 
[WARNING] Model: Trying to create a root modelpart with na |  /           |                  
 ' /   __| _` | __|  _ \   __|    
 . \  |   (   | |   (   |\__ \  
_|\_\_|  \__,_|\__|\___/ ____/
           Multi-Physics 10.3."0"-master-532e0dba7df-Release-x86_64
           Compiled for GNU/Linux and Python3.12 with GCC-13.3
Compiled with threading support. Threading support with OpenMP.
Maximum number of threads: 1.
Importing    KratosStructuralMechanicsApplication 
    KRATOS   ___|  |                   |                   |
           \___ \  __|  __| |   |  __| __| |   |  __| _` | |
                 | |   |    |   | (    |   |   | |   (   | |
           _____/ \__|_|   \__,_|\___|\__|\__,_|_|  \__,_|_| MECHANICS
Initializing KratosStructuralMechanicsApplication...
Importing    KratosConstitutiveLawsApplication 
Initializing KratosConstitutiveLawsApplication...
[WARNING] DEPRECATION-Warning; MechanicalSolver: Using "line_search", please move it to "solving_strategy_settings" as "type" 
::[MechanicalSolver]:: : Construction finished 
::[StaticMechanicalSolver]:: : Construction finished 
::[MechanicalSolver]:: : Variables ADDED 
[WARNING] Model: Trying to create a root modelpart with name Structure however a ModelPart with the same name already exists. 
Returning the already existent ModelPart.
SingleImportModelPart: Reading model part from file: "/home/sares/ML_assisted_CLs_clean/coupon_fe2_paper/03_data/rve_mesh".mdpa
ModelPartIO:   [Reading Nodes    : 3240 nodes read]
ModelPartIO:   [Reading Geometries : 1546 geometries read] [Type: Triangle2D6]
ModelPartIO:   [Total Lines Read : 9751]
SingleImportModelPart: Finished reading model part from mdpa file.
::[PythonSolver]::: Reading model part. 
::[PythonSolver]::: Using already imported model part - no reading necessary. 
ModelPart: -Structure- model part
    Buffer Size : 1
    Number of tables : 0
    Number of sub model parts : 2
    Current solution step index : 0
    DOMAIN_SIZE : 2
    OSS_SWITCH : 0
    IS_RESTARTED : 0

    Number of Geometries  : 1546
    Mesh 0 :
        Number of Nodes       : 3240
        Number of Properties  : 1
        Number of Elements    : 1546
        Number of Conditions  : 0
        Number of Constraints : 0

    -dirichlet- model part
        Number of tables : 0
        Number of sub model parts : 0

        Number of Geometries  : 0
        Mesh 0 :
            Number of Nodes       : 156
            Number of Properties  : 0
            Number of Elements    : 0
            Number of Conditions  : 0
            Number of Constraints : 0
    -material- model part
        Number of tables : 0
        Number of sub model parts : 0

        Number of Geometries  : 1546
        Mesh 0 :
            Number of Nodes       : 3240
            Number of Properties  : 0
            Number of Elements    : 1546
            Number of Conditions  : 0
            Number of Constraints : 0
 
::[PythonSolver]:: : Finished reading model part. 
Read materials: Started
Read materials: Finished
::[MechanicalSolver]:: : Constitutive law was successfully imported. 
::[MechanicalSolver]::: ModelPart prepared for Solver. 
::[MechanicalSolver]:: : DOF's ADDED 
::[MechanicalSolver]:: : Initializing ... 
Importing    LinearSolversApplication 
    Kratos  _     _                       ____        _
           | |   (_)_ __   ___  __ _ _ __/ ___|  ___ | |_   _____ _ __ ___
           | |   | | '_ \ / _ \/ _` | '__\___ \ / _ \| \ \ / / _ \ '__/ __|
           | |___| | | | |  __/ (_| | |   ___) | (_) | |\ V /  __/ |  \__ \
           |_____|_|_| |_|\___|\__,_|_|  |____/ \___/|_| \_/ \___|_|  |___/
Initializing KratosLinearSolversApplication...
Linear-Solver-Factory: Constructing a regular (non-complex) linear-solver 
::[MechanicalSolver]:: : Finished initialization. 
Analysis: Analysis -START-  
[WARNING] DEPRECATION-Warning; MechanicalSolver: Using "line_search", please move it to "solving_strategy_settings" as "type" 
::[MechanicalSolver]:: : Construction finished 
::[StaticMechanicalSolver]:: : Construction finished 
::[MechanicalSolver]:: : Variables ADDED 
[WARNING] Model: Trying to create a root modelpart with na |  /           |                  
 ' /   __| _` | __|  _ \   __|    
 . \  |   (   | |   (   |\__ \  
_|\_\_|  \__,_|\__|\___/ ____/
           Multi-Physics 10.3."0"-master-532e0dba7df-Release-x86_64
           Compiled for GNU/Linux and Python3.12 with GCC-13.3
Compiled with threading support. Threading support with OpenMP.
Maximum number of threads: 1.
Importing    KratosStructuralMechanicsApplication 
    KRATOS   ___|  |                   |                   |
           \___ \  __|  __| |   |  __| __| |   |  __| _` | |
                 | |   |    |   | (    |   |   | |   (   | |
           _____/ \__|_|   \__,_|\___|\__|\__,_|_|  \__,_|_| MECHANICS
Initializing KratosStructuralMechanicsApplication...
Importing    KratosConstitutiveLawsApplication 
Initializing KratosConstitutiveLawsApplication...
[WARNING] DEPRECATION-Warning; MechanicalSolver: Using "line_search", please move it to "solving_strategy_settings" as "type" 
::[MechanicalSolver]:: : Construction finished 
::[StaticMechanicalSolver]:: : Construction finished 
::[MechanicalSolver]:: : Variables ADDED 
[WARNING] Model: Trying to create a root modelpart with name Structure however a ModelPart with the same name already exists. 
Returning the already existent ModelPart.
SingleImportModelPart: Reading model part from file: "/home/sares/ML_assisted_CLs_clean/coupon_fe2_paper/03_data/rve_mesh".mdpa
ModelPartIO:   [Reading Nodes    : 3240 nodes read]
ModelPartIO:   [Reading Geometries : 1546 geometries read] [Type: Triangle2D6]
ModelPartIO:   [Total Lines Read : 9751]
SingleImportModelPart: Finished reading model part from mdpa file.
::[PythonSolver]::: Reading model part. 
::[PythonSolver]::: Using already imported model part - no reading necessary. 
ModelPart: -Structure- model part
    Buffer Size : 1
    Number of tables : 0
    Number of sub model parts : 2
    Current solution step index : 0
    DOMAIN_SIZE : 2
    OSS_SWITCH : 0
    IS_RESTARTED : 0

    Number of Geometries  : 1546
    Mesh 0 :
        Number of Nodes       : 3240
        Number of Properties  : 1
        Number of Elements    : 1546
        Number of Conditions  : 0
        Number of Constraints : 0

    -dirichlet- model part
        Number of tables : 0
        Number of sub model parts : 0

        Number of Geometries  : 0
        Mesh 0 :
            Number of Nodes       : 156
            Number of Properties  : 0
            Number of Elements    : 0
            Number of Conditions  : 0
            Number of Constraints : 0
    -material- model part
        Number of tables : 0
        Number of sub model parts : 0

        Number of Geometries  : 1546
        Mesh 0 :
            Number of Nodes       : 3240
            Number of Properties  : 0
            Number of Elements    : 1546
            Number of Conditions  : 0
            Number of Constraints : 0
 
::[PythonSolver]:: : Finished reading model part. 
Read materials: Started
Read materials: Finished
::[MechanicalSolver]:: : Constitutive law was successfully imported. 
::[MechanicalSolver]::: ModelPart prepared for Solver. 
::[MechanicalSolver]:: : DOF's ADDED 
::[MechanicalSolver]:: : Initializing ... 
Importing    LinearSolversApplication 
    Kratos  _     _                       ____        _
           | |   (_)_ __   ___  __ _ _ __/ ___|  ___ | |_   _____ _ __ ___
           | |   | | '_ \ / _ \/ _` | '__\___ \ / _ \| \ \ / / _ \ '__/ __|
           | |___| | | | |  __/ (_| | |   ___) | (_) | |\ V /  __/ |  \__ \
           |_____|_|_| |_|\___|\__,_|_|  |____/ \___/|_| \_/ \___|_|  |___/
Initializing KratosLinearSolversApplication...
Linear-Solver-Factory: Constructing a regular (non-complex) linear-solver 
::[MechanicalSolver]:: : Finished initialization. 
Analysis: Analysis -START-  
[WARNING] DEPRECATION-Warning; MechanicalSolver: Using "line_search", please move it to "solving_strategy_settings" as "type" 
::[MechanicalSolver]:: : Construction finished 
::[StaticMechanicalSolver]:: : Construction finished 
::[MechanicalSolver]:: : Variables ADDED 
[WARNING] Model: Trying to create a root modelpart with name Structure however a ModelPart with the same name already exists. 
Returning the already existent ModelPart.
SingleImportModelPart: Reading model part from file: "/tmp/coupon_hprom_ecm_884863/residual_ecm".mdpa
ModelPartIO:   [Reading Nodes    : 644 nodes read]
ModelPartIO:   [Reading Geometries : 135 geometries read] [Type: Triangle2D6]
ModelPartIO:   [Total Lines Read : 1582]
SingleImportModelPart: Finished reading model part from mdpa file.
::[PythonSolver]::: Reading model part. 
::[PythonSolver]::: Using already imported model part - no reading necessary. 
ModelPart: -Structure- model part
    Buffer Size : 1
    Number of tables : 0
    Number of sub model parts : 2
    Current solution step index : 0
    DOMAIN_SIZE : 2
    OSS_SWITCH : 0
    IS_RESTARTED : 0

    Number of Geometries  : 135
    Mesh 0 :
        Number of Nodes       : 644
        Number of Properties  : 1
        Number of Elements    : 135
        Number of Conditions  : 0
        Number of Constraints : 0

    -dirichlet- model part
        Number of tables : 0
        Number of sub model parts : 0

        Number of Geometries  : 0
        Mesh 0 :
            Number of Nodes       : 1
            Number of Properties  : 0
            Number of Elements    : 0
            Number of Conditions  : 0
            Number of Constraints : 0
    -material- model part
        Number of tables : 0
        Number of sub model parts : 0

        Number of Geometries  : 135
        Mesh 0 :
            Number of Nodes       : 644
            Number of Properties  : 0
            Number of Elements    : 135
            Number of Conditions  : 0
            Number of Constraints : 0
 
::[PythonSolver]:: : Finished reading model part. 
Read materials: Started
Read materials: Finished
::[MechanicalSolver]:: : Constitutive law was successfully imported. 
::[MechanicalSolver]::: ModelPart prepared for Solver. 
::[MechanicalSolver]:: : DOF's ADDED 
::[MechanicalSolver]:: : Initializing ... 
Linear-Solver-Factory: Constructing a regular (non-complex) linear-solver 
::[MechanicalSolver]:: : Finished initialization. 
Analysis: Analysis -START-  
[WARNING] DEPRECATION-Warning; MechanicalSolver: Using "line_search", please move it to "solving_strategy_settings" as "type" 
::[MechanicalSolver]:: : Construction finished 
::[StaticMechanicalSolver]:: : Construction finished 
::[MechanicalSolver]:: : Variables ADDED 
[WARNING] Model: Trying to create a root modelpart with name Structure however a ModelPart with the same name already exists. 
Returning the already existent ModelPart.
SingleImportModelPart: Reading model part from file: "/tmp/coupon_hprom_ecm_884863/stress_ecm".mdpa
ModelPartIO:   [Reading Nodes    : 377 nodes read]
ModelPartIO:   [Reading Geometries : 73 geometries read] [Type: Triangle2D6]
ModelPartIO:   [Total Lines Read : 924]
SingleImportModelPart: Finished reading model part from mdpa file.
::[PythonSolver]::: Reading model part. 
::[PythonSolver]::: Using already imported model part - no reading necessary. 
ModelPart: -Structure- model part
    Buffer Size : 1
    Number of tables : 0
    Number of sub model parts : 2
    Current solution step index : 0
    DOMAIN_SIZE : 2
    OSS_SWITCH : 0
    IS_RESTARTED : 0

    Number of Geometries  : 73
    Mesh 0 :
        Number of Nodes       : 377
        Number of Properties  : 1
        Number of Elements    : 73
        Number of Conditions  : 0
        Number of Constraints : 0

    -dirichlet- model part
        Number of tables : 0
        Number of sub model parts : 0

        Number of Geometries  : 0
        Mesh 0 :
            Number of Nodes       : 1
            Number of Properties  : 0
            Number of Elements    : 0
            Number of Conditions  : 0
            Number of Constraints : 0
    -material- model part
        Number of tables : 0
        Number of sub model parts : 0

        Number of Geometries  : 73
        Mesh 0 :
            Number of Nodes       : 377
            Number of Properties  : 0
            Number of Elements    : 73
            Number of Conditions me Structure however a ModelPart with the same name already exists. 
Returning the already existent ModelPart.
SingleImportModelPart: Reading model part from file: "/tmp/coupon_hprom_ecm_884862/residual_ecm".mdpa
ModelPartIO:   [Reading Nodes    : 644 nodes read]
ModelPartIO:   [Reading Geometries : 135 geometries read] [Type: Triangle2D6]
ModelPartIO:   [Total Lines Read : 1582]
SingleImportModelPart: Finished reading model part from mdpa file.
::[PythonSolver]::: Reading model part. 
::[PythonSolver]::: Using already imported model part - no reading necessary. 
ModelPart: -Structure- model part
    Buffer Size : 1
    Number of tables : 0
    Number of sub model parts : 2
    Current solution step index : 0
    DOMAIN_SIZE : 2
    OSS_SWITCH : 0
    IS_RESTARTED : 0

    Number of Geometries  : 135
    Mesh 0 :
        Number of Nodes       : 644
        Number of Properties  : 1
        Number of Elements    : 135
        Number of Conditions  : 0
        Number of Constraints : 0

    -dirichlet- model part
        Number of tables : 0
        Number of sub model parts : 0

        Number of Geometries  : 0
        Mesh 0 :
            Number of Nodes       : 1
            Number of Properties  : 0
            Number of Elements    : 0
            Number of Conditions  : 0
            Number of Constraints : 0
    -material- model part
        Number of tables : 0
        Number of sub model parts : 0

        Number of Geometries  : 135
        Mesh 0 :
            Number of Nodes       : 644
            Number of Properties  : 0
            Number of Elements    : 135
            Number of Conditions  : 0
            Number of Constraints : 0
 
::[PythonSolver]:: : Finished reading model part. 
Read materials: Started
Read materials: Finished
::[MechanicalSolver]:: : Constitutive law was successfully imported. 
::[MechanicalSolver]::: ModelPart prepared for Solver. 
::[MechanicalSolver]:: : DOF's ADDED 
::[MechanicalSolver]:: : Initializing ... 
Linear-Solver-Factory: Constructing a regular (non-complex) linear-solver 
::[MechanicalSolver]:: : Finished initialization. 
Analysis: Analysis -START-  
[WARNING] DEPRECATION-Warning; MechanicalSolver: Using "line_search", please move it to "solving_strategy_settings" as "type" 
::[MechanicalSolver]:: : Construction finished 
::[StaticMechanicalSolver]:: : Construction finished 
::[MechanicalSolver]:: : Variables ADDED 
[WARNING] Model: Trying to create a root modelpart with name Structure however a ModelPart with the same name already exists. 
Returning the already existent ModelPart.
SingleImportModelPart: Reading model part from file: "/tmp/coupon_hprom_ecm_884862/stress_ecm".mdpa
ModelPartIO:   [Reading Nodes    : 377 nodes read]
ModelPartIO:   [Reading Geometries : 73 geometries read] [Type: Triangle2D6]
ModelPartIO:   [Total Lines Read : 924]
SingleImportModelPart: Finished reading model part from mdpa file.
::[PythonSolver]::: Reading model part. 
::[PythonSolver]::: Using already imported model part - no reading necessary. 
ModelPart: -Structure- model part
    Buffer Size : 1
    Number of tables : 0
    Number of sub model parts : 2
    Current solution step index : 0
    DOMAIN_SIZE : 2
    OSS_SWITCH : 0
    IS_RESTARTED : 0

    Number of Geometries  : 73
    Mesh 0 :
        Number of Nodes       : 377
        Number of Properties  : 1
        Number of Elements    : 73
        Number of Conditions  : 0
        Number of Constraints : 0

    -dirichlet- model part
        Number of tables : 0
        Number of sub model parts : 0

        Number of Geometries  : 0
        Mesh 0 :
            Number of Nodes       : 1
            Number of Properties  : 0
            Number of Elements    : 0
            Number of Conditions  : 0
            Number of Constraints : 0
    -material- model part
        Number of tables : 0
        Number of sub model parts : 0

        Number of Geometries  : 73
        Mesh 0 :
            Number of Nodes       : 377
            Number of Properties  : 0
            Number of Elements    : 73
            Number of Conditions me Structure however a ModelPart with the same name already exists. 
Returning the already existent ModelPart.
SingleImportModelPart: Reading model part from file: "/tmp/coupon_hprom_ecm_884861/residual_ecm".mdpa
ModelPartIO:   [Reading Nodes    : 644 nodes read]
ModelPartIO:   [Reading Geometries : 135 geometries read] [Type: Triangle2D6]
ModelPartIO:   [Total Lines Read : 1582]
SingleImportModelPart: Finished reading model part from mdpa file.
::[PythonSolver]::: Reading model part. 
::[PythonSolver]::: Using already imported model part - no reading necessary. 
ModelPart: -Structure- model part
    Buffer Size : 1
    Number of tables : 0
    Number of sub model parts : 2
    Current solution step index : 0
    DOMAIN_SIZE : 2
    OSS_SWITCH : 0
    IS_RESTARTED : 0

    Number of Geometries  : 135
    Mesh 0 :
        Number of Nodes       : 644
        Number of Properties  : 1
        Number of Elements    : 135
        Number of Conditions  : 0
        Number of Constraints : 0

    -dirichlet- model part
        Number of tables : 0
        Number of sub model parts : 0

        Number of Geometries  : 0
        Mesh 0 :
            Number of Nodes       : 1
            Number of Properties  : 0
            Number of Elements    : 0
            Number of Conditions  : 0
            Number of Constraints : 0
    -material- model part
        Number of tables : 0
        Number of sub model parts : 0

        Number of Geometries  : 135
        Mesh 0 :
            Number of Nodes       : 644
            Number of Properties  : 0
            Number of Elements    : 135
            Number of Conditions  : 0
            Number of Constraints : 0
 
::[PythonSolver]:: : Finished reading model part. 
Read materials: Started
Read materials: Finished
::[MechanicalSolver]:: : Constitutive law was successfully imported. 
::[MechanicalSolver]::: ModelPart prepared for Solver. 
::[MechanicalSolver]:: : DOF's ADDED 
::[MechanicalSolver]:: : Initializing ... 
Linear-Solver-Factory: Constructing a regular (non-complex) linear-solver 
::[MechanicalSolver]:: : Finished initialization. 
Analysis: Analysis -START-  
[WARNING] DEPRECATION-Warning; MechanicalSolver: Using "line_search", please move it to "solving_strategy_settings" as "type" 
::[MechanicalSolver]:: : Construction finished 
::[StaticMechanicalSolver]:: : Construction finished 
::[MechanicalSolver]:: : Variables ADDED 
[WARNING] Model: Trying to create a root modelpart with name Structure however a ModelPart with the same name already exists. 
Returning the already existent ModelPart.
SingleImportModelPart: Reading model part from file: "/tmp/coupon_hprom_ecm_884861/stress_ecm".mdpa
ModelPartIO:   [Reading Nodes    : 377 nodes read]
ModelPartIO:   [Reading Geometries : 73 geometries read] [Type: Triangle2D6]
ModelPartIO:   [Total Lines Read : 924]
SingleImportModelPart: Finished reading model part from mdpa file.
::[PythonSolver]::: Reading model part. 
::[PythonSolver]::: Using already imported model part - no reading necessary. 
ModelPart: -Structure- model part
    Buffer Size : 1
    Number of tables : 0
    Number of sub model parts : 2
    Current solution step index : 0
    DOMAIN_SIZE : 2
    OSS_SWITCH : 0
    IS_RESTARTED : 0

    Number of Geometries  : 73
    Mesh 0 :
        Number of Nodes       : 377
        Number of Properties  : 1
        Number of Elements    : 73
        Number of Conditions  : 0
        Number of Constraints : 0

    -dirichlet- model part
        Number of tables : 0
        Number of sub model parts : 0

        Number of Geometries  : 0
        Mesh 0 :
            Number of Nodes       : 1
            Number of Properties  : 0
            Number of Elements    : 0
            Number of Conditions  : 0
            Number of Constraints : 0
    -material- model part
        Number of tables : 0
        Number of sub model parts : 0

        Number of Geometries  : 73
        Mesh 0 :
            Number of Nodes       : 377
            Number of Properties  : 0
            Number of Elements    : 73
            Number of Conditions me Structure however a ModelPart with the same name already exists. 
Returning the already existent ModelPart.
SingleImportModelPart: Reading model part from file: "/tmp/coupon_hprom_ecm_884859/residual_ecm".mdpa
ModelPartIO:   [Reading Nodes    : 644 nodes read]
ModelPartIO:   [Reading Geometries : 135 geometries read] [Type: Triangle2D6]
ModelPartIO:   [Total Lines Read : 1582]
SingleImportModelPart: Finished reading model part from mdpa file.
::[PythonSolver]::: Reading model part. 
::[PythonSolver]::: Using already imported model part - no reading necessary. 
ModelPart: -Structure- model part
    Buffer Size : 1
    Number of tables : 0
    Number of sub model parts : 2
    Current solution step index : 0
    DOMAIN_SIZE : 2
    OSS_SWITCH : 0
    IS_RESTARTED : 0

    Number of Geometries  : 135
    Mesh 0 :
        Number of Nodes       : 644
        Number of Properties  : 1
        Number of Elements    : 135
        Number of Conditions  : 0
        Number of Constraints : 0

    -dirichlet- model part
        Number of tables : 0
        Number of sub model parts : 0

        Number of Geometries  : 0
        Mesh 0 :
            Number of Nodes       : 1
            Number of Properties  : 0
            Number of Elements    : 0
            Number of Conditions  : 0
            Number of Constraints : 0
    -material- model part
        Number of tables : 0
        Number of sub model parts : 0

        Number of Geometries  : 135
        Mesh 0 :
            Number of Nodes       : 644
            Number of Properties  : 0
            Number of Elements    : 135
            Number of Conditions  : 0
            Number of Constraints : 0
 
::[PythonSolver]:: : Finished reading model part. 
Read materials: Started
Read materials: Finished
::[MechanicalSolver]:: : Constitutive law was successfully imported. 
::[MechanicalSolver]::: ModelPart prepared for Solver. 
::[MechanicalSolver]:: : DOF's ADDED 
::[MechanicalSolver]:: : Initializing ... 
Linear-Solver-Factory: Constructing a regular (non-complex) linear-solver 
::[MechanicalSolver]:: : Finished initialization. 
Analysis: Analysis -START-  
[WARNING] DEPRECATION-Warning; MechanicalSolver: Using "line_search", please move it to "solving_strategy_settings" as "type" 
::[MechanicalSolver]:: : Construction finished 
::[StaticMechanicalSolver]:: : Construction finished 
::[MechanicalSolver]:: : Variables ADDED 
[WARNING] Model: Trying to create a root modelpart with name Structure however a ModelPart with the same name already exists. 
Returning the already existent ModelPart.
SingleImportModelPart: Reading model part from file: "/tmp/coupon_hprom_ecm_884859/stress_ecm".mdpa
ModelPartIO:   [Reading Nodes    : 377 nodes read]
ModelPartIO:   [Reading Geometries : 73 geometries read] [Type: Triangle2D6]
ModelPartIO:   [Total Lines Read : 924]
SingleImportModelPart: Finished reading model part from mdpa file.
::[PythonSolver]::: Reading model part. 
::[PythonSolver]::: Using already imported model part - no reading necessary. 
ModelPart: -Structure- model part
    Buffer Size : 1
    Number of tables : 0
    Number of sub model parts : 2
    Current solution step index : 0
    DOMAIN_SIZE : 2
    OSS_SWITCH : 0
    IS_RESTARTED : 0

    Number of Geometries  : 73
    Mesh 0 :
        Number of Nodes       : 377
        Number of Properties  : 1
        Number of Elements    : 73
        Number of Conditions  : 0
        Number of Constraints : 0

    -dirichlet- model part
        Number of tables : 0
        Number of sub model parts : 0

        Number of Geometries  : 0
        Mesh 0 :
            Number of Nodes       : 1
            Number of Properties  : 0
            Number of Elements    : 0
            Number of Conditions  : 0
            Number of Constraints : 0
    -material- model part
        Number of tables : 0
        Number of sub model parts : 0

        Number of Geometries  : 73
        Mesh 0 :
            Number of Nodes       : 377
            Number of Properties  : 0
            Number of Elements    : 73
            Number of Conditions me Structure however a ModelPart with the same name already exists. 
Returning the already existent ModelPart.
SingleImportModelPart: Reading model part from file: "/tmp/coupon_hprom_ecm_884865/residual_ecm".mdpa
ModelPartIO:   [Reading Nodes    : 644 nodes read]
ModelPartIO:   [Reading Geometries : 135 geometries read] [Type: Triangle2D6]
ModelPartIO:   [Total Lines Read : 1582]
SingleImportModelPart: Finished reading model part from mdpa file.
::[PythonSolver]::: Reading model part. 
::[PythonSolver]::: Using already imported model part - no reading necessary. 
ModelPart: -Structure- model part
    Buffer Size : 1
    Number of tables : 0
    Number of sub model parts : 2
    Current solution step index : 0
    DOMAIN_SIZE : 2
    OSS_SWITCH : 0
    IS_RESTARTED : 0

    Number of Geometries  : 135
    Mesh 0 :
        Number of Nodes       : 644
        Number of Properties  : 1
        Number of Elements    : 135
        Number of Conditions  : 0
        Number of Constraints : 0

    -dirichlet- model part
        Number of tables : 0
        Number of sub model parts : 0

        Number of Geometries  : 0
        Mesh 0 :
            Number of Nodes       : 1
            Number of Properties  : 0
            Number of Elements    : 0
            Number of Conditions  : 0
            Number of Constraints : 0
    -material- model part
        Number of tables : 0
        Number of sub model parts : 0

        Number of Geometries  : 135
        Mesh 0 :
            Number of Nodes       : 644
            Number of Properties  : 0
            Number of Elements    : 135
            Number of Conditions  : 0
            Number of Constraints : 0
 
::[PythonSolver]:: : Finished reading model part. 
Read materials: Started
Read materials: Finished
::[MechanicalSolver]:: : Constitutive law was successfully imported. 
::[MechanicalSolver]::: ModelPart prepared for Solver. 
::[MechanicalSolver]:: : DOF's ADDED 
::[MechanicalSolver]:: : Initializing ... 
Linear-Solver-Factory: Constructing a regular (non-complex) linear-solver 
::[MechanicalSolver]:: : Finished initialization. 
Analysis: Analysis -START-  
[WARNING] DEPRECATION-Warning; MechanicalSolver: Using "line_search", please move it to "solving_strategy_settings" as "type" 
::[MechanicalSolver]:: : Construction finished 
::[StaticMechanicalSolver]:: : Construction finished 
::[MechanicalSolver]:: : Variables ADDED 
[WARNING] Model: Trying to create a root modelpart with name Structure however a ModelPart with the same name already exists. 
Returning the already existent ModelPart.
SingleImportModelPart: Reading model part from file: "/tmp/coupon_hprom_ecm_884865/stress_ecm".mdpa
ModelPartIO:   [Reading Nodes    : 377 nodes read]
ModelPartIO:   [Reading Geometries : 73 geometries read] [Type: Triangle2D6]
ModelPartIO:   [Total Lines Read : 924]
SingleImportModelPart: Finished reading model part from mdpa file.
::[PythonSolver]::: Reading model part. 
::[PythonSolver]::: Using already imported model part - no reading necessary. 
ModelPart: -Structure- model part
    Buffer Size : 1
    Number of tables : 0
    Number of sub model parts : 2
    Current solution step index : 0
    DOMAIN_SIZE : 2
    OSS_SWITCH : 0
    IS_RESTARTED : 0

    Number of Geometries  : 73
    Mesh 0 :
        Number of Nodes       : 377
        Number of Properties  : 1
        Number of Elements    : 73
        Number of Conditions  : 0
        Number of Constraints : 0

    -dirichlet- model part
        Number of tables : 0
        Number of sub model parts : 0

        Number of Geometries  : 0
        Mesh 0 :
            Number of Nodes       : 1
            Number of Properties  : 0
            Number of Elements    : 0
            Number of Conditions  : 0
            Number of Constraints : 0
    -material- model part
        Number of tables : 0
        Number of sub model parts : 0

        Number of Geometries  : 73
        Mesh 0 :
            Number of Nodes       : 377
            Number of Properties  : 0
            Number of Elements    : 73
            Number of Conditions me Structure however a ModelPart with the same name already exists. 
Returning the already existent ModelPart.
SingleImportModelPart: Reading model part from file: "/tmp/coupon_hprom_ecm_884864/residual_ecm".mdpa
ModelPartIO:   [Reading Nodes    : 644 nodes read]
ModelPartIO:   [Reading Geometries : 135 geometries read] [Type: Triangle2D6]
ModelPartIO:   [Total Lines Read : 1582]
SingleImportModelPart: Finished reading model part from mdpa file.
::[PythonSolver]::: Reading model part. 
::[PythonSolver]::: Using already imported model part - no reading necessary. 
ModelPart: -Structure- model part
    Buffer Size : 1
    Number of tables : 0
    Number of sub model parts : 2
    Current solution step index : 0
    DOMAIN_SIZE : 2
    OSS_SWITCH : 0
    IS_RESTARTED : 0

    Number of Geometries  : 135
    Mesh 0 :
        Number of Nodes       : 644
        Number of Properties  : 1
        Number of Elements    : 135
        Number of Conditions  : 0
        Number of Constraints : 0

    -dirichlet- model part
        Number of tables : 0
        Number of sub model parts : 0

        Number of Geometries  : 0
        Mesh 0 :
            Number of Nodes       : 1
            Number of Properties  : 0
            Number of Elements    : 0
            Number of Conditions  : 0
            Number of Constraints : 0
    -material- model part
        Number of tables : 0
        Number of sub model parts : 0

        Number of Geometries  : 135
        Mesh 0 :
            Number of Nodes       : 644
            Number of Properties  : 0
            Number of Elements    : 135
            Number of Conditions  : 0
            Number of Constraints : 0
 
::[PythonSolver]:: : Finished reading model part. 
Read materials: Started
Read materials: Finished
::[MechanicalSolver]:: : Constitutive law was successfully imported. 
::[MechanicalSolver]::: ModelPart prepared for Solver. 
::[MechanicalSolver]:: : DOF's ADDED 
::[MechanicalSolver]:: : Initializing ... 
Linear-Solver-Factory: Constructing a regular (non-complex) linear-solver 
::[MechanicalSolver]:: : Finished initialization. 
Analysis: Analysis -START-  
[WARNING] DEPRECATION-Warning; MechanicalSolver: Using "line_search", please move it to "solving_strategy_settings" as "type" 
::[MechanicalSolver]:: : Construction finished 
::[StaticMechanicalSolver]:: : Construction finished 
::[MechanicalSolver]:: : Variables ADDED 
[WARNING] Model: Trying to create a root modelpart with name Structure however a ModelPart with the same name already exists. 
Returning the already existent ModelPart.
SingleImportModelPart: Reading model part from file: "/tmp/coupon_hprom_ecm_884864/stress_ecm".mdpa
ModelPartIO:   [Reading Nodes    : 377 nodes read]
ModelPartIO:   [Reading Geometries : 73 geometries read] [Type: Triangle2D6]
ModelPartIO:   [Total Lines Read : 924]
SingleImportModelPart: Finished reading model part from mdpa file.
::[PythonSolver]::: Reading model part. 
::[PythonSolver]::: Using already imported model part - no reading necessary. 
ModelPart: -Structure- model part
    Buffer Size : 1
    Number of tables : 0
    Number of sub model parts : 2
    Current solution step index : 0
    DOMAIN_SIZE : 2
    OSS_SWITCH : 0
    IS_RESTARTED : 0

    Number of Geometries  : 73
    Mesh 0 :
        Number of Nodes       : 377
        Number of Properties  : 1
        Number of Elements    : 73
        Number of Conditions  : 0
        Number of Constraints : 0

    -dirichlet- model part
        Number of tables : 0
        Number of sub model parts : 0

        Number of Geometries  : 0
        Mesh 0 :
            Number of Nodes       : 1
            Number of Properties  : 0
            Number of Elements    : 0
            Number of Conditions  : 0
            Number of Constraints : 0
    -material- model part
        Number of tables : 0
        Number of sub model parts : 0

        Number of Geometries  : 73
        Mesh 0 :
            Number of Nodes       : 377
            Number of Properties  : 0
            Number of Elements    : 73
            Number of Conditions  |  /           |                  
 ' /   __| _` | __|  _ \   __|    
 . \  |   (   | |   (   |\__ \  
_|\_\_|  \__,_|\__|\___/ ____/
           Multi-Physics 10.3."0"-master-532e0dba7df-Release-x86_64
           Compiled for GNU/Linux and Python3.12 with GCC-13.3
Compiled with threading support. Threading support with OpenMP.
Maximum number of threads: 1.
Importing    KratosStructuralMechanicsApplication 
    KRATOS   ___|  |                   |                   |
           \___ \  __|  __| |   |  __| __| |   |  __| _` | |
                 | |   |    |   | (    |   |   | |   (   | |
           _____/ \__|_|   \__,_|\___|\__|\__,_|_|  \__,_|_| MECHANICS
Initializing KratosStructuralMechanicsApplication...
Importing    KratosConstitutiveLawsApplication 
Initializing KratosConstitutiveLawsApplication...
[WARNING] DEPRECATION-Warning; MechanicalSolver: Using "line_search", please move it to "solving_strategy_settings" as "type" 
::[MechanicalSolver]:: : Construction finished 
::[StaticMechanicalSolver]:: : Construction finished 
::[MechanicalSolver]:: : Variables ADDED 
[WARNING] Model: Trying to create a root modelpart with name Structure however a ModelPart with the same name already exists. 
Returning the already existent ModelPart.
SingleImportModelPart: Reading model part from file: "/home/sares/ML_assisted_CLs_clean/coupon_fe2_paper/03_data/rve_mesh".mdpa
ModelPartIO:   [Reading Nodes    : 3240 nodes read]
ModelPartIO:   [Reading Geometries : 1546 geometries read] [Type: Triangle2D6]
ModelPartIO:   [Total Lines Read : 9751]
SingleImportModelPart: Finished reading model part from mdpa file.
::[PythonSolver]::: Reading model part. 
::[PythonSolver]::: Using already imported model part - no reading necessary. 
ModelPart: -Structure- model part
    Buffer Size : 1
    Number of tables : 0
    Number of sub model parts : 2
    Current solution step index : 0
    DOMAIN_SIZE : 2
    OSS_SWITCH : 0
    IS_RESTARTED : 0

    Number of Geometries  : 1546
    Mesh 0 :
        Number of Nodes       : 3240
        Number of Properties  : 1
        Number of Elements    : 1546
        Number of Conditions  : 0
        Number of Constraints : 0

    -dirichlet- model part
        Number of tables : 0
        Number of sub model parts : 0

        Number of Geometries  : 0
        Mesh 0 :
            Number of Nodes       : 156
            Number of Properties  : 0
            Number of Elements    : 0
            Number of Conditions  : 0
            Number of Constraints : 0
    -material- model part
        Number of tables : 0
        Number of sub model parts : 0

        Number of Geometries  : 1546
        Mesh 0 :
            Number of Nodes       : 3240
            Number of Properties  : 0
            Number of Elements    : 1546
            Number of Conditions  : 0
            Number of Constraints : 0
 
::[PythonSolver]:: : Finished reading model part. 
Read materials: Started
Read materials: Finished
::[MechanicalSolver]:: : Constitutive law was successfully imported. 
::[MechanicalSolver]::: ModelPart prepared for Solver. 
::[MechanicalSolver]:: : DOF's ADDED 
::[MechanicalSolver]:: : Initializing ... 
Importing    LinearSolversApplication 
    Kratos  _     _                       ____        _
           | |   (_)_ __   ___  __ _ _ __/ ___|  ___ | |_   _____ _ __ ___
           | |   | | '_ \ / _ \/ _` | '__\___ \ / _ \| \ \ / / _ \ '__/ __|
           | |___| | | | |  __/ (_| | |   ___) | (_) | |\ V /  __/ |  \__ \
           |_____|_|_| |_|\___|\__,_|_|  |____/ \___/|_| \_/ \___|_|  |___/
Initializing KratosLinearSolversApplication...
Linear-Solver-Factory: Constructing a regular (non-complex) linear-solver 
::[MechanicalSolver]:: : Finished initialization. 
Analysis: Analysis -START-  
[WARNING] DEPRECATION-Warning; MechanicalSolver: Using "line_search", please move it to "solving_strategy_settings" as "type" 
::[MechanicalSolver]:: : Construction finished 
::[StaticMechanicalSolver]:: : Construction finished 
::[MechanicalSolver]:: : Variables ADDED 
[WARNING] Model: Trying to create a root modelpart with name Structure however a ModelPart with the same name already exists. 
Returning the already existent ModelPart.
SingleImportModelPart: Reading model part from file: "/tmp/coupon_hprom_ecm_884854/residual_ecm".mdpa
ModelPartIO:   [Reading Nodes    : 644 nodes read]
ModelPartIO:   [Reading Geometries : 135 geometries read] [Type: Triangle2D6]
ModelPartIO:   [Total Lines Read : 1582]
SingleImportModelPart: Finished reading model part from mdpa file.
::[PythonSolver]::: Reading model part. 
::[PythonSolver]::: Using already imported model part - no reading necessary. 
ModelPart: -Structure- model part
    Buffer Size : 1
    Number of tables : 0
    Number of sub model parts : 2
    Current solution step index : 0
    DOMAIN_SIZE : 2
    OSS_SWITCH : 0
    IS_RESTARTED : 0

    Number of Geometries  : 135
    Mesh 0 :
        Number of Nodes       : 644
        Number of Properties  : 1
        Number of Elements    : 135
        Number of Conditions  : 0
        Number of Constraints : 0

    -dirichlet- model part
        Number of tables : 0
        Number of sub model parts : 0

        Number of Geometries  : 0
        Mesh 0 :
            Number of Nodes       : 1
            Number of Properties  : 0
            Number of Elements    : 0
            Number of Conditions  : 0
            Number of Constraints : 0
    -material- model part
        Number of tables : 0
        Number of sub model parts : 0

        Number of Geometries  : 135
        Mesh 0 :
            Number of Nodes       : 644
            Number of Properties  : 0
            Number of Elements    : 135
            Number of Conditions  : 0
            Number of Constraints : 0
 
::[PythonSolver]:: : Finished reading model part. 
Read materials: Started
Read materials: Finished
::[MechanicalSolver]:: : Constitutive law was successfully imported. 
::[MechanicalSolver]::: ModelPart prepared for Solver. 
::[MechanicalSolver]:: : DOF's ADDED 
::[MechanicalSolver]:: : Initializing ... 
Linear-Solver-Factory: Constructing a regular (non-complex) linear-solver 
::[MechanicalSolver]:: : Finished initialization. 
Analysis: Analysis -START-  
[WARNING] DEPRECATION-Warning; MechanicalSolver: Using "line_search", please move it to "solving_strategy_settings" as "type" 
::[MechanicalSolver]:: : Construction finished 
::[StaticMechanicalSolver]:: : Construction finished 
::[MechanicalSolver]:: : Variables ADDED 
[WARNING] Model: Trying to create a root modelpart with name Structure however a ModelPart with the same name already exists. 
Returning the already existent ModelPart.
SingleImportModelPart: Reading model part from file: "/tmp/coupon_hprom_ecm_884854/stress_ecm".mdpa
ModelPartIO:   [Reading Nodes    : 377 nodes read]
ModelPartIO:   [Reading Geometries : 73 geometries read] [Type: Triangle2D6]
ModelPartIO:   [Total Lines Read : 924]
SingleImportModelPart: Finished reading model part from mdpa file.
::[PythonSolver]::: Reading model part. 
::[PythonSolver]::: Using already imported model part - no reading necessary. 
ModelPart: -Structure- model part
    Buffer Size : 1
    Number of tables : 0
    Number of sub model parts : 2
    Current solution step index : 0
    DOMAIN_SIZE : 2
    OSS_SWITCH : 0
    IS_RESTARTED : 0

    Number of Geometries  : 73
    Mesh 0 :
        Number of Nodes       : 377
        Number of Properties  : 1
        Number of Elements    : 73
        Number of Conditions  : 0
        Number of Constraints : 0

    -dirichlet- model part
        Number of tables : 0
        Number of sub model parts : 0

        Number of Geometries  : 0
        Mesh 0 :
            Number of Nodes       : 1
            Number of Properties  : 0
            Number of Elements    : 0
            Number of Conditions  : 0
            Number of Constraints : 0
    -material- model part
        Number of tables : 0
        Number of sub model parts : 0

        Number of Geometries  : 73
        Mesh 0 :
            Number of Nodes       : 377
            Number of Properties  : 0
            Number of Elements    : 73
            Number of Conditions  |  /           |                  
 ' /   __| _` | __|  _ \   __|    
 . \  |   (   | |   (   |\__ \  
_|\_\_|  \__,_|\__|\___/ ____/
           Multi-Physics 10.3."0"-master-532e0dba7df-Release-x86_64
           Compiled for GNU/Linux and Python3.12 with GCC-13.3
Compiled with threading support. Threading support with OpenMP.
Maximum number of threads: 1.
Importing    KratosStructuralMechanicsApplication 
    KRATOS   ___|  |                   |                   |
           \___ \  __|  __| |   |  __| __| |   |  __| _` | |
                 | |   |    |   | (    |   |   | |   (   | |
           _____/ \__|_|   \__,_|\___|\__|\__,_|_|  \__,_|_| MECHANICS
Initializing KratosStructuralMechanicsApplication...
Importing    KratosConstitutiveLawsApplication 
Initializing KratosConstitutiveLawsApplication...
[WARNING] DEPRECATION-Warning; MechanicalSolver: Using "line_search", please move it to "solving_strategy_settings" as "type" 
::[MechanicalSolver]:: : Construction finished 
::[StaticMechanicalSolver]:: : Construction finished 
::[MechanicalSolver]:: : Variables ADDED 
[WARNING] Model: Trying to create a root modelpart with name Structure however a ModelPart with the same name already exists. 
Returning the already existent ModelPart.
SingleImportModelPart: Reading model part from file: "/home/sares/ML_assisted_CLs_clean/coupon_fe2_paper/03_data/rve_mesh".mdpa
ModelPartIO:   [Reading Nodes    : 3240 nodes read]
ModelPartIO:   [Reading Geometries : 1546 geometries read] [Type: Triangle2D6]
ModelPartIO:   [Total Lines Read : 9751]
SingleImportModelPart: Finished reading model part from mdpa file.
::[PythonSolver]::: Reading model part. 
::[PythonSolver]::: Using already imported model part - no reading necessary. 
ModelPart: -Structure- model part
    Buffer Size : 1
    Number of tables : 0
    Number of sub model parts : 2
    Current solution step index : 0
    DOMAIN_SIZE : 2
    OSS_SWITCH : 0
    IS_RESTARTED : 0

    Number of Geometries  : 1546
    Mesh 0 :
        Number of Nodes       : 3240
        Number of Properties  : 1
        Number of Elements    : 1546
        Number of Conditions  : 0
        Number of Constraints : 0

    -dirichlet- model part
        Number of tables : 0
        Number of sub model parts : 0

        Number of Geometries  : 0
        Mesh 0 :
            Number of Nodes       : 156
            Number of Properties  : 0
            Number of Elements    : 0
            Number of Conditions  : 0
            Number of Constraints : 0
    -material- model part
        Number of tables : 0
        Number of sub model parts : 0

        Number of Geometries  : 1546
        Mesh 0 :
            Number of Nodes       : 3240
            Number of Properties  : 0
            Number of Elements    : 1546
            Number of Conditions  : 0
            Number of Constraints : 0
 
::[PythonSolver]:: : Finished reading model part. 
Read materials: Started
Read materials: Finished
::[MechanicalSolver]:: : Constitutive law was successfully imported. 
::[MechanicalSolver]::: ModelPart prepared for Solver. 
::[MechanicalSolver]:: : DOF's ADDED 
::[MechanicalSolver]:: : Initializing ... 
Importing    LinearSolversApplication 
    Kratos  _     _                       ____        _
           | |   (_)_ __   ___  __ _ _ __/ ___|  ___ | |_   _____ _ __ ___
           | |   | | '_ \ / _ \/ _` | '__\___ \ / _ \| \ \ / / _ \ '__/ __|
           | |___| | | | |  __/ (_| | |   ___) | (_) | |\ V /  __/ |  \__ \
           |_____|_|_| |_|\___|\__,_|_|  |____/ \___/|_| \_/ \___|_|  |___/
Initializing KratosLinearSolversApplication...
Linear-Solver-Factory: Constructing a regular (non-complex) linear-solver 
::[MechanicalSolver]:: : Finished initialization. 
Analysis: Analysis -START-  
[WARNING] DEPRECATION-Warning; MechanicalSolver: Using "line_search", please move it to "solving_strategy_settings" as "type" 
::[MechanicalSolver]:: : Construction finished 
::[StaticMechanicalSolver]:: : Construction finished 
::[MechanicalSolver]:: : Variables ADDED 
[WARNING] Model: Trying to create a root modelpart with na |  /           |                  
 ' /   __| _` | __|  _ \   __|    
 . \  |   (   | |   (   |\__ \  
_|\_\_|  \__,_|\__|\___/ ____/
           Multi-Physics 10.3."0"-master-532e0dba7df-Release-x86_64
           Compiled for GNU/Linux and Python3.12 with GCC-13.3
Compiled with threading support. Threading support with OpenMP.
Maximum number of threads: 1.
Importing    KratosStructuralMechanicsApplication 
    KRATOS   ___|  |                   |                   |
           \___ \  __|  __| |   |  __| __| |   |  __| _` | |
                 | |   |    |   | (    |   |   | |   (   | |
           _____/ \__|_|   \__,_|\___|\__|\__,_|_|  \__,_|_| MECHANICS
Initializing KratosStructuralMechanicsApplication...
Importing    KratosConstitutiveLawsApplication 
Initializing KratosConstitutiveLawsApplication...
[WARNING] DEPRECATION-Warning; MechanicalSolver: Using "line_search", please move it to "solving_strategy_settings" as "type" 
::[MechanicalSolver]:: : Construction finished 
::[StaticMechanicalSolver]:: : Construction finished 
::[MechanicalSolver]:: : Variables ADDED 
[WARNING] Model: Trying to create a root modelpart with name Structure however a ModelPart with the same name already exists. 
Returning the already existent ModelPart.
SingleImportModelPart: Reading model part from file: "/home/sares/ML_assisted_CLs_clean/coupon_fe2_paper/03_data/rve_mesh".mdpa
ModelPartIO:   [Reading Nodes    : 3240 nodes read]
ModelPartIO:   [Reading Geometries : 1546 geometries read] [Type: Triangle2D6]
ModelPartIO:   [Total Lines Read : 9751]
SingleImportModelPart: Finished reading model part from mdpa file.
::[PythonSolver]::: Reading model part. 
::[PythonSolver]::: Using already imported model part - no reading necessary. 
ModelPart: -Structure- model part
    Buffer Size : 1
    Number of tables : 0
    Number of sub model parts : 2
    Current solution step index : 0
    DOMAIN_SIZE : 2
    OSS_SWITCH : 0
    IS_RESTARTED : 0

    Number of Geometries  : 1546
    Mesh 0 :
        Number of Nodes       : 3240
        Number of Properties  : 1
        Number of Elements    : 1546
        Number of Conditions  : 0
        Number of Constraints : 0

    -dirichlet- model part
        Number of tables : 0
        Number of sub model parts : 0

        Number of Geometries  : 0
        Mesh 0 :
            Number of Nodes       : 156
            Number of Properties  : 0
            Number of Elements    : 0
            Number of Conditions  : 0
            Number of Constraints : 0
    -material- model part
        Number of tables : 0
        Number of sub model parts : 0

        Number of Geometries  : 1546
        Mesh 0 :
            Number of Nodes       : 3240
            Number of Properties  : 0
            Number of Elements    : 1546
            Number of Conditions  : 0
            Number of Constraints : 0
 
::[PythonSolver]:: : Finished reading model part. 
Read materials: Started
Read materials: Finished
::[MechanicalSolver]:: : Constitutive law was successfully imported. 
::[MechanicalSolver]::: ModelPart prepared for Solver. 
::[MechanicalSolver]:: : DOF's ADDED 
::[MechanicalSolver]:: : Initializing ... 
Importing    LinearSolversApplication 
    Kratos  _     _                       ____        _
           | |   (_)_ __   ___  __ _ _ __/ ___|  ___ | |_   _____ _ __ ___
           | |   | | '_ \ / _ \/ _` | '__\___ \ / _ \| \ \ / / _ \ '__/ __|
           | |___| | | | |  __/ (_| | |   ___) | (_) | |\ V /  __/ |  \__ \
           |_____|_|_| |_|\___|\__,_|_|  |____/ \___/|_| \_/ \___|_|  |___/
Initializing KratosLinearSolversApplication...
Linear-Solver-Factory: Constructing a regular (non-complex) linear-solver 
::[MechanicalSolver]:: : Finished initialization. 
Analysis: Analysis -START-  
[WARNING] DEPRECATION-Warning; MechanicalSolver: Using "line_search", please move it to "solving_strategy_settings" as "type" 
::[MechanicalSolver]:: : Construction finished 
::[StaticMechanicalSolver]:: : Construction finished 
::[MechanicalSolver]:: : Variables ADDED 
[WARNING] Model: Trying to create a root modelpart with na |  /           |                  
 ' /   __| _` | __|  _ \   __|    
 . \  |   (   | |   (   |\__ \  
_|\_\_|  \__,_|\__|\___/ ____/
           Multi-Physics 10.3."0"-master-532e0dba7df-Release-x86_64
           Compiled for GNU/Linux and Python3.12 with GCC-13.3
Compiled with threading support. Threading support with OpenMP.
Maximum number of threads: 1.
Importing    KratosStructuralMechanicsApplication 
    KRATOS   ___|  |                   |                   |
           \___ \  __|  __| |   |  __| __| |   |  __| _` | |
                 | |   |    |   | (    |   |   | |   (   | |
           _____/ \__|_|   \__,_|\___|\__|\__,_|_|  \__,_|_| MECHANICS
Initializing KratosStructuralMechanicsApplication...
Importing    KratosConstitutiveLawsApplication 
Initializing KratosConstitutiveLawsApplication...
[WARNING] DEPRECATION-Warning; MechanicalSolver: Using "line_search", please move it to "solving_strategy_settings" as "type" 
::[MechanicalSolver]:: : Construction finished 
::[StaticMechanicalSolver]:: : Construction finished 
::[MechanicalSolver]:: : Variables ADDED 
[WARNING] Model: Trying to create a root modelpart with name Structure however a ModelPart with the same name already exists. 
Returning the already existent ModelPart.
SingleImportModelPart: Reading model part from file: "/home/sares/ML_assisted_CLs_clean/coupon_fe2_paper/03_data/rve_mesh".mdpa
ModelPartIO:   [Reading Nodes    : 3240 nodes read]
ModelPartIO:   [Reading Geometries : 1546 geometries read] [Type: Triangle2D6]
ModelPartIO:   [Total Lines Read : 9751]
SingleImportModelPart: Finished reading model part from mdpa file.
::[PythonSolver]::: Reading model part. 
::[PythonSolver]::: Using already imported model part - no reading necessary. 
ModelPart: -Structure- model part
    Buffer Size : 1
    Number of tables : 0
    Number of sub model parts : 2
    Current solution step index : 0
    DOMAIN_SIZE : 2
    OSS_SWITCH : 0
    IS_RESTARTED : 0

    Number of Geometries  : 1546
    Mesh 0 :
        Number of Nodes       : 3240
        Number of Properties  : 1
        Number of Elements    : 1546
        Number of Conditions  : 0
        Number of Constraints : 0

    -dirichlet- model part
        Number of tables : 0
        Number of sub model parts : 0

        Number of Geometries  : 0
        Mesh 0 :
            Number of Nodes       : 156
            Number of Properties  : 0
            Number of Elements    : 0
            Number of Conditions  : 0
            Number of Constraints : 0
    -material- model part
        Number of tables : 0
        Number of sub model parts : 0

        Number of Geometries  : 1546
        Mesh 0 :
            Number of Nodes       : 3240
            Number of Properties  : 0
            Number of Elements    : 1546
            Number of Conditions  : 0
            Number of Constraints : 0
 
::[PythonSolver]:: : Finished reading model part. 
Read materials: Started
Read materials: Finished
::[MechanicalSolver]:: : Constitutive law was successfully imported. 
::[MechanicalSolver]::: ModelPart prepared for Solver. 
::[MechanicalSolver]:: : DOF's ADDED 
::[MechanicalSolver]:: : Initializing ... 
Importing    LinearSolversApplication 
    Kratos  _     _                       ____        _
           | |   (_)_ __   ___  __ _ _ __/ ___|  ___ | |_   _____ _ __ ___
           | |   | | '_ \ / _ \/ _` | '__\___ \ / _ \| \ \ / / _ \ '__/ __|
           | |___| | | | |  __/ (_| | |   ___) | (_) | |\ V /  __/ |  \__ \
           |_____|_|_| |_|\___|\__,_|_|  |____/ \___/|_| \_/ \___|_|  |___/
Initializing KratosLinearSolversApplication...
Linear-Solver-Factory: Constructing a regular (non-complex) linear-solver 
::[MechanicalSolver]:: : Finished initialization. 
Analysis: Analysis -START-  
[WARNING] DEPRECATION-Warning; MechanicalSolver: Using "line_search", please move it to "solving_strategy_settings" as "type" 
::[MechanicalSolver]:: : Construction finished 
::[StaticMechanicalSolver]:: : Construction finished 
::[MechanicalSolver]:: : Variables ADDED 
[WARNING] Model: Trying to create a root modelpart with na |  /           |                  
 ' /   __| _` | __|  _ \   __|    
 . \  |   (   | |   (   |\__ \  
_|\_\_|  \__,_|\__|\___/ ____/
           Multi-Physics 10.3."0"-master-532e0dba7df-Release-x86_64
           Compiled for GNU/Linux and Python3.12 with GCC-13.3
Compiled with threading support. Threading support with OpenMP.
Maximum number of threads: 1.
Importing    KratosStructuralMechanicsApplication 
    KRATOS   ___|  |                   |                   |
           \___ \  __|  __| |   |  __| __| |   |  __| _` | |
                 | |   |    |   | (    |   |   | |   (   | |
           _____/ \__|_|   \__,_|\___|\__|\__,_|_|  \__,_|_| MECHANICS
Initializing KratosStructuralMechanicsApplication...
Importing    KratosConstitutiveLawsApplication 
Initializing KratosConstitutiveLawsApplication...
[WARNING] DEPRECATION-Warning; MechanicalSolver: Using "line_search", please move it to "solving_strategy_settings" as "type" 
::[MechanicalSolver]:: : Construction finished 
::[StaticMechanicalSolver]:: : Construction finished 
::[MechanicalSolver]:: : Variables ADDED 
[WARNING] Model: Trying to create a root modelpart with name Structure however a ModelPart with the same name already exists. 
Returning the already existent ModelPart.
SingleImportModelPart: Reading model part from file: "/home/sares/ML_assisted_CLs_clean/coupon_fe2_paper/03_data/rve_mesh".mdpa
ModelPartIO:   [Reading Nodes    : 3240 nodes read]
ModelPartIO:   [Reading Geometries : 1546 geometries read] [Type: Triangle2D6]
ModelPartIO:   [Total Lines Read : 9751]
SingleImportModelPart: Finished reading model part from mdpa file.
::[PythonSolver]::: Reading model part. 
::[PythonSolver]::: Using already imported model part - no reading necessary. 
ModelPart: -Structure- model part
    Buffer Size : 1
    Number of tables : 0
    Number of sub model parts : 2
    Current solution step index : 0
    DOMAIN_SIZE : 2
    OSS_SWITCH : 0
    IS_RESTARTED : 0

    Number of Geometries  : 1546
    Mesh 0 :
        Number of Nodes       : 3240
        Number of Properties  : 1
        Number of Elements    : 1546
        Number of Conditions  : 0
        Number of Constraints : 0

    -dirichlet- model part
        Number of tables : 0
        Number of sub model parts : 0

        Number of Geometries  : 0
        Mesh 0 :
            Number of Nodes       : 156
            Number of Properties  : 0
            Number of Elements    : 0
            Number of Conditions  : 0
            Number of Constraints : 0
    -material- model part
        Number of tables : 0
        Number of sub model parts : 0

        Number of Geometries  : 1546
        Mesh 0 :
            Number of Nodes       : 3240
            Number of Properties  : 0
            Number of Elements    : 1546
            Number of Conditions  : 0
            Number of Constraints : 0
 
::[PythonSolver]:: : Finished reading model part. 
Read materials: Started
Read materials: Finished
::[MechanicalSolver]:: : Constitutive law was successfully imported. 
::[MechanicalSolver]::: ModelPart prepared for Solver. 
::[MechanicalSolver]:: : DOF's ADDED 
::[MechanicalSolver]:: : Initializing ... 
Importing    LinearSolversApplication 
    Kratos  _     _                       ____        _
           | |   (_)_ __   ___  __ _ _ __/ ___|  ___ | |_   _____ _ __ ___
           | |   | | '_ \ / _ \/ _` | '__\___ \ / _ \| \ \ / / _ \ '__/ __|
           | |___| | | | |  __/ (_| | |   ___) | (_) | |\ V /  __/ |  \__ \
           |_____|_|_| |_|\___|\__,_|_|  |____/ \___/|_| \_/ \___|_|  |___/
Initializing KratosLinearSolversApplication...
Linear-Solver-Factory: Constructing a regular (non-complex) linear-solver 
::[MechanicalSolver]:: : Finished initialization. 
Analysis: Analysis -START-  
[WARNING] DEPRECATION-Warning; MechanicalSolver: Using "line_search", please move it to "solving_strategy_settings" as "type" 
::[MechanicalSolver]:: : Construction finished 
::[StaticMechanicalSolver]:: : Construction finished 
::[MechanicalSolver]:: : Variables ADDED 
[WARNING] Model: Trying to create a root modelpart with na |  /           |                  
 ' /   __| _` | __|  _ \   __|    
 . \  |   (   | |   (   |\__ \  
_|\_\_|  \__,_|\__|\___/ ____/
           Multi-Physics 10.3."0"-master-532e0dba7df-Release-x86_64
           Compiled for GNU/Linux and Python3.12 with GCC-13.3
Compiled with threading support. Threading support with OpenMP.
Maximum number of threads: 1.
Importing    KratosStructuralMechanicsApplication 
    KRATOS   ___|  |                   |                   |
           \___ \  __|  __| |   |  __| __| |   |  __| _` | |
                 | |   |    |   | (    |   |   | |   (   | |
           _____/ \__|_|   \__,_|\___|\__|\__,_|_|  \__,_|_| MECHANICS
Initializing KratosStructuralMechanicsApplication...
Importing    KratosConstitutiveLawsApplication 
Initializing KratosConstitutiveLawsApplication...
[WARNING] DEPRECATION-Warning; MechanicalSolver: Using "line_search", please move it to "solving_strategy_settings" as "type" 
::[MechanicalSolver]:: : Construction finished 
::[StaticMechanicalSolver]:: : Construction finished 
::[MechanicalSolver]:: : Variables ADDED 
[WARNING] Model: Trying to create a root modelpart with name Structure however a ModelPart with the same name already exists. 
Returning the already existent ModelPart.
SingleImportModelPart: Reading model part from file: "/home/sares/ML_assisted_CLs_clean/coupon_fe2_paper/03_data/rve_mesh".mdpa
ModelPartIO:   [Reading Nodes    : 3240 nodes read]
ModelPartIO:   [Reading Geometries : 1546 geometries read] [Type: Triangle2D6]
ModelPartIO:   [Total Lines Read : 9751]
SingleImportModelPart: Finished reading model part from mdpa file.
::[PythonSolver]::: Reading model part. 
::[PythonSolver]::: Using already imported model part - no reading necessary. 
ModelPart: -Structure- model part
    Buffer Size : 1
    Number of tables : 0
    Number of sub model parts : 2
    Current solution step index : 0
    DOMAIN_SIZE : 2
    OSS_SWITCH : 0
    IS_RESTARTED : 0

    Number of Geometries  : 1546
    Mesh 0 :
        Number of Nodes       : 3240
        Number of Properties  : 1
        Number of Elements    : 1546
        Number of Conditions  : 0
        Number of Constraints : 0

    -dirichlet- model part
        Number of tables : 0
        Number of sub model parts : 0

        Number of Geometries  : 0
        Mesh 0 :
            Number of Nodes       : 156
            Number of Properties  : 0
            Number of Elements    : 0
            Number of Conditions  : 0
            Number of Constraints : 0
    -material- model part
        Number of tables : 0
        Number of sub model parts : 0

        Number of Geometries  : 1546
        Mesh 0 :
            Number of Nodes       : 3240
            Number of Properties  : 0
            Number of Elements    : 1546
            Number of Conditions  : 0
            Number of Constraints : 0
 
::[PythonSolver]:: : Finished reading model part. 
Read materials: Started
Read materials: Finished
::[MechanicalSolver]:: : Constitutive law was successfully imported. 
::[MechanicalSolver]::: ModelPart prepared for Solver. 
::[MechanicalSolver]:: : DOF's ADDED 
::[MechanicalSolver]:: : Initializing ... 
Importing    LinearSolversApplication 
    Kratos  _     _                       ____        _
           | |   (_)_ __   ___  __ _ _ __/ ___|  ___ | |_   _____ _ __ ___
           | |   | | '_ \ / _ \/ _` | '__\___ \ / _ \| \ \ / / _ \ '__/ __|
           | |___| | | | |  __/ (_| | |   ___) | (_) | |\ V /  __/ |  \__ \
           |_____|_|_| |_|\___|\__,_|_|  |____/ \___/|_| \_/ \___|_|  |___/
Initializing KratosLinearSolversApplication...
Linear-Solver-Factory: Constructing a regular (non-complex) linear-solver 
::[MechanicalSolver]:: : Finished initialization. 
Analysis: Analysis -START-  
[WARNING] DEPRECATION-Warning; MechanicalSolver: Using "line_search", please move it to "solving_strategy_settings" as "type" 
::[MechanicalSolver]:: : Construction finished 
::[StaticMechanicalSolver]:: : Construction finished 
::[MechanicalSolver]:: : Variables ADDED 
[WARNING] Model: Trying to create a root modelpart with na |  /           |                  
 ' /   __| _` | __|  _ \   __|    
 . \  |   (   | |   (   |\__ \  
_|\_\_|  \__,_|\__|\___/ ____/
           Multi-Physics 10.3."0"-master-532e0dba7df-Release-x86_64
           Compiled for GNU/Linux and Python3.12 with GCC-13.3
Compiled with threading support. Threading support with OpenMP.
Maximum number of threads: 1.
Importing    KratosStructuralMechanicsApplication 
    KRATOS   ___|  |                   |                   |
           \___ \  __|  __| |   |  __| __| |   |  __| _` | |
                 | |   |    |   | (    |   |   | |   (   | |
           _____/ \__|_|   \__,_|\___|\__|\__,_|_|  \__,_|_| MECHANICS
Initializing KratosStructuralMechanicsApplication...
Importing    KratosConstitutiveLawsApplication 
Initializing KratosConstitutiveLawsApplication...
[WARNING] DEPRECATION-Warning; MechanicalSolver: Using "line_search", please move it to "solving_strategy_settings" as "type" 
::[MechanicalSolver]:: : Construction finished 
::[StaticMechanicalSolver]:: : Construction finished 
::[MechanicalSolver]:: : Variables ADDED 
[WARNING] Model: Trying to create a root modelpart with name Structure however a ModelPart with the same name already exists. 
Returning the already existent ModelPart.
SingleImportModelPart: Reading model part from file: "/home/sares/ML_assisted_CLs_clean/coupon_fe2_paper/03_data/rve_mesh".mdpa
ModelPartIO:   [Reading Nodes    : 3240 nodes read]
ModelPartIO:   [Reading Geometries : 1546 geometries read] [Type: Triangle2D6]
ModelPartIO:   [Total Lines Read : 9751]
SingleImportModelPart: Finished reading model part from mdpa file.
::[PythonSolver]::: Reading model part. 
::[PythonSolver]::: Using already imported model part - no reading necessary. 
ModelPart: -Structure- model part
    Buffer Size : 1
    Number of tables : 0
    Number of sub model parts : 2
    Current solution step index : 0
    DOMAIN_SIZE : 2
    OSS_SWITCH : 0
    IS_RESTARTED : 0

    Number of Geometries  : 1546
    Mesh 0 :
        Number of Nodes       : 3240
        Number of Properties  : 1
        Number of Elements    : 1546
        Number of Conditions  : 0
        Number of Constraints : 0

    -dirichlet- model part
        Number of tables : 0
        Number of sub model parts : 0

        Number of Geometries  : 0
        Mesh 0 :
            Number of Nodes       : 156
            Number of Properties  : 0
            Number of Elements    : 0
            Number of Conditions  : 0
            Number of Constraints : 0
    -material- model part
        Number of tables : 0
        Number of sub model parts : 0

        Number of Geometries  : 1546
        Mesh 0 :
            Number of Nodes       : 3240
            Number of Properties  : 0
            Number of Elements    : 1546
            Number of Conditions  : 0
            Number of Constraints : 0
 
::[PythonSolver]:: : Finished reading model part. 
Read materials: Started
Read materials: Finished
::[MechanicalSolver]:: : Constitutive law was successfully imported. 
::[MechanicalSolver]::: ModelPart prepared for Solver. 
::[MechanicalSolver]:: : DOF's ADDED 
::[MechanicalSolver]:: : Initializing ... 
Importing    LinearSolversApplication 
    Kratos  _     _                       ____        _
           | |   (_)_ __   ___  __ _ _ __/ ___|  ___ | |_   _____ _ __ ___
           | |   | | '_ \ / _ \/ _` | '__\___ \ / _ \| \ \ / / _ \ '__/ __|
           | |___| | | | |  __/ (_| | |   ___) | (_) | |\ V /  __/ |  \__ \
           |_____|_|_| |_|\___|\__,_|_|  |____/ \___/|_| \_/ \___|_|  |___/
Initializing KratosLinearSolversApplication...
Linear-Solver-Factory: Constructing a regular (non-complex) linear-solver 
::[MechanicalSolver]:: : Finished initialization. 
Analysis: Analysis -START-  
[WARNING] DEPRECATION-Warning; MechanicalSolver: Using "line_search", please move it to "solving_strategy_settings" as "type" 
::[MechanicalSolver]:: : Construction finished 
::[StaticMechanicalSolver]:: : Construction finished 
::[MechanicalSolver]:: : Variables ADDED 
[WARNING] Model: Trying to create a root modelpart with name Structure however a ModelPart with the same name already exists. 
Returning the already existent ModelPart.
SingleImportModelPart: Reading model part from file: "/tmp/coupon_hprom_ecm_884867/residual_ecm".mdpa
ModelPartIO:   [Reading Nodes    : 644 nodes read]
ModelPartIO:   [Reading Geometries : 135 geometries read] [Type: Triangle2D6]
ModelPartIO:   [Total Lines Read : 1582]
SingleImportModelPart: Finished reading model part from mdpa file.
::[PythonSolver]::: Reading model part. 
::[PythonSolver]::: Using already imported model part - no reading necessary. 
ModelPart: -Structure- model part
    Buffer Size : 1
    Number of tables : 0
    Number of sub model parts : 2
    Current solution step index : 0
    DOMAIN_SIZE : 2
    OSS_SWITCH : 0
    IS_RESTARTED : 0

    Number of Geometries  : 135
    Mesh 0 :
        Number of Nodes       : 644
        Number of Properties  : 1
        Number of Elements    : 135
        Number of Conditions  : 0
        Number of Constraints : 0

    -dirichlet- model part
        Number of tables : 0
        Number of sub model parts : 0

        Number of Geometries  : 0
        Mesh 0 :
            Number of Nodes       : 1
            Number of Properties  : 0
            Number of Elements    : 0
            Number of Conditions  : 0
            Number of Constraints : 0
    -material- model part
        Number of tables : 0
        Number of sub model parts : 0

        Number of Geometries  : 135
        Mesh 0 :
            Number of Nodes       : 644
            Number of Properties  : 0
            Number of Elements    : 135
            Number of Conditions  : 0
            Number of Constraints : 0
 
::[PythonSolver]:: : Finished reading model part. 
Read materials: Started
Read materials: Finished
::[MechanicalSolver]:: : Constitutive law was successfully imported. 
::[MechanicalSolver]::: ModelPart prepared for Solver. 
::[MechanicalSolver]:: : DOF's ADDED 
::[MechanicalSolver]:: : Initializing ... 
Linear-Solver-Factory: Constructing a regular (non-complex) linear-solver 
::[MechanicalSolver]:: : Finished initialization. 
Analysis: Analysis -START-  
[WARNING] DEPRECATION-Warning; MechanicalSolver: Using "line_search", please move it to "solving_strategy_settings" as "type" 
::[MechanicalSolver]:: : Construction finished 
::[StaticMechanicalSolver]:: : Construction finished 
::[MechanicalSolver]:: : Variables ADDED 
[WARNING] Model: Trying to create a root modelpart with name Structure however a ModelPart with the same name already exists. 
Returning the already existent ModelPart.
SingleImportModelPart: Reading model part from file: "/tmp/coupon_hprom_ecm_884867/stress_ecm".mdpa
ModelPartIO:   [Reading Nodes    : 377 nodes read]
ModelPartIO:   [Reading Geometries : 73 geometries read] [Type: Triangle2D6]
ModelPartIO:   [Total Lines Read : 924]
SingleImportModelPart: Finished reading model part from mdpa file.
::[PythonSolver]::: Reading model part. 
::[PythonSolver]::: Using already imported model part - no reading necessary. 
ModelPart: -Structure- model part
    Buffer Size : 1
    Number of tables : 0
    Number of sub model parts : 2
    Current solution step index : 0
    DOMAIN_SIZE : 2
    OSS_SWITCH : 0
    IS_RESTARTED : 0

    Number of Geometries  : 73
    Mesh 0 :
        Number of Nodes       : 377
        Number of Properties  : 1
        Number of Elements    : 73
        Number of Conditions  : 0
        Number of Constraints : 0

    -dirichlet- model part
        Number of tables : 0
        Number of sub model parts : 0

        Number of Geometries  : 0
        Mesh 0 :
            Number of Nodes       : 1
            Number of Properties  : 0
            Number of Elements    : 0
            Number of Conditions  : 0
            Number of Constraints : 0
    -material- model part
        Number of tables : 0
        Number of sub model parts : 0

        Number of Geometries  : 73
        Mesh 0 :
            Number of Nodes       : 377
            Number of Properties  : 0
            Number of Elements    : 73
            Number of Conditions me Structure however a ModelPart with the same name already exists. 
Returning the already existent ModelPart.
SingleImportModelPart: Reading model part from file: "/tmp/coupon_hprom_ecm_884868/residual_ecm".mdpa
ModelPartIO:   [Reading Nodes    : 644 nodes read]
ModelPartIO:   [Reading Geometries : 135 geometries read] [Type: Triangle2D6]
ModelPartIO:   [Total Lines Read : 1582]
SingleImportModelPart: Finished reading model part from mdpa file.
::[PythonSolver]::: Reading model part. 
::[PythonSolver]::: Using already imported model part - no reading necessary. 
ModelPart: -Structure- model part
    Buffer Size : 1
    Number of tables : 0
    Number of sub model parts : 2
    Current solution step index : 0
    DOMAIN_SIZE : 2
    OSS_SWITCH : 0
    IS_RESTARTED : 0

    Number of Geometries  : 135
    Mesh 0 :
        Number of Nodes       : 644
        Number of Properties  : 1
        Number of Elements    : 135
        Number of Conditions  : 0
        Number of Constraints : 0

    -dirichlet- model part
        Number of tables : 0
        Number of sub model parts : 0

        Number of Geometries  : 0
        Mesh 0 :
            Number of Nodes       : 1
            Number of Properties  : 0
            Number of Elements    : 0
            Number of Conditions  : 0
            Number of Constraints : 0
    -material- model part
        Number of tables : 0
        Number of sub model parts : 0

        Number of Geometries  : 135
        Mesh 0 :
            Number of Nodes       : 644
            Number of Properties  : 0
            Number of Elements    : 135
            Number of Conditions  : 0
            Number of Constraints : 0
 
::[PythonSolver]:: : Finished reading model part. 
Read materials: Started
Read materials: Finished
::[MechanicalSolver]:: : Constitutive law was successfully imported. 
::[MechanicalSolver]::: ModelPart prepared for Solver. 
::[MechanicalSolver]:: : DOF's ADDED 
::[MechanicalSolver]:: : Initializing ... 
Linear-Solver-Factory: Constructing a regular (non-complex) linear-solver 
::[MechanicalSolver]:: : Finished initialization. 
Analysis: Analysis -START-  
[WARNING] DEPRECATION-Warning; MechanicalSolver: Using "line_search", please move it to "solving_strategy_settings" as "type" 
::[MechanicalSolver]:: : Construction finished 
::[StaticMechanicalSolver]:: : Construction finished 
::[MechanicalSolver]:: : Variables ADDED 
[WARNING] Model: Trying to create a root modelpart with name Structure however a ModelPart with the same name already exists. 
Returning the already existent ModelPart.
SingleImportModelPart: Reading model part from file: "/tmp/coupon_hprom_ecm_884868/stress_ecm".mdpa
ModelPartIO:   [Reading Nodes    : 377 nodes read]
ModelPartIO:   [Reading Geometries : 73 geometries read] [Type: Triangle2D6]
ModelPartIO:   [Total Lines Read : 924]
SingleImportModelPart: Finished reading model part from mdpa file.
::[PythonSolver]::: Reading model part. 
::[PythonSolver]::: Using already imported model part - no reading necessary. 
ModelPart: -Structure- model part
    Buffer Size : 1
    Number of tables : 0
    Number of sub model parts : 2
    Current solution step index : 0
    DOMAIN_SIZE : 2
    OSS_SWITCH : 0
    IS_RESTARTED : 0

    Number of Geometries  : 73
    Mesh 0 :
        Number of Nodes       : 377
        Number of Properties  : 1
        Number of Elements    : 73
        Number of Conditions  : 0
        Number of Constraints : 0

    -dirichlet- model part
        Number of tables : 0
        Number of sub model parts : 0

        Number of Geometries  : 0
        Mesh 0 :
            Number of Nodes       : 1
            Number of Properties  : 0
            Number of Elements    : 0
            Number of Conditions  : 0
            Number of Constraints : 0
    -material- model part
        Number of tables : 0
        Number of sub model parts : 0

        Number of Geometries  : 73
        Mesh 0 :
            Number of Nodes       : 377
            Number of Properties  : 0
            Number of Elements    : 73
            Number of Conditions me Structure however a ModelPart with the same name already exists. 
Returning the already existent ModelPart.
SingleImportModelPart: Reading model part from file: "/tmp/coupon_hprom_ecm_884858/residual_ecm".mdpa
ModelPartIO:   [Reading Nodes    : 644 nodes read]
ModelPartIO:   [Reading Geometries : 135 geometries read] [Type: Triangle2D6]
ModelPartIO:   [Total Lines Read : 1582]
SingleImportModelPart: Finished reading model part from mdpa file.
::[PythonSolver]::: Reading model part. 
::[PythonSolver]::: Using already imported model part - no reading necessary. 
ModelPart: -Structure- model part
    Buffer Size : 1
    Number of tables : 0
    Number of sub model parts : 2
    Current solution step index : 0
    DOMAIN_SIZE : 2
    OSS_SWITCH : 0
    IS_RESTARTED : 0

    Number of Geometries  : 135
    Mesh 0 :
        Number of Nodes       : 644
        Number of Properties  : 1
        Number of Elements    : 135
        Number of Conditions  : 0
        Number of Constraints : 0

    -dirichlet- model part
        Number of tables : 0
        Number of sub model parts : 0

        Number of Geometries  : 0
        Mesh 0 :
            Number of Nodes       : 1
            Number of Properties  : 0
            Number of Elements    : 0
            Number of Conditions  : 0
            Number of Constraints : 0
    -material- model part
        Number of tables : 0
        Number of sub model parts : 0

        Number of Geometries  : 135
        Mesh 0 :
            Number of Nodes       : 644
            Number of Properties  : 0
            Number of Elements    : 135
            Number of Conditions  : 0
            Number of Constraints : 0
 
::[PythonSolver]:: : Finished reading model part. 
Read materials: Started
Read materials: Finished
::[MechanicalSolver]:: : Constitutive law was successfully imported. 
::[MechanicalSolver]::: ModelPart prepared for Solver. 
::[MechanicalSolver]:: : DOF's ADDED 
::[MechanicalSolver]:: : Initializing ... 
Linear-Solver-Factory: Constructing a regular (non-complex) linear-solver 
::[MechanicalSolver]:: : Finished initialization. 
Analysis: Analysis -START-  
[WARNING] DEPRECATION-Warning; MechanicalSolver: Using "line_search", please move it to "solving_strategy_settings" as "type" 
::[MechanicalSolver]:: : Construction finished 
::[StaticMechanicalSolver]:: : Construction finished 
::[MechanicalSolver]:: : Variables ADDED 
[WARNING] Model: Trying to create a root modelpart with name Structure however a ModelPart with the same name already exists. 
Returning the already existent ModelPart.
SingleImportModelPart: Reading model part from file: "/tmp/coupon_hprom_ecm_884858/stress_ecm".mdpa
ModelPartIO:   [Reading Nodes    : 377 nodes read]
ModelPartIO:   [Reading Geometries : 73 geometries read] [Type: Triangle2D6]
ModelPartIO:   [Total Lines Read : 924]
SingleImportModelPart: Finished reading model part from mdpa file.
::[PythonSolver]::: Reading model part. 
::[PythonSolver]::: Using already imported model part - no reading necessary. 
ModelPart: -Structure- model part
    Buffer Size : 1
    Number of tables : 0
    Number of sub model parts : 2
    Current solution step index : 0
    DOMAIN_SIZE : 2
    OSS_SWITCH : 0
    IS_RESTARTED : 0

    Number of Geometries  : 73
    Mesh 0 :
        Number of Nodes       : 377
        Number of Properties  : 1
        Number of Elements    : 73
        Number of Conditions  : 0
        Number of Constraints : 0

    -dirichlet- model part
        Number of tables : 0
        Number of sub model parts : 0

        Number of Geometries  : 0
        Mesh 0 :
            Number of Nodes       : 1
            Number of Properties  : 0
            Number of Elements    : 0
            Number of Conditions  : 0
            Number of Constraints : 0
    -material- model part
        Number of tables : 0
        Number of sub model parts : 0

        Number of Geometries  : 73
        Mesh 0 :
            Number of Nodes       : 377
            Number of Properties  : 0
            Number of Elements    : 73
            Number of Conditions me Structure however a ModelPart with the same name already exists. 
Returning the already existent ModelPart.
SingleImportModelPart: Reading model part from file: "/tmp/coupon_hprom_ecm_884869/residual_ecm".mdpa
ModelPartIO:   [Reading Nodes    : 644 nodes read]
ModelPartIO:   [Reading Geometries : 135 geometries read] [Type: Triangle2D6]
ModelPartIO:   [Total Lines Read : 1582]
SingleImportModelPart: Finished reading model part from mdpa file.
::[PythonSolver]::: Reading model part. 
::[PythonSolver]::: Using already imported model part - no reading necessary. 
ModelPart: -Structure- model part
    Buffer Size : 1
    Number of tables : 0
    Number of sub model parts : 2
    Current solution step index : 0
    DOMAIN_SIZE : 2
    OSS_SWITCH : 0
    IS_RESTARTED : 0

    Number of Geometries  : 135
    Mesh 0 :
        Number of Nodes       : 644
        Number of Properties  : 1
        Number of Elements    : 135
        Number of Conditions  : 0
        Number of Constraints : 0

    -dirichlet- model part
        Number of tables : 0
        Number of sub model parts : 0

        Number of Geometries  : 0
        Mesh 0 :
            Number of Nodes       : 1
            Number of Properties  : 0
            Number of Elements    : 0
            Number of Conditions  : 0
            Number of Constraints : 0
    -material- model part
        Number of tables : 0
        Number of sub model parts : 0

        Number of Geometries  : 135
        Mesh 0 :
            Number of Nodes       : 644
            Number of Properties  : 0
            Number of Elements    : 135
            Number of Conditions  : 0
            Number of Constraints : 0
 
::[PythonSolver]:: : Finished reading model part. 
Read materials: Started
Read materials: Finished
::[MechanicalSolver]:: : Constitutive law was successfully imported. 
::[MechanicalSolver]::: ModelPart prepared for Solver. 
::[MechanicalSolver]:: : DOF's ADDED 
::[MechanicalSolver]:: : Initializing ... 
Linear-Solver-Factory: Constructing a regular (non-complex) linear-solver 
::[MechanicalSolver]:: : Finished initialization. 
Analysis: Analysis -START-  
[WARNING] DEPRECATION-Warning; MechanicalSolver: Using "line_search", please move it to "solving_strategy_settings" as "type" 
::[MechanicalSolver]:: : Construction finished 
::[StaticMechanicalSolver]:: : Construction finished 
::[MechanicalSolver]:: : Variables ADDED 
[WARNING] Model: Trying to create a root modelpart with name Structure however a ModelPart with the same name already exists. 
Returning the already existent ModelPart.
SingleImportModelPart: Reading model part from file: "/tmp/coupon_hprom_ecm_884869/stress_ecm".mdpa
ModelPartIO:   [Reading Nodes    : 377 nodes read]
ModelPartIO:   [Reading Geometries : 73 geometries read] [Type: Triangle2D6]
ModelPartIO:   [Total Lines Read : 924]
SingleImportModelPart: Finished reading model part from mdpa file.
::[PythonSolver]::: Reading model part. 
::[PythonSolver]::: Using already imported model part - no reading necessary. 
ModelPart: -Structure- model part
    Buffer Size : 1
    Number of tables : 0
    Number of sub model parts : 2
    Current solution step index : 0
    DOMAIN_SIZE : 2
    OSS_SWITCH : 0
    IS_RESTARTED : 0

    Number of Geometries  : 73
    Mesh 0 :
        Number of Nodes       : 377
        Number of Properties  : 1
        Number of Elements    : 73
        Number of Conditions  : 0
        Number of Constraints : 0

    -dirichlet- model part
        Number of tables : 0
        Number of sub model parts : 0

        Number of Geometries  : 0
        Mesh 0 :
            Number of Nodes       : 1
            Number of Properties  : 0
            Number of Elements    : 0
            Number of Conditions  : 0
            Number of Constraints : 0
    -material- model part
        Number of tables : 0
        Number of sub model parts : 0

        Number of Geometries  : 73
        Mesh 0 :
            Number of Nodes       : 377
            Number of Properties  : 0
            Number of Elements    : 73
            Number of Conditions me Structure however a ModelPart with the same name already exists. 
Returning the already existent ModelPart.
SingleImportModelPart: Reading model part from file: "/tmp/coupon_hprom_ecm_884853/residual_ecm".mdpa
ModelPartIO:   [Reading Nodes    : 644 nodes read]
ModelPartIO:   [Reading Geometries : 135 geometries read] [Type: Triangle2D6]
ModelPartIO:   [Total Lines Read : 1582]
SingleImportModelPart: Finished reading model part from mdpa file.
::[PythonSolver]::: Reading model part. 
::[PythonSolver]::: Using already imported model part - no reading necessary. 
ModelPart: -Structure- model part
    Buffer Size : 1
    Number of tables : 0
    Number of sub model parts : 2
    Current solution step index : 0
    DOMAIN_SIZE : 2
    OSS_SWITCH : 0
    IS_RESTARTED : 0

    Number of Geometries  : 135
    Mesh 0 :
        Number of Nodes       : 644
        Number of Properties  : 1
        Number of Elements    : 135
        Number of Conditions  : 0
        Number of Constraints : 0

    -dirichlet- model part
        Number of tables : 0
        Number of sub model parts : 0

        Number of Geometries  : 0
        Mesh 0 :
            Number of Nodes       : 1
            Number of Properties  : 0
            Number of Elements    : 0
            Number of Conditions  : 0
            Number of Constraints : 0
    -material- model part
        Number of tables : 0
        Number of sub model parts : 0

        Number of Geometries  : 135
        Mesh 0 :
            Number of Nodes       : 644
            Number of Properties  : 0
            Number of Elements    : 135
            Number of Conditions  : 0
            Number of Constraints : 0
 
::[PythonSolver]:: : Finished reading model part. 
Read materials: Started
Read materials: Finished
::[MechanicalSolver]:: : Constitutive law was successfully imported. 
::[MechanicalSolver]::: ModelPart prepared for Solver. 
::[MechanicalSolver]:: : DOF's ADDED 
::[MechanicalSolver]:: : Initializing ... 
Linear-Solver-Factory: Constructing a regular (non-complex) linear-solver 
::[MechanicalSolver]:: : Finished initialization. 
Analysis: Analysis -START-  
[WARNING] DEPRECATION-Warning; MechanicalSolver: Using "line_search", please move it to "solving_strategy_settings" as "type" 
::[MechanicalSolver]:: : Construction finished 
::[StaticMechanicalSolver]:: : Construction finished 
::[MechanicalSolver]:: : Variables ADDED 
[WARNING] Model: Trying to create a root modelpart with name Structure however a ModelPart with the same name already exists. 
Returning the already existent ModelPart.
SingleImportModelPart: Reading model part from file: "/tmp/coupon_hprom_ecm_884853/stress_ecm".mdpa
ModelPartIO:   [Reading Nodes    : 377 nodes read]
ModelPartIO:   [Reading Geometries : 73 geometries read] [Type: Triangle2D6]
ModelPartIO:   [Total Lines Read : 924]
SingleImportModelPart: Finished reading model part from mdpa file.
::[PythonSolver]::: Reading model part. 
::[PythonSolver]::: Using already imported model part - no reading necessary. 
ModelPart: -Structure- model part
    Buffer Size : 1
    Number of tables : 0
    Number of sub model parts : 2
    Current solution step index : 0
    DOMAIN_SIZE : 2
    OSS_SWITCH : 0
    IS_RESTARTED : 0

    Number of Geometries  : 73
    Mesh 0 :
        Number of Nodes       : 377
        Number of Properties  : 1
        Number of Elements    : 73
        Number of Conditions  : 0
        Number of Constraints : 0

    -dirichlet- model part
        Number of tables : 0
        Number of sub model parts : 0

        Number of Geometries  : 0
        Mesh 0 :
            Number of Nodes       : 1
            Number of Properties  : 0
            Number of Elements    : 0
            Number of Conditions  : 0
            Number of Constraints : 0
    -material- model part
        Number of tables : 0
        Number of sub model parts : 0

        Number of Geometries  : 73
        Mesh 0 :
            Number of Nodes       : 377
            Number of Properties  : 0
            Number of Elements    : 73
            Number of Conditions me Structure however a ModelPart with the same name already exists. 
Returning the already existent ModelPart.
SingleImportModelPart: Reading model part from file: "/tmp/coupon_hprom_ecm_884852/residual_ecm".mdpa
ModelPartIO:   [Reading Nodes    : 644 nodes read]
ModelPartIO:   [Reading Geometries : 135 geometries read] [Type: Triangle2D6]
ModelPartIO:   [Total Lines Read : 1582]
SingleImportModelPart: Finished reading model part from mdpa file.
::[PythonSolver]::: Reading model part. 
::[PythonSolver]::: Using already imported model part - no reading necessary. 
ModelPart: -Structure- model part
    Buffer Size : 1
    Number of tables : 0
    Number of sub model parts : 2
    Current solution step index : 0
    DOMAIN_SIZE : 2
    OSS_SWITCH : 0
    IS_RESTARTED : 0

    Number of Geometries  : 135
    Mesh 0 :
        Number of Nodes       : 644
        Number of Properties  : 1
        Number of Elements    : 135
        Number of Conditions  : 0
        Number of Constraints : 0

    -dirichlet- model part
        Number of tables : 0
        Number of sub model parts : 0

        Number of Geometries  : 0
        Mesh 0 :
            Number of Nodes       : 1
            Number of Properties  : 0
            Number of Elements    : 0
            Number of Conditions  : 0
            Number of Constraints : 0
    -material- model part
        Number of tables : 0
        Number of sub model parts : 0

        Number of Geometries  : 135
        Mesh 0 :
            Number of Nodes       : 644
            Number of Properties  : 0
            Number of Elements    : 135
            Number of Conditions  : 0
            Number of Constraints : 0
 
::[PythonSolver]:: : Finished reading model part. 
Read materials: Started
Read materials: Finished
::[MechanicalSolver]:: : Constitutive law was successfully imported. 
::[MechanicalSolver]::: ModelPart prepared for Solver. 
::[MechanicalSolver]:: : DOF's ADDED 
::[MechanicalSolver]:: : Initializing ... 
Linear-Solver-Factory: Constructing a regular (non-complex) linear-solver 
::[MechanicalSolver]:: : Finished initialization. 
Analysis: Analysis -START-  
[WARNING] DEPRECATION-Warning; MechanicalSolver: Using "line_search", please move it to "solving_strategy_settings" as "type" 
::[MechanicalSolver]:: : Construction finished 
::[StaticMechanicalSolver]:: : Construction finished 
::[MechanicalSolver]:: : Variables ADDED 
[WARNING] Model: Trying to create a root modelpart with name Structure however a ModelPart with the same name already exists. 
Returning the already existent ModelPart.
SingleImportModelPart: Reading model part from file: "/tmp/coupon_hprom_ecm_884852/stress_ecm".mdpa
ModelPartIO:   [Reading Nodes    : 377 nodes read]
ModelPartIO:   [Reading Geometries : 73 geometries read] [Type: Triangle2D6]
ModelPartIO:   [Total Lines Read : 924]
SingleImportModelPart: Finished reading model part from mdpa file.
::[PythonSolver]::: Reading model part. 
::[PythonSolver]::: Using already imported model part - no reading necessary. 
ModelPart: -Structure- model part
    Buffer Size : 1
    Number of tables : 0
    Number of sub model parts : 2
    Current solution step index : 0
    DOMAIN_SIZE : 2
    OSS_SWITCH : 0
    IS_RESTARTED : 0

    Number of Geometries  : 73
    Mesh 0 :
        Number of Nodes       : 377
        Number of Properties  : 1
        Number of Elements    : 73
        Number of Conditions  : 0
        Number of Constraints : 0

    -dirichlet- model part
        Number of tables : 0
        Number of sub model parts : 0

        Number of Geometries  : 0
        Mesh 0 :
            Number of Nodes       : 1
            Number of Properties  : 0
            Number of Elements    : 0
            Number of Conditions  : 0
            Number of Constraints : 0
    -material- model part
        Number of tables : 0
        Number of sub model parts : 0

        Number of Geometries  : 73
        Mesh 0 :
            Number of Nodes       : 377
            Number of Properties  : 0
            Number of Elements    : 73
            Number of Conditions  |  /           |                  
 ' /   __| _` | __|  _ \   __|    
 . \  |   (   | |   (   |\__ \  
_|\_\_|  \__,_|\__|\___/ ____/
           Multi-Physics 10.3."0"-master-532e0dba7df-Release-x86_64
           Compiled for GNU/Linux and Python3.12 with GCC-13.3
Compiled with threading support. Threading support with OpenMP.
Maximum number of threads: 1.
Importing    KratosStructuralMechanicsApplication 
    KRATOS   ___|  |                   |                   |
           \___ \  __|  __| |   |  __| __| |   |  __| _` | |
                 | |   |    |   | (    |   |   | |   (   | |
           _____/ \__|_|   \__,_|\___|\__|\__,_|_|  \__,_|_| MECHANICS
Initializing KratosStructuralMechanicsApplication...
Importing    KratosConstitutiveLawsApplication 
Initializing KratosConstitutiveLawsApplication...
[WARNING] DEPRECATION-Warning; MechanicalSolver: Using "line_search", please move it to "solving_strategy_settings" as "type" 
::[MechanicalSolver]:: : Construction finished 
::[StaticMechanicalSolver]:: : Construction finished 
::[MechanicalSolver]:: : Variables ADDED 
[WARNING] Model: Trying to create a root modelpart with name Structure however a ModelPart with the same name already exists. 
Returning the already existent ModelPart.
SingleImportModelPart: Reading model part from file: "/home/sares/ML_assisted_CLs_clean/coupon_fe2_paper/03_data/rve_mesh".mdpa
ModelPartIO:   [Reading Nodes    : 3240 nodes read]
ModelPartIO:   [Reading Geometries : 1546 geometries read] [Type: Triangle2D6]
ModelPartIO:   [Total Lines Read : 9751]
SingleImportModelPart: Finished reading model part from mdpa file.
::[PythonSolver]::: Reading model part. 
::[PythonSolver]::: Using already imported model part - no reading necessary. 
ModelPart: -Structure- model part
    Buffer Size : 1
    Number of tables : 0
    Number of sub model parts : 2
    Current solution step index : 0
    DOMAIN_SIZE : 2
    OSS_SWITCH : 0
    IS_RESTARTED : 0

    Number of Geometries  : 1546
    Mesh 0 :
        Number of Nodes       : 3240
        Number of Properties  : 1
        Number of Elements    : 1546
        Number of Conditions  : 0
        Number of Constraints : 0

    -dirichlet- model part
        Number of tables : 0
        Number of sub model parts : 0

        Number of Geometries  : 0
        Mesh 0 :
            Number of Nodes       : 156
            Number of Properties  : 0
            Number of Elements    : 0
            Number of Conditions  : 0
            Number of Constraints : 0
    -material- model part
        Number of tables : 0
        Number of sub model parts : 0

        Number of Geometries  : 1546
        Mesh 0 :
            Number of Nodes       : 3240
            Number of Properties  : 0
            Number of Elements    : 1546
            Number of Conditions  : 0
            Number of Constraints : 0
 
::[PythonSolver]:: : Finished reading model part. 
Read materials: Started
Read materials: Finished
::[MechanicalSolver]:: : Constitutive law was successfully imported. 
::[MechanicalSolver]::: ModelPart prepared for Solver. 
::[MechanicalSolver]:: : DOF's ADDED 
::[MechanicalSolver]:: : Initializing ... 
Importing    LinearSolversApplication 
    Kratos  _     _                       ____        _
           | |   (_)_ __   ___  __ _ _ __/ ___|  ___ | |_   _____ _ __ ___
           | |   | | '_ \ / _ \/ _` | '__\___ \ / _ \| \ \ / / _ \ '__/ __|
           | |___| | | | |  __/ (_| | |   ___) | (_) | |\ V /  __/ |  \__ \
           |_____|_|_| |_|\___|\__,_|_|  |____/ \___/|_| \_/ \___|_|  |___/
Initializing KratosLinearSolversApplication...
Linear-Solver-Factory: Constructing a regular (non-complex) linear-solver 
::[MechanicalSolver]:: : Finished initialization. 
Analysis: Analysis -START-  
[WARNING] DEPRECATION-Warning; MechanicalSolver: Using "line_search", please move it to "solving_strategy_settings" as "type" 
::[MechanicalSolver]:: : Construction finished 
::[StaticMechanicalSolver]:: : Construction finished 
::[MechanicalSolver]:: : Variables ADDED 
[WARNING] Model: Trying to create a root modelpart with na |  /           |                  
 ' /   __| _` | __|  _ \   __|    
 . \  |   (   | |   (   |\__ \  
_|\_\_|  \__,_|\__|\___/ ____/
           Multi-Physics 10.3."0"-master-532e0dba7df-Release-x86_64
           Compiled for GNU/Linux and Python3.12 with GCC-13.3
Compiled with threading support. Threading support with OpenMP.
Maximum number of threads: 1.
Importing    KratosStructuralMechanicsApplication 
    KRATOS   ___|  |                   |                   |
           \___ \  __|  __| |   |  __| __| |   |  __| _` | |
                 | |   |    |   | (    |   |   | |   (   | |
           _____/ \__|_|   \__,_|\___|\__|\__,_|_|  \__,_|_| MECHANICS
Initializing KratosStructuralMechanicsApplication...
Importing    KratosConstitutiveLawsApplication 
Initializing KratosConstitutiveLawsApplication...
[WARNING] DEPRECATION-Warning; MechanicalSolver: Using "line_search", please move it to "solving_strategy_settings" as "type" 
::[MechanicalSolver]:: : Construction finished 
::[StaticMechanicalSolver]:: : Construction finished 
::[MechanicalSolver]:: : Variables ADDED 
[WARNING] Model: Trying to create a root modelpart with name Structure however a ModelPart with the same name already exists. 
Returning the already existent ModelPart.
SingleImportModelPart: Reading model part from file: "/home/sares/ML_assisted_CLs_clean/coupon_fe2_paper/03_data/rve_mesh".mdpa
ModelPartIO:   [Reading Nodes    : 3240 nodes read]
ModelPartIO:   [Reading Geometries : 1546 geometries read] [Type: Triangle2D6]
ModelPartIO:   [Total Lines Read : 9751]
SingleImportModelPart: Finished reading model part from mdpa file.
::[PythonSolver]::: Reading model part. 
::[PythonSolver]::: Using already imported model part - no reading necessary. 
ModelPart: -Structure- model part
    Buffer Size : 1
    Number of tables : 0
    Number of sub model parts : 2
    Current solution step index : 0
    DOMAIN_SIZE : 2
    OSS_SWITCH : 0
    IS_RESTARTED : 0

    Number of Geometries  : 1546
    Mesh 0 :
        Number of Nodes       : 3240
        Number of Properties  : 1
        Number of Elements    : 1546
        Number of Conditions  : 0
        Number of Constraints : 0

    -dirichlet- model part
        Number of tables : 0
        Number of sub model parts : 0

        Number of Geometries  : 0
        Mesh 0 :
            Number of Nodes       : 156
            Number of Properties  : 0
            Number of Elements    : 0
            Number of Conditions  : 0
            Number of Constraints : 0
    -material- model part
        Number of tables : 0
        Number of sub model parts : 0

        Number of Geometries  : 1546
        Mesh 0 :
            Number of Nodes       : 3240
            Number of Properties  : 0
            Number of Elements    : 1546
            Number of Conditions  : 0
            Number of Constraints : 0
 
::[PythonSolver]:: : Finished reading model part. 
Read materials: Started
Read materials: Finished
::[MechanicalSolver]:: : Constitutive law was successfully imported. 
::[MechanicalSolver]::: ModelPart prepared for Solver. 
::[MechanicalSolver]:: : DOF's ADDED 
::[MechanicalSolver]:: : Initializing ... 
Importing    LinearSolversApplication 
    Kratos  _     _                       ____        _
           | |   (_)_ __   ___  __ _ _ __/ ___|  ___ | |_   _____ _ __ ___
           | |   | | '_ \ / _ \/ _` | '__\___ \ / _ \| \ \ / / _ \ '__/ __|
           | |___| | | | |  __/ (_| | |   ___) | (_) | |\ V /  __/ |  \__ \
           |_____|_|_| |_|\___|\__,_|_|  |____/ \___/|_| \_/ \___|_|  |___/
Initializing KratosLinearSolversApplication...
Linear-Solver-Factory: Constructing a regular (non-complex) linear-solver 
::[MechanicalSolver]:: : Finished initialization. 
Analysis: Analysis -START-  
[WARNING] DEPRECATION-Warning; MechanicalSolver: Using "line_search", please move it to "solving_strategy_settings" as "type" 
::[MechanicalSolver]:: : Construction finished 
::[StaticMechanicalSolver]:: : Construction finished 
::[MechanicalSolver]:: : Variables ADDED 
[WARNING] Model: Trying to create a root modelpart with na |  /           |                  
 ' /   __| _` | __|  _ \   __|    
 . \  |   (   | |   (   |\__ \  
_|\_\_|  \__,_|\__|\___/ ____/
           Multi-Physics 10.3."0"-master-532e0dba7df-Release-x86_64
           Compiled for GNU/Linux and Python3.12 with GCC-13.3
Compiled with threading support. Threading support with OpenMP.
Maximum number of threads: 1.
Importing    KratosStructuralMechanicsApplication 
    KRATOS   ___|  |                   |                   |
           \___ \  __|  __| |   |  __| __| |   |  __| _` | |
                 | |   |    |   | (    |   |   | |   (   | |
           _____/ \__|_|   \__,_|\___|\__|\__,_|_|  \__,_|_| MECHANICS
Initializing KratosStructuralMechanicsApplication...
Importing    KratosConstitutiveLawsApplication 
Initializing KratosConstitutiveLawsApplication...
[WARNING] DEPRECATION-Warning; MechanicalSolver: Using "line_search", please move it to "solving_strategy_settings" as "type" 
::[MechanicalSolver]:: : Construction finished 
::[StaticMechanicalSolver]:: : Construction finished 
::[MechanicalSolver]:: : Variables ADDED 
[WARNING] Model: Trying to create a root modelpart with name Structure however a ModelPart with the same name already exists. 
Returning the already existent ModelPart.
SingleImportModelPart: Reading model part from file: "/home/sares/ML_assisted_CLs_clean/coupon_fe2_paper/03_data/rve_mesh".mdpa
ModelPartIO:   [Reading Nodes    : 3240 nodes read]
ModelPartIO:   [Reading Geometries : 1546 geometries read] [Type: Triangle2D6]
ModelPartIO:   [Total Lines Read : 9751]
SingleImportModelPart: Finished reading model part from mdpa file.
::[PythonSolver]::: Reading model part. 
::[PythonSolver]::: Using already imported model part - no reading necessary. 
ModelPart: -Structure- model part
    Buffer Size : 1
    Number of tables : 0
    Number of sub model parts : 2
    Current solution step index : 0
    DOMAIN_SIZE : 2
    OSS_SWITCH : 0
    IS_RESTARTED : 0

    Number of Geometries  : 1546
    Mesh 0 :
        Number of Nodes       : 3240
        Number of Properties  : 1
        Number of Elements    : 1546
        Number of Conditions  : 0
        Number of Constraints : 0

    -dirichlet- model part
        Number of tables : 0
        Number of sub model parts : 0

        Number of Geometries  : 0
        Mesh 0 :
            Number of Nodes       : 156
            Number of Properties  : 0
            Number of Elements    : 0
            Number of Conditions  : 0
            Number of Constraints : 0
    -material- model part
        Number of tables : 0
        Number of sub model parts : 0

        Number of Geometries  : 1546
        Mesh 0 :
            Number of Nodes       : 3240
            Number of Properties  : 0
            Number of Elements    : 1546
            Number of Conditions  : 0
            Number of Constraints : 0
 
::[PythonSolver]:: : Finished reading model part. 
Read materials: Started
Read materials: Finished
::[MechanicalSolver]:: : Constitutive law was successfully imported. 
::[MechanicalSolver]::: ModelPart prepared for Solver. 
::[MechanicalSolver]:: : DOF's ADDED 
::[MechanicalSolver]:: : Initializing ... 
Importing    LinearSolversApplication 
    Kratos  _     _                       ____        _
           | |   (_)_ __   ___  __ _ _ __/ ___|  ___ | |_   _____ _ __ ___
           | |   | | '_ \ / _ \/ _` | '__\___ \ / _ \| \ \ / / _ \ '__/ __|
           | |___| | | | |  __/ (_| | |   ___) | (_) | |\ V /  __/ |  \__ \
           |_____|_|_| |_|\___|\__,_|_|  |____/ \___/|_| \_/ \___|_|  |___/
Initializing KratosLinearSolversApplication...
Linear-Solver-Factory: Constructing a regular (non-complex) linear-solver 
::[MechanicalSolver]:: : Finished initialization. 
Analysis: Analysis -START-  
[WARNING] DEPRECATION-Warning; MechanicalSolver: Using "line_search", please move it to "solving_strategy_settings" as "type" 
::[MechanicalSolver]:: : Construction finished 
::[StaticMechanicalSolver]:: : Construction finished 
::[MechanicalSolver]:: : Variables ADDED 
[WARNING] Model: Trying to create a root modelpart with name Structure however a ModelPart with the same name already exists. 
Returning the already existent ModelPart.
SingleImportModelPart: Reading model part from file: "/tmp/coupon_hprom_ecm_884856/residual_ecm".mdpa
ModelPartIO:   [Reading Nodes    : 644 nodes read]
ModelPartIO:   [Reading Geometries : 135 geometries read] [Type: Triangle2D6]
ModelPartIO:   [Total Lines Read : 1582]
SingleImportModelPart: Finished reading model part from mdpa file.
::[PythonSolver]::: Reading model part. 
::[PythonSolver]::: Using already imported model part - no reading necessary. 
ModelPart: -Structure- model part
    Buffer Size : 1
    Number of tables : 0
    Number of sub model parts : 2
    Current solution step index : 0
    DOMAIN_SIZE : 2
    OSS_SWITCH : 0
    IS_RESTARTED : 0

    Number of Geometries  : 135
    Mesh 0 :
        Number of Nodes       : 644
        Number of Properties  : 1
        Number of Elements    : 135
        Number of Conditions  : 0
        Number of Constraints : 0

    -dirichlet- model part
        Number of tables : 0
        Number of sub model parts : 0

        Number of Geometries  : 0
        Mesh 0 :
            Number of Nodes       : 1
            Number of Properties  : 0
            Number of Elements    : 0
            Number of Conditions  : 0
            Number of Constraints : 0
    -material- model part
        Number of tables : 0
        Number of sub model parts : 0

        Number of Geometries  : 135
        Mesh 0 :
            Number of Nodes       : 644
            Number of Properties  : 0
            Number of Elements    : 135
            Number of Conditions  : 0
            Number of Constraints : 0
 
::[PythonSolver]:: : Finished reading model part. 
Read materials: Started
Read materials: Finished
::[MechanicalSolver]:: : Constitutive law was successfully imported. 
::[MechanicalSolver]::: ModelPart prepared for Solver. 
::[MechanicalSolver]:: : DOF's ADDED 
::[MechanicalSolver]:: : Initializing ... 
Linear-Solver-Factory: Constructing a regular (non-complex) linear-solver 
::[MechanicalSolver]:: : Finished initialization. 
Analysis: Analysis -START-  
[WARNING] DEPRECATION-Warning; MechanicalSolver: Using "line_search", please move it to "solving_strategy_settings" as "type" 
::[MechanicalSolver]:: : Construction finished 
::[StaticMechanicalSolver]:: : Construction finished 
::[MechanicalSolver]:: : Variables ADDED 
[WARNING] Model: Trying to create a root modelpart with name Structure however a ModelPart with the same name already exists. 
Returning the already existent ModelPart.
SingleImportModelPart: Reading model part from file: "/tmp/coupon_hprom_ecm_884856/stress_ecm".mdpa
ModelPartIO:   [Reading Nodes    : 377 nodes read]
ModelPartIO:   [Reading Geometries : 73 geometries read] [Type: Triangle2D6]
ModelPartIO:   [Total Lines Read : 924]
SingleImportModelPart: Finished reading model part from mdpa file.
::[PythonSolver]::: Reading model part. 
::[PythonSolver]::: Using already imported model part - no reading necessary. 
ModelPart: -Structure- model part
    Buffer Size : 1
    Number of tables : 0
    Number of sub model parts : 2
    Current solution step index : 0
    DOMAIN_SIZE : 2
    OSS_SWITCH : 0
    IS_RESTARTED : 0

    Number of Geometries  : 73
    Mesh 0 :
        Number of Nodes       : 377
        Number of Properties  : 1
        Number of Elements    : 73
        Number of Conditions  : 0
        Number of Constraints : 0

    -dirichlet- model part
        Number of tables : 0
        Number of sub model parts : 0

        Number of Geometries  : 0
        Mesh 0 :
            Number of Nodes       : 1
            Number of Properties  : 0
            Number of Elements    : 0
            Number of Conditions  : 0
            Number of Constraints : 0
    -material- model part
        Number of tables : 0
        Number of sub model parts : 0

        Number of Geometries  : 73
        Mesh 0 :
            Number of Nodes       : 377
            Number of Properties  : 0
            Number of Elements    : 73
            Number of Conditions  |  /           |                  
 ' /   __| _` | __|  _ \   __|    
 . \  |   (   | |   (   |\__ \  
_|\_\_|  \__,_|\__|\___/ ____/
           Multi-Physics 10.3."0"-master-532e0dba7df-Release-x86_64
           Compiled for GNU/Linux and Python3.12 with GCC-13.3
Compiled with threading support. Threading support with OpenMP.
Maximum number of threads: 1.
Importing    KratosStructuralMechanicsApplication 
    KRATOS   ___|  |                   |                   |
           \___ \  __|  __| |   |  __| __| |   |  __| _` | |
                 | |   |    |   | (    |   |   | |   (   | |
           _____/ \__|_|   \__,_|\___|\__|\__,_|_|  \__,_|_| MECHANICS
Initializing KratosStructuralMechanicsApplication...
Importing    KratosConstitutiveLawsApplication 
Initializing KratosConstitutiveLawsApplication...
[WARNING] DEPRECATION-Warning; MechanicalSolver: Using "line_search", please move it to "solving_strategy_settings" as "type" 
::[MechanicalSolver]:: : Construction finished 
::[StaticMechanicalSolver]:: : Construction finished 
::[MechanicalSolver]:: : Variables ADDED 
[WARNING] Model: Trying to create a root modelpart with name Structure however a ModelPart with the same name already exists. 
Returning the already existent ModelPart.
SingleImportModelPart: Reading model part from file: "/home/sares/ML_assisted_CLs_clean/coupon_fe2_paper/03_data/rve_mesh".mdpa
ModelPartIO:   [Reading Nodes    : 3240 nodes read]
ModelPartIO:   [Reading Geometries : 1546 geometries read] [Type: Triangle2D6]
ModelPartIO:   [Total Lines Read : 9751]
SingleImportModelPart: Finished reading model part from mdpa file.
::[PythonSolver]::: Reading model part. 
::[PythonSolver]::: Using already imported model part - no reading necessary. 
ModelPart: -Structure- model part
    Buffer Size : 1
    Number of tables : 0
    Number of sub model parts : 2
    Current solution step index : 0
    DOMAIN_SIZE : 2
    OSS_SWITCH : 0
    IS_RESTARTED : 0

    Number of Geometries  : 1546
    Mesh 0 :
        Number of Nodes       : 3240
        Number of Properties  : 1
        Number of Elements    : 1546
        Number of Conditions  : 0
        Number of Constraints : 0

    -dirichlet- model part
        Number of tables : 0
        Number of sub model parts : 0

        Number of Geometries  : 0
        Mesh 0 :
            Number of Nodes       : 156
            Number of Properties  : 0
            Number of Elements    : 0
            Number of Conditions  : 0
            Number of Constraints : 0
    -material- model part
        Number of tables : 0
        Number of sub model parts : 0

        Number of Geometries  : 1546
        Mesh 0 :
            Number of Nodes       : 3240
            Number of Properties  : 0
            Number of Elements    : 1546
            Number of Conditions  : 0
            Number of Constraints : 0
 
::[PythonSolver]:: : Finished reading model part. 
Read materials: Started
Read materials: Finished
::[MechanicalSolver]:: : Constitutive law was successfully imported. 
::[MechanicalSolver]::: ModelPart prepared for Solver. 
::[MechanicalSolver]:: : DOF's ADDED 
::[MechanicalSolver]:: : Initializing ... 
Importing    LinearSolversApplication 
    Kratos  _     _                       ____        _
           | |   (_)_ __   ___  __ _ _ __/ ___|  ___ | |_   _____ _ __ ___
           | |   | | '_ \ / _ \/ _` | '__\___ \ / _ \| \ \ / / _ \ '__/ __|
           | |___| | | | |  __/ (_| | |   ___) | (_) | |\ V /  __/ |  \__ \
           |_____|_|_| |_|\___|\__,_|_|  |____/ \___/|_| \_/ \___|_|  |___/
Initializing KratosLinearSolversApplication...
Linear-Solver-Factory: Constructing a regular (non-complex) linear-solver 
::[MechanicalSolver]:: : Finished initialization. 
Analysis: Analysis -START-  
[WARNING] DEPRECATION-Warning; MechanicalSolver: Using "line_search", please move it to "solving_strategy_settings" as "type" 
::[MechanicalSolver]:: : Construction finished 
::[StaticMechanicalSolver]:: : Construction finished 
::[MechanicalSolver]:: : Variables ADDED 
[WARNING] Model: Trying to create a root modelpart with name Structure however a ModelPart with the same name already exists. 
Returning the already existent ModelPart.
SingleImportModelPart: Reading model part from file: "/tmp/coupon_hprom_ecm_884866/residual_ecm".mdpa
ModelPartIO:   [Reading Nodes    : 644 nodes read]
ModelPartIO:   [Reading Geometries : 135 geometries read] [Type: Triangle2D6]
ModelPartIO:   [Total Lines Read : 1582]
SingleImportModelPart: Finished reading model part from mdpa file.
::[PythonSolver]::: Reading model part. 
::[PythonSolver]::: Using already imported model part - no reading necessary. 
ModelPart: -Structure- model part
    Buffer Size : 1
    Number of tables : 0
    Number of sub model parts : 2
    Current solution step index : 0
    DOMAIN_SIZE : 2
    OSS_SWITCH : 0
    IS_RESTARTED : 0

    Number of Geometries  : 135
    Mesh 0 :
        Number of Nodes       : 644
        Number of Properties  : 1
        Number of Elements    : 135
        Number of Conditions  : 0
        Number of Constraints : 0

    -dirichlet- model part
        Number of tables : 0
        Number of sub model parts : 0

        Number of Geometries  : 0
        Mesh 0 :
            Number of Nodes       : 1
            Number of Properties  : 0
            Number of Elements    : 0
            Number of Conditions  : 0
            Number of Constraints : 0
    -material- model part
        Number of tables : 0
        Number of sub model parts : 0

        Number of Geometries  : 135
        Mesh 0 :
            Number of Nodes       : 644
            Number of Properties  : 0
            Number of Elements    : 135
            Number of Conditions  : 0
            Number of Constraints : 0
 
::[PythonSolver]:: : Finished reading model part. 
Read materials: Started
Read materials: Finished
::[MechanicalSolver]:: : Constitutive law was successfully imported. 
::[MechanicalSolver]::: ModelPart prepared for Solver. 
::[MechanicalSolver]:: : DOF's ADDED 
::[MechanicalSolver]:: : Initializing ... 
Linear-Solver-Factory: Constructing a regular (non-complex) linear-solver 
::[MechanicalSolver]:: : Finished initialization. 
Analysis: Analysis -START-  
[WARNING] DEPRECATION-Warning; MechanicalSolver: Using "line_search", please move it to "solving_strategy_settings" as "type" 
::[MechanicalSolver]:: : Construction finished 
::[StaticMechanicalSolver]:: : Construction finished 
::[MechanicalSolver]:: : Variables ADDED 
[WARNING] Model: Trying to create a root modelpart with name Structure however a ModelPart with the same name already exists. 
Returning the already existent ModelPart.
SingleImportModelPart: Reading model part from file: "/tmp/coupon_hprom_ecm_884866/stress_ecm".mdpa
ModelPartIO:   [Reading Nodes    : 377 nodes read]
ModelPartIO:   [Reading Geometries : 73 geometries read] [Type: Triangle2D6]
ModelPartIO:   [Total Lines Read : 924]
SingleImportModelPart: Finished reading model part from mdpa file.
::[PythonSolver]::: Reading model part. 
::[PythonSolver]::: Using already imported model part - no reading necessary. 
ModelPart: -Structure- model part
    Buffer Size : 1
    Number of tables : 0
    Number of sub model parts : 2
    Current solution step index : 0
    DOMAIN_SIZE : 2
    OSS_SWITCH : 0
    IS_RESTARTED : 0

    Number of Geometries  : 73
    Mesh 0 :
        Number of Nodes       : 377
        Number of Properties  : 1
        Number of Elements    : 73
        Number of Conditions  : 0
        Number of Constraints : 0

    -dirichlet- model part
        Number of tables : 0
        Number of sub model parts : 0

        Number of Geometries  : 0
        Mesh 0 :
            Number of Nodes       : 1
            Number of Properties  : 0
            Number of Elements    : 0
            Number of Conditions  : 0
            Number of Constraints : 0
    -material- model part
        Number of tables : 0
        Number of sub model parts : 0

        Number of Geometries  : 73
        Mesh 0 :
            Number of Nodes       : 377
            Number of Properties  : 0
            Number of Elements    : 73
            Number of Conditions me Structure however a ModelPart with the same name already exists. 
Returning the already existent ModelPart.
SingleImportModelPart: Reading model part from file: "/tmp/coupon_hprom_ecm_884857/residual_ecm".mdpa
ModelPartIO:   [Reading Nodes    : 644 nodes read]
ModelPartIO:   [Reading Geometries : 135 geometries read] [Type: Triangle2D6]
ModelPartIO:   [Total Lines Read : 1582]
SingleImportModelPart: Finished reading model part from mdpa file.
::[PythonSolver]::: Reading model part. 
::[PythonSolver]::: Using already imported model part - no reading necessary. 
ModelPart: -Structure- model part
    Buffer Size : 1
    Number of tables : 0
    Number of sub model parts : 2
    Current solution step index : 0
    DOMAIN_SIZE : 2
    OSS_SWITCH : 0
    IS_RESTARTED : 0

    Number of Geometries  : 135
    Mesh 0 :
        Number of Nodes       : 644
        Number of Properties  : 1
        Number of Elements    : 135
        Number of Conditions  : 0
        Number of Constraints : 0

    -dirichlet- model part
        Number of tables : 0
        Number of sub model parts : 0

        Number of Geometries  : 0
        Mesh 0 :
            Number of Nodes       : 1
            Number of Properties  : 0
            Number of Elements    : 0
            Number of Conditions  : 0
            Number of Constraints : 0
    -material- model part
        Number of tables : 0
        Number of sub model parts : 0

        Number of Geometries  : 135
        Mesh 0 :
            Number of Nodes       : 644
            Number of Properties  : 0
            Number of Elements    : 135
            Number of Conditions  : 0
            Number of Constraints : 0
 
::[PythonSolver]:: : Finished reading model part. 
Read materials: Started
Read materials: Finished
::[MechanicalSolver]:: : Constitutive law was successfully imported. 
::[MechanicalSolver]::: ModelPart prepared for Solver. 
::[MechanicalSolver]:: : DOF's ADDED 
::[MechanicalSolver]:: : Initializing ... 
Linear-Solver-Factory: Constructing a regular (non-complex) linear-solver 
::[MechanicalSolver]:: : Finished initialization. 
Analysis: Analysis -START-  
[WARNING] DEPRECATION-Warning; MechanicalSolver: Using "line_search", please move it to "solving_strategy_settings" as "type" 
::[MechanicalSolver]:: : Construction finished 
::[StaticMechanicalSolver]:: : Construction finished 
::[MechanicalSolver]:: : Variables ADDED 
[WARNING] Model: Trying to create a root modelpart with name Structure however a ModelPart with the same name already exists. 
Returning the already existent ModelPart.
SingleImportModelPart: Reading model part from file: "/tmp/coupon_hprom_ecm_884857/stress_ecm".mdpa
ModelPartIO:   [Reading Nodes    : 377 nodes read]
ModelPartIO:   [Reading Geometries : 73 geometries read] [Type: Triangle2D6]
ModelPartIO:   [Total Lines Read : 924]
SingleImportModelPart: Finished reading model part from mdpa file.
::[PythonSolver]::: Reading model part. 
::[PythonSolver]::: Using already imported model part - no reading necessary. 
ModelPart: -Structure- model part
    Buffer Size : 1
    Number of tables : 0
    Number of sub model parts : 2
    Current solution step index : 0
    DOMAIN_SIZE : 2
    OSS_SWITCH : 0
    IS_RESTARTED : 0

    Number of Geometries  : 73
    Mesh 0 :
        Number of Nodes       : 377
        Number of Properties  : 1
        Number of Elements    : 73
        Number of Conditions  : 0
        Number of Constraints : 0

    -dirichlet- model part
        Number of tables : 0
        Number of sub model parts : 0

        Number of Geometries  : 0
        Mesh 0 :
            Number of Nodes       : 1
            Number of Properties  : 0
            Number of Elements    : 0
            Number of Conditions  : 0
            Number of Constraints : 0
    -material- model part
        Number of tables : 0
        Number of sub model parts : 0

        Number of Geometries  : 73
        Mesh 0 :
            Number of Nodes       : 377
            Number of Properties  : 0
            Number of Elements    : 73
            Number of Conditions me Structure however a ModelPart with the same name already exists. 
Returning the already existent ModelPart.
SingleImportModelPart: Reading model part from file: "/tmp/coupon_hprom_ecm_884855/residual_ecm".mdpa
ModelPartIO:   [Reading Nodes    : 644 nodes read]
ModelPartIO:   [Reading Geometries : 135 geometries read] [Type: Triangle2D6]
ModelPartIO:   [Total Lines Read : 1582]
SingleImportModelPart: Finished reading model part from mdpa file.
::[PythonSolver]::: Reading model part. 
::[PythonSolver]::: Using already imported model part - no reading necessary. 
ModelPart: -Structure- model part
    Buffer Size : 1
    Number of tables : 0
    Number of sub model parts : 2
    Current solution step index : 0
    DOMAIN_SIZE : 2
    OSS_SWITCH : 0
    IS_RESTARTED : 0

    Number of Geometries  : 135
    Mesh 0 :
        Number of Nodes       : 644
        Number of Properties  : 1
        Number of Elements    : 135
        Number of Conditions  : 0
        Number of Constraints : 0

    -dirichlet- model part
        Number of tables : 0
        Number of sub model parts : 0

        Number of Geometries  : 0
        Mesh 0 :
            Number of Nodes       : 1
            Number of Properties  : 0
            Number of Elements    : 0
            Number of Conditions  : 0
            Number of Constraints : 0
    -material- model part
        Number of tables : 0
        Number of sub model parts : 0

        Number of Geometries  : 135
        Mesh 0 :
            Number of Nodes       : 644
            Number of Properties  : 0
            Number of Elements    : 135
            Number of Conditions  : 0
            Number of Constraints : 0
 
::[PythonSolver]:: : Finished reading model part. 
Read materials: Started
Read materials: Finished
::[MechanicalSolver]:: : Constitutive law was successfully imported. 
::[MechanicalSolver]::: ModelPart prepared for Solver. 
::[MechanicalSolver]:: : DOF's ADDED 
::[MechanicalSolver]:: : Initializing ... 
Linear-Solver-Factory: Constructing a regular (non-complex) linear-solver 
::[MechanicalSolver]:: : Finished initialization. 
Analysis: Analysis -START-  
[WARNING] DEPRECATION-Warning; MechanicalSolver: Using "line_search", please move it to "solving_strategy_settings" as "type" 
::[MechanicalSolver]:: : Construction finished 
::[StaticMechanicalSolver]:: : Construction finished 
::[MechanicalSolver]:: : Variables ADDED 
[WARNING] Model: Trying to create a root modelpart with name Structure however a ModelPart with the same name already exists. 
Returning the already existent ModelPart.
SingleImportModelPart: Reading model part from file: "/tmp/coupon_hprom_ecm_884855/stress_ecm".mdpa
ModelPartIO:   [Reading Nodes    : 377 nodes read]
ModelPartIO:   [Reading Geometries : 73 geometries read] [Type: Triangle2D6]
ModelPartIO:   [Total Lines Read : 924]
SingleImportModelPart: Finished reading model part from mdpa file.
::[PythonSolver]::: Reading model part. 
::[PythonSolver]::: Using already imported model part - no reading necessary. 
ModelPart: -Structure- model part
    Buffer Size : 1
    Number of tables : 0
    Number of sub model parts : 2
    Current solution step index : 0
    DOMAIN_SIZE : 2
    OSS_SWITCH : 0
    IS_RESTARTED : 0

    Number of Geometries  : 73
    Mesh 0 :
        Number of Nodes       : 377
        Number of Properties  : 1
        Number of Elements    : 73
        Number of Conditions  : 0
        Number of Constraints : 0

    -dirichlet- model part
        Number of tables : 0
        Number of sub model parts : 0

        Number of Geometries  : 0
        Mesh 0 :
            Number of Nodes       : 1
            Number of Properties  : 0
            Number of Elements    : 0
            Number of Conditions  : 0
            Number of Constraints : 0
    -material- model part
        Number of tables : 0
        Number of sub model parts : 0

        Number of Geometries  : 73
        Mesh 0 :
            Number of Nodes       : 377
            Number of Properties  : 0
            Number of Elements    : 73
            Number of Conditions  |  /           |                  
 ' /   __| _` | __|  _ \   __|    
 . \  |   (   | |   (   |\__ \  
_|\_\_|  \__,_|\__|\___/ ____/
           Multi-Physics 10.3."0"-master-532e0dba7df-Release-x86_64
           Compiled for GNU/Linux and Python3.12 with GCC-13.3
Compiled with threading support. Threading support with OpenMP.
Maximum number of threads: 1.
Importing    KratosStructuralMechanicsApplication 
    KRATOS   ___|  |                   |                   |
           \___ \  __|  __| |   |  __| __| |   |  __| _` | |
                 | |   |    |   | (    |   |   | |   (   | |
           _____/ \__|_|   \__,_|\___|\__|\__,_|_|  \__,_|_| MECHANICS
Initializing KratosStructuralMechanicsApplication...
Importing    KratosConstitutiveLawsApplication 
Initializing KratosConstitutiveLawsApplication...
[WARNING] DEPRECATION-Warning; MechanicalSolver: Using "line_search", please move it to "solving_strategy_settings" as "type" 
::[MechanicalSolver]:: : Construction finished 
::[StaticMechanicalSolver]:: : Construction finished 
::[MechanicalSolver]:: : Variables ADDED 
[WARNING] Model: Trying to create a root modelpart with name Structure however a ModelPart with the same name already exists. 
Returning the already existent ModelPart.
SingleImportModelPart: Reading model part from file: "/home/sares/ML_assisted_CLs_clean/coupon_fe2_paper/03_data/rve_mesh".mdpa
ModelPartIO:   [Reading Nodes    : 3240 nodes read]
ModelPartIO:   [Reading Geometries : 1546 geometries read] [Type: Triangle2D6]
ModelPartIO:   [Total Lines Read : 9751]
SingleImportModelPart: Finished reading model part from mdpa file.
::[PythonSolver]::: Reading model part. 
::[PythonSolver]::: Using already imported model part - no reading necessary. 
ModelPart: -Structure- model part
    Buffer Size : 1
    Number of tables : 0
    Number of sub model parts : 2
    Current solution step index : 0
    DOMAIN_SIZE : 2
    OSS_SWITCH : 0
    IS_RESTARTED : 0

    Number of Geometries  : 1546
    Mesh 0 :
        Number of Nodes       : 3240
        Number of Properties  : 1
        Number of Elements    : 1546
        Number of Conditions  : 0
        Number of Constraints : 0

    -dirichlet- model part
        Number of tables : 0
        Number of sub model parts : 0

        Number of Geometries  : 0
        Mesh 0 :
            Number of Nodes       : 156
            Number of Properties  : 0
            Number of Elements    : 0
            Number of Conditions  : 0
            Number of Constraints : 0
    -material- model part
        Number of tables : 0
        Number of sub model parts : 0

        Number of Geometries  : 1546
        Mesh 0 :
            Number of Nodes       : 3240
            Number of Properties  : 0
            Number of Elements    : 1546
            Number of Conditions  : 0
            Number of Constraints : 0
 
::[PythonSolver]:: : Finished reading model part. 
Read materials: Started
Read materials: Finished
::[MechanicalSolver]:: : Constitutive law was successfully imported. 
::[MechanicalSolver]::: ModelPart prepared for Solver. 
::[MechanicalSolver]:: : DOF's ADDED 
::[MechanicalSolver]:: : Initializing ... 
Importing    LinearSolversApplication 
    Kratos  _     _                       ____        _
           | |   (_)_ __   ___  __ _ _ __/ ___|  ___ | |_   _____ _ __ ___
           | |   | | '_ \ / _ \/ _` | '__\___ \ / _ \| \ \ / / _ \ '__/ __|
           | |___| | | | |  __/ (_| | |   ___) | (_) | |\ V /  __/ |  \__ \
           |_____|_|_| |_|\___|\__,_|_|  |____/ \___/|_| \_/ \___|_|  |___/
Initializing KratosLinearSolversApplication...
Linear-Solver-Factory: Constructing a regular (non-complex) linear-solver 
::[MechanicalSolver]:: : Finished initialization. 
Analysis: Analysis -START-  
[WARNING] DEPRECATION-Warning; MechanicalSolver: Using "line_search", please move it to "solving_strategy_settings" as "type" 
::[MechanicalSolver]:: : Construction finished 
::[StaticMechanicalSolver]:: : Construction finished 
::[MechanicalSolver]:: : Variables ADDED 
[WARNING] Model: Trying to create a root modelpart with name Structure however a ModelPart with the same name already exists. 
Returning the already existent ModelPart.
SingleImportModelPart: Reading model part from file: "/tmp/coupon_hprom_ecm_884860/residual_ecm".mdpa
ModelPartIO:   [Reading Nodes    : 644 nodes read]
ModelPartIO:   [Reading Geometries : 135 geometries read] [Type: Triangle2D6]
ModelPartIO:   [Total Lines Read : 1582]
SingleImportModelPart: Finished reading model part from mdpa file.
::[PythonSolver]::: Reading model part. 
::[PythonSolver]::: Using already imported model part - no reading necessary. 
ModelPart: -Structure- model part
    Buffer Size : 1
    Number of tables : 0
    Number of sub model parts : 2
    Current solution step index : 0
    DOMAIN_SIZE : 2
    OSS_SWITCH : 0
    IS_RESTARTED : 0

    Number of Geometries  : 135
    Mesh 0 :
        Number of Nodes       : 644
        Number of Properties  : 1
        Number of Elements    : 135
        Number of Conditions  : 0
        Number of Constraints : 0

    -dirichlet- model part
        Number of tables : 0
        Number of sub model parts : 0

        Number of Geometries  : 0
        Mesh 0 :
            Number of Nodes       : 1
            Number of Properties  : 0
            Number of Elements    : 0
            Number of Conditions  : 0
            Number of Constraints : 0
    -material- model part
        Number of tables : 0
        Number of sub model parts : 0

        Number of Geometries  : 135
        Mesh 0 :
            Number of Nodes       : 644
            Number of Properties  : 0
            Number of Elements    : 135
            Number of Conditions  : 0
            Number of Constraints : 0
 
::[PythonSolver]:: : Finished reading model part. 
Read materials: Started
Read materials: Finished
::[MechanicalSolver]:: : Constitutive law was successfully imported. 
::[MechanicalSolver]::: ModelPart prepared for Solver. 
::[MechanicalSolver]:: : DOF's ADDED 
::[MechanicalSolver]:: : Initializing ... 
Linear-Solver-Factory: Constructing a regular (non-complex) linear-solver 
::[MechanicalSolver]:: : Finished initialization. 
Analysis: Analysis -START-  
[WARNING] DEPRECATION-Warning; MechanicalSolver: Using "line_search", please move it to "solving_strategy_settings" as "type" 
::[MechanicalSolver]:: : Construction finished 
::[StaticMechanicalSolver]:: : Construction finished 
::[MechanicalSolver]:: : Variables ADDED 
[WARNING] Model: Trying to create a root modelpart with name Structure however a ModelPart with the same name already exists. 
Returning the already existent ModelPart.
SingleImportModelPart: Reading model part from file: "/tmp/coupon_hprom_ecm_884860/stress_ecm".mdpa
ModelPartIO:   [Reading Nodes    : 377 nodes read]
ModelPartIO:   [Reading Geometries : 73 geometries read] [Type: Triangle2D6]
ModelPartIO:   [Total Lines Read : 924]
SingleImportModelPart: Finished reading model part from mdpa file.
::[PythonSolver]::: Reading model part. 
::[PythonSolver]::: Using already imported model part - no reading necessary. 
ModelPart: -Structure- model part
    Buffer Size : 1
    Number of tables : 0
    Number of sub model parts : 2
    Current solution step index : 0
    DOMAIN_SIZE : 2
    OSS_SWITCH : 0
    IS_RESTARTED : 0

    Number of Geometries  : 73
    Mesh 0 :
        Number of Nodes       : 377
        Number of Properties  : 1
        Number of Elements    : 73
        Number of Conditions  : 0
        Number of Constraints : 0

    -dirichlet- model part
        Number of tables : 0
        Number of sub model parts : 0

        Number of Geometries  : 0
        Mesh 0 :
            Number of Nodes       : 1
            Number of Properties  : 0
            Number of Elements    : 0
            Number of Conditions  : 0
            Number of Constraints : 0
    -material- model part
        Number of tables : 0
        Number of sub model parts : 0

        Number of Geometries  : 73
        Mesh 0 :
            Number of Nodes       : 377
            Number of Properties  : 0
            Number of Elements    : 73
            Number of Conditions  |  /           |                  
 ' /   __| _` | __|  _ \   __|    
 . \  |   (   | |   (   |\__ \  
_|\_\_|  \__,_|\__|\___/ ____/
           Multi-Physics 10.3."0"-master-532e0dba7df-Release-x86_64
           Compiled for GNU/Linux and Python3.12 with GCC-13.3
Compiled with threading support. Threading support with OpenMP.
Maximum number of threads: 1.
Importing    KratosStructuralMechanicsApplication 
    KRATOS   ___|  |                   |                   |
           \___ \  __|  __| |   |  __| __| |   |  __| _` | |
                 | |   |    |   | (    |   |   | |   (   | |
           _____/ \__|_|   \__,_|\___|\__|\__,_|_|  \__,_|_| MECHANICS
Initializing KratosStructuralMechanicsApplication...
Importing    KratosConstitutiveLawsApplication 
Initializing KratosConstitutiveLawsApplication...
[WARNING] DEPRECATION-Warning; MechanicalSolver: Using "line_search", please move it to "solving_strategy_settings" as "type" 
::[MechanicalSolver]:: : Construction finished 
::[StaticMechanicalSolver]:: : Construction finished 
::[MechanicalSolver]:: : Variables ADDED 
[WARNING] Model: Trying to create a root modelpart with name Structure however a ModelPart with the same name already exists. 
Returning the already existent ModelPart.
SingleImportModelPart: Reading model part from file: "/home/sares/ML_assisted_CLs_clean/coupon_fe2_paper/03_data/rve_mesh".mdpa
ModelPartIO:   [Reading Nodes    : 3240 nodes read]
ModelPartIO:   [Reading Geometries : 1546 geometries read] [Type: Triangle2D6]
ModelPartIO:   [Total Lines Read : 9751]
SingleImportModelPart: Finished reading model part from mdpa file.
::[PythonSolver]::: Reading model part. 
::[PythonSolver]::: Using already imported model part - no reading necessary. 
ModelPart: -Structure- model part
    Buffer Size : 1
    Number of tables : 0
    Number of sub model parts : 2
    Current solution step index : 0
    DOMAIN_SIZE : 2
    OSS_SWITCH : 0
    IS_RESTARTED : 0

    Number of Geometries  : 1546
    Mesh 0 :
        Number of Nodes       : 3240
        Number of Properties  : 1
        Number of Elements    : 1546
        Number of Conditions  : 0
        Number of Constraints : 0

    -dirichlet- model part
        Number of tables : 0
        Number of sub model parts : 0

        Number of Geometries  : 0
        Mesh 0 :
            Number of Nodes       : 156
            Number of Properties  : 0
            Number of Elements    : 0
            Number of Conditions  : 0
            Number of Constraints : 0
    -material- model part
        Number of tables : 0
        Number of sub model parts : 0

        Number of Geometries  : 1546
        Mesh 0 :
            Number of Nodes       : 3240
            Number of Properties  : 0
            Number of Elements    : 1546
            Number of Conditions  : 0
            Number of Constraints : 0
 
::[PythonSolver]:: : Finished reading model part. 
Read materials: Started
Read materials: Finished
::[MechanicalSolver]:: : Constitutive law was successfully imported. 
::[MechanicalSolver]::: ModelPart prepared for Solver. 
::[MechanicalSolver]:: : DOF's ADDED 
::[MechanicalSolver]:: : Initializing ... 
Importing    LinearSolversApplication 
    Kratos  _     _                       ____        _
           | |   (_)_ __   ___  __ _ _ __/ ___|  ___ | |_   _____ _ __ ___
           | |   | | '_ \ / _ \/ _` | '__\___ \ / _ \| \ \ / / _ \ '__/ __|
           | |___| | | | |  __/ (_| | |   ___) | (_) | |\ V /  __/ |  \__ \
           |_____|_|_| |_|\___|\__,_|_|  |____/ \___/|_| \_/ \___|_|  |___/
Initializing KratosLinearSolversApplication...
Linear-Solver-Factory: Constructing a regular (non-complex) linear-solver 
::[MechanicalSolver]:: : Finished initialization. 
Analysis: Analysis -START-  
[WARNING] DEPRECATION-Warning; MechanicalSolver: Using "line_search", please move it to "solving_strategy_settings" as "type" 
::[MechanicalSolver]:: : Construction finished 
::[StaticMechanicalSolver]:: : Construction finished 
::[MechanicalSolver]:: : Variables ADDED 
[WARNING] Model: Trying to create a root modelpart with name Structure however a ModelPart with the same name already exists. 
Returning the already existent ModelPart.
SingleImportModelPart: Reading model part from file: "/tmp/coupon_hprom_ecm_884870/residual_ecm".mdpa
ModelPartIO:   [Reading Nodes    : 644 nodes read]
ModelPartIO:   [Reading Geometries : 135 geometries read] [Type: Triangle2D6]
ModelPartIO:   [Total Lines Read : 1582]
SingleImportModelPart: Finished reading model part from mdpa file.
::[PythonSolver]::: Reading model part. 
::[PythonSolver]::: Using already imported model part - no reading necessary. 
ModelPart: -Structure- model part
    Buffer Size : 1
    Number of tables : 0
    Number of sub model parts : 2
    Current solution step index : 0
    DOMAIN_SIZE : 2
    OSS_SWITCH : 0
    IS_RESTARTED : 0

    Number of Geometries  : 135
    Mesh 0 :
        Number of Nodes       : 644
        Number of Properties  : 1
        Number of Elements    : 135
        Number of Conditions  : 0
        Number of Constraints : 0

    -dirichlet- model part
        Number of tables : 0
        Number of sub model parts : 0

        Number of Geometries  : 0
        Mesh 0 :
            Number of Nodes       : 1
            Number of Properties  : 0
            Number of Elements    : 0
            Number of Conditions  : 0
            Number of Constraints : 0
    -material- model part
        Number of tables : 0
        Number of sub model parts : 0

        Number of Geometries  : 135
        Mesh 0 :
            Number of Nodes       : 644
            Number of Properties  : 0
            Number of Elements    : 135
            Number of Conditions  : 0
            Number of Constraints : 0
 
::[PythonSolver]:: : Finished reading model part. 
Read materials: Started
Read materials: Finished
::[MechanicalSolver]:: : Constitutive law was successfully imported. 
::[MechanicalSolver]::: ModelPart prepared for Solver. 
::[MechanicalSolver]:: : DOF's ADDED 
::[MechanicalSolver]:: : Initializing ... 
Linear-Solver-Factory: Constructing a regular (non-complex) linear-solver 
::[MechanicalSolver]:: : Finished initialization. 
Analysis: Analysis -START-  
[WARNING] DEPRECATION-Warning; MechanicalSolver: Using "line_search", please move it to "solving_strategy_settings" as "type" 
::[MechanicalSolver]:: : Construction finished 
::[StaticMechanicalSolver]:: : Construction finished 
::[MechanicalSolver]:: : Variables ADDED 
[WARNING] Model: Trying to create a root modelpart with name Structure however a ModelPart with the same name already exists. 
Returning the already existent ModelPart.
SingleImportModelPart: Reading model part from file: "/tmp/coupon_hprom_ecm_884870/stress_ecm".mdpa
ModelPartIO:   [Reading Nodes    : 377 nodes read]
ModelPartIO:   [Reading Geometries : 73 geometries read] [Type: Triangle2D6]
ModelPartIO:   [Total Lines Read : 924]
SingleImportModelPart: Finished reading model part from mdpa file.
::[PythonSolver]::: Reading model part. 
::[PythonSolver]::: Using already imported model part - no reading necessary. 
ModelPart: -Structure- model part
    Buffer Size : 1
    Number of tables : 0
    Number of sub model parts : 2
    Current solution step index : 0
    DOMAIN_SIZE : 2
    OSS_SWITCH : 0
    IS_RESTARTED : 0

    Number of Geometries  : 73
    Mesh 0 :
        Number of Nodes       : 377
        Number of Properties  : 1
        Number of Elements    : 73
        Number of Conditions  : 0
        Number of Constraints : 0

    -dirichlet- model part
        Number of tables : 0
        Number of sub model parts : 0

        Number of Geometries  : 0
        Mesh 0 :
            Number of Nodes       : 1
            Number of Properties  : 0
            Number of Elements    : 0
            Number of Conditions  : 0
            Number of Constraints : 0
    -material- model part
        Number of tables : 0
        Number of sub model parts : 0

        Number of Geometries  : 73
        Mesh 0 :
            Number of Nodes       : 377
            Number of Properties  : 0
            Number of Elements    : 73
            Number of Conditions   step  1/20 iter  2: |R|=1.61039e+01, rel=7.612e-03, wall=2.8s
  step  1/20 iter  3: |R|=1.39854e-02, rel=6.611e-06, wall=1.4s
  step  1/20 iter  4: |R|=2.42574e-08, rel=1.147e-11, wall=1.3s
    converged: in-box 2070/2070; E11=[+0.0029,+0.0068], E22=[-0.0032,-0.0012], g12=[-0.0054,+0.0023]
  step  2/20 iter  1: |R|=2.11549e+03, rel=1.000e+00, wall=0.0s
  step  2/20 iter  2: |R|=1.64487e+01, rel=7.775e-03, wall=2.4s
  step  2/20 iter  3: |R|=4.36575e-03, rel=2.064e-06, wall=1.3s
  step  2/20 iter  4: |R|=5.95482e-09, rel=2.815e-12, wall=1.4s
    converged: in-box 2070/2070; E11=[+0.0058,+0.0137], E22=[-0.0065,-0.0024], g12=[-0.0108,+0.0045]
  step  3/20 iter  1: |R|=2.11549e+03, rel=1.000e+00, wall=0.0s
  step  3/20 iter  2: |R|=1.67262e+01, rel=7.907e-03, wall=2.5s
  step  3/20 iter  3: |R|=1.71493e-03, rel=8.107e-07, wall=1.4s
  step  3/20 iter  4: |R|=2.89615e-09, rel=1.369e-12, wall=1.2s
    converged: in-box 2070/2070; E11=[+0.0088,+0.0206], E22=[-0.0098,-0.0036], g12=[-0.0162,+0.0069]
  step  4/20 iter  1: |R|=2.11549e+03, rel=1.000e+00, wall=0.0s
  step  4/20 iter  2: |R|=1.69784e+01, rel=8.026e-03, wall=2.6s
  step  4/20 iter  3: |R|=9.23940e-04, rel=4.367e-07, wall=1.4s
  step  4/20 iter  4: |R|=2.55280e-09, rel=1.207e-12, wall=1.2s
    converged: in-box 2070/2070; E11=[+0.0118,+0.0278], E22=[-0.0131,-0.0048], g12=[-0.0217,+0.0092]
  step  5/20 iter  1: |R|=2.11549e+03, rel=1.000e+00, wall=0.0s
  step  5/20 iter  2: |R|=1.72192e+01, rel=8.140e-03, wall=3.3s
  step  5/20 iter  3: |R|=7.22661e-04, rel=3.416e-07, wall=1.6s
  step  5/20 iter  4: |R|=2.76334e-09, rel=1.306e-12, wall=1.3s
    converged: in-box 2070/2070; E11=[+0.0149,+0.0352], E22=[-0.0163,-0.0060], g12=[-0.0272,+0.0116]
  step  6/20 iter  1: |R|=2.11549e+03, rel=1.000e+00, wall=0.0s
  step  6/20 iter  2: |R|=1.74541e+01, rel=8.251e-03, wall=2.8s
  step  6/20 iter  3: |R|=6.87785e-04, rel=3.251e-07, wall=1.5s
  step  6/20 iter  4: |R|=2.90104e-09, rel=1.371e-12, wall=1.5s
    converged: in-box 2070/2070; E11=[+0.0180,+0.0426], E22=[-0.0196,-0.0072], g12=[-0.0327,+0.0140]
  step  7/20 iter  1: |R|=2.11549e+03, rel=1.000e+00, wall=0.0s
  step  7/20 iter  2: |R|=1.76854e+01, rel=8.360e-03, wall=2.9s
  step  7/20 iter  3: |R|=6.91363e-04, rel=3.268e-07, wall=1.5s
  step  7/20 iter  4: |R|=3.05437e-09, rel=1.444e-12, wall=1.3s
    converged: in-box 2070/2070; E11=[+0.0212,+0.0503], E22=[-0.0229,-0.0084], g12=[-0.0383,+0.0164]
  step  8/20 iter  1: |R|=2.11549e+03, rel=1.000e+00, wall=0.0s
  step  8/20 iter  2: |R|=1.79143e+01, rel=8.468e-03, wall=3.0s
  step  8/20 iter  3: |R|=7.03409e-04, rel=3.325e-07, wall=1.6s
  step  8/20 iter  4: |R|=3.10936e-09, rel=1.470e-12, wall=1.3s
    converged: in-box 2070/2070; E11=[+0.0245,+0.0580], E22=[-0.0262,-0.0096], g12=[-0.0439,+0.0189]
  step  9/20 iter  1: |R|=2.11549e+03, rel=1.000e+00, wall=0.0s
  step  9/20 iter  2: |R|=1.81414e+01, rel=8.575e-03, wall=2.9s
  step  9/20 iter  3: |R|=7.17375e-04, rel=3.391e-07, wall=1.5s
  step  9/20 iter  4: |R|=3.55934e-09, rel=1.683e-12, wall=1.3s
    converged: in-box 2070/2070; E11=[+0.0278,+0.0659], E22=[-0.0295,-0.0108], g12=[-0.0496,+0.0213]
  step 10/20 iter  1: |R|=2.11549e+03, rel=1.000e+00, wall=0.0s
  step 10/20 iter  2: |R|=1.83668e+01, rel=8.682e-03, wall=3.0s
  step 10/20 iter  3: |R|=7.31795e-04, rel=3.459e-07, wall=1.5s
  step 10/20 iter  4: |R|=3.94223e-09, rel=1.864e-12, wall=1.5s
    converged: in-box 2070/2070; E11=[+0.0311,+0.0740], E22=[-0.0327,-0.0121], g12=[-0.0553,+0.0238]
  step 11/20 iter  1: |R|=2.11549e+03, rel=1.000e+00, wall=0.0s
  step 11/20 iter  2: |R|=1.85908e+01, rel=8.788e-03, wall=3.0s
  step 11/20 iter  3: |R|=7.46335e-04, rel=3.528e-07, wall=1.5s
  step 11/20 iter  4: |R|=4.27121e-09, rel=2.019e-12, wall=1.3s
    converged: in-box 2070/2070; E11=[+0.0345,+0.0822], E22=[-0.0360,-0.0133], g12=[-0.0611,+0.0264]
  step 12/20 iter  1: |R|=2.11549e+03, rel=1.000e+00, wall=0.0s
  step 12/20 iter  2: |R|=1.88133e+01, rel=8.893e-03, wall=3.1s
  step 12/20 iter  3: |R|=7.60877e-04, rel=3.597e-07, wall=1.5s
  step 12/20 iter  4: |R|=4.40897e-09, rel=2.084e-12, wall=1.3s
    converged: in-box 2070/2070; E11=[+0.0380,+0.0906], E22=[-0.0393,-0.0145], g12=[-0.0669,+0.0289]
  step 13/20 iter  1: |R|=2.11549e+03, rel=1.000e+00, wall=0.0s
  step 13/20 iter  2: |R|=1.90342e+01, rel=8.998e-03, wall=3.0s
  step 13/20 iter  3: |R|=7.75368e-04, rel=3.665e-07, wall=1.6s
  step 13/20 iter  4: |R|=4.37021e-09, rel=2.066e-12, wall=1.4s
    converged: in-box 2070/2070; E11=[+0.0415,+0.0991], E22=[-0.0425,-0.0157], g12=[-0.0728,+0.0315]
  step 14/20 iter  1: |R|=2.11549e+03, rel=1.000e+00, wall=0.0s
  step 14/20 iter  2: |R|=1.92535e+01, rel=9.101e-03, wall=3.0s
  step 14/20 iter  3: |R|=7.89763e-04, rel=3.733e-07, wall=1.6s
  step 14/20 iter  4: |R|=4.79782e-09, rel=2.268e-12, wall=1.5s
    converged: in-box 2070/2070; E11=[+0.0450,+0.1078], E22=[-0.0458,-0.0169], g12=[-0.0787,+0.0340]
  step 15/20 iter  1: |R|=2.11549e+03, rel=1.000e+00, wall=0.0s
  step 15/20 iter  2: |R|=1.94712e+01, rel=9.204e-03, wall=2.9s
  step 15/20 iter  3: |R|=8.04005e-04, rel=3.801e-07, wall=1.5s
  step 15/20 iter  4: |R|=4.55152e-09, rel=2.152e-12, wall=1.4s
    converged: in-box 2070/2070; E11=[+0.0486,+0.1166], E22=[-0.0490,-0.0181], g12=[-0.0847,+0.0366]
  step 16/20 iter  1: |R|=2.11549e+03, rel=1.000e+00, wall=0.0s
  step 16/20 iter  2: |R|=1.96870e+01, rel=9.306e-03, wall=3.1s
  step 16/20 iter  3: |R|=8.18039e-04, rel=3.867e-07, wall=1.6s
  step 16/20 iter  4: |R|=4.91674e-09, rel=2.324e-12, wall=1.4s
    converged: in-box 2070/2070; E11=[+0.0523,+0.1256], E22=[-0.0523,-0.0192], g12=[-0.0908,+0.0393]
  step 17/20 iter  1: |R|=2.11549e+03, rel=1.000e+00, wall=0.0s
  step 17/20 iter  2: |R|=1.99009e+01, rel=9.407e-03, wall=3.0s
  step 17/20 iter  3: |R|=8.31820e-04, rel=3.932e-07, wall=1.6s
  step 17/20 iter  4: |R|=5.36786e-09, rel=2.537e-12, wall=1.3s
    converged: in-box 2070/2070; E11=[+0.0560,+0.1348], E22=[-0.0555,-0.0204], g12=[-0.0969,+0.0419]
  step 18/20 iter  1: |R|=2.11549e+03, rel=1.000e+00, wall=0.0s
  step 18/20 iter  2: |R|=2.01126e+01, rel=9.507e-03, wall=2.9s
  step 18/20 iter  3: |R|=8.45291e-04, rel=3.996e-07, wall=1.7s
  step 18/20 iter  4: |R|=5.88897e-09, rel=2.784e-12, wall=1.4s
    converged: in-box 2070/2070; E11=[+0.0598,+0.1442], E22=[-0.0587,-0.0216], g12=[-0.1031,+0.0446]
  step 19/20 iter  1: |R|=2.11549e+03, rel=1.000e+00, wall=0.0s
  step 19/20 iter  2: |R|=2.03221e+01, rel=9.606e-03, wall=3.0s
  step 19/20 iter  3: |R|=8.58417e-04, rel=4.058e-07, wall=1.6s
  step 19/20 iter  4: |R|=6.53316e-09, rel=3.088e-12, wall=1.7s
    converged: in-box 2070/2070; E11=[+0.0636,+0.1537], E22=[-0.0619,-0.0227], g12=[-0.1094,+0.0473]
  step 20/20 iter  1: |R|=2.11549e+03, rel=1.000e+00, wall=0.0s
  step 20/20 iter  2: |R|=2.05291e+01, rel=9.704e-03, wall=3.0s
  step 20/20 iter  3: |R|=8.71132e-04, rel=4.118e-07, wall=1.4s
  step 20/20 iter  4: |R|=6.92363e-09, rel=3.273e-12, wall=1.5s
    converged: in-box 2070/2070; E11=[+0.0675,+0.1635], E22=[-0.0651,-0.0239], g12=[-0.1157,+0.0500]
{
  "status": "converged",
  "model": "linear_hprom_fixed_ecm",
  "tag": "clean_timing_ecm_w20_f100kn",
  "output": "/home/sares/ML_assisted_CLs_clean/coupon_fe2_paper/06_fe2/hprom_fe2_clean_timing_ecm_w20_f100kn.npz",
  "wall_seconds": 116.96197493188083,
  "workers": 20,
  "worker_pids": [
    884851,
    884852,
    884853,
    884854,
    884855,
    884856,
    884857,
    884858,
    884859,
    884860,
    884861,
    884862,
    884863,
    884864,
    884865,
    884866,
    884867,
    884868,
    884869,
    884870
  ],
  "macro_elements": 690,
  "macro_gauss_points": 2070,
  "rve_elements_full": 1546,
  "hprom_modes": 39,
  "residual_ecm_elements": 135,
  "stress_ecm_elements": 73,
  "total_distinct_ecm_elements": 183,
  "force_per_end": 100000.0,
  "n_steps_requested": 20,
  "n_steps_completed": 20,
  "macro_newton": [
    {
      "step": 1,
      "iterations": 4,
      "residual": 2.4257419470738787e-08,
      "relative_residual": 1.1466558795904882e-11,
      "coverage": {
        "n": 2070,
        "inside": 2070,
        "outside": 0,
        "minimum": [
          0.002851584868249435,
          -0.0032358520519655265,
          -0.005396409015494948
        ],
        "maximum": [
          0.006804582733453746,
          -0.0012139847117780267,
          0.0022551998411629998
        ]
      }
    },
    {
      "step": 2,
      "iterations": 4,
      "residual": 5.9548168153974275e-09,
      "relative_residual": 2.8148607157163355e-12,
      "coverage": {
        "n": 2070,
        "inside": 2070,
        "outside": 0,
        "minimum": [
          0.005771790431164159,
          -0.006497837208166879,
          -0.010798630891036465
        ],
        "maximum": [
          0.013666401727012167,
          -0.00242209729678039,
          0.004547283807024948
        ]
      }
    },
    {
      "step": 3,
      "iterations": 4,
      "residual": 2.8961500902066185e-09,
      "relative_residual": 1.369019294538131e-12,
      "coverage": {
        "n": 2070,
        "inside": 2070,
        "outside": 0,
        "minimum": [
          0.00875264530187514,
          -0.009773439723431976,
          -0.01622184669896212
        ],
        "maximum": [
          0.020636630055807625,
          -0.0036272382766980305,
          0.006869692430298761
        ]
      }
    },
    {
      "step": 4,
      "iterations": 4,
      "residual": 2.5527972819902768e-09,
      "relative_residual": 1.2067153376839811e-12,
      "coverage": {
        "n": 2070,
        "inside": 2070,
        "outside": 0,
        "minimum": [
          0.01178990141077696,
          -0.013055918998032767,
          -0.021675076688386533
        ],
        "maximum": [
          0.027825713410734365,
          -0.004830966271223591,
          0.00921875799826949
        ]
      }
    },
    {
      "step": 5,
      "iterations": 4,
      "residual": 2.7633359930555318e-09,
      "relative_residual": 1.30623765134772e-12,
      "coverage": {
        "n": 2070,
        "inside": 2070,
        "outside": 0,
        "minimum": [
          0.014881126674896716,
          -0.01634126441594902,
          -0.027164344273245215
        ],
        "maximum": [
          0.035158477277476896,
          -0.006034182729616144,
          0.011593892861754482
        ]
      }
    },
    {
      "step": 6,
      "iterations": 4,
      "residual": 2.9010423771828846e-09,
      "relative_residual": 1.371331894042021e-12,
      "coverage": {
        "n": 2070,
        "inside": 2070,
        "outside": 0,
        "minimum": [
          0.018024879218433543,
          -0.0196268929166189,
          -0.032694047412511335
        ],
        "maximum": [
          0.042633910709330425,
          -0.007237429263656225,
          0.013996482316069035
        ]
      }
    },
    {
      "step": 7,
      "iterations": 4,
      "residual": 3.054373387737305e-09,
      "relative_residual": 1.4438119469957111e-12,
      "coverage": {
        "n": 2070,
        "inside": 2070,
        "outside": 0,
        "minimum": [
          0.021220305938437156,
          -0.022911026636427134,
          -0.03826762615342884
        ],
        "maximum": [
          0.05025253804866381,
          -0.008441032708449814,
          0.016423048827379542
        ]
      }
    },
    {
      "step": 8,
      "iterations": 4,
      "residual": 3.1093560061391476e-09,
      "relative_residual": 1.4698024043655517e-12,
      "coverage": {
        "n": 2070,
        "inside": 2070,
        "outside": 0,
        "minimum": [
          0.024466929021738748,
          -0.02619236927803492,
          -0.04388791813959839
        ],
        "maximum": [
          0.058015817729127894,
          -0.009645182584050005,
          0.018872894730386575
        ]
      }
    },
    {
      "step": 9,
      "iterations": 4,
      "residual": 3.5593414133029393e-09,
      "relative_residual": 1.6825119275185325e-12,
      "coverage": {
        "n": 2070,
        "inside": 2070,
        "outside": 0,
        "minimum": [
          0.027764523930360774,
          -0.029469926198586682,
          -0.04955736210135815
        ],
        "maximum": [
          0.06592581025895283,
          -0.010849975566043613,
          0.021345517927933527
        ]
      }
    },
    {
      "step": 10,
      "iterations": 4,
      "residual": 3.9422287883683855e-09,
      "relative_residual": 1.8635039989833395e-12,
      "coverage": {
        "n": 2070,
        "inside": 2070,
        "outside": 0,
        "minimum": [
          0.0311130454059394,
          -0.03274289883382675,
          -0.05527812144067703
        ],
        "maximum": [
          0.07398498481743965,
          -0.012055442577985687,
          0.023840555157894162
        ]
      }
    },
    {
      "step": 11,
      "iterations": 4,
      "residual": 4.271206140412221e-09,
      "relative_residual": 2.0190126323018506e-12,
      "coverage": {
        "n": 2070,
        "inside": 2070,
        "outside": 0,
        "minimum": [
          0.03451258031185822,
          -0.036010619914414566,
          -0.06105216309156945
        ],
        "maximum": [
          0.08219610148662271,
          -0.013261566133483227,
          0.02635774561814891
        ]
      }
    },
    {
      "step": 12,
      "iterations": 4,
      "residual": 4.4089730247343866e-09,
      "relative_residual": 2.0841354736293236e-12,
      "coverage": {
        "n": 2070,
        "inside": 2070,
        "outside": 0,
        "minimum": [
          0.03796331628702165,
          -0.03927251219967376,
          -0.06688130998517723
        ],
        "maximum": [
          0.09056213677516323,
          -0.0144682919090236,
          0.028896906625530645
        ]
      }
    },
    {
      "step": 13,
      "iterations": 4,
      "residual": 4.370210316413616e-09,
      "relative_residual": 2.065812218982179e-12,
      "coverage": {
        "n": 2070,
        "inside": 2070,
        "outside": 0,
        "minimum": [
          0.041465520144527424,
          -0.04252806134946063,
          -0.07276727721390937
        ],
        "maximum": [
          0.09908623493226898,
          -0.01567553674470179,
          0.03145791671935383
        ]
      }
    },
    {
      "step": 14,
      "iterations": 4,
      "residual": 4.797820083282344e-09,
      "relative_residual": 2.267944706298794e-12,
      "coverage": {
        "n": 2070,
        "inside": 2070,
        "outside": 0,
        "minimum": [
          0.04501952251468111,
          -0.045776797607649466,
          -0.07871169772523984
        ],
        "maximum": [
          0.10777167515064234,
          -0.016883194345023556,
          0.03404070355512622
        ]
      }
    },
    {
      "step": 15,
      "iterations": 4,
      "residual": 4.5515198665572135e-09,
      "relative_residual": 2.1515178159638484e-12,
      "coverage": {
        "n": 2070,
        "inside": 2070,
        "outside": 0,
        "minimum": [
          0.048625706627304144,
          -0.049018283152929554,
          -0.08471614105529766
        ],
        "maximum": [
          0.11662184884012616,
          -0.018063861800510506,
          0.036645234987960545
        ]
      }
    },
    {
      "step": 16,
      "iterations": 4,
      "residual": 4.9167366565528684e-09,
      "relative_residual": 2.3241569460573546e-12,
      "coverage": {
        "n": 2070,
        "inside": 2070,
        "outside": 0,
        "minimum": [
          0.052284499920817296,
          -0.05225210319722218,
          -0.09078212729365406
        ],
        "maximum": [
          0.12564024343772373,
          -0.019236842352195194,
          0.039271512344761866
        ]
      }
    },
    {
      "step": 17,
      "iterations": 4,
      "residual": 5.367859510988973e-09,
      "relative_residual": 2.537404144128511e-12,
      "coverage": {
        "n": 2070,
        "inside": 2070,
        "outside": 0,
        "minimum": [
          0.05599636763308835,
          -0.05547785962443491,
          -0.09691113769190732
        ],
        "maximum": [
          0.13483043054411037,
          -0.02040510547996216,
          0.041919565238704416
        ]
      }
    },
    {
      "step": 18,
      "iterations": 4,
      "residual": 5.888973110843599e-09,
      "relative_residual": 2.7837361886101768e-12,
      "coverage": {
        "n": 2070,
        "inside": 2070,
        "outside": 0,
        "minimum": [
          0.05976180781431806,
          -0.0586951663901083,
          -0.10310462285317175
        ],
        "maximum": [
          0.1441960569688292,
          -0.021568376187247384,
          0.04458944749622998
        ]
      }
    },
    {
      "step": 19,
      "iterations": 4,
      "residual": 6.533155388435827e-09,
      "relative_residual": 3.0882431857453427e-12,
      "coverage": {
        "n": 2070,
        "inside": 2070,
        "outside": 0,
        "minimum": [
          0.063581347381657,
          -0.06190364616679461,
          -0.10936400914007847
        ],
        "maximum": [
          0.15374083775385317,
          -0.02272636790393079,
          0.04728123390350469
        ]
      }
    },
    {
      "step": 20,
      "iterations": 4,
      "residual": 6.923626470991359e-09,
      "relative_residual": 3.2728200996925278e-12,
      "coverage": {
        "n": 2070,
        "inside": 2070,
        "outside": 0,
        "minimum": [
          0.06745553895119416,
          -0.06510292788739774,
          -0.11569070374519384
        ],
        "maximum": [
          0.1634685505523371,
          -0.023878783764395006,
          0.04999501756776695
        ]
      }
    }
  ],
  "material_calls": 61,
  "unique_hprom_queries": 124201,
  "summed_hprom_seconds": 2005.1542894504964,
  "worker_ecm_mdpa": [
    {
      "n_modes": 39,
      "residual_elements": 135,
      "stress_elements": 73,
      "residual_mdpa": "/tmp/coupon_hprom_ecm_884851/residual_ecm.mdpa",
      "stress_mdpa": "/tmp/coupon_hprom_ecm_884851/stress_ecm.mdpa"
    },
    {
      "n_modes": 39,
      "residual_elements": 135,
      "stress_elements": 73,
      "residual_mdpa": "/tmp/coupon_hprom_ecm_884854/residual_ecm.mdpa",
      "stress_mdpa": "/tmp/coupon_hprom_ecm_884854/stress_ecm.mdpa"
    },
    {
      "n_modes": 39,
      "residual_elements": 135,
      "stress_elements": 73,
      "residual_mdpa": "/tmp/coupon_hprom_ecm_884852/residual_ecm.mdpa",
      "stress_mdpa": "/tmp/coupon_hprom_ecm_884852/stress_ecm.mdpa"
    },
    {
      "n_modes": 39,
      "residual_elements": 135,
      "stress_elements": 73,
      "residual_mdpa": "/tmp/coupon_hprom_ecm_884853/residual_ecm.mdpa",
      "stress_mdpa": "/tmp/coupon_hprom_ecm_884853/stress_ecm.mdpa"
    },
    {
      "n_modes": 39,
      "residual_elements": 135,
      "stress_elements": 73,
      "residual_mdpa": "/tmp/coupon_hprom_ecm_884855/residual_ecm.mdpa",
      "stress_mdpa": "/tmp/coupon_hprom_ecm_884855/stress_ecm.mdpa"
    },
    {
      "n_modes": 39,
      "residual_elements": 135,
      "stress_elements": 73,
      "residual_mdpa": "/tmp/coupon_hprom_ecm_884856/residual_ecm.mdpa",
      "stress_mdpa": "/tmp/coupon_hprom_ecm_884856/stress_ecm.mdpa"
    },
    {
      "n_modes": 39,
      "residual_elements": 135,
      "stress_elements": 73,
      "residual_mdpa": "/tmp/coupon_hprom_ecm_884857/residual_ecm.mdpa",
      "stress_mdpa": "/tmp/coupon_hprom_ecm_884857/stress_ecm.mdpa"
    },
    {
      "n_modes": 39,
      "residual_elements": 135,
      "stress_elements": 73,
      "residual_mdpa": "/tmp/coupon_hprom_ecm_884859/residual_ecm.mdpa",
      "stress_mdpa": "/tmp/coupon_hprom_ecm_884859/stress_ecm.mdpa"
    },
    {
      "n_modes": 39,
      "residual_elements": 135,
      "stress_elements": 73,
      "residual_mdpa": "/tmp/coupon_hprom_ecm_884858/residual_ecm.mdpa",
      "stress_mdpa": "/tmp/coupon_hprom_ecm_884858/stress_ecm.mdpa"
    },
    {
      "n_modes": 39,
      "residual_elements": 135,
      "stress_elements": 73,
      "residual_mdpa": "/tmp/coupon_hprom_ecm_884860/residual_ecm.mdpa",
      "stress_mdpa": "/tmp/coupon_hprom_ecm_884860/stress_ecm.mdpa"
    },
    {
      "n_modes": 39,
      "residual_elements": 135,
      "stress_elements": 73,
      "residual_mdpa": "/tmp/coupon_hprom_ecm_884862/residual_ecm.mdpa",
      "stress_mdpa": "/tmp/coupon_hprom_ecm_884862/stress_ecm.mdpa"
    },
    {
      "n_modes": 39,
      "residual_elements": 135,
      "stress_elements": 73,
      "residual_mdpa": "/tmp/coupon_hprom_ecm_884861/residual_ecm.mdpa",
      "stress_mdpa": "/tmp/coupon_hprom_ecm_884861/stress_ecm.mdpa"
    },
    {
      "n_modes": 39,
      "residual_elements": 135,
      "stress_elements": 73,
      "residual_mdpa": "/tmp/coupon_hprom_ecm_884863/residual_ecm.mdpa",
      "stress_mdpa": "/tmp/coupon_hprom_ecm_884863/stress_ecm.mdpa"
    },
    {
      "n_modes": 39,
      "residual_elements": 135,
      "stress_elements": 73,
      "residual_mdpa": "/tmp/coupon_hprom_ecm_884864/residual_ecm.mdpa",
      "stress_mdpa": "/tmp/coupon_hprom_ecm_884864/stress_ecm.mdpa"
    },
    {
      "n_modes": 39,
      "residual_elements": 135,
      "stress_elements": 73,
      "residual_mdpa": "/tmp/coupon_hprom_ecm_884865/residual_ecm.mdpa",
      "stress_mdpa": "/tmp/coupon_hprom_ecm_884865/stress_ecm.mdpa"
    },
    {
      "n_modes": 39,
      "residual_elements": 135,
      "stress_elements": 73,
      "residual_mdpa": "/tmp/coupon_hprom_ecm_884867/residual_ecm.mdpa",
      "stress_mdpa": "/tmp/coupon_hprom_ecm_884867/stress_ecm.mdpa"
    },
    {
      "n_modes": 39,
      "residual_elements": 135,
      "stress_elements": 73,
      "residual_mdpa": "/tmp/coupon_hprom_ecm_884868/residual_ecm.mdpa",
      "stress_mdpa": "/tmp/coupon_hprom_ecm_884868/stress_ecm.mdpa"
    },
    {
      "n_modes": 39,
      "residual_elements": 135,
      "stress_elements": 73,
      "residual_mdpa": "/tmp/coupon_hprom_ecm_884866/residual_ecm.mdpa",
      "stress_mdpa": "/tmp/coupon_hprom_ecm_884866/stress_ecm.mdpa"
    },
    {
      "n_modes": 39,
      "residual_elements": 135,
      "stress_elements": 73,
      "residual_mdpa": "/tmp/coupon_hprom_ecm_884869/residual_ecm.mdpa",
      "stress_mdpa": "/tmp/coupon_hprom_ecm_884869/stress_ecm.mdpa"
    },
    {
      "n_modes": 39,
      "residual_elements": 135,
      "stress_elements": 73,
      "residual_mdpa": "/tmp/coupon_hprom_ecm_884870/residual_ecm.mdpa",
      "stress_mdpa": "/tmp/coupon_hprom_ecm_884870/stress_ecm.mdpa"
    }
  ],
  "macro_mesh_sha256": "81aa5d4c646b8200fa94ccdfceb1466e7d401576b6ca14d2969f3d76105f4762",
  "rve_mesh_sha256": "82e42f23fc9bdb45933f88f8cbd4f6f5e52f5755aee7f8f28b8781bf71c87a47"
}
[VectorizedAssembler] 1546 elements, 3 GPs, total area=1.600000e-01
[ReducedAssembler] 135 elements, 3 GPs, total area=1.831398e-01
[ReducedAssembler] 73 elements, 3 GPs, total area=1.600005e-01
[VectorizedAssembler] 1546 elements, 3 GPs, total area=1.600000e-01
[ReducedAssembler] 135 elements, 3 GPs, total area=1.831398e-01
[ReducedAssembler] 73 elements, 3 GPs, total area=1.600005e-01
[VectorizedAssembler] 1546 elements, 3 GPs, total area=1.600000e-01
[ReducedAssembler] 135 elements, 3 GPs, total area=1.831398e-01
[ReducedAssembler] 73 elements, 3 GPs, total area=1.600005e-01
[VectorizedAssembler] 1546 elements, 3 GPs, total area=1.600000e-01
[ReducedAssembler] 135 elements, 3 GPs, total area=1.831398e-01
[ReducedAssembler] 73 elements, 3 GPs, total area=1.600005e-01
[VectorizedAssembler] 1546 elements, 3 GPs, total area=1.600000e-01
[ReducedAssembler] 135 elements, 3 GPs, total area=1.831398e-01
[ReducedAssembler] 73 elements, 3 GPs, total area=1.600005e-01
[VectorizedAssembler] 1546 elements, 3 GPs, total area=1.600000e-01
[ReducedAssembler] 135 elements, 3 GPs, total area=1.831398e-01
[ReducedAssembler] 73 elements, 3 GPs, total area=1.600005e-01
[VectorizedAssembler] 1546 elements, 3 GPs, total area=1.600000e-01
[ReducedAssembler] 135 elements, 3 GPs, total area=1.831398e-01
[ReducedAssembler] 73 elements, 3 GPs, total area=1.600005e-01
[VectorizedAssembler] 1546 elements, 3 GPs, total area=1.600000e-01
[ReducedAssembler] 135 elements, 3 GPs, total area=1.831398e-01
[ReducedAssembler] 73 elements, 3 GPs, total area=1.600005e-01
[VectorizedAssembler] 1546 elements, 3 GPs, total area=1.600000e-01
[ReducedAssembler] 135 elements, 3 GPs, total area=1.831398e-01
[ReducedAssembler] 73 elements, 3 GPs, total area=1.600005e-01
[VectorizedAssembler] 1546 elements, 3 GPs, total area=1.600000e-01
[ReducedAssembler] 135 elements, 3 GPs, total area=1.831398e-01
[ReducedAssembler] 73 elements, 3 GPs, total area=1.600005e-01
[VectorizedAssembler] 1546 elements, 3 GPs, total area=1.600000e-01
[ReducedAssembler] 135 elements, 3 GPs, total area=1.831398e-01
[ReducedAssembler] 73 elements, 3 GPs, total area=1.600005e-01
[VectorizedAssembler] 1546 elements, 3 GPs, total area=1.600000e-01
[ReducedAssembler] 135 elements, 3 GPs, total area=1.831398e-01
[ReducedAssembler] 73 elements, 3 GPs, total area=1.600005e-01
[VectorizedAssembler] 1546 elements, 3 GPs, total area=1.600000e-01
[ReducedAssembler] 135 elements, 3 GPs, total area=1.831398e-01
[ReducedAssembler] 73 elements, 3 GPs, total area=1.600005e-01
[VectorizedAssembler] 1546 elements, 3 GPs, total area=1.600000e-01
[ReducedAssembler] 135 elements, 3 GPs, total area=1.831398e-01
[ReducedAssembler] 73 elements, 3 GPs, total area=1.600005e-01
[VectorizedAssembler] 1546 elements, 3 GPs, total area=1.600000e-01
[ReducedAssembler] 135 elements, 3 GPs, total area=1.831398e-01
[ReducedAssembler] 73 elements, 3 GPs, total area=1.600005e-01
[VectorizedAssembler] 1546 elements, 3 GPs, total area=1.600000e-01
[ReducedAssembler] 135 elements, 3 GPs, total area=1.831398e-01
[ReducedAssembler] 73 elements, 3 GPs, total area=1.600005e-01
[VectorizedAssembler] 1546 elements, 3 GPs, total area=1.600000e-01
[ReducedAssembler] 135 elements, 3 GPs, total area=1.831398e-01
[ReducedAssembler] 73 elements, 3 GPs, total area=1.600005e-01
[VectorizedAssembler] 1546 elements, 3 GPs, total area=1.600000e-01
[ReducedAssembler] 135 elements, 3 GPs, total area=1.831398e-01
[ReducedAssembler] 73 elements, 3 GPs, total area=1.600005e-01
[VectorizedAssembler] 1546 elements, 3 GPs, total area=1.600000e-01
[ReducedAssembler] 135 elements, 3 GPs, total area=1.831398e-01
[ReducedAssembler] 73 elements, 3 GPs, total area=1.600005e-01
[VectorizedAssembler] 1546 elements, 3 GPs, total area=1.600000e-01
[ReducedAssembler] 135 elements, 3 GPs, total area=1.831398e-01
[ReducedAssembler] 73 elements, 3 GPs, total area=1.600005e-01
 |  /           |                  
 ' /   __| _` | __|  _ \   __|    
 . \  |   (   | |   (   |\__ \  
_|\_\_|  \__,_|\__|\___/ ____/
           Multi-Physics 10.3."0"-master-532e0dba7df-Release-x86_64
           Compiled for GNU/Linux and Python3.12 with GCC-13.3
Compiled with threading support. Threading support with OpenMP.
Maximum number of threads: 1.
Importing    KratosStructuralMechanicsApplication 
    KRATOS   ___|  |                   |                   |
           \___ \  __|  __| |   |  __| __| |   |  __| _` | |
                 | |   |    |   | (    |   |   | |   (   | |
           _____/ \__|_|   \__,_|\___|\__|\__,_|_|  \__,_|_| MECHANICS
Initializing KratosStructuralMechanicsApplication...
Importing    KratosConstitutiveLawsApplication 
Initializing KratosConstitutiveLawsApplication...
[WARNING] DEPRECATION-Warning; MechanicalSolver: Using "line_search", please move it to "solving_strategy_settings" as "type" 
::[MechanicalSolver]:: : Construction finished 
::[StaticMechanicalSolver]:: : Construction finished 
::[MechanicalSolver]:: : Variables ADDED 
[WARNING] Model: Trying to create a root modelpart with name Structure however a ModelPart with the same name already exists. 
Returning the already existent ModelPart.
SingleImportModelPart: Reading model part from file: "/home/sares/ML_assisted_CLs_clean/coupon_fe2_paper/01_macro_prepass/coupon_conv_div4".mdpa
ModelPartIO:   [Reading Nodes    : 1501 nodes read]
ModelPartIO:   [Reading Geometries : 690 geometries read] [Type: Triangle2D6]
ModelPartIO:   [Total Lines Read : 4431]
SingleImportModelPart: Finished reading model part from mdpa file.
::[PythonSolver]::: Reading model part. 
::[PythonSolver]::: Using already imported model part - no reading necessary. 
ModelPart: -Structure- model part
    Buffer Size : 1
    Number of tables : 0
    Number of sub model parts : 2
    Current solution step index : 0
    DOMAIN_SIZE : 2
    OSS_SWITCH : 0
    IS_RESTARTED : 0

    Number of Geometries  : 690
    Mesh 0 :
        Number of Nodes       : 1501
        Number of Properties  : 1
        Number of Elements    : 690
        Number of Conditions  : 0
        Number of Constraints : 0

    -dirichlet- model part
        Number of tables : 0
        Number of sub model parts : 0

        Number of Geometries  : 0
        Mesh 0 :
            Number of Nodes       : 26
            Number of Properties  : 0
            Number of Elements    : 0
            Number of Conditions  : 0
            Number of Constraints : 0
    -material- model part
        Number of tables : 0
        Number of sub model parts : 0

        Number of Geometries  : 690
        Mesh 0 :
            Number of Nodes       : 1501
            Number of Properties  : 0
            Number of Elements    : 690
            Number of Conditions  : 0
            Number of Constraints : 0
 
::[PythonSolver]:: : Finished reading model part. 
Read materials: Started
Read materials: Finished
::[MechanicalSolver]:: : Constitutive law was successfully imported. 
::[MechanicalSolver]::: ModelPart prepared for Solver. 
::[MechanicalSolver]:: : DOF's ADDED 
::[MechanicalSolver]:: : Initializing ... 
Importing    LinearSolversApplication 
    Kratos  _     _                       ____        _
           | |   (_)_ __   ___  __ _ _ __/ ___|  ___ | |_   _____ _ __ ___
           | |   | | '_ \ / _ \/ _` | '__\___ \ / _ \| \ \ / / _ \ '__/ __|
           | |___| | | | |  __/ (_| | |   ___) | (_) | |\ V /  __/ |  \__ \
           |_____|_|_| |_|\___|\__,_|_|  |____/ \___/|_| \_/ \___|_|  |___/
Initializing KratosLinearSolversApplication...
Linear-Solver-Factory: Constructing a regular (non-complex) linear-solver 
::[MechanicalSolver]:: : Finished initialization. 
Analysis: Analysis -START-  
Deregistering KratosMultiphysics
Deregistering ConstitutiveLawsApplication
Deregistering LinearSolversApplication
Deregistering StructuralMechanicsApplication
