 |  /           |                  
 ' /   __| _` | __|  _ \   __|    
 . \  |   (   | |   (   |\__ \  
_|\_\_|  \__,_|\__|\___/ ____/
           Multi-Physics 10.3."0"-master-532e0dba7df-Release-x86_64
           Compiled for GNU/Linux and Python3.12 with GCC-13.3
Compiled with threading support. Threading support with OpenMP.
Maximum number of threads: 1.
Importing    KratosStructuralMechanicsApplication 
    KRATOS   ___|  |                   |                   |
           \___ \  __|  __| |   |  __| __| |   |  __| _` | |
                 | |   |    |   | (    |   |   | |   (   | |
           _____/ \__|_|   \__,_|\___|\__|\__,_|_|  \__,_|_| MECHANICS
Initializing KratosStructuralMechanicsApplication...
Importing    KratosConstitutiveLawsApplication 
Initializing KratosConstitutiveLawsApplication...
[WARNING] DEPRECATION-Warning; MechanicalSolver: Using "line_search", please move it to "solving_strategy_settings" as "type" 
::[MechanicalSolver]:: : Construction finished 
::[StaticMechanicalSolver]:: : Construction finished 
::[MechanicalSolver]:: : Variables ADDED 
[WARNING] Model: Trying to create a root modelpart with name Structure however a ModelPart with the same name already exists. 
Returning the already existent ModelPart.
SingleImportModelPart: Reading model part from file: "/home/sares/ML_assisted_CLs_clean/coupon_fe2_paper/03_data/rve_mesh".mdpa
ModelPartIO:   [Reading Nodes    : 3240 nodes read]
ModelPartIO:   [Reading Geometries : 1546 geometries read] [Type: Triangle2D6]
ModelPartIO:   [Total Lines Read : 9751]
SingleImportModelPart: Finished reading model part from mdpa file.
::[PythonSolver]::: Reading model part. 
::[PythonSolver]::: Using already imported model part - no reading necessary. 
ModelPart: -Structure- model part
    Buffer Size : 1
    Number of tables : 0
    Number of sub model parts : 2
    Current solution step index : 0
    DOMAIN_SIZE : 2
    OSS_SWITCH : 0
    IS_RESTARTED : 0

    Number of Geometries  : 1546
    Mesh 0 :
        Number of Nodes       : 3240
        Number of Properties  : 1
        Number of Elements    : 1546
        Number of Conditions  : 0
        Number of Constraints : 0

    -dirichlet- model part
        Number of tables : 0
        Number of sub model parts : 0

        Number of Geometries  : 0
        Mesh 0 :
            Number of Nodes       : 156
            Number of Properties  : 0
            Number of Elements    : 0
            Number of Conditions  : 0
            Number of Constraints : 0
    -material- model part
        Number of tables : 0
        Number of sub model parts : 0

        Number of Geometries  : 1546
        Mesh 0 :
            Number of Nodes       : 3240
            Number of Properties  : 0
            Number of Elements    : 1546
            Number of Conditions  : 0
            Number of Constraints : 0
 
::[PythonSolver]:: : Finished reading model part. 
Read materials: Started
Read materials: Finished
::[MechanicalSolver]:: : Constitutive law was successfully imported. 
::[MechanicalSolver]::: ModelPart prepared for Solver. 
::[MechanicalSolver]:: : DOF's ADDED 
::[MechanicalSolver]:: : Initializing ... 
Importing    LinearSolversApplication 
    Kratos  _     _                       ____        _
           | |   (_)_ __   ___  __ _ _ __/ ___|  ___ | |_   _____ _ __ ___
           | |   | | '_ \ / _ \/ _` | '__\___ \ / _ \| \ \ / / _ \ '__/ __|
           | |___| | | | |  __/ (_| | |   ___) | (_) | |\ V /  __/ |  \__ \
           |_____|_|_| |_|\___|\__,_|_|  |____/ \___/|_| \_/ \___|_|  |___/
Initializing KratosLinearSolversApplication...
Linear-Solver-Factory: Constructing a regular (non-complex) linear-solver 
::[MechanicalSolver]:: : Finished initialization. 
Analysis: Analysis -START-  
[WARNING] DEPRECATION-Warning; MechanicalSolver: Using "line_search", please move it to "solving_strategy_settings" as "type" 
::[MechanicalSolver]:: : Construction finished 
::[StaticMechanicalSolver]:: : Construction finished 
::[MechanicalSolver]:: : Variables ADDED 
[WARNING] Model: Trying to create a root modelpart with name Structure however a ModelPart with the same name already exists. 
Returning the already existent ModelPart.
SingleImportModelPart: Reading model part from file: "/tmp/coupon_hprom_ecm_907053/residual_ecm".mdpa
ModelPartIO:   [Reading Nodes    : 644 nodes read]
ModelPartIO:   [Reading Geometries : 135 geometries read] [Type: Triangle2D6]
ModelPartIO:   [Total Lines Read : 1582]
SingleImportModelPart: Finished reading model part from mdpa file.
::[PythonSolver]::: Reading model part. 
::[PythonSolver]::: Using already imported model part - no reading necessary. 
ModelPart: -Structure- model part
    Buffer Size : 1
    Number of tables : 0
    Number of sub model parts : 2
    Current solution step index : 0
    DOMAIN_SIZE : 2
    OSS_SWITCH : 0
    IS_RESTARTED : 0

    Number of Geometries  : 135
    Mesh 0 :
        Number of Nodes       : 644
        Number of Properties  : 1
        Number of Elements    : 135
        Number of Conditions  : 0
        Number of Constraints : 0

    -dirichlet- model part
        Number of tables : 0
        Number of sub model parts : 0

        Number of Geometries  : 0
        Mesh 0 :
            Number of Nodes       : 1
            Number of Properties  : 0
            Number of Elements    : 0
            Number of Conditions  : 0
            Number of Constraints : 0
    -material- model part
        Number of tables : 0
        Number of sub model parts : 0

        Number of Geometries  : 135
        Mesh 0 :
            Number of Nodes       : 644
            Number of Properties  : 0
            Number of Elements    : 135
            Number of Conditions  : 0
            Number of Constraints : 0
 
::[PythonSolver]:: : Finished reading model part. 
Read materials: Started
Read materials: Finished
::[MechanicalSolver]:: : Constitutive law was successfully imported. 
::[MechanicalSolver]::: ModelPart prepared for Solver. 
::[MechanicalSolver]:: : DOF's ADDED 
::[MechanicalSolver]:: : Initializing ... 
Linear-Solver-Factory: Constructing a regular (non-complex) linear-solver 
::[MechanicalSolver]:: : Finished initialization. 
Analysis: Analysis -START-  
[WARNING] DEPRECATION-Warning; MechanicalSolver: Using "line_search", please move it to "solving_strategy_settings" as "type" 
::[MechanicalSolver]:: : Construction finished 
::[StaticMechanicalSolver]:: : Construction finished 
::[MechanicalSolver]:: : Variables ADDED 
[WARNING] Model: Trying to create a root modelpart with name Structure however a ModelPart with the same name already exists. 
Returning the already existent ModelPart.
SingleImportModelPart: Reading model part from file: "/tmp/coupon_hprom_ecm_907053/stress_ecm".mdpa
ModelPartIO:   [Reading Nodes    : 377 nodes read]
ModelPartIO:   [Reading Geometries : 73 geometries read] [Type: Triangle2D6]
ModelPartIO:   [Total Lines Read : 924]
SingleImportModelPart: Finished reading model part from mdpa file.
::[PythonSolver]::: Reading model part. 
::[PythonSolver]::: Using already imported model part - no reading necessary. 
ModelPart: -Structure- model part
    Buffer Size : 1
    Number of tables : 0
    Number of sub model parts : 2
    Current solution step index : 0
    DOMAIN_SIZE : 2
    OSS_SWITCH : 0
    IS_RESTARTED : 0

    Number of Geometries  : 73
    Mesh 0 :
        Number of Nodes       : 377
        Number of Properties  : 1
        Number of Elements    : 73
        Number of Conditions  : 0
        Number of Constraints : 0

    -dirichlet- model part
        Number of tables : 0
        Number of sub model parts : 0

        Number of Geometries  : 0
        Mesh 0 :
            Number of Nodes       : 1
            Number of Properties  : 0
            Number of Elements    : 0
            Number of Conditions  : 0
            Number of Constraints : 0
    -material- model part
        Number of tables : 0
        Number of sub model parts : 0

        Number of Geometries  : 73
        Mesh 0 :
            Number of Nodes       : 377
            Number of Properties  : 0
            Number of Elements    : 73
            Number of Conditions [VectorizedAssembler] 690 elements, 3 GPs, total area=1.311591e-04
[macro] 3002 dofs, 13/13 end-face nodes
  step  1/20 iter  1: |R|=2.11549e+03, rel=1.000e+00, wall=0.4s
 |  /           |                  
 ' /   __| _` | __|  _ \   __|    
 . \  |   (   | |   (   |\__ \  
_|\_\_|  \__,_|\__|\___/ ____/
           Multi-Physics 10.3."0"-master-532e0dba7df-Release-x86_64
           Compiled for GNU/Linux and Python3.12 with GCC-13.3
Compiled with threading support. Threading support with OpenMP.
Maximum number of threads: 1.
Importing    KratosStructuralMechanicsApplication 
    KRATOS   ___|  |                   |                   |
           \___ \  __|  __| |   |  __| __| |   |  __| _` | |
                 | |   |    |   | (    |   |   | |   (   | |
           _____/ \__|_|   \__,_|\___|\__|\__,_|_|  \__,_|_| MECHANICS
Initializing KratosStructuralMechanicsApplication...
Importing    KratosConstitutiveLawsApplication 
Initializing KratosConstitutiveLawsApplication...
[WARNING] DEPRECATION-Warning; MechanicalSolver: Using "line_search", please move it to "solving_strategy_settings" as "type" 
::[MechanicalSolver]:: : Construction finished 
::[StaticMechanicalSolver]:: : Construction finished 
::[MechanicalSolver]:: : Variables ADDED 
[WARNING] Model: Trying to create a root modelpart with name Structure however a ModelPart with the same name already exists. 
Returning the already existent ModelPart.
SingleImportModelPart: Reading model part from file: "/home/sares/ML_assisted_CLs_clean/coupon_fe2_paper/03_data/rve_mesh".mdpa
ModelPartIO:   [Reading Nodes    : 3240 nodes read]
ModelPartIO:   [Reading Geometries : 1546 geometries read] [Type: Triangle2D6]
ModelPartIO:   [Total Lines Read : 9751]
SingleImportModelPart: Finished reading model part from mdpa file.
::[PythonSolver]::: Reading model part. 
::[PythonSolver]::: Using already imported model part - no reading necessary. 
ModelPart: -Structure- model part
    Buffer Size : 1
    Number of tables : 0
    Number of sub model parts : 2
    Current solution step index : 0
    DOMAIN_SIZE : 2
    OSS_SWITCH : 0
    IS_RESTARTED : 0

    Number of Geometries  : 1546
    Mesh 0 :
        Number of Nodes       : 3240
        Number of Properties  : 1
        Number of Elements    : 1546
        Number of Conditions  : 0
        Number of Constraints : 0

    -dirichlet- model part
        Number of tables : 0
        Number of sub model parts : 0

        Number of Geometries  : 0
        Mesh 0 :
            Number of Nodes       : 156
            Number of Properties  : 0
            Number of Elements    : 0
            Number of Conditions  : 0
            Number of Constraints : 0
    -material- model part
        Number of tables : 0
        Number of sub model parts : 0

        Number of Geometries  : 1546
        Mesh 0 :
            Number of Nodes       : 3240
            Number of Properties  : 0
            Number of Elements    : 1546
            Number of Conditions  : 0
            Number of Constraints : 0
 
::[PythonSolver]:: : Finished reading model part. 
Read materials: Started
Read materials: Finished
::[MechanicalSolver]:: : Constitutive law was successfully imported. 
::[MechanicalSolver]::: ModelPart prepared for Solver. 
::[MechanicalSolver]:: : DOF's ADDED 
::[MechanicalSolver]:: : Initializing ... 
Importing    LinearSolversApplication 
    Kratos  _     _                       ____        _
           | |   (_)_ __   ___  __ _ _ __/ ___|  ___ | |_   _____ _ __ ___
           | |   | | '_ \ / _ \/ _` | '__\___ \ / _ \| \ \ / / _ \ '__/ __|
           | |___| | | | |  __/ (_| | |   ___) | (_) | |\ V /  __/ |  \__ \
           |_____|_|_| |_|\___|\__,_|_|  |____/ \___/|_| \_/ \___|_|  |___/
Initializing KratosLinearSolversApplication...
Linear-Solver-Factory: Constructing a regular (non-complex) linear-solver 
::[MechanicalSolver]:: : Finished initialization. 
Analysis: Analysis -START-  
[WARNING] DEPRECATION-Warning; MechanicalSolver: Using "line_search", please move it to "solving_strategy_settings" as "type" 
::[MechanicalSolver]:: : Construction finished 
::[StaticMechanicalSolver]:: : Construction finished 
::[MechanicalSolver]:: : Variables ADDED 
[WARNING] Model: Trying to create a root modelpart with na |  /           |                  
 ' /   __| _` | __|  _ \   __|    
 . \  |   (   | |   (   |\__ \  
_|\_\_|  \__,_|\__|\___/ ____/
           Multi-Physics 10.3."0"-master-532e0dba7df-Release-x86_64
           Compiled for GNU/Linux and Python3.12 with GCC-13.3
Compiled with threading support. Threading support with OpenMP.
Maximum number of threads: 1.
Importing    KratosStructuralMechanicsApplication 
    KRATOS   ___|  |                   |                   |
           \___ \  __|  __| |   |  __| __| |   |  __| _` | |
                 | |   |    |   | (    |   |   | |   (   | |
           _____/ \__|_|   \__,_|\___|\__|\__,_|_|  \__,_|_| MECHANICS
Initializing KratosStructuralMechanicsApplication...
Importing    KratosConstitutiveLawsApplication 
Initializing KratosConstitutiveLawsApplication...
[WARNING] DEPRECATION-Warning; MechanicalSolver: Using "line_search", please move it to "solving_strategy_settings" as "type" 
::[MechanicalSolver]:: : Construction finished 
::[StaticMechanicalSolver]:: : Construction finished 
::[MechanicalSolver]:: : Variables ADDED 
[WARNING] Model: Trying to create a root modelpart with name Structure however a ModelPart with the same name already exists. 
Returning the already existent ModelPart.
SingleImportModelPart: Reading model part from file: "/home/sares/ML_assisted_CLs_clean/coupon_fe2_paper/03_data/rve_mesh".mdpa
ModelPartIO:   [Reading Nodes    : 3240 nodes read]
ModelPartIO:   [Reading Geometries : 1546 geometries read] [Type: Triangle2D6]
ModelPartIO:   [Total Lines Read : 9751]
SingleImportModelPart: Finished reading model part from mdpa file.
::[PythonSolver]::: Reading model part. 
::[PythonSolver]::: Using already imported model part - no reading necessary. 
ModelPart: -Structure- model part
    Buffer Size : 1
    Number of tables : 0
    Number of sub model parts : 2
    Current solution step index : 0
    DOMAIN_SIZE : 2
    OSS_SWITCH : 0
    IS_RESTARTED : 0

    Number of Geometries  : 1546
    Mesh 0 :
        Number of Nodes       : 3240
        Number of Properties  : 1
        Number of Elements    : 1546
        Number of Conditions  : 0
        Number of Constraints : 0

    -dirichlet- model part
        Number of tables : 0
        Number of sub model parts : 0

        Number of Geometries  : 0
        Mesh 0 :
            Number of Nodes       : 156
            Number of Properties  : 0
            Number of Elements    : 0
            Number of Conditions  : 0
            Number of Constraints : 0
    -material- model part
        Number of tables : 0
        Number of sub model parts : 0

        Number of Geometries  : 1546
        Mesh 0 :
            Number of Nodes       : 3240
            Number of Properties  : 0
            Number of Elements    : 1546
            Number of Conditions  : 0
            Number of Constraints : 0
 
::[PythonSolver]:: : Finished reading model part. 
Read materials: Started
Read materials: Finished
::[MechanicalSolver]:: : Constitutive law was successfully imported. 
::[MechanicalSolver]::: ModelPart prepared for Solver. 
::[MechanicalSolver]:: : DOF's ADDED 
::[MechanicalSolver]:: : Initializing ... 
Importing    LinearSolversApplication 
    Kratos  _     _                       ____        _
           | |   (_)_ __   ___  __ _ _ __/ ___|  ___ | |_   _____ _ __ ___
           | |   | | '_ \ / _ \/ _` | '__\___ \ / _ \| \ \ / / _ \ '__/ __|
           | |___| | | | |  __/ (_| | |   ___) | (_) | |\ V /  __/ |  \__ \
           |_____|_|_| |_|\___|\__,_|_|  |____/ \___/|_| \_/ \___|_|  |___/
Initializing KratosLinearSolversApplication...
Linear-Solver-Factory: Constructing a regular (non-complex) linear-solver 
::[MechanicalSolver]:: : Finished initialization. 
Analysis: Analysis -START-  
[WARNING] DEPRECATION-Warning; MechanicalSolver: Using "line_search", please move it to "solving_strategy_settings" as "type" 
::[MechanicalSolver]:: : Construction finished 
::[StaticMechanicalSolver]:: : Construction finished 
::[MechanicalSolver]:: : Variables ADDED 
[WARNING] Model: Trying to create a root modelpart with na |  /           |                  
 ' /   __| _` | __|  _ \   __|    
 . \  |   (   | |   (   |\__ \  
_|\_\_|  \__,_|\__|\___/ ____/
           Multi-Physics 10.3."0"-master-532e0dba7df-Release-x86_64
           Compiled for GNU/Linux and Python3.12 with GCC-13.3
Compiled with threading support. Threading support with OpenMP.
Maximum number of threads: 1.
Importing    KratosStructuralMechanicsApplication 
    KRATOS   ___|  |                   |                   |
           \___ \  __|  __| |   |  __| __| |   |  __| _` | |
                 | |   |    |   | (    |   |   | |   (   | |
           _____/ \__|_|   \__,_|\___|\__|\__,_|_|  \__,_|_| MECHANICS
Initializing KratosStructuralMechanicsApplication...
Importing    KratosConstitutiveLawsApplication 
Initializing KratosConstitutiveLawsApplication...
[WARNING] DEPRECATION-Warning; MechanicalSolver: Using "line_search", please move it to "solving_strategy_settings" as "type" 
::[MechanicalSolver]:: : Construction finished 
::[StaticMechanicalSolver]:: : Construction finished 
::[MechanicalSolver]:: : Variables ADDED 
[WARNING] Model: Trying to create a root modelpart with name Structure however a ModelPart with the same name already exists. 
Returning the already existent ModelPart.
SingleImportModelPart: Reading model part from file: "/home/sares/ML_assisted_CLs_clean/coupon_fe2_paper/03_data/rve_mesh".mdpa
ModelPartIO:   [Reading Nodes    : 3240 nodes read]
ModelPartIO:   [Reading Geometries : 1546 geometries read] [Type: Triangle2D6]
ModelPartIO:   [Total Lines Read : 9751]
SingleImportModelPart: Finished reading model part from mdpa file.
::[PythonSolver]::: Reading model part. 
::[PythonSolver]::: Using already imported model part - no reading necessary. 
ModelPart: -Structure- model part
    Buffer Size : 1
    Number of tables : 0
    Number of sub model parts : 2
    Current solution step index : 0
    DOMAIN_SIZE : 2
    OSS_SWITCH : 0
    IS_RESTARTED : 0

    Number of Geometries  : 1546
    Mesh 0 :
        Number of Nodes       : 3240
        Number of Properties  : 1
        Number of Elements    : 1546
        Number of Conditions  : 0
        Number of Constraints : 0

    -dirichlet- model part
        Number of tables : 0
        Number of sub model parts : 0

        Number of Geometries  : 0
        Mesh 0 :
            Number of Nodes       : 156
            Number of Properties  : 0
            Number of Elements    : 0
            Number of Conditions  : 0
            Number of Constraints : 0
    -material- model part
        Number of tables : 0
        Number of sub model parts : 0

        Number of Geometries  : 1546
        Mesh 0 :
            Number of Nodes       : 3240
            Number of Properties  : 0
            Number of Elements    : 1546
            Number of Conditions  : 0
            Number of Constraints : 0
 
::[PythonSolver]:: : Finished reading model part. 
Read materials: Started
Read materials: Finished
::[MechanicalSolver]:: : Constitutive law was successfully imported. 
::[MechanicalSolver]::: ModelPart prepared for Solver. 
::[MechanicalSolver]:: : DOF's ADDED 
::[MechanicalSolver]:: : Initializing ... 
Importing    LinearSolversApplication 
    Kratos  _     _                       ____        _
           | |   (_)_ __   ___  __ _ _ __/ ___|  ___ | |_   _____ _ __ ___
           | |   | | '_ \ / _ \/ _` | '__\___ \ / _ \| \ \ / / _ \ '__/ __|
           | |___| | | | |  __/ (_| | |   ___) | (_) | |\ V /  __/ |  \__ \
           |_____|_|_| |_|\___|\__,_|_|  |____/ \___/|_| \_/ \___|_|  |___/
Initializing KratosLinearSolversApplication...
Linear-Solver-Factory: Constructing a regular (non-complex) linear-solver 
::[MechanicalSolver]:: : Finished initialization. 
Analysis: Analysis -START-  
[WARNING] DEPRECATION-Warning; MechanicalSolver: Using "line_search", please move it to "solving_strategy_settings" as "type" 
::[MechanicalSolver]:: : Construction finished 
::[StaticMechanicalSolver]:: : Construction finished 
::[MechanicalSolver]:: : Variables ADDED 
[WARNING] Model: Trying to create a root modelpart with na |  /           |                  
 ' /   __| _` | __|  _ \   __|    
 . \  |   (   | |   (   |\__ \  
_|\_\_|  \__,_|\__|\___/ ____/
           Multi-Physics 10.3."0"-master-532e0dba7df-Release-x86_64
           Compiled for GNU/Linux and Python3.12 with GCC-13.3
Compiled with threading support. Threading support with OpenMP.
Maximum number of threads: 1.
Importing    KratosStructuralMechanicsApplication 
    KRATOS   ___|  |                   |                   |
           \___ \  __|  __| |   |  __| __| |   |  __| _` | |
                 | |   |    |   | (    |   |   | |   (   | |
           _____/ \__|_|   \__,_|\___|\__|\__,_|_|  \__,_|_| MECHANICS
Initializing KratosStructuralMechanicsApplication...
Importing    KratosConstitutiveLawsApplication 
Initializing KratosConstitutiveLawsApplication...
[WARNING] DEPRECATION-Warning; MechanicalSolver: Using "line_search", please move it to "solving_strategy_settings" as "type" 
::[MechanicalSolver]:: : Construction finished 
::[StaticMechanicalSolver]:: : Construction finished 
::[MechanicalSolver]:: : Variables ADDED 
[WARNING] Model: Trying to create a root modelpart with name Structure however a ModelPart with the same name already exists. 
Returning the already existent ModelPart.
SingleImportModelPart: Reading model part from file: "/home/sares/ML_assisted_CLs_clean/coupon_fe2_paper/03_data/rve_mesh".mdpa
ModelPartIO:   [Reading Nodes    : 3240 nodes read]
ModelPartIO:   [Reading Geometries : 1546 geometries read] [Type: Triangle2D6]
ModelPartIO:   [Total Lines Read : 9751]
SingleImportModelPart: Finished reading model part from mdpa file.
::[PythonSolver]::: Reading model part. 
::[PythonSolver]::: Using already imported model part - no reading necessary. 
ModelPart: -Structure- model part
    Buffer Size : 1
    Number of tables : 0
    Number of sub model parts : 2
    Current solution step index : 0
    DOMAIN_SIZE : 2
    OSS_SWITCH : 0
    IS_RESTARTED : 0

    Number of Geometries  : 1546
    Mesh 0 :
        Number of Nodes       : 3240
        Number of Properties  : 1
        Number of Elements    : 1546
        Number of Conditions  : 0
        Number of Constraints : 0

    -dirichlet- model part
        Number of tables : 0
        Number of sub model parts : 0

        Number of Geometries  : 0
        Mesh 0 :
            Number of Nodes       : 156
            Number of Properties  : 0
            Number of Elements    : 0
            Number of Conditions  : 0
            Number of Constraints : 0
    -material- model part
        Number of tables : 0
        Number of sub model parts : 0

        Number of Geometries  : 1546
        Mesh 0 :
            Number of Nodes       : 3240
            Number of Properties  : 0
            Number of Elements    : 1546
            Number of Conditions  : 0
            Number of Constraints : 0
 
::[PythonSolver]:: : Finished reading model part. 
Read materials: Started
Read materials: Finished
::[MechanicalSolver]:: : Constitutive law was successfully imported. 
::[MechanicalSolver]::: ModelPart prepared for Solver. 
::[MechanicalSolver]:: : DOF's ADDED 
::[MechanicalSolver]:: : Initializing ... 
Importing    LinearSolversApplication 
    Kratos  _     _                       ____        _
           | |   (_)_ __   ___  __ _ _ __/ ___|  ___ | |_   _____ _ __ ___
           | |   | | '_ \ / _ \/ _` | '__\___ \ / _ \| \ \ / / _ \ '__/ __|
           | |___| | | | |  __/ (_| | |   ___) | (_) | |\ V /  __/ |  \__ \
           |_____|_|_| |_|\___|\__,_|_|  |____/ \___/|_| \_/ \___|_|  |___/
Initializing KratosLinearSolversApplication...
Linear-Solver-Factory: Constructing a regular (non-complex) linear-solver 
::[MechanicalSolver]:: : Finished initialization. 
Analysis: Analysis -START-  
[WARNING] DEPRECATION-Warning; MechanicalSolver: Using "line_search", please move it to "solving_strategy_settings" as "type" 
::[MechanicalSolver]:: : Construction finished 
::[StaticMechanicalSolver]:: : Construction finished 
::[MechanicalSolver]:: : Variables ADDED 
[WARNING] Model: Trying to create a root modelpart with name Structure however a ModelPart with the same name already exists. 
Returning the already existent ModelPart.
SingleImportModelPart: Reading model part from file: "/tmp/coupon_hprom_ecm_907066/residual_ecm".mdpa
ModelPartIO:   [Reading Nodes    : 644 nodes read]
ModelPartIO:   [Reading Geometries : 135 geometries read] [Type: Triangle2D6]
ModelPartIO:   [Total Lines Read : 1582]
SingleImportModelPart: Finished reading model part from mdpa file.
::[PythonSolver]::: Reading model part. 
::[PythonSolver]::: Using already imported model part - no reading necessary. 
ModelPart: -Structure- model part
    Buffer Size : 1
    Number of tables : 0
    Number of sub model parts : 2
    Current solution step index : 0
    DOMAIN_SIZE : 2
    OSS_SWITCH : 0
    IS_RESTARTED : 0

    Number of Geometries  : 135
    Mesh 0 :
        Number of Nodes       : 644
        Number of Properties  : 1
        Number of Elements    : 135
        Number of Conditions  : 0
        Number of Constraints : 0

    -dirichlet- model part
        Number of tables : 0
        Number of sub model parts : 0

        Number of Geometries  : 0
        Mesh 0 :
            Number of Nodes       : 1
            Number of Properties  : 0
            Number of Elements    : 0
            Number of Conditions  : 0
            Number of Constraints : 0
    -material- model part
        Number of tables : 0
        Number of sub model parts : 0

        Number of Geometries  : 135
        Mesh 0 :
            Number of Nodes       : 644
            Number of Properties  : 0
            Number of Elements    : 135
            Number of Conditions  : 0
            Number of Constraints : 0
 
::[PythonSolver]:: : Finished reading model part. 
Read materials: Started
Read materials: Finished
::[MechanicalSolver]:: : Constitutive law was successfully imported. 
::[MechanicalSolver]::: ModelPart prepared for Solver. 
::[MechanicalSolver]:: : DOF's ADDED 
::[MechanicalSolver]:: : Initializing ... 
Linear-Solver-Factory: Constructing a regular (non-complex) linear-solver 
::[MechanicalSolver]:: : Finished initialization. 
Analysis: Analysis -START-  
[WARNING] DEPRECATION-Warning; MechanicalSolver: Using "line_search", please move it to "solving_strategy_settings" as "type" 
::[MechanicalSolver]:: : Construction finished 
::[StaticMechanicalSolver]:: : Construction finished 
::[MechanicalSolver]:: : Variables ADDED 
[WARNING] Model: Trying to create a root modelpart with name Structure however a ModelPart with the same name already exists. 
Returning the already existent ModelPart.
SingleImportModelPart: Reading model part from file: "/tmp/coupon_hprom_ecm_907066/stress_ecm".mdpa
ModelPartIO:   [Reading Nodes    : 377 nodes read]
ModelPartIO:   [Reading Geometries : 73 geometries read] [Type: Triangle2D6]
ModelPartIO:   [Total Lines Read : 924]
SingleImportModelPart: Finished reading model part from mdpa file.
::[PythonSolver]::: Reading model part. 
::[PythonSolver]::: Using already imported model part - no reading necessary. 
ModelPart: -Structure- model part
    Buffer Size : 1
    Number of tables : 0
    Number of sub model parts : 2
    Current solution step index : 0
    DOMAIN_SIZE : 2
    OSS_SWITCH : 0
    IS_RESTARTED : 0

    Number of Geometries  : 73
    Mesh 0 :
        Number of Nodes       : 377
        Number of Properties  : 1
        Number of Elements    : 73
        Number of Conditions  : 0
        Number of Constraints : 0

    -dirichlet- model part
        Number of tables : 0
        Number of sub model parts : 0

        Number of Geometries  : 0
        Mesh 0 :
            Number of Nodes       : 1
            Number of Properties  : 0
            Number of Elements    : 0
            Number of Conditions  : 0
            Number of Constraints : 0
    -material- model part
        Number of tables : 0
        Number of sub model parts : 0

        Number of Geometries  : 73
        Mesh 0 :
            Number of Nodes       : 377
            Number of Properties  : 0
            Number of Elements    : 73
            Number of Conditions me Structure however a ModelPart with the same name already exists. 
Returning the already existent ModelPart.
SingleImportModelPart: Reading model part from file: "/tmp/coupon_hprom_ecm_907067/residual_ecm".mdpa
ModelPartIO:   [Reading Nodes    : 644 nodes read]
ModelPartIO:   [Reading Geometries : 135 geometries read] [Type: Triangle2D6]
ModelPartIO:   [Total Lines Read : 1582]
SingleImportModelPart: Finished reading model part from mdpa file.
::[PythonSolver]::: Reading model part. 
::[PythonSolver]::: Using already imported model part - no reading necessary. 
ModelPart: -Structure- model part
    Buffer Size : 1
    Number of tables : 0
    Number of sub model parts : 2
    Current solution step index : 0
    DOMAIN_SIZE : 2
    OSS_SWITCH : 0
    IS_RESTARTED : 0

    Number of Geometries  : 135
    Mesh 0 :
        Number of Nodes       : 644
        Number of Properties  : 1
        Number of Elements    : 135
        Number of Conditions  : 0
        Number of Constraints : 0

    -dirichlet- model part
        Number of tables : 0
        Number of sub model parts : 0

        Number of Geometries  : 0
        Mesh 0 :
            Number of Nodes       : 1
            Number of Properties  : 0
            Number of Elements    : 0
            Number of Conditions  : 0
            Number of Constraints : 0
    -material- model part
        Number of tables : 0
        Number of sub model parts : 0

        Number of Geometries  : 135
        Mesh 0 :
            Number of Nodes       : 644
            Number of Properties  : 0
            Number of Elements    : 135
            Number of Conditions  : 0
            Number of Constraints : 0
 
::[PythonSolver]:: : Finished reading model part. 
Read materials: Started
Read materials: Finished
::[MechanicalSolver]:: : Constitutive law was successfully imported. 
::[MechanicalSolver]::: ModelPart prepared for Solver. 
::[MechanicalSolver]:: : DOF's ADDED 
::[MechanicalSolver]:: : Initializing ... 
Linear-Solver-Factory: Constructing a regular (non-complex) linear-solver 
::[MechanicalSolver]:: : Finished initialization. 
Analysis: Analysis -START-  
[WARNING] DEPRECATION-Warning; MechanicalSolver: Using "line_search", please move it to "solving_strategy_settings" as "type" 
::[MechanicalSolver]:: : Construction finished 
::[StaticMechanicalSolver]:: : Construction finished 
::[MechanicalSolver]:: : Variables ADDED 
[WARNING] Model: Trying to create a root modelpart with name Structure however a ModelPart with the same name already exists. 
Returning the already existent ModelPart.
SingleImportModelPart: Reading model part from file: "/tmp/coupon_hprom_ecm_907067/stress_ecm".mdpa
ModelPartIO:   [Reading Nodes    : 377 nodes read]
ModelPartIO:   [Reading Geometries : 73 geometries read] [Type: Triangle2D6]
ModelPartIO:   [Total Lines Read : 924]
SingleImportModelPart: Finished reading model part from mdpa file.
::[PythonSolver]::: Reading model part. 
::[PythonSolver]::: Using already imported model part - no reading necessary. 
ModelPart: -Structure- model part
    Buffer Size : 1
    Number of tables : 0
    Number of sub model parts : 2
    Current solution step index : 0
    DOMAIN_SIZE : 2
    OSS_SWITCH : 0
    IS_RESTARTED : 0

    Number of Geometries  : 73
    Mesh 0 :
        Number of Nodes       : 377
        Number of Properties  : 1
        Number of Elements    : 73
        Number of Conditions  : 0
        Number of Constraints : 0

    -dirichlet- model part
        Number of tables : 0
        Number of sub model parts : 0

        Number of Geometries  : 0
        Mesh 0 :
            Number of Nodes       : 1
            Number of Properties  : 0
            Number of Elements    : 0
            Number of Conditions  : 0
            Number of Constraints : 0
    -material- model part
        Number of tables : 0
        Number of sub model parts : 0

        Number of Geometries  : 73
        Mesh 0 :
            Number of Nodes       : 377
            Number of Properties  : 0
            Number of Elements    : 73
            Number of Conditions  |  /           |                  
 ' /   __| _` | __|  _ \   __|    
 . \  |   (   | |   (   |\__ \  
_|\_\_|  \__,_|\__|\___/ ____/
           Multi-Physics 10.3."0"-master-532e0dba7df-Release-x86_64
           Compiled for GNU/Linux and Python3.12 with GCC-13.3
Compiled with threading support. Threading support with OpenMP.
Maximum number of threads: 1.
Importing    KratosStructuralMechanicsApplication 
    KRATOS   ___|  |                   |                   |
           \___ \  __|  __| |   |  __| __| |   |  __| _` | |
                 | |   |    |   | (    |   |   | |   (   | |
           _____/ \__|_|   \__,_|\___|\__|\__,_|_|  \__,_|_| MECHANICS
Initializing KratosStructuralMechanicsApplication...
Importing    KratosConstitutiveLawsApplication 
Initializing KratosConstitutiveLawsApplication...
[WARNING] DEPRECATION-Warning; MechanicalSolver: Using "line_search", please move it to "solving_strategy_settings" as "type" 
::[MechanicalSolver]:: : Construction finished 
::[StaticMechanicalSolver]:: : Construction finished 
::[MechanicalSolver]:: : Variables ADDED 
[WARNING] Model: Trying to create a root modelpart with name Structure however a ModelPart with the same name already exists. 
Returning the already existent ModelPart.
SingleImportModelPart: Reading model part from file: "/home/sares/ML_assisted_CLs_clean/coupon_fe2_paper/03_data/rve_mesh".mdpa
ModelPartIO:   [Reading Nodes    : 3240 nodes read]
ModelPartIO:   [Reading Geometries : 1546 geometries read] [Type: Triangle2D6]
ModelPartIO:   [Total Lines Read : 9751]
SingleImportModelPart: Finished reading model part from mdpa file.
::[PythonSolver]::: Reading model part. 
::[PythonSolver]::: Using already imported model part - no reading necessary. 
ModelPart: -Structure- model part
    Buffer Size : 1
    Number of tables : 0
    Number of sub model parts : 2
    Current solution step index : 0
    DOMAIN_SIZE : 2
    OSS_SWITCH : 0
    IS_RESTARTED : 0

    Number of Geometries  : 1546
    Mesh 0 :
        Number of Nodes       : 3240
        Number of Properties  : 1
        Number of Elements    : 1546
        Number of Conditions  : 0
        Number of Constraints : 0

    -dirichlet- model part
        Number of tables : 0
        Number of sub model parts : 0

        Number of Geometries  : 0
        Mesh 0 :
            Number of Nodes       : 156
            Number of Properties  : 0
            Number of Elements    : 0
            Number of Conditions  : 0
            Number of Constraints : 0
    -material- model part
        Number of tables : 0
        Number of sub model parts : 0

        Number of Geometries  : 1546
        Mesh 0 :
            Number of Nodes       : 3240
            Number of Properties  : 0
            Number of Elements    : 1546
            Number of Conditions  : 0
            Number of Constraints : 0
 
::[PythonSolver]:: : Finished reading model part. 
Read materials: Started
Read materials: Finished
::[MechanicalSolver]:: : Constitutive law was successfully imported. 
::[MechanicalSolver]::: ModelPart prepared for Solver. 
::[MechanicalSolver]:: : DOF's ADDED 
::[MechanicalSolver]:: : Initializing ... 
Importing    LinearSolversApplication 
    Kratos  _     _                       ____        _
           | |   (_)_ __   ___  __ _ _ __/ ___|  ___ | |_   _____ _ __ ___
           | |   | | '_ \ / _ \/ _` | '__\___ \ / _ \| \ \ / / _ \ '__/ __|
           | |___| | | | |  __/ (_| | |   ___) | (_) | |\ V /  __/ |  \__ \
           |_____|_|_| |_|\___|\__,_|_|  |____/ \___/|_| \_/ \___|_|  |___/
Initializing KratosLinearSolversApplication...
Linear-Solver-Factory: Constructing a regular (non-complex) linear-solver 
::[MechanicalSolver]:: : Finished initialization. 
Analysis: Analysis -START-  
[WARNING] DEPRECATION-Warning; MechanicalSolver: Using "line_search", please move it to "solving_strategy_settings" as "type" 
::[MechanicalSolver]:: : Construction finished 
::[StaticMechanicalSolver]:: : Construction finished 
::[MechanicalSolver]:: : Variables ADDED 
[WARNING] Model: Trying to create a root modelpart with name Structure however a ModelPart with the same name already exists. 
Returning the already existent ModelPart.
SingleImportModelPart: Reading model part from file: "/tmp/coupon_hprom_ecm_907055/residual_ecm".mdpa
ModelPartIO:   [Reading Nodes    : 644 nodes read]
ModelPartIO:   [Reading Geometries : 135 geometries read] [Type: Triangle2D6]
ModelPartIO:   [Total Lines Read : 1582]
SingleImportModelPart: Finished reading model part from mdpa file.
::[PythonSolver]::: Reading model part. 
::[PythonSolver]::: Using already imported model part - no reading necessary. 
ModelPart: -Structure- model part
    Buffer Size : 1
    Number of tables : 0
    Number of sub model parts : 2
    Current solution step index : 0
    DOMAIN_SIZE : 2
    OSS_SWITCH : 0
    IS_RESTARTED : 0

    Number of Geometries  : 135
    Mesh 0 :
        Number of Nodes       : 644
        Number of Properties  : 1
        Number of Elements    : 135
        Number of Conditions  : 0
        Number of Constraints : 0

    -dirichlet- model part
        Number of tables : 0
        Number of sub model parts : 0

        Number of Geometries  : 0
        Mesh 0 :
            Number of Nodes       : 1
            Number of Properties  : 0
            Number of Elements    : 0
            Number of Conditions  : 0
            Number of Constraints : 0
    -material- model part
        Number of tables : 0
        Number of sub model parts : 0

        Number of Geometries  : 135
        Mesh 0 :
            Number of Nodes       : 644
            Number of Properties  : 0
            Number of Elements    : 135
            Number of Conditions  : 0
            Number of Constraints : 0
 
::[PythonSolver]:: : Finished reading model part. 
Read materials: Started
Read materials: Finished
::[MechanicalSolver]:: : Constitutive law was successfully imported. 
::[MechanicalSolver]::: ModelPart prepared for Solver. 
::[MechanicalSolver]:: : DOF's ADDED 
::[MechanicalSolver]:: : Initializing ... 
Linear-Solver-Factory: Constructing a regular (non-complex) linear-solver 
::[MechanicalSolver]:: : Finished initialization. 
Analysis: Analysis -START-  
[WARNING] DEPRECATION-Warning; MechanicalSolver: Using "line_search", please move it to "solving_strategy_settings" as "type" 
::[MechanicalSolver]:: : Construction finished 
::[StaticMechanicalSolver]:: : Construction finished 
::[MechanicalSolver]:: : Variables ADDED 
[WARNING] Model: Trying to create a root modelpart with name Structure however a ModelPart with the same name already exists. 
Returning the already existent ModelPart.
SingleImportModelPart: Reading model part from file: "/tmp/coupon_hprom_ecm_907055/stress_ecm".mdpa
ModelPartIO:   [Reading Nodes    : 377 nodes read]
ModelPartIO:   [Reading Geometries : 73 geometries read] [Type: Triangle2D6]
ModelPartIO:   [Total Lines Read : 924]
SingleImportModelPart: Finished reading model part from mdpa file.
::[PythonSolver]::: Reading model part. 
::[PythonSolver]::: Using already imported model part - no reading necessary. 
ModelPart: -Structure- model part
    Buffer Size : 1
    Number of tables : 0
    Number of sub model parts : 2
    Current solution step index : 0
    DOMAIN_SIZE : 2
    OSS_SWITCH : 0
    IS_RESTARTED : 0

    Number of Geometries  : 73
    Mesh 0 :
        Number of Nodes       : 377
        Number of Properties  : 1
        Number of Elements    : 73
        Number of Conditions  : 0
        Number of Constraints : 0

    -dirichlet- model part
        Number of tables : 0
        Number of sub model parts : 0

        Number of Geometries  : 0
        Mesh 0 :
            Number of Nodes       : 1
            Number of Properties  : 0
            Number of Elements    : 0
            Number of Conditions  : 0
            Number of Constraints : 0
    -material- model part
        Number of tables : 0
        Number of sub model parts : 0

        Number of Geometries  : 73
        Mesh 0 :
            Number of Nodes       : 377
            Number of Properties  : 0
            Number of Elements    : 73
            Number of Conditions me Structure however a ModelPart with the same name already exists. 
Returning the already existent ModelPart.
SingleImportModelPart: Reading model part from file: "/tmp/coupon_hprom_ecm_907054/residual_ecm".mdpa
ModelPartIO:   [Reading Nodes    : 644 nodes read]
ModelPartIO:   [Reading Geometries : 135 geometries read] [Type: Triangle2D6]
ModelPartIO:   [Total Lines Read : 1582]
SingleImportModelPart: Finished reading model part from mdpa file.
::[PythonSolver]::: Reading model part. 
::[PythonSolver]::: Using already imported model part - no reading necessary. 
ModelPart: -Structure- model part
    Buffer Size : 1
    Number of tables : 0
    Number of sub model parts : 2
    Current solution step index : 0
    DOMAIN_SIZE : 2
    OSS_SWITCH : 0
    IS_RESTARTED : 0

    Number of Geometries  : 135
    Mesh 0 :
        Number of Nodes       : 644
        Number of Properties  : 1
        Number of Elements    : 135
        Number of Conditions  : 0
        Number of Constraints : 0

    -dirichlet- model part
        Number of tables : 0
        Number of sub model parts : 0

        Number of Geometries  : 0
        Mesh 0 :
            Number of Nodes       : 1
            Number of Properties  : 0
            Number of Elements    : 0
            Number of Conditions  : 0
            Number of Constraints : 0
    -material- model part
        Number of tables : 0
        Number of sub model parts : 0

        Number of Geometries  : 135
        Mesh 0 :
            Number of Nodes       : 644
            Number of Properties  : 0
            Number of Elements    : 135
            Number of Conditions  : 0
            Number of Constraints : 0
 
::[PythonSolver]:: : Finished reading model part. 
Read materials: Started
Read materials: Finished
::[MechanicalSolver]:: : Constitutive law was successfully imported. 
::[MechanicalSolver]::: ModelPart prepared for Solver. 
::[MechanicalSolver]:: : DOF's ADDED 
::[MechanicalSolver]:: : Initializing ... 
Linear-Solver-Factory: Constructing a regular (non-complex) linear-solver 
::[MechanicalSolver]:: : Finished initialization. 
Analysis: Analysis -START-  
[WARNING] DEPRECATION-Warning; MechanicalSolver: Using "line_search", please move it to "solving_strategy_settings" as "type" 
::[MechanicalSolver]:: : Construction finished 
::[StaticMechanicalSolver]:: : Construction finished 
::[MechanicalSolver]:: : Variables ADDED 
[WARNING] Model: Trying to create a root modelpart with name Structure however a ModelPart with the same name already exists. 
Returning the already existent ModelPart.
SingleImportModelPart: Reading model part from file: "/tmp/coupon_hprom_ecm_907054/stress_ecm".mdpa
ModelPartIO:   [Reading Nodes    : 377 nodes read]
ModelPartIO:   [Reading Geometries : 73 geometries read] [Type: Triangle2D6]
ModelPartIO:   [Total Lines Read : 924]
SingleImportModelPart: Finished reading model part from mdpa file.
::[PythonSolver]::: Reading model part. 
::[PythonSolver]::: Using already imported model part - no reading necessary. 
ModelPart: -Structure- model part
    Buffer Size : 1
    Number of tables : 0
    Number of sub model parts : 2
    Current solution step index : 0
    DOMAIN_SIZE : 2
    OSS_SWITCH : 0
    IS_RESTARTED : 0

    Number of Geometries  : 73
    Mesh 0 :
        Number of Nodes       : 377
        Number of Properties  : 1
        Number of Elements    : 73
        Number of Conditions  : 0
        Number of Constraints : 0

    -dirichlet- model part
        Number of tables : 0
        Number of sub model parts : 0

        Number of Geometries  : 0
        Mesh 0 :
            Number of Nodes       : 1
            Number of Properties  : 0
            Number of Elements    : 0
            Number of Conditions  : 0
            Number of Constraints : 0
    -material- model part
        Number of tables : 0
        Number of sub model parts : 0

        Number of Geometries  : 73
        Mesh 0 :
            Number of Nodes       : 377
            Number of Properties  : 0
            Number of Elements    : 73
            Number of Conditions  |  /           |                  
 ' /   __| _` | __|  _ \   __|    
 . \  |   (   | |   (   |\__ \  
_|\_\_|  \__,_|\__|\___/ ____/
           Multi-Physics 10.3."0"-master-532e0dba7df-Release-x86_64
           Compiled for GNU/Linux and Python3.12 with GCC-13.3
Compiled with threading support. Threading support with OpenMP.
Maximum number of threads: 1.
Importing    KratosStructuralMechanicsApplication 
    KRATOS   ___|  |                   |                   |
           \___ \  __|  __| |   |  __| __| |   |  __| _` | |
                 | |   |    |   | (    |   |   | |   (   | |
           _____/ \__|_|   \__,_|\___|\__|\__,_|_|  \__,_|_| MECHANICS
Initializing KratosStructuralMechanicsApplication...
Importing    KratosConstitutiveLawsApplication 
Initializing KratosConstitutiveLawsApplication...
[WARNING] DEPRECATION-Warning; MechanicalSolver: Using "line_search", please move it to "solving_strategy_settings" as "type" 
::[MechanicalSolver]:: : Construction finished 
::[StaticMechanicalSolver]:: : Construction finished 
::[MechanicalSolver]:: : Variables ADDED 
[WARNING] Model: Trying to create a root modelpart with name Structure however a ModelPart with the same name already exists. 
Returning the already existent ModelPart.
SingleImportModelPart: Reading model part from file: "/home/sares/ML_assisted_CLs_clean/coupon_fe2_paper/03_data/rve_mesh".mdpa
ModelPartIO:   [Reading Nodes    : 3240 nodes read]
ModelPartIO:   [Reading Geometries : 1546 geometries read] [Type: Triangle2D6]
ModelPartIO:   [Total Lines Read : 9751]
SingleImportModelPart: Finished reading model part from mdpa file.
::[PythonSolver]::: Reading model part. 
::[PythonSolver]::: Using already imported model part - no reading necessary. 
ModelPart: -Structure- model part
    Buffer Size : 1
    Number of tables : 0
    Number of sub model parts : 2
    Current solution step index : 0
    DOMAIN_SIZE : 2
    OSS_SWITCH : 0
    IS_RESTARTED : 0

    Number of Geometries  : 1546
    Mesh 0 :
        Number of Nodes       : 3240
        Number of Properties  : 1
        Number of Elements    : 1546
        Number of Conditions  : 0
        Number of Constraints : 0

    -dirichlet- model part
        Number of tables : 0
        Number of sub model parts : 0

        Number of Geometries  : 0
        Mesh 0 :
            Number of Nodes       : 156
            Number of Properties  : 0
            Number of Elements    : 0
            Number of Conditions  : 0
            Number of Constraints : 0
    -material- model part
        Number of tables : 0
        Number of sub model parts : 0

        Number of Geometries  : 1546
        Mesh 0 :
            Number of Nodes       : 3240
            Number of Properties  : 0
            Number of Elements    : 1546
            Number of Conditions  : 0
            Number of Constraints : 0
 
::[PythonSolver]:: : Finished reading model part. 
Read materials: Started
Read materials: Finished
::[MechanicalSolver]:: : Constitutive law was successfully imported. 
::[MechanicalSolver]::: ModelPart prepared for Solver. 
::[MechanicalSolver]:: : DOF's ADDED 
::[MechanicalSolver]:: : Initializing ... 
Importing    LinearSolversApplication 
    Kratos  _     _                       ____        _
           | |   (_)_ __   ___  __ _ _ __/ ___|  ___ | |_   _____ _ __ ___
           | |   | | '_ \ / _ \/ _` | '__\___ \ / _ \| \ \ / / _ \ '__/ __|
           | |___| | | | |  __/ (_| | |   ___) | (_) | |\ V /  __/ |  \__ \
           |_____|_|_| |_|\___|\__,_|_|  |____/ \___/|_| \_/ \___|_|  |___/
Initializing KratosLinearSolversApplication...
Linear-Solver-Factory: Constructing a regular (non-complex) linear-solver 
::[MechanicalSolver]:: : Finished initialization. 
Analysis: Analysis -START-  
[WARNING] DEPRECATION-Warning; MechanicalSolver: Using "line_search", please move it to "solving_strategy_settings" as "type" 
::[MechanicalSolver]:: : Construction finished 
::[StaticMechanicalSolver]:: : Construction finished 
::[MechanicalSolver]:: : Variables ADDED 
[WARNING] Model: Trying to create a root modelpart with name Structure however a ModelPart with the same name already exists. 
Returning the already existent ModelPart.
SingleImportModelPart: Reading model part from file: "/tmp/coupon_hprom_ecm_907062/residual_ecm".mdpa
ModelPartIO:   [Reading Nodes    : 644 nodes read]
ModelPartIO:   [Reading Geometries : 135 geometries read] [Type: Triangle2D6]
ModelPartIO:   [Total Lines Read : 1582]
SingleImportModelPart: Finished reading model part from mdpa file.
::[PythonSolver]::: Reading model part. 
::[PythonSolver]::: Using already imported model part - no reading necessary. 
ModelPart: -Structure- model part
    Buffer Size : 1
    Number of tables : 0
    Number of sub model parts : 2
    Current solution step index : 0
    DOMAIN_SIZE : 2
    OSS_SWITCH : 0
    IS_RESTARTED : 0

    Number of Geometries  : 135
    Mesh 0 :
        Number of Nodes       : 644
        Number of Properties  : 1
        Number of Elements    : 135
        Number of Conditions  : 0
        Number of Constraints : 0

    -dirichlet- model part
        Number of tables : 0
        Number of sub model parts : 0

        Number of Geometries  : 0
        Mesh 0 :
            Number of Nodes       : 1
            Number of Properties  : 0
            Number of Elements    : 0
            Number of Conditions  : 0
            Number of Constraints : 0
    -material- model part
        Number of tables : 0
        Number of sub model parts : 0

        Number of Geometries  : 135
        Mesh 0 :
            Number of Nodes       : 644
            Number of Properties  : 0
            Number of Elements    : 135
            Number of Conditions  : 0
            Number of Constraints : 0
 
::[PythonSolver]:: : Finished reading model part. 
Read materials: Started
Read materials: Finished
::[MechanicalSolver]:: : Constitutive law was successfully imported. 
::[MechanicalSolver]::: ModelPart prepared for Solver. 
::[MechanicalSolver]:: : DOF's ADDED 
::[MechanicalSolver]:: : Initializing ... 
Linear-Solver-Factory: Constructing a regular (non-complex) linear-solver 
::[MechanicalSolver]:: : Finished initialization. 
Analysis: Analysis -START-  
[WARNING] DEPRECATION-Warning; MechanicalSolver: Using "line_search", please move it to "solving_strategy_settings" as "type" 
::[MechanicalSolver]:: : Construction finished 
::[StaticMechanicalSolver]:: : Construction finished 
::[MechanicalSolver]:: : Variables ADDED 
[WARNING] Model: Trying to create a root modelpart with name Structure however a ModelPart with the same name already exists. 
Returning the already existent ModelPart.
SingleImportModelPart: Reading model part from file: "/tmp/coupon_hprom_ecm_907062/stress_ecm".mdpa
ModelPartIO:   [Reading Nodes    : 377 nodes read]
ModelPartIO:   [Reading Geometries : 73 geometries read] [Type: Triangle2D6]
ModelPartIO:   [Total Lines Read : 924]
SingleImportModelPart: Finished reading model part from mdpa file.
::[PythonSolver]::: Reading model part. 
::[PythonSolver]::: Using already imported model part - no reading necessary. 
ModelPart: -Structure- model part
    Buffer Size : 1
    Number of tables : 0
    Number of sub model parts : 2
    Current solution step index : 0
    DOMAIN_SIZE : 2
    OSS_SWITCH : 0
    IS_RESTARTED : 0

    Number of Geometries  : 73
    Mesh 0 :
        Number of Nodes       : 377
        Number of Properties  : 1
        Number of Elements    : 73
        Number of Conditions  : 0
        Number of Constraints : 0

    -dirichlet- model part
        Number of tables : 0
        Number of sub model parts : 0

        Number of Geometries  : 0
        Mesh 0 :
            Number of Nodes       : 1
            Number of Properties  : 0
            Number of Elements    : 0
            Number of Conditions  : 0
            Number of Constraints : 0
    -material- model part
        Number of tables : 0
        Number of sub model parts : 0

        Number of Geometries  : 73
        Mesh 0 :
            Number of Nodes       : 377
            Number of Properties  : 0
            Number of Elements    : 73
            Number of Conditions me Structure however a ModelPart with the same name already exists. 
Returning the already existent ModelPart.
SingleImportModelPart: Reading model part from file: "/tmp/coupon_hprom_ecm_907060/residual_ecm".mdpa
ModelPartIO:   [Reading Nodes    : 644 nodes read]
ModelPartIO:   [Reading Geometries : 135 geometries read] [Type: Triangle2D6]
ModelPartIO:   [Total Lines Read : 1582]
SingleImportModelPart: Finished reading model part from mdpa file.
::[PythonSolver]::: Reading model part. 
::[PythonSolver]::: Using already imported model part - no reading necessary. 
ModelPart: -Structure- model part
    Buffer Size : 1
    Number of tables : 0
    Number of sub model parts : 2
    Current solution step index : 0
    DOMAIN_SIZE : 2
    OSS_SWITCH : 0
    IS_RESTARTED : 0

    Number of Geometries  : 135
    Mesh 0 :
        Number of Nodes       : 644
        Number of Properties  : 1
        Number of Elements    : 135
        Number of Conditions  : 0
        Number of Constraints : 0

    -dirichlet- model part
        Number of tables : 0
        Number of sub model parts : 0

        Number of Geometries  : 0
        Mesh 0 :
            Number of Nodes       : 1
            Number of Properties  : 0
            Number of Elements    : 0
            Number of Conditions  : 0
            Number of Constraints : 0
    -material- model part
        Number of tables : 0
        Number of sub model parts : 0

        Number of Geometries  : 135
        Mesh 0 :
            Number of Nodes       : 644
            Number of Properties  : 0
            Number of Elements    : 135
            Number of Conditions  : 0
            Number of Constraints : 0
 
::[PythonSolver]:: : Finished reading model part. 
Read materials: Started
Read materials: Finished
::[MechanicalSolver]:: : Constitutive law was successfully imported. 
::[MechanicalSolver]::: ModelPart prepared for Solver. 
::[MechanicalSolver]:: : DOF's ADDED 
::[MechanicalSolver]:: : Initializing ... 
Linear-Solver-Factory: Constructing a regular (non-complex) linear-solver 
::[MechanicalSolver]:: : Finished initialization. 
Analysis: Analysis -START-  
[WARNING] DEPRECATION-Warning; MechanicalSolver: Using "line_search", please move it to "solving_strategy_settings" as "type" 
::[MechanicalSolver]:: : Construction finished 
::[StaticMechanicalSolver]:: : Construction finished 
::[MechanicalSolver]:: : Variables ADDED 
[WARNING] Model: Trying to create a root modelpart with name Structure however a ModelPart with the same name already exists. 
Returning the already existent ModelPart.
SingleImportModelPart: Reading model part from file: "/tmp/coupon_hprom_ecm_907060/stress_ecm".mdpa
ModelPartIO:   [Reading Nodes    : 377 nodes read]
ModelPartIO:   [Reading Geometries : 73 geometries read] [Type: Triangle2D6]
ModelPartIO:   [Total Lines Read : 924]
SingleImportModelPart: Finished reading model part from mdpa file.
::[PythonSolver]::: Reading model part. 
::[PythonSolver]::: Using already imported model part - no reading necessary. 
ModelPart: -Structure- model part
    Buffer Size : 1
    Number of tables : 0
    Number of sub model parts : 2
    Current solution step index : 0
    DOMAIN_SIZE : 2
    OSS_SWITCH : 0
    IS_RESTARTED : 0

    Number of Geometries  : 73
    Mesh 0 :
        Number of Nodes       : 377
        Number of Properties  : 1
        Number of Elements    : 73
        Number of Conditions  : 0
        Number of Constraints : 0

    -dirichlet- model part
        Number of tables : 0
        Number of sub model parts : 0

        Number of Geometries  : 0
        Mesh 0 :
            Number of Nodes       : 1
            Number of Properties  : 0
            Number of Elements    : 0
            Number of Conditions  : 0
            Number of Constraints : 0
    -material- model part
        Number of tables : 0
        Number of sub model parts : 0

        Number of Geometries  : 73
        Mesh 0 :
            Number of Nodes       : 377
            Number of Properties  : 0
            Number of Elements    : 73
            Number of Conditions  |  /           |                  
 ' /   __| _` | __|  _ \   __|    
 . \  |   (   | |   (   |\__ \  
_|\_\_|  \__,_|\__|\___/ ____/
           Multi-Physics 10.3."0"-master-532e0dba7df-Release-x86_64
           Compiled for GNU/Linux and Python3.12 with GCC-13.3
Compiled with threading support. Threading support with OpenMP.
Maximum number of threads: 1.
Importing    KratosStructuralMechanicsApplication 
    KRATOS   ___|  |                   |                   |
           \___ \  __|  __| |   |  __| __| |   |  __| _` | |
                 | |   |    |   | (    |   |   | |   (   | |
           _____/ \__|_|   \__,_|\___|\__|\__,_|_|  \__,_|_| MECHANICS
Initializing KratosStructuralMechanicsApplication...
Importing    KratosConstitutiveLawsApplication 
Initializing KratosConstitutiveLawsApplication...
[WARNING] DEPRECATION-Warning; MechanicalSolver: Using "line_search", please move it to "solving_strategy_settings" as "type" 
::[MechanicalSolver]:: : Construction finished 
::[StaticMechanicalSolver]:: : Construction finished 
::[MechanicalSolver]:: : Variables ADDED 
[WARNING] Model: Trying to create a root modelpart with name Structure however a ModelPart with the same name already exists. 
Returning the already existent ModelPart.
SingleImportModelPart: Reading model part from file: "/home/sares/ML_assisted_CLs_clean/coupon_fe2_paper/03_data/rve_mesh".mdpa
ModelPartIO:   [Reading Nodes    : 3240 nodes read]
ModelPartIO:   [Reading Geometries : 1546 geometries read] [Type: Triangle2D6]
ModelPartIO:   [Total Lines Read : 9751]
SingleImportModelPart: Finished reading model part from mdpa file.
::[PythonSolver]::: Reading model part. 
::[PythonSolver]::: Using already imported model part - no reading necessary. 
ModelPart: -Structure- model part
    Buffer Size : 1
    Number of tables : 0
    Number of sub model parts : 2
    Current solution step index : 0
    DOMAIN_SIZE : 2
    OSS_SWITCH : 0
    IS_RESTARTED : 0

    Number of Geometries  : 1546
    Mesh 0 :
        Number of Nodes       : 3240
        Number of Properties  : 1
        Number of Elements    : 1546
        Number of Conditions  : 0
        Number of Constraints : 0

    -dirichlet- model part
        Number of tables : 0
        Number of sub model parts : 0

        Number of Geometries  : 0
        Mesh 0 :
            Number of Nodes       : 156
            Number of Properties  : 0
            Number of Elements    : 0
            Number of Conditions  : 0
            Number of Constraints : 0
    -material- model part
        Number of tables : 0
        Number of sub model parts : 0

        Number of Geometries  : 1546
        Mesh 0 :
            Number of Nodes       : 3240
            Number of Properties  : 0
            Number of Elements    : 1546
            Number of Conditions  : 0
            Number of Constraints : 0
 
::[PythonSolver]:: : Finished reading model part. 
Read materials: Started
Read materials: Finished
::[MechanicalSolver]:: : Constitutive law was successfully imported. 
::[MechanicalSolver]::: ModelPart prepared for Solver. 
::[MechanicalSolver]:: : DOF's ADDED 
::[MechanicalSolver]:: : Initializing ... 
Importing    LinearSolversApplication 
    Kratos  _     _                       ____        _
           | |   (_)_ __   ___  __ _ _ __/ ___|  ___ | |_   _____ _ __ ___
           | |   | | '_ \ / _ \/ _` | '__\___ \ / _ \| \ \ / / _ \ '__/ __|
           | |___| | | | |  __/ (_| | |   ___) | (_) | |\ V /  __/ |  \__ \
           |_____|_|_| |_|\___|\__,_|_|  |____/ \___/|_| \_/ \___|_|  |___/
Initializing KratosLinearSolversApplication...
Linear-Solver-Factory: Constructing a regular (non-complex) linear-solver 
::[MechanicalSolver]:: : Finished initialization. 
Analysis: Analysis -START-  
[WARNING] DEPRECATION-Warning; MechanicalSolver: Using "line_search", please move it to "solving_strategy_settings" as "type" 
::[MechanicalSolver]:: : Construction finished 
::[StaticMechanicalSolver]:: : Construction finished 
::[MechanicalSolver]:: : Variables ADDED 
[WARNING] Model: Trying to create a root modelpart with na |  /           |                  
 ' /   __| _` | __|  _ \   __|    
 . \  |   (   | |   (   |\__ \  
_|\_\_|  \__,_|\__|\___/ ____/
           Multi-Physics 10.3."0"-master-532e0dba7df-Release-x86_64
           Compiled for GNU/Linux and Python3.12 with GCC-13.3
Compiled with threading support. Threading support with OpenMP.
Maximum number of threads: 1.
Importing    KratosStructuralMechanicsApplication 
    KRATOS   ___|  |                   |                   |
           \___ \  __|  __| |   |  __| __| |   |  __| _` | |
                 | |   |    |   | (    |   |   | |   (   | |
           _____/ \__|_|   \__,_|\___|\__|\__,_|_|  \__,_|_| MECHANICS
Initializing KratosStructuralMechanicsApplication...
Importing    KratosConstitutiveLawsApplication 
Initializing KratosConstitutiveLawsApplication...
[WARNING] DEPRECATION-Warning; MechanicalSolver: Using "line_search", please move it to "solving_strategy_settings" as "type" 
::[MechanicalSolver]:: : Construction finished 
::[StaticMechanicalSolver]:: : Construction finished 
::[MechanicalSolver]:: : Variables ADDED 
[WARNING] Model: Trying to create a root modelpart with name Structure however a ModelPart with the same name already exists. 
Returning the already existent ModelPart.
SingleImportModelPart: Reading model part from file: "/home/sares/ML_assisted_CLs_clean/coupon_fe2_paper/03_data/rve_mesh".mdpa
ModelPartIO:   [Reading Nodes    : 3240 nodes read]
ModelPartIO:   [Reading Geometries : 1546 geometries read] [Type: Triangle2D6]
ModelPartIO:   [Total Lines Read : 9751]
SingleImportModelPart: Finished reading model part from mdpa file.
::[PythonSolver]::: Reading model part. 
::[PythonSolver]::: Using already imported model part - no reading necessary. 
ModelPart: -Structure- model part
    Buffer Size : 1
    Number of tables : 0
    Number of sub model parts : 2
    Current solution step index : 0
    DOMAIN_SIZE : 2
    OSS_SWITCH : 0
    IS_RESTARTED : 0

    Number of Geometries  : 1546
    Mesh 0 :
        Number of Nodes       : 3240
        Number of Properties  : 1
        Number of Elements    : 1546
        Number of Conditions  : 0
        Number of Constraints : 0

    -dirichlet- model part
        Number of tables : 0
        Number of sub model parts : 0

        Number of Geometries  : 0
        Mesh 0 :
            Number of Nodes       : 156
            Number of Properties  : 0
            Number of Elements    : 0
            Number of Conditions  : 0
            Number of Constraints : 0
    -material- model part
        Number of tables : 0
        Number of sub model parts : 0

        Number of Geometries  : 1546
        Mesh 0 :
            Number of Nodes       : 3240
            Number of Properties  : 0
            Number of Elements    : 1546
            Number of Conditions  : 0
            Number of Constraints : 0
 
::[PythonSolver]:: : Finished reading model part. 
Read materials: Started
Read materials: Finished
::[MechanicalSolver]:: : Constitutive law was successfully imported. 
::[MechanicalSolver]::: ModelPart prepared for Solver. 
::[MechanicalSolver]:: : DOF's ADDED 
::[MechanicalSolver]:: : Initializing ... 
Importing    LinearSolversApplication 
    Kratos  _     _                       ____        _
           | |   (_)_ __   ___  __ _ _ __/ ___|  ___ | |_   _____ _ __ ___
           | |   | | '_ \ / _ \/ _` | '__\___ \ / _ \| \ \ / / _ \ '__/ __|
           | |___| | | | |  __/ (_| | |   ___) | (_) | |\ V /  __/ |  \__ \
           |_____|_|_| |_|\___|\__,_|_|  |____/ \___/|_| \_/ \___|_|  |___/
Initializing KratosLinearSolversApplication...
Linear-Solver-Factory: Constructing a regular (non-complex) linear-solver 
::[MechanicalSolver]:: : Finished initialization. 
Analysis: Analysis -START-  
[WARNING] DEPRECATION-Warning; MechanicalSolver: Using "line_search", please move it to "solving_strategy_settings" as "type" 
::[MechanicalSolver]:: : Construction finished 
::[StaticMechanicalSolver]:: : Construction finished 
::[MechanicalSolver]:: : Variables ADDED 
[WARNING] Model: Trying to create a root modelpart with na |  /           |                  
 ' /   __| _` | __|  _ \   __|    
 . \  |   (   | |   (   |\__ \  
_|\_\_|  \__,_|\__|\___/ ____/
           Multi-Physics 10.3."0"-master-532e0dba7df-Release-x86_64
           Compiled for GNU/Linux and Python3.12 with GCC-13.3
Compiled with threading support. Threading support with OpenMP.
Maximum number of threads: 1.
Importing    KratosStructuralMechanicsApplication 
    KRATOS   ___|  |                   |                   |
           \___ \  __|  __| |   |  __| __| |   |  __| _` | |
                 | |   |    |   | (    |   |   | |   (   | |
           _____/ \__|_|   \__,_|\___|\__|\__,_|_|  \__,_|_| MECHANICS
Initializing KratosStructuralMechanicsApplication...
Importing    KratosConstitutiveLawsApplication 
Initializing KratosConstitutiveLawsApplication...
[WARNING] DEPRECATION-Warning; MechanicalSolver: Using "line_search", please move it to "solving_strategy_settings" as "type" 
::[MechanicalSolver]:: : Construction finished 
::[StaticMechanicalSolver]:: : Construction finished 
::[MechanicalSolver]:: : Variables ADDED 
[WARNING] Model: Trying to create a root modelpart with name Structure however a ModelPart with the same name already exists. 
Returning the already existent ModelPart.
SingleImportModelPart: Reading model part from file: "/home/sares/ML_assisted_CLs_clean/coupon_fe2_paper/03_data/rve_mesh".mdpa
ModelPartIO:   [Reading Nodes    : 3240 nodes read]
ModelPartIO:   [Reading Geometries : 1546 geometries read] [Type: Triangle2D6]
ModelPartIO:   [Total Lines Read : 9751]
SingleImportModelPart: Finished reading model part from mdpa file.
::[PythonSolver]::: Reading model part. 
::[PythonSolver]::: Using already imported model part - no reading necessary. 
ModelPart: -Structure- model part
    Buffer Size : 1
    Number of tables : 0
    Number of sub model parts : 2
    Current solution step index : 0
    DOMAIN_SIZE : 2
    OSS_SWITCH : 0
    IS_RESTARTED : 0

    Number of Geometries  : 1546
    Mesh 0 :
        Number of Nodes       : 3240
        Number of Properties  : 1
        Number of Elements    : 1546
        Number of Conditions  : 0
        Number of Constraints : 0

    -dirichlet- model part
        Number of tables : 0
        Number of sub model parts : 0

        Number of Geometries  : 0
        Mesh 0 :
            Number of Nodes       : 156
            Number of Properties  : 0
            Number of Elements    : 0
            Number of Conditions  : 0
            Number of Constraints : 0
    -material- model part
        Number of tables : 0
        Number of sub model parts : 0

        Number of Geometries  : 1546
        Mesh 0 :
            Number of Nodes       : 3240
            Number of Properties  : 0
            Number of Elements    : 1546
            Number of Conditions  : 0
            Number of Constraints : 0
 
::[PythonSolver]:: : Finished reading model part. 
Read materials: Started
Read materials: Finished
::[MechanicalSolver]:: : Constitutive law was successfully imported. 
::[MechanicalSolver]::: ModelPart prepared for Solver. 
::[MechanicalSolver]:: : DOF's ADDED 
::[MechanicalSolver]:: : Initializing ... 
Importing    LinearSolversApplication 
    Kratos  _     _                       ____        _
           | |   (_)_ __   ___  __ _ _ __/ ___|  ___ | |_   _____ _ __ ___
           | |   | | '_ \ / _ \/ _` | '__\___ \ / _ \| \ \ / / _ \ '__/ __|
           | |___| | | | |  __/ (_| | |   ___) | (_) | |\ V /  __/ |  \__ \
           |_____|_|_| |_|\___|\__,_|_|  |____/ \___/|_| \_/ \___|_|  |___/
Initializing KratosLinearSolversApplication...
Linear-Solver-Factory: Constructing a regular (non-complex) linear-solver 
::[MechanicalSolver]:: : Finished initialization. 
Analysis: Analysis -START-  
[WARNING] DEPRECATION-Warning; MechanicalSolver: Using "line_search", please move it to "solving_strategy_settings" as "type" 
::[MechanicalSolver]:: : Construction finished 
::[StaticMechanicalSolver]:: : Construction finished 
::[MechanicalSolver]:: : Variables ADDED 
[WARNING] Model: Trying to create a root modelpart with na |  /           |                  
 ' /   __| _` | __|  _ \   __|    
 . \  |   (   | |   (   |\__ \  
_|\_\_|  \__,_|\__|\___/ ____/
           Multi-Physics 10.3."0"-master-532e0dba7df-Release-x86_64
           Compiled for GNU/Linux and Python3.12 with GCC-13.3
Compiled with threading support. Threading support with OpenMP.
Maximum number of threads: 1.
Importing    KratosStructuralMechanicsApplication 
    KRATOS   ___|  |                   |                   |
           \___ \  __|  __| |   |  __| __| |   |  __| _` | |
                 | |   |    |   | (    |   |   | |   (   | |
           _____/ \__|_|   \__,_|\___|\__|\__,_|_|  \__,_|_| MECHANICS
Initializing KratosStructuralMechanicsApplication...
Importing    KratosConstitutiveLawsApplication 
Initializing KratosConstitutiveLawsApplication...
[WARNING] DEPRECATION-Warning; MechanicalSolver: Using "line_search", please move it to "solving_strategy_settings" as "type" 
::[MechanicalSolver]:: : Construction finished 
::[StaticMechanicalSolver]:: : Construction finished 
::[MechanicalSolver]:: : Variables ADDED 
[WARNING] Model: Trying to create a root modelpart with name Structure however a ModelPart with the same name already exists. 
Returning the already existent ModelPart.
SingleImportModelPart: Reading model part from file: "/home/sares/ML_assisted_CLs_clean/coupon_fe2_paper/03_data/rve_mesh".mdpa
ModelPartIO:   [Reading Nodes    : 3240 nodes read]
ModelPartIO:   [Reading Geometries : 1546 geometries read] [Type: Triangle2D6]
ModelPartIO:   [Total Lines Read : 9751]
SingleImportModelPart: Finished reading model part from mdpa file.
::[PythonSolver]::: Reading model part. 
::[PythonSolver]::: Using already imported model part - no reading necessary. 
ModelPart: -Structure- model part
    Buffer Size : 1
    Number of tables : 0
    Number of sub model parts : 2
    Current solution step index : 0
    DOMAIN_SIZE : 2
    OSS_SWITCH : 0
    IS_RESTARTED : 0

    Number of Geometries  : 1546
    Mesh 0 :
        Number of Nodes       : 3240
        Number of Properties  : 1
        Number of Elements    : 1546
        Number of Conditions  : 0
        Number of Constraints : 0

    -dirichlet- model part
        Number of tables : 0
        Number of sub model parts : 0

        Number of Geometries  : 0
        Mesh 0 :
            Number of Nodes       : 156
            Number of Properties  : 0
            Number of Elements    : 0
            Number of Conditions  : 0
            Number of Constraints : 0
    -material- model part
        Number of tables : 0
        Number of sub model parts : 0

        Number of Geometries  : 1546
        Mesh 0 :
            Number of Nodes       : 3240
            Number of Properties  : 0
            Number of Elements    : 1546
            Number of Conditions  : 0
            Number of Constraints : 0
 
::[PythonSolver]:: : Finished reading model part. 
Read materials: Started
Read materials: Finished
::[MechanicalSolver]:: : Constitutive law was successfully imported. 
::[MechanicalSolver]::: ModelPart prepared for Solver. 
::[MechanicalSolver]:: : DOF's ADDED 
::[MechanicalSolver]:: : Initializing ... 
Importing    LinearSolversApplication 
    Kratos  _     _                       ____        _
           | |   (_)_ __   ___  __ _ _ __/ ___|  ___ | |_   _____ _ __ ___
           | |   | | '_ \ / _ \/ _` | '__\___ \ / _ \| \ \ / / _ \ '__/ __|
           | |___| | | | |  __/ (_| | |   ___) | (_) | |\ V /  __/ |  \__ \
           |_____|_|_| |_|\___|\__,_|_|  |____/ \___/|_| \_/ \___|_|  |___/
Initializing KratosLinearSolversApplication...
Linear-Solver-Factory: Constructing a regular (non-complex) linear-solver 
::[MechanicalSolver]:: : Finished initialization. 
Analysis: Analysis -START-  
[WARNING] DEPRECATION-Warning; MechanicalSolver: Using "line_search", please move it to "solving_strategy_settings" as "type" 
::[MechanicalSolver]:: : Construction finished 
::[StaticMechanicalSolver]:: : Construction finished 
::[MechanicalSolver]:: : Variables ADDED 
[WARNING] Model: Trying to create a root modelpart with na |  /           |                  
 ' /   __| _` | __|  _ \   __|    
 . \  |   (   | |   (   |\__ \  
_|\_\_|  \__,_|\__|\___/ ____/
           Multi-Physics 10.3."0"-master-532e0dba7df-Release-x86_64
           Compiled for GNU/Linux and Python3.12 with GCC-13.3
Compiled with threading support. Threading support with OpenMP.
Maximum number of threads: 1.
Importing    KratosStructuralMechanicsApplication 
    KRATOS   ___|  |                   |                   |
           \___ \  __|  __| |   |  __| __| |   |  __| _` | |
                 | |   |    |   | (    |   |   | |   (   | |
           _____/ \__|_|   \__,_|\___|\__|\__,_|_|  \__,_|_| MECHANICS
Initializing KratosStructuralMechanicsApplication...
Importing    KratosConstitutiveLawsApplication 
Initializing KratosConstitutiveLawsApplication...
[WARNING] DEPRECATION-Warning; MechanicalSolver: Using "line_search", please move it to "solving_strategy_settings" as "type" 
::[MechanicalSolver]:: : Construction finished 
::[StaticMechanicalSolver]:: : Construction finished 
::[MechanicalSolver]:: : Variables ADDED 
[WARNING] Model: Trying to create a root modelpart with name Structure however a ModelPart with the same name already exists. 
Returning the already existent ModelPart.
SingleImportModelPart: Reading model part from file: "/home/sares/ML_assisted_CLs_clean/coupon_fe2_paper/03_data/rve_mesh".mdpa
ModelPartIO:   [Reading Nodes    : 3240 nodes read]
ModelPartIO:   [Reading Geometries : 1546 geometries read] [Type: Triangle2D6]
ModelPartIO:   [Total Lines Read : 9751]
SingleImportModelPart: Finished reading model part from mdpa file.
::[PythonSolver]::: Reading model part. 
::[PythonSolver]::: Using already imported model part - no reading necessary. 
ModelPart: -Structure- model part
    Buffer Size : 1
    Number of tables : 0
    Number of sub model parts : 2
    Current solution step index : 0
    DOMAIN_SIZE : 2
    OSS_SWITCH : 0
    IS_RESTARTED : 0

    Number of Geometries  : 1546
    Mesh 0 :
        Number of Nodes       : 3240
        Number of Properties  : 1
        Number of Elements    : 1546
        Number of Conditions  : 0
        Number of Constraints : 0

    -dirichlet- model part
        Number of tables : 0
        Number of sub model parts : 0

        Number of Geometries  : 0
        Mesh 0 :
            Number of Nodes       : 156
            Number of Properties  : 0
            Number of Elements    : 0
            Number of Conditions  : 0
            Number of Constraints : 0
    -material- model part
        Number of tables : 0
        Number of sub model parts : 0

        Number of Geometries  : 1546
        Mesh 0 :
            Number of Nodes       : 3240
            Number of Properties  : 0
            Number of Elements    : 1546
            Number of Conditions  : 0
            Number of Constraints : 0
 
::[PythonSolver]:: : Finished reading model part. 
Read materials: Started
Read materials: Finished
::[MechanicalSolver]:: : Constitutive law was successfully imported. 
::[MechanicalSolver]::: ModelPart prepared for Solver. 
::[MechanicalSolver]:: : DOF's ADDED 
::[MechanicalSolver]:: : Initializing ... 
Importing    LinearSolversApplication 
    Kratos  _     _                       ____        _
           | |   (_)_ __   ___  __ _ _ __/ ___|  ___ | |_   _____ _ __ ___
           | |   | | '_ \ / _ \/ _` | '__\___ \ / _ \| \ \ / / _ \ '__/ __|
           | |___| | | | |  __/ (_| | |   ___) | (_) | |\ V /  __/ |  \__ \
           |_____|_|_| |_|\___|\__,_|_|  |____/ \___/|_| \_/ \___|_|  |___/
Initializing KratosLinearSolversApplication...
Linear-Solver-Factory: Constructing a regular (non-complex) linear-solver 
::[MechanicalSolver]:: : Finished initialization. 
Analysis: Analysis -START-  
[WARNING] DEPRECATION-Warning; MechanicalSolver: Using "line_search", please move it to "solving_strategy_settings" as "type" 
::[MechanicalSolver]:: : Construction finished 
::[StaticMechanicalSolver]:: : Construction finished 
::[MechanicalSolver]:: : Variables ADDED 
[WARNING] Model: Trying to create a root modelpart with na |  /           |                  
 ' /   __| _` | __|  _ \   __|    
 . \  |   (   | |   (   |\__ \  
_|\_\_|  \__,_|\__|\___/ ____/
           Multi-Physics 10.3."0"-master-532e0dba7df-Release-x86_64
           Compiled for GNU/Linux and Python3.12 with GCC-13.3
Compiled with threading support. Threading support with OpenMP.
Maximum number of threads: 1.
Importing    KratosStructuralMechanicsApplication 
    KRATOS   ___|  |                   |                   |
           \___ \  __|  __| |   |  __| __| |   |  __| _` | |
                 | |   |    |   | (    |   |   | |   (   | |
           _____/ \__|_|   \__,_|\___|\__|\__,_|_|  \__,_|_| MECHANICS
Initializing KratosStructuralMechanicsApplication...
Importing    KratosConstitutiveLawsApplication 
Initializing KratosConstitutiveLawsApplication...
[WARNING] DEPRECATION-Warning; MechanicalSolver: Using "line_search", please move it to "solving_strategy_settings" as "type" 
::[MechanicalSolver]:: : Construction finished 
::[StaticMechanicalSolver]:: : Construction finished 
::[MechanicalSolver]:: : Variables ADDED 
[WARNING] Model: Trying to create a root modelpart with name Structure however a ModelPart with the same name already exists. 
Returning the already existent ModelPart.
SingleImportModelPart: Reading model part from file: "/home/sares/ML_assisted_CLs_clean/coupon_fe2_paper/03_data/rve_mesh".mdpa
ModelPartIO:   [Reading Nodes    : 3240 nodes read]
ModelPartIO:   [Reading Geometries : 1546 geometries read] [Type: Triangle2D6]
ModelPartIO:   [Total Lines Read : 9751]
SingleImportModelPart: Finished reading model part from mdpa file.
::[PythonSolver]::: Reading model part. 
::[PythonSolver]::: Using already imported model part - no reading necessary. 
ModelPart: -Structure- model part
    Buffer Size : 1
    Number of tables : 0
    Number of sub model parts : 2
    Current solution step index : 0
    DOMAIN_SIZE : 2
    OSS_SWITCH : 0
    IS_RESTARTED : 0

    Number of Geometries  : 1546
    Mesh 0 :
        Number of Nodes       : 3240
        Number of Properties  : 1
        Number of Elements    : 1546
        Number of Conditions  : 0
        Number of Constraints : 0

    -dirichlet- model part
        Number of tables : 0
        Number of sub model parts : 0

        Number of Geometries  : 0
        Mesh 0 :
            Number of Nodes       : 156
            Number of Properties  : 0
            Number of Elements    : 0
            Number of Conditions  : 0
            Number of Constraints : 0
    -material- model part
        Number of tables : 0
        Number of sub model parts : 0

        Number of Geometries  : 1546
        Mesh 0 :
            Number of Nodes       : 3240
            Number of Properties  : 0
            Number of Elements    : 1546
            Number of Conditions  : 0
            Number of Constraints : 0
 
::[PythonSolver]:: : Finished reading model part. 
Read materials: Started
Read materials: Finished
::[MechanicalSolver]:: : Constitutive law was successfully imported. 
::[MechanicalSolver]::: ModelPart prepared for Solver. 
::[MechanicalSolver]:: : DOF's ADDED 
::[MechanicalSolver]:: : Initializing ... 
Importing    LinearSolversApplication 
    Kratos  _     _                       ____        _
           | |   (_)_ __   ___  __ _ _ __/ ___|  ___ | |_   _____ _ __ ___
           | |   | | '_ \ / _ \/ _` | '__\___ \ / _ \| \ \ / / _ \ '__/ __|
           | |___| | | | |  __/ (_| | |   ___) | (_) | |\ V /  __/ |  \__ \
           |_____|_|_| |_|\___|\__,_|_|  |____/ \___/|_| \_/ \___|_|  |___/
Initializing KratosLinearSolversApplication...
Linear-Solver-Factory: Constructing a regular (non-complex) linear-solver 
::[MechanicalSolver]:: : Finished initialization. 
Analysis: Analysis -START-  
[WARNING] DEPRECATION-Warning; MechanicalSolver: Using "line_search", please move it to "solving_strategy_settings" as "type" 
::[MechanicalSolver]:: : Construction finished 
::[StaticMechanicalSolver]:: : Construction finished 
::[MechanicalSolver]:: : Variables ADDED 
[WARNING] Model: Trying to create a root modelpart with name Structure however a ModelPart with the same name already exists. 
Returning the already existent ModelPart.
SingleImportModelPart: Reading model part from file: "/tmp/coupon_hprom_ecm_907068/residual_ecm".mdpa
ModelPartIO:   [Reading Nodes    : 644 nodes read]
ModelPartIO:   [Reading Geometries : 135 geometries read] [Type: Triangle2D6]
ModelPartIO:   [Total Lines Read : 1582]
SingleImportModelPart: Finished reading model part from mdpa file.
::[PythonSolver]::: Reading model part. 
::[PythonSolver]::: Using already imported model part - no reading necessary. 
ModelPart: -Structure- model part
    Buffer Size : 1
    Number of tables : 0
    Number of sub model parts : 2
    Current solution step index : 0
    DOMAIN_SIZE : 2
    OSS_SWITCH : 0
    IS_RESTARTED : 0

    Number of Geometries  : 135
    Mesh 0 :
        Number of Nodes       : 644
        Number of Properties  : 1
        Number of Elements    : 135
        Number of Conditions  : 0
        Number of Constraints : 0

    -dirichlet- model part
        Number of tables : 0
        Number of sub model parts : 0

        Number of Geometries  : 0
        Mesh 0 :
            Number of Nodes       : 1
            Number of Properties  : 0
            Number of Elements    : 0
            Number of Conditions  : 0
            Number of Constraints : 0
    -material- model part
        Number of tables : 0
        Number of sub model parts : 0

        Number of Geometries  : 135
        Mesh 0 :
            Number of Nodes       : 644
            Number of Properties  : 0
            Number of Elements    : 135
            Number of Conditions  : 0
            Number of Constraints : 0
 
::[PythonSolver]:: : Finished reading model part. 
Read materials: Started
Read materials: Finished
::[MechanicalSolver]:: : Constitutive law was successfully imported. 
::[MechanicalSolver]::: ModelPart prepared for Solver. 
::[MechanicalSolver]:: : DOF's ADDED 
::[MechanicalSolver]:: : Initializing ... 
Linear-Solver-Factory: Constructing a regular (non-complex) linear-solver 
::[MechanicalSolver]:: : Finished initialization. 
Analysis: Analysis -START-  
[WARNING] DEPRECATION-Warning; MechanicalSolver: Using "line_search", please move it to "solving_strategy_settings" as "type" 
::[MechanicalSolver]:: : Construction finished 
::[StaticMechanicalSolver]:: : Construction finished 
::[MechanicalSolver]:: : Variables ADDED 
[WARNING] Model: Trying to create a root modelpart with name Structure however a ModelPart with the same name already exists. 
Returning the already existent ModelPart.
SingleImportModelPart: Reading model part from file: "/tmp/coupon_hprom_ecm_907068/stress_ecm".mdpa
ModelPartIO:   [Reading Nodes    : 377 nodes read]
ModelPartIO:   [Reading Geometries : 73 geometries read] [Type: Triangle2D6]
ModelPartIO:   [Total Lines Read : 924]
SingleImportModelPart: Finished reading model part from mdpa file.
::[PythonSolver]::: Reading model part. 
::[PythonSolver]::: Using already imported model part - no reading necessary. 
ModelPart: -Structure- model part
    Buffer Size : 1
    Number of tables : 0
    Number of sub model parts : 2
    Current solution step index : 0
    DOMAIN_SIZE : 2
    OSS_SWITCH : 0
    IS_RESTARTED : 0

    Number of Geometries  : 73
    Mesh 0 :
        Number of Nodes       : 377
        Number of Properties  : 1
        Number of Elements    : 73
        Number of Conditions  : 0
        Number of Constraints : 0

    -dirichlet- model part
        Number of tables : 0
        Number of sub model parts : 0

        Number of Geometries  : 0
        Mesh 0 :
            Number of Nodes       : 1
            Number of Properties  : 0
            Number of Elements    : 0
            Number of Conditions  : 0
            Number of Constraints : 0
    -material- model part
        Number of tables : 0
        Number of sub model parts : 0

        Number of Geometries  : 73
        Mesh 0 :
            Number of Nodes       : 377
            Number of Properties  : 0
            Number of Elements    : 73
            Number of Conditions  |  /           |                  
 ' /   __| _` | __|  _ \   __|    
 . \  |   (   | |   (   |\__ \  
_|\_\_|  \__,_|\__|\___/ ____/
           Multi-Physics 10.3."0"-master-532e0dba7df-Release-x86_64
           Compiled for GNU/Linux and Python3.12 with GCC-13.3
Compiled with threading support. Threading support with OpenMP.
Maximum number of threads: 1.
Importing    KratosStructuralMechanicsApplication 
    KRATOS   ___|  |                   |                   |
           \___ \  __|  __| |   |  __| __| |   |  __| _` | |
                 | |   |    |   | (    |   |   | |   (   | |
           _____/ \__|_|   \__,_|\___|\__|\__,_|_|  \__,_|_| MECHANICS
Initializing KratosStructuralMechanicsApplication...
Importing    KratosConstitutiveLawsApplication 
Initializing KratosConstitutiveLawsApplication...
[WARNING] DEPRECATION-Warning; MechanicalSolver: Using "line_search", please move it to "solving_strategy_settings" as "type" 
::[MechanicalSolver]:: : Construction finished 
::[StaticMechanicalSolver]:: : Construction finished 
::[MechanicalSolver]:: : Variables ADDED 
[WARNING] Model: Trying to create a root modelpart with name Structure however a ModelPart with the same name already exists. 
Returning the already existent ModelPart.
SingleImportModelPart: Reading model part from file: "/home/sares/ML_assisted_CLs_clean/coupon_fe2_paper/03_data/rve_mesh".mdpa
ModelPartIO:   [Reading Nodes    : 3240 nodes read]
ModelPartIO:   [Reading Geometries : 1546 geometries read] [Type: Triangle2D6]
ModelPartIO:   [Total Lines Read : 9751]
SingleImportModelPart: Finished reading model part from mdpa file.
::[PythonSolver]::: Reading model part. 
::[PythonSolver]::: Using already imported model part - no reading necessary. 
ModelPart: -Structure- model part
    Buffer Size : 1
    Number of tables : 0
    Number of sub model parts : 2
    Current solution step index : 0
    DOMAIN_SIZE : 2
    OSS_SWITCH : 0
    IS_RESTARTED : 0

    Number of Geometries  : 1546
    Mesh 0 :
        Number of Nodes       : 3240
        Number of Properties  : 1
        Number of Elements    : 1546
        Number of Conditions  : 0
        Number of Constraints : 0

    -dirichlet- model part
        Number of tables : 0
        Number of sub model parts : 0

        Number of Geometries  : 0
        Mesh 0 :
            Number of Nodes       : 156
            Number of Properties  : 0
            Number of Elements    : 0
            Number of Conditions  : 0
            Number of Constraints : 0
    -material- model part
        Number of tables : 0
        Number of sub model parts : 0

        Number of Geometries  : 1546
        Mesh 0 :
            Number of Nodes       : 3240
            Number of Properties  : 0
            Number of Elements    : 1546
            Number of Conditions  : 0
            Number of Constraints : 0
 
::[PythonSolver]:: : Finished reading model part. 
Read materials: Started
Read materials: Finished
::[MechanicalSolver]:: : Constitutive law was successfully imported. 
::[MechanicalSolver]::: ModelPart prepared for Solver. 
::[MechanicalSolver]:: : DOF's ADDED 
::[MechanicalSolver]:: : Initializing ... 
Importing    LinearSolversApplication 
    Kratos  _     _                       ____        _
           | |   (_)_ __   ___  __ _ _ __/ ___|  ___ | |_   _____ _ __ ___
           | |   | | '_ \ / _ \/ _` | '__\___ \ / _ \| \ \ / / _ \ '__/ __|
           | |___| | | | |  __/ (_| | |   ___) | (_) | |\ V /  __/ |  \__ \
           |_____|_|_| |_|\___|\__,_|_|  |____/ \___/|_| \_/ \___|_|  |___/
Initializing KratosLinearSolversApplication...
Linear-Solver-Factory: Constructing a regular (non-complex) linear-solver 
::[MechanicalSolver]:: : Finished initialization. 
Analysis: Analysis -START-  
[WARNING] DEPRECATION-Warning; MechanicalSolver: Using "line_search", please move it to "solving_strategy_settings" as "type" 
::[MechanicalSolver]:: : Construction finished 
::[StaticMechanicalSolver]:: : Construction finished 
::[MechanicalSolver]:: : Variables ADDED 
[WARNING] Model: Trying to create a root modelpart with name Structure however a ModelPart with the same name already exists. 
Returning the already existent ModelPart.
SingleImportModelPart: Reading model part from file: "/tmp/coupon_hprom_ecm_907070/residual_ecm".mdpa
ModelPartIO:   [Reading Nodes    : 644 nodes read]
ModelPartIO:   [Reading Geometries : 135 geometries read] [Type: Triangle2D6]
ModelPartIO:   [Total Lines Read : 1582]
SingleImportModelPart: Finished reading model part from mdpa file.
::[PythonSolver]::: Reading model part. 
::[PythonSolver]::: Using already imported model part - no reading necessary. 
ModelPart: -Structure- model part
    Buffer Size : 1
    Number of tables : 0
    Number of sub model parts : 2
    Current solution step index : 0
    DOMAIN_SIZE : 2
    OSS_SWITCH : 0
    IS_RESTARTED : 0

    Number of Geometries  : 135
    Mesh 0 :
        Number of Nodes       : 644
        Number of Properties  : 1
        Number of Elements    : 135
        Number of Conditions  : 0
        Number of Constraints : 0

    -dirichlet- model part
        Number of tables : 0
        Number of sub model parts : 0

        Number of Geometries  : 0
        Mesh 0 :
            Number of Nodes       : 1
            Number of Properties  : 0
            Number of Elements    : 0
            Number of Conditions  : 0
            Number of Constraints : 0
    -material- model part
        Number of tables : 0
        Number of sub model parts : 0

        Number of Geometries  : 135
        Mesh 0 :
            Number of Nodes       : 644
            Number of Properties  : 0
            Number of Elements    : 135
            Number of Conditions  : 0
            Number of Constraints : 0
 
::[PythonSolver]:: : Finished reading model part. 
Read materials: Started
Read materials: Finished
::[MechanicalSolver]:: : Constitutive law was successfully imported. 
::[MechanicalSolver]::: ModelPart prepared for Solver. 
::[MechanicalSolver]:: : DOF's ADDED 
::[MechanicalSolver]:: : Initializing ... 
Linear-Solver-Factory: Constructing a regular (non-complex) linear-solver 
::[MechanicalSolver]:: : Finished initialization. 
Analysis: Analysis -START-  
[WARNING] DEPRECATION-Warning; MechanicalSolver: Using "line_search", please move it to "solving_strategy_settings" as "type" 
::[MechanicalSolver]:: : Construction finished 
::[StaticMechanicalSolver]:: : Construction finished 
::[MechanicalSolver]:: : Variables ADDED 
[WARNING] Model: Trying to create a root modelpart with name Structure however a ModelPart with the same name already exists. 
Returning the already existent ModelPart.
SingleImportModelPart: Reading model part from file: "/tmp/coupon_hprom_ecm_907070/stress_ecm".mdpa
ModelPartIO:   [Reading Nodes    : 377 nodes read]
ModelPartIO:   [Reading Geometries : 73 geometries read] [Type: Triangle2D6]
ModelPartIO:   [Total Lines Read : 924]
SingleImportModelPart: Finished reading model part from mdpa file.
::[PythonSolver]::: Reading model part. 
::[PythonSolver]::: Using already imported model part - no reading necessary. 
ModelPart: -Structure- model part
    Buffer Size : 1
    Number of tables : 0
    Number of sub model parts : 2
    Current solution step index : 0
    DOMAIN_SIZE : 2
    OSS_SWITCH : 0
    IS_RESTARTED : 0

    Number of Geometries  : 73
    Mesh 0 :
        Number of Nodes       : 377
        Number of Properties  : 1
        Number of Elements    : 73
        Number of Conditions  : 0
        Number of Constraints : 0

    -dirichlet- model part
        Number of tables : 0
        Number of sub model parts : 0

        Number of Geometries  : 0
        Mesh 0 :
            Number of Nodes       : 1
            Number of Properties  : 0
            Number of Elements    : 0
            Number of Conditions  : 0
            Number of Constraints : 0
    -material- model part
        Number of tables : 0
        Number of sub model parts : 0

        Number of Geometries  : 73
        Mesh 0 :
            Number of Nodes       : 377
            Number of Properties  : 0
            Number of Elements    : 73
            Number of Conditions me Structure however a ModelPart with the same name already exists. 
Returning the already existent ModelPart.
SingleImportModelPart: Reading model part from file: "/tmp/coupon_hprom_ecm_907064/residual_ecm".mdpa
ModelPartIO:   [Reading Nodes    : 644 nodes read]
ModelPartIO:   [Reading Geometries : 135 geometries read] [Type: Triangle2D6]
ModelPartIO:   [Total Lines Read : 1582]
SingleImportModelPart: Finished reading model part from mdpa file.
::[PythonSolver]::: Reading model part. 
::[PythonSolver]::: Using already imported model part - no reading necessary. 
ModelPart: -Structure- model part
    Buffer Size : 1
    Number of tables : 0
    Number of sub model parts : 2
    Current solution step index : 0
    DOMAIN_SIZE : 2
    OSS_SWITCH : 0
    IS_RESTARTED : 0

    Number of Geometries  : 135
    Mesh 0 :
        Number of Nodes       : 644
        Number of Properties  : 1
        Number of Elements    : 135
        Number of Conditions  : 0
        Number of Constraints : 0

    -dirichlet- model part
        Number of tables : 0
        Number of sub model parts : 0

        Number of Geometries  : 0
        Mesh 0 :
            Number of Nodes       : 1
            Number of Properties  : 0
            Number of Elements    : 0
            Number of Conditions  : 0
            Number of Constraints : 0
    -material- model part
        Number of tables : 0
        Number of sub model parts : 0

        Number of Geometries  : 135
        Mesh 0 :
            Number of Nodes       : 644
            Number of Properties  : 0
            Number of Elements    : 135
            Number of Conditions  : 0
            Number of Constraints : 0
 
::[PythonSolver]:: : Finished reading model part. 
Read materials: Started
Read materials: Finished
::[MechanicalSolver]:: : Constitutive law was successfully imported. 
::[MechanicalSolver]::: ModelPart prepared for Solver. 
::[MechanicalSolver]:: : DOF's ADDED 
::[MechanicalSolver]:: : Initializing ... 
Linear-Solver-Factory: Constructing a regular (non-complex) linear-solver 
::[MechanicalSolver]:: : Finished initialization. 
Analysis: Analysis -START-  
[WARNING] DEPRECATION-Warning; MechanicalSolver: Using "line_search", please move it to "solving_strategy_settings" as "type" 
::[MechanicalSolver]:: : Construction finished 
::[StaticMechanicalSolver]:: : Construction finished 
::[MechanicalSolver]:: : Variables ADDED 
[WARNING] Model: Trying to create a root modelpart with name Structure however a ModelPart with the same name already exists. 
Returning the already existent ModelPart.
SingleImportModelPart: Reading model part from file: "/tmp/coupon_hprom_ecm_907064/stress_ecm".mdpa
ModelPartIO:   [Reading Nodes    : 377 nodes read]
ModelPartIO:   [Reading Geometries : 73 geometries read] [Type: Triangle2D6]
ModelPartIO:   [Total Lines Read : 924]
SingleImportModelPart: Finished reading model part from mdpa file.
::[PythonSolver]::: Reading model part. 
::[PythonSolver]::: Using already imported model part - no reading necessary. 
ModelPart: -Structure- model part
    Buffer Size : 1
    Number of tables : 0
    Number of sub model parts : 2
    Current solution step index : 0
    DOMAIN_SIZE : 2
    OSS_SWITCH : 0
    IS_RESTARTED : 0

    Number of Geometries  : 73
    Mesh 0 :
        Number of Nodes       : 377
        Number of Properties  : 1
        Number of Elements    : 73
        Number of Conditions  : 0
        Number of Constraints : 0

    -dirichlet- model part
        Number of tables : 0
        Number of sub model parts : 0

        Number of Geometries  : 0
        Mesh 0 :
            Number of Nodes       : 1
            Number of Properties  : 0
            Number of Elements    : 0
            Number of Conditions  : 0
            Number of Constraints : 0
    -material- model part
        Number of tables : 0
        Number of sub model parts : 0

        Number of Geometries  : 73
        Mesh 0 :
            Number of Nodes       : 377
            Number of Properties  : 0
            Number of Elements    : 73
            Number of Conditions me Structure however a ModelPart with the same name already exists. 
Returning the already existent ModelPart.
SingleImportModelPart: Reading model part from file: "/tmp/coupon_hprom_ecm_907061/residual_ecm".mdpa
ModelPartIO:   [Reading Nodes    : 644 nodes read]
ModelPartIO:   [Reading Geometries : 135 geometries read] [Type: Triangle2D6]
ModelPartIO:   [Total Lines Read : 1582]
SingleImportModelPart: Finished reading model part from mdpa file.
::[PythonSolver]::: Reading model part. 
::[PythonSolver]::: Using already imported model part - no reading necessary. 
ModelPart: -Structure- model part
    Buffer Size : 1
    Number of tables : 0
    Number of sub model parts : 2
    Current solution step index : 0
    DOMAIN_SIZE : 2
    OSS_SWITCH : 0
    IS_RESTARTED : 0

    Number of Geometries  : 135
    Mesh 0 :
        Number of Nodes       : 644
        Number of Properties  : 1
        Number of Elements    : 135
        Number of Conditions  : 0
        Number of Constraints : 0

    -dirichlet- model part
        Number of tables : 0
        Number of sub model parts : 0

        Number of Geometries  : 0
        Mesh 0 :
            Number of Nodes       : 1
            Number of Properties  : 0
            Number of Elements    : 0
            Number of Conditions  : 0
            Number of Constraints : 0
    -material- model part
        Number of tables : 0
        Number of sub model parts : 0

        Number of Geometries  : 135
        Mesh 0 :
            Number of Nodes       : 644
            Number of Properties  : 0
            Number of Elements    : 135
            Number of Conditions  : 0
            Number of Constraints : 0
 
::[PythonSolver]:: : Finished reading model part. 
Read materials: Started
Read materials: Finished
::[MechanicalSolver]:: : Constitutive law was successfully imported. 
::[MechanicalSolver]::: ModelPart prepared for Solver. 
::[MechanicalSolver]:: : DOF's ADDED 
::[MechanicalSolver]:: : Initializing ... 
Linear-Solver-Factory: Constructing a regular (non-complex) linear-solver 
::[MechanicalSolver]:: : Finished initialization. 
Analysis: Analysis -START-  
[WARNING] DEPRECATION-Warning; MechanicalSolver: Using "line_search", please move it to "solving_strategy_settings" as "type" 
::[MechanicalSolver]:: : Construction finished 
::[StaticMechanicalSolver]:: : Construction finished 
::[MechanicalSolver]:: : Variables ADDED 
[WARNING] Model: Trying to create a root modelpart with name Structure however a ModelPart with the same name already exists. 
Returning the already existent ModelPart.
SingleImportModelPart: Reading model part from file: "/tmp/coupon_hprom_ecm_907061/stress_ecm".mdpa
ModelPartIO:   [Reading Nodes    : 377 nodes read]
ModelPartIO:   [Reading Geometries : 73 geometries read] [Type: Triangle2D6]
ModelPartIO:   [Total Lines Read : 924]
SingleImportModelPart: Finished reading model part from mdpa file.
::[PythonSolver]::: Reading model part. 
::[PythonSolver]::: Using already imported model part - no reading necessary. 
ModelPart: -Structure- model part
    Buffer Size : 1
    Number of tables : 0
    Number of sub model parts : 2
    Current solution step index : 0
    DOMAIN_SIZE : 2
    OSS_SWITCH : 0
    IS_RESTARTED : 0

    Number of Geometries  : 73
    Mesh 0 :
        Number of Nodes       : 377
        Number of Properties  : 1
        Number of Elements    : 73
        Number of Conditions  : 0
        Number of Constraints : 0

    -dirichlet- model part
        Number of tables : 0
        Number of sub model parts : 0

        Number of Geometries  : 0
        Mesh 0 :
            Number of Nodes       : 1
            Number of Properties  : 0
            Number of Elements    : 0
            Number of Conditions  : 0
            Number of Constraints : 0
    -material- model part
        Number of tables : 0
        Number of sub model parts : 0

        Number of Geometries  : 73
        Mesh 0 :
            Number of Nodes       : 377
            Number of Properties  : 0
            Number of Elements    : 73
            Number of Conditions me Structure however a ModelPart with the same name already exists. 
Returning the already existent ModelPart.
SingleImportModelPart: Reading model part from file: "/tmp/coupon_hprom_ecm_907065/residual_ecm".mdpa
ModelPartIO:   [Reading Nodes    : 644 nodes read]
ModelPartIO:   [Reading Geometries : 135 geometries read] [Type: Triangle2D6]
ModelPartIO:   [Total Lines Read : 1582]
SingleImportModelPart: Finished reading model part from mdpa file.
::[PythonSolver]::: Reading model part. 
::[PythonSolver]::: Using already imported model part - no reading necessary. 
ModelPart: -Structure- model part
    Buffer Size : 1
    Number of tables : 0
    Number of sub model parts : 2
    Current solution step index : 0
    DOMAIN_SIZE : 2
    OSS_SWITCH : 0
    IS_RESTARTED : 0

    Number of Geometries  : 135
    Mesh 0 :
        Number of Nodes       : 644
        Number of Properties  : 1
        Number of Elements    : 135
        Number of Conditions  : 0
        Number of Constraints : 0

    -dirichlet- model part
        Number of tables : 0
        Number of sub model parts : 0

        Number of Geometries  : 0
        Mesh 0 :
            Number of Nodes       : 1
            Number of Properties  : 0
            Number of Elements    : 0
            Number of Conditions  : 0
            Number of Constraints : 0
    -material- model part
        Number of tables : 0
        Number of sub model parts : 0

        Number of Geometries  : 135
        Mesh 0 :
            Number of Nodes       : 644
            Number of Properties  : 0
            Number of Elements    : 135
            Number of Conditions  : 0
            Number of Constraints : 0
 
::[PythonSolver]:: : Finished reading model part. 
Read materials: Started
Read materials: Finished
::[MechanicalSolver]:: : Constitutive law was successfully imported. 
::[MechanicalSolver]::: ModelPart prepared for Solver. 
::[MechanicalSolver]:: : DOF's ADDED 
::[MechanicalSolver]:: : Initializing ... 
Linear-Solver-Factory: Constructing a regular (non-complex) linear-solver 
::[MechanicalSolver]:: : Finished initialization. 
Analysis: Analysis -START-  
[WARNING] DEPRECATION-Warning; MechanicalSolver: Using "line_search", please move it to "solving_strategy_settings" as "type" 
::[MechanicalSolver]:: : Construction finished 
::[StaticMechanicalSolver]:: : Construction finished 
::[MechanicalSolver]:: : Variables ADDED 
[WARNING] Model: Trying to create a root modelpart with name Structure however a ModelPart with the same name already exists. 
Returning the already existent ModelPart.
SingleImportModelPart: Reading model part from file: "/tmp/coupon_hprom_ecm_907065/stress_ecm".mdpa
ModelPartIO:   [Reading Nodes    : 377 nodes read]
ModelPartIO:   [Reading Geometries : 73 geometries read] [Type: Triangle2D6]
ModelPartIO:   [Total Lines Read : 924]
SingleImportModelPart: Finished reading model part from mdpa file.
::[PythonSolver]::: Reading model part. 
::[PythonSolver]::: Using already imported model part - no reading necessary. 
ModelPart: -Structure- model part
    Buffer Size : 1
    Number of tables : 0
    Number of sub model parts : 2
    Current solution step index : 0
    DOMAIN_SIZE : 2
    OSS_SWITCH : 0
    IS_RESTARTED : 0

    Number of Geometries  : 73
    Mesh 0 :
        Number of Nodes       : 377
        Number of Properties  : 1
        Number of Elements    : 73
        Number of Conditions  : 0
        Number of Constraints : 0

    -dirichlet- model part
        Number of tables : 0
        Number of sub model parts : 0

        Number of Geometries  : 0
        Mesh 0 :
            Number of Nodes       : 1
            Number of Properties  : 0
            Number of Elements    : 0
            Number of Conditions  : 0
            Number of Constraints : 0
    -material- model part
        Number of tables : 0
        Number of sub model parts : 0

        Number of Geometries  : 73
        Mesh 0 :
            Number of Nodes       : 377
            Number of Properties  : 0
            Number of Elements    : 73
            Number of Conditions me Structure however a ModelPart with the same name already exists. 
Returning the already existent ModelPart.
SingleImportModelPart: Reading model part from file: "/tmp/coupon_hprom_ecm_907063/residual_ecm".mdpa
ModelPartIO:   [Reading Nodes    : 644 nodes read]
ModelPartIO:   [Reading Geometries : 135 geometries read] [Type: Triangle2D6]
ModelPartIO:   [Total Lines Read : 1582]
SingleImportModelPart: Finished reading model part from mdpa file.
::[PythonSolver]::: Reading model part. 
::[PythonSolver]::: Using already imported model part - no reading necessary. 
ModelPart: -Structure- model part
    Buffer Size : 1
    Number of tables : 0
    Number of sub model parts : 2
    Current solution step index : 0
    DOMAIN_SIZE : 2
    OSS_SWITCH : 0
    IS_RESTARTED : 0

    Number of Geometries  : 135
    Mesh 0 :
        Number of Nodes       : 644
        Number of Properties  : 1
        Number of Elements    : 135
        Number of Conditions  : 0
        Number of Constraints : 0

    -dirichlet- model part
        Number of tables : 0
        Number of sub model parts : 0

        Number of Geometries  : 0
        Mesh 0 :
            Number of Nodes       : 1
            Number of Properties  : 0
            Number of Elements    : 0
            Number of Conditions  : 0
            Number of Constraints : 0
    -material- model part
        Number of tables : 0
        Number of sub model parts : 0

        Number of Geometries  : 135
        Mesh 0 :
            Number of Nodes       : 644
            Number of Properties  : 0
            Number of Elements    : 135
            Number of Conditions  : 0
            Number of Constraints : 0
 
::[PythonSolver]:: : Finished reading model part. 
Read materials: Started
Read materials: Finished
::[MechanicalSolver]:: : Constitutive law was successfully imported. 
::[MechanicalSolver]::: ModelPart prepared for Solver. 
::[MechanicalSolver]:: : DOF's ADDED 
::[MechanicalSolver]:: : Initializing ... 
Linear-Solver-Factory: Constructing a regular (non-complex) linear-solver 
::[MechanicalSolver]:: : Finished initialization. 
Analysis: Analysis -START-  
[WARNING] DEPRECATION-Warning; MechanicalSolver: Using "line_search", please move it to "solving_strategy_settings" as "type" 
::[MechanicalSolver]:: : Construction finished 
::[StaticMechanicalSolver]:: : Construction finished 
::[MechanicalSolver]:: : Variables ADDED 
[WARNING] Model: Trying to create a root modelpart with name Structure however a ModelPart with the same name already exists. 
Returning the already existent ModelPart.
SingleImportModelPart: Reading model part from file: "/tmp/coupon_hprom_ecm_907063/stress_ecm".mdpa
ModelPartIO:   [Reading Nodes    : 377 nodes read]
ModelPartIO:   [Reading Geometries : 73 geometries read] [Type: Triangle2D6]
ModelPartIO:   [Total Lines Read : 924]
SingleImportModelPart: Finished reading model part from mdpa file.
::[PythonSolver]::: Reading model part. 
::[PythonSolver]::: Using already imported model part - no reading necessary. 
ModelPart: -Structure- model part
    Buffer Size : 1
    Number of tables : 0
    Number of sub model parts : 2
    Current solution step index : 0
    DOMAIN_SIZE : 2
    OSS_SWITCH : 0
    IS_RESTARTED : 0

    Number of Geometries  : 73
    Mesh 0 :
        Number of Nodes       : 377
        Number of Properties  : 1
        Number of Elements    : 73
        Number of Conditions  : 0
        Number of Constraints : 0

    -dirichlet- model part
        Number of tables : 0
        Number of sub model parts : 0

        Number of Geometries  : 0
        Mesh 0 :
            Number of Nodes       : 1
            Number of Properties  : 0
            Number of Elements    : 0
            Number of Conditions  : 0
            Number of Constraints : 0
    -material- model part
        Number of tables : 0
        Number of sub model parts : 0

        Number of Geometries  : 73
        Mesh 0 :
            Number of Nodes       : 377
            Number of Properties  : 0
            Number of Elements    : 73
            Number of Conditions me Structure however a ModelPart with the same name already exists. 
Returning the already existent ModelPart.
SingleImportModelPart: Reading model part from file: "/tmp/coupon_hprom_ecm_907056/residual_ecm".mdpa
ModelPartIO:   [Reading Nodes    : 644 nodes read]
ModelPartIO:   [Reading Geometries : 135 geometries read] [Type: Triangle2D6]
ModelPartIO:   [Total Lines Read : 1582]
SingleImportModelPart: Finished reading model part from mdpa file.
::[PythonSolver]::: Reading model part. 
::[PythonSolver]::: Using already imported model part - no reading necessary. 
ModelPart: -Structure- model part
    Buffer Size : 1
    Number of tables : 0
    Number of sub model parts : 2
    Current solution step index : 0
    DOMAIN_SIZE : 2
    OSS_SWITCH : 0
    IS_RESTARTED : 0

    Number of Geometries  : 135
    Mesh 0 :
        Number of Nodes       : 644
        Number of Properties  : 1
        Number of Elements    : 135
        Number of Conditions  : 0
        Number of Constraints : 0

    -dirichlet- model part
        Number of tables : 0
        Number of sub model parts : 0

        Number of Geometries  : 0
        Mesh 0 :
            Number of Nodes       : 1
            Number of Properties  : 0
            Number of Elements    : 0
            Number of Conditions  : 0
            Number of Constraints : 0
    -material- model part
        Number of tables : 0
        Number of sub model parts : 0

        Number of Geometries  : 135
        Mesh 0 :
            Number of Nodes       : 644
            Number of Properties  : 0
            Number of Elements    : 135
            Number of Conditions  : 0
            Number of Constraints : 0
 
::[PythonSolver]:: : Finished reading model part. 
Read materials: Started
Read materials: Finished
::[MechanicalSolver]:: : Constitutive law was successfully imported. 
::[MechanicalSolver]::: ModelPart prepared for Solver. 
::[MechanicalSolver]:: : DOF's ADDED 
::[MechanicalSolver]:: : Initializing ... 
Linear-Solver-Factory: Constructing a regular (non-complex) linear-solver 
::[MechanicalSolver]:: : Finished initialization. 
Analysis: Analysis -START-  
[WARNING] DEPRECATION-Warning; MechanicalSolver: Using "line_search", please move it to "solving_strategy_settings" as "type" 
::[MechanicalSolver]:: : Construction finished 
::[StaticMechanicalSolver]:: : Construction finished 
::[MechanicalSolver]:: : Variables ADDED 
[WARNING] Model: Trying to create a root modelpart with name Structure however a ModelPart with the same name already exists. 
Returning the already existent ModelPart.
SingleImportModelPart: Reading model part from file: "/tmp/coupon_hprom_ecm_907056/stress_ecm".mdpa
ModelPartIO:   [Reading Nodes    : 377 nodes read]
ModelPartIO:   [Reading Geometries : 73 geometries read] [Type: Triangle2D6]
ModelPartIO:   [Total Lines Read : 924]
SingleImportModelPart: Finished reading model part from mdpa file.
::[PythonSolver]::: Reading model part. 
::[PythonSolver]::: Using already imported model part - no reading necessary. 
ModelPart: -Structure- model part
    Buffer Size : 1
    Number of tables : 0
    Number of sub model parts : 2
    Current solution step index : 0
    DOMAIN_SIZE : 2
    OSS_SWITCH : 0
    IS_RESTARTED : 0

    Number of Geometries  : 73
    Mesh 0 :
        Number of Nodes       : 377
        Number of Properties  : 1
        Number of Elements    : 73
        Number of Conditions  : 0
        Number of Constraints : 0

    -dirichlet- model part
        Number of tables : 0
        Number of sub model parts : 0

        Number of Geometries  : 0
        Mesh 0 :
            Number of Nodes       : 1
            Number of Properties  : 0
            Number of Elements    : 0
            Number of Conditions  : 0
            Number of Constraints : 0
    -material- model part
        Number of tables : 0
        Number of sub model parts : 0

        Number of Geometries  : 73
        Mesh 0 :
            Number of Nodes       : 377
            Number of Properties  : 0
            Number of Elements    : 73
            Number of Conditions  |  /           |                  
 ' /   __| _` | __|  _ \   __|    
 . \  |   (   | |   (   |\__ \  
_|\_\_|  \__,_|\__|\___/ ____/
           Multi-Physics 10.3."0"-master-532e0dba7df-Release-x86_64
           Compiled for GNU/Linux and Python3.12 with GCC-13.3
Compiled with threading support. Threading support with OpenMP.
Maximum number of threads: 1.
Importing    KratosStructuralMechanicsApplication 
    KRATOS   ___|  |                   |                   |
           \___ \  __|  __| |   |  __| __| |   |  __| _` | |
                 | |   |    |   | (    |   |   | |   (   | |
           _____/ \__|_|   \__,_|\___|\__|\__,_|_|  \__,_|_| MECHANICS
Initializing KratosStructuralMechanicsApplication...
Importing    KratosConstitutiveLawsApplication 
Initializing KratosConstitutiveLawsApplication...
[WARNING] DEPRECATION-Warning; MechanicalSolver: Using "line_search", please move it to "solving_strategy_settings" as "type" 
::[MechanicalSolver]:: : Construction finished 
::[StaticMechanicalSolver]:: : Construction finished 
::[MechanicalSolver]:: : Variables ADDED 
[WARNING] Model: Trying to create a root modelpart with name Structure however a ModelPart with the same name already exists. 
Returning the already existent ModelPart.
SingleImportModelPart: Reading model part from file: "/home/sares/ML_assisted_CLs_clean/coupon_fe2_paper/03_data/rve_mesh".mdpa
ModelPartIO:   [Reading Nodes    : 3240 nodes read]
ModelPartIO:   [Reading Geometries : 1546 geometries read] [Type: Triangle2D6]
ModelPartIO:   [Total Lines Read : 9751]
SingleImportModelPart: Finished reading model part from mdpa file.
::[PythonSolver]::: Reading model part. 
::[PythonSolver]::: Using already imported model part - no reading necessary. 
ModelPart: -Structure- model part
    Buffer Size : 1
    Number of tables : 0
    Number of sub model parts : 2
    Current solution step index : 0
    DOMAIN_SIZE : 2
    OSS_SWITCH : 0
    IS_RESTARTED : 0

    Number of Geometries  : 1546
    Mesh 0 :
        Number of Nodes       : 3240
        Number of Properties  : 1
        Number of Elements    : 1546
        Number of Conditions  : 0
        Number of Constraints : 0

    -dirichlet- model part
        Number of tables : 0
        Number of sub model parts : 0

        Number of Geometries  : 0
        Mesh 0 :
            Number of Nodes       : 156
            Number of Properties  : 0
            Number of Elements    : 0
            Number of Conditions  : 0
            Number of Constraints : 0
    -material- model part
        Number of tables : 0
        Number of sub model parts : 0

        Number of Geometries  : 1546
        Mesh 0 :
            Number of Nodes       : 3240
            Number of Properties  : 0
            Number of Elements    : 1546
            Number of Conditions  : 0
            Number of Constraints : 0
 
::[PythonSolver]:: : Finished reading model part. 
Read materials: Started
Read materials: Finished
::[MechanicalSolver]:: : Constitutive law was successfully imported. 
::[MechanicalSolver]::: ModelPart prepared for Solver. 
::[MechanicalSolver]:: : DOF's ADDED 
::[MechanicalSolver]:: : Initializing ... 
Importing    LinearSolversApplication 
    Kratos  _     _                       ____        _
           | |   (_)_ __   ___  __ _ _ __/ ___|  ___ | |_   _____ _ __ ___
           | |   | | '_ \ / _ \/ _` | '__\___ \ / _ \| \ \ / / _ \ '__/ __|
           | |___| | | | |  __/ (_| | |   ___) | (_) | |\ V /  __/ |  \__ \
           |_____|_|_| |_|\___|\__,_|_|  |____/ \___/|_| \_/ \___|_|  |___/
Initializing KratosLinearSolversApplication...
Linear-Solver-Factory: Constructing a regular (non-complex) linear-solver 
::[MechanicalSolver]:: : Finished initialization. 
Analysis: Analysis -START-  
[WARNING] DEPRECATION-Warning; MechanicalSolver: Using "line_search", please move it to "solving_strategy_settings" as "type" 
::[MechanicalSolver]:: : Construction finished 
::[StaticMechanicalSolver]:: : Construction finished 
::[MechanicalSolver]:: : Variables ADDED 
[WARNING] Model: Trying to create a root modelpart with name Structure however a ModelPart with the same name already exists. 
Returning the already existent ModelPart.
SingleImportModelPart: Reading model part from file: "/tmp/coupon_hprom_ecm_907072/residual_ecm".mdpa
ModelPartIO:   [Reading Nodes    : 644 nodes read]
ModelPartIO:   [Reading Geometries : 135 geometries read] [Type: Triangle2D6]
ModelPartIO:   [Total Lines Read : 1582]
SingleImportModelPart: Finished reading model part from mdpa file.
::[PythonSolver]::: Reading model part. 
::[PythonSolver]::: Using already imported model part - no reading necessary. 
ModelPart: -Structure- model part
    Buffer Size : 1
    Number of tables : 0
    Number of sub model parts : 2
    Current solution step index : 0
    DOMAIN_SIZE : 2
    OSS_SWITCH : 0
    IS_RESTARTED : 0

    Number of Geometries  : 135
    Mesh 0 :
        Number of Nodes       : 644
        Number of Properties  : 1
        Number of Elements    : 135
        Number of Conditions  : 0
        Number of Constraints : 0

    -dirichlet- model part
        Number of tables : 0
        Number of sub model parts : 0

        Number of Geometries  : 0
        Mesh 0 :
            Number of Nodes       : 1
            Number of Properties  : 0
            Number of Elements    : 0
            Number of Conditions  : 0
            Number of Constraints : 0
    -material- model part
        Number of tables : 0
        Number of sub model parts : 0

        Number of Geometries  : 135
        Mesh 0 :
            Number of Nodes       : 644
            Number of Properties  : 0
            Number of Elements    : 135
            Number of Conditions  : 0
            Number of Constraints : 0
 
::[PythonSolver]:: : Finished reading model part. 
Read materials: Started
Read materials: Finished
::[MechanicalSolver]:: : Constitutive law was successfully imported. 
::[MechanicalSolver]::: ModelPart prepared for Solver. 
::[MechanicalSolver]:: : DOF's ADDED 
::[MechanicalSolver]:: : Initializing ... 
Linear-Solver-Factory: Constructing a regular (non-complex) linear-solver 
::[MechanicalSolver]:: : Finished initialization. 
Analysis: Analysis -START-  
[WARNING] DEPRECATION-Warning; MechanicalSolver: Using "line_search", please move it to "solving_strategy_settings" as "type" 
::[MechanicalSolver]:: : Construction finished 
::[StaticMechanicalSolver]:: : Construction finished 
::[MechanicalSolver]:: : Variables ADDED 
[WARNING] Model: Trying to create a root modelpart with name Structure however a ModelPart with the same name already exists. 
Returning the already existent ModelPart.
SingleImportModelPart: Reading model part from file: "/tmp/coupon_hprom_ecm_907072/stress_ecm".mdpa
ModelPartIO:   [Reading Nodes    : 377 nodes read]
ModelPartIO:   [Reading Geometries : 73 geometries read] [Type: Triangle2D6]
ModelPartIO:   [Total Lines Read : 924]
SingleImportModelPart: Finished reading model part from mdpa file.
::[PythonSolver]::: Reading model part. 
::[PythonSolver]::: Using already imported model part - no reading necessary. 
ModelPart: -Structure- model part
    Buffer Size : 1
    Number of tables : 0
    Number of sub model parts : 2
    Current solution step index : 0
    DOMAIN_SIZE : 2
    OSS_SWITCH : 0
    IS_RESTARTED : 0

    Number of Geometries  : 73
    Mesh 0 :
        Number of Nodes       : 377
        Number of Properties  : 1
        Number of Elements    : 73
        Number of Conditions  : 0
        Number of Constraints : 0

    -dirichlet- model part
        Number of tables : 0
        Number of sub model parts : 0

        Number of Geometries  : 0
        Mesh 0 :
            Number of Nodes       : 1
            Number of Properties  : 0
            Number of Elements    : 0
            Number of Conditions  : 0
            Number of Constraints : 0
    -material- model part
        Number of tables : 0
        Number of sub model parts : 0

        Number of Geometries  : 73
        Mesh 0 :
            Number of Nodes       : 377
            Number of Properties  : 0
            Number of Elements    : 73
            Number of Conditions  |  /           |                  
 ' /   __| _` | __|  _ \   __|    
 . \  |   (   | |   (   |\__ \  
_|\_\_|  \__,_|\__|\___/ ____/
           Multi-Physics 10.3."0"-master-532e0dba7df-Release-x86_64
           Compiled for GNU/Linux and Python3.12 with GCC-13.3
Compiled with threading support. Threading support with OpenMP.
Maximum number of threads: 1.
Importing    KratosStructuralMechanicsApplication 
    KRATOS   ___|  |                   |                   |
           \___ \  __|  __| |   |  __| __| |   |  __| _` | |
                 | |   |    |   | (    |   |   | |   (   | |
           _____/ \__|_|   \__,_|\___|\__|\__,_|_|  \__,_|_| MECHANICS
Initializing KratosStructuralMechanicsApplication...
Importing    KratosConstitutiveLawsApplication 
Initializing KratosConstitutiveLawsApplication...
[WARNING] DEPRECATION-Warning; MechanicalSolver: Using "line_search", please move it to "solving_strategy_settings" as "type" 
::[MechanicalSolver]:: : Construction finished 
::[StaticMechanicalSolver]:: : Construction finished 
::[MechanicalSolver]:: : Variables ADDED 
[WARNING] Model: Trying to create a root modelpart with name Structure however a ModelPart with the same name already exists. 
Returning the already existent ModelPart.
SingleImportModelPart: Reading model part from file: "/home/sares/ML_assisted_CLs_clean/coupon_fe2_paper/03_data/rve_mesh".mdpa
ModelPartIO:   [Reading Nodes    : 3240 nodes read]
ModelPartIO:   [Reading Geometries : 1546 geometries read] [Type: Triangle2D6]
ModelPartIO:   [Total Lines Read : 9751]
SingleImportModelPart: Finished reading model part from mdpa file.
::[PythonSolver]::: Reading model part. 
::[PythonSolver]::: Using already imported model part - no reading necessary. 
ModelPart: -Structure- model part
    Buffer Size : 1
    Number of tables : 0
    Number of sub model parts : 2
    Current solution step index : 0
    DOMAIN_SIZE : 2
    OSS_SWITCH : 0
    IS_RESTARTED : 0

    Number of Geometries  : 1546
    Mesh 0 :
        Number of Nodes       : 3240
        Number of Properties  : 1
        Number of Elements    : 1546
        Number of Conditions  : 0
        Number of Constraints : 0

    -dirichlet- model part
        Number of tables : 0
        Number of sub model parts : 0

        Number of Geometries  : 0
        Mesh 0 :
            Number of Nodes       : 156
            Number of Properties  : 0
            Number of Elements    : 0
            Number of Conditions  : 0
            Number of Constraints : 0
    -material- model part
        Number of tables : 0
        Number of sub model parts : 0

        Number of Geometries  : 1546
        Mesh 0 :
            Number of Nodes       : 3240
            Number of Properties  : 0
            Number of Elements    : 1546
            Number of Conditions  : 0
            Number of Constraints : 0
 
::[PythonSolver]:: : Finished reading model part. 
Read materials: Started
Read materials: Finished
::[MechanicalSolver]:: : Constitutive law was successfully imported. 
::[MechanicalSolver]::: ModelPart prepared for Solver. 
::[MechanicalSolver]:: : DOF's ADDED 
::[MechanicalSolver]:: : Initializing ... 
Importing    LinearSolversApplication 
    Kratos  _     _                       ____        _
           | |   (_)_ __   ___  __ _ _ __/ ___|  ___ | |_   _____ _ __ ___
           | |   | | '_ \ / _ \/ _` | '__\___ \ / _ \| \ \ / / _ \ '__/ __|
           | |___| | | | |  __/ (_| | |   ___) | (_) | |\ V /  __/ |  \__ \
           |_____|_|_| |_|\___|\__,_|_|  |____/ \___/|_| \_/ \___|_|  |___/
Initializing KratosLinearSolversApplication...
Linear-Solver-Factory: Constructing a regular (non-complex) linear-solver 
::[MechanicalSolver]:: : Finished initialization. 
Analysis: Analysis -START-  
[WARNING] DEPRECATION-Warning; MechanicalSolver: Using "line_search", please move it to "solving_strategy_settings" as "type" 
::[MechanicalSolver]:: : Construction finished 
::[StaticMechanicalSolver]:: : Construction finished 
::[MechanicalSolver]:: : Variables ADDED 
[WARNING] Model: Trying to create a root modelpart with name Structure however a ModelPart with the same name already exists. 
Returning the already existent ModelPart.
SingleImportModelPart: Reading model part from file: "/tmp/coupon_hprom_ecm_907069/residual_ecm".mdpa
ModelPartIO:   [Reading Nodes    : 644 nodes read]
ModelPartIO:   [Reading Geometries : 135 geometries read] [Type: Triangle2D6]
ModelPartIO:   [Total Lines Read : 1582]
SingleImportModelPart: Finished reading model part from mdpa file.
::[PythonSolver]::: Reading model part. 
::[PythonSolver]::: Using already imported model part - no reading necessary. 
ModelPart: -Structure- model part
    Buffer Size : 1
    Number of tables : 0
    Number of sub model parts : 2
    Current solution step index : 0
    DOMAIN_SIZE : 2
    OSS_SWITCH : 0
    IS_RESTARTED : 0

    Number of Geometries  : 135
    Mesh 0 :
        Number of Nodes       : 644
        Number of Properties  : 1
        Number of Elements    : 135
        Number of Conditions  : 0
        Number of Constraints : 0

    -dirichlet- model part
        Number of tables : 0
        Number of sub model parts : 0

        Number of Geometries  : 0
        Mesh 0 :
            Number of Nodes       : 1
            Number of Properties  : 0
            Number of Elements    : 0
            Number of Conditions  : 0
            Number of Constraints : 0
    -material- model part
        Number of tables : 0
        Number of sub model parts : 0

        Number of Geometries  : 135
        Mesh 0 :
            Number of Nodes       : 644
            Number of Properties  : 0
            Number of Elements    : 135
            Number of Conditions  : 0
            Number of Constraints : 0
 
::[PythonSolver]:: : Finished reading model part. 
Read materials: Started
Read materials: Finished
::[MechanicalSolver]:: : Constitutive law was successfully imported. 
::[MechanicalSolver]::: ModelPart prepared for Solver. 
::[MechanicalSolver]:: : DOF's ADDED 
::[MechanicalSolver]:: : Initializing ... 
Linear-Solver-Factory: Constructing a regular (non-complex) linear-solver 
::[MechanicalSolver]:: : Finished initialization. 
Analysis: Analysis -START-  
[WARNING] DEPRECATION-Warning; MechanicalSolver: Using "line_search", please move it to "solving_strategy_settings" as "type" 
::[MechanicalSolver]:: : Construction finished 
::[StaticMechanicalSolver]:: : Construction finished 
::[MechanicalSolver]:: : Variables ADDED 
[WARNING] Model: Trying to create a root modelpart with name Structure however a ModelPart with the same name already exists. 
Returning the already existent ModelPart.
SingleImportModelPart: Reading model part from file: "/tmp/coupon_hprom_ecm_907069/stress_ecm".mdpa
ModelPartIO:   [Reading Nodes    : 377 nodes read]
ModelPartIO:   [Reading Geometries : 73 geometries read] [Type: Triangle2D6]
ModelPartIO:   [Total Lines Read : 924]
SingleImportModelPart: Finished reading model part from mdpa file.
::[PythonSolver]::: Reading model part. 
::[PythonSolver]::: Using already imported model part - no reading necessary. 
ModelPart: -Structure- model part
    Buffer Size : 1
    Number of tables : 0
    Number of sub model parts : 2
    Current solution step index : 0
    DOMAIN_SIZE : 2
    OSS_SWITCH : 0
    IS_RESTARTED : 0

    Number of Geometries  : 73
    Mesh 0 :
        Number of Nodes       : 377
        Number of Properties  : 1
        Number of Elements    : 73
        Number of Conditions  : 0
        Number of Constraints : 0

    -dirichlet- model part
        Number of tables : 0
        Number of sub model parts : 0

        Number of Geometries  : 0
        Mesh 0 :
            Number of Nodes       : 1
            Number of Properties  : 0
            Number of Elements    : 0
            Number of Conditions  : 0
            Number of Constraints : 0
    -material- model part
        Number of tables : 0
        Number of sub model parts : 0

        Number of Geometries  : 73
        Mesh 0 :
            Number of Nodes       : 377
            Number of Properties  : 0
            Number of Elements    : 73
            Number of Conditions  |  /           |                  
 ' /   __| _` | __|  _ \   __|    
 . \  |   (   | |   (   |\__ \  
_|\_\_|  \__,_|\__|\___/ ____/
           Multi-Physics 10.3."0"-master-532e0dba7df-Release-x86_64
           Compiled for GNU/Linux and Python3.12 with GCC-13.3
Compiled with threading support. Threading support with OpenMP.
Maximum number of threads: 1.
Importing    KratosStructuralMechanicsApplication 
    KRATOS   ___|  |                   |                   |
           \___ \  __|  __| |   |  __| __| |   |  __| _` | |
                 | |   |    |   | (    |   |   | |   (   | |
           _____/ \__|_|   \__,_|\___|\__|\__,_|_|  \__,_|_| MECHANICS
Initializing KratosStructuralMechanicsApplication...
Importing    KratosConstitutiveLawsApplication 
Initializing KratosConstitutiveLawsApplication...
[WARNING] DEPRECATION-Warning; MechanicalSolver: Using "line_search", please move it to "solving_strategy_settings" as "type" 
::[MechanicalSolver]:: : Construction finished 
::[StaticMechanicalSolver]:: : Construction finished 
::[MechanicalSolver]:: : Variables ADDED 
[WARNING] Model: Trying to create a root modelpart with name Structure however a ModelPart with the same name already exists. 
Returning the already existent ModelPart.
SingleImportModelPart: Reading model part from file: "/home/sares/ML_assisted_CLs_clean/coupon_fe2_paper/03_data/rve_mesh".mdpa
ModelPartIO:   [Reading Nodes    : 3240 nodes read]
ModelPartIO:   [Reading Geometries : 1546 geometries read] [Type: Triangle2D6]
ModelPartIO:   [Total Lines Read : 9751]
SingleImportModelPart: Finished reading model part from mdpa file.
::[PythonSolver]::: Reading model part. 
::[PythonSolver]::: Using already imported model part - no reading necessary. 
ModelPart: -Structure- model part
    Buffer Size : 1
    Number of tables : 0
    Number of sub model parts : 2
    Current solution step index : 0
    DOMAIN_SIZE : 2
    OSS_SWITCH : 0
    IS_RESTARTED : 0

    Number of Geometries  : 1546
    Mesh 0 :
        Number of Nodes       : 3240
        Number of Properties  : 1
        Number of Elements    : 1546
        Number of Conditions  : 0
        Number of Constraints : 0

    -dirichlet- model part
        Number of tables : 0
        Number of sub model parts : 0

        Number of Geometries  : 0
        Mesh 0 :
            Number of Nodes       : 156
            Number of Properties  : 0
            Number of Elements    : 0
            Number of Conditions  : 0
            Number of Constraints : 0
    -material- model part
        Number of tables : 0
        Number of sub model parts : 0

        Number of Geometries  : 1546
        Mesh 0 :
            Number of Nodes       : 3240
            Number of Properties  : 0
            Number of Elements    : 1546
            Number of Conditions  : 0
            Number of Constraints : 0
 
::[PythonSolver]:: : Finished reading model part. 
Read materials: Started
Read materials: Finished
::[MechanicalSolver]:: : Constitutive law was successfully imported. 
::[MechanicalSolver]::: ModelPart prepared for Solver. 
::[MechanicalSolver]:: : DOF's ADDED 
::[MechanicalSolver]:: : Initializing ... 
Importing    LinearSolversApplication 
    Kratos  _     _                       ____        _
           | |   (_)_ __   ___  __ _ _ __/ ___|  ___ | |_   _____ _ __ ___
           | |   | | '_ \ / _ \/ _` | '__\___ \ / _ \| \ \ / / _ \ '__/ __|
           | |___| | | | |  __/ (_| | |   ___) | (_) | |\ V /  __/ |  \__ \
           |_____|_|_| |_|\___|\__,_|_|  |____/ \___/|_| \_/ \___|_|  |___/
Initializing KratosLinearSolversApplication...
Linear-Solver-Factory: Constructing a regular (non-complex) linear-solver 
::[MechanicalSolver]:: : Finished initialization. 
Analysis: Analysis -START-  
[WARNING] DEPRECATION-Warning; MechanicalSolver: Using "line_search", please move it to "solving_strategy_settings" as "type" 
::[MechanicalSolver]:: : Construction finished 
::[StaticMechanicalSolver]:: : Construction finished 
::[MechanicalSolver]:: : Variables ADDED 
[WARNING] Model: Trying to create a root modelpart with name Structure however a ModelPart with the same name already exists. 
Returning the already existent ModelPart.
SingleImportModelPart: Reading model part from file: "/tmp/coupon_hprom_ecm_907058/residual_ecm".mdpa
ModelPartIO:   [Reading Nodes    : 644 nodes read]
ModelPartIO:   [Reading Geometries : 135 geometries read] [Type: Triangle2D6]
ModelPartIO:   [Total Lines Read : 1582]
SingleImportModelPart: Finished reading model part from mdpa file.
::[PythonSolver]::: Reading model part. 
::[PythonSolver]::: Using already imported model part - no reading necessary. 
ModelPart: -Structure- model part
    Buffer Size : 1
    Number of tables : 0
    Number of sub model parts : 2
    Current solution step index : 0
    DOMAIN_SIZE : 2
    OSS_SWITCH : 0
    IS_RESTARTED : 0

    Number of Geometries  : 135
    Mesh 0 :
        Number of Nodes       : 644
        Number of Properties  : 1
        Number of Elements    : 135
        Number of Conditions  : 0
        Number of Constraints : 0

    -dirichlet- model part
        Number of tables : 0
        Number of sub model parts : 0

        Number of Geometries  : 0
        Mesh 0 :
            Number of Nodes       : 1
            Number of Properties  : 0
            Number of Elements    : 0
            Number of Conditions  : 0
            Number of Constraints : 0
    -material- model part
        Number of tables : 0
        Number of sub model parts : 0

        Number of Geometries  : 135
        Mesh 0 :
            Number of Nodes       : 644
            Number of Properties  : 0
            Number of Elements    : 135
            Number of Conditions  : 0
            Number of Constraints : 0
 
::[PythonSolver]:: : Finished reading model part. 
Read materials: Started
Read materials: Finished
::[MechanicalSolver]:: : Constitutive law was successfully imported. 
::[MechanicalSolver]::: ModelPart prepared for Solver. 
::[MechanicalSolver]:: : DOF's ADDED 
::[MechanicalSolver]:: : Initializing ... 
Linear-Solver-Factory: Constructing a regular (non-complex) linear-solver 
::[MechanicalSolver]:: : Finished initialization. 
Analysis: Analysis -START-  
[WARNING] DEPRECATION-Warning; MechanicalSolver: Using "line_search", please move it to "solving_strategy_settings" as "type" 
::[MechanicalSolver]:: : Construction finished 
::[StaticMechanicalSolver]:: : Construction finished 
::[MechanicalSolver]:: : Variables ADDED 
[WARNING] Model: Trying to create a root modelpart with name Structure however a ModelPart with the same name already exists. 
Returning the already existent ModelPart.
SingleImportModelPart: Reading model part from file: "/tmp/coupon_hprom_ecm_907058/stress_ecm".mdpa
ModelPartIO:   [Reading Nodes    : 377 nodes read]
ModelPartIO:   [Reading Geometries : 73 geometries read] [Type: Triangle2D6]
ModelPartIO:   [Total Lines Read : 924]
SingleImportModelPart: Finished reading model part from mdpa file.
::[PythonSolver]::: Reading model part. 
::[PythonSolver]::: Using already imported model part - no reading necessary. 
ModelPart: -Structure- model part
    Buffer Size : 1
    Number of tables : 0
    Number of sub model parts : 2
    Current solution step index : 0
    DOMAIN_SIZE : 2
    OSS_SWITCH : 0
    IS_RESTARTED : 0

    Number of Geometries  : 73
    Mesh 0 :
        Number of Nodes       : 377
        Number of Properties  : 1
        Number of Elements    : 73
        Number of Conditions  : 0
        Number of Constraints : 0

    -dirichlet- model part
        Number of tables : 0
        Number of sub model parts : 0

        Number of Geometries  : 0
        Mesh 0 :
            Number of Nodes       : 1
            Number of Properties  : 0
            Number of Elements    : 0
            Number of Conditions  : 0
            Number of Constraints : 0
    -material- model part
        Number of tables : 0
        Number of sub model parts : 0

        Number of Geometries  : 73
        Mesh 0 :
            Number of Nodes       : 377
            Number of Properties  : 0
            Number of Elements    : 73
            Number of Conditions  |  /           |                  
 ' /   __| _` | __|  _ \   __|    
 . \  |   (   | |   (   |\__ \  
_|\_\_|  \__,_|\__|\___/ ____/
           Multi-Physics 10.3."0"-master-532e0dba7df-Release-x86_64
           Compiled for GNU/Linux and Python3.12 with GCC-13.3
Compiled with threading support. Threading support with OpenMP.
Maximum number of threads: 1.
Importing    KratosStructuralMechanicsApplication 
    KRATOS   ___|  |                   |                   |
           \___ \  __|  __| |   |  __| __| |   |  __| _` | |
                 | |   |    |   | (    |   |   | |   (   | |
           _____/ \__|_|   \__,_|\___|\__|\__,_|_|  \__,_|_| MECHANICS
Initializing KratosStructuralMechanicsApplication...
Importing    KratosConstitutiveLawsApplication 
Initializing KratosConstitutiveLawsApplication...
[WARNING] DEPRECATION-Warning; MechanicalSolver: Using "line_search", please move it to "solving_strategy_settings" as "type" 
::[MechanicalSolver]:: : Construction finished 
::[StaticMechanicalSolver]:: : Construction finished 
::[MechanicalSolver]:: : Variables ADDED 
[WARNING] Model: Trying to create a root modelpart with name Structure however a ModelPart with the same name already exists. 
Returning the already existent ModelPart.
SingleImportModelPart: Reading model part from file: "/home/sares/ML_assisted_CLs_clean/coupon_fe2_paper/03_data/rve_mesh".mdpa
ModelPartIO:   [Reading Nodes    : 3240 nodes read]
ModelPartIO:   [Reading Geometries : 1546 geometries read] [Type: Triangle2D6]
ModelPartIO:   [Total Lines Read : 9751]
SingleImportModelPart: Finished reading model part from mdpa file.
::[PythonSolver]::: Reading model part. 
::[PythonSolver]::: Using already imported model part - no reading necessary. 
ModelPart: -Structure- model part
    Buffer Size : 1
    Number of tables : 0
    Number of sub model parts : 2
    Current solution step index : 0
    DOMAIN_SIZE : 2
    OSS_SWITCH : 0
    IS_RESTARTED : 0

    Number of Geometries  : 1546
    Mesh 0 :
        Number of Nodes       : 3240
        Number of Properties  : 1
        Number of Elements    : 1546
        Number of Conditions  : 0
        Number of Constraints : 0

    -dirichlet- model part
        Number of tables : 0
        Number of sub model parts : 0

        Number of Geometries  : 0
        Mesh 0 :
            Number of Nodes       : 156
            Number of Properties  : 0
            Number of Elements    : 0
            Number of Conditions  : 0
            Number of Constraints : 0
    -material- model part
        Number of tables : 0
        Number of sub model parts : 0

        Number of Geometries  : 1546
        Mesh 0 :
            Number of Nodes       : 3240
            Number of Properties  : 0
            Number of Elements    : 1546
            Number of Conditions  : 0
            Number of Constraints : 0
 
::[PythonSolver]:: : Finished reading model part. 
Read materials: Started
Read materials: Finished
::[MechanicalSolver]:: : Constitutive law was successfully imported. 
::[MechanicalSolver]::: ModelPart prepared for Solver. 
::[MechanicalSolver]:: : DOF's ADDED 
::[MechanicalSolver]:: : Initializing ... 
Importing    LinearSolversApplication 
    Kratos  _     _                       ____        _
           | |   (_)_ __   ___  __ _ _ __/ ___|  ___ | |_   _____ _ __ ___
           | |   | | '_ \ / _ \/ _` | '__\___ \ / _ \| \ \ / / _ \ '__/ __|
           | |___| | | | |  __/ (_| | |   ___) | (_) | |\ V /  __/ |  \__ \
           |_____|_|_| |_|\___|\__,_|_|  |____/ \___/|_| \_/ \___|_|  |___/
Initializing KratosLinearSolversApplication...
Linear-Solver-Factory: Constructing a regular (non-complex) linear-solver 
::[MechanicalSolver]:: : Finished initialization. 
Analysis: Analysis -START-  
[WARNING] DEPRECATION-Warning; MechanicalSolver: Using "line_search", please move it to "solving_strategy_settings" as "type" 
::[MechanicalSolver]:: : Construction finished 
::[StaticMechanicalSolver]:: : Construction finished 
::[MechanicalSolver]:: : Variables ADDED 
[WARNING] Model: Trying to create a root modelpart with name Structure however a ModelPart with the same name already exists. 
Returning the already existent ModelPart.
SingleImportModelPart: Reading model part from file: "/tmp/coupon_hprom_ecm_907057/residual_ecm".mdpa
ModelPartIO:   [Reading Nodes    : 644 nodes read]
ModelPartIO:   [Reading Geometries : 135 geometries read] [Type: Triangle2D6]
ModelPartIO:   [Total Lines Read : 1582]
SingleImportModelPart: Finished reading model part from mdpa file.
::[PythonSolver]::: Reading model part. 
::[PythonSolver]::: Using already imported model part - no reading necessary. 
ModelPart: -Structure- model part
    Buffer Size : 1
    Number of tables : 0
    Number of sub model parts : 2
    Current solution step index : 0
    DOMAIN_SIZE : 2
    OSS_SWITCH : 0
    IS_RESTARTED : 0

    Number of Geometries  : 135
    Mesh 0 :
        Number of Nodes       : 644
        Number of Properties  : 1
        Number of Elements    : 135
        Number of Conditions  : 0
        Number of Constraints : 0

    -dirichlet- model part
        Number of tables : 0
        Number of sub model parts : 0

        Number of Geometries  : 0
        Mesh 0 :
            Number of Nodes       : 1
            Number of Properties  : 0
            Number of Elements    : 0
            Number of Conditions  : 0
            Number of Constraints : 0
    -material- model part
        Number of tables : 0
        Number of sub model parts : 0

        Number of Geometries  : 135
        Mesh 0 :
            Number of Nodes       : 644
            Number of Properties  : 0
            Number of Elements    : 135
            Number of Conditions  : 0
            Number of Constraints : 0
 
::[PythonSolver]:: : Finished reading model part. 
Read materials: Started
Read materials: Finished
::[MechanicalSolver]:: : Constitutive law was successfully imported. 
::[MechanicalSolver]::: ModelPart prepared for Solver. 
::[MechanicalSolver]:: : DOF's ADDED 
::[MechanicalSolver]:: : Initializing ... 
Linear-Solver-Factory: Constructing a regular (non-complex) linear-solver 
::[MechanicalSolver]:: : Finished initialization. 
Analysis: Analysis -START-  
[WARNING] DEPRECATION-Warning; MechanicalSolver: Using "line_search", please move it to "solving_strategy_settings" as "type" 
::[MechanicalSolver]:: : Construction finished 
::[StaticMechanicalSolver]:: : Construction finished 
::[MechanicalSolver]:: : Variables ADDED 
[WARNING] Model: Trying to create a root modelpart with name Structure however a ModelPart with the same name already exists. 
Returning the already existent ModelPart.
SingleImportModelPart: Reading model part from file: "/tmp/coupon_hprom_ecm_907057/stress_ecm".mdpa
ModelPartIO:   [Reading Nodes    : 377 nodes read]
ModelPartIO:   [Reading Geometries : 73 geometries read] [Type: Triangle2D6]
ModelPartIO:   [Total Lines Read : 924]
SingleImportModelPart: Finished reading model part from mdpa file.
::[PythonSolver]::: Reading model part. 
::[PythonSolver]::: Using already imported model part - no reading necessary. 
ModelPart: -Structure- model part
    Buffer Size : 1
    Number of tables : 0
    Number of sub model parts : 2
    Current solution step index : 0
    DOMAIN_SIZE : 2
    OSS_SWITCH : 0
    IS_RESTARTED : 0

    Number of Geometries  : 73
    Mesh 0 :
        Number of Nodes       : 377
        Number of Properties  : 1
        Number of Elements    : 73
        Number of Conditions  : 0
        Number of Constraints : 0

    -dirichlet- model part
        Number of tables : 0
        Number of sub model parts : 0

        Number of Geometries  : 0
        Mesh 0 :
            Number of Nodes       : 1
            Number of Properties  : 0
            Number of Elements    : 0
            Number of Conditions  : 0
            Number of Constraints : 0
    -material- model part
        Number of tables : 0
        Number of sub model parts : 0

        Number of Geometries  : 73
        Mesh 0 :
            Number of Nodes       : 377
            Number of Properties  : 0
            Number of Elements    : 73
            Number of Conditions  |  /           |                  
 ' /   __| _` | __|  _ \   __|    
 . \  |   (   | |   (   |\__ \  
_|\_\_|  \__,_|\__|\___/ ____/
           Multi-Physics 10.3."0"-master-532e0dba7df-Release-x86_64
           Compiled for GNU/Linux and Python3.12 with GCC-13.3
Compiled with threading support. Threading support with OpenMP.
Maximum number of threads: 1.
Importing    KratosStructuralMechanicsApplication 
    KRATOS   ___|  |                   |                   |
           \___ \  __|  __| |   |  __| __| |   |  __| _` | |
                 | |   |    |   | (    |   |   | |   (   | |
           _____/ \__|_|   \__,_|\___|\__|\__,_|_|  \__,_|_| MECHANICS
Initializing KratosStructuralMechanicsApplication...
Importing    KratosConstitutiveLawsApplication 
Initializing KratosConstitutiveLawsApplication...
[WARNING] DEPRECATION-Warning; MechanicalSolver: Using "line_search", please move it to "solving_strategy_settings" as "type" 
::[MechanicalSolver]:: : Construction finished 
::[StaticMechanicalSolver]:: : Construction finished 
::[MechanicalSolver]:: : Variables ADDED 
[WARNING] Model: Trying to create a root modelpart with name Structure however a ModelPart with the same name already exists. 
Returning the already existent ModelPart.
SingleImportModelPart: Reading model part from file: "/home/sares/ML_assisted_CLs_clean/coupon_fe2_paper/03_data/rve_mesh".mdpa
ModelPartIO:   [Reading Nodes    : 3240 nodes read]
ModelPartIO:   [Reading Geometries : 1546 geometries read] [Type: Triangle2D6]
ModelPartIO:   [Total Lines Read : 9751]
SingleImportModelPart: Finished reading model part from mdpa file.
::[PythonSolver]::: Reading model part. 
::[PythonSolver]::: Using already imported model part - no reading necessary. 
ModelPart: -Structure- model part
    Buffer Size : 1
    Number of tables : 0
    Number of sub model parts : 2
    Current solution step index : 0
    DOMAIN_SIZE : 2
    OSS_SWITCH : 0
    IS_RESTARTED : 0

    Number of Geometries  : 1546
    Mesh 0 :
        Number of Nodes       : 3240
        Number of Properties  : 1
        Number of Elements    : 1546
        Number of Conditions  : 0
        Number of Constraints : 0

    -dirichlet- model part
        Number of tables : 0
        Number of sub model parts : 0

        Number of Geometries  : 0
        Mesh 0 :
            Number of Nodes       : 156
            Number of Properties  : 0
            Number of Elements    : 0
            Number of Conditions  : 0
            Number of Constraints : 0
    -material- model part
        Number of tables : 0
        Number of sub model parts : 0

        Number of Geometries  : 1546
        Mesh 0 :
            Number of Nodes       : 3240
            Number of Properties  : 0
            Number of Elements    : 1546
            Number of Conditions  : 0
            Number of Constraints : 0
 
::[PythonSolver]:: : Finished reading model part. 
Read materials: Started
Read materials: Finished
::[MechanicalSolver]:: : Constitutive law was successfully imported. 
::[MechanicalSolver]::: ModelPart prepared for Solver. 
::[MechanicalSolver]:: : DOF's ADDED 
::[MechanicalSolver]:: : Initializing ... 
Importing    LinearSolversApplication 
    Kratos  _     _                       ____        _
           | |   (_)_ __   ___  __ _ _ __/ ___|  ___ | |_   _____ _ __ ___
           | |   | | '_ \ / _ \/ _` | '__\___ \ / _ \| \ \ / / _ \ '__/ __|
           | |___| | | | |  __/ (_| | |   ___) | (_) | |\ V /  __/ |  \__ \
           |_____|_|_| |_|\___|\__,_|_|  |____/ \___/|_| \_/ \___|_|  |___/
Initializing KratosLinearSolversApplication...
Linear-Solver-Factory: Constructing a regular (non-complex) linear-solver 
::[MechanicalSolver]:: : Finished initialization. 
Analysis: Analysis -START-  
[WARNING] DEPRECATION-Warning; MechanicalSolver: Using "line_search", please move it to "solving_strategy_settings" as "type" 
::[MechanicalSolver]:: : Construction finished 
::[StaticMechanicalSolver]:: : Construction finished 
::[MechanicalSolver]:: : Variables ADDED 
[WARNING] Model: Trying to create a root modelpart with name Structure however a ModelPart with the same name already exists. 
Returning the already existent ModelPart.
SingleImportModelPart: Reading model part from file: "/tmp/coupon_hprom_ecm_907059/residual_ecm".mdpa
ModelPartIO:   [Reading Nodes    : 644 nodes read]
ModelPartIO:   [Reading Geometries : 135 geometries read] [Type: Triangle2D6]
ModelPartIO:   [Total Lines Read : 1582]
SingleImportModelPart: Finished reading model part from mdpa file.
::[PythonSolver]::: Reading model part. 
::[PythonSolver]::: Using already imported model part - no reading necessary. 
ModelPart: -Structure- model part
    Buffer Size : 1
    Number of tables : 0
    Number of sub model parts : 2
    Current solution step index : 0
    DOMAIN_SIZE : 2
    OSS_SWITCH : 0
    IS_RESTARTED : 0

    Number of Geometries  : 135
    Mesh 0 :
        Number of Nodes       : 644
        Number of Properties  : 1
        Number of Elements    : 135
        Number of Conditions  : 0
        Number of Constraints : 0

    -dirichlet- model part
        Number of tables : 0
        Number of sub model parts : 0

        Number of Geometries  : 0
        Mesh 0 :
            Number of Nodes       : 1
            Number of Properties  : 0
            Number of Elements    : 0
            Number of Conditions  : 0
            Number of Constraints : 0
    -material- model part
        Number of tables : 0
        Number of sub model parts : 0

        Number of Geometries  : 135
        Mesh 0 :
            Number of Nodes       : 644
            Number of Properties  : 0
            Number of Elements    : 135
            Number of Conditions  : 0
            Number of Constraints : 0
 
::[PythonSolver]:: : Finished reading model part. 
Read materials: Started
Read materials: Finished
::[MechanicalSolver]:: : Constitutive law was successfully imported. 
::[MechanicalSolver]::: ModelPart prepared for Solver. 
::[MechanicalSolver]:: : DOF's ADDED 
::[MechanicalSolver]:: : Initializing ... 
Linear-Solver-Factory: Constructing a regular (non-complex) linear-solver 
::[MechanicalSolver]:: : Finished initialization. 
Analysis: Analysis -START-  
[WARNING] DEPRECATION-Warning; MechanicalSolver: Using "line_search", please move it to "solving_strategy_settings" as "type" 
::[MechanicalSolver]:: : Construction finished 
::[StaticMechanicalSolver]:: : Construction finished 
::[MechanicalSolver]:: : Variables ADDED 
[WARNING] Model: Trying to create a root modelpart with name Structure however a ModelPart with the same name already exists. 
Returning the already existent ModelPart.
SingleImportModelPart: Reading model part from file: "/tmp/coupon_hprom_ecm_907059/stress_ecm".mdpa
ModelPartIO:   [Reading Nodes    : 377 nodes read]
ModelPartIO:   [Reading Geometries : 73 geometries read] [Type: Triangle2D6]
ModelPartIO:   [Total Lines Read : 924]
SingleImportModelPart: Finished reading model part from mdpa file.
::[PythonSolver]::: Reading model part. 
::[PythonSolver]::: Using already imported model part - no reading necessary. 
ModelPart: -Structure- model part
    Buffer Size : 1
    Number of tables : 0
    Number of sub model parts : 2
    Current solution step index : 0
    DOMAIN_SIZE : 2
    OSS_SWITCH : 0
    IS_RESTARTED : 0

    Number of Geometries  : 73
    Mesh 0 :
        Number of Nodes       : 377
        Number of Properties  : 1
        Number of Elements    : 73
        Number of Conditions  : 0
        Number of Constraints : 0

    -dirichlet- model part
        Number of tables : 0
        Number of sub model parts : 0

        Number of Geometries  : 0
        Mesh 0 :
            Number of Nodes       : 1
            Number of Properties  : 0
            Number of Elements    : 0
            Number of Conditions  : 0
            Number of Constraints : 0
    -material- model part
        Number of tables : 0
        Number of sub model parts : 0

        Number of Geometries  : 73
        Mesh 0 :
            Number of Nodes       : 377
            Number of Properties  : 0
            Number of Elements    : 73
            Number of Conditions  |  /           |                  
 ' /   __| _` | __|  _ \   __|    
 . \  |   (   | |   (   |\__ \  
_|\_\_|  \__,_|\__|\___/ ____/
           Multi-Physics 10.3."0"-master-532e0dba7df-Release-x86_64
           Compiled for GNU/Linux and Python3.12 with GCC-13.3
Compiled with threading support. Threading support with OpenMP.
Maximum number of threads: 1.
Importing    KratosStructuralMechanicsApplication 
    KRATOS   ___|  |                   |                   |
           \___ \  __|  __| |   |  __| __| |   |  __| _` | |
                 | |   |    |   | (    |   |   | |   (   | |
           _____/ \__|_|   \__,_|\___|\__|\__,_|_|  \__,_|_| MECHANICS
Initializing KratosStructuralMechanicsApplication...
Importing    KratosConstitutiveLawsApplication 
Initializing KratosConstitutiveLawsApplication...
[WARNING] DEPRECATION-Warning; MechanicalSolver: Using "line_search", please move it to "solving_strategy_settings" as "type" 
::[MechanicalSolver]:: : Construction finished 
::[StaticMechanicalSolver]:: : Construction finished 
::[MechanicalSolver]:: : Variables ADDED 
[WARNING] Model: Trying to create a root modelpart with name Structure however a ModelPart with the same name already exists. 
Returning the already existent ModelPart.
SingleImportModelPart: Reading model part from file: "/home/sares/ML_assisted_CLs_clean/coupon_fe2_paper/03_data/rve_mesh".mdpa
ModelPartIO:   [Reading Nodes    : 3240 nodes read]
ModelPartIO:   [Reading Geometries : 1546 geometries read] [Type: Triangle2D6]
ModelPartIO:   [Total Lines Read : 9751]
SingleImportModelPart: Finished reading model part from mdpa file.
::[PythonSolver]::: Reading model part. 
::[PythonSolver]::: Using already imported model part - no reading necessary. 
ModelPart: -Structure- model part
    Buffer Size : 1
    Number of tables : 0
    Number of sub model parts : 2
    Current solution step index : 0
    DOMAIN_SIZE : 2
    OSS_SWITCH : 0
    IS_RESTARTED : 0

    Number of Geometries  : 1546
    Mesh 0 :
        Number of Nodes       : 3240
        Number of Properties  : 1
        Number of Elements    : 1546
        Number of Conditions  : 0
        Number of Constraints : 0

    -dirichlet- model part
        Number of tables : 0
        Number of sub model parts : 0

        Number of Geometries  : 0
        Mesh 0 :
            Number of Nodes       : 156
            Number of Properties  : 0
            Number of Elements    : 0
            Number of Conditions  : 0
            Number of Constraints : 0
    -material- model part
        Number of tables : 0
        Number of sub model parts : 0

        Number of Geometries  : 1546
        Mesh 0 :
            Number of Nodes       : 3240
            Number of Properties  : 0
            Number of Elements    : 1546
            Number of Conditions  : 0
            Number of Constraints : 0
 
::[PythonSolver]:: : Finished reading model part. 
Read materials: Started
Read materials: Finished
::[MechanicalSolver]:: : Constitutive law was successfully imported. 
::[MechanicalSolver]::: ModelPart prepared for Solver. 
::[MechanicalSolver]:: : DOF's ADDED 
::[MechanicalSolver]:: : Initializing ... 
Importing    LinearSolversApplication 
    Kratos  _     _                       ____        _
           | |   (_)_ __   ___  __ _ _ __/ ___|  ___ | |_   _____ _ __ ___
           | |   | | '_ \ / _ \/ _` | '__\___ \ / _ \| \ \ / / _ \ '__/ __|
           | |___| | | | |  __/ (_| | |   ___) | (_) | |\ V /  __/ |  \__ \
           |_____|_|_| |_|\___|\__,_|_|  |____/ \___/|_| \_/ \___|_|  |___/
Initializing KratosLinearSolversApplication...
Linear-Solver-Factory: Constructing a regular (non-complex) linear-solver 
::[MechanicalSolver]:: : Finished initialization. 
Analysis: Analysis -START-  
[WARNING] DEPRECATION-Warning; MechanicalSolver: Using "line_search", please move it to "solving_strategy_settings" as "type" 
::[MechanicalSolver]:: : Construction finished 
::[StaticMechanicalSolver]:: : Construction finished 
::[MechanicalSolver]:: : Variables ADDED 
[WARNING] Model: Trying to create a root modelpart with name Structure however a ModelPart with the same name already exists. 
Returning the already existent ModelPart.
SingleImportModelPart: Reading model part from file: "/tmp/coupon_hprom_ecm_907071/residual_ecm".mdpa
ModelPartIO:   [Reading Nodes    : 644 nodes read]
ModelPartIO:   [Reading Geometries : 135 geometries read] [Type: Triangle2D6]
ModelPartIO:   [Total Lines Read : 1582]
SingleImportModelPart: Finished reading model part from mdpa file.
::[PythonSolver]::: Reading model part. 
::[PythonSolver]::: Using already imported model part - no reading necessary. 
ModelPart: -Structure- model part
    Buffer Size : 1
    Number of tables : 0
    Number of sub model parts : 2
    Current solution step index : 0
    DOMAIN_SIZE : 2
    OSS_SWITCH : 0
    IS_RESTARTED : 0

    Number of Geometries  : 135
    Mesh 0 :
        Number of Nodes       : 644
        Number of Properties  : 1
        Number of Elements    : 135
        Number of Conditions  : 0
        Number of Constraints : 0

    -dirichlet- model part
        Number of tables : 0
        Number of sub model parts : 0

        Number of Geometries  : 0
        Mesh 0 :
            Number of Nodes       : 1
            Number of Properties  : 0
            Number of Elements    : 0
            Number of Conditions  : 0
            Number of Constraints : 0
    -material- model part
        Number of tables : 0
        Number of sub model parts : 0

        Number of Geometries  : 135
        Mesh 0 :
            Number of Nodes       : 644
            Number of Properties  : 0
            Number of Elements    : 135
            Number of Conditions  : 0
            Number of Constraints : 0
 
::[PythonSolver]:: : Finished reading model part. 
Read materials: Started
Read materials: Finished
::[MechanicalSolver]:: : Constitutive law was successfully imported. 
::[MechanicalSolver]::: ModelPart prepared for Solver. 
::[MechanicalSolver]:: : DOF's ADDED 
::[MechanicalSolver]:: : Initializing ... 
Linear-Solver-Factory: Constructing a regular (non-complex) linear-solver 
::[MechanicalSolver]:: : Finished initialization. 
Analysis: Analysis -START-  
[WARNING] DEPRECATION-Warning; MechanicalSolver: Using "line_search", please move it to "solving_strategy_settings" as "type" 
::[MechanicalSolver]:: : Construction finished 
::[StaticMechanicalSolver]:: : Construction finished 
::[MechanicalSolver]:: : Variables ADDED 
[WARNING] Model: Trying to create a root modelpart with name Structure however a ModelPart with the same name already exists. 
Returning the already existent ModelPart.
SingleImportModelPart: Reading model part from file: "/tmp/coupon_hprom_ecm_907071/stress_ecm".mdpa
ModelPartIO:   [Reading Nodes    : 377 nodes read]
ModelPartIO:   [Reading Geometries : 73 geometries read] [Type: Triangle2D6]
ModelPartIO:   [Total Lines Read : 924]
SingleImportModelPart: Finished reading model part from mdpa file.
::[PythonSolver]::: Reading model part. 
::[PythonSolver]::: Using already imported model part - no reading necessary. 
ModelPart: -Structure- model part
    Buffer Size : 1
    Number of tables : 0
    Number of sub model parts : 2
    Current solution step index : 0
    DOMAIN_SIZE : 2
    OSS_SWITCH : 0
    IS_RESTARTED : 0

    Number of Geometries  : 73
    Mesh 0 :
        Number of Nodes       : 377
        Number of Properties  : 1
        Number of Elements    : 73
        Number of Conditions  : 0
        Number of Constraints : 0

    -dirichlet- model part
        Number of tables : 0
        Number of sub model parts : 0

        Number of Geometries  : 0
        Mesh 0 :
            Number of Nodes       : 1
            Number of Properties  : 0
            Number of Elements    : 0
            Number of Conditions  : 0
            Number of Constraints : 0
    -material- model part
        Number of tables : 0
        Number of sub model parts : 0

        Number of Geometries  : 73
        Mesh 0 :
            Number of Nodes       : 377
            Number of Properties  : 0
            Number of Elements    : 73
            Number of Conditions   step  1/20 iter  2: |R|=1.61039e+01, rel=7.612e-03, wall=2.8s
  step  1/20 iter  3: |R|=1.39854e-02, rel=6.611e-06, wall=1.0s
  step  1/20 iter  4: |R|=2.42501e-08, rel=1.146e-11, wall=0.7s
    converged: in-box 2070/2070; E11=[+0.0029,+0.0068], E22=[-0.0032,-0.0012], g12=[-0.0054,+0.0023]
  step  2/20 iter  1: |R|=2.11549e+03, rel=1.000e+00, wall=0.0s
  step  2/20 iter  2: |R|=1.64487e+01, rel=7.775e-03, wall=1.8s
  step  2/20 iter  3: |R|=4.36575e-03, rel=2.064e-06, wall=0.9s
  step  2/20 iter  4: |R|=5.97153e-09, rel=2.823e-12, wall=0.7s
    converged: in-box 2070/2070; E11=[+0.0058,+0.0137], E22=[-0.0065,-0.0024], g12=[-0.0108,+0.0045]
  step  3/20 iter  1: |R|=2.11549e+03, rel=1.000e+00, wall=0.0s
  step  3/20 iter  2: |R|=1.67262e+01, rel=7.907e-03, wall=2.1s
  step  3/20 iter  3: |R|=1.71493e-03, rel=8.107e-07, wall=1.0s
  step  3/20 iter  4: |R|=2.89275e-09, rel=1.367e-12, wall=0.7s
    converged: in-box 2070/2070; E11=[+0.0088,+0.0206], E22=[-0.0098,-0.0036], g12=[-0.0162,+0.0069]
  step  4/20 iter  1: |R|=2.11549e+03, rel=1.000e+00, wall=0.0s
  step  4/20 iter  2: |R|=1.69784e+01, rel=8.026e-03, wall=1.9s
  step  4/20 iter  3: |R|=9.23943e-04, rel=4.368e-07, wall=0.8s
  step  4/20 iter  4: |R|=2.64354e-09, rel=1.250e-12, wall=0.7s
    converged: in-box 2070/2070; E11=[+0.0118,+0.0278], E22=[-0.0131,-0.0048], g12=[-0.0217,+0.0092]
  step  5/20 iter  1: |R|=2.11549e+03, rel=1.000e+00, wall=0.0s
  step  5/20 iter  2: |R|=1.72192e+01, rel=8.140e-03, wall=2.0s
  step  5/20 iter  3: |R|=7.22663e-04, rel=3.416e-07, wall=0.9s
  step  5/20 iter  4: |R|=2.69228e-09, rel=1.273e-12, wall=0.7s
    converged: in-box 2070/2070; E11=[+0.0149,+0.0352], E22=[-0.0163,-0.0060], g12=[-0.0272,+0.0116]
  step  6/20 iter  1: |R|=2.11549e+03, rel=1.000e+00, wall=0.0s
  step  6/20 iter  2: |R|=1.74541e+01, rel=8.251e-03, wall=1.9s
  step  6/20 iter  3: |R|=6.87785e-04, rel=3.251e-07, wall=0.9s
  step  6/20 iter  4: |R|=2.89776e-09, rel=1.370e-12, wall=0.7s
    converged: in-box 2070/2070; E11=[+0.0180,+0.0426], E22=[-0.0196,-0.0072], g12=[-0.0327,+0.0140]
  step  7/20 iter  1: |R|=2.11549e+03, rel=1.000e+00, wall=0.0s
  step  7/20 iter  2: |R|=1.76854e+01, rel=8.360e-03, wall=1.8s
  step  7/20 iter  3: |R|=6.91360e-04, rel=3.268e-07, wall=0.8s
  step  7/20 iter  4: |R|=3.19189e-09, rel=1.509e-12, wall=0.6s
    converged: in-box 2070/2070; E11=[+0.0212,+0.0503], E22=[-0.0229,-0.0084], g12=[-0.0383,+0.0164]
  step  8/20 iter  1: |R|=2.11549e+03, rel=1.000e+00, wall=0.0s
  step  8/20 iter  2: |R|=1.79143e+01, rel=8.468e-03, wall=1.8s
  step  8/20 iter  3: |R|=7.03406e-04, rel=3.325e-07, wall=0.7s
  step  8/20 iter  4: |R|=3.13818e-09, rel=1.483e-12, wall=0.6s
    converged: in-box 2070/2070; E11=[+0.0245,+0.0580], E22=[-0.0262,-0.0096], g12=[-0.0439,+0.0189]
  step  9/20 iter  1: |R|=2.11549e+03, rel=1.000e+00, wall=0.0s
  step  9/20 iter  2: |R|=1.81414e+01, rel=8.575e-03, wall=1.7s
  step  9/20 iter  3: |R|=7.17374e-04, rel=3.391e-07, wall=0.8s
  step  9/20 iter  4: |R|=3.41446e-09, rel=1.614e-12, wall=0.7s
    converged: in-box 2070/2070; E11=[+0.0278,+0.0659], E22=[-0.0295,-0.0108], g12=[-0.0496,+0.0213]
  step 10/20 iter  1: |R|=2.11549e+03, rel=1.000e+00, wall=0.0s
  step 10/20 iter  2: |R|=1.83668e+01, rel=8.682e-03, wall=1.8s
  step 10/20 iter  3: |R|=7.31798e-04, rel=3.459e-07, wall=0.8s
  step 10/20 iter  4: |R|=3.81002e-09, rel=1.801e-12, wall=0.6s
    converged: in-box 2070/2070; E11=[+0.0311,+0.0740], E22=[-0.0327,-0.0121], g12=[-0.0553,+0.0238]
  step 11/20 iter  1: |R|=2.11549e+03, rel=1.000e+00, wall=0.0s
  step 11/20 iter  2: |R|=1.85908e+01, rel=8.788e-03, wall=1.7s
  step 11/20 iter  3: |R|=7.46333e-04, rel=3.528e-07, wall=0.8s
  step 11/20 iter  4: |R|=4.31821e-09, rel=2.041e-12, wall=0.7s
    converged: in-box 2070/2070; E11=[+0.0345,+0.0822], E22=[-0.0360,-0.0133], g12=[-0.0611,+0.0264]
  step 12/20 iter  1: |R|=2.11549e+03, rel=1.000e+00, wall=0.0s
  step 12/20 iter  2: |R|=1.88133e+01, rel=8.893e-03, wall=2.1s
  step 12/20 iter  3: |R|=7.60877e-04, rel=3.597e-07, wall=0.9s
  step 12/20 iter  4: |R|=4.01481e-09, rel=1.898e-12, wall=0.8s
    converged: in-box 2070/2070; E11=[+0.0380,+0.0906], E22=[-0.0393,-0.0145], g12=[-0.0669,+0.0289]
  step 13/20 iter  1: |R|=2.11549e+03, rel=1.000e+00, wall=0.0s
  step 13/20 iter  2: |R|=1.90342e+01, rel=8.998e-03, wall=1.8s
  step 13/20 iter  3: |R|=7.75367e-04, rel=3.665e-07, wall=0.7s
  step 13/20 iter  4: |R|=4.66161e-09, rel=2.204e-12, wall=0.6s
    converged: in-box 2070/2070; E11=[+0.0415,+0.0991], E22=[-0.0425,-0.0157], g12=[-0.0728,+0.0315]
  step 14/20 iter  1: |R|=2.11549e+03, rel=1.000e+00, wall=0.0s
  step 14/20 iter  2: |R|=1.92535e+01, rel=9.101e-03, wall=1.9s
  step 14/20 iter  3: |R|=7.89765e-04, rel=3.733e-07, wall=0.8s
  step 14/20 iter  4: |R|=4.78167e-09, rel=2.260e-12, wall=0.7s
    converged: in-box 2070/2070; E11=[+0.0450,+0.1078], E22=[-0.0458,-0.0169], g12=[-0.0787,+0.0340]
  step 15/20 iter  1: |R|=2.11549e+03, rel=1.000e+00, wall=0.0s
  step 15/20 iter  2: |R|=1.94712e+01, rel=9.204e-03, wall=1.8s
  step 15/20 iter  3: |R|=8.04003e-04, rel=3.801e-07, wall=0.8s
  step 15/20 iter  4: |R|=4.94094e-09, rel=2.336e-12, wall=0.6s
    converged: in-box 2070/2070; E11=[+0.0486,+0.1166], E22=[-0.0490,-0.0181], g12=[-0.0847,+0.0366]
  step 16/20 iter  1: |R|=2.11549e+03, rel=1.000e+00, wall=0.0s
  step 16/20 iter  2: |R|=1.96870e+01, rel=9.306e-03, wall=1.8s
  step 16/20 iter  3: |R|=8.18043e-04, rel=3.867e-07, wall=0.8s
  step 16/20 iter  4: |R|=4.99248e-09, rel=2.360e-12, wall=0.7s
    converged: in-box 2070/2070; E11=[+0.0523,+0.1256], E22=[-0.0523,-0.0192], g12=[-0.0908,+0.0393]
  step 17/20 iter  1: |R|=2.11549e+03, rel=1.000e+00, wall=0.0s
  step 17/20 iter  2: |R|=1.99009e+01, rel=9.407e-03, wall=2.0s
  step 17/20 iter  3: |R|=8.31820e-04, rel=3.932e-07, wall=0.8s
  step 17/20 iter  4: |R|=5.63280e-09, rel=2.663e-12, wall=0.7s
    converged: in-box 2070/2070; E11=[+0.0560,+0.1348], E22=[-0.0555,-0.0204], g12=[-0.0969,+0.0419]
  step 18/20 iter  1: |R|=2.11549e+03, rel=1.000e+00, wall=0.0s
  step 18/20 iter  2: |R|=2.01126e+01, rel=9.507e-03, wall=1.9s
  step 18/20 iter  3: |R|=8.45295e-04, rel=3.996e-07, wall=0.7s
  step 18/20 iter  4: |R|=6.12597e-09, rel=2.896e-12, wall=0.6s
    converged: in-box 2070/2070; E11=[+0.0598,+0.1442], E22=[-0.0587,-0.0216], g12=[-0.1031,+0.0446]
  step 19/20 iter  1: |R|=2.11549e+03, rel=1.000e+00, wall=0.0s
  step 19/20 iter  2: |R|=2.03221e+01, rel=9.606e-03, wall=1.9s
  step 19/20 iter  3: |R|=8.58416e-04, rel=4.058e-07, wall=0.8s
  step 19/20 iter  4: |R|=6.18045e-09, rel=2.922e-12, wall=0.6s
    converged: in-box 2070/2070; E11=[+0.0636,+0.1537], E22=[-0.0619,-0.0227], g12=[-0.1094,+0.0473]
  step 20/20 iter  1: |R|=2.11549e+03, rel=1.000e+00, wall=0.0s
  step 20/20 iter  2: |R|=2.05291e+01, rel=9.704e-03, wall=1.8s
  step 20/20 iter  3: |R|=8.71137e-04, rel=4.118e-07, wall=0.8s
  step 20/20 iter  4: |R|=6.55967e-09, rel=3.101e-12, wall=0.6s
    converged: in-box 2070/2070; E11=[+0.0675,+0.1635], E22=[-0.0651,-0.0239], g12=[-0.1157,+0.0500]
{
  "status": "converged",
  "model": "linear_hprom_fixed_ecm",
  "tag": "clean_timing_ecm_w20_f100kn_optimized_r3",
  "implementation": "optimized",
  "output": "/home/sares/ML_assisted_CLs_clean/coupon_fe2_paper/06_fe2/hprom_fe2_clean_timing_ecm_w20_f100kn_optimized_r3.npz",
  "wall_seconds": 68.95301751792431,
  "workers": 20,
  "worker_pids": [
    907053,
    907054,
    907055,
    907056,
    907057,
    907058,
    907059,
    907060,
    907061,
    907062,
    907063,
    907064,
    907065,
    907066,
    907067,
    907068,
    907069,
    907070,
    907071,
    907072
  ],
  "macro_elements": 690,
  "macro_gauss_points": 2070,
  "rve_elements_full": 1546,
  "hprom_modes": 39,
  "residual_ecm_elements": 135,
  "stress_ecm_elements": 73,
  "total_distinct_ecm_elements": 183,
  "force_per_end": 100000.0,
  "n_steps_requested": 20,
  "n_steps_completed": 20,
  "macro_newton": [
    {
      "step": 1,
      "iterations": 4,
      "residual": 2.4250106923268837e-08,
      "relative_residual": 1.1463102131620653e-11,
      "coverage": {
        "n": 2070,
        "inside": 2070,
        "outside": 0,
        "minimum": [
          0.002851584868249657,
          -0.0032358520519656375,
          -0.005396409015495175
        ],
        "maximum": [
          0.006804582733453746,
          -0.0012139847117778046,
          0.0022551998411627066
        ]
      }
    },
    {
      "step": 2,
      "iterations": 4,
      "residual": 5.971531462551308e-09,
      "relative_residual": 2.822761782215814e-12,
      "coverage": {
        "n": 2070,
        "inside": 2070,
        "outside": 0,
        "minimum": [
          0.005771790431164159,
          -0.006497837208167212,
          -0.010798630891035806
        ],
        "maximum": [
          0.01366640172701239,
          -0.002422097296780168,
          0.004547283807025103
        ]
      }
    },
    {
      "step": 3,
      "iterations": 4,
      "residual": 2.892747713909907e-09,
      "relative_residual": 1.3674109805169329e-12,
      "coverage": {
        "n": 2070,
        "inside": 2070,
        "outside": 0,
        "minimum": [
          0.00875264530187514,
          -0.00977343972343242,
          -0.016221846698961585
        ],
        "maximum": [
          0.020636630055807847,
          -0.003627238276698197,
          0.006869692430298672
        ]
      }
    },
    {
      "step": 4,
      "iterations": 4,
      "residual": 2.6435442177040365e-09,
      "relative_residual": 1.249611700801494e-12,
      "coverage": {
        "n": 2070,
        "inside": 2070,
        "outside": 0,
        "minimum": [
          0.011789901410777626,
          -0.013055918998032545,
          -0.021675076688386488
        ],
        "maximum": [
          0.027825713410734143,
          -0.00483096627122348,
          0.00921875799826963
        ]
      }
    },
    {
      "step": 5,
      "iterations": 4,
      "residual": 2.6922848902620225e-09,
      "relative_residual": 1.2726515706568764e-12,
      "coverage": {
        "n": 2070,
        "inside": 2070,
        "outside": 0,
        "minimum": [
          0.014881126674896494,
          -0.01634126441594913,
          -0.02716434427324553
        ],
        "maximum": [
          0.035158477277476896,
          -0.006034182729615922,
          0.011593892861754157
        ]
      }
    },
    {
      "step": 6,
      "iterations": 4,
      "residual": 2.897757915800652e-09,
      "relative_residual": 1.369779318773369e-12,
      "coverage": {
        "n": 2070,
        "inside": 2070,
        "outside": 0,
        "minimum": [
          0.01802487921843332,
          -0.019626892916618677,
          -0.03269404741251066
        ],
        "maximum": [
          0.04263391070933187,
          -0.007237429263656336,
          0.013996482316068806
        ]
      }
    },
    {
      "step": 7,
      "iterations": 4,
      "residual": 3.1918911115871636e-09,
      "relative_residual": 1.5088170093809856e-12,
      "coverage": {
        "n": 2070,
        "inside": 2070,
        "outside": 0,
        "minimum": [
          0.021220305938436934,
          -0.022911026636427356,
          -0.038267626153429275
        ],
        "maximum": [
          0.0502525380486647,
          -0.008441032708449814,
          0.01642304882737926
        ]
      }
    },
    {
      "step": 8,
      "iterations": 4,
      "residual": 3.1381776976152037e-09,
      "relative_residual": 1.4834265089536603e-12,
      "coverage": {
        "n": 2070,
        "inside": 2070,
        "outside": 0,
        "minimum": [
          0.024466929021739414,
          -0.026192369278035088,
          -0.043887918139597124
        ],
        "maximum": [
          0.05801581772912745,
          -0.009645182584050005,
          0.018872894730386745
        ]
      }
    },
    {
      "step": 9,
      "iterations": 4,
      "residual": 3.4144551225811422e-09,
      "relative_residual": 1.6140237203006546e-12,
      "coverage": {
        "n": 2070,
        "inside": 2070,
        "outside": 0,
        "minimum": [
          0.02776452393036133,
          -0.029469926198586904,
          -0.049557362101358526
        ],
        "maximum": [
          0.06592581025895194,
          -0.010849975566043502,
          0.02134551792793364
        ]
      }
    },
    {
      "step": 10,
      "iterations": 4,
      "residual": 3.810020711824829e-09,
      "relative_residual": 1.8010088236489656e-12,
      "coverage": {
        "n": 2070,
        "inside": 2070,
        "outside": 0,
        "minimum": [
          0.031113045405938955,
          -0.03274289883382708,
          -0.055278121440678334
        ],
        "maximum": [
          0.07398498481744109,
          -0.012055442577985576,
          0.023840555157894308
        ]
      }
    },
    {
      "step": 11,
      "iterations": 4,
      "residual": 4.318213212830104e-09,
      "relative_residual": 2.0412330238959606e-12,
      "coverage": {
        "n": 2070,
        "inside": 2070,
        "outside": 0,
        "minimum": [
          0.034512580311858,
          -0.03601061991441479,
          -0.06105216309156841
        ],
        "maximum": [
          0.08219610148662215,
          -0.013261566133483338,
          0.02635774561814857
        ]
      }
    },
    {
      "step": 12,
      "iterations": 4,
      "residual": 4.014806892502719e-09,
      "relative_residual": 1.89781189803065e-12,
      "coverage": {
        "n": 2070,
        "inside": 2070,
        "outside": 0,
        "minimum": [
          0.03796331628702143,
          -0.039272512199673426,
          -0.06688130998517688
        ],
        "maximum": [
          0.09056213677516345,
          -0.014468291909023268,
          0.02889690662553
        ]
      }
    },
    {
      "step": 13,
      "iterations": 4,
      "residual": 4.661607492994532e-09,
      "relative_residual": 2.2035565846702907e-12,
      "coverage": {
        "n": 2070,
        "inside": 2070,
        "outside": 0,
        "minimum": [
          0.041465520144527646,
          -0.04252806134946063,
          -0.07276727721391034
        ],
        "maximum": [
          0.09908623493226754,
          -0.015675536744701568,
          0.03145791671935358
        ]
      }
    },
    {
      "step": 14,
      "iterations": 4,
      "residual": 4.781673059072919e-09,
      "relative_residual": 2.2603119569579283e-12,
      "coverage": {
        "n": 2070,
        "inside": 2070,
        "outside": 0,
        "minimum": [
          0.04501952251468133,
          -0.04577679760764958,
          -0.07871169772524055
        ],
        "maximum": [
          0.10777167515064334,
          -0.01688319434502361,
          0.034040703555126624
        ]
      }
    },
    {
      "step": 15,
      "iterations": 4,
      "residual": 4.940939941910181e-09,
      "relative_residual": 2.3355979154868877e-12,
      "coverage": {
        "n": 2070,
        "inside": 2070,
        "outside": 0,
        "minimum": [
          0.04862570662730459,
          -0.049018283152929054,
          -0.0847161410552999
        ],
        "maximum": [
          0.11662184884012616,
          -0.018063861800510117,
          0.03664523498796065
        ]
      }
    },
    {
      "step": 16,
      "iterations": 4,
      "residual": 4.992480165077922e-09,
      "relative_residual": 2.3599611417575013e-12,
      "coverage": {
        "n": 2070,
        "inside": 2070,
        "outside": 0,
        "minimum": [
          0.052284499920817296,
          -0.05225210319722223,
          -0.09078212729365441
        ],
        "maximum": [
          0.12564024343772429,
          -0.019236842352195305,
          0.039271512344762026
        ]
      }
    },
    {
      "step": 17,
      "iterations": 4,
      "residual": 5.632796266302489e-09,
      "relative_residual": 2.6626405851136663e-12,
      "coverage": {
        "n": 2070,
        "inside": 2070,
        "outside": 0,
        "minimum": [
          0.05599636763308802,
          -0.055477859624435244,
          -0.0969111376919076
        ],
        "maximum": [
          0.1348304305441107,
          -0.020405105479962327,
          0.041919565238704416
        ]
      }
    },
    {
      "step": 18,
      "iterations": 4,
      "residual": 6.125972235007487e-09,
      "relative_residual": 2.8957664231153565e-12,
      "coverage": {
        "n": 2070,
        "inside": 2070,
        "outside": 0,
        "minimum": [
          0.05976180781431839,
          -0.058695166390108855,
          -0.10310462285317137
        ],
        "maximum": [
          0.14419605696882754,
          -0.02156837618724733,
          0.044589447496229846
        ]
      }
    },
    {
      "step": 19,
      "iterations": 4,
      "residual": 6.18045446129592e-09,
      "relative_residual": 2.9215203435527068e-12,
      "coverage": {
        "n": 2070,
        "inside": 2070,
        "outside": 0,
        "minimum": [
          0.06358134738165744,
          -0.0619036461667945,
          -0.10936400914007886
        ],
        "maximum": [
          0.15374083775385472,
          -0.0227263679039309,
          0.04728123390350515
        ]
      }
    },
    {
      "step": 20,
      "iterations": 4,
      "residual": 6.5596697456686824e-09,
      "relative_residual": 3.1007766061499914e-12,
      "coverage": {
        "n": 2070,
        "inside": 2070,
        "outside": 0,
        "minimum": [
          0.06745553895119316,
          -0.06510292788739758,
          -0.11569070374519412
        ],
        "maximum": [
          0.16346855055233633,
          -0.023878783764395062,
          0.049995017567766455
        ]
      }
    }
  ],
  "material_calls": 61,
  "unique_hprom_queries": 124201,
  "summed_hprom_seconds": 1141.5522587187588,
  "worker_ecm_mdpa": [
    {
      "n_modes": 39,
      "residual_elements": 135,
      "stress_elements": 73,
      "residual_mdpa": "/tmp/coupon_hprom_ecm_907053/residual_ecm.mdpa",
      "stress_mdpa": "/tmp/coupon_hprom_ecm_907053/stress_ecm.mdpa",
      "implementation": "local_projection_batched_stress_ift",
      "micro_newton_tolerance": 1e-10
    },
    {
      "n_modes": 39,
      "residual_elements": 135,
      "stress_elements": 73,
      "residual_mdpa": "/tmp/coupon_hprom_ecm_907054/residual_ecm.mdpa",
      "stress_mdpa": "/tmp/coupon_hprom_ecm_907054/stress_ecm.mdpa",
      "implementation": "local_projection_batched_stress_ift",
      "micro_newton_tolerance": 1e-10
    },
    {
      "n_modes": 39,
      "residual_elements": 135,
      "stress_elements": 73,
      "residual_mdpa": "/tmp/coupon_hprom_ecm_907055/residual_ecm.mdpa",
      "stress_mdpa": "/tmp/coupon_hprom_ecm_907055/stress_ecm.mdpa",
      "implementation": "local_projection_batched_stress_ift",
      "micro_newton_tolerance": 1e-10
    },
    {
      "n_modes": 39,
      "residual_elements": 135,
      "stress_elements": 73,
      "residual_mdpa": "/tmp/coupon_hprom_ecm_907056/residual_ecm.mdpa",
      "stress_mdpa": "/tmp/coupon_hprom_ecm_907056/stress_ecm.mdpa",
      "implementation": "local_projection_batched_stress_ift",
      "micro_newton_tolerance": 1e-10
    },
    {
      "n_modes": 39,
      "residual_elements": 135,
      "stress_elements": 73,
      "residual_mdpa": "/tmp/coupon_hprom_ecm_907057/residual_ecm.mdpa",
      "stress_mdpa": "/tmp/coupon_hprom_ecm_907057/stress_ecm.mdpa",
      "implementation": "local_projection_batched_stress_ift",
      "micro_newton_tolerance": 1e-10
    },
    {
      "n_modes": 39,
      "residual_elements": 135,
      "stress_elements": 73,
      "residual_mdpa": "/tmp/coupon_hprom_ecm_907058/residual_ecm.mdpa",
      "stress_mdpa": "/tmp/coupon_hprom_ecm_907058/stress_ecm.mdpa",
      "implementation": "local_projection_batched_stress_ift",
      "micro_newton_tolerance": 1e-10
    },
    {
      "n_modes": 39,
      "residual_elements": 135,
      "stress_elements": 73,
      "residual_mdpa": "/tmp/coupon_hprom_ecm_907059/residual_ecm.mdpa",
      "stress_mdpa": "/tmp/coupon_hprom_ecm_907059/stress_ecm.mdpa",
      "implementation": "local_projection_batched_stress_ift",
      "micro_newton_tolerance": 1e-10
    },
    {
      "n_modes": 39,
      "residual_elements": 135,
      "stress_elements": 73,
      "residual_mdpa": "/tmp/coupon_hprom_ecm_907062/residual_ecm.mdpa",
      "stress_mdpa": "/tmp/coupon_hprom_ecm_907062/stress_ecm.mdpa",
      "implementation": "local_projection_batched_stress_ift",
      "micro_newton_tolerance": 1e-10
    },
    {
      "n_modes": 39,
      "residual_elements": 135,
      "stress_elements": 73,
      "residual_mdpa": "/tmp/coupon_hprom_ecm_907060/residual_ecm.mdpa",
      "stress_mdpa": "/tmp/coupon_hprom_ecm_907060/stress_ecm.mdpa",
      "implementation": "local_projection_batched_stress_ift",
      "micro_newton_tolerance": 1e-10
    },
    {
      "n_modes": 39,
      "residual_elements": 135,
      "stress_elements": 73,
      "residual_mdpa": "/tmp/coupon_hprom_ecm_907063/residual_ecm.mdpa",
      "stress_mdpa": "/tmp/coupon_hprom_ecm_907063/stress_ecm.mdpa",
      "implementation": "local_projection_batched_stress_ift",
      "micro_newton_tolerance": 1e-10
    },
    {
      "n_modes": 39,
      "residual_elements": 135,
      "stress_elements": 73,
      "residual_mdpa": "/tmp/coupon_hprom_ecm_907065/residual_ecm.mdpa",
      "stress_mdpa": "/tmp/coupon_hprom_ecm_907065/stress_ecm.mdpa",
      "implementation": "local_projection_batched_stress_ift",
      "micro_newton_tolerance": 1e-10
    },
    {
      "n_modes": 39,
      "residual_elements": 135,
      "stress_elements": 73,
      "residual_mdpa": "/tmp/coupon_hprom_ecm_907064/residual_ecm.mdpa",
      "stress_mdpa": "/tmp/coupon_hprom_ecm_907064/stress_ecm.mdpa",
      "implementation": "local_projection_batched_stress_ift",
      "micro_newton_tolerance": 1e-10
    },
    {
      "n_modes": 39,
      "residual_elements": 135,
      "stress_elements": 73,
      "residual_mdpa": "/tmp/coupon_hprom_ecm_907066/residual_ecm.mdpa",
      "stress_mdpa": "/tmp/coupon_hprom_ecm_907066/stress_ecm.mdpa",
      "implementation": "local_projection_batched_stress_ift",
      "micro_newton_tolerance": 1e-10
    },
    {
      "n_modes": 39,
      "residual_elements": 135,
      "stress_elements": 73,
      "residual_mdpa": "/tmp/coupon_hprom_ecm_907067/residual_ecm.mdpa",
      "stress_mdpa": "/tmp/coupon_hprom_ecm_907067/stress_ecm.mdpa",
      "implementation": "local_projection_batched_stress_ift",
      "micro_newton_tolerance": 1e-10
    },
    {
      "n_modes": 39,
      "residual_elements": 135,
      "stress_elements": 73,
      "residual_mdpa": "/tmp/coupon_hprom_ecm_907061/residual_ecm.mdpa",
      "stress_mdpa": "/tmp/coupon_hprom_ecm_907061/stress_ecm.mdpa",
      "implementation": "local_projection_batched_stress_ift",
      "micro_newton_tolerance": 1e-10
    },
    {
      "n_modes": 39,
      "residual_elements": 135,
      "stress_elements": 73,
      "residual_mdpa": "/tmp/coupon_hprom_ecm_907068/residual_ecm.mdpa",
      "stress_mdpa": "/tmp/coupon_hprom_ecm_907068/stress_ecm.mdpa",
      "implementation": "local_projection_batched_stress_ift",
      "micro_newton_tolerance": 1e-10
    },
    {
      "n_modes": 39,
      "residual_elements": 135,
      "stress_elements": 73,
      "residual_mdpa": "/tmp/coupon_hprom_ecm_907070/residual_ecm.mdpa",
      "stress_mdpa": "/tmp/coupon_hprom_ecm_907070/stress_ecm.mdpa",
      "implementation": "local_projection_batched_stress_ift",
      "micro_newton_tolerance": 1e-10
    },
    {
      "n_modes": 39,
      "residual_elements": 135,
      "stress_elements": 73,
      "residual_mdpa": "/tmp/coupon_hprom_ecm_907071/residual_ecm.mdpa",
      "stress_mdpa": "/tmp/coupon_hprom_ecm_907071/stress_ecm.mdpa",
      "implementation": "local_projection_batched_stress_ift",
      "micro_newton_tolerance": 1e-10
    },
    {
      "n_modes": 39,
      "residual_elements": 135,
      "stress_elements": 73,
      "residual_mdpa": "/tmp/coupon_hprom_ecm_907069/residual_ecm.mdpa",
      "stress_mdpa": "/tmp/coupon_hprom_ecm_907069/stress_ecm.mdpa",
      "implementation": "local_projection_batched_stress_ift",
      "micro_newton_tolerance": 1e-10
    },
    {
      "n_modes": 39,
      "residual_elements": 135,
      "stress_elements": 73,
      "residual_mdpa": "/tmp/coupon_hprom_ecm_907072/residual_ecm.mdpa",
      "stress_mdpa": "/tmp/coupon_hprom_ecm_907072/stress_ecm.mdpa",
      "implementation": "local_projection_batched_stress_ift",
      "micro_newton_tolerance": 1e-10
    }
  ],
  "macro_relative_tolerance": 1e-07,
  "macro_absolute_tolerance": 1e-05,
  "timing_scope": "macro solve including constitutive tangents, IPC and lazy worker model loading; excludes parent setup and result export",
  "source_sha256": {
    "run_hprom_fe2.py": "47264576f97c7bd2ff40ad9292d583944432272aa3ebb1840c6b0740ea11fbb2",
    "linear_hprom_ecm.py": "bc143818d51311f78d7ec3ae56f6ec95f10070a83d990cae444c8e0505fe642a",
    "linear_hprom_fast.py": "1f80bf18ecfbe8912daff28f8a142839aebdc098c2c82ae2ea1610557683c17f",
    "reduced_stress_batch.py": "ae5347825c6cb937943e85a195dca1f641ca7289c759393082e3f4d97ae0bf5f"
  },
  "macro_mesh_sha256": "81aa5d4c646b8200fa94ccdfceb1466e7d401576b6ca14d2969f3d76105f4762",
  "rve_mesh_sha256": "82e42f23fc9bdb45933f88f8cbd4f6f5e52f5755aee7f8f28b8781bf71c87a47"
}
[VectorizedAssembler] 1546 elements, 3 GPs, total area=1.600000e-01
[ReducedAssembler] 135 elements, 3 GPs, total area=1.831398e-01
[ReducedAssembler] 73 elements, 3 GPs, total area=1.600005e-01
[VectorizedAssembler] 1546 elements, 3 GPs, total area=1.600000e-01
[ReducedAssembler] 135 elements, 3 GPs, total area=1.831398e-01
[ReducedAssembler] 73 elements, 3 GPs, total area=1.600005e-01
[VectorizedAssembler] 1546 elements, 3 GPs, total area=1.600000e-01
[ReducedAssembler] 135 elements, 3 GPs, total area=1.831398e-01
[ReducedAssembler] 73 elements, 3 GPs, total area=1.600005e-01
[VectorizedAssembler] 1546 elements, 3 GPs, total area=1.600000e-01
[ReducedAssembler] 135 elements, 3 GPs, total area=1.831398e-01
[ReducedAssembler] 73 elements, 3 GPs, total area=1.600005e-01
[VectorizedAssembler] 1546 elements, 3 GPs, total area=1.600000e-01
[ReducedAssembler] 135 elements, 3 GPs, total area=1.831398e-01
[ReducedAssembler] 73 elements, 3 GPs, total area=1.600005e-01
[VectorizedAssembler] 1546 elements, 3 GPs, total area=1.600000e-01
[ReducedAssembler] 135 elements, 3 GPs, total area=1.831398e-01
[ReducedAssembler] 73 elements, 3 GPs, total area=1.600005e-01
[VectorizedAssembler] 1546 elements, 3 GPs, total area=1.600000e-01
[ReducedAssembler] 135 elements, 3 GPs, total area=1.831398e-01
[ReducedAssembler] 73 elements, 3 GPs, total area=1.600005e-01
[VectorizedAssembler] 1546 elements, 3 GPs, total area=1.600000e-01
[ReducedAssembler] 135 elements, 3 GPs, total area=1.831398e-01
[ReducedAssembler] 73 elements, 3 GPs, total area=1.600005e-01
[VectorizedAssembler] 1546 elements, 3 GPs, total area=1.600000e-01
[ReducedAssembler] 135 elements, 3 GPs, total area=1.831398e-01
[ReducedAssembler] 73 elements, 3 GPs, total area=1.600005e-01
[VectorizedAssembler] 1546 elements, 3 GPs, total area=1.600000e-01
[ReducedAssembler] 135 elements, 3 GPs, total area=1.831398e-01
[ReducedAssembler] 73 elements, 3 GPs, total area=1.600005e-01
[VectorizedAssembler] 1546 elements, 3 GPs, total area=1.600000e-01
[ReducedAssembler] 135 elements, 3 GPs, total area=1.831398e-01
[ReducedAssembler] 73 elements, 3 GPs, total area=1.600005e-01
[VectorizedAssembler] 1546 elements, 3 GPs, total area=1.600000e-01
[ReducedAssembler] 135 elements, 3 GPs, total area=1.831398e-01
[ReducedAssembler] 73 elements, 3 GPs, total area=1.600005e-01
[VectorizedAssembler] 1546 elements, 3 GPs, total area=1.600000e-01
[ReducedAssembler] 135 elements, 3 GPs, total area=1.831398e-01
[ReducedAssembler] 73 elements, 3 GPs, total area=1.600005e-01
[VectorizedAssembler] 1546 elements, 3 GPs, total area=1.600000e-01
[ReducedAssembler] 135 elements, 3 GPs, total area=1.831398e-01
[ReducedAssembler] 73 elements, 3 GPs, total area=1.600005e-01
[VectorizedAssembler] 1546 elements, 3 GPs, total area=1.600000e-01
[ReducedAssembler] 135 elements, 3 GPs, total area=1.831398e-01
[ReducedAssembler] 73 elements, 3 GPs, total area=1.600005e-01
[VectorizedAssembler] 1546 elements, 3 GPs, total area=1.600000e-01
[ReducedAssembler] 135 elements, 3 GPs, total area=1.831398e-01
[ReducedAssembler] 73 elements, 3 GPs, total area=1.600005e-01
[VectorizedAssembler] 1546 elements, 3 GPs, total area=1.600000e-01
[ReducedAssembler] 135 elements, 3 GPs, total area=1.831398e-01
[ReducedAssembler] 73 elements, 3 GPs, total area=1.600005e-01
[VectorizedAssembler] 1546 elements, 3 GPs, total area=1.600000e-01
[ReducedAssembler] 135 elements, 3 GPs, total area=1.831398e-01
[ReducedAssembler] 73 elements, 3 GPs, total area=1.600005e-01
[VectorizedAssembler] 1546 elements, 3 GPs, total area=1.600000e-01
[ReducedAssembler] 135 elements, 3 GPs, total area=1.831398e-01
[ReducedAssembler] 73 elements, 3 GPs, total area=1.600005e-01
[VectorizedAssembler] 1546 elements, 3 GPs, total area=1.600000e-01
[ReducedAssembler] 135 elements, 3 GPs, total area=1.831398e-01
[ReducedAssembler] 73 elements, 3 GPs, total area=1.600005e-01
 |  /           |                  
 ' /   __| _` | __|  _ \   __|    
 . \  |   (   | |   (   |\__ \  
_|\_\_|  \__,_|\__|\___/ ____/
           Multi-Physics 10.3."0"-master-532e0dba7df-Release-x86_64
           Compiled for GNU/Linux and Python3.12 with GCC-13.3
Compiled with threading support. Threading support with OpenMP.
Maximum number of threads: 1.
Importing    KratosStructuralMechanicsApplication 
    KRATOS   ___|  |                   |                   |
           \___ \  __|  __| |   |  __| __| |   |  __| _` | |
                 | |   |    |   | (    |   |   | |   (   | |
           _____/ \__|_|   \__,_|\___|\__|\__,_|_|  \__,_|_| MECHANICS
Initializing KratosStructuralMechanicsApplication...
Importing    KratosConstitutiveLawsApplication 
Initializing KratosConstitutiveLawsApplication...
[WARNING] DEPRECATION-Warning; MechanicalSolver: Using "line_search", please move it to "solving_strategy_settings" as "type" 
::[MechanicalSolver]:: : Construction finished 
::[StaticMechanicalSolver]:: : Construction finished 
::[MechanicalSolver]:: : Variables ADDED 
[WARNING] Model: Trying to create a root modelpart with name Structure however a ModelPart with the same name already exists. 
Returning the already existent ModelPart.
SingleImportModelPart: Reading model part from file: "/home/sares/ML_assisted_CLs_clean/coupon_fe2_paper/01_macro_prepass/coupon_conv_div4".mdpa
ModelPartIO:   [Reading Nodes    : 1501 nodes read]
ModelPartIO:   [Reading Geometries : 690 geometries read] [Type: Triangle2D6]
ModelPartIO:   [Total Lines Read : 4431]
SingleImportModelPart: Finished reading model part from mdpa file.
::[PythonSolver]::: Reading model part. 
::[PythonSolver]::: Using already imported model part - no reading necessary. 
ModelPart: -Structure- model part
    Buffer Size : 1
    Number of tables : 0
    Number of sub model parts : 2
    Current solution step index : 0
    DOMAIN_SIZE : 2
    OSS_SWITCH : 0
    IS_RESTARTED : 0

    Number of Geometries  : 690
    Mesh 0 :
        Number of Nodes       : 1501
        Number of Properties  : 1
        Number of Elements    : 690
        Number of Conditions  : 0
        Number of Constraints : 0

    -dirichlet- model part
        Number of tables : 0
        Number of sub model parts : 0

        Number of Geometries  : 0
        Mesh 0 :
            Number of Nodes       : 26
            Number of Properties  : 0
            Number of Elements    : 0
            Number of Conditions  : 0
            Number of Constraints : 0
    -material- model part
        Number of tables : 0
        Number of sub model parts : 0

        Number of Geometries  : 690
        Mesh 0 :
            Number of Nodes       : 1501
            Number of Properties  : 0
            Number of Elements    : 690
            Number of Conditions  : 0
            Number of Constraints : 0
 
::[PythonSolver]:: : Finished reading model part. 
Read materials: Started
Read materials: Finished
::[MechanicalSolver]:: : Constitutive law was successfully imported. 
::[MechanicalSolver]::: ModelPart prepared for Solver. 
::[MechanicalSolver]:: : DOF's ADDED 
::[MechanicalSolver]:: : Initializing ... 
Importing    LinearSolversApplication 
    Kratos  _     _                       ____        _
           | |   (_)_ __   ___  __ _ _ __/ ___|  ___ | |_   _____ _ __ ___
           | |   | | '_ \ / _ \/ _` | '__\___ \ / _ \| \ \ / / _ \ '__/ __|
           | |___| | | | |  __/ (_| | |   ___) | (_) | |\ V /  __/ |  \__ \
           |_____|_|_| |_|\___|\__,_|_|  |____/ \___/|_| \_/ \___|_|  |___/
Initializing KratosLinearSolversApplication...
Linear-Solver-Factory: Constructing a regular (non-complex) linear-solver 
::[MechanicalSolver]:: : Finished initialization. 
Analysis: Analysis -START-  
Deregistering KratosMultiphysics
Deregistering ConstitutiveLawsApplication
Deregistering LinearSolversApplication
Deregistering StructuralMechanicsApplication
