 |  /           |                  
 ' /   __| _` | __|  _ \   __|    
 . \  |   (   | |   (   |\__ \  
_|\_\_|  \__,_|\__|\___/ ____/
           Multi-Physics 10.3."0"-master-532e0dba7df-Release-x86_64
           Compiled for GNU/Linux and Python3.12 with GCC-13.3
Compiled with threading support. Threading support with OpenMP.
Maximum number of threads: 1.
Importing    KratosStructuralMechanicsApplication 
    KRATOS   ___|  |                   |                   |
           \___ \  __|  __| |   |  __| __| |   |  __| _` | |
                 | |   |    |   | (    |   |   | |   (   | |
           _____/ \__|_|   \__,_|\___|\__|\__,_|_|  \__,_|_| MECHANICS
Initializing KratosStructuralMechanicsApplication...
Importing    KratosConstitutiveLawsApplication 
Initializing KratosConstitutiveLawsApplication...
[WARNING] DEPRECATION-Warning; MechanicalSolver: Using "line_search", please move it to "solving_strategy_settings" as "type" 
::[MechanicalSolver]:: : Construction finished 
::[StaticMechanicalSolver]:: : Construction finished 
::[MechanicalSolver]:: : Variables ADDED 
[WARNING] Model: Trying to create a root modelpart with name Structure however a ModelPart with the same name already exists. 
Returning the already existent ModelPart.
SingleImportModelPart: Reading model part from file: "/home/sares/ML_assisted_CLs_clean/coupon_fe2_paper/03_data/rve_mesh".mdpa
ModelPartIO:   [Reading Nodes    : 3240 nodes read]
ModelPartIO:   [Reading Geometries : 1546 geometries read] [Type: Triangle2D6]
ModelPartIO:   [Total Lines Read : 9751]
SingleImportModelPart: Finished reading model part from mdpa file.
::[PythonSolver]::: Reading model part. 
::[PythonSolver]::: Using already imported model part - no reading necessary. 
ModelPart: -Structure- model part
    Buffer Size : 1
    Number of tables : 0
    Number of sub model parts : 2
    Current solution step index : 0
    DOMAIN_SIZE : 2
    OSS_SWITCH : 0
    IS_RESTARTED : 0

    Number of Geometries  : 1546
    Mesh 0 :
        Number of Nodes       : 3240
        Number of Properties  : 1
        Number of Elements    : 1546
        Number of Conditions  : 0
        Number of Constraints : 0

    -dirichlet- model part
        Number of tables : 0
        Number of sub model parts : 0

        Number of Geometries  : 0
        Mesh 0 :
            Number of Nodes       : 156
            Number of Properties  : 0
            Number of Elements    : 0
            Number of Conditions  : 0
            Number of Constraints : 0
    -material- model part
        Number of tables : 0
        Number of sub model parts : 0

        Number of Geometries  : 1546
        Mesh 0 :
            Number of Nodes       : 3240
            Number of Properties  : 0
            Number of Elements    : 1546
            Number of Conditions  : 0
            Number of Constraints : 0
 
::[PythonSolver]:: : Finished reading model part. 
Read materials: Started
Read materials: Finished
::[MechanicalSolver]:: : Constitutive law was successfully imported. 
::[MechanicalSolver]::: ModelPart prepared for Solver. 
::[MechanicalSolver]:: : DOF's ADDED 
::[MechanicalSolver]:: : Initializing ... 
Importing    LinearSolversApplication 
    Kratos  _     _                       ____        _
           | |   (_)_ __   ___  __ _ _ __/ ___|  ___ | |_   _____ _ __ ___
           | |   | | '_ \ / _ \/ _` | '__\___ \ / _ \| \ \ / / _ \ '__/ __|
           | |___| | | | |  __/ (_| | |   ___) | (_) | |\ V /  __/ |  \__ \
           |_____|_|_| |_|\___|\__,_|_|  |____/ \___/|_| \_/ \___|_|  |___/
Initializing KratosLinearSolversApplication...
Linear-Solver-Factory: Constructing a regular (non-complex) linear-solver 
::[MechanicalSolver]:: : Finished initialization. 
Analysis: Analysis -START-  
[WARNING] DEPRECATION-Warning; MechanicalSolver: Using "line_search", please move it to "solving_strategy_settings" as "type" 
::[MechanicalSolver]:: : Construction finished 
::[StaticMechanicalSolver]:: : Construction finished 
::[MechanicalSolver]:: : Variables ADDED 
[WARNING] Model: Trying to create a root modelpart with name Structure however a ModelPart with the same name already exists. 
Returning the already existent ModelPart.
SingleImportModelPart: Reading model part from file: "/tmp/coupon_maw_hprom_ann_902602/residual_maw10".mdpa
ModelPartIO:   [Reading Nodes    : 60 nodes read]
ModelPartIO:   [Reading Geometries : 10 geometries read] [Type: Triangle2D6]
ModelPartIO:   [Total Lines Read : 164]
SingleImportModelPart: Finished reading model part from mdpa file.
::[PythonSolver]::: Reading model part. 
::[PythonSolver]::: Using already imported model part - no reading necessary. 
ModelPart: -Structure- model part
    Buffer Size : 1
    Number of tables : 0
    Number of sub model parts : 2
    Current solution step index : 0
    DOMAIN_SIZE : 2
    OSS_SWITCH : 0
    IS_RESTARTED : 0

    Number of Geometries  : 10
    Mesh 0 :
        Number of Nodes       : 60
        Number of Properties  : 1
        Number of Elements    : 10
        Number of Conditions  : 0
        Number of Constraints : 0

    -dirichlet- model part
        Number of tables : 0
        Number of sub model parts : 0

        Number of Geometries  : 0
        Mesh 0 :
            Number of Nodes       : 1
            Number of Properties  : 0
            Number of Elements    : 0
            Number of Conditions  : 0
            Number of Constraints : 0
    -material- model part
        Number of tables : 0
        Number of sub model parts : 0

        Number of Geometries  : 10
        Mesh 0 :
            Number of Nodes       : 60
            Number of Properties  : 0
            Number of Elements    : 10
            Number of Conditions  : 0
            Number of Constraints : 0
 
::[PythonSolver]:: : Finished reading model part. 
Read materials: Started
Read materials: Finished
::[MechanicalSolver]:: : Constitutive law was successfully imported. 
::[MechanicalSolver]::: ModelPart prepared for Solver. 
::[MechanicalSolver]:: : DOF's ADDED 
::[MechanicalSolver]:: : Initializing ... 
Linear-Solver-Factory: Constructing a regular (non-complex) linear-solver 
::[MechanicalSolver]:: : Finished initialization. 
Analysis: Analysis -START-  
[WARNING] DEPRECATION-Warning; MechanicalSolver: Using "line_search", please move it to "solving_strategy_settings" as "type" 
::[MechanicalSolver]:: : Construction finished 
::[StaticMechanicalSolver]:: : Construction finished 
::[MechanicalSolver]:: : Variables ADDED 
[WARNING] Model: Trying to create a root modelpart with name Structure however a ModelPart with the same name already exists. 
Returning the already existent ModelPart.
SingleImportModelPart: Reading model part from file: "/tmp/coupon_maw_hprom_ann_902602/stress_maw10".mdpa
ModelPartIO:   [Reading Nodes    : 60 nodes read]
ModelPartIO:   [Reading Geometries : 10 geometries read] [Type: Triangle2D6]
ModelPartIO:   [Total Lines Read : 164]
SingleImportModelPart: Finished reading model part from mdpa file.
::[PythonSolver]::: Reading model part. 
::[PythonSolver]::: Using already imported model part - no reading necessary. 
ModelPart: -Structure- model part
    Buffer Size : 1
    Number of tables : 0
    Number of sub model parts : 2
    Current solution step index : 0
    DOMAIN_SIZE : 2
    OSS_SWITCH : 0
    IS_RESTARTED : 0

    Number of Geometries  : 10
    Mesh 0 :
        Number of Nodes       : 60
        Number of Properties  : 1
        Number of Elements    : 10
        Number of Conditions  : 0
        Number of Constraints : 0

    -dirichlet- model part
        Number of tables : 0
        Number of sub model parts : 0

        Number of Geometries  : 0
        Mesh 0 :
            Number of Nodes       : 1
            Number of Properties  : 0
            Number of Elements    : 0
            Number of Conditions  : 0
            Number of Constraints : 0
    -material- model part
        Number of tables : 0
        Number of sub model parts : 0

        Number of Geometries  : 10
        Mesh 0 :
            Number of Nodes       : 60
            Number of Properties  : 0
            Number of Elements    : 10
            Number of Conditions [VectorizedAssembler] 690 elements, 3 GPs, total area=1.311591e-04
[macro] 3002 dofs, 13/13 end-face nodes
  step  1/20 iter  1: |R|=2.08147e+03, rel=1.000e+00, wall=0.37s
 |  /           |                  
 ' /   __| _` | __|  _ \   __|    
 . \  |   (   | |   (   |\__ \  
_|\_\_|  \__,_|\__|\___/ ____/
           Multi-Physics 10.3."0"-master-532e0dba7df-Release-x86_64
           Compiled for GNU/Linux and Python3.12 with GCC-13.3
Compiled with threading support. Threading support with OpenMP.
Maximum number of threads: 1.
Importing    KratosStructuralMechanicsApplication 
    KRATOS   ___|  |                   |                   |
           \___ \  __|  __| |   |  __| __| |   |  __| _` | |
                 | |   |    |   | (    |   |   | |   (   | |
           _____/ \__|_|   \__,_|\___|\__|\__,_|_|  \__,_|_| MECHANICS
Initializing KratosStructuralMechanicsApplication...
Importing    KratosConstitutiveLawsApplication 
Initializing KratosConstitutiveLawsApplication...
[WARNING] DEPRECATION-Warning; MechanicalSolver: Using "line_search", please move it to "solving_strategy_settings" as "type" 
::[MechanicalSolver]:: : Construction finished 
::[StaticMechanicalSolver]:: : Construction finished 
::[MechanicalSolver]:: : Variables ADDED 
[WARNING] Model: Trying to create a root modelpart with name Structure however a ModelPart with the same name already exists. 
Returning the already existent ModelPart.
SingleImportModelPart: Reading model part from file: "/home/sares/ML_assisted_CLs_clean/coupon_fe2_paper/03_data/rve_mesh".mdpa
ModelPartIO:   [Reading Nodes    : 3240 nodes read]
ModelPartIO:   [Reading Geometries : 1546 geometries read] [Type: Triangle2D6]
ModelPartIO:   [Total Lines Read : 9751]
SingleImportModelPart: Finished reading model part from mdpa file.
::[PythonSolver]::: Reading model part. 
::[PythonSolver]::: Using already imported model part - no reading necessary. 
ModelPart: -Structure- model part
    Buffer Size : 1
    Number of tables : 0
    Number of sub model parts : 2
    Current solution step index : 0
    DOMAIN_SIZE : 2
    OSS_SWITCH : 0
    IS_RESTARTED : 0

    Number of Geometries  : 1546
    Mesh 0 :
        Number of Nodes       : 3240
        Number of Properties  : 1
        Number of Elements    : 1546
        Number of Conditions  : 0
        Number of Constraints : 0

    -dirichlet- model part
        Number of tables : 0
        Number of sub model parts : 0

        Number of Geometries  : 0
        Mesh 0 :
            Number of Nodes       : 156
            Number of Properties  : 0
            Number of Elements    : 0
            Number of Conditions  : 0
            Number of Constraints : 0
    -material- model part
        Number of tables : 0
        Number of sub model parts : 0

        Number of Geometries  : 1546
        Mesh 0 :
            Number of Nodes       : 3240
            Number of Properties  : 0
            Number of Elements    : 1546
            Number of Conditions  : 0
            Number of Constraints : 0
 
::[PythonSolver]:: : Finished reading model part. 
Read materials: Started
Read materials: Finished
::[MechanicalSolver]:: : Constitutive law was successfully imported. 
::[MechanicalSolver]::: ModelPart prepared for Solver. 
::[MechanicalSolver]:: : DOF's ADDED 
::[MechanicalSolver]:: : Initializing ... 
Importing    LinearSolversApplication 
    Kratos  _     _                       ____        _
           | |   (_)_ __   ___  __ _ _ __/ ___|  ___ | |_   _____ _ __ ___
           | |   | | '_ \ / _ \/ _` | '__\___ \ / _ \| \ \ / / _ \ '__/ __|
           | |___| | | | |  __/ (_| | |   ___) | (_) | |\ V /  __/ |  \__ \
           |_____|_|_| |_|\___|\__,_|_|  |____/ \___/|_| \_/ \___|_|  |___/
Initializing KratosLinearSolversApplication...
Linear-Solver-Factory: Constructing a regular (non-complex) linear-solver 
::[MechanicalSolver]:: : Finished initialization. 
Analysis: Analysis -START-  
[WARNING] DEPRECATION-Warning; MechanicalSolver: Using "line_search", please move it to "solving_strategy_settings" as "type" 
::[MechanicalSolver]:: : Construction finished 
::[StaticMechanicalSolver]:: : Construction finished 
::[MechanicalSolver]:: : Variables ADDED 
[WARNING] Model: Trying to create a root modelpart with na |  /           |                  
 ' /   __| _` | __|  _ \   __|    
 . \  |   (   | |   (   |\__ \  
_|\_\_|  \__,_|\__|\___/ ____/
           Multi-Physics 10.3."0"-master-532e0dba7df-Release-x86_64
           Compiled for GNU/Linux and Python3.12 with GCC-13.3
Compiled with threading support. Threading support with OpenMP.
Maximum number of threads: 1.
Importing    KratosStructuralMechanicsApplication 
    KRATOS   ___|  |                   |                   |
           \___ \  __|  __| |   |  __| __| |   |  __| _` | |
                 | |   |    |   | (    |   |   | |   (   | |
           _____/ \__|_|   \__,_|\___|\__|\__,_|_|  \__,_|_| MECHANICS
Initializing KratosStructuralMechanicsApplication...
Importing    KratosConstitutiveLawsApplication 
Initializing KratosConstitutiveLawsApplication...
[WARNING] DEPRECATION-Warning; MechanicalSolver: Using "line_search", please move it to "solving_strategy_settings" as "type" 
::[MechanicalSolver]:: : Construction finished 
::[StaticMechanicalSolver]:: : Construction finished 
::[MechanicalSolver]:: : Variables ADDED 
[WARNING] Model: Trying to create a root modelpart with name Structure however a ModelPart with the same name already exists. 
Returning the already existent ModelPart.
SingleImportModelPart: Reading model part from file: "/home/sares/ML_assisted_CLs_clean/coupon_fe2_paper/03_data/rve_mesh".mdpa
ModelPartIO:   [Reading Nodes    : 3240 nodes read]
ModelPartIO:   [Reading Geometries : 1546 geometries read] [Type: Triangle2D6]
ModelPartIO:   [Total Lines Read : 9751]
SingleImportModelPart: Finished reading model part from mdpa file.
::[PythonSolver]::: Reading model part. 
::[PythonSolver]::: Using already imported model part - no reading necessary. 
ModelPart: -Structure- model part
    Buffer Size : 1
    Number of tables : 0
    Number of sub model parts : 2
    Current solution step index : 0
    DOMAIN_SIZE : 2
    OSS_SWITCH : 0
    IS_RESTARTED : 0

    Number of Geometries  : 1546
    Mesh 0 :
        Number of Nodes       : 3240
        Number of Properties  : 1
        Number of Elements    : 1546
        Number of Conditions  : 0
        Number of Constraints : 0

    -dirichlet- model part
        Number of tables : 0
        Number of sub model parts : 0

        Number of Geometries  : 0
        Mesh 0 :
            Number of Nodes       : 156
            Number of Properties  : 0
            Number of Elements    : 0
            Number of Conditions  : 0
            Number of Constraints : 0
    -material- model part
        Number of tables : 0
        Number of sub model parts : 0

        Number of Geometries  : 1546
        Mesh 0 :
            Number of Nodes       : 3240
            Number of Properties  : 0
            Number of Elements    : 1546
            Number of Conditions  : 0
            Number of Constraints : 0
 
::[PythonSolver]:: : Finished reading model part. 
Read materials: Started
Read materials: Finished
::[MechanicalSolver]:: : Constitutive law was successfully imported. 
::[MechanicalSolver]::: ModelPart prepared for Solver. 
::[MechanicalSolver]:: : DOF's ADDED 
::[MechanicalSolver]:: : Initializing ... 
Importing    LinearSolversApplication 
    Kratos  _     _                       ____        _
           | |   (_)_ __   ___  __ _ _ __/ ___|  ___ | |_   _____ _ __ ___
           | |   | | '_ \ / _ \/ _` | '__\___ \ / _ \| \ \ / / _ \ '__/ __|
           | |___| | | | |  __/ (_| | |   ___) | (_) | |\ V /  __/ |  \__ \
           |_____|_|_| |_|\___|\__,_|_|  |____/ \___/|_| \_/ \___|_|  |___/
Initializing KratosLinearSolversApplication...
Linear-Solver-Factory: Constructing a regular (non-complex) linear-solver 
::[MechanicalSolver]:: : Finished initialization. 
Analysis: Analysis -START-  
[WARNING] DEPRECATION-Warning; MechanicalSolver: Using "line_search", please move it to "solving_strategy_settings" as "type" 
::[MechanicalSolver]:: : Construction finished 
::[StaticMechanicalSolver]:: : Construction finished 
::[MechanicalSolver]:: : Variables ADDED 
[WARNING] Model: Trying to create a root modelpart with name Structure however a ModelPart with the same name already exists. 
Returning the already existent ModelPart.
SingleImportModelPart: Reading model part from file: "/tmp/coupon_maw_hprom_ann_902622/residual_maw10".mdpa
ModelPartIO:   [Reading Nodes    : 60 nodes read]
ModelPartIO:   [Reading Geometries : 10 geometries read] [Type: Triangle2D6]
ModelPartIO:   [Total Lines Read : 164]
SingleImportModelPart: Finished reading model part from mdpa file.
::[PythonSolver]::: Reading model part. 
::[PythonSolver]::: Using already imported model part - no reading necessary. 
ModelPart: -Structure- model part
    Buffer Size : 1
    Number of tables : 0
    Number of sub model parts : 2
    Current solution step index : 0
    DOMAIN_SIZE : 2
    OSS_SWITCH : 0
    IS_RESTARTED : 0

    Number of Geometries  : 10
    Mesh 0 :
        Number of Nodes       : 60
        Number of Properties  : 1
        Number of Elements    : 10
        Number of Conditions  : 0
        Number of Constraints : 0

    -dirichlet- model part
        Number of tables : 0
        Number of sub model parts : 0

        Number of Geometries  : 0
        Mesh 0 :
            Number of Nodes       : 1
            Number of Properties  : 0
            Number of Elements    : 0
            Number of Conditions  : 0
            Number of Constraints : 0
    -material- model part
        Number of tables : 0
        Number of sub model parts : 0

        Number of Geometries  : 10
        Mesh 0 :
            Number of Nodes       : 60
            Number of Properties  : 0
            Number of Elements    : 10
            Number of Conditions  : 0
            Number of Constraints : 0
 
::[PythonSolver]:: : Finished reading model part. 
Read materials: Started
Read materials: Finished
::[MechanicalSolver]:: : Constitutive law was successfully imported. 
::[MechanicalSolver]::: ModelPart prepared for Solver. 
::[MechanicalSolver]:: : DOF's ADDED 
::[MechanicalSolver]:: : Initializing ... 
Linear-Solver-Factory: Constructing a regular (non-complex) linear-solver 
::[MechanicalSolver]:: : Finished initialization. 
Analysis: Analysis -START-  
[WARNING] DEPRECATION-Warning; MechanicalSolver: Using "line_search", please move it to "solving_strategy_settings" as "type" 
::[MechanicalSolver]:: : Construction finished 
::[StaticMechanicalSolver]:: : Construction finished 
::[MechanicalSolver]:: : Variables ADDED 
[WARNING] Model: Trying to create a root modelpart with name Structure however a ModelPart with the same name already exists. 
Returning the already existent ModelPart.
SingleImportModelPart: Reading model part from file: "/tmp/coupon_maw_hprom_ann_902622/stress_maw10".mdpa
ModelPartIO:   [Reading Nodes    : 60 nodes read]
ModelPartIO:   [Reading Geometries : 10 geometries read] [Type: Triangle2D6]
ModelPartIO:   [Total Lines Read : 164]
SingleImportModelPart: Finished reading model part from mdpa file.
::[PythonSolver]::: Reading model part. 
::[PythonSolver]::: Using already imported model part - no reading necessary. 
ModelPart: -Structure- model part
    Buffer Size : 1
    Number of tables : 0
    Number of sub model parts : 2
    Current solution step index : 0
    DOMAIN_SIZE : 2
    OSS_SWITCH : 0
    IS_RESTARTED : 0

    Number of Geometries  : 10
    Mesh 0 :
        Number of Nodes       : 60
        Number of Properties  : 1
        Number of Elements    : 10
        Number of Conditions  : 0
        Number of Constraints : 0

    -dirichlet- model part
        Number of tables : 0
        Number of sub model parts : 0

        Number of Geometries  : 0
        Mesh 0 :
            Number of Nodes       : 1
            Number of Properties  : 0
            Number of Elements    : 0
            Number of Conditions  : 0
            Number of Constraints : 0
    -material- model part
        Number of tables : 0
        Number of sub model parts : 0

        Number of Geometries  : 10
        Mesh 0 :
            Number of Nodes       : 60
            Number of Properties  : 0
            Number of Elements    : 10
            Number of Conditions  |  /           |                  
 ' /   __| _` | __|  _ \   __|    
 . \  |   (   | |   (   |\__ \  
_|\_\_|  \__,_|\__|\___/ ____/
           Multi-Physics 10.3."0"-master-532e0dba7df-Release-x86_64
           Compiled for GNU/Linux and Python3.12 with GCC-13.3
Compiled with threading support. Threading support with OpenMP.
Maximum number of threads: 1.
Importing    KratosStructuralMechanicsApplication 
    KRATOS   ___|  |                   |                   |
           \___ \  __|  __| |   |  __| __| |   |  __| _` | |
                 | |   |    |   | (    |   |   | |   (   | |
           _____/ \__|_|   \__,_|\___|\__|\__,_|_|  \__,_|_| MECHANICS
Initializing KratosStructuralMechanicsApplication...
Importing    KratosConstitutiveLawsApplication 
Initializing KratosConstitutiveLawsApplication...
[WARNING] DEPRECATION-Warning; MechanicalSolver: Using "line_search", please move it to "solving_strategy_settings" as "type" 
::[MechanicalSolver]:: : Construction finished 
::[StaticMechanicalSolver]:: : Construction finished 
::[MechanicalSolver]:: : Variables ADDED 
[WARNING] Model: Trying to create a root modelpart with name Structure however a ModelPart with the same name already exists. 
Returning the already existent ModelPart.
SingleImportModelPart: Reading model part from file: "/home/sares/ML_assisted_CLs_clean/coupon_fe2_paper/03_data/rve_mesh".mdpa
ModelPartIO:   [Reading Nodes    : 3240 nodes read]
ModelPartIO:   [Reading Geometries : 1546 geometries read] [Type: Triangle2D6]
ModelPartIO:   [Total Lines Read : 9751]
SingleImportModelPart: Finished reading model part from mdpa file.
::[PythonSolver]::: Reading model part. 
::[PythonSolver]::: Using already imported model part - no reading necessary. 
ModelPart: -Structure- model part
    Buffer Size : 1
    Number of tables : 0
    Number of sub model parts : 2
    Current solution step index : 0
    DOMAIN_SIZE : 2
    OSS_SWITCH : 0
    IS_RESTARTED : 0

    Number of Geometries  : 1546
    Mesh 0 :
        Number of Nodes       : 3240
        Number of Properties  : 1
        Number of Elements    : 1546
        Number of Conditions  : 0
        Number of Constraints : 0

    -dirichlet- model part
        Number of tables : 0
        Number of sub model parts : 0

        Number of Geometries  : 0
        Mesh 0 :
            Number of Nodes       : 156
            Number of Properties  : 0
            Number of Elements    : 0
            Number of Conditions  : 0
            Number of Constraints : 0
    -material- model part
        Number of tables : 0
        Number of sub model parts : 0

        Number of Geometries  : 1546
        Mesh 0 :
            Number of Nodes       : 3240
            Number of Properties  : 0
            Number of Elements    : 1546
            Number of Conditions  : 0
            Number of Constraints : 0
 
::[PythonSolver]:: : Finished reading model part. 
Read materials: Started
Read materials: Finished
::[MechanicalSolver]:: : Constitutive law was successfully imported. 
::[MechanicalSolver]::: ModelPart prepared for Solver. 
::[MechanicalSolver]:: : DOF's ADDED 
::[MechanicalSolver]:: : Initializing ... 
Importing    LinearSolversApplication 
    Kratos  _     _                       ____        _
           | |   (_)_ __   ___  __ _ _ __/ ___|  ___ | |_   _____ _ __ ___
           | |   | | '_ \ / _ \/ _` | '__\___ \ / _ \| \ \ / / _ \ '__/ __|
           | |___| | | | |  __/ (_| | |   ___) | (_) | |\ V /  __/ |  \__ \
           |_____|_|_| |_|\___|\__,_|_|  |____/ \___/|_| \_/ \___|_|  |___/
Initializing KratosLinearSolversApplication...
Linear-Solver-Factory: Constructing a regular (non-complex) linear-solver 
::[MechanicalSolver]:: : Finished initialization. 
Analysis: Analysis -START-  
[WARNING] DEPRECATION-Warning; MechanicalSolver: Using "line_search", please move it to "solving_strategy_settings" as "type" 
::[MechanicalSolver]:: : Construction finished 
::[StaticMechanicalSolver]:: : Construction finished 
::[MechanicalSolver]:: : Variables ADDED 
[WARNING] Model: Trying to create a root modelpart with name Structure however a ModelPart with the same name already exists. 
Returning the already existent ModelPart.
SingleImportModelPart: Reading model part from file: "/tmp/coupon_maw_hprom_ann_902624/residual_maw10".mdpa
ModelPartIO:   [Reading Nodes    : 60 nodes read]
ModelPartIO:   [Reading Geometries : 10 geometries read] [Type: Triangle2D6]
ModelPartIO:   [Total Lines Read : 164]
SingleImportModelPart: Finished reading model part from mdpa file.
::[PythonSolver]::: Reading model part. 
::[PythonSolver]::: Using already imported model part - no reading necessary. 
ModelPart: -Structure- model part
    Buffer Size : 1
    Number of tables : 0
    Number of sub model parts : 2
    Current solution step index : 0
    DOMAIN_SIZE : 2
    OSS_SWITCH : 0
    IS_RESTARTED : 0

    Number of Geometries  : 10
    Mesh 0 :
        Number of Nodes       : 60
        Number of Properties  : 1
        Number of Elements    : 10
        Number of Conditions  : 0
        Number of Constraints : 0

    -dirichlet- model part
        Number of tables : 0
        Number of sub model parts : 0

        Number of Geometries  : 0
        Mesh 0 :
            Number of Nodes       : 1
            Number of Properties  : 0
            Number of Elements    : 0
            Number of Conditions  : 0
            Number of Constraints : 0
    -material- model part
        Number of tables : 0
        Number of sub model parts : 0

        Number of Geometries  : 10
        Mesh 0 :
            Number of Nodes       : 60
            Number of Properties  : 0
            Number of Elements    : 10
            Number of Conditions  : 0
            Number of Constraints : 0
 
::[PythonSolver]:: : Finished reading model part. 
Read materials: Started
Read materials: Finished
::[MechanicalSolver]:: : Constitutive law was successfully imported. 
::[MechanicalSolver]::: ModelPart prepared for Solver. 
::[MechanicalSolver]:: : DOF's ADDED 
::[MechanicalSolver]:: : Initializing ... 
Linear-Solver-Factory: Constructing a regular (non-complex) linear-solver 
::[MechanicalSolver]:: : Finished initialization. 
Analysis: Analysis -START-  
[WARNING] DEPRECATION-Warning; MechanicalSolver: Using "line_search", please move it to "solving_strategy_settings" as "type" 
::[MechanicalSolver]:: : Construction finished 
::[StaticMechanicalSolver]:: : Construction finished 
::[MechanicalSolver]:: : Variables ADDED 
[WARNING] Model: Trying to create a root modelpart with name Structure however a ModelPart with the same name already exists. 
Returning the already existent ModelPart.
SingleImportModelPart: Reading model part from file: "/tmp/coupon_maw_hprom_ann_902624/stress_maw10".mdpa
ModelPartIO:   [Reading Nodes    : 60 nodes read]
ModelPartIO:   [Reading Geometries : 10 geometries read] [Type: Triangle2D6]
ModelPartIO:   [Total Lines Read : 164]
SingleImportModelPart: Finished reading model part from mdpa file.
::[PythonSolver]::: Reading model part. 
::[PythonSolver]::: Using already imported model part - no reading necessary. 
ModelPart: -Structure- model part
    Buffer Size : 1
    Number of tables : 0
    Number of sub model parts : 2
    Current solution step index : 0
    DOMAIN_SIZE : 2
    OSS_SWITCH : 0
    IS_RESTARTED : 0

    Number of Geometries  : 10
    Mesh 0 :
        Number of Nodes       : 60
        Number of Properties  : 1
        Number of Elements    : 10
        Number of Conditions  : 0
        Number of Constraints : 0

    -dirichlet- model part
        Number of tables : 0
        Number of sub model parts : 0

        Number of Geometries  : 0
        Mesh 0 :
            Number of Nodes       : 1
            Number of Properties  : 0
            Number of Elements    : 0
            Number of Conditions  : 0
            Number of Constraints : 0
    -material- model part
        Number of tables : 0
        Number of sub model parts : 0

        Number of Geometries  : 10
        Mesh 0 :
            Number of Nodes       : 60
            Number of Properties  : 0
            Number of Elements    : 10
            Number of Conditions me Structure however a ModelPart with the same name already exists. 
Returning the already existent ModelPart.
SingleImportModelPart: Reading model part from file: "/tmp/coupon_maw_hprom_ann_902621/residual_maw10".mdpa
ModelPartIO:   [Reading Nodes    : 60 nodes read]
ModelPartIO:   [Reading Geometries : 10 geometries read] [Type: Triangle2D6]
ModelPartIO:   [Total Lines Read : 164]
SingleImportModelPart: Finished reading model part from mdpa file.
::[PythonSolver]::: Reading model part. 
::[PythonSolver]::: Using already imported model part - no reading necessary. 
ModelPart: -Structure- model part
    Buffer Size : 1
    Number of tables : 0
    Number of sub model parts : 2
    Current solution step index : 0
    DOMAIN_SIZE : 2
    OSS_SWITCH : 0
    IS_RESTARTED : 0

    Number of Geometries  : 10
    Mesh 0 :
        Number of Nodes       : 60
        Number of Properties  : 1
        Number of Elements    : 10
        Number of Conditions  : 0
        Number of Constraints : 0

    -dirichlet- model part
        Number of tables : 0
        Number of sub model parts : 0

        Number of Geometries  : 0
        Mesh 0 :
            Number of Nodes       : 1
            Number of Properties  : 0
            Number of Elements    : 0
            Number of Conditions  : 0
            Number of Constraints : 0
    -material- model part
        Number of tables : 0
        Number of sub model parts : 0

        Number of Geometries  : 10
        Mesh 0 :
            Number of Nodes       : 60
            Number of Properties  : 0
            Number of Elements    : 10
            Number of Conditions  : 0
            Number of Constraints : 0
 
::[PythonSolver]:: : Finished reading model part. 
Read materials: Started
Read materials: Finished
::[MechanicalSolver]:: : Constitutive law was successfully imported. 
::[MechanicalSolver]::: ModelPart prepared for Solver. 
::[MechanicalSolver]:: : DOF's ADDED 
::[MechanicalSolver]:: : Initializing ... 
Linear-Solver-Factory: Constructing a regular (non-complex) linear-solver 
::[MechanicalSolver]:: : Finished initialization. 
Analysis: Analysis -START-  
[WARNING] DEPRECATION-Warning; MechanicalSolver: Using "line_search", please move it to "solving_strategy_settings" as "type" 
::[MechanicalSolver]:: : Construction finished 
::[StaticMechanicalSolver]:: : Construction finished 
::[MechanicalSolver]:: : Variables ADDED 
[WARNING] Model: Trying to create a root modelpart with name Structure however a ModelPart with the same name already exists. 
Returning the already existent ModelPart.
SingleImportModelPart: Reading model part from file: "/tmp/coupon_maw_hprom_ann_902621/stress_maw10".mdpa
ModelPartIO:   [Reading Nodes    : 60 nodes read]
ModelPartIO:   [Reading Geometries : 10 geometries read] [Type: Triangle2D6]
ModelPartIO:   [Total Lines Read : 164]
SingleImportModelPart: Finished reading model part from mdpa file.
::[PythonSolver]::: Reading model part. 
::[PythonSolver]::: Using already imported model part - no reading necessary. 
ModelPart: -Structure- model part
    Buffer Size : 1
    Number of tables : 0
    Number of sub model parts : 2
    Current solution step index : 0
    DOMAIN_SIZE : 2
    OSS_SWITCH : 0
    IS_RESTARTED : 0

    Number of Geometries  : 10
    Mesh 0 :
        Number of Nodes       : 60
        Number of Properties  : 1
        Number of Elements    : 10
        Number of Conditions  : 0
        Number of Constraints : 0

    -dirichlet- model part
        Number of tables : 0
        Number of sub model parts : 0

        Number of Geometries  : 0
        Mesh 0 :
            Number of Nodes       : 1
            Number of Properties  : 0
            Number of Elements    : 0
            Number of Conditions  : 0
            Number of Constraints : 0
    -material- model part
        Number of tables : 0
        Number of sub model parts : 0

        Number of Geometries  : 10
        Mesh 0 :
            Number of Nodes       : 60
            Number of Properties  : 0
            Number of Elements    : 10
            Number of Conditions  |  /           |                  
 ' /   __| _` | __|  _ \   __|    
 . \  |   (   | |   (   |\__ \  
_|\_\_|  \__,_|\__|\___/ ____/
           Multi-Physics 10.3."0"-master-532e0dba7df-Release-x86_64
           Compiled for GNU/Linux and Python3.12 with GCC-13.3
Compiled with threading support. Threading support with OpenMP.
Maximum number of threads: 1.
Importing    KratosStructuralMechanicsApplication 
    KRATOS   ___|  |                   |                   |
           \___ \  __|  __| |   |  __| __| |   |  __| _` | |
                 | |   |    |   | (    |   |   | |   (   | |
           _____/ \__|_|   \__,_|\___|\__|\__,_|_|  \__,_|_| MECHANICS
Initializing KratosStructuralMechanicsApplication...
Importing    KratosConstitutiveLawsApplication 
Initializing KratosConstitutiveLawsApplication...
[WARNING] DEPRECATION-Warning; MechanicalSolver: Using "line_search", please move it to "solving_strategy_settings" as "type" 
::[MechanicalSolver]:: : Construction finished 
::[StaticMechanicalSolver]:: : Construction finished 
::[MechanicalSolver]:: : Variables ADDED 
[WARNING] Model: Trying to create a root modelpart with name Structure however a ModelPart with the same name already exists. 
Returning the already existent ModelPart.
SingleImportModelPart: Reading model part from file: "/home/sares/ML_assisted_CLs_clean/coupon_fe2_paper/03_data/rve_mesh".mdpa
ModelPartIO:   [Reading Nodes    : 3240 nodes read]
ModelPartIO:   [Reading Geometries : 1546 geometries read] [Type: Triangle2D6]
ModelPartIO:   [Total Lines Read : 9751]
SingleImportModelPart: Finished reading model part from mdpa file.
::[PythonSolver]::: Reading model part. 
::[PythonSolver]::: Using already imported model part - no reading necessary. 
ModelPart: -Structure- model part
    Buffer Size : 1
    Number of tables : 0
    Number of sub model parts : 2
    Current solution step index : 0
    DOMAIN_SIZE : 2
    OSS_SWITCH : 0
    IS_RESTARTED : 0

    Number of Geometries  : 1546
    Mesh 0 :
        Number of Nodes       : 3240
        Number of Properties  : 1
        Number of Elements    : 1546
        Number of Conditions  : 0
        Number of Constraints : 0

    -dirichlet- model part
        Number of tables : 0
        Number of sub model parts : 0

        Number of Geometries  : 0
        Mesh 0 :
            Number of Nodes       : 156
            Number of Properties  : 0
            Number of Elements    : 0
            Number of Conditions  : 0
            Number of Constraints : 0
    -material- model part
        Number of tables : 0
        Number of sub model parts : 0

        Number of Geometries  : 1546
        Mesh 0 :
            Number of Nodes       : 3240
            Number of Properties  : 0
            Number of Elements    : 1546
            Number of Conditions  : 0
            Number of Constraints : 0
 
::[PythonSolver]:: : Finished reading model part. 
Read materials: Started
Read materials: Finished
::[MechanicalSolver]:: : Constitutive law was successfully imported. 
::[MechanicalSolver]::: ModelPart prepared for Solver. 
::[MechanicalSolver]:: : DOF's ADDED 
::[MechanicalSolver]:: : Initializing ... 
Importing    LinearSolversApplication 
    Kratos  _     _                       ____        _
           | |   (_)_ __   ___  __ _ _ __/ ___|  ___ | |_   _____ _ __ ___
           | |   | | '_ \ / _ \/ _` | '__\___ \ / _ \| \ \ / / _ \ '__/ __|
           | |___| | | | |  __/ (_| | |   ___) | (_) | |\ V /  __/ |  \__ \
           |_____|_|_| |_|\___|\__,_|_|  |____/ \___/|_| \_/ \___|_|  |___/
Initializing KratosLinearSolversApplication...
Linear-Solver-Factory: Constructing a regular (non-complex) linear-solver 
::[MechanicalSolver]:: : Finished initialization. 
Analysis: Analysis -START-  
[WARNING] DEPRECATION-Warning; MechanicalSolver: Using "line_search", please move it to "solving_strategy_settings" as "type" 
::[MechanicalSolver]:: : Construction finished 
::[StaticMechanicalSolver]:: : Construction finished 
::[MechanicalSolver]:: : Variables ADDED 
[WARNING] Model: Trying to create a root modelpart with na |  /           |                  
 ' /   __| _` | __|  _ \   __|    
 . \  |   (   | |   (   |\__ \  
_|\_\_|  \__,_|\__|\___/ ____/
           Multi-Physics 10.3."0"-master-532e0dba7df-Release-x86_64
           Compiled for GNU/Linux and Python3.12 with GCC-13.3
Compiled with threading support. Threading support with OpenMP.
Maximum number of threads: 1.
Importing    KratosStructuralMechanicsApplication 
    KRATOS   ___|  |                   |                   |
           \___ \  __|  __| |   |  __| __| |   |  __| _` | |
                 | |   |    |   | (    |   |   | |   (   | |
           _____/ \__|_|   \__,_|\___|\__|\__,_|_|  \__,_|_| MECHANICS
Initializing KratosStructuralMechanicsApplication...
Importing    KratosConstitutiveLawsApplication 
Initializing KratosConstitutiveLawsApplication...
[WARNING] DEPRECATION-Warning; MechanicalSolver: Using "line_search", please move it to "solving_strategy_settings" as "type" 
::[MechanicalSolver]:: : Construction finished 
::[StaticMechanicalSolver]:: : Construction finished 
::[MechanicalSolver]:: : Variables ADDED 
[WARNING] Model: Trying to create a root modelpart with name Structure however a ModelPart with the same name already exists. 
Returning the already existent ModelPart.
SingleImportModelPart: Reading model part from file: "/home/sares/ML_assisted_CLs_clean/coupon_fe2_paper/03_data/rve_mesh".mdpa
ModelPartIO:   [Reading Nodes    : 3240 nodes read]
ModelPartIO:   [Reading Geometries : 1546 geometries read] [Type: Triangle2D6]
ModelPartIO:   [Total Lines Read : 9751]
SingleImportModelPart: Finished reading model part from mdpa file.
::[PythonSolver]::: Reading model part. 
::[PythonSolver]::: Using already imported model part - no reading necessary. 
ModelPart: -Structure- model part
    Buffer Size : 1
    Number of tables : 0
    Number of sub model parts : 2
    Current solution step index : 0
    DOMAIN_SIZE : 2
    OSS_SWITCH : 0
    IS_RESTARTED : 0

    Number of Geometries  : 1546
    Mesh 0 :
        Number of Nodes       : 3240
        Number of Properties  : 1
        Number of Elements    : 1546
        Number of Conditions  : 0
        Number of Constraints : 0

    -dirichlet- model part
        Number of tables : 0
        Number of sub model parts : 0

        Number of Geometries  : 0
        Mesh 0 :
            Number of Nodes       : 156
            Number of Properties  : 0
            Number of Elements    : 0
            Number of Conditions  : 0
            Number of Constraints : 0
    -material- model part
        Number of tables : 0
        Number of sub model parts : 0

        Number of Geometries  : 1546
        Mesh 0 :
            Number of Nodes       : 3240
            Number of Properties  : 0
            Number of Elements    : 1546
            Number of Conditions  : 0
            Number of Constraints : 0
 
::[PythonSolver]:: : Finished reading model part. 
Read materials: Started
Read materials: Finished
::[MechanicalSolver]:: : Constitutive law was successfully imported. 
::[MechanicalSolver]::: ModelPart prepared for Solver. 
::[MechanicalSolver]:: : DOF's ADDED 
::[MechanicalSolver]:: : Initializing ... 
Importing    LinearSolversApplication 
    Kratos  _     _                       ____        _
           | |   (_)_ __   ___  __ _ _ __/ ___|  ___ | |_   _____ _ __ ___
           | |   | | '_ \ / _ \/ _` | '__\___ \ / _ \| \ \ / / _ \ '__/ __|
           | |___| | | | |  __/ (_| | |   ___) | (_) | |\ V /  __/ |  \__ \
           |_____|_|_| |_|\___|\__,_|_|  |____/ \___/|_| \_/ \___|_|  |___/
Initializing KratosLinearSolversApplication...
Linear-Solver-Factory: Constructing a regular (non-complex) linear-solver 
::[MechanicalSolver]:: : Finished initialization. 
Analysis: Analysis -START-  
[WARNING] DEPRECATION-Warning; MechanicalSolver: Using "line_search", please move it to "solving_strategy_settings" as "type" 
::[MechanicalSolver]:: : Construction finished 
::[StaticMechanicalSolver]:: : Construction finished 
::[MechanicalSolver]:: : Variables ADDED 
[WARNING] Model: Trying to create a root modelpart with name Structure however a ModelPart with the same name already exists. 
Returning the already existent ModelPart.
SingleImportModelPart: Reading model part from file: "/tmp/coupon_maw_hprom_ann_902623/residual_maw10".mdpa
ModelPartIO:   [Reading Nodes    : 60 nodes read]
ModelPartIO:   [Reading Geometries : 10 geometries read] [Type: Triangle2D6]
ModelPartIO:   [Total Lines Read : 164]
SingleImportModelPart: Finished reading model part from mdpa file.
::[PythonSolver]::: Reading model part. 
::[PythonSolver]::: Using already imported model part - no reading necessary. 
ModelPart: -Structure- model part
    Buffer Size : 1
    Number of tables : 0
    Number of sub model parts : 2
    Current solution step index : 0
    DOMAIN_SIZE : 2
    OSS_SWITCH : 0
    IS_RESTARTED : 0

    Number of Geometries  : 10
    Mesh 0 :
        Number of Nodes       : 60
        Number of Properties  : 1
        Number of Elements    : 10
        Number of Conditions  : 0
        Number of Constraints : 0

    -dirichlet- model part
        Number of tables : 0
        Number of sub model parts : 0

        Number of Geometries  : 0
        Mesh 0 :
            Number of Nodes       : 1
            Number of Properties  : 0
            Number of Elements    : 0
            Number of Conditions  : 0
            Number of Constraints : 0
    -material- model part
        Number of tables : 0
        Number of sub model parts : 0

        Number of Geometries  : 10
        Mesh 0 :
            Number of Nodes       : 60
            Number of Properties  : 0
            Number of Elements    : 10
            Number of Conditions  : 0
            Number of Constraints : 0
 
::[PythonSolver]:: : Finished reading model part. 
Read materials: Started
Read materials: Finished
::[MechanicalSolver]:: : Constitutive law was successfully imported. 
::[MechanicalSolver]::: ModelPart prepared for Solver. 
::[MechanicalSolver]:: : DOF's ADDED 
::[MechanicalSolver]:: : Initializing ... 
Linear-Solver-Factory: Constructing a regular (non-complex) linear-solver 
::[MechanicalSolver]:: : Finished initialization. 
Analysis: Analysis -START-  
[WARNING] DEPRECATION-Warning; MechanicalSolver: Using "line_search", please move it to "solving_strategy_settings" as "type" 
::[MechanicalSolver]:: : Construction finished 
::[StaticMechanicalSolver]:: : Construction finished 
::[MechanicalSolver]:: : Variables ADDED 
[WARNING] Model: Trying to create a root modelpart with name Structure however a ModelPart with the same name already exists. 
Returning the already existent ModelPart.
SingleImportModelPart: Reading model part from file: "/tmp/coupon_maw_hprom_ann_902623/stress_maw10".mdpa
ModelPartIO:   [Reading Nodes    : 60 nodes read]
ModelPartIO:   [Reading Geometries : 10 geometries read] [Type: Triangle2D6]
ModelPartIO:   [Total Lines Read : 164]
SingleImportModelPart: Finished reading model part from mdpa file.
::[PythonSolver]::: Reading model part. 
::[PythonSolver]::: Using already imported model part - no reading necessary. 
ModelPart: -Structure- model part
    Buffer Size : 1
    Number of tables : 0
    Number of sub model parts : 2
    Current solution step index : 0
    DOMAIN_SIZE : 2
    OSS_SWITCH : 0
    IS_RESTARTED : 0

    Number of Geometries  : 10
    Mesh 0 :
        Number of Nodes       : 60
        Number of Properties  : 1
        Number of Elements    : 10
        Number of Conditions  : 0
        Number of Constraints : 0

    -dirichlet- model part
        Number of tables : 0
        Number of sub model parts : 0

        Number of Geometries  : 0
        Mesh 0 :
            Number of Nodes       : 1
            Number of Properties  : 0
            Number of Elements    : 0
            Number of Conditions  : 0
            Number of Constraints : 0
    -material- model part
        Number of tables : 0
        Number of sub model parts : 0

        Number of Geometries  : 10
        Mesh 0 :
            Number of Nodes       : 60
            Number of Properties  : 0
            Number of Elements    : 10
            Number of Conditions  |  /           |                  
 ' /   __| _` | __|  _ \   __|    
 . \  |   (   | |   (   |\__ \  
_|\_\_|  \__,_|\__|\___/ ____/
           Multi-Physics 10.3."0"-master-532e0dba7df-Release-x86_64
           Compiled for GNU/Linux and Python3.12 with GCC-13.3
Compiled with threading support. Threading support with OpenMP.
Maximum number of threads: 1.
Importing    KratosStructuralMechanicsApplication 
    KRATOS   ___|  |                   |                   |
           \___ \  __|  __| |   |  __| __| |   |  __| _` | |
                 | |   |    |   | (    |   |   | |   (   | |
           _____/ \__|_|   \__,_|\___|\__|\__,_|_|  \__,_|_| MECHANICS
Initializing KratosStructuralMechanicsApplication...
Importing    KratosConstitutiveLawsApplication 
Initializing KratosConstitutiveLawsApplication...
[WARNING] DEPRECATION-Warning; MechanicalSolver: Using "line_search", please move it to "solving_strategy_settings" as "type" 
::[MechanicalSolver]:: : Construction finished 
::[StaticMechanicalSolver]:: : Construction finished 
::[MechanicalSolver]:: : Variables ADDED 
[WARNING] Model: Trying to create a root modelpart with name Structure however a ModelPart with the same name already exists. 
Returning the already existent ModelPart.
SingleImportModelPart: Reading model part from file: "/home/sares/ML_assisted_CLs_clean/coupon_fe2_paper/03_data/rve_mesh".mdpa
ModelPartIO:   [Reading Nodes    : 3240 nodes read]
ModelPartIO:   [Reading Geometries : 1546 geometries read] [Type: Triangle2D6]
ModelPartIO:   [Total Lines Read : 9751]
SingleImportModelPart: Finished reading model part from mdpa file.
::[PythonSolver]::: Reading model part. 
::[PythonSolver]::: Using already imported model part - no reading necessary. 
ModelPart: -Structure- model part
    Buffer Size : 1
    Number of tables : 0
    Number of sub model parts : 2
    Current solution step index : 0
    DOMAIN_SIZE : 2
    OSS_SWITCH : 0
    IS_RESTARTED : 0

    Number of Geometries  : 1546
    Mesh 0 :
        Number of Nodes       : 3240
        Number of Properties  : 1
        Number of Elements    : 1546
        Number of Conditions  : 0
        Number of Constraints : 0

    -dirichlet- model part
        Number of tables : 0
        Number of sub model parts : 0

        Number of Geometries  : 0
        Mesh 0 :
            Number of Nodes       : 156
            Number of Properties  : 0
            Number of Elements    : 0
            Number of Conditions  : 0
            Number of Constraints : 0
    -material- model part
        Number of tables : 0
        Number of sub model parts : 0

        Number of Geometries  : 1546
        Mesh 0 :
            Number of Nodes       : 3240
            Number of Properties  : 0
            Number of Elements    : 1546
            Number of Conditions  : 0
            Number of Constraints : 0
 
::[PythonSolver]:: : Finished reading model part. 
Read materials: Started
Read materials: Finished
::[MechanicalSolver]:: : Constitutive law was successfully imported. 
::[MechanicalSolver]::: ModelPart prepared for Solver. 
::[MechanicalSolver]:: : DOF's ADDED 
::[MechanicalSolver]:: : Initializing ... 
Importing    LinearSolversApplication 
    Kratos  _     _                       ____        _
           | |   (_)_ __   ___  __ _ _ __/ ___|  ___ | |_   _____ _ __ ___
           | |   | | '_ \ / _ \/ _` | '__\___ \ / _ \| \ \ / / _ \ '__/ __|
           | |___| | | | |  __/ (_| | |   ___) | (_) | |\ V /  __/ |  \__ \
           |_____|_|_| |_|\___|\__,_|_|  |____/ \___/|_| \_/ \___|_|  |___/
Initializing KratosLinearSolversApplication...
Linear-Solver-Factory: Constructing a regular (non-complex) linear-solver 
::[MechanicalSolver]:: : Finished initialization. 
Analysis: Analysis -START-  
[WARNING] DEPRECATION-Warning; MechanicalSolver: Using "line_search", please move it to "solving_strategy_settings" as "type" 
::[MechanicalSolver]:: : Construction finished 
::[StaticMechanicalSolver]:: : Construction finished 
::[MechanicalSolver]:: : Variables ADDED 
[WARNING] Model: Trying to create a root modelpart with name Structure however a ModelPart with the same name already exists. 
Returning the already existent ModelPart.
SingleImportModelPart: Reading model part from file: "/tmp/coupon_maw_hprom_ann_902610/residual_maw10".mdpa
ModelPartIO:   [Reading Nodes    : 60 nodes read]
ModelPartIO:   [Reading Geometries : 10 geometries read] [Type: Triangle2D6]
ModelPartIO:   [Total Lines Read : 164]
SingleImportModelPart: Finished reading model part from mdpa file.
::[PythonSolver]::: Reading model part. 
::[PythonSolver]::: Using already imported model part - no reading necessary. 
ModelPart: -Structure- model part
    Buffer Size : 1
    Number of tables : 0
    Number of sub model parts : 2
    Current solution step index : 0
    DOMAIN_SIZE : 2
    OSS_SWITCH : 0
    IS_RESTARTED : 0

    Number of Geometries  : 10
    Mesh 0 :
        Number of Nodes       : 60
        Number of Properties  : 1
        Number of Elements    : 10
        Number of Conditions  : 0
        Number of Constraints : 0

    -dirichlet- model part
        Number of tables : 0
        Number of sub model parts : 0

        Number of Geometries  : 0
        Mesh 0 :
            Number of Nodes       : 1
            Number of Properties  : 0
            Number of Elements    : 0
            Number of Conditions  : 0
            Number of Constraints : 0
    -material- model part
        Number of tables : 0
        Number of sub model parts : 0

        Number of Geometries  : 10
        Mesh 0 :
            Number of Nodes       : 60
            Number of Properties  : 0
            Number of Elements    : 10
            Number of Conditions  : 0
            Number of Constraints : 0
 
::[PythonSolver]:: : Finished reading model part. 
Read materials: Started
Read materials: Finished
::[MechanicalSolver]:: : Constitutive law was successfully imported. 
::[MechanicalSolver]::: ModelPart prepared for Solver. 
::[MechanicalSolver]:: : DOF's ADDED 
::[MechanicalSolver]:: : Initializing ... 
Linear-Solver-Factory: Constructing a regular (non-complex) linear-solver 
::[MechanicalSolver]:: : Finished initialization. 
Analysis: Analysis -START-  
[WARNING] DEPRECATION-Warning; MechanicalSolver: Using "line_search", please move it to "solving_strategy_settings" as "type" 
::[MechanicalSolver]:: : Construction finished 
::[StaticMechanicalSolver]:: : Construction finished 
::[MechanicalSolver]:: : Variables ADDED 
[WARNING] Model: Trying to create a root modelpart with name Structure however a ModelPart with the same name already exists. 
Returning the already existent ModelPart.
SingleImportModelPart: Reading model part from file: "/tmp/coupon_maw_hprom_ann_902610/stress_maw10".mdpa
ModelPartIO:   [Reading Nodes    : 60 nodes read]
ModelPartIO:   [Reading Geometries : 10 geometries read] [Type: Triangle2D6]
ModelPartIO:   [Total Lines Read : 164]
SingleImportModelPart: Finished reading model part from mdpa file.
::[PythonSolver]::: Reading model part. 
::[PythonSolver]::: Using already imported model part - no reading necessary. 
ModelPart: -Structure- model part
    Buffer Size : 1
    Number of tables : 0
    Number of sub model parts : 2
    Current solution step index : 0
    DOMAIN_SIZE : 2
    OSS_SWITCH : 0
    IS_RESTARTED : 0

    Number of Geometries  : 10
    Mesh 0 :
        Number of Nodes       : 60
        Number of Properties  : 1
        Number of Elements    : 10
        Number of Conditions  : 0
        Number of Constraints : 0

    -dirichlet- model part
        Number of tables : 0
        Number of sub model parts : 0

        Number of Geometries  : 0
        Mesh 0 :
            Number of Nodes       : 1
            Number of Properties  : 0
            Number of Elements    : 0
            Number of Conditions  : 0
            Number of Constraints : 0
    -material- model part
        Number of tables : 0
        Number of sub model parts : 0

        Number of Geometries  : 10
        Mesh 0 :
            Number of Nodes       : 60
            Number of Properties  : 0
            Number of Elements    : 10
            Number of Conditions me Structure however a ModelPart with the same name already exists. 
Returning the already existent ModelPart.
SingleImportModelPart: Reading model part from file: "/tmp/coupon_maw_hprom_ann_902617/residual_maw10".mdpa
ModelPartIO:   [Reading Nodes    : 60 nodes read]
ModelPartIO:   [Reading Geometries : 10 geometries read] [Type: Triangle2D6]
ModelPartIO:   [Total Lines Read : 164]
SingleImportModelPart: Finished reading model part from mdpa file.
::[PythonSolver]::: Reading model part. 
::[PythonSolver]::: Using already imported model part - no reading necessary. 
ModelPart: -Structure- model part
    Buffer Size : 1
    Number of tables : 0
    Number of sub model parts : 2
    Current solution step index : 0
    DOMAIN_SIZE : 2
    OSS_SWITCH : 0
    IS_RESTARTED : 0

    Number of Geometries  : 10
    Mesh 0 :
        Number of Nodes       : 60
        Number of Properties  : 1
        Number of Elements    : 10
        Number of Conditions  : 0
        Number of Constraints : 0

    -dirichlet- model part
        Number of tables : 0
        Number of sub model parts : 0

        Number of Geometries  : 0
        Mesh 0 :
            Number of Nodes       : 1
            Number of Properties  : 0
            Number of Elements    : 0
            Number of Conditions  : 0
            Number of Constraints : 0
    -material- model part
        Number of tables : 0
        Number of sub model parts : 0

        Number of Geometries  : 10
        Mesh 0 :
            Number of Nodes       : 60
            Number of Properties  : 0
            Number of Elements    : 10
            Number of Conditions  : 0
            Number of Constraints : 0
 
::[PythonSolver]:: : Finished reading model part. 
Read materials: Started
Read materials: Finished
::[MechanicalSolver]:: : Constitutive law was successfully imported. 
::[MechanicalSolver]::: ModelPart prepared for Solver. 
::[MechanicalSolver]:: : DOF's ADDED 
::[MechanicalSolver]:: : Initializing ... 
Linear-Solver-Factory: Constructing a regular (non-complex) linear-solver 
::[MechanicalSolver]:: : Finished initialization. 
Analysis: Analysis -START-  
[WARNING] DEPRECATION-Warning; MechanicalSolver: Using "line_search", please move it to "solving_strategy_settings" as "type" 
::[MechanicalSolver]:: : Construction finished 
::[StaticMechanicalSolver]:: : Construction finished 
::[MechanicalSolver]:: : Variables ADDED 
[WARNING] Model: Trying to create a root modelpart with name Structure however a ModelPart with the same name already exists. 
Returning the already existent ModelPart.
SingleImportModelPart: Reading model part from file: "/tmp/coupon_maw_hprom_ann_902617/stress_maw10".mdpa
ModelPartIO:   [Reading Nodes    : 60 nodes read]
ModelPartIO:   [Reading Geometries : 10 geometries read] [Type: Triangle2D6]
ModelPartIO:   [Total Lines Read : 164]
SingleImportModelPart: Finished reading model part from mdpa file.
::[PythonSolver]::: Reading model part. 
::[PythonSolver]::: Using already imported model part - no reading necessary. 
ModelPart: -Structure- model part
    Buffer Size : 1
    Number of tables : 0
    Number of sub model parts : 2
    Current solution step index : 0
    DOMAIN_SIZE : 2
    OSS_SWITCH : 0
    IS_RESTARTED : 0

    Number of Geometries  : 10
    Mesh 0 :
        Number of Nodes       : 60
        Number of Properties  : 1
        Number of Elements    : 10
        Number of Conditions  : 0
        Number of Constraints : 0

    -dirichlet- model part
        Number of tables : 0
        Number of sub model parts : 0

        Number of Geometries  : 0
        Mesh 0 :
            Number of Nodes       : 1
            Number of Properties  : 0
            Number of Elements    : 0
            Number of Conditions  : 0
            Number of Constraints : 0
    -material- model part
        Number of tables : 0
        Number of sub model parts : 0

        Number of Geometries  : 10
        Mesh 0 :
            Number of Nodes       : 60
            Number of Properties  : 0
            Number of Elements    : 10
            Number of Conditions  |  /           |                  
 ' /   __| _` | __|  _ \   __|    
 . \  |   (   | |   (   |\__ \  
_|\_\_|  \__,_|\__|\___/ ____/
           Multi-Physics 10.3."0"-master-532e0dba7df-Release-x86_64
           Compiled for GNU/Linux and Python3.12 with GCC-13.3
Compiled with threading support. Threading support with OpenMP.
Maximum number of threads: 1.
Importing    KratosStructuralMechanicsApplication 
    KRATOS   ___|  |                   |                   |
           \___ \  __|  __| |   |  __| __| |   |  __| _` | |
                 | |   |    |   | (    |   |   | |   (   | |
           _____/ \__|_|   \__,_|\___|\__|\__,_|_|  \__,_|_| MECHANICS
Initializing KratosStructuralMechanicsApplication...
Importing    KratosConstitutiveLawsApplication 
Initializing KratosConstitutiveLawsApplication...
[WARNING] DEPRECATION-Warning; MechanicalSolver: Using "line_search", please move it to "solving_strategy_settings" as "type" 
::[MechanicalSolver]:: : Construction finished 
::[StaticMechanicalSolver]:: : Construction finished 
::[MechanicalSolver]:: : Variables ADDED 
[WARNING] Model: Trying to create a root modelpart with name Structure however a ModelPart with the same name already exists. 
Returning the already existent ModelPart.
SingleImportModelPart: Reading model part from file: "/home/sares/ML_assisted_CLs_clean/coupon_fe2_paper/03_data/rve_mesh".mdpa
ModelPartIO:   [Reading Nodes    : 3240 nodes read]
ModelPartIO:   [Reading Geometries : 1546 geometries read] [Type: Triangle2D6]
ModelPartIO:   [Total Lines Read : 9751]
SingleImportModelPart: Finished reading model part from mdpa file.
::[PythonSolver]::: Reading model part. 
::[PythonSolver]::: Using already imported model part - no reading necessary. 
ModelPart: -Structure- model part
    Buffer Size : 1
    Number of tables : 0
    Number of sub model parts : 2
    Current solution step index : 0
    DOMAIN_SIZE : 2
    OSS_SWITCH : 0
    IS_RESTARTED : 0

    Number of Geometries  : 1546
    Mesh 0 :
        Number of Nodes       : 3240
        Number of Properties  : 1
        Number of Elements    : 1546
        Number of Conditions  : 0
        Number of Constraints : 0

    -dirichlet- model part
        Number of tables : 0
        Number of sub model parts : 0

        Number of Geometries  : 0
        Mesh 0 :
            Number of Nodes       : 156
            Number of Properties  : 0
            Number of Elements    : 0
            Number of Conditions  : 0
            Number of Constraints : 0
    -material- model part
        Number of tables : 0
        Number of sub model parts : 0

        Number of Geometries  : 1546
        Mesh 0 :
            Number of Nodes       : 3240
            Number of Properties  : 0
            Number of Elements    : 1546
            Number of Conditions  : 0
            Number of Constraints : 0
 
::[PythonSolver]:: : Finished reading model part. 
Read materials: Started
Read materials: Finished
::[MechanicalSolver]:: : Constitutive law was successfully imported. 
::[MechanicalSolver]::: ModelPart prepared for Solver. 
::[MechanicalSolver]:: : DOF's ADDED 
::[MechanicalSolver]:: : Initializing ... 
Importing    LinearSolversApplication 
    Kratos  _     _                       ____        _
           | |   (_)_ __   ___  __ _ _ __/ ___|  ___ | |_   _____ _ __ ___
           | |   | | '_ \ / _ \/ _` | '__\___ \ / _ \| \ \ / / _ \ '__/ __|
           | |___| | | | |  __/ (_| | |   ___) | (_) | |\ V /  __/ |  \__ \
           |_____|_|_| |_|\___|\__,_|_|  |____/ \___/|_| \_/ \___|_|  |___/
Initializing KratosLinearSolversApplication...
Linear-Solver-Factory: Constructing a regular (non-complex) linear-solver 
::[MechanicalSolver]:: : Finished initialization. 
Analysis: Analysis -START-  
[WARNING] DEPRECATION-Warning; MechanicalSolver: Using "line_search", please move it to "solving_strategy_settings" as "type" 
::[MechanicalSolver]:: : Construction finished 
::[StaticMechanicalSolver]:: : Construction finished 
::[MechanicalSolver]:: : Variables ADDED 
[WARNING] Model: Trying to create a root modelpart with na |  /           |                  
 ' /   __| _` | __|  _ \   __|    
 . \  |   (   | |   (   |\__ \  
_|\_\_|  \__,_|\__|\___/ ____/
           Multi-Physics 10.3."0"-master-532e0dba7df-Release-x86_64
           Compiled for GNU/Linux and Python3.12 with GCC-13.3
Compiled with threading support. Threading support with OpenMP.
Maximum number of threads: 1.
Importing    KratosStructuralMechanicsApplication 
    KRATOS   ___|  |                   |                   |
           \___ \  __|  __| |   |  __| __| |   |  __| _` | |
                 | |   |    |   | (    |   |   | |   (   | |
           _____/ \__|_|   \__,_|\___|\__|\__,_|_|  \__,_|_| MECHANICS
Initializing KratosStructuralMechanicsApplication...
Importing    KratosConstitutiveLawsApplication 
Initializing KratosConstitutiveLawsApplication...
[WARNING] DEPRECATION-Warning; MechanicalSolver: Using "line_search", please move it to "solving_strategy_settings" as "type" 
::[MechanicalSolver]:: : Construction finished 
::[StaticMechanicalSolver]:: : Construction finished 
::[MechanicalSolver]:: : Variables ADDED 
[WARNING] Model: Trying to create a root modelpart with name Structure however a ModelPart with the same name already exists. 
Returning the already existent ModelPart.
SingleImportModelPart: Reading model part from file: "/home/sares/ML_assisted_CLs_clean/coupon_fe2_paper/03_data/rve_mesh".mdpa
ModelPartIO:   [Reading Nodes    : 3240 nodes read]
ModelPartIO:   [Reading Geometries : 1546 geometries read] [Type: Triangle2D6]
ModelPartIO:   [Total Lines Read : 9751]
SingleImportModelPart: Finished reading model part from mdpa file.
::[PythonSolver]::: Reading model part. 
::[PythonSolver]::: Using already imported model part - no reading necessary. 
ModelPart: -Structure- model part
    Buffer Size : 1
    Number of tables : 0
    Number of sub model parts : 2
    Current solution step index : 0
    DOMAIN_SIZE : 2
    OSS_SWITCH : 0
    IS_RESTARTED : 0

    Number of Geometries  : 1546
    Mesh 0 :
        Number of Nodes       : 3240
        Number of Properties  : 1
        Number of Elements    : 1546
        Number of Conditions  : 0
        Number of Constraints : 0

    -dirichlet- model part
        Number of tables : 0
        Number of sub model parts : 0

        Number of Geometries  : 0
        Mesh 0 :
            Number of Nodes       : 156
            Number of Properties  : 0
            Number of Elements    : 0
            Number of Conditions  : 0
            Number of Constraints : 0
    -material- model part
        Number of tables : 0
        Number of sub model parts : 0

        Number of Geometries  : 1546
        Mesh 0 :
            Number of Nodes       : 3240
            Number of Properties  : 0
            Number of Elements    : 1546
            Number of Conditions  : 0
            Number of Constraints : 0
 
::[PythonSolver]:: : Finished reading model part. 
Read materials: Started
Read materials: Finished
::[MechanicalSolver]:: : Constitutive law was successfully imported. 
::[MechanicalSolver]::: ModelPart prepared for Solver. 
::[MechanicalSolver]:: : DOF's ADDED 
::[MechanicalSolver]:: : Initializing ... 
Importing    LinearSolversApplication 
    Kratos  _     _                       ____        _
           | |   (_)_ __   ___  __ _ _ __/ ___|  ___ | |_   _____ _ __ ___
           | |   | | '_ \ / _ \/ _` | '__\___ \ / _ \| \ \ / / _ \ '__/ __|
           | |___| | | | |  __/ (_| | |   ___) | (_) | |\ V /  __/ |  \__ \
           |_____|_|_| |_|\___|\__,_|_|  |____/ \___/|_| \_/ \___|_|  |___/
Initializing KratosLinearSolversApplication...
Linear-Solver-Factory: Constructing a regular (non-complex) linear-solver 
::[MechanicalSolver]:: : Finished initialization. 
Analysis: Analysis -START-  
[WARNING] DEPRECATION-Warning; MechanicalSolver: Using "line_search", please move it to "solving_strategy_settings" as "type" 
::[MechanicalSolver]:: : Construction finished 
::[StaticMechanicalSolver]:: : Construction finished 
::[MechanicalSolver]:: : Variables ADDED 
[WARNING] Model: Trying to create a root modelpart with na |  /           |                  
 ' /   __| _` | __|  _ \   __|    
 . \  |   (   | |   (   |\__ \  
_|\_\_|  \__,_|\__|\___/ ____/
           Multi-Physics 10.3."0"-master-532e0dba7df-Release-x86_64
           Compiled for GNU/Linux and Python3.12 with GCC-13.3
Compiled with threading support. Threading support with OpenMP.
Maximum number of threads: 1.
Importing    KratosStructuralMechanicsApplication 
    KRATOS   ___|  |                   |                   |
           \___ \  __|  __| |   |  __| __| |   |  __| _` | |
                 | |   |    |   | (    |   |   | |   (   | |
           _____/ \__|_|   \__,_|\___|\__|\__,_|_|  \__,_|_| MECHANICS
Initializing KratosStructuralMechanicsApplication...
Importing    KratosConstitutiveLawsApplication 
Initializing KratosConstitutiveLawsApplication...
[WARNING] DEPRECATION-Warning; MechanicalSolver: Using "line_search", please move it to "solving_strategy_settings" as "type" 
::[MechanicalSolver]:: : Construction finished 
::[StaticMechanicalSolver]:: : Construction finished 
::[MechanicalSolver]:: : Variables ADDED 
[WARNING] Model: Trying to create a root modelpart with name Structure however a ModelPart with the same name already exists. 
Returning the already existent ModelPart.
SingleImportModelPart: Reading model part from file: "/home/sares/ML_assisted_CLs_clean/coupon_fe2_paper/03_data/rve_mesh".mdpa
ModelPartIO:   [Reading Nodes    : 3240 nodes read]
ModelPartIO:   [Reading Geometries : 1546 geometries read] [Type: Triangle2D6]
ModelPartIO:   [Total Lines Read : 9751]
SingleImportModelPart: Finished reading model part from mdpa file.
::[PythonSolver]::: Reading model part. 
::[PythonSolver]::: Using already imported model part - no reading necessary. 
ModelPart: -Structure- model part
    Buffer Size : 1
    Number of tables : 0
    Number of sub model parts : 2
    Current solution step index : 0
    DOMAIN_SIZE : 2
    OSS_SWITCH : 0
    IS_RESTARTED : 0

    Number of Geometries  : 1546
    Mesh 0 :
        Number of Nodes       : 3240
        Number of Properties  : 1
        Number of Elements    : 1546
        Number of Conditions  : 0
        Number of Constraints : 0

    -dirichlet- model part
        Number of tables : 0
        Number of sub model parts : 0

        Number of Geometries  : 0
        Mesh 0 :
            Number of Nodes       : 156
            Number of Properties  : 0
            Number of Elements    : 0
            Number of Conditions  : 0
            Number of Constraints : 0
    -material- model part
        Number of tables : 0
        Number of sub model parts : 0

        Number of Geometries  : 1546
        Mesh 0 :
            Number of Nodes       : 3240
            Number of Properties  : 0
            Number of Elements    : 1546
            Number of Conditions  : 0
            Number of Constraints : 0
 
::[PythonSolver]:: : Finished reading model part. 
Read materials: Started
Read materials: Finished
::[MechanicalSolver]:: : Constitutive law was successfully imported. 
::[MechanicalSolver]::: ModelPart prepared for Solver. 
::[MechanicalSolver]:: : DOF's ADDED 
::[MechanicalSolver]:: : Initializing ... 
Importing    LinearSolversApplication 
    Kratos  _     _                       ____        _
           | |   (_)_ __   ___  __ _ _ __/ ___|  ___ | |_   _____ _ __ ___
           | |   | | '_ \ / _ \/ _` | '__\___ \ / _ \| \ \ / / _ \ '__/ __|
           | |___| | | | |  __/ (_| | |   ___) | (_) | |\ V /  __/ |  \__ \
           |_____|_|_| |_|\___|\__,_|_|  |____/ \___/|_| \_/ \___|_|  |___/
Initializing KratosLinearSolversApplication...
Linear-Solver-Factory: Constructing a regular (non-complex) linear-solver 
::[MechanicalSolver]:: : Finished initialization. 
Analysis: Analysis -START-  
[WARNING] DEPRECATION-Warning; MechanicalSolver: Using "line_search", please move it to "solving_strategy_settings" as "type" 
::[MechanicalSolver]:: : Construction finished 
::[StaticMechanicalSolver]:: : Construction finished 
::[MechanicalSolver]:: : Variables ADDED 
[WARNING] Model: Trying to create a root modelpart with na |  /           |                  
 ' /   __| _` | __|  _ \   __|    
 . \  |   (   | |   (   |\__ \  
_|\_\_|  \__,_|\__|\___/ ____/
           Multi-Physics 10.3."0"-master-532e0dba7df-Release-x86_64
           Compiled for GNU/Linux and Python3.12 with GCC-13.3
Compiled with threading support. Threading support with OpenMP.
Maximum number of threads: 1.
Importing    KratosStructuralMechanicsApplication 
    KRATOS   ___|  |                   |                   |
           \___ \  __|  __| |   |  __| __| |   |  __| _` | |
                 | |   |    |   | (    |   |   | |   (   | |
           _____/ \__|_|   \__,_|\___|\__|\__,_|_|  \__,_|_| MECHANICS
Initializing KratosStructuralMechanicsApplication...
Importing    KratosConstitutiveLawsApplication 
Initializing KratosConstitutiveLawsApplication...
[WARNING] DEPRECATION-Warning; MechanicalSolver: Using "line_search", please move it to "solving_strategy_settings" as "type" 
::[MechanicalSolver]:: : Construction finished 
::[StaticMechanicalSolver]:: : Construction finished 
::[MechanicalSolver]:: : Variables ADDED 
[WARNING] Model: Trying to create a root modelpart with name Structure however a ModelPart with the same name already exists. 
Returning the already existent ModelPart.
SingleImportModelPart: Reading model part from file: "/home/sares/ML_assisted_CLs_clean/coupon_fe2_paper/03_data/rve_mesh".mdpa
ModelPartIO:   [Reading Nodes    : 3240 nodes read]
ModelPartIO:   [Reading Geometries : 1546 geometries read] [Type: Triangle2D6]
ModelPartIO:   [Total Lines Read : 9751]
SingleImportModelPart: Finished reading model part from mdpa file.
::[PythonSolver]::: Reading model part. 
::[PythonSolver]::: Using already imported model part - no reading necessary. 
ModelPart: -Structure- model part
    Buffer Size : 1
    Number of tables : 0
    Number of sub model parts : 2
    Current solution step index : 0
    DOMAIN_SIZE : 2
    OSS_SWITCH : 0
    IS_RESTARTED : 0

    Number of Geometries  : 1546
    Mesh 0 :
        Number of Nodes       : 3240
        Number of Properties  : 1
        Number of Elements    : 1546
        Number of Conditions  : 0
        Number of Constraints : 0

    -dirichlet- model part
        Number of tables : 0
        Number of sub model parts : 0

        Number of Geometries  : 0
        Mesh 0 :
            Number of Nodes       : 156
            Number of Properties  : 0
            Number of Elements    : 0
            Number of Conditions  : 0
            Number of Constraints : 0
    -material- model part
        Number of tables : 0
        Number of sub model parts : 0

        Number of Geometries  : 1546
        Mesh 0 :
            Number of Nodes       : 3240
            Number of Properties  : 0
            Number of Elements    : 1546
            Number of Conditions  : 0
            Number of Constraints : 0
 
::[PythonSolver]:: : Finished reading model part. 
Read materials: Started
Read materials: Finished
::[MechanicalSolver]:: : Constitutive law was successfully imported. 
::[MechanicalSolver]::: ModelPart prepared for Solver. 
::[MechanicalSolver]:: : DOF's ADDED 
::[MechanicalSolver]:: : Initializing ... 
Importing    LinearSolversApplication 
    Kratos  _     _                       ____        _
           | |   (_)_ __   ___  __ _ _ __/ ___|  ___ | |_   _____ _ __ ___
           | |   | | '_ \ / _ \/ _` | '__\___ \ / _ \| \ \ / / _ \ '__/ __|
           | |___| | | | |  __/ (_| | |   ___) | (_) | |\ V /  __/ |  \__ \
           |_____|_|_| |_|\___|\__,_|_|  |____/ \___/|_| \_/ \___|_|  |___/
Initializing KratosLinearSolversApplication...
Linear-Solver-Factory: Constructing a regular (non-complex) linear-solver 
::[MechanicalSolver]:: : Finished initialization. 
Analysis: Analysis -START-  
[WARNING] DEPRECATION-Warning; MechanicalSolver: Using "line_search", please move it to "solving_strategy_settings" as "type" 
::[MechanicalSolver]:: : Construction finished 
::[StaticMechanicalSolver]:: : Construction finished 
::[MechanicalSolver]:: : Variables ADDED 
[WARNING] Model: Trying to create a root modelpart with name Structure however a ModelPart with the same name already exists. 
Returning the already existent ModelPart.
SingleImportModelPart: Reading model part from file: "/tmp/coupon_maw_hprom_ann_902607/residual_maw10".mdpa
ModelPartIO:   [Reading Nodes    : 60 nodes read]
ModelPartIO:   [Reading Geometries : 10 geometries read] [Type: Triangle2D6]
ModelPartIO:   [Total Lines Read : 164]
SingleImportModelPart: Finished reading model part from mdpa file.
::[PythonSolver]::: Reading model part. 
::[PythonSolver]::: Using already imported model part - no reading necessary. 
ModelPart: -Structure- model part
    Buffer Size : 1
    Number of tables : 0
    Number of sub model parts : 2
    Current solution step index : 0
    DOMAIN_SIZE : 2
    OSS_SWITCH : 0
    IS_RESTARTED : 0

    Number of Geometries  : 10
    Mesh 0 :
        Number of Nodes       : 60
        Number of Properties  : 1
        Number of Elements    : 10
        Number of Conditions  : 0
        Number of Constraints : 0

    -dirichlet- model part
        Number of tables : 0
        Number of sub model parts : 0

        Number of Geometries  : 0
        Mesh 0 :
            Number of Nodes       : 1
            Number of Properties  : 0
            Number of Elements    : 0
            Number of Conditions  : 0
            Number of Constraints : 0
    -material- model part
        Number of tables : 0
        Number of sub model parts : 0

        Number of Geometries  : 10
        Mesh 0 :
            Number of Nodes       : 60
            Number of Properties  : 0
            Number of Elements    : 10
            Number of Conditions  : 0
            Number of Constraints : 0
 
::[PythonSolver]:: : Finished reading model part. 
Read materials: Started
Read materials: Finished
::[MechanicalSolver]:: : Constitutive law was successfully imported. 
::[MechanicalSolver]::: ModelPart prepared for Solver. 
::[MechanicalSolver]:: : DOF's ADDED 
::[MechanicalSolver]:: : Initializing ... 
Linear-Solver-Factory: Constructing a regular (non-complex) linear-solver 
::[MechanicalSolver]:: : Finished initialization. 
Analysis: Analysis -START-  
[WARNING] DEPRECATION-Warning; MechanicalSolver: Using "line_search", please move it to "solving_strategy_settings" as "type" 
::[MechanicalSolver]:: : Construction finished 
::[StaticMechanicalSolver]:: : Construction finished 
::[MechanicalSolver]:: : Variables ADDED 
[WARNING] Model: Trying to create a root modelpart with name Structure however a ModelPart with the same name already exists. 
Returning the already existent ModelPart.
SingleImportModelPart: Reading model part from file: "/tmp/coupon_maw_hprom_ann_902607/stress_maw10".mdpa
ModelPartIO:   [Reading Nodes    : 60 nodes read]
ModelPartIO:   [Reading Geometries : 10 geometries read] [Type: Triangle2D6]
ModelPartIO:   [Total Lines Read : 164]
SingleImportModelPart: Finished reading model part from mdpa file.
::[PythonSolver]::: Reading model part. 
::[PythonSolver]::: Using already imported model part - no reading necessary. 
ModelPart: -Structure- model part
    Buffer Size : 1
    Number of tables : 0
    Number of sub model parts : 2
    Current solution step index : 0
    DOMAIN_SIZE : 2
    OSS_SWITCH : 0
    IS_RESTARTED : 0

    Number of Geometries  : 10
    Mesh 0 :
        Number of Nodes       : 60
        Number of Properties  : 1
        Number of Elements    : 10
        Number of Conditions  : 0
        Number of Constraints : 0

    -dirichlet- model part
        Number of tables : 0
        Number of sub model parts : 0

        Number of Geometries  : 0
        Mesh 0 :
            Number of Nodes       : 1
            Number of Properties  : 0
            Number of Elements    : 0
            Number of Conditions  : 0
            Number of Constraints : 0
    -material- model part
        Number of tables : 0
        Number of sub model parts : 0

        Number of Geometries  : 10
        Mesh 0 :
            Number of Nodes       : 60
            Number of Properties  : 0
            Number of Elements    : 10
            Number of Conditions me Structure however a ModelPart with the same name already exists. 
Returning the already existent ModelPart.
SingleImportModelPart: Reading model part from file: "/tmp/coupon_maw_hprom_ann_902615/residual_maw10".mdpa
ModelPartIO:   [Reading Nodes    : 60 nodes read]
ModelPartIO:   [Reading Geometries : 10 geometries read] [Type: Triangle2D6]
ModelPartIO:   [Total Lines Read : 164]
SingleImportModelPart: Finished reading model part from mdpa file.
::[PythonSolver]::: Reading model part. 
::[PythonSolver]::: Using already imported model part - no reading necessary. 
ModelPart: -Structure- model part
    Buffer Size : 1
    Number of tables : 0
    Number of sub model parts : 2
    Current solution step index : 0
    DOMAIN_SIZE : 2
    OSS_SWITCH : 0
    IS_RESTARTED : 0

    Number of Geometries  : 10
    Mesh 0 :
        Number of Nodes       : 60
        Number of Properties  : 1
        Number of Elements    : 10
        Number of Conditions  : 0
        Number of Constraints : 0

    -dirichlet- model part
        Number of tables : 0
        Number of sub model parts : 0

        Number of Geometries  : 0
        Mesh 0 :
            Number of Nodes       : 1
            Number of Properties  : 0
            Number of Elements    : 0
            Number of Conditions  : 0
            Number of Constraints : 0
    -material- model part
        Number of tables : 0
        Number of sub model parts : 0

        Number of Geometries  : 10
        Mesh 0 :
            Number of Nodes       : 60
            Number of Properties  : 0
            Number of Elements    : 10
            Number of Conditions  : 0
            Number of Constraints : 0
 
::[PythonSolver]:: : Finished reading model part. 
Read materials: Started
Read materials: Finished
::[MechanicalSolver]:: : Constitutive law was successfully imported. 
::[MechanicalSolver]::: ModelPart prepared for Solver. 
::[MechanicalSolver]:: : DOF's ADDED 
::[MechanicalSolver]:: : Initializing ... 
Linear-Solver-Factory: Constructing a regular (non-complex) linear-solver 
::[MechanicalSolver]:: : Finished initialization. 
Analysis: Analysis -START-  
[WARNING] DEPRECATION-Warning; MechanicalSolver: Using "line_search", please move it to "solving_strategy_settings" as "type" 
::[MechanicalSolver]:: : Construction finished 
::[StaticMechanicalSolver]:: : Construction finished 
::[MechanicalSolver]:: : Variables ADDED 
[WARNING] Model: Trying to create a root modelpart with name Structure however a ModelPart with the same name already exists. 
Returning the already existent ModelPart.
SingleImportModelPart: Reading model part from file: "/tmp/coupon_maw_hprom_ann_902615/stress_maw10".mdpa
ModelPartIO:   [Reading Nodes    : 60 nodes read]
ModelPartIO:   [Reading Geometries : 10 geometries read] [Type: Triangle2D6]
ModelPartIO:   [Total Lines Read : 164]
SingleImportModelPart: Finished reading model part from mdpa file.
::[PythonSolver]::: Reading model part. 
::[PythonSolver]::: Using already imported model part - no reading necessary. 
ModelPart: -Structure- model part
    Buffer Size : 1
    Number of tables : 0
    Number of sub model parts : 2
    Current solution step index : 0
    DOMAIN_SIZE : 2
    OSS_SWITCH : 0
    IS_RESTARTED : 0

    Number of Geometries  : 10
    Mesh 0 :
        Number of Nodes       : 60
        Number of Properties  : 1
        Number of Elements    : 10
        Number of Conditions  : 0
        Number of Constraints : 0

    -dirichlet- model part
        Number of tables : 0
        Number of sub model parts : 0

        Number of Geometries  : 0
        Mesh 0 :
            Number of Nodes       : 1
            Number of Properties  : 0
            Number of Elements    : 0
            Number of Conditions  : 0
            Number of Constraints : 0
    -material- model part
        Number of tables : 0
        Number of sub model parts : 0

        Number of Geometries  : 10
        Mesh 0 :
            Number of Nodes       : 60
            Number of Properties  : 0
            Number of Elements    : 10
            Number of Conditions  |  /           |                  
 ' /   __| _` | __|  _ \   __|    
 . \  |   (   | |   (   |\__ \  
_|\_\_|  \__,_|\__|\___/ ____/
           Multi-Physics 10.3."0"-master-532e0dba7df-Release-x86_64
           Compiled for GNU/Linux and Python3.12 with GCC-13.3
Compiled with threading support. Threading support with OpenMP.
Maximum number of threads: 1.
Importing    KratosStructuralMechanicsApplication 
    KRATOS   ___|  |                   |                   |
           \___ \  __|  __| |   |  __| __| |   |  __| _` | |
                 | |   |    |   | (    |   |   | |   (   | |
           _____/ \__|_|   \__,_|\___|\__|\__,_|_|  \__,_|_| MECHANICS
Initializing KratosStructuralMechanicsApplication...
Importing    KratosConstitutiveLawsApplication 
Initializing KratosConstitutiveLawsApplication...
[WARNING] DEPRECATION-Warning; MechanicalSolver: Using "line_search", please move it to "solving_strategy_settings" as "type" 
::[MechanicalSolver]:: : Construction finished 
::[StaticMechanicalSolver]:: : Construction finished 
::[MechanicalSolver]:: : Variables ADDED 
[WARNING] Model: Trying to create a root modelpart with name Structure however a ModelPart with the same name already exists. 
Returning the already existent ModelPart.
SingleImportModelPart: Reading model part from file: "/home/sares/ML_assisted_CLs_clean/coupon_fe2_paper/03_data/rve_mesh".mdpa
ModelPartIO:   [Reading Nodes    : 3240 nodes read]
ModelPartIO:   [Reading Geometries : 1546 geometries read] [Type: Triangle2D6]
ModelPartIO:   [Total Lines Read : 9751]
SingleImportModelPart: Finished reading model part from mdpa file.
::[PythonSolver]::: Reading model part. 
::[PythonSolver]::: Using already imported model part - no reading necessary. 
ModelPart: -Structure- model part
    Buffer Size : 1
    Number of tables : 0
    Number of sub model parts : 2
    Current solution step index : 0
    DOMAIN_SIZE : 2
    OSS_SWITCH : 0
    IS_RESTARTED : 0

    Number of Geometries  : 1546
    Mesh 0 :
        Number of Nodes       : 3240
        Number of Properties  : 1
        Number of Elements    : 1546
        Number of Conditions  : 0
        Number of Constraints : 0

    -dirichlet- model part
        Number of tables : 0
        Number of sub model parts : 0

        Number of Geometries  : 0
        Mesh 0 :
            Number of Nodes       : 156
            Number of Properties  : 0
            Number of Elements    : 0
            Number of Conditions  : 0
            Number of Constraints : 0
    -material- model part
        Number of tables : 0
        Number of sub model parts : 0

        Number of Geometries  : 1546
        Mesh 0 :
            Number of Nodes       : 3240
            Number of Properties  : 0
            Number of Elements    : 1546
            Number of Conditions  : 0
            Number of Constraints : 0
 
::[PythonSolver]:: : Finished reading model part. 
Read materials: Started
Read materials: Finished
::[MechanicalSolver]:: : Constitutive law was successfully imported. 
::[MechanicalSolver]::: ModelPart prepared for Solver. 
::[MechanicalSolver]:: : DOF's ADDED 
::[MechanicalSolver]:: : Initializing ... 
Importing    LinearSolversApplication 
    Kratos  _     _                       ____        _
           | |   (_)_ __   ___  __ _ _ __/ ___|  ___ | |_   _____ _ __ ___
           | |   | | '_ \ / _ \/ _` | '__\___ \ / _ \| \ \ / / _ \ '__/ __|
           | |___| | | | |  __/ (_| | |   ___) | (_) | |\ V /  __/ |  \__ \
           |_____|_|_| |_|\___|\__,_|_|  |____/ \___/|_| \_/ \___|_|  |___/
Initializing KratosLinearSolversApplication...
Linear-Solver-Factory: Constructing a regular (non-complex) linear-solver 
::[MechanicalSolver]:: : Finished initialization. 
Analysis: Analysis -START-  
[WARNING] DEPRECATION-Warning; MechanicalSolver: Using "line_search", please move it to "solving_strategy_settings" as "type" 
::[MechanicalSolver]:: : Construction finished 
::[StaticMechanicalSolver]:: : Construction finished 
::[MechanicalSolver]:: : Variables ADDED 
[WARNING] Model: Trying to create a root modelpart with name Structure however a ModelPart with the same name already exists. 
Returning the already existent ModelPart.
SingleImportModelPart: Reading model part from file: "/tmp/coupon_maw_hprom_ann_902620/residual_maw10".mdpa
ModelPartIO:   [Reading Nodes    : 60 nodes read]
ModelPartIO:   [Reading Geometries : 10 geometries read] [Type: Triangle2D6]
ModelPartIO:   [Total Lines Read : 164]
SingleImportModelPart: Finished reading model part from mdpa file.
::[PythonSolver]::: Reading model part. 
::[PythonSolver]::: Using already imported model part - no reading necessary. 
ModelPart: -Structure- model part
    Buffer Size : 1
    Number of tables : 0
    Number of sub model parts : 2
    Current solution step index : 0
    DOMAIN_SIZE : 2
    OSS_SWITCH : 0
    IS_RESTARTED : 0

    Number of Geometries  : 10
    Mesh 0 :
        Number of Nodes       : 60
        Number of Properties  : 1
        Number of Elements    : 10
        Number of Conditions  : 0
        Number of Constraints : 0

    -dirichlet- model part
        Number of tables : 0
        Number of sub model parts : 0

        Number of Geometries  : 0
        Mesh 0 :
            Number of Nodes       : 1
            Number of Properties  : 0
            Number of Elements    : 0
            Number of Conditions  : 0
            Number of Constraints : 0
    -material- model part
        Number of tables : 0
        Number of sub model parts : 0

        Number of Geometries  : 10
        Mesh 0 :
            Number of Nodes       : 60
            Number of Properties  : 0
            Number of Elements    : 10
            Number of Conditions  : 0
            Number of Constraints : 0
 
::[PythonSolver]:: : Finished reading model part. 
Read materials: Started
Read materials: Finished
::[MechanicalSolver]:: : Constitutive law was successfully imported. 
::[MechanicalSolver]::: ModelPart prepared for Solver. 
::[MechanicalSolver]:: : DOF's ADDED 
::[MechanicalSolver]:: : Initializing ... 
Linear-Solver-Factory: Constructing a regular (non-complex) linear-solver 
::[MechanicalSolver]:: : Finished initialization. 
Analysis: Analysis -START-  
[WARNING] DEPRECATION-Warning; MechanicalSolver: Using "line_search", please move it to "solving_strategy_settings" as "type" 
::[MechanicalSolver]:: : Construction finished 
::[StaticMechanicalSolver]:: : Construction finished 
::[MechanicalSolver]:: : Variables ADDED 
[WARNING] Model: Trying to create a root modelpart with name Structure however a ModelPart with the same name already exists. 
Returning the already existent ModelPart.
SingleImportModelPart: Reading model part from file: "/tmp/coupon_maw_hprom_ann_902620/stress_maw10".mdpa
ModelPartIO:   [Reading Nodes    : 60 nodes read]
ModelPartIO:   [Reading Geometries : 10 geometries read] [Type: Triangle2D6]
ModelPartIO:   [Total Lines Read : 164]
SingleImportModelPart: Finished reading model part from mdpa file.
::[PythonSolver]::: Reading model part. 
::[PythonSolver]::: Using already imported model part - no reading necessary. 
ModelPart: -Structure- model part
    Buffer Size : 1
    Number of tables : 0
    Number of sub model parts : 2
    Current solution step index : 0
    DOMAIN_SIZE : 2
    OSS_SWITCH : 0
    IS_RESTARTED : 0

    Number of Geometries  : 10
    Mesh 0 :
        Number of Nodes       : 60
        Number of Properties  : 1
        Number of Elements    : 10
        Number of Conditions  : 0
        Number of Constraints : 0

    -dirichlet- model part
        Number of tables : 0
        Number of sub model parts : 0

        Number of Geometries  : 0
        Mesh 0 :
            Number of Nodes       : 1
            Number of Properties  : 0
            Number of Elements    : 0
            Number of Conditions  : 0
            Number of Constraints : 0
    -material- model part
        Number of tables : 0
        Number of sub model parts : 0

        Number of Geometries  : 10
        Mesh 0 :
            Number of Nodes       : 60
            Number of Properties  : 0
            Number of Elements    : 10
            Number of Conditions me Structure however a ModelPart with the same name already exists. 
Returning the already existent ModelPart.
SingleImportModelPart: Reading model part from file: "/tmp/coupon_maw_hprom_ann_902605/residual_maw10".mdpa
ModelPartIO:   [Reading Nodes    : 60 nodes read]
ModelPartIO:   [Reading Geometries : 10 geometries read] [Type: Triangle2D6]
ModelPartIO:   [Total Lines Read : 164]
SingleImportModelPart: Finished reading model part from mdpa file.
::[PythonSolver]::: Reading model part. 
::[PythonSolver]::: Using already imported model part - no reading necessary. 
ModelPart: -Structure- model part
    Buffer Size : 1
    Number of tables : 0
    Number of sub model parts : 2
    Current solution step index : 0
    DOMAIN_SIZE : 2
    OSS_SWITCH : 0
    IS_RESTARTED : 0

    Number of Geometries  : 10
    Mesh 0 :
        Number of Nodes       : 60
        Number of Properties  : 1
        Number of Elements    : 10
        Number of Conditions  : 0
        Number of Constraints : 0

    -dirichlet- model part
        Number of tables : 0
        Number of sub model parts : 0

        Number of Geometries  : 0
        Mesh 0 :
            Number of Nodes       : 1
            Number of Properties  : 0
            Number of Elements    : 0
            Number of Conditions  : 0
            Number of Constraints : 0
    -material- model part
        Number of tables : 0
        Number of sub model parts : 0

        Number of Geometries  : 10
        Mesh 0 :
            Number of Nodes       : 60
            Number of Properties  : 0
            Number of Elements    : 10
            Number of Conditions  : 0
            Number of Constraints : 0
 
::[PythonSolver]:: : Finished reading model part. 
Read materials: Started
Read materials: Finished
::[MechanicalSolver]:: : Constitutive law was successfully imported. 
::[MechanicalSolver]::: ModelPart prepared for Solver. 
::[MechanicalSolver]:: : DOF's ADDED 
::[MechanicalSolver]:: : Initializing ... 
Linear-Solver-Factory: Constructing a regular (non-complex) linear-solver 
::[MechanicalSolver]:: : Finished initialization. 
Analysis: Analysis -START-  
[WARNING] DEPRECATION-Warning; MechanicalSolver: Using "line_search", please move it to "solving_strategy_settings" as "type" 
::[MechanicalSolver]:: : Construction finished 
::[StaticMechanicalSolver]:: : Construction finished 
::[MechanicalSolver]:: : Variables ADDED 
[WARNING] Model: Trying to create a root modelpart with name Structure however a ModelPart with the same name already exists. 
Returning the already existent ModelPart.
SingleImportModelPart: Reading model part from file: "/tmp/coupon_maw_hprom_ann_902605/stress_maw10".mdpa
ModelPartIO:   [Reading Nodes    : 60 nodes read]
ModelPartIO:   [Reading Geometries : 10 geometries read] [Type: Triangle2D6]
ModelPartIO:   [Total Lines Read : 164]
SingleImportModelPart: Finished reading model part from mdpa file.
::[PythonSolver]::: Reading model part. 
::[PythonSolver]::: Using already imported model part - no reading necessary. 
ModelPart: -Structure- model part
    Buffer Size : 1
    Number of tables : 0
    Number of sub model parts : 2
    Current solution step index : 0
    DOMAIN_SIZE : 2
    OSS_SWITCH : 0
    IS_RESTARTED : 0

    Number of Geometries  : 10
    Mesh 0 :
        Number of Nodes       : 60
        Number of Properties  : 1
        Number of Elements    : 10
        Number of Conditions  : 0
        Number of Constraints : 0

    -dirichlet- model part
        Number of tables : 0
        Number of sub model parts : 0

        Number of Geometries  : 0
        Mesh 0 :
            Number of Nodes       : 1
            Number of Properties  : 0
            Number of Elements    : 0
            Number of Conditions  : 0
            Number of Constraints : 0
    -material- model part
        Number of tables : 0
        Number of sub model parts : 0

        Number of Geometries  : 10
        Mesh 0 :
            Number of Nodes       : 60
            Number of Properties  : 0
            Number of Elements    : 10
            Number of Conditions  |  /           |                  
 ' /   __| _` | __|  _ \   __|    
 . \  |   (   | |   (   |\__ \  
_|\_\_|  \__,_|\__|\___/ ____/
           Multi-Physics 10.3."0"-master-532e0dba7df-Release-x86_64
           Compiled for GNU/Linux and Python3.12 with GCC-13.3
Compiled with threading support. Threading support with OpenMP.
Maximum number of threads: 1.
Importing    KratosStructuralMechanicsApplication 
    KRATOS   ___|  |                   |                   |
           \___ \  __|  __| |   |  __| __| |   |  __| _` | |
                 | |   |    |   | (    |   |   | |   (   | |
           _____/ \__|_|   \__,_|\___|\__|\__,_|_|  \__,_|_| MECHANICS
Initializing KratosStructuralMechanicsApplication...
Importing    KratosConstitutiveLawsApplication 
Initializing KratosConstitutiveLawsApplication...
[WARNING] DEPRECATION-Warning; MechanicalSolver: Using "line_search", please move it to "solving_strategy_settings" as "type" 
::[MechanicalSolver]:: : Construction finished 
::[StaticMechanicalSolver]:: : Construction finished 
::[MechanicalSolver]:: : Variables ADDED 
[WARNING] Model: Trying to create a root modelpart with name Structure however a ModelPart with the same name already exists. 
Returning the already existent ModelPart.
SingleImportModelPart: Reading model part from file: "/home/sares/ML_assisted_CLs_clean/coupon_fe2_paper/03_data/rve_mesh".mdpa
ModelPartIO:   [Reading Nodes    : 3240 nodes read]
ModelPartIO:   [Reading Geometries : 1546 geometries read] [Type: Triangle2D6]
ModelPartIO:   [Total Lines Read : 9751]
SingleImportModelPart: Finished reading model part from mdpa file.
::[PythonSolver]::: Reading model part. 
::[PythonSolver]::: Using already imported model part - no reading necessary. 
ModelPart: -Structure- model part
    Buffer Size : 1
    Number of tables : 0
    Number of sub model parts : 2
    Current solution step index : 0
    DOMAIN_SIZE : 2
    OSS_SWITCH : 0
    IS_RESTARTED : 0

    Number of Geometries  : 1546
    Mesh 0 :
        Number of Nodes       : 3240
        Number of Properties  : 1
        Number of Elements    : 1546
        Number of Conditions  : 0
        Number of Constraints : 0

    -dirichlet- model part
        Number of tables : 0
        Number of sub model parts : 0

        Number of Geometries  : 0
        Mesh 0 :
            Number of Nodes       : 156
            Number of Properties  : 0
            Number of Elements    : 0
            Number of Conditions  : 0
            Number of Constraints : 0
    -material- model part
        Number of tables : 0
        Number of sub model parts : 0

        Number of Geometries  : 1546
        Mesh 0 :
            Number of Nodes       : 3240
            Number of Properties  : 0
            Number of Elements    : 1546
            Number of Conditions  : 0
            Number of Constraints : 0
 
::[PythonSolver]:: : Finished reading model part. 
Read materials: Started
Read materials: Finished
::[MechanicalSolver]:: : Constitutive law was successfully imported. 
::[MechanicalSolver]::: ModelPart prepared for Solver. 
::[MechanicalSolver]:: : DOF's ADDED 
::[MechanicalSolver]:: : Initializing ... 
Importing    LinearSolversApplication 
    Kratos  _     _                       ____        _
           | |   (_)_ __   ___  __ _ _ __/ ___|  ___ | |_   _____ _ __ ___
           | |   | | '_ \ / _ \/ _` | '__\___ \ / _ \| \ \ / / _ \ '__/ __|
           | |___| | | | |  __/ (_| | |   ___) | (_) | |\ V /  __/ |  \__ \
           |_____|_|_| |_|\___|\__,_|_|  |____/ \___/|_| \_/ \___|_|  |___/
Initializing KratosLinearSolversApplication...
Linear-Solver-Factory: Constructing a regular (non-complex) linear-solver 
::[MechanicalSolver]:: : Finished initialization. 
Analysis: Analysis -START-  
[WARNING] DEPRECATION-Warning; MechanicalSolver: Using "line_search", please move it to "solving_strategy_settings" as "type" 
::[MechanicalSolver]:: : Construction finished 
::[StaticMechanicalSolver]:: : Construction finished 
::[MechanicalSolver]:: : Variables ADDED 
[WARNING] Model: Trying to create a root modelpart with name Structure however a ModelPart with the same name already exists. 
Returning the already existent ModelPart.
SingleImportModelPart: Reading model part from file: "/tmp/coupon_maw_hprom_ann_902609/residual_maw10".mdpa
ModelPartIO:   [Reading Nodes    : 60 nodes read]
ModelPartIO:   [Reading Geometries : 10 geometries read] [Type: Triangle2D6]
ModelPartIO:   [Total Lines Read : 164]
SingleImportModelPart: Finished reading model part from mdpa file.
::[PythonSolver]::: Reading model part. 
::[PythonSolver]::: Using already imported model part - no reading necessary. 
ModelPart: -Structure- model part
    Buffer Size : 1
    Number of tables : 0
    Number of sub model parts : 2
    Current solution step index : 0
    DOMAIN_SIZE : 2
    OSS_SWITCH : 0
    IS_RESTARTED : 0

    Number of Geometries  : 10
    Mesh 0 :
        Number of Nodes       : 60
        Number of Properties  : 1
        Number of Elements    : 10
        Number of Conditions  : 0
        Number of Constraints : 0

    -dirichlet- model part
        Number of tables : 0
        Number of sub model parts : 0

        Number of Geometries  : 0
        Mesh 0 :
            Number of Nodes       : 1
            Number of Properties  : 0
            Number of Elements    : 0
            Number of Conditions  : 0
            Number of Constraints : 0
    -material- model part
        Number of tables : 0
        Number of sub model parts : 0

        Number of Geometries  : 10
        Mesh 0 :
            Number of Nodes       : 60
            Number of Properties  : 0
            Number of Elements    : 10
            Number of Conditions  : 0
            Number of Constraints : 0
 
::[PythonSolver]:: : Finished reading model part. 
Read materials: Started
Read materials: Finished
::[MechanicalSolver]:: : Constitutive law was successfully imported. 
::[MechanicalSolver]::: ModelPart prepared for Solver. 
::[MechanicalSolver]:: : DOF's ADDED 
::[MechanicalSolver]:: : Initializing ... 
Linear-Solver-Factory: Constructing a regular (non-complex) linear-solver 
::[MechanicalSolver]:: : Finished initialization. 
Analysis: Analysis -START-  
[WARNING] DEPRECATION-Warning; MechanicalSolver: Using "line_search", please move it to "solving_strategy_settings" as "type" 
::[MechanicalSolver]:: : Construction finished 
::[StaticMechanicalSolver]:: : Construction finished 
::[MechanicalSolver]:: : Variables ADDED 
[WARNING] Model: Trying to create a root modelpart with name Structure however a ModelPart with the same name already exists. 
Returning the already existent ModelPart.
SingleImportModelPart: Reading model part from file: "/tmp/coupon_maw_hprom_ann_902609/stress_maw10".mdpa
ModelPartIO:   [Reading Nodes    : 60 nodes read]
ModelPartIO:   [Reading Geometries : 10 geometries read] [Type: Triangle2D6]
ModelPartIO:   [Total Lines Read : 164]
SingleImportModelPart: Finished reading model part from mdpa file.
::[PythonSolver]::: Reading model part. 
::[PythonSolver]::: Using already imported model part - no reading necessary. 
ModelPart: -Structure- model part
    Buffer Size : 1
    Number of tables : 0
    Number of sub model parts : 2
    Current solution step index : 0
    DOMAIN_SIZE : 2
    OSS_SWITCH : 0
    IS_RESTARTED : 0

    Number of Geometries  : 10
    Mesh 0 :
        Number of Nodes       : 60
        Number of Properties  : 1
        Number of Elements    : 10
        Number of Conditions  : 0
        Number of Constraints : 0

    -dirichlet- model part
        Number of tables : 0
        Number of sub model parts : 0

        Number of Geometries  : 0
        Mesh 0 :
            Number of Nodes       : 1
            Number of Properties  : 0
            Number of Elements    : 0
            Number of Conditions  : 0
            Number of Constraints : 0
    -material- model part
        Number of tables : 0
        Number of sub model parts : 0

        Number of Geometries  : 10
        Mesh 0 :
            Number of Nodes       : 60
            Number of Properties  : 0
            Number of Elements    : 10
            Number of Conditions me Structure however a ModelPart with the same name already exists. 
Returning the already existent ModelPart.
SingleImportModelPart: Reading model part from file: "/tmp/coupon_maw_hprom_ann_902612/residual_maw10".mdpa
ModelPartIO:   [Reading Nodes    : 60 nodes read]
ModelPartIO:   [Reading Geometries : 10 geometries read] [Type: Triangle2D6]
ModelPartIO:   [Total Lines Read : 164]
SingleImportModelPart: Finished reading model part from mdpa file.
::[PythonSolver]::: Reading model part. 
::[PythonSolver]::: Using already imported model part - no reading necessary. 
ModelPart: -Structure- model part
    Buffer Size : 1
    Number of tables : 0
    Number of sub model parts : 2
    Current solution step index : 0
    DOMAIN_SIZE : 2
    OSS_SWITCH : 0
    IS_RESTARTED : 0

    Number of Geometries  : 10
    Mesh 0 :
        Number of Nodes       : 60
        Number of Properties  : 1
        Number of Elements    : 10
        Number of Conditions  : 0
        Number of Constraints : 0

    -dirichlet- model part
        Number of tables : 0
        Number of sub model parts : 0

        Number of Geometries  : 0
        Mesh 0 :
            Number of Nodes       : 1
            Number of Properties  : 0
            Number of Elements    : 0
            Number of Conditions  : 0
            Number of Constraints : 0
    -material- model part
        Number of tables : 0
        Number of sub model parts : 0

        Number of Geometries  : 10
        Mesh 0 :
            Number of Nodes       : 60
            Number of Properties  : 0
            Number of Elements    : 10
            Number of Conditions  : 0
            Number of Constraints : 0
 
::[PythonSolver]:: : Finished reading model part. 
Read materials: Started
Read materials: Finished
::[MechanicalSolver]:: : Constitutive law was successfully imported. 
::[MechanicalSolver]::: ModelPart prepared for Solver. 
::[MechanicalSolver]:: : DOF's ADDED 
::[MechanicalSolver]:: : Initializing ... 
Linear-Solver-Factory: Constructing a regular (non-complex) linear-solver 
::[MechanicalSolver]:: : Finished initialization. 
Analysis: Analysis -START-  
[WARNING] DEPRECATION-Warning; MechanicalSolver: Using "line_search", please move it to "solving_strategy_settings" as "type" 
::[MechanicalSolver]:: : Construction finished 
::[StaticMechanicalSolver]:: : Construction finished 
::[MechanicalSolver]:: : Variables ADDED 
[WARNING] Model: Trying to create a root modelpart with name Structure however a ModelPart with the same name already exists. 
Returning the already existent ModelPart.
SingleImportModelPart: Reading model part from file: "/tmp/coupon_maw_hprom_ann_902612/stress_maw10".mdpa
ModelPartIO:   [Reading Nodes    : 60 nodes read]
ModelPartIO:   [Reading Geometries : 10 geometries read] [Type: Triangle2D6]
ModelPartIO:   [Total Lines Read : 164]
SingleImportModelPart: Finished reading model part from mdpa file.
::[PythonSolver]::: Reading model part. 
::[PythonSolver]::: Using already imported model part - no reading necessary. 
ModelPart: -Structure- model part
    Buffer Size : 1
    Number of tables : 0
    Number of sub model parts : 2
    Current solution step index : 0
    DOMAIN_SIZE : 2
    OSS_SWITCH : 0
    IS_RESTARTED : 0

    Number of Geometries  : 10
    Mesh 0 :
        Number of Nodes       : 60
        Number of Properties  : 1
        Number of Elements    : 10
        Number of Conditions  : 0
        Number of Constraints : 0

    -dirichlet- model part
        Number of tables : 0
        Number of sub model parts : 0

        Number of Geometries  : 0
        Mesh 0 :
            Number of Nodes       : 1
            Number of Properties  : 0
            Number of Elements    : 0
            Number of Conditions  : 0
            Number of Constraints : 0
    -material- model part
        Number of tables : 0
        Number of sub model parts : 0

        Number of Geometries  : 10
        Mesh 0 :
            Number of Nodes       : 60
            Number of Properties  : 0
            Number of Elements    : 10
            Number of Conditions  |  /           |                  
 ' /   __| _` | __|  _ \   __|    
 . \  |   (   | |   (   |\__ \  
_|\_\_|  \__,_|\__|\___/ ____/
           Multi-Physics 10.3."0"-master-532e0dba7df-Release-x86_64
           Compiled for GNU/Linux and Python3.12 with GCC-13.3
Compiled with threading support. Threading support with OpenMP.
Maximum number of threads: 1.
Importing    KratosStructuralMechanicsApplication 
    KRATOS   ___|  |                   |                   |
           \___ \  __|  __| |   |  __| __| |   |  __| _` | |
                 | |   |    |   | (    |   |   | |   (   | |
           _____/ \__|_|   \__,_|\___|\__|\__,_|_|  \__,_|_| MECHANICS
Initializing KratosStructuralMechanicsApplication...
Importing    KratosConstitutiveLawsApplication 
Initializing KratosConstitutiveLawsApplication...
[WARNING] DEPRECATION-Warning; MechanicalSolver: Using "line_search", please move it to "solving_strategy_settings" as "type" 
::[MechanicalSolver]:: : Construction finished 
::[StaticMechanicalSolver]:: : Construction finished 
::[MechanicalSolver]:: : Variables ADDED 
[WARNING] Model: Trying to create a root modelpart with name Structure however a ModelPart with the same name already exists. 
Returning the already existent ModelPart.
SingleImportModelPart: Reading model part from file: "/home/sares/ML_assisted_CLs_clean/coupon_fe2_paper/03_data/rve_mesh".mdpa
ModelPartIO:   [Reading Nodes    : 3240 nodes read]
ModelPartIO:   [Reading Geometries : 1546 geometries read] [Type: Triangle2D6]
ModelPartIO:   [Total Lines Read : 9751]
SingleImportModelPart: Finished reading model part from mdpa file.
::[PythonSolver]::: Reading model part. 
::[PythonSolver]::: Using already imported model part - no reading necessary. 
ModelPart: -Structure- model part
    Buffer Size : 1
    Number of tables : 0
    Number of sub model parts : 2
    Current solution step index : 0
    DOMAIN_SIZE : 2
    OSS_SWITCH : 0
    IS_RESTARTED : 0

    Number of Geometries  : 1546
    Mesh 0 :
        Number of Nodes       : 3240
        Number of Properties  : 1
        Number of Elements    : 1546
        Number of Conditions  : 0
        Number of Constraints : 0

    -dirichlet- model part
        Number of tables : 0
        Number of sub model parts : 0

        Number of Geometries  : 0
        Mesh 0 :
            Number of Nodes       : 156
            Number of Properties  : 0
            Number of Elements    : 0
            Number of Conditions  : 0
            Number of Constraints : 0
    -material- model part
        Number of tables : 0
        Number of sub model parts : 0

        Number of Geometries  : 1546
        Mesh 0 :
            Number of Nodes       : 3240
            Number of Properties  : 0
            Number of Elements    : 1546
            Number of Conditions  : 0
            Number of Constraints : 0
 
::[PythonSolver]:: : Finished reading model part. 
Read materials: Started
Read materials: Finished
::[MechanicalSolver]:: : Constitutive law was successfully imported. 
::[MechanicalSolver]::: ModelPart prepared for Solver. 
::[MechanicalSolver]:: : DOF's ADDED 
::[MechanicalSolver]:: : Initializing ... 
Importing    LinearSolversApplication 
    Kratos  _     _                       ____        _
           | |   (_)_ __   ___  __ _ _ __/ ___|  ___ | |_   _____ _ __ ___
           | |   | | '_ \ / _ \/ _` | '__\___ \ / _ \| \ \ / / _ \ '__/ __|
           | |___| | | | |  __/ (_| | |   ___) | (_) | |\ V /  __/ |  \__ \
           |_____|_|_| |_|\___|\__,_|_|  |____/ \___/|_| \_/ \___|_|  |___/
Initializing KratosLinearSolversApplication...
Linear-Solver-Factory: Constructing a regular (non-complex) linear-solver 
::[MechanicalSolver]:: : Finished initialization. 
Analysis: Analysis -START-  
[WARNING] DEPRECATION-Warning; MechanicalSolver: Using "line_search", please move it to "solving_strategy_settings" as "type" 
::[MechanicalSolver]:: : Construction finished 
::[StaticMechanicalSolver]:: : Construction finished 
::[MechanicalSolver]:: : Variables ADDED 
[WARNING] Model: Trying to create a root modelpart with name Structure however a ModelPart with the same name already exists. 
Returning the already existent ModelPart.
SingleImportModelPart: Reading model part from file: "/tmp/coupon_maw_hprom_ann_902611/residual_maw10".mdpa
ModelPartIO:   [Reading Nodes    : 60 nodes read]
ModelPartIO:   [Reading Geometries : 10 geometries read] [Type: Triangle2D6]
ModelPartIO:   [Total Lines Read : 164]
SingleImportModelPart: Finished reading model part from mdpa file.
::[PythonSolver]::: Reading model part. 
::[PythonSolver]::: Using already imported model part - no reading necessary. 
ModelPart: -Structure- model part
    Buffer Size : 1
    Number of tables : 0
    Number of sub model parts : 2
    Current solution step index : 0
    DOMAIN_SIZE : 2
    OSS_SWITCH : 0
    IS_RESTARTED : 0

    Number of Geometries  : 10
    Mesh 0 :
        Number of Nodes       : 60
        Number of Properties  : 1
        Number of Elements    : 10
        Number of Conditions  : 0
        Number of Constraints : 0

    -dirichlet- model part
        Number of tables : 0
        Number of sub model parts : 0

        Number of Geometries  : 0
        Mesh 0 :
            Number of Nodes       : 1
            Number of Properties  : 0
            Number of Elements    : 0
            Number of Conditions  : 0
            Number of Constraints : 0
    -material- model part
        Number of tables : 0
        Number of sub model parts : 0

        Number of Geometries  : 10
        Mesh 0 :
            Number of Nodes       : 60
            Number of Properties  : 0
            Number of Elements    : 10
            Number of Conditions  : 0
            Number of Constraints : 0
 
::[PythonSolver]:: : Finished reading model part. 
Read materials: Started
Read materials: Finished
::[MechanicalSolver]:: : Constitutive law was successfully imported. 
::[MechanicalSolver]::: ModelPart prepared for Solver. 
::[MechanicalSolver]:: : DOF's ADDED 
::[MechanicalSolver]:: : Initializing ... 
Linear-Solver-Factory: Constructing a regular (non-complex) linear-solver 
::[MechanicalSolver]:: : Finished initialization. 
Analysis: Analysis -START-  
[WARNING] DEPRECATION-Warning; MechanicalSolver: Using "line_search", please move it to "solving_strategy_settings" as "type" 
::[MechanicalSolver]:: : Construction finished 
::[StaticMechanicalSolver]:: : Construction finished 
::[MechanicalSolver]:: : Variables ADDED 
[WARNING] Model: Trying to create a root modelpart with name Structure however a ModelPart with the same name already exists. 
Returning the already existent ModelPart.
SingleImportModelPart: Reading model part from file: "/tmp/coupon_maw_hprom_ann_902611/stress_maw10".mdpa
ModelPartIO:   [Reading Nodes    : 60 nodes read]
ModelPartIO:   [Reading Geometries : 10 geometries read] [Type: Triangle2D6]
ModelPartIO:   [Total Lines Read : 164]
SingleImportModelPart: Finished reading model part from mdpa file.
::[PythonSolver]::: Reading model part. 
::[PythonSolver]::: Using already imported model part - no reading necessary. 
ModelPart: -Structure- model part
    Buffer Size : 1
    Number of tables : 0
    Number of sub model parts : 2
    Current solution step index : 0
    DOMAIN_SIZE : 2
    OSS_SWITCH : 0
    IS_RESTARTED : 0

    Number of Geometries  : 10
    Mesh 0 :
        Number of Nodes       : 60
        Number of Properties  : 1
        Number of Elements    : 10
        Number of Conditions  : 0
        Number of Constraints : 0

    -dirichlet- model part
        Number of tables : 0
        Number of sub model parts : 0

        Number of Geometries  : 0
        Mesh 0 :
            Number of Nodes       : 1
            Number of Properties  : 0
            Number of Elements    : 0
            Number of Conditions  : 0
            Number of Constraints : 0
    -material- model part
        Number of tables : 0
        Number of sub model parts : 0

        Number of Geometries  : 10
        Mesh 0 :
            Number of Nodes       : 60
            Number of Properties  : 0
            Number of Elements    : 10
            Number of Conditions  |  /           |                  
 ' /   __| _` | __|  _ \   __|    
 . \  |   (   | |   (   |\__ \  
_|\_\_|  \__,_|\__|\___/ ____/
           Multi-Physics 10.3."0"-master-532e0dba7df-Release-x86_64
           Compiled for GNU/Linux and Python3.12 with GCC-13.3
Compiled with threading support. Threading support with OpenMP.
Maximum number of threads: 1.
Importing    KratosStructuralMechanicsApplication 
    KRATOS   ___|  |                   |                   |
           \___ \  __|  __| |   |  __| __| |   |  __| _` | |
                 | |   |    |   | (    |   |   | |   (   | |
           _____/ \__|_|   \__,_|\___|\__|\__,_|_|  \__,_|_| MECHANICS
Initializing KratosStructuralMechanicsApplication...
Importing    KratosConstitutiveLawsApplication 
Initializing KratosConstitutiveLawsApplication...
[WARNING] DEPRECATION-Warning; MechanicalSolver: Using "line_search", please move it to "solving_strategy_settings" as "type" 
::[MechanicalSolver]:: : Construction finished 
::[StaticMechanicalSolver]:: : Construction finished 
::[MechanicalSolver]:: : Variables ADDED 
[WARNING] Model: Trying to create a root modelpart with name Structure however a ModelPart with the same name already exists. 
Returning the already existent ModelPart.
SingleImportModelPart: Reading model part from file: "/home/sares/ML_assisted_CLs_clean/coupon_fe2_paper/03_data/rve_mesh".mdpa
ModelPartIO:   [Reading Nodes    : 3240 nodes read]
ModelPartIO:   [Reading Geometries : 1546 geometries read] [Type: Triangle2D6]
ModelPartIO:   [Total Lines Read : 9751]
SingleImportModelPart: Finished reading model part from mdpa file.
::[PythonSolver]::: Reading model part. 
::[PythonSolver]::: Using already imported model part - no reading necessary. 
ModelPart: -Structure- model part
    Buffer Size : 1
    Number of tables : 0
    Number of sub model parts : 2
    Current solution step index : 0
    DOMAIN_SIZE : 2
    OSS_SWITCH : 0
    IS_RESTARTED : 0

    Number of Geometries  : 1546
    Mesh 0 :
        Number of Nodes       : 3240
        Number of Properties  : 1
        Number of Elements    : 1546
        Number of Conditions  : 0
        Number of Constraints : 0

    -dirichlet- model part
        Number of tables : 0
        Number of sub model parts : 0

        Number of Geometries  : 0
        Mesh 0 :
            Number of Nodes       : 156
            Number of Properties  : 0
            Number of Elements    : 0
            Number of Conditions  : 0
            Number of Constraints : 0
    -material- model part
        Number of tables : 0
        Number of sub model parts : 0

        Number of Geometries  : 1546
        Mesh 0 :
            Number of Nodes       : 3240
            Number of Properties  : 0
            Number of Elements    : 1546
            Number of Conditions  : 0
            Number of Constraints : 0
 
::[PythonSolver]:: : Finished reading model part. 
Read materials: Started
Read materials: Finished
::[MechanicalSolver]:: : Constitutive law was successfully imported. 
::[MechanicalSolver]::: ModelPart prepared for Solver. 
::[MechanicalSolver]:: : DOF's ADDED 
::[MechanicalSolver]:: : Initializing ... 
Importing    LinearSolversApplication 
    Kratos  _     _                       ____        _
           | |   (_)_ __   ___  __ _ _ __/ ___|  ___ | |_   _____ _ __ ___
           | |   | | '_ \ / _ \/ _` | '__\___ \ / _ \| \ \ / / _ \ '__/ __|
           | |___| | | | |  __/ (_| | |   ___) | (_) | |\ V /  __/ |  \__ \
           |_____|_|_| |_|\___|\__,_|_|  |____/ \___/|_| \_/ \___|_|  |___/
Initializing KratosLinearSolversApplication...
Linear-Solver-Factory: Constructing a regular (non-complex) linear-solver 
::[MechanicalSolver]:: : Finished initialization. 
Analysis: Analysis -START-  
[WARNING] DEPRECATION-Warning; MechanicalSolver: Using "line_search", please move it to "solving_strategy_settings" as "type" 
::[MechanicalSolver]:: : Construction finished 
::[StaticMechanicalSolver]:: : Construction finished 
::[MechanicalSolver]:: : Variables ADDED 
[WARNING] Model: Trying to create a root modelpart with name Structure however a ModelPart with the same name already exists. 
Returning the already existent ModelPart.
SingleImportModelPart: Reading model part from file: "/tmp/coupon_maw_hprom_ann_902625/residual_maw10".mdpa
ModelPartIO:   [Reading Nodes    : 60 nodes read]
ModelPartIO:   [Reading Geometries : 10 geometries read] [Type: Triangle2D6]
ModelPartIO:   [Total Lines Read : 164]
SingleImportModelPart: Finished reading model part from mdpa file.
::[PythonSolver]::: Reading model part. 
::[PythonSolver]::: Using already imported model part - no reading necessary. 
ModelPart: -Structure- model part
    Buffer Size : 1
    Number of tables : 0
    Number of sub model parts : 2
    Current solution step index : 0
    DOMAIN_SIZE : 2
    OSS_SWITCH : 0
    IS_RESTARTED : 0

    Number of Geometries  : 10
    Mesh 0 :
        Number of Nodes       : 60
        Number of Properties  : 1
        Number of Elements    : 10
        Number of Conditions  : 0
        Number of Constraints : 0

    -dirichlet- model part
        Number of tables : 0
        Number of sub model parts : 0

        Number of Geometries  : 0
        Mesh 0 :
            Number of Nodes       : 1
            Number of Properties  : 0
            Number of Elements    : 0
            Number of Conditions  : 0
            Number of Constraints : 0
    -material- model part
        Number of tables : 0
        Number of sub model parts : 0

        Number of Geometries  : 10
        Mesh 0 :
            Number of Nodes       : 60
            Number of Properties  : 0
            Number of Elements    : 10
            Number of Conditions  : 0
            Number of Constraints : 0
 
::[PythonSolver]:: : Finished reading model part. 
Read materials: Started
Read materials: Finished
::[MechanicalSolver]:: : Constitutive law was successfully imported. 
::[MechanicalSolver]::: ModelPart prepared for Solver. 
::[MechanicalSolver]:: : DOF's ADDED 
::[MechanicalSolver]:: : Initializing ... 
Linear-Solver-Factory: Constructing a regular (non-complex) linear-solver 
::[MechanicalSolver]:: : Finished initialization. 
Analysis: Analysis -START-  
[WARNING] DEPRECATION-Warning; MechanicalSolver: Using "line_search", please move it to "solving_strategy_settings" as "type" 
::[MechanicalSolver]:: : Construction finished 
::[StaticMechanicalSolver]:: : Construction finished 
::[MechanicalSolver]:: : Variables ADDED 
[WARNING] Model: Trying to create a root modelpart with name Structure however a ModelPart with the same name already exists. 
Returning the already existent ModelPart.
SingleImportModelPart: Reading model part from file: "/tmp/coupon_maw_hprom_ann_902625/stress_maw10".mdpa
ModelPartIO:   [Reading Nodes    : 60 nodes read]
ModelPartIO:   [Reading Geometries : 10 geometries read] [Type: Triangle2D6]
ModelPartIO:   [Total Lines Read : 164]
SingleImportModelPart: Finished reading model part from mdpa file.
::[PythonSolver]::: Reading model part. 
::[PythonSolver]::: Using already imported model part - no reading necessary. 
ModelPart: -Structure- model part
    Buffer Size : 1
    Number of tables : 0
    Number of sub model parts : 2
    Current solution step index : 0
    DOMAIN_SIZE : 2
    OSS_SWITCH : 0
    IS_RESTARTED : 0

    Number of Geometries  : 10
    Mesh 0 :
        Number of Nodes       : 60
        Number of Properties  : 1
        Number of Elements    : 10
        Number of Conditions  : 0
        Number of Constraints : 0

    -dirichlet- model part
        Number of tables : 0
        Number of sub model parts : 0

        Number of Geometries  : 0
        Mesh 0 :
            Number of Nodes       : 1
            Number of Properties  : 0
            Number of Elements    : 0
            Number of Conditions  : 0
            Number of Constraints : 0
    -material- model part
        Number of tables : 0
        Number of sub model parts : 0

        Number of Geometries  : 10
        Mesh 0 :
            Number of Nodes       : 60
            Number of Properties  : 0
            Number of Elements    : 10
            Number of Conditions  |  /           |                  
 ' /   __| _` | __|  _ \   __|    
 . \  |   (   | |   (   |\__ \  
_|\_\_|  \__,_|\__|\___/ ____/
           Multi-Physics 10.3."0"-master-532e0dba7df-Release-x86_64
           Compiled for GNU/Linux and Python3.12 with GCC-13.3
Compiled with threading support. Threading support with OpenMP.
Maximum number of threads: 1.
Importing    KratosStructuralMechanicsApplication 
    KRATOS   ___|  |                   |                   |
           \___ \  __|  __| |   |  __| __| |   |  __| _` | |
                 | |   |    |   | (    |   |   | |   (   | |
           _____/ \__|_|   \__,_|\___|\__|\__,_|_|  \__,_|_| MECHANICS
Initializing KratosStructuralMechanicsApplication...
Importing    KratosConstitutiveLawsApplication 
Initializing KratosConstitutiveLawsApplication...
[WARNING] DEPRECATION-Warning; MechanicalSolver: Using "line_search", please move it to "solving_strategy_settings" as "type" 
::[MechanicalSolver]:: : Construction finished 
::[StaticMechanicalSolver]:: : Construction finished 
::[MechanicalSolver]:: : Variables ADDED 
[WARNING] Model: Trying to create a root modelpart with name Structure however a ModelPart with the same name already exists. 
Returning the already existent ModelPart.
SingleImportModelPart: Reading model part from file: "/home/sares/ML_assisted_CLs_clean/coupon_fe2_paper/03_data/rve_mesh".mdpa
ModelPartIO:   [Reading Nodes    : 3240 nodes read]
ModelPartIO:   [Reading Geometries : 1546 geometries read] [Type: Triangle2D6]
ModelPartIO:   [Total Lines Read : 9751]
SingleImportModelPart: Finished reading model part from mdpa file.
::[PythonSolver]::: Reading model part. 
::[PythonSolver]::: Using already imported model part - no reading necessary. 
ModelPart: -Structure- model part
    Buffer Size : 1
    Number of tables : 0
    Number of sub model parts : 2
    Current solution step index : 0
    DOMAIN_SIZE : 2
    OSS_SWITCH : 0
    IS_RESTARTED : 0

    Number of Geometries  : 1546
    Mesh 0 :
        Number of Nodes       : 3240
        Number of Properties  : 1
        Number of Elements    : 1546
        Number of Conditions  : 0
        Number of Constraints : 0

    -dirichlet- model part
        Number of tables : 0
        Number of sub model parts : 0

        Number of Geometries  : 0
        Mesh 0 :
            Number of Nodes       : 156
            Number of Properties  : 0
            Number of Elements    : 0
            Number of Conditions  : 0
            Number of Constraints : 0
    -material- model part
        Number of tables : 0
        Number of sub model parts : 0

        Number of Geometries  : 1546
        Mesh 0 :
            Number of Nodes       : 3240
            Number of Properties  : 0
            Number of Elements    : 1546
            Number of Conditions  : 0
            Number of Constraints : 0
 
::[PythonSolver]:: : Finished reading model part. 
Read materials: Started
Read materials: Finished
::[MechanicalSolver]:: : Constitutive law was successfully imported. 
::[MechanicalSolver]::: ModelPart prepared for Solver. 
::[MechanicalSolver]:: : DOF's ADDED 
::[MechanicalSolver]:: : Initializing ... 
Importing    LinearSolversApplication 
    Kratos  _     _                       ____        _
           | |   (_)_ __   ___  __ _ _ __/ ___|  ___ | |_   _____ _ __ ___
           | |   | | '_ \ / _ \/ _` | '__\___ \ / _ \| \ \ / / _ \ '__/ __|
           | |___| | | | |  __/ (_| | |   ___) | (_) | |\ V /  __/ |  \__ \
           |_____|_|_| |_|\___|\__,_|_|  |____/ \___/|_| \_/ \___|_|  |___/
Initializing KratosLinearSolversApplication...
Linear-Solver-Factory: Constructing a regular (non-complex) linear-solver 
::[MechanicalSolver]:: : Finished initialization. 
Analysis: Analysis -START-  
[WARNING] DEPRECATION-Warning; MechanicalSolver: Using "line_search", please move it to "solving_strategy_settings" as "type" 
::[MechanicalSolver]:: : Construction finished 
::[StaticMechanicalSolver]:: : Construction finished 
::[MechanicalSolver]:: : Variables ADDED 
[WARNING] Model: Trying to create a root modelpart with name Structure however a ModelPart with the same name already exists. 
Returning the already existent ModelPart.
SingleImportModelPart: Reading model part from file: "/tmp/coupon_maw_hprom_ann_902608/residual_maw10".mdpa
ModelPartIO:   [Reading Nodes    : 60 nodes read]
ModelPartIO:   [Reading Geometries : 10 geometries read] [Type: Triangle2D6]
ModelPartIO:   [Total Lines Read : 164]
SingleImportModelPart: Finished reading model part from mdpa file.
::[PythonSolver]::: Reading model part. 
::[PythonSolver]::: Using already imported model part - no reading necessary. 
ModelPart: -Structure- model part
    Buffer Size : 1
    Number of tables : 0
    Number of sub model parts : 2
    Current solution step index : 0
    DOMAIN_SIZE : 2
    OSS_SWITCH : 0
    IS_RESTARTED : 0

    Number of Geometries  : 10
    Mesh 0 :
        Number of Nodes       : 60
        Number of Properties  : 1
        Number of Elements    : 10
        Number of Conditions  : 0
        Number of Constraints : 0

    -dirichlet- model part
        Number of tables : 0
        Number of sub model parts : 0

        Number of Geometries  : 0
        Mesh 0 :
            Number of Nodes       : 1
            Number of Properties  : 0
            Number of Elements    : 0
            Number of Conditions  : 0
            Number of Constraints : 0
    -material- model part
        Number of tables : 0
        Number of sub model parts : 0

        Number of Geometries  : 10
        Mesh 0 :
            Number of Nodes       : 60
            Number of Properties  : 0
            Number of Elements    : 10
            Number of Conditions  : 0
            Number of Constraints : 0
 
::[PythonSolver]:: : Finished reading model part. 
Read materials: Started
Read materials: Finished
::[MechanicalSolver]:: : Constitutive law was successfully imported. 
::[MechanicalSolver]::: ModelPart prepared for Solver. 
::[MechanicalSolver]:: : DOF's ADDED 
::[MechanicalSolver]:: : Initializing ... 
Linear-Solver-Factory: Constructing a regular (non-complex) linear-solver 
::[MechanicalSolver]:: : Finished initialization. 
Analysis: Analysis -START-  
[WARNING] DEPRECATION-Warning; MechanicalSolver: Using "line_search", please move it to "solving_strategy_settings" as "type" 
::[MechanicalSolver]:: : Construction finished 
::[StaticMechanicalSolver]:: : Construction finished 
::[MechanicalSolver]:: : Variables ADDED 
[WARNING] Model: Trying to create a root modelpart with name Structure however a ModelPart with the same name already exists. 
Returning the already existent ModelPart.
SingleImportModelPart: Reading model part from file: "/tmp/coupon_maw_hprom_ann_902608/stress_maw10".mdpa
ModelPartIO:   [Reading Nodes    : 60 nodes read]
ModelPartIO:   [Reading Geometries : 10 geometries read] [Type: Triangle2D6]
ModelPartIO:   [Total Lines Read : 164]
SingleImportModelPart: Finished reading model part from mdpa file.
::[PythonSolver]::: Reading model part. 
::[PythonSolver]::: Using already imported model part - no reading necessary. 
ModelPart: -Structure- model part
    Buffer Size : 1
    Number of tables : 0
    Number of sub model parts : 2
    Current solution step index : 0
    DOMAIN_SIZE : 2
    OSS_SWITCH : 0
    IS_RESTARTED : 0

    Number of Geometries  : 10
    Mesh 0 :
        Number of Nodes       : 60
        Number of Properties  : 1
        Number of Elements    : 10
        Number of Conditions  : 0
        Number of Constraints : 0

    -dirichlet- model part
        Number of tables : 0
        Number of sub model parts : 0

        Number of Geometries  : 0
        Mesh 0 :
            Number of Nodes       : 1
            Number of Properties  : 0
            Number of Elements    : 0
            Number of Conditions  : 0
            Number of Constraints : 0
    -material- model part
        Number of tables : 0
        Number of sub model parts : 0

        Number of Geometries  : 10
        Mesh 0 :
            Number of Nodes       : 60
            Number of Properties  : 0
            Number of Elements    : 10
            Number of Conditions  |  /           |                  
 ' /   __| _` | __|  _ \   __|    
 . \  |   (   | |   (   |\__ \  
_|\_\_|  \__,_|\__|\___/ ____/
           Multi-Physics 10.3."0"-master-532e0dba7df-Release-x86_64
           Compiled for GNU/Linux and Python3.12 with GCC-13.3
Compiled with threading support. Threading support with OpenMP.
Maximum number of threads: 1.
Importing    KratosStructuralMechanicsApplication 
    KRATOS   ___|  |                   |                   |
           \___ \  __|  __| |   |  __| __| |   |  __| _` | |
                 | |   |    |   | (    |   |   | |   (   | |
           _____/ \__|_|   \__,_|\___|\__|\__,_|_|  \__,_|_| MECHANICS
Initializing KratosStructuralMechanicsApplication...
Importing    KratosConstitutiveLawsApplication 
Initializing KratosConstitutiveLawsApplication...
[WARNING] DEPRECATION-Warning; MechanicalSolver: Using "line_search", please move it to "solving_strategy_settings" as "type" 
::[MechanicalSolver]:: : Construction finished 
::[StaticMechanicalSolver]:: : Construction finished 
::[MechanicalSolver]:: : Variables ADDED 
[WARNING] Model: Trying to create a root modelpart with name Structure however a ModelPart with the same name already exists. 
Returning the already existent ModelPart.
SingleImportModelPart: Reading model part from file: "/home/sares/ML_assisted_CLs_clean/coupon_fe2_paper/03_data/rve_mesh".mdpa
ModelPartIO:   [Reading Nodes    : 3240 nodes read]
ModelPartIO:   [Reading Geometries : 1546 geometries read] [Type: Triangle2D6]
ModelPartIO:   [Total Lines Read : 9751]
SingleImportModelPart: Finished reading model part from mdpa file.
::[PythonSolver]::: Reading model part. 
::[PythonSolver]::: Using already imported model part - no reading necessary. 
ModelPart: -Structure- model part
    Buffer Size : 1
    Number of tables : 0
    Number of sub model parts : 2
    Current solution step index : 0
    DOMAIN_SIZE : 2
    OSS_SWITCH : 0
    IS_RESTARTED : 0

    Number of Geometries  : 1546
    Mesh 0 :
        Number of Nodes       : 3240
        Number of Properties  : 1
        Number of Elements    : 1546
        Number of Conditions  : 0
        Number of Constraints : 0

    -dirichlet- model part
        Number of tables : 0
        Number of sub model parts : 0

        Number of Geometries  : 0
        Mesh 0 :
            Number of Nodes       : 156
            Number of Properties  : 0
            Number of Elements    : 0
            Number of Conditions  : 0
            Number of Constraints : 0
    -material- model part
        Number of tables : 0
        Number of sub model parts : 0

        Number of Geometries  : 1546
        Mesh 0 :
            Number of Nodes       : 3240
            Number of Properties  : 0
            Number of Elements    : 1546
            Number of Conditions  : 0
            Number of Constraints : 0
 
::[PythonSolver]:: : Finished reading model part. 
Read materials: Started
Read materials: Finished
::[MechanicalSolver]:: : Constitutive law was successfully imported. 
::[MechanicalSolver]::: ModelPart prepared for Solver. 
::[MechanicalSolver]:: : DOF's ADDED 
::[MechanicalSolver]:: : Initializing ... 
Importing    LinearSolversApplication 
    Kratos  _     _                       ____        _
           | |   (_)_ __   ___  __ _ _ __/ ___|  ___ | |_   _____ _ __ ___
           | |   | | '_ \ / _ \/ _` | '__\___ \ / _ \| \ \ / / _ \ '__/ __|
           | |___| | | | |  __/ (_| | |   ___) | (_) | |\ V /  __/ |  \__ \
           |_____|_|_| |_|\___|\__,_|_|  |____/ \___/|_| \_/ \___|_|  |___/
Initializing KratosLinearSolversApplication...
Linear-Solver-Factory: Constructing a regular (non-complex) linear-solver 
::[MechanicalSolver]:: : Finished initialization. 
Analysis: Analysis -START-  
[WARNING] DEPRECATION-Warning; MechanicalSolver: Using "line_search", please move it to "solving_strategy_settings" as "type" 
::[MechanicalSolver]:: : Construction finished 
::[StaticMechanicalSolver]:: : Construction finished 
::[MechanicalSolver]:: : Variables ADDED 
[WARNING] Model: Trying to create a root modelpart with name Structure however a ModelPart with the same name already exists. 
Returning the already existent ModelPart.
SingleImportModelPart: Reading model part from file: "/tmp/coupon_maw_hprom_ann_902614/residual_maw10".mdpa
ModelPartIO:   [Reading Nodes    : 60 nodes read]
ModelPartIO:   [Reading Geometries : 10 geometries read] [Type: Triangle2D6]
ModelPartIO:   [Total Lines Read : 164]
SingleImportModelPart: Finished reading model part from mdpa file.
::[PythonSolver]::: Reading model part. 
::[PythonSolver]::: Using already imported model part - no reading necessary. 
ModelPart: -Structure- model part
    Buffer Size : 1
    Number of tables : 0
    Number of sub model parts : 2
    Current solution step index : 0
    DOMAIN_SIZE : 2
    OSS_SWITCH : 0
    IS_RESTARTED : 0

    Number of Geometries  : 10
    Mesh 0 :
        Number of Nodes       : 60
        Number of Properties  : 1
        Number of Elements    : 10
        Number of Conditions  : 0
        Number of Constraints : 0

    -dirichlet- model part
        Number of tables : 0
        Number of sub model parts : 0

        Number of Geometries  : 0
        Mesh 0 :
            Number of Nodes       : 1
            Number of Properties  : 0
            Number of Elements    : 0
            Number of Conditions  : 0
            Number of Constraints : 0
    -material- model part
        Number of tables : 0
        Number of sub model parts : 0

        Number of Geometries  : 10
        Mesh 0 :
            Number of Nodes       : 60
            Number of Properties  : 0
            Number of Elements    : 10
            Number of Conditions  : 0
            Number of Constraints : 0
 
::[PythonSolver]:: : Finished reading model part. 
Read materials: Started
Read materials: Finished
::[MechanicalSolver]:: : Constitutive law was successfully imported. 
::[MechanicalSolver]::: ModelPart prepared for Solver. 
::[MechanicalSolver]:: : DOF's ADDED 
::[MechanicalSolver]:: : Initializing ... 
Linear-Solver-Factory: Constructing a regular (non-complex) linear-solver 
::[MechanicalSolver]:: : Finished initialization. 
Analysis: Analysis -START-  
[WARNING] DEPRECATION-Warning; MechanicalSolver: Using "line_search", please move it to "solving_strategy_settings" as "type" 
::[MechanicalSolver]:: : Construction finished 
::[StaticMechanicalSolver]:: : Construction finished 
::[MechanicalSolver]:: : Variables ADDED 
[WARNING] Model: Trying to create a root modelpart with name Structure however a ModelPart with the same name already exists. 
Returning the already existent ModelPart.
SingleImportModelPart: Reading model part from file: "/tmp/coupon_maw_hprom_ann_902614/stress_maw10".mdpa
ModelPartIO:   [Reading Nodes    : 60 nodes read]
ModelPartIO:   [Reading Geometries : 10 geometries read] [Type: Triangle2D6]
ModelPartIO:   [Total Lines Read : 164]
SingleImportModelPart: Finished reading model part from mdpa file.
::[PythonSolver]::: Reading model part. 
::[PythonSolver]::: Using already imported model part - no reading necessary. 
ModelPart: -Structure- model part
    Buffer Size : 1
    Number of tables : 0
    Number of sub model parts : 2
    Current solution step index : 0
    DOMAIN_SIZE : 2
    OSS_SWITCH : 0
    IS_RESTARTED : 0

    Number of Geometries  : 10
    Mesh 0 :
        Number of Nodes       : 60
        Number of Properties  : 1
        Number of Elements    : 10
        Number of Conditions  : 0
        Number of Constraints : 0

    -dirichlet- model part
        Number of tables : 0
        Number of sub model parts : 0

        Number of Geometries  : 0
        Mesh 0 :
            Number of Nodes       : 1
            Number of Properties  : 0
            Number of Elements    : 0
            Number of Conditions  : 0
            Number of Constraints : 0
    -material- model part
        Number of tables : 0
        Number of sub model parts : 0

        Number of Geometries  : 10
        Mesh 0 :
            Number of Nodes       : 60
            Number of Properties  : 0
            Number of Elements    : 10
            Number of Conditions  |  /           |                  
 ' /   __| _` | __|  _ \   __|    
 . \  |   (   | |   (   |\__ \  
_|\_\_|  \__,_|\__|\___/ ____/
           Multi-Physics 10.3."0"-master-532e0dba7df-Release-x86_64
           Compiled for GNU/Linux and Python3.12 with GCC-13.3
Compiled with threading support. Threading support with OpenMP.
Maximum number of threads: 1.
Importing    KratosStructuralMechanicsApplication 
    KRATOS   ___|  |                   |                   |
           \___ \  __|  __| |   |  __| __| |   |  __| _` | |
                 | |   |    |   | (    |   |   | |   (   | |
           _____/ \__|_|   \__,_|\___|\__|\__,_|_|  \__,_|_| MECHANICS
Initializing KratosStructuralMechanicsApplication...
Importing    KratosConstitutiveLawsApplication 
Initializing KratosConstitutiveLawsApplication...
[WARNING] DEPRECATION-Warning; MechanicalSolver: Using "line_search", please move it to "solving_strategy_settings" as "type" 
::[MechanicalSolver]:: : Construction finished 
::[StaticMechanicalSolver]:: : Construction finished 
::[MechanicalSolver]:: : Variables ADDED 
[WARNING] Model: Trying to create a root modelpart with name Structure however a ModelPart with the same name already exists. 
Returning the already existent ModelPart.
SingleImportModelPart: Reading model part from file: "/home/sares/ML_assisted_CLs_clean/coupon_fe2_paper/03_data/rve_mesh".mdpa
ModelPartIO:   [Reading Nodes    : 3240 nodes read]
ModelPartIO:   [Reading Geometries : 1546 geometries read] [Type: Triangle2D6]
ModelPartIO:   [Total Lines Read : 9751]
SingleImportModelPart: Finished reading model part from mdpa file.
::[PythonSolver]::: Reading model part. 
::[PythonSolver]::: Using already imported model part - no reading necessary. 
ModelPart: -Structure- model part
    Buffer Size : 1
    Number of tables : 0
    Number of sub model parts : 2
    Current solution step index : 0
    DOMAIN_SIZE : 2
    OSS_SWITCH : 0
    IS_RESTARTED : 0

    Number of Geometries  : 1546
    Mesh 0 :
        Number of Nodes       : 3240
        Number of Properties  : 1
        Number of Elements    : 1546
        Number of Conditions  : 0
        Number of Constraints : 0

    -dirichlet- model part
        Number of tables : 0
        Number of sub model parts : 0

        Number of Geometries  : 0
        Mesh 0 :
            Number of Nodes       : 156
            Number of Properties  : 0
            Number of Elements    : 0
            Number of Conditions  : 0
            Number of Constraints : 0
    -material- model part
        Number of tables : 0
        Number of sub model parts : 0

        Number of Geometries  : 1546
        Mesh 0 :
            Number of Nodes       : 3240
            Number of Properties  : 0
            Number of Elements    : 1546
            Number of Conditions  : 0
            Number of Constraints : 0
 
::[PythonSolver]:: : Finished reading model part. 
Read materials: Started
Read materials: Finished
::[MechanicalSolver]:: : Constitutive law was successfully imported. 
::[MechanicalSolver]::: ModelPart prepared for Solver. 
::[MechanicalSolver]:: : DOF's ADDED 
::[MechanicalSolver]:: : Initializing ... 
Importing    LinearSolversApplication 
    Kratos  _     _                       ____        _
           | |   (_)_ __   ___  __ _ _ __/ ___|  ___ | |_   _____ _ __ ___
           | |   | | '_ \ / _ \/ _` | '__\___ \ / _ \| \ \ / / _ \ '__/ __|
           | |___| | | | |  __/ (_| | |   ___) | (_) | |\ V /  __/ |  \__ \
           |_____|_|_| |_|\___|\__,_|_|  |____/ \___/|_| \_/ \___|_|  |___/
Initializing KratosLinearSolversApplication...
Linear-Solver-Factory: Constructing a regular (non-complex) linear-solver 
::[MechanicalSolver]:: : Finished initialization. 
Analysis: Analysis -START-  
[WARNING] DEPRECATION-Warning; MechanicalSolver: Using "line_search", please move it to "solving_strategy_settings" as "type" 
::[MechanicalSolver]:: : Construction finished 
::[StaticMechanicalSolver]:: : Construction finished 
::[MechanicalSolver]:: : Variables ADDED 
[WARNING] Model: Trying to create a root modelpart with name Structure however a ModelPart with the same name already exists. 
Returning the already existent ModelPart.
SingleImportModelPart: Reading model part from file: "/tmp/coupon_maw_hprom_ann_902604/residual_maw10".mdpa
ModelPartIO:   [Reading Nodes    : 60 nodes read]
ModelPartIO:   [Reading Geometries : 10 geometries read] [Type: Triangle2D6]
ModelPartIO:   [Total Lines Read : 164]
SingleImportModelPart: Finished reading model part from mdpa file.
::[PythonSolver]::: Reading model part. 
::[PythonSolver]::: Using already imported model part - no reading necessary. 
ModelPart: -Structure- model part
    Buffer Size : 1
    Number of tables : 0
    Number of sub model parts : 2
    Current solution step index : 0
    DOMAIN_SIZE : 2
    OSS_SWITCH : 0
    IS_RESTARTED : 0

    Number of Geometries  : 10
    Mesh 0 :
        Number of Nodes       : 60
        Number of Properties  : 1
        Number of Elements    : 10
        Number of Conditions  : 0
        Number of Constraints : 0

    -dirichlet- model part
        Number of tables : 0
        Number of sub model parts : 0

        Number of Geometries  : 0
        Mesh 0 :
            Number of Nodes       : 1
            Number of Properties  : 0
            Number of Elements    : 0
            Number of Conditions  : 0
            Number of Constraints : 0
    -material- model part
        Number of tables : 0
        Number of sub model parts : 0

        Number of Geometries  : 10
        Mesh 0 :
            Number of Nodes       : 60
            Number of Properties  : 0
            Number of Elements    : 10
            Number of Conditions  : 0
            Number of Constraints : 0
 
::[PythonSolver]:: : Finished reading model part. 
Read materials: Started
Read materials: Finished
::[MechanicalSolver]:: : Constitutive law was successfully imported. 
::[MechanicalSolver]::: ModelPart prepared for Solver. 
::[MechanicalSolver]:: : DOF's ADDED 
::[MechanicalSolver]:: : Initializing ... 
Linear-Solver-Factory: Constructing a regular (non-complex) linear-solver 
::[MechanicalSolver]:: : Finished initialization. 
Analysis: Analysis -START-  
[WARNING] DEPRECATION-Warning; MechanicalSolver: Using "line_search", please move it to "solving_strategy_settings" as "type" 
::[MechanicalSolver]:: : Construction finished 
::[StaticMechanicalSolver]:: : Construction finished 
::[MechanicalSolver]:: : Variables ADDED 
[WARNING] Model: Trying to create a root modelpart with name Structure however a ModelPart with the same name already exists. 
Returning the already existent ModelPart.
SingleImportModelPart: Reading model part from file: "/tmp/coupon_maw_hprom_ann_902604/stress_maw10".mdpa
ModelPartIO:   [Reading Nodes    : 60 nodes read]
ModelPartIO:   [Reading Geometries : 10 geometries read] [Type: Triangle2D6]
ModelPartIO:   [Total Lines Read : 164]
SingleImportModelPart: Finished reading model part from mdpa file.
::[PythonSolver]::: Reading model part. 
::[PythonSolver]::: Using already imported model part - no reading necessary. 
ModelPart: -Structure- model part
    Buffer Size : 1
    Number of tables : 0
    Number of sub model parts : 2
    Current solution step index : 0
    DOMAIN_SIZE : 2
    OSS_SWITCH : 0
    IS_RESTARTED : 0

    Number of Geometries  : 10
    Mesh 0 :
        Number of Nodes       : 60
        Number of Properties  : 1
        Number of Elements    : 10
        Number of Conditions  : 0
        Number of Constraints : 0

    -dirichlet- model part
        Number of tables : 0
        Number of sub model parts : 0

        Number of Geometries  : 0
        Mesh 0 :
            Number of Nodes       : 1
            Number of Properties  : 0
            Number of Elements    : 0
            Number of Conditions  : 0
            Number of Constraints : 0
    -material- model part
        Number of tables : 0
        Number of sub model parts : 0

        Number of Geometries  : 10
        Mesh 0 :
            Number of Nodes       : 60
            Number of Properties  : 0
            Number of Elements    : 10
            Number of Conditions  |  /           |                  
 ' /   __| _` | __|  _ \   __|    
 . \  |   (   | |   (   |\__ \  
_|\_\_|  \__,_|\__|\___/ ____/
           Multi-Physics 10.3."0"-master-532e0dba7df-Release-x86_64
           Compiled for GNU/Linux and Python3.12 with GCC-13.3
Compiled with threading support. Threading support with OpenMP.
Maximum number of threads: 1.
Importing    KratosStructuralMechanicsApplication 
    KRATOS   ___|  |                   |                   |
           \___ \  __|  __| |   |  __| __| |   |  __| _` | |
                 | |   |    |   | (    |   |   | |   (   | |
           _____/ \__|_|   \__,_|\___|\__|\__,_|_|  \__,_|_| MECHANICS
Initializing KratosStructuralMechanicsApplication...
Importing    KratosConstitutiveLawsApplication 
Initializing KratosConstitutiveLawsApplication...
[WARNING] DEPRECATION-Warning; MechanicalSolver: Using "line_search", please move it to "solving_strategy_settings" as "type" 
::[MechanicalSolver]:: : Construction finished 
::[StaticMechanicalSolver]:: : Construction finished 
::[MechanicalSolver]:: : Variables ADDED 
[WARNING] Model: Trying to create a root modelpart with name Structure however a ModelPart with the same name already exists. 
Returning the already existent ModelPart.
SingleImportModelPart: Reading model part from file: "/home/sares/ML_assisted_CLs_clean/coupon_fe2_paper/03_data/rve_mesh".mdpa
ModelPartIO:   [Reading Nodes    : 3240 nodes read]
ModelPartIO:   [Reading Geometries : 1546 geometries read] [Type: Triangle2D6]
ModelPartIO:   [Total Lines Read : 9751]
SingleImportModelPart: Finished reading model part from mdpa file.
::[PythonSolver]::: Reading model part. 
::[PythonSolver]::: Using already imported model part - no reading necessary. 
ModelPart: -Structure- model part
    Buffer Size : 1
    Number of tables : 0
    Number of sub model parts : 2
    Current solution step index : 0
    DOMAIN_SIZE : 2
    OSS_SWITCH : 0
    IS_RESTARTED : 0

    Number of Geometries  : 1546
    Mesh 0 :
        Number of Nodes       : 3240
        Number of Properties  : 1
        Number of Elements    : 1546
        Number of Conditions  : 0
        Number of Constraints : 0

    -dirichlet- model part
        Number of tables : 0
        Number of sub model parts : 0

        Number of Geometries  : 0
        Mesh 0 :
            Number of Nodes       : 156
            Number of Properties  : 0
            Number of Elements    : 0
            Number of Conditions  : 0
            Number of Constraints : 0
    -material- model part
        Number of tables : 0
        Number of sub model parts : 0

        Number of Geometries  : 1546
        Mesh 0 :
            Number of Nodes       : 3240
            Number of Properties  : 0
            Number of Elements    : 1546
            Number of Conditions  : 0
            Number of Constraints : 0
 
::[PythonSolver]:: : Finished reading model part. 
Read materials: Started
Read materials: Finished
::[MechanicalSolver]:: : Constitutive law was successfully imported. 
::[MechanicalSolver]::: ModelPart prepared for Solver. 
::[MechanicalSolver]:: : DOF's ADDED 
::[MechanicalSolver]:: : Initializing ... 
Importing    LinearSolversApplication 
    Kratos  _     _                       ____        _
           | |   (_)_ __   ___  __ _ _ __/ ___|  ___ | |_   _____ _ __ ___
           | |   | | '_ \ / _ \/ _` | '__\___ \ / _ \| \ \ / / _ \ '__/ __|
           | |___| | | | |  __/ (_| | |   ___) | (_) | |\ V /  __/ |  \__ \
           |_____|_|_| |_|\___|\__,_|_|  |____/ \___/|_| \_/ \___|_|  |___/
Initializing KratosLinearSolversApplication...
Linear-Solver-Factory: Constructing a regular (non-complex) linear-solver 
::[MechanicalSolver]:: : Finished initialization. 
Analysis: Analysis -START-  
[WARNING] DEPRECATION-Warning; MechanicalSolver: Using "line_search", please move it to "solving_strategy_settings" as "type" 
::[MechanicalSolver]:: : Construction finished 
::[StaticMechanicalSolver]:: : Construction finished 
::[MechanicalSolver]:: : Variables ADDED 
[WARNING] Model: Trying to create a root modelpart with name Structure however a ModelPart with the same name already exists. 
Returning the already existent ModelPart.
SingleImportModelPart: Reading model part from file: "/tmp/coupon_maw_hprom_ann_902618/residual_maw10".mdpa
ModelPartIO:   [Reading Nodes    : 60 nodes read]
ModelPartIO:   [Reading Geometries : 10 geometries read] [Type: Triangle2D6]
ModelPartIO:   [Total Lines Read : 164]
SingleImportModelPart: Finished reading model part from mdpa file.
::[PythonSolver]::: Reading model part. 
::[PythonSolver]::: Using already imported model part - no reading necessary. 
ModelPart: -Structure- model part
    Buffer Size : 1
    Number of tables : 0
    Number of sub model parts : 2
    Current solution step index : 0
    DOMAIN_SIZE : 2
    OSS_SWITCH : 0
    IS_RESTARTED : 0

    Number of Geometries  : 10
    Mesh 0 :
        Number of Nodes       : 60
        Number of Properties  : 1
        Number of Elements    : 10
        Number of Conditions  : 0
        Number of Constraints : 0

    -dirichlet- model part
        Number of tables : 0
        Number of sub model parts : 0

        Number of Geometries  : 0
        Mesh 0 :
            Number of Nodes       : 1
            Number of Properties  : 0
            Number of Elements    : 0
            Number of Conditions  : 0
            Number of Constraints : 0
    -material- model part
        Number of tables : 0
        Number of sub model parts : 0

        Number of Geometries  : 10
        Mesh 0 :
            Number of Nodes       : 60
            Number of Properties  : 0
            Number of Elements    : 10
            Number of Conditions  : 0
            Number of Constraints : 0
 
::[PythonSolver]:: : Finished reading model part. 
Read materials: Started
Read materials: Finished
::[MechanicalSolver]:: : Constitutive law was successfully imported. 
::[MechanicalSolver]::: ModelPart prepared for Solver. 
::[MechanicalSolver]:: : DOF's ADDED 
::[MechanicalSolver]:: : Initializing ... 
Linear-Solver-Factory: Constructing a regular (non-complex) linear-solver 
::[MechanicalSolver]:: : Finished initialization. 
Analysis: Analysis -START-  
[WARNING] DEPRECATION-Warning; MechanicalSolver: Using "line_search", please move it to "solving_strategy_settings" as "type" 
::[MechanicalSolver]:: : Construction finished 
::[StaticMechanicalSolver]:: : Construction finished 
::[MechanicalSolver]:: : Variables ADDED 
[WARNING] Model: Trying to create a root modelpart with name Structure however a ModelPart with the same name already exists. 
Returning the already existent ModelPart.
SingleImportModelPart: Reading model part from file: "/tmp/coupon_maw_hprom_ann_902618/stress_maw10".mdpa
ModelPartIO:   [Reading Nodes    : 60 nodes read]
ModelPartIO:   [Reading Geometries : 10 geometries read] [Type: Triangle2D6]
ModelPartIO:   [Total Lines Read : 164]
SingleImportModelPart: Finished reading model part from mdpa file.
::[PythonSolver]::: Reading model part. 
::[PythonSolver]::: Using already imported model part - no reading necessary. 
ModelPart: -Structure- model part
    Buffer Size : 1
    Number of tables : 0
    Number of sub model parts : 2
    Current solution step index : 0
    DOMAIN_SIZE : 2
    OSS_SWITCH : 0
    IS_RESTARTED : 0

    Number of Geometries  : 10
    Mesh 0 :
        Number of Nodes       : 60
        Number of Properties  : 1
        Number of Elements    : 10
        Number of Conditions  : 0
        Number of Constraints : 0

    -dirichlet- model part
        Number of tables : 0
        Number of sub model parts : 0

        Number of Geometries  : 0
        Mesh 0 :
            Number of Nodes       : 1
            Number of Properties  : 0
            Number of Elements    : 0
            Number of Conditions  : 0
            Number of Constraints : 0
    -material- model part
        Number of tables : 0
        Number of sub model parts : 0

        Number of Geometries  : 10
        Mesh 0 :
            Number of Nodes       : 60
            Number of Properties  : 0
            Number of Elements    : 10
            Number of Conditions  |  /           |                  
 ' /   __| _` | __|  _ \   __|    
 . \  |   (   | |   (   |\__ \  
_|\_\_|  \__,_|\__|\___/ ____/
           Multi-Physics 10.3."0"-master-532e0dba7df-Release-x86_64
           Compiled for GNU/Linux and Python3.12 with GCC-13.3
Compiled with threading support. Threading support with OpenMP.
Maximum number of threads: 1.
Importing    KratosStructuralMechanicsApplication 
    KRATOS   ___|  |                   |                   |
           \___ \  __|  __| |   |  __| __| |   |  __| _` | |
                 | |   |    |   | (    |   |   | |   (   | |
           _____/ \__|_|   \__,_|\___|\__|\__,_|_|  \__,_|_| MECHANICS
Initializing KratosStructuralMechanicsApplication...
Importing    KratosConstitutiveLawsApplication 
Initializing KratosConstitutiveLawsApplication...
[WARNING] DEPRECATION-Warning; MechanicalSolver: Using "line_search", please move it to "solving_strategy_settings" as "type" 
::[MechanicalSolver]:: : Construction finished 
::[StaticMechanicalSolver]:: : Construction finished 
::[MechanicalSolver]:: : Variables ADDED 
[WARNING] Model: Trying to create a root modelpart with name Structure however a ModelPart with the same name already exists. 
Returning the already existent ModelPart.
SingleImportModelPart: Reading model part from file: "/home/sares/ML_assisted_CLs_clean/coupon_fe2_paper/03_data/rve_mesh".mdpa
ModelPartIO:   [Reading Nodes    : 3240 nodes read]
ModelPartIO:   [Reading Geometries : 1546 geometries read] [Type: Triangle2D6]
ModelPartIO:   [Total Lines Read : 9751]
SingleImportModelPart: Finished reading model part from mdpa file.
::[PythonSolver]::: Reading model part. 
::[PythonSolver]::: Using already imported model part - no reading necessary. 
ModelPart: -Structure- model part
    Buffer Size : 1
    Number of tables : 0
    Number of sub model parts : 2
    Current solution step index : 0
    DOMAIN_SIZE : 2
    OSS_SWITCH : 0
    IS_RESTARTED : 0

    Number of Geometries  : 1546
    Mesh 0 :
        Number of Nodes       : 3240
        Number of Properties  : 1
        Number of Elements    : 1546
        Number of Conditions  : 0
        Number of Constraints : 0

    -dirichlet- model part
        Number of tables : 0
        Number of sub model parts : 0

        Number of Geometries  : 0
        Mesh 0 :
            Number of Nodes       : 156
            Number of Properties  : 0
            Number of Elements    : 0
            Number of Conditions  : 0
            Number of Constraints : 0
    -material- model part
        Number of tables : 0
        Number of sub model parts : 0

        Number of Geometries  : 1546
        Mesh 0 :
            Number of Nodes       : 3240
            Number of Properties  : 0
            Number of Elements    : 1546
            Number of Conditions  : 0
            Number of Constraints : 0
 
::[PythonSolver]:: : Finished reading model part. 
Read materials: Started
Read materials: Finished
::[MechanicalSolver]:: : Constitutive law was successfully imported. 
::[MechanicalSolver]::: ModelPart prepared for Solver. 
::[MechanicalSolver]:: : DOF's ADDED 
::[MechanicalSolver]:: : Initializing ... 
Importing    LinearSolversApplication 
    Kratos  _     _                       ____        _
           | |   (_)_ __   ___  __ _ _ __/ ___|  ___ | |_   _____ _ __ ___
           | |   | | '_ \ / _ \/ _` | '__\___ \ / _ \| \ \ / / _ \ '__/ __|
           | |___| | | | |  __/ (_| | |   ___) | (_) | |\ V /  __/ |  \__ \
           |_____|_|_| |_|\___|\__,_|_|  |____/ \___/|_| \_/ \___|_|  |___/
Initializing KratosLinearSolversApplication...
Linear-Solver-Factory: Constructing a regular (non-complex) linear-solver 
::[MechanicalSolver]:: : Finished initialization. 
Analysis: Analysis -START-  
[WARNING] DEPRECATION-Warning; MechanicalSolver: Using "line_search", please move it to "solving_strategy_settings" as "type" 
::[MechanicalSolver]:: : Construction finished 
::[StaticMechanicalSolver]:: : Construction finished 
::[MechanicalSolver]:: : Variables ADDED 
[WARNING] Model: Trying to create a root modelpart with name Structure however a ModelPart with the same name already exists. 
Returning the already existent ModelPart.
SingleImportModelPart: Reading model part from file: "/tmp/coupon_maw_hprom_ann_902606/residual_maw10".mdpa
ModelPartIO:   [Reading Nodes    : 60 nodes read]
ModelPartIO:   [Reading Geometries : 10 geometries read] [Type: Triangle2D6]
ModelPartIO:   [Total Lines Read : 164]
SingleImportModelPart: Finished reading model part from mdpa file.
::[PythonSolver]::: Reading model part. 
::[PythonSolver]::: Using already imported model part - no reading necessary. 
ModelPart: -Structure- model part
    Buffer Size : 1
    Number of tables : 0
    Number of sub model parts : 2
    Current solution step index : 0
    DOMAIN_SIZE : 2
    OSS_SWITCH : 0
    IS_RESTARTED : 0

    Number of Geometries  : 10
    Mesh 0 :
        Number of Nodes       : 60
        Number of Properties  : 1
        Number of Elements    : 10
        Number of Conditions  : 0
        Number of Constraints : 0

    -dirichlet- model part
        Number of tables : 0
        Number of sub model parts : 0

        Number of Geometries  : 0
        Mesh 0 :
            Number of Nodes       : 1
            Number of Properties  : 0
            Number of Elements    : 0
            Number of Conditions  : 0
            Number of Constraints : 0
    -material- model part
        Number of tables : 0
        Number of sub model parts : 0

        Number of Geometries  : 10
        Mesh 0 :
            Number of Nodes       : 60
            Number of Properties  : 0
            Number of Elements    : 10
            Number of Conditions  : 0
            Number of Constraints : 0
 
::[PythonSolver]:: : Finished reading model part. 
Read materials: Started
Read materials: Finished
::[MechanicalSolver]:: : Constitutive law was successfully imported. 
::[MechanicalSolver]::: ModelPart prepared for Solver. 
::[MechanicalSolver]:: : DOF's ADDED 
::[MechanicalSolver]:: : Initializing ... 
Linear-Solver-Factory: Constructing a regular (non-complex) linear-solver 
::[MechanicalSolver]:: : Finished initialization. 
Analysis: Analysis -START-  
[WARNING] DEPRECATION-Warning; MechanicalSolver: Using "line_search", please move it to "solving_strategy_settings" as "type" 
::[MechanicalSolver]:: : Construction finished 
::[StaticMechanicalSolver]:: : Construction finished 
::[MechanicalSolver]:: : Variables ADDED 
[WARNING] Model: Trying to create a root modelpart with name Structure however a ModelPart with the same name already exists. 
Returning the already existent ModelPart.
SingleImportModelPart: Reading model part from file: "/tmp/coupon_maw_hprom_ann_902606/stress_maw10".mdpa
ModelPartIO:   [Reading Nodes    : 60 nodes read]
ModelPartIO:   [Reading Geometries : 10 geometries read] [Type: Triangle2D6]
ModelPartIO:   [Total Lines Read : 164]
SingleImportModelPart: Finished reading model part from mdpa file.
::[PythonSolver]::: Reading model part. 
::[PythonSolver]::: Using already imported model part - no reading necessary. 
ModelPart: -Structure- model part
    Buffer Size : 1
    Number of tables : 0
    Number of sub model parts : 2
    Current solution step index : 0
    DOMAIN_SIZE : 2
    OSS_SWITCH : 0
    IS_RESTARTED : 0

    Number of Geometries  : 10
    Mesh 0 :
        Number of Nodes       : 60
        Number of Properties  : 1
        Number of Elements    : 10
        Number of Conditions  : 0
        Number of Constraints : 0

    -dirichlet- model part
        Number of tables : 0
        Number of sub model parts : 0

        Number of Geometries  : 0
        Mesh 0 :
            Number of Nodes       : 1
            Number of Properties  : 0
            Number of Elements    : 0
            Number of Conditions  : 0
            Number of Constraints : 0
    -material- model part
        Number of tables : 0
        Number of sub model parts : 0

        Number of Geometries  : 10
        Mesh 0 :
            Number of Nodes       : 60
            Number of Properties  : 0
            Number of Elements    : 10
            Number of Conditions   step  1/20 iter  2: |R|=2.58289e+01, rel=1.241e-02, wall=1.36s
  step  1/20 iter  3: |R|=1.66450e-02, rel=7.997e-06, wall=0.38s
  step  1/20 iter  4: |R|=5.35784e-08, rel=2.574e-11, wall=0.35s
    converged: in-box 2070/2070; E11=[+0.0028,+0.0067], E22=[-0.0033,-0.0013], g12=[-0.0052,+0.0023]
  step  2/20 iter  1: |R|=2.11549e+03, rel=1.000e+00, wall=0.00s
  step  2/20 iter  2: |R|=4.41286e+01, rel=2.086e-02, wall=0.60s
  step  2/20 iter  3: |R|=9.56369e-03, rel=4.521e-06, wall=0.38s
  step  2/20 iter  4: |R|=1.33759e-08, rel=6.323e-12, wall=0.32s
    converged: in-box 2070/2070; E11=[+0.0057,+0.0136], E22=[-0.0066,-0.0025], g12=[-0.0107,+0.0047]
  step  3/20 iter  1: |R|=2.11549e+03, rel=1.000e+00, wall=0.00s
  step  3/20 iter  2: |R|=4.53695e+01, rel=2.145e-02, wall=0.59s
  step  3/20 iter  3: |R|=2.89984e-02, rel=1.371e-05, wall=0.38s
  step  3/20 iter  4: |R|=1.99697e-08, rel=9.440e-12, wall=0.32s
    converged: in-box 2070/2070; E11=[+0.0087,+0.0206], E22=[-0.0099,-0.0037], g12=[-0.0162,+0.0071]
  step  4/20 iter  1: |R|=2.11549e+03, rel=1.000e+00, wall=0.00s
  step  4/20 iter  2: |R|=3.90501e+01, rel=1.846e-02, wall=0.59s
  step  4/20 iter  3: |R|=8.22316e-03, rel=3.887e-06, wall=0.38s
  step  4/20 iter  4: |R|=6.48599e-09, rel=3.066e-12, wall=0.33s
    converged: in-box 2070/2070; E11=[+0.0117,+0.0278], E22=[-0.0131,-0.0049], g12=[-0.0217,+0.0094]
  step  5/20 iter  1: |R|=2.11549e+03, rel=1.000e+00, wall=0.00s
  step  5/20 iter  2: |R|=3.28170e+01, rel=1.551e-02, wall=0.59s
  step  5/20 iter  3: |R|=3.27757e-03, rel=1.549e-06, wall=0.37s
  step  5/20 iter  4: |R|=2.25180e-08, rel=1.064e-11, wall=0.34s
    converged: in-box 2070/2070; E11=[+0.0148,+0.0351], E22=[-0.0163,-0.0061], g12=[-0.0272,+0.0118]
  step  6/20 iter  1: |R|=2.11549e+03, rel=1.000e+00, wall=0.00s
  step  6/20 iter  2: |R|=2.78715e+01, rel=1.317e-02, wall=0.62s
  step  6/20 iter  3: |R|=3.04248e-03, rel=1.438e-06, wall=0.40s
  step  6/20 iter  4: |R|=1.99097e-08, rel=9.411e-12, wall=0.34s
    converged: in-box 2070/2070; E11=[+0.0179,+0.0426], E22=[-0.0196,-0.0072], g12=[-0.0327,+0.0142]
  step  7/20 iter  1: |R|=2.11549e+03, rel=1.000e+00, wall=0.00s
  step  7/20 iter  2: |R|=2.39164e+01, rel=1.131e-02, wall=0.61s
  step  7/20 iter  3: |R|=1.83632e-03, rel=8.680e-07, wall=0.41s
  step  7/20 iter  4: |R|=4.20946e-08, rel=1.990e-11, wall=0.32s
    converged: in-box 2070/2070; E11=[+0.0211,+0.0502], E22=[-0.0228,-0.0084], g12=[-0.0383,+0.0166]
  step  8/20 iter  1: |R|=2.11549e+03, rel=1.000e+00, wall=0.00s
  step  8/20 iter  2: |R|=2.38256e+01, rel=1.126e-02, wall=0.60s
  step  8/20 iter  3: |R|=1.69742e-03, rel=8.024e-07, wall=0.38s
  step  8/20 iter  4: |R|=5.07330e-08, rel=2.398e-11, wall=0.33s
    converged: in-box 2070/2070; E11=[+0.0244,+0.0580], E22=[-0.0261,-0.0096], g12=[-0.0440,+0.0190]
  step  9/20 iter  1: |R|=2.11549e+03, rel=1.000e+00, wall=0.00s
  step  9/20 iter  2: |R|=1.98491e+01, rel=9.383e-03, wall=0.61s
  step  9/20 iter  3: |R|=9.04333e-04, rel=4.275e-07, wall=0.38s
  step  9/20 iter  4: |R|=6.44431e-08, rel=3.046e-11, wall=0.34s
    converged: in-box 2070/2070; E11=[+0.0277,+0.0659], E22=[-0.0293,-0.0108], g12=[-0.0497,+0.0214]
  step 10/20 iter  1: |R|=2.11549e+03, rel=1.000e+00, wall=0.00s
  step 10/20 iter  2: |R|=1.46026e+01, rel=6.903e-03, wall=0.72s
  step 10/20 iter  3: |R|=6.14328e-04, rel=2.904e-07, wall=0.37s
  step 10/20 iter  4: |R|=6.32437e-08, rel=2.990e-11, wall=0.33s
    converged: in-box 2070/2070; E11=[+0.0310,+0.0740], E22=[-0.0326,-0.0120], g12=[-0.0555,+0.0239]
  step 11/20 iter  1: |R|=2.11549e+03, rel=1.000e+00, wall=0.00s
  step 11/20 iter  2: |R|=1.24174e+01, rel=5.870e-03, wall=0.62s
  step 11/20 iter  3: |R|=8.00825e-04, rel=3.786e-07, wall=0.37s
  step 11/20 iter  4: |R|=6.12487e-08, rel=2.895e-11, wall=0.34s
    converged: in-box 2070/2070; E11=[+0.0344,+0.0822], E22=[-0.0358,-0.0132], g12=[-0.0612,+0.0265]
  step 12/20 iter  1: |R|=2.11549e+03, rel=1.000e+00, wall=0.00s
  step 12/20 iter  2: |R|=1.41966e+01, rel=6.711e-03, wall=0.65s
  step 12/20 iter  3: |R|=1.14792e-03, rel=5.426e-07, wall=0.38s
  step 12/20 iter  4: |R|=6.81355e-08, rel=3.221e-11, wall=0.32s
    converged: in-box 2070/2070; E11=[+0.0379,+0.0906], E22=[-0.0391,-0.0143], g12=[-0.0671,+0.0290]
  step 13/20 iter  1: |R|=2.11549e+03, rel=1.000e+00, wall=0.00s
  step 13/20 iter  2: |R|=1.70506e+01, rel=8.060e-03, wall=0.64s
  step 13/20 iter  3: |R|=1.45558e-03, rel=6.881e-07, wall=0.37s
  step 13/20 iter  4: |R|=8.54239e-08, rel=4.038e-11, wall=0.33s
    converged: in-box 2070/2070; E11=[+0.0414,+0.0991], E22=[-0.0424,-0.0155], g12=[-0.0730,+0.0315]
  step 14/20 iter  1: |R|=2.11549e+03, rel=1.000e+00, wall=0.00s
  step 14/20 iter  2: |R|=1.87346e+01, rel=8.856e-03, wall=0.69s
  step 14/20 iter  3: |R|=1.62184e-03, rel=7.666e-07, wall=0.37s
  step 14/20 iter  4: |R|=9.64650e-08, rel=4.560e-11, wall=0.34s
    converged: in-box 2070/2070; E11=[+0.0449,+0.1078], E22=[-0.0457,-0.0167], g12=[-0.0789,+0.0341]
  step 15/20 iter  1: |R|=2.11549e+03, rel=1.000e+00, wall=0.00s
  step 15/20 iter  2: |R|=1.94860e+01, rel=9.211e-03, wall=0.71s
  step 15/20 iter  3: |R|=1.52844e-03, rel=7.225e-07, wall=0.50s
  step 15/20 iter  4: |R|=1.41585e-07, rel=6.693e-11, wall=0.44s
    converged: in-box 2070/2070; E11=[+0.0485,+0.1167], E22=[-0.0490,-0.0179], g12=[-0.0850,+0.0367]
  step 16/20 iter  1: |R|=2.11549e+03, rel=1.000e+00, wall=0.00s
  step 16/20 iter  2: |R|=2.19283e+01, rel=1.037e-02, wall=0.88s
  step 16/20 iter  3: |R|=1.39834e-03, rel=6.610e-07, wall=0.54s
  step 16/20 iter  4: |R|=1.55887e-07, rel=7.369e-11, wall=0.42s
    converged: in-box 2070/2070; E11=[+0.0522,+0.1257], E22=[-0.0523,-0.0191], g12=[-0.0911,+0.0393]
  step 17/20 iter  1: |R|=2.11549e+03, rel=1.000e+00, wall=0.00s
  step 17/20 iter  2: |R|=2.62275e+01, rel=1.240e-02, wall=0.91s
  step 17/20 iter  3: |R|=1.78724e-03, rel=8.448e-07, wall=0.52s
  step 17/20 iter  4: |R|=1.53384e-07, rel=7.251e-11, wall=0.39s
    converged: in-box 2070/2070; E11=[+0.0559,+0.1350], E22=[-0.0555,-0.0203], g12=[-0.0972,+0.0419]
  step 18/20 iter  1: |R|=2.11549e+03, rel=1.000e+00, wall=0.00s
  step 18/20 iter  2: |R|=2.42587e+01, rel=1.147e-02, wall=0.73s
  step 18/20 iter  3: |R|=1.52983e-03, rel=7.232e-07, wall=0.45s
  step 18/20 iter  4: |R|=1.28779e-07, rel=6.087e-11, wall=0.35s
    converged: in-box 2070/2070; E11=[+0.0596,+0.1444], E22=[-0.0588,-0.0215], g12=[-0.1034,+0.0445]
  step 19/20 iter  1: |R|=2.11549e+03, rel=1.000e+00, wall=0.00s
  step 19/20 iter  2: |R|=2.24050e+01, rel=1.059e-02, wall=0.74s
  step 19/20 iter  3: |R|=1.21561e-03, rel=5.746e-07, wall=0.44s
  step 19/20 iter  4: |R|=1.63287e-07, rel=7.719e-11, wall=0.36s
    converged: in-box 2070/2070; E11=[+0.0634,+0.1539], E22=[-0.0620,-0.0227], g12=[-0.1096,+0.0472]
  step 20/20 iter  1: |R|=2.11549e+03, rel=1.000e+00, wall=0.00s
  step 20/20 iter  2: |R|=2.25600e+01, rel=1.066e-02, wall=0.75s
  step 20/20 iter  3: |R|=1.01044e-03, rel=4.776e-07, wall=0.45s
  step 20/20 iter  4: |R|=1.69062e-07, rel=7.992e-11, wall=0.36s
    converged: in-box 2070/2070; E11=[+0.0673,+0.1636], E22=[-0.0652,-0.0239], g12=[-0.1159,+0.0499]
{
  "status": "converged",
  "model": "maw_hprom_ann_iterative",
  "implementation": "optimized",
  "output": "/home/sares/ML_assisted_CLs_clean/coupon_fe2_paper/06_fe2/hprom_ann_fe2_clean_timing_maw10_w20_f100kn_optimized_r3.npz",
  "wall_seconds": 30.14294753409922,
  "workers": 20,
  "worker_pids": [
    902602,
    902604,
    902605,
    902606,
    902607,
    902608,
    902609,
    902610,
    902611,
    902612,
    902614,
    902615,
    902617,
    902618,
    902620,
    902621,
    902622,
    902623,
    902624,
    902625
  ],
  "macro_elements": 690,
  "macro_gauss_points": 2070,
  "rve_elements_full": 1546,
  "hprom_ann_latent_dimension": 3,
  "residual_ecm_elements": 10,
  "stress_ecm_elements": 10,
  "force_per_end": 100000.0,
  "n_steps_requested": 20,
  "n_steps_completed": 20,
  "macro_newton": [
    {
      "step": 1,
      "iterations": 4,
      "residual": 5.3578420397585414e-08,
      "relative_residual": 2.5740679452748365e-11,
      "coverage": {
        "n": 2070,
        "inside": 2070,
        "outside": 0,
        "minimum": [
          0.0027890192844465256,
          -0.0033004093601750606,
          -0.005240877617204375
        ],
        "maximum": [
          0.006728284929308659,
          -0.0012733653858509886,
          0.0023103232740628427
        ]
      }
    },
    {
      "step": 2,
      "iterations": 4,
      "residual": 1.3375906251979684e-08,
      "relative_residual": 6.322833130417381e-12,
      "coverage": {
        "n": 2070,
        "inside": 2070,
        "outside": 0,
        "minimum": [
          0.005710176386581556,
          -0.0066064916097065,
          -0.010707884794542691
        ],
        "maximum": [
          0.013635204100249099,
          -0.0024879184525909426,
          0.00470296977515803
        ]
      }
    },
    {
      "step": 3,
      "iterations": 4,
      "residual": 1.996965567735719e-08,
      "relative_residual": 9.439719308764093e-12,
      "coverage": {
        "n": 2070,
        "inside": 2070,
        "outside": 0,
        "minimum": [
          0.008684833804796233,
          -0.009879997669074658,
          -0.01621282407338705
        ],
        "maximum": [
          0.020613781000261122,
          -0.0036795696314583237,
          0.007055363436361306
        ]
      }
    },
    {
      "step": 4,
      "iterations": 4,
      "residual": 6.48599152250581e-09,
      "relative_residual": 3.0659486773644703e-12,
      "coverage": {
        "n": 2070,
        "inside": 2070,
        "outside": 0,
        "minimum": [
          0.011702086100894848,
          -0.013108461215835088,
          -0.021749146304769703
        ],
        "maximum": [
          0.02781771192575011,
          -0.004867261562572889,
          0.009443438958600326
        ]
      }
    },
    {
      "step": 5,
      "iterations": 4,
      "residual": 2.251800471157389e-08,
      "relative_residual": 1.0644331945669703e-11,
      "coverage": {
        "n": 2070,
        "inside": 2070,
        "outside": 0,
        "minimum": [
          0.014786944908329325,
          -0.01631567007898005,
          -0.027222401751707277
        ],
        "maximum": [
          0.03507706085967777,
          -0.006054059531017897,
          0.011833361079917672
        ]
      }
    },
    {
      "step": 6,
      "iterations": 4,
      "residual": 1.9909737285331846e-08,
      "relative_residual": 9.411395695597763e-12,
      "coverage": {
        "n": 2070,
        "inside": 2070,
        "outside": 0,
        "minimum": [
          0.017927457938488267,
          -0.019554652819857354,
          -0.032733196674797856
        ],
        "maximum": [
          0.042563103941375746,
          -0.007233598972546551,
          0.014196321077932476
        ]
      }
    },
    {
      "step": 7,
      "iterations": 4,
      "residual": 4.209462525778249e-08,
      "relative_residual": 1.989826230660028e-11,
      "coverage": {
        "n": 2070,
        "inside": 2070,
        "outside": 0,
        "minimum": [
          0.021126402310918224,
          -0.022806129514457874,
          -0.03834892720415629
        ],
        "maximum": [
          0.05023590633000952,
          -0.008420802148725592,
          0.016563040076538523
        ]
      }
    },
    {
      "step": 8,
      "iterations": 4,
      "residual": 5.073302585598468e-08,
      "relative_residual": 2.3981661552033758e-11,
      "coverage": {
        "n": 2070,
        "inside": 2070,
        "outside": 0,
        "minimum": [
          0.024378776971408334,
          -0.0260509087584746,
          -0.04401944047362768
        ],
        "maximum": [
          0.05801665453881699,
          -0.0096141091655777,
          0.018973486689525847
        ]
      }
    },
    {
      "step": 9,
      "iterations": 4,
      "residual": 6.444308114682339e-08,
      "relative_residual": 3.046244798836485e-11,
      "coverage": {
        "n": 2070,
        "inside": 2070,
        "outside": 0,
        "minimum": [
          0.027677138881753716,
          -0.0292957262105471,
          -0.049719620542399506
        ],
        "maximum": [
          0.0659170225128547,
          -0.010799691501500397,
          0.021436575098967053
        ]
      }
    },
    {
      "step": 10,
      "iterations": 4,
      "residual": 6.32437459603172e-08,
      "relative_residual": 2.989551845790259e-11,
      "coverage": {
        "n": 2070,
        "inside": 2070,
        "outside": 0,
        "minimum": [
          0.031024417948116945,
          -0.03255305562243549,
          -0.055455462310258656
        ],
        "maximum": [
          0.07396978886276606,
          -0.01197698788108953,
          0.023937345733863462
        ]
      }
    },
    {
      "step": 11,
      "iterations": 4,
      "residual": 6.124873269958231e-08,
      "relative_residual": 2.89524693886331e-11,
      "coverage": {
        "n": 2070,
        "inside": 2070,
        "outside": 0,
        "minimum": [
          0.03442303797677948,
          -0.03582570880396552,
          -0.061238583989501154
        ],
        "maximum": [
          0.08218700729877404,
          -0.013155379932814515,
          0.026460260538638605
        ]
      }
    },
    {
      "step": 12,
      "iterations": 4,
      "residual": 6.813553349487886e-08,
      "relative_residual": 3.220788187514079e-11,
      "coverage": {
        "n": 2070,
        "inside": 2070,
        "outside": 0,
        "minimum": [
          0.03787308855206106,
          -0.03910999300547574,
          -0.06707872268220169
        ],
        "maximum": [
          0.0905665866382287,
          -0.014341040169813135,
          0.02899795666956328
        ]
      }
    },
    {
      "step": 13,
      "iterations": 4,
      "residual": 8.542388087576024e-08,
      "relative_residual": 4.038013828379584e-11,
      "coverage": {
        "n": 2070,
        "inside": 2070,
        "outside": 0,
        "minimum": [
          0.04137501677955946,
          -0.04240229217302072,
          -0.07298157650480389
        ],
        "maximum": [
          0.09910766038486984,
          -0.015534860041871212,
          0.03154790837345822
        ]
      }
    },
    {
      "step": 14,
      "iterations": 4,
      "residual": 9.646499001359915e-08,
      "relative_residual": 4.559930544434059e-11,
      "coverage": {
        "n": 2070,
        "inside": 2070,
        "outside": 0,
        "minimum": [
          0.044928196245276775,
          -0.04570335110014212,
          -0.07894836865110634
        ],
        "maximum": [
          0.10781545139671456,
          -0.016735464197361605,
          0.03411009465805978
        ]
      }
    },
    {
      "step": 15,
      "iterations": 4,
      "residual": 1.415847152722148e-07,
      "relative_residual": 6.692754207548988e-11,
      "coverage": {
        "n": 2070,
        "inside": 2070,
        "outside": 0,
        "minimum": [
          0.048530278860509424,
          -0.04901465864951782,
          -0.084976758229726
        ],
        "maximum": [
          0.11669521272357186,
          -0.01794130358972129,
          0.03668640434140365
        ]
      }
    },
    {
      "step": 16,
      "iterations": 4,
      "residual": 1.558865359628783e-07,
      "relative_residual": 7.368805788532525e-11,
      "coverage": {
        "n": 2070,
        "inside": 2070,
        "outside": 0,
        "minimum": [
          0.05217962074671023,
          -0.05231053163679822,
          -0.09106183333364747
        ],
        "maximum": [
          0.12574895941907338,
          -0.019144184921591922,
          0.039279523120598146
        ]
      }
    },
    {
      "step": 17,
      "iterations": 4,
      "residual": 1.5338440063460345e-07,
      "relative_residual": 7.250529061315562e-11,
      "coverage": {
        "n": 2070,
        "inside": 2070,
        "outside": 0,
        "minimum": [
          0.055878135225076675,
          -0.05554836529967372,
          -0.09719673548400747
        ],
        "maximum": [
          0.13497460354156543,
          -0.020329470950286144,
          0.041892668061159544
        ]
      }
    },
    {
      "step": 18,
      "iterations": 4,
      "residual": 1.2877874946052287e-07,
      "relative_residual": 6.087412159128173e-11,
      "coverage": {
        "n": 2070,
        "inside": 2070,
        "outside": 0,
        "minimum": [
          0.059630916496749675,
          -0.058757161394388246,
          -0.10337616284368932
        ],
        "maximum": [
          0.1443590029375177,
          -0.02151067477489288,
          0.044530113895729424
        ]
      }
    },
    {
      "step": 19,
      "iterations": 4,
      "residual": 1.632868520828922e-07,
      "relative_residual": 7.71862106877034e-11,
      "coverage": {
        "n": 2070,
        "inside": 2070,
        "outside": 0,
        "minimum": [
          0.0634439332717961,
          -0.0619871540540573,
          -0.10960058286425682
        ],
        "maximum": [
          0.1538883465688745,
          -0.022686020704160814,
          0.04719765500977949
        ]
      }
    },
    {
      "step": 20,
      "iterations": 4,
      "residual": 1.6906185043585e-07,
      "relative_residual": 7.99160706483279e-11,
      "coverage": {
        "n": 2070,
        "inside": 2070,
        "outside": 0,
        "minimum": [
          0.06732283177602405,
          -0.06522610203148432,
          -0.11587616901079564
        ],
        "maximum": [
          0.16356117496410816,
          -0.0238539259311209,
          0.049901173383811066
        ]
      }
    }
  ],
  "material_calls": 61,
  "unique_hprom_ann_queries": 124201,
  "summed_hprom_ann_seconds": 485.73422802612185,
  "worker_ecm_mdpa": [
    {
      "n_latent": 3,
      "residual_elements": 10,
      "stress_elements": 10,
      "total_distinct_ecm_elements": 19,
      "residual_mdpa": "/tmp/coupon_maw_hprom_ann_902602/residual_maw10.mdpa",
      "stress_mdpa": "/tmp/coupon_maw_hprom_ann_902602/stress_maw10.mdpa",
      "residual_support_full_indices": [
        50,
        59,
        178,
        332,
        338,
        664,
        1023,
        1134,
        1308,
        1510
      ],
      "stress_support_full_indices": [
        229,
        303,
        431,
        460,
        985,
        1030,
        1173,
        1308,
        1390,
        1457
      ],
      "minimum_adaptive_weight": 1.9993135959488144,
      "maximum_weight_sum_error": 9.094947017729282e-13,
      "q_minimum": [
        -4.866325130812089e-05,
        -0.06190078124369531,
        -0.11578185789053091
      ],
      "q_maximum": [
        0.15616124553904898,
        5.4063003234622755e-05,
        0.047558479966164593
      ],
      "implementation": "local_projection_batched_ift",
      "micro_newton_tolerance": 1e-10,
      "macro_tangent": "same_central_difference_ift_as_baseline"
    },
    {
      "n_latent": 3,
      "residual_elements": 10,
      "stress_elements": 10,
      "total_distinct_ecm_elements": 19,
      "residual_mdpa": "/tmp/coupon_maw_hprom_ann_902604/residual_maw10.mdpa",
      "stress_mdpa": "/tmp/coupon_maw_hprom_ann_902604/stress_maw10.mdpa",
      "residual_support_full_indices": [
        50,
        59,
        178,
        332,
        338,
        664,
        1023,
        1134,
        1308,
        1510
      ],
      "stress_support_full_indices": [
        229,
        303,
        431,
        460,
        985,
        1030,
        1173,
        1308,
        1390,
        1457
      ],
      "minimum_adaptive_weight": 2.08452996434033,
      "maximum_weight_sum_error": 9.094947017729282e-13,
      "q_minimum": [
        0.00368042265908466,
        -0.0634807967905748,
        -0.11575580927382079
      ],
      "q_maximum": [
        0.15933584941244178,
        -0.0014999232126091616,
        0.048722827918365366
      ],
      "implementation": "local_projection_batched_ift",
      "micro_newton_tolerance": 1e-10,
      "macro_tangent": "same_central_difference_ift_as_baseline"
    },
    {
      "n_latent": 3,
      "residual_elements": 10,
      "stress_elements": 10,
      "total_distinct_ecm_elements": 19,
      "residual_mdpa": "/tmp/coupon_maw_hprom_ann_902605/residual_maw10.mdpa",
      "stress_mdpa": "/tmp/coupon_maw_hprom_ann_902605/stress_maw10.mdpa",
      "residual_support_full_indices": [
        50,
        59,
        178,
        332,
        338,
        664,
        1023,
        1134,
        1308,
        1510
      ],
      "stress_support_full_indices": [
        229,
        303,
        431,
        460,
        985,
        1030,
        1173,
        1308,
        1390,
        1457
      ],
      "minimum_adaptive_weight": 1.9993649927202668,
      "maximum_weight_sum_error": 6.821210263296962e-13,
      "q_minimum": [
        0.0038239079588779285,
        -0.06441847715200258,
        -0.10764294632543461
      ],
      "q_maximum": [
        0.16352003980664592,
        -0.0018173427472420144,
        0.03476915075502451
      ],
      "implementation": "local_projection_batched_ift",
      "micro_newton_tolerance": 1e-10,
      "macro_tangent": "same_central_difference_ift_as_baseline"
    },
    {
      "n_latent": 3,
      "residual_elements": 10,
      "stress_elements": 10,
      "total_distinct_ecm_elements": 19,
      "residual_mdpa": "/tmp/coupon_maw_hprom_ann_902607/residual_maw10.mdpa",
      "stress_mdpa": "/tmp/coupon_maw_hprom_ann_902607/stress_maw10.mdpa",
      "residual_support_full_indices": [
        50,
        59,
        178,
        332,
        338,
        664,
        1023,
        1134,
        1308,
        1510
      ],
      "stress_support_full_indices": [
        229,
        303,
        431,
        460,
        985,
        1030,
        1173,
        1308,
        1390,
        1457
      ],
      "minimum_adaptive_weight": 1.9973519622463631,
      "maximum_weight_sum_error": 9.094947017729282e-13,
      "q_minimum": [
        0.004109040033344729,
        -0.060615558741587076,
        -0.10942332970728352
      ],
      "q_maximum": [
        0.15877087743076387,
        -0.0014479969623221421,
        0.048190181048913684
      ],
      "implementation": "local_projection_batched_ift",
      "micro_newton_tolerance": 1e-10,
      "macro_tangent": "same_central_difference_ift_as_baseline"
    },
    {
      "n_latent": 3,
      "residual_elements": 10,
      "stress_elements": 10,
      "total_distinct_ecm_elements": 19,
      "residual_mdpa": "/tmp/coupon_maw_hprom_ann_902606/residual_maw10.mdpa",
      "stress_mdpa": "/tmp/coupon_maw_hprom_ann_902606/stress_maw10.mdpa",
      "residual_support_full_indices": [
        50,
        59,
        178,
        332,
        338,
        664,
        1023,
        1134,
        1308,
        1510
      ],
      "stress_support_full_indices": [
        229,
        303,
        431,
        460,
        985,
        1030,
        1173,
        1308,
        1390,
        1457
      ],
      "minimum_adaptive_weight": 2.08363947942072,
      "maximum_weight_sum_error": 6.821210263296962e-13,
      "q_minimum": [
        0.002845604349821206,
        -0.06047599364236583,
        -0.10147532238944232
      ],
      "q_maximum": [
        0.15874326043054204,
        -0.0012249375543973925,
        0.04819654677766308
      ],
      "implementation": "local_projection_batched_ift",
      "micro_newton_tolerance": 1e-10,
      "macro_tangent": "same_central_difference_ift_as_baseline"
    },
    {
      "n_latent": 3,
      "residual_elements": 10,
      "stress_elements": 10,
      "total_distinct_ecm_elements": 19,
      "residual_mdpa": "/tmp/coupon_maw_hprom_ann_902608/residual_maw10.mdpa",
      "stress_mdpa": "/tmp/coupon_maw_hprom_ann_902608/stress_maw10.mdpa",
      "residual_support_full_indices": [
        50,
        59,
        178,
        332,
        338,
        664,
        1023,
        1134,
        1308,
        1510
      ],
      "stress_support_full_indices": [
        229,
        303,
        431,
        460,
        985,
        1030,
        1173,
        1308,
        1390,
        1457
      ],
      "minimum_adaptive_weight": 2.0484413386812075,
      "maximum_weight_sum_error": 6.821210263296962e-13,
      "q_minimum": [
        0.00382394339049369,
        -0.06091532188195941,
        -0.10942932678275358
      ],
      "q_maximum": [
        0.15553156533511203,
        -0.001483450767983062,
        0.05000205337012502
      ],
      "implementation": "local_projection_batched_ift",
      "micro_newton_tolerance": 1e-10,
      "macro_tangent": "same_central_difference_ift_as_baseline"
    },
    {
      "n_latent": 3,
      "residual_elements": 10,
      "stress_elements": 10,
      "total_distinct_ecm_elements": 19,
      "residual_mdpa": "/tmp/coupon_maw_hprom_ann_902612/residual_maw10.mdpa",
      "stress_mdpa": "/tmp/coupon_maw_hprom_ann_902612/stress_maw10.mdpa",
      "residual_support_full_indices": [
        50,
        59,
        178,
        332,
        338,
        664,
        1023,
        1134,
        1308,
        1510
      ],
      "stress_support_full_indices": [
        229,
        303,
        431,
        460,
        985,
        1030,
        1173,
        1308,
        1390,
        1457
      ],
      "minimum_adaptive_weight": 2.0097650223767527,
      "maximum_weight_sum_error": 6.821210263296962e-13,
      "q_minimum": [
        0.002796003515681071,
        -0.06121238355197682,
        -0.10466321578531672
      ],
      "q_maximum": [
        0.1554954320986953,
        -0.0012117594029173516,
        0.049994367757641
      ],
      "implementation": "local_projection_batched_ift",
      "micro_newton_tolerance": 1e-10,
      "macro_tangent": "same_central_difference_ift_as_baseline"
    },
    {
      "n_latent": 3,
      "residual_elements": 10,
      "stress_elements": 10,
      "total_distinct_ecm_elements": 19,
      "residual_mdpa": "/tmp/coupon_maw_hprom_ann_902609/residual_maw10.mdpa",
      "stress_mdpa": "/tmp/coupon_maw_hprom_ann_902609/stress_maw10.mdpa",
      "residual_support_full_indices": [
        50,
        59,
        178,
        332,
        338,
        664,
        1023,
        1134,
        1308,
        1510
      ],
      "stress_support_full_indices": [
        229,
        303,
        431,
        460,
        985,
        1030,
        1173,
        1308,
        1390,
        1457
      ],
      "minimum_adaptive_weight": 2.1049502911915257,
      "maximum_weight_sum_error": 6.821210263296962e-13,
      "q_minimum": [
        0.0028234040733904195,
        -0.061221623290037136,
        -0.11074464983590182
      ],
      "q_maximum": [
        0.15525632786484972,
        -0.001379646217393462,
        0.042560681752731706
      ],
      "implementation": "local_projection_batched_ift",
      "micro_newton_tolerance": 1e-10,
      "macro_tangent": "same_central_difference_ift_as_baseline"
    },
    {
      "n_latent": 3,
      "residual_elements": 10,
      "stress_elements": 10,
      "total_distinct_ecm_elements": 19,
      "residual_mdpa": "/tmp/coupon_maw_hprom_ann_902615/residual_maw10.mdpa",
      "stress_mdpa": "/tmp/coupon_maw_hprom_ann_902615/stress_maw10.mdpa",
      "residual_support_full_indices": [
        50,
        59,
        178,
        332,
        338,
        664,
        1023,
        1134,
        1308,
        1510
      ],
      "stress_support_full_indices": [
        229,
        303,
        431,
        460,
        985,
        1030,
        1173,
        1308,
        1390,
        1457
      ],
      "minimum_adaptive_weight": 2.0376853644084103,
      "maximum_weight_sum_error": 9.094947017729282e-13,
      "q_minimum": [
        0.0028233765665673467,
        -0.06441538342343676,
        -0.113882794747328
      ],
      "q_maximum": [
        0.16352003945239482,
        -0.0013796618652400542,
        0.04062248193597396
      ],
      "implementation": "local_projection_batched_ift",
      "micro_newton_tolerance": 1e-10,
      "macro_tangent": "same_central_difference_ift_as_baseline"
    },
    {
      "n_latent": 3,
      "residual_elements": 10,
      "stress_elements": 10,
      "total_distinct_ecm_elements": 19,
      "residual_mdpa": "/tmp/coupon_maw_hprom_ann_902618/residual_maw10.mdpa",
      "stress_mdpa": "/tmp/coupon_maw_hprom_ann_902618/stress_maw10.mdpa",
      "residual_support_full_indices": [
        50,
        59,
        178,
        332,
        338,
        664,
        1023,
        1134,
        1308,
        1510
      ],
      "stress_support_full_indices": [
        229,
        303,
        431,
        460,
        985,
        1030,
        1173,
        1308,
        1390,
        1457
      ],
      "minimum_adaptive_weight": 1.9990613044857677,
      "maximum_weight_sum_error": 9.094947017729282e-13,
      "q_minimum": [
        0.0028392057093201677,
        -0.06408392825692845,
        -0.11575351321215238
      ],
      "q_maximum": [
        0.15933584940557374,
        -0.001379812225758413,
        0.05000205320847277
      ],
      "implementation": "local_projection_batched_ift",
      "micro_newton_tolerance": 1e-10,
      "macro_tangent": "same_central_difference_ift_as_baseline"
    },
    {
      "n_latent": 3,
      "residual_elements": 10,
      "stress_elements": 10,
      "total_distinct_ecm_elements": 19,
      "residual_mdpa": "/tmp/coupon_maw_hprom_ann_902611/residual_maw10.mdpa",
      "stress_mdpa": "/tmp/coupon_maw_hprom_ann_902611/stress_maw10.mdpa",
      "residual_support_full_indices": [
        50,
        59,
        178,
        332,
        338,
        664,
        1023,
        1134,
        1308,
        1510
      ],
      "stress_support_full_indices": [
        229,
        303,
        431,
        460,
        985,
        1030,
        1173,
        1308,
        1390,
        1457
      ],
      "minimum_adaptive_weight": 2.1003714937259232,
      "maximum_weight_sum_error": 6.821210263296962e-13,
      "q_minimum": [
        0.0029955926679991144,
        -0.06514125537386094,
        -0.1094474209457132
      ],
      "q_maximum": [
        0.163503541503418,
        -0.0013797965860208785,
        0.045049624808528005
      ],
      "implementation": "local_projection_batched_ift",
      "micro_newton_tolerance": 1e-10,
      "macro_tangent": "same_central_difference_ift_as_baseline"
    },
    {
      "n_latent": 3,
      "residual_elements": 10,
      "stress_elements": 10,
      "total_distinct_ecm_elements": 19,
      "residual_mdpa": "/tmp/coupon_maw_hprom_ann_902621/residual_maw10.mdpa",
      "stress_mdpa": "/tmp/coupon_maw_hprom_ann_902621/stress_maw10.mdpa",
      "residual_support_full_indices": [
        50,
        59,
        178,
        332,
        338,
        664,
        1023,
        1134,
        1308,
        1510
      ],
      "stress_support_full_indices": [
        229,
        303,
        431,
        460,
        985,
        1030,
        1173,
        1308,
        1390,
        1457
      ],
      "minimum_adaptive_weight": 2.010962750857836,
      "maximum_weight_sum_error": 6.821210263296962e-13,
      "q_minimum": [
        0.0036254119546020656,
        -0.06513651580108003,
        -0.10106610312213905
      ],
      "q_maximum": [
        0.16346543226497837,
        -0.0014842088438981097,
        0.04062248102598073
      ],
      "implementation": "local_projection_batched_ift",
      "micro_newton_tolerance": 1e-10,
      "macro_tangent": "same_central_difference_ift_as_baseline"
    },
    {
      "n_latent": 3,
      "residual_elements": 10,
      "stress_elements": 10,
      "total_distinct_ecm_elements": 19,
      "residual_mdpa": "/tmp/coupon_maw_hprom_ann_902617/residual_maw10.mdpa",
      "stress_mdpa": "/tmp/coupon_maw_hprom_ann_902617/stress_maw10.mdpa",
      "residual_support_full_indices": [
        50,
        59,
        178,
        332,
        338,
        664,
        1023,
        1134,
        1308,
        1510
      ],
      "stress_support_full_indices": [
        229,
        303,
        431,
        460,
        985,
        1030,
        1173,
        1308,
        1390,
        1457
      ],
      "minimum_adaptive_weight": 2.0350000484609376,
      "maximum_weight_sum_error": 6.821210263296962e-13,
      "q_minimum": [
        0.0037508651593142653,
        -0.061880234579696,
        -0.11577949928984367
      ],
      "q_maximum": [
        0.15619556627388975,
        -0.0017838950574822477,
        0.047552274906741805
      ],
      "implementation": "local_projection_batched_ift",
      "micro_newton_tolerance": 1e-10,
      "macro_tangent": "same_central_difference_ift_as_baseline"
    },
    {
      "n_latent": 3,
      "residual_elements": 10,
      "stress_elements": 10,
      "total_distinct_ecm_elements": 19,
      "residual_mdpa": "/tmp/coupon_maw_hprom_ann_902623/residual_maw10.mdpa",
      "stress_mdpa": "/tmp/coupon_maw_hprom_ann_902623/stress_maw10.mdpa",
      "residual_support_full_indices": [
        50,
        59,
        178,
        332,
        338,
        664,
        1023,
        1134,
        1308,
        1510
      ],
      "stress_support_full_indices": [
        229,
        303,
        431,
        460,
        985,
        1030,
        1173,
        1308,
        1390,
        1457
      ],
      "minimum_adaptive_weight": 1.9976644253501479,
      "maximum_weight_sum_error": 6.821210263296962e-13,
      "q_minimum": [
        0.0041188701521429555,
        -0.06125431824890682,
        -0.11577950009386109
      ],
      "q_maximum": [
        0.15619556633128653,
        -0.0017802852488927893,
        0.04755227501713873
      ],
      "implementation": "local_projection_batched_ift",
      "micro_newton_tolerance": 1e-10,
      "macro_tangent": "same_central_difference_ift_as_baseline"
    },
    {
      "n_latent": 3,
      "residual_elements": 10,
      "stress_elements": 10,
      "total_distinct_ecm_elements": 19,
      "residual_mdpa": "/tmp/coupon_maw_hprom_ann_902620/residual_maw10.mdpa",
      "stress_mdpa": "/tmp/coupon_maw_hprom_ann_902620/stress_maw10.mdpa",
      "residual_support_full_indices": [
        50,
        59,
        178,
        332,
        338,
        664,
        1023,
        1134,
        1308,
        1510
      ],
      "stress_support_full_indices": [
        229,
        303,
        431,
        460,
        985,
        1030,
        1173,
        1308,
        1390,
        1457
      ],
      "minimum_adaptive_weight": 1.9974022565362715,
      "maximum_weight_sum_error": 9.094947017729282e-13,
      "q_minimum": [
        0.0027543076584148718,
        -0.06411491078201163,
        -0.10773639858841978
      ],
      "q_maximum": [
        0.15690827693451462,
        -0.0013690356875360854,
        0.04084558387536012
      ],
      "implementation": "local_projection_batched_ift",
      "micro_newton_tolerance": 1e-10,
      "macro_tangent": "same_central_difference_ift_as_baseline"
    },
    {
      "n_latent": 3,
      "residual_elements": 10,
      "stress_elements": 10,
      "total_distinct_ecm_elements": 19,
      "residual_mdpa": "/tmp/coupon_maw_hprom_ann_902622/residual_maw10.mdpa",
      "stress_mdpa": "/tmp/coupon_maw_hprom_ann_902622/stress_maw10.mdpa",
      "residual_support_full_indices": [
        50,
        59,
        178,
        332,
        338,
        664,
        1023,
        1134,
        1308,
        1510
      ],
      "stress_support_full_indices": [
        229,
        303,
        431,
        460,
        985,
        1030,
        1173,
        1308,
        1390,
        1457
      ],
      "minimum_adaptive_weight": 1.990707719581519,
      "maximum_weight_sum_error": 6.821210263296962e-13,
      "q_minimum": [
        0.00277575800653307,
        -0.06190077990322609,
        -0.0954767065553892
      ],
      "q_maximum": [
        0.15517218627082546,
        -0.0013687853189681338,
        0.04313347858348315
      ],
      "implementation": "local_projection_batched_ift",
      "micro_newton_tolerance": 1e-10,
      "macro_tangent": "same_central_difference_ift_as_baseline"
    },
    {
      "n_latent": 3,
      "residual_elements": 10,
      "stress_elements": 10,
      "total_distinct_ecm_elements": 19,
      "residual_mdpa": "/tmp/coupon_maw_hprom_ann_902624/residual_maw10.mdpa",
      "stress_mdpa": "/tmp/coupon_maw_hprom_ann_902624/stress_maw10.mdpa",
      "residual_support_full_indices": [
        50,
        59,
        178,
        332,
        338,
        664,
        1023,
        1134,
        1308,
        1510
      ],
      "stress_support_full_indices": [
        229,
        303,
        431,
        460,
        985,
        1030,
        1173,
        1308,
        1390,
        1457
      ],
      "minimum_adaptive_weight": 2.085987695591443,
      "maximum_weight_sum_error": 6.821210263296962e-13,
      "q_minimum": [
        0.002845633260418618,
        -0.0651412553826307,
        -0.11388062946145226
      ],
      "q_maximum": [
        0.16350354115013246,
        -0.0012249231388628897,
        0.045654934599938614
      ],
      "implementation": "local_projection_batched_ift",
      "micro_newton_tolerance": 1e-10,
      "macro_tangent": "same_central_difference_ift_as_baseline"
    },
    {
      "n_latent": 3,
      "residual_elements": 10,
      "stress_elements": 10,
      "total_distinct_ecm_elements": 19,
      "residual_mdpa": "/tmp/coupon_maw_hprom_ann_902625/residual_maw10.mdpa",
      "stress_mdpa": "/tmp/coupon_maw_hprom_ann_902625/stress_maw10.mdpa",
      "residual_support_full_indices": [
        50,
        59,
        178,
        332,
        338,
        664,
        1023,
        1134,
        1308,
        1510
      ],
      "stress_support_full_indices": [
        229,
        303,
        431,
        460,
        985,
        1030,
        1173,
        1308,
        1390,
        1457
      ],
      "minimum_adaptive_weight": 1.9976131310417475,
      "maximum_weight_sum_error": 6.821210263296962e-13,
      "q_minimum": [
        0.0027056075604634253,
        -0.06026512596339937,
        -0.10322616358125909
      ],
      "q_maximum": [
        0.1544490661847408,
        -0.00161236434354607,
        0.043134891211513975
      ],
      "implementation": "local_projection_batched_ift",
      "micro_newton_tolerance": 1e-10,
      "macro_tangent": "same_central_difference_ift_as_baseline"
    },
    {
      "n_latent": 3,
      "residual_elements": 10,
      "stress_elements": 10,
      "total_distinct_ecm_elements": 19,
      "residual_mdpa": "/tmp/coupon_maw_hprom_ann_902610/residual_maw10.mdpa",
      "stress_mdpa": "/tmp/coupon_maw_hprom_ann_902610/stress_maw10.mdpa",
      "residual_support_full_indices": [
        50,
        59,
        178,
        332,
        338,
        664,
        1023,
        1134,
        1308,
        1510
      ],
      "stress_support_full_indices": [
        229,
        303,
        431,
        460,
        985,
        1030,
        1173,
        1308,
        1390,
        1457
      ],
      "minimum_adaptive_weight": 2.0099013496907054,
      "maximum_weight_sum_error": 9.094947017729282e-13,
      "q_minimum": [
        0.003954966957949118,
        -0.06089031096186709,
        -0.10180664252087886
      ],
      "q_maximum": [
        0.1541135660095848,
        -0.001499164198315316,
        0.04459537565200665
      ],
      "implementation": "local_projection_batched_ift",
      "micro_newton_tolerance": 1e-10,
      "macro_tangent": "same_central_difference_ift_as_baseline"
    },
    {
      "n_latent": 3,
      "residual_elements": 10,
      "stress_elements": 10,
      "total_distinct_ecm_elements": 19,
      "residual_mdpa": "/tmp/coupon_maw_hprom_ann_902614/residual_maw10.mdpa",
      "stress_mdpa": "/tmp/coupon_maw_hprom_ann_902614/stress_maw10.mdpa",
      "residual_support_full_indices": [
        50,
        59,
        178,
        332,
        338,
        664,
        1023,
        1134,
        1308,
        1510
      ],
      "stress_support_full_indices": [
        229,
        303,
        431,
        460,
        985,
        1030,
        1173,
        1308,
        1390,
        1457
      ],
      "minimum_adaptive_weight": 2.150324935053005,
      "maximum_weight_sum_error": 9.094947017729282e-13,
      "q_minimum": [
        0.002754335801566529,
        -0.06211052568694135,
        -0.10318977330660621
      ],
      "q_maximum": [
        0.15945861947716936,
        -0.0016379766827421369,
        0.04256236845515848
      ],
      "implementation": "local_projection_batched_ift",
      "micro_newton_tolerance": 1e-10,
      "macro_tangent": "same_central_difference_ift_as_baseline"
    }
  ],
  "macro_relative_tolerance": 1e-07,
  "macro_absolute_tolerance": 1e-05,
  "timing_scope": "macro solve including constitutive tangents, IPC and lazy worker model loading; excludes parent setup and result export",
  "source_sha256": {
    "run_hprom_ann_fe2.py": "f15e003abe69ad0b724f42c228d0b14ed58c46a71da5ec7a2d8545ea25d1d697",
    "maw_hprom_ann_law.py": "c73a13433e3e3aef8e02e894dc2eefb16634711348391d7b93b99f55edd7ef65",
    "maw_hprom_ann_fast.py": "e8a081463492d071ca39ebf2d5fb94262c91830892aec3e35ffc4feeac5a2fec"
  },
  "macro_mesh_sha256": "81aa5d4c646b8200fa94ccdfceb1466e7d401576b6ca14d2969f3d76105f4762",
  "rve_mesh_sha256": "82e42f23fc9bdb45933f88f8cbd4f6f5e52f5755aee7f8f28b8781bf71c87a47"
}
[VectorizedAssembler] 1546 elements, 3 GPs, total area=1.600000e-01
[ReducedAssembler] 10 elements, 3 GPs, total area=1.018094e-03
[ReducedAssembler] 10 elements, 3 GPs, total area=1.030459e-03
[VectorizedAssembler] 1546 elements, 3 GPs, total area=1.600000e-01
[ReducedAssembler] 10 elements, 3 GPs, total area=1.018094e-03
[ReducedAssembler] 10 elements, 3 GPs, total area=1.030459e-03
[VectorizedAssembler] 1546 elements, 3 GPs, total area=1.600000e-01
[ReducedAssembler] 10 elements, 3 GPs, total area=1.018094e-03
[ReducedAssembler] 10 elements, 3 GPs, total area=1.030459e-03
[VectorizedAssembler] 1546 elements, 3 GPs, total area=1.600000e-01
[ReducedAssembler] 10 elements, 3 GPs, total area=1.018094e-03
[ReducedAssembler] 10 elements, 3 GPs, total area=1.030459e-03
[VectorizedAssembler] 1546 elements, 3 GPs, total area=1.600000e-01
[ReducedAssembler] 10 elements, 3 GPs, total area=1.018094e-03
[ReducedAssembler] 10 elements, 3 GPs, total area=1.030459e-03
[VectorizedAssembler] 1546 elements, 3 GPs, total area=1.600000e-01
[ReducedAssembler] 10 elements, 3 GPs, total area=1.018094e-03
[ReducedAssembler] 10 elements, 3 GPs, total area=1.030459e-03
[VectorizedAssembler] 1546 elements, 3 GPs, total area=1.600000e-01
[ReducedAssembler] 10 elements, 3 GPs, total area=1.018094e-03
[ReducedAssembler] 10 elements, 3 GPs, total area=1.030459e-03
[VectorizedAssembler] 1546 elements, 3 GPs, total area=1.600000e-01
[ReducedAssembler] 10 elements, 3 GPs, total area=1.018094e-03
[ReducedAssembler] 10 elements, 3 GPs, total area=1.030459e-03
[VectorizedAssembler] 1546 elements, 3 GPs, total area=1.600000e-01
[ReducedAssembler] 10 elements, 3 GPs, total area=1.018094e-03
[ReducedAssembler] 10 elements, 3 GPs, total area=1.030459e-03
[VectorizedAssembler] 1546 elements, 3 GPs, total area=1.600000e-01
[ReducedAssembler] 10 elements, 3 GPs, total area=1.018094e-03
[ReducedAssembler] 10 elements, 3 GPs, total area=1.030459e-03
[VectorizedAssembler] 1546 elements, 3 GPs, total area=1.600000e-01
[ReducedAssembler] 10 elements, 3 GPs, total area=1.018094e-03
[ReducedAssembler] 10 elements, 3 GPs, total area=1.030459e-03
[VectorizedAssembler] 1546 elements, 3 GPs, total area=1.600000e-01
[ReducedAssembler] 10 elements, 3 GPs, total area=1.018094e-03
[ReducedAssembler] 10 elements, 3 GPs, total area=1.030459e-03
[VectorizedAssembler] 1546 elements, 3 GPs, total area=1.600000e-01
[ReducedAssembler] 10 elements, 3 GPs, total area=1.018094e-03
[ReducedAssembler] 10 elements, 3 GPs, total area=1.030459e-03
[VectorizedAssembler] 1546 elements, 3 GPs, total area=1.600000e-01
[ReducedAssembler] 10 elements, 3 GPs, total area=1.018094e-03
[ReducedAssembler] 10 elements, 3 GPs, total area=1.030459e-03
[VectorizedAssembler] 1546 elements, 3 GPs, total area=1.600000e-01
[ReducedAssembler] 10 elements, 3 GPs, total area=1.018094e-03
[ReducedAssembler] 10 elements, 3 GPs, total area=1.030459e-03
[VectorizedAssembler] 1546 elements, 3 GPs, total area=1.600000e-01
[ReducedAssembler] 10 elements, 3 GPs, total area=1.018094e-03
[ReducedAssembler] 10 elements, 3 GPs, total area=1.030459e-03
[VectorizedAssembler] 1546 elements, 3 GPs, total area=1.600000e-01
[ReducedAssembler] 10 elements, 3 GPs, total area=1.018094e-03
[ReducedAssembler] 10 elements, 3 GPs, total area=1.030459e-03
[VectorizedAssembler] 1546 elements, 3 GPs, total area=1.600000e-01
[ReducedAssembler] 10 elements, 3 GPs, total area=1.018094e-03
[ReducedAssembler] 10 elements, 3 GPs, total area=1.030459e-03
[VectorizedAssembler] 1546 elements, 3 GPs, total area=1.600000e-01
[ReducedAssembler] 10 elements, 3 GPs, total area=1.018094e-03
[ReducedAssembler] 10 elements, 3 GPs, total area=1.030459e-03
[VectorizedAssembler] 1546 elements, 3 GPs, total area=1.600000e-01
[ReducedAssembler] 10 elements, 3 GPs, total area=1.018094e-03
[ReducedAssembler] 10 elements, 3 GPs, total area=1.030459e-03
 |  /           |                  
 ' /   __| _` | __|  _ \   __|    
 . \  |   (   | |   (   |\__ \  
_|\_\_|  \__,_|\__|\___/ ____/
           Multi-Physics 10.3."0"-master-532e0dba7df-Release-x86_64
           Compiled for GNU/Linux and Python3.12 with GCC-13.3
Compiled with threading support. Threading support with OpenMP.
Maximum number of threads: 1.
Importing    KratosStructuralMechanicsApplication 
    KRATOS   ___|  |                   |                   |
           \___ \  __|  __| |   |  __| __| |   |  __| _` | |
                 | |   |    |   | (    |   |   | |   (   | |
           _____/ \__|_|   \__,_|\___|\__|\__,_|_|  \__,_|_| MECHANICS
Initializing KratosStructuralMechanicsApplication...
Importing    KratosConstitutiveLawsApplication 
Initializing KratosConstitutiveLawsApplication...
[WARNING] DEPRECATION-Warning; MechanicalSolver: Using "line_search", please move it to "solving_strategy_settings" as "type" 
::[MechanicalSolver]:: : Construction finished 
::[StaticMechanicalSolver]:: : Construction finished 
::[MechanicalSolver]:: : Variables ADDED 
[WARNING] Model: Trying to create a root modelpart with name Structure however a ModelPart with the same name already exists. 
Returning the already existent ModelPart.
SingleImportModelPart: Reading model part from file: "/home/sares/ML_assisted_CLs_clean/coupon_fe2_paper/01_macro_prepass/coupon_conv_div4".mdpa
ModelPartIO:   [Reading Nodes    : 1501 nodes read]
ModelPartIO:   [Reading Geometries : 690 geometries read] [Type: Triangle2D6]
ModelPartIO:   [Total Lines Read : 4431]
SingleImportModelPart: Finished reading model part from mdpa file.
::[PythonSolver]::: Reading model part. 
::[PythonSolver]::: Using already imported model part - no reading necessary. 
ModelPart: -Structure- model part
    Buffer Size : 1
    Number of tables : 0
    Number of sub model parts : 2
    Current solution step index : 0
    DOMAIN_SIZE : 2
    OSS_SWITCH : 0
    IS_RESTARTED : 0

    Number of Geometries  : 690
    Mesh 0 :
        Number of Nodes       : 1501
        Number of Properties  : 1
        Number of Elements    : 690
        Number of Conditions  : 0
        Number of Constraints : 0

    -dirichlet- model part
        Number of tables : 0
        Number of sub model parts : 0

        Number of Geometries  : 0
        Mesh 0 :
            Number of Nodes       : 26
            Number of Properties  : 0
            Number of Elements    : 0
            Number of Conditions  : 0
            Number of Constraints : 0
    -material- model part
        Number of tables : 0
        Number of sub model parts : 0

        Number of Geometries  : 690
        Mesh 0 :
            Number of Nodes       : 1501
            Number of Properties  : 0
            Number of Elements    : 690
            Number of Conditions  : 0
            Number of Constraints : 0
 
::[PythonSolver]:: : Finished reading model part. 
Read materials: Started
Read materials: Finished
::[MechanicalSolver]:: : Constitutive law was successfully imported. 
::[MechanicalSolver]::: ModelPart prepared for Solver. 
::[MechanicalSolver]:: : DOF's ADDED 
::[MechanicalSolver]:: : Initializing ... 
Importing    LinearSolversApplication 
    Kratos  _     _                       ____        _
           | |   (_)_ __   ___  __ _ _ __/ ___|  ___ | |_   _____ _ __ ___
           | |   | | '_ \ / _ \/ _` | '__\___ \ / _ \| \ \ / / _ \ '__/ __|
           | |___| | | | |  __/ (_| | |   ___) | (_) | |\ V /  __/ |  \__ \
           |_____|_|_| |_|\___|\__,_|_|  |____/ \___/|_| \_/ \___|_|  |___/
Initializing KratosLinearSolversApplication...
Linear-Solver-Factory: Constructing a regular (non-complex) linear-solver 
::[MechanicalSolver]:: : Finished initialization. 
Analysis: Analysis -START-  
Deregistering KratosMultiphysics
Deregistering ConstitutiveLawsApplication
Deregistering LinearSolversApplication
Deregistering StructuralMechanicsApplication
