kernel,epsilon,ridge,cv_rel_l2
gaussian,1.0000000000000000e-02,1.0000000000000000e-10,1.5174987103367901e-01
gaussian,5.0000000000000003e-02,1.0000000000000000e-10,1.0170274771611984e-01
gaussian,1.0000000000000001e-01,1.0000000000000000e-10,7.5527596359009530e-01
gaussian,2.5000000000000000e-01,1.0000000000000000e-10,1.4001290335550035e-01
gaussian,5.0000000000000000e-01,1.0000000000000000e-10,9.1839414530307563e-03
gaussian,1.0000000000000000e+00,1.0000000000000000e-10,3.7707746217573298e-04
gaussian,2.0000000000000000e+00,1.0000000000000000e-10,9.5226434153698560e-05
gaussian,5.0000000000000000e+00,1.0000000000000000e-10,2.4379784463862074e-03
