kernel,epsilon,ridge,cv_rel_l2
gaussian,1.8000000000000000e+00,1.0000000000000000e-10,4.4120680862416893e-05
gaussian,2.0000000000000000e+00,1.0000000000000000e-10,3.4402129557805741e-05
gaussian,2.2000000000000002e+00,1.0000000000000000e-10,3.2682531970016313e-05
