kernel,epsilon,ridge,cv_rel_l2
gaussian,1.0000000000000000e-02,1.0000000000000000e-10,1.7801730001568306e-01
gaussian,5.0000000000000003e-02,1.0000000000000000e-10,1.6950414492461280e-01
gaussian,1.0000000000000001e-01,1.0000000000000000e-10,1.6896188080896352e-01
gaussian,2.5000000000000000e-01,1.0000000000000000e-10,5.6057072175545106e-02
gaussian,5.0000000000000000e-01,1.0000000000000000e-10,1.6819238023574535e-02
gaussian,1.0000000000000000e+00,1.0000000000000000e-10,4.7703774165838464e-04
gaussian,2.0000000000000000e+00,1.0000000000000000e-10,1.0981128416417904e-04
gaussian,5.0000000000000000e+00,1.0000000000000000e-10,2.0540353395142965e-03
