global_epoch,phase_epoch,phase,loss,best_loss,lr
0,0,adam,0.0009395299130119383,0.0009395299130119383,2.980000000000002e-05
1,0,lbfgs,0.0009393348009325564,0.0009393348009325564,0.0005
