global_epoch,phase_epoch,phase,loss,best_loss,lr
0,0,adam,65.62569427490234,65.62569427490234,0.001
1,1,adam,65.27428436279297,65.27428436279297,0.001
2,2,adam,64.92438507080078,64.92438507080078,0.001
