{
  "settings": {
    "strain_path": [
      [
        0.0,
        0.0,
        0.0
      ],
      [
        0.2,
        0.0,
        0.0
      ]
    ],
    "reference_amplitude": 0.2,
    "reference_steps": 30,
    "max_its": 25,
    "mesh_ann": "rve_geometry_stage_9_hprom_ann_data_ls_z_union_hrom",
    "mesh_rbf": "rve_geometry_stage_9_hprom_rbf_data_z_union_hrom"
  },
  "ann_ls": {
    "n_steps": 30,
    "newton_iters_total": 136,
    "newton_iters_mean_per_step": 4.533333333333333,
    "newton_iters_max_per_step": 15,
    "map": 2.2603607540222583,
    "assembly": 1.868987345998903,
    "projection": 0.013343247006559977,
    "solve": 0.0046470820052491035,
    "full_sync": 0.07643319200360565,
    "accounted": 4.223771621036576,
    "other": 7.922547840964398,
    "total": 12.146319462000974,
    "mean_time_per_newton_iter": 0.08931117251471304,
    "mean_map_time_per_newton_iter": 0.01662029966192837
  },
  "rbf": {
    "n_steps": 30,
    "newton_iters_total": 69,
    "newton_iters_mean_per_step": 2.3,
    "newton_iters_max_per_step": 3,
    "map": 0.02385775798757095,
    "assembly": 0.11485170901141828,
    "projection": 0.007562721006252104,
    "solve": 0.00122508199638105,
    "full_sync": 0.0566157740104245,
    "accounted": 0.20411304401204688,
    "other": 1.3622356659871002,
    "total": 1.566348709999147,
    "mean_time_per_newton_iter": 0.022700705942016626,
    "mean_map_time_per_newton_iter": 0.000345764608515521
  },
  "ratios": {
    "total_time_ann_over_rbf": 7.754543662252314,
    "iters_ann_over_rbf": 1.9710144927536233,
    "mean_iter_time_ann_over_rbf": 3.9342905345250707,
    "mean_map_iter_time_ann_over_rbf": 48.06825005394473
  }
}