# vtk DataFile Version 4.0
vtk output
ASCII
DATASET UNSTRUCTURED_GRID
POINTS 4225 float
0.0000000e+00 0.0000000e+00 0.0000000e+00 
0.0000000e+00 6.8750000e-01 0.0000000e+00 
7.5000000e-01 6.8750000e-01 0.0000000e+00 
0.0000000e+00 1.3750000e+00 0.0000000e+00 
7.5000000e-01 1.3743805e+00 0.0000000e+00 
1.5000000e+00 1.3750000e+00 0.0000000e+00 
0.0000000e+00 2.0625000e+00 0.0000000e+00 
7.5000000e-01 2.0606689e+00 0.0000000e+00 
1.5000000e+00 2.0606689e+00 0.0000000e+00 
0.0000000e+00 2.7500000e+00 0.0000000e+00 
7.5000000e-01 2.7463846e+00 0.0000000e+00 
2.2500000e+00 2.0625000e+00 0.0000000e+00 
1.5000000e+00 2.7452102e+00 0.0000000e+00 
0.0000000e+00 3.4375000e+00 0.0000000e+00 
7.5000000e-01 3.4315462e+00 0.0000000e+00 
2.2500000e+00 2.7463846e+00 0.0000000e+00 
1.5000000e+00 3.4286602e+00 0.0000000e+00 
3.0000000e+00 2.7500000e+00 0.0000000e+00 
2.2500000e+00 3.4286602e+00 0.0000000e+00 
0.0000000e+00 4.1250000e+00 0.0000000e+00 
7.5000000e-01 4.1161733e+00 0.0000000e+00 
1.5000000e+00 4.1110554e+00 0.0000000e+00 
3.0000000e+00 3.4315462e+00 0.0000000e+00 
2.2500000e+00 4.1093793e+00 0.0000000e+00 
0.0000000e+00 4.8125000e+00 0.0000000e+00 
7.5000000e-01 4.8002844e+00 0.0000000e+00 
1.5000000e+00 4.7924318e+00 0.0000000e+00 
3.7500000e+00 3.4375000e+00 0.0000000e+00 
3.0000000e+00 4.1110554e+00 0.0000000e+00 
2.2500000e+00 4.7885928e+00 0.0000000e+00 
0.0000000e+00 5.5000000e+00 0.0000000e+00 
7.5000000e-01 5.4838991e+00 0.0000000e+00 
3.7500000e+00 4.1161733e+00 0.0000000e+00 
3.0000000e+00 4.7885928e+00 0.0000000e+00 
1.5000000e+00 5.4728260e+00 0.0000000e+00 
2.2500000e+00 5.4663534e+00 0.0000000e+00 
3.7500000e+00 4.7924318e+00 0.0000000e+00 
4.5000000e+00 4.1250000e+00 0.0000000e+00 
0.0000000e+00 6.1875000e+00 0.0000000e+00 
7.5000000e-01 6.1670365e+00 0.0000000e+00 
3.0000000e+00 5.4642248e+00 0.0000000e+00 
1.5000000e+00 6.1522746e+00 0.0000000e+00 
2.2500000e+00 6.1427131e+00 0.0000000e+00 
4.5000000e+00 4.8002844e+00 0.0000000e+00 
3.7500000e+00 5.4663534e+00 0.0000000e+00 
3.0000000e+00 6.1380167e+00 0.0000000e+00 
0.0000000e+00 6.8750000e+00 0.0000000e+00 
7.5000000e-01 6.8497152e+00 0.0000000e+00 
1.5000000e+00 6.8308134e+00 0.0000000e+00 
4.5000000e+00 5.4728260e+00 0.0000000e+00 
5.2500000e+00 4.8125000e+00 0.0000000e+00 
2.2500000e+00 6.8177233e+00 0.0000000e+00 
3.7500000e+00 6.1380167e+00 0.0000000e+00 
3.0000000e+00 6.8100343e+00 0.0000000e+00 
0.0000000e+00 7.5625000e+00 0.0000000e+00 
7.5000000e-01 7.5319548e+00 0.0000000e+00 
5.2500000e+00 5.4838991e+00 0.0000000e+00 
4.5000000e+00 6.1427131e+00 0.0000000e+00 
1.5000000e+00 7.5084791e+00 0.0000000e+00 
3.7500000e+00 6.8074989e+00 0.0000000e+00 
2.2500000e+00 7.4914360e+00 0.0000000e+00 
3.0000000e+00 7.4803433e+00 0.0000000e+00 
5.2500000e+00 6.1522746e+00 0.0000000e+00 
6.0000000e+00 5.5000000e+00 0.0000000e+00 
4.5000000e+00 6.8100343e+00 0.0000000e+00 
7.5000000e-01 8.2137747e+00 0.0000000e+00 
0.0000000e+00 8.2500000e+00 0.0000000e+00 
1.5000000e+00 8.1853085e+00 0.0000000e+00 
3.7500000e+00 7.4748783e+00 0.0000000e+00 
2.2500000e+00 8.1639032e+00 0.0000000e+00 
6.0000000e+00 6.1670365e+00 0.0000000e+00 
5.2500000e+00 6.8177233e+00 0.0000000e+00 
3.0000000e+00 8.1490097e+00 0.0000000e+00 
4.5000000e+00 7.4748783e+00 0.0000000e+00 
7.5000000e-01 8.8951931e+00 0.0000000e+00 
0.0000000e+00 8.9375000e+00 0.0000000e+00 
3.7500000e+00 8.1402321e+00 0.0000000e+00 
1.5000000e+00 8.8613377e+00 0.0000000e+00 
6.0000000e+00 6.8308134e+00 0.0000000e+00 
2.2500000e+00 8.8351774e+00 0.0000000e+00 
5.2500000e+00 7.4803433e+00 0.0000000e+00 
6.7500000e+00 6.1875000e+00 0.0000000e+00 
4.5000000e+00 8.1373329e+00 0.0000000e+00 
3.0000000e+00 8.8160992e+00 0.0000000e+00 
3.7500000e+00 8.8036394e+00 0.0000000e+00 
6.0000000e+00 7.4914360e+00 0.0000000e+00 
7.5000000e-01 9.5762291e+00 0.0000000e+00 
6.7500000e+00 6.8497152e+00 0.0000000e+00 
0.0000000e+00 9.6250000e+00 0.0000000e+00 
1.5000000e+00 9.5366030e+00 0.0000000e+00 
5.2500000e+00 8.1402321e+00 0.0000000e+00 
2.2500000e+00 9.5053091e+00 0.0000000e+00 
4.5000000e+00 8.7974873e+00 0.0000000e+00 
3.0000000e+00 9.4816761e+00 0.0000000e+00 
6.7500000e+00 7.5084791e+00 0.0000000e+00 
6.0000000e+00 8.1490097e+00 0.0000000e+00 
7.5000000e+00 6.8750000e+00 0.0000000e+00 
3.7500000e+00 9.4651766e+00 0.0000000e+00 
5.2500000e+00 8.7974873e+00 0.0000000e+00 
7.5000000e-01 1.0256903e+01 0.0000000e+00 
0.0000000e+00 1.0312500e+01 0.0000000e+00 
1.5000000e+00 1.0211140e+01 0.0000000e+00 
2.2500000e+00 1.0174351e+01 0.0000000e+00 
4.5000000e+00 9.4554300e+00 0.0000000e+00 
3.0000000e+00 1.0145808e+01 0.0000000e+00 
6.7500000e+00 8.1639032e+00 0.0000000e+00 
7.5000000e+00 7.5319548e+00 0.0000000e+00 
6.0000000e+00 8.8036394e+00 0.0000000e+00 
3.7500000e+00 1.0124923e+01 0.0000000e+00 
5.2500000e+00 9.4522066e+00 0.0000000e+00 
7.5000000e-01 1.0937233e+01 0.0000000e+00 
1.5000000e+00 1.0884987e+01 0.0000000e+00 
0.0000000e+00 1.1000000e+01 0.0000000e+00 
4.5000000e+00 1.0111249e+01 0.0000000e+00 
2.2500000e+00 1.0842356e+01 0.0000000e+00 
7.5000000e+00 8.1853085e+00 0.0000000e+00 
6.7500000e+00 8.8160992e+00 0.0000000e+00 
8.2500000e+00 7.5625000e+00 0.0000000e+00 
6.0000000e+00 9.4554300e+00 0.0000000e+00 
3.0000000e+00 1.0808560e+01 0.0000000e+00 
5.2500000e+00 1.0104487e+01 0.0000000e+00 
3.7500000e+00 1.0782955e+01 0.0000000e+00 
7.5000000e+00 8.8351774e+00 0.0000000e+00 
6.7500000e+00 9.4651766e+00 0.0000000e+00 
7.5000000e-01 1.1617238e+01 0.0000000e+00 
8.2500000e+00 8.2137747e+00 0.0000000e+00 
1.5000000e+00 1.1558178e+01 0.0000000e+00 
4.5000000e+00 1.0765033e+01 0.0000000e+00 
0.0000000e+00 1.1687500e+01 0.0000000e+00 
2.2500000e+00 1.1509374e+01 0.0000000e+00 
6.0000000e+00 1.0104487e+01 0.0000000e+00 
3.0000000e+00 1.1469998e+01 0.0000000e+00 
5.2500000e+00 1.0754426e+01 0.0000000e+00 
3.7500000e+00 1.1439353e+01 0.0000000e+00 
7.5000000e+00 9.4816761e+00 0.0000000e+00 
8.2500000e+00 8.8613377e+00 0.0000000e+00 
6.7500000e+00 1.0111249e+01 0.0000000e+00 
9.0000000e+00 8.2500000e+00 0.0000000e+00 
4.5000000e+00 1.1416870e+01 0.0000000e+00 
6.0000000e+00 1.0750916e+01 0.0000000e+00 
7.5000000e-01 1.2296938e+01 0.0000000e+00 
1.5000000e+00 1.2230751e+01 0.0000000e+00 
0.0000000e+00 1.2375000e+01 0.0000000e+00 
2.2500000e+00 1.2175457e+01 0.0000000e+00 
3.0000000e+00 1.2130187e+01 0.0000000e+00 
5.2500000e+00 1.1402122e+01 0.0000000e+00 
8.2500000e+00 9.5053091e+00 0.0000000e+00 
7.5000000e+00 1.0124923e+01 0.0000000e+00 
9.0000000e+00 8.8951931e+00 0.0000000e+00 
3.7500000e+00 1.2094192e+01 0.0000000e+00 
6.7500000e+00 1.0754426e+01 0.0000000e+00 
6.0000000e+00 1.1394820e+01 0.0000000e+00 
4.5000000e+00 1.2066850e+01 0.0000000e+00 
1.5000000e+00 1.2902742e+01 0.0000000e+00 
7.5000000e-01 1.2976351e+01 0.0000000e+00 
2.2500000e+00 1.2840659e+01 0.0000000e+00 
0.0000000e+00 1.3062500e+01 0.0000000e+00 
8.2500000e+00 1.0145808e+01 0.0000000e+00 
9.0000000e+00 9.5366030e+00 0.0000000e+00 
7.5000000e+00 1.0765033e+01 0.0000000e+00 
3.0000000e+00 1.2789193e+01 0.0000000e+00 
5.2500000e+00 1.2047672e+01 0.0000000e+00 
9.7500000e+00 8.9375000e+00 0.0000000e+00 
6.7500000e+00 1.1394820e+01 0.0000000e+00 
3.7500000e+00 1.2747551e+01 0.0000000e+00 
6.0000000e+00 1.2036307e+01 0.0000000e+00 
4.5000000e+00 1.2715059e+01 0.0000000e+00 
8.2500000e+00 1.0782955e+01 0.0000000e+00 
9.0000000e+00 1.0174351e+01 0.0000000e+00 
7.5000000e+00 1.1402122e+01 0.0000000e+00 
1.5000000e+00 1.3574187e+01 0.0000000e+00 
9.7500000e+00 9.5762291e+00 0.0000000e+00 
7.5000000e-01 1.3655497e+01 0.0000000e+00 
2.2500000e+00 1.3505031e+01 0.0000000e+00 
5.2500000e+00 1.2691174e+01 0.0000000e+00 
0.0000000e+00 1.3750000e+01 0.0000000e+00 
3.0000000e+00 1.3447083e+01 0.0000000e+00 
6.7500000e+00 1.2032543e+01 0.0000000e+00 
3.7500000e+00 1.3399508e+01 0.0000000e+00 
6.0000000e+00 1.2675481e+01 0.0000000e+00 
9.0000000e+00 1.0808560e+01 0.0000000e+00 
8.2500000e+00 1.1416870e+01 0.0000000e+00 
4.5000000e+00 1.3361588e+01 0.0000000e+00 
9.7500000e+00 1.0211140e+01 0.0000000e+00 
7.5000000e+00 1.2036307e+01 0.0000000e+00 
1.0500000e+01 9.6250000e+00 0.0000000e+00 
1.5000000e+00 1.4245124e+01 0.0000000e+00 
5.2500000e+00 1.3332725e+01 0.0000000e+00 
2.2500000e+00 1.4168624e+01 0.0000000e+00 
6.7500000e+00 1.2667705e+01 0.0000000e+00 
7.5000000e-01 1.4334394e+01 0.0000000e+00 
3.0000000e+00 1.4103920e+01 0.0000000e+00 
0.0000000e+00 1.4437500e+01 0.0000000e+00 
3.7500000e+00 1.4050141e+01 0.0000000e+00 
9.0000000e+00 1.1439353e+01 0.0000000e+00 
9.7500000e+00 1.0842356e+01 0.0000000e+00 
8.2500000e+00 1.2047672e+01 0.0000000e+00 
6.0000000e+00 1.3312447e+01 0.0000000e+00 
1.0500000e+01 1.0256903e+01 0.0000000e+00 
4.5000000e+00 1.4006524e+01 0.0000000e+00 
7.5000000e+00 1.2667705e+01 0.0000000e+00 
6.7500000e+00 1.3300416e+01 0.0000000e+00 
5.2500000e+00 1.3972422e+01 0.0000000e+00 
1.5000000e+00 1.4915586e+01 0.0000000e+00 
2.2500000e+00 1.4831490e+01 0.0000000e+00 
7.5000000e-01 1.5013062e+01 0.0000000e+00 
9.0000000e+00 1.2066850e+01 0.0000000e+00 
9.7500000e+00 1.1469998e+01 0.0000000e+00 
3.0000000e+00 1.4759772e+01 0.0000000e+00 
8.2500000e+00 1.2675481e+01 0.0000000e+00 
1.0500000e+01 1.0884987e+01 0.0000000e+00 
0.0000000e+00 1.5125000e+01 0.0000000e+00 
3.7500000e+00 1.4699529e+01 0.0000000e+00 
6.0000000e+00 1.3947309e+01 0.0000000e+00 
1.1250000e+01 1.0312500e+01 0.0000000e+00 
7.5000000e+00 1.3296429e+01 0.0000000e+00 
4.5000000e+00 1.4649956e+01 0.0000000e+00 
6.7500000e+00 1.3930791e+01 0.0000000e+00 
5.2500000e+00 1.4610363e+01 0.0000000e+00 
9.7500000e+00 1.2094192e+01 0.0000000e+00 
9.0000000e+00 1.2691174e+01 0.0000000e+00 
1.0500000e+01 1.1509374e+01 0.0000000e+00 
8.2500000e+00 1.3300416e+01 0.0000000e+00 
2.2500000e+00 1.5493682e+01 0.0000000e+00 
1.5000000e+00 1.5585613e+01 0.0000000e+00 
1.1250000e+01 1.0937233e+01 0.0000000e+00 
3.0000000e+00 1.5414704e+01 0.0000000e+00 
7.5000000e-01 1.5691521e+01 0.0000000e+00 
6.0000000e+00 1.4580174e+01 0.0000000e+00 
3.7500000e+00 1.5347747e+01 0.0000000e+00 
0.0000000e+00 1.5812500e+01 0.0000000e+00 
7.5000000e+00 1.3922598e+01 0.0000000e+00 
4.5000000e+00 1.5291972e+01 0.0000000e+00 
9.7500000e+00 1.2715059e+01 0.0000000e+00 
1.0500000e+01 1.2130187e+01 0.0000000e+00 
6.7500000e+00 1.4558938e+01 0.0000000e+00 
9.0000000e+00 1.3312447e+01 0.0000000e+00 
5.2500000e+00 1.5246646e+01 0.0000000e+00 
1.1250000e+01 1.1558178e+01 0.0000000e+00 
8.2500000e+00 1.3922598e+01 0.0000000e+00 
1.2000000e+01 1.1000000e+01 0.0000000e+00 
2.2500000e+00 1.6155251e+01 0.0000000e+00 
1.5000000e+00 1.6255239e+01 0.0000000e+00 
3.0000000e+00 1.6068781e+01 0.0000000e+00 
6.0000000e+00 1.5211147e+01 0.0000000e+00 
7.5000000e+00 1.4546328e+01 0.0000000e+00 
7.5000000e-01 1.6369787e+01 0.0000000e+00 
3.7500000e+00 1.5994875e+01 0.0000000e+00 
0.0000000e+00 1.6500000e+01 0.0000000e+00 
1.0500000e+01 1.2747551e+01 0.0000000e+00 
9.7500000e+00 1.3332725e+01 0.0000000e+00 
4.5000000e+00 1.5932661e+01 0.0000000e+00 
1.1250000e+01 1.2175457e+01 0.0000000e+00 
9.0000000e+00 1.3930791e+01 0.0000000e+00 
6.7500000e+00 1.5184971e+01 0.0000000e+00 
1.2000000e+01 1.1617238e+01 0.0000000e+00 
8.2500000e+00 1.4542146e+01 0.0000000e+00 
5.2500000e+00 1.5881369e+01 0.0000000e+00 
7.5000000e+00 1.5167734e+01 0.0000000e+00 
6.0000000e+00 1.5840332e+01 0.0000000e+00 
2.2500000e+00 1.6816248e+01 0.0000000e+00 
3.0000000e+00 1.6722071e+01 0.0000000e+00 
1.5000000e+00 1.6924503e+01 0.0000000e+00 
1.0500000e+01 1.3361588e+01 0.0000000e+00 
9.7500000e+00 1.3947309e+01 0.0000000e+00 
1.1250000e+01 1.2789193e+01 0.0000000e+00 
3.7500000e+00 1.6640991e+01 0.0000000e+00 
7.5000000e-01 1.7047884e+01 0.0000000e+00 
9.0000000e+00 1.4546328e+01 0.0000000e+00 
1.2000000e+01 1.2230751e+01 0.0000000e+00 
4.5000000e+00 1.6572111e+01 0.0000000e+00 
0.0000000e+00 1.7187500e+01 0.0000000e+00 
6.7500000e+00 1.5808999e+01 0.0000000e+00 
8.2500000e+00 1.5159180e+01 0.0000000e+00 
1.2750000e+01 1.1687500e+01 0.0000000e+00 
5.2500000e+00 1.6514627e+01 0.0000000e+00 
7.5000000e+00 1.5786932e+01 0.0000000e+00 
1.0500000e+01 1.3972422e+01 0.0000000e+00 
1.1250000e+01 1.3399508e+01 0.0000000e+00 
9.7500000e+00 1.4558938e+01 0.0000000e+00 
6.0000000e+00 1.6467834e+01 0.0000000e+00 
1.2000000e+01 1.2840659e+01 0.0000000e+00 
2.2500000e+00 1.7476728e+01 0.0000000e+00 
9.0000000e+00 1.5159180e+01 0.0000000e+00 
3.0000000e+00 1.7374638e+01 0.0000000e+00 
1.5000000e+00 1.7593439e+01 0.0000000e+00 
3.7500000e+00 1.7286171e+01 0.0000000e+00 
1.2750000e+01 1.2296938e+01 0.0000000e+00 
7.5000000e-01 1.7725826e+01 0.0000000e+00 
6.7500000e+00 1.6431133e+01 0.0000000e+00 
4.5000000e+00 1.7210411e+01 0.0000000e+00 
8.2500000e+00 1.5773819e+01 0.0000000e+00 
0.0000000e+00 1.7875000e+01 0.0000000e+00 
5.2500000e+00 1.7146521e+01 0.0000000e+00 
1.1250000e+01 1.4006524e+01 0.0000000e+00 
1.0500000e+01 1.4580174e+01 0.0000000e+00 
1.2000000e+01 1.3447083e+01 0.0000000e+00 
9.7500000e+00 1.5167734e+01 0.0000000e+00 
7.5000000e+00 1.6404039e+01 0.0000000e+00 
6.0000000e+00 1.7093760e+01 0.0000000e+00 
1.2750000e+01 1.2902742e+01 0.0000000e+00 
9.0000000e+00 1.5769469e+01 0.0000000e+00 
3.0000000e+00 1.8026546e+01 0.0000000e+00 
2.2500000e+00 1.8136740e+01 0.0000000e+00 
1.3500000e+01 1.2375000e+01 0.0000000e+00 
3.7500000e+00 1.7930496e+01 0.0000000e+00 
1.5000000e+00 1.8262083e+01 0.0000000e+00 
6.7500000e+00 1.7051489e+01 0.0000000e+00 
8.2500000e+00 1.6386185e+01 0.0000000e+00 
4.5000000e+00 1.7847649e+01 0.0000000e+00 
7.5000000e-01 1.8403635e+01 0.0000000e+00 
1.1250000e+01 1.4610363e+01 0.0000000e+00 
1.0500000e+01 1.5184971e+01 0.0000000e+00 
1.2000000e+01 1.4050141e+01 0.0000000e+00 
5.2500000e+00 1.7777147e+01 0.0000000e+00 
9.7500000e+00 1.5773819e+01 0.0000000e+00 
0.0000000e+00 1.8562500e+01 0.0000000e+00 
1.2750000e+01 1.3505031e+01 0.0000000e+00 
7.5000000e+00 1.7019173e+01 0.0000000e+00 
9.0000000e+00 1.6377317e+01 0.0000000e+00 
6.0000000e+00 1.7718214e+01 0.0000000e+00 
1.3500000e+01 1.2976351e+01 0.0000000e+00 
8.2500000e+00 1.6996393e+01 0.0000000e+00 
6.7500000e+00 1.7670174e+01 0.0000000e+00 
3.0000000e+00 1.8677864e+01 0.0000000e+00 
1.1250000e+01 1.5211147e+01 0.0000000e+00 
2.2500000e+00 1.8796337e+01 0.0000000e+00 
1.2000000e+01 1.4649956e+01 0.0000000e+00 
3.7500000e+00 1.8574041e+01 0.0000000e+00 
1.0500000e+01 1.5786932e+01 0.0000000e+00 
1.5000000e+00 1.8930471e+01 0.0000000e+00 
1.2750000e+01 1.4103920e+01 0.0000000e+00 
4.5000000e+00 1.8483915e+01 0.0000000e+00 
9.7500000e+00 1.6377317e+01 0.0000000e+00 
7.5000000e-01 1.9081329e+01 0.0000000e+00 
5.2500000e+00 1.8406603e+01 0.0000000e+00 
1.3500000e+01 1.3574187e+01 0.0000000e+00 
7.5000000e+00 1.7632446e+01 0.0000000e+00 
9.0000000e+00 1.6982847e+01 0.0000000e+00 
0.0000000e+00 1.9250000e+01 0.0000000e+00 
6.0000000e+00 1.8341301e+01 0.0000000e+00 
1.4250000e+01 1.3062500e+01 0.0000000e+00 
1.2000000e+01 1.5246646e+01 0.0000000e+00 
1.1250000e+01 1.5808999e+01 0.0000000e+00 
8.2500000e+00 1.7604568e+01 0.0000000e+00 
1.2750000e+01 1.4699529e+01 0.0000000e+00 
1.0500000e+01 1.6386185e+01 0.0000000e+00 
6.7500000e+00 1.8287298e+01 0.0000000e+00 
3.0000000e+00 1.9328655e+01 0.0000000e+00 
1.3500000e+01 1.4168624e+01 0.0000000e+00 
9.7500000e+00 1.6978354e+01 0.0000000e+00 
3.7500000e+00 1.9216885e+01 0.0000000e+00 
2.2500000e+00 1.9455570e+01 0.0000000e+00 
4.5000000e+00 1.9119295e+01 0.0000000e+00 
1.5000000e+00 1.9598644e+01 0.0000000e+00 
7.5000000e+00 1.8243979e+01 0.0000000e+00 
1.4250000e+01 1.3655497e+01 0.0000000e+00 
5.2500000e+00 1.9034985e+01 0.0000000e+00 
9.0000000e+00 1.7586180e+01 0.0000000e+00 
7.5000000e-01 1.9758928e+01 0.0000000e+00 
1.2000000e+01 1.5840332e+01 0.0000000e+00 
6.0000000e+00 1.8963125e+01 0.0000000e+00 
1.1250000e+01 1.6404039e+01 0.0000000e+00 
1.2750000e+01 1.5291972e+01 0.0000000e+00 
0.0000000e+00 1.9937500e+01 0.0000000e+00 
1.0500000e+01 1.6982847e+01 0.0000000e+00 
8.2500000e+00 1.8210827e+01 0.0000000e+00 
1.3500000e+01 1.4759772e+01 0.0000000e+00 
6.7500000e+00 1.8902977e+01 0.0000000e+00 
9.7500000e+00 1.7577047e+01 0.0000000e+00 
1.4250000e+01 1.4245124e+01 0.0000000e+00 
3.0000000e+00 1.9978989e+01 0.0000000e+00 
3.7500000e+00 1.9859106e+01 0.0000000e+00 
2.2500000e+00 2.0114492e+01 0.0000000e+00 
4.5000000e+00 1.9753878e+01 0.0000000e+00 
7.5000000e+00 1.8853882e+01 0.0000000e+00 
9.0000000e+00 1.8187439e+01 0.0000000e+00 
1.5000000e+00 2.0266634e+01 0.0000000e+00 
1.2000000e+01 1.6431133e+01 0.0000000e+00 
1.5000000e+01 1.3750000e+01 0.0000000e+00 
5.2500000e+00 1.9662390e+01 0.0000000e+00 
1.2750000e+01 1.5881369e+01 0.0000000e+00 
1.1250000e+01 1.6996393e+01 0.0000000e+00 
1.3500000e+01 1.5347747e+01 0.0000000e+00 
7.5000000e-01 2.0436451e+01 0.0000000e+00 
1.0500000e+01 1.7577047e+01 0.0000000e+00 
6.0000000e+00 1.9583794e+01 0.0000000e+00 
8.2500000e+00 1.8815289e+01 0.0000000e+00 
1.4250000e+01 1.4831490e+01 0.0000000e+00 
9.7500000e+00 1.8173525e+01 0.0000000e+00 
0.0000000e+00 2.0625000e+01 0.0000000e+00 
6.7500000e+00 1.9517319e+01 0.0000000e+00 
1.5000000e+01 1.4334394e+01 0.0000000e+00 
1.2000000e+01 1.7019173e+01 0.0000000e+00 
1.2750000e+01 1.6467834e+01 0.0000000e+00 
9.0000000e+00 1.8786745e+01 0.0000000e+00 
3.7500000e+00 2.0500782e+01 0.0000000e+00 
3.0000000e+00 2.0628925e+01 0.0000000e+00 
7.5000000e+00 1.9462276e+01 0.0000000e+00 
1.1250000e+01 1.7586180e+01 0.0000000e+00 
4.5000000e+00 2.0387754e+01 0.0000000e+00 
1.3500000e+01 1.5932661e+01 0.0000000e+00 
2.2500000e+00 2.0773155e+01 0.0000000e+00 
5.2500000e+00 2.0288919e+01 0.0000000e+00 
1.0500000e+01 1.8168905e+01 0.0000000e+00 
1.5000000e+00 2.0934477e+01 0.0000000e+00 
1.4250000e+01 1.5414704e+01 0.0000000e+00 
6.0000000e+00 2.0203411e+01 0.0000000e+00 
8.2500000e+00 1.9418076e+01 0.0000000e+00 
7.5000000e-01 2.1113914e+01 0.0000000e+00 
9.7500000e+00 1.8767906e+01 0.0000000e+00 
1.5000000e+01 1.4915586e+01 0.0000000e+00 
6.7500000e+00 2.0130436e+01 0.0000000e+00 
1.2750000e+01 1.7051489e+01 0.0000000e+00 
1.2000000e+01 1.7604568e+01 0.0000000e+00 
0.0000000e+00 2.1312500e+01 0.0000000e+00 
1.3500000e+01 1.6514627e+01 0.0000000e+00 
1.5750000e+01 1.4437500e+01 0.0000000e+00 
9.0000000e+00 1.9384220e+01 0.0000000e+00 
1.1250000e+01 1.8173525e+01 0.0000000e+00 
1.4250000e+01 1.5994875e+01 0.0000000e+00 
7.5000000e+00 2.0069279e+01 0.0000000e+00 
3.7500000e+00 2.1141991e+01 0.0000000e+00 
3.0000000e+00 2.1278534e+01 0.0000000e+00 
4.5000000e+00 2.1021011e+01 0.0000000e+00 
1.0500000e+01 1.8758547e+01 0.0000000e+00 
2.2500000e+00 2.1431610e+01 0.0000000e+00 
5.2500000e+00 2.0914667e+01 0.0000000e+00 
1.5000000e+01 1.5493682e+01 0.0000000e+00 
8.2500000e+00 2.0019306e+01 0.0000000e+00 
1.5000000e+00 2.1602213e+01 0.0000000e+00 
6.0000000e+00 2.0822083e+01 0.0000000e+00 
9.7500000e+00 1.9360319e+01 0.0000000e+00 
1.5750000e+01 1.5013062e+01 0.0000000e+00 
1.2750000e+01 1.7632446e+01 0.0000000e+00 
1.3500000e+01 1.7093760e+01 0.0000000e+00 
1.2000000e+01 1.8187439e+01 0.0000000e+00 
7.5000000e-01 2.1791342e+01 0.0000000e+00 
6.7500000e+00 2.0742441e+01 0.0000000e+00 
1.4250000e+01 1.6572111e+01 0.0000000e+00 
1.1250000e+01 1.8758547e+01 0.0000000e+00 
9.0000000e+00 1.9979986e+01 0.0000000e+00 
1.5000000e+01 1.6068781e+01 0.0000000e+00 
7.5000000e+00 2.0675001e+01 0.0000000e+00 
0.0000000e+00 2.2000000e+01 0.0000000e+00 
1.0500000e+01 1.9346092e+01 0.0000000e+00 
3.7500000e+00 2.1782810e+01 0.0000000e+00 
4.5000000e+00 2.1653738e+01 0.0000000e+00 
3.0000000e+00 2.1927881e+01 0.0000000e+00 
1.5750000e+01 1.5585613e+01 0.0000000e+00 
5.2500000e+00 2.1539734e+01 0.0000000e+00 
2.2500000e+00 2.2089911e+01 0.0000000e+00 
9.7500000e+00 1.9950884e+01 0.0000000e+00 
8.2500000e+00 2.0619101e+01 0.0000000e+00 
1.2750000e+01 1.8210827e+01 0.0000000e+00 
1.3500000e+01 1.7670174e+01 0.0000000e+00 
6.0000000e+00 2.1439913e+01 0.0000000e+00 
1.2000000e+01 1.8767906e+01 0.0000000e+00 
1.4250000e+01 1.7146521e+01 0.0000000e+00 
1.5000000e+00 2.2269875e+01 0.0000000e+00 
1.1250000e+01 1.9341370e+01 0.0000000e+00 
1.6500000e+01 1.5125000e+01 0.0000000e+00 
6.7500000e+00 2.1353443e+01 0.0000000e+00 
1.5000000e+01 1.6640991e+01 0.0000000e+00 
9.0000000e+00 2.0574165e+01 0.0000000e+00 
7.5000000e-01 2.2468750e+01 0.0000000e+00 
1.0500000e+01 1.9931667e+01 0.0000000e+00 
1.5750000e+01 1.6155251e+01 0.0000000e+00 
7.5000000e+00 2.1279562e+01 0.0000000e+00 
0.0000000e+00 2.2687500e+01 0.0000000e+00 
1.3500000e+01 1.8243979e+01 0.0000000e+00 
1.2750000e+01 1.8786745e+01 0.0000000e+00 
3.7500000e+00 2.2423317e+01 0.0000000e+00 
4.5000000e+00 2.2286020e+01 0.0000000e+00 
9.7500000e+00 2.0539722e+01 0.0000000e+00 
1.4250000e+01 1.7718214e+01 0.0000000e+00 
8.2500000e+00 2.1217577e+01 0.0000000e+00 
1.2000000e+01 1.9346092e+01 0.0000000e+00 
1.6500000e+01 1.5691521e+01 0.0000000e+00 
3.0000000e+00 2.2577030e+01 0.0000000e+00 
5.2500000e+00 2.2164213e+01 0.0000000e+00 
1.5000000e+01 1.7210411e+01 0.0000000e+00 
6.0000000e+00 2.2057007e+01 0.0000000e+00 
2.2500000e+00 2.2748106e+01 0.0000000e+00 
1.1250000e+01 1.9922115e+01 0.0000000e+00 
1.5750000e+01 1.6722071e+01 0.0000000e+00 
6.7500000e+00 2.1963554e+01 0.0000000e+00 
1.5000000e+00 2.2937500e+01 0.0000000e+00 
9.0000000e+00 2.1166882e+01 0.0000000e+00 
1.0500000e+01 2.0515392e+01 0.0000000e+00 
7.5000000e+00 2.1883078e+01 0.0000000e+00 
1.3500000e+01 1.8815289e+01 0.0000000e+00 
7.5000000e-01 2.3146158e+01 0.0000000e+00 
1.6500000e+01 1.6255239e+01 0.0000000e+00 
1.2750000e+01 1.9360319e+01 0.0000000e+00 
1.4250000e+01 1.8287298e+01 0.0000000e+00 
1.2000000e+01 1.9922115e+01 0.0000000e+00 
1.5000000e+01 1.7777147e+01 0.0000000e+00 
9.7500000e+00 2.1126961e+01 0.0000000e+00 
8.2500000e+00 2.1814856e+01 0.0000000e+00 
4.5000000e+00 2.2917950e+01 0.0000000e+00 
3.7500000e+00 2.3063591e+01 0.0000000e+00 
0.0000000e+00 2.3375000e+01 0.0000000e+00 
1.1250000e+01 2.0500904e+01 0.0000000e+00 
5.2500000e+00 2.2788206e+01 0.0000000e+00 
1.5750000e+01 1.7286171e+01 0.0000000e+00 
1.7250000e+01 1.5812500e+01 0.0000000e+00 
3.0000000e+00 2.3226048e+01 0.0000000e+00 
6.0000000e+00 2.2673470e+01 0.0000000e+00 
2.2500000e+00 2.3406250e+01 0.0000000e+00 
9.0000000e+00 2.1758255e+01 0.0000000e+00 
1.6500000e+01 1.6816248e+01 0.0000000e+00 
6.7500000e+00 2.2572887e+01 0.0000000e+00 
1.0500000e+01 2.1097395e+01 0.0000000e+00 
1.3500000e+01 1.9384220e+01 0.0000000e+00 
1.4250000e+01 1.8853882e+01 0.0000000e+00 
1.5000000e+00 2.3605125e+01 0.0000000e+00 
1.2750000e+01 1.9931667e+01 0.0000000e+00 
1.5000000e+01 1.8341301e+01 0.0000000e+00 
7.5000000e+00 2.2485662e+01 0.0000000e+00 
1.2000000e+01 2.0496094e+01 0.0000000e+00 
1.7250000e+01 1.6369787e+01 0.0000000e+00 
9.7500000e+00 2.1712721e+01 0.0000000e+00 
1.5750000e+01 1.7847649e+01 0.0000000e+00 
7.5000000e-01 2.3823586e+01 0.0000000e+00 
8.2500000e+00 2.2411058e+01 0.0000000e+00 
1.1250000e+01 2.1077862e+01 0.0000000e+00 
1.6500000e+01 1.7374638e+01 0.0000000e+00 
4.5000000e+00 2.3549614e+01 0.0000000e+00 
5.2500000e+00 2.3411808e+01 0.0000000e+00 
3.7500000e+00 2.3703711e+01 0.0000000e+00 
6.0000000e+00 2.3289406e+01 0.0000000e+00 
0.0000000e+00 2.4062500e+01 0.0000000e+00 
3.0000000e+00 2.3875000e+01 0.0000000e+00 
1.4250000e+01 1.9418076e+01 0.0000000e+00 
1.0500000e+01 2.1677794e+01 0.0000000e+00 
1.3500000e+01 1.9950884e+01 0.0000000e+00 
9.0000000e+00 2.2348408e+01 0.0000000e+00 
1.5000000e+01 1.8902977e+01 0.0000000e+00 
1.2750000e+01 2.0500904e+01 0.0000000e+00 
6.7500000e+00 2.3181551e+01 0.0000000e+00 
1.7250000e+01 1.6924503e+01 0.0000000e+00 
2.2500000e+00 2.4064394e+01 0.0000000e+00 
1.5750000e+01 1.8406603e+01 0.0000000e+00 
1.2000000e+01 2.1068150e+01 0.0000000e+00 
7.5000000e+00 2.3087435e+01 0.0000000e+00 
1.5000000e+00 2.4272787e+01 0.0000000e+00 
9.7500000e+00 2.2297127e+01 0.0000000e+00 
1.6500000e+01 1.7930496e+01 0.0000000e+00 
1.1250000e+01 2.1653111e+01 0.0000000e+00 
1.8000000e+01 1.6500000e+01 0.0000000e+00 
8.2500000e+00 2.3006302e+01 0.0000000e+00 
7.5000000e-01 2.4501049e+01 0.0000000e+00 
1.4250000e+01 1.9979986e+01 0.0000000e+00 
1.7250000e+01 1.7476728e+01 0.0000000e+00 
1.3500000e+01 2.0515392e+01 0.0000000e+00 
1.5000000e+01 1.9462276e+01 0.0000000e+00 
4.5000000e+00 2.4181101e+01 0.0000000e+00 
5.2500000e+00 2.4035118e+01 0.0000000e+00 
1.0500000e+01 2.2256716e+01 0.0000000e+00 
1.2750000e+01 2.1068150e+01 0.0000000e+00 
3.7500000e+00 2.4343750e+01 0.0000000e+00 
9.0000000e+00 2.2937462e+01 0.0000000e+00 
6.0000000e+00 2.3904922e+01 0.0000000e+00 
1.5750000e+01 1.8963125e+01 0.0000000e+00 
3.0000000e+00 2.4523952e+01 0.0000000e+00 
6.7500000e+00 2.3789660e+01 0.0000000e+00 
1.2000000e+01 2.1638405e+01 0.0000000e+00 
0.0000000e+00 2.4750000e+01 0.0000000e+00 
1.6500000e+01 1.8483915e+01 0.0000000e+00 
1.8000000e+01 1.7047884e+01 0.0000000e+00 
2.2500000e+00 2.4722589e+01 0.0000000e+00 
7.5000000e+00 2.3688511e+01 0.0000000e+00 
9.7500000e+00 2.2880299e+01 0.0000000e+00 
1.1250000e+01 2.2226768e+01 0.0000000e+00 
1.7250000e+01 1.8026546e+01 0.0000000e+00 
1.5000000e+00 2.4940523e+01 0.0000000e+00 
1.4250000e+01 2.0539722e+01 0.0000000e+00 
8.2500000e+00 2.3600708e+01 0.0000000e+00 
1.5000000e+01 2.0019306e+01 0.0000000e+00 
1.3500000e+01 2.1077862e+01 0.0000000e+00 
1.5750000e+01 1.9517319e+01 0.0000000e+00 
1.2750000e+01 2.1633520e+01 0.0000000e+00 
1.0500000e+01 2.2834280e+01 0.0000000e+00 
1.8000000e+01 1.7593439e+01 0.0000000e+00 
9.0000000e+00 2.3525539e+01 0.0000000e+00 
7.5000000e-01 2.5178572e+01 0.0000000e+00 
1.6500000e+01 1.9034985e+01 0.0000000e+00 
5.2500000e+00 2.4658234e+01 0.0000000e+00 
4.5000000e+00 2.4812500e+01 0.0000000e+00 
1.2000000e+01 2.2206978e+01 0.0000000e+00 
6.0000000e+00 2.4520124e+01 0.0000000e+00 
3.7500000e+00 2.4983789e+01 0.0000000e+00 
6.7500000e+00 2.4397322e+01 0.0000000e+00 
1.7250000e+01 1.8574041e+01 0.0000000e+00 
3.0000000e+00 2.5172970e+01 0.0000000e+00 
9.7500000e+00 2.3462364e+01 0.0000000e+00 
7.5000000e+00 2.4289005e+01 0.0000000e+00 
1.1250000e+01 2.2798960e+01 0.0000000e+00 
1.8750000e+01 1.7187500e+01 0.0000000e+00 
0.0000000e+00 2.5437500e+01 0.0000000e+00 
1.4250000e+01 2.1097395e+01 0.0000000e+00 
1.5000000e+01 2.0574165e+01 0.0000000e+00 
2.2500000e+00 2.5380890e+01 0.0000000e+00 
1.3500000e+01 2.1638405e+01 0.0000000e+00 
1.5750000e+01 2.0069279e+01 0.0000000e+00 
1.8000000e+01 1.8136740e+01 0.0000000e+00 
8.2500000e+00 2.4194395e+01 0.0000000e+00 
1.2750000e+01 2.2197134e+01 0.0000000e+00 
1.6500000e+01 1.9583794e+01 0.0000000e+00 
1.5000000e+00 2.5608366e+01 0.0000000e+00 
1.0500000e+01 2.3410614e+01 0.0000000e+00 
9.0000000e+00 2.4112764e+01 0.0000000e+00 
1.2000000e+01 2.2773987e+01 0.0000000e+00 
1.7250000e+01 1.9119295e+01 0.0000000e+00 
1.8750000e+01 1.7725826e+01 0.0000000e+00 
5.2500000e+00 2.5281250e+01 0.0000000e+00 
4.5000000e+00 2.5443899e+01 0.0000000e+00 
6.0000000e+00 2.5135115e+01 0.0000000e+00 
7.5000000e-01 2.5856171e+01 0.0000000e+00 
3.7500000e+00 2.5623909e+01 0.0000000e+00 
6.7500000e+00 2.5004650e+01 0.0000000e+00 
1.5000000e+01 2.1126961e+01 0.0000000e+00 
1.4250000e+01 2.1653111e+01 0.0000000e+00 
1.1250000e+01 2.3369808e+01 0.0000000e+00 
1.8000000e+01 1.8677864e+01 0.0000000e+00 
9.7500000e+00 2.4043444e+01 0.0000000e+00 
1.5750000e+01 2.0619101e+01 0.0000000e+00 
1.3500000e+01 2.2197134e+01 0.0000000e+00 
7.5000000e+00 2.4889036e+01 0.0000000e+00 
3.0000000e+00 2.5822119e+01 0.0000000e+00 
1.6500000e+01 2.0130436e+01 0.0000000e+00 
1.2750000e+01 2.2759106e+01 0.0000000e+00 
8.2500000e+00 2.4787485e+01 0.0000000e+00 
0.0000000e+00 2.6125000e+01 0.0000000e+00 
2.2500000e+00 2.6039345e+01 0.0000000e+00 
1.7250000e+01 1.9662390e+01 0.0000000e+00 
1.8750000e+01 1.8262083e+01 0.0000000e+00 
1.0500000e+01 2.3985840e+01 0.0000000e+00 
1.2000000e+01 2.3339556e+01 0.0000000e+00 
9.0000000e+00 2.4699255e+01 0.0000000e+00 
1.5000000e+00 2.6276356e+01 0.0000000e+00 
1.8000000e+01 1.9216885e+01 0.0000000e+00 
1.5000000e+01 2.1677794e+01 0.0000000e+00 
1.5750000e+01 2.1166882e+01 0.0000000e+00 
1.4250000e+01 2.2206978e+01 0.0000000e+00 
5.2500000e+00 2.5904266e+01 0.0000000e+00 
6.0000000e+00 2.5750000e+01 0.0000000e+00 
1.1250000e+01 2.3939436e+01 0.0000000e+00 
1.6500000e+01 2.0675001e+01 0.0000000e+00 
1.9500000e+01 1.7875000e+01 0.0000000e+00 
1.3500000e+01 2.2754162e+01 0.0000000e+00 
4.5000000e+00 2.6075386e+01 0.0000000e+00 
9.7500000e+00 2.4623659e+01 0.0000000e+00 
6.7500000e+00 2.5611755e+01 0.0000000e+00 
3.7500000e+00 2.6264183e+01 0.0000000e+00 
7.5000000e-01 2.6533865e+01 0.0000000e+00 
1.8750000e+01 1.8796337e+01 0.0000000e+00 
1.7250000e+01 2.0203411e+01 0.0000000e+00 
7.5000000e+00 2.5488718e+01 0.0000000e+00 
1.2750000e+01 2.3319553e+01 0.0000000e+00 
3.0000000e+00 2.6471466e+01 0.0000000e+00 
8.2500000e+00 2.5380095e+01 0.0000000e+00 
1.0500000e+01 2.4560078e+01 0.0000000e+00 
1.8000000e+01 1.9753878e+01 0.0000000e+00 
1.2000000e+01 2.3903801e+01 0.0000000e+00 
2.2500000e+00 2.6698008e+01 0.0000000e+00 
0.0000000e+00 2.6812500e+01 0.0000000e+00 
1.9500000e+01 1.8403635e+01 0.0000000e+00 
1.5000000e+01 2.2226768e+01 0.0000000e+00 
1.5750000e+01 2.1712721e+01 0.0000000e+00 
9.0000000e+00 2.5285135e+01 0.0000000e+00 
1.4250000e+01 2.2759106e+01 0.0000000e+00 
1.6500000e+01 2.1217577e+01 0.0000000e+00 
1.8750000e+01 1.9328655e+01 0.0000000e+00 
1.3500000e+01 2.3309603e+01 0.0000000e+00 
1.1250000e+01 2.4507961e+01 0.0000000e+00 
1.7250000e+01 2.0742441e+01 0.0000000e+00 
1.5000000e+00 2.6944529e+01 0.0000000e+00 
9.7500000e+00 2.5203136e+01 0.0000000e+00 
6.0000000e+00 2.6364885e+01 0.0000000e+00 
5.2500000e+00 2.6527382e+01 0.0000000e+00 
1.2750000e+01 2.3878595e+01 0.0000000e+00 
6.7500000e+00 2.6218750e+01 0.0000000e+00 
4.5000000e+00 2.6707050e+01 0.0000000e+00 
1.8000000e+01 2.0288919e+01 0.0000000e+00 
7.5000000e+00 2.6088167e+01 0.0000000e+00 
3.7500000e+00 2.6904690e+01 0.0000000e+00 
1.9500000e+01 1.8930471e+01 0.0000000e+00 
7.5000000e-01 2.7211674e+01 0.0000000e+00 
1.0500000e+01 2.5133453e+01 0.0000000e+00 
8.2500000e+00 2.5972347e+01 0.0000000e+00 
1.2000000e+01 2.4466846e+01 0.0000000e+00 
1.5750000e+01 2.2256716e+01 0.0000000e+00 
1.5000000e+01 2.2773987e+01 0.0000000e+00 
3.0000000e+00 2.7121075e+01 0.0000000e+00 
1.6500000e+01 2.1758255e+01 0.0000000e+00 
1.8750000e+01 1.9859106e+01 0.0000000e+00 
1.4250000e+01 2.3309603e+01 0.0000000e+00 
9.0000000e+00 2.5870529e+01 0.0000000e+00 
1.7250000e+01 2.1279562e+01 0.0000000e+00 
1.3500000e+01 2.3863571e+01 0.0000000e+00 
2.2500000e+00 2.7356930e+01 0.0000000e+00 
2.0250000e+01 1.8562500e+01 0.0000000e+00 
1.1250000e+01 2.5075512e+01 0.0000000e+00 
0.0000000e+00 2.7500000e+01 0.0000000e+00 
1.8000000e+01 2.0822083e+01 0.0000000e+00 
1.9500000e+01 1.9455570e+01 0.0000000e+00 
1.2750000e+01 2.4436348e+01 0.0000000e+00 
9.7500000e+00 2.5782000e+01 0.0000000e+00 
6.0000000e+00 2.6979876e+01 0.0000000e+00 
5.2500000e+00 2.7150692e+01 0.0000000e+00 
1.5000000e+00 2.7612917e+01 0.0000000e+00 
6.7500000e+00 2.6825745e+01 0.0000000e+00 
1.8750000e+01 2.0387754e+01 0.0000000e+00 
4.5000000e+00 2.7338980e+01 0.0000000e+00 
1.5750000e+01 2.2798960e+01 0.0000000e+00 
7.5000000e+00 2.6687500e+01 0.0000000e+00 
1.5000000e+01 2.3319553e+01 0.0000000e+00 
1.6500000e+01 2.2297127e+01 0.0000000e+00 
1.2000000e+01 2.5028809e+01 0.0000000e+00 
1.0500000e+01 2.5706091e+01 0.0000000e+00 
1.4250000e+01 2.3858580e+01 0.0000000e+00 
3.7500000e+00 2.7545509e+01 0.0000000e+00 
1.7250000e+01 2.1814856e+01 0.0000000e+00 
8.2500000e+00 2.6564358e+01 0.0000000e+00 
2.0250000e+01 1.9081329e+01 0.0000000e+00 
7.5000000e-01 2.7889616e+01 0.0000000e+00 
1.3500000e+01 2.4416178e+01 0.0000000e+00 
1.9500000e+01 1.9978989e+01 0.0000000e+00 
1.8000000e+01 2.1353443e+01 0.0000000e+00 
3.0000000e+00 2.7771011e+01 0.0000000e+00 
9.0000000e+00 2.6455557e+01 0.0000000e+00 
1.1250000e+01 2.5642206e+01 0.0000000e+00 
1.2750000e+01 2.4992928e+01 0.0000000e+00 
1.8750000e+01 2.0914667e+01 0.0000000e+00 
9.7500000e+00 2.6360367e+01 0.0000000e+00 
2.2500000e+00 2.8016163e+01 0.0000000e+00 
1.5750000e+01 2.3339556e+01 0.0000000e+00 
1.6500000e+01 2.2834280e+01 0.0000000e+00 
2.0250000e+01 1.9598644e+01 0.0000000e+00 
1.5000000e+01 2.3863571e+01 0.0000000e+00 
0.0000000e+00 2.8187500e+01 0.0000000e+00 
1.7250000e+01 2.2348408e+01 0.0000000e+00 
6.0000000e+00 2.7595078e+01 0.0000000e+00 
6.7500000e+00 2.7432850e+01 0.0000000e+00 
1.4250000e+01 2.4406143e+01 0.0000000e+00 
1.2000000e+01 2.5589811e+01 0.0000000e+00 
5.2500000e+00 2.7774294e+01 0.0000000e+00 
1.9500000e+01 2.0500782e+01 0.0000000e+00 
1.0500000e+01 2.6278112e+01 0.0000000e+00 
7.5000000e+00 2.7286833e+01 0.0000000e+00 
1.5000000e+00 2.8281561e+01 0.0000000e+00 
4.5000000e+00 2.7971262e+01 0.0000000e+00 
1.8000000e+01 2.1883078e+01 0.0000000e+00 
8.2500000e+00 2.7156250e+01 0.0000000e+00 
1.3500000e+01 2.4967539e+01 0.0000000e+00 
3.7500000e+00 2.8186718e+01 0.0000000e+00 
1.8750000e+01 2.1439913e+01 0.0000000e+00 
2.1000000e+01 1.9250000e+01 0.0000000e+00 
9.0000000e+00 2.7040339e+01 0.0000000e+00 
1.1250000e+01 2.6208166e+01 0.0000000e+00 
2.0250000e+01 2.0114492e+01 0.0000000e+00 
1.2750000e+01 2.5548454e+01 0.0000000e+00 
7.5000000e-01 2.8567713e+01 0.0000000e+00 
3.0000000e+00 2.8421345e+01 0.0000000e+00 
1.5750000e+01 2.3878595e+01 0.0000000e+00 
1.6500000e+01 2.3369808e+01 0.0000000e+00 
1.5000000e+01 2.4406143e+01 0.0000000e+00 
9.7500000e+00 2.6938368e+01 0.0000000e+00 
1.7250000e+01 2.2880299e+01 0.0000000e+00 
1.9500000e+01 2.1021011e+01 0.0000000e+00 
1.4250000e+01 2.4952400e+01 0.0000000e+00 
1.8000000e+01 2.2411058e+01 0.0000000e+00 
2.2500000e+00 2.8675760e+01 0.0000000e+00 
1.2000000e+01 2.6149971e+01 0.0000000e+00 
1.0500000e+01 2.6849640e+01 0.0000000e+00 
2.1000000e+01 1.9758928e+01 0.0000000e+00 
6.7500000e+00 2.8040178e+01 0.0000000e+00 
6.0000000e+00 2.8210594e+01 0.0000000e+00 
1.3500000e+01 2.5517765e+01 0.0000000e+00 
0.0000000e+00 2.8875000e+01 0.0000000e+00 
7.5000000e+00 2.7886282e+01 0.0000000e+00 
1.8750000e+01 2.1963554e+01 0.0000000e+00 
5.2500000e+00 2.8398287e+01 0.0000000e+00 
2.0250000e+01 2.0628925e+01 0.0000000e+00 
8.2500000e+00 2.7748142e+01 0.0000000e+00 
4.5000000e+00 2.8603989e+01 0.0000000e+00 
1.5000000e+00 2.8950497e+01 0.0000000e+00 
1.1250000e+01 2.6773516e+01 0.0000000e+00 
1.6500000e+01 2.3903801e+01 0.0000000e+00 
1.2750000e+01 2.6103041e+01 0.0000000e+00 
9.0000000e+00 2.7625000e+01 0.0000000e+00 
1.9500000e+01 2.1539734e+01 0.0000000e+00 
1.5750000e+01 2.4416178e+01 0.0000000e+00 
3.7500000e+00 2.8828394e+01 0.0000000e+00 
1.7250000e+01 2.3410614e+01 0.0000000e+00 
1.5000000e+01 2.4947371e+01 0.0000000e+00 
1.8000000e+01 2.2937462e+01 0.0000000e+00 
2.1000000e+01 2.0266634e+01 0.0000000e+00 
9.7500000e+00 2.7516121e+01 0.0000000e+00 
1.4250000e+01 2.5497465e+01 0.0000000e+00 
3.0000000e+00 2.9072136e+01 0.0000000e+00 
7.5000000e-01 2.9245979e+01 0.0000000e+00 
2.0250000e+01 2.1141991e+01 0.0000000e+00 
1.8750000e+01 2.2485662e+01 0.0000000e+00 
1.2000000e+01 2.6709410e+01 0.0000000e+00 
1.3500000e+01 2.6066973e+01 0.0000000e+00 
1.0500000e+01 2.7420799e+01 0.0000000e+00 
2.2500000e+00 2.9335772e+01 0.0000000e+00 
6.7500000e+00 2.8647840e+01 0.0000000e+00 
1.9500000e+01 2.2057007e+01 0.0000000e+00 
6.0000000e+00 2.8826530e+01 0.0000000e+00 
7.5000000e+00 2.8485964e+01 0.0000000e+00 
1.6500000e+01 2.4436348e+01 0.0000000e+00 
5.2500000e+00 2.9022766e+01 0.0000000e+00 
2.1750000e+01 1.9937500e+01 0.0000000e+00 
1.7250000e+01 2.3939436e+01 0.0000000e+00 
1.5750000e+01 2.4952400e+01 0.0000000e+00 
8.2500000e+00 2.8340153e+01 0.0000000e+00 
2.1000000e+01 2.0773155e+01 0.0000000e+00 
1.2750000e+01 2.6656809e+01 0.0000000e+00 
0.0000000e+00 2.9562500e+01 0.0000000e+00 
1.1250000e+01 2.7338377e+01 0.0000000e+00 
1.8000000e+01 2.3462364e+01 0.0000000e+00 
1.5000000e+01 2.5487362e+01 0.0000000e+00 
4.5000000e+00 2.9237246e+01 0.0000000e+00 
9.0000000e+00 2.8209661e+01 0.0000000e+00 
2.0250000e+01 2.1653738e+01 0.0000000e+00 
1.5000000e+00 2.9619761e+01 0.0000000e+00 
1.8750000e+01 2.3006302e+01 0.0000000e+00 
1.4250000e+01 2.6041441e+01 0.0000000e+00 
3.7500000e+00 2.9470615e+01 0.0000000e+00 
9.7500000e+00 2.8093750e+01 0.0000000e+00 
1.2000000e+01 2.7268250e+01 0.0000000e+00 
1.9500000e+01 2.2572887e+01 0.0000000e+00 
1.3500000e+01 2.6615271e+01 0.0000000e+00 
2.1750000e+01 2.0436451e+01 0.0000000e+00 
3.0000000e+00 2.9723454e+01 0.0000000e+00 
2.1000000e+01 2.1278534e+01 0.0000000e+00 
1.0500000e+01 2.7991711e+01 0.0000000e+00 
1.6500000e+01 2.4967539e+01 0.0000000e+00 
7.5000000e-01 2.9924438e+01 0.0000000e+00 
1.7250000e+01 2.4466846e+01 0.0000000e+00 
1.5750000e+01 2.5487362e+01 0.0000000e+00 
1.8000000e+01 2.3985840e+01 0.0000000e+00 
2.0250000e+01 2.2164213e+01 0.0000000e+00 
6.7500000e+00 2.9255949e+01 0.0000000e+00 
7.5000000e+00 2.9085995e+01 0.0000000e+00 
1.5000000e+01 2.6026217e+01 0.0000000e+00 
6.0000000e+00 2.9442993e+01 0.0000000e+00 
1.2750000e+01 2.7209873e+01 0.0000000e+00 
2.2500000e+00 2.9996252e+01 0.0000000e+00 
1.8750000e+01 2.3525539e+01 0.0000000e+00 
1.1250000e+01 2.7902872e+01 0.0000000e+00 
8.2500000e+00 2.8932405e+01 0.0000000e+00 
5.2500000e+00 2.9647833e+01 0.0000000e+00 
1.4250000e+01 2.6584438e+01 0.0000000e+00 
9.0000000e+00 2.8794443e+01 0.0000000e+00 
2.1750000e+01 2.0934477e+01 0.0000000e+00 
4.5000000e+00 2.9871122e+01 0.0000000e+00 
1.9500000e+01 2.3087435e+01 0.0000000e+00 
0.0000000e+00 3.0250000e+01 0.0000000e+00 
2.1000000e+01 2.1782810e+01 0.0000000e+00 
9.7500000e+00 2.8671379e+01 0.0000000e+00 
1.2000000e+01 2.7826609e+01 0.0000000e+00 
1.5000000e+00 3.0289387e+01 0.0000000e+00 
1.3500000e+01 2.7162777e+01 0.0000000e+00 
3.7500000e+00 3.0113459e+01 0.0000000e+00 
1.7250000e+01 2.4992928e+01 0.0000000e+00 
1.6500000e+01 2.5497465e+01 0.0000000e+00 
2.0250000e+01 2.2673470e+01 0.0000000e+00 
1.8000000e+01 2.4507961e+01 0.0000000e+00 
1.5750000e+01 2.6021156e+01 0.0000000e+00 
1.0500000e+01 2.8562500e+01 0.0000000e+00 
1.8750000e+01 2.4043444e+01 0.0000000e+00 
1.5000000e+01 2.6564037e+01 0.0000000e+00 
2.2500000e+01 2.0625000e+01 0.0000000e+00 
3.0000000e+00 3.0375362e+01 0.0000000e+00 
2.1750000e+01 2.1431610e+01 0.0000000e+00 
1.2750000e+01 2.7762352e+01 0.0000000e+00 
1.1250000e+01 2.8467121e+01 0.0000000e+00 
7.5000000e-01 3.0603106e+01 0.0000000e+00 
1.9500000e+01 2.3600708e+01 0.0000000e+00 
6.7500000e+00 2.9864613e+01 0.0000000e+00 
7.5000000e+00 2.9686489e+01 0.0000000e+00 
2.1000000e+01 2.2286020e+01 0.0000000e+00 
1.4250000e+01 2.7126568e+01 0.0000000e+00 
6.0000000e+00 3.0060087e+01 0.0000000e+00 
8.2500000e+00 2.9525015e+01 0.0000000e+00 
5.2500000e+00 3.0273581e+01 0.0000000e+00 
9.0000000e+00 2.9379471e+01 0.0000000e+00 
2.2500000e+00 3.0657249e+01 0.0000000e+00 
2.0250000e+01 2.3181551e+01 0.0000000e+00 
1.7250000e+01 2.5517765e+01 0.0000000e+00 
1.6500000e+01 2.6026217e+01 0.0000000e+00 
1.2000000e+01 2.8384605e+01 0.0000000e+00 
1.3500000e+01 2.7709604e+01 0.0000000e+00 
1.8000000e+01 2.5028809e+01 0.0000000e+00 
9.7500000e+00 2.9249132e+01 0.0000000e+00 
4.5000000e+00 3.0505705e+01 0.0000000e+00 
2.2500000e+01 2.1113914e+01 0.0000000e+00 
1.5750000e+01 2.6553883e+01 0.0000000e+00 
2.1750000e+01 2.1927881e+01 0.0000000e+00 
1.8750000e+01 2.4560078e+01 0.0000000e+00 
0.0000000e+00 3.0937500e+01 0.0000000e+00 
1.0500000e+01 2.9133289e+01 0.0000000e+00 
1.5000000e+01 2.7100929e+01 0.0000000e+00 
3.7500000e+00 3.0757004e+01 0.0000000e+00 
2.1000000e+01 2.2788206e+01 0.0000000e+00 
1.5000000e+00 3.0959414e+01 0.0000000e+00 
1.9500000e+01 2.4112764e+01 0.0000000e+00 
1.2750000e+01 2.8314362e+01 0.0000000e+00 
1.4250000e+01 2.7667934e+01 0.0000000e+00 
1.1250000e+01 2.9031250e+01 0.0000000e+00 
2.0250000e+01 2.3688511e+01 0.0000000e+00 
3.0000000e+00 3.1027929e+01 0.0000000e+00 
2.2500000e+01 2.1602213e+01 0.0000000e+00 
7.5000000e+00 3.0287565e+01 0.0000000e+00 
6.7500000e+00 3.0473946e+01 0.0000000e+00 
8.2500000e+00 3.0118105e+01 0.0000000e+00 
1.7250000e+01 2.6041441e+01 0.0000000e+00 
2.1750000e+01 2.2423317e+01 0.0000000e+00 
1.8000000e+01 2.5548454e+01 0.0000000e+00 
6.0000000e+00 3.0677917e+01 0.0000000e+00 
1.6500000e+01 2.6553883e+01 0.0000000e+00 
9.0000000e+00 2.9964865e+01 0.0000000e+00 
7.5000000e-01 3.1282003e+01 0.0000000e+00 
1.8750000e+01 2.5075512e+01 0.0000000e+00 
1.3500000e+01 2.8255863e+01 0.0000000e+00 
1.2000000e+01 2.8942362e+01 0.0000000e+00 
1.5750000e+01 2.7085638e+01 0.0000000e+00 
5.2500000e+00 3.0900110e+01 0.0000000e+00 
2.1000000e+01 2.3289406e+01 0.0000000e+00 
9.7500000e+00 2.9827133e+01 0.0000000e+00 
2.2500000e+00 3.1318819e+01 0.0000000e+00 
1.9500000e+01 2.4623659e+01 0.0000000e+00 
1.5000000e+01 2.7636995e+01 0.0000000e+00 
4.5000000e+00 3.1141085e+01 0.0000000e+00 
1.0500000e+01 2.9704201e+01 0.0000000e+00 
2.2500000e+01 2.2089911e+01 0.0000000e+00 
2.3250000e+01 2.1312500e+01 0.0000000e+00 
2.0250000e+01 2.4194395e+01 0.0000000e+00 
1.2750000e+01 2.8866020e+01 0.0000000e+00 
2.1750000e+01 2.2917950e+01 0.0000000e+00 
1.4250000e+01 2.8208651e+01 0.0000000e+00 
3.7500000e+00 3.1401329e+01 0.0000000e+00 
0.0000000e+00 3.1625000e+01 0.0000000e+00 
1.1250000e+01 2.9595379e+01 0.0000000e+00 
1.5000000e+00 3.1629877e+01 0.0000000e+00 
1.7250000e+01 2.6564037e+01 0.0000000e+00 
1.8000000e+01 2.6066973e+01 0.0000000e+00 
1.6500000e+01 2.7080555e+01 0.0000000e+00 
1.8750000e+01 2.5589811e+01 0.0000000e+00 
2.1000000e+01 2.3789660e+01 0.0000000e+00 
7.5000000e+00 3.0889338e+01 0.0000000e+00 
1.5750000e+01 2.7616518e+01 0.0000000e+00 
8.2500000e+00 3.0711792e+01 0.0000000e+00 
6.7500000e+00 3.1084057e+01 0.0000000e+00 
1.3500000e+01 2.8801670e+01 0.0000000e+00 
1.9500000e+01 2.5133453e+01 0.0000000e+00 
3.0000000e+00 3.1681219e+01 0.0000000e+00 
1.2000000e+01 2.9500000e+01 0.0000000e+00 
9.0000000e+00 3.0550745e+01 0.0000000e+00 
2.3250000e+01 2.1791342e+01 0.0000000e+00 
6.0000000e+00 3.1296589e+01 0.0000000e+00 
2.2500000e+01 2.2577030e+01 0.0000000e+00 
1.5000000e+01 2.8172338e+01 0.0000000e+00 
9.7500000e+00 3.0405500e+01 0.0000000e+00 
2.0250000e+01 2.4699255e+01 0.0000000e+00 
2.1750000e+01 2.3411808e+01 0.0000000e+00 
5.2500000e+00 3.1527515e+01 0.0000000e+00 
7.5000000e-01 3.1961149e+01 0.0000000e+00 
1.0500000e+01 3.0275360e+01 0.0000000e+00 
2.2500000e+00 3.1981010e+01 0.0000000e+00 
1.2750000e+01 2.9417444e+01 0.0000000e+00 
1.4250000e+01 2.8748823e+01 0.0000000e+00 
4.5000000e+00 3.1777351e+01 0.0000000e+00 
1.8000000e+01 2.6584438e+01 0.0000000e+00 
2.1000000e+01 2.4289005e+01 0.0000000e+00 
1.7250000e+01 2.7085638e+01 0.0000000e+00 
1.8750000e+01 2.6103041e+01 0.0000000e+00 
1.6500000e+01 2.7606325e+01 0.0000000e+00 
1.1250000e+01 3.0159628e+01 0.0000000e+00 
2.3250000e+01 2.2269875e+01 0.0000000e+00 
1.9500000e+01 2.5642206e+01 0.0000000e+00 
2.2500000e+01 2.3063591e+01 0.0000000e+00 
1.5750000e+01 2.8146622e+01 0.0000000e+00 
3.7500000e+00 3.2046509e+01 0.0000000e+00 
1.3500000e+01 2.9347136e+01 0.0000000e+00 
0.0000000e+00 3.2312500e+01 0.0000000e+00 
2.1750000e+01 2.3904922e+01 0.0000000e+00 
2.0250000e+01 2.5203136e+01 0.0000000e+00 
1.5000000e+00 3.2300812e+01 0.0000000e+00 
1.2000000e+01 3.0057638e+01 0.0000000e+00 
7.5000000e+00 3.1491922e+01 0.0000000e+00 
8.2500000e+00 3.1306198e+01 0.0000000e+00 
1.5000000e+01 2.8707062e+01 0.0000000e+00 
6.7500000e+00 3.1695059e+01 0.0000000e+00 
9.0000000e+00 3.1137236e+01 0.0000000e+00 
3.0000000e+00 3.2335297e+01 0.0000000e+00 
6.0000000e+00 3.1916206e+01 0.0000000e+00 
9.7500000e+00 3.0984364e+01 0.0000000e+00 
2.1000000e+01 2.4787485e+01 0.0000000e+00 
2.3250000e+01 2.2748106e+01 0.0000000e+00 
1.8000000e+01 2.7100929e+01 0.0000000e+00 
1.7250000e+01 2.7606325e+01 0.0000000e+00 
1.8750000e+01 2.6615271e+01 0.0000000e+00 
2.4000000e+01 2.2000000e+01 0.0000000e+00 
1.2750000e+01 2.9968750e+01 0.0000000e+00 
2.2500000e+01 2.3549614e+01 0.0000000e+00 
1.4250000e+01 2.9288559e+01 0.0000000e+00 
5.2500000e+00 3.2155899e+01 0.0000000e+00 
1.0500000e+01 3.0846888e+01 0.0000000e+00 
1.6500000e+01 2.8131281e+01 0.0000000e+00 
1.9500000e+01 2.6149971e+01 0.0000000e+00 
7.5000000e-01 3.2640564e+01 0.0000000e+00 
2.1750000e+01 2.4397322e+01 0.0000000e+00 
1.5750000e+01 2.8676046e+01 0.0000000e+00 
1.1250000e+01 3.0724123e+01 0.0000000e+00 
2.2500000e+00 3.2643875e+01 0.0000000e+00 
2.0250000e+01 2.5706091e+01 0.0000000e+00 
4.5000000e+00 3.2414589e+01 0.0000000e+00 
1.3500000e+01 2.9892374e+01 0.0000000e+00 
2.3250000e+01 2.3226048e+01 0.0000000e+00 
1.5000000e+01 2.9241268e+01 0.0000000e+00 
2.1000000e+01 2.5285135e+01 0.0000000e+00 
2.4000000e+01 2.2468750e+01 0.0000000e+00 
1.2000000e+01 3.0615395e+01 0.0000000e+00 
3.7500000e+00 3.2692623e+01 0.0000000e+00 
2.2500000e+01 2.4035118e+01 0.0000000e+00 
8.2500000e+00 3.1901442e+01 0.0000000e+00 
7.5000000e+00 3.2095440e+01 0.0000000e+00 
1.8000000e+01 2.7616518e+01 0.0000000e+00 
1.8750000e+01 2.7126568e+01 0.0000000e+00 
9.0000000e+00 3.1724461e+01 0.0000000e+00 
1.7250000e+01 2.8126183e+01 0.0000000e+00 
0.0000000e+00 3.3000000e+01 0.0000000e+00 
6.7500000e+00 3.2307064e+01 0.0000000e+00 
1.5000000e+00 3.2972260e+01 0.0000000e+00 
1.9500000e+01 2.6656809e+01 0.0000000e+00 
9.7500000e+00 3.1563841e+01 0.0000000e+00 
2.1750000e+01 2.4889036e+01 0.0000000e+00 
1.4250000e+01 2.9827971e+01 0.0000000e+00 
1.6500000e+01 2.8655516e+01 0.0000000e+00 
1.2750000e+01 3.0520056e+01 0.0000000e+00 
6.0000000e+00 3.2536873e+01 0.0000000e+00 
2.0250000e+01 2.6208166e+01 0.0000000e+00 
3.0000000e+00 3.2990227e+01 0.0000000e+00 
1.0500000e+01 3.1418909e+01 0.0000000e+00 
1.5750000e+01 2.9204887e+01 0.0000000e+00 
2.4000000e+01 2.2937500e+01 0.0000000e+00 
2.3250000e+01 2.3703711e+01 0.0000000e+00 
5.2500000e+00 3.2785355e+01 0.0000000e+00 
1.1250000e+01 3.1288984e+01 0.0000000e+00 
2.1000000e+01 2.5782000e+01 0.0000000e+00 
2.2500000e+01 2.4520124e+01 0.0000000e+00 
1.3500000e+01 3.0437500e+01 0.0000000e+00 
7.5000000e-01 3.3320263e+01 0.0000000e+00 
1.5000000e+01 2.9775063e+01 0.0000000e+00 
4.5000000e+00 3.3052887e+01 0.0000000e+00 
2.2500000e+00 3.3307468e+01 0.0000000e+00 
1.8750000e+01 2.7636995e+01 0.0000000e+00 
1.8000000e+01 2.8131281e+01 0.0000000e+00 
1.2000000e+01 3.1173391e+01 0.0000000e+00 
2.1750000e+01 2.5380095e+01 0.0000000e+00 
1.9500000e+01 2.7162777e+01 0.0000000e+00 
1.7250000e+01 2.8645294e+01 0.0000000e+00 
2.0250000e+01 2.6709410e+01 0.0000000e+00 
1.6500000e+01 2.9179117e+01 0.0000000e+00 
2.4000000e+01 2.3406250e+01 0.0000000e+00 
8.2500000e+00 3.2497643e+01 0.0000000e+00 
9.0000000e+00 3.2312538e+01 0.0000000e+00 
1.4250000e+01 3.0367165e+01 0.0000000e+00 
2.3250000e+01 2.4181101e+01 0.0000000e+00 
7.5000000e+00 3.2700001e+01 0.0000000e+00 
3.7500000e+00 3.3339752e+01 0.0000000e+00 
2.4750000e+01 2.2687500e+01 0.0000000e+00 
1.2750000e+01 3.1071480e+01 0.0000000e+00 
9.7500000e+00 3.2144058e+01 0.0000000e+00 
6.7500000e+00 3.2920181e+01 0.0000000e+00 
2.2500000e+01 2.5004650e+01 0.0000000e+00 
2.1000000e+01 2.6278112e+01 0.0000000e+00 
1.5750000e+01 2.9733242e+01 0.0000000e+00 
1.0500000e+01 3.1991547e+01 0.0000000e+00 
1.5000000e+00 3.3644249e+01 0.0000000e+00 
0.0000000e+00 3.3687500e+01 0.0000000e+00 
6.0000000e+00 3.3158699e+01 0.0000000e+00 
3.0000000e+00 3.3646080e+01 0.0000000e+00 
1.1250000e+01 3.1854334e+01 0.0000000e+00 
1.3500000e+01 3.0982626e+01 0.0000000e+00 
2.1750000e+01 2.5870529e+01 0.0000000e+00 
1.5000000e+01 3.0308548e+01 0.0000000e+00 
1.8750000e+01 2.8146622e+01 0.0000000e+00 
5.2500000e+00 3.3415977e+01 0.0000000e+00 
1.8000000e+01 2.8645294e+01 0.0000000e+00 
1.9500000e+01 2.7667934e+01 0.0000000e+00 
2.4000000e+01 2.3875000e+01 0.0000000e+00 
1.7250000e+01 2.9163740e+01 0.0000000e+00 
2.4750000e+01 2.3146158e+01 0.0000000e+00 
2.3250000e+01 2.4658234e+01 0.0000000e+00 
2.0250000e+01 2.7209873e+01 0.0000000e+00 
1.2000000e+01 3.1731750e+01 0.0000000e+00 
1.6500000e+01 2.9702175e+01 0.0000000e+00 
4.5000000e+00 3.3692341e+01 0.0000000e+00 
2.2500000e+01 2.5488718e+01 0.0000000e+00 
7.5000000e-01 3.4000267e+01 0.0000000e+00 
2.1000000e+01 2.6773516e+01 0.0000000e+00 
1.4250000e+01 3.0906250e+01 0.0000000e+00 
2.2500000e+00 3.3971840e+01 0.0000000e+00 
1.2750000e+01 3.1623138e+01 0.0000000e+00 
8.2500000e+00 3.3094925e+01 0.0000000e+00 
9.0000000e+00 3.2901592e+01 0.0000000e+00 
1.5750000e+01 3.0261209e+01 0.0000000e+00 
7.5000000e+00 3.3305721e+01 0.0000000e+00 
9.7500000e+00 3.2725136e+01 0.0000000e+00 
2.1750000e+01 2.6360367e+01 0.0000000e+00 
2.4000000e+01 2.4343750e+01 0.0000000e+00 
3.7500000e+00 3.3987972e+01 0.0000000e+00 
2.4750000e+01 2.3605125e+01 0.0000000e+00 
6.7500000e+00 3.3534523e+01 0.0000000e+00 
1.0500000e+01 3.2564922e+01 0.0000000e+00 
2.3250000e+01 2.5135115e+01 0.0000000e+00 
1.8750000e+01 2.8655516e+01 0.0000000e+00 
1.9500000e+01 2.8172338e+01 0.0000000e+00 
1.8000000e+01 2.9158630e+01 0.0000000e+00 
1.5000000e+01 3.0841825e+01 0.0000000e+00 
1.3500000e+01 3.1527864e+01 0.0000000e+00 
6.0000000e+00 3.3781784e+01 0.0000000e+00 
1.1250000e+01 3.2420296e+01 0.0000000e+00 
2.0250000e+01 2.7709604e+01 0.0000000e+00 
1.7250000e+01 2.9681606e+01 0.0000000e+00 
1.5000000e+00 3.4316822e+01 0.0000000e+00 
2.2500000e+01 2.5972347e+01 0.0000000e+00 
0.0000000e+00 3.4375000e+01 0.0000000e+00 
2.1000000e+01 2.7268250e+01 0.0000000e+00 
3.0000000e+00 3.4302917e+01 0.0000000e+00 
1.6500000e+01 3.0224783e+01 0.0000000e+00 
1.2000000e+01 3.2290588e+01 0.0000000e+00 
5.2500000e+00 3.4047871e+01 0.0000000e+00 
2.4750000e+01 2.4064394e+01 0.0000000e+00 
2.4000000e+01 2.4812500e+01 0.0000000e+00 
1.4250000e+01 3.1445335e+01 0.0000000e+00 
2.1750000e+01 2.6849640e+01 0.0000000e+00 
1.5750000e+01 3.0788885e+01 0.0000000e+00 
2.3250000e+01 2.5611755e+01 0.0000000e+00 
2.5500000e+01 2.3375000e+01 0.0000000e+00 
1.2750000e+01 3.2175148e+01 0.0000000e+00 
4.5000000e+00 3.4333027e+01 0.0000000e+00 
1.8750000e+01 2.9163740e+01 0.0000000e+00 
1.9500000e+01 2.8676046e+01 0.0000000e+00 
9.0000000e+00 3.3491745e+01 0.0000000e+00 
7.5000000e-01 3.4680595e+01 0.0000000e+00 
8.2500000e+00 3.3693401e+01 0.0000000e+00 
1.8000000e+01 2.9671366e+01 0.0000000e+00 
9.7500000e+00 3.3307201e+01 0.0000000e+00 
2.2500000e+00 3.4637043e+01 0.0000000e+00 
2.0250000e+01 2.8208651e+01 0.0000000e+00 
2.2500000e+01 2.6455557e+01 0.0000000e+00 
7.5000000e+00 3.3912724e+01 0.0000000e+00 
1.0500000e+01 3.3139160e+01 0.0000000e+00 
1.5000000e+01 3.1375000e+01 0.0000000e+00 
1.7250000e+01 3.0198975e+01 0.0000000e+00 
1.3500000e+01 3.2073330e+01 0.0000000e+00 
2.1000000e+01 2.7762352e+01 0.0000000e+00 
6.7500000e+00 3.4150200e+01 0.0000000e+00 
3.7500000e+00 3.4637360e+01 0.0000000e+00 
2.4750000e+01 2.4523952e+01 0.0000000e+00 
1.1250000e+01 3.2986988e+01 0.0000000e+00 
2.4000000e+01 2.5281250e+01 0.0000000e+00 
1.6500000e+01 3.0747028e+01 0.0000000e+00 
2.5500000e+01 2.3823586e+01 0.0000000e+00 
6.0000000e+00 3.4406239e+01 0.0000000e+00 
2.1750000e+01 2.7338377e+01 0.0000000e+00 
2.3250000e+01 2.6088167e+01 0.0000000e+00 
1.2000000e+01 3.2850029e+01 0.0000000e+00 
1.4250000e+01 3.1984529e+01 0.0000000e+00 
1.5000000e+00 3.4990013e+01 0.0000000e+00 
1.5750000e+01 3.1316366e+01 0.0000000e+00 
0.0000000e+00 3.5062500e+01 0.0000000e+00 
5.2500000e+00 3.4681133e+01 0.0000000e+00 
3.0000000e+00 3.4960808e+01 0.0000000e+00 
1.9500000e+01 2.9179117e+01 0.0000000e+00 
2.2500000e+01 2.6938368e+01 0.0000000e+00 
1.8750000e+01 2.9671366e+01 0.0000000e+00 
1.2750000e+01 3.2727627e+01 0.0000000e+00 
2.0250000e+01 2.8707062e+01 0.0000000e+00 
1.8000000e+01 3.0183577e+01 0.0000000e+00 
2.4750000e+01 2.4983789e+01 0.0000000e+00 
2.4000000e+01 2.5750000e+01 0.0000000e+00 
2.1000000e+01 2.8255863e+01 0.0000000e+00 
2.5500000e+01 2.4272787e+01 0.0000000e+00 
1.7250000e+01 3.0715927e+01 0.0000000e+00 
9.0000000e+00 3.4083118e+01 0.0000000e+00 
1.5000000e+01 3.1908175e+01 0.0000000e+00 
4.5000000e+00 3.4975044e+01 0.0000000e+00 
9.7500000e+00 3.3890373e+01 0.0000000e+00 
8.2500000e+00 3.4293194e+01 0.0000000e+00 
2.3250000e+01 2.6564358e+01 0.0000000e+00 
1.3500000e+01 3.2619137e+01 0.0000000e+00 
1.0500000e+01 3.3714386e+01 0.0000000e+00 
2.1750000e+01 2.7826609e+01 0.0000000e+00 
7.5000000e+00 3.4521118e+01 0.0000000e+00 
1.6500000e+01 3.1269003e+01 0.0000000e+00 
7.5000000e-01 3.5361271e+01 0.0000000e+00 
2.2500000e+00 3.5303127e+01 0.0000000e+00 
1.1250000e+01 3.3554539e+01 0.0000000e+00 
6.7500000e+00 3.4767326e+01 0.0000000e+00 
2.2500000e+01 2.7420799e+01 0.0000000e+00 
3.7500000e+00 3.5287991e+01 0.0000000e+00 
2.4750000e+01 2.5443899e+01 0.0000000e+00 
1.2000000e+01 3.3410191e+01 0.0000000e+00 
1.4250000e+01 3.2523941e+01 0.0000000e+00 
1.9500000e+01 2.9681606e+01 0.0000000e+00 
2.5500000e+01 2.4722589e+01 0.0000000e+00 
1.5750000e+01 3.1843750e+01 0.0000000e+00 
1.8750000e+01 3.0178457e+01 0.0000000e+00 
2.0250000e+01 2.9204887e+01 0.0000000e+00 
6.0000000e+00 3.5032166e+01 0.0000000e+00 
2.4000000e+01 2.6218750e+01 0.0000000e+00 
1.8000000e+01 3.0695335e+01 0.0000000e+00 
2.1000000e+01 2.8748823e+01 0.0000000e+00 
2.6250000e+01 2.4062500e+01 0.0000000e+00 
1.2750000e+01 3.3280689e+01 0.0000000e+00 
2.3250000e+01 2.7040339e+01 0.0000000e+00 
1.7250000e+01 3.1232550e+01 0.0000000e+00 
1.5000000e+00 3.5663860e+01 0.0000000e+00 
2.1750000e+01 2.8314362e+01 0.0000000e+00 
5.2500000e+00 3.5315853e+01 0.0000000e+00 
1.5000000e+01 3.2441452e+01 0.0000000e+00 
3.0000000e+00 3.5619812e+01 0.0000000e+00 
0.0000000e+00 3.5750000e+01 0.0000000e+00 
1.3500000e+01 3.3165398e+01 0.0000000e+00 
1.6500000e+01 3.1790796e+01 0.0000000e+00 
9.0000000e+00 3.4675835e+01 0.0000000e+00 
9.7500000e+00 3.4474777e+01 0.0000000e+00 
2.4750000e+01 2.5904266e+01 0.0000000e+00 
2.5500000e+01 2.5172970e+01 0.0000000e+00 
2.2500000e+01 2.7902872e+01 0.0000000e+00 
8.2500000e+00 3.4894424e+01 0.0000000e+00 
1.0500000e+01 3.4290718e+01 0.0000000e+00 
2.4000000e+01 2.6687500e+01 0.0000000e+00 
4.5000000e+00 3.5618477e+01 0.0000000e+00 
2.6250000e+01 2.4501049e+01 0.0000000e+00 
7.5000000e+00 3.5131023e+01 0.0000000e+00 
1.1250000e+01 3.4123066e+01 0.0000000e+00 
1.9500000e+01 3.0183577e+01 0.0000000e+00 
2.0250000e+01 2.9702175e+01 0.0000000e+00 
1.8750000e+01 3.0685081e+01 0.0000000e+00 
1.5750000e+01 3.2371136e+01 0.0000000e+00 
2.1000000e+01 2.9241268e+01 0.0000000e+00 
1.4250000e+01 3.3063679e+01 0.0000000e+00 
2.3250000e+01 2.7516121e+01 0.0000000e+00 
6.7500000e+00 3.5386013e+01 0.0000000e+00 
1.8000000e+01 3.1206718e+01 0.0000000e+00 
1.2000000e+01 3.3971191e+01 0.0000000e+00 
2.2500000e+00 3.5970146e+01 0.0000000e+00 
7.5000000e-01 3.6042309e+01 0.0000000e+00 
2.1750000e+01 2.8801670e+01 0.0000000e+00 
1.7250000e+01 3.1748920e+01 0.0000000e+00 
3.7500000e+00 3.5939949e+01 0.0000000e+00 
2.5500000e+01 2.5623909e+01 0.0000000e+00 
1.2750000e+01 3.3834457e+01 0.0000000e+00 
6.0000000e+00 3.5659668e+01 0.0000000e+00 
2.4750000e+01 2.6364885e+01 0.0000000e+00 
2.6250000e+01 2.4940523e+01 0.0000000e+00 
2.2500000e+01 2.8384605e+01 0.0000000e+00 
1.5000000e+01 3.2974937e+01 0.0000000e+00 
2.4000000e+01 2.7156250e+01 0.0000000e+00 
1.6500000e+01 3.2312500e+01 0.0000000e+00 
1.3500000e+01 3.3712223e+01 0.0000000e+00 
5.2500000e+00 3.5952137e+01 0.0000000e+00 
1.9500000e+01 3.0685081e+01 0.0000000e+00 
2.0250000e+01 3.0198975e+01 0.0000000e+00 
1.5000000e+00 3.6338398e+01 0.0000000e+00 
2.3250000e+01 2.7991711e+01 0.0000000e+00 
9.7500000e+00 3.5060539e+01 0.0000000e+00 
1.8750000e+01 3.1191303e+01 0.0000000e+00 
9.0000000e+00 3.5270012e+01 0.0000000e+00 
2.1000000e+01 2.9733242e+01 0.0000000e+00 
3.0000000e+00 3.6280003e+01 0.0000000e+00 
1.0500000e+01 3.4868286e+01 0.0000000e+00 
0.0000000e+00 3.6437500e+01 0.0000000e+00 
8.2500000e+00 3.5497211e+01 0.0000000e+00 
1.8000000e+01 3.1717802e+01 0.0000000e+00 
1.1250000e+01 3.4692692e+01 0.0000000e+00 
2.5500000e+01 2.6075386e+01 0.0000000e+00 
1.5750000e+01 3.2898617e+01 0.0000000e+00 
2.1750000e+01 2.9288559e+01 0.0000000e+00 
2.4750000e+01 2.6825745e+01 0.0000000e+00 
1.4250000e+01 3.3603851e+01 0.0000000e+00 
2.6250000e+01 2.5380890e+01 0.0000000e+00 
7.5000000e+00 3.5742554e+01 0.0000000e+00 
4.5000000e+00 3.6263412e+01 0.0000000e+00 
1.2000000e+01 3.4533154e+01 0.0000000e+00 
1.7250000e+01 3.2265125e+01 0.0000000e+00 
2.4000000e+01 2.7625000e+01 0.0000000e+00 
2.2500000e+01 2.8866020e+01 0.0000000e+00 
2.7000000e+01 2.4750000e+01 0.0000000e+00 
6.7500000e+00 3.6006367e+01 0.0000000e+00 
1.2750000e+01 3.4389046e+01 0.0000000e+00 
2.2500000e+00 3.6638149e+01 0.0000000e+00 
1.5000000e+01 3.3508732e+01 0.0000000e+00 
7.5000000e-01 3.6723724e+01 0.0000000e+00 
1.6500000e+01 3.2834202e+01 0.0000000e+00 
2.3250000e+01 2.8467121e+01 0.0000000e+00 
2.0250000e+01 3.0695335e+01 0.0000000e+00 
1.9500000e+01 3.1186180e+01 0.0000000e+00 
6.0000000e+00 3.6288853e+01 0.0000000e+00 
3.7500000e+00 3.6593307e+01 0.0000000e+00 
2.5500000e+01 2.6527382e+01 0.0000000e+00 
2.1000000e+01 3.0224783e+01 0.0000000e+00 
2.6250000e+01 2.5822119e+01 0.0000000e+00 
1.3500000e+01 3.4259727e+01 0.0000000e+00 
1.8750000e+01 3.1697193e+01 0.0000000e+00 
2.4750000e+01 2.7286833e+01 0.0000000e+00 
2.1750000e+01 2.9775063e+01 0.0000000e+00 
1.8000000e+01 3.2228661e+01 0.0000000e+00 
2.7000000e+01 2.5178572e+01 0.0000000e+00 
2.4000000e+01 2.8093750e+01 0.0000000e+00 
1.5750000e+01 3.3426292e+01 0.0000000e+00 
9.7500000e+00 3.5647778e+01 0.0000000e+00 
5.2500000e+00 3.6590080e+01 0.0000000e+00 
1.0500000e+01 3.5447205e+01 0.0000000e+00 
9.0000000e+00 3.5865780e+01 0.0000000e+00 
2.2500000e+01 2.9347136e+01 0.0000000e+00 
1.4250000e+01 3.4144566e+01 0.0000000e+00 
1.1250000e+01 3.5263538e+01 0.0000000e+00 
8.2500000e+00 3.6101673e+01 0.0000000e+00 
1.7250000e+01 3.2781250e+01 0.0000000e+00 
1.5000000e+00 3.7013664e+01 0.0000000e+00 
3.0000000e+00 3.6941441e+01 0.0000000e+00 
1.2000000e+01 3.5096199e+01 0.0000000e+00 
7.5000000e+00 3.6355827e+01 0.0000000e+00 
2.5500000e+01 2.6979876e+01 0.0000000e+00 
2.3250000e+01 2.8942362e+01 0.0000000e+00 
0.0000000e+00 3.7125000e+01 0.0000000e+00 
2.6250000e+01 2.6264183e+01 0.0000000e+00 
2.4750000e+01 2.7748142e+01 0.0000000e+00 
4.5000000e+00 3.6909939e+01 0.0000000e+00 
2.0250000e+01 3.1191303e+01 0.0000000e+00 
1.2750000e+01 3.4944572e+01 0.0000000e+00 
1.5000000e+01 3.4042938e+01 0.0000000e+00 
1.9500000e+01 3.1686932e+01 0.0000000e+00 
2.1000000e+01 3.0715927e+01 0.0000000e+00 
2.7000000e+01 2.5608366e+01 0.0000000e+00 
1.6500000e+01 3.3355999e+01 0.0000000e+00 
6.7500000e+00 3.6628502e+01 0.0000000e+00 
1.8750000e+01 3.2202816e+01 0.0000000e+00 
2.1750000e+01 3.0261209e+01 0.0000000e+00 
2.4000000e+01 2.8562500e+01 0.0000000e+00 
1.3500000e+01 3.4808029e+01 0.0000000e+00 
1.8000000e+01 3.2739368e+01 0.0000000e+00 
2.2500000e+01 2.9827971e+01 0.0000000e+00 
2.2500000e+00 3.7307190e+01 0.0000000e+00 
6.0000000e+00 3.6919827e+01 0.0000000e+00 
7.5000000e-01 3.7405544e+01 0.0000000e+00 
1.5750000e+01 3.3954258e+01 0.0000000e+00 
3.7500000e+00 3.7248146e+01 0.0000000e+00 
2.6250000e+01 2.6707050e+01 0.0000000e+00 
2.5500000e+01 2.7432850e+01 0.0000000e+00 
2.3250000e+01 2.9417444e+01 0.0000000e+00 
1.4250000e+01 3.4685932e+01 0.0000000e+00 
1.7250000e+01 3.3297375e+01 0.0000000e+00 
2.7000000e+01 2.6039345e+01 0.0000000e+00 
9.7500000e+00 3.6236618e+01 0.0000000e+00 
1.0500000e+01 3.6027607e+01 0.0000000e+00 
2.4750000e+01 2.8209661e+01 0.0000000e+00 
9.0000000e+00 3.6463257e+01 0.0000000e+00 
1.1250000e+01 3.5835732e+01 0.0000000e+00 
5.2500000e+00 3.7229774e+01 0.0000000e+00 
2.0250000e+01 3.1686932e+01 0.0000000e+00 
2.1000000e+01 3.1206718e+01 0.0000000e+00 
8.2500000e+00 3.6707932e+01 0.0000000e+00 
1.2000000e+01 3.5660446e+01 0.0000000e+00 
1.9500000e+01 3.2187393e+01 0.0000000e+00 
2.7750000e+01 2.5437500e+01 0.0000000e+00 
2.1750000e+01 3.0747028e+01 0.0000000e+00 
2.4000000e+01 2.9031250e+01 0.0000000e+00 
1.6500000e+01 3.3877972e+01 0.0000000e+00 
1.5000000e+01 3.4577663e+01 0.0000000e+00 
1.8750000e+01 3.2708241e+01 0.0000000e+00 
1.5000000e+00 3.7689690e+01 0.0000000e+00 
1.2750000e+01 3.5501152e+01 0.0000000e+00 
3.0000000e+00 3.7604191e+01 0.0000000e+00 
7.5000000e+00 3.6970959e+01 0.0000000e+00 
2.2500000e+01 3.0308548e+01 0.0000000e+00 
2.6250000e+01 2.7150692e+01 0.0000000e+00 
2.5500000e+01 2.7886282e+01 0.0000000e+00 
1.8000000e+01 3.3250000e+01 0.0000000e+00 
2.7000000e+01 2.6471466e+01 0.0000000e+00 
0.0000000e+00 3.7812500e+01 0.0000000e+00 
4.5000000e+00 3.7558151e+01 0.0000000e+00 
1.3500000e+01 3.5357235e+01 0.0000000e+00 
6.7500000e+00 3.7252529e+01 0.0000000e+00 
2.3250000e+01 2.9892374e+01 0.0000000e+00 
2.4750000e+01 2.8671379e+01 0.0000000e+00 
1.5750000e+01 3.4482613e+01 0.0000000e+00 
2.7750000e+01 2.5856171e+01 0.0000000e+00 
1.7250000e+01 3.3813580e+01 0.0000000e+00 
1.4250000e+01 3.5228062e+01 0.0000000e+00 
2.1000000e+01 3.1697193e+01 0.0000000e+00 
2.0250000e+01 3.2182266e+01 0.0000000e+00 
6.0000000e+00 3.7552692e+01 0.0000000e+00 
2.4000000e+01 2.9500000e+01 0.0000000e+00 
2.2500000e+00 3.7977322e+01 0.0000000e+00 
2.1750000e+01 3.1232550e+01 0.0000000e+00 
1.9500000e+01 3.2687622e+01 0.0000000e+00 
1.0500000e+01 3.6609608e+01 0.0000000e+00 
2.6250000e+01 2.7595078e+01 0.0000000e+00 
3.7500000e+00 3.7904545e+01 0.0000000e+00 
7.5000000e-01 3.8087784e+01 0.0000000e+00 
9.7500000e+00 3.6827183e+01 0.0000000e+00 
1.1250000e+01 3.6409389e+01 0.0000000e+00 
2.7000000e+01 2.6904690e+01 0.0000000e+00 
2.5500000e+01 2.8340153e+01 0.0000000e+00 
2.2500000e+01 3.0788885e+01 0.0000000e+00 
9.0000000e+00 3.7062561e+01 0.0000000e+00 
1.8750000e+01 3.3213528e+01 0.0000000e+00 
1.6500000e+01 3.4400219e+01 0.0000000e+00 
1.2000000e+01 3.6226013e+01 0.0000000e+00 
1.5000000e+01 3.5113007e+01 0.0000000e+00 
2.7750000e+01 2.6276356e+01 0.0000000e+00 
8.2500000e+00 3.7316105e+01 0.0000000e+00 
2.4750000e+01 2.9133289e+01 0.0000000e+00 
5.2500000e+00 3.7871326e+01 0.0000000e+00 
2.3250000e+01 3.0367165e+01 0.0000000e+00 
1.2750000e+01 3.6058907e+01 0.0000000e+00 
1.8000000e+01 3.3760632e+01 0.0000000e+00 
7.5000000e+00 3.7588066e+01 0.0000000e+00 
1.3500000e+01 3.5907463e+01 0.0000000e+00 
3.0000000e+00 3.8268322e+01 0.0000000e+00 
1.5750000e+01 3.5011456e+01 0.0000000e+00 
2.4000000e+01 2.9968750e+01 0.0000000e+00 
1.5000000e+00 3.8366520e+01 0.0000000e+00 
2.6250000e+01 2.8040178e+01 0.0000000e+00 
1.7250000e+01 3.4329952e+01 0.0000000e+00 
2.7000000e+01 2.7338980e+01 0.0000000e+00 
2.1000000e+01 3.2187393e+01 0.0000000e+00 
2.0250000e+01 3.2677357e+01 0.0000000e+00 
2.1750000e+01 3.1717802e+01 0.0000000e+00 
2.5500000e+01 2.8794443e+01 0.0000000e+00 
4.5000000e+00 3.8208130e+01 0.0000000e+00 
6.7500000e+00 3.7878563e+01 0.0000000e+00 
1.9500000e+01 3.3187679e+01 0.0000000e+00 
0.0000000e+00 3.8500000e+01 0.0000000e+00 
1.4250000e+01 3.5771061e+01 0.0000000e+00 
2.7750000e+01 2.6698008e+01 0.0000000e+00 
2.2500000e+01 3.1269003e+01 0.0000000e+00 
2.4750000e+01 2.9595379e+01 0.0000000e+00 
1.8750000e+01 3.3718750e+01 0.0000000e+00 
2.3250000e+01 3.0841825e+01 0.0000000e+00 
1.6500000e+01 3.4922825e+01 0.0000000e+00 
1.0500000e+01 3.7193333e+01 0.0000000e+00 
6.0000000e+00 3.8187553e+01 0.0000000e+00 
1.1250000e+01 3.6984638e+01 0.0000000e+00 
2.8500000e+01 2.6125000e+01 0.0000000e+00 
9.7500000e+00 3.7419594e+01 0.0000000e+00 
1.5000000e+01 3.5649071e+01 0.0000000e+00 
1.2000000e+01 3.6793022e+01 0.0000000e+00 
1.8000000e+01 3.4271339e+01 0.0000000e+00 
2.2500000e+00 3.8648598e+01 0.0000000e+00 
9.0000000e+00 3.7663818e+01 0.0000000e+00 
2.7000000e+01 2.7774294e+01 0.0000000e+00 
2.6250000e+01 2.8485964e+01 0.0000000e+00 
3.7500000e+00 3.8562576e+01 0.0000000e+00 
2.4000000e+01 3.0437500e+01 0.0000000e+00 
1.2750000e+01 3.6617947e+01 0.0000000e+00 
7.5000000e-01 3.8770462e+01 0.0000000e+00 
2.7750000e+01 2.7121075e+01 0.0000000e+00 
2.5500000e+01 2.9249132e+01 0.0000000e+00 
8.2500000e+00 3.7926315e+01 0.0000000e+00 
2.1000000e+01 3.2677357e+01 0.0000000e+00 
2.1750000e+01 3.2202816e+01 0.0000000e+00 
2.0250000e+01 3.3172249e+01 0.0000000e+00 
5.2500000e+00 3.8514828e+01 0.0000000e+00 
1.5750000e+01 3.5540878e+01 0.0000000e+00 
1.3500000e+01 3.6458820e+01 0.0000000e+00 
1.7250000e+01 3.4846573e+01 0.0000000e+00 
2.2500000e+01 3.1748920e+01 0.0000000e+00 
1.9500000e+01 3.3687618e+01 0.0000000e+00 
2.4750000e+01 3.0057638e+01 0.0000000e+00 
7.5000000e+00 3.8207268e+01 0.0000000e+00 
2.8500000e+01 2.6533865e+01 0.0000000e+00 
2.3250000e+01 3.1316366e+01 0.0000000e+00 
1.4250000e+01 3.6315037e+01 0.0000000e+00 
1.8750000e+01 3.4223972e+01 0.0000000e+00 
2.7000000e+01 2.8210594e+01 0.0000000e+00 
3.0000000e+00 3.8933903e+01 0.0000000e+00 
2.6250000e+01 2.8932405e+01 0.0000000e+00 
1.5000000e+00 3.9044186e+01 0.0000000e+00 
6.7500000e+00 3.8506710e+01 0.0000000e+00 
1.6500000e+01 3.5445885e+01 0.0000000e+00 
2.7750000e+01 2.7545509e+01 0.0000000e+00 
4.5000000e+00 3.8859966e+01 0.0000000e+00 
2.4000000e+01 3.0906250e+01 0.0000000e+00 
2.5500000e+01 2.9704201e+01 0.0000000e+00 
1.8000000e+01 3.4782200e+01 0.0000000e+00 
1.5000000e+01 3.6185963e+01 0.0000000e+00 
0.0000000e+00 3.9187500e+01 0.0000000e+00 
1.1250000e+01 3.7561596e+01 0.0000000e+00 
1.0500000e+01 3.7778908e+01 0.0000000e+00 
2.8500000e+01 2.6944529e+01 0.0000000e+00 
1.2000000e+01 3.7361595e+01 0.0000000e+00 
9.7500000e+00 3.8013977e+01 0.0000000e+00 
2.1000000e+01 3.3167122e+01 0.0000000e+00 
2.1750000e+01 3.2687622e+01 0.0000000e+00 
6.0000000e+00 3.8824520e+01 0.0000000e+00 
2.0250000e+01 3.3667000e+01 0.0000000e+00 
2.4750000e+01 3.0520056e+01 0.0000000e+00 
1.2750000e+01 3.7178394e+01 0.0000000e+00 
2.2500000e+01 3.2228661e+01 0.0000000e+00 
9.0000000e+00 3.8267151e+01 0.0000000e+00 
1.7250000e+01 3.5363525e+01 0.0000000e+00 
1.9500000e+01 3.4187500e+01 0.0000000e+00 
1.5750000e+01 3.6070980e+01 0.0000000e+00 
2.7000000e+01 2.8647840e+01 0.0000000e+00 
2.2500000e+00 3.9321064e+01 0.0000000e+00 
2.3250000e+01 3.1790796e+01 0.0000000e+00 
1.3500000e+01 3.7011429e+01 0.0000000e+00 
2.6250000e+01 2.9379471e+01 0.0000000e+00 
3.7500000e+00 3.9222324e+01 0.0000000e+00 
2.7750000e+01 2.7971262e+01 0.0000000e+00 
8.2500000e+00 3.8538681e+01 0.0000000e+00 
7.5000000e-01 3.9453602e+01 0.0000000e+00 
1.8750000e+01 3.4729259e+01 0.0000000e+00 
2.5500000e+01 3.0159628e+01 0.0000000e+00 
2.4000000e+01 3.1375000e+01 0.0000000e+00 
2.8500000e+01 2.7356930e+01 0.0000000e+00 
5.2500000e+00 3.9160378e+01 0.0000000e+00 
1.4250000e+01 3.6860100e+01 0.0000000e+00 
7.5000000e+00 3.8828671e+01 0.0000000e+00 
1.6500000e+01 3.5969486e+01 0.0000000e+00 
1.8000000e+01 3.5293282e+01 0.0000000e+00 
2.4750000e+01 3.0982626e+01 0.0000000e+00 
2.1750000e+01 3.3172249e+01 0.0000000e+00 
1.5000000e+01 3.6723785e+01 0.0000000e+00 
2.1000000e+01 3.3656727e+01 0.0000000e+00 
2.9250000e+01 2.6812500e+01 0.0000000e+00 
2.7000000e+01 2.9085995e+01 0.0000000e+00 
2.2500000e+01 3.2708241e+01 0.0000000e+00 
2.7750000e+01 2.8398287e+01 0.0000000e+00 
2.0250000e+01 3.4161648e+01 0.0000000e+00 
3.0000000e+00 3.9600990e+01 0.0000000e+00 
6.7500000e+00 3.9137085e+01 0.0000000e+00 
2.6250000e+01 2.9827133e+01 0.0000000e+00 
1.5000000e+00 3.9722725e+01 0.0000000e+00 
1.1250000e+01 3.8140385e+01 0.0000000e+00 
4.5000000e+00 3.9513752e+01 0.0000000e+00 
2.3250000e+01 3.2265125e+01 0.0000000e+00 
1.0500000e+01 3.8366455e+01 0.0000000e+00 
1.2000000e+01 3.7931850e+01 0.0000000e+00 
1.9500000e+01 3.4687382e+01 0.0000000e+00 
2.8500000e+01 2.7771011e+01 0.0000000e+00 
1.7250000e+01 3.5880894e+01 0.0000000e+00 
9.7500000e+00 3.8610455e+01 0.0000000e+00 
1.2750000e+01 3.7740368e+01 0.0000000e+00 
2.5500000e+01 3.0615395e+01 0.0000000e+00 
1.5750000e+01 3.6601864e+01 0.0000000e+00 
0.0000000e+00 3.9875000e+01 0.0000000e+00 
2.4000000e+01 3.1843750e+01 0.0000000e+00 
9.0000000e+00 3.8872681e+01 0.0000000e+00 
1.8750000e+01 3.5234684e+01 0.0000000e+00 
6.0000000e+00 3.9463692e+01 0.0000000e+00 
1.3500000e+01 3.7565395e+01 0.0000000e+00 
2.9250000e+01 2.7211674e+01 0.0000000e+00 
2.7000000e+01 2.9525015e+01 0.0000000e+00 
2.7750000e+01 2.8826530e+01 0.0000000e+00 
8.2500000e+00 3.9153320e+01 0.0000000e+00 
2.4750000e+01 3.1445335e+01 0.0000000e+00 
1.4250000e+01 3.7406357e+01 0.0000000e+00 
1.6500000e+01 3.6493717e+01 0.0000000e+00 
2.2500000e+00 3.9994778e+01 0.0000000e+00 
3.7500000e+00 3.9883862e+01 0.0000000e+00 
2.6250000e+01 3.0275360e+01 0.0000000e+00 
2.1750000e+01 3.3656727e+01 0.0000000e+00 
1.8000000e+01 3.5804665e+01 0.0000000e+00 
2.8500000e+01 2.8186718e+01 0.0000000e+00 
2.1000000e+01 3.4146217e+01 0.0000000e+00 
2.2500000e+01 3.3187679e+01 0.0000000e+00 
2.0250000e+01 3.4656250e+01 0.0000000e+00 
7.5000000e-01 4.0137215e+01 0.0000000e+00 
5.2500000e+00 3.9808075e+01 0.0000000e+00 
2.3250000e+01 3.2739368e+01 0.0000000e+00 
7.5000000e+00 3.9452400e+01 0.0000000e+00 
1.5000000e+01 3.7262638e+01 0.0000000e+00 
2.5500000e+01 3.1071480e+01 0.0000000e+00 
2.9250000e+01 2.7612917e+01 0.0000000e+00 
1.9500000e+01 3.5187321e+01 0.0000000e+00 
2.4000000e+01 3.2312500e+01 0.0000000e+00 
1.7250000e+01 3.6398758e+01 0.0000000e+00 
1.1250000e+01 3.8721130e+01 0.0000000e+00 
2.7750000e+01 2.9255949e+01 0.0000000e+00 
1.2000000e+01 3.8503906e+01 0.0000000e+00 
2.7000000e+01 2.9964865e+01 0.0000000e+00 
1.5750000e+01 3.7133617e+01 0.0000000e+00 
6.7500000e+00 3.9769794e+01 0.0000000e+00 
1.0500000e+01 3.8956093e+01 0.0000000e+00 
1.8750000e+01 3.5740307e+01 0.0000000e+00 
1.2750000e+01 3.8303978e+01 0.0000000e+00 
2.8500000e+01 2.8603989e+01 0.0000000e+00 
3.0000000e+00 4.0269657e+01 0.0000000e+00 
2.4750000e+01 3.1908175e+01 0.0000000e+00 
9.7500000e+00 3.9209148e+01 0.0000000e+00 
2.6250000e+01 3.0724123e+01 0.0000000e+00 
4.5000000e+00 4.0169571e+01 0.0000000e+00 
1.5000000e+00 4.0402176e+01 0.0000000e+00 
1.3500000e+01 3.8120838e+01 0.0000000e+00 
2.1750000e+01 3.4141087e+01 0.0000000e+00 
9.0000000e+00 3.9480530e+01 0.0000000e+00 
2.2500000e+01 3.3667000e+01 0.0000000e+00 
2.9250000e+01 2.8016163e+01 0.0000000e+00 
2.1000000e+01 3.4635628e+01 0.0000000e+00 
1.6500000e+01 3.7018673e+01 0.0000000e+00 
1.8000000e+01 3.6316425e+01 0.0000000e+00 
1.4250000e+01 3.7953922e+01 0.0000000e+00 
2.3250000e+01 3.3213528e+01 0.0000000e+00 
2.5500000e+01 3.1527864e+01 0.0000000e+00 
6.0000000e+00 4.0105179e+01 0.0000000e+00 
0.0000000e+00 4.0562500e+01 0.0000000e+00 
2.0250000e+01 3.5150852e+01 0.0000000e+00 
8.2500000e+00 3.9770355e+01 0.0000000e+00 
2.4000000e+01 3.2781250e+01 0.0000000e+00 
2.7750000e+01 2.9686489e+01 0.0000000e+00 
2.7000000e+01 3.0405500e+01 0.0000000e+00 
1.9500000e+01 3.5687378e+01 0.0000000e+00 
1.5000000e+01 3.7802628e+01 0.0000000e+00 
2.8500000e+01 2.9022766e+01 0.0000000e+00 
3.0000000e+01 2.7500000e+01 0.0000000e+00 
3.7500000e+00 4.0547268e+01 0.0000000e+00 
2.2500000e+00 4.0669788e+01 0.0000000e+00 
1.7250000e+01 3.6917206e+01 0.0000000e+00 
2.4750000e+01 3.2371136e+01 0.0000000e+00 
2.6250000e+01 3.1173391e+01 0.0000000e+00 
7.5000000e+00 4.0078571e+01 0.0000000e+00 
2.9250000e+01 2.8421345e+01 0.0000000e+00 
5.2500000e+00 4.0458012e+01 0.0000000e+00 
1.8750000e+01 3.6246197e+01 0.0000000e+00 
1.5750000e+01 3.7666344e+01 0.0000000e+00 
7.5000000e-01 4.0821327e+01 0.0000000e+00 
1.2000000e+01 3.9077885e+01 0.0000000e+00 
1.1250000e+01 3.9303955e+01 0.0000000e+00 
2.1750000e+01 3.4625359e+01 0.0000000e+00 
2.2500000e+01 3.4146217e+01 0.0000000e+00 
2.5500000e+01 3.1984529e+01 0.0000000e+00 
1.2750000e+01 3.8869350e+01 0.0000000e+00 
1.0500000e+01 3.9547955e+01 0.0000000e+00 
2.1000000e+01 3.5125000e+01 0.0000000e+00 
2.3250000e+01 3.3687618e+01 0.0000000e+00 
2.7750000e+01 3.0118105e+01 0.0000000e+00 
3.0000000e+01 2.7889616e+01 0.0000000e+00 
6.7500000e+00 4.0404957e+01 0.0000000e+00 
1.3500000e+01 3.8677868e+01 0.0000000e+00 
2.8500000e+01 2.9442993e+01 0.0000000e+00 
9.7500000e+00 3.9810181e+01 0.0000000e+00 
1.8000000e+01 3.6828632e+01 0.0000000e+00 
2.7000000e+01 3.0846888e+01 0.0000000e+00 
2.0250000e+01 3.5645500e+01 0.0000000e+00 
2.4000000e+01 3.3250000e+01 0.0000000e+00 
1.6500000e+01 3.7544445e+01 0.0000000e+00 
3.0000000e+00 4.0939964e+01 0.0000000e+00 
1.4250000e+01 3.8502895e+01 0.0000000e+00 
2.9250000e+01 2.8828394e+01 0.0000000e+00 
4.5000000e+00 4.0827511e+01 0.0000000e+00 
9.0000000e+00 4.0090820e+01 0.0000000e+00 
2.6250000e+01 3.1623138e+01 0.0000000e+00 
1.9500000e+01 3.6187607e+01 0.0000000e+00 
1.5000000e+00 4.1082569e+01 0.0000000e+00 
2.4750000e+01 3.2834202e+01 0.0000000e+00 
1.5000000e+01 3.8343857e+01 0.0000000e+00 
6.0000000e+00 4.0749084e+01 0.0000000e+00 
1.7250000e+01 3.7436317e+01 0.0000000e+00 
8.2500000e+00 4.0389900e+01 0.0000000e+00 
3.0000000e+01 2.8281561e+01 0.0000000e+00 
0.0000000e+00 4.1250000e+01 0.0000000e+00 
1.8750000e+01 3.6752419e+01 0.0000000e+00 
2.5500000e+01 3.2441452e+01 0.0000000e+00 
2.7750000e+01 3.0550745e+01 0.0000000e+00 
2.8500000e+01 2.9864613e+01 0.0000000e+00 
2.2500000e+01 3.4625359e+01 0.0000000e+00 
2.1750000e+01 3.5109570e+01 0.0000000e+00 
1.5750000e+01 3.8200138e+01 0.0000000e+00 
2.3250000e+01 3.4161648e+01 0.0000000e+00 
2.7000000e+01 3.1288984e+01 0.0000000e+00 
2.1000000e+01 3.5614372e+01 0.0000000e+00 
2.9250000e+01 2.9237246e+01 0.0000000e+00 
3.7500000e+00 4.1212624e+01 0.0000000e+00 
2.4000000e+01 3.3718750e+01 0.0000000e+00 
7.5000000e+00 4.0707294e+01 0.0000000e+00 
2.2500000e+00 4.1346146e+01 0.0000000e+00 
2.0250000e+01 3.6140251e+01 0.0000000e+00 
1.2000000e+01 3.9653908e+01 0.0000000e+00 
5.2500000e+00 4.1110294e+01 0.0000000e+00 
1.1250000e+01 3.9888977e+01 0.0000000e+00 
2.6250000e+01 3.2073330e+01 0.0000000e+00 
1.2750000e+01 3.9436596e+01 0.0000000e+00 
1.8000000e+01 3.7341370e+01 0.0000000e+00 
2.4750000e+01 3.3297375e+01 0.0000000e+00 
1.0500000e+01 4.0142151e+01 0.0000000e+00 
1.6500000e+01 3.8071117e+01 0.0000000e+00 
1.3500000e+01 3.9236595e+01 0.0000000e+00 
3.0000000e+01 2.8675760e+01 0.0000000e+00 
7.5000000e-01 4.1505955e+01 0.0000000e+00 
1.9500000e+01 3.6688068e+01 0.0000000e+00 
1.4250000e+01 3.9053394e+01 0.0000000e+00 
9.7500000e+00 4.0413681e+01 0.0000000e+00 
2.8500000e+01 3.0287565e+01 0.0000000e+00 
6.7500000e+00 4.1042679e+01 0.0000000e+00 
2.7750000e+01 3.0984364e+01 0.0000000e+00 
2.5500000e+01 3.2898617e+01 0.0000000e+00 
2.9250000e+01 2.9647833e+01 0.0000000e+00 
2.7000000e+01 3.1731750e+01 0.0000000e+00 
1.5000000e+01 3.8886429e+01 0.0000000e+00 
9.0000000e+00 4.0703671e+01 0.0000000e+00 
1.7250000e+01 3.7956173e+01 0.0000000e+00 
2.2500000e+01 3.5104439e+01 0.0000000e+00 
1.8750000e+01 3.7259045e+01 0.0000000e+00 
2.1750000e+01 3.5593750e+01 0.0000000e+00 
3.0750000e+01 2.8187500e+01 0.0000000e+00 
2.3250000e+01 3.4635628e+01 0.0000000e+00 
3.0000000e+00 4.1611984e+01 0.0000000e+00 
4.5000000e+00 4.1487667e+01 0.0000000e+00 
2.1000000e+01 3.6103783e+01 0.0000000e+00 
2.4000000e+01 3.4187500e+01 0.0000000e+00 
3.0000000e+01 2.9072136e+01 0.0000000e+00 
1.5000000e+00 4.1763947e+01 0.0000000e+00 
2.6250000e+01 3.2523941e+01 0.0000000e+00 
1.5750000e+01 3.8735100e+01 0.0000000e+00 
6.0000000e+00 4.1395512e+01 0.0000000e+00 
8.2500000e+00 4.1012085e+01 0.0000000e+00 
2.0250000e+01 3.6635143e+01 0.0000000e+00 
2.4750000e+01 3.3760632e+01 0.0000000e+00 
2.8500000e+01 3.0711792e+01 0.0000000e+00 
1.8000000e+01 3.7854706e+01 0.0000000e+00 
2.7750000e+01 3.1418909e+01 0.0000000e+00 
0.0000000e+00 4.1937500e+01 0.0000000e+00 
2.9250000e+01 3.0060087e+01 0.0000000e+00 
3.0750000e+01 2.8567713e+01 0.0000000e+00 
1.6500000e+01 3.8598785e+01 0.0000000e+00 
1.2000000e+01 4.0232094e+01 0.0000000e+00 
2.5500000e+01 3.3355999e+01 0.0000000e+00 
1.2750000e+01 4.0005833e+01 0.0000000e+00 
1.9500000e+01 3.7188820e+01 0.0000000e+00 
2.7000000e+01 3.2175148e+01 0.0000000e+00 
1.1250000e+01 4.0476318e+01 0.0000000e+00 
7.5000000e+00 4.1338692e+01 0.0000000e+00 
1.3500000e+01 3.9797138e+01 0.0000000e+00 
3.7500000e+00 4.1880001e+01 0.0000000e+00 
3.0000000e+01 2.9470615e+01 0.0000000e+00 
1.0500000e+01 4.0738815e+01 0.0000000e+00 
2.2500000e+00 4.2023907e+01 0.0000000e+00 
1.4250000e+01 3.9605522e+01 0.0000000e+00 
5.2500000e+00 4.1765011e+01 0.0000000e+00 
2.2500000e+01 3.5583481e+01 0.0000000e+00 
2.3250000e+01 3.5109570e+01 0.0000000e+00 
2.1750000e+01 3.6077930e+01 0.0000000e+00 
2.6250000e+01 3.2974937e+01 0.0000000e+00 
2.4000000e+01 3.4656250e+01 0.0000000e+00 
9.7500000e+00 4.1019768e+01 0.0000000e+00 
1.8750000e+01 3.7766132e+01 0.0000000e+00 
1.7250000e+01 3.8476864e+01 0.0000000e+00 
1.5000000e+01 3.9430447e+01 0.0000000e+00 
2.1000000e+01 3.6593273e+01 0.0000000e+00 
7.5000000e-01 4.2191116e+01 0.0000000e+00 
2.8500000e+01 3.1137236e+01 0.0000000e+00 
6.7500000e+00 4.1683075e+01 0.0000000e+00 
3.0750000e+01 2.8950497e+01 0.0000000e+00 
2.4750000e+01 3.4223972e+01 0.0000000e+00 
2.9250000e+01 3.0473946e+01 0.0000000e+00 
2.7750000e+01 3.1854334e+01 0.0000000e+00 
9.0000000e+00 4.1319210e+01 0.0000000e+00 
2.0250000e+01 3.7130234e+01 0.0000000e+00 
1.5750000e+01 3.9271320e+01 0.0000000e+00 
3.0000000e+01 2.9871122e+01 0.0000000e+00 
2.7000000e+01 3.2619137e+01 0.0000000e+00 
2.5500000e+01 3.3813580e+01 0.0000000e+00 
1.8000000e+01 3.8368717e+01 0.0000000e+00 
4.5000000e+00 4.2150124e+01 0.0000000e+00 
3.0000000e+00 4.2285774e+01 0.0000000e+00 
1.9500000e+01 3.7689919e+01 0.0000000e+00 
8.2500000e+00 4.1637020e+01 0.0000000e+00 
1.6500000e+01 3.9127537e+01 0.0000000e+00 
6.0000000e+00 4.2044571e+01 0.0000000e+00 
1.5000000e+00 4.2446339e+01 0.0000000e+00 
3.0750000e+01 2.9335772e+01 0.0000000e+00 
2.6250000e+01 3.3426292e+01 0.0000000e+00 
2.3250000e+01 3.5583481e+01 0.0000000e+00 
2.2500000e+01 3.6062500e+01 0.0000000e+00 
2.8500000e+01 3.1563841e+01 0.0000000e+00 
1.2750000e+01 4.0577183e+01 0.0000000e+00 
1.2000000e+01 4.0812561e+01 0.0000000e+00 
2.9250000e+01 3.0889338e+01 0.0000000e+00 
2.4000000e+01 3.5125000e+01 0.0000000e+00 
2.1750000e+01 3.6562141e+01 0.0000000e+00 
1.3500000e+01 4.0359608e+01 0.0000000e+00 
2.7750000e+01 3.2290588e+01 0.0000000e+00 
1.1250000e+01 4.1066105e+01 0.0000000e+00 
2.4750000e+01 3.4687382e+01 0.0000000e+00 
1.4250000e+01 4.0159389e+01 0.0000000e+00 
2.1000000e+01 3.7082878e+01 0.0000000e+00 
1.8750000e+01 3.8273758e+01 0.0000000e+00 
3.0000000e+01 3.0273581e+01 0.0000000e+00 
0.0000000e+00 4.2625000e+01 0.0000000e+00 
7.5000000e+00 4.1972878e+01 0.0000000e+00 
1.7250000e+01 3.8998463e+01 0.0000000e+00 
1.0500000e+01 4.1338066e+01 0.0000000e+00 
2.7000000e+01 3.3063679e+01 0.0000000e+00 
1.5000000e+01 3.9976013e+01 0.0000000e+00 
3.7500000e+00 4.2549484e+01 0.0000000e+00 
2.5500000e+01 3.4271339e+01 0.0000000e+00 
2.0250000e+01 3.7625568e+01 0.0000000e+00 
3.1500000e+01 2.8875000e+01 0.0000000e+00 
5.2500000e+00 4.2422268e+01 0.0000000e+00 
9.7500000e+00 4.1628563e+01 0.0000000e+00 
2.2500000e+00 4.2703121e+01 0.0000000e+00 
3.0750000e+01 2.9723454e+01 0.0000000e+00 
1.5750000e+01 3.9808907e+01 0.0000000e+00 
2.9250000e+01 3.1306198e+01 0.0000000e+00 
2.8500000e+01 3.1991547e+01 0.0000000e+00 
1.8000000e+01 3.8883480e+01 0.0000000e+00 
2.6250000e+01 3.3877972e+01 0.0000000e+00 
6.7500000e+00 4.2326252e+01 0.0000000e+00 
1.9500000e+01 3.8191425e+01 0.0000000e+00 
7.5000000e-01 4.2876831e+01 0.0000000e+00 
9.0000000e+00 4.1937553e+01 0.0000000e+00 
2.3250000e+01 3.6057369e+01 0.0000000e+00 
3.0000000e+01 3.0677917e+01 0.0000000e+00 
2.7750000e+01 3.2727627e+01 0.0000000e+00 
2.2500000e+01 3.6541519e+01 0.0000000e+00 
2.4000000e+01 3.5593750e+01 0.0000000e+00 
1.6500000e+01 3.9657463e+01 0.0000000e+00 
2.1750000e+01 3.7046413e+01 0.0000000e+00 
3.1500000e+01 2.9245979e+01 0.0000000e+00 
2.4750000e+01 3.5150852e+01 0.0000000e+00 
2.7000000e+01 3.3508732e+01 0.0000000e+00 
3.0750000e+01 3.0113459e+01 0.0000000e+00 
2.1000000e+01 3.7572643e+01 0.0000000e+00 
4.5000000e+00 4.2814964e+01 0.0000000e+00 
8.2500000e+00 4.2264828e+01 0.0000000e+00 
3.0000000e+00 4.2961407e+01 0.0000000e+00 
1.8750000e+01 3.8781986e+01 0.0000000e+00 
1.2750000e+01 4.1150757e+01 0.0000000e+00 
2.5500000e+01 3.4729259e+01 0.0000000e+00 
1.3500000e+01 4.0924118e+01 0.0000000e+00 
1.2000000e+01 4.1395432e+01 0.0000000e+00 
6.0000000e+00 4.2696362e+01 0.0000000e+00 
1.7250000e+01 3.9521061e+01 0.0000000e+00 
1.4250000e+01 4.0715107e+01 0.0000000e+00 
1.1250000e+01 4.1658459e+01 0.0000000e+00 
2.9250000e+01 3.1724461e+01 0.0000000e+00 
1.5000000e+00 4.3129791e+01 0.0000000e+00 
2.0250000e+01 3.8121197e+01 0.0000000e+00 
2.8500000e+01 3.2420296e+01 0.0000000e+00 
3.0000000e+01 3.1084057e+01 0.0000000e+00 
1.5000000e+01 4.0523232e+01 0.0000000e+00 
2.6250000e+01 3.4329952e+01 0.0000000e+00 
1.0500000e+01 4.1940029e+01 0.0000000e+00 
3.1500000e+01 2.9619761e+01 0.0000000e+00 
2.7750000e+01 3.3165398e+01 0.0000000e+00 
7.5000000e+00 4.2609966e+01 0.0000000e+00 
2.3250000e+01 3.6531250e+01 0.0000000e+00 
0.0000000e+00 4.3312500e+01 0.0000000e+00 
1.5750000e+01 4.0347946e+01 0.0000000e+00 
3.0750000e+01 3.0505705e+01 0.0000000e+00 
1.8000000e+01 3.9399071e+01 0.0000000e+00 
2.4000000e+01 3.6062500e+01 0.0000000e+00 
2.2500000e+01 3.7020561e+01 0.0000000e+00 
1.9500000e+01 3.8693394e+01 0.0000000e+00 
9.7500000e+00 4.2240192e+01 0.0000000e+00 
2.4750000e+01 3.5614372e+01 0.0000000e+00 
2.1750000e+01 3.7530773e+01 0.0000000e+00 
2.7000000e+01 3.3954258e+01 0.0000000e+00 
3.7500000e+00 4.3221146e+01 0.0000000e+00 
5.2500000e+00 4.3082157e+01 0.0000000e+00 
2.2500000e+00 4.3383839e+01 0.0000000e+00 
1.6500000e+01 4.0188652e+01 0.0000000e+00 
2.5500000e+01 3.5187321e+01 0.0000000e+00 
2.9250000e+01 3.2144058e+01 0.0000000e+00 
2.1000000e+01 3.8062607e+01 0.0000000e+00 
2.8500000e+01 3.2850029e+01 0.0000000e+00 
3.0000000e+01 3.1491922e+01 0.0000000e+00 
3.1500000e+01 2.9996252e+01 0.0000000e+00 
6.7500000e+00 4.2972324e+01 0.0000000e+00 
9.0000000e+00 4.2558826e+01 0.0000000e+00 
1.8750000e+01 3.9290878e+01 0.0000000e+00 
7.5000000e-01 4.3563118e+01 0.0000000e+00 
2.6250000e+01 3.4782200e+01 0.0000000e+00 
2.7750000e+01 3.3603851e+01 0.0000000e+00 
3.0750000e+01 3.0900110e+01 0.0000000e+00 
1.7250000e+01 4.0044735e+01 0.0000000e+00 
2.0250000e+01 3.8617165e+01 0.0000000e+00 
1.2750000e+01 4.1726673e+01 0.0000000e+00 
1.3500000e+01 4.1490780e+01 0.0000000e+00 
1.2000000e+01 4.1980827e+01 0.0000000e+00 
1.4250000e+01 4.1272778e+01 0.0000000e+00 
8.2500000e+00 4.2895630e+01 0.0000000e+00 
2.3250000e+01 3.7005131e+01 0.0000000e+00 
2.4000000e+01 3.6531250e+01 0.0000000e+00 
4.5000000e+00 4.3482288e+01 0.0000000e+00 
1.1250000e+01 4.2253502e+01 0.0000000e+00 
1.5000000e+01 4.1072205e+01 0.0000000e+00 
2.7000000e+01 3.4400219e+01 0.0000000e+00 
2.2500000e+01 3.7499641e+01 0.0000000e+00 
3.0000000e+00 4.3638947e+01 0.0000000e+00 
3.2250000e+01 2.9562500e+01 0.0000000e+00 
2.4750000e+01 3.6077930e+01 0.0000000e+00 
3.1500000e+01 3.0375362e+01 0.0000000e+00 
6.0000000e+00 4.3350990e+01 0.0000000e+00 
2.9250000e+01 3.2564922e+01 0.0000000e+00 
1.9500000e+01 3.9195885e+01 0.0000000e+00 
1.8000000e+01 3.9915562e+01 0.0000000e+00 
3.0000000e+01 3.1901442e+01 0.0000000e+00 
2.1750000e+01 3.8015251e+01 0.0000000e+00 
2.8500000e+01 3.3280689e+01 0.0000000e+00 
1.5750000e+01 4.0888538e+01 0.0000000e+00 
1.0500000e+01 4.2544827e+01 0.0000000e+00 
2.5500000e+01 3.5645500e+01 0.0000000e+00 
1.5000000e+00 4.3814331e+01 0.0000000e+00 
3.0750000e+01 3.1296589e+01 0.0000000e+00 
7.5000000e+00 4.3250076e+01 0.0000000e+00 
2.1000000e+01 3.8552807e+01 0.0000000e+00 
2.7750000e+01 3.4042938e+01 0.0000000e+00 
1.6500000e+01 4.0721199e+01 0.0000000e+00 
2.6250000e+01 3.5234684e+01 0.0000000e+00 
9.7500000e+00 4.2854774e+01 0.0000000e+00 
3.2250000e+01 2.9924438e+01 0.0000000e+00 
1.8750000e+01 3.9800507e+01 0.0000000e+00 
0.0000000e+00 4.4000000e+01 0.0000000e+00 
3.1500000e+01 3.0757004e+01 0.0000000e+00 
2.0250000e+01 3.9113525e+01 0.0000000e+00 
3.7500000e+00 4.3895069e+01 0.0000000e+00 
5.2500000e+00 4.3744778e+01 0.0000000e+00 
2.7000000e+01 3.4846573e+01 0.0000000e+00 
1.7250000e+01 4.0569572e+01 0.0000000e+00 
2.9250000e+01 3.2986988e+01 0.0000000e+00 
3.0000000e+01 3.2312538e+01 0.0000000e+00 
2.4000000e+01 3.7000000e+01 0.0000000e+00 
2.3250000e+01 3.7479019e+01 0.0000000e+00 
9.0000000e+00 4.3183151e+01 0.0000000e+00 
2.2500000e+00 4.4066116e+01 0.0000000e+00 
2.4750000e+01 3.6541519e+01 0.0000000e+00 
6.7500000e+00 4.3621403e+01 0.0000000e+00 
2.2500000e+01 3.7978783e+01 0.0000000e+00 
2.8500000e+01 3.3712223e+01 0.0000000e+00 
3.0750000e+01 3.1695059e+01 0.0000000e+00 
1.3500000e+01 4.2059711e+01 0.0000000e+00 
1.2750000e+01 4.2305054e+01 0.0000000e+00 
1.4250000e+01 4.1832512e+01 0.0000000e+00 
2.5500000e+01 3.6103783e+01 0.0000000e+00 
2.1750000e+01 3.8499878e+01 0.0000000e+00 
1.2000000e+01 4.2568867e+01 0.0000000e+00 
1.9500000e+01 3.9698956e+01 0.0000000e+00 
1.5000000e+01 4.1623039e+01 0.0000000e+00 
3.2250000e+01 3.0289387e+01 0.0000000e+00 
7.5000000e-01 4.4250000e+01 0.0000000e+00 
1.8000000e+01 4.0433029e+01 0.0000000e+00 
2.7750000e+01 3.4482613e+01 0.0000000e+00 
3.1500000e+01 3.1141085e+01 0.0000000e+00 
2.6250000e+01 3.5687378e+01 0.0000000e+00 
1.1250000e+01 4.2851353e+01 0.0000000e+00 
8.2500000e+00 4.3529545e+01 0.0000000e+00 
1.5750000e+01 4.1430786e+01 0.0000000e+00 
2.1000000e+01 3.9043282e+01 0.0000000e+00 
4.5000000e+00 4.4152176e+01 0.0000000e+00 
3.0000000e+01 3.2725136e+01 0.0000000e+00 
2.9250000e+01 3.3410191e+01 0.0000000e+00 
1.0500000e+01 4.3152580e+01 0.0000000e+00 
6.0000000e+00 4.4008564e+01 0.0000000e+00 
3.0000000e+00 4.4318455e+01 0.0000000e+00 
1.6500000e+01 4.1255192e+01 0.0000000e+00 
2.7000000e+01 3.5293282e+01 0.0000000e+00 
3.0750000e+01 3.2095440e+01 0.0000000e+00 
1.8750000e+01 4.0310932e+01 0.0000000e+00 
2.8500000e+01 3.4144566e+01 0.0000000e+00 
2.0250000e+01 3.9610325e+01 0.0000000e+00 
2.4000000e+01 3.7468750e+01 0.0000000e+00 
3.2250000e+01 3.0657249e+01 0.0000000e+00 
2.3250000e+01 3.7952930e+01 0.0000000e+00 
2.4750000e+01 3.7005131e+01 0.0000000e+00 
1.5000000e+00 4.4500000e+01 0.0000000e+00 
7.5000000e+00 4.3893322e+01 0.0000000e+00 
9.7500000e+00 4.3472439e+01 0.0000000e+00 
2.2500000e+01 3.8458000e+01 0.0000000e+00 
3.1500000e+01 3.1527515e+01 0.0000000e+00 
1.7250000e+01 4.1095654e+01 0.0000000e+00 
2.5500000e+01 3.6562141e+01 0.0000000e+00 
2.7750000e+01 3.4922825e+01 0.0000000e+00 
2.1750000e+01 3.8984684e+01 0.0000000e+00 
2.6250000e+01 3.6140251e+01 0.0000000e+00 
1.9500000e+01 4.0202663e+01 0.0000000e+00 
3.0000000e+01 3.3139160e+01 0.0000000e+00 
1.3500000e+01 4.2631023e+01 0.0000000e+00 
5.2500000e+00 4.4410225e+01 0.0000000e+00 
2.9250000e+01 3.3834457e+01 0.0000000e+00 
1.4250000e+01 4.2394424e+01 0.0000000e+00 
9.0000000e+00 4.3810646e+01 0.0000000e+00 
3.7500000e+00 4.4571327e+01 0.0000000e+00 
1.8000000e+01 4.0951546e+01 0.0000000e+00 
3.0750000e+01 3.2497643e+01 0.0000000e+00 
1.2750000e+01 4.2886013e+01 0.0000000e+00 
3.2250000e+01 3.1027929e+01 0.0000000e+00 
1.5000000e+01 4.2175835e+01 0.0000000e+00 
2.1000000e+01 3.9534073e+01 0.0000000e+00 
3.3000000e+01 3.0250000e+01 0.0000000e+00 
6.7500000e+00 4.4273598e+01 0.0000000e+00 
2.7000000e+01 3.5740307e+01 0.0000000e+00 
1.2000000e+01 4.3159668e+01 0.0000000e+00 
2.2500000e+00 4.4750000e+01 0.0000000e+00 
2.8500000e+01 3.4577663e+01 0.0000000e+00 
1.5750000e+01 4.1974777e+01 0.0000000e+00 
3.1500000e+01 3.1916206e+01 0.0000000e+00 
1.1250000e+01 4.3452137e+01 0.0000000e+00 
2.4000000e+01 3.7937500e+01 0.0000000e+00 
2.4750000e+01 3.7468750e+01 0.0000000e+00 
2.3250000e+01 3.8426872e+01 0.0000000e+00 
1.8750000e+01 4.0822227e+01 0.0000000e+00 
2.0250000e+01 4.0107613e+01 0.0000000e+00 
1.6500000e+01 4.1790718e+01 0.0000000e+00 
8.2500000e+00 4.4166691e+01 0.0000000e+00 
2.7750000e+01 3.5363525e+01 0.0000000e+00 
2.5500000e+01 3.7020561e+01 0.0000000e+00 
2.2500000e+01 3.8937321e+01 0.0000000e+00 
1.0500000e+01 4.3763412e+01 0.0000000e+00 
3.3000000e+01 3.0603106e+01 0.0000000e+00 
3.0000000e+01 3.3554539e+01 0.0000000e+00 
3.2250000e+01 3.1401329e+01 0.0000000e+00 
3.0750000e+01 3.2901592e+01 0.0000000e+00 
2.6250000e+01 3.6593273e+01 0.0000000e+00 
2.9250000e+01 3.4259727e+01 0.0000000e+00 
4.5000000e+00 4.4824715e+01 0.0000000e+00 
1.7250000e+01 4.1623066e+01 0.0000000e+00 
2.1750000e+01 3.9469700e+01 0.0000000e+00 
6.0000000e+00 4.4669186e+01 0.0000000e+00 
3.0000000e+00 4.5000000e+01 0.0000000e+00 
3.1500000e+01 3.2307064e+01 0.0000000e+00 
1.9500000e+01 4.0707066e+01 0.0000000e+00 
2.8500000e+01 3.5011456e+01 0.0000000e+00 
2.7000000e+01 3.6187607e+01 0.0000000e+00 
9.7500000e+00 4.4093307e+01 0.0000000e+00 
7.5000000e+00 4.4539822e+01 0.0000000e+00 
2.1000000e+01 4.0025219e+01 0.0000000e+00 
1.8000000e+01 4.1471191e+01 0.0000000e+00 
3.3000000e+01 3.0959414e+01 0.0000000e+00 
1.4250000e+01 4.2958618e+01 0.0000000e+00 
1.3500000e+01 4.3204826e+01 0.0000000e+00 
3.2250000e+01 3.1777351e+01 0.0000000e+00 
1.5000000e+01 4.2730694e+01 0.0000000e+00 
2.4000000e+01 3.8406250e+01 0.0000000e+00 
2.4750000e+01 3.7932369e+01 0.0000000e+00 
2.7750000e+01 3.5804665e+01 0.0000000e+00 
1.2750000e+01 4.3469666e+01 0.0000000e+00 
2.3250000e+01 3.8900852e+01 0.0000000e+00 
3.0000000e+01 3.3971191e+01 0.0000000e+00 
2.5500000e+01 3.7479019e+01 0.0000000e+00 
3.0750000e+01 3.3307201e+01 0.0000000e+00 
9.0000000e+00 4.4441441e+01 0.0000000e+00 
1.5750000e+01 4.2520618e+01 0.0000000e+00 
1.2000000e+01 4.3753353e+01 0.0000000e+00 
2.9250000e+01 3.4685932e+01 0.0000000e+00 
2.0250000e+01 4.0605438e+01 0.0000000e+00 
5.2500000e+00 4.5078602e+01 0.0000000e+00 
2.2500000e+01 3.9416759e+01 0.0000000e+00 
1.8750000e+01 4.1334457e+01 0.0000000e+00 
2.6250000e+01 3.7046413e+01 0.0000000e+00 
3.1500000e+01 3.2700001e+01 0.0000000e+00 
3.7500000e+00 4.5250000e+01 0.0000000e+00 
1.6500000e+01 4.2327873e+01 0.0000000e+00 
6.7500000e+00 4.4929020e+01 0.0000000e+00 
1.1250000e+01 4.4055977e+01 0.0000000e+00 
2.8500000e+01 3.5445885e+01 0.0000000e+00 
2.1750000e+01 3.9954952e+01 0.0000000e+00 
3.3000000e+01 3.1318819e+01 0.0000000e+00 
2.7000000e+01 3.6635143e+01 0.0000000e+00 
3.2250000e+01 3.2155899e+01 0.0000000e+00 
1.7250000e+01 4.2151886e+01 0.0000000e+00 
8.2500000e+00 4.4807190e+01 0.0000000e+00 
1.9500000e+01 4.1212223e+01 0.0000000e+00 
1.0500000e+01 4.4377449e+01 0.0000000e+00 
3.0750000e+01 3.3714386e+01 0.0000000e+00 
3.0000000e+01 3.4389046e+01 0.0000000e+00 
2.1000000e+01 4.0516758e+01 0.0000000e+00 
2.7750000e+01 3.6246197e+01 0.0000000e+00 
2.4750000e+01 3.8395981e+01 0.0000000e+00 
2.4000000e+01 3.8875000e+01 0.0000000e+00 
1.8000000e+01 4.1992039e+01 0.0000000e+00 
3.1500000e+01 3.3094925e+01 0.0000000e+00 
2.9250000e+01 3.5113007e+01 0.0000000e+00 
2.5500000e+01 3.7937500e+01 0.0000000e+00 
4.5000000e+00 4.5500000e+01 0.0000000e+00 
2.3250000e+01 3.9374882e+01 0.0000000e+00 
6.0000000e+00 4.5332962e+01 0.0000000e+00 
3.3000000e+01 3.1681219e+01 0.0000000e+00 
9.7500000e+00 4.4717503e+01 0.0000000e+00 
2.6250000e+01 3.7499641e+01 0.0000000e+00 
3.3750000e+01 3.0937500e+01 0.0000000e+00 
1.4250000e+01 4.3525200e+01 0.0000000e+00 
2.2500000e+01 3.9896339e+01 0.0000000e+00 
7.5000000e+00 4.5189690e+01 0.0000000e+00 
3.2250000e+01 3.2536873e+01 0.0000000e+00 
1.5000000e+01 4.3287724e+01 0.0000000e+00 
1.3500000e+01 4.3781239e+01 0.0000000e+00 
2.0250000e+01 4.1103851e+01 0.0000000e+00 
2.8500000e+01 3.5880894e+01 0.0000000e+00 
1.8750000e+01 4.1847691e+01 0.0000000e+00 
1.5750000e+01 4.3068401e+01 0.0000000e+00 
1.2750000e+01 4.4056133e+01 0.0000000e+00 
2.7000000e+01 3.7082878e+01 0.0000000e+00 
2.1750000e+01 4.0440472e+01 0.0000000e+00 
1.6500000e+01 4.2866745e+01 0.0000000e+00 
3.0750000e+01 3.4123066e+01 0.0000000e+00 
1.2000000e+01 4.4350044e+01 0.0000000e+00 
3.0000000e+01 3.4808029e+01 0.0000000e+00 
9.0000000e+00 4.5075649e+01 0.0000000e+00 
3.1500000e+01 3.3491745e+01 0.0000000e+00 
3.3000000e+01 3.2046509e+01 0.0000000e+00 
2.7750000e+01 3.6688068e+01 0.0000000e+00 
3.3750000e+01 3.1282003e+01 0.0000000e+00 
2.9250000e+01 3.5540878e+01 0.0000000e+00 
1.7250000e+01 4.2682201e+01 0.0000000e+00 
5.2500000e+00 4.5750000e+01 0.0000000e+00 
1.9500000e+01 4.1718189e+01 0.0000000e+00 
1.1250000e+01 4.4662991e+01 0.0000000e+00 
2.4750000e+01 3.8859570e+01 0.0000000e+00 
2.1000000e+01 4.1008732e+01 0.0000000e+00 
3.2250000e+01 3.2920181e+01 0.0000000e+00 
6.7500000e+00 4.5587784e+01 0.0000000e+00 
2.4000000e+01 3.9343750e+01 0.0000000e+00 
2.5500000e+01 3.8395981e+01 0.0000000e+00 
2.3250000e+01 3.9848972e+01 0.0000000e+00 
2.6250000e+01 3.7952930e+01 0.0000000e+00 
2.8500000e+01 3.6316425e+01 0.0000000e+00 
1.8000000e+01 4.2514160e+01 0.0000000e+00 
8.2500000e+00 4.5451164e+01 0.0000000e+00 
1.0500000e+01 4.4994812e+01 0.0000000e+00 
2.2500000e+01 4.0376080e+01 0.0000000e+00 
2.7000000e+01 3.7530773e+01 0.0000000e+00 
3.0750000e+01 3.4533154e+01 0.0000000e+00 
3.3750000e+01 3.1629877e+01 0.0000000e+00 
3.3000000e+01 3.2414589e+01 0.0000000e+00 
3.1500000e+01 3.3890373e+01 0.0000000e+00 
2.0250000e+01 4.1602898e+01 0.0000000e+00 
3.0000000e+01 3.5228062e+01 0.0000000e+00 
1.8750000e+01 4.2361988e+01 0.0000000e+00 
1.4250000e+01 4.4094284e+01 0.0000000e+00 
1.5000000e+01 4.3847023e+01 0.0000000e+00 
2.1750000e+01 4.0926292e+01 0.0000000e+00 
2.7750000e+01 3.7130234e+01 0.0000000e+00 
3.2250000e+01 3.3305721e+01 0.0000000e+00 
2.9250000e+01 3.5969486e+01 0.0000000e+00 
1.3500000e+01 4.4360371e+01 0.0000000e+00 
1.5750000e+01 4.3618221e+01 0.0000000e+00 
9.7500000e+00 4.5345146e+01 0.0000000e+00 
6.0000000e+00 4.6000000e+01 0.0000000e+00 
1.2750000e+01 4.4645527e+01 0.0000000e+00 
1.6500000e+01 4.3407425e+01 0.0000000e+00 
7.5000000e+00 4.5843044e+01 0.0000000e+00 
2.4750000e+01 3.9323128e+01 0.0000000e+00 
2.5500000e+01 3.8854439e+01 0.0000000e+00 
2.4000000e+01 3.9812500e+01 0.0000000e+00 
3.3750000e+01 3.1981010e+01 0.0000000e+00 
2.8500000e+01 3.6752419e+01 0.0000000e+00 
1.9500000e+01 4.2225029e+01 0.0000000e+00 
2.1000000e+01 4.1501179e+01 0.0000000e+00 
3.3000000e+01 3.2785355e+01 0.0000000e+00 
2.6250000e+01 3.8406250e+01 0.0000000e+00 
1.2000000e+01 4.4949860e+01 0.0000000e+00 
1.7250000e+01 4.3214092e+01 0.0000000e+00 
2.3250000e+01 4.0323132e+01 0.0000000e+00 
3.0750000e+01 3.4944572e+01 0.0000000e+00 
3.1500000e+01 3.4290718e+01 0.0000000e+00 
9.0000000e+00 4.5713398e+01 0.0000000e+00 
3.0000000e+01 3.5649071e+01 0.0000000e+00 
2.7000000e+01 3.7978783e+01 0.0000000e+00 
3.2250000e+01 3.3693401e+01 0.0000000e+00 
2.2500000e+01 4.0855999e+01 0.0000000e+00 
1.1250000e+01 4.5273308e+01 0.0000000e+00 
1.8000000e+01 4.3037636e+01 0.0000000e+00 
2.9250000e+01 3.6398758e+01 0.0000000e+00 
2.7750000e+01 3.7572643e+01 0.0000000e+00 
2.0250000e+01 4.2102627e+01 0.0000000e+00 
6.7500000e+00 4.6250000e+01 0.0000000e+00 
3.3750000e+01 3.2335297e+01 0.0000000e+00 
2.1750000e+01 4.1412437e+01 0.0000000e+00 
3.3000000e+01 3.3158699e+01 0.0000000e+00 
1.8750000e+01 4.2877422e+01 0.0000000e+00 
3.4500000e+01 3.1625000e+01 0.0000000e+00 
1.0500000e+01 4.5615627e+01 0.0000000e+00 
8.2500000e+00 4.6098724e+01 0.0000000e+00 
2.8500000e+01 3.7188820e+01 0.0000000e+00 
2.4750000e+01 3.9786648e+01 0.0000000e+00 
3.0750000e+01 3.5357235e+01 0.0000000e+00 
2.5500000e+01 3.9312859e+01 0.0000000e+00 
3.1500000e+01 3.4692692e+01 0.0000000e+00 
1.5000000e+01 4.4408699e+01 0.0000000e+00 
1.4250000e+01 4.4665977e+01 0.0000000e+00 
2.4000000e+01 4.0281250e+01 0.0000000e+00 
1.5750000e+01 4.4170181e+01 0.0000000e+00 
2.6250000e+01 3.8859570e+01 0.0000000e+00 
3.0000000e+01 3.6070980e+01 0.0000000e+00 
3.2250000e+01 3.4083118e+01 0.0000000e+00 
1.3500000e+01 4.4942341e+01 0.0000000e+00 
1.6500000e+01 4.3950001e+01 0.0000000e+00 
2.1000000e+01 4.1994137e+01 0.0000000e+00 
2.3250000e+01 4.0797375e+01 0.0000000e+00 
2.7000000e+01 3.8426872e+01 0.0000000e+00 
1.9500000e+01 4.2732796e+01 0.0000000e+00 
3.3750000e+01 3.2692623e+01 0.0000000e+00 
9.7500000e+00 4.5976360e+01 0.0000000e+00 
1.2750000e+01 4.5237972e+01 0.0000000e+00 
1.7250000e+01 4.3747643e+01 0.0000000e+00 
3.4500000e+01 3.1961149e+01 0.0000000e+00 
2.9250000e+01 3.6828632e+01 0.0000000e+00 
3.3000000e+01 3.3534523e+01 0.0000000e+00 
2.2500000e+01 4.1336117e+01 0.0000000e+00 
2.7750000e+01 3.8015251e+01 0.0000000e+00 
7.5000000e+00 4.6500000e+01 0.0000000e+00 
1.2000000e+01 4.5552917e+01 0.0000000e+00 
1.8000000e+01 4.3562538e+01 0.0000000e+00 
3.1500000e+01 3.5096199e+01 0.0000000e+00 
2.0250000e+01 4.2603088e+01 0.0000000e+00 
3.0750000e+01 3.5771061e+01 0.0000000e+00 
2.8500000e+01 3.7625568e+01 0.0000000e+00 
3.2250000e+01 3.4474777e+01 0.0000000e+00 
2.1750000e+01 4.1898941e+01 0.0000000e+00 
9.0000000e+00 4.6354809e+01 0.0000000e+00 
3.3750000e+01 3.3052887e+01 0.0000000e+00 
3.0000000e+01 3.6493717e+01 0.0000000e+00 
2.5500000e+01 3.9771217e+01 0.0000000e+00 
1.1250000e+01 4.5887043e+01 0.0000000e+00 
2.4750000e+01 4.0250118e+01 0.0000000e+00 
3.4500000e+01 3.2300812e+01 0.0000000e+00 
2.6250000e+01 3.9312859e+01 0.0000000e+00 
1.8750000e+01 4.3394058e+01 0.0000000e+00 
2.4000000e+01 4.0750000e+01 0.0000000e+00 
3.3000000e+01 3.3912724e+01 0.0000000e+00 
2.7000000e+01 3.8875000e+01 0.0000000e+00 
2.9250000e+01 3.7259045e+01 0.0000000e+00 
2.3250000e+01 4.1271702e+01 0.0000000e+00 
2.1000000e+01 4.2487648e+01 0.0000000e+00 
1.5000000e+01 4.4972855e+01 0.0000000e+00 
1.5750000e+01 4.4724373e+01 0.0000000e+00 
1.0500000e+01 4.6240013e+01 0.0000000e+00 
2.7750000e+01 3.8458000e+01 0.0000000e+00 
1.4250000e+01 4.5240387e+01 0.0000000e+00 
1.9500000e+01 4.3241547e+01 0.0000000e+00 
1.6500000e+01 4.4494564e+01 0.0000000e+00 
3.1500000e+01 3.5501152e+01 0.0000000e+00 
8.2500000e+00 4.6750000e+01 0.0000000e+00 
2.2500000e+01 4.1816452e+01 0.0000000e+00 
1.3500000e+01 4.5527252e+01 0.0000000e+00 
3.0750000e+01 3.6185963e+01 0.0000000e+00 
3.3750000e+01 3.3415977e+01 0.0000000e+00 
3.2250000e+01 3.4868286e+01 0.0000000e+00 
3.4500000e+01 3.2643875e+01 0.0000000e+00 
1.7250000e+01 4.4282940e+01 0.0000000e+00 
2.8500000e+01 3.8062607e+01 0.0000000e+00 
3.0000000e+01 3.6917206e+01 0.0000000e+00 
1.2750000e+01 4.5833580e+01 0.0000000e+00 
3.3000000e+01 3.4293194e+01 0.0000000e+00 
9.7500000e+00 4.6611271e+01 0.0000000e+00 
1.8000000e+01 4.4088943e+01 0.0000000e+00 
2.0250000e+01 4.3104332e+01 0.0000000e+00 
2.5500000e+01 4.0229500e+01 0.0000000e+00 
2.1750000e+01 4.2385830e+01 0.0000000e+00 
2.4750000e+01 4.0713528e+01 0.0000000e+00 
2.6250000e+01 3.9766087e+01 0.0000000e+00 
1.2000000e+01 4.6159340e+01 0.0000000e+00 
2.4000000e+01 4.1218750e+01 0.0000000e+00 
2.7000000e+01 3.9323128e+01 0.0000000e+00 
2.9250000e+01 3.7689919e+01 0.0000000e+00 
3.4500000e+01 3.2990227e+01 0.0000000e+00 
1.8750000e+01 4.3911961e+01 0.0000000e+00 
3.3750000e+01 3.3781784e+01 0.0000000e+00 
3.1500000e+01 3.5907463e+01 0.0000000e+00 
2.3250000e+01 4.1746136e+01 0.0000000e+00 
2.7750000e+01 3.8900852e+01 0.0000000e+00 
3.2250000e+01 3.5263538e+01 0.0000000e+00 
3.0750000e+01 3.6601864e+01 0.0000000e+00 
3.5250000e+01 3.2312500e+01 0.0000000e+00 
2.1000000e+01 4.2981750e+01 0.0000000e+00 
1.1250000e+01 4.6504322e+01 0.0000000e+00 
9.0000000e+00 4.7000000e+01 0.0000000e+00 
3.3000000e+01 3.4675835e+01 0.0000000e+00 
3.0000000e+01 3.7341370e+01 0.0000000e+00 
1.9500000e+01 4.3751339e+01 0.0000000e+00 
2.8500000e+01 3.8499878e+01 0.0000000e+00 
2.2500000e+01 4.2297028e+01 0.0000000e+00 
1.5750000e+01 4.5280899e+01 0.0000000e+00 
1.5000000e+01 4.5539589e+01 0.0000000e+00 
1.6500000e+01 4.5041206e+01 0.0000000e+00 
3.4500000e+01 3.3339752e+01 0.0000000e+00 
1.4250000e+01 4.5817623e+01 0.0000000e+00 
3.3750000e+01 3.4150200e+01 0.0000000e+00 
2.5500000e+01 4.0687679e+01 0.0000000e+00 
1.7250000e+01 4.4820061e+01 0.0000000e+00 
2.6250000e+01 4.0219227e+01 0.0000000e+00 
1.0500000e+01 4.6868095e+01 0.0000000e+00 
3.5250000e+01 3.2640564e+01 0.0000000e+00 
2.4750000e+01 4.1176868e+01 0.0000000e+00 
2.9250000e+01 3.8121197e+01 0.0000000e+00 
1.3500000e+01 4.6115227e+01 0.0000000e+00 
2.7000000e+01 3.9771217e+01 0.0000000e+00 
3.1500000e+01 3.6315037e+01 0.0000000e+00 
2.1750000e+01 4.2873138e+01 0.0000000e+00 
2.0250000e+01 4.3606407e+01 0.0000000e+00 
3.2250000e+01 3.5660446e+01 0.0000000e+00 
2.4000000e+01 4.1687500e+01 0.0000000e+00 
1.8000000e+01 4.4616924e+01 0.0000000e+00 
3.0750000e+01 3.7018673e+01 0.0000000e+00 
2.7750000e+01 3.9343750e+01 0.0000000e+00 
3.3000000e+01 3.5060539e+01 0.0000000e+00 
1.2750000e+01 4.6432468e+01 0.0000000e+00 
2.3250000e+01 4.2220676e+01 0.0000000e+00 
3.4500000e+01 3.3692341e+01 0.0000000e+00 
1.8750000e+01 4.4431198e+01 0.0000000e+00 
3.0000000e+01 3.7766132e+01 0.0000000e+00 
9.7500000e+00 4.7250000e+01 0.0000000e+00 
2.8500000e+01 3.8937321e+01 0.0000000e+00 
3.5250000e+01 3.2972260e+01 0.0000000e+00 
3.3750000e+01 3.4521118e+01 0.0000000e+00 
2.1000000e+01 4.3476482e+01 0.0000000e+00 
1.2000000e+01 4.6769249e+01 0.0000000e+00 
2.2500000e+01 4.2777866e+01 0.0000000e+00 
1.9500000e+01 4.4262238e+01 0.0000000e+00 
3.2250000e+01 3.6058907e+01 0.0000000e+00 
3.1500000e+01 3.6723785e+01 0.0000000e+00 
2.9250000e+01 3.8552807e+01 0.0000000e+00 
2.5500000e+01 4.1145741e+01 0.0000000e+00 
2.6250000e+01 4.0672249e+01 0.0000000e+00 
3.3000000e+01 3.5447205e+01 0.0000000e+00 
2.4750000e+01 4.1640125e+01 0.0000000e+00 
2.7000000e+01 4.0219227e+01 0.0000000e+00 
3.0750000e+01 3.7436317e+01 0.0000000e+00 
1.1250000e+01 4.7125267e+01 0.0000000e+00 
1.5750000e+01 4.5839851e+01 0.0000000e+00 
3.4500000e+01 3.4047871e+01 0.0000000e+00 
1.6500000e+01 4.5590015e+01 0.0000000e+00 
1.5000000e+01 4.6109009e+01 0.0000000e+00 
3.5250000e+01 3.3307468e+01 0.0000000e+00 
2.7750000e+01 3.9786648e+01 0.0000000e+00 
2.4000000e+01 4.2156250e+01 0.0000000e+00 
2.1750000e+01 4.3360893e+01 0.0000000e+00 
1.7250000e+01 4.5359089e+01 0.0000000e+00 
2.0250000e+01 4.4109364e+01 0.0000000e+00 
1.4250000e+01 4.6397797e+01 0.0000000e+00 
3.3750000e+01 3.4894424e+01 0.0000000e+00 
3.0000000e+01 3.8191425e+01 0.0000000e+00 
1.8000000e+01 4.5146557e+01 0.0000000e+00 
2.8500000e+01 3.9374882e+01 0.0000000e+00 
2.3250000e+01 4.2695335e+01 0.0000000e+00 
1.3500000e+01 4.6706375e+01 0.0000000e+00 
1.0500000e+01 4.7500000e+01 0.0000000e+00 
3.2250000e+01 3.6458820e+01 0.0000000e+00 
3.1500000e+01 3.7133617e+01 0.0000000e+00 
1.8750000e+01 4.4951836e+01 0.0000000e+00 
3.3000000e+01 3.5835732e+01 0.0000000e+00 
3.4500000e+01 3.4406239e+01 0.0000000e+00 
2.1000000e+01 4.3971889e+01 0.0000000e+00 
3.5250000e+01 3.3646080e+01 0.0000000e+00 
1.2750000e+01 4.7034760e+01 0.0000000e+00 
2.9250000e+01 3.8984684e+01 0.0000000e+00 
2.2500000e+01 4.3258980e+01 0.0000000e+00 
3.0750000e+01 3.7854706e+01 0.0000000e+00 
2.6250000e+01 4.1125122e+01 0.0000000e+00 
2.5500000e+01 4.1603661e+01 0.0000000e+00 
2.7000000e+01 4.0667122e+01 0.0000000e+00 
3.3750000e+01 3.5270012e+01 0.0000000e+00 
1.9500000e+01 4.4774292e+01 0.0000000e+00 
3.6000000e+01 3.3000000e+01 0.0000000e+00 
2.4750000e+01 4.2103298e+01 0.0000000e+00 
2.7750000e+01 4.0229500e+01 0.0000000e+00 
1.2000000e+01 4.7382763e+01 0.0000000e+00 
3.0000000e+01 3.8617165e+01 0.0000000e+00 
2.4000000e+01 4.2625000e+01 0.0000000e+00 
2.1750000e+01 4.3849121e+01 0.0000000e+00 
2.8500000e+01 3.9812500e+01 0.0000000e+00 
3.5250000e+01 3.3987972e+01 0.0000000e+00 
3.2250000e+01 3.6860100e+01 0.0000000e+00 
3.4500000e+01 3.4767326e+01 0.0000000e+00 
2.0250000e+01 4.4613247e+01 0.0000000e+00 
1.5750000e+01 4.6401329e+01 0.0000000e+00 
1.6500000e+01 4.6141087e+01 0.0000000e+00 
3.3000000e+01 3.6226013e+01 0.0000000e+00 
3.1500000e+01 3.7544445e+01 0.0000000e+00 
1.5000000e+01 4.6681217e+01 0.0000000e+00 
2.3250000e+01 4.3170124e+01 0.0000000e+00 
1.7250000e+01 4.5900108e+01 0.0000000e+00 
3.6000000e+01 3.3320263e+01 0.0000000e+00 
1.1250000e+01 4.7750000e+01 0.0000000e+00 
2.9250000e+01 3.9416759e+01 0.0000000e+00 
3.3750000e+01 3.5647778e+01 0.0000000e+00 
1.4250000e+01 4.6981010e+01 0.0000000e+00 
3.0750000e+01 3.8273758e+01 0.0000000e+00 
1.8000000e+01 4.5677917e+01 0.0000000e+00 
2.6250000e+01 4.1577816e+01 0.0000000e+00 
2.1000000e+01 4.4468002e+01 0.0000000e+00 
2.5500000e+01 4.2061420e+01 0.0000000e+00 
2.7000000e+01 4.1114857e+01 0.0000000e+00 
1.8750000e+01 4.5473946e+01 0.0000000e+00 
2.2500000e+01 4.3740395e+01 0.0000000e+00 
1.3500000e+01 4.7300812e+01 0.0000000e+00 
3.5250000e+01 3.4333027e+01 0.0000000e+00 
2.7750000e+01 4.0672249e+01 0.0000000e+00 
3.0000000e+01 3.9043282e+01 0.0000000e+00 
3.4500000e+01 3.5131023e+01 0.0000000e+00 
2.4750000e+01 4.2566364e+01 0.0000000e+00 
3.6000000e+01 3.3644249e+01 0.0000000e+00 
3.2250000e+01 3.7262638e+01 0.0000000e+00 
3.3000000e+01 3.6617947e+01 0.0000000e+00 
1.9500000e+01 4.5287563e+01 0.0000000e+00 
1.2750000e+01 4.7640564e+01 0.0000000e+00 
2.8500000e+01 4.0250118e+01 0.0000000e+00 
3.1500000e+01 3.7956173e+01 0.0000000e+00 
2.4000000e+01 4.3093750e+01 0.0000000e+00 
3.3750000e+01 3.6027607e+01 0.0000000e+00 
2.1750000e+01 4.4337860e+01 0.0000000e+00 
3.0750000e+01 3.8693394e+01 0.0000000e+00 
2.9250000e+01 3.9848972e+01 0.0000000e+00 
3.5250000e+01 3.4681133e+01 0.0000000e+00 
2.3250000e+01 4.3645058e+01 0.0000000e+00 
2.0250000e+01 4.5118103e+01 0.0000000e+00 
1.2000000e+01 4.8000000e+01 0.0000000e+00 
3.6000000e+01 3.3971840e+01 0.0000000e+00 
3.4500000e+01 3.5497211e+01 0.0000000e+00 
1.6500000e+01 4.6694504e+01 0.0000000e+00 
1.5750000e+01 4.6965427e+01 0.0000000e+00 
1.7250000e+01 4.6443207e+01 0.0000000e+00 
2.6250000e+01 4.2030300e+01 0.0000000e+00 
2.7000000e+01 4.1562393e+01 0.0000000e+00 
3.0000000e+01 3.9469700e+01 0.0000000e+00 
2.5500000e+01 4.2519001e+01 0.0000000e+00 
1.5000000e+01 4.7256317e+01 0.0000000e+00 
3.2250000e+01 3.7666344e+01 0.0000000e+00 
3.3000000e+01 3.7011429e+01 0.0000000e+00 
1.8000000e+01 4.6211082e+01 0.0000000e+00 
2.7750000e+01 4.1114857e+01 0.0000000e+00 
2.2500000e+01 4.4222130e+01 0.0000000e+00 
2.1000000e+01 4.4964863e+01 0.0000000e+00 
2.4750000e+01 4.3029324e+01 0.0000000e+00 
3.1500000e+01 3.8368717e+01 0.0000000e+00 
3.3750000e+01 3.6409389e+01 0.0000000e+00 
1.4250000e+01 4.7567375e+01 0.0000000e+00 
1.8750000e+01 4.5997589e+01 0.0000000e+00 
2.8500000e+01 4.0687679e+01 0.0000000e+00 
3.5250000e+01 3.5032166e+01 0.0000000e+00 
3.6000000e+01 3.4302917e+01 0.0000000e+00 
2.4000000e+01 4.3562500e+01 0.0000000e+00 
3.0750000e+01 3.9113525e+01 0.0000000e+00 
1.3500000e+01 4.7898651e+01 0.0000000e+00 
3.4500000e+01 3.5865780e+01 0.0000000e+00 
1.9500000e+01 4.5802113e+01 0.0000000e+00 
2.9250000e+01 4.0281250e+01 0.0000000e+00 
2.1750000e+01 4.4827133e+01 0.0000000e+00 
3.6750000e+01 3.3687500e+01 0.0000000e+00 
2.3250000e+01 4.4120136e+01 0.0000000e+00 
3.3000000e+01 3.7406357e+01 0.0000000e+00 
3.2250000e+01 3.8071117e+01 0.0000000e+00 
1.2750000e+01 4.8250000e+01 0.0000000e+00 
2.0250000e+01 4.5623989e+01 0.0000000e+00 
3.0000000e+01 3.9896339e+01 0.0000000e+00 
3.3750000e+01 3.6793022e+01 0.0000000e+00 
2.7000000e+01 4.2009693e+01 0.0000000e+00 
2.6250000e+01 4.2482548e+01 0.0000000e+00 
3.5250000e+01 3.5386013e+01 0.0000000e+00 
3.6000000e+01 3.4637360e+01 0.0000000e+00 
3.1500000e+01 3.8781986e+01 0.0000000e+00 
2.7750000e+01 4.1557266e+01 0.0000000e+00 
2.5500000e+01 4.2976383e+01 0.0000000e+00 
3.4500000e+01 3.6236618e+01 0.0000000e+00 
2.8500000e+01 4.1125122e+01 0.0000000e+00 
2.4750000e+01 4.3492165e+01 0.0000000e+00 
2.2500000e+01 4.4704201e+01 0.0000000e+00 
1.6500000e+01 4.7250362e+01 0.0000000e+00 
1.7250000e+01 4.6988461e+01 0.0000000e+00 
3.6750000e+01 3.4000267e+01 0.0000000e+00 
1.5750000e+01 4.7532249e+01 0.0000000e+00 
2.1000000e+01 4.5462517e+01 0.0000000e+00 
3.0750000e+01 3.9534073e+01 0.0000000e+00 
1.8000000e+01 4.6746120e+01 0.0000000e+00 
1.5000000e+01 4.7834412e+01 0.0000000e+00 
2.9250000e+01 4.0713528e+01 0.0000000e+00 
2.4000000e+01 4.4031250e+01 0.0000000e+00 
1.8750000e+01 4.6522831e+01 0.0000000e+00 
3.3000000e+01 3.7802628e+01 0.0000000e+00 
3.6000000e+01 3.4975044e+01 0.0000000e+00 
3.5250000e+01 3.5742554e+01 0.0000000e+00 
3.2250000e+01 3.8476864e+01 0.0000000e+00 
3.3750000e+01 3.7178394e+01 0.0000000e+00 
1.4250000e+01 4.8157005e+01 0.0000000e+00 
1.9500000e+01 4.6317993e+01 0.0000000e+00 
3.0000000e+01 4.0323132e+01 0.0000000e+00 
2.1750000e+01 4.5316971e+01 0.0000000e+00 
3.6750000e+01 3.4316822e+01 0.0000000e+00 
3.1500000e+01 3.9195885e+01 0.0000000e+00 
2.3250000e+01 4.4595379e+01 0.0000000e+00 
3.4500000e+01 3.6609608e+01 0.0000000e+00 
2.7000000e+01 4.2456718e+01 0.0000000e+00 
2.6250000e+01 4.2934528e+01 0.0000000e+00 
2.7750000e+01 4.1999432e+01 0.0000000e+00 
1.3500000e+01 4.8500000e+01 0.0000000e+00 
2.5500000e+01 4.3433548e+01 0.0000000e+00 
2.0250000e+01 4.6130947e+01 0.0000000e+00 
2.8500000e+01 4.1562393e+01 0.0000000e+00 
3.0750000e+01 3.9954952e+01 0.0000000e+00 
3.6000000e+01 3.5315853e+01 0.0000000e+00 
2.4750000e+01 4.3954876e+01 0.0000000e+00 
3.5250000e+01 3.6101673e+01 0.0000000e+00 
2.2500000e+01 4.5186634e+01 0.0000000e+00 
3.3000000e+01 3.8200138e+01 0.0000000e+00 
2.9250000e+01 4.1145741e+01 0.0000000e+00 
3.3750000e+01 3.7565395e+01 0.0000000e+00 
3.6750000e+01 3.4637043e+01 0.0000000e+00 
3.2250000e+01 3.8883480e+01 0.0000000e+00 
2.1000000e+01 4.5960995e+01 0.0000000e+00 
2.4000000e+01 4.4500000e+01 0.0000000e+00 
1.7250000e+01 4.7535954e+01 0.0000000e+00 
1.6500000e+01 4.7808750e+01 0.0000000e+00 
3.4500000e+01 3.6984638e+01 0.0000000e+00 
1.8000000e+01 4.7283115e+01 0.0000000e+00 
3.0000000e+01 4.0750000e+01 0.0000000e+00 
3.1500000e+01 3.9610325e+01 0.0000000e+00 
1.5750000e+01 4.8101887e+01 0.0000000e+00 
1.8750000e+01 4.7049744e+01 0.0000000e+00 
3.6000000e+01 3.5659668e+01 0.0000000e+00 
1.5000000e+01 4.8415607e+01 0.0000000e+00 
2.7000000e+01 4.2903427e+01 0.0000000e+00 
2.7750000e+01 4.2441303e+01 0.0000000e+00 
2.1750000e+01 4.5807404e+01 0.0000000e+00 
2.6250000e+01 4.3386208e+01 0.0000000e+00 
2.3250000e+01 4.5070789e+01 0.0000000e+00 
3.5250000e+01 3.6463257e+01 0.0000000e+00 
3.6750000e+01 3.4960808e+01 0.0000000e+00 
1.9500000e+01 4.6835266e+01 0.0000000e+00 
3.0750000e+01 4.0376080e+01 0.0000000e+00 
2.8500000e+01 4.1999432e+01 0.0000000e+00 
2.5500000e+01 4.3890472e+01 0.0000000e+00 
3.3000000e+01 3.8598785e+01 0.0000000e+00 
3.3750000e+01 3.7953922e+01 0.0000000e+00 
1.4250000e+01 4.8750000e+01 0.0000000e+00 
3.2250000e+01 3.9290878e+01 0.0000000e+00 
2.9250000e+01 4.1577816e+01 0.0000000e+00 
2.0250000e+01 4.6639030e+01 0.0000000e+00 
2.4750000e+01 4.4417442e+01 0.0000000e+00 
3.4500000e+01 3.7361595e+01 0.0000000e+00 
3.7500000e+01 3.4375000e+01 0.0000000e+00 
2.2500000e+01 4.5669445e+01 0.0000000e+00 
3.6000000e+01 3.6006367e+01 0.0000000e+00 
3.1500000e+01 4.0025219e+01 0.0000000e+00 
3.0000000e+01 4.1176868e+01 0.0000000e+00 
3.6750000e+01 3.5287991e+01 0.0000000e+00 
2.4000000e+01 4.4968750e+01 0.0000000e+00 
3.5250000e+01 3.6827183e+01 0.0000000e+00 
2.1000000e+01 4.6460342e+01 0.0000000e+00 
2.7000000e+01 4.3349781e+01 0.0000000e+00 
3.7500000e+01 3.4680595e+01 0.0000000e+00 
2.7750000e+01 4.2882835e+01 0.0000000e+00 
3.3750000e+01 3.8343857e+01 0.0000000e+00 
1.7250000e+01 4.8085773e+01 0.0000000e+00 
3.3000000e+01 3.8998463e+01 0.0000000e+00 
3.0750000e+01 4.0797375e+01 0.0000000e+00 
2.6250000e+01 4.3837563e+01 0.0000000e+00 
1.8000000e+01 4.7822136e+01 0.0000000e+00 
1.6500000e+01 4.8369759e+01 0.0000000e+00 
2.8500000e+01 4.2436180e+01 0.0000000e+00 
3.4500000e+01 3.7740368e+01 0.0000000e+00 
2.3250000e+01 4.5546379e+01 0.0000000e+00 
1.8750000e+01 4.7578392e+01 0.0000000e+00 
3.2250000e+01 3.9698956e+01 0.0000000e+00 
2.1750000e+01 4.6298466e+01 0.0000000e+00 
2.5500000e+01 4.4347134e+01 0.0000000e+00 
1.5750000e+01 4.8674438e+01 0.0000000e+00 
3.6000000e+01 3.6355827e+01 0.0000000e+00 
3.6750000e+01 3.5618477e+01 0.0000000e+00 
2.9250000e+01 4.2009693e+01 0.0000000e+00 
1.9500000e+01 4.7353989e+01 0.0000000e+00 
3.5250000e+01 3.7193333e+01 0.0000000e+00 
1.5000000e+01 4.9000000e+01 0.0000000e+00 
2.4750000e+01 4.4879864e+01 0.0000000e+00 
3.1500000e+01 4.0440472e+01 0.0000000e+00 
3.7500000e+01 3.4990013e+01 0.0000000e+00 
3.0000000e+01 4.1603661e+01 0.0000000e+00 
2.0250000e+01 4.7148285e+01 0.0000000e+00 
2.2500000e+01 4.6152653e+01 0.0000000e+00 
3.3750000e+01 3.8735100e+01 0.0000000e+00 
2.4000000e+01 4.5437500e+01 0.0000000e+00 
3.3000000e+01 3.9399071e+01 0.0000000e+00 
3.6750000e+01 3.5952137e+01 0.0000000e+00 
3.4500000e+01 3.8120838e+01 0.0000000e+00 
3.6000000e+01 3.6707932e+01 0.0000000e+00 
3.0750000e+01 4.1218750e+01 0.0000000e+00 
2.1000000e+01 4.6960594e+01 0.0000000e+00 
2.7750000e+01 4.3323975e+01 0.0000000e+00 
2.7000000e+01 4.3795742e+01 0.0000000e+00 
3.2250000e+01 4.0107613e+01 0.0000000e+00 
2.8500000e+01 4.2872581e+01 0.0000000e+00 
2.6250000e+01 4.4288559e+01 0.0000000e+00 
3.7500000e+01 3.5303127e+01 0.0000000e+00 
3.5250000e+01 3.7561596e+01 0.0000000e+00 
2.9250000e+01 4.2441303e+01 0.0000000e+00 
2.5500000e+01 4.4803520e+01 0.0000000e+00 
2.3250000e+01 4.6022160e+01 0.0000000e+00 
3.1500000e+01 4.0855999e+01 0.0000000e+00 
2.1750000e+01 4.6790180e+01 0.0000000e+00 
1.8000000e+01 4.8363258e+01 0.0000000e+00 
1.7250000e+01 4.8637997e+01 0.0000000e+00 
1.8750000e+01 4.8108845e+01 0.0000000e+00 
3.0000000e+01 4.2030300e+01 0.0000000e+00 
1.6500000e+01 4.8933479e+01 0.0000000e+00 
3.6750000e+01 3.6288853e+01 0.0000000e+00 
2.4750000e+01 4.5342121e+01 0.0000000e+00 
3.6000000e+01 3.7062561e+01 0.0000000e+00 
3.3750000e+01 3.9127537e+01 0.0000000e+00 
1.9500000e+01 4.7874218e+01 0.0000000e+00 
3.4500000e+01 3.8502895e+01 0.0000000e+00 
3.3000000e+01 3.9800507e+01 0.0000000e+00 
1.5750000e+01 4.9250000e+01 0.0000000e+00 
3.7500000e+01 3.5619812e+01 0.0000000e+00 
3.0750000e+01 4.1640125e+01 0.0000000e+00 
2.2500000e+01 4.6636284e+01 0.0000000e+00 
3.5250000e+01 3.7931850e+01 0.0000000e+00 
2.0250000e+01 4.7658764e+01 0.0000000e+00 
3.2250000e+01 4.0516758e+01 0.0000000e+00 
2.4000000e+01 4.5906250e+01 0.0000000e+00 
2.7750000e+01 4.3764675e+01 0.0000000e+00 
2.7000000e+01 4.4241268e+01 0.0000000e+00 
2.8500000e+01 4.3308575e+01 0.0000000e+00 
2.6250000e+01 4.4739170e+01 0.0000000e+00 
3.6750000e+01 3.6628502e+01 0.0000000e+00 
3.8250000e+01 3.5062500e+01 0.0000000e+00 
2.9250000e+01 4.2872581e+01 0.0000000e+00 
2.1000000e+01 4.7461796e+01 0.0000000e+00 
3.1500000e+01 4.1271702e+01 0.0000000e+00 
3.6000000e+01 3.7419594e+01 0.0000000e+00 
3.7500000e+01 3.5939949e+01 0.0000000e+00 
2.5500000e+01 4.5259605e+01 0.0000000e+00 
3.3750000e+01 3.9521061e+01 0.0000000e+00 
3.4500000e+01 3.8886429e+01 0.0000000e+00 
3.0000000e+01 4.2456718e+01 0.0000000e+00 
2.3250000e+01 4.6498142e+01 0.0000000e+00 
3.3000000e+01 4.0202663e+01 0.0000000e+00 
2.1750000e+01 4.7282578e+01 0.0000000e+00 
3.5250000e+01 3.8303978e+01 0.0000000e+00 
2.4750000e+01 4.5804211e+01 0.0000000e+00 
3.8250000e+01 3.5361271e+01 0.0000000e+00 
3.0750000e+01 4.2061420e+01 0.0000000e+00 
3.2250000e+01 4.0926292e+01 0.0000000e+00 
1.8000000e+01 4.8906563e+01 0.0000000e+00 
3.6750000e+01 3.6970959e+01 0.0000000e+00 
1.7250000e+01 4.9192711e+01 0.0000000e+00 
1.8750000e+01 4.8641163e+01 0.0000000e+00 
3.7500000e+01 3.6263412e+01 0.0000000e+00 
1.9500000e+01 4.8396011e+01 0.0000000e+00 
1.6500000e+01 4.9500000e+01 0.0000000e+00 
3.6000000e+01 3.7778908e+01 0.0000000e+00 
2.7750000e+01 4.4204887e+01 0.0000000e+00 
2.8500000e+01 4.3744106e+01 0.0000000e+00 
2.7000000e+01 4.4686321e+01 0.0000000e+00 
2.2500000e+01 4.7120350e+01 0.0000000e+00 
2.4000000e+01 4.6375000e+01 0.0000000e+00 
3.1500000e+01 4.1687500e+01 0.0000000e+00 
2.0250000e+01 4.8170509e+01 0.0000000e+00 
2.9250000e+01 4.3303455e+01 0.0000000e+00 
2.6250000e+01 4.5189362e+01 0.0000000e+00 
3.3750000e+01 3.9915562e+01 0.0000000e+00 
3.4500000e+01 3.9271320e+01 0.0000000e+00 
3.8250000e+01 3.5663860e+01 0.0000000e+00 
3.3000000e+01 4.0605438e+01 0.0000000e+00 
3.5250000e+01 3.8677868e+01 0.0000000e+00 
3.0000000e+01 4.2882835e+01 0.0000000e+00 
2.5500000e+01 4.5715370e+01 0.0000000e+00 
2.1000000e+01 4.7963978e+01 0.0000000e+00 
3.6750000e+01 3.7316105e+01 0.0000000e+00 
3.7500000e+01 3.6590080e+01 0.0000000e+00 
2.3250000e+01 4.6974335e+01 0.0000000e+00 
3.2250000e+01 4.1336117e+01 0.0000000e+00 
3.0750000e+01 4.2482548e+01 0.0000000e+00 
3.6000000e+01 3.8140385e+01 0.0000000e+00 
2.4750000e+01 4.6266121e+01 0.0000000e+00 
2.1750000e+01 4.7775692e+01 0.0000000e+00 
3.8250000e+01 3.5970146e+01 0.0000000e+00 
3.4500000e+01 3.9657463e+01 0.0000000e+00 
2.7750000e+01 4.4644562e+01 0.0000000e+00 
3.3750000e+01 4.0310932e+01 0.0000000e+00 
2.8500000e+01 4.4179115e+01 0.0000000e+00 
3.1500000e+01 4.2103298e+01 0.0000000e+00 
2.7000000e+01 4.5130863e+01 0.0000000e+00 
3.5250000e+01 3.9053394e+01 0.0000000e+00 
2.9250000e+01 4.3733868e+01 0.0000000e+00 
3.6750000e+01 3.7663818e+01 0.0000000e+00 
3.7500000e+01 3.6919827e+01 0.0000000e+00 
1.8000000e+01 4.9452118e+01 0.0000000e+00 
1.8750000e+01 4.9175419e+01 0.0000000e+00 
2.4000000e+01 4.6843750e+01 0.0000000e+00 
3.3000000e+01 4.1008732e+01 0.0000000e+00 
2.6250000e+01 4.5639107e+01 0.0000000e+00 
2.2500000e+01 4.7604877e+01 0.0000000e+00 
1.7250000e+01 4.9750000e+01 0.0000000e+00 
1.9500000e+01 4.8919430e+01 0.0000000e+00 
3.0000000e+01 4.3308575e+01 0.0000000e+00 
3.6000000e+01 3.8503906e+01 0.0000000e+00 
3.8250000e+01 3.6280003e+01 0.0000000e+00 
2.0250000e+01 4.8683575e+01 0.0000000e+00 
2.5500000e+01 4.6170799e+01 0.0000000e+00 
3.2250000e+01 4.1746136e+01 0.0000000e+00 
3.0750000e+01 4.2903427e+01 0.0000000e+00 
2.1000000e+01 4.8467190e+01 0.0000000e+00 
2.3250000e+01 4.7450745e+01 0.0000000e+00 
3.4500000e+01 4.0044735e+01 0.0000000e+00 
3.7500000e+01 3.7252529e+01 0.0000000e+00 
3.6750000e+01 3.8013977e+01 0.0000000e+00 
2.4750000e+01 4.6727840e+01 0.0000000e+00 
3.3750000e+01 4.0707066e+01 0.0000000e+00 
3.5250000e+01 3.9430447e+01 0.0000000e+00 
3.9000000e+01 3.5750000e+01 0.0000000e+00 
3.1500000e+01 4.2519001e+01 0.0000000e+00 
3.8250000e+01 3.6593307e+01 0.0000000e+00 
2.7750000e+01 4.5083649e+01 0.0000000e+00 
2.8500000e+01 4.4613544e+01 0.0000000e+00 
2.1750000e+01 4.8269550e+01 0.0000000e+00 
3.3000000e+01 4.1412437e+01 0.0000000e+00 
2.9250000e+01 4.4163742e+01 0.0000000e+00 
2.7000000e+01 4.5574852e+01 0.0000000e+00 
3.6000000e+01 3.8869350e+01 0.0000000e+00 
3.0000000e+01 4.3733868e+01 0.0000000e+00 
2.6250000e+01 4.6088379e+01 0.0000000e+00 
2.4000000e+01 4.7312500e+01 0.0000000e+00 
3.2250000e+01 4.2156250e+01 0.0000000e+00 
2.2500000e+01 4.8089882e+01 0.0000000e+00 
3.7500000e+01 3.7588066e+01 0.0000000e+00 
3.9000000e+01 3.6042309e+01 0.0000000e+00 
3.0750000e+01 4.3323975e+01 0.0000000e+00 
3.6750000e+01 3.8366455e+01 0.0000000e+00 
1.8750000e+01 4.9711674e+01 0.0000000e+00 
1.8000000e+01 5.0000000e+01 0.0000000e+00 
2.5500000e+01 4.6625866e+01 0.0000000e+00 
1.9500000e+01 4.9444527e+01 0.0000000e+00 
3.4500000e+01 4.0433029e+01 0.0000000e+00 
3.8250000e+01 3.6909939e+01 0.0000000e+00 
3.5250000e+01 3.9808907e+01 0.0000000e+00 
3.3750000e+01 4.1103851e+01 0.0000000e+00 
2.0250000e+01 4.9198006e+01 0.0000000e+00 
3.6000000e+01 3.9236595e+01 0.0000000e+00 
3.1500000e+01 4.2934528e+01 0.0000000e+00 
2.3250000e+01 4.7927387e+01 0.0000000e+00 
3.3000000e+01 4.1816452e+01 0.0000000e+00 
2.1000000e+01 4.8971466e+01 0.0000000e+00 
2.4750000e+01 4.7189358e+01 0.0000000e+00 
3.9000000e+01 3.6338398e+01 0.0000000e+00 
2.8500000e+01 4.5047337e+01 0.0000000e+00 
2.7750000e+01 4.5522102e+01 0.0000000e+00 
2.9250000e+01 4.4593014e+01 0.0000000e+00 
3.7500000e+01 3.7926315e+01 0.0000000e+00 
2.7000000e+01 4.6018250e+01 0.0000000e+00 
3.8250000e+01 3.7229774e+01 0.0000000e+00 
3.6750000e+01 3.8721130e+01 0.0000000e+00 
3.0000000e+01 4.4158630e+01 0.0000000e+00 
2.1750000e+01 4.8764183e+01 0.0000000e+00 
3.2250000e+01 4.2566364e+01 0.0000000e+00 
2.6250000e+01 4.6537140e+01 0.0000000e+00 
3.4500000e+01 4.0822227e+01 0.0000000e+00 
3.5250000e+01 4.0188652e+01 0.0000000e+00 
2.4000000e+01 4.7781250e+01 0.0000000e+00 
3.0750000e+01 4.3744106e+01 0.0000000e+00 
3.3750000e+01 4.1501179e+01 0.0000000e+00 
3.9000000e+01 3.6638149e+01 0.0000000e+00 
3.6000000e+01 3.9605522e+01 0.0000000e+00 
2.2500000e+01 4.8575386e+01 0.0000000e+00 
2.5500000e+01 4.7080555e+01 0.0000000e+00 
3.7500000e+01 3.8267151e+01 0.0000000e+00 
3.1500000e+01 4.3349781e+01 0.0000000e+00 
3.3000000e+01 4.2220676e+01 0.0000000e+00 
3.8250000e+01 3.7552692e+01 0.0000000e+00 
1.8750000e+01 5.0250000e+01 0.0000000e+00 
1.9500000e+01 4.9971367e+01 0.0000000e+00 
3.6750000e+01 3.9077885e+01 0.0000000e+00 
2.8500000e+01 4.5480434e+01 0.0000000e+00 
2.0250000e+01 4.9713856e+01 0.0000000e+00 
2.7750000e+01 4.5959873e+01 0.0000000e+00 
2.9250000e+01 4.5021622e+01 0.0000000e+00 
2.4750000e+01 4.7650665e+01 0.0000000e+00 
2.3250000e+01 4.8404266e+01 0.0000000e+00 
3.9000000e+01 3.6941441e+01 0.0000000e+00 
3.2250000e+01 4.2976383e+01 0.0000000e+00 
3.0000000e+01 4.4582794e+01 0.0000000e+00 
2.7000000e+01 4.6461018e+01 0.0000000e+00 
3.5250000e+01 4.0569572e+01 0.0000000e+00 
3.4500000e+01 4.1212223e+01 0.0000000e+00 
2.1000000e+01 4.9476845e+01 0.0000000e+00 
3.6000000e+01 3.9976013e+01 0.0000000e+00 
3.3750000e+01 4.1898941e+01 0.0000000e+00 
3.0750000e+01 4.4163742e+01 0.0000000e+00 
2.6250000e+01 4.6985367e+01 0.0000000e+00 
3.7500000e+01 3.8610455e+01 0.0000000e+00 
3.8250000e+01 3.7878563e+01 0.0000000e+00 
2.1750000e+01 4.9259621e+01 0.0000000e+00 
2.4000000e+01 4.8250000e+01 0.0000000e+00 
3.6750000e+01 3.9436596e+01 0.0000000e+00 
3.3000000e+01 4.2625000e+01 0.0000000e+00 
3.1500000e+01 4.3764675e+01 0.0000000e+00 
3.9750000e+01 3.6437500e+01 0.0000000e+00 
3.9000000e+01 3.7248146e+01 0.0000000e+00 
2.5500000e+01 4.7534847e+01 0.0000000e+00 
2.2500000e+01 4.9061409e+01 0.0000000e+00 
3.5250000e+01 4.0951546e+01 0.0000000e+00 
2.8500000e+01 4.5912777e+01 0.0000000e+00 
3.4500000e+01 4.1602898e+01 0.0000000e+00 
2.9250000e+01 4.5449493e+01 0.0000000e+00 
3.2250000e+01 4.3386208e+01 0.0000000e+00 
2.7750000e+01 4.6396912e+01 0.0000000e+00 
3.8250000e+01 3.8207268e+01 0.0000000e+00 
3.7500000e+01 3.8956093e+01 0.0000000e+00 
3.6000000e+01 4.0347946e+01 0.0000000e+00 
3.0000000e+01 4.5006283e+01 0.0000000e+00 
2.4750000e+01 4.8111755e+01 0.0000000e+00 
3.3750000e+01 4.2297028e+01 0.0000000e+00 
3.9750000e+01 3.6723724e+01 0.0000000e+00 
2.7000000e+01 4.6903111e+01 0.0000000e+00 
2.3250000e+01 4.8881397e+01 0.0000000e+00 
1.9500000e+01 5.0500000e+01 0.0000000e+00 
3.9000000e+01 3.7558151e+01 0.0000000e+00 
3.0750000e+01 4.4582794e+01 0.0000000e+00 
2.0250000e+01 5.0231171e+01 0.0000000e+00 
3.6750000e+01 3.9797138e+01 0.0000000e+00 
2.6250000e+01 4.7433029e+01 0.0000000e+00 
2.1000000e+01 4.9983368e+01 0.0000000e+00 
3.3000000e+01 4.3029324e+01 0.0000000e+00 
3.1500000e+01 4.4179115e+01 0.0000000e+00 
3.8250000e+01 3.8538681e+01 0.0000000e+00 
2.1750000e+01 4.9755890e+01 0.0000000e+00 
2.4000000e+01 4.8718750e+01 0.0000000e+00 
3.9750000e+01 3.7013664e+01 0.0000000e+00 
3.7500000e+01 3.9303955e+01 0.0000000e+00 
3.5250000e+01 4.1334457e+01 0.0000000e+00 
2.5500000e+01 4.7988716e+01 0.0000000e+00 
3.4500000e+01 4.1994137e+01 0.0000000e+00 
3.6000000e+01 4.0721199e+01 0.0000000e+00 
3.9000000e+01 3.7871326e+01 0.0000000e+00 
3.2250000e+01 4.3795742e+01 0.0000000e+00 
2.8500000e+01 4.6344311e+01 0.0000000e+00 
2.9250000e+01 4.5876568e+01 0.0000000e+00 
2.2500000e+01 4.9547970e+01 0.0000000e+00 
3.3750000e+01 4.2695335e+01 0.0000000e+00 
3.6750000e+01 4.0159389e+01 0.0000000e+00 
2.7750000e+01 4.6833168e+01 0.0000000e+00 
3.0000000e+01 4.5429020e+01 0.0000000e+00 
2.7000000e+01 4.7344498e+01 0.0000000e+00 
3.0750000e+01 4.5001183e+01 0.0000000e+00 
2.4750000e+01 4.8572613e+01 0.0000000e+00 
3.9750000e+01 3.7307190e+01 0.0000000e+00 
3.8250000e+01 3.8872681e+01 0.0000000e+00 
3.3000000e+01 4.3433548e+01 0.0000000e+00 
2.3250000e+01 4.9358791e+01 0.0000000e+00 
3.7500000e+01 3.9653908e+01 0.0000000e+00 
3.9000000e+01 3.8187553e+01 0.0000000e+00 
3.1500000e+01 4.4593014e+01 0.0000000e+00 
2.6250000e+01 4.7880096e+01 0.0000000e+00 
3.5250000e+01 4.1718189e+01 0.0000000e+00 
3.6000000e+01 4.1095654e+01 0.0000000e+00 
2.0250000e+01 5.0750000e+01 0.0000000e+00 
3.4500000e+01 4.2385830e+01 0.0000000e+00 
2.1000000e+01 5.0491074e+01 0.0000000e+00 
3.6750000e+01 4.0523232e+01 0.0000000e+00 
3.2250000e+01 4.4204887e+01 0.0000000e+00 
3.9750000e+01 3.7604191e+01 0.0000000e+00 
2.4000000e+01 4.9187500e+01 0.0000000e+00 
3.3750000e+01 4.3093750e+01 0.0000000e+00 
2.5500000e+01 4.8442150e+01 0.0000000e+00 
2.1750000e+01 5.0253021e+01 0.0000000e+00 
2.9250000e+01 4.6302773e+01 0.0000000e+00 
2.8500000e+01 4.6774971e+01 0.0000000e+00 
3.8250000e+01 3.9209148e+01 0.0000000e+00 
3.0000000e+01 4.5850929e+01 0.0000000e+00 
3.9000000e+01 3.8506710e+01 0.0000000e+00 
2.7750000e+01 4.7268593e+01 0.0000000e+00 
3.7500000e+01 4.0005833e+01 0.0000000e+00 
3.0750000e+01 4.5418827e+01 0.0000000e+00 
2.2500000e+01 5.0035091e+01 0.0000000e+00 
3.3000000e+01 4.3837563e+01 0.0000000e+00 
2.7000000e+01 4.7785137e+01 0.0000000e+00 
3.5250000e+01 4.2102627e+01 0.0000000e+00 
3.6000000e+01 4.1471191e+01 0.0000000e+00 
3.9750000e+01 3.7904545e+01 0.0000000e+00 
2.4750000e+01 4.9033234e+01 0.0000000e+00 
3.1500000e+01 4.5006283e+01 0.0000000e+00 
4.0500000e+01 3.7125000e+01 0.0000000e+00 
3.4500000e+01 4.2777866e+01 0.0000000e+00 
3.6750000e+01 4.0888538e+01 0.0000000e+00 
2.3250000e+01 4.9836452e+01 0.0000000e+00 
2.6250000e+01 4.8326534e+01 0.0000000e+00 
3.8250000e+01 3.9547955e+01 0.0000000e+00 
3.9000000e+01 3.8828671e+01 0.0000000e+00 
3.2250000e+01 4.4613544e+01 0.0000000e+00 
3.3750000e+01 4.3492165e+01 0.0000000e+00 
3.7500000e+01 4.0359608e+01 0.0000000e+00 
2.9250000e+01 4.6728043e+01 0.0000000e+00 
4.0500000e+01 3.7405544e+01 0.0000000e+00 
3.9750000e+01 3.8208130e+01 0.0000000e+00 
2.8500000e+01 4.7204704e+01 0.0000000e+00 
2.5500000e+01 4.8895123e+01 0.0000000e+00 
3.0000000e+01 4.6271938e+01 0.0000000e+00 
2.4000000e+01 4.9656250e+01 0.0000000e+00 
2.1000000e+01 5.1000000e+01 0.0000000e+00 
2.7750000e+01 4.7703136e+01 0.0000000e+00 
3.3000000e+01 4.4241268e+01 0.0000000e+00 
3.0750000e+01 4.5835636e+01 0.0000000e+00 
3.6000000e+01 4.1847691e+01 0.0000000e+00 
3.5250000e+01 4.2487648e+01 0.0000000e+00 
2.1750000e+01 5.0751049e+01 0.0000000e+00 
3.6750000e+01 4.1255192e+01 0.0000000e+00 
3.4500000e+01 4.3170124e+01 0.0000000e+00 
3.9000000e+01 3.9153320e+01 0.0000000e+00 
3.8250000e+01 3.9888977e+01 0.0000000e+00 
2.7000000e+01 4.8224983e+01 0.0000000e+00 
3.1500000e+01 4.5418827e+01 0.0000000e+00 
2.2500000e+01 5.0522789e+01 0.0000000e+00 
4.0500000e+01 3.7689690e+01 0.0000000e+00 
2.4750000e+01 4.9493603e+01 0.0000000e+00 
3.9750000e+01 3.8514828e+01 0.0000000e+00 
3.7500000e+01 4.0715107e+01 0.0000000e+00 
3.3750000e+01 4.3890472e+01 0.0000000e+00 
3.2250000e+01 4.5021622e+01 0.0000000e+00 
2.6250000e+01 4.8772320e+01 0.0000000e+00 
2.3250000e+01 5.0314392e+01 0.0000000e+00 
2.9250000e+01 4.7152309e+01 0.0000000e+00 
3.6000000e+01 4.2225029e+01 0.0000000e+00 
3.9000000e+01 3.9480530e+01 0.0000000e+00 
3.0000000e+01 4.6691971e+01 0.0000000e+00 
3.5250000e+01 4.2873138e+01 0.0000000e+00 
2.8500000e+01 4.7633453e+01 0.0000000e+00 
3.8250000e+01 4.0232094e+01 0.0000000e+00 
3.3000000e+01 4.4644562e+01 0.0000000e+00 
4.0500000e+01 3.7977322e+01 0.0000000e+00 
3.6750000e+01 4.1623066e+01 0.0000000e+00 
3.0750000e+01 4.6251537e+01 0.0000000e+00 
2.5500000e+01 4.9347618e+01 0.0000000e+00 
2.7750000e+01 4.8136753e+01 0.0000000e+00 
3.9750000e+01 3.8824520e+01 0.0000000e+00 
3.4500000e+01 4.3562500e+01 0.0000000e+00 
2.4000000e+01 5.0125000e+01 0.0000000e+00 
3.1500000e+01 4.5830555e+01 0.0000000e+00 
3.7500000e+01 4.1072205e+01 0.0000000e+00 
2.7000000e+01 4.8664005e+01 0.0000000e+00 
2.1750000e+01 5.1250000e+01 0.0000000e+00 
3.3750000e+01 4.4288559e+01 0.0000000e+00 
3.2250000e+01 4.5429020e+01 0.0000000e+00 
4.0500000e+01 3.8268322e+01 0.0000000e+00 
3.9000000e+01 3.9810181e+01 0.0000000e+00 
2.4750000e+01 4.9953709e+01 0.0000000e+00 
2.2500000e+01 5.1011086e+01 0.0000000e+00 
3.8250000e+01 4.0577183e+01 0.0000000e+00 
3.6000000e+01 4.2603088e+01 0.0000000e+00 
2.6250000e+01 4.9217422e+01 0.0000000e+00 
3.9750000e+01 3.9137085e+01 0.0000000e+00 
3.6750000e+01 4.1992039e+01 0.0000000e+00 
3.5250000e+01 4.3258980e+01 0.0000000e+00 
3.3000000e+01 4.5047337e+01 0.0000000e+00 
2.9250000e+01 4.7575512e+01 0.0000000e+00 
3.0000000e+01 4.7110954e+01 0.0000000e+00 
2.3250000e+01 5.0792625e+01 0.0000000e+00 
2.8500000e+01 4.8061161e+01 0.0000000e+00 
3.4500000e+01 4.3954876e+01 0.0000000e+00 
3.7500000e+01 4.1430786e+01 0.0000000e+00 
3.0750000e+01 4.6666439e+01 0.0000000e+00 
4.0500000e+01 3.8562576e+01 0.0000000e+00 
2.7750000e+01 4.8569397e+01 0.0000000e+00 
2.5500000e+01 4.9799614e+01 0.0000000e+00 
3.1500000e+01 4.6241383e+01 0.0000000e+00 
4.1250000e+01 3.7812500e+01 0.0000000e+00 
3.9000000e+01 4.0142151e+01 0.0000000e+00 
2.4000000e+01 5.0593750e+01 0.0000000e+00 
3.3750000e+01 4.4686321e+01 0.0000000e+00 
3.9750000e+01 3.9452400e+01 0.0000000e+00 
3.8250000e+01 4.0924118e+01 0.0000000e+00 
2.7000000e+01 4.9102158e+01 0.0000000e+00 
3.2250000e+01 4.5835636e+01 0.0000000e+00 
3.6000000e+01 4.2981750e+01 0.0000000e+00 
3.6750000e+01 4.2361988e+01 0.0000000e+00 
3.5250000e+01 4.3645058e+01 0.0000000e+00 
4.0500000e+01 3.8859966e+01 0.0000000e+00 
4.1250000e+01 3.8087784e+01 0.0000000e+00 
3.7500000e+01 4.1790718e+01 0.0000000e+00 
2.4750000e+01 5.0413548e+01 0.0000000e+00 
3.3000000e+01 4.5449493e+01 0.0000000e+00 
2.6250000e+01 4.9661808e+01 0.0000000e+00 
3.4500000e+01 4.4347134e+01 0.0000000e+00 
2.2500000e+01 5.1500000e+01 0.0000000e+00 
3.0000000e+01 4.7528809e+01 0.0000000e+00 
2.9250000e+01 4.7997578e+01 0.0000000e+00 
3.9000000e+01 4.0476318e+01 0.0000000e+00 
3.9750000e+01 3.9770355e+01 0.0000000e+00 
3.0750000e+01 4.7080265e+01 0.0000000e+00 
2.8500000e+01 4.8487762e+01 0.0000000e+00 
3.8250000e+01 4.1272778e+01 0.0000000e+00 
3.1500000e+01 4.6651215e+01 0.0000000e+00 
2.3250000e+01 5.1271156e+01 0.0000000e+00 
2.7750000e+01 4.9001011e+01 0.0000000e+00 
3.3750000e+01 4.5083649e+01 0.0000000e+00 
4.1250000e+01 3.8366520e+01 0.0000000e+00 
4.0500000e+01 3.9160378e+01 0.0000000e+00 
2.5500000e+01 5.0251091e+01 0.0000000e+00 
3.6000000e+01 4.3360893e+01 0.0000000e+00 
3.6750000e+01 4.2732796e+01 0.0000000e+00 
3.2250000e+01 4.6241383e+01 0.0000000e+00 
3.5250000e+01 4.4031250e+01 0.0000000e+00 
3.7500000e+01 4.2151886e+01 0.0000000e+00 
2.7000000e+01 4.9539406e+01 0.0000000e+00 
2.4000000e+01 5.1062500e+01 0.0000000e+00 
3.9000000e+01 4.0812561e+01 0.0000000e+00 
3.9750000e+01 4.0090820e+01 0.0000000e+00 
3.3000000e+01 4.5850929e+01 0.0000000e+00 
3.4500000e+01 4.4739170e+01 0.0000000e+00 
4.1250000e+01 3.8648598e+01 0.0000000e+00 
3.8250000e+01 4.1623039e+01 0.0000000e+00 
4.0500000e+01 3.9463692e+01 0.0000000e+00 
3.0000000e+01 4.7945461e+01 0.0000000e+00 
2.6250000e+01 5.0105450e+01 0.0000000e+00 
2.9250000e+01 4.8418442e+01 0.0000000e+00 
2.4750000e+01 5.0873108e+01 0.0000000e+00 
3.0750000e+01 4.7492928e+01 0.0000000e+00 
2.8500000e+01 4.8913208e+01 0.0000000e+00 
3.1500000e+01 4.7059963e+01 0.0000000e+00 
3.3750000e+01 4.5480434e+01 0.0000000e+00 
3.6750000e+01 4.3104332e+01 0.0000000e+00 
3.6000000e+01 4.3740395e+01 0.0000000e+00 
3.9750000e+01 4.0413681e+01 0.0000000e+00 
2.7750000e+01 4.9431553e+01 0.0000000e+00 
3.7500000e+01 4.2514160e+01 0.0000000e+00 
3.9000000e+01 4.1150757e+01 0.0000000e+00 
3.5250000e+01 4.4417442e+01 0.0000000e+00 
3.2250000e+01 4.6646156e+01 0.0000000e+00 
4.1250000e+01 3.8933903e+01 0.0000000e+00 
2.3250000e+01 5.1750000e+01 0.0000000e+00 
2.5500000e+01 5.0702030e+01 0.0000000e+00 
4.0500000e+01 3.9769794e+01 0.0000000e+00 
3.8250000e+01 4.1974777e+01 0.0000000e+00 
2.7000000e+01 4.9975704e+01 0.0000000e+00 
3.4500000e+01 4.5130863e+01 0.0000000e+00 
3.3000000e+01 4.6251537e+01 0.0000000e+00 
2.4000000e+01 5.1531250e+01 0.0000000e+00 
3.0000000e+01 4.8360840e+01 0.0000000e+00 
3.9750000e+01 4.0738815e+01 0.0000000e+00 
4.1250000e+01 3.9222324e+01 0.0000000e+00 
3.0750000e+01 4.7904346e+01 0.0000000e+00 
2.9250000e+01 4.8838039e+01 0.0000000e+00 
3.6750000e+01 4.3476482e+01 0.0000000e+00 
3.9000000e+01 4.1490780e+01 0.0000000e+00 
3.6000000e+01 4.4120136e+01 0.0000000e+00 
3.3750000e+01 4.5876568e+01 0.0000000e+00 
2.6250000e+01 5.0548317e+01 0.0000000e+00 
3.7500000e+01 4.2877422e+01 0.0000000e+00 
3.1500000e+01 4.7467537e+01 0.0000000e+00 
4.2000000e+01 3.8500000e+01 0.0000000e+00 
2.8500000e+01 4.9337437e+01 0.0000000e+00 
4.0500000e+01 4.0078571e+01 0.0000000e+00 
2.4750000e+01 5.1332375e+01 0.0000000e+00 
3.5250000e+01 4.4803520e+01 0.0000000e+00 
3.2250000e+01 4.7049862e+01 0.0000000e+00 
3.8250000e+01 4.2327873e+01 0.0000000e+00 
2.7750000e+01 4.9860970e+01 0.0000000e+00 
3.4500000e+01 4.5522102e+01 0.0000000e+00 
4.1250000e+01 3.9513752e+01 0.0000000e+00 
3.3000000e+01 4.6651215e+01 0.0000000e+00 
3.9750000e+01 4.1066105e+01 0.0000000e+00 
2.5500000e+01 5.1152409e+01 0.0000000e+00 
4.2000000e+01 3.8770462e+01 0.0000000e+00 
2.7000000e+01 5.0411022e+01 0.0000000e+00 
3.9000000e+01 4.1832512e+01 0.0000000e+00 
4.0500000e+01 4.0389900e+01 0.0000000e+00 
3.6750000e+01 4.3849121e+01 0.0000000e+00 
3.7500000e+01 4.3241547e+01 0.0000000e+00 
3.6000000e+01 4.4500000e+01 0.0000000e+00 
3.0000000e+01 4.8774864e+01 0.0000000e+00 
3.0750000e+01 4.8314434e+01 0.0000000e+00 
2.4000000e+01 5.2000000e+01 0.0000000e+00 
3.3750000e+01 4.6271938e+01 0.0000000e+00 
2.9250000e+01 4.9256302e+01 0.0000000e+00 
3.1500000e+01 4.7873848e+01 0.0000000e+00 
3.5250000e+01 4.5189362e+01 0.0000000e+00 
3.8250000e+01 4.2682201e+01 0.0000000e+00 
4.1250000e+01 3.9808075e+01 0.0000000e+00 
2.8500000e+01 4.9760387e+01 0.0000000e+00 
4.2000000e+01 3.9044186e+01 0.0000000e+00 
2.6250000e+01 5.0990379e+01 0.0000000e+00 
3.2250000e+01 4.7452400e+01 0.0000000e+00 
3.9750000e+01 4.1395432e+01 0.0000000e+00 
2.4750000e+01 5.1791344e+01 0.0000000e+00 
4.0500000e+01 4.0703671e+01 0.0000000e+00 
3.4500000e+01 4.5912777e+01 0.0000000e+00 
2.7750000e+01 5.0289215e+01 0.0000000e+00 
3.9000000e+01 4.2175835e+01 0.0000000e+00 
3.3000000e+01 4.7049862e+01 0.0000000e+00 
3.6750000e+01 4.4222130e+01 0.0000000e+00 
3.7500000e+01 4.3606407e+01 0.0000000e+00 
4.1250000e+01 4.0105179e+01 0.0000000e+00 
4.2000000e+01 3.9321064e+01 0.0000000e+00 
3.6000000e+01 4.4879864e+01 0.0000000e+00 
2.5500000e+01 5.1602211e+01 0.0000000e+00 
2.7000000e+01 5.0845310e+01 0.0000000e+00 
3.8250000e+01 4.3037636e+01 0.0000000e+00 
3.3750000e+01 4.6666439e+01 0.0000000e+00 
3.0000000e+01 4.9187462e+01 0.0000000e+00 
3.0750000e+01 4.8723114e+01 0.0000000e+00 
3.5250000e+01 4.5574852e+01 0.0000000e+00 
3.9750000e+01 4.1726673e+01 0.0000000e+00 
4.0500000e+01 4.1019768e+01 0.0000000e+00 
2.9250000e+01 4.9673164e+01 0.0000000e+00 
3.1500000e+01 4.8278801e+01 0.0000000e+00 
3.9000000e+01 4.2520618e+01 0.0000000e+00 
3.2250000e+01 4.7853680e+01 0.0000000e+00 
2.8500000e+01 5.0182007e+01 0.0000000e+00 
4.2000000e+01 3.9600990e+01 0.0000000e+00 
4.1250000e+01 4.0404957e+01 0.0000000e+00 
3.4500000e+01 4.6302773e+01 0.0000000e+00 
2.6250000e+01 5.1431610e+01 0.0000000e+00 
3.6750000e+01 4.4595379e+01 0.0000000e+00 
3.7500000e+01 4.3971889e+01 0.0000000e+00 
3.3000000e+01 4.7447372e+01 0.0000000e+00 
2.7750000e+01 5.0716236e+01 0.0000000e+00 
2.4750000e+01 5.2250000e+01 0.0000000e+00 
3.6000000e+01 4.5259605e+01 0.0000000e+00 
3.8250000e+01 4.3394058e+01 0.0000000e+00 
3.9750000e+01 4.2059711e+01 0.0000000e+00 
4.0500000e+01 4.1338066e+01 0.0000000e+00 
3.3750000e+01 4.7059963e+01 0.0000000e+00 
4.2000000e+01 3.9883862e+01 0.0000000e+00 
3.5250000e+01 4.5959873e+01 0.0000000e+00 
2.7000000e+01 5.1278534e+01 0.0000000e+00 
3.9000000e+01 4.2866745e+01 0.0000000e+00 
4.1250000e+01 4.0707294e+01 0.0000000e+00 
3.0750000e+01 4.9130299e+01 0.0000000e+00 
2.5500000e+01 5.2051414e+01 0.0000000e+00 
3.0000000e+01 4.9598557e+01 0.0000000e+00 
3.1500000e+01 4.8682308e+01 0.0000000e+00 
4.2750000e+01 3.9187500e+01 0.0000000e+00 
2.9250000e+01 5.0088554e+01 0.0000000e+00 
3.2250000e+01 4.8253593e+01 0.0000000e+00 
3.4500000e+01 4.6691971e+01 0.0000000e+00 
3.7500000e+01 4.4337860e+01 0.0000000e+00 
3.6750000e+01 4.4968750e+01 0.0000000e+00 
2.8500000e+01 5.0602234e+01 0.0000000e+00 
4.0500000e+01 4.1658459e+01 0.0000000e+00 
3.8250000e+01 4.3751339e+01 0.0000000e+00 
3.9750000e+01 4.2394424e+01 0.0000000e+00 
4.2000000e+01 4.0169571e+01 0.0000000e+00 
3.3000000e+01 4.7843643e+01 0.0000000e+00 
3.6000000e+01 4.5639107e+01 0.0000000e+00 
2.6250000e+01 5.1871979e+01 0.0000000e+00 
4.1250000e+01 4.1012085e+01 0.0000000e+00 
4.2750000e+01 3.9453602e+01 0.0000000e+00 
2.7750000e+01 5.1141991e+01 0.0000000e+00 
3.9000000e+01 4.3214092e+01 0.0000000e+00 
3.5250000e+01 4.6344311e+01 0.0000000e+00 
3.3750000e+01 4.7452400e+01 0.0000000e+00 
3.0750000e+01 4.9535908e+01 0.0000000e+00 
3.0000000e+01 5.0008076e+01 0.0000000e+00 
4.2000000e+01 4.0458012e+01 0.0000000e+00 
3.1500000e+01 4.9084282e+01 0.0000000e+00 
4.0500000e+01 4.1980827e+01 0.0000000e+00 
2.7000000e+01 5.1710655e+01 0.0000000e+00 
3.7500000e+01 4.4704201e+01 0.0000000e+00 
4.2750000e+01 3.9722725e+01 0.0000000e+00 
3.9750000e+01 4.2730694e+01 0.0000000e+00 
2.9250000e+01 5.0502411e+01 0.0000000e+00 
3.6750000e+01 4.5342121e+01 0.0000000e+00 
2.5500000e+01 5.2500000e+01 0.0000000e+00 
3.4500000e+01 4.7080265e+01 0.0000000e+00 
3.2250000e+01 4.8652054e+01 0.0000000e+00 
3.8250000e+01 4.4109364e+01 0.0000000e+00 
4.1250000e+01 4.1319210e+01 0.0000000e+00 
3.6000000e+01 4.6018250e+01 0.0000000e+00 
2.8500000e+01 5.1021011e+01 0.0000000e+00 
3.3000000e+01 4.8238571e+01 0.0000000e+00 
3.9000000e+01 4.3562538e+01 0.0000000e+00 
4.2000000e+01 4.0749084e+01 0.0000000e+00 
2.6250000e+01 5.2311451e+01 0.0000000e+00 
3.5250000e+01 4.6728043e+01 0.0000000e+00 
4.2750000e+01 3.9994778e+01 0.0000000e+00 
3.3750000e+01 4.7843643e+01 0.0000000e+00 
2.7750000e+01 5.1566425e+01 0.0000000e+00 
4.0500000e+01 4.2305054e+01 0.0000000e+00 
4.1250000e+01 4.1628563e+01 0.0000000e+00 
3.9750000e+01 4.3068401e+01 0.0000000e+00 
3.7500000e+01 4.5070789e+01 0.0000000e+00 
3.0750000e+01 4.9939857e+01 0.0000000e+00 
3.6750000e+01 4.5715370e+01 0.0000000e+00 
3.8250000e+01 4.4468002e+01 0.0000000e+00 
3.1500000e+01 4.9484627e+01 0.0000000e+00 
3.0000000e+01 5.0415943e+01 0.0000000e+00 
3.4500000e+01 4.7467537e+01 0.0000000e+00 
3.2250000e+01 4.9048962e+01 0.0000000e+00 
2.7000000e+01 5.2141632e+01 0.0000000e+00 
2.9250000e+01 5.0914669e+01 0.0000000e+00 
4.2000000e+01 4.1042679e+01 0.0000000e+00 
3.6000000e+01 4.6396912e+01 0.0000000e+00 
4.2750000e+01 4.0269657e+01 0.0000000e+00 
3.9000000e+01 4.3911961e+01 0.0000000e+00 
3.3000000e+01 4.8632053e+01 0.0000000e+00 
4.0500000e+01 4.2631023e+01 0.0000000e+00 
2.8500000e+01 5.1438282e+01 0.0000000e+00 
4.1250000e+01 4.1940029e+01 0.0000000e+00 
3.5250000e+01 4.7110954e+01 0.0000000e+00 
3.9750000e+01 4.3407425e+01 0.0000000e+00 
3.3750000e+01 4.8233578e+01 0.0000000e+00 
3.7500000e+01 4.5437500e+01 0.0000000e+00 
2.6250000e+01 5.2750000e+01 0.0000000e+00 
4.2750000e+01 4.0547268e+01 0.0000000e+00 
3.8250000e+01 4.4827133e+01 0.0000000e+00 
4.2000000e+01 4.1338692e+01 0.0000000e+00 
2.7750000e+01 5.1989494e+01 0.0000000e+00 
3.6750000e+01 4.6088379e+01 0.0000000e+00 
3.0750000e+01 5.0342060e+01 0.0000000e+00 
3.9000000e+01 4.4262238e+01 0.0000000e+00 
3.4500000e+01 4.7853680e+01 0.0000000e+00 
3.1500000e+01 4.9883255e+01 0.0000000e+00 
4.3500000e+01 3.9875000e+01 0.0000000e+00 
3.0000000e+01 5.0822083e+01 0.0000000e+00 
3.6000000e+01 4.6774971e+01 0.0000000e+00 
3.2250000e+01 4.9444214e+01 0.0000000e+00 
4.0500000e+01 4.2958618e+01 0.0000000e+00 
4.1250000e+01 4.2253502e+01 0.0000000e+00 
2.9250000e+01 5.1325256e+01 0.0000000e+00 
3.3000000e+01 4.9023987e+01 0.0000000e+00 
2.7000000e+01 5.2571426e+01 0.0000000e+00 
3.9750000e+01 4.3747643e+01 0.0000000e+00 
4.2750000e+01 4.0827511e+01 0.0000000e+00 
4.2000000e+01 4.1637020e+01 0.0000000e+00 
3.5250000e+01 4.7492928e+01 0.0000000e+00 
2.8500000e+01 5.1853989e+01 0.0000000e+00 
3.3750000e+01 4.8622105e+01 0.0000000e+00 
4.3500000e+01 4.0137215e+01 0.0000000e+00 
3.7500000e+01 4.5804211e+01 0.0000000e+00 
3.8250000e+01 4.5186634e+01 0.0000000e+00 
3.6750000e+01 4.6461018e+01 0.0000000e+00 
3.9000000e+01 4.4613247e+01 0.0000000e+00 
4.1250000e+01 4.2568867e+01 0.0000000e+00 
4.0500000e+01 4.3287724e+01 0.0000000e+00 
2.7750000e+01 5.2411144e+01 0.0000000e+00 
3.4500000e+01 4.8238571e+01 0.0000000e+00 
4.2750000e+01 4.1110294e+01 0.0000000e+00 
3.6000000e+01 4.7152309e+01 0.0000000e+00 
3.1500000e+01 5.0280075e+01 0.0000000e+00 
3.0750000e+01 5.0742439e+01 0.0000000e+00 
4.2000000e+01 4.1937553e+01 0.0000000e+00 
3.2250000e+01 4.9837723e+01 0.0000000e+00 
3.9750000e+01 4.4088943e+01 0.0000000e+00 
3.0000000e+01 5.1226418e+01 0.0000000e+00 
4.3500000e+01 4.0402176e+01 0.0000000e+00 
3.3000000e+01 4.9414268e+01 0.0000000e+00 
2.9250000e+01 5.1734108e+01 0.0000000e+00 
3.5250000e+01 4.7873848e+01 0.0000000e+00 
3.8250000e+01 4.5546379e+01 0.0000000e+00 
3.7500000e+01 4.6170799e+01 0.0000000e+00 
2.7000000e+01 5.3000000e+01 0.0000000e+00 
4.1250000e+01 4.2886013e+01 0.0000000e+00 
3.3750000e+01 4.9009106e+01 0.0000000e+00 
4.2750000e+01 4.1395512e+01 0.0000000e+00 
4.0500000e+01 4.3618221e+01 0.0000000e+00 
3.9000000e+01 4.4964863e+01 0.0000000e+00 
3.6750000e+01 4.6833168e+01 0.0000000e+00 
2.8500000e+01 5.2268070e+01 0.0000000e+00 
4.3500000e+01 4.0669788e+01 0.0000000e+00 
4.2000000e+01 4.2240192e+01 0.0000000e+00 
3.9750000e+01 4.4431198e+01 0.0000000e+00 
3.4500000e+01 4.8622105e+01 0.0000000e+00 
3.6000000e+01 4.7528809e+01 0.0000000e+00 
3.1500000e+01 5.0674999e+01 0.0000000e+00 
3.0750000e+01 5.1140911e+01 0.0000000e+00 
2.7750000e+01 5.2831329e+01 0.0000000e+00 
3.2250000e+01 5.0229382e+01 0.0000000e+00 
4.2750000e+01 4.1683075e+01 0.0000000e+00 
3.0000000e+01 5.1628880e+01 0.0000000e+00 
4.1250000e+01 4.3204826e+01 0.0000000e+00 
4.3500000e+01 4.0939964e+01 0.0000000e+00 
3.3000000e+01 4.9802795e+01 0.0000000e+00 
3.8250000e+01 4.5906250e+01 0.0000000e+00 
3.5250000e+01 4.8253593e+01 0.0000000e+00 
4.0500000e+01 4.3950001e+01 0.0000000e+00 
3.7500000e+01 4.6537140e+01 0.0000000e+00 
4.2000000e+01 4.2544827e+01 0.0000000e+00 
2.9250000e+01 5.2141155e+01 0.0000000e+00 
3.9000000e+01 4.5316971e+01 0.0000000e+00 
3.6750000e+01 4.7204704e+01 0.0000000e+00 
3.3750000e+01 4.9394478e+01 0.0000000e+00 
3.9750000e+01 4.4774292e+01 0.0000000e+00 
2.8500000e+01 5.2680473e+01 0.0000000e+00 
4.2750000e+01 4.1972878e+01 0.0000000e+00 
4.3500000e+01 4.1212624e+01 0.0000000e+00 
3.6000000e+01 4.7904346e+01 0.0000000e+00 
3.4500000e+01 4.9004162e+01 0.0000000e+00 
4.1250000e+01 4.3525200e+01 0.0000000e+00 
3.1500000e+01 5.1067936e+01 0.0000000e+00 
4.2000000e+01 4.2851353e+01 0.0000000e+00 
4.0500000e+01 4.4282940e+01 0.0000000e+00 
3.0750000e+01 5.1537392e+01 0.0000000e+00 
3.2250000e+01 5.0619099e+01 0.0000000e+00 
4.4250000e+01 4.0562500e+01 0.0000000e+00 
3.8250000e+01 4.6266121e+01 0.0000000e+00 
2.7750000e+01 5.3250000e+01 0.0000000e+00 
3.7500000e+01 4.6903111e+01 0.0000000e+00 
3.9000000e+01 4.5669445e+01 0.0000000e+00 
3.0000000e+01 5.2029385e+01 0.0000000e+00 
3.5250000e+01 4.8632053e+01 0.0000000e+00 
3.3000000e+01 5.0189461e+01 0.0000000e+00 
4.3500000e+01 4.1487667e+01 0.0000000e+00 
4.2750000e+01 4.2264828e+01 0.0000000e+00 
3.6750000e+01 4.7575512e+01 0.0000000e+00 
3.9750000e+01 4.5118103e+01 0.0000000e+00 
2.9250000e+01 5.2546337e+01 0.0000000e+00 
3.3750000e+01 4.9778111e+01 0.0000000e+00 
4.1250000e+01 4.3847023e+01 0.0000000e+00 
4.4250000e+01 4.0821327e+01 0.0000000e+00 
4.2000000e+01 4.3159668e+01 0.0000000e+00 
3.6000000e+01 4.8278801e+01 0.0000000e+00 
3.4500000e+01 4.9384632e+01 0.0000000e+00 
2.8500000e+01 5.3091133e+01 0.0000000e+00 
4.0500000e+01 4.4616924e+01 0.0000000e+00 
4.3500000e+01 4.1765011e+01 0.0000000e+00 
3.8250000e+01 4.6625866e+01 0.0000000e+00 
4.2750000e+01 4.2558826e+01 0.0000000e+00 
3.9000000e+01 4.6022160e+01 0.0000000e+00 
3.1500000e+01 5.1458794e+01 0.0000000e+00 
3.7500000e+01 4.7268593e+01 0.0000000e+00 
3.2250000e+01 5.1006779e+01 0.0000000e+00 
3.0750000e+01 5.1931793e+01 0.0000000e+00 
3.5250000e+01 4.9009106e+01 0.0000000e+00 
4.4250000e+01 4.1082569e+01 0.0000000e+00 
3.3000000e+01 5.0574165e+01 0.0000000e+00 
3.9750000e+01 4.5462517e+01 0.0000000e+00 
3.0000000e+01 5.2427864e+01 0.0000000e+00 
3.6750000e+01 4.7945461e+01 0.0000000e+00 
4.1250000e+01 4.4170181e+01 0.0000000e+00 
4.2000000e+01 4.3469666e+01 0.0000000e+00 
3.3750000e+01 5.0159893e+01 0.0000000e+00 
2.9250000e+01 5.2949581e+01 0.0000000e+00 
4.3500000e+01 4.2044571e+01 0.0000000e+00 
4.0500000e+01 4.4951836e+01 0.0000000e+00 
3.6000000e+01 4.8652054e+01 0.0000000e+00 
4.2750000e+01 4.2854774e+01 0.0000000e+00 
3.4500000e+01 4.9763405e+01 0.0000000e+00 
4.4250000e+01 4.1346146e+01 0.0000000e+00 
3.8250000e+01 4.6985367e+01 0.0000000e+00 
3.9000000e+01 4.6375000e+01 0.0000000e+00 
2.8500000e+01 5.3500000e+01 0.0000000e+00 
3.7500000e+01 4.7633453e+01 0.0000000e+00 
3.9750000e+01 4.5807404e+01 0.0000000e+00 
3.1500000e+01 5.1847485e+01 0.0000000e+00 
4.2000000e+01 4.3781239e+01 0.0000000e+00 
3.2250000e+01 5.1392319e+01 0.0000000e+00 
4.1250000e+01 4.4494564e+01 0.0000000e+00 
3.5250000e+01 4.9384632e+01 0.0000000e+00 
3.0750000e+01 5.2324039e+01 0.0000000e+00 
4.3500000e+01 4.2326252e+01 0.0000000e+00 
3.6750000e+01 4.8314434e+01 0.0000000e+00 
3.3000000e+01 5.0956806e+01 0.0000000e+00 
4.4250000e+01 4.1611984e+01 0.0000000e+00 
4.2750000e+01 4.3152580e+01 0.0000000e+00 
3.0000000e+01 5.2824242e+01 0.0000000e+00 
4.0500000e+01 4.5287563e+01 0.0000000e+00 
3.3750000e+01 5.0539722e+01 0.0000000e+00 
3.6000000e+01 4.9023987e+01 0.0000000e+00 
2.9250000e+01 5.3350826e+01 0.0000000e+00 
3.4500000e+01 5.0140362e+01 0.0000000e+00 
3.9000000e+01 4.6727840e+01 0.0000000e+00 
3.8250000e+01 4.7344498e+01 0.0000000e+00 
4.3500000e+01 4.2609966e+01 0.0000000e+00 
4.2000000e+01 4.4094284e+01 0.0000000e+00 
3.7500000e+01 4.7997578e+01 0.0000000e+00 
3.9750000e+01 4.6152653e+01 0.0000000e+00 
4.1250000e+01 4.4820061e+01 0.0000000e+00 
4.4250000e+01 4.1880001e+01 0.0000000e+00 
4.2750000e+01 4.3452137e+01 0.0000000e+00 
3.5250000e+01 4.9758522e+01 0.0000000e+00 
3.6750000e+01 4.8682308e+01 0.0000000e+00 
3.1500000e+01 5.2233913e+01 0.0000000e+00 
3.2250000e+01 5.1775627e+01 0.0000000e+00 
4.0500000e+01 4.5623989e+01 0.0000000e+00 
3.0750000e+01 5.2714046e+01 0.0000000e+00 
3.3000000e+01 5.1337276e+01 0.0000000e+00 
4.5000000e+01 4.1250000e+01 0.0000000e+00 
3.3750000e+01 5.0917488e+01 0.0000000e+00 
3.0000000e+01 5.3218437e+01 0.0000000e+00 
4.3500000e+01 4.2895630e+01 0.0000000e+00 
4.4250000e+01 4.2150124e+01 0.0000000e+00 
3.6000000e+01 4.9394478e+01 0.0000000e+00 
4.2000000e+01 4.4408699e+01 0.0000000e+00 
3.9000000e+01 4.7080555e+01 0.0000000e+00 
3.8250000e+01 4.7703136e+01 0.0000000e+00 
4.1250000e+01 4.5146557e+01 0.0000000e+00 
4.2750000e+01 4.3753353e+01 0.0000000e+00 
3.4500000e+01 5.0515392e+01 0.0000000e+00 
3.9750000e+01 4.6498142e+01 0.0000000e+00 
2.9250000e+01 5.3750000e+01 0.0000000e+00 
3.7500000e+01 4.8360840e+01 0.0000000e+00 
4.5000000e+01 4.1505955e+01 0.0000000e+00 
4.0500000e+01 4.5960995e+01 0.0000000e+00 
3.5250000e+01 5.0130650e+01 0.0000000e+00 
3.6750000e+01 4.9048962e+01 0.0000000e+00 
4.3500000e+01 4.3183151e+01 0.0000000e+00 
4.4250000e+01 4.2422268e+01 0.0000000e+00 
3.2250000e+01 5.2156601e+01 0.0000000e+00 
3.1500000e+01 5.2617996e+01 0.0000000e+00 
3.3000000e+01 5.1715477e+01 0.0000000e+00 
4.2000000e+01 4.4724373e+01 0.0000000e+00 
3.0750000e+01 5.3101727e+01 0.0000000e+00 
4.2750000e+01 4.4056133e+01 0.0000000e+00 
4.5000000e+01 4.1763947e+01 0.0000000e+00 
4.1250000e+01 4.5473946e+01 0.0000000e+00 
3.3750000e+01 5.1293076e+01 0.0000000e+00 
3.9000000e+01 4.7433029e+01 0.0000000e+00 
3.6000000e+01 4.9763405e+01 0.0000000e+00 
3.8250000e+01 4.8061161e+01 0.0000000e+00 
3.0000000e+01 5.3610382e+01 0.0000000e+00 
3.9750000e+01 4.6843750e+01 0.0000000e+00 
3.4500000e+01 5.0888382e+01 0.0000000e+00 
3.7500000e+01 4.8723114e+01 0.0000000e+00 
4.4250000e+01 4.2696362e+01 0.0000000e+00 
4.3500000e+01 4.3472439e+01 0.0000000e+00 
4.0500000e+01 4.6298466e+01 0.0000000e+00 
4.5000000e+01 4.2023907e+01 0.0000000e+00 
3.6750000e+01 4.9414268e+01 0.0000000e+00 
4.2000000e+01 4.5041206e+01 0.0000000e+00 
3.5250000e+01 5.0500904e+01 0.0000000e+00 
4.2750000e+01 4.4360371e+01 0.0000000e+00 
4.1250000e+01 4.5802113e+01 0.0000000e+00 
3.2250000e+01 5.2535149e+01 0.0000000e+00 
3.1500000e+01 5.2999638e+01 0.0000000e+00 
3.3000000e+01 5.2091301e+01 0.0000000e+00 
3.9000000e+01 4.7785137e+01 0.0000000e+00 
4.4250000e+01 4.2972324e+01 0.0000000e+00 
3.0750000e+01 5.3487003e+01 0.0000000e+00 
3.9750000e+01 4.7189358e+01 0.0000000e+00 
3.8250000e+01 4.8418442e+01 0.0000000e+00 
4.3500000e+01 4.3763412e+01 0.0000000e+00 
3.3750000e+01 5.1666382e+01 0.0000000e+00 
3.6000000e+01 5.0130650e+01 0.0000000e+00 
4.5000000e+01 4.2285774e+01 0.0000000e+00 
4.0500000e+01 4.6636284e+01 0.0000000e+00 
3.7500000e+01 4.9084282e+01 0.0000000e+00 
3.0000000e+01 5.4000000e+01 0.0000000e+00 
3.4500000e+01 5.1259220e+01 0.0000000e+00 
4.2000000e+01 4.5359089e+01 0.0000000e+00 
4.2750000e+01 4.4665977e+01 0.0000000e+00 
3.6750000e+01 4.9778111e+01 0.0000000e+00 
4.4250000e+01 4.3250076e+01 0.0000000e+00 
4.1250000e+01 4.6130947e+01 0.0000000e+00 
3.5250000e+01 5.0869167e+01 0.0000000e+00 
4.3500000e+01 4.4055977e+01 0.0000000e+00 
4.5000000e+01 4.2549484e+01 0.0000000e+00 
3.9000000e+01 4.8136753e+01 0.0000000e+00 
3.9750000e+01 4.7534847e+01 0.0000000e+00 
3.2250000e+01 5.2911171e+01 0.0000000e+00 
3.3000000e+01 5.2464645e+01 0.0000000e+00 
3.1500000e+01 5.3378750e+01 0.0000000e+00 
3.8250000e+01 4.8774864e+01 0.0000000e+00 
3.6000000e+01 5.0496094e+01 0.0000000e+00 
4.0500000e+01 4.6974335e+01 0.0000000e+00 
3.3750000e+01 5.2037300e+01 0.0000000e+00 
3.0750000e+01 5.3869789e+01 0.0000000e+00 
4.2750000e+01 4.4972855e+01 0.0000000e+00 
4.2000000e+01 4.5677917e+01 0.0000000e+00 
3.7500000e+01 4.9444214e+01 0.0000000e+00 
4.5750000e+01 4.1937500e+01 0.0000000e+00 
4.4250000e+01 4.3529545e+01 0.0000000e+00 
3.4500000e+01 5.1627789e+01 0.0000000e+00 
4.5000000e+01 4.2814964e+01 0.0000000e+00 
4.3500000e+01 4.4350044e+01 0.0000000e+00 
4.1250000e+01 4.6460342e+01 0.0000000e+00 
3.6750000e+01 5.0140362e+01 0.0000000e+00 
3.5250000e+01 5.1235317e+01 0.0000000e+00 
3.9000000e+01 4.8487762e+01 0.0000000e+00 
3.9750000e+01 4.7880096e+01 0.0000000e+00 
4.5750000e+01 4.2191116e+01 0.0000000e+00 
3.8250000e+01 4.9130299e+01 0.0000000e+00 
4.4250000e+01 4.3810646e+01 0.0000000e+00 
4.2750000e+01 4.5280899e+01 0.0000000e+00 
4.0500000e+01 4.7312500e+01 0.0000000e+00 
3.2250000e+01 5.3284573e+01 0.0000000e+00 
4.2000000e+01 4.5997589e+01 0.0000000e+00 
3.3000000e+01 5.2835411e+01 0.0000000e+00 
4.5000000e+01 4.3082157e+01 0.0000000e+00 
3.1500000e+01 5.3755241e+01 0.0000000e+00 
3.6000000e+01 5.0859615e+01 0.0000000e+00 
3.3750000e+01 5.2405716e+01 0.0000000e+00 
4.3500000e+01 4.4645527e+01 0.0000000e+00 
3.7500000e+01 4.9802795e+01 0.0000000e+00 
3.0750000e+01 5.4250000e+01 0.0000000e+00 
4.1250000e+01 4.6790180e+01 0.0000000e+00 
3.4500000e+01 5.1993977e+01 0.0000000e+00 
4.5750000e+01 4.2446339e+01 0.0000000e+00 
3.6750000e+01 5.0500904e+01 0.0000000e+00 
4.4250000e+01 4.4093307e+01 0.0000000e+00 
4.5000000e+01 4.3350990e+01 0.0000000e+00 
3.5250000e+01 5.1599243e+01 0.0000000e+00 
3.9750000e+01 4.8224983e+01 0.0000000e+00 
4.2750000e+01 4.5590015e+01 0.0000000e+00 
3.9000000e+01 4.8838039e+01 0.0000000e+00 
4.2000000e+01 4.6317993e+01 0.0000000e+00 
4.0500000e+01 4.7650665e+01 0.0000000e+00 
3.8250000e+01 4.9484627e+01 0.0000000e+00 
4.3500000e+01 4.4942341e+01 0.0000000e+00 
4.5750000e+01 4.2703121e+01 0.0000000e+00 
3.2250000e+01 5.3655251e+01 0.0000000e+00 
3.6000000e+01 5.1221092e+01 0.0000000e+00 
3.3000000e+01 5.3203491e+01 0.0000000e+00 
4.1250000e+01 4.7120350e+01 0.0000000e+00 
3.1500000e+01 5.4129021e+01 0.0000000e+00 
3.7500000e+01 5.0159893e+01 0.0000000e+00 
3.3750000e+01 5.2771523e+01 0.0000000e+00 
4.4250000e+01 4.4377449e+01 0.0000000e+00 
4.5000000e+01 4.3621403e+01 0.0000000e+00 
3.4500000e+01 5.2357674e+01 0.0000000e+00 
4.2750000e+01 4.5900108e+01 0.0000000e+00 
3.6750000e+01 5.0859615e+01 0.0000000e+00 
4.5750000e+01 4.2961407e+01 0.0000000e+00 
4.3500000e+01 4.5240387e+01 0.0000000e+00 
3.9750000e+01 4.8569397e+01 0.0000000e+00 
4.2000000e+01 4.6639030e+01 0.0000000e+00 
3.9000000e+01 4.9187462e+01 0.0000000e+00 
3.5250000e+01 5.1960827e+01 0.0000000e+00 
4.0500000e+01 4.7988716e+01 0.0000000e+00 
3.8250000e+01 4.9837723e+01 0.0000000e+00 
4.5000000e+01 4.3893322e+01 0.0000000e+00 
4.4250000e+01 4.4662991e+01 0.0000000e+00 
4.1250000e+01 4.7450745e+01 0.0000000e+00 
3.6000000e+01 5.1580406e+01 0.0000000e+00 
3.7500000e+01 5.0515392e+01 0.0000000e+00 
3.2250000e+01 5.4023113e+01 0.0000000e+00 
3.3000000e+01 5.3568783e+01 0.0000000e+00 
4.5750000e+01 4.3221146e+01 0.0000000e+00 
3.3750000e+01 5.3134613e+01 0.0000000e+00 
3.1500000e+01 5.4500000e+01 0.0000000e+00 
4.2750000e+01 4.6211082e+01 0.0000000e+00 
4.3500000e+01 4.5539589e+01 0.0000000e+00 
4.2000000e+01 4.6960594e+01 0.0000000e+00 
3.4500000e+01 5.2718761e+01 0.0000000e+00 
3.9750000e+01 4.8913208e+01 0.0000000e+00 
3.6750000e+01 5.1216370e+01 0.0000000e+00 
3.9000000e+01 4.9535908e+01 0.0000000e+00 
4.5000000e+01 4.4166691e+01 0.0000000e+00 
4.0500000e+01 4.8326534e+01 0.0000000e+00 
4.4250000e+01 4.4949860e+01 0.0000000e+00 
4.6500000e+01 4.2625000e+01 0.0000000e+00 
3.5250000e+01 5.2319946e+01 0.0000000e+00 
3.8250000e+01 5.0189461e+01 0.0000000e+00 
4.5750000e+01 4.3482288e+01 0.0000000e+00 
4.1250000e+01 4.7781250e+01 0.0000000e+00 
4.2750000e+01 4.6522831e+01 0.0000000e+00 
3.6000000e+01 5.1937439e+01 0.0000000e+00 
4.3500000e+01 4.5839851e+01 0.0000000e+00 
3.7500000e+01 5.0869167e+01 0.0000000e+00 
3.3000000e+01 5.3931183e+01 0.0000000e+00 
3.2250000e+01 5.4388062e+01 0.0000000e+00 
4.2000000e+01 4.7282578e+01 0.0000000e+00 
4.5000000e+01 4.4441441e+01 0.0000000e+00 
4.6500000e+01 4.2876831e+01 0.0000000e+00 
3.3750000e+01 5.3494877e+01 0.0000000e+00 
4.4250000e+01 4.5237972e+01 0.0000000e+00 
3.9750000e+01 4.9256302e+01 0.0000000e+00 
4.5750000e+01 4.3744778e+01 0.0000000e+00 
3.4500000e+01 5.3077129e+01 0.0000000e+00 
4.0500000e+01 4.8664005e+01 0.0000000e+00 
3.9000000e+01 4.9883255e+01 0.0000000e+00 
3.6750000e+01 5.1571045e+01 0.0000000e+00 
4.1250000e+01 4.8111755e+01 0.0000000e+00 
3.8250000e+01 5.0539722e+01 0.0000000e+00 
3.5250000e+01 5.2676487e+01 0.0000000e+00 
4.2750000e+01 4.6835266e+01 0.0000000e+00 
4.3500000e+01 4.6141087e+01 0.0000000e+00 
4.6500000e+01 4.3129791e+01 0.0000000e+00 
4.5000000e+01 4.4717503e+01 0.0000000e+00 
4.5750000e+01 4.4008564e+01 0.0000000e+00 
3.7500000e+01 5.1221092e+01 0.0000000e+00 
4.2000000e+01 4.7604877e+01 0.0000000e+00 
3.6000000e+01 5.2292068e+01 0.0000000e+00 
4.4250000e+01 4.5527252e+01 0.0000000e+00 
3.3000000e+01 5.4290588e+01 0.0000000e+00 
3.2250000e+01 5.4750000e+01 0.0000000e+00 
3.3750000e+01 5.3852203e+01 0.0000000e+00 
3.9750000e+01 4.9598557e+01 0.0000000e+00 
4.0500000e+01 4.9001011e+01 0.0000000e+00 
3.9000000e+01 5.0229382e+01 0.0000000e+00 
4.6500000e+01 4.3383839e+01 0.0000000e+00 
3.4500000e+01 5.3432659e+01 0.0000000e+00 
3.6750000e+01 5.1923523e+01 0.0000000e+00 
4.1250000e+01 4.8442150e+01 0.0000000e+00 
4.3500000e+01 4.6443207e+01 0.0000000e+00 
4.5000000e+01 4.4994812e+01 0.0000000e+00 
4.2750000e+01 4.7148285e+01 0.0000000e+00 
3.8250000e+01 5.0888382e+01 0.0000000e+00 
4.5750000e+01 4.4273598e+01 0.0000000e+00 
3.5250000e+01 5.3030334e+01 0.0000000e+00 
4.4250000e+01 4.5817623e+01 0.0000000e+00 
4.2000000e+01 4.7927387e+01 0.0000000e+00 
3.7500000e+01 5.1571045e+01 0.0000000e+00 
4.6500000e+01 4.3638947e+01 0.0000000e+00 
3.6000000e+01 5.2644173e+01 0.0000000e+00 
3.9750000e+01 4.9939857e+01 0.0000000e+00 
4.0500000e+01 4.9337437e+01 0.0000000e+00 
4.5000000e+01 4.5273308e+01 0.0000000e+00 
3.3000000e+01 5.4646893e+01 0.0000000e+00 
4.5750000e+01 4.4539822e+01 0.0000000e+00 
3.3750000e+01 5.4206490e+01 0.0000000e+00 
4.3500000e+01 4.6746120e+01 0.0000000e+00 
3.9000000e+01 5.0574165e+01 0.0000000e+00 
4.2750000e+01 4.7461796e+01 0.0000000e+00 
4.1250000e+01 4.8772320e+01 0.0000000e+00 
3.6750000e+01 5.2273682e+01 0.0000000e+00 
3.4500000e+01 5.3785248e+01 0.0000000e+00 
4.4250000e+01 4.6109009e+01 0.0000000e+00 
3.8250000e+01 5.1235317e+01 0.0000000e+00 
4.6500000e+01 4.3895069e+01 0.0000000e+00 
4.2000000e+01 4.8250000e+01 0.0000000e+00 
3.5250000e+01 5.3381367e+01 0.0000000e+00 
4.5000000e+01 4.5552917e+01 0.0000000e+00 
4.5750000e+01 4.4807190e+01 0.0000000e+00 
3.7500000e+01 5.1918907e+01 0.0000000e+00 
3.6000000e+01 5.2993633e+01 0.0000000e+00 
4.3500000e+01 4.7049744e+01 0.0000000e+00 
4.0500000e+01 4.9673164e+01 0.0000000e+00 
3.9750000e+01 5.0280075e+01 0.0000000e+00 
4.7250000e+01 4.3312500e+01 0.0000000e+00 
4.2750000e+01 4.7775692e+01 0.0000000e+00 
4.4250000e+01 4.6401329e+01 0.0000000e+00 
4.6500000e+01 4.4152176e+01 0.0000000e+00 
4.1250000e+01 4.9102158e+01 0.0000000e+00 
3.9000000e+01 5.0917488e+01 0.0000000e+00 
3.3000000e+01 5.5000000e+01 0.0000000e+00 
3.3750000e+01 5.4557625e+01 0.0000000e+00 
3.6750000e+01 5.2621395e+01 0.0000000e+00 
3.4500000e+01 5.4134773e+01 0.0000000e+00 
4.2000000e+01 4.8572613e+01 0.0000000e+00 
3.8250000e+01 5.1580406e+01 0.0000000e+00 
4.5750000e+01 4.5075649e+01 0.0000000e+00 
4.5000000e+01 4.5833580e+01 0.0000000e+00 
3.5250000e+01 5.3729473e+01 0.0000000e+00 
4.7250000e+01 4.3563118e+01 0.0000000e+00 
4.6500000e+01 4.4410225e+01 0.0000000e+00 
4.3500000e+01 4.7353989e+01 0.0000000e+00 
3.7500000e+01 5.2264545e+01 0.0000000e+00 
4.4250000e+01 4.6694504e+01 0.0000000e+00 
4.2750000e+01 4.8089882e+01 0.0000000e+00 
4.0500000e+01 5.0008076e+01 0.0000000e+00 
3.6000000e+01 5.3340332e+01 0.0000000e+00 
3.9750000e+01 5.0619099e+01 0.0000000e+00 
4.1250000e+01 4.9431553e+01 0.0000000e+00 
3.9000000e+01 5.1259220e+01 0.0000000e+00 
4.5750000e+01 4.5345146e+01 0.0000000e+00 
4.5000000e+01 4.6115227e+01 0.0000000e+00 
4.7250000e+01 4.3814331e+01 0.0000000e+00 
3.3750000e+01 5.4905495e+01 0.0000000e+00 
4.2000000e+01 4.8895123e+01 0.0000000e+00 
3.6750000e+01 5.2966541e+01 0.0000000e+00 
4.6500000e+01 4.4669186e+01 0.0000000e+00 
3.4500000e+01 5.4481125e+01 0.0000000e+00 
3.8250000e+01 5.1923523e+01 0.0000000e+00 
4.3500000e+01 4.7658764e+01 0.0000000e+00 
4.4250000e+01 4.6988461e+01 0.0000000e+00 
3.5250000e+01 5.4074528e+01 0.0000000e+00 
4.2750000e+01 4.8404266e+01 0.0000000e+00 
3.7500000e+01 5.2607849e+01 0.0000000e+00 
4.5750000e+01 4.5615627e+01 0.0000000e+00 
4.7250000e+01 4.4066116e+01 0.0000000e+00 
4.0500000e+01 5.0342060e+01 0.0000000e+00 
3.9750000e+01 5.0956806e+01 0.0000000e+00 
4.1250000e+01 4.9760387e+01 0.0000000e+00 
4.5000000e+01 4.6397797e+01 0.0000000e+00 
3.6000000e+01 5.3684147e+01 0.0000000e+00 
4.6500000e+01 4.4929020e+01 0.0000000e+00 
3.9000000e+01 5.1599243e+01 0.0000000e+00 
4.2000000e+01 4.9217422e+01 0.0000000e+00 
3.3750000e+01 5.5250000e+01 0.0000000e+00 
3.6750000e+01 5.3308998e+01 0.0000000e+00 
4.3500000e+01 4.7963978e+01 0.0000000e+00 
4.4250000e+01 4.7283115e+01 0.0000000e+00 
3.8250000e+01 5.2264545e+01 0.0000000e+00 
3.4500000e+01 5.4824188e+01 0.0000000e+00 
4.7250000e+01 4.4318455e+01 0.0000000e+00 
4.5750000e+01 4.5887043e+01 0.0000000e+00 
4.2750000e+01 4.8718750e+01 0.0000000e+00 
3.5250000e+01 5.4416420e+01 0.0000000e+00 
4.5000000e+01 4.6681217e+01 0.0000000e+00 
4.6500000e+01 4.5189690e+01 0.0000000e+00 
4.0500000e+01 5.0674999e+01 0.0000000e+00 
3.7500000e+01 5.2948685e+01 0.0000000e+00 
4.1250000e+01 5.0088554e+01 0.0000000e+00 
3.9750000e+01 5.1293076e+01 0.0000000e+00 
3.6000000e+01 5.4024956e+01 0.0000000e+00 
4.2000000e+01 4.9539406e+01 0.0000000e+00 
3.9000000e+01 5.1937439e+01 0.0000000e+00 
4.7250000e+01 4.4571327e+01 0.0000000e+00 
4.4250000e+01 4.7578392e+01 0.0000000e+00 
4.3500000e+01 4.8269550e+01 0.0000000e+00 
4.5750000e+01 4.6159340e+01 0.0000000e+00 
4.6500000e+01 4.5451164e+01 0.0000000e+00 
3.6750000e+01 5.3648647e+01 0.0000000e+00 
3.8250000e+01 5.2603352e+01 0.0000000e+00 
4.5000000e+01 4.6965427e+01 0.0000000e+00 
4.2750000e+01 4.9033234e+01 0.0000000e+00 
3.4500000e+01 5.5163849e+01 0.0000000e+00 
4.8000000e+01 4.4000000e+01 0.0000000e+00 
3.5250000e+01 5.4755032e+01 0.0000000e+00 
4.7250000e+01 4.4824715e+01 0.0000000e+00 
4.0500000e+01 5.1006779e+01 0.0000000e+00 
4.1250000e+01 5.0415943e+01 0.0000000e+00 
3.9750000e+01 5.1627789e+01 0.0000000e+00 
3.7500000e+01 5.3286934e+01 0.0000000e+00 
4.5750000e+01 4.6432468e+01 0.0000000e+00 
4.4250000e+01 4.7874218e+01 0.0000000e+00 
4.2000000e+01 4.9860970e+01 0.0000000e+00 
3.6000000e+01 5.4362640e+01 0.0000000e+00 
4.3500000e+01 4.8575386e+01 0.0000000e+00 
4.6500000e+01 4.5713398e+01 0.0000000e+00 
3.9000000e+01 5.2273682e+01 0.0000000e+00 
4.5000000e+01 4.7250362e+01 0.0000000e+00 
4.8000000e+01 4.4250000e+01 0.0000000e+00 
4.2750000e+01 4.9347618e+01 0.0000000e+00 
4.7250000e+01 4.5078602e+01 0.0000000e+00 
3.6750000e+01 5.3985363e+01 0.0000000e+00 
3.8250000e+01 5.2939819e+01 0.0000000e+00 
3.4500000e+01 5.5500000e+01 0.0000000e+00 
4.5750000e+01 4.6706375e+01 0.0000000e+00 
4.0500000e+01 5.1337276e+01 0.0000000e+00 
4.6500000e+01 4.5976360e+01 0.0000000e+00 
4.1250000e+01 5.0742439e+01 0.0000000e+00 
3.5250000e+01 5.5090240e+01 0.0000000e+00 
4.4250000e+01 4.8170509e+01 0.0000000e+00 
3.9750000e+01 5.1960827e+01 0.0000000e+00 
3.7500000e+01 5.3622471e+01 0.0000000e+00 
4.3500000e+01 4.8881397e+01 0.0000000e+00 
4.2000000e+01 5.0182007e+01 0.0000000e+00 
4.8000000e+01 4.4500000e+01 0.0000000e+00 
4.5000000e+01 4.7535954e+01 0.0000000e+00 
4.7250000e+01 4.5332962e+01 0.0000000e+00 
3.6000000e+01 5.4697083e+01 0.0000000e+00 
3.9000000e+01 5.2607849e+01 0.0000000e+00 
4.2750000e+01 4.9661808e+01 0.0000000e+00 
4.5750000e+01 4.6981010e+01 0.0000000e+00 
4.6500000e+01 4.6240013e+01 0.0000000e+00 
3.6750000e+01 5.4319023e+01 0.0000000e+00 
3.8250000e+01 5.3273819e+01 0.0000000e+00 
4.8000000e+01 4.4750000e+01 0.0000000e+00 
4.4250000e+01 4.8467190e+01 0.0000000e+00 
4.1250000e+01 5.1067936e+01 0.0000000e+00 
4.0500000e+01 5.1666382e+01 0.0000000e+00 
4.7250000e+01 4.5587784e+01 0.0000000e+00 
4.3500000e+01 4.9187500e+01 0.0000000e+00 
4.5000000e+01 4.7822136e+01 0.0000000e+00 
3.5250000e+01 5.5421936e+01 0.0000000e+00 
4.2000000e+01 5.0502411e+01 0.0000000e+00 
3.9750000e+01 5.2292068e+01 0.0000000e+00 
3.7500000e+01 5.3955173e+01 0.0000000e+00 
3.9000000e+01 5.2939819e+01 0.0000000e+00 
3.6000000e+01 5.5028160e+01 0.0000000e+00 
4.6500000e+01 4.6504322e+01 0.0000000e+00 
4.2750000e+01 4.9975704e+01 0.0000000e+00 
4.5750000e+01 4.7256317e+01 0.0000000e+00 
4.8000000e+01 4.5000000e+01 0.0000000e+00 
4.7250000e+01 4.5843044e+01 0.0000000e+00 
4.4250000e+01 4.8764183e+01 0.0000000e+00 
3.8250000e+01 5.3605232e+01 0.0000000e+00 
3.6750000e+01 5.4649509e+01 0.0000000e+00 
4.5000000e+01 4.8108845e+01 0.0000000e+00 
4.3500000e+01 4.9493603e+01 0.0000000e+00 
4.1250000e+01 5.1392319e+01 0.0000000e+00 
4.0500000e+01 5.1993977e+01 0.0000000e+00 
4.2000000e+01 5.0822083e+01 0.0000000e+00 
3.9750000e+01 5.2621395e+01 0.0000000e+00 
4.6500000e+01 4.6769249e+01 0.0000000e+00 
3.5250000e+01 5.5750000e+01 0.0000000e+00 
4.8000000e+01 4.5250000e+01 0.0000000e+00 
4.5750000e+01 4.7532249e+01 0.0000000e+00 
3.7500000e+01 5.4284920e+01 0.0000000e+00 
4.2750000e+01 5.0289215e+01 0.0000000e+00 
4.7250000e+01 4.6098724e+01 0.0000000e+00 
3.9000000e+01 5.3269470e+01 0.0000000e+00 
3.6000000e+01 5.5355751e+01 0.0000000e+00 
4.4250000e+01 4.9061409e+01 0.0000000e+00 
4.5000000e+01 4.8396011e+01 0.0000000e+00 
3.8250000e+01 5.3933937e+01 0.0000000e+00 
4.3500000e+01 4.9799614e+01 0.0000000e+00 
3.6750000e+01 5.4976692e+01 0.0000000e+00 
4.8000000e+01 4.5500000e+01 0.0000000e+00 
4.6500000e+01 4.7034760e+01 0.0000000e+00 
4.1250000e+01 5.1715477e+01 0.0000000e+00 
4.0500000e+01 5.2319946e+01 0.0000000e+00 
4.5750000e+01 4.7808750e+01 0.0000000e+00 
4.2000000e+01 5.1140911e+01 0.0000000e+00 
4.7250000e+01 4.6354809e+01 0.0000000e+00 
3.9750000e+01 5.2948685e+01 0.0000000e+00 
4.2750000e+01 5.0602234e+01 0.0000000e+00 
3.7500000e+01 5.4611588e+01 0.0000000e+00 
3.9000000e+01 5.3596680e+01 0.0000000e+00 
4.4250000e+01 4.9358791e+01 0.0000000e+00 
4.5000000e+01 4.8683575e+01 0.0000000e+00 
3.6000000e+01 5.5679737e+01 0.0000000e+00 
4.8000000e+01 4.5750000e+01 0.0000000e+00 
4.6500000e+01 4.7300812e+01 0.0000000e+00 
4.3500000e+01 5.0105450e+01 0.0000000e+00 
4.7250000e+01 4.6611271e+01 0.0000000e+00 
4.5750000e+01 4.8085773e+01 0.0000000e+00 
3.8250000e+01 5.4259808e+01 0.0000000e+00 
3.6750000e+01 5.5300457e+01 0.0000000e+00 
4.1250000e+01 5.2037300e+01 0.0000000e+00 
4.0500000e+01 5.2644173e+01 0.0000000e+00 
4.2000000e+01 5.1458794e+01 0.0000000e+00 
3.9750000e+01 5.3273819e+01 0.0000000e+00 
4.2750000e+01 5.0914669e+01 0.0000000e+00 
4.8000000e+01 4.6000000e+01 0.0000000e+00 
4.5000000e+01 4.8971466e+01 0.0000000e+00 
4.4250000e+01 4.9656250e+01 0.0000000e+00 
3.7500000e+01 5.4935051e+01 0.0000000e+00 
4.6500000e+01 4.7567375e+01 0.0000000e+00 
3.9000000e+01 5.3921329e+01 0.0000000e+00 
4.7250000e+01 4.6868095e+01 0.0000000e+00 
3.6000000e+01 5.6000000e+01 0.0000000e+00 
4.5750000e+01 4.8363258e+01 0.0000000e+00 
4.3500000e+01 5.0411022e+01 0.0000000e+00 
3.8250000e+01 5.4582726e+01 0.0000000e+00 
4.1250000e+01 5.2357674e+01 0.0000000e+00 
4.8000000e+01 4.6250000e+01 0.0000000e+00 
3.6750000e+01 5.5620678e+01 0.0000000e+00 
4.2000000e+01 5.1775627e+01 0.0000000e+00 
4.0500000e+01 5.2966541e+01 0.0000000e+00 
4.6500000e+01 4.7834412e+01 0.0000000e+00 
4.5000000e+01 4.9259621e+01 0.0000000e+00 
4.2750000e+01 5.1226418e+01 0.0000000e+00 
3.9750000e+01 5.3596680e+01 0.0000000e+00 
4.7250000e+01 4.7125267e+01 0.0000000e+00 
4.4250000e+01 4.9953709e+01 0.0000000e+00 
4.5750000e+01 4.8641163e+01 0.0000000e+00 
3.7500000e+01 5.5255188e+01 0.0000000e+00 
3.9000000e+01 5.4243290e+01 0.0000000e+00 
4.3500000e+01 5.0716236e+01 0.0000000e+00 
4.8000000e+01 4.6500000e+01 0.0000000e+00 
4.6500000e+01 4.8101887e+01 0.0000000e+00 
4.1250000e+01 5.2676487e+01 0.0000000e+00 
3.8250000e+01 5.4902561e+01 0.0000000e+00 
4.2000000e+01 5.2091301e+01 0.0000000e+00 
4.7250000e+01 4.7382763e+01 0.0000000e+00 
3.6750000e+01 5.5937233e+01 0.0000000e+00 
4.0500000e+01 5.3286934e+01 0.0000000e+00 
4.5000000e+01 4.9547970e+01 0.0000000e+00 
4.4250000e+01 5.0251091e+01 0.0000000e+00 
4.2750000e+01 5.1537392e+01 0.0000000e+00 
4.5750000e+01 4.8919430e+01 0.0000000e+00 
3.9750000e+01 5.3917145e+01 0.0000000e+00 
4.8000000e+01 4.6750000e+01 0.0000000e+00 
3.7500000e+01 5.5571873e+01 0.0000000e+00 
4.3500000e+01 5.1021011e+01 0.0000000e+00 
3.9000000e+01 5.4562447e+01 0.0000000e+00 
4.6500000e+01 4.8369759e+01 0.0000000e+00 
4.7250000e+01 4.7640564e+01 0.0000000e+00 
4.5000000e+01 4.9836452e+01 0.0000000e+00 
4.1250000e+01 5.2993633e+01 0.0000000e+00 
4.2000000e+01 5.2405716e+01 0.0000000e+00 
3.8250000e+01 5.5219193e+01 0.0000000e+00 
4.8000000e+01 4.7000000e+01 0.0000000e+00 
4.4250000e+01 5.0548317e+01 0.0000000e+00 
4.5750000e+01 4.9198006e+01 0.0000000e+00 
4.0500000e+01 5.3605232e+01 0.0000000e+00 
3.6750000e+01 5.6250000e+01 0.0000000e+00 
4.2750000e+01 5.1847485e+01 0.0000000e+00 
3.9750000e+01 5.4235100e+01 0.0000000e+00 
4.3500000e+01 5.1325256e+01 0.0000000e+00 
4.7250000e+01 4.7898651e+01 0.0000000e+00 
4.6500000e+01 4.8637997e+01 0.0000000e+00 
3.7500000e+01 5.5884987e+01 0.0000000e+00 
3.9000000e+01 5.4878674e+01 0.0000000e+00 
4.8000000e+01 4.7250000e+01 0.0000000e+00 
4.5000000e+01 5.0125000e+01 0.0000000e+00 
4.5750000e+01 4.9476845e+01 0.0000000e+00 
4.2000000e+01 5.2718761e+01 0.0000000e+00 
4.4250000e+01 5.0845310e+01 0.0000000e+00 
4.1250000e+01 5.3308998e+01 0.0000000e+00 
3.8250000e+01 5.5532497e+01 0.0000000e+00 
4.0500000e+01 5.3921329e+01 0.0000000e+00 
4.2750000e+01 5.2156601e+01 0.0000000e+00 
4.7250000e+01 4.8157005e+01 0.0000000e+00 
4.6500000e+01 4.8906563e+01 0.0000000e+00 
3.9750000e+01 5.4550415e+01 0.0000000e+00 
4.3500000e+01 5.1628880e+01 0.0000000e+00 
4.8000000e+01 4.7500000e+01 0.0000000e+00 
3.7500000e+01 5.6194405e+01 0.0000000e+00 
4.5000000e+01 5.0413548e+01 0.0000000e+00 
3.9000000e+01 5.5191849e+01 0.0000000e+00 
4.5750000e+01 4.9755890e+01 0.0000000e+00 
4.4250000e+01 5.1141991e+01 0.0000000e+00 
4.2000000e+01 5.3030334e+01 0.0000000e+00 
4.7250000e+01 4.8415607e+01 0.0000000e+00 
4.1250000e+01 5.3622471e+01 0.0000000e+00 
4.2750000e+01 5.2464645e+01 0.0000000e+00 
4.6500000e+01 4.9175419e+01 0.0000000e+00 
3.8250000e+01 5.5842354e+01 0.0000000e+00 
4.0500000e+01 5.4235100e+01 0.0000000e+00 
4.8000000e+01 4.7750000e+01 0.0000000e+00 
4.3500000e+01 5.1931793e+01 0.0000000e+00 
3.9750000e+01 5.4862980e+01 0.0000000e+00 
4.5000000e+01 5.0702030e+01 0.0000000e+00 
4.5750000e+01 5.0035091e+01 0.0000000e+00 
3.7500000e+01 5.6500000e+01 0.0000000e+00 
3.9000000e+01 5.5501854e+01 0.0000000e+00 
4.7250000e+01 4.8674438e+01 0.0000000e+00 
4.4250000e+01 5.1438282e+01 0.0000000e+00 
4.6500000e+01 4.9444527e+01 0.0000000e+00 
4.8000000e+01 4.8000000e+01 0.0000000e+00 
4.2000000e+01 5.3340332e+01 0.0000000e+00 
4.1250000e+01 5.3933937e+01 0.0000000e+00 
4.2750000e+01 5.2771523e+01 0.0000000e+00 
4.0500000e+01 5.4546429e+01 0.0000000e+00 
3.8250000e+01 5.6148640e+01 0.0000000e+00 
4.3500000e+01 5.2233913e+01 0.0000000e+00 
3.9750000e+01 5.5172672e+01 0.0000000e+00 
4.5750000e+01 5.0314392e+01 0.0000000e+00 
4.5000000e+01 5.0990379e+01 0.0000000e+00 
4.7250000e+01 4.8933479e+01 0.0000000e+00 
4.8000000e+01 4.8250000e+01 0.0000000e+00 
4.6500000e+01 4.9713856e+01 0.0000000e+00 
4.4250000e+01 5.1734108e+01 0.0000000e+00 
3.9000000e+01 5.5808559e+01 0.0000000e+00 
4.2000000e+01 5.3648647e+01 0.0000000e+00 
4.1250000e+01 5.4243290e+01 0.0000000e+00 
4.2750000e+01 5.3077129e+01 0.0000000e+00 
4.0500000e+01 5.4855206e+01 0.0000000e+00 
3.8250000e+01 5.6451229e+01 0.0000000e+00 
4.3500000e+01 5.2535149e+01 0.0000000e+00 
4.7250000e+01 4.9192711e+01 0.0000000e+00 
4.5750000e+01 5.0593750e+01 0.0000000e+00 
4.5000000e+01 5.1278534e+01 0.0000000e+00 
4.8000000e+01 4.8500000e+01 0.0000000e+00 
3.9750000e+01 5.5479370e+01 0.0000000e+00 
4.6500000e+01 4.9983368e+01 0.0000000e+00 
4.4250000e+01 5.2029385e+01 0.0000000e+00 
3.9000000e+01 5.6111851e+01 0.0000000e+00 
4.2000000e+01 5.3955173e+01 0.0000000e+00 
4.2750000e+01 5.3381367e+01 0.0000000e+00 
4.1250000e+01 5.4550415e+01 0.0000000e+00 
4.7250000e+01 4.9452118e+01 0.0000000e+00 
4.8000000e+01 4.8750000e+01 0.0000000e+00 
4.5750000e+01 5.0873108e+01 0.0000000e+00 
4.0500000e+01 5.5161308e+01 0.0000000e+00 
3.8250000e+01 5.6750000e+01 0.0000000e+00 
4.3500000e+01 5.2835411e+01 0.0000000e+00 
4.5000000e+01 5.1566425e+01 0.0000000e+00 
4.6500000e+01 5.0253021e+01 0.0000000e+00 
3.9750000e+01 5.5782955e+01 0.0000000e+00 
4.4250000e+01 5.2324039e+01 0.0000000e+00 
3.9000000e+01 5.6411602e+01 0.0000000e+00 
4.7250000e+01 4.9711674e+01 0.0000000e+00 
4.8000000e+01 4.9000000e+01 0.0000000e+00 
4.2000000e+01 5.4259808e+01 0.0000000e+00 
4.2750000e+01 5.3684147e+01 0.0000000e+00 
4.5750000e+01 5.1152409e+01 0.0000000e+00 
4.1250000e+01 5.4855206e+01 0.0000000e+00 
4.5000000e+01 5.1853989e+01 0.0000000e+00 
4.6500000e+01 5.0522789e+01 0.0000000e+00 
4.3500000e+01 5.3134613e+01 0.0000000e+00 
4.0500000e+01 5.5464622e+01 0.0000000e+00 
3.9750000e+01 5.6083309e+01 0.0000000e+00 
4.4250000e+01 5.2617996e+01 0.0000000e+00 
4.8000000e+01 4.9250000e+01 0.0000000e+00 
4.7250000e+01 4.9971367e+01 0.0000000e+00 
3.9000000e+01 5.6707691e+01 0.0000000e+00 
4.5750000e+01 5.1431610e+01 0.0000000e+00 
4.2000000e+01 5.4562447e+01 0.0000000e+00 
4.2750000e+01 5.3985363e+01 0.0000000e+00 
4.6500000e+01 5.0792625e+01 0.0000000e+00 
4.5000000e+01 5.2141155e+01 0.0000000e+00 
4.1250000e+01 5.5157543e+01 0.0000000e+00 
4.3500000e+01 5.3432659e+01 0.0000000e+00 
4.0500000e+01 5.5765034e+01 0.0000000e+00 
4.8000000e+01 4.9500000e+01 0.0000000e+00 
4.7250000e+01 5.0231171e+01 0.0000000e+00 
4.4250000e+01 5.2911171e+01 0.0000000e+00 
3.9750000e+01 5.6380310e+01 0.0000000e+00 
4.5750000e+01 5.1710655e+01 0.0000000e+00 
4.6500000e+01 5.1062500e+01 0.0000000e+00 
3.9000000e+01 5.7000000e+01 0.0000000e+00 
4.5000000e+01 5.2427864e+01 0.0000000e+00 
4.2000000e+01 5.4862980e+01 0.0000000e+00 
4.2750000e+01 5.4284920e+01 0.0000000e+00 
4.1250000e+01 5.5457321e+01 0.0000000e+00 
4.8000000e+01 4.9750000e+01 0.0000000e+00 
4.3500000e+01 5.3729473e+01 0.0000000e+00 
4.7250000e+01 5.0491074e+01 0.0000000e+00 
4.0500000e+01 5.6062424e+01 0.0000000e+00 
4.4250000e+01 5.3203491e+01 0.0000000e+00 
3.9750000e+01 5.6673836e+01 0.0000000e+00 
4.5750000e+01 5.1989494e+01 0.0000000e+00 
4.6500000e+01 5.1332375e+01 0.0000000e+00 
4.5000000e+01 5.2714046e+01 0.0000000e+00 
4.8000000e+01 5.0000000e+01 0.0000000e+00 
4.2000000e+01 5.5161308e+01 0.0000000e+00 
4.2750000e+01 5.4582726e+01 0.0000000e+00 
4.7250000e+01 5.0751049e+01 0.0000000e+00 
4.1250000e+01 5.5754425e+01 0.0000000e+00 
4.3500000e+01 5.4024956e+01 0.0000000e+00 
4.0500000e+01 5.6356678e+01 0.0000000e+00 
4.4250000e+01 5.3494877e+01 0.0000000e+00 
3.9750000e+01 5.6963776e+01 0.0000000e+00 
4.5750000e+01 5.2268070e+01 0.0000000e+00 
4.6500000e+01 5.1602211e+01 0.0000000e+00 
4.8000000e+01 5.0250000e+01 0.0000000e+00 
4.5000000e+01 5.2999638e+01 0.0000000e+00 
4.7250000e+01 5.1011086e+01 0.0000000e+00 
4.2750000e+01 5.4878674e+01 0.0000000e+00 
4.2000000e+01 5.5457321e+01 0.0000000e+00 
4.3500000e+01 5.4319023e+01 0.0000000e+00 
4.1250000e+01 5.6048748e+01 0.0000000e+00 
4.0500000e+01 5.6647678e+01 0.0000000e+00 
4.4250000e+01 5.3785248e+01 0.0000000e+00 
4.6500000e+01 5.1871979e+01 0.0000000e+00 
4.5750000e+01 5.2546337e+01 0.0000000e+00 
4.8000000e+01 5.0500000e+01 0.0000000e+00 
3.9750000e+01 5.7250000e+01 0.0000000e+00 
4.7250000e+01 5.1271156e+01 0.0000000e+00 
4.5000000e+01 5.3284573e+01 0.0000000e+00 
4.2750000e+01 5.5172672e+01 0.0000000e+00 
4.2000000e+01 5.5750916e+01 0.0000000e+00 
4.3500000e+01 5.4611588e+01 0.0000000e+00 
4.1250000e+01 5.6340176e+01 0.0000000e+00 
4.8000000e+01 5.0750000e+01 0.0000000e+00 
4.6500000e+01 5.2141632e+01 0.0000000e+00 
4.0500000e+01 5.6935310e+01 0.0000000e+00 
4.4250000e+01 5.4074528e+01 0.0000000e+00 
4.5750000e+01 5.2824242e+01 0.0000000e+00 
4.7250000e+01 5.1531250e+01 0.0000000e+00 
4.5000000e+01 5.3568783e+01 0.0000000e+00 
4.2750000e+01 5.5464622e+01 0.0000000e+00 
4.2000000e+01 5.6041988e+01 0.0000000e+00 
4.8000000e+01 5.1000000e+01 0.0000000e+00 
4.3500000e+01 5.4902561e+01 0.0000000e+00 
4.1250000e+01 5.6628597e+01 0.0000000e+00 
4.6500000e+01 5.2411144e+01 0.0000000e+00 
4.5750000e+01 5.3101727e+01 0.0000000e+00 
4.4250000e+01 5.4362640e+01 0.0000000e+00 
4.0500000e+01 5.7219456e+01 0.0000000e+00 
4.7250000e+01 5.1791344e+01 0.0000000e+00 
4.5000000e+01 5.3852203e+01 0.0000000e+00 
4.8000000e+01 5.1250000e+01 0.0000000e+00 
4.2750000e+01 5.5754425e+01 0.0000000e+00 
4.2000000e+01 5.6330429e+01 0.0000000e+00 
4.6500000e+01 5.2680473e+01 0.0000000e+00 
4.3500000e+01 5.5191849e+01 0.0000000e+00 
4.1250000e+01 5.6913902e+01 0.0000000e+00 
4.7250000e+01 5.2051414e+01 0.0000000e+00 
4.5750000e+01 5.3378750e+01 0.0000000e+00 
4.4250000e+01 5.4649509e+01 0.0000000e+00 
4.0500000e+01 5.7500000e+01 0.0000000e+00 
4.5000000e+01 5.4134773e+01 0.0000000e+00 
4.8000000e+01 5.1500000e+01 0.0000000e+00 
4.6500000e+01 5.2949581e+01 0.0000000e+00 
4.2750000e+01 5.6041988e+01 0.0000000e+00 
4.7250000e+01 5.2311451e+01 0.0000000e+00 
4.2000000e+01 5.6616138e+01 0.0000000e+00 
4.3500000e+01 5.5479370e+01 0.0000000e+00 
4.5750000e+01 5.3655251e+01 0.0000000e+00 
4.1250000e+01 5.7195980e+01 0.0000000e+00 
4.4250000e+01 5.4935051e+01 0.0000000e+00 
4.8000000e+01 5.1750000e+01 0.0000000e+00 
4.5000000e+01 5.4416420e+01 0.0000000e+00 
4.6500000e+01 5.3218437e+01 0.0000000e+00 
4.7250000e+01 5.2571426e+01 0.0000000e+00 
4.2750000e+01 5.6327206e+01 0.0000000e+00 
4.2000000e+01 5.6899010e+01 0.0000000e+00 
4.5750000e+01 5.3931183e+01 0.0000000e+00 
4.3500000e+01 5.5765034e+01 0.0000000e+00 
4.1250000e+01 5.7474716e+01 0.0000000e+00 
4.4250000e+01 5.5219193e+01 0.0000000e+00 
4.8000000e+01 5.2000000e+01 0.0000000e+00 
4.5000000e+01 5.4697083e+01 0.0000000e+00 
4.6500000e+01 5.3487003e+01 0.0000000e+00 
4.7250000e+01 5.2831329e+01 0.0000000e+00 
4.5750000e+01 5.4206490e+01 0.0000000e+00 
4.2750000e+01 5.6609989e+01 0.0000000e+00 
4.2000000e+01 5.7178936e+01 0.0000000e+00 
4.3500000e+01 5.6048748e+01 0.0000000e+00 
4.8000000e+01 5.2250000e+01 0.0000000e+00 
4.1250000e+01 5.7750000e+01 0.0000000e+00 
4.4250000e+01 5.5501854e+01 0.0000000e+00 
4.5000000e+01 5.4976692e+01 0.0000000e+00 
4.7250000e+01 5.3091133e+01 0.0000000e+00 
4.6500000e+01 5.3755241e+01 0.0000000e+00 
4.8000000e+01 5.2500000e+01 0.0000000e+00 
4.5750000e+01 5.4481125e+01 0.0000000e+00 
4.2750000e+01 5.6890232e+01 0.0000000e+00 
4.2000000e+01 5.7455814e+01 0.0000000e+00 
4.3500000e+01 5.6330429e+01 0.0000000e+00 
4.4250000e+01 5.5782955e+01 0.0000000e+00 
4.5000000e+01 5.5255188e+01 0.0000000e+00 
4.7250000e+01 5.3350826e+01 0.0000000e+00 
4.6500000e+01 5.4023113e+01 0.0000000e+00 
4.8000000e+01 5.2750000e+01 0.0000000e+00 
4.5750000e+01 5.4755032e+01 0.0000000e+00 
4.2750000e+01 5.7167843e+01 0.0000000e+00 
4.2000000e+01 5.7729538e+01 0.0000000e+00 
4.3500000e+01 5.6609989e+01 0.0000000e+00 
4.4250000e+01 5.6062424e+01 0.0000000e+00 
4.7250000e+01 5.3610382e+01 0.0000000e+00 
4.5000000e+01 5.5532497e+01 0.0000000e+00 
4.6500000e+01 5.4290588e+01 0.0000000e+00 
4.8000000e+01 5.3000000e+01 0.0000000e+00 
4.5750000e+01 5.5028160e+01 0.0000000e+00 
4.2750000e+01 5.7442722e+01 0.0000000e+00 
4.2000000e+01 5.8000000e+01 0.0000000e+00 
4.3500000e+01 5.6887333e+01 0.0000000e+00 
4.4250000e+01 5.6340176e+01 0.0000000e+00 
4.7250000e+01 5.3869789e+01 0.0000000e+00 
4.6500000e+01 5.4557625e+01 0.0000000e+00 
4.8000000e+01 5.3250000e+01 0.0000000e+00 
4.5000000e+01 5.5808559e+01 0.0000000e+00 
4.5750000e+01 5.5300457e+01 0.0000000e+00 
4.2750000e+01 5.7714775e+01 0.0000000e+00 
4.3500000e+01 5.7162376e+01 0.0000000e+00 
4.7250000e+01 5.4129021e+01 0.0000000e+00 
4.4250000e+01 5.6616138e+01 0.0000000e+00 
4.8000000e+01 5.3500000e+01 0.0000000e+00 
4.6500000e+01 5.4824188e+01 0.0000000e+00 
4.5000000e+01 5.6083309e+01 0.0000000e+00 
4.5750000e+01 5.5571873e+01 0.0000000e+00 
4.2750000e+01 5.7983898e+01 0.0000000e+00 
4.7250000e+01 5.4388062e+01 0.0000000e+00 
4.3500000e+01 5.7435036e+01 0.0000000e+00 
4.8000000e+01 5.3750000e+01 0.0000000e+00 
4.4250000e+01 5.6890232e+01 0.0000000e+00 
4.6500000e+01 5.5090240e+01 0.0000000e+00 
4.5000000e+01 5.6356678e+01 0.0000000e+00 
4.5750000e+01 5.5842354e+01 0.0000000e+00 
4.7250000e+01 5.4646893e+01 0.0000000e+00 
4.8000000e+01 5.4000000e+01 0.0000000e+00 
4.2750000e+01 5.8250000e+01 0.0000000e+00 
4.3500000e+01 5.7705212e+01 0.0000000e+00 
4.4250000e+01 5.7162376e+01 0.0000000e+00 
4.6500000e+01 5.5355751e+01 0.0000000e+00 
4.5000000e+01 5.6628597e+01 0.0000000e+00 
4.5750000e+01 5.6111851e+01 0.0000000e+00 
4.8000000e+01 5.4250000e+01 0.0000000e+00 
4.7250000e+01 5.4905495e+01 0.0000000e+00 
4.3500000e+01 5.7972824e+01 0.0000000e+00 
4.6500000e+01 5.5620678e+01 0.0000000e+00 
4.4250000e+01 5.7432499e+01 0.0000000e+00 
4.5000000e+01 5.6899010e+01 0.0000000e+00 
4.5750000e+01 5.6380310e+01 0.0000000e+00 
4.8000000e+01 5.4500000e+01 0.0000000e+00 
4.7250000e+01 5.5163849e+01 0.0000000e+00 
4.3500000e+01 5.8237785e+01 0.0000000e+00 
4.6500000e+01 5.5884987e+01 0.0000000e+00 
4.4250000e+01 5.7700516e+01 0.0000000e+00 
4.5000000e+01 5.7167843e+01 0.0000000e+00 
4.8000000e+01 5.4750000e+01 0.0000000e+00 
4.5750000e+01 5.6647678e+01 0.0000000e+00 
4.7250000e+01 5.5421936e+01 0.0000000e+00 
4.3500000e+01 5.8500000e+01 0.0000000e+00 
4.6500000e+01 5.6148640e+01 0.0000000e+00 
4.4250000e+01 5.7966354e+01 0.0000000e+00 
4.5000000e+01 5.7435036e+01 0.0000000e+00 
4.8000000e+01 5.5000000e+01 0.0000000e+00 
4.5750000e+01 5.6913902e+01 0.0000000e+00 
4.7250000e+01 5.5679737e+01 0.0000000e+00 
4.6500000e+01 5.6411602e+01 0.0000000e+00 
4.4250000e+01 5.8229931e+01 0.0000000e+00 
4.5000000e+01 5.7700516e+01 0.0000000e+00 
4.8000000e+01 5.5250000e+01 0.0000000e+00 
4.7250000e+01 5.5937233e+01 0.0000000e+00 
4.5750000e+01 5.7178936e+01 0.0000000e+00 
4.6500000e+01 5.6673836e+01 0.0000000e+00 
4.4250000e+01 5.8491173e+01 0.0000000e+00 
4.8000000e+01 5.5500000e+01 0.0000000e+00 
4.5000000e+01 5.7964226e+01 0.0000000e+00 
4.7250000e+01 5.6194405e+01 0.0000000e+00 
4.5750000e+01 5.7442722e+01 0.0000000e+00 
4.6500000e+01 5.6935310e+01 0.0000000e+00 
4.4250000e+01 5.8750000e+01 0.0000000e+00 
4.8000000e+01 5.5750000e+01 0.0000000e+00 
4.5000000e+01 5.8226093e+01 0.0000000e+00 
4.7250000e+01 5.6451229e+01 0.0000000e+00 
4.5750000e+01 5.7705212e+01 0.0000000e+00 
4.6500000e+01 5.7195980e+01 0.0000000e+00 
4.8000000e+01 5.6000000e+01 0.0000000e+00 
4.5000000e+01 5.8486053e+01 0.0000000e+00 
4.7250000e+01 5.6707691e+01 0.0000000e+00 
4.5750000e+01 5.7966354e+01 0.0000000e+00 
4.6500000e+01 5.7455814e+01 0.0000000e+00 
4.8000000e+01 5.6250000e+01 0.0000000e+00 
4.5000000e+01 5.8744045e+01 0.0000000e+00 
4.7250000e+01 5.6963776e+01 0.0000000e+00 
4.5750000e+01 5.8226093e+01 0.0000000e+00 
4.6500000e+01 5.7714775e+01 0.0000000e+00 
4.8000000e+01 5.6500000e+01 0.0000000e+00 
4.5000000e+01 5.9000000e+01 0.0000000e+00 
4.7250000e+01 5.7219456e+01 0.0000000e+00 
4.5750000e+01 5.8484379e+01 0.0000000e+00 
4.6500000e+01 5.7972824e+01 0.0000000e+00 
4.8000000e+01 5.6750000e+01 0.0000000e+00 
4.7250000e+01 5.7474716e+01 0.0000000e+00 
4.5750000e+01 5.8741161e+01 0.0000000e+00 
4.6500000e+01 5.8229931e+01 0.0000000e+00 
4.8000000e+01 5.7000000e+01 0.0000000e+00 
4.7250000e+01 5.7729538e+01 0.0000000e+00 
4.5750000e+01 5.8996384e+01 0.0000000e+00 
4.8000000e+01 5.7250000e+01 0.0000000e+00 
4.6500000e+01 5.8486053e+01 0.0000000e+00 
4.7250000e+01 5.7983898e+01 0.0000000e+00 
4.5750000e+01 5.9250000e+01 0.0000000e+00 
4.8000000e+01 5.7500000e+01 0.0000000e+00 
4.6500000e+01 5.8741161e+01 0.0000000e+00 
4.7250000e+01 5.8237785e+01 0.0000000e+00 
4.8000000e+01 5.7750000e+01 0.0000000e+00 
4.6500000e+01 5.8995209e+01 0.0000000e+00 
4.7250000e+01 5.8491173e+01 0.0000000e+00 
4.8000000e+01 5.8000000e+01 0.0000000e+00 
4.6500000e+01 5.9248169e+01 0.0000000e+00 
4.7250000e+01 5.8744045e+01 0.0000000e+00 
4.8000000e+01 5.8250000e+01 0.0000000e+00 
4.6500000e+01 5.9500000e+01 0.0000000e+00 
4.7250000e+01 5.8996384e+01 0.0000000e+00 
4.8000000e+01 5.8500000e+01 0.0000000e+00 
4.7250000e+01 5.9248169e+01 0.0000000e+00 
4.8000000e+01 5.8750000e+01 0.0000000e+00 
4.7250000e+01 5.9499382e+01 0.0000000e+00 
4.8000000e+01 5.9000000e+01 0.0000000e+00 
4.7250000e+01 5.9750000e+01 0.0000000e+00 
4.8000000e+01 5.9250000e+01 0.0000000e+00 
4.8000000e+01 5.9500000e+01 0.0000000e+00 
4.8000000e+01 5.9750000e+01 0.0000000e+00 
4.8000000e+01 6.0000000e+01 0.0000000e+00 

CELLS 4096 20480
4 2 4 1 0
4 5 8 4 2
4 11 15 8 5
4 17 22 15 11
4 27 32 22 17
4 37 43 32 27
4 50 56 43 37
4 63 70 56 50
4 81 87 70 63
4 96 106 87 81
4 117 125 106 96
4 137 148 125 117
4 162 171 148 137
4 185 198 171 162
4 214 225 198 185
4 240 255 225 214
4 274 287 255 240
4 304 321 287 274
4 341 356 321 304
4 379 392 356 341
4 417 433 392 379
4 461 478 433 417
4 506 521 478 461
4 550 570 521 506
4 599 615 570 550
4 650 668 615 599
4 703 726 668 650
4 759 777 726 703
4 816 837 777 759
4 877 901 837 816
4 941 964 901 877
4 1008 1027 964 941
4 1077 1099 1027 1008
4 1146 1171 1099 1077
4 1222 1243 1171 1146
4 1298 1318 1243 1222
4 1376 1398 1318 1298
4 1456 1483 1398 1376
4 1538 1565 1483 1456
4 1628 1650 1565 1538
4 1718 1737 1650 1628
4 1811 1832 1737 1718
4 1904 1925 1832 1811
4 2003 2023 1925 1904
4 2094 2116 2023 2003
4 2185 2210 2116 2094
4 2278 2297 2210 2185
4 2368 2387 2297 2278
4 2453 2474 2387 2368
4 2544 2554 2474 2453
4 2628 2643 2554 2544
4 2713 2729 2643 2628
4 2799 2815 2729 2713
4 2884 2895 2815 2799
4 2967 2979 2895 2884
4 3051 3064 2979 2967
4 3133 3148 3064 3051
4 3214 3229 3148 3133
4 3295 3310 3229 3214
4 3378 3393 3310 3295
4 3461 3471 3393 3378
4 3541 3554 3471 3461
4 3620 3635 3554 3541
4 3699 3714 3635 3620
4 4 7 3 1
4 8 12 7 4
4 15 18 12 8
4 22 28 18 15
4 32 36 28 22
4 43 49 36 32
4 56 62 49 43
4 70 78 62 56
4 87 94 78 70
4 106 115 94 87
4 125 135 115 106
4 148 158 135 125
4 171 183 158 148
4 198 210 183 171
4 225 238 210 198
4 255 269 238 225
4 287 300 269 255
4 321 336 300 287
4 356 370 336 321
4 392 411 370 356
4 433 449 411 392
4 478 493 449 433
4 521 541 493 478
4 570 584 541 521
4 615 637 584 570
4 668 688 637 615
4 726 740 688 668
4 777 799 740 726
4 837 859 799 777
4 901 917 859 837
4 964 984 917 901
4 1027 1051 984 964
4 1099 1119 1051 1027
4 1171 1191 1119 1099
4 1243 1265 1191 1171
4 1318 1345 1265 1243
4 1398 1422 1345 1318
4 1483 1502 1422 1398
4 1565 1587 1502 1483
4 1650 1673 1587 1565
4 1737 1766 1673 1650
4 1832 1857 1766 1737
4 1925 1953 1857 1832
4 2023 2042 1953 1925
4 2116 2137 2042 2023
4 2210 2230 2137 2116
4 2297 2318 2230 2210
4 2387 2406 2318 2297
4 2474 2492 2406 2387
4 2554 2579 2492 2474
4 2643 2665 2579 2554
4 2729 2747 2665 2643
4 2815 2830 2747 2729
4 2895 2915 2830 2815
4 2979 2997 2915 2895
4 3064 3081 2997 2979
4 3148 3160 3081 3064
4 3229 3246 3160 3148
4 3310 3325 3246 3229
4 3393 3405 3325 3310
4 3471 3488 3405 3393
4 3554 3568 3488 3471
4 3635 3648 3568 3554
4 3714 3730 3648 3635
4 7 10 6 3
4 12 16 10 7
4 18 23 16 12
4 28 33 23 18
4 36 44 33 28
4 49 57 44 36
4 62 71 57 49
4 78 85 71 62
4 94 105 85 78
4 115 122 105 94
4 135 146 122 115
4 158 168 146 135
4 183 195 168 158
4 210 221 195 183
4 238 252 221 210
4 269 281 252 238
4 300 317 281 269
4 336 349 317 300
4 370 388 349 336
4 411 428 388 370
4 449 467 428 411
4 493 511 467 449
4 541 554 511 493
4 584 606 554 541
4 637 657 606 584
4 688 707 657 637
4 740 762 707 688
4 799 820 762 740
4 859 879 820 799
4 917 940 879 859
4 984 1004 940 917
4 1051 1070 1004 984
4 1119 1140 1070 1051
4 1191 1214 1140 1119
4 1265 1291 1214 1191
4 1345 1364 1291 1265
4 1422 1447 1364 1345
4 1502 1528 1447 1422
4 1587 1611 1528 1502
4 1673 1701 1611 1587
4 1766 1784 1701 1673
4 1857 1881 1784 1766
4 1953 1976 1881 1857
4 2042 2071 1976 1953
4 2137 2159 2071 2042
4 2230 2253 2159 2137
4 2318 2338 2253 2230
4 2406 2422 2338 2318
4 2492 2511 2422 2406
4 2579 2596 2511 2492
4 2665 2679 2596 2579
4 2747 2764 2679 2665
4 2830 2848 2764 2747
4 2915 2931 2848 2830
4 2997 3011 2931 2915
4 3081 3094 3011 2997
4 3160 3176 3094 3081
4 3246 3260 3176 3160
4 3325 3339 3260 3246
4 3405 3418 3339 3325
4 3488 3500 3418 3405
4 3568 3581 3500 3488
4 3648 3661 3581 3568
4 3730 3740 3661 3648
4 10 14 9 6
4 16 21 14 10
4 23 29 21 16
4 33 40 29 23
4 44 52 40 33
4 57 64 52 44
4 71 80 64 57
4 85 95 80 71
4 105 116 95 85
4 122 134 116 105
4 146 157 134 122
4 168 180 157 146
4 195 207 180 168
4 221 234 207 195
4 252 265 234 221
4 281 296 265 252
4 317 331 296 281
4 349 367 331 317
4 388 406 367 349
4 428 442 406 388
4 467 485 442 428
4 511 527 485 467
4 554 575 527 511
4 606 625 575 554
4 657 674 625 606
4 707 729 674 657
4 762 785 729 707
4 820 839 785 762
4 879 903 839 820
4 940 966 903 879
4 1004 1024 966 940
4 1070 1097 1024 1004
4 1140 1167 1097 1070
4 1214 1237 1167 1140
4 1291 1312 1237 1214
4 1364 1390 1312 1291
4 1447 1469 1390 1364
4 1528 1553 1469 1447
4 1611 1635 1553 1528
4 1701 1724 1635 1611
4 1784 1815 1724 1701
4 1881 1906 1815 1784
4 1976 2000 1906 1881
4 2071 2091 2000 1976
4 2159 2181 2091 2071
4 2253 2270 2181 2159
4 2338 2358 2270 2253
4 2422 2445 2358 2338
4 2511 2531 2445 2422
4 2596 2616 2531 2511
4 2679 2700 2616 2596
4 2764 2781 2700 2679
4 2848 2863 2781 2764
4 2931 2945 2863 2848
4 3011 3030 2945 2931
4 3094 3110 3030 3011
4 3176 3194 3110 3094
4 3260 3272 3194 3176
4 3339 3354 3272 3260
4 3418 3435 3354 3339
4 3500 3513 3435 3418
4 3581 3594 3513 3500
4 3661 3676 3594 3581
4 3740 3756 3676 3661
4 14 20 13 9
4 21 26 20 14
4 29 35 26 21
4 40 45 35 29
4 52 59 45 40
4 64 73 59 52
4 80 90 73 64
4 95 107 90 80
4 116 123 107 95
4 134 147 123 116
4 157 167 147 134
4 180 194 167 157
4 207 219 194 180
4 234 249 219 207
4 265 278 249 234
4 296 313 278 265
4 331 345 313 296
4 367 383 345 331
4 406 420 383 367
4 442 463 420 406
4 485 505 463 442
4 527 548 505 485
4 575 594 548 527
4 625 642 594 575
4 674 697 642 625
4 729 749 697 674
4 785 804 749 729
4 839 863 804 785
4 903 922 863 839
4 966 986 922 903
4 1024 1052 986 966
4 1097 1117 1052 1024
4 1167 1188 1117 1097
4 1237 1261 1188 1167
4 1312 1337 1261 1237
4 1390 1414 1337 1312
4 1469 1493 1414 1390
4 1553 1577 1493 1469
4 1635 1662 1577 1553
4 1724 1748 1662 1635
4 1815 1835 1748 1724
4 1906 1928 1835 1815
4 2000 2025 1928 1906
4 2091 2114 2025 2000
4 2181 2206 2114 2091
4 2270 2290 2206 2181
4 2358 2376 2290 2270
4 2445 2464 2376 2358
4 2531 2549 2464 2445
4 2616 2633 2549 2531
4 2700 2715 2633 2616
4 2781 2800 2715 2700
4 2863 2881 2800 2781
4 2945 2963 2881 2863
4 3030 3041 2963 2945
4 3110 3124 3041 3030
4 3194 3205 3124 3110
4 3272 3286 3205 3194
4 3354 3369 3286 3272
4 3435 3447 3369 3354
4 3513 3528 3447 3435
4 3594 3610 3528 3513
4 3676 3689 3610 3594
4 3756 3769 3689 3676
4 20 25 19 13
4 26 34 25 20
4 35 42 34 26
4 45 53 42 35
4 59 68 53 45
4 73 82 68 59
4 90 98 82 73
4 107 118 98 90
4 123 136 118 107
4 147 159 136 123
4 167 181 159 147
4 194 206 181 167
4 219 233 206 194
4 249 263 233 219
4 278 294 263 249
4 313 327 294 278
4 345 363 327 313
4 383 401 363 345
4 420 439 401 383
4 463 481 439 420
4 505 523 481 463
4 548 569 523 505
4 594 614 569 548
4 642 664 614 594
4 697 714 664 642
4 749 771 714 697
4 804 828 771 749
4 863 886 828 804
4 922 944 886 863
4 986 1010 944 922
4 1052 1074 1010 986
4 1117 1141 1074 1052
4 1188 1210 1141 1117
4 1261 1286 1210 1188
4 1337 1359 1286 1261
4 1414 1437 1359 1337
4 1493 1522 1437 1414
4 1577 1600 1522 1493
4 1662 1685 1600 1577
4 1748 1773 1685 1662
4 1835 1863 1773 1748
4 1928 1957 1863 1835
4 2025 2045 1957 1928
4 2114 2138 2045 2025
4 2206 2225 2138 2114
4 2290 2313 2225 2206
4 2376 2401 2313 2290
4 2464 2484 2401 2376
4 2549 2572 2484 2464
4 2633 2650 2572 2549
4 2715 2737 2650 2633
4 2800 2819 2737 2715
4 2881 2896 2819 2800
4 2963 2978 2896 2881
4 3041 3060 2978 2963
4 3124 3143 3060 3041
4 3205 3224 3143 3124
4 3286 3303 3224 3205
4 3369 3382 3303 3286
4 3447 3464 3382 3369
4 3528 3544 3464 3447
4 3610 3623 3544 3528
4 3689 3701 3623 3610
4 3769 3781 3701 3689
4 25 31 24 19
4 34 41 31 25
4 42 51 41 34
4 53 61 51 42
4 68 76 61 53
4 82 92 76 68
4 98 109 92 82
4 118 130 109 98
4 136 150 130 118
4 159 169 150 136
4 181 196 169 159
4 206 220 196 181
4 233 250 220 206
4 263 277 250 233
4 294 311 277 263
4 327 342 311 294
4 363 381 342 327
4 401 416 381 363
4 439 458 416 401
4 481 497 458 439
4 523 543 497 481
4 569 587 543 523
4 614 636 587 569
4 664 685 636 614
4 714 735 685 664
4 771 793 735 714
4 828 846 793 771
4 886 909 846 828
4 944 970 909 886
4 1010 1030 970 944
4 1074 1100 1030 1010
4 1141 1169 1100 1074
4 1210 1236 1169 1141
4 1286 1310 1236 1210
4 1359 1387 1310 1286
4 1437 1463 1387 1359
4 1522 1541 1463 1437
4 1600 1627 1541 1522
4 1685 1710 1627 1600
4 1773 1801 1710 1685
4 1863 1888 1801 1773
4 1957 1983 1888 1863
4 2045 2073 1983 1957
4 2138 2163 2073 2045
4 2225 2251 2163 2138
4 2313 2335 2251 2225
4 2401 2418 2335 2313
4 2484 2504 2418 2401
4 2572 2586 2504 2484
4 2650 2672 2586 2572
4 2737 2753 2672 2650
4 2819 2836 2753 2737
4 2896 2917 2836 2819
4 2978 2998 2917 2896
4 3060 3079 2998 2978
4 3143 3155 3079 3060
4 3224 3238 3155 3143
4 3303 3316 3238 3224
4 3382 3398 3316 3303
4 3464 3479 3398 3382
4 3544 3558 3479 3464
4 3623 3636 3558 3544
4 3701 3716 3636 3623
4 3781 3795 3716 3701
4 31 39 30 24
4 41 48 39 31
4 51 60 48 41
4 61 72 60 51
4 76 84 72 61
4 92 103 84 76
4 109 120 103 92
4 130 139 120 109
4 150 163 139 130
4 169 184 163 150
4 196 209 184 169
4 220 236 209 196
4 250 264 236 220
4 277 295 264 250
4 311 325 295 277
4 342 360 325 311
4 381 394 360 342
4 416 435 394 381
4 458 475 435 416
4 497 518 475 458
4 543 564 518 497
4 587 609 564 543
4 636 658 609 587
4 685 706 658 636
4 735 758 706 685
4 793 811 758 735
4 846 871 811 793
4 909 933 871 846
4 970 991 933 909
4 1030 1056 991 970
4 1100 1122 1056 1030
4 1169 1189 1122 1100
4 1236 1264 1189 1169
4 1310 1334 1264 1236
4 1387 1409 1334 1310
4 1463 1487 1409 1387
4 1541 1567 1487 1463
4 1627 1653 1567 1541
4 1710 1736 1653 1627
4 1801 1826 1736 1710
4 1888 1918 1826 1801
4 1983 2010 1918 1888
4 2073 2098 2010 1983
4 2163 2183 2098 2073
4 2251 2272 2183 2163
4 2335 2356 2272 2251
4 2418 2444 2356 2335
4 2504 2523 2444 2418
4 2586 2608 2523 2504
4 2672 2689 2608 2586
4 2753 2771 2689 2672
4 2836 2853 2771 2753
4 2917 2936 2853 2836
4 2998 3013 2936 2917
4 3079 3093 3013 2998
4 3155 3173 3093 3079
4 3238 3255 3173 3155
4 3316 3334 3255 3238
4 3398 3415 3334 3316
4 3479 3491 3415 3398
4 3558 3570 3491 3479
4 3636 3652 3570 3558
4 3716 3732 3652 3636
4 3795 3807 3732 3716
4 39 47 38 30
4 48 58 47 39
4 60 69 58 48
4 72 83 69 60
4 84 97 83 72
4 103 113 97 84
4 120 132 113 103
4 139 151 132 120
4 163 177 151 139
4 184 200 177 163
4 209 222 200 184
4 236 253 222 209
4 264 279 253 236
4 295 312 279 264
4 325 343 312 295
4 360 378 343 325
4 394 413 378 360
4 435 455 413 394
4 475 495 455 435
4 518 538 495 475
4 564 581 538 518
4 609 631 581 564
4 658 677 631 609
4 706 730 677 658
4 758 783 730 706
4 811 835 783 758
4 871 893 835 811
4 933 954 893 871
4 991 1017 954 933
4 1056 1081 1017 991
4 1122 1145 1081 1056
4 1189 1219 1145 1122
4 1264 1289 1219 1189
4 1334 1360 1289 1264
4 1409 1435 1360 1334
4 1487 1516 1435 1409
4 1567 1592 1516 1487
4 1653 1678 1592 1567
4 1736 1768 1678 1653
4 1826 1853 1768 1736
4 1918 1944 1853 1826
4 2010 2034 1944 1918
4 2098 2124 2034 2010
4 2183 2212 2124 2098
4 2272 2292 2212 2183
4 2356 2378 2292 2272
4 2444 2463 2378 2356
4 2523 2546 2463 2444
4 2608 2627 2546 2523
4 2689 2708 2627 2608
4 2771 2793 2708 2689
4 2853 2872 2793 2771
4 2936 2952 2872 2853
4 3013 3033 2952 2936
4 3093 3111 3033 3013
4 3173 3192 3111 3093
4 3255 3269 3192 3173
4 3334 3351 3269 3255
4 3415 3428 3351 3334
4 3491 3509 3428 3415
4 3570 3589 3509 3491
4 3652 3667 3589 3570
4 3732 3744 3667 3652
4 3807 3819 3744 3732
4 47 55 46 38
4 58 67 55 47
4 69 79 67 58
4 83 93 79 69
4 97 108 93 83
4 113 127 108 97
4 132 145 127 113
4 151 165 145 132
4 177 189 165 151
4 200 215 189 177
4 222 239 215 200
4 253 268 239 222
4 279 297 268 253
4 312 329 297 279
4 343 362 329 312
4 378 393 362 343
4 413 434 393 378
4 455 470 434 413
4 495 515 470 455
4 538 556 515 495
4 581 605 556 538
4 631 649 605 581
4 677 700 649 631
4 730 754 700 677
4 783 805 754 730
4 835 861 805 783
4 893 915 861 835
4 954 979 915 893
4 1017 1042 979 954
4 1081 1105 1042 1017
4 1145 1174 1105 1081
4 1219 1241 1174 1145
4 1289 1315 1241 1219
4 1360 1388 1315 1289
4 1435 1464 1388 1360
4 1516 1539 1464 1435
4 1592 1623 1539 1516
4 1678 1706 1623 1592
4 1768 1791 1706 1678
4 1853 1880 1791 1768
4 1944 1971 1880 1853
4 2034 2064 1971 1944
4 2124 2147 2064 2034
4 2212 2234 2147 2124
4 2292 2319 2234 2212
4 2378 2404 2319 2292
4 2463 2485 2404 2378
4 2546 2571 2485 2463
4 2627 2647 2571 2546
4 2708 2728 2647 2627
4 2793 2809 2728 2708
4 2872 2890 2809 2793
4 2952 2971 2890 2872
4 3033 3053 2971 2952
4 3111 3128 3053 3033
4 3192 3207 3128 3111
4 3269 3285 3207 3192
4 3351 3364 3285 3269
4 3428 3443 3364 3351
4 3509 3521 3443 3428
4 3589 3600 3521 3509
4 3667 3681 3600 3589
4 3744 3757 3681 3667
4 3819 3833 3757 3744
4 55 65 54 46
4 67 77 65 55
4 79 91 77 67
4 93 104 91 79
4 108 121 104 93
4 127 138 121 108
4 145 161 138 127
4 165 179 161 145
4 189 201 179 165
4 215 231 201 189
4 239 256 231 215
4 268 283 256 239
4 297 315 283 268
4 329 346 315 297
4 362 382 346 329
4 393 414 382 362
4 434 454 414 393
4 470 491 454 434
4 515 534 491 470
4 556 579 534 515
4 605 627 579 556
4 649 673 627 605
4 700 724 673 649
4 754 773 724 700
4 805 830 773 754
4 861 883 830 805
4 915 942 883 861
4 979 1003 942 915
4 1042 1065 1003 979
4 1105 1133 1065 1042
4 1174 1198 1133 1105
4 1241 1268 1198 1174
4 1315 1338 1268 1241
4 1388 1415 1338 1315
4 1464 1489 1415 1388
4 1539 1566 1489 1464
4 1623 1649 1566 1539
4 1706 1732 1649 1623
4 1791 1817 1732 1706
4 1880 1911 1817 1791
4 1971 1998 1911 1880
4 2064 2085 1998 1971
4 2147 2173 2085 2064
4 2234 2258 2173 2147
4 2319 2345 2258 2234
4 2404 2423 2345 2319
4 2485 2506 2423 2404
4 2571 2588 2506 2485
4 2647 2671 2588 2571
4 2728 2751 2671 2647
4 2809 2827 2751 2728
4 2890 2910 2827 2809
4 2971 2989 2910 2890
4 3053 3067 2989 2971
4 3128 3147 3067 3053
4 3207 3225 3147 3128
4 3285 3304 3225 3207
4 3364 3381 3304 3285
4 3443 3462 3381 3364
4 3521 3538 3462 3443
4 3600 3614 3538 3521
4 3681 3693 3614 3600
4 3757 3773 3693 3681
4 3833 3846 3773 3757
4 65 74 66 54
4 77 89 74 65
4 91 102 89 77
4 104 119 102 91
4 121 133 119 104
4 138 152 133 121
4 161 174 152 138
4 179 197 174 161
4 201 217 197 179
4 231 245 217 201
4 256 273 245 231
4 283 301 273 256
4 315 333 301 283
4 346 365 333 315
4 382 399 365 346
4 414 436 399 382
4 454 471 436 414
4 491 514 471 454
4 534 553 514 491
4 579 602 553 534
4 627 644 602 579
4 673 696 644 627
4 724 743 696 673
4 773 798 743 724
4 830 853 798 773
4 883 911 853 830
4 942 969 911 883
4 1003 1026 969 942
4 1065 1091 1026 1003
4 1133 1158 1091 1065
4 1198 1224 1158 1133
4 1268 1296 1224 1198
4 1338 1367 1296 1268
4 1415 1441 1367 1338
4 1489 1520 1441 1415
4 1566 1594 1520 1489
4 1649 1677 1594 1566
4 1732 1764 1677 1649
4 1817 1849 1764 1732
4 1911 1935 1849 1817
4 1998 2026 1935 1911
4 2085 2113 2026 1998
4 2173 2199 2113 2085
4 2258 2282 2199 2173
4 2345 2366 2282 2258
4 2423 2449 2366 2345
4 2506 2530 2449 2423
4 2588 2610 2530 2506
4 2671 2688 2610 2588
4 2751 2768 2688 2671
4 2827 2849 2768 2751
4 2910 2925 2849 2827
4 2989 3008 2925 2910
4 3067 3086 3008 2989
4 3147 3168 3086 3067
4 3225 3242 3168 3147
4 3304 3318 3242 3225
4 3381 3397 3318 3304
4 3462 3473 3397 3381
4 3538 3553 3473 3462
4 3614 3632 3553 3538
4 3693 3711 3632 3614
4 3773 3787 3711 3693
4 3846 3856 3787 3773
4 74 86 75 66
4 89 101 86 74
4 102 114 101 89
4 119 131 114 102
4 133 149 131 119
4 152 166 149 133
4 174 187 166 152
4 197 213 187 174
4 217 235 213 197
4 245 258 235 217
4 273 291 258 245
4 301 319 291 273
4 333 350 319 301
4 365 385 350 333
4 399 419 385 365
4 436 457 419 399
4 471 494 457 436
4 514 536 494 471
4 553 577 536 514
4 602 622 577 553
4 644 670 622 602
4 696 719 670 644
4 743 770 719 696
4 798 824 770 743
4 853 875 824 798
4 911 936 875 853
4 969 992 936 911
4 1026 1055 992 969
4 1091 1116 1055 1026
4 1158 1183 1116 1091
4 1224 1252 1183 1158
4 1296 1319 1252 1224
4 1367 1396 1319 1296
4 1441 1470 1396 1367
4 1520 1545 1470 1441
4 1594 1624 1545 1520
4 1677 1708 1624 1594
4 1764 1788 1708 1677
4 1849 1877 1788 1764
4 1935 1964 1877 1849
4 2026 2054 1964 1935
4 2113 2139 2054 2026
4 2199 2222 2139 2113
4 2282 2310 2222 2199
4 2366 2390 2310 2282
4 2449 2468 2390 2366
4 2530 2551 2468 2449
4 2610 2632 2551 2530
4 2688 2709 2632 2610
4 2768 2792 2709 2688
4 2849 2870 2792 2768
4 2925 2946 2870 2849
4 3008 3024 2946 2925
4 3086 3104 3024 3008
4 3168 3180 3104 3086
4 3242 3261 3180 3168
4 3318 3337 3261 3242
4 3397 3416 3337 3318
4 3473 3490 3416 3397
4 3553 3569 3490 3473
4 3632 3646 3569 3553
4 3711 3722 3646 3632
4 3787 3798 3722 3711
4 3856 3868 3798 3787
4 86 99 88 75
4 101 111 99 86
4 114 129 111 101
4 131 144 129 114
4 149 164 144 131
4 166 182 164 149
4 187 202 182 166
4 213 228 202 187
4 235 254 228 213
4 258 276 254 235
4 291 308 276 258
4 319 338 308 291
4 350 369 338 319
4 385 404 369 350
4 419 440 404 385
4 457 477 440 419
4 494 517 477 457
4 536 555 517 494
4 577 601 555 536
4 622 643 601 577
4 670 693 643 622
4 719 739 693 670
4 770 796 739 719
4 824 845 796 770
4 875 904 845 824
4 936 960 904 875
4 992 1021 960 936
4 1055 1082 1021 992
4 1116 1143 1082 1055
4 1183 1208 1143 1116
4 1252 1275 1208 1183
4 1319 1350 1275 1252
4 1396 1424 1350 1319
4 1470 1496 1424 1396
4 1545 1574 1496 1470
4 1624 1656 1574 1545
4 1708 1734 1656 1624
4 1788 1818 1734 1708
4 1877 1908 1818 1788
4 1964 1990 1908 1877
4 2054 2078 1990 1964
4 2139 2169 2078 2054
4 2222 2252 2169 2139
4 2310 2329 2252 2222
4 2390 2414 2329 2310
4 2468 2495 2414 2390
4 2551 2575 2495 2468
4 2632 2653 2575 2551
4 2709 2731 2653 2632
4 2792 2810 2731 2709
4 2870 2889 2810 2792
4 2946 2968 2889 2870
4 3024 3040 2968 2946
4 3104 3122 3040 3024
4 3180 3199 3122 3104
4 3261 3278 3199 3180
4 3337 3355 3278 3261
4 3416 3432 3355 3337
4 3490 3508 3432 3416
4 3569 3586 3508 3490
4 3646 3660 3586 3569
4 3722 3737 3660 3646
4 3798 3813 3737 3722
4 3868 3881 3813 3798
4 99 110 100 88
4 111 126 110 99
4 129 143 126 111
4 144 160 143 129
4 164 178 160 144
4 182 199 178 164
4 202 218 199 182
4 228 244 218 202
4 254 272 244 228
4 276 298 272 254
4 308 322 298 276
4 338 358 322 308
4 369 389 358 338
4 404 425 389 369
4 440 460 425 404
4 477 496 460 440
4 517 539 496 477
4 555 580 539 517
4 601 623 580 555
4 643 669 623 601
4 693 716 669 643
4 739 767 716 693
4 796 817 767 739
4 845 872 817 796
4 904 928 872 845
4 960 985 928 904
4 1021 1047 985 960
4 1082 1107 1047 1021
4 1143 1173 1107 1082
4 1208 1238 1173 1143
4 1275 1305 1238 1208
4 1350 1378 1305 1275
4 1424 1449 1378 1350
4 1496 1526 1449 1424
4 1574 1604 1526 1496
4 1656 1683 1604 1574
4 1734 1769 1683 1656
4 1818 1852 1769 1734
4 1908 1934 1852 1818
4 1990 2024 1934 1908
4 2078 2109 2024 1990
4 2169 2192 2109 2078
4 2252 2276 2192 2169
4 2329 2355 2276 2252
4 2414 2440 2355 2329
4 2495 2517 2440 2414
4 2575 2597 2517 2495
4 2653 2676 2597 2575
4 2731 2754 2676 2653
4 2810 2831 2754 2731
4 2889 2911 2831 2810
4 2968 2988 2911 2889
4 3040 3062 2988 2968
4 3122 3140 3062 3040
4 3199 3219 3140 3122
4 3278 3291 3219 3199
4 3355 3370 3291 3278
4 3432 3446 3370 3355
4 3508 3522 3446 3432
4 3586 3598 3522 3508
4 3660 3677 3598 3586
4 3737 3753 3677 3660
4 3813 3827 3753 3737
4 3881 3894 3827 3813
4 110 124 112 100
4 126 141 124 110
4 143 155 141 126
4 160 176 155 143
4 178 193 176 160
4 199 216 193 178
4 218 237 216 199
4 244 259 237 218
4 272 289 259 244
4 298 318 289 272
4 322 344 318 298
4 358 376 344 322
4 389 410 376 358
4 425 445 410 389
4 460 484 445 425
4 496 520 484 460
4 539 560 520 496
4 580 604 560 539
4 623 645 604 580
4 669 694 645 623
4 716 738 694 669
4 767 790 738 716
4 817 843 790 767
4 872 898 843 817
4 928 953 898 872
4 985 1015 953 928
4 1047 1068 1015 985
4 1107 1135 1068 1047
4 1173 1201 1135 1107
4 1238 1266 1201 1173
4 1305 1335 1266 1238
4 1378 1404 1335 1305
4 1449 1481 1404 1378
4 1526 1557 1481 1449
4 1604 1633 1557 1526
4 1683 1711 1633 1604
4 1769 1795 1711 1683
4 1852 1879 1795 1769
4 1934 1965 1879 1852
4 2024 2052 1965 1934
4 2109 2136 2052 2024
4 2192 2218 2136 2109
4 2276 2305 2218 2192
4 2355 2382 2305 2276
4 2440 2460 2382 2355
4 2517 2543 2460 2440
4 2597 2619 2543 2517
4 2676 2699 2619 2597
4 2754 2774 2699 2676
4 2831 2852 2774 2754
4 2911 2929 2852 2831
4 2988 3007 2929 2911
4 3062 3084 3007 2988
4 3140 3157 3084 3062
4 3219 3234 3157 3140
4 3291 3311 3234 3219
4 3370 3388 3311 3291
4 3446 3465 3388 3370
4 3522 3540 3465 3446
4 3598 3613 3540 3522
4 3677 3692 3613 3598
4 3753 3767 3692 3677
4 3827 3838 3767 3753
4 3894 3904 3838 3827
4 124 140 128 112
4 141 153 140 124
4 155 173 153 141
4 176 191 173 155
4 193 212 191 176
4 216 232 212 193
4 237 257 232 216
4 259 280 257 237
4 289 307 280 259
4 318 337 307 289
4 344 366 337 318
4 376 395 366 344
4 410 432 395 376
4 445 466 432 410
4 484 503 466 445
4 520 544 503 484
4 560 582 544 520
4 604 628 582 560
4 645 672 628 604
4 694 718 672 645
4 738 766 718 694
4 790 814 766 738
4 843 869 814 790
4 898 923 869 843
4 953 981 923 898
4 1015 1040 981 953
4 1068 1101 1040 1015
4 1135 1164 1101 1068
4 1201 1227 1164 1135
4 1266 1297 1227 1201
4 1335 1361 1297 1266
4 1404 1433 1361 1335
4 1481 1509 1433 1404
4 1557 1586 1509 1481
4 1633 1665 1586 1557
4 1711 1743 1665 1633
4 1795 1827 1743 1711
4 1879 1913 1827 1795
4 1965 1993 1913 1879
4 2052 2079 1993 1965
4 2136 2168 2079 2052
4 2218 2246 2168 2136
4 2305 2324 2246 2218
4 2382 2408 2324 2305
4 2460 2487 2408 2382
4 2543 2564 2487 2460
4 2619 2641 2564 2543
4 2699 2722 2641 2619
4 2774 2796 2722 2699
4 2852 2874 2796 2774
4 2929 2949 2874 2852
4 3007 3027 2949 2929
4 3084 3103 3027 3007
4 3157 3179 3103 3084
4 3234 3253 3179 3157
4 3311 3331 3253 3234
4 3388 3404 3331 3311
4 3465 3483 3404 3388
4 3540 3556 3483 3465
4 3613 3633 3556 3540
4 3692 3706 3633 3613
4 3767 3782 3706 3692
4 3838 3851 3782 3767
4 3904 3915 3851 3838
4 140 154 142 128
4 153 170 154 140
4 173 188 170 153
4 191 208 188 173
4 212 229 208 191
4 232 251 229 212
4 257 275 251 232
4 280 299 275 257
4 307 323 299 280
4 337 355 323 307
4 366 387 355 337
4 395 418 387 366
4 432 452 418 395
4 466 489 452 432
4 503 526 489 466
4 544 567 526 503
4 582 608 567 544
4 628 651 608 582
4 672 698 651 628
4 718 741 698 672
4 766 794 741 718
4 814 841 794 766
4 869 894 841 814
4 923 951 894 869
4 981 1007 951 923
4 1040 1066 1007 981
4 1101 1130 1066 1040
4 1164 1190 1130 1101
4 1227 1258 1190 1164
4 1297 1325 1258 1227
4 1361 1395 1325 1297
4 1433 1466 1395 1361
4 1509 1534 1466 1433
4 1586 1617 1534 1509
4 1665 1694 1617 1586
4 1743 1774 1694 1665
4 1827 1858 1774 1743
4 1913 1943 1858 1827
4 1993 2028 1943 1913
4 2079 2111 2028 1993
4 2168 2190 2111 2079
4 2246 2273 2190 2168
4 2324 2352 2273 2246
4 2408 2433 2352 2324
4 2487 2510 2433 2408
4 2564 2587 2510 2487
4 2641 2667 2587 2564
4 2722 2741 2667 2641
4 2796 2822 2741 2722
4 2874 2893 2822 2796
4 2949 2972 2893 2874
4 3027 3045 2972 2949
4 3103 3121 3045 3027
4 3179 3197 3121 3103
4 3253 3271 3197 3179
4 3331 3346 3271 3253
4 3404 3422 3346 3331
4 3483 3499 3422 3404
4 3556 3574 3499 3483
4 3633 3647 3574 3556
4 3706 3720 3647 3633
4 3782 3796 3720 3706
4 3851 3864 3796 3782
4 3915 3928 3864 3851
4 154 172 156 142
4 170 186 172 154
4 188 204 186 170
4 208 226 204 188
4 229 247 226 208
4 251 270 247 229
4 275 293 270 251
4 299 320 293 275
4 323 347 320 299
4 355 375 347 323
4 387 408 375 355
4 418 441 408 387
4 452 474 441 418
4 489 513 474 452
4 526 549 513 489
4 567 590 549 526
4 608 632 590 567
4 651 675 632 608
4 698 722 675 651
4 741 768 722 698
4 794 818 768 741
4 841 870 818 794
4 894 921 870 841
4 951 978 921 894
4 1007 1034 978 951
4 1066 1096 1034 1007
4 1130 1157 1096 1066
4 1190 1221 1157 1130
4 1258 1288 1221 1190
4 1325 1353 1288 1258
4 1395 1426 1353 1325
4 1466 1495 1426 1395
4 1534 1569 1495 1466
4 1617 1644 1569 1534
4 1694 1726 1644 1617
4 1774 1806 1726 1694
4 1858 1887 1806 1774
4 1943 1973 1887 1858
4 2028 2058 1973 1943
4 2111 2141 2058 2028
4 2190 2220 2141 2111
4 2273 2302 2220 2190
4 2352 2377 2302 2273
4 2433 2455 2377 2352
4 2510 2537 2455 2433
4 2587 2613 2537 2510
4 2667 2686 2613 2587
4 2741 2765 2686 2667
4 2822 2842 2765 2741
4 2893 2918 2842 2822
4 2972 2992 2918 2893
4 3045 3066 2992 2972
4 3121 3142 3066 3045
4 3197 3218 3142 3121
4 3271 3289 3218 3197
4 3346 3365 3289 3271
4 3422 3441 3365 3346
4 3499 3514 3441 3422
4 3574 3591 3514 3499
4 3647 3665 3591 3574
4 3720 3736 3665 3647
4 3796 3811 3736 3720
4 3864 3877 3811 3796
4 3928 3937 3877 3864
4 172 190 175 156
4 186 203 190 172
4 204 223 203 186
4 226 243 223 204
4 247 266 243 226
4 270 290 266 247
4 293 314 290 270
4 320 340 314 293
4 347 368 340 320
4 375 398 368 347
4 408 429 398 375
4 441 464 429 408
4 474 498 464 441
4 513 535 498 474
4 549 574 535 513
4 590 613 574 549
4 632 660 613 590
4 675 701 660 632
4 722 746 701 675
4 768 797 746 722
4 818 844 797 768
4 870 895 844 818
4 921 950 895 870
4 978 1005 950 921
4 1034 1062 1005 978
4 1096 1124 1062 1034
4 1157 1186 1124 1096
4 1221 1250 1186 1157
4 1288 1316 1250 1221
4 1353 1386 1316 1288
4 1426 1451 1386 1353
4 1495 1527 1451 1426
4 1569 1602 1527 1495
4 1644 1676 1602 1569
4 1726 1756 1676 1644
4 1806 1834 1756 1726
4 1887 1921 1834 1806
4 1973 2008 1921 1887
4 2058 2086 2008 1973
4 2141 2171 2086 2058
4 2220 2250 2171 2141
4 2302 2325 2250 2220
4 2377 2407 2325 2302
4 2455 2483 2407 2377
4 2537 2556 2483 2455
4 2613 2636 2556 2537
4 2686 2712 2636 2613
4 2765 2788 2712 2686
4 2842 2861 2788 2765
4 2918 2940 2861 2842
4 2992 3012 2940 2918
4 3066 3089 3012 2992
4 3142 3161 3089 3066
4 3218 3235 3161 3142
4 3289 3309 3235 3218
4 3365 3384 3309 3289
4 3441 3458 3384 3365
4 3514 3532 3458 3441
4 3591 3608 3532 3514
4 3665 3680 3608 3591
4 3736 3755 3680 3665
4 3811 3823 3755 3736
4 3877 3888 3823 3811
4 3937 3948 3888 3877
4 190 205 192 175
4 203 224 205 190
4 223 241 224 203
4 243 261 241 223
4 266 286 261 243
4 290 309 286 266
4 314 335 309 290
4 340 361 335 314
4 368 391 361 340
4 398 421 391 368
4 429 453 421 398
4 464 488 453 429
4 498 522 488 464
4 535 559 522 498
4 574 598 559 535
4 613 639 598 574
4 660 682 639 613
4 701 728 682 660
4 746 772 728 701
4 797 825 772 746
4 844 873 825 797
4 895 925 873 844
4 950 980 925 895
4 1005 1033 980 950
4 1062 1093 1033 1005
4 1124 1150 1093 1062
4 1186 1217 1150 1124
4 1250 1279 1217 1186
4 1316 1349 1279 1250
4 1386 1416 1349 1316
4 1451 1484 1416 1386
4 1527 1560 1484 1451
4 1602 1632 1560 1527
4 1676 1709 1632 1602
4 1756 1785 1709 1676
4 1834 1871 1785 1756
4 1921 1956 1871 1834
4 2008 2036 1956 1921
4 2086 2117 2036 2008
4 2171 2198 2117 2086
4 2250 2277 2198 2171
4 2325 2353 2277 2250
4 2407 2432 2353 2325
4 2483 2508 2432 2407
4 2556 2583 2508 2483
4 2636 2664 2583 2556
4 2712 2738 2664 2636
4 2788 2811 2738 2712
4 2861 2886 2811 2788
4 2940 2961 2886 2861
4 3012 3034 2961 2940
4 3089 3107 3034 3012
4 3161 3181 3107 3089
4 3235 3256 3181 3161
4 3309 3330 3256 3235
4 3384 3402 3330 3309
4 3458 3474 3402 3384
4 3532 3548 3474 3458
4 3608 3622 3548 3532
4 3680 3696 3622 3608
4 3755 3770 3696 3680
4 3823 3834 3770 3755
4 3888 3901 3834 3823
4 3948 3959 3901 3888
4 205 227 211 192
4 224 242 227 205
4 241 260 242 224
4 261 284 260 241
4 286 305 284 261
4 309 332 305 286
4 335 357 332 309
4 361 386 357 335
4 391 412 386 361
4 421 443 412 391
4 453 476 443 421
4 488 510 476 453
4 522 547 510 488
4 559 583 547 522
4 598 624 583 559
4 639 665 624 598
4 682 708 665 639
4 728 756 708 682
4 772 801 756 728
4 825 849 801 772
4 873 902 849 825
4 925 952 902 873
4 980 1006 952 925
4 1033 1063 1006 980
4 1093 1123 1063 1033
4 1150 1182 1123 1093
4 1217 1247 1182 1150
4 1279 1311 1247 1217
4 1349 1377 1311 1279
4 1416 1448 1377 1349
4 1484 1518 1448 1416
4 1560 1589 1518 1484
4 1632 1668 1589 1560
4 1709 1740 1668 1632
4 1785 1820 1740 1709
4 1871 1901 1820 1785
4 1956 1986 1901 1871
4 2036 2069 1986 1956
4 2117 2148 2069 2036
4 2198 2226 2148 2117
4 2277 2308 2226 2198
4 2353 2383 2308 2277
4 2432 2456 2383 2353
4 2508 2536 2456 2432
4 2583 2611 2536 2508
4 2664 2680 2611 2583
4 2738 2760 2680 2664
4 2811 2835 2760 2738
4 2886 2908 2835 2811
4 2961 2980 2908 2886
4 3034 3057 2980 2961
4 3107 3127 3057 3034
4 3181 3201 3127 3107
4 3256 3276 3201 3181
4 3330 3348 3276 3256
4 3402 3420 3348 3330
4 3474 3494 3420 3402
4 3548 3567 3494 3474
4 3622 3639 3567 3548
4 3696 3713 3639 3622
4 3770 3785 3713 3696
4 3834 3850 3785 3770
4 3901 3914 3850 3834
4 3959 3970 3914 3901
4 227 246 230 211
4 242 262 246 227
4 260 282 262 242
4 284 302 282 260
4 305 328 302 284
4 332 353 328 305
4 357 380 353 332
4 386 407 380 357
4 412 438 407 386
4 443 468 438 412
4 476 499 468 443
4 510 537 499 476
4 547 573 537 510
4 583 611 573 547
4 624 648 611 583
4 665 692 648 624
4 708 734 692 665
4 756 780 734 708
4 801 831 780 756
4 849 876 831 801
4 902 931 876 849
4 952 982 931 902
4 1006 1036 982 952
4 1063 1095 1036 1006
4 1123 1149 1095 1063
4 1182 1213 1149 1123
4 1247 1273 1213 1182
4 1311 1344 1273 1247
4 1377 1406 1344 1311
4 1448 1479 1406 1377
4 1518 1549 1479 1448
4 1589 1622 1549 1518
4 1668 1697 1622 1589
4 1740 1775 1697 1668
4 1820 1855 1775 1740
4 1901 1932 1855 1820
4 1986 2019 1932 1901
4 2069 2102 2019 1986
4 2148 2177 2102 2069
4 2226 2256 2177 2148
4 2308 2332 2256 2226
4 2383 2412 2332 2308
4 2456 2486 2412 2383
4 2536 2558 2486 2456
4 2611 2635 2558 2536
4 2680 2707 2635 2611
4 2760 2785 2707 2680
4 2835 2857 2785 2760
4 2908 2932 2857 2835
4 2980 3004 2932 2908
4 3057 3078 3004 2980
4 3127 3150 3078 3057
4 3201 3223 3150 3127
4 3276 3292 3223 3201
4 3348 3368 3292 3276
4 3420 3440 3368 3348
4 3494 3511 3440 3420
4 3567 3585 3511 3494
4 3639 3656 3585 3567
4 3713 3731 3656 3639
4 3785 3799 3731 3713
4 3850 3865 3799 3785
4 3914 3925 3865 3850
4 3970 3981 3925 3914
4 246 267 248 230
4 262 285 267 246
4 282 303 285 262
4 302 324 303 282
4 328 351 324 302
4 353 374 351 328
4 380 403 374 353
4 407 431 403 380
4 438 462 431 407
4 468 490 462 438
4 499 525 490 468
4 537 562 525 499
4 573 596 562 537
4 611 638 596 573
4 648 676 638 611
4 692 720 676 648
4 734 763 720 692
4 780 807 763 734
4 831 857 807 780
4 876 907 857 831
4 931 956 907 876
4 982 1014 956 931
4 1036 1067 1014 982
4 1095 1125 1067 1036
4 1149 1184 1125 1095
4 1213 1246 1184 1149
4 1273 1306 1246 1213
4 1344 1372 1306 1273
4 1406 1440 1372 1344
4 1479 1511 1440 1406
4 1549 1583 1511 1479
4 1622 1658 1583 1549
4 1697 1731 1658 1622
4 1775 1809 1731 1697
4 1855 1886 1809 1775
4 1932 1970 1886 1855
4 2019 2049 1970 1932
4 2102 2130 2049 2019
4 2177 2211 2130 2102
4 2256 2283 2211 2177
4 2332 2362 2283 2256
4 2412 2439 2362 2332
4 2486 2512 2439 2412
4 2558 2585 2512 2486
4 2635 2663 2585 2558
4 2707 2736 2663 2635
4 2785 2803 2736 2707
4 2857 2880 2803 2785
4 2932 2953 2880 2857
4 3004 3026 2953 2932
4 3078 3098 3026 3004
4 3150 3172 3098 3078
4 3223 3244 3172 3150
4 3292 3315 3244 3223
4 3368 3387 3315 3292
4 3440 3459 3387 3368
4 3511 3531 3459 3440
4 3585 3602 3531 3511
4 3656 3673 3602 3585
4 3731 3746 3673 3656
4 3799 3815 3746 3731
4 3865 3878 3815 3799
4 3925 3936 3878 3865
4 3981 3990 3936 3925
4 267 288 271 248
4 285 306 288 267
4 303 326 306 285
4 324 348 326 303
4 351 372 348 324
4 374 400 372 351
4 403 427 400 374
4 431 456 427 403
4 462 486 456 431
4 490 519 486 462
4 525 551 519 490
4 562 585 551 525
4 596 626 585 562
4 638 663 626 596
4 676 704 663 638
4 720 747 704 676
4 763 791 747 720
4 807 836 791 763
4 857 887 836 807
4 907 937 887 857
4 956 987 937 907
4 1014 1044 987 956
4 1067 1098 1044 1014
4 1125 1154 1098 1067
4 1184 1216 1154 1125
4 1246 1272 1216 1184
4 1306 1340 1272 1246
4 1372 1401 1340 1306
4 1440 1473 1401 1372
4 1511 1540 1473 1440
4 1583 1616 1540 1511
4 1658 1687 1616 1583
4 1731 1767 1687 1658
4 1809 1842 1767 1731
4 1886 1923 1842 1809
4 1970 2005 1923 1886
4 2049 2081 2005 1970
4 2130 2160 2081 2049
4 2211 2236 2160 2130
4 2283 2315 2236 2211
4 2362 2392 2315 2283
4 2439 2465 2392 2362
4 2512 2539 2465 2439
4 2585 2614 2539 2512
4 2663 2682 2614 2585
4 2736 2759 2682 2663
4 2803 2832 2759 2736
4 2880 2905 2832 2803
4 2953 2976 2905 2880
4 3026 3049 2976 2953
4 3098 3120 3049 3026
4 3172 3195 3120 3098
4 3244 3262 3195 3172
4 3315 3335 3262 3244
4 3387 3406 3335 3315
4 3459 3477 3406 3387
4 3531 3546 3477 3459
4 3602 3617 3546 3531
4 3673 3690 3617 3602
4 3746 3761 3690 3673
4 3815 3829 3761 3746
4 3878 3891 3829 3815
4 3936 3947 3891 3878
4 3990 4001 3947 3936
4 288 310 292 271
4 306 330 310 288
4 326 352 330 306
4 348 371 352 326
4 372 396 371 348
4 400 424 396 372
4 427 450 424 400
4 456 482 450 427
4 486 512 482 456
4 519 545 512 486
4 551 578 545 519
4 585 612 578 551
4 626 653 612 585
4 663 690 653 626
4 704 733 690 663
4 747 775 733 704
4 791 821 775 747
4 836 867 821 791
4 887 913 867 836
4 937 967 913 887
4 987 1018 967 937
4 1044 1069 1018 987
4 1098 1131 1069 1044
4 1154 1187 1131 1098
4 1216 1248 1187 1154
4 1272 1307 1248 1216
4 1340 1371 1307 1272
4 1401 1438 1371 1340
4 1473 1506 1438 1401
4 1540 1579 1506 1473
4 1616 1648 1579 1540
4 1687 1723 1648 1616
4 1767 1797 1723 1687
4 1842 1876 1797 1767
4 1923 1958 1876 1842
4 2005 2037 1958 1923
4 2081 2115 2037 2005
4 2160 2188 2115 2081
4 2236 2269 2188 2160
4 2315 2346 2269 2236
4 2392 2416 2346 2315
4 2465 2493 2416 2392
4 2539 2567 2493 2465
4 2614 2639 2567 2539
4 2682 2711 2639 2614
4 2759 2786 2711 2682
4 2832 2856 2786 2759
4 2905 2924 2856 2832
4 2976 3001 2924 2905
4 3049 3069 3001 2976
4 3120 3141 3069 3049
4 3195 3211 3141 3120
4 3262 3283 3211 3195
4 3335 3357 3283 3262
4 3406 3423 3357 3335
4 3477 3496 3423 3406
4 3546 3566 3496 3477
4 3617 3637 3566 3546
4 3690 3707 3637 3617
4 3761 3777 3707 3690
4 3829 3844 3777 3761
4 3891 3903 3844 3829
4 3947 3960 3903 3891
4 4001 4012 3960 3947
4 310 334 316 292
4 330 354 334 310
4 352 373 354 330
4 371 397 373 352
4 396 422 397 371
4 424 447 422 396
4 450 480 447 424
4 482 508 480 450
4 512 540 508 482
4 545 572 540 512
4 578 607 572 545
4 612 640 607 578
4 653 679 640 612
4 690 721 679 653
4 733 761 721 690
4 775 806 761 733
4 821 851 806 775
4 867 897 851 821
4 913 945 897 867
4 967 997 945 913
4 1018 1050 997 967
4 1069 1103 1050 1018
4 1131 1162 1103 1069
4 1187 1220 1162 1131
4 1248 1277 1220 1187
4 1307 1343 1277 1248
4 1371 1402 1343 1307
4 1438 1472 1402 1371
4 1506 1535 1472 1438
4 1579 1610 1535 1506
4 1648 1682 1610 1579
4 1723 1757 1682 1648
4 1797 1833 1757 1723
4 1876 1916 1833 1797
4 1958 1988 1916 1876
4 2037 2072 1988 1958
4 2115 2146 2072 2037
4 2188 2221 2146 2115
4 2269 2299 2221 2188
4 2346 2372 2299 2269
4 2416 2447 2372 2346
4 2493 2520 2447 2416
4 2567 2593 2520 2493
4 2639 2666 2593 2567
4 2711 2739 2666 2639
4 2786 2805 2739 2711
4 2856 2879 2805 2786
4 2924 2950 2879 2856
4 3001 3022 2950 2924
4 3069 3092 3022 3001
4 3141 3167 3092 3069
4 3211 3233 3167 3141
4 3283 3306 3233 3211
4 3357 3375 3306 3283
4 3423 3444 3375 3357
4 3496 3516 3444 3423
4 3566 3587 3516 3496
4 3637 3655 3587 3566
4 3707 3725 3655 3637
4 3777 3793 3725 3707
4 3844 3858 3793 3777
4 3903 3916 3858 3844
4 3960 3971 3916 3903
4 4012 4020 3971 3960
4 334 359 339 316
4 354 377 359 334
4 373 402 377 354
4 397 423 402 373
4 422 446 423 397
4 447 473 446 422
4 480 504 473 447
4 508 531 504 480
4 540 566 531 508
4 572 597 566 540
4 607 633 597 572
4 640 671 633 607
4 679 709 671 640
4 721 750 709 679
4 761 789 750 721
4 806 834 789 761
4 851 880 834 806
4 897 929 880 851
4 945 976 929 897
4 997 1025 976 945
4 1050 1083 1025 997
4 1103 1137 1083 1050
4 1162 1192 1137 1103
4 1220 1254 1192 1162
4 1277 1314 1254 1220
4 1343 1375 1314 1277
4 1402 1439 1375 1343
4 1472 1505 1439 1402
4 1535 1575 1505 1472
4 1610 1643 1575 1535
4 1682 1719 1643 1610
4 1757 1792 1719 1682
4 1833 1869 1792 1757
4 1916 1948 1869 1833
4 1988 2027 1948 1916
4 2072 2106 2027 1988
4 2146 2178 2106 2072
4 2221 2255 2178 2146
4 2299 2326 2255 2221
4 2372 2403 2326 2299
4 2447 2477 2403 2372
4 2520 2547 2477 2447
4 2593 2621 2547 2520
4 2666 2693 2621 2593
4 2739 2763 2693 2666
4 2805 2834 2763 2739
4 2879 2906 2834 2805
4 2950 2975 2906 2879
4 3022 3044 2975 2950
4 3092 3115 3044 3022
4 3167 3185 3115 3092
4 3233 3257 3185 3167
4 3306 3327 3257 3233
4 3375 3394 3327 3306
4 3444 3466 3394 3375
4 3516 3533 3466 3444
4 3587 3604 3533 3516
4 3655 3672 3604 3587
4 3725 3741 3672 3655
4 3793 3808 3741 3725
4 3858 3870 3808 3793
4 3916 3930 3870 3858
4 3971 3983 3930 3916
4 4020 4029 3983 3971
4 359 384 364 339
4 377 405 384 359
4 402 426 405 377
4 423 448 426 402
4 446 472 448 423
4 473 500 472 446
4 504 529 500 473
4 531 563 529 504
4 566 593 563 531
4 597 629 593 566
4 633 662 629 597
4 671 699 662 633
4 709 736 699 671
4 750 776 736 709
4 789 823 776 750
4 834 865 823 789
4 880 912 865 834
4 929 959 912 880
4 976 1011 959 929
4 1025 1059 1011 976
4 1083 1113 1059 1025
4 1137 1170 1113 1083
4 1192 1225 1170 1137
4 1254 1284 1225 1192
4 1314 1348 1284 1254
4 1375 1407 1348 1314
4 1439 1474 1407 1375
4 1505 1537 1474 1439
4 1575 1608 1537 1505
4 1643 1679 1608 1575
4 1719 1754 1679 1643
4 1792 1829 1754 1719
4 1869 1905 1829 1792
4 1948 1985 1905 1869
4 2027 2063 1985 1948
4 2106 2135 2063 2027
4 2178 2214 2135 2106
4 2255 2285 2214 2178
4 2326 2360 2285 2255
4 2403 2429 2360 2326
4 2477 2503 2429 2403
4 2547 2578 2503 2477
4 2621 2645 2578 2547
4 2693 2719 2645 2621
4 2763 2789 2719 2693
4 2834 2859 2789 2763
4 2906 2927 2859 2834
4 2975 3000 2927 2906
4 3044 3068 3000 2975
4 3115 3137 3068 3044
4 3185 3206 3137 3115
4 3257 3280 3206 3185
4 3327 3344 3280 3257
4 3394 3417 3344 3327
4 3466 3486 3417 3394
4 3533 3552 3486 3466
4 3604 3621 3552 3533
4 3672 3691 3621 3604
4 3741 3758 3691 3672
4 3808 3824 3758 3741
4 3870 3885 3824 3808
4 3930 3943 3885 3870
4 3983 3993 3943 3930
4 4029 4038 3993 3983
4 384 409 390 364
4 405 430 409 384
4 426 451 430 405
4 448 479 451 426
4 472 501 479 448
4 500 528 501 472
4 529 558 528 500
4 563 591 558 529
4 593 621 591 563
4 629 659 621 593
4 662 691 659 629
4 699 732 691 662
4 736 769 732 699
4 776 808 769 736
4 823 854 808 776
4 865 896 854 823
4 912 943 896 865
4 959 989 943 912
4 1011 1043 989 959
4 1059 1092 1043 1011
4 1113 1144 1092 1059
4 1170 1203 1144 1113
4 1225 1259 1203 1170
4 1284 1317 1259 1225
4 1348 1381 1317 1284
4 1407 1444 1381 1348
4 1474 1508 1444 1407
4 1537 1578 1508 1474
4 1608 1642 1578 1537
4 1679 1715 1642 1608
4 1754 1786 1715 1679
4 1829 1865 1786 1754
4 1905 1940 1865 1829
4 1985 2020 1940 1905
4 2063 2093 2020 1985
4 2135 2172 2093 2063
4 2214 2242 2172 2135
4 2285 2317 2242 2214
4 2360 2389 2317 2285
4 2429 2459 2389 2360
4 2503 2533 2459 2429
4 2578 2601 2533 2503
4 2645 2674 2601 2578
4 2719 2744 2674 2645
4 2789 2814 2744 2719
4 2859 2885 2814 2789
4 2927 2954 2885 2859
4 3000 3023 2954 2927
4 3068 3091 3023 3000
4 3137 3159 3091 3068
4 3206 3231 3159 3137
4 3280 3299 3231 3206
4 3344 3367 3299 3280
4 3417 3436 3367 3344
4 3486 3504 3436 3417
4 3552 3572 3504 3486
4 3621 3640 3572 3552
4 3691 3710 3640 3621
4 3758 3776 3710 3691
4 3824 3841 3776 3758
4 3885 3898 3841 3824
4 3943 3954 3898 3885
4 3993 4003 3954 3943
4 4038 4049 4003 3993
4 409 437 415 390
4 430 459 437 409
4 451 483 459 430
4 479 507 483 451
4 501 530 507 479
4 528 557 530 501
4 558 588 557 528
4 591 618 588 558
4 621 654 618 591
4 659 686 654 621
4 691 725 686 659
4 732 760 725 691
4 769 800 760 732
4 808 840 800 769
4 854 881 840 808
4 896 930 881 854
4 943 975 930 896
4 989 1023 975 943
4 1043 1073 1023 989
4 1092 1126 1073 1043
4 1144 1178 1126 1092
4 1203 1233 1178 1144
4 1259 1295 1233 1203
4 1317 1352 1295 1259
4 1381 1418 1352 1317
4 1444 1480 1418 1381
4 1508 1542 1480 1444
4 1578 1612 1542 1508
4 1642 1680 1612 1578
4 1715 1753 1680 1642
4 1786 1825 1753 1715
4 1865 1897 1825 1786
4 1940 1978 1897 1865
4 2020 2053 1978 1940
4 2093 2129 2053 2020
4 2172 2204 2129 2093
4 2242 2275 2204 2172
4 2317 2348 2275 2242
4 2389 2417 2348 2317
4 2459 2490 2417 2389
4 2533 2559 2490 2459
4 2601 2631 2559 2533
4 2674 2703 2631 2601
4 2744 2770 2703 2674
4 2814 2841 2770 2744
4 2885 2909 2841 2814
4 2954 2977 2909 2885
4 3023 3046 2977 2954
4 3091 3114 3046 3023
4 3159 3182 3114 3091
4 3231 3250 3182 3159
4 3299 3319 3250 3231
4 3367 3390 3319 3299
4 3436 3455 3390 3367
4 3504 3523 3455 3436
4 3572 3592 3523 3504
4 3640 3658 3592 3572
4 3710 3728 3658 3640
4 3776 3792 3728 3710
4 3841 3852 3792 3776
4 3898 3912 3852 3841
4 3954 3965 3912 3898
4 4003 4014 3965 3954
4 4049 4058 4014 4003
4 437 465 444 415
4 459 487 465 437
4 483 509 487 459
4 507 533 509 483
4 530 561 533 507
4 557 589 561 530
4 588 616 589 557
4 618 647 616 588
4 654 683 647 618
4 686 717 683 654
4 725 755 717 686
4 760 792 755 725
4 800 833 792 760
4 840 874 833 800
4 881 914 874 840
4 930 962 914 881
4 975 1009 962 930
4 1023 1057 1009 975
4 1073 1108 1057 1023
4 1126 1161 1108 1073
4 1178 1215 1161 1126
4 1233 1269 1215 1178
4 1295 1329 1269 1233
4 1352 1389 1329 1295
4 1418 1450 1389 1352
4 1480 1514 1450 1418
4 1542 1580 1514 1480
4 1612 1647 1580 1542
4 1680 1717 1647 1612
4 1753 1787 1717 1680
4 1825 1860 1787 1753
4 1897 1936 1860 1825
4 1978 2013 1936 1897
4 2053 2087 2013 1978
4 2129 2164 2087 2053
4 2204 2235 2164 2129
4 2275 2309 2235 2204
4 2348 2375 2309 2275
4 2417 2451 2375 2348
4 2490 2519 2451 2417
4 2559 2589 2519 2490
4 2631 2659 2589 2559
4 2703 2726 2659 2631
4 2770 2797 2726 2703
4 2841 2865 2797 2770
4 2909 2937 2865 2841
4 2977 3003 2937 2909
4 3046 3070 3003 2977
4 3114 3138 3070 3046
4 3182 3203 3138 3114
4 3250 3274 3203 3182
4 3319 3341 3274 3250
4 3390 3412 3341 3319
4 3455 3475 3412 3390
4 3523 3545 3475 3455
4 3592 3611 3545 3523
4 3658 3678 3611 3592
4 3728 3745 3678 3658
4 3792 3809 3745 3728
4 3852 3869 3809 3792
4 3912 3926 3869 3852
4 3965 3975 3926 3912
4 4014 4025 3975 3965
4 4058 4068 4025 4014
4 465 492 469 444
4 487 516 492 465
4 509 542 516 487
4 533 565 542 509
4 561 592 565 533
4 589 617 592 561
4 616 646 617 589
4 647 680 646 616
4 683 713 680 647
4 717 751 713 683
4 755 786 751 717
4 792 827 786 755
4 833 864 827 792
4 874 906 864 833
4 914 948 906 874
4 962 994 948 914
4 1009 1045 994 962
4 1057 1090 1045 1009
4 1108 1142 1090 1057
4 1161 1194 1142 1108
4 1215 1249 1194 1161
4 1269 1304 1249 1215
4 1329 1363 1304 1269
4 1389 1428 1363 1329
4 1450 1486 1428 1389
4 1514 1552 1486 1450
4 1580 1620 1552 1514
4 1647 1684 1620 1580
4 1717 1755 1684 1647
4 1787 1828 1755 1717
4 1860 1896 1828 1787
4 1936 1975 1896 1860
4 2013 2048 1975 1936
4 2087 2127 2048 2013
4 2164 2197 2127 2087
4 2235 2268 2197 2164
4 2309 2339 2268 2235
4 2375 2411 2339 2309
4 2451 2480 2411 2375
4 2519 2548 2480 2451
4 2589 2617 2548 2519
4 2659 2684 2617 2589
4 2726 2757 2684 2659
4 2797 2825 2757 2726
4 2865 2892 2825 2797
4 2937 2960 2892 2865
4 3003 3028 2960 2937
4 3070 3095 3028 3003
4 3138 3163 3095 3070
4 3203 3230 3163 3138
4 3274 3296 3230 3203
4 3341 3362 3296 3274
4 3412 3430 3362 3341
4 3475 3497 3430 3412
4 3545 3563 3497 3475
4 3611 3630 3563 3545
4 3678 3697 3630 3611
4 3745 3762 3697 3678
4 3809 3828 3762 3745
4 3869 3883 3828 3809
4 3926 3938 3883 3869
4 3975 3988 3938 3926
4 4025 4036 3988 3975
4 4068 4076 4036 4025
4 492 524 502 469
4 516 546 524 492
4 542 571 546 516
4 565 595 571 542
4 592 620 595 565
4 617 652 620 592
4 646 681 652 617
4 680 710 681 646
4 713 745 710 680
4 751 782 745 713
4 786 819 782 751
4 827 858 819 786
4 864 899 858 827
4 906 939 899 864
4 948 983 939 906
4 994 1028 983 948
4 1045 1078 1028 994
4 1090 1127 1078 1045
4 1142 1176 1127 1090
4 1194 1229 1176 1142
4 1249 1287 1229 1194
4 1304 1346 1287 1249
4 1363 1399 1346 1304
4 1428 1460 1399 1363
4 1486 1525 1460 1428
4 1552 1588 1525 1486
4 1620 1657 1588 1552
4 1684 1722 1657 1620
4 1755 1793 1722 1684
4 1828 1866 1793 1755
4 1896 1937 1866 1828
4 1975 2012 1937 1896
4 2048 2082 2012 1975
4 2127 2157 2082 2048
4 2197 2231 2157 2127
4 2268 2301 2231 2197
4 2339 2370 2301 2268
4 2411 2443 2370 2339
4 2480 2509 2443 2411
4 2548 2580 2509 2480
4 2617 2644 2580 2548
4 2684 2714 2644 2617
4 2757 2782 2714 2684
4 2825 2850 2782 2757
4 2892 2919 2850 2825
4 2960 2984 2919 2892
4 3028 3055 2984 2960
4 3095 3119 3055 3028
4 3163 3184 3119 3095
4 3230 3251 3184 3163
4 3296 3317 3251 3230
4 3362 3385 3317 3296
4 3430 3449 3385 3362
4 3497 3519 3449 3430
4 3563 3584 3519 3497
4 3630 3650 3584 3563
4 3697 3715 3650 3630
4 3762 3779 3715 3697
4 3828 3842 3779 3762
4 3883 3897 3842 3828
4 3938 3951 3897 3883
4 3988 4000 3951 3938
4 4036 4044 4000 3988
4 4076 4082 4044 4036
4 524 552 532 502
4 546 576 552 524
4 571 603 576 546
4 595 630 603 571
4 620 655 630 595
4 652 684 655 620
4 681 711 684 652
4 710 744 711 681
4 745 778 744 710
4 782 813 778 745
4 819 855 813 782
4 858 891 855 819
4 899 934 891 858
4 939 973 934 899
4 983 1019 973 939
4 1028 1064 1019 983
4 1078 1110 1064 1028
4 1127 1163 1110 1078
4 1176 1212 1163 1127
4 1229 1267 1212 1176
4 1287 1320 1267 1229
4 1346 1379 1320 1287
4 1399 1436 1379 1346
4 1460 1497 1436 1399
4 1525 1562 1497 1460
4 1588 1625 1562 1525
4 1657 1690 1625 1588
4 1722 1762 1690 1657
4 1793 1831 1762 1722
4 1866 1902 1831 1793
4 1937 1977 1902 1866
4 2012 2047 1977 1937
4 2082 2122 2047 2012
4 2157 2191 2122 2082
4 2231 2265 2191 2157
4 2301 2331 2265 2231
4 2370 2402 2331 2301
4 2443 2469 2402 2370
4 2509 2540 2469 2443
4 2580 2606 2540 2509
4 2644 2675 2606 2580
4 2714 2742 2675 2644
4 2782 2807 2742 2714
4 2850 2877 2807 2782
4 2919 2943 2877 2850
4 2984 3010 2943 2919
4 3055 3077 3010 2984
4 3119 3145 3077 3055
4 3184 3209 3145 3119
4 3251 3277 3209 3184
4 3317 3340 3277 3251
4 3385 3408 3340 3317
4 3449 3470 3408 3385
4 3519 3539 3470 3449
4 3584 3605 3539 3519
4 3650 3669 3605 3584
4 3715 3735 3669 3650
4 3779 3797 3735 3715
4 3842 3857 3797 3779
4 3897 3913 3857 3842
4 3951 3962 3913 3897
4 4000 4010 3962 3951
4 4044 4052 4010 4000
4 4082 4091 4052 4044
4 552 586 568 532
4 576 610 586 552
4 603 635 610 576
4 630 661 635 603
4 655 687 661 630
4 684 715 687 655
4 711 748 715 684
4 744 779 748 711
4 778 810 779 744
4 813 848 810 778
4 855 889 848 813
4 891 926 889 855
4 934 968 926 891
4 973 1013 968 934
4 1019 1054 1013 973
4 1064 1102 1054 1019
4 1110 1147 1102 1064
4 1163 1199 1147 1110
4 1212 1251 1199 1163
4 1267 1302 1251 1212
4 1320 1357 1302 1267
4 1379 1419 1357 1320
4 1436 1478 1419 1379
4 1497 1533 1478 1436
4 1562 1598 1533 1497
4 1625 1666 1598 1562
4 1690 1730 1666 1625
4 1762 1799 1730 1690
4 1831 1870 1799 1762
4 1902 1942 1870 1831
4 1977 2014 1942 1902
4 2047 2083 2014 1977
4 2122 2156 2083 2047
4 2191 2227 2156 2122
4 2265 2295 2227 2191
4 2331 2365 2295 2265
4 2402 2435 2365 2331
4 2469 2502 2435 2402
4 2540 2573 2502 2469
4 2606 2637 2573 2540
4 2675 2704 2637 2606
4 2742 2769 2704 2675
4 2807 2837 2769 2742
4 2877 2903 2837 2807
4 2943 2970 2903 2877
4 3010 3036 2970 2943
4 3077 3102 3036 3010
4 3145 3169 3102 3077
4 3209 3232 3169 3145
4 3277 3298 3232 3209
4 3340 3363 3298 3277
4 3408 3427 3363 3340
4 3470 3493 3427 3408
4 3539 3560 3493 3470
4 3605 3624 3560 3539
4 3669 3687 3624 3605
4 3735 3754 3687 3669
4 3797 3816 3754 3735
4 3857 3872 3816 3797
4 3913 3927 3872 3857
4 3962 3974 3927 3913
4 4010 4021 3974 3962
4 4052 4061 4021 4010
4 4091 4100 4061 4052
4 586 619 600 568
4 610 641 619 586
4 635 666 641 610
4 661 695 666 635
4 687 723 695 661
4 715 753 723 687
4 748 784 753 715
4 779 812 784 748
4 810 847 812 779
4 848 885 847 810
4 889 920 885 848
4 926 963 920 889
4 968 1002 963 926
4 1013 1049 1002 968
4 1054 1089 1049 1013
4 1102 1138 1089 1054
4 1147 1185 1138 1102
4 1199 1232 1185 1147
4 1251 1290 1232 1199
4 1302 1342 1290 1251
4 1357 1397 1342 1302
4 1419 1452 1397 1357
4 1478 1513 1452 1419
4 1533 1576 1513 1478
4 1598 1637 1576 1533
4 1666 1703 1637 1598
4 1730 1771 1703 1666
4 1799 1836 1771 1730
4 1870 1912 1836 1799
4 1942 1982 1912 1870
4 2014 2051 1982 1942
4 2083 2126 2051 2014
4 2156 2189 2126 2083
4 2227 2262 2189 2156
4 2295 2328 2262 2227
4 2365 2397 2328 2295
4 2435 2466 2397 2365
4 2502 2534 2466 2435
4 2573 2598 2534 2502
4 2637 2668 2598 2573
4 2704 2730 2668 2637
4 2769 2798 2730 2704
4 2837 2862 2798 2769
4 2903 2930 2862 2837
4 2970 2996 2930 2903
4 3036 3059 2996 2970
4 3102 3125 3059 3036
4 3169 3193 3125 3102
4 3232 3258 3193 3169
4 3298 3321 3258 3232
4 3363 3386 3321 3298
4 3427 3448 3386 3363
4 3493 3515 3448 3427
4 3560 3579 3515 3493
4 3624 3644 3579 3560
4 3687 3708 3644 3624
4 3754 3772 3708 3687
4 3816 3832 3772 3754
4 3872 3886 3832 3816
4 3927 3942 3886 3872
4 3974 3987 3942 3927
4 4021 4032 3987 3974
4 4061 4071 4032 4021
4 4100 4108 4071 4061
4 619 656 634 600
4 641 678 656 619
4 666 702 678 641
4 695 731 702 666
4 723 757 731 695
4 753 787 757 723
4 784 815 787 753
4 812 850 815 784
4 847 884 850 812
4 885 918 884 847
4 920 957 918 885
4 963 999 957 920
4 1002 1041 999 963
4 1049 1084 1041 1002
4 1089 1129 1084 1049
4 1138 1175 1129 1089
4 1185 1223 1175 1138
4 1232 1270 1223 1185
4 1290 1326 1270 1232
4 1342 1380 1326 1290
4 1397 1432 1380 1342
4 1452 1492 1432 1397
4 1513 1554 1492 1452
4 1576 1614 1554 1513
4 1637 1675 1614 1576
4 1703 1742 1675 1637
4 1771 1810 1742 1703
4 1836 1878 1810 1771
4 1912 1949 1878 1836
4 1982 2021 1949 1912
4 2051 2089 2021 1982
4 2126 2158 2089 2051
4 2189 2229 2158 2126
4 2262 2293 2229 2189
4 2328 2363 2293 2262
4 2397 2428 2363 2328
4 2466 2498 2428 2397
4 2534 2563 2498 2466
4 2598 2629 2563 2534
4 2668 2698 2629 2598
4 2730 2762 2698 2668
4 2798 2826 2762 2730
4 2862 2891 2826 2798
4 2930 2955 2891 2862
4 2996 3021 2955 2930
4 3059 3087 3021 2996
4 3125 3151 3087 3059
4 3193 3216 3151 3125
4 3258 3281 3216 3193
4 3321 3343 3281 3258
4 3386 3410 3343 3321
4 3448 3469 3410 3386
4 3515 3535 3469 3448
4 3579 3597 3535 3515
4 3644 3664 3597 3579
4 3708 3729 3664 3644
4 3772 3789 3729 3708
4 3832 3848 3789 3772
4 3886 3902 3848 3832
4 3942 3953 3902 3886
4 3987 3999 3953 3942
4 4032 4041 3999 3987
4 4071 4080 4041 4032
4 4108 4115 4080 4071
4 656 689 667 634
4 678 712 689 656
4 702 737 712 678
4 731 765 737 702
4 757 795 765 731
4 787 826 795 757
4 815 856 826 787
4 850 888 856 815
4 884 919 888 850
4 918 955 919 884
4 957 996 955 918
4 999 1035 996 957
4 1041 1079 1035 999
4 1084 1121 1079 1041
4 1129 1168 1121 1084
4 1175 1211 1168 1129
4 1223 1262 1211 1175
4 1270 1313 1262 1223
4 1326 1362 1313 1270
4 1380 1421 1362 1326
4 1432 1476 1421 1380
4 1492 1532 1476 1432
4 1554 1590 1532 1492
4 1614 1655 1590 1554
4 1675 1716 1655 1614
4 1742 1779 1716 1675
4 1810 1851 1779 1742
4 1878 1920 1851 1810
4 1949 1987 1920 1878
4 2021 2061 1987 1949
4 2089 2128 2061 2021
4 2158 2195 2128 2089
4 2229 2264 2195 2158
4 2293 2327 2264 2229
4 2363 2394 2327 2293
4 2428 2461 2394 2363
4 2498 2526 2461 2428
4 2563 2594 2526 2498
4 2629 2661 2594 2563
4 2698 2723 2661 2629
4 2762 2790 2723 2698
4 2826 2854 2790 2762
4 2891 2920 2854 2826
4 2955 2982 2920 2891
4 3021 3047 2982 2955
4 3087 3112 3047 3021
4 3151 3175 3112 3087
4 3216 3239 3175 3151
4 3281 3305 3239 3216
4 3343 3366 3305 3281
4 3410 3431 3366 3343
4 3469 3495 3431 3410
4 3535 3557 3495 3469
4 3597 3618 3557 3535
4 3664 3684 3618 3597
4 3729 3748 3684 3664
4 3789 3806 3748 3729
4 3848 3863 3806 3789
4 3902 3917 3863 3848
4 3953 3966 3917 3902
4 3999 4011 3966 3953
4 4041 4050 4011 3999
4 4080 4089 4050 4041
4 4115 4122 4089 4080
4 689 727 705 667
4 712 752 727 689
4 737 774 752 712
4 765 802 774 737
4 795 832 802 765
4 826 860 832 795
4 856 890 860 826
4 888 924 890 856
4 919 958 924 888
4 955 995 958 919
4 996 1031 995 955
4 1035 1072 1031 996
4 1079 1115 1072 1035
4 1121 1160 1115 1079
4 1168 1206 1160 1121
4 1211 1255 1206 1168
4 1262 1300 1255 1211
4 1313 1351 1300 1262
4 1362 1400 1351 1313
4 1421 1458 1400 1362
4 1476 1515 1458 1421
4 1532 1571 1515 1476
4 1590 1631 1571 1532
4 1655 1696 1631 1590
4 1716 1759 1696 1655
4 1779 1822 1759 1716
4 1851 1890 1822 1779
4 1920 1962 1890 1851
4 1987 2031 1962 1920
4 2061 2096 2031 1987
4 2128 2167 2096 2061
4 2195 2233 2167 2128
4 2264 2298 2233 2195
4 2327 2364 2298 2264
4 2394 2427 2364 2327
4 2461 2496 2427 2394
4 2526 2555 2496 2461
4 2594 2625 2555 2526
4 2661 2687 2625 2594
4 2723 2755 2687 2661
4 2790 2820 2755 2723
4 2854 2883 2820 2790
4 2920 2944 2883 2854
4 2982 3009 2944 2920
4 3047 3074 3009 2982
4 3112 3136 3074 3047
4 3175 3200 3136 3112
4 3239 3264 3200 3175
4 3305 3329 3264 3239
4 3366 3392 3329 3305
4 3431 3453 3392 3366
4 3495 3517 3453 3431
4 3557 3578 3517 3495
4 3618 3641 3578 3557
4 3684 3703 3641 3618
4 3748 3765 3703 3684
4 3806 3825 3765 3748
4 3863 3880 3825 3806
4 3917 3931 3880 3863
4 3966 3977 3931 3917
4 4011 4024 3977 3966
4 4050 4060 4024 4011
4 4089 4097 4060 4050
4 4122 4128 4097 4089
4 727 764 742 705
4 752 788 764 727
4 774 809 788 752
4 802 838 809 774
4 832 868 838 802
4 860 900 868 832
4 890 932 900 860
4 924 965 932 890
4 958 998 965 924
4 995 1032 998 958
4 1031 1071 1032 995
4 1072 1112 1071 1031
4 1115 1155 1112 1072
4 1160 1200 1155 1115
4 1206 1245 1200 1160
4 1255 1294 1245 1206
4 1300 1341 1294 1255
4 1351 1393 1341 1300
4 1400 1446 1393 1351
4 1458 1498 1446 1400
4 1515 1558 1498 1458
4 1571 1613 1558 1515
4 1631 1671 1613 1571
4 1696 1733 1671 1631
4 1759 1800 1733 1696
4 1822 1867 1800 1759
4 1890 1929 1867 1822
4 1962 2002 1929 1890
4 2031 2070 2002 1962
4 2096 2134 2070 2031
4 2167 2203 2134 2096
4 2233 2267 2203 2167
4 2298 2330 2267 2233
4 2364 2396 2330 2298
4 2427 2462 2396 2364
4 2496 2525 2462 2427
4 2555 2591 2525 2496
4 2625 2655 2591 2555
4 2687 2720 2655 2625
4 2755 2783 2720 2687
4 2820 2846 2783 2755
4 2883 2913 2846 2820
4 2944 2974 2913 2883
4 3009 3037 2974 2944
4 3074 3099 3037 3009
4 3136 3165 3099 3074
4 3200 3226 3165 3136
4 3264 3287 3226 3200
4 3329 3352 3287 3264
4 3392 3414 3352 3329
4 3453 3472 3414 3392
4 3517 3537 3472 3453
4 3578 3596 3537 3517
4 3641 3662 3596 3578
4 3703 3723 3662 3641
4 3765 3786 3723 3703
4 3825 3843 3786 3765
4 3880 3895 3843 3825
4 3931 3945 3895 3880
4 3977 3989 3945 3931
4 4024 4033 3989 3977
4 4060 4070 4033 4024
4 4097 4106 4070 4060
4 4128 4135 4106 4097
4 764 803 781 742
4 788 829 803 764
4 809 852 829 788
4 838 878 852 809
4 868 908 878 838
4 900 938 908 868
4 932 971 938 900
4 965 1001 971 932
4 998 1038 1001 965
4 1032 1075 1038 998
4 1071 1111 1075 1032
4 1112 1151 1111 1071
4 1155 1196 1151 1112
4 1200 1240 1196 1155
4 1245 1285 1240 1200
4 1294 1332 1285 1245
4 1341 1383 1332 1294
4 1393 1430 1383 1341
4 1446 1485 1430 1393
4 1498 1536 1485 1446
4 1558 1595 1536 1498
4 1613 1659 1595 1558
4 1671 1714 1659 1613
4 1733 1776 1714 1671
4 1800 1840 1776 1733
4 1867 1909 1840 1800
4 1929 1974 1909 1867
4 2002 2040 1974 1929
4 2070 2107 2040 2002
4 2134 2174 2107 2070
4 2203 2237 2174 2134
4 2267 2306 2237 2203
4 2330 2369 2306 2267
4 2396 2430 2369 2330
4 2462 2497 2430 2396
4 2525 2553 2497 2462
4 2591 2623 2553 2525
4 2655 2683 2623 2591
4 2720 2750 2683 2655
4 2783 2812 2750 2720
4 2846 2875 2812 2783
4 2913 2939 2875 2846
4 2974 3002 2939 2913
4 3037 3061 3002 2974
4 3099 3123 3061 3037
4 3165 3188 3123 3099
4 3226 3249 3188 3165
4 3287 3312 3249 3226
4 3352 3372 3312 3287
4 3414 3437 3372 3352
4 3472 3498 3437 3414
4 3537 3561 3498 3472
4 3596 3619 3561 3537
4 3662 3682 3619 3596
4 3723 3742 3682 3662
4 3786 3804 3742 3723
4 3843 3861 3804 3786
4 3895 3910 3861 3843
4 3945 3958 3910 3895
4 3989 4002 3958 3945
4 4033 4045 4002 3989
4 4070 4081 4045 4033
4 4106 4113 4081 4070
4 4135 4142 4113 4106
4 803 842 822 781
4 829 866 842 803
4 852 892 866 829
4 878 916 892 852
4 908 946 916 878
4 938 977 946 908
4 971 1012 977 938
4 1001 1046 1012 971
4 1038 1080 1046 1001
4 1075 1114 1080 1038
4 1111 1153 1114 1075
4 1151 1193 1153 1111
4 1196 1235 1193 1151
4 1240 1281 1235 1196
4 1285 1327 1281 1240
4 1332 1374 1327 1285
4 1383 1427 1374 1332
4 1430 1477 1427 1383
4 1485 1530 1477 1430
4 1536 1585 1530 1485
4 1595 1638 1585 1536
4 1659 1699 1638 1595
4 1714 1760 1699 1659
4 1776 1819 1760 1714
4 1840 1884 1819 1776
4 1909 1951 1884 1840
4 1974 2016 1951 1909
4 2040 2080 2016 1974
4 2107 2145 2080 2040
4 2174 2213 2145 2107
4 2237 2274 2213 2174
4 2306 2340 2274 2237
4 2369 2405 2340 2306
4 2430 2467 2405 2369
4 2497 2528 2467 2430
4 2553 2592 2528 2497
4 2623 2654 2592 2553
4 2683 2717 2654 2623
4 2750 2778 2717 2683
4 2812 2844 2778 2750
4 2875 2904 2844 2812
4 2939 2966 2904 2875
4 3002 3029 2966 2939
4 3061 3090 3029 3002
4 3123 3152 3090 3061
4 3188 3212 3152 3123
4 3249 3275 3212 3188
4 3312 3336 3275 3249
4 3372 3396 3336 3312
4 3437 3460 3396 3372
4 3498 3520 3460 3437
4 3561 3580 3520 3498
4 3619 3643 3580 3561
4 3682 3702 3643 3619
4 3742 3763 3702 3682
4 3804 3821 3763 3742
4 3861 3876 3821 3804
4 3910 3924 3876 3861
4 3958 3972 3924 3910
4 4002 4015 3972 3958
4 4045 4055 4015 4002
4 4081 4090 4055 4045
4 4113 4120 4090 4081
4 4142 4148 4120 4113
4 842 882 862 822
4 866 910 882 842
4 892 935 910 866
4 916 961 935 892
4 946 988 961 916
4 977 1022 988 946
4 1012 1053 1022 977
4 1046 1087 1053 1012
4 1080 1120 1087 1046
4 1114 1159 1120 1080
4 1153 1197 1159 1114
4 1193 1234 1197 1153
4 1235 1276 1234 1193
4 1281 1323 1276 1235
4 1327 1369 1323 1281
4 1374 1420 1369 1327
4 1427 1467 1420 1374
4 1477 1519 1467 1427
4 1530 1570 1519 1477
4 1585 1626 1570 1530
4 1638 1681 1626 1585
4 1699 1738 1681 1638
4 1760 1804 1738 1699
4 1819 1864 1804 1760
4 1884 1926 1864 1819
4 1951 1989 1926 1884
4 2016 2059 1989 1951
4 2080 2123 2059 2016
4 2145 2182 2123 2080
4 2213 2248 2182 2145
4 2274 2312 2248 2213
4 2340 2373 2312 2274
4 2405 2438 2373 2340
4 2467 2500 2438 2405
4 2528 2560 2500 2467
4 2592 2624 2560 2528
4 2654 2681 2624 2592
4 2717 2748 2681 2654
4 2778 2806 2748 2717
4 2844 2871 2806 2778
4 2904 2933 2871 2844
4 2966 2993 2933 2904
4 3029 3056 2993 2966
4 3090 3116 3056 3029
4 3152 3177 3116 3090
4 3212 3237 3177 3152
4 3275 3301 3237 3212
4 3336 3359 3301 3275
4 3396 3419 3359 3336
4 3460 3484 3419 3396
4 3520 3543 3484 3460
4 3580 3603 3543 3520
4 3643 3663 3603 3580
4 3702 3721 3663 3643
4 3763 3783 3721 3702
4 3821 3837 3783 3763
4 3876 3890 3837 3821
4 3924 3941 3890 3876
4 3972 3985 3941 3924
4 4015 4026 3985 3972
4 4055 4064 4026 4015
4 4090 4099 4064 4055
4 4120 4127 4099 4090
4 4148 4155 4127 4120
4 882 927 905 862
4 910 949 927 882
4 935 974 949 910
4 961 1000 974 935
4 988 1029 1000 961
4 1022 1060 1029 988
4 1053 1094 1060 1022
4 1087 1128 1094 1053
4 1120 1165 1128 1087
4 1159 1202 1165 1120
4 1197 1239 1202 1159
4 1234 1278 1239 1197
4 1276 1321 1278 1234
4 1323 1366 1321 1276
4 1369 1413 1366 1323
4 1420 1459 1413 1369
4 1467 1510 1459 1420
4 1519 1564 1510 1467
4 1570 1615 1564 1519
4 1626 1669 1615 1570
4 1681 1727 1669 1626
4 1738 1781 1727 1681
4 1804 1846 1781 1738
4 1864 1910 1846 1804
4 1926 1972 1910 1864
4 1989 2035 1972 1926
4 2059 2101 2035 1989
4 2123 2162 2101 2059
4 2182 2223 2162 2123
4 2248 2286 2223 2182
4 2312 2349 2286 2248
4 2373 2413 2349 2312
4 2438 2470 2413 2373
4 2500 2535 2470 2438
4 2560 2595 2535 2500
4 2624 2656 2595 2560
4 2681 2716 2656 2624
4 2748 2775 2716 2681
4 2806 2839 2775 2748
4 2871 2899 2839 2806
4 2933 2962 2899 2871
4 2993 3020 2962 2933
4 3056 3083 3020 2993
4 3116 3144 3083 3056
4 3177 3202 3144 3116
4 3237 3263 3202 3177
4 3301 3324 3263 3237
4 3359 3383 3324 3301
4 3419 3442 3383 3359
4 3484 3506 3442 3419
4 3543 3564 3506 3484
4 3603 3625 3564 3543
4 3663 3685 3625 3603
4 3721 3743 3685 3663
4 3783 3802 3743 3721
4 3837 3854 3802 3783
4 3890 3907 3854 3837
4 3941 3955 3907 3890
4 3985 3997 3955 3941
4 4026 4037 3997 3985
4 4064 4072 4037 4026
4 4099 4107 4072 4064
4 4127 4136 4107 4099
4 4155 4161 4136 4127
4 927 972 947 905
4 949 993 972 927
4 974 1020 993 949
4 1000 1048 1020 974
4 1029 1076 1048 1000
4 1060 1104 1076 1029
4 1094 1139 1104 1060
4 1128 1172 1139 1094
4 1165 1207 1172 1128
4 1202 1244 1207 1165
4 1239 1283 1244 1202
4 1278 1324 1283 1239
4 1321 1365 1324 1278
4 1366 1408 1365 1321
4 1413 1455 1408 1366
4 1459 1503 1455 1413
4 1510 1556 1503 1459
4 1564 1607 1556 1510
4 1615 1661 1607 1564
4 1669 1712 1661 1615
4 1727 1772 1712 1669
4 1781 1830 1772 1727
4 1846 1889 1830 1781
4 1910 1955 1889 1846
4 1972 2015 1955 1910
4 2035 2076 2015 1972
4 2101 2140 2076 2035
4 2162 2202 2140 2101
4 2223 2263 2202 2162
4 2286 2322 2263 2223
4 2349 2385 2322 2286
4 2413 2446 2385 2349
4 2470 2505 2446 2413
4 2535 2569 2505 2470
4 2595 2626 2569 2535
4 2656 2685 2626 2595
4 2716 2749 2685 2656
4 2775 2804 2749 2716
4 2839 2868 2804 2775
4 2899 2926 2868 2839
4 2962 2990 2926 2899
4 3020 3050 2990 2962
4 3083 3108 3050 3020
4 3144 3171 3108 3083
4 3202 3228 3171 3144
4 3263 3288 3228 3202
4 3324 3349 3288 3263
4 3383 3409 3349 3324
4 3442 3467 3409 3383
4 3506 3525 3467 3442
4 3564 3588 3525 3506
4 3625 3645 3588 3564
4 3685 3704 3645 3625
4 3743 3764 3704 3685
4 3802 3818 3764 3743
4 3854 3871 3818 3802
4 3907 3921 3871 3854
4 3955 3968 3921 3907
4 3997 4009 3968 3955
4 4037 4048 4009 3997
4 4072 4083 4048 4037
4 4107 4116 4083 4072
4 4136 4143 4116 4107
4 4161 4166 4143 4136
4 972 1016 990 947
4 993 1039 1016 972
4 1020 1061 1039 993
4 1048 1088 1061 1020
4 1076 1118 1088 1048
4 1104 1148 1118 1076
4 1139 1180 1148 1104
4 1172 1218 1180 1139
4 1207 1253 1218 1172
4 1244 1292 1253 1207
4 1283 1328 1292 1244
4 1324 1368 1328 1283
4 1365 1412 1368 1324
4 1408 1453 1412 1365
4 1455 1500 1453 1408
4 1503 1551 1500 1455
4 1556 1599 1551 1503
4 1607 1652 1599 1556
4 1661 1704 1652 1607
4 1712 1761 1704 1661
4 1772 1816 1761 1712
4 1830 1875 1816 1772
4 1889 1933 1875 1830
4 1955 1997 1933 1889
4 2015 2062 1997 1955
4 2076 2120 2062 2015
4 2140 2179 2120 2076
4 2202 2238 2179 2140
4 2263 2303 2238 2202
4 2322 2361 2303 2263
4 2385 2419 2361 2322
4 2446 2481 2419 2385
4 2505 2542 2481 2446
4 2569 2599 2542 2505
4 2626 2662 2599 2569
4 2685 2721 2662 2626
4 2749 2777 2721 2685
4 2804 2838 2777 2749
4 2868 2894 2838 2804
4 2926 2957 2894 2868
4 2990 3018 2957 2926
4 3050 3076 3018 2990
4 3108 3135 3076 3050
4 3171 3196 3135 3108
4 3228 3254 3196 3171
4 3288 3313 3254 3228
4 3349 3371 3313 3288
4 3409 3434 3371 3349
4 3467 3489 3434 3409
4 3525 3549 3489 3467
4 3588 3609 3549 3525
4 3645 3668 3609 3588
4 3704 3726 3668 3645
4 3764 3784 3726 3704
4 3818 3835 3784 3764
4 3871 3887 3835 3818
4 3921 3934 3887 3871
4 3968 3982 3934 3921
4 4009 4023 3982 3968
4 4048 4059 4023 4009
4 4083 4092 4059 4048
4 4116 4124 4092 4083
4 4143 4150 4124 4116
4 4166 4172 4150 4143
4 1016 1058 1037 990
4 1039 1085 1058 1016
4 1061 1109 1085 1039
4 1088 1136 1109 1061
4 1118 1166 1136 1088
4 1148 1195 1166 1118
4 1180 1228 1195 1148
4 1218 1263 1228 1180
4 1253 1299 1263 1218
4 1292 1333 1299 1253
4 1328 1373 1333 1292
4 1368 1417 1373 1328
4 1412 1457 1417 1368
4 1453 1501 1457 1412
4 1500 1547 1501 1453
4 1551 1593 1547 1500
4 1599 1645 1593 1551
4 1652 1700 1645 1599
4 1704 1751 1700 1652
4 1761 1807 1751 1704
4 1816 1862 1807 1761
4 1875 1922 1862 1816
4 1933 1984 1922 1875
4 1997 2041 1984 1933
4 2062 2103 2041 1997
4 2120 2161 2103 2062
4 2179 2219 2161 2120
4 2238 2279 2219 2179
4 2303 2341 2279 2238
4 2361 2399 2341 2303
4 2419 2454 2399 2361
4 2481 2514 2454 2419
4 2542 2577 2514 2481
4 2599 2634 2577 2542
4 2662 2694 2634 2599
4 2721 2752 2694 2662
4 2777 2808 2752 2721
4 2838 2869 2808 2777
4 2894 2923 2869 2838
4 2957 2986 2923 2894
4 3018 3042 2986 2957
4 3076 3106 3042 3018
4 3135 3166 3106 3076
4 3196 3221 3166 3135
4 3254 3282 3221 3196
4 3313 3338 3282 3254
4 3371 3395 3338 3313
4 3434 3454 3395 3371
4 3489 3512 3454 3434
4 3549 3571 3512 3489
4 3609 3631 3571 3549
4 3668 3688 3631 3609
4 3726 3749 3688 3668
4 3784 3803 3749 3726
4 3835 3853 3803 3784
4 3887 3905 3853 3835
4 3934 3950 3905 3887
4 3982 3995 3950 3934
4 4023 4034 3995 3982
4 4059 4069 4034 4023
4 4092 4101 4069 4059
4 4124 4132 4101 4092
4 4150 4157 4132 4124
4 4172 4177 4157 4150
4 1058 1106 1086 1037
4 1085 1132 1106 1058
4 1109 1156 1132 1085
4 1136 1181 1156 1109
4 1166 1209 1181 1136
4 1195 1242 1209 1166
4 1228 1271 1242 1195
4 1263 1308 1271 1228
4 1299 1347 1308 1263
4 1333 1385 1347 1299
4 1373 1423 1385 1333
4 1417 1462 1423 1373
4 1457 1504 1462 1417
4 1501 1550 1504 1457
4 1547 1591 1550 1501
4 1593 1640 1591 1547
4 1645 1695 1640 1593
4 1700 1746 1695 1645
4 1751 1798 1746 1700
4 1807 1854 1798 1751
4 1862 1914 1854 1807
4 1922 1969 1914 1862
4 1984 2030 1969 1922
4 2041 2084 2030 1984
4 2103 2142 2084 2041
4 2161 2205 2142 2103
4 2219 2261 2205 2161
4 2279 2320 2261 2219
4 2341 2374 2320 2279
4 2399 2436 2374 2341
4 2454 2494 2436 2399
4 2514 2550 2494 2454
4 2577 2609 2550 2514
4 2634 2669 2609 2577
4 2694 2724 2669 2634
4 2752 2784 2724 2694
4 2808 2843 2784 2752
4 2869 2897 2843 2808
4 2923 2956 2897 2869
4 2986 3014 2956 2923
4 3042 3072 3014 2986
4 3106 3132 3072 3042
4 3166 3189 3132 3106
4 3221 3247 3189 3166
4 3282 3308 3247 3221
4 3338 3361 3308 3282
4 3395 3421 3361 3338
4 3454 3481 3421 3395
4 3512 3536 3481 3454
4 3571 3593 3536 3512
4 3631 3654 3593 3571
4 3688 3712 3654 3631
4 3749 3766 3712 3688
4 3803 3822 3766 3749
4 3853 3873 3822 3803
4 3905 3919 3873 3853
4 3950 3964 3919 3905
4 3995 4006 3964 3950
4 4034 4046 4006 3995
4 4069 4079 4046 4034
4 4101 4110 4079 4069
4 4132 4138 4110 4101
4 4157 4162 4138 4132
4 4177 4182 4162 4157
4 1106 1152 1134 1086
4 1132 1177 1152 1106
4 1156 1205 1177 1132
4 1181 1230 1205 1156
4 1209 1260 1230 1181
4 1242 1293 1260 1209
4 1271 1322 1293 1242
4 1308 1355 1322 1271
4 1347 1394 1355 1308
4 1385 1429 1394 1347
4 1423 1471 1429 1385
4 1462 1512 1471 1423
4 1504 1555 1512 1462
4 1550 1597 1555 1504
4 1591 1641 1597 1550
4 1640 1691 1641 1591
4 1695 1741 1691 1640
4 1746 1794 1741 1695
4 1798 1847 1794 1746
4 1854 1900 1847 1798
4 1914 1961 1900 1854
4 1969 2017 1961 1914
4 2030 2074 2017 1969
4 2084 2131 2074 2030
4 2142 2184 2131 2084
4 2205 2244 2184 2142
4 2261 2304 2244 2205
4 2320 2357 2304 2261
4 2374 2415 2357 2320
4 2436 2471 2415 2374
4 2494 2529 2471 2436
4 2550 2584 2529 2494
4 2609 2642 2584 2550
4 2669 2702 2642 2609
4 2724 2758 2702 2669
4 2784 2816 2758 2724
4 2843 2873 2816 2784
4 2897 2928 2873 2843
4 2956 2987 2928 2897
4 3014 3039 2987 2956
4 3072 3101 3039 3014
4 3132 3156 3101 3072
4 3189 3217 3156 3132
4 3247 3273 3217 3189
4 3308 3332 3273 3247
4 3361 3389 3332 3308
4 3421 3445 3389 3361
4 3481 3502 3445 3421
4 3536 3562 3502 3481
4 3593 3615 3562 3536
4 3654 3674 3615 3593
4 3712 3734 3674 3654
4 3766 3788 3734 3712
4 3822 3840 3788 3766
4 3873 3889 3840 3822
4 3919 3933 3889 3873
4 3964 3979 3933 3919
4 4006 4018 3979 3964
4 4046 4057 4018 4006
4 4079 4088 4057 4046
4 4110 4118 4088 4079
4 4138 4145 4118 4110
4 4162 4168 4145 4138
4 4182 4187 4168 4162
4 1152 1204 1179 1134
4 1177 1226 1204 1152
4 1205 1256 1226 1177
4 1230 1280 1256 1205
4 1260 1309 1280 1230
4 1293 1339 1309 1260
4 1322 1370 1339 1293
4 1355 1403 1370 1322
4 1394 1443 1403 1355
4 1429 1482 1443 1394
4 1471 1523 1482 1429
4 1512 1561 1523 1471
4 1555 1603 1561 1512
4 1597 1646 1603 1555
4 1641 1693 1646 1597
4 1691 1739 1693 1641
4 1741 1789 1739 1691
4 1794 1843 1789 1741
4 1847 1894 1843 1794
4 1900 1952 1894 1847
4 1961 2009 1952 1900
4 2017 2066 2009 1961
4 2074 2118 2066 2017
4 2131 2176 2118 2074
4 2184 2232 2176 2131
4 2244 2284 2232 2184
4 2304 2343 2284 2244
4 2357 2395 2343 2304
4 2415 2452 2395 2357
4 2471 2507 2452 2415
4 2529 2565 2507 2471
4 2584 2622 2565 2529
4 2642 2677 2622 2584
4 2702 2734 2677 2642
4 2758 2791 2734 2702
4 2816 2845 2791 2758
4 2873 2902 2845 2816
4 2928 2959 2902 2873
4 2987 3016 2959 2928
4 3039 3071 3016 2987
4 3101 3129 3071 3039
4 3156 3186 3129 3101
4 3217 3243 3186 3156
4 3273 3302 3243 3217
4 3332 3358 3302 3273
4 3389 3413 3358 3332
4 3445 3468 3413 3389
4 3502 3524 3468 3445
4 3562 3583 3524 3502
4 3615 3638 3583 3562
4 3674 3695 3638 3615
4 3734 3751 3695 3674
4 3788 3805 3751 3734
4 3840 3859 3805 3788
4 3889 3906 3859 3840
4 3933 3949 3906 3889
4 3979 3992 3949 3933
4 4018 4030 3992 3979
4 4057 4067 4030 4018
4 4088 4098 4067 4057
4 4118 4126 4098 4088
4 4145 4152 4126 4118
4 4168 4174 4152 4145
4 4187 4192 4174 4168
4 1204 1257 1231 1179
4 1226 1274 1257 1204
4 1256 1301 1274 1226
4 1280 1331 1301 1256
4 1309 1358 1331 1280
4 1339 1392 1358 1309
4 1370 1425 1392 1339
4 1403 1454 1425 1370
4 1443 1491 1454 1403
4 1482 1531 1491 1443
4 1523 1568 1531 1482
4 1561 1609 1568 1523
4 1603 1654 1609 1561
4 1646 1698 1654 1603
4 1693 1744 1698 1646
4 1739 1790 1744 1693
4 1789 1841 1790 1739
4 1843 1892 1841 1789
4 1894 1947 1892 1843
4 1952 2001 1947 1894
4 2009 2056 2001 1952
4 2066 2108 2056 2009
4 2118 2166 2108 2066
4 2176 2217 2166 2118
4 2232 2271 2217 2176
4 2284 2323 2271 2232
4 2343 2379 2323 2284
4 2395 2437 2379 2343
4 2452 2491 2437 2395
4 2507 2545 2491 2452
4 2565 2600 2545 2507
4 2622 2658 2600 2565
4 2677 2710 2658 2622
4 2734 2767 2710 2677
4 2791 2823 2767 2734
4 2845 2878 2823 2791
4 2902 2935 2878 2845
4 2959 2991 2935 2902
4 3016 3043 2991 2959
4 3071 3100 3043 3016
4 3129 3153 3100 3071
4 3186 3213 3153 3129
4 3243 3268 3213 3186
4 3302 3326 3268 3243
4 3358 3379 3326 3302
4 3413 3439 3379 3358
4 3468 3492 3439 3413
4 3524 3547 3492 3468
4 3583 3606 3547 3524
4 3638 3659 3606 3583
4 3695 3718 3659 3638
4 3751 3774 3718 3695
4 3805 3826 3774 3751
4 3859 3875 3826 3805
4 3906 3920 3875 3859
4 3949 3963 3920 3906
4 3992 4004 3963 3949
4 4030 4042 4004 3992
4 4067 4078 4042 4030
4 4098 4109 4078 4067
4 4126 4134 4109 4098
4 4152 4158 4134 4126
4 4174 4179 4158 4152
4 4192 4196 4179 4174
4 1257 1303 1282 1231
4 1274 1330 1303 1257
4 1301 1354 1330 1274
4 1331 1384 1354 1301
4 1358 1410 1384 1331
4 1392 1442 1410 1358
4 1425 1475 1442 1392
4 1454 1507 1475 1425
4 1491 1544 1507 1454
4 1531 1584 1544 1491
4 1568 1621 1584 1531
4 1609 1664 1621 1568
4 1654 1705 1664 1609
4 1698 1749 1705 1654
4 1744 1796 1749 1698
4 1790 1844 1796 1744
4 1841 1891 1844 1790
4 1892 1945 1891 1841
4 1947 1994 1945 1892
4 2001 2046 1994 1947
4 2056 2104 2046 2001
4 2108 2154 2104 2056
4 2166 2209 2154 2108
4 2217 2260 2209 2166
4 2271 2314 2260 2217
4 2323 2367 2314 2271
4 2379 2420 2367 2323
4 2437 2476 2420 2379
4 2491 2527 2476 2437
4 2545 2582 2527 2491
4 2600 2638 2582 2545
4 2658 2692 2638 2600
4 2710 2746 2692 2658
4 2767 2801 2746 2710
4 2823 2855 2801 2767
4 2878 2912 2855 2823
4 2935 2964 2912 2878
4 2991 3019 2964 2935
4 3043 3075 3019 2991
4 3100 3131 3075 3043
4 3153 3183 3131 3100
4 3213 3240 3183 3153
4 3268 3294 3240 3213
4 3326 3353 3294 3268
4 3379 3407 3353 3326
4 3439 3463 3407 3379
4 3492 3518 3463 3439
4 3547 3573 3518 3492
4 3606 3628 3573 3547
4 3659 3683 3628 3606
4 3718 3739 3683 3659
4 3774 3791 3739 3718
4 3826 3845 3791 3774
4 3875 3893 3845 3826
4 3920 3935 3893 3875
4 3963 3978 3935 3920
4 4004 4016 3978 3963
4 4042 4054 4016 4004
4 4078 4087 4054 4042
4 4109 4117 4087 4078
4 4134 4141 4117 4109
4 4158 4164 4141 4134
4 4179 4184 4164 4158
4 4196 4199 4184 4179
4 1303 1356 1336 1282
4 1330 1382 1356 1303
4 1354 1405 1382 1330
4 1384 1431 1405 1354
4 1410 1465 1431 1384
4 1442 1494 1465 1410
4 1475 1529 1494 1442
4 1507 1563 1529 1475
4 1544 1596 1563 1507
4 1584 1634 1596 1544
4 1621 1672 1634 1584
4 1664 1713 1672 1621
4 1705 1758 1713 1664
4 1749 1805 1758 1705
4 1796 1848 1805 1749
4 1844 1893 1848 1796
4 1891 1946 1893 1844
4 1945 1991 1946 1891
4 1994 2043 1991 1945
4 2046 2099 2043 1994
4 2104 2150 2099 2046
4 2154 2201 2150 2104
4 2209 2254 2201 2154
4 2260 2307 2254 2209
4 2314 2354 2307 2260
4 2367 2409 2354 2314
4 2420 2458 2409 2367
4 2476 2513 2458 2420
4 2527 2568 2513 2476
4 2582 2618 2568 2527
4 2638 2673 2618 2582
4 2692 2725 2673 2638
4 2746 2779 2725 2692
4 2801 2833 2779 2746
4 2855 2888 2833 2801
4 2912 2941 2888 2855
4 2964 2995 2941 2912
4 3019 3052 2995 2964
4 3075 3105 3052 3019
4 3131 3154 3105 3075
4 3183 3210 3154 3131
4 3240 3265 3210 3183
4 3294 3322 3265 3240
4 3353 3377 3322 3294
4 3407 3433 3377 3353
4 3463 3487 3433 3407
4 3518 3542 3487 3463
4 3573 3595 3542 3518
4 3628 3651 3595 3573
4 3683 3705 3651 3628
4 3739 3759 3705 3683
4 3791 3812 3759 3739
4 3845 3862 3812 3791
4 3893 3908 3862 3845
4 3935 3952 3908 3893
4 3978 3991 3952 3935
4 4016 4027 3991 3978
4 4054 4065 4027 4016
4 4087 4096 4065 4054
4 4117 4125 4096 4087
4 4141 4149 4125 4117
4 4164 4170 4149 4141
4 4184 4189 4170 4164
4 4199 4203 4189 4184
4 1356 1411 1391 1336
4 1382 1434 1411 1356
4 1405 1461 1434 1382
4 1431 1488 1461 1405
4 1465 1521 1488 1431
4 1494 1548 1521 1465
4 1529 1582 1548 1494
4 1563 1618 1582 1529
4 1596 1651 1618 1563
4 1634 1688 1651 1596
4 1672 1729 1688 1634
4 1713 1770 1729 1672
4 1758 1813 1770 1713
4 1805 1856 1813 1758
4 1848 1899 1856 1805
4 1893 1950 1899 1848
4 1946 1999 1950 1893
4 1991 2044 1999 1946
4 2043 2095 2044 1991
4 2099 2144 2095 2043
4 2150 2196 2144 2099
4 2201 2245 2196 2150
4 2254 2294 2245 2201
4 2307 2347 2294 2254
4 2354 2398 2347 2307
4 2409 2450 2398 2354
4 2458 2501 2450 2409
4 2513 2552 2501 2458
4 2568 2602 2552 2513
4 2618 2657 2602 2568
4 2673 2706 2657 2618
4 2725 2761 2706 2673
4 2779 2813 2761 2725
4 2833 2866 2813 2779
4 2888 2921 2866 2833
4 2941 2973 2921 2888
4 2995 3025 2973 2941
4 3052 3080 3025 2995
4 3105 3134 3080 3052
4 3154 3187 3134 3105
4 3210 3241 3187 3154
4 3265 3290 3241 3210
4 3322 3347 3290 3265
4 3377 3401 3347 3322
4 3433 3456 3401 3377
4 3487 3510 3456 3433
4 3542 3565 3510 3487
4 3595 3616 3565 3542
4 3651 3671 3616 3595
4 3705 3727 3671 3651
4 3759 3778 3727 3705
4 3812 3831 3778 3759
4 3862 3879 3831 3812
4 3908 3922 3879 3862
4 3952 3967 3922 3908
4 3991 4005 3967 3952
4 4027 4039 4005 3991
4 4065 4075 4039 4027
4 4096 4105 4075 4065
4 4125 4133 4105 4096
4 4149 4156 4133 4125
4 4170 4176 4156 4149
4 4189 4193 4176 4170
4 4203 4206 4193 4189
4 1411 1468 1445 1391
4 1434 1490 1468 1411
4 1461 1517 1490 1434
4 1488 1543 1517 1461
4 1521 1573 1543 1488
4 1548 1605 1573 1521
4 1582 1636 1605 1548
4 1618 1670 1636 1582
4 1651 1707 1670 1618
4 1688 1745 1707 1651
4 1729 1780 1745 1688
4 1770 1824 1780 1729
4 1813 1868 1824 1770
4 1856 1915 1868 1813
4 1899 1959 1915 1856
4 1950 2006 1959 1899
4 1999 2050 2006 1950
4 2044 2100 2050 1999
4 2095 2143 2100 2044
4 2144 2193 2143 2095
4 2196 2240 2193 2144
4 2245 2289 2240 2196
4 2294 2342 2289 2245
4 2347 2393 2342 2294
4 2398 2442 2393 2347
4 2450 2489 2442 2398
4 2501 2541 2489 2450
4 2552 2590 2541 2501
4 2602 2640 2590 2552
4 2657 2695 2640 2602
4 2706 2743 2695 2657
4 2761 2795 2743 2706
4 2813 2847 2795 2761
4 2866 2898 2847 2813
4 2921 2951 2898 2866
4 2973 3005 2951 2921
4 3025 3058 3005 2973
4 3080 3109 3058 3025
4 3134 3162 3109 3080
4 3187 3215 3162 3134
4 3241 3266 3215 3187
4 3290 3320 3266 3241
4 3347 3374 3320 3290
4 3401 3426 3374 3347
4 3456 3482 3426 3401
4 3510 3534 3482 3456
4 3565 3590 3534 3510
4 3616 3642 3590 3565
4 3671 3694 3642 3616
4 3727 3750 3694 3671
4 3778 3800 3750 3727
4 3831 3849 3800 3778
4 3879 3896 3849 3831
4 3922 3939 3896 3879
4 3967 3980 3939 3922
4 4005 4017 3980 3967
4 4039 4051 4017 4005
4 4075 4086 4051 4039
4 4105 4114 4086 4075
4 4133 4140 4114 4105
4 4156 4163 4140 4133
4 4176 4181 4163 4156
4 4193 4197 4181 4176
4 4206 4209 4197 4193
4 1468 1524 1499 1445
4 1490 1546 1524 1468
4 1517 1572 1546 1490
4 1543 1601 1572 1517
4 1573 1629 1601 1543
4 1605 1663 1629 1573
4 1636 1692 1663 1605
4 1670 1728 1692 1636
4 1707 1765 1728 1670
4 1745 1803 1765 1707
4 1780 1838 1803 1745
4 1824 1883 1838 1780
4 1868 1924 1883 1824
4 1915 1966 1924 1868
4 1959 2011 1966 1915
4 2006 2057 2011 1959
4 2050 2105 2057 2006
4 2100 2149 2105 2050
4 2143 2194 2149 2100
4 2193 2239 2194 2143
4 2240 2287 2239 2193
4 2289 2336 2287 2240
4 2342 2386 2336 2289
4 2393 2434 2386 2342
4 2442 2482 2434 2393
4 2489 2532 2482 2442
4 2541 2581 2532 2489
4 2590 2630 2581 2541
4 2640 2678 2630 2590
4 2695 2727 2678 2640
4 2743 2780 2727 2695
4 2795 2829 2780 2743
4 2847 2882 2829 2795
4 2898 2934 2882 2847
4 2951 2983 2934 2898
4 3005 3035 2983 2951
4 3058 3088 3035 3005
4 3109 3139 3088 3058
4 3162 3191 3139 3109
4 3215 3245 3191 3162
4 3266 3293 3245 3215
4 3320 3345 3293 3266
4 3374 3399 3345 3320
4 3426 3451 3399 3374
4 3482 3507 3451 3426
4 3534 3559 3507 3482
4 3590 3612 3559 3534
4 3642 3666 3612 3590
4 3694 3717 3666 3642
4 3750 3771 3717 3694
4 3800 3817 3771 3750
4 3849 3867 3817 3800
4 3896 3911 3867 3849
4 3939 3956 3911 3896
4 3980 3994 3956 3939
4 4017 4028 3994 3980
4 4051 4062 4028 4017
4 4086 4095 4062 4051
4 4114 4123 4095 4086
4 4140 4147 4123 4114
4 4163 4169 4147 4140
4 4181 4186 4169 4163
4 4197 4201 4186 4181
4 4209 4212 4201 4197
4 1524 1581 1559 1499
4 1546 1606 1581 1524
4 1572 1630 1606 1546
4 1601 1660 1630 1572
4 1629 1686 1660 1601
4 1663 1721 1686 1629
4 1692 1752 1721 1663
4 1728 1782 1752 1692
4 1765 1821 1782 1728
4 1803 1859 1821 1765
4 1838 1895 1859 1803
4 1883 1938 1895 1838
4 1924 1981 1938 1883
4 1966 2022 1981 1924
4 2011 2068 2022 1966
4 2057 2110 2068 2011
4 2105 2153 2110 2057
4 2149 2200 2153 2105
4 2194 2243 2200 2149
4 2239 2288 2243 2194
4 2287 2334 2288 2239
4 2336 2381 2334 2287
4 2386 2426 2381 2336
4 2434 2478 2426 2386
4 2482 2522 2478 2434
4 2532 2574 2522 2482
4 2581 2620 2574 2532
4 2630 2670 2620 2581
4 2678 2718 2670 2630
4 2727 2766 2718 2678
4 2780 2817 2766 2727
4 2829 2864 2817 2780
4 2882 2916 2864 2829
4 2934 2965 2916 2882
4 2983 3015 2965 2934
4 3035 3065 3015 2983
4 3088 3117 3065 3035
4 3139 3170 3117 3088
4 3191 3220 3170 3139
4 3245 3270 3220 3191
4 3293 3323 3270 3245
4 3345 3373 3323 3293
4 3399 3424 3373 3345
4 3451 3478 3424 3399
4 3507 3529 3478 3451
4 3559 3582 3529 3507
4 3612 3634 3582 3559
4 3666 3686 3634 3612
4 3717 3738 3686 3666
4 3771 3790 3738 3717
4 3817 3836 3790 3771
4 3867 3884 3836 3817
4 3911 3929 3884 3867
4 3956 3969 3929 3911
4 3994 4007 3969 3956
4 4028 4040 4007 3994
4 4062 4073 4040 4028
4 4095 4104 4073 4062
4 4123 4131 4104 4095
4 4147 4154 4131 4123
4 4169 4175 4154 4147
4 4186 4191 4175 4169
4 4201 4205 4191 4186
4 4212 4215 4205 4201
4 1581 1639 1619 1559
4 1606 1667 1639 1581
4 1630 1689 1667 1606
4 1660 1720 1689 1630
4 1686 1747 1720 1660
4 1721 1777 1747 1686
4 1752 1812 1777 1721
4 1782 1845 1812 1752
4 1821 1882 1845 1782
4 1859 1919 1882 1821
4 1895 1960 1919 1859
4 1938 1995 1960 1895
4 1981 2038 1995 1938
4 2022 2077 2038 1981
4 2068 2121 2077 2022
4 2110 2165 2121 2068
4 2153 2208 2165 2110
4 2200 2249 2208 2153
4 2243 2291 2249 2200
4 2288 2337 2291 2243
4 2334 2380 2337 2288
4 2381 2424 2380 2334
4 2426 2473 2424 2381
4 2478 2518 2473 2426
4 2522 2566 2518 2478
4 2574 2612 2566 2522
4 2620 2660 2612 2574
4 2670 2705 2660 2620
4 2718 2756 2705 2670
4 2766 2802 2756 2718
4 2817 2851 2802 2766
4 2864 2900 2851 2817
4 2916 2947 2900 2864
4 2965 2999 2947 2916
4 3015 3048 2999 2965
4 3065 3097 3048 3015
4 3117 3149 3097 3065
4 3170 3198 3149 3117
4 3220 3248 3198 3170
4 3270 3300 3248 3220
4 3323 3350 3300 3270
4 3373 3400 3350 3323
4 3424 3450 3400 3373
4 3478 3503 3450 3424
4 3529 3555 3503 3478
4 3582 3607 3555 3529
4 3634 3657 3607 3582
4 3686 3709 3657 3634
4 3738 3760 3709 3686
4 3790 3810 3760 3738
4 3836 3855 3810 3790
4 3884 3900 3855 3836
4 3929 3944 3900 3884
4 3969 3984 3944 3929
4 4007 4019 3984 3969
4 4040 4053 4019 4007
4 4073 4084 4053 4040
4 4104 4112 4084 4073
4 4131 4139 4112 4104
4 4154 4160 4139 4131
4 4175 4180 4160 4154
4 4191 4195 4180 4175
4 4205 4208 4195 4191
4 4215 4217 4208 4205
4 1639 1702 1674 1619
4 1667 1725 1702 1639
4 1689 1750 1725 1667
4 1720 1778 1750 1689
4 1747 1808 1778 1720
4 1777 1837 1808 1747
4 1812 1873 1837 1777
4 1845 1907 1873 1812
4 1882 1941 1907 1845
4 1919 1980 1941 1882
4 1960 2018 1980 1919
4 1995 2055 2018 1960
4 2038 2092 2055 1995
4 2077 2133 2092 2038
4 2121 2175 2133 2077
4 2165 2216 2175 2121
4 2208 2257 2216 2165
4 2249 2300 2257 2208
4 2291 2344 2300 2249
4 2337 2384 2344 2291
4 2380 2425 2384 2337
4 2424 2472 2425 2380
4 2473 2515 2472 2424
4 2518 2561 2515 2473
4 2566 2605 2561 2518
4 2612 2651 2605 2566
4 2660 2701 2651 2612
4 2705 2745 2701 2660
4 2756 2794 2745 2705
4 2802 2840 2794 2756
4 2851 2887 2840 2802
4 2900 2938 2887 2851
4 2947 2981 2938 2900
4 2999 3032 2981 2947
4 3048 3082 3032 2999
4 3097 3126 3082 3048
4 3149 3178 3126 3097
4 3198 3227 3178 3149
4 3248 3279 3227 3198
4 3300 3328 3279 3248
4 3350 3376 3328 3300
4 3400 3425 3376 3350
4 3450 3476 3425 3400
4 3503 3527 3476 3450
4 3555 3577 3527 3503
4 3607 3629 3577 3555
4 3657 3679 3629 3607
4 3709 3733 3679 3657
4 3760 3780 3733 3709
4 3810 3830 3780 3760
4 3855 3874 3830 3810
4 3900 3918 3874 3855
4 3944 3957 3918 3900
4 3984 3996 3957 3944
4 4019 4031 3996 3984
4 4053 4063 4031 4019
4 4084 4093 4063 4053
4 4112 4121 4093 4084
4 4139 4146 4121 4112
4 4160 4167 4146 4139
4 4180 4185 4167 4160
4 4195 4200 4185 4180
4 4208 4211 4200 4195
4 4217 4219 4211 4208
4 1702 1763 1735 1674
4 1725 1783 1763 1702
4 1750 1814 1783 1725
4 1778 1839 1814 1750
4 1808 1872 1839 1778
4 1837 1898 1872 1808
4 1873 1931 1898 1837
4 1907 1967 1931 1873
4 1941 2004 1967 1907
4 1980 2039 2004 1941
4 2018 2075 2039 1980
4 2055 2112 2075 2018
4 2092 2151 2112 2055
4 2133 2186 2151 2092
4 2175 2228 2186 2133
4 2216 2266 2228 2175
4 2257 2311 2266 2216
4 2300 2350 2311 2257
4 2344 2391 2350 2300
4 2384 2431 2391 2344
4 2425 2475 2431 2384
4 2472 2516 2475 2425
4 2515 2557 2516 2472
4 2561 2603 2557 2515
4 2605 2649 2603 2561
4 2651 2697 2649 2605
4 2701 2740 2697 2651
4 2745 2787 2740 2701
4 2794 2828 2787 2745
4 2840 2876 2828 2794
4 2887 2922 2876 2840
4 2938 2969 2922 2887
4 2981 3017 2969 2938
4 3032 3063 3017 2981
4 3082 3113 3063 3032
4 3126 3158 3113 3082
4 3178 3208 3158 3126
4 3227 3259 3208 3178
4 3279 3307 3259 3227
4 3328 3356 3307 3279
4 3376 3403 3356 3328
4 3425 3452 3403 3376
4 3476 3501 3452 3425
4 3527 3550 3501 3476
4 3577 3601 3550 3527
4 3629 3653 3601 3577
4 3679 3700 3653 3629
4 3733 3752 3700 3679
4 3780 3801 3752 3733
4 3830 3847 3801 3780
4 3874 3892 3847 3830
4 3918 3932 3892 3874
4 3957 3973 3932 3918
4 3996 4008 3973 3957
4 4031 4043 4008 3996
4 4063 4074 4043 4031
4 4093 4102 4074 4063
4 4121 4130 4102 4093
4 4146 4153 4130 4121
4 4167 4173 4153 4146
4 4185 4190 4173 4167
4 4200 4204 4190 4185
4 4211 4214 4204 4200
4 4219 4221 4214 4211
4 1763 1823 1802 1735
4 1783 1850 1823 1763
4 1814 1874 1850 1783
4 1839 1903 1874 1814
4 1872 1930 1903 1839
4 1898 1963 1930 1872
4 1931 1992 1963 1898
4 1967 2032 1992 1931
4 2004 2067 2032 1967
4 2039 2097 2067 2004
4 2075 2132 2097 2039
4 2112 2170 2132 2075
4 2151 2207 2170 2112
4 2186 2241 2207 2151
4 2228 2280 2241 2186
4 2266 2321 2280 2228
4 2311 2359 2321 2266
4 2350 2400 2359 2311
4 2391 2441 2400 2350
4 2431 2479 2441 2391
4 2475 2521 2479 2431
4 2516 2562 2521 2475
4 2557 2604 2562 2516
4 2603 2646 2604 2557
4 2649 2691 2646 2603
4 2697 2735 2691 2649
4 2740 2776 2735 2697
4 2787 2824 2776 2740
4 2828 2867 2824 2787
4 2876 2914 2867 2828
4 2922 2958 2914 2876
4 2969 3006 2958 2922
4 3017 3054 3006 2969
4 3063 3096 3054 3017
4 3113 3146 3096 3063
4 3158 3190 3146 3113
4 3208 3236 3190 3158
4 3259 3284 3236 3208
4 3307 3333 3284 3259
4 3356 3380 3333 3307
4 3403 3429 3380 3356
4 3452 3480 3429 3403
4 3501 3526 3480 3452
4 3550 3575 3526 3501
4 3601 3627 3575 3550
4 3653 3675 3627 3601
4 3700 3724 3675 3653
4 3752 3775 3724 3700
4 3801 3820 3775 3752
4 3847 3866 3820 3801
4 3892 3909 3866 3847
4 3932 3946 3909 3892
4 3973 3986 3946 3932
4 4008 4022 3986 3973
4 4043 4056 4022 4008
4 4074 4085 4056 4043
4 4102 4111 4085 4074
4 4130 4137 4111 4102
4 4153 4159 4137 4130
4 4173 4178 4159 4153
4 4190 4194 4178 4173
4 4204 4207 4194 4190
4 4214 4216 4207 4204
4 4221 4222 4216 4214
4 1823 1885 1861 1802
4 1850 1917 1885 1823
4 1874 1939 1917 1850
4 1903 1968 1939 1874
4 1930 1996 1968 1903
4 1963 2029 1996 1930
4 1992 2060 2029 1963
4 2032 2090 2060 1992
4 2067 2125 2090 2032
4 2097 2155 2125 2067
4 2132 2187 2155 2097
4 2170 2224 2187 2132
4 2207 2259 2224 2170
4 2241 2296 2259 2207
4 2280 2333 2296 2241
4 2321 2371 2333 2280
4 2359 2410 2371 2321
4 2400 2448 2410 2359
4 2441 2488 2448 2400
4 2479 2524 2488 2441
4 2521 2570 2524 2479
4 2562 2607 2570 2521
4 2604 2648 2607 2562
4 2646 2690 2648 2604
4 2691 2732 2690 2646
4 2735 2773 2732 2691
4 2776 2821 2773 2735
4 2824 2860 2821 2776
4 2867 2907 2860 2824
4 2914 2948 2907 2867
4 2958 2994 2948 2914
4 3006 3038 2994 2958
4 3054 3085 3038 3006
4 3096 3130 3085 3054
4 3146 3174 3130 3096
4 3190 3222 3174 3146
4 3236 3267 3222 3190
4 3284 3314 3267 3236
4 3333 3360 3314 3284
4 3380 3411 3360 3333
4 3429 3457 3411 3380
4 3480 3505 3457 3429
4 3526 3551 3505 3480
4 3575 3599 3551 3526
4 3627 3649 3599 3575
4 3675 3698 3649 3627
4 3724 3747 3698 3675
4 3775 3794 3747 3724
4 3820 3839 3794 3775
4 3866 3882 3839 3820
4 3909 3923 3882 3866
4 3946 3961 3923 3909
4 3986 3998 3961 3946
4 4022 4035 3998 3986
4 4056 4066 4035 4022
4 4085 4094 4066 4056
4 4111 4119 4094 4085
4 4137 4144 4119 4111
4 4159 4165 4144 4137
4 4178 4183 4165 4159
4 4194 4198 4183 4178
4 4207 4210 4198 4194
4 4216 4218 4210 4207
4 4222 4223 4218 4216
4 1885 1954 1927 1861
4 1917 1979 1954 1885
4 1939 2007 1979 1917
4 1968 2033 2007 1939
4 1996 2065 2033 1968
4 2029 2088 2065 1996
4 2060 2119 2088 2029
4 2090 2152 2119 2060
4 2125 2180 2152 2090
4 2155 2215 2180 2125
4 2187 2247 2215 2155
4 2224 2281 2247 2187
4 2259 2316 2281 2224
4 2296 2351 2316 2259
4 2333 2388 2351 2296
4 2371 2421 2388 2333
4 2410 2457 2421 2371
4 2448 2499 2457 2410
4 2488 2538 2499 2448
4 2524 2576 2538 2488
4 2570 2615 2576 2524
4 2607 2652 2615 2570
4 2648 2696 2652 2607
4 2690 2733 2696 2648
4 2732 2772 2733 2690
4 2773 2818 2772 2732
4 2821 2858 2818 2773
4 2860 2901 2858 2821
4 2907 2942 2901 2860
4 2948 2985 2942 2907
4 2994 3031 2985 2948
4 3038 3073 3031 2994
4 3085 3118 3073 3038
4 3130 3164 3118 3085
4 3174 3204 3164 3130
4 3222 3252 3204 3174
4 3267 3297 3252 3222
4 3314 3342 3297 3267
4 3360 3391 3342 3314
4 3411 3438 3391 3360
4 3457 3485 3438 3411
4 3505 3530 3485 3457
4 3551 3576 3530 3505
4 3599 3626 3576 3551
4 3649 3670 3626 3599
4 3698 3719 3670 3649
4 3747 3768 3719 3698
4 3794 3814 3768 3747
4 3839 3860 3814 3794
4 3882 3899 3860 3839
4 3923 3940 3899 3882
4 3961 3976 3940 3923
4 3998 4013 3976 3961
4 4035 4047 4013 3998
4 4066 4077 4047 4035
4 4094 4103 4077 4066
4 4119 4129 4103 4094
4 4144 4151 4129 4119
4 4165 4171 4151 4144
4 4183 4188 4171 4165
4 4198 4202 4188 4183
4 4210 4213 4202 4198
4 4218 4220 4213 4210
4 4223 4224 4220 4218

CELL_TYPES 4096
9
9
9
9
9
9
9
9
9
9
9
9
9
9
9
9
9
9
9
9
9
9
9
9
9
9
9
9
9
9
9
9
9
9
9
9
9
9
9
9
9
9
9
9
9
9
9
9
9
9
9
9
9
9
9
9
9
9
9
9
9
9
9
9
9
9
9
9
9
9
9
9
9
9
9
9
9
9
9
9
9
9
9
9
9
9
9
9
9
9
9
9
9
9
9
9
9
9
9
9
9
9
9
9
9
9
9
9
9
9
9
9
9
9
9
9
9
9
9
9
9
9
9
9
9
9
9
9
9
9
9
9
9
9
9
9
9
9
9
9
9
9
9
9
9
9
9
9
9
9
9
9
9
9
9
9
9
9
9
9
9
9
9
9
9
9
9
9
9
9
9
9
9
9
9
9
9
9
9
9
9
9
9
9
9
9
9
9
9
9
9
9
9
9
9
9
9
9
9
9
9
9
9
9
9
9
9
9
9
9
9
9
9
9
9
9
9
9
9
9
9
9
9
9
9
9
9
9
9
9
9
9
9
9
9
9
9
9
9
9
9
9
9
9
9
9
9
9
9
9
9
9
9
9
9
9
9
9
9
9
9
9
9
9
9
9
9
9
9
9
9
9
9
9
9
9
9
9
9
9
9
9
9
9
9
9
9
9
9
9
9
9
9
9
9
9
9
9
9
9
9
9
9
9
9
9
9
9
9
9
9
9
9
9
9
9
9
9
9
9
9
9
9
9
9
9
9
9
9
9
9
9
9
9
9
9
9
9
9
9
9
9
9
9
9
9
9
9
9
9
9
9
9
9
9
9
9
9
9
9
9
9
9
9
9
9
9
9
9
9
9
9
9
9
9
9
9
9
9
9
9
9
9
9
9
9
9
9
9
9
9
9
9
9
9
9
9
9
9
9
9
9
9
9
9
9
9
9
9
9
9
9
9
9
9
9
9
9
9
9
9
9
9
9
9
9
9
9
9
9
9
9
9
9
9
9
9
9
9
9
9
9
9
9
9
9
9
9
9
9
9
9
9
9
9
9
9
9
9
9
9
9
9
9
9
9
9
9
9
9
9
9
9
9
9
9
9
9
9
9
9
9
9
9
9
9
9
9
9
9
9
9
9
9
9
9
9
9
9
9
9
9
9
9
9
9
9
9
9
9
9
9
9
9
9
9
9
9
9
9
9
9
9
9
9
9
9
9
9
9
9
9
9
9
9
9
9
9
9
9
9
9
9
9
9
9
9
9
9
9
9
9
9
9
9
9
9
9
9
9
9
9
9
9
9
9
9
9
9
9
9
9
9
9
9
9
9
9
9
9
9
9
9
9
9
9
9
9
9
9
9
9
9
9
9
9
9
9
9
9
9
9
9
9
9
9
9
9
9
9
9
9
9
9
9
9
9
9
9
9
9
9
9
9
9
9
9
9
9
9
9
9
9
9
9
9
9
9
9
9
9
9
9
9
9
9
9
9
9
9
9
9
9
9
9
9
9
9
9
9
9
9
9
9
9
9
9
9
9
9
9
9
9
9
9
9
9
9
9
9
9
9
9
9
9
9
9
9
9
9
9
9
9
9
9
9
9
9
9
9
9
9
9
9
9
9
9
9
9
9
9
9
9
9
9
9
9
9
9
9
9
9
9
9
9
9
9
9
9
9
9
9
9
9
9
9
9
9
9
9
9
9
9
9
9
9
9
9
9
9
9
9
9
9
9
9
9
9
9
9
9
9
9
9
9
9
9
9
9
9
9
9
9
9
9
9
9
9
9
9
9
9
9
9
9
9
9
9
9
9
9
9
9
9
9
9
9
9
9
9
9
9
9
9
9
9
9
9
9
9
9
9
9
9
9
9
9
9
9
9
9
9
9
9
9
9
9
9
9
9
9
9
9
9
9
9
9
9
9
9
9
9
9
9
9
9
9
9
9
9
9
9
9
9
9
9
9
9
9
9
9
9
9
9
9
9
9
9
9
9
9
9
9
9
9
9
9
9
9
9
9
9
9
9
9
9
9
9
9
9
9
9
9
9
9
9
9
9
9
9
9
9
9
9
9
9
9
9
9
9
9
9
9
9
9
9
9
9
9
9
9
9
9
9
9
9
9
9
9
9
9
9
9
9
9
9
9
9
9
9
9
9
9
9
9
9
9
9
9
9
9
9
9
9
9
9
9
9
9
9
9
9
9
9
9
9
9
9
9
9
9
9
9
9
9
9
9
9
9
9
9
9
9
9
9
9
9
9
9
9
9
9
9
9
9
9
9
9
9
9
9
9
9
9
9
9
9
9
9
9
9
9
9
9
9
9
9
9
9
9
9
9
9
9
9
9
9
9
9
9
9
9
9
9
9
9
9
9
9
9
9
9
9
9
9
9
9
9
9
9
9
9
9
9
9
9
9
9
9
9
9
9
9
9
9
9
9
9
9
9
9
9
9
9
9
9
9
9
9
9
9
9
9
9
9
9
9
9
9
9
9
9
9
9
9
9
9
9
9
9
9
9
9
9
9
9
9
9
9
9
9
9
9
9
9
9
9
9
9
9
9
9
9
9
9
9
9
9
9
9
9
9
9
9
9
9
9
9
9
9
9
9
9
9
9
9
9
9
9
9
9
9
9
9
9
9
9
9
9
9
9
9
9
9
9
9
9
9
9
9
9
9
9
9
9
9
9
9
9
9
9
9
9
9
9
9
9
9
9
9
9
9
9
9
9
9
9
9
9
9
9
9
9
9
9
9
9
9
9
9
9
9
9
9
9
9
9
9
9
9
9
9
9
9
9
9
9
9
9
9
9
9
9
9
9
9
9
9
9
9
9
9
9
9
9
9
9
9
9
9
9
9
9
9
9
9
9
9
9
9
9
9
9
9
9
9
9
9
9
9
9
9
9
9
9
9
9
9
9
9
9
9
9
9
9
9
9
9
9
9
9
9
9
9
9
9
9
9
9
9
9
9
9
9
9
9
9
9
9
9
9
9
9
9
9
9
9
9
9
9
9
9
9
9
9
9
9
9
9
9
9
9
9
9
9
9
9
9
9
9
9
9
9
9
9
9
9
9
9
9
9
9
9
9
9
9
9
9
9
9
9
9
9
9
9
9
9
9
9
9
9
9
9
9
9
9
9
9
9
9
9
9
9
9
9
9
9
9
9
9
9
9
9
9
9
9
9
9
9
9
9
9
9
9
9
9
9
9
9
9
9
9
9
9
9
9
9
9
9
9
9
9
9
9
9
9
9
9
9
9
9
9
9
9
9
9
9
9
9
9
9
9
9
9
9
9
9
9
9
9
9
9
9
9
9
9
9
9
9
9
9
9
9
9
9
9
9
9
9
9
9
9
9
9
9
9
9
9
9
9
9
9
9
9
9
9
9
9
9
9
9
9
9
9
9
9
9
9
9
9
9
9
9
9
9
9
9
9
9
9
9
9
9
9
9
9
9
9
9
9
9
9
9
9
9
9
9
9
9
9
9
9
9
9
9
9
9
9
9
9
9
9
9
9
9
9
9
9
9
9
9
9
9
9
9
9
9
9
9
9
9
9
9
9
9
9
9
9
9
9
9
9
9
9
9
9
9
9
9
9
9
9
9
9
9
9
9
9
9
9
9
9
9
9
9
9
9
9
9
9
9
9
9
9
9
9
9
9
9
9
9
9
9
9
9
9
9
9
9
9
9
9
9
9
9
9
9
9
9
9
9
9
9
9
9
9
9
9
9
9
9
9
9
9
9
9
9
9
9
9
9
9
9
9
9
9
9
9
9
9
9
9
9
9
9
9
9
9
9
9
9
9
9
9
9
9
9
9
9
9
9
9
9
9
9
9
9
9
9
9
9
9
9
9
9
9
9
9
9
9
9
9
9
9
9
9
9
9
9
9
9
9
9
9
9
9
9
9
9
9
9
9
9
9
9
9
9
9
9
9
9
9
9
9
9
9
9
9
9
9
9
9
9
9
9
9
9
9
9
9
9
9
9
9
9
9
9
9
9
9
9
9
9
9
9
9
9
9
9
9
9
9
9
9
9
9
9
9
9
9
9
9
9
9
9
9
9
9
9
9
9
9
9
9
9
9
9
9
9
9
9
9
9
9
9
9
9
9
9
9
9
9
9
9
9
9
9
9
9
9
9
9
9
9
9
9
9
9
9
9
9
9
9
9
9
9
9
9
9
9
9
9
9
9
9
9
9
9
9
9
9
9
9
9
9
9
9
9
9
9
9
9
9
9
9
9
9
9
9
9
9
9
9
9
9
9
9
9
9
9
9
9
9
9
9
9
9
9
9
9
9
9
9
9
9
9
9
9
9
9
9
9
9
9
9
9
9
9
9
9
9
9
9
9
9
9
9
9
9
9
9
9
9
9
9
9
9
9
9
9
9
9
9
9
9
9
9
9
9
9
9
9
9
9
9
9
9
9
9
9
9
9
9
9
9
9
9
9
9
9
9
9
9
9
9
9
9
9
9
9
9
9
9
9
9
9
9
9
9
9
9
9
9
9
9
9
9
9
9
9
9
9
9
9
9
9
9
9
9
9
9
9
9
9
9
9
9
9
9
9
9
9
9
9
9
9
9
9
9
9
9
9
9
9
9
9
9
9
9
9
9
9
9
9
9
9
9
9
9
9
9
9
9
9
9
9
9
9
9
9
9
9
9
9
9
9
9
9
9
9
9
9
9
9
9
9
9
9
9
9
9
9
9
9
9
9
9
9
9
9
9
9
9
9
9
9
9
9
9
9
9
9
9
9
9
9
9
9
9
9
9
9
9
9
9
9
9
9
9
9
9
9
9
9
9
9
9
9
9
9
9
9
9
9
9
9
9
9
9
9
9
9
9
9
9
9
9
9
9
9
9
9
9
9
9
9
9
9
9
9
9
9
9
9
9
9
9
9
9
9
9
9
9
9
9
9
9
9
9
9
9
9
9
9
9
9
9
9
9
9
9
9
9
9
9
9
9
9
9
9
9
9
9
9
9
9
9
9
9
9
9
9
9
9
9
9
9
9
9
9
9
9
9
9
9
9
9
9
9
9
9
9
9
9
9
9
9
9
9
9
9
9
9
9
9
9
9
9
9
9
9
9
9
9
9
9
9
9
9
9
9
9
9
9
9
9
9
9
9
9
9
9
9
9
9
9
9
9
9
9
9
9
9
9
9
9
9
9
9
9
9
9
9
9
9
9
9
9
9
9
9
9
9
9
9
9
9
9
9
9
9
9
9
9
9
9
9
9
9
9
9
9
9
9
9
9
9
9
9
9
9
9
9
9
9
9
9
9
9
9
9
9
9
9
9
9
9
9
9
9
9
9
9
9
9
9
9
9
9
9
9
9
9
9
9
9
9
9
9
9
9
9
9
9
9
9
9
9
9
9
9
9
9
9
9
9
9
9
9
9
9
9
9
9
9
9
9
9
9
9
9
9
9
9
9
9
9
9
9
9
9
9
9
9
9
9
9
9
9
9
9
9
9
9
9
9
9
9
9
9
9
9
9
9
9
9
9
9
9
9
9
9
9
9
9
9
9
9
9
9
9
9
9
9
9
9
9
9
9
9
9
9
9
9
9
9
9
9
9
9
9
9
9
9
9
9
9
9
9
9
9
9
9
9
9
9
9
9
9
9
9
9
9
9
9
9
9
9
9
9
9
9
9
9
9
9
9
9
9
9
9
9
9
9
9
9
9
9
9
9
9
9
9
9
9
9
9
9
9
9
9
9
9
9
9
9
9
9
9
9
9
9
9
9
9
9
9
9
9
9
9
9
9
9
9
9
9
9
9
9
9
9
9
9
9
9
9
9
9
9
9
9
9
9
9
9
9
9
9
9
9
9
9
9
9
9
9
9
9
9
9
9
9
9
9
9
9
9
9
9
9
9
9
9
9
9
9
9
9
9
9
9
9
9
9
9
9
9
9
9
9
9
9
9
9
9
9
9
9
9
9
9
9
9
9
9
9
9
9
9
9
9
9
9
9
9
9
9
9
9
9
9
9
9
9
9
9
9
9
9
9
9
9
9
9
9
9
9
9
9
9
9
9
9
9
9
9
9
9
9
9
9
9
9
9
9
9
9
9
9
9
9
9
9
9
9
9
9
9
9
9
9
9
9
9
9
9
9
9
9
9
9
9
9
9
9
9
9
9
9
9
9
9
9
9
9
9
9
9
9
9
9
9
9
9
9
9
9
9
9
9
9
9
9
9
9
9
9
9
9
9
9
9
9
9
9
9
9
9
9
9
9
9
9
9
9
9
9
9
9
9
9
9
9
9
9
9
9
9
9
9
9
9
9
9
9
9
9
9
9
9
9
9
9
9
9
9
9
9
9
9
9
9
9
9
9
9
9
9
9
9
9
9
9
9
9
9
9
9
9
9
9
9
9
9
9
9
9
9
9
9
9
9
9
9
9
9
9
9
9
9
9
9
9
9
9
9
9
9
9
9
9
9
9
9
9
9
9
9
9
9
9
9
9
9
9
9
9
9
9
9
9
9
9
9
9
9
9
9
9
9
9
9
9
9
9
9
9
9
9
9
9
9
9
9
9
9
9
9
9
9
9
9
9
9
9
9
9
9
9
9
9
9
9
9
9
9
9
9
9
9
9
9
9
9
9
9
9
9
9
9
9
9
9
9
9
9
9
9
9
9
9
9
9
9
9
9
9
9
9
9
9
9
9
9
9
9
9
9
9
9
9
9
9
9
9
9
9
9
9
9
9
9
9
9
9
9
9
9
9
9
9
9
9
9
9
9
9
9
9
9
9
9
9
9
9
9
9
9
9
9
9
9
9
9
9
9
9
9
9
9
9
9
9
9
9
9
9
9
9
9
9
9
9
9
9
9
9
9
9
9
9
9
9
9
9
9
9
9
9
9
9
9
9
9
9
9
9
9
9
9
9
9
9
9
9
9
9
9
9
9
9
9
9
9
9
9
9
9
9
9
9
9
9
9
9
9
9
9
9
9
9
9
9
9
9
9
9
9
9
9
9
9
9
9
9
9
9
9
9
9
9
9
9
9
9
9
9
9
9
9
9
9
9
9
9
9
9
9
9
9
9
9
9
9
9
9
9
9
9
9
9
9
9
9
9
9
9
9
9
9
9
9
9
9
9
9
9
9
9
9
9
9
9
9
9
9
9
9
9
9
9
9
9
9
9
9
9
9
9
9
9
9
9
9
9
9
9
9
9
9
9
9
9
9
9
9
9
9
9
9
9
9
9
9
9
9
9
9
9
9
9
9
9
9
9
9
9
9
9
9
9
9
9
9
9
9
9
9
9
9
9
9
9
9
9
9
9
9
9
9
9
9
9
9
9
9
9
9
9
9
9
9
9
9
9
9
9
9
9
9
9
9
9
9
9
9
9
9
9
9
9
9
9
9
9
9
9
9
9
9
9
9
9
9
9
9
9
9
9
9
9
9
9
9
9
9
9
9
9
9
9
9
9
9
9
9
9
9
9
9
9
9
9
9
9
9
9
9
9
9
9
9
9
9
9
9
9
9
9
9
9
9
9
9
9
9
9
9
9
9
9
9
9
9
9
9
9
9
9
9
9
9
9
9
9
9
9
9
9
9
9
9
9
9
9
9
9
9
9
9
9
9
9
9
9
9
9
9
9
9
9
9
9
9
9
9
9
9
9
9
9
9
9
9
9
9
9
9
9
9
9
9
9
9
9
9
9
9
9
9
9
9
9
9
9
9
9
9
9
9
9
9
9
9
9
9
9
9
9
9
9
9
9
9
9
9
9
9
9
9
9
9
9
9
9
9
9
9
9
9
9
9
9
9
9
9
9
9
9
9
9
9
9
9
9
9
9
9
9
9
9
9
9
9
9
9
9
9
9
9
9
9
9
9
9
9
9
9
9
9
9
9
9
9
9
9
9
9
9
9
9
9
9
9
9
9
9
9
9
9
9
9
9
9
9
9
9
9
9
9
9
9
9
9
9
9
9
9
9
9
9
9
9
9
9
9
9
9
9
9
9
9
9
9
9
9
9
9
9
9
9
9
9
9
9
9
9
9
9
9
9
9
9
9
9
9
9
9
9
9
9
9
9
9
9
9
9
9
9
9
9
9
9
9
9
9
9
9
9
9
9
9
9
9
9
9
9
9
9
9
9
9
9
9
9
9
9
9
9
9
9
9
9
9
9
9
9
9
9
9
9
9
9
9
9
9
9
9
9
9
9
9
9
9
9
9
9
9
9
9
9
9
9
9
9
9
9
9
9
9
9
9
9
9
9
9
9
9
9
9
9
9
9
9
9
9
9
9
9
9
9
9
9
9
9
9
9
9
9
9
9
9
9
9
9
9
9
9
9
9
9
9
9
9
9
9
9
9
9
9
9
9
9
9
9
9
9
9
9
9
9
9
9
9
9
9
9
9
9
9
9
9
9
9
9
9
9
9
9
9
9
9
9
9
9
9
9
9
9
9
9
9
9
9
9
9
9
9
9
9
9
9
9
9
9
9
9
9
9
9
9
9
9
9
9
9
9
9
9
9
9
9
9
9
9
9
9
9
9
9
9
9
9
9
9
9
9
9
9
9
9
9
9
9
9
9
9
9
9
9
9
9
9
9
9
9
9
9
9
9
9
9
9
9
9
9
9
9
9
9
9
9
9
9
9
9
9
9
9
9
9
9
9
9
9
9
9
9
9
9
9
9
9
9
9
9
9
9
9
9
9
9
9
9
9
9
9
9
9
9
9
9
9
9
9
9
9
9
9
9
9
9
9
9
9
9
9
9
9
9
9
9
9
9
9
9
9
9
9
9
9
9
9
9
9
9
9
9
9
9
9
9
9
9
9
9
9
9
9
9
9
9
9
9
9
9
9
9
9
9
9
9
9
9
9
9
9
9
9
9
9
9
9
9
9
9
9
9
9
9
9
9
9
9
9
9
9
9
9
9
9
9
9
9
9
9
9
9
9
9
9
9
9
9
9
9
9
9
9
9
9
9
9
9
9
9
9
9
9
9
9
9
9
9
9
9
9
9
9
9
9
9
9
9
9
9
9
9
9
9
9
9
9
9
9
9
9
9
9
9
9
9
9
9
9
9
9
9
9
9
9
9
9
9
9
9
9
9
9
9
9
9
9
9
9
9
9
9
9
9
9
9
9
9
9
9
9
9
9
9
9
9
9
9
9
9
9
9
9
9
9
9
9
9
9
9
9
9
9
9
9
9
9
9
9
9
9
9
9
9
9
9
9
9
9
9
9
9
9
9
9
9
9
9
9
9
9
9
9
9
9
9
9
9
9
9
9
9
9
9
9
9
9
9
9
POINT_DATA 4225
FIELD FieldData 5
DISPLACEMENT 3 4225  float
0.0000000e+00 0.0000000e+00 0.0000000e+00 
0.0000000e+00 0.0000000e+00 0.0000000e+00 
1.8472875e-03 1.0939362e-02 0.0000000e+00 
0.0000000e+00 0.0000000e+00 0.0000000e+00 
2.0529432e-03 1.1481543e-02 0.0000000e+00 
3.7757780e-03 2.2980796e-02 0.0000000e+00 
0.0000000e+00 0.0000000e+00 0.0000000e+00 
2.1324547e-03 1.1829976e-02 0.0000000e+00 
4.0054470e-03 2.3577509e-02 0.0000000e+00 
0.0000000e+00 0.0000000e+00 0.0000000e+00 
2.1911913e-03 1.2109839e-02 0.0000000e+00 
5.7269251e-03 3.5369772e-02 0.0000000e+00 
4.1652289e-03 2.4085652e-02 0.0000000e+00 
0.0000000e+00 0.0000000e+00 0.0000000e+00 
2.2476120e-03 1.2349369e-02 0.0000000e+00 
5.9799305e-03 3.6009543e-02 0.0000000e+00 
4.3066856e-03 2.4522845e-02 0.0000000e+00 
7.7043879e-03 4.7926236e-02 0.0000000e+00 
6.2161977e-03 3.6585007e-02 0.0000000e+00 
0.0000000e+00 0.0000000e+00 0.0000000e+00 
2.3087454e-03 1.2557511e-02 0.0000000e+00 
4.4536972e-03 2.4903048e-02 0.0000000e+00 
8.0223028e-03 4.8580237e-02 0.0000000e+00 
6.4644050e-03 3.7096374e-02 0.0000000e+00 
0.0000000e+00 0.0000000e+00 0.0000000e+00 
2.3767583e-03 1.2735681e-02 0.0000000e+00 
4.6143667e-03 2.5228603e-02 0.0000000e+00 
9.7627761e-03 6.0510583e-02 0.0000000e+00 
8.3722072e-03 4.9179837e-02 0.0000000e+00 
6.7358939e-03 3.7539024e-02 0.0000000e+00 
0.0000000e+00 0.0000000e+00 0.0000000e+00 
2.4517111e-03 1.2882496e-02 0.0000000e+00 
1.0204080e-02 6.1166260e-02 0.0000000e+00 
8.7633422e-03 4.9709946e-02 0.0000000e+00 
4.7902889e-03 2.5497332e-02 0.0000000e+00 
7.0332265e-03 3.7907336e-02 0.0000000e+00 
1.0715048e-02 6.1761495e-02 0.0000000e+00 
1.1974174e-02 7.3039621e-02 0.0000000e+00 
0.0000000e+00 0.0000000e+00 0.0000000e+00 
2.5326356e-03 1.2995721e-02 0.0000000e+00 
9.1958223e-03 5.0157923e-02 0.0000000e+00 
4.9799210e-03 2.5705475e-02 0.0000000e+00 
7.3539498e-03 3.8195051e-02 0.0000000e+00 
1.2600228e-02 7.3690005e-02 0.0000000e+00 
1.1289806e-02 6.2274922e-02 0.0000000e+00 
9.6645374e-03 5.0512869e-02 0.0000000e+00 
0.0000000e+00 0.0000000e+00 0.0000000e+00 
2.6180695e-03 1.3073142e-02 0.0000000e+00 
5.1802369e-03 2.5849171e-02 0.0000000e+00 
1.3320054e-02 7.4264221e-02 0.0000000e+00 
1.4415320e-02 8.5471116e-02 0.0000000e+00 
7.6931468e-03 3.8396314e-02 0.0000000e+00 
1.1918209e-02 6.2689669e-02 0.0000000e+00 
1.0161693e-02 5.0765827e-02 0.0000000e+00 
0.0000000e+00 0.0000000e+00 0.0000000e+00 
2.7063396e-03 1.3112945e-02 0.0000000e+00 
1.5281687e-02 8.6113803e-02 0.0000000e+00 
1.4116101e-02 7.4738890e-02 0.0000000e+00 
5.3875721e-03 2.5925152e-02 0.0000000e+00 
1.2588020e-02 6.2992655e-02 0.0000000e+00 
8.0448221e-03 3.8506277e-02 0.0000000e+00 
1.0678316e-02 5.0909787e-02 0.0000000e+00 
1.6251802e-02 8.6658329e-02 0.0000000e+00 
1.7158305e-02 9.7797699e-02 0.0000000e+00 
1.4969998e-02 7.5096279e-02 0.0000000e+00 
2.7957195e-03 1.3113857e-02 0.0000000e+00 
0.0000000e+00 0.0000000e+00 0.0000000e+00 
5.5980855e-03 2.5931032e-02 0.0000000e+00 
1.3286267e-02 6.3173994e-02 0.0000000e+00 
8.4026763e-03 3.8521368e-02 0.0000000e+00 
1.8309869e-02 9.8433271e-02 0.0000000e+00 
1.7299615e-02 8.7082349e-02 0.0000000e+00 
1.1205177e-02 5.0939638e-02 0.0000000e+00 
1.5863597e-02 7.5323239e-02 0.0000000e+00 
2.8845205e-03 1.3075178e-02 0.0000000e+00 
0.0000000e+00 0.0000000e+00 0.0000000e+00 
1.4000108e-02 6.3226640e-02 0.0000000e+00 
5.8080088e-03 2.5865385e-02 0.0000000e+00 
1.9561769e-02 9.8945267e-02 0.0000000e+00 
8.7605380e-03 3.8439348e-02 0.0000000e+00 
1.8400667e-02 8.7369420e-02 0.0000000e+00 
2.0265276e-02 1.1004063e-01 0.0000000e+00 
1.6779628e-02 7.5410433e-02 0.0000000e+00 
1.1733333e-02 5.0852101e-02 0.0000000e+00 
1.4717350e-02 6.3145965e-02 0.0000000e+00 
2.0882284e-02 9.9314310e-02 0.0000000e+00 
2.9711388e-03 1.2996732e-02 0.0000000e+00 
2.1733740e-02 1.1067166e-01 0.0000000e+00 
0.0000000e+00 0.0000000e+00 0.0000000e+00 
6.0137785e-03 2.5727715e-02 0.0000000e+00 
1.9532435e-02 8.7507889e-02 0.0000000e+00 
9.1125909e-03 3.8259257e-02 0.0000000e+00 
1.7702073e-02 7.5351730e-02 0.0000000e+00 
1.2254417e-02 5.0645575e-02 0.0000000e+00 
2.3287231e-02 1.1115248e-01 0.0000000e+00 
2.2242934e-02 9.9526674e-02 0.0000000e+00 
2.3785451e-02 1.2224439e-01 0.0000000e+00 
1.5426726e-02 6.2929548e-02 0.0000000e+00 
2.0674495e-02 8.7490045e-02 0.0000000e+00 
3.0540852e-03 1.2878831e-02 0.0000000e+00 
0.0000000e+00 0.0000000e+00 0.0000000e+00 
6.2121055e-03 2.5518378e-02 0.0000000e+00 
9.4534904e-03 3.7981309e-02 0.0000000e+00 
1.8616363e-02 7.5143687e-02 0.0000000e+00 
1.2760789e-02 5.0319966e-02 0.0000000e+00 
2.4890799e-02 1.1146780e-01 0.0000000e+00 
2.5588417e-02 1.2287473e-01 0.0000000e+00 
2.3618368e-02 9.9573225e-02 0.0000000e+00 
1.6118037e-02 6.2576808e-02 0.0000000e+00 
2.1808561e-02 8.7311409e-02 0.0000000e+00 
3.1319938e-03 1.2722188e-02 0.0000000e+00 
6.4000003e-03 2.5238473e-02 0.0000000e+00 
0.0000000e+00 0.0000000e+00 0.0000000e+00 
1.9509453e-02 7.4785143e-02 0.0000000e+00 
9.7784065e-03 3.7606750e-02 0.0000000e+00 
2.7451063e-02 1.2332863e-01 0.0000000e+00 
2.6513794e-02 1.1160749e-01 0.0000000e+00 
2.7753700e-02 1.3447192e-01 0.0000000e+00 
2.4986217e-02 9.9448599e-02 0.0000000e+00 
1.3245581e-02 4.9876481e-02 0.0000000e+00 
2.2918444e-02 8.6970210e-02 0.0000000e+00 
1.6782174e-02 6.2088780e-02 0.0000000e+00 
2.9337252e-02 1.2359553e-01 0.0000000e+00 
2.8129485e-02 1.1156557e-01 0.0000000e+00 
3.2036272e-03 1.2527864e-02 0.0000000e+00 
2.9894751e-02 1.3510616e-01 0.0000000e+00 
6.5747802e-03 2.4889734e-02 0.0000000e+00 
2.0369787e-02 7.4276872e-02 0.0000000e+00 
0.0000000e+00 0.0000000e+00 0.0000000e+00 
1.0083033e-02 3.7137721e-02 0.0000000e+00 
2.6326880e-02 9.9150501e-02 0.0000000e+00 
1.3702698e-02 4.9317468e-02 0.0000000e+00 
2.3989936e-02 8.6466923e-02 0.0000000e+00 
1.7411109e-02 6.1467867e-02 0.0000000e+00 
3.1215757e-02 1.2366929e-01 0.0000000e+00 
3.2062087e-02 1.3553938e-01 0.0000000e+00 
2.9714676e-02 1.1133946e-01 0.0000000e+00 
3.2190084e-02 1.4680050e-01 0.0000000e+00 
2.1187244e-02 7.3621228e-02 0.0000000e+00 
2.7623318e-02 9.8679177e-02 0.0000000e+00 
3.2678735e-03 1.2297206e-02 0.0000000e+00 
6.7340578e-03 2.4474423e-02 0.0000000e+00 
0.0000000e+00 0.0000000e+00 0.0000000e+00 
1.0363562e-02 3.6577102e-02 0.0000000e+00 
1.4126790e-02 4.8646212e-02 0.0000000e+00 
2.5010679e-02 8.5803851e-02 0.0000000e+00 
3.4220044e-02 1.3576593e-01 0.0000000e+00 
3.3059716e-02 1.2354741e-01 0.0000000e+00 
3.4659512e-02 1.4744353e-01 0.0000000e+00 
1.7997822e-02 6.0717609e-02 0.0000000e+00 
3.1249367e-02 1.1092934e-01 0.0000000e+00 
2.8860815e-02 9.8036915e-02 0.0000000e+00 
2.1953031e-02 7.2821915e-02 0.0000000e+00 
6.8757259e-03 2.3995237e-02 0.0000000e+00 
3.3237406e-03 1.2031782e-02 0.0000000e+00 
1.0616660e-02 3.5928391e-02 0.0000000e+00 
0.0000000e+00 0.0000000e+00 0.0000000e+00 
3.6338128e-02 1.3578381e-01 0.0000000e+00 
3.7115764e-02 1.4786352e-01 0.0000000e+00 
3.4846116e-02 1.2323031e-01 0.0000000e+00 
1.4513193e-02 4.7866777e-02 0.0000000e+00 
2.5970004e-02 8.4984824e-02 0.0000000e+00 
3.7100039e-02 1.5931804e-01 0.0000000e+00 
3.2716401e-02 1.1033765e-01 0.0000000e+00 
1.8536236e-02 5.9842486e-02 0.0000000e+00 
3.0026743e-02 9.7227722e-02 0.0000000e+00 
2.2659572e-02 7.1883731e-02 0.0000000e+00 
3.8390398e-02 1.3559408e-01 0.0000000e+00 
3.9524943e-02 1.4805959e-01 0.0000000e+00 
3.6555357e-02 1.2272079e-01 0.0000000e+00 
6.9979373e-03 2.3455217e-02 0.0000000e+00 
3.9875977e-02 1.5997483e-01 0.0000000e+00 
3.3703484e-03 1.1733341e-02 0.0000000e+00 
1.0839425e-02 3.5195582e-02 0.0000000e+00 
2.6858767e-02 8.4014900e-02 0.0000000e+00 
0.0000000e+00 0.0000000e+00 0.0000000e+00 
1.4857876e-02 4.6983875e-02 0.0000000e+00 
3.4101158e-02 1.0956865e-01 0.0000000e+00 
1.9021118e-02 5.8847751e-02 0.0000000e+00 
3.1110348e-02 9.6256927e-02 0.0000000e+00 
4.1858342e-02 1.4803386e-01 0.0000000e+00 
4.0354855e-02 1.3520020e-01 0.0000000e+00 
2.3300381e-02 7.0812359e-02 0.0000000e+00 
4.2595088e-02 1.6038965e-01 0.0000000e+00 
3.8170815e-02 1.2202353e-01 0.0000000e+00 
4.2474952e-02 1.7212008e-01 0.0000000e+00 
7.0990794e-03 2.2857670e-02 0.0000000e+00 
2.7669189e-02 8.2900144e-02 0.0000000e+00 
1.1029349e-02 3.4383070e-02 0.0000000e+00 
3.5391241e-02 1.0862806e-01 0.0000000e+00 
3.4069207e-03 1.1403766e-02 0.0000000e+00 
1.5157375e-02 4.6002727e-02 0.0000000e+00 
0.0000000e+00 0.0000000e+00 0.0000000e+00 
1.9448005e-02 5.7739269e-02 0.0000000e+00 
4.4091746e-02 1.4779080e-01 0.0000000e+00 
4.5226224e-02 1.6056618e-01 0.0000000e+00 
4.2212971e-02 1.3460755e-01 0.0000000e+00 
3.2102518e-02 9.5130995e-02 0.0000000e+00 
4.5524742e-02 1.7279534e-01 0.0000000e+00 
2.3869950e-02 6.9614202e-02 0.0000000e+00 
3.9678488e-02 1.2114477e-01 0.0000000e+00 
3.6576219e-02 1.0752275e-01 0.0000000e+00 
2.8394688e-02 8.1647433e-02 0.0000000e+00 
7.1777543e-03 2.2206109e-02 0.0000000e+00 
1.1184273e-02 3.3495542e-02 0.0000000e+00 
3.4327768e-03 1.1045041e-02 0.0000000e+00 
4.6204858e-02 1.4733678e-01 0.0000000e+00 
4.7743224e-02 1.6051036e-01 0.0000000e+00 
1.5408733e-02 4.4928949e-02 0.0000000e+00 
4.3949198e-02 1.3382305e-01 0.0000000e+00 
4.8471592e-02 1.7321326e-01 0.0000000e+00 
0.0000000e+00 0.0000000e+00 0.0000000e+00 
1.9813104e-02 5.6523398e-02 0.0000000e+00 
3.2995600e-02 9.3857244e-02 0.0000000e+00 
4.8292968e-02 1.8530694e-01 0.0000000e+00 
4.1066650e-02 1.2009194e-01 0.0000000e+00 
2.4363630e-02 6.8296209e-02 0.0000000e+00 
3.7647363e-02 1.0626054e-01 0.0000000e+00 
2.9029742e-02 8.0264255e-02 0.0000000e+00 
5.0124254e-02 1.6022988e-01 0.0000000e+00 
4.8180737e-02 1.4667967e-01 0.0000000e+00 
5.1287781e-02 1.7338163e-01 0.0000000e+00 
4.5550596e-02 1.3285482e-01 0.0000000e+00 
1.1302351e-02 3.2537930e-02 0.0000000e+00 
7.2327540e-03 2.1504194e-02 0.0000000e+00 
5.1574681e-02 1.8600509e-01 0.0000000e+00 
1.5609438e-02 4.3768466e-02 0.0000000e+00 
3.4473210e-03 1.0659219e-02 0.0000000e+00 
3.3783194e-02 9.2443675e-02 0.0000000e+00 
2.0113215e-02 5.5206865e-02 0.0000000e+00 
0.0000000e+00 0.0000000e+00 0.0000000e+00 
4.2325545e-02 1.1887341e-01 0.0000000e+00 
2.4777515e-02 6.6865794e-02 0.0000000e+00 
5.2351188e-02 1.5973377e-01 0.0000000e+00 
5.3950258e-02 1.7330980e-01 0.0000000e+00 
3.8597424e-02 1.0484996e-01 0.0000000e+00 
5.0005350e-02 1.4582850e-01 0.0000000e+00 
2.9569739e-02 7.8758605e-02 0.0000000e+00 
5.4706413e-02 1.8643421e-01 0.0000000e+00 
4.7006454e-02 1.3171194e-01 0.0000000e+00 
5.4520015e-02 1.9898152e-01 0.0000000e+00 
1.1382010e-02 3.1515315e-02 0.0000000e+00 
7.2630392e-03 2.0755688e-02 0.0000000e+00 
1.5757367e-02 4.2527422e-02 0.0000000e+00 
3.4459993e-02 9.0898827e-02 0.0000000e+00 
4.3447118e-02 1.1749830e-01 0.0000000e+00 
3.4500347e-03 1.0248397e-02 0.0000000e+00 
2.0345652e-02 5.3796683e-02 0.0000000e+00 
0.0000000e+00 0.0000000e+00 0.0000000e+00 
5.6439981e-02 1.7300835e-01 0.0000000e+00 
5.4409083e-02 1.5903223e-01 0.0000000e+00 
2.5108352e-02 6.5330692e-02 0.0000000e+00 
5.7664312e-02 1.8660568e-01 0.0000000e+00 
5.1667150e-02 1.4479317e-01 0.0000000e+00 
3.9420426e-02 1.0330010e-01 0.0000000e+00 
5.7983998e-02 1.9970645e-01 0.0000000e+00 
4.8307981e-02 1.3040420e-01 0.0000000e+00 
3.0010860e-02 7.7138841e-02 0.0000000e+00 
4.4424757e-02 1.1597629e-01 0.0000000e+00 
3.5021625e-02 8.9231648e-02 0.0000000e+00 
1.1421913e-02 3.0432900e-02 0.0000000e+00 
1.5850730e-02 4.1212130e-02 0.0000000e+00 
7.2677182e-03 1.9964423e-02 0.0000000e+00 
5.8741342e-02 1.7248879e-01 0.0000000e+00 
5.6285717e-02 1.5813616e-01 0.0000000e+00 
6.0428765e-02 1.8653189e-01 0.0000000e+00 
2.0508170e-02 5.2300073e-02 0.0000000e+00 
3.4404669e-03 9.8146955e-03 0.0000000e+00 
5.3156719e-02 1.4358427e-01 0.0000000e+00 
6.1251387e-02 2.0015439e-01 0.0000000e+00 
2.5353439e-02 6.3698880e-02 0.0000000e+00 
0.0000000e+00 0.0000000e+00 0.0000000e+00 
4.0111467e-02 1.0162047e-01 0.0000000e+00 
4.9448013e-02 1.2894194e-01 0.0000000e+00 
6.1110854e-02 2.1324719e-01 0.0000000e+00 
3.0349953e-02 7.5413607e-02 0.0000000e+00 
4.5253094e-02 1.1431746e-01 0.0000000e+00 
6.0841653e-02 1.7176329e-01 0.0000000e+00 
6.2983796e-02 1.8622591e-01 0.0000000e+00 
5.7971183e-02 1.5705712e-01 0.0000000e+00 
3.5464503e-02 8.7451369e-02 0.0000000e+00 
6.4302415e-02 2.0033981e-01 0.0000000e+00 
1.1420929e-02 2.9295962e-02 0.0000000e+00 
5.4466430e-02 1.4221290e-01 0.0000000e+00 
1.5888030e-02 3.9829016e-02 0.0000000e+00 
7.2460263e-03 1.9134263e-02 0.0000000e+00 
2.0598900e-02 5.0724402e-02 0.0000000e+00 
6.4701334e-02 2.1400222e-01 0.0000000e+00 
3.4182277e-03 9.3602482e-03 0.0000000e+00 
4.0666569e-02 9.9820867e-02 0.0000000e+00 
2.5510537e-02 6.1978519e-02 0.0000000e+00 
5.0420772e-02 1.2733588e-01 0.0000000e+00 
0.0000000e+00 0.0000000e+00 0.0000000e+00 
3.0584425e-02 7.3591754e-02 0.0000000e+00 
6.5316491e-02 1.8570134e-01 0.0000000e+00 
6.2730707e-02 1.7084445e-01 0.0000000e+00 
6.7121051e-02 2.0027757e-01 0.0000000e+00 
5.9457537e-02 1.5580706e-01 0.0000000e+00 
4.5927789e-02 1.1253221e-01 0.0000000e+00 
3.5785709e-02 8.5567459e-02 0.0000000e+00 
6.8050168e-02 2.1447597e-01 0.0000000e+00 
5.5590190e-02 1.4069049e-01 0.0000000e+00 
1.5868001e-02 3.8384564e-02 0.0000000e+00 
1.1378095e-02 2.8109813e-02 0.0000000e+00 
6.8010248e-02 2.2820608e-01 0.0000000e+00 
2.0616276e-02 4.9077135e-02 0.0000000e+00 
7.1973102e-03 1.8269084e-02 0.0000000e+00 
4.1082505e-02 9.7911343e-02 0.0000000e+00 
5.1221628e-02 1.2559702e-01 0.0000000e+00 
2.5577797e-02 6.0177900e-02 0.0000000e+00 
3.3829776e-03 8.8871839e-03 0.0000000e+00 
6.7416564e-02 1.8497208e-01 0.0000000e+00 
6.4400382e-02 1.6974525e-01 0.0000000e+00 
6.9694489e-02 1.9998288e-01 0.0000000e+00 
3.0712152e-02 7.1682267e-02 0.0000000e+00 
6.0738470e-02 1.5439822e-01 0.0000000e+00 
0.0000000e+00 0.0000000e+00 0.0000000e+00 
7.1141697e-02 2.1468535e-01 0.0000000e+00 
4.6445370e-02 1.1063114e-01 0.0000000e+00 
5.6523167e-02 1.3902870e-01 0.0000000e+00 
3.5982858e-02 8.3589531e-02 0.0000000e+00 
7.1666859e-02 2.2899385e-01 0.0000000e+00 
5.1846918e-02 1.2373654e-01 0.0000000e+00 
4.1356679e-02 9.5902093e-02 0.0000000e+00 
1.5789578e-02 3.6885314e-02 0.0000000e+00 
6.9275923e-02 1.8405218e-01 0.0000000e+00 
1.1292596e-02 2.6879780e-02 0.0000000e+00 
7.2012603e-02 1.9947104e-01 0.0000000e+00 
2.0558998e-02 4.7365807e-02 0.0000000e+00 
6.5844305e-02 1.6847883e-01 0.0000000e+00 
7.1210065e-03 1.7372765e-02 0.0000000e+00 
7.3963508e-02 2.1464731e-01 0.0000000e+00 
2.5553683e-02 5.8305386e-02 0.0000000e+00 
6.1809048e-02 1.5284297e-01 0.0000000e+00 
3.3344228e-03 8.3976183e-03 0.0000000e+00 
3.0731384e-02 6.9694236e-02 0.0000000e+00 
7.5039290e-02 2.2949953e-01 0.0000000e+00 
4.6803057e-02 1.0862501e-01 0.0000000e+00 
5.7261571e-02 1.3723934e-01 0.0000000e+00 
0.0000000e+00 0.0000000e+00 0.0000000e+00 
3.6054019e-02 8.1527300e-02 0.0000000e+00 
7.5154141e-02 2.4395753e-01 0.0000000e+00 
7.4067518e-02 1.9875740e-01 0.0000000e+00 
7.0888288e-02 1.8295583e-01 0.0000000e+00 
5.2293740e-02 1.2176576e-01 0.0000000e+00 
7.6505922e-02 2.1437868e-01 0.0000000e+00 
6.7057580e-02 1.6705839e-01 0.0000000e+00 
4.1486993e-02 9.3803413e-02 0.0000000e+00 
1.5651857e-02 3.5337813e-02 0.0000000e+00 
7.8115873e-02 2.2974193e-01 0.0000000e+00 
6.2665462e-02 1.5115383e-01 0.0000000e+00 
2.0425964e-02 4.5597982e-02 0.0000000e+00 
1.1163732e-02 2.5611192e-02 0.0000000e+00 
2.5436910e-02 5.6369413e-02 0.0000000e+00 
7.0166299e-03 1.6449165e-02 0.0000000e+00 
4.6998650e-02 1.0652465e-01 0.0000000e+00 
7.8813463e-02 2.4478002e-01 0.0000000e+00 
3.0640669e-02 6.7636825e-02 0.0000000e+00 
5.7802465e-02 1.3533431e-01 0.0000000e+00 
3.2723064e-03 7.8936508e-03 0.0000000e+00 
7.5853258e-02 1.9785716e-01 0.0000000e+00 
3.5997588e-02 7.9390578e-02 0.0000000e+00 
7.2248913e-02 1.8169710e-01 0.0000000e+00 
7.8761533e-02 2.1389616e-01 0.0000000e+00 
0.0000000e+00 0.0000000e+00 0.0000000e+00 
6.8036459e-02 1.6549717e-01 0.0000000e+00 
5.2559834e-02 1.1969607e-01 0.0000000e+00 
8.0887653e-02 2.2973950e-01 0.0000000e+00 
4.1471742e-02 9.1625661e-02 0.0000000e+00 
6.3304819e-02 1.4934330e-01 0.0000000e+00 
8.2149304e-02 2.4532279e-01 0.0000000e+00 
1.5454058e-02 3.3748616e-02 0.0000000e+00 
2.0216227e-02 4.3781258e-02 0.0000000e+00 
1.0990892e-02 2.4309367e-02 0.0000000e+00 
2.5226381e-02 5.4378442e-02 0.0000000e+00 
4.7030367e-02 1.0434096e-01 0.0000000e+00 
5.8143586e-02 1.3332553e-01 0.0000000e+00 
6.8837539e-03 1.5502119e-02 0.0000000e+00 
7.7365398e-02 1.9678544e-01 0.0000000e+00 
8.2470901e-02 2.6059693e-01 0.0000000e+00 
3.0438775e-02 6.5519236e-02 0.0000000e+00 
8.0724850e-02 2.1321614e-01 0.0000000e+00 
7.3354289e-02 1.8029003e-01 0.0000000e+00 
8.3347954e-02 2.2951035e-01 0.0000000e+00 
3.1964020e-03 7.3773609e-03 0.0000000e+00 
6.8778202e-02 1.6380833e-01 0.0000000e+00 
3.5812233e-02 7.7189200e-02 0.0000000e+00 
5.2643411e-02 1.1753885e-01 0.0000000e+00 
8.5153766e-02 2.4560602e-01 0.0000000e+00 
6.3724928e-02 1.4742383e-01 0.0000000e+00 
0.0000000e+00 0.0000000e+00 0.0000000e+00 
4.1309513e-02 8.9379251e-02 0.0000000e+00 
8.6067826e-02 2.6145533e-01 0.0000000e+00 
7.8600772e-02 1.9555712e-01 0.0000000e+00 
8.2391940e-02 2.1235478e-01 0.0000000e+00 
5.8283195e-02 1.3122490e-01 0.0000000e+00 
1.9928951e-02 4.1923247e-02 0.0000000e+00 
1.5195482e-02 3.2124277e-02 0.0000000e+00 
4.6896763e-02 1.0208488e-01 0.0000000e+00 
7.4201897e-02 1.7874850e-01 0.0000000e+00 
2.4921130e-02 5.2340973e-02 0.0000000e+00 
8.5491985e-02 2.2907217e-01 0.0000000e+00 
1.0773535e-02 2.2979610e-02 0.0000000e+00 
3.0124623e-02 6.3350715e-02 0.0000000e+00 
6.9280788e-02 1.6200493e-01 0.0000000e+00 
6.7220000e-03 1.4535444e-02 0.0000000e+00 
8.7821126e-02 2.4564923e-01 0.0000000e+00 
3.5496783e-02 7.4933052e-02 0.0000000e+00 
5.2543033e-02 1.1530552e-01 0.0000000e+00 
3.1065072e-03 6.8508047e-03 0.0000000e+00 
6.3924178e-02 1.4540790e-01 0.0000000e+00 
8.9305818e-02 2.6203930e-01 0.0000000e+00 
4.0999088e-02 8.7074637e-02 0.0000000e+00 
8.3760150e-02 2.1132787e-01 0.0000000e+00 
7.9557233e-02 1.9418684e-01 0.0000000e+00 
0.0000000e+00 0.0000000e+00 0.0000000e+00 
8.7316491e-02 2.2844212e-01 0.0000000e+00 
8.9882486e-02 2.7821454e-01 0.0000000e+00 
5.8219932e-02 1.2904429e-01 0.0000000e+00 
7.4790008e-02 1.7708622e-01 0.0000000e+00 
9.0147503e-02 2.4547137e-01 0.0000000e+00 
4.6596605e-02 9.9767327e-02 0.0000000e+00 
1.9563368e-02 4.0031582e-02 0.0000000e+00 
1.4875497e-02 3.0471368e-02 0.0000000e+00 
2.4520271e-02 5.0265536e-02 0.0000000e+00 
6.9542803e-02 1.6009995e-01 0.0000000e+00 
1.0511165e-02 2.1627208e-02 0.0000000e+00 
2.9697232e-02 6.1140560e-02 0.0000000e+00 
9.2180364e-02 2.6236987e-01 0.0000000e+00 
5.2257512e-02 1.1300749e-01 0.0000000e+00 
6.5310211e-03 1.3552931e-02 0.0000000e+00 
3.5050184e-02 7.2632067e-02 0.0000000e+00 
6.3901342e-02 1.4330782e-01 0.0000000e+00 
9.3351617e-02 2.7910930e-01 0.0000000e+00 
8.4827818e-02 2.1015084e-01 0.0000000e+00 
8.8819444e-02 2.2763699e-01 0.0000000e+00 
8.0233432e-02 1.9268896e-01 0.0000000e+00 
3.0024382e-03 6.3160174e-03 0.0000000e+00 
4.0539365e-02 8.4722295e-02 0.0000000e+00 
9.2130490e-02 2.4509074e-01 0.0000000e+00 
7.5117484e-02 1.7531669e-01 0.0000000e+00 
5.7952698e-02 1.2679556e-01 0.0000000e+00 
9.4688684e-02 2.6246718e-01 0.0000000e+00 
4.6128798e-02 9.7399287e-02 0.0000000e+00 
0.0000000e+00 0.0000000e+00 0.0000000e+00 
6.9563247e-02 1.5810621e-01 0.0000000e+00 
1.9118739e-02 3.8113918e-02 0.0000000e+00 
2.4022950e-02 4.8160702e-02 0.0000000e+00 
1.4493492e-02 2.8796457e-02 0.0000000e+00 
9.6430540e-02 2.7973750e-01 0.0000000e+00 
2.9155649e-02 5.8898099e-02 0.0000000e+00 
1.0203311e-02 2.0257454e-02 0.0000000e+00 
6.3655488e-02 1.4113586e-01 0.0000000e+00 
5.1785793e-02 1.1065614e-01 0.0000000e+00 
8.5594080e-02 2.0883876e-01 0.0000000e+00 
8.9999832e-02 2.2667301e-01 0.0000000e+00 
3.4471408e-02 7.0296235e-02 0.0000000e+00 
8.0628611e-02 1.9107760e-01 0.0000000e+00 
9.3768872e-02 2.4452502e-01 0.0000000e+00 
6.3104909e-03 1.2558359e-02 0.0000000e+00 
7.5183623e-02 1.7345326e-01 0.0000000e+00 
9.7305723e-02 2.9689476e-01 0.0000000e+00 
3.9929286e-02 8.2332753e-02 0.0000000e+00 
9.6829392e-02 2.6235059e-01 0.0000000e+00 
5.7480548e-02 1.2449049e-01 0.0000000e+00 
2.8840227e-03 5.7750186e-03 0.0000000e+00 
6.9341399e-02 1.5603639e-01 0.0000000e+00 
9.9117763e-02 2.8012049e-01 0.0000000e+00 
4.5492280e-02 9.4991736e-02 0.0000000e+00 
0.0000000e+00 0.0000000e+00 0.0000000e+00 
9.0857387e-02 2.2556597e-01 0.0000000e+00 
8.6058669e-02 2.0740636e-01 0.0000000e+00 
1.8594319e-02 3.6177970e-02 0.0000000e+00 
2.3428295e-02 4.6035111e-02 0.0000000e+00 
6.3185826e-02 1.3890418e-01 0.0000000e+00 
9.5062368e-02 2.4379128e-01 0.0000000e+00 
5.1126868e-02 1.0826287e-01 0.0000000e+00 
8.0742449e-02 1.8936659e-01 0.0000000e+00 
1.0058253e-01 2.9782557e-01 0.0000000e+00 
1.4048856e-02 2.7106145e-02 0.0000000e+00 
2.8498895e-02 5.6632742e-02 0.0000000e+00 
9.8602213e-02 2.6203871e-01 0.0000000e+00 
3.3759408e-02 6.7935593e-02 0.0000000e+00 
9.8495046e-03 1.8875642e-02 0.0000000e+00 
7.4988015e-02 1.7150903e-01 0.0000000e+00 
1.0141306e-01 2.8027862e-01 0.0000000e+00 
3.9167751e-02 7.9916589e-02 0.0000000e+00 
6.0600890e-03 1.1555494e-02 0.0000000e+00 
5.6802575e-02 1.2214085e-01 0.0000000e+00 
6.8876714e-02 1.5390305e-01 0.0000000e+00 
4.4685952e-02 9.2555717e-02 0.0000000e+00 
9.1392413e-02 2.2433119e-01 0.0000000e+00 
2.7510941e-03 5.2298144e-03 0.0000000e+00 
1.0344231e-01 2.9849985e-01 0.0000000e+00 
8.6221725e-02 2.0586796e-01 0.0000000e+00 
9.6011430e-02 2.4290605e-01 0.0000000e+00 
8.0574915e-02 1.8756947e-01 0.0000000e+00 
1.0000774e-01 2.6154947e-01 0.0000000e+00 
6.2491626e-02 1.3662490e-01 0.0000000e+00 
5.0279688e-02 1.0583910e-01 0.0000000e+00 
2.2735376e-02 4.3897483e-02 0.0000000e+00 
1.7989315e-02 3.4231514e-02 0.0000000e+00 
0.0000000e+00 0.0000000e+00 0.0000000e+00 
7.4530400e-02 1.6949689e-01 0.0000000e+00 
2.7725922e-02 5.4353993e-02 0.0000000e+00 
1.0331722e-01 2.8023139e-01 0.0000000e+00 
1.0465344e-01 3.1671530e-01 0.0000000e+00 
1.3540948e-02 2.5407091e-02 0.0000000e+00 
3.2913033e-02 6.5560289e-02 0.0000000e+00 
9.4492622e-03 1.7487096e-02 0.0000000e+00 
5.5917829e-02 1.1975837e-01 0.0000000e+00 
1.0588612e-01 2.9893890e-01 0.0000000e+00 
3.8253557e-02 7.7484474e-02 0.0000000e+00 
6.8168670e-02 1.5171860e-01 0.0000000e+00 
9.1605596e-02 2.2298354e-01 0.0000000e+00 
9.6617021e-02 2.4188523e-01 0.0000000e+00 
5.7794889e-03 1.0548113e-02 0.0000000e+00 
8.6083673e-02 2.0423757e-01 0.0000000e+00 
1.0104721e-01 2.6089999e-01 0.0000000e+00 
4.3708604e-02 9.0102315e-02 0.0000000e+00 
8.0126122e-02 1.8569952e-01 0.0000000e+00 
1.0767543e-01 3.1768113e-01 0.0000000e+00 
6.1572090e-02 1.3431007e-01 0.0000000e+00 
1.0483179e-01 2.7999741e-01 0.0000000e+00 
2.6034859e-03 4.6824045e-03 0.0000000e+00 
4.9243078e-02 1.0339629e-01 0.0000000e+00 
7.3810562e-02 1.6742963e-01 0.0000000e+00 
1.0791586e-01 2.9916292e-01 0.0000000e+00 
2.1943150e-02 4.1756663e-02 0.0000000e+00 
2.6835542e-02 5.2071489e-02 0.0000000e+00 
1.7302852e-02 3.2282431e-02 0.0000000e+00 
3.1930987e-02 6.3180603e-02 0.0000000e+00 
0.0000000e+00 0.0000000e+00 0.0000000e+00 
1.2969067e-02 2.3706019e-02 0.0000000e+00 
9.6880473e-02 2.4074422e-01 0.0000000e+00 
6.7216724e-02 1.4949535e-01 0.0000000e+00 
9.1497898e-02 2.2153747e-01 0.0000000e+00 
5.4825235e-02 1.1735480e-01 0.0000000e+00 
1.0172235e-01 2.6010680e-01 0.0000000e+00 
8.5645057e-02 2.0252883e-01 0.0000000e+00 
3.7185334e-02 7.5047195e-02 0.0000000e+00 
1.1025807e-01 3.1840229e-01 0.0000000e+00 
9.0020597e-03 1.6097186e-02 0.0000000e+00 
1.0595891e-01 2.7959445e-01 0.0000000e+00 
7.9396211e-02 1.8376981e-01 0.0000000e+00 
4.2558830e-02 8.7642737e-02 0.0000000e+00 
5.4683457e-03 9.5400121e-03 0.0000000e+00 
6.0426306e-02 1.3197166e-01 0.0000000e+00 
1.0953416e-01 2.9919115e-01 0.0000000e+00 
7.2828241e-02 1.6531977e-01 0.0000000e+00 
1.1183570e-01 3.3774692e-01 0.0000000e+00 
4.8015662e-02 1.0094593e-01 0.0000000e+00 
2.4410267e-03 4.1347933e-03 0.0000000e+00 
9.6803330e-02 2.3949787e-01 0.0000000e+00 
1.1240449e-01 3.1889960e-01 0.0000000e+00 
9.1070376e-02 2.2000700e-01 0.0000000e+00 
1.0203519e-01 2.5918579e-01 0.0000000e+00 
2.1050423e-02 3.9621651e-02 0.0000000e+00 
2.5826389e-02 4.9795032e-02 0.0000000e+00 
6.6020153e-02 1.4724553e-01 0.0000000e+00 
8.4906466e-02 2.0075512e-01 0.0000000e+00 
1.6533928e-02 3.0338747e-02 0.0000000e+00 
5.3523500e-02 1.1494194e-01 0.0000000e+00 
3.0811761e-02 6.0806975e-02 0.0000000e+00 
1.0670110e-01 2.7903959e-01 0.0000000e+00 
1.2332423e-02 2.2009777e-02 0.0000000e+00 
3.5961471e-02 7.2615705e-02 0.0000000e+00 
7.8385279e-02 1.8179312e-01 0.0000000e+00 
0.0000000e+00 0.0000000e+00 0.0000000e+00 
1.1074407e-01 2.9904196e-01 0.0000000e+00 
1.1454334e-01 3.3874607e-01 0.0000000e+00 
8.5073169e-03 1.4711367e-02 0.0000000e+00 
4.1234974e-02 8.5188307e-02 0.0000000e+00 
5.9053119e-02 1.2962165e-01 0.0000000e+00 
7.1583010e-02 1.6317976e-01 0.0000000e+00 
1.1411835e-01 3.1919280e-01 0.0000000e+00 
5.1262812e-03 8.5350340e-03 0.0000000e+00 
9.6387208e-02 2.3816061e-01 0.0000000e+00 
4.6595782e-02 9.8499671e-02 0.0000000e+00 
1.0198791e-01 2.5815222e-01 0.0000000e+00 
9.0324089e-02 2.1840578e-01 0.0000000e+00 
1.0706114e-01 2.7834916e-01 0.0000000e+00 
8.3868384e-02 1.9892949e-01 0.0000000e+00 
6.4578034e-02 1.4498128e-01 0.0000000e+00 
1.1679377e-01 3.3951378e-01 0.0000000e+00 
5.2011035e-02 1.1253160e-01 0.0000000e+00 
2.2635316e-03 3.5889987e-03 0.0000000e+00 
1.1154897e-01 2.9873282e-01 0.0000000e+00 
2.4696851e-02 4.7534648e-02 0.0000000e+00 
2.0055799e-02 3.7501674e-02 0.0000000e+00 
7.7093229e-02 1.7978212e-01 0.0000000e+00 
2.9553562e-02 5.8450069e-02 0.0000000e+00 
1.5681384e-02 2.8408676e-02 0.0000000e+00 
3.4580044e-02 7.0201151e-02 0.0000000e+00 
1.1540367e-01 3.1930065e-01 0.0000000e+00 
1.1630101e-02 2.0325365e-02 0.0000000e+00 
5.7451077e-02 1.2727210e-01 0.0000000e+00 
3.9735034e-02 8.2750544e-02 0.0000000e+00 
7.0074193e-02 1.6102190e-01 0.0000000e+00 
1.1876088e-01 3.6005297e-01 0.0000000e+00 
0.0000000e+00 0.0000000e+00 0.0000000e+00 
9.5633723e-02 2.3674636e-01 0.0000000e+00 
1.0158275e-01 2.5702083e-01 0.0000000e+00 
7.9643708e-03 1.3335201e-02 0.0000000e+00 
8.9260004e-02 2.1674713e-01 0.0000000e+00 
1.0704191e-01 2.7753878e-01 0.0000000e+00 
1.1859172e-01 3.4007010e-01 0.0000000e+00 
4.4981431e-02 9.6069276e-02 0.0000000e+00 
8.2531139e-02 1.9706474e-01 0.0000000e+00 
1.1195242e-01 2.9828042e-01 0.0000000e+00 
4.7528706e-03 7.5370860e-03 0.0000000e+00 
6.2889099e-02 1.4271477e-01 0.0000000e+00 
5.0285887e-02 1.1013575e-01 0.0000000e+00 
7.5519741e-02 1.7774922e-01 0.0000000e+00 
1.1626472e-01 3.1924099e-01 0.0000000e+00 
1.2109845e-01 3.6108303e-01 0.0000000e+00 
2.3445012e-02 4.5300655e-02 0.0000000e+00 
1.8957622e-02 3.5406217e-02 0.0000000e+00 
2.8154261e-02 5.6120839e-02 0.0000000e+00 
2.0707971e-03 3.0470646e-03 0.0000000e+00 
1.4743853e-02 2.6500680e-02 0.0000000e+00 
3.3038758e-02 6.7814946e-02 0.0000000e+00 
1.0082192e-01 2.5580582e-01 0.0000000e+00 
9.4544351e-02 2.3526864e-01 0.0000000e+00 
6.8300813e-02 1.5885842e-01 0.0000000e+00 
1.1994217e-01 3.4043410e-01 0.0000000e+00 
5.5618349e-02 1.2493501e-01 0.0000000e+00 
1.0664631e-01 2.7662346e-01 0.0000000e+00 
8.7878898e-02 2.1504401e-01 0.0000000e+00 
3.8056608e-02 8.0341198e-02 0.0000000e+00 
1.0861038e-02 1.8659987e-02 0.0000000e+00 
1.1195801e-01 2.9770073e-01 0.0000000e+00 
8.0894791e-02 1.9517344e-01 0.0000000e+00 
4.3170173e-02 9.3666703e-02 0.0000000e+00 
0.0000000e+00 0.0000000e+00 0.0000000e+00 
7.3724510e-03 1.1974409e-02 0.0000000e+00 
1.1670583e-01 3.1903079e-01 0.0000000e+00 
1.2296526e-01 3.6189595e-01 0.0000000e+00 
6.0951721e-02 1.4045808e-01 0.0000000e+00 
7.3664151e-02 1.7570673e-01 0.0000000e+00 
4.8345651e-02 1.0776647e-01 0.0000000e+00 
4.3476275e-03 6.5501761e-03 0.0000000e+00 
1.2085020e-01 3.4062380e-01 0.0000000e+00 
9.9707432e-02 2.5452095e-01 0.0000000e+00 
1.0587714e-01 2.7561769e-01 0.0000000e+00 
9.3120366e-02 2.3374061e-01 0.0000000e+00 
2.2068592e-02 4.3103721e-02 0.0000000e+00 
2.6611308e-02 5.3830575e-02 0.0000000e+00 
6.6261478e-02 1.5670149e-01 0.0000000e+00 
1.1156933e-01 2.9700905e-01 0.0000000e+00 
1.2533675e-01 3.8368931e-01 0.0000000e+00 
8.6181268e-02 2.1330911e-01 0.0000000e+00 
1.7753923e-02 3.3345118e-02 0.0000000e+00 
5.3552646e-02 1.2262256e-01 0.0000000e+00 
3.1334862e-02 6.5468840e-02 0.0000000e+00 
1.3719714e-02 2.4623536e-02 0.0000000e+00 
1.8625945e-03 2.5110787e-03 0.0000000e+00 
1.2436716e-01 3.6251080e-01 0.0000000e+00 
1.1673133e-01 3.1868625e-01 0.0000000e+00 
3.6196809e-02 7.7972308e-02 0.0000000e+00 
7.8959063e-02 1.9326797e-01 0.0000000e+00 
1.0023970e-02 1.7021118e-02 0.0000000e+00 
4.1159052e-02 9.1304168e-02 0.0000000e+00 
5.8763783e-02 1.3822341e-01 0.0000000e+00 
1.2132092e-01 3.4065634e-01 0.0000000e+00 
7.1525402e-02 1.7366683e-01 0.0000000e+00 
6.7306543e-03 1.0634917e-02 0.0000000e+00 
0.0000000e+00 0.0000000e+00 0.0000000e+00 
1.2725306e-01 3.8474736e-01 0.0000000e+00 
9.8241113e-02 2.5317949e-01 0.0000000e+00 
1.0473701e-01 2.7453536e-01 0.0000000e+00 
4.6187397e-02 1.0543604e-01 0.0000000e+00 
9.1362767e-02 2.3217505e-01 0.0000000e+00 
1.1078978e-01 2.9621994e-01 0.0000000e+00 
1.2531003e-01 3.6294562e-01 0.0000000e+00 
8.4167279e-02 2.1155486e-01 0.0000000e+00 
6.3954346e-02 1.5456323e-01 0.0000000e+00 
1.1634543e-01 3.1822273e-01 0.0000000e+00 
3.9099841e-03 5.5784443e-03 0.0000000e+00 
5.1251132e-02 1.2034702e-01 0.0000000e+00 
2.4921663e-02 5.1591001e-02 0.0000000e+00 
2.0564871e-02 4.0954955e-02 0.0000000e+00 
7.6723278e-02 1.9136049e-01 0.0000000e+00 
2.9465057e-02 6.3174978e-02 0.0000000e+00 
1.6442360e-02 3.1328645e-02 0.0000000e+00 
1.2135933e-01 3.4054795e-01 0.0000000e+00 
3.4152176e-02 7.5656258e-02 0.0000000e+00 
1.2607035e-02 2.2786414e-02 0.0000000e+00 
1.2868907e-01 3.8560322e-01 0.0000000e+00 
1.6386597e-03 1.9831890e-03 0.0000000e+00 
5.6322638e-02 1.3602296e-01 0.0000000e+00 
3.8944528e-02 8.8994190e-02 0.0000000e+00 
6.9101959e-02 1.7164160e-01 0.0000000e+00 
1.0322829e-01 2.7338988e-01 0.0000000e+00 
9.6424460e-02 2.5179434e-01 0.0000000e+00 
9.1173993e-03 1.5416575e-02 0.0000000e+00 
1.0962258e-01 2.9534751e-01 0.0000000e+00 
1.2579967e-01 3.6321759e-01 0.0000000e+00 
8.9272179e-02 2.3058444e-01 0.0000000e+00 
4.3807589e-02 1.0315700e-01 0.0000000e+00 
1.1555216e-01 3.1765509e-01 0.0000000e+00 
8.1836693e-02 2.0979342e-01 0.0000000e+00 
6.0379100e-03 9.3229152e-03 0.0000000e+00 
1.3147148e-01 4.0870440e-01 0.0000000e+00 
6.1377019e-02 1.5245581e-01 0.0000000e+00 
0.0000000e+00 0.0000000e+00 0.0000000e+00 
1.2097029e-01 3.4031418e-01 0.0000000e+00 
1.2965137e-01 3.8627478e-01 0.0000000e+00 
7.4186280e-02 1.8946306e-01 0.0000000e+00 
4.8710365e-02 1.1812087e-01 0.0000000e+00 
2.3081701e-02 4.9414359e-02 0.0000000e+00 
1.8930601e-02 3.8865995e-02 0.0000000e+00 
3.4392742e-03 4.6262075e-03 0.0000000e+00 
2.7425427e-02 6.0945973e-02 0.0000000e+00 
1.2584172e-01 3.6334294e-01 0.0000000e+00 
1.5020131e-02 2.9367585e-02 0.0000000e+00 
1.0135302e-01 2.7219421e-01 0.0000000e+00 
3.1918582e-02 7.3405877e-02 0.0000000e+00 
9.4258621e-02 2.5037798e-01 0.0000000e+00 
1.0807063e-01 2.9440522e-01 0.0000000e+00 
6.6391751e-02 1.6964310e-01 0.0000000e+00 
5.3625021e-02 1.3386908e-01 0.0000000e+00 
8.6848833e-02 2.2898094e-01 0.0000000e+00 
1.1403510e-02 2.0998979e-02 0.0000000e+00 
1.1435531e-01 3.1699735e-01 0.0000000e+00 
3.6522370e-02 8.6749636e-02 0.0000000e+00 
1.3292035e-01 4.0978697e-01 0.0000000e+00 
1.3986860e-03 1.4656261e-03 0.0000000e+00 
7.9188772e-02 2.0803680e-01 0.0000000e+00 
1.3014631e-01 3.8677901e-01 0.0000000e+00 
1.2015842e-01 3.3996981e-01 0.0000000e+00 
8.1395376e-03 1.3854597e-02 0.0000000e+00 
4.1201983e-02 1.0094216e-01 0.0000000e+00 
5.8526486e-02 1.5039138e-01 0.0000000e+00 
7.1346387e-02 1.8758759e-01 0.0000000e+00 
1.2544158e-01 3.6333710e-01 0.0000000e+00 
4.5926198e-02 1.1595678e-01 0.0000000e+00 
5.2929451e-03 8.0449330e-03 0.0000000e+00 
9.9112868e-02 2.7096090e-01 0.0000000e+00 
1.0613652e-01 2.9340607e-01 0.0000000e+00 
1.3388312e-01 4.1068265e-01 0.0000000e+00 
9.1744319e-02 2.4894258e-01 0.0000000e+00 
0.0000000e+00 0.0000000e+00 0.0000000e+00 
1.1275834e-01 3.1626311e-01 0.0000000e+00 
2.1087112e-02 4.7313504e-02 0.0000000e+00 
2.5211317e-02 5.8795024e-02 0.0000000e+00 
8.4092475e-02 2.2737648e-01 0.0000000e+00 
6.3392103e-02 1.6768333e-01 0.0000000e+00 
1.7161915e-02 3.6849115e-02 0.0000000e+00 
1.3018011e-01 3.8713199e-01 0.0000000e+00 
5.0666969e-02 1.3177428e-01 0.0000000e+00 
2.9491136e-02 7.1234509e-02 0.0000000e+00 
2.9347066e-03 3.6980095e-03 0.0000000e+00 
1.3483894e-02 2.7473362e-02 0.0000000e+00 
1.1892802e-01 3.3952892e-01 0.0000000e+00 
3.3887558e-02 8.4583834e-02 0.0000000e+00 
7.6222278e-02 2.0629676e-01 0.0000000e+00 
1.0106384e-02 1.9271491e-02 0.0000000e+00 
1.2460440e-01 3.6321482e-01 0.0000000e+00 
1.3707453e-01 4.3513939e-01 0.0000000e+00 
3.8365558e-02 9.8804720e-02 0.0000000e+00 
5.5399053e-02 1.4838223e-01 0.0000000e+00 
1.3436665e-01 4.1140807e-01 0.0000000e+00 
6.8201311e-02 1.8574589e-01 0.0000000e+00 
1.1423117e-03 9.6072978e-04 0.0000000e+00 
7.0882468e-03 1.2343958e-02 0.0000000e+00 
9.6509077e-02 2.6970202e-01 0.0000000e+00 
1.0382245e-01 2.9236260e-01 0.0000000e+00 
8.8881806e-02 2.4750000e-01 0.0000000e+00 
4.2893700e-02 1.1386771e-01 0.0000000e+00 
1.1076436e-01 3.1546530e-01 0.0000000e+00 
1.2975860e-01 3.8734895e-01 0.0000000e+00 
8.1002340e-02 2.2578271e-01 0.0000000e+00 
1.1728307e-01 3.3900505e-01 0.0000000e+00 
4.4942368e-03 6.8079215e-03 0.0000000e+00 
6.0099665e-02 1.6577430e-01 0.0000000e+00 
4.7443740e-02 1.2975122e-01 0.0000000e+00 
1.3801524e-01 4.3624258e-01 0.0000000e+00 
2.2817217e-02 5.6736000e-02 0.0000000e+00 
1.8932780e-02 4.5302030e-02 0.0000000e+00 
7.2935373e-02 2.0458497e-01 0.0000000e+00 
0.0000000e+00 0.0000000e+00 0.0000000e+00 
2.6864065e-02 6.9156073e-02 0.0000000e+00 
1.2333496e-01 3.6299011e-01 0.0000000e+00 
1.5254211e-02 3.4917373e-02 0.0000000e+00 
1.3437749e-01 4.1197890e-01 0.0000000e+00 
3.1034185e-02 8.2510598e-02 0.0000000e+00 
1.1829662e-02 2.5658179e-02 0.0000000e+00 
2.3953395e-03 2.7986839e-03 0.0000000e+00 
5.1990274e-02 1.4644071e-01 0.0000000e+00 
1.0113018e-01 2.9128686e-01 0.0000000e+00 
6.4748131e-02 1.8394975e-01 0.0000000e+00 
3.5292387e-02 9.6758254e-02 0.0000000e+00 
1.2888739e-01 3.8744444e-01 0.0000000e+00 
9.3542412e-02 2.6842940e-01 0.0000000e+00 
8.7123588e-03 1.7614951e-02 0.0000000e+00 
1.0837608e-01 3.1461644e-01 0.0000000e+00 
8.5670821e-02 2.4606180e-01 0.0000000e+00 
1.1522718e-01 3.3841112e-01 0.0000000e+00 
1.3846737e-01 4.3717432e-01 0.0000000e+00 
3.9607048e-02 1.1186694e-01 0.0000000e+00 
7.7577077e-02 2.2421114e-01 0.0000000e+00 
5.9609637e-03 1.0894082e-02 0.0000000e+00 
8.6910825e-04 4.7098083e-04 0.0000000e+00 
1.3392189e-01 4.1241011e-01 0.0000000e+00 
1.2163770e-01 3.6267638e-01 0.0000000e+00 
5.6510359e-02 1.6392805e-01 0.0000000e+00 
6.9325596e-02 2.0291296e-01 0.0000000e+00 
4.3949734e-02 1.2781280e-01 0.0000000e+00 
3.6399597e-03 5.6193615e-03 0.0000000e+00 
2.0236628e-02 5.4783564e-02 0.0000000e+00 
1.2757163e-01 3.8743228e-01 0.0000000e+00 
1.6612647e-02 4.3394390e-02 0.0000000e+00 
2.4030572e-02 6.7185208e-02 0.0000000e+00 
9.8060988e-02 2.9019058e-01 0.0000000e+00 
1.3202013e-02 3.3084735e-02 0.0000000e+00 
1.4205743e-01 4.6302849e-01 0.0000000e+00 
1.0559575e-01 3.1372854e-01 0.0000000e+00 
9.0213135e-02 2.6715446e-01 0.0000000e+00 
2.7955307e-02 8.0544360e-02 0.0000000e+00 
1.3843769e-01 4.3794972e-01 0.0000000e+00 
6.0983188e-02 1.8221088e-01 0.0000000e+00 
0.0000000e+00 0.0000000e+00 0.0000000e+00 
4.8294857e-02 1.4457934e-01 0.0000000e+00 
1.1276352e-01 3.3775952e-01 0.0000000e+00 
8.2110539e-02 2.4463926e-01 0.0000000e+00 
1.0052671e-02 2.3935160e-02 0.0000000e+00 
3.1975526e-02 9.4816849e-02 0.0000000e+00 
1.3300571e-01 4.1271588e-01 0.0000000e+00 
1.8200442e-03 1.9334296e-03 0.0000000e+00 
1.1951666e-01 3.6228639e-01 0.0000000e+00 
7.3814742e-02 2.2267303e-01 0.0000000e+00 
7.2174822e-03 1.6041251e-02 0.0000000e+00 
3.6059432e-02 1.0996813e-01 0.0000000e+00 
5.2619290e-02 1.6215669e-01 0.0000000e+00 
1.2581617e-01 3.8732564e-01 0.0000000e+00 
6.5389790e-02 2.0129211e-01 0.0000000e+00 
1.4245495e-01 4.6414813e-01 0.0000000e+00 
4.7546085e-03 9.5151979e-03 0.0000000e+00 
1.3793263e-01 4.3858325e-01 0.0000000e+00 
4.0178392e-02 1.2597221e-01 0.0000000e+00 
9.4615668e-02 2.8908506e-01 0.0000000e+00 
5.7856378e-04 -9.6067265e-07 0.0000000e+00 
1.0242517e-01 3.1281319e-01 0.0000000e+00 
8.6520962e-02 2.6588836e-01 0.0000000e+00 
1.0989482e-01 3.3706218e-01 0.0000000e+00 
1.3163441e-01 4.1290969e-01 0.0000000e+00 
1.7461890e-02 5.2953284e-02 0.0000000e+00 
2.0982694e-02 6.5337323e-02 0.0000000e+00 
7.8199536e-02 2.4324347e-01 0.0000000e+00 
1.4119541e-02 4.1606061e-02 0.0000000e+00 
5.6902070e-02 1.8054098e-01 0.0000000e+00 
2.7279167e-03 4.4873902e-03 0.0000000e+00 
1.1697543e-01 3.6183241e-01 0.0000000e+00 
4.4306595e-02 1.4281078e-01 0.0000000e+00 
2.4642827e-02 7.8700192e-02 0.0000000e+00 
1.0998811e-02 3.1366255e-02 0.0000000e+00 
6.9712706e-02 2.2117950e-01 0.0000000e+00 
2.8406901e-02 9.2995122e-02 0.0000000e+00 
1.4236428e-01 4.6511149e-01 0.0000000e+00 
8.1472248e-03 2.2318553e-02 0.0000000e+00 
1.2362535e-01 3.8713714e-01 0.0000000e+00 
0.0000000e+00 0.0000000e+00 0.0000000e+00 
1.3695823e-01 4.3908864e-01 0.0000000e+00 
3.2242946e-02 1.0818533e-01 0.0000000e+00 
4.8420697e-02 1.6047239e-01 0.0000000e+00 
1.2074624e-03 1.1079032e-03 0.0000000e+00 
6.1124053e-02 1.9973376e-01 0.0000000e+00 
5.6170081e-03 1.4563370e-02 0.0000000e+00 
9.8865628e-02 3.1188157e-01 0.0000000e+00 
9.0794459e-02 2.8798127e-01 0.0000000e+00 
1.2981310e-01 4.1300443e-01 0.0000000e+00 
1.0662335e-01 3.3633050e-01 0.0000000e+00 
8.2465015e-02 2.6464191e-01 0.0000000e+00 
3.6122099e-02 1.2424292e-01 0.0000000e+00 
1.1401716e-01 3.6132619e-01 0.0000000e+00 
7.3935762e-02 2.4188524e-01 0.0000000e+00 
1.4633450e-01 4.9239948e-01 0.0000000e+00 
3.4654667e-03 8.2185278e-03 0.0000000e+00 
1.4179182e-01 4.6593228e-01 0.0000000e+00 
5.2499518e-02 1.7895176e-01 0.0000000e+00 
4.0018275e-02 1.4114793e-01 0.0000000e+00 
2.7006349e-04 -4.5220696e-04 0.0000000e+00 
1.2100316e-01 3.8687882e-01 0.0000000e+00 
1.4483999e-02 5.1261794e-02 0.0000000e+00 
1.7711110e-02 6.3628763e-02 0.0000000e+00 
1.3552010e-01 4.3947890e-01 0.0000000e+00 
6.5267645e-02 2.1974151e-01 0.0000000e+00 
1.1444977e-02 3.9953712e-02 0.0000000e+00 
2.1087309e-02 7.6993942e-02 0.0000000e+00 
8.6368490e-03 2.9778276e-02 0.0000000e+00 
2.4577145e-02 9.1308296e-02 0.0000000e+00 
1.7554516e-03 3.4209627e-03 0.0000000e+00 
1.2754640e-01 4.1301239e-01 0.0000000e+00 
9.4917893e-02 3.1094450e-01 0.0000000e+00 
8.6597048e-02 2.8688988e-01 0.0000000e+00 
4.3907862e-02 1.5888745e-01 0.0000000e+00 
5.6523718e-02 1.9824915e-01 0.0000000e+00 
1.0295088e-01 3.3557558e-01 0.0000000e+00 
2.8148448e-02 1.0653309e-01 0.0000000e+00 
6.1065042e-03 2.0823939e-02 0.0000000e+00 
1.4615960e-01 4.9353108e-01 0.0000000e+00 
7.8043826e-02 2.6342574e-01 0.0000000e+00 
1.4074360e-01 4.6662363e-01 0.0000000e+00 
1.1064453e-01 3.6077902e-01 0.0000000e+00 
0.0000000e+00 0.0000000e+00 0.0000000e+00 
3.1772073e-02 1.2263875e-01 0.0000000e+00 
6.9316491e-02 2.4057524e-01 0.0000000e+00 
3.9052181e-03 1.3195612e-02 0.0000000e+00 
1.3362347e-01 4.3976650e-01 0.0000000e+00 
5.5595126e-04 3.2833693e-04 0.0000000e+00 
1.1795307e-01 3.8656220e-01 0.0000000e+00 
4.7769397e-02 1.7745492e-01 0.0000000e+00 
6.0475491e-02 2.1836989e-01 0.0000000e+00 
3.5421599e-02 1.3960385e-01 0.0000000e+00 
1.2483850e-01 4.1294533e-01 0.0000000e+00 
2.0890436e-03 7.0165084e-03 0.0000000e+00 
1.4549932e-01 4.9452120e-01 0.0000000e+00 
1.4204944e-02 6.2076878e-02 0.0000000e+00 
1.1292369e-02 4.9726937e-02 0.0000000e+00 
1.7277809e-02 7.5442299e-02 0.0000000e+00 
9.0582184e-02 3.1001240e-01 0.0000000e+00 
1.3922524e-01 4.6719798e-01 0.0000000e+00 
9.8878652e-02 3.3480796e-01 0.0000000e+00 
8.5789077e-03 3.8455382e-02 0.0000000e+00 
8.2022540e-02 2.8582120e-01 0.0000000e+00 
2.0475438e-02 8.9772269e-02 0.0000000e+00 
-5.7135432e-05 -8.7958277e-04 0.0000000e+00 
1.0685975e-01 3.6020175e-01 0.0000000e+00 
5.1583264e-02 1.9684947e-01 0.0000000e+00 
3.9073050e-02 1.5741424e-01 0.0000000e+00 
7.3255278e-02 2.6225016e-01 0.0000000e+00 
6.1068814e-03 2.8338658e-02 0.0000000e+00 
1.3127309e-01 4.3996334e-01 0.0000000e+00 
2.3765424e-02 1.0502645e-01 0.0000000e+00 
7.1933900e-04 2.4300509e-03 0.0000000e+00 
1.1447813e-01 3.8619831e-01 0.0000000e+00 
6.4338297e-02 2.3932390e-01 0.0000000e+00 
3.9223148e-03 1.9468505e-02 0.0000000e+00 
2.7118251e-02 1.2117387e-01 0.0000000e+00 
1.4435944e-01 4.9538210e-01 0.0000000e+00 
1.4982338e-01 5.2327406e-01 0.0000000e+00 
1.2169317e-01 4.1281450e-01 0.0000000e+00 
4.2704601e-02 1.7606221e-01 0.0000000e+00 
1.3724193e-01 4.6766725e-01 0.0000000e+00 
5.5331402e-02 2.1707535e-01 0.0000000e+00 
2.0751962e-03 1.1953885e-02 0.0000000e+00 
0.0000000e+00 0.0000000e+00 0.0000000e+00 
3.0507062e-02 1.3819191e-01 0.0000000e+00 
-1.3648767e-04 -3.9831395e-04 0.0000000e+00 
8.5858166e-02 3.0909538e-01 0.0000000e+00 
9.4407409e-02 3.3403796e-01 0.0000000e+00 
7.7069432e-02 2.8478533e-01 0.0000000e+00 
1.0266451e-01 3.5960478e-01 0.0000000e+00 
1.2847331e-01 4.4008073e-01 0.0000000e+00 
1.0451504e-02 6.0700189e-02 0.0000000e+00 
6.8096593e-02 2.6112530e-01 0.0000000e+00 
1.3201642e-02 7.4062876e-02 0.0000000e+00 
7.8745550e-03 4.8367932e-02 0.0000000e+00 
4.6296287e-02 1.9554585e-01 0.0000000e+00 
1.1058088e-01 3.8579783e-01 0.0000000e+00 
6.1986968e-04 5.9230798e-03 0.0000000e+00 
3.3907417e-02 1.5606530e-01 0.0000000e+00 
1.6089335e-02 8.8403665e-02 0.0000000e+00 
1.4905261e-01 5.2441305e-01 0.0000000e+00 
5.5094305e-03 3.7130710e-02 0.0000000e+00 
1.4274541e-01 4.9612558e-01 0.0000000e+00 
5.8997016e-02 2.3814146e-01 0.0000000e+00 
1.9081838e-02 1.0368099e-01 0.0000000e+00 
1.1811370e-01 4.1263062e-01 0.0000000e+00 
1.3479844e-01 4.6804282e-01 0.0000000e+00 
3.3978589e-03 2.7067058e-02 0.0000000e+00 
-4.0393617e-04 -1.2795487e-03 0.0000000e+00 
2.2149157e-02 1.1986285e-01 0.0000000e+00 
-3.8436303e-04 1.5258972e-03 0.0000000e+00 
3.7297022e-02 1.7478539e-01 0.0000000e+00 
4.9829699e-02 2.1586846e-01 0.0000000e+00 
1.5847802e-03 1.8271364e-02 0.0000000e+00 
8.9537345e-02 3.3327544e-01 0.0000000e+00 
1.2522803e-01 4.4012964e-01 0.0000000e+00 
8.0744937e-02 3.0820331e-01 0.0000000e+00 
9.8060004e-02 3.5899812e-01 0.0000000e+00 
7.1735583e-02 2.8379202e-01 0.0000000e+00 
2.5263872e-02 1.3692564e-01 0.0000000e+00 
1.4780119e-01 5.2542472e-01 0.0000000e+00 
1.0626341e-01 3.8537088e-01 0.0000000e+00 
1.4066221e-01 4.9676287e-01 0.0000000e+00 
6.2564306e-02 2.6006097e-01 0.0000000e+00 
1.1853762e-04 1.0856057e-02 0.0000000e+00 
4.0655442e-02 1.9434936e-01 0.0000000e+00 
0.0000000e+00 0.0000000e+00 0.0000000e+00 
1.3189907e-01 4.6833560e-01 0.0000000e+00 
1.1410294e-01 4.1240409e-01 0.0000000e+00 
-8.7230239e-04 -1.0641810e-03 0.0000000e+00 
2.8400939e-02 1.5485327e-01 0.0000000e+00 
6.4359955e-03 5.9518479e-02 0.0000000e+00 
8.8441474e-03 7.2874315e-02 0.0000000e+00 
5.3287726e-02 2.3703806e-01 0.0000000e+00 
4.2159273e-03 4.7205564e-02 0.0000000e+00 
1.1404539e-02 8.7219879e-02 0.0000000e+00 
-9.4875041e-04 4.9540438e-03 0.0000000e+00 
2.2224155e-03 3.6001191e-02 0.0000000e+00 
1.4083955e-02 1.0251288e-01 0.0000000e+00 
1.2154071e-01 4.4012043e-01 0.0000000e+00 
1.4607418e-01 5.2631998e-01 0.0000000e+00 
8.4268115e-02 3.3252996e-01 0.0000000e+00 
7.5240977e-02 3.0734560e-01 0.0000000e+00 
9.3046919e-02 3.5839149e-01 0.0000000e+00 
1.5244545e-01 5.5566853e-01 0.0000000e+00 
3.1537458e-02 1.7363626e-01 0.0000000e+00 
1.3811445e-01 4.9730471e-01 0.0000000e+00 
4.3963846e-02 2.1475971e-01 0.0000000e+00 
4.9653312e-04 2.5985232e-02 0.0000000e+00 
1.6851766e-02 1.1872062e-01 0.0000000e+00 
6.6018224e-02 2.8285080e-01 0.0000000e+00 
1.0152732e-01 3.8492727e-01 0.0000000e+00 
-7.7144511e-04 -1.6481031e-03 0.0000000e+00 
1.2854780e-01 4.6855599e-01 0.0000000e+00 
5.6654256e-02 2.5906685e-01 0.0000000e+00 
1.9679822e-02 1.3581888e-01 0.0000000e+00 
-1.5605075e-03 7.2134275e-04 0.0000000e+00 
1.0966324e-01 4.1214481e-01 0.0000000e+00 
-9.1806048e-04 1.7253926e-02 0.0000000e+00 
3.4652408e-02 1.9327106e-01 0.0000000e+00 
1.4387619e-01 5.2710938e-01 0.0000000e+00 
4.7204703e-02 2.3602358e-01 0.0000000e+00 
1.1741436e-01 4.4006312e-01 0.0000000e+00 
1.5106097e-01 5.5681020e-01 0.0000000e+00 
2.2542309e-02 1.5379091e-01 0.0000000e+00 
-1.9750358e-03 9.9223908e-03 0.0000000e+00 
1.3510633e-01 4.9776143e-01 0.0000000e+00 
4.1883904e-03 7.1896330e-02 0.0000000e+00 
2.1411814e-03 5.8552951e-02 0.0000000e+00 
7.8598805e-02 3.3181071e-01 0.0000000e+00 
8.7625414e-02 3.5779414e-01 0.0000000e+00 
6.4046746e-03 8.6239137e-02 0.0000000e+00 
6.9344200e-02 3.0653149e-01 0.0000000e+00 
0.0000000e+00 0.0000000e+00 0.0000000e+00 
2.9926345e-04 4.6262361e-02 0.0000000e+00 
-1.6545160e-03 -1.6602338e-03 0.0000000e+00 
9.6373707e-02 3.8447642e-01 0.0000000e+00 
8.7561561e-03 1.0153886e-01 0.0000000e+00 
1.2474809e-01 4.6871397e-01 0.0000000e+00 
3.7726410e-02 2.1375939e-01 0.0000000e+00 
5.9913933e-02 2.8197095e-01 0.0000000e+00 
2.5415558e-02 1.7262663e-01 0.0000000e+00 
-1.2989496e-03 3.5090420e-02 0.0000000e+00 
1.0479654e-01 4.1186228e-01 0.0000000e+00 
-2.6250761e-03 4.1275201e-03 0.0000000e+00 
1.1211357e-02 1.1776255e-01 0.0000000e+00 
5.0361529e-02 2.5815240e-01 0.0000000e+00 
1.4920212e-01 5.5783808e-01 0.0000000e+00 
1.4121149e-01 5.2780282e-01 0.0000000e+00 
-2.6130381e-03 2.5117403e-02 0.0000000e+00 
1.3741189e-02 1.3488567e-01 0.0000000e+00 
1.1285156e-01 4.3996730e-01 0.0000000e+00 
1.3164164e-01 4.9814293e-01 0.0000000e+00 
2.8277820e-02 1.9232187e-01 0.0000000e+00 
-1.1610290e-03 -1.9806514e-03 0.0000000e+00 
4.0741418e-02 2.3510775e-01 0.0000000e+00 
-3.6007685e-03 1.6440371e-02 0.0000000e+00 
-2.8151220e-03 3.1252857e-05 0.0000000e+00 
8.1795141e-02 3.5721508e-01 0.0000000e+00 
7.2527952e-02 3.3112666e-01 0.0000000e+00 
1.6318865e-02 1.5289108e-01 0.0000000e+00 
1.2050302e-01 4.6881920e-01 0.0000000e+00 
9.0803199e-02 3.8402742e-01 0.0000000e+00 
6.3051894e-02 3.0576989e-01 0.0000000e+00 
9.9504299e-02 4.1156566e-01 0.0000000e+00 
5.3418610e-02 2.8116146e-01 0.0000000e+00 
1.4687300e-01 5.5876172e-01 0.0000000e+00 
-7.8516407e-04 7.1149804e-02 0.0000000e+00 
1.0710232e-03 8.5480489e-02 0.0000000e+00 
3.1109018e-02 2.1287777e-01 0.0000000e+00 
1.3808399e-01 5.2841008e-01 0.0000000e+00 
-2.4530280e-03 5.7826314e-02 0.0000000e+00 
-4.2181811e-03 9.1760885e-03 0.0000000e+00 
1.5412618e-01 5.8959448e-01 0.0000000e+00 
1.8919764e-02 1.7176829e-01 0.0000000e+00 
3.0807224e-03 1.0077626e-01 0.0000000e+00 
-3.8957319e-03 4.5562804e-02 0.0000000e+00 
1.2772380e-01 4.9845868e-01 0.0000000e+00 
1.0785447e-01 4.3984219e-01 0.0000000e+00 
4.3680489e-02 2.5732678e-01 0.0000000e+00 
5.2113426e-03 1.1700434e-01 0.0000000e+00 
-2.4868988e-03 -2.1759509e-03 0.0000000e+00 
0.0000000e+00 0.0000000e+00 0.0000000e+00 
-5.0747204e-03 3.4424413e-02 0.0000000e+00 
-4.4193869e-03 3.4645360e-03 0.0000000e+00 
7.4325977e-03 1.3414024e-01 0.0000000e+00 
2.1521227e-02 1.9151267e-01 0.0000000e+00 
1.1581530e-01 4.6888086e-01 0.0000000e+00 
3.3890497e-02 2.3430012e-01 0.0000000e+00 
7.5555228e-02 3.5666290e-01 0.0000000e+00 
-5.9501212e-03 2.4490682e-02 0.0000000e+00 
6.6053540e-02 3.3048639e-01 0.0000000e+00 
8.4815934e-02 3.8358894e-01 0.0000000e+00 
1.4407736e-01 5.5959034e-01 0.0000000e+00 
5.6360736e-02 3.0506945e-01 0.0000000e+00 
1.5211555e-01 5.9073424e-01 0.0000000e+00 
1.3449720e-01 5.2894032e-01 0.0000000e+00 
9.3787521e-02 4.1126373e-01 0.0000000e+00 
9.7164931e-03 1.5216672e-01 0.0000000e+00 
4.6527475e-02 2.8043106e-01 0.0000000e+00 
-6.4811823e-03 1.5858194e-02 0.0000000e+00 
1.2335581e-01 4.9871787e-01 0.0000000e+00 
-1.5743938e-03 -2.2718324e-03 0.0000000e+00 
1.0242481e-01 4.3969664e-01 0.0000000e+00 
2.4102343e-02 2.1212482e-01 0.0000000e+00 
-4.1557737e-03 -5.2691792e-04 0.0000000e+00 
1.2037232e-02 1.7107303e-01 0.0000000e+00 
-6.0990280e-03 7.0656791e-02 0.0000000e+00 
-4.6177730e-03 8.4963821e-02 0.0000000e+00 
3.6604729e-02 2.5659901e-01 0.0000000e+00 
-7.3700473e-03 5.7362895e-02 0.0000000e+00 
-2.9623799e-03 1.0024292e-01 0.0000000e+00 
1.1068719e-01 4.6890783e-01 0.0000000e+00 
1.4081861e-01 5.6033283e-01 0.0000000e+00 
-6.6266167e-03 8.6439671e-03 0.0000000e+00 
1.4963788e-01 5.9177285e-01 0.0000000e+00 
-8.3930129e-03 4.5133494e-02 0.0000000e+00 
-1.1668892e-03 1.1646203e-01 0.0000000e+00 
1.3045430e-01 5.2940255e-01 0.0000000e+00 
6.8904266e-02 3.5614598e-01 0.0000000e+00 
7.8411572e-02 3.8316935e-01 0.0000000e+00 
5.9172966e-02 3.2989818e-01 0.0000000e+00 
2.6643692e-02 2.3361003e-01 0.0000000e+00 
1.4371059e-02 1.9085422e-01 0.0000000e+00 
-9.1288956e-03 3.4031898e-02 0.0000000e+00 
7.3690881e-04 1.3359702e-01 0.0000000e+00 
8.7646760e-02 4.1096497e-01 0.0000000e+00 
4.9266774e-02 3.0443847e-01 0.0000000e+00 
-3.3742092e-03 -2.5988710e-03 0.0000000e+00 
1.1854036e-01 4.9892926e-01 0.0000000e+00 
0.0000000e+00 0.0000000e+00 0.0000000e+00 
9.6563883e-02 4.3953916e-01 0.0000000e+00 
-6.3446108e-03 2.9897904e-03 0.0000000e+00 
3.9235067e-02 2.7978826e-01 0.0000000e+00 
2.7195348e-03 1.5163079e-01 0.0000000e+00 
-9.5381159e-03 2.4135536e-02 0.0000000e+00 
1.4669624e-01 5.9271866e-01 0.0000000e+00 
1.3709986e-01 5.6099778e-01 0.0000000e+00 
1.6696053e-02 2.1151048e-01 0.0000000e+00 
1.0512058e-01 4.6890861e-01 0.0000000e+00 
2.9127069e-02 2.5597778e-01 0.0000000e+00 
1.2595811e-01 5.2980536e-01 0.0000000e+00 
1.5479523e-01 6.2505937e-01 0.0000000e+00 
4.7537778e-03 1.7055254e-01 0.0000000e+00 
-9.5813079e-03 1.5538866e-02 0.0000000e+00 
6.1840363e-02 3.5567224e-01 0.0000000e+00 
7.1589276e-02 3.8277674e-01 0.0000000e+00 
-1.0686032e-02 8.4709801e-02 0.0000000e+00 
-2.0136950e-03 -2.5152802e-03 0.0000000e+00 
-1.1779121e-02 7.0440516e-02 0.0000000e+00 
5.1883075e-02 3.2937002e-01 0.0000000e+00 
-9.3957465e-03 9.9957228e-02 0.0000000e+00 
-5.5920812e-03 -9.3236630e-04 0.0000000e+00 
8.1082128e-02 4.1067746e-01 0.0000000e+00 
1.1327972e-01 4.9910128e-01 0.0000000e+00 
-1.2637170e-02 5.7188701e-02 0.0000000e+00 
-7.9441555e-03 1.1615191e-01 0.0000000e+00 
1.8991884e-02 2.3304662e-01 0.0000000e+00 
4.1765451e-02 3.0388504e-01 0.0000000e+00 
6.8145683e-03 1.9035712e-01 0.0000000e+00 
9.0272576e-02 4.3937790e-01 0.0000000e+00 
-1.3220892e-02 4.5003332e-02 0.0000000e+00 
-9.2200432e-03 8.3573172e-03 0.0000000e+00 
1.4329344e-01 5.9357971e-01 0.0000000e+00 
-6.3649118e-03 1.3327046e-01 0.0000000e+00 
1.3292393e-01 5.6159347e-01 0.0000000e+00 
3.1535227e-02 2.7924123e-01 0.0000000e+00 
1.5215105e-01 6.2619269e-01 0.0000000e+00 
-1.3490280e-02 3.3944637e-02 0.0000000e+00 
9.9116959e-02 4.6889141e-01 0.0000000e+00 
1.2101118e-01 5.3015703e-01 0.0000000e+00 
-4.6892883e-03 1.5129617e-01 0.0000000e+00 
8.8787936e-03 2.1104439e-01 0.0000000e+00 
-4.3225372e-03 -2.9139775e-03 0.0000000e+00 
2.1239553e-02 2.5547156e-01 0.0000000e+00 
0.0000000e+00 0.0000000e+00 0.0000000e+00 
-1.3405585e-02 2.4086306e-02 0.0000000e+00 
-8.4172040e-03 2.7326590e-03 0.0000000e+00 
6.4347766e-02 3.8241881e-01 0.0000000e+00 
1.0757584e-01 4.9924213e-01 0.0000000e+00 
5.4361079e-02 3.5524946e-01 0.0000000e+00 
-2.9461777e-03 1.7021836e-01 0.0000000e+00 
7.4093305e-02 4.1040903e-01 0.0000000e+00 
4.4180151e-02 3.2890967e-01 0.0000000e+00 
1.3943198e-01 5.9436381e-01 0.0000000e+00 
1.2829331e-01 5.6212795e-01 0.0000000e+00 
8.3551385e-02 4.3922070e-01 0.0000000e+00 
1.4904781e-01 6.2723666e-01 0.0000000e+00 
3.3851575e-02 3.0341694e-01 0.0000000e+00 
-1.7161388e-02 8.4739789e-02 0.0000000e+00 
1.0925061e-02 2.3261872e-01 0.0000000e+00 
-1.2928498e-02 1.5518612e-02 0.0000000e+00 
-1.6244782e-02 9.9937886e-02 0.0000000e+00 
-1.7855244e-02 7.0525333e-02 0.0000000e+00 
1.1561564e-01 5.3046554e-01 0.0000000e+00 
-1.1621898e-03 1.9003175e-01 0.0000000e+00 
-1.5143652e-02 1.1609042e-01 0.0000000e+00 
9.2677481e-02 4.6886405e-01 0.0000000e+00 
-1.8286210e-02 5.7331409e-02 0.0000000e+00 
2.3421105e-02 2.7879795e-01 0.0000000e+00 
-2.4816957e-03 -2.7032876e-03 0.0000000e+00 
-7.1364520e-03 -1.1599017e-03 0.0000000e+00 
-1.3893910e-02 1.3317505e-01 0.0000000e+00 
-1.8412881e-02 4.5203619e-02 0.0000000e+00 
1.0143031e-01 4.9935958e-01 0.0000000e+00 
-1.2023413e-02 8.3529698e-03 0.0000000e+00 
1.3511418e-01 5.9507853e-01 0.0000000e+00 
-1.2528961e-02 1.5117568e-01 0.0000000e+00 
6.3817686e-04 2.1073593e-01 0.0000000e+00 
5.6685273e-02 3.8210297e-01 0.0000000e+00 
1.4548753e-01 6.2819839e-01 0.0000000e+00 
1.2933439e-02 2.5508860e-01 0.0000000e+00 
4.6463490e-02 3.5488498e-01 0.0000000e+00 
6.6679537e-02 4.1016710e-01 0.0000000e+00 
-1.8193560e-02 3.4197718e-02 0.0000000e+00 
1.2321021e-01 5.6260884e-01 0.0000000e+00 
3.6059916e-02 3.2852444e-01 0.0000000e+00 
7.6400407e-02 4.3907511e-01 0.0000000e+00 
1.5438652e-01 6.6206723e-01 0.0000000e+00 
-1.1079659e-02 1.7008184e-01 0.0000000e+00 
1.0977340e-01 5.3073859e-01 0.0000000e+00 
2.5519347e-02 3.0304164e-01 0.0000000e+00 
-5.3398106e-03 -3.1028220e-03 0.0000000e+00 
8.5802913e-02 4.6883416e-01 0.0000000e+00 
-1.7587582e-02 2.4381755e-02 0.0000000e+00 
2.4323065e-03 2.3233494e-01 0.0000000e+00 
-1.0658401e-02 2.7285228e-03 0.0000000e+00 
0.0000000e+00 0.0000000e+00 0.0000000e+00 
-9.5743909e-03 1.8988824e-01 0.0000000e+00 
1.4885165e-02 2.7846602e-01 0.0000000e+00 
-2.4075149e-02 8.5075669e-02 0.0000000e+00 
-2.3537956e-02 1.0020386e-01 0.0000000e+00 
1.3034202e-01 5.9573120e-01 0.0000000e+00 
1.4147201e-01 6.2908494e-01 0.0000000e+00 
9.4844416e-02 4.9946120e-01 0.0000000e+00 
-2.4361605e-02 7.0936553e-02 0.0000000e+00 
-2.2791121e-02 1.1629400e-01 0.0000000e+00 
1.1767659e-01 5.6304371e-01 0.0000000e+00 
-1.6557023e-02 1.5839318e-02 0.0000000e+00 
1.5110603e-01 6.6318977e-01 0.0000000e+00 
-2.4354223e-02 5.7820279e-02 0.0000000e+00 
-2.1873252e-02 1.3332511e-01 0.0000000e+00 
4.8599586e-02 3.8183635e-01 0.0000000e+00 
5.8839664e-02 4.0995887e-01 0.0000000e+00 
3.8144160e-02 3.5458589e-01 0.0000000e+00 
4.1991994e-03 2.5483671e-01 0.0000000e+00 
6.8819337e-02 4.3894836e-01 0.0000000e+00 
-8.0392361e-03 2.1059427e-01 0.0000000e+00 
1.0348602e-01 5.3098369e-01 0.0000000e+00 
-2.4008678e-02 4.5768075e-02 0.0000000e+00 
2.7517553e-02 3.2822150e-01 0.0000000e+00 
-2.0820234e-02 1.5128183e-01 0.0000000e+00 
-8.8051641e-03 -1.1785036e-03 0.0000000e+00 
-2.9820027e-03 -2.8263251e-03 0.0000000e+00 
7.8493677e-02 4.6880895e-01 0.0000000e+00 
1.6762353e-02 3.0276626e-01 0.0000000e+00 
-1.5068689e-02 8.6746318e-03 0.0000000e+00 
1.3700287e-01 6.2990314e-01 0.0000000e+00 
-1.9665170e-02 1.7015404e-01 0.0000000e+00 
-2.3280615e-02 3.4829754e-02 0.0000000e+00 
1.2511735e-01 5.9632903e-01 0.0000000e+00 
1.4737473e-01 6.6423374e-01 0.0000000e+00 
8.7819099e-02 4.9955425e-01 0.0000000e+00 
-6.4981952e-03 2.3220353e-01 0.0000000e+00 
1.1169413e-01 5.6343985e-01 0.0000000e+00 
5.9191794e-03 2.7825275e-01 0.0000000e+00 
-1.8438455e-02 1.8993641e-01 0.0000000e+00 
-2.2127349e-02 2.5065606e-02 0.0000000e+00 
4.0088050e-02 3.8162574e-01 0.0000000e+00 
5.0572105e-02 4.0979117e-01 0.0000000e+00 
-6.4365552e-03 -3.1422619e-03 0.0000000e+00 
9.6754812e-02 5.3120798e-01 0.0000000e+00 
-3.1307045e-02 1.0077405e-01 0.0000000e+00 
2.9399177e-02 3.5435891e-01 0.0000000e+00 
-3.1462681e-02 8.5739598e-02 0.0000000e+00 
6.0807537e-02 4.3884736e-01 0.0000000e+00 
-1.3096021e-02 3.0205378e-03 0.0000000e+00 
-3.0915007e-02 1.1677889e-01 0.0000000e+00 
0.0000000e+00 0.0000000e+00 0.0000000e+00 
-3.1337377e-02 7.1700193e-02 0.0000000e+00 
1.8547695e-02 3.2800755e-01 0.0000000e+00 
-3.0328313e-02 1.3373464e-01 0.0000000e+00 
1.3208155e-01 6.3065958e-01 0.0000000e+00 
-4.9734660e-03 2.5472349e-01 0.0000000e+00 
7.0749849e-02 4.6879536e-01 0.0000000e+00 
1.1944173e-01 5.9687889e-01 0.0000000e+00 
-1.7167933e-02 2.1062812e-01 0.0000000e+00 
1.4319360e-01 6.6520536e-01 0.0000000e+00 
-3.0884329e-02 5.8685925e-02 0.0000000e+00 
-2.0510180e-02 1.6549535e-02 0.0000000e+00 
-2.9585673e-02 1.5162678e-01 0.0000000e+00 
7.5735860e-03 3.0259770e-01 0.0000000e+00 
1.0526429e-01 5.6380421e-01 0.0000000e+00 
8.0355011e-02 4.9964568e-01 0.0000000e+00 
1.5283820e-01 7.0061940e-01 0.0000000e+00 
-3.0055327e-02 4.6732716e-02 0.0000000e+00 
-2.8722709e-02 1.7044555e-01 0.0000000e+00 
-1.0620001e-02 -9.4928255e-04 0.0000000e+00 
-1.5879149e-02 2.3223238e-01 0.0000000e+00 
-3.5194254e-03 -2.8723197e-03 0.0000000e+00 
-3.4857444e-03 2.7816510e-01 0.0000000e+00 
8.9580812e-02 5.3141838e-01 0.0000000e+00 
4.1874893e-02 4.0967056e-01 0.0000000e+00 
3.1147569e-02 3.8147759e-01 0.0000000e+00 
-2.8802123e-02 3.5882980e-02 0.0000000e+00 
-1.8397318e-02 9.3745273e-03 0.0000000e+00 
1.2670931e-01 6.3136077e-01 0.0000000e+00 
5.2363977e-02 4.3877870e-01 0.0000000e+00 
1.3856347e-01 6.6611063e-01 0.0000000e+00 
-2.7772037e-02 1.9018559e-01 0.0000000e+00 
2.0224147e-02 3.5421050e-01 0.0000000e+00 
1.1331657e-01 5.9738755e-01 0.0000000e+00 
6.2571198e-02 4.6880013e-01 0.0000000e+00 
9.1444589e-03 3.2788906e-01 0.0000000e+00 
1.4892279e-01 7.0172691e-01 0.0000000e+00 
9.8388277e-02 5.6414360e-01 0.0000000e+00 
-1.4595617e-02 2.5475612e-01 0.0000000e+00 
-3.9587345e-02 1.0166708e-01 0.0000000e+00 
-2.7078481e-02 2.6186980e-02 0.0000000e+00 
-3.9546572e-02 1.1756087e-01 0.0000000e+00 
-3.9363757e-02 8.6753651e-02 0.0000000e+00 
7.2452515e-02 4.9974221e-01 0.0000000e+00 
-2.6763439e-02 2.1084581e-01 0.0000000e+00 
-3.9286733e-02 1.3441713e-01 0.0000000e+00 
-3.8827263e-02 7.2842583e-02 0.0000000e+00 
-2.0545479e-03 3.0254239e-01 0.0000000e+00 
-7.6270872e-03 -3.0025747e-03 0.0000000e+00 
-1.5767133e-02 3.6619925e-03 0.0000000e+00 
-3.8849674e-02 1.5222216e-01 0.0000000e+00 
-3.7926573e-02 5.9959907e-02 0.0000000e+00 
1.2088724e-01 6.3201308e-01 0.0000000e+00 
8.1964776e-02 5.3162158e-01 0.0000000e+00 
0.0000000e+00 0.0000000e+00 0.0000000e+00 
1.3348503e-01 6.6695547e-01 0.0000000e+00 
1.0674303e-01 5.9786153e-01 0.0000000e+00 
-2.4843110e-02 1.7705530e-02 0.0000000e+00 
3.2745685e-02 4.0960330e-01 0.0000000e+00 
-3.8273767e-02 1.7096648e-01 0.0000000e+00 
-2.5724128e-02 2.3242895e-01 0.0000000e+00 
2.1774638e-02 3.8139811e-01 0.0000000e+00 
4.3487303e-02 4.3874869e-01 0.0000000e+00 
1.4456479e-01 7.0276582e-01 0.0000000e+00 
-1.3339151e-02 2.7820972e-01 0.0000000e+00 
-3.6608513e-02 4.8135482e-02 0.0000000e+00 
1.0614218e-02 3.5414678e-01 0.0000000e+00 
5.3957164e-02 4.6882960e-01 0.0000000e+00 
9.1067098e-02 5.6446451e-01 0.0000000e+00 
-3.7594017e-02 1.9064464e-01 0.0000000e+00 
-6.9854659e-04 3.2787210e-01 0.0000000e+00 
6.4111695e-02 4.9985021e-01 0.0000000e+00 
-1.2610768e-02 -4.2255773e-04 0.0000000e+00 
-3.4819473e-02 3.7403032e-02 0.0000000e+00 
-4.1005481e-03 -2.8255475e-03 0.0000000e+00 
-2.4679048e-02 2.5494140e-01 0.0000000e+00 
-2.2063700e-02 1.0515353e-02 0.0000000e+00 
1.2795892e-01 6.6774571e-01 0.0000000e+00 
1.1461632e-01 6.3262272e-01 0.0000000e+00 
7.3907256e-02 5.3182393e-01 0.0000000e+00 
-3.6842279e-02 2.1125516e-01 0.0000000e+00 
-1.2130200e-02 3.0260646e-01 0.0000000e+00 
1.3976416e-01 7.0374143e-01 0.0000000e+00 
-4.8417844e-02 1.0290082e-01 0.0000000e+00 
-4.8719972e-02 1.1865494e-01 0.0000000e+00 
9.9722154e-02 5.9830719e-01 0.0000000e+00 
-4.7822878e-02 8.8139288e-02 0.0000000e+00 
-4.8778441e-02 1.3538527e-01 0.0000000e+00 
-3.2507654e-02 2.7800590e-02 0.0000000e+00 
2.3181768e-02 4.0959522e-01 0.0000000e+00 
3.4175817e-02 4.3876338e-01 0.0000000e+00 
-4.6882037e-02 7.4389756e-02 0.0000000e+00 
-4.8638456e-02 1.5307882e-01 0.0000000e+00 
1.1965347e-02 3.8139307e-01 0.0000000e+00 
1.5009236e-01 7.4071485e-01 0.0000000e+00 
4.4906911e-02 4.6888986e-01 0.0000000e+00 
8.3301529e-02 5.6477332e-01 0.0000000e+00 
-2.3651209e-02 2.7839276e-01 0.0000000e+00 
-3.6047541e-02 2.3280025e-01 0.0000000e+00 
5.6409976e-04 3.5417354e-01 0.0000000e+00 
-8.9314329e-03 -2.6445733e-03 0.0000000e+00 
-4.8341285e-02 1.7172620e-01 0.0000000e+00 
-1.8722026e-02 4.7194301e-03 0.0000000e+00 
-4.5538817e-02 6.1674021e-02 0.0000000e+00 
5.5332366e-02 4.9997589e-01 0.0000000e+00 
1.2198561e-01 6.6848707e-01 0.0000000e+00 
1.0789736e-01 6.3319564e-01 0.0000000e+00 
-1.0988197e-02 3.2796246e-01 0.0000000e+00 
1.3452077e-01 7.0465881e-01 0.0000000e+00 
0.0000000e+00 0.0000000e+00 0.0000000e+00 
-2.9626558e-02 1.9372229e-02 0.0000000e+00 
-4.7924440e-02 1.9132173e-01 0.0000000e+00 
-4.3734003e-02 5.0015509e-02 0.0000000e+00 
6.5408558e-02 5.3203160e-01 0.0000000e+00 
9.2254780e-02 5.9873068e-01 0.0000000e+00 
-3.5236251e-02 2.5528559e-01 0.0000000e+00 
1.4554709e-01 7.4180341e-01 0.0000000e+00 
-2.2662055e-02 3.0279571e-01 0.0000000e+00 
-4.7421936e-02 2.1186340e-01 0.0000000e+00 
2.4427516e-02 4.3882847e-01 0.0000000e+00 
1.3180082e-02 4.0965202e-01 0.0000000e+00 
-4.1406982e-02 3.9438326e-02 0.0000000e+00 
7.5092189e-02 5.6507611e-01 0.0000000e+00 
-1.4819296e-02 4.6638673e-04 0.0000000e+00 
3.5419304e-02 4.6898675e-01 0.0000000e+00 
1.7154083e-03 3.8146806e-01 0.0000000e+00 
-5.8472246e-02 1.2007494e-01 0.0000000e+00 
1.1556555e-01 6.6918510e-01 0.0000000e+00 
-2.6140150e-02 1.2172483e-02 0.0000000e+00 
-4.7346842e-03 -2.6648471e-03 0.0000000e+00 
-5.7841279e-02 1.0449186e-01 0.0000000e+00 
-5.8835592e-02 1.3665073e-01 0.0000000e+00 
1.2883447e-01 7.0552313e-01 0.0000000e+00 
1.0073107e-01 6.3373768e-01 0.0000000e+00 
4.6114109e-02 5.0012511e-01 0.0000000e+00 
-5.6889467e-02 8.9916721e-02 0.0000000e+00 
-9.9319173e-03 3.5429618e-01 0.0000000e+00 
-3.4432676e-02 2.7872005e-01 0.0000000e+00 
-5.8979962e-02 1.5420668e-01 0.0000000e+00 
-4.6864580e-02 2.3335271e-01 0.0000000e+00 
1.4056712e-01 7.4283248e-01 0.0000000e+00 
-5.5558976e-02 7.6366574e-02 0.0000000e+00 
8.4341623e-02 5.9913796e-01 0.0000000e+00 
-3.8497996e-02 2.9966462e-02 0.0000000e+00 
5.6468762e-02 5.3225052e-01 0.0000000e+00 
-5.8949571e-02 1.7273326e-01 0.0000000e+00 
-2.1731824e-02 3.2816550e-01 0.0000000e+00 
-5.3787574e-02 6.3859276e-02 0.0000000e+00 
-5.8784455e-02 1.9222431e-01 0.0000000e+00 
-2.2030251e-02 6.2767048e-03 0.0000000e+00 
-4.6280369e-02 2.5579453e-01 0.0000000e+00 
6.6439494e-02 5.6537884e-01 0.0000000e+00 
-1.0378561e-02 -2.0150507e-03 0.0000000e+00 
1.0869910e-01 6.6984528e-01 0.0000000e+00 
-3.3659298e-02 3.0311543e-01 0.0000000e+00 
1.2270509e-01 7.0633948e-01 0.0000000e+00 
1.4240099e-02 4.3894938e-01 0.0000000e+00 
2.7372416e-03 4.0977898e-01 0.0000000e+00 
2.5492953e-02 4.6912581e-01 0.0000000e+00 
9.3118072e-02 6.3425475e-01 0.0000000e+00 
-3.4951836e-02 2.1623762e-02 0.0000000e+00 
-5.1509071e-02 5.2411895e-02 0.0000000e+00 
-8.9798300e-03 3.8162825e-01 0.0000000e+00 
0.0000000e+00 0.0000000e+00 0.0000000e+00 
-5.8520768e-02 2.1267708e-01 0.0000000e+00 
1.3515145e-01 7.4380642e-01 0.0000000e+00 
3.6456265e-02 5.0030351e-01 0.0000000e+00 
7.5983234e-02 5.9953481e-01 0.0000000e+00 
-2.0879934e-02 3.5451981e-01 0.0000000e+00 
4.7087774e-02 5.3248638e-01 0.0000000e+00 
-4.5694858e-02 2.7919686e-01 0.0000000e+00 
-6.8843201e-02 1.2183300e-01 0.0000000e+00 
-4.8654340e-02 4.2038720e-02 0.0000000e+00 
-6.9492437e-02 1.3822368e-01 0.0000000e+00 
1.4609495e-01 7.8235096e-01 0.0000000e+00 
-6.7904085e-02 1.0645494e-01 0.0000000e+00 
-5.8191154e-02 2.3409219e-01 0.0000000e+00 
-6.9903761e-02 1.5561438e-01 0.0000000e+00 
-3.2937184e-02 3.2848620e-01 0.0000000e+00 
-1.7305955e-02 1.8035027e-03 0.0000000e+00 
-6.6617921e-02 9.2104025e-02 0.0000000e+00 
1.1613242e-01 7.0711279e-01 0.0000000e+00 
1.0138653e-01 6.7047310e-01 0.0000000e+00 
-3.0723890e-02 1.4436169e-02 0.0000000e+00 
5.7343718e-02 5.6568706e-01 0.0000000e+00 
-7.0124194e-02 1.7399511e-01 0.0000000e+00 
-5.4355557e-03 -2.3606017e-03 0.0000000e+00 
1.2929907e-01 7.4472970e-01 0.0000000e+00 
8.5058846e-02 6.3475227e-01 0.0000000e+00 
-6.4922124e-02 7.8795627e-02 0.0000000e+00 
3.6109830e-03 4.3913120e-01 0.0000000e+00 
1.5126215e-02 4.6931222e-01 0.0000000e+00 
-8.1504472e-03 4.0998110e-01 0.0000000e+00 
-4.5153096e-02 3.2748748e-02 0.0000000e+00 
-5.7825133e-02 2.5647354e-01 0.0000000e+00 
-7.0196182e-02 1.9335888e-01 0.0000000e+00 
-4.5131572e-02 3.0357060e-01 0.0000000e+00 
2.6357949e-02 5.0051636e-01 0.0000000e+00 
-2.0125352e-02 3.8187844e-01 0.0000000e+00 
6.7180075e-02 5.9992677e-01 0.0000000e+00 
-6.2748611e-02 6.6544354e-02 0.0000000e+00 
1.4092799e-01 7.8341699e-01 0.0000000e+00 
3.7265301e-02 5.3274459e-01 0.0000000e+00 
-7.0157923e-02 2.1370195e-01 0.0000000e+00 
-3.2286417e-02 3.5484916e-01 0.0000000e+00 
1.0911625e-01 7.0784801e-01 0.0000000e+00 
-2.5789874e-02 8.4400177e-03 0.0000000e+00 
9.3628109e-02 6.7107373e-01 0.0000000e+00 
-1.2012040e-02 -1.0393574e-03 0.0000000e+00 
-6.0023822e-02 5.5361763e-02 0.0000000e+00 
-5.7449538e-02 2.7982807e-01 0.0000000e+00 
1.2300906e-01 7.4560660e-01 0.0000000e+00 
-4.0937237e-02 2.4543026e-02 0.0000000e+00 
4.7804970e-02 5.6600624e-01 0.0000000e+00 
7.6553829e-02 6.3523573e-01 0.0000000e+00 
-4.4612426e-02 3.2892922e-01 0.0000000e+00 
-7.0043795e-02 2.3502384e-01 0.0000000e+00 
0.0000000e+00 0.0000000e+00 0.0000000e+00 
-8.0785096e-02 1.4011250e-01 0.0000000e+00 
-7.9875149e-02 1.2393910e-01 0.0000000e+00 
1.3533366e-01 7.8443170e-01 0.0000000e+00 
-8.1440806e-02 1.5730911e-01 0.0000000e+00 
-7.8656115e-02 1.0880210e-01 0.0000000e+00 
-7.4626720e-03 4.3937880e-01 0.0000000e+00 
4.3172180e-03 4.6955100e-01 0.0000000e+00 
-5.6669101e-02 4.5253139e-02 0.0000000e+00 
-1.9486966e-02 4.1026297e-01 0.0000000e+00 
5.7932466e-02 6.0031933e-01 0.0000000e+00 
-8.1891775e-02 1.7551798e-01 0.0000000e+00 
1.5818089e-02 5.0076884e-01 0.0000000e+00 
-7.7067375e-02 9.4716094e-02 0.0000000e+00 
-5.7088930e-02 3.0416563e-01 0.0000000e+00 
-3.1726453e-02 3.8222319e-01 0.0000000e+00 
-6.9884792e-02 2.5732726e-01 0.0000000e+00 
1.0165636e-01 7.0855004e-01 0.0000000e+00 
-2.0160571e-02 3.7049924e-03 0.0000000e+00 
2.7000889e-02 5.3303027e-01 0.0000000e+00 
-8.2182564e-02 1.9473094e-01 0.0000000e+00 
8.5424036e-02 6.7165244e-01 0.0000000e+00 
-3.5946917e-02 1.7413046e-02 0.0000000e+00 
1.1628047e-01 7.4644166e-01 0.0000000e+00 
-7.5042166e-02 8.1695706e-02 0.0000000e+00 
-6.2244050e-03 -1.8693182e-03 0.0000000e+00 
-4.4158153e-02 3.5528859e-01 0.0000000e+00 
6.7603387e-02 6.3571036e-01 0.0000000e+00 
3.7823237e-02 5.6634158e-01 0.0000000e+00 
1.2931009e-01 7.8539878e-01 0.0000000e+00 
-5.2601531e-02 3.6213025e-02 0.0000000e+00 
-8.2353182e-02 2.1494293e-01 0.0000000e+00 
-7.2507150e-02 6.9753580e-02 0.0000000e+00 
-6.9708943e-02 2.8061795e-01 0.0000000e+00 
-5.6766044e-02 3.2949871e-01 0.0000000e+00 
4.8240658e-02 6.0071760e-01 0.0000000e+00 
-6.9361264e-03 4.6984676e-01 0.0000000e+00 
-8.2439572e-02 2.3615211e-01 0.0000000e+00 
-1.8983943e-02 4.3969664e-01 0.0000000e+00 
1.4079525e-01 8.2552397e-01 0.0000000e+00 
9.3752556e-02 7.0922369e-01 0.0000000e+00 
4.8354217e-03 5.0106567e-01 0.0000000e+00 
1.0911248e-01 7.4723917e-01 0.0000000e+00 
-3.1276550e-02 4.1062900e-01 0.0000000e+00 
-3.0141752e-02 1.1343559e-02 0.0000000e+00 
-6.9381967e-02 5.8897410e-02 0.0000000e+00 
7.6774508e-02 6.7221421e-01 0.0000000e+00 
-1.3900467e-02 3.9100699e-04 0.0000000e+00 
-9.2751160e-02 1.4232337e-01 0.0000000e+00 
-4.7735974e-02 2.8219247e-02 0.0000000e+00 
1.6293922e-02 5.3334838e-01 0.0000000e+00 
-9.1612458e-02 1.2640041e-01 0.0000000e+00 
-9.3623146e-02 1.5929627e-01 0.0000000e+00 
-4.3788705e-02 3.8266665e-01 0.0000000e+00 
1.2285548e-01 7.8632194e-01 0.0000000e+00 
-6.9541782e-02 3.0490461e-01 0.0000000e+00 
-9.0150110e-02 1.1154189e-01 0.0000000e+00 
-9.4279759e-02 1.7730667e-01 0.0000000e+00 
5.8207817e-02 6.3618129e-01 0.0000000e+00 
-8.2474008e-02 2.5835976e-01 0.0000000e+00 
0.0000000e+00 0.0000000e+00 0.0000000e+00 
2.7398383e-02 5.6669813e-01 0.0000000e+00 
-8.8301100e-02 9.7763382e-02 0.0000000e+00 
-5.6502238e-02 3.5584208e-01 0.0000000e+00 
-6.5578684e-02 4.9125675e-02 0.0000000e+00 
-9.4767168e-02 1.9634479e-01 0.0000000e+00 
1.3501734e-01 8.2656413e-01 0.0000000e+00 
8.5404664e-02 7.0987374e-01 0.0000000e+00 
1.0150427e-01 7.4800348e-01 0.0000000e+00 
-8.5995801e-02 8.5080013e-02 0.0000000e+00 
3.8104799e-02 6.0112661e-01 0.0000000e+00 
-9.5126823e-02 2.1640395e-01 0.0000000e+00 
-8.2485624e-02 2.8157032e-01 0.0000000e+00 
-2.3521056e-02 6.3300929e-03 0.0000000e+00 
-4.1989513e-02 2.1225508e-02 0.0000000e+00 
6.7679703e-02 6.7276400e-01 0.0000000e+00 
-1.8636098e-02 4.7020391e-01 0.0000000e+00 
-6.9406822e-02 3.3019847e-01 0.0000000e+00 
1.1596820e-01 7.8720504e-01 0.0000000e+00 
-3.0956129e-02 4.4008893e-01 0.0000000e+00 
-6.5914858e-03 5.0141144e-01 0.0000000e+00 
-4.3523677e-02 4.1108319e-01 0.0000000e+00 
-7.1363933e-03 -1.1233649e-03 0.0000000e+00 
-6.1001278e-02 4.0421240e-02 0.0000000e+00 
5.1436517e-03 5.3370357e-01 0.0000000e+00 
-8.3157338e-02 7.3504217e-02 0.0000000e+00 
-9.5395900e-02 2.3748061e-01 0.0000000e+00 
4.8367385e-02 6.3665348e-01 0.0000000e+00 
1.2881865e-01 8.2756031e-01 0.0000000e+00 
-5.6317929e-02 3.8321266e-01 0.0000000e+00 
1.6530164e-02 5.6708062e-01 0.0000000e+00 
-8.2500815e-02 3.0579105e-01 0.0000000e+00 
-1.0542916e-01 1.4485979e-01 0.0000000e+00 
9.3455121e-02 7.4873900e-01 0.0000000e+00 
-1.0648349e-01 1.6157918e-01 0.0000000e+00 
7.6612547e-02 7.1050477e-01 0.0000000e+00 
-9.5607758e-02 2.5957447e-01 0.0000000e+00 
-7.9700649e-02 6.3042350e-02 0.0000000e+00 
-1.0410086e-01 1.2922069e-01 0.0000000e+00 
-6.9326006e-02 3.5651323e-01 0.0000000e+00 
-1.0731605e-01 1.7936432e-01 0.0000000e+00 
1.0864665e-01 7.8805190e-01 0.0000000e+00 
-3.5291508e-02 1.5154201e-02 0.0000000e+00 
2.7524976e-02 6.0155112e-01 0.0000000e+00 
-1.0244083e-01 1.1467840e-01 0.0000000e+00 
5.8139794e-02 6.7330658e-01 0.0000000e+00 
-5.5545192e-02 3.2741886e-02 0.0000000e+00 
-1.6157290e-02 2.4397285e-03 0.0000000e+00 
-1.0797391e-01 1.9820347e-01 0.0000000e+00 
-3.0785151e-02 4.7062653e-01 0.0000000e+00 
-1.0038538e-01 1.0125048e-01 0.0000000e+00 
-1.8464215e-02 5.0181043e-01 0.0000000e+00 
1.2219655e-01 8.2851565e-01 0.0000000e+00 
-4.3382712e-02 4.4055957e-01 0.0000000e+00 
-9.5792398e-02 2.8268832e-01 0.0000000e+00 
-8.2543798e-02 3.3103189e-01 0.0000000e+00 
-1.0849939e-01 2.1808790e-01 0.0000000e+00 
-6.4507946e-03 5.3410029e-01 0.0000000e+00 
3.8082324e-02 6.3713163e-01 0.0000000e+00 
-7.5531200e-02 5.3689763e-02 0.0000000e+00 
0.0000000e+00 0.0000000e+00 0.0000000e+00 
-5.6233026e-02 4.1162923e-01 0.0000000e+00 
-9.7864330e-02 8.8954002e-02 0.0000000e+00 
5.2182465e-03 5.6749356e-01 0.0000000e+00 
8.4964395e-02 7.4944997e-01 0.0000000e+00 
6.7376107e-02 7.1112138e-01 0.0000000e+00 
-6.9320157e-02 3.8386467e-01 0.0000000e+00 
-1.0893045e-01 2.3901215e-01 0.0000000e+00 
1.0088941e-01 7.8886634e-01 0.0000000e+00 
1.3414557e-01 8.7022930e-01 0.0000000e+00 
-4.9097847e-02 2.6005959e-02 0.0000000e+00 
-2.7606219e-02 9.8977536e-03 0.0000000e+00 
-9.5976956e-02 3.0682796e-01 0.0000000e+00 
1.6501222e-02 6.0199583e-01 0.0000000e+00 
4.8154972e-02 6.7384660e-01 0.0000000e+00 
-9.4800435e-02 7.7803209e-02 0.0000000e+00 
1.1514859e-01 8.2943332e-01 0.0000000e+00 
-7.0542850e-02 4.5423105e-02 0.0000000e+00 
-8.2636997e-02 3.5730529e-01 0.0000000e+00 
-1.0930119e-01 2.6097405e-01 0.0000000e+00 
-8.2335649e-03 -9.3397302e-06 0.0000000e+00 
-1.2005466e-01 1.6415879e-01 0.0000000e+00 
-1.1885785e-01 1.4772223e-01 0.0000000e+00 
-4.3385893e-02 4.7111845e-01 0.0000000e+00 
-3.0784480e-02 5.0226659e-01 0.0000000e+00 
2.7352845e-02 6.3762045e-01 0.0000000e+00 
-1.2102865e-01 1.8169232e-01 0.0000000e+00 
-1.1738645e-01 1.3239966e-01 0.0000000e+00 
-5.6267355e-02 4.4111216e-01 0.0000000e+00 
-1.8490398e-02 5.3454268e-01 0.0000000e+00 
7.6031551e-02 7.5014061e-01 0.0000000e+00 
1.2776947e-01 8.7124056e-01 0.0000000e+00 
-9.1108426e-02 6.7806222e-02 0.0000000e+00 
-1.2182677e-01 2.0030858e-01 0.0000000e+00 
9.2695162e-02 7.8965211e-01 0.0000000e+00 
-1.1558370e-01 1.1821035e-01 0.0000000e+00 
-9.6186183e-02 3.3200186e-01 0.0000000e+00 
5.7695307e-02 7.1172804e-01 0.0000000e+00 
-6.9409452e-02 4.1227049e-01 0.0000000e+00 
-6.5377811e-03 5.6794125e-01 0.0000000e+00 
-1.0964224e-01 2.8397462e-01 0.0000000e+00 
-4.1542348e-02 2.0070957e-02 0.0000000e+00 
-1.2249145e-01 2.1999657e-01 0.0000000e+00 
1.0767245e-01 8.3031660e-01 0.0000000e+00 
-6.4614512e-02 3.8188301e-02 0.0000000e+00 
-1.1338766e-01 1.0517475e-01 0.0000000e+00 
3.7725460e-02 6.7438865e-01 0.0000000e+00 
-8.2801588e-02 3.8462582e-01 0.0000000e+00 
-1.8982086e-02 5.3618117e-03 0.0000000e+00 
5.0335238e-03 6.0246497e-01 0.0000000e+00 
-1.2306091e-01 2.4074863e-01 0.0000000e+00 
-8.6693466e-02 5.8960039e-02 0.0000000e+00 
-1.0998124e-01 3.0801794e-01 0.0000000e+00 
-1.1073110e-01 9.3313150e-02 0.0000000e+00 
1.2097834e-01 8.7221444e-01 0.0000000e+00 
0.0000000e+00 0.0000000e+00 0.0000000e+00 
-9.6442908e-02 3.5822108e-01 0.0000000e+00 
1.6179161e-02 6.3812423e-01 0.0000000e+00 
6.6656135e-02 7.5081515e-01 0.0000000e+00 
8.4062740e-02 7.9041320e-01 0.0000000e+00 
-4.3554112e-02 5.0278366e-01 0.0000000e+00 
-5.6441065e-02 4.7168314e-01 0.0000000e+00 
-1.2356952e-01 2.6256049e-01 0.0000000e+00 
-3.0976234e-02 5.3503466e-01 0.0000000e+00 
4.7570184e-02 7.1232921e-01 0.0000000e+00 
-6.9613852e-02 4.4174999e-01 0.0000000e+00 
9.9766016e-02 8.3116883e-01 0.0000000e+00 
-5.7604708e-02 3.1880442e-02 0.0000000e+00 
-1.8738396e-02 5.6842780e-01 0.0000000e+00 
-1.0754137e-01 8.2643554e-02 0.0000000e+00 
-3.2772195e-02 1.4704517e-02 0.0000000e+00 
-8.3057955e-02 4.1301003e-01 0.0000000e+00 
-1.3436896e-01 1.6703358e-01 0.0000000e+00 
-8.1448540e-02 5.1242884e-02 0.0000000e+00 
-1.3307527e-01 1.5090777e-01 0.0000000e+00 
2.6851507e-02 6.7493707e-01 0.0000000e+00 
-1.3544513e-01 1.8429005e-01 0.0000000e+00 
-1.1034331e-01 3.3311093e-01 0.0000000e+00 
-6.8781651e-03 6.0296285e-01 0.0000000e+00 
-1.3151444e-01 1.3593253e-01 0.0000000e+00 
-1.2404817e-01 2.8543121e-01 0.0000000e+00 
-1.3634939e-01 2.0266025e-01 0.0000000e+00 
1.1376889e-01 8.7315357e-01 0.0000000e+00 
-9.6406937e-03 1.6766532e-03 0.0000000e+00 
-9.6768565e-02 3.8549888e-01 0.0000000e+00 
-1.3712336e-01 2.2213058e-01 0.0000000e+00 
-1.2963299e-01 1.2213027e-01 0.0000000e+00 
7.4991114e-02 7.9115343e-01 0.0000000e+00 
-1.0374036e-01 7.3178776e-02 0.0000000e+00 
5.6837820e-02 7.5147778e-01 0.0000000e+00 
4.5614825e-03 6.3864726e-01 0.0000000e+00 
9.1427341e-02 8.3199340e-01 0.0000000e+00 
3.7000854e-02 7.1292907e-01 0.0000000e+00 
-1.3780479e-01 2.4269103e-01 0.0000000e+00 
-1.2737398e-01 1.0952494e-01 0.0000000e+00 
-1.2452476e-01 3.0936304e-01 0.0000000e+00 
-5.6775037e-02 5.0336504e-01 0.0000000e+00 
-1.1075155e-01 3.5926312e-01 0.0000000e+00 
-6.9953516e-02 4.7232389e-01 0.0000000e+00 
1.2610087e-01 9.1646200e-01 0.0000000e+00 
-4.3909453e-02 5.3557980e-01 0.0000000e+00 
-4.9342923e-02 2.6308190e-02 0.0000000e+00 
-7.5249583e-02 4.4601981e-02 0.0000000e+00 
-8.3426110e-02 4.4247609e-01 0.0000000e+00 
-3.1384125e-02 5.6895691e-01 0.0000000e+00 
1.0613809e-01 8.7406075e-01 0.0000000e+00 
-2.2740850e-02 9.5669618e-03 0.0000000e+00 
1.5533405e-02 6.7549610e-01 0.0000000e+00 
-1.3842779e-01 2.6433504e-01 0.0000000e+00 
-9.9244244e-02 6.4922139e-02 0.0000000e+00 
-1.2467768e-01 9.8140843e-02 0.0000000e+00 
-9.7183645e-02 4.1385058e-01 0.0000000e+00 
-1.9233910e-02 6.0349333e-01 0.0000000e+00 
6.5479442e-02 7.9187655e-01 0.0000000e+00 
-1.2502456e-01 3.3436117e-01 0.0000000e+00 
4.6576407e-02 7.5213259e-01 0.0000000e+00 
0.0000000e+00 0.0000000e+00 0.0000000e+00 
8.2654685e-02 8.3279365e-01 0.0000000e+00 
1.1914083e-01 9.1744161e-01 0.0000000e+00 
-1.3902311e-01 2.8705955e-01 0.0000000e+00 
-1.4945732e-01 1.7019939e-01 0.0000000e+00 
-7.4999593e-03 6.3919359e-01 0.0000000e+00 
-1.5059206e-01 1.8715502e-01 0.0000000e+00 
-1.1122751e-01 3.8648632e-01 0.0000000e+00 
2.5987508e-02 7.1353179e-01 0.0000000e+00 
-1.4811766e-01 1.5440996e-01 0.0000000e+00 
-1.2148287e-01 8.8000804e-02 0.0000000e+00 
-1.5156469e-01 2.0525712e-01 0.0000000e+00 
-6.7945972e-02 3.8932763e-02 0.0000000e+00 
9.8083101e-02 8.7493873e-01 0.0000000e+00 
-1.4652757e-01 1.3980964e-01 0.0000000e+00 
-3.9618917e-02 2.1125862e-02 0.0000000e+00 
-1.5241492e-01 2.2448945e-01 0.0000000e+00 
-9.3963377e-02 5.7861283e-02 0.0000000e+00 
-7.0449270e-02 5.0401402e-01 0.0000000e+00 
-5.7291266e-02 5.3618163e-01 0.0000000e+00 
-8.3926193e-02 4.7304365e-01 0.0000000e+00 
3.7715083e-03 6.7606980e-01 0.0000000e+00 
-4.4475533e-02 5.6953228e-01 0.0000000e+00 
-1.4463954e-01 1.2642400e-01 0.0000000e+00 
-1.2557076e-01 3.6043346e-01 0.0000000e+00 
-1.3961855e-01 3.1086484e-01 0.0000000e+00 
-1.5317923e-01 2.4483944e-01 0.0000000e+00 
-9.7708151e-02 4.4329312e-01 0.0000000e+00 
-1.1607201e-02 4.3548029e-03 0.0000000e+00 
5.5527020e-02 7.9258651e-01 0.0000000e+00 
-1.1772891e-01 7.9123870e-02 0.0000000e+00 
1.1177056e-01 9.1838974e-01 0.0000000e+00 
-3.2033782e-02 6.0406017e-01 0.0000000e+00 
7.3446512e-02 8.3357310e-01 0.0000000e+00 
3.5871822e-02 7.5278348e-01 0.0000000e+00 
-1.4240542e-01 1.1428041e-01 0.0000000e+00 
-1.1179170e-01 4.1479456e-01 0.0000000e+00 
-1.5389080e-01 2.6629823e-01 0.0000000e+00 
8.9601345e-02 8.7579048e-01 0.0000000e+00 
1.4530450e-02 7.1414137e-01 0.0000000e+00 
-2.0004909e-02 6.3976705e-01 0.0000000e+00 
-1.4023930e-01 3.3575425e-01 0.0000000e+00 
-8.7802000e-02 5.1958736e-02 0.0000000e+00 
-5.9339449e-02 3.4040354e-02 0.0000000e+00 
-1.2618490e-01 3.8759029e-01 0.0000000e+00 
-1.3977848e-01 1.0340693e-01 0.0000000e+00 
-1.5457979e-01 2.8886053e-01 0.0000000e+00 
-1.1335957e-01 7.1521878e-02 0.0000000e+00 
-2.8186845e-02 1.5697218e-02 0.0000000e+00 
1.0398626e-01 9.1930866e-01 0.0000000e+00 
-8.4337685e-03 6.7666209e-01 0.0000000e+00 
-7.1122937e-02 5.3684324e-01 0.0000000e+00 
-8.4578872e-02 5.0473350e-01 0.0000000e+00 
4.5133341e-02 7.9328692e-01 0.0000000e+00 
-1.6649438e-01 1.9028273e-01 0.0000000e+00 
-1.6534847e-01 1.7364942e-01 0.0000000e+00 
6.3801490e-02 8.3433515e-01 0.0000000e+00 
-5.8013216e-02 5.7015723e-01 0.0000000e+00 
-9.8362103e-02 4.7384506e-01 0.0000000e+00 
-1.6749437e-01 2.0809637e-01 0.0000000e+00 
2.4724133e-02 7.5343448e-01 0.0000000e+00 
-1.6401818e-01 1.5821882e-01 0.0000000e+00 
-4.5277856e-02 6.0466695e-01 0.0000000e+00 
-1.6838504e-01 2.2707154e-01 0.0000000e+00 
-1.1246403e-01 4.4420356e-01 0.0000000e+00 
-1.4090839e-01 3.6173388e-01 0.0000000e+00 
8.0690481e-02 8.7661898e-01 0.0000000e+00 
0.0000000e+00 0.0000000e+00 0.0000000e+00 
-1.3671690e-01 9.3830638e-02 0.0000000e+00 
-1.5527350e-01 3.1252447e-01 0.0000000e+00 
-1.6246420e-01 1.4401647e-01 0.0000000e+00 
2.6300817e-03 7.1476179e-01 0.0000000e+00 
-1.6920064e-01 2.4719317e-01 0.0000000e+00 
-8.0658928e-02 4.7137599e-02 0.0000000e+00 
-3.2953076e-02 6.4037126e-01 0.0000000e+00 
-1.2688735e-01 4.1584417e-01 0.0000000e+00 
1.1661814e-01 9.6421671e-01 0.0000000e+00 
-1.0833043e-01 6.5194815e-02 0.0000000e+00 
-1.6064791e-01 1.3107057e-01 0.0000000e+00 
-4.9129378e-02 2.9558891e-02 0.0000000e+00 
9.5784411e-02 9.2020077e-01 0.0000000e+00 
-1.6997282e-01 2.6844999e-01 0.0000000e+00 
5.3718518e-02 8.3508331e-01 0.0000000e+00 
3.4298085e-02 7.9398161e-01 0.0000000e+00 
-1.5599674e-01 3.3729145e-01 0.0000000e+00 
-2.1081936e-02 6.7727673e-01 0.0000000e+00 
-1.3318980e-01 8.5575290e-02 0.0000000e+00 
-1.4164720e-01 3.8881254e-01 0.0000000e+00 
-1.4889391e-02 8.8775484e-03 0.0000000e+00 
-1.5853395e-01 1.1941094e-01 0.0000000e+00 
-8.5405752e-02 5.3756750e-01 0.0000000e+00 
7.1348406e-02 8.7742728e-01 0.0000000e+00 
1.3133564e-02 7.5408936e-01 0.0000000e+00 
-9.9165954e-02 5.0552619e-01 0.0000000e+00 
-7.1997769e-02 5.7083488e-01 0.0000000e+00 
-1.7073055e-01 2.9083449e-01 0.0000000e+00 
-1.1326429e-01 4.7473061e-01 0.0000000e+00 
1.0908938e-01 9.6516216e-01 0.0000000e+00 
-5.8966193e-02 6.0531688e-01 0.0000000e+00 
-9.7130779e-03 7.1539676e-01 0.0000000e+00 
8.7161802e-02 9.2106849e-01 0.0000000e+00 
-1.2769783e-01 4.4520953e-01 0.0000000e+00 
-1.0262475e-01 6.0123689e-02 0.0000000e+00 
-1.5609406e-01 1.0906763e-01 0.0000000e+00 
-7.2433680e-02 4.3260474e-02 0.0000000e+00 
-1.5677220e-01 3.6316583e-01 0.0000000e+00 
-1.8317479e-01 1.9366685e-01 0.0000000e+00 
-4.6344128e-02 6.4100975e-01 0.0000000e+00 
-1.8415850e-01 2.1117379e-01 0.0000000e+00 
-1.8206796e-01 1.7737441e-01 0.0000000e+00 
-1.2918784e-01 7.8657769e-02 0.0000000e+00 
-1.7150025e-01 3.1434262e-01 0.0000000e+00 
-1.8505140e-01 2.2987418e-01 0.0000000e+00 
-1.8080549e-01 1.6232099e-01 0.0000000e+00 
4.3196723e-02 8.3582103e-01 0.0000000e+00 
-3.6739945e-02 2.4749849e-02 0.0000000e+00 
-1.4247584e-01 4.1700122e-01 0.0000000e+00 
2.3021117e-02 7.9467428e-01 0.0000000e+00 
6.1573308e-02 8.7821847e-01 0.0000000e+00 
-1.8588462e-01 2.4975063e-01 0.0000000e+00 
-3.4172423e-02 6.7791718e-01 0.0000000e+00 
-1.7935637e-01 1.4853400e-01 0.0000000e+00 
1.0115422e-01 9.6608150e-01 0.0000000e+00 
1.1004906e-03 7.5475180e-01 0.0000000e+00 
-1.5331374e-01 1.0006882e-01 0.0000000e+00 
-1.0014102e-01 5.3835714e-01 0.0000000e+00 
0.0000000e+00 0.0000000e+00 0.0000000e+00 
-1.8668750e-01 2.7078959e-01 0.0000000e+00 
7.8115463e-02 9.2191446e-01 0.0000000e+00 
-1.7230599e-01 3.3897379e-01 0.0000000e+00 
-8.6429812e-02 5.7156813e-01 0.0000000e+00 
-1.1421265e-01 5.0639439e-01 0.0000000e+00 
-1.5762083e-01 3.9015466e-01 0.0000000e+00 
-1.7769350e-01 1.3604291e-01 0.0000000e+00 
-7.3098823e-02 6.0601312e-01 0.0000000e+00 
-1.2863582e-01 4.7570249e-01 0.0000000e+00 
-2.2498390e-02 7.1604991e-01 0.0000000e+00 
-9.6292257e-02 5.6258131e-02 0.0000000e+00 
-1.2474390e-01 7.3081970e-02 0.0000000e+00 
-6.3064665e-02 4.0106066e-02 0.0000000e+00 
-1.8748729e-01 2.9298130e-01 0.0000000e+00 
-6.0177676e-02 6.4168572e-01 0.0000000e+00 
3.2235473e-02 8.3655179e-01 0.0000000e+00 
-1.4341368e-01 4.4631299e-01 0.0000000e+00 
1.1302514e-02 7.9536843e-01 0.0000000e+00 
5.1363628e-02 8.7899566e-01 0.0000000e+00 
9.2808470e-02 9.6697658e-01 0.0000000e+00 
-1.5020302e-01 9.2437141e-02 0.0000000e+00 
-1.7579776e-01 1.2487786e-01 0.0000000e+00 
-1.7316982e-01 3.6473045e-01 0.0000000e+00 
-2.0725582e-02 1.7871181e-02 0.0000000e+00 
-4.7704577e-02 6.7858690e-01 0.0000000e+00 
-1.1374542e-02 7.5542551e-01 0.0000000e+00 
6.8642758e-02 9.2274135e-01 0.0000000e+00 
-1.8830906e-01 3.1631958e-01 0.0000000e+00 
-1.5856235e-01 4.1826737e-01 0.0000000e+00 
-2.0065297e-01 1.9729951e-01 0.0000000e+00 
-2.0157498e-01 2.1448404e-01 0.0000000e+00 
-1.9963722e-01 1.8136306e-01 0.0000000e+00 
-2.0243013e-01 2.3289385e-01 0.0000000e+00 
-1.7366388e-01 1.1506747e-01 0.0000000e+00 
-1.1533006e-01 5.3921461e-01 0.0000000e+00 
-1.0130993e-01 5.7235962e-01 0.0000000e+00 
-1.1997563e-01 6.8825826e-02 0.0000000e+00 
-1.9850253e-01 1.6670042e-01 0.0000000e+00 
-2.0324558e-01 2.5250965e-01 0.0000000e+00 
-3.5725087e-02 7.1672469e-01 0.0000000e+00 
-1.2972112e-01 5.0734049e-01 0.0000000e+00 
-8.9558527e-02 5.3485494e-02 0.0000000e+00 
1.0565607e-01 1.0134881e+00 0.0000000e+00 
-8.7675758e-02 6.0675848e-01 0.0000000e+00 
8.4048279e-02 9.6784961e-01 0.0000000e+00 
-1.4681534e-01 8.6183064e-02 0.0000000e+00 
2.0834377e-02 8.3727902e-01 0.0000000e+00 
-1.7411214e-01 3.9161792e-01 0.0000000e+00 
-1.8917583e-01 3.4080184e-01 0.0000000e+00 
4.0718090e-02 8.7976205e-01 0.0000000e+00 
-1.4447980e-01 4.7676259e-01 0.0000000e+00 
-8.5744110e-04 7.9606766e-01 0.0000000e+00 
-2.0404762e-01 2.7331582e-01 0.0000000e+00 
-1.9722781e-01 1.5333955e-01 0.0000000e+00 
-7.4453272e-02 6.4240217e-01 0.0000000e+00 
-5.2775413e-02 3.7369616e-02 0.0000000e+00 
5.8741350e-02 9.2355186e-01 0.0000000e+00 
-1.7131005e-01 1.0663508e-01 0.0000000e+00 
-1.5961564e-01 4.4751558e-01 0.0000000e+00 
-2.4290821e-02 7.5611383e-01 0.0000000e+00 
-2.0486124e-01 2.9530045e-01 0.0000000e+00 
-6.1677650e-02 6.7928898e-01 0.0000000e+00 
-1.9579956e-01 1.4130914e-01 0.0000000e+00 
9.7574271e-02 1.0143971e+00 0.0000000e+00 
-1.9010872e-01 3.6642861e-01 0.0000000e+00 
0.0000000e+00 0.0000000e+00 0.0000000e+00 
7.4870124e-02 9.6870267e-01 0.0000000e+00 
-1.7515202e-01 4.1964400e-01 0.0000000e+00 
-1.1518047e-01 6.5806612e-02 0.0000000e+00 
-1.4328183e-01 8.1291005e-02 0.0000000e+00 
-4.9392272e-02 7.1742433e-01 0.0000000e+00 
-2.0570976e-01 3.1845543e-01 0.0000000e+00 
8.9933090e-03 8.3800602e-01 0.0000000e+00 
2.9635713e-02 8.8052082e-01 0.0000000e+00 
-1.1663870e-01 5.7321173e-01 0.0000000e+00 
-1.3097419e-01 5.4014206e-01 0.0000000e+00 
-1.9421701e-01 1.3063648e-01 0.0000000e+00 
-8.3186030e-02 5.1507927e-02 0.0000000e+00 
-1.0269697e-01 6.0755563e-01 0.0000000e+00 
-1.6879286e-01 9.9591970e-02 0.0000000e+00 
-1.4569348e-01 5.0836629e-01 0.0000000e+00 
-1.3458250e-02 7.9677540e-01 0.0000000e+00 
4.8409205e-02 9.2434889e-01 0.0000000e+00 
-2.1975911e-01 2.1802084e-01 0.0000000e+00 
-2.1894509e-01 2.0117170e-01 0.0000000e+00 
-2.2053547e-01 2.3612635e-01 0.0000000e+00 
-8.9170411e-02 6.4316201e-01 0.0000000e+00 
-1.6079925e-01 4.7791269e-01 0.0000000e+00 
-2.1807273e-01 1.8560256e-01 0.0000000e+00 
-1.9112730e-01 3.9320338e-01 0.0000000e+00 
-2.2129650e-01 2.5546750e-01 0.0000000e+00 
8.9088947e-02 1.0152849e+00 0.0000000e+00 
-4.3592799e-02 3.4961469e-02 0.0000000e+00 
-2.0661472e-01 3.4277606e-01 0.0000000e+00 
-3.7647460e-02 7.5682020e-01 0.0000000e+00 
6.5270796e-02 9.6953809e-01 0.0000000e+00 
-7.6090783e-02 6.8002653e-01 0.0000000e+00 
-2.1712519e-01 1.7133920e-01 0.0000000e+00 
-1.9249980e-01 1.2134371e-01 0.0000000e+00 
-2.2206493e-01 2.7602702e-01 0.0000000e+00 
-1.7630774e-01 4.4881880e-01 0.0000000e+00 
-1.3987425e-01 7.7686064e-02 0.0000000e+00 
1.8115804e-02 8.8127512e-01 0.0000000e+00 
-3.2876062e-03 8.3873618e-01 0.0000000e+00 
-2.1609233e-01 1.5840825e-01 0.0000000e+00 
-1.6623139e-01 9.3924262e-02 0.0000000e+00 
-1.1105939e-01 6.3766852e-02 0.0000000e+00 
-2.2286291e-01 2.9779118e-01 0.0000000e+00 
-6.3498907e-02 7.1815199e-01 0.0000000e+00 
3.7644632e-02 9.2513520e-01 0.0000000e+00 
-2.0759608e-01 3.6826098e-01 0.0000000e+00 
-2.6499195e-02 7.9749495e-01 0.0000000e+00 
-1.9224988e-01 4.2113233e-01 0.0000000e+00 
-1.3241668e-01 5.7412678e-01 0.0000000e+00 
8.0195650e-02 1.0161530e+00 0.0000000e+00 
-1.4707467e-01 5.4114151e-01 0.0000000e+00 
-1.1816237e-01 6.0840702e-01 0.0000000e+00 
-7.9857789e-02 4.9075000e-02 0.0000000e+00 
-1.9069913e-01 1.1344147e-01 0.0000000e+00 
-2.1497497e-01 1.4683500e-01 0.0000000e+00 
-1.6213188e-01 5.0947368e-01 0.0000000e+00 
5.5247460e-02 9.7035837e-01 0.0000000e+00 
-2.2371158e-01 3.2074991e-01 0.0000000e+00 
-1.0432851e-01 6.4396781e-01 0.0000000e+00 
-5.1443387e-02 7.5754774e-01 0.0000000e+00 
-1.7759719e-01 4.7915432e-01 0.0000000e+00 
-9.0943046e-02 6.8080229e-01 0.0000000e+00 
-2.0867234e-01 3.9491192e-01 0.0000000e+00 
6.1579808e-03 8.8202816e-01 0.0000000e+00 
-2.3872326e-01 2.2177745e-01 0.0000000e+00 
-1.6384442e-01 8.9565627e-02 0.0000000e+00 
-1.6007977e-02 8.3947277e-01 0.0000000e+00 
-2.3937945e-01 2.3956704e-01 0.0000000e+00 
-2.1379076e-01 1.3663994e-01 0.0000000e+00 
-1.3711721e-01 7.5147584e-02 0.0000000e+00 
-2.2463073e-01 3.4489658e-01 0.0000000e+00 
2.6446262e-02 9.2591375e-01 0.0000000e+00 
-2.3806317e-01 2.0527376e-01 0.0000000e+00 
7.0890315e-02 1.0170033e+00 0.0000000e+00 
-2.4004884e-01 2.5862119e-01 0.0000000e+00 
-1.9349395e-01 4.5022395e-01 0.0000000e+00 
9.3174458e-02 1.0642705e+00 0.0000000e+00 
-1.8891366e-01 1.0691755e-01 0.0000000e+00 
-7.8043826e-02 7.1891057e-01 0.0000000e+00 
-2.3738536e-01 1.9007939e-01 0.0000000e+00 
-1.0920642e-01 6.1868288e-02 0.0000000e+00 
-3.9979335e-02 7.9822958e-01 0.0000000e+00 
-2.4075001e-01 2.7892140e-01 0.0000000e+00 
4.4797607e-02 9.7116601e-01 0.0000000e+00 
-2.3668161e-01 1.7621867e-01 0.0000000e+00 
-1.4864439e-01 5.7510674e-01 0.0000000e+00 
-1.3407186e-01 6.0931480e-01 0.0000000e+00 
-1.6363278e-01 5.4221481e-01 0.0000000e+00 
-2.2563882e-01 3.7022808e-01 0.0000000e+00 
-2.0986085e-01 4.2273331e-01 0.0000000e+00 
-2.4150193e-01 3.0045244e-01 0.0000000e+00 
-2.1258231e-01 1.2783311e-01 0.0000000e+00 
-6.5677360e-02 7.5829953e-01 0.0000000e+00 
-1.1992692e-01 6.4482200e-01 0.0000000e+00 
-1.7903836e-01 5.1066422e-01 0.0000000e+00 
-2.3595278e-01 1.6371480e-01 0.0000000e+00 
8.4555298e-02 1.0651413e+00 0.0000000e+00 
-6.2378338e-03 8.8278300e-01 0.0000000e+00 
6.1169218e-02 1.0178378e+00 0.0000000e+00 
1.4813080e-02 9.2668748e-01 0.0000000e+00 
-1.0623337e-01 6.8161881e-01 0.0000000e+00 
-2.9167138e-02 8.4021896e-01 0.0000000e+00 
-1.6199991e-01 8.6338989e-02 0.0000000e+00 
-2.4232316e-01 3.2320261e-01 0.0000000e+00 
-1.9487660e-01 4.8048884e-01 0.0000000e+00 
-1.8731029e-01 1.0171586e-01 0.0000000e+00 
-1.3593987e-01 7.3080227e-02 0.0000000e+00 
3.3919122e-02 9.7196352e-01 0.0000000e+00 
-2.2675307e-01 3.9674425e-01 0.0000000e+00 
-5.3897500e-02 7.9898232e-01 0.0000000e+00 
-9.3025699e-02 7.1970284e-01 0.0000000e+00 
-2.3521316e-01 1.5258665e-01 0.0000000e+00 
-2.1142735e-01 1.2040466e-01 0.0000000e+00 
-2.1117812e-01 4.5173213e-01 0.0000000e+00 
-2.4323145e-01 3.4716359e-01 0.0000000e+00 
7.5534582e-02 1.0659951e+00 0.0000000e+00 
-2.5897175e-01 2.4321121e-01 0.0000000e+00 
-2.5847653e-01 2.2574700e-01 0.0000000e+00 
5.1029038e-02 1.0186585e+00 0.0000000e+00 
-2.5951222e-01 2.6196754e-01 0.0000000e+00 
-1.6532229e-01 5.7615346e-01 0.0000000e+00 
-1.5042521e-01 6.1028111e-01 0.0000000e+00 
-8.0347948e-02 7.5907844e-01 0.0000000e+00 
-2.5801492e-01 2.0959601e-01 0.0000000e+00 
-1.8064973e-01 5.4336357e-01 0.0000000e+00 
-1.9071402e-02 8.8354278e-01 0.0000000e+00 
-1.3596492e-01 6.4572680e-01 0.0000000e+00 
2.7444116e-03 9.2745936e-01 0.0000000e+00 
-2.3449624e-01 1.4284404e-01 0.0000000e+00 
-2.6011214e-01 2.8199697e-01 0.0000000e+00 
-2.5757995e-01 1.9478028e-01 0.0000000e+00 
-4.2764161e-02 8.4097785e-01 0.0000000e+00 
-2.2798966e-01 4.2444792e-01 0.0000000e+00 
-1.8614414e-01 9.7698294e-02 0.0000000e+00 
-1.9641496e-01 5.1193929e-01 0.0000000e+00 
-2.4424349e-01 3.7233034e-01 0.0000000e+00 
-1.2196060e-01 6.8247855e-01 0.0000000e+00 
2.2610247e-02 9.7275364e-01 0.0000000e+00 
-1.6124281e-01 8.3838359e-02 0.0000000e+00 
-2.6078695e-01 3.0328324e-01 0.0000000e+00 
-2.1045014e-01 1.1430919e-01 0.0000000e+00 
-2.5717169e-01 1.8132094e-01 0.0000000e+00 
-6.8252303e-02 7.9975617e-01 0.0000000e+00 
-2.1264035e-01 4.8191744e-01 0.0000000e+00 
6.6107750e-02 1.0668334e+00 0.0000000e+00 
-1.0844310e-01 7.2053140e-01 0.0000000e+00 
4.0466819e-02 1.0194678e+00 0.0000000e+00 
-2.6155239e-01 3.2581320e-01 0.0000000e+00 
-2.3386133e-01 1.3447994e-01 0.0000000e+00 
-2.4537502e-01 3.9870110e-01 0.0000000e+00 
-2.5680080e-01 1.6923560e-01 0.0000000e+00 
-9.7600603e-03 9.2823231e-01 0.0000000e+00 
-3.2342169e-02 8.8431054e-01 0.0000000e+00 
-2.2936401e-01 4.5334437e-01 0.0000000e+00 
-9.5453553e-02 7.5988716e-01 0.0000000e+00 
-1.6722223e-01 6.1130768e-01 0.0000000e+00 
-1.8245082e-01 5.7726854e-01 0.0000000e+00 
-2.6242393e-01 3.4957707e-01 0.0000000e+00 
1.0869614e-02 9.7353905e-01 0.0000000e+00 
-5.6797836e-02 8.4175247e-01 0.0000000e+00 
-1.5244167e-01 6.4668429e-01 0.0000000e+00 
-1.8575142e-01 9.4581082e-02 0.0000000e+00 
-1.9812667e-01 5.4458916e-01 0.0000000e+00 
-2.0982844e-01 1.0944057e-01 0.0000000e+00 
5.6270611e-02 1.0676577e+00 0.0000000e+00 
-2.5649247e-01 1.5853405e-01 0.0000000e+00 
-1.3812348e-01 6.8338376e-01 0.0000000e+00 
7.9133779e-02 1.1165584e+00 0.0000000e+00 
-2.7931947e-01 2.4705440e-01 0.0000000e+00 
-2.1426366e-01 5.1330018e-01 0.0000000e+00 
-2.3339972e-01 1.2745886e-01 0.0000000e+00 
2.9480018e-02 1.0202681e+00 0.0000000e+00 
-2.7969438e-01 2.6550364e-01 0.0000000e+00 
-2.7902460e-01 2.2992305e-01 0.0000000e+00 
-2.4664088e-01 4.2627695e-01 0.0000000e+00 
-8.3042130e-02 8.0055386e-01 0.0000000e+00 
-2.6341626e-01 3.7456813e-01 0.0000000e+00 
-2.8015915e-01 2.8525195e-01 0.0000000e+00 
-2.7880344e-01 2.1412951e-01 0.0000000e+00 
-1.2429441e-01 7.2139859e-01 0.0000000e+00 
-2.3089121e-01 4.8344126e-01 0.0000000e+00 
-2.8072557e-01 3.0628258e-01 0.0000000e+00 
-2.2700293e-02 9.2900926e-01 0.0000000e+00 
-2.7865526e-01 1.9969310e-01 0.0000000e+00 
-4.6049267e-02 8.8508928e-01 0.0000000e+00 
-2.5629076e-01 1.4921220e-01 0.0000000e+00 
-1.3037542e-03 9.7432250e-01 0.0000000e+00 
4.6019394e-02 1.0684701e+00 0.0000000e+00 
-1.1099237e-01 7.6072824e-01 0.0000000e+00 
6.9992475e-02 1.1173892e+00 0.0000000e+00 
-7.1266688e-02 8.4254563e-01 0.0000000e+00 
-2.8140643e-01 3.2858136e-01 0.0000000e+00 
-2.0977943e-01 1.0559607e-01 0.0000000e+00 
-2.6454347e-01 4.0078303e-01 0.0000000e+00 
-2.7858731e-01 1.8663022e-01 0.0000000e+00 
-1.8446259e-01 6.1239618e-01 0.0000000e+00 
-2.4805522e-01 4.5506164e-01 0.0000000e+00 
1.8066503e-02 1.0210615e+00 0.0000000e+00 
-2.3323634e-01 1.2169973e-01 0.0000000e+00 
-2.0003034e-01 5.7845342e-01 0.0000000e+00 
-1.6935632e-01 6.4769620e-01 0.0000000e+00 
-2.1606475e-01 5.4589295e-01 0.0000000e+00 
-1.5472065e-01 6.8433636e-01 0.0000000e+00 
-9.8265134e-02 8.0137819e-01 0.0000000e+00 
-2.8221464e-01 3.5213715e-01 0.0000000e+00 
-2.5626203e-01 1.4124316e-01 0.0000000e+00 
-2.7861768e-01 1.7495091e-01 0.0000000e+00 
-2.3258637e-01 5.1474810e-01 0.0000000e+00 
-1.4057791e-01 7.2230667e-01 0.0000000e+00 
-3.6075875e-02 9.2979312e-01 0.0000000e+00 
6.0450789e-02 1.1182069e+00 0.0000000e+00 
3.5350736e-02 1.0692726e+00 0.0000000e+00 
-1.3910435e-02 9.7510672e-01 0.0000000e+00 
-2.6581886e-01 4.2822120e-01 0.0000000e+00 
-6.0191493e-02 8.8588178e-01 0.0000000e+00 
-2.8316292e-01 3.7694195e-01 0.0000000e+00 
-3.0042717e-01 2.5109279e-01 0.0000000e+00 
-3.0060118e-01 2.6922703e-01 0.0000000e+00 
-2.4963193e-01 4.8506126e-01 0.0000000e+00 
-1.2696245e-01 7.6160395e-01 0.0000000e+00 
6.2245578e-03 1.0218508e+00 0.0000000e+00 
-8.6168975e-02 8.4336007e-01 0.0000000e+00 
-3.0036977e-01 2.3430012e-01 0.0000000e+00 
-3.0089745e-01 2.8868493e-01 0.0000000e+00 
-2.7877825e-01 1.6465381e-01 0.0000000e+00 
-2.3351675e-01 1.1705443e-01 0.0000000e+00 
-3.0042738e-01 2.1886671e-01 0.0000000e+00 
-3.0132434e-01 3.0944979e-01 0.0000000e+00 
-2.5649446e-01 1.3456538e-01 0.0000000e+00 
-2.0214593e-01 6.1354816e-01 0.0000000e+00 
-1.8670788e-01 6.4876425e-01 0.0000000e+00 
-2.1806116e-01 5.7970953e-01 0.0000000e+00 
5.0504137e-02 1.1190127e+00 0.0000000e+00 
-1.1391926e-01 8.0223149e-01 0.0000000e+00 
-2.8426340e-01 4.0299073e-01 0.0000000e+00 
-2.6725522e-01 4.5688477e-01 0.0000000e+00 
2.4261706e-02 1.0700672e+00 0.0000000e+00 
-1.7175063e-01 6.8533826e-01 0.0000000e+00 
-3.0060437e-01 2.0480801e-01 0.0000000e+00 
-3.0189157e-01 3.3150694e-01 0.0000000e+00 
-2.3446499e-01 5.4727614e-01 0.0000000e+00 
-4.9886040e-02 9.3058670e-01 0.0000000e+00 
-2.6950605e-02 9.7589451e-01 0.0000000e+00 
-2.7911657e-01 1.5571934e-01 0.0000000e+00 
-7.4767344e-02 8.8669097e-01 0.0000000e+00 
-1.5729176e-01 7.2325754e-01 0.0000000e+00 
-6.0471054e-03 1.0226384e+00 0.0000000e+00 
-2.5138488e-01 5.1628399e-01 0.0000000e+00 
-3.0091316e-01 1.9213428e-01 0.0000000e+00 
-3.0260953e-01 3.5484418e-01 0.0000000e+00 
-1.0150267e-01 8.4419841e-01 0.0000000e+00 
-1.4336167e-01 7.6251656e-01 0.0000000e+00 
-2.8552777e-01 4.3028143e-01 0.0000000e+00 
-2.5708786e-01 1.2906861e-01 0.0000000e+00 
4.0148359e-02 1.1198084e+00 0.0000000e+00 
-2.6886505e-01 4.8677844e-01 0.0000000e+00 
1.2749804e-02 1.0708560e+00 0.0000000e+00 
-3.0348873e-01 3.7945232e-01 0.0000000e+00 
6.3494682e-02 1.1703459e+00 0.0000000e+00 
-3.0137599e-01 1.8084660e-01 0.0000000e+00 
-2.7969468e-01 1.4810099e-01 0.0000000e+00 
-1.3000225e-01 8.0311614e-01 0.0000000e+00 
-2.2027184e-01 6.1476487e-01 0.0000000e+00 
-6.4129643e-02 9.3139279e-01 0.0000000e+00 
-2.0449534e-01 6.4989001e-01 0.0000000e+00 
-4.0424030e-02 9.7668862e-01 0.0000000e+00 
-3.2223642e-01 2.7313599e-01 0.0000000e+00 
-3.2229683e-01 2.5532362e-01 0.0000000e+00 
-2.3654355e-01 5.8103806e-01 0.0000000e+00 
-3.2233199e-01 2.9229504e-01 0.0000000e+00 
-1.8921186e-01 6.8639106e-01 0.0000000e+00 
-8.9774996e-02 8.8751936e-01 0.0000000e+00 
-1.8749334e-02 1.0234270e+00 0.0000000e+00 
-3.2251105e-01 2.3887417e-01 0.0000000e+00 
-3.2258862e-01 3.1278470e-01 0.0000000e+00 
-2.8696731e-01 4.5881474e-01 0.0000000e+00 
-2.5332838e-01 5.4873973e-01 0.0000000e+00 
-1.7443395e-01 7.2425306e-01 0.0000000e+00 
-3.0453941e-01 4.0532497e-01 0.0000000e+00 
2.9379731e-02 1.1205959e+00 0.0000000e+00 
-3.0202618e-01 1.7093147e-01 0.0000000e+00 
-3.2288125e-01 2.2380219e-01 0.0000000e+00 
-3.2301331e-01 3.3459017e-01 0.0000000e+00 
5.3845569e-02 1.1711351e+00 0.0000000e+00 
-1.1726552e-01 8.4506303e-01 0.0000000e+00 
8.1298692e-04 1.0716414e+00 0.0000000e+00 
-2.7066094e-01 5.1790893e-01 0.0000000e+00 
-1.6018772e-01 7.6346803e-01 0.0000000e+00 
-2.8058162e-01 1.4171569e-01 0.0000000e+00 
-3.2341522e-01 2.1011825e-01 0.0000000e+00 
-3.2361385e-01 3.5769871e-01 0.0000000e+00 
-5.4330073e-02 9.7749180e-01 0.0000000e+00 
-3.0577150e-01 4.3245858e-01 0.0000000e+00 
-7.8805193e-02 9.3221414e-01 0.0000000e+00 
-1.4651160e-01 8.0403429e-01 0.0000000e+00 
-3.1882536e-02 1.0242192e+00 0.0000000e+00 
-2.8859308e-01 4.8859376e-01 0.0000000e+00 
-3.0290687e-01 1.6235413e-01 0.0000000e+00 
1.8194968e-02 1.1213769e+00 0.0000000e+00 
-1.0521231e-01 8.8836956e-01 0.0000000e+00 
-2.2271758e-01 6.5107465e-01 0.0000000e+00 
-3.2412788e-01 1.9782549e-01 0.0000000e+00 
-2.3883983e-01 6.1604756e-01 0.0000000e+00 
4.3796565e-02 1.1719147e+00 0.0000000e+00 
-2.0710270e-01 6.8749624e-01 0.0000000e+00 
-3.2439864e-01 3.8210008e-01 0.0000000e+00 
-2.5547773e-01 5.8243996e-01 0.0000000e+00 
-1.1550330e-02 1.0724260e+00 0.0000000e+00 
-1.9200239e-01 7.2529489e-01 0.0000000e+00 
-1.3345499e-01 8.4595627e-01 0.0000000e+00 
-2.7265590e-01 5.5028486e-01 0.0000000e+00 
-3.0719465e-01 4.6085241e-01 0.0000000e+00 
-3.4460208e-01 2.7722985e-01 0.0000000e+00 
-3.4446618e-01 2.9608214e-01 0.0000000e+00 
-3.2504180e-01 1.8691537e-01 0.0000000e+00 
-1.7743817e-01 7.6446015e-01 0.0000000e+00 
-3.4492800e-01 2.5974554e-01 0.0000000e+00 
-3.2537585e-01 4.0778667e-01 0.0000000e+00 
-3.4452277e-01 3.1628761e-01 0.0000000e+00 
-6.8667673e-02 9.7830671e-01 0.0000000e+00 
-3.0406541e-01 1.5505159e-01 0.0000000e+00 
-2.9041621e-01 5.1962388e-01 0.0000000e+00 
-3.4544447e-01 2.4364309e-01 0.0000000e+00 
-9.3910813e-02 9.3305326e-01 0.0000000e+00 
6.5912548e-03 1.1221534e+00 0.0000000e+00 
-4.5446664e-02 1.0250175e+00 0.0000000e+00 
3.3343196e-02 1.1726860e+00 0.0000000e+00 
-3.4477627e-01 3.3783183e-01 0.0000000e+00 
-1.6344467e-01 8.0498785e-01 0.0000000e+00 
-1.2107684e-01 8.8924396e-01 0.0000000e+00 
-3.4615585e-01 2.2893324e-01 0.0000000e+00 
-2.4341257e-02 1.0732120e+00 0.0000000e+00 
-3.2618612e-01 1.7736247e-01 0.0000000e+00 
-3.4523228e-01 3.6070171e-01 0.0000000e+00 
-3.2655373e-01 4.3475366e-01 0.0000000e+00 
-2.4137342e-01 6.5231937e-01 0.0000000e+00 
-3.0881834e-01 4.9050814e-01 0.0000000e+00 
-2.5784937e-01 6.1739731e-01 0.0000000e+00 
-2.2542141e-01 6.8865514e-01 0.0000000e+00 
-3.4707147e-01 2.1562089e-01 0.0000000e+00 
-2.7486381e-01 5.8391643e-01 0.0000000e+00 
-2.0999487e-01 7.2638446e-01 0.0000000e+00 
-1.5006831e-01 8.4688014e-01 0.0000000e+00 
2.2481436e-02 1.1734507e+00 0.0000000e+00 
-3.4589699e-01 3.8488629e-01 0.0000000e+00 
-5.4337545e-03 1.1229275e+00 0.0000000e+00 
-8.3435379e-02 9.7913599e-01 0.0000000e+00 
-2.9244834e-01 5.5191237e-01 0.0000000e+00 
-1.9511043e-01 7.6549447e-01 0.0000000e+00 
-5.9441227e-02 1.0258248e+00 0.0000000e+00 
-1.0944431e-01 9.3391263e-01 0.0000000e+00 
4.6217520e-02 1.2256265e+00 0.0000000e+00 
-3.2794020e-01 4.6299890e-01 0.0000000e+00 
-3.4820575e-01 2.0370159e-01 0.0000000e+00 
-3.2759240e-01 1.6911897e-01 0.0000000e+00 
-3.7560429e-02 1.0740019e+00 0.0000000e+00 
-1.3736588e-01 8.9014477e-01 0.0000000e+00 
-3.4677675e-01 4.1037703e-01 0.0000000e+00 
-1.8079861e-01 8.0597860e-01 0.0000000e+00 
-3.1065229e-01 5.2142978e-01 0.0000000e+00 
-3.6730212e-01 3.0004722e-01 0.0000000e+00 
-3.6769837e-01 2.8150922e-01 0.0000000e+00 
-3.6712995e-01 3.1995976e-01 0.0000000e+00 
1.1207714e-02 1.1742105e+00 0.0000000e+00 
-3.6831811e-01 2.6435891e-01 0.0000000e+00 
-1.7881915e-02 1.1237018e+00 0.0000000e+00 
-2.6046163e-01 6.5362537e-01 0.0000000e+00 
-3.6718434e-01 3.4123319e-01 0.0000000e+00 
-2.4416617e-01 6.8986887e-01 0.0000000e+00 
-3.4957734e-01 1.9315733e-01 0.0000000e+00 
3.6073640e-02 1.2263726e+00 0.0000000e+00 
-2.7729985e-01 6.1881506e-01 0.0000000e+00 
-1.6710250e-01 8.4783667e-01 0.0000000e+00 
-3.6916330e-01 2.4860714e-01 0.0000000e+00 
-2.2840905e-01 7.2752303e-01 0.0000000e+00 
-9.8631322e-02 9.7998208e-01 0.0000000e+00 
-3.2954314e-01 4.9252266e-01 0.0000000e+00 
-3.4787792e-01 4.3716785e-01 0.0000000e+00 
-7.3865280e-02 1.0266434e+00 0.0000000e+00 
-2.9470190e-01 5.8546823e-01 0.0000000e+00 
-3.6746883e-01 3.6385459e-01 0.0000000e+00 
-1.2540309e-01 9.3479466e-01 0.0000000e+00 
-2.1320175e-01 7.6657242e-01 0.0000000e+00 
-5.1207997e-02 1.0747983e+00 0.0000000e+00 
-3.7023905e-01 2.3426028e-01 0.0000000e+00 
-3.1270653e-01 5.5362326e-01 0.0000000e+00 
-4.8106306e-04 1.1749673e+00 0.0000000e+00 
-3.6798778e-01 3.8781250e-01 0.0000000e+00 
-1.5407640e-01 8.9107406e-01 0.0000000e+00 
-3.5120612e-01 1.8395211e-01 0.0000000e+00 
-1.9857036e-01 8.0700809e-01 0.0000000e+00 
2.5529850e-02 1.2271124e+00 0.0000000e+00 
-3.0754581e-02 1.1244783e+00 0.0000000e+00 
-3.4920678e-01 4.6525535e-01 0.0000000e+00 
-3.7155369e-01 2.2131722e-01 0.0000000e+00 
-3.3137065e-01 5.2332765e-01 0.0000000e+00 
-3.6874574e-01 4.1309756e-01 0.0000000e+00 
-8.8717423e-02 1.0274760e+00 0.0000000e+00 
-1.1425325e-01 9.8084748e-01 0.0000000e+00 
-1.8455435e-01 8.4882748e-01 0.0000000e+00 
-2.7998093e-01 6.5499347e-01 0.0000000e+00 
-2.6333508e-01 6.9113851e-01 0.0000000e+00 
-6.5283619e-02 1.0756038e+00 0.0000000e+00 
-2.9719064e-01 6.2030178e-01 0.0000000e+00 
-2.4724256e-01 7.2871178e-01 0.0000000e+00 
-1.4178430e-01 9.3570143e-01 0.0000000e+00 
-3.7311807e-01 2.0976597e-01 0.0000000e+00 
-3.9084059e-01 3.0419242e-01 0.0000000e+00 
-1.2587490e-02 1.1757231e+00 0.0000000e+00 
-3.9041245e-01 3.2380325e-01 0.0000000e+00 
-3.9152387e-01 2.8597638e-01 0.0000000e+00 
1.4581896e-02 1.2278472e+00 0.0000000e+00 
-2.3170932e-01 7.6769531e-01 0.0000000e+00 
-3.1499207e-01 5.8709633e-01 0.0000000e+00 
-3.5076955e-01 4.9463847e-01 0.0000000e+00 
-3.9024055e-01 3.4479645e-01 0.0000000e+00 
-3.6974731e-01 4.3970266e-01 0.0000000e+00 
-3.9246255e-01 2.6916614e-01 0.0000000e+00 
-4.4052601e-02 1.1252595e+00 0.0000000e+00 
-1.7120513e-01 8.9203364e-01 0.0000000e+00 
-3.9032704e-01 3.6715946e-01 0.0000000e+00 
-2.1675678e-01 8.0807775e-01 0.0000000e+00 
-3.3343124e-01 5.5541849e-01 0.0000000e+00 
-3.9365873e-01 2.5376922e-01 0.0000000e+00 
-3.7494317e-01 1.9957986e-01 0.0000000e+00 
-1.0399581e-01 1.0283248e+00 0.0000000e+00 
-1.3029850e-01 9.8173445e-01 0.0000000e+00 
-3.9067459e-01 3.9088070e-01 0.0000000e+00 
-7.9786457e-02 1.0764208e+00 0.0000000e+00 
-2.5113659e-02 1.1764801e+00 0.0000000e+00 
-3.7099707e-01 4.6762317e-01 0.0000000e+00 
3.2259885e-03 1.2285789e+00 0.0000000e+00 
-3.9511627e-01 2.3978721e-01 0.0000000e+00 
-2.0242043e-01 8.4985417e-01 0.0000000e+00 
-3.5257271e-01 5.2531856e-01 0.0000000e+00 
-1.5858470e-01 9.3663508e-01 0.0000000e+00 
-2.8292623e-01 6.9246489e-01 0.0000000e+00 
-2.9992998e-01 6.5642452e-01 0.0000000e+00 
-2.6649287e-01 7.2995162e-01 0.0000000e+00 
-5.7776306e-02 1.1260477e+00 0.0000000e+00 
-3.9128622e-01 4.1595012e-01 0.0000000e+00 
2.7261881e-02 1.2823929e+00 0.0000000e+00 
-3.1752107e-01 6.2185824e-01 0.0000000e+00 
-2.5063017e-01 7.6886410e-01 0.0000000e+00 
-3.9684018e-01 2.2721304e-01 0.0000000e+00 
-1.8874855e-01 8.9302528e-01 0.0000000e+00 
-3.3573431e-01 5.8880168e-01 0.0000000e+00 
-3.7249967e-01 4.9685687e-01 0.0000000e+00 
-2.3535450e-01 8.0918872e-01 0.0000000e+00 
-8.5411761e-03 1.2293090e+00 0.0000000e+00 
-1.1969817e-01 1.0291927e+00 0.0000000e+00 
-3.8061131e-02 1.1772403e+00 0.0000000e+00 
-3.9216489e-01 4.4235983e-01 0.0000000e+00 
-4.1508120e-01 3.0852127e-01 0.0000000e+00 
-4.1437152e-01 3.2782134e-01 0.0000000e+00 
-9.4715200e-02 1.0772518e+00 0.0000000e+00 
-1.4676404e-01 9.8264509e-01 0.0000000e+00 
-4.1607574e-01 2.9063535e-01 0.0000000e+00 
-3.5462317e-01 5.5729902e-01 0.0000000e+00 
-4.1394731e-01 3.4852457e-01 0.0000000e+00 
1.6634591e-02 1.2830945e+00 0.0000000e+00 
-3.9883476e-01 2.1602763e-01 0.0000000e+00 
-2.2069713e-01 8.5091799e-01 0.0000000e+00 
-7.1925499e-02 1.1268456e+00 0.0000000e+00 
-4.1735512e-01 2.7417198e-01 0.0000000e+00 
-1.7580079e-01 9.3759727e-01 0.0000000e+00 
-4.1380981e-01 3.7061912e-01 0.0000000e+00 
-3.0293760e-01 6.9384885e-01 0.0000000e+00 
-3.9331362e-01 4.7010404e-01 0.0000000e+00 
-3.2030740e-01 6.5791935e-01 0.0000000e+00 
-2.8615746e-01 7.3124337e-01 0.0000000e+00 
-4.1396058e-01 3.9409345e-01 0.0000000e+00 
-3.7425986e-01 5.2740377e-01 0.0000000e+00 
-4.1892007e-01 2.5913510e-01 0.0000000e+00 
-2.0722393e-02 1.2300394e+00 0.0000000e+00 
-2.6996127e-01 7.7007985e-01 0.0000000e+00 
-2.0670290e-01 8.9405036e-01 0.0000000e+00 
-5.1430944e-02 1.1780062e+00 0.0000000e+00 
-3.3829042e-01 6.2348533e-01 0.0000000e+00 
5.6070592e-03 1.2837930e+00 0.0000000e+00 
-1.3582177e-01 1.0300815e+00 0.0000000e+00 
-1.1006802e-01 1.0780993e+00 0.0000000e+00 
-4.1440126e-01 4.1893715e-01 0.0000000e+00 
-4.2077127e-01 2.4552158e-01 0.0000000e+00 
-2.5436011e-01 8.1034207e-01 0.0000000e+00 
-1.6364652e-01 9.8358148e-01 0.0000000e+00 
-3.5692862e-01 5.9058511e-01 0.0000000e+00 
-8.6499453e-02 1.1276555e+00 0.0000000e+00 
-3.9473537e-01 4.9917936e-01 0.0000000e+00 
-1.9342874e-01 9.3858981e-01 0.0000000e+00 
-2.3938072e-01 8.5202020e-01 0.0000000e+00 
-3.3319935e-02 1.2307723e+00 0.0000000e+00 
-3.7628296e-01 5.5926597e-01 0.0000000e+00 
-4.1513348e-01 4.4514152e-01 0.0000000e+00 
-4.2290801e-01 2.3331858e-01 0.0000000e+00 
-5.8246497e-03 1.2844898e+00 0.0000000e+00 
-6.5223582e-02 1.1787801e+00 0.0000000e+00 
-4.3900761e-01 3.3201858e-01 0.0000000e+00 
-4.4002256e-01 3.1303900e-01 0.0000000e+00 
-4.3830627e-01 3.5242158e-01 0.0000000e+00 
-3.2336715e-01 6.9529104e-01 0.0000000e+00 
-3.0623367e-01 7.3258781e-01 0.0000000e+00 
-2.2506419e-01 8.9511031e-01 0.0000000e+00 
-3.4111181e-01 6.5947866e-01 0.0000000e+00 
-4.4134995e-01 2.9549205e-01 0.0000000e+00 
-1.5236349e-01 1.0309935e+00 0.0000000e+00 
-1.2584265e-01 1.0789654e+00 0.0000000e+00 
-4.3791959e-01 3.7423715e-01 0.0000000e+00 
-2.8969944e-01 7.7134323e-01 0.0000000e+00 
-3.9643338e-01 5.2958459e-01 0.0000000e+00 
-4.1615877e-01 4.7269991e-01 0.0000000e+00 
-3.5949796e-01 6.2518376e-01 0.0000000e+00 
-1.8094218e-01 9.8454535e-01 0.0000000e+00 
-1.0149692e-01 1.1284798e+00 0.0000000e+00 
-4.4298834e-01 2.7938351e-01 0.0000000e+00 
-4.3784848e-01 3.9745402e-01 0.0000000e+00 
-2.7377000e-01 8.1153864e-01 0.0000000e+00 
-4.6335533e-02 1.2315097e+00 0.0000000e+00 
-1.7663978e-02 1.2851864e+00 0.0000000e+00 
-3.7857491e-01 5.9244764e-01 0.0000000e+00 
-2.1146449e-01 9.3961406e-01 0.0000000e+00 
-4.4493538e-01 2.6471359e-01 0.0000000e+00 
-7.9438969e-02 1.1795644e+00 0.0000000e+00 
-4.3809369e-01 4.2206153e-01 0.0000000e+00 
-2.5846726e-01 8.5316169e-01 0.0000000e+00 
-4.1747859e-01 5.0160772e-01 0.0000000e+00 
6.5861125e-03 1.3406363e+00 0.0000000e+00 
-3.9841121e-01 5.6132060e-01 0.0000000e+00 
-1.4203629e-01 1.0798526e+00 0.0000000e+00 
-1.6931981e-01 1.0319306e+00 0.0000000e+00 
-4.4718665e-01 2.5147456e-01 0.0000000e+00 
-4.3865573e-01 4.4805041e-01 0.0000000e+00 
-2.4382828e-01 8.9620614e-01 0.0000000e+00 
-1.1691612e-01 1.1293210e+00 0.0000000e+00 
-3.2671890e-01 7.3398548e-01 0.0000000e+00 
-3.4421283e-01 6.9679213e-01 0.0000000e+00 
-5.9770368e-02 1.2322538e+00 0.0000000e+00 
-2.9913858e-02 1.2858850e+00 0.0000000e+00 
-1.9864696e-01 9.8553830e-01 0.0000000e+00 
-3.0984157e-01 7.7265489e-01 0.0000000e+00 
-3.6234176e-01 6.6110313e-01 0.0000000e+00 
-9.4076484e-02 1.1803615e+00 0.0000000e+00 
-2.9358056e-01 8.1277901e-01 0.0000000e+00 
-3.8114297e-01 6.2695444e-01 0.0000000e+00 
-4.1909456e-01 5.3186256e-01 0.0000000e+00 
-4.6432048e-01 3.3640087e-01 0.0000000e+00 
-4.6331859e-01 3.5649270e-01 0.0000000e+00 
-4.5152986e-03 1.3412921e+00 0.0000000e+00 
-4.6566239e-01 3.1775239e-01 0.0000000e+00 
-4.3953481e-01 4.7541305e-01 0.0000000e+00 
-2.2990374e-01 9.4067127e-01 0.0000000e+00 
-4.6265841e-01 3.7801817e-01 0.0000000e+00 
-4.6734151e-01 3.0055460e-01 0.0000000e+00 
-2.7795273e-01 8.5434318e-01 0.0000000e+00 
-4.0067318e-01 5.9439033e-01 0.0000000e+00 
-4.6234083e-01 4.0096644e-01 0.0000000e+00 
-1.5864573e-01 1.0807629e+00 0.0000000e+00 
-4.2576686e-02 1.2865872e+00 0.0000000e+00 
-7.3625050e-02 1.2330072e+00 0.0000000e+00 
-1.8668678e-01 1.0328945e+00 0.0000000e+00 
-1.3275476e-01 1.1301813e+00 0.0000000e+00 
-4.6935362e-01 2.8481045e-01 0.0000000e+00 
-4.6236616e-01 4.2532682e-01 0.0000000e+00 
-2.6299080e-01 8.9733869e-01 0.0000000e+00 
-4.4073108e-01 5.0414395e-01 0.0000000e+00 
-1.6017374e-02 1.3419478e+00 0.0000000e+00 
-2.1675655e-01 9.8656178e-01 0.0000000e+00 
-4.2100862e-01 5.6346416e-01 0.0000000e+00 
-1.0913493e-01 1.1811739e+00 0.0000000e+00 
-3.4761041e-01 7.3543698e-01 0.0000000e+00 
-3.6547258e-01 6.9835269e-01 0.0000000e+00 
-3.3038434e-01 7.7401525e-01 0.0000000e+00 
-4.7169167e-01 2.7051654e-01 0.0000000e+00 
-3.8399583e-01 6.6279352e-01 0.0000000e+00 
-4.6273416e-01 4.5108956e-01 0.0000000e+00 
-3.1378803e-01 8.1406385e-01 0.0000000e+00 
-2.4874195e-01 9.4176251e-01 0.0000000e+00 
-5.5654310e-02 1.2872955e+00 0.0000000e+00 
-4.0322468e-01 6.2879825e-01 0.0000000e+00 
-8.7899595e-02 1.2337720e+00 0.0000000e+00 
-4.4224459e-01 5.3423947e-01 0.0000000e+00 
-1.7566732e-01 1.0816982e+00 0.0000000e+00 
-2.9783297e-01 8.5556531e-01 0.0000000e+00 
-1.4901002e-01 1.1310631e+00 0.0000000e+00 
-2.7923621e-02 1.3426050e+00 0.0000000e+00 
-2.0446014e-01 1.0338869e+00 0.0000000e+00 
-4.6344399e-01 4.7824627e-01 0.0000000e+00 
-4.2322332e-01 5.9641421e-01 0.0000000e+00 
-4.8898488e-01 3.6074433e-01 0.0000000e+00 
-4.9030924e-01 3.4097567e-01 0.0000000e+00 
-1.2461256e-01 1.1820040e+00 0.0000000e+00 
-4.8802784e-01 3.8196769e-01 0.0000000e+00 
-2.8254732e-01 8.9850867e-01 0.0000000e+00 
-2.3526630e-01 9.8761696e-01 0.0000000e+00 
-4.9199763e-01 3.2267025e-01 0.0000000e+00 
-4.8743978e-01 4.0463555e-01 0.0000000e+00 
-6.9148004e-02 1.2880117e+00 0.0000000e+00 
-4.9404457e-01 3.0583331e-01 0.0000000e+00 
-3.6890554e-01 7.3694265e-01 0.0000000e+00 
-3.5132450e-01 7.7542484e-01 0.0000000e+00 
-4.6449462e-01 5.0679046e-01 0.0000000e+00 
-3.8714427e-01 6.9997329e-01 0.0000000e+00 
-4.4407570e-01 5.6569827e-01 0.0000000e+00 
-1.0259345e-01 1.2345508e+00 0.0000000e+00 
-4.0237043e-02 1.3432653e+00 0.0000000e+00 
-4.8722109e-01 4.2873728e-01 0.0000000e+00 
-2.6797441e-01 9.4288850e-01 0.0000000e+00 
-3.3438861e-01 8.1539339e-01 0.0000000e+00 
-4.0607259e-01 6.6455048e-01 0.0000000e+00 
-1.9309695e-01 1.0826603e+00 0.0000000e+00 
-1.6567859e-01 1.1319683e+00 0.0000000e+00 
-4.9644151e-01 2.9046518e-01 0.0000000e+00 
-2.2263530e-01 1.0349091e+00 0.0000000e+00 
-3.1810376e-01 8.5682851e-01 0.0000000e+00 
-4.8737112e-01 4.5426270e-01 0.0000000e+00 
-4.2574233e-01 6.3071615e-01 0.0000000e+00 
-1.4050706e-01 1.1828539e+00 0.0000000e+00 
-1.5853174e-02 1.4003462e+00 0.0000000e+00 
-4.6588472e-01 5.3671741e-01 0.0000000e+00 
-8.3058454e-02 1.2887384e+00 0.0000000e+00 
-2.5417134e-01 9.8870474e-01 0.0000000e+00 
-3.0249318e-01 8.9971662e-01 0.0000000e+00 
-5.2960094e-02 1.3439308e+00 0.0000000e+00 
-4.4622532e-01 5.9852070e-01 0.0000000e+00 
-1.1770546e-01 1.2353460e+00 0.0000000e+00 
-4.8788846e-01 4.8120275e-01 0.0000000e+00 
-3.9060152e-01 7.3850298e-01 0.0000000e+00 
-2.7421869e-02 1.4009550e+00 0.0000000e+00 
-3.7265876e-01 7.7688390e-01 0.0000000e+00 
-1.8275666e-01 1.1328989e+00 0.0000000e+00 
-5.1530534e-01 3.6518425e-01 0.0000000e+00 
-2.1093014e-01 1.0836507e+00 0.0000000e+00 
-2.8759623e-01 9.4404984e-01 0.0000000e+00 
-4.0922582e-01 7.0165437e-01 0.0000000e+00 
-5.1402926e-01 3.8609248e-01 0.0000000e+00 
-5.1697242e-01 3.4575209e-01 0.0000000e+00 
-3.5537848e-01 8.1676805e-01 0.0000000e+00 
-1.5681554e-01 1.1837262e+00 0.0000000e+00 
-4.6761313e-01 5.6802458e-01 0.0000000e+00 
-5.1314735e-01 4.0846720e-01 0.0000000e+00 
-2.4120732e-01 1.0359623e+00 0.0000000e+00 
-4.8877096e-01 5.0954998e-01 0.0000000e+00 
-4.2857063e-01 6.6637486e-01 0.0000000e+00 
-5.1902467e-01 3.2780316e-01 0.0000000e+00 
-9.7385734e-02 1.2894779e+00 0.0000000e+00 
-6.6094674e-02 1.3446035e+00 0.0000000e+00 
-3.3876076e-01 8.5813302e-01 0.0000000e+00 
-5.1266074e-01 4.3229792e-01 0.0000000e+00 
-1.3323386e-01 1.2361599e+00 0.0000000e+00 
-5.2145261e-01 3.1134081e-01 0.0000000e+00 
-4.4869521e-01 6.3270915e-01 0.0000000e+00 
-2.7346659e-01 9.8982590e-01 0.0000000e+00 
-3.9391477e-02 1.4015665e+00 0.0000000e+00 
-3.2282373e-01 9.0096271e-01 0.0000000e+00 
-5.1256895e-01 4.5757413e-01 0.0000000e+00 
-4.9001616e-01 5.3929871e-01 0.0000000e+00 
-2.0024002e-01 1.1338568e+00 0.0000000e+00 
-4.6967909e-01 6.0071123e-01 0.0000000e+00 
-2.2916204e-01 1.0846709e+00 0.0000000e+00 
-7.9642095e-02 1.3452858e+00 0.0000000e+00 
-1.7353462e-01 1.1846228e+00 0.0000000e+00 
-1.1212933e-01 1.2902327e+00 0.0000000e+00 
-3.0760235e-01 9.4524693e-01 0.0000000e+00 
-5.1287025e-01 4.8428619e-01 0.0000000e+00 
-3.9438379e-01 7.7839267e-01 0.0000000e+00 
-4.1269565e-01 7.4011827e-01 0.0000000e+00 
-2.6017103e-01 1.0370474e+00 0.0000000e+00 
-3.7675381e-01 8.1818789e-01 0.0000000e+00 
-4.3171519e-01 7.0339668e-01 0.0000000e+00 
-5.1764987e-02 1.4021827e+00 0.0000000e+00 
-1.4917633e-01 1.2369950e+00 0.0000000e+00 
-3.5979968e-01 8.5947895e-01 0.0000000e+00 
-4.5148855e-01 6.6826737e-01 0.0000000e+00 
-4.9162152e-01 5.7044512e-01 0.0000000e+00 
-2.9314676e-01 9.9098092e-01 0.0000000e+00 
-5.1356184e-01 5.1242572e-01 0.0000000e+00 
-5.4066366e-01 3.9040041e-01 0.0000000e+00 
-5.4227984e-01 3.6982173e-01 0.0000000e+00 
-5.3946525e-01 4.1246814e-01 0.0000000e+00 
-3.4353420e-01 9.0224719e-01 0.0000000e+00 
-5.4430825e-01 3.5074091e-01 0.0000000e+00 
-9.3603082e-02 1.3459799e+00 0.0000000e+00 
-4.7208261e-01 6.3477844e-01 0.0000000e+00 
-1.2728807e-01 1.2910053e+00 0.0000000e+00 
-2.1812391e-01 1.1348435e+00 0.0000000e+00 
-5.3868729e-01 4.3601453e-01 0.0000000e+00 
-1.9066036e-01 1.1855457e+00 0.0000000e+00 
-2.4778745e-01 1.0857217e+00 0.0000000e+00 
-5.4673940e-01 3.3316389e-01 0.0000000e+00 
-6.4544857e-02 1.4028054e+00 0.0000000e+00 
-3.2798764e-01 9.4647998e-01 0.0000000e+00 
-5.1464021e-01 5.4198605e-01 0.0000000e+00 
-1.6552989e-01 1.2378534e+00 0.0000000e+00 
-5.3832990e-01 4.6102890e-01 0.0000000e+00 
-2.7952096e-01 1.0381650e+00 0.0000000e+00 
-4.9358466e-01 6.0298741e-01 0.0000000e+00 
-4.1649628e-01 7.7995133e-01 0.0000000e+00 
-4.3518525e-01 7.4178898e-01 0.0000000e+00 
-3.9851066e-01 8.1965297e-01 0.0000000e+00 
-4.5461029e-01 7.0520067e-01 0.0000000e+00 
-1.0797770e-01 1.3466883e+00 0.0000000e+00 
-4.0101618e-02 1.4615092e+00 0.0000000e+00 
-3.8121608e-01 8.6086625e-01 0.0000000e+00 
-5.3839153e-01 4.8750091e-01 0.0000000e+00 
-3.1320646e-01 9.9217004e-01 0.0000000e+00 
-1.4286019e-01 1.2917979e+00 0.0000000e+00 
-7.7732965e-02 1.4034368e+00 0.0000000e+00 
-4.7482499e-01 6.7022902e-01 0.0000000e+00 
-2.3640329e-01 1.1358601e+00 0.0000000e+00 
-2.0818834e-01 1.1864966e+00 0.0000000e+00 
-3.6461970e-01 9.0356994e-01 0.0000000e+00 
-5.1610160e-01 5.7296216e-01 0.0000000e+00 
-2.6680085e-01 1.0868043e+00 0.0000000e+00 
-5.3886902e-01 5.1542139e-01 0.0000000e+00 
-1.8229106e-01 1.2387375e+00 0.0000000e+00 
-4.9590391e-01 6.3692540e-01 0.0000000e+00 
-5.2133612e-02 1.4620696e+00 0.0000000e+00 
-3.4874693e-01 9.4774884e-01 0.0000000e+00 
-2.9925153e-01 1.0393155e+00 0.0000000e+00 
-5.6793189e-01 3.9490077e-01 0.0000000e+00 
-1.2276544e-01 1.3474134e+00 0.0000000e+00 
-5.6990796e-01 3.7466756e-01 0.0000000e+00 
-5.6639522e-01 4.1664627e-01 0.0000000e+00 
-9.1330618e-02 1.4040791e+00 0.0000000e+00 
-5.6530279e-01 4.3989393e-01 0.0000000e+00 
-5.7231450e-01 3.5595480e-01 0.0000000e+00 
-1.5884326e-01 1.2926133e+00 0.0000000e+00 
-4.3899289e-01 7.8156012e-01 0.0000000e+00 
-4.2064521e-01 8.2116342e-01 0.0000000e+00 
-4.5806760e-01 7.4351543e-01 0.0000000e+00 
-5.3975815e-01 5.4478252e-01 0.0000000e+00 
-5.1794213e-01 6.0535109e-01 0.0000000e+00 
-3.3364013e-01 9.9339330e-01 0.0000000e+00 
-5.6465620e-01 4.6463275e-01 0.0000000e+00 
-4.0300560e-01 8.6229491e-01 0.0000000e+00 
-4.7790912e-01 7.0706707e-01 0.0000000e+00 
-2.5507265e-01 1.1369079e+00 0.0000000e+00 
-2.2611363e-01 1.1874772e+00 0.0000000e+00 
-6.4566299e-02 1.4626359e+00 0.0000000e+00 
-2.8619653e-01 1.0879190e+00 0.0000000e+00 
-1.9945574e-01 1.2396492e+00 0.0000000e+00 
-3.8607541e-01 9.0493083e-01 0.0000000e+00 
-4.9857861e-01 6.7226082e-01 0.0000000e+00 
-5.6445444e-01 4.9085182e-01 0.0000000e+00 
-1.3796507e-01 1.3481579e+00 0.0000000e+00 
-1.0533848e-01 1.4047346e+00 0.0000000e+00 
-5.4105401e-01 5.7557833e-01 0.0000000e+00 
-3.1935689e-01 1.0404990e+00 0.0000000e+00 
-3.6987489e-01 9.4905341e-01 0.0000000e+00 
-1.7523426e-01 1.2934536e+00 0.0000000e+00 
-5.2015847e-01 6.3915157e-01 0.0000000e+00 
-5.6469434e-01 5.1854110e-01 0.0000000e+00 
-7.7402055e-02 1.4632099e+00 0.0000000e+00 
-2.4443091e-01 1.1884887e+00 0.0000000e+00 
-4.6187040e-01 7.8321916e-01 0.0000000e+00 
-2.7412620e-01 1.1379877e+00 0.0000000e+00 
-4.4315356e-01 8.2271904e-01 0.0000000e+00 
-3.5444212e-01 9.9465054e-01 0.0000000e+00 
-4.8134005e-01 7.4529815e-01 0.0000000e+00 
-2.1701932e-01 1.2405902e+00 0.0000000e+00 
-4.2516387e-01 8.6376464e-01 0.0000000e+00 
-1.5357476e-01 1.3489243e+00 0.0000000e+00 
-1.1975662e-01 1.4054061e+00 0.0000000e+00 
-5.9583467e-01 3.9960411e-01 0.0000000e+00 
-5.9393877e-01 4.2101067e-01 0.0000000e+00 
-5.4275155e-01 6.0780454e-01 0.0000000e+00 
-3.0596846e-01 1.0890661e+00 0.0000000e+00 
-5.0160968e-01 7.0899671e-01 0.0000000e+00 
-5.6537133e-01 5.4769170e-01 0.0000000e+00 
-5.9818906e-01 3.7973413e-01 0.0000000e+00 
-5.9250939e-01 4.4394383e-01 0.0000000e+00 
-4.0789646e-01 9.0632951e-01 0.0000000e+00 
-1.9202954e-01 1.2943211e+00 0.0000000e+00 
-9.0642698e-02 1.4637939e+00 0.0000000e+00 
-5.9155011e-01 4.6839228e-01 0.0000000e+00 
-5.2274811e-01 6.7436397e-01 0.0000000e+00 
-3.3983114e-01 1.0417154e+00 0.0000000e+00 
-3.9136627e-01 9.5039326e-01 0.0000000e+00 
-5.9106106e-01 4.9434450e-01 0.0000000e+00 
-5.6647968e-01 5.7829654e-01 0.0000000e+00 
-2.6313442e-01 1.1895324e+00 0.0000000e+00 
-1.3458441e-01 1.4060960e+00 0.0000000e+00 
-1.6959201e-01 1.3497150e+00 0.0000000e+00 
-5.4484576e-01 6.4145863e-01 0.0000000e+00 
-2.9355788e-01 1.1391000e+00 0.0000000e+00 
-2.3497666e-01 1.2415622e+00 0.0000000e+00 
-6.6207699e-02 1.5241090e+00 0.0000000e+00 
-3.7560675e-01 9.9594134e-01 0.0000000e+00 
-1.0428944e-01 1.4643903e+00 0.0000000e+00 
-4.8512551e-01 7.8492862e-01 0.0000000e+00 
-4.6603191e-01 8.2431984e-01 0.0000000e+00 
-5.9103966e-01 5.2178955e-01 0.0000000e+00 
-3.2611051e-01 1.0902460e+00 0.0000000e+00 
-4.4768646e-01 8.6527520e-01 0.0000000e+00 
-5.0500000e-01 7.4713755e-01 0.0000000e+00 
-2.0922481e-01 1.2952179e+00 0.0000000e+00 
-4.3007794e-01 9.0776551e-01 0.0000000e+00 
-5.2570999e-01 7.1099043e-01 0.0000000e+00 
-5.6801313e-01 6.1035001e-01 0.0000000e+00 
-3.6066824e-01 1.0429643e+00 0.0000000e+00 
-5.9148121e-01 5.5071753e-01 0.0000000e+00 
-1.4982057e-01 1.4068069e+00 0.0000000e+00 
-7.8702264e-02 1.5246195e+00 0.0000000e+00 
-4.1321570e-01 9.5176786e-01 0.0000000e+00 
-1.8601361e-01 1.3505325e+00 0.0000000e+00 
-6.2209749e-01 4.2557165e-01 0.0000000e+00 
-6.2437254e-01 4.0452251e-01 0.0000000e+00 
-5.4733235e-01 6.7653990e-01 0.0000000e+00 
-6.2030917e-01 4.4817299e-01 0.0000000e+00 
-2.8221801e-01 1.1906087e+00 0.0000000e+00 
-1.1834286e-01 1.4650015e+00 0.0000000e+00 
-2.5332215e-01 1.2425668e+00 0.0000000e+00 
-3.1336129e-01 1.1402447e+00 0.0000000e+00 
-6.1901391e-01 4.7231492e-01 0.0000000e+00 
-2.2681525e-01 1.2961458e+00 0.0000000e+00 
-3.9712828e-01 9.9726504e-01 0.0000000e+00 
-5.9237945e-01 5.8112007e-01 0.0000000e+00 
-3.4661633e-01 1.0914578e+00 0.0000000e+00 
-6.1821371e-01 4.9798527e-01 0.0000000e+00 
-5.6996524e-01 6.4384854e-01 0.0000000e+00 
-9.1596507e-02 1.5251389e+00 0.0000000e+00 
-4.8927641e-01 8.2596582e-01 0.0000000e+00 
-5.0875503e-01 7.8668875e-01 0.0000000e+00 
-4.7056901e-01 8.6682636e-01 0.0000000e+00 
-1.6546310e-01 1.4075418e+00 0.0000000e+00 
-5.2904481e-01 7.4903417e-01 0.0000000e+00 
-1.3280292e-01 1.4656303e+00 0.0000000e+00 
-2.0283575e-01 1.3513793e+00 0.0000000e+00 
-4.5261505e-01 9.0923846e-01 0.0000000e+00 
-6.1790699e-01 5.2517211e-01 0.0000000e+00 
-3.8186210e-01 1.0442452e+00 0.0000000e+00 
-5.5020827e-01 7.1304917e-01 0.0000000e+00 
-3.0167532e-01 1.1917185e+00 0.0000000e+00 
-2.7204973e-01 1.2436048e+00 0.0000000e+00 
-5.9372717e-01 6.1299038e-01 0.0000000e+00 
-4.3541789e-01 9.5317662e-01 0.0000000e+00 
-3.3352995e-01 1.1414222e+00 0.0000000e+00 
-1.0489210e-01 1.5256696e+00 0.0000000e+00 
-2.4479550e-01 1.2971067e+00 0.0000000e+00 
-6.1808938e-01 5.5386448e-01 0.0000000e+00 
-5.7233012e-01 6.7879003e-01 0.0000000e+00 
-1.8150941e-01 1.4083029e+00 0.0000000e+00 
-4.1900104e-01 9.9862099e-01 0.0000000e+00 
-3.6747950e-01 1.0927016e+00 0.0000000e+00 
-1.4766885e-01 1.4662793e+00 0.0000000e+00 
-6.5087289e-01 4.3034074e-01 0.0000000e+00 
-6.4870417e-01 4.5259127e-01 0.0000000e+00 
-2.2005399e-01 1.3522575e+00 0.0000000e+00 
-5.1288325e-01 8.2765687e-01 0.0000000e+00 
-6.4704996e-01 4.7640908e-01 0.0000000e+00 
-5.3275573e-01 7.8849989e-01 0.0000000e+00 
-4.9380726e-01 8.6841774e-01 0.0000000e+00 
-5.9551668e-01 6.4632350e-01 0.0000000e+00 
-6.1875439e-01 5.8405268e-01 0.0000000e+00 
-1.1859012e-01 1.5262141e+00 0.0000000e+00 
-4.0340662e-01 1.0455573e+00 0.0000000e+00 
-4.7550294e-01 9.1074777e-01 0.0000000e+00 
-5.5347204e-01 7.5098884e-01 0.0000000e+00 
-2.9115295e-01 1.2446769e+00 0.0000000e+00 
-3.2149959e-01 1.1928616e+00 0.0000000e+00 
-6.4591473e-01 5.0178123e-01 0.0000000e+00 
-2.6315960e-01 1.2981020e+00 0.0000000e+00 
-3.5405716e-01 1.1426318e+00 0.0000000e+00 
-4.5796755e-01 9.5461869e-01 0.0000000e+00 
-5.7510257e-01 7.1517420e-01 0.0000000e+00 
-1.9795607e-01 1.4090931e+00 0.0000000e+00 
-1.6293925e-01 1.4669513e+00 0.0000000e+00 
-6.4529842e-01 5.2869475e-01 0.0000000e+00 
-6.1989409e-01 6.1572868e-01 0.0000000e+00 
-2.3766318e-01 1.3531692e+00 0.0000000e+00 
-3.8869363e-01 1.0939761e+00 0.0000000e+00 
-4.4121927e-01 1.0000082e+00 0.0000000e+00 
-9.4223410e-02 1.5881237e+00 0.0000000e+00 
-1.3269100e-01 1.5267751e+00 0.0000000e+00 
-5.9774029e-01 6.8111616e-01 0.0000000e+00 
-6.4519751e-01 5.5713755e-01 0.0000000e+00 
-3.1062505e-01 1.2457838e+00 0.0000000e+00 
-5.3684872e-01 8.2939303e-01 0.0000000e+00 
-3.4168392e-01 1.1940378e+00 0.0000000e+00 
-5.1739681e-01 8.7004900e-01 0.0000000e+00 
-4.2529568e-01 1.0468996e+00 0.0000000e+00 
-5.5712444e-01 7.9036236e-01 0.0000000e+00 
-1.7861198e-01 1.4676491e+00 0.0000000e+00 
-2.1479908e-01 1.4099149e+00 0.0000000e+00 
-2.8190121e-01 1.2991327e+00 0.0000000e+00 
-4.9873677e-01 9.1229278e-01 0.0000000e+00 
-6.2149960e-01 6.4888602e-01 0.0000000e+00 
-3.7493613e-01 1.1438727e+00 0.0000000e+00 
-1.0718354e-01 1.5885825e+00 0.0000000e+00 
-5.7827908e-01 7.5300229e-01 0.0000000e+00 
-6.4560556e-01 5.8709854e-01 0.0000000e+00 
-6.7769670e-01 4.5720974e-01 0.0000000e+00 
-1.4719450e-01 1.5273553e+00 0.0000000e+00 
-4.8085943e-01 9.5609337e-01 0.0000000e+00 
-6.7566085e-01 4.8068410e-01 0.0000000e+00 
-2.5565767e-01 1.3541160e+00 0.0000000e+00 
-6.0039121e-01 7.1736681e-01 0.0000000e+00 
-6.7416668e-01 5.0574023e-01 0.0000000e+00 
-4.1025218e-01 1.0952805e+00 0.0000000e+00 
-4.6377730e-01 1.0014259e+00 0.0000000e+00 
-1.9468415e-01 1.4683758e+00 0.0000000e+00 
-6.7321628e-01 5.3236413e-01 0.0000000e+00 
-6.4651430e-01 6.1856824e-01 0.0000000e+00 
-1.2054117e-01 1.5890539e+00 0.0000000e+00 
-2.3203368e-01 1.4107705e+00 0.0000000e+00 
-3.3045891e-01 1.2469255e+00 0.0000000e+00 
-6.2356198e-01 6.8352032e-01 0.0000000e+00 
-3.6222127e-01 1.1952467e+00 0.0000000e+00 
-3.0101350e-01 1.3001996e+00 0.0000000e+00 
-1.6209972e-01 1.5279576e+00 0.0000000e+00 
-4.4752324e-01 1.0482707e+00 0.0000000e+00 
-5.6116915e-01 8.3117437e-01 0.0000000e+00 
-5.4133350e-01 8.7172002e-01 0.0000000e+00 
-6.7280746e-01 5.6054229e-01 0.0000000e+00 
-3.9616004e-01 1.1451441e+00 0.0000000e+00 
-2.7403122e-01 1.3550997e+00 0.0000000e+00 
-5.8185810e-01 7.9227668e-01 0.0000000e+00 
-5.2231187e-01 9.1387296e-01 0.0000000e+00 
-6.0346359e-01 7.5507545e-01 0.0000000e+00 
-5.0408834e-01 9.5759970e-01 0.0000000e+00 
-6.4791399e-01 6.5153897e-01 0.0000000e+00 
-1.3429716e-01 1.5895404e+00 0.0000000e+00 
-2.1115218e-01 1.4691339e+00 0.0000000e+00 
-4.3214872e-01 1.0966135e+00 0.0000000e+00 
-6.7293441e-01 5.9026223e-01 0.0000000e+00 
-2.4965449e-01 1.4116625e+00 0.0000000e+00 
-1.7740501e-01 1.5285850e+00 0.0000000e+00 
-4.8666951e-01 1.0028726e+00 0.0000000e+00 
-6.2607241e-01 7.1962857e-01 0.0000000e+00 
-3.5064724e-01 1.2481015e+00 0.0000000e+00 
-3.2048929e-01 1.3013031e+00 0.0000000e+00 
-7.0484912e-01 4.8515040e-01 0.0000000e+00 
-3.8310450e-01 1.1964873e+00 0.0000000e+00 
-7.0297211e-01 5.0987113e-01 0.0000000e+00 
-2.9277703e-01 1.3561213e+00 0.0000000e+00 
-4.7008324e-01 1.0496696e+00 0.0000000e+00 
-1.4845176e-01 1.5900449e+00 0.0000000e+00 
-6.7358857e-01 6.2151301e-01 0.0000000e+00 
-4.1772208e-01 1.1464446e+00 0.0000000e+00 
-6.4979422e-01 6.8600470e-01 0.0000000e+00 
-7.0166302e-01 5.3618765e-01 0.0000000e+00 
-5.6561297e-01 8.7343043e-01 0.0000000e+00 
-5.8584070e-01 8.3300108e-01 0.0000000e+00 
-2.2801173e-01 1.4699264e+00 0.0000000e+00 
-5.4622340e-01 9.1548783e-01 0.0000000e+00 
-1.9310801e-01 1.5292406e+00 0.0000000e+00 
-6.0695362e-01 7.9424345e-01 0.0000000e+00 
-2.6765546e-01 1.4125923e+00 0.0000000e+00 
-5.2764904e-01 9.5913684e-01 0.0000000e+00 
-7.0092130e-01 5.6408489e-01 0.0000000e+00 
-4.5437685e-01 1.0979737e+00 0.0000000e+00 
-6.2902313e-01 7.5720954e-01 0.0000000e+00 
-3.7118262e-01 1.2493111e+00 0.0000000e+00 
-3.4032106e-01 1.3024433e+00 0.0000000e+00 
-1.6300449e-01 1.5905703e+00 0.0000000e+00 
-6.7475969e-01 6.5428537e-01 0.0000000e+00 
-5.0989038e-01 1.0043473e+00 0.0000000e+00 
-1.2420506e-01 1.6535258e+00 0.0000000e+00 
-4.0432638e-01 1.1977583e+00 0.0000000e+00 
-3.1188792e-01 1.3571817e+00 0.0000000e+00 
-7.0074230e-01 5.9354889e-01 0.0000000e+00 
-6.5214461e-01 7.2196114e-01 0.0000000e+00 
-2.4525777e-01 1.4707556e+00 0.0000000e+00 
-2.0920558e-01 1.5299275e+00 0.0000000e+00 
-4.9296975e-01 1.0510947e+00 0.0000000e+00 
-4.3961543e-01 1.1477726e+00 0.0000000e+00 
-2.8602996e-01 1.4135618e+00 0.0000000e+00 
-5.9023106e-01 8.7518018e-01 0.0000000e+00 
-1.3763797e-01 1.6539311e+00 0.0000000e+00 
-1.7795418e-01 1.5911199e+00 0.0000000e+00 
-6.1085981e-01 8.3487350e-01 0.0000000e+00 
-6.7643619e-01 6.8857175e-01 0.0000000e+00 
-5.7046676e-01 9.1713673e-01 0.0000000e+00 
-7.0111769e-01 6.2456715e-01 0.0000000e+00 
-7.3233402e-01 5.1418364e-01 0.0000000e+00 
-6.3240796e-01 7.9626346e-01 0.0000000e+00 
-4.7693020e-01 1.0993593e+00 0.0000000e+00 
-5.5153656e-01 9.6070391e-01 0.0000000e+00 
-3.6050114e-01 1.3036197e+00 0.0000000e+00 
-3.9205748e-01 1.2505534e+00 0.0000000e+00 
-7.3064119e-01 5.4017335e-01 0.0000000e+00 
-3.3135626e-01 1.3582811e+00 0.0000000e+00 
-4.2587978e-01 1.1990583e+00 0.0000000e+00 
-2.2569381e-01 1.5306487e+00 0.0000000e+00 
-2.6288450e-01 1.4716240e+00 0.0000000e+00 
-6.5495539e-01 7.5940573e-01 0.0000000e+00 
-5.3343433e-01 1.0058489e+00 0.0000000e+00 
-7.2954124e-01 5.6777215e-01 0.0000000e+00 
-1.5146463e-01 1.6543529e+00 0.0000000e+00 
-7.0203680e-01 6.5712863e-01 0.0000000e+00 
-1.9329897e-01 1.5916969e+00 0.0000000e+00 
-3.0477077e-01 1.4145725e+00 0.0000000e+00 
-4.6183339e-01 1.1491264e+00 0.0000000e+00 
-5.1617688e-01 1.0525445e+00 0.0000000e+00 
-6.7860621e-01 7.2436649e-01 0.0000000e+00 
-7.2903085e-01 5.9696424e-01 0.0000000e+00 
-6.1518359e-01 8.7696922e-01 0.0000000e+00 
-3.8102162e-01 1.3048315e+00 0.0000000e+00 
-2.4256805e-01 1.5314074e+00 0.0000000e+00 
-5.9503722e-01 9.1881931e-01 0.0000000e+00 
-4.1326424e-01 1.2518266e+00 0.0000000e+00 
-6.3622278e-01 8.3679193e-01 0.0000000e+00 
-2.8088552e-01 1.4725338e+00 0.0000000e+00 
-4.9980262e-01 1.1007687e+00 0.0000000e+00 
-1.6568498e-01 1.6547942e+00 0.0000000e+00 
-3.5117406e-01 1.3594199e+00 0.0000000e+00 
-5.7574564e-01 9.6230012e-01 0.0000000e+00 
-7.0348728e-01 6.9122434e-01 0.0000000e+00 
-6.5821803e-01 7.9833758e-01 0.0000000e+00 
-2.0903613e-01 1.5923046e+00 0.0000000e+00 
-4.4775754e-01 1.2003852e+00 0.0000000e+00 
-7.2910255e-01 6.2773526e-01 0.0000000e+00 
-5.5729592e-01 1.0073761e+00 0.0000000e+00 
-3.2387024e-01 1.4156250e+00 0.0000000e+00 
-6.8125802e-01 7.6166564e-01 0.0000000e+00 
-7.6015377e-01 5.4433036e-01 0.0000000e+00 
-4.8436937e-01 1.1505039e+00 0.0000000e+00 
-5.3969890e-01 1.0540175e+00 0.0000000e+00 
-1.8029830e-01 1.6552583e+00 0.0000000e+00 
-2.5982282e-01 1.5322061e+00 0.0000000e+00 
-7.2974551e-01 6.6007262e-01 0.0000000e+00 
-7.5866973e-01 5.7161152e-01 0.0000000e+00 
-2.9925367e-01 1.4734869e+00 0.0000000e+00 
-4.0187454e-01 1.3060774e+00 0.0000000e+00 
-7.0545572e-01 7.2684687e-01 0.0000000e+00 
-2.2516222e-01 1.5929464e+00 0.0000000e+00 
-3.7133318e-01 1.3605974e+00 0.0000000e+00 
-4.3479544e-01 1.2531292e+00 0.0000000e+00 
-5.2298790e-01 1.1021998e+00 0.0000000e+00 
-6.4046633e-01 8.7879759e-01 0.0000000e+00 
-6.1993015e-01 9.2053527e-01 0.0000000e+00 
-7.5780207e-01 6.0051435e-01 0.0000000e+00 
-6.6192591e-01 8.3875692e-01 0.0000000e+00 
-4.6995273e-01 1.2017370e+00 0.0000000e+00 
-3.4332022e-01 1.4167199e+00 0.0000000e+00 
-6.0027134e-01 9.6392471e-01 0.0000000e+00 
-1.9530308e-01 1.6557486e+00 0.0000000e+00 
-6.8438089e-01 8.0046684e-01 0.0000000e+00 
-7.3094678e-01 6.9396544e-01 0.0000000e+00 
-5.8146983e-01 1.0089278e+00 0.0000000e+00 
-1.5621436e-01 1.7202796e+00 0.0000000e+00 
-2.7745196e-01 1.5330476e+00 0.0000000e+00 
-7.5754434e-01 6.3102257e-01 0.0000000e+00 
-5.0721693e-01 1.1519030e+00 0.0000000e+00 
-2.4167296e-01 1.5936257e+00 0.0000000e+00 
-3.1798130e-01 1.4744847e+00 0.0000000e+00 
-7.0792884e-01 7.6399088e-01 0.0000000e+00 
-5.6353003e-01 1.0555122e+00 0.0000000e+00 
-4.2305195e-01 1.3073555e+00 0.0000000e+00 
-3.9182526e-01 1.3618125e+00 0.0000000e+00 
-4.5664358e-01 1.2544589e+00 0.0000000e+00 
-2.1069713e-01 1.6562688e+00 0.0000000e+00 
-1.7013209e-01 1.7206290e+00 0.0000000e+00 
-3.6311221e-01 1.4178572e+00 0.0000000e+00 
-7.5788623e-01 6.6312152e-01 0.0000000e+00 
-5.4648012e-01 1.1036510e+00 0.0000000e+00 
-7.3269182e-01 7.2940469e-01 0.0000000e+00 
-4.9245846e-01 1.2031114e+00 0.0000000e+00 
-7.8830940e-01 5.7561129e-01 0.0000000e+00 
-6.4514083e-01 9.2228419e-01 0.0000000e+00 
-6.6607511e-01 8.8066554e-01 0.0000000e+00 
-2.9544848e-01 1.5339344e+00 0.0000000e+00 
-2.5856328e-01 1.5943458e+00 0.0000000e+00 
-6.2510860e-01 9.6557695e-01 0.0000000e+00 
-6.8796569e-01 8.4076929e-01 0.0000000e+00 
-3.3706009e-01 1.4755281e+00 0.0000000e+00 
-6.0595059e-01 1.0105028e+00 0.0000000e+00 
-7.8705788e-01 6.0420620e-01 0.0000000e+00 
-7.1089357e-01 8.0265254e-01 0.0000000e+00 
-5.3036970e-01 1.1533216e+00 0.0000000e+00 
-1.8443775e-01 1.7209995e+00 0.0000000e+00 
-2.2647738e-01 1.6568226e+00 0.0000000e+00 
-7.5881428e-01 6.9679850e-01 0.0000000e+00 
-4.4454598e-01 1.3086640e+00 0.0000000e+00 
-4.1264188e-01 1.3630638e+00 0.0000000e+00 
-5.8766472e-01 1.0570271e+00 0.0000000e+00 
-4.7880149e-01 1.2558132e+00 0.0000000e+00 
-3.8323751e-01 1.4190363e+00 0.0000000e+00 
-7.3496556e-01 7.6638335e-01 0.0000000e+00 
-7.8644443e-01 6.3443464e-01 0.0000000e+00 
-3.1380472e-01 1.5348685e+00 0.0000000e+00 
-2.7582720e-01 1.5951098e+00 0.0000000e+00 
-5.7027334e-01 1.1051202e+00 0.0000000e+00 
-5.1526809e-01 1.2045058e+00 0.0000000e+00 
-1.9913028e-01 1.7213948e+00 0.0000000e+00 
-3.5648134e-01 1.4766178e+00 0.0000000e+00 
-2.4263996e-01 1.6574136e+00 0.0000000e+00 
-6.7066461e-01 9.2406613e-01 0.0000000e+00 
-7.6031309e-01 7.3204267e-01 0.0000000e+00 
-6.9200557e-01 8.8257343e-01 0.0000000e+00 
-7.8645945e-01 6.6627991e-01 0.0000000e+00 
-6.5025228e-01 9.6725631e-01 0.0000000e+00 
-7.1433836e-01 8.4282970e-01 0.0000000e+00 
-6.3073289e-01 1.0121002e+00 0.0000000e+00 
-5.5382150e-01 1.1547573e+00 0.0000000e+00 
-4.3377465e-01 1.3643494e+00 0.0000000e+00 
-4.6634892e-01 1.3099999e+00 0.0000000e+00 
-2.9345804e-01 1.5959209e+00 0.0000000e+00 
-7.3775303e-01 8.0489612e-01 0.0000000e+00 
-4.0368724e-01 1.4202560e+00 0.0000000e+00 
-3.3251238e-01 1.5358515e+00 0.0000000e+00 
-5.0126201e-01 1.2571892e+00 0.0000000e+00 
-6.1209726e-01 1.0585606e+00 0.0000000e+00 
-2.1420781e-01 1.7218186e+00 0.0000000e+00 
-8.1680065e-01 6.0804701e-01 0.0000000e+00 
-7.8708941e-01 6.9972718e-01 0.0000000e+00 
-2.5918013e-01 1.6580456e+00 0.0000000e+00 
-3.7623599e-01 1.4777536e+00 0.0000000e+00 
-7.6236612e-01 7.6884514e-01 0.0000000e+00 
-5.3837514e-01 1.2059176e+00 0.0000000e+00 
-5.9436172e-01 1.1066055e+00 0.0000000e+00 
-8.1580436e-01 6.3797748e-01 0.0000000e+00 
-6.9649673e-01 9.2588103e-01 0.0000000e+00 
-3.1144822e-01 1.5967816e+00 0.0000000e+00 
-2.2966772e-01 1.7222749e+00 0.0000000e+00 
-6.7569733e-01 9.6896237e-01 0.0000000e+00 
-7.1825361e-01 8.8452172e-01 0.0000000e+00 
-4.5521536e-01 1.3656666e+00 0.0000000e+00 
-3.5156250e-01 1.5368848e+00 0.0000000e+00 
-4.8845321e-01 1.3113607e+00 0.0000000e+00 
-5.7756639e-01 1.1562077e+00 0.0000000e+00 
-7.8831834e-01 7.3476368e-01 0.0000000e+00 
-4.2445251e-01 1.4215147e+00 0.0000000e+00 
-6.5581137e-01 1.0137192e+00 0.0000000e+00 
-1.9031970e-01 1.7883382e+00 0.0000000e+00 
-7.4104029e-01 8.4493935e-01 0.0000000e+00 
-2.7609229e-01 1.6587224e+00 0.0000000e+00 
-8.1546587e-01 6.6955268e-01 0.0000000e+00 
-5.2401841e-01 1.2585840e+00 0.0000000e+00 
-6.3682216e-01 1.0601115e+00 0.0000000e+00 
-3.9631465e-01 1.4789351e+00 0.0000000e+00 
-7.6495641e-01 8.0719906e-01 0.0000000e+00 
-5.6177336e-01 1.2073438e+00 0.0000000e+00 
-2.4550653e-01 1.7227679e+00 0.0000000e+00 
-6.1873955e-01 1.1081051e+00 0.0000000e+00 
-3.2978937e-01 1.5976944e+00 0.0000000e+00 
-8.1577206e-01 7.0275551e-01 0.0000000e+00 
-2.0473984e-01 1.7886289e+00 0.0000000e+00 
-7.9012835e-01 7.7137864e-01 0.0000000e+00 
-3.7094566e-01 1.5379688e+00 0.0000000e+00 
-2.9336995e-01 1.6594474e+00 0.0000000e+00 
-4.7695595e-01 1.3670126e+00 0.0000000e+00 
-4.4552445e-01 1.4228102e+00 0.0000000e+00 
-5.1085162e-01 1.3127431e+00 0.0000000e+00 
-7.2263235e-01 9.2772907e-01 0.0000000e+00 
-7.0143867e-01 9.7069490e-01 0.0000000e+00 
-8.4562594e-01 6.4165777e-01 0.0000000e+00 
-6.0159844e-01 1.1576704e+00 0.0000000e+00 
-7.4481481e-01 8.8651103e-01 0.0000000e+00 
-6.8118066e-01 1.0153588e+00 0.0000000e+00 
-5.4706407e-01 1.2599945e+00 0.0000000e+00 
-4.1670790e-01 1.4801610e+00 0.0000000e+00 
-2.6171985e-01 1.7233018e+00 0.0000000e+00 
-7.6806772e-01 8.4709924e-01 0.0000000e+00 
-2.1953954e-01 1.7889464e+00 0.0000000e+00 
-8.1670648e-01 7.3757094e-01 0.0000000e+00 
-6.6183388e-01 1.0616785e+00 0.0000000e+00 
-3.4847242e-01 1.5986612e+00 0.0000000e+00 
-8.4490639e-01 6.7294526e-01 0.0000000e+00 
-3.1100568e-01 1.6602243e+00 0.0000000e+00 
-5.8545667e-01 1.2087818e+00 0.0000000e+00 
-7.9250073e-01 8.0956328e-01 0.0000000e+00 
-3.9065203e-01 1.5391036e+00 0.0000000e+00 
-6.4340127e-01 1.1096172e+00 0.0000000e+00 
-4.9898863e-01 1.3683842e+00 0.0000000e+00 
-4.6689445e-01 1.4241395e+00 0.0000000e+00 
-2.7830240e-01 1.7238806e+00 0.0000000e+00 
-2.3471650e-01 1.7892951e+00 0.0000000e+00 
-5.3353727e-01 1.3141435e+00 0.0000000e+00 
-8.4486210e-01 7.0588779e-01 0.0000000e+00 
-8.1825024e-01 7.7398628e-01 0.0000000e+00 
-4.3740621e-01 1.4814292e+00 0.0000000e+00 
-6.2591189e-01 1.1591433e+00 0.0000000e+00 
-7.4906671e-01 9.2961061e-01 0.0000000e+00 
-7.2747093e-01 9.7245365e-01 0.0000000e+00 
-5.7039273e-01 1.2614175e+00 0.0000000e+00 
-3.6748761e-01 1.5996834e+00 0.0000000e+00 
-3.2899120e-01 1.6610559e+00 0.0000000e+00 
-7.7168483e-01 8.8854223e-01 0.0000000e+00 
-7.0683527e-01 1.0170187e+00 0.0000000e+00 
-4.1067156e-01 1.5402887e+00 0.0000000e+00 
-6.8712676e-01 1.0632606e+00 0.0000000e+00 
-7.9541695e-01 8.4931087e-01 0.0000000e+00 
-2.5026762e-01 1.7896792e+00 0.0000000e+00 
-2.9524797e-01 1.7245088e+00 0.0000000e+00 
-6.0941923e-01 1.2102289e+00 0.0000000e+00 
-8.4547645e-01 7.4046803e-01 0.0000000e+00 
-5.2130604e-01 1.3697777e+00 0.0000000e+00 
-4.8855409e-01 1.4254994e+00 0.0000000e+00 
-6.6834104e-01 1.1111404e+00 0.0000000e+00 
-8.2038301e-01 8.1199074e-01 0.0000000e+00 
-8.7478220e-01 6.7646348e-01 0.0000000e+00 
-5.5650347e-01 1.3155584e+00 0.0000000e+00 
-4.5840028e-01 1.4827373e+00 0.0000000e+00 
-3.8682464e-01 1.6007618e+00 0.0000000e+00 
-3.4731731e-01 1.6619453e+00 0.0000000e+00 
-6.5050113e-01 1.1606243e+00 0.0000000e+00 
-2.6618895e-01 1.7901034e+00 0.0000000e+00 
-5.9399837e-01 1.2628496e+00 0.0000000e+00 
-8.4672976e-01 7.7667087e-01 0.0000000e+00 
-4.3099403e-01 1.5415224e+00 0.0000000e+00 
-3.1254935e-01 1.7251903e+00 0.0000000e+00 
-7.5378889e-01 9.7423875e-01 0.0000000e+00 
-8.7435973e-01 7.0912880e-01 0.0000000e+00 
-7.7579474e-01 9.3152612e-01 0.0000000e+00 
-7.3276973e-01 1.0186982e+00 0.0000000e+00 
-2.2659819e-01 1.8576410e+00 0.0000000e+00 
-7.9885918e-01 8.9061630e-01 0.0000000e+00 
-7.1269524e-01 1.0648568e+00 0.0000000e+00 
-6.3365531e-01 1.2116822e+00 0.0000000e+00 
-5.1049548e-01 1.4268861e+00 0.0000000e+00 
-5.4390115e-01 1.3711889e+00 0.0000000e+00 
-8.2308412e-01 8.5157561e-01 0.0000000e+00 
-3.6597398e-01 1.6628945e+00 0.0000000e+00 
-4.7968102e-01 1.4840821e+00 0.0000000e+00 
-4.0647280e-01 1.6018963e+00 0.0000000e+00 
-2.8247547e-01 1.7905726e+00 0.0000000e+00 
-6.9355339e-01 1.1126732e+00 0.0000000e+00 
-5.7974398e-01 1.3169841e+00 0.0000000e+00 
-8.7462735e-01 7.4345869e-01 0.0000000e+00 
-3.3019835e-01 1.7259291e+00 0.0000000e+00 
-2.4154481e-01 1.8578696e+00 0.0000000e+00 
-8.4860033e-01 8.1448352e-01 0.0000000e+00 
-4.5160940e-01 1.5428026e+00 0.0000000e+00 
-6.1787516e-01 1.2642875e+00 0.0000000e+00 
-6.7536044e-01 1.1621113e+00 0.0000000e+00 
-7.8038704e-01 9.7605038e-01 0.0000000e+00 
-8.0281132e-01 9.3347627e-01 0.0000000e+00 
-2.9912123e-01 1.7910917e+00 0.0000000e+00 
-7.5897819e-01 1.0203973e+00 0.0000000e+00 
-3.8495037e-01 1.6639054e+00 0.0000000e+00 
-8.7556499e-01 7.7943546e-01 0.0000000e+00 
-5.3271097e-01 1.4282954e+00 0.0000000e+00 
-2.5685942e-01 1.8581321e+00 0.0000000e+00 
-4.2642117e-01 1.6030864e+00 0.0000000e+00 
-8.2633322e-01 8.9273429e-01 0.0000000e+00 
-5.6676728e-01 1.3726138e+00 0.0000000e+00 
-9.0426511e-01 7.1248364e-01 0.0000000e+00 
-6.5815938e-01 1.2131392e+00 0.0000000e+00 
-7.3853356e-01 1.0664663e+00 0.0000000e+00 
-5.0123978e-01 1.4854598e+00 0.0000000e+00 
-3.4818572e-01 1.7267289e+00 0.0000000e+00 
-6.0325289e-01 1.3184165e+00 0.0000000e+00 
-8.5106546e-01 8.5389525e-01 0.0000000e+00 
-7.1903247e-01 1.1142142e+00 0.0000000e+00 
-4.7250775e-01 1.5441265e+00 0.0000000e+00 
-3.1611931e-01 1.7916652e+00 0.0000000e+00 
-9.0415835e-01 7.4654692e-01 0.0000000e+00 
-6.4201760e-01 1.2657281e+00 0.0000000e+00 
-2.7253836e-01 1.8584336e+00 0.0000000e+00 
-7.0048422e-01 1.1636026e+00 0.0000000e+00 
-8.7714970e-01 8.1704402e-01 0.0000000e+00 
-4.0423509e-01 1.6649786e+00 0.0000000e+00 
-3.6650112e-01 1.7275929e+00 0.0000000e+00 
-4.4665873e-01 1.6043303e+00 0.0000000e+00 
-5.5519354e-01 1.4297227e+00 0.0000000e+00 
-8.0725980e-01 9.7788888e-01 0.0000000e+00 
-5.8989841e-01 1.3740480e+00 0.0000000e+00 
-5.2306831e-01 1.4868660e+00 0.0000000e+00 
-7.8545499e-01 1.0221157e+00 0.0000000e+00 
-8.3011127e-01 9.3546176e-01 0.0000000e+00 
-6.8292582e-01 1.2145975e+00 0.0000000e+00 
-7.6463574e-01 1.0680889e+00 0.0000000e+00 
-9.0475404e-01 7.8228319e-01 0.0000000e+00 
-8.5410237e-01 8.9489746e-01 0.0000000e+00 
-3.3346164e-01 1.7922981e+00 0.0000000e+00 
-6.2702459e-01 1.3198519e+00 0.0000000e+00 
-2.8857702e-01 1.8587793e+00 0.0000000e+00 
-4.9367955e-01 1.5454905e+00 0.0000000e+00 
-7.4477255e-01 1.1157626e+00 0.0000000e+00 
-4.2381632e-01 1.6661144e+00 0.0000000e+00 
-8.7935704e-01 8.5627151e-01 0.0000000e+00 
-3.8513324e-01 1.7285239e+00 0.0000000e+00 
-6.6642034e-01 1.2671683e+00 0.0000000e+00 
-4.6717468e-01 1.6056256e+00 0.0000000e+00 
-7.2586679e-01 1.1650965e+00 0.0000000e+00 
-5.7793671e-01 1.4311632e+00 0.0000000e+00 
-9.3406886e-01 7.4973708e-01 0.0000000e+00 
-3.0496976e-01 1.8591748e+00 0.0000000e+00 
-5.4515904e-01 1.4882960e+00 0.0000000e+00 
-3.5113901e-01 1.7929950e+00 0.0000000e+00 
-9.0602821e-01 8.1967473e-01 0.0000000e+00 
-6.1328870e-01 1.3754871e+00 0.0000000e+00 
-8.3440119e-01 9.7975481e-01 0.0000000e+00 
-5.1511586e-01 1.5468901e+00 0.0000000e+00 
-7.0794934e-01 1.2160549e+00 0.0000000e+00 
-8.1219393e-01 1.0238538e+00 0.0000000e+00 
-2.6513833e-01 1.9281081e+00 0.0000000e+00 
-8.5768914e-01 9.3748361e-01 0.0000000e+00 
-6.5105385e-01 1.3212867e+00 0.0000000e+00 
-7.9099572e-01 1.0697241e+00 0.0000000e+00 
-4.4368213e-01 1.6673119e+00 0.0000000e+00 
-4.0406993e-01 1.7295237e+00 0.0000000e+00 
-8.8216186e-01 8.9710730e-01 0.0000000e+00 
-7.7076751e-01 1.1173174e+00 0.0000000e+00 
-9.3429506e-01 7.8521746e-01 0.0000000e+00 
-4.8795858e-01 1.6069690e+00 0.0000000e+00 
-3.2170981e-01 1.8596258e+00 0.0000000e+00 
-3.6914086e-01 1.7937601e+00 0.0000000e+00 
-6.9107807e-01 1.2686051e+00 0.0000000e+00 
-9.0795487e-01 8.5870636e-01 0.0000000e+00 
-7.5150245e-01 1.1665918e+00 0.0000000e+00 
-2.8064343e-01 1.9282701e+00 0.0000000e+00 
-6.0093451e-01 1.4326121e+00 0.0000000e+00 
-5.6750494e-01 1.4897448e+00 0.0000000e+00 
-6.3693297e-01 1.3769267e+00 0.0000000e+00 
-5.3680837e-01 1.5483207e+00 0.0000000e+00 
-4.2329839e-01 1.7305933e+00 0.0000000e+00 
-4.6382061e-01 1.6685692e+00 0.0000000e+00 
-9.3523294e-01 8.2237840e-01 0.0000000e+00 
-7.3322439e-01 1.2175094e+00 0.0000000e+00 
-3.3878934e-01 1.8601376e+00 0.0000000e+00 
-6.7533559e-01 1.3227171e+00 0.0000000e+00 
-8.3918887e-01 1.0256116e+00 0.0000000e+00 
-8.6180532e-01 9.8164874e-01 0.0000000e+00 
-3.8745540e-01 1.7945974e+00 0.0000000e+00 
-8.1760716e-01 1.0713717e+00 0.0000000e+00 
-5.0900048e-01 1.6083562e+00 0.0000000e+00 
-8.8553929e-01 9.3954283e-01 0.0000000e+00 
-2.9650107e-01 1.9284753e+00 0.0000000e+00 
-7.9701126e-01 1.1188782e+00 0.0000000e+00 
-9.1050667e-01 8.9936519e-01 0.0000000e+00 
-7.1598566e-01 1.2700360e+00 0.0000000e+00 
-5.9009963e-01 1.4912068e+00 0.0000000e+00 
-6.2418151e-01 1.4340641e+00 0.0000000e+00 
-9.6418637e-01 7.8824198e-01 0.0000000e+00 
-4.4280541e-01 1.7317328e+00 0.0000000e+00 
-7.7738523e-01 1.1680872e+00 0.0000000e+00 
-3.5619929e-01 1.8607161e+00 0.0000000e+00 
-4.8422015e-01 1.6698833e+00 0.0000000e+00 
-5.5874932e-01 1.5497767e+00 0.0000000e+00 
-6.6082621e-01 1.3783624e+00 0.0000000e+00 
-9.3685496e-01 8.6120188e-01 0.0000000e+00 
-3.1270593e-01 1.9287298e+00 0.0000000e+00 
-4.0606949e-01 1.7955101e+00 0.0000000e+00 
-5.3029120e-01 1.6097826e+00 0.0000000e+00 
-7.5874537e-01 1.2189593e+00 0.0000000e+00 
-6.9986492e-01 1.3241397e+00 0.0000000e+00 
-8.6643314e-01 1.0273898e+00 0.0000000e+00 
-8.8946587e-01 9.8357153e-01 0.0000000e+00 
-9.6476090e-01 8.2515776e-01 0.0000000e+00 
-8.4446353e-01 1.0730319e+00 0.0000000e+00 
-3.7392905e-01 1.8613666e+00 0.0000000e+00 
-9.1365606e-01 9.4164056e-01 0.0000000e+00 
-4.6257785e-01 1.7329410e+00 0.0000000e+00 
-3.2925162e-01 1.9290398e+00 0.0000000e+00 
-8.2349730e-01 1.1204448e+00 0.0000000e+00 
-6.1293751e-01 1.4926765e+00 0.0000000e+00 
-7.4113804e-01 1.2714586e+00 0.0000000e+00 
-5.0486976e-01 1.6712503e+00 0.0000000e+00 
-6.4767277e-01 1.4355146e+00 0.0000000e+00 
-4.2496914e-01 1.7965002e+00 0.0000000e+00 
-9.3913180e-01 9.0167278e-01 0.0000000e+00 
-5.8093196e-01 1.5512524e+00 0.0000000e+00 
-6.8496382e-01 1.3797901e+00 0.0000000e+00 
-8.0350900e-01 1.1695821e+00 0.0000000e+00 
-5.5182230e-01 1.6112424e+00 0.0000000e+00 
-9.6605319e-01 8.6376035e-01 0.0000000e+00 
-3.9196616e-01 1.8620944e+00 0.0000000e+00 
-3.4613034e-01 1.9294121e+00 0.0000000e+00 
-7.2463715e-01 1.3255515e+00 0.0000000e+00 
-7.8450662e-01 1.2204033e+00 0.0000000e+00 
-4.8260275e-01 1.7342157e+00 0.0000000e+00 
-8.9391994e-01 1.0291888e+00 0.0000000e+00 
-4.4413969e-01 1.7975689e+00 0.0000000e+00 
-5.2575916e-01 1.6726657e+00 0.0000000e+00 
-9.1737628e-01 9.8552412e-01 0.0000000e+00 
-8.7155789e-01 1.0747050e+00 0.0000000e+00 
-3.0604491e-01 1.9996336e+00 0.0000000e+00 
-6.3601351e-01 1.4941480e+00 0.0000000e+00 
-9.9460918e-01 8.2801592e-01 0.0000000e+00 
-6.7140388e-01 1.4369582e+00 0.0000000e+00 
-6.0335016e-01 1.5527416e+00 0.0000000e+00 
-9.4203335e-01 9.4377816e-01 0.0000000e+00 
-7.6652992e-01 1.2728708e+00 0.0000000e+00 
-8.5021889e-01 1.1220168e+00 0.0000000e+00 
-3.6333328e-01 1.9298533e+00 0.0000000e+00 
-4.1029647e-01 1.8629043e+00 0.0000000e+00 
-7.0934147e-01 1.3812058e+00 0.0000000e+00 
-5.7358629e-01 1.6127298e+00 0.0000000e+00 
-9.6803206e-01 9.0403181e-01 0.0000000e+00 
-8.2986724e-01 1.1710759e+00 0.0000000e+00 
-5.0286788e-01 1.7355533e+00 0.0000000e+00 
-3.2215038e-01 1.9997237e+00 0.0000000e+00 
-4.6356633e-01 1.7987161e+00 0.0000000e+00 
-7.4964768e-01 1.3269496e+00 0.0000000e+00 
-8.1050217e-01 1.2218401e+00 0.0000000e+00 
-9.9554539e-01 8.6638403e-01 0.0000000e+00 
-5.4687905e-01 1.6741236e+00 0.0000000e+00 
-3.8085011e-01 1.9303701e+00 0.0000000e+00 
-6.5932328e-01 1.4956158e+00 0.0000000e+00 
-4.2890435e-01 1.8637998e+00 0.0000000e+00 
-6.2599874e-01 1.5542382e+00 0.0000000e+00 
-9.2164218e-01 1.0310094e+00 0.0000000e+00 
-6.9537079e-01 1.4383904e+00 0.0000000e+00 
-8.9888293e-01 1.0763915e+00 0.0000000e+00 
-9.4552976e-01 9.8750752e-01 0.0000000e+00 
-7.9215598e-01 1.2742708e+00 0.0000000e+00 
-3.3858848e-01 1.9998690e+00 0.0000000e+00 
-8.7716883e-01 1.1235945e+00 0.0000000e+00 
-5.9557652e-01 1.6142379e+00 0.0000000e+00 
-9.7066504e-01 9.4595689e-01 0.0000000e+00 
-7.3395503e-01 1.3826059e+00 0.0000000e+00 
-5.2336168e-01 1.7369491e+00 0.0000000e+00 
-4.8323455e-01 1.7999399e+00 0.0000000e+00 
-8.5645330e-01 1.1725684e+00 0.0000000e+00 
-9.9720222e-01 9.0644407e-01 0.0000000e+00 
-3.9866787e-01 1.9309694e+00 0.0000000e+00 
-5.6822109e-01 1.6756181e+00 0.0000000e+00 
-7.7489173e-01 1.3283315e+00 0.0000000e+00 
-4.4777319e-01 1.8647835e+00 0.0000000e+00 
-8.3672583e-01 1.2232693e+00 0.0000000e+00 
-3.5535169e-01 2.0000775e+00 0.0000000e+00 
-6.8286294e-01 1.4970745e+00 0.0000000e+00 
-6.4887321e-01 1.5557357e+00 0.0000000e+00 
-1.0253274e+00 8.6907530e-01 0.0000000e+00 
-7.1956986e-01 1.4398065e+00 0.0000000e+00 
-6.1778748e-01 1.6157603e+00 0.0000000e+00 
-9.4959229e-01 1.0328524e+00 0.0000000e+00 
-5.0313044e-01 1.8012373e+00 0.0000000e+00 
-9.2643106e-01 1.0780917e+00 0.0000000e+00 
-5.4407376e-01 1.7383977e+00 0.0000000e+00 
-8.1801063e-01 1.2756573e+00 0.0000000e+00 
-9.7391921e-01 9.8952270e-01 0.0000000e+00 
-4.1677102e-01 1.9316577e+00 0.0000000e+00 
-7.5880045e-01 1.3839871e+00 0.0000000e+00 
-9.0433973e-01 1.1251783e+00 0.0000000e+00 
-3.7243104e-01 2.0003569e+00 0.0000000e+00 
-4.6688607e-01 1.8658561e+00 0.0000000e+00 
-9.9954474e-01 9.4817811e-01 0.0000000e+00 
-5.8977813e-01 1.6771420e+00 0.0000000e+00 
-8.8326001e-01 1.1740595e+00 0.0000000e+00 
-8.0036449e-01 1.3296951e+00 0.0000000e+00 
-1.0266367e+00 9.0891141e-01 0.0000000e+00 
-8.6317104e-01 1.2246901e+00 0.0000000e+00 
-6.7196989e-01 1.5572277e+00 0.0000000e+00 
-7.0662928e-01 1.4985182e+00 0.0000000e+00 
-4.3514165e-01 1.9324406e+00 0.0000000e+00 
-5.2324110e-01 1.8026040e+00 0.0000000e+00 
-7.4399763e-01 1.4412023e+00 0.0000000e+00 
-6.4021456e-01 1.6172898e+00 0.0000000e+00 
-5.6499499e-01 1.7398927e+00 0.0000000e+00 
-3.8981694e-01 2.0007150e+00 0.0000000e+00 
-4.8622629e-01 1.8670166e+00 0.0000000e+00 
-8.4408814e-01 1.2770293e+00 0.0000000e+00 
-7.8387374e-01 1.3853462e+00 0.0000000e+00 
-9.7776240e-01 1.0347188e+00 0.0000000e+00 
-9.5419425e-01 1.0798067e+00 0.0000000e+00 
-6.1154413e-01 1.6786883e+00 0.0000000e+00 
-1.0025374e+00 9.9157083e-01 0.0000000e+00 
-9.3172359e-01 1.1267686e+00 0.0000000e+00 
-3.4944680e-01 2.0720761e+00 0.0000000e+00 
-9.1027975e-01 1.1755495e+00 0.0000000e+00 
-1.0286659e+00 9.5044333e-01 0.0000000e+00 
-4.5376033e-01 1.9333224e+00 0.0000000e+00 
-4.0749672e-01 2.0011609e+00 0.0000000e+00 
-8.2606101e-01 1.3310387e+00 0.0000000e+00 
-5.4355496e-01 1.8040344e+00 0.0000000e+00 
-6.9528568e-01 1.5587081e+00 0.0000000e+00 
-7.3061937e-01 1.4999422e+00 0.0000000e+00 
-5.8611739e-01 1.7414268e+00 0.0000000e+00 
-5.0577807e-01 1.8682623e+00 0.0000000e+00 
-8.8983065e-01 1.2261026e+00 0.0000000e+00 
-6.6285396e-01 1.6188195e+00 0.0000000e+00 
-1.0563301e+00 9.1143566e-01 0.0000000e+00 
-7.6865089e-01 1.4425741e+00 0.0000000e+00 
-3.6620897e-01 2.0720863e+00 0.0000000e+00 
-6.3351417e-01 1.6802493e+00 0.0000000e+00 
-8.7038219e-01 1.2783861e+00 0.0000000e+00 
-8.0917078e-01 1.3866810e+00 0.0000000e+00 
-4.7260705e-01 1.9343052e+00 0.0000000e+00 
-4.2545316e-01 2.0017033e+00 0.0000000e+00 
-9.8216397e-01 1.0815370e+00 0.0000000e+00 
-1.0061443e+00 1.0366094e+00 0.0000000e+00 
-9.5931190e-01 1.1283660e+00 0.0000000e+00 
-5.6406170e-01 1.8055217e+00 0.0000000e+00 
-1.0313764e+00 9.9365306e-01 0.0000000e+00 
-5.2552676e-01 1.8695891e+00 0.0000000e+00 
-3.8327807e-01 2.0721695e+00 0.0000000e+00 
-6.0743451e-01 1.7429926e+00 0.0000000e+00 
-9.3750435e-01 1.1770388e+00 0.0000000e+00 
-7.1881819e-01 1.5601709e+00 0.0000000e+00 
-8.5197604e-01 1.3323610e+00 0.0000000e+00 
-7.5483060e-01 1.5013416e+00 0.0000000e+00 
-1.0580215e+00 9.5275390e-01 0.0000000e+00 
-6.8570292e-01 1.6203423e+00 0.0000000e+00 
-9.1669732e-01 1.2275069e+00 0.0000000e+00 
-7.9352641e-01 1.4439183e+00 0.0000000e+00 
-4.4366476e-01 2.0023506e+00 0.0000000e+00 
-4.9166229e-01 1.9353884e+00 0.0000000e+00 
-6.5568453e-01 1.6818175e+00 0.0000000e+00 
-4.0064386e-01 2.0723352e+00 0.0000000e+00 
-8.3468729e-01 1.3879893e+00 0.0000000e+00 
-5.8475286e-01 1.8070589e+00 0.0000000e+00 
-8.9688605e-01 1.2797275e+00 0.0000000e+00 
-5.4545939e-01 1.8709913e+00 0.0000000e+00 
-6.2894112e-01 1.7445821e+00 0.0000000e+00 
-1.0103313e+00 1.0832837e+00 0.0000000e+00 
-1.0347295e+00 1.0385253e+00 0.0000000e+00 
-9.8709583e-01 1.1299714e+00 0.0000000e+00 
-7.4256545e-01 1.5616102e+00 0.0000000e+00 
-4.6210757e-01 2.0031099e+00 0.0000000e+00 
-1.0604285e+00 9.9577045e-01 0.0000000e+00 
-7.0875931e-01 1.6218513e+00 0.0000000e+00 
-7.7926069e-01 1.5027119e+00 0.0000000e+00 
-5.1090765e-01 1.9365703e+00 0.0000000e+00 
-9.6492523e-01 1.1785281e+00 0.0000000e+00 
-8.7810379e-01 1.3336611e+00 0.0000000e+00 
-4.1829675e-01 2.0725927e+00 0.0000000e+00 
-6.7805243e-01 1.6833853e+00 0.0000000e+00 
-8.1862092e-01 1.4452322e+00 0.0000000e+00 
-1.0876049e+00 9.5511127e-01 0.0000000e+00 
-9.4376284e-01 1.2289033e+00 0.0000000e+00 
-6.0562140e-01 1.8086377e+00 0.0000000e+00 
-5.6556475e-01 1.8724622e+00 0.0000000e+00 
-8.6041874e-01 1.3892694e+00 0.0000000e+00 
-4.8075682e-01 2.0039845e+00 0.0000000e+00 
-6.5063345e-01 1.7461869e+00 0.0000000e+00 
-9.2359263e-01 1.2810533e+00 0.0000000e+00 
-5.3032643e-01 1.9378461e+00 0.0000000e+00 
-4.3621865e-01 2.0729547e+00 0.0000000e+00 
-7.6652598e-01 1.5630208e+00 0.0000000e+00 
-7.3202175e-01 1.6233401e+00 0.0000000e+00 
-1.0386869e+00 1.0850476e+00 0.0000000e+00 
-1.0150658e+00 1.1315857e+00 0.0000000e+00 
-1.0635089e+00 1.0404674e+00 0.0000000e+00 
-8.0390745e-01 1.5040493e+00 0.0000000e+00 
-9.0443814e-01 1.3349385e+00 0.0000000e+00 
-7.0061618e-01 1.6849449e+00 0.0000000e+00 
-9.9253315e-01 1.1800182e+00 0.0000000e+00 
-1.0896854e+00 9.9792415e-01 0.0000000e+00 
-5.8583367e-01 1.8739938e+00 0.0000000e+00 
-6.2666196e-01 1.8102498e+00 0.0000000e+00 
-8.4393108e-01 1.4465129e+00 0.0000000e+00 
-3.9551595e-01 2.1452401e+00 0.0000000e+00 
-4.9958867e-01 2.0049751e+00 0.0000000e+00 
-9.7101867e-01 1.2302926e+00 0.0000000e+00 
-4.5438212e-01 2.0734344e+00 0.0000000e+00 
-5.4990429e-01 1.9392097e+00 0.0000000e+00 
-6.7250896e-01 1.7477987e+00 0.0000000e+00 
-8.8636017e-01 1.3905202e+00 0.0000000e+00 
-9.5049405e-01 1.2823644e+00 0.0000000e+00 
-7.9069847e-01 1.5643978e+00 0.0000000e+00 
-7.5548941e-01 1.6248024e+00 0.0000000e+00 
-4.1301119e-01 2.1451638e+00 0.0000000e+00 
-8.2876855e-01 1.5053502e+00 0.0000000e+00 
-5.1858133e-01 2.0060792e+00 0.0000000e+00 
-6.0625881e-01 1.8755774e+00 0.0000000e+00 
-7.2337484e-01 1.6864890e+00 0.0000000e+00 
-1.0672207e+00 1.0868295e+00 0.0000000e+00 
-6.4787072e-01 1.8118863e+00 0.0000000e+00 
-1.0432117e+00 1.1332098e+00 0.0000000e+00 
-4.7275481e-01 2.0740426e+00 0.0000000e+00 
-1.0924731e+00 1.0424365e+00 0.0000000e+00 
-9.3097246e-01 1.3361934e+00 0.0000000e+00 
-1.0203182e+00 1.1815101e+00 0.0000000e+00 
-5.6962907e-01 1.9406539e+00 0.0000000e+00 
-8.6945325e-01 1.4477588e+00 0.0000000e+00 
-1.1191387e+00 1.0001152e+00 0.0000000e+00 
-6.9456607e-01 1.7494096e+00 0.0000000e+00 
-9.9845535e-01 1.2316756e+00 0.0000000e+00 
-4.3078312e-01 2.1451826e+00 0.0000000e+00 
-9.1250610e-01 1.3917412e+00 0.0000000e+00 
-5.3771585e-01 2.0072918e+00 0.0000000e+00 
-4.9130371e-01 2.0747852e+00 0.0000000e+00 
-9.7758186e-01 1.2836610e+00 0.0000000e+00 
-7.7916187e-01 1.6262321e+00 0.0000000e+00 
-6.2683481e-01 1.8772043e+00 0.0000000e+00 
-8.1508178e-01 1.5657368e+00 0.0000000e+00 
-6.6924536e-01 1.8135386e+00 0.0000000e+00 
-7.4632818e-01 1.6880107e+00 0.0000000e+00 
-8.5384178e-01 1.5066119e+00 0.0000000e+00 
-5.8949125e-01 1.9421701e+00 0.0000000e+00 
-4.4882372e-01 2.1453109e+00 0.0000000e+00 
-1.0959226e+00 1.0886303e+00 0.0000000e+00 
-9.5769936e-01 1.3374259e+00 0.0000000e+00 
-1.0715231e+00 1.1348445e+00 0.0000000e+00 
-7.1680444e-01 1.7510114e+00 0.0000000e+00 
-1.1216127e+00 1.0444335e+00 0.0000000e+00 
-8.9518338e-01 1.4489682e+00 0.0000000e+00 
-1.0482699e+00 1.1830047e+00 0.0000000e+00 
-5.5697626e-01 2.0086060e+00 0.0000000e+00 
-5.0999826e-01 2.0756638e+00 0.0000000e+00 
-1.0260630e+00 1.2330536e+00 0.0000000e+00 
-6.4755815e-01 1.8788652e+00 0.0000000e+00 
-9.3885064e-01 1.3929321e+00 0.0000000e+00 
-4.6709627e-01 2.1455717e+00 0.0000000e+00 
-6.0948354e-01 1.9437492e+00 0.0000000e+00 
-8.0303913e-01 1.6276242e+00 0.0000000e+00 
-6.9078487e-01 1.8151978e+00 0.0000000e+00 
-8.3967489e-01 1.5670336e+00 0.0000000e+00 
-1.0048468e+00 1.2849444e+00 0.0000000e+00 
-7.6947671e-01 1.6895031e+00 0.0000000e+00 
-8.7912446e-01 1.5078319e+00 0.0000000e+00 
-5.2881193e-01 2.0766745e+00 0.0000000e+00 
-5.7635015e-01 2.0100129e+00 0.0000000e+00 
-7.3922455e-01 1.7525963e+00 0.0000000e+00 
-9.8461068e-01 1.3386369e+00 0.0000000e+00 
-9.2111695e-01 1.4501404e+00 0.0000000e+00 
-1.1247817e+00 1.0904509e+00 0.0000000e+00 
-1.0999887e+00 1.1364909e+00 0.0000000e+00 
-4.8555011e-01 2.1459851e+00 0.0000000e+00 
-1.0763772e+00 1.1845032e+00 0.0000000e+00 
-1.1509174e+00 1.0464591e+00 0.0000000e+00 
-6.6842705e-01 1.8805510e+00 0.0000000e+00 
-6.2960112e-01 1.9453813e+00 0.0000000e+00 
-7.1248943e-01 1.8168555e+00 0.0000000e+00 
-1.0538307e+00 1.2344276e+00 0.0000000e+00 
-8.2712132e-01 1.6289735e+00 0.0000000e+00 
-9.6538711e-01 1.3940932e+00 0.0000000e+00 
-8.6447668e-01 1.5682852e+00 0.0000000e+00 
-5.4772329e-01 2.0778105e+00 0.0000000e+00 
-7.9282129e-01 1.6909599e+00 0.0000000e+00 
-5.9582812e-01 2.0115030e+00 0.0000000e+00 
-4.4449559e-01 2.2188628e+00 0.0000000e+00 
-1.0322790e+00 1.2862158e+00 0.0000000e+00 
-9.0461373e-01 1.5090084e+00 0.0000000e+00 
-5.0413543e-01 2.1465614e+00 0.0000000e+00 
-7.6182765e-01 1.7541569e+00 0.0000000e+00 
-6.8944114e-01 1.8822523e+00 0.0000000e+00 
-1.0116978e+00 1.3398274e+00 0.0000000e+00 
-6.4984119e-01 1.9470569e+00 0.0000000e+00 
-9.4724900e-01 1.4512749e+00 0.0000000e+00 
-1.1285969e+00 1.1381496e+00 0.0000000e+00 
-1.1537869e+00 1.0922916e+00 0.0000000e+00 
-7.3436028e-01 1.8185034e+00 0.0000000e+00 
-5.6671572e-01 2.0790627e+00 0.0000000e+00 
-4.6284795e-01 2.2186723e+00 0.0000000e+00 
-1.1046280e+00 1.1860065e+00 0.0000000e+00 
-6.1540389e-01 2.0130661e+00 0.0000000e+00 
-8.5140854e-01 1.6302757e+00 0.0000000e+00 
-5.2281022e-01 2.1473014e+00 0.0000000e+00 
-1.0817471e+00 1.2357988e+00 0.0000000e+00 
-8.1636322e-01 1.6923755e+00 0.0000000e+00 
-8.8948572e-01 1.5694886e+00 0.0000000e+00 
-9.9210799e-01 1.3952250e+00 0.0000000e+00 
-7.8461558e-01 1.7556863e+00 0.0000000e+00 
-9.3030620e-01 1.5101403e+00 0.0000000e+00 
-1.0598675e+00 1.2874765e+00 0.0000000e+00 
-7.1060139e-01 1.8839602e+00 0.0000000e+00 
-6.7020297e-01 1.9487661e+00 0.0000000e+00 
-4.8145375e-01 2.2186246e+00 0.0000000e+00 
-5.8577734e-01 2.0804203e+00 0.0000000e+00 
-5.4154205e-01 2.1481984e+00 0.0000000e+00 
-9.7357363e-01 1.4523718e+00 0.0000000e+00 
-7.5639951e-01 1.8201334e+00 0.0000000e+00 
-1.0389507e+00 1.3409988e+00 0.0000000e+00 
-6.3507384e-01 2.0146916e+00 0.0000000e+00 
-1.1573353e+00 1.1398214e+00 0.0000000e+00 
-1.1829264e+00 1.0941530e+00 0.0000000e+00 
-1.1330100e+00 1.1875157e+00 0.0000000e+00 
-8.7590098e-01 1.6315271e+00 0.0000000e+00 
-8.4010392e-01 1.6937445e+00 0.0000000e+00 
-9.1470033e-01 1.5706418e+00 0.0000000e+00 
-5.0021201e-01 2.2187662e+00 0.0000000e+00 
-1.1097996e+00 1.2371686e+00 0.0000000e+00 
-1.0190051e+00 1.3963292e+00 0.0000000e+00 
-8.0759066e-01 1.7571779e+00 0.0000000e+00 
-6.9068718e-01 1.9504997e+00 0.0000000e+00 
-6.0490054e-01 2.0818715e+00 0.0000000e+00 
-7.3191011e-01 1.8856664e+00 0.0000000e+00 
-9.5619786e-01 1.5112268e+00 0.0000000e+00 
-5.6030792e-01 2.1492407e+00 0.0000000e+00 
-1.0876007e+00 1.2887280e+00 0.0000000e+00 
-6.5483683e-01 2.0163691e+00 0.0000000e+00 
-7.7860993e-01 1.8217382e+00 0.0000000e+00 
-1.0000844e+00 1.4534320e+00 0.0000000e+00 
-5.1902926e-01 2.2191193e+00 0.0000000e+00 
-1.0663590e+00 1.3421526e+00 0.0000000e+00 
-9.0059865e-01 1.6327244e+00 0.0000000e+00 
-8.6404490e-01 1.6950622e+00 0.0000000e+00 
-6.2408143e-01 2.0834045e+00 0.0000000e+00 
-1.1861912e+00 1.1415068e+00 0.0000000e+00 
-5.7909280e-01 2.1504149e+00 0.0000000e+00 
-1.1615101e+00 1.1890316e+00 0.0000000e+00 
-7.1129614e-01 1.9522482e+00 0.0000000e+00 
-9.4011837e-01 1.5717430e+00 0.0000000e+00 
-7.5337034e-01 1.8873624e+00 0.0000000e+00 
-8.3075553e-01 1.7586256e+00 0.0000000e+00 
-1.0460693e+00 1.3974068e+00 0.0000000e+00 
-1.1379755e+00 1.2385381e+00 0.0000000e+00 
-6.7469382e-01 2.0180886e+00 0.0000000e+00 
-9.8228407e-01 1.5122681e+00 0.0000000e+00 
-5.3784221e-01 2.2196803e+00 0.0000000e+00 
-8.0099493e-01 1.8233109e+00 0.0000000e+00 
-1.1154661e+00 1.2899719e+00 0.0000000e+00 
-6.4331913e-01 2.0850079e+00 0.0000000e+00 
-5.9788835e-01 2.1517062e+00 0.0000000e+00 
-1.0267737e+00 1.4544564e+00 0.0000000e+00 
-1.0939111e+00 1.3432907e+00 0.0000000e+00 
-7.3203331e-01 1.9540033e+00 0.0000000e+00 
-8.8818771e-01 1.6963242e+00 0.0000000e+00 
-9.2550111e-01 1.6338650e+00 0.0000000e+00 
-4.9683478e-01 2.2924757e+00 0.0000000e+00 
-7.7498603e-01 1.8890405e+00 0.0000000e+00 
-6.9464749e-01 2.0198405e+00 0.0000000e+00 
-5.5661356e-01 2.2204328e+00 0.0000000e+00 
-8.5411298e-01 1.7600240e+00 0.0000000e+00 
-9.6573710e-01 1.5727915e+00 0.0000000e+00 
-1.2151513e+00 1.1432060e+00 0.0000000e+00 
-1.1901145e+00 1.1905549e+00 0.0000000e+00 
-1.0732903e+00 1.3984598e+00 0.0000000e+00 
-1.1662607e+00 1.2399087e+00 0.0000000e+00 
-8.2355833e-01 1.8248444e+00 0.0000000e+00 
-1.0085593e+00 1.5132645e+00 0.0000000e+00 
-6.1669165e-01 2.1530998e+00 0.0000000e+00 
-6.6261554e-01 2.0866704e+00 0.0000000e+00 
-1.1434501e+00 1.2912098e+00 0.0000000e+00 
-5.1625592e-01 2.2921979e+00 0.0000000e+00 
-5.7532442e-01 2.2213545e+00 0.0000000e+00 
-7.5290328e-01 1.9557565e+00 0.0000000e+00 
-1.0536335e+00 1.4554470e+00 0.0000000e+00 
-7.1470195e-01 2.0216155e+00 0.0000000e+00 
-7.9676169e-01 1.8906933e+00 0.0000000e+00 
-9.1253370e-01 1.6975271e+00 0.0000000e+00 
-1.1215944e+00 1.3444152e+00 0.0000000e+00 
-9.5060760e-01 1.6349469e+00 0.0000000e+00 
-8.7766606e-01 1.7613678e+00 0.0000000e+00 
-9.9155325e-01 1.5737867e+00 0.0000000e+00 
-6.3550377e-01 2.1545823e+00 0.0000000e+00 
-6.8197447e-01 2.0883820e+00 0.0000000e+00 
-5.3560537e-01 2.2922132e+00 0.0000000e+00 
-1.2188087e+00 1.1920860e+00 0.0000000e+00 
-8.4630418e-01 1.8263328e+00 0.0000000e+00 
-1.1006571e+00 1.3994904e+00 0.0000000e+00 
-5.9396833e-01 2.2224233e+00 0.0000000e+00 
-1.1946408e+00 1.2412812e+00 0.0000000e+00 
-1.0350174e+00 1.5142173e+00 0.0000000e+00 
-7.7391112e-01 1.9575002e+00 0.0000000e+00 
-7.3486257e-01 2.0234053e+00 0.0000000e+00 
-1.1715387e+00 1.2924433e+00 0.0000000e+00 
-8.1870234e-01 1.8923141e+00 0.0000000e+00 
-1.0806539e+00 1.4564053e+00 0.0000000e+00 
-6.5432906e-01 2.1561408e+00 0.0000000e+00 
-5.5476594e-01 2.2925179e+00 0.0000000e+00 
-9.3708378e-01 1.6986678e+00 0.0000000e+00 
-9.7591686e-01 1.6359689e+00 0.0000000e+00 
-9.0141749e-01 1.7626526e+00 0.0000000e+00 
-7.0140153e-01 2.0901332e+00 0.0000000e+00 
-1.1493953e+00 1.3455278e+00 0.0000000e+00 
-6.1254704e-01 2.2236185e+00 0.0000000e+00 
-1.0175625e+00 1.5747293e+00 0.0000000e+00 
-8.6923671e-01 1.8277706e+00 0.0000000e+00 
-1.2475777e+00 1.1936251e+00 0.0000000e+00 
-1.1281571e+00 1.4005008e+00 0.0000000e+00 
-7.9506278e-01 1.9592272e+00 0.0000000e+00 
-7.5513554e-01 2.0252020e+00 0.0000000e+00 
-1.0616508e+00 1.5151279e+00 0.0000000e+00 
-1.2231002e+00 1.2426562e+00 0.0000000e+00 
-5.7371426e-01 2.2930651e+00 0.0000000e+00 
-6.7317432e-01 2.1577642e+00 0.0000000e+00 
-8.4081322e-01 1.8938965e+00 0.0000000e+00 
-1.1997164e+00 1.2936738e+00 0.0000000e+00 
-7.2090352e-01 2.0919151e+00 0.0000000e+00 
-6.3106787e-01 2.2249219e+00 0.0000000e+00 
-9.6183872e-01 1.6997440e+00 0.0000000e+00 
-1.1078247e+00 1.4573339e+00 0.0000000e+00 
-9.2537004e-01 1.7638747e+00 0.0000000e+00 
-1.0014268e+00 1.6369303e+00 0.0000000e+00 
-1.1772994e+00 1.3466307e+00 0.0000000e+00 
-8.9236021e-01 1.8291525e+00 0.0000000e+00 
-1.0437599e+00 1.5756198e+00 0.0000000e+00 
-5.9245980e-01 2.2938082e+00 0.0000000e+00 
-7.7552772e-01 2.0269983e+00 0.0000000e+00 
-8.1636447e-01 1.9609307e+00 0.0000000e+00 
-6.9204795e-01 2.1594422e+00 0.0000000e+00 
-6.4954138e-01 2.2263186e+00 0.0000000e+00 
-1.1557773e+00 1.4014933e+00 0.0000000e+00 
-1.0884510e+00 1.5159986e+00 0.0000000e+00 
-7.4048829e-01 2.0937200e+00 0.0000000e+00 
-8.6309975e-01 1.8954344e+00 0.0000000e+00 
-1.2516230e+00 1.2440348e+00 0.0000000e+00 
-5.5319732e-01 2.3656042e+00 0.0000000e+00 
-1.2279671e+00 1.2949024e+00 0.0000000e+00 
-6.1102408e-01 2.2947109e+00 0.0000000e+00 
-9.8679852e-01 1.7007538e+00 0.0000000e+00 
-9.4952607e-01 1.7650303e+00 0.0000000e+00 
-1.0271349e+00 1.6378311e+00 0.0000000e+00 
-1.1351340e+00 1.4582355e+00 0.0000000e+00 
-7.1095961e-01 2.1611664e+00 0.0000000e+00 
-7.9604644e-01 2.0287871e+00 0.0000000e+00 
-9.1567874e-01 1.8304738e+00 0.0000000e+00 
-1.2052910e+00 1.3477257e+00 0.0000000e+00 
-8.3782274e-01 1.9626043e+00 0.0000000e+00 
-6.6798043e-01 2.2277951e+00 0.0000000e+00 
-1.0701393e+00 1.5764600e+00 0.0000000e+00 
-7.6016420e-01 2.0955408e+00 0.0000000e+00 
-5.7302719e-01 2.3653641e+00 0.0000000e+00 
-8.8556755e-01 1.8969223e+00 0.0000000e+00 
-6.2943262e-01 2.2957461e+00 0.0000000e+00 
-1.1835029e+00 1.4024708e+00 0.0000000e+00 
-1.1154087e+00 1.5168319e+00 0.0000000e+00 
-1.2801927e+00 1.2454166e+00 0.0000000e+00 
-7.2991973e-01 2.1629288e+00 0.0000000e+00 
-1.0119628e+00 1.7016963e+00 0.0000000e+00 
-6.8639904e-01 2.2293415e+00 0.0000000e+00 
-9.7388762e-01 1.7661169e+00 0.0000000e+00 
-1.2562742e+00 1.2961303e+00 0.0000000e+00 
-8.1669945e-01 2.0305626e+00 0.0000000e+00 
-1.0530372e+00 1.6386716e+00 0.0000000e+00 
-1.1625689e+00 1.4591129e+00 0.0000000e+00 
-8.5944414e-01 1.9642422e+00 0.0000000e+00 
-9.3919629e-01 1.8317304e+00 0.0000000e+00 
-5.9227735e-01 2.3655360e+00 0.0000000e+00 
-7.7994019e-01 2.0973706e+00 0.0000000e+00 
-6.4771163e-01 2.2968938e+00 0.0000000e+00 
-1.2333535e+00 1.3488148e+00 0.0000000e+00 
-1.0966935e+00 1.5772519e+00 0.0000000e+00 
-9.0822196e-01 1.8983555e+00 0.0000000e+00 
-7.4893910e-01 2.1647229e+00 0.0000000e+00 
-7.0481181e-01 2.2309489e+00 0.0000000e+00 
-1.2113183e+00 1.4034356e+00 0.0000000e+00 
-1.1425127e+00 1.5176306e+00 0.0000000e+00 
-6.1111706e-01 2.3659525e+00 0.0000000e+00 
-8.3749437e-01 2.0323188e+00 0.0000000e+00 
-9.9845624e-01 1.7671320e+00 0.0000000e+00 
-1.0373303e+00 1.7025707e+00 0.0000000e+00 
-6.6588676e-01 2.2981398e+00 0.0000000e+00 
-8.8123536e-01 1.9658390e+00 0.0000000e+00 
-7.9982525e-01 2.0992041e+00 0.0000000e+00 
-1.2846197e+00 1.2973580e+00 0.0000000e+00 
-9.6291661e-01 1.8329185e+00 0.0000000e+00 
-1.0791293e+00 1.6394534e+00 0.0000000e+00 
-1.1901152e+00 1.4599693e+00 0.0000000e+00 
-1.1234142e+00 1.5779980e+00 0.0000000e+00 
-1.2614692e+00 1.3498996e+00 0.0000000e+00 
-7.2323340e-01 2.2326102e+00 0.0000000e+00 
-9.3106824e-01 1.8997288e+00 0.0000000e+00 
-7.6802880e-01 2.1665428e+00 0.0000000e+00 
-6.2964743e-01 2.3665471e+00 0.0000000e+00 
-6.8398225e-01 2.2994735e+00 0.0000000e+00 
-8.5843915e-01 2.0340505e+00 0.0000000e+00 
-1.1697510e+00 1.5183982e+00 0.0000000e+00 
-1.2392066e+00 1.4043902e+00 0.0000000e+00 
-8.1982851e-01 2.1010358e+00 0.0000000e+00 
-9.0320307e-01 1.9673896e+00 0.0000000e+00 
-1.0232329e+00 1.7680742e+00 0.0000000e+00 
-1.0628990e+00 1.7033772e+00 0.0000000e+00 
-9.8684299e-01 1.8340349e+00 0.0000000e+00 
-1.1054057e+00 1.6401783e+00 0.0000000e+00 
-7.4167830e-01 2.2343199e+00 0.0000000e+00 
-1.3129853e+00 1.2985861e+00 0.0000000e+00 
-6.4793777e-01 2.3672900e+00 0.0000000e+00 
-7.8719980e-01 2.1683836e+00 0.0000000e+00 
-1.2177576e+00 1.4608078e+00 0.0000000e+00 
-9.5411164e-01 1.9010381e+00 0.0000000e+00 
-7.0202082e-01 2.3008876e+00 0.0000000e+00 
-1.1502917e+00 1.5787015e+00 0.0000000e+00 
-1.2896200e+00 1.3509812e+00 0.0000000e+00 
-8.7954152e-01 2.0357521e+00 0.0000000e+00 
-8.3995914e-01 2.1028605e+00 0.0000000e+00 
-1.1971103e+00 1.5191381e+00 0.0000000e+00 
-9.2535353e-01 1.9688889e+00 0.0000000e+00 
-1.2671498e+00 1.4053369e+00 0.0000000e+00 
-6.6604024e-01 2.3681657e+00 0.0000000e+00 
-7.6016062e-01 2.2360728e+00 0.0000000e+00 
-1.0482180e+00 1.7689420e+00 0.0000000e+00 
-1.0886660e+00 1.7041168e+00 0.0000000e+00 
-8.0646306e-01 2.1702402e+00 0.0000000e+00 
-1.0109783e+00 1.8350768e+00 0.0000000e+00 
-7.2002363e-01 2.3023756e+00 0.0000000e+00 
-1.1318592e+00 1.6408486e+00 0.0000000e+00 
-9.7735673e-01 1.9022794e+00 0.0000000e+00 
-1.2454790e+00 1.4616315e+00 0.0000000e+00 
-1.1773149e+00 1.5793660e+00 0.0000000e+00 
-9.0080893e-01 2.0374191e+00 0.0000000e+00 
-8.6022598e-01 2.1046739e+00 0.0000000e+00 
-1.3177862e+00 1.3520607e+00 0.0000000e+00 
-6.8399620e-01 2.3691649e+00 0.0000000e+00 
-7.7869409e-01 2.2378650e+00 0.0000000e+00 
-9.4769311e-01 1.9703325e+00 0.0000000e+00 
-7.3801023e-01 2.3039334e+00 0.0000000e+00 
-8.2582909e-01 2.1721089e+00 0.0000000e+00 
-1.2245754e+00 1.5198541e+00 0.0000000e+00 
-1.2951291e+00 1.4062778e+00 0.0000000e+00 
-1.0734112e+00 1.7697353e+00 0.0000000e+00 
-1.1146271e+00 1.7047907e+00 0.0000000e+00 
-1.0353249e+00 1.8360418e+00 0.0000000e+00 
-1.1584820e+00 1.6414677e+00 0.0000000e+00 
-1.0008081e+00 1.9034491e+00 0.0000000e+00 
-7.0183980e-01 2.3702810e+00 0.0000000e+00 
-8.8063771e-01 2.1064713e+00 0.0000000e+00 
-9.2224878e-01 2.0390470e+00 0.0000000e+00 
-1.2732617e+00 1.4624437e+00 0.0000000e+00 
-7.9729152e-01 2.2396924e+00 0.0000000e+00 
-1.2044716e+00 1.5799954e+00 0.0000000e+00 
-7.5599855e-01 2.3055570e+00 0.0000000e+00 
-1.3459477e+00 1.3531387e+00 0.0000000e+00 
-8.4530807e-01 2.1739857e+00 0.0000000e+00 
-9.7022766e-01 1.9717160e+00 0.0000000e+00 
-1.2521300e+00 1.5205503e+00 0.0000000e+00 
-1.0988110e+00 1.7704540e+00 0.0000000e+00 
-7.1959996e-01 2.3715093e+00 0.0000000e+00 
-1.3231242e+00 1.4072145e+00 0.0000000e+00 
-1.0598848e+00 1.8369284e+00 0.0000000e+00 
-1.1407775e+00 1.7054013e+00 0.0000000e+00 
-8.1596535e-01 2.2415526e+00 0.0000000e+00 
-9.0120280e-01 2.1082487e+00 0.0000000e+00 
-1.0244699e+00 1.9045439e+00 0.0000000e+00 
-1.1852641e+00 1.6420389e+00 0.0000000e+00 
-7.7400529e-01 2.3072433e+00 0.0000000e+00 
-9.4386828e-01 2.0406311e+00 0.0000000e+00 
-8.6490995e-01 2.1758668e+00 0.0000000e+00 
-1.3010861e+00 1.4632471e+00 0.0000000e+00 
-1.2317476e+00 1.5805941e+00 0.0000000e+00 
-9.9296278e-01 1.9730355e+00 0.0000000e+00 
-7.3730159e-01 2.3728447e+00 0.0000000e+00 
-8.3472723e-01 2.2434421e+00 0.0000000e+00 
-1.1244155e+00 1.7710991e+00 0.0000000e+00 
-1.2797565e+00 1.5212303e+00 0.0000000e+00 
-1.0846589e+00 1.8377351e+00 0.0000000e+00 
-7.9204571e-01 2.3089895e+00 0.0000000e+00 
-1.3511140e+00 1.4081485e+00 0.0000000e+00 
-1.1671104e+00 1.7059511e+00 0.0000000e+00 
-9.2192918e-01 2.1100020e+00 0.0000000e+00 
-9.6567404e-01 2.0421672e+00 0.0000000e+00 
-1.0483453e+00 1.9055609e+00 0.0000000e+00 
-8.8464409e-01 2.1777492e+00 0.0000000e+00 
-1.2121950e+00 1.6425666e+00 0.0000000e+00 
-7.5496644e-01 2.3742831e+00 0.0000000e+00 
-1.3289318e+00 1.4640443e+00 0.0000000e+00 
-1.0159038e+00 1.9742867e+00 0.0000000e+00 
-1.2591275e+00 1.5811664e+00 0.0000000e+00 
-8.5358816e-01 2.2453580e+00 0.0000000e+00 
-8.1013393e-01 2.3107929e+00 0.0000000e+00 
-9.4282472e-01 2.1117272e+00 0.0000000e+00 
-1.1502213e+00 1.7716719e+00 0.0000000e+00 
-1.1096478e+00 1.8384613e+00 0.0000000e+00 
-1.3074356e+00 1.5218982e+00 0.0000000e+00 
-7.7261382e-01 2.3758204e+00 0.0000000e+00 
-9.8767275e-01 2.0436511e+00 0.0000000e+00 
-9.0451950e-01 2.1796288e+00 0.0000000e+00 
-1.1936187e+00 1.7064438e+00 0.0000000e+00 
-1.3790768e+00 1.4090807e+00 0.0000000e+00 
-1.0724379e+00 1.9064975e+00 0.0000000e+00 
-1.2392620e+00 1.6430553e+00 0.0000000e+00 
-1.0390558e+00 1.9754661e+00 0.0000000e+00 
-8.2828295e-01 2.3126507e+00 0.0000000e+00 
-8.7255853e-01 2.2472975e+00 0.0000000e+00 
-1.3567773e+00 1.4648379e+00 0.0000000e+00 
-1.2865944e+00 1.5817173e+00 0.0000000e+00 
-7.9026079e-01 2.3774521e+00 0.0000000e+00 
-9.6389675e-01 2.1134205e+00 0.0000000e+00 
-9.2454463e-01 2.1815026e+00 0.0000000e+00 
-1.1348510e+00 1.8391069e+00 0.0000000e+00 
-1.0098704e+00 2.0450788e+00 0.0000000e+00 
-1.1762242e+00 1.7721747e+00 0.0000000e+00 
-1.3351468e+00 1.5225575e+00 0.0000000e+00 
-1.2202928e+00 1.7068833e+00 0.0000000e+00 
-1.0967500e+00 1.9073516e+00 0.0000000e+00 
-8.4650493e-01 2.3145604e+00 0.0000000e+00 
-8.9164817e-01 2.2492583e+00 0.0000000e+00 
-1.2664509e+00 1.6435102e+00 0.0000000e+00 
-1.0624231e+00 1.9765704e+00 0.0000000e+00 
-8.0792284e-01 2.3791747e+00 0.0000000e+00 
-1.3845997e+00 1.4656296e+00 0.0000000e+00 
-9.8515236e-01 2.1150777e+00 0.0000000e+00 
-1.3141295e+00 1.5822514e+00 0.0000000e+00 
-9.4472766e-01 2.1833673e+00 0.0000000e+00 
-1.0322729e+00 2.0464458e+00 0.0000000e+00 
-1.1602675e+00 1.8396723e+00 0.0000000e+00 
-8.6481094e-01 2.3165197e+00 0.0000000e+00 
-1.2024187e+00 1.7726104e+00 0.0000000e+00 
-1.1212838e+00 1.9081216e+00 0.0000000e+00 
-9.1086632e-01 2.2512369e+00 0.0000000e+00 
-1.3628680e+00 1.5232118e+00 0.0000000e+00 
-1.2471223e+00 1.7072746e+00 0.0000000e+00 
-8.2561404e-01 2.3809841e+00 0.0000000e+00 
-1.0860100e+00 1.9775960e+00 0.0000000e+00 
-1.2937459e+00 1.6439368e+00 0.0000000e+00 
-1.0065981e+00 2.1166947e+00 0.0000000e+00 
-9.6507633e-01 2.1852190e+00 0.0000000e+00 
-1.4123753e+00 1.4664209e+00 0.0000000e+00 
-1.3417126e+00 1.5827737e+00 0.0000000e+00 
-8.8321155e-01 2.3185253e+00 0.0000000e+00 
-1.0548857e+00 2.0477486e+00 0.0000000e+00 
-9.3022162e-01 2.2532308e+00 0.0000000e+00 
-8.4334719e-01 2.3828757e+00 0.0000000e+00 
-1.1858948e+00 1.8401589e+00 0.0000000e+00 
-1.2287977e+00 1.7729826e+00 0.0000000e+00 
-1.1460404e+00 1.9088062e+00 0.0000000e+00 
-1.2740948e+00 1.7076226e+00 0.0000000e+00 
-1.3905760e+00 1.5238642e+00 0.0000000e+00 
-1.1098201e+00 1.9785399e+00 0.0000000e+00 
-1.3211294e+00 1.6443404e+00 0.0000000e+00 
-9.8559785e-01 2.1870544e+00 0.0000000e+00 
-1.0282406e+00 2.1182673e+00 0.0000000e+00 
-9.0171641e-01 2.3205750e+00 0.0000000e+00 
-8.6113405e-01 2.3848462e+00 0.0000000e+00 
-9.4972229e-01 2.2552369e+00 0.0000000e+00 
-1.0777141e+00 2.0489826e+00 0.0000000e+00 
-1.3693219e+00 1.5832887e+00 0.0000000e+00 
-1.2117301e+00 1.8405685e+00 0.0000000e+00 
-1.2553529e+00 1.7732956e+00 0.0000000e+00 
-1.1710207e+00 1.9094046e+00 0.0000000e+00 
-1.3011962e+00 1.7079335e+00 0.0000000e+00 
-1.4182466e+00 1.5245171e+00 0.0000000e+00 
-1.1338569e+00 1.9793994e+00 0.0000000e+00 
-9.2033470e-01 2.3226657e+00 0.0000000e+00 
-1.0062994e+00 2.1888695e+00 0.0000000e+00 
-1.0500857e+00 2.1197915e+00 0.0000000e+00 
-8.7898552e-01 2.3868914e+00 0.0000000e+00 
-1.3485821e+00 1.6447271e+00 0.0000000e+00 
-9.6937615e-01 2.2572520e+00 0.0000000e+00 
-1.1007630e+00 2.0501440e+00 0.0000000e+00 
-1.3969343e+00 1.5838007e+00 0.0000000e+00 
-1.2377687e+00 1.8409040e+00 0.0000000e+00 
-1.1962246e+00 1.9099169e+00 0.0000000e+00 
-1.2820743e+00 1.7735548e+00 0.0000000e+00 
-9.3907505e-01 2.3247941e+00 0.0000000e+00 
-8.9691180e-01 2.3890073e+00 0.0000000e+00 
-1.0271873e+00 2.1906607e+00 0.0000000e+00 
-1.3284106e+00 1.7082134e+00 0.0000000e+00 
-1.4458541e+00 1.5251726e+00 0.0000000e+00 
-1.1581231e+00 1.9801719e+00 0.0000000e+00 
-1.0721393e+00 2.1212630e+00 0.0000000e+00 
-9.8919064e-01 2.2592728e+00 0.0000000e+00 
-1.3760829e+00 1.6451027e+00 0.0000000e+00 
-1.1240369e+00 2.0512290e+00 0.0000000e+00 
-1.4245247e+00 1.5843138e+00 0.0000000e+00 
-9.5794559e-01 2.3269577e+00 0.0000000e+00 
-9.1492242e-01 2.3911905e+00 0.0000000e+00 
-1.2640049e+00 1.8411686e+00 0.0000000e+00 
-1.2216512e+00 1.9103433e+00 0.0000000e+00 
-1.0482682e+00 2.1924236e+00 0.0000000e+00 
-1.3089504e+00 1.7737658e+00 0.0000000e+00 
-1.0944070e+00 2.1226771e+00 0.0000000e+00 
-1.0091728e+00 2.2612958e+00 0.0000000e+00 
-1.1826214e+00 1.9808552e+00 0.0000000e+00 
-1.3557204e+00 1.7084692e+00 0.0000000e+00 
-1.4036090e+00 1.6454730e+00 0.0000000e+00 
-1.1475402e+00 2.0522335e+00 0.0000000e+00 
-9.3302637e-01 2.3934367e+00 0.0000000e+00 
-9.7695410e-01 2.3291528e+00 0.0000000e+00 
-1.4520673e+00 1.5848314e+00 0.0000000e+00 
-1.0695481e+00 2.1941540e+00 0.0000000e+00 
-1.2904317e+00 1.8413670e+00 0.0000000e+00 
-1.2472990e+00 1.9106853e+00 0.0000000e+00 
-1.0293293e+00 2.2633173e+00 0.0000000e+00 
-1.1168940e+00 2.1240296e+00 0.0000000e+00 
-1.3359677e+00 1.7739353e+00 0.0000000e+00 
-1.2073534e+00 1.9814477e+00 0.0000000e+00 
-1.3831058e+00 1.7087077e+00 0.0000000e+00 
-9.5123219e-01 2.3957427e+00 0.0000000e+00 
-9.9610794e-01 2.3313763e+00 0.0000000e+00 
-1.1712769e+00 2.0531538e+00 0.0000000e+00 
-1.4311358e+00 1.6458435e+00 0.0000000e+00 
-1.0910330e+00 2.1958475e+00 0.0000000e+00 
-1.0496668e+00 2.2653337e+00 0.0000000e+00 
-1.4795346e+00 1.5853565e+00 0.0000000e+00 
-1.1396056e+00 2.1253154e+00 0.0000000e+00 
-1.3170404e+00 1.8415045e+00 0.0000000e+00 
-1.2731649e+00 1.9109451e+00 0.0000000e+00 
-1.3631104e+00 1.7740706e+00 0.0000000e+00 
-9.6954793e-01 2.3981044e+00 0.0000000e+00 
-1.2323207e+00 1.9819480e+00 0.0000000e+00 
-1.0154142e+00 2.3336251e+00 0.0000000e+00 
-1.4105449e+00 1.7089361e+00 0.0000000e+00 
-1.1952510e+00 2.0539863e+00 0.0000000e+00 
-1.4586370e+00 1.6462194e+00 0.0000000e+00 
-1.1127286e+00 2.1974998e+00 0.0000000e+00 
-1.0701915e+00 2.2673407e+00 0.0000000e+00 
-1.1625469e+00 2.1265302e+00 0.0000000e+00 
-9.8798156e-01 2.4005184e+00 0.0000000e+00 
-1.3438207e+00 1.8415873e+00 0.0000000e+00 
-1.2992451e+00 1.9111253e+00 0.0000000e+00 
-1.0348798e+00 2.3358951e+00 0.0000000e+00 
-1.3903614e+00 1.7741795e+00 0.0000000e+00 
-1.2575241e+00 1.9823557e+00 0.0000000e+00 
-1.4380143e+00 1.7091616e+00 0.0000000e+00 
-1.2194659e+00 2.0547276e+00 0.0000000e+00 
-1.4860851e+00 1.6466053e+00 0.0000000e+00 
-1.1346403e+00 2.1991055e+00 0.0000000e+00 
-1.0909095e+00 2.2693346e+00 0.0000000e+00 
-1.0065404e+00 2.4029813e+00 0.0000000e+00 
-1.1857227e+00 2.1276689e+00 0.0000000e+00 
-1.0545114e+00 2.3381832e+00 0.0000000e+00 
-1.3255345e+00 1.9112303e+00 0.0000000e+00 
-1.3707601e+00 1.8416226e+00 0.0000000e+00 
-1.2829639e+00 1.9826707e+00 0.0000000e+00 
-1.4177008e+00 1.7742702e+00 0.0000000e+00 
-1.4654881e+00 1.7093912e+00 0.0000000e+00 
-1.2439251e+00 2.0553744e+00 0.0000000e+00 
-1.1118268e+00 2.2713103e+00 0.0000000e+00 
-1.1567740e+00 2.2006600e+00 0.0000000e+00 
-1.0252321e+00 2.4054890e+00 0.0000000e+00 
-1.5134507e+00 1.6470054e+00 0.0000000e+00 
-1.0743154e+00 2.3404856e+00 0.0000000e+00 
-1.2091380e+00 2.1287265e+00 0.0000000e+00 
-1.3520265e+00 1.9112653e+00 0.0000000e+00 
-1.3978444e+00 1.8416185e+00 0.0000000e+00 
-1.3086394e+00 1.9828939e+00 0.0000000e+00 
-1.4451067e+00 1.7743516e+00 0.0000000e+00 
-1.0440634e+00 2.4080386e+00 0.0000000e+00 
-1.1329494e+00 2.2732639e+00 0.0000000e+00 
-1.4929389e+00 1.7096317e+00 0.0000000e+00 
-1.2686318e+00 2.0559239e+00 0.0000000e+00 
-1.1791350e+00 2.2021575e+00 0.0000000e+00 
-1.0942985e+00 2.3427982e+00 0.0000000e+00 
-1.2327976e+00 2.1296983e+00 0.0000000e+00 
-1.3787128e+00 1.9112363e+00 0.0000000e+00 
-1.4250569e+00 1.8415842e+00 0.0000000e+00 
-1.0630417e+00 2.4106264e+00 0.0000000e+00 
-1.3345493e+00 1.9830275e+00 0.0000000e+00 
-1.4725550e+00 1.7744323e+00 0.0000000e+00 
-1.1542830e+00 2.2751904e+00 0.0000000e+00 
-1.2017288e+00 2.2035933e+00 0.0000000e+00 
-1.2935889e+00 2.0563741e+00 0.0000000e+00 
-1.5203373e+00 1.7098892e+00 0.0000000e+00 
-1.1144665e+00 2.3451176e+00 0.0000000e+00 
-1.2567064e+00 2.1305792e+00 0.0000000e+00 
-1.0821737e+00 2.4132490e+00 0.0000000e+00 
-1.4055831e+00 1.9111511e+00 0.0000000e+00 
-1.4523787e+00 1.8415294e+00 0.0000000e+00 
-1.1758337e+00 2.2770848e+00 0.0000000e+00 
-1.3606912e+00 1.9830741e+00 0.0000000e+00 
-1.5000191e+00 1.7745214e+00 0.0000000e+00 
-1.1348262e+00 2.3474393e+00 0.0000000e+00 
-1.2245612e+00 2.2049608e+00 0.0000000e+00 
-1.3187990e+00 2.0567231e+00 0.0000000e+00 
-1.5476525e+00 1.7101693e+00 0.0000000e+00 
-1.2808695e+00 2.1313643e+00 0.0000000e+00 
-1.1014664e+00 2.4159031e+00 0.0000000e+00 
-1.1976073e+00 2.2789416e+00 0.0000000e+00 
-1.4326253e+00 1.9110185e+00 0.0000000e+00 
-1.1553835e+00 2.3497596e+00 0.0000000e+00 
-1.4797883e+00 1.8414645e+00 0.0000000e+00 
-1.3870616e+00 1.9830383e+00 0.0000000e+00 
-1.2476379e+00 2.2062547e+00 0.0000000e+00 
-1.5274704e+00 1.7746274e+00 0.0000000e+00 
-1.3442644e+00 2.0569699e+00 0.0000000e+00 
-1.1209265e+00 2.4185851e+00 0.0000000e+00 
-1.3052920e+00 2.1320491e+00 0.0000000e+00 
-1.2196099e+00 2.2807558e+00 0.0000000e+00 
-1.1761448e+00 2.3520737e+00 0.0000000e+00 
-1.4598247e+00 1.9108486e+00 0.0000000e+00 
-1.5072614e+00 1.8414005e+00 0.0000000e+00 
-1.2709649e+00 2.2074687e+00 0.0000000e+00 
-1.4136553e+00 1.9829258e+00 0.0000000e+00 
-1.5548778e+00 1.7747587e+00 0.0000000e+00 
-1.3699870e+00 2.0571144e+00 0.0000000e+00 
-1.1405611e+00 2.4212916e+00 0.0000000e+00 
-1.3299791e+00 2.1326292e+00 0.0000000e+00 
-1.2418476e+00 2.2825212e+00 0.0000000e+00 
-1.1971167e+00 2.3543775e+00 0.0000000e+00 
-1.2945485e+00 2.2085965e+00 0.0000000e+00 
-1.4871639e+00 1.9106530e+00 0.0000000e+00 
-1.5347712e+00 1.8413485e+00 0.0000000e+00 
-1.4404656e+00 1.9827440e+00 0.0000000e+00 
-1.1603769e+00 2.4240196e+00 0.0000000e+00 
-1.5822086e+00 1.7749230e+00 0.0000000e+00 
-1.3959682e+00 2.0571578e+00 0.0000000e+00 
-1.3549364e+00 2.1331000e+00 0.0000000e+00 
-1.2183057e+00 2.3566663e+00 0.0000000e+00 
-1.2643272e+00 2.2842321e+00 0.0000000e+00 
-1.1803809e+00 2.4267654e+00 0.0000000e+00 
-1.3183955e+00 2.2096312e+00 0.0000000e+00 
-1.5146228e+00 1.9104439e+00 0.0000000e+00 
-1.5622879e+00 1.8413200e+00 0.0000000e+00 
-1.4674839e+00 1.9825020e+00 0.0000000e+00 
-1.4222087e+00 2.0571024e+00 0.0000000e+00 
-1.3801695e+00 2.1334581e+00 0.0000000e+00 
-1.2397184e+00 2.3589354e+00 0.0000000e+00 
-1.2870554e+00 2.2858818e+00 0.0000000e+00 
-1.2005806e+00 2.4295259e+00 0.0000000e+00 
-1.3425130e+00 2.2105668e+00 0.0000000e+00 
-1.5421780e+00 1.9102350e+00 0.0000000e+00 
-1.5897795e+00 1.8413259e+00 0.0000000e+00 
-1.4946988e+00 1.9822109e+00 0.0000000e+00 
-1.4487081e+00 2.0569530e+00 0.0000000e+00 
-1.2613621e+00 2.3611796e+00 0.0000000e+00 
-1.4056844e+00 2.1337008e+00 0.0000000e+00 
-1.3100393e+00 2.2874634e+00 0.0000000e+00 
-1.2209830e+00 2.4322977e+00 0.0000000e+00 
-1.3669087e+00 2.2113957e+00 0.0000000e+00 
-1.5698030e+00 1.9100405e+00 0.0000000e+00 
-1.6172109e+00 1.8413767e+00 0.0000000e+00 
-1.5220962e+00 1.9818834e+00 0.0000000e+00 
-1.4754648e+00 2.0567150e+00 0.0000000e+00 
-1.2832438e+00 2.3633940e+00 0.0000000e+00 
-1.3332869e+00 2.2889702e+00 0.0000000e+00 
-1.2415960e+00 2.4350772e+00 0.0000000e+00 
-1.4314871e+00 2.1338263e+00 0.0000000e+00 
-1.3915913e+00 2.2121117e+00 0.0000000e+00 
-1.5974677e+00 1.9098752e+00 0.0000000e+00 
-1.5496589e+00 1.9815347e+00 0.0000000e+00 
-1.3053714e+00 2.3655729e+00 0.0000000e+00 
-1.5024756e+00 2.0563974e+00 0.0000000e+00 
-1.2624271e+00 2.4378610e+00 0.0000000e+00 
-1.3568065e+00 2.2903943e+00 0.0000000e+00 
-1.4575839e+00 2.1338332e+00 0.0000000e+00 
-1.4165702e+00 2.2127080e+00 0.0000000e+00 
-1.6251384e+00 1.9097536e+00 0.0000000e+00 
-1.3277531e+00 2.3677108e+00 0.0000000e+00 
-1.5773658e+00 1.9811810e+00 0.0000000e+00 
-1.2834847e+00 2.4406457e+00 0.0000000e+00 
-1.5297351e+00 2.0560112e+00 0.0000000e+00 
-1.3806075e+00 2.2917280e+00 0.0000000e+00 
-1.4839807e+00 2.1337233e+00 0.0000000e+00 
-1.4418554e+00 2.2131777e+00 0.0000000e+00 
-1.3503977e+00 2.3698010e+00 0.0000000e+00 
-1.3047773e+00 2.4434278e+00 0.0000000e+00 
-1.6527784e+00 1.9096901e+00 0.0000000e+00 
-1.6051916e+00 1.9808407e+00 0.0000000e+00 
-1.5572349e+00 2.0555701e+00 0.0000000e+00 
-1.4047000e+00 2.2929626e+00 0.0000000e+00 
-1.5106833e+00 2.1334989e+00 0.0000000e+00 
-1.4674585e+00 2.2135146e+00 0.0000000e+00 
-1.3263139e+00 2.4462039e+00 0.0000000e+00 
-1.3733145e+00 2.3718374e+00 0.0000000e+00 
-1.6331068e+00 1.9805329e+00 0.0000000e+00 
-1.4290954e+00 2.2940888e+00 0.0000000e+00 
-1.5849630e+00 2.0550911e+00 0.0000000e+00 
-1.5376966e+00 2.1331663e+00 0.0000000e+00 
-1.4933920e+00 2.2137136e+00 0.0000000e+00 
-1.3481042e+00 2.4489701e+00 0.0000000e+00 
-1.3965142e+00 2.3738127e+00 0.0000000e+00 
-1.6610771e+00 1.9802774e+00 0.0000000e+00 
-1.4538065e+00 2.2950974e+00 0.0000000e+00 
-1.6129030e+00 2.0545945e+00 0.0000000e+00 
-1.5650244e+00 2.1327345e+00 0.0000000e+00 
-1.3701587e+00 2.4517229e+00 0.0000000e+00 
-1.5196698e+00 2.2137702e+00 0.0000000e+00 
-1.4200078e+00 2.3757191e+00 0.0000000e+00 
-1.6890635e+00 1.9800946e+00 0.0000000e+00 
-1.4788477e+00 2.2959781e+00 0.0000000e+00 
-1.6410336e+00 2.0541029e+00 0.0000000e+00 
-1.5926681e+00 2.1322165e+00 0.0000000e+00 
-1.3924880e+00 2.4544580e+00 0.0000000e+00 
-1.5463067e+00 2.2136812e+00 0.0000000e+00 
-1.4438081e+00 2.3775485e+00 0.0000000e+00 
-1.5042357e+00 2.2967203e+00 0.0000000e+00 
-1.6693274e+00 2.0536420e+00 0.0000000e+00 
-1.6206255e+00 2.1316302e+00 0.0000000e+00 
-1.4151044e+00 2.4571717e+00 0.0000000e+00 
-1.4679292e+00 2.3792911e+00 0.0000000e+00 
-1.5733192e+00 2.2134464e+00 0.0000000e+00 
-1.5299894e+00 2.2973125e+00 0.0000000e+00 
-1.6977501e+00 2.0532398e+00 0.0000000e+00 
-1.4380208e+00 2.4598594e+00 0.0000000e+00 
-1.6488899e+00 2.1309986e+00 0.0000000e+00 
-1.4923871e+00 2.3809371e+00 0.0000000e+00 
-1.6007242e+00 2.2130687e+00 0.0000000e+00 
-1.5561303e+00 2.2977438e+00 0.0000000e+00 
-1.7262610e+00 2.0529239e+00 0.0000000e+00 
-1.4612516e+00 2.4625165e+00 0.0000000e+00 
-1.6774478e+00 2.1303511e+00 0.0000000e+00 
-1.5171998e+00 2.3824751e+00 0.0000000e+00 
-1.6285388e+00 2.2125554e+00 0.0000000e+00 
-1.5826838e+00 2.2980022e+00 0.0000000e+00 
-1.4848126e+00 2.4651384e+00 0.0000000e+00 
-1.7062778e+00 2.1297209e+00 0.0000000e+00 
-1.5423881e+00 2.3838918e+00 0.0000000e+00 
-1.6567791e+00 2.2119203e+00 0.0000000e+00 
-1.6096789e+00 2.2980773e+00 0.0000000e+00 
-1.5087215e+00 2.4677196e+00 0.0000000e+00 
-1.7353501e+00 2.1291463e+00 0.0000000e+00 
-1.5679764e+00 2.3851728e+00 0.0000000e+00 
-1.6854573e+00 2.2111855e+00 0.0000000e+00 
-1.6371491e+00 2.2979596e+00 0.0000000e+00 
-1.5329981e+00 2.4702535e+00 0.0000000e+00 
-1.7646215e+00 2.1286716e+00 0.0000000e+00 
-1.5939928e+00 2.3863015e+00 0.0000000e+00 
-1.7145798e+00 2.2103844e+00 0.0000000e+00 
-1.6651326e+00 2.2976418e+00 0.0000000e+00 
-1.5576646e+00 2.4727335e+00 0.0000000e+00 
-1.6204709e+00 2.3872590e+00 0.0000000e+00 
-1.7441399e+00 2.2095630e+00 0.0000000e+00 
-1.6936734e+00 2.2971218e+00 0.0000000e+00 
-1.5827469e+00 2.4751511e+00 0.0000000e+00 
-1.6474506e+00 2.3880231e+00 0.0000000e+00 
-1.7741144e+00 2.2087796e+00 0.0000000e+00 
-1.6082741e+00 2.4774964e+00 0.0000000e+00 
-1.7228192e+00 2.2964060e+00 0.0000000e+00 
-1.6749799e+00 2.3885694e+00 0.0000000e+00 
-1.8044719e+00 2.2080898e+00 0.0000000e+00 
-1.6342802e+00 2.4797571e+00 0.0000000e+00 
-1.7526207e+00 2.2955148e+00 0.0000000e+00 
-1.7031178e+00 2.3888695e+00 0.0000000e+00 
-1.6608050e+00 2.4819176e+00 0.0000000e+00 
-1.7831234e+00 2.2944913e+00 0.0000000e+00 
-1.7319366e+00 2.3888924e+00 0.0000000e+00 
-1.6878952e+00 2.4839573e+00 0.0000000e+00 
-1.8143508e+00 2.2934182e+00 0.0000000e+00 
-1.7615268e+00 2.3886049e+00 0.0000000e+00 
-1.7156065e+00 2.4858496e+00 0.0000000e+00 
-1.8462555e+00 2.2924397e+00 0.0000000e+00 
-1.7920032e+00 2.3879733e+00 0.0000000e+00 
-1.7440059e+00 2.4875574e+00 0.0000000e+00 
-1.8235128e+00 2.3869720e+00 0.0000000e+00 
-1.7731752e+00 2.4890294e+00 0.0000000e+00 
-1.8562458e+00 2.3855994e+00 0.0000000e+00 
-1.8032162e+00 2.4901938e+00 0.0000000e+00 
-1.8904350e+00 2.3839326e+00 0.0000000e+00 
-1.8342599e+00 2.4909449e+00 0.0000000e+00 
-1.8664842e+00 2.4911268e+00 0.0000000e+00 
-1.9001594e+00 2.4904966e+00 0.0000000e+00 
-1.9357855e+00 2.4886532e+00 0.0000000e+00 
REACTION 3 4225  float
-3.1791910e+06 -2.4886752e+06 0.0000000e+00 
-6.6754835e+06 -5.9931940e+06 0.0000000e+00 
7.1991235e-07 7.5530261e-07 0.0000000e+00 
-7.0380865e+06 -6.1926400e+06 0.0000000e+00 
2.3562461e-07 -1.6712584e-06 0.0000000e+00 
1.1101365e-06 4.6566129e-07 0.0000000e+00 
-7.1913540e+06 -6.3682510e+06 0.0000000e+00 
8.6706132e-07 -2.5471672e-07 0.0000000e+00 
1.5101396e-06 -2.6496127e-06 0.0000000e+00 
-7.3192630e+06 -6.5208895e+06 0.0000000e+00 
-3.2940879e-06 4.9346127e-06 0.0000000e+00 
2.3362227e-06 1.0021031e-06 0.0000000e+00 
-3.1804666e-07 1.6312115e-06 0.0000000e+00 
-7.4530420e+06 -6.6569665e+06 0.0000000e+00 
4.8275106e-06 -4.2142347e-06 0.0000000e+00 
1.0235235e-06 -1.0854565e-06 0.0000000e+00 
-3.1618401e-07 1.7578714e-06 0.0000000e+00 
-2.6538037e-06 4.1024759e-06 0.0000000e+00 
-1.1227094e-06 1.2712553e-07 0.0000000e+00 
-7.6042880e+06 -6.7773755e+06 0.0000000e+00 
8.0931932e-07 8.1630424e-07 0.0000000e+00 
-2.1532178e-06 -7.5995922e-07 0.0000000e+00 
8.0177560e-06 -2.5192276e-06 0.0000000e+00 
-1.6391277e-06 -1.2619421e-07 0.0000000e+00 
-7.7759025e+06 -6.8810725e+06 0.0000000e+00 
-7.8324229e-07 2.2114255e-06 0.0000000e+00 
6.3795596e-08 -4.6053901e-06 0.0000000e+00 
-2.8330833e-06 1.3299286e-06 0.0000000e+00 
2.8745271e-06 -4.5537017e-06 0.0000000e+00 
3.8086437e-06 1.8011779e-06 0.0000000e+00 
-7.9668130e+06 -6.9663670e+06 0.0000000e+00 
-4.1909516e-09 6.5192580e-07 0.0000000e+00 
-5.1180832e-06 4.3921173e-06 0.0000000e+00 
-1.6898848e-06 3.0561350e-06 0.0000000e+00 
-1.9399449e-06 1.1920929e-06 0.0000000e+00 
6.3818879e-06 -4.4316985e-06 0.0000000e+00 
9.0668909e-06 -8.3036721e-06 0.0000000e+00 
5.1753595e-06 -3.4761615e-06 0.0000000e+00 
-8.1738865e+06 -7.0315645e+06 0.0000000e+00 
1.3969839e-06 2.1308661e-06 0.0000000e+00 
-7.6713040e-06 7.5860880e-06 0.0000000e+00 
-8.9965761e-07 7.3760748e-07 0.0000000e+00 
-5.8086589e-06 5.0771050e-06 0.0000000e+00 
-1.0569114e-05 8.4713101e-06 0.0000000e+00 
-7.2349794e-06 3.8510188e-06 0.0000000e+00 
8.2436018e-06 -8.0764294e-06 0.0000000e+00 
-8.3929370e+06 -7.0752385e+06 0.0000000e+00 
3.9916486e-06 -4.0377490e-06 0.0000000e+00 
-2.5471672e-06 2.6617199e-06 0.0000000e+00 
5.0440431e-06 -4.3315813e-06 0.0000000e+00 
6.4130872e-06 -7.8976154e-07 0.0000000e+00 
9.9418685e-07 6.0535967e-09 0.0000000e+00 
-2.9942021e-07 -2.6207417e-06 0.0000000e+00 
1.1837110e-06 4.0512532e-08 0.0000000e+00 
-8.6192950e+06 -7.0963355e+06 0.0000000e+00 
-1.8477440e-06 3.2931566e-06 0.0000000e+00 
-4.0223822e-06 -3.9115548e-08 0.0000000e+00 
6.1597675e-06 -3.7611462e-06 0.0000000e+00 
5.0431117e-06 -7.1912073e-06 0.0000000e+00 
-1.7406419e-06 -5.5879354e-09 0.0000000e+00 
-1.7918646e-06 -7.9954043e-07 0.0000000e+00 
1.4668331e-07 2.0293519e-06 0.0000000e+00 
7.1199611e-07 1.1576340e-06 0.0000000e+00 
6.0023740e-07 3.8635917e-06 0.0000000e+00 
-4.5918860e-06 3.7499703e-06 0.0000000e+00 
2.1709129e-06 -3.3853576e-07 0.0000000e+00 
-8.8481530e+06 -7.0941885e+06 0.0000000e+00 
-4.8186630e-06 8.0931932e-06 0.0000000e+00 
-6.0265884e-06 4.3190084e-06 0.0000000e+00 
1.7769635e-06 -2.5155023e-06 0.0000000e+00 
3.0137599e-06 -3.6819838e-06 0.0000000e+00 
4.7525391e-06 1.4854595e-07 0.0000000e+00 
4.1145831e-06 -5.4482371e-07 0.0000000e+00 
3.1562522e-06 -1.5869737e-06 0.0000000e+00 
1.2246892e-07 -3.1101517e-06 0.0000000e+00 
-9.0747730e+06 -7.0684980e+06 0.0000000e+00 
-8.6147338e-08 1.1208467e-06 0.0000000e+00 
-1.2391247e-06 -1.8808059e-06 0.0000000e+00 
-1.4821999e-06 6.9593079e-06 0.0000000e+00 
4.0782616e-06 -4.6100467e-07 0.0000000e+00 
-1.4225952e-06 -5.4622069e-06 0.0000000e+00 
-4.8326328e-06 4.9127266e-06 0.0000000e+00 
4.1015446e-06 1.2759119e-06 0.0000000e+00 
-5.5418350e-06 1.2037344e-06 0.0000000e+00 
-3.3313408e-06 3.5353005e-06 0.0000000e+00 
7.9656020e-06 -6.5639615e-06 0.0000000e+00 
-5.6545250e-06 1.0383781e-05 0.0000000e+00 
5.2521937e-06 -6.0680322e-06 0.0000000e+00 
-9.2946140e+06 -7.0192875e+06 0.0000000e+00 
7.2070397e-06 -8.8540837e-06 0.0000000e+00 
-8.2650222e-06 1.1798460e-05 0.0000000e+00 
1.9967556e-06 -2.2584572e-06 0.0000000e+00 
-1.4556572e-06 -9.4482675e-07 0.0000000e+00 
-2.7874485e-06 5.4645352e-06 0.0000000e+00 
-1.3075769e-05 7.9204328e-06 0.0000000e+00 
1.3122335e-05 -9.1628172e-06 0.0000000e+00 
4.7553331e-06 4.9546361e-07 0.0000000e+00 
9.3607232e-06 -1.0771211e-05 0.0000000e+00 
5.9958547e-06 -6.0223974e-06 0.0000000e+00 
8.0415048e-06 -1.0989606e-05 0.0000000e+00 
-9.5034060e+06 -6.9468595e+06 0.0000000e+00 
-7.3607080e-06 1.1485070e-05 0.0000000e+00 
-9.4631687e-06 1.3037585e-05 0.0000000e+00 
6.8545341e-06 -8.4210187e-06 0.0000000e+00 
9.0170652e-06 -1.1089258e-05 0.0000000e+00 
-3.6768615e-06 -1.0649674e-06 0.0000000e+00 
1.6074628e-06 -1.9455329e-06 0.0000000e+00 
-1.7357059e-05 1.5024096e-05 0.0000000e+00 
-4.8410147e-06 6.2119216e-06 0.0000000e+00 
-7.5106509e-06 2.8768554e-06 0.0000000e+00 
2.1876767e-06 -1.9972213e-06 0.0000000e+00 
6.3828193e-06 -6.9066882e-06 0.0000000e+00 
-9.6971870e+06 -6.8517500e+06 0.0000000e+00 
-8.7269582e-06 1.2471806e-05 0.0000000e+00 
1.5296973e-06 -1.3262033e-06 0.0000000e+00 
3.2302924e-06 2.5937334e-07 0.0000000e+00 
1.0805670e-05 -1.2496021e-05 0.0000000e+00 
-8.2212500e-06 7.5190328e-06 0.0000000e+00 
8.7618828e-06 -1.3731420e-05 0.0000000e+00 
-2.8675422e-06 -4.1490421e-07 0.0000000e+00 
8.9360401e-06 -6.4112246e-06 0.0000000e+00 
3.0235387e-06 -9.7551383e-06 0.0000000e+00 
-4.0130690e-06 1.0283664e-05 0.0000000e+00 
-5.5041164e-06 1.3026409e-05 0.0000000e+00 
-6.0359016e-06 1.1991709e-05 0.0000000e+00 
1.4427584e-05 -6.6892244e-06 0.0000000e+00 
3.8715079e-06 -1.5133992e-06 0.0000000e+00 
-1.0365620e-06 4.6645291e-06 0.0000000e+00 
-9.8723250e+06 -6.7346845e+06 0.0000000e+00 
-2.3660250e-06 6.6105276e-06 0.0000000e+00 
-3.4510158e-06 3.7704594e-06 0.0000000e+00 
-1.0610558e-05 9.8114833e-06 0.0000000e+00 
-1.8596184e-05 1.5667174e-05 0.0000000e+00 
8.0359168e-06 -7.2675757e-06 0.0000000e+00 
1.0079704e-05 -1.0156538e-05 0.0000000e+00 
-4.7925860e-06 -8.3632767e-07 0.0000000e+00 
6.6664070e-06 -1.3373792e-06 0.0000000e+00 
-3.3038668e-06 4.0698797e-07 0.0000000e+00 
4.2379834e-06 -6.2496401e-06 0.0000000e+00 
4.5327470e-06 -2.8163195e-06 0.0000000e+00 
4.3739565e-06 -7.0463866e-06 0.0000000e+00 
-6.4261258e-07 2.2635795e-06 0.0000000e+00 
-1.0025511e+07 -6.5965430e+06 0.0000000e+00 
5.6177378e-06 -1.2830831e-05 0.0000000e+00 
2.7930364e-06 -6.7465007e-06 0.0000000e+00 
1.4096033e-05 -1.9937754e-05 0.0000000e+00 
-7.1898103e-07 5.8929436e-06 0.0000000e+00 
-8.8769011e-06 7.7732839e-06 0.0000000e+00 
-8.5630454e-06 8.7637454e-07 0.0000000e+00 
-1.0839663e-05 2.1770597e-05 0.0000000e+00 
1.4975667e-06 3.1702220e-06 0.0000000e+00 
-6.8997033e-06 1.2231525e-05 0.0000000e+00 
1.6945414e-06 3.5646372e-06 0.0000000e+00 
5.4445118e-06 -8.8647939e-06 0.0000000e+00 
4.9686059e-07 1.0309741e-06 0.0000000e+00 
-5.1502138e-06 8.4000640e-06 0.0000000e+00 
-1.0153761e+07 -6.4383225e+06 0.0000000e+00 
3.8347207e-06 -1.4259014e-05 0.0000000e+00 
-4.9564987e-06 -6.5607019e-06 0.0000000e+00 
3.8477592e-06 -1.4678109e-05 0.0000000e+00 
-1.2465753e-06 -4.5807101e-06 0.0000000e+00 
-5.0147064e-06 8.4289350e-06 0.0000000e+00 
3.8640574e-06 9.3635172e-06 0.0000000e+00 
3.8119033e-06 -2.4405308e-06 0.0000000e+00 
7.9995953e-06 -1.6320962e-05 0.0000000e+00 
1.1116732e-05 -7.4855052e-06 0.0000000e+00 
2.7529895e-06 -1.1585653e-06 0.0000000e+00 
-1.3674609e-05 2.2229739e-05 0.0000000e+00 
-6.6929497e-06 1.0759104e-05 0.0000000e+00 
-9.6848235e-06 7.9809688e-06 0.0000000e+00 
-8.7404624e-06 1.3917685e-05 0.0000000e+00 
2.6497990e-05 -1.2214296e-05 0.0000000e+00 
2.6840717e-06 -2.3148023e-06 0.0000000e+00 
4.0479936e-06 -5.6507997e-06 0.0000000e+00 
-3.7811697e-07 4.6878122e-06 0.0000000e+00 
-1.0254392e+07 -6.2611135e+06 0.0000000e+00 
-7.7970326e-06 9.8324381e-06 0.0000000e+00 
3.9185397e-06 -3.2377429e-06 0.0000000e+00 
7.1246177e-08 1.0276213e-05 0.0000000e+00 
-1.1827797e-06 -3.0826777e-06 0.0000000e+00 
8.5341744e-06 -3.1003729e-06 0.0000000e+00 
2.0924956e-05 -1.4283229e-05 0.0000000e+00 
-6.0908496e-07 -1.3233162e-05 0.0000000e+00 
1.1445023e-05 -2.0787120e-06 0.0000000e+00 
-5.9194863e-06 4.8023649e-06 0.0000000e+00 
-1.9502826e-05 1.4385208e-05 0.0000000e+00 
1.1790544e-05 -1.9721687e-05 0.0000000e+00 
2.4861656e-06 -6.3390471e-06 0.0000000e+00 
-6.4261258e-08 2.9080547e-06 0.0000000e+00 
-8.9658424e-06 5.7695433e-06 0.0000000e+00 
-9.3034469e-06 1.1477619e-05 0.0000000e+00 
1.7448328e-06 -4.4610351e-06 0.0000000e+00 
-1.0325011e+07 -6.0660710e+06 0.0000000e+00 
3.0063093e-06 1.8021092e-06 0.0000000e+00 
-2.6440248e-06 3.4784898e-07 0.0000000e+00 
-1.3471581e-05 1.0258052e-05 0.0000000e+00 
1.4146790e-06 6.6380017e-06 0.0000000e+00 
-4.7748908e-06 -2.7054921e-07 0.0000000e+00 
9.1250986e-06 -1.7306302e-05 0.0000000e+00 
-1.2552366e-05 1.5175436e-05 0.0000000e+00 
7.7486038e-07 -4.2007305e-06 0.0000000e+00 
5.5124983e-06 -1.4849007e-05 0.0000000e+00 
1.1366792e-05 -6.9309026e-06 0.0000000e+00 
-8.6100772e-06 1.8204097e-05 0.0000000e+00 
4.2775646e-06 -2.7162023e-06 0.0000000e+00 
5.2927062e-06 -3.9828010e-06 0.0000000e+00 
-6.6272914e-06 4.9779192e-06 0.0000000e+00 
-6.8712980e-06 4.6566129e-06 0.0000000e+00 
-6.0535967e-08 -5.7239085e-06 0.0000000e+00 
-4.5197085e-06 -1.1529773e-06 0.0000000e+00 
-8.9071691e-06 6.8382360e-06 0.0000000e+00 
-1.0363488e+07 -5.8543980e+06 0.0000000e+00 
1.1450611e-06 -1.7182902e-07 0.0000000e+00 
4.7781505e-06 -4.8698857e-06 0.0000000e+00 
-5.1371753e-06 2.3115426e-06 0.0000000e+00 
5.2694231e-06 -4.5588240e-07 0.0000000e+00 
-9.9092722e-07 -5.3890981e-06 0.0000000e+00 
-1.4084391e-05 2.2508670e-05 0.0000000e+00 
-3.1292439e-07 8.4871426e-06 0.0000000e+00 
1.3020821e-05 -1.0556541e-05 0.0000000e+00 
1.5702099e-06 -6.0992315e-06 0.0000000e+00 
1.4790334e-05 -1.8822029e-05 0.0000000e+00 
3.5888515e-06 7.3257834e-06 0.0000000e+00 
1.1329539e-06 -2.6705675e-06 0.0000000e+00 
9.0897083e-07 -5.8161095e-06 0.0000000e+00 
-9.8440796e-06 7.7066943e-07 0.0000000e+00 
-1.1549797e-05 1.2452714e-05 0.0000000e+00 
1.7248094e-06 -4.1406602e-06 0.0000000e+00 
-4.0475279e-06 1.2952834e-05 0.0000000e+00 
8.6994842e-06 -5.6903809e-06 0.0000000e+00 
-1.0367938e+07 -5.6273265e+06 0.0000000e+00 
5.0375238e-06 -8.0233440e-06 0.0000000e+00 
-1.8030405e-06 1.1688098e-06 0.0000000e+00 
3.8938597e-06 -1.9492581e-06 0.0000000e+00 
-1.6544946e-05 1.3014767e-05 0.0000000e+00 
1.2478791e-05 -1.5304890e-05 0.0000000e+00 
3.5194680e-06 -1.8831342e-06 0.0000000e+00 
-6.2482432e-06 2.6458874e-06 0.0000000e+00 
-3.0575320e-06 1.2749806e-05 0.0000000e+00 
1.3783574e-07 -8.9211389e-06 0.0000000e+00 
5.6568533e-06 7.3201954e-06 0.0000000e+00 
1.5203841e-06 -5.8198348e-06 0.0000000e+00 
1.1967495e-06 -3.8044527e-06 0.0000000e+00 
7.1758404e-07 9.7602606e-07 0.0000000e+00 
1.2755394e-05 -1.8714927e-05 0.0000000e+00 
-1.2726523e-05 1.5177298e-05 0.0000000e+00 
1.3886020e-06 5.2247196e-07 0.0000000e+00 
8.4624626e-06 -1.5899539e-05 0.0000000e+00 
-1.0336696e+07 -5.3861045e+06 0.0000000e+00 
-1.5897676e-05 2.3414847e-05 0.0000000e+00 
-5.9511513e-07 -1.5124679e-06 0.0000000e+00 
-2.2109598e-06 2.5518239e-07 0.0000000e+00 
2.9083341e-05 -1.8910505e-05 0.0000000e+00 
1.6307458e-06 2.0004809e-06 0.0000000e+00 
-1.0449439e-05 7.0952810e-06 0.0000000e+00 
2.9850751e-05 -2.0624138e-05 0.0000000e+00 
1.5570782e-05 -2.1555461e-06 0.0000000e+00 
-2.0624138e-06 8.1448816e-06 0.0000000e+00 
9.7015873e-06 -6.9662929e-07 0.0000000e+00 
-5.5152923e-06 7.1879476e-06 0.0000000e+00 
-1.1203811e-06 2.9490329e-06 0.0000000e+00 
8.6091459e-06 -1.0488555e-05 0.0000000e+00 
-8.5355714e-06 1.7637853e-05 0.0000000e+00 
2.0830892e-05 -2.2988766e-05 0.0000000e+00 
-1.2004748e-05 1.0048971e-05 0.0000000e+00 
-6.1504543e-06 9.9558383e-07 0.0000000e+00 
-2.0825770e-05 3.5650562e-05 0.0000000e+00 
-3.1767413e-06 1.2953533e-05 0.0000000e+00 
4.6845526e-06 3.5855919e-08 0.0000000e+00 
-3.1531788e-05 3.0688476e-05 0.0000000e+00 
2.9257499e-06 -5.1436946e-06 0.0000000e+00 
-1.0268294e+07 -5.1319860e+06 0.0000000e+00 
3.2521784e-06 -1.0946766e-05 0.0000000e+00 
-7.6773576e-06 4.9592927e-06 0.0000000e+00 
-1.3675541e-05 7.6079741e-06 0.0000000e+00 
4.0289015e-06 -1.7331913e-06 0.0000000e+00 
7.5595453e-06 -5.7928264e-06 0.0000000e+00 
-2.3450702e-06 8.7246299e-06 0.0000000e+00 
-9.4650313e-06 7.0151873e-06 0.0000000e+00 
-2.8656796e-06 -7.9413876e-06 0.0000000e+00 
-2.8461218e-06 -4.4563785e-06 0.0000000e+00 
1.2767501e-05 -1.2811273e-05 0.0000000e+00 
1.1264347e-06 -7.9642050e-06 0.0000000e+00 
-1.4248304e-05 1.8329360e-05 0.0000000e+00 
-6.4894557e-06 1.0691117e-05 0.0000000e+00 
4.5299530e-06 -1.3329322e-05 0.0000000e+00 
1.8305145e-05 -3.0925963e-05 0.0000000e+00 
1.0981224e-05 -9.5958821e-06 0.0000000e+00 
8.3190389e-06 -1.5703030e-05 0.0000000e+00 
3.0323863e-06 9.4459392e-06 0.0000000e+00 
5.4994598e-07 3.4701079e-06 0.0000000e+00 
-1.2625009e-05 3.8831495e-06 0.0000000e+00 
-1.0161443e+07 -4.8662210e+06 0.0000000e+00 
8.4759668e-06 -6.8000518e-06 0.0000000e+00 
-3.1758100e-07 -8.4526837e-06 0.0000000e+00 
1.0135584e-05 7.3108822e-07 0.0000000e+00 
8.3316118e-06 -6.8489462e-06 0.0000000e+00 
-4.3902546e-06 1.5036203e-06 0.0000000e+00 
-3.6819838e-06 -2.1378510e-06 0.0000000e+00 
-1.1451542e-05 1.2371223e-05 0.0000000e+00 
-1.3944693e-05 4.3315813e-06 0.0000000e+00 
1.9208528e-05 -2.7943868e-05 0.0000000e+00 
6.1676838e-06 -5.4244883e-06 0.0000000e+00 
-1.5852042e-05 1.9672560e-05 0.0000000e+00 
-2.7352944e-06 2.0582229e-06 0.0000000e+00 
-1.0047574e-05 1.8817373e-05 0.0000000e+00 
4.0554442e-06 -7.3118135e-06 0.0000000e+00 
6.8517402e-06 -1.7397106e-06 0.0000000e+00 
1.0594726e-05 -6.0843304e-06 0.0000000e+00 
9.4156712e-06 -6.3194893e-06 0.0000000e+00 
-4.0256418e-06 8.4131025e-06 0.0000000e+00 
-1.5283003e-05 1.0969117e-05 0.0000000e+00 
7.6461583e-06 -1.2039207e-05 0.0000000e+00 
-3.6573038e-06 7.4775890e-06 0.0000000e+00 
-1.7479062e-05 1.8930063e-05 0.0000000e+00 
-7.4505806e-07 5.4109842e-06 0.0000000e+00 
-1.0015007e+07 -4.5900510e+06 0.0000000e+00 
-1.0127202e-05 3.1990930e-06 0.0000000e+00 
-6.1187893e-07 -1.1054799e-06 0.0000000e+00 
-6.2268227e-06 8.4680505e-06 0.0000000e+00 
1.4786143e-05 -2.5625806e-05 0.0000000e+00 
1.0021031e-06 1.7825514e-06 0.0000000e+00 
-5.9045851e-07 -1.4128163e-06 0.0000000e+00 
-6.8079680e-07 -5.0966628e-07 0.0000000e+00 
2.1532178e-06 -6.7055225e-06 0.0000000e+00 
-6.7912042e-06 1.0905787e-06 0.0000000e+00 
5.4244883e-06 -5.8365986e-06 0.0000000e+00 
1.0468066e-05 -1.2031756e-05 0.0000000e+00 
3.1371601e-06 -3.0067749e-06 0.0000000e+00 
-1.2847595e-05 8.9122914e-06 0.0000000e+00 
-5.7788566e-07 6.5108761e-06 0.0000000e+00 
-8.3865598e-06 1.8365681e-06 0.0000000e+00 
-6.2980689e-06 1.3969839e-05 0.0000000e+00 
1.3493001e-05 -1.8372666e-05 0.0000000e+00 
1.8640421e-06 3.9581209e-07 0.0000000e+00 
1.2780074e-05 -1.8378254e-05 0.0000000e+00 
2.7735718e-05 -1.3803598e-05 0.0000000e+00 
-4.7665089e-06 5.7755969e-06 0.0000000e+00 
-6.1485916e-06 -2.8642826e-06 0.0000000e+00 
-9.8279830e+06 -4.3047020e+06 0.0000000e+00 
-2.2794586e-05 3.9495528e-05 0.0000000e+00 
4.8615038e-07 6.3143671e-07 0.0000000e+00 
-7.0128590e-06 2.5926158e-05 0.0000000e+00 
6.5127388e-06 -1.5900470e-05 0.0000000e+00 
3.3779070e-06 4.8624352e-06 0.0000000e+00 
1.0734424e-05 -3.8235448e-06 0.0000000e+00 
-6.3329935e-06 2.8205104e-06 0.0000000e+00 
2.7702190e-06 -3.5820995e-06 0.0000000e+00 
-6.8829395e-06 9.8892488e-06 0.0000000e+00 
7.1842223e-06 -2.9881485e-06 0.0000000e+00 
-5.9418380e-06 1.1665747e-05 0.0000000e+00 
8.5178763e-06 -3.2368116e-06 0.0000000e+00 
-2.2146851e-06 1.0487624e-05 0.0000000e+00 
-5.5693090e-06 4.1904859e-06 0.0000000e+00 
8.3576888e-06 -1.1726283e-05 0.0000000e+00 
1.8093735e-05 -2.1082582e-05 0.0000000e+00 
-2.1233223e-05 1.0694377e-05 0.0000000e+00 
5.5967830e-06 -9.7593293e-06 0.0000000e+00 
-6.2985346e-06 1.2634322e-05 0.0000000e+00 
-2.2258610e-07 -9.0058893e-07 0.0000000e+00 
2.3259781e-05 -1.3735145e-05 0.0000000e+00 
3.8309954e-06 -1.6053906e-05 0.0000000e+00 
-6.0545281e-06 2.7418137e-06 0.0000000e+00 
-7.0668757e-06 6.1523169e-06 0.0000000e+00 
-9.5994840e+06 -4.0113840e+06 0.0000000e+00 
3.4356490e-06 4.1350722e-07 0.0000000e+00 
-7.9292804e-06 1.5732367e-05 0.0000000e+00 
-1.4957041e-05 5.2750111e-06 0.0000000e+00 
-1.0842923e-05 1.4528167e-05 0.0000000e+00 
1.1295080e-05 2.0610169e-06 0.0000000e+00 
1.0952353e-06 -5.0170347e-06 0.0000000e+00 
-9.9912286e-06 1.2940727e-05 0.0000000e+00 
-2.8684735e-06 7.6838769e-06 0.0000000e+00 
9.0412796e-06 -1.6863924e-05 0.0000000e+00 
2.6077032e-07 -7.7290460e-06 0.0000000e+00 
-1.4139805e-05 1.2249919e-05 0.0000000e+00 
1.6173348e-05 -2.3405068e-05 0.0000000e+00 
5.5101700e-06 -1.4704186e-05 0.0000000e+00 
3.9888546e-06 3.6116689e-06 0.0000000e+00 
1.1898577e-05 -3.8444996e-06 0.0000000e+00 
-4.1141175e-06 -4.6694186e-06 0.0000000e+00 
-1.4237128e-05 -2.7157366e-06 0.0000000e+00 
9.0179965e-06 -8.0917962e-06 0.0000000e+00 
-1.5228055e-05 1.4767516e-05 0.0000000e+00 
-5.0221570e-06 1.0238495e-05 0.0000000e+00 
-1.7359853e-06 1.5413389e-06 0.0000000e+00 
5.8659352e-06 -7.0461538e-06 0.0000000e+00 
2.3073517e-05 -3.1849369e-05 0.0000000e+00 
7.1637332e-06 -8.7157823e-06 0.0000000e+00 
-3.0659139e-06 -6.6864304e-06 0.0000000e+00 
-9.3287170e+06 -3.7112882e+06 0.0000000e+00 
1.4986843e-05 -1.2055039e-05 0.0000000e+00 
-6.0191378e-06 9.1716647e-06 0.0000000e+00 
9.3905255e-06 -1.3472978e-05 0.0000000e+00 
9.9102035e-06 -5.1073730e-06 0.0000000e+00 
-2.6144087e-05 2.0659994e-05 0.0000000e+00 
2.6784837e-06 -2.3573171e-05 0.0000000e+00 
4.2817555e-06 -1.1379831e-05 0.0000000e+00 
-7.5032003e-06 3.6596321e-06 0.0000000e+00 
-6.4326450e-06 9.7812153e-06 0.0000000e+00 
-6.5239146e-07 -7.4165873e-06 0.0000000e+00 
1.8152408e-05 -7.8482553e-06 0.0000000e+00 
2.2510067e-06 1.1362135e-06 0.0000000e+00 
-1.2814999e-05 2.9282644e-05 0.0000000e+00 
-1.6753562e-05 -4.8875809e-06 0.0000000e+00 
-1.5695114e-05 2.7190428e-05 0.0000000e+00 
1.1505559e-05 -6.8279915e-06 0.0000000e+00 
1.3395213e-05 -8.9833047e-06 0.0000000e+00 
-8.8745728e-06 3.0753668e-05 0.0000000e+00 
8.5965730e-06 -1.1909753e-05 0.0000000e+00 
-7.9246238e-06 4.8708171e-06 0.0000000e+00 
7.6647848e-07 -1.7695129e-07 0.0000000e+00 
-1.2002420e-05 1.1785887e-05 0.0000000e+00 
-8.8578090e-06 1.2227334e-05 0.0000000e+00 
-9.9781901e-06 2.8746668e-05 0.0000000e+00 
-9.0149640e+06 -3.4055870e+06 0.0000000e+00 
-1.5422702e-06 -3.3117831e-06 0.0000000e+00 
3.8733706e-06 -1.3932586e-06 0.0000000e+00 
8.1267208e-06 -2.3264904e-05 0.0000000e+00 
-1.8263236e-06 5.8687292e-06 0.0000000e+00 
-4.4517219e-06 9.7961165e-06 0.0000000e+00 
-6.5411441e-06 -7.3760748e-07 0.0000000e+00 
-1.0115094e-05 1.0874588e-05 0.0000000e+00 
1.0113232e-05 -1.7967075e-05 0.0000000e+00 
1.2793578e-05 -9.1576949e-06 0.0000000e+00 
7.1600080e-06 -8.7483786e-06 0.0000000e+00 
-8.5067004e-06 1.5737955e-05 0.0000000e+00 
3.5855919e-06 -1.1891592e-05 0.0000000e+00 
-6.6123903e-07 6.4661726e-06 0.0000000e+00 
5.2903779e-06 -1.1310913e-05 0.0000000e+00 
1.1971686e-05 -1.9391067e-05 0.0000000e+00 
-1.6605482e-06 1.2825709e-05 0.0000000e+00 
2.2300519e-05 -2.2151740e-05 0.0000000e+00 
-3.5651028e-06 6.9709495e-06 0.0000000e+00 
6.5732747e-06 -1.3321172e-05 0.0000000e+00 
-7.3863193e-06 -2.4354085e-06 0.0000000e+00 
1.8557534e-05 -3.8560946e-05 0.0000000e+00 
-7.4473210e-06 1.7351937e-05 0.0000000e+00 
-7.1325339e-06 -3.8279686e-06 0.0000000e+00 
-4.6603382e-06 3.1013042e-07 0.0000000e+00 
1.2576580e-05 -1.8441118e-05 0.0000000e+00 
-6.7111105e-06 2.3273751e-06 0.0000000e+00 
1.4713965e-05 -1.0609161e-05 0.0000000e+00 
4.2282045e-06 -1.9593863e-05 0.0000000e+00 
-8.6575670e+06 -3.0954345e+06 0.0000000e+00 
-1.1220574e-05 2.6315451e-05 0.0000000e+00 
1.5408732e-06 9.9586323e-06 0.0000000e+00 
-1.2411736e-05 3.5175355e-05 0.0000000e+00 
-7.8887679e-06 1.8348452e-05 0.0000000e+00 
2.0334497e-05 -1.4595687e-05 0.0000000e+00 
-1.8216670e-06 1.1816155e-06 0.0000000e+00 
4.8740767e-06 -4.2808242e-06 0.0000000e+00 
-2.0226464e-05 2.7389266e-05 0.0000000e+00 
2.7208589e-06 -3.8486905e-06 0.0000000e+00 
4.1071326e-07 1.5744474e-05 0.0000000e+00 
-4.8344955e-06 5.7453290e-06 0.0000000e+00 
4.3711625e-06 -5.6996942e-07 0.0000000e+00 
-1.7651357e-05 3.6528800e-05 0.0000000e+00 
-1.3671815e-06 -4.1425228e-06 0.0000000e+00 
-4.9266964e-06 1.5782658e-05 0.0000000e+00 
-4.1425228e-06 6.4168125e-07 0.0000000e+00 
-1.4342368e-07 1.2825243e-05 0.0000000e+00 
8.8708475e-06 -1.8334482e-05 0.0000000e+00 
-2.4694949e-05 2.5024172e-05 0.0000000e+00 
-9.4957650e-06 1.7079059e-05 0.0000000e+00 
4.9779192e-06 -1.0701304e-05 0.0000000e+00 
3.1434000e-05 -3.7156511e-05 0.0000000e+00 
-1.2652017e-05 1.2699515e-05 0.0000000e+00 
-1.4811289e-05 2.6980415e-05 0.0000000e+00 
-8.2559080e+06 -2.7819690e+06 0.0000000e+00 
-2.3562461e-06 -6.1662868e-06 0.0000000e+00 
2.3279339e-05 -4.2491127e-05 0.0000000e+00 
-1.3690442e-06 -1.0267599e-05 0.0000000e+00 
1.7533079e-05 -3.2189768e-05 0.0000000e+00 
2.7811155e-05 -3.2190699e-05 0.0000000e+00 
-4.5867637e-06 3.5725534e-06 0.0000000e+00 
1.3342127e-05 -2.1222513e-06 0.0000000e+00 
1.9052997e-05 -2.1651853e-05 0.0000000e+00 
-5.0328672e-06 3.5949051e-06 0.0000000e+00 
3.9115548e-07 -4.3271575e-06 0.0000000e+00 
-1.4910474e-06 7.4047130e-06 0.0000000e+00 
8.4871426e-06 -1.1730008e-05 0.0000000e+00 
-5.4137781e-06 1.4266931e-05 0.0000000e+00 
-5.1269308e-06 5.6617428e-06 0.0000000e+00 
-4.4940040e-05 4.5637600e-05 0.0000000e+00 
-2.1606684e-06 2.1611340e-06 0.0000000e+00 
-1.6289763e-05 1.7944258e-05 0.0000000e+00 
1.1389144e-05 -2.1084677e-05 0.0000000e+00 
8.7898225e-06 -3.3557881e-06 0.0000000e+00 
-1.7213635e-05 2.4373643e-05 0.0000000e+00 
1.1902303e-06 5.1627867e-06 0.0000000e+00 
-2.5271438e-05 2.6253518e-05 0.0000000e+00 
-1.2321398e-05 2.7224422e-05 0.0000000e+00 
-8.0978498e-06 -9.2620030e-06 0.0000000e+00 
-2.8483570e-05 3.5935082e-05 0.0000000e+00 
1.0937452e-05 -1.4923047e-05 0.0000000e+00 
2.0595267e-05 -1.2680888e-05 0.0000000e+00 
2.4924055e-05 -1.8535648e-05 0.0000000e+00 
-2.1746382e-05 3.1386502e-05 0.0000000e+00 
1.2798700e-05 -1.6454607e-05 0.0000000e+00 
-6.3148327e-06 5.5041164e-07 0.0000000e+00 
-5.4459088e-06 1.5917234e-05 0.0000000e+00 
-7.8093920e+06 -2.4663158e+06 0.0000000e+00 
4.5171008e-05 -5.5265613e-05 0.0000000e+00 
1.4286023e-05 -2.2889813e-05 0.0000000e+00 
2.9186718e-05 -2.4987385e-05 0.0000000e+00 
-7.0128590e-06 9.3327835e-06 0.0000000e+00 
2.4954788e-06 -1.5580794e-05 0.0000000e+00 
2.6561320e-06 -1.1826400e-05 0.0000000e+00 
2.0144507e-06 -1.7014332e-05 0.0000000e+00 
-1.2913719e-05 5.9925951e-06 0.0000000e+00 
2.8888695e-05 -1.1260621e-05 0.0000000e+00 
6.1229803e-06 -2.8103124e-05 0.0000000e+00 
8.7693334e-06 -1.0612421e-05 0.0000000e+00 
2.5138259e-05 -2.3695175e-05 0.0000000e+00 
4.1350722e-07 -1.4086254e-06 0.0000000e+00 
-8.8261440e-06 9.2647970e-06 0.0000000e+00 
-2.9774383e-06 -6.3017942e-06 0.0000000e+00 
-2.6746653e-05 2.7263537e-05 0.0000000e+00 
1.8117949e-05 -1.9180588e-05 0.0000000e+00 
-2.2489578e-05 3.6492012e-05 0.0000000e+00 
-7.6964498e-06 2.1327287e-07 0.0000000e+00 
1.3631769e-05 -1.8146588e-05 0.0000000e+00 
-2.2755936e-05 1.0472257e-05 0.0000000e+00 
1.3845973e-05 -2.2863038e-05 0.0000000e+00 
-3.6503188e-05 4.3105334e-05 0.0000000e+00 
-2.3444183e-05 4.1063176e-05 0.0000000e+00 
-9.2973933e-06 -2.7832575e-06 0.0000000e+00 
-1.7572660e-05 3.2684067e-05 0.0000000e+00 
1.1142343e-05 -1.5937490e-05 0.0000000e+00 
1.4656689e-05 -1.5640166e-05 0.0000000e+00 
-3.6517158e-06 4.8093498e-06 0.0000000e+00 
-7.3174290e+06 -2.1495905e+06 0.0000000e+00 
9.1642141e-07 3.5744160e-06 0.0000000e+00 
-1.2300909e-05 9.6703880e-06 0.0000000e+00 
-9.9828467e-06 5.6470744e-06 0.0000000e+00 
3.5893172e-06 6.9066882e-06 0.0000000e+00 
9.0803951e-06 -5.8256555e-06 0.0000000e+00 
3.2698736e-06 -6.1234459e-06 0.0000000e+00 
-5.5031851e-06 -2.8633513e-06 0.0000000e+00 
-2.1254178e-05 3.4516212e-05 0.0000000e+00 
5.9558079e-06 -4.7702342e-06 0.0000000e+00 
-8.2072802e-06 1.2101373e-05 0.0000000e+00 
-1.6958453e-05 1.5104190e-05 0.0000000e+00 
1.5810132e-05 -3.7510879e-05 0.0000000e+00 
-3.8961880e-06 2.1926360e-05 0.0000000e+00 
-2.6030466e-06 -2.4780165e-06 0.0000000e+00 
-1.3042241e-05 8.3767809e-06 0.0000000e+00 
7.0175156e-06 2.5350600e-06 0.0000000e+00 
2.8685667e-05 -2.4694949e-05 0.0000000e+00 
6.0908496e-06 2.3059547e-06 0.0000000e+00 
1.7421786e-05 -9.7968150e-06 0.0000000e+00 
6.1234459e-07 -1.1501834e-07 0.0000000e+00 
-1.2895092e-05 6.8638474e-07 0.0000000e+00 
-1.4354475e-05 6.3627958e-06 0.0000000e+00 
3.7616119e-06 -6.4433552e-06 0.0000000e+00 
2.7841888e-05 -1.0710675e-05 0.0000000e+00 
-1.2801029e-06 -7.5851567e-06 0.0000000e+00 
-1.8233433e-05 2.9688701e-05 0.0000000e+00 
-3.7988648e-06 5.6382269e-06 0.0000000e+00 
-1.6113743e-05 1.7201528e-05 0.0000000e+00 
8.4377825e-07 4.4154003e-06 0.0000000e+00 
2.9355288e-06 -7.1842223e-06 0.0000000e+00 
1.4755875e-05 -2.4162233e-05 0.0000000e+00 
3.0667521e-05 -3.2653101e-05 0.0000000e+00 
2.2305176e-07 1.1515338e-05 0.0000000e+00 
3.3318065e-06 -1.0390999e-05 0.0000000e+00 
-2.7847476e-05 2.4444889e-05 0.0000000e+00 
-6.7794170e+06 -1.8329051e+06 0.0000000e+00 
5.0738454e-06 -5.9665181e-06 0.0000000e+00 
-1.0179356e-06 -1.2302771e-06 0.0000000e+00 
7.1721151e-06 -9.8010059e-06 0.0000000e+00 
9.4696879e-06 -1.9944971e-05 0.0000000e+00 
6.3469633e-06 8.7777153e-08 0.0000000e+00 
-1.5608966e-06 -2.7287751e-06 0.0000000e+00 
-7.8883022e-07 -7.8892335e-06 0.0000000e+00 
-2.0810403e-06 4.9015507e-06 0.0000000e+00 
1.1085533e-05 -2.3085624e-05 0.0000000e+00 
5.8431178e-06 -1.6208156e-05 0.0000000e+00 
3.2186508e-06 -1.7350540e-06 0.0000000e+00 
1.7192215e-06 9.6121803e-06 0.0000000e+00 
-2.9971823e-05 2.4522655e-05 0.0000000e+00 
1.5880913e-05 -1.1514407e-05 0.0000000e+00 
1.8007122e-05 -1.3630837e-05 0.0000000e+00 
-2.3017637e-05 1.4463440e-06 0.0000000e+00 
-2.0720065e-05 1.5161466e-05 0.0000000e+00 
2.5238842e-06 -3.2875687e-06 0.0000000e+00 
1.3254583e-05 6.3120387e-06 0.0000000e+00 
1.2218952e-05 -2.0483392e-05 0.0000000e+00 
2.2361055e-06 -1.4834106e-05 0.0000000e+00 
-1.8483028e-05 5.1434617e-06 0.0000000e+00 
-1.6332138e-05 4.0545128e-05 0.0000000e+00 
8.4647909e-06 -9.3216076e-06 0.0000000e+00 
3.0486844e-06 6.3760672e-06 0.0000000e+00 
-1.5425496e-05 2.5640707e-05 0.0000000e+00 
-5.9367158e-06 5.3218100e-06 0.0000000e+00 
4.0261075e-06 -2.6633963e-05 0.0000000e+00 
-1.8319115e-06 -9.7972807e-06 0.0000000e+00 
-2.4541281e-05 3.3396296e-05 0.0000000e+00 
-6.1849132e-06 1.8151477e-06 0.0000000e+00 
-6.1947235e+06 -1.5173719e+06 0.0000000e+00 
-2.1596439e-05 1.8965919e-05 0.0000000e+00 
-2.0796433e-05 1.7330050e-05 0.0000000e+00 
3.3066608e-06 1.2624077e-06 0.0000000e+00 
1.7454848e-05 -9.8962337e-06 0.0000000e+00 
-1.2198463e-05 1.0154676e-05 0.0000000e+00 
2.8036535e-05 -8.1369653e-06 0.0000000e+00 
1.0393560e-06 -6.3037733e-06 0.0000000e+00 
2.0435080e-05 -8.1537291e-06 0.0000000e+00 
1.5802681e-05 -1.4497899e-05 0.0000000e+00 
-1.1166558e-06 -2.7846545e-06 0.0000000e+00 
-1.1103228e-05 2.4265144e-05 0.0000000e+00 
-2.7241185e-06 -2.4260953e-07 0.0000000e+00 
4.7737733e-05 -5.2656513e-05 0.0000000e+00 
2.5369227e-05 -3.8776547e-05 0.0000000e+00 
2.4676323e-05 3.9953738e-07 0.0000000e+00 
-3.3862889e-06 1.7669983e-05 0.0000000e+00 
-1.7841812e-05 2.2857217e-05 0.0000000e+00 
1.2723729e-05 -3.2088836e-05 0.0000000e+00 
2.1182932e-06 3.6612619e-06 0.0000000e+00 
6.9728121e-06 -9.8302262e-06 0.0000000e+00 
1.2014061e-06 -5.5278651e-06 0.0000000e+00 
3.1286851e-05 -3.5079196e-05 0.0000000e+00 
-9.4324350e-06 -1.0337681e-06 0.0000000e+00 
6.7520887e-06 -1.7805025e-05 0.0000000e+00 
-2.1288171e-05 1.3363548e-05 0.0000000e+00 
-1.0158867e-05 1.8434599e-05 0.0000000e+00 
3.3847056e-05 -3.3183489e-05 0.0000000e+00 
-9.6093863e-06 4.9429946e-07 0.0000000e+00 
-4.0936284e-06 -1.5101396e-06 0.0000000e+00 
-5.4975972e-06 1.2206845e-05 0.0000000e+00 
-1.2553297e-05 1.3235025e-05 0.0000000e+00 
-1.1153519e-05 -8.2701445e-07 0.0000000e+00 
-1.1069700e-05 2.2775726e-05 0.0000000e+00 
-5.5626650e+06 -1.2041121e+06 0.0000000e+00 
3.4905970e-06 -3.9674342e-07 0.0000000e+00 
-3.1181611e-05 4.2086933e-05 0.0000000e+00 
4.5746565e-06 -5.3010881e-06 0.0000000e+00 
2.5836751e-05 -3.2261014e-05 0.0000000e+00 
-2.6270747e-05 4.9966853e-05 0.0000000e+00 
1.0274351e-05 -1.4943769e-05 0.0000000e+00 
-9.3295239e-06 1.6522361e-05 0.0000000e+00 
5.2871183e-06 -1.4081597e-06 0.0000000e+00 
-2.0770356e-05 5.1338226e-05 0.0000000e+00 
-2.6552007e-05 2.1981541e-05 0.0000000e+00 
-1.2616627e-05 -3.0193478e-06 0.0000000e+00 
4.5197085e-06 -4.4004992e-06 0.0000000e+00 
-1.5860423e-06 2.1005981e-06 0.0000000e+00 
-8.0447644e-06 -1.0407995e-05 0.0000000e+00 
-1.1652708e-05 1.7110258e-05 0.0000000e+00 
6.4037740e-06 -2.8833747e-06 0.0000000e+00 
-1.9591302e-05 7.4417330e-06 0.0000000e+00 
7.3518604e-06 -1.6350066e-05 0.0000000e+00 
-9.9278986e-07 -5.0284434e-06 0.0000000e+00 
-5.2419491e-06 2.5079702e-05 0.0000000e+00 
-1.7862767e-05 2.9593240e-05 0.0000000e+00 
6.1071478e-07 -7.2689727e-07 0.0000000e+00 
-1.6672537e-05 1.4694408e-05 0.0000000e+00 
2.3457222e-05 -3.3195131e-05 0.0000000e+00 
-8.6673535e-06 -6.0995808e-06 0.0000000e+00 
-1.0455959e-05 1.9449741e-05 0.0000000e+00 
1.6353559e-05 -3.0525029e-05 0.0000000e+00 
2.1863263e-05 -1.2748176e-05 0.0000000e+00 
-1.1111610e-05 3.5362784e-05 0.0000000e+00 
5.1874667e-07 -7.6298602e-06 0.0000000e+00 
2.2072345e-05 -4.5990571e-05 0.0000000e+00 
-7.7430159e-06 1.5292317e-05 0.0000000e+00 
-4.8824865e+06 -8.9426331e+05 0.0000000e+00 
-1.0237098e-05 -6.1560422e-07 0.0000000e+00 
2.9924326e-05 -3.0284747e-05 0.0000000e+00 
-4.0186569e-06 -7.8044832e-07 0.0000000e+00 
-8.7833032e-06 1.8088613e-06 0.0000000e+00 
1.8073246e-05 -1.6502338e-05 0.0000000e+00 
1.4713965e-05 -6.4726919e-06 0.0000000e+00 
9.9698082e-06 -1.4482997e-05 0.0000000e+00 
2.0136125e-05 -7.8817829e-06 0.0000000e+00 
-1.2745149e-06 1.1717901e-05 0.0000000e+00 
2.9138289e-05 -2.6462600e-05 0.0000000e+00 
1.0537915e-05 -2.6653986e-05 0.0000000e+00 
8.4661879e-06 -1.1569355e-05 0.0000000e+00 
-9.5088035e-07 -4.6864734e-06 0.0000000e+00 
-6.6673383e-06 -1.2641540e-06 0.0000000e+00 
-3.2782555e-07 2.7553178e-06 0.0000000e+00 
2.0578038e-05 -3.3648219e-05 0.0000000e+00 
6.1430037e-06 -1.2023316e-05 0.0000000e+00 
-1.6856939e-06 -1.0868534e-06 0.0000000e+00 
-2.3224857e-05 2.9908784e-05 0.0000000e+00 
6.5052882e-06 -2.2447784e-05 0.0000000e+00 
2.8898939e-06 6.3488260e-06 0.0000000e+00 
-3.5446137e-06 -4.4512562e-06 0.0000000e+00 
3.7085265e-06 -2.0003179e-05 0.0000000e+00 
1.2998004e-05 -2.3990870e-06 0.0000000e+00 
-1.2839213e-05 3.1171599e-05 0.0000000e+00 
-3.1711534e-06 6.8913214e-06 0.0000000e+00 
2.5834888e-06 1.4395453e-05 0.0000000e+00 
-8.7297522e-06 9.7300508e-06 0.0000000e+00 
4.0206127e-05 -3.5527162e-05 0.0000000e+00 
-1.1716969e-05 -3.4039840e-06 0.0000000e+00 
-2.8260052e-05 2.8895214e-05 0.0000000e+00 
-2.1540560e-05 1.9280473e-05 0.0000000e+00 
-2.5984831e-05 1.6008969e-05 0.0000000e+00 
-1.0127202e-05 1.8856023e-05 0.0000000e+00 
3.8486905e-06 -5.7070283e-06 0.0000000e+00 
-2.0833686e-06 6.2370673e-06 0.0000000e+00 
-2.3366883e-06 -4.4885091e-06 0.0000000e+00 
-4.1533360e+06 -5.8898869e+05 0.0000000e+00 
-2.4837442e-05 1.5580095e-05 0.0000000e+00 
6.6338107e-06 9.3989074e-06 0.0000000e+00 
8.3623454e-06 -4.0359329e-05 0.0000000e+00 
4.6645291e-06 1.1601718e-05 0.0000000e+00 
6.9458038e-06 -1.3277633e-05 0.0000000e+00 
-3.4826808e-06 7.0085516e-06 0.0000000e+00 
-2.9271469e-06 5.5312412e-06 0.0000000e+00 
-1.4994759e-05 2.3846282e-05 0.0000000e+00 
-8.8326633e-06 3.8482249e-06 0.0000000e+00 
-3.7713908e-06 1.2701028e-05 0.0000000e+00 
1.4308840e-05 -3.3331569e-05 0.0000000e+00 
2.2454653e-05 -3.5885721e-05 0.0000000e+00 
1.1551194e-05 -2.2831373e-06 0.0000000e+00 
-2.8792769e-05 1.3732817e-05 0.0000000e+00 
6.6389330e-06 -9.6857548e-06 0.0000000e+00 
-1.0575168e-05 1.6363687e-05 0.0000000e+00 
1.9098632e-05 -2.4659093e-05 0.0000000e+00 
-2.4344772e-06 1.2006611e-05 0.0000000e+00 
-2.8017908e-05 2.7678907e-05 0.0000000e+00 
-1.2122560e-05 1.0917662e-05 0.0000000e+00 
7.1004033e-06 -1.6107224e-05 0.0000000e+00 
-9.3039125e-07 -3.1997915e-06 0.0000000e+00 
3.2630749e-05 -2.6735710e-05 0.0000000e+00 
3.7244521e-05 -3.7763268e-05 0.0000000e+00 
-3.1944364e-07 -6.8075024e-06 0.0000000e+00 
-6.5001659e-06 1.9835425e-05 0.0000000e+00 
1.9486994e-05 -1.8439256e-05 0.0000000e+00 
1.4396384e-05 -3.5220059e-05 0.0000000e+00 
-2.2047199e-05 3.0632596e-05 0.0000000e+00 
2.6426278e-05 -1.4049467e-05 0.0000000e+00 
-9.3742274e-06 1.7518178e-06 0.0000000e+00 
7.9048332e-06 -2.6954804e-06 0.0000000e+00 
-1.3991259e-05 1.1269934e-05 0.0000000e+00 
-4.7915615e-05 4.4002663e-05 0.0000000e+00 
-4.3074600e-05 2.3865141e-05 0.0000000e+00 
-1.4863908e-06 -2.5704503e-06 0.0000000e+00 
-3.3742388e+06 -2.8948869e+05 0.0000000e+00 
3.1794421e-05 -4.4423155e-05 0.0000000e+00 
-1.0573771e-05 2.8453745e-05 0.0000000e+00 
7.2941184e-06 -1.4572091e-05 0.0000000e+00 
-3.3704564e-05 2.2138003e-05 0.0000000e+00 
-5.3178519e-06 1.4473684e-05 0.0000000e+00 
-3.7304126e-06 1.1517623e-05 0.0000000e+00 
-1.4060177e-05 3.2769516e-05 0.0000000e+00 
7.4137934e-06 5.9882877e-06 0.0000000e+00 
-3.7411228e-06 7.2355906e-06 0.0000000e+00 
-3.3131801e-06 1.5632831e-05 0.0000000e+00 
-2.1196902e-06 -1.9962899e-06 0.0000000e+00 
-3.3453107e-06 1.5967526e-05 0.0000000e+00 
-1.3689045e-05 1.3151206e-05 0.0000000e+00 
5.6857243e-06 -1.9539148e-06 0.0000000e+00 
1.0984950e-06 -1.1013981e-05 0.0000000e+00 
-1.7916784e-05 2.6521273e-05 0.0000000e+00 
1.7505139e-05 -1.4774501e-05 0.0000000e+00 
8.4089115e-06 1.7002749e-06 0.0000000e+00 
-2.9205345e-05 3.9065722e-05 0.0000000e+00 
-2.2327527e-05 1.0830350e-05 0.0000000e+00 
1.0052230e-05 -1.9664876e-05 0.0000000e+00 
2.6957132e-06 -1.0168296e-05 0.0000000e+00 
3.5138801e-06 -7.2042094e-06 0.0000000e+00 
-8.8037923e-06 4.4433400e-06 0.0000000e+00 
2.9693358e-05 -3.8062688e-05 0.0000000e+00 
-7.4114650e-06 -2.7620699e-06 0.0000000e+00 
-1.0648742e-05 -3.4894329e-06 0.0000000e+00 
-4.8242509e-07 1.2170989e-05 0.0000000e+00 
5.2768737e-06 -9.9958852e-06 0.0000000e+00 
-1.0680407e-05 -7.5553544e-07 0.0000000e+00 
2.2782013e-05 -2.9463321e-05 0.0000000e+00 
-2.0368025e-06 -2.3515895e-08 0.0000000e+00 
1.0699965e-05 -1.0765158e-05 0.0000000e+00 
1.1359807e-05 -3.7908205e-05 0.0000000e+00 
8.2990155e-06 1.8919818e-05 0.0000000e+00 
-1.0912307e-05 2.5397356e-05 0.0000000e+00 
1.0006130e-05 -2.5933026e-05 0.0000000e+00 
-5.5627897e-06 1.1164695e-05 0.0000000e+00 
-2.5440655e+06 2.9860002e+03 0.0000000e+00 
3.6405399e-06 -2.4058827e-05 0.0000000e+00 
2.2418797e-05 -3.2697804e-05 0.0000000e+00 
5.4091215e-06 -9.6983276e-06 0.0000000e+00 
2.7594157e-05 -3.6054291e-05 0.0000000e+00 
2.0722859e-05 -2.7978436e-05 0.0000000e+00 
-1.5669502e-06 -4.7195936e-06 0.0000000e+00 
9.5525756e-06 -1.4189587e-05 0.0000000e+00 
1.3509300e-05 -3.7495978e-05 0.0000000e+00 
-1.8235296e-05 3.1706877e-05 0.0000000e+00 
-2.9178336e-06 6.2356703e-06 0.0000000e+00 
-7.0659444e-06 8.2580373e-06 0.0000000e+00 
2.3106113e-06 -1.6267411e-05 0.0000000e+00 
1.9633211e-05 -1.5231781e-05 0.0000000e+00 
-1.2916978e-05 7.6409488e-06 0.0000000e+00 
1.7420389e-05 -2.1316577e-05 0.0000000e+00 
8.9965761e-07 3.8726721e-06 0.0000000e+00 
-1.8436462e-05 1.8226914e-05 0.0000000e+00 
3.1311065e-06 -2.1588057e-06 0.0000000e+00 
-1.6140752e-05 2.6031717e-05 0.0000000e+00 
4.9863011e-06 -5.6885183e-06 0.0000000e+00 
1.1283206e-05 -2.9003713e-05 0.0000000e+00 
-1.3060286e-05 2.0452775e-05 0.0000000e+00 
1.8866733e-05 -7.7933073e-06 0.0000000e+00 
-1.5492551e-05 1.1238270e-05 0.0000000e+00 
-6.6692010e-06 2.5730580e-05 0.0000000e+00 
-1.4290679e-05 8.5085630e-06 0.0000000e+00 
-1.4431775e-05 2.8394046e-05 0.0000000e+00 
-3.4060795e-06 -1.3858167e-05 0.0000000e+00 
7.8948215e-06 -1.9862870e-05 0.0000000e+00 
-3.3423305e-05 2.1030195e-05 0.0000000e+00 
-1.6944017e-05 2.9641320e-05 0.0000000e+00 
-2.7039088e-05 4.0047715e-05 0.0000000e+00 
1.2448058e-05 -6.9346279e-06 0.0000000e+00 
4.0708110e-06 9.4881980e-06 0.0000000e+00 
1.2139790e-05 -1.6816892e-05 0.0000000e+00 
-3.2718293e-05 2.3849774e-05 0.0000000e+00 
-6.8917871e-07 -6.5080822e-06 0.0000000e+00 
-3.3769757e-06 1.2806850e-05 0.0000000e+00 
1.9650906e-07 1.7592683e-05 0.0000000e+00 
-1.4277175e-06 1.0992400e-05 0.0000000e+00 
-1.6614935e+06 2.8711844e+05 0.0000000e+00 
3.7485734e-07 2.0997250e-05 0.0000000e+00 
8.5197389e-06 6.9066882e-06 0.0000000e+00 
1.3748184e-05 -3.2048672e-05 0.0000000e+00 
7.8128651e-06 -2.5212823e-05 0.0000000e+00 
2.3948960e-05 -4.3209038e-05 0.0000000e+00 
-4.1889958e-05 3.1450763e-05 0.0000000e+00 
4.9350783e-06 -1.2756209e-06 0.0000000e+00 
1.6330741e-05 2.0163134e-06 0.0000000e+00 
1.7254613e-05 -3.1367177e-05 0.0000000e+00 
1.2319069e-06 -1.5902333e-06 0.0000000e+00 
1.4008954e-05 -2.3883767e-05 0.0000000e+00 
1.9807369e-05 -3.2786978e-05 0.0000000e+00 
3.0964613e-05 -1.8992461e-05 0.0000000e+00 
1.4574267e-05 -1.3446435e-05 0.0000000e+00 
-4.0516257e-05 5.2489340e-05 0.0000000e+00 
2.1676533e-07 7.3982519e-06 0.0000000e+00 
-6.0778111e-06 -2.3364089e-05 0.0000000e+00 
-4.7264621e-07 1.4349120e-05 0.0000000e+00 
-7.0780516e-08 1.3524666e-05 0.0000000e+00 
5.4843258e-07 -1.8704857e-05 0.0000000e+00 
1.8327497e-05 -4.3608248e-05 0.0000000e+00 
-1.4070421e-05 2.5326386e-05 0.0000000e+00 
-4.5225024e-06 1.3158657e-05 0.0000000e+00 
2.3854896e-05 -3.1537376e-05 0.0000000e+00 
-6.9593079e-06 1.5912461e-05 0.0000000e+00 
1.0326039e-05 -2.9797782e-05 0.0000000e+00 
-3.0139461e-05 3.9021950e-05 0.0000000e+00 
8.7385997e-06 -2.9847724e-05 0.0000000e+00 
-3.2465905e-06 -3.3626566e-06 0.0000000e+00 
-1.4309539e-05 3.6603073e-05 0.0000000e+00 
7.9935417e-06 -2.1029264e-05 0.0000000e+00 
-2.6295893e-06 -8.6181099e-06 0.0000000e+00 
1.7583370e-06 1.2369826e-05 0.0000000e+00 
1.6059261e-05 -2.0354986e-05 0.0000000e+00 
-2.0894688e-05 3.1408854e-05 0.0000000e+00 
-1.0638032e-05 2.4389417e-05 0.0000000e+00 
5.6246296e-05 -7.9405494e-05 0.0000000e+00 
-1.4103221e-05 3.3930410e-05 0.0000000e+00 
-3.8811937e-05 4.0518586e-05 0.0000000e+00 
-7.2496281e+05 5.6150650e+05 0.0000000e+00 
3.3751130e-06 8.9220703e-07 0.0000000e+00 
-3.5483390e-07 9.3886047e-07 0.0000000e+00 
-3.7779100e-06 -4.9232040e-07 0.0000000e+00 
4.4191256e-06 8.9447713e-06 0.0000000e+00 
-4.4051558e-06 -1.1441763e-05 0.0000000e+00 
7.9486053e-06 7.8214798e-06 0.0000000e+00 
-3.8811006e-05 3.3345539e-05 0.0000000e+00 
4.2229891e-05 -6.5518077e-05 0.0000000e+00 
1.3243407e-05 -4.7544017e-06 0.0000000e+00 
2.6235357e-06 2.7348287e-06 0.0000000e+00 
2.8824434e-06 2.7762726e-06 0.0000000e+00 
9.7334851e-07 -1.9795261e-05 0.0000000e+00 
-3.1664968e-07 -1.0051299e-05 0.0000000e+00 
1.6842037e-05 -1.3175188e-05 0.0000000e+00 
2.5877729e-05 -1.6157515e-05 0.0000000e+00 
-1.0797754e-05 1.5682308e-05 0.0000000e+00 
-9.2622824e-05 8.0952421e-05 0.0000000e+00 
-7.7802688e-06 -6.1141327e-06 0.0000000e+00 
-1.5483238e-05 2.4736393e-05 0.0000000e+00 
-9.6358417e-06 2.0400854e-05 0.0000000e+00 
9.2945993e-06 -1.9114930e-05 0.0000000e+00 
1.0338612e-05 -1.3367156e-05 0.0000000e+00 
-2.5275163e-05 2.8590788e-05 0.0000000e+00 
1.0049902e-05 -2.0861626e-06 0.0000000e+00 
-9.1325492e-06 -1.2496719e-05 0.0000000e+00 
-4.7255307e-06 1.2477743e-05 0.0000000e+00 
1.3792422e-05 -1.6017293e-05 0.0000000e+00 
-1.7053972e-05 4.0643383e-05 0.0000000e+00 
-7.5222924e-06 1.0423857e-05 0.0000000e+00 
1.4712685e-05 -4.0915795e-05 0.0000000e+00 
-2.3080036e-05 2.4585985e-05 0.0000000e+00 
-1.3175420e-05 8.0070458e-06 0.0000000e+00 
-4.2701140e-05 6.2080100e-05 0.0000000e+00 
-1.2908131e-06 -1.4232122e-05 0.0000000e+00 
-1.1388212e-05 8.3481427e-06 0.0000000e+00 
1.9989908e-05 -2.1789223e-05 0.0000000e+00 
1.1981465e-05 -2.7534697e-05 0.0000000e+00 
4.6705827e-07 2.6049092e-06 0.0000000e+00 
-1.1163764e-05 2.4802051e-05 0.0000000e+00 
1.1612661e-05 -1.9486994e-05 0.0000000e+00 
8.3582476e-05 -7.3065981e-05 0.0000000e+00 
-8.6333603e-07 1.8849038e-05 0.0000000e+00 
2.6738178e+05 8.2463938e+05 0.0000000e+00 
-1.5350059e-05 4.9022492e-06 0.0000000e+00 
3.9692968e-06 -1.5072525e-05 0.0000000e+00 
1.0039890e-05 -2.6110094e-05 0.0000000e+00 
-1.5804544e-06 2.6521273e-05 0.0000000e+00 
-1.9691652e-06 1.5102560e-06 0.0000000e+00 
1.0333024e-05 -1.9011553e-05 0.0000000e+00 
8.4405765e-06 1.9119703e-05 0.0000000e+00 
-1.2107193e-06 7.9334714e-06 0.0000000e+00 
1.5636790e-05 -2.1231361e-05 0.0000000e+00 
-2.7465634e-05 -1.2199394e-05 0.0000000e+00 
1.2216624e-06 6.1467290e-08 0.0000000e+00 
3.1384639e-05 -2.1925196e-05 0.0000000e+00 
-3.9627776e-07 -1.9444502e-05 0.0000000e+00 
-7.5548887e-06 -2.0922162e-06 0.0000000e+00 
1.2047123e-05 -8.7912194e-06 0.0000000e+00 
2.8092414e-05 -3.3595599e-05 0.0000000e+00 
-4.0794723e-05 5.0891191e-05 0.0000000e+00 
1.9696541e-05 -7.4217096e-06 0.0000000e+00 
8.0284663e-06 -1.7123297e-05 0.0000000e+00 
1.2245029e-05 -3.0308962e-05 0.0000000e+00 
-2.4186447e-06 -2.0557811e-05 0.0000000e+00 
-1.6558915e-06 -3.8570724e-06 0.0000000e+00 
-2.7054921e-06 -1.2099743e-05 0.0000000e+00 
-1.9174069e-05 1.3586599e-05 0.0000000e+00 
-2.0913314e-05 1.9860920e-05 0.0000000e+00 
-5.6922436e-06 7.7891164e-06 0.0000000e+00 
6.9406815e-07 -2.8902432e-05 0.0000000e+00 
4.6973117e-05 -3.4218654e-05 0.0000000e+00 
-2.4118461e-05 3.0032606e-05 0.0000000e+00 
-1.2982637e-05 2.6390888e-05 0.0000000e+00 
-2.9076822e-05 2.4345238e-05 0.0000000e+00 
1.7421320e-05 -1.5669037e-05 0.0000000e+00 
1.6625738e-05 -5.2813790e-05 0.0000000e+00 
3.6354177e-06 -8.1332983e-06 0.0000000e+00 
-8.4703788e-06 1.4045276e-05 0.0000000e+00 
2.7635135e-05 -2.2999011e-05 0.0000000e+00 
-8.3632767e-06 1.0629185e-05 0.0000000e+00 
2.2307038e-05 -3.3447286e-05 0.0000000e+00 
2.1711923e-05 -3.5862438e-05 0.0000000e+00 
1.5538186e-05 2.4959445e-06 0.0000000e+00 
-2.4243258e-05 3.9564213e-05 0.0000000e+00 
1.3177610e+06 1.0748690e+06 0.0000000e+00 
8.4186904e-06 -1.2482633e-05 0.0000000e+00 
7.9383317e-06 -7.1485993e-06 0.0000000e+00 
-4.8391521e-06 2.8712675e-06 0.0000000e+00 
-1.8113293e-05 1.3183802e-05 0.0000000e+00 
-9.3001872e-06 4.6649948e-06 0.0000000e+00 
-2.1295156e-05 1.9546598e-05 0.0000000e+00 
1.2768432e-05 8.1397593e-06 0.0000000e+00 
5.4026023e-06 -5.8283331e-06 0.0000000e+00 
9.9027529e-06 -1.5177764e-05 0.0000000e+00 
-1.0590535e-05 2.1593994e-05 0.0000000e+00 
-1.1611730e-05 2.5424175e-05 0.0000000e+00 
1.3901852e-05 -5.5675628e-06 0.0000000e+00 
2.5181100e-05 -3.5619829e-05 0.0000000e+00 
1.0146876e-05 -8.2035549e-06 0.0000000e+00 
6.1757746e-06 -1.2639910e-05 0.0000000e+00 
-1.1711847e-05 -2.8329669e-06 0.0000000e+00 
-6.5872446e-05 3.8385391e-05 0.0000000e+00 
-4.4982880e-07 1.4086138e-05 0.0000000e+00 
-1.1633150e-05 9.0049580e-06 0.0000000e+00 
-2.5482848e-05 2.9598828e-05 0.0000000e+00 
2.1299813e-05 -2.1928863e-05 0.0000000e+00 
1.1429191e-05 -2.8088689e-06 0.0000000e+00 
-5.3594820e-05 2.1320768e-05 0.0000000e+00 
2.7189963e-06 5.1595271e-07 0.0000000e+00 
2.2302847e-06 -1.3009645e-05 0.0000000e+00 
8.0689788e-06 1.3690369e-06 0.0000000e+00 
-2.6133494e-06 9.6701551e-06 0.0000000e+00 
-1.5832949e-05 2.5904737e-05 0.0000000e+00 
-3.7555583e-06 9.6808653e-06 0.0000000e+00 
-1.8200139e-05 3.0823983e-05 0.0000000e+00 
-5.8049336e-06 1.8130057e-05 0.0000000e+00 
4.1575171e-05 -5.1098876e-05 0.0000000e+00 
-2.7939677e-07 1.2592413e-05 0.0000000e+00 
3.8337894e-05 -2.6275869e-05 0.0000000e+00 
-2.9462390e-05 3.2023760e-05 0.0000000e+00 
-1.6601756e-05 8.1278413e-06 0.0000000e+00 
2.6824884e-05 -2.6179478e-05 0.0000000e+00 
-1.4799647e-05 1.5940517e-05 0.0000000e+00 
1.2901612e-05 -2.4376437e-05 0.0000000e+00 
-8.3837658e-06 2.5394838e-05 0.0000000e+00 
6.2247273e-06 -1.8169405e-05 0.0000000e+00 
8.6701475e-06 -4.2945729e-05 0.0000000e+00 
2.4288530e+06 1.3103736e+06 0.0000000e+00 
-3.9033592e-05 1.0463409e-05 0.0000000e+00 
-1.6670674e-05 9.9167228e-06 0.0000000e+00 
5.2656687e-06 4.5553315e-06 0.0000000e+00 
9.8361634e-06 -3.1858799e-06 0.0000000e+00 
-2.1569664e-05 5.1245559e-05 0.0000000e+00 
1.3994984e-05 -2.7770991e-05 0.0000000e+00 
-4.0866435e-06 -7.7569857e-06 0.0000000e+00 
1.3477635e-05 -2.9238174e-05 0.0000000e+00 
-1.4639925e-05 8.4836502e-06 0.0000000e+00 
-1.7915154e-06 -1.5404075e-05 0.0000000e+00 
1.5335158e-05 -3.5577919e-05 0.0000000e+00 
6.7763031e-06 2.5224872e-05 0.0000000e+00 
-4.3785200e-05 5.5092387e-05 0.0000000e+00 
-1.0588206e-05 4.2039901e-06 0.0000000e+00 
2.1504238e-05 -3.3379067e-05 0.0000000e+00 
1.2767501e-05 -1.3153767e-05 0.0000000e+00 
-3.7234277e-06 6.4368360e-06 0.0000000e+00 
1.6169623e-05 5.3131953e-06 0.0000000e+00 
-9.2934351e-07 1.7601997e-07 0.0000000e+00 
5.3783879e-06 7.1888790e-06 0.0000000e+00 
-1.1282973e-05 -1.2854580e-06 0.0000000e+00 
4.1071326e-07 2.3419503e-05 0.0000000e+00 
-7.1837567e-06 2.2681052e-06 0.0000000e+00 
3.9407518e-05 -5.1333569e-05 0.0000000e+00 
-2.0426232e-05 3.9506704e-06 0.0000000e+00 
-1.2209639e-05 1.6856240e-05 0.0000000e+00 
1.5015714e-05 -1.3994053e-05 0.0000000e+00 
-5.0924718e-06 -2.3716129e-06 0.0000000e+00 
-6.3246116e-06 2.1643107e-05 0.0000000e+00 
9.8469900e-07 -2.2221822e-05 0.0000000e+00 
1.6011298e-05 -6.9630332e-06 0.0000000e+00 
-7.1455725e-06 2.1865359e-05 0.0000000e+00 
-1.3790093e-05 3.4795376e-05 0.0000000e+00 
-2.5150366e-05 3.4340657e-05 0.0000000e+00 
-2.6454218e-06 -4.1816384e-07 0.0000000e+00 
-3.0547380e-06 -4.1881576e-06 0.0000000e+00 
2.4483539e-05 -8.4405765e-06 0.0000000e+00 
3.9474107e-06 9.4273710e-06 0.0000000e+00 
1.2227101e-05 -1.3814308e-05 0.0000000e+00 
2.3746863e-05 -1.7218292e-05 0.0000000e+00 
-2.7835369e-05 4.6031084e-05 0.0000000e+00 
3.2877550e-05 -7.5542019e-05 0.0000000e+00 
-1.0510907e-05 1.0238960e-05 0.0000000e+00 
-2.3698434e-05 2.0944048e-05 0.0000000e+00 
3.0267984e-06 -1.3833749e-05 0.0000000e+00 
1.1784025e-05 -2.8572977e-06 0.0000000e+00 
3.6039118e+06 1.5291118e+06 0.0000000e+00 
-1.0098331e-05 2.8956449e-05 0.0000000e+00 
5.8626756e-06 -1.3435492e-05 0.0000000e+00 
-1.7484650e-05 -1.3883691e-05 0.0000000e+00 
1.8438324e-05 -2.3094239e-05 0.0000000e+00 
1.2461096e-06 -1.3452955e-06 0.0000000e+00 
-5.8705918e-06 7.9977326e-06 0.0000000e+00 
-1.4860183e-05 3.2225624e-05 0.0000000e+00 
-2.4702400e-05 1.7548213e-05 0.0000000e+00 
-2.2646971e-05 5.4016244e-05 0.0000000e+00 
-8.8009983e-06 -3.9329752e-06 0.0000000e+00 
-9.7665470e-06 1.2414530e-05 0.0000000e+00 
-1.5562400e-05 1.1988042e-05 0.0000000e+00 
1.2634322e-05 -1.0320684e-05 0.0000000e+00 
1.9064173e-05 -2.4926849e-05 0.0000000e+00 
4.6393834e-05 -6.9309957e-05 0.0000000e+00 
6.0843304e-06 -1.6778242e-05 0.0000000e+00 
9.2554837e-06 -3.9761122e-05 0.0000000e+00 
2.2724271e-05 -2.6072841e-05 0.0000000e+00 
-3.1851232e-06 1.6167760e-06 0.0000000e+00 
2.6314985e-05 -4.7245529e-05 0.0000000e+00 
1.7574057e-06 -7.0170499e-06 0.0000000e+00 
1.0101125e-05 -3.6460115e-05 0.0000000e+00 
9.9418685e-07 -8.8037923e-06 0.0000000e+00 
-2.6527559e-06 1.4277641e-05 0.0000000e+00 
1.5273690e-05 -3.0767173e-05 0.0000000e+00 
-1.6536564e-05 8.4312633e-06 0.0000000e+00 
-3.9115548e-06 -7.4226118e-06 0.0000000e+00 
2.7077273e-05 -3.5474077e-05 0.0000000e+00 
1.7201528e-05 -2.4437904e-06 0.0000000e+00 
-2.0119827e-05 1.8303283e-05 0.0000000e+00 
-1.4870893e-05 1.4943071e-05 0.0000000e+00 
9.8031014e-06 -3.4665689e-05 0.0000000e+00 
-4.1435473e-05 2.1356158e-05 0.0000000e+00 
2.5863294e-05 -6.6540088e-05 0.0000000e+00 
-6.4377673e-06 2.0957086e-05 0.0000000e+00 
1.4076475e-05 -1.2433156e-05 0.0000000e+00 
-6.9845468e-05 6.6845678e-05 0.0000000e+00 
-3.1839125e-05 5.0511910e-05 0.0000000e+00 
1.7716666e-06 9.0771355e-06 0.0000000e+00 
2.9400922e-05 -1.2648292e-05 0.0000000e+00 
1.0688789e-05 -1.8341059e-05 0.0000000e+00 
-1.1188909e-05 1.3540499e-05 0.0000000e+00 
6.1411411e-06 -1.7502345e-05 0.0000000e+00 
-2.4346635e-05 3.4606084e-05 0.0000000e+00 
-8.5309148e-06 7.3825940e-06 0.0000000e+00 
1.5770085e-05 -1.1140946e-05 0.0000000e+00 
1.1208467e-05 -2.8348237e-05 0.0000000e+00 
-8.3874911e-06 3.8282014e-05 0.0000000e+00 
4.8469255e+06 1.7287629e+06 0.0000000e+00 
9.2340633e-06 -3.9988663e-05 0.0000000e+00 
1.3650279e-06 -1.5699305e-05 0.0000000e+00 
-1.6620383e-05 4.1299383e-05 0.0000000e+00 
-2.7029775e-05 6.2900945e-05 0.0000000e+00 
-5.6654215e-05 4.9987342e-05 0.0000000e+00 
-1.7289538e-05 3.5713194e-05 0.0000000e+00 
-7.4924901e-06 -3.5283156e-06 0.0000000e+00 
-2.3044413e-06 1.1621974e-05 0.0000000e+00 
-8.6333603e-07 -7.1288086e-06 0.0000000e+00 
-7.4468553e-06 1.5376136e-06 0.0000000e+00 
3.2921322e-05 -2.7686357e-05 0.0000000e+00 
6.8088993e-06 -5.6112185e-06 0.0000000e+00 
-6.6581182e-05 2.3411587e-05 0.0000000e+00 
8.1754290e-05 -7.0816837e-05 0.0000000e+00 
-8.5830688e-06 2.6294030e-05 0.0000000e+00 
9.2172995e-06 -1.9675354e-05 0.0000000e+00 
-6.0832128e-05 5.2196672e-05 0.0000000e+00 
9.0978574e-07 -1.3556797e-05 0.0000000e+00 
1.9109808e-05 -1.2204051e-05 0.0000000e+00 
-1.1455268e-06 1.0248274e-05 0.0000000e+00 
3.1445175e-05 -2.8253533e-05 0.0000000e+00 
1.1295779e-05 -1.6984530e-05 0.0000000e+00 
3.7220307e-06 -8.9895912e-06 0.0000000e+00 
2.0824373e-06 -4.9163937e-06 0.0000000e+00 
-2.4750363e-05 5.4995180e-05 0.0000000e+00 
4.0256418e-06 -6.4857304e-06 0.0000000e+00 
1.3550743e-06 1.4572870e-05 0.0000000e+00 
1.3792887e-06 -8.4228814e-06 0.0000000e+00 
-3.1827949e-06 -4.3353066e-07 0.0000000e+00 
3.9911829e-05 -2.8064474e-05 0.0000000e+00 
-3.3861026e-05 1.1645257e-05 0.0000000e+00 
5.2959367e-06 2.8731301e-06 0.0000000e+00 
3.2969750e-05 -1.6234815e-05 0.0000000e+00 
4.5069028e-06 -1.9262545e-05 0.0000000e+00 
2.0661391e-06 9.3101989e-06 0.0000000e+00 
-4.5694876e-05 4.5862980e-05 0.0000000e+00 
-2.5699846e-05 1.7683487e-05 0.0000000e+00 
8.1192702e-06 4.6622008e-06 0.0000000e+00 
-1.4107674e-05 1.4048070e-05 0.0000000e+00 
3.0933879e-06 -1.4492660e-05 0.0000000e+00 
2.2139400e-05 -4.9302063e-05 0.0000000e+00 
-2.4362002e-05 2.0301202e-05 0.0000000e+00 
1.2063421e-05 -1.9748462e-05 0.0000000e+00 
6.5034255e-05 -5.5741053e-05 0.0000000e+00 
4.1545369e-05 -3.5375822e-05 0.0000000e+00 
5.4743141e-06 -2.1142885e-05 0.0000000e+00 
2.7571805e-05 -3.5602134e-05 0.0000000e+00 
6.1628325e+06 1.9066484e+06 0.0000000e+00 
-2.0282343e-05 4.6584755e-06 0.0000000e+00 
-1.7531216e-05 4.2697880e-05 0.0000000e+00 
8.0624595e-06 -3.0265655e-05 0.0000000e+00 
-1.4628284e-05 1.7807179e-05 0.0000000e+00 
1.2760982e-05 -1.1651311e-05 0.0000000e+00 
2.7589500e-05 -2.3926608e-05 0.0000000e+00 
-5.2360818e-05 4.0572137e-05 0.0000000e+00 
-2.0378269e-05 2.1903426e-05 0.0000000e+00 
-1.5456229e-05 -1.0984484e-05 0.0000000e+00 
-1.3548415e-05 1.0239193e-05 0.0000000e+00 
1.0261312e-05 -7.2568655e-06 0.0000000e+00 
4.8778951e-05 -3.3144839e-05 0.0000000e+00 
2.5876798e-06 4.9369701e-06 0.0000000e+00 
-2.7430360e-06 2.5827903e-06 0.0000000e+00 
1.9387342e-05 -1.4957972e-05 0.0000000e+00 
4.4288114e-05 -2.7116388e-05 0.0000000e+00 
1.6842037e-05 -3.9766659e-05 0.0000000e+00 
6.9523230e-07 3.2950193e-06 0.0000000e+00 
1.0823132e-05 -2.9327581e-05 0.0000000e+00 
-4.7245994e-06 -8.3008781e-06 0.0000000e+00 
-1.4499296e-05 3.8560014e-05 0.0000000e+00 
4.9194787e-06 -1.6893726e-05 0.0000000e+00 
-3.9197505e-05 1.3886020e-05 0.0000000e+00 
-1.0998920e-05 7.9702586e-06 0.0000000e+00 
2.1993183e-06 8.2342885e-06 0.0000000e+00 
-5.1967800e-06 -8.2594343e-06 0.0000000e+00 
-8.2864426e-07 3.5776757e-06 0.0000000e+00 
1.3782643e-05 1.1497177e-05 0.0000000e+00 
-2.1501910e-05 5.1463605e-05 0.0000000e+00 
-5.7535246e-05 4.9907248e-05 0.0000000e+00 
5.8209989e-06 4.4226181e-06 0.0000000e+00 
-1.2644567e-05 1.7240178e-05 0.0000000e+00 
1.8137507e-05 1.7141923e-05 0.0000000e+00 
-1.5008263e-06 7.7896693e-06 0.0000000e+00 
6.6082925e-05 -6.1762519e-05 0.0000000e+00 
-3.9450824e-06 -1.0076910e-06 0.0000000e+00 
-2.6329421e-05 2.7126633e-05 0.0000000e+00 
9.9471072e-06 -4.8320508e-05 0.0000000e+00 
-3.2531098e-06 1.2182631e-05 0.0000000e+00 
-3.9342791e-05 2.7753413e-07 0.0000000e+00 
1.3988465e-05 -5.8466467e-06 0.0000000e+00 
-5.4924749e-06 2.1107029e-05 0.0000000e+00 
-8.7176450e-06 8.6510554e-06 0.0000000e+00 
3.3583492e-05 -5.3218100e-05 0.0000000e+00 
7.5578165e+06 2.0596262e+06 0.0000000e+00 
-1.5888538e-05 3.3863587e-05 0.0000000e+00 
2.3086322e-05 -3.7295744e-05 0.0000000e+00 
-3.2864511e-05 3.7253369e-05 0.0000000e+00 
-1.5385449e-05 2.8554350e-05 0.0000000e+00 
-6.6822395e-07 -7.8254379e-06 0.0000000e+00 
-4.5592897e-06 9.8174496e-06 0.0000000e+00 
-2.4818815e-05 5.0605740e-05 0.0000000e+00 
-4.6771020e-06 5.5436976e-06 0.0000000e+00 
1.6255304e-05 -1.2633391e-05 0.0000000e+00 
-2.8310344e-05 3.2860786e-05 0.0000000e+00 
1.9940548e-05 -4.4280197e-05 0.0000000e+00 
-2.7526170e-05 3.1716190e-05 0.0000000e+00 
-1.4841557e-05 5.6121498e-06 0.0000000e+00 
-1.6072067e-05 2.0767329e-05 0.0000000e+00 
6.5914355e-06 2.0923791e-05 0.0000000e+00 
8.6566433e-06 -1.0135118e-05 0.0000000e+00 
2.0660227e-05 -4.5221183e-05 0.0000000e+00 
-3.4262892e-05 6.1101746e-05 0.0000000e+00 
1.4139339e-05 -4.6147034e-06 0.0000000e+00 
1.3729092e-05 -3.8256461e-05 0.0000000e+00 
-1.5693717e-05 1.3315817e-05 0.0000000e+00 
7.8915618e-06 1.9371510e-06 0.0000000e+00 
2.6701484e-05 -3.3549499e-05 0.0000000e+00 
-1.3822224e-05 1.6619451e-06 0.0000000e+00 
3.6428683e-06 -6.8619847e-06 0.0000000e+00 
-1.3411744e-05 9.2270784e-06 0.0000000e+00 
1.9490253e-05 -4.2921398e-05 0.0000000e+00 
-9.7322045e-06 3.2412354e-05 0.0000000e+00 
1.9202940e-05 -1.7948914e-05 0.0000000e+00 
-1.0192045e-05 -5.8002770e-06 0.0000000e+00 
-4.6268106e-06 -5.9781596e-06 0.0000000e+00 
-2.3580622e-05 3.2819124e-05 0.0000000e+00 
2.5289133e-05 -3.8377184e-05 0.0000000e+00 
1.3505109e-05 -1.1380296e-05 0.0000000e+00 
2.3419037e-05 -3.2486394e-05 0.0000000e+00 
-4.0842919e-05 7.5196847e-05 0.0000000e+00 
-1.5647151e-05 -9.5134601e-07 0.0000000e+00 
4.6400353e-05 -7.4618030e-05 0.0000000e+00 
-1.8342922e-05 4.2691827e-05 0.0000000e+00 
-6.1010942e-06 -2.0194799e-05 0.0000000e+00 
-4.2375177e-06 -1.5594531e-05 0.0000000e+00 
-4.1956082e-06 -1.2563542e-06 0.0000000e+00 
3.9148144e-05 -4.3999404e-05 0.0000000e+00 
1.2290664e-05 -2.4131077e-05 0.0000000e+00 
3.0311756e-05 -3.1448435e-05 0.0000000e+00 
-3.4612603e-06 -1.0774005e-05 0.0000000e+00 
-4.3390319e-06 3.7429854e-06 0.0000000e+00 
-6.3441694e-06 -1.2168195e-05 0.0000000e+00 
5.0691888e-06 -1.8890481e-05 0.0000000e+00 
-6.1169267e-06 -3.6213198e-05 0.0000000e+00 
5.6964345e-06 -1.6193837e-05 0.0000000e+00 
9.0397280e+06 2.1839475e+06 0.0000000e+00 
-1.0237563e-05 1.6211940e-05 0.0000000e+00 
-1.4476478e-05 2.4586916e-07 0.0000000e+00 
-7.2172843e-06 4.5557739e-05 0.0000000e+00 
7.9697929e-06 1.1782395e-06 0.0000000e+00 
-4.8517250e-05 2.5803223e-05 0.0000000e+00 
-2.3931265e-05 1.3873912e-05 0.0000000e+00 
8.1490725e-07 8.8047236e-06 0.0000000e+00 
2.0319596e-05 -3.2505486e-05 0.0000000e+00 
5.8189034e-06 8.4394123e-06 0.0000000e+00 
-7.4179843e-06 2.7303584e-05 0.0000000e+00 
-5.0677918e-06 9.8361634e-06 0.0000000e+00 
-3.8210303e-05 3.4168363e-05 0.0000000e+00 
-1.2680655e-05 1.5068799e-05 0.0000000e+00 
-2.7126167e-05 3.5627396e-05 0.0000000e+00 
7.4224081e-06 -2.8727110e-05 0.0000000e+00 
-2.8083101e-05 4.3520704e-05 0.0000000e+00 
-1.6022474e-05 2.7433969e-05 0.0000000e+00 
2.1802261e-05 -6.4995722e-05 0.0000000e+00 
-2.3568049e-05 1.6150065e-05 0.0000000e+00 
-2.1502376e-05 4.2694155e-06 0.0000000e+00 
-5.0879084e-05 2.9305462e-05 0.0000000e+00 
1.2519537e-05 -8.9262612e-06 0.0000000e+00 
7.9073943e-06 1.1171680e-05 0.0000000e+00 
2.3667235e-05 -3.3592340e-05 0.0000000e+00 
-1.2902543e-05 1.0487624e-05 0.0000000e+00 
8.3213672e-06 -2.7959235e-05 0.0000000e+00 
3.3317134e-05 -1.8422492e-05 0.0000000e+00 
1.0852236e-05 -1.8509803e-05 0.0000000e+00 
1.9795028e-05 -3.0494761e-05 0.0000000e+00 
3.6174431e-05 -3.3963472e-05 0.0000000e+00 
-1.2204982e-05 1.8297083e-05 0.0000000e+00 
1.0235235e-06 -2.8995331e-05 0.0000000e+00 
6.9736969e-05 -4.8025511e-05 0.0000000e+00 
-1.1100434e-05 4.7283247e-06 0.0000000e+00 
1.1839904e-05 -1.1872500e-05 0.0000000e+00 
-1.0775402e-06 -5.1979441e-07 0.0000000e+00 
-2.0675361e-07 3.7774444e-06 0.0000000e+00 
-6.6766515e-06 1.0156073e-06 0.0000000e+00 
-3.2498501e-06 -2.5635527e-06 0.0000000e+00 
8.6147338e-06 -2.5902409e-05 0.0000000e+00 
1.1185184e-06 -1.5118159e-05 0.0000000e+00 
1.5269965e-05 -1.4173798e-05 0.0000000e+00 
1.2110919e-05 -3.6762562e-05 0.0000000e+00 
-6.5434724e-06 -5.6591816e-06 0.0000000e+00 
-3.9495993e-05 3.9979350e-05 0.0000000e+00 
1.5708618e-05 -2.4036737e-05 0.0000000e+00 
7.4072741e-06 -5.0115865e-05 0.0000000e+00 
-9.8105520e-06 -8.9178793e-06 0.0000000e+00 
-1.5111873e-05 4.0227547e-05 0.0000000e+00 
1.4475780e-05 -2.4848036e-05 0.0000000e+00 
1.0618697e+07 2.2750545e+06 0.0000000e+00 
1.0084535e-05 -2.1539163e-05 0.0000000e+00 
3.7616119e-06 -1.8884894e-06 0.0000000e+00 
-1.2370991e-05 2.1625368e-05 0.0000000e+00 
2.9928051e-05 -5.1409006e-07 0.0000000e+00 
1.1324883e-06 1.5232596e-05 0.0000000e+00 
-1.7928891e-05 1.5838537e-05 0.0000000e+00 
-3.1917356e-05 3.7290156e-05 0.0000000e+00 
-1.8746592e-05 1.6817008e-05 0.0000000e+00 
3.1308271e-05 -1.9991770e-05 0.0000000e+00 
-1.6931765e-05 1.8676510e-05 0.0000000e+00 
-8.1812032e-06 1.2611039e-05 0.0000000e+00 
4.6482310e-06 1.3290934e-05 0.0000000e+00 
-2.3846980e-05 7.1637100e-05 0.0000000e+00 
3.9547682e-05 -2.3904257e-05 0.0000000e+00 
4.3921173e-06 -3.8295984e-06 0.0000000e+00 
5.2986667e-05 -3.4395605e-05 0.0000000e+00 
9.3122944e-06 -1.4413148e-05 0.0000000e+00 
-2.9332004e-06 -1.3816636e-05 0.0000000e+00 
1.5468337e-05 -2.0097010e-05 0.0000000e+00 
1.3103243e-05 -1.8467894e-05 0.0000000e+00 
-4.7497451e-06 2.5093555e-05 0.0000000e+00 
-1.0353979e-05 -2.9657967e-05 0.0000000e+00 
-1.8060207e-05 1.5008263e-06 0.0000000e+00 
1.4094403e-05 -1.2540258e-06 0.0000000e+00 
-2.8776005e-05 4.6818051e-05 0.0000000e+00 
-8.7870285e-06 3.4713186e-05 0.0000000e+00 
-4.4447370e-07 8.4782951e-06 0.0000000e+00 
-2.0677224e-05 1.8492341e-05 0.0000000e+00 
-7.9795718e-06 1.5906990e-05 0.0000000e+00 
-5.1585026e-05 2.1644868e-05 0.0000000e+00 
1.9480474e-05 -2.3454020e-05 0.0000000e+00 
-5.1818788e-06 -1.3215467e-06 0.0000000e+00 
-5.2563846e-06 2.3283064e-08 0.0000000e+00 
4.6901405e-06 1.2945849e-05 0.0000000e+00 
2.8170645e-05 -3.7793769e-05 0.0000000e+00 
-2.2285618e-05 3.5865232e-05 0.0000000e+00 
3.1933188e-05 -7.6279975e-06 0.0000000e+00 
-1.4309771e-06 3.9781211e-05 0.0000000e+00 
1.0012765e-05 -2.5557587e-05 0.0000000e+00 
-7.6834112e-08 1.0402407e-05 0.0000000e+00 
5.3840922e-06 -4.0337211e-05 0.0000000e+00 
-3.9741280e-06 1.2658187e-05 0.0000000e+00 
-1.3491139e-05 -1.1175871e-06 0.0000000e+00 
-5.6531280e-06 1.8651714e-05 0.0000000e+00 
7.5893477e-06 -3.9500126e-05 0.0000000e+00 
-1.4380930e-05 1.4828285e-05 0.0000000e+00 
5.1276758e-05 -6.2853098e-05 0.0000000e+00 
-9.2517585e-06 3.0425377e-05 0.0000000e+00 
-1.2018718e-06 1.4420133e-05 0.0000000e+00 
4.8102811e-07 -1.2206321e-05 0.0000000e+00 
7.6657161e-06 -3.6689918e-05 0.0000000e+00 
-8.5369684e-06 -1.3862737e-05 0.0000000e+00 
1.7797574e-06 1.1770055e-05 0.0000000e+00 
1.2308044e+07 2.3272930e+06 0.0000000e+00 
-1.6661361e-05 5.6121498e-06 0.0000000e+00 
-1.4960766e-05 -1.9776635e-05 0.0000000e+00 
2.4815090e-06 6.1388128e-06 0.0000000e+00 
2.4137087e-05 -2.0596664e-05 0.0000000e+00 
-4.3010805e-06 7.3863775e-06 0.0000000e+00 
-8.6687505e-06 2.5243731e-05 0.0000000e+00 
9.8207965e-07 -7.3267147e-06 0.0000000e+00 
-1.7883256e-05 -6.3125044e-06 0.0000000e+00 
8.0233440e-06 -1.2569129e-05 0.0000000e+00 
-4.7598965e-05 5.2418909e-05 0.0000000e+00 
-1.3594283e-05 1.8645078e-06 0.0000000e+00 
-1.4158431e-05 -5.0393865e-06 0.0000000e+00 
3.1282194e-05 -3.9122999e-05 0.0000000e+00 
-7.1655959e-06 1.4869031e-05 0.0000000e+00 
-1.1220574e-05 3.5238452e-05 0.0000000e+00 
-5.2009244e-05 5.4186676e-05 0.0000000e+00 
1.3177283e-05 -2.8074719e-06 0.0000000e+00 
-8.8112429e-06 3.4387223e-05 0.0000000e+00 
1.0817312e-05 -1.0308577e-05 0.0000000e+00 
4.5998022e-06 -2.5292858e-05 0.0000000e+00 
3.8597267e-05 -7.3672039e-05 0.0000000e+00 
-1.2705568e-05 3.1997450e-05 0.0000000e+00 
3.8361177e-05 -5.6003220e-05 0.0000000e+00 
1.6067177e-05 -5.5478886e-06 0.0000000e+00 
1.3208948e-05 -2.3903325e-05 0.0000000e+00 
-4.3911859e-06 5.5354321e-06 0.0000000e+00 
2.3743138e-05 -2.4014851e-05 0.0000000e+00 
7.3388219e-06 -1.2764707e-05 0.0000000e+00 
4.3723267e-06 1.2929551e-05 0.0000000e+00 
-4.6136673e-05 5.9345737e-05 0.0000000e+00 
-4.0177256e-06 -3.5930425e-06 0.0000000e+00 
8.8215165e-06 -7.4605923e-06 0.0000000e+00 
3.1051808e-05 -2.6163529e-05 0.0000000e+00 
-1.2956327e-05 1.2232456e-05 0.0000000e+00 
-1.3923272e-05 1.7959625e-05 0.0000000e+00 
6.7310175e-06 -2.5624409e-05 0.0000000e+00 
6.4745545e-06 -1.3520010e-05 0.0000000e+00 
-3.6426820e-05 3.9197970e-05 0.0000000e+00 
8.4298663e-06 -2.4719862e-05 0.0000000e+00 
2.8514303e-05 -7.2000548e-06 0.0000000e+00 
-4.4386834e-05 5.1654410e-05 0.0000000e+00 
1.4066696e-05 3.8635917e-06 0.0000000e+00 
2.9960647e-06 -2.2442895e-05 0.0000000e+00 
-2.0847656e-06 -1.9086874e-06 0.0000000e+00 
1.5619677e-05 -3.0705705e-06 0.0000000e+00 
1.3881363e-05 -3.6589801e-05 0.0000000e+00 
1.6866252e-05 -2.6066817e-05 0.0000000e+00 
8.5365027e-06 -2.3937784e-05 0.0000000e+00 
-9.5817959e-06 6.4780470e-06 0.0000000e+00 
-1.2440607e-05 3.3718999e-05 0.0000000e+00 
-5.5294484e-05 4.8434362e-05 0.0000000e+00 
-4.0868297e-05 3.7040561e-05 0.0000000e+00 
-6.2137842e-06 1.5503261e-05 0.0000000e+00 
5.9697777e-06 9.1902912e-06 0.0000000e+00 
1.4125695e+07 2.3334970e+06 0.0000000e+00 
4.7795475e-06 -9.0366229e-06 0.0000000e+00 
2.7276110e-06 -4.0224579e-05 0.0000000e+00 
-9.0226531e-06 6.4899214e-06 0.0000000e+00 
-3.6944635e-05 9.7351149e-06 0.0000000e+00 
-2.6978552e-05 3.9902516e-06 0.0000000e+00 
-3.3799093e-05 6.1400700e-05 0.0000000e+00 
-8.4852800e-06 -1.7364509e-05 0.0000000e+00 
-3.7569087e-05 6.5120403e-05 0.0000000e+00 
2.4036504e-05 -4.8154034e-05 0.0000000e+00 
-1.6922131e-05 2.1614600e-05 0.0000000e+00 
4.6682544e-06 -4.5038760e-06 0.0000000e+00 
-2.4912879e-07 -5.7753641e-06 0.0000000e+00 
1.2411736e-05 -2.0856969e-06 0.0000000e+00 
1.2218952e-05 -2.1322630e-05 0.0000000e+00 
2.8078444e-05 -4.3453183e-05 0.0000000e+00 
5.1660463e-06 2.4775509e-06 0.0000000e+00 
-1.1857657e-05 -2.3441389e-06 0.0000000e+00 
2.7999748e-05 -1.1011958e-05 0.0000000e+00 
2.5834888e-06 -4.0234067e-05 0.0000000e+00 
-1.7080456e-05 5.0381757e-05 0.0000000e+00 
1.1333323e-05 -1.6949954e-05 0.0000000e+00 
-1.5819387e-05 3.9303559e-05 0.0000000e+00 
-1.3584271e-05 1.9443221e-05 0.0000000e+00 
3.3282675e-05 -2.8717332e-05 0.0000000e+00 
2.5905669e-05 -3.9929524e-05 0.0000000e+00 
-1.0817312e-05 -1.8253922e-07 0.0000000e+00 
1.7205719e-05 -3.0628173e-05 0.0000000e+00 
-6.6449866e-06 -2.3201574e-06 0.0000000e+00 
3.0658673e-05 -5.0265575e-05 0.0000000e+00 
-2.3681670e-05 -1.4563557e-07 0.0000000e+00 
1.5328638e-05 -2.2108667e-05 0.0000000e+00 
7.3020346e-06 8.1297476e-06 0.0000000e+00 
6.0861930e-06 -1.3004057e-05 0.0000000e+00 
1.1599623e-06 -1.7687213e-05 0.0000000e+00 
2.9280782e-06 7.6987781e-06 0.0000000e+00 
-4.6571949e-06 1.9099039e-05 0.0000000e+00 
3.1891279e-05 -1.9137980e-05 0.0000000e+00 
-1.3047829e-05 4.3808250e-05 0.0000000e+00 
1.0011718e-06 1.6036211e-05 0.0000000e+00 
-8.9239329e-06 1.3278332e-05 0.0000000e+00 
3.1936914e-05 -4.8200833e-05 0.0000000e+00 
1.2958422e-05 -1.5663449e-05 0.0000000e+00 
-1.6450882e-05 3.7078746e-05 0.0000000e+00 
4.2697415e-05 -4.8919581e-05 0.0000000e+00 
1.7298386e-05 -4.6738423e-05 0.0000000e+00 
3.9467588e-05 -3.9471313e-05 0.0000000e+00 
1.8101651e-05 -9.2918053e-06 0.0000000e+00 
7.2661787e-06 -7.8929588e-06 0.0000000e+00 
-1.0626041e-05 1.8384308e-06 0.0000000e+00 
-8.5504726e-06 2.2548251e-05 0.0000000e+00 
1.3755634e-06 -2.4582725e-05 0.0000000e+00 
1.1800323e-05 -1.5033409e-05 0.0000000e+00 
-3.4533441e-05 5.2775256e-05 0.0000000e+00 
1.6096448e+07 2.2843460e+06 0.0000000e+00 
-2.7643517e-05 3.6533864e-05 0.0000000e+00 
-3.7085265e-06 1.8724240e-05 0.0000000e+00 
3.5846606e-06 1.7757528e-05 0.0000000e+00 
-4.4223852e-05 4.4833869e-06 0.0000000e+00 
-6.7546032e-05 6.3326210e-05 0.0000000e+00 
-2.1542422e-05 -3.2112002e-06 0.0000000e+00 
-1.2502074e-05 7.9879537e-06 0.0000000e+00 
9.4163115e-06 -3.0792551e-05 0.0000000e+00 
-2.4484470e-06 -7.0836395e-06 0.0000000e+00 
-6.0558668e-06 -1.3531302e-05 0.0000000e+00 
3.2129698e-05 -1.4657155e-05 0.0000000e+00 
5.2629039e-06 -9.8012388e-06 0.0000000e+00 
4.0335581e-06 -7.6773576e-06 0.0000000e+00 
-4.3984619e-07 3.7291262e-05 0.0000000e+00 
3.4219120e-05 -6.5519009e-05 0.0000000e+00 
-3.7839636e-06 6.6282228e-06 0.0000000e+00 
-6.4000487e-06 -3.4738332e-06 0.0000000e+00 
-2.9498711e-05 4.2836182e-05 0.0000000e+00 
-4.1353516e-05 4.5707449e-05 0.0000000e+00 
-1.0208227e-05 2.4200883e-05 0.0000000e+00 
1.8551946e-06 -2.8540380e-06 0.0000000e+00 
-1.2852252e-05 -5.5477722e-07 0.0000000e+00 
1.4413148e-05 -4.1469932e-05 0.0000000e+00 
-2.7168542e-05 -7.9059973e-06 0.0000000e+00 
3.9900653e-05 -3.6068261e-05 0.0000000e+00 
-1.1633150e-05 2.1233456e-05 0.0000000e+00 
-1.6528647e-05 1.3444107e-05 0.0000000e+00 
-2.2704713e-05 3.7511345e-05 0.0000000e+00 
-4.8056245e-06 -2.8511975e-05 0.0000000e+00 
-6.2026083e-06 -1.6115140e-05 0.0000000e+00 
-1.6898848e-06 -1.9015861e-06 0.0000000e+00 
4.1950261e-06 2.1005108e-06 0.0000000e+00 
-1.1701602e-05 2.3194822e-05 0.0000000e+00 
3.9031729e-06 -4.8860442e-05 0.0000000e+00 
4.4753775e-05 -5.8148289e-05 0.0000000e+00 
-1.2640376e-06 4.2095780e-07 0.0000000e+00 
3.9129518e-06 -1.6011531e-05 0.0000000e+00 
3.6003999e-05 -2.1419488e-05 0.0000000e+00 
-3.4263358e-06 -8.3046034e-06 0.0000000e+00 
4.6812929e-06 -2.4151406e-05 0.0000000e+00 
-1.2895092e-05 -1.5862286e-05 0.0000000e+00 
-2.1070242e-05 -5.0226226e-06 0.0000000e+00 
7.3420815e-06 -2.0783395e-05 0.0000000e+00 
1.8050894e-05 -5.0446019e-05 0.0000000e+00 
6.8582594e-06 -3.2494776e-05 0.0000000e+00 
-1.8253922e-07 6.6005159e-06 0.0000000e+00 
-1.1415919e-05 8.2025072e-06 0.0000000e+00 
-8.0419704e-06 3.5781413e-06 0.0000000e+00 
-5.6941062e-06 2.6011840e-05 0.0000000e+00 
-1.3717450e-05 8.4983185e-07 0.0000000e+00 
-2.0976178e-05 2.3412053e-05 0.0000000e+00 
-3.3968594e-05 2.6974361e-05 0.0000000e+00 
-2.2023451e-06 2.1604501e-05 0.0000000e+00 
1.8255792e+07 2.1675502e+06 0.0000000e+00 
-5.1156385e-06 1.7137034e-05 0.0000000e+00 
-7.7867880e-06 3.5238219e-05 0.0000000e+00 
-7.3551200e-05 4.3903477e-05 0.0000000e+00 
8.7168883e-06 -1.1894619e-05 0.0000000e+00 
4.6305358e-06 -9.9835452e-06 0.0000000e+00 
6.2822364e-06 -1.5070196e-05 0.0000000e+00 
2.6965514e-05 -2.1107495e-05 0.0000000e+00 
1.3932586e-05 -3.8135564e-05 0.0000000e+00 
-4.1515566e-05 5.0020404e-05 0.0000000e+00 
1.8616207e-05 1.9557774e-06 0.0000000e+00 
-1.3152952e-05 -3.7107384e-07 0.0000000e+00 
-2.4058041e-05 3.5281293e-05 0.0000000e+00 
-1.0472722e-05 2.1898188e-05 0.0000000e+00 
6.1597675e-06 -1.2110104e-05 0.0000000e+00 
3.9816368e-06 3.4030527e-06 0.0000000e+00 
-1.1523254e-05 1.4031772e-05 0.0000000e+00 
1.9421801e-05 -2.4191104e-05 0.0000000e+00 
3.2242388e-06 -1.4808029e-06 0.0000000e+00 
-3.5888515e-05 -1.7592683e-06 0.0000000e+00 
1.3081008e-06 -2.8896029e-05 0.0000000e+00 
-4.1192397e-05 2.6391819e-05 0.0000000e+00 
4.3865293e-07 -1.1429191e-05 0.0000000e+00 
-9.1344118e-06 1.3264827e-05 0.0000000e+00 
-1.2577511e-05 -1.2859702e-05 0.0000000e+00 
-5.1148236e-06 1.4360063e-05 0.0000000e+00 
3.0296389e-05 -4.7619222e-05 0.0000000e+00 
3.9674342e-07 -1.7503276e-05 0.0000000e+00 
-2.3278408e-05 3.8618222e-05 0.0000000e+00 
3.5813078e-05 -3.2139011e-05 0.0000000e+00 
-1.7335638e-05 4.8097223e-05 0.0000000e+00 
-2.8176000e-06 9.3841954e-06 0.0000000e+00 
4.1015446e-06 -4.1025924e-05 0.0000000e+00 
2.7616974e-05 -1.9382802e-05 0.0000000e+00 
-1.9355677e-05 1.4205580e-05 0.0000000e+00 
4.1011721e-05 -6.0866587e-05 0.0000000e+00 
-1.7313287e-06 -8.1160106e-06 0.0000000e+00 
1.2998236e-05 -3.4911354e-05 0.0000000e+00 
2.9119197e-05 -3.1273346e-05 0.0000000e+00 
2.1643005e-05 -2.9155985e-05 0.0000000e+00 
-3.8473867e-05 3.5866164e-05 0.0000000e+00 
-1.7011538e-05 1.1838507e-05 0.0000000e+00 
4.4495799e-05 -4.1713938e-05 0.0000000e+00 
1.3428740e-05 -4.4892309e-05 0.0000000e+00 
-8.4266067e-06 3.0504540e-05 0.0000000e+00 
9.9800527e-06 -1.7373590e-05 0.0000000e+00 
2.4728477e-05 -1.9976869e-05 0.0000000e+00 
-8.2049519e-06 2.4174340e-05 0.0000000e+00 
-1.4838763e-05 8.8987872e-06 0.0000000e+00 
7.7039003e-06 -2.4224166e-05 0.0000000e+00 
4.5318156e-05 -1.8659048e-05 0.0000000e+00 
1.9418541e-05 -3.2152515e-05 0.0000000e+00 
1.0533025e-05 1.0938384e-06 0.0000000e+00 
-2.1252781e-05 1.1436874e-05 0.0000000e+00 
1.9126572e-05 -1.9289553e-05 0.0000000e+00 
-3.0826777e-06 2.4794135e-06 0.0000000e+00 
-2.0259526e-05 4.4390326e-05 0.0000000e+00 
-1.3708253e-05 1.0740827e-05 0.0000000e+00 
-2.7010683e-05 6.4857304e-06 0.0000000e+00 
-2.7418835e-05 1.1885480e-05 0.0000000e+00 
2.0656586e+07 1.9658785e+06 0.0000000e+00 
9.2843547e-05 -1.1678739e-04 0.0000000e+00 
1.0981224e-05 -2.9017217e-05 0.0000000e+00 
1.3381708e-05 2.1585496e-05 0.0000000e+00 
-2.5878660e-05 7.3899748e-05 0.0000000e+00 
-1.3717232e-05 2.0706386e-05 0.0000000e+00 
3.8098544e-05 -1.3754703e-05 0.0000000e+00 
3.0988827e-05 -3.3833086e-05 0.0000000e+00 
-1.6990118e-05 1.3448298e-05 0.0000000e+00 
1.8639024e-05 -3.8092257e-05 0.0000000e+00 
-2.7609989e-05 6.0896855e-05 0.0000000e+00 
3.0073337e-05 -4.2473766e-05 0.0000000e+00 
1.3523269e-05 -1.4944468e-05 0.0000000e+00 
5.2563846e-06 -2.0346604e-05 0.0000000e+00 
-8.5961074e-06 1.5682075e-05 0.0000000e+00 
4.3101609e-06 6.0861930e-06 0.0000000e+00 
4.9439259e-06 3.5315752e-06 0.0000000e+00 
-1.1169352e-05 5.8801379e-06 0.0000000e+00 
-1.1190772e-05 1.1681579e-05 0.0000000e+00 
-1.4329795e-05 1.4804769e-05 0.0000000e+00 
5.4556876e-06 -2.5957357e-05 0.0000000e+00 
-2.6033260e-05 4.2895786e-05 0.0000000e+00 
4.8968941e-06 -6.4140186e-06 0.0000000e+00 
2.0628795e-05 -2.5708228e-05 0.0000000e+00 
-1.6545062e-05 2.7903356e-05 0.0000000e+00 
-1.4203135e-05 2.1267915e-05 0.0000000e+00 
-4.3167965e-05 5.8733553e-05 0.0000000e+00 
-6.3031912e-05 5.6379009e-05 0.0000000e+00 
-5.3790398e-05 5.5951998e-05 0.0000000e+00 
-2.7398579e-05 1.9096304e-05 0.0000000e+00 
-9.7539276e-05 1.1650799e-04 0.0000000e+00 
-3.4427736e-05 2.7656904e-05 0.0000000e+00 
-6.9434755e-06 -1.2970064e-05 0.0000000e+00 
1.5168451e-05 5.4948032e-08 0.0000000e+00 
1.6372651e-06 -2.5588670e-05 0.0000000e+00 
1.0356307e-05 5.8021396e-07 0.0000000e+00 
1.8143677e-05 -3.5019330e-05 0.0000000e+00 
-1.8744729e-05 3.1345990e-05 0.0000000e+00 
8.0671161e-06 -1.0990771e-05 0.0000000e+00 
5.4850243e-06 -2.1578046e-05 0.0000000e+00 
-5.3730328e-06 -7.5638527e-06 0.0000000e+00 
-3.9571896e-05 1.1304393e-05 0.0000000e+00 
1.8700957e-05 -3.0122697e-05 0.0000000e+00 
-1.1702999e-05 -8.6058863e-06 0.0000000e+00 
1.3554469e-05 -4.3167267e-05 0.0000000e+00 
3.4952536e-06 2.2238586e-05 0.0000000e+00 
-1.2252480e-05 3.0988827e-05 0.0000000e+00 
-3.6498532e-06 1.7858110e-05 0.0000000e+00 
-2.2769673e-06 -1.1335185e-05 0.0000000e+00 
1.0818243e-05 8.3982013e-06 0.0000000e+00 
-1.8857419e-05 5.0056726e-05 0.0000000e+00 
-1.8262770e-05 6.0293823e-06 0.0000000e+00 
6.9786794e-05 -6.5413304e-05 0.0000000e+00 
1.5938189e-05 -1.2689270e-06 0.0000000e+00 
-2.6542693e-06 -1.2721866e-05 0.0000000e+00 
3.7465943e-05 -4.9183378e-05 0.0000000e+00 
3.2640819e-06 1.5008845e-05 0.0000000e+00 
9.3039125e-07 3.6819838e-06 0.0000000e+00 
4.5564957e-05 -7.7470671e-05 0.0000000e+00 
5.3169206e-06 -3.5744160e-05 0.0000000e+00 
2.3382296e+07 1.6592179e+06 0.0000000e+00 
4.8793387e-05 -5.2186428e-05 0.0000000e+00 
-2.5718473e-06 3.4206780e-05 0.0000000e+00 
3.4403987e-05 -1.4835969e-05 0.0000000e+00 
-1.2972392e-05 8.4592029e-06 0.0000000e+00 
-5.7090074e-07 -3.0715019e-06 0.0000000e+00 
2.5946647e-05 -4.2345375e-05 0.0000000e+00 
1.5395577e-05 -2.4718363e-05 0.0000000e+00 
-4.8223883e-06 -8.1593171e-06 0.0000000e+00 
5.1449053e-05 -3.0308962e-05 0.0000000e+00 
3.9497390e-06 -7.5576827e-06 0.0000000e+00 
-2.7816743e-05 4.5173801e-05 0.0000000e+00 
1.3276003e-05 -1.4991267e-05 0.0000000e+00 
5.9365295e-05 -6.7378860e-05 0.0000000e+00 
4.9428549e-05 -4.3386593e-05 0.0000000e+00 
1.3978221e-05 4.4724438e-06 0.0000000e+00 
-2.2475608e-05 5.9809536e-06 0.0000000e+00 
-2.2538006e-07 8.5816719e-06 0.0000000e+00 
-3.5471283e-05 4.2146305e-05 0.0000000e+00 
-1.1313590e-05 1.1712138e-05 0.0000000e+00 
6.1756000e-06 1.2260862e-05 0.0000000e+00 
-1.8149149e-05 2.6189606e-05 0.0000000e+00 
-6.5788627e-06 -7.0515089e-06 0.0000000e+00 
2.2469088e-05 -2.3656990e-05 0.0000000e+00 
-1.3276935e-05 2.2269785e-05 0.0000000e+00 
-1.0471791e-05 1.5397090e-05 0.0000000e+00 
1.5745871e-05 -3.6930200e-05 0.0000000e+00 
-7.1194954e-06 1.7194077e-05 0.0000000e+00 
-8.7227672e-06 2.5314279e-05 0.0000000e+00 
2.2741035e-05 -4.3222215e-05 0.0000000e+00 
5.0170347e-06 -1.4654361e-05 0.0000000e+00 
5.1939860e-06 -1.7317943e-05 0.0000000e+00 
5.1371753e-06 -2.8487295e-05 0.0000000e+00 
-1.5083584e-05 1.7675105e-05 0.0000000e+00 
4.4698827e-06 -1.7294660e-06 0.0000000e+00 
-2.7278438e-06 -1.7555198e-05 0.0000000e+00 
-3.0161813e-05 4.8958696e-05 0.0000000e+00 
-2.4639070e-05 -9.9865720e-06 0.0000000e+00 
-3.5407022e-05 6.9480622e-05 0.0000000e+00 
-4.6069035e-06 -2.9845163e-05 0.0000000e+00 
-2.7232571e-05 2.2424036e-05 0.0000000e+00 
1.8253922e-06 3.9582606e-05 0.0000000e+00 
-1.3794110e-05 1.2104632e-05 0.0000000e+00 
-4.9350783e-06 8.4172934e-06 0.0000000e+00 
-9.2107803e-06 -8.9686364e-07 0.0000000e+00 
1.0420568e-05 -1.9063475e-05 0.0000000e+00 
-3.9379112e-05 3.6484562e-05 0.0000000e+00 
1.3890676e-06 1.2680190e-05 0.0000000e+00 
5.1818788e-06 -1.8985011e-05 0.0000000e+00 
-4.2958185e-05 5.8201142e-05 0.0000000e+00 
1.3693818e-05 -3.6914309e-05 0.0000000e+00 
-1.4228746e-05 1.4729332e-05 0.0000000e+00 
3.9102510e-05 -3.5084202e-05 0.0000000e+00 
-1.2283213e-05 3.3176038e-06 0.0000000e+00 
-5.9832819e-05 4.7951005e-05 0.0000000e+00 
2.6570816e+07 1.2040618e+06 0.0000000e+00 
5.3413678e-06 -2.4894252e-06 0.0000000e+00 
8.9351088e-06 -5.4975972e-06 0.0000000e+00 
-3.3345073e-05 3.0232593e-05 0.0000000e+00 
4.7683716e-07 -2.1606684e-07 0.0000000e+00 
2.2273976e-05 -4.1875523e-05 0.0000000e+00 
-4.0451996e-05 4.4934917e-05 0.0000000e+00 
-7.7821023e-06 -6.3208863e-06 0.0000000e+00 
-1.7145183e-05 5.5429060e-05 0.0000000e+00 
-8.9593232e-07 1.3590790e-05 0.0000000e+00 
1.6436446e-05 -6.4939493e-05 0.0000000e+00 
2.6482157e-05 -1.0499731e-05 0.0000000e+00 
-3.9068982e-06 -1.0705553e-06 0.0000000e+00 
-1.3881363e-05 7.1763061e-06 0.0000000e+00 
-8.5774809e-07 -4.8899092e-06 0.0000000e+00 
1.2611970e-05 -4.6848319e-05 0.0000000e+00 
7.1935356e-06 -2.3422996e-05 0.0000000e+00 
5.0542876e-06 8.8687520e-06 0.0000000e+00 
6.5676868e-06 -1.6121659e-05 0.0000000e+00 
2.4968758e-06 -5.5003911e-06 0.0000000e+00 
-2.6430935e-06 -6.4359047e-06 0.0000000e+00 
7.8841113e-06 -8.6744549e-06 0.0000000e+00 
4.1560270e-06 5.2140094e-06 0.0000000e+00 
-1.3094395e-05 8.2245097e-06 0.0000000e+00 
4.8829243e-06 2.6725698e-05 0.0000000e+00 
-1.3934099e-05 4.3056876e-05 0.0000000e+00 
-1.7229468e-05 3.0314841e-05 0.0000000e+00 
3.9298087e-05 -5.4387376e-05 0.0000000e+00 
4.9937516e-06 -9.1828406e-06 0.0000000e+00 
2.2329856e-05 -1.8571038e-05 0.0000000e+00 
-9.1991387e-07 -1.2353354e-05 0.0000000e+00 
-2.6705209e-05 1.7856015e-05 0.0000000e+00 
-2.2794120e-05 3.4831464e-07 0.0000000e+00 
-3.6414713e-06 6.7712681e-06 0.0000000e+00 
4.4609420e-05 -3.1945296e-05 0.0000000e+00 
-1.6391277e-05 1.2246892e-05 0.0000000e+00 
-3.6338344e-05 4.3328851e-05 0.0000000e+00 
-1.3989629e-05 -2.5606714e-06 0.0000000e+00 
3.7220307e-06 -2.1281274e-05 0.0000000e+00 
-1.4713965e-05 1.4565419e-05 0.0000000e+00 
1.2046890e-05 3.0352385e-05 0.0000000e+00 
-3.6949757e-05 2.1220651e-05 0.0000000e+00 
1.4356337e-06 -1.9017607e-05 0.0000000e+00 
-7.7472068e-06 -4.1467138e-07 0.0000000e+00 
7.6142140e-05 -5.2820891e-05 0.0000000e+00 
2.7222559e-06 -1.7820857e-05 0.0000000e+00 
1.8160790e-06 -1.9869301e-05 0.0000000e+00 
-1.0430813e-05 -1.7009210e-05 0.0000000e+00 
1.9427389e-06 5.3963158e-05 0.0000000e+00 
-1.9147992e-06 -1.4729798e-05 0.0000000e+00 
-3.0609779e-05 3.0609779e-05 0.0000000e+00 
-9.5851719e-06 -6.5322965e-06 0.0000000e+00 
-1.9628555e-05 -1.9435305e-05 0.0000000e+00 
-1.9403466e-05 1.7334241e-05 0.0000000e+00 
-1.2217090e-05 9.4375573e-06 0.0000000e+00 
1.7943792e-05 -4.1059218e-05 0.0000000e+00 
-2.6230235e-05 1.7310958e-06 0.0000000e+00 
3.3659628e-05 -5.5781100e-05 0.0000000e+00 
-2.9616058e-07 -6.9718808e-06 0.0000000e+00 
-1.6730279e-05 -2.4191337e-05 0.0000000e+00 
7.4505806e-08 3.4859404e-06 0.0000000e+00 
3.0493800e+07 6.7966619e+05 0.0000000e+00 
4.1029416e-06 -3.0389521e-05 0.0000000e+00 
-1.2503006e-05 1.8617138e-05 0.0000000e+00 
4.2814470e-05 -6.5523578e-05 0.0000000e+00 
7.3313713e-06 -4.0892046e-06 0.0000000e+00 
2.2869557e-05 1.4827121e-05 0.0000000e+00 
-1.7701648e-05 1.8438324e-05 0.0000000e+00 
-2.1776650e-06 2.1595042e-06 0.0000000e+00 
4.0140003e-06 2.5518239e-06 0.0000000e+00 
-1.5696511e-05 -1.6324688e-05 0.0000000e+00 
-1.0339543e-05 2.1324377e-05 0.0000000e+00 
8.6466316e-06 -5.0156377e-06 0.0000000e+00 
6.8861991e-06 -5.6388322e-05 0.0000000e+00 
9.4305724e-06 -2.5652349e-05 0.0000000e+00 
2.0262785e-05 -9.8925084e-06 0.0000000e+00 
-6.2566251e-06 4.0987041e-05 0.0000000e+00 
-7.3341653e-06 1.5178957e-05 0.0000000e+00 
1.1339784e-05 -1.0956544e-05 0.0000000e+00 
3.1045172e-05 -5.1723793e-05 0.0000000e+00 
1.0066666e-05 5.2233227e-06 0.0000000e+00 
1.5289523e-05 -5.7873316e-05 0.0000000e+00 
-2.5760382e-06 3.6656857e-05 0.0000000e+00 
-6.0303602e-05 8.0519821e-05 0.0000000e+00 
4.5448542e-06 -3.4090830e-05 0.0000000e+00 
-3.6869198e-05 5.1099923e-05 0.0000000e+00 
-2.4193258e-05 1.6340637e-05 0.0000000e+00 
-2.1105632e-05 3.8444239e-05 0.0000000e+00 
8.2468614e-06 -5.7850033e-05 0.0000000e+00 
-1.0591000e-05 1.3072044e-05 0.0000000e+00 
-2.0597130e-05 -2.4279580e-06 0.0000000e+00 
-8.8354573e-06 9.7258016e-06 0.0000000e+00 
-7.7672303e-06 1.6586855e-06 0.0000000e+00 
-1.6727485e-05 2.1817163e-05 0.0000000e+00 
3.9608218e-05 -3.2372773e-05 0.0000000e+00 
1.3553537e-05 1.4053658e-06 0.0000000e+00 
1.4323741e-06 2.0885374e-05 0.0000000e+00 
5.8843289e-06 1.0452466e-05 0.0000000e+00 
2.8674025e-05 -3.4588214e-05 0.0000000e+00 
-8.7628141e-06 9.6308067e-06 0.0000000e+00 
-3.3527613e-08 -4.3851323e-06 0.0000000e+00 
1.5775673e-05 -1.7301179e-05 0.0000000e+00 
-3.2561366e-06 -4.8764050e-05 0.0000000e+00 
-4.8838556e-06 1.1024997e-05 0.0000000e+00 
-1.9406900e-05 2.4973880e-05 0.0000000e+00 
6.0875900e-06 1.1370750e-05 0.0000000e+00 
-1.6875565e-05 1.9358704e-05 0.0000000e+00 
-1.9774045e-05 5.0498973e-05 0.0000000e+00 
1.5316531e-05 -4.1905791e-05 0.0000000e+00 
9.4287097e-06 -4.8560090e-05 0.0000000e+00 
1.5533529e-05 2.5084242e-05 0.0000000e+00 
1.8840656e-06 -1.0934658e-05 0.0000000e+00 
3.0794181e-05 -5.2606687e-05 0.0000000e+00 
-4.3792184e-05 5.9767626e-05 0.0000000e+00 
-1.3680197e-05 3.0374154e-05 0.0000000e+00 
-2.1093991e-05 -9.6461736e-07 0.0000000e+00 
1.3013370e-05 -2.7209055e-05 0.0000000e+00 
-2.3968518e-05 3.4010038e-05 0.0000000e+00 
7.8472774e-05 -9.6245669e-05 0.0000000e+00 
-5.7687052e-05 7.0563518e-05 0.0000000e+00 
3.3325516e-05 -6.3000596e-05 0.0000000e+00 
1.9248109e-05 -1.3045035e-05 0.0000000e+00 
-1.9699335e-05 9.6152071e-06 0.0000000e+00 
-2.4079345e-06 -2.2025779e-06 0.0000000e+00 
-1.5362166e-05 2.9060757e-06 0.0000000e+00 
-9.9427998e-06 3.1064497e-05 0.0000000e+00 
4.0044077e-05 -4.9162307e-05 0.0000000e+00 
2.2072345e-05 -5.2191317e-06 0.0000000e+00 
3.5618648e+07 -4.0065278e+05 0.0000000e+00 
1.1610799e-05 -3.7727412e-05 0.0000000e+00 
1.0565302e-05 -4.4173416e-05 0.0000000e+00 
6.8163499e-06 -1.1471333e-05 0.0000000e+00 
2.1675602e-05 -2.7881004e-05 0.0000000e+00 
1.0457821e-05 -1.0958101e-05 0.0000000e+00 
-1.6901642e-05 2.1914952e-05 0.0000000e+00 
1.9710511e-05 -5.4295640e-05 0.0000000e+00 
-5.0254166e-06 -8.6296350e-06 0.0000000e+00 
5.1198527e-05 -2.1114014e-05 0.0000000e+00 
-1.7669052e-05 2.0232983e-05 0.0000000e+00 
-3.6521815e-05 6.9015892e-05 0.0000000e+00 
2.6756898e-05 -3.4708530e-05 0.0000000e+00 
4.1288324e-05 -5.7128258e-05 0.0000000e+00 
-8.4396452e-06 4.5950874e-06 0.0000000e+00 
1.6921200e-05 -1.6207807e-05 0.0000000e+00 
3.8343482e-05 -5.7327561e-05 0.0000000e+00 
-3.0827592e-05 4.4146378e-05 0.0000000e+00 
1.0491349e-05 -3.8800295e-05 0.0000000e+00 
9.5758587e-06 -2.3460481e-05 0.0000000e+00 
3.2689422e-07 -1.4163670e-05 0.0000000e+00 
-1.2151897e-05 2.8401613e-05 0.0000000e+00 
3.7271529e-05 -8.3239749e-05 0.0000000e+00 
-1.8568709e-05 4.4596381e-05 0.0000000e+00 
-2.9920600e-05 4.0946994e-05 0.0000000e+00 
7.6927245e-06 -4.5332592e-05 0.0000000e+00 
4.0819403e-05 -6.5379078e-05 0.0000000e+00 
-6.3437968e-05 5.6652352e-05 0.0000000e+00 
1.8182676e-05 -1.3868907e-05 0.0000000e+00 
4.3979846e-05 -6.5402826e-05 0.0000000e+00 
-4.3530017e-06 -6.8433583e-06 0.0000000e+00 
-2.5948044e-05 2.4190173e-05 0.0000000e+00 
-2.8315000e-05 6.5349974e-05 0.0000000e+00 
9.0058893e-07 -5.2060932e-06 0.0000000e+00 
-2.0700507e-05 1.1315104e-05 0.0000000e+00 
2.4605542e-05 -3.6713667e-05 0.0000000e+00 
-1.2290664e-05 -3.7890859e-06 0.0000000e+00 
-9.6075237e-06 -1.9771978e-06 0.0000000e+00 
1.4559133e-05 -4.5670895e-06 0.0000000e+00 
9.9688768e-06 -2.3788307e-06 0.0000000e+00 
-1.7136335e-05 4.1923020e-05 0.0000000e+00 
-1.1056662e-05 6.8233465e-05 0.0000000e+00 
-1.0743272e-05 3.0229799e-05 0.0000000e+00 
-8.8680536e-06 1.7867424e-05 0.0000000e+00 
-1.5446334e-05 2.8831608e-05 0.0000000e+00 
-1.7351937e-05 2.2874912e-05 0.0000000e+00 
-7.6182187e-07 1.2181699e-06 0.0000000e+00 
-9.7230077e-07 1.7458573e-05 0.0000000e+00 
-3.1644478e-05 5.5342447e-05 0.0000000e+00 
3.6547426e-06 -3.5117962e-05 0.0000000e+00 
-4.0192157e-05 4.4949353e-05 0.0000000e+00 
4.2496249e-05 -8.0177560e-05 0.0000000e+00 
5.2838586e-06 -4.8272777e-06 0.0000000e+00 
-3.7842430e-05 4.7354493e-05 0.0000000e+00 
-1.4947727e-05 2.8386014e-05 0.0000000e+00 
1.3580546e-05 -3.1752512e-05 0.0000000e+00 
-4.6391971e-05 3.5422388e-05 0.0000000e+00 
-8.3241612e-06 4.7125854e-05 0.0000000e+00 
1.1476688e-05 -1.2944452e-05 0.0000000e+00 
4.4348468e+07 5.2078730e+06 0.0000000e+00 
-4.2684376e-05 9.0550398e-05 0.0000000e+00 
-8.2741491e-05 7.0795417e-05 0.0000000e+00 
5.2641844e-06 -1.4791149e-06 0.0000000e+00 
2.0354055e-05 -5.0122850e-05 0.0000000e+00 
-3.9324164e-05 4.4705113e-05 0.0000000e+00 
-3.3473596e-05 1.5644589e-05 0.0000000e+00 
2.3618340e-05 -6.9371657e-05 0.0000000e+00 
-3.0812807e-06 -1.6403850e-05 0.0000000e+00 
-1.9608997e-06 4.9421797e-05 0.0000000e+00 
-2.9699877e-05 1.1054799e-06 0.0000000e+00 
-1.1723489e-05 1.4731195e-05 0.0000000e+00 
-9.2014670e-07 3.7847552e-05 0.0000000e+00 
-1.1431053e-05 3.2356475e-05 0.0000000e+00 
2.8270297e-05 -3.7516293e-05 0.0000000e+00 
-9.6545555e-06 4.0750019e-06 0.0000000e+00 
-4.3730251e-05 3.4878030e-05 0.0000000e+00 
1.2491364e-05 -7.9278834e-07 0.0000000e+00 
3.2734592e-05 -3.4339726e-05 0.0000000e+00 
-4.6910718e-05 6.2802806e-05 0.0000000e+00 
-5.8604404e-05 3.3911318e-05 0.0000000e+00 
-6.3516200e-07 -3.0766241e-06 0.0000000e+00 
-1.4476478e-05 5.7865866e-05 0.0000000e+00 
-1.1054217e-05 2.9246556e-05 0.0000000e+00 
-9.8161399e-06 -1.0013115e-05 0.0000000e+00 
2.9026123e-05 -4.1387510e-05 0.0000000e+00 
-7.0650131e-06 -3.6112033e-05 0.0000000e+00 
3.0418858e-05 -3.1707808e-05 0.0000000e+00 
-1.2232689e-05 8.3688792e-06 0.0000000e+00 
-7.8505836e-06 -3.6652200e-06 0.0000000e+00 
5.1986426e-06 5.6554563e-07 0.0000000e+00 
4.3818727e-06 -5.6984136e-05 0.0000000e+00 
1.7127022e-06 -4.5071356e-06 0.0000000e+00 
6.4577907e-06 -3.6981073e-05 0.0000000e+00 
-1.7499551e-05 4.7071371e-05 0.0000000e+00 
6.1672181e-06 -8.5337088e-06 0.0000000e+00 
-3.0826777e-06 6.6924840e-06 0.0000000e+00 
-1.3316050e-05 4.1018706e-05 0.0000000e+00 
4.3325126e-06 -2.0391541e-05 0.0000000e+00 
9.2564151e-06 -2.8251205e-05 0.0000000e+00 
5.2768737e-05 -6.8580266e-05 0.0000000e+00 
1.9175466e-05 -2.5103800e-05 0.0000000e+00 
6.4373016e-06 -3.8573518e-05 0.0000000e+00 
1.5899539e-05 7.9134479e-06 0.0000000e+00 
1.1652242e-05 -1.7918646e-05 0.0000000e+00 
2.1047890e-05 -2.1085143e-05 0.0000000e+00 
-1.9794330e-05 3.1310599e-05 0.0000000e+00 
4.6801753e-05 -7.3907897e-05 0.0000000e+00 
2.0580017e-05 -5.6934543e-05 0.0000000e+00 
1.6216538e-05 -2.8123628e-05 0.0000000e+00 
2.8796494e-06 -1.2146309e-05 0.0000000e+00 
2.4177134e-06 -3.1452626e-05 0.0000000e+00 
-1.4671125e-05 7.4198470e-06 0.0000000e+00 
3.3300836e-05 -9.3975337e-05 0.0000000e+00 
1.4755875e-05 -1.8710271e-05 0.0000000e+00 
-2.4999958e-05 5.6307763e-06 0.0000000e+00 
-1.3053417e-05 -2.1207146e-05 0.0000000e+00 
2.7666800e-05 -3.3192802e-05 0.0000000e+00 
3.3032149e-05 -7.4502546e-05 0.0000000e+00 
2.6053749e-05 -4.5516063e-05 0.0000000e+00 
-2.9602088e-05 6.1873347e-05 0.0000000e+00 
-5.7989731e-05 6.4490654e-05 0.0000000e+00 
2.3269095e-06 2.1034386e-05 0.0000000e+00 
-2.3016706e-05 7.1235001e-05 0.0000000e+00 
9.2056580e-05 -8.4146857e-05 0.0000000e+00 
-1.4135876e-06 6.4193737e-06 0.0000000e+00 
6.3939872e+07 -2.8219272e+07 0.0000000e+00 
8.1742182e-06 -4.3902546e-06 0.0000000e+00 
-1.1014985e-05 2.7977279e-05 0.0000000e+00 
1.4273450e-05 -1.0347925e-05 0.0000000e+00 
1.9399449e-05 -3.8197730e-05 0.0000000e+00 
-1.1561438e-05 2.6992057e-05 0.0000000e+00 
2.4432549e-05 -4.8927963e-05 0.0000000e+00 
-4.7078356e-05 4.3280423e-05 0.0000000e+00 
3.6645681e-05 -1.6530044e-05 0.0000000e+00 
2.3273751e-06 1.1377037e-05 0.0000000e+00 
-2.8682873e-05 4.3708831e-05 0.0000000e+00 
5.3355470e-06 -2.0271167e-05 0.0000000e+00 
8.9108944e-06 -4.6869740e-05 0.0000000e+00 
7.7732839e-06 -9.7416341e-06 0.0000000e+00 
-3.0159950e-05 4.5978464e-05 0.0000000e+00 
-2.6580878e-05 1.3681129e-05 0.0000000e+00 
4.3596141e-05 -2.4862587e-05 0.0000000e+00 
1.5763566e-05 -2.7182512e-05 0.0000000e+00 
-3.0511059e-05 4.2789150e-05 0.0000000e+00 
1.0661781e-05 1.1250377e-05 0.0000000e+00 
-2.3059547e-06 -1.4819670e-06 0.0000000e+00 
1.6876031e-05 -4.6869740e-05 0.0000000e+00 
-3.1257048e-05 2.6226277e-05 0.0000000e+00 
-3.8938597e-06 7.4706040e-06 0.0000000e+00 
-4.3847132e-05 7.2579016e-05 0.0000000e+00 
-1.5597790e-05 2.6002643e-05 0.0000000e+00 
-1.6806647e-05 9.8161399e-07 0.0000000e+00 
4.5672059e-06 -9.3020499e-06 0.0000000e+00 
-4.0240935e-05 4.6867528e-05 0.0000000e+00 
-3.9190054e-06 -2.0823441e-05 0.0000000e+00 
3.0975789e-06 2.3091212e-05 0.0000000e+00 
1.8295832e-05 -3.2574404e-05 0.0000000e+00 
-3.2460317e-05 5.2371761e-05 0.0000000e+00 
1.6374514e-05 -7.7102799e-05 0.0000000e+00 
-7.8906305e-06 6.8712980e-06 0.0000000e+00 
-1.1942815e-05 4.3547014e-05 0.0000000e+00 
-8.5104257e-06 4.8098154e-06 0.0000000e+00 
-4.1756779e-05 3.8603321e-06 0.0000000e+00 
4.6073459e-05 -4.3712091e-05 0.0000000e+00 
2.1010637e-06 6.8116933e-06 0.0000000e+00 
1.7441809e-05 -6.1764382e-05 0.0000000e+00 
-1.4100224e-05 5.1178038e-05 0.0000000e+00 
1.2028031e-05 -4.4454937e-05 0.0000000e+00 
8.9365640e-06 -3.3912249e-05 0.0000000e+00 
-6.4979307e-05 6.2756240e-05 0.0000000e+00 
-4.4362387e-06 -1.3487064e-05 0.0000000e+00 
-2.8349459e-05 3.6731828e-05 0.0000000e+00 
2.4692854e-05 -4.3160864e-05 0.0000000e+00 
-1.5356578e-05 2.1201093e-05 0.0000000e+00 
-2.9506162e-05 1.9863248e-05 0.0000000e+00 
2.5225338e-05 -5.6768302e-05 0.0000000e+00 
-1.6359612e-05 -1.0700896e-06 0.0000000e+00 
-5.4053962e-06 1.5201978e-05 0.0000000e+00 
-2.0865351e-05 4.9528200e-05 0.0000000e+00 
1.9876286e-05 -6.9366302e-05 0.0000000e+00 
2.1637185e-05 -5.6140358e-05 0.0000000e+00 
-9.2256814e-06 -1.2698583e-05 0.0000000e+00 
1.1437573e-05 -1.9675877e-05 0.0000000e+00 
-4.4174958e-05 6.3650310e-05 0.0000000e+00 
-1.2572855e-05 -2.2724271e-07 0.0000000e+00 
2.3053028e-05 -1.4096964e-05 0.0000000e+00 
4.2663887e-06 1.6228296e-05 0.0000000e+00 
3.2865370e-05 -5.5238663e-05 0.0000000e+00 
3.5522506e-05 -2.5127083e-06 0.0000000e+00 
-2.5313348e-06 -1.6386621e-05 0.0000000e+00 
-1.3925135e-05 1.1354685e-05 0.0000000e+00 
-2.1502376e-05 4.1290186e-05 0.0000000e+00 
1.2712553e-06 1.3014302e-05 0.0000000e+00 
-9.2349946e-06 3.9152801e-06 0.0000000e+00 
-6.9495291e-06 -2.4419278e-06 0.0000000e+00 
2.3686327e-05 -8.3307619e-05 0.0000000e+00 
-1.3228506e-05 -9.9772587e-06 0.0000000e+00 
1.0455027e-05 6.2957406e-06 0.0000000e+00 
-2.2243708e-05 2.0504929e-05 0.0000000e+00 
1.3533980e-05 -9.1083348e-06 0.0000000e+00 
9.8822638e-06 -6.4402120e-06 0.0000000e+00 
3.0209310e-05 -3.1441450e-06 0.0000000e+00 
4.3399632e-07 -2.0422507e-05 0.0000000e+00 
-2.5293324e-05 3.0746218e-05 0.0000000e+00 
3.4458935e-06 -1.9187341e-05 0.0000000e+00 
1.0546297e-05 3.4269877e-05 0.0000000e+00 
1.4051795e-05 -9.2992559e-06 0.0000000e+00 
-1.8830877e-05 3.7831138e-05 0.0000000e+00 
1.9581057e-06 -3.1385571e-07 0.0000000e+00 
1.4150515e-05 -8.1212260e-05 0.0000000e+00 
4.2127445e-05 -4.4702785e-05 0.0000000e+00 
-5.6081917e-06 1.5250174e-05 0.0000000e+00 
-2.4895649e-05 4.7214096e-05 0.0000000e+00 
1.4594174e-05 -4.0708794e-05 0.0000000e+00 
-2.4406589e-05 5.6473073e-05 0.0000000e+00 
3.9548613e-06 5.1467097e-05 0.0000000e+00 
-2.6782975e-05 8.5175969e-05 0.0000000e+00 
-1.5014783e-05 3.2540411e-05 0.0000000e+00 
3.6659651e-05 -2.9877294e-05 0.0000000e+00 
-4.9797585e-05 7.9191523e-05 0.0000000e+00 
-1.1870638e-05 -2.5276560e-05 0.0000000e+00 
5.5528246e-05 -7.3343050e-05 0.0000000e+00 
-3.9520673e-05 4.7459267e-05 0.0000000e+00 
1.8694438e-05 -1.9068830e-05 0.0000000e+00 
-2.9112212e-05 8.7898225e-06 0.0000000e+00 
1.6782898e-05 -1.5736558e-05 0.0000000e+00 
4.0104613e-05 -5.5279583e-05 0.0000000e+00 
1.9196421e-05 -5.5593438e-05 0.0000000e+00 
-1.6160309e-05 2.8235605e-05 0.0000000e+00 
1.8186402e-05 -1.1923723e-05 0.0000000e+00 
-1.3682991e-05 3.6661513e-05 0.0000000e+00 
1.7696992e-05 -1.7107464e-05 0.0000000e+00 
5.6642108e-05 -5.4558739e-05 0.0000000e+00 
-1.6095350e-05 3.2323907e-05 0.0000000e+00 
3.1152740e-06 5.4854900e-06 0.0000000e+00 
2.0023435e-08 -6.9104135e-07 0.0000000e+00 
-1.0322779e-05 2.9228162e-05 0.0000000e+00 
1.1017546e-05 -1.4637597e-05 0.0000000e+00 
-1.1709169e-05 1.4076708e-05 0.0000000e+00 
-2.6672147e-05 6.1381608e-05 0.0000000e+00 
-2.9951334e-06 1.8032268e-05 0.0000000e+00 
-1.5457161e-05 9.4324350e-06 0.0000000e+00 
-1.9724481e-05 1.4803372e-05 0.0000000e+00 
-1.7924234e-05 6.6347420e-06 0.0000000e+00 
-9.8743476e-06 4.0287385e-05 0.0000000e+00 
-3.1435397e-05 1.1055963e-05 0.0000000e+00 
-5.1978044e-05 3.3132266e-05 0.0000000e+00 
6.3277548e-05 -9.5834490e-05 0.0000000e+00 
1.3511628e-05 -3.1176955e-05 0.0000000e+00 
3.3957418e-05 -4.9183844e-05 0.0000000e+00 
3.9128819e-05 -5.0073024e-05 0.0000000e+00 
-2.1660700e-05 1.1299271e-05 0.0000000e+00 
3.8197264e-05 -5.6030229e-05 0.0000000e+00 
9.3188137e-06 -2.8634910e-05 0.0000000e+00 
-2.0931475e-06 -1.7139828e-05 0.0000000e+00 
-2.5862828e-06 2.4132431e-05 0.0000000e+00 
-1.6835518e-05 5.2029267e-05 0.0000000e+00 
-1.3310841e-05 4.1592459e-05 0.0000000e+00 
9.3281269e-06 -9.9828467e-06 0.0000000e+00 
7.3947012e-07 -3.0692667e-05 0.0000000e+00 
-1.1467258e-05 3.4643017e-05 0.0000000e+00 
-4.5899767e-05 1.9430649e-05 0.0000000e+00 
-2.6323833e-05 4.2441301e-05 0.0000000e+00 
-1.3254583e-05 1.3502315e-05 0.0000000e+00 
2.3655593e-05 -5.7877856e-05 0.0000000e+00 
6.1057508e-06 -2.1753367e-05 0.0000000e+00 
-1.8008053e-05 6.3139480e-05 0.0000000e+00 
6.9811940e-06 -4.0105544e-05 0.0000000e+00 
-2.9476476e-05 2.2856519e-05 0.0000000e+00 
-1.6978011e-05 8.4564090e-06 0.0000000e+00 
1.3377517e-05 -3.0835159e-05 0.0000000e+00 
-3.0208379e-05 1.0421500e-05 0.0000000e+00 
-5.2462798e-05 5.1482348e-05 0.0000000e+00 
-4.8428774e-07 -1.9805972e-05 0.0000000e+00 
1.6285572e-05 -5.6852528e-05 0.0000000e+00 
3.2614917e-06 1.7508864e-07 0.0000000e+00 
-2.8118491e-05 1.1264347e-05 0.0000000e+00 
9.2694536e-06 -8.4238127e-06 0.0000000e+00 
3.9650360e-05 -6.5555563e-05 0.0000000e+00 
-5.1577576e-05 5.5348966e-05 0.0000000e+00 
3.9888080e-05 -5.8357604e-05 0.0000000e+00 
1.9359868e-05 -2.3349421e-05 0.0000000e+00 
1.9907951e-05 -8.3599589e-06 0.0000000e+00 
-1.9581988e-05 2.2158958e-05 0.0000000e+00 
-5.7583675e-06 -3.8978178e-05 0.0000000e+00 
3.4279888e-05 -2.8431648e-05 0.0000000e+00 
-6.3329935e-06 4.3702312e-05 0.0000000e+00 
1.5328638e-05 8.4082130e-06 0.0000000e+00 
-8.6110085e-06 -2.0182692e-05 0.0000000e+00 
5.3337775e-05 -3.9173290e-05 0.0000000e+00 
5.4202974e-07 -6.2384643e-06 0.0000000e+00 
-8.0466270e-06 1.9752886e-05 0.0000000e+00 
3.9410777e-05 -1.4284626e-05 0.0000000e+00 
-2.3283064e-06 -4.9933325e-05 0.0000000e+00 
-8.7469816e-06 -3.8900180e-06 0.0000000e+00 
-1.6838312e-06 8.0326572e-06 0.0000000e+00 
3.1658914e-05 -4.6791974e-05 0.0000000e+00 
3.6627054e-05 -7.6144468e-05 0.0000000e+00 
1.5662983e-05 -3.2017473e-05 0.0000000e+00 
5.3710595e-05 -8.3894760e-05 0.0000000e+00 
-4.9107708e-05 6.0148537e-05 0.0000000e+00 
-3.6377460e-06 1.9586179e-05 0.0000000e+00 
-1.8829945e-05 8.8382512e-07 0.0000000e+00 
-1.9119121e-05 1.6443431e-05 0.0000000e+00 
-1.8262304e-05 4.0440354e-05 0.0000000e+00 
-4.3327454e-06 -4.9672439e-05 0.0000000e+00 
-2.7007423e-05 3.9745355e-05 0.0000000e+00 
-5.1422976e-05 3.6163256e-05 0.0000000e+00 
2.2742897e-06 -2.8034206e-05 0.0000000e+00 
-1.4397316e-05 -6.4359047e-06 0.0000000e+00 
-1.8822029e-05 4.6170782e-05 0.0000000e+00 
3.2249838e-05 -4.0847808e-05 0.0000000e+00 
-1.1239573e-04 1.1280458e-04 0.0000000e+00 
7.0203096e-06 1.5352853e-06 0.0000000e+00 
7.2949566e-05 -1.0677706e-04 0.0000000e+00 
-3.9692037e-05 2.6838854e-05 0.0000000e+00 
3.3489428e-05 -1.0952377e-04 0.0000000e+00 
7.2252005e-06 1.4859252e-05 0.0000000e+00 
-2.3164554e-05 5.4251461e-05 0.0000000e+00 
1.9263476e-05 -7.3118135e-06 0.0000000e+00 
-3.2191630e-05 4.5854133e-05 0.0000000e+00 
-4.5110923e-05 7.6620665e-05 0.0000000e+00 
-5.9832819e-05 6.4937398e-05 0.0000000e+00 
4.8056245e-07 -2.1035783e-05 0.0000000e+00 
-5.8200676e-05 4.3245731e-05 0.0000000e+00 
-2.8844923e-05 1.8023420e-05 0.0000000e+00 
-2.5768299e-05 8.1271864e-06 0.0000000e+00 
4.0512532e-05 -5.8959238e-05 0.0000000e+00 
2.6683207e-05 -1.3065292e-05 0.0000000e+00 
1.6505364e-05 -4.7160429e-05 0.0000000e+00 
6.0945749e-06 -2.5782734e-05 0.0000000e+00 
-4.7441572e-06 -1.3209414e-05 0.0000000e+00 
2.7526170e-05 -6.5740896e-06 0.0000000e+00 
5.9819315e-05 -5.9541315e-05 0.0000000e+00 
-2.7160160e-05 -2.7908944e-05 0.0000000e+00 
-6.4937398e-05 7.4350275e-05 0.0000000e+00 
9.1239810e-05 -1.2784917e-04 0.0000000e+00 
1.7426908e-05 2.7418137e-06 0.0000000e+00 
-1.0781223e-06 1.3510929e-05 0.0000000e+00 
-1.1803582e-05 3.8147904e-05 0.0000000e+00 
-1.1120923e-05 -6.5528438e-06 0.0000000e+00 
-2.8718263e-05 6.0061458e-05 0.0000000e+00 
-2.0841137e-05 7.4562617e-05 0.0000000e+00 
-2.1455751e-05 4.3479144e-05 0.0000000e+00 
-1.8393621e-06 -3.8743019e-06 0.0000000e+00 
8.6440705e-05 -8.0866739e-05 0.0000000e+00 
2.0418316e-05 -4.6035741e-05 0.0000000e+00 
1.2286939e-05 6.1783940e-06 0.0000000e+00 
-8.4899366e-06 -1.3539102e-05 0.0000000e+00 
-2.0056963e-05 3.6804471e-05 0.0000000e+00 
-1.0145828e-05 2.6219524e-05 0.0000000e+00 
-4.1406602e-06 1.3191253e-05 0.0000000e+00 
1.7680693e-05 -4.1595194e-05 0.0000000e+00 
1.2462959e-05 -1.2453645e-05 0.0000000e+00 
1.6689301e-05 -3.6483863e-05 0.0000000e+00 
3.3651944e-05 -1.9633211e-05 0.0000000e+00 
3.7665712e-05 -6.9610542e-05 0.0000000e+00 
-5.4763630e-05 4.4382177e-05 0.0000000e+00 
1.3439916e-05 -3.2959972e-05 0.0000000e+00 
1.1558644e-05 1.9175466e-05 0.0000000e+00 
-3.8766302e-08 -4.1012303e-05 0.0000000e+00 
-4.0740706e-05 4.7693029e-05 0.0000000e+00 
-4.2696483e-05 3.1361706e-05 0.0000000e+00 
-2.0023435e-05 1.4479272e-05 0.0000000e+00 
-4.3652020e-05 9.9556753e-05 0.0000000e+00 
-1.5554484e-05 2.2196240e-05 0.0000000e+00 
-7.0016831e-06 -1.6596168e-05 0.0000000e+00 
-1.9082800e-06 -1.4923513e-05 0.0000000e+00 
1.6506761e-05 -4.1613821e-05 0.0000000e+00 
4.6690926e-05 -4.2418949e-05 0.0000000e+00 
-3.9970968e-05 3.8075261e-05 0.0000000e+00 
-6.3295476e-05 6.0217455e-05 0.0000000e+00 
2.5069225e-05 -1.5123514e-05 0.0000000e+00 
1.8440187e-06 4.6724454e-06 0.0000000e+00 
2.3934990e-06 2.4818582e-06 0.0000000e+00 
-3.9605424e-05 6.0611404e-05 0.0000000e+00 
-7.9381280e-06 2.6870519e-05 0.0000000e+00 
-1.0653748e-05 2.1137537e-05 0.0000000e+00 
-3.6954880e-06 4.0010549e-05 0.0000000e+00 
1.0746438e-04 -1.0636821e-04 0.0000000e+00 
-1.3654411e-05 2.7405447e-05 0.0000000e+00 
-3.8603786e-05 2.4965499e-05 0.0000000e+00 
6.0801394e-06 -2.3536617e-05 0.0000000e+00 
7.2504394e-05 -3.9892271e-05 0.0000000e+00 
-1.4686957e-05 1.6285572e-05 0.0000000e+00 
-1.6175210e-05 1.2082048e-05 0.0000000e+00 
1.1552591e-05 -1.7057173e-06 0.0000000e+00 
-1.1903932e-05 3.8035680e-05 0.0000000e+00 
1.8176623e-05 -2.4412759e-05 0.0000000e+00 
-2.4265610e-05 2.9294519e-05 0.0000000e+00 
2.2890046e-05 1.8070452e-05 0.0000000e+00 
2.8088689e-05 -6.0024206e-05 0.0000000e+00 
8.5588545e-07 -4.0560029e-05 0.0000000e+00 
-1.7431797e-05 4.4808025e-05 0.0000000e+00 
-2.0559877e-05 5.6528253e-05 0.0000000e+00 
1.1157244e-05 -1.8056016e-05 0.0000000e+00 
1.4543533e-05 -4.5849942e-05 0.0000000e+00 
-1.7726794e-05 -2.1717511e-05 0.0000000e+00 
-3.2661483e-06 2.2716355e-05 0.0000000e+00 
-8.4247440e-06 3.4701312e-05 0.0000000e+00 
2.6195077e-05 -3.5012927e-05 0.0000000e+00 
-2.8868439e-05 1.7225742e-05 0.0000000e+00 
2.5223009e-05 -2.8922223e-05 0.0000000e+00 
1.2899749e-05 -7.7187957e-05 0.0000000e+00 
-9.0316869e-05 1.0207575e-04 0.0000000e+00 
7.2084367e-06 -3.9679464e-05 0.0000000e+00 
1.2204982e-05 -3.8020313e-05 0.0000000e+00 
1.6724225e-05 -3.8447790e-05 0.0000000e+00 
3.8991682e-05 -2.9997434e-05 0.0000000e+00 
1.1912431e-05 -3.9316947e-05 0.0000000e+00 
7.4579380e-05 -1.5587546e-05 0.0000000e+00 
-3.0030380e-05 3.7465827e-05 0.0000000e+00 
3.2158569e-06 -4.1922089e-05 0.0000000e+00 
3.7681311e-06 2.8675422e-05 0.0000000e+00 
-4.5076013e-06 -2.5986694e-05 0.0000000e+00 
7.7276491e-06 -1.0418356e-05 0.0000000e+00 
1.7228420e-05 -2.9057264e-07 0.0000000e+00 
-3.5609119e-05 4.3619308e-05 0.0000000e+00 
-5.6006946e-05 5.2294228e-05 0.0000000e+00 
-4.9348921e-05 2.6383437e-05 0.0000000e+00 
3.5132281e-05 -1.1595897e-05 0.0000000e+00 
1.3604411e-05 -5.0629547e-05 0.0000000e+00 
-3.2167882e-06 1.2075529e-05 0.0000000e+00 
9.6145086e-05 -8.8582747e-05 0.0000000e+00 
-4.3861568e-05 6.5707136e-05 0.0000000e+00 
-2.8670765e-06 1.2279255e-05 0.0000000e+00 
2.3692846e-06 -4.3657608e-05 0.0000000e+00 
3.8123224e-05 -8.6616259e-05 0.0000000e+00 
1.8624589e-05 -2.9527582e-06 0.0000000e+00 
-1.0986812e-05 -1.1458527e-05 0.0000000e+00 
-2.0639505e-05 3.0276249e-05 0.0000000e+00 
-1.5706755e-06 -1.6013189e-05 0.0000000e+00 
3.7960708e-05 -6.5088272e-05 0.0000000e+00 
-2.2046734e-05 3.7943828e-05 0.0000000e+00 
1.5953556e-06 -1.5119556e-05 0.0000000e+00 
1.0272954e-05 -6.1943778e-05 0.0000000e+00 
-2.2514723e-07 1.1505312e-05 0.0000000e+00 
-1.3255514e-05 3.1986274e-06 0.0000000e+00 
2.9666349e-05 -1.1528190e-04 0.0000000e+00 
2.4605542e-06 2.1926593e-05 0.0000000e+00 
-1.1197291e-05 -3.0975789e-06 0.0000000e+00 
-3.5101548e-05 3.8407743e-05 0.0000000e+00 
-4.9960800e-06 1.3089390e-05 0.0000000e+00 
2.8610229e-06 -5.1632524e-06 0.0000000e+00 
2.4353154e-05 1.9103289e-05 0.0000000e+00 
8.1956387e-07 1.4612451e-05 0.0000000e+00 
6.4205014e-06 -3.2256939e-05 0.0000000e+00 
2.8067268e-05 -1.9169878e-05 0.0000000e+00 
1.3328157e-05 -3.4094788e-05 0.0000000e+00 
-2.8377399e-06 -4.2501837e-05 0.0000000e+00 
-1.9466504e-05 1.2894161e-05 0.0000000e+00 
-3.6029145e-05 2.6198570e-05 0.0000000e+00 
-1.1486933e-05 4.2050146e-05 0.0000000e+00 
1.2298580e-05 -3.0178111e-05 0.0000000e+00 
-5.2135438e-06 -4.1860156e-05 0.0000000e+00 
-4.2542815e-06 3.5965350e-05 0.0000000e+00 
-5.0125644e-05 3.5549514e-05 0.0000000e+00 
-7.8696758e-06 2.0641834e-05 0.0000000e+00 
-3.9529521e-05 1.4406396e-05 0.0000000e+00 
5.1354989e-05 -8.3929684e-05 0.0000000e+00 
4.2954925e-06 -2.8805109e-05 0.0000000e+00 
-3.9108563e-05 1.6840670e-05 0.0000000e+00 
-6.8020076e-05 1.1421042e-04 0.0000000e+00 
-1.7759390e-05 1.3763085e-05 0.0000000e+00 
7.3201954e-06 2.4461187e-06 0.0000000e+00 
-1.4444813e-06 -3.2715034e-06 0.0000000e+00 
1.3833400e-05 -2.2343360e-05 0.0000000e+00 
-1.9845553e-05 1.8246472e-05 0.0000000e+00 
9.8589808e-06 -2.5991350e-05 0.0000000e+00 
2.7100556e-05 5.4715201e-06 0.0000000e+00 
-1.7408235e-04 1.4950987e-04 0.0000000e+00 
1.1114404e-05 -1.1355150e-05 0.0000000e+00 
-2.4454668e-05 2.6282272e-05 0.0000000e+00 
2.5127083e-06 -1.0928605e-05 0.0000000e+00 
-4.7526322e-05 5.5637211e-05 0.0000000e+00 
-7.0333481e-06 2.0819250e-05 0.0000000e+00 
8.3812512e-05 -4.8848335e-05 0.0000000e+00 
-3.1466596e-05 2.5691232e-05 0.0000000e+00 
-2.8347597e-05 6.2359031e-05 0.0000000e+00 
2.8274953e-06 1.3384968e-05 0.0000000e+00 
-6.7401677e-05 6.4653344e-05 0.0000000e+00 
-2.4874462e-05 4.0733023e-05 0.0000000e+00 
-1.1533499e-05 4.0427898e-05 0.0000000e+00 
4.4880435e-06 -3.0314550e-06 0.0000000e+00 
1.3276323e-05 -2.7027912e-05 0.0000000e+00 
-3.3231452e-05 8.0994330e-05 0.0000000e+00 
1.0723248e-05 -4.1411258e-06 0.0000000e+00 
-1.8848106e-05 4.8780814e-05 0.0000000e+00 
-1.7468818e-05 -2.5415793e-06 0.0000000e+00 
-1.4973804e-05 -3.0176248e-05 0.0000000e+00 
5.1709823e-05 -5.1654875e-05 0.0000000e+00 
2.6956899e-05 -2.9376475e-05 0.0000000e+00 
2.9402785e-05 -8.2653016e-05 0.0000000e+00 
-8.1420876e-06 -1.9483268e-05 0.0000000e+00 
1.5871599e-05 -5.6042336e-05 0.0000000e+00 
-6.8014488e-06 -3.7782826e-05 0.0000000e+00 
4.2881817e-05 -6.8781403e-05 0.0000000e+00 
2.0986423e-05 -2.6064925e-05 0.0000000e+00 
4.3045729e-06 1.9711442e-05 0.0000000e+00 
8.8703819e-06 2.6961789e-07 0.0000000e+00 
3.0984171e-05 -4.3673441e-05 0.0000000e+00 
-5.4137781e-06 4.3285254e-06 0.0000000e+00 
-3.7462451e-06 2.9725954e-05 0.0000000e+00 
1.6696402e-05 -6.7231711e-05 0.0000000e+00 
2.6810216e-05 -4.0088780e-05 0.0000000e+00 
-2.6316848e-05 2.9400224e-05 0.0000000e+00 
-5.7425350e-06 -2.2752210e-06 0.0000000e+00 
-6.4573251e-06 -2.1765241e-05 0.0000000e+00 
1.4920440e-04 -1.3576820e-04 0.0000000e+00 
-3.9171427e-06 2.0211563e-05 0.0000000e+00 
1.7293816e-05 -1.4954479e-05 0.0000000e+00 
9.6941367e-06 -3.0226074e-06 0.0000000e+00 
2.4662353e-05 -4.6248548e-05 0.0000000e+00 
4.8766844e-05 -7.3396135e-05 0.0000000e+00 
-5.5395067e-06 2.8687529e-05 0.0000000e+00 
-7.6228753e-07 9.5511787e-06 0.0000000e+00 
-9.7660348e-05 5.8566686e-05 0.0000000e+00 
4.6964735e-05 -7.5425953e-05 0.0000000e+00 
3.5469420e-06 -8.3663035e-06 0.0000000e+00 
-1.1840835e-05 3.4223776e-05 0.0000000e+00 
1.7206650e-05 9.8970486e-06 0.0000000e+00 
-1.1445954e-05 9.0009999e-06 0.0000000e+00 
-3.7406571e-05 1.5450642e-05 0.0000000e+00 
2.0114705e-05 -1.9278377e-06 0.0000000e+00 
-2.9628631e-05 3.3941120e-05 0.0000000e+00 
-3.5928795e-05 4.4937711e-05 0.0000000e+00 
-1.3172626e-05 -9.2333648e-06 0.0000000e+00 
-1.0720640e-04 8.1806444e-05 0.0000000e+00 
-5.9949234e-06 2.7459115e-05 0.0000000e+00 
7.5437129e-06 -3.5491772e-05 0.0000000e+00 
1.0080636e-05 -8.7502412e-06 0.0000000e+00 
2.6851892e-05 -5.9540384e-05 0.0000000e+00 
1.5171245e-06 2.1462329e-06 0.0000000e+00 
3.2971613e-05 -8.8568777e-07 0.0000000e+00 
2.4897046e-05 -5.1635318e-05 0.0000000e+00 
-1.4674850e-05 1.7767772e-05 0.0000000e+00 
6.5845437e-05 -3.3122487e-05 0.0000000e+00 
-4.7296286e-05 9.6808653e-05 0.0000000e+00 
-3.2102864e-05 5.6011952e-05 0.0000000e+00 
-1.6059726e-05 1.9311439e-05 0.0000000e+00 
-2.4889596e-05 5.7071913e-05 0.0000000e+00 
-1.9042753e-05 1.7240993e-05 0.0000000e+00 
-1.1350028e-05 -1.2460630e-05 0.0000000e+00 
-6.8061054e-06 3.6525540e-05 0.0000000e+00 
-6.6217966e-05 9.4304793e-05 0.0000000e+00 
1.4565885e-06 -5.3478871e-06 0.0000000e+00 
3.0078925e-05 -2.5191344e-05 0.0000000e+00 
-1.1237746e-05 3.8835220e-05 0.0000000e+00 
-7.0780516e-07 -7.1688090e-05 0.0000000e+00 
-2.1930784e-05 4.7232956e-05 0.0000000e+00 
1.3500452e-05 8.1676990e-07 0.0000000e+00 
9.4249845e-07 1.7869286e-05 0.0000000e+00 
-1.8727034e-05 2.7427217e-05 0.0000000e+00 
2.3627654e-06 -1.2724660e-05 0.0000000e+00 
4.3940265e-05 -4.3613836e-06 0.0000000e+00 
-8.0815516e-06 -4.7656358e-06 0.0000000e+00 
1.1520460e-05 -4.3505337e-05 0.0000000e+00 
-5.9232116e-07 -1.5344005e-05 0.0000000e+00 
1.3999641e-05 -5.5194832e-06 0.0000000e+00 
1.2361212e-05 -6.8014546e-05 0.0000000e+00 
-1.0342454e-05 2.8002774e-05 0.0000000e+00 
-1.3233395e-05 3.3931341e-05 0.0000000e+00 
-8.3986670e-06 -2.7000206e-06 0.0000000e+00 
1.2919772e-05 -1.0179356e-05 0.0000000e+00 
-3.6011450e-05 5.9318729e-05 0.0000000e+00 
5.1417388e-05 -8.4323110e-05 0.0000000e+00 
1.0361522e-04 -6.1019324e-05 0.0000000e+00 
1.0740012e-05 -7.8070443e-06 0.0000000e+00 
4.9850438e-05 -7.0488080e-05 0.0000000e+00 
7.5735152e-06 -4.4418033e-05 0.0000000e+00 
2.6965048e-05 -5.1644631e-05 0.0000000e+00 
-3.3341057e-06 9.7380253e-06 0.0000000e+00 
2.7951086e-05 -3.6841957e-05 0.0000000e+00 
1.7890707e-06 2.6506023e-05 0.0000000e+00 
-2.9844232e-05 5.7018828e-05 0.0000000e+00 
-1.3034791e-05 -2.4237670e-05 0.0000000e+00 
-6.9790520e-05 -1.0529533e-05 0.0000000e+00 
-3.0879863e-05 1.6559148e-05 0.0000000e+00 
1.7288141e-05 -6.4876862e-05 0.0000000e+00 
-1.0350719e-05 -7.2806142e-06 0.0000000e+00 
-8.0054160e-06 -1.1225231e-05 0.0000000e+00 
-6.8293884e-06 3.8938597e-06 0.0000000e+00 
-4.7404319e-07 1.9978732e-05 0.0000000e+00 
7.4980780e-06 -2.9597431e-05 0.0000000e+00 
-1.8347055e-06 -2.8064474e-05 0.0000000e+00 
5.9886836e-05 -5.9687067e-05 0.0000000e+00 
-5.0961971e-06 5.0950795e-05 0.0000000e+00 
-2.2005290e-05 -2.4509151e-05 0.0000000e+00 
3.6664307e-05 -7.7369623e-05 0.0000000e+00 
4.7497451e-06 -1.0073185e-05 0.0000000e+00 
3.1010248e-05 -4.1825697e-05 0.0000000e+00 
-8.0596656e-06 -1.7201528e-06 0.0000000e+00 
3.6598649e-06 9.4047282e-06 0.0000000e+00 
3.9790757e-06 -5.6782505e-05 0.0000000e+00 
7.5497665e-06 -2.5209039e-05 0.0000000e+00 
-1.3180077e-05 2.8720358e-05 0.0000000e+00 
-1.5469268e-06 1.3873912e-05 0.0000000e+00 
-5.8226287e-05 7.8844605e-05 0.0000000e+00 
-2.2118911e-05 7.7052973e-05 0.0000000e+00 
-3.0389987e-05 -1.1022668e-05 0.0000000e+00 
1.1651777e-05 -1.3608951e-05 0.0000000e+00 
2.3826491e-05 -3.0518975e-05 0.0000000e+00 
4.1641295e-05 -3.6844052e-05 0.0000000e+00 
5.7058060e-06 -4.7654728e-05 0.0000000e+00 
-3.8078986e-05 6.5845903e-05 0.0000000e+00 
-3.2788143e-05 5.4761767e-07 0.0000000e+00 
8.4657222e-06 1.7564744e-06 0.0000000e+00 
-3.5393983e-05 6.0438877e-05 0.0000000e+00 
-2.6375055e-06 -1.0961201e-05 0.0000000e+00 
-3.2190699e-05 3.2582786e-05 0.0000000e+00 
1.9885600e-05 -2.3683067e-05 0.0000000e+00 
-1.2098870e-05 2.0483276e-06 0.0000000e+00 
-1.4947727e-05 5.0653704e-05 0.0000000e+00 
-8.2352199e-06 -1.2259581e-05 0.0000000e+00 
-2.6802532e-05 5.2310526e-05 0.0000000e+00 
-2.9240735e-05 2.7525704e-05 0.0000000e+00 
-1.9293278e-05 1.9690022e-05 0.0000000e+00 
1.9595376e-05 5.7850266e-06 0.0000000e+00 
3.2020733e-05 -3.8694590e-05 0.0000000e+00 
-8.2422048e-06 5.3781085e-05 0.0000000e+00 
1.9588508e-05 -6.4393971e-05 0.0000000e+00 
-1.0882970e-04 9.7801909e-05 0.0000000e+00 
-1.1833385e-05 3.2473356e-05 0.0000000e+00 
-3.1823292e-05 5.2964780e-05 0.0000000e+00 
1.2094155e-05 2.4680048e-07 0.0000000e+00 
-2.5536865e-06 -2.3061322e-05 0.0000000e+00 
-1.9707019e-05 1.6384525e-05 0.0000000e+00 
-2.8385781e-05 7.7588484e-06 0.0000000e+00 
4.5129564e-06 -1.4783349e-05 0.0000000e+00 
1.0844320e-05 -1.4635734e-06 0.0000000e+00 
5.4445118e-06 4.7218055e-06 0.0000000e+00 
-6.6830777e-05 6.4039603e-05 0.0000000e+00 
1.1552125e-05 -8.3147082e-05 0.0000000e+00 
-2.6829541e-05 3.4518074e-05 0.0000000e+00 
4.5793131e-06 1.1057331e-05 0.0000000e+00 
-3.4829602e-05 3.4541590e-05 0.0000000e+00 
-2.6704714e-05 5.1878858e-05 0.0000000e+00 
1.3540615e-05 9.9837780e-07 0.0000000e+00 
1.0290276e-04 -9.6394680e-05 0.0000000e+00 
-2.4279580e-05 2.3484230e-05 0.0000000e+00 
1.5318394e-05 3.6479905e-06 0.0000000e+00 
4.3152366e-05 -7.6454598e-05 0.0000000e+00 
7.5761694e-05 -1.0622293e-04 0.0000000e+00 
-1.9243918e-05 4.4912100e-05 0.0000000e+00 
1.9364292e-05 -5.6070858e-05 0.0000000e+00 
2.2288412e-05 -1.9727275e-05 0.0000000e+00 
2.9774383e-05 -8.0109574e-05 0.0000000e+00 
3.4322031e-05 -9.7350217e-05 0.0000000e+00 
-4.4526532e-06 -1.3312791e-05 0.0000000e+00 
-6.5360218e-06 3.3793040e-06 0.0000000e+00 
1.7803162e-05 1.6634702e-05 0.0000000e+00 
9.4939023e-05 -6.9920905e-05 0.0000000e+00 
-7.1246177e-06 4.6125147e-05 0.0000000e+00 
1.1570752e-04 -9.5813069e-05 0.0000000e+00 
-1.8170103e-06 -1.3427343e-05 0.0000000e+00 
-9.4994903e-06 3.6562327e-05 0.0000000e+00 
1.9091181e-05 -1.8127961e-05 0.0000000e+00 
8.0508180e-06 3.1842850e-05 0.0000000e+00 
-1.0543584e-04 7.9128891e-05 0.0000000e+00 
-1.2755860e-05 3.2424694e-05 0.0000000e+00 
4.0472951e-06 -4.1071326e-07 0.0000000e+00 
-2.4683774e-05 6.6565350e-05 0.0000000e+00 
-9.9847093e-06 -7.8091398e-07 0.0000000e+00 
-1.7153565e-05 -6.9090165e-06 0.0000000e+00 
2.7559930e-05 -1.8467195e-05 0.0000000e+00 
-3.3349439e-05 3.9584120e-05 0.0000000e+00 
-8.0258586e-05 1.0731257e-04 0.0000000e+00 
-1.4636200e-05 2.2273976e-05 0.0000000e+00 
-8.5377687e-06 9.7486190e-07 0.0000000e+00 
2.7744565e-05 -4.7236914e-05 0.0000000e+00 
1.6074628e-05 -1.2016855e-05 0.0000000e+00 
3.6563724e-06 2.2770837e-05 0.0000000e+00 
-3.4362078e-05 1.9307248e-05 0.0000000e+00 
-5.3271651e-06 -2.3664441e-05 0.0000000e+00 
-4.2887870e-05 2.8637704e-05 0.0000000e+00 
3.6882237e-05 -7.1432907e-05 0.0000000e+00 
-4.2893924e-05 1.0154769e-04 0.0000000e+00 
2.4197623e-05 -3.1888951e-05 0.0000000e+00 
9.0245157e-07 -1.1038501e-05 0.0000000e+00 
-1.2781704e-05 7.0231035e-06 0.0000000e+00 
3.1362288e-05 -1.2914883e-05 0.0000000e+00 
-1.2567267e-05 2.6443973e-05 0.0000000e+00 
-1.5215948e-05 2.8202776e-05 0.0000000e+00 
3.2003038e-05 -1.8852763e-05 0.0000000e+00 
-5.0233677e-05 1.9686762e-05 0.0000000e+00 
3.2648444e-05 -3.7188642e-05 0.0000000e+00 
-1.9276515e-05 1.1767261e-06 0.0000000e+00 
-2.9810704e-05 6.1048195e-06 0.0000000e+00 
-4.5597553e-06 -1.9462779e-05 0.0000000e+00 
4.4442713e-06 2.9571238e-05 0.0000000e+00 
-1.4081597e-06 2.3758039e-06 0.0000000e+00 
-4.0364452e-05 4.6984758e-05 0.0000000e+00 
-4.2058527e-06 -4.3616688e-05 0.0000000e+00 
3.4528784e-05 -2.4563633e-05 0.0000000e+00 
1.1813827e-05 -1.1459080e-05 0.0000000e+00 
1.1193799e-05 -7.4880663e-06 0.0000000e+00 
7.4328855e-06 -3.6337413e-05 0.0000000e+00 
-1.1833385e-05 6.8216585e-05 0.0000000e+00 
2.2081571e-05 -4.3560634e-05 0.0000000e+00 
4.6947971e-06 -6.0293823e-06 0.0000000e+00 
-1.5787315e-05 1.8817373e-05 0.0000000e+00 
-5.5242330e-05 9.2332717e-05 0.0000000e+00 
9.1455877e-07 -2.0917505e-06 0.0000000e+00 
4.3215696e-05 -7.3712959e-05 0.0000000e+00 
8.3995983e-06 1.6496517e-05 0.0000000e+00 
1.0135584e-05 2.2880267e-06 0.0000000e+00 
-1.9984320e-05 -1.0002870e-05 0.0000000e+00 
3.9022416e-06 4.3581240e-06 0.0000000e+00 
-5.6498684e-05 4.1507185e-05 0.0000000e+00 
4.0920451e-05 -4.1415449e-05 0.0000000e+00 
-1.2299744e-05 1.2981007e-05 0.0000000e+00 
1.0319054e-06 -7.2089024e-06 0.0000000e+00 
-3.2055192e-05 4.3016160e-05 0.0000000e+00 
-1.0894611e-05 2.1499582e-06 0.0000000e+00 
-2.8237700e-06 5.0431117e-07 0.0000000e+00 
1.2852903e-04 -1.3135560e-04 0.0000000e+00 
3.0118972e-06 -5.8469363e-05 0.0000000e+00 
-2.3291446e-05 4.4864952e-05 0.0000000e+00 
1.1418015e-06 -3.0476600e-05 0.0000000e+00 
-2.2357330e-05 3.3947174e-05 0.0000000e+00 
-5.2899122e-07 -7.8012235e-06 0.0000000e+00 
6.4357650e-05 -9.4685704e-05 0.0000000e+00 
5.3215772e-06 -1.3476703e-05 0.0000000e+00 
-1.2945384e-07 -1.7957529e-05 0.0000000e+00 
-2.4089357e-05 -1.8270221e-06 0.0000000e+00 
3.2429583e-05 -4.6131434e-05 0.0000000e+00 
1.6854610e-05 -6.3248444e-06 0.0000000e+00 
-3.3090357e-05 1.2874953e-05 0.0000000e+00 
1.1844561e-05 -4.4580549e-05 0.0000000e+00 
2.5833026e-05 -1.2114178e-05 0.0000000e+00 
-1.0479242e-05 1.7827377e-05 0.0000000e+00 
6.2645413e-05 -1.1001108e-04 0.0000000e+00 
1.5303027e-05 -1.8988270e-05 0.0000000e+00 
-5.4430537e-05 5.6488672e-05 0.0000000e+00 
-8.7656081e-06 2.0630658e-05 0.0000000e+00 
2.8312206e-07 -4.6299770e-05 0.0000000e+00 
-1.4975667e-06 3.9311592e-05 0.0000000e+00 
3.4454279e-05 -4.5256224e-05 0.0000000e+00 
3.0148309e-05 -2.4010893e-05 0.0000000e+00 
-1.4393590e-05 8.3609484e-06 0.0000000e+00 
-3.3779419e-05 4.8495363e-05 0.0000000e+00 
-1.5094446e-04 1.6214140e-04 0.0000000e+00 
1.2629479e-04 -8.2391314e-05 0.0000000e+00 
-4.8798043e-05 2.6679831e-05 0.0000000e+00 
-8.6464919e-05 1.1883397e-04 0.0000000e+00 
5.7150144e-05 -4.4735614e-05 0.0000000e+00 
1.0053627e-05 -5.4087490e-05 0.0000000e+00 
-2.7016737e-05 3.4863595e-05 0.0000000e+00 
2.4299836e-05 -4.1096704e-05 0.0000000e+00 
-6.5952539e-05 7.6653436e-05 0.0000000e+00 
-1.3494864e-05 2.5289133e-05 0.0000000e+00 
1.2199045e-05 -4.9476977e-05 0.0000000e+00 
-6.3981861e-06 -1.3214536e-05 0.0000000e+00 
-3.4533441e-05 6.7643065e-05 0.0000000e+00 
-2.7921051e-05 3.3564400e-05 0.0000000e+00 
8.6966902e-06 -2.0681415e-05 0.0000000e+00 
4.9440190e-05 -2.0502601e-05 0.0000000e+00 
-7.2859693e-05 9.3911774e-05 0.0000000e+00 
-2.0176172e-05 3.4716912e-05 0.0000000e+00 
-9.2694536e-06 1.3966113e-05 0.0000000e+00 
-5.5730343e-06 -2.1076761e-05 0.0000000e+00 
-7.9455785e-06 -3.9523467e-05 0.0000000e+00 
1.0573491e-04 -1.2033153e-04 0.0000000e+00 
1.9299332e-05 -2.4230045e-05 0.0000000e+00 
-1.7698854e-05 1.0491814e-05 0.0000000e+00 
-3.5821926e-05 1.9302592e-05 0.0000000e+00 
-2.6287977e-05 3.2985816e-05 0.0000000e+00 
1.8840365e-05 -2.3890287e-05 0.0000000e+00 
-8.6426735e-07 -1.9010156e-05 0.0000000e+00 
5.2655116e-05 -8.5024163e-05 0.0000000e+00 
-3.4738332e-06 1.4597084e-05 0.0000000e+00 
-3.2154843e-05 1.1753757e-05 0.0000000e+00 
2.2853725e-05 -7.6126773e-05 0.0000000e+00 
-1.5066005e-05 -2.3157336e-05 0.0000000e+00 
-9.5684081e-06 4.8857648e-05 0.0000000e+00 
1.2905337e-05 -3.3363700e-05 0.0000000e+00 
-5.8826990e-05 1.0395749e-04 0.0000000e+00 
-3.0421652e-05 -3.8417056e-07 0.0000000e+00 
-4.1765627e-05 6.1857980e-05 0.0000000e+00 
-8.6538494e-06 3.0694762e-05 0.0000000e+00 
6.3977204e-06 -1.5879050e-06 0.0000000e+00 
4.1679479e-05 -3.1084754e-05 0.0000000e+00 
1.8235296e-05 -3.5330886e-06 0.0000000e+00 
-4.2307656e-05 2.3376429e-05 0.0000000e+00 
2.1717511e-05 -2.0952430e-05 0.0000000e+00 
-7.2410330e-05 6.3954853e-05 0.0000000e+00 
-2.6467256e-05 2.2808556e-05 0.0000000e+00 
2.8966460e-05 -8.8954286e-05 0.0000000e+00 
3.7724152e-05 -3.4241937e-05 0.0000000e+00 
2.9072864e-05 -6.7433808e-05 0.0000000e+00 
-3.9782492e-05 8.1862789e-05 0.0000000e+00 
3.0263327e-06 -1.1952128e-05 0.0000000e+00 
-1.6996637e-05 4.8939837e-05 0.0000000e+00 
2.7541610e-05 -6.1551109e-05 0.0000000e+00 
3.9413571e-06 -7.6815486e-06 0.0000000e+00 
7.8489073e-05 -7.5892545e-05 0.0000000e+00 
2.0930078e-05 -2.6359688e-05 0.0000000e+00 
-3.3886172e-06 -3.6604120e-05 0.0000000e+00 
-1.3564248e-05 -1.9402942e-05 0.0000000e+00 
7.3477160e-05 -1.1948682e-04 0.0000000e+00 
1.1641532e-08 -2.0738225e-05 0.0000000e+00 
-1.9496307e-05 -2.2384338e-06 0.0000000e+00 
6.4522028e-06 -5.7481229e-05 0.0000000e+00 
1.4224090e-05 -2.7496833e-05 0.0000000e+00 
3.2561366e-05 -7.1020797e-05 0.0000000e+00 
-7.5623393e-06 1.4041550e-05 0.0000000e+00 
6.2510138e-05 -8.2164072e-05 0.0000000e+00 
-3.7160702e-05 2.9748480e-05 0.0000000e+00 
-4.2765401e-05 3.0200928e-05 0.0000000e+00 
-4.7517940e-05 3.1013042e-05 0.0000000e+00 
-2.6698224e-05 8.7106135e-05 0.0000000e+00 
8.3249062e-05 -3.6661513e-05 0.0000000e+00 
2.1671411e-05 -2.9273331e-05 0.0000000e+00 
-8.0931932e-06 4.9092341e-05 0.0000000e+00 
-8.6367130e-05 9.9693425e-05 0.0000000e+00 
-3.3237040e-05 8.7433960e-05 0.0000000e+00 
1.7079059e-05 -2.9039104e-05 0.0000000e+00 
-4.5436900e-05 7.9233665e-05 0.0000000e+00 
4.3092296e-05 -4.6397094e-05 0.0000000e+00 
-1.7028302e-05 1.5161000e-05 0.0000000e+00 
-2.9048184e-05 3.3432851e-05 0.0000000e+00 
4.1890889e-06 -1.4032237e-05 0.0000000e+00 
1.6345119e-05 -2.8061215e-05 0.0000000e+00 
9.2927366e-06 -2.1322514e-05 0.0000000e+00 
-1.7624785e-05 2.5458634e-05 0.0000000e+00 
-1.4858786e-04 1.5500560e-04 0.0000000e+00 
1.4007650e-04 -1.0694284e-04 0.0000000e+00 
1.9159634e-06 1.4129095e-05 0.0000000e+00 
-2.6008114e-05 -1.5702099e-06 0.0000000e+00 
-1.9920524e-05 3.6293641e-05 0.0000000e+00 
4.4089742e-05 -6.3053332e-05 0.0000000e+00 
7.4128620e-05 -8.5247215e-05 0.0000000e+00 
-6.9662929e-06 3.9952109e-05 0.0000000e+00 
-1.8747523e-06 -2.9667281e-05 0.0000000e+00 
-3.3627264e-05 1.7996412e-05 0.0000000e+00 
1.1436641e-06 1.2401026e-05 0.0000000e+00 
-2.8925017e-05 2.4955021e-05 0.0000000e+00 
3.3232849e-05 4.6887435e-06 0.0000000e+00 
-2.2935681e-05 2.0806678e-05 0.0000000e+00 
2.2901222e-06 -4.0923245e-05 0.0000000e+00 
-5.2177347e-06 3.5455276e-05 0.0000000e+00 
-4.8489310e-05 4.2717438e-05 0.0000000e+00 
-1.2820121e-05 -2.9124785e-05 0.0000000e+00 
3.4472905e-06 -1.6862992e-05 0.0000000e+00 
7.7858567e-07 9.9269673e-06 0.0000000e+00 
1.0648277e-04 -1.5071221e-04 0.0000000e+00 
-2.0815060e-05 6.8886206e-05 0.0000000e+00 
7.9320744e-06 -5.9911981e-06 0.0000000e+00 
3.4701079e-05 -4.9255323e-05 0.0000000e+00 
7.9683959e-06 -3.0516647e-05 0.0000000e+00 
-3.9245933e-06 5.6561548e-05 0.0000000e+00 
-4.1293912e-05 2.1958724e-05 0.0000000e+00 
-4.1771447e-05 6.9649890e-05 0.0000000e+00 
-4.9044378e-05 4.0477840e-05 0.0000000e+00 
2.1836051e-05 -3.0593714e-05 0.0000000e+00 
-4.3171458e-06 2.0069536e-05 0.0000000e+00 
3.6284793e-05 -4.6625501e-05 0.0000000e+00 
-2.2511464e-05 8.9213136e-06 0.0000000e+00 
-1.9221567e-05 6.6086650e-06 0.0000000e+00 
1.6612234e-05 -1.1495315e-05 0.0000000e+00 
-2.1162676e-05 3.0766241e-05 0.0000000e+00 
2.7868897e-05 -5.7595316e-06 0.0000000e+00 
-3.3862889e-05 2.0453706e-05 0.0000000e+00 
4.4258311e-05 -2.5190413e-05 0.0000000e+00 
-5.4672360e-05 2.9596966e-05 0.0000000e+00 
-2.0669773e-05 5.2296091e-05 0.0000000e+00 
-3.9241742e-05 2.5437213e-05 0.0000000e+00 
2.8305221e-05 -5.5178156e-05 0.0000000e+00 
-4.4950284e-05 3.2722950e-05 0.0000000e+00 
4.9760565e-06 4.1785650e-05 0.0000000e+00 
-5.0890259e-05 7.6305121e-05 0.0000000e+00 
8.4629282e-06 -1.1384487e-05 0.0000000e+00 
4.6249479e-06 -5.2301679e-05 0.0000000e+00 
8.6948276e-06 2.3415312e-05 0.0000000e+00 
-1.5103258e-05 2.9905699e-05 0.0000000e+00 
4.8449263e-05 -7.4530486e-05 0.0000000e+00 
6.8722293e-06 -2.5028363e-05 0.0000000e+00 
2.1462329e-05 -5.5308454e-05 0.0000000e+00 
5.7175756e-05 -4.4378918e-05 0.0000000e+00 
2.9021874e-05 -4.2562257e-05 0.0000000e+00 
-3.9764214e-05 5.6754798e-05 0.0000000e+00 
5.3239288e-05 -9.8905759e-05 0.0000000e+00 
1.9711442e-06 5.4920092e-06 0.0000000e+00 
8.6527434e-06 -2.1314481e-06 0.0000000e+00 
7.6987781e-05 -8.5690990e-05 0.0000000e+00 
5.7406723e-06 -2.1699932e-05 0.0000000e+00 
-3.5005622e-05 1.8965453e-05 0.0000000e+00 
1.5054131e-05 -5.6069344e-05 0.0000000e+00 
-7.7076256e-06 -1.6982667e-06 0.0000000e+00 
-3.3769757e-06 5.5223238e-05 0.0000000e+00 
-2.0069070e-05 2.0756037e-05 0.0000000e+00 
1.4645047e-05 -3.3723190e-05 0.0000000e+00 
-5.8719888e-06 -1.8894905e-05 0.0000000e+00 
2.0171516e-05 -4.1908119e-05 0.0000000e+00 
-6.3534826e-06 2.0818785e-05 0.0000000e+00 
4.2412430e-06 -3.0779280e-05 0.0000000e+00 
2.6850030e-06 -1.5211292e-05 0.0000000e+00 
2.3865257e-05 -6.1119208e-05 0.0000000e+00 
-1.0235608e-04 8.5633248e-05 0.0000000e+00 
-9.9232420e-06 7.2414987e-06 0.0000000e+00 
-5.3577125e-05 6.5588596e-05 0.0000000e+00 
-1.0624994e-05 3.8115308e-05 0.0000000e+00 
3.7858728e-05 -8.3484687e-05 0.0000000e+00 
3.5511330e-05 -6.7350455e-05 0.0000000e+00 
-2.6845373e-05 1.4790334e-05 0.0000000e+00 
-5.2964315e-06 -9.1763213e-06 0.0000000e+00 
1.8078834e-05 3.7043355e-05 0.0000000e+00 
5.2750111e-06 -1.7583370e-06 0.0000000e+00 
-1.6930513e-05 5.1660230e-05 0.0000000e+00 
3.6926009e-05 -4.5004766e-05 0.0000000e+00 
-3.3579767e-05 1.0945369e-05 0.0000000e+00 
1.0043103e-04 -6.9097150e-05 0.0000000e+00 
7.5558200e-06 -8.6473301e-06 0.0000000e+00 
-2.5206245e-05 -1.1279248e-05 0.0000000e+00 
-1.8850289e-05 -1.0797987e-05 0.0000000e+00 
-8.2923099e-05 1.0091183e-04 0.0000000e+00 
1.9785948e-05 -7.3583797e-06 0.0000000e+00 
2.5440939e-05 -2.0145439e-05 0.0000000e+00 
-2.1351501e-05 5.1477458e-05 0.0000000e+00 
-9.7970478e-06 -7.3790434e-06 0.0000000e+00 
-7.1758404e-05 7.0787966e-05 0.0000000e+00 
-2.7216040e-05 2.0882580e-06 0.0000000e+00 
-9.4040297e-06 -1.5154365e-07 0.0000000e+00 
-3.0835159e-05 5.2485033e-05 0.0000000e+00 
1.5527941e-05 -3.8707047e-05 0.0000000e+00 
-1.4464371e-05 9.1951806e-06 0.0000000e+00 
-6.8070367e-06 -6.9465488e-05 0.0000000e+00 
7.5578224e-05 -8.4900763e-05 0.0000000e+00 
-5.8985315e-05 1.0656845e-04 0.0000000e+00 
5.3849071e-06 2.5827438e-05 0.0000000e+00 
1.2511387e-05 -8.1193168e-05 0.0000000e+00 
-1.7262995e-05 5.7466794e-05 0.0000000e+00 
1.8904451e-05 -1.7463812e-05 0.0000000e+00 
-3.2398850e-05 6.3030981e-05 0.0000000e+00 
-4.2729080e-05 2.4145935e-05 0.0000000e+00 
9.4085932e-05 -5.8010686e-05 0.0000000e+00 
-1.5301630e-06 1.3464130e-05 0.0000000e+00 
-2.2656750e-05 2.0205043e-06 0.0000000e+00 
1.8894672e-05 -4.2746309e-05 0.0000000e+00 
-2.3911707e-05 -5.3588301e-06 0.0000000e+00 
-1.9632746e-05 4.0605664e-07 0.0000000e+00 
1.0699965e-05 -6.0542487e-05 0.0000000e+00 
-4.0868297e-05 3.9366540e-05 0.0000000e+00 
-4.0491112e-05 7.9915859e-05 0.0000000e+00 
4.4584274e-05 -4.9148919e-05 0.0000000e+00 
-8.5271895e-05 9.7291544e-05 0.0000000e+00 
2.0209874e-05 -1.6868813e-05 0.0000000e+00 
-4.1757448e-06 -9.2445407e-06 0.0000000e+00 
6.2923878e-05 -9.5244031e-05 0.0000000e+00 
-3.3145770e-06 4.4427346e-05 0.0000000e+00 
1.6157515e-05 2.2826483e-05 0.0000000e+00 
-9.1493130e-05 9.9415891e-05 0.0000000e+00 
4.5760535e-05 -1.4588237e-05 0.0000000e+00 
3.6994927e-05 -4.8437912e-05 0.0000000e+00 
-5.9017912e-06 -1.0621734e-05 0.0000000e+00 
-2.6874244e-05 5.7373662e-05 0.0000000e+00 
-8.7725930e-06 2.0603009e-05 0.0000000e+00 
-5.8395788e-05 7.7770557e-05 0.0000000e+00 
-4.8641115e-05 7.9385936e-05 0.0000000e+00 
2.3554079e-05 -5.0918665e-05 0.0000000e+00 
6.5919943e-05 -9.8994933e-05 0.0000000e+00 
5.1334500e-06 -5.7336874e-06 0.0000000e+00 
8.3164312e-05 -7.4576586e-05 0.0000000e+00 
3.9239414e-05 -9.1657508e-05 0.0000000e+00 
-2.2463500e-05 5.2658841e-05 0.0000000e+00 
-7.0263632e-06 -5.4481206e-06 0.0000000e+00 
-4.7267415e-05 5.6950375e-06 0.0000000e+00 
1.2331642e-05 -2.3604836e-05 0.0000000e+00 
8.6254440e-06 2.2345223e-05 0.0000000e+00 
3.9956765e-05 -8.8849105e-05 0.0000000e+00 
-3.9432198e-05 1.1213822e-04 0.0000000e+00 
4.7098845e-05 -5.7111494e-05 0.0000000e+00 
6.4205262e-05 -7.5443182e-05 0.0000000e+00 
9.3807757e-06 -9.0122921e-06 0.0000000e+00 
-3.6198646e-05 4.0233601e-05 0.0000000e+00 
-3.7454301e-06 -9.7090378e-06 0.0000000e+00 
-6.5178378e-05 1.2208917e-04 0.0000000e+00 
-1.4451798e-05 2.5027664e-05 0.0000000e+00 
-2.2294931e-05 4.8941467e-05 0.0000000e+00 
-6.0452148e-06 1.2726057e-05 0.0000000e+00 
-3.0634925e-05 -4.5038294e-05 0.0000000e+00 
-4.9849506e-05 4.4460874e-05 0.0000000e+00 
-6.8929512e-06 -2.2179564e-05 0.0000000e+00 
8.0120750e-05 -1.0093162e-04 0.0000000e+00 
9.4250776e-05 -1.1438830e-04 0.0000000e+00 
3.3791177e-05 -6.5844972e-05 0.0000000e+00 
-2.9492192e-05 3.5221223e-05 0.0000000e+00 
3.5641715e-05 -3.8121827e-05 0.0000000e+00 
-5.0781295e-05 7.8933779e-05 0.0000000e+00 
-7.0680398e-06 -4.7156936e-06 0.0000000e+00 
2.8684735e-06 -4.4571236e-05 0.0000000e+00 
3.2725744e-05 2.2698194e-05 0.0000000e+00 
-1.3339333e-05 3.5315286e-05 0.0000000e+00 
-2.4288893e-06 2.5467481e-05 0.0000000e+00 
-7.7776611e-05 1.2318185e-04 0.0000000e+00 
2.2726599e-05 -3.8566126e-05 0.0000000e+00 
-1.0889489e-05 1.2859702e-05 0.0000000e+00 
1.1133216e-04 -1.0214327e-04 0.0000000e+00 
-2.4809502e-05 2.3168977e-05 0.0000000e+00 
-1.4512800e-05 1.5669502e-05 0.0000000e+00 
2.4653040e-05 -3.3298973e-05 0.0000000e+00 
4.4500688e-05 -2.0804117e-05 0.0000000e+00 
2.0208958e-05 -5.4858858e-05 0.0000000e+00 
-1.0796823e-05 7.8319572e-06 0.0000000e+00 
-1.1433149e-06 -3.5941135e-05 0.0000000e+00 
8.7171793e-07 1.2676232e-05 0.0000000e+00 
6.1523169e-06 1.8279534e-06 0.0000000e+00 
-1.2789853e-05 -8.0247410e-06 0.0000000e+00 
-8.8003464e-05 5.6736171e-05 0.0000000e+00 
-2.6056543e-05 2.5733374e-05 0.0000000e+00 
3.5620993e-05 -2.8983923e-05 0.0000000e+00 
-1.3360754e-05 -1.9937521e-05 0.0000000e+00 
-3.3667311e-06 2.8237235e-05 0.0000000e+00 
1.2692995e-05 -6.9015659e-06 0.0000000e+00 
-5.3919619e-05 6.5788437e-05 0.0000000e+00 
-7.4263662e-06 9.8664314e-06 0.0000000e+00 
-7.1655959e-06 7.0337206e-05 0.0000000e+00 
-3.9299950e-05 2.5494490e-05 0.0000000e+00 
3.5597011e-05 -4.4425193e-05 0.0000000e+00 
-2.5374815e-05 -6.1714090e-06 0.0000000e+00 
8.0305152e-05 -1.1474127e-04 0.0000000e+00 
2.5708694e-05 -6.5061729e-05 0.0000000e+00 
1.1742115e-05 5.0407834e-06 0.0000000e+00 
1.6344711e-06 7.6531433e-06 0.0000000e+00 
-4.0636864e-05 2.9558316e-05 0.0000000e+00 
3.9050356e-06 1.7333776e-05 0.0000000e+00 
-1.7678365e-05 -3.1404197e-06 0.0000000e+00 
-1.1711381e-05 2.5502872e-05 0.0000000e+00 
-2.1794811e-05 1.3327226e-06 0.0000000e+00 
4.0251762e-05 -7.0645008e-05 0.0000000e+00 
-1.0073464e-04 5.2060466e-05 0.0000000e+00 
1.5688594e-05 -7.7150762e-06 0.0000000e+00 
-2.5413465e-05 1.5946571e-05 0.0000000e+00 
-6.0387887e-05 3.0578580e-05 0.0000000e+00 
9.3830749e-06 2.4056062e-06 0.0000000e+00 
-2.0390842e-05 9.0156682e-06 0.0000000e+00 
-5.5897923e-05 7.7208038e-05 0.0000000e+00 
2.9786082e-05 -2.8261682e-05 0.0000000e+00 
-4.6715140e-06 1.8303283e-05 0.0000000e+00 
-5.8552716e-05 4.7062524e-05 0.0000000e+00 
-4.4178218e-05 4.4421759e-05 0.0000000e+00 
4.2635947e-06 -1.6967300e-05 0.0000000e+00 
1.4225952e-06 -1.7129350e-06 0.0000000e+00 
1.4114659e-05 -3.0492927e-05 0.0000000e+00 
5.0133094e-06 9.6643344e-06 0.0000000e+00 
4.3287873e-06 -4.5524910e-05 0.0000000e+00 
3.4227036e-05 -3.0783471e-05 0.0000000e+00 
-1.2394041e-05 -3.2549724e-07 0.0000000e+00 
2.9749237e-05 -2.9352494e-05 0.0000000e+00 
1.2821518e-05 -6.9623813e-05 0.0000000e+00 
-5.3492491e-05 6.3008862e-05 0.0000000e+00 
7.3737465e-07 -3.4127850e-05 0.0000000e+00 
4.2777974e-05 -3.7250575e-05 0.0000000e+00 
-2.5190413e-05 2.5944901e-05 0.0000000e+00 
-1.6718637e-05 1.2358651e-06 0.0000000e+00 
1.6440637e-05 -2.8840266e-05 0.0000000e+00 
-2.3322180e-05 7.1851071e-05 0.0000000e+00 
-3.5240781e-05 5.6791119e-05 0.0000000e+00 
2.1662563e-06 -2.5080051e-05 0.0000000e+00 
1.4288351e-05 -3.4803525e-06 0.0000000e+00 
1.7002225e-05 -3.6499929e-05 0.0000000e+00 
-5.8969017e-05 4.9842522e-05 0.0000000e+00 
-7.7942386e-06 -3.5020057e-06 0.0000000e+00 
8.1582461e-05 -1.0862830e-04 0.0000000e+00 
9.8021701e-07 -4.8380112e-05 0.0000000e+00 
-1.2200326e-07 -1.5594531e-05 0.0000000e+00 
1.6859238e-05 -3.3252640e-05 0.0000000e+00 
2.0065345e-05 -2.4991576e-05 0.0000000e+00 
1.1770986e-04 -8.3724037e-05 0.0000000e+00 
-3.3637509e-05 8.2969200e-06 0.0000000e+00 
5.6805089e-05 -1.1757016e-05 0.0000000e+00 
-1.6062753e-05 3.2657714e-05 0.0000000e+00 
-1.0420568e-05 2.2345223e-05 0.0000000e+00 
-3.6643352e-05 3.3040764e-05 0.0000000e+00 
2.8030016e-05 -5.1830430e-05 0.0000000e+00 
1.3689511e-05 5.8341306e-05 0.0000000e+00 
-2.6068185e-05 1.0712189e-05 0.0000000e+00 
2.1855347e-05 -2.5669113e-05 0.0000000e+00 
3.5276636e-05 -5.8103120e-05 0.0000000e+00 
2.9457733e-05 -3.4269411e-05 0.0000000e+00 
-3.4165569e-05 4.9466034e-05 0.0000000e+00 
-1.2991019e-05 -3.9006700e-06 0.0000000e+00 
1.5525147e-04 -1.4683697e-04 0.0000000e+00 
7.1350485e-05 -7.2789378e-05 0.0000000e+00 
3.8121827e-05 -7.1345363e-05 0.0000000e+00 
-4.1391701e-05 9.9732541e-05 0.0000000e+00 
-6.8079680e-06 -8.7327790e-06 0.0000000e+00 
-8.3236024e-05 5.7139434e-05 0.0000000e+00 
-2.7215108e-05 3.0016992e-05 0.0000000e+00 
-1.3989862e-05 1.9481871e-05 0.0000000e+00 
-1.3761222e-05 1.6721897e-05 0.0000000e+00 
1.1751615e-04 -1.5908899e-04 0.0000000e+00 
-3.1427480e-05 9.3318988e-05 0.0000000e+00 
-1.1394266e-05 6.8380497e-05 0.0000000e+00 
-9.0021640e-06 -2.6944559e-05 0.0000000e+00 
2.3129396e-05 -8.7203225e-06 0.0000000e+00 
1.4449470e-05 7.5704884e-06 0.0000000e+00 
-1.4659599e-05 -1.3964251e-05 0.0000000e+00 
3.7452206e-05 -7.2909519e-05 0.0000000e+00 
-2.1805987e-05 1.0699779e-04 0.0000000e+00 
1.3091136e-05 -5.9763566e-05 0.0000000e+00 
4.5881607e-05 -8.7360386e-05 0.0000000e+00 
2.3891218e-05 -7.3842937e-05 0.0000000e+00 
1.8348917e-05 -3.2275449e-05 0.0000000e+00 
-1.9656960e-05 2.3566652e-05 0.0000000e+00 
-2.0657666e-05 -2.4493784e-06 0.0000000e+00 
-7.7480450e-05 9.2597678e-05 0.0000000e+00 
-6.6032633e-05 6.4703636e-06 0.0000000e+00 
7.2838739e-06 -3.5086647e-05 0.0000000e+00 
2.5637448e-05 -4.7735404e-05 0.0000000e+00 
1.7424580e-05 2.3034168e-05 0.0000000e+00 
3.1394884e-06 1.1966331e-05 0.0000000e+00 
-8.1863254e-06 -3.4761615e-06 0.0000000e+00 
-8.1518665e-06 -1.7233659e-05 0.0000000e+00 
-1.0060146e-05 -2.1077460e-05 0.0000000e+00 
-2.9331073e-05 3.7146732e-05 0.0000000e+00 
-1.5435740e-04 1.7714500e-04 0.0000000e+00 
-9.7536482e-05 1.0369672e-04 0.0000000e+00 
-8.2185259e-05 6.1357860e-05 0.0000000e+00 
2.3157336e-05 -2.2312393e-05 0.0000000e+00 
3.4270808e-05 -9.2247501e-05 0.0000000e+00 
3.5641715e-06 3.7839636e-06 0.0000000e+00 
-7.9594553e-05 9.2338305e-05 0.0000000e+00 
-1.4824793e-05 2.8599054e-05 0.0000000e+00 
2.8381677e-05 -2.7852133e-05 0.0000000e+00 
-3.3388846e-05 -9.3909912e-06 0.0000000e+00 
5.7304278e-06 -5.3731637e-05 0.0000000e+00 
-6.6803303e-05 9.4379298e-05 0.0000000e+00 
-2.8724782e-05 2.1274202e-05 0.0000000e+00 
2.4758279e-05 -3.5905279e-05 0.0000000e+00 
1.4130026e-05 -2.1591783e-05 0.0000000e+00 
-2.5447807e-05 1.6141217e-05 0.0000000e+00 
-9.6624717e-06 1.6156584e-05 0.0000000e+00 
-2.0055100e-05 3.3702760e-05 0.0000000e+00 
-1.7653685e-05 -2.3252796e-05 0.0000000e+00 
-1.2365170e-05 2.3596222e-06 0.0000000e+00 
-5.8381818e-05 1.1689356e-04 0.0000000e+00 
1.6325619e-05 -4.4479966e-06 0.0000000e+00 
7.3990785e-05 -1.0886788e-04 0.0000000e+00 
4.6210829e-05 -4.2654690e-05 0.0000000e+00 
-1.3405457e-05 7.1301591e-05 0.0000000e+00 
7.9078600e-06 -7.5230841e-05 0.0000000e+00 
2.1148473e-05 -7.4639160e-05 0.0000000e+00 
-1.8675346e-05 3.7710648e-05 0.0000000e+00 
-1.3012439e-05 2.0145439e-05 0.0000000e+00 
-3.4028664e-05 4.6747271e-05 0.0000000e+00 
6.9849193e-06 2.2367109e-05 0.0000000e+00 
4.8829243e-06 -3.0642375e-05 0.0000000e+00 
4.7783367e-05 -5.7359226e-05 0.0000000e+00 
-3.1665899e-05 6.0508959e-05 0.0000000e+00 
1.3513491e-05 8.3637424e-06 0.0000000e+00 
-2.0210631e-05 1.5603146e-05 0.0000000e+00 
4.4548418e-05 -7.4249692e-06 0.0000000e+00 
3.9549079e-05 -1.9120052e-06 0.0000000e+00 
-1.2269942e-05 -3.0664960e-05 0.0000000e+00 
-1.5676458e-05 -1.6385457e-05 0.0000000e+00 
2.5220215e-06 -1.6750768e-05 0.0000000e+00 
-5.3498195e-05 8.8273700e-05 0.0000000e+00 
3.2205600e-05 -1.3882760e-05 0.0000000e+00 
-1.4456920e-05 1.8773600e-05 0.0000000e+00 
-1.6162405e-05 1.6782666e-05 0.0000000e+00 
-3.8291328e-06 -1.5151687e-05 0.0000000e+00 
-6.1220955e-05 7.9777848e-05 0.0000000e+00 
1.1402182e-05 -2.0647654e-05 0.0000000e+00 
-3.1730160e-06 -1.9095605e-05 0.0000000e+00 
1.5815999e-04 -1.2393016e-04 0.0000000e+00 
4.3030828e-05 -6.0066581e-05 0.0000000e+00 
3.2666139e-05 -8.6731277e-05 0.0000000e+00 
2.0379666e-05 3.4086406e-07 0.0000000e+00 
-3.7717633e-05 4.7551934e-05 0.0000000e+00 
3.3278950e-05 -6.2551349e-05 0.0000000e+00 
-1.3619661e-05 -2.8160168e-05 0.0000000e+00 
-5.3064898e-05 4.3794513e-05 0.0000000e+00 
-4.5387074e-05 2.6069582e-05 0.0000000e+00 
5.2748248e-05 -1.7311890e-05 0.0000000e+00 
-2.4852343e-06 -3.4642871e-05 0.0000000e+00 
3.6528800e-05 -4.6794768e-05 0.0000000e+00 
-1.9730069e-06 -1.7733313e-05 0.0000000e+00 
2.3551285e-05 2.0661391e-06 0.0000000e+00 
5.7164580e-06 -9.0273097e-06 0.0000000e+00 
-2.7403003e-05 6.6136010e-05 0.0000000e+00 
4.5915134e-05 -8.5345004e-05 0.0000000e+00 
-1.3457611e-07 -1.4001969e-05 0.0000000e+00 
-1.9889325e-05 8.4484927e-05 0.0000000e+00 
-4.0644780e-05 1.5349593e-05 0.0000000e+00 
3.6309939e-05 -6.6822366e-05 0.0000000e+00 
1.1430122e-05 -1.8081628e-05 0.0000000e+00 
7.2271563e-05 -1.2738537e-04 0.0000000e+00 
4.2691827e-06 -1.1929194e-05 0.0000000e+00 
4.0920218e-05 -7.5183954e-05 0.0000000e+00 
-1.2060627e-06 2.5839545e-05 0.0000000e+00 
3.5371166e-05 -3.4191180e-06 0.0000000e+00 
-3.7406571e-05 8.4546860e-05 0.0000000e+00 
2.6035588e-05 -8.4661180e-05 0.0000000e+00 
2.3269095e-05 -1.7797574e-06 0.0000000e+00 
3.3086631e-05 -1.2238044e-05 0.0000000e+00 
-3.3546239e-05 2.2043474e-05 0.0000000e+00 
-5.8785081e-06 -1.3576588e-05 0.0000000e+00 
-1.2295321e-05 4.1113235e-06 0.0000000e+00 
-3.7252903e-06 -6.3348562e-06 0.0000000e+00 
1.8992228e-05 -7.0163282e-05 0.0000000e+00 
-5.6731515e-06 7.3275820e-05 0.0000000e+00 
-6.9048256e-06 -9.7937882e-06 0.0000000e+00 
-3.1189062e-05 4.7336565e-05 0.0000000e+00 
6.0927123e-06 -9.9190511e-06 0.0000000e+00 
-3.2091863e-05 3.9277365e-05 0.0000000e+00 
-5.6283548e-05 6.6499691e-05 0.0000000e+00 
6.3136220e-05 -1.0076445e-04 0.0000000e+00 
-4.3426640e-05 7.7061355e-05 0.0000000e+00 
-1.2786547e-04 6.2684529e-05 0.0000000e+00 
2.3259781e-05 -3.4656841e-05 0.0000000e+00 
-4.7078473e-05 1.6628299e-05 0.0000000e+00 
4.2093452e-06 1.6367761e-05 0.0000000e+00 
-4.3271109e-05 8.3633931e-05 0.0000000e+00 
-4.7792215e-05 7.5013755e-05 0.0000000e+00 
-1.5820377e-05 -1.3215467e-05 0.0000000e+00 
1.0810036e-06 -2.6541064e-05 0.0000000e+00 
-5.7823025e-05 1.1269614e-04 0.0000000e+00 
-1.8416671e-05 4.5219203e-05 0.0000000e+00 
-5.2275136e-06 -2.9051211e-05 0.0000000e+00 
1.8999446e-05 4.1937921e-05 0.0000000e+00 
-9.9875033e-06 4.2747706e-07 0.0000000e+00 
-8.4420666e-05 7.0550945e-05 0.0000000e+00 
1.2874603e-05 -1.4090212e-05 0.0000000e+00 
-5.3592958e-05 4.3139211e-05 0.0000000e+00 
5.1435083e-05 6.5830536e-06 0.0000000e+00 
2.7842354e-05 -4.5586377e-05 0.0000000e+00 
-1.5103724e-05 1.2714881e-05 0.0000000e+00 
4.6930742e-05 -6.9997273e-05 0.0000000e+00 
-1.8161722e-05 4.5516994e-05 0.0000000e+00 
-2.1518208e-05 4.7763810e-05 0.0000000e+00 
-2.4355017e-05 4.8890710e-05 0.0000000e+00 
-1.2351479e-04 1.2530573e-04 0.0000000e+00 
1.8180814e-05 -5.5415323e-05 0.0000000e+00 
-1.7380342e-05 -2.0872802e-05 0.0000000e+00 
-2.9910123e-05 7.8316778e-05 0.0000000e+00 
-1.4783815e-05 -9.1930851e-06 0.0000000e+00 
5.0608884e-05 -9.5222960e-05 0.0000000e+00 
1.2282934e-04 -1.2676604e-04 0.0000000e+00 
-3.0742958e-06 4.6677422e-05 0.0000000e+00 
4.8140064e-06 1.8465333e-05 0.0000000e+00 
3.2576267e-05 -6.4048218e-05 0.0000000e+00 
7.1325805e-05 -6.7614485e-05 0.0000000e+00 
-2.3424625e-05 -2.2485387e-05 0.0000000e+00 
2.7954578e-05 -5.3453725e-05 0.0000000e+00 
-3.9553270e-05 3.2959506e-05 0.0000000e+00 
2.2379681e-05 -8.3100749e-05 0.0000000e+00 
3.3802353e-05 -5.3603202e-05 0.0000000e+00 
2.5479414e-05 -2.6526861e-05 0.0000000e+00 
2.1182792e-04 -1.8785056e-04 0.0000000e+00 
2.4700072e-05 -6.1759260e-05 0.0000000e+00 
3.3220276e-06 -3.5357662e-05 0.0000000e+00 
2.9363669e-05 -2.9697549e-05 0.0000000e+00 
1.0548625e-05 -1.1463184e-05 0.0000000e+00 
-2.5078654e-05 3.9191917e-05 0.0000000e+00 
1.0584667e-04 -6.9300178e-05 0.0000000e+00 
-1.2362376e-05 -1.9976869e-07 0.0000000e+00 
7.1246177e-08 -2.6698224e-05 0.0000000e+00 
8.9937821e-06 -6.0213264e-05 0.0000000e+00 
3.5378616e-06 -1.7043203e-06 0.0000000e+00 
-8.2205981e-05 8.9677051e-05 0.0000000e+00 
-3.8761646e-06 -3.6050566e-05 0.0000000e+00 
-6.6927634e-05 8.6237211e-05 0.0000000e+00 
-6.8303198e-06 3.3967430e-05 0.0000000e+00 
-1.5036203e-05 2.3634173e-05 0.0000000e+00 
2.3966655e-05 -4.5054592e-05 0.0000000e+00 
-5.7239551e-05 8.4027648e-05 0.0000000e+00 
-3.2934360e-05 1.2069009e-05 0.0000000e+00 
-5.9060752e-05 5.1104929e-05 0.0000000e+00 
-6.6672452e-05 1.1591877e-04 0.0000000e+00 
-5.1765237e-06 1.0252814e-05 0.0000000e+00 
-4.6050176e-05 1.1673523e-04 0.0000000e+00 
1.0672025e-05 -6.9216418e-05 0.0000000e+00 
-3.2829121e-07 9.7061857e-06 0.0000000e+00 
-7.0640526e-06 6.0870079e-06 0.0000000e+00 
-2.1976419e-05 4.4584274e-05 0.0000000e+00 
3.7197024e-06 -4.5116059e-05 0.0000000e+00 
3.4813769e-05 1.0840595e-05 0.0000000e+00 
2.6417430e-05 -5.0085597e-05 0.0000000e+00 
1.2423890e-04 -1.0534283e-04 0.0000000e+00 
-1.9690953e-05 4.5395456e-05 0.0000000e+00 
-1.6586040e-05 -3.8733706e-06 0.0000000e+00 
-2.1581072e-05 4.2282045e-06 0.0000000e+00 
1.0880642e-05 -3.9076898e-05 0.0000000e+00 
7.1810558e-05 -4.5207329e-05 0.0000000e+00 
6.2750187e-05 -1.0157004e-05 0.0000000e+00 
-1.3692304e-05 3.6740443e-05 0.0000000e+00 
6.8176538e-05 -3.9448496e-05 0.0000000e+00 
-7.4494164e-06 -1.6350765e-05 0.0000000e+00 
7.2406605e-05 -8.7251887e-05 0.0000000e+00 
-7.2524417e-05 6.4324588e-05 0.0000000e+00 
-1.6577798e-04 1.2128614e-04 0.0000000e+00 
-1.7111655e-04 1.7318223e-04 0.0000000e+00 
1.6485341e-05 -4.6026427e-05 0.0000000e+00 
-2.5833026e-05 3.8358383e-05 0.0000000e+00 
1.4901161e-06 -1.9226223e-05 0.0000000e+00 
-2.5165733e-05 3.4750672e-05 0.0000000e+00 
-5.1066745e-05 4.9441122e-05 0.0000000e+00 
-7.0114620e-06 9.7909506e-06 0.0000000e+00 
-4.3963082e-06 1.1924305e-05 0.0000000e+00 
4.6953093e-05 -6.7053828e-05 0.0000000e+00 
4.8379414e-05 -5.5898447e-05 0.0000000e+00 
-8.4155239e-05 5.6790654e-05 0.0000000e+00 
-5.0563365e-05 4.5079738e-05 0.0000000e+00 
-8.4908679e-06 -7.6298602e-07 0.0000000e+00 
-2.7616508e-05 3.2042153e-06 0.0000000e+00 
-1.4305464e-05 6.8335794e-06 0.0000000e+00 
-6.1653554e-06 2.4143606e-05 0.0000000e+00 
2.0290958e-04 -2.2517145e-04 0.0000000e+00 
1.4372822e-04 -9.1378577e-05 0.0000000e+00 
-9.9856406e-06 1.9047875e-05 0.0000000e+00 
2.8335489e-05 -3.4209341e-05 0.0000000e+00 
-3.4456141e-05 1.4293473e-05 0.0000000e+00 
4.5583118e-05 -1.1577923e-04 0.0000000e+00 
2.2867462e-05 -6.1610248e-05 0.0000000e+00 
2.2805296e-05 -5.9556449e-05 0.0000000e+00 
-4.4867396e-05 1.4218036e-04 0.0000000e+00 
-5.2136369e-05 4.6374742e-05 0.0000000e+00 
-3.3536926e-06 -2.9960647e-06 0.0000000e+00 
2.6328489e-06 -2.1697488e-05 0.0000000e+00 
2.2528693e-06 1.0132790e-05 0.0000000e+00 
4.3951441e-05 -4.2154221e-05 0.0000000e+00 
-8.2738698e-05 1.1716131e-04 0.0000000e+00 
-6.0860533e-05 7.3440373e-05 0.0000000e+00 
-3.7355348e-05 2.2177352e-05 0.0000000e+00 
-1.0262150e-04 7.3229894e-05 0.0000000e+00 
-3.9238483e-05 3.3206306e-06 0.0000000e+00 
4.6350760e-05 -5.0089555e-05 0.0000000e+00 
2.0057894e-05 -4.4666231e-06 0.0000000e+00 
3.4892466e-05 -3.5691948e-05 0.0000000e+00 
2.4629117e-05 -3.9316947e-05 0.0000000e+00 
1.7715106e-04 -1.5386799e-04 0.0000000e+00 
1.1305790e-05 -5.6449790e-05 0.0000000e+00 
2.5902467e-05 -2.2275141e-05 0.0000000e+00 
4.9066730e-05 -3.4965167e-05 0.0000000e+00 
-8.9071225e-05 1.0392768e-04 0.0000000e+00 
4.2864587e-05 -3.2698095e-05 0.0000000e+00 
-2.5322661e-06 4.4117449e-05 0.0000000e+00 
-1.9432977e-05 4.2540021e-05 0.0000000e+00 
6.7492947e-06 4.8196875e-05 0.0000000e+00 
-8.4247440e-06 5.0896779e-05 0.0000000e+00 
-4.5372173e-05 2.1386426e-05 0.0000000e+00 
-2.7501257e-05 5.0798059e-05 0.0000000e+00 
-2.2635795e-06 -4.8424583e-05 0.0000000e+00 
-1.6498379e-05 -3.0259602e-05 0.0000000e+00 
2.4025328e-05 -1.7512590e-05 0.0000000e+00 
-3.7736259e-05 5.0945673e-05 0.0000000e+00 
-3.2114796e-05 3.4595607e-05 0.0000000e+00 
1.1761952e-04 -1.3694959e-04 0.0000000e+00 
-3.0952506e-05 -5.9278682e-06 0.0000000e+00 
-9.0834219e-06 2.8987648e-05 0.0000000e+00 
-4.5706518e-05 1.4745856e-05 0.0000000e+00 
-6.8801455e-07 -2.6068883e-05 0.0000000e+00 
1.0469975e-04 -5.4729637e-05 0.0000000e+00 
-8.3836378e-05 9.6263131e-05 0.0000000e+00 
9.0121757e-06 -5.5862824e-05 0.0000000e+00 
1.3059936e-05 4.8205256e-06 0.0000000e+00 
4.0709041e-05 -7.3003117e-05 0.0000000e+00 
6.0428865e-05 -3.8647559e-05 0.0000000e+00 
-1.0828488e-05 4.3287873e-06 0.0000000e+00 
-1.4858320e-05 4.3322565e-05 0.0000000e+00 
-3.3034012e-06 5.7900790e-05 0.0000000e+00 
3.4384429e-06 9.1181602e-05 0.0000000e+00 
-1.6416423e-05 1.7774291e-05 0.0000000e+00 
-3.3472665e-05 1.4918391e-05 0.0000000e+00 
3.4917146e-05 -1.0109227e-04 0.0000000e+00 
1.0222197e-05 5.9385784e-06 0.0000000e+00 
-3.7825666e-05 7.0799142e-06 0.0000000e+00 
3.8907863e-05 -1.1125067e-04 0.0000000e+00 
-1.3384852e-05 8.1681646e-06 0.0000000e+00 
-8.1451144e-05 1.3100065e-04 0.0000000e+00 
-8.6728251e-05 2.2877939e-05 0.0000000e+00 
-3.8332306e-05 9.6131582e-05 0.0000000e+00 
2.3737084e-05 -4.7851354e-05 0.0000000e+00 
-1.3235211e-04 1.2615789e-04 0.0000000e+00 
1.3730489e-05 -1.2126984e-05 0.0000000e+00 
2.8505921e-05 -2.4752924e-05 0.0000000e+00 
-1.1425465e-05 1.5504658e-05 0.0000000e+00 
1.4621764e-05 1.5490688e-05 0.0000000e+00 
5.6358986e-05 -3.6832877e-05 0.0000000e+00 
-1.1824537e-05 2.7544796e-05 0.0000000e+00 
-1.5883707e-06 -2.4839013e-05 0.0000000e+00 
-1.4837366e-05 -1.1997763e-05 0.0000000e+00 
3.4952536e-06 -2.7338974e-06 0.0000000e+00 
4.1629653e-05 -1.5813834e-04 0.0000000e+00 
-1.4047138e-05 1.3012090e-05 0.0000000e+00 
-4.2339321e-05 -1.3372628e-05 0.0000000e+00 
3.3568678e-05 -1.7116196e-05 0.0000000e+00 
7.5241551e-06 -2.3989007e-05 0.0000000e+00 
-3.6861282e-05 1.5603146e-05 0.0000000e+00 
-9.6676871e-05 4.7842972e-05 0.0000000e+00 
2.7749687e-05 -8.1416219e-06 0.0000000e+00 
1.5991135e-04 -1.5385076e-04 0.0000000e+00 
4.1166320e-05 -9.5741823e-05 0.0000000e+00 
3.3755670e-05 -4.4386601e-05 0.0000000e+00 
-2.8758310e-05 2.6946887e-05 0.0000000e+00 
-2.2414140e-05 6.8857335e-05 0.0000000e+00 
2.3050234e-05 -7.7909790e-05 0.0000000e+00 
1.8103048e-05 1.0665739e-05 0.0000000e+00 
-1.1462718e-05 1.3246201e-05 0.0000000e+00 
-5.1434967e-05 9.1076363e-06 0.0000000e+00 
-2.7893111e-05 9.9052559e-06 0.0000000e+00 
-2.9039569e-05 5.0425529e-05 0.0000000e+00 
-1.6146805e-05 1.7153099e-05 0.0000000e+00 
-9.2128757e-05 1.0613678e-04 0.0000000e+00 
1.4140084e-04 -1.1028256e-04 0.0000000e+00 
-1.7381273e-05 3.0882657e-06 0.0000000e+00 
4.1506719e-05 -2.7089380e-05 0.0000000e+00 
-1.1568191e-05 4.6078698e-05 0.0000000e+00 
-2.8055161e-05 6.0119200e-05 0.0000000e+00 
-1.4138408e-05 3.1268690e-05 0.0000000e+00 
-2.0861393e-05 7.4144089e-05 0.0000000e+00 
1.7931079e-04 -1.1919485e-04 0.0000000e+00 
2.6384369e-06 -1.1664815e-06 0.0000000e+00 
1.4500692e-05 -2.7808361e-05 0.0000000e+00 
1.2432924e-05 -1.1036173e-06 0.0000000e+00 
2.4442561e-05 -7.8910962e-05 0.0000000e+00 
-1.5074760e-04 1.8462632e-04 0.0000000e+00 
2.7876813e-05 -7.8337500e-05 0.0000000e+00 
-1.3267621e-05 -3.5483390e-06 0.0000000e+00 
-2.1513551e-05 3.3506658e-05 0.0000000e+00 
-2.3010187e-05 2.6728027e-05 0.0000000e+00 
6.4804684e-05 -7.2021503e-05 0.0000000e+00 
-2.1605473e-04 2.4724612e-04 0.0000000e+00 
1.1146767e-05 -2.7542002e-05 0.0000000e+00 
-8.5486099e-06 -5.6701247e-06 0.0000000e+00 
-1.3958081e-05 4.0036393e-05 0.0000000e+00 
1.1859927e-05 -6.0847495e-05 0.0000000e+00 
2.1587592e-05 6.0396269e-06 0.0000000e+00 
7.2909519e-05 -7.8391284e-05 0.0000000e+00 
1.6438775e-05 4.2480417e-05 0.0000000e+00 
2.2841617e-05 -8.2952902e-05 0.0000000e+00 
1.3904693e-04 -1.6044208e-04 0.0000000e+00 
-2.7988106e-05 5.4164790e-05 0.0000000e+00 
-2.9439107e-06 -1.0573771e-05 0.0000000e+00 
4.4193584e-05 -4.8722839e-05 0.0000000e+00 
-1.1321483e-04 1.1199759e-04 0.0000000e+00 
-7.8262296e-05 4.6938192e-05 0.0000000e+00 
-2.0838808e-05 7.2806317e-05 0.0000000e+00 
2.2431370e-05 -5.0803879e-05 0.0000000e+00 
1.4675967e-04 -2.1554157e-04 0.0000000e+00 
2.3416127e-05 -6.6833687e-05 0.0000000e+00 
-7.7290460e-06 2.5109912e-05 0.0000000e+00 
2.7571805e-06 -2.3545697e-05 0.0000000e+00 
-1.0118447e-04 1.6502244e-04 0.0000000e+00 
-4.9349546e-05 6.4396067e-05 0.0000000e+00 
-6.7558140e-06 3.5699923e-05 0.0000000e+00 
-1.6232952e-06 5.7665166e-05 0.0000000e+00 
6.1728060e-06 5.5036508e-06 0.0000000e+00 
2.8902199e-05 -4.9209688e-05 0.0000000e+00 
-1.8548220e-05 7.7170786e-05 0.0000000e+00 
-7.6144934e-05 9.0715475e-05 0.0000000e+00 
1.9767322e-06 -5.0571980e-05 0.0000000e+00 
1.2750982e-04 -1.3451790e-04 0.0000000e+00 
-3.3098273e-05 1.5602447e-05 0.0000000e+00 
1.9364990e-05 -2.5344081e-05 0.0000000e+00 
-7.8468584e-06 -4.0965155e-05 0.0000000e+00 
5.8291480e-06 -1.8403865e-05 0.0000000e+00 
2.3330562e-05 -1.2501096e-04 0.0000000e+00 
3.5041012e-05 1.3676472e-05 0.0000000e+00 
4.2536296e-05 -6.4016785e-05 0.0000000e+00 
1.0547927e-05 -5.1208772e-06 0.0000000e+00 
2.9332004e-05 -6.8759662e-05 0.0000000e+00 
3.9116479e-05 -7.6670956e-05 0.0000000e+00 
-4.2535365e-05 1.4499761e-05 0.0000000e+00 
-2.1263957e-05 3.9348379e-05 0.0000000e+00 
-5.2667223e-05 5.2509669e-05 0.0000000e+00 
-7.7448320e-05 8.3223917e-05 0.0000000e+00 
-1.7554499e-05 3.0953903e-05 0.0000000e+00 
4.9500726e-05 -7.9500489e-05 0.0000000e+00 
1.2151431e-04 -6.8401918e-05 0.0000000e+00 
2.1884916e-06 -1.6845879e-05 0.0000000e+00 
-4.4931658e-05 2.4159614e-05 0.0000000e+00 
-8.5970387e-06 -2.3184577e-05 0.0000000e+00 
4.8018061e-05 -4.9878843e-05 0.0000000e+00 
-4.5899767e-05 3.1650998e-06 0.0000000e+00 
9.0468675e-06 -2.7713366e-05 0.0000000e+00 
-2.2868626e-05 5.3099124e-05 0.0000000e+00 
-1.3057329e-04 1.3397168e-04 0.0000000e+00 
-2.9858202e-06 -8.6617656e-06 0.0000000e+00 
1.3038516e-08 3.2061827e-05 0.0000000e+00 
-1.2154691e-05 2.4523120e-05 0.0000000e+00 
8.3763152e-06 -2.8125010e-05 0.0000000e+00 
-1.5966594e-05 2.4587847e-05 0.0000000e+00 
-2.3550075e-04 1.8323399e-04 0.0000000e+00 
-2.8884504e-05 4.8356131e-05 0.0000000e+00 
-4.4355518e-05 3.7676422e-05 0.0000000e+00 
-6.5093860e-05 4.9495138e-05 0.0000000e+00 
6.8480149e-06 -4.3603592e-05 0.0000000e+00 
-1.2336299e-04 1.1739274e-04 0.0000000e+00 
-1.6045757e-05 4.1679479e-05 0.0000000e+00 
-1.1805445e-05 2.5849207e-05 0.0000000e+00 
-4.5526773e-05 1.3214070e-04 0.0000000e+00 
1.3141474e-04 -1.3263710e-04 0.0000000e+00 
1.9912608e-05 -5.0766394e-05 0.0000000e+00 
-3.7040561e-05 1.0275422e-04 0.0000000e+00 
-1.4413148e-05 4.4982880e-06 0.0000000e+00 
9.9255703e-06 -9.2918053e-06 0.0000000e+00 
2.0125881e-05 -1.2165168e-05 0.0000000e+00 
2.6694965e-05 -4.3124892e-05 0.0000000e+00 
9.3775103e-05 -1.3512291e-04 0.0000000e+00 
1.9593444e-04 -1.5764963e-04 0.0000000e+00 
-4.7119334e-05 3.8980506e-06 0.0000000e+00 
-2.1019951e-06 2.5195535e-05 0.0000000e+00 
7.3986128e-05 -7.4616633e-05 0.0000000e+00 
4.7903508e-05 -6.8713445e-05 0.0000000e+00 
2.5931513e-07 -2.4154782e-05 0.0000000e+00 
3.4309924e-05 1.8130988e-05 0.0000000e+00 
7.5218268e-05 -8.0421567e-05 0.0000000e+00 
8.2735438e-05 -6.9623347e-05 0.0000000e+00 
6.1742030e-06 -4.2232685e-05 0.0000000e+00 
3.5934849e-05 -1.9961270e-05 0.0000000e+00 
-1.7362647e-05 5.6114979e-05 0.0000000e+00 
-1.4725607e-05 1.9792467e-05 0.0000000e+00 
-1.3121404e-05 3.5089906e-05 0.0000000e+00 
-6.7695044e-05 6.2413514e-05 0.0000000e+00 
5.5255368e-06 -2.0577107e-05 0.0000000e+00 
3.0580442e-05 -6.0060993e-05 0.0000000e+00 
-8.3697960e-06 4.7632959e-05 0.0000000e+00 
3.0547380e-05 2.0791776e-06 0.0000000e+00 
7.7441800e-05 -1.8836802e-04 0.0000000e+00 
4.1089952e-06 2.1546148e-05 0.0000000e+00 
-6.8692025e-06 -8.4112398e-06 0.0000000e+00 
6.4065680e-06 -2.0391773e-05 0.0000000e+00 
-5.0101429e-05 9.0189918e-05 0.0000000e+00 
1.9659288e-05 -2.9671937e-06 0.0000000e+00 
-3.1202100e-05 6.5015629e-06 0.0000000e+00 
-3.8743950e-05 1.4859426e-05 0.0000000e+00 
-3.9365143e-05 9.4501302e-06 0.0000000e+00 
6.1765313e-06 -2.0739622e-05 0.0000000e+00 
-3.6188401e-05 2.1261862e-05 0.0000000e+00 
-2.6458874e-06 1.8455554e-05 0.0000000e+00 
-1.6714563e-05 -3.9701583e-05 0.0000000e+00 
1.4211051e-05 -5.1440671e-05 0.0000000e+00 
-1.9371510e-05 3.3938326e-05 0.0000000e+00 
-2.4066307e-05 3.6133453e-05 0.0000000e+00 
2.1641143e-05 -4.4329325e-05 0.0000000e+00 
-1.6626250e-04 1.6006175e-04 0.0000000e+00 
5.3508207e-05 -2.9312447e-05 0.0000000e+00 
-1.7144717e-05 2.1920016e-05 0.0000000e+00 
-3.4289435e-05 9.9852681e-05 0.0000000e+00 
2.6283786e-05 -2.1942891e-05 0.0000000e+00 
-6.0908496e-06 2.2145920e-05 0.0000000e+00 
-1.7983839e-05 4.0507643e-05 0.0000000e+00 
-5.6321733e-05 2.6549213e-05 0.0000000e+00 
-2.3082132e-05 4.6567060e-05 0.0000000e+00 
3.2341108e-05 -1.0188390e-04 0.0000000e+00 
-3.8093189e-05 3.5165111e-05 0.0000000e+00 
2.7530827e-05 -6.6999346e-05 0.0000000e+00 
-6.8022404e-05 1.0192022e-04 0.0000000e+00 
4.8061367e-05 -5.7485420e-05 0.0000000e+00 
-9.5650554e-05 5.7299010e-05 0.0000000e+00 
1.5041884e-04 -1.6327715e-04 0.0000000e+00 
1.2384634e-04 -1.1814106e-04 0.0000000e+00 
-2.7253293e-05 3.3078250e-06 0.0000000e+00 
4.4104643e-05 -5.1297247e-05 0.0000000e+00 
1.6681850e-05 -5.5133773e-05 0.0000000e+00 
3.1115487e-05 -2.7132453e-05 0.0000000e+00 
2.6263297e-06 -1.2163073e-05 0.0000000e+00 
-5.4369681e-05 9.5000258e-05 0.0000000e+00 
9.7806565e-05 -9.4958115e-05 0.0000000e+00 
-5.3248368e-06 -3.2334588e-05 0.0000000e+00 
5.3994358e-05 -8.7502412e-05 0.0000000e+00 
2.7677976e-05 -3.7196092e-05 0.0000000e+00 
2.5076792e-05 -2.2519380e-06 0.0000000e+00 
-1.1121295e-04 9.1271475e-05 0.0000000e+00 
-4.3576583e-05 6.5363012e-05 0.0000000e+00 
-1.1124788e-04 1.1506770e-04 0.0000000e+00 
-1.2372714e-04 1.0422105e-04 0.0000000e+00 
-3.8107391e-06 -1.1321157e-05 0.0000000e+00 
-7.9574995e-05 9.5755327e-05 0.0000000e+00 
-7.4296258e-06 -4.0662708e-05 0.0000000e+00 
-5.0785020e-06 7.3448755e-06 0.0000000e+00 
-4.5507215e-05 7.1754679e-05 0.0000000e+00 
-7.3546544e-06 -2.9992778e-05 0.0000000e+00 
1.5418744e-05 -6.3606363e-05 0.0000000e+00 
2.4812389e-04 -1.9342895e-04 0.0000000e+00 
3.7458260e-05 1.3322919e-05 0.0000000e+00 
1.7754734e-05 -2.7161557e-05 0.0000000e+00 
3.2573938e-05 -1.4693011e-05 0.0000000e+00 
-5.3269323e-05 1.2452714e-05 0.0000000e+00 
1.2311153e-05 -4.3383799e-05 0.0000000e+00 
-5.1142648e-05 5.2249990e-05 0.0000000e+00 
-8.3968509e-05 8.1942417e-05 0.0000000e+00 
-5.9532002e-05 3.1522475e-05 0.0000000e+00 
-6.9629401e-05 1.3270532e-05 0.0000000e+00 
7.0733950e-06 -2.5335699e-05 0.0000000e+00 
4.2918953e-05 -1.0278565e-04 0.0000000e+00 
8.5972250e-05 -1.0329671e-04 0.0000000e+00 
-4.4034794e-05 1.3636006e-04 0.0000000e+00 
-1.2270175e-05 -2.1739514e-05 0.0000000e+00 
-3.3710152e-05 7.7831093e-05 0.0000000e+00 
3.0733645e-06 -4.1426625e-05 0.0000000e+00 
4.2835250e-05 -6.3591870e-05 0.0000000e+00 
3.6224024e-05 -6.4847060e-05 0.0000000e+00 
2.2105873e-05 -8.2920305e-06 0.0000000e+00 
1.0119192e-04 -9.9386089e-05 0.0000000e+00 
-4.7082547e-05 1.8500374e-05 0.0000000e+00 
3.5893172e-06 -2.6486814e-06 0.0000000e+00 
1.1143740e-05 -1.5894067e-05 0.0000000e+00 
-3.8817525e-06 1.5826896e-05 0.0000000e+00 
-3.1141564e-05 8.9335721e-05 0.0000000e+00 
4.6387315e-05 -6.6689216e-05 0.0000000e+00 
-1.9083265e-05 -5.7217665e-05 0.0000000e+00 
4.5035966e-05 -2.7325004e-06 0.0000000e+00 
1.2743985e-05 -3.2634707e-06 0.0000000e+00 
1.6624108e-06 -1.4387537e-05 0.0000000e+00 
-5.8227219e-05 9.1737369e-05 0.0000000e+00 
-3.0508731e-05 2.8223731e-05 0.0000000e+00 
-2.1652319e-05 2.2173394e-05 0.0000000e+00 
-1.0778569e-04 7.6206634e-05 0.0000000e+00 
-5.5217999e-05 7.6680793e-05 0.0000000e+00 
-7.2801486e-06 3.9760955e-05 0.0000000e+00 
-3.3808872e-05 4.2070402e-05 0.0000000e+00 
-9.6626580e-05 9.2131086e-05 0.0000000e+00 
4.3112785e-05 -3.8988888e-05 0.0000000e+00 
1.0545459e-04 4.8046932e-06 0.0000000e+00 
-4.6764966e-05 7.1512768e-05 0.0000000e+00 
2.6367605e-05 -4.3152831e-05 0.0000000e+00 
-7.5502787e-05 8.7046763e-05 0.0000000e+00 
-7.6324679e-05 1.5441235e-04 0.0000000e+00 
-2.9186718e-05 2.6919879e-05 0.0000000e+00 
-1.2680423e-05 -9.5746946e-06 0.0000000e+00 
2.4812762e-05 -5.1969197e-05 0.0000000e+00 
2.6161782e-05 -6.6938810e-06 0.0000000e+00 
4.7515146e-05 -7.4505806e-08 0.0000000e+00 
-5.7878904e-05 6.2774867e-05 0.0000000e+00 
1.9737519e-05 -4.7874637e-05 0.0000000e+00 
9.9116005e-06 2.1161977e-05 0.0000000e+00 
5.0105155e-05 -4.8215501e-05 0.0000000e+00 
4.2197295e-05 -6.1643310e-05 0.0000000e+00 
-2.3609260e-05 3.9322724e-05 0.0000000e+00 
1.3989629e-05 -5.6809047e-05 0.0000000e+00 
-1.0266574e-04 6.7954883e-05 0.0000000e+00 
-6.3779764e-05 8.3241146e-05 0.0000000e+00 
1.5798956e-05 -1.1198688e-05 0.0000000e+00 
-3.1757168e-05 1.1269283e-04 0.0000000e+00 
1.8641120e-05 -8.9624198e-05 0.0000000e+00 
4.5634806e-05 2.1993183e-05 0.0000000e+00 
9.5960684e-05 -1.4236942e-04 0.0000000e+00 
7.0656184e-05 -1.2864452e-04 0.0000000e+00 
3.9068982e-05 -7.4169599e-05 0.0000000e+00 
1.2749806e-04 -1.0172650e-04 0.0000000e+00 
6.7060391e-05 -1.1036987e-04 0.0000000e+00 
-4.0458515e-05 7.3712785e-05 0.0000000e+00 
1.3177190e-04 -1.0504667e-04 0.0000000e+00 
8.2617626e-06 -2.4029054e-05 0.0000000e+00 
1.0490138e-04 -1.3344968e-04 0.0000000e+00 
8.7693334e-06 -4.7372188e-05 0.0000000e+00 
6.9011003e-07 1.4622579e-05 0.0000000e+00 
-2.7187634e-05 8.2368497e-05 0.0000000e+00 
3.0251220e-05 -5.7172845e-05 0.0000000e+00 
2.9634684e-06 1.6900478e-05 0.0000000e+00 
5.3637661e-05 -5.8067963e-05 0.0000000e+00 
-1.4244579e-06 -2.5059155e-05 0.0000000e+00 
-1.9528903e-05 4.6267174e-05 0.0000000e+00 
-2.0490028e-05 7.9777092e-05 0.0000000e+00 
-6.4959750e-06 -2.5982386e-05 0.0000000e+00 
-1.2411270e-05 3.4715049e-06 0.0000000e+00 
2.0093797e-04 -1.8705032e-04 0.0000000e+00 
-9.9204481e-06 -1.4685094e-05 0.0000000e+00 
8.3399937e-07 3.9380509e-05 0.0000000e+00 
-5.7362486e-05 6.3217711e-05 0.0000000e+00 
1.2593251e-04 -1.3529189e-04 0.0000000e+00 
-6.5478496e-05 3.0859374e-05 0.0000000e+00 
-1.1770753e-05 6.8656867e-05 0.0000000e+00 
-5.3201220e-05 6.4120512e-05 0.0000000e+00 
-5.5727549e-05 8.3485153e-05 0.0000000e+00 
-6.6678971e-05 1.4643557e-04 0.0000000e+00 
-2.9350165e-05 1.1956785e-05 0.0000000e+00 
-4.8755202e-05 9.0583228e-05 0.0000000e+00 
-5.7697296e-05 6.2561128e-05 0.0000000e+00 
-1.1201948e-05 2.3853034e-05 0.0000000e+00 
-8.4843487e-06 3.3038668e-06 0.0000000e+00 
-3.0583236e-05 8.0067664e-05 0.0000000e+00 
-2.6563182e-05 -4.0000305e-06 0.0000000e+00 
1.6268808e-05 -4.0592742e-05 0.0000000e+00 
-2.1377578e-05 1.4119316e-05 0.0000000e+00 
-4.0112063e-06 6.0498714e-06 0.0000000e+00 
5.0500967e-07 -2.9531540e-05 0.0000000e+00 
-2.2489578e-05 1.5564263e-05 0.0000000e+00 
-5.9632584e-05 7.1259215e-05 0.0000000e+00 
6.6633802e-06 -2.8352486e-05 0.0000000e+00 
-3.4218654e-05 1.0382012e-04 0.0000000e+00 
-7.3239207e-06 -2.5292858e-05 0.0000000e+00 
-3.6021229e-05 9.4297066e-06 0.0000000e+00 
6.5657310e-05 -3.2734592e-05 0.0000000e+00 
1.2253644e-05 -2.0399690e-05 0.0000000e+00 
4.4425949e-05 -1.4698133e-05 0.0000000e+00 
1.2845593e-04 -5.4785400e-05 0.0000000e+00 
7.3730480e-06 -3.2540411e-06 0.0000000e+00 
7.0608221e-06 -9.2401169e-05 0.0000000e+00 
-3.4663826e-06 -3.9525330e-05 0.0000000e+00 
5.5362470e-05 -7.4988231e-05 0.0000000e+00 
-7.9568475e-05 9.4528310e-05 0.0000000e+00 
-8.3159655e-05 7.5754244e-05 0.0000000e+00 
3.9156526e-05 -7.6692551e-05 0.0000000e+00 
1.9552186e-05 3.7981197e-05 0.0000000e+00 
-9.8430552e-05 5.7576224e-05 0.0000000e+00 
3.0492898e-05 -7.0826616e-05 0.0000000e+00 
1.8994382e-05 -2.3905654e-05 0.0000000e+00 
1.3107434e-05 -4.7793146e-06 0.0000000e+00 
2.5454909e-05 -2.7191825e-05 0.0000000e+00 
-5.5786222e-07 -4.6094880e-05 0.0000000e+00 
-8.6901709e-05 5.8399281e-05 0.0000000e+00 
-2.1019485e-05 3.5378616e-06 0.0000000e+00 
2.3322180e-05 -2.5611836e-05 0.0000000e+00 
-5.5014156e-05 2.9304065e-05 0.0000000e+00 
6.8689696e-06 -1.3993122e-06 0.0000000e+00 
-4.8873015e-05 4.0164217e-05 0.0000000e+00 
-3.3956021e-06 9.7032171e-06 0.0000000e+00 
-9.0052374e-05 2.5382731e-05 0.0000000e+00 
-3.2235868e-05 -3.2234937e-05 0.0000000e+00 
-1.2166798e-05 1.3537705e-05 0.0000000e+00 
7.6531433e-05 -8.2390383e-05 0.0000000e+00 
-4.1581690e-05 2.2101973e-05 0.0000000e+00 
-6.6917855e-06 3.2127486e-05 0.0000000e+00 
2.6904978e-05 -7.5964257e-05 0.0000000e+00 
-4.8818998e-05 5.0241593e-05 0.0000000e+00 
-2.7513131e-05 5.9797429e-05 0.0000000e+00 
-3.5420991e-05 6.1065890e-05 0.0000000e+00 
-1.3629906e-05 5.6737103e-05 0.0000000e+00 
-1.6438280e-05 5.0980831e-05 0.0000000e+00 
4.1813590e-05 -5.0294213e-05 0.0000000e+00 
-4.5822002e-05 5.4573407e-05 0.0000000e+00 
-3.2003038e-05 8.6540589e-05 0.0000000e+00 
-5.6752469e-05 1.9420404e-05 0.0000000e+00 
6.0722232e-06 -7.6303142e-05 0.0000000e+00 
-5.8481470e-05 1.4582556e-04 0.0000000e+00 
1.2200326e-04 -1.0133791e-04 0.0000000e+00 
-5.2997842e-05 7.9008751e-05 0.0000000e+00 
6.5575354e-05 -9.7290613e-05 0.0000000e+00 
4.8130751e-05 -2.4207635e-05 0.0000000e+00 
-6.0395338e-05 4.9584545e-05 0.0000000e+00 
1.6718172e-05 -1.4315359e-05 0.0000000e+00 
-5.6168064e-06 2.5016721e-05 0.0000000e+00 
1.5488826e-04 -1.6256422e-04 0.0000000e+00 
-2.5732443e-06 2.4798792e-05 0.0000000e+00 
-2.8381124e-05 -3.6076235e-05 0.0000000e+00 
2.6383996e-04 -2.4667312e-04 0.0000000e+00 
5.5230455e-05 -5.5541168e-05 0.0000000e+00 
3.8735103e-05 -3.0146446e-05 0.0000000e+00 
1.8601911e-04 -1.2079999e-04 0.0000000e+00 
-1.2122095e-05 1.5080208e-05 0.0000000e+00 
-7.6728873e-05 1.0445341e-04 0.0000000e+00 
-9.6157601e-06 3.5113248e-05 0.0000000e+00 
3.8323924e-05 -7.5182877e-05 0.0000000e+00 
-5.2494230e-05 9.6222851e-05 0.0000000e+00 
2.9050745e-05 -7.9473015e-05 0.0000000e+00 
1.2079254e-05 -8.7664230e-05 0.0000000e+00 
-1.3356470e-04 1.4346372e-04 0.0000000e+00 
-2.4931692e-04 2.4084374e-04 0.0000000e+00 
-8.9698005e-05 1.0775402e-04 0.0000000e+00 
-6.0063787e-05 1.0341220e-04 0.0000000e+00 
-3.4221448e-05 6.3330866e-05 0.0000000e+00 
5.7407655e-05 -9.0569258e-05 0.0000000e+00 
-1.5640724e-04 6.5356959e-05 0.0000000e+00 
-1.1595432e-05 2.0978972e-05 0.0000000e+00 
2.1301210e-05 -3.5070814e-05 0.0000000e+00 
7.2364230e-05 -1.1404511e-04 0.0000000e+00 
-2.9514427e-05 -3.5741832e-06 0.0000000e+00 
6.6139735e-05 -3.1101052e-05 0.0000000e+00 
1.1166325e-05 -5.7860976e-05 0.0000000e+00 
-3.2930635e-05 1.4767866e-05 0.0000000e+00 
1.8901192e-05 -5.4637901e-05 0.0000000e+00 
4.5796856e-05 -3.9253384e-05 0.0000000e+00 
1.2096856e-04 -8.4793894e-05 0.0000000e+00 
1.5465356e-04 -1.4581345e-04 0.0000000e+00 
-3.9776322e-05 3.5020523e-05 0.0000000e+00 
6.4034015e-05 -1.1819322e-04 0.0000000e+00 
6.1828643e-05 -1.0040775e-04 0.0000000e+00 
-4.5397319e-06 -6.3621090e-05 0.0000000e+00 
1.4606863e-04 -1.2347009e-04 0.0000000e+00 
-7.5441785e-06 4.6760309e-05 0.0000000e+00 
-6.2156469e-05 1.9761245e-04 0.0000000e+00 
-1.7747749e-05 -2.4447218e-05 0.0000000e+00 
-3.5212375e-05 2.2114313e-05 0.0000000e+00 
-2.9549003e-05 4.8432499e-05 0.0000000e+00 
-1.4210586e-05 8.8387635e-05 0.0000000e+00 
-3.8428232e-05 7.2983094e-05 0.0000000e+00 
2.9348303e-05 -5.4725562e-05 0.0000000e+00 
2.8070092e-05 -8.2058599e-05 0.0000000e+00 
-4.5774505e-05 4.6133064e-06 0.0000000e+00 
-1.0904111e-04 9.5303170e-05 0.0000000e+00 
-5.6888908e-05 4.0164683e-05 0.0000000e+00 
9.2089176e-06 3.7107617e-05 0.0000000e+00 
-1.0523014e-05 1.2212433e-05 0.0000000e+00 
9.5979311e-05 -5.8100559e-05 0.0000000e+00 
-3.0616298e-05 2.7928036e-05 0.0000000e+00 
1.1560507e-05 2.2919849e-06 0.0000000e+00 
-1.1838600e-04 1.3067713e-04 0.0000000e+00 
-2.0127045e-05 4.5257621e-05 0.0000000e+00 
-5.9779268e-05 4.4108834e-05 0.0000000e+00 
-3.6447542e-05 2.7013419e-05 0.0000000e+00 
-6.0065649e-05 4.3762848e-06 0.0000000e+00 
3.0839816e-05 -8.6671673e-05 0.0000000e+00 
-1.3940968e-05 5.2451622e-05 0.0000000e+00 
3.6312267e-06 -7.3190546e-05 0.0000000e+00 
-1.7788913e-04 1.8236181e-04 0.0000000e+00 
2.9892195e-05 -2.9315008e-05 0.0000000e+00 
6.8139285e-05 -4.9253576e-05 0.0000000e+00 
-5.7364814e-06 -6.7432411e-05 0.0000000e+00 
7.6387078e-05 -9.5481984e-05 0.0000000e+00 
5.6214631e-06 2.0273030e-05 0.0000000e+00 
-5.8235222e-05 8.2493061e-05 0.0000000e+00 
-1.8959865e-05 1.0564120e-04 0.0000000e+00 
-7.8044832e-05 8.2170591e-05 0.0000000e+00 
-6.0879625e-05 6.1093597e-05 0.0000000e+00 
2.5286339e-05 -6.2096398e-05 0.0000000e+00 
1.0268763e-04 -1.1873100e-04 0.0000000e+00 
1.4244579e-05 -2.1578453e-05 0.0000000e+00 
1.2923684e-04 -1.7518329e-04 0.0000000e+00 
3.5270117e-04 -3.2654218e-04 0.0000000e+00 
3.6458834e-05 -8.1853592e-05 0.0000000e+00 
-2.8987415e-07 -2.5273330e-06 0.0000000e+00 
-1.3783574e-07 -4.1944906e-05 0.0000000e+00 
2.5407411e-05 3.9764680e-05 0.0000000e+00 
2.0195730e-06 -2.6524067e-06 0.0000000e+00 
2.3326045e-04 -1.9567111e-04 0.0000000e+00 
6.6515058e-06 -1.1542812e-05 0.0000000e+00 
2.3289584e-05 -2.1436252e-05 0.0000000e+00 
4.3816864e-05 -3.5246368e-05 0.0000000e+00 
4.6385452e-05 -3.2718293e-05 0.0000000e+00 
-6.7194924e-07 8.1118196e-07 0.0000000e+00 
-7.1870163e-05 1.9929348e-04 0.0000000e+00 
-1.1353754e-05 3.2149954e-05 0.0000000e+00 
1.8000370e-05 1.0995020e-05 0.0000000e+00 
1.9338913e-05 -1.0876800e-04 0.0000000e+00 
-5.0008297e-05 6.1288010e-05 0.0000000e+00 
-2.8098002e-06 -5.5657816e-05 0.0000000e+00 
-2.2904389e-04 2.0120898e-04 0.0000000e+00 
-1.1636410e-04 9.6589327e-05 0.0000000e+00 
1.2978911e-05 -3.6812969e-05 0.0000000e+00 
-7.1850140e-05 2.2657914e-05 0.0000000e+00 
-1.4941208e-05 6.7474321e-05 0.0000000e+00 
-5.3233467e-05 8.5113570e-05 0.0000000e+00 
-4.2207888e-05 5.8699865e-05 0.0000000e+00 
3.4864992e-05 -7.7124685e-05 0.0000000e+00 
4.1602179e-06 5.3207390e-05 0.0000000e+00 
-1.6396865e-05 8.8141533e-06 0.0000000e+00 
2.5155023e-06 -4.3234788e-05 0.0000000e+00 
-2.0236708e-05 1.0083895e-05 0.0000000e+00 
2.0782463e-06 -8.3399937e-05 0.0000000e+00 
-1.8573599e-05 7.1525341e-05 0.0000000e+00 
-7.5650401e-05 3.7810300e-05 0.0000000e+00 
-1.1018105e-04 1.0091346e-04 0.0000000e+00 
1.0193791e-05 5.8298931e-05 0.0000000e+00 
-3.5427511e-06 -4.6069501e-05 0.0000000e+00 
5.3307042e-05 -5.7584140e-05 0.0000000e+00 
8.3595514e-06 -3.5056495e-05 0.0000000e+00 
-6.2445179e-05 1.1065276e-05 0.0000000e+00 
-3.7486665e-05 1.4288235e-04 0.0000000e+00 
-3.2486860e-06 -1.0903459e-05 0.0000000e+00 
3.7032180e-05 -5.8951788e-05 0.0000000e+00 
-6.6041946e-05 1.0840315e-04 0.0000000e+00 
-2.7718488e-05 1.7821789e-05 0.0000000e+00 
-5.7248399e-05 4.2436644e-05 0.0000000e+00 
-3.3005228e-05 7.7820616e-05 0.0000000e+00 
2.0780042e-04 -1.4910661e-04 0.0000000e+00 
1.7137732e-04 -1.3390486e-04 0.0000000e+00 
4.5875087e-05 -6.2030740e-05 0.0000000e+00 
3.3068936e-05 -4.1292049e-05 0.0000000e+00 
-8.4341504e-05 7.7907462e-05 0.0000000e+00 
2.9378571e-05 -3.3810735e-05 0.0000000e+00 
-3.5848236e-05 1.1405360e-04 0.0000000e+00 
7.4862503e-05 -6.1115716e-05 0.0000000e+00 
2.5750138e-05 -3.0760886e-05 0.0000000e+00 
-1.0235980e-04 1.1516456e-04 0.0000000e+00 
-6.1481260e-05 1.9785669e-04 0.0000000e+00 
1.7746584e-05 -1.2556244e-05 0.0000000e+00 
3.9558858e-05 -1.1560507e-05 0.0000000e+00 
-8.4098428e-06 -2.4749897e-05 0.0000000e+00 
2.7050264e-06 7.3299743e-06 0.0000000e+00 
5.5177137e-05 -1.4826213e-04 0.0000000e+00 
-1.6798778e-04 1.3626879e-04 0.0000000e+00 
-2.2210553e-04 1.9878987e-04 0.0000000e+00 
1.6420148e-05 -6.5558183e-05 0.0000000e+00 
2.6294962e-05 -9.5509924e-05 0.0000000e+00 
1.3204105e-04 -1.0342710e-04 0.0000000e+00 
-2.0992849e-04 2.0227721e-04 0.0000000e+00 
-5.1388517e-05 8.9250505e-05 0.0000000e+00 
2.8061098e-05 -2.7805567e-05 0.0000000e+00 
-1.4005229e-05 5.5266544e-05 0.0000000e+00 
-1.0754913e-05 2.2445573e-05 0.0000000e+00 
5.3440221e-05 -1.5376252e-04 0.0000000e+00 
3.8454309e-05 -8.3268620e-05 0.0000000e+00 
3.8362108e-05 -7.8306301e-05 0.0000000e+00 
8.4409956e-05 -9.6412376e-05 0.0000000e+00 
3.1655654e-05 -4.6417117e-05 0.0000000e+00 
-1.1280179e-05 -1.0691583e-06 0.0000000e+00 
1.1176430e-04 -1.1742802e-04 0.0000000e+00 
2.2687018e-04 -2.5800616e-04 0.0000000e+00 
2.3930334e-05 -6.3787447e-05 0.0000000e+00 
4.4311164e-06 -3.4048688e-05 0.0000000e+00 
-1.0600965e-04 1.1131354e-04 0.0000000e+00 
-1.0455586e-04 1.3307016e-04 0.0000000e+00 
4.6323985e-06 2.5390647e-05 0.0000000e+00 
1.7343705e-04 1.5064254e-03 0.0000000e+00 
-1.0564737e-04 2.1516439e-04 0.0000000e+00 
-1.4579017e-04 1.1726981e-04 0.0000000e+00 
4.8393849e-05 -9.8559540e-05 0.0000000e+00 
5.2174553e-05 -1.1439098e-04 0.0000000e+00 
-9.1784168e-06 -1.7669750e-05 0.0000000e+00 
1.3735204e-05 -9.7543118e-05 0.0000000e+00 
3.5787933e-05 -2.9272400e-05 0.0000000e+00 
4.4095330e-05 -2.2102147e-05 0.0000000e+00 
1.0125991e-04 -6.1870553e-05 0.0000000e+00 
-5.7839323e-05 8.7561202e-05 0.0000000e+00 
-4.2489730e-05 4.6039000e-05 0.0000000e+00 
-5.7115220e-05 1.1567632e-04 0.0000000e+00 
-3.6298297e-05 9.4900373e-05 0.0000000e+00 
9.4003044e-05 -7.1307644e-05 0.0000000e+00 
-1.6447389e-05 -9.2725130e-03 0.0000000e+00 
1.2745149e-04 -1.3749674e-04 0.0000000e+00 
3.3628196e-05 -3.5218894e-05 0.0000000e+00 
-1.2133177e-04 1.6982539e-04 0.0000000e+00 
4.8370566e-07 8.2717743e-06 0.0000000e+00 
-6.5600500e-05 1.9084313e-04 0.0000000e+00 
5.8216974e-05 -5.1814131e-05 0.0000000e+00 
-5.3025782e-05 7.2384253e-05 0.0000000e+00 
6.9802627e-06 -2.9192772e-05 0.0000000e+00 
-2.7394854e-06 4.8065092e-05 0.0000000e+00 
3.8252212e-05 -1.5979749e-04 0.0000000e+00 
-8.0675818e-05 8.5478649e-05 0.0000000e+00 
-3.0748080e-05 3.6333222e-05 0.0000000e+00 
-2.4118577e-05 4.2020096e-05 0.0000000e+00 
1.1245348e-04 -7.9875812e-05 0.0000000e+00 
-3.6942773e-05 7.5909309e-05 0.0000000e+00 
8.5802749e-05 -2.6042510e-02 0.0000000e+00 
-3.3976510e-05 5.2979216e-05 0.0000000e+00 
6.9078989e-05 -4.7766662e-05 0.0000000e+00 
5.4567587e-05 -1.1191505e-04 0.0000000e+00 
4.2514410e-05 -6.9385162e-05 0.0000000e+00 
-5.1473267e-05 7.4903481e-05 0.0000000e+00 
-2.0907074e-04 1.9423012e-04 0.0000000e+00 
-4.7638081e-05 3.8026832e-05 0.0000000e+00 
1.0515284e-04 -2.0215474e-04 0.0000000e+00 
-4.3647939e-05 1.3936253e-05 0.0000000e+00 
7.8787096e-05 -3.0211981e-02 0.0000000e+00 
5.8761798e-05 -1.1777133e-04 0.0000000e+00 
-6.3428655e-05 6.3912943e-05 0.0000000e+00 
3.5413541e-06 -3.2612588e-05 0.0000000e+00 
3.2315031e-05 -4.2274594e-05 0.0000000e+00 
3.1865202e-05 -4.3514941e-05 0.0000000e+00 
2.6764348e-05 -3.3210847e-05 0.0000000e+00 
-4.3255277e-06 2.9735733e-05 0.0000000e+00 
1.7443672e-05 -6.4406078e-05 0.0000000e+00 
2.5289133e-05 -8.6900662e-05 0.0000000e+00 
-9.5879659e-06 2.0578736e-05 0.0000000e+00 
-4.4450862e-05 6.9339527e-05 0.0000000e+00 
-5.2781776e-05 1.9573653e-04 0.0000000e+00 
2.8480776e-05 -2.6934780e-05 0.0000000e+00 
-4.0241517e-05 -8.0690719e-05 0.0000000e+00 
5.9224665e-05 -9.6044503e-05 0.0000000e+00 
5.8290549e-05 -2.7685385e-02 0.0000000e+00 
-1.2022909e-04 1.0267040e-04 0.0000000e+00 
-5.6155026e-05 6.7548826e-05 0.0000000e+00 
6.3451007e-06 -1.0449439e-05 0.0000000e+00 
-6.2100589e-05 9.2783244e-05 0.0000000e+00 
7.2354451e-06 -1.8654391e-06 0.0000000e+00 
-1.3015978e-04 1.5284494e-04 0.0000000e+00 
8.2219020e-05 -9.5410272e-05 0.0000000e+00 
2.2356398e-05 -6.1746687e-07 0.0000000e+00 
-5.9558079e-06 -4.3429551e-05 0.0000000e+00 
-6.6953478e-05 9.1179973e-05 0.0000000e+00 
4.7006644e-05 2.6284135e-05 0.0000000e+00 
-8.5911714e-05 1.9057374e-04 0.0000000e+00 
1.2109987e-04 -2.0886282e-02 0.0000000e+00 
3.5235658e-05 -3.8556755e-07 0.0000000e+00 
-2.7111964e-05 3.2282900e-05 0.0000000e+00 
-2.3360364e-05 7.2300900e-05 0.0000000e+00 
6.0569495e-05 -3.3552758e-05 0.0000000e+00 
5.1525421e-05 -4.3853535e-05 0.0000000e+00 
2.4693552e-05 -1.0840595e-04 0.0000000e+00 
-2.5218353e-05 5.9024431e-05 0.0000000e+00 
-8.2240440e-05 6.5138564e-05 0.0000000e+00 
1.0826509e-05 -3.5639227e-05 0.0000000e+00 
4.3667853e-05 -6.8962574e-05 0.0000000e+00 
1.4639460e-05 -1.5398371e-05 0.0000000e+00 
1.5003607e-06 -1.0819432e-02 0.0000000e+00 
1.1593942e-04 -1.5349220e-04 0.0000000e+00 
1.1047814e-05 -2.3126137e-05 0.0000000e+00 
1.9602478e-05 -4.1905325e-05 0.0000000e+00 
-4.3624081e-05 9.5292926e-06 0.0000000e+00 
-7.3137693e-05 6.6528562e-05 0.0000000e+00 
-4.9661845e-05 7.0054084e-05 0.0000000e+00 
5.5601820e-05 -1.4465768e-04 0.0000000e+00 
6.2989071e-05 -4.5278575e-05 0.0000000e+00 
3.8268976e-05 -1.3751659e-04 0.0000000e+00 
-2.9184448e-05 -1.7860730e-05 0.0000000e+00 
3.6135316e-06 -5.4253265e-05 0.0000000e+00 
8.8273548e-05 -6.7032874e-05 0.0000000e+00 
3.8489234e-05 -5.0055794e-05 0.0000000e+00 
4.1774474e-05 1.4814694e-03 0.0000000e+00 
-1.8878281e-04 2.4562795e-04 0.0000000e+00 
9.7708777e-05 -3.8313679e-05 0.0000000e+00 
-7.5008720e-06 4.8166141e-05 0.0000000e+00 
-4.6300702e-05 6.0535967e-05 0.0000000e+00 
-7.4692070e-07 1.0136282e-06 0.0000000e+00 
-2.9252842e-05 5.5894023e-05 0.0000000e+00 
-3.4019351e-05 2.3105182e-05 0.0000000e+00 
-3.0951574e-05 -1.4379562e-05 0.0000000e+00 
2.1819957e-05 -1.5221070e-05 0.0000000e+00 
-7.4339565e-05 1.0925275e-04 0.0000000e+00 
1.8765219e-05 -2.4098437e-05 0.0000000e+00 
1.1137873e-04 1.5647549e-02 0.0000000e+00 
4.9884431e-05 -7.6458789e-05 0.0000000e+00 
6.2780455e-05 -8.6920918e-05 0.0000000e+00 
-5.3654192e-05 1.4260702e-04 0.0000000e+00 
1.0281615e-04 -8.5433014e-05 0.0000000e+00 
-1.1342927e-06 3.6500045e-05 0.0000000e+00 
1.7362926e-04 -1.8372107e-04 0.0000000e+00 
-8.7723136e-05 2.2620754e-04 0.0000000e+00 
9.8870136e-05 -7.8420853e-05 0.0000000e+00 
1.1219643e-05 -7.0267823e-05 0.0000000e+00 
2.2765249e-05 -2.4905370e-05 0.0000000e+00 
-2.8377865e-05 4.8165210e-05 0.0000000e+00 
1.5689991e-05 3.1351186e-02 0.0000000e+00 
3.1213276e-06 -8.2213432e-05 0.0000000e+00 
-5.2127987e-05 3.8495753e-05 0.0000000e+00 
-1.0225689e-05 -1.1384720e-05 0.0000000e+00 
-1.5711412e-05 7.8883022e-06 0.0000000e+00 
-6.5498054e-05 1.3045594e-04 0.0000000e+00 
-1.7579645e-05 -8.8144443e-06 0.0000000e+00 
-8.0466270e-07 -4.3452135e-05 0.0000000e+00 
-1.3436284e-04 1.1693127e-04 0.0000000e+00 
-3.8609840e-05 9.2452392e-05 0.0000000e+00 
3.1565316e-05 -6.9830567e-06 0.0000000e+00 
2.6581343e-05 -2.3716711e-05 0.0000000e+00 
2.3850007e-06 -2.7564587e-05 0.0000000e+00 
-1.3203826e-04 2.1784892e-04 0.0000000e+00 
5.4070726e-05 4.8031025e-02 0.0000000e+00 
-2.6667491e-05 1.1781231e-06 0.0000000e+00 
3.8222875e-05 -9.7093871e-05 0.0000000e+00 
-2.7906615e-05 2.8801034e-05 0.0000000e+00 
6.6379085e-05 -1.0689395e-04 0.0000000e+00 
-5.3767115e-05 5.6422781e-05 0.0000000e+00 
-1.7346814e-05 3.6434503e-05 0.0000000e+00 
-3.2927841e-05 5.0175702e-05 0.0000000e+00 
3.1136908e-05 -4.1405670e-05 0.0000000e+00 
-5.1596202e-05 -1.8519349e-05 0.0000000e+00 
3.7809834e-05 -6.8987720e-06 0.0000000e+00 
-1.6288832e-06 5.4974109e-05 0.0000000e+00 
-7.2973780e-06 -3.7129153e-05 0.0000000e+00 
4.3992884e-05 6.5608248e-02 0.0000000e+00 
-9.9847093e-06 -1.2621400e-05 0.0000000e+00 
1.5569199e-04 -1.8910179e-04 0.0000000e+00 
-1.1312310e-05 4.9407245e-05 0.0000000e+00 
2.8111972e-05 -6.3730404e-06 0.0000000e+00 
1.4464930e-04 -1.8235110e-04 0.0000000e+00 
2.1771528e-05 -4.3396838e-05 0.0000000e+00 
2.9204413e-05 -1.5549012e-06 0.0000000e+00 
-8.8443048e-06 3.2369047e-05 0.0000000e+00 
1.1683442e-06 4.3012435e-05 0.0000000e+00 
7.1985647e-05 8.3750851e-02 0.0000000e+00 
2.4433248e-05 -1.9013882e-05 0.0000000e+00 
3.7547201e-05 -8.3594583e-05 0.0000000e+00 
2.6791124e-05 -3.5256147e-05 0.0000000e+00 
-6.8123452e-05 1.8751412e-04 0.0000000e+00 
-7.5952150e-05 6.5083150e-05 0.0000000e+00 
-2.7483398e-05 4.1886058e-05 0.0000000e+00 
-7.7667646e-05 7.6691154e-05 0.0000000e+00 
-1.2944359e-04 1.9575749e-04 0.0000000e+00 
-2.8908253e-06 8.9313835e-07 0.0000000e+00 
1.4910474e-05 -2.9748073e-05 0.0000000e+00 
1.4485558e-05 -9.6193864e-05 0.0000000e+00 
-3.8219616e-05 1.0254192e-01 0.0000000e+00 
-5.9474260e-06 3.0287076e-05 0.0000000e+00 
-3.1146221e-05 3.3332966e-05 0.0000000e+00 
-3.9553270e-05 4.9313530e-05 0.0000000e+00 
2.1814369e-05 -8.1633218e-05 0.0000000e+00 
-1.4598481e-05 1.0105316e-05 0.0000000e+00 
-2.4888897e-05 -8.3377818e-06 0.0000000e+00 
2.3958273e-06 -2.0032167e-05 0.0000000e+00 
5.7798810e-05 -9.5076859e-05 0.0000000e+00 
6.2302686e-05 -8.2673505e-05 0.0000000e+00 
3.0646101e-05 -2.6592752e-05 0.0000000e+00 
-1.4451216e-06 -7.8562734e-05 0.0000000e+00 
9.2707574e-05 -1.2815546e-04 0.0000000e+00 
1.2931507e-04 1.2136734e-01 0.0000000e+00 
-1.0240823e-05 -5.7353172e-06 0.0000000e+00 
2.6417896e-05 -4.9024820e-06 0.0000000e+00 
-2.5301240e-05 7.7339821e-05 0.0000000e+00 
8.9704990e-06 -1.3954937e-05 0.0000000e+00 
-5.6714751e-05 4.7131442e-05 0.0000000e+00 
7.5521879e-05 -1.2639305e-04 0.0000000e+00 
8.1503764e-05 -5.0164759e-05 0.0000000e+00 
-1.8192688e-05 1.3964949e-05 0.0000000e+00 
-3.2816082e-05 6.3636340e-05 0.0000000e+00 
-1.0117423e-04 5.5366196e-05 0.0000000e+00 
-1.1047814e-05 -4.2816857e-05 0.0000000e+00 
-7.7569857e-06 -2.0422856e-05 0.0000000e+00 
3.2490119e-05 1.4067331e-01 0.0000000e+00 
-3.8724393e-05 3.6229379e-05 0.0000000e+00 
-2.9374845e-05 1.0493945e-04 0.0000000e+00 
-4.8559159e-06 7.2171912e-05 0.0000000e+00 
-5.3467229e-05 1.5693717e-05 0.0000000e+00 
-9.4793271e-05 2.2215745e-04 0.0000000e+00 
-3.5923440e-06 -6.9448724e-06 0.0000000e+00 
-8.1252307e-05 5.4555014e-05 0.0000000e+00 
-6.1693601e-05 4.8471615e-05 0.0000000e+00 
1.8766150e-05 5.0598755e-06 0.0000000e+00 
3.4835190e-05 1.5999261e-01 0.0000000e+00 
-6.3100830e-05 8.2603423e-05 0.0000000e+00 
-2.1451153e-05 3.1563221e-05 0.0000000e+00 
3.1434931e-05 -9.3257055e-05 0.0000000e+00 
-4.3011649e-05 5.1335315e-05 0.0000000e+00 
-2.5806949e-05 -5.9988815e-06 0.0000000e+00 
-2.2569671e-05 1.8422492e-05 0.0000000e+00 
1.7650542e-05 -1.1082939e-04 0.0000000e+00 
4.9320981e-05 -1.0866113e-04 0.0000000e+00 
2.6575290e-05 -8.1413426e-05 0.0000000e+00 
-4.5719557e-05 2.8709881e-05 0.0000000e+00 
9.9105295e-05 1.7931083e-01 0.0000000e+00 
7.6508150e-05 -1.1497177e-04 0.0000000e+00 
1.6309321e-05 -5.9128739e-05 0.0000000e+00 
-3.3602118e-06 -7.3805684e-05 0.0000000e+00 
1.5644822e-05 -3.7459889e-05 0.0000000e+00 
3.5537872e-05 -9.7786076e-05 0.0000000e+00 
-7.3464122e-05 6.2264968e-05 0.0000000e+00 
9.0745307e-06 -3.1967356e-05 0.0000000e+00 
4.5146793e-05 -6.4772088e-05 0.0000000e+00 
-2.1774322e-05 4.2473897e-05 0.0000000e+00 
7.7777542e-05 -5.7770871e-05 0.0000000e+00 
-5.6792051e-06 1.6724458e-05 0.0000000e+00 
3.7862919e-05 -3.6066398e-05 0.0000000e+00 
-1.8385239e-05 1.9879737e-01 0.0000000e+00 
-2.2522174e-05 -7.2782859e-06 0.0000000e+00 
-2.4233013e-05 6.8526715e-05 0.0000000e+00 
7.8469515e-05 -1.0961993e-04 0.0000000e+00 
2.6617199e-06 5.5109733e-05 0.0000000e+00 
1.2224307e-05 -5.1602256e-05 0.0000000e+00 
9.2857517e-06 -1.9288156e-05 0.0000000e+00 
-1.3326528e-05 1.0385411e-05 0.0000000e+00 
-3.7964433e-05 5.6026969e-05 0.0000000e+00 
4.0310901e-05 2.1803582e-01 0.0000000e+00 
-1.0625180e-04 1.1674128e-04 0.0000000e+00 
-1.9526109e-05 6.3032378e-05 0.0000000e+00 
-1.2390641e-04 3.0188169e-04 0.0000000e+00 
3.1912699e-05 -7.8990124e-05 0.0000000e+00 
-2.3785979e-06 5.3323805e-05 0.0000000e+00 
3.0174851e-05 1.9557774e-06 0.0000000e+00 
-2.4516834e-05 5.9191720e-05 0.0000000e+00 
-1.1551147e-04 9.6623786e-05 0.0000000e+00 
-2.8308947e-05 8.2068145e-06 0.0000000e+00 
-1.7193146e-05 5.5255368e-05 0.0000000e+00 
1.1493731e-04 2.3721217e-01 0.0000000e+00 
-7.2869938e-05 9.5264055e-05 0.0000000e+00 
2.4422072e-05 -2.3990404e-05 0.0000000e+00 
8.8103116e-07 -4.0271319e-05 0.0000000e+00 
1.6111881e-07 1.2427685e-05 0.0000000e+00 
6.3490123e-05 -4.3981709e-05 0.0000000e+00 
7.5493008e-06 1.7973594e-05 0.0000000e+00 
-1.5031546e-05 -3.9200764e-05 0.0000000e+00 
4.8383023e-05 -7.2811352e-05 0.0000000e+00 
-7.4836425e-06 -5.0364877e-05 0.0000000e+00 
6.9393776e-05 -3.7895516e-05 0.0000000e+00 
9.9684112e-06 2.5642121e-01 0.0000000e+00 
1.0721106e-04 -8.4128231e-05 0.0000000e+00 
5.1990151e-05 -4.2860163e-05 0.0000000e+00 
1.2867246e-04 -2.1963380e-04 0.0000000e+00 
4.6764268e-05 -6.2122941e-05 0.0000000e+00 
3.5374891e-05 -5.6250952e-05 0.0000000e+00 
6.1858445e-05 -4.4884160e-05 0.0000000e+00 
-2.7724542e-05 2.4214387e-08 0.0000000e+00 
-2.7354115e-05 8.1711914e-06 0.0000000e+00 
3.3511780e-05 4.2344444e-05 0.0000000e+00 
9.0815593e-06 -5.8866572e-06 0.0000000e+00 
4.2901840e-05 2.7533996e-01 0.0000000e+00 
6.6110864e-05 -1.0373723e-04 0.0000000e+00 
-3.9494596e-05 3.9127190e-05 0.0000000e+00 
-1.4025718e-05 7.2060735e-05 0.0000000e+00 
-1.5421025e-04 2.2903178e-04 0.0000000e+00 
-4.4071116e-05 5.7409517e-05 0.0000000e+00 
-9.4602816e-05 2.5506830e-04 0.0000000e+00 
7.7868812e-05 -1.1521787e-04 0.0000000e+00 
-4.8023649e-06 2.0209700e-06 0.0000000e+00 
-6.9546513e-06 -1.4672987e-06 0.0000000e+00 
-6.8647787e-06 6.5681757e-05 0.0000000e+00 
5.2445568e-05 2.9415694e-01 0.0000000e+00 
-8.6945016e-05 5.1193871e-05 0.0000000e+00 
-9.4137155e-05 1.2823660e-04 0.0000000e+00 
-3.0457973e-05 1.0768214e-04 0.0000000e+00 
3.8070604e-05 -4.4341665e-05 0.0000000e+00 
-9.0012327e-07 -6.3220970e-05 0.0000000e+00 
8.0168247e-06 8.2924962e-06 0.0000000e+00 
1.1460762e-04 -8.4057450e-05 0.0000000e+00 
-9.4605610e-05 1.0447763e-04 0.0000000e+00 
1.9883737e-07 3.1279171e-01 0.0000000e+00 
1.8826802e-05 -6.8629626e-05 0.0000000e+00 
-1.2510456e-05 -3.3599790e-06 0.0000000e+00 
-4.0290877e-05 4.3429434e-05 0.0000000e+00 
-4.4149463e-05 -1.3814933e-05 0.0000000e+00 
4.8401766e-05 -7.3074363e-05 0.0000000e+00 
4.7089299e-05 -1.4981709e-04 0.0000000e+00 
-1.7720740e-05 -1.5826896e-05 0.0000000e+00 
-1.5746802e-05 4.7778478e-05 0.0000000e+00 
3.5399571e-05 -7.3400326e-05 0.0000000e+00 
-8.5026026e-05 9.5579773e-05 0.0000000e+00 
5.5200886e-05 3.3124119e-01 0.0000000e+00 
6.2193722e-06 -2.5343150e-05 0.0000000e+00 
1.3743434e-04 -1.8629059e-04 0.0000000e+00 
-5.1138923e-05 3.5875710e-05 0.0000000e+00 
-7.5145188e-05 9.3793496e-05 0.0000000e+00 
7.1548857e-06 -5.0404109e-05 0.0000000e+00 
5.2871881e-05 -1.3141241e-04 0.0000000e+00 
-6.2824925e-05 1.2210023e-04 0.0000000e+00 
7.8934245e-06 -3.6643818e-05 0.0000000e+00 
1.5516207e-04 -2.0104926e-04 0.0000000e+00 
8.5809268e-05 -1.2522005e-04 0.0000000e+00 
3.4734141e-05 3.4953427e-01 0.0000000e+00 
-8.1419013e-05 2.2721244e-04 0.0000000e+00 
-4.1802414e-05 1.2381934e-04 0.0000000e+00 
1.7351005e-05 6.4206310e-05 0.0000000e+00 
-2.4642795e-06 -3.2179989e-05 0.0000000e+00 
3.0449592e-05 -8.4801228e-05 0.0000000e+00 
-3.6383979e-05 -1.0438729e-05 0.0000000e+00 
-9.1421651e-05 1.6627199e-04 0.0000000e+00 
5.3010415e-05 3.6767945e-01 0.0000000e+00 
-1.1640228e-04 1.1874177e-04 0.0000000e+00 
3.7606340e-05 -1.8347974e-04 0.0000000e+00 
-8.3753839e-06 -4.0806364e-05 0.0000000e+00 
-4.2165630e-05 1.0838360e-04 0.0000000e+00 
-5.2116811e-06 -4.5355409e-05 0.0000000e+00 
9.9318102e-05 -1.9286107e-04 0.0000000e+00 
8.2671177e-06 -1.1631986e-05 0.0000000e+00 
-1.3380195e-05 -1.9507424e-05 0.0000000e+00 
9.4242860e-05 3.8557363e-01 0.0000000e+00 
3.8080383e-05 -2.4520326e-05 0.0000000e+00 
4.8372895e-05 -1.4765922e-04 0.0000000e+00 
-1.4305115e-06 3.6238693e-05 0.0000000e+00 
5.5177137e-05 -5.0730072e-05 0.0000000e+00 
-6.8419147e-05 3.6202255e-05 0.0000000e+00 
-8.3026476e-05 1.9966997e-04 0.0000000e+00 
-3.1553209e-05 2.2195280e-05 0.0000000e+00 
-1.1244882e-04 1.0453258e-04 0.0000000e+00 
-4.5103952e-06 4.0344205e-01 0.0000000e+00 
-3.7615886e-05 2.6982976e-05 0.0000000e+00 
-3.4578843e-05 4.7245412e-06 0.0000000e+00 
2.1664426e-05 -7.0209615e-05 0.0000000e+00 
-5.8703590e-05 3.6298065e-05 0.0000000e+00 
-4.3242238e-05 5.3078053e-05 0.0000000e+00 
5.7634898e-05 -1.9434839e-05 0.0000000e+00 
-9.8841265e-06 -4.8372895e-06 0.0000000e+00 
6.1705709e-05 -6.9059432e-05 0.0000000e+00 
-8.0032274e-05 1.7860392e-04 0.0000000e+00 
5.0210394e-05 -1.1077151e-05 0.0000000e+00 
4.8007816e-05 4.2105782e-01 0.0000000e+00 
-1.0196120e-05 -3.1588599e-05 0.0000000e+00 
6.4568594e-06 -6.0723629e-05 0.0000000e+00 
1.6439706e-05 -2.2180378e-05 0.0000000e+00 
-4.9244263e-05 3.8665370e-05 0.0000000e+00 
1.6673002e-05 -2.2821827e-05 0.0000000e+00 
-5.3778756e-05 1.0916218e-04 0.0000000e+00 
1.3876241e-05 -4.5802910e-05 0.0000000e+00 
-3.0608382e-05 1.6246922e-05 0.0000000e+00 
9.3528070e-05 4.3858799e-01 0.0000000e+00 
1.9801781e-05 -3.2018870e-05 0.0000000e+00 
1.1391938e-05 -1.7565675e-05 0.0000000e+00 
1.3444014e-04 -9.9599361e-05 0.0000000e+00 
-1.1604745e-05 3.1917036e-05 0.0000000e+00 
3.2923417e-05 -7.4803247e-05 0.0000000e+00 
9.5320866e-05 -1.9825064e-04 0.0000000e+00 
-5.6323595e-05 -1.3271347e-06 0.0000000e+00 
-2.4458859e-05 1.0859245e-04 0.0000000e+00 
-1.8513761e-05 -2.3932196e-05 0.0000000e+00 
4.5949593e-05 4.5596576e-01 0.0000000e+00 
4.9991067e-05 -6.0958555e-05 0.0000000e+00 
-5.5450015e-05 5.6086108e-05 0.0000000e+00 
-1.1184718e-04 1.6349927e-04 0.0000000e+00 
2.4535228e-05 3.4163706e-05 0.0000000e+00 
2.6161433e-06 -6.8877722e-05 0.0000000e+00 
-1.9195722e-05 -7.5239572e-05 0.0000000e+00 
4.2326516e-05 -9.4269984e-05 0.0000000e+00 
6.6697132e-05 4.7328675e-01 0.0000000e+00 
-9.3618874e-05 2.2707938e-04 0.0000000e+00 
-3.9699487e-05 -2.0720530e-05 0.0000000e+00 
-2.2321939e-05 2.9815827e-05 0.0000000e+00 
7.8137964e-05 -1.3118796e-04 0.0000000e+00 
1.7443672e-06 -5.7742000e-08 0.0000000e+00 
3.3055898e-05 4.9056077e-01 0.0000000e+00 
-7.8198034e-05 5.8251433e-05 0.0000000e+00 
-4.6184636e-05 1.1200260e-05 0.0000000e+00 
-6.2617240e-05 1.3931759e-04 0.0000000e+00 
-7.4359123e-05 6.1061466e-05 0.0000000e+00 
1.4938414e-06 -5.4297503e-05 0.0000000e+00 
4.0163752e-05 -1.0751281e-04 0.0000000e+00 
2.3351982e-05 5.1707029e-06 0.0000000e+00 
4.0888786e-05 -9.3980692e-05 0.0000000e+00 
4.8973598e-05 5.0771201e-01 0.0000000e+00 
7.8603625e-06 -3.4857541e-05 0.0000000e+00 
-1.1309516e-05 -9.8847202e-05 0.0000000e+00 
-4.2361906e-05 -2.0445790e-05 0.0000000e+00 
2.3501198e-05 -9.6628268e-05 0.0000000e+00 
-8.7266322e-05 1.2632809e-04 0.0000000e+00 
2.5076792e-05 4.7355890e-05 0.0000000e+00 
-5.8425590e-05 7.5439457e-05 0.0000000e+00 
-8.5150823e-06 5.1166862e-06 0.0000000e+00 
8.9963898e-05 5.2488756e-01 0.0000000e+00 
5.6811143e-05 -1.3189064e-04 0.0000000e+00 
-4.3893000e-05 1.1335814e-04 0.0000000e+00 
-1.1447864e-04 2.9544532e-04 0.0000000e+00 
-7.2947121e-05 7.1657050e-05 0.0000000e+00 
1.0437123e-04 -1.9888300e-04 0.0000000e+00 
5.4322183e-05 -1.0381266e-04 0.0000000e+00 
6.5240543e-05 -8.4150583e-05 0.0000000e+00 
7.3514879e-05 5.4204649e-01 0.0000000e+00 
4.9448572e-05 -6.4926222e-05 0.0000000e+00 
-2.6505440e-06 6.6587701e-05 0.0000000e+00 
8.8082161e-06 -1.3208599e-05 0.0000000e+00 
4.3115346e-05 -7.0599577e-05 0.0000000e+00 
-6.3227490e-05 1.0985136e-04 0.0000000e+00 
-5.6905206e-05 4.9610389e-05 0.0000000e+00 
5.7969708e-05 5.5932099e-01 0.0000000e+00 
-7.0116483e-05 5.4077245e-05 0.0000000e+00 
2.7124770e-05 -6.5960921e-05 0.0000000e+00 
2.7183909e-05 -1.1159107e-04 0.0000000e+00 
-4.0138606e-05 -7.6195691e-05 0.0000000e+00 
7.4525364e-05 -1.3190322e-04 0.0000000e+00 
1.8111663e-05 -1.1197873e-05 0.0000000e+00 
8.6530112e-05 5.7656848e-01 0.0000000e+00 
-4.2817206e-05 -7.2685070e-06 0.0000000e+00 
1.4705118e-05 -2.0655803e-05 0.0000000e+00 
-1.2318254e-04 1.1750637e-04 0.0000000e+00 
2.7515925e-06 -3.5657547e-05 0.0000000e+00 
5.1157549e-06 -3.0994415e-06 0.0000000e+00 
7.2942115e-05 5.9404564e-01 0.0000000e+00 
-1.8689176e-04 4.3598528e-04 0.0000000e+00 
-7.9627847e-05 -2.7691363e-05 0.0000000e+00 
1.9847183e-05 -4.5822468e-05 0.0000000e+00 
2.4828129e-05 -5.1144045e-05 0.0000000e+00 
9.9239871e-05 -2.3120688e-04 0.0000000e+00 
-6.3608866e-05 3.7994236e-05 0.0000000e+00 
1.0690885e-04 6.1159080e-01 0.0000000e+00 
-4.8063695e-05 -8.8661909e-07 0.0000000e+00 
-3.3141579e-05 1.1119142e-04 0.0000000e+00 
-4.6134461e-05 -8.4955245e-06 0.0000000e+00 
-1.0513695e-04 5.1864146e-05 0.0000000e+00 
-8.7176450e-05 5.9342012e-05 0.0000000e+00 
3.3520628e-05 -1.7122133e-04 0.0000000e+00 
9.5816329e-05 6.2939239e-01 0.0000000e+00 
4.0526967e-05 4.1481107e-06 0.0000000e+00 
2.4414621e-05 -1.4040899e-04 0.0000000e+00 
6.6883396e-05 -1.3648532e-04 0.0000000e+00 
7.4902084e-05 -1.8000847e-04 0.0000000e+00 
3.3553457e-05 -9.9311350e-05 0.0000000e+00 
9.8575372e-05 6.4744347e-01 0.0000000e+00 
-1.4318386e-04 1.4456827e-04 0.0000000e+00 
-1.7768703e-05 -4.3679029e-06 0.0000000e+00 
-1.9214395e-04 5.0838932e-04 0.0000000e+00 
-2.7235597e-05 2.7552247e-05 0.0000000e+00 
-1.2617058e-04 1.1206965e-04 0.0000000e+00 
-1.3620616e-04 9.5485593e-05 0.0000000e+00 
1.7550308e-04 6.6570389e-01 0.0000000e+00 
8.8510104e-05 -2.4895417e-04 0.0000000e+00 
8.3744526e-05 -1.4744420e-04 0.0000000e+00 
6.4949505e-05 -9.9879690e-05 0.0000000e+00 
2.2527762e-05 -8.5517531e-05 0.0000000e+00 
1.0410178e-05 -1.3797660e-04 0.0000000e+00 
9.0395566e-05 6.8447208e-01 0.0000000e+00 
1.1198223e-05 3.5166740e-05 0.0000000e+00 
-1.2545986e-04 1.1957064e-04 0.0000000e+00 
-8.3148479e-06 -6.1614439e-05 0.0000000e+00 
-5.0504226e-05 -1.1066673e-04 0.0000000e+00 
1.2091128e-04 7.0348305e-01 0.0000000e+00 
-6.2339299e-05 9.9822209e-06 0.0000000e+00 
-6.8284571e-06 -6.0405582e-05 0.0000000e+00 
4.0851068e-05 -1.5331293e-04 0.0000000e+00 
1.4032237e-05 -4.2068772e-05 0.0000000e+00 
-2.6392750e-04 6.5257377e-04 0.0000000e+00 
1.1537271e-04 7.2285908e-01 0.0000000e+00 
-7.3082745e-05 -3.4817436e-05 0.0000000e+00 
1.6984064e-05 -4.6592206e-05 0.0000000e+00 
-5.5596232e-05 4.7225039e-06 0.0000000e+00 
-4.7315843e-06 -1.1713337e-04 0.0000000e+00 
1.8548081e-04 7.4255520e-01 0.0000000e+00 
-4.7877664e-05 -1.0267366e-05 0.0000000e+00 
-2.5960617e-06 7.7197328e-06 0.0000000e+00 
1.6320031e-05 -1.6117631e-04 0.0000000e+00 
-3.0074734e-05 -4.3478329e-05 0.0000000e+00 
1.5329430e-04 7.6282394e-01 0.0000000e+00 
-3.6280835e-05 -1.0683388e-04 0.0000000e+00 
6.0717575e-05 -1.2837909e-04 0.0000000e+00 
-1.3718783e-04 5.9068494e-05 0.0000000e+00 
-2.7546659e-05 -9.5258467e-05 0.0000000e+00 
1.9883411e-04 7.8308558e-01 0.0000000e+00 
-3.3984380e-04 7.5743801e-04 0.0000000e+00 
4.9883034e-05 -1.4435966e-04 0.0000000e+00 
-3.9689257e-05 -1.8299028e-04 0.0000000e+00 
-8.7669119e-05 -8.2897954e-05 0.0000000e+00 
1.8648105e-04 8.0358917e-01 0.0000000e+00 
3.8366765e-05 -1.0972004e-04 0.0000000e+00 
-1.0823039e-04 1.5259022e-05 0.0000000e+00 
-5.0175702e-05 -8.3094928e-05 0.0000000e+00 
2.0647515e-04 8.2374012e-01 0.0000000e+00 
-3.6276877e-05 -5.6562945e-05 0.0000000e+00 
-5.9154350e-05 -1.2754370e-04 0.0000000e+00 
2.2396585e-04 8.4319264e-01 0.0000000e+00 
-9.1120601e-05 -1.8001464e-04 0.0000000e+00 
-1.9182917e-05 -1.4106184e-04 0.0000000e+00 
-4.7227275e-04 1.0035370e-03 0.0000000e+00 
3.0564144e-04 8.6115468e-01 0.0000000e+00 
-1.0934263e-04 -1.0956556e-04 0.0000000e+00 
3.5224482e-05 -2.0455569e-04 0.0000000e+00 
3.1176535e-04 8.7651205e-01 0.0000000e+00 
-1.2371177e-04 -2.1224187e-04 0.0000000e+00 
-3.2786280e-05 -1.7928798e-04 0.0000000e+00 
3.8068136e-04 8.8749373e-01 0.0000000e+00 
-1.8061855e-04 -1.5552132e-04 0.0000000e+00 
-6.2991399e-05 -2.5564153e-04 0.0000000e+00 
3.9639696e-04 8.9153683e-01 0.0000000e+00 
-7.6119183e-04 1.4659010e-03 0.0000000e+00 
-8.9297071e-05 -3.1312602e-04 0.0000000e+00 
4.5976182e-04 8.8473970e-01 0.0000000e+00 
-1.7084694e-04 -3.4772465e-04 0.0000000e+00 
5.5544730e-04 8.6149639e-01 0.0000000e+00 
-1.7899089e-04 -4.4846500e-04 0.0000000e+00 
6.1525777e-04 8.1322539e-01 0.0000000e+00 
-1.3578376e-03 2.3159368e-03 0.0000000e+00 
7.3564705e-04 7.2708672e-01 0.0000000e+00 
8.7657454e-04 5.8281928e-01 0.0000000e+00 
1.0037681e-03 3.4736028e-01 0.0000000e+00 
-2.4674146e-04 1.0236001e-01 0.0000000e+00 
VOLUMETRIC_STRAIN 1 4225  float
0.0000000e+00
0.0000000e+00
0.0000000e+00
0.0000000e+00
0.0000000e+00
0.0000000e+00
0.0000000e+00
0.0000000e+00
0.0000000e+00
0.0000000e+00
0.0000000e+00
0.0000000e+00
0.0000000e+00
0.0000000e+00
0.0000000e+00
0.0000000e+00
0.0000000e+00
0.0000000e+00
0.0000000e+00
0.0000000e+00
0.0000000e+00
0.0000000e+00
0.0000000e+00
0.0000000e+00
0.0000000e+00
0.0000000e+00
0.0000000e+00
0.0000000e+00
0.0000000e+00
0.0000000e+00
0.0000000e+00
0.0000000e+00
0.0000000e+00
0.0000000e+00
0.0000000e+00
0.0000000e+00
0.0000000e+00
0.0000000e+00
0.0000000e+00
0.0000000e+00
0.0000000e+00
0.0000000e+00
0.0000000e+00
0.0000000e+00
0.0000000e+00
0.0000000e+00
0.0000000e+00
0.0000000e+00
0.0000000e+00
0.0000000e+00
0.0000000e+00
0.0000000e+00
0.0000000e+00
0.0000000e+00
0.0000000e+00
0.0000000e+00
0.0000000e+00
0.0000000e+00
0.0000000e+00
0.0000000e+00
0.0000000e+00
0.0000000e+00
0.0000000e+00
0.0000000e+00
0.0000000e+00
0.0000000e+00
0.0000000e+00
0.0000000e+00
0.0000000e+00
0.0000000e+00
0.0000000e+00
0.0000000e+00
0.0000000e+00
0.0000000e+00
0.0000000e+00
0.0000000e+00
0.0000000e+00
0.0000000e+00
0.0000000e+00
0.0000000e+00
0.0000000e+00
0.0000000e+00
0.0000000e+00
0.0000000e+00
0.0000000e+00
0.0000000e+00
0.0000000e+00
0.0000000e+00
0.0000000e+00
0.0000000e+00
0.0000000e+00
0.0000000e+00
0.0000000e+00
0.0000000e+00
0.0000000e+00
0.0000000e+00
0.0000000e+00
0.0000000e+00
0.0000000e+00
0.0000000e+00
0.0000000e+00
0.0000000e+00
0.0000000e+00
0.0000000e+00
0.0000000e+00
0.0000000e+00
0.0000000e+00
0.0000000e+00
0.0000000e+00
0.0000000e+00
0.0000000e+00
0.0000000e+00
0.0000000e+00
0.0000000e+00
0.0000000e+00
0.0000000e+00
0.0000000e+00
0.0000000e+00
0.0000000e+00
0.0000000e+00
0.0000000e+00
0.0000000e+00
0.0000000e+00
0.0000000e+00
0.0000000e+00
0.0000000e+00
0.0000000e+00
0.0000000e+00
0.0000000e+00
0.0000000e+00
0.0000000e+00
0.0000000e+00
0.0000000e+00
0.0000000e+00
0.0000000e+00
0.0000000e+00
0.0000000e+00
0.0000000e+00
0.0000000e+00
0.0000000e+00
0.0000000e+00
0.0000000e+00
0.0000000e+00
0.0000000e+00
0.0000000e+00
0.0000000e+00
0.0000000e+00
0.0000000e+00
0.0000000e+00
0.0000000e+00
0.0000000e+00
0.0000000e+00
0.0000000e+00
0.0000000e+00
0.0000000e+00
0.0000000e+00
0.0000000e+00
0.0000000e+00
0.0000000e+00
0.0000000e+00
0.0000000e+00
0.0000000e+00
0.0000000e+00
0.0000000e+00
0.0000000e+00
0.0000000e+00
0.0000000e+00
0.0000000e+00
0.0000000e+00
0.0000000e+00
0.0000000e+00
0.0000000e+00
0.0000000e+00
0.0000000e+00
0.0000000e+00
0.0000000e+00
0.0000000e+00
0.0000000e+00
0.0000000e+00
0.0000000e+00
0.0000000e+00
0.0000000e+00
0.0000000e+00
0.0000000e+00
0.0000000e+00
0.0000000e+00
0.0000000e+00
0.0000000e+00
0.0000000e+00
0.0000000e+00
0.0000000e+00
0.0000000e+00
0.0000000e+00
0.0000000e+00
0.0000000e+00
0.0000000e+00
0.0000000e+00
0.0000000e+00
0.0000000e+00
0.0000000e+00
0.0000000e+00
0.0000000e+00
0.0000000e+00
0.0000000e+00
0.0000000e+00
0.0000000e+00
0.0000000e+00
0.0000000e+00
0.0000000e+00
0.0000000e+00
0.0000000e+00
0.0000000e+00
0.0000000e+00
0.0000000e+00
0.0000000e+00
0.0000000e+00
0.0000000e+00
0.0000000e+00
0.0000000e+00
0.0000000e+00
0.0000000e+00
0.0000000e+00
0.0000000e+00
0.0000000e+00
0.0000000e+00
0.0000000e+00
0.0000000e+00
0.0000000e+00
0.0000000e+00
0.0000000e+00
0.0000000e+00
0.0000000e+00
0.0000000e+00
0.0000000e+00
0.0000000e+00
0.0000000e+00
0.0000000e+00
0.0000000e+00
0.0000000e+00
0.0000000e+00
0.0000000e+00
0.0000000e+00
0.0000000e+00
0.0000000e+00
0.0000000e+00
0.0000000e+00
0.0000000e+00
0.0000000e+00
0.0000000e+00
0.0000000e+00
0.0000000e+00
0.0000000e+00
0.0000000e+00
0.0000000e+00
0.0000000e+00
0.0000000e+00
0.0000000e+00
0.0000000e+00
0.0000000e+00
0.0000000e+00
0.0000000e+00
0.0000000e+00
0.0000000e+00
0.0000000e+00
0.0000000e+00
0.0000000e+00
0.0000000e+00
0.0000000e+00
0.0000000e+00
0.0000000e+00
0.0000000e+00
0.0000000e+00
0.0000000e+00
0.0000000e+00
0.0000000e+00
0.0000000e+00
0.0000000e+00
0.0000000e+00
0.0000000e+00
0.0000000e+00
0.0000000e+00
0.0000000e+00
0.0000000e+00
0.0000000e+00
0.0000000e+00
0.0000000e+00
0.0000000e+00
0.0000000e+00
0.0000000e+00
0.0000000e+00
0.0000000e+00
0.0000000e+00
0.0000000e+00
0.0000000e+00
0.0000000e+00
0.0000000e+00
0.0000000e+00
0.0000000e+00
0.0000000e+00
0.0000000e+00
0.0000000e+00
0.0000000e+00
0.0000000e+00
0.0000000e+00
0.0000000e+00
0.0000000e+00
0.0000000e+00
0.0000000e+00
0.0000000e+00
0.0000000e+00
0.0000000e+00
0.0000000e+00
0.0000000e+00
0.0000000e+00
0.0000000e+00
0.0000000e+00
0.0000000e+00
0.0000000e+00
0.0000000e+00
0.0000000e+00
0.0000000e+00
0.0000000e+00
0.0000000e+00
0.0000000e+00
0.0000000e+00
0.0000000e+00
0.0000000e+00
0.0000000e+00
0.0000000e+00
0.0000000e+00
0.0000000e+00
0.0000000e+00
0.0000000e+00
0.0000000e+00
0.0000000e+00
0.0000000e+00
0.0000000e+00
0.0000000e+00
0.0000000e+00
0.0000000e+00
0.0000000e+00
0.0000000e+00
0.0000000e+00
0.0000000e+00
0.0000000e+00
0.0000000e+00
0.0000000e+00
0.0000000e+00
0.0000000e+00
0.0000000e+00
0.0000000e+00
0.0000000e+00
0.0000000e+00
0.0000000e+00
0.0000000e+00
0.0000000e+00
0.0000000e+00
0.0000000e+00
0.0000000e+00
0.0000000e+00
0.0000000e+00
0.0000000e+00
0.0000000e+00
0.0000000e+00
0.0000000e+00
0.0000000e+00
0.0000000e+00
0.0000000e+00
0.0000000e+00
0.0000000e+00
0.0000000e+00
0.0000000e+00
0.0000000e+00
0.0000000e+00
0.0000000e+00
0.0000000e+00
0.0000000e+00
0.0000000e+00
0.0000000e+00
0.0000000e+00
0.0000000e+00
0.0000000e+00
0.0000000e+00
0.0000000e+00
0.0000000e+00
0.0000000e+00
0.0000000e+00
0.0000000e+00
0.0000000e+00
0.0000000e+00
0.0000000e+00
0.0000000e+00
0.0000000e+00
0.0000000e+00
0.0000000e+00
0.0000000e+00
0.0000000e+00
0.0000000e+00
0.0000000e+00
0.0000000e+00
0.0000000e+00
0.0000000e+00
0.0000000e+00
0.0000000e+00
0.0000000e+00
0.0000000e+00
0.0000000e+00
0.0000000e+00
0.0000000e+00
0.0000000e+00
0.0000000e+00
0.0000000e+00
0.0000000e+00
0.0000000e+00
0.0000000e+00
0.0000000e+00
0.0000000e+00
0.0000000e+00
0.0000000e+00
0.0000000e+00
0.0000000e+00
0.0000000e+00
0.0000000e+00
0.0000000e+00
0.0000000e+00
0.0000000e+00
0.0000000e+00
0.0000000e+00
0.0000000e+00
0.0000000e+00
0.0000000e+00
0.0000000e+00
0.0000000e+00
0.0000000e+00
0.0000000e+00
0.0000000e+00
0.0000000e+00
0.0000000e+00
0.0000000e+00
0.0000000e+00
0.0000000e+00
0.0000000e+00
0.0000000e+00
0.0000000e+00
0.0000000e+00
0.0000000e+00
0.0000000e+00
0.0000000e+00
0.0000000e+00
0.0000000e+00
0.0000000e+00
0.0000000e+00
0.0000000e+00
0.0000000e+00
0.0000000e+00
0.0000000e+00
0.0000000e+00
0.0000000e+00
0.0000000e+00
0.0000000e+00
0.0000000e+00
0.0000000e+00
0.0000000e+00
0.0000000e+00
0.0000000e+00
0.0000000e+00
0.0000000e+00
0.0000000e+00
0.0000000e+00
0.0000000e+00
0.0000000e+00
0.0000000e+00
0.0000000e+00
0.0000000e+00
0.0000000e+00
0.0000000e+00
0.0000000e+00
0.0000000e+00
0.0000000e+00
0.0000000e+00
0.0000000e+00
0.0000000e+00
0.0000000e+00
0.0000000e+00
0.0000000e+00
0.0000000e+00
0.0000000e+00
0.0000000e+00
0.0000000e+00
0.0000000e+00
0.0000000e+00
0.0000000e+00
0.0000000e+00
0.0000000e+00
0.0000000e+00
0.0000000e+00
0.0000000e+00
0.0000000e+00
0.0000000e+00
0.0000000e+00
0.0000000e+00
0.0000000e+00
0.0000000e+00
0.0000000e+00
0.0000000e+00
0.0000000e+00
0.0000000e+00
0.0000000e+00
0.0000000e+00
0.0000000e+00
0.0000000e+00
0.0000000e+00
0.0000000e+00
0.0000000e+00
0.0000000e+00
0.0000000e+00
0.0000000e+00
0.0000000e+00
0.0000000e+00
0.0000000e+00
0.0000000e+00
0.0000000e+00
0.0000000e+00
0.0000000e+00
0.0000000e+00
0.0000000e+00
0.0000000e+00
0.0000000e+00
0.0000000e+00
0.0000000e+00
0.0000000e+00
0.0000000e+00
0.0000000e+00
0.0000000e+00
0.0000000e+00
0.0000000e+00
0.0000000e+00
0.0000000e+00
0.0000000e+00
0.0000000e+00
0.0000000e+00
0.0000000e+00
0.0000000e+00
0.0000000e+00
0.0000000e+00
0.0000000e+00
0.0000000e+00
0.0000000e+00
0.0000000e+00
0.0000000e+00
0.0000000e+00
0.0000000e+00
0.0000000e+00
0.0000000e+00
0.0000000e+00
0.0000000e+00
0.0000000e+00
0.0000000e+00
0.0000000e+00
0.0000000e+00
0.0000000e+00
0.0000000e+00
0.0000000e+00
0.0000000e+00
0.0000000e+00
0.0000000e+00
0.0000000e+00
0.0000000e+00
0.0000000e+00
0.0000000e+00
0.0000000e+00
0.0000000e+00
0.0000000e+00
0.0000000e+00
0.0000000e+00
0.0000000e+00
0.0000000e+00
0.0000000e+00
0.0000000e+00
0.0000000e+00
0.0000000e+00
0.0000000e+00
0.0000000e+00
0.0000000e+00
0.0000000e+00
0.0000000e+00
0.0000000e+00
0.0000000e+00
0.0000000e+00
0.0000000e+00
0.0000000e+00
0.0000000e+00
0.0000000e+00
0.0000000e+00
0.0000000e+00
0.0000000e+00
0.0000000e+00
0.0000000e+00
0.0000000e+00
0.0000000e+00
0.0000000e+00
0.0000000e+00
0.0000000e+00
0.0000000e+00
0.0000000e+00
0.0000000e+00
0.0000000e+00
0.0000000e+00
0.0000000e+00
0.0000000e+00
0.0000000e+00
0.0000000e+00
0.0000000e+00
0.0000000e+00
0.0000000e+00
0.0000000e+00
0.0000000e+00
0.0000000e+00
0.0000000e+00
0.0000000e+00
0.0000000e+00
0.0000000e+00
0.0000000e+00
0.0000000e+00
0.0000000e+00
0.0000000e+00
0.0000000e+00
0.0000000e+00
0.0000000e+00
0.0000000e+00
0.0000000e+00
0.0000000e+00
0.0000000e+00
0.0000000e+00
0.0000000e+00
0.0000000e+00
0.0000000e+00
0.0000000e+00
0.0000000e+00
0.0000000e+00
0.0000000e+00
0.0000000e+00
0.0000000e+00
0.0000000e+00
0.0000000e+00
0.0000000e+00
0.0000000e+00
0.0000000e+00
0.0000000e+00
0.0000000e+00
0.0000000e+00
0.0000000e+00
0.0000000e+00
0.0000000e+00
0.0000000e+00
0.0000000e+00
0.0000000e+00
0.0000000e+00
0.0000000e+00
0.0000000e+00
0.0000000e+00
0.0000000e+00
0.0000000e+00
0.0000000e+00
0.0000000e+00
0.0000000e+00
0.0000000e+00
0.0000000e+00
0.0000000e+00
0.0000000e+00
0.0000000e+00
0.0000000e+00
0.0000000e+00
0.0000000e+00
0.0000000e+00
0.0000000e+00
0.0000000e+00
0.0000000e+00
0.0000000e+00
0.0000000e+00
0.0000000e+00
0.0000000e+00
0.0000000e+00
0.0000000e+00
0.0000000e+00
0.0000000e+00
0.0000000e+00
0.0000000e+00
0.0000000e+00
0.0000000e+00
0.0000000e+00
0.0000000e+00
0.0000000e+00
0.0000000e+00
0.0000000e+00
0.0000000e+00
0.0000000e+00
0.0000000e+00
0.0000000e+00
0.0000000e+00
0.0000000e+00
0.0000000e+00
0.0000000e+00
0.0000000e+00
0.0000000e+00
0.0000000e+00
0.0000000e+00
0.0000000e+00
0.0000000e+00
0.0000000e+00
0.0000000e+00
0.0000000e+00
0.0000000e+00
0.0000000e+00
0.0000000e+00
0.0000000e+00
0.0000000e+00
0.0000000e+00
0.0000000e+00
0.0000000e+00
0.0000000e+00
0.0000000e+00
0.0000000e+00
0.0000000e+00
0.0000000e+00
0.0000000e+00
0.0000000e+00
0.0000000e+00
0.0000000e+00
0.0000000e+00
0.0000000e+00
0.0000000e+00
0.0000000e+00
0.0000000e+00
0.0000000e+00
0.0000000e+00
0.0000000e+00
0.0000000e+00
0.0000000e+00
0.0000000e+00
0.0000000e+00
0.0000000e+00
0.0000000e+00
0.0000000e+00
0.0000000e+00
0.0000000e+00
0.0000000e+00
0.0000000e+00
0.0000000e+00
0.0000000e+00
0.0000000e+00
0.0000000e+00
0.0000000e+00
0.0000000e+00
0.0000000e+00
0.0000000e+00
0.0000000e+00
0.0000000e+00
0.0000000e+00
0.0000000e+00
0.0000000e+00
0.0000000e+00
0.0000000e+00
0.0000000e+00
0.0000000e+00
0.0000000e+00
0.0000000e+00
0.0000000e+00
0.0000000e+00
0.0000000e+00
0.0000000e+00
0.0000000e+00
0.0000000e+00
0.0000000e+00
0.0000000e+00
0.0000000e+00
0.0000000e+00
0.0000000e+00
0.0000000e+00
0.0000000e+00
0.0000000e+00
0.0000000e+00
0.0000000e+00
0.0000000e+00
0.0000000e+00
0.0000000e+00
0.0000000e+00
0.0000000e+00
0.0000000e+00
0.0000000e+00
0.0000000e+00
0.0000000e+00
0.0000000e+00
0.0000000e+00
0.0000000e+00
0.0000000e+00
0.0000000e+00
0.0000000e+00
0.0000000e+00
0.0000000e+00
0.0000000e+00
0.0000000e+00
0.0000000e+00
0.0000000e+00
0.0000000e+00
0.0000000e+00
0.0000000e+00
0.0000000e+00
0.0000000e+00
0.0000000e+00
0.0000000e+00
0.0000000e+00
0.0000000e+00
0.0000000e+00
0.0000000e+00
0.0000000e+00
0.0000000e+00
0.0000000e+00
0.0000000e+00
0.0000000e+00
0.0000000e+00
0.0000000e+00
0.0000000e+00
0.0000000e+00
0.0000000e+00
0.0000000e+00
0.0000000e+00
0.0000000e+00
0.0000000e+00
0.0000000e+00
0.0000000e+00
0.0000000e+00
0.0000000e+00
0.0000000e+00
0.0000000e+00
0.0000000e+00
0.0000000e+00
0.0000000e+00
0.0000000e+00
0.0000000e+00
0.0000000e+00
0.0000000e+00
0.0000000e+00
0.0000000e+00
0.0000000e+00
0.0000000e+00
0.0000000e+00
0.0000000e+00
0.0000000e+00
0.0000000e+00
0.0000000e+00
0.0000000e+00
0.0000000e+00
0.0000000e+00
0.0000000e+00
0.0000000e+00
0.0000000e+00
0.0000000e+00
0.0000000e+00
0.0000000e+00
0.0000000e+00
0.0000000e+00
0.0000000e+00
0.0000000e+00
0.0000000e+00
0.0000000e+00
0.0000000e+00
0.0000000e+00
0.0000000e+00
0.0000000e+00
0.0000000e+00
0.0000000e+00
0.0000000e+00
0.0000000e+00
0.0000000e+00
0.0000000e+00
0.0000000e+00
0.0000000e+00
0.0000000e+00
0.0000000e+00
0.0000000e+00
0.0000000e+00
0.0000000e+00
0.0000000e+00
0.0000000e+00
0.0000000e+00
0.0000000e+00
0.0000000e+00
0.0000000e+00
0.0000000e+00
0.0000000e+00
0.0000000e+00
0.0000000e+00
0.0000000e+00
0.0000000e+00
0.0000000e+00
0.0000000e+00
0.0000000e+00
0.0000000e+00
0.0000000e+00
0.0000000e+00
0.0000000e+00
0.0000000e+00
0.0000000e+00
0.0000000e+00
0.0000000e+00
0.0000000e+00
0.0000000e+00
0.0000000e+00
0.0000000e+00
0.0000000e+00
0.0000000e+00
0.0000000e+00
0.0000000e+00
0.0000000e+00
0.0000000e+00
0.0000000e+00
0.0000000e+00
0.0000000e+00
0.0000000e+00
0.0000000e+00
0.0000000e+00
0.0000000e+00
0.0000000e+00
0.0000000e+00
0.0000000e+00
0.0000000e+00
0.0000000e+00
0.0000000e+00
0.0000000e+00
0.0000000e+00
0.0000000e+00
0.0000000e+00
0.0000000e+00
0.0000000e+00
0.0000000e+00
0.0000000e+00
0.0000000e+00
0.0000000e+00
0.0000000e+00
0.0000000e+00
0.0000000e+00
0.0000000e+00
0.0000000e+00
0.0000000e+00
0.0000000e+00
0.0000000e+00
0.0000000e+00
0.0000000e+00
0.0000000e+00
0.0000000e+00
0.0000000e+00
0.0000000e+00
0.0000000e+00
0.0000000e+00
0.0000000e+00
0.0000000e+00
0.0000000e+00
0.0000000e+00
0.0000000e+00
0.0000000e+00
0.0000000e+00
0.0000000e+00
0.0000000e+00
0.0000000e+00
0.0000000e+00
0.0000000e+00
0.0000000e+00
0.0000000e+00
0.0000000e+00
0.0000000e+00
0.0000000e+00
0.0000000e+00
0.0000000e+00
0.0000000e+00
0.0000000e+00
0.0000000e+00
0.0000000e+00
0.0000000e+00
0.0000000e+00
0.0000000e+00
0.0000000e+00
0.0000000e+00
0.0000000e+00
0.0000000e+00
0.0000000e+00
0.0000000e+00
0.0000000e+00
0.0000000e+00
0.0000000e+00
0.0000000e+00
0.0000000e+00
0.0000000e+00
0.0000000e+00
0.0000000e+00
0.0000000e+00
0.0000000e+00
0.0000000e+00
0.0000000e+00
0.0000000e+00
0.0000000e+00
0.0000000e+00
0.0000000e+00
0.0000000e+00
0.0000000e+00
0.0000000e+00
0.0000000e+00
0.0000000e+00
0.0000000e+00
0.0000000e+00
0.0000000e+00
0.0000000e+00
0.0000000e+00
0.0000000e+00
0.0000000e+00
0.0000000e+00
0.0000000e+00
0.0000000e+00
0.0000000e+00
0.0000000e+00
0.0000000e+00
0.0000000e+00
0.0000000e+00
0.0000000e+00
0.0000000e+00
0.0000000e+00
0.0000000e+00
0.0000000e+00
0.0000000e+00
0.0000000e+00
0.0000000e+00
0.0000000e+00
0.0000000e+00
0.0000000e+00
0.0000000e+00
0.0000000e+00
0.0000000e+00
0.0000000e+00
0.0000000e+00
0.0000000e+00
0.0000000e+00
0.0000000e+00
0.0000000e+00
0.0000000e+00
0.0000000e+00
0.0000000e+00
0.0000000e+00
0.0000000e+00
0.0000000e+00
0.0000000e+00
0.0000000e+00
0.0000000e+00
0.0000000e+00
0.0000000e+00
0.0000000e+00
0.0000000e+00
0.0000000e+00
0.0000000e+00
0.0000000e+00
0.0000000e+00
0.0000000e+00
0.0000000e+00
0.0000000e+00
0.0000000e+00
0.0000000e+00
0.0000000e+00
0.0000000e+00
0.0000000e+00
0.0000000e+00
0.0000000e+00
0.0000000e+00
0.0000000e+00
0.0000000e+00
0.0000000e+00
0.0000000e+00
0.0000000e+00
0.0000000e+00
0.0000000e+00
0.0000000e+00
0.0000000e+00
0.0000000e+00
0.0000000e+00
0.0000000e+00
0.0000000e+00
0.0000000e+00
0.0000000e+00
0.0000000e+00
0.0000000e+00
0.0000000e+00
0.0000000e+00
0.0000000e+00
0.0000000e+00
0.0000000e+00
0.0000000e+00
0.0000000e+00
0.0000000e+00
0.0000000e+00
0.0000000e+00
0.0000000e+00
0.0000000e+00
0.0000000e+00
0.0000000e+00
0.0000000e+00
0.0000000e+00
0.0000000e+00
0.0000000e+00
0.0000000e+00
0.0000000e+00
0.0000000e+00
0.0000000e+00
0.0000000e+00
0.0000000e+00
0.0000000e+00
0.0000000e+00
0.0000000e+00
0.0000000e+00
0.0000000e+00
0.0000000e+00
0.0000000e+00
0.0000000e+00
0.0000000e+00
0.0000000e+00
0.0000000e+00
0.0000000e+00
0.0000000e+00
0.0000000e+00
0.0000000e+00
0.0000000e+00
0.0000000e+00
0.0000000e+00
0.0000000e+00
0.0000000e+00
0.0000000e+00
0.0000000e+00
0.0000000e+00
0.0000000e+00
0.0000000e+00
0.0000000e+00
0.0000000e+00
0.0000000e+00
0.0000000e+00
0.0000000e+00
0.0000000e+00
0.0000000e+00
0.0000000e+00
0.0000000e+00
0.0000000e+00
0.0000000e+00
0.0000000e+00
0.0000000e+00
0.0000000e+00
0.0000000e+00
0.0000000e+00
0.0000000e+00
0.0000000e+00
0.0000000e+00
0.0000000e+00
0.0000000e+00
0.0000000e+00
0.0000000e+00
0.0000000e+00
0.0000000e+00
0.0000000e+00
0.0000000e+00
0.0000000e+00
0.0000000e+00
0.0000000e+00
0.0000000e+00
0.0000000e+00
0.0000000e+00
0.0000000e+00
0.0000000e+00
0.0000000e+00
0.0000000e+00
0.0000000e+00
0.0000000e+00
0.0000000e+00
0.0000000e+00
0.0000000e+00
0.0000000e+00
0.0000000e+00
0.0000000e+00
0.0000000e+00
0.0000000e+00
0.0000000e+00
0.0000000e+00
0.0000000e+00
0.0000000e+00
0.0000000e+00
0.0000000e+00
0.0000000e+00
0.0000000e+00
0.0000000e+00
0.0000000e+00
0.0000000e+00
0.0000000e+00
0.0000000e+00
0.0000000e+00
0.0000000e+00
0.0000000e+00
0.0000000e+00
0.0000000e+00
0.0000000e+00
0.0000000e+00
0.0000000e+00
0.0000000e+00
0.0000000e+00
0.0000000e+00
0.0000000e+00
0.0000000e+00
0.0000000e+00
0.0000000e+00
0.0000000e+00
0.0000000e+00
0.0000000e+00
0.0000000e+00
0.0000000e+00
0.0000000e+00
0.0000000e+00
0.0000000e+00
0.0000000e+00
0.0000000e+00
0.0000000e+00
0.0000000e+00
0.0000000e+00
0.0000000e+00
0.0000000e+00
0.0000000e+00
0.0000000e+00
0.0000000e+00
0.0000000e+00
0.0000000e+00
0.0000000e+00
0.0000000e+00
0.0000000e+00
0.0000000e+00
0.0000000e+00
0.0000000e+00
0.0000000e+00
0.0000000e+00
0.0000000e+00
0.0000000e+00
0.0000000e+00
0.0000000e+00
0.0000000e+00
0.0000000e+00
0.0000000e+00
0.0000000e+00
0.0000000e+00
0.0000000e+00
0.0000000e+00
0.0000000e+00
0.0000000e+00
0.0000000e+00
0.0000000e+00
0.0000000e+00
0.0000000e+00
0.0000000e+00
0.0000000e+00
0.0000000e+00
0.0000000e+00
0.0000000e+00
0.0000000e+00
0.0000000e+00
0.0000000e+00
0.0000000e+00
0.0000000e+00
0.0000000e+00
0.0000000e+00
0.0000000e+00
0.0000000e+00
0.0000000e+00
0.0000000e+00
0.0000000e+00
0.0000000e+00
0.0000000e+00
0.0000000e+00
0.0000000e+00
0.0000000e+00
0.0000000e+00
0.0000000e+00
0.0000000e+00
0.0000000e+00
0.0000000e+00
0.0000000e+00
0.0000000e+00
0.0000000e+00
0.0000000e+00
0.0000000e+00
0.0000000e+00
0.0000000e+00
0.0000000e+00
0.0000000e+00
0.0000000e+00
0.0000000e+00
0.0000000e+00
0.0000000e+00
0.0000000e+00
0.0000000e+00
0.0000000e+00
0.0000000e+00
0.0000000e+00
0.0000000e+00
0.0000000e+00
0.0000000e+00
0.0000000e+00
0.0000000e+00
0.0000000e+00
0.0000000e+00
0.0000000e+00
0.0000000e+00
0.0000000e+00
0.0000000e+00
0.0000000e+00
0.0000000e+00
0.0000000e+00
0.0000000e+00
0.0000000e+00
0.0000000e+00
0.0000000e+00
0.0000000e+00
0.0000000e+00
0.0000000e+00
0.0000000e+00
0.0000000e+00
0.0000000e+00
0.0000000e+00
0.0000000e+00
0.0000000e+00
0.0000000e+00
0.0000000e+00
0.0000000e+00
0.0000000e+00
0.0000000e+00
0.0000000e+00
0.0000000e+00
0.0000000e+00
0.0000000e+00
0.0000000e+00
0.0000000e+00
0.0000000e+00
0.0000000e+00
0.0000000e+00
0.0000000e+00
0.0000000e+00
0.0000000e+00
0.0000000e+00
0.0000000e+00
0.0000000e+00
0.0000000e+00
0.0000000e+00
0.0000000e+00
0.0000000e+00
0.0000000e+00
0.0000000e+00
0.0000000e+00
0.0000000e+00
0.0000000e+00
0.0000000e+00
0.0000000e+00
0.0000000e+00
0.0000000e+00
0.0000000e+00
0.0000000e+00
0.0000000e+00
0.0000000e+00
0.0000000e+00
0.0000000e+00
0.0000000e+00
0.0000000e+00
0.0000000e+00
0.0000000e+00
0.0000000e+00
0.0000000e+00
0.0000000e+00
0.0000000e+00
0.0000000e+00
0.0000000e+00
0.0000000e+00
0.0000000e+00
0.0000000e+00
0.0000000e+00
0.0000000e+00
0.0000000e+00
0.0000000e+00
0.0000000e+00
0.0000000e+00
0.0000000e+00
0.0000000e+00
0.0000000e+00
0.0000000e+00
0.0000000e+00
0.0000000e+00
0.0000000e+00
0.0000000e+00
0.0000000e+00
0.0000000e+00
0.0000000e+00
0.0000000e+00
0.0000000e+00
0.0000000e+00
0.0000000e+00
0.0000000e+00
0.0000000e+00
0.0000000e+00
0.0000000e+00
0.0000000e+00
0.0000000e+00
0.0000000e+00
0.0000000e+00
0.0000000e+00
0.0000000e+00
0.0000000e+00
0.0000000e+00
0.0000000e+00
0.0000000e+00
0.0000000e+00
0.0000000e+00
0.0000000e+00
0.0000000e+00
0.0000000e+00
0.0000000e+00
0.0000000e+00
0.0000000e+00
0.0000000e+00
0.0000000e+00
0.0000000e+00
0.0000000e+00
0.0000000e+00
0.0000000e+00
0.0000000e+00
0.0000000e+00
0.0000000e+00
0.0000000e+00
0.0000000e+00
0.0000000e+00
0.0000000e+00
0.0000000e+00
0.0000000e+00
0.0000000e+00
0.0000000e+00
0.0000000e+00
0.0000000e+00
0.0000000e+00
0.0000000e+00
0.0000000e+00
0.0000000e+00
0.0000000e+00
0.0000000e+00
0.0000000e+00
0.0000000e+00
0.0000000e+00
0.0000000e+00
0.0000000e+00
0.0000000e+00
0.0000000e+00
0.0000000e+00
0.0000000e+00
0.0000000e+00
0.0000000e+00
0.0000000e+00
0.0000000e+00
0.0000000e+00
0.0000000e+00
0.0000000e+00
0.0000000e+00
0.0000000e+00
0.0000000e+00
0.0000000e+00
0.0000000e+00
0.0000000e+00
0.0000000e+00
0.0000000e+00
0.0000000e+00
0.0000000e+00
0.0000000e+00
0.0000000e+00
0.0000000e+00
0.0000000e+00
0.0000000e+00
0.0000000e+00
0.0000000e+00
0.0000000e+00
0.0000000e+00
0.0000000e+00
0.0000000e+00
0.0000000e+00
0.0000000e+00
0.0000000e+00
0.0000000e+00
0.0000000e+00
0.0000000e+00
0.0000000e+00
0.0000000e+00
0.0000000e+00
0.0000000e+00
0.0000000e+00
0.0000000e+00
0.0000000e+00
0.0000000e+00
0.0000000e+00
0.0000000e+00
0.0000000e+00
0.0000000e+00
0.0000000e+00
0.0000000e+00
0.0000000e+00
0.0000000e+00
0.0000000e+00
0.0000000e+00
0.0000000e+00
0.0000000e+00
0.0000000e+00
0.0000000e+00
0.0000000e+00
0.0000000e+00
0.0000000e+00
0.0000000e+00
0.0000000e+00
0.0000000e+00
0.0000000e+00
0.0000000e+00
0.0000000e+00
0.0000000e+00
0.0000000e+00
0.0000000e+00
0.0000000e+00
0.0000000e+00
0.0000000e+00
0.0000000e+00
0.0000000e+00
0.0000000e+00
0.0000000e+00
0.0000000e+00
0.0000000e+00
0.0000000e+00
0.0000000e+00
0.0000000e+00
0.0000000e+00
0.0000000e+00
0.0000000e+00
0.0000000e+00
0.0000000e+00
0.0000000e+00
0.0000000e+00
0.0000000e+00
0.0000000e+00
0.0000000e+00
0.0000000e+00
0.0000000e+00
0.0000000e+00
0.0000000e+00
0.0000000e+00
0.0000000e+00
0.0000000e+00
0.0000000e+00
0.0000000e+00
0.0000000e+00
0.0000000e+00
0.0000000e+00
0.0000000e+00
0.0000000e+00
0.0000000e+00
0.0000000e+00
0.0000000e+00
0.0000000e+00
0.0000000e+00
0.0000000e+00
0.0000000e+00
0.0000000e+00
0.0000000e+00
0.0000000e+00
0.0000000e+00
0.0000000e+00
0.0000000e+00
0.0000000e+00
0.0000000e+00
0.0000000e+00
0.0000000e+00
0.0000000e+00
0.0000000e+00
0.0000000e+00
0.0000000e+00
0.0000000e+00
0.0000000e+00
0.0000000e+00
0.0000000e+00
0.0000000e+00
0.0000000e+00
0.0000000e+00
0.0000000e+00
0.0000000e+00
0.0000000e+00
0.0000000e+00
0.0000000e+00
0.0000000e+00
0.0000000e+00
0.0000000e+00
0.0000000e+00
0.0000000e+00
0.0000000e+00
0.0000000e+00
0.0000000e+00
0.0000000e+00
0.0000000e+00
0.0000000e+00
0.0000000e+00
0.0000000e+00
0.0000000e+00
0.0000000e+00
0.0000000e+00
0.0000000e+00
0.0000000e+00
0.0000000e+00
0.0000000e+00
0.0000000e+00
0.0000000e+00
0.0000000e+00
0.0000000e+00
0.0000000e+00
0.0000000e+00
0.0000000e+00
0.0000000e+00
0.0000000e+00
0.0000000e+00
0.0000000e+00
0.0000000e+00
0.0000000e+00
0.0000000e+00
0.0000000e+00
0.0000000e+00
0.0000000e+00
0.0000000e+00
0.0000000e+00
0.0000000e+00
0.0000000e+00
0.0000000e+00
0.0000000e+00
0.0000000e+00
0.0000000e+00
0.0000000e+00
0.0000000e+00
0.0000000e+00
0.0000000e+00
0.0000000e+00
0.0000000e+00
0.0000000e+00
0.0000000e+00
0.0000000e+00
0.0000000e+00
0.0000000e+00
0.0000000e+00
0.0000000e+00
0.0000000e+00
0.0000000e+00
0.0000000e+00
0.0000000e+00
0.0000000e+00
0.0000000e+00
0.0000000e+00
0.0000000e+00
0.0000000e+00
0.0000000e+00
0.0000000e+00
0.0000000e+00
0.0000000e+00
0.0000000e+00
0.0000000e+00
0.0000000e+00
0.0000000e+00
0.0000000e+00
0.0000000e+00
0.0000000e+00
0.0000000e+00
0.0000000e+00
0.0000000e+00
0.0000000e+00
0.0000000e+00
0.0000000e+00
0.0000000e+00
0.0000000e+00
0.0000000e+00
0.0000000e+00
0.0000000e+00
0.0000000e+00
0.0000000e+00
0.0000000e+00
0.0000000e+00
0.0000000e+00
0.0000000e+00
0.0000000e+00
0.0000000e+00
0.0000000e+00
0.0000000e+00
0.0000000e+00
0.0000000e+00
0.0000000e+00
0.0000000e+00
0.0000000e+00
0.0000000e+00
0.0000000e+00
0.0000000e+00
0.0000000e+00
0.0000000e+00
0.0000000e+00
0.0000000e+00
0.0000000e+00
0.0000000e+00
0.0000000e+00
0.0000000e+00
0.0000000e+00
0.0000000e+00
0.0000000e+00
0.0000000e+00
0.0000000e+00
0.0000000e+00
0.0000000e+00
0.0000000e+00
0.0000000e+00
0.0000000e+00
0.0000000e+00
0.0000000e+00
0.0000000e+00
0.0000000e+00
0.0000000e+00
0.0000000e+00
0.0000000e+00
0.0000000e+00
0.0000000e+00
0.0000000e+00
0.0000000e+00
0.0000000e+00
0.0000000e+00
0.0000000e+00
0.0000000e+00
0.0000000e+00
0.0000000e+00
0.0000000e+00
0.0000000e+00
0.0000000e+00
0.0000000e+00
0.0000000e+00
0.0000000e+00
0.0000000e+00
0.0000000e+00
0.0000000e+00
0.0000000e+00
0.0000000e+00
0.0000000e+00
0.0000000e+00
0.0000000e+00
0.0000000e+00
0.0000000e+00
0.0000000e+00
0.0000000e+00
0.0000000e+00
0.0000000e+00
0.0000000e+00
0.0000000e+00
0.0000000e+00
0.0000000e+00
0.0000000e+00
0.0000000e+00
0.0000000e+00
0.0000000e+00
0.0000000e+00
0.0000000e+00
0.0000000e+00
0.0000000e+00
0.0000000e+00
0.0000000e+00
0.0000000e+00
0.0000000e+00
0.0000000e+00
0.0000000e+00
0.0000000e+00
0.0000000e+00
0.0000000e+00
0.0000000e+00
0.0000000e+00
0.0000000e+00
0.0000000e+00
0.0000000e+00
0.0000000e+00
0.0000000e+00
0.0000000e+00
0.0000000e+00
0.0000000e+00
0.0000000e+00
0.0000000e+00
0.0000000e+00
0.0000000e+00
0.0000000e+00
0.0000000e+00
0.0000000e+00
0.0000000e+00
0.0000000e+00
0.0000000e+00
0.0000000e+00
0.0000000e+00
0.0000000e+00
0.0000000e+00
0.0000000e+00
0.0000000e+00
0.0000000e+00
0.0000000e+00
0.0000000e+00
0.0000000e+00
0.0000000e+00
0.0000000e+00
0.0000000e+00
0.0000000e+00
0.0000000e+00
0.0000000e+00
0.0000000e+00
0.0000000e+00
0.0000000e+00
0.0000000e+00
0.0000000e+00
0.0000000e+00
0.0000000e+00
0.0000000e+00
0.0000000e+00
0.0000000e+00
0.0000000e+00
0.0000000e+00
0.0000000e+00
0.0000000e+00
0.0000000e+00
0.0000000e+00
0.0000000e+00
0.0000000e+00
0.0000000e+00
0.0000000e+00
0.0000000e+00
0.0000000e+00
0.0000000e+00
0.0000000e+00
0.0000000e+00
0.0000000e+00
0.0000000e+00
0.0000000e+00
0.0000000e+00
0.0000000e+00
0.0000000e+00
0.0000000e+00
0.0000000e+00
0.0000000e+00
0.0000000e+00
0.0000000e+00
0.0000000e+00
0.0000000e+00
0.0000000e+00
0.0000000e+00
0.0000000e+00
0.0000000e+00
0.0000000e+00
0.0000000e+00
0.0000000e+00
0.0000000e+00
0.0000000e+00
0.0000000e+00
0.0000000e+00
0.0000000e+00
0.0000000e+00
0.0000000e+00
0.0000000e+00
0.0000000e+00
0.0000000e+00
0.0000000e+00
0.0000000e+00
0.0000000e+00
0.0000000e+00
0.0000000e+00
0.0000000e+00
0.0000000e+00
0.0000000e+00
0.0000000e+00
0.0000000e+00
0.0000000e+00
0.0000000e+00
0.0000000e+00
0.0000000e+00
0.0000000e+00
0.0000000e+00
0.0000000e+00
0.0000000e+00
0.0000000e+00
0.0000000e+00
0.0000000e+00
0.0000000e+00
0.0000000e+00
0.0000000e+00
0.0000000e+00
0.0000000e+00
0.0000000e+00
0.0000000e+00
0.0000000e+00
0.0000000e+00
0.0000000e+00
0.0000000e+00
0.0000000e+00
0.0000000e+00
0.0000000e+00
0.0000000e+00
0.0000000e+00
0.0000000e+00
0.0000000e+00
0.0000000e+00
0.0000000e+00
0.0000000e+00
0.0000000e+00
0.0000000e+00
0.0000000e+00
0.0000000e+00
0.0000000e+00
0.0000000e+00
0.0000000e+00
0.0000000e+00
0.0000000e+00
0.0000000e+00
0.0000000e+00
0.0000000e+00
0.0000000e+00
0.0000000e+00
0.0000000e+00
0.0000000e+00
0.0000000e+00
0.0000000e+00
0.0000000e+00
0.0000000e+00
0.0000000e+00
0.0000000e+00
0.0000000e+00
0.0000000e+00
0.0000000e+00
0.0000000e+00
0.0000000e+00
0.0000000e+00
0.0000000e+00
0.0000000e+00
0.0000000e+00
0.0000000e+00
0.0000000e+00
0.0000000e+00
0.0000000e+00
0.0000000e+00
0.0000000e+00
0.0000000e+00
0.0000000e+00
0.0000000e+00
0.0000000e+00
0.0000000e+00
0.0000000e+00
0.0000000e+00
0.0000000e+00
0.0000000e+00
0.0000000e+00
0.0000000e+00
0.0000000e+00
0.0000000e+00
0.0000000e+00
0.0000000e+00
0.0000000e+00
0.0000000e+00
0.0000000e+00
0.0000000e+00
0.0000000e+00
0.0000000e+00
0.0000000e+00
0.0000000e+00
0.0000000e+00
0.0000000e+00
0.0000000e+00
0.0000000e+00
0.0000000e+00
0.0000000e+00
0.0000000e+00
0.0000000e+00
0.0000000e+00
0.0000000e+00
0.0000000e+00
0.0000000e+00
0.0000000e+00
0.0000000e+00
0.0000000e+00
0.0000000e+00
0.0000000e+00
0.0000000e+00
0.0000000e+00
0.0000000e+00
0.0000000e+00
0.0000000e+00
0.0000000e+00
0.0000000e+00
0.0000000e+00
0.0000000e+00
0.0000000e+00
0.0000000e+00
0.0000000e+00
0.0000000e+00
0.0000000e+00
0.0000000e+00
0.0000000e+00
0.0000000e+00
0.0000000e+00
0.0000000e+00
0.0000000e+00
0.0000000e+00
0.0000000e+00
0.0000000e+00
0.0000000e+00
0.0000000e+00
0.0000000e+00
0.0000000e+00
0.0000000e+00
0.0000000e+00
0.0000000e+00
0.0000000e+00
0.0000000e+00
0.0000000e+00
0.0000000e+00
0.0000000e+00
0.0000000e+00
0.0000000e+00
0.0000000e+00
0.0000000e+00
0.0000000e+00
0.0000000e+00
0.0000000e+00
0.0000000e+00
0.0000000e+00
0.0000000e+00
0.0000000e+00
0.0000000e+00
0.0000000e+00
0.0000000e+00
0.0000000e+00
0.0000000e+00
0.0000000e+00
0.0000000e+00
0.0000000e+00
0.0000000e+00
0.0000000e+00
0.0000000e+00
0.0000000e+00
0.0000000e+00
0.0000000e+00
0.0000000e+00
0.0000000e+00
0.0000000e+00
0.0000000e+00
0.0000000e+00
0.0000000e+00
0.0000000e+00
0.0000000e+00
0.0000000e+00
0.0000000e+00
0.0000000e+00
0.0000000e+00
0.0000000e+00
0.0000000e+00
0.0000000e+00
0.0000000e+00
0.0000000e+00
0.0000000e+00
0.0000000e+00
0.0000000e+00
0.0000000e+00
0.0000000e+00
0.0000000e+00
0.0000000e+00
0.0000000e+00
0.0000000e+00
0.0000000e+00
0.0000000e+00
0.0000000e+00
0.0000000e+00
0.0000000e+00
0.0000000e+00
0.0000000e+00
0.0000000e+00
0.0000000e+00
0.0000000e+00
0.0000000e+00
0.0000000e+00
0.0000000e+00
0.0000000e+00
0.0000000e+00
0.0000000e+00
0.0000000e+00
0.0000000e+00
0.0000000e+00
0.0000000e+00
0.0000000e+00
0.0000000e+00
0.0000000e+00
0.0000000e+00
0.0000000e+00
0.0000000e+00
0.0000000e+00
0.0000000e+00
0.0000000e+00
0.0000000e+00
0.0000000e+00
0.0000000e+00
0.0000000e+00
0.0000000e+00
0.0000000e+00
0.0000000e+00
0.0000000e+00
0.0000000e+00
0.0000000e+00
0.0000000e+00
0.0000000e+00
0.0000000e+00
0.0000000e+00
0.0000000e+00
0.0000000e+00
0.0000000e+00
0.0000000e+00
0.0000000e+00
0.0000000e+00
0.0000000e+00
0.0000000e+00
0.0000000e+00
0.0000000e+00
0.0000000e+00
0.0000000e+00
0.0000000e+00
0.0000000e+00
0.0000000e+00
0.0000000e+00
0.0000000e+00
0.0000000e+00
0.0000000e+00
0.0000000e+00
0.0000000e+00
0.0000000e+00
0.0000000e+00
0.0000000e+00
0.0000000e+00
0.0000000e+00
0.0000000e+00
0.0000000e+00
0.0000000e+00
0.0000000e+00
0.0000000e+00
0.0000000e+00
0.0000000e+00
0.0000000e+00
0.0000000e+00
0.0000000e+00
0.0000000e+00
0.0000000e+00
0.0000000e+00
0.0000000e+00
0.0000000e+00
0.0000000e+00
0.0000000e+00
0.0000000e+00
0.0000000e+00
0.0000000e+00
0.0000000e+00
0.0000000e+00
0.0000000e+00
0.0000000e+00
0.0000000e+00
0.0000000e+00
0.0000000e+00
0.0000000e+00
0.0000000e+00
0.0000000e+00
0.0000000e+00
0.0000000e+00
0.0000000e+00
0.0000000e+00
0.0000000e+00
0.0000000e+00
0.0000000e+00
0.0000000e+00
0.0000000e+00
0.0000000e+00
0.0000000e+00
0.0000000e+00
0.0000000e+00
0.0000000e+00
0.0000000e+00
0.0000000e+00
0.0000000e+00
0.0000000e+00
0.0000000e+00
0.0000000e+00
0.0000000e+00
0.0000000e+00
0.0000000e+00
0.0000000e+00
0.0000000e+00
0.0000000e+00
0.0000000e+00
0.0000000e+00
0.0000000e+00
0.0000000e+00
0.0000000e+00
0.0000000e+00
0.0000000e+00
0.0000000e+00
0.0000000e+00
0.0000000e+00
0.0000000e+00
0.0000000e+00
0.0000000e+00
0.0000000e+00
0.0000000e+00
0.0000000e+00
0.0000000e+00
0.0000000e+00
0.0000000e+00
0.0000000e+00
0.0000000e+00
0.0000000e+00
0.0000000e+00
0.0000000e+00
0.0000000e+00
0.0000000e+00
0.0000000e+00
0.0000000e+00
0.0000000e+00
0.0000000e+00
0.0000000e+00
0.0000000e+00
0.0000000e+00
0.0000000e+00
0.0000000e+00
0.0000000e+00
0.0000000e+00
0.0000000e+00
0.0000000e+00
0.0000000e+00
0.0000000e+00
0.0000000e+00
0.0000000e+00
0.0000000e+00
0.0000000e+00
0.0000000e+00
0.0000000e+00
0.0000000e+00
0.0000000e+00
0.0000000e+00
0.0000000e+00
0.0000000e+00
0.0000000e+00
0.0000000e+00
0.0000000e+00
0.0000000e+00
0.0000000e+00
0.0000000e+00
0.0000000e+00
0.0000000e+00
0.0000000e+00
0.0000000e+00
0.0000000e+00
0.0000000e+00
0.0000000e+00
0.0000000e+00
0.0000000e+00
0.0000000e+00
0.0000000e+00
0.0000000e+00
0.0000000e+00
0.0000000e+00
0.0000000e+00
0.0000000e+00
0.0000000e+00
0.0000000e+00
0.0000000e+00
0.0000000e+00
0.0000000e+00
0.0000000e+00
0.0000000e+00
0.0000000e+00
0.0000000e+00
0.0000000e+00
0.0000000e+00
0.0000000e+00
0.0000000e+00
0.0000000e+00
0.0000000e+00
0.0000000e+00
0.0000000e+00
0.0000000e+00
0.0000000e+00
0.0000000e+00
0.0000000e+00
0.0000000e+00
0.0000000e+00
0.0000000e+00
0.0000000e+00
0.0000000e+00
0.0000000e+00
0.0000000e+00
0.0000000e+00
0.0000000e+00
0.0000000e+00
0.0000000e+00
0.0000000e+00
0.0000000e+00
0.0000000e+00
0.0000000e+00
0.0000000e+00
0.0000000e+00
0.0000000e+00
0.0000000e+00
0.0000000e+00
0.0000000e+00
0.0000000e+00
0.0000000e+00
0.0000000e+00
0.0000000e+00
0.0000000e+00
0.0000000e+00
0.0000000e+00
0.0000000e+00
0.0000000e+00
0.0000000e+00
0.0000000e+00
0.0000000e+00
0.0000000e+00
0.0000000e+00
0.0000000e+00
0.0000000e+00
0.0000000e+00
0.0000000e+00
0.0000000e+00
0.0000000e+00
0.0000000e+00
0.0000000e+00
0.0000000e+00
0.0000000e+00
0.0000000e+00
0.0000000e+00
0.0000000e+00
0.0000000e+00
0.0000000e+00
0.0000000e+00
0.0000000e+00
0.0000000e+00
0.0000000e+00
0.0000000e+00
0.0000000e+00
0.0000000e+00
0.0000000e+00
0.0000000e+00
0.0000000e+00
0.0000000e+00
0.0000000e+00
0.0000000e+00
0.0000000e+00
0.0000000e+00
0.0000000e+00
0.0000000e+00
0.0000000e+00
0.0000000e+00
0.0000000e+00
0.0000000e+00
0.0000000e+00
0.0000000e+00
0.0000000e+00
0.0000000e+00
0.0000000e+00
0.0000000e+00
0.0000000e+00
0.0000000e+00
0.0000000e+00
0.0000000e+00
0.0000000e+00
0.0000000e+00
0.0000000e+00
0.0000000e+00
0.0000000e+00
0.0000000e+00
0.0000000e+00
0.0000000e+00
0.0000000e+00
0.0000000e+00
0.0000000e+00
0.0000000e+00
0.0000000e+00
0.0000000e+00
0.0000000e+00
0.0000000e+00
0.0000000e+00
0.0000000e+00
0.0000000e+00
0.0000000e+00
0.0000000e+00
0.0000000e+00
0.0000000e+00
0.0000000e+00
0.0000000e+00
0.0000000e+00
0.0000000e+00
0.0000000e+00
0.0000000e+00
0.0000000e+00
0.0000000e+00
0.0000000e+00
0.0000000e+00
0.0000000e+00
0.0000000e+00
0.0000000e+00
0.0000000e+00
0.0000000e+00
0.0000000e+00
0.0000000e+00
0.0000000e+00
0.0000000e+00
0.0000000e+00
0.0000000e+00
0.0000000e+00
0.0000000e+00
0.0000000e+00
0.0000000e+00
0.0000000e+00
0.0000000e+00
0.0000000e+00
0.0000000e+00
0.0000000e+00
0.0000000e+00
0.0000000e+00
0.0000000e+00
0.0000000e+00
0.0000000e+00
0.0000000e+00
0.0000000e+00
0.0000000e+00
0.0000000e+00
0.0000000e+00
0.0000000e+00
0.0000000e+00
0.0000000e+00
0.0000000e+00
0.0000000e+00
0.0000000e+00
0.0000000e+00
0.0000000e+00
0.0000000e+00
0.0000000e+00
0.0000000e+00
0.0000000e+00
0.0000000e+00
0.0000000e+00
0.0000000e+00
0.0000000e+00
0.0000000e+00
0.0000000e+00
0.0000000e+00
0.0000000e+00
0.0000000e+00
0.0000000e+00
0.0000000e+00
0.0000000e+00
0.0000000e+00
0.0000000e+00
0.0000000e+00
0.0000000e+00
0.0000000e+00
0.0000000e+00
0.0000000e+00
0.0000000e+00
0.0000000e+00
0.0000000e+00
0.0000000e+00
0.0000000e+00
0.0000000e+00
0.0000000e+00
0.0000000e+00
0.0000000e+00
0.0000000e+00
0.0000000e+00
0.0000000e+00
0.0000000e+00
0.0000000e+00
0.0000000e+00
0.0000000e+00
0.0000000e+00
0.0000000e+00
0.0000000e+00
0.0000000e+00
0.0000000e+00
0.0000000e+00
0.0000000e+00
0.0000000e+00
0.0000000e+00
0.0000000e+00
0.0000000e+00
0.0000000e+00
0.0000000e+00
0.0000000e+00
0.0000000e+00
0.0000000e+00
0.0000000e+00
0.0000000e+00
0.0000000e+00
0.0000000e+00
0.0000000e+00
0.0000000e+00
0.0000000e+00
0.0000000e+00
0.0000000e+00
0.0000000e+00
0.0000000e+00
0.0000000e+00
0.0000000e+00
0.0000000e+00
0.0000000e+00
0.0000000e+00
0.0000000e+00
0.0000000e+00
0.0000000e+00
0.0000000e+00
0.0000000e+00
0.0000000e+00
0.0000000e+00
0.0000000e+00
0.0000000e+00
0.0000000e+00
0.0000000e+00
0.0000000e+00
0.0000000e+00
0.0000000e+00
0.0000000e+00
0.0000000e+00
0.0000000e+00
0.0000000e+00
0.0000000e+00
0.0000000e+00
0.0000000e+00
0.0000000e+00
0.0000000e+00
0.0000000e+00
0.0000000e+00
0.0000000e+00
0.0000000e+00
0.0000000e+00
0.0000000e+00
0.0000000e+00
0.0000000e+00
0.0000000e+00
0.0000000e+00
0.0000000e+00
0.0000000e+00
0.0000000e+00
0.0000000e+00
0.0000000e+00
0.0000000e+00
0.0000000e+00
0.0000000e+00
0.0000000e+00
0.0000000e+00
0.0000000e+00
0.0000000e+00
0.0000000e+00
0.0000000e+00
0.0000000e+00
0.0000000e+00
0.0000000e+00
0.0000000e+00
0.0000000e+00
0.0000000e+00
0.0000000e+00
0.0000000e+00
0.0000000e+00
0.0000000e+00
0.0000000e+00
0.0000000e+00
0.0000000e+00
0.0000000e+00
0.0000000e+00
0.0000000e+00
0.0000000e+00
0.0000000e+00
0.0000000e+00
0.0000000e+00
0.0000000e+00
0.0000000e+00
0.0000000e+00
0.0000000e+00
0.0000000e+00
0.0000000e+00
0.0000000e+00
0.0000000e+00
0.0000000e+00
0.0000000e+00
0.0000000e+00
0.0000000e+00
0.0000000e+00
0.0000000e+00
0.0000000e+00
0.0000000e+00
0.0000000e+00
0.0000000e+00
0.0000000e+00
0.0000000e+00
0.0000000e+00
0.0000000e+00
0.0000000e+00
0.0000000e+00
0.0000000e+00
0.0000000e+00
0.0000000e+00
0.0000000e+00
0.0000000e+00
0.0000000e+00
0.0000000e+00
0.0000000e+00
0.0000000e+00
0.0000000e+00
0.0000000e+00
0.0000000e+00
0.0000000e+00
0.0000000e+00
0.0000000e+00
0.0000000e+00
0.0000000e+00
0.0000000e+00
0.0000000e+00
0.0000000e+00
0.0000000e+00
0.0000000e+00
0.0000000e+00
0.0000000e+00
0.0000000e+00
0.0000000e+00
0.0000000e+00
0.0000000e+00
0.0000000e+00
0.0000000e+00
0.0000000e+00
0.0000000e+00
0.0000000e+00
0.0000000e+00
0.0000000e+00
0.0000000e+00
0.0000000e+00
0.0000000e+00
0.0000000e+00
0.0000000e+00
0.0000000e+00
0.0000000e+00
0.0000000e+00
0.0000000e+00
0.0000000e+00
0.0000000e+00
0.0000000e+00
0.0000000e+00
0.0000000e+00
0.0000000e+00
0.0000000e+00
0.0000000e+00
0.0000000e+00
0.0000000e+00
0.0000000e+00
0.0000000e+00
0.0000000e+00
0.0000000e+00
0.0000000e+00
0.0000000e+00
0.0000000e+00
0.0000000e+00
0.0000000e+00
0.0000000e+00
0.0000000e+00
0.0000000e+00
0.0000000e+00
0.0000000e+00
0.0000000e+00
0.0000000e+00
0.0000000e+00
0.0000000e+00
0.0000000e+00
0.0000000e+00
0.0000000e+00
0.0000000e+00
0.0000000e+00
0.0000000e+00
0.0000000e+00
0.0000000e+00
0.0000000e+00
0.0000000e+00
0.0000000e+00
0.0000000e+00
0.0000000e+00
0.0000000e+00
0.0000000e+00
0.0000000e+00
0.0000000e+00
0.0000000e+00
0.0000000e+00
0.0000000e+00
0.0000000e+00
0.0000000e+00
0.0000000e+00
0.0000000e+00
0.0000000e+00
0.0000000e+00
0.0000000e+00
0.0000000e+00
0.0000000e+00
0.0000000e+00
0.0000000e+00
0.0000000e+00
0.0000000e+00
0.0000000e+00
0.0000000e+00
0.0000000e+00
0.0000000e+00
0.0000000e+00
0.0000000e+00
0.0000000e+00
0.0000000e+00
0.0000000e+00
0.0000000e+00
0.0000000e+00
0.0000000e+00
0.0000000e+00
0.0000000e+00
0.0000000e+00
0.0000000e+00
0.0000000e+00
0.0000000e+00
0.0000000e+00
0.0000000e+00
0.0000000e+00
0.0000000e+00
0.0000000e+00
0.0000000e+00
0.0000000e+00
0.0000000e+00
0.0000000e+00
0.0000000e+00
0.0000000e+00
0.0000000e+00
0.0000000e+00
0.0000000e+00
0.0000000e+00
0.0000000e+00
0.0000000e+00
0.0000000e+00
0.0000000e+00
0.0000000e+00
0.0000000e+00
0.0000000e+00
0.0000000e+00
0.0000000e+00
0.0000000e+00
0.0000000e+00
0.0000000e+00
0.0000000e+00
0.0000000e+00
0.0000000e+00
0.0000000e+00
0.0000000e+00
0.0000000e+00
0.0000000e+00
0.0000000e+00
0.0000000e+00
0.0000000e+00
0.0000000e+00
0.0000000e+00
0.0000000e+00
0.0000000e+00
0.0000000e+00
0.0000000e+00
0.0000000e+00
0.0000000e+00
0.0000000e+00
0.0000000e+00
0.0000000e+00
0.0000000e+00
0.0000000e+00
0.0000000e+00
0.0000000e+00
0.0000000e+00
0.0000000e+00
0.0000000e+00
0.0000000e+00
0.0000000e+00
0.0000000e+00
0.0000000e+00
0.0000000e+00
0.0000000e+00
0.0000000e+00
0.0000000e+00
0.0000000e+00
0.0000000e+00
0.0000000e+00
0.0000000e+00
0.0000000e+00
0.0000000e+00
0.0000000e+00
0.0000000e+00
0.0000000e+00
0.0000000e+00
0.0000000e+00
0.0000000e+00
0.0000000e+00
0.0000000e+00
0.0000000e+00
0.0000000e+00
0.0000000e+00
0.0000000e+00
0.0000000e+00
0.0000000e+00
0.0000000e+00
0.0000000e+00
0.0000000e+00
0.0000000e+00
0.0000000e+00
0.0000000e+00
0.0000000e+00
0.0000000e+00
0.0000000e+00
0.0000000e+00
0.0000000e+00
0.0000000e+00
0.0000000e+00
0.0000000e+00
0.0000000e+00
0.0000000e+00
0.0000000e+00
0.0000000e+00
0.0000000e+00
0.0000000e+00
0.0000000e+00
0.0000000e+00
0.0000000e+00
0.0000000e+00
0.0000000e+00
0.0000000e+00
0.0000000e+00
0.0000000e+00
0.0000000e+00
0.0000000e+00
0.0000000e+00
0.0000000e+00
0.0000000e+00
0.0000000e+00
0.0000000e+00
0.0000000e+00
0.0000000e+00
0.0000000e+00
0.0000000e+00
0.0000000e+00
0.0000000e+00
0.0000000e+00
0.0000000e+00
0.0000000e+00
0.0000000e+00
0.0000000e+00
0.0000000e+00
0.0000000e+00
0.0000000e+00
0.0000000e+00
0.0000000e+00
0.0000000e+00
0.0000000e+00
0.0000000e+00
0.0000000e+00
0.0000000e+00
0.0000000e+00
0.0000000e+00
0.0000000e+00
0.0000000e+00
0.0000000e+00
0.0000000e+00
0.0000000e+00
0.0000000e+00
0.0000000e+00
0.0000000e+00
0.0000000e+00
0.0000000e+00
0.0000000e+00
0.0000000e+00
0.0000000e+00
0.0000000e+00
0.0000000e+00
0.0000000e+00
0.0000000e+00
0.0000000e+00
0.0000000e+00
0.0000000e+00
0.0000000e+00
0.0000000e+00
0.0000000e+00
0.0000000e+00
0.0000000e+00
0.0000000e+00
0.0000000e+00
0.0000000e+00
0.0000000e+00
0.0000000e+00
0.0000000e+00
0.0000000e+00
0.0000000e+00
0.0000000e+00
0.0000000e+00
0.0000000e+00
0.0000000e+00
0.0000000e+00
0.0000000e+00
0.0000000e+00
0.0000000e+00
0.0000000e+00
0.0000000e+00
0.0000000e+00
0.0000000e+00
0.0000000e+00
0.0000000e+00
0.0000000e+00
0.0000000e+00
0.0000000e+00
0.0000000e+00
0.0000000e+00
0.0000000e+00
0.0000000e+00
0.0000000e+00
0.0000000e+00
0.0000000e+00
0.0000000e+00
0.0000000e+00
0.0000000e+00
0.0000000e+00
0.0000000e+00
0.0000000e+00
0.0000000e+00
0.0000000e+00
0.0000000e+00
0.0000000e+00
0.0000000e+00
0.0000000e+00
0.0000000e+00
0.0000000e+00
0.0000000e+00
0.0000000e+00
0.0000000e+00
0.0000000e+00
0.0000000e+00
0.0000000e+00
0.0000000e+00
0.0000000e+00
0.0000000e+00
0.0000000e+00
0.0000000e+00
0.0000000e+00
0.0000000e+00
0.0000000e+00
0.0000000e+00
0.0000000e+00
0.0000000e+00
0.0000000e+00
0.0000000e+00
0.0000000e+00
0.0000000e+00
0.0000000e+00
0.0000000e+00
0.0000000e+00
0.0000000e+00
0.0000000e+00
0.0000000e+00
0.0000000e+00
0.0000000e+00
0.0000000e+00
0.0000000e+00
0.0000000e+00
0.0000000e+00
0.0000000e+00
0.0000000e+00
0.0000000e+00
0.0000000e+00
0.0000000e+00
0.0000000e+00
0.0000000e+00
0.0000000e+00
0.0000000e+00
0.0000000e+00
0.0000000e+00
0.0000000e+00
0.0000000e+00
0.0000000e+00
0.0000000e+00
0.0000000e+00
0.0000000e+00
0.0000000e+00
0.0000000e+00
0.0000000e+00
0.0000000e+00
0.0000000e+00
0.0000000e+00
0.0000000e+00
0.0000000e+00
0.0000000e+00
0.0000000e+00
0.0000000e+00
0.0000000e+00
0.0000000e+00
0.0000000e+00
0.0000000e+00
0.0000000e+00
0.0000000e+00
0.0000000e+00
0.0000000e+00
0.0000000e+00
0.0000000e+00
0.0000000e+00
0.0000000e+00
0.0000000e+00
0.0000000e+00
0.0000000e+00
0.0000000e+00
0.0000000e+00
0.0000000e+00
0.0000000e+00
0.0000000e+00
0.0000000e+00
0.0000000e+00
0.0000000e+00
0.0000000e+00
0.0000000e+00
0.0000000e+00
0.0000000e+00
0.0000000e+00
0.0000000e+00
0.0000000e+00
0.0000000e+00
0.0000000e+00
0.0000000e+00
0.0000000e+00
0.0000000e+00
0.0000000e+00
0.0000000e+00
0.0000000e+00
0.0000000e+00
0.0000000e+00
0.0000000e+00
0.0000000e+00
0.0000000e+00
0.0000000e+00
0.0000000e+00
0.0000000e+00
0.0000000e+00
0.0000000e+00
0.0000000e+00
0.0000000e+00
0.0000000e+00
0.0000000e+00
0.0000000e+00
0.0000000e+00
0.0000000e+00
0.0000000e+00
0.0000000e+00
0.0000000e+00
0.0000000e+00
0.0000000e+00
0.0000000e+00
0.0000000e+00
0.0000000e+00
0.0000000e+00
0.0000000e+00
0.0000000e+00
0.0000000e+00
0.0000000e+00
0.0000000e+00
0.0000000e+00
0.0000000e+00
0.0000000e+00
0.0000000e+00
0.0000000e+00
0.0000000e+00
0.0000000e+00
0.0000000e+00
0.0000000e+00
0.0000000e+00
0.0000000e+00
0.0000000e+00
0.0000000e+00
0.0000000e+00
0.0000000e+00
0.0000000e+00
0.0000000e+00
0.0000000e+00
0.0000000e+00
0.0000000e+00
0.0000000e+00
0.0000000e+00
0.0000000e+00
0.0000000e+00
0.0000000e+00
0.0000000e+00
0.0000000e+00
0.0000000e+00
0.0000000e+00
0.0000000e+00
0.0000000e+00
0.0000000e+00
0.0000000e+00
0.0000000e+00
0.0000000e+00
0.0000000e+00
0.0000000e+00
0.0000000e+00
0.0000000e+00
0.0000000e+00
0.0000000e+00
0.0000000e+00
0.0000000e+00
0.0000000e+00
0.0000000e+00
0.0000000e+00
0.0000000e+00
0.0000000e+00
0.0000000e+00
0.0000000e+00
0.0000000e+00
0.0000000e+00
0.0000000e+00
0.0000000e+00
0.0000000e+00
0.0000000e+00
0.0000000e+00
0.0000000e+00
0.0000000e+00
0.0000000e+00
0.0000000e+00
0.0000000e+00
0.0000000e+00
0.0000000e+00
0.0000000e+00
0.0000000e+00
0.0000000e+00
0.0000000e+00
0.0000000e+00
0.0000000e+00
0.0000000e+00
0.0000000e+00
0.0000000e+00
0.0000000e+00
0.0000000e+00
0.0000000e+00
0.0000000e+00
0.0000000e+00
0.0000000e+00
0.0000000e+00
0.0000000e+00
0.0000000e+00
0.0000000e+00
0.0000000e+00
0.0000000e+00
0.0000000e+00
0.0000000e+00
0.0000000e+00
0.0000000e+00
0.0000000e+00
0.0000000e+00
0.0000000e+00
0.0000000e+00
0.0000000e+00
0.0000000e+00
0.0000000e+00
0.0000000e+00
0.0000000e+00
0.0000000e+00
0.0000000e+00
0.0000000e+00
0.0000000e+00
0.0000000e+00
0.0000000e+00
0.0000000e+00
0.0000000e+00
0.0000000e+00
0.0000000e+00
0.0000000e+00
0.0000000e+00
0.0000000e+00
0.0000000e+00
0.0000000e+00
0.0000000e+00
0.0000000e+00
0.0000000e+00
0.0000000e+00
0.0000000e+00
0.0000000e+00
0.0000000e+00
0.0000000e+00
0.0000000e+00
0.0000000e+00
0.0000000e+00
0.0000000e+00
0.0000000e+00
0.0000000e+00
0.0000000e+00
0.0000000e+00
0.0000000e+00
0.0000000e+00
0.0000000e+00
0.0000000e+00
0.0000000e+00
0.0000000e+00
0.0000000e+00
0.0000000e+00
0.0000000e+00
0.0000000e+00
0.0000000e+00
0.0000000e+00
0.0000000e+00
0.0000000e+00
0.0000000e+00
0.0000000e+00
0.0000000e+00
0.0000000e+00
0.0000000e+00
0.0000000e+00
0.0000000e+00
0.0000000e+00
0.0000000e+00
0.0000000e+00
0.0000000e+00
0.0000000e+00
0.0000000e+00
0.0000000e+00
0.0000000e+00
0.0000000e+00
0.0000000e+00
0.0000000e+00
0.0000000e+00
0.0000000e+00
0.0000000e+00
0.0000000e+00
0.0000000e+00
0.0000000e+00
0.0000000e+00
0.0000000e+00
0.0000000e+00
0.0000000e+00
0.0000000e+00
0.0000000e+00
0.0000000e+00
0.0000000e+00
0.0000000e+00
0.0000000e+00
0.0000000e+00
0.0000000e+00
0.0000000e+00
0.0000000e+00
0.0000000e+00
0.0000000e+00
0.0000000e+00
0.0000000e+00
0.0000000e+00
0.0000000e+00
0.0000000e+00
0.0000000e+00
0.0000000e+00
0.0000000e+00
0.0000000e+00
0.0000000e+00
0.0000000e+00
0.0000000e+00
0.0000000e+00
0.0000000e+00
0.0000000e+00
0.0000000e+00
0.0000000e+00
0.0000000e+00
0.0000000e+00
0.0000000e+00
0.0000000e+00
0.0000000e+00
0.0000000e+00
0.0000000e+00
0.0000000e+00
0.0000000e+00
0.0000000e+00
0.0000000e+00
0.0000000e+00
0.0000000e+00
0.0000000e+00
0.0000000e+00
0.0000000e+00
0.0000000e+00
0.0000000e+00
0.0000000e+00
0.0000000e+00
0.0000000e+00
0.0000000e+00
0.0000000e+00
0.0000000e+00
0.0000000e+00
0.0000000e+00
0.0000000e+00
0.0000000e+00
0.0000000e+00
0.0000000e+00
0.0000000e+00
0.0000000e+00
0.0000000e+00
0.0000000e+00
0.0000000e+00
0.0000000e+00
0.0000000e+00
0.0000000e+00
0.0000000e+00
0.0000000e+00
0.0000000e+00
0.0000000e+00
0.0000000e+00
0.0000000e+00
0.0000000e+00
0.0000000e+00
0.0000000e+00
0.0000000e+00
0.0000000e+00
0.0000000e+00
0.0000000e+00
0.0000000e+00
0.0000000e+00
0.0000000e+00
0.0000000e+00
0.0000000e+00
0.0000000e+00
0.0000000e+00
0.0000000e+00
0.0000000e+00
0.0000000e+00
0.0000000e+00
0.0000000e+00
0.0000000e+00
0.0000000e+00
0.0000000e+00
0.0000000e+00
0.0000000e+00
0.0000000e+00
0.0000000e+00
0.0000000e+00
0.0000000e+00
0.0000000e+00
0.0000000e+00
0.0000000e+00
0.0000000e+00
0.0000000e+00
0.0000000e+00
0.0000000e+00
0.0000000e+00
0.0000000e+00
0.0000000e+00
0.0000000e+00
0.0000000e+00
0.0000000e+00
0.0000000e+00
0.0000000e+00
0.0000000e+00
0.0000000e+00
0.0000000e+00
0.0000000e+00
0.0000000e+00
0.0000000e+00
0.0000000e+00
0.0000000e+00
0.0000000e+00
0.0000000e+00
0.0000000e+00
0.0000000e+00
0.0000000e+00
0.0000000e+00
0.0000000e+00
0.0000000e+00
0.0000000e+00
0.0000000e+00
0.0000000e+00
0.0000000e+00
0.0000000e+00
0.0000000e+00
0.0000000e+00
0.0000000e+00
0.0000000e+00
0.0000000e+00
0.0000000e+00
0.0000000e+00
0.0000000e+00
0.0000000e+00
0.0000000e+00
0.0000000e+00
0.0000000e+00
0.0000000e+00
0.0000000e+00
0.0000000e+00
0.0000000e+00
0.0000000e+00
0.0000000e+00
0.0000000e+00
0.0000000e+00
0.0000000e+00
0.0000000e+00
0.0000000e+00
0.0000000e+00
0.0000000e+00
0.0000000e+00
0.0000000e+00
0.0000000e+00
0.0000000e+00
0.0000000e+00
0.0000000e+00
0.0000000e+00
0.0000000e+00
0.0000000e+00
0.0000000e+00
0.0000000e+00
0.0000000e+00
0.0000000e+00
0.0000000e+00
0.0000000e+00
0.0000000e+00
0.0000000e+00
0.0000000e+00
0.0000000e+00
0.0000000e+00
0.0000000e+00
0.0000000e+00
0.0000000e+00
0.0000000e+00
0.0000000e+00
0.0000000e+00
0.0000000e+00
0.0000000e+00
0.0000000e+00
0.0000000e+00
0.0000000e+00
0.0000000e+00
0.0000000e+00
0.0000000e+00
0.0000000e+00
0.0000000e+00
0.0000000e+00
0.0000000e+00
0.0000000e+00
0.0000000e+00
0.0000000e+00
0.0000000e+00
0.0000000e+00
0.0000000e+00
0.0000000e+00
0.0000000e+00
0.0000000e+00
0.0000000e+00
0.0000000e+00
0.0000000e+00
0.0000000e+00
0.0000000e+00
0.0000000e+00
0.0000000e+00
0.0000000e+00
0.0000000e+00
0.0000000e+00
0.0000000e+00
0.0000000e+00
0.0000000e+00
0.0000000e+00
0.0000000e+00
0.0000000e+00
0.0000000e+00
0.0000000e+00
0.0000000e+00
0.0000000e+00
0.0000000e+00
0.0000000e+00
0.0000000e+00
0.0000000e+00
0.0000000e+00
0.0000000e+00
0.0000000e+00
0.0000000e+00
0.0000000e+00
0.0000000e+00
0.0000000e+00
0.0000000e+00
0.0000000e+00
0.0000000e+00
0.0000000e+00
0.0000000e+00
0.0000000e+00
0.0000000e+00
0.0000000e+00
0.0000000e+00
0.0000000e+00
0.0000000e+00
0.0000000e+00
0.0000000e+00
0.0000000e+00
0.0000000e+00
0.0000000e+00
0.0000000e+00
0.0000000e+00
0.0000000e+00
0.0000000e+00
0.0000000e+00
0.0000000e+00
0.0000000e+00
0.0000000e+00
0.0000000e+00
0.0000000e+00
0.0000000e+00
0.0000000e+00
0.0000000e+00
0.0000000e+00
0.0000000e+00
0.0000000e+00
0.0000000e+00
0.0000000e+00
0.0000000e+00
0.0000000e+00
0.0000000e+00
0.0000000e+00
0.0000000e+00
0.0000000e+00
0.0000000e+00
0.0000000e+00
0.0000000e+00
0.0000000e+00
0.0000000e+00
0.0000000e+00
0.0000000e+00
0.0000000e+00
0.0000000e+00
0.0000000e+00
0.0000000e+00
0.0000000e+00
0.0000000e+00
0.0000000e+00
0.0000000e+00
0.0000000e+00
0.0000000e+00
0.0000000e+00
0.0000000e+00
0.0000000e+00
0.0000000e+00
0.0000000e+00
0.0000000e+00
0.0000000e+00
0.0000000e+00
0.0000000e+00
0.0000000e+00
0.0000000e+00
0.0000000e+00
0.0000000e+00
0.0000000e+00
0.0000000e+00
0.0000000e+00
0.0000000e+00
0.0000000e+00
0.0000000e+00
0.0000000e+00
0.0000000e+00
0.0000000e+00
0.0000000e+00
0.0000000e+00
0.0000000e+00
0.0000000e+00
0.0000000e+00
0.0000000e+00
0.0000000e+00
0.0000000e+00
0.0000000e+00
0.0000000e+00
0.0000000e+00
0.0000000e+00
0.0000000e+00
0.0000000e+00
0.0000000e+00
0.0000000e+00
0.0000000e+00
0.0000000e+00
0.0000000e+00
0.0000000e+00
0.0000000e+00
0.0000000e+00
0.0000000e+00
0.0000000e+00
0.0000000e+00
0.0000000e+00
0.0000000e+00
0.0000000e+00
0.0000000e+00
0.0000000e+00
0.0000000e+00
0.0000000e+00
0.0000000e+00
0.0000000e+00
0.0000000e+00
0.0000000e+00
0.0000000e+00
0.0000000e+00
0.0000000e+00
0.0000000e+00
0.0000000e+00
0.0000000e+00
0.0000000e+00
0.0000000e+00
0.0000000e+00
0.0000000e+00
0.0000000e+00
0.0000000e+00
0.0000000e+00
0.0000000e+00
0.0000000e+00
0.0000000e+00
0.0000000e+00
0.0000000e+00
0.0000000e+00
0.0000000e+00
0.0000000e+00
0.0000000e+00
0.0000000e+00
0.0000000e+00
0.0000000e+00
0.0000000e+00
0.0000000e+00
0.0000000e+00
0.0000000e+00
0.0000000e+00
0.0000000e+00
0.0000000e+00
0.0000000e+00
0.0000000e+00
0.0000000e+00
0.0000000e+00
0.0000000e+00
0.0000000e+00
0.0000000e+00
0.0000000e+00
0.0000000e+00
0.0000000e+00
0.0000000e+00
0.0000000e+00
0.0000000e+00
0.0000000e+00
0.0000000e+00
0.0000000e+00
0.0000000e+00
0.0000000e+00
0.0000000e+00
0.0000000e+00
0.0000000e+00
0.0000000e+00
0.0000000e+00
0.0000000e+00
0.0000000e+00
0.0000000e+00
0.0000000e+00
0.0000000e+00
0.0000000e+00
0.0000000e+00
0.0000000e+00
0.0000000e+00
0.0000000e+00
0.0000000e+00
0.0000000e+00
0.0000000e+00
0.0000000e+00
0.0000000e+00
0.0000000e+00
0.0000000e+00
0.0000000e+00
0.0000000e+00
0.0000000e+00
0.0000000e+00
0.0000000e+00
0.0000000e+00
0.0000000e+00
0.0000000e+00
0.0000000e+00
0.0000000e+00
0.0000000e+00
0.0000000e+00
0.0000000e+00
0.0000000e+00
0.0000000e+00
0.0000000e+00
0.0000000e+00
0.0000000e+00
0.0000000e+00
0.0000000e+00
0.0000000e+00
0.0000000e+00
0.0000000e+00
0.0000000e+00
0.0000000e+00
0.0000000e+00
0.0000000e+00
0.0000000e+00
0.0000000e+00
0.0000000e+00
0.0000000e+00
0.0000000e+00
0.0000000e+00
0.0000000e+00
0.0000000e+00
0.0000000e+00
0.0000000e+00
0.0000000e+00
0.0000000e+00
0.0000000e+00
0.0000000e+00
0.0000000e+00
0.0000000e+00
0.0000000e+00
0.0000000e+00
0.0000000e+00
0.0000000e+00
0.0000000e+00
0.0000000e+00
0.0000000e+00
0.0000000e+00
0.0000000e+00
0.0000000e+00
0.0000000e+00
0.0000000e+00
0.0000000e+00
0.0000000e+00
0.0000000e+00
0.0000000e+00
0.0000000e+00
0.0000000e+00
0.0000000e+00
0.0000000e+00
0.0000000e+00
0.0000000e+00
0.0000000e+00
0.0000000e+00
0.0000000e+00
0.0000000e+00
0.0000000e+00
0.0000000e+00
0.0000000e+00
0.0000000e+00
0.0000000e+00
0.0000000e+00
0.0000000e+00
0.0000000e+00
0.0000000e+00
0.0000000e+00
0.0000000e+00
0.0000000e+00
0.0000000e+00
0.0000000e+00
0.0000000e+00
0.0000000e+00
0.0000000e+00
0.0000000e+00
0.0000000e+00
0.0000000e+00
0.0000000e+00
0.0000000e+00
0.0000000e+00
0.0000000e+00
0.0000000e+00
0.0000000e+00
0.0000000e+00
0.0000000e+00
0.0000000e+00
0.0000000e+00
0.0000000e+00
0.0000000e+00
0.0000000e+00
0.0000000e+00
0.0000000e+00
0.0000000e+00
0.0000000e+00
0.0000000e+00
0.0000000e+00
0.0000000e+00
0.0000000e+00
0.0000000e+00
0.0000000e+00
0.0000000e+00
0.0000000e+00
0.0000000e+00
0.0000000e+00
0.0000000e+00
0.0000000e+00
0.0000000e+00
0.0000000e+00
0.0000000e+00
0.0000000e+00
0.0000000e+00
0.0000000e+00
0.0000000e+00
0.0000000e+00
0.0000000e+00
0.0000000e+00
0.0000000e+00
0.0000000e+00
0.0000000e+00
0.0000000e+00
0.0000000e+00
0.0000000e+00
0.0000000e+00
0.0000000e+00
0.0000000e+00
0.0000000e+00
0.0000000e+00
0.0000000e+00
0.0000000e+00
0.0000000e+00
0.0000000e+00
0.0000000e+00
0.0000000e+00
0.0000000e+00
0.0000000e+00
0.0000000e+00
0.0000000e+00
0.0000000e+00
0.0000000e+00
0.0000000e+00
0.0000000e+00
0.0000000e+00
0.0000000e+00
0.0000000e+00
0.0000000e+00
0.0000000e+00
0.0000000e+00
0.0000000e+00
0.0000000e+00
0.0000000e+00
0.0000000e+00
0.0000000e+00
0.0000000e+00
0.0000000e+00
0.0000000e+00
0.0000000e+00
0.0000000e+00
0.0000000e+00
0.0000000e+00
0.0000000e+00
0.0000000e+00
0.0000000e+00
0.0000000e+00
0.0000000e+00
0.0000000e+00
0.0000000e+00
0.0000000e+00
0.0000000e+00
0.0000000e+00
0.0000000e+00
0.0000000e+00
0.0000000e+00
0.0000000e+00
0.0000000e+00
0.0000000e+00
0.0000000e+00
0.0000000e+00
0.0000000e+00
0.0000000e+00
0.0000000e+00
0.0000000e+00
0.0000000e+00
0.0000000e+00
0.0000000e+00
0.0000000e+00
0.0000000e+00
0.0000000e+00
0.0000000e+00
0.0000000e+00
0.0000000e+00
0.0000000e+00
0.0000000e+00
0.0000000e+00
0.0000000e+00
0.0000000e+00
0.0000000e+00
0.0000000e+00
0.0000000e+00
0.0000000e+00
0.0000000e+00
0.0000000e+00
0.0000000e+00
0.0000000e+00
0.0000000e+00
0.0000000e+00
0.0000000e+00
0.0000000e+00
0.0000000e+00
0.0000000e+00
0.0000000e+00
0.0000000e+00
0.0000000e+00
0.0000000e+00
0.0000000e+00
0.0000000e+00
0.0000000e+00
0.0000000e+00
0.0000000e+00
0.0000000e+00
0.0000000e+00
0.0000000e+00
0.0000000e+00
0.0000000e+00
0.0000000e+00
0.0000000e+00
0.0000000e+00
0.0000000e+00
0.0000000e+00
0.0000000e+00
0.0000000e+00
0.0000000e+00
0.0000000e+00
0.0000000e+00
0.0000000e+00
0.0000000e+00
0.0000000e+00
0.0000000e+00
0.0000000e+00
0.0000000e+00
0.0000000e+00
0.0000000e+00
0.0000000e+00
0.0000000e+00
0.0000000e+00
0.0000000e+00
0.0000000e+00
0.0000000e+00
0.0000000e+00
0.0000000e+00
0.0000000e+00
0.0000000e+00
0.0000000e+00
0.0000000e+00
0.0000000e+00
0.0000000e+00
0.0000000e+00
0.0000000e+00
0.0000000e+00
0.0000000e+00
0.0000000e+00
0.0000000e+00
0.0000000e+00
0.0000000e+00
0.0000000e+00
0.0000000e+00
0.0000000e+00
0.0000000e+00
0.0000000e+00
0.0000000e+00
0.0000000e+00
0.0000000e+00
0.0000000e+00
0.0000000e+00
0.0000000e+00
0.0000000e+00
0.0000000e+00
0.0000000e+00
0.0000000e+00
0.0000000e+00
0.0000000e+00
0.0000000e+00
0.0000000e+00
0.0000000e+00
0.0000000e+00
0.0000000e+00
0.0000000e+00
0.0000000e+00
0.0000000e+00
0.0000000e+00
0.0000000e+00
0.0000000e+00
0.0000000e+00
0.0000000e+00
0.0000000e+00
0.0000000e+00
0.0000000e+00
0.0000000e+00
0.0000000e+00
0.0000000e+00
0.0000000e+00
0.0000000e+00
0.0000000e+00
0.0000000e+00
0.0000000e+00
0.0000000e+00
0.0000000e+00
0.0000000e+00
0.0000000e+00
0.0000000e+00
0.0000000e+00
0.0000000e+00
0.0000000e+00
0.0000000e+00
0.0000000e+00
0.0000000e+00
0.0000000e+00
0.0000000e+00
0.0000000e+00
0.0000000e+00
0.0000000e+00
0.0000000e+00
0.0000000e+00
0.0000000e+00
0.0000000e+00
0.0000000e+00
0.0000000e+00
0.0000000e+00
0.0000000e+00
0.0000000e+00
0.0000000e+00
0.0000000e+00
0.0000000e+00
0.0000000e+00
0.0000000e+00
0.0000000e+00
0.0000000e+00
0.0000000e+00
0.0000000e+00
0.0000000e+00
0.0000000e+00
0.0000000e+00
0.0000000e+00
0.0000000e+00
0.0000000e+00
0.0000000e+00
0.0000000e+00
0.0000000e+00
0.0000000e+00
0.0000000e+00
0.0000000e+00
0.0000000e+00
0.0000000e+00
0.0000000e+00
0.0000000e+00
0.0000000e+00
0.0000000e+00
0.0000000e+00
0.0000000e+00
0.0000000e+00
0.0000000e+00
0.0000000e+00
0.0000000e+00
0.0000000e+00
0.0000000e+00
0.0000000e+00
0.0000000e+00
0.0000000e+00
0.0000000e+00
0.0000000e+00
0.0000000e+00
0.0000000e+00
0.0000000e+00
0.0000000e+00
0.0000000e+00
0.0000000e+00
0.0000000e+00
0.0000000e+00
0.0000000e+00
0.0000000e+00
0.0000000e+00
0.0000000e+00
0.0000000e+00
0.0000000e+00
0.0000000e+00
0.0000000e+00
0.0000000e+00
0.0000000e+00
0.0000000e+00
0.0000000e+00
0.0000000e+00
0.0000000e+00
0.0000000e+00
0.0000000e+00
0.0000000e+00
0.0000000e+00
0.0000000e+00
0.0000000e+00
0.0000000e+00
0.0000000e+00
0.0000000e+00
0.0000000e+00
0.0000000e+00
0.0000000e+00
0.0000000e+00
0.0000000e+00
0.0000000e+00
0.0000000e+00
0.0000000e+00
0.0000000e+00
0.0000000e+00
0.0000000e+00
0.0000000e+00
0.0000000e+00
0.0000000e+00
0.0000000e+00
0.0000000e+00
0.0000000e+00
0.0000000e+00
0.0000000e+00
0.0000000e+00
0.0000000e+00
0.0000000e+00
0.0000000e+00
0.0000000e+00
0.0000000e+00
0.0000000e+00
0.0000000e+00
0.0000000e+00
0.0000000e+00
0.0000000e+00
0.0000000e+00
0.0000000e+00
0.0000000e+00
0.0000000e+00
0.0000000e+00
0.0000000e+00
0.0000000e+00
0.0000000e+00
0.0000000e+00
0.0000000e+00
0.0000000e+00
0.0000000e+00
0.0000000e+00
0.0000000e+00
0.0000000e+00
0.0000000e+00
0.0000000e+00
0.0000000e+00
0.0000000e+00
0.0000000e+00
0.0000000e+00
0.0000000e+00
0.0000000e+00
0.0000000e+00
0.0000000e+00
0.0000000e+00
0.0000000e+00
0.0000000e+00
0.0000000e+00
0.0000000e+00
0.0000000e+00
0.0000000e+00
0.0000000e+00
0.0000000e+00
0.0000000e+00
0.0000000e+00
0.0000000e+00
0.0000000e+00
0.0000000e+00
0.0000000e+00
0.0000000e+00
0.0000000e+00
0.0000000e+00
0.0000000e+00
0.0000000e+00
0.0000000e+00
0.0000000e+00
0.0000000e+00
0.0000000e+00
0.0000000e+00
0.0000000e+00
0.0000000e+00
0.0000000e+00
0.0000000e+00
0.0000000e+00
0.0000000e+00
0.0000000e+00
0.0000000e+00
0.0000000e+00
0.0000000e+00
0.0000000e+00
0.0000000e+00
0.0000000e+00
0.0000000e+00
0.0000000e+00
0.0000000e+00
0.0000000e+00
0.0000000e+00
0.0000000e+00
0.0000000e+00
0.0000000e+00
0.0000000e+00
0.0000000e+00
0.0000000e+00
0.0000000e+00
0.0000000e+00
0.0000000e+00
0.0000000e+00
0.0000000e+00
0.0000000e+00
0.0000000e+00
0.0000000e+00
0.0000000e+00
0.0000000e+00
0.0000000e+00
0.0000000e+00
0.0000000e+00
0.0000000e+00
0.0000000e+00
0.0000000e+00
0.0000000e+00
0.0000000e+00
0.0000000e+00
0.0000000e+00
0.0000000e+00
0.0000000e+00
0.0000000e+00
0.0000000e+00
0.0000000e+00
0.0000000e+00
0.0000000e+00
0.0000000e+00
0.0000000e+00
0.0000000e+00
0.0000000e+00
0.0000000e+00
0.0000000e+00
0.0000000e+00
0.0000000e+00
0.0000000e+00
0.0000000e+00
0.0000000e+00
VOLUMETRIC_STRAIN 1 4225  float
0.0000000e+00
0.0000000e+00
0.0000000e+00
0.0000000e+00
0.0000000e+00
0.0000000e+00
0.0000000e+00
0.0000000e+00
0.0000000e+00
0.0000000e+00
0.0000000e+00
0.0000000e+00
0.0000000e+00
0.0000000e+00
0.0000000e+00
0.0000000e+00
0.0000000e+00
0.0000000e+00
0.0000000e+00
0.0000000e+00
0.0000000e+00
0.0000000e+00
0.0000000e+00
0.0000000e+00
0.0000000e+00
0.0000000e+00
0.0000000e+00
0.0000000e+00
0.0000000e+00
0.0000000e+00
0.0000000e+00
0.0000000e+00
0.0000000e+00
0.0000000e+00
0.0000000e+00
0.0000000e+00
0.0000000e+00
0.0000000e+00
0.0000000e+00
0.0000000e+00
0.0000000e+00
0.0000000e+00
0.0000000e+00
0.0000000e+00
0.0000000e+00
0.0000000e+00
0.0000000e+00
0.0000000e+00
0.0000000e+00
0.0000000e+00
0.0000000e+00
0.0000000e+00
0.0000000e+00
0.0000000e+00
0.0000000e+00
0.0000000e+00
0.0000000e+00
0.0000000e+00
0.0000000e+00
0.0000000e+00
0.0000000e+00
0.0000000e+00
0.0000000e+00
0.0000000e+00
0.0000000e+00
0.0000000e+00
0.0000000e+00
0.0000000e+00
0.0000000e+00
0.0000000e+00
0.0000000e+00
0.0000000e+00
0.0000000e+00
0.0000000e+00
0.0000000e+00
0.0000000e+00
0.0000000e+00
0.0000000e+00
0.0000000e+00
0.0000000e+00
0.0000000e+00
0.0000000e+00
0.0000000e+00
0.0000000e+00
0.0000000e+00
0.0000000e+00
0.0000000e+00
0.0000000e+00
0.0000000e+00
0.0000000e+00
0.0000000e+00
0.0000000e+00
0.0000000e+00
0.0000000e+00
0.0000000e+00
0.0000000e+00
0.0000000e+00
0.0000000e+00
0.0000000e+00
0.0000000e+00
0.0000000e+00
0.0000000e+00
0.0000000e+00
0.0000000e+00
0.0000000e+00
0.0000000e+00
0.0000000e+00
0.0000000e+00
0.0000000e+00
0.0000000e+00
0.0000000e+00
0.0000000e+00
0.0000000e+00
0.0000000e+00
0.0000000e+00
0.0000000e+00
0.0000000e+00
0.0000000e+00
0.0000000e+00
0.0000000e+00
0.0000000e+00
0.0000000e+00
0.0000000e+00
0.0000000e+00
0.0000000e+00
0.0000000e+00
0.0000000e+00
0.0000000e+00
0.0000000e+00
0.0000000e+00
0.0000000e+00
0.0000000e+00
0.0000000e+00
0.0000000e+00
0.0000000e+00
0.0000000e+00
0.0000000e+00
0.0000000e+00
0.0000000e+00
0.0000000e+00
0.0000000e+00
0.0000000e+00
0.0000000e+00
0.0000000e+00
0.0000000e+00
0.0000000e+00
0.0000000e+00
0.0000000e+00
0.0000000e+00
0.0000000e+00
0.0000000e+00
0.0000000e+00
0.0000000e+00
0.0000000e+00
0.0000000e+00
0.0000000e+00
0.0000000e+00
0.0000000e+00
0.0000000e+00
0.0000000e+00
0.0000000e+00
0.0000000e+00
0.0000000e+00
0.0000000e+00
0.0000000e+00
0.0000000e+00
0.0000000e+00
0.0000000e+00
0.0000000e+00
0.0000000e+00
0.0000000e+00
0.0000000e+00
0.0000000e+00
0.0000000e+00
0.0000000e+00
0.0000000e+00
0.0000000e+00
0.0000000e+00
0.0000000e+00
0.0000000e+00
0.0000000e+00
0.0000000e+00
0.0000000e+00
0.0000000e+00
0.0000000e+00
0.0000000e+00
0.0000000e+00
0.0000000e+00
0.0000000e+00
0.0000000e+00
0.0000000e+00
0.0000000e+00
0.0000000e+00
0.0000000e+00
0.0000000e+00
0.0000000e+00
0.0000000e+00
0.0000000e+00
0.0000000e+00
0.0000000e+00
0.0000000e+00
0.0000000e+00
0.0000000e+00
0.0000000e+00
0.0000000e+00
0.0000000e+00
0.0000000e+00
0.0000000e+00
0.0000000e+00
0.0000000e+00
0.0000000e+00
0.0000000e+00
0.0000000e+00
0.0000000e+00
0.0000000e+00
0.0000000e+00
0.0000000e+00
0.0000000e+00
0.0000000e+00
0.0000000e+00
0.0000000e+00
0.0000000e+00
0.0000000e+00
0.0000000e+00
0.0000000e+00
0.0000000e+00
0.0000000e+00
0.0000000e+00
0.0000000e+00
0.0000000e+00
0.0000000e+00
0.0000000e+00
0.0000000e+00
0.0000000e+00
0.0000000e+00
0.0000000e+00
0.0000000e+00
0.0000000e+00
0.0000000e+00
0.0000000e+00
0.0000000e+00
0.0000000e+00
0.0000000e+00
0.0000000e+00
0.0000000e+00
0.0000000e+00
0.0000000e+00
0.0000000e+00
0.0000000e+00
0.0000000e+00
0.0000000e+00
0.0000000e+00
0.0000000e+00
0.0000000e+00
0.0000000e+00
0.0000000e+00
0.0000000e+00
0.0000000e+00
0.0000000e+00
0.0000000e+00
0.0000000e+00
0.0000000e+00
0.0000000e+00
0.0000000e+00
0.0000000e+00
0.0000000e+00
0.0000000e+00
0.0000000e+00
0.0000000e+00
0.0000000e+00
0.0000000e+00
0.0000000e+00
0.0000000e+00
0.0000000e+00
0.0000000e+00
0.0000000e+00
0.0000000e+00
0.0000000e+00
0.0000000e+00
0.0000000e+00
0.0000000e+00
0.0000000e+00
0.0000000e+00
0.0000000e+00
0.0000000e+00
0.0000000e+00
0.0000000e+00
0.0000000e+00
0.0000000e+00
0.0000000e+00
0.0000000e+00
0.0000000e+00
0.0000000e+00
0.0000000e+00
0.0000000e+00
0.0000000e+00
0.0000000e+00
0.0000000e+00
0.0000000e+00
0.0000000e+00
0.0000000e+00
0.0000000e+00
0.0000000e+00
0.0000000e+00
0.0000000e+00
0.0000000e+00
0.0000000e+00
0.0000000e+00
0.0000000e+00
0.0000000e+00
0.0000000e+00
0.0000000e+00
0.0000000e+00
0.0000000e+00
0.0000000e+00
0.0000000e+00
0.0000000e+00
0.0000000e+00
0.0000000e+00
0.0000000e+00
0.0000000e+00
0.0000000e+00
0.0000000e+00
0.0000000e+00
0.0000000e+00
0.0000000e+00
0.0000000e+00
0.0000000e+00
0.0000000e+00
0.0000000e+00
0.0000000e+00
0.0000000e+00
0.0000000e+00
0.0000000e+00
0.0000000e+00
0.0000000e+00
0.0000000e+00
0.0000000e+00
0.0000000e+00
0.0000000e+00
0.0000000e+00
0.0000000e+00
0.0000000e+00
0.0000000e+00
0.0000000e+00
0.0000000e+00
0.0000000e+00
0.0000000e+00
0.0000000e+00
0.0000000e+00
0.0000000e+00
0.0000000e+00
0.0000000e+00
0.0000000e+00
0.0000000e+00
0.0000000e+00
0.0000000e+00
0.0000000e+00
0.0000000e+00
0.0000000e+00
0.0000000e+00
0.0000000e+00
0.0000000e+00
0.0000000e+00
0.0000000e+00
0.0000000e+00
0.0000000e+00
0.0000000e+00
0.0000000e+00
0.0000000e+00
0.0000000e+00
0.0000000e+00
0.0000000e+00
0.0000000e+00
0.0000000e+00
0.0000000e+00
0.0000000e+00
0.0000000e+00
0.0000000e+00
0.0000000e+00
0.0000000e+00
0.0000000e+00
0.0000000e+00
0.0000000e+00
0.0000000e+00
0.0000000e+00
0.0000000e+00
0.0000000e+00
0.0000000e+00
0.0000000e+00
0.0000000e+00
0.0000000e+00
0.0000000e+00
0.0000000e+00
0.0000000e+00
0.0000000e+00
0.0000000e+00
0.0000000e+00
0.0000000e+00
0.0000000e+00
0.0000000e+00
0.0000000e+00
0.0000000e+00
0.0000000e+00
0.0000000e+00
0.0000000e+00
0.0000000e+00
0.0000000e+00
0.0000000e+00
0.0000000e+00
0.0000000e+00
0.0000000e+00
0.0000000e+00
0.0000000e+00
0.0000000e+00
0.0000000e+00
0.0000000e+00
0.0000000e+00
0.0000000e+00
0.0000000e+00
0.0000000e+00
0.0000000e+00
0.0000000e+00
0.0000000e+00
0.0000000e+00
0.0000000e+00
0.0000000e+00
0.0000000e+00
0.0000000e+00
0.0000000e+00
0.0000000e+00
0.0000000e+00
0.0000000e+00
0.0000000e+00
0.0000000e+00
0.0000000e+00
0.0000000e+00
0.0000000e+00
0.0000000e+00
0.0000000e+00
0.0000000e+00
0.0000000e+00
0.0000000e+00
0.0000000e+00
0.0000000e+00
0.0000000e+00
0.0000000e+00
0.0000000e+00
0.0000000e+00
0.0000000e+00
0.0000000e+00
0.0000000e+00
0.0000000e+00
0.0000000e+00
0.0000000e+00
0.0000000e+00
0.0000000e+00
0.0000000e+00
0.0000000e+00
0.0000000e+00
0.0000000e+00
0.0000000e+00
0.0000000e+00
0.0000000e+00
0.0000000e+00
0.0000000e+00
0.0000000e+00
0.0000000e+00
0.0000000e+00
0.0000000e+00
0.0000000e+00
0.0000000e+00
0.0000000e+00
0.0000000e+00
0.0000000e+00
0.0000000e+00
0.0000000e+00
0.0000000e+00
0.0000000e+00
0.0000000e+00
0.0000000e+00
0.0000000e+00
0.0000000e+00
0.0000000e+00
0.0000000e+00
0.0000000e+00
0.0000000e+00
0.0000000e+00
0.0000000e+00
0.0000000e+00
0.0000000e+00
0.0000000e+00
0.0000000e+00
0.0000000e+00
0.0000000e+00
0.0000000e+00
0.0000000e+00
0.0000000e+00
0.0000000e+00
0.0000000e+00
0.0000000e+00
0.0000000e+00
0.0000000e+00
0.0000000e+00
0.0000000e+00
0.0000000e+00
0.0000000e+00
0.0000000e+00
0.0000000e+00
0.0000000e+00
0.0000000e+00
0.0000000e+00
0.0000000e+00
0.0000000e+00
0.0000000e+00
0.0000000e+00
0.0000000e+00
0.0000000e+00
0.0000000e+00
0.0000000e+00
0.0000000e+00
0.0000000e+00
0.0000000e+00
0.0000000e+00
0.0000000e+00
0.0000000e+00
0.0000000e+00
0.0000000e+00
0.0000000e+00
0.0000000e+00
0.0000000e+00
0.0000000e+00
0.0000000e+00
0.0000000e+00
0.0000000e+00
0.0000000e+00
0.0000000e+00
0.0000000e+00
0.0000000e+00
0.0000000e+00
0.0000000e+00
0.0000000e+00
0.0000000e+00
0.0000000e+00
0.0000000e+00
0.0000000e+00
0.0000000e+00
0.0000000e+00
0.0000000e+00
0.0000000e+00
0.0000000e+00
0.0000000e+00
0.0000000e+00
0.0000000e+00
0.0000000e+00
0.0000000e+00
0.0000000e+00
0.0000000e+00
0.0000000e+00
0.0000000e+00
0.0000000e+00
0.0000000e+00
0.0000000e+00
0.0000000e+00
0.0000000e+00
0.0000000e+00
0.0000000e+00
0.0000000e+00
0.0000000e+00
0.0000000e+00
0.0000000e+00
0.0000000e+00
0.0000000e+00
0.0000000e+00
0.0000000e+00
0.0000000e+00
0.0000000e+00
0.0000000e+00
0.0000000e+00
0.0000000e+00
0.0000000e+00
0.0000000e+00
0.0000000e+00
0.0000000e+00
0.0000000e+00
0.0000000e+00
0.0000000e+00
0.0000000e+00
0.0000000e+00
0.0000000e+00
0.0000000e+00
0.0000000e+00
0.0000000e+00
0.0000000e+00
0.0000000e+00
0.0000000e+00
0.0000000e+00
0.0000000e+00
0.0000000e+00
0.0000000e+00
0.0000000e+00
0.0000000e+00
0.0000000e+00
0.0000000e+00
0.0000000e+00
0.0000000e+00
0.0000000e+00
0.0000000e+00
0.0000000e+00
0.0000000e+00
0.0000000e+00
0.0000000e+00
0.0000000e+00
0.0000000e+00
0.0000000e+00
0.0000000e+00
0.0000000e+00
0.0000000e+00
0.0000000e+00
0.0000000e+00
0.0000000e+00
0.0000000e+00
0.0000000e+00
0.0000000e+00
0.0000000e+00
0.0000000e+00
0.0000000e+00
0.0000000e+00
0.0000000e+00
0.0000000e+00
0.0000000e+00
0.0000000e+00
0.0000000e+00
0.0000000e+00
0.0000000e+00
0.0000000e+00
0.0000000e+00
0.0000000e+00
0.0000000e+00
0.0000000e+00
0.0000000e+00
0.0000000e+00
0.0000000e+00
0.0000000e+00
0.0000000e+00
0.0000000e+00
0.0000000e+00
0.0000000e+00
0.0000000e+00
0.0000000e+00
0.0000000e+00
0.0000000e+00
0.0000000e+00
0.0000000e+00
0.0000000e+00
0.0000000e+00
0.0000000e+00
0.0000000e+00
0.0000000e+00
0.0000000e+00
0.0000000e+00
0.0000000e+00
0.0000000e+00
0.0000000e+00
0.0000000e+00
0.0000000e+00
0.0000000e+00
0.0000000e+00
0.0000000e+00
0.0000000e+00
0.0000000e+00
0.0000000e+00
0.0000000e+00
0.0000000e+00
0.0000000e+00
0.0000000e+00
0.0000000e+00
0.0000000e+00
0.0000000e+00
0.0000000e+00
0.0000000e+00
0.0000000e+00
0.0000000e+00
0.0000000e+00
0.0000000e+00
0.0000000e+00
0.0000000e+00
0.0000000e+00
0.0000000e+00
0.0000000e+00
0.0000000e+00
0.0000000e+00
0.0000000e+00
0.0000000e+00
0.0000000e+00
0.0000000e+00
0.0000000e+00
0.0000000e+00
0.0000000e+00
0.0000000e+00
0.0000000e+00
0.0000000e+00
0.0000000e+00
0.0000000e+00
0.0000000e+00
0.0000000e+00
0.0000000e+00
0.0000000e+00
0.0000000e+00
0.0000000e+00
0.0000000e+00
0.0000000e+00
0.0000000e+00
0.0000000e+00
0.0000000e+00
0.0000000e+00
0.0000000e+00
0.0000000e+00
0.0000000e+00
0.0000000e+00
0.0000000e+00
0.0000000e+00
0.0000000e+00
0.0000000e+00
0.0000000e+00
0.0000000e+00
0.0000000e+00
0.0000000e+00
0.0000000e+00
0.0000000e+00
0.0000000e+00
0.0000000e+00
0.0000000e+00
0.0000000e+00
0.0000000e+00
0.0000000e+00
0.0000000e+00
0.0000000e+00
0.0000000e+00
0.0000000e+00
0.0000000e+00
0.0000000e+00
0.0000000e+00
0.0000000e+00
0.0000000e+00
0.0000000e+00
0.0000000e+00
0.0000000e+00
0.0000000e+00
0.0000000e+00
0.0000000e+00
0.0000000e+00
0.0000000e+00
0.0000000e+00
0.0000000e+00
0.0000000e+00
0.0000000e+00
0.0000000e+00
0.0000000e+00
0.0000000e+00
0.0000000e+00
0.0000000e+00
0.0000000e+00
0.0000000e+00
0.0000000e+00
0.0000000e+00
0.0000000e+00
0.0000000e+00
0.0000000e+00
0.0000000e+00
0.0000000e+00
0.0000000e+00
0.0000000e+00
0.0000000e+00
0.0000000e+00
0.0000000e+00
0.0000000e+00
0.0000000e+00
0.0000000e+00
0.0000000e+00
0.0000000e+00
0.0000000e+00
0.0000000e+00
0.0000000e+00
0.0000000e+00
0.0000000e+00
0.0000000e+00
0.0000000e+00
0.0000000e+00
0.0000000e+00
0.0000000e+00
0.0000000e+00
0.0000000e+00
0.0000000e+00
0.0000000e+00
0.0000000e+00
0.0000000e+00
0.0000000e+00
0.0000000e+00
0.0000000e+00
0.0000000e+00
0.0000000e+00
0.0000000e+00
0.0000000e+00
0.0000000e+00
0.0000000e+00
0.0000000e+00
0.0000000e+00
0.0000000e+00
0.0000000e+00
0.0000000e+00
0.0000000e+00
0.0000000e+00
0.0000000e+00
0.0000000e+00
0.0000000e+00
0.0000000e+00
0.0000000e+00
0.0000000e+00
0.0000000e+00
0.0000000e+00
0.0000000e+00
0.0000000e+00
0.0000000e+00
0.0000000e+00
0.0000000e+00
0.0000000e+00
0.0000000e+00
0.0000000e+00
0.0000000e+00
0.0000000e+00
0.0000000e+00
0.0000000e+00
0.0000000e+00
0.0000000e+00
0.0000000e+00
0.0000000e+00
0.0000000e+00
0.0000000e+00
0.0000000e+00
0.0000000e+00
0.0000000e+00
0.0000000e+00
0.0000000e+00
0.0000000e+00
0.0000000e+00
0.0000000e+00
0.0000000e+00
0.0000000e+00
0.0000000e+00
0.0000000e+00
0.0000000e+00
0.0000000e+00
0.0000000e+00
0.0000000e+00
0.0000000e+00
0.0000000e+00
0.0000000e+00
0.0000000e+00
0.0000000e+00
0.0000000e+00
0.0000000e+00
0.0000000e+00
0.0000000e+00
0.0000000e+00
0.0000000e+00
0.0000000e+00
0.0000000e+00
0.0000000e+00
0.0000000e+00
0.0000000e+00
0.0000000e+00
0.0000000e+00
0.0000000e+00
0.0000000e+00
0.0000000e+00
0.0000000e+00
0.0000000e+00
0.0000000e+00
0.0000000e+00
0.0000000e+00
0.0000000e+00
0.0000000e+00
0.0000000e+00
0.0000000e+00
0.0000000e+00
0.0000000e+00
0.0000000e+00
0.0000000e+00
0.0000000e+00
0.0000000e+00
0.0000000e+00
0.0000000e+00
0.0000000e+00
0.0000000e+00
0.0000000e+00
0.0000000e+00
0.0000000e+00
0.0000000e+00
0.0000000e+00
0.0000000e+00
0.0000000e+00
0.0000000e+00
0.0000000e+00
0.0000000e+00
0.0000000e+00
0.0000000e+00
0.0000000e+00
0.0000000e+00
0.0000000e+00
0.0000000e+00
0.0000000e+00
0.0000000e+00
0.0000000e+00
0.0000000e+00
0.0000000e+00
0.0000000e+00
0.0000000e+00
0.0000000e+00
0.0000000e+00
0.0000000e+00
0.0000000e+00
0.0000000e+00
0.0000000e+00
0.0000000e+00
0.0000000e+00
0.0000000e+00
0.0000000e+00
0.0000000e+00
0.0000000e+00
0.0000000e+00
0.0000000e+00
0.0000000e+00
0.0000000e+00
0.0000000e+00
0.0000000e+00
0.0000000e+00
0.0000000e+00
0.0000000e+00
0.0000000e+00
0.0000000e+00
0.0000000e+00
0.0000000e+00
0.0000000e+00
0.0000000e+00
0.0000000e+00
0.0000000e+00
0.0000000e+00
0.0000000e+00
0.0000000e+00
0.0000000e+00
0.0000000e+00
0.0000000e+00
0.0000000e+00
0.0000000e+00
0.0000000e+00
0.0000000e+00
0.0000000e+00
0.0000000e+00
0.0000000e+00
0.0000000e+00
0.0000000e+00
0.0000000e+00
0.0000000e+00
0.0000000e+00
0.0000000e+00
0.0000000e+00
0.0000000e+00
0.0000000e+00
0.0000000e+00
0.0000000e+00
0.0000000e+00
0.0000000e+00
0.0000000e+00
0.0000000e+00
0.0000000e+00
0.0000000e+00
0.0000000e+00
0.0000000e+00
0.0000000e+00
0.0000000e+00
0.0000000e+00
0.0000000e+00
0.0000000e+00
0.0000000e+00
0.0000000e+00
0.0000000e+00
0.0000000e+00
0.0000000e+00
0.0000000e+00
0.0000000e+00
0.0000000e+00
0.0000000e+00
0.0000000e+00
0.0000000e+00
0.0000000e+00
0.0000000e+00
0.0000000e+00
0.0000000e+00
0.0000000e+00
0.0000000e+00
0.0000000e+00
0.0000000e+00
0.0000000e+00
0.0000000e+00
0.0000000e+00
0.0000000e+00
0.0000000e+00
0.0000000e+00
0.0000000e+00
0.0000000e+00
0.0000000e+00
0.0000000e+00
0.0000000e+00
0.0000000e+00
0.0000000e+00
0.0000000e+00
0.0000000e+00
0.0000000e+00
0.0000000e+00
0.0000000e+00
0.0000000e+00
0.0000000e+00
0.0000000e+00
0.0000000e+00
0.0000000e+00
0.0000000e+00
0.0000000e+00
0.0000000e+00
0.0000000e+00
0.0000000e+00
0.0000000e+00
0.0000000e+00
0.0000000e+00
0.0000000e+00
0.0000000e+00
0.0000000e+00
0.0000000e+00
0.0000000e+00
0.0000000e+00
0.0000000e+00
0.0000000e+00
0.0000000e+00
0.0000000e+00
0.0000000e+00
0.0000000e+00
0.0000000e+00
0.0000000e+00
0.0000000e+00
0.0000000e+00
0.0000000e+00
0.0000000e+00
0.0000000e+00
0.0000000e+00
0.0000000e+00
0.0000000e+00
0.0000000e+00
0.0000000e+00
0.0000000e+00
0.0000000e+00
0.0000000e+00
0.0000000e+00
0.0000000e+00
0.0000000e+00
0.0000000e+00
0.0000000e+00
0.0000000e+00
0.0000000e+00
0.0000000e+00
0.0000000e+00
0.0000000e+00
0.0000000e+00
0.0000000e+00
0.0000000e+00
0.0000000e+00
0.0000000e+00
0.0000000e+00
0.0000000e+00
0.0000000e+00
0.0000000e+00
0.0000000e+00
0.0000000e+00
0.0000000e+00
0.0000000e+00
0.0000000e+00
0.0000000e+00
0.0000000e+00
0.0000000e+00
0.0000000e+00
0.0000000e+00
0.0000000e+00
0.0000000e+00
0.0000000e+00
0.0000000e+00
0.0000000e+00
0.0000000e+00
0.0000000e+00
0.0000000e+00
0.0000000e+00
0.0000000e+00
0.0000000e+00
0.0000000e+00
0.0000000e+00
0.0000000e+00
0.0000000e+00
0.0000000e+00
0.0000000e+00
0.0000000e+00
0.0000000e+00
0.0000000e+00
0.0000000e+00
0.0000000e+00
0.0000000e+00
0.0000000e+00
0.0000000e+00
0.0000000e+00
0.0000000e+00
0.0000000e+00
0.0000000e+00
0.0000000e+00
0.0000000e+00
0.0000000e+00
0.0000000e+00
0.0000000e+00
0.0000000e+00
0.0000000e+00
0.0000000e+00
0.0000000e+00
0.0000000e+00
0.0000000e+00
0.0000000e+00
0.0000000e+00
0.0000000e+00
0.0000000e+00
0.0000000e+00
0.0000000e+00
0.0000000e+00
0.0000000e+00
0.0000000e+00
0.0000000e+00
0.0000000e+00
0.0000000e+00
0.0000000e+00
0.0000000e+00
0.0000000e+00
0.0000000e+00
0.0000000e+00
0.0000000e+00
0.0000000e+00
0.0000000e+00
0.0000000e+00
0.0000000e+00
0.0000000e+00
0.0000000e+00
0.0000000e+00
0.0000000e+00
0.0000000e+00
0.0000000e+00
0.0000000e+00
0.0000000e+00
0.0000000e+00
0.0000000e+00
0.0000000e+00
0.0000000e+00
0.0000000e+00
0.0000000e+00
0.0000000e+00
0.0000000e+00
0.0000000e+00
0.0000000e+00
0.0000000e+00
0.0000000e+00
0.0000000e+00
0.0000000e+00
0.0000000e+00
0.0000000e+00
0.0000000e+00
0.0000000e+00
0.0000000e+00
0.0000000e+00
0.0000000e+00
0.0000000e+00
0.0000000e+00
0.0000000e+00
0.0000000e+00
0.0000000e+00
0.0000000e+00
0.0000000e+00
0.0000000e+00
0.0000000e+00
0.0000000e+00
0.0000000e+00
0.0000000e+00
0.0000000e+00
0.0000000e+00
0.0000000e+00
0.0000000e+00
0.0000000e+00
0.0000000e+00
0.0000000e+00
0.0000000e+00
0.0000000e+00
0.0000000e+00
0.0000000e+00
0.0000000e+00
0.0000000e+00
0.0000000e+00
0.0000000e+00
0.0000000e+00
0.0000000e+00
0.0000000e+00
0.0000000e+00
0.0000000e+00
0.0000000e+00
0.0000000e+00
0.0000000e+00
0.0000000e+00
0.0000000e+00
0.0000000e+00
0.0000000e+00
0.0000000e+00
0.0000000e+00
0.0000000e+00
0.0000000e+00
0.0000000e+00
0.0000000e+00
0.0000000e+00
0.0000000e+00
0.0000000e+00
0.0000000e+00
0.0000000e+00
0.0000000e+00
0.0000000e+00
0.0000000e+00
0.0000000e+00
0.0000000e+00
0.0000000e+00
0.0000000e+00
0.0000000e+00
0.0000000e+00
0.0000000e+00
0.0000000e+00
0.0000000e+00
0.0000000e+00
0.0000000e+00
0.0000000e+00
0.0000000e+00
0.0000000e+00
0.0000000e+00
0.0000000e+00
0.0000000e+00
0.0000000e+00
0.0000000e+00
0.0000000e+00
0.0000000e+00
0.0000000e+00
0.0000000e+00
0.0000000e+00
0.0000000e+00
0.0000000e+00
0.0000000e+00
0.0000000e+00
0.0000000e+00
0.0000000e+00
0.0000000e+00
0.0000000e+00
0.0000000e+00
0.0000000e+00
0.0000000e+00
0.0000000e+00
0.0000000e+00
0.0000000e+00
0.0000000e+00
0.0000000e+00
0.0000000e+00
0.0000000e+00
0.0000000e+00
0.0000000e+00
0.0000000e+00
0.0000000e+00
0.0000000e+00
0.0000000e+00
0.0000000e+00
0.0000000e+00
0.0000000e+00
0.0000000e+00
0.0000000e+00
0.0000000e+00
0.0000000e+00
0.0000000e+00
0.0000000e+00
0.0000000e+00
0.0000000e+00
0.0000000e+00
0.0000000e+00
0.0000000e+00
0.0000000e+00
0.0000000e+00
0.0000000e+00
0.0000000e+00
0.0000000e+00
0.0000000e+00
0.0000000e+00
0.0000000e+00
0.0000000e+00
0.0000000e+00
0.0000000e+00
0.0000000e+00
0.0000000e+00
0.0000000e+00
0.0000000e+00
0.0000000e+00
0.0000000e+00
0.0000000e+00
0.0000000e+00
0.0000000e+00
0.0000000e+00
0.0000000e+00
0.0000000e+00
0.0000000e+00
0.0000000e+00
0.0000000e+00
0.0000000e+00
0.0000000e+00
0.0000000e+00
0.0000000e+00
0.0000000e+00
0.0000000e+00
0.0000000e+00
0.0000000e+00
0.0000000e+00
0.0000000e+00
0.0000000e+00
0.0000000e+00
0.0000000e+00
0.0000000e+00
0.0000000e+00
0.0000000e+00
0.0000000e+00
0.0000000e+00
0.0000000e+00
0.0000000e+00
0.0000000e+00
0.0000000e+00
0.0000000e+00
0.0000000e+00
0.0000000e+00
0.0000000e+00
0.0000000e+00
0.0000000e+00
0.0000000e+00
0.0000000e+00
0.0000000e+00
0.0000000e+00
0.0000000e+00
0.0000000e+00
0.0000000e+00
0.0000000e+00
0.0000000e+00
0.0000000e+00
0.0000000e+00
0.0000000e+00
0.0000000e+00
0.0000000e+00
0.0000000e+00
0.0000000e+00
0.0000000e+00
0.0000000e+00
0.0000000e+00
0.0000000e+00
0.0000000e+00
0.0000000e+00
0.0000000e+00
0.0000000e+00
0.0000000e+00
0.0000000e+00
0.0000000e+00
0.0000000e+00
0.0000000e+00
0.0000000e+00
0.0000000e+00
0.0000000e+00
0.0000000e+00
0.0000000e+00
0.0000000e+00
0.0000000e+00
0.0000000e+00
0.0000000e+00
0.0000000e+00
0.0000000e+00
0.0000000e+00
0.0000000e+00
0.0000000e+00
0.0000000e+00
0.0000000e+00
0.0000000e+00
0.0000000e+00
0.0000000e+00
0.0000000e+00
0.0000000e+00
0.0000000e+00
0.0000000e+00
0.0000000e+00
0.0000000e+00
0.0000000e+00
0.0000000e+00
0.0000000e+00
0.0000000e+00
0.0000000e+00
0.0000000e+00
0.0000000e+00
0.0000000e+00
0.0000000e+00
0.0000000e+00
0.0000000e+00
0.0000000e+00
0.0000000e+00
0.0000000e+00
0.0000000e+00
0.0000000e+00
0.0000000e+00
0.0000000e+00
0.0000000e+00
0.0000000e+00
0.0000000e+00
0.0000000e+00
0.0000000e+00
0.0000000e+00
0.0000000e+00
0.0000000e+00
0.0000000e+00
0.0000000e+00
0.0000000e+00
0.0000000e+00
0.0000000e+00
0.0000000e+00
0.0000000e+00
0.0000000e+00
0.0000000e+00
0.0000000e+00
0.0000000e+00
0.0000000e+00
0.0000000e+00
0.0000000e+00
0.0000000e+00
0.0000000e+00
0.0000000e+00
0.0000000e+00
0.0000000e+00
0.0000000e+00
0.0000000e+00
0.0000000e+00
0.0000000e+00
0.0000000e+00
0.0000000e+00
0.0000000e+00
0.0000000e+00
0.0000000e+00
0.0000000e+00
0.0000000e+00
0.0000000e+00
0.0000000e+00
0.0000000e+00
0.0000000e+00
0.0000000e+00
0.0000000e+00
0.0000000e+00
0.0000000e+00
0.0000000e+00
0.0000000e+00
0.0000000e+00
0.0000000e+00
0.0000000e+00
0.0000000e+00
0.0000000e+00
0.0000000e+00
0.0000000e+00
0.0000000e+00
0.0000000e+00
0.0000000e+00
0.0000000e+00
0.0000000e+00
0.0000000e+00
0.0000000e+00
0.0000000e+00
0.0000000e+00
0.0000000e+00
0.0000000e+00
0.0000000e+00
0.0000000e+00
0.0000000e+00
0.0000000e+00
0.0000000e+00
0.0000000e+00
0.0000000e+00
0.0000000e+00
0.0000000e+00
0.0000000e+00
0.0000000e+00
0.0000000e+00
0.0000000e+00
0.0000000e+00
0.0000000e+00
0.0000000e+00
0.0000000e+00
0.0000000e+00
0.0000000e+00
0.0000000e+00
0.0000000e+00
0.0000000e+00
0.0000000e+00
0.0000000e+00
0.0000000e+00
0.0000000e+00
0.0000000e+00
0.0000000e+00
0.0000000e+00
0.0000000e+00
0.0000000e+00
0.0000000e+00
0.0000000e+00
0.0000000e+00
0.0000000e+00
0.0000000e+00
0.0000000e+00
0.0000000e+00
0.0000000e+00
0.0000000e+00
0.0000000e+00
0.0000000e+00
0.0000000e+00
0.0000000e+00
0.0000000e+00
0.0000000e+00
0.0000000e+00
0.0000000e+00
0.0000000e+00
0.0000000e+00
0.0000000e+00
0.0000000e+00
0.0000000e+00
0.0000000e+00
0.0000000e+00
0.0000000e+00
0.0000000e+00
0.0000000e+00
0.0000000e+00
0.0000000e+00
0.0000000e+00
0.0000000e+00
0.0000000e+00
0.0000000e+00
0.0000000e+00
0.0000000e+00
0.0000000e+00
0.0000000e+00
0.0000000e+00
0.0000000e+00
0.0000000e+00
0.0000000e+00
0.0000000e+00
0.0000000e+00
0.0000000e+00
0.0000000e+00
0.0000000e+00
0.0000000e+00
0.0000000e+00
0.0000000e+00
0.0000000e+00
0.0000000e+00
0.0000000e+00
0.0000000e+00
0.0000000e+00
0.0000000e+00
0.0000000e+00
0.0000000e+00
0.0000000e+00
0.0000000e+00
0.0000000e+00
0.0000000e+00
0.0000000e+00
0.0000000e+00
0.0000000e+00
0.0000000e+00
0.0000000e+00
0.0000000e+00
0.0000000e+00
0.0000000e+00
0.0000000e+00
0.0000000e+00
0.0000000e+00
0.0000000e+00
0.0000000e+00
0.0000000e+00
0.0000000e+00
0.0000000e+00
0.0000000e+00
0.0000000e+00
0.0000000e+00
0.0000000e+00
0.0000000e+00
0.0000000e+00
0.0000000e+00
0.0000000e+00
0.0000000e+00
0.0000000e+00
0.0000000e+00
0.0000000e+00
0.0000000e+00
0.0000000e+00
0.0000000e+00
0.0000000e+00
0.0000000e+00
0.0000000e+00
0.0000000e+00
0.0000000e+00
0.0000000e+00
0.0000000e+00
0.0000000e+00
0.0000000e+00
0.0000000e+00
0.0000000e+00
0.0000000e+00
0.0000000e+00
0.0000000e+00
0.0000000e+00
0.0000000e+00
0.0000000e+00
0.0000000e+00
0.0000000e+00
0.0000000e+00
0.0000000e+00
0.0000000e+00
0.0000000e+00
0.0000000e+00
0.0000000e+00
0.0000000e+00
0.0000000e+00
0.0000000e+00
0.0000000e+00
0.0000000e+00
0.0000000e+00
0.0000000e+00
0.0000000e+00
0.0000000e+00
0.0000000e+00
0.0000000e+00
0.0000000e+00
0.0000000e+00
0.0000000e+00
0.0000000e+00
0.0000000e+00
0.0000000e+00
0.0000000e+00
0.0000000e+00
0.0000000e+00
0.0000000e+00
0.0000000e+00
0.0000000e+00
0.0000000e+00
0.0000000e+00
0.0000000e+00
0.0000000e+00
0.0000000e+00
0.0000000e+00
0.0000000e+00
0.0000000e+00
0.0000000e+00
0.0000000e+00
0.0000000e+00
0.0000000e+00
0.0000000e+00
0.0000000e+00
0.0000000e+00
0.0000000e+00
0.0000000e+00
0.0000000e+00
0.0000000e+00
0.0000000e+00
0.0000000e+00
0.0000000e+00
0.0000000e+00
0.0000000e+00
0.0000000e+00
0.0000000e+00
0.0000000e+00
0.0000000e+00
0.0000000e+00
0.0000000e+00
0.0000000e+00
0.0000000e+00
0.0000000e+00
0.0000000e+00
0.0000000e+00
0.0000000e+00
0.0000000e+00
0.0000000e+00
0.0000000e+00
0.0000000e+00
0.0000000e+00
0.0000000e+00
0.0000000e+00
0.0000000e+00
0.0000000e+00
0.0000000e+00
0.0000000e+00
0.0000000e+00
0.0000000e+00
0.0000000e+00
0.0000000e+00
0.0000000e+00
0.0000000e+00
0.0000000e+00
0.0000000e+00
0.0000000e+00
0.0000000e+00
0.0000000e+00
0.0000000e+00
0.0000000e+00
0.0000000e+00
0.0000000e+00
0.0000000e+00
0.0000000e+00
0.0000000e+00
0.0000000e+00
0.0000000e+00
0.0000000e+00
0.0000000e+00
0.0000000e+00
0.0000000e+00
0.0000000e+00
0.0000000e+00
0.0000000e+00
0.0000000e+00
0.0000000e+00
0.0000000e+00
0.0000000e+00
0.0000000e+00
0.0000000e+00
0.0000000e+00
0.0000000e+00
0.0000000e+00
0.0000000e+00
0.0000000e+00
0.0000000e+00
0.0000000e+00
0.0000000e+00
0.0000000e+00
0.0000000e+00
0.0000000e+00
0.0000000e+00
0.0000000e+00
0.0000000e+00
0.0000000e+00
0.0000000e+00
0.0000000e+00
0.0000000e+00
0.0000000e+00
0.0000000e+00
0.0000000e+00
0.0000000e+00
0.0000000e+00
0.0000000e+00
0.0000000e+00
0.0000000e+00
0.0000000e+00
0.0000000e+00
0.0000000e+00
0.0000000e+00
0.0000000e+00
0.0000000e+00
0.0000000e+00
0.0000000e+00
0.0000000e+00
0.0000000e+00
0.0000000e+00
0.0000000e+00
0.0000000e+00
0.0000000e+00
0.0000000e+00
0.0000000e+00
0.0000000e+00
0.0000000e+00
0.0000000e+00
0.0000000e+00
0.0000000e+00
0.0000000e+00
0.0000000e+00
0.0000000e+00
0.0000000e+00
0.0000000e+00
0.0000000e+00
0.0000000e+00
0.0000000e+00
0.0000000e+00
0.0000000e+00
0.0000000e+00
0.0000000e+00
0.0000000e+00
0.0000000e+00
0.0000000e+00
0.0000000e+00
0.0000000e+00
0.0000000e+00
0.0000000e+00
0.0000000e+00
0.0000000e+00
0.0000000e+00
0.0000000e+00
0.0000000e+00
0.0000000e+00
0.0000000e+00
0.0000000e+00
0.0000000e+00
0.0000000e+00
0.0000000e+00
0.0000000e+00
0.0000000e+00
0.0000000e+00
0.0000000e+00
0.0000000e+00
0.0000000e+00
0.0000000e+00
0.0000000e+00
0.0000000e+00
0.0000000e+00
0.0000000e+00
0.0000000e+00
0.0000000e+00
0.0000000e+00
0.0000000e+00
0.0000000e+00
0.0000000e+00
0.0000000e+00
0.0000000e+00
0.0000000e+00
0.0000000e+00
0.0000000e+00
0.0000000e+00
0.0000000e+00
0.0000000e+00
0.0000000e+00
0.0000000e+00
0.0000000e+00
0.0000000e+00
0.0000000e+00
0.0000000e+00
0.0000000e+00
0.0000000e+00
0.0000000e+00
0.0000000e+00
0.0000000e+00
0.0000000e+00
0.0000000e+00
0.0000000e+00
0.0000000e+00
0.0000000e+00
0.0000000e+00
0.0000000e+00
0.0000000e+00
0.0000000e+00
0.0000000e+00
0.0000000e+00
0.0000000e+00
0.0000000e+00
0.0000000e+00
0.0000000e+00
0.0000000e+00
0.0000000e+00
0.0000000e+00
0.0000000e+00
0.0000000e+00
0.0000000e+00
0.0000000e+00
0.0000000e+00
0.0000000e+00
0.0000000e+00
0.0000000e+00
0.0000000e+00
0.0000000e+00
0.0000000e+00
0.0000000e+00
0.0000000e+00
0.0000000e+00
0.0000000e+00
0.0000000e+00
0.0000000e+00
0.0000000e+00
0.0000000e+00
0.0000000e+00
0.0000000e+00
0.0000000e+00
0.0000000e+00
0.0000000e+00
0.0000000e+00
0.0000000e+00
0.0000000e+00
0.0000000e+00
0.0000000e+00
0.0000000e+00
0.0000000e+00
0.0000000e+00
0.0000000e+00
0.0000000e+00
0.0000000e+00
0.0000000e+00
0.0000000e+00
0.0000000e+00
0.0000000e+00
0.0000000e+00
0.0000000e+00
0.0000000e+00
0.0000000e+00
0.0000000e+00
0.0000000e+00
0.0000000e+00
0.0000000e+00
0.0000000e+00
0.0000000e+00
0.0000000e+00
0.0000000e+00
0.0000000e+00
0.0000000e+00
0.0000000e+00
0.0000000e+00
0.0000000e+00
0.0000000e+00
0.0000000e+00
0.0000000e+00
0.0000000e+00
0.0000000e+00
0.0000000e+00
0.0000000e+00
0.0000000e+00
0.0000000e+00
0.0000000e+00
0.0000000e+00
0.0000000e+00
0.0000000e+00
0.0000000e+00
0.0000000e+00
0.0000000e+00
0.0000000e+00
0.0000000e+00
0.0000000e+00
0.0000000e+00
0.0000000e+00
0.0000000e+00
0.0000000e+00
0.0000000e+00
0.0000000e+00
0.0000000e+00
0.0000000e+00
0.0000000e+00
0.0000000e+00
0.0000000e+00
0.0000000e+00
0.0000000e+00
0.0000000e+00
0.0000000e+00
0.0000000e+00
0.0000000e+00
0.0000000e+00
0.0000000e+00
0.0000000e+00
0.0000000e+00
0.0000000e+00
0.0000000e+00
0.0000000e+00
0.0000000e+00
0.0000000e+00
0.0000000e+00
0.0000000e+00
0.0000000e+00
0.0000000e+00
0.0000000e+00
0.0000000e+00
0.0000000e+00
0.0000000e+00
0.0000000e+00
0.0000000e+00
0.0000000e+00
0.0000000e+00
0.0000000e+00
0.0000000e+00
0.0000000e+00
0.0000000e+00
0.0000000e+00
0.0000000e+00
0.0000000e+00
0.0000000e+00
0.0000000e+00
0.0000000e+00
0.0000000e+00
0.0000000e+00
0.0000000e+00
0.0000000e+00
0.0000000e+00
0.0000000e+00
0.0000000e+00
0.0000000e+00
0.0000000e+00
0.0000000e+00
0.0000000e+00
0.0000000e+00
0.0000000e+00
0.0000000e+00
0.0000000e+00
0.0000000e+00
0.0000000e+00
0.0000000e+00
0.0000000e+00
0.0000000e+00
0.0000000e+00
0.0000000e+00
0.0000000e+00
0.0000000e+00
0.0000000e+00
0.0000000e+00
0.0000000e+00
0.0000000e+00
0.0000000e+00
0.0000000e+00
0.0000000e+00
0.0000000e+00
0.0000000e+00
0.0000000e+00
0.0000000e+00
0.0000000e+00
0.0000000e+00
0.0000000e+00
0.0000000e+00
0.0000000e+00
0.0000000e+00
0.0000000e+00
0.0000000e+00
0.0000000e+00
0.0000000e+00
0.0000000e+00
0.0000000e+00
0.0000000e+00
0.0000000e+00
0.0000000e+00
0.0000000e+00
0.0000000e+00
0.0000000e+00
0.0000000e+00
0.0000000e+00
0.0000000e+00
0.0000000e+00
0.0000000e+00
0.0000000e+00
0.0000000e+00
0.0000000e+00
0.0000000e+00
0.0000000e+00
0.0000000e+00
0.0000000e+00
0.0000000e+00
0.0000000e+00
0.0000000e+00
0.0000000e+00
0.0000000e+00
0.0000000e+00
0.0000000e+00
0.0000000e+00
0.0000000e+00
0.0000000e+00
0.0000000e+00
0.0000000e+00
0.0000000e+00
0.0000000e+00
0.0000000e+00
0.0000000e+00
0.0000000e+00
0.0000000e+00
0.0000000e+00
0.0000000e+00
0.0000000e+00
0.0000000e+00
0.0000000e+00
0.0000000e+00
0.0000000e+00
0.0000000e+00
0.0000000e+00
0.0000000e+00
0.0000000e+00
0.0000000e+00
0.0000000e+00
0.0000000e+00
0.0000000e+00
0.0000000e+00
0.0000000e+00
0.0000000e+00
0.0000000e+00
0.0000000e+00
0.0000000e+00
0.0000000e+00
0.0000000e+00
0.0000000e+00
0.0000000e+00
0.0000000e+00
0.0000000e+00
0.0000000e+00
0.0000000e+00
0.0000000e+00
0.0000000e+00
0.0000000e+00
0.0000000e+00
0.0000000e+00
0.0000000e+00
0.0000000e+00
0.0000000e+00
0.0000000e+00
0.0000000e+00
0.0000000e+00
0.0000000e+00
0.0000000e+00
0.0000000e+00
0.0000000e+00
0.0000000e+00
0.0000000e+00
0.0000000e+00
0.0000000e+00
0.0000000e+00
0.0000000e+00
0.0000000e+00
0.0000000e+00
0.0000000e+00
0.0000000e+00
0.0000000e+00
0.0000000e+00
0.0000000e+00
0.0000000e+00
0.0000000e+00
0.0000000e+00
0.0000000e+00
0.0000000e+00
0.0000000e+00
0.0000000e+00
0.0000000e+00
0.0000000e+00
0.0000000e+00
0.0000000e+00
0.0000000e+00
0.0000000e+00
0.0000000e+00
0.0000000e+00
0.0000000e+00
0.0000000e+00
0.0000000e+00
0.0000000e+00
0.0000000e+00
0.0000000e+00
0.0000000e+00
0.0000000e+00
0.0000000e+00
0.0000000e+00
0.0000000e+00
0.0000000e+00
0.0000000e+00
0.0000000e+00
0.0000000e+00
0.0000000e+00
0.0000000e+00
0.0000000e+00
0.0000000e+00
0.0000000e+00
0.0000000e+00
0.0000000e+00
0.0000000e+00
0.0000000e+00
0.0000000e+00
0.0000000e+00
0.0000000e+00
0.0000000e+00
0.0000000e+00
0.0000000e+00
0.0000000e+00
0.0000000e+00
0.0000000e+00
0.0000000e+00
0.0000000e+00
0.0000000e+00
0.0000000e+00
0.0000000e+00
0.0000000e+00
0.0000000e+00
0.0000000e+00
0.0000000e+00
0.0000000e+00
0.0000000e+00
0.0000000e+00
0.0000000e+00
0.0000000e+00
0.0000000e+00
0.0000000e+00
0.0000000e+00
0.0000000e+00
0.0000000e+00
0.0000000e+00
0.0000000e+00
0.0000000e+00
0.0000000e+00
0.0000000e+00
0.0000000e+00
0.0000000e+00
0.0000000e+00
0.0000000e+00
0.0000000e+00
0.0000000e+00
0.0000000e+00
0.0000000e+00
0.0000000e+00
0.0000000e+00
0.0000000e+00
0.0000000e+00
0.0000000e+00
0.0000000e+00
0.0000000e+00
0.0000000e+00
0.0000000e+00
0.0000000e+00
0.0000000e+00
0.0000000e+00
0.0000000e+00
0.0000000e+00
0.0000000e+00
0.0000000e+00
0.0000000e+00
0.0000000e+00
0.0000000e+00
0.0000000e+00
0.0000000e+00
0.0000000e+00
0.0000000e+00
0.0000000e+00
0.0000000e+00
0.0000000e+00
0.0000000e+00
0.0000000e+00
0.0000000e+00
0.0000000e+00
0.0000000e+00
0.0000000e+00
0.0000000e+00
0.0000000e+00
0.0000000e+00
0.0000000e+00
0.0000000e+00
0.0000000e+00
0.0000000e+00
0.0000000e+00
0.0000000e+00
0.0000000e+00
0.0000000e+00
0.0000000e+00
0.0000000e+00
0.0000000e+00
0.0000000e+00
0.0000000e+00
0.0000000e+00
0.0000000e+00
0.0000000e+00
0.0000000e+00
0.0000000e+00
0.0000000e+00
0.0000000e+00
0.0000000e+00
0.0000000e+00
0.0000000e+00
0.0000000e+00
0.0000000e+00
0.0000000e+00
0.0000000e+00
0.0000000e+00
0.0000000e+00
0.0000000e+00
0.0000000e+00
0.0000000e+00
0.0000000e+00
0.0000000e+00
0.0000000e+00
0.0000000e+00
0.0000000e+00
0.0000000e+00
0.0000000e+00
0.0000000e+00
0.0000000e+00
0.0000000e+00
0.0000000e+00
0.0000000e+00
0.0000000e+00
0.0000000e+00
0.0000000e+00
0.0000000e+00
0.0000000e+00
0.0000000e+00
0.0000000e+00
0.0000000e+00
0.0000000e+00
0.0000000e+00
0.0000000e+00
0.0000000e+00
0.0000000e+00
0.0000000e+00
0.0000000e+00
0.0000000e+00
0.0000000e+00
0.0000000e+00
0.0000000e+00
0.0000000e+00
0.0000000e+00
0.0000000e+00
0.0000000e+00
0.0000000e+00
0.0000000e+00
0.0000000e+00
0.0000000e+00
0.0000000e+00
0.0000000e+00
0.0000000e+00
0.0000000e+00
0.0000000e+00
0.0000000e+00
0.0000000e+00
0.0000000e+00
0.0000000e+00
0.0000000e+00
0.0000000e+00
0.0000000e+00
0.0000000e+00
0.0000000e+00
0.0000000e+00
0.0000000e+00
0.0000000e+00
0.0000000e+00
0.0000000e+00
0.0000000e+00
0.0000000e+00
0.0000000e+00
0.0000000e+00
0.0000000e+00
0.0000000e+00
0.0000000e+00
0.0000000e+00
0.0000000e+00
0.0000000e+00
0.0000000e+00
0.0000000e+00
0.0000000e+00
0.0000000e+00
0.0000000e+00
0.0000000e+00
0.0000000e+00
0.0000000e+00
0.0000000e+00
0.0000000e+00
0.0000000e+00
0.0000000e+00
0.0000000e+00
0.0000000e+00
0.0000000e+00
0.0000000e+00
0.0000000e+00
0.0000000e+00
0.0000000e+00
0.0000000e+00
0.0000000e+00
0.0000000e+00
0.0000000e+00
0.0000000e+00
0.0000000e+00
0.0000000e+00
0.0000000e+00
0.0000000e+00
0.0000000e+00
0.0000000e+00
0.0000000e+00
0.0000000e+00
0.0000000e+00
0.0000000e+00
0.0000000e+00
0.0000000e+00
0.0000000e+00
0.0000000e+00
0.0000000e+00
0.0000000e+00
0.0000000e+00
0.0000000e+00
0.0000000e+00
0.0000000e+00
0.0000000e+00
0.0000000e+00
0.0000000e+00
0.0000000e+00
0.0000000e+00
0.0000000e+00
0.0000000e+00
0.0000000e+00
0.0000000e+00
0.0000000e+00
0.0000000e+00
0.0000000e+00
0.0000000e+00
0.0000000e+00
0.0000000e+00
0.0000000e+00
0.0000000e+00
0.0000000e+00
0.0000000e+00
0.0000000e+00
0.0000000e+00
0.0000000e+00
0.0000000e+00
0.0000000e+00
0.0000000e+00
0.0000000e+00
0.0000000e+00
0.0000000e+00
0.0000000e+00
0.0000000e+00
0.0000000e+00
0.0000000e+00
0.0000000e+00
0.0000000e+00
0.0000000e+00
0.0000000e+00
0.0000000e+00
0.0000000e+00
0.0000000e+00
0.0000000e+00
0.0000000e+00
0.0000000e+00
0.0000000e+00
0.0000000e+00
0.0000000e+00
0.0000000e+00
0.0000000e+00
0.0000000e+00
0.0000000e+00
0.0000000e+00
0.0000000e+00
0.0000000e+00
0.0000000e+00
0.0000000e+00
0.0000000e+00
0.0000000e+00
0.0000000e+00
0.0000000e+00
0.0000000e+00
0.0000000e+00
0.0000000e+00
0.0000000e+00
0.0000000e+00
0.0000000e+00
0.0000000e+00
0.0000000e+00
0.0000000e+00
0.0000000e+00
0.0000000e+00
0.0000000e+00
0.0000000e+00
0.0000000e+00
0.0000000e+00
0.0000000e+00
0.0000000e+00
0.0000000e+00
0.0000000e+00
0.0000000e+00
0.0000000e+00
0.0000000e+00
0.0000000e+00
0.0000000e+00
0.0000000e+00
0.0000000e+00
0.0000000e+00
0.0000000e+00
0.0000000e+00
0.0000000e+00
0.0000000e+00
0.0000000e+00
0.0000000e+00
0.0000000e+00
0.0000000e+00
0.0000000e+00
0.0000000e+00
0.0000000e+00
0.0000000e+00
0.0000000e+00
0.0000000e+00
0.0000000e+00
0.0000000e+00
0.0000000e+00
0.0000000e+00
0.0000000e+00
0.0000000e+00
0.0000000e+00
0.0000000e+00
0.0000000e+00
0.0000000e+00
0.0000000e+00
0.0000000e+00
0.0000000e+00
0.0000000e+00
0.0000000e+00
0.0000000e+00
0.0000000e+00
0.0000000e+00
0.0000000e+00
0.0000000e+00
0.0000000e+00
0.0000000e+00
0.0000000e+00
0.0000000e+00
0.0000000e+00
0.0000000e+00
0.0000000e+00
0.0000000e+00
0.0000000e+00
0.0000000e+00
0.0000000e+00
0.0000000e+00
0.0000000e+00
0.0000000e+00
0.0000000e+00
0.0000000e+00
0.0000000e+00
0.0000000e+00
0.0000000e+00
0.0000000e+00
0.0000000e+00
0.0000000e+00
0.0000000e+00
0.0000000e+00
0.0000000e+00
0.0000000e+00
0.0000000e+00
0.0000000e+00
0.0000000e+00
0.0000000e+00
0.0000000e+00
0.0000000e+00
0.0000000e+00
0.0000000e+00
0.0000000e+00
0.0000000e+00
0.0000000e+00
0.0000000e+00
0.0000000e+00
0.0000000e+00
0.0000000e+00
0.0000000e+00
0.0000000e+00
0.0000000e+00
0.0000000e+00
0.0000000e+00
0.0000000e+00
0.0000000e+00
0.0000000e+00
0.0000000e+00
0.0000000e+00
0.0000000e+00
0.0000000e+00
0.0000000e+00
0.0000000e+00
0.0000000e+00
0.0000000e+00
0.0000000e+00
0.0000000e+00
0.0000000e+00
0.0000000e+00
0.0000000e+00
0.0000000e+00
0.0000000e+00
0.0000000e+00
0.0000000e+00
0.0000000e+00
0.0000000e+00
0.0000000e+00
0.0000000e+00
0.0000000e+00
0.0000000e+00
0.0000000e+00
0.0000000e+00
0.0000000e+00
0.0000000e+00
0.0000000e+00
0.0000000e+00
0.0000000e+00
0.0000000e+00
0.0000000e+00
0.0000000e+00
0.0000000e+00
0.0000000e+00
0.0000000e+00
0.0000000e+00
0.0000000e+00
0.0000000e+00
0.0000000e+00
0.0000000e+00
0.0000000e+00
0.0000000e+00
0.0000000e+00
0.0000000e+00
0.0000000e+00
0.0000000e+00
0.0000000e+00
0.0000000e+00
0.0000000e+00
0.0000000e+00
0.0000000e+00
0.0000000e+00
0.0000000e+00
0.0000000e+00
0.0000000e+00
0.0000000e+00
0.0000000e+00
0.0000000e+00
0.0000000e+00
0.0000000e+00
0.0000000e+00
0.0000000e+00
0.0000000e+00
0.0000000e+00
0.0000000e+00
0.0000000e+00
0.0000000e+00
0.0000000e+00
0.0000000e+00
0.0000000e+00
0.0000000e+00
0.0000000e+00
0.0000000e+00
0.0000000e+00
0.0000000e+00
0.0000000e+00
0.0000000e+00
0.0000000e+00
0.0000000e+00
0.0000000e+00
0.0000000e+00
0.0000000e+00
0.0000000e+00
0.0000000e+00
0.0000000e+00
0.0000000e+00
0.0000000e+00
0.0000000e+00
0.0000000e+00
0.0000000e+00
0.0000000e+00
0.0000000e+00
0.0000000e+00
0.0000000e+00
0.0000000e+00
0.0000000e+00
0.0000000e+00
0.0000000e+00
0.0000000e+00
0.0000000e+00
0.0000000e+00
0.0000000e+00
0.0000000e+00
0.0000000e+00
0.0000000e+00
0.0000000e+00
0.0000000e+00
0.0000000e+00
0.0000000e+00
0.0000000e+00
0.0000000e+00
0.0000000e+00
0.0000000e+00
0.0000000e+00
0.0000000e+00
0.0000000e+00
0.0000000e+00
0.0000000e+00
0.0000000e+00
0.0000000e+00
0.0000000e+00
0.0000000e+00
0.0000000e+00
0.0000000e+00
0.0000000e+00
0.0000000e+00
0.0000000e+00
0.0000000e+00
0.0000000e+00
0.0000000e+00
0.0000000e+00
0.0000000e+00
0.0000000e+00
0.0000000e+00
0.0000000e+00
0.0000000e+00
0.0000000e+00
0.0000000e+00
0.0000000e+00
0.0000000e+00
0.0000000e+00
0.0000000e+00
0.0000000e+00
0.0000000e+00
0.0000000e+00
0.0000000e+00
0.0000000e+00
0.0000000e+00
0.0000000e+00
0.0000000e+00
0.0000000e+00
0.0000000e+00
0.0000000e+00
0.0000000e+00
0.0000000e+00
0.0000000e+00
0.0000000e+00
0.0000000e+00
0.0000000e+00
0.0000000e+00
0.0000000e+00
0.0000000e+00
0.0000000e+00
0.0000000e+00
0.0000000e+00
0.0000000e+00
0.0000000e+00
0.0000000e+00
0.0000000e+00
0.0000000e+00
0.0000000e+00
0.0000000e+00
0.0000000e+00
0.0000000e+00
0.0000000e+00
0.0000000e+00
0.0000000e+00
0.0000000e+00
0.0000000e+00
0.0000000e+00
0.0000000e+00
0.0000000e+00
0.0000000e+00
0.0000000e+00
0.0000000e+00
0.0000000e+00
0.0000000e+00
0.0000000e+00
0.0000000e+00
0.0000000e+00
0.0000000e+00
0.0000000e+00
0.0000000e+00
0.0000000e+00
0.0000000e+00
0.0000000e+00
0.0000000e+00
0.0000000e+00
0.0000000e+00
0.0000000e+00
0.0000000e+00
0.0000000e+00
0.0000000e+00
0.0000000e+00
0.0000000e+00
0.0000000e+00
0.0000000e+00
0.0000000e+00
0.0000000e+00
0.0000000e+00
0.0000000e+00
0.0000000e+00
0.0000000e+00
0.0000000e+00
0.0000000e+00
0.0000000e+00
0.0000000e+00
0.0000000e+00
0.0000000e+00
0.0000000e+00
0.0000000e+00
0.0000000e+00
0.0000000e+00
0.0000000e+00
0.0000000e+00
0.0000000e+00
0.0000000e+00
0.0000000e+00
0.0000000e+00
0.0000000e+00
0.0000000e+00
0.0000000e+00
0.0000000e+00
0.0000000e+00
0.0000000e+00
0.0000000e+00
0.0000000e+00
0.0000000e+00
0.0000000e+00
0.0000000e+00
0.0000000e+00
0.0000000e+00
0.0000000e+00
0.0000000e+00
0.0000000e+00
0.0000000e+00
0.0000000e+00
0.0000000e+00
0.0000000e+00
0.0000000e+00
0.0000000e+00
0.0000000e+00
0.0000000e+00
0.0000000e+00
0.0000000e+00
0.0000000e+00
0.0000000e+00
0.0000000e+00
0.0000000e+00
0.0000000e+00
0.0000000e+00
0.0000000e+00
0.0000000e+00
0.0000000e+00
0.0000000e+00
0.0000000e+00
0.0000000e+00
0.0000000e+00
0.0000000e+00
0.0000000e+00
0.0000000e+00
0.0000000e+00
0.0000000e+00
0.0000000e+00
0.0000000e+00
0.0000000e+00
0.0000000e+00
0.0000000e+00
0.0000000e+00
0.0000000e+00
0.0000000e+00
0.0000000e+00
0.0000000e+00
0.0000000e+00
0.0000000e+00
0.0000000e+00
0.0000000e+00
0.0000000e+00
0.0000000e+00
0.0000000e+00
0.0000000e+00
0.0000000e+00
0.0000000e+00
0.0000000e+00
0.0000000e+00
0.0000000e+00
0.0000000e+00
0.0000000e+00
0.0000000e+00
0.0000000e+00
0.0000000e+00
0.0000000e+00
0.0000000e+00
0.0000000e+00
0.0000000e+00
0.0000000e+00
0.0000000e+00
0.0000000e+00
0.0000000e+00
0.0000000e+00
0.0000000e+00
0.0000000e+00
0.0000000e+00
0.0000000e+00
0.0000000e+00
0.0000000e+00
0.0000000e+00
0.0000000e+00
0.0000000e+00
0.0000000e+00
0.0000000e+00
0.0000000e+00
0.0000000e+00
0.0000000e+00
0.0000000e+00
0.0000000e+00
0.0000000e+00
0.0000000e+00
0.0000000e+00
0.0000000e+00
0.0000000e+00
0.0000000e+00
0.0000000e+00
0.0000000e+00
0.0000000e+00
0.0000000e+00
0.0000000e+00
0.0000000e+00
0.0000000e+00
0.0000000e+00
0.0000000e+00
0.0000000e+00
0.0000000e+00
0.0000000e+00
0.0000000e+00
0.0000000e+00
0.0000000e+00
0.0000000e+00
0.0000000e+00
0.0000000e+00
0.0000000e+00
0.0000000e+00
0.0000000e+00
0.0000000e+00
0.0000000e+00
0.0000000e+00
0.0000000e+00
0.0000000e+00
0.0000000e+00
0.0000000e+00
0.0000000e+00
0.0000000e+00
0.0000000e+00
0.0000000e+00
0.0000000e+00
0.0000000e+00
0.0000000e+00
0.0000000e+00
0.0000000e+00
0.0000000e+00
0.0000000e+00
0.0000000e+00
0.0000000e+00
0.0000000e+00
0.0000000e+00
0.0000000e+00
0.0000000e+00
0.0000000e+00
0.0000000e+00
0.0000000e+00
0.0000000e+00
0.0000000e+00
0.0000000e+00
0.0000000e+00
0.0000000e+00
0.0000000e+00
0.0000000e+00
0.0000000e+00
0.0000000e+00
0.0000000e+00
0.0000000e+00
0.0000000e+00
0.0000000e+00
0.0000000e+00
0.0000000e+00
0.0000000e+00
0.0000000e+00
0.0000000e+00
0.0000000e+00
0.0000000e+00
0.0000000e+00
0.0000000e+00
0.0000000e+00
0.0000000e+00
0.0000000e+00
0.0000000e+00
0.0000000e+00
0.0000000e+00
0.0000000e+00
0.0000000e+00
0.0000000e+00
0.0000000e+00
0.0000000e+00
0.0000000e+00
0.0000000e+00
0.0000000e+00
0.0000000e+00
0.0000000e+00
0.0000000e+00
0.0000000e+00
0.0000000e+00
0.0000000e+00
0.0000000e+00
0.0000000e+00
0.0000000e+00
0.0000000e+00
0.0000000e+00
0.0000000e+00
0.0000000e+00
0.0000000e+00
0.0000000e+00
0.0000000e+00
0.0000000e+00
0.0000000e+00
0.0000000e+00
0.0000000e+00
0.0000000e+00
0.0000000e+00
0.0000000e+00
0.0000000e+00
0.0000000e+00
0.0000000e+00
0.0000000e+00
0.0000000e+00
0.0000000e+00
0.0000000e+00
0.0000000e+00
0.0000000e+00
0.0000000e+00
0.0000000e+00
0.0000000e+00
0.0000000e+00
0.0000000e+00
0.0000000e+00
0.0000000e+00
0.0000000e+00
0.0000000e+00
0.0000000e+00
0.0000000e+00
0.0000000e+00
0.0000000e+00
0.0000000e+00
0.0000000e+00
0.0000000e+00
0.0000000e+00
0.0000000e+00
0.0000000e+00
0.0000000e+00
0.0000000e+00
0.0000000e+00
0.0000000e+00
0.0000000e+00
0.0000000e+00
0.0000000e+00
0.0000000e+00
0.0000000e+00
0.0000000e+00
0.0000000e+00
0.0000000e+00
0.0000000e+00
0.0000000e+00
0.0000000e+00
0.0000000e+00
0.0000000e+00
0.0000000e+00
0.0000000e+00
0.0000000e+00
0.0000000e+00
0.0000000e+00
0.0000000e+00
0.0000000e+00
0.0000000e+00
0.0000000e+00
0.0000000e+00
0.0000000e+00
0.0000000e+00
0.0000000e+00
0.0000000e+00
0.0000000e+00
0.0000000e+00
0.0000000e+00
0.0000000e+00
0.0000000e+00
0.0000000e+00
0.0000000e+00
0.0000000e+00
0.0000000e+00
0.0000000e+00
0.0000000e+00
0.0000000e+00
0.0000000e+00
0.0000000e+00
0.0000000e+00
0.0000000e+00
0.0000000e+00
0.0000000e+00
0.0000000e+00
0.0000000e+00
0.0000000e+00
0.0000000e+00
0.0000000e+00
0.0000000e+00
0.0000000e+00
0.0000000e+00
0.0000000e+00
0.0000000e+00
0.0000000e+00
0.0000000e+00
0.0000000e+00
0.0000000e+00
0.0000000e+00
0.0000000e+00
0.0000000e+00
0.0000000e+00
0.0000000e+00
0.0000000e+00
0.0000000e+00
0.0000000e+00
0.0000000e+00
0.0000000e+00
0.0000000e+00
0.0000000e+00
0.0000000e+00
0.0000000e+00
0.0000000e+00
0.0000000e+00
0.0000000e+00
0.0000000e+00
0.0000000e+00
0.0000000e+00
0.0000000e+00
0.0000000e+00
0.0000000e+00
0.0000000e+00
0.0000000e+00
0.0000000e+00
0.0000000e+00
0.0000000e+00
0.0000000e+00
0.0000000e+00
0.0000000e+00
0.0000000e+00
0.0000000e+00
0.0000000e+00
0.0000000e+00
0.0000000e+00
0.0000000e+00
0.0000000e+00
0.0000000e+00
0.0000000e+00
0.0000000e+00
0.0000000e+00
0.0000000e+00
0.0000000e+00
0.0000000e+00
0.0000000e+00
0.0000000e+00
0.0000000e+00
0.0000000e+00
0.0000000e+00
0.0000000e+00
0.0000000e+00
0.0000000e+00
0.0000000e+00
0.0000000e+00
0.0000000e+00
0.0000000e+00
0.0000000e+00
0.0000000e+00
0.0000000e+00
0.0000000e+00
0.0000000e+00
0.0000000e+00
0.0000000e+00
0.0000000e+00
0.0000000e+00
0.0000000e+00
0.0000000e+00
0.0000000e+00
0.0000000e+00
0.0000000e+00
0.0000000e+00
0.0000000e+00
0.0000000e+00
0.0000000e+00
0.0000000e+00
0.0000000e+00
0.0000000e+00
0.0000000e+00
0.0000000e+00
0.0000000e+00
0.0000000e+00
0.0000000e+00
0.0000000e+00
0.0000000e+00
0.0000000e+00
0.0000000e+00
0.0000000e+00
0.0000000e+00
0.0000000e+00
0.0000000e+00
0.0000000e+00
0.0000000e+00
0.0000000e+00
0.0000000e+00
0.0000000e+00
0.0000000e+00
0.0000000e+00
0.0000000e+00
0.0000000e+00
0.0000000e+00
0.0000000e+00
0.0000000e+00
0.0000000e+00
0.0000000e+00
0.0000000e+00
0.0000000e+00
0.0000000e+00
0.0000000e+00
0.0000000e+00
0.0000000e+00
0.0000000e+00
0.0000000e+00
0.0000000e+00
0.0000000e+00
0.0000000e+00
0.0000000e+00
0.0000000e+00
0.0000000e+00
0.0000000e+00
0.0000000e+00
0.0000000e+00
0.0000000e+00
0.0000000e+00
0.0000000e+00
0.0000000e+00
0.0000000e+00
0.0000000e+00
0.0000000e+00
0.0000000e+00
0.0000000e+00
0.0000000e+00
0.0000000e+00
0.0000000e+00
0.0000000e+00
0.0000000e+00
0.0000000e+00
0.0000000e+00
0.0000000e+00
0.0000000e+00
0.0000000e+00
0.0000000e+00
0.0000000e+00
0.0000000e+00
0.0000000e+00
0.0000000e+00
0.0000000e+00
0.0000000e+00
0.0000000e+00
0.0000000e+00
0.0000000e+00
0.0000000e+00
0.0000000e+00
0.0000000e+00
0.0000000e+00
0.0000000e+00
0.0000000e+00
0.0000000e+00
0.0000000e+00
0.0000000e+00
0.0000000e+00
0.0000000e+00
0.0000000e+00
0.0000000e+00
0.0000000e+00
0.0000000e+00
0.0000000e+00
0.0000000e+00
0.0000000e+00
0.0000000e+00
0.0000000e+00
0.0000000e+00
0.0000000e+00
0.0000000e+00
0.0000000e+00
0.0000000e+00
0.0000000e+00
0.0000000e+00
0.0000000e+00
0.0000000e+00
0.0000000e+00
0.0000000e+00
0.0000000e+00
0.0000000e+00
0.0000000e+00
0.0000000e+00
0.0000000e+00
0.0000000e+00
0.0000000e+00
0.0000000e+00
0.0000000e+00
0.0000000e+00
0.0000000e+00
0.0000000e+00
0.0000000e+00
0.0000000e+00
0.0000000e+00
0.0000000e+00
0.0000000e+00
0.0000000e+00
0.0000000e+00
0.0000000e+00
0.0000000e+00
0.0000000e+00
0.0000000e+00
0.0000000e+00
0.0000000e+00
0.0000000e+00
0.0000000e+00
0.0000000e+00
0.0000000e+00
0.0000000e+00
0.0000000e+00
0.0000000e+00
0.0000000e+00
0.0000000e+00
0.0000000e+00
0.0000000e+00
0.0000000e+00
0.0000000e+00
0.0000000e+00
0.0000000e+00
0.0000000e+00
0.0000000e+00
0.0000000e+00
0.0000000e+00
0.0000000e+00
0.0000000e+00
0.0000000e+00
0.0000000e+00
0.0000000e+00
0.0000000e+00
0.0000000e+00
0.0000000e+00
0.0000000e+00
0.0000000e+00
0.0000000e+00
0.0000000e+00
0.0000000e+00
0.0000000e+00
0.0000000e+00
0.0000000e+00
0.0000000e+00
0.0000000e+00
0.0000000e+00
0.0000000e+00
0.0000000e+00
0.0000000e+00
0.0000000e+00
0.0000000e+00
0.0000000e+00
0.0000000e+00
0.0000000e+00
0.0000000e+00
0.0000000e+00
0.0000000e+00
0.0000000e+00
0.0000000e+00
0.0000000e+00
0.0000000e+00
0.0000000e+00
0.0000000e+00
0.0000000e+00
0.0000000e+00
0.0000000e+00
0.0000000e+00
0.0000000e+00
0.0000000e+00
0.0000000e+00
0.0000000e+00
0.0000000e+00
0.0000000e+00
0.0000000e+00
0.0000000e+00
0.0000000e+00
0.0000000e+00
0.0000000e+00
0.0000000e+00
0.0000000e+00
0.0000000e+00
0.0000000e+00
0.0000000e+00
0.0000000e+00
0.0000000e+00
0.0000000e+00
0.0000000e+00
0.0000000e+00
0.0000000e+00
0.0000000e+00
0.0000000e+00
0.0000000e+00
0.0000000e+00
0.0000000e+00
0.0000000e+00
0.0000000e+00
0.0000000e+00
0.0000000e+00
0.0000000e+00
0.0000000e+00
0.0000000e+00
0.0000000e+00
0.0000000e+00
0.0000000e+00
0.0000000e+00
0.0000000e+00
0.0000000e+00
0.0000000e+00
0.0000000e+00
0.0000000e+00
0.0000000e+00
0.0000000e+00
0.0000000e+00
0.0000000e+00
0.0000000e+00
0.0000000e+00
0.0000000e+00
0.0000000e+00
0.0000000e+00
0.0000000e+00
0.0000000e+00
0.0000000e+00
0.0000000e+00
0.0000000e+00
0.0000000e+00
0.0000000e+00
0.0000000e+00
0.0000000e+00
0.0000000e+00
0.0000000e+00
0.0000000e+00
0.0000000e+00
0.0000000e+00
0.0000000e+00
0.0000000e+00
0.0000000e+00
0.0000000e+00
0.0000000e+00
0.0000000e+00
0.0000000e+00
0.0000000e+00
0.0000000e+00
0.0000000e+00
0.0000000e+00
0.0000000e+00
0.0000000e+00
0.0000000e+00
0.0000000e+00
0.0000000e+00
0.0000000e+00
0.0000000e+00
0.0000000e+00
0.0000000e+00
0.0000000e+00
0.0000000e+00
0.0000000e+00
0.0000000e+00
0.0000000e+00
0.0000000e+00
0.0000000e+00
0.0000000e+00
0.0000000e+00
0.0000000e+00
0.0000000e+00
0.0000000e+00
0.0000000e+00
0.0000000e+00
0.0000000e+00
0.0000000e+00
0.0000000e+00
0.0000000e+00
0.0000000e+00
0.0000000e+00
0.0000000e+00
0.0000000e+00
0.0000000e+00
0.0000000e+00
0.0000000e+00
0.0000000e+00
0.0000000e+00
0.0000000e+00
0.0000000e+00
0.0000000e+00
0.0000000e+00
0.0000000e+00
0.0000000e+00
0.0000000e+00
0.0000000e+00
0.0000000e+00
0.0000000e+00
0.0000000e+00
0.0000000e+00
0.0000000e+00
0.0000000e+00
0.0000000e+00
0.0000000e+00
0.0000000e+00
0.0000000e+00
0.0000000e+00
0.0000000e+00
0.0000000e+00
0.0000000e+00
0.0000000e+00
0.0000000e+00
0.0000000e+00
0.0000000e+00
0.0000000e+00
0.0000000e+00
0.0000000e+00
0.0000000e+00
0.0000000e+00
0.0000000e+00
0.0000000e+00
0.0000000e+00
0.0000000e+00
0.0000000e+00
0.0000000e+00
0.0000000e+00
0.0000000e+00
0.0000000e+00
0.0000000e+00
0.0000000e+00
0.0000000e+00
0.0000000e+00
0.0000000e+00
0.0000000e+00
0.0000000e+00
0.0000000e+00
0.0000000e+00
0.0000000e+00
0.0000000e+00
0.0000000e+00
0.0000000e+00
0.0000000e+00
0.0000000e+00
0.0000000e+00
0.0000000e+00
0.0000000e+00
0.0000000e+00
0.0000000e+00
0.0000000e+00
0.0000000e+00
0.0000000e+00
0.0000000e+00
0.0000000e+00
0.0000000e+00
0.0000000e+00
0.0000000e+00
0.0000000e+00
0.0000000e+00
0.0000000e+00
0.0000000e+00
0.0000000e+00
0.0000000e+00
0.0000000e+00
0.0000000e+00
0.0000000e+00
0.0000000e+00
0.0000000e+00
0.0000000e+00
0.0000000e+00
0.0000000e+00
0.0000000e+00
0.0000000e+00
0.0000000e+00
0.0000000e+00
0.0000000e+00
0.0000000e+00
0.0000000e+00
0.0000000e+00
0.0000000e+00
0.0000000e+00
0.0000000e+00
0.0000000e+00
0.0000000e+00
0.0000000e+00
0.0000000e+00
0.0000000e+00
0.0000000e+00
0.0000000e+00
0.0000000e+00
0.0000000e+00
0.0000000e+00
0.0000000e+00
0.0000000e+00
0.0000000e+00
0.0000000e+00
0.0000000e+00
0.0000000e+00
0.0000000e+00
0.0000000e+00
0.0000000e+00
0.0000000e+00
0.0000000e+00
0.0000000e+00
0.0000000e+00
0.0000000e+00
0.0000000e+00
0.0000000e+00
0.0000000e+00
0.0000000e+00
0.0000000e+00
0.0000000e+00
0.0000000e+00
0.0000000e+00
0.0000000e+00
0.0000000e+00
0.0000000e+00
0.0000000e+00
0.0000000e+00
0.0000000e+00
0.0000000e+00
0.0000000e+00
0.0000000e+00
0.0000000e+00
0.0000000e+00
0.0000000e+00
0.0000000e+00
0.0000000e+00
0.0000000e+00
0.0000000e+00
0.0000000e+00
0.0000000e+00
0.0000000e+00
0.0000000e+00
0.0000000e+00
0.0000000e+00
0.0000000e+00
0.0000000e+00
0.0000000e+00
0.0000000e+00
0.0000000e+00
0.0000000e+00
0.0000000e+00
0.0000000e+00
0.0000000e+00
0.0000000e+00
0.0000000e+00
0.0000000e+00
0.0000000e+00
0.0000000e+00
0.0000000e+00
0.0000000e+00
0.0000000e+00
0.0000000e+00
0.0000000e+00
0.0000000e+00
0.0000000e+00
0.0000000e+00
0.0000000e+00
0.0000000e+00
0.0000000e+00
0.0000000e+00
0.0000000e+00
0.0000000e+00
0.0000000e+00
0.0000000e+00
0.0000000e+00
0.0000000e+00
0.0000000e+00
0.0000000e+00
0.0000000e+00
0.0000000e+00
0.0000000e+00
0.0000000e+00
0.0000000e+00
0.0000000e+00
0.0000000e+00
0.0000000e+00
0.0000000e+00
0.0000000e+00
0.0000000e+00
0.0000000e+00
0.0000000e+00
0.0000000e+00
0.0000000e+00
0.0000000e+00
0.0000000e+00
0.0000000e+00
0.0000000e+00
0.0000000e+00
0.0000000e+00
0.0000000e+00
0.0000000e+00
0.0000000e+00
0.0000000e+00
0.0000000e+00
0.0000000e+00
0.0000000e+00
0.0000000e+00
0.0000000e+00
0.0000000e+00
0.0000000e+00
0.0000000e+00
0.0000000e+00
0.0000000e+00
0.0000000e+00
0.0000000e+00
0.0000000e+00
0.0000000e+00
0.0000000e+00
0.0000000e+00
0.0000000e+00
0.0000000e+00
0.0000000e+00
0.0000000e+00
0.0000000e+00
0.0000000e+00
0.0000000e+00
0.0000000e+00
0.0000000e+00
0.0000000e+00
0.0000000e+00
0.0000000e+00
0.0000000e+00
0.0000000e+00
0.0000000e+00
0.0000000e+00
0.0000000e+00
0.0000000e+00
0.0000000e+00
0.0000000e+00
0.0000000e+00
0.0000000e+00
0.0000000e+00
0.0000000e+00
0.0000000e+00
0.0000000e+00
0.0000000e+00
0.0000000e+00
0.0000000e+00
0.0000000e+00
0.0000000e+00
0.0000000e+00
0.0000000e+00
0.0000000e+00
0.0000000e+00
0.0000000e+00
0.0000000e+00
0.0000000e+00
0.0000000e+00
0.0000000e+00
0.0000000e+00
0.0000000e+00
0.0000000e+00
0.0000000e+00
0.0000000e+00
0.0000000e+00
0.0000000e+00
0.0000000e+00
0.0000000e+00
0.0000000e+00
0.0000000e+00
0.0000000e+00
0.0000000e+00
0.0000000e+00
0.0000000e+00
0.0000000e+00
0.0000000e+00
0.0000000e+00
0.0000000e+00
0.0000000e+00
0.0000000e+00
0.0000000e+00
0.0000000e+00
0.0000000e+00
0.0000000e+00
0.0000000e+00
0.0000000e+00
0.0000000e+00
0.0000000e+00
0.0000000e+00
0.0000000e+00
0.0000000e+00
0.0000000e+00
0.0000000e+00
0.0000000e+00
0.0000000e+00
0.0000000e+00
0.0000000e+00
0.0000000e+00
0.0000000e+00
0.0000000e+00
0.0000000e+00
0.0000000e+00
0.0000000e+00
0.0000000e+00
0.0000000e+00
0.0000000e+00
0.0000000e+00
0.0000000e+00
0.0000000e+00
0.0000000e+00
0.0000000e+00
0.0000000e+00
0.0000000e+00
0.0000000e+00
0.0000000e+00
0.0000000e+00
0.0000000e+00
0.0000000e+00
0.0000000e+00
0.0000000e+00
0.0000000e+00
0.0000000e+00
0.0000000e+00
0.0000000e+00
0.0000000e+00
0.0000000e+00
0.0000000e+00
0.0000000e+00
0.0000000e+00
0.0000000e+00
0.0000000e+00
0.0000000e+00
0.0000000e+00
0.0000000e+00
0.0000000e+00
0.0000000e+00
0.0000000e+00
0.0000000e+00
0.0000000e+00
0.0000000e+00
0.0000000e+00
0.0000000e+00
0.0000000e+00
0.0000000e+00
0.0000000e+00
0.0000000e+00
0.0000000e+00
0.0000000e+00
0.0000000e+00
0.0000000e+00
0.0000000e+00
0.0000000e+00
0.0000000e+00
0.0000000e+00
0.0000000e+00
0.0000000e+00
0.0000000e+00
0.0000000e+00
0.0000000e+00
0.0000000e+00
0.0000000e+00
0.0000000e+00
0.0000000e+00
0.0000000e+00
0.0000000e+00
0.0000000e+00
0.0000000e+00
0.0000000e+00
0.0000000e+00
0.0000000e+00
0.0000000e+00
0.0000000e+00
0.0000000e+00
0.0000000e+00
0.0000000e+00
0.0000000e+00
0.0000000e+00
0.0000000e+00
0.0000000e+00
0.0000000e+00
0.0000000e+00
0.0000000e+00
0.0000000e+00
0.0000000e+00
0.0000000e+00
0.0000000e+00
0.0000000e+00
0.0000000e+00
0.0000000e+00
0.0000000e+00
0.0000000e+00
0.0000000e+00
0.0000000e+00
0.0000000e+00
0.0000000e+00
0.0000000e+00
0.0000000e+00
0.0000000e+00
0.0000000e+00
0.0000000e+00
0.0000000e+00
0.0000000e+00
0.0000000e+00
0.0000000e+00
0.0000000e+00
0.0000000e+00
0.0000000e+00
0.0000000e+00
0.0000000e+00
0.0000000e+00
0.0000000e+00
0.0000000e+00
0.0000000e+00
0.0000000e+00
0.0000000e+00
0.0000000e+00
0.0000000e+00
0.0000000e+00
0.0000000e+00
0.0000000e+00
0.0000000e+00
0.0000000e+00
0.0000000e+00
0.0000000e+00
0.0000000e+00
0.0000000e+00
0.0000000e+00
0.0000000e+00
0.0000000e+00
0.0000000e+00
0.0000000e+00
0.0000000e+00
0.0000000e+00
0.0000000e+00
0.0000000e+00
0.0000000e+00
0.0000000e+00
0.0000000e+00
0.0000000e+00
0.0000000e+00
0.0000000e+00
0.0000000e+00
0.0000000e+00
0.0000000e+00
0.0000000e+00
0.0000000e+00
0.0000000e+00
0.0000000e+00
0.0000000e+00
0.0000000e+00
0.0000000e+00
0.0000000e+00
0.0000000e+00
0.0000000e+00
0.0000000e+00
0.0000000e+00
0.0000000e+00
0.0000000e+00
0.0000000e+00
0.0000000e+00
0.0000000e+00
0.0000000e+00
0.0000000e+00
0.0000000e+00
0.0000000e+00
0.0000000e+00
0.0000000e+00
0.0000000e+00
0.0000000e+00
0.0000000e+00
0.0000000e+00
0.0000000e+00
0.0000000e+00
0.0000000e+00
0.0000000e+00
0.0000000e+00
0.0000000e+00
0.0000000e+00
0.0000000e+00
0.0000000e+00
0.0000000e+00
0.0000000e+00
0.0000000e+00
0.0000000e+00
0.0000000e+00
0.0000000e+00
0.0000000e+00
0.0000000e+00
0.0000000e+00
0.0000000e+00
0.0000000e+00
0.0000000e+00
0.0000000e+00
0.0000000e+00
0.0000000e+00
0.0000000e+00
0.0000000e+00
0.0000000e+00
0.0000000e+00
0.0000000e+00
0.0000000e+00
0.0000000e+00
0.0000000e+00
0.0000000e+00
0.0000000e+00
0.0000000e+00
0.0000000e+00
0.0000000e+00
0.0000000e+00
0.0000000e+00
0.0000000e+00
0.0000000e+00
0.0000000e+00
0.0000000e+00
0.0000000e+00
0.0000000e+00
0.0000000e+00
0.0000000e+00
0.0000000e+00
0.0000000e+00
0.0000000e+00
0.0000000e+00
0.0000000e+00
0.0000000e+00
0.0000000e+00
0.0000000e+00
0.0000000e+00
0.0000000e+00
0.0000000e+00
0.0000000e+00
0.0000000e+00
0.0000000e+00
0.0000000e+00
0.0000000e+00
0.0000000e+00
0.0000000e+00
0.0000000e+00
0.0000000e+00
0.0000000e+00
0.0000000e+00
0.0000000e+00
0.0000000e+00
0.0000000e+00
0.0000000e+00
0.0000000e+00
0.0000000e+00
0.0000000e+00
0.0000000e+00
0.0000000e+00
0.0000000e+00
0.0000000e+00
0.0000000e+00
0.0000000e+00
0.0000000e+00
0.0000000e+00
0.0000000e+00
0.0000000e+00
0.0000000e+00
0.0000000e+00
0.0000000e+00
0.0000000e+00
0.0000000e+00
0.0000000e+00
0.0000000e+00
0.0000000e+00
0.0000000e+00
0.0000000e+00
0.0000000e+00
0.0000000e+00
0.0000000e+00
0.0000000e+00
0.0000000e+00
0.0000000e+00
0.0000000e+00
0.0000000e+00
0.0000000e+00
0.0000000e+00
0.0000000e+00
0.0000000e+00
0.0000000e+00
0.0000000e+00
0.0000000e+00
0.0000000e+00
0.0000000e+00
0.0000000e+00
0.0000000e+00
0.0000000e+00
0.0000000e+00
0.0000000e+00
0.0000000e+00
0.0000000e+00
0.0000000e+00
0.0000000e+00
0.0000000e+00
0.0000000e+00
0.0000000e+00
0.0000000e+00
0.0000000e+00
0.0000000e+00
0.0000000e+00
0.0000000e+00
0.0000000e+00
0.0000000e+00
0.0000000e+00
0.0000000e+00
0.0000000e+00
0.0000000e+00
0.0000000e+00
0.0000000e+00
0.0000000e+00
0.0000000e+00
0.0000000e+00
0.0000000e+00
0.0000000e+00
0.0000000e+00
0.0000000e+00
0.0000000e+00
0.0000000e+00
0.0000000e+00
0.0000000e+00
0.0000000e+00
0.0000000e+00
0.0000000e+00
0.0000000e+00
0.0000000e+00
0.0000000e+00
0.0000000e+00
0.0000000e+00
0.0000000e+00
0.0000000e+00
0.0000000e+00
0.0000000e+00
0.0000000e+00
0.0000000e+00
0.0000000e+00
0.0000000e+00
0.0000000e+00
0.0000000e+00
0.0000000e+00
0.0000000e+00
0.0000000e+00
0.0000000e+00
0.0000000e+00
0.0000000e+00
0.0000000e+00
0.0000000e+00
0.0000000e+00
0.0000000e+00
0.0000000e+00
0.0000000e+00
0.0000000e+00
0.0000000e+00
0.0000000e+00
0.0000000e+00
0.0000000e+00
0.0000000e+00
0.0000000e+00
0.0000000e+00
0.0000000e+00
0.0000000e+00
0.0000000e+00
0.0000000e+00
0.0000000e+00
0.0000000e+00
0.0000000e+00
0.0000000e+00
0.0000000e+00
0.0000000e+00
0.0000000e+00
0.0000000e+00
0.0000000e+00
0.0000000e+00
0.0000000e+00
0.0000000e+00
0.0000000e+00
0.0000000e+00
0.0000000e+00
0.0000000e+00
0.0000000e+00
0.0000000e+00
0.0000000e+00
0.0000000e+00
0.0000000e+00
0.0000000e+00
0.0000000e+00
0.0000000e+00
0.0000000e+00
0.0000000e+00
0.0000000e+00
0.0000000e+00
0.0000000e+00
0.0000000e+00
0.0000000e+00
0.0000000e+00
0.0000000e+00
0.0000000e+00
0.0000000e+00
0.0000000e+00
0.0000000e+00
0.0000000e+00
0.0000000e+00
0.0000000e+00
0.0000000e+00
0.0000000e+00
0.0000000e+00
0.0000000e+00
0.0000000e+00
0.0000000e+00
0.0000000e+00
0.0000000e+00
0.0000000e+00
0.0000000e+00
0.0000000e+00
0.0000000e+00
0.0000000e+00
0.0000000e+00
0.0000000e+00
0.0000000e+00
0.0000000e+00
0.0000000e+00
0.0000000e+00
0.0000000e+00
0.0000000e+00
0.0000000e+00
0.0000000e+00
0.0000000e+00
0.0000000e+00
0.0000000e+00
0.0000000e+00
0.0000000e+00
0.0000000e+00
0.0000000e+00
0.0000000e+00
0.0000000e+00
0.0000000e+00
0.0000000e+00
0.0000000e+00
0.0000000e+00
0.0000000e+00
0.0000000e+00
0.0000000e+00
0.0000000e+00
0.0000000e+00
0.0000000e+00
0.0000000e+00
0.0000000e+00
0.0000000e+00
0.0000000e+00
0.0000000e+00
0.0000000e+00
0.0000000e+00
0.0000000e+00
CAUCHY_STRESS_VECTOR 3 4225  float
9.1721100e+06 6.7405900e+06 8.5362630e+06 
9.6983950e+06 7.0085260e+06 8.7991150e+06 
9.6624370e+06 7.8591115e+06 8.7695990e+06 
1.0114614e+07 7.1725750e+06 9.0992340e+06 
9.9719430e+06 7.8695865e+06 8.9344330e+06 
9.9600790e+06 8.4478200e+06 9.2066030e+06 
1.0357397e+07 7.2904900e+06 9.3310050e+06 
1.0286717e+07 7.8051505e+06 9.1645700e+06 
1.0070140e+07 8.3811955e+06 9.2510360e+06 
1.0581717e+07 7.4124110e+06 9.5277430e+06 
1.0506785e+07 7.8262805e+06 9.3649050e+06 
1.0100037e+07 8.6632810e+06 9.3942990e+06 
1.0314056e+07 8.3087410e+06 9.3635990e+06 
1.0822805e+07 7.5495490e+06 9.6991110e+06 
1.0727783e+07 7.8855185e+06 9.5410610e+06 
1.0206845e+07 8.6434880e+06 9.4309110e+06 
1.0555713e+07 8.2980055e+06 9.4987500e+06 
1.0166480e+07 8.7621620e+06 9.5080480e+06 
1.0424283e+07 8.6062390e+06 9.5153490e+06 
1.1092440e+07 7.7049635e+06 9.8471670e+06 
1.0971599e+07 7.9688075e+06 9.6963000e+06 
1.0818249e+07 8.3216375e+06 9.6299270e+06 
1.0326799e+07 8.7910120e+06 9.5488190e+06 
1.0686721e+07 8.5943910e+06 9.6191920e+06 
1.1392102e+07 7.8778820e+06 9.9711010e+06 
1.1244565e+07 8.0693060e+06 9.8303620e+06 
1.1110819e+07 8.3639585e+06 9.7483400e+06 
1.0225484e+07 8.8137860e+06 9.5979090e+06 
1.0574158e+07 8.7798020e+06 9.6372090e+06 
1.0990167e+07 8.5971270e+06 9.7232730e+06 
1.1718413e+07 8.0655860e+06 1.0069156e+07 
1.1545832e+07 8.1825915e+06 9.9416630e+06 
1.0465406e+07 8.8881140e+06 9.6504330e+06 
1.0878931e+07 8.7690180e+06 9.7341190e+06 
1.1433530e+07 8.4168010e+06 9.8491850e+06 
1.1329566e+07 8.6064950e+06 9.8170430e+06 
1.0767608e+07 8.8881210e+06 9.7553980e+06 
1.0312293e+07 8.8625520e+06 9.6985370e+06 
1.2065574e+07 8.2643305e+06 1.0139481e+07 
1.1871051e+07 8.3050410e+06 1.0028270e+07 
1.1229667e+07 8.7553090e+06 9.8266440e+06 
1.1782187e+07 8.4752140e+06 9.9292950e+06 
1.1698481e+07 8.6173760e+06 9.8946050e+06 
1.0639729e+07 8.9731400e+06 9.7647560e+06 
1.1126711e+07 8.8714680e+06 9.8574610e+06 
1.1615686e+07 8.7361080e+06 9.9068150e+06 
1.2426658e+07 8.4698800e+06 1.0180501e+07 
1.2214124e+07 8.4332760e+06 1.0088384e+07 
1.2150475e+07 8.5357510e+06 9.9864300e+06 
1.1008835e+07 8.9700490e+06 9.8905330e+06 
1.0450120e+07 8.9372880e+06 9.8321150e+06 
1.2089345e+07 8.6265200e+06 9.9524270e+06 
1.1527963e+07 8.8392000e+06 9.9482740e+06 
1.2027001e+07 8.7096780e+06 9.9697760e+06 
1.2794342e+07 8.6778330e+06 1.0191062e+07 
1.2568167e+07 8.5639830e+06 1.0120556e+07 
1.0861624e+07 9.0725120e+06 9.9112830e+06 
1.1426504e+07 8.9392000e+06 1.0002670e+07 
1.2531157e+07 8.5956670e+06 1.0019013e+07 
1.1958626e+07 8.7920870e+06 1.0022609e+07 
1.2494129e+07 8.6316990e+06 9.9883420e+06 
1.2454174e+07 8.6749040e+06 1.0012656e+07 
1.1300357e+07 9.0536480e+06 1.0056933e+07 
1.0652484e+07 9.0565270e+06 1.0012783e+07 
1.1877490e+07 8.8842470e+06 1.0096523e+07 
1.2926073e+07 8.6938910e+06 1.0123765e+07 
1.3161331e+07 8.8838280e+06 1.0170470e+07 
1.2916755e+07 8.6525540e+06 1.0025999e+07 
1.2407459e+07 8.7308140e+06 1.0077327e+07 
1.2904809e+07 8.6312210e+06 1.0001062e+07 
1.1137715e+07 9.2040290e+06 1.0102514e+07 
1.1775224e+07 9.0005880e+06 1.0179737e+07 
1.2888315e+07 8.6310530e+06 1.0033837e+07 
1.2348804e+07 8.8080440e+06 1.0169332e+07 
1.3280850e+07 8.8197930e+06 1.0097419e+07 
1.3520605e+07 9.0836730e+06 1.0118464e+07 
1.2864432e+07 8.6560130e+06 1.0110692e+07 
1.3299934e+07 8.7041770e+06 1.0006791e+07 
1.1642656e+07 9.1588780e+06 1.0264118e+07 
1.3313657e+07 8.6236500e+06 9.9899050e+06 
1.2271802e+07 8.9184340e+06 1.0277941e+07 
1.0926227e+07 9.2314460e+06 1.0248734e+07 
1.2829250e+07 8.7128880e+06 1.0219658e+07 
1.3321153e+07 8.5775770e+06 1.0032519e+07 
1.3320566e+07 8.5682410e+06 1.0121905e+07 
1.2169353e+07 9.0766610e+06 1.0395460e+07 
1.3625811e+07 8.9385810e+06 1.0041334e+07 
1.1470846e+07 9.3792130e+06 1.0345770e+07 
1.3865563e+07 9.2734140e+06 1.0035184e+07 
1.3673722e+07 8.7483980e+06 9.9611770e+06 
1.2777897e+07 8.8112550e+06 1.0350857e+07 
1.3713421e+07 8.6076730e+06 9.9546380e+06 
1.3309089e+07 8.6006450e+06 1.0246972e+07 
1.3745083e+07 8.5139910e+06 1.0008461e+07 
1.2034437e+07 9.2994910e+06 1.0517751e+07 
1.2704921e+07 8.9631590e+06 1.0497016e+07 
1.1273309e+07 9.4678650e+06 1.0543768e+07 
1.3767818e+07 8.4679500e+06 1.0110803e+07 
1.3283110e+07 8.6823290e+06 1.0398549e+07 
1.3954692e+07 9.0472830e+06 9.9556870e+06 
1.4190092e+07 9.4493880e+06 9.9211060e+06 
1.4031629e+07 8.7831580e+06 9.8892710e+06 
1.4097405e+07 8.5820270e+06 9.8953720e+06 
1.3779813e+07 8.4728340e+06 1.0251361e+07 
1.4153192e+07 8.4398000e+06 9.9618120e+06 
1.2604866e+07 9.1825270e+06 1.0653886e+07 
1.1860932e+07 9.6048450e+06 1.0644465e+07 
1.3238509e+07 8.8230470e+06 1.0569756e+07 
1.4199016e+07 8.3554640e+06 1.0077646e+07 
1.3778521e+07 8.5343170e+06 1.0421592e+07 
1.4261707e+07 9.1430890e+06 9.8409670e+06 
1.4367699e+07 8.8064750e+06 9.7914660e+06 
1.4488597e+07 9.6082320e+06 9.7770010e+06 
1.4233974e+07 8.3306685e+06 1.0233328e+07 
1.4459517e+07 8.5454700e+06 9.8124900e+06 
1.2472936e+07 9.4844050e+06 1.0820470e+07 
1.3171113e+07 9.0342670e+06 1.0756320e+07 
1.1692149e+07 9.7676970e+06 1.0898408e+07 
1.3760928e+07 8.6601220e+06 1.0614981e+07 
1.4539252e+07 8.3544735e+06 9.8930030e+06 
1.4256450e+07 8.3693755e+06 1.0420897e+07 
1.4607789e+07 8.2309725e+06 1.0022989e+07 
1.3077236e+07 9.3285360e+06 1.0956781e+07 
1.3723930e+07 8.8595640e+06 1.0827294e+07 
1.4541567e+07 9.2233690e+06 9.6979280e+06 
1.2305650e+07 9.8841220e+06 1.0999057e+07 
1.4676528e+07 8.8164470e+06 9.6683910e+06 
1.4665061e+07 8.1751000e+06 1.0193650e+07 
1.4756007e+07 9.7468930e+06 9.6038720e+06 
1.4794262e+07 8.4967740e+06 9.7065890e+06 
1.4264372e+07 8.4774820e+06 1.0634197e+07 
1.4897694e+07 8.2574260e+06 9.8026750e+06 
1.4710281e+07 8.1892410e+06 1.0397592e+07 
1.4988503e+07 8.0945350e+06 9.9475880e+06 
1.3664770e+07 9.1430030e+06 1.1056744e+07 
1.2954223e+07 9.7187730e+06 1.1172541e+07 
1.4255536e+07 8.6623980e+06 1.0869076e+07 
1.2178577e+07 1.0130004e+07 1.1310740e+07 
1.5067388e+07 8.0068435e+06 1.0133281e+07 
1.4742197e+07 8.2776480e+06 1.0629022e+07 
1.4789480e+07 9.2856810e+06 9.5275400e+06 
1.4953251e+07 8.8112640e+06 9.5208640e+06 
1.4987758e+07 9.8626170e+06 9.4029200e+06 
1.5096729e+07 8.4347280e+06 9.5784390e+06 
1.5223579e+07 8.1480240e+06 9.6916270e+06 
1.5134312e+07 7.9953000e+06 1.0352932e+07 
1.3581504e+07 9.5212290e+06 1.1304051e+07 
1.4227975e+07 8.9325520e+06 1.1123529e+07 
1.2800979e+07 1.0217530e+07 1.1407770e+07 
1.5336206e+07 7.9460890e+06 9.8523360e+06 
1.4759378e+07 8.4460300e+06 1.0883910e+07 
1.5188745e+07 8.0626700e+06 1.0601118e+07 
1.5436010e+07 7.8264125e+06 1.0053288e+07 
1.5193524e+07 8.7892160e+06 9.3498650e+06 
1.5001138e+07 9.3277780e+06 9.3309510e+06 
1.5362555e+07 8.3581450e+06 9.4289480e+06 
1.5179767e+07 9.9529380e+06 9.1754930e+06 
1.4180358e+07 9.2968520e+06 1.1397752e+07 
1.3473456e+07 1.0004823e+07 1.1572378e+07 
1.4760536e+07 8.7010990e+06 1.1160117e+07 
1.5512548e+07 8.0255950e+06 9.5607720e+06 
1.5523634e+07 7.7886430e+06 1.0288236e+07 
1.2726549e+07 1.0551775e+07 1.1777042e+07 
1.5229934e+07 8.2131345e+06 1.0873974e+07 
1.5646560e+07 7.7854685e+06 9.7382250e+06 
1.5599201e+07 7.8342015e+06 1.0552149e+07 
1.5766635e+07 7.6341455e+06 9.9548030e+06 
1.4744873e+07 9.0500880e+06 1.1457447e+07 
1.4112378e+07 9.7641190e+06 1.1694105e+07 
1.5257186e+07 8.4518730e+06 1.1169297e+07 
1.5393487e+07 8.7486940e+06 9.1564990e+06 
1.3341616e+07 1.0603518e+07 1.1867152e+07 
1.5172685e+07 9.3476060e+06 9.1094480e+06 
1.5587888e+07 8.2658715e+06 9.2591320e+06 
1.5874037e+07 7.5701085e+06 1.0204850e+07 
1.5328404e+07 1.0015661e+07 8.9230580e+06 
1.5760774e+07 7.8894365e+06 9.4111150e+06 
1.5662558e+07 7.9658975e+06 1.0841360e+07 
1.5915787e+07 7.6124195e+06 9.6063100e+06 
1.5969476e+07 7.5935690e+06 1.0483745e+07 
1.4712414e+07 9.5002420e+06 1.1777618e+07 
1.5270169e+07 8.7846210e+06 1.1486602e+07 
1.6055556e+07 7.4302340e+06 9.8389960e+06 
1.4025113e+07 1.0342518e+07 1.2016966e+07 
1.5713539e+07 8.1875360e+06 1.1153663e+07 
1.3328686e+07 1.1028513e+07 1.2292273e+07 
1.5549728e+07 8.6881970e+06 8.9419730e+06 
1.6181912e+07 7.3403255e+06 1.0104117e+07 
1.5769344e+07 8.1567950e+06 9.0700950e+06 
1.6053346e+07 7.7061025e+06 1.0788052e+07 
1.5300693e+07 9.3432920e+06 8.8644250e+06 
1.5964915e+07 7.7388310e+06 9.2437240e+06 
1.5430455e+07 1.0048839e+07 8.6471670e+06 
1.6140606e+07 7.4266205e+06 9.4576890e+06 
1.5269206e+07 9.2172150e+06 1.1827105e+07 
1.4664325e+07 1.0058317e+07 1.2124155e+07 
1.5752227e+07 8.5035090e+06 1.1488376e+07 
1.6296107e+07 7.3418230e+06 1.0397484e+07 
1.3921328e+07 1.1039014e+07 1.2372505e+07 
1.6299578e+07 7.2147470e+06 9.7070500e+06 
1.6125952e+07 7.9102780e+06 1.1115619e+07 
1.6399028e+07 7.4351945e+06 1.0715922e+07 
1.6444183e+07 7.0997465e+06 9.9873600e+06 
1.5659244e+07 8.6063310e+06 8.7075690e+06 
1.5903960e+07 8.0298490e+06 8.8630010e+06 
1.5382121e+07 9.3131430e+06 8.5973610e+06 
1.5779219e+07 8.9183850e+06 1.1846324e+07 
1.5255559e+07 9.7551310e+06 1.2193637e+07 
1.6122063e+07 7.5730545e+06 9.0597150e+06 
1.6187755e+07 8.2092830e+06 1.1465638e+07 
1.4603189e+07 1.0730077e+07 1.2502198e+07 
1.5483082e+07 1.0050753e+07 8.3494350e+06 
1.6318184e+07 7.2276945e+06 9.2934860e+06 
1.6576168e+07 7.0797855e+06 1.0294879e+07 
1.3976690e+07 1.1554673e+07 1.2850450e+07 
1.6491414e+07 7.6218995e+06 1.1057382e+07 
1.6495963e+07 6.9876545e+06 9.5601470e+06 
1.6696878e+07 7.1543410e+06 1.0626726e+07 
1.6658232e+07 6.8486810e+06 9.8558700e+06 
1.5795874e+07 9.4364870e+06 1.2229777e+07 
1.6239604e+07 8.6065400e+06 1.1838642e+07 
1.5231671e+07 1.0403042e+07 1.2590481e+07 
1.6574071e+07 7.9040375e+06 1.1420994e+07 
1.5989152e+07 7.8840215e+06 8.6390670e+06 
1.5719399e+07 8.5018070e+06 8.4546270e+06 
1.4533228e+07 1.1519826e+07 1.2918231e+07 
1.6229696e+07 7.3913910e+06 8.8602400e+06 
1.5414287e+07 9.2556320e+06 8.3097890e+06 
1.6807198e+07 6.8080910e+06 1.0177375e+07 
1.6446076e+07 7.0152305e+06 9.1148380e+06 
1.5483795e+07 1.0019888e+07 8.0315160e+06 
1.6807448e+07 7.3238725e+06 1.0980991e+07 
1.6642366e+07 6.7488505e+06 9.3994610e+06 
1.6282959e+07 9.1053300e+06 1.2236456e+07 
1.5804533e+07 1.0061489e+07 1.2642317e+07 
1.6944626e+07 6.8644755e+06 1.0522100e+07 
1.6648087e+07 8.2840000e+06 1.1807081e+07 
1.6821840e+07 6.5873215e+06 9.7108960e+06 
1.5201371e+07 1.1164383e+07 1.3023152e+07 
1.6909010e+07 7.5895030e+06 1.1356802e+07 
1.4661681e+07 1.2123995e+07 1.3444943e+07 
1.6022672e+07 7.7183545e+06 8.3995440e+06 
1.5727889e+07 8.3734385e+06 8.1845315e+06 
1.6285635e+07 7.1931380e+06 8.6464700e+06 
1.6987130e+07 6.5272165e+06 1.0046340e+07 
1.7072028e+07 7.0174010e+06 1.0888316e+07 
1.5394829e+07 9.1693840e+06 8.0032840e+06 
1.6522182e+07 6.7887925e+06 8.9228880e+06 
1.5430404e+07 9.9549150e+06 7.6950885e+06 
1.6320089e+07 9.7084170e+06 1.2662085e+07 
1.6715025e+07 8.7641210e+06 1.2217121e+07 
1.6736789e+07 6.4981690e+06 9.2261470e+06 
1.5808704e+07 1.0796024e+07 1.3088643e+07 
1.7002876e+07 7.9526915e+06 1.1754345e+07 
1.7140398e+07 6.5663420e+06 1.0403571e+07 
1.5170021e+07 1.2040952e+07 1.3498106e+07 
1.7190836e+07 7.2671090e+06 1.1275198e+07 
1.6933132e+07 6.3157680e+06 9.5536470e+06 
1.7283506e+07 6.7034650e+06 1.0781072e+07 
1.7114242e+07 6.2375165e+06 9.9030710e+06 
1.6002568e+07 7.5319495e+06 8.1457050e+06 
1.6287993e+07 6.9776145e+06 8.4195920e+06 
1.5682699e+07 8.2201365e+06 7.8986915e+06 
1.6777112e+07 9.3463380e+06 1.2653652e+07 
1.7090722e+07 8.4149150e+06 1.2174831e+07 
1.6354242e+07 1.0417693e+07 1.3119550e+07 
1.6544702e+07 6.5479345e+06 8.7187780e+06 
1.5321672e+07 9.0531660e+06 7.6794440e+06 
1.7302582e+07 7.6142175e+06 1.1682851e+07 
1.5813198e+07 1.1641314e+07 1.3574325e+07 
1.6777528e+07 6.2354030e+06 9.0413400e+06 
1.5320994e+07 9.8546650e+06 7.3418400e+06 
1.7282652e+07 6.2605300e+06 1.0272555e+07 
1.7418174e+07 6.9380345e+06 1.1178107e+07 
1.5374474e+07 1.2729767e+07 1.4068723e+07 
1.6990526e+07 6.0340485e+06 9.3852880e+06 
1.7440554e+07 6.3828620e+06 1.0660823e+07 
1.7174754e+07 8.9773530e+06 1.2620427e+07 
1.6837384e+07 1.0031858e+07 1.3120134e+07 
1.7409060e+07 8.0594245e+06 1.2112297e+07 
1.7187096e+07 5.9392455e+06 9.7487920e+06 
1.6389767e+07 1.1233836e+07 1.3613674e+07 
1.5927144e+07 7.3239665e+06 7.8788420e+06 
1.7546148e+07 7.2699085e+06 1.1594760e+07 
1.6235144e+07 6.7441685e+06 8.1808005e+06 
1.5582071e+07 8.0409030e+06 7.5985360e+06 
1.6512087e+07 6.2922090e+06 8.5036430e+06 
1.5824207e+07 1.2596833e+07 1.4105503e+07 
1.5192992e+07 8.9058710e+06 7.3398810e+06 
1.7370120e+07 5.9475025e+06 1.0130367e+07 
1.6763135e+07 5.9603180e+06 8.8461520e+06 
1.7589948e+07 6.6032525e+06 1.1067269e+07 
1.5153885e+07 9.7181130e+06 6.9734590e+06 
1.6992688e+07 5.7421405e+06 9.2069370e+06 
1.7257840e+07 9.6405870e+06 1.3094135e+07 
1.7512476e+07 8.6032220e+06 1.2565414e+07 
1.6899806e+07 1.0820851e+07 1.3620764e+07 
1.7669348e+07 7.6990810e+06 1.2031924e+07 
1.7542110e+07 6.0562420e+06 1.0529000e+07 
1.7204494e+07 5.6325820e+06 9.5846600e+06 
1.6432197e+07 1.2156001e+07 1.4149820e+07 
1.7732792e+07 6.9208740e+06 1.1491998e+07 
1.6125678e+07 6.4921815e+06 7.9312905e+06 
1.5794922e+07 7.0936235e+06 7.6002530e+06 
1.6105809e+07 1.3365025e+07 1.4714560e+07 
1.6423007e+07 6.0211785e+06 8.2786090e+06 
1.5424465e+07 7.8348275e+06 7.2855025e+06 
1.7401772e+07 5.6276260e+06 9.9782250e+06 
1.7705336e+07 6.2635685e+06 1.0944248e+07 
1.6692369e+07 5.6726655e+06 8.6416700e+06 
1.5007186e+07 8.7265080e+06 6.9862070e+06 
1.7615574e+07 9.2456150e+06 1.3044834e+07 
1.7789996e+07 8.2254165e+06 1.2491258e+07 
1.7343630e+07 1.0404313e+07 1.3599631e+07 
1.6938488e+07 5.4399850e+06 9.0196700e+06 
1.7871132e+07 7.3350825e+06 1.1935834e+07 
1.4927602e+07 9.5443520e+06 6.5916250e+06 
1.6969352e+07 1.1712162e+07 1.4160246e+07 
1.7587334e+07 5.7241360e+06 1.0386907e+07 
1.7861956e+07 6.5680390e+06 1.1376283e+07 
1.7165442e+07 5.3176495e+06 9.4117670e+06 
1.6488261e+07 1.3181546e+07 1.4733586e+07 
1.7763708e+07 5.9196525e+06 1.0810453e+07 
1.7376764e+07 5.3011905e+06 9.8172600e+06 
1.5958370e+07 6.2210695e+06 7.6722570e+06 
1.7910746e+07 8.8483920e+06 1.2975103e+07 
1.5604611e+07 6.8401960e+06 7.3112420e+06 
1.7721738e+07 9.9858580e+06 1.3553802e+07 
1.6276310e+07 5.7344215e+06 8.0447905e+06 
1.8007232e+07 7.8451720e+06 1.2400281e+07 
1.5208530e+07 7.6010760e+06 6.9610330e+06 
1.7436618e+07 1.1267075e+07 1.4141063e+07 
1.6564168e+07 5.3721945e+06 8.4289560e+06 
1.8014160e+07 6.9684330e+06 1.1825905e+07 
1.4762839e+07 8.5141850e+06 6.6200315e+06 
1.6826972e+07 5.1275010e+06 8.8245230e+06 
1.7052016e+07 1.2703050e+07 1.4743521e+07 
1.7575558e+07 5.3869840e+06 1.0235731e+07 
1.7933266e+07 6.2121805e+06 1.1249139e+07 
1.4640840e+07 9.3325800e+06 6.1980045e+06 
1.7069106e+07 4.9945320e+06 9.2311420e+06 
1.6846552e+07 1.4022725e+07 1.5375191e+07 
1.8034772e+07 9.5668530e+06 1.3486357e+07 
1.8143680e+07 8.4501360e+06 1.2887455e+07 
1.7764606e+07 5.5720690e+06 1.0667147e+07 
1.7835064e+07 1.0822208e+07 1.4096005e+07 
1.8164262e+07 7.4635265e+06 1.2294519e+07 
1.7294408e+07 4.9684330e+06 9.6485180e+06 
1.5732144e+07 5.9302895e+06 7.4048910e+06 
1.7542178e+07 1.2226023e+07 1.4722815e+07 
1.8098330e+07 6.5999795e+06 1.1703786e+07 
1.6070991e+07 5.4315400e+06 7.8032900e+06 
1.5355074e+07 6.5630150e+06 7.0131125e+06 
1.6377613e+07 5.0586625e+06 8.2090460e+06 
1.4933069e+07 7.3388875e+06 6.6265680e+06 
1.7506262e+07 5.0451555e+06 1.0076556e+07 
1.7154792e+07 1.3788971e+07 1.5375467e+07 
1.6657316e+07 4.8046025e+06 8.6224900e+06 
1.7946484e+07 5.8539580e+06 1.1111919e+07 
1.4458698e+07 8.2680975e+06 6.2429555e+06 
1.8283484e+07 9.1484460e+06 1.3399975e+07 
1.6914784e+07 4.6632920e+06 9.0437590e+06 
1.8314818e+07 8.0518740e+06 1.2784077e+07 
1.8165834e+07 1.0378788e+07 1.4028322e+07 
1.4292441e+07 9.0820790e+06 5.7942475e+06 
1.8261290e+07 7.0813580e+06 1.2175751e+07 
1.7707698e+07 5.2212990e+06 1.0515465e+07 
1.7960390e+07 1.1751703e+07 1.4675355e+07 
1.7154138e+07 4.6295530e+06 9.4729700e+06 
1.8123666e+07 6.2304445e+06 1.1570930e+07 
1.7666532e+07 1.3276711e+07 1.5349237e+07 
1.5446041e+07 5.6193390e+06 7.1303790e+06 
1.5806162e+07 5.1121650e+06 7.5551985e+06 
1.5045295e+07 6.2614650e+06 6.7071665e+06 
1.6131891e+07 4.7318430e+06 7.9829565e+06 
1.7379036e+07 4.6989720e+06 9.9103670e+06 
1.7901494e+07 5.4939375e+06 1.0965821e+07 
1.4597015e+07 7.0475660e+06 6.2835440e+06 
1.8468700e+07 8.7315990e+06 1.3296985e+07 
1.7587868e+07 1.4695874e+07 1.6043465e+07 
1.6428807e+07 4.4712060e+06 8.4145290e+06 
1.8430124e+07 9.9378340e+06 1.3940835e+07 
1.8424688e+07 7.6544700e+06 1.2666873e+07 
1.8308312e+07 1.1281115e+07 1.4604517e+07 
1.4093637e+07 7.9875140e+06 5.8565665e+06 
1.8298616e+07 6.6994150e+06 1.2045528e+07 
1.6701868e+07 4.3239840e+06 8.8505360e+06 
1.7592748e+07 4.8677630e+06 1.0356420e+07 
1.8103280e+07 1.2769965e+07 1.5295754e+07 
1.8090276e+07 5.8604495e+06 1.1428603e+07 
1.3881359e+07 8.7921960e+06 5.3819860e+06 
1.6955478e+07 4.2847305e+06 9.2915140e+06 
1.7816684e+07 1.4412928e+07 1.6024351e+07 
1.8591298e+07 8.3171235e+06 1.3179400e+07 
1.8629164e+07 9.5001990e+06 1.3835987e+07 
1.7798258e+07 5.1326155e+06 1.0811899e+07 
1.5481018e+07 4.7759620e+06 7.3015950e+06 
1.5099197e+07 5.2877590e+06 6.8499040e+06 
1.7193550e+07 4.3487230e+06 9.7380560e+06 
1.8473886e+07 7.2586625e+06 1.2537490e+07 
1.5826277e+07 4.3915340e+06 7.7516790e+06 
1.8587598e+07 1.0815102e+07 1.4513228e+07 
1.4674354e+07 5.9349810e+06 6.3947060e+06 
1.6140805e+07 4.1272432e+06 8.2015620e+06 
1.8276602e+07 6.3183430e+06 1.1905193e+07 
1.4199396e+07 6.7264710e+06 5.9333955e+06 
1.8467204e+07 1.2269504e+07 1.5218468e+07 
1.6429829e+07 3.9766665e+06 8.6523440e+06 
1.7419596e+07 4.5118415e+06 1.0190915e+07 
1.3666638e+07 7.6717675e+06 5.4624420e+06 
1.7998342e+07 5.4905390e+06 1.1277910e+07 
1.8269964e+07 1.3871041e+07 1.5960829e+07 
1.6698017e+07 3.9341405e+06 9.1049840e+06 
1.8764190e+07 9.0665970e+06 1.3715883e+07 
1.8652184e+07 7.9057075e+06 1.3048955e+07 
1.3406637e+07 8.4623290e+06 4.9628340e+06 
1.8799880e+07 1.0354363e+07 1.4404014e+07 
1.8321374e+07 1.5377652e+07 1.6712472e+07 
1.7636796e+07 4.7704395e+06 1.0651078e+07 
1.8463050e+07 6.8650855e+06 1.2397346e+07 
1.8760412e+07 1.1775952e+07 1.5120366e+07 
1.6949538e+07 3.9946820e+06 9.5604360e+06 
1.5094814e+07 4.4226370e+06 7.0435485e+06 
1.4690807e+07 4.9351365e+06 6.5646445e+06 
1.5460095e+07 4.0375688e+06 7.5161865e+06 
1.8195662e+07 5.9387055e+06 1.1755904e+07 
1.4241395e+07 5.5830475e+06 6.0770310e+06 
1.5792723e+07 3.7726728e+06 7.9844805e+06 
1.8648072e+07 1.3338223e+07 1.5873469e+07 
1.7188128e+07 4.1538882e+06 1.0019754e+07 
1.3739314e+07 6.3750140e+06 5.5775525e+06 
1.6098180e+07 3.6214165e+06 8.4500060e+06 
1.7848084e+07 5.1212025e+06 1.1119807e+07 
1.8467216e+07 1.5047294e+07 1.6673653e+07 
1.8836432e+07 8.6376300e+06 1.3582332e+07 
1.8946762e+07 9.8994730e+06 1.4279046e+07 
1.8652280e+07 7.4979405e+06 1.2907136e+07 
1.3176756e+07 7.3202375e+06 5.0621455e+06 
1.6381388e+07 3.5779655e+06 8.9141500e+06 
1.8984942e+07 1.1289811e+07 1.5004020e+07 
1.8392834e+07 6.4742930e+06 1.2247653e+07 
1.7417168e+07 4.4078220e+06 1.0484165e+07 
1.8953554e+07 1.2814839e+07 1.5765264e+07 
1.6646761e+07 3.6371235e+06 9.3782400e+06 
1.2867378e+07 8.0919095e+06 4.5383905e+06 
1.8056230e+07 5.5610070e+06 1.1598654e+07 
1.4646840e+07 4.0519398e+06 6.7821205e+06 
1.5032704e+07 3.6698198e+06 7.2774335e+06 
1.4220103e+07 4.5611035e+06 6.2757780e+06 
1.8856946e+07 1.4480031e+07 1.6572329e+07 
1.5384001e+07 3.4074875e+06 7.7641435e+06 
1.3745607e+07 5.2051930e+06 5.7554430e+06 
1.7639752e+07 4.7528890e+06 1.0955113e+07 
1.6898258e+07 3.7942495e+06 9.8436460e+06 
1.8847098e+07 8.2138085e+06 1.3436875e+07 
1.9029798e+07 9.4509120e+06 1.4140185e+07 
1.5706458e+07 3.2583390e+06 8.2443010e+06 
1.8592498e+07 7.0943355e+06 1.2755206e+07 
1.9142754e+07 1.0811484e+07 1.4871636e+07 
1.3215916e+07 5.9926480e+06 5.2174440e+06 
1.8263904e+07 6.0867770e+06 1.2089441e+07 
1.9039268e+07 1.6061510e+07 1.7375652e+07 
1.6005243e+07 3.2164100e+06 8.7197250e+06 
1.9188836e+07 1.2301161e+07 1.5638789e+07 
1.7139454e+07 4.0451612e+06 1.0311856e+07 
1.2623100e+07 6.9323425e+06 4.6572335e+06 
1.7858758e+07 5.1857085e+06 1.1434279e+07 
1.9172406e+07 1.3924869e+07 1.6450512e+07 
1.6285003e+07 3.2763338e+06 9.1921270e+06 
1.2262718e+07 7.6803875e+06 4.1102425e+06 
1.9050492e+07 9.0090810e+06 1.3989010e+07 
1.8797370e+07 7.7955735e+06 1.3280815e+07 
1.4136391e+07 3.6636712e+06 6.5183645e+06 
1.4543465e+07 3.2882092e+06 7.0363575e+06 
1.7373598e+07 4.3860255e+06 1.0784521e+07 
1.9235724e+07 1.0341296e+07 1.4725098e+07 
1.6549915e+07 3.4332758e+06 9.6632100e+06 
1.8473738e+07 6.6953440e+06 1.2594227e+07 
1.9100172e+07 1.5686108e+07 1.7317112e+07 
1.3686329e+07 4.1653410e+06 5.9844830e+06 
1.4914083e+07 3.0317268e+06 7.5413840e+06 
1.9356222e+07 1.1797389e+07 1.5496249e+07 
1.5254205e+07 2.8875795e+06 8.0359675e+06 
1.3186191e+07 4.8009925e+06 5.4312475e+06 
1.8076918e+07 5.7029840e+06 1.1923569e+07 
1.9416380e+07 1.3381824e+07 1.6310732e+07 
1.5569235e+07 2.8497110e+06 8.5223660e+06 
1.2628368e+07 5.5788635e+06 4.8545005e+06 
1.6803738e+07 3.6828508e+06 1.0134744e+07 
1.7603686e+07 4.8132430e+06 1.1263479e+07 
1.5864045e+07 2.9126248e+06 9.0026870e+06 
1.9010286e+07 8.5743220e+06 1.3826852e+07 
1.2004805e+07 6.5075260e+06 4.2492550e+06 
1.9422614e+07 1.5097726e+07 1.7178042e+07 
1.8688388e+07 7.3833110e+06 1.3115245e+07 
1.9265644e+07 9.8795110e+06 1.4566003e+07 
1.8296878e+07 6.3013740e+06 1.2425084e+07 
1.9457898e+07 1.1303667e+07 1.5339522e+07 
1.7049878e+07 4.0210278e+06 1.0608609e+07 
1.6143017e+07 3.0713348e+06 9.4789840e+06 
1.3991726e+07 2.8927165e+06 6.7938840e+06 
1.3562749e+07 3.2576870e+06 6.2533330e+06 
1.1591802e+07 7.2272145e+06 3.6799698e+06 
1.7832518e+07 5.3233305e+06 1.1750746e+07 
1.4382394e+07 2.6454850e+06 7.3170070e+06 
1.9591498e+07 1.2850871e+07 1.6155153e+07 
1.9734444e+07 1.6741262e+07 1.8026886e+07 
1.3088717e+07 3.7475812e+06 5.6919420e+06 
1.4740943e+07 2.5093350e+06 7.8257025e+06 
1.2562338e+07 4.3700620e+06 5.1057575e+06 
1.6410094e+07 3.3212945e+06 9.9533260e+06 
1.9672616e+07 1.4523935e+07 1.7021674e+07 
1.5072998e+07 2.4781515e+06 8.3226750e+06 
1.7291448e+07 4.4440275e+06 1.1086824e+07 
1.8910564e+07 8.1469280e+06 1.3654822e+07 
1.9234216e+07 9.4263440e+06 1.4395692e+07 
1.1975833e+07 5.1331800e+06 4.4901610e+06 
1.8521248e+07 6.9773655e+06 1.2941067e+07 
1.9495928e+07 1.0820094e+07 1.5170195e+07 
1.5383646e+07 2.5463472e+06 8.8104430e+06 
1.8062762e+07 5.9128020e+06 1.2248495e+07 
1.9709926e+07 1.6323663e+07 1.7948884e+07 
1.6668830e+07 3.6583160e+06 1.0427846e+07 
1.9700228e+07 1.2331949e+07 1.5985610e+07 
1.1321006e+07 6.0452445e+06 3.8397595e+06 
1.5677466e+07 2.7088248e+06 9.2914240e+06 
1.7531322e+07 4.9482140e+06 1.1571542e+07 
1.9853090e+07 1.3964466e+07 1.6850086e+07 
1.3376791e+07 2.4833870e+06 6.5509240e+06 
1.3788324e+07 2.2489232e+06 7.0917930e+06 
1.2925156e+07 2.8339058e+06 5.9880760e+06 
1.4166158e+07 2.1238658e+06 7.6141645e+06 
1.0853758e+07 6.7318265e+06 3.2491512e+06 
1.2426457e+07 3.3076100e+06 5.3993460e+06 
1.9143056e+07 8.9819720e+06 1.4215280e+07 
1.6922452e+07 4.0784772e+06 1.0904764e+07 
1.8752640e+07 7.7271580e+06 1.3473831e+07 
1.5958572e+07 2.9609182e+06 9.7680070e+06 
1.9472264e+07 1.0346738e+07 1.4989597e+07 
1.8297000e+07 6.5780525e+06 1.2759008e+07 
1.4516133e+07 2.1020725e+06 8.1212025e+06 
1.9962658e+07 1.5718332e+07 1.7772632e+07 
1.1873205e+07 3.9120575e+06 4.7803000e+06 
1.9744886e+07 1.1824976e+07 1.5803653e+07 
1.7772196e+07 5.5299855e+06 1.2065033e+07 
1.4843536e+07 2.1779018e+06 8.6158490e+06 
1.1257439e+07 4.6551400e+06 4.1258762e+06 
1.6230663e+07 3.2983235e+06 1.0242595e+07 
1.9966756e+07 1.3419043e+07 1.6665040e+07 
1.7173912e+07 4.5780245e+06 1.1386395e+07 
2.0400574e+07 1.7411160e+07 1.8660588e+07 
1.5153131e+07 2.3461855e+06 9.1009060e+06 
1.0570812e+07 5.5449570e+06 3.4303035e+06 
1.8993692e+07 8.5465500e+06 1.4025677e+07 
2.0145562e+07 1.5129542e+07 1.7582070e+07 
1.8537762e+07 7.3152460e+06 1.3284614e+07 
1.9388740e+07 9.8836450e+06 1.4798828e+07 
1.2697906e+07 2.0603435e+06 6.3083790e+06 
1.3131201e+07 1.8422811e+06 6.8664955e+06 
1.6497077e+07 3.7170140e+06 1.0717635e+07 
1.8016636e+07 6.1856685e+06 1.2569643e+07 
1.2222789e+07 2.3923162e+06 5.7236475e+06 
1.5449194e+07 2.6021808e+06 9.5790990e+06 
1.3529282e+07 1.7315082e+06 7.4019710e+06 
1.9727654e+07 1.1329857e+07 1.5610574e+07 
1.1698679e+07 2.8452718e+06 5.1078995e+06 
1.3898189e+07 1.7218845e+06 7.9184430e+06 
1.7425942e+07 5.1532710e+06 1.1875129e+07 
1.0047667e+07 6.1936320e+06 2.8193735e+06 
2.0016160e+07 1.2887389e+07 1.6468015e+07 
2.0291510e+07 1.6954586e+07 1.8563618e+07 
1.1117887e+07 3.4266775e+06 4.4562225e+06 
1.4243397e+07 1.8077511e+06 8.4192940e+06 
1.5735557e+07 2.9415078e+06 1.0053122e+07 
1.6760840e+07 4.2131540e+06 1.1195623e+07 
2.0261568e+07 1.4556793e+07 1.7378842e+07 
1.0472260e+07 4.1443060e+06 3.7631188e+06 
1.8787570e+07 8.1202135e+06 1.3827613e+07 
1.4569839e+07 1.9839100e+06 8.9077280e+06 
1.9247090e+07 9.4308440e+06 1.4598785e+07 
1.8267116e+07 6.9114110e+06 1.3087743e+07 
1.9650568e+07 1.0846487e+07 1.5407440e+07 
1.7681102e+07 5.8005000e+06 1.2373402e+07 
1.6015664e+07 3.3600762e+06 1.0525666e+07 
2.0473372e+07 1.6336311e+07 1.8351208e+07 
1.4881938e+07 2.2455835e+06 9.3868250e+06 
9.7532790e+06 5.0061130e+06 3.0224585e+06 
2.0003676e+07 1.2369233e+07 1.6260239e+07 
1.2410275e+07 1.4258898e+06 6.6418450e+06 
1.1954232e+07 1.6237969e+06 6.0671420e+06 
1.7024722e+07 4.7830035e+06 1.1679090e+07 
1.2829674e+07 1.3326882e+06 7.1896995e+06 
1.1454737e+07 1.9329866e+06 5.4611060e+06 
1.3218651e+07 1.3380825e+06 7.7148350e+06 
2.0313408e+07 1.3999611e+07 1.7164326e+07 
1.0904421e+07 2.3604748e+06 4.8188250e+06 
1.5183651e+07 2.5883600e+06 9.8595910e+06 
1.3582852e+07 1.4364334e+06 8.2210955e+06 
1.6292612e+07 3.8540042e+06 1.0999429e+07 
2.1032182e+07 1.8065962e+07 1.9271756e+07 
9.1725340e+06 5.6119905e+06 2.3922398e+06 
1.8526052e+07 7.7030865e+06 1.3621655e+07 
1.9048938e+07 8.9883580e+06 1.4390183e+07 
1.0295387e+07 2.9136615e+06 4.1348980e+06 
1.7941818e+07 6.5158625e+06 1.2883644e+07 
1.9515544e+07 1.0374761e+07 1.5195115e+07 
2.0588640e+07 1.5735998e+07 1.8127216e+07 
1.3927362e+07 1.6225555e+06 8.7121040e+06 
1.7291286e+07 5.4228290e+06 1.2170582e+07 
1.9931524e+07 1.1864312e+07 1.6042722e+07 
9.6192810e+06 3.6002505e+06 3.4033902e+06 
1.5478516e+07 3.0081268e+06 1.0328979e+07 
1.4256736e+07 1.8916819e+06 9.1913180e+06 
1.6569212e+07 4.4195335e+06 1.1477103e+07 
2.0303620e+07 1.3457544e+07 1.6939664e+07 
2.0840666e+07 1.7573908e+07 1.9156524e+07 
1.1624699e+07 1.0001872e+06 6.4185425e+06 
1.1144820e+07 1.1740612e+06 5.8280950e+06 
1.2066603e+07 9.2793656e+05 6.9778810e+06 
8.8673830e+06 4.4281390e+06 2.6178208e+06 
1.0619978e+07 1.4560772e+06 5.2015195e+06 
1.2476923e+07 9.5125906e+05 7.5107555e+06 
1.8795816e+07 8.5562040e+06 1.4173573e+07 
1.8210420e+07 7.2952880e+06 1.3408220e+07 
1.5769697e+07 3.5009950e+06 1.0797905e+07 
2.0640184e+07 1.5152974e+07 1.7892884e+07 
1.4575040e+07 2.2394140e+06 9.6620700e+06 
1.9324376e+07 9.9145750e+06 1.4974285e+07 
1.7562922e+07 6.1288060e+06 1.2672607e+07 
1.2861454e+07 1.0645745e+06 8.0214950e+06 
1.0042604e+07 1.8531995e+06 4.5333700e+06 
1.9801778e+07 1.1372377e+07 1.5816280e+07 
1.6848028e+07 5.0529400e+06 1.1961358e+07 
1.3225414e+07 1.2627556e+06 8.5141640e+06 
8.2272600e+06 4.9861955e+06 1.9693825e+06 
9.4045940e+06 2.3727928e+06 3.8177365e+06 
2.0234572e+07 1.2930167e+07 1.6705785e+07 
2.0951668e+07 1.6946466e+07 1.8909380e+07 
1.4885893e+07 2.6616608e+06 1.0127593e+07 
1.6060039e+07 4.0632218e+06 1.1269239e+07 
1.3573468e+07 1.5410944e+06 8.9926150e+06 
8.6973710e+06 3.0225550e+06 3.0482335e+06 
2.0630666e+07 1.4586610e+07 1.7649238e+07 
1.8489162e+07 8.1343990e+06 1.3949358e+07 
1.9078744e+07 9.4658300e+06 1.4745476e+07 
1.7841886e+07 6.8969365e+06 1.3187592e+07 
1.0773503e+07 5.6573638e+05 6.1972595e+06 
1.1239232e+07 5.1790594e+05 6.7669965e+06 
1.5192519e+07 3.1545685e+06 1.0591035e+07 
1.9616372e+07 1.0893191e+07 1.5581554e+07 
2.1624682e+07 1.8700990e+07 1.9856038e+07 
1.7131422e+07 5.7504495e+06 1.2454801e+07 
1.0268591e+07 7.1157075e+05 5.5921120e+06 
1.3909772e+07 1.8952541e+06 9.4605240e+06 
1.1672317e+07 5.6212069e+05 7.3065160e+06 
9.7173430e+06 9.6185469e+05 4.9459680e+06 
7.9119875e+06 3.8104265e+06 2.2180240e+06 
2.0999790e+07 1.6337904e+07 1.8653088e+07 
2.0108466e+07 1.2417081e+07 1.6463433e+07 
1.2078678e+07 6.9290244e+05 7.8206555e+06 
1.6352113e+07 4.6911250e+06 1.1745790e+07 
9.1119990e+06 1.3235092e+06 4.2528125e+06 
1.2463639e+07 9.0523169e+05 8.3139460e+06 
1.4238013e+07 2.3212128e+06 9.9214200e+06 
2.0562564e+07 1.4036320e+07 1.7397106e+07 
1.5497790e+07 3.7144458e+06 1.1055460e+07 
8.4442400e+06 1.8039029e+06 3.5061940e+06 
7.2106050e+06 4.3154550e+06 1.5524758e+06 
2.1353878e+07 1.8177128e+07 1.9723426e+07 
1.8130330e+07 7.7229640e+06 1.3717810e+07 
1.8780224e+07 9.0284340e+06 1.4509069e+07 
1.2831954e+07 1.1945120e+06 8.7906530e+06 
1.7421592e+07 6.5081515e+06 1.2959930e+07 
1.9377122e+07 1.0426531e+07 1.5339030e+07 
2.0987766e+07 1.5747424e+07 1.8388530e+07 
1.6648256e+07 5.3810040e+06 1.2230276e+07 
1.4561460e+07 2.8151950e+06 1.0378697e+07 
1.9927354e+07 1.1917915e+07 1.6213190e+07 
7.7052485e+06 2.4108042e+06 2.6992458e+06 
1.3187845e+07 1.5565225e+06 9.2548150e+06 
1.0346599e+07 1.0339088e+05 6.5574710e+06 
9.8555740e+06 1.2324554e+05 5.9786315e+06 
1.5804283e+07 4.3376860e+06 1.1523827e+07 
1.0804038e+07 1.7150539e+05 7.1023500e+06 
9.3243070e+06 2.3690033e+05 5.3600555e+06 
2.0438174e+07 1.3501560e+07 1.7137142e+07 
1.1233909e+07 3.2226181e+05 7.6186485e+06 
8.7454940e+06 4.5071041e+05 4.6955455e+06 
2.1395102e+07 1.7544018e+07 1.9443308e+07 
6.8858065e+06 3.1523192e+06 1.8247539e+06 
1.3535049e+07 1.9873606e+06 9.7102670e+06 
1.1641611e+07 5.5080481e+05 8.1113865e+06 
1.4883009e+07 3.3736022e+06 1.0835620e+07 
1.8430304e+07 8.6023040e+06 1.4265317e+07 
1.7720598e+07 7.3219250e+06 1.3479080e+07 
8.1111960e+06 7.7156375e+05 3.9784695e+06 
1.9085722e+07 9.9721920e+06 1.5089058e+07 
2.0918140e+07 1.5174290e+07 1.8116412e+07 
1.6950616e+07 6.1290580e+06 1.2725281e+07 
1.2031956e+07 8.5270881e+05 8.5852640e+06 
1.9693158e+07 1.1432321e+07 1.5955490e+07 
1.6114312e+07 5.0206890e+06 1.1998976e+07 
7.4128735e+06 1.2068779e+06 3.2017840e+06 
2.2174408e+07 1.9312164e+07 2.0409752e+07 
1.3876866e+07 2.4833778e+06 1.0160660e+07 
6.1211485e+06 3.5988692e+06 1.1432522e+06 
2.0259636e+07 1.2981826e+07 1.6869852e+07 
2.1377490e+07 1.6930234e+07 1.9156166e+07 
1.5205234e+07 3.9929378e+06 1.1295312e+07 
1.2409209e+07 1.2239269e+06 9.0446940e+06 
9.3876010e+06 -3.1464953e+05 6.3496595e+06 
8.8696370e+06 -3.2640606e+05 5.7632505e+06 
6.6414425e+06 1.7645836e+06 2.3580930e+06 
9.8711740e+06 -2.1959791e+05 6.8984045e+06 
2.0793266e+07 1.4617818e+07 1.7837282e+07 
8.3105400e+06 -2.4920867e+05 5.1327725e+06 
1.8030376e+07 8.1873650e+06 1.4014356e+07 
1.0326436e+07 -4.6369684e+04 7.4154430e+06 
1.7261170e+07 6.9313120e+06 1.3233206e+07 
1.8743764e+07 9.5299820e+06 1.4831864e+07 
1.4216203e+07 3.0411108e+06 1.0609469e+07 
1.2777135e+07 1.6607325e+06 9.4938280e+06 
1.6429979e+07 5.7597850e+06 1.2483583e+07 
7.7028840e+06 -7.6815156e+04 4.4513610e+06 
1.9407668e+07 1.0959979e+07 1.5690639e+07 
1.0758824e+07 2.0040875e+05 7.9063115e+06 
2.1828376e+07 1.8760262e+07 2.0260790e+07 
5.7873685e+06 2.4530968e+06 1.4397654e+06 
1.5530431e+07 4.6697320e+06 1.1760738e+07 
2.1303598e+07 1.6334905e+07 1.8862562e+07 
2.0028942e+07 1.2476648e+07 1.6595602e+07 
7.0385625e+06 1.9763809e+05 3.7117032e+06 
1.1173176e+07 5.1654975e+05 8.3761610e+06 
1.3139045e+07 2.1596558e+06 9.9365830e+06 
1.4555628e+07 3.6572105e+06 1.1059984e+07 
2.0615332e+07 1.4077380e+07 1.7551550e+07 
1.1573769e+07 8.9824638e+05 8.8297910e+06 
6.3088095e+06 5.8166906e+05 2.9060918e+06 
1.7581760e+07 7.7835505e+06 1.3756216e+07 
1.8352750e+07 9.0997250e+06 1.4567564e+07 
2.1801850e+07 1.8124662e+07 1.9949738e+07 
1.6753194e+07 6.5511625e+06 1.2980125e+07 
4.9572440e+06 2.8354022e+06 7.4352300e+05 
1.9072564e+07 1.0500589e+07 1.5418827e+07 
8.3609730e+06 -7.3506519e+05 6.1438340e+06 
8.8726820e+06 -6.1002712e+05 6.6947215e+06 
1.5860655e+07 5.4004690e+06 1.2234675e+07 
1.3497847e+07 2.7174152e+06 1.0376645e+07 
7.8142235e+06 -7.8213875e+05 5.5516520e+06 
2.1175794e+07 1.5757225e+07 1.8562924e+07 
1.1964369e+07 1.3420101e+06 9.2716800e+06 
9.3554440e+06 -4.1186419e+05 7.2108895e+06 
5.5042465e+06 1.0834770e+06 2.0265291e+06 
7.2256450e+06 -7.4581700e+05 4.9110880e+06 
1.9747954e+07 1.1985593e+07 1.6314643e+07 
9.8146960e+06 -1.4489741e+05 7.6984180e+06 
1.4897413e+07 4.3283695e+06 1.1515301e+07 
6.5877220e+06 -6.2000275e+05 4.2145400e+06 
2.0386374e+07 1.3552392e+07 1.7259506e+07 
2.2678598e+07 1.9896044e+07 2.0929914e+07 
1.0255258e+07 1.8700084e+05 8.1629260e+06 
1.2348279e+07 1.8446058e+06 9.7060100e+06 
2.1720734e+07 1.7508412e+07 1.9633466e+07 
1.3856094e+07 3.3308492e+06 1.0817477e+07 
4.6149660e+06 1.7119602e+06 1.0649031e+06 
5.8921995e+06 -3.9785250e+05 3.4539298e+06 
1.7085710e+07 7.3908030e+06 1.3490829e+07 
1.7914090e+07 8.6812560e+06 1.4296173e+07 
1.6197757e+07 6.1815185e+06 1.2719679e+07 
1.0681386e+07 5.8033775e+05 8.6096090e+06 
1.8689422e+07 1.0053873e+07 1.5140142e+07 
2.0996276e+07 1.5196451e+07 1.8257552e+07 
1.5243572e+07 5.0512515e+06 1.1978302e+07 
1.9418414e+07 1.1508255e+07 1.6027120e+07 
5.1300830e+06 -7.1692312e+04 2.6207895e+06 
1.2728393e+07 2.4029842e+06 1.0136682e+07 
1.1096817e+07 1.0319316e+06 9.0432740e+06 
2.2262130e+07 1.9319876e+07 2.0765744e+07 
7.8073770e+06 -9.9842225e+05 6.4912180e+06 
7.2652745e+06 -1.1564841e+06 5.9401630e+06 
1.4216029e+07 3.9968468e+06 1.1262306e+07 
3.7169655e+06 2.0238546e+06 3.5520059e+05 
8.3200135e+06 -7.7292475e+05 7.0046990e+06 
2.0108290e+07 1.3042312e+07 1.6961332e+07 
6.6876505e+06 -1.2426360e+06 5.3443000e+06 
2.1587360e+07 1.6910606e+07 1.9312262e+07 
8.8085650e+06 -4.8391588e+05 7.4872575e+06 
6.0677205e+06 -1.2517482e+06 4.6957935e+06 
4.2916670e+06 3.6706772e+05 1.7064179e+06 
1.1504827e+07 1.5388436e+06 9.4683660e+06 
1.7429126e+07 8.2744240e+06 1.4017617e+07 
1.3107238e+07 3.0142145e+06 1.0567325e+07 
9.2777920e+06 -1.3486302e+05 7.9449950e+06 
2.0767088e+07 1.4651896e+07 1.7946650e+07 
1.6543411e+07 7.0090710e+06 1.3218040e+07 
5.3979255e+06 -1.1779156e+06 3.9862200e+06 
1.8259732e+07 9.6195700e+06 1.4854578e+07 
1.5595902e+07 5.8224270e+06 1.2451619e+07 
1.9041954e+07 1.1044259e+07 1.5733084e+07 
2.2170698e+07 1.8684622e+07 2.0426016e+07 
9.7318860e+06 2.7113953e+05 8.3835065e+06 
1.4579628e+07 4.7122790e+06 1.1714115e+07 
4.6698885e+06 -1.0143196e+06 3.2066258e+06 
3.3666040e+06 9.2801319e+05 7.0212725e+05 
2.1403900e+07 1.6330404e+07 1.8986316e+07 
1.9782854e+07 1.2546640e+07 1.6657120e+07 
1.1908274e+07 2.0983108e+06 9.8889960e+06 
1.3487025e+07 3.6754175e+06 1.1001298e+07 
1.0174528e+07 7.3129331e+05 8.8079230e+06 
3.8743890e+06 -7.5307419e+05 2.3476532e+06 
6.6739270e+06 -1.3831975e+06 6.2876570e+06 
2.0490134e+07 1.4122926e+07 1.7630322e+07 
6.0988695e+06 -1.5772762e+06 5.7386860e+06 
7.2191140e+06 -1.1280652e+06 6.7964170e+06 
1.6899128e+07 7.8790845e+06 1.3731738e+07 
5.4879880e+06 -1.7063012e+06 5.1415630e+06 
2.3135378e+07 2.0449830e+07 2.1414228e+07 
1.7784902e+07 9.1974350e+06 1.4562049e+07 
1.5956006e+07 6.6383085e+06 1.2937608e+07 
7.7396970e+06 -8.1529706e+05 7.2722125e+06 
2.2028994e+07 1.8068370e+07 2.0082552e+07 
1.2309652e+07 2.7076790e+06 1.0308957e+07 
2.3980415e+06 1.1628248e+06 -1.9672264e+04 
1.0608936e+07 1.2430235e+06 9.2229480e+06 
1.8620112e+07 1.0593252e+07 1.5432503e+07 
1.4948635e+07 5.4739365e+06 1.2175613e+07 
4.8345705e+06 -1.7655402e+06 4.4876335e+06 
8.2403210e+06 -4.4785012e+05 7.7216370e+06 
2.1172360e+07 1.5767035e+07 1.8655726e+07 
3.0013595e+06 -3.8505934e+05 1.3997586e+06 
1.9411728e+07 1.2064907e+07 1.6346873e+07 
1.3869690e+07 4.3837005e+06 1.1441678e+07 
4.1310702e+06 -1.7493498e+06 3.7675462e+06 
8.7250730e+06 -2.8324262e+04 8.1506825e+06 
1.1037919e+07 1.8039110e+06 9.6328920e+06 
2.0167188e+07 1.3608951e+07 1.7308592e+07 
1.2711134e+07 3.3643390e+06 1.0731726e+07 
2.2653820e+07 1.9853106e+07 2.1236076e+07 
3.3690295e+06 -1.6509578e+06 2.9713350e+06 
2.1839114e+07 1.7470212e+07 1.9735418e+07 
9.1975380e+06 4.4095031e+05 8.5647940e+06 
1.6325317e+07 7.4951005e+06 1.3438304e+07 
2.0399288e+06 1.0024209e+05 3.5354325e+05 
1.7266266e+07 8.7872370e+06 1.4262393e+07 
1.5324592e+07 6.2784700e+06 1.2649217e+07 
1.8154342e+07 1.0154903e+07 1.5125270e+07 
2.0894618e+07 1.5219784e+07 1.8320514e+07 
5.4708435e+06 -1.7625098e+06 6.0836140e+06 
6.0516110e+06 -1.4755891e+06 6.5853910e+06 
1.4256931e+07 5.1360975e+06 1.1891249e+07 
4.8599080e+06 -1.9955114e+06 5.5392765e+06 
1.1463925e+07 2.4116268e+06 1.0041696e+07 
2.5390102e+06 -1.4622134e+06 2.0885846e+06 
1.8996480e+07 1.1596677e+07 1.6030527e+07 
9.6608550e+06 9.5783612e+05 8.9689190e+06 
6.6072910e+06 -1.1375265e+06 7.0524680e+06 
4.2130330e+06 -2.1712048e+06 4.9436830e+06 
1.3114615e+07 4.0656642e+06 1.1160470e+07 
7.1423565e+06 -7.5064569e+05 7.4919310e+06 
2.2500994e+07 1.9220686e+07 2.0870090e+07 
3.5236588e+06 -2.2853845e+06 4.2872775e+06 
1.9799916e+07 1.3109424e+07 1.6981414e+07 
9.9777394e+05 2.5066494e+05 -3.7888741e+05 
2.1602998e+07 1.6889306e+07 1.9384606e+07 
7.6607390e+06 -3.1694288e+05 7.9101590e+06 
1.0117764e+07 1.5203194e+06 9.3675480e+06 
1.6305465e+06 -1.1733102e+06 1.1087186e+06 
1.1889084e+07 3.0638710e+06 1.0452946e+07 
2.7843282e+06 -2.3327700e+06 3.5596582e+06 
1.6705105e+07 8.3887530e+06 1.3955380e+07 
1.5708864e+07 7.1223385e+06 1.3137012e+07 
2.0572420e+07 1.4687989e+07 1.7980632e+07 
1.7646028e+07 9.7288960e+06 1.4811216e+07 
1.4650235e+07 5.9295110e+06 1.2352479e+07 
8.1658935e+06 1.6181419e+05 8.3128915e+06 
1.8538586e+07 1.1141538e+07 1.5707951e+07 
1.3521749e+07 4.8089545e+06 1.1598036e+07 
2.3543708e+07 2.0971370e+07 2.1861072e+07 
1.9865618e+06 -2.3066852e+06 2.7496738e+06 
2.2302184e+07 1.8606596e+07 2.0501544e+07 
1.0570656e+07 2.1264472e+06 9.7647550e+06 
8.6608510e+06 6.8400438e+05 8.7052950e+06 
6.3214631e+05 -7.7250719e+05 2.1440291e+04 
1.9389884e+07 1.2623831e+07 1.6648682e+07 
4.1964810e+06 -2.1342250e+06 5.8784320e+06 
4.8162700e+06 -1.8135676e+06 6.3707285e+06 
2.1322456e+07 1.6324878e+07 1.9030048e+07 
1.2315251e+07 3.7583148e+06 1.0869885e+07 
3.5463148e+06 -2.4089108e+06 5.3415965e+06 
5.4104960e+06 -1.4489130e+06 6.8269745e+06 
2.8602745e+06 -2.6350208e+06 4.7507300e+06 
5.9833920e+06 -1.0418076e+06 7.2547375e+06 
1.1207259e+06 -2.1986738e+06 1.8456318e+06 
2.0207404e+07 1.4171035e+07 1.7635978e+07 
1.6102647e+07 8.0017665e+06 1.3640721e+07 
1.5050907e+07 6.7606650e+06 1.2827498e+07 
9.1482680e+06 1.2480846e+06 9.0920170e+06 
1.1021614e+07 2.7742698e+06 1.0164217e+07 
1.7096484e+07 9.3149300e+06 1.4490108e+07 
6.5386855e+06 -5.9351975e+05 7.6607580e+06 
2.1320570e+06 -2.8090490e+06 4.0952872e+06 
2.3002792e+07 2.0357672e+07 2.1670222e+07 
1.3933977e+07 5.5913815e+06 1.2046937e+07 
2.2059228e+07 1.8009956e+07 2.0130326e+07 
1.8039446e+07 1.0699099e+07 1.5378957e+07 
-4.8706381e+05 -7.1457325e+05 -7.2002719e+05 
7.0796640e+06 -1.0515145e+05 8.0510405e+06 
1.2744038e+07 4.4925465e+06 1.1295411e+07 
1.3543958e+06 -2.9262272e+06 3.3636702e+06 
2.0999174e+07 1.5776212e+07 1.8671622e+07 
1.7592033e+05 -1.9980694e+06 8.3567075e+05 
1.8938566e+07 1.2151692e+07 1.6310233e+07 
9.6304680e+06 1.8525302e+06 9.4772380e+06 
1.1472453e+07 3.4617868e+06 1.0569234e+07 
7.6092265e+06 4.2227722e+05 8.4309360e+06 
1.9801106e+07 1.3668346e+07 1.7286396e+07 
5.1887209e+05 -2.9800658e+06 2.5433298e+06 
2.2792606e+07 1.9730214e+07 2.1280490e+07 
3.5117728e+06 -2.1398182e+06 6.1512505e+06 
2.8490410e+06 -2.4958802e+06 5.6711630e+06 
4.1484280e+06 -1.7475796e+06 6.5944095e+06 
1.5460081e+07 7.6260625e+06 1.3318069e+07 
2.1773838e+07 1.7429954e+07 1.9756276e+07 
1.6506978e+07 8.9127120e+06 1.4161664e+07 
2.1557748e+06 -2.8147908e+06 5.1450350e+06 
1.4352554e+07 6.4099430e+06 1.2509337e+07 
4.7629300e+06 -1.3197654e+06 7.0086640e+06 
-8.6008375e+05 -1.6915560e+06 -2.9166188e+05 
1.7500400e+07 1.0268988e+07 1.5043308e+07 
1.0109485e+07 2.4957825e+06 9.8647030e+06 
8.1299285e+06 9.8776150e+05 8.8052160e+06 
1.3176849e+07 5.2640230e+06 1.1732070e+07 
1.4268642e+06 -3.0949508e+06 4.5625445e+06 
2.0634736e+07 1.5242641e+07 1.8309162e+07 
5.3587495e+06 -8.5677719e+05 7.4010770e+06 
-3.8429962e+05 -2.9617862e+06 1.6210150e+06 
1.8447366e+07 1.1692550e+07 1.5965861e+07 
1.1924750e+07 4.1868990e+06 1.0982740e+07 
6.5638919e+05 -3.3337838e+06 3.9120648e+06 
5.9389720e+06 -3.5893875e+05 7.7778705e+06 
2.2540598e+07 1.9120150e+07 2.0889088e+07 
2.3903314e+07 2.1459134e+07 2.2269464e+07 
1.9354980e+07 1.3179384e+07 1.6931690e+07 
8.6440230e+06 1.5902580e+06 9.1781340e+06 
2.1447608e+07 1.6865838e+07 1.9379200e+07 
1.0587096e+07 3.1762008e+06 1.0257748e+07 
-1.6259302e+05 -3.5272498e+06 3.1806372e+06 
-2.0603574e+06 -1.7352092e+06 -1.0404090e+06 
6.5063425e+06 1.7341980e+05 8.1445350e+06 
-1.3664846e+06 -2.8596772e+06 5.8324131e+05 
1.4778564e+07 7.2614245e+06 1.2987029e+07 
1.5878731e+07 8.5219540e+06 1.3825554e+07 
1.3614899e+07 6.0700265e+06 1.2182049e+07 
1.6922730e+07 9.8508440e+06 1.4700724e+07 
2.0230622e+07 1.4723543e+07 1.7942462e+07 
2.1367412e+06 -2.4518848e+06 5.9254250e+06 
1.2379879e+07 4.9473640e+06 1.1407299e+07 
2.8202040e+06 -2.0314566e+06 6.3531260e+06 
1.4265838e+06 -2.8446455e+06 5.4604965e+06 
9.1534940e+06 2.2286395e+06 9.5534710e+06 
1.7917616e+07 1.1245971e+07 1.5615315e+07 
-1.0383211e+06 -3.6692000e+06 2.3540568e+06 
7.0633075e+06 7.3990106e+05 8.5059200e+06 
3.4805130e+06 -1.5828231e+06 6.7520295e+06 
2.3308990e+07 2.0831866e+07 2.2067218e+07 
6.8573006e+05 -3.2099998e+06 4.9486295e+06 
2.2248348e+07 1.8526656e+07 2.0495768e+07 
1.1064851e+07 3.8920205e+06 1.0659320e+07 
4.1208348e+06 -1.1053650e+06 7.1294605e+06 
1.8870402e+07 1.2703637e+07 1.6571626e+07 
2.1082036e+07 1.6316906e+07 1.8998862e+07 
-9.0414500e+04 -3.5476315e+06 4.3786530e+06 
-2.4407848e+06 -2.6584235e+06 -5.8295312e+05 
4.7440210e+06 -5.9850756e+05 7.4917960e+06 
-1.9806600e+06 -3.7505638e+06 1.4171529e+06 
7.6120445e+06 1.3399952e+06 8.8663110e+06 
9.6600850e+06 2.9016545e+06 9.9345750e+06 
-9.0723125e+05 -3.8562008e+06 3.7377780e+06 
1.5212931e+07 8.1423680e+06 1.3481406e+07 
1.9788236e+07 1.4218335e+07 1.7571288e+07 
1.4059233e+07 6.9076295e+06 1.2647159e+07 
1.6307668e+07 9.4443140e+06 1.4350887e+07 
1.2839026e+07 5.7407585e+06 1.1845106e+07 
5.3526490e+06 -6.1799488e+04 7.8446035e+06 
2.3045858e+07 2.0211150e+07 2.1656300e+07 
1.7350594e+07 1.0811536e+07 1.5258314e+07 
2.1917332e+07 1.7948964e+07 2.0100260e+07 
1.1544103e+07 4.6413155e+06 1.1071986e+07 
-1.7711665e+06 -4.1327022e+06 3.0115025e+06 
8.1544925e+06 1.9730451e+06 9.2294920e+06 
-3.7268220e+06 -2.8140230e+06 -1.3370135e+06 
2.0678522e+07 1.5782510e+07 1.8615008e+07 
1.8348678e+07 1.2240623e+07 1.6205939e+07 
-3.0014560e+06 -3.7583935e+06 3.5436753e+05 
5.9490505e+06 5.0503753e+05 8.1927550e+06 
6.8977481e+05 -2.7470212e+06 5.6912965e+06 
1.4249830e+06 -2.2982822e+06 6.1010945e+06 
1.0165331e+07 3.6078948e+06 1.0324383e+07 
-7.2943805e+04 -3.1772842e+06 5.2446680e+06 
2.1357695e+06 -1.8291698e+06 6.4828195e+06 
-2.6901118e+06 -4.3715815e+06 2.1836558e+06 
-8.6661400e+05 -3.5908492e+06 4.7509580e+06 
2.8249542e+06 -1.3378759e+06 6.8439700e+06 
1.9308906e+07 1.3726466e+07 1.7195374e+07 
2.2744858e+07 1.9606686e+07 2.1244336e+07 
1.4510740e+07 7.7736650e+06 1.3128812e+07 
1.3303213e+07 6.5644450e+06 1.2297977e+07 
1.5656418e+07 9.0490520e+06 1.3993442e+07 
2.4214606e+07 2.1912186e+07 2.2639002e+07 
6.5353345e+06 1.1020771e+06 8.5405210e+06 
2.1548932e+07 1.7386364e+07 1.9702270e+07 
8.6923740e+06 2.6382162e+06 9.5987880e+06 
-1.6951701e+06 -3.9890285e+06 4.1981600e+06 
3.4951352e+06 -8.2280269e+05 7.1909950e+06 
1.2026024e+07 5.4219640e+06 1.1497933e+07 
1.6747532e+07 1.0388839e+07 1.4894542e+07 
-4.1148415e+06 -3.6748630e+06 -8.4925669e+05 
2.0238396e+07 1.5262037e+07 1.8227360e+07 
1.0670575e+07 4.3457620e+06 1.0725442e+07 
4.1487165e+06 -2.8262644e+05 7.5294615e+06 
-3.6738908e+06 -4.5635805e+06 1.2366882e+06 
1.7791066e+07 1.1789876e+07 1.5834337e+07 
-2.5632680e+06 -4.3721240e+06 3.5722560e+06 
7.1134055e+06 1.7291671e+06 8.8916420e+06 
2.2407318e+07 1.9017720e+07 2.0830986e+07 
9.2272200e+06 3.3344738e+06 9.9771000e+06 
1.8793894e+07 1.3247416e+07 1.6814436e+07 
2.3572896e+07 2.1274522e+07 2.2426668e+07 
4.7879215e+06 2.8367200e+05 7.8641955e+06 
-3.4766355e+06 -4.7386010e+06 2.8570138e+06 
2.1144452e+07 1.6838194e+07 1.9301492e+07 
-3.7973504e+04 -2.5456115e+06 5.8358370e+06 
-8.3049181e+05 -3.0221850e+06 5.4463945e+06 
1.3773304e+07 7.4155465e+06 1.2767332e+07 
1.4970148e+07 8.6647080e+06 1.3628010e+07 
7.2846975e+05 -2.0568970e+06 6.1986375e+06 
1.2511624e+07 6.2316225e+06 1.1938965e+07 
-5.4922295e+06 -3.9543720e+06 -1.6063914e+06 
-1.6516628e+06 -3.4901192e+06 5.0213465e+06 
-4.7348195e+06 -4.6943395e+06 1.5236884e+05 
1.6109622e+07 9.9774820e+06 1.4523663e+07 
1.4712829e+06 -1.5528680e+06 6.5423520e+06 
1.9762916e+07 1.4754914e+07 1.7835622e+07 
7.6849795e+06 2.3859138e+06 9.2493830e+06 
1.1176991e+07 5.1134450e+06 1.1139912e+07 
5.4148030e+06 8.7679450e+05 8.1993920e+06 
-2.5042648e+06 -3.9530378e+06 4.5500060e+06 
1.7198772e+07 1.1350945e+07 1.5456509e+07 
-4.4425850e+06 -5.0838950e+06 2.0339341e+06 
2.1928052e+06 -1.0307779e+06 6.8733905e+06 
9.7603810e+06 4.0605595e+06 1.0366929e+07 
2.3261462e+07 2.0661998e+07 2.1997116e+07 
2.2034490e+07 1.8443550e+07 2.0415900e+07 
-3.3914158e+06 -4.4143095e+06 4.0195932e+06 
2.8952762e+06 -4.8834366e+05 7.1972255e+06 
1.8244412e+07 1.2780685e+07 1.6428172e+07 
2.0705120e+07 1.6303835e+07 1.8897606e+07 
6.0312505e+06 1.4971235e+06 8.5387000e+06 
-5.8882375e+06 -4.7429020e+06 -1.0869295e+06 
8.2515990e+06 3.0716698e+06 9.6165810e+06 
-4.3168275e+06 -4.8764065e+06 3.4148358e+06 
-5.4707075e+06 -5.3987950e+06 1.0825101e+06 
1.4250011e+07 8.2909310e+06 1.3254186e+07 
1.3001762e+07 7.0677030e+06 1.2396497e+07 
3.5808310e+06 7.6251977e+04 7.5185550e+06 
1.9253278e+07 1.4260595e+07 1.7439490e+07 
1.5438028e+07 9.5770680e+06 1.4145317e+07 
1.1685594e+07 5.9088940e+06 1.1569572e+07 
1.6572963e+07 1.0923394e+07 1.5072125e+07 
1.0293048e+07 4.8149750e+06 1.0770392e+07 
2.2915846e+07 2.0064432e+07 2.1566904e+07 
-1.5692202e+06 -2.7708378e+06 5.5543465e+06 
-7.4139850e+05 -2.2640305e+06 5.8966535e+06 
6.6389950e+06 2.1447240e+06 8.8852860e+06 
2.1627548e+07 1.7883524e+07 1.9998726e+07 
-2.4253075e+06 -3.2740398e+06 5.1876255e+06 
-5.2852305e+06 -5.3398705e+06 2.7175938e+06 
2.4478584e+07 2.2330132e+07 2.2969816e+07 
4.2514915e+06 6.6437612e+05 7.8414315e+06 
6.0223613e+04 -1.7488982e+06 6.2220040e+06 
-3.3116880e+06 -3.7790048e+06 4.7874910e+06 
2.0232102e+07 1.5782703e+07 1.8490290e+07 
1.7661624e+07 1.2325792e+07 1.6036266e+07 
8.8146450e+06 3.7855245e+06 9.9956660e+06 
8.3774375e+05 -1.2214272e+06 6.5366320e+06 
-6.5737280e+06 -5.6674040e+06 -1.8965133e+04 
-7.3637165e+06 -5.1603475e+06 -1.8445379e+06 
-4.2303900e+06 -4.2915785e+06 4.3429890e+06 
-6.3030390e+06 -5.8017395e+06 1.9066325e+06 
1.5932672e+06 -6.7829938e+05 6.8458010e+06 
4.9091605e+06 1.2769678e+06 8.1693570e+06 
1.8710630e+07 1.3778562e+07 1.7038646e+07 
7.2396165e+06 2.8193460e+06 9.2418850e+06 
1.3497145e+07 7.9273600e+06 1.2871544e+07 
-5.1835585e+06 -4.8177020e+06 3.8407010e+06 
1.2197251e+07 6.7298080e+06 1.2015816e+07 
1.4733890e+07 9.1872020e+06 1.3759128e+07 
2.2537140e+07 1.9481152e+07 2.1135634e+07 
1.0826260e+07 5.5959670e+06 1.1189223e+07 
2.3795434e+07 2.1684988e+07 2.2748670e+07 
2.1187606e+07 1.7337030e+07 1.9579110e+07 
1.5914779e+07 1.0506789e+07 1.4680843e+07 
2.3288775e+06 -1.1685330e+05 7.1539885e+06 
9.3753460e+06 4.5262945e+06 1.0388687e+07 
-6.1737170e+06 -5.3626990e+06 3.2641450e+06 
1.9726514e+07 1.5274245e+07 1.8079210e+07 
-7.7683800e+06 -5.8648890e+06 -1.2917304e+06 
1.7046656e+07 1.1882270e+07 1.5638395e+07 
5.5556140e+06 1.9145611e+06 8.5053560e+06 
-7.3793200e+06 -6.2532945e+06 9.5776450e+05 
3.0466058e+06 4.6496838e+05 7.4650290e+06 
-3.1690198e+06 -2.9712342e+06 5.2530050e+06 
-2.2735340e+06 -2.4485752e+06 5.5735505e+06 
7.8345475e+06 3.5204290e+06 9.6108330e+06 
-4.0956868e+06 -3.4989800e+06 4.9111495e+06 
-1.4075111e+06 -1.9245675e+06 5.8799425e+06 
1.8136080e+07 1.3308315e+07 1.6632770e+07 
2.2126380e+07 1.8911534e+07 2.0702916e+07 
-7.2042545e+06 -5.9300265e+06 2.5931430e+06 
2.3440448e+07 2.1081798e+07 2.2302980e+07 
-5.0550135e+06 -4.0393192e+06 4.5391800e+06 
-5.6904594e+05 -1.3938268e+06 6.1780775e+06 
2.0715724e+07 1.6803494e+07 1.9156696e+07 
1.2712684e+07 7.5736210e+06 1.2479644e+07 
1.3998332e+07 8.8074820e+06 1.3364708e+07 
1.1360914e+07 6.4015145e+06 1.1624779e+07 
6.1924985e+06 2.5773070e+06 8.8520270e+06 
3.7484082e+06 1.0686721e+06 7.7822190e+06 
-6.0482230e+06 -4.6007315e+06 4.1261270e+06 
2.4389056e+05 -8.5194294e+05 6.4728765e+06 
1.5225333e+07 1.0100700e+07 1.4282310e+07 
9.9347870e+06 5.2925185e+06 1.0797317e+07 
-8.5270550e+06 -6.6770925e+06 -1.5526703e+05 
1.9189422e+07 1.4777938e+07 1.7664040e+07 
-9.3502120e+06 -6.4369845e+06 -2.0467232e+06 
1.6400609e+07 1.1449663e+07 1.5234227e+07 
-8.2802635e+06 -6.5192430e+06 1.8032905e+06 
8.4250790e+06 4.2471025e+06 9.9940870e+06 
1.0333889e+06 -2.9538259e+05 6.7684925e+06 
-7.0763510e+06 -5.1923415e+06 3.6581722e+06 
2.3054646e+07 2.0492168e+07 2.1856808e+07 
2.1684544e+07 1.8354996e+07 2.0268364e+07 
4.4361455e+06 1.6952631e+06 8.1083930e+06 
1.7530694e+07 1.2849371e+07 1.6221539e+07 
6.8213290e+06 3.2649918e+06 9.2115800e+06 
2.0212910e+07 1.6282372e+07 1.8731134e+07 
2.4696728e+07 2.2713062e+07 2.3262478e+07 
1.8015479e+06 2.7861084e+05 7.0684625e+06 
-8.1404770e+06 -5.8231810e+06 3.1177895e+06 
1.1897763e+07 7.2293250e+06 1.2078035e+07 
1.3232470e+07 8.4375000e+06 1.2961660e+07 
-3.8671995e+06 -2.6085840e+06 5.2254670e+06 
-9.7645510e+06 -7.0435410e+06 -1.4586438e+06 
-4.8371970e+06 -3.1440205e+06 4.9274915e+06 
1.0493910e+07 6.0824505e+06 1.1222863e+07 
-2.9307995e+06 -2.0785820e+06 5.5127760e+06 
-9.4098430e+06 -7.1229130e+06 8.6583644e+05 
1.4505721e+07 9.7046980e+06 1.3876167e+07 
1.8621856e+07 1.4293277e+07 1.7244448e+07 
-5.8422480e+06 -3.6931870e+06 4.6122375e+06 
-2.0261905e+06 -1.5471871e+06 5.7947850e+06 
5.1115680e+06 2.3452878e+06 8.4459790e+06 
9.0123640e+06 4.9981910e+06 1.0393242e+07 
2.5504312e+06 8.7210856e+05 7.3758160e+06 
1.5724552e+07 1.1027517e+07 1.4823428e+07 
-6.8833410e+06 -4.2659860e+06 4.2714005e+06 
-9.2422480e+06 -6.5007605e+06 2.4827320e+06 
2.2638910e+07 1.9915520e+07 2.1409734e+07 
-1.1513284e+06 -1.0088684e+06 6.0759255e+06 
2.1212570e+07 1.7810990e+07 1.9831602e+07 
7.4434870e+06 3.9770515e+06 9.5858620e+06 
2.3977892e+07 2.2063072e+07 2.3033752e+07 
-7.9609025e+06 -4.8739640e+06 3.8943530e+06 
1.6895516e+07 1.2401259e+07 1.5804629e+07 
1.9680140e+07 1.5773150e+07 1.8302084e+07 
-3.0402816e+05 -4.5921750e+05 6.3599150e+06 
3.2820338e+06 1.4865764e+06 7.6931505e+06 
-1.0605937e+07 -7.7222790e+06 -2.5146259e+05 
5.7763085e+06 3.0188700e+06 8.7970340e+06 
-1.1463045e+07 -7.7905565e+06 -2.2072562e+06 
-9.0747740e+06 -5.5301170e+06 3.4672640e+06 
-1.0384876e+07 -7.2285235e+06 1.7250139e+06 
1.2437417e+07 8.0768315e+06 1.2549582e+07 
1.8024812e+07 1.3819776e+07 1.6820116e+07 
1.1053522e+07 6.8940620e+06 1.1666260e+07 
5.1795419e+05 1.0520920e+05 6.6499115e+06 
1.3757030e+07 9.3183460e+06 1.3462055e+07 
9.5974170e+06 5.7722155e+06 1.0809538e+07 
2.2194074e+07 1.9351320e+07 2.0961348e+07 
2.0711352e+07 1.7278996e+07 1.9392262e+07 
1.5019543e+07 1.0615382e+07 1.4405664e+07 
2.3584078e+07 2.1470074e+07 2.2574322e+07 
8.0602200e+06 4.7125870e+06 9.9763730e+06 
-5.5210685e+06 -2.7422498e+06 4.8479515e+06 
3.9982562e+06 2.1229422e+06 8.0226875e+06 
-1.0224364e+07 -6.2482390e+06 2.9719085e+06 
-4.5079880e+06 -2.2098332e+06 5.1166860e+06 
-6.5729520e+06 -3.2864645e+06 4.5726870e+06 
1.9118350e+07 1.5275332e+07 1.7869208e+07 
1.3168600e+06 6.8702762e+05 6.9486150e+06 
-3.5318530e+06 -1.6809189e+06 5.3835115e+06 
1.6231564e+07 1.1963516e+07 1.5381720e+07 
-7.6649890e+06 -3.8527268e+06 4.2851125e+06 
6.4318705e+06 3.7157415e+06 9.1632730e+06 
-1.1888549e+07 -8.2819865e+06 -1.5816374e+06 
-1.1574849e+07 -8.0016600e+06 8.1027681e+05 
-2.5904682e+06 -1.1488664e+06 5.6522155e+06 
-8.7978290e+06 -4.4535475e+06 3.9778030e+06 
1.7399262e+07 1.3356961e+07 1.6390721e+07 
-1.1409135e+07 -7.0414050e+06 2.3841318e+06 
2.1720938e+07 1.8799060e+07 2.0511262e+07 
-1.6814368e+06 -6.0842262e+05 5.9259695e+06 
2.0948799e+06 1.2881408e+06 7.2583445e+06 
1.1614288e+07 7.7250415e+06 1.2128072e+07 
2.3162472e+07 2.0889184e+07 2.2114412e+07 
4.7008885e+06 2.7816518e+06 8.3663085e+06 
1.0181118e+07 6.5673990e+06 1.1243859e+07 
1.2980338e+07 8.9411990e+06 1.3039613e+07 
-9.9712130e+06 -5.1039525e+06 3.6409552e+06 
2.0181756e+07 1.6758524e+07 1.8949992e+07 
8.6726400e+06 5.4703745e+06 1.0384271e+07 
1.4286624e+07 1.0212807e+07 1.3980604e+07 
2.4870894e+07 2.3061472e+07 2.3517932e+07 
-8.0226738e+05 -5.5495102e+04 6.2074715e+06 
1.8528454e+07 1.4788442e+07 1.7432184e+07 
7.0796265e+06 4.4352650e+06 9.5460840e+06 
-1.2824536e+07 -8.8008040e+06 -3.0162256e+05 
1.5539839e+07 1.1535682e+07 1.4952499e+07 
-1.1183818e+07 -5.8215465e+06 3.2613040e+06 
2.8541185e+06 1.9098329e+06 7.5810845e+06 
-1.2629725e+07 -7.9189325e+06 1.6720751e+06 
-1.3716833e+07 -9.2289890e+06 -2.3191445e+06 
4.9545141e+04 5.1303644e+05 6.4990395e+06 
5.3915950e+06 3.4627130e+06 8.7255780e+06 
-7.2330355e+06 -2.8480330e+06 4.4359265e+06 
-6.1367490e+06 -2.3175008e+06 4.6874200e+06 
2.1220276e+07 1.8258262e+07 2.0059098e+07 
2.2713762e+07 2.0319928e+07 2.1653606e+07 
1.6746160e+07 1.2904371e+07 1.5955957e+07 
-8.3746140e+06 -3.3960315e+06 4.1825912e+06 
-5.0836255e+06 -1.7947131e+06 4.9407240e+06 
1.9624614e+07 1.6249101e+07 1.8504452e+07 
-1.2433233e+07 -6.6261205e+06 2.8205405e+06 
2.4121830e+07 2.2408980e+07 2.3282786e+07 
-9.5629830e+06 -3.9737118e+06 3.9227880e+06 
-4.0711338e+06 -1.2719852e+06 5.1988305e+06 
1.0764204e+07 7.3816735e+06 1.1696733e+07 
1.2176724e+07 8.5728030e+06 1.2608487e+07 
9.2817220e+06 6.2488750e+06 1.0810376e+07 
3.5965702e+06 2.5528460e+06 7.9185170e+06 
1.3526830e+07 9.8193350e+06 1.3547924e+07 
8.7646000e+05 1.0994728e+06 6.8026750e+06 
1.7911342e+07 1.4312018e+07 1.6990698e+07 
-1.0798730e+07 -4.5963150e+06 3.6504218e+06 
7.7208140e+06 5.1764565e+06 9.9465320e+06 
-3.0965122e+06 -7.4329100e+05 5.4642600e+06 
-1.3890092e+07 -8.8808520e+06 7.9461375e+05 
-1.4155623e+07 -9.5837870e+06 -1.6533274e+06 
1.4821331e+07 1.1117300e+07 1.4516658e+07 
6.0719055e+06 4.1657332e+06 9.1017550e+06 
-1.3716322e+07 -7.5382630e+06 2.2930910e+06 
2.2238604e+07 1.9761858e+07 2.1191502e+07 
-2.1568965e+06 -2.0395806e+05 5.7391830e+06 
-1.2081187e+07 -5.2826775e+06 3.3571340e+06 
2.0692828e+07 1.7728474e+07 1.9604498e+07 
2.3693784e+07 2.1826778e+07 2.2811884e+07 
1.6066442e+07 1.2461546e+07 1.5515526e+07 
1.6808476e+06 1.7054178e+06 7.1201010e+06 
1.9040748e+07 1.5750274e+07 1.8055320e+07 
4.3241000e+06 3.2174410e+06 8.2720410e+06 
-1.2494149e+06 3.4957472e+05 6.0254920e+06 
-1.3408078e+07 -6.0557220e+06 3.0310382e+06 
9.8882990e+06 7.0462500e+06 1.1255173e+07 
1.1347268e+07 8.2126890e+06 1.2168328e+07 
-1.5201129e+07 -9.9087870e+06 -2.9881119e+05 
1.7267888e+07 1.3845607e+07 1.6544451e+07 
-7.8139100e+06 -2.4011785e+06 4.2203115e+06 
8.3565275e+06 5.9380005e+06 1.0365366e+07 
-8.9999860e+06 -2.9248262e+06 3.9836772e+06 
1.2741194e+07 9.4345000e+06 1.3107306e+07 
-1.5030340e+07 -8.5759980e+06 1.6432316e+06 
-6.6784065e+06 -1.8886356e+06 4.4626350e+06 
-1.6130821e+07 -1.0762461e+07 -2.3735972e+06 
-1.0239335e+07 -3.4705925e+06 3.7502585e+06 
6.7432110e+06 4.8899495e+06 9.4958060e+06 
-5.5903700e+06 -1.3786005e+06 4.7127075e+06 
2.1737638e+07 1.9214550e+07 2.0727724e+07 
2.4649590e+06 2.3318760e+06 7.4527845e+06 
1.4077022e+07 1.0707908e+07 1.4073903e+07 
2.0139324e+07 1.7209260e+07 1.9147122e+07 
-3.7125559e+05 9.1994938e+05 6.3248450e+06 
2.3240608e+07 2.1255228e+07 2.2340358e+07 
-1.1533978e+07 -4.0525490e+06 3.5169122e+06 
-1.4775235e+07 -6.9425930e+06 2.6547290e+06 
-4.5464830e+06 -8.6439388e+05 4.9723185e+06 
5.0384320e+06 3.9034468e+06 8.6427810e+06 
1.8430954e+07 1.5261604e+07 1.7602288e+07 
1.5361034e+07 1.2028033e+07 1.5069142e+07 
2.5003202e+07 2.3376192e+07 2.3737400e+07 
-1.2884884e+07 -4.6886370e+06 3.2793760e+06 
-3.5433605e+06 -3.4086800e+05 5.2430645e+06 
-1.6375471e+07 -9.7477730e+06 8.2193731e+05 
4.8028581e+05 1.5090401e+06 6.6386875e+06 
-1.6585885e+07 -1.0952894e+07 -1.6645054e+06 
3.2309042e+06 2.9793305e+06 7.8019500e+06 
1.6598955e+07 1.3388766e+07 1.6093160e+07 
1.0493056e+07 7.8603715e+06 1.1718802e+07 
8.9877170e+06 6.7182715e+06 1.0803016e+07 
-1.4291490e+07 -5.4016600e+06 3.0314815e+06 
-1.6176650e+07 -7.9737960e+06 2.2022310e+06 
2.1211486e+07 1.8677604e+07 2.0261916e+07 
1.1930746e+07 9.0578310e+06 1.2658448e+07 
2.2762822e+07 2.0693952e+07 2.1867816e+07 
-2.5776470e+06 1.9589073e+05 5.5263865e+06 
7.4067530e+06 5.6342530e+06 9.9083980e+06 
1.9560474e+07 1.6700202e+07 1.8686650e+07 
1.3307890e+07 1.0307043e+07 1.3623949e+07 
5.7411410e+06 4.6102995e+06 9.0315930e+06 
2.4228982e+07 2.2723238e+07 2.3496918e+07 
1.7796020e+07 1.4782663e+07 1.7145066e+07 
1.3077738e+06 2.1180715e+06 6.9682655e+06 
-9.5352630e+06 -2.4610288e+06 3.7103330e+06 
-1.5751093e+07 -6.2204100e+06 2.7637950e+06 
-8.3122715e+06 -1.9632369e+06 3.9452580e+06 
-1.0817521e+07 -2.9721650e+06 3.4848808e+06 
1.4630856e+07 1.1603379e+07 1.4616533e+07 
-1.6460859e+06 7.4879181e+05 5.8235885e+06 
-7.1445720e+06 -1.4694912e+06 4.1906952e+06 
-1.2162705e+07 -3.5087035e+06 3.2677755e+06 
3.9806398e+06 3.6478038e+06 8.1685810e+06 
-1.7759674e+07 -1.1039452e+07 -2.3497845e+05 
-1.7605370e+07 -9.1799700e+06 1.6345659e+06 
-6.0280715e+06 -9.7263331e+05 4.4476595e+06 
-1.3573865e+07 -4.0862995e+06 3.0576528e+06 
2.0660756e+07 1.8150632e+07 1.9793744e+07 
1.5905397e+07 1.2941053e+07 1.5636557e+07 
-1.8730982e+07 -1.2404307e+07 -2.3592640e+06 
2.2260926e+07 2.0142594e+07 2.1393888e+07 
1.8956980e+07 1.6200897e+07 1.8222784e+07 
-1.7258198e+07 -7.1807110e+06 2.4612818e+06 
9.6151820e+06 7.5153465e+06 1.1259590e+07 
-4.9586965e+06 -4.6718106e+05 4.7171595e+06 
-7.4556494e+05 1.3199179e+06 6.1358375e+06 
8.0636225e+06 6.3972115e+06 1.0339903e+07 
1.1096522e+07 8.6888390e+06 1.2201059e+07 
2.3771082e+07 2.2152226e+07 2.3016644e+07 
2.1136105e+06 2.7477110e+06 7.3146250e+06 
-1.5053017e+07 -4.7253355e+06 2.8525818e+06 
6.4336435e+06 5.3370750e+06 9.4390620e+06 
1.2514910e+07 9.9142340e+06 1.3166529e+07 
1.7136726e+07 1.4313027e+07 1.6683386e+07 
-3.9324808e+06 5.1018383e+04 5.0001870e+06 
4.7159555e+06 4.3369060e+06 8.5534230e+06 
1.3876823e+07 1.1187126e+07 1.4157444e+07 
-1.9056246e+07 -1.0583608e+07 8.9404031e+05 
-1.6600525e+07 -5.4524355e+06 2.6494062e+06 
-1.9206474e+07 -1.2393449e+07 -1.6034664e+06 
1.2685210e+05 1.9106618e+06 6.4641610e+06 
-1.8804038e+07 -8.3257275e+06 2.0993650e+06 
2.1735416e+07 1.9600814e+07 2.0918226e+07 
2.0086050e+07 1.7633266e+07 1.9322898e+07 
1.5188065e+07 1.2502029e+07 1.5174392e+07 
-2.9456252e+06 5.8505100e+05 5.2977030e+06 
2.9000218e+06 3.3981422e+06 7.6786115e+06 
2.3290352e+07 2.1590432e+07 2.2535492e+07 
-1.1295352e+07 -2.4979608e+06 3.1521942e+06 
-9.9803310e+06 -2.0196739e+06 3.3845060e+06 
1.8329534e+07 1.5710949e+07 1.7755248e+07 
-1.2679640e+07 -2.9904852e+06 2.9326988e+06 
-8.7293970e+06 -1.5459219e+06 3.6296382e+06 
-1.8214256e+07 -6.3024465e+06 2.4424578e+06 
8.7147510e+06 7.1770915e+06 1.0790390e+07 
1.0239559e+07 8.3270255e+06 1.1734868e+07 
-1.4138284e+07 -3.5099705e+06 2.7263188e+06 
-7.5374390e+06 -1.0692959e+06 3.8878502e+06 
7.1171935e+06 6.0825180e+06 9.8654970e+06 
2.5095924e+07 2.3658300e+07 2.3922298e+07 
1.1699060e+07 9.5290010e+06 1.2701390e+07 
1.6453846e+07 1.3852281e+07 1.6216995e+07 
9.7390644e+05 2.5218330e+06 6.8094360e+06 
-1.9945364e+06 1.1371350e+06 5.6106125e+06 
5.4384715e+06 5.0458750e+06 8.9569770e+06 
-2.0532100e+07 -1.2181062e+07 -1.0102499e+05 
-6.3995180e+06 -5.8415531e+05 4.1595948e+06 
-2.0376880e+07 -9.7038620e+06 1.6375204e+06 
-1.5676012e+07 -4.0731802e+06 2.5336615e+06 
1.3099851e+07 1.0778814e+07 1.3691636e+07 
2.1186782e+07 1.9068290e+07 2.0440510e+07 
1.9487964e+07 1.7125146e+07 1.8849088e+07 
3.6690478e+06 4.0691218e+06 8.0608625e+06 
2.2787158e+07 2.1037578e+07 2.2053106e+07 
-2.1553456e+07 -1.4172413e+07 -2.2610300e+06 
-1.9888456e+07 -7.3208590e+06 2.2210822e+06 
-5.3109290e+06 -8.6243922e+04 4.4454550e+06 
-1.7296782e+07 -4.7023705e+06 2.3555332e+06 
1.4447805e+07 1.2071256e+07 1.4706433e+07 
1.7678826e+07 1.5229969e+07 1.7283782e+07 
-1.0758478e+06 1.7087726e+06 5.9397430e+06 
2.4301182e+07 2.3006630e+07 2.3677466e+07 
1.7981325e+06 3.1537398e+06 7.1723775e+06 
-4.2672355e+06 4.2759569e+05 4.7460870e+06 
9.3609030e+06 7.9718760e+06 1.1259624e+07 
7.7928770e+06 6.8450630e+06 1.0310929e+07 
-1.9003124e+07 -5.4273780e+06 2.1925680e+06 
1.5748156e+07 1.3400009e+07 1.5745664e+07 
-2.1964524e+07 -1.1360227e+07 1.0096871e+06 
1.0861319e+07 9.1508530e+06 1.2228303e+07 
6.1496285e+06 5.7736100e+06 9.3794910e+06 
-1.1676594e+07 -2.0598379e+06 2.7763315e+06 
2.0615514e+07 1.8544706e+07 1.9960444e+07 
-2.1612508e+07 -8.5662380e+06 1.9649726e+06 
-2.2055014e+07 -1.3909189e+07 -1.4550569e+06 
-1.3087252e+07 -2.5138278e+06 2.5405102e+06 
-1.0339680e+07 -1.6097238e+06 3.0264940e+06 
2.2261876e+07 2.0493396e+07 2.1569160e+07 
1.8867094e+07 1.6625922e+07 1.8372052e+07 
1.2300854e+07 1.0377976e+07 1.3218892e+07 
-1.4578397e+07 -2.9814245e+06 2.3199602e+06 
4.4225365e+06 4.7600245e+06 8.4617990e+06 
-1.8643377e+05 2.3008672e+06 6.2858200e+06 
-9.0701370e+06 -1.1561028e+06 3.2906045e+06 
-3.2642912e+06 9.5963531e+05 5.0621735e+06 
2.3817512e+07 2.2447012e+07 2.3189740e+07 
-1.6157063e+07 -3.4755020e+06 2.1163310e+06 
1.7005548e+07 1.4757574e+07 1.6808154e+07 
-2.0795102e+07 -6.2886300e+06 2.0442830e+06 
1.3685465e+07 1.1648291e+07 1.4232469e+07 
-7.8619910e+06 -6.9338050e+05 3.5686562e+06 
2.6018510e+06 3.8062535e+06 7.5535240e+06 
-1.7830428e+07 -4.0132325e+06 1.9321969e+06 
-6.7096780e+06 -2.1734961e+05 3.8609080e+06 
-2.3370130e+07 -1.0110986e+07 1.6355804e+06 
-2.2982475e+06 1.5114225e+06 5.3943755e+06 
1.5020428e+07 1.2955798e+07 1.5269183e+07 
-2.3561608e+07 -1.3313204e+07 1.1263716e+05 
2.0022102e+07 1.8029762e+07 1.9477758e+07 
6.7658425e+05 2.9138120e+06 6.6494460e+06 
2.1714878e+07 1.9957636e+07 2.1083352e+07 
8.4616030e+06 7.6228605e+06 1.0775101e+07 
6.8506860e+06 6.5186965e+06 9.8209570e+06 
1.0002670e+07 8.7792900e+06 1.1747055e+07 
1.8224036e+07 1.6135247e+07 1.7891550e+07 
-2.2668778e+07 -7.3414250e+06 1.9068955e+06 
-1.9605524e+07 -4.6178035e+06 1.7712610e+06 
5.1621405e+06 5.4698810e+06 8.8816120e+06 
-2.4650458e+07 -1.6091445e+07 -2.0580134e+06 
-5.6080425e+06 2.7510441e+05 4.1677878e+06 
2.3312948e+07 2.1895240e+07 2.2700790e+07 
1.1480750e+07 9.9841390e+06 1.2739013e+07 
1.6310391e+07 1.4293382e+07 1.6328155e+07 
3.3871652e+06 4.4788595e+06 7.9532260e+06 
1.2901896e+07 1.1232686e+07 1.3752309e+07 
-1.3655541e+06 2.0839030e+06 5.7432990e+06 
-1.3393846e+07 -2.0864809e+06 2.1169242e+06 
-2.1488706e+07 -5.3210320e+06 1.6384575e+06 
-1.1969370e+07 -1.6633692e+06 2.3784858e+06 
2.5151390e+07 2.3909032e+07 2.4074148e+07 
-1.4902355e+07 -2.5116358e+06 1.8700501e+06 
-4.5523265e+06 7.8622025e+05 4.4898160e+06 
-1.0621077e+07 -1.2352519e+06 2.6539010e+06 
1.5158366e+06 3.5475610e+06 7.0310780e+06 
-2.5140788e+07 -1.2035259e+07 1.1611734e+06 
-1.6503531e+07 -2.9481562e+06 1.6394702e+06 
2.1146540e+07 1.9430046e+07 2.0595410e+07 
1.9407042e+07 1.7523158e+07 1.8992204e+07 
-2.4614038e+07 -8.6616730e+06 1.7684999e+06 
1.4271440e+07 1.2519230e+07 1.4787364e+07 
-9.3418200e+06 -7.9680006e+05 2.9428772e+06 
-2.5185290e+07 -1.5501891e+07 -1.1993604e+06 
2.2787742e+07 2.1351128e+07 2.2210318e+07 
1.7559394e+07 1.5652780e+07 1.7407370e+07 
-1.8206868e+07 -3.4084408e+06 1.4278825e+06 
7.5427165e+06 7.2794335e+06 1.0281099e+07 
9.1241000e+06 8.4137990e+06 1.1257463e+07 
5.8893130e+06 6.1974075e+06 9.3202600e+06 
-2.3484684e+07 -6.1674375e+06 1.5397102e+06 
-3.5381552e+06 1.3175240e+06 4.8275435e+06 
-8.1250880e+06 -3.4401353e+05 3.2454892e+06 
-4.6295650e+05 2.6775148e+06 6.1094615e+06 
1.0640459e+07 9.5968200e+06 1.2251823e+07 
4.1559598e+06 5.1706965e+06 8.3716275e+06 
1.5594054e+07 1.3837012e+07 1.5843595e+07 
-2.0022796e+07 -3.9091605e+06 1.2395022e+06 
2.4340268e+07 2.3260106e+07 2.3825848e+07 
1.2097950e+07 1.0823991e+07 1.3265784e+07 
-6.9649455e+06 1.2606341e+05 3.5620490e+06 
2.3337050e+06 4.2016815e+06 7.4310095e+06 
2.0557248e+07 1.8910388e+07 2.0105086e+07 
-2.6612144e+07 -1.0352240e+07 1.5987371e+06 
1.8770834e+07 1.7024602e+07 1.8503566e+07 
-2.6907380e+07 -1.4400000e+07 4.1421447e+05 
-2.1962696e+07 -4.4731025e+06 1.0806324e+06 
-2.5615232e+06 1.8699524e+06 5.1815015e+06 
2.2242152e+07 2.0814496e+07 2.1718052e+07 
-2.5594818e+07 -7.2206770e+06 1.4807149e+06 
1.3501973e+07 1.2089885e+07 1.4300042e+07 
1.6873774e+07 1.5178181e+07 1.6919318e+07 
4.1250894e+05 3.2922598e+06 6.4932625e+06 
-5.8559835e+06 6.1555056e+05 3.8930078e+06 
-2.8101186e+07 -1.8196688e+07 -1.7200790e+06 
-1.3611493e+07 -1.7100288e+06 1.6832972e+06 
-1.5123564e+07 -2.1033225e+06 1.4029766e+06 
2.3834560e+07 2.2711942e+07 2.3332386e+07 
-1.2184523e+07 -1.3094449e+06 1.9761255e+06 
-1.6730194e+07 -2.4957342e+06 1.1360945e+06 
6.6053035e+06 6.9410340e+06 9.7774490e+06 
8.2265980e+06 8.0538570e+06 1.0759366e+07 
-2.4038792e+07 -5.1321140e+06 9.6039031e+05 
4.9098990e+06 5.8805915e+06 8.8086580e+06 
1.4857236e+07 1.3388080e+07 1.5354309e+07 
-1.0834261e+07 -8.9672050e+05 2.2811435e+06 
9.7809040e+06 9.2155280e+06 1.1757171e+07 
-1.8442138e+07 -2.8957255e+06 8.8448300e+05 
-1.6187771e+06 2.4439470e+06 5.5521605e+06 
3.1323255e+06 4.8753980e+06 7.8493510e+06 
-4.7932765e+06 1.1258882e+06 4.2388795e+06 
1.9947396e+07 1.8398426e+07 1.9612154e+07 
-2.8634844e+07 -1.2544807e+07 1.3275539e+06 
1.1274482e+07 1.0421744e+07 1.2772748e+07 
-9.5532090e+06 -4.6821159e+05 2.5984415e+06 
1.8113992e+07 1.6533800e+07 1.8011650e+07 
-2.7814224e+07 -8.5737180e+06 1.4631581e+06 
2.1676450e+07 2.0285170e+07 2.1223744e+07 
-2.0271748e+07 -3.3145408e+06 6.5129031e+05 
-2.8676798e+07 -1.7167496e+07 -8.1009519e+05 
1.2635220e+06 3.9277608e+06 6.8949600e+06 
1.6167792e+07 1.4711108e+07 1.6427229e+07 
1.2712811e+07 1.1667338e+07 1.3807074e+07 
2.3309552e+07 2.2170334e+07 2.2837296e+07 
-2.6263698e+07 -5.9319765e+06 8.9153062e+05 
-8.3346335e+06 -2.1227732e+04 2.9283700e+06 
-2.2233394e+07 -3.7673110e+06 4.4158566e+05 
-3.7723460e+06 1.6579550e+06 4.6001820e+06 
-7.0660231e+05 3.0395258e+06 5.9398960e+06 
1.4100649e+07 1.2946197e+07 1.4860157e+07 
7.3111550e+06 7.6989270e+06 1.0252634e+07 
-7.1724670e+06 4.4615488e+05 3.2714312e+06 
5.6504265e+06 6.6070870e+06 9.2640180e+06 
2.5171886e+07 2.4129694e+07 2.4194492e+07 
1.9317392e+07 1.7893926e+07 1.9116424e+07 
8.9030090e+06 8.8397620e+06 1.1254930e+07 
2.1090922e+07 1.9762978e+07 2.0727174e+07 
3.9135898e+06 5.5676270e+06 8.2860165e+06 
-3.0127486e+07 -1.0364212e+07 1.4744334e+06 
-2.4344010e+07 -4.2748015e+06 2.6325794e+05 
1.7437034e+07 1.6050462e+07 1.7516286e+07 
-3.0650824e+07 -1.5377487e+07 8.0538481e+05 
-1.5258164e+07 -1.7535965e+06 9.3931000e+05 
-2.8649286e+07 -6.9407905e+06 8.9102994e+05 
1.0432352e+07 1.0025482e+07 1.2273079e+07 
-1.6855888e+07 -2.1151195e+06 6.3201706e+05 
-1.3754121e+07 -1.3818904e+06 1.2562404e+06 
2.0924850e+06 4.5833045e+06 7.3146495e+06 
2.2765398e+07 2.1635182e+07 2.2340344e+07 
-2.7891292e+06 2.2121578e+06 4.9773875e+06 
-1.8558342e+07 -2.4719650e+06 3.3491053e+05 
-1.2334153e+07 -9.9580306e+05 1.5828140e+06 
1.5442075e+07 1.4251218e+07 1.5930963e+07 
-6.0612325e+06 9.3523375e+05 3.6281968e+06 
-3.2033006e+07 -2.0540470e+07 -1.2012562e+06 
1.1904746e+07 1.1251159e+07 1.3308341e+07 
-2.0378424e+07 -2.8313375e+06 4.9379836e+04 
1.7799177e+05 3.6563400e+06 6.3449575e+06 
-2.6623790e+07 -4.8662970e+06 1.2836555e+05 
-1.0989817e+07 -5.9216706e+05 1.9193950e+06 
2.4348018e+07 2.3484706e+07 2.3943496e+07 
1.8667658e+07 1.7396650e+07 1.8617726e+07 
2.0485862e+07 1.9247754e+07 2.0228154e+07 
-2.2331466e+07 -3.2027095e+06 -2.2192131e+05 
1.3325010e+07 1.2510974e+07 1.4361019e+07 
-9.7136200e+06 -1.6864062e+05 2.2665655e+06 
-4.9959805e+06 1.4467868e+06 3.9992445e+06 
-3.2504262e+07 -1.2793638e+07 1.4613724e+06 
-3.1204082e+07 -8.2639020e+06 9.7921675e+05 
1.6740497e+07 1.5574294e+07 1.7017336e+07 
6.3787620e+06 7.3484645e+06 9.7371650e+06 
-1.8399522e+06 2.7885010e+06 5.3708875e+06 
2.2202272e+07 2.1106388e+07 2.1841318e+07 
4.6791470e+06 6.2770055e+06 8.7407050e+06 
8.0077005e+06 8.4690150e+06 1.0745001e+07 
2.9015292e+06 5.2578770e+06 7.7522425e+06 
-3.2651086e+07 -1.8885866e+07 -2.5328380e+05 
-2.9097006e+07 -5.5846185e+06 5.5168238e+04 
9.5724230e+06 9.6347300e+06 1.1766679e+07 
-2.4436088e+07 -3.5986835e+06 -4.7442759e+05 
-8.4988750e+06 2.7644472e+05 2.6250255e+06 
1.4697259e+07 1.3798162e+07 1.5430401e+07 
2.3823606e+07 2.2947938e+07 2.3445800e+07 
1.0376846e+06 4.2937165e+06 6.7674470e+06 
1.1078575e+07 1.0840911e+07 1.2803745e+07 
-3.9722435e+06 1.9811538e+06 4.3851110e+06 
-1.6900672e+07 -1.7986682e+06 1.4587783e+05 
1.9861588e+07 1.8739326e+07 1.9726514e+07 
-1.5322975e+07 -1.4562721e+06 4.9397081e+05 
1.7998628e+07 1.6906366e+07 1.8115920e+07 
-7.3395850e+06 7.4420094e+05 2.9955160e+06 
-2.6715456e+07 -4.0363682e+06 -7.0064369e+05 
-1.8579698e+07 -2.1276645e+06 -1.9718367e+05 
-9.2150838e+05 3.3866395e+06 5.7809580e+06 
-1.3835988e+07 -1.0970310e+06 8.4784900e+05 
2.1620360e+07 2.0583856e+07 2.1340034e+07 
-3.3928196e+07 -1.0071084e+07 1.1734221e+06 
1.2531042e+07 1.2082012e+07 1.3856801e+07 
-2.0372452e+07 -2.4477118e+06 -5.3564575e+05 
1.6024929e+07 1.5104999e+07 1.6514679e+07 
-3.1792776e+07 -6.4953365e+06 7.1117008e+04 
-3.4902388e+07 -1.6130610e+07 1.2677428e+06 
-1.2430469e+07 -7.1831975e+05 1.2084554e+06 
5.4304050e+06 7.0019150e+06 9.2128920e+06 
-2.2293664e+07 -2.7645152e+06 -8.6942744e+05 
7.0959015e+06 8.1027695e+06 1.0227311e+07 
2.3281168e+07 2.2416538e+07 2.2946038e+07 
3.6925205e+06 5.9501930e+06 8.2074535e+06 
-6.2303600e+06 1.2352734e+06 3.3787642e+06 
-2.9859935e+06 2.5383000e+06 4.7862500e+06 
-1.1098290e+07 -3.1819050e+05 1.5768278e+06 
8.6955550e+06 9.2490090e+06 1.1253473e+07 
1.3933992e+07 1.3351588e+07 1.4925449e+07 
-2.9199220e+07 -4.5396930e+06 -8.8848881e+05 
-3.6668452e+07 -2.3207046e+07 -4.2741453e+05 
1.8748555e+06 4.9506925e+06 7.2072960e+06 
-2.4361254e+07 -3.0853852e+06 -1.1976490e+06 
1.0235096e+07 1.0436151e+07 1.2293214e+07 
1.9218430e+07 1.8237524e+07 1.9222120e+07 
1.7310758e+07 1.6422833e+07 1.7610888e+07 
-3.0837076e+04 4.0059210e+06 6.2077345e+06 
-9.8322380e+06 1.0473884e+05 1.9540298e+06 
2.1019870e+07 2.0067490e+07 2.0836336e+07 
2.5159574e+07 2.4321584e+07 2.4284804e+07 
-3.4745204e+07 -7.7047685e+06 2.1683502e+05 
-3.6805816e+07 -1.2644950e+07 1.4633368e+06 
-5.1663495e+06 1.7499112e+06 3.7754375e+06 
1.1719481e+07 1.1658908e+07 1.3347431e+07 
1.5290893e+07 1.4642273e+07 1.6008225e+07 
-2.6597616e+07 -3.4197462e+06 -1.5181918e+06 
2.2720784e+07 2.1890488e+07 2.2444044e+07 
-3.1926440e+07 -5.1435365e+06 -1.0185098e+06 
-2.0336111e+06 3.1178645e+06 5.2030025e+06 
-8.6258710e+06 5.5137256e+05 2.3410992e+06 
-3.7299376e+07 -2.0596180e+07 5.1004916e+05 
-1.6883792e+07 -1.5366736e+06 -3.0999419e+05 
-1.8529650e+07 -1.8504508e+06 -6.9637181e+05 
4.4670625e+06 6.6587180e+06 8.6797830e+06 
6.1685315e+06 7.7405040e+06 9.7018180e+06 
1.3152933e+07 1.2911136e+07 1.4416036e+07 
-1.5334020e+07 -1.2036468e+06 7.6944117e+04 
-2.0282834e+07 -2.1476858e+06 -1.0841534e+06 
2.6915925e+06 5.6260445e+06 7.6642460e+06 
7.8026120e+06 8.8678330e+06 1.0733413e+07 
1.8556746e+07 1.7742172e+07 1.8714856e+07 
2.4326066e+07 2.3681474e+07 2.4031778e+07 
-2.9031634e+07 -3.7799288e+06 -1.8269951e+06 
-1.3870596e+07 -8.4927494e+05 4.6629397e+05 
2.0401028e+07 1.9557186e+07 2.0330090e+07 
-2.2156522e+07 -2.4317950e+06 -1.4754185e+06 
-4.1431918e+06 2.2880215e+06 4.1861078e+06 
1.6604517e+07 1.5945803e+07 1.7102542e+07 
8.3469162e+05 4.6454180e+06 6.6511890e+06 
9.3751130e+06 1.0036429e+07 1.1776697e+07 
-7.4734190e+06 1.0222076e+06 2.7390078e+06 
-3.7991560e+07 -9.3976250e+06 5.4937169e+05 
-1.2484973e+07 -4.7199481e+05 8.5978669e+05 
2.2142558e+07 2.1369764e+07 2.1939672e+07 
-3.4950168e+07 -5.9016320e+06 -1.0590102e+06 
-2.4166482e+07 -2.7070140e+06 -1.8723766e+06 
1.4538969e+07 1.4185808e+07 1.5497904e+07 
-1.1118594e+06 3.7191985e+06 5.6355700e+06 
-3.9804744e+07 -1.6451310e+07 1.7293699e+06 
1.0891064e+07 1.1241253e+07 1.2832858e+07 
-1.1169576e+07 -7.0703578e+04 1.2590256e+06 
-3.1701970e+07 -4.1824790e+06 -2.1168868e+06 
-6.3696960e+06 1.5173900e+06 3.1486280e+06 
-2.6332060e+07 -2.9785322e+06 -2.2774112e+06 
2.3785862e+07 2.3155962e+07 2.3531134e+07 
-4.2426328e+07 -2.6330006e+07 7.3352200e+05 
-3.1569725e+06 2.8492128e+06 4.6112240e+06 
1.2354753e+07 1.2476442e+07 1.3902115e+07 
1.7876904e+07 1.7253088e+07 1.8204638e+07 
1.9764088e+07 1.9052840e+07 1.9821194e+07 
5.2265010e+06 7.3816930e+06 9.1685070e+06 
3.4897010e+06 6.3183100e+06 8.1378380e+06 
-9.9176480e+06 3.5530084e+05 1.6654751e+06 
6.8944515e+06 8.4907110e+06 1.0206478e+07 
1.5880396e+07 1.5475027e+07 1.6590815e+07 
1.6773911e+06 5.3039545e+06 7.1111125e+06 
2.1546612e+07 2.0854344e+07 2.1432806e+07 
-3.8344496e+07 -6.9029440e+06 -9.5723719e+05 
8.4994290e+06 9.6412920e+06 1.1254168e+07 
-2.8677678e+07 -3.2526610e+06 -2.6931830e+06 
-4.1567356e+07 -1.1921237e+07 1.1341529e+06 
-2.1786089e+05 4.3413960e+06 6.0839920e+06 
-1.8429092e+07 -1.6274470e+06 -1.1538075e+06 
-3.4662560e+07 -4.6504735e+06 -2.3755458e+06 
-2.0135384e+07 -1.9145846e+06 -1.5852346e+06 
1.3769748e+07 1.3735288e+07 1.4983672e+07 
-1.6822430e+07 -1.3190538e+06 -7.2834288e+05 
-5.3100455e+06 2.0367595e+06 3.5707090e+06 
1.0046538e+07 1.0828630e+07 1.2313054e+07 
-2.1952502e+07 -2.1826035e+06 -2.0262402e+06 
-8.7231310e+06 8.0637081e+05 2.0804509e+06 
-1.5305620e+07 -9.8772894e+05 -3.0576891e+05 
2.3228616e+07 2.2634746e+07 2.3027974e+07 
-4.2927776e+07 -2.2117826e+07 1.5084471e+06 
-2.2041908e+06 3.4328282e+06 5.0510880e+06 
-1.3870029e+07 -6.3221650e+05 1.1656589e+05 
-2.3893462e+07 -2.4341388e+06 -2.4811840e+06 
1.9109318e+07 1.8554342e+07 1.9309570e+07 
-3.1235250e+07 -3.5370720e+06 -3.1228652e+06 
1.7179304e+07 1.6770084e+07 1.7691406e+07 
1.1540132e+07 1.2047131e+07 1.3383657e+07 
2.0933094e+07 2.0344196e+07 2.0923352e+07 
1.5138906e+07 1.5010243e+07 1.6075666e+07 
-1.2507967e+07 -2.5163916e+05 5.4097100e+05 
-2.5973658e+07 -2.6723568e+06 -2.9554968e+06 
-7.5805820e+06 1.2825519e+06 2.5051080e+06 
4.2707090e+06 7.0258070e+06 8.6273950e+06 
-4.2902870e+06 2.5798862e+06 4.0058535e+06 
2.4992692e+06 5.9801260e+06 7.5870980e+06 
2.5116420e+07 2.4485904e+07 2.4346434e+07 
5.9719245e+06 8.1171495e+06 9.6726690e+06 
-4.2215360e+07 -8.3092380e+06 -6.2316175e+05 
-3.7992328e+07 -5.2178970e+06 -2.5817688e+06 
6.5091969e+05 4.9833165e+06 6.5481270e+06 
7.6088475e+06 9.2502810e+06 1.0725621e+07 
2.2654348e+07 2.2117882e+07 2.2522198e+07 
-4.5511316e+07 -1.5979752e+07 1.9741378e+06 
1.2983841e+07 1.3290389e+07 1.4465503e+07 
-1.1212540e+07 1.5454111e+05 9.6946275e+05 
-3.4048148e+07 -3.8411850e+06 -3.5706820e+06 
-2.8211678e+07 -2.9009818e+06 -3.4562295e+06 
-1.2817329e+06 4.0379728e+06 5.5058345e+06 
9.1866510e+06 1.0420619e+07 1.1788012e+07 
1.8437018e+07 1.8061574e+07 1.8795164e+07 
-6.4851070e+06 1.7836181e+06 2.9404310e+06 
1.6464364e+07 1.6292963e+07 1.7175126e+07 
-5.0256488e+07 -3.0231830e+07 2.5108440e+06 
2.0302174e+07 1.9839286e+07 2.0411244e+07 
2.4275854e+07 2.3851388e+07 2.4091924e+07 
-9.9775450e+06 5.8655950e+05 1.4037951e+06 
-1.9951516e+07 -1.7330192e+06 -2.0342945e+06 
1.0709761e+07 1.1622825e+07 1.2860657e+07 
-1.8295534e+07 -1.4466800e+06 -1.5654851e+06 
-3.3066815e+06 3.1460988e+06 4.4545005e+06 
1.4380575e+07 1.4551184e+07 1.5557077e+07 
-2.1708228e+07 -1.9968669e+06 -2.5166598e+06 
-3.0630498e+07 -3.1243385e+06 -3.9930112e+06 
-1.6731104e+07 -1.1363706e+06 -1.1056964e+06 
-4.1813152e+07 -5.9384660e+06 -2.6982112e+06 
2.2063112e+07 2.1605416e+07 2.2013734e+07 
-2.3575910e+07 -2.2401212e+06 -3.0181762e+06 
-4.6717736e+07 -1.0453205e+07 9.8305500e+04 
-1.5249961e+07 -8.0099169e+05 -6.5117569e+05 
-3.7178076e+07 -4.1769512e+06 -4.0431960e+06 
3.3020375e+06 6.6723205e+06 8.0785295e+06 
5.0358715e+06 7.7466545e+06 9.1320160e+06 
1.4966906e+06 5.6436060e+06 7.0276405e+06 
1.2181870e+07 1.2850778e+07 1.3943396e+07 
6.7041655e+06 8.8629340e+06 1.0191074e+07 
-2.5566054e+07 -2.4651488e+06 -3.5459322e+06 
-5.4323070e+06 2.3091018e+06 3.3872238e+06 
-8.7973850e+06 1.0443808e+06 1.8454780e+06 
-1.3844625e+07 -4.3978669e+05 -1.9877120e+05 
-3.8685047e+05 4.6635335e+06 5.9754140e+06 
-5.0002524e+07 -2.3002710e+07 2.6568562e+06 
1.7747514e+07 1.7574408e+07 1.8277952e+07 
-3.3259222e+07 -3.3474760e+06 -4.5797855e+06 
2.3722332e+07 2.3336932e+07 2.3589404e+07 
8.3121555e+06 1.0016792e+07 1.1257745e+07 
1.9654054e+07 1.9339568e+07 1.9896444e+07 
1.5732529e+07 1.5821519e+07 1.6655784e+07 
-2.7691604e+07 -2.6748572e+06 -4.1091922e+06 
-2.3558978e+06 3.7345070e+06 4.9169090e+06 
-1.2508307e+07 -5.2307656e+04 2.5418878e+05 
2.1454982e+07 2.1097392e+07 2.1502530e+07 
1.3605953e+07 1.4097570e+07 1.5035051e+07 
9.8643370e+06 1.1203136e+07 1.2333128e+07 
-7.6670085e+06 1.5277275e+06 2.2957882e+06 
-4.0717732e+07 -4.5608365e+06 -4.5526315e+06 
-4.6324716e+07 -6.9044040e+06 -2.6564742e+06 
-4.4182390e+06 2.8583162e+06 3.8460992e+06 
-2.9967124e+07 -2.8728388e+06 -4.7205130e+06 
-1.1234837e+07 3.6161622e+05 7.0997644e+05 
-3.6135596e+07 -3.5766255e+06 -5.2381225e+06 
-5.2106432e+07 -1.4136971e+07 1.4490318e+06 
2.3152488e+07 2.2825830e+07 2.3083920e+07 
1.1364474e+07 1.2416115e+07 1.3417366e+07 
4.0871180e+06 7.3787330e+06 8.5845710e+06 
2.3213448e+06 6.3207110e+06 7.5219885e+06 
1.7041156e+07 1.7092706e+07 1.7757930e+07 
-1.9748048e+07 -1.5898030e+06 -2.4309178e+06 
-2.1444206e+07 -1.8576376e+06 -2.9468405e+06 
1.8988960e+07 1.8844994e+07 1.9378934e+07 
5.7861735e+06 8.4787870e+06 9.6505670e+06 
4.8285778e+05 5.3081975e+06 6.4595805e+06 
-1.8142942e+07 -1.2977594e+06 -1.9306926e+06 
1.4984263e+07 1.5355535e+07 1.6133393e+07 
-2.3239200e+07 -2.1028682e+06 -3.4845655e+06 
7.4238005e+06 9.6167200e+06 1.0722284e+07 
-1.6621547e+07 -9.8034306e+05 -1.4412178e+06 
-1.4349900e+06 4.3440205e+06 5.3931460e+06 
-6.5818600e+06 2.0361039e+06 2.7557745e+06 
2.0830062e+07 2.0593842e+07 2.0988564e+07 
-6.2232776e+07 -3.5228784e+07 5.4778685e+06 
-3.2408756e+07 -3.0636970e+06 -5.3976035e+06 
-1.0018598e+07 8.0190706e+05 1.1705185e+06 
-2.5141164e+07 -2.3276365e+06 -4.0517745e+06 
1.2815608e+07 1.3649114e+07 1.4509609e+07 
-1.5176998e+07 -6.3676431e+05 -9.5841938e+05 
-4.4816296e+07 -5.0201625e+06 -5.1263745e+06 
9.0045640e+06 1.0787673e+07 1.1801099e+07 
-3.4393840e+06 3.4303760e+06 4.3174710e+06 
2.5044116e+07 2.4623686e+07 2.4380520e+07 
-3.9309412e+07 -3.8208578e+06 -6.0039510e+06 
-2.7158358e+07 -2.5347742e+06 -4.6583605e+06 
-5.1873608e+07 -8.2902235e+06 -2.3271045e+06 
2.2566302e+07 2.2318202e+07 2.2575444e+07 
-1.3802908e+07 -2.6655666e+05 -4.7890500e+05 
1.8307150e+07 1.8355494e+07 1.8858728e+07 
1.6318325e+07 1.6616319e+07 1.7235118e+07 
-8.8544870e+06 1.2682632e+06 1.6374326e+06 
1.0532300e+07 1.1986049e+07 1.2887447e+07 
-3.5033496e+07 -3.2538798e+06 -6.1665345e+06 
-5.5378425e+06 2.5688155e+06 3.2262592e+06 
-5.9170776e+07 -2.1594178e+07 3.5123868e+06 
-2.9298674e+07 -2.7280745e+06 -5.3173895e+06 
3.1264690e+06 7.0128955e+06 8.0304115e+06 
2.0188480e+07 2.0094794e+07 2.0471834e+07 
1.4220060e+07 1.4894781e+07 1.5607983e+07 
1.3294602e+06 5.9704650e+06 6.9578800e+06 
4.8556485e+06 8.0973785e+06 9.1041580e+06 
-1.2493354e+07 1.3046390e+05 1.6949297e+02 
-5.4137606e+05 4.9733625e+06 5.8830735e+06 
2.4198566e+07 2.3995274e+07 2.4124966e+07 
6.5223310e+06 9.2199710e+06 1.0181679e+07 
1.2010125e+07 1.3205516e+07 1.3980794e+07 
2.1963792e+07 2.1814158e+07 2.2063972e+07 
-2.4926210e+06 4.0242112e+06 4.8015445e+06 
-4.2845952e+07 -4.0980705e+06 -6.9422115e+06 
-3.1568546e+07 -2.9128108e+06 -6.0465835e+06 
-4.9737128e+07 -5.6187250e+06 -5.8375715e+06 
-7.7378710e+06 1.7601809e+06 2.1120510e+06 
-2.1175398e+07 -1.7513441e+06 -3.3200248e+06 
8.1311470e+06 1.0376036e+07 1.1264617e+07 
-1.9537560e+07 -1.4741844e+06 -2.7771975e+06 
-2.2901274e+07 -2.0050621e+06 -3.8853672e+06 
-3.7856432e+07 -3.4538772e+06 -7.0674105e+06 
-1.1242868e+07 5.5423281e+05 4.8119131e+05 
-1.7981982e+07 -1.1720814e+06 -2.2507778e+06 
-2.4720682e+07 -2.2374622e+06 -4.4808010e+06 
1.7608910e+07 1.7870998e+07 1.8335856e+07 
-5.9092900e+07 -1.0506524e+07 -1.4961751e+06 
-4.5312875e+06 3.1249855e+06 3.7078385e+06 
1.5579425e+07 1.6145084e+07 1.6709564e+07 
1.9530402e+07 1.9600258e+07 1.9952370e+07 
-1.6502871e+07 -8.4401956e+05 -1.7357748e+06 
9.6860090e+06 1.1560224e+07 1.2353689e+07 
-2.6638372e+07 -2.4515000e+06 -5.1158715e+06 
2.3633758e+07 2.3491650e+07 2.3621426e+07 
1.3440433e+07 1.4439016e+07 1.5079607e+07 
-3.3970588e+07 -3.0968010e+06 -6.8705960e+06 
2.1547040e+06 6.6486625e+06 7.4696390e+06 
-8.8959152e+07 -4.7009508e+07 9.3649550e+06 
-1.5094574e+07 -4.8937681e+05 -1.2280650e+06 
2.1344996e+07 2.1313802e+07 2.1549526e+07 
-1.0046417e+07 1.0044651e+06 9.6615438e+05 
3.9133520e+06 7.7182510e+06 8.5519240e+06 
3.2717791e+05 5.6210820e+06 6.3863410e+06 
-6.6645605e+06 2.2769718e+06 2.5954365e+06 
-2.8657518e+07 -2.6513090e+06 -5.8028025e+06 
5.6084855e+06 8.8261110e+06 9.6359950e+06 
-1.5752052e+06 4.6385805e+06 5.2983105e+06 
1.1190108e+07 1.2766466e+07 1.3448662e+07 
-4.6823268e+07 -4.4573020e+06 -8.1811005e+06 
-4.0881984e+07 -3.6841598e+06 -8.1645345e+06 
-5.6004872e+07 -6.5855030e+06 -6.9155115e+06 
-1.3751674e+07 -1.0785709e+05 -7.2421694e+05 
7.2447945e+06 9.9678250e+06 1.0723745e+07 
1.6894560e+07 1.7391412e+07 1.7810380e+07 
-3.5589280e+06 3.7035678e+06 4.2008795e+06 
1.4824894e+07 1.5678825e+07 1.6181329e+07 
1.8856020e+07 1.9110238e+07 1.9430220e+07 
2.3053114e+07 2.2990568e+07 2.3114496e+07 
-3.6498344e+07 -3.2926592e+06 -7.8244425e+06 
-3.0778194e+07 -2.8427935e+06 -6.5574785e+06 
-8.8993860e+06 1.4806785e+06 1.4567038e+06 
-6.9041704e+07 -1.5663851e+07 -3.2614941e+05 
8.8262660e+06 1.1138275e+07 1.1816156e+07 
1.2645920e+07 1.3987987e+07 1.4548332e+07 
2.0709986e+07 2.0817226e+07 2.1032148e+07 
-1.2469034e+07 3.0056016e+05 -2.2136552e+05 
-5.6307840e+06 2.8177785e+06 3.0883922e+06 
-2.2574048e+07 -1.9336454e+06 -4.2272020e+06 
-2.0912152e+07 -1.6675129e+06 -3.6409278e+06 
-2.4318286e+07 -2.1782295e+06 -4.8424320e+06 
-1.9329038e+07 -1.3777006e+06 -3.0765405e+06 
-3.2994562e+07 -3.0346898e+06 -7.4007520e+06 
1.1725706e+06 6.2855655e+06 6.9023765e+06 
2.9600235e+06 7.3409525e+06 7.9939620e+06 
-4.4076488e+07 -3.9913740e+06 -9.5639000e+06 
-2.6147184e+07 -2.4043095e+06 -5.4953140e+06 
-1.7820470e+07 -1.0627556e+06 -2.5282430e+06 
1.0356175e+07 1.2331644e+07 1.2913286e+07 
-6.8475169e+05 5.2720795e+06 5.8075370e+06 
-5.1287144e+07 -5.0651870e+06 -9.9952150e+06 
2.4944042e+07 2.4735716e+07 2.4387936e+07 
4.6829885e+06 8.4347110e+06 9.0853130e+06 
2.2456592e+07 2.2492210e+07 2.2604216e+07 
-3.9124340e+07 -3.5226230e+06 -8.9582200e+06 
1.6164449e+07 1.6916632e+07 1.7282380e+07 
-7.7975685e+06 1.9822128e+06 1.9541661e+06 
-1.1241836e+07 7.3565881e+05 2.8287656e+05 
1.8165564e+07 1.8624720e+07 1.8905458e+07 
-2.6178808e+06 4.3033565e+06 4.7055190e+06 
1.4055195e+07 1.5217351e+07 1.5650497e+07 
-1.6381893e+07 -7.2174588e+05 -1.9912426e+06 
-2.8060876e+07 -2.6162048e+06 -6.1966320e+06 
6.3462080e+06 9.5626340e+06 1.0178555e+07 
-6.4808772e+07 -9.0927430e+06 -9.1919640e+06 
2.0058870e+07 2.0324510e+07 2.0511910e+07 
-3.5289444e+07 -3.2404860e+06 -8.3599650e+06 
-4.6331680e+06 3.3815852e+06 3.5914672e+06 
1.1837081e+07 1.3541424e+07 1.4014244e+07 
-1.5008659e+07 -3.5415050e+05 -1.4615531e+06 
7.9537445e+06 1.0719831e+07 1.1274923e+07 
-3.0055760e+07 -2.8200835e+06 -6.9598105e+06 
2.4095086e+07 2.4113746e+07 2.4131670e+07 
-1.0065594e+07 1.1970169e+06 7.9048269e+05 
-1.4050925e+08 -7.7577504e+07 1.4099108e+07 
2.1844182e+07 2.1996746e+07 2.2090658e+07 
-6.7371465e+06 2.5082450e+06 2.4595715e+06 
-4.7279076e+07 -4.4906430e+06 -1.1436116e+07 
-4.1771736e+07 -3.8286000e+06 -1.0341536e+07 
9.5089570e+06 1.1900721e+07 1.2374748e+07 
-1.3696170e+07 4.0219023e+04 -9.3584819e+05 
1.5418962e+07 1.6446538e+07 1.6751952e+07 
1.7459298e+07 1.8143676e+07 1.8378182e+07 
1.9963764e+06 6.9650415e+06 7.4303820e+06 
1.8077884e+05 5.9231505e+06 6.3287665e+06 
-3.2121842e+07 -3.0248830e+06 -7.8014955e+06 
-5.5933984e+07 -6.5354390e+06 -1.2977407e+07 
3.7465482e+06 8.0453440e+06 8.5297240e+06 
-3.7623688e+07 -3.4818460e+06 -9.4700060e+06 
-1.7056282e+06 4.9229960e+06 5.2216600e+06 
1.3270821e+07 1.4760454e+07 1.5117168e+07 
1.9391782e+07 1.9835722e+07 1.9988906e+07 
-2.2264886e+07 -1.8790401e+06 -4.5169740e+06 
-2.3941824e+07 -2.1382495e+06 -5.1460065e+06 
-2.0661208e+07 -1.5982740e+06 -3.9147215e+06 
5.4360840e+06 9.1600610e+06 9.6291320e+06 
-3.6687190e+06 3.9672278e+06 4.1049615e+06 
-2.5692776e+07 -2.3789258e+06 -5.8094735e+06 
-8.9361660e+06 1.6840301e+06 1.3030580e+06 
-1.9128574e+07 -1.2938580e+06 -3.3328782e+06 
2.3520580e+07 2.3620718e+07 2.3627760e+07 
-8.7025664e+07 -2.0207534e+07 -3.9524965e+06 
-1.2439980e+07 4.6127684e+05 -4.1135378e+05 
1.1014496e+07 1.3099048e+07 1.3477438e+07 
2.1215904e+07 2.1504330e+07 2.1573908e+07 
7.0691175e+06 1.0304516e+07 1.0730075e+07 
-2.7516112e+07 -2.6053645e+06 -6.5165720e+06 
-3.4238124e+07 -3.2437808e+06 -8.7418640e+06 
-1.7663878e+07 -9.6439619e+05 -2.7661252e+06 
-5.7146835e+06 3.0578015e+06 2.9736680e+06 
-4.4245056e+07 -4.2901710e+06 -1.2057723e+07 
1.6737517e+07 1.7667060e+07 1.7848514e+07 
1.4658515e+07 1.5980991e+07 1.6219218e+07 
-2.9406418e+07 -2.8236365e+06 -7.2782910e+06 
-3.9914940e+07 -3.7941790e+06 -1.0771254e+07 
-4.9894068e+07 -5.4512315e+06 -1.3995827e+07 
-1.6263510e+07 -6.0902638e+05 -2.2100115e+06 
8.6490960e+06 1.1473357e+07 1.1833142e+07 
1.8708900e+07 1.9350912e+07 1.9463250e+07 
-1.1235850e+07 9.0870631e+05 1.1423056e+05 
1.2472291e+07 1.4307913e+07 1.4581456e+07 
-7.8497550e+06 2.1959312e+06 1.8218716e+06 
1.0230905e+06 6.5900885e+06 6.8613090e+06 
2.2930522e+07 2.3129566e+07 2.3120068e+07 
-8.2000606e+05 5.5609855e+06 5.7489700e+06 
2.7998525e+06 7.6575920e+06 7.9693295e+06 
-6.3300704e+07 -7.5038130e+06 -1.5253563e+07 
-3.6364584e+07 -3.4964158e+06 -9.8038360e+06 
-3.1352244e+07 -3.0423292e+06 -8.1075295e+06 
-2.7348100e+06 4.5734005e+06 4.6289255e+06 
2.0571812e+07 2.1015108e+07 2.1054082e+07 
-1.4923627e+07 -2.2730466e+05 -1.6608048e+06 
4.5151075e+06 8.7597020e+06 9.0755670e+06 
1.0178763e+07 1.2660565e+07 1.2938021e+07 
-4.7271110e+06 3.6297672e+06 3.4969308e+06 
6.1730585e+06 9.8919520e+06 1.0181704e+07 
-1.0079796e+07 1.3819931e+06 6.4278994e+05 
1.6000559e+07 1.7194810e+07 1.7316590e+07 
-2.3595114e+07 -2.1093555e+06 -5.3999520e+06 
-4.1995460e+07 -4.2330020e+06 -1.2295620e+07 
1.3883559e+07 1.5519835e+07 1.5684311e+07 
-2.1977854e+07 -1.8343598e+06 -4.7611670e+06 
-3.3332548e+07 -3.2736015e+06 -9.0187750e+06 
-4.6060044e+07 -5.0375290e+06 -1.4142643e+07 
-1.3640310e+07 1.8087912e+05 -1.1153791e+06 
1.8010434e+07 1.8870114e+07 1.8935084e+07 
-2.5278210e+07 -2.3657090e+06 -6.0694010e+06 
2.2324860e+07 2.2640520e+07 2.2608708e+07 
-2.0426610e+07 -1.5378276e+06 -4.1464495e+06 
-6.8029115e+06 2.7318035e+06 2.3478810e+06 
2.4817200e+07 2.4822472e+07 2.4369226e+07 
-3.8428216e+07 -3.8117038e+06 -1.1008910e+07 
7.7772415e+06 1.1049205e+07 1.1288566e+07 
-2.7024636e+07 -2.6075160e+06 -6.7772105e+06 
-5.1683460e+07 -5.2553635e+06 -1.6122919e+07 
1.1660150e+07 1.3859488e+07 1.4043486e+07 
-1.8940036e+07 -1.2177661e+06 -3.5501830e+06 
1.9911996e+07 2.0529214e+07 2.0531318e+07 
-2.8828348e+07 -2.8404955e+06 -7.5322280e+06 
4.0808172e+04 6.2156835e+06 6.2868775e+06 
1.8435614e+06 7.2710475e+06 7.4042410e+06 
-1.8291699e+06 5.1986615e+06 5.1631635e+06 
-1.2409697e+07 6.1536325e+05 -5.7112844e+05 
-8.9681130e+06 1.8804504e+06 1.1758365e+06 
-1.7515820e+07 -8.7286569e+05 -2.9675995e+06 
-3.5311052e+07 -3.5345445e+06 -1.0026635e+07 
9.3304990e+06 1.2225668e+07 1.2396108e+07 
3.5839465e+06 8.3611605e+06 8.5179580e+06 
-3.7717212e+06 4.2228930e+06 4.0295705e+06 
-3.0677978e+07 -3.0725588e+06 -8.3443210e+06 
2.3965948e+07 2.4207120e+07 2.4112474e+07 
1.5248796e+07 1.6726842e+07 1.6782568e+07 
2.1703570e+07 2.2153798e+07 2.2093814e+07 
1.7296636e+07 1.8393344e+07 1.8404570e+07 
5.2662335e+06 9.4817580e+06 9.6299040e+06 
1.3094574e+07 1.5062893e+07 1.5147380e+07 
-4.3534872e+07 -4.8679795e+06 -1.4014268e+07 
-1.6151063e+07 -5.0234309e+05 -2.3946592e+06 
-5.7925330e+06 3.2905928e+06 2.8817472e+06 
-4.0300164e+07 -4.2292305e+06 -1.2363884e+07 
-4.7038472e+07 -4.9616295e+06 -1.5803826e+07 
1.9236582e+07 2.0046762e+07 2.0005776e+07 
-1.1228059e+07 1.0757602e+06 -2.5900424e+04 
1.0834968e+07 1.3414923e+07 1.3503393e+07 
6.8940465e+06 1.0627911e+07 1.0741124e+07 
-3.2554184e+07 -3.3145405e+06 -9.2237880e+06 
-3.7227668e+07 -3.8484498e+06 -1.1141611e+07 
-7.8973970e+06 2.4032370e+06 1.7145409e+06 
-1.4842541e+07 -1.0582738e+05 -1.8279496e+06 
2.3382894e+07 2.3724480e+07 2.3608650e+07 
-2.3279306e+07 -2.0859251e+06 -5.6114850e+06 
-2.4903510e+07 -2.3582420e+06 -6.2842085e+06 
2.1066662e+07 2.1669612e+07 2.1575548e+07 
-2.1714730e+07 -1.7947245e+06 -4.9655295e+06 
-9.4987300e+05 5.8414365e+06 5.7072325e+06 
8.7830294e+05 6.8853165e+06 6.8345730e+06 
8.4703320e+06 1.1794041e+07 1.1851816e+07 
-2.6584524e+07 -2.6154545e+06 -6.9900745e+06 
-2.8461565e+06 4.8357995e+06 4.5715370e+06 
1.4482638e+07 1.6263050e+07 1.6246624e+07 
2.6432500e+06 7.9640455e+06 7.9564045e+06 
1.6567795e+07 1.7920596e+07 1.7871892e+07 
-3.4425836e+07 -3.5810012e+06 -1.0179803e+07 
-2.0210436e+07 -1.4819594e+06 -4.3407285e+06 
-2.8316378e+07 -2.8627805e+06 -7.7361600e+06 
1.2292074e+07 1.4609970e+07 1.4608585e+07 
-1.0091861e+07 1.5614912e+06 5.2205262e+05 
-4.1764632e+07 -4.7905130e+06 -1.3825356e+07 
-4.8158600e+06 3.8711130e+06 3.4238490e+06 
-1.3586888e+07 3.1672450e+05 -1.2646025e+06 
4.3493000e+06 9.0735560e+06 9.0747730e+06 
1.8545734e+07 1.9567846e+07 1.9477646e+07 
-4.4468544e+07 -5.0042540e+06 -1.5280108e+07 
-1.8765612e+07 -1.1457900e+06 -3.7322015e+06 
-3.8986740e+07 -4.2442845e+06 -1.2359818e+07 
-3.0088548e+07 -3.1073058e+06 -8.5299870e+06 
9.9973370e+06 1.2973946e+07 1.2961317e+07 
-6.8645530e+06 2.9493720e+06 2.2597550e+06 
2.2784406e+07 2.3243184e+07 2.3100698e+07 
6.0001665e+06 1.0209117e+07 1.0190919e+07 
2.0414182e+07 2.1188152e+07 2.1054092e+07 
-1.7378484e+07 -7.8502388e+05 -3.1357415e+06 
-3.6244864e+07 -3.8906875e+06 -1.1216849e+07 
-1.2380733e+07 7.6509000e+05 -7.0222719e+05 
-3.1884040e+07 -3.3584852e+06 -9.3788840e+06 
1.5824245e+07 1.7451844e+07 1.7337246e+07 
1.3702533e+07 1.5803309e+07 1.5708943e+07 
-8.9978010e+06 2.0718116e+06 1.0741110e+06 
7.5989015e+06 1.1365354e+07 1.1305264e+07 
-9.5332070e+04 6.5000225e+06 6.2604440e+06 
-1.9484058e+06 5.4669815e+06 5.1225245e+06 
-1.6046664e+07 -3.9897153e+05 -2.5477452e+06 
1.7839664e+07 1.9092546e+07 1.8947130e+07 
1.1476604e+07 1.4160850e+07 1.4068091e+07 
1.6936399e+06 7.5679775e+06 7.3910075e+06 
-4.2823692e+07 -5.0746075e+06 -1.4837237e+07 
-3.8704750e+06 4.4720545e+06 3.9742898e+06 
-4.0445920e+07 -4.7491015e+06 -1.3640694e+07 
2.2170422e+07 2.2763512e+07 2.2588802e+07 
-3.3676808e+07 -3.6285992e+06 -1.0288573e+07 
3.4229005e+06 8.6669710e+06 8.5164060e+06 
2.4664178e+07 2.4884052e+07 2.4324554e+07 
-2.4566934e+07 -2.3523008e+06 -6.4612040e+06 
-5.8668065e+06 3.5177442e+06 2.8120298e+06 
-3.7940376e+07 -4.2654225e+06 -1.2327357e+07 
1.9746216e+07 2.0709598e+07 2.0529654e+07 
-2.2993870e+07 -2.0641300e+06 -5.7865985e+06 
-2.6192154e+07 -2.6246232e+06 -7.1640600e+06 
-1.1220786e+07 1.2388274e+06 -1.3886005e+05 
9.1478700e+06 1.2536270e+07 1.2417400e+07 
-1.4767405e+07 1.2660832e+04 -1.9651484e+06 
-2.1475738e+07 -1.7567140e+06 -5.1349875e+06 
-2.7864012e+07 -2.8857468e+06 -7.9008170e+06 
5.0962520e+06 9.7924630e+06 9.6380520e+06 
-7.9428420e+06 2.6058295e+06 1.6313159e+06 
-2.0013374e+07 -1.4276378e+06 -4.5016285e+06 
1.5066359e+07 1.6987040e+07 1.6800852e+07 
-2.9573160e+07 -3.1418970e+06 -8.6772290e+06 
1.2908965e+07 1.5347468e+07 1.5169723e+07 
-3.5428680e+07 -3.9328308e+06 -1.1260389e+07 
1.7118620e+07 1.8620916e+07 1.8414460e+07 
2.1540914e+07 2.2285732e+07 2.2073166e+07 
6.7168550e+06 1.0939271e+07 1.0756570e+07 
2.3811292e+07 2.4275368e+07 2.4067446e+07 
1.0648735e+07 1.3715297e+07 1.3526069e+07 
-1.8606260e+07 -1.0752515e+06 -3.8823230e+06 
-4.1619444e+07 -5.1203555e+06 -1.4487531e+07 
-1.3537784e+07 4.4985188e+05 -1.3853685e+06 
-3.1305024e+07 -3.4012170e+06 -9.4985400e+06 
-1.0767964e+06 6.1148110e+06 5.6819715e+06 
-1.0103913e+07 1.7373101e+06 4.2707628e+05 
1.9062886e+07 2.0234106e+07 2.0002468e+07 
-3.9415472e+07 -4.7242950e+06 -1.3478002e+07 
-2.9542995e+06 5.0919845e+06 4.5329055e+06 
7.3570775e+05 7.1725910e+06 6.8218645e+06 
-4.9017055e+06 4.1071190e+06 3.3716265e+06 
2.4876588e+06 8.2616345e+06 7.9548930e+06 
8.2871960e+06 1.2101594e+07 1.1871781e+07 
-1.7252968e+07 -6.9850388e+05 -3.2734010e+06 
-3.7086428e+07 -4.2881085e+06 -1.2286155e+07 
-3.3038064e+07 -3.6740262e+06 -1.0368307e+07 
-6.9242290e+06 3.1625190e+06 2.1943900e+06 
4.1829465e+06 9.3775870e+06 9.0826190e+06 
1.4294555e+07 1.6526102e+07 1.6262938e+07 
2.3220418e+07 2.3802936e+07 2.3563970e+07 
2.0895896e+07 2.1810098e+07 2.1554020e+07 
1.6382897e+07 1.8152984e+07 1.7879880e+07 
-1.2354838e+07 9.1232512e+05 -8.0625794e+05 
1.2102455e+07 1.4895353e+07 1.4629167e+07 
-1.5951469e+07 -2.9681228e+05 -2.6716910e+06 
-2.5843156e+07 -2.6321675e+06 -7.3059425e+06 
-2.4265764e+07 -2.3451292e+06 -6.6061600e+06 
-9.0271800e+06 2.2597518e+06 9.9680369e+05 
5.8248425e+06 1.0515449e+07 1.0205843e+07 
1.8364366e+07 1.9761816e+07 1.9472786e+07 
9.8090670e+06 1.3273057e+07 1.2982692e+07 
-2.7464512e+07 -2.9065680e+06 -8.0340485e+06 
-2.2737230e+07 -2.0413856e+06 -5.9301790e+06 
-3.4741876e+07 -3.9727325e+06 -1.1286289e+07 
-4.0673856e+07 -5.1461490e+06 -1.4212948e+07 
-2.9121752e+07 -3.1737230e+06 -8.7949020e+06 
-2.1260084e+07 -1.7179488e+06 -5.2736735e+06 
-3.8581460e+07 -4.7088625e+06 -1.3339692e+07 
-2.0655914e+06 5.7293525e+06 5.0992695e+06 
-2.2999125e+05 6.7775375e+06 6.2490665e+06 
-3.9671260e+06 4.7161430e+06 3.9385282e+06 
2.2614076e+07 2.3331466e+07 2.3056082e+07 
7.4159595e+06 1.1669603e+07 1.1324597e+07 
-1.4699381e+07 1.3003439e+05 -2.0744812e+06 
-1.1215659e+07 1.3995935e+06 -2.2606458e+05 
2.0235410e+07 2.1336846e+07 2.1031620e+07 
1.5441735e+06 7.8571890e+06 7.3903170e+06 
-3.0802558e+07 -3.4405870e+06 -9.5922880e+06 
-1.9835154e+07 -1.3726950e+06 -4.6326555e+06 
-5.9395055e+06 3.7407298e+06 2.7637548e+06 
1.3509292e+07 1.6068932e+07 1.5723746e+07 
1.5632839e+07 1.7688756e+07 1.7343654e+07 
-3.6375744e+07 -4.3108255e+06 -1.2244898e+07 
1.1283560e+07 1.4446767e+07 1.4087484e+07 
3.2608805e+06 8.9641310e+06 8.5247040e+06 
1.7650866e+07 1.9292840e+07 1.8940886e+07 
-7.9878920e+06 2.8052238e+06 1.5712126e+06 
-3.2489186e+07 -3.7158235e+06 -1.0428403e+07 
-1.8462052e+07 -1.0041863e+06 -4.0035362e+06 
8.9582250e+06 1.2833853e+07 1.2438125e+07 
4.9235135e+06 1.0093539e+07 9.6531850e+06 
-1.3494134e+07 5.8195006e+05 -1.4794848e+06 
-3.9898852e+07 -5.1604770e+06 -1.3994389e+07 
2.1992210e+07 2.2861278e+07 2.2544032e+07 
-1.0117466e+07 1.9109926e+06 3.5659869e+05 
1.9559552e+07 2.0866196e+07 2.0506242e+07 
-1.7139558e+07 -6.1152619e+05 -3.3831440e+06 
2.4485108e+07 2.4920110e+07 2.4253650e+07 
-3.4157256e+07 -4.0096650e+06 -1.1302261e+07 
-3.7889220e+07 -4.6998355e+06 -1.3223827e+07 
6.5348140e+06 1.1239969e+07 1.0775973e+07 
-3.0612732e+06 5.3433465e+06 4.5124470e+06 
1.2711070e+07 1.5615399e+07 1.5183521e+07 
-1.2029439e+06 6.3824895e+06 5.6726975e+06 
1.4868833e+07 1.7228208e+07 1.6806058e+07 
-2.5532944e+07 -2.6363188e+06 -7.4208560e+06 
-2.7111404e+07 -2.9235828e+06 -8.1415765e+06 
-4.9865255e+06 4.3391930e+06 3.3395418e+06 
-2.3996812e+07 -2.3349458e+06 -6.7235955e+06 
5.9301456e+05 7.4532895e+06 6.8227495e+06 
1.0452871e+07 1.4001487e+07 1.3544878e+07 
1.6922654e+07 1.8827268e+07 1.8407064e+07 
-2.8725336e+07 -3.2013560e+06 -8.8891810e+06 
-2.2507206e+07 -2.0159595e+06 -6.0461675e+06 
-1.2333107e+07 1.0586071e+06 -8.8480750e+05 
-6.9836180e+06 3.3726695e+06 2.1508805e+06 
2.3306670e+06 8.5517420e+06 7.9643835e+06 
-1.5865900e+07 -1.9424780e+05 -2.7687160e+06 
2.1354794e+07 2.2392684e+07 2.2028092e+07 
-3.5775004e+07 -4.3331050e+06 -1.2207221e+07 
-3.0364436e+07 -3.4755400e+06 -9.6664270e+06 
-2.1066312e+07 -1.6767812e+06 -5.3850115e+06 
2.3630826e+07 2.4318028e+07 2.3996214e+07 
8.0968520e+06 1.2397395e+07 1.1892529e+07 
1.8868452e+07 2.0398346e+07 1.9978190e+07 
-9.0576630e+06 2.4457040e+06 9.4277912e+05 
4.0135105e+06 9.6731920e+06 9.0986830e+06 
-3.9247360e+07 -5.1694725e+06 -1.3818159e+07 
-3.2014098e+07 -3.7534068e+06 -1.0474639e+07 
-1.9674836e+07 -1.3155858e+06 -4.7367830e+06 
1.4091317e+07 1.6771287e+07 1.6267382e+07 
-1.4638968e+07 2.4777319e+05 -2.1578838e+06 
1.1900435e+07 1.5165343e+07 1.4642513e+07 
5.6444200e+06 1.0812357e+07 1.0226022e+07 
1.6180038e+07 1.8365160e+07 1.7871630e+07 
-1.1213721e+07 1.5594784e+06 -2.8891984e+05 
-3.7304036e+07 -4.6957335e+06 -1.3127489e+07 
2.0701848e+07 2.1925982e+07 2.1508564e+07 
9.6110080e+06 1.3559266e+07 1.3001551e+07 
-2.1826838e+06 5.9871440e+06 5.0928290e+06 
-3.3654620e+07 -4.0434590e+06 -1.1312518e+07 
-4.0634580e+06 4.9565245e+06 3.9216030e+06 
2.3032434e+07 2.3855688e+07 2.3493172e+07 
-3.6528341e+05 7.0496080e+06 6.2522500e+06 
-1.8332412e+07 -9.3115344e+05 -4.0984310e+06 
-6.0122115e+06 3.9609108e+06 2.7360870e+06 
1.8162296e+07 1.9933468e+07 1.9447790e+07 
1.3928960e+06 8.1400775e+06 7.4017145e+06 
7.2256120e+06 1.1963371e+07 1.1346052e+07 
-8.0338730e+06 3.0027728e+06 1.5332038e+06 
-1.3456477e+07 7.1438519e+05 -1.5486522e+06 
-2.6798674e+07 -2.9358348e+06 -8.2275755e+06 
-2.5256990e+07 -2.6359950e+06 -7.5126805e+06 
-3.5260780e+07 -4.3548090e+06 -1.2174380e+07 
3.0954668e+06 9.2540580e+06 8.5424080e+06 
-2.8376018e+07 -3.2240420e+06 -8.9643870e+06 
-1.7037938e+07 -5.2274919e+05 -3.4672340e+06 
-2.3756692e+07 -2.3206078e+06 -6.8170365e+06 
1.3300775e+07 1.6317907e+07 1.5727918e+07 
-3.8690556e+07 -5.1766730e+06 -1.3674748e+07 
-1.0133514e+07 2.0838669e+06 3.0936569e+05 
-2.9980472e+07 -3.5055958e+06 -9.7251310e+06 
1.1077969e+07 1.4718577e+07 1.4100969e+07 
2.0033430e+07 2.1461446e+07 2.0985774e+07 
1.5423385e+07 1.7906544e+07 1.7334916e+07 
2.2418420e+07 2.3394072e+07 2.2985500e+07 
-2.2301282e+07 -1.9866955e+06 -6.1377250e+06 
4.7454395e+06 1.0386424e+07 9.6748390e+06 
8.7586220e+06 1.3119835e+07 1.2457693e+07 
-3.1600020e+07 -3.7865955e+06 -1.0510572e+07 
1.7441316e+07 1.9471712e+07 1.8915392e+07 
-3.6802500e+07 -4.6956430e+06 -1.3047809e+07 
-2.0892556e+07 -1.6320726e+06 -5.4718150e+06 
-1.5789815e+07 -9.0025359e+04 -2.8408092e+06 
-3.1687968e+06 5.5912270e+06 4.5095185e+06 
-1.2316095e+07 1.2052110e+06 -9.3938056e+05 
-5.0718260e+06 4.5686545e+06 3.3268245e+06 
-1.3302260e+06 6.6458360e+06 5.6788600e+06 
-3.3218622e+07 -4.0741430e+06 -1.1319305e+07 
-7.0439765e+06 3.5811190e+06 2.1282950e+06 
4.4812953e+05 7.7288045e+06 6.8367375e+06 
6.3451805e+06 1.1531458e+07 1.0798825e+07 
2.1788732e+07 2.2933544e+07 2.2473516e+07 
-1.9531032e+07 -1.2552055e+06 -4.8165085e+06 
1.9349644e+07 2.0999334e+07 2.0460074e+07 
1.2497743e+07 1.5867951e+07 1.5187965e+07 
-9.0901960e+06 2.6309285e+06 9.1091394e+05 
2.1699985e+06 8.8357920e+06 7.9844120e+06 
1.4653111e+07 1.7451420e+07 1.6797260e+07 
1.0244296e+07 1.4274883e+07 1.3559129e+07 
2.4279618e+07 2.4929776e+07 2.4155736e+07 
-1.4586143e+07 3.6705400e+05 -2.2171118e+06 
-3.4815964e+07 -4.3758770e+06 -1.2146489e+07 
-3.8209172e+07 -5.1839990e+06 -1.3557462e+07 
1.6705799e+07 1.9013190e+07 1.8381356e+07 
7.8963880e+06 1.2682901e+07 1.1913482e+07 
-1.8216310e+07 -8.5509075e+05 -4.1692230e+06 
3.8385288e+06 9.9618230e+06 9.1225000e+06 
-1.1215531e+07 1.7196856e+06 -3.2876322e+05 
-2.6520816e+07 -2.9427902e+06 -8.2950970e+06 
-2.8066882e+07 -3.2414065e+06 -9.0235460e+06 
-2.5010950e+07 -2.6305460e+06 -7.5843520e+06 
2.1143360e+07 2.2474454e+07 2.1957566e+07 
-2.9642106e+07 -3.5305690e+06 -9.7711760e+06 
1.8650642e+07 2.0539880e+07 1.9931840e+07 
-4.1609265e+06 5.1944950e+06 3.9228078e+06 
-2.3541986e+07 -2.3013885e+06 -6.8892305e+06 
-2.3013642e+06 6.2416905e+06 5.1026030e+06 
-3.6367932e+07 -4.6988880e+06 -1.2982215e+07 
2.3423766e+07 2.4334144e+07 2.3897910e+07 
-6.0861280e+06 4.1795452e+06 2.7281838e+06 
5.4562420e+06 1.1101320e+07 1.0250958e+07 
-3.1236616e+07 -3.8153828e+06 -1.0538373e+07 
-5.0310438e+05 7.3176080e+06 6.2694710e+06 
1.1682801e+07 1.5421267e+07 1.4647816e+07 
-1.3424872e+07 8.4827175e+05 -1.5944271e+06 
-1.6947336e+07 -4.3115359e+05 -3.5276395e+06 
1.3869690e+07 1.6999746e+07 1.6259008e+07 
-8.0816960e+06 3.1996880e+06 1.5162826e+06 
-2.2116766e+07 -1.9528239e+06 -6.2073790e+06 
9.4000760e+06 1.3834016e+07 1.3017224e+07 
1.2377002e+06 8.4180580e+06 7.4247225e+06 
1.5956088e+07 1.8557990e+07 1.7846072e+07 
-3.2837290e+07 -4.1017928e+06 -1.1323732e+07 
-1.0152610e+07 2.2570835e+06 2.8418616e+05 
2.0482334e+07 2.2017140e+07 2.1438020e+07 
-2.0736684e+07 -1.5830331e+06 -5.5363850e+06 
7.0250030e+06 1.2248153e+07 1.1369074e+07 
-3.7789284e+07 -5.1924210e+06 -1.3461391e+07 
2.9243372e+06 9.5382060e+06 8.5690540e+06 
2.2817740e+07 2.3881856e+07 2.3395210e+07 
1.7936634e+07 2.0083286e+07 1.9401474e+07 
-1.5722635e+07 1.6834900e+04 -2.8897218e+06 
-3.4427576e+07 -4.3962445e+06 -1.2123108e+07 
-1.2303915e+07 1.3532024e+06 -9.7136000e+05 
-1.9402050e+07 -1.1907594e+06 -4.8739130e+06 
1.3073647e+07 1.6551449e+07 1.5720512e+07 
1.0856577e+07 1.4977668e+07 1.4107759e+07 
4.5594850e+06 1.0672609e+07 9.7025360e+06 
-5.1587785e+06 4.7967410e+06 3.3327185e+06 
-3.2783000e+06 5.8369155e+06 4.5234815e+06 
1.5192583e+07 1.8106158e+07 1.7309930e+07 
-7.1061880e+06 3.7890475e+06 2.1257352e+06 
-1.4603169e+06 6.9061930e+06 5.6999110e+06 
8.5460000e+06 1.3395702e+07 1.2475464e+07 
-3.5987816e+07 -4.7049120e+06 -1.2928452e+07 
-2.7791840e+07 -3.2532848e+06 -9.0687820e+06 
1.9805730e+07 2.1561914e+07 2.0915282e+07 
-2.6272808e+07 -2.9441655e+06 -8.3463735e+06 
-2.9342054e+07 -3.5504200e+06 -9.8063940e+06 
2.2195830e+07 2.3430208e+07 2.2887746e+07 
2.9913947e+05 8.0005295e+06 6.8633410e+06 
-9.1253320e+06 2.8165388e+06 9.0014888e+05 
-1.4540469e+07 4.8882316e+05 -2.2537255e+06 
-2.4790704e+07 -2.6195888e+06 -7.6380930e+06 
-1.8112380e+07 -7.7520669e+05 -4.2177890e+06 
-3.0915368e+07 -3.8398260e+06 -1.0559338e+07 
1.7207882e+07 1.9629728e+07 1.8869394e+07 
6.1451795e+06 1.1815258e+07 1.0824602e+07 
-2.3349320e+07 -2.2768292e+06 -6.9423155e+06 
2.0034976e+06 9.1152290e+06 8.0145245e+06 
-1.1221240e+07 1.8812448e+06 -3.4682331e+05 
-3.2501026e+07 -4.1264760e+06 -1.1326244e+07 
-3.7420248e+07 -5.2023655e+06 -1.3382781e+07 
1.2265564e+07 1.6106415e+07 1.5182120e+07 
1.0019742e+07 1.4536934e+07 1.3568070e+07 
-2.1950884e+07 -1.9138302e+06 -6.2571425e+06 
1.4415747e+07 1.7657706e+07 1.6773339e+07 
1.9113678e+07 2.1109068e+07 2.0389776e+07 
-1.6866644e+07 -3.3595481e+05 -3.5660498e+06 
2.1557998e+07 2.2979604e+07 2.2375902e+07 
-3.4085432e+07 -4.4158170e+06 -1.2103531e+07 
3.6555952e+06 1.0244974e+07 9.1536160e+06 
-1.3398984e+07 9.8452962e+05 -1.6181994e+06 
7.6827900e+06 1.2959639e+07 1.1934041e+07 
-4.2606905e+06 5.4312850e+06 3.9414748e+06 
-6.1621245e+06 4.3977960e+06 2.7392515e+06 
-2.4230635e+06 6.4942875e+06 5.1280275e+06 
1.6464711e+07 1.9179346e+07 1.8336046e+07 
-2.0596408e+07 -1.5291098e+06 -5.5805915e+06 
2.4046778e+07 2.4911592e+07 2.4029468e+07 
-8.1319090e+06 3.3970585e+06 1.5195132e+06 
-6.4514988e+05 7.5828975e+06 6.3002420e+06 
-3.5652368e+07 -4.7132255e+06 -1.2884537e+07 
5.2576420e+06 1.1383871e+07 1.0280167e+07 
-1.0174936e+07 2.4316470e+06 2.7997247e+05 
-1.5663443e+07 1.2711030e+05 -2.9169712e+06 
1.0766222e+06 8.6925530e+06 7.4589015e+06 
2.0904252e+07 2.2530436e+07 2.1860096e+07 
1.1446077e+07 1.5664488e+07 1.4644174e+07 
1.8406358e+07 2.0658866e+07 1.9861960e+07 
-1.9285978e+07 -1.1216674e+06 -4.9107190e+06 
-2.9074026e+07 -3.5651740e+06 -9.8319840e+06 
-2.7545478e+07 -3.2596235e+06 -9.1015820e+06 
1.3626100e+07 1.7212602e+07 1.6236707e+07 
9.1730120e+06 1.4098807e+07 1.3029003e+07 
-3.0629112e+07 -3.8599948e+06 -1.0574190e+07 
-1.2296313e+07 1.5034815e+06 -9.8198106e+05 
-2.6050048e+07 -2.9398200e+06 -8.3830390e+06 
2.3188778e+07 2.4322178e+07 2.3771100e+07 
-3.7093520e+07 -5.2139405e+06 -1.3318642e+07 
2.7452505e+06 9.8180600e+06 8.6042210e+06 
1.5707505e+07 1.8732240e+07 1.7801882e+07 
-3.2201922e+07 -4.1482298e+06 -1.1326883e+07 
6.8111935e+06 1.2525501e+07 1.1393116e+07 
-2.4592360e+07 -2.6029020e+06 -7.6755840e+06 
-5.2482530e+06 5.0246100e+06 3.3565368e+06 
-1.8019016e+07 -6.9090169e+05 -4.2457035e+06 
-7.1708070e+06 3.9975322e+06 2.1423850e+06 
-3.3909500e+06 6.0816470e+06 4.5537620e+06 
-2.3175402e+07 -2.2466392e+06 -6.9779530e+06 
-1.4501178e+07 6.1385219e+05 -2.2690842e+06 
-3.3781256e+07 -4.4344720e+06 -1.2086928e+07 
2.0234640e+07 2.2083076e+07 2.1340776e+07 
-1.5946729e+06 7.1648715e+06 5.7353675e+06 
4.3631200e+06 1.0953632e+07 9.7358410e+06 
1.7684016e+07 2.0211538e+07 1.9332312e+07 
-9.1632730e+06 3.0035238e+06 9.0952950e+05 
2.2574572e+07 2.3880002e+07 2.3268484e+07 
1.0615876e+07 1.5225474e+07 1.4107002e+07 
1.2824228e+07 1.6770771e+07 1.5700443e+07 
-2.1800846e+07 -1.8693668e+06 -6.2886165e+06 
-3.5353628e+07 -4.7233800e+06 -1.2848707e+07 
1.4429553e+05 8.2698520e+06 6.9021425e+06 
8.3171380e+06 1.3663000e+07 1.2490790e+07 
-1.1230655e+07 2.0450435e+06 -3.4419153e+05 
1.4936717e+07 1.8288470e+07 1.7267370e+07 
-1.6794486e+07 -2.3653836e+05 -3.5838950e+06 
5.9319760e+06 1.2092940e+07 1.0852818e+07 
1.8291136e+06 9.3915140e+06 8.0543370e+06 
1.9549266e+07 2.1637872e+07 2.0818422e+07 
-1.3378163e+07 1.1239270e+06 -1.6211805e+06 
-2.0469340e+07 -1.4699078e+06 -5.6059485e+06 
-3.6801968e+07 -5.2270670e+06 -1.3266501e+07 
2.1944132e+07 2.3438544e+07 2.2761056e+07 
1.6946952e+07 1.9767280e+07 1.8801330e+07 
-2.8832498e+07 -3.5748768e+06 -9.8487000e+06 
-3.0371684e+07 -3.8759458e+06 -1.0583279e+07 
-2.7322936e+07 -3.2604218e+06 -9.1229710e+06 
-6.2407695e+06 4.6167375e+06 2.7685952e+06 
-4.3636370e+06 5.6680580e+06 3.9770282e+06 
3.4623425e+06 1.0524174e+07 9.1916520e+06 
-8.1847410e+06 3.5958670e+06 1.5420714e+06 
-3.1933300e+07 -4.1670578e+06 -1.1325445e+07 
9.7756990e+06 1.4789135e+07 1.3570911e+07 
1.2010778e+07 1.6332091e+07 1.5164950e+07 
-2.5848298e+07 -2.9296915e+06 -8.4062790e+06 
-2.5489795e+06 6.7461850e+06 5.1686285e+06 
-1.5611053e+07 2.4142761e+05 -2.9238495e+06 
-1.9180762e+07 -1.0474968e+06 -4.9283390e+06 
-1.0200348e+07 2.6084388e+06 2.9577097e+05 
7.4529055e+06 1.3229190e+07 1.1953632e+07 
1.4152868e+07 1.7848052e+07 1.6732987e+07 
-3.3508120e+07 -4.4520615e+06 -1.2072417e+07 
-2.4412238e+07 -2.5803592e+06 -7.6980905e+06 
-7.9293175e+05 7.8468140e+06 6.3441690e+06 
1.8848290e+07 2.1195146e+07 2.0293544e+07 
2.1297436e+07 2.2998252e+07 2.2249278e+07 
-1.2292725e+07 1.6568164e+06 -9.7231462e+05 
5.0459180e+06 1.1661590e+07 1.0313237e+07 
-3.5084904e+07 -4.7349585e+06 -1.2819372e+07 
1.6195545e+07 1.9326250e+07 1.8269540e+07 
-2.3017034e+07 -2.2106315e+06 -6.9974265e+06 
9.0782562e+05 8.9649880e+06 7.5039110e+06 
-1.7934430e+07 -6.0171156e+05 -4.2542700e+06 
2.3785036e+07 2.4863396e+07 2.3872850e+07 
-1.4467230e+07 7.4277888e+05 -2.2643458e+06 
1.1186460e+07 1.5896395e+07 1.4630616e+07 
8.9263340e+06 1.4355195e+07 1.3036182e+07 
-3.6539456e+07 -5.2415500e+06 -1.3224246e+07 
-2.1663862e+07 -1.8191919e+06 -6.3030620e+06 
2.5560292e+06 1.0095126e+07 8.6475910e+06 
1.3356547e+07 1.7410950e+07 1.6199207e+07 
-5.3408435e+06 5.2533430e+06 3.3977095e+06 
-7.2380890e+06 4.2075560e+06 2.1775515e+06 
1.8131932e+07 2.0755188e+07 1.9766680e+07 
2.0634512e+07 2.2559552e+07 2.1733642e+07 
6.5811295e+06 1.2797027e+07 1.1417690e+07 
-3.5076695e+06 6.3266005e+06 4.5999015e+06 
-9.2039200e+06 3.1927635e+06 9.3823819e+05 
1.5430236e+07 1.8888556e+07 1.7737472e+07 
-1.7345490e+06 7.4231480e+06 5.7848655e+06 
-1.1243284e+07 2.2118520e+06 -3.2180172e+05 
-1.6729289e+07 -1.3241377e+05 -3.5823678e+06 
-3.0137684e+07 -3.8877132e+06 -1.0586699e+07 
-2.8612546e+07 -3.5795708e+06 -9.8569850e+06 
2.2923906e+07 2.4279912e+07 2.3613688e+07 
-3.1689388e+07 -4.1829298e+06 -1.1321570e+07 
-2.0353036e+07 -1.4051375e+06 -5.6136680e+06 
4.1538048e+06 1.1231067e+07 9.7744190e+06 
-2.7119786e+07 -3.2556972e+06 -9.1336390e+06 
-3.3260082e+07 -4.4684140e+06 -1.2059098e+07 
-1.8001080e+04 8.5381470e+06 6.9528490e+06 
-1.3361482e+07 1.2671119e+06 -1.6043971e+06 
-2.5663610e+07 -2.9137555e+06 -8.4169440e+06 
1.0352042e+07 1.5463467e+07 1.4097810e+07 
1.9955434e+07 2.2122854e+07 2.1214682e+07 
1.7400484e+07 2.0318254e+07 1.9238392e+07 
8.0686110e+06 1.3923337e+07 1.2503063e+07 
1.2548417e+07 1.6977080e+07 1.5666501e+07 
-3.4840408e+07 -4.7475610e+06 -1.2795076e+07 
-2.4246830e+07 -2.5518862e+06 -7.7065530e+06 
1.6448844e+06 9.6661170e+06 8.1035995e+06 
-1.9084236e+07 -9.6791619e+05 -4.9279170e+06 
2.2300528e+07 2.3848036e+07 2.3110726e+07 
5.7026455e+06 1.2366133e+07 1.0883085e+07 
-1.5564060e+07 3.6029975e+05 -2.9114342e+06 
1.4651547e+07 1.8454264e+07 1.7205674e+07 
-6.3223525e+06 4.8373610e+06 2.8156592e+06 
-8.2401320e+06 3.7969980e+06 1.5832780e+06 
-4.4703990e+06 5.9059110e+06 4.0290312e+06 
-3.6300564e+07 -5.2571240e+06 -1.3190023e+07 
-1.0228413e+07 2.7882332e+06 3.3078538e+05 
-2.2871100e+07 -2.1686800e+06 -7.0017190e+06 
-2.6800922e+06 6.9985880e+06 5.2240765e+06 
3.2564210e+06 1.0800980e+07 9.2363630e+06 
1.9260342e+07 2.1688536e+07 2.0692958e+07 
-1.2292321e+07 1.8138648e+06 -9.4325594e+05 
1.6654302e+07 1.9884554e+07 1.8709268e+07 
-1.7856682e+07 -5.0726916e+05 -4.2445525e+06 
9.5083520e+06 1.5033041e+07 1.3566872e+07 
-9.4779000e+05 8.1106710e+06 6.4010120e+06 
1.1729209e+07 1.6546302e+07 1.5135328e+07 
2.1660484e+07 2.3417134e+07 2.2603014e+07 
7.2033990e+06 1.3493204e+07 1.1971760e+07 
-2.1537152e+07 -1.7631301e+06 -6.3014635e+06 
-1.4437355e+07 8.7613531e+05 -2.2404705e+06 
-2.9922290e+07 -3.8953035e+06 -1.0584368e+07 
-3.1465080e+07 -4.1957850e+06 -1.1314797e+07 
1.3860074e+07 1.8023382e+07 1.6674693e+07 
-2.8409700e+07 -3.5792840e+06 -9.8570560e+06 
7.2958894e+05 9.2367840e+06 7.5595730e+06 
4.8183045e+06 1.1936109e+07 1.0349887e+07 
-3.3031910e+07 -4.4833400e+06 -1.2046072e+07 
-2.6931944e+07 -3.2454680e+06 -9.1340220e+06 
1.8549436e+07 2.1256952e+07 2.0169072e+07 
-3.4615032e+07 -4.7608040e+06 -1.2774468e+07 
-7.3080150e+06 4.4200130e+06 2.2307008e+06 
-5.4368830e+06 5.4839465e+06 3.4558268e+06 
-2.0245002e+07 -1.3345786e+06 -5.6047075e+06 
-9.2468920e+06 3.3850402e+06 9.8562050e+05 
-1.6669305e+07 -2.3183123e+04 -3.5624402e+06 
1.5893829e+07 1.9454254e+07 1.8179918e+07 
2.1003770e+07 2.2987692e+07 2.2091088e+07 
-2.5492278e+07 -2.8920005e+06 -8.4156220e+06 
2.3545420e+06 1.0370930e+07 8.6990120e+06 
-3.6291495e+06 6.5728970e+06 4.6616095e+06 
-1.1258372e+07 2.3823375e+06 -2.8041431e+05 
8.6562710e+06 1.4604803e+07 1.3038107e+07 
1.0899728e+07 1.6118420e+07 1.4606125e+07 
-3.6080412e+07 -5.2734775e+06 -1.3162165e+07 
6.3315980e+06 1.3064408e+07 1.1442430e+07 
-1.8810076e+06 7.6822625e+06 5.8482180e+06 
-2.4092782e+07 -2.5174325e+06 -7.7016570e+06 
-1.3347783e+07 1.4146328e+06 -1.5686881e+06 
1.3056496e+07 1.7595862e+07 1.6145078e+07 
2.3492126e+07 2.4782210e+07 2.3683116e+07 
-1.8994146e+07 -8.8266462e+05 -4.9103630e+06 
1.7822988e+07 2.0828416e+07 1.9643652e+07 
3.9289642e+06 1.1506536e+07 9.8181090e+06 
-1.8920827e+05 8.8067740e+06 7.0153555e+06 
2.0330440e+07 2.2560180e+07 2.1575530e+07 
-1.5520869e+07 4.8415019e+05 -2.8805992e+06 
1.5119583e+07 1.9027468e+07 1.7650960e+07 
-2.2734562e+07 -2.1206922e+06 -6.9915645e+06 
-8.2977500e+06 4.0012432e+06 1.6426286e+06 
2.2626454e+07 2.4204320e+07 2.3422814e+07 
-6.4069010e+06 5.0605750e+06 2.8800645e+06 
1.0060846e+07 1.5693184e+07 1.4079302e+07 
-3.1255786e+07 -4.2055340e+06 -1.1304595e+07 
7.7967285e+06 1.4178395e+07 1.2511772e+07 
1.4489248e+06 9.9405200e+06 8.1622585e+06 
-1.0258438e+07 2.9717080e+06 3.8439631e+05 
-2.9721120e+07 -3.8986942e+06 -1.0576074e+07 
-3.2818916e+07 -4.4966335e+06 -1.2032443e+07 
-4.5813665e+06 6.1458720e+06 4.0972332e+06 
1.2241573e+07 1.7171596e+07 1.5617365e+07 
-1.7783722e+07 -4.0727856e+05 -4.2173975e+06 
-2.8219854e+07 -3.5740218e+06 -9.8489570e+06 
5.4541325e+06 1.2636529e+07 1.0915175e+07 
-2.1417952e+07 -1.7010469e+06 -6.2845710e+06 
-1.2294026e+07 1.9751889e+06 -8.9551606e+05 
-3.4404160e+07 -4.7743110e+06 -1.2756277e+07 
1.7081344e+07 2.0403198e+07 1.9117354e+07 
1.9640606e+07 2.2135036e+07 2.1056962e+07 
-2.8171705e+06 7.2526505e+06 5.2942405e+06 
-2.6755600e+07 -3.2297388e+06 -9.1243630e+06 
1.4332172e+07 1.8604250e+07 1.7123024e+07 
-3.5874544e+07 -5.2902700e+06 -1.3139146e+07 
-1.4410082e+07 1.0143658e+06 -2.1982250e+06 
3.0354795e+06 1.1076987e+07 9.2877070e+06 
2.1992428e+07 2.3783094e+07 2.2918902e+07 
-1.1108981e+06 8.3757540e+06 6.4707410e+06 
-2.5330792e+07 -2.8644138e+06 -8.4026990e+06 
-2.0142708e+07 -1.2580564e+06 -5.5798055e+06 
9.2134990e+06 1.5270282e+07 1.3555228e+07 
-1.6612641e+07 9.1478555e+04 -3.5248820e+06 
6.9306965e+06 1.3753411e+07 1.1988074e+07 
1.8934446e+07 2.1712678e+07 2.0536042e+07 
1.1416146e+07 1.6750409e+07 1.5092069e+07 
1.6324940e+07 1.9981520e+07 1.8590864e+07 
5.4029862e+05 9.5093630e+06 7.6259330e+06 
-2.3946864e+07 -2.4769562e+06 -7.6838800e+06 
-7.3803015e+06 4.6357075e+06 2.3014902e+06 
-9.2915490e+06 3.5810415e+06 1.0512080e+06 
4.5719410e+06 1.2209120e+07 1.0390036e+07 
-5.5364520e+06 5.7173475e+06 3.5306798e+06 
-1.1274915e+07 2.5570740e+06 -2.2060386e+05 
2.1341222e+07 2.3363292e+07 2.2410420e+07 
1.3532291e+07 1.8184592e+07 1.6596743e+07 
-3.7558510e+06 6.8215960e+06 4.7388095e+06 
-1.3335688e+07 1.5669500e+06 -1.5147028e+06 
-1.8908166e+07 -7.9153262e+05 -4.8763805e+06 
2.1386920e+06 1.0647025e+07 8.7585720e+06 
-2.2604440e+07 -2.0665930e+06 -6.9674940e+06 
-3.1057304e+07 -4.2120615e+06 -1.1290385e+07 
-3.2616824e+07 -4.5080720e+06 -1.2017322e+07 
-2.9530134e+07 -3.8978355e+06 -1.0561507e+07 
-2.0349194e+06 7.9434135e+06 5.9254715e+06 
-3.4203576e+07 -4.7877110e+06 -1.2739296e+07 
1.8212216e+07 2.1293482e+07 2.0013466e+07 
-1.5479716e+07 6.1332712e+05 -2.8320235e+06 
1.5554295e+07 1.9563548e+07 1.8064886e+07 
8.3586870e+06 1.4849349e+07 1.3034228e+07 
-2.8039182e+07 -3.5637652e+06 -9.8326060e+06 
1.0581137e+07 1.6332064e+07 1.4569680e+07 
6.0591820e+06 1.3329409e+07 1.1467157e+07 
-3.5678820e+07 -5.3071410e+06 -1.3119541e+07 
2.0672858e+07 2.2945446e+07 2.1897998e+07 
-3.7064416e+05 9.0770810e+06 7.0898090e+06 
-2.1303510e+07 -1.6328326e+06 -6.2529365e+06 
1.2720731e+07 1.7768420e+07 1.6072737e+07 
-2.6587162e+07 -3.2084975e+06 -9.1047520e+06 
3.6859680e+06 1.1781716e+07 9.8669860e+06 
-1.7713382e+07 -3.0150050e+05 -4.1734540e+06 
-8.3570015e+06 4.2093015e+06 1.7198191e+06 
-1.0289477e+07 3.1594455e+06 4.5617791e+05 
-6.4941810e+06 5.2872005e+06 2.9616465e+06 
-1.2296543e+07 2.1412605e+06 -8.2961550e+05 
1.7474248e+07 2.0877782e+07 1.9489970e+07 
2.3164948e+07 2.4664078e+07 2.3456588e+07 
-4.6966840e+06 6.3888970e+06 4.1816132e+06 
-2.5175788e+07 -2.8309722e+06 -8.3783910e+06 
1.2394210e+06 1.0216219e+07 8.2305285e+06 
1.4770026e+07 1.9149390e+07 1.7540134e+07 
1.9987424e+07 2.2530060e+07 2.1382312e+07 
-1.4383749e+07 1.1578352e+06 -2.1381848e+06 
7.4974625e+06 1.4429965e+07 1.2516566e+07 
9.7375460e+06 1.5916256e+07 1.4050646e+07 
-2.9607665e+06 7.5094735e+06 5.3792400e+06 
-2.0043596e+07 -1.1754300e+06 -5.5395070e+06 
5.1832160e+06 1.2905908e+07 1.0949097e+07 
-2.3805934e+07 -2.4304152e+06 -7.6535260e+06 
1.1898375e+07 1.7355584e+07 1.5551615e+07 
-1.6557266e+07 2.1183361e+05 -3.4702722e+06 
2.2292858e+07 2.4091414e+07 2.3194692e+07 
-1.2832575e+06 8.6433210e+06 6.5536000e+06 
2.7971515e+06 1.1353838e+07 9.3459220e+06 
-3.2421678e+07 -4.5174195e+06 -1.1999824e+07 
1.6720966e+07 2.0465860e+07 1.8966314e+07 
-3.4009352e+07 -4.8006340e+06 -1.2722363e+07 
-3.0865736e+07 -4.2152285e+06 -1.1271547e+07 
1.9285074e+07 2.2117618e+07 2.0864088e+07 
-2.9345560e+07 -3.8926498e+06 -1.0540284e+07 
-3.5489376e+07 -5.3237155e+06 -1.3102009e+07 
1.3972850e+07 1.8739078e+07 1.7017334e+07 
-9.3369910e+06 3.7813585e+06 1.1347389e+06 
-7.4543995e+06 4.8553525e+06 2.3897982e+06 
-1.1291672e+07 2.7365408e+06 -1.4274784e+05 
-2.2477796e+07 -2.0063152e+06 -6.9298650e+06 
-1.8823892e+07 -6.9435194e+05 -4.8264865e+06 
3.3845175e+05 9.7841450e+06 7.7033335e+06 
-2.7864070e+07 -3.5484698e+06 -9.8078110e+06 
-5.6393715e+06 5.9543930e+06 3.6223010e+06 
-1.3323618e+07 1.7244395e+06 -1.4428990e+06 
6.6309240e+06 1.4011658e+07 1.2002440e+07 
8.8864500e+06 1.5502611e+07 1.3535367e+07 
2.1646152e+07 2.3681394e+07 2.2689034e+07 
4.3038435e+06 1.2482401e+07 1.0433892e+07 
1.1066198e+07 1.6945862e+07 1.5033955e+07 
-3.8879965e+06 7.0736910e+06 4.8316905e+06 
-1.5438676e+07 7.4810875e+05 -2.7661995e+06 
-2.6423200e+07 -3.1817110e+06 -9.0751530e+06 
1.5952893e+07 2.0057942e+07 1.8443294e+07 
1.8566038e+07 2.1708562e+07 2.0344088e+07 
-2.1191066e+07 -1.5583959e+06 -6.2069390e+06 
1.9064118e+06 1.0925003e+07 8.8266690e+06 
-2.1969508e+06 8.2077580e+06 6.0169625e+06 
1.3163587e+07 1.8332574e+07 1.6497206e+07 
-1.7643396e+07 -1.8974620e+05 -4.1131908e+06 
-2.5024024e+07 -2.7916408e+06 -8.3427775e+06 
2.0981674e+07 2.3273472e+07 2.2179134e+07 
8.0289895e+06 1.5090691e+07 1.3024179e+07 
-1.0320332e+07 3.3519310e+06 5.4591300e+05 
5.7602070e+06 1.3593911e+07 1.1491970e+07 
-8.4170250e+06 4.4217725e+06 1.8147715e+06 
-5.6347581e+05 9.3503990e+06 7.1766740e+06 
-1.2298346e+07 2.3124610e+06 -7.4587831e+05 
1.0225273e+07 1.6538953e+07 1.4520297e+07 
-6.5836875e+06 5.5179690e+06 3.0604868e+06 
1.5170655e+07 1.9654184e+07 1.7921722e+07 
1.7830636e+07 2.1303292e+07 1.9823130e+07 
-3.3817824e+07 -4.8127080e+06 -1.2704352e+07 
-3.2229776e+07 -4.5244250e+06 -1.1979067e+07 
-1.9945058e+07 -1.0865862e+06 -5.4841880e+06 
3.4221112e+06 1.2058359e+07 9.9214560e+06 
-1.4356511e+07 1.3068308e+06 -2.0607384e+06 
-2.3666924e+07 -2.3777625e+06 -7.6107535e+06 
-3.5302564e+07 -5.3396080e+06 -1.3085264e+07 
-3.0677428e+07 -4.2148715e+06 -1.1247429e+07 
-4.8162355e+06 6.6358640e+06 4.2824245e+06 
1.2343166e+07 1.7929758e+07 1.5980457e+07 
2.0299476e+07 2.2868226e+07 2.1665730e+07 
-2.9163834e+07 -3.8830328e+06 -1.0511955e+07 
-1.6501016e+07 3.3808403e+05 -3.3990110e+06 
1.0146376e+06 1.0494733e+07 8.3089695e+06 
-3.1111978e+06 7.7701015e+06 5.4794980e+06 
-2.7691086e+07 -3.5280662e+06 -9.7742950e+06 
-2.2351726e+07 -1.9397976e+06 -6.8788840e+06 
7.1663695e+06 1.4679992e+07 1.2517345e+07 
1.7079282e+07 2.0902162e+07 1.9302060e+07 
1.4374990e+07 1.9254674e+07 1.7402420e+07 
-1.8738848e+07 -5.9099344e+05 -4.7610305e+06 
4.8864715e+06 1.3176168e+07 1.0985191e+07 
9.3767600e+06 1.6134476e+07 1.4011129e+07 
2.2799388e+07 2.4503836e+07 2.3188468e+07 
-1.4656778e+06 8.9146010e+06 6.6501710e+06 
1.9599684e+07 2.2466208e+07 2.1149606e+07 
-1.1307160e+07 2.9211192e+06 -4.7016898e+04 
-9.3820500e+06 3.9864792e+06 1.2361778e+06 
-2.6260416e+07 -3.1493262e+06 -9.0354250e+06 
2.5390532e+06 1.1633242e+07 9.4116170e+06 
-7.5294800e+06 5.0795590e+06 2.4957532e+06 
-1.3309783e+07 1.8873894e+06 -1.3535432e+06 
1.1512626e+07 1.7530424e+07 1.5467771e+07 
-5.7451835e+06 6.1958380e+06 3.7310020e+06 
-1.5395664e+07 8.8870200e+05 -2.6834398e+06 
-2.1077852e+07 -1.4776616e+06 -6.1468070e+06 
1.2267452e+05 1.0062563e+07 7.7924880e+06 
-2.4872344e+07 -2.7463698e+06 -8.2958195e+06 
1.6312495e+07 2.0505456e+07 1.8781768e+07 
2.1918470e+07 2.3936014e+07 2.2924402e+07 
-4.0255435e+06 7.3301035e+06 4.9407555e+06 
1.3566752e+07 1.8859408e+07 1.6886222e+07 
-3.3625512e+07 -4.8235585e+06 -1.2684164e+07 
-3.5114928e+07 -5.3544235e+06 -1.3068069e+07 
-1.7571386e+07 -7.1877883e+04 -4.0369090e+06 
-3.2037618e+07 -4.5288210e+06 -1.1954168e+07 
6.2998430e+06 1.4269954e+07 1.2015043e+07 
1.8882506e+07 2.2067934e+07 2.0631604e+07 
8.5219020e+06 1.5731969e+07 1.3506874e+07 
4.0108865e+06 1.2757842e+07 1.0482040e+07 
-3.0488906e+07 -4.2108060e+06 -1.1217349e+07 
1.0673113e+07 1.7134276e+07 1.4959791e+07 
-2.3675362e+06 8.4764070e+06 6.1233810e+06 
-2.3526814e+07 -2.3189465e+06 -7.5555965e+06 
1.6556765e+06 1.1206505e+07 8.9041100e+06 
-2.8981560e+07 -3.8688568e+06 -1.0476019e+07 
-1.9844444e+07 -9.9144069e+05 -5.4140735e+06 
2.1256410e+07 2.3538028e+07 2.2415996e+07 
-1.0349541e+07 3.5495422e+06 6.5360719e+05 
-1.2297683e+07 2.4890732e+06 -6.4442712e+05 
-8.4766740e+06 4.6391490e+06 1.9276566e+06 
1.5530912e+07 2.0113396e+07 1.8263174e+07 
-1.4326335e+07 1.4615552e+06 -1.9660904e+06 
1.8148236e+07 2.1673882e+07 2.0112622e+07 
1.2746919e+07 1.8468302e+07 1.6373947e+07 
-6.6746200e+06 5.7535095e+06 3.1769488e+06 
-2.7516924e+07 -3.5024622e+06 -9.7317060e+06 
-7.6868938e+05 9.6280530e+06 7.2768095e+06 
-1.6441588e+07 4.7036731e+05 -3.3113298e+06 
5.4306990e+06 1.3859966e+07 1.1517353e+07 
7.6620225e+06 1.5330895e+07 1.3007874e+07 
-2.2223328e+07 -1.8669854e+06 -6.8146285e+06 
-4.9396130e+06 6.8875645e+06 4.4002390e+06 
3.1346162e+06 1.2338324e+07 9.9823570e+06 
2.0575892e+07 2.3143076e+07 2.1903854e+07 
9.8258840e+06 1.6740922e+07 1.4457111e+07 
-2.6095614e+07 -3.1112720e+06 -8.9853340e+06 
-1.8650476e+07 -4.8137034e+05 -4.6802090e+06 
1.4735290e+07 1.9726118e+07 1.7747212e+07 
-3.2685100e+06 8.0355165e+06 5.5957995e+06 
7.7294506e+05 1.0777616e+07 8.3985770e+06 
1.7397278e+07 2.1284472e+07 1.9593604e+07 
-3.4923160e+07 -5.3677585e+06 -1.3049218e+07 
-3.3429108e+07 -4.8328035e+06 -1.2660716e+07 
1.1916597e+07 1.8081166e+07 1.5866398e+07 
-1.1319636e+07 3.1110820e+06 6.6634250e+04 
-3.1841870e+07 -4.5303270e+06 -1.1924237e+07 
-1.3292176e+07 2.0559910e+06 -1.2467086e+06 
-9.4252720e+06 4.1967780e+06 1.3557326e+06 
-2.0961074e+07 -1.3905742e+06 -6.0726345e+06 
-2.4717660e+07 -2.6951000e+06 -8.2373765e+06 
1.9877010e+07 2.2751788e+07 2.1388836e+07 
-1.6587354e+06 9.1907950e+06 6.7614440e+06 
-7.6044050e+06 5.3088290e+06 2.6197618e+06 
-1.5348422e+07 1.0352346e+06 -2.5838835e+06 
6.7985065e+06 1.4930645e+07 1.2514375e+07 
4.5602480e+06 1.3449372e+07 1.1024246e+07 
-3.0296858e+07 -4.2028265e+06 -1.1180599e+07 
8.9722980e+06 1.6349880e+07 1.3960254e+07 
2.2588018e+06 1.1916996e+07 9.4858710e+06 
-5.8531135e+06 6.4423390e+06 3.8574128e+06 
-1.7494860e+07 5.2184516e+04 -3.9447545e+06 
1.3926522e+07 1.9343668e+07 1.7234838e+07 
1.6630147e+07 2.0900068e+07 1.9075542e+07 
-2.8795472e+07 -3.8499710e+06 -1.0431923e+07 
-2.3382616e+07 -2.2539162e+06 -7.4879780e+06 
1.1077017e+07 1.7697710e+07 1.5364341e+07 
-1.0823538e+05 1.0346061e+07 7.8945685e+06 
-4.1681420e+06 7.5916775e+06 5.0668705e+06 
2.2390078e+07 2.4294830e+07 2.2872564e+07 
1.9159934e+07 2.2364766e+07 2.0871862e+07 
-1.9739040e+07 -8.8994338e+05 -5.3292500e+06 
-2.7338386e+07 -3.4715450e+06 -9.6796250e+06 
5.9327935e+06 1.4530541e+07 1.2026517e+07 
-1.2292546e+07 2.6712698e+06 -5.2517862e+05 
3.6898032e+06 1.3037486e+07 1.0535578e+07 
-1.0375353e+07 3.7525390e+06 7.7950156e+05 
-2.5468262e+06 8.7504260e+06 6.2458320e+06 
-1.4290981e+07 1.6221174e+06 -1.8542640e+06 
1.5847485e+07 2.0520954e+07 1.8559472e+07 
1.3105637e+07 1.8965992e+07 1.6727001e+07 
8.1138085e+06 1.5960571e+07 1.3469657e+07 
-8.5344810e+06 4.8618045e+06 2.0589162e+06 
-2.2089702e+07 -1.7878362e+06 -6.7370595e+06 
1.3845429e+06 1.1493244e+07 8.9922070e+06 
2.1497290e+07 2.3731466e+07 2.2605608e+07 
-1.6376527e+07 6.0874662e+05 -3.2073000e+06 
-2.5925676e+07 -3.0674622e+06 -8.9245720e+06 
-3.4724100e+07 -5.3792010e+06 -1.3027533e+07 
1.8424940e+07 2.1982570e+07 2.0353918e+07 
-6.7658415e+06 5.9943395e+06 3.3117090e+06 
-3.3225444e+07 -4.8400535e+06 -1.2632939e+07 
1.0229543e+07 1.7317534e+07 1.4868489e+07 
-1.8556120e+07 -3.6544700e+05 -4.5840780e+06 
-3.1639336e+07 -4.5286460e+06 -1.1888379e+07 
-9.8703269e+05 9.9113600e+06 7.3915470e+06 
-5.0660665e+06 7.1446970e+06 4.5359905e+06 
1.5050072e+07 2.0147328e+07 1.8046458e+07 
-3.0098094e+07 -4.1907092e+06 -1.1136442e+07 
-2.4556926e+07 -2.6377665e+06 -8.1672200e+06 
2.0816402e+07 2.3346694e+07 2.2093206e+07 
1.2273813e+07 1.8592930e+07 1.6224639e+07 
5.0663555e+06 1.4129850e+07 1.1544316e+07 
-2.0837898e+07 -1.2971061e+06 -5.9843970e+06 
2.8206592e+06 1.2623602e+07 1.0051083e+07 
7.2519575e+06 1.5572328e+07 1.2985653e+07 
1.7672408e+07 2.1605706e+07 1.9836054e+07 
-3.4324170e+06 8.3066350e+06 5.7293495e+06 
-1.3268549e+07 2.2303252e+06 -1.1222760e+06 
-1.1327071e+07 3.3065790e+06 1.9847439e+05 
-2.8602410e+07 -3.8262055e+06 -1.0379074e+07 
5.1287888e+05 1.1066471e+07 8.5008800e+06 
9.3756610e+06 1.6940132e+07 1.4379487e+07 
-1.5294505e+07 1.1877421e+06 -2.4675035e+06 
-9.4648750e+06 4.4125025e+06 1.4938725e+06 
-1.7411192e+07 1.8245180e+05 -3.8367285e+06 
-7.6776830e+06 5.5435395e+06 2.7625350e+06 
-2.3231356e+07 -2.1826268e+06 -7.4077260e+06 
2.0116266e+07 2.2966212e+07 2.1577794e+07 
1.4238834e+07 1.9779292e+07 1.7537592e+07 
-1.8627031e+06 9.4730760e+06 6.8888910e+06 
-2.7152362e+07 -3.4351865e+06 -9.6175780e+06 
1.1432377e+07 1.8224198e+07 1.5728660e+07 
1.6902846e+07 2.1234614e+07 1.9319376e+07 
-5.9620140e+06 6.6944435e+06 4.0025185e+06 
-1.9626062e+07 -7.8208906e+05 -5.2296820e+06 
4.2006775e+06 1.3727796e+07 1.1067652e+07 
6.3883555e+06 1.5184400e+07 1.2508455e+07 
-3.4514696e+07 -5.3883300e+06 -1.3001853e+07 
1.9540718e+06 1.2207012e+07 9.5703650e+06 
-3.3011468e+07 -4.8449100e+06 -1.2599769e+07 
8.5169820e+06 1.6564876e+07 1.3897887e+07 
-4.3150630e+06 7.8591725e+06 5.2113185e+06 
1.9397016e+07 2.2590712e+07 2.1060384e+07 
-2.5747538e+07 -3.0178025e+06 -8.8527590e+06 
-3.5522969e+05 1.0636108e+07 8.0112990e+06 
-2.1947924e+07 -1.7023295e+06 -6.6460380e+06 
-3.1426932e+07 -4.5234665e+06 -1.1845688e+07 
-1.2280652e+07 2.8590980e+06 -3.8784106e+05 
-1.4247987e+07 1.7885158e+06 -1.7251054e+06 
1.3414862e+07 1.9416834e+07 1.7033970e+07 
-1.0395691e+07 3.9610468e+06 9.2408319e+05 
1.6116899e+07 2.0869662e+07 1.8805050e+07 
-1.6303208e+07 7.5319644e+05 -3.0868428e+06 
1.0582812e+07 1.7859388e+07 1.5239923e+07 
-8.5886150e+06 5.0899780e+06 2.2092830e+06 
-2.9889526e+07 -4.1742118e+06 -1.1084118e+07 
-2.7346040e+06 9.0308280e+06 6.3859030e+06 
-1.8453012e+07 -2.4325180e+05 -4.4725675e+06 
3.3372325e+06 1.3323569e+07 1.0596264e+07 
5.5246630e+06 1.4795963e+07 1.2038131e+07 
1.8658890e+07 2.2220852e+07 2.0542058e+07 
-2.4387130e+07 -2.5743060e+06 -8.0850445e+06 
-6.8558155e+06 6.2408540e+06 3.4657865e+06 
2.1930054e+07 2.4028476e+07 2.2500884e+07 
1.0912329e+06 1.1787019e+07 9.0929030e+06 
7.6552250e+06 1.6191034e+07 1.3424126e+07 
-2.8399300e+07 -3.7973742e+06 -1.0316838e+07 
-2.0705438e+07 -1.1972681e+06 -5.8819645e+06 
1.2579409e+07 1.9059820e+07 1.6536692e+07 
1.5315365e+07 2.0511116e+07 1.8294288e+07 
-5.1944270e+06 7.4078570e+06 4.6910175e+06 
-1.2189190e+06 1.0201636e+07 7.5227770e+06 
9.7267540e+06 1.7497958e+07 1.4759214e+07 
-1.3236387e+07 2.4103460e+06 -9.7993475e+05 
2.1021554e+07 2.3469208e+07 2.2230140e+07 
1.7902242e+07 2.1857236e+07 2.0023980e+07 
-1.5231259e+07 1.3461520e+06 -2.3341125e+06 
-2.3070054e+07 -2.1050490e+06 -7.3145865e+06 
-1.1327113e+07 3.5076208e+06 3.4900116e+05 
-2.6955802e+07 -3.3932470e+06 -9.5450400e+06 
-3.4292012e+07 -5.3947160e+06 -1.2971027e+07 
-1.7317606e+07 3.1884978e+05 -3.7126998e+06 
-3.6022058e+06 8.5843020e+06 5.8818230e+06 
-9.4987020e+06 4.6337565e+06 1.6513394e+06 
4.6625650e+06 1.4406131e+07 1.1574597e+07 
2.4774558e+06 1.2916352e+07 1.0129741e+07 
-3.2784234e+07 -4.8469635e+06 -1.2560146e+07 
6.7922010e+06 1.5817767e+07 1.2958504e+07 
2.3325020e+05 1.1362956e+07 8.6180520e+06 
1.4499212e+07 2.0159144e+07 1.7788334e+07 
1.1733911e+07 1.8707978e+07 1.6046828e+07 
-1.9502630e+07 -6.6793181e+05 -5.1152250e+06 
-7.7474030e+06 5.7839340e+06 2.9251092e+06 
-3.1201672e+07 -4.5144620e+06 -1.1795248e+07 
2.0317358e+07 2.3099316e+07 2.1712198e+07 
-2.5558178e+07 -2.9621962e+06 -8.7694580e+06 
1.7127566e+07 2.1500398e+07 1.9507392e+07 
8.8659910e+06 1.7139234e+07 1.4287225e+07 
-2.0774381e+06 9.7625890e+06 7.0345360e+06 
-6.0702850e+06 6.9525810e+06 4.1676915e+06 
-2.1795042e+07 -1.6104779e+06 -6.5413390e+06 
-2.9668150e+07 -4.1530772e+06 -1.1022844e+07 
-1.4194629e+07 1.9606208e+06 -1.5782888e+06 
3.8037430e+06 1.4013978e+07 1.1117601e+07 
1.3669587e+07 1.9813786e+07 1.7288464e+07 
-1.2259396e+07 3.0524620e+06 -2.3191359e+05 
1.6227165e+06 1.2505332e+07 9.6675220e+06 
-1.6218815e+07 9.0358469e+05 -2.9497388e+06 
1.0879984e+07 1.8360890e+07 1.5565412e+07 
-4.4650990e+06 8.1332560e+06 5.3758370e+06 
1.9592978e+07 2.2735368e+07 2.1192252e+07 
5.9297935e+06 1.5444143e+07 1.2501157e+07 
-1.0408097e+07 4.1750420e+06 1.0880925e+06 
-2.4205270e+07 -2.5046675e+06 -7.9904805e+06 
-1.8338258e+07 -1.1489418e+05 -4.3454930e+06 
1.6335504e+07 2.1150800e+07 1.8993606e+07 
-6.1887650e+05 1.0934200e+07 8.1450495e+06 
-2.8183142e+07 -3.7632800e+06 -1.0244549e+07 
-8.6368080e+06 5.3237635e+06 2.3797948e+06 
8.0024545e+06 1.6782402e+07 1.3824517e+07 
-2.0560734e+07 -1.0911254e+06 -5.7651160e+06 
-3.4053204e+07 -5.3979195e+06 -1.2933915e+07 
-2.9301628e+06 9.3185770e+06 6.5457215e+06 
-6.9425260e+06 6.4933155e+06 3.6405668e+06 
1.8848606e+07 2.2378134e+07 2.0671500e+07 
1.2827833e+07 1.9474938e+07 1.6795956e+07 
-2.6745708e+07 -3.3455840e+06 -9.4614430e+06 
-3.2540886e+07 -4.8457950e+06 -1.2513008e+07 
1.0019441e+07 1.8017984e+07 1.5093405e+07 
2.9498420e+06 1.3618556e+07 1.0666713e+07 
-2.2895718e+07 -2.0211835e+06 -7.2082370e+06 
1.5526871e+07 2.0808796e+07 1.8483998e+07 
5.0699245e+06 1.5069150e+07 1.2052042e+07 
7.7429019e+05 1.2089724e+07 9.2088980e+06 
-5.3230025e+06 7.6775320e+06 4.8670920e+06 
-1.5155785e+07 1.5102632e+06 -2.1833730e+06 
-1.3192863e+07 2.5958610e+06 -8.1918712e+05 
-3.0960658e+07 -4.5012950e+06 -1.1736133e+07 
-1.7211154e+07 4.6120041e+05 -3.5724170e+06 
-1.4642744e+06 1.0500192e+07 7.6730255e+06 
7.1381970e+06 1.6426519e+07 1.3371498e+07 
-1.1317029e+07 3.7140632e+06 5.1894250e+05 
1.8084558e+07 2.2028332e+07 2.0151238e+07 
-1.9365760e+07 -5.4760200e+05 -4.9856405e+06 
-2.5354602e+07 -2.9005565e+06 -8.6741840e+06 
-9.5241570e+06 4.8604920e+06 1.8291569e+06 
2.1410240e+07 2.3693682e+07 2.2063066e+07 
1.1975501e+07 1.9142346e+07 1.6312088e+07 
-2.9431044e+07 -4.1270382e+06 -1.0951815e+07 
-3.7766065e+06 8.8692900e+06 6.0554155e+06 
1.4702673e+07 2.0474626e+07 1.7980000e+07 
9.1542820e+06 1.7678516e+07 1.4631665e+07 
-2.1628048e+07 -1.5123434e+06 -6.4226640e+06 
-7.8111525e+06 6.0301115e+06 3.1088612e+06 
2.1024358e+06 1.3218916e+07 1.0221327e+07 
4.2145215e+06 1.4691721e+07 1.1610916e+07 
-6.6668398e+04 1.1668788e+07 8.7530230e+06 
1.7301304e+07 2.1686616e+07 1.9632856e+07 
2.0481156e+07 2.3138194e+07 2.1787410e+07 
6.2753675e+06 1.6070524e+07 1.2928385e+07 
-2.7950992e+07 -3.7237202e+06 -1.0161512e+07 
-6.1757650e+06 7.2170585e+06 4.3547115e+06 
-2.4008344e+07 -2.4288240e+06 -7.8831075e+06 
-2.3022148e+06 1.0060451e+07 7.2010200e+06 
-3.3795508e+07 -5.3974910e+06 -1.2889381e+07 
-1.4127891e+07 2.1381560e+06 -1.4133254e+06 
-1.6120308e+07 1.0596528e+06 -2.7956402e+06 
1.1114367e+07 1.8815586e+07 1.5838099e+07 
1.3864122e+07 2.0148396e+07 1.7483090e+07 
-1.2225804e+07 3.2511075e+06 -5.6690105e+04 
-1.8208808e+07 1.9415906e+04 -4.2025710e+06 
8.2866955e+06 1.7341582e+07 1.4180909e+07 
-1.0409671e+07 4.3943400e+06 1.2725242e+06 
-3.2278652e+07 -4.8409735e+06 -1.2457294e+07 
-2.0400748e+07 -9.7881512e+05 -5.6335580e+06 
-4.6164285e+06 8.4145060e+06 5.5626530e+06 
1.9747832e+07 2.2785514e+07 2.1262002e+07 
1.6499473e+07 2.1353556e+07 1.9117838e+07 
-2.6519128e+07 -3.2920600e+06 -9.3661880e+06 
1.2629931e+06 1.2814136e+07 9.7806630e+06 
3.3654750e+06 1.4310754e+07 1.1177329e+07 
-8.6762770e+06 5.5631025e+06 2.5718002e+06 
-8.9914944e+05 1.1241855e+07 8.2989240e+06 
5.4161740e+06 1.5713255e+07 1.2495180e+07 
-2.2705326e+07 -1.9310741e+06 -7.0883005e+06 
-3.0701068e+07 -4.4836150e+06 -1.1667409e+07 
1.0246452e+07 1.8494042e+07 1.5375170e+07 
1.3012653e+07 1.9830046e+07 1.6994772e+07 
-7.0233645e+06 6.7518540e+06 3.8378098e+06 
-3.1321272e+06 9.6145840e+06 6.7279955e+06 
1.8993188e+07 2.2440948e+07 2.0735960e+07 
7.4190300e+06 1.7006110e+07 1.3741672e+07 
1.5679895e+07 2.1029616e+07 1.8607760e+07 
-1.5064910e+07 1.6797284e+06 -2.0148085e+06 
-2.5133836e+07 -2.8328152e+06 -8.5664180e+06 
-1.7088686e+07 6.0920106e+05 -3.4155242e+06 
-2.9175348e+07 -4.0958208e+06 -1.0870214e+07 
-1.3134791e+07 2.7865170e+06 -6.3935700e+05 
-1.9212338e+07 -4.2132688e+05 -4.8406115e+06 
-1.1293650e+07 3.9255965e+06 7.0925206e+05 
-5.4494375e+06 7.9541060e+06 5.0664390e+06 
2.5245970e+06 1.3925143e+07 1.0750618e+07 
4.3284459e+05 1.2403343e+07 9.3437740e+06 
1.2149948e+07 1.9519348e+07 1.6516570e+07 
-2.1443876e+07 -1.4080549e+06 -6.2896615e+06 
4.5628365e+06 1.5353472e+07 1.2071647e+07 
9.3740230e+06 1.8176894e+07 1.4924369e+07 
-1.7223090e+06 1.0808337e+07 7.8455165e+06 
-9.5381190e+06 5.0924995e+06 2.0286276e+06 
1.8217490e+07 2.2105360e+07 2.0210730e+07 
-3.3516260e+07 -5.3929730e+06 -1.2836293e+07 
-2.7699966e+07 -3.6784945e+06 -1.0067015e+07 
1.4843613e+07 2.0715134e+07 1.8104272e+07 
6.5537630e+06 1.6670879e+07 1.3314263e+07 
-2.3793350e+07 -2.3467878e+06 -7.7624675e+06 
-3.9536088e+06 9.1623000e+06 6.2528590e+06 
-7.8659080e+06 6.2820305e+06 3.3155082e+06 
-3.1994844e+07 -4.8320595e+06 -1.2391945e+07 
-1.6004388e+07 1.2209955e+06 -2.6240870e+06 
1.1277975e+07 1.9215864e+07 1.6049998e+07 
1.7421162e+07 2.1779544e+07 1.9687880e+07 
-1.4044413e+07 2.3206822e+06 -1.2295751e+06 
-1.8061438e+07 1.5934670e+05 -4.0434362e+06 
1.6935779e+06 1.3533805e+07 1.0329912e+07 
8.4995900e+06 1.7863114e+07 1.4486602e+07 
-3.8684688e+05 1.1985735e+07 8.9095650e+06 
-6.2755930e+06 7.4880695e+06 4.5657685e+06 
-2.6273140e+07 -3.2325532e+06 -9.2586560e+06 
3.7175362e+06 1.4989894e+07 1.1657302e+07 
-1.2176470e+07 3.4546105e+06 1.3873106e+05 
2.0818710e+07 2.3275968e+07 2.1545532e+07 
-2.0222330e+07 -8.6056675e+05 -5.4869395e+06 
1.3991900e+07 2.0410286e+07 1.7609096e+07 
-3.0420158e+07 -4.4610675e+06 -1.1588136e+07 
-2.5354860e+06 1.0367747e+07 7.3916280e+06 
-1.0396990e+07 4.6185930e+06 1.4786195e+06 
5.6934505e+06 1.6334538e+07 1.2898729e+07 
-2.2495820e+07 -1.8348274e+06 -6.9543650e+06 
-4.7664300e+06 8.7034200e+06 5.7744805e+06 
1.6604812e+07 2.1464214e+07 1.9169102e+07 
-8.7036220e+06 5.8077900e+06 2.7869508e+06 
1.0399014e+07 1.8918930e+07 1.5596511e+07 
-2.8898276e+07 -4.0591508e+06 -1.0777215e+07 
1.9862768e+07 2.2724028e+07 2.1263524e+07 
-2.4892924e+07 -2.7589390e+06 -8.4456180e+06 
7.6258785e+06 1.7551470e+07 1.4062552e+07 
1.3126286e+07 2.0115082e+07 1.7124024e+07 
8.7394675e+05 1.3135712e+07 9.9141470e+06 
2.8823625e+06 1.4621229e+07 1.1251406e+07 
-1.1951114e+06 1.1560608e+07 8.4768110e+06 
-1.6946820e+07 7.6240425e+05 -3.2415780e+06 
-1.4955139e+07 1.8540359e+06 -1.8278206e+06 
-3.3212866e+07 -5.3838980e+06 -1.2773522e+07 
-7.0950025e+06 7.0164815e+06 4.0596418e+06 
-1.9039100e+07 -2.8945209e+05 -4.6797640e+06 
-1.3058572e+07 2.9817890e+06 -4.3960359e+05 
-3.3382132e+06 9.9197150e+06 6.9360175e+06 
4.8406670e+06 1.5995646e+07 1.2494829e+07 
1.5769276e+07 2.1159972e+07 1.8656206e+07 
-2.1239380e+07 -1.2978290e+06 -6.1419430e+06 
1.9092646e+07 2.2391830e+07 2.0728214e+07 
-2.7427228e+07 -3.6274158e+06 -9.9603360e+06 
-1.1253290e+07 4.1417440e+06 9.2109544e+05 
9.5156810e+06 1.8627624e+07 1.5157446e+07 
-3.1686852e+07 -4.8186050e+06 -1.2315903e+07 
1.2248604e+07 1.9829324e+07 1.6650904e+07 
-5.5705360e+06 8.2378775e+06 5.2917160e+06 
-2.3557268e+07 -2.2586280e+06 -7.6280850e+06 
6.7557820e+06 1.7240534e+07 1.3652627e+07 
-9.5368460e+06 5.3294235e+06 2.2513182e+06 
6.7035062e+04 1.2729917e+07 9.5020800e+06 
2.0592592e+06 1.4246209e+07 1.0852974e+07 
1.4915627e+07 2.0867272e+07 1.8151110e+07 
1.8299772e+07 2.2070610e+07 2.0194128e+07 
-1.9911920e+06 1.1127367e+07 8.0441800e+06 
-3.0115260e+07 -4.4332930e+06 -1.1497376e+07 
-2.6004864e+07 -3.1669718e+06 -9.1382210e+06 
3.9979408e+06 1.5652703e+07 1.2102020e+07 
-7.9079130e+06 6.5395305e+06 3.5470860e+06 
-1.7892722e+07 3.0442388e+05 -3.8676632e+06 
-1.5867466e+07 1.3870445e+06 -2.4345248e+06 
-4.1302255e+06 9.4639890e+06 6.4774010e+06 
8.6309140e+06 1.8340756e+07 1.4733942e+07 
1.1361057e+07 1.9552568e+07 1.6191611e+07 
-2.0022216e+07 -7.3672400e+05 -5.3248735e+06 
-1.3940443e+07 2.5075875e+06 -1.0262651e+06 
5.8922915e+06 1.6928724e+07 1.3256906e+07 
-1.2107493e+07 3.6623792e+06 3.5542878e+05 
-2.2264090e+07 -1.7326315e+06 -6.8060010e+06 
1.7484504e+07 2.1761352e+07 1.9663044e+07 
1.4045186e+07 2.0586402e+07 1.7655848e+07 
-6.3660425e+06 7.7657255e+06 4.8034285e+06 
-2.8597104e+07 -4.0167630e+06 -1.0671995e+07 
-7.2605331e+05 1.2315581e+07 9.0923180e+06 
1.2499754e+06 1.3863631e+07 1.0460789e+07 
-1.0366021e+07 4.8473040e+06 1.7078439e+06 
-2.4628914e+07 -2.6789460e+06 -8.3112430e+06 
-3.2882826e+07 -5.3697940e+06 -1.2699946e+07 
-2.7745582e+06 1.0685548e+07 7.6102620e+06 
3.1676820e+06 1.5304198e+07 1.1719454e+07 
7.7479395e+06 1.8056870e+07 1.4326850e+07 
1.0466284e+07 1.9284084e+07 1.5747979e+07 
-8.7147050e+06 6.0575065e+06 3.0271700e+06 
1.6647398e+07 2.1464950e+07 1.9136910e+07 
-4.9114595e+06 9.0004520e+06 6.0144760e+06 
-2.7130006e+07 -3.5703200e+06 -9.8407620e+06 
5.0384165e+06 1.6614343e+07 1.2875115e+07 
1.3159566e+07 2.0317452e+07 1.7172590e+07 
-1.6781914e+07 9.2020050e+05 -3.0500698e+06 
-3.1352160e+07 -4.8001595e+06 -1.2228119e+07 
-1.8842612e+07 -1.5246262e+05 -4.5026885e+06 
-1.4822609e+07 2.0325019e+06 -1.6217090e+06 
2.0139584e+07 2.2756184e+07 2.0930184e+07 
-2.1011332e+07 -1.1819918e+06 -5.9791070e+06 
-1.2960132e+07 3.1809842e+06 -2.1894364e+05 
-7.1532310e+06 7.2871335e+06 4.3085080e+06 
4.5602253e+05 1.3472384e+07 1.0073431e+07 
-1.5044648e+06 1.1891992e+07 8.6833460e+06 
-2.3297060e+07 -2.1644900e+06 -7.4794865e+06 
9.5673830e+06 1.9022798e+07 1.5321691e+07 
2.3521190e+06 1.4948654e+07 1.1345988e+07 
6.8701905e+06 1.7774270e+07 1.3936667e+07 
1.5789289e+07 2.1182196e+07 1.8617832e+07 
-1.1191673e+07 4.3618825e+06 1.1558236e+06 
-3.5449140e+06 1.0234825e+07 7.1735975e+06 
-2.9783794e+07 -4.3999390e+06 -1.1394203e+07 
1.2260773e+07 2.0060290e+07 1.6703649e+07 
1.9148448e+07 2.2207650e+07 2.0639922e+07 
-2.5711456e+07 -3.0952682e+06 -9.0042680e+06 
4.1970960e+06 1.6295629e+07 1.2506605e+07 
-5.6820515e+06 8.5291160e+06 5.5459470e+06 
-9.5158750e+06 5.5707960e+06 2.4990225e+06 
-1.7699004e+07 4.5401312e+05 -3.6747888e+06 
-1.9797006e+07 -6.0776631e+05 -5.1469635e+06 
1.4911259e+07 2.0913700e+07 1.8108058e+07 
-1.5705618e+07 1.5570598e+06 -2.2263282e+06 
8.6679000e+06 1.8767284e+07 1.4914163e+07 
-2.8269192e+07 -3.9684112e+06 -1.0553749e+07 
-3.2135947e+05 1.3071484e+07 9.6893060e+06 
1.8331184e+07 2.1900572e+07 2.0091526e+07 
6.0012155e+06 1.7491072e+07 1.3563467e+07 
-2.2006978e+07 -1.6247791e+06 -6.6427885e+06 
-2.2676110e+06 1.1458583e+07 8.2735600e+06 
-3.2523736e+07 -5.3501845e+06 -1.2614456e+07 
-7.9325355e+06 6.8023885e+06 3.8058938e+06 
-1.3811783e+07 2.6980922e+06 -8.0251419e+05 
1.5532379e+06 1.4584669e+07 1.0980212e+07 
1.1351341e+07 1.9814468e+07 1.6251425e+07 
-4.3021985e+06 9.7750160e+06 6.7327050e+06 
-2.4338878e+07 -2.5929235e+06 -8.1627690e+06 
-1.2014401e+07 3.8736780e+06 5.9462931e+05 
3.3711082e+06 1.5970818e+07 1.2150359e+07 
1.4014623e+07 2.0659886e+07 1.7610036e+07 
-3.0988352e+07 -4.7762710e+06 -1.2127563e+07 
-6.4423290e+06 8.0501290e+06 5.0705505e+06 
1.7489244e+07 2.1608306e+07 1.9546878e+07 
-1.0312026e+07 5.0798735e+06 1.9618458e+06 
-2.6805586e+07 -3.5070830e+06 -9.7076020e+06 
7.7717500e+06 1.8515768e+07 1.4526418e+07 
1.0434443e+07 1.9579142e+07 1.5818273e+07 
5.1445560e+06 1.7205254e+07 1.3206875e+07 
-1.0812280e+06 1.2660093e+07 9.3066800e+06 
-1.8619252e+07 -1.1001021e+04 -4.3089640e+06 
-3.0151770e+06 1.1014946e+07 7.8612975e+06 
7.7273300e+05 1.4210960e+07 1.0620478e+07 
-1.6590024e+07 1.0818095e+06 -2.8404512e+06 
-2.0756402e+07 -1.0610006e+06 -5.8007655e+06 
-8.7045300e+06 6.3118860e+06 3.2945925e+06 
-1.4663050e+07 2.2142760e+06 -1.3956984e+06 
-2.9423280e+07 -4.3606660e+06 -1.1277718e+07 
-2.3009672e+07 -2.0646174e+06 -7.3162265e+06 
1.3101030e+07 2.0421004e+07 1.7126506e+07 
-5.0465815e+06 9.3060930e+06 6.2861100e+06 
1.6623078e+07 2.1332008e+07 1.9008256e+07 
2.5629912e+06 1.5638194e+07 1.1805014e+07 
-1.2834859e+07 3.3832685e+06 2.3716939e+04 
6.8830945e+06 1.8266186e+07 1.4158992e+07 
-2.5390120e+07 -3.0174592e+06 -8.8562190e+06 
9.5139190e+06 1.9352994e+07 1.5406329e+07 
-7.1927980e+06 7.5637685e+06 4.5870765e+06 
4.3036345e+06 1.6914744e+07 1.2866055e+07 
-1.1103845e+07 4.5852950e+06 1.4149296e+06 
-1.8229524e+06 1.2237541e+07 8.9237250e+06 
-3.2133308e+07 -5.3245960e+06 -1.2515963e+07 
1.5733541e+07 2.1072744e+07 1.8478136e+07 
1.1968911e+04 1.3826389e+07 1.0264947e+07 
1.2172711e+07 2.0197030e+07 1.6660507e+07 
-2.7911992e+07 -3.9138812e+06 -1.0421705e+07 
-3.7471202e+06 1.0560834e+07 7.4448775e+06 
-1.9543150e+07 -4.7432747e+05 -4.9528295e+06 
1.7749715e+06 1.5296144e+07 1.1468898e+07 
-9.4699110e+06 5.8161245e+06 2.7736945e+06 
-1.7476372e+07 6.0731062e+05 -3.4643398e+06 
1.9351102e+07 2.2108442e+07 2.0192232e+07 
-2.1721270e+07 -1.5116892e+06 -6.4643420e+06 
-5.7784540e+06 8.8281730e+06 5.8323765e+06 
-1.5514548e+07 1.7301352e+06 -1.9988309e+06 
6.0061920e+06 1.8016240e+07 1.3811866e+07 
8.5942170e+06 1.9134226e+07 1.5017312e+07 
-2.4019902e+07 -2.5010512e+06 -7.9997175e+06 
-1.3653736e+07 2.8912795e+06 -5.5736531e+05 
-3.0593132e+07 -4.7464980e+06 -1.2013234e+07 
3.4816355e+06 1.6617482e+07 1.2539728e+07 
1.4821630e+07 2.0831308e+07 1.7959182e+07 
1.1232744e+07 1.9987508e+07 1.6215247e+07 
-7.9341275e+06 7.0704370e+06 4.0943912e+06 
-2.6451342e+07 -3.4376358e+06 -9.5602150e+06 
-1.1892087e+07 4.0876862e+06 8.5766238e+05 
1.8313346e+07 2.1563318e+07 1.9891120e+07 
-2.5462205e+06 1.1803334e+07 8.5385550e+06 
-7.2804494e+05 1.3429995e+07 9.9116300e+06 
-4.4636645e+06 1.0096171e+07 7.0226290e+06 
1.0089098e+06 1.4943205e+07 1.1140075e+07 
7.6802410e+06 1.8920586e+07 1.4652362e+07 
5.1452335e+06 1.7763516e+07 1.3484441e+07 
-2.9031360e+07 -4.3151585e+06 -1.1147060e+07 
-1.0229478e+07 5.3156970e+06 2.2423905e+06 
1.3888470e+07 2.0608352e+07 1.7454468e+07 
-6.4984135e+06 8.3415210e+06 5.3701275e+06 
-1.8365186e+07 1.3412220e+05 -4.0981908e+06 
-2.0471160e+07 -9.3546344e+05 -5.6065730e+06 
1.0285211e+07 1.9791366e+07 1.5793826e+07 
-1.6366886e+07 1.2462860e+06 -2.6121630e+06 
2.6814132e+06 1.6311493e+07 1.2226211e+07 
-2.2692046e+07 -1.9593740e+06 -7.1379145e+06 
1.7434400e+07 2.1288000e+07 1.9325236e+07 
-1.4471735e+07 2.3983720e+06 -1.1489718e+06 
-2.5038122e+07 -2.9336445e+06 -8.6935550e+06 
-8.6671300e+06 6.5706540e+06 3.5914565e+06 
-1.4466674e+06 1.3021006e+07 9.5584400e+06 
-3.2510348e+06 1.1357163e+07 8.1492630e+06 
-3.1709396e+07 -5.2925630e+06 -1.2403408e+07 
6.7771365e+06 1.8709472e+07 1.4311924e+07 
-1.2677552e+07 3.5877318e+06 2.8954000e+05 
1.2935649e+07 2.0404444e+07 1.6967718e+07 
4.3041855e+06 1.7505558e+07 1.3175548e+07 
2.6626191e+05 1.4578094e+07 1.0816404e+07 
-5.1652870e+06 9.6210440e+06 6.5929245e+06 
-2.7523076e+07 -3.8530065e+06 -1.0275150e+07 
1.6527930e+07 2.1032818e+07 1.8766640e+07 
9.3351760e+06 1.9606848e+07 1.5398918e+07 
1.9054100e+06 1.5994951e+07 1.1923478e+07 
-1.0984112e+07 4.8112785e+06 1.6999835e+06 
-7.2072455e+06 7.8465425e+06 4.8980740e+06 
-1.9256946e+07 -3.3720766e+05 -4.7421380e+06 
-2.1403696e+07 -1.3939269e+06 -6.2703425e+06 
-3.0164362e+07 -4.7104150e+06 -1.1884182e+07 
-1.7220644e+07 7.6334762e+05 -3.2358630e+06 
1.1965809e+07 2.0219778e+07 1.6503248e+07 
-2.3669118e+07 -2.4036218e+06 -7.8216865e+06 
5.8900615e+06 1.8498052e+07 1.3995693e+07 
1.5594900e+07 2.0799280e+07 1.8218284e+07 
-1.5289559e+07 1.9052308e+06 -1.7513554e+06 
-2.1436270e+06 1.2598854e+07 9.2032390e+06 
-9.3927400e+06 6.0650460e+06 3.0773462e+06 
3.4866505e+06 1.7239982e+07 1.2883498e+07 
-3.9377025e+06 1.0898904e+07 7.7539665e+06 
8.3884940e+06 1.9431512e+07 1.5032489e+07 
-2.6064752e+07 -3.3619850e+06 -9.3980330e+06 
-4.5194341e+05 1.4199738e+07 1.0495594e+07 
-5.8527005e+06 9.1357010e+06 6.1542075e+06 
-1.3461065e+07 3.0861615e+06 -2.8982662e+05 
1.1556011e+06 1.5666225e+07 1.1629222e+07 
-2.8605830e+07 -4.2631410e+06 -1.1001439e+07 
1.0983116e+07 2.0053794e+07 1.6065539e+07 
1.4635828e+07 2.0588306e+07 1.7683366e+07 
-7.9059015e+06 7.3437730e+06 4.4150325e+06 
-1.1734753e+07 4.3036145e+06 1.1459006e+06 
5.0239570e+06 1.8283402e+07 1.3702622e+07 
-2.0152080e+07 -8.0615288e+05 -5.3962570e+06 
7.4514925e+06 1.9262366e+07 1.4695592e+07 
2.6957590e+06 1.6964554e+07 1.2606149e+07 
-2.2341116e+07 -1.8492655e+06 -6.9442505e+06 
-1.8076364e+07 2.8193131e+05 -3.8700172e+06 
1.8422876e+07 2.1296764e+07 1.9296506e+07 
-2.8190132e+06 1.2163175e+07 8.8438800e+06 
-3.1250026e+07 -5.2536405e+06 -1.2275786e+07 
-4.6068170e+06 1.0428615e+07 7.3508350e+06 
-1.1451109e+06 1.3807286e+07 1.0175265e+07 
-2.4652822e+07 -2.8440308e+06 -8.5158510e+06 
-1.0111992e+07 5.5543360e+06 2.5512620e+06 
-1.6107884e+07 1.4125496e+06 -2.3646670e+06 
1.3651159e+07 2.0401078e+07 1.7166134e+07 
9.9933750e+06 1.9904908e+07 1.5658676e+07 
-6.5268310e+06 8.6405460e+06 5.7050205e+06 
4.3346169e+05 1.5323913e+07 1.1340932e+07 
-2.7100164e+07 -3.7856870e+06 -1.0113459e+07 
-1.4243454e+07 2.5837378e+06 -8.8070700e+05 
4.1833495e+06 1.8062646e+07 1.3430980e+07 
1.7321174e+07 2.0754734e+07 1.8980504e+07 
6.5306205e+06 1.9096040e+07 1.4388274e+07 
-8.5954750e+06 6.8338680e+06 3.9199465e+06 
-1.2482377e+07 3.7935090e+06 5.7970081e+05 
-2.9700090e+07 -4.6676255e+06 -1.1739524e+07 
1.9340888e+06 1.6677254e+07 1.2340993e+07 
1.2642335e+07 2.0238912e+07 1.6672321e+07 
-3.4732598e+06 1.1713810e+07 8.4782550e+06 
9.0037670e+06 1.9770468e+07 1.5285823e+07 
-1.8130722e+06 1.3400115e+07 9.8530030e+06 
-2.1050952e+07 -1.2722198e+06 -6.0605715e+06 
-5.2592375e+06 9.9465280e+06 6.9381235e+06 
-1.8934526e+07 -1.9737306e+05 -4.5146350e+06 
-2.3283708e+07 -2.3010645e+06 -7.6283845e+06 
-1.0825991e+07 5.0393305e+06 2.0125440e+06 
1.6358879e+07 2.0521204e+07 1.8390684e+07 
-1.6927346e+07 9.2101869e+05 -2.9889555e+06 
-2.6004578e+05 1.4966864e+07 1.1055965e+07 
-2.5643436e+07 -3.2802355e+06 -9.2205980e+06 
-7.1887945e+06 8.1361235e+06 5.2440245e+06 
3.3721952e+06 1.7833066e+07 1.3178447e+07 
5.6321035e+06 1.8928992e+07 1.4109583e+07 
-1.5025527e+07 2.0812405e+06 -1.4832482e+06 
-2.8144690e+07 -4.2043940e+06 -1.0840157e+07 
1.1613130e+07 2.0102326e+07 1.6208561e+07 
1.2036194e+06 1.6376327e+07 1.2085252e+07 
-9.2771770e+06 6.3175930e+06 3.4118998e+06 
8.0223340e+06 1.9646928e+07 1.4948861e+07 
-1.3227971e+07 3.2818070e+06 1.0817668e+03 
1.5365597e+07 2.0315752e+07 1.7813016e+07 
-4.1071192e+06 1.1250792e+07 8.1043265e+06 
-2.4560672e+06 1.2977830e+07 9.5264100e+06 
-3.0753452e+07 -5.2074145e+06 -1.2132161e+07 
-5.8960610e+06 9.4530400e+06 6.5142005e+06 
-9.2446556e+05 1.4594188e+07 1.0771616e+07 
-2.1953844e+07 -1.7349569e+06 -6.7350600e+06 
4.7616500e+06 1.8757714e+07 1.3857650e+07 
-1.9795534e+07 -6.7400881e+05 -5.1696530e+06 
2.5937718e+06 1.7592204e+07 1.2942229e+07 
-1.1535893e+07 4.5209045e+06 1.4606826e+06 
-2.4231690e+07 -2.7489535e+06 -8.3228125e+06 
1.0570224e+07 1.9990248e+07 1.5781241e+07 
-7.8398680e+06 7.6231120e+06 4.7700210e+06 
-1.7748514e+07 4.3131019e+05 -3.6241722e+06 
1.4339787e+07 2.0139132e+07 1.7251498e+07 
7.0573885e+06 1.9530132e+07 1.4648233e+07 
-2.6641174e+07 -3.7119112e+06 -9.9361250e+06 
5.0571388e+05 1.6060310e+07 1.1835973e+07 
-1.5808048e+07 1.5794529e+06 -2.0974752e+06 
-9.9523060e+06 5.7958080e+06 2.8901315e+06 
-2.9198620e+07 -4.6177790e+06 -1.1578481e+07 
-1.3972505e+07 2.7693822e+06 -5.9011675e+05 
-3.0747178e+06 1.2540253e+07 9.1931520e+06 
-4.7216360e+06 1.0774341e+07 7.7201640e+06 
9.5228360e+06 1.9899786e+07 1.5395426e+07 
3.9242308e+06 1.8578896e+07 1.3629835e+07 
-6.5185940e+06 8.9487000e+06 6.0775680e+06 
-1.5598274e+06 1.4205250e+07 1.0485182e+07 
1.8506171e+06 1.7337920e+07 1.2719190e+07 
1.3280190e+07 1.9994228e+07 1.6713243e+07 
6.1169560e+06 1.9415656e+07 1.4382971e+07 
-1.2242873e+07 3.9999882e+06 8.9532462e+05 
-8.4814630e+06 7.1023095e+06 4.2819665e+06 
-2.2860952e+07 -2.1939638e+06 -7.4196675e+06 
-2.0659702e+07 -1.1474640e+06 -5.8349450e+06 
-1.5887347e+05 1.5728042e+07 1.1590116e+07 
-2.5185198e+07 -3.1926132e+06 -9.0275970e+06 
-1.8571874e+07 -5.5935375e+04 -4.2701740e+06 
1.7307628e+07 2.0267938e+07 1.8189136e+07 
-1.6591717e+07 1.0791451e+06 -2.7232922e+06 
-2.7646190e+07 -4.1387752e+06 -1.0662648e+07 
8.4817550e+06 1.9826500e+07 1.5054182e+07 
1.2188677e+07 1.9884126e+07 1.6208451e+07 
-1.0622223e+07 5.2694560e+06 2.3540465e+06 
3.1239365e+06 1.8389560e+07 1.3422895e+07 
-3.6699935e+06 1.2087412e+07 8.8509970e+06 
-5.3181140e+06 1.0284846e+07 7.3239655e+06 
1.1445101e+06 1.7068430e+07 1.2505974e+07 
5.2083280e+06 1.9299114e+07 1.4150850e+07 
-1.4716912e+07 2.2571205e+06 -1.1939110e+06 
-2.1666140e+06 1.3799662e+07 1.0194020e+07 
-3.0218214e+07 -5.1535195e+06 -1.1971703e+07 
-7.1283225e+06 8.4341990e+06 5.6268840e+06 
1.6115731e+07 1.9729228e+07 1.7852476e+07 
-7.8996956e+05 1.5378662e+07 1.1344635e+07 
-1.2948101e+07 3.4775518e+06 3.1627853e+05 
-9.1150930e+06 6.5746190e+06 3.7789880e+06 
7.4582300e+06 1.9764950e+07 1.4758338e+07 
1.1072692e+07 1.9809310e+07 1.5747779e+07 
-2.1527246e+07 -1.6172829e+06 -6.5103285e+06 
-2.3772368e+07 -2.6488998e+06 -8.1143145e+06 
-1.9397820e+07 -5.4012275e+05 -4.9267325e+06 
2.3639048e+06 1.8187140e+07 1.3233164e+07 
-2.6144280e+07 -3.6317785e+06 -9.7428060e+06 
4.3377515e+06 1.9176418e+07 1.3948624e+07 
1.5038067e+07 1.9553318e+07 1.7227308e+07 
4.7648425e+05 1.6782314e+07 1.2299127e+07 
-1.7377148e+07 5.8106062e+05 -3.3604872e+06 
-4.2431750e+06 1.1619523e+07 8.4978400e+06 
-1.1288320e+07 4.7395455e+06 1.8032232e+06 
-5.8980810e+06 9.7828560e+06 6.9140855e+06 
-2.8658566e+07 -4.5605895e+06 -1.1400413e+07 
-2.7457200e+06 1.3377262e+07 9.8955870e+06 
-1.5462061e+07 1.7459031e+06 -1.8101742e+06 
-7.7268795e+06 7.9103530e+06 5.1609750e+06 
9.9448940e+06 1.9766680e+07 1.5339714e+07 
6.4629945e+06 1.9709308e+07 1.4506608e+07 
-1.3879396e+06 1.5011589e+07 1.1096551e+07 
1.3913440e+07 1.9414520e+07 1.6621720e+07 
-9.7423480e+06 6.0410375e+06 3.2603912e+06 
1.6463062e+06 1.7969532e+07 1.3056728e+07 
-1.3652712e+07 2.9545875e+06 -2.7648225e+05 
3.5102495e+06 1.9043956e+07 1.3772293e+07 
-1.5313041e+05 1.6478510e+07 1.2095193e+07 
-2.2398256e+07 -2.0830752e+06 -7.1955800e+06 
-2.4688082e+07 -3.0994890e+06 -8.8189110e+06 
-2.0226620e+07 -1.0207149e+06 -5.5935430e+06 
-4.7958140e+06 1.1136970e+07 8.1317370e+06 
8.8210060e+06 1.9750142e+07 1.4989134e+07 
-2.7108904e+07 -4.0662430e+06 -1.0468523e+07 
-3.2984065e+06 1.2938096e+07 9.5874830e+06 
-6.4632565e+06 9.2690610e+06 6.4890460e+06 
5.5055585e+06 1.9653882e+07 1.4295925e+07 
-1.8164844e+07 8.5899570e+04 -4.0087390e+06 
-1.1951994e+07 4.2071375e+06 1.2374201e+06 
1.2738489e+07 1.9322150e+07 1.6051219e+07 
-1.9536345e+06 1.4626498e+07 1.0843000e+07 
-8.3160155e+06 7.3780925e+06 4.6788510e+06 
-2.9643220e+07 -5.0916610e+06 -1.1793721e+07 
-1.6208734e+07 1.2365916e+06 -2.4386402e+06 
9.7238050e+05 1.7735088e+07 1.2889580e+07 
2.7295522e+06 1.8898700e+07 1.3617370e+07 
-1.0364862e+07 5.5026395e+06 2.7256715e+06 
7.7173850e+06 1.9751878e+07 1.4697043e+07 
-7.4464719e+05 1.6156290e+07 1.1890807e+07 
-1.4357783e+07 2.4320952e+06 -8.8281925e+05 
4.5937840e+06 1.9593508e+07 1.4121880e+07 
1.1519446e+07 1.9282262e+07 1.5535652e+07 
-5.3296945e+06 1.0640295e+07 7.7509160e+06 
-3.8262525e+06 1.2482393e+07 9.2674760e+06 
-2.3272710e+07 -2.5445260e+06 -7.8904450e+06 
-2.1058418e+07 -1.4972450e+06 -6.2702355e+06 
-2.5607978e+07 -3.5455270e+06 -9.5333680e+06 
-7.0155155e+06 8.7442770e+06 6.0475545e+06 
-1.2614616e+07 3.6733292e+06 6.5657919e+05 
-2.4883318e+06 1.4223294e+07 1.0581283e+07 
-1.8955190e+07 -4.0569522e+05 -4.6676255e+06 
-2.8078948e+07 -4.4958580e+06 -1.1204863e+07 
1.9981185e+06 1.8738234e+07 1.3479127e+07 
3.4250419e+05 1.7482602e+07 1.2727755e+07 
-8.8975660e+06 6.8384470e+06 4.1797132e+06 
1.5936057e+07 1.8940010e+07 1.6783970e+07 
6.6491395e+06 1.9763616e+07 1.4461048e+07 
-1.6957598e+07 7.3000988e+05 -3.0789078e+06 
1.0275031e+07 1.9292164e+07 1.5090813e+07 
3.7336998e+06 1.9523794e+07 1.3979162e+07 
-1.2989505e+06 1.5815217e+07 1.1682761e+07 
-1.0984282e+07 4.9605635e+06 2.1745188e+06 
-1.5064303e+07 1.9110644e+06 -1.5024306e+06 
-5.8467930e+06 1.0130173e+07 7.3537930e+06 
-4.3311070e+06 1.2010540e+07 8.9335190e+06 
1.4605384e+07 1.8399096e+07 1.6409866e+07 
-7.5568585e+06 8.2094370e+06 5.5885100e+06 
5.6289925e+06 1.9777572e+07 1.4276178e+07 
1.3172174e+06 1.8560758e+07 1.3352801e+07 
-2.9936740e+06 1.3802074e+07 1.0308895e+07 
-2.4150446e+07 -3.0014022e+06 -8.5946540e+06 
-2.4371817e+05 1.7211268e+07 1.2567429e+07 
-2.1893216e+07 -1.9693280e+06 -6.9563890e+06 
9.0310030e+06 1.9342182e+07 1.4724652e+07 
-2.6531826e+07 -3.9868832e+06 -1.0257616e+07 
-1.3277507e+07 3.1392372e+06 6.0828297e+04 
-1.9748418e+07 -8.9315281e+05 -5.3366355e+06 
2.9294930e+06 1.9441218e+07 1.3861978e+07 
-9.4734210e+06 6.2925335e+06 3.6629630e+06 
-2.9027844e+07 -5.0216410e+06 -1.1597714e+07 
-1.8174170e+06 1.5455108e+07 1.1468051e+07 
-1.7709190e+07 2.2692861e+05 -3.7304502e+06 
1.3320750e+07 1.8299984e+07 1.5731438e+07 
-1.1602242e+07 4.4159970e+06 1.6068228e+06 
4.6667785e+06 1.9787064e+07 1.4135758e+07 
7.8136745e+06 1.9419440e+07 1.4437409e+07 
-1.5773149e+07 1.3924564e+06 -2.1348552e+06 
-4.8150440e+06 1.1523063e+07 8.5837660e+06 
6.8705050e+05 1.8365020e+07 1.3233764e+07 
-6.3492415e+06 9.6073990e+06 6.9389805e+06 
-7.8735062e+05 1.6920622e+07 1.2405007e+07 
-3.4716105e+06 1.3363100e+07 1.0023543e+07 
-8.0893750e+06 7.6655755e+06 5.1110130e+06 
2.1836262e+06 1.9343148e+07 1.3764393e+07 
1.1955241e+07 1.8282080e+07 1.5120508e+07 
-2.5031172e+07 -3.4535580e+06 -9.3079370e+06 
-1.3941902e+07 2.6059810e+06 -5.4951919e+05 
-2.2730860e+07 -2.4366700e+06 -7.6515450e+06 
-2.3018365e+06 1.5075988e+07 1.1243913e+07 
-2.7459284e+07 -4.4235020e+06 -1.0991615e+07 
-1.0045495e+07 5.7415435e+06 3.1282075e+06 
-2.0544610e+07 -1.3759878e+06 -6.0151815e+06 
3.7693895e+06 1.9786770e+07 1.4032196e+07 
6.6457765e+06 1.9510952e+07 1.4223477e+07 
-1.8463890e+07 -2.7195109e+05 -4.3926240e+06 
1.0689548e+05 1.8150264e+07 1.3117645e+07 
-1.2220332e+07 3.8701630e+06 1.0226761e+06 
1.0533648e+07 1.8348662e+07 1.4612839e+07 
1.4970235e+06 1.9227770e+07 1.3680603e+07 
-5.2803170e+06 1.1020606e+07 8.2165750e+06 
-1.2900180e+06 1.6610484e+07 1.2237174e+07 
-6.8392955e+06 9.0728760e+06 6.5052915e+06 
-1.6485062e+07 8.7718781e+05 -2.7794790e+06 
-3.9243382e+06 1.2906770e+07 9.7231570e+06 
-8.6152190e+06 7.1138170e+06 4.6143710e+06 
5.5447005e+06 1.9605458e+07 1.4073577e+07 
2.9409892e+06 1.9772776e+07 1.3957617e+07 
-2.7543342e+06 1.4678046e+07 1.1007841e+07 
-1.4608930e+07 2.0746661e+06 -1.1739668e+06 
-1.0615701e+07 5.1867300e+06 2.5752650e+06 
-2.5914454e+07 -3.9009392e+06 -1.0030042e+07 
-2.3571036e+07 -2.8990768e+06 -8.3552260e+06 
9.1047390e+06 1.8480970e+07 1.4222823e+07 
-2.1343668e+07 -1.8538121e+06 -6.7026150e+06 
-2.8372046e+07 -4.9433910e+06 -1.1383426e+07 
-4.2474122e+05 1.7916126e+07 1.3000420e+07 
8.6929281e+05 1.9093980e+07 1.3605138e+07 
-1.7538002e+06 1.6280892e+07 1.2060928e+07 
-1.9221908e+07 -7.6601362e+05 -5.0646830e+06 
-5.7293230e+06 1.0503913e+07 7.8305115e+06 
-1.2840069e+07 3.3243022e+06 4.2237544e+05 
-7.3192990e+06 8.5276020e+06 6.0517435e+06 
4.5222970e+06 1.9694204e+07 1.3976619e+07 
-4.3542510e+06 1.2433584e+07 9.4058930e+06 
2.1833655e+06 1.9742470e+07 1.3904334e+07 
1.4164515e+07 1.7156364e+07 1.4889125e+07 
-1.7200620e+07 3.6611216e+05 -3.4355438e+06 
-9.1365750e+06 6.5553680e+06 4.0980998e+06 
7.7175515e+06 1.8653500e+07 1.3946375e+07 
-3.1772995e+06 1.4261598e+07 1.0757594e+07 
-9.0997400e+05 1.7662552e+07 1.2878465e+07 
-1.5279582e+07 1.5463652e+06 -1.8118390e+06 
2.9896084e+05 1.8941266e+07 1.3532992e+07 
-1.1185917e+07 4.6293950e+06 2.0041672e+06 
-2.4413274e+07 -3.3564598e+06 -9.0669530e+06 
-2.6799730e+07 -4.3435845e+06 -1.0760751e+07 
-2.1811318e+06 1.5932046e+07 1.1873594e+07 
3.5854472e+06 1.9771026e+07 1.3921071e+07 
1.2486816e+07 1.6598721e+07 1.4494304e+07 
-2.2145316e+07 -2.3263470e+06 -7.3982445e+06 
1.4963384e+06 1.9694348e+07 1.3865171e+07 
-6.1645660e+06 9.9738180e+06 7.4243450e+06 
6.4094420e+06 1.8843348e+07 1.3768719e+07 
-1.9983262e+07 -1.2547435e+06 -5.7457920e+06 
-4.7638925e+06 1.1944133e+07 9.0701270e+06 
-7.7916585e+06 7.9726655e+06 5.5775600e+06 
-1.3462868e+07 2.7796580e+06 -1.9357836e+05 
-3.5733210e+06 1.3827045e+07 1.0491190e+07 
-9.6556350e+06 5.9915050e+06 3.5619312e+06 
-1.7920220e+07 -1.3999750e+05 -4.1021590e+06 
-1.3513959e+06 1.7389718e+07 1.2748581e+07 
-2.1630005e+05 1.8769556e+07 1.3459704e+07 
1.0790352e+07 1.6710132e+07 1.3865113e+07 
2.7369388e+06 1.9832080e+07 1.3895871e+07 
5.2041660e+06 1.9033514e+07 1.3670691e+07 
-1.1757961e+07 4.0708782e+06 1.4151640e+06 
-2.5747110e+06 1.5564253e+07 1.1672824e+07 
-1.5954686e+07 1.0221004e+06 -2.4622885e+06 
8.7816425e+05 1.9627790e+07 1.3833670e+07 
-2.5256928e+07 -3.8088400e+06 -9.7862630e+06 
-2.7676514e+07 -4.8570085e+06 -1.1150913e+07 
-2.2949084e+07 -2.7934308e+06 -8.1013540e+06 
-6.5886275e+06 9.4312340e+06 6.9970460e+06 
-5.1559165e+06 1.1439072e+07 8.7144510e+06 
-8.2588180e+06 7.4092320e+06 5.0821710e+06 
9.0506460e+06 1.6947202e+07 1.3435257e+07 
-2.0747766e+07 -1.7377395e+06 -6.4350450e+06 
-1.4090015e+07 2.2374595e+06 -8.2448244e+05 
-3.9451300e+06 1.3374851e+07 1.0206896e+07 
-6.7946188e+05 1.8579102e+07 1.3381396e+07 
1.9763721e+06 1.9875398e+07 1.3890977e+07 
-1.7519496e+06 1.7097940e+07 1.2607997e+07 
-1.0174571e+07 5.4235685e+06 3.0058145e+06 
4.1139982e+06 1.9213062e+07 1.3632684e+07 
-1.8644052e+07 -6.4046588e+05 -4.7783145e+06 
3.2591238e+05 1.9542838e+07 1.3804190e+07 
-2.9374202e+06 1.5177881e+07 1.1456583e+07 
-1.2333564e+07 3.5125402e+06 8.0872344e+05 
7.3868625e+06 1.7247036e+07 1.3184541e+07 
-1.6634884e+07 5.0282403e+05 -3.1243048e+06 
-7.0041425e+06 8.8771480e+06 6.5477835e+06 
-5.5330550e+06 1.0919117e+07 8.3376545e+06 
1.3009910e+06 1.9900430e+07 1.3897635e+07 
-2.6101202e+07 -4.2563505e+06 -1.0512731e+07 
3.1427138e+06 1.9376030e+07 1.3636744e+07 
-2.3754314e+07 -3.2550270e+06 -8.8112220e+06 
-1.0939536e+06 1.8370358e+07 1.3294770e+07 
-8.7232310e+06 6.8385445e+06 4.5652145e+06 
-2.1148142e+06 1.6787608e+07 1.2454353e+07 
-4.2955535e+06 1.2905515e+07 9.9032130e+06 
-1.4722637e+07 1.6989030e+06 -1.4694355e+06 
-2.1515020e+07 -2.2147268e+06 -7.1314845e+06 
-1.6420317e+05 1.9439982e+07 1.3771941e+07 
-1.0695508e+07 4.8529525e+06 2.4299198e+06 
5.8713110e+06 1.7562892e+07 1.3070582e+07 
-3.2722570e+06 1.4773322e+07 1.1223127e+07 
-1.9372086e+07 -1.1347321e+06 -5.4628990e+06 
7.0638100e+05 1.9907598e+07 1.3908483e+07 
2.2882600e+06 1.9520080e+07 1.3667485e+07 
-1.2914336e+07 2.9557505e+06 1.8553422e+05 
-1.7320604e+07 -1.0600355e+04 -3.7967260e+06 
-1.4634990e+06 1.8143874e+07 1.3197087e+07 
-5.8980905e+06 1.0385033e+07 7.9387205e+06 
-7.4137755e+06 8.3126205e+06 6.0759175e+06 
1.0949337e+07 1.4538547e+07 1.2500525e+07 
-2.4433085e+06 1.6459136e+07 1.2285670e+07 
-5.9654006e+05 1.9319984e+07 1.3732968e+07 
4.5336905e+06 1.7869140e+07 1.3050986e+07 
-4.6274770e+06 1.2419560e+07 9.5788530e+06 
-9.1873450e+06 6.2619185e+06 4.0265395e+06 
-2.6942816e+07 -4.7628015e+06 -1.0900618e+07 
-2.4560146e+07 -3.7112298e+06 -9.5271460e+06 
-1.5361675e+07 1.1651329e+06 -2.1273438e+06 
-2.2284400e+07 -2.6855672e+06 -7.8341225e+06 
-3.5822798e+06 1.4350960e+07 1.0970977e+07 
-1.1220499e+07 4.2810955e+06 1.8346428e+06 
1.5448314e+06 1.9645260e+07 1.3712332e+07 
1.8704111e+05 1.9897934e+07 1.3917520e+07 
-2.0104054e+07 -1.6223655e+06 -6.1547170e+06 
8.9621090e+06 1.4230245e+07 1.2298332e+07 
3.3780818e+06 1.8155034e+07 1.3090586e+07 
-1.7919814e+06 1.7900220e+07 1.3086122e+07 
-1.3501746e+07 2.4018695e+06 -4.5349503e+05 
-9.7579281e+05 1.9183720e+07 1.3684096e+07 
-2.7408112e+06 1.6112908e+07 1.2100317e+07 
-6.2538355e+06 9.8376340e+06 7.5168090e+06 
-1.8012038e+07 -5.1741719e+05 -4.4782540e+06 
-7.8202060e+06 7.7387820e+06 5.5810005e+06 
-4.9438135e+06 1.1917519e+07 9.2327160e+06 
-9.6535760e+06 5.6807395e+06 3.4662090e+06 
9.0438338e+05 1.9753036e+07 1.3761398e+07 
-2.6316709e+05 1.9872776e+07 1.3920015e+07 
6.7469025e+06 1.4712288e+07 1.2085329e+07 
-2.5365534e+07 -4.1622638e+06 -1.0248462e+07 
-3.8705628e+06 1.3911157e+07 1.0698882e+07 
-1.6007859e+07 6.3722150e+05 -2.7969295e+06 
2.3952002e+06 1.8418500e+07 1.3162601e+07 
-2.3055052e+07 -3.1502685e+06 -8.5419630e+06 
-1.1751501e+07 3.7094705e+06 1.2206090e+06 
-2.0833326e+06 1.7639920e+07 1.2960113e+07 
-1.3068026e+06 1.9032068e+07 1.3622855e+07 
-2.0839440e+07 -2.1030795e+06 -6.8525105e+06 
-3.0106970e+06 1.5749247e+07 1.1896963e+07 
-1.4097085e+07 1.8522320e+06 -1.1072374e+06 
3.5769734e+05 1.9845566e+07 1.3807186e+07 
4.8877100e+06 1.5214212e+07 1.2077270e+07 
-6.6031190e+06 9.2777890e+06 7.0712475e+06 
-8.2261110e+06 7.1568405e+06 5.0627740e+06 
-5.2474850e+06 1.1399937e+07 8.8638740e+06 
-6.5067281e+05 1.9833548e+07 1.3912367e+07 
-1.8709126e+07 -1.0169978e+06 -5.1674705e+06 
1.5695730e+06 1.8661838e+07 1.3247694e+07 
-1.0124288e+07 5.0964585e+06 2.8845052e+06 
-4.1401635e+06 1.3454236e+07 1.0405792e+07 
-2.6173586e+07 -4.6613355e+06 -1.0633457e+07 
-1.6661674e+07 1.1614852e+05 -3.4767420e+06 
-2.3414455e+06 1.7363398e+07 1.2817697e+07 
-1.5944088e+06 1.8865820e+07 1.3547396e+07 
-1.2290344e+07 3.1395718e+06 5.8867700e+05 
-2.3825898e+07 -3.6089890e+06 -9.2540270e+06 
3.3922050e+06 1.5685973e+07 1.2166106e+07 
-1.0488488e+05 1.9925212e+07 1.3844243e+07 
-3.2562898e+06 1.5368393e+07 1.1674535e+07 
-2.1577464e+07 -2.5767442e+06 -7.5549840e+06 
-9.8193575e+05 1.9781600e+07 1.3891956e+07 
8.8346381e+05 1.8889094e+07 1.3332493e+07 
-6.9487750e+06 8.7064250e+06 6.6015230e+06 
-1.4701440e+07 1.3081274e+06 -1.7743512e+06 
-5.5414080e+06 1.0867372e+07 8.4715420e+06 
-8.6341520e+06 6.5680840e+06 4.5211720e+06 
-1.9411530e+07 -1.5088582e+06 -5.8628590e+06 
-4.3941020e+06 1.2980475e+07 1.0090820e+07 
-1.0601774e+07 4.5105895e+06 2.2819362e+06 
2.2100938e+06 1.6125573e+07 1.2290722e+07 
-1.8433349e+06 1.8685616e+07 1.3456396e+07 
-2.5701088e+06 1.7070948e+07 1.2657852e+07 
-4.9296609e+05 1.9994206e+07 1.3868799e+07 
3.1895488e+05 1.9104598e+07 1.3408182e+07 
-1.7323346e+07 -3.9722094e+05 -4.1651720e+06 
-1.2838709e+07 2.5729018e+06 -6.0057484e+04 
-1.2632558e+06 1.9718094e+07 1.3856987e+07 
-3.4808265e+06 1.4970492e+07 1.1432168e+07 
-2.4595636e+07 -4.0620408e+06 -9.9693770e+06 
8.0706065e+06 1.2631858e+07 1.1298908e+07 
-2.2317088e+07 -3.0433968e+06 -8.2608300e+06 
1.2850318e+06 1.6542905e+07 1.2418034e+07 
-7.2936385e+06 8.1245380e+06 6.1072770e+06 
-5.8284865e+06 1.0320405e+07 8.0550680e+06 
-9.0469630e+06 5.9738855e+06 3.9563260e+06 
-1.5315665e+07 7.7077706e+05 -2.4532862e+06 
-8.1576969e+05 2.0054472e+07 1.3878431e+07 
-2.0581065e+06 1.8491904e+07 1.3348973e+07 
-4.6353485e+06 1.2490119e+07 9.7532130e+06 
-2.0118632e+07 -1.9926765e+06 -6.5628275e+06 
-2.7729590e+06 1.6762715e+07 1.2479832e+07 
-1.4098256e+05 1.9312210e+07 1.3469311e+07 
-1.1088235e+07 3.9247028e+06 1.6592449e+06 
-1.5006392e+06 1.9643940e+07 1.3806342e+07 
5.6541415e+06 1.2336685e+07 1.1343281e+07 
-3.6874380e+06 1.4555584e+07 1.1169166e+07 
5.6711344e+05 1.6948388e+07 1.2531078e+07 
-1.7992808e+07 -9.0215788e+05 -4.8604690e+06 
-1.3398091e+07 2.0109540e+06 -7.2425956e+05 
-2.5372700e+07 -4.5534865e+06 -1.0350902e+07 
-1.0819371e+06 2.0107516e+07 1.3871777e+07 
-7.6405390e+06 7.5332090e+06 5.5883065e+06 
-5.1197266e+05 1.9515000e+07 1.3512860e+07 
-6.1116140e+06 9.7596530e+06 7.6139140e+06 
-2.3057004e+07 -3.5032472e+06 -8.9687550e+06 
-2.2429942e+06 1.8284924e+07 1.3224594e+07 
-9.4671370e+06 5.3757075e+06 3.3685732e+06 
-1.5940349e+07 2.4131272e+05 -3.1422930e+06 
-2.9534508e+06 1.6438683e+07 1.2283108e+07 
-4.8668175e+06 1.1983378e+07 9.3923240e+06 
2.7837718e+06 1.2663043e+07 1.1541996e+07 
-1.6997108e+06 1.9559756e+07 1.3739440e+07 
1.4803238e+04 1.7349880e+07 1.2622050e+07 
-2.0829512e+07 -2.4683068e+06 -7.2657335e+06 
-1.1585751e+07 3.3404180e+06 1.0174168e+06 
-3.8791370e+06 1.4123614e+07 1.0884955e+07 
-1.2994120e+06 2.0154402e+07 1.3848277e+07 
-8.0802544e+05 1.9715152e+07 1.3537525e+07 
-1.8669688e+07 -1.3980910e+06 -5.5607640e+06 
-1.3969774e+07 1.4551920e+06 -1.4023541e+06 
1.0770941e+06 1.3151183e+07 1.1799001e+07 
-2.4019788e+06 1.8064688e+07 1.3083002e+07 
-6.3936755e+06 9.1857870e+06 7.1476455e+06 
-7.9923005e+06 6.9336140e+06 5.0445640e+06 
-4.0578347e+05 1.7752348e+07 1.2688298e+07 
-3.1148388e+06 1.6098677e+07 1.2067312e+07 
-1.8656596e+06 1.9465866e+07 1.3656119e+07 
-2.3795650e+07 -3.9566842e+06 -9.6775070e+06 
-5.0913760e+06 1.1460449e+07 9.0075820e+06 
-9.8972120e+06 4.7751050e+06 2.7584695e+06 
-1.6575792e+07 -2.7924959e+05 -3.8394355e+06 
-1.2096258e+07 2.7593910e+06 3.5769122e+05 
-2.1542946e+07 -2.9357930e+06 -7.9699155e+06 
-1.0414978e+06 1.9914018e+07 1.3543176e+07 
-4.0588178e+06 1.3674438e+07 1.0579045e+07 
-1.4753849e+06 2.0195740e+07 1.3807969e+07 
4.6412297e+04 1.3741172e+07 1.2012030e+07 
-7.2209088e+05 1.8158334e+07 1.2730001e+07 
-2.5387335e+06 1.7830994e+07 1.2924140e+07 
-1.4554792e+07 9.0702731e+05 -2.0925276e+06 
-1.9353286e+07 -1.8846269e+06 -6.2640920e+06 
-2.0032144e+06 1.9362298e+07 1.3556525e+07 
-3.2601745e+06 1.5742365e+07 1.1832187e+07 
-6.6775565e+06 8.5995520e+06 6.6559295e+06 
-8.3517380e+06 6.3270415e+06 4.4761700e+06 
-5.3118485e+06 1.0921532e+07 8.5984800e+06 
-1.0339652e+07 4.1737280e+06 2.1268018e+06 
-1.2231490e+06 2.0112210e+07 1.3530461e+07 
-2.4545462e+07 -4.4404905e+06 -1.0055073e+07 
-5.6453050e+05 1.4398393e+07 1.2160659e+07 
-1.6162818e+06 2.0231736e+07 1.3751313e+07 
-1.7221970e+07 -7.9003444e+05 -4.5426080e+06 
-4.2292645e+06 1.3207837e+07 1.0250998e+07 
-9.5627169e+05 1.8568584e+07 1.2748822e+07 
-1.2621513e+07 2.1832995e+06 -3.1843059e+05 
-2.2257408e+07 -3.3953768e+06 -8.6737200e+06 
-2.6566208e+06 1.7583428e+07 1.2748088e+07 
-2.1166375e+06 1.9248802e+07 1.3441026e+07 
-1.5153902e+07 3.6779272e+05 -2.7927340e+06 
-3.3923108e+06 1.5369274e+07 1.1577541e+07 
-2.0042558e+07 -2.3615688e+06 -6.9684230e+06 
-9.0500131e+05 1.5099218e+07 1.2249124e+07 
-1.3622482e+06 2.0309742e+07 1.3500511e+07 
-6.9661530e+06 8.0017900e+06 6.1385310e+06 
-8.7216570e+06 5.7149055e+06 3.8834245e+06 
-1.7277814e+06 2.0262226e+07 1.3679055e+07 
-5.5310375e+06 1.0366854e+07 8.1645470e+06 
-1.1261601e+06 1.8982616e+07 1.2747123e+07 
-1.0796830e+07 3.5733168e+06 1.4746080e+06 
-4.3931650e+06 1.2723537e+07 9.9003950e+06 
-1.7878514e+07 -1.2903332e+06 -5.2495575e+06 
-1.3163067e+07 1.6138225e+06 -1.0091769e+06 
-2.7587002e+06 1.7321382e+07 1.2555011e+07 
-2.2097368e+06 1.9124880e+07 1.3310127e+07 
-2.2971070e+07 -3.8475042e+06 -9.3755380e+06 
-1.0683194e+06 1.5826245e+07 1.2287953e+07 
-1.4667058e+06 2.0506138e+07 1.3454733e+07 
-3.5139148e+06 1.4978803e+07 1.1303206e+07 
-1.2460730e+06 1.9399152e+07 1.2727505e+07 
-1.8148531e+06 2.0286730e+07 1.3592116e+07 
-1.5767542e+07 -1.6128617e+05 -3.5007032e+06 
-2.0736122e+07 -2.8289325e+06 -7.6716930e+06 
-7.2623835e+06 7.3934675e+06 5.5953220e+06 
-9.1048440e+06 5.0987580e+06 3.2668258e+06 
-5.7517405e+06 9.7966970e+06 7.7053490e+06 
-1.1270999e+07 2.9756950e+06 8.0319394e+05 
-4.5531340e+06 1.2221231e+07 9.5268120e+06 
-1.1155259e+06 1.6566305e+07 1.2288030e+07 
-2.2858865e+06 1.8989806e+07 1.3164416e+07 
-2.8477448e+06 1.7044074e+07 1.2345104e+07 
-1.8544688e+07 -1.7796296e+06 -5.9579080e+06 
-1.5432154e+06 2.0700560e+07 1.3394658e+07 
-1.3722220e+07 1.0526158e+06 -1.7125005e+06 
-1.3274642e+06 1.9816458e+07 1.2692545e+07 
-2.3698754e+07 -4.3239920e+06 -9.7488030e+06 
-1.8818070e+06 2.0304500e+07 1.3491510e+07 
-3.6274882e+06 1.4570247e+07 1.1009002e+07 
-1.6395804e+07 -6.7912219e+05 -4.2139570e+06 
-7.5692020e+06 6.7756970e+06 5.0262935e+06 
-1.0876545e+06 1.7309366e+07 1.2258812e+07 
-2.1432238e+07 -3.2869590e+06 -8.3718385e+06 
-5.9767745e+06 9.2114280e+06 7.2204760e+06 
-9.5040630e+06 4.4802980e+06 2.6270950e+06 
-1.5973972e+06 2.0891900e+07 1.3321842e+07 
-2.3480585e+06 1.8842656e+07 1.3004506e+07 
-4.7117360e+06 1.1700607e+07 9.1297990e+06 
-1.1764263e+07 2.3827578e+06 1.1415320e+05 
-1.3794604e+06 2.0232568e+07 1.2644662e+07 
-2.9262638e+06 1.6750563e+07 1.2118558e+07 
-1.9323510e+06 2.0314572e+07 1.3378276e+07 
-1.9219370e+07 -2.2576235e+06 -6.6651940e+06 
-1.4299988e+07 5.0128188e+05 -2.4260772e+06 
-3.7353942e+06 1.4142809e+07 1.0694707e+07 
-1.0127069e+06 1.8047808e+07 1.2207978e+07 
-1.6339331e+06 2.1078868e+07 1.3237791e+07 
-7.8896035e+06 6.1497665e+06 4.4315750e+06 
-1.7038394e+07 -1.1847989e+06 -4.9298285e+06 
-6.2090025e+06 8.6115310e+06 6.7095485e+06 
-1.4093000e+06 2.0645444e+07 1.2586044e+07 
-2.2128822e+07 -3.7361238e+06 -9.0668350e+06 
-9.9220340e+06 3.8613790e+06 1.9652035e+06 
-2.3988560e+06 1.8682338e+07 1.2830993e+07 
-2.9965310e+06 1.6439772e+07 1.1875522e+07 
-4.8715210e+06 1.1161380e+07 8.7088650e+06 
-1.9696514e+06 2.0315810e+07 1.3253432e+07 
-1.2278541e+07 1.7964518e+06 -5.9061375e+05 
-9.0990769e+05 1.8775890e+07 1.2141560e+07 
-1.9901042e+07 -2.7242528e+06 -7.3688940e+06 
-3.8398862e+06 1.3695635e+07 1.0360033e+07 
-1.4897054e+07 -3.8663812e+04 -3.1473095e+06 
-1.6566954e+06 2.1260054e+07 1.3143920e+07 
-1.4226938e+06 2.1053082e+07 1.2518621e+07 
-2.4405518e+06 1.8507608e+07 1.2644426e+07 
-8.2266355e+06 5.5171615e+06 3.8114632e+06 
-6.4513590e+06 7.9976425e+06 6.1722245e+06 
-1.7694610e+07 -1.6776032e+06 -5.6454900e+06 
-7.9243912e+05 1.9489316e+07 1.2064204e+07 
-3.0606160e+06 1.6110508e+07 1.1616074e+07 
-1.9963941e+06 2.0306934e+07 1.3117941e+07 
-1.0361415e+07 3.2440052e+06 1.2824048e+06 
-2.2841152e+07 -4.2060825e+06 -9.4356940e+06 
-5.0350545e+06 1.0603318e+07 8.2634680e+06 
-1.2815521e+07 1.2187486e+06 -1.3088836e+06 
-3.9431438e+06 1.3227829e+07 1.0004599e+07 
-1.4241199e+06 2.1453578e+07 1.2444067e+07 
-1.6688629e+06 2.1433982e+07 1.3041526e+07 
-2.0587778e+07 -3.1797098e+06 -8.0664725e+06 
-1.5513729e+07 -5.6583131e+05 -3.8733365e+06 
-6.6926594e+05 2.0184928e+07 1.1979440e+07 
-2.4751278e+06 1.8317102e+07 1.2445279e+07 
-2.0148434e+06 2.0286560e+07 1.2972684e+07 
-6.7068790e+06 7.3705925e+06 5.6082175e+06 
-3.1204198e+06 1.5761480e+07 1.1340196e+07 
-8.5833960e+06 4.8795860e+06 3.1664545e+06 
-1.8363310e+07 -2.1570570e+06 -6.3579860e+06 
-1.0824771e+07 2.6303250e+06 5.8026700e+05 
-5.2049585e+06 1.0026287e+07 7.7930075e+06 
-1.4170665e+06 2.1845160e+07 1.2363814e+07 
-1.6730261e+06 2.1599146e+07 1.2931776e+07 
-1.3376616e+07 6.5161169e+05 -2.0380981e+06 
-4.0473100e+06 1.2738488e+07 9.6279180e+06 
-5.4638556e+05 2.0860436e+07 1.1889921e+07 
-2.1277252e+07 -3.6244555e+06 -8.7554210e+06 
-2.5043152e+06 1.8109342e+07 1.2233930e+07 
-1.6149905e+07 -1.0789972e+06 -4.6010530e+06 
-2.0268985e+06 2.0253224e+07 1.2818445e+07 
-3.1777098e+06 1.5391320e+07 1.1047752e+07 
-6.9787225e+06 6.7314365e+06 5.0173195e+06 
-1.4042292e+06 2.2226206e+07 1.2279071e+07 
-8.9630290e+06 4.2389795e+06 2.4972868e+06 
-5.3839525e+06 9.4302860e+06 7.2968310e+06 
-1.6712809e+06 2.1754032e+07 1.2815697e+07 
-1.9042894e+07 -2.6229465e+06 -7.0642725e+06 
-1.1314533e+07 2.0226148e+06 -1.3929150e+05 
-4.2770059e+05 2.1514226e+07 1.1797620e+07 
-4.1545350e+06 1.2226727e+07 9.2293760e+06 
-1.3962905e+07 9.6955344e+04 -2.7753578e+06 
-2.5296332e+06 1.7882764e+07 1.2010641e+07 
-2.0341464e+06 2.0205390e+07 1.2655899e+07 
-2.1982954e+07 -4.0893205e+06 -9.1201260e+06 
-1.6805018e+07 -1.5771474e+06 -5.3271330e+06 
-1.3876735e+06 2.2595242e+07 1.2190847e+07 
-3.2341590e+06 1.4998598e+07 1.0738468e+07 
-1.6653099e+06 2.1897150e+07 1.2694184e+07 
-3.1563569e+05 2.2145200e+07 1.1703986e+07 
-7.2701970e+06 6.0814975e+06 4.3994380e+06 
-9.3687070e+06 3.5975258e+06 1.8049859e+06 
-5.5748950e+06 8.8154900e+06 6.7742400e+06 
-1.1832950e+07 1.4232514e+06 -8.7397050e+05 
-1.9731298e+07 -3.0753470e+06 -7.7612635e+06 
-4.2670200e+06 1.1691715e+07 8.8082300e+06 
-1.4575079e+07 -4.4340278e+05 -3.5174240e+06 
-2.0379096e+06 2.0141474e+07 1.2485604e+07 
-2.5524275e+06 1.7635718e+07 1.1775549e+07 
-1.3689650e+06 2.2950948e+07 1.2099981e+07 
-2.1157753e+05 2.2752652e+07 1.1610073e+07 
-1.6564542e+06 2.2027028e+07 1.2568001e+07 
-3.2913882e+06 1.4581847e+07 1.0411914e+07 
-1.7478002e+07 -2.0595192e+06 -6.0480690e+06 
-7.5847755e+06 5.4224005e+06 3.7546388e+06 
-9.8036090e+06 2.9576568e+06 1.0909190e+06 
-5.7808300e+06 8.1823010e+06 6.2245075e+06 
-1.2382032e+07 8.3467625e+05 -1.6210589e+06 
-2.0425980e+07 -3.5146425e+06 -8.4458810e+06 
-4.3870680e+06 1.1132707e+07 8.3635905e+06 
-1.3492768e+06 2.3292136e+07 1.2007159e+07 
-2.0392909e+06 2.0059840e+07 1.2308001e+07 
-2.5739085e+06 1.7366484e+07 1.1528645e+07 
-1.1618987e+05 2.3336170e+07 1.1516629e+07 
-1.5213379e+07 -9.6779450e+05 -4.2607310e+06 
-1.6457746e+06 2.2142222e+07 1.2437788e+07 
-3.3510072e+06 1.4139573e+07 1.0067492e+07 
-1.8167270e+07 -2.5256430e+06 -6.7602130e+06 
-7.9261055e+06 4.7561080e+06 3.0832005e+06 
-6.0050295e+06 7.5313960e+06 5.6469025e+06 
-1.0270876e+07 2.3220402e+06 3.5684944e+05 
-1.3294744e+06 2.3617740e+07 1.1912940e+07 
-2.9639891e+04 2.3895572e+07 1.1424178e+07 
-2.0392130e+06 1.9958816e+07 1.2123406e+07 
-1.2963473e+07 2.5934630e+05 -2.3774125e+06 
-2.1136064e+07 -3.9767278e+06 -8.8071990e+06 
-4.5171365e+06 1.0549091e+07 7.8944290e+06 
-2.5951888e+06 1.7073276e+07 1.1269770e+07 
-1.6341035e+06 2.2241316e+07 1.2304073e+07 
-1.5877539e+07 -1.4747578e+06 -5.0014100e+06 
-3.4146618e+06 1.3670284e+07 9.7044130e+06 
-1.8870682e+07 -2.9753770e+06 -7.4598300e+06 
-1.3101851e+06 2.3926802e+07 1.1817773e+07 
4.8239309e+04 2.4430830e+07 1.1333071e+07 
-8.2980065e+06 4.0849438e+06 2.3856798e+06 
-6.2510405e+06 6.8637820e+06 5.0407310e+06 
-2.0384551e+06 1.9836678e+07 1.1932009e+07 
-1.0773556e+07 1.6935592e+06 -3.9500691e+05 
-2.6173198e+06 1.6754244e+07 1.0998595e+07 
-1.6220905e+06 2.2322918e+07 1.2167276e+07 
-4.6598950e+06 9.9404300e+06 7.3995730e+06 
-1.3578584e+07 -3.0032406e+05 -3.1394422e+06 
-1.6566729e+07 -1.9630950e+06 -5.7353240e+06 
-3.4840830e+06 1.3172511e+07 9.3216900e+06 
1.1783258e+05 2.4942042e+07 1.1243532e+07 
-1.2918538e+06 2.4218456e+07 1.1722016e+07 
-1.9585542e+07 -3.4089385e+06 -8.1431605e+06 
-2.0376860e+06 1.9691656e+07 1.1733874e+07 
-8.7044560e+06 3.4116162e+06 1.6629861e+06 
-6.5227235e+06 6.1808510e+06 4.4053805e+06 
-1.6102399e+06 2.2385648e+07 1.2027719e+07 
-2.6413300e+06 1.6407482e+07 1.0714612e+07 
-1.1314536e+07 1.0752738e+06 -1.1619274e+06 
-4.8182895e+06 9.3065160e+06 6.8777195e+06 
-1.4228201e+07 -8.4203156e+05 -3.9031155e+06 
1.7966006e+05 2.5429386e+07 1.1155695e+07 
-1.2747858e+06 2.4491906e+07 1.1625950e+07 
-3.5611432e+06 1.2644831e+07 8.9181200e+06 
-1.7279504e+07 -2.4319305e+06 -6.4581170e+06 
-2.0374939e+06 1.9521922e+07 1.1528929e+07 
-1.5989425e+06 2.2428128e+07 1.1885633e+07 
-2.0313710e+07 -3.8717468e+06 -8.5025870e+06 
-2.6682640e+06 1.6031028e+07 1.0417112e+07 
-9.1495530e+06 2.7392222e+06 9.1646525e+05 
-6.8242895e+06 5.4844395e+06 3.7403872e+06 
-1.1896449e+07 4.7036653e+05 -1.9406349e+06 
2.3431900e+05 2.5893096e+07 1.1069620e+07 
-4.9956070e+06 8.6474320e+06 6.3274505e+06 
-1.2591828e+06 2.4746416e+07 1.1529792e+07 
-1.4912605e+07 -1.3636600e+06 -4.6639705e+06 
-3.6479155e+06 1.2085908e+07 8.4922670e+06 
-1.8013772e+07 -2.8807625e+06 -7.1652775e+06 
-2.0384155e+06 1.9325582e+07 1.1316963e+07 
-1.5885028e+06 2.2448974e+07 1.1741164e+07 
-2.6992235e+06 1.5622870e+07 1.0105173e+07 
2.8244338e+05 2.6333444e+07 1.0985323e+07 
-9.6374660e+06 2.0712398e+06 1.4798978e+05 
-7.1603225e+06 4.7768830e+06 3.0455162e+06 
-1.2451700e+06 2.4981296e+07 1.1433705e+07 
-1.2521574e+07 -1.1792693e+05 -2.7272618e+06 
-5.1955480e+06 7.9636230e+06 5.7472640e+06 
-1.5631435e+07 -1.8633611e+06 -5.4171515e+06 
-3.7467418e+06 1.1494529e+07 8.0424585e+06 
-1.8766756e+07 -3.3095105e+06 -7.8522100e+06 
-2.0409630e+06 1.9100656e+07 1.1097618e+07 
-1.5791615e+06 2.2446770e+07 1.1594372e+07 
3.2467650e+05 2.6750716e+07 1.0902783e+07 
-2.7354142e+06 1.5180946e+07 9.7776320e+06 
-1.2328186e+06 2.5195878e+07 1.1337806e+07 
-7.5357935e+06 4.0610665e+06 2.3208588e+06 
-1.0172347e+07 1.4114971e+06 -6.3994925e+05 
-5.4223010e+06 7.2559725e+06 5.1356155e+06 
-1.3191717e+07 -6.8640669e+05 -3.5173278e+06 
-1.6383609e+07 -2.3396360e+06 -6.1574620e+06 
-3.8603112e+06 1.0869654e+07 7.5667700e+06 
-1.5711162e+06 2.2420062e+07 1.1445238e+07 
-2.0456511e+06 1.8845070e+07 1.0870372e+07 
3.6165288e+05 2.7145210e+07 1.0821954e+07 
-1.9529894e+07 -3.7781528e+06 -8.2122670e+06 
-1.2221621e+06 2.5389514e+07 1.1242177e+07 
-2.7781965e+06 1.4703162e+07 9.4330630e+06 
-7.9560475e+06 3.3404662e+06 1.5669488e+06 
-1.0758227e+07 7.6412094e+05 -1.4441522e+06 
-5.6806170e+06 6.5258915e+06 4.4909795e+06 
-1.3908087e+07 -1.2320101e+06 -4.3057410e+06 
3.9398703e+05 2.7517220e+07 1.0742777e+07 
-1.5645378e+06 2.2367330e+07 1.1293660e+07 
-1.7167260e+07 -2.7914145e+06 -6.8794350e+06 
-3.9917480e+06 1.0210482e+07 7.0630225e+06 
-2.0530254e+06 1.8556642e+07 1.0634524e+07 
-1.2132110e+06 2.5561548e+07 1.1146866e+07 
-2.8291455e+06 1.4187397e+07 9.0697470e+06 
-8.4267640e+06 2.6191738e+06 7.8489888e+05 
-1.1398878e+07 1.3345583e+05 -2.2606312e+06 
4.2226703e+05 2.7867028e+07 1.0665180e+07 
-5.9758845e+06 5.7754165e+06 3.8119325e+06 
-1.4671166e+07 -1.7519245e+06 -5.0868225e+06 
-1.5595855e+06 2.2286974e+07 1.1139450e+07 
-2.0636922e+06 1.8233054e+07 1.0389173e+07 
-4.1447120e+06 9.5165280e+06 6.5287880e+06 
-1.7979684e+07 -3.2181252e+06 -7.5774240e+06 
-1.2059626e+06 2.5711312e+07 1.1051891e+07 
-2.8901200e+06 1.3631530e+07 8.6856370e+06 
4.4705150e+05 2.8194902e+07 1.0589087e+07 
-8.9538830e+06 1.9018964e+06 -2.3451256e+04 
-1.2097647e+07 -4.7604394e+05 -3.0845485e+06 
-1.5564231e+06 2.2177280e+07 1.0982326e+07 
-6.3141905e+06 5.0073105e+06 3.0972665e+06 
-1.5480582e+07 -2.2437075e+06 -5.8543565e+06 
-1.2004109e+06 2.5838108e+07 1.0957247e+07 
-2.0783535e+06 1.7871844e+07 1.0133186e+07 
-4.3235140e+06 8.7877180e+06 5.9614020e+06 
-1.8798480e+07 -3.6999012e+06 -7.9420635e+06 
-2.9633470e+06 1.3033471e+07 8.2783215e+06 
4.6886909e+05 2.8501090e+07 1.0514418e+07 
-1.5552318e+06 2.2036398e+07 1.0821901e+07 
-9.5434810e+06 1.1939239e+06 -8.5537675e+05 
-1.1965534e+06 2.5941192e+07 1.0862903e+07 
-1.2857275e+07 -1.0599501e+06 -3.9101785e+06 
-6.7023725e+06 4.2251640e+06 2.3461328e+06 
-2.0978450e+06 1.7470376e+07 9.8651650e+06 
-1.6334995e+07 -2.7054038e+06 -6.6016755e+06 
-4.5332455e+06 8.0245080e+06 5.3579990e+06 
4.8821956e+05 2.8785822e+07 1.0441091e+07 
-3.0515215e+06 1.2391203e+07 7.8449865e+06 
-1.5562254e+06 2.1862310e+07 1.0657671e+07 
-1.1943978e+06 2.6019750e+07 1.0768802e+07 
-1.0201599e+07 5.0105475e+05 -1.7071110e+06 
-1.3679689e+07 -1.6140200e+06 -4.7309085e+06 
-2.1231855e+06 1.7025840e+07 9.5834020e+06 
-7.1480355e+06 3.4334945e+06 1.5582254e+06 
-1.7232006e+07 -3.1356610e+06 -7.3217700e+06 
-4.7799220e+06 7.2280255e+06 4.7155675e+06 
5.0557603e+05 2.9049294e+07 1.0369026e+07 
-3.1579298e+06 1.1702855e+07 7.3823710e+06 
-1.5596679e+06 2.1652794e+07 1.0488989e+07 
-1.1939679e+06 2.6072888e+07 1.0674864e+07 
-2.1556350e+06 1.6535220e+07 9.2858240e+06 
-1.0934019e+07 -1.7052630e+05 -2.5737040e+06 
-1.4565802e+07 -2.1343718e+06 -5.5392790e+06 
-7.6595275e+06 2.6378182e+06 7.3400594e+05 
5.2138800e+05 2.9291678e+07 1.0298142e+07 
-1.8131854e+07 -3.6409010e+06 -7.6969575e+06 
-5.0706410e+06 6.4002385e+06 4.0310442e+06 
-3.2865988e+06 1.0966785e+07 6.8867310e+06 
-1.1953098e+06 2.6099608e+07 1.0580974e+07 
-1.5658914e+06 2.1405380e+07 1.0315040e+07 
5.3608488e+05 2.9513114e+07 1.0228357e+07 
-2.1967680e+06 1.5995298e+07 8.9699260e+06 
-1.1745993e+07 -8.1442069e+05 -3.4489100e+06 
-1.5515326e+07 -2.6176755e+06 -6.3270715e+06 
-8.2458435e+06 1.8446924e+06 -1.2503346e+05 
-5.4137435e+06 5.5441495e+06 3.3014530e+06 
-3.4424802e+06 1.0181705e+07 6.3538035e+06 
-1.1984982e+06 2.6098774e+07 1.0486986e+07 
-1.5753205e+06 2.1117312e+07 1.0134805e+07 
5.5007969e+05 2.9713710e+07 1.0159592e+07 
-2.2485685e+06 1.5402647e+07 8.6326920e+06 
-1.2641929e+07 -1.4242386e+06 -4.3251190e+06 
-1.6526565e+07 -3.0613208e+06 -7.0854380e+06 
-8.9164460e+06 1.0616956e+06 -1.0160768e+06 
-5.8189720e+06 4.6640130e+06 2.5241082e+06 
-1.2036438e+06 2.6069088e+07 1.0392706e+07 
-3.6316738e+06 9.3468440e+06 5.7787905e+06 
-1.5885011e+06 2.0785482e+07 9.9470120e+06 
5.6377325e+05 2.9893532e+07 1.0091761e+07 
-2.3135495e+06 1.4753648e+07 8.2705000e+06 
-1.3625034e+07 -1.9938722e+06 -5.1933495e+06 
-1.7538892e+07 -3.6046768e+06 -7.4800245e+06 
-9.6809690e+06 2.9732919e+05 -1.9346825e+06 
-6.2975990e+06 3.7655670e+06 1.6969005e+06 
-1.2109019e+06 2.6009046e+07 1.0297888e+07 
-1.6061378e+06 2.0406388e+07 9.7500800e+06 
5.7755825e+05 3.0052604e+07 1.0024777e+07 
-3.8616995e+06 8.4621690e+06 5.1563645e+06 
-2.3949102e+06 1.4044519e+07 7.8790115e+06 
-1.4696949e+07 -2.5177695e+06 -6.0433305e+06 
-1.0548813e+07 -4.3918159e+05 -2.8745072e+06 
-1.2204835e+06 2.5916900e+07 1.0202215e+07 
-6.8624985e+06 2.8562538e+06 8.1868019e+05 
5.9182350e+05 3.0190896e+07 9.9585480e+06 
-1.6291432e+06 1.9976048e+07 9.5420370e+06 
-4.1418250e+06 7.5286590e+06 4.4807200e+06 
-2.4967392e+06 1.3271387e+07 7.4530430e+06 
-1.5857537e+07 -2.9912975e+06 -6.8636655e+06 
-1.2326684e+06 2.5790588e+07 1.0105279e+07 
-1.1528657e+07 -1.1381840e+06 -3.8270912e+06 
6.0695825e+05 3.0308322e+07 9.8929690e+06 
-7.5280955e+06 1.9454035e+06 -1.1024338e+05 
-1.6587029e+06 1.9489942e+07 9.3204230e+06 
-4.4834510e+06 6.5486750e+06 3.7456900e+06 
-2.6242825e+06 1.2430387e+07 6.9864190e+06 
-1.2478230e+06 2.5627680e+07 1.0006554e+07 
6.2335625e+05 3.0404716e+07 9.8279210e+06 
-1.7022050e+07 -3.5938792e+06 -7.2907755e+06 
-1.2627937e+07 -1.7899836e+06 -4.7817200e+06 
-8.3101255e+06 1.0443132e+06 -1.0874929e+06 
-1.6963616e+06 1.8942918e+07 9.0821660e+06 
-4.9005535e+06 5.5264045e+06 2.9449772e+06 
-2.7842928e+06 1.1517838e+07 6.4718180e+06 
6.4142012e+05 3.0479826e+07 9.7632680e+06 
-1.2664224e+06 2.5425272e+07 9.9053560e+06 
-1.3852178e+07 -2.3853978e+06 -5.7253705e+06 
-1.7441411e+06 1.8329118e+07 8.8234190e+06 
-9.2250960e+06 1.6614662e+05 -2.1079438e+06 
-5.4101690e+06 4.4684140e+06 2.0725374e+06 
-2.9854942e+06 1.0530508e+07 5.9006080e+06 
6.6156500e+05 3.0533276e+07 9.6988410e+06 
-1.2890792e+06 2.5179888e+07 9.8007980e+06 
-1.5203976e+07 -2.9161215e+06 -6.6428645e+06 
-1.8047002e+06 1.7641886e+07 8.5393550e+06 
-1.0289387e+07 -6.7442681e+05 -3.1630825e+06 
-6.0328660e+06 3.3842855e+06 1.1232052e+06 
6.8422131e+05 3.0564538e+07 9.6344330e+06 
-3.2391940e+06 9.4659970e+06 5.2626990e+06 
-1.3165818e+06 2.4887336e+07 9.6917140e+06 
-1.6572451e+07 -3.6093578e+06 -7.1223170e+06 
-1.8815551e+06 1.6873694e+07 8.2239045e+06 
-1.1518106e+07 -1.4618508e+06 -4.2405760e+06 
-6.7931035e+06 2.2872868e+06 9.3647164e+04 
7.0983725e+05 3.0572886e+07 9.5697840e+06 
-3.5600922e+06 8.3233145e+06 4.5464445e+06 
-1.3499421e+06 2.4542544e+07 9.5765750e+06 
-1.9793859e+06 1.6016094e+07 7.8694205e+06 
-1.2924343e+07 -2.1803085e+06 -5.3240815e+06 
-7.7192400e+06 1.1949589e+06 -1.0162566e+06 
7.3887775e+05 3.0557326e+07 9.5045550e+06 
-1.3904618e+06 2.4139330e+07 9.4533540e+06 
-3.9673525e+06 7.1036975e+06 3.7386480e+06 
-2.1044670e+06 1.5059702e+07 7.4662575e+06 
-1.4518616e+07 -2.8153035e+06 -6.3929930e+06 
7.7182119e+05 3.0516496e+07 9.4383070e+06 
-8.8427520e+06 1.2933159e+05 -2.2015685e+06 
-1.4398144e+06 2.3670140e+07 9.3193570e+06 
-4.4860060e+06 5.8117810e+06 2.8247908e+06 
-2.2652785e+06 1.3994284e+07 7.0022325e+06 
-1.6162340e+07 -3.6483110e+06 -6.9556885e+06 
8.0914888e+05 3.0448550e+07 9.3704530e+06 
-1.0195894e+07 -8.8373081e+05 -3.4502300e+06 
-1.5001569e+06 2.3125708e+07 9.1709770e+06 
-5.1487660e+06 4.4572310e+06 1.7896761e+06 
-2.4733858e+06 1.2808983e+07 6.4619555e+06 
8.5132588e+05 3.0350964e+07 9.3002080e+06 
-1.1807070e+07 -1.8165368e+06 -4.7417955e+06 
-1.5742745e+06 2.2494624e+07 9.0033600e+06 
-5.9982760e+06 3.0569545e+06 6.1884388e+05 
-2.7447268e+06 1.1492807e+07 5.8259990e+06 
8.9876594e+05 3.0220276e+07 9.2265060e+06 
-1.3698345e+07 -2.6398895e+06 -6.0480170e+06 
-1.6657721e+06 2.1762810e+07 8.8099310e+06 
-7.0896035e+06 1.6379131e+06 -6.9862394e+05 
-3.1015302e+06 1.0035555e+07 5.0699000e+06 
9.5177200e+05 3.0051726e+07 9.1478840e+06 
-1.5721044e+07 -3.6986885e+06 -6.7464185e+06 
-1.7793291e+06 2.0912866e+07 8.5817200e+06 
-8.4920000e+06 2.4009106e+05 -2.1649022e+06 
-3.5752430e+06 8.4294940e+06 4.1630272e+06 
1.0104390e+06 2.9838710e+07 9.0623150e+06 
-1.9210400e+06 1.9923276e+07 8.3064025e+06 
-1.0286241e+07 -1.0825552e+06 -3.7647295e+06 
-4.2111330e+06 6.6723415e+06 3.0674595e+06 
1.0744960e+06 2.9572038e+07 8.9669710e+06 
-2.0988830e+06 1.8767462e+07 7.9669070e+06 
-1.2542614e+07 -2.2721490e+06 -5.4566220e+06 
1.1430552e+06 2.9238800e+07 8.8578620e+06 
-5.0757955e+06 4.7725880e+06 1.7373680e+06 
-2.3233842e+06 1.7412680e+07 7.5393530e+06 
-1.5093029e+07 -3.7056125e+06 -6.3782415e+06 
1.2142122e+06 2.8820766e+07 8.7293120e+06 
-6.2699275e+06 2.7591215e+06 1.2037887e+05 
-2.6086202e+06 1.5818845e+07 6.9899570e+06 
1.2844119e+06 2.8291962e+07 8.5731680e+06 
-7.9509725e+06 6.9879962e+05 -1.8344999e+06 
-2.9738760e+06 1.3937480e+07 6.2702265e+06 
1.3474374e+06 2.7615096e+07 8.3775860e+06 
-1.0374633e+07 -1.2724069e+06 -4.1462885e+06 
-3.4467562e+06 1.1711362e+07 5.3092285e+06 
1.3927804e+06 2.6736098e+07 8.1251365e+06 
-1.3696907e+07 -3.5026075e+06 -5.5073000e+06 
-4.0699852e+06 9.0766600e+06 4.0004668e+06 
1.4029636e+06 2.5575730e+07 7.7897420e+06 
-4.9190385e+06 5.9734270e+06 2.1781192e+06 
1.3490069e+06 2.4016254e+07 7.3314790e+06 
-6.1564280e+06 2.3870122e+06 -4.2985384e+05 
1.1823700e+06 2.1879552e+07 6.6871480e+06 
-8.7853230e+06 -8.3270594e+05 -2.1255455e+06 
8.1953725e+05 1.8889032e+07 5.7513165e+06 
1.0906597e+05 1.4597228e+07 4.3322940e+06 
-1.2511682e+06 8.2271140e+06 2.0290289e+06 
-3.6137742e+06 3.3656572e+06 4.4917050e+05 
CELL_DATA 4096
FIELD FieldData 0
