# vtk DataFile Version 4.0
vtk output
ASCII
DATASET UNSTRUCTURED_GRID
POINTS 4225 float
0.0000000e+00 0.0000000e+00 0.0000000e+00 
0.0000000e+00 6.8750000e-01 0.0000000e+00 
7.5000000e-01 6.8750000e-01 0.0000000e+00 
0.0000000e+00 1.3750000e+00 0.0000000e+00 
7.5000000e-01 1.3743805e+00 0.0000000e+00 
1.5000000e+00 1.3750000e+00 0.0000000e+00 
0.0000000e+00 2.0625000e+00 0.0000000e+00 
7.5000000e-01 2.0606689e+00 0.0000000e+00 
1.5000000e+00 2.0606689e+00 0.0000000e+00 
0.0000000e+00 2.7500000e+00 0.0000000e+00 
7.5000000e-01 2.7463846e+00 0.0000000e+00 
2.2500000e+00 2.0625000e+00 0.0000000e+00 
1.5000000e+00 2.7452102e+00 0.0000000e+00 
0.0000000e+00 3.4375000e+00 0.0000000e+00 
7.5000000e-01 3.4315462e+00 0.0000000e+00 
2.2500000e+00 2.7463846e+00 0.0000000e+00 
1.5000000e+00 3.4286602e+00 0.0000000e+00 
3.0000000e+00 2.7500000e+00 0.0000000e+00 
2.2500000e+00 3.4286602e+00 0.0000000e+00 
0.0000000e+00 4.1250000e+00 0.0000000e+00 
7.5000000e-01 4.1161733e+00 0.0000000e+00 
1.5000000e+00 4.1110554e+00 0.0000000e+00 
3.0000000e+00 3.4315462e+00 0.0000000e+00 
2.2500000e+00 4.1093793e+00 0.0000000e+00 
0.0000000e+00 4.8125000e+00 0.0000000e+00 
7.5000000e-01 4.8002844e+00 0.0000000e+00 
1.5000000e+00 4.7924318e+00 0.0000000e+00 
3.7500000e+00 3.4375000e+00 0.0000000e+00 
3.0000000e+00 4.1110554e+00 0.0000000e+00 
2.2500000e+00 4.7885928e+00 0.0000000e+00 
0.0000000e+00 5.5000000e+00 0.0000000e+00 
7.5000000e-01 5.4838991e+00 0.0000000e+00 
3.7500000e+00 4.1161733e+00 0.0000000e+00 
3.0000000e+00 4.7885928e+00 0.0000000e+00 
1.5000000e+00 5.4728260e+00 0.0000000e+00 
2.2500000e+00 5.4663534e+00 0.0000000e+00 
3.7500000e+00 4.7924318e+00 0.0000000e+00 
4.5000000e+00 4.1250000e+00 0.0000000e+00 
0.0000000e+00 6.1875000e+00 0.0000000e+00 
7.5000000e-01 6.1670365e+00 0.0000000e+00 
3.0000000e+00 5.4642248e+00 0.0000000e+00 
1.5000000e+00 6.1522746e+00 0.0000000e+00 
2.2500000e+00 6.1427131e+00 0.0000000e+00 
4.5000000e+00 4.8002844e+00 0.0000000e+00 
3.7500000e+00 5.4663534e+00 0.0000000e+00 
3.0000000e+00 6.1380167e+00 0.0000000e+00 
0.0000000e+00 6.8750000e+00 0.0000000e+00 
7.5000000e-01 6.8497152e+00 0.0000000e+00 
1.5000000e+00 6.8308134e+00 0.0000000e+00 
4.5000000e+00 5.4728260e+00 0.0000000e+00 
5.2500000e+00 4.8125000e+00 0.0000000e+00 
2.2500000e+00 6.8177233e+00 0.0000000e+00 
3.7500000e+00 6.1380167e+00 0.0000000e+00 
3.0000000e+00 6.8100343e+00 0.0000000e+00 
0.0000000e+00 7.5625000e+00 0.0000000e+00 
7.5000000e-01 7.5319548e+00 0.0000000e+00 
5.2500000e+00 5.4838991e+00 0.0000000e+00 
4.5000000e+00 6.1427131e+00 0.0000000e+00 
1.5000000e+00 7.5084791e+00 0.0000000e+00 
3.7500000e+00 6.8074989e+00 0.0000000e+00 
2.2500000e+00 7.4914360e+00 0.0000000e+00 
3.0000000e+00 7.4803433e+00 0.0000000e+00 
5.2500000e+00 6.1522746e+00 0.0000000e+00 
6.0000000e+00 5.5000000e+00 0.0000000e+00 
4.5000000e+00 6.8100343e+00 0.0000000e+00 
7.5000000e-01 8.2137747e+00 0.0000000e+00 
0.0000000e+00 8.2500000e+00 0.0000000e+00 
1.5000000e+00 8.1853085e+00 0.0000000e+00 
3.7500000e+00 7.4748783e+00 0.0000000e+00 
2.2500000e+00 8.1639032e+00 0.0000000e+00 
6.0000000e+00 6.1670365e+00 0.0000000e+00 
5.2500000e+00 6.8177233e+00 0.0000000e+00 
3.0000000e+00 8.1490097e+00 0.0000000e+00 
4.5000000e+00 7.4748783e+00 0.0000000e+00 
7.5000000e-01 8.8951931e+00 0.0000000e+00 
0.0000000e+00 8.9375000e+00 0.0000000e+00 
3.7500000e+00 8.1402321e+00 0.0000000e+00 
1.5000000e+00 8.8613377e+00 0.0000000e+00 
6.0000000e+00 6.8308134e+00 0.0000000e+00 
2.2500000e+00 8.8351774e+00 0.0000000e+00 
5.2500000e+00 7.4803433e+00 0.0000000e+00 
6.7500000e+00 6.1875000e+00 0.0000000e+00 
4.5000000e+00 8.1373329e+00 0.0000000e+00 
3.0000000e+00 8.8160992e+00 0.0000000e+00 
3.7500000e+00 8.8036394e+00 0.0000000e+00 
6.0000000e+00 7.4914360e+00 0.0000000e+00 
7.5000000e-01 9.5762291e+00 0.0000000e+00 
6.7500000e+00 6.8497152e+00 0.0000000e+00 
0.0000000e+00 9.6250000e+00 0.0000000e+00 
1.5000000e+00 9.5366030e+00 0.0000000e+00 
5.2500000e+00 8.1402321e+00 0.0000000e+00 
2.2500000e+00 9.5053091e+00 0.0000000e+00 
4.5000000e+00 8.7974873e+00 0.0000000e+00 
3.0000000e+00 9.4816761e+00 0.0000000e+00 
6.7500000e+00 7.5084791e+00 0.0000000e+00 
6.0000000e+00 8.1490097e+00 0.0000000e+00 
7.5000000e+00 6.8750000e+00 0.0000000e+00 
3.7500000e+00 9.4651766e+00 0.0000000e+00 
5.2500000e+00 8.7974873e+00 0.0000000e+00 
7.5000000e-01 1.0256903e+01 0.0000000e+00 
0.0000000e+00 1.0312500e+01 0.0000000e+00 
1.5000000e+00 1.0211140e+01 0.0000000e+00 
2.2500000e+00 1.0174351e+01 0.0000000e+00 
4.5000000e+00 9.4554300e+00 0.0000000e+00 
3.0000000e+00 1.0145808e+01 0.0000000e+00 
6.7500000e+00 8.1639032e+00 0.0000000e+00 
7.5000000e+00 7.5319548e+00 0.0000000e+00 
6.0000000e+00 8.8036394e+00 0.0000000e+00 
3.7500000e+00 1.0124923e+01 0.0000000e+00 
5.2500000e+00 9.4522066e+00 0.0000000e+00 
7.5000000e-01 1.0937233e+01 0.0000000e+00 
1.5000000e+00 1.0884987e+01 0.0000000e+00 
0.0000000e+00 1.1000000e+01 0.0000000e+00 
4.5000000e+00 1.0111249e+01 0.0000000e+00 
2.2500000e+00 1.0842356e+01 0.0000000e+00 
7.5000000e+00 8.1853085e+00 0.0000000e+00 
6.7500000e+00 8.8160992e+00 0.0000000e+00 
8.2500000e+00 7.5625000e+00 0.0000000e+00 
6.0000000e+00 9.4554300e+00 0.0000000e+00 
3.0000000e+00 1.0808560e+01 0.0000000e+00 
5.2500000e+00 1.0104487e+01 0.0000000e+00 
3.7500000e+00 1.0782955e+01 0.0000000e+00 
7.5000000e+00 8.8351774e+00 0.0000000e+00 
6.7500000e+00 9.4651766e+00 0.0000000e+00 
7.5000000e-01 1.1617238e+01 0.0000000e+00 
8.2500000e+00 8.2137747e+00 0.0000000e+00 
1.5000000e+00 1.1558178e+01 0.0000000e+00 
4.5000000e+00 1.0765033e+01 0.0000000e+00 
0.0000000e+00 1.1687500e+01 0.0000000e+00 
2.2500000e+00 1.1509374e+01 0.0000000e+00 
6.0000000e+00 1.0104487e+01 0.0000000e+00 
3.0000000e+00 1.1469998e+01 0.0000000e+00 
5.2500000e+00 1.0754426e+01 0.0000000e+00 
3.7500000e+00 1.1439353e+01 0.0000000e+00 
7.5000000e+00 9.4816761e+00 0.0000000e+00 
8.2500000e+00 8.8613377e+00 0.0000000e+00 
6.7500000e+00 1.0111249e+01 0.0000000e+00 
9.0000000e+00 8.2500000e+00 0.0000000e+00 
4.5000000e+00 1.1416870e+01 0.0000000e+00 
6.0000000e+00 1.0750916e+01 0.0000000e+00 
7.5000000e-01 1.2296938e+01 0.0000000e+00 
1.5000000e+00 1.2230751e+01 0.0000000e+00 
0.0000000e+00 1.2375000e+01 0.0000000e+00 
2.2500000e+00 1.2175457e+01 0.0000000e+00 
3.0000000e+00 1.2130187e+01 0.0000000e+00 
5.2500000e+00 1.1402122e+01 0.0000000e+00 
8.2500000e+00 9.5053091e+00 0.0000000e+00 
7.5000000e+00 1.0124923e+01 0.0000000e+00 
9.0000000e+00 8.8951931e+00 0.0000000e+00 
3.7500000e+00 1.2094192e+01 0.0000000e+00 
6.7500000e+00 1.0754426e+01 0.0000000e+00 
6.0000000e+00 1.1394820e+01 0.0000000e+00 
4.5000000e+00 1.2066850e+01 0.0000000e+00 
1.5000000e+00 1.2902742e+01 0.0000000e+00 
7.5000000e-01 1.2976351e+01 0.0000000e+00 
2.2500000e+00 1.2840659e+01 0.0000000e+00 
0.0000000e+00 1.3062500e+01 0.0000000e+00 
8.2500000e+00 1.0145808e+01 0.0000000e+00 
9.0000000e+00 9.5366030e+00 0.0000000e+00 
7.5000000e+00 1.0765033e+01 0.0000000e+00 
3.0000000e+00 1.2789193e+01 0.0000000e+00 
5.2500000e+00 1.2047672e+01 0.0000000e+00 
9.7500000e+00 8.9375000e+00 0.0000000e+00 
6.7500000e+00 1.1394820e+01 0.0000000e+00 
3.7500000e+00 1.2747551e+01 0.0000000e+00 
6.0000000e+00 1.2036307e+01 0.0000000e+00 
4.5000000e+00 1.2715059e+01 0.0000000e+00 
8.2500000e+00 1.0782955e+01 0.0000000e+00 
9.0000000e+00 1.0174351e+01 0.0000000e+00 
7.5000000e+00 1.1402122e+01 0.0000000e+00 
1.5000000e+00 1.3574187e+01 0.0000000e+00 
9.7500000e+00 9.5762291e+00 0.0000000e+00 
7.5000000e-01 1.3655497e+01 0.0000000e+00 
2.2500000e+00 1.3505031e+01 0.0000000e+00 
5.2500000e+00 1.2691174e+01 0.0000000e+00 
0.0000000e+00 1.3750000e+01 0.0000000e+00 
3.0000000e+00 1.3447083e+01 0.0000000e+00 
6.7500000e+00 1.2032543e+01 0.0000000e+00 
3.7500000e+00 1.3399508e+01 0.0000000e+00 
6.0000000e+00 1.2675481e+01 0.0000000e+00 
9.0000000e+00 1.0808560e+01 0.0000000e+00 
8.2500000e+00 1.1416870e+01 0.0000000e+00 
4.5000000e+00 1.3361588e+01 0.0000000e+00 
9.7500000e+00 1.0211140e+01 0.0000000e+00 
7.5000000e+00 1.2036307e+01 0.0000000e+00 
1.0500000e+01 9.6250000e+00 0.0000000e+00 
1.5000000e+00 1.4245124e+01 0.0000000e+00 
5.2500000e+00 1.3332725e+01 0.0000000e+00 
2.2500000e+00 1.4168624e+01 0.0000000e+00 
6.7500000e+00 1.2667705e+01 0.0000000e+00 
7.5000000e-01 1.4334394e+01 0.0000000e+00 
3.0000000e+00 1.4103920e+01 0.0000000e+00 
0.0000000e+00 1.4437500e+01 0.0000000e+00 
3.7500000e+00 1.4050141e+01 0.0000000e+00 
9.0000000e+00 1.1439353e+01 0.0000000e+00 
9.7500000e+00 1.0842356e+01 0.0000000e+00 
8.2500000e+00 1.2047672e+01 0.0000000e+00 
6.0000000e+00 1.3312447e+01 0.0000000e+00 
1.0500000e+01 1.0256903e+01 0.0000000e+00 
4.5000000e+00 1.4006524e+01 0.0000000e+00 
7.5000000e+00 1.2667705e+01 0.0000000e+00 
6.7500000e+00 1.3300416e+01 0.0000000e+00 
5.2500000e+00 1.3972422e+01 0.0000000e+00 
1.5000000e+00 1.4915586e+01 0.0000000e+00 
2.2500000e+00 1.4831490e+01 0.0000000e+00 
7.5000000e-01 1.5013062e+01 0.0000000e+00 
9.0000000e+00 1.2066850e+01 0.0000000e+00 
9.7500000e+00 1.1469998e+01 0.0000000e+00 
3.0000000e+00 1.4759772e+01 0.0000000e+00 
8.2500000e+00 1.2675481e+01 0.0000000e+00 
1.0500000e+01 1.0884987e+01 0.0000000e+00 
0.0000000e+00 1.5125000e+01 0.0000000e+00 
3.7500000e+00 1.4699529e+01 0.0000000e+00 
6.0000000e+00 1.3947309e+01 0.0000000e+00 
1.1250000e+01 1.0312500e+01 0.0000000e+00 
7.5000000e+00 1.3296429e+01 0.0000000e+00 
4.5000000e+00 1.4649956e+01 0.0000000e+00 
6.7500000e+00 1.3930791e+01 0.0000000e+00 
5.2500000e+00 1.4610363e+01 0.0000000e+00 
9.7500000e+00 1.2094192e+01 0.0000000e+00 
9.0000000e+00 1.2691174e+01 0.0000000e+00 
1.0500000e+01 1.1509374e+01 0.0000000e+00 
8.2500000e+00 1.3300416e+01 0.0000000e+00 
2.2500000e+00 1.5493682e+01 0.0000000e+00 
1.5000000e+00 1.5585613e+01 0.0000000e+00 
1.1250000e+01 1.0937233e+01 0.0000000e+00 
3.0000000e+00 1.5414704e+01 0.0000000e+00 
7.5000000e-01 1.5691521e+01 0.0000000e+00 
6.0000000e+00 1.4580174e+01 0.0000000e+00 
3.7500000e+00 1.5347747e+01 0.0000000e+00 
0.0000000e+00 1.5812500e+01 0.0000000e+00 
7.5000000e+00 1.3922598e+01 0.0000000e+00 
4.5000000e+00 1.5291972e+01 0.0000000e+00 
9.7500000e+00 1.2715059e+01 0.0000000e+00 
1.0500000e+01 1.2130187e+01 0.0000000e+00 
6.7500000e+00 1.4558938e+01 0.0000000e+00 
9.0000000e+00 1.3312447e+01 0.0000000e+00 
5.2500000e+00 1.5246646e+01 0.0000000e+00 
1.1250000e+01 1.1558178e+01 0.0000000e+00 
8.2500000e+00 1.3922598e+01 0.0000000e+00 
1.2000000e+01 1.1000000e+01 0.0000000e+00 
2.2500000e+00 1.6155251e+01 0.0000000e+00 
1.5000000e+00 1.6255239e+01 0.0000000e+00 
3.0000000e+00 1.6068781e+01 0.0000000e+00 
6.0000000e+00 1.5211147e+01 0.0000000e+00 
7.5000000e+00 1.4546328e+01 0.0000000e+00 
7.5000000e-01 1.6369787e+01 0.0000000e+00 
3.7500000e+00 1.5994875e+01 0.0000000e+00 
0.0000000e+00 1.6500000e+01 0.0000000e+00 
1.0500000e+01 1.2747551e+01 0.0000000e+00 
9.7500000e+00 1.3332725e+01 0.0000000e+00 
4.5000000e+00 1.5932661e+01 0.0000000e+00 
1.1250000e+01 1.2175457e+01 0.0000000e+00 
9.0000000e+00 1.3930791e+01 0.0000000e+00 
6.7500000e+00 1.5184971e+01 0.0000000e+00 
1.2000000e+01 1.1617238e+01 0.0000000e+00 
8.2500000e+00 1.4542146e+01 0.0000000e+00 
5.2500000e+00 1.5881369e+01 0.0000000e+00 
7.5000000e+00 1.5167734e+01 0.0000000e+00 
6.0000000e+00 1.5840332e+01 0.0000000e+00 
2.2500000e+00 1.6816248e+01 0.0000000e+00 
3.0000000e+00 1.6722071e+01 0.0000000e+00 
1.5000000e+00 1.6924503e+01 0.0000000e+00 
1.0500000e+01 1.3361588e+01 0.0000000e+00 
9.7500000e+00 1.3947309e+01 0.0000000e+00 
1.1250000e+01 1.2789193e+01 0.0000000e+00 
3.7500000e+00 1.6640991e+01 0.0000000e+00 
7.5000000e-01 1.7047884e+01 0.0000000e+00 
9.0000000e+00 1.4546328e+01 0.0000000e+00 
1.2000000e+01 1.2230751e+01 0.0000000e+00 
4.5000000e+00 1.6572111e+01 0.0000000e+00 
0.0000000e+00 1.7187500e+01 0.0000000e+00 
6.7500000e+00 1.5808999e+01 0.0000000e+00 
8.2500000e+00 1.5159180e+01 0.0000000e+00 
1.2750000e+01 1.1687500e+01 0.0000000e+00 
5.2500000e+00 1.6514627e+01 0.0000000e+00 
7.5000000e+00 1.5786932e+01 0.0000000e+00 
1.0500000e+01 1.3972422e+01 0.0000000e+00 
1.1250000e+01 1.3399508e+01 0.0000000e+00 
9.7500000e+00 1.4558938e+01 0.0000000e+00 
6.0000000e+00 1.6467834e+01 0.0000000e+00 
1.2000000e+01 1.2840659e+01 0.0000000e+00 
2.2500000e+00 1.7476728e+01 0.0000000e+00 
9.0000000e+00 1.5159180e+01 0.0000000e+00 
3.0000000e+00 1.7374638e+01 0.0000000e+00 
1.5000000e+00 1.7593439e+01 0.0000000e+00 
3.7500000e+00 1.7286171e+01 0.0000000e+00 
1.2750000e+01 1.2296938e+01 0.0000000e+00 
7.5000000e-01 1.7725826e+01 0.0000000e+00 
6.7500000e+00 1.6431133e+01 0.0000000e+00 
4.5000000e+00 1.7210411e+01 0.0000000e+00 
8.2500000e+00 1.5773819e+01 0.0000000e+00 
0.0000000e+00 1.7875000e+01 0.0000000e+00 
5.2500000e+00 1.7146521e+01 0.0000000e+00 
1.1250000e+01 1.4006524e+01 0.0000000e+00 
1.0500000e+01 1.4580174e+01 0.0000000e+00 
1.2000000e+01 1.3447083e+01 0.0000000e+00 
9.7500000e+00 1.5167734e+01 0.0000000e+00 
7.5000000e+00 1.6404039e+01 0.0000000e+00 
6.0000000e+00 1.7093760e+01 0.0000000e+00 
1.2750000e+01 1.2902742e+01 0.0000000e+00 
9.0000000e+00 1.5769469e+01 0.0000000e+00 
3.0000000e+00 1.8026546e+01 0.0000000e+00 
2.2500000e+00 1.8136740e+01 0.0000000e+00 
1.3500000e+01 1.2375000e+01 0.0000000e+00 
3.7500000e+00 1.7930496e+01 0.0000000e+00 
1.5000000e+00 1.8262083e+01 0.0000000e+00 
6.7500000e+00 1.7051489e+01 0.0000000e+00 
8.2500000e+00 1.6386185e+01 0.0000000e+00 
4.5000000e+00 1.7847649e+01 0.0000000e+00 
7.5000000e-01 1.8403635e+01 0.0000000e+00 
1.1250000e+01 1.4610363e+01 0.0000000e+00 
1.0500000e+01 1.5184971e+01 0.0000000e+00 
1.2000000e+01 1.4050141e+01 0.0000000e+00 
5.2500000e+00 1.7777147e+01 0.0000000e+00 
9.7500000e+00 1.5773819e+01 0.0000000e+00 
0.0000000e+00 1.8562500e+01 0.0000000e+00 
1.2750000e+01 1.3505031e+01 0.0000000e+00 
7.5000000e+00 1.7019173e+01 0.0000000e+00 
9.0000000e+00 1.6377317e+01 0.0000000e+00 
6.0000000e+00 1.7718214e+01 0.0000000e+00 
1.3500000e+01 1.2976351e+01 0.0000000e+00 
8.2500000e+00 1.6996393e+01 0.0000000e+00 
6.7500000e+00 1.7670174e+01 0.0000000e+00 
3.0000000e+00 1.8677864e+01 0.0000000e+00 
1.1250000e+01 1.5211147e+01 0.0000000e+00 
2.2500000e+00 1.8796337e+01 0.0000000e+00 
1.2000000e+01 1.4649956e+01 0.0000000e+00 
3.7500000e+00 1.8574041e+01 0.0000000e+00 
1.0500000e+01 1.5786932e+01 0.0000000e+00 
1.5000000e+00 1.8930471e+01 0.0000000e+00 
1.2750000e+01 1.4103920e+01 0.0000000e+00 
4.5000000e+00 1.8483915e+01 0.0000000e+00 
9.7500000e+00 1.6377317e+01 0.0000000e+00 
7.5000000e-01 1.9081329e+01 0.0000000e+00 
5.2500000e+00 1.8406603e+01 0.0000000e+00 
1.3500000e+01 1.3574187e+01 0.0000000e+00 
7.5000000e+00 1.7632446e+01 0.0000000e+00 
9.0000000e+00 1.6982847e+01 0.0000000e+00 
0.0000000e+00 1.9250000e+01 0.0000000e+00 
6.0000000e+00 1.8341301e+01 0.0000000e+00 
1.4250000e+01 1.3062500e+01 0.0000000e+00 
1.2000000e+01 1.5246646e+01 0.0000000e+00 
1.1250000e+01 1.5808999e+01 0.0000000e+00 
8.2500000e+00 1.7604568e+01 0.0000000e+00 
1.2750000e+01 1.4699529e+01 0.0000000e+00 
1.0500000e+01 1.6386185e+01 0.0000000e+00 
6.7500000e+00 1.8287298e+01 0.0000000e+00 
3.0000000e+00 1.9328655e+01 0.0000000e+00 
1.3500000e+01 1.4168624e+01 0.0000000e+00 
9.7500000e+00 1.6978354e+01 0.0000000e+00 
3.7500000e+00 1.9216885e+01 0.0000000e+00 
2.2500000e+00 1.9455570e+01 0.0000000e+00 
4.5000000e+00 1.9119295e+01 0.0000000e+00 
1.5000000e+00 1.9598644e+01 0.0000000e+00 
7.5000000e+00 1.8243979e+01 0.0000000e+00 
1.4250000e+01 1.3655497e+01 0.0000000e+00 
5.2500000e+00 1.9034985e+01 0.0000000e+00 
9.0000000e+00 1.7586180e+01 0.0000000e+00 
7.5000000e-01 1.9758928e+01 0.0000000e+00 
1.2000000e+01 1.5840332e+01 0.0000000e+00 
6.0000000e+00 1.8963125e+01 0.0000000e+00 
1.1250000e+01 1.6404039e+01 0.0000000e+00 
1.2750000e+01 1.5291972e+01 0.0000000e+00 
0.0000000e+00 1.9937500e+01 0.0000000e+00 
1.0500000e+01 1.6982847e+01 0.0000000e+00 
8.2500000e+00 1.8210827e+01 0.0000000e+00 
1.3500000e+01 1.4759772e+01 0.0000000e+00 
6.7500000e+00 1.8902977e+01 0.0000000e+00 
9.7500000e+00 1.7577047e+01 0.0000000e+00 
1.4250000e+01 1.4245124e+01 0.0000000e+00 
3.0000000e+00 1.9978989e+01 0.0000000e+00 
3.7500000e+00 1.9859106e+01 0.0000000e+00 
2.2500000e+00 2.0114492e+01 0.0000000e+00 
4.5000000e+00 1.9753878e+01 0.0000000e+00 
7.5000000e+00 1.8853882e+01 0.0000000e+00 
9.0000000e+00 1.8187439e+01 0.0000000e+00 
1.5000000e+00 2.0266634e+01 0.0000000e+00 
1.2000000e+01 1.6431133e+01 0.0000000e+00 
1.5000000e+01 1.3750000e+01 0.0000000e+00 
5.2500000e+00 1.9662390e+01 0.0000000e+00 
1.2750000e+01 1.5881369e+01 0.0000000e+00 
1.1250000e+01 1.6996393e+01 0.0000000e+00 
1.3500000e+01 1.5347747e+01 0.0000000e+00 
7.5000000e-01 2.0436451e+01 0.0000000e+00 
1.0500000e+01 1.7577047e+01 0.0000000e+00 
6.0000000e+00 1.9583794e+01 0.0000000e+00 
8.2500000e+00 1.8815289e+01 0.0000000e+00 
1.4250000e+01 1.4831490e+01 0.0000000e+00 
9.7500000e+00 1.8173525e+01 0.0000000e+00 
0.0000000e+00 2.0625000e+01 0.0000000e+00 
6.7500000e+00 1.9517319e+01 0.0000000e+00 
1.5000000e+01 1.4334394e+01 0.0000000e+00 
1.2000000e+01 1.7019173e+01 0.0000000e+00 
1.2750000e+01 1.6467834e+01 0.0000000e+00 
9.0000000e+00 1.8786745e+01 0.0000000e+00 
3.7500000e+00 2.0500782e+01 0.0000000e+00 
3.0000000e+00 2.0628925e+01 0.0000000e+00 
7.5000000e+00 1.9462276e+01 0.0000000e+00 
1.1250000e+01 1.7586180e+01 0.0000000e+00 
4.5000000e+00 2.0387754e+01 0.0000000e+00 
1.3500000e+01 1.5932661e+01 0.0000000e+00 
2.2500000e+00 2.0773155e+01 0.0000000e+00 
5.2500000e+00 2.0288919e+01 0.0000000e+00 
1.0500000e+01 1.8168905e+01 0.0000000e+00 
1.5000000e+00 2.0934477e+01 0.0000000e+00 
1.4250000e+01 1.5414704e+01 0.0000000e+00 
6.0000000e+00 2.0203411e+01 0.0000000e+00 
8.2500000e+00 1.9418076e+01 0.0000000e+00 
7.5000000e-01 2.1113914e+01 0.0000000e+00 
9.7500000e+00 1.8767906e+01 0.0000000e+00 
1.5000000e+01 1.4915586e+01 0.0000000e+00 
6.7500000e+00 2.0130436e+01 0.0000000e+00 
1.2750000e+01 1.7051489e+01 0.0000000e+00 
1.2000000e+01 1.7604568e+01 0.0000000e+00 
0.0000000e+00 2.1312500e+01 0.0000000e+00 
1.3500000e+01 1.6514627e+01 0.0000000e+00 
1.5750000e+01 1.4437500e+01 0.0000000e+00 
9.0000000e+00 1.9384220e+01 0.0000000e+00 
1.1250000e+01 1.8173525e+01 0.0000000e+00 
1.4250000e+01 1.5994875e+01 0.0000000e+00 
7.5000000e+00 2.0069279e+01 0.0000000e+00 
3.7500000e+00 2.1141991e+01 0.0000000e+00 
3.0000000e+00 2.1278534e+01 0.0000000e+00 
4.5000000e+00 2.1021011e+01 0.0000000e+00 
1.0500000e+01 1.8758547e+01 0.0000000e+00 
2.2500000e+00 2.1431610e+01 0.0000000e+00 
5.2500000e+00 2.0914667e+01 0.0000000e+00 
1.5000000e+01 1.5493682e+01 0.0000000e+00 
8.2500000e+00 2.0019306e+01 0.0000000e+00 
1.5000000e+00 2.1602213e+01 0.0000000e+00 
6.0000000e+00 2.0822083e+01 0.0000000e+00 
9.7500000e+00 1.9360319e+01 0.0000000e+00 
1.5750000e+01 1.5013062e+01 0.0000000e+00 
1.2750000e+01 1.7632446e+01 0.0000000e+00 
1.3500000e+01 1.7093760e+01 0.0000000e+00 
1.2000000e+01 1.8187439e+01 0.0000000e+00 
7.5000000e-01 2.1791342e+01 0.0000000e+00 
6.7500000e+00 2.0742441e+01 0.0000000e+00 
1.4250000e+01 1.6572111e+01 0.0000000e+00 
1.1250000e+01 1.8758547e+01 0.0000000e+00 
9.0000000e+00 1.9979986e+01 0.0000000e+00 
1.5000000e+01 1.6068781e+01 0.0000000e+00 
7.5000000e+00 2.0675001e+01 0.0000000e+00 
0.0000000e+00 2.2000000e+01 0.0000000e+00 
1.0500000e+01 1.9346092e+01 0.0000000e+00 
3.7500000e+00 2.1782810e+01 0.0000000e+00 
4.5000000e+00 2.1653738e+01 0.0000000e+00 
3.0000000e+00 2.1927881e+01 0.0000000e+00 
1.5750000e+01 1.5585613e+01 0.0000000e+00 
5.2500000e+00 2.1539734e+01 0.0000000e+00 
2.2500000e+00 2.2089911e+01 0.0000000e+00 
9.7500000e+00 1.9950884e+01 0.0000000e+00 
8.2500000e+00 2.0619101e+01 0.0000000e+00 
1.2750000e+01 1.8210827e+01 0.0000000e+00 
1.3500000e+01 1.7670174e+01 0.0000000e+00 
6.0000000e+00 2.1439913e+01 0.0000000e+00 
1.2000000e+01 1.8767906e+01 0.0000000e+00 
1.4250000e+01 1.7146521e+01 0.0000000e+00 
1.5000000e+00 2.2269875e+01 0.0000000e+00 
1.1250000e+01 1.9341370e+01 0.0000000e+00 
1.6500000e+01 1.5125000e+01 0.0000000e+00 
6.7500000e+00 2.1353443e+01 0.0000000e+00 
1.5000000e+01 1.6640991e+01 0.0000000e+00 
9.0000000e+00 2.0574165e+01 0.0000000e+00 
7.5000000e-01 2.2468750e+01 0.0000000e+00 
1.0500000e+01 1.9931667e+01 0.0000000e+00 
1.5750000e+01 1.6155251e+01 0.0000000e+00 
7.5000000e+00 2.1279562e+01 0.0000000e+00 
0.0000000e+00 2.2687500e+01 0.0000000e+00 
1.3500000e+01 1.8243979e+01 0.0000000e+00 
1.2750000e+01 1.8786745e+01 0.0000000e+00 
3.7500000e+00 2.2423317e+01 0.0000000e+00 
4.5000000e+00 2.2286020e+01 0.0000000e+00 
9.7500000e+00 2.0539722e+01 0.0000000e+00 
1.4250000e+01 1.7718214e+01 0.0000000e+00 
8.2500000e+00 2.1217577e+01 0.0000000e+00 
1.2000000e+01 1.9346092e+01 0.0000000e+00 
1.6500000e+01 1.5691521e+01 0.0000000e+00 
3.0000000e+00 2.2577030e+01 0.0000000e+00 
5.2500000e+00 2.2164213e+01 0.0000000e+00 
1.5000000e+01 1.7210411e+01 0.0000000e+00 
6.0000000e+00 2.2057007e+01 0.0000000e+00 
2.2500000e+00 2.2748106e+01 0.0000000e+00 
1.1250000e+01 1.9922115e+01 0.0000000e+00 
1.5750000e+01 1.6722071e+01 0.0000000e+00 
6.7500000e+00 2.1963554e+01 0.0000000e+00 
1.5000000e+00 2.2937500e+01 0.0000000e+00 
9.0000000e+00 2.1166882e+01 0.0000000e+00 
1.0500000e+01 2.0515392e+01 0.0000000e+00 
7.5000000e+00 2.1883078e+01 0.0000000e+00 
1.3500000e+01 1.8815289e+01 0.0000000e+00 
7.5000000e-01 2.3146158e+01 0.0000000e+00 
1.6500000e+01 1.6255239e+01 0.0000000e+00 
1.2750000e+01 1.9360319e+01 0.0000000e+00 
1.4250000e+01 1.8287298e+01 0.0000000e+00 
1.2000000e+01 1.9922115e+01 0.0000000e+00 
1.5000000e+01 1.7777147e+01 0.0000000e+00 
9.7500000e+00 2.1126961e+01 0.0000000e+00 
8.2500000e+00 2.1814856e+01 0.0000000e+00 
4.5000000e+00 2.2917950e+01 0.0000000e+00 
3.7500000e+00 2.3063591e+01 0.0000000e+00 
0.0000000e+00 2.3375000e+01 0.0000000e+00 
1.1250000e+01 2.0500904e+01 0.0000000e+00 
5.2500000e+00 2.2788206e+01 0.0000000e+00 
1.5750000e+01 1.7286171e+01 0.0000000e+00 
1.7250000e+01 1.5812500e+01 0.0000000e+00 
3.0000000e+00 2.3226048e+01 0.0000000e+00 
6.0000000e+00 2.2673470e+01 0.0000000e+00 
2.2500000e+00 2.3406250e+01 0.0000000e+00 
9.0000000e+00 2.1758255e+01 0.0000000e+00 
1.6500000e+01 1.6816248e+01 0.0000000e+00 
6.7500000e+00 2.2572887e+01 0.0000000e+00 
1.0500000e+01 2.1097395e+01 0.0000000e+00 
1.3500000e+01 1.9384220e+01 0.0000000e+00 
1.4250000e+01 1.8853882e+01 0.0000000e+00 
1.5000000e+00 2.3605125e+01 0.0000000e+00 
1.2750000e+01 1.9931667e+01 0.0000000e+00 
1.5000000e+01 1.8341301e+01 0.0000000e+00 
7.5000000e+00 2.2485662e+01 0.0000000e+00 
1.2000000e+01 2.0496094e+01 0.0000000e+00 
1.7250000e+01 1.6369787e+01 0.0000000e+00 
9.7500000e+00 2.1712721e+01 0.0000000e+00 
1.5750000e+01 1.7847649e+01 0.0000000e+00 
7.5000000e-01 2.3823586e+01 0.0000000e+00 
8.2500000e+00 2.2411058e+01 0.0000000e+00 
1.1250000e+01 2.1077862e+01 0.0000000e+00 
1.6500000e+01 1.7374638e+01 0.0000000e+00 
4.5000000e+00 2.3549614e+01 0.0000000e+00 
5.2500000e+00 2.3411808e+01 0.0000000e+00 
3.7500000e+00 2.3703711e+01 0.0000000e+00 
6.0000000e+00 2.3289406e+01 0.0000000e+00 
0.0000000e+00 2.4062500e+01 0.0000000e+00 
3.0000000e+00 2.3875000e+01 0.0000000e+00 
1.4250000e+01 1.9418076e+01 0.0000000e+00 
1.0500000e+01 2.1677794e+01 0.0000000e+00 
1.3500000e+01 1.9950884e+01 0.0000000e+00 
9.0000000e+00 2.2348408e+01 0.0000000e+00 
1.5000000e+01 1.8902977e+01 0.0000000e+00 
1.2750000e+01 2.0500904e+01 0.0000000e+00 
6.7500000e+00 2.3181551e+01 0.0000000e+00 
1.7250000e+01 1.6924503e+01 0.0000000e+00 
2.2500000e+00 2.4064394e+01 0.0000000e+00 
1.5750000e+01 1.8406603e+01 0.0000000e+00 
1.2000000e+01 2.1068150e+01 0.0000000e+00 
7.5000000e+00 2.3087435e+01 0.0000000e+00 
1.5000000e+00 2.4272787e+01 0.0000000e+00 
9.7500000e+00 2.2297127e+01 0.0000000e+00 
1.6500000e+01 1.7930496e+01 0.0000000e+00 
1.1250000e+01 2.1653111e+01 0.0000000e+00 
1.8000000e+01 1.6500000e+01 0.0000000e+00 
8.2500000e+00 2.3006302e+01 0.0000000e+00 
7.5000000e-01 2.4501049e+01 0.0000000e+00 
1.4250000e+01 1.9979986e+01 0.0000000e+00 
1.7250000e+01 1.7476728e+01 0.0000000e+00 
1.3500000e+01 2.0515392e+01 0.0000000e+00 
1.5000000e+01 1.9462276e+01 0.0000000e+00 
4.5000000e+00 2.4181101e+01 0.0000000e+00 
5.2500000e+00 2.4035118e+01 0.0000000e+00 
1.0500000e+01 2.2256716e+01 0.0000000e+00 
1.2750000e+01 2.1068150e+01 0.0000000e+00 
3.7500000e+00 2.4343750e+01 0.0000000e+00 
9.0000000e+00 2.2937462e+01 0.0000000e+00 
6.0000000e+00 2.3904922e+01 0.0000000e+00 
1.5750000e+01 1.8963125e+01 0.0000000e+00 
3.0000000e+00 2.4523952e+01 0.0000000e+00 
6.7500000e+00 2.3789660e+01 0.0000000e+00 
1.2000000e+01 2.1638405e+01 0.0000000e+00 
0.0000000e+00 2.4750000e+01 0.0000000e+00 
1.6500000e+01 1.8483915e+01 0.0000000e+00 
1.8000000e+01 1.7047884e+01 0.0000000e+00 
2.2500000e+00 2.4722589e+01 0.0000000e+00 
7.5000000e+00 2.3688511e+01 0.0000000e+00 
9.7500000e+00 2.2880299e+01 0.0000000e+00 
1.1250000e+01 2.2226768e+01 0.0000000e+00 
1.7250000e+01 1.8026546e+01 0.0000000e+00 
1.5000000e+00 2.4940523e+01 0.0000000e+00 
1.4250000e+01 2.0539722e+01 0.0000000e+00 
8.2500000e+00 2.3600708e+01 0.0000000e+00 
1.5000000e+01 2.0019306e+01 0.0000000e+00 
1.3500000e+01 2.1077862e+01 0.0000000e+00 
1.5750000e+01 1.9517319e+01 0.0000000e+00 
1.2750000e+01 2.1633520e+01 0.0000000e+00 
1.0500000e+01 2.2834280e+01 0.0000000e+00 
1.8000000e+01 1.7593439e+01 0.0000000e+00 
9.0000000e+00 2.3525539e+01 0.0000000e+00 
7.5000000e-01 2.5178572e+01 0.0000000e+00 
1.6500000e+01 1.9034985e+01 0.0000000e+00 
5.2500000e+00 2.4658234e+01 0.0000000e+00 
4.5000000e+00 2.4812500e+01 0.0000000e+00 
1.2000000e+01 2.2206978e+01 0.0000000e+00 
6.0000000e+00 2.4520124e+01 0.0000000e+00 
3.7500000e+00 2.4983789e+01 0.0000000e+00 
6.7500000e+00 2.4397322e+01 0.0000000e+00 
1.7250000e+01 1.8574041e+01 0.0000000e+00 
3.0000000e+00 2.5172970e+01 0.0000000e+00 
9.7500000e+00 2.3462364e+01 0.0000000e+00 
7.5000000e+00 2.4289005e+01 0.0000000e+00 
1.1250000e+01 2.2798960e+01 0.0000000e+00 
1.8750000e+01 1.7187500e+01 0.0000000e+00 
0.0000000e+00 2.5437500e+01 0.0000000e+00 
1.4250000e+01 2.1097395e+01 0.0000000e+00 
1.5000000e+01 2.0574165e+01 0.0000000e+00 
2.2500000e+00 2.5380890e+01 0.0000000e+00 
1.3500000e+01 2.1638405e+01 0.0000000e+00 
1.5750000e+01 2.0069279e+01 0.0000000e+00 
1.8000000e+01 1.8136740e+01 0.0000000e+00 
8.2500000e+00 2.4194395e+01 0.0000000e+00 
1.2750000e+01 2.2197134e+01 0.0000000e+00 
1.6500000e+01 1.9583794e+01 0.0000000e+00 
1.5000000e+00 2.5608366e+01 0.0000000e+00 
1.0500000e+01 2.3410614e+01 0.0000000e+00 
9.0000000e+00 2.4112764e+01 0.0000000e+00 
1.2000000e+01 2.2773987e+01 0.0000000e+00 
1.7250000e+01 1.9119295e+01 0.0000000e+00 
1.8750000e+01 1.7725826e+01 0.0000000e+00 
5.2500000e+00 2.5281250e+01 0.0000000e+00 
4.5000000e+00 2.5443899e+01 0.0000000e+00 
6.0000000e+00 2.5135115e+01 0.0000000e+00 
7.5000000e-01 2.5856171e+01 0.0000000e+00 
3.7500000e+00 2.5623909e+01 0.0000000e+00 
6.7500000e+00 2.5004650e+01 0.0000000e+00 
1.5000000e+01 2.1126961e+01 0.0000000e+00 
1.4250000e+01 2.1653111e+01 0.0000000e+00 
1.1250000e+01 2.3369808e+01 0.0000000e+00 
1.8000000e+01 1.8677864e+01 0.0000000e+00 
9.7500000e+00 2.4043444e+01 0.0000000e+00 
1.5750000e+01 2.0619101e+01 0.0000000e+00 
1.3500000e+01 2.2197134e+01 0.0000000e+00 
7.5000000e+00 2.4889036e+01 0.0000000e+00 
3.0000000e+00 2.5822119e+01 0.0000000e+00 
1.6500000e+01 2.0130436e+01 0.0000000e+00 
1.2750000e+01 2.2759106e+01 0.0000000e+00 
8.2500000e+00 2.4787485e+01 0.0000000e+00 
0.0000000e+00 2.6125000e+01 0.0000000e+00 
2.2500000e+00 2.6039345e+01 0.0000000e+00 
1.7250000e+01 1.9662390e+01 0.0000000e+00 
1.8750000e+01 1.8262083e+01 0.0000000e+00 
1.0500000e+01 2.3985840e+01 0.0000000e+00 
1.2000000e+01 2.3339556e+01 0.0000000e+00 
9.0000000e+00 2.4699255e+01 0.0000000e+00 
1.5000000e+00 2.6276356e+01 0.0000000e+00 
1.8000000e+01 1.9216885e+01 0.0000000e+00 
1.5000000e+01 2.1677794e+01 0.0000000e+00 
1.5750000e+01 2.1166882e+01 0.0000000e+00 
1.4250000e+01 2.2206978e+01 0.0000000e+00 
5.2500000e+00 2.5904266e+01 0.0000000e+00 
6.0000000e+00 2.5750000e+01 0.0000000e+00 
1.1250000e+01 2.3939436e+01 0.0000000e+00 
1.6500000e+01 2.0675001e+01 0.0000000e+00 
1.9500000e+01 1.7875000e+01 0.0000000e+00 
1.3500000e+01 2.2754162e+01 0.0000000e+00 
4.5000000e+00 2.6075386e+01 0.0000000e+00 
9.7500000e+00 2.4623659e+01 0.0000000e+00 
6.7500000e+00 2.5611755e+01 0.0000000e+00 
3.7500000e+00 2.6264183e+01 0.0000000e+00 
7.5000000e-01 2.6533865e+01 0.0000000e+00 
1.8750000e+01 1.8796337e+01 0.0000000e+00 
1.7250000e+01 2.0203411e+01 0.0000000e+00 
7.5000000e+00 2.5488718e+01 0.0000000e+00 
1.2750000e+01 2.3319553e+01 0.0000000e+00 
3.0000000e+00 2.6471466e+01 0.0000000e+00 
8.2500000e+00 2.5380095e+01 0.0000000e+00 
1.0500000e+01 2.4560078e+01 0.0000000e+00 
1.8000000e+01 1.9753878e+01 0.0000000e+00 
1.2000000e+01 2.3903801e+01 0.0000000e+00 
2.2500000e+00 2.6698008e+01 0.0000000e+00 
0.0000000e+00 2.6812500e+01 0.0000000e+00 
1.9500000e+01 1.8403635e+01 0.0000000e+00 
1.5000000e+01 2.2226768e+01 0.0000000e+00 
1.5750000e+01 2.1712721e+01 0.0000000e+00 
9.0000000e+00 2.5285135e+01 0.0000000e+00 
1.4250000e+01 2.2759106e+01 0.0000000e+00 
1.6500000e+01 2.1217577e+01 0.0000000e+00 
1.8750000e+01 1.9328655e+01 0.0000000e+00 
1.3500000e+01 2.3309603e+01 0.0000000e+00 
1.1250000e+01 2.4507961e+01 0.0000000e+00 
1.7250000e+01 2.0742441e+01 0.0000000e+00 
1.5000000e+00 2.6944529e+01 0.0000000e+00 
9.7500000e+00 2.5203136e+01 0.0000000e+00 
6.0000000e+00 2.6364885e+01 0.0000000e+00 
5.2500000e+00 2.6527382e+01 0.0000000e+00 
1.2750000e+01 2.3878595e+01 0.0000000e+00 
6.7500000e+00 2.6218750e+01 0.0000000e+00 
4.5000000e+00 2.6707050e+01 0.0000000e+00 
1.8000000e+01 2.0288919e+01 0.0000000e+00 
7.5000000e+00 2.6088167e+01 0.0000000e+00 
3.7500000e+00 2.6904690e+01 0.0000000e+00 
1.9500000e+01 1.8930471e+01 0.0000000e+00 
7.5000000e-01 2.7211674e+01 0.0000000e+00 
1.0500000e+01 2.5133453e+01 0.0000000e+00 
8.2500000e+00 2.5972347e+01 0.0000000e+00 
1.2000000e+01 2.4466846e+01 0.0000000e+00 
1.5750000e+01 2.2256716e+01 0.0000000e+00 
1.5000000e+01 2.2773987e+01 0.0000000e+00 
3.0000000e+00 2.7121075e+01 0.0000000e+00 
1.6500000e+01 2.1758255e+01 0.0000000e+00 
1.8750000e+01 1.9859106e+01 0.0000000e+00 
1.4250000e+01 2.3309603e+01 0.0000000e+00 
9.0000000e+00 2.5870529e+01 0.0000000e+00 
1.7250000e+01 2.1279562e+01 0.0000000e+00 
1.3500000e+01 2.3863571e+01 0.0000000e+00 
2.2500000e+00 2.7356930e+01 0.0000000e+00 
2.0250000e+01 1.8562500e+01 0.0000000e+00 
1.1250000e+01 2.5075512e+01 0.0000000e+00 
0.0000000e+00 2.7500000e+01 0.0000000e+00 
1.8000000e+01 2.0822083e+01 0.0000000e+00 
1.9500000e+01 1.9455570e+01 0.0000000e+00 
1.2750000e+01 2.4436348e+01 0.0000000e+00 
9.7500000e+00 2.5782000e+01 0.0000000e+00 
6.0000000e+00 2.6979876e+01 0.0000000e+00 
5.2500000e+00 2.7150692e+01 0.0000000e+00 
1.5000000e+00 2.7612917e+01 0.0000000e+00 
6.7500000e+00 2.6825745e+01 0.0000000e+00 
1.8750000e+01 2.0387754e+01 0.0000000e+00 
4.5000000e+00 2.7338980e+01 0.0000000e+00 
1.5750000e+01 2.2798960e+01 0.0000000e+00 
7.5000000e+00 2.6687500e+01 0.0000000e+00 
1.5000000e+01 2.3319553e+01 0.0000000e+00 
1.6500000e+01 2.2297127e+01 0.0000000e+00 
1.2000000e+01 2.5028809e+01 0.0000000e+00 
1.0500000e+01 2.5706091e+01 0.0000000e+00 
1.4250000e+01 2.3858580e+01 0.0000000e+00 
3.7500000e+00 2.7545509e+01 0.0000000e+00 
1.7250000e+01 2.1814856e+01 0.0000000e+00 
8.2500000e+00 2.6564358e+01 0.0000000e+00 
2.0250000e+01 1.9081329e+01 0.0000000e+00 
7.5000000e-01 2.7889616e+01 0.0000000e+00 
1.3500000e+01 2.4416178e+01 0.0000000e+00 
1.9500000e+01 1.9978989e+01 0.0000000e+00 
1.8000000e+01 2.1353443e+01 0.0000000e+00 
3.0000000e+00 2.7771011e+01 0.0000000e+00 
9.0000000e+00 2.6455557e+01 0.0000000e+00 
1.1250000e+01 2.5642206e+01 0.0000000e+00 
1.2750000e+01 2.4992928e+01 0.0000000e+00 
1.8750000e+01 2.0914667e+01 0.0000000e+00 
9.7500000e+00 2.6360367e+01 0.0000000e+00 
2.2500000e+00 2.8016163e+01 0.0000000e+00 
1.5750000e+01 2.3339556e+01 0.0000000e+00 
1.6500000e+01 2.2834280e+01 0.0000000e+00 
2.0250000e+01 1.9598644e+01 0.0000000e+00 
1.5000000e+01 2.3863571e+01 0.0000000e+00 
0.0000000e+00 2.8187500e+01 0.0000000e+00 
1.7250000e+01 2.2348408e+01 0.0000000e+00 
6.0000000e+00 2.7595078e+01 0.0000000e+00 
6.7500000e+00 2.7432850e+01 0.0000000e+00 
1.4250000e+01 2.4406143e+01 0.0000000e+00 
1.2000000e+01 2.5589811e+01 0.0000000e+00 
5.2500000e+00 2.7774294e+01 0.0000000e+00 
1.9500000e+01 2.0500782e+01 0.0000000e+00 
1.0500000e+01 2.6278112e+01 0.0000000e+00 
7.5000000e+00 2.7286833e+01 0.0000000e+00 
1.5000000e+00 2.8281561e+01 0.0000000e+00 
4.5000000e+00 2.7971262e+01 0.0000000e+00 
1.8000000e+01 2.1883078e+01 0.0000000e+00 
8.2500000e+00 2.7156250e+01 0.0000000e+00 
1.3500000e+01 2.4967539e+01 0.0000000e+00 
3.7500000e+00 2.8186718e+01 0.0000000e+00 
1.8750000e+01 2.1439913e+01 0.0000000e+00 
2.1000000e+01 1.9250000e+01 0.0000000e+00 
9.0000000e+00 2.7040339e+01 0.0000000e+00 
1.1250000e+01 2.6208166e+01 0.0000000e+00 
2.0250000e+01 2.0114492e+01 0.0000000e+00 
1.2750000e+01 2.5548454e+01 0.0000000e+00 
7.5000000e-01 2.8567713e+01 0.0000000e+00 
3.0000000e+00 2.8421345e+01 0.0000000e+00 
1.5750000e+01 2.3878595e+01 0.0000000e+00 
1.6500000e+01 2.3369808e+01 0.0000000e+00 
1.5000000e+01 2.4406143e+01 0.0000000e+00 
9.7500000e+00 2.6938368e+01 0.0000000e+00 
1.7250000e+01 2.2880299e+01 0.0000000e+00 
1.9500000e+01 2.1021011e+01 0.0000000e+00 
1.4250000e+01 2.4952400e+01 0.0000000e+00 
1.8000000e+01 2.2411058e+01 0.0000000e+00 
2.2500000e+00 2.8675760e+01 0.0000000e+00 
1.2000000e+01 2.6149971e+01 0.0000000e+00 
1.0500000e+01 2.6849640e+01 0.0000000e+00 
2.1000000e+01 1.9758928e+01 0.0000000e+00 
6.7500000e+00 2.8040178e+01 0.0000000e+00 
6.0000000e+00 2.8210594e+01 0.0000000e+00 
1.3500000e+01 2.5517765e+01 0.0000000e+00 
0.0000000e+00 2.8875000e+01 0.0000000e+00 
7.5000000e+00 2.7886282e+01 0.0000000e+00 
1.8750000e+01 2.1963554e+01 0.0000000e+00 
5.2500000e+00 2.8398287e+01 0.0000000e+00 
2.0250000e+01 2.0628925e+01 0.0000000e+00 
8.2500000e+00 2.7748142e+01 0.0000000e+00 
4.5000000e+00 2.8603989e+01 0.0000000e+00 
1.5000000e+00 2.8950497e+01 0.0000000e+00 
1.1250000e+01 2.6773516e+01 0.0000000e+00 
1.6500000e+01 2.3903801e+01 0.0000000e+00 
1.2750000e+01 2.6103041e+01 0.0000000e+00 
9.0000000e+00 2.7625000e+01 0.0000000e+00 
1.9500000e+01 2.1539734e+01 0.0000000e+00 
1.5750000e+01 2.4416178e+01 0.0000000e+00 
3.7500000e+00 2.8828394e+01 0.0000000e+00 
1.7250000e+01 2.3410614e+01 0.0000000e+00 
1.5000000e+01 2.4947371e+01 0.0000000e+00 
1.8000000e+01 2.2937462e+01 0.0000000e+00 
2.1000000e+01 2.0266634e+01 0.0000000e+00 
9.7500000e+00 2.7516121e+01 0.0000000e+00 
1.4250000e+01 2.5497465e+01 0.0000000e+00 
3.0000000e+00 2.9072136e+01 0.0000000e+00 
7.5000000e-01 2.9245979e+01 0.0000000e+00 
2.0250000e+01 2.1141991e+01 0.0000000e+00 
1.8750000e+01 2.2485662e+01 0.0000000e+00 
1.2000000e+01 2.6709410e+01 0.0000000e+00 
1.3500000e+01 2.6066973e+01 0.0000000e+00 
1.0500000e+01 2.7420799e+01 0.0000000e+00 
2.2500000e+00 2.9335772e+01 0.0000000e+00 
6.7500000e+00 2.8647840e+01 0.0000000e+00 
1.9500000e+01 2.2057007e+01 0.0000000e+00 
6.0000000e+00 2.8826530e+01 0.0000000e+00 
7.5000000e+00 2.8485964e+01 0.0000000e+00 
1.6500000e+01 2.4436348e+01 0.0000000e+00 
5.2500000e+00 2.9022766e+01 0.0000000e+00 
2.1750000e+01 1.9937500e+01 0.0000000e+00 
1.7250000e+01 2.3939436e+01 0.0000000e+00 
1.5750000e+01 2.4952400e+01 0.0000000e+00 
8.2500000e+00 2.8340153e+01 0.0000000e+00 
2.1000000e+01 2.0773155e+01 0.0000000e+00 
1.2750000e+01 2.6656809e+01 0.0000000e+00 
0.0000000e+00 2.9562500e+01 0.0000000e+00 
1.1250000e+01 2.7338377e+01 0.0000000e+00 
1.8000000e+01 2.3462364e+01 0.0000000e+00 
1.5000000e+01 2.5487362e+01 0.0000000e+00 
4.5000000e+00 2.9237246e+01 0.0000000e+00 
9.0000000e+00 2.8209661e+01 0.0000000e+00 
2.0250000e+01 2.1653738e+01 0.0000000e+00 
1.5000000e+00 2.9619761e+01 0.0000000e+00 
1.8750000e+01 2.3006302e+01 0.0000000e+00 
1.4250000e+01 2.6041441e+01 0.0000000e+00 
3.7500000e+00 2.9470615e+01 0.0000000e+00 
9.7500000e+00 2.8093750e+01 0.0000000e+00 
1.2000000e+01 2.7268250e+01 0.0000000e+00 
1.9500000e+01 2.2572887e+01 0.0000000e+00 
1.3500000e+01 2.6615271e+01 0.0000000e+00 
2.1750000e+01 2.0436451e+01 0.0000000e+00 
3.0000000e+00 2.9723454e+01 0.0000000e+00 
2.1000000e+01 2.1278534e+01 0.0000000e+00 
1.0500000e+01 2.7991711e+01 0.0000000e+00 
1.6500000e+01 2.4967539e+01 0.0000000e+00 
7.5000000e-01 2.9924438e+01 0.0000000e+00 
1.7250000e+01 2.4466846e+01 0.0000000e+00 
1.5750000e+01 2.5487362e+01 0.0000000e+00 
1.8000000e+01 2.3985840e+01 0.0000000e+00 
2.0250000e+01 2.2164213e+01 0.0000000e+00 
6.7500000e+00 2.9255949e+01 0.0000000e+00 
7.5000000e+00 2.9085995e+01 0.0000000e+00 
1.5000000e+01 2.6026217e+01 0.0000000e+00 
6.0000000e+00 2.9442993e+01 0.0000000e+00 
1.2750000e+01 2.7209873e+01 0.0000000e+00 
2.2500000e+00 2.9996252e+01 0.0000000e+00 
1.8750000e+01 2.3525539e+01 0.0000000e+00 
1.1250000e+01 2.7902872e+01 0.0000000e+00 
8.2500000e+00 2.8932405e+01 0.0000000e+00 
5.2500000e+00 2.9647833e+01 0.0000000e+00 
1.4250000e+01 2.6584438e+01 0.0000000e+00 
9.0000000e+00 2.8794443e+01 0.0000000e+00 
2.1750000e+01 2.0934477e+01 0.0000000e+00 
4.5000000e+00 2.9871122e+01 0.0000000e+00 
1.9500000e+01 2.3087435e+01 0.0000000e+00 
0.0000000e+00 3.0250000e+01 0.0000000e+00 
2.1000000e+01 2.1782810e+01 0.0000000e+00 
9.7500000e+00 2.8671379e+01 0.0000000e+00 
1.2000000e+01 2.7826609e+01 0.0000000e+00 
1.5000000e+00 3.0289387e+01 0.0000000e+00 
1.3500000e+01 2.7162777e+01 0.0000000e+00 
3.7500000e+00 3.0113459e+01 0.0000000e+00 
1.7250000e+01 2.4992928e+01 0.0000000e+00 
1.6500000e+01 2.5497465e+01 0.0000000e+00 
2.0250000e+01 2.2673470e+01 0.0000000e+00 
1.8000000e+01 2.4507961e+01 0.0000000e+00 
1.5750000e+01 2.6021156e+01 0.0000000e+00 
1.0500000e+01 2.8562500e+01 0.0000000e+00 
1.8750000e+01 2.4043444e+01 0.0000000e+00 
1.5000000e+01 2.6564037e+01 0.0000000e+00 
2.2500000e+01 2.0625000e+01 0.0000000e+00 
3.0000000e+00 3.0375362e+01 0.0000000e+00 
2.1750000e+01 2.1431610e+01 0.0000000e+00 
1.2750000e+01 2.7762352e+01 0.0000000e+00 
1.1250000e+01 2.8467121e+01 0.0000000e+00 
7.5000000e-01 3.0603106e+01 0.0000000e+00 
1.9500000e+01 2.3600708e+01 0.0000000e+00 
6.7500000e+00 2.9864613e+01 0.0000000e+00 
7.5000000e+00 2.9686489e+01 0.0000000e+00 
2.1000000e+01 2.2286020e+01 0.0000000e+00 
1.4250000e+01 2.7126568e+01 0.0000000e+00 
6.0000000e+00 3.0060087e+01 0.0000000e+00 
8.2500000e+00 2.9525015e+01 0.0000000e+00 
5.2500000e+00 3.0273581e+01 0.0000000e+00 
9.0000000e+00 2.9379471e+01 0.0000000e+00 
2.2500000e+00 3.0657249e+01 0.0000000e+00 
2.0250000e+01 2.3181551e+01 0.0000000e+00 
1.7250000e+01 2.5517765e+01 0.0000000e+00 
1.6500000e+01 2.6026217e+01 0.0000000e+00 
1.2000000e+01 2.8384605e+01 0.0000000e+00 
1.3500000e+01 2.7709604e+01 0.0000000e+00 
1.8000000e+01 2.5028809e+01 0.0000000e+00 
9.7500000e+00 2.9249132e+01 0.0000000e+00 
4.5000000e+00 3.0505705e+01 0.0000000e+00 
2.2500000e+01 2.1113914e+01 0.0000000e+00 
1.5750000e+01 2.6553883e+01 0.0000000e+00 
2.1750000e+01 2.1927881e+01 0.0000000e+00 
1.8750000e+01 2.4560078e+01 0.0000000e+00 
0.0000000e+00 3.0937500e+01 0.0000000e+00 
1.0500000e+01 2.9133289e+01 0.0000000e+00 
1.5000000e+01 2.7100929e+01 0.0000000e+00 
3.7500000e+00 3.0757004e+01 0.0000000e+00 
2.1000000e+01 2.2788206e+01 0.0000000e+00 
1.5000000e+00 3.0959414e+01 0.0000000e+00 
1.9500000e+01 2.4112764e+01 0.0000000e+00 
1.2750000e+01 2.8314362e+01 0.0000000e+00 
1.4250000e+01 2.7667934e+01 0.0000000e+00 
1.1250000e+01 2.9031250e+01 0.0000000e+00 
2.0250000e+01 2.3688511e+01 0.0000000e+00 
3.0000000e+00 3.1027929e+01 0.0000000e+00 
2.2500000e+01 2.1602213e+01 0.0000000e+00 
7.5000000e+00 3.0287565e+01 0.0000000e+00 
6.7500000e+00 3.0473946e+01 0.0000000e+00 
8.2500000e+00 3.0118105e+01 0.0000000e+00 
1.7250000e+01 2.6041441e+01 0.0000000e+00 
2.1750000e+01 2.2423317e+01 0.0000000e+00 
1.8000000e+01 2.5548454e+01 0.0000000e+00 
6.0000000e+00 3.0677917e+01 0.0000000e+00 
1.6500000e+01 2.6553883e+01 0.0000000e+00 
9.0000000e+00 2.9964865e+01 0.0000000e+00 
7.5000000e-01 3.1282003e+01 0.0000000e+00 
1.8750000e+01 2.5075512e+01 0.0000000e+00 
1.3500000e+01 2.8255863e+01 0.0000000e+00 
1.2000000e+01 2.8942362e+01 0.0000000e+00 
1.5750000e+01 2.7085638e+01 0.0000000e+00 
5.2500000e+00 3.0900110e+01 0.0000000e+00 
2.1000000e+01 2.3289406e+01 0.0000000e+00 
9.7500000e+00 2.9827133e+01 0.0000000e+00 
2.2500000e+00 3.1318819e+01 0.0000000e+00 
1.9500000e+01 2.4623659e+01 0.0000000e+00 
1.5000000e+01 2.7636995e+01 0.0000000e+00 
4.5000000e+00 3.1141085e+01 0.0000000e+00 
1.0500000e+01 2.9704201e+01 0.0000000e+00 
2.2500000e+01 2.2089911e+01 0.0000000e+00 
2.3250000e+01 2.1312500e+01 0.0000000e+00 
2.0250000e+01 2.4194395e+01 0.0000000e+00 
1.2750000e+01 2.8866020e+01 0.0000000e+00 
2.1750000e+01 2.2917950e+01 0.0000000e+00 
1.4250000e+01 2.8208651e+01 0.0000000e+00 
3.7500000e+00 3.1401329e+01 0.0000000e+00 
0.0000000e+00 3.1625000e+01 0.0000000e+00 
1.1250000e+01 2.9595379e+01 0.0000000e+00 
1.5000000e+00 3.1629877e+01 0.0000000e+00 
1.7250000e+01 2.6564037e+01 0.0000000e+00 
1.8000000e+01 2.6066973e+01 0.0000000e+00 
1.6500000e+01 2.7080555e+01 0.0000000e+00 
1.8750000e+01 2.5589811e+01 0.0000000e+00 
2.1000000e+01 2.3789660e+01 0.0000000e+00 
7.5000000e+00 3.0889338e+01 0.0000000e+00 
1.5750000e+01 2.7616518e+01 0.0000000e+00 
8.2500000e+00 3.0711792e+01 0.0000000e+00 
6.7500000e+00 3.1084057e+01 0.0000000e+00 
1.3500000e+01 2.8801670e+01 0.0000000e+00 
1.9500000e+01 2.5133453e+01 0.0000000e+00 
3.0000000e+00 3.1681219e+01 0.0000000e+00 
1.2000000e+01 2.9500000e+01 0.0000000e+00 
9.0000000e+00 3.0550745e+01 0.0000000e+00 
2.3250000e+01 2.1791342e+01 0.0000000e+00 
6.0000000e+00 3.1296589e+01 0.0000000e+00 
2.2500000e+01 2.2577030e+01 0.0000000e+00 
1.5000000e+01 2.8172338e+01 0.0000000e+00 
9.7500000e+00 3.0405500e+01 0.0000000e+00 
2.0250000e+01 2.4699255e+01 0.0000000e+00 
2.1750000e+01 2.3411808e+01 0.0000000e+00 
5.2500000e+00 3.1527515e+01 0.0000000e+00 
7.5000000e-01 3.1961149e+01 0.0000000e+00 
1.0500000e+01 3.0275360e+01 0.0000000e+00 
2.2500000e+00 3.1981010e+01 0.0000000e+00 
1.2750000e+01 2.9417444e+01 0.0000000e+00 
1.4250000e+01 2.8748823e+01 0.0000000e+00 
4.5000000e+00 3.1777351e+01 0.0000000e+00 
1.8000000e+01 2.6584438e+01 0.0000000e+00 
2.1000000e+01 2.4289005e+01 0.0000000e+00 
1.7250000e+01 2.7085638e+01 0.0000000e+00 
1.8750000e+01 2.6103041e+01 0.0000000e+00 
1.6500000e+01 2.7606325e+01 0.0000000e+00 
1.1250000e+01 3.0159628e+01 0.0000000e+00 
2.3250000e+01 2.2269875e+01 0.0000000e+00 
1.9500000e+01 2.5642206e+01 0.0000000e+00 
2.2500000e+01 2.3063591e+01 0.0000000e+00 
1.5750000e+01 2.8146622e+01 0.0000000e+00 
3.7500000e+00 3.2046509e+01 0.0000000e+00 
1.3500000e+01 2.9347136e+01 0.0000000e+00 
0.0000000e+00 3.2312500e+01 0.0000000e+00 
2.1750000e+01 2.3904922e+01 0.0000000e+00 
2.0250000e+01 2.5203136e+01 0.0000000e+00 
1.5000000e+00 3.2300812e+01 0.0000000e+00 
1.2000000e+01 3.0057638e+01 0.0000000e+00 
7.5000000e+00 3.1491922e+01 0.0000000e+00 
8.2500000e+00 3.1306198e+01 0.0000000e+00 
1.5000000e+01 2.8707062e+01 0.0000000e+00 
6.7500000e+00 3.1695059e+01 0.0000000e+00 
9.0000000e+00 3.1137236e+01 0.0000000e+00 
3.0000000e+00 3.2335297e+01 0.0000000e+00 
6.0000000e+00 3.1916206e+01 0.0000000e+00 
9.7500000e+00 3.0984364e+01 0.0000000e+00 
2.1000000e+01 2.4787485e+01 0.0000000e+00 
2.3250000e+01 2.2748106e+01 0.0000000e+00 
1.8000000e+01 2.7100929e+01 0.0000000e+00 
1.7250000e+01 2.7606325e+01 0.0000000e+00 
1.8750000e+01 2.6615271e+01 0.0000000e+00 
2.4000000e+01 2.2000000e+01 0.0000000e+00 
1.2750000e+01 2.9968750e+01 0.0000000e+00 
2.2500000e+01 2.3549614e+01 0.0000000e+00 
1.4250000e+01 2.9288559e+01 0.0000000e+00 
5.2500000e+00 3.2155899e+01 0.0000000e+00 
1.0500000e+01 3.0846888e+01 0.0000000e+00 
1.6500000e+01 2.8131281e+01 0.0000000e+00 
1.9500000e+01 2.6149971e+01 0.0000000e+00 
7.5000000e-01 3.2640564e+01 0.0000000e+00 
2.1750000e+01 2.4397322e+01 0.0000000e+00 
1.5750000e+01 2.8676046e+01 0.0000000e+00 
1.1250000e+01 3.0724123e+01 0.0000000e+00 
2.2500000e+00 3.2643875e+01 0.0000000e+00 
2.0250000e+01 2.5706091e+01 0.0000000e+00 
4.5000000e+00 3.2414589e+01 0.0000000e+00 
1.3500000e+01 2.9892374e+01 0.0000000e+00 
2.3250000e+01 2.3226048e+01 0.0000000e+00 
1.5000000e+01 2.9241268e+01 0.0000000e+00 
2.1000000e+01 2.5285135e+01 0.0000000e+00 
2.4000000e+01 2.2468750e+01 0.0000000e+00 
1.2000000e+01 3.0615395e+01 0.0000000e+00 
3.7500000e+00 3.2692623e+01 0.0000000e+00 
2.2500000e+01 2.4035118e+01 0.0000000e+00 
8.2500000e+00 3.1901442e+01 0.0000000e+00 
7.5000000e+00 3.2095440e+01 0.0000000e+00 
1.8000000e+01 2.7616518e+01 0.0000000e+00 
1.8750000e+01 2.7126568e+01 0.0000000e+00 
9.0000000e+00 3.1724461e+01 0.0000000e+00 
1.7250000e+01 2.8126183e+01 0.0000000e+00 
0.0000000e+00 3.3000000e+01 0.0000000e+00 
6.7500000e+00 3.2307064e+01 0.0000000e+00 
1.5000000e+00 3.2972260e+01 0.0000000e+00 
1.9500000e+01 2.6656809e+01 0.0000000e+00 
9.7500000e+00 3.1563841e+01 0.0000000e+00 
2.1750000e+01 2.4889036e+01 0.0000000e+00 
1.4250000e+01 2.9827971e+01 0.0000000e+00 
1.6500000e+01 2.8655516e+01 0.0000000e+00 
1.2750000e+01 3.0520056e+01 0.0000000e+00 
6.0000000e+00 3.2536873e+01 0.0000000e+00 
2.0250000e+01 2.6208166e+01 0.0000000e+00 
3.0000000e+00 3.2990227e+01 0.0000000e+00 
1.0500000e+01 3.1418909e+01 0.0000000e+00 
1.5750000e+01 2.9204887e+01 0.0000000e+00 
2.4000000e+01 2.2937500e+01 0.0000000e+00 
2.3250000e+01 2.3703711e+01 0.0000000e+00 
5.2500000e+00 3.2785355e+01 0.0000000e+00 
1.1250000e+01 3.1288984e+01 0.0000000e+00 
2.1000000e+01 2.5782000e+01 0.0000000e+00 
2.2500000e+01 2.4520124e+01 0.0000000e+00 
1.3500000e+01 3.0437500e+01 0.0000000e+00 
7.5000000e-01 3.3320263e+01 0.0000000e+00 
1.5000000e+01 2.9775063e+01 0.0000000e+00 
4.5000000e+00 3.3052887e+01 0.0000000e+00 
2.2500000e+00 3.3307468e+01 0.0000000e+00 
1.8750000e+01 2.7636995e+01 0.0000000e+00 
1.8000000e+01 2.8131281e+01 0.0000000e+00 
1.2000000e+01 3.1173391e+01 0.0000000e+00 
2.1750000e+01 2.5380095e+01 0.0000000e+00 
1.9500000e+01 2.7162777e+01 0.0000000e+00 
1.7250000e+01 2.8645294e+01 0.0000000e+00 
2.0250000e+01 2.6709410e+01 0.0000000e+00 
1.6500000e+01 2.9179117e+01 0.0000000e+00 
2.4000000e+01 2.3406250e+01 0.0000000e+00 
8.2500000e+00 3.2497643e+01 0.0000000e+00 
9.0000000e+00 3.2312538e+01 0.0000000e+00 
1.4250000e+01 3.0367165e+01 0.0000000e+00 
2.3250000e+01 2.4181101e+01 0.0000000e+00 
7.5000000e+00 3.2700001e+01 0.0000000e+00 
3.7500000e+00 3.3339752e+01 0.0000000e+00 
2.4750000e+01 2.2687500e+01 0.0000000e+00 
1.2750000e+01 3.1071480e+01 0.0000000e+00 
9.7500000e+00 3.2144058e+01 0.0000000e+00 
6.7500000e+00 3.2920181e+01 0.0000000e+00 
2.2500000e+01 2.5004650e+01 0.0000000e+00 
2.1000000e+01 2.6278112e+01 0.0000000e+00 
1.5750000e+01 2.9733242e+01 0.0000000e+00 
1.0500000e+01 3.1991547e+01 0.0000000e+00 
1.5000000e+00 3.3644249e+01 0.0000000e+00 
0.0000000e+00 3.3687500e+01 0.0000000e+00 
6.0000000e+00 3.3158699e+01 0.0000000e+00 
3.0000000e+00 3.3646080e+01 0.0000000e+00 
1.1250000e+01 3.1854334e+01 0.0000000e+00 
1.3500000e+01 3.0982626e+01 0.0000000e+00 
2.1750000e+01 2.5870529e+01 0.0000000e+00 
1.5000000e+01 3.0308548e+01 0.0000000e+00 
1.8750000e+01 2.8146622e+01 0.0000000e+00 
5.2500000e+00 3.3415977e+01 0.0000000e+00 
1.8000000e+01 2.8645294e+01 0.0000000e+00 
1.9500000e+01 2.7667934e+01 0.0000000e+00 
2.4000000e+01 2.3875000e+01 0.0000000e+00 
1.7250000e+01 2.9163740e+01 0.0000000e+00 
2.4750000e+01 2.3146158e+01 0.0000000e+00 
2.3250000e+01 2.4658234e+01 0.0000000e+00 
2.0250000e+01 2.7209873e+01 0.0000000e+00 
1.2000000e+01 3.1731750e+01 0.0000000e+00 
1.6500000e+01 2.9702175e+01 0.0000000e+00 
4.5000000e+00 3.3692341e+01 0.0000000e+00 
2.2500000e+01 2.5488718e+01 0.0000000e+00 
7.5000000e-01 3.4000267e+01 0.0000000e+00 
2.1000000e+01 2.6773516e+01 0.0000000e+00 
1.4250000e+01 3.0906250e+01 0.0000000e+00 
2.2500000e+00 3.3971840e+01 0.0000000e+00 
1.2750000e+01 3.1623138e+01 0.0000000e+00 
8.2500000e+00 3.3094925e+01 0.0000000e+00 
9.0000000e+00 3.2901592e+01 0.0000000e+00 
1.5750000e+01 3.0261209e+01 0.0000000e+00 
7.5000000e+00 3.3305721e+01 0.0000000e+00 
9.7500000e+00 3.2725136e+01 0.0000000e+00 
2.1750000e+01 2.6360367e+01 0.0000000e+00 
2.4000000e+01 2.4343750e+01 0.0000000e+00 
3.7500000e+00 3.3987972e+01 0.0000000e+00 
2.4750000e+01 2.3605125e+01 0.0000000e+00 
6.7500000e+00 3.3534523e+01 0.0000000e+00 
1.0500000e+01 3.2564922e+01 0.0000000e+00 
2.3250000e+01 2.5135115e+01 0.0000000e+00 
1.8750000e+01 2.8655516e+01 0.0000000e+00 
1.9500000e+01 2.8172338e+01 0.0000000e+00 
1.8000000e+01 2.9158630e+01 0.0000000e+00 
1.5000000e+01 3.0841825e+01 0.0000000e+00 
1.3500000e+01 3.1527864e+01 0.0000000e+00 
6.0000000e+00 3.3781784e+01 0.0000000e+00 
1.1250000e+01 3.2420296e+01 0.0000000e+00 
2.0250000e+01 2.7709604e+01 0.0000000e+00 
1.7250000e+01 2.9681606e+01 0.0000000e+00 
1.5000000e+00 3.4316822e+01 0.0000000e+00 
2.2500000e+01 2.5972347e+01 0.0000000e+00 
0.0000000e+00 3.4375000e+01 0.0000000e+00 
2.1000000e+01 2.7268250e+01 0.0000000e+00 
3.0000000e+00 3.4302917e+01 0.0000000e+00 
1.6500000e+01 3.0224783e+01 0.0000000e+00 
1.2000000e+01 3.2290588e+01 0.0000000e+00 
5.2500000e+00 3.4047871e+01 0.0000000e+00 
2.4750000e+01 2.4064394e+01 0.0000000e+00 
2.4000000e+01 2.4812500e+01 0.0000000e+00 
1.4250000e+01 3.1445335e+01 0.0000000e+00 
2.1750000e+01 2.6849640e+01 0.0000000e+00 
1.5750000e+01 3.0788885e+01 0.0000000e+00 
2.3250000e+01 2.5611755e+01 0.0000000e+00 
2.5500000e+01 2.3375000e+01 0.0000000e+00 
1.2750000e+01 3.2175148e+01 0.0000000e+00 
4.5000000e+00 3.4333027e+01 0.0000000e+00 
1.8750000e+01 2.9163740e+01 0.0000000e+00 
1.9500000e+01 2.8676046e+01 0.0000000e+00 
9.0000000e+00 3.3491745e+01 0.0000000e+00 
7.5000000e-01 3.4680595e+01 0.0000000e+00 
8.2500000e+00 3.3693401e+01 0.0000000e+00 
1.8000000e+01 2.9671366e+01 0.0000000e+00 
9.7500000e+00 3.3307201e+01 0.0000000e+00 
2.2500000e+00 3.4637043e+01 0.0000000e+00 
2.0250000e+01 2.8208651e+01 0.0000000e+00 
2.2500000e+01 2.6455557e+01 0.0000000e+00 
7.5000000e+00 3.3912724e+01 0.0000000e+00 
1.0500000e+01 3.3139160e+01 0.0000000e+00 
1.5000000e+01 3.1375000e+01 0.0000000e+00 
1.7250000e+01 3.0198975e+01 0.0000000e+00 
1.3500000e+01 3.2073330e+01 0.0000000e+00 
2.1000000e+01 2.7762352e+01 0.0000000e+00 
6.7500000e+00 3.4150200e+01 0.0000000e+00 
3.7500000e+00 3.4637360e+01 0.0000000e+00 
2.4750000e+01 2.4523952e+01 0.0000000e+00 
1.1250000e+01 3.2986988e+01 0.0000000e+00 
2.4000000e+01 2.5281250e+01 0.0000000e+00 
1.6500000e+01 3.0747028e+01 0.0000000e+00 
2.5500000e+01 2.3823586e+01 0.0000000e+00 
6.0000000e+00 3.4406239e+01 0.0000000e+00 
2.1750000e+01 2.7338377e+01 0.0000000e+00 
2.3250000e+01 2.6088167e+01 0.0000000e+00 
1.2000000e+01 3.2850029e+01 0.0000000e+00 
1.4250000e+01 3.1984529e+01 0.0000000e+00 
1.5000000e+00 3.4990013e+01 0.0000000e+00 
1.5750000e+01 3.1316366e+01 0.0000000e+00 
0.0000000e+00 3.5062500e+01 0.0000000e+00 
5.2500000e+00 3.4681133e+01 0.0000000e+00 
3.0000000e+00 3.4960808e+01 0.0000000e+00 
1.9500000e+01 2.9179117e+01 0.0000000e+00 
2.2500000e+01 2.6938368e+01 0.0000000e+00 
1.8750000e+01 2.9671366e+01 0.0000000e+00 
1.2750000e+01 3.2727627e+01 0.0000000e+00 
2.0250000e+01 2.8707062e+01 0.0000000e+00 
1.8000000e+01 3.0183577e+01 0.0000000e+00 
2.4750000e+01 2.4983789e+01 0.0000000e+00 
2.4000000e+01 2.5750000e+01 0.0000000e+00 
2.1000000e+01 2.8255863e+01 0.0000000e+00 
2.5500000e+01 2.4272787e+01 0.0000000e+00 
1.7250000e+01 3.0715927e+01 0.0000000e+00 
9.0000000e+00 3.4083118e+01 0.0000000e+00 
1.5000000e+01 3.1908175e+01 0.0000000e+00 
4.5000000e+00 3.4975044e+01 0.0000000e+00 
9.7500000e+00 3.3890373e+01 0.0000000e+00 
8.2500000e+00 3.4293194e+01 0.0000000e+00 
2.3250000e+01 2.6564358e+01 0.0000000e+00 
1.3500000e+01 3.2619137e+01 0.0000000e+00 
1.0500000e+01 3.3714386e+01 0.0000000e+00 
2.1750000e+01 2.7826609e+01 0.0000000e+00 
7.5000000e+00 3.4521118e+01 0.0000000e+00 
1.6500000e+01 3.1269003e+01 0.0000000e+00 
7.5000000e-01 3.5361271e+01 0.0000000e+00 
2.2500000e+00 3.5303127e+01 0.0000000e+00 
1.1250000e+01 3.3554539e+01 0.0000000e+00 
6.7500000e+00 3.4767326e+01 0.0000000e+00 
2.2500000e+01 2.7420799e+01 0.0000000e+00 
3.7500000e+00 3.5287991e+01 0.0000000e+00 
2.4750000e+01 2.5443899e+01 0.0000000e+00 
1.2000000e+01 3.3410191e+01 0.0000000e+00 
1.4250000e+01 3.2523941e+01 0.0000000e+00 
1.9500000e+01 2.9681606e+01 0.0000000e+00 
2.5500000e+01 2.4722589e+01 0.0000000e+00 
1.5750000e+01 3.1843750e+01 0.0000000e+00 
1.8750000e+01 3.0178457e+01 0.0000000e+00 
2.0250000e+01 2.9204887e+01 0.0000000e+00 
6.0000000e+00 3.5032166e+01 0.0000000e+00 
2.4000000e+01 2.6218750e+01 0.0000000e+00 
1.8000000e+01 3.0695335e+01 0.0000000e+00 
2.1000000e+01 2.8748823e+01 0.0000000e+00 
2.6250000e+01 2.4062500e+01 0.0000000e+00 
1.2750000e+01 3.3280689e+01 0.0000000e+00 
2.3250000e+01 2.7040339e+01 0.0000000e+00 
1.7250000e+01 3.1232550e+01 0.0000000e+00 
1.5000000e+00 3.5663860e+01 0.0000000e+00 
2.1750000e+01 2.8314362e+01 0.0000000e+00 
5.2500000e+00 3.5315853e+01 0.0000000e+00 
1.5000000e+01 3.2441452e+01 0.0000000e+00 
3.0000000e+00 3.5619812e+01 0.0000000e+00 
0.0000000e+00 3.5750000e+01 0.0000000e+00 
1.3500000e+01 3.3165398e+01 0.0000000e+00 
1.6500000e+01 3.1790796e+01 0.0000000e+00 
9.0000000e+00 3.4675835e+01 0.0000000e+00 
9.7500000e+00 3.4474777e+01 0.0000000e+00 
2.4750000e+01 2.5904266e+01 0.0000000e+00 
2.5500000e+01 2.5172970e+01 0.0000000e+00 
2.2500000e+01 2.7902872e+01 0.0000000e+00 
8.2500000e+00 3.4894424e+01 0.0000000e+00 
1.0500000e+01 3.4290718e+01 0.0000000e+00 
2.4000000e+01 2.6687500e+01 0.0000000e+00 
4.5000000e+00 3.5618477e+01 0.0000000e+00 
2.6250000e+01 2.4501049e+01 0.0000000e+00 
7.5000000e+00 3.5131023e+01 0.0000000e+00 
1.1250000e+01 3.4123066e+01 0.0000000e+00 
1.9500000e+01 3.0183577e+01 0.0000000e+00 
2.0250000e+01 2.9702175e+01 0.0000000e+00 
1.8750000e+01 3.0685081e+01 0.0000000e+00 
1.5750000e+01 3.2371136e+01 0.0000000e+00 
2.1000000e+01 2.9241268e+01 0.0000000e+00 
1.4250000e+01 3.3063679e+01 0.0000000e+00 
2.3250000e+01 2.7516121e+01 0.0000000e+00 
6.7500000e+00 3.5386013e+01 0.0000000e+00 
1.8000000e+01 3.1206718e+01 0.0000000e+00 
1.2000000e+01 3.3971191e+01 0.0000000e+00 
2.2500000e+00 3.5970146e+01 0.0000000e+00 
7.5000000e-01 3.6042309e+01 0.0000000e+00 
2.1750000e+01 2.8801670e+01 0.0000000e+00 
1.7250000e+01 3.1748920e+01 0.0000000e+00 
3.7500000e+00 3.5939949e+01 0.0000000e+00 
2.5500000e+01 2.5623909e+01 0.0000000e+00 
1.2750000e+01 3.3834457e+01 0.0000000e+00 
6.0000000e+00 3.5659668e+01 0.0000000e+00 
2.4750000e+01 2.6364885e+01 0.0000000e+00 
2.6250000e+01 2.4940523e+01 0.0000000e+00 
2.2500000e+01 2.8384605e+01 0.0000000e+00 
1.5000000e+01 3.2974937e+01 0.0000000e+00 
2.4000000e+01 2.7156250e+01 0.0000000e+00 
1.6500000e+01 3.2312500e+01 0.0000000e+00 
1.3500000e+01 3.3712223e+01 0.0000000e+00 
5.2500000e+00 3.5952137e+01 0.0000000e+00 
1.9500000e+01 3.0685081e+01 0.0000000e+00 
2.0250000e+01 3.0198975e+01 0.0000000e+00 
1.5000000e+00 3.6338398e+01 0.0000000e+00 
2.3250000e+01 2.7991711e+01 0.0000000e+00 
9.7500000e+00 3.5060539e+01 0.0000000e+00 
1.8750000e+01 3.1191303e+01 0.0000000e+00 
9.0000000e+00 3.5270012e+01 0.0000000e+00 
2.1000000e+01 2.9733242e+01 0.0000000e+00 
3.0000000e+00 3.6280003e+01 0.0000000e+00 
1.0500000e+01 3.4868286e+01 0.0000000e+00 
0.0000000e+00 3.6437500e+01 0.0000000e+00 
8.2500000e+00 3.5497211e+01 0.0000000e+00 
1.8000000e+01 3.1717802e+01 0.0000000e+00 
1.1250000e+01 3.4692692e+01 0.0000000e+00 
2.5500000e+01 2.6075386e+01 0.0000000e+00 
1.5750000e+01 3.2898617e+01 0.0000000e+00 
2.1750000e+01 2.9288559e+01 0.0000000e+00 
2.4750000e+01 2.6825745e+01 0.0000000e+00 
1.4250000e+01 3.3603851e+01 0.0000000e+00 
2.6250000e+01 2.5380890e+01 0.0000000e+00 
7.5000000e+00 3.5742554e+01 0.0000000e+00 
4.5000000e+00 3.6263412e+01 0.0000000e+00 
1.2000000e+01 3.4533154e+01 0.0000000e+00 
1.7250000e+01 3.2265125e+01 0.0000000e+00 
2.4000000e+01 2.7625000e+01 0.0000000e+00 
2.2500000e+01 2.8866020e+01 0.0000000e+00 
2.7000000e+01 2.4750000e+01 0.0000000e+00 
6.7500000e+00 3.6006367e+01 0.0000000e+00 
1.2750000e+01 3.4389046e+01 0.0000000e+00 
2.2500000e+00 3.6638149e+01 0.0000000e+00 
1.5000000e+01 3.3508732e+01 0.0000000e+00 
7.5000000e-01 3.6723724e+01 0.0000000e+00 
1.6500000e+01 3.2834202e+01 0.0000000e+00 
2.3250000e+01 2.8467121e+01 0.0000000e+00 
2.0250000e+01 3.0695335e+01 0.0000000e+00 
1.9500000e+01 3.1186180e+01 0.0000000e+00 
6.0000000e+00 3.6288853e+01 0.0000000e+00 
3.7500000e+00 3.6593307e+01 0.0000000e+00 
2.5500000e+01 2.6527382e+01 0.0000000e+00 
2.1000000e+01 3.0224783e+01 0.0000000e+00 
2.6250000e+01 2.5822119e+01 0.0000000e+00 
1.3500000e+01 3.4259727e+01 0.0000000e+00 
1.8750000e+01 3.1697193e+01 0.0000000e+00 
2.4750000e+01 2.7286833e+01 0.0000000e+00 
2.1750000e+01 2.9775063e+01 0.0000000e+00 
1.8000000e+01 3.2228661e+01 0.0000000e+00 
2.7000000e+01 2.5178572e+01 0.0000000e+00 
2.4000000e+01 2.8093750e+01 0.0000000e+00 
1.5750000e+01 3.3426292e+01 0.0000000e+00 
9.7500000e+00 3.5647778e+01 0.0000000e+00 
5.2500000e+00 3.6590080e+01 0.0000000e+00 
1.0500000e+01 3.5447205e+01 0.0000000e+00 
9.0000000e+00 3.5865780e+01 0.0000000e+00 
2.2500000e+01 2.9347136e+01 0.0000000e+00 
1.4250000e+01 3.4144566e+01 0.0000000e+00 
1.1250000e+01 3.5263538e+01 0.0000000e+00 
8.2500000e+00 3.6101673e+01 0.0000000e+00 
1.7250000e+01 3.2781250e+01 0.0000000e+00 
1.5000000e+00 3.7013664e+01 0.0000000e+00 
3.0000000e+00 3.6941441e+01 0.0000000e+00 
1.2000000e+01 3.5096199e+01 0.0000000e+00 
7.5000000e+00 3.6355827e+01 0.0000000e+00 
2.5500000e+01 2.6979876e+01 0.0000000e+00 
2.3250000e+01 2.8942362e+01 0.0000000e+00 
0.0000000e+00 3.7125000e+01 0.0000000e+00 
2.6250000e+01 2.6264183e+01 0.0000000e+00 
2.4750000e+01 2.7748142e+01 0.0000000e+00 
4.5000000e+00 3.6909939e+01 0.0000000e+00 
2.0250000e+01 3.1191303e+01 0.0000000e+00 
1.2750000e+01 3.4944572e+01 0.0000000e+00 
1.5000000e+01 3.4042938e+01 0.0000000e+00 
1.9500000e+01 3.1686932e+01 0.0000000e+00 
2.1000000e+01 3.0715927e+01 0.0000000e+00 
2.7000000e+01 2.5608366e+01 0.0000000e+00 
1.6500000e+01 3.3355999e+01 0.0000000e+00 
6.7500000e+00 3.6628502e+01 0.0000000e+00 
1.8750000e+01 3.2202816e+01 0.0000000e+00 
2.1750000e+01 3.0261209e+01 0.0000000e+00 
2.4000000e+01 2.8562500e+01 0.0000000e+00 
1.3500000e+01 3.4808029e+01 0.0000000e+00 
1.8000000e+01 3.2739368e+01 0.0000000e+00 
2.2500000e+01 2.9827971e+01 0.0000000e+00 
2.2500000e+00 3.7307190e+01 0.0000000e+00 
6.0000000e+00 3.6919827e+01 0.0000000e+00 
7.5000000e-01 3.7405544e+01 0.0000000e+00 
1.5750000e+01 3.3954258e+01 0.0000000e+00 
3.7500000e+00 3.7248146e+01 0.0000000e+00 
2.6250000e+01 2.6707050e+01 0.0000000e+00 
2.5500000e+01 2.7432850e+01 0.0000000e+00 
2.3250000e+01 2.9417444e+01 0.0000000e+00 
1.4250000e+01 3.4685932e+01 0.0000000e+00 
1.7250000e+01 3.3297375e+01 0.0000000e+00 
2.7000000e+01 2.6039345e+01 0.0000000e+00 
9.7500000e+00 3.6236618e+01 0.0000000e+00 
1.0500000e+01 3.6027607e+01 0.0000000e+00 
2.4750000e+01 2.8209661e+01 0.0000000e+00 
9.0000000e+00 3.6463257e+01 0.0000000e+00 
1.1250000e+01 3.5835732e+01 0.0000000e+00 
5.2500000e+00 3.7229774e+01 0.0000000e+00 
2.0250000e+01 3.1686932e+01 0.0000000e+00 
2.1000000e+01 3.1206718e+01 0.0000000e+00 
8.2500000e+00 3.6707932e+01 0.0000000e+00 
1.2000000e+01 3.5660446e+01 0.0000000e+00 
1.9500000e+01 3.2187393e+01 0.0000000e+00 
2.7750000e+01 2.5437500e+01 0.0000000e+00 
2.1750000e+01 3.0747028e+01 0.0000000e+00 
2.4000000e+01 2.9031250e+01 0.0000000e+00 
1.6500000e+01 3.3877972e+01 0.0000000e+00 
1.5000000e+01 3.4577663e+01 0.0000000e+00 
1.8750000e+01 3.2708241e+01 0.0000000e+00 
1.5000000e+00 3.7689690e+01 0.0000000e+00 
1.2750000e+01 3.5501152e+01 0.0000000e+00 
3.0000000e+00 3.7604191e+01 0.0000000e+00 
7.5000000e+00 3.6970959e+01 0.0000000e+00 
2.2500000e+01 3.0308548e+01 0.0000000e+00 
2.6250000e+01 2.7150692e+01 0.0000000e+00 
2.5500000e+01 2.7886282e+01 0.0000000e+00 
1.8000000e+01 3.3250000e+01 0.0000000e+00 
2.7000000e+01 2.6471466e+01 0.0000000e+00 
0.0000000e+00 3.7812500e+01 0.0000000e+00 
4.5000000e+00 3.7558151e+01 0.0000000e+00 
1.3500000e+01 3.5357235e+01 0.0000000e+00 
6.7500000e+00 3.7252529e+01 0.0000000e+00 
2.3250000e+01 2.9892374e+01 0.0000000e+00 
2.4750000e+01 2.8671379e+01 0.0000000e+00 
1.5750000e+01 3.4482613e+01 0.0000000e+00 
2.7750000e+01 2.5856171e+01 0.0000000e+00 
1.7250000e+01 3.3813580e+01 0.0000000e+00 
1.4250000e+01 3.5228062e+01 0.0000000e+00 
2.1000000e+01 3.1697193e+01 0.0000000e+00 
2.0250000e+01 3.2182266e+01 0.0000000e+00 
6.0000000e+00 3.7552692e+01 0.0000000e+00 
2.4000000e+01 2.9500000e+01 0.0000000e+00 
2.2500000e+00 3.7977322e+01 0.0000000e+00 
2.1750000e+01 3.1232550e+01 0.0000000e+00 
1.9500000e+01 3.2687622e+01 0.0000000e+00 
1.0500000e+01 3.6609608e+01 0.0000000e+00 
2.6250000e+01 2.7595078e+01 0.0000000e+00 
3.7500000e+00 3.7904545e+01 0.0000000e+00 
7.5000000e-01 3.8087784e+01 0.0000000e+00 
9.7500000e+00 3.6827183e+01 0.0000000e+00 
1.1250000e+01 3.6409389e+01 0.0000000e+00 
2.7000000e+01 2.6904690e+01 0.0000000e+00 
2.5500000e+01 2.8340153e+01 0.0000000e+00 
2.2500000e+01 3.0788885e+01 0.0000000e+00 
9.0000000e+00 3.7062561e+01 0.0000000e+00 
1.8750000e+01 3.3213528e+01 0.0000000e+00 
1.6500000e+01 3.4400219e+01 0.0000000e+00 
1.2000000e+01 3.6226013e+01 0.0000000e+00 
1.5000000e+01 3.5113007e+01 0.0000000e+00 
2.7750000e+01 2.6276356e+01 0.0000000e+00 
8.2500000e+00 3.7316105e+01 0.0000000e+00 
2.4750000e+01 2.9133289e+01 0.0000000e+00 
5.2500000e+00 3.7871326e+01 0.0000000e+00 
2.3250000e+01 3.0367165e+01 0.0000000e+00 
1.2750000e+01 3.6058907e+01 0.0000000e+00 
1.8000000e+01 3.3760632e+01 0.0000000e+00 
7.5000000e+00 3.7588066e+01 0.0000000e+00 
1.3500000e+01 3.5907463e+01 0.0000000e+00 
3.0000000e+00 3.8268322e+01 0.0000000e+00 
1.5750000e+01 3.5011456e+01 0.0000000e+00 
2.4000000e+01 2.9968750e+01 0.0000000e+00 
1.5000000e+00 3.8366520e+01 0.0000000e+00 
2.6250000e+01 2.8040178e+01 0.0000000e+00 
1.7250000e+01 3.4329952e+01 0.0000000e+00 
2.7000000e+01 2.7338980e+01 0.0000000e+00 
2.1000000e+01 3.2187393e+01 0.0000000e+00 
2.0250000e+01 3.2677357e+01 0.0000000e+00 
2.1750000e+01 3.1717802e+01 0.0000000e+00 
2.5500000e+01 2.8794443e+01 0.0000000e+00 
4.5000000e+00 3.8208130e+01 0.0000000e+00 
6.7500000e+00 3.7878563e+01 0.0000000e+00 
1.9500000e+01 3.3187679e+01 0.0000000e+00 
0.0000000e+00 3.8500000e+01 0.0000000e+00 
1.4250000e+01 3.5771061e+01 0.0000000e+00 
2.7750000e+01 2.6698008e+01 0.0000000e+00 
2.2500000e+01 3.1269003e+01 0.0000000e+00 
2.4750000e+01 2.9595379e+01 0.0000000e+00 
1.8750000e+01 3.3718750e+01 0.0000000e+00 
2.3250000e+01 3.0841825e+01 0.0000000e+00 
1.6500000e+01 3.4922825e+01 0.0000000e+00 
1.0500000e+01 3.7193333e+01 0.0000000e+00 
6.0000000e+00 3.8187553e+01 0.0000000e+00 
1.1250000e+01 3.6984638e+01 0.0000000e+00 
2.8500000e+01 2.6125000e+01 0.0000000e+00 
9.7500000e+00 3.7419594e+01 0.0000000e+00 
1.5000000e+01 3.5649071e+01 0.0000000e+00 
1.2000000e+01 3.6793022e+01 0.0000000e+00 
1.8000000e+01 3.4271339e+01 0.0000000e+00 
2.2500000e+00 3.8648598e+01 0.0000000e+00 
9.0000000e+00 3.7663818e+01 0.0000000e+00 
2.7000000e+01 2.7774294e+01 0.0000000e+00 
2.6250000e+01 2.8485964e+01 0.0000000e+00 
3.7500000e+00 3.8562576e+01 0.0000000e+00 
2.4000000e+01 3.0437500e+01 0.0000000e+00 
1.2750000e+01 3.6617947e+01 0.0000000e+00 
7.5000000e-01 3.8770462e+01 0.0000000e+00 
2.7750000e+01 2.7121075e+01 0.0000000e+00 
2.5500000e+01 2.9249132e+01 0.0000000e+00 
8.2500000e+00 3.7926315e+01 0.0000000e+00 
2.1000000e+01 3.2677357e+01 0.0000000e+00 
2.1750000e+01 3.2202816e+01 0.0000000e+00 
2.0250000e+01 3.3172249e+01 0.0000000e+00 
5.2500000e+00 3.8514828e+01 0.0000000e+00 
1.5750000e+01 3.5540878e+01 0.0000000e+00 
1.3500000e+01 3.6458820e+01 0.0000000e+00 
1.7250000e+01 3.4846573e+01 0.0000000e+00 
2.2500000e+01 3.1748920e+01 0.0000000e+00 
1.9500000e+01 3.3687618e+01 0.0000000e+00 
2.4750000e+01 3.0057638e+01 0.0000000e+00 
7.5000000e+00 3.8207268e+01 0.0000000e+00 
2.8500000e+01 2.6533865e+01 0.0000000e+00 
2.3250000e+01 3.1316366e+01 0.0000000e+00 
1.4250000e+01 3.6315037e+01 0.0000000e+00 
1.8750000e+01 3.4223972e+01 0.0000000e+00 
2.7000000e+01 2.8210594e+01 0.0000000e+00 
3.0000000e+00 3.8933903e+01 0.0000000e+00 
2.6250000e+01 2.8932405e+01 0.0000000e+00 
1.5000000e+00 3.9044186e+01 0.0000000e+00 
6.7500000e+00 3.8506710e+01 0.0000000e+00 
1.6500000e+01 3.5445885e+01 0.0000000e+00 
2.7750000e+01 2.7545509e+01 0.0000000e+00 
4.5000000e+00 3.8859966e+01 0.0000000e+00 
2.4000000e+01 3.0906250e+01 0.0000000e+00 
2.5500000e+01 2.9704201e+01 0.0000000e+00 
1.8000000e+01 3.4782200e+01 0.0000000e+00 
1.5000000e+01 3.6185963e+01 0.0000000e+00 
0.0000000e+00 3.9187500e+01 0.0000000e+00 
1.1250000e+01 3.7561596e+01 0.0000000e+00 
1.0500000e+01 3.7778908e+01 0.0000000e+00 
2.8500000e+01 2.6944529e+01 0.0000000e+00 
1.2000000e+01 3.7361595e+01 0.0000000e+00 
9.7500000e+00 3.8013977e+01 0.0000000e+00 
2.1000000e+01 3.3167122e+01 0.0000000e+00 
2.1750000e+01 3.2687622e+01 0.0000000e+00 
6.0000000e+00 3.8824520e+01 0.0000000e+00 
2.0250000e+01 3.3667000e+01 0.0000000e+00 
2.4750000e+01 3.0520056e+01 0.0000000e+00 
1.2750000e+01 3.7178394e+01 0.0000000e+00 
2.2500000e+01 3.2228661e+01 0.0000000e+00 
9.0000000e+00 3.8267151e+01 0.0000000e+00 
1.7250000e+01 3.5363525e+01 0.0000000e+00 
1.9500000e+01 3.4187500e+01 0.0000000e+00 
1.5750000e+01 3.6070980e+01 0.0000000e+00 
2.7000000e+01 2.8647840e+01 0.0000000e+00 
2.2500000e+00 3.9321064e+01 0.0000000e+00 
2.3250000e+01 3.1790796e+01 0.0000000e+00 
1.3500000e+01 3.7011429e+01 0.0000000e+00 
2.6250000e+01 2.9379471e+01 0.0000000e+00 
3.7500000e+00 3.9222324e+01 0.0000000e+00 
2.7750000e+01 2.7971262e+01 0.0000000e+00 
8.2500000e+00 3.8538681e+01 0.0000000e+00 
7.5000000e-01 3.9453602e+01 0.0000000e+00 
1.8750000e+01 3.4729259e+01 0.0000000e+00 
2.5500000e+01 3.0159628e+01 0.0000000e+00 
2.4000000e+01 3.1375000e+01 0.0000000e+00 
2.8500000e+01 2.7356930e+01 0.0000000e+00 
5.2500000e+00 3.9160378e+01 0.0000000e+00 
1.4250000e+01 3.6860100e+01 0.0000000e+00 
7.5000000e+00 3.8828671e+01 0.0000000e+00 
1.6500000e+01 3.5969486e+01 0.0000000e+00 
1.8000000e+01 3.5293282e+01 0.0000000e+00 
2.4750000e+01 3.0982626e+01 0.0000000e+00 
2.1750000e+01 3.3172249e+01 0.0000000e+00 
1.5000000e+01 3.6723785e+01 0.0000000e+00 
2.1000000e+01 3.3656727e+01 0.0000000e+00 
2.9250000e+01 2.6812500e+01 0.0000000e+00 
2.7000000e+01 2.9085995e+01 0.0000000e+00 
2.2500000e+01 3.2708241e+01 0.0000000e+00 
2.7750000e+01 2.8398287e+01 0.0000000e+00 
2.0250000e+01 3.4161648e+01 0.0000000e+00 
3.0000000e+00 3.9600990e+01 0.0000000e+00 
6.7500000e+00 3.9137085e+01 0.0000000e+00 
2.6250000e+01 2.9827133e+01 0.0000000e+00 
1.5000000e+00 3.9722725e+01 0.0000000e+00 
1.1250000e+01 3.8140385e+01 0.0000000e+00 
4.5000000e+00 3.9513752e+01 0.0000000e+00 
2.3250000e+01 3.2265125e+01 0.0000000e+00 
1.0500000e+01 3.8366455e+01 0.0000000e+00 
1.2000000e+01 3.7931850e+01 0.0000000e+00 
1.9500000e+01 3.4687382e+01 0.0000000e+00 
2.8500000e+01 2.7771011e+01 0.0000000e+00 
1.7250000e+01 3.5880894e+01 0.0000000e+00 
9.7500000e+00 3.8610455e+01 0.0000000e+00 
1.2750000e+01 3.7740368e+01 0.0000000e+00 
2.5500000e+01 3.0615395e+01 0.0000000e+00 
1.5750000e+01 3.6601864e+01 0.0000000e+00 
0.0000000e+00 3.9875000e+01 0.0000000e+00 
2.4000000e+01 3.1843750e+01 0.0000000e+00 
9.0000000e+00 3.8872681e+01 0.0000000e+00 
1.8750000e+01 3.5234684e+01 0.0000000e+00 
6.0000000e+00 3.9463692e+01 0.0000000e+00 
1.3500000e+01 3.7565395e+01 0.0000000e+00 
2.9250000e+01 2.7211674e+01 0.0000000e+00 
2.7000000e+01 2.9525015e+01 0.0000000e+00 
2.7750000e+01 2.8826530e+01 0.0000000e+00 
8.2500000e+00 3.9153320e+01 0.0000000e+00 
2.4750000e+01 3.1445335e+01 0.0000000e+00 
1.4250000e+01 3.7406357e+01 0.0000000e+00 
1.6500000e+01 3.6493717e+01 0.0000000e+00 
2.2500000e+00 3.9994778e+01 0.0000000e+00 
3.7500000e+00 3.9883862e+01 0.0000000e+00 
2.6250000e+01 3.0275360e+01 0.0000000e+00 
2.1750000e+01 3.3656727e+01 0.0000000e+00 
1.8000000e+01 3.5804665e+01 0.0000000e+00 
2.8500000e+01 2.8186718e+01 0.0000000e+00 
2.1000000e+01 3.4146217e+01 0.0000000e+00 
2.2500000e+01 3.3187679e+01 0.0000000e+00 
2.0250000e+01 3.4656250e+01 0.0000000e+00 
7.5000000e-01 4.0137215e+01 0.0000000e+00 
5.2500000e+00 3.9808075e+01 0.0000000e+00 
2.3250000e+01 3.2739368e+01 0.0000000e+00 
7.5000000e+00 3.9452400e+01 0.0000000e+00 
1.5000000e+01 3.7262638e+01 0.0000000e+00 
2.5500000e+01 3.1071480e+01 0.0000000e+00 
2.9250000e+01 2.7612917e+01 0.0000000e+00 
1.9500000e+01 3.5187321e+01 0.0000000e+00 
2.4000000e+01 3.2312500e+01 0.0000000e+00 
1.7250000e+01 3.6398758e+01 0.0000000e+00 
1.1250000e+01 3.8721130e+01 0.0000000e+00 
2.7750000e+01 2.9255949e+01 0.0000000e+00 
1.2000000e+01 3.8503906e+01 0.0000000e+00 
2.7000000e+01 2.9964865e+01 0.0000000e+00 
1.5750000e+01 3.7133617e+01 0.0000000e+00 
6.7500000e+00 3.9769794e+01 0.0000000e+00 
1.0500000e+01 3.8956093e+01 0.0000000e+00 
1.8750000e+01 3.5740307e+01 0.0000000e+00 
1.2750000e+01 3.8303978e+01 0.0000000e+00 
2.8500000e+01 2.8603989e+01 0.0000000e+00 
3.0000000e+00 4.0269657e+01 0.0000000e+00 
2.4750000e+01 3.1908175e+01 0.0000000e+00 
9.7500000e+00 3.9209148e+01 0.0000000e+00 
2.6250000e+01 3.0724123e+01 0.0000000e+00 
4.5000000e+00 4.0169571e+01 0.0000000e+00 
1.5000000e+00 4.0402176e+01 0.0000000e+00 
1.3500000e+01 3.8120838e+01 0.0000000e+00 
2.1750000e+01 3.4141087e+01 0.0000000e+00 
9.0000000e+00 3.9480530e+01 0.0000000e+00 
2.2500000e+01 3.3667000e+01 0.0000000e+00 
2.9250000e+01 2.8016163e+01 0.0000000e+00 
2.1000000e+01 3.4635628e+01 0.0000000e+00 
1.6500000e+01 3.7018673e+01 0.0000000e+00 
1.8000000e+01 3.6316425e+01 0.0000000e+00 
1.4250000e+01 3.7953922e+01 0.0000000e+00 
2.3250000e+01 3.3213528e+01 0.0000000e+00 
2.5500000e+01 3.1527864e+01 0.0000000e+00 
6.0000000e+00 4.0105179e+01 0.0000000e+00 
0.0000000e+00 4.0562500e+01 0.0000000e+00 
2.0250000e+01 3.5150852e+01 0.0000000e+00 
8.2500000e+00 3.9770355e+01 0.0000000e+00 
2.4000000e+01 3.2781250e+01 0.0000000e+00 
2.7750000e+01 2.9686489e+01 0.0000000e+00 
2.7000000e+01 3.0405500e+01 0.0000000e+00 
1.9500000e+01 3.5687378e+01 0.0000000e+00 
1.5000000e+01 3.7802628e+01 0.0000000e+00 
2.8500000e+01 2.9022766e+01 0.0000000e+00 
3.0000000e+01 2.7500000e+01 0.0000000e+00 
3.7500000e+00 4.0547268e+01 0.0000000e+00 
2.2500000e+00 4.0669788e+01 0.0000000e+00 
1.7250000e+01 3.6917206e+01 0.0000000e+00 
2.4750000e+01 3.2371136e+01 0.0000000e+00 
2.6250000e+01 3.1173391e+01 0.0000000e+00 
7.5000000e+00 4.0078571e+01 0.0000000e+00 
2.9250000e+01 2.8421345e+01 0.0000000e+00 
5.2500000e+00 4.0458012e+01 0.0000000e+00 
1.8750000e+01 3.6246197e+01 0.0000000e+00 
1.5750000e+01 3.7666344e+01 0.0000000e+00 
7.5000000e-01 4.0821327e+01 0.0000000e+00 
1.2000000e+01 3.9077885e+01 0.0000000e+00 
1.1250000e+01 3.9303955e+01 0.0000000e+00 
2.1750000e+01 3.4625359e+01 0.0000000e+00 
2.2500000e+01 3.4146217e+01 0.0000000e+00 
2.5500000e+01 3.1984529e+01 0.0000000e+00 
1.2750000e+01 3.8869350e+01 0.0000000e+00 
1.0500000e+01 3.9547955e+01 0.0000000e+00 
2.1000000e+01 3.5125000e+01 0.0000000e+00 
2.3250000e+01 3.3687618e+01 0.0000000e+00 
2.7750000e+01 3.0118105e+01 0.0000000e+00 
3.0000000e+01 2.7889616e+01 0.0000000e+00 
6.7500000e+00 4.0404957e+01 0.0000000e+00 
1.3500000e+01 3.8677868e+01 0.0000000e+00 
2.8500000e+01 2.9442993e+01 0.0000000e+00 
9.7500000e+00 3.9810181e+01 0.0000000e+00 
1.8000000e+01 3.6828632e+01 0.0000000e+00 
2.7000000e+01 3.0846888e+01 0.0000000e+00 
2.0250000e+01 3.5645500e+01 0.0000000e+00 
2.4000000e+01 3.3250000e+01 0.0000000e+00 
1.6500000e+01 3.7544445e+01 0.0000000e+00 
3.0000000e+00 4.0939964e+01 0.0000000e+00 
1.4250000e+01 3.8502895e+01 0.0000000e+00 
2.9250000e+01 2.8828394e+01 0.0000000e+00 
4.5000000e+00 4.0827511e+01 0.0000000e+00 
9.0000000e+00 4.0090820e+01 0.0000000e+00 
2.6250000e+01 3.1623138e+01 0.0000000e+00 
1.9500000e+01 3.6187607e+01 0.0000000e+00 
1.5000000e+00 4.1082569e+01 0.0000000e+00 
2.4750000e+01 3.2834202e+01 0.0000000e+00 
1.5000000e+01 3.8343857e+01 0.0000000e+00 
6.0000000e+00 4.0749084e+01 0.0000000e+00 
1.7250000e+01 3.7436317e+01 0.0000000e+00 
8.2500000e+00 4.0389900e+01 0.0000000e+00 
3.0000000e+01 2.8281561e+01 0.0000000e+00 
0.0000000e+00 4.1250000e+01 0.0000000e+00 
1.8750000e+01 3.6752419e+01 0.0000000e+00 
2.5500000e+01 3.2441452e+01 0.0000000e+00 
2.7750000e+01 3.0550745e+01 0.0000000e+00 
2.8500000e+01 2.9864613e+01 0.0000000e+00 
2.2500000e+01 3.4625359e+01 0.0000000e+00 
2.1750000e+01 3.5109570e+01 0.0000000e+00 
1.5750000e+01 3.8200138e+01 0.0000000e+00 
2.3250000e+01 3.4161648e+01 0.0000000e+00 
2.7000000e+01 3.1288984e+01 0.0000000e+00 
2.1000000e+01 3.5614372e+01 0.0000000e+00 
2.9250000e+01 2.9237246e+01 0.0000000e+00 
3.7500000e+00 4.1212624e+01 0.0000000e+00 
2.4000000e+01 3.3718750e+01 0.0000000e+00 
7.5000000e+00 4.0707294e+01 0.0000000e+00 
2.2500000e+00 4.1346146e+01 0.0000000e+00 
2.0250000e+01 3.6140251e+01 0.0000000e+00 
1.2000000e+01 3.9653908e+01 0.0000000e+00 
5.2500000e+00 4.1110294e+01 0.0000000e+00 
1.1250000e+01 3.9888977e+01 0.0000000e+00 
2.6250000e+01 3.2073330e+01 0.0000000e+00 
1.2750000e+01 3.9436596e+01 0.0000000e+00 
1.8000000e+01 3.7341370e+01 0.0000000e+00 
2.4750000e+01 3.3297375e+01 0.0000000e+00 
1.0500000e+01 4.0142151e+01 0.0000000e+00 
1.6500000e+01 3.8071117e+01 0.0000000e+00 
1.3500000e+01 3.9236595e+01 0.0000000e+00 
3.0000000e+01 2.8675760e+01 0.0000000e+00 
7.5000000e-01 4.1505955e+01 0.0000000e+00 
1.9500000e+01 3.6688068e+01 0.0000000e+00 
1.4250000e+01 3.9053394e+01 0.0000000e+00 
9.7500000e+00 4.0413681e+01 0.0000000e+00 
2.8500000e+01 3.0287565e+01 0.0000000e+00 
6.7500000e+00 4.1042679e+01 0.0000000e+00 
2.7750000e+01 3.0984364e+01 0.0000000e+00 
2.5500000e+01 3.2898617e+01 0.0000000e+00 
2.9250000e+01 2.9647833e+01 0.0000000e+00 
2.7000000e+01 3.1731750e+01 0.0000000e+00 
1.5000000e+01 3.8886429e+01 0.0000000e+00 
9.0000000e+00 4.0703671e+01 0.0000000e+00 
1.7250000e+01 3.7956173e+01 0.0000000e+00 
2.2500000e+01 3.5104439e+01 0.0000000e+00 
1.8750000e+01 3.7259045e+01 0.0000000e+00 
2.1750000e+01 3.5593750e+01 0.0000000e+00 
3.0750000e+01 2.8187500e+01 0.0000000e+00 
2.3250000e+01 3.4635628e+01 0.0000000e+00 
3.0000000e+00 4.1611984e+01 0.0000000e+00 
4.5000000e+00 4.1487667e+01 0.0000000e+00 
2.1000000e+01 3.6103783e+01 0.0000000e+00 
2.4000000e+01 3.4187500e+01 0.0000000e+00 
3.0000000e+01 2.9072136e+01 0.0000000e+00 
1.5000000e+00 4.1763947e+01 0.0000000e+00 
2.6250000e+01 3.2523941e+01 0.0000000e+00 
1.5750000e+01 3.8735100e+01 0.0000000e+00 
6.0000000e+00 4.1395512e+01 0.0000000e+00 
8.2500000e+00 4.1012085e+01 0.0000000e+00 
2.0250000e+01 3.6635143e+01 0.0000000e+00 
2.4750000e+01 3.3760632e+01 0.0000000e+00 
2.8500000e+01 3.0711792e+01 0.0000000e+00 
1.8000000e+01 3.7854706e+01 0.0000000e+00 
2.7750000e+01 3.1418909e+01 0.0000000e+00 
0.0000000e+00 4.1937500e+01 0.0000000e+00 
2.9250000e+01 3.0060087e+01 0.0000000e+00 
3.0750000e+01 2.8567713e+01 0.0000000e+00 
1.6500000e+01 3.8598785e+01 0.0000000e+00 
1.2000000e+01 4.0232094e+01 0.0000000e+00 
2.5500000e+01 3.3355999e+01 0.0000000e+00 
1.2750000e+01 4.0005833e+01 0.0000000e+00 
1.9500000e+01 3.7188820e+01 0.0000000e+00 
2.7000000e+01 3.2175148e+01 0.0000000e+00 
1.1250000e+01 4.0476318e+01 0.0000000e+00 
7.5000000e+00 4.1338692e+01 0.0000000e+00 
1.3500000e+01 3.9797138e+01 0.0000000e+00 
3.7500000e+00 4.1880001e+01 0.0000000e+00 
3.0000000e+01 2.9470615e+01 0.0000000e+00 
1.0500000e+01 4.0738815e+01 0.0000000e+00 
2.2500000e+00 4.2023907e+01 0.0000000e+00 
1.4250000e+01 3.9605522e+01 0.0000000e+00 
5.2500000e+00 4.1765011e+01 0.0000000e+00 
2.2500000e+01 3.5583481e+01 0.0000000e+00 
2.3250000e+01 3.5109570e+01 0.0000000e+00 
2.1750000e+01 3.6077930e+01 0.0000000e+00 
2.6250000e+01 3.2974937e+01 0.0000000e+00 
2.4000000e+01 3.4656250e+01 0.0000000e+00 
9.7500000e+00 4.1019768e+01 0.0000000e+00 
1.8750000e+01 3.7766132e+01 0.0000000e+00 
1.7250000e+01 3.8476864e+01 0.0000000e+00 
1.5000000e+01 3.9430447e+01 0.0000000e+00 
2.1000000e+01 3.6593273e+01 0.0000000e+00 
7.5000000e-01 4.2191116e+01 0.0000000e+00 
2.8500000e+01 3.1137236e+01 0.0000000e+00 
6.7500000e+00 4.1683075e+01 0.0000000e+00 
3.0750000e+01 2.8950497e+01 0.0000000e+00 
2.4750000e+01 3.4223972e+01 0.0000000e+00 
2.9250000e+01 3.0473946e+01 0.0000000e+00 
2.7750000e+01 3.1854334e+01 0.0000000e+00 
9.0000000e+00 4.1319210e+01 0.0000000e+00 
2.0250000e+01 3.7130234e+01 0.0000000e+00 
1.5750000e+01 3.9271320e+01 0.0000000e+00 
3.0000000e+01 2.9871122e+01 0.0000000e+00 
2.7000000e+01 3.2619137e+01 0.0000000e+00 
2.5500000e+01 3.3813580e+01 0.0000000e+00 
1.8000000e+01 3.8368717e+01 0.0000000e+00 
4.5000000e+00 4.2150124e+01 0.0000000e+00 
3.0000000e+00 4.2285774e+01 0.0000000e+00 
1.9500000e+01 3.7689919e+01 0.0000000e+00 
8.2500000e+00 4.1637020e+01 0.0000000e+00 
1.6500000e+01 3.9127537e+01 0.0000000e+00 
6.0000000e+00 4.2044571e+01 0.0000000e+00 
1.5000000e+00 4.2446339e+01 0.0000000e+00 
3.0750000e+01 2.9335772e+01 0.0000000e+00 
2.6250000e+01 3.3426292e+01 0.0000000e+00 
2.3250000e+01 3.5583481e+01 0.0000000e+00 
2.2500000e+01 3.6062500e+01 0.0000000e+00 
2.8500000e+01 3.1563841e+01 0.0000000e+00 
1.2750000e+01 4.0577183e+01 0.0000000e+00 
1.2000000e+01 4.0812561e+01 0.0000000e+00 
2.9250000e+01 3.0889338e+01 0.0000000e+00 
2.4000000e+01 3.5125000e+01 0.0000000e+00 
2.1750000e+01 3.6562141e+01 0.0000000e+00 
1.3500000e+01 4.0359608e+01 0.0000000e+00 
2.7750000e+01 3.2290588e+01 0.0000000e+00 
1.1250000e+01 4.1066105e+01 0.0000000e+00 
2.4750000e+01 3.4687382e+01 0.0000000e+00 
1.4250000e+01 4.0159389e+01 0.0000000e+00 
2.1000000e+01 3.7082878e+01 0.0000000e+00 
1.8750000e+01 3.8273758e+01 0.0000000e+00 
3.0000000e+01 3.0273581e+01 0.0000000e+00 
0.0000000e+00 4.2625000e+01 0.0000000e+00 
7.5000000e+00 4.1972878e+01 0.0000000e+00 
1.7250000e+01 3.8998463e+01 0.0000000e+00 
1.0500000e+01 4.1338066e+01 0.0000000e+00 
2.7000000e+01 3.3063679e+01 0.0000000e+00 
1.5000000e+01 3.9976013e+01 0.0000000e+00 
3.7500000e+00 4.2549484e+01 0.0000000e+00 
2.5500000e+01 3.4271339e+01 0.0000000e+00 
2.0250000e+01 3.7625568e+01 0.0000000e+00 
3.1500000e+01 2.8875000e+01 0.0000000e+00 
5.2500000e+00 4.2422268e+01 0.0000000e+00 
9.7500000e+00 4.1628563e+01 0.0000000e+00 
2.2500000e+00 4.2703121e+01 0.0000000e+00 
3.0750000e+01 2.9723454e+01 0.0000000e+00 
1.5750000e+01 3.9808907e+01 0.0000000e+00 
2.9250000e+01 3.1306198e+01 0.0000000e+00 
2.8500000e+01 3.1991547e+01 0.0000000e+00 
1.8000000e+01 3.8883480e+01 0.0000000e+00 
2.6250000e+01 3.3877972e+01 0.0000000e+00 
6.7500000e+00 4.2326252e+01 0.0000000e+00 
1.9500000e+01 3.8191425e+01 0.0000000e+00 
7.5000000e-01 4.2876831e+01 0.0000000e+00 
9.0000000e+00 4.1937553e+01 0.0000000e+00 
2.3250000e+01 3.6057369e+01 0.0000000e+00 
3.0000000e+01 3.0677917e+01 0.0000000e+00 
2.7750000e+01 3.2727627e+01 0.0000000e+00 
2.2500000e+01 3.6541519e+01 0.0000000e+00 
2.4000000e+01 3.5593750e+01 0.0000000e+00 
1.6500000e+01 3.9657463e+01 0.0000000e+00 
2.1750000e+01 3.7046413e+01 0.0000000e+00 
3.1500000e+01 2.9245979e+01 0.0000000e+00 
2.4750000e+01 3.5150852e+01 0.0000000e+00 
2.7000000e+01 3.3508732e+01 0.0000000e+00 
3.0750000e+01 3.0113459e+01 0.0000000e+00 
2.1000000e+01 3.7572643e+01 0.0000000e+00 
4.5000000e+00 4.2814964e+01 0.0000000e+00 
8.2500000e+00 4.2264828e+01 0.0000000e+00 
3.0000000e+00 4.2961407e+01 0.0000000e+00 
1.8750000e+01 3.8781986e+01 0.0000000e+00 
1.2750000e+01 4.1150757e+01 0.0000000e+00 
2.5500000e+01 3.4729259e+01 0.0000000e+00 
1.3500000e+01 4.0924118e+01 0.0000000e+00 
1.2000000e+01 4.1395432e+01 0.0000000e+00 
6.0000000e+00 4.2696362e+01 0.0000000e+00 
1.7250000e+01 3.9521061e+01 0.0000000e+00 
1.4250000e+01 4.0715107e+01 0.0000000e+00 
1.1250000e+01 4.1658459e+01 0.0000000e+00 
2.9250000e+01 3.1724461e+01 0.0000000e+00 
1.5000000e+00 4.3129791e+01 0.0000000e+00 
2.0250000e+01 3.8121197e+01 0.0000000e+00 
2.8500000e+01 3.2420296e+01 0.0000000e+00 
3.0000000e+01 3.1084057e+01 0.0000000e+00 
1.5000000e+01 4.0523232e+01 0.0000000e+00 
2.6250000e+01 3.4329952e+01 0.0000000e+00 
1.0500000e+01 4.1940029e+01 0.0000000e+00 
3.1500000e+01 2.9619761e+01 0.0000000e+00 
2.7750000e+01 3.3165398e+01 0.0000000e+00 
7.5000000e+00 4.2609966e+01 0.0000000e+00 
2.3250000e+01 3.6531250e+01 0.0000000e+00 
0.0000000e+00 4.3312500e+01 0.0000000e+00 
1.5750000e+01 4.0347946e+01 0.0000000e+00 
3.0750000e+01 3.0505705e+01 0.0000000e+00 
1.8000000e+01 3.9399071e+01 0.0000000e+00 
2.4000000e+01 3.6062500e+01 0.0000000e+00 
2.2500000e+01 3.7020561e+01 0.0000000e+00 
1.9500000e+01 3.8693394e+01 0.0000000e+00 
9.7500000e+00 4.2240192e+01 0.0000000e+00 
2.4750000e+01 3.5614372e+01 0.0000000e+00 
2.1750000e+01 3.7530773e+01 0.0000000e+00 
2.7000000e+01 3.3954258e+01 0.0000000e+00 
3.7500000e+00 4.3221146e+01 0.0000000e+00 
5.2500000e+00 4.3082157e+01 0.0000000e+00 
2.2500000e+00 4.3383839e+01 0.0000000e+00 
1.6500000e+01 4.0188652e+01 0.0000000e+00 
2.5500000e+01 3.5187321e+01 0.0000000e+00 
2.9250000e+01 3.2144058e+01 0.0000000e+00 
2.1000000e+01 3.8062607e+01 0.0000000e+00 
2.8500000e+01 3.2850029e+01 0.0000000e+00 
3.0000000e+01 3.1491922e+01 0.0000000e+00 
3.1500000e+01 2.9996252e+01 0.0000000e+00 
6.7500000e+00 4.2972324e+01 0.0000000e+00 
9.0000000e+00 4.2558826e+01 0.0000000e+00 
1.8750000e+01 3.9290878e+01 0.0000000e+00 
7.5000000e-01 4.3563118e+01 0.0000000e+00 
2.6250000e+01 3.4782200e+01 0.0000000e+00 
2.7750000e+01 3.3603851e+01 0.0000000e+00 
3.0750000e+01 3.0900110e+01 0.0000000e+00 
1.7250000e+01 4.0044735e+01 0.0000000e+00 
2.0250000e+01 3.8617165e+01 0.0000000e+00 
1.2750000e+01 4.1726673e+01 0.0000000e+00 
1.3500000e+01 4.1490780e+01 0.0000000e+00 
1.2000000e+01 4.1980827e+01 0.0000000e+00 
1.4250000e+01 4.1272778e+01 0.0000000e+00 
8.2500000e+00 4.2895630e+01 0.0000000e+00 
2.3250000e+01 3.7005131e+01 0.0000000e+00 
2.4000000e+01 3.6531250e+01 0.0000000e+00 
4.5000000e+00 4.3482288e+01 0.0000000e+00 
1.1250000e+01 4.2253502e+01 0.0000000e+00 
1.5000000e+01 4.1072205e+01 0.0000000e+00 
2.7000000e+01 3.4400219e+01 0.0000000e+00 
2.2500000e+01 3.7499641e+01 0.0000000e+00 
3.0000000e+00 4.3638947e+01 0.0000000e+00 
3.2250000e+01 2.9562500e+01 0.0000000e+00 
2.4750000e+01 3.6077930e+01 0.0000000e+00 
3.1500000e+01 3.0375362e+01 0.0000000e+00 
6.0000000e+00 4.3350990e+01 0.0000000e+00 
2.9250000e+01 3.2564922e+01 0.0000000e+00 
1.9500000e+01 3.9195885e+01 0.0000000e+00 
1.8000000e+01 3.9915562e+01 0.0000000e+00 
3.0000000e+01 3.1901442e+01 0.0000000e+00 
2.1750000e+01 3.8015251e+01 0.0000000e+00 
2.8500000e+01 3.3280689e+01 0.0000000e+00 
1.5750000e+01 4.0888538e+01 0.0000000e+00 
1.0500000e+01 4.2544827e+01 0.0000000e+00 
2.5500000e+01 3.5645500e+01 0.0000000e+00 
1.5000000e+00 4.3814331e+01 0.0000000e+00 
3.0750000e+01 3.1296589e+01 0.0000000e+00 
7.5000000e+00 4.3250076e+01 0.0000000e+00 
2.1000000e+01 3.8552807e+01 0.0000000e+00 
2.7750000e+01 3.4042938e+01 0.0000000e+00 
1.6500000e+01 4.0721199e+01 0.0000000e+00 
2.6250000e+01 3.5234684e+01 0.0000000e+00 
9.7500000e+00 4.2854774e+01 0.0000000e+00 
3.2250000e+01 2.9924438e+01 0.0000000e+00 
1.8750000e+01 3.9800507e+01 0.0000000e+00 
0.0000000e+00 4.4000000e+01 0.0000000e+00 
3.1500000e+01 3.0757004e+01 0.0000000e+00 
2.0250000e+01 3.9113525e+01 0.0000000e+00 
3.7500000e+00 4.3895069e+01 0.0000000e+00 
5.2500000e+00 4.3744778e+01 0.0000000e+00 
2.7000000e+01 3.4846573e+01 0.0000000e+00 
1.7250000e+01 4.0569572e+01 0.0000000e+00 
2.9250000e+01 3.2986988e+01 0.0000000e+00 
3.0000000e+01 3.2312538e+01 0.0000000e+00 
2.4000000e+01 3.7000000e+01 0.0000000e+00 
2.3250000e+01 3.7479019e+01 0.0000000e+00 
9.0000000e+00 4.3183151e+01 0.0000000e+00 
2.2500000e+00 4.4066116e+01 0.0000000e+00 
2.4750000e+01 3.6541519e+01 0.0000000e+00 
6.7500000e+00 4.3621403e+01 0.0000000e+00 
2.2500000e+01 3.7978783e+01 0.0000000e+00 
2.8500000e+01 3.3712223e+01 0.0000000e+00 
3.0750000e+01 3.1695059e+01 0.0000000e+00 
1.3500000e+01 4.2059711e+01 0.0000000e+00 
1.2750000e+01 4.2305054e+01 0.0000000e+00 
1.4250000e+01 4.1832512e+01 0.0000000e+00 
2.5500000e+01 3.6103783e+01 0.0000000e+00 
2.1750000e+01 3.8499878e+01 0.0000000e+00 
1.2000000e+01 4.2568867e+01 0.0000000e+00 
1.9500000e+01 3.9698956e+01 0.0000000e+00 
1.5000000e+01 4.1623039e+01 0.0000000e+00 
3.2250000e+01 3.0289387e+01 0.0000000e+00 
7.5000000e-01 4.4250000e+01 0.0000000e+00 
1.8000000e+01 4.0433029e+01 0.0000000e+00 
2.7750000e+01 3.4482613e+01 0.0000000e+00 
3.1500000e+01 3.1141085e+01 0.0000000e+00 
2.6250000e+01 3.5687378e+01 0.0000000e+00 
1.1250000e+01 4.2851353e+01 0.0000000e+00 
8.2500000e+00 4.3529545e+01 0.0000000e+00 
1.5750000e+01 4.1430786e+01 0.0000000e+00 
2.1000000e+01 3.9043282e+01 0.0000000e+00 
4.5000000e+00 4.4152176e+01 0.0000000e+00 
3.0000000e+01 3.2725136e+01 0.0000000e+00 
2.9250000e+01 3.3410191e+01 0.0000000e+00 
1.0500000e+01 4.3152580e+01 0.0000000e+00 
6.0000000e+00 4.4008564e+01 0.0000000e+00 
3.0000000e+00 4.4318455e+01 0.0000000e+00 
1.6500000e+01 4.1255192e+01 0.0000000e+00 
2.7000000e+01 3.5293282e+01 0.0000000e+00 
3.0750000e+01 3.2095440e+01 0.0000000e+00 
1.8750000e+01 4.0310932e+01 0.0000000e+00 
2.8500000e+01 3.4144566e+01 0.0000000e+00 
2.0250000e+01 3.9610325e+01 0.0000000e+00 
2.4000000e+01 3.7468750e+01 0.0000000e+00 
3.2250000e+01 3.0657249e+01 0.0000000e+00 
2.3250000e+01 3.7952930e+01 0.0000000e+00 
2.4750000e+01 3.7005131e+01 0.0000000e+00 
1.5000000e+00 4.4500000e+01 0.0000000e+00 
7.5000000e+00 4.3893322e+01 0.0000000e+00 
9.7500000e+00 4.3472439e+01 0.0000000e+00 
2.2500000e+01 3.8458000e+01 0.0000000e+00 
3.1500000e+01 3.1527515e+01 0.0000000e+00 
1.7250000e+01 4.1095654e+01 0.0000000e+00 
2.5500000e+01 3.6562141e+01 0.0000000e+00 
2.7750000e+01 3.4922825e+01 0.0000000e+00 
2.1750000e+01 3.8984684e+01 0.0000000e+00 
2.6250000e+01 3.6140251e+01 0.0000000e+00 
1.9500000e+01 4.0202663e+01 0.0000000e+00 
3.0000000e+01 3.3139160e+01 0.0000000e+00 
1.3500000e+01 4.2631023e+01 0.0000000e+00 
5.2500000e+00 4.4410225e+01 0.0000000e+00 
2.9250000e+01 3.3834457e+01 0.0000000e+00 
1.4250000e+01 4.2394424e+01 0.0000000e+00 
9.0000000e+00 4.3810646e+01 0.0000000e+00 
3.7500000e+00 4.4571327e+01 0.0000000e+00 
1.8000000e+01 4.0951546e+01 0.0000000e+00 
3.0750000e+01 3.2497643e+01 0.0000000e+00 
1.2750000e+01 4.2886013e+01 0.0000000e+00 
3.2250000e+01 3.1027929e+01 0.0000000e+00 
1.5000000e+01 4.2175835e+01 0.0000000e+00 
2.1000000e+01 3.9534073e+01 0.0000000e+00 
3.3000000e+01 3.0250000e+01 0.0000000e+00 
6.7500000e+00 4.4273598e+01 0.0000000e+00 
2.7000000e+01 3.5740307e+01 0.0000000e+00 
1.2000000e+01 4.3159668e+01 0.0000000e+00 
2.2500000e+00 4.4750000e+01 0.0000000e+00 
2.8500000e+01 3.4577663e+01 0.0000000e+00 
1.5750000e+01 4.1974777e+01 0.0000000e+00 
3.1500000e+01 3.1916206e+01 0.0000000e+00 
1.1250000e+01 4.3452137e+01 0.0000000e+00 
2.4000000e+01 3.7937500e+01 0.0000000e+00 
2.4750000e+01 3.7468750e+01 0.0000000e+00 
2.3250000e+01 3.8426872e+01 0.0000000e+00 
1.8750000e+01 4.0822227e+01 0.0000000e+00 
2.0250000e+01 4.0107613e+01 0.0000000e+00 
1.6500000e+01 4.1790718e+01 0.0000000e+00 
8.2500000e+00 4.4166691e+01 0.0000000e+00 
2.7750000e+01 3.5363525e+01 0.0000000e+00 
2.5500000e+01 3.7020561e+01 0.0000000e+00 
2.2500000e+01 3.8937321e+01 0.0000000e+00 
1.0500000e+01 4.3763412e+01 0.0000000e+00 
3.3000000e+01 3.0603106e+01 0.0000000e+00 
3.0000000e+01 3.3554539e+01 0.0000000e+00 
3.2250000e+01 3.1401329e+01 0.0000000e+00 
3.0750000e+01 3.2901592e+01 0.0000000e+00 
2.6250000e+01 3.6593273e+01 0.0000000e+00 
2.9250000e+01 3.4259727e+01 0.0000000e+00 
4.5000000e+00 4.4824715e+01 0.0000000e+00 
1.7250000e+01 4.1623066e+01 0.0000000e+00 
2.1750000e+01 3.9469700e+01 0.0000000e+00 
6.0000000e+00 4.4669186e+01 0.0000000e+00 
3.0000000e+00 4.5000000e+01 0.0000000e+00 
3.1500000e+01 3.2307064e+01 0.0000000e+00 
1.9500000e+01 4.0707066e+01 0.0000000e+00 
2.8500000e+01 3.5011456e+01 0.0000000e+00 
2.7000000e+01 3.6187607e+01 0.0000000e+00 
9.7500000e+00 4.4093307e+01 0.0000000e+00 
7.5000000e+00 4.4539822e+01 0.0000000e+00 
2.1000000e+01 4.0025219e+01 0.0000000e+00 
1.8000000e+01 4.1471191e+01 0.0000000e+00 
3.3000000e+01 3.0959414e+01 0.0000000e+00 
1.4250000e+01 4.2958618e+01 0.0000000e+00 
1.3500000e+01 4.3204826e+01 0.0000000e+00 
3.2250000e+01 3.1777351e+01 0.0000000e+00 
1.5000000e+01 4.2730694e+01 0.0000000e+00 
2.4000000e+01 3.8406250e+01 0.0000000e+00 
2.4750000e+01 3.7932369e+01 0.0000000e+00 
2.7750000e+01 3.5804665e+01 0.0000000e+00 
1.2750000e+01 4.3469666e+01 0.0000000e+00 
2.3250000e+01 3.8900852e+01 0.0000000e+00 
3.0000000e+01 3.3971191e+01 0.0000000e+00 
2.5500000e+01 3.7479019e+01 0.0000000e+00 
3.0750000e+01 3.3307201e+01 0.0000000e+00 
9.0000000e+00 4.4441441e+01 0.0000000e+00 
1.5750000e+01 4.2520618e+01 0.0000000e+00 
1.2000000e+01 4.3753353e+01 0.0000000e+00 
2.9250000e+01 3.4685932e+01 0.0000000e+00 
2.0250000e+01 4.0605438e+01 0.0000000e+00 
5.2500000e+00 4.5078602e+01 0.0000000e+00 
2.2500000e+01 3.9416759e+01 0.0000000e+00 
1.8750000e+01 4.1334457e+01 0.0000000e+00 
2.6250000e+01 3.7046413e+01 0.0000000e+00 
3.1500000e+01 3.2700001e+01 0.0000000e+00 
3.7500000e+00 4.5250000e+01 0.0000000e+00 
1.6500000e+01 4.2327873e+01 0.0000000e+00 
6.7500000e+00 4.4929020e+01 0.0000000e+00 
1.1250000e+01 4.4055977e+01 0.0000000e+00 
2.8500000e+01 3.5445885e+01 0.0000000e+00 
2.1750000e+01 3.9954952e+01 0.0000000e+00 
3.3000000e+01 3.1318819e+01 0.0000000e+00 
2.7000000e+01 3.6635143e+01 0.0000000e+00 
3.2250000e+01 3.2155899e+01 0.0000000e+00 
1.7250000e+01 4.2151886e+01 0.0000000e+00 
8.2500000e+00 4.4807190e+01 0.0000000e+00 
1.9500000e+01 4.1212223e+01 0.0000000e+00 
1.0500000e+01 4.4377449e+01 0.0000000e+00 
3.0750000e+01 3.3714386e+01 0.0000000e+00 
3.0000000e+01 3.4389046e+01 0.0000000e+00 
2.1000000e+01 4.0516758e+01 0.0000000e+00 
2.7750000e+01 3.6246197e+01 0.0000000e+00 
2.4750000e+01 3.8395981e+01 0.0000000e+00 
2.4000000e+01 3.8875000e+01 0.0000000e+00 
1.8000000e+01 4.1992039e+01 0.0000000e+00 
3.1500000e+01 3.3094925e+01 0.0000000e+00 
2.9250000e+01 3.5113007e+01 0.0000000e+00 
2.5500000e+01 3.7937500e+01 0.0000000e+00 
4.5000000e+00 4.5500000e+01 0.0000000e+00 
2.3250000e+01 3.9374882e+01 0.0000000e+00 
6.0000000e+00 4.5332962e+01 0.0000000e+00 
3.3000000e+01 3.1681219e+01 0.0000000e+00 
9.7500000e+00 4.4717503e+01 0.0000000e+00 
2.6250000e+01 3.7499641e+01 0.0000000e+00 
3.3750000e+01 3.0937500e+01 0.0000000e+00 
1.4250000e+01 4.3525200e+01 0.0000000e+00 
2.2500000e+01 3.9896339e+01 0.0000000e+00 
7.5000000e+00 4.5189690e+01 0.0000000e+00 
3.2250000e+01 3.2536873e+01 0.0000000e+00 
1.5000000e+01 4.3287724e+01 0.0000000e+00 
1.3500000e+01 4.3781239e+01 0.0000000e+00 
2.0250000e+01 4.1103851e+01 0.0000000e+00 
2.8500000e+01 3.5880894e+01 0.0000000e+00 
1.8750000e+01 4.1847691e+01 0.0000000e+00 
1.5750000e+01 4.3068401e+01 0.0000000e+00 
1.2750000e+01 4.4056133e+01 0.0000000e+00 
2.7000000e+01 3.7082878e+01 0.0000000e+00 
2.1750000e+01 4.0440472e+01 0.0000000e+00 
1.6500000e+01 4.2866745e+01 0.0000000e+00 
3.0750000e+01 3.4123066e+01 0.0000000e+00 
1.2000000e+01 4.4350044e+01 0.0000000e+00 
3.0000000e+01 3.4808029e+01 0.0000000e+00 
9.0000000e+00 4.5075649e+01 0.0000000e+00 
3.1500000e+01 3.3491745e+01 0.0000000e+00 
3.3000000e+01 3.2046509e+01 0.0000000e+00 
2.7750000e+01 3.6688068e+01 0.0000000e+00 
3.3750000e+01 3.1282003e+01 0.0000000e+00 
2.9250000e+01 3.5540878e+01 0.0000000e+00 
1.7250000e+01 4.2682201e+01 0.0000000e+00 
5.2500000e+00 4.5750000e+01 0.0000000e+00 
1.9500000e+01 4.1718189e+01 0.0000000e+00 
1.1250000e+01 4.4662991e+01 0.0000000e+00 
2.4750000e+01 3.8859570e+01 0.0000000e+00 
2.1000000e+01 4.1008732e+01 0.0000000e+00 
3.2250000e+01 3.2920181e+01 0.0000000e+00 
6.7500000e+00 4.5587784e+01 0.0000000e+00 
2.4000000e+01 3.9343750e+01 0.0000000e+00 
2.5500000e+01 3.8395981e+01 0.0000000e+00 
2.3250000e+01 3.9848972e+01 0.0000000e+00 
2.6250000e+01 3.7952930e+01 0.0000000e+00 
2.8500000e+01 3.6316425e+01 0.0000000e+00 
1.8000000e+01 4.2514160e+01 0.0000000e+00 
8.2500000e+00 4.5451164e+01 0.0000000e+00 
1.0500000e+01 4.4994812e+01 0.0000000e+00 
2.2500000e+01 4.0376080e+01 0.0000000e+00 
2.7000000e+01 3.7530773e+01 0.0000000e+00 
3.0750000e+01 3.4533154e+01 0.0000000e+00 
3.3750000e+01 3.1629877e+01 0.0000000e+00 
3.3000000e+01 3.2414589e+01 0.0000000e+00 
3.1500000e+01 3.3890373e+01 0.0000000e+00 
2.0250000e+01 4.1602898e+01 0.0000000e+00 
3.0000000e+01 3.5228062e+01 0.0000000e+00 
1.8750000e+01 4.2361988e+01 0.0000000e+00 
1.4250000e+01 4.4094284e+01 0.0000000e+00 
1.5000000e+01 4.3847023e+01 0.0000000e+00 
2.1750000e+01 4.0926292e+01 0.0000000e+00 
2.7750000e+01 3.7130234e+01 0.0000000e+00 
3.2250000e+01 3.3305721e+01 0.0000000e+00 
2.9250000e+01 3.5969486e+01 0.0000000e+00 
1.3500000e+01 4.4360371e+01 0.0000000e+00 
1.5750000e+01 4.3618221e+01 0.0000000e+00 
9.7500000e+00 4.5345146e+01 0.0000000e+00 
6.0000000e+00 4.6000000e+01 0.0000000e+00 
1.2750000e+01 4.4645527e+01 0.0000000e+00 
1.6500000e+01 4.3407425e+01 0.0000000e+00 
7.5000000e+00 4.5843044e+01 0.0000000e+00 
2.4750000e+01 3.9323128e+01 0.0000000e+00 
2.5500000e+01 3.8854439e+01 0.0000000e+00 
2.4000000e+01 3.9812500e+01 0.0000000e+00 
3.3750000e+01 3.1981010e+01 0.0000000e+00 
2.8500000e+01 3.6752419e+01 0.0000000e+00 
1.9500000e+01 4.2225029e+01 0.0000000e+00 
2.1000000e+01 4.1501179e+01 0.0000000e+00 
3.3000000e+01 3.2785355e+01 0.0000000e+00 
2.6250000e+01 3.8406250e+01 0.0000000e+00 
1.2000000e+01 4.4949860e+01 0.0000000e+00 
1.7250000e+01 4.3214092e+01 0.0000000e+00 
2.3250000e+01 4.0323132e+01 0.0000000e+00 
3.0750000e+01 3.4944572e+01 0.0000000e+00 
3.1500000e+01 3.4290718e+01 0.0000000e+00 
9.0000000e+00 4.5713398e+01 0.0000000e+00 
3.0000000e+01 3.5649071e+01 0.0000000e+00 
2.7000000e+01 3.7978783e+01 0.0000000e+00 
3.2250000e+01 3.3693401e+01 0.0000000e+00 
2.2500000e+01 4.0855999e+01 0.0000000e+00 
1.1250000e+01 4.5273308e+01 0.0000000e+00 
1.8000000e+01 4.3037636e+01 0.0000000e+00 
2.9250000e+01 3.6398758e+01 0.0000000e+00 
2.7750000e+01 3.7572643e+01 0.0000000e+00 
2.0250000e+01 4.2102627e+01 0.0000000e+00 
6.7500000e+00 4.6250000e+01 0.0000000e+00 
3.3750000e+01 3.2335297e+01 0.0000000e+00 
2.1750000e+01 4.1412437e+01 0.0000000e+00 
3.3000000e+01 3.3158699e+01 0.0000000e+00 
1.8750000e+01 4.2877422e+01 0.0000000e+00 
3.4500000e+01 3.1625000e+01 0.0000000e+00 
1.0500000e+01 4.5615627e+01 0.0000000e+00 
8.2500000e+00 4.6098724e+01 0.0000000e+00 
2.8500000e+01 3.7188820e+01 0.0000000e+00 
2.4750000e+01 3.9786648e+01 0.0000000e+00 
3.0750000e+01 3.5357235e+01 0.0000000e+00 
2.5500000e+01 3.9312859e+01 0.0000000e+00 
3.1500000e+01 3.4692692e+01 0.0000000e+00 
1.5000000e+01 4.4408699e+01 0.0000000e+00 
1.4250000e+01 4.4665977e+01 0.0000000e+00 
2.4000000e+01 4.0281250e+01 0.0000000e+00 
1.5750000e+01 4.4170181e+01 0.0000000e+00 
2.6250000e+01 3.8859570e+01 0.0000000e+00 
3.0000000e+01 3.6070980e+01 0.0000000e+00 
3.2250000e+01 3.4083118e+01 0.0000000e+00 
1.3500000e+01 4.4942341e+01 0.0000000e+00 
1.6500000e+01 4.3950001e+01 0.0000000e+00 
2.1000000e+01 4.1994137e+01 0.0000000e+00 
2.3250000e+01 4.0797375e+01 0.0000000e+00 
2.7000000e+01 3.8426872e+01 0.0000000e+00 
1.9500000e+01 4.2732796e+01 0.0000000e+00 
3.3750000e+01 3.2692623e+01 0.0000000e+00 
9.7500000e+00 4.5976360e+01 0.0000000e+00 
1.2750000e+01 4.5237972e+01 0.0000000e+00 
1.7250000e+01 4.3747643e+01 0.0000000e+00 
3.4500000e+01 3.1961149e+01 0.0000000e+00 
2.9250000e+01 3.6828632e+01 0.0000000e+00 
3.3000000e+01 3.3534523e+01 0.0000000e+00 
2.2500000e+01 4.1336117e+01 0.0000000e+00 
2.7750000e+01 3.8015251e+01 0.0000000e+00 
7.5000000e+00 4.6500000e+01 0.0000000e+00 
1.2000000e+01 4.5552917e+01 0.0000000e+00 
1.8000000e+01 4.3562538e+01 0.0000000e+00 
3.1500000e+01 3.5096199e+01 0.0000000e+00 
2.0250000e+01 4.2603088e+01 0.0000000e+00 
3.0750000e+01 3.5771061e+01 0.0000000e+00 
2.8500000e+01 3.7625568e+01 0.0000000e+00 
3.2250000e+01 3.4474777e+01 0.0000000e+00 
2.1750000e+01 4.1898941e+01 0.0000000e+00 
9.0000000e+00 4.6354809e+01 0.0000000e+00 
3.3750000e+01 3.3052887e+01 0.0000000e+00 
3.0000000e+01 3.6493717e+01 0.0000000e+00 
2.5500000e+01 3.9771217e+01 0.0000000e+00 
1.1250000e+01 4.5887043e+01 0.0000000e+00 
2.4750000e+01 4.0250118e+01 0.0000000e+00 
3.4500000e+01 3.2300812e+01 0.0000000e+00 
2.6250000e+01 3.9312859e+01 0.0000000e+00 
1.8750000e+01 4.3394058e+01 0.0000000e+00 
2.4000000e+01 4.0750000e+01 0.0000000e+00 
3.3000000e+01 3.3912724e+01 0.0000000e+00 
2.7000000e+01 3.8875000e+01 0.0000000e+00 
2.9250000e+01 3.7259045e+01 0.0000000e+00 
2.3250000e+01 4.1271702e+01 0.0000000e+00 
2.1000000e+01 4.2487648e+01 0.0000000e+00 
1.5000000e+01 4.4972855e+01 0.0000000e+00 
1.5750000e+01 4.4724373e+01 0.0000000e+00 
1.0500000e+01 4.6240013e+01 0.0000000e+00 
2.7750000e+01 3.8458000e+01 0.0000000e+00 
1.4250000e+01 4.5240387e+01 0.0000000e+00 
1.9500000e+01 4.3241547e+01 0.0000000e+00 
1.6500000e+01 4.4494564e+01 0.0000000e+00 
3.1500000e+01 3.5501152e+01 0.0000000e+00 
8.2500000e+00 4.6750000e+01 0.0000000e+00 
2.2500000e+01 4.1816452e+01 0.0000000e+00 
1.3500000e+01 4.5527252e+01 0.0000000e+00 
3.0750000e+01 3.6185963e+01 0.0000000e+00 
3.3750000e+01 3.3415977e+01 0.0000000e+00 
3.2250000e+01 3.4868286e+01 0.0000000e+00 
3.4500000e+01 3.2643875e+01 0.0000000e+00 
1.7250000e+01 4.4282940e+01 0.0000000e+00 
2.8500000e+01 3.8062607e+01 0.0000000e+00 
3.0000000e+01 3.6917206e+01 0.0000000e+00 
1.2750000e+01 4.5833580e+01 0.0000000e+00 
3.3000000e+01 3.4293194e+01 0.0000000e+00 
9.7500000e+00 4.6611271e+01 0.0000000e+00 
1.8000000e+01 4.4088943e+01 0.0000000e+00 
2.0250000e+01 4.3104332e+01 0.0000000e+00 
2.5500000e+01 4.0229500e+01 0.0000000e+00 
2.1750000e+01 4.2385830e+01 0.0000000e+00 
2.4750000e+01 4.0713528e+01 0.0000000e+00 
2.6250000e+01 3.9766087e+01 0.0000000e+00 
1.2000000e+01 4.6159340e+01 0.0000000e+00 
2.4000000e+01 4.1218750e+01 0.0000000e+00 
2.7000000e+01 3.9323128e+01 0.0000000e+00 
2.9250000e+01 3.7689919e+01 0.0000000e+00 
3.4500000e+01 3.2990227e+01 0.0000000e+00 
1.8750000e+01 4.3911961e+01 0.0000000e+00 
3.3750000e+01 3.3781784e+01 0.0000000e+00 
3.1500000e+01 3.5907463e+01 0.0000000e+00 
2.3250000e+01 4.1746136e+01 0.0000000e+00 
2.7750000e+01 3.8900852e+01 0.0000000e+00 
3.2250000e+01 3.5263538e+01 0.0000000e+00 
3.0750000e+01 3.6601864e+01 0.0000000e+00 
3.5250000e+01 3.2312500e+01 0.0000000e+00 
2.1000000e+01 4.2981750e+01 0.0000000e+00 
1.1250000e+01 4.6504322e+01 0.0000000e+00 
9.0000000e+00 4.7000000e+01 0.0000000e+00 
3.3000000e+01 3.4675835e+01 0.0000000e+00 
3.0000000e+01 3.7341370e+01 0.0000000e+00 
1.9500000e+01 4.3751339e+01 0.0000000e+00 
2.8500000e+01 3.8499878e+01 0.0000000e+00 
2.2500000e+01 4.2297028e+01 0.0000000e+00 
1.5750000e+01 4.5280899e+01 0.0000000e+00 
1.5000000e+01 4.5539589e+01 0.0000000e+00 
1.6500000e+01 4.5041206e+01 0.0000000e+00 
3.4500000e+01 3.3339752e+01 0.0000000e+00 
1.4250000e+01 4.5817623e+01 0.0000000e+00 
3.3750000e+01 3.4150200e+01 0.0000000e+00 
2.5500000e+01 4.0687679e+01 0.0000000e+00 
1.7250000e+01 4.4820061e+01 0.0000000e+00 
2.6250000e+01 4.0219227e+01 0.0000000e+00 
1.0500000e+01 4.6868095e+01 0.0000000e+00 
3.5250000e+01 3.2640564e+01 0.0000000e+00 
2.4750000e+01 4.1176868e+01 0.0000000e+00 
2.9250000e+01 3.8121197e+01 0.0000000e+00 
1.3500000e+01 4.6115227e+01 0.0000000e+00 
2.7000000e+01 3.9771217e+01 0.0000000e+00 
3.1500000e+01 3.6315037e+01 0.0000000e+00 
2.1750000e+01 4.2873138e+01 0.0000000e+00 
2.0250000e+01 4.3606407e+01 0.0000000e+00 
3.2250000e+01 3.5660446e+01 0.0000000e+00 
2.4000000e+01 4.1687500e+01 0.0000000e+00 
1.8000000e+01 4.4616924e+01 0.0000000e+00 
3.0750000e+01 3.7018673e+01 0.0000000e+00 
2.7750000e+01 3.9343750e+01 0.0000000e+00 
3.3000000e+01 3.5060539e+01 0.0000000e+00 
1.2750000e+01 4.6432468e+01 0.0000000e+00 
2.3250000e+01 4.2220676e+01 0.0000000e+00 
3.4500000e+01 3.3692341e+01 0.0000000e+00 
1.8750000e+01 4.4431198e+01 0.0000000e+00 
3.0000000e+01 3.7766132e+01 0.0000000e+00 
9.7500000e+00 4.7250000e+01 0.0000000e+00 
2.8500000e+01 3.8937321e+01 0.0000000e+00 
3.5250000e+01 3.2972260e+01 0.0000000e+00 
3.3750000e+01 3.4521118e+01 0.0000000e+00 
2.1000000e+01 4.3476482e+01 0.0000000e+00 
1.2000000e+01 4.6769249e+01 0.0000000e+00 
2.2500000e+01 4.2777866e+01 0.0000000e+00 
1.9500000e+01 4.4262238e+01 0.0000000e+00 
3.2250000e+01 3.6058907e+01 0.0000000e+00 
3.1500000e+01 3.6723785e+01 0.0000000e+00 
2.9250000e+01 3.8552807e+01 0.0000000e+00 
2.5500000e+01 4.1145741e+01 0.0000000e+00 
2.6250000e+01 4.0672249e+01 0.0000000e+00 
3.3000000e+01 3.5447205e+01 0.0000000e+00 
2.4750000e+01 4.1640125e+01 0.0000000e+00 
2.7000000e+01 4.0219227e+01 0.0000000e+00 
3.0750000e+01 3.7436317e+01 0.0000000e+00 
1.1250000e+01 4.7125267e+01 0.0000000e+00 
1.5750000e+01 4.5839851e+01 0.0000000e+00 
3.4500000e+01 3.4047871e+01 0.0000000e+00 
1.6500000e+01 4.5590015e+01 0.0000000e+00 
1.5000000e+01 4.6109009e+01 0.0000000e+00 
3.5250000e+01 3.3307468e+01 0.0000000e+00 
2.7750000e+01 3.9786648e+01 0.0000000e+00 
2.4000000e+01 4.2156250e+01 0.0000000e+00 
2.1750000e+01 4.3360893e+01 0.0000000e+00 
1.7250000e+01 4.5359089e+01 0.0000000e+00 
2.0250000e+01 4.4109364e+01 0.0000000e+00 
1.4250000e+01 4.6397797e+01 0.0000000e+00 
3.3750000e+01 3.4894424e+01 0.0000000e+00 
3.0000000e+01 3.8191425e+01 0.0000000e+00 
1.8000000e+01 4.5146557e+01 0.0000000e+00 
2.8500000e+01 3.9374882e+01 0.0000000e+00 
2.3250000e+01 4.2695335e+01 0.0000000e+00 
1.3500000e+01 4.6706375e+01 0.0000000e+00 
1.0500000e+01 4.7500000e+01 0.0000000e+00 
3.2250000e+01 3.6458820e+01 0.0000000e+00 
3.1500000e+01 3.7133617e+01 0.0000000e+00 
1.8750000e+01 4.4951836e+01 0.0000000e+00 
3.3000000e+01 3.5835732e+01 0.0000000e+00 
3.4500000e+01 3.4406239e+01 0.0000000e+00 
2.1000000e+01 4.3971889e+01 0.0000000e+00 
3.5250000e+01 3.3646080e+01 0.0000000e+00 
1.2750000e+01 4.7034760e+01 0.0000000e+00 
2.9250000e+01 3.8984684e+01 0.0000000e+00 
2.2500000e+01 4.3258980e+01 0.0000000e+00 
3.0750000e+01 3.7854706e+01 0.0000000e+00 
2.6250000e+01 4.1125122e+01 0.0000000e+00 
2.5500000e+01 4.1603661e+01 0.0000000e+00 
2.7000000e+01 4.0667122e+01 0.0000000e+00 
3.3750000e+01 3.5270012e+01 0.0000000e+00 
1.9500000e+01 4.4774292e+01 0.0000000e+00 
3.6000000e+01 3.3000000e+01 0.0000000e+00 
2.4750000e+01 4.2103298e+01 0.0000000e+00 
2.7750000e+01 4.0229500e+01 0.0000000e+00 
1.2000000e+01 4.7382763e+01 0.0000000e+00 
3.0000000e+01 3.8617165e+01 0.0000000e+00 
2.4000000e+01 4.2625000e+01 0.0000000e+00 
2.1750000e+01 4.3849121e+01 0.0000000e+00 
2.8500000e+01 3.9812500e+01 0.0000000e+00 
3.5250000e+01 3.3987972e+01 0.0000000e+00 
3.2250000e+01 3.6860100e+01 0.0000000e+00 
3.4500000e+01 3.4767326e+01 0.0000000e+00 
2.0250000e+01 4.4613247e+01 0.0000000e+00 
1.5750000e+01 4.6401329e+01 0.0000000e+00 
1.6500000e+01 4.6141087e+01 0.0000000e+00 
3.3000000e+01 3.6226013e+01 0.0000000e+00 
3.1500000e+01 3.7544445e+01 0.0000000e+00 
1.5000000e+01 4.6681217e+01 0.0000000e+00 
2.3250000e+01 4.3170124e+01 0.0000000e+00 
1.7250000e+01 4.5900108e+01 0.0000000e+00 
3.6000000e+01 3.3320263e+01 0.0000000e+00 
1.1250000e+01 4.7750000e+01 0.0000000e+00 
2.9250000e+01 3.9416759e+01 0.0000000e+00 
3.3750000e+01 3.5647778e+01 0.0000000e+00 
1.4250000e+01 4.6981010e+01 0.0000000e+00 
3.0750000e+01 3.8273758e+01 0.0000000e+00 
1.8000000e+01 4.5677917e+01 0.0000000e+00 
2.6250000e+01 4.1577816e+01 0.0000000e+00 
2.1000000e+01 4.4468002e+01 0.0000000e+00 
2.5500000e+01 4.2061420e+01 0.0000000e+00 
2.7000000e+01 4.1114857e+01 0.0000000e+00 
1.8750000e+01 4.5473946e+01 0.0000000e+00 
2.2500000e+01 4.3740395e+01 0.0000000e+00 
1.3500000e+01 4.7300812e+01 0.0000000e+00 
3.5250000e+01 3.4333027e+01 0.0000000e+00 
2.7750000e+01 4.0672249e+01 0.0000000e+00 
3.0000000e+01 3.9043282e+01 0.0000000e+00 
3.4500000e+01 3.5131023e+01 0.0000000e+00 
2.4750000e+01 4.2566364e+01 0.0000000e+00 
3.6000000e+01 3.3644249e+01 0.0000000e+00 
3.2250000e+01 3.7262638e+01 0.0000000e+00 
3.3000000e+01 3.6617947e+01 0.0000000e+00 
1.9500000e+01 4.5287563e+01 0.0000000e+00 
1.2750000e+01 4.7640564e+01 0.0000000e+00 
2.8500000e+01 4.0250118e+01 0.0000000e+00 
3.1500000e+01 3.7956173e+01 0.0000000e+00 
2.4000000e+01 4.3093750e+01 0.0000000e+00 
3.3750000e+01 3.6027607e+01 0.0000000e+00 
2.1750000e+01 4.4337860e+01 0.0000000e+00 
3.0750000e+01 3.8693394e+01 0.0000000e+00 
2.9250000e+01 3.9848972e+01 0.0000000e+00 
3.5250000e+01 3.4681133e+01 0.0000000e+00 
2.3250000e+01 4.3645058e+01 0.0000000e+00 
2.0250000e+01 4.5118103e+01 0.0000000e+00 
1.2000000e+01 4.8000000e+01 0.0000000e+00 
3.6000000e+01 3.3971840e+01 0.0000000e+00 
3.4500000e+01 3.5497211e+01 0.0000000e+00 
1.6500000e+01 4.6694504e+01 0.0000000e+00 
1.5750000e+01 4.6965427e+01 0.0000000e+00 
1.7250000e+01 4.6443207e+01 0.0000000e+00 
2.6250000e+01 4.2030300e+01 0.0000000e+00 
2.7000000e+01 4.1562393e+01 0.0000000e+00 
3.0000000e+01 3.9469700e+01 0.0000000e+00 
2.5500000e+01 4.2519001e+01 0.0000000e+00 
1.5000000e+01 4.7256317e+01 0.0000000e+00 
3.2250000e+01 3.7666344e+01 0.0000000e+00 
3.3000000e+01 3.7011429e+01 0.0000000e+00 
1.8000000e+01 4.6211082e+01 0.0000000e+00 
2.7750000e+01 4.1114857e+01 0.0000000e+00 
2.2500000e+01 4.4222130e+01 0.0000000e+00 
2.1000000e+01 4.4964863e+01 0.0000000e+00 
2.4750000e+01 4.3029324e+01 0.0000000e+00 
3.1500000e+01 3.8368717e+01 0.0000000e+00 
3.3750000e+01 3.6409389e+01 0.0000000e+00 
1.4250000e+01 4.7567375e+01 0.0000000e+00 
1.8750000e+01 4.5997589e+01 0.0000000e+00 
2.8500000e+01 4.0687679e+01 0.0000000e+00 
3.5250000e+01 3.5032166e+01 0.0000000e+00 
3.6000000e+01 3.4302917e+01 0.0000000e+00 
2.4000000e+01 4.3562500e+01 0.0000000e+00 
3.0750000e+01 3.9113525e+01 0.0000000e+00 
1.3500000e+01 4.7898651e+01 0.0000000e+00 
3.4500000e+01 3.5865780e+01 0.0000000e+00 
1.9500000e+01 4.5802113e+01 0.0000000e+00 
2.9250000e+01 4.0281250e+01 0.0000000e+00 
2.1750000e+01 4.4827133e+01 0.0000000e+00 
3.6750000e+01 3.3687500e+01 0.0000000e+00 
2.3250000e+01 4.4120136e+01 0.0000000e+00 
3.3000000e+01 3.7406357e+01 0.0000000e+00 
3.2250000e+01 3.8071117e+01 0.0000000e+00 
1.2750000e+01 4.8250000e+01 0.0000000e+00 
2.0250000e+01 4.5623989e+01 0.0000000e+00 
3.0000000e+01 3.9896339e+01 0.0000000e+00 
3.3750000e+01 3.6793022e+01 0.0000000e+00 
2.7000000e+01 4.2009693e+01 0.0000000e+00 
2.6250000e+01 4.2482548e+01 0.0000000e+00 
3.5250000e+01 3.5386013e+01 0.0000000e+00 
3.6000000e+01 3.4637360e+01 0.0000000e+00 
3.1500000e+01 3.8781986e+01 0.0000000e+00 
2.7750000e+01 4.1557266e+01 0.0000000e+00 
2.5500000e+01 4.2976383e+01 0.0000000e+00 
3.4500000e+01 3.6236618e+01 0.0000000e+00 
2.8500000e+01 4.1125122e+01 0.0000000e+00 
2.4750000e+01 4.3492165e+01 0.0000000e+00 
2.2500000e+01 4.4704201e+01 0.0000000e+00 
1.6500000e+01 4.7250362e+01 0.0000000e+00 
1.7250000e+01 4.6988461e+01 0.0000000e+00 
3.6750000e+01 3.4000267e+01 0.0000000e+00 
1.5750000e+01 4.7532249e+01 0.0000000e+00 
2.1000000e+01 4.5462517e+01 0.0000000e+00 
3.0750000e+01 3.9534073e+01 0.0000000e+00 
1.8000000e+01 4.6746120e+01 0.0000000e+00 
1.5000000e+01 4.7834412e+01 0.0000000e+00 
2.9250000e+01 4.0713528e+01 0.0000000e+00 
2.4000000e+01 4.4031250e+01 0.0000000e+00 
1.8750000e+01 4.6522831e+01 0.0000000e+00 
3.3000000e+01 3.7802628e+01 0.0000000e+00 
3.6000000e+01 3.4975044e+01 0.0000000e+00 
3.5250000e+01 3.5742554e+01 0.0000000e+00 
3.2250000e+01 3.8476864e+01 0.0000000e+00 
3.3750000e+01 3.7178394e+01 0.0000000e+00 
1.4250000e+01 4.8157005e+01 0.0000000e+00 
1.9500000e+01 4.6317993e+01 0.0000000e+00 
3.0000000e+01 4.0323132e+01 0.0000000e+00 
2.1750000e+01 4.5316971e+01 0.0000000e+00 
3.6750000e+01 3.4316822e+01 0.0000000e+00 
3.1500000e+01 3.9195885e+01 0.0000000e+00 
2.3250000e+01 4.4595379e+01 0.0000000e+00 
3.4500000e+01 3.6609608e+01 0.0000000e+00 
2.7000000e+01 4.2456718e+01 0.0000000e+00 
2.6250000e+01 4.2934528e+01 0.0000000e+00 
2.7750000e+01 4.1999432e+01 0.0000000e+00 
1.3500000e+01 4.8500000e+01 0.0000000e+00 
2.5500000e+01 4.3433548e+01 0.0000000e+00 
2.0250000e+01 4.6130947e+01 0.0000000e+00 
2.8500000e+01 4.1562393e+01 0.0000000e+00 
3.0750000e+01 3.9954952e+01 0.0000000e+00 
3.6000000e+01 3.5315853e+01 0.0000000e+00 
2.4750000e+01 4.3954876e+01 0.0000000e+00 
3.5250000e+01 3.6101673e+01 0.0000000e+00 
2.2500000e+01 4.5186634e+01 0.0000000e+00 
3.3000000e+01 3.8200138e+01 0.0000000e+00 
2.9250000e+01 4.1145741e+01 0.0000000e+00 
3.3750000e+01 3.7565395e+01 0.0000000e+00 
3.6750000e+01 3.4637043e+01 0.0000000e+00 
3.2250000e+01 3.8883480e+01 0.0000000e+00 
2.1000000e+01 4.5960995e+01 0.0000000e+00 
2.4000000e+01 4.4500000e+01 0.0000000e+00 
1.7250000e+01 4.7535954e+01 0.0000000e+00 
1.6500000e+01 4.7808750e+01 0.0000000e+00 
3.4500000e+01 3.6984638e+01 0.0000000e+00 
1.8000000e+01 4.7283115e+01 0.0000000e+00 
3.0000000e+01 4.0750000e+01 0.0000000e+00 
3.1500000e+01 3.9610325e+01 0.0000000e+00 
1.5750000e+01 4.8101887e+01 0.0000000e+00 
1.8750000e+01 4.7049744e+01 0.0000000e+00 
3.6000000e+01 3.5659668e+01 0.0000000e+00 
1.5000000e+01 4.8415607e+01 0.0000000e+00 
2.7000000e+01 4.2903427e+01 0.0000000e+00 
2.7750000e+01 4.2441303e+01 0.0000000e+00 
2.1750000e+01 4.5807404e+01 0.0000000e+00 
2.6250000e+01 4.3386208e+01 0.0000000e+00 
2.3250000e+01 4.5070789e+01 0.0000000e+00 
3.5250000e+01 3.6463257e+01 0.0000000e+00 
3.6750000e+01 3.4960808e+01 0.0000000e+00 
1.9500000e+01 4.6835266e+01 0.0000000e+00 
3.0750000e+01 4.0376080e+01 0.0000000e+00 
2.8500000e+01 4.1999432e+01 0.0000000e+00 
2.5500000e+01 4.3890472e+01 0.0000000e+00 
3.3000000e+01 3.8598785e+01 0.0000000e+00 
3.3750000e+01 3.7953922e+01 0.0000000e+00 
1.4250000e+01 4.8750000e+01 0.0000000e+00 
3.2250000e+01 3.9290878e+01 0.0000000e+00 
2.9250000e+01 4.1577816e+01 0.0000000e+00 
2.0250000e+01 4.6639030e+01 0.0000000e+00 
2.4750000e+01 4.4417442e+01 0.0000000e+00 
3.4500000e+01 3.7361595e+01 0.0000000e+00 
3.7500000e+01 3.4375000e+01 0.0000000e+00 
2.2500000e+01 4.5669445e+01 0.0000000e+00 
3.6000000e+01 3.6006367e+01 0.0000000e+00 
3.1500000e+01 4.0025219e+01 0.0000000e+00 
3.0000000e+01 4.1176868e+01 0.0000000e+00 
3.6750000e+01 3.5287991e+01 0.0000000e+00 
2.4000000e+01 4.4968750e+01 0.0000000e+00 
3.5250000e+01 3.6827183e+01 0.0000000e+00 
2.1000000e+01 4.6460342e+01 0.0000000e+00 
2.7000000e+01 4.3349781e+01 0.0000000e+00 
3.7500000e+01 3.4680595e+01 0.0000000e+00 
2.7750000e+01 4.2882835e+01 0.0000000e+00 
3.3750000e+01 3.8343857e+01 0.0000000e+00 
1.7250000e+01 4.8085773e+01 0.0000000e+00 
3.3000000e+01 3.8998463e+01 0.0000000e+00 
3.0750000e+01 4.0797375e+01 0.0000000e+00 
2.6250000e+01 4.3837563e+01 0.0000000e+00 
1.8000000e+01 4.7822136e+01 0.0000000e+00 
1.6500000e+01 4.8369759e+01 0.0000000e+00 
2.8500000e+01 4.2436180e+01 0.0000000e+00 
3.4500000e+01 3.7740368e+01 0.0000000e+00 
2.3250000e+01 4.5546379e+01 0.0000000e+00 
1.8750000e+01 4.7578392e+01 0.0000000e+00 
3.2250000e+01 3.9698956e+01 0.0000000e+00 
2.1750000e+01 4.6298466e+01 0.0000000e+00 
2.5500000e+01 4.4347134e+01 0.0000000e+00 
1.5750000e+01 4.8674438e+01 0.0000000e+00 
3.6000000e+01 3.6355827e+01 0.0000000e+00 
3.6750000e+01 3.5618477e+01 0.0000000e+00 
2.9250000e+01 4.2009693e+01 0.0000000e+00 
1.9500000e+01 4.7353989e+01 0.0000000e+00 
3.5250000e+01 3.7193333e+01 0.0000000e+00 
1.5000000e+01 4.9000000e+01 0.0000000e+00 
2.4750000e+01 4.4879864e+01 0.0000000e+00 
3.1500000e+01 4.0440472e+01 0.0000000e+00 
3.7500000e+01 3.4990013e+01 0.0000000e+00 
3.0000000e+01 4.1603661e+01 0.0000000e+00 
2.0250000e+01 4.7148285e+01 0.0000000e+00 
2.2500000e+01 4.6152653e+01 0.0000000e+00 
3.3750000e+01 3.8735100e+01 0.0000000e+00 
2.4000000e+01 4.5437500e+01 0.0000000e+00 
3.3000000e+01 3.9399071e+01 0.0000000e+00 
3.6750000e+01 3.5952137e+01 0.0000000e+00 
3.4500000e+01 3.8120838e+01 0.0000000e+00 
3.6000000e+01 3.6707932e+01 0.0000000e+00 
3.0750000e+01 4.1218750e+01 0.0000000e+00 
2.1000000e+01 4.6960594e+01 0.0000000e+00 
2.7750000e+01 4.3323975e+01 0.0000000e+00 
2.7000000e+01 4.3795742e+01 0.0000000e+00 
3.2250000e+01 4.0107613e+01 0.0000000e+00 
2.8500000e+01 4.2872581e+01 0.0000000e+00 
2.6250000e+01 4.4288559e+01 0.0000000e+00 
3.7500000e+01 3.5303127e+01 0.0000000e+00 
3.5250000e+01 3.7561596e+01 0.0000000e+00 
2.9250000e+01 4.2441303e+01 0.0000000e+00 
2.5500000e+01 4.4803520e+01 0.0000000e+00 
2.3250000e+01 4.6022160e+01 0.0000000e+00 
3.1500000e+01 4.0855999e+01 0.0000000e+00 
2.1750000e+01 4.6790180e+01 0.0000000e+00 
1.8000000e+01 4.8363258e+01 0.0000000e+00 
1.7250000e+01 4.8637997e+01 0.0000000e+00 
1.8750000e+01 4.8108845e+01 0.0000000e+00 
3.0000000e+01 4.2030300e+01 0.0000000e+00 
1.6500000e+01 4.8933479e+01 0.0000000e+00 
3.6750000e+01 3.6288853e+01 0.0000000e+00 
2.4750000e+01 4.5342121e+01 0.0000000e+00 
3.6000000e+01 3.7062561e+01 0.0000000e+00 
3.3750000e+01 3.9127537e+01 0.0000000e+00 
1.9500000e+01 4.7874218e+01 0.0000000e+00 
3.4500000e+01 3.8502895e+01 0.0000000e+00 
3.3000000e+01 3.9800507e+01 0.0000000e+00 
1.5750000e+01 4.9250000e+01 0.0000000e+00 
3.7500000e+01 3.5619812e+01 0.0000000e+00 
3.0750000e+01 4.1640125e+01 0.0000000e+00 
2.2500000e+01 4.6636284e+01 0.0000000e+00 
3.5250000e+01 3.7931850e+01 0.0000000e+00 
2.0250000e+01 4.7658764e+01 0.0000000e+00 
3.2250000e+01 4.0516758e+01 0.0000000e+00 
2.4000000e+01 4.5906250e+01 0.0000000e+00 
2.7750000e+01 4.3764675e+01 0.0000000e+00 
2.7000000e+01 4.4241268e+01 0.0000000e+00 
2.8500000e+01 4.3308575e+01 0.0000000e+00 
2.6250000e+01 4.4739170e+01 0.0000000e+00 
3.6750000e+01 3.6628502e+01 0.0000000e+00 
3.8250000e+01 3.5062500e+01 0.0000000e+00 
2.9250000e+01 4.2872581e+01 0.0000000e+00 
2.1000000e+01 4.7461796e+01 0.0000000e+00 
3.1500000e+01 4.1271702e+01 0.0000000e+00 
3.6000000e+01 3.7419594e+01 0.0000000e+00 
3.7500000e+01 3.5939949e+01 0.0000000e+00 
2.5500000e+01 4.5259605e+01 0.0000000e+00 
3.3750000e+01 3.9521061e+01 0.0000000e+00 
3.4500000e+01 3.8886429e+01 0.0000000e+00 
3.0000000e+01 4.2456718e+01 0.0000000e+00 
2.3250000e+01 4.6498142e+01 0.0000000e+00 
3.3000000e+01 4.0202663e+01 0.0000000e+00 
2.1750000e+01 4.7282578e+01 0.0000000e+00 
3.5250000e+01 3.8303978e+01 0.0000000e+00 
2.4750000e+01 4.5804211e+01 0.0000000e+00 
3.8250000e+01 3.5361271e+01 0.0000000e+00 
3.0750000e+01 4.2061420e+01 0.0000000e+00 
3.2250000e+01 4.0926292e+01 0.0000000e+00 
1.8000000e+01 4.8906563e+01 0.0000000e+00 
3.6750000e+01 3.6970959e+01 0.0000000e+00 
1.7250000e+01 4.9192711e+01 0.0000000e+00 
1.8750000e+01 4.8641163e+01 0.0000000e+00 
3.7500000e+01 3.6263412e+01 0.0000000e+00 
1.9500000e+01 4.8396011e+01 0.0000000e+00 
1.6500000e+01 4.9500000e+01 0.0000000e+00 
3.6000000e+01 3.7778908e+01 0.0000000e+00 
2.7750000e+01 4.4204887e+01 0.0000000e+00 
2.8500000e+01 4.3744106e+01 0.0000000e+00 
2.7000000e+01 4.4686321e+01 0.0000000e+00 
2.2500000e+01 4.7120350e+01 0.0000000e+00 
2.4000000e+01 4.6375000e+01 0.0000000e+00 
3.1500000e+01 4.1687500e+01 0.0000000e+00 
2.0250000e+01 4.8170509e+01 0.0000000e+00 
2.9250000e+01 4.3303455e+01 0.0000000e+00 
2.6250000e+01 4.5189362e+01 0.0000000e+00 
3.3750000e+01 3.9915562e+01 0.0000000e+00 
3.4500000e+01 3.9271320e+01 0.0000000e+00 
3.8250000e+01 3.5663860e+01 0.0000000e+00 
3.3000000e+01 4.0605438e+01 0.0000000e+00 
3.5250000e+01 3.8677868e+01 0.0000000e+00 
3.0000000e+01 4.2882835e+01 0.0000000e+00 
2.5500000e+01 4.5715370e+01 0.0000000e+00 
2.1000000e+01 4.7963978e+01 0.0000000e+00 
3.6750000e+01 3.7316105e+01 0.0000000e+00 
3.7500000e+01 3.6590080e+01 0.0000000e+00 
2.3250000e+01 4.6974335e+01 0.0000000e+00 
3.2250000e+01 4.1336117e+01 0.0000000e+00 
3.0750000e+01 4.2482548e+01 0.0000000e+00 
3.6000000e+01 3.8140385e+01 0.0000000e+00 
2.4750000e+01 4.6266121e+01 0.0000000e+00 
2.1750000e+01 4.7775692e+01 0.0000000e+00 
3.8250000e+01 3.5970146e+01 0.0000000e+00 
3.4500000e+01 3.9657463e+01 0.0000000e+00 
2.7750000e+01 4.4644562e+01 0.0000000e+00 
3.3750000e+01 4.0310932e+01 0.0000000e+00 
2.8500000e+01 4.4179115e+01 0.0000000e+00 
3.1500000e+01 4.2103298e+01 0.0000000e+00 
2.7000000e+01 4.5130863e+01 0.0000000e+00 
3.5250000e+01 3.9053394e+01 0.0000000e+00 
2.9250000e+01 4.3733868e+01 0.0000000e+00 
3.6750000e+01 3.7663818e+01 0.0000000e+00 
3.7500000e+01 3.6919827e+01 0.0000000e+00 
1.8000000e+01 4.9452118e+01 0.0000000e+00 
1.8750000e+01 4.9175419e+01 0.0000000e+00 
2.4000000e+01 4.6843750e+01 0.0000000e+00 
3.3000000e+01 4.1008732e+01 0.0000000e+00 
2.6250000e+01 4.5639107e+01 0.0000000e+00 
2.2500000e+01 4.7604877e+01 0.0000000e+00 
1.7250000e+01 4.9750000e+01 0.0000000e+00 
1.9500000e+01 4.8919430e+01 0.0000000e+00 
3.0000000e+01 4.3308575e+01 0.0000000e+00 
3.6000000e+01 3.8503906e+01 0.0000000e+00 
3.8250000e+01 3.6280003e+01 0.0000000e+00 
2.0250000e+01 4.8683575e+01 0.0000000e+00 
2.5500000e+01 4.6170799e+01 0.0000000e+00 
3.2250000e+01 4.1746136e+01 0.0000000e+00 
3.0750000e+01 4.2903427e+01 0.0000000e+00 
2.1000000e+01 4.8467190e+01 0.0000000e+00 
2.3250000e+01 4.7450745e+01 0.0000000e+00 
3.4500000e+01 4.0044735e+01 0.0000000e+00 
3.7500000e+01 3.7252529e+01 0.0000000e+00 
3.6750000e+01 3.8013977e+01 0.0000000e+00 
2.4750000e+01 4.6727840e+01 0.0000000e+00 
3.3750000e+01 4.0707066e+01 0.0000000e+00 
3.5250000e+01 3.9430447e+01 0.0000000e+00 
3.9000000e+01 3.5750000e+01 0.0000000e+00 
3.1500000e+01 4.2519001e+01 0.0000000e+00 
3.8250000e+01 3.6593307e+01 0.0000000e+00 
2.7750000e+01 4.5083649e+01 0.0000000e+00 
2.8500000e+01 4.4613544e+01 0.0000000e+00 
2.1750000e+01 4.8269550e+01 0.0000000e+00 
3.3000000e+01 4.1412437e+01 0.0000000e+00 
2.9250000e+01 4.4163742e+01 0.0000000e+00 
2.7000000e+01 4.5574852e+01 0.0000000e+00 
3.6000000e+01 3.8869350e+01 0.0000000e+00 
3.0000000e+01 4.3733868e+01 0.0000000e+00 
2.6250000e+01 4.6088379e+01 0.0000000e+00 
2.4000000e+01 4.7312500e+01 0.0000000e+00 
3.2250000e+01 4.2156250e+01 0.0000000e+00 
2.2500000e+01 4.8089882e+01 0.0000000e+00 
3.7500000e+01 3.7588066e+01 0.0000000e+00 
3.9000000e+01 3.6042309e+01 0.0000000e+00 
3.0750000e+01 4.3323975e+01 0.0000000e+00 
3.6750000e+01 3.8366455e+01 0.0000000e+00 
1.8750000e+01 4.9711674e+01 0.0000000e+00 
1.8000000e+01 5.0000000e+01 0.0000000e+00 
2.5500000e+01 4.6625866e+01 0.0000000e+00 
1.9500000e+01 4.9444527e+01 0.0000000e+00 
3.4500000e+01 4.0433029e+01 0.0000000e+00 
3.8250000e+01 3.6909939e+01 0.0000000e+00 
3.5250000e+01 3.9808907e+01 0.0000000e+00 
3.3750000e+01 4.1103851e+01 0.0000000e+00 
2.0250000e+01 4.9198006e+01 0.0000000e+00 
3.6000000e+01 3.9236595e+01 0.0000000e+00 
3.1500000e+01 4.2934528e+01 0.0000000e+00 
2.3250000e+01 4.7927387e+01 0.0000000e+00 
3.3000000e+01 4.1816452e+01 0.0000000e+00 
2.1000000e+01 4.8971466e+01 0.0000000e+00 
2.4750000e+01 4.7189358e+01 0.0000000e+00 
3.9000000e+01 3.6338398e+01 0.0000000e+00 
2.8500000e+01 4.5047337e+01 0.0000000e+00 
2.7750000e+01 4.5522102e+01 0.0000000e+00 
2.9250000e+01 4.4593014e+01 0.0000000e+00 
3.7500000e+01 3.7926315e+01 0.0000000e+00 
2.7000000e+01 4.6018250e+01 0.0000000e+00 
3.8250000e+01 3.7229774e+01 0.0000000e+00 
3.6750000e+01 3.8721130e+01 0.0000000e+00 
3.0000000e+01 4.4158630e+01 0.0000000e+00 
2.1750000e+01 4.8764183e+01 0.0000000e+00 
3.2250000e+01 4.2566364e+01 0.0000000e+00 
2.6250000e+01 4.6537140e+01 0.0000000e+00 
3.4500000e+01 4.0822227e+01 0.0000000e+00 
3.5250000e+01 4.0188652e+01 0.0000000e+00 
2.4000000e+01 4.7781250e+01 0.0000000e+00 
3.0750000e+01 4.3744106e+01 0.0000000e+00 
3.3750000e+01 4.1501179e+01 0.0000000e+00 
3.9000000e+01 3.6638149e+01 0.0000000e+00 
3.6000000e+01 3.9605522e+01 0.0000000e+00 
2.2500000e+01 4.8575386e+01 0.0000000e+00 
2.5500000e+01 4.7080555e+01 0.0000000e+00 
3.7500000e+01 3.8267151e+01 0.0000000e+00 
3.1500000e+01 4.3349781e+01 0.0000000e+00 
3.3000000e+01 4.2220676e+01 0.0000000e+00 
3.8250000e+01 3.7552692e+01 0.0000000e+00 
1.8750000e+01 5.0250000e+01 0.0000000e+00 
1.9500000e+01 4.9971367e+01 0.0000000e+00 
3.6750000e+01 3.9077885e+01 0.0000000e+00 
2.8500000e+01 4.5480434e+01 0.0000000e+00 
2.0250000e+01 4.9713856e+01 0.0000000e+00 
2.7750000e+01 4.5959873e+01 0.0000000e+00 
2.9250000e+01 4.5021622e+01 0.0000000e+00 
2.4750000e+01 4.7650665e+01 0.0000000e+00 
2.3250000e+01 4.8404266e+01 0.0000000e+00 
3.9000000e+01 3.6941441e+01 0.0000000e+00 
3.2250000e+01 4.2976383e+01 0.0000000e+00 
3.0000000e+01 4.4582794e+01 0.0000000e+00 
2.7000000e+01 4.6461018e+01 0.0000000e+00 
3.5250000e+01 4.0569572e+01 0.0000000e+00 
3.4500000e+01 4.1212223e+01 0.0000000e+00 
2.1000000e+01 4.9476845e+01 0.0000000e+00 
3.6000000e+01 3.9976013e+01 0.0000000e+00 
3.3750000e+01 4.1898941e+01 0.0000000e+00 
3.0750000e+01 4.4163742e+01 0.0000000e+00 
2.6250000e+01 4.6985367e+01 0.0000000e+00 
3.7500000e+01 3.8610455e+01 0.0000000e+00 
3.8250000e+01 3.7878563e+01 0.0000000e+00 
2.1750000e+01 4.9259621e+01 0.0000000e+00 
2.4000000e+01 4.8250000e+01 0.0000000e+00 
3.6750000e+01 3.9436596e+01 0.0000000e+00 
3.3000000e+01 4.2625000e+01 0.0000000e+00 
3.1500000e+01 4.3764675e+01 0.0000000e+00 
3.9750000e+01 3.6437500e+01 0.0000000e+00 
3.9000000e+01 3.7248146e+01 0.0000000e+00 
2.5500000e+01 4.7534847e+01 0.0000000e+00 
2.2500000e+01 4.9061409e+01 0.0000000e+00 
3.5250000e+01 4.0951546e+01 0.0000000e+00 
2.8500000e+01 4.5912777e+01 0.0000000e+00 
3.4500000e+01 4.1602898e+01 0.0000000e+00 
2.9250000e+01 4.5449493e+01 0.0000000e+00 
3.2250000e+01 4.3386208e+01 0.0000000e+00 
2.7750000e+01 4.6396912e+01 0.0000000e+00 
3.8250000e+01 3.8207268e+01 0.0000000e+00 
3.7500000e+01 3.8956093e+01 0.0000000e+00 
3.6000000e+01 4.0347946e+01 0.0000000e+00 
3.0000000e+01 4.5006283e+01 0.0000000e+00 
2.4750000e+01 4.8111755e+01 0.0000000e+00 
3.3750000e+01 4.2297028e+01 0.0000000e+00 
3.9750000e+01 3.6723724e+01 0.0000000e+00 
2.7000000e+01 4.6903111e+01 0.0000000e+00 
2.3250000e+01 4.8881397e+01 0.0000000e+00 
1.9500000e+01 5.0500000e+01 0.0000000e+00 
3.9000000e+01 3.7558151e+01 0.0000000e+00 
3.0750000e+01 4.4582794e+01 0.0000000e+00 
2.0250000e+01 5.0231171e+01 0.0000000e+00 
3.6750000e+01 3.9797138e+01 0.0000000e+00 
2.6250000e+01 4.7433029e+01 0.0000000e+00 
2.1000000e+01 4.9983368e+01 0.0000000e+00 
3.3000000e+01 4.3029324e+01 0.0000000e+00 
3.1500000e+01 4.4179115e+01 0.0000000e+00 
3.8250000e+01 3.8538681e+01 0.0000000e+00 
2.1750000e+01 4.9755890e+01 0.0000000e+00 
2.4000000e+01 4.8718750e+01 0.0000000e+00 
3.9750000e+01 3.7013664e+01 0.0000000e+00 
3.7500000e+01 3.9303955e+01 0.0000000e+00 
3.5250000e+01 4.1334457e+01 0.0000000e+00 
2.5500000e+01 4.7988716e+01 0.0000000e+00 
3.4500000e+01 4.1994137e+01 0.0000000e+00 
3.6000000e+01 4.0721199e+01 0.0000000e+00 
3.9000000e+01 3.7871326e+01 0.0000000e+00 
3.2250000e+01 4.3795742e+01 0.0000000e+00 
2.8500000e+01 4.6344311e+01 0.0000000e+00 
2.9250000e+01 4.5876568e+01 0.0000000e+00 
2.2500000e+01 4.9547970e+01 0.0000000e+00 
3.3750000e+01 4.2695335e+01 0.0000000e+00 
3.6750000e+01 4.0159389e+01 0.0000000e+00 
2.7750000e+01 4.6833168e+01 0.0000000e+00 
3.0000000e+01 4.5429020e+01 0.0000000e+00 
2.7000000e+01 4.7344498e+01 0.0000000e+00 
3.0750000e+01 4.5001183e+01 0.0000000e+00 
2.4750000e+01 4.8572613e+01 0.0000000e+00 
3.9750000e+01 3.7307190e+01 0.0000000e+00 
3.8250000e+01 3.8872681e+01 0.0000000e+00 
3.3000000e+01 4.3433548e+01 0.0000000e+00 
2.3250000e+01 4.9358791e+01 0.0000000e+00 
3.7500000e+01 3.9653908e+01 0.0000000e+00 
3.9000000e+01 3.8187553e+01 0.0000000e+00 
3.1500000e+01 4.4593014e+01 0.0000000e+00 
2.6250000e+01 4.7880096e+01 0.0000000e+00 
3.5250000e+01 4.1718189e+01 0.0000000e+00 
3.6000000e+01 4.1095654e+01 0.0000000e+00 
2.0250000e+01 5.0750000e+01 0.0000000e+00 
3.4500000e+01 4.2385830e+01 0.0000000e+00 
2.1000000e+01 5.0491074e+01 0.0000000e+00 
3.6750000e+01 4.0523232e+01 0.0000000e+00 
3.2250000e+01 4.4204887e+01 0.0000000e+00 
3.9750000e+01 3.7604191e+01 0.0000000e+00 
2.4000000e+01 4.9187500e+01 0.0000000e+00 
3.3750000e+01 4.3093750e+01 0.0000000e+00 
2.5500000e+01 4.8442150e+01 0.0000000e+00 
2.1750000e+01 5.0253021e+01 0.0000000e+00 
2.9250000e+01 4.6302773e+01 0.0000000e+00 
2.8500000e+01 4.6774971e+01 0.0000000e+00 
3.8250000e+01 3.9209148e+01 0.0000000e+00 
3.0000000e+01 4.5850929e+01 0.0000000e+00 
3.9000000e+01 3.8506710e+01 0.0000000e+00 
2.7750000e+01 4.7268593e+01 0.0000000e+00 
3.7500000e+01 4.0005833e+01 0.0000000e+00 
3.0750000e+01 4.5418827e+01 0.0000000e+00 
2.2500000e+01 5.0035091e+01 0.0000000e+00 
3.3000000e+01 4.3837563e+01 0.0000000e+00 
2.7000000e+01 4.7785137e+01 0.0000000e+00 
3.5250000e+01 4.2102627e+01 0.0000000e+00 
3.6000000e+01 4.1471191e+01 0.0000000e+00 
3.9750000e+01 3.7904545e+01 0.0000000e+00 
2.4750000e+01 4.9033234e+01 0.0000000e+00 
3.1500000e+01 4.5006283e+01 0.0000000e+00 
4.0500000e+01 3.7125000e+01 0.0000000e+00 
3.4500000e+01 4.2777866e+01 0.0000000e+00 
3.6750000e+01 4.0888538e+01 0.0000000e+00 
2.3250000e+01 4.9836452e+01 0.0000000e+00 
2.6250000e+01 4.8326534e+01 0.0000000e+00 
3.8250000e+01 3.9547955e+01 0.0000000e+00 
3.9000000e+01 3.8828671e+01 0.0000000e+00 
3.2250000e+01 4.4613544e+01 0.0000000e+00 
3.3750000e+01 4.3492165e+01 0.0000000e+00 
3.7500000e+01 4.0359608e+01 0.0000000e+00 
2.9250000e+01 4.6728043e+01 0.0000000e+00 
4.0500000e+01 3.7405544e+01 0.0000000e+00 
3.9750000e+01 3.8208130e+01 0.0000000e+00 
2.8500000e+01 4.7204704e+01 0.0000000e+00 
2.5500000e+01 4.8895123e+01 0.0000000e+00 
3.0000000e+01 4.6271938e+01 0.0000000e+00 
2.4000000e+01 4.9656250e+01 0.0000000e+00 
2.1000000e+01 5.1000000e+01 0.0000000e+00 
2.7750000e+01 4.7703136e+01 0.0000000e+00 
3.3000000e+01 4.4241268e+01 0.0000000e+00 
3.0750000e+01 4.5835636e+01 0.0000000e+00 
3.6000000e+01 4.1847691e+01 0.0000000e+00 
3.5250000e+01 4.2487648e+01 0.0000000e+00 
2.1750000e+01 5.0751049e+01 0.0000000e+00 
3.6750000e+01 4.1255192e+01 0.0000000e+00 
3.4500000e+01 4.3170124e+01 0.0000000e+00 
3.9000000e+01 3.9153320e+01 0.0000000e+00 
3.8250000e+01 3.9888977e+01 0.0000000e+00 
2.7000000e+01 4.8224983e+01 0.0000000e+00 
3.1500000e+01 4.5418827e+01 0.0000000e+00 
2.2500000e+01 5.0522789e+01 0.0000000e+00 
4.0500000e+01 3.7689690e+01 0.0000000e+00 
2.4750000e+01 4.9493603e+01 0.0000000e+00 
3.9750000e+01 3.8514828e+01 0.0000000e+00 
3.7500000e+01 4.0715107e+01 0.0000000e+00 
3.3750000e+01 4.3890472e+01 0.0000000e+00 
3.2250000e+01 4.5021622e+01 0.0000000e+00 
2.6250000e+01 4.8772320e+01 0.0000000e+00 
2.3250000e+01 5.0314392e+01 0.0000000e+00 
2.9250000e+01 4.7152309e+01 0.0000000e+00 
3.6000000e+01 4.2225029e+01 0.0000000e+00 
3.9000000e+01 3.9480530e+01 0.0000000e+00 
3.0000000e+01 4.6691971e+01 0.0000000e+00 
3.5250000e+01 4.2873138e+01 0.0000000e+00 
2.8500000e+01 4.7633453e+01 0.0000000e+00 
3.8250000e+01 4.0232094e+01 0.0000000e+00 
3.3000000e+01 4.4644562e+01 0.0000000e+00 
4.0500000e+01 3.7977322e+01 0.0000000e+00 
3.6750000e+01 4.1623066e+01 0.0000000e+00 
3.0750000e+01 4.6251537e+01 0.0000000e+00 
2.5500000e+01 4.9347618e+01 0.0000000e+00 
2.7750000e+01 4.8136753e+01 0.0000000e+00 
3.9750000e+01 3.8824520e+01 0.0000000e+00 
3.4500000e+01 4.3562500e+01 0.0000000e+00 
2.4000000e+01 5.0125000e+01 0.0000000e+00 
3.1500000e+01 4.5830555e+01 0.0000000e+00 
3.7500000e+01 4.1072205e+01 0.0000000e+00 
2.7000000e+01 4.8664005e+01 0.0000000e+00 
2.1750000e+01 5.1250000e+01 0.0000000e+00 
3.3750000e+01 4.4288559e+01 0.0000000e+00 
3.2250000e+01 4.5429020e+01 0.0000000e+00 
4.0500000e+01 3.8268322e+01 0.0000000e+00 
3.9000000e+01 3.9810181e+01 0.0000000e+00 
2.4750000e+01 4.9953709e+01 0.0000000e+00 
2.2500000e+01 5.1011086e+01 0.0000000e+00 
3.8250000e+01 4.0577183e+01 0.0000000e+00 
3.6000000e+01 4.2603088e+01 0.0000000e+00 
2.6250000e+01 4.9217422e+01 0.0000000e+00 
3.9750000e+01 3.9137085e+01 0.0000000e+00 
3.6750000e+01 4.1992039e+01 0.0000000e+00 
3.5250000e+01 4.3258980e+01 0.0000000e+00 
3.3000000e+01 4.5047337e+01 0.0000000e+00 
2.9250000e+01 4.7575512e+01 0.0000000e+00 
3.0000000e+01 4.7110954e+01 0.0000000e+00 
2.3250000e+01 5.0792625e+01 0.0000000e+00 
2.8500000e+01 4.8061161e+01 0.0000000e+00 
3.4500000e+01 4.3954876e+01 0.0000000e+00 
3.7500000e+01 4.1430786e+01 0.0000000e+00 
3.0750000e+01 4.6666439e+01 0.0000000e+00 
4.0500000e+01 3.8562576e+01 0.0000000e+00 
2.7750000e+01 4.8569397e+01 0.0000000e+00 
2.5500000e+01 4.9799614e+01 0.0000000e+00 
3.1500000e+01 4.6241383e+01 0.0000000e+00 
4.1250000e+01 3.7812500e+01 0.0000000e+00 
3.9000000e+01 4.0142151e+01 0.0000000e+00 
2.4000000e+01 5.0593750e+01 0.0000000e+00 
3.3750000e+01 4.4686321e+01 0.0000000e+00 
3.9750000e+01 3.9452400e+01 0.0000000e+00 
3.8250000e+01 4.0924118e+01 0.0000000e+00 
2.7000000e+01 4.9102158e+01 0.0000000e+00 
3.2250000e+01 4.5835636e+01 0.0000000e+00 
3.6000000e+01 4.2981750e+01 0.0000000e+00 
3.6750000e+01 4.2361988e+01 0.0000000e+00 
3.5250000e+01 4.3645058e+01 0.0000000e+00 
4.0500000e+01 3.8859966e+01 0.0000000e+00 
4.1250000e+01 3.8087784e+01 0.0000000e+00 
3.7500000e+01 4.1790718e+01 0.0000000e+00 
2.4750000e+01 5.0413548e+01 0.0000000e+00 
3.3000000e+01 4.5449493e+01 0.0000000e+00 
2.6250000e+01 4.9661808e+01 0.0000000e+00 
3.4500000e+01 4.4347134e+01 0.0000000e+00 
2.2500000e+01 5.1500000e+01 0.0000000e+00 
3.0000000e+01 4.7528809e+01 0.0000000e+00 
2.9250000e+01 4.7997578e+01 0.0000000e+00 
3.9000000e+01 4.0476318e+01 0.0000000e+00 
3.9750000e+01 3.9770355e+01 0.0000000e+00 
3.0750000e+01 4.7080265e+01 0.0000000e+00 
2.8500000e+01 4.8487762e+01 0.0000000e+00 
3.8250000e+01 4.1272778e+01 0.0000000e+00 
3.1500000e+01 4.6651215e+01 0.0000000e+00 
2.3250000e+01 5.1271156e+01 0.0000000e+00 
2.7750000e+01 4.9001011e+01 0.0000000e+00 
3.3750000e+01 4.5083649e+01 0.0000000e+00 
4.1250000e+01 3.8366520e+01 0.0000000e+00 
4.0500000e+01 3.9160378e+01 0.0000000e+00 
2.5500000e+01 5.0251091e+01 0.0000000e+00 
3.6000000e+01 4.3360893e+01 0.0000000e+00 
3.6750000e+01 4.2732796e+01 0.0000000e+00 
3.2250000e+01 4.6241383e+01 0.0000000e+00 
3.5250000e+01 4.4031250e+01 0.0000000e+00 
3.7500000e+01 4.2151886e+01 0.0000000e+00 
2.7000000e+01 4.9539406e+01 0.0000000e+00 
2.4000000e+01 5.1062500e+01 0.0000000e+00 
3.9000000e+01 4.0812561e+01 0.0000000e+00 
3.9750000e+01 4.0090820e+01 0.0000000e+00 
3.3000000e+01 4.5850929e+01 0.0000000e+00 
3.4500000e+01 4.4739170e+01 0.0000000e+00 
4.1250000e+01 3.8648598e+01 0.0000000e+00 
3.8250000e+01 4.1623039e+01 0.0000000e+00 
4.0500000e+01 3.9463692e+01 0.0000000e+00 
3.0000000e+01 4.7945461e+01 0.0000000e+00 
2.6250000e+01 5.0105450e+01 0.0000000e+00 
2.9250000e+01 4.8418442e+01 0.0000000e+00 
2.4750000e+01 5.0873108e+01 0.0000000e+00 
3.0750000e+01 4.7492928e+01 0.0000000e+00 
2.8500000e+01 4.8913208e+01 0.0000000e+00 
3.1500000e+01 4.7059963e+01 0.0000000e+00 
3.3750000e+01 4.5480434e+01 0.0000000e+00 
3.6750000e+01 4.3104332e+01 0.0000000e+00 
3.6000000e+01 4.3740395e+01 0.0000000e+00 
3.9750000e+01 4.0413681e+01 0.0000000e+00 
2.7750000e+01 4.9431553e+01 0.0000000e+00 
3.7500000e+01 4.2514160e+01 0.0000000e+00 
3.9000000e+01 4.1150757e+01 0.0000000e+00 
3.5250000e+01 4.4417442e+01 0.0000000e+00 
3.2250000e+01 4.6646156e+01 0.0000000e+00 
4.1250000e+01 3.8933903e+01 0.0000000e+00 
2.3250000e+01 5.1750000e+01 0.0000000e+00 
2.5500000e+01 5.0702030e+01 0.0000000e+00 
4.0500000e+01 3.9769794e+01 0.0000000e+00 
3.8250000e+01 4.1974777e+01 0.0000000e+00 
2.7000000e+01 4.9975704e+01 0.0000000e+00 
3.4500000e+01 4.5130863e+01 0.0000000e+00 
3.3000000e+01 4.6251537e+01 0.0000000e+00 
2.4000000e+01 5.1531250e+01 0.0000000e+00 
3.0000000e+01 4.8360840e+01 0.0000000e+00 
3.9750000e+01 4.0738815e+01 0.0000000e+00 
4.1250000e+01 3.9222324e+01 0.0000000e+00 
3.0750000e+01 4.7904346e+01 0.0000000e+00 
2.9250000e+01 4.8838039e+01 0.0000000e+00 
3.6750000e+01 4.3476482e+01 0.0000000e+00 
3.9000000e+01 4.1490780e+01 0.0000000e+00 
3.6000000e+01 4.4120136e+01 0.0000000e+00 
3.3750000e+01 4.5876568e+01 0.0000000e+00 
2.6250000e+01 5.0548317e+01 0.0000000e+00 
3.7500000e+01 4.2877422e+01 0.0000000e+00 
3.1500000e+01 4.7467537e+01 0.0000000e+00 
4.2000000e+01 3.8500000e+01 0.0000000e+00 
2.8500000e+01 4.9337437e+01 0.0000000e+00 
4.0500000e+01 4.0078571e+01 0.0000000e+00 
2.4750000e+01 5.1332375e+01 0.0000000e+00 
3.5250000e+01 4.4803520e+01 0.0000000e+00 
3.2250000e+01 4.7049862e+01 0.0000000e+00 
3.8250000e+01 4.2327873e+01 0.0000000e+00 
2.7750000e+01 4.9860970e+01 0.0000000e+00 
3.4500000e+01 4.5522102e+01 0.0000000e+00 
4.1250000e+01 3.9513752e+01 0.0000000e+00 
3.3000000e+01 4.6651215e+01 0.0000000e+00 
3.9750000e+01 4.1066105e+01 0.0000000e+00 
2.5500000e+01 5.1152409e+01 0.0000000e+00 
4.2000000e+01 3.8770462e+01 0.0000000e+00 
2.7000000e+01 5.0411022e+01 0.0000000e+00 
3.9000000e+01 4.1832512e+01 0.0000000e+00 
4.0500000e+01 4.0389900e+01 0.0000000e+00 
3.6750000e+01 4.3849121e+01 0.0000000e+00 
3.7500000e+01 4.3241547e+01 0.0000000e+00 
3.6000000e+01 4.4500000e+01 0.0000000e+00 
3.0000000e+01 4.8774864e+01 0.0000000e+00 
3.0750000e+01 4.8314434e+01 0.0000000e+00 
2.4000000e+01 5.2000000e+01 0.0000000e+00 
3.3750000e+01 4.6271938e+01 0.0000000e+00 
2.9250000e+01 4.9256302e+01 0.0000000e+00 
3.1500000e+01 4.7873848e+01 0.0000000e+00 
3.5250000e+01 4.5189362e+01 0.0000000e+00 
3.8250000e+01 4.2682201e+01 0.0000000e+00 
4.1250000e+01 3.9808075e+01 0.0000000e+00 
2.8500000e+01 4.9760387e+01 0.0000000e+00 
4.2000000e+01 3.9044186e+01 0.0000000e+00 
2.6250000e+01 5.0990379e+01 0.0000000e+00 
3.2250000e+01 4.7452400e+01 0.0000000e+00 
3.9750000e+01 4.1395432e+01 0.0000000e+00 
2.4750000e+01 5.1791344e+01 0.0000000e+00 
4.0500000e+01 4.0703671e+01 0.0000000e+00 
3.4500000e+01 4.5912777e+01 0.0000000e+00 
2.7750000e+01 5.0289215e+01 0.0000000e+00 
3.9000000e+01 4.2175835e+01 0.0000000e+00 
3.3000000e+01 4.7049862e+01 0.0000000e+00 
3.6750000e+01 4.4222130e+01 0.0000000e+00 
3.7500000e+01 4.3606407e+01 0.0000000e+00 
4.1250000e+01 4.0105179e+01 0.0000000e+00 
4.2000000e+01 3.9321064e+01 0.0000000e+00 
3.6000000e+01 4.4879864e+01 0.0000000e+00 
2.5500000e+01 5.1602211e+01 0.0000000e+00 
2.7000000e+01 5.0845310e+01 0.0000000e+00 
3.8250000e+01 4.3037636e+01 0.0000000e+00 
3.3750000e+01 4.6666439e+01 0.0000000e+00 
3.0000000e+01 4.9187462e+01 0.0000000e+00 
3.0750000e+01 4.8723114e+01 0.0000000e+00 
3.5250000e+01 4.5574852e+01 0.0000000e+00 
3.9750000e+01 4.1726673e+01 0.0000000e+00 
4.0500000e+01 4.1019768e+01 0.0000000e+00 
2.9250000e+01 4.9673164e+01 0.0000000e+00 
3.1500000e+01 4.8278801e+01 0.0000000e+00 
3.9000000e+01 4.2520618e+01 0.0000000e+00 
3.2250000e+01 4.7853680e+01 0.0000000e+00 
2.8500000e+01 5.0182007e+01 0.0000000e+00 
4.2000000e+01 3.9600990e+01 0.0000000e+00 
4.1250000e+01 4.0404957e+01 0.0000000e+00 
3.4500000e+01 4.6302773e+01 0.0000000e+00 
2.6250000e+01 5.1431610e+01 0.0000000e+00 
3.6750000e+01 4.4595379e+01 0.0000000e+00 
3.7500000e+01 4.3971889e+01 0.0000000e+00 
3.3000000e+01 4.7447372e+01 0.0000000e+00 
2.7750000e+01 5.0716236e+01 0.0000000e+00 
2.4750000e+01 5.2250000e+01 0.0000000e+00 
3.6000000e+01 4.5259605e+01 0.0000000e+00 
3.8250000e+01 4.3394058e+01 0.0000000e+00 
3.9750000e+01 4.2059711e+01 0.0000000e+00 
4.0500000e+01 4.1338066e+01 0.0000000e+00 
3.3750000e+01 4.7059963e+01 0.0000000e+00 
4.2000000e+01 3.9883862e+01 0.0000000e+00 
3.5250000e+01 4.5959873e+01 0.0000000e+00 
2.7000000e+01 5.1278534e+01 0.0000000e+00 
3.9000000e+01 4.2866745e+01 0.0000000e+00 
4.1250000e+01 4.0707294e+01 0.0000000e+00 
3.0750000e+01 4.9130299e+01 0.0000000e+00 
2.5500000e+01 5.2051414e+01 0.0000000e+00 
3.0000000e+01 4.9598557e+01 0.0000000e+00 
3.1500000e+01 4.8682308e+01 0.0000000e+00 
4.2750000e+01 3.9187500e+01 0.0000000e+00 
2.9250000e+01 5.0088554e+01 0.0000000e+00 
3.2250000e+01 4.8253593e+01 0.0000000e+00 
3.4500000e+01 4.6691971e+01 0.0000000e+00 
3.7500000e+01 4.4337860e+01 0.0000000e+00 
3.6750000e+01 4.4968750e+01 0.0000000e+00 
2.8500000e+01 5.0602234e+01 0.0000000e+00 
4.0500000e+01 4.1658459e+01 0.0000000e+00 
3.8250000e+01 4.3751339e+01 0.0000000e+00 
3.9750000e+01 4.2394424e+01 0.0000000e+00 
4.2000000e+01 4.0169571e+01 0.0000000e+00 
3.3000000e+01 4.7843643e+01 0.0000000e+00 
3.6000000e+01 4.5639107e+01 0.0000000e+00 
2.6250000e+01 5.1871979e+01 0.0000000e+00 
4.1250000e+01 4.1012085e+01 0.0000000e+00 
4.2750000e+01 3.9453602e+01 0.0000000e+00 
2.7750000e+01 5.1141991e+01 0.0000000e+00 
3.9000000e+01 4.3214092e+01 0.0000000e+00 
3.5250000e+01 4.6344311e+01 0.0000000e+00 
3.3750000e+01 4.7452400e+01 0.0000000e+00 
3.0750000e+01 4.9535908e+01 0.0000000e+00 
3.0000000e+01 5.0008076e+01 0.0000000e+00 
4.2000000e+01 4.0458012e+01 0.0000000e+00 
3.1500000e+01 4.9084282e+01 0.0000000e+00 
4.0500000e+01 4.1980827e+01 0.0000000e+00 
2.7000000e+01 5.1710655e+01 0.0000000e+00 
3.7500000e+01 4.4704201e+01 0.0000000e+00 
4.2750000e+01 3.9722725e+01 0.0000000e+00 
3.9750000e+01 4.2730694e+01 0.0000000e+00 
2.9250000e+01 5.0502411e+01 0.0000000e+00 
3.6750000e+01 4.5342121e+01 0.0000000e+00 
2.5500000e+01 5.2500000e+01 0.0000000e+00 
3.4500000e+01 4.7080265e+01 0.0000000e+00 
3.2250000e+01 4.8652054e+01 0.0000000e+00 
3.8250000e+01 4.4109364e+01 0.0000000e+00 
4.1250000e+01 4.1319210e+01 0.0000000e+00 
3.6000000e+01 4.6018250e+01 0.0000000e+00 
2.8500000e+01 5.1021011e+01 0.0000000e+00 
3.3000000e+01 4.8238571e+01 0.0000000e+00 
3.9000000e+01 4.3562538e+01 0.0000000e+00 
4.2000000e+01 4.0749084e+01 0.0000000e+00 
2.6250000e+01 5.2311451e+01 0.0000000e+00 
3.5250000e+01 4.6728043e+01 0.0000000e+00 
4.2750000e+01 3.9994778e+01 0.0000000e+00 
3.3750000e+01 4.7843643e+01 0.0000000e+00 
2.7750000e+01 5.1566425e+01 0.0000000e+00 
4.0500000e+01 4.2305054e+01 0.0000000e+00 
4.1250000e+01 4.1628563e+01 0.0000000e+00 
3.9750000e+01 4.3068401e+01 0.0000000e+00 
3.7500000e+01 4.5070789e+01 0.0000000e+00 
3.0750000e+01 4.9939857e+01 0.0000000e+00 
3.6750000e+01 4.5715370e+01 0.0000000e+00 
3.8250000e+01 4.4468002e+01 0.0000000e+00 
3.1500000e+01 4.9484627e+01 0.0000000e+00 
3.0000000e+01 5.0415943e+01 0.0000000e+00 
3.4500000e+01 4.7467537e+01 0.0000000e+00 
3.2250000e+01 4.9048962e+01 0.0000000e+00 
2.7000000e+01 5.2141632e+01 0.0000000e+00 
2.9250000e+01 5.0914669e+01 0.0000000e+00 
4.2000000e+01 4.1042679e+01 0.0000000e+00 
3.6000000e+01 4.6396912e+01 0.0000000e+00 
4.2750000e+01 4.0269657e+01 0.0000000e+00 
3.9000000e+01 4.3911961e+01 0.0000000e+00 
3.3000000e+01 4.8632053e+01 0.0000000e+00 
4.0500000e+01 4.2631023e+01 0.0000000e+00 
2.8500000e+01 5.1438282e+01 0.0000000e+00 
4.1250000e+01 4.1940029e+01 0.0000000e+00 
3.5250000e+01 4.7110954e+01 0.0000000e+00 
3.9750000e+01 4.3407425e+01 0.0000000e+00 
3.3750000e+01 4.8233578e+01 0.0000000e+00 
3.7500000e+01 4.5437500e+01 0.0000000e+00 
2.6250000e+01 5.2750000e+01 0.0000000e+00 
4.2750000e+01 4.0547268e+01 0.0000000e+00 
3.8250000e+01 4.4827133e+01 0.0000000e+00 
4.2000000e+01 4.1338692e+01 0.0000000e+00 
2.7750000e+01 5.1989494e+01 0.0000000e+00 
3.6750000e+01 4.6088379e+01 0.0000000e+00 
3.0750000e+01 5.0342060e+01 0.0000000e+00 
3.9000000e+01 4.4262238e+01 0.0000000e+00 
3.4500000e+01 4.7853680e+01 0.0000000e+00 
3.1500000e+01 4.9883255e+01 0.0000000e+00 
4.3500000e+01 3.9875000e+01 0.0000000e+00 
3.0000000e+01 5.0822083e+01 0.0000000e+00 
3.6000000e+01 4.6774971e+01 0.0000000e+00 
3.2250000e+01 4.9444214e+01 0.0000000e+00 
4.0500000e+01 4.2958618e+01 0.0000000e+00 
4.1250000e+01 4.2253502e+01 0.0000000e+00 
2.9250000e+01 5.1325256e+01 0.0000000e+00 
3.3000000e+01 4.9023987e+01 0.0000000e+00 
2.7000000e+01 5.2571426e+01 0.0000000e+00 
3.9750000e+01 4.3747643e+01 0.0000000e+00 
4.2750000e+01 4.0827511e+01 0.0000000e+00 
4.2000000e+01 4.1637020e+01 0.0000000e+00 
3.5250000e+01 4.7492928e+01 0.0000000e+00 
2.8500000e+01 5.1853989e+01 0.0000000e+00 
3.3750000e+01 4.8622105e+01 0.0000000e+00 
4.3500000e+01 4.0137215e+01 0.0000000e+00 
3.7500000e+01 4.5804211e+01 0.0000000e+00 
3.8250000e+01 4.5186634e+01 0.0000000e+00 
3.6750000e+01 4.6461018e+01 0.0000000e+00 
3.9000000e+01 4.4613247e+01 0.0000000e+00 
4.1250000e+01 4.2568867e+01 0.0000000e+00 
4.0500000e+01 4.3287724e+01 0.0000000e+00 
2.7750000e+01 5.2411144e+01 0.0000000e+00 
3.4500000e+01 4.8238571e+01 0.0000000e+00 
4.2750000e+01 4.1110294e+01 0.0000000e+00 
3.6000000e+01 4.7152309e+01 0.0000000e+00 
3.1500000e+01 5.0280075e+01 0.0000000e+00 
3.0750000e+01 5.0742439e+01 0.0000000e+00 
4.2000000e+01 4.1937553e+01 0.0000000e+00 
3.2250000e+01 4.9837723e+01 0.0000000e+00 
3.9750000e+01 4.4088943e+01 0.0000000e+00 
3.0000000e+01 5.1226418e+01 0.0000000e+00 
4.3500000e+01 4.0402176e+01 0.0000000e+00 
3.3000000e+01 4.9414268e+01 0.0000000e+00 
2.9250000e+01 5.1734108e+01 0.0000000e+00 
3.5250000e+01 4.7873848e+01 0.0000000e+00 
3.8250000e+01 4.5546379e+01 0.0000000e+00 
3.7500000e+01 4.6170799e+01 0.0000000e+00 
2.7000000e+01 5.3000000e+01 0.0000000e+00 
4.1250000e+01 4.2886013e+01 0.0000000e+00 
3.3750000e+01 4.9009106e+01 0.0000000e+00 
4.2750000e+01 4.1395512e+01 0.0000000e+00 
4.0500000e+01 4.3618221e+01 0.0000000e+00 
3.9000000e+01 4.4964863e+01 0.0000000e+00 
3.6750000e+01 4.6833168e+01 0.0000000e+00 
2.8500000e+01 5.2268070e+01 0.0000000e+00 
4.3500000e+01 4.0669788e+01 0.0000000e+00 
4.2000000e+01 4.2240192e+01 0.0000000e+00 
3.9750000e+01 4.4431198e+01 0.0000000e+00 
3.4500000e+01 4.8622105e+01 0.0000000e+00 
3.6000000e+01 4.7528809e+01 0.0000000e+00 
3.1500000e+01 5.0674999e+01 0.0000000e+00 
3.0750000e+01 5.1140911e+01 0.0000000e+00 
2.7750000e+01 5.2831329e+01 0.0000000e+00 
3.2250000e+01 5.0229382e+01 0.0000000e+00 
4.2750000e+01 4.1683075e+01 0.0000000e+00 
3.0000000e+01 5.1628880e+01 0.0000000e+00 
4.1250000e+01 4.3204826e+01 0.0000000e+00 
4.3500000e+01 4.0939964e+01 0.0000000e+00 
3.3000000e+01 4.9802795e+01 0.0000000e+00 
3.8250000e+01 4.5906250e+01 0.0000000e+00 
3.5250000e+01 4.8253593e+01 0.0000000e+00 
4.0500000e+01 4.3950001e+01 0.0000000e+00 
3.7500000e+01 4.6537140e+01 0.0000000e+00 
4.2000000e+01 4.2544827e+01 0.0000000e+00 
2.9250000e+01 5.2141155e+01 0.0000000e+00 
3.9000000e+01 4.5316971e+01 0.0000000e+00 
3.6750000e+01 4.7204704e+01 0.0000000e+00 
3.3750000e+01 4.9394478e+01 0.0000000e+00 
3.9750000e+01 4.4774292e+01 0.0000000e+00 
2.8500000e+01 5.2680473e+01 0.0000000e+00 
4.2750000e+01 4.1972878e+01 0.0000000e+00 
4.3500000e+01 4.1212624e+01 0.0000000e+00 
3.6000000e+01 4.7904346e+01 0.0000000e+00 
3.4500000e+01 4.9004162e+01 0.0000000e+00 
4.1250000e+01 4.3525200e+01 0.0000000e+00 
3.1500000e+01 5.1067936e+01 0.0000000e+00 
4.2000000e+01 4.2851353e+01 0.0000000e+00 
4.0500000e+01 4.4282940e+01 0.0000000e+00 
3.0750000e+01 5.1537392e+01 0.0000000e+00 
3.2250000e+01 5.0619099e+01 0.0000000e+00 
4.4250000e+01 4.0562500e+01 0.0000000e+00 
3.8250000e+01 4.6266121e+01 0.0000000e+00 
2.7750000e+01 5.3250000e+01 0.0000000e+00 
3.7500000e+01 4.6903111e+01 0.0000000e+00 
3.9000000e+01 4.5669445e+01 0.0000000e+00 
3.0000000e+01 5.2029385e+01 0.0000000e+00 
3.5250000e+01 4.8632053e+01 0.0000000e+00 
3.3000000e+01 5.0189461e+01 0.0000000e+00 
4.3500000e+01 4.1487667e+01 0.0000000e+00 
4.2750000e+01 4.2264828e+01 0.0000000e+00 
3.6750000e+01 4.7575512e+01 0.0000000e+00 
3.9750000e+01 4.5118103e+01 0.0000000e+00 
2.9250000e+01 5.2546337e+01 0.0000000e+00 
3.3750000e+01 4.9778111e+01 0.0000000e+00 
4.1250000e+01 4.3847023e+01 0.0000000e+00 
4.4250000e+01 4.0821327e+01 0.0000000e+00 
4.2000000e+01 4.3159668e+01 0.0000000e+00 
3.6000000e+01 4.8278801e+01 0.0000000e+00 
3.4500000e+01 4.9384632e+01 0.0000000e+00 
2.8500000e+01 5.3091133e+01 0.0000000e+00 
4.0500000e+01 4.4616924e+01 0.0000000e+00 
4.3500000e+01 4.1765011e+01 0.0000000e+00 
3.8250000e+01 4.6625866e+01 0.0000000e+00 
4.2750000e+01 4.2558826e+01 0.0000000e+00 
3.9000000e+01 4.6022160e+01 0.0000000e+00 
3.1500000e+01 5.1458794e+01 0.0000000e+00 
3.7500000e+01 4.7268593e+01 0.0000000e+00 
3.2250000e+01 5.1006779e+01 0.0000000e+00 
3.0750000e+01 5.1931793e+01 0.0000000e+00 
3.5250000e+01 4.9009106e+01 0.0000000e+00 
4.4250000e+01 4.1082569e+01 0.0000000e+00 
3.3000000e+01 5.0574165e+01 0.0000000e+00 
3.9750000e+01 4.5462517e+01 0.0000000e+00 
3.0000000e+01 5.2427864e+01 0.0000000e+00 
3.6750000e+01 4.7945461e+01 0.0000000e+00 
4.1250000e+01 4.4170181e+01 0.0000000e+00 
4.2000000e+01 4.3469666e+01 0.0000000e+00 
3.3750000e+01 5.0159893e+01 0.0000000e+00 
2.9250000e+01 5.2949581e+01 0.0000000e+00 
4.3500000e+01 4.2044571e+01 0.0000000e+00 
4.0500000e+01 4.4951836e+01 0.0000000e+00 
3.6000000e+01 4.8652054e+01 0.0000000e+00 
4.2750000e+01 4.2854774e+01 0.0000000e+00 
3.4500000e+01 4.9763405e+01 0.0000000e+00 
4.4250000e+01 4.1346146e+01 0.0000000e+00 
3.8250000e+01 4.6985367e+01 0.0000000e+00 
3.9000000e+01 4.6375000e+01 0.0000000e+00 
2.8500000e+01 5.3500000e+01 0.0000000e+00 
3.7500000e+01 4.7633453e+01 0.0000000e+00 
3.9750000e+01 4.5807404e+01 0.0000000e+00 
3.1500000e+01 5.1847485e+01 0.0000000e+00 
4.2000000e+01 4.3781239e+01 0.0000000e+00 
3.2250000e+01 5.1392319e+01 0.0000000e+00 
4.1250000e+01 4.4494564e+01 0.0000000e+00 
3.5250000e+01 4.9384632e+01 0.0000000e+00 
3.0750000e+01 5.2324039e+01 0.0000000e+00 
4.3500000e+01 4.2326252e+01 0.0000000e+00 
3.6750000e+01 4.8314434e+01 0.0000000e+00 
3.3000000e+01 5.0956806e+01 0.0000000e+00 
4.4250000e+01 4.1611984e+01 0.0000000e+00 
4.2750000e+01 4.3152580e+01 0.0000000e+00 
3.0000000e+01 5.2824242e+01 0.0000000e+00 
4.0500000e+01 4.5287563e+01 0.0000000e+00 
3.3750000e+01 5.0539722e+01 0.0000000e+00 
3.6000000e+01 4.9023987e+01 0.0000000e+00 
2.9250000e+01 5.3350826e+01 0.0000000e+00 
3.4500000e+01 5.0140362e+01 0.0000000e+00 
3.9000000e+01 4.6727840e+01 0.0000000e+00 
3.8250000e+01 4.7344498e+01 0.0000000e+00 
4.3500000e+01 4.2609966e+01 0.0000000e+00 
4.2000000e+01 4.4094284e+01 0.0000000e+00 
3.7500000e+01 4.7997578e+01 0.0000000e+00 
3.9750000e+01 4.6152653e+01 0.0000000e+00 
4.1250000e+01 4.4820061e+01 0.0000000e+00 
4.4250000e+01 4.1880001e+01 0.0000000e+00 
4.2750000e+01 4.3452137e+01 0.0000000e+00 
3.5250000e+01 4.9758522e+01 0.0000000e+00 
3.6750000e+01 4.8682308e+01 0.0000000e+00 
3.1500000e+01 5.2233913e+01 0.0000000e+00 
3.2250000e+01 5.1775627e+01 0.0000000e+00 
4.0500000e+01 4.5623989e+01 0.0000000e+00 
3.0750000e+01 5.2714046e+01 0.0000000e+00 
3.3000000e+01 5.1337276e+01 0.0000000e+00 
4.5000000e+01 4.1250000e+01 0.0000000e+00 
3.3750000e+01 5.0917488e+01 0.0000000e+00 
3.0000000e+01 5.3218437e+01 0.0000000e+00 
4.3500000e+01 4.2895630e+01 0.0000000e+00 
4.4250000e+01 4.2150124e+01 0.0000000e+00 
3.6000000e+01 4.9394478e+01 0.0000000e+00 
4.2000000e+01 4.4408699e+01 0.0000000e+00 
3.9000000e+01 4.7080555e+01 0.0000000e+00 
3.8250000e+01 4.7703136e+01 0.0000000e+00 
4.1250000e+01 4.5146557e+01 0.0000000e+00 
4.2750000e+01 4.3753353e+01 0.0000000e+00 
3.4500000e+01 5.0515392e+01 0.0000000e+00 
3.9750000e+01 4.6498142e+01 0.0000000e+00 
2.9250000e+01 5.3750000e+01 0.0000000e+00 
3.7500000e+01 4.8360840e+01 0.0000000e+00 
4.5000000e+01 4.1505955e+01 0.0000000e+00 
4.0500000e+01 4.5960995e+01 0.0000000e+00 
3.5250000e+01 5.0130650e+01 0.0000000e+00 
3.6750000e+01 4.9048962e+01 0.0000000e+00 
4.3500000e+01 4.3183151e+01 0.0000000e+00 
4.4250000e+01 4.2422268e+01 0.0000000e+00 
3.2250000e+01 5.2156601e+01 0.0000000e+00 
3.1500000e+01 5.2617996e+01 0.0000000e+00 
3.3000000e+01 5.1715477e+01 0.0000000e+00 
4.2000000e+01 4.4724373e+01 0.0000000e+00 
3.0750000e+01 5.3101727e+01 0.0000000e+00 
4.2750000e+01 4.4056133e+01 0.0000000e+00 
4.5000000e+01 4.1763947e+01 0.0000000e+00 
4.1250000e+01 4.5473946e+01 0.0000000e+00 
3.3750000e+01 5.1293076e+01 0.0000000e+00 
3.9000000e+01 4.7433029e+01 0.0000000e+00 
3.6000000e+01 4.9763405e+01 0.0000000e+00 
3.8250000e+01 4.8061161e+01 0.0000000e+00 
3.0000000e+01 5.3610382e+01 0.0000000e+00 
3.9750000e+01 4.6843750e+01 0.0000000e+00 
3.4500000e+01 5.0888382e+01 0.0000000e+00 
3.7500000e+01 4.8723114e+01 0.0000000e+00 
4.4250000e+01 4.2696362e+01 0.0000000e+00 
4.3500000e+01 4.3472439e+01 0.0000000e+00 
4.0500000e+01 4.6298466e+01 0.0000000e+00 
4.5000000e+01 4.2023907e+01 0.0000000e+00 
3.6750000e+01 4.9414268e+01 0.0000000e+00 
4.2000000e+01 4.5041206e+01 0.0000000e+00 
3.5250000e+01 5.0500904e+01 0.0000000e+00 
4.2750000e+01 4.4360371e+01 0.0000000e+00 
4.1250000e+01 4.5802113e+01 0.0000000e+00 
3.2250000e+01 5.2535149e+01 0.0000000e+00 
3.1500000e+01 5.2999638e+01 0.0000000e+00 
3.3000000e+01 5.2091301e+01 0.0000000e+00 
3.9000000e+01 4.7785137e+01 0.0000000e+00 
4.4250000e+01 4.2972324e+01 0.0000000e+00 
3.0750000e+01 5.3487003e+01 0.0000000e+00 
3.9750000e+01 4.7189358e+01 0.0000000e+00 
3.8250000e+01 4.8418442e+01 0.0000000e+00 
4.3500000e+01 4.3763412e+01 0.0000000e+00 
3.3750000e+01 5.1666382e+01 0.0000000e+00 
3.6000000e+01 5.0130650e+01 0.0000000e+00 
4.5000000e+01 4.2285774e+01 0.0000000e+00 
4.0500000e+01 4.6636284e+01 0.0000000e+00 
3.7500000e+01 4.9084282e+01 0.0000000e+00 
3.0000000e+01 5.4000000e+01 0.0000000e+00 
3.4500000e+01 5.1259220e+01 0.0000000e+00 
4.2000000e+01 4.5359089e+01 0.0000000e+00 
4.2750000e+01 4.4665977e+01 0.0000000e+00 
3.6750000e+01 4.9778111e+01 0.0000000e+00 
4.4250000e+01 4.3250076e+01 0.0000000e+00 
4.1250000e+01 4.6130947e+01 0.0000000e+00 
3.5250000e+01 5.0869167e+01 0.0000000e+00 
4.3500000e+01 4.4055977e+01 0.0000000e+00 
4.5000000e+01 4.2549484e+01 0.0000000e+00 
3.9000000e+01 4.8136753e+01 0.0000000e+00 
3.9750000e+01 4.7534847e+01 0.0000000e+00 
3.2250000e+01 5.2911171e+01 0.0000000e+00 
3.3000000e+01 5.2464645e+01 0.0000000e+00 
3.1500000e+01 5.3378750e+01 0.0000000e+00 
3.8250000e+01 4.8774864e+01 0.0000000e+00 
3.6000000e+01 5.0496094e+01 0.0000000e+00 
4.0500000e+01 4.6974335e+01 0.0000000e+00 
3.3750000e+01 5.2037300e+01 0.0000000e+00 
3.0750000e+01 5.3869789e+01 0.0000000e+00 
4.2750000e+01 4.4972855e+01 0.0000000e+00 
4.2000000e+01 4.5677917e+01 0.0000000e+00 
3.7500000e+01 4.9444214e+01 0.0000000e+00 
4.5750000e+01 4.1937500e+01 0.0000000e+00 
4.4250000e+01 4.3529545e+01 0.0000000e+00 
3.4500000e+01 5.1627789e+01 0.0000000e+00 
4.5000000e+01 4.2814964e+01 0.0000000e+00 
4.3500000e+01 4.4350044e+01 0.0000000e+00 
4.1250000e+01 4.6460342e+01 0.0000000e+00 
3.6750000e+01 5.0140362e+01 0.0000000e+00 
3.5250000e+01 5.1235317e+01 0.0000000e+00 
3.9000000e+01 4.8487762e+01 0.0000000e+00 
3.9750000e+01 4.7880096e+01 0.0000000e+00 
4.5750000e+01 4.2191116e+01 0.0000000e+00 
3.8250000e+01 4.9130299e+01 0.0000000e+00 
4.4250000e+01 4.3810646e+01 0.0000000e+00 
4.2750000e+01 4.5280899e+01 0.0000000e+00 
4.0500000e+01 4.7312500e+01 0.0000000e+00 
3.2250000e+01 5.3284573e+01 0.0000000e+00 
4.2000000e+01 4.5997589e+01 0.0000000e+00 
3.3000000e+01 5.2835411e+01 0.0000000e+00 
4.5000000e+01 4.3082157e+01 0.0000000e+00 
3.1500000e+01 5.3755241e+01 0.0000000e+00 
3.6000000e+01 5.0859615e+01 0.0000000e+00 
3.3750000e+01 5.2405716e+01 0.0000000e+00 
4.3500000e+01 4.4645527e+01 0.0000000e+00 
3.7500000e+01 4.9802795e+01 0.0000000e+00 
3.0750000e+01 5.4250000e+01 0.0000000e+00 
4.1250000e+01 4.6790180e+01 0.0000000e+00 
3.4500000e+01 5.1993977e+01 0.0000000e+00 
4.5750000e+01 4.2446339e+01 0.0000000e+00 
3.6750000e+01 5.0500904e+01 0.0000000e+00 
4.4250000e+01 4.4093307e+01 0.0000000e+00 
4.5000000e+01 4.3350990e+01 0.0000000e+00 
3.5250000e+01 5.1599243e+01 0.0000000e+00 
3.9750000e+01 4.8224983e+01 0.0000000e+00 
4.2750000e+01 4.5590015e+01 0.0000000e+00 
3.9000000e+01 4.8838039e+01 0.0000000e+00 
4.2000000e+01 4.6317993e+01 0.0000000e+00 
4.0500000e+01 4.7650665e+01 0.0000000e+00 
3.8250000e+01 4.9484627e+01 0.0000000e+00 
4.3500000e+01 4.4942341e+01 0.0000000e+00 
4.5750000e+01 4.2703121e+01 0.0000000e+00 
3.2250000e+01 5.3655251e+01 0.0000000e+00 
3.6000000e+01 5.1221092e+01 0.0000000e+00 
3.3000000e+01 5.3203491e+01 0.0000000e+00 
4.1250000e+01 4.7120350e+01 0.0000000e+00 
3.1500000e+01 5.4129021e+01 0.0000000e+00 
3.7500000e+01 5.0159893e+01 0.0000000e+00 
3.3750000e+01 5.2771523e+01 0.0000000e+00 
4.4250000e+01 4.4377449e+01 0.0000000e+00 
4.5000000e+01 4.3621403e+01 0.0000000e+00 
3.4500000e+01 5.2357674e+01 0.0000000e+00 
4.2750000e+01 4.5900108e+01 0.0000000e+00 
3.6750000e+01 5.0859615e+01 0.0000000e+00 
4.5750000e+01 4.2961407e+01 0.0000000e+00 
4.3500000e+01 4.5240387e+01 0.0000000e+00 
3.9750000e+01 4.8569397e+01 0.0000000e+00 
4.2000000e+01 4.6639030e+01 0.0000000e+00 
3.9000000e+01 4.9187462e+01 0.0000000e+00 
3.5250000e+01 5.1960827e+01 0.0000000e+00 
4.0500000e+01 4.7988716e+01 0.0000000e+00 
3.8250000e+01 4.9837723e+01 0.0000000e+00 
4.5000000e+01 4.3893322e+01 0.0000000e+00 
4.4250000e+01 4.4662991e+01 0.0000000e+00 
4.1250000e+01 4.7450745e+01 0.0000000e+00 
3.6000000e+01 5.1580406e+01 0.0000000e+00 
3.7500000e+01 5.0515392e+01 0.0000000e+00 
3.2250000e+01 5.4023113e+01 0.0000000e+00 
3.3000000e+01 5.3568783e+01 0.0000000e+00 
4.5750000e+01 4.3221146e+01 0.0000000e+00 
3.3750000e+01 5.3134613e+01 0.0000000e+00 
3.1500000e+01 5.4500000e+01 0.0000000e+00 
4.2750000e+01 4.6211082e+01 0.0000000e+00 
4.3500000e+01 4.5539589e+01 0.0000000e+00 
4.2000000e+01 4.6960594e+01 0.0000000e+00 
3.4500000e+01 5.2718761e+01 0.0000000e+00 
3.9750000e+01 4.8913208e+01 0.0000000e+00 
3.6750000e+01 5.1216370e+01 0.0000000e+00 
3.9000000e+01 4.9535908e+01 0.0000000e+00 
4.5000000e+01 4.4166691e+01 0.0000000e+00 
4.0500000e+01 4.8326534e+01 0.0000000e+00 
4.4250000e+01 4.4949860e+01 0.0000000e+00 
4.6500000e+01 4.2625000e+01 0.0000000e+00 
3.5250000e+01 5.2319946e+01 0.0000000e+00 
3.8250000e+01 5.0189461e+01 0.0000000e+00 
4.5750000e+01 4.3482288e+01 0.0000000e+00 
4.1250000e+01 4.7781250e+01 0.0000000e+00 
4.2750000e+01 4.6522831e+01 0.0000000e+00 
3.6000000e+01 5.1937439e+01 0.0000000e+00 
4.3500000e+01 4.5839851e+01 0.0000000e+00 
3.7500000e+01 5.0869167e+01 0.0000000e+00 
3.3000000e+01 5.3931183e+01 0.0000000e+00 
3.2250000e+01 5.4388062e+01 0.0000000e+00 
4.2000000e+01 4.7282578e+01 0.0000000e+00 
4.5000000e+01 4.4441441e+01 0.0000000e+00 
4.6500000e+01 4.2876831e+01 0.0000000e+00 
3.3750000e+01 5.3494877e+01 0.0000000e+00 
4.4250000e+01 4.5237972e+01 0.0000000e+00 
3.9750000e+01 4.9256302e+01 0.0000000e+00 
4.5750000e+01 4.3744778e+01 0.0000000e+00 
3.4500000e+01 5.3077129e+01 0.0000000e+00 
4.0500000e+01 4.8664005e+01 0.0000000e+00 
3.9000000e+01 4.9883255e+01 0.0000000e+00 
3.6750000e+01 5.1571045e+01 0.0000000e+00 
4.1250000e+01 4.8111755e+01 0.0000000e+00 
3.8250000e+01 5.0539722e+01 0.0000000e+00 
3.5250000e+01 5.2676487e+01 0.0000000e+00 
4.2750000e+01 4.6835266e+01 0.0000000e+00 
4.3500000e+01 4.6141087e+01 0.0000000e+00 
4.6500000e+01 4.3129791e+01 0.0000000e+00 
4.5000000e+01 4.4717503e+01 0.0000000e+00 
4.5750000e+01 4.4008564e+01 0.0000000e+00 
3.7500000e+01 5.1221092e+01 0.0000000e+00 
4.2000000e+01 4.7604877e+01 0.0000000e+00 
3.6000000e+01 5.2292068e+01 0.0000000e+00 
4.4250000e+01 4.5527252e+01 0.0000000e+00 
3.3000000e+01 5.4290588e+01 0.0000000e+00 
3.2250000e+01 5.4750000e+01 0.0000000e+00 
3.3750000e+01 5.3852203e+01 0.0000000e+00 
3.9750000e+01 4.9598557e+01 0.0000000e+00 
4.0500000e+01 4.9001011e+01 0.0000000e+00 
3.9000000e+01 5.0229382e+01 0.0000000e+00 
4.6500000e+01 4.3383839e+01 0.0000000e+00 
3.4500000e+01 5.3432659e+01 0.0000000e+00 
3.6750000e+01 5.1923523e+01 0.0000000e+00 
4.1250000e+01 4.8442150e+01 0.0000000e+00 
4.3500000e+01 4.6443207e+01 0.0000000e+00 
4.5000000e+01 4.4994812e+01 0.0000000e+00 
4.2750000e+01 4.7148285e+01 0.0000000e+00 
3.8250000e+01 5.0888382e+01 0.0000000e+00 
4.5750000e+01 4.4273598e+01 0.0000000e+00 
3.5250000e+01 5.3030334e+01 0.0000000e+00 
4.4250000e+01 4.5817623e+01 0.0000000e+00 
4.2000000e+01 4.7927387e+01 0.0000000e+00 
3.7500000e+01 5.1571045e+01 0.0000000e+00 
4.6500000e+01 4.3638947e+01 0.0000000e+00 
3.6000000e+01 5.2644173e+01 0.0000000e+00 
3.9750000e+01 4.9939857e+01 0.0000000e+00 
4.0500000e+01 4.9337437e+01 0.0000000e+00 
4.5000000e+01 4.5273308e+01 0.0000000e+00 
3.3000000e+01 5.4646893e+01 0.0000000e+00 
4.5750000e+01 4.4539822e+01 0.0000000e+00 
3.3750000e+01 5.4206490e+01 0.0000000e+00 
4.3500000e+01 4.6746120e+01 0.0000000e+00 
3.9000000e+01 5.0574165e+01 0.0000000e+00 
4.2750000e+01 4.7461796e+01 0.0000000e+00 
4.1250000e+01 4.8772320e+01 0.0000000e+00 
3.6750000e+01 5.2273682e+01 0.0000000e+00 
3.4500000e+01 5.3785248e+01 0.0000000e+00 
4.4250000e+01 4.6109009e+01 0.0000000e+00 
3.8250000e+01 5.1235317e+01 0.0000000e+00 
4.6500000e+01 4.3895069e+01 0.0000000e+00 
4.2000000e+01 4.8250000e+01 0.0000000e+00 
3.5250000e+01 5.3381367e+01 0.0000000e+00 
4.5000000e+01 4.5552917e+01 0.0000000e+00 
4.5750000e+01 4.4807190e+01 0.0000000e+00 
3.7500000e+01 5.1918907e+01 0.0000000e+00 
3.6000000e+01 5.2993633e+01 0.0000000e+00 
4.3500000e+01 4.7049744e+01 0.0000000e+00 
4.0500000e+01 4.9673164e+01 0.0000000e+00 
3.9750000e+01 5.0280075e+01 0.0000000e+00 
4.7250000e+01 4.3312500e+01 0.0000000e+00 
4.2750000e+01 4.7775692e+01 0.0000000e+00 
4.4250000e+01 4.6401329e+01 0.0000000e+00 
4.6500000e+01 4.4152176e+01 0.0000000e+00 
4.1250000e+01 4.9102158e+01 0.0000000e+00 
3.9000000e+01 5.0917488e+01 0.0000000e+00 
3.3000000e+01 5.5000000e+01 0.0000000e+00 
3.3750000e+01 5.4557625e+01 0.0000000e+00 
3.6750000e+01 5.2621395e+01 0.0000000e+00 
3.4500000e+01 5.4134773e+01 0.0000000e+00 
4.2000000e+01 4.8572613e+01 0.0000000e+00 
3.8250000e+01 5.1580406e+01 0.0000000e+00 
4.5750000e+01 4.5075649e+01 0.0000000e+00 
4.5000000e+01 4.5833580e+01 0.0000000e+00 
3.5250000e+01 5.3729473e+01 0.0000000e+00 
4.7250000e+01 4.3563118e+01 0.0000000e+00 
4.6500000e+01 4.4410225e+01 0.0000000e+00 
4.3500000e+01 4.7353989e+01 0.0000000e+00 
3.7500000e+01 5.2264545e+01 0.0000000e+00 
4.4250000e+01 4.6694504e+01 0.0000000e+00 
4.2750000e+01 4.8089882e+01 0.0000000e+00 
4.0500000e+01 5.0008076e+01 0.0000000e+00 
3.6000000e+01 5.3340332e+01 0.0000000e+00 
3.9750000e+01 5.0619099e+01 0.0000000e+00 
4.1250000e+01 4.9431553e+01 0.0000000e+00 
3.9000000e+01 5.1259220e+01 0.0000000e+00 
4.5750000e+01 4.5345146e+01 0.0000000e+00 
4.5000000e+01 4.6115227e+01 0.0000000e+00 
4.7250000e+01 4.3814331e+01 0.0000000e+00 
3.3750000e+01 5.4905495e+01 0.0000000e+00 
4.2000000e+01 4.8895123e+01 0.0000000e+00 
3.6750000e+01 5.2966541e+01 0.0000000e+00 
4.6500000e+01 4.4669186e+01 0.0000000e+00 
3.4500000e+01 5.4481125e+01 0.0000000e+00 
3.8250000e+01 5.1923523e+01 0.0000000e+00 
4.3500000e+01 4.7658764e+01 0.0000000e+00 
4.4250000e+01 4.6988461e+01 0.0000000e+00 
3.5250000e+01 5.4074528e+01 0.0000000e+00 
4.2750000e+01 4.8404266e+01 0.0000000e+00 
3.7500000e+01 5.2607849e+01 0.0000000e+00 
4.5750000e+01 4.5615627e+01 0.0000000e+00 
4.7250000e+01 4.4066116e+01 0.0000000e+00 
4.0500000e+01 5.0342060e+01 0.0000000e+00 
3.9750000e+01 5.0956806e+01 0.0000000e+00 
4.1250000e+01 4.9760387e+01 0.0000000e+00 
4.5000000e+01 4.6397797e+01 0.0000000e+00 
3.6000000e+01 5.3684147e+01 0.0000000e+00 
4.6500000e+01 4.4929020e+01 0.0000000e+00 
3.9000000e+01 5.1599243e+01 0.0000000e+00 
4.2000000e+01 4.9217422e+01 0.0000000e+00 
3.3750000e+01 5.5250000e+01 0.0000000e+00 
3.6750000e+01 5.3308998e+01 0.0000000e+00 
4.3500000e+01 4.7963978e+01 0.0000000e+00 
4.4250000e+01 4.7283115e+01 0.0000000e+00 
3.8250000e+01 5.2264545e+01 0.0000000e+00 
3.4500000e+01 5.4824188e+01 0.0000000e+00 
4.7250000e+01 4.4318455e+01 0.0000000e+00 
4.5750000e+01 4.5887043e+01 0.0000000e+00 
4.2750000e+01 4.8718750e+01 0.0000000e+00 
3.5250000e+01 5.4416420e+01 0.0000000e+00 
4.5000000e+01 4.6681217e+01 0.0000000e+00 
4.6500000e+01 4.5189690e+01 0.0000000e+00 
4.0500000e+01 5.0674999e+01 0.0000000e+00 
3.7500000e+01 5.2948685e+01 0.0000000e+00 
4.1250000e+01 5.0088554e+01 0.0000000e+00 
3.9750000e+01 5.1293076e+01 0.0000000e+00 
3.6000000e+01 5.4024956e+01 0.0000000e+00 
4.2000000e+01 4.9539406e+01 0.0000000e+00 
3.9000000e+01 5.1937439e+01 0.0000000e+00 
4.7250000e+01 4.4571327e+01 0.0000000e+00 
4.4250000e+01 4.7578392e+01 0.0000000e+00 
4.3500000e+01 4.8269550e+01 0.0000000e+00 
4.5750000e+01 4.6159340e+01 0.0000000e+00 
4.6500000e+01 4.5451164e+01 0.0000000e+00 
3.6750000e+01 5.3648647e+01 0.0000000e+00 
3.8250000e+01 5.2603352e+01 0.0000000e+00 
4.5000000e+01 4.6965427e+01 0.0000000e+00 
4.2750000e+01 4.9033234e+01 0.0000000e+00 
3.4500000e+01 5.5163849e+01 0.0000000e+00 
4.8000000e+01 4.4000000e+01 0.0000000e+00 
3.5250000e+01 5.4755032e+01 0.0000000e+00 
4.7250000e+01 4.4824715e+01 0.0000000e+00 
4.0500000e+01 5.1006779e+01 0.0000000e+00 
4.1250000e+01 5.0415943e+01 0.0000000e+00 
3.9750000e+01 5.1627789e+01 0.0000000e+00 
3.7500000e+01 5.3286934e+01 0.0000000e+00 
4.5750000e+01 4.6432468e+01 0.0000000e+00 
4.4250000e+01 4.7874218e+01 0.0000000e+00 
4.2000000e+01 4.9860970e+01 0.0000000e+00 
3.6000000e+01 5.4362640e+01 0.0000000e+00 
4.3500000e+01 4.8575386e+01 0.0000000e+00 
4.6500000e+01 4.5713398e+01 0.0000000e+00 
3.9000000e+01 5.2273682e+01 0.0000000e+00 
4.5000000e+01 4.7250362e+01 0.0000000e+00 
4.8000000e+01 4.4250000e+01 0.0000000e+00 
4.2750000e+01 4.9347618e+01 0.0000000e+00 
4.7250000e+01 4.5078602e+01 0.0000000e+00 
3.6750000e+01 5.3985363e+01 0.0000000e+00 
3.8250000e+01 5.2939819e+01 0.0000000e+00 
3.4500000e+01 5.5500000e+01 0.0000000e+00 
4.5750000e+01 4.6706375e+01 0.0000000e+00 
4.0500000e+01 5.1337276e+01 0.0000000e+00 
4.6500000e+01 4.5976360e+01 0.0000000e+00 
4.1250000e+01 5.0742439e+01 0.0000000e+00 
3.5250000e+01 5.5090240e+01 0.0000000e+00 
4.4250000e+01 4.8170509e+01 0.0000000e+00 
3.9750000e+01 5.1960827e+01 0.0000000e+00 
3.7500000e+01 5.3622471e+01 0.0000000e+00 
4.3500000e+01 4.8881397e+01 0.0000000e+00 
4.2000000e+01 5.0182007e+01 0.0000000e+00 
4.8000000e+01 4.4500000e+01 0.0000000e+00 
4.5000000e+01 4.7535954e+01 0.0000000e+00 
4.7250000e+01 4.5332962e+01 0.0000000e+00 
3.6000000e+01 5.4697083e+01 0.0000000e+00 
3.9000000e+01 5.2607849e+01 0.0000000e+00 
4.2750000e+01 4.9661808e+01 0.0000000e+00 
4.5750000e+01 4.6981010e+01 0.0000000e+00 
4.6500000e+01 4.6240013e+01 0.0000000e+00 
3.6750000e+01 5.4319023e+01 0.0000000e+00 
3.8250000e+01 5.3273819e+01 0.0000000e+00 
4.8000000e+01 4.4750000e+01 0.0000000e+00 
4.4250000e+01 4.8467190e+01 0.0000000e+00 
4.1250000e+01 5.1067936e+01 0.0000000e+00 
4.0500000e+01 5.1666382e+01 0.0000000e+00 
4.7250000e+01 4.5587784e+01 0.0000000e+00 
4.3500000e+01 4.9187500e+01 0.0000000e+00 
4.5000000e+01 4.7822136e+01 0.0000000e+00 
3.5250000e+01 5.5421936e+01 0.0000000e+00 
4.2000000e+01 5.0502411e+01 0.0000000e+00 
3.9750000e+01 5.2292068e+01 0.0000000e+00 
3.7500000e+01 5.3955173e+01 0.0000000e+00 
3.9000000e+01 5.2939819e+01 0.0000000e+00 
3.6000000e+01 5.5028160e+01 0.0000000e+00 
4.6500000e+01 4.6504322e+01 0.0000000e+00 
4.2750000e+01 4.9975704e+01 0.0000000e+00 
4.5750000e+01 4.7256317e+01 0.0000000e+00 
4.8000000e+01 4.5000000e+01 0.0000000e+00 
4.7250000e+01 4.5843044e+01 0.0000000e+00 
4.4250000e+01 4.8764183e+01 0.0000000e+00 
3.8250000e+01 5.3605232e+01 0.0000000e+00 
3.6750000e+01 5.4649509e+01 0.0000000e+00 
4.5000000e+01 4.8108845e+01 0.0000000e+00 
4.3500000e+01 4.9493603e+01 0.0000000e+00 
4.1250000e+01 5.1392319e+01 0.0000000e+00 
4.0500000e+01 5.1993977e+01 0.0000000e+00 
4.2000000e+01 5.0822083e+01 0.0000000e+00 
3.9750000e+01 5.2621395e+01 0.0000000e+00 
4.6500000e+01 4.6769249e+01 0.0000000e+00 
3.5250000e+01 5.5750000e+01 0.0000000e+00 
4.8000000e+01 4.5250000e+01 0.0000000e+00 
4.5750000e+01 4.7532249e+01 0.0000000e+00 
3.7500000e+01 5.4284920e+01 0.0000000e+00 
4.2750000e+01 5.0289215e+01 0.0000000e+00 
4.7250000e+01 4.6098724e+01 0.0000000e+00 
3.9000000e+01 5.3269470e+01 0.0000000e+00 
3.6000000e+01 5.5355751e+01 0.0000000e+00 
4.4250000e+01 4.9061409e+01 0.0000000e+00 
4.5000000e+01 4.8396011e+01 0.0000000e+00 
3.8250000e+01 5.3933937e+01 0.0000000e+00 
4.3500000e+01 4.9799614e+01 0.0000000e+00 
3.6750000e+01 5.4976692e+01 0.0000000e+00 
4.8000000e+01 4.5500000e+01 0.0000000e+00 
4.6500000e+01 4.7034760e+01 0.0000000e+00 
4.1250000e+01 5.1715477e+01 0.0000000e+00 
4.0500000e+01 5.2319946e+01 0.0000000e+00 
4.5750000e+01 4.7808750e+01 0.0000000e+00 
4.2000000e+01 5.1140911e+01 0.0000000e+00 
4.7250000e+01 4.6354809e+01 0.0000000e+00 
3.9750000e+01 5.2948685e+01 0.0000000e+00 
4.2750000e+01 5.0602234e+01 0.0000000e+00 
3.7500000e+01 5.4611588e+01 0.0000000e+00 
3.9000000e+01 5.3596680e+01 0.0000000e+00 
4.4250000e+01 4.9358791e+01 0.0000000e+00 
4.5000000e+01 4.8683575e+01 0.0000000e+00 
3.6000000e+01 5.5679737e+01 0.0000000e+00 
4.8000000e+01 4.5750000e+01 0.0000000e+00 
4.6500000e+01 4.7300812e+01 0.0000000e+00 
4.3500000e+01 5.0105450e+01 0.0000000e+00 
4.7250000e+01 4.6611271e+01 0.0000000e+00 
4.5750000e+01 4.8085773e+01 0.0000000e+00 
3.8250000e+01 5.4259808e+01 0.0000000e+00 
3.6750000e+01 5.5300457e+01 0.0000000e+00 
4.1250000e+01 5.2037300e+01 0.0000000e+00 
4.0500000e+01 5.2644173e+01 0.0000000e+00 
4.2000000e+01 5.1458794e+01 0.0000000e+00 
3.9750000e+01 5.3273819e+01 0.0000000e+00 
4.2750000e+01 5.0914669e+01 0.0000000e+00 
4.8000000e+01 4.6000000e+01 0.0000000e+00 
4.5000000e+01 4.8971466e+01 0.0000000e+00 
4.4250000e+01 4.9656250e+01 0.0000000e+00 
3.7500000e+01 5.4935051e+01 0.0000000e+00 
4.6500000e+01 4.7567375e+01 0.0000000e+00 
3.9000000e+01 5.3921329e+01 0.0000000e+00 
4.7250000e+01 4.6868095e+01 0.0000000e+00 
3.6000000e+01 5.6000000e+01 0.0000000e+00 
4.5750000e+01 4.8363258e+01 0.0000000e+00 
4.3500000e+01 5.0411022e+01 0.0000000e+00 
3.8250000e+01 5.4582726e+01 0.0000000e+00 
4.1250000e+01 5.2357674e+01 0.0000000e+00 
4.8000000e+01 4.6250000e+01 0.0000000e+00 
3.6750000e+01 5.5620678e+01 0.0000000e+00 
4.2000000e+01 5.1775627e+01 0.0000000e+00 
4.0500000e+01 5.2966541e+01 0.0000000e+00 
4.6500000e+01 4.7834412e+01 0.0000000e+00 
4.5000000e+01 4.9259621e+01 0.0000000e+00 
4.2750000e+01 5.1226418e+01 0.0000000e+00 
3.9750000e+01 5.3596680e+01 0.0000000e+00 
4.7250000e+01 4.7125267e+01 0.0000000e+00 
4.4250000e+01 4.9953709e+01 0.0000000e+00 
4.5750000e+01 4.8641163e+01 0.0000000e+00 
3.7500000e+01 5.5255188e+01 0.0000000e+00 
3.9000000e+01 5.4243290e+01 0.0000000e+00 
4.3500000e+01 5.0716236e+01 0.0000000e+00 
4.8000000e+01 4.6500000e+01 0.0000000e+00 
4.6500000e+01 4.8101887e+01 0.0000000e+00 
4.1250000e+01 5.2676487e+01 0.0000000e+00 
3.8250000e+01 5.4902561e+01 0.0000000e+00 
4.2000000e+01 5.2091301e+01 0.0000000e+00 
4.7250000e+01 4.7382763e+01 0.0000000e+00 
3.6750000e+01 5.5937233e+01 0.0000000e+00 
4.0500000e+01 5.3286934e+01 0.0000000e+00 
4.5000000e+01 4.9547970e+01 0.0000000e+00 
4.4250000e+01 5.0251091e+01 0.0000000e+00 
4.2750000e+01 5.1537392e+01 0.0000000e+00 
4.5750000e+01 4.8919430e+01 0.0000000e+00 
3.9750000e+01 5.3917145e+01 0.0000000e+00 
4.8000000e+01 4.6750000e+01 0.0000000e+00 
3.7500000e+01 5.5571873e+01 0.0000000e+00 
4.3500000e+01 5.1021011e+01 0.0000000e+00 
3.9000000e+01 5.4562447e+01 0.0000000e+00 
4.6500000e+01 4.8369759e+01 0.0000000e+00 
4.7250000e+01 4.7640564e+01 0.0000000e+00 
4.5000000e+01 4.9836452e+01 0.0000000e+00 
4.1250000e+01 5.2993633e+01 0.0000000e+00 
4.2000000e+01 5.2405716e+01 0.0000000e+00 
3.8250000e+01 5.5219193e+01 0.0000000e+00 
4.8000000e+01 4.7000000e+01 0.0000000e+00 
4.4250000e+01 5.0548317e+01 0.0000000e+00 
4.5750000e+01 4.9198006e+01 0.0000000e+00 
4.0500000e+01 5.3605232e+01 0.0000000e+00 
3.6750000e+01 5.6250000e+01 0.0000000e+00 
4.2750000e+01 5.1847485e+01 0.0000000e+00 
3.9750000e+01 5.4235100e+01 0.0000000e+00 
4.3500000e+01 5.1325256e+01 0.0000000e+00 
4.7250000e+01 4.7898651e+01 0.0000000e+00 
4.6500000e+01 4.8637997e+01 0.0000000e+00 
3.7500000e+01 5.5884987e+01 0.0000000e+00 
3.9000000e+01 5.4878674e+01 0.0000000e+00 
4.8000000e+01 4.7250000e+01 0.0000000e+00 
4.5000000e+01 5.0125000e+01 0.0000000e+00 
4.5750000e+01 4.9476845e+01 0.0000000e+00 
4.2000000e+01 5.2718761e+01 0.0000000e+00 
4.4250000e+01 5.0845310e+01 0.0000000e+00 
4.1250000e+01 5.3308998e+01 0.0000000e+00 
3.8250000e+01 5.5532497e+01 0.0000000e+00 
4.0500000e+01 5.3921329e+01 0.0000000e+00 
4.2750000e+01 5.2156601e+01 0.0000000e+00 
4.7250000e+01 4.8157005e+01 0.0000000e+00 
4.6500000e+01 4.8906563e+01 0.0000000e+00 
3.9750000e+01 5.4550415e+01 0.0000000e+00 
4.3500000e+01 5.1628880e+01 0.0000000e+00 
4.8000000e+01 4.7500000e+01 0.0000000e+00 
3.7500000e+01 5.6194405e+01 0.0000000e+00 
4.5000000e+01 5.0413548e+01 0.0000000e+00 
3.9000000e+01 5.5191849e+01 0.0000000e+00 
4.5750000e+01 4.9755890e+01 0.0000000e+00 
4.4250000e+01 5.1141991e+01 0.0000000e+00 
4.2000000e+01 5.3030334e+01 0.0000000e+00 
4.7250000e+01 4.8415607e+01 0.0000000e+00 
4.1250000e+01 5.3622471e+01 0.0000000e+00 
4.2750000e+01 5.2464645e+01 0.0000000e+00 
4.6500000e+01 4.9175419e+01 0.0000000e+00 
3.8250000e+01 5.5842354e+01 0.0000000e+00 
4.0500000e+01 5.4235100e+01 0.0000000e+00 
4.8000000e+01 4.7750000e+01 0.0000000e+00 
4.3500000e+01 5.1931793e+01 0.0000000e+00 
3.9750000e+01 5.4862980e+01 0.0000000e+00 
4.5000000e+01 5.0702030e+01 0.0000000e+00 
4.5750000e+01 5.0035091e+01 0.0000000e+00 
3.7500000e+01 5.6500000e+01 0.0000000e+00 
3.9000000e+01 5.5501854e+01 0.0000000e+00 
4.7250000e+01 4.8674438e+01 0.0000000e+00 
4.4250000e+01 5.1438282e+01 0.0000000e+00 
4.6500000e+01 4.9444527e+01 0.0000000e+00 
4.8000000e+01 4.8000000e+01 0.0000000e+00 
4.2000000e+01 5.3340332e+01 0.0000000e+00 
4.1250000e+01 5.3933937e+01 0.0000000e+00 
4.2750000e+01 5.2771523e+01 0.0000000e+00 
4.0500000e+01 5.4546429e+01 0.0000000e+00 
3.8250000e+01 5.6148640e+01 0.0000000e+00 
4.3500000e+01 5.2233913e+01 0.0000000e+00 
3.9750000e+01 5.5172672e+01 0.0000000e+00 
4.5750000e+01 5.0314392e+01 0.0000000e+00 
4.5000000e+01 5.0990379e+01 0.0000000e+00 
4.7250000e+01 4.8933479e+01 0.0000000e+00 
4.8000000e+01 4.8250000e+01 0.0000000e+00 
4.6500000e+01 4.9713856e+01 0.0000000e+00 
4.4250000e+01 5.1734108e+01 0.0000000e+00 
3.9000000e+01 5.5808559e+01 0.0000000e+00 
4.2000000e+01 5.3648647e+01 0.0000000e+00 
4.1250000e+01 5.4243290e+01 0.0000000e+00 
4.2750000e+01 5.3077129e+01 0.0000000e+00 
4.0500000e+01 5.4855206e+01 0.0000000e+00 
3.8250000e+01 5.6451229e+01 0.0000000e+00 
4.3500000e+01 5.2535149e+01 0.0000000e+00 
4.7250000e+01 4.9192711e+01 0.0000000e+00 
4.5750000e+01 5.0593750e+01 0.0000000e+00 
4.5000000e+01 5.1278534e+01 0.0000000e+00 
4.8000000e+01 4.8500000e+01 0.0000000e+00 
3.9750000e+01 5.5479370e+01 0.0000000e+00 
4.6500000e+01 4.9983368e+01 0.0000000e+00 
4.4250000e+01 5.2029385e+01 0.0000000e+00 
3.9000000e+01 5.6111851e+01 0.0000000e+00 
4.2000000e+01 5.3955173e+01 0.0000000e+00 
4.2750000e+01 5.3381367e+01 0.0000000e+00 
4.1250000e+01 5.4550415e+01 0.0000000e+00 
4.7250000e+01 4.9452118e+01 0.0000000e+00 
4.8000000e+01 4.8750000e+01 0.0000000e+00 
4.5750000e+01 5.0873108e+01 0.0000000e+00 
4.0500000e+01 5.5161308e+01 0.0000000e+00 
3.8250000e+01 5.6750000e+01 0.0000000e+00 
4.3500000e+01 5.2835411e+01 0.0000000e+00 
4.5000000e+01 5.1566425e+01 0.0000000e+00 
4.6500000e+01 5.0253021e+01 0.0000000e+00 
3.9750000e+01 5.5782955e+01 0.0000000e+00 
4.4250000e+01 5.2324039e+01 0.0000000e+00 
3.9000000e+01 5.6411602e+01 0.0000000e+00 
4.7250000e+01 4.9711674e+01 0.0000000e+00 
4.8000000e+01 4.9000000e+01 0.0000000e+00 
4.2000000e+01 5.4259808e+01 0.0000000e+00 
4.2750000e+01 5.3684147e+01 0.0000000e+00 
4.5750000e+01 5.1152409e+01 0.0000000e+00 
4.1250000e+01 5.4855206e+01 0.0000000e+00 
4.5000000e+01 5.1853989e+01 0.0000000e+00 
4.6500000e+01 5.0522789e+01 0.0000000e+00 
4.3500000e+01 5.3134613e+01 0.0000000e+00 
4.0500000e+01 5.5464622e+01 0.0000000e+00 
3.9750000e+01 5.6083309e+01 0.0000000e+00 
4.4250000e+01 5.2617996e+01 0.0000000e+00 
4.8000000e+01 4.9250000e+01 0.0000000e+00 
4.7250000e+01 4.9971367e+01 0.0000000e+00 
3.9000000e+01 5.6707691e+01 0.0000000e+00 
4.5750000e+01 5.1431610e+01 0.0000000e+00 
4.2000000e+01 5.4562447e+01 0.0000000e+00 
4.2750000e+01 5.3985363e+01 0.0000000e+00 
4.6500000e+01 5.0792625e+01 0.0000000e+00 
4.5000000e+01 5.2141155e+01 0.0000000e+00 
4.1250000e+01 5.5157543e+01 0.0000000e+00 
4.3500000e+01 5.3432659e+01 0.0000000e+00 
4.0500000e+01 5.5765034e+01 0.0000000e+00 
4.8000000e+01 4.9500000e+01 0.0000000e+00 
4.7250000e+01 5.0231171e+01 0.0000000e+00 
4.4250000e+01 5.2911171e+01 0.0000000e+00 
3.9750000e+01 5.6380310e+01 0.0000000e+00 
4.5750000e+01 5.1710655e+01 0.0000000e+00 
4.6500000e+01 5.1062500e+01 0.0000000e+00 
3.9000000e+01 5.7000000e+01 0.0000000e+00 
4.5000000e+01 5.2427864e+01 0.0000000e+00 
4.2000000e+01 5.4862980e+01 0.0000000e+00 
4.2750000e+01 5.4284920e+01 0.0000000e+00 
4.1250000e+01 5.5457321e+01 0.0000000e+00 
4.8000000e+01 4.9750000e+01 0.0000000e+00 
4.3500000e+01 5.3729473e+01 0.0000000e+00 
4.7250000e+01 5.0491074e+01 0.0000000e+00 
4.0500000e+01 5.6062424e+01 0.0000000e+00 
4.4250000e+01 5.3203491e+01 0.0000000e+00 
3.9750000e+01 5.6673836e+01 0.0000000e+00 
4.5750000e+01 5.1989494e+01 0.0000000e+00 
4.6500000e+01 5.1332375e+01 0.0000000e+00 
4.5000000e+01 5.2714046e+01 0.0000000e+00 
4.8000000e+01 5.0000000e+01 0.0000000e+00 
4.2000000e+01 5.5161308e+01 0.0000000e+00 
4.2750000e+01 5.4582726e+01 0.0000000e+00 
4.7250000e+01 5.0751049e+01 0.0000000e+00 
4.1250000e+01 5.5754425e+01 0.0000000e+00 
4.3500000e+01 5.4024956e+01 0.0000000e+00 
4.0500000e+01 5.6356678e+01 0.0000000e+00 
4.4250000e+01 5.3494877e+01 0.0000000e+00 
3.9750000e+01 5.6963776e+01 0.0000000e+00 
4.5750000e+01 5.2268070e+01 0.0000000e+00 
4.6500000e+01 5.1602211e+01 0.0000000e+00 
4.8000000e+01 5.0250000e+01 0.0000000e+00 
4.5000000e+01 5.2999638e+01 0.0000000e+00 
4.7250000e+01 5.1011086e+01 0.0000000e+00 
4.2750000e+01 5.4878674e+01 0.0000000e+00 
4.2000000e+01 5.5457321e+01 0.0000000e+00 
4.3500000e+01 5.4319023e+01 0.0000000e+00 
4.1250000e+01 5.6048748e+01 0.0000000e+00 
4.0500000e+01 5.6647678e+01 0.0000000e+00 
4.4250000e+01 5.3785248e+01 0.0000000e+00 
4.6500000e+01 5.1871979e+01 0.0000000e+00 
4.5750000e+01 5.2546337e+01 0.0000000e+00 
4.8000000e+01 5.0500000e+01 0.0000000e+00 
3.9750000e+01 5.7250000e+01 0.0000000e+00 
4.7250000e+01 5.1271156e+01 0.0000000e+00 
4.5000000e+01 5.3284573e+01 0.0000000e+00 
4.2750000e+01 5.5172672e+01 0.0000000e+00 
4.2000000e+01 5.5750916e+01 0.0000000e+00 
4.3500000e+01 5.4611588e+01 0.0000000e+00 
4.1250000e+01 5.6340176e+01 0.0000000e+00 
4.8000000e+01 5.0750000e+01 0.0000000e+00 
4.6500000e+01 5.2141632e+01 0.0000000e+00 
4.0500000e+01 5.6935310e+01 0.0000000e+00 
4.4250000e+01 5.4074528e+01 0.0000000e+00 
4.5750000e+01 5.2824242e+01 0.0000000e+00 
4.7250000e+01 5.1531250e+01 0.0000000e+00 
4.5000000e+01 5.3568783e+01 0.0000000e+00 
4.2750000e+01 5.5464622e+01 0.0000000e+00 
4.2000000e+01 5.6041988e+01 0.0000000e+00 
4.8000000e+01 5.1000000e+01 0.0000000e+00 
4.3500000e+01 5.4902561e+01 0.0000000e+00 
4.1250000e+01 5.6628597e+01 0.0000000e+00 
4.6500000e+01 5.2411144e+01 0.0000000e+00 
4.5750000e+01 5.3101727e+01 0.0000000e+00 
4.4250000e+01 5.4362640e+01 0.0000000e+00 
4.0500000e+01 5.7219456e+01 0.0000000e+00 
4.7250000e+01 5.1791344e+01 0.0000000e+00 
4.5000000e+01 5.3852203e+01 0.0000000e+00 
4.8000000e+01 5.1250000e+01 0.0000000e+00 
4.2750000e+01 5.5754425e+01 0.0000000e+00 
4.2000000e+01 5.6330429e+01 0.0000000e+00 
4.6500000e+01 5.2680473e+01 0.0000000e+00 
4.3500000e+01 5.5191849e+01 0.0000000e+00 
4.1250000e+01 5.6913902e+01 0.0000000e+00 
4.7250000e+01 5.2051414e+01 0.0000000e+00 
4.5750000e+01 5.3378750e+01 0.0000000e+00 
4.4250000e+01 5.4649509e+01 0.0000000e+00 
4.0500000e+01 5.7500000e+01 0.0000000e+00 
4.5000000e+01 5.4134773e+01 0.0000000e+00 
4.8000000e+01 5.1500000e+01 0.0000000e+00 
4.6500000e+01 5.2949581e+01 0.0000000e+00 
4.2750000e+01 5.6041988e+01 0.0000000e+00 
4.7250000e+01 5.2311451e+01 0.0000000e+00 
4.2000000e+01 5.6616138e+01 0.0000000e+00 
4.3500000e+01 5.5479370e+01 0.0000000e+00 
4.5750000e+01 5.3655251e+01 0.0000000e+00 
4.1250000e+01 5.7195980e+01 0.0000000e+00 
4.4250000e+01 5.4935051e+01 0.0000000e+00 
4.8000000e+01 5.1750000e+01 0.0000000e+00 
4.5000000e+01 5.4416420e+01 0.0000000e+00 
4.6500000e+01 5.3218437e+01 0.0000000e+00 
4.7250000e+01 5.2571426e+01 0.0000000e+00 
4.2750000e+01 5.6327206e+01 0.0000000e+00 
4.2000000e+01 5.6899010e+01 0.0000000e+00 
4.5750000e+01 5.3931183e+01 0.0000000e+00 
4.3500000e+01 5.5765034e+01 0.0000000e+00 
4.1250000e+01 5.7474716e+01 0.0000000e+00 
4.4250000e+01 5.5219193e+01 0.0000000e+00 
4.8000000e+01 5.2000000e+01 0.0000000e+00 
4.5000000e+01 5.4697083e+01 0.0000000e+00 
4.6500000e+01 5.3487003e+01 0.0000000e+00 
4.7250000e+01 5.2831329e+01 0.0000000e+00 
4.5750000e+01 5.4206490e+01 0.0000000e+00 
4.2750000e+01 5.6609989e+01 0.0000000e+00 
4.2000000e+01 5.7178936e+01 0.0000000e+00 
4.3500000e+01 5.6048748e+01 0.0000000e+00 
4.8000000e+01 5.2250000e+01 0.0000000e+00 
4.1250000e+01 5.7750000e+01 0.0000000e+00 
4.4250000e+01 5.5501854e+01 0.0000000e+00 
4.5000000e+01 5.4976692e+01 0.0000000e+00 
4.7250000e+01 5.3091133e+01 0.0000000e+00 
4.6500000e+01 5.3755241e+01 0.0000000e+00 
4.8000000e+01 5.2500000e+01 0.0000000e+00 
4.5750000e+01 5.4481125e+01 0.0000000e+00 
4.2750000e+01 5.6890232e+01 0.0000000e+00 
4.2000000e+01 5.7455814e+01 0.0000000e+00 
4.3500000e+01 5.6330429e+01 0.0000000e+00 
4.4250000e+01 5.5782955e+01 0.0000000e+00 
4.5000000e+01 5.5255188e+01 0.0000000e+00 
4.7250000e+01 5.3350826e+01 0.0000000e+00 
4.6500000e+01 5.4023113e+01 0.0000000e+00 
4.8000000e+01 5.2750000e+01 0.0000000e+00 
4.5750000e+01 5.4755032e+01 0.0000000e+00 
4.2750000e+01 5.7167843e+01 0.0000000e+00 
4.2000000e+01 5.7729538e+01 0.0000000e+00 
4.3500000e+01 5.6609989e+01 0.0000000e+00 
4.4250000e+01 5.6062424e+01 0.0000000e+00 
4.7250000e+01 5.3610382e+01 0.0000000e+00 
4.5000000e+01 5.5532497e+01 0.0000000e+00 
4.6500000e+01 5.4290588e+01 0.0000000e+00 
4.8000000e+01 5.3000000e+01 0.0000000e+00 
4.5750000e+01 5.5028160e+01 0.0000000e+00 
4.2750000e+01 5.7442722e+01 0.0000000e+00 
4.2000000e+01 5.8000000e+01 0.0000000e+00 
4.3500000e+01 5.6887333e+01 0.0000000e+00 
4.4250000e+01 5.6340176e+01 0.0000000e+00 
4.7250000e+01 5.3869789e+01 0.0000000e+00 
4.6500000e+01 5.4557625e+01 0.0000000e+00 
4.8000000e+01 5.3250000e+01 0.0000000e+00 
4.5000000e+01 5.5808559e+01 0.0000000e+00 
4.5750000e+01 5.5300457e+01 0.0000000e+00 
4.2750000e+01 5.7714775e+01 0.0000000e+00 
4.3500000e+01 5.7162376e+01 0.0000000e+00 
4.7250000e+01 5.4129021e+01 0.0000000e+00 
4.4250000e+01 5.6616138e+01 0.0000000e+00 
4.8000000e+01 5.3500000e+01 0.0000000e+00 
4.6500000e+01 5.4824188e+01 0.0000000e+00 
4.5000000e+01 5.6083309e+01 0.0000000e+00 
4.5750000e+01 5.5571873e+01 0.0000000e+00 
4.2750000e+01 5.7983898e+01 0.0000000e+00 
4.7250000e+01 5.4388062e+01 0.0000000e+00 
4.3500000e+01 5.7435036e+01 0.0000000e+00 
4.8000000e+01 5.3750000e+01 0.0000000e+00 
4.4250000e+01 5.6890232e+01 0.0000000e+00 
4.6500000e+01 5.5090240e+01 0.0000000e+00 
4.5000000e+01 5.6356678e+01 0.0000000e+00 
4.5750000e+01 5.5842354e+01 0.0000000e+00 
4.7250000e+01 5.4646893e+01 0.0000000e+00 
4.8000000e+01 5.4000000e+01 0.0000000e+00 
4.2750000e+01 5.8250000e+01 0.0000000e+00 
4.3500000e+01 5.7705212e+01 0.0000000e+00 
4.4250000e+01 5.7162376e+01 0.0000000e+00 
4.6500000e+01 5.5355751e+01 0.0000000e+00 
4.5000000e+01 5.6628597e+01 0.0000000e+00 
4.5750000e+01 5.6111851e+01 0.0000000e+00 
4.8000000e+01 5.4250000e+01 0.0000000e+00 
4.7250000e+01 5.4905495e+01 0.0000000e+00 
4.3500000e+01 5.7972824e+01 0.0000000e+00 
4.6500000e+01 5.5620678e+01 0.0000000e+00 
4.4250000e+01 5.7432499e+01 0.0000000e+00 
4.5000000e+01 5.6899010e+01 0.0000000e+00 
4.5750000e+01 5.6380310e+01 0.0000000e+00 
4.8000000e+01 5.4500000e+01 0.0000000e+00 
4.7250000e+01 5.5163849e+01 0.0000000e+00 
4.3500000e+01 5.8237785e+01 0.0000000e+00 
4.6500000e+01 5.5884987e+01 0.0000000e+00 
4.4250000e+01 5.7700516e+01 0.0000000e+00 
4.5000000e+01 5.7167843e+01 0.0000000e+00 
4.8000000e+01 5.4750000e+01 0.0000000e+00 
4.5750000e+01 5.6647678e+01 0.0000000e+00 
4.7250000e+01 5.5421936e+01 0.0000000e+00 
4.3500000e+01 5.8500000e+01 0.0000000e+00 
4.6500000e+01 5.6148640e+01 0.0000000e+00 
4.4250000e+01 5.7966354e+01 0.0000000e+00 
4.5000000e+01 5.7435036e+01 0.0000000e+00 
4.8000000e+01 5.5000000e+01 0.0000000e+00 
4.5750000e+01 5.6913902e+01 0.0000000e+00 
4.7250000e+01 5.5679737e+01 0.0000000e+00 
4.6500000e+01 5.6411602e+01 0.0000000e+00 
4.4250000e+01 5.8229931e+01 0.0000000e+00 
4.5000000e+01 5.7700516e+01 0.0000000e+00 
4.8000000e+01 5.5250000e+01 0.0000000e+00 
4.7250000e+01 5.5937233e+01 0.0000000e+00 
4.5750000e+01 5.7178936e+01 0.0000000e+00 
4.6500000e+01 5.6673836e+01 0.0000000e+00 
4.4250000e+01 5.8491173e+01 0.0000000e+00 
4.8000000e+01 5.5500000e+01 0.0000000e+00 
4.5000000e+01 5.7964226e+01 0.0000000e+00 
4.7250000e+01 5.6194405e+01 0.0000000e+00 
4.5750000e+01 5.7442722e+01 0.0000000e+00 
4.6500000e+01 5.6935310e+01 0.0000000e+00 
4.4250000e+01 5.8750000e+01 0.0000000e+00 
4.8000000e+01 5.5750000e+01 0.0000000e+00 
4.5000000e+01 5.8226093e+01 0.0000000e+00 
4.7250000e+01 5.6451229e+01 0.0000000e+00 
4.5750000e+01 5.7705212e+01 0.0000000e+00 
4.6500000e+01 5.7195980e+01 0.0000000e+00 
4.8000000e+01 5.6000000e+01 0.0000000e+00 
4.5000000e+01 5.8486053e+01 0.0000000e+00 
4.7250000e+01 5.6707691e+01 0.0000000e+00 
4.5750000e+01 5.7966354e+01 0.0000000e+00 
4.6500000e+01 5.7455814e+01 0.0000000e+00 
4.8000000e+01 5.6250000e+01 0.0000000e+00 
4.5000000e+01 5.8744045e+01 0.0000000e+00 
4.7250000e+01 5.6963776e+01 0.0000000e+00 
4.5750000e+01 5.8226093e+01 0.0000000e+00 
4.6500000e+01 5.7714775e+01 0.0000000e+00 
4.8000000e+01 5.6500000e+01 0.0000000e+00 
4.5000000e+01 5.9000000e+01 0.0000000e+00 
4.7250000e+01 5.7219456e+01 0.0000000e+00 
4.5750000e+01 5.8484379e+01 0.0000000e+00 
4.6500000e+01 5.7972824e+01 0.0000000e+00 
4.8000000e+01 5.6750000e+01 0.0000000e+00 
4.7250000e+01 5.7474716e+01 0.0000000e+00 
4.5750000e+01 5.8741161e+01 0.0000000e+00 
4.6500000e+01 5.8229931e+01 0.0000000e+00 
4.8000000e+01 5.7000000e+01 0.0000000e+00 
4.7250000e+01 5.7729538e+01 0.0000000e+00 
4.5750000e+01 5.8996384e+01 0.0000000e+00 
4.8000000e+01 5.7250000e+01 0.0000000e+00 
4.6500000e+01 5.8486053e+01 0.0000000e+00 
4.7250000e+01 5.7983898e+01 0.0000000e+00 
4.5750000e+01 5.9250000e+01 0.0000000e+00 
4.8000000e+01 5.7500000e+01 0.0000000e+00 
4.6500000e+01 5.8741161e+01 0.0000000e+00 
4.7250000e+01 5.8237785e+01 0.0000000e+00 
4.8000000e+01 5.7750000e+01 0.0000000e+00 
4.6500000e+01 5.8995209e+01 0.0000000e+00 
4.7250000e+01 5.8491173e+01 0.0000000e+00 
4.8000000e+01 5.8000000e+01 0.0000000e+00 
4.6500000e+01 5.9248169e+01 0.0000000e+00 
4.7250000e+01 5.8744045e+01 0.0000000e+00 
4.8000000e+01 5.8250000e+01 0.0000000e+00 
4.6500000e+01 5.9500000e+01 0.0000000e+00 
4.7250000e+01 5.8996384e+01 0.0000000e+00 
4.8000000e+01 5.8500000e+01 0.0000000e+00 
4.7250000e+01 5.9248169e+01 0.0000000e+00 
4.8000000e+01 5.8750000e+01 0.0000000e+00 
4.7250000e+01 5.9499382e+01 0.0000000e+00 
4.8000000e+01 5.9000000e+01 0.0000000e+00 
4.7250000e+01 5.9750000e+01 0.0000000e+00 
4.8000000e+01 5.9250000e+01 0.0000000e+00 
4.8000000e+01 5.9500000e+01 0.0000000e+00 
4.8000000e+01 5.9750000e+01 0.0000000e+00 
4.8000000e+01 6.0000000e+01 0.0000000e+00 

CELLS 4096 20480
4 2 4 1 0
4 5 8 4 2
4 11 15 8 5
4 17 22 15 11
4 27 32 22 17
4 37 43 32 27
4 50 56 43 37
4 63 70 56 50
4 81 87 70 63
4 96 106 87 81
4 117 125 106 96
4 137 148 125 117
4 162 171 148 137
4 185 198 171 162
4 214 225 198 185
4 240 255 225 214
4 274 287 255 240
4 304 321 287 274
4 341 356 321 304
4 379 392 356 341
4 417 433 392 379
4 461 478 433 417
4 506 521 478 461
4 550 570 521 506
4 599 615 570 550
4 650 668 615 599
4 703 726 668 650
4 759 777 726 703
4 816 837 777 759
4 877 901 837 816
4 941 964 901 877
4 1008 1027 964 941
4 1077 1099 1027 1008
4 1146 1171 1099 1077
4 1222 1243 1171 1146
4 1298 1318 1243 1222
4 1376 1398 1318 1298
4 1456 1483 1398 1376
4 1538 1565 1483 1456
4 1628 1650 1565 1538
4 1718 1737 1650 1628
4 1811 1832 1737 1718
4 1904 1925 1832 1811
4 2003 2023 1925 1904
4 2094 2116 2023 2003
4 2185 2210 2116 2094
4 2278 2297 2210 2185
4 2368 2387 2297 2278
4 2453 2474 2387 2368
4 2544 2554 2474 2453
4 2628 2643 2554 2544
4 2713 2729 2643 2628
4 2799 2815 2729 2713
4 2884 2895 2815 2799
4 2967 2979 2895 2884
4 3051 3064 2979 2967
4 3133 3148 3064 3051
4 3214 3229 3148 3133
4 3295 3310 3229 3214
4 3378 3393 3310 3295
4 3461 3471 3393 3378
4 3541 3554 3471 3461
4 3620 3635 3554 3541
4 3699 3714 3635 3620
4 4 7 3 1
4 8 12 7 4
4 15 18 12 8
4 22 28 18 15
4 32 36 28 22
4 43 49 36 32
4 56 62 49 43
4 70 78 62 56
4 87 94 78 70
4 106 115 94 87
4 125 135 115 106
4 148 158 135 125
4 171 183 158 148
4 198 210 183 171
4 225 238 210 198
4 255 269 238 225
4 287 300 269 255
4 321 336 300 287
4 356 370 336 321
4 392 411 370 356
4 433 449 411 392
4 478 493 449 433
4 521 541 493 478
4 570 584 541 521
4 615 637 584 570
4 668 688 637 615
4 726 740 688 668
4 777 799 740 726
4 837 859 799 777
4 901 917 859 837
4 964 984 917 901
4 1027 1051 984 964
4 1099 1119 1051 1027
4 1171 1191 1119 1099
4 1243 1265 1191 1171
4 1318 1345 1265 1243
4 1398 1422 1345 1318
4 1483 1502 1422 1398
4 1565 1587 1502 1483
4 1650 1673 1587 1565
4 1737 1766 1673 1650
4 1832 1857 1766 1737
4 1925 1953 1857 1832
4 2023 2042 1953 1925
4 2116 2137 2042 2023
4 2210 2230 2137 2116
4 2297 2318 2230 2210
4 2387 2406 2318 2297
4 2474 2492 2406 2387
4 2554 2579 2492 2474
4 2643 2665 2579 2554
4 2729 2747 2665 2643
4 2815 2830 2747 2729
4 2895 2915 2830 2815
4 2979 2997 2915 2895
4 3064 3081 2997 2979
4 3148 3160 3081 3064
4 3229 3246 3160 3148
4 3310 3325 3246 3229
4 3393 3405 3325 3310
4 3471 3488 3405 3393
4 3554 3568 3488 3471
4 3635 3648 3568 3554
4 3714 3730 3648 3635
4 7 10 6 3
4 12 16 10 7
4 18 23 16 12
4 28 33 23 18
4 36 44 33 28
4 49 57 44 36
4 62 71 57 49
4 78 85 71 62
4 94 105 85 78
4 115 122 105 94
4 135 146 122 115
4 158 168 146 135
4 183 195 168 158
4 210 221 195 183
4 238 252 221 210
4 269 281 252 238
4 300 317 281 269
4 336 349 317 300
4 370 388 349 336
4 411 428 388 370
4 449 467 428 411
4 493 511 467 449
4 541 554 511 493
4 584 606 554 541
4 637 657 606 584
4 688 707 657 637
4 740 762 707 688
4 799 820 762 740
4 859 879 820 799
4 917 940 879 859
4 984 1004 940 917
4 1051 1070 1004 984
4 1119 1140 1070 1051
4 1191 1214 1140 1119
4 1265 1291 1214 1191
4 1345 1364 1291 1265
4 1422 1447 1364 1345
4 1502 1528 1447 1422
4 1587 1611 1528 1502
4 1673 1701 1611 1587
4 1766 1784 1701 1673
4 1857 1881 1784 1766
4 1953 1976 1881 1857
4 2042 2071 1976 1953
4 2137 2159 2071 2042
4 2230 2253 2159 2137
4 2318 2338 2253 2230
4 2406 2422 2338 2318
4 2492 2511 2422 2406
4 2579 2596 2511 2492
4 2665 2679 2596 2579
4 2747 2764 2679 2665
4 2830 2848 2764 2747
4 2915 2931 2848 2830
4 2997 3011 2931 2915
4 3081 3094 3011 2997
4 3160 3176 3094 3081
4 3246 3260 3176 3160
4 3325 3339 3260 3246
4 3405 3418 3339 3325
4 3488 3500 3418 3405
4 3568 3581 3500 3488
4 3648 3661 3581 3568
4 3730 3740 3661 3648
4 10 14 9 6
4 16 21 14 10
4 23 29 21 16
4 33 40 29 23
4 44 52 40 33
4 57 64 52 44
4 71 80 64 57
4 85 95 80 71
4 105 116 95 85
4 122 134 116 105
4 146 157 134 122
4 168 180 157 146
4 195 207 180 168
4 221 234 207 195
4 252 265 234 221
4 281 296 265 252
4 317 331 296 281
4 349 367 331 317
4 388 406 367 349
4 428 442 406 388
4 467 485 442 428
4 511 527 485 467
4 554 575 527 511
4 606 625 575 554
4 657 674 625 606
4 707 729 674 657
4 762 785 729 707
4 820 839 785 762
4 879 903 839 820
4 940 966 903 879
4 1004 1024 966 940
4 1070 1097 1024 1004
4 1140 1167 1097 1070
4 1214 1237 1167 1140
4 1291 1312 1237 1214
4 1364 1390 1312 1291
4 1447 1469 1390 1364
4 1528 1553 1469 1447
4 1611 1635 1553 1528
4 1701 1724 1635 1611
4 1784 1815 1724 1701
4 1881 1906 1815 1784
4 1976 2000 1906 1881
4 2071 2091 2000 1976
4 2159 2181 2091 2071
4 2253 2270 2181 2159
4 2338 2358 2270 2253
4 2422 2445 2358 2338
4 2511 2531 2445 2422
4 2596 2616 2531 2511
4 2679 2700 2616 2596
4 2764 2781 2700 2679
4 2848 2863 2781 2764
4 2931 2945 2863 2848
4 3011 3030 2945 2931
4 3094 3110 3030 3011
4 3176 3194 3110 3094
4 3260 3272 3194 3176
4 3339 3354 3272 3260
4 3418 3435 3354 3339
4 3500 3513 3435 3418
4 3581 3594 3513 3500
4 3661 3676 3594 3581
4 3740 3756 3676 3661
4 14 20 13 9
4 21 26 20 14
4 29 35 26 21
4 40 45 35 29
4 52 59 45 40
4 64 73 59 52
4 80 90 73 64
4 95 107 90 80
4 116 123 107 95
4 134 147 123 116
4 157 167 147 134
4 180 194 167 157
4 207 219 194 180
4 234 249 219 207
4 265 278 249 234
4 296 313 278 265
4 331 345 313 296
4 367 383 345 331
4 406 420 383 367
4 442 463 420 406
4 485 505 463 442
4 527 548 505 485
4 575 594 548 527
4 625 642 594 575
4 674 697 642 625
4 729 749 697 674
4 785 804 749 729
4 839 863 804 785
4 903 922 863 839
4 966 986 922 903
4 1024 1052 986 966
4 1097 1117 1052 1024
4 1167 1188 1117 1097
4 1237 1261 1188 1167
4 1312 1337 1261 1237
4 1390 1414 1337 1312
4 1469 1493 1414 1390
4 1553 1577 1493 1469
4 1635 1662 1577 1553
4 1724 1748 1662 1635
4 1815 1835 1748 1724
4 1906 1928 1835 1815
4 2000 2025 1928 1906
4 2091 2114 2025 2000
4 2181 2206 2114 2091
4 2270 2290 2206 2181
4 2358 2376 2290 2270
4 2445 2464 2376 2358
4 2531 2549 2464 2445
4 2616 2633 2549 2531
4 2700 2715 2633 2616
4 2781 2800 2715 2700
4 2863 2881 2800 2781
4 2945 2963 2881 2863
4 3030 3041 2963 2945
4 3110 3124 3041 3030
4 3194 3205 3124 3110
4 3272 3286 3205 3194
4 3354 3369 3286 3272
4 3435 3447 3369 3354
4 3513 3528 3447 3435
4 3594 3610 3528 3513
4 3676 3689 3610 3594
4 3756 3769 3689 3676
4 20 25 19 13
4 26 34 25 20
4 35 42 34 26
4 45 53 42 35
4 59 68 53 45
4 73 82 68 59
4 90 98 82 73
4 107 118 98 90
4 123 136 118 107
4 147 159 136 123
4 167 181 159 147
4 194 206 181 167
4 219 233 206 194
4 249 263 233 219
4 278 294 263 249
4 313 327 294 278
4 345 363 327 313
4 383 401 363 345
4 420 439 401 383
4 463 481 439 420
4 505 523 481 463
4 548 569 523 505
4 594 614 569 548
4 642 664 614 594
4 697 714 664 642
4 749 771 714 697
4 804 828 771 749
4 863 886 828 804
4 922 944 886 863
4 986 1010 944 922
4 1052 1074 1010 986
4 1117 1141 1074 1052
4 1188 1210 1141 1117
4 1261 1286 1210 1188
4 1337 1359 1286 1261
4 1414 1437 1359 1337
4 1493 1522 1437 1414
4 1577 1600 1522 1493
4 1662 1685 1600 1577
4 1748 1773 1685 1662
4 1835 1863 1773 1748
4 1928 1957 1863 1835
4 2025 2045 1957 1928
4 2114 2138 2045 2025
4 2206 2225 2138 2114
4 2290 2313 2225 2206
4 2376 2401 2313 2290
4 2464 2484 2401 2376
4 2549 2572 2484 2464
4 2633 2650 2572 2549
4 2715 2737 2650 2633
4 2800 2819 2737 2715
4 2881 2896 2819 2800
4 2963 2978 2896 2881
4 3041 3060 2978 2963
4 3124 3143 3060 3041
4 3205 3224 3143 3124
4 3286 3303 3224 3205
4 3369 3382 3303 3286
4 3447 3464 3382 3369
4 3528 3544 3464 3447
4 3610 3623 3544 3528
4 3689 3701 3623 3610
4 3769 3781 3701 3689
4 25 31 24 19
4 34 41 31 25
4 42 51 41 34
4 53 61 51 42
4 68 76 61 53
4 82 92 76 68
4 98 109 92 82
4 118 130 109 98
4 136 150 130 118
4 159 169 150 136
4 181 196 169 159
4 206 220 196 181
4 233 250 220 206
4 263 277 250 233
4 294 311 277 263
4 327 342 311 294
4 363 381 342 327
4 401 416 381 363
4 439 458 416 401
4 481 497 458 439
4 523 543 497 481
4 569 587 543 523
4 614 636 587 569
4 664 685 636 614
4 714 735 685 664
4 771 793 735 714
4 828 846 793 771
4 886 909 846 828
4 944 970 909 886
4 1010 1030 970 944
4 1074 1100 1030 1010
4 1141 1169 1100 1074
4 1210 1236 1169 1141
4 1286 1310 1236 1210
4 1359 1387 1310 1286
4 1437 1463 1387 1359
4 1522 1541 1463 1437
4 1600 1627 1541 1522
4 1685 1710 1627 1600
4 1773 1801 1710 1685
4 1863 1888 1801 1773
4 1957 1983 1888 1863
4 2045 2073 1983 1957
4 2138 2163 2073 2045
4 2225 2251 2163 2138
4 2313 2335 2251 2225
4 2401 2418 2335 2313
4 2484 2504 2418 2401
4 2572 2586 2504 2484
4 2650 2672 2586 2572
4 2737 2753 2672 2650
4 2819 2836 2753 2737
4 2896 2917 2836 2819
4 2978 2998 2917 2896
4 3060 3079 2998 2978
4 3143 3155 3079 3060
4 3224 3238 3155 3143
4 3303 3316 3238 3224
4 3382 3398 3316 3303
4 3464 3479 3398 3382
4 3544 3558 3479 3464
4 3623 3636 3558 3544
4 3701 3716 3636 3623
4 3781 3795 3716 3701
4 31 39 30 24
4 41 48 39 31
4 51 60 48 41
4 61 72 60 51
4 76 84 72 61
4 92 103 84 76
4 109 120 103 92
4 130 139 120 109
4 150 163 139 130
4 169 184 163 150
4 196 209 184 169
4 220 236 209 196
4 250 264 236 220
4 277 295 264 250
4 311 325 295 277
4 342 360 325 311
4 381 394 360 342
4 416 435 394 381
4 458 475 435 416
4 497 518 475 458
4 543 564 518 497
4 587 609 564 543
4 636 658 609 587
4 685 706 658 636
4 735 758 706 685
4 793 811 758 735
4 846 871 811 793
4 909 933 871 846
4 970 991 933 909
4 1030 1056 991 970
4 1100 1122 1056 1030
4 1169 1189 1122 1100
4 1236 1264 1189 1169
4 1310 1334 1264 1236
4 1387 1409 1334 1310
4 1463 1487 1409 1387
4 1541 1567 1487 1463
4 1627 1653 1567 1541
4 1710 1736 1653 1627
4 1801 1826 1736 1710
4 1888 1918 1826 1801
4 1983 2010 1918 1888
4 2073 2098 2010 1983
4 2163 2183 2098 2073
4 2251 2272 2183 2163
4 2335 2356 2272 2251
4 2418 2444 2356 2335
4 2504 2523 2444 2418
4 2586 2608 2523 2504
4 2672 2689 2608 2586
4 2753 2771 2689 2672
4 2836 2853 2771 2753
4 2917 2936 2853 2836
4 2998 3013 2936 2917
4 3079 3093 3013 2998
4 3155 3173 3093 3079
4 3238 3255 3173 3155
4 3316 3334 3255 3238
4 3398 3415 3334 3316
4 3479 3491 3415 3398
4 3558 3570 3491 3479
4 3636 3652 3570 3558
4 3716 3732 3652 3636
4 3795 3807 3732 3716
4 39 47 38 30
4 48 58 47 39
4 60 69 58 48
4 72 83 69 60
4 84 97 83 72
4 103 113 97 84
4 120 132 113 103
4 139 151 132 120
4 163 177 151 139
4 184 200 177 163
4 209 222 200 184
4 236 253 222 209
4 264 279 253 236
4 295 312 279 264
4 325 343 312 295
4 360 378 343 325
4 394 413 378 360
4 435 455 413 394
4 475 495 455 435
4 518 538 495 475
4 564 581 538 518
4 609 631 581 564
4 658 677 631 609
4 706 730 677 658
4 758 783 730 706
4 811 835 783 758
4 871 893 835 811
4 933 954 893 871
4 991 1017 954 933
4 1056 1081 1017 991
4 1122 1145 1081 1056
4 1189 1219 1145 1122
4 1264 1289 1219 1189
4 1334 1360 1289 1264
4 1409 1435 1360 1334
4 1487 1516 1435 1409
4 1567 1592 1516 1487
4 1653 1678 1592 1567
4 1736 1768 1678 1653
4 1826 1853 1768 1736
4 1918 1944 1853 1826
4 2010 2034 1944 1918
4 2098 2124 2034 2010
4 2183 2212 2124 2098
4 2272 2292 2212 2183
4 2356 2378 2292 2272
4 2444 2463 2378 2356
4 2523 2546 2463 2444
4 2608 2627 2546 2523
4 2689 2708 2627 2608
4 2771 2793 2708 2689
4 2853 2872 2793 2771
4 2936 2952 2872 2853
4 3013 3033 2952 2936
4 3093 3111 3033 3013
4 3173 3192 3111 3093
4 3255 3269 3192 3173
4 3334 3351 3269 3255
4 3415 3428 3351 3334
4 3491 3509 3428 3415
4 3570 3589 3509 3491
4 3652 3667 3589 3570
4 3732 3744 3667 3652
4 3807 3819 3744 3732
4 47 55 46 38
4 58 67 55 47
4 69 79 67 58
4 83 93 79 69
4 97 108 93 83
4 113 127 108 97
4 132 145 127 113
4 151 165 145 132
4 177 189 165 151
4 200 215 189 177
4 222 239 215 200
4 253 268 239 222
4 279 297 268 253
4 312 329 297 279
4 343 362 329 312
4 378 393 362 343
4 413 434 393 378
4 455 470 434 413
4 495 515 470 455
4 538 556 515 495
4 581 605 556 538
4 631 649 605 581
4 677 700 649 631
4 730 754 700 677
4 783 805 754 730
4 835 861 805 783
4 893 915 861 835
4 954 979 915 893
4 1017 1042 979 954
4 1081 1105 1042 1017
4 1145 1174 1105 1081
4 1219 1241 1174 1145
4 1289 1315 1241 1219
4 1360 1388 1315 1289
4 1435 1464 1388 1360
4 1516 1539 1464 1435
4 1592 1623 1539 1516
4 1678 1706 1623 1592
4 1768 1791 1706 1678
4 1853 1880 1791 1768
4 1944 1971 1880 1853
4 2034 2064 1971 1944
4 2124 2147 2064 2034
4 2212 2234 2147 2124
4 2292 2319 2234 2212
4 2378 2404 2319 2292
4 2463 2485 2404 2378
4 2546 2571 2485 2463
4 2627 2647 2571 2546
4 2708 2728 2647 2627
4 2793 2809 2728 2708
4 2872 2890 2809 2793
4 2952 2971 2890 2872
4 3033 3053 2971 2952
4 3111 3128 3053 3033
4 3192 3207 3128 3111
4 3269 3285 3207 3192
4 3351 3364 3285 3269
4 3428 3443 3364 3351
4 3509 3521 3443 3428
4 3589 3600 3521 3509
4 3667 3681 3600 3589
4 3744 3757 3681 3667
4 3819 3833 3757 3744
4 55 65 54 46
4 67 77 65 55
4 79 91 77 67
4 93 104 91 79
4 108 121 104 93
4 127 138 121 108
4 145 161 138 127
4 165 179 161 145
4 189 201 179 165
4 215 231 201 189
4 239 256 231 215
4 268 283 256 239
4 297 315 283 268
4 329 346 315 297
4 362 382 346 329
4 393 414 382 362
4 434 454 414 393
4 470 491 454 434
4 515 534 491 470
4 556 579 534 515
4 605 627 579 556
4 649 673 627 605
4 700 724 673 649
4 754 773 724 700
4 805 830 773 754
4 861 883 830 805
4 915 942 883 861
4 979 1003 942 915
4 1042 1065 1003 979
4 1105 1133 1065 1042
4 1174 1198 1133 1105
4 1241 1268 1198 1174
4 1315 1338 1268 1241
4 1388 1415 1338 1315
4 1464 1489 1415 1388
4 1539 1566 1489 1464
4 1623 1649 1566 1539
4 1706 1732 1649 1623
4 1791 1817 1732 1706
4 1880 1911 1817 1791
4 1971 1998 1911 1880
4 2064 2085 1998 1971
4 2147 2173 2085 2064
4 2234 2258 2173 2147
4 2319 2345 2258 2234
4 2404 2423 2345 2319
4 2485 2506 2423 2404
4 2571 2588 2506 2485
4 2647 2671 2588 2571
4 2728 2751 2671 2647
4 2809 2827 2751 2728
4 2890 2910 2827 2809
4 2971 2989 2910 2890
4 3053 3067 2989 2971
4 3128 3147 3067 3053
4 3207 3225 3147 3128
4 3285 3304 3225 3207
4 3364 3381 3304 3285
4 3443 3462 3381 3364
4 3521 3538 3462 3443
4 3600 3614 3538 3521
4 3681 3693 3614 3600
4 3757 3773 3693 3681
4 3833 3846 3773 3757
4 65 74 66 54
4 77 89 74 65
4 91 102 89 77
4 104 119 102 91
4 121 133 119 104
4 138 152 133 121
4 161 174 152 138
4 179 197 174 161
4 201 217 197 179
4 231 245 217 201
4 256 273 245 231
4 283 301 273 256
4 315 333 301 283
4 346 365 333 315
4 382 399 365 346
4 414 436 399 382
4 454 471 436 414
4 491 514 471 454
4 534 553 514 491
4 579 602 553 534
4 627 644 602 579
4 673 696 644 627
4 724 743 696 673
4 773 798 743 724
4 830 853 798 773
4 883 911 853 830
4 942 969 911 883
4 1003 1026 969 942
4 1065 1091 1026 1003
4 1133 1158 1091 1065
4 1198 1224 1158 1133
4 1268 1296 1224 1198
4 1338 1367 1296 1268
4 1415 1441 1367 1338
4 1489 1520 1441 1415
4 1566 1594 1520 1489
4 1649 1677 1594 1566
4 1732 1764 1677 1649
4 1817 1849 1764 1732
4 1911 1935 1849 1817
4 1998 2026 1935 1911
4 2085 2113 2026 1998
4 2173 2199 2113 2085
4 2258 2282 2199 2173
4 2345 2366 2282 2258
4 2423 2449 2366 2345
4 2506 2530 2449 2423
4 2588 2610 2530 2506
4 2671 2688 2610 2588
4 2751 2768 2688 2671
4 2827 2849 2768 2751
4 2910 2925 2849 2827
4 2989 3008 2925 2910
4 3067 3086 3008 2989
4 3147 3168 3086 3067
4 3225 3242 3168 3147
4 3304 3318 3242 3225
4 3381 3397 3318 3304
4 3462 3473 3397 3381
4 3538 3553 3473 3462
4 3614 3632 3553 3538
4 3693 3711 3632 3614
4 3773 3787 3711 3693
4 3846 3856 3787 3773
4 74 86 75 66
4 89 101 86 74
4 102 114 101 89
4 119 131 114 102
4 133 149 131 119
4 152 166 149 133
4 174 187 166 152
4 197 213 187 174
4 217 235 213 197
4 245 258 235 217
4 273 291 258 245
4 301 319 291 273
4 333 350 319 301
4 365 385 350 333
4 399 419 385 365
4 436 457 419 399
4 471 494 457 436
4 514 536 494 471
4 553 577 536 514
4 602 622 577 553
4 644 670 622 602
4 696 719 670 644
4 743 770 719 696
4 798 824 770 743
4 853 875 824 798
4 911 936 875 853
4 969 992 936 911
4 1026 1055 992 969
4 1091 1116 1055 1026
4 1158 1183 1116 1091
4 1224 1252 1183 1158
4 1296 1319 1252 1224
4 1367 1396 1319 1296
4 1441 1470 1396 1367
4 1520 1545 1470 1441
4 1594 1624 1545 1520
4 1677 1708 1624 1594
4 1764 1788 1708 1677
4 1849 1877 1788 1764
4 1935 1964 1877 1849
4 2026 2054 1964 1935
4 2113 2139 2054 2026
4 2199 2222 2139 2113
4 2282 2310 2222 2199
4 2366 2390 2310 2282
4 2449 2468 2390 2366
4 2530 2551 2468 2449
4 2610 2632 2551 2530
4 2688 2709 2632 2610
4 2768 2792 2709 2688
4 2849 2870 2792 2768
4 2925 2946 2870 2849
4 3008 3024 2946 2925
4 3086 3104 3024 3008
4 3168 3180 3104 3086
4 3242 3261 3180 3168
4 3318 3337 3261 3242
4 3397 3416 3337 3318
4 3473 3490 3416 3397
4 3553 3569 3490 3473
4 3632 3646 3569 3553
4 3711 3722 3646 3632
4 3787 3798 3722 3711
4 3856 3868 3798 3787
4 86 99 88 75
4 101 111 99 86
4 114 129 111 101
4 131 144 129 114
4 149 164 144 131
4 166 182 164 149
4 187 202 182 166
4 213 228 202 187
4 235 254 228 213
4 258 276 254 235
4 291 308 276 258
4 319 338 308 291
4 350 369 338 319
4 385 404 369 350
4 419 440 404 385
4 457 477 440 419
4 494 517 477 457
4 536 555 517 494
4 577 601 555 536
4 622 643 601 577
4 670 693 643 622
4 719 739 693 670
4 770 796 739 719
4 824 845 796 770
4 875 904 845 824
4 936 960 904 875
4 992 1021 960 936
4 1055 1082 1021 992
4 1116 1143 1082 1055
4 1183 1208 1143 1116
4 1252 1275 1208 1183
4 1319 1350 1275 1252
4 1396 1424 1350 1319
4 1470 1496 1424 1396
4 1545 1574 1496 1470
4 1624 1656 1574 1545
4 1708 1734 1656 1624
4 1788 1818 1734 1708
4 1877 1908 1818 1788
4 1964 1990 1908 1877
4 2054 2078 1990 1964
4 2139 2169 2078 2054
4 2222 2252 2169 2139
4 2310 2329 2252 2222
4 2390 2414 2329 2310
4 2468 2495 2414 2390
4 2551 2575 2495 2468
4 2632 2653 2575 2551
4 2709 2731 2653 2632
4 2792 2810 2731 2709
4 2870 2889 2810 2792
4 2946 2968 2889 2870
4 3024 3040 2968 2946
4 3104 3122 3040 3024
4 3180 3199 3122 3104
4 3261 3278 3199 3180
4 3337 3355 3278 3261
4 3416 3432 3355 3337
4 3490 3508 3432 3416
4 3569 3586 3508 3490
4 3646 3660 3586 3569
4 3722 3737 3660 3646
4 3798 3813 3737 3722
4 3868 3881 3813 3798
4 99 110 100 88
4 111 126 110 99
4 129 143 126 111
4 144 160 143 129
4 164 178 160 144
4 182 199 178 164
4 202 218 199 182
4 228 244 218 202
4 254 272 244 228
4 276 298 272 254
4 308 322 298 276
4 338 358 322 308
4 369 389 358 338
4 404 425 389 369
4 440 460 425 404
4 477 496 460 440
4 517 539 496 477
4 555 580 539 517
4 601 623 580 555
4 643 669 623 601
4 693 716 669 643
4 739 767 716 693
4 796 817 767 739
4 845 872 817 796
4 904 928 872 845
4 960 985 928 904
4 1021 1047 985 960
4 1082 1107 1047 1021
4 1143 1173 1107 1082
4 1208 1238 1173 1143
4 1275 1305 1238 1208
4 1350 1378 1305 1275
4 1424 1449 1378 1350
4 1496 1526 1449 1424
4 1574 1604 1526 1496
4 1656 1683 1604 1574
4 1734 1769 1683 1656
4 1818 1852 1769 1734
4 1908 1934 1852 1818
4 1990 2024 1934 1908
4 2078 2109 2024 1990
4 2169 2192 2109 2078
4 2252 2276 2192 2169
4 2329 2355 2276 2252
4 2414 2440 2355 2329
4 2495 2517 2440 2414
4 2575 2597 2517 2495
4 2653 2676 2597 2575
4 2731 2754 2676 2653
4 2810 2831 2754 2731
4 2889 2911 2831 2810
4 2968 2988 2911 2889
4 3040 3062 2988 2968
4 3122 3140 3062 3040
4 3199 3219 3140 3122
4 3278 3291 3219 3199
4 3355 3370 3291 3278
4 3432 3446 3370 3355
4 3508 3522 3446 3432
4 3586 3598 3522 3508
4 3660 3677 3598 3586
4 3737 3753 3677 3660
4 3813 3827 3753 3737
4 3881 3894 3827 3813
4 110 124 112 100
4 126 141 124 110
4 143 155 141 126
4 160 176 155 143
4 178 193 176 160
4 199 216 193 178
4 218 237 216 199
4 244 259 237 218
4 272 289 259 244
4 298 318 289 272
4 322 344 318 298
4 358 376 344 322
4 389 410 376 358
4 425 445 410 389
4 460 484 445 425
4 496 520 484 460
4 539 560 520 496
4 580 604 560 539
4 623 645 604 580
4 669 694 645 623
4 716 738 694 669
4 767 790 738 716
4 817 843 790 767
4 872 898 843 817
4 928 953 898 872
4 985 1015 953 928
4 1047 1068 1015 985
4 1107 1135 1068 1047
4 1173 1201 1135 1107
4 1238 1266 1201 1173
4 1305 1335 1266 1238
4 1378 1404 1335 1305
4 1449 1481 1404 1378
4 1526 1557 1481 1449
4 1604 1633 1557 1526
4 1683 1711 1633 1604
4 1769 1795 1711 1683
4 1852 1879 1795 1769
4 1934 1965 1879 1852
4 2024 2052 1965 1934
4 2109 2136 2052 2024
4 2192 2218 2136 2109
4 2276 2305 2218 2192
4 2355 2382 2305 2276
4 2440 2460 2382 2355
4 2517 2543 2460 2440
4 2597 2619 2543 2517
4 2676 2699 2619 2597
4 2754 2774 2699 2676
4 2831 2852 2774 2754
4 2911 2929 2852 2831
4 2988 3007 2929 2911
4 3062 3084 3007 2988
4 3140 3157 3084 3062
4 3219 3234 3157 3140
4 3291 3311 3234 3219
4 3370 3388 3311 3291
4 3446 3465 3388 3370
4 3522 3540 3465 3446
4 3598 3613 3540 3522
4 3677 3692 3613 3598
4 3753 3767 3692 3677
4 3827 3838 3767 3753
4 3894 3904 3838 3827
4 124 140 128 112
4 141 153 140 124
4 155 173 153 141
4 176 191 173 155
4 193 212 191 176
4 216 232 212 193
4 237 257 232 216
4 259 280 257 237
4 289 307 280 259
4 318 337 307 289
4 344 366 337 318
4 376 395 366 344
4 410 432 395 376
4 445 466 432 410
4 484 503 466 445
4 520 544 503 484
4 560 582 544 520
4 604 628 582 560
4 645 672 628 604
4 694 718 672 645
4 738 766 718 694
4 790 814 766 738
4 843 869 814 790
4 898 923 869 843
4 953 981 923 898
4 1015 1040 981 953
4 1068 1101 1040 1015
4 1135 1164 1101 1068
4 1201 1227 1164 1135
4 1266 1297 1227 1201
4 1335 1361 1297 1266
4 1404 1433 1361 1335
4 1481 1509 1433 1404
4 1557 1586 1509 1481
4 1633 1665 1586 1557
4 1711 1743 1665 1633
4 1795 1827 1743 1711
4 1879 1913 1827 1795
4 1965 1993 1913 1879
4 2052 2079 1993 1965
4 2136 2168 2079 2052
4 2218 2246 2168 2136
4 2305 2324 2246 2218
4 2382 2408 2324 2305
4 2460 2487 2408 2382
4 2543 2564 2487 2460
4 2619 2641 2564 2543
4 2699 2722 2641 2619
4 2774 2796 2722 2699
4 2852 2874 2796 2774
4 2929 2949 2874 2852
4 3007 3027 2949 2929
4 3084 3103 3027 3007
4 3157 3179 3103 3084
4 3234 3253 3179 3157
4 3311 3331 3253 3234
4 3388 3404 3331 3311
4 3465 3483 3404 3388
4 3540 3556 3483 3465
4 3613 3633 3556 3540
4 3692 3706 3633 3613
4 3767 3782 3706 3692
4 3838 3851 3782 3767
4 3904 3915 3851 3838
4 140 154 142 128
4 153 170 154 140
4 173 188 170 153
4 191 208 188 173
4 212 229 208 191
4 232 251 229 212
4 257 275 251 232
4 280 299 275 257
4 307 323 299 280
4 337 355 323 307
4 366 387 355 337
4 395 418 387 366
4 432 452 418 395
4 466 489 452 432
4 503 526 489 466
4 544 567 526 503
4 582 608 567 544
4 628 651 608 582
4 672 698 651 628
4 718 741 698 672
4 766 794 741 718
4 814 841 794 766
4 869 894 841 814
4 923 951 894 869
4 981 1007 951 923
4 1040 1066 1007 981
4 1101 1130 1066 1040
4 1164 1190 1130 1101
4 1227 1258 1190 1164
4 1297 1325 1258 1227
4 1361 1395 1325 1297
4 1433 1466 1395 1361
4 1509 1534 1466 1433
4 1586 1617 1534 1509
4 1665 1694 1617 1586
4 1743 1774 1694 1665
4 1827 1858 1774 1743
4 1913 1943 1858 1827
4 1993 2028 1943 1913
4 2079 2111 2028 1993
4 2168 2190 2111 2079
4 2246 2273 2190 2168
4 2324 2352 2273 2246
4 2408 2433 2352 2324
4 2487 2510 2433 2408
4 2564 2587 2510 2487
4 2641 2667 2587 2564
4 2722 2741 2667 2641
4 2796 2822 2741 2722
4 2874 2893 2822 2796
4 2949 2972 2893 2874
4 3027 3045 2972 2949
4 3103 3121 3045 3027
4 3179 3197 3121 3103
4 3253 3271 3197 3179
4 3331 3346 3271 3253
4 3404 3422 3346 3331
4 3483 3499 3422 3404
4 3556 3574 3499 3483
4 3633 3647 3574 3556
4 3706 3720 3647 3633
4 3782 3796 3720 3706
4 3851 3864 3796 3782
4 3915 3928 3864 3851
4 154 172 156 142
4 170 186 172 154
4 188 204 186 170
4 208 226 204 188
4 229 247 226 208
4 251 270 247 229
4 275 293 270 251
4 299 320 293 275
4 323 347 320 299
4 355 375 347 323
4 387 408 375 355
4 418 441 408 387
4 452 474 441 418
4 489 513 474 452
4 526 549 513 489
4 567 590 549 526
4 608 632 590 567
4 651 675 632 608
4 698 722 675 651
4 741 768 722 698
4 794 818 768 741
4 841 870 818 794
4 894 921 870 841
4 951 978 921 894
4 1007 1034 978 951
4 1066 1096 1034 1007
4 1130 1157 1096 1066
4 1190 1221 1157 1130
4 1258 1288 1221 1190
4 1325 1353 1288 1258
4 1395 1426 1353 1325
4 1466 1495 1426 1395
4 1534 1569 1495 1466
4 1617 1644 1569 1534
4 1694 1726 1644 1617
4 1774 1806 1726 1694
4 1858 1887 1806 1774
4 1943 1973 1887 1858
4 2028 2058 1973 1943
4 2111 2141 2058 2028
4 2190 2220 2141 2111
4 2273 2302 2220 2190
4 2352 2377 2302 2273
4 2433 2455 2377 2352
4 2510 2537 2455 2433
4 2587 2613 2537 2510
4 2667 2686 2613 2587
4 2741 2765 2686 2667
4 2822 2842 2765 2741
4 2893 2918 2842 2822
4 2972 2992 2918 2893
4 3045 3066 2992 2972
4 3121 3142 3066 3045
4 3197 3218 3142 3121
4 3271 3289 3218 3197
4 3346 3365 3289 3271
4 3422 3441 3365 3346
4 3499 3514 3441 3422
4 3574 3591 3514 3499
4 3647 3665 3591 3574
4 3720 3736 3665 3647
4 3796 3811 3736 3720
4 3864 3877 3811 3796
4 3928 3937 3877 3864
4 172 190 175 156
4 186 203 190 172
4 204 223 203 186
4 226 243 223 204
4 247 266 243 226
4 270 290 266 247
4 293 314 290 270
4 320 340 314 293
4 347 368 340 320
4 375 398 368 347
4 408 429 398 375
4 441 464 429 408
4 474 498 464 441
4 513 535 498 474
4 549 574 535 513
4 590 613 574 549
4 632 660 613 590
4 675 701 660 632
4 722 746 701 675
4 768 797 746 722
4 818 844 797 768
4 870 895 844 818
4 921 950 895 870
4 978 1005 950 921
4 1034 1062 1005 978
4 1096 1124 1062 1034
4 1157 1186 1124 1096
4 1221 1250 1186 1157
4 1288 1316 1250 1221
4 1353 1386 1316 1288
4 1426 1451 1386 1353
4 1495 1527 1451 1426
4 1569 1602 1527 1495
4 1644 1676 1602 1569
4 1726 1756 1676 1644
4 1806 1834 1756 1726
4 1887 1921 1834 1806
4 1973 2008 1921 1887
4 2058 2086 2008 1973
4 2141 2171 2086 2058
4 2220 2250 2171 2141
4 2302 2325 2250 2220
4 2377 2407 2325 2302
4 2455 2483 2407 2377
4 2537 2556 2483 2455
4 2613 2636 2556 2537
4 2686 2712 2636 2613
4 2765 2788 2712 2686
4 2842 2861 2788 2765
4 2918 2940 2861 2842
4 2992 3012 2940 2918
4 3066 3089 3012 2992
4 3142 3161 3089 3066
4 3218 3235 3161 3142
4 3289 3309 3235 3218
4 3365 3384 3309 3289
4 3441 3458 3384 3365
4 3514 3532 3458 3441
4 3591 3608 3532 3514
4 3665 3680 3608 3591
4 3736 3755 3680 3665
4 3811 3823 3755 3736
4 3877 3888 3823 3811
4 3937 3948 3888 3877
4 190 205 192 175
4 203 224 205 190
4 223 241 224 203
4 243 261 241 223
4 266 286 261 243
4 290 309 286 266
4 314 335 309 290
4 340 361 335 314
4 368 391 361 340
4 398 421 391 368
4 429 453 421 398
4 464 488 453 429
4 498 522 488 464
4 535 559 522 498
4 574 598 559 535
4 613 639 598 574
4 660 682 639 613
4 701 728 682 660
4 746 772 728 701
4 797 825 772 746
4 844 873 825 797
4 895 925 873 844
4 950 980 925 895
4 1005 1033 980 950
4 1062 1093 1033 1005
4 1124 1150 1093 1062
4 1186 1217 1150 1124
4 1250 1279 1217 1186
4 1316 1349 1279 1250
4 1386 1416 1349 1316
4 1451 1484 1416 1386
4 1527 1560 1484 1451
4 1602 1632 1560 1527
4 1676 1709 1632 1602
4 1756 1785 1709 1676
4 1834 1871 1785 1756
4 1921 1956 1871 1834
4 2008 2036 1956 1921
4 2086 2117 2036 2008
4 2171 2198 2117 2086
4 2250 2277 2198 2171
4 2325 2353 2277 2250
4 2407 2432 2353 2325
4 2483 2508 2432 2407
4 2556 2583 2508 2483
4 2636 2664 2583 2556
4 2712 2738 2664 2636
4 2788 2811 2738 2712
4 2861 2886 2811 2788
4 2940 2961 2886 2861
4 3012 3034 2961 2940
4 3089 3107 3034 3012
4 3161 3181 3107 3089
4 3235 3256 3181 3161
4 3309 3330 3256 3235
4 3384 3402 3330 3309
4 3458 3474 3402 3384
4 3532 3548 3474 3458
4 3608 3622 3548 3532
4 3680 3696 3622 3608
4 3755 3770 3696 3680
4 3823 3834 3770 3755
4 3888 3901 3834 3823
4 3948 3959 3901 3888
4 205 227 211 192
4 224 242 227 205
4 241 260 242 224
4 261 284 260 241
4 286 305 284 261
4 309 332 305 286
4 335 357 332 309
4 361 386 357 335
4 391 412 386 361
4 421 443 412 391
4 453 476 443 421
4 488 510 476 453
4 522 547 510 488
4 559 583 547 522
4 598 624 583 559
4 639 665 624 598
4 682 708 665 639
4 728 756 708 682
4 772 801 756 728
4 825 849 801 772
4 873 902 849 825
4 925 952 902 873
4 980 1006 952 925
4 1033 1063 1006 980
4 1093 1123 1063 1033
4 1150 1182 1123 1093
4 1217 1247 1182 1150
4 1279 1311 1247 1217
4 1349 1377 1311 1279
4 1416 1448 1377 1349
4 1484 1518 1448 1416
4 1560 1589 1518 1484
4 1632 1668 1589 1560
4 1709 1740 1668 1632
4 1785 1820 1740 1709
4 1871 1901 1820 1785
4 1956 1986 1901 1871
4 2036 2069 1986 1956
4 2117 2148 2069 2036
4 2198 2226 2148 2117
4 2277 2308 2226 2198
4 2353 2383 2308 2277
4 2432 2456 2383 2353
4 2508 2536 2456 2432
4 2583 2611 2536 2508
4 2664 2680 2611 2583
4 2738 2760 2680 2664
4 2811 2835 2760 2738
4 2886 2908 2835 2811
4 2961 2980 2908 2886
4 3034 3057 2980 2961
4 3107 3127 3057 3034
4 3181 3201 3127 3107
4 3256 3276 3201 3181
4 3330 3348 3276 3256
4 3402 3420 3348 3330
4 3474 3494 3420 3402
4 3548 3567 3494 3474
4 3622 3639 3567 3548
4 3696 3713 3639 3622
4 3770 3785 3713 3696
4 3834 3850 3785 3770
4 3901 3914 3850 3834
4 3959 3970 3914 3901
4 227 246 230 211
4 242 262 246 227
4 260 282 262 242
4 284 302 282 260
4 305 328 302 284
4 332 353 328 305
4 357 380 353 332
4 386 407 380 357
4 412 438 407 386
4 443 468 438 412
4 476 499 468 443
4 510 537 499 476
4 547 573 537 510
4 583 611 573 547
4 624 648 611 583
4 665 692 648 624
4 708 734 692 665
4 756 780 734 708
4 801 831 780 756
4 849 876 831 801
4 902 931 876 849
4 952 982 931 902
4 1006 1036 982 952
4 1063 1095 1036 1006
4 1123 1149 1095 1063
4 1182 1213 1149 1123
4 1247 1273 1213 1182
4 1311 1344 1273 1247
4 1377 1406 1344 1311
4 1448 1479 1406 1377
4 1518 1549 1479 1448
4 1589 1622 1549 1518
4 1668 1697 1622 1589
4 1740 1775 1697 1668
4 1820 1855 1775 1740
4 1901 1932 1855 1820
4 1986 2019 1932 1901
4 2069 2102 2019 1986
4 2148 2177 2102 2069
4 2226 2256 2177 2148
4 2308 2332 2256 2226
4 2383 2412 2332 2308
4 2456 2486 2412 2383
4 2536 2558 2486 2456
4 2611 2635 2558 2536
4 2680 2707 2635 2611
4 2760 2785 2707 2680
4 2835 2857 2785 2760
4 2908 2932 2857 2835
4 2980 3004 2932 2908
4 3057 3078 3004 2980
4 3127 3150 3078 3057
4 3201 3223 3150 3127
4 3276 3292 3223 3201
4 3348 3368 3292 3276
4 3420 3440 3368 3348
4 3494 3511 3440 3420
4 3567 3585 3511 3494
4 3639 3656 3585 3567
4 3713 3731 3656 3639
4 3785 3799 3731 3713
4 3850 3865 3799 3785
4 3914 3925 3865 3850
4 3970 3981 3925 3914
4 246 267 248 230
4 262 285 267 246
4 282 303 285 262
4 302 324 303 282
4 328 351 324 302
4 353 374 351 328
4 380 403 374 353
4 407 431 403 380
4 438 462 431 407
4 468 490 462 438
4 499 525 490 468
4 537 562 525 499
4 573 596 562 537
4 611 638 596 573
4 648 676 638 611
4 692 720 676 648
4 734 763 720 692
4 780 807 763 734
4 831 857 807 780
4 876 907 857 831
4 931 956 907 876
4 982 1014 956 931
4 1036 1067 1014 982
4 1095 1125 1067 1036
4 1149 1184 1125 1095
4 1213 1246 1184 1149
4 1273 1306 1246 1213
4 1344 1372 1306 1273
4 1406 1440 1372 1344
4 1479 1511 1440 1406
4 1549 1583 1511 1479
4 1622 1658 1583 1549
4 1697 1731 1658 1622
4 1775 1809 1731 1697
4 1855 1886 1809 1775
4 1932 1970 1886 1855
4 2019 2049 1970 1932
4 2102 2130 2049 2019
4 2177 2211 2130 2102
4 2256 2283 2211 2177
4 2332 2362 2283 2256
4 2412 2439 2362 2332
4 2486 2512 2439 2412
4 2558 2585 2512 2486
4 2635 2663 2585 2558
4 2707 2736 2663 2635
4 2785 2803 2736 2707
4 2857 2880 2803 2785
4 2932 2953 2880 2857
4 3004 3026 2953 2932
4 3078 3098 3026 3004
4 3150 3172 3098 3078
4 3223 3244 3172 3150
4 3292 3315 3244 3223
4 3368 3387 3315 3292
4 3440 3459 3387 3368
4 3511 3531 3459 3440
4 3585 3602 3531 3511
4 3656 3673 3602 3585
4 3731 3746 3673 3656
4 3799 3815 3746 3731
4 3865 3878 3815 3799
4 3925 3936 3878 3865
4 3981 3990 3936 3925
4 267 288 271 248
4 285 306 288 267
4 303 326 306 285
4 324 348 326 303
4 351 372 348 324
4 374 400 372 351
4 403 427 400 374
4 431 456 427 403
4 462 486 456 431
4 490 519 486 462
4 525 551 519 490
4 562 585 551 525
4 596 626 585 562
4 638 663 626 596
4 676 704 663 638
4 720 747 704 676
4 763 791 747 720
4 807 836 791 763
4 857 887 836 807
4 907 937 887 857
4 956 987 937 907
4 1014 1044 987 956
4 1067 1098 1044 1014
4 1125 1154 1098 1067
4 1184 1216 1154 1125
4 1246 1272 1216 1184
4 1306 1340 1272 1246
4 1372 1401 1340 1306
4 1440 1473 1401 1372
4 1511 1540 1473 1440
4 1583 1616 1540 1511
4 1658 1687 1616 1583
4 1731 1767 1687 1658
4 1809 1842 1767 1731
4 1886 1923 1842 1809
4 1970 2005 1923 1886
4 2049 2081 2005 1970
4 2130 2160 2081 2049
4 2211 2236 2160 2130
4 2283 2315 2236 2211
4 2362 2392 2315 2283
4 2439 2465 2392 2362
4 2512 2539 2465 2439
4 2585 2614 2539 2512
4 2663 2682 2614 2585
4 2736 2759 2682 2663
4 2803 2832 2759 2736
4 2880 2905 2832 2803
4 2953 2976 2905 2880
4 3026 3049 2976 2953
4 3098 3120 3049 3026
4 3172 3195 3120 3098
4 3244 3262 3195 3172
4 3315 3335 3262 3244
4 3387 3406 3335 3315
4 3459 3477 3406 3387
4 3531 3546 3477 3459
4 3602 3617 3546 3531
4 3673 3690 3617 3602
4 3746 3761 3690 3673
4 3815 3829 3761 3746
4 3878 3891 3829 3815
4 3936 3947 3891 3878
4 3990 4001 3947 3936
4 288 310 292 271
4 306 330 310 288
4 326 352 330 306
4 348 371 352 326
4 372 396 371 348
4 400 424 396 372
4 427 450 424 400
4 456 482 450 427
4 486 512 482 456
4 519 545 512 486
4 551 578 545 519
4 585 612 578 551
4 626 653 612 585
4 663 690 653 626
4 704 733 690 663
4 747 775 733 704
4 791 821 775 747
4 836 867 821 791
4 887 913 867 836
4 937 967 913 887
4 987 1018 967 937
4 1044 1069 1018 987
4 1098 1131 1069 1044
4 1154 1187 1131 1098
4 1216 1248 1187 1154
4 1272 1307 1248 1216
4 1340 1371 1307 1272
4 1401 1438 1371 1340
4 1473 1506 1438 1401
4 1540 1579 1506 1473
4 1616 1648 1579 1540
4 1687 1723 1648 1616
4 1767 1797 1723 1687
4 1842 1876 1797 1767
4 1923 1958 1876 1842
4 2005 2037 1958 1923
4 2081 2115 2037 2005
4 2160 2188 2115 2081
4 2236 2269 2188 2160
4 2315 2346 2269 2236
4 2392 2416 2346 2315
4 2465 2493 2416 2392
4 2539 2567 2493 2465
4 2614 2639 2567 2539
4 2682 2711 2639 2614
4 2759 2786 2711 2682
4 2832 2856 2786 2759
4 2905 2924 2856 2832
4 2976 3001 2924 2905
4 3049 3069 3001 2976
4 3120 3141 3069 3049
4 3195 3211 3141 3120
4 3262 3283 3211 3195
4 3335 3357 3283 3262
4 3406 3423 3357 3335
4 3477 3496 3423 3406
4 3546 3566 3496 3477
4 3617 3637 3566 3546
4 3690 3707 3637 3617
4 3761 3777 3707 3690
4 3829 3844 3777 3761
4 3891 3903 3844 3829
4 3947 3960 3903 3891
4 4001 4012 3960 3947
4 310 334 316 292
4 330 354 334 310
4 352 373 354 330
4 371 397 373 352
4 396 422 397 371
4 424 447 422 396
4 450 480 447 424
4 482 508 480 450
4 512 540 508 482
4 545 572 540 512
4 578 607 572 545
4 612 640 607 578
4 653 679 640 612
4 690 721 679 653
4 733 761 721 690
4 775 806 761 733
4 821 851 806 775
4 867 897 851 821
4 913 945 897 867
4 967 997 945 913
4 1018 1050 997 967
4 1069 1103 1050 1018
4 1131 1162 1103 1069
4 1187 1220 1162 1131
4 1248 1277 1220 1187
4 1307 1343 1277 1248
4 1371 1402 1343 1307
4 1438 1472 1402 1371
4 1506 1535 1472 1438
4 1579 1610 1535 1506
4 1648 1682 1610 1579
4 1723 1757 1682 1648
4 1797 1833 1757 1723
4 1876 1916 1833 1797
4 1958 1988 1916 1876
4 2037 2072 1988 1958
4 2115 2146 2072 2037
4 2188 2221 2146 2115
4 2269 2299 2221 2188
4 2346 2372 2299 2269
4 2416 2447 2372 2346
4 2493 2520 2447 2416
4 2567 2593 2520 2493
4 2639 2666 2593 2567
4 2711 2739 2666 2639
4 2786 2805 2739 2711
4 2856 2879 2805 2786
4 2924 2950 2879 2856
4 3001 3022 2950 2924
4 3069 3092 3022 3001
4 3141 3167 3092 3069
4 3211 3233 3167 3141
4 3283 3306 3233 3211
4 3357 3375 3306 3283
4 3423 3444 3375 3357
4 3496 3516 3444 3423
4 3566 3587 3516 3496
4 3637 3655 3587 3566
4 3707 3725 3655 3637
4 3777 3793 3725 3707
4 3844 3858 3793 3777
4 3903 3916 3858 3844
4 3960 3971 3916 3903
4 4012 4020 3971 3960
4 334 359 339 316
4 354 377 359 334
4 373 402 377 354
4 397 423 402 373
4 422 446 423 397
4 447 473 446 422
4 480 504 473 447
4 508 531 504 480
4 540 566 531 508
4 572 597 566 540
4 607 633 597 572
4 640 671 633 607
4 679 709 671 640
4 721 750 709 679
4 761 789 750 721
4 806 834 789 761
4 851 880 834 806
4 897 929 880 851
4 945 976 929 897
4 997 1025 976 945
4 1050 1083 1025 997
4 1103 1137 1083 1050
4 1162 1192 1137 1103
4 1220 1254 1192 1162
4 1277 1314 1254 1220
4 1343 1375 1314 1277
4 1402 1439 1375 1343
4 1472 1505 1439 1402
4 1535 1575 1505 1472
4 1610 1643 1575 1535
4 1682 1719 1643 1610
4 1757 1792 1719 1682
4 1833 1869 1792 1757
4 1916 1948 1869 1833
4 1988 2027 1948 1916
4 2072 2106 2027 1988
4 2146 2178 2106 2072
4 2221 2255 2178 2146
4 2299 2326 2255 2221
4 2372 2403 2326 2299
4 2447 2477 2403 2372
4 2520 2547 2477 2447
4 2593 2621 2547 2520
4 2666 2693 2621 2593
4 2739 2763 2693 2666
4 2805 2834 2763 2739
4 2879 2906 2834 2805
4 2950 2975 2906 2879
4 3022 3044 2975 2950
4 3092 3115 3044 3022
4 3167 3185 3115 3092
4 3233 3257 3185 3167
4 3306 3327 3257 3233
4 3375 3394 3327 3306
4 3444 3466 3394 3375
4 3516 3533 3466 3444
4 3587 3604 3533 3516
4 3655 3672 3604 3587
4 3725 3741 3672 3655
4 3793 3808 3741 3725
4 3858 3870 3808 3793
4 3916 3930 3870 3858
4 3971 3983 3930 3916
4 4020 4029 3983 3971
4 359 384 364 339
4 377 405 384 359
4 402 426 405 377
4 423 448 426 402
4 446 472 448 423
4 473 500 472 446
4 504 529 500 473
4 531 563 529 504
4 566 593 563 531
4 597 629 593 566
4 633 662 629 597
4 671 699 662 633
4 709 736 699 671
4 750 776 736 709
4 789 823 776 750
4 834 865 823 789
4 880 912 865 834
4 929 959 912 880
4 976 1011 959 929
4 1025 1059 1011 976
4 1083 1113 1059 1025
4 1137 1170 1113 1083
4 1192 1225 1170 1137
4 1254 1284 1225 1192
4 1314 1348 1284 1254
4 1375 1407 1348 1314
4 1439 1474 1407 1375
4 1505 1537 1474 1439
4 1575 1608 1537 1505
4 1643 1679 1608 1575
4 1719 1754 1679 1643
4 1792 1829 1754 1719
4 1869 1905 1829 1792
4 1948 1985 1905 1869
4 2027 2063 1985 1948
4 2106 2135 2063 2027
4 2178 2214 2135 2106
4 2255 2285 2214 2178
4 2326 2360 2285 2255
4 2403 2429 2360 2326
4 2477 2503 2429 2403
4 2547 2578 2503 2477
4 2621 2645 2578 2547
4 2693 2719 2645 2621
4 2763 2789 2719 2693
4 2834 2859 2789 2763
4 2906 2927 2859 2834
4 2975 3000 2927 2906
4 3044 3068 3000 2975
4 3115 3137 3068 3044
4 3185 3206 3137 3115
4 3257 3280 3206 3185
4 3327 3344 3280 3257
4 3394 3417 3344 3327
4 3466 3486 3417 3394
4 3533 3552 3486 3466
4 3604 3621 3552 3533
4 3672 3691 3621 3604
4 3741 3758 3691 3672
4 3808 3824 3758 3741
4 3870 3885 3824 3808
4 3930 3943 3885 3870
4 3983 3993 3943 3930
4 4029 4038 3993 3983
4 384 409 390 364
4 405 430 409 384
4 426 451 430 405
4 448 479 451 426
4 472 501 479 448
4 500 528 501 472
4 529 558 528 500
4 563 591 558 529
4 593 621 591 563
4 629 659 621 593
4 662 691 659 629
4 699 732 691 662
4 736 769 732 699
4 776 808 769 736
4 823 854 808 776
4 865 896 854 823
4 912 943 896 865
4 959 989 943 912
4 1011 1043 989 959
4 1059 1092 1043 1011
4 1113 1144 1092 1059
4 1170 1203 1144 1113
4 1225 1259 1203 1170
4 1284 1317 1259 1225
4 1348 1381 1317 1284
4 1407 1444 1381 1348
4 1474 1508 1444 1407
4 1537 1578 1508 1474
4 1608 1642 1578 1537
4 1679 1715 1642 1608
4 1754 1786 1715 1679
4 1829 1865 1786 1754
4 1905 1940 1865 1829
4 1985 2020 1940 1905
4 2063 2093 2020 1985
4 2135 2172 2093 2063
4 2214 2242 2172 2135
4 2285 2317 2242 2214
4 2360 2389 2317 2285
4 2429 2459 2389 2360
4 2503 2533 2459 2429
4 2578 2601 2533 2503
4 2645 2674 2601 2578
4 2719 2744 2674 2645
4 2789 2814 2744 2719
4 2859 2885 2814 2789
4 2927 2954 2885 2859
4 3000 3023 2954 2927
4 3068 3091 3023 3000
4 3137 3159 3091 3068
4 3206 3231 3159 3137
4 3280 3299 3231 3206
4 3344 3367 3299 3280
4 3417 3436 3367 3344
4 3486 3504 3436 3417
4 3552 3572 3504 3486
4 3621 3640 3572 3552
4 3691 3710 3640 3621
4 3758 3776 3710 3691
4 3824 3841 3776 3758
4 3885 3898 3841 3824
4 3943 3954 3898 3885
4 3993 4003 3954 3943
4 4038 4049 4003 3993
4 409 437 415 390
4 430 459 437 409
4 451 483 459 430
4 479 507 483 451
4 501 530 507 479
4 528 557 530 501
4 558 588 557 528
4 591 618 588 558
4 621 654 618 591
4 659 686 654 621
4 691 725 686 659
4 732 760 725 691
4 769 800 760 732
4 808 840 800 769
4 854 881 840 808
4 896 930 881 854
4 943 975 930 896
4 989 1023 975 943
4 1043 1073 1023 989
4 1092 1126 1073 1043
4 1144 1178 1126 1092
4 1203 1233 1178 1144
4 1259 1295 1233 1203
4 1317 1352 1295 1259
4 1381 1418 1352 1317
4 1444 1480 1418 1381
4 1508 1542 1480 1444
4 1578 1612 1542 1508
4 1642 1680 1612 1578
4 1715 1753 1680 1642
4 1786 1825 1753 1715
4 1865 1897 1825 1786
4 1940 1978 1897 1865
4 2020 2053 1978 1940
4 2093 2129 2053 2020
4 2172 2204 2129 2093
4 2242 2275 2204 2172
4 2317 2348 2275 2242
4 2389 2417 2348 2317
4 2459 2490 2417 2389
4 2533 2559 2490 2459
4 2601 2631 2559 2533
4 2674 2703 2631 2601
4 2744 2770 2703 2674
4 2814 2841 2770 2744
4 2885 2909 2841 2814
4 2954 2977 2909 2885
4 3023 3046 2977 2954
4 3091 3114 3046 3023
4 3159 3182 3114 3091
4 3231 3250 3182 3159
4 3299 3319 3250 3231
4 3367 3390 3319 3299
4 3436 3455 3390 3367
4 3504 3523 3455 3436
4 3572 3592 3523 3504
4 3640 3658 3592 3572
4 3710 3728 3658 3640
4 3776 3792 3728 3710
4 3841 3852 3792 3776
4 3898 3912 3852 3841
4 3954 3965 3912 3898
4 4003 4014 3965 3954
4 4049 4058 4014 4003
4 437 465 444 415
4 459 487 465 437
4 483 509 487 459
4 507 533 509 483
4 530 561 533 507
4 557 589 561 530
4 588 616 589 557
4 618 647 616 588
4 654 683 647 618
4 686 717 683 654
4 725 755 717 686
4 760 792 755 725
4 800 833 792 760
4 840 874 833 800
4 881 914 874 840
4 930 962 914 881
4 975 1009 962 930
4 1023 1057 1009 975
4 1073 1108 1057 1023
4 1126 1161 1108 1073
4 1178 1215 1161 1126
4 1233 1269 1215 1178
4 1295 1329 1269 1233
4 1352 1389 1329 1295
4 1418 1450 1389 1352
4 1480 1514 1450 1418
4 1542 1580 1514 1480
4 1612 1647 1580 1542
4 1680 1717 1647 1612
4 1753 1787 1717 1680
4 1825 1860 1787 1753
4 1897 1936 1860 1825
4 1978 2013 1936 1897
4 2053 2087 2013 1978
4 2129 2164 2087 2053
4 2204 2235 2164 2129
4 2275 2309 2235 2204
4 2348 2375 2309 2275
4 2417 2451 2375 2348
4 2490 2519 2451 2417
4 2559 2589 2519 2490
4 2631 2659 2589 2559
4 2703 2726 2659 2631
4 2770 2797 2726 2703
4 2841 2865 2797 2770
4 2909 2937 2865 2841
4 2977 3003 2937 2909
4 3046 3070 3003 2977
4 3114 3138 3070 3046
4 3182 3203 3138 3114
4 3250 3274 3203 3182
4 3319 3341 3274 3250
4 3390 3412 3341 3319
4 3455 3475 3412 3390
4 3523 3545 3475 3455
4 3592 3611 3545 3523
4 3658 3678 3611 3592
4 3728 3745 3678 3658
4 3792 3809 3745 3728
4 3852 3869 3809 3792
4 3912 3926 3869 3852
4 3965 3975 3926 3912
4 4014 4025 3975 3965
4 4058 4068 4025 4014
4 465 492 469 444
4 487 516 492 465
4 509 542 516 487
4 533 565 542 509
4 561 592 565 533
4 589 617 592 561
4 616 646 617 589
4 647 680 646 616
4 683 713 680 647
4 717 751 713 683
4 755 786 751 717
4 792 827 786 755
4 833 864 827 792
4 874 906 864 833
4 914 948 906 874
4 962 994 948 914
4 1009 1045 994 962
4 1057 1090 1045 1009
4 1108 1142 1090 1057
4 1161 1194 1142 1108
4 1215 1249 1194 1161
4 1269 1304 1249 1215
4 1329 1363 1304 1269
4 1389 1428 1363 1329
4 1450 1486 1428 1389
4 1514 1552 1486 1450
4 1580 1620 1552 1514
4 1647 1684 1620 1580
4 1717 1755 1684 1647
4 1787 1828 1755 1717
4 1860 1896 1828 1787
4 1936 1975 1896 1860
4 2013 2048 1975 1936
4 2087 2127 2048 2013
4 2164 2197 2127 2087
4 2235 2268 2197 2164
4 2309 2339 2268 2235
4 2375 2411 2339 2309
4 2451 2480 2411 2375
4 2519 2548 2480 2451
4 2589 2617 2548 2519
4 2659 2684 2617 2589
4 2726 2757 2684 2659
4 2797 2825 2757 2726
4 2865 2892 2825 2797
4 2937 2960 2892 2865
4 3003 3028 2960 2937
4 3070 3095 3028 3003
4 3138 3163 3095 3070
4 3203 3230 3163 3138
4 3274 3296 3230 3203
4 3341 3362 3296 3274
4 3412 3430 3362 3341
4 3475 3497 3430 3412
4 3545 3563 3497 3475
4 3611 3630 3563 3545
4 3678 3697 3630 3611
4 3745 3762 3697 3678
4 3809 3828 3762 3745
4 3869 3883 3828 3809
4 3926 3938 3883 3869
4 3975 3988 3938 3926
4 4025 4036 3988 3975
4 4068 4076 4036 4025
4 492 524 502 469
4 516 546 524 492
4 542 571 546 516
4 565 595 571 542
4 592 620 595 565
4 617 652 620 592
4 646 681 652 617
4 680 710 681 646
4 713 745 710 680
4 751 782 745 713
4 786 819 782 751
4 827 858 819 786
4 864 899 858 827
4 906 939 899 864
4 948 983 939 906
4 994 1028 983 948
4 1045 1078 1028 994
4 1090 1127 1078 1045
4 1142 1176 1127 1090
4 1194 1229 1176 1142
4 1249 1287 1229 1194
4 1304 1346 1287 1249
4 1363 1399 1346 1304
4 1428 1460 1399 1363
4 1486 1525 1460 1428
4 1552 1588 1525 1486
4 1620 1657 1588 1552
4 1684 1722 1657 1620
4 1755 1793 1722 1684
4 1828 1866 1793 1755
4 1896 1937 1866 1828
4 1975 2012 1937 1896
4 2048 2082 2012 1975
4 2127 2157 2082 2048
4 2197 2231 2157 2127
4 2268 2301 2231 2197
4 2339 2370 2301 2268
4 2411 2443 2370 2339
4 2480 2509 2443 2411
4 2548 2580 2509 2480
4 2617 2644 2580 2548
4 2684 2714 2644 2617
4 2757 2782 2714 2684
4 2825 2850 2782 2757
4 2892 2919 2850 2825
4 2960 2984 2919 2892
4 3028 3055 2984 2960
4 3095 3119 3055 3028
4 3163 3184 3119 3095
4 3230 3251 3184 3163
4 3296 3317 3251 3230
4 3362 3385 3317 3296
4 3430 3449 3385 3362
4 3497 3519 3449 3430
4 3563 3584 3519 3497
4 3630 3650 3584 3563
4 3697 3715 3650 3630
4 3762 3779 3715 3697
4 3828 3842 3779 3762
4 3883 3897 3842 3828
4 3938 3951 3897 3883
4 3988 4000 3951 3938
4 4036 4044 4000 3988
4 4076 4082 4044 4036
4 524 552 532 502
4 546 576 552 524
4 571 603 576 546
4 595 630 603 571
4 620 655 630 595
4 652 684 655 620
4 681 711 684 652
4 710 744 711 681
4 745 778 744 710
4 782 813 778 745
4 819 855 813 782
4 858 891 855 819
4 899 934 891 858
4 939 973 934 899
4 983 1019 973 939
4 1028 1064 1019 983
4 1078 1110 1064 1028
4 1127 1163 1110 1078
4 1176 1212 1163 1127
4 1229 1267 1212 1176
4 1287 1320 1267 1229
4 1346 1379 1320 1287
4 1399 1436 1379 1346
4 1460 1497 1436 1399
4 1525 1562 1497 1460
4 1588 1625 1562 1525
4 1657 1690 1625 1588
4 1722 1762 1690 1657
4 1793 1831 1762 1722
4 1866 1902 1831 1793
4 1937 1977 1902 1866
4 2012 2047 1977 1937
4 2082 2122 2047 2012
4 2157 2191 2122 2082
4 2231 2265 2191 2157
4 2301 2331 2265 2231
4 2370 2402 2331 2301
4 2443 2469 2402 2370
4 2509 2540 2469 2443
4 2580 2606 2540 2509
4 2644 2675 2606 2580
4 2714 2742 2675 2644
4 2782 2807 2742 2714
4 2850 2877 2807 2782
4 2919 2943 2877 2850
4 2984 3010 2943 2919
4 3055 3077 3010 2984
4 3119 3145 3077 3055
4 3184 3209 3145 3119
4 3251 3277 3209 3184
4 3317 3340 3277 3251
4 3385 3408 3340 3317
4 3449 3470 3408 3385
4 3519 3539 3470 3449
4 3584 3605 3539 3519
4 3650 3669 3605 3584
4 3715 3735 3669 3650
4 3779 3797 3735 3715
4 3842 3857 3797 3779
4 3897 3913 3857 3842
4 3951 3962 3913 3897
4 4000 4010 3962 3951
4 4044 4052 4010 4000
4 4082 4091 4052 4044
4 552 586 568 532
4 576 610 586 552
4 603 635 610 576
4 630 661 635 603
4 655 687 661 630
4 684 715 687 655
4 711 748 715 684
4 744 779 748 711
4 778 810 779 744
4 813 848 810 778
4 855 889 848 813
4 891 926 889 855
4 934 968 926 891
4 973 1013 968 934
4 1019 1054 1013 973
4 1064 1102 1054 1019
4 1110 1147 1102 1064
4 1163 1199 1147 1110
4 1212 1251 1199 1163
4 1267 1302 1251 1212
4 1320 1357 1302 1267
4 1379 1419 1357 1320
4 1436 1478 1419 1379
4 1497 1533 1478 1436
4 1562 1598 1533 1497
4 1625 1666 1598 1562
4 1690 1730 1666 1625
4 1762 1799 1730 1690
4 1831 1870 1799 1762
4 1902 1942 1870 1831
4 1977 2014 1942 1902
4 2047 2083 2014 1977
4 2122 2156 2083 2047
4 2191 2227 2156 2122
4 2265 2295 2227 2191
4 2331 2365 2295 2265
4 2402 2435 2365 2331
4 2469 2502 2435 2402
4 2540 2573 2502 2469
4 2606 2637 2573 2540
4 2675 2704 2637 2606
4 2742 2769 2704 2675
4 2807 2837 2769 2742
4 2877 2903 2837 2807
4 2943 2970 2903 2877
4 3010 3036 2970 2943
4 3077 3102 3036 3010
4 3145 3169 3102 3077
4 3209 3232 3169 3145
4 3277 3298 3232 3209
4 3340 3363 3298 3277
4 3408 3427 3363 3340
4 3470 3493 3427 3408
4 3539 3560 3493 3470
4 3605 3624 3560 3539
4 3669 3687 3624 3605
4 3735 3754 3687 3669
4 3797 3816 3754 3735
4 3857 3872 3816 3797
4 3913 3927 3872 3857
4 3962 3974 3927 3913
4 4010 4021 3974 3962
4 4052 4061 4021 4010
4 4091 4100 4061 4052
4 586 619 600 568
4 610 641 619 586
4 635 666 641 610
4 661 695 666 635
4 687 723 695 661
4 715 753 723 687
4 748 784 753 715
4 779 812 784 748
4 810 847 812 779
4 848 885 847 810
4 889 920 885 848
4 926 963 920 889
4 968 1002 963 926
4 1013 1049 1002 968
4 1054 1089 1049 1013
4 1102 1138 1089 1054
4 1147 1185 1138 1102
4 1199 1232 1185 1147
4 1251 1290 1232 1199
4 1302 1342 1290 1251
4 1357 1397 1342 1302
4 1419 1452 1397 1357
4 1478 1513 1452 1419
4 1533 1576 1513 1478
4 1598 1637 1576 1533
4 1666 1703 1637 1598
4 1730 1771 1703 1666
4 1799 1836 1771 1730
4 1870 1912 1836 1799
4 1942 1982 1912 1870
4 2014 2051 1982 1942
4 2083 2126 2051 2014
4 2156 2189 2126 2083
4 2227 2262 2189 2156
4 2295 2328 2262 2227
4 2365 2397 2328 2295
4 2435 2466 2397 2365
4 2502 2534 2466 2435
4 2573 2598 2534 2502
4 2637 2668 2598 2573
4 2704 2730 2668 2637
4 2769 2798 2730 2704
4 2837 2862 2798 2769
4 2903 2930 2862 2837
4 2970 2996 2930 2903
4 3036 3059 2996 2970
4 3102 3125 3059 3036
4 3169 3193 3125 3102
4 3232 3258 3193 3169
4 3298 3321 3258 3232
4 3363 3386 3321 3298
4 3427 3448 3386 3363
4 3493 3515 3448 3427
4 3560 3579 3515 3493
4 3624 3644 3579 3560
4 3687 3708 3644 3624
4 3754 3772 3708 3687
4 3816 3832 3772 3754
4 3872 3886 3832 3816
4 3927 3942 3886 3872
4 3974 3987 3942 3927
4 4021 4032 3987 3974
4 4061 4071 4032 4021
4 4100 4108 4071 4061
4 619 656 634 600
4 641 678 656 619
4 666 702 678 641
4 695 731 702 666
4 723 757 731 695
4 753 787 757 723
4 784 815 787 753
4 812 850 815 784
4 847 884 850 812
4 885 918 884 847
4 920 957 918 885
4 963 999 957 920
4 1002 1041 999 963
4 1049 1084 1041 1002
4 1089 1129 1084 1049
4 1138 1175 1129 1089
4 1185 1223 1175 1138
4 1232 1270 1223 1185
4 1290 1326 1270 1232
4 1342 1380 1326 1290
4 1397 1432 1380 1342
4 1452 1492 1432 1397
4 1513 1554 1492 1452
4 1576 1614 1554 1513
4 1637 1675 1614 1576
4 1703 1742 1675 1637
4 1771 1810 1742 1703
4 1836 1878 1810 1771
4 1912 1949 1878 1836
4 1982 2021 1949 1912
4 2051 2089 2021 1982
4 2126 2158 2089 2051
4 2189 2229 2158 2126
4 2262 2293 2229 2189
4 2328 2363 2293 2262
4 2397 2428 2363 2328
4 2466 2498 2428 2397
4 2534 2563 2498 2466
4 2598 2629 2563 2534
4 2668 2698 2629 2598
4 2730 2762 2698 2668
4 2798 2826 2762 2730
4 2862 2891 2826 2798
4 2930 2955 2891 2862
4 2996 3021 2955 2930
4 3059 3087 3021 2996
4 3125 3151 3087 3059
4 3193 3216 3151 3125
4 3258 3281 3216 3193
4 3321 3343 3281 3258
4 3386 3410 3343 3321
4 3448 3469 3410 3386
4 3515 3535 3469 3448
4 3579 3597 3535 3515
4 3644 3664 3597 3579
4 3708 3729 3664 3644
4 3772 3789 3729 3708
4 3832 3848 3789 3772
4 3886 3902 3848 3832
4 3942 3953 3902 3886
4 3987 3999 3953 3942
4 4032 4041 3999 3987
4 4071 4080 4041 4032
4 4108 4115 4080 4071
4 656 689 667 634
4 678 712 689 656
4 702 737 712 678
4 731 765 737 702
4 757 795 765 731
4 787 826 795 757
4 815 856 826 787
4 850 888 856 815
4 884 919 888 850
4 918 955 919 884
4 957 996 955 918
4 999 1035 996 957
4 1041 1079 1035 999
4 1084 1121 1079 1041
4 1129 1168 1121 1084
4 1175 1211 1168 1129
4 1223 1262 1211 1175
4 1270 1313 1262 1223
4 1326 1362 1313 1270
4 1380 1421 1362 1326
4 1432 1476 1421 1380
4 1492 1532 1476 1432
4 1554 1590 1532 1492
4 1614 1655 1590 1554
4 1675 1716 1655 1614
4 1742 1779 1716 1675
4 1810 1851 1779 1742
4 1878 1920 1851 1810
4 1949 1987 1920 1878
4 2021 2061 1987 1949
4 2089 2128 2061 2021
4 2158 2195 2128 2089
4 2229 2264 2195 2158
4 2293 2327 2264 2229
4 2363 2394 2327 2293
4 2428 2461 2394 2363
4 2498 2526 2461 2428
4 2563 2594 2526 2498
4 2629 2661 2594 2563
4 2698 2723 2661 2629
4 2762 2790 2723 2698
4 2826 2854 2790 2762
4 2891 2920 2854 2826
4 2955 2982 2920 2891
4 3021 3047 2982 2955
4 3087 3112 3047 3021
4 3151 3175 3112 3087
4 3216 3239 3175 3151
4 3281 3305 3239 3216
4 3343 3366 3305 3281
4 3410 3431 3366 3343
4 3469 3495 3431 3410
4 3535 3557 3495 3469
4 3597 3618 3557 3535
4 3664 3684 3618 3597
4 3729 3748 3684 3664
4 3789 3806 3748 3729
4 3848 3863 3806 3789
4 3902 3917 3863 3848
4 3953 3966 3917 3902
4 3999 4011 3966 3953
4 4041 4050 4011 3999
4 4080 4089 4050 4041
4 4115 4122 4089 4080
4 689 727 705 667
4 712 752 727 689
4 737 774 752 712
4 765 802 774 737
4 795 832 802 765
4 826 860 832 795
4 856 890 860 826
4 888 924 890 856
4 919 958 924 888
4 955 995 958 919
4 996 1031 995 955
4 1035 1072 1031 996
4 1079 1115 1072 1035
4 1121 1160 1115 1079
4 1168 1206 1160 1121
4 1211 1255 1206 1168
4 1262 1300 1255 1211
4 1313 1351 1300 1262
4 1362 1400 1351 1313
4 1421 1458 1400 1362
4 1476 1515 1458 1421
4 1532 1571 1515 1476
4 1590 1631 1571 1532
4 1655 1696 1631 1590
4 1716 1759 1696 1655
4 1779 1822 1759 1716
4 1851 1890 1822 1779
4 1920 1962 1890 1851
4 1987 2031 1962 1920
4 2061 2096 2031 1987
4 2128 2167 2096 2061
4 2195 2233 2167 2128
4 2264 2298 2233 2195
4 2327 2364 2298 2264
4 2394 2427 2364 2327
4 2461 2496 2427 2394
4 2526 2555 2496 2461
4 2594 2625 2555 2526
4 2661 2687 2625 2594
4 2723 2755 2687 2661
4 2790 2820 2755 2723
4 2854 2883 2820 2790
4 2920 2944 2883 2854
4 2982 3009 2944 2920
4 3047 3074 3009 2982
4 3112 3136 3074 3047
4 3175 3200 3136 3112
4 3239 3264 3200 3175
4 3305 3329 3264 3239
4 3366 3392 3329 3305
4 3431 3453 3392 3366
4 3495 3517 3453 3431
4 3557 3578 3517 3495
4 3618 3641 3578 3557
4 3684 3703 3641 3618
4 3748 3765 3703 3684
4 3806 3825 3765 3748
4 3863 3880 3825 3806
4 3917 3931 3880 3863
4 3966 3977 3931 3917
4 4011 4024 3977 3966
4 4050 4060 4024 4011
4 4089 4097 4060 4050
4 4122 4128 4097 4089
4 727 764 742 705
4 752 788 764 727
4 774 809 788 752
4 802 838 809 774
4 832 868 838 802
4 860 900 868 832
4 890 932 900 860
4 924 965 932 890
4 958 998 965 924
4 995 1032 998 958
4 1031 1071 1032 995
4 1072 1112 1071 1031
4 1115 1155 1112 1072
4 1160 1200 1155 1115
4 1206 1245 1200 1160
4 1255 1294 1245 1206
4 1300 1341 1294 1255
4 1351 1393 1341 1300
4 1400 1446 1393 1351
4 1458 1498 1446 1400
4 1515 1558 1498 1458
4 1571 1613 1558 1515
4 1631 1671 1613 1571
4 1696 1733 1671 1631
4 1759 1800 1733 1696
4 1822 1867 1800 1759
4 1890 1929 1867 1822
4 1962 2002 1929 1890
4 2031 2070 2002 1962
4 2096 2134 2070 2031
4 2167 2203 2134 2096
4 2233 2267 2203 2167
4 2298 2330 2267 2233
4 2364 2396 2330 2298
4 2427 2462 2396 2364
4 2496 2525 2462 2427
4 2555 2591 2525 2496
4 2625 2655 2591 2555
4 2687 2720 2655 2625
4 2755 2783 2720 2687
4 2820 2846 2783 2755
4 2883 2913 2846 2820
4 2944 2974 2913 2883
4 3009 3037 2974 2944
4 3074 3099 3037 3009
4 3136 3165 3099 3074
4 3200 3226 3165 3136
4 3264 3287 3226 3200
4 3329 3352 3287 3264
4 3392 3414 3352 3329
4 3453 3472 3414 3392
4 3517 3537 3472 3453
4 3578 3596 3537 3517
4 3641 3662 3596 3578
4 3703 3723 3662 3641
4 3765 3786 3723 3703
4 3825 3843 3786 3765
4 3880 3895 3843 3825
4 3931 3945 3895 3880
4 3977 3989 3945 3931
4 4024 4033 3989 3977
4 4060 4070 4033 4024
4 4097 4106 4070 4060
4 4128 4135 4106 4097
4 764 803 781 742
4 788 829 803 764
4 809 852 829 788
4 838 878 852 809
4 868 908 878 838
4 900 938 908 868
4 932 971 938 900
4 965 1001 971 932
4 998 1038 1001 965
4 1032 1075 1038 998
4 1071 1111 1075 1032
4 1112 1151 1111 1071
4 1155 1196 1151 1112
4 1200 1240 1196 1155
4 1245 1285 1240 1200
4 1294 1332 1285 1245
4 1341 1383 1332 1294
4 1393 1430 1383 1341
4 1446 1485 1430 1393
4 1498 1536 1485 1446
4 1558 1595 1536 1498
4 1613 1659 1595 1558
4 1671 1714 1659 1613
4 1733 1776 1714 1671
4 1800 1840 1776 1733
4 1867 1909 1840 1800
4 1929 1974 1909 1867
4 2002 2040 1974 1929
4 2070 2107 2040 2002
4 2134 2174 2107 2070
4 2203 2237 2174 2134
4 2267 2306 2237 2203
4 2330 2369 2306 2267
4 2396 2430 2369 2330
4 2462 2497 2430 2396
4 2525 2553 2497 2462
4 2591 2623 2553 2525
4 2655 2683 2623 2591
4 2720 2750 2683 2655
4 2783 2812 2750 2720
4 2846 2875 2812 2783
4 2913 2939 2875 2846
4 2974 3002 2939 2913
4 3037 3061 3002 2974
4 3099 3123 3061 3037
4 3165 3188 3123 3099
4 3226 3249 3188 3165
4 3287 3312 3249 3226
4 3352 3372 3312 3287
4 3414 3437 3372 3352
4 3472 3498 3437 3414
4 3537 3561 3498 3472
4 3596 3619 3561 3537
4 3662 3682 3619 3596
4 3723 3742 3682 3662
4 3786 3804 3742 3723
4 3843 3861 3804 3786
4 3895 3910 3861 3843
4 3945 3958 3910 3895
4 3989 4002 3958 3945
4 4033 4045 4002 3989
4 4070 4081 4045 4033
4 4106 4113 4081 4070
4 4135 4142 4113 4106
4 803 842 822 781
4 829 866 842 803
4 852 892 866 829
4 878 916 892 852
4 908 946 916 878
4 938 977 946 908
4 971 1012 977 938
4 1001 1046 1012 971
4 1038 1080 1046 1001
4 1075 1114 1080 1038
4 1111 1153 1114 1075
4 1151 1193 1153 1111
4 1196 1235 1193 1151
4 1240 1281 1235 1196
4 1285 1327 1281 1240
4 1332 1374 1327 1285
4 1383 1427 1374 1332
4 1430 1477 1427 1383
4 1485 1530 1477 1430
4 1536 1585 1530 1485
4 1595 1638 1585 1536
4 1659 1699 1638 1595
4 1714 1760 1699 1659
4 1776 1819 1760 1714
4 1840 1884 1819 1776
4 1909 1951 1884 1840
4 1974 2016 1951 1909
4 2040 2080 2016 1974
4 2107 2145 2080 2040
4 2174 2213 2145 2107
4 2237 2274 2213 2174
4 2306 2340 2274 2237
4 2369 2405 2340 2306
4 2430 2467 2405 2369
4 2497 2528 2467 2430
4 2553 2592 2528 2497
4 2623 2654 2592 2553
4 2683 2717 2654 2623
4 2750 2778 2717 2683
4 2812 2844 2778 2750
4 2875 2904 2844 2812
4 2939 2966 2904 2875
4 3002 3029 2966 2939
4 3061 3090 3029 3002
4 3123 3152 3090 3061
4 3188 3212 3152 3123
4 3249 3275 3212 3188
4 3312 3336 3275 3249
4 3372 3396 3336 3312
4 3437 3460 3396 3372
4 3498 3520 3460 3437
4 3561 3580 3520 3498
4 3619 3643 3580 3561
4 3682 3702 3643 3619
4 3742 3763 3702 3682
4 3804 3821 3763 3742
4 3861 3876 3821 3804
4 3910 3924 3876 3861
4 3958 3972 3924 3910
4 4002 4015 3972 3958
4 4045 4055 4015 4002
4 4081 4090 4055 4045
4 4113 4120 4090 4081
4 4142 4148 4120 4113
4 842 882 862 822
4 866 910 882 842
4 892 935 910 866
4 916 961 935 892
4 946 988 961 916
4 977 1022 988 946
4 1012 1053 1022 977
4 1046 1087 1053 1012
4 1080 1120 1087 1046
4 1114 1159 1120 1080
4 1153 1197 1159 1114
4 1193 1234 1197 1153
4 1235 1276 1234 1193
4 1281 1323 1276 1235
4 1327 1369 1323 1281
4 1374 1420 1369 1327
4 1427 1467 1420 1374
4 1477 1519 1467 1427
4 1530 1570 1519 1477
4 1585 1626 1570 1530
4 1638 1681 1626 1585
4 1699 1738 1681 1638
4 1760 1804 1738 1699
4 1819 1864 1804 1760
4 1884 1926 1864 1819
4 1951 1989 1926 1884
4 2016 2059 1989 1951
4 2080 2123 2059 2016
4 2145 2182 2123 2080
4 2213 2248 2182 2145
4 2274 2312 2248 2213
4 2340 2373 2312 2274
4 2405 2438 2373 2340
4 2467 2500 2438 2405
4 2528 2560 2500 2467
4 2592 2624 2560 2528
4 2654 2681 2624 2592
4 2717 2748 2681 2654
4 2778 2806 2748 2717
4 2844 2871 2806 2778
4 2904 2933 2871 2844
4 2966 2993 2933 2904
4 3029 3056 2993 2966
4 3090 3116 3056 3029
4 3152 3177 3116 3090
4 3212 3237 3177 3152
4 3275 3301 3237 3212
4 3336 3359 3301 3275
4 3396 3419 3359 3336
4 3460 3484 3419 3396
4 3520 3543 3484 3460
4 3580 3603 3543 3520
4 3643 3663 3603 3580
4 3702 3721 3663 3643
4 3763 3783 3721 3702
4 3821 3837 3783 3763
4 3876 3890 3837 3821
4 3924 3941 3890 3876
4 3972 3985 3941 3924
4 4015 4026 3985 3972
4 4055 4064 4026 4015
4 4090 4099 4064 4055
4 4120 4127 4099 4090
4 4148 4155 4127 4120
4 882 927 905 862
4 910 949 927 882
4 935 974 949 910
4 961 1000 974 935
4 988 1029 1000 961
4 1022 1060 1029 988
4 1053 1094 1060 1022
4 1087 1128 1094 1053
4 1120 1165 1128 1087
4 1159 1202 1165 1120
4 1197 1239 1202 1159
4 1234 1278 1239 1197
4 1276 1321 1278 1234
4 1323 1366 1321 1276
4 1369 1413 1366 1323
4 1420 1459 1413 1369
4 1467 1510 1459 1420
4 1519 1564 1510 1467
4 1570 1615 1564 1519
4 1626 1669 1615 1570
4 1681 1727 1669 1626
4 1738 1781 1727 1681
4 1804 1846 1781 1738
4 1864 1910 1846 1804
4 1926 1972 1910 1864
4 1989 2035 1972 1926
4 2059 2101 2035 1989
4 2123 2162 2101 2059
4 2182 2223 2162 2123
4 2248 2286 2223 2182
4 2312 2349 2286 2248
4 2373 2413 2349 2312
4 2438 2470 2413 2373
4 2500 2535 2470 2438
4 2560 2595 2535 2500
4 2624 2656 2595 2560
4 2681 2716 2656 2624
4 2748 2775 2716 2681
4 2806 2839 2775 2748
4 2871 2899 2839 2806
4 2933 2962 2899 2871
4 2993 3020 2962 2933
4 3056 3083 3020 2993
4 3116 3144 3083 3056
4 3177 3202 3144 3116
4 3237 3263 3202 3177
4 3301 3324 3263 3237
4 3359 3383 3324 3301
4 3419 3442 3383 3359
4 3484 3506 3442 3419
4 3543 3564 3506 3484
4 3603 3625 3564 3543
4 3663 3685 3625 3603
4 3721 3743 3685 3663
4 3783 3802 3743 3721
4 3837 3854 3802 3783
4 3890 3907 3854 3837
4 3941 3955 3907 3890
4 3985 3997 3955 3941
4 4026 4037 3997 3985
4 4064 4072 4037 4026
4 4099 4107 4072 4064
4 4127 4136 4107 4099
4 4155 4161 4136 4127
4 927 972 947 905
4 949 993 972 927
4 974 1020 993 949
4 1000 1048 1020 974
4 1029 1076 1048 1000
4 1060 1104 1076 1029
4 1094 1139 1104 1060
4 1128 1172 1139 1094
4 1165 1207 1172 1128
4 1202 1244 1207 1165
4 1239 1283 1244 1202
4 1278 1324 1283 1239
4 1321 1365 1324 1278
4 1366 1408 1365 1321
4 1413 1455 1408 1366
4 1459 1503 1455 1413
4 1510 1556 1503 1459
4 1564 1607 1556 1510
4 1615 1661 1607 1564
4 1669 1712 1661 1615
4 1727 1772 1712 1669
4 1781 1830 1772 1727
4 1846 1889 1830 1781
4 1910 1955 1889 1846
4 1972 2015 1955 1910
4 2035 2076 2015 1972
4 2101 2140 2076 2035
4 2162 2202 2140 2101
4 2223 2263 2202 2162
4 2286 2322 2263 2223
4 2349 2385 2322 2286
4 2413 2446 2385 2349
4 2470 2505 2446 2413
4 2535 2569 2505 2470
4 2595 2626 2569 2535
4 2656 2685 2626 2595
4 2716 2749 2685 2656
4 2775 2804 2749 2716
4 2839 2868 2804 2775
4 2899 2926 2868 2839
4 2962 2990 2926 2899
4 3020 3050 2990 2962
4 3083 3108 3050 3020
4 3144 3171 3108 3083
4 3202 3228 3171 3144
4 3263 3288 3228 3202
4 3324 3349 3288 3263
4 3383 3409 3349 3324
4 3442 3467 3409 3383
4 3506 3525 3467 3442
4 3564 3588 3525 3506
4 3625 3645 3588 3564
4 3685 3704 3645 3625
4 3743 3764 3704 3685
4 3802 3818 3764 3743
4 3854 3871 3818 3802
4 3907 3921 3871 3854
4 3955 3968 3921 3907
4 3997 4009 3968 3955
4 4037 4048 4009 3997
4 4072 4083 4048 4037
4 4107 4116 4083 4072
4 4136 4143 4116 4107
4 4161 4166 4143 4136
4 972 1016 990 947
4 993 1039 1016 972
4 1020 1061 1039 993
4 1048 1088 1061 1020
4 1076 1118 1088 1048
4 1104 1148 1118 1076
4 1139 1180 1148 1104
4 1172 1218 1180 1139
4 1207 1253 1218 1172
4 1244 1292 1253 1207
4 1283 1328 1292 1244
4 1324 1368 1328 1283
4 1365 1412 1368 1324
4 1408 1453 1412 1365
4 1455 1500 1453 1408
4 1503 1551 1500 1455
4 1556 1599 1551 1503
4 1607 1652 1599 1556
4 1661 1704 1652 1607
4 1712 1761 1704 1661
4 1772 1816 1761 1712
4 1830 1875 1816 1772
4 1889 1933 1875 1830
4 1955 1997 1933 1889
4 2015 2062 1997 1955
4 2076 2120 2062 2015
4 2140 2179 2120 2076
4 2202 2238 2179 2140
4 2263 2303 2238 2202
4 2322 2361 2303 2263
4 2385 2419 2361 2322
4 2446 2481 2419 2385
4 2505 2542 2481 2446
4 2569 2599 2542 2505
4 2626 2662 2599 2569
4 2685 2721 2662 2626
4 2749 2777 2721 2685
4 2804 2838 2777 2749
4 2868 2894 2838 2804
4 2926 2957 2894 2868
4 2990 3018 2957 2926
4 3050 3076 3018 2990
4 3108 3135 3076 3050
4 3171 3196 3135 3108
4 3228 3254 3196 3171
4 3288 3313 3254 3228
4 3349 3371 3313 3288
4 3409 3434 3371 3349
4 3467 3489 3434 3409
4 3525 3549 3489 3467
4 3588 3609 3549 3525
4 3645 3668 3609 3588
4 3704 3726 3668 3645
4 3764 3784 3726 3704
4 3818 3835 3784 3764
4 3871 3887 3835 3818
4 3921 3934 3887 3871
4 3968 3982 3934 3921
4 4009 4023 3982 3968
4 4048 4059 4023 4009
4 4083 4092 4059 4048
4 4116 4124 4092 4083
4 4143 4150 4124 4116
4 4166 4172 4150 4143
4 1016 1058 1037 990
4 1039 1085 1058 1016
4 1061 1109 1085 1039
4 1088 1136 1109 1061
4 1118 1166 1136 1088
4 1148 1195 1166 1118
4 1180 1228 1195 1148
4 1218 1263 1228 1180
4 1253 1299 1263 1218
4 1292 1333 1299 1253
4 1328 1373 1333 1292
4 1368 1417 1373 1328
4 1412 1457 1417 1368
4 1453 1501 1457 1412
4 1500 1547 1501 1453
4 1551 1593 1547 1500
4 1599 1645 1593 1551
4 1652 1700 1645 1599
4 1704 1751 1700 1652
4 1761 1807 1751 1704
4 1816 1862 1807 1761
4 1875 1922 1862 1816
4 1933 1984 1922 1875
4 1997 2041 1984 1933
4 2062 2103 2041 1997
4 2120 2161 2103 2062
4 2179 2219 2161 2120
4 2238 2279 2219 2179
4 2303 2341 2279 2238
4 2361 2399 2341 2303
4 2419 2454 2399 2361
4 2481 2514 2454 2419
4 2542 2577 2514 2481
4 2599 2634 2577 2542
4 2662 2694 2634 2599
4 2721 2752 2694 2662
4 2777 2808 2752 2721
4 2838 2869 2808 2777
4 2894 2923 2869 2838
4 2957 2986 2923 2894
4 3018 3042 2986 2957
4 3076 3106 3042 3018
4 3135 3166 3106 3076
4 3196 3221 3166 3135
4 3254 3282 3221 3196
4 3313 3338 3282 3254
4 3371 3395 3338 3313
4 3434 3454 3395 3371
4 3489 3512 3454 3434
4 3549 3571 3512 3489
4 3609 3631 3571 3549
4 3668 3688 3631 3609
4 3726 3749 3688 3668
4 3784 3803 3749 3726
4 3835 3853 3803 3784
4 3887 3905 3853 3835
4 3934 3950 3905 3887
4 3982 3995 3950 3934
4 4023 4034 3995 3982
4 4059 4069 4034 4023
4 4092 4101 4069 4059
4 4124 4132 4101 4092
4 4150 4157 4132 4124
4 4172 4177 4157 4150
4 1058 1106 1086 1037
4 1085 1132 1106 1058
4 1109 1156 1132 1085
4 1136 1181 1156 1109
4 1166 1209 1181 1136
4 1195 1242 1209 1166
4 1228 1271 1242 1195
4 1263 1308 1271 1228
4 1299 1347 1308 1263
4 1333 1385 1347 1299
4 1373 1423 1385 1333
4 1417 1462 1423 1373
4 1457 1504 1462 1417
4 1501 1550 1504 1457
4 1547 1591 1550 1501
4 1593 1640 1591 1547
4 1645 1695 1640 1593
4 1700 1746 1695 1645
4 1751 1798 1746 1700
4 1807 1854 1798 1751
4 1862 1914 1854 1807
4 1922 1969 1914 1862
4 1984 2030 1969 1922
4 2041 2084 2030 1984
4 2103 2142 2084 2041
4 2161 2205 2142 2103
4 2219 2261 2205 2161
4 2279 2320 2261 2219
4 2341 2374 2320 2279
4 2399 2436 2374 2341
4 2454 2494 2436 2399
4 2514 2550 2494 2454
4 2577 2609 2550 2514
4 2634 2669 2609 2577
4 2694 2724 2669 2634
4 2752 2784 2724 2694
4 2808 2843 2784 2752
4 2869 2897 2843 2808
4 2923 2956 2897 2869
4 2986 3014 2956 2923
4 3042 3072 3014 2986
4 3106 3132 3072 3042
4 3166 3189 3132 3106
4 3221 3247 3189 3166
4 3282 3308 3247 3221
4 3338 3361 3308 3282
4 3395 3421 3361 3338
4 3454 3481 3421 3395
4 3512 3536 3481 3454
4 3571 3593 3536 3512
4 3631 3654 3593 3571
4 3688 3712 3654 3631
4 3749 3766 3712 3688
4 3803 3822 3766 3749
4 3853 3873 3822 3803
4 3905 3919 3873 3853
4 3950 3964 3919 3905
4 3995 4006 3964 3950
4 4034 4046 4006 3995
4 4069 4079 4046 4034
4 4101 4110 4079 4069
4 4132 4138 4110 4101
4 4157 4162 4138 4132
4 4177 4182 4162 4157
4 1106 1152 1134 1086
4 1132 1177 1152 1106
4 1156 1205 1177 1132
4 1181 1230 1205 1156
4 1209 1260 1230 1181
4 1242 1293 1260 1209
4 1271 1322 1293 1242
4 1308 1355 1322 1271
4 1347 1394 1355 1308
4 1385 1429 1394 1347
4 1423 1471 1429 1385
4 1462 1512 1471 1423
4 1504 1555 1512 1462
4 1550 1597 1555 1504
4 1591 1641 1597 1550
4 1640 1691 1641 1591
4 1695 1741 1691 1640
4 1746 1794 1741 1695
4 1798 1847 1794 1746
4 1854 1900 1847 1798
4 1914 1961 1900 1854
4 1969 2017 1961 1914
4 2030 2074 2017 1969
4 2084 2131 2074 2030
4 2142 2184 2131 2084
4 2205 2244 2184 2142
4 2261 2304 2244 2205
4 2320 2357 2304 2261
4 2374 2415 2357 2320
4 2436 2471 2415 2374
4 2494 2529 2471 2436
4 2550 2584 2529 2494
4 2609 2642 2584 2550
4 2669 2702 2642 2609
4 2724 2758 2702 2669
4 2784 2816 2758 2724
4 2843 2873 2816 2784
4 2897 2928 2873 2843
4 2956 2987 2928 2897
4 3014 3039 2987 2956
4 3072 3101 3039 3014
4 3132 3156 3101 3072
4 3189 3217 3156 3132
4 3247 3273 3217 3189
4 3308 3332 3273 3247
4 3361 3389 3332 3308
4 3421 3445 3389 3361
4 3481 3502 3445 3421
4 3536 3562 3502 3481
4 3593 3615 3562 3536
4 3654 3674 3615 3593
4 3712 3734 3674 3654
4 3766 3788 3734 3712
4 3822 3840 3788 3766
4 3873 3889 3840 3822
4 3919 3933 3889 3873
4 3964 3979 3933 3919
4 4006 4018 3979 3964
4 4046 4057 4018 4006
4 4079 4088 4057 4046
4 4110 4118 4088 4079
4 4138 4145 4118 4110
4 4162 4168 4145 4138
4 4182 4187 4168 4162
4 1152 1204 1179 1134
4 1177 1226 1204 1152
4 1205 1256 1226 1177
4 1230 1280 1256 1205
4 1260 1309 1280 1230
4 1293 1339 1309 1260
4 1322 1370 1339 1293
4 1355 1403 1370 1322
4 1394 1443 1403 1355
4 1429 1482 1443 1394
4 1471 1523 1482 1429
4 1512 1561 1523 1471
4 1555 1603 1561 1512
4 1597 1646 1603 1555
4 1641 1693 1646 1597
4 1691 1739 1693 1641
4 1741 1789 1739 1691
4 1794 1843 1789 1741
4 1847 1894 1843 1794
4 1900 1952 1894 1847
4 1961 2009 1952 1900
4 2017 2066 2009 1961
4 2074 2118 2066 2017
4 2131 2176 2118 2074
4 2184 2232 2176 2131
4 2244 2284 2232 2184
4 2304 2343 2284 2244
4 2357 2395 2343 2304
4 2415 2452 2395 2357
4 2471 2507 2452 2415
4 2529 2565 2507 2471
4 2584 2622 2565 2529
4 2642 2677 2622 2584
4 2702 2734 2677 2642
4 2758 2791 2734 2702
4 2816 2845 2791 2758
4 2873 2902 2845 2816
4 2928 2959 2902 2873
4 2987 3016 2959 2928
4 3039 3071 3016 2987
4 3101 3129 3071 3039
4 3156 3186 3129 3101
4 3217 3243 3186 3156
4 3273 3302 3243 3217
4 3332 3358 3302 3273
4 3389 3413 3358 3332
4 3445 3468 3413 3389
4 3502 3524 3468 3445
4 3562 3583 3524 3502
4 3615 3638 3583 3562
4 3674 3695 3638 3615
4 3734 3751 3695 3674
4 3788 3805 3751 3734
4 3840 3859 3805 3788
4 3889 3906 3859 3840
4 3933 3949 3906 3889
4 3979 3992 3949 3933
4 4018 4030 3992 3979
4 4057 4067 4030 4018
4 4088 4098 4067 4057
4 4118 4126 4098 4088
4 4145 4152 4126 4118
4 4168 4174 4152 4145
4 4187 4192 4174 4168
4 1204 1257 1231 1179
4 1226 1274 1257 1204
4 1256 1301 1274 1226
4 1280 1331 1301 1256
4 1309 1358 1331 1280
4 1339 1392 1358 1309
4 1370 1425 1392 1339
4 1403 1454 1425 1370
4 1443 1491 1454 1403
4 1482 1531 1491 1443
4 1523 1568 1531 1482
4 1561 1609 1568 1523
4 1603 1654 1609 1561
4 1646 1698 1654 1603
4 1693 1744 1698 1646
4 1739 1790 1744 1693
4 1789 1841 1790 1739
4 1843 1892 1841 1789
4 1894 1947 1892 1843
4 1952 2001 1947 1894
4 2009 2056 2001 1952
4 2066 2108 2056 2009
4 2118 2166 2108 2066
4 2176 2217 2166 2118
4 2232 2271 2217 2176
4 2284 2323 2271 2232
4 2343 2379 2323 2284
4 2395 2437 2379 2343
4 2452 2491 2437 2395
4 2507 2545 2491 2452
4 2565 2600 2545 2507
4 2622 2658 2600 2565
4 2677 2710 2658 2622
4 2734 2767 2710 2677
4 2791 2823 2767 2734
4 2845 2878 2823 2791
4 2902 2935 2878 2845
4 2959 2991 2935 2902
4 3016 3043 2991 2959
4 3071 3100 3043 3016
4 3129 3153 3100 3071
4 3186 3213 3153 3129
4 3243 3268 3213 3186
4 3302 3326 3268 3243
4 3358 3379 3326 3302
4 3413 3439 3379 3358
4 3468 3492 3439 3413
4 3524 3547 3492 3468
4 3583 3606 3547 3524
4 3638 3659 3606 3583
4 3695 3718 3659 3638
4 3751 3774 3718 3695
4 3805 3826 3774 3751
4 3859 3875 3826 3805
4 3906 3920 3875 3859
4 3949 3963 3920 3906
4 3992 4004 3963 3949
4 4030 4042 4004 3992
4 4067 4078 4042 4030
4 4098 4109 4078 4067
4 4126 4134 4109 4098
4 4152 4158 4134 4126
4 4174 4179 4158 4152
4 4192 4196 4179 4174
4 1257 1303 1282 1231
4 1274 1330 1303 1257
4 1301 1354 1330 1274
4 1331 1384 1354 1301
4 1358 1410 1384 1331
4 1392 1442 1410 1358
4 1425 1475 1442 1392
4 1454 1507 1475 1425
4 1491 1544 1507 1454
4 1531 1584 1544 1491
4 1568 1621 1584 1531
4 1609 1664 1621 1568
4 1654 1705 1664 1609
4 1698 1749 1705 1654
4 1744 1796 1749 1698
4 1790 1844 1796 1744
4 1841 1891 1844 1790
4 1892 1945 1891 1841
4 1947 1994 1945 1892
4 2001 2046 1994 1947
4 2056 2104 2046 2001
4 2108 2154 2104 2056
4 2166 2209 2154 2108
4 2217 2260 2209 2166
4 2271 2314 2260 2217
4 2323 2367 2314 2271
4 2379 2420 2367 2323
4 2437 2476 2420 2379
4 2491 2527 2476 2437
4 2545 2582 2527 2491
4 2600 2638 2582 2545
4 2658 2692 2638 2600
4 2710 2746 2692 2658
4 2767 2801 2746 2710
4 2823 2855 2801 2767
4 2878 2912 2855 2823
4 2935 2964 2912 2878
4 2991 3019 2964 2935
4 3043 3075 3019 2991
4 3100 3131 3075 3043
4 3153 3183 3131 3100
4 3213 3240 3183 3153
4 3268 3294 3240 3213
4 3326 3353 3294 3268
4 3379 3407 3353 3326
4 3439 3463 3407 3379
4 3492 3518 3463 3439
4 3547 3573 3518 3492
4 3606 3628 3573 3547
4 3659 3683 3628 3606
4 3718 3739 3683 3659
4 3774 3791 3739 3718
4 3826 3845 3791 3774
4 3875 3893 3845 3826
4 3920 3935 3893 3875
4 3963 3978 3935 3920
4 4004 4016 3978 3963
4 4042 4054 4016 4004
4 4078 4087 4054 4042
4 4109 4117 4087 4078
4 4134 4141 4117 4109
4 4158 4164 4141 4134
4 4179 4184 4164 4158
4 4196 4199 4184 4179
4 1303 1356 1336 1282
4 1330 1382 1356 1303
4 1354 1405 1382 1330
4 1384 1431 1405 1354
4 1410 1465 1431 1384
4 1442 1494 1465 1410
4 1475 1529 1494 1442
4 1507 1563 1529 1475
4 1544 1596 1563 1507
4 1584 1634 1596 1544
4 1621 1672 1634 1584
4 1664 1713 1672 1621
4 1705 1758 1713 1664
4 1749 1805 1758 1705
4 1796 1848 1805 1749
4 1844 1893 1848 1796
4 1891 1946 1893 1844
4 1945 1991 1946 1891
4 1994 2043 1991 1945
4 2046 2099 2043 1994
4 2104 2150 2099 2046
4 2154 2201 2150 2104
4 2209 2254 2201 2154
4 2260 2307 2254 2209
4 2314 2354 2307 2260
4 2367 2409 2354 2314
4 2420 2458 2409 2367
4 2476 2513 2458 2420
4 2527 2568 2513 2476
4 2582 2618 2568 2527
4 2638 2673 2618 2582
4 2692 2725 2673 2638
4 2746 2779 2725 2692
4 2801 2833 2779 2746
4 2855 2888 2833 2801
4 2912 2941 2888 2855
4 2964 2995 2941 2912
4 3019 3052 2995 2964
4 3075 3105 3052 3019
4 3131 3154 3105 3075
4 3183 3210 3154 3131
4 3240 3265 3210 3183
4 3294 3322 3265 3240
4 3353 3377 3322 3294
4 3407 3433 3377 3353
4 3463 3487 3433 3407
4 3518 3542 3487 3463
4 3573 3595 3542 3518
4 3628 3651 3595 3573
4 3683 3705 3651 3628
4 3739 3759 3705 3683
4 3791 3812 3759 3739
4 3845 3862 3812 3791
4 3893 3908 3862 3845
4 3935 3952 3908 3893
4 3978 3991 3952 3935
4 4016 4027 3991 3978
4 4054 4065 4027 4016
4 4087 4096 4065 4054
4 4117 4125 4096 4087
4 4141 4149 4125 4117
4 4164 4170 4149 4141
4 4184 4189 4170 4164
4 4199 4203 4189 4184
4 1356 1411 1391 1336
4 1382 1434 1411 1356
4 1405 1461 1434 1382
4 1431 1488 1461 1405
4 1465 1521 1488 1431
4 1494 1548 1521 1465
4 1529 1582 1548 1494
4 1563 1618 1582 1529
4 1596 1651 1618 1563
4 1634 1688 1651 1596
4 1672 1729 1688 1634
4 1713 1770 1729 1672
4 1758 1813 1770 1713
4 1805 1856 1813 1758
4 1848 1899 1856 1805
4 1893 1950 1899 1848
4 1946 1999 1950 1893
4 1991 2044 1999 1946
4 2043 2095 2044 1991
4 2099 2144 2095 2043
4 2150 2196 2144 2099
4 2201 2245 2196 2150
4 2254 2294 2245 2201
4 2307 2347 2294 2254
4 2354 2398 2347 2307
4 2409 2450 2398 2354
4 2458 2501 2450 2409
4 2513 2552 2501 2458
4 2568 2602 2552 2513
4 2618 2657 2602 2568
4 2673 2706 2657 2618
4 2725 2761 2706 2673
4 2779 2813 2761 2725
4 2833 2866 2813 2779
4 2888 2921 2866 2833
4 2941 2973 2921 2888
4 2995 3025 2973 2941
4 3052 3080 3025 2995
4 3105 3134 3080 3052
4 3154 3187 3134 3105
4 3210 3241 3187 3154
4 3265 3290 3241 3210
4 3322 3347 3290 3265
4 3377 3401 3347 3322
4 3433 3456 3401 3377
4 3487 3510 3456 3433
4 3542 3565 3510 3487
4 3595 3616 3565 3542
4 3651 3671 3616 3595
4 3705 3727 3671 3651
4 3759 3778 3727 3705
4 3812 3831 3778 3759
4 3862 3879 3831 3812
4 3908 3922 3879 3862
4 3952 3967 3922 3908
4 3991 4005 3967 3952
4 4027 4039 4005 3991
4 4065 4075 4039 4027
4 4096 4105 4075 4065
4 4125 4133 4105 4096
4 4149 4156 4133 4125
4 4170 4176 4156 4149
4 4189 4193 4176 4170
4 4203 4206 4193 4189
4 1411 1468 1445 1391
4 1434 1490 1468 1411
4 1461 1517 1490 1434
4 1488 1543 1517 1461
4 1521 1573 1543 1488
4 1548 1605 1573 1521
4 1582 1636 1605 1548
4 1618 1670 1636 1582
4 1651 1707 1670 1618
4 1688 1745 1707 1651
4 1729 1780 1745 1688
4 1770 1824 1780 1729
4 1813 1868 1824 1770
4 1856 1915 1868 1813
4 1899 1959 1915 1856
4 1950 2006 1959 1899
4 1999 2050 2006 1950
4 2044 2100 2050 1999
4 2095 2143 2100 2044
4 2144 2193 2143 2095
4 2196 2240 2193 2144
4 2245 2289 2240 2196
4 2294 2342 2289 2245
4 2347 2393 2342 2294
4 2398 2442 2393 2347
4 2450 2489 2442 2398
4 2501 2541 2489 2450
4 2552 2590 2541 2501
4 2602 2640 2590 2552
4 2657 2695 2640 2602
4 2706 2743 2695 2657
4 2761 2795 2743 2706
4 2813 2847 2795 2761
4 2866 2898 2847 2813
4 2921 2951 2898 2866
4 2973 3005 2951 2921
4 3025 3058 3005 2973
4 3080 3109 3058 3025
4 3134 3162 3109 3080
4 3187 3215 3162 3134
4 3241 3266 3215 3187
4 3290 3320 3266 3241
4 3347 3374 3320 3290
4 3401 3426 3374 3347
4 3456 3482 3426 3401
4 3510 3534 3482 3456
4 3565 3590 3534 3510
4 3616 3642 3590 3565
4 3671 3694 3642 3616
4 3727 3750 3694 3671
4 3778 3800 3750 3727
4 3831 3849 3800 3778
4 3879 3896 3849 3831
4 3922 3939 3896 3879
4 3967 3980 3939 3922
4 4005 4017 3980 3967
4 4039 4051 4017 4005
4 4075 4086 4051 4039
4 4105 4114 4086 4075
4 4133 4140 4114 4105
4 4156 4163 4140 4133
4 4176 4181 4163 4156
4 4193 4197 4181 4176
4 4206 4209 4197 4193
4 1468 1524 1499 1445
4 1490 1546 1524 1468
4 1517 1572 1546 1490
4 1543 1601 1572 1517
4 1573 1629 1601 1543
4 1605 1663 1629 1573
4 1636 1692 1663 1605
4 1670 1728 1692 1636
4 1707 1765 1728 1670
4 1745 1803 1765 1707
4 1780 1838 1803 1745
4 1824 1883 1838 1780
4 1868 1924 1883 1824
4 1915 1966 1924 1868
4 1959 2011 1966 1915
4 2006 2057 2011 1959
4 2050 2105 2057 2006
4 2100 2149 2105 2050
4 2143 2194 2149 2100
4 2193 2239 2194 2143
4 2240 2287 2239 2193
4 2289 2336 2287 2240
4 2342 2386 2336 2289
4 2393 2434 2386 2342
4 2442 2482 2434 2393
4 2489 2532 2482 2442
4 2541 2581 2532 2489
4 2590 2630 2581 2541
4 2640 2678 2630 2590
4 2695 2727 2678 2640
4 2743 2780 2727 2695
4 2795 2829 2780 2743
4 2847 2882 2829 2795
4 2898 2934 2882 2847
4 2951 2983 2934 2898
4 3005 3035 2983 2951
4 3058 3088 3035 3005
4 3109 3139 3088 3058
4 3162 3191 3139 3109
4 3215 3245 3191 3162
4 3266 3293 3245 3215
4 3320 3345 3293 3266
4 3374 3399 3345 3320
4 3426 3451 3399 3374
4 3482 3507 3451 3426
4 3534 3559 3507 3482
4 3590 3612 3559 3534
4 3642 3666 3612 3590
4 3694 3717 3666 3642
4 3750 3771 3717 3694
4 3800 3817 3771 3750
4 3849 3867 3817 3800
4 3896 3911 3867 3849
4 3939 3956 3911 3896
4 3980 3994 3956 3939
4 4017 4028 3994 3980
4 4051 4062 4028 4017
4 4086 4095 4062 4051
4 4114 4123 4095 4086
4 4140 4147 4123 4114
4 4163 4169 4147 4140
4 4181 4186 4169 4163
4 4197 4201 4186 4181
4 4209 4212 4201 4197
4 1524 1581 1559 1499
4 1546 1606 1581 1524
4 1572 1630 1606 1546
4 1601 1660 1630 1572
4 1629 1686 1660 1601
4 1663 1721 1686 1629
4 1692 1752 1721 1663
4 1728 1782 1752 1692
4 1765 1821 1782 1728
4 1803 1859 1821 1765
4 1838 1895 1859 1803
4 1883 1938 1895 1838
4 1924 1981 1938 1883
4 1966 2022 1981 1924
4 2011 2068 2022 1966
4 2057 2110 2068 2011
4 2105 2153 2110 2057
4 2149 2200 2153 2105
4 2194 2243 2200 2149
4 2239 2288 2243 2194
4 2287 2334 2288 2239
4 2336 2381 2334 2287
4 2386 2426 2381 2336
4 2434 2478 2426 2386
4 2482 2522 2478 2434
4 2532 2574 2522 2482
4 2581 2620 2574 2532
4 2630 2670 2620 2581
4 2678 2718 2670 2630
4 2727 2766 2718 2678
4 2780 2817 2766 2727
4 2829 2864 2817 2780
4 2882 2916 2864 2829
4 2934 2965 2916 2882
4 2983 3015 2965 2934
4 3035 3065 3015 2983
4 3088 3117 3065 3035
4 3139 3170 3117 3088
4 3191 3220 3170 3139
4 3245 3270 3220 3191
4 3293 3323 3270 3245
4 3345 3373 3323 3293
4 3399 3424 3373 3345
4 3451 3478 3424 3399
4 3507 3529 3478 3451
4 3559 3582 3529 3507
4 3612 3634 3582 3559
4 3666 3686 3634 3612
4 3717 3738 3686 3666
4 3771 3790 3738 3717
4 3817 3836 3790 3771
4 3867 3884 3836 3817
4 3911 3929 3884 3867
4 3956 3969 3929 3911
4 3994 4007 3969 3956
4 4028 4040 4007 3994
4 4062 4073 4040 4028
4 4095 4104 4073 4062
4 4123 4131 4104 4095
4 4147 4154 4131 4123
4 4169 4175 4154 4147
4 4186 4191 4175 4169
4 4201 4205 4191 4186
4 4212 4215 4205 4201
4 1581 1639 1619 1559
4 1606 1667 1639 1581
4 1630 1689 1667 1606
4 1660 1720 1689 1630
4 1686 1747 1720 1660
4 1721 1777 1747 1686
4 1752 1812 1777 1721
4 1782 1845 1812 1752
4 1821 1882 1845 1782
4 1859 1919 1882 1821
4 1895 1960 1919 1859
4 1938 1995 1960 1895
4 1981 2038 1995 1938
4 2022 2077 2038 1981
4 2068 2121 2077 2022
4 2110 2165 2121 2068
4 2153 2208 2165 2110
4 2200 2249 2208 2153
4 2243 2291 2249 2200
4 2288 2337 2291 2243
4 2334 2380 2337 2288
4 2381 2424 2380 2334
4 2426 2473 2424 2381
4 2478 2518 2473 2426
4 2522 2566 2518 2478
4 2574 2612 2566 2522
4 2620 2660 2612 2574
4 2670 2705 2660 2620
4 2718 2756 2705 2670
4 2766 2802 2756 2718
4 2817 2851 2802 2766
4 2864 2900 2851 2817
4 2916 2947 2900 2864
4 2965 2999 2947 2916
4 3015 3048 2999 2965
4 3065 3097 3048 3015
4 3117 3149 3097 3065
4 3170 3198 3149 3117
4 3220 3248 3198 3170
4 3270 3300 3248 3220
4 3323 3350 3300 3270
4 3373 3400 3350 3323
4 3424 3450 3400 3373
4 3478 3503 3450 3424
4 3529 3555 3503 3478
4 3582 3607 3555 3529
4 3634 3657 3607 3582
4 3686 3709 3657 3634
4 3738 3760 3709 3686
4 3790 3810 3760 3738
4 3836 3855 3810 3790
4 3884 3900 3855 3836
4 3929 3944 3900 3884
4 3969 3984 3944 3929
4 4007 4019 3984 3969
4 4040 4053 4019 4007
4 4073 4084 4053 4040
4 4104 4112 4084 4073
4 4131 4139 4112 4104
4 4154 4160 4139 4131
4 4175 4180 4160 4154
4 4191 4195 4180 4175
4 4205 4208 4195 4191
4 4215 4217 4208 4205
4 1639 1702 1674 1619
4 1667 1725 1702 1639
4 1689 1750 1725 1667
4 1720 1778 1750 1689
4 1747 1808 1778 1720
4 1777 1837 1808 1747
4 1812 1873 1837 1777
4 1845 1907 1873 1812
4 1882 1941 1907 1845
4 1919 1980 1941 1882
4 1960 2018 1980 1919
4 1995 2055 2018 1960
4 2038 2092 2055 1995
4 2077 2133 2092 2038
4 2121 2175 2133 2077
4 2165 2216 2175 2121
4 2208 2257 2216 2165
4 2249 2300 2257 2208
4 2291 2344 2300 2249
4 2337 2384 2344 2291
4 2380 2425 2384 2337
4 2424 2472 2425 2380
4 2473 2515 2472 2424
4 2518 2561 2515 2473
4 2566 2605 2561 2518
4 2612 2651 2605 2566
4 2660 2701 2651 2612
4 2705 2745 2701 2660
4 2756 2794 2745 2705
4 2802 2840 2794 2756
4 2851 2887 2840 2802
4 2900 2938 2887 2851
4 2947 2981 2938 2900
4 2999 3032 2981 2947
4 3048 3082 3032 2999
4 3097 3126 3082 3048
4 3149 3178 3126 3097
4 3198 3227 3178 3149
4 3248 3279 3227 3198
4 3300 3328 3279 3248
4 3350 3376 3328 3300
4 3400 3425 3376 3350
4 3450 3476 3425 3400
4 3503 3527 3476 3450
4 3555 3577 3527 3503
4 3607 3629 3577 3555
4 3657 3679 3629 3607
4 3709 3733 3679 3657
4 3760 3780 3733 3709
4 3810 3830 3780 3760
4 3855 3874 3830 3810
4 3900 3918 3874 3855
4 3944 3957 3918 3900
4 3984 3996 3957 3944
4 4019 4031 3996 3984
4 4053 4063 4031 4019
4 4084 4093 4063 4053
4 4112 4121 4093 4084
4 4139 4146 4121 4112
4 4160 4167 4146 4139
4 4180 4185 4167 4160
4 4195 4200 4185 4180
4 4208 4211 4200 4195
4 4217 4219 4211 4208
4 1702 1763 1735 1674
4 1725 1783 1763 1702
4 1750 1814 1783 1725
4 1778 1839 1814 1750
4 1808 1872 1839 1778
4 1837 1898 1872 1808
4 1873 1931 1898 1837
4 1907 1967 1931 1873
4 1941 2004 1967 1907
4 1980 2039 2004 1941
4 2018 2075 2039 1980
4 2055 2112 2075 2018
4 2092 2151 2112 2055
4 2133 2186 2151 2092
4 2175 2228 2186 2133
4 2216 2266 2228 2175
4 2257 2311 2266 2216
4 2300 2350 2311 2257
4 2344 2391 2350 2300
4 2384 2431 2391 2344
4 2425 2475 2431 2384
4 2472 2516 2475 2425
4 2515 2557 2516 2472
4 2561 2603 2557 2515
4 2605 2649 2603 2561
4 2651 2697 2649 2605
4 2701 2740 2697 2651
4 2745 2787 2740 2701
4 2794 2828 2787 2745
4 2840 2876 2828 2794
4 2887 2922 2876 2840
4 2938 2969 2922 2887
4 2981 3017 2969 2938
4 3032 3063 3017 2981
4 3082 3113 3063 3032
4 3126 3158 3113 3082
4 3178 3208 3158 3126
4 3227 3259 3208 3178
4 3279 3307 3259 3227
4 3328 3356 3307 3279
4 3376 3403 3356 3328
4 3425 3452 3403 3376
4 3476 3501 3452 3425
4 3527 3550 3501 3476
4 3577 3601 3550 3527
4 3629 3653 3601 3577
4 3679 3700 3653 3629
4 3733 3752 3700 3679
4 3780 3801 3752 3733
4 3830 3847 3801 3780
4 3874 3892 3847 3830
4 3918 3932 3892 3874
4 3957 3973 3932 3918
4 3996 4008 3973 3957
4 4031 4043 4008 3996
4 4063 4074 4043 4031
4 4093 4102 4074 4063
4 4121 4130 4102 4093
4 4146 4153 4130 4121
4 4167 4173 4153 4146
4 4185 4190 4173 4167
4 4200 4204 4190 4185
4 4211 4214 4204 4200
4 4219 4221 4214 4211
4 1763 1823 1802 1735
4 1783 1850 1823 1763
4 1814 1874 1850 1783
4 1839 1903 1874 1814
4 1872 1930 1903 1839
4 1898 1963 1930 1872
4 1931 1992 1963 1898
4 1967 2032 1992 1931
4 2004 2067 2032 1967
4 2039 2097 2067 2004
4 2075 2132 2097 2039
4 2112 2170 2132 2075
4 2151 2207 2170 2112
4 2186 2241 2207 2151
4 2228 2280 2241 2186
4 2266 2321 2280 2228
4 2311 2359 2321 2266
4 2350 2400 2359 2311
4 2391 2441 2400 2350
4 2431 2479 2441 2391
4 2475 2521 2479 2431
4 2516 2562 2521 2475
4 2557 2604 2562 2516
4 2603 2646 2604 2557
4 2649 2691 2646 2603
4 2697 2735 2691 2649
4 2740 2776 2735 2697
4 2787 2824 2776 2740
4 2828 2867 2824 2787
4 2876 2914 2867 2828
4 2922 2958 2914 2876
4 2969 3006 2958 2922
4 3017 3054 3006 2969
4 3063 3096 3054 3017
4 3113 3146 3096 3063
4 3158 3190 3146 3113
4 3208 3236 3190 3158
4 3259 3284 3236 3208
4 3307 3333 3284 3259
4 3356 3380 3333 3307
4 3403 3429 3380 3356
4 3452 3480 3429 3403
4 3501 3526 3480 3452
4 3550 3575 3526 3501
4 3601 3627 3575 3550
4 3653 3675 3627 3601
4 3700 3724 3675 3653
4 3752 3775 3724 3700
4 3801 3820 3775 3752
4 3847 3866 3820 3801
4 3892 3909 3866 3847
4 3932 3946 3909 3892
4 3973 3986 3946 3932
4 4008 4022 3986 3973
4 4043 4056 4022 4008
4 4074 4085 4056 4043
4 4102 4111 4085 4074
4 4130 4137 4111 4102
4 4153 4159 4137 4130
4 4173 4178 4159 4153
4 4190 4194 4178 4173
4 4204 4207 4194 4190
4 4214 4216 4207 4204
4 4221 4222 4216 4214
4 1823 1885 1861 1802
4 1850 1917 1885 1823
4 1874 1939 1917 1850
4 1903 1968 1939 1874
4 1930 1996 1968 1903
4 1963 2029 1996 1930
4 1992 2060 2029 1963
4 2032 2090 2060 1992
4 2067 2125 2090 2032
4 2097 2155 2125 2067
4 2132 2187 2155 2097
4 2170 2224 2187 2132
4 2207 2259 2224 2170
4 2241 2296 2259 2207
4 2280 2333 2296 2241
4 2321 2371 2333 2280
4 2359 2410 2371 2321
4 2400 2448 2410 2359
4 2441 2488 2448 2400
4 2479 2524 2488 2441
4 2521 2570 2524 2479
4 2562 2607 2570 2521
4 2604 2648 2607 2562
4 2646 2690 2648 2604
4 2691 2732 2690 2646
4 2735 2773 2732 2691
4 2776 2821 2773 2735
4 2824 2860 2821 2776
4 2867 2907 2860 2824
4 2914 2948 2907 2867
4 2958 2994 2948 2914
4 3006 3038 2994 2958
4 3054 3085 3038 3006
4 3096 3130 3085 3054
4 3146 3174 3130 3096
4 3190 3222 3174 3146
4 3236 3267 3222 3190
4 3284 3314 3267 3236
4 3333 3360 3314 3284
4 3380 3411 3360 3333
4 3429 3457 3411 3380
4 3480 3505 3457 3429
4 3526 3551 3505 3480
4 3575 3599 3551 3526
4 3627 3649 3599 3575
4 3675 3698 3649 3627
4 3724 3747 3698 3675
4 3775 3794 3747 3724
4 3820 3839 3794 3775
4 3866 3882 3839 3820
4 3909 3923 3882 3866
4 3946 3961 3923 3909
4 3986 3998 3961 3946
4 4022 4035 3998 3986
4 4056 4066 4035 4022
4 4085 4094 4066 4056
4 4111 4119 4094 4085
4 4137 4144 4119 4111
4 4159 4165 4144 4137
4 4178 4183 4165 4159
4 4194 4198 4183 4178
4 4207 4210 4198 4194
4 4216 4218 4210 4207
4 4222 4223 4218 4216
4 1885 1954 1927 1861
4 1917 1979 1954 1885
4 1939 2007 1979 1917
4 1968 2033 2007 1939
4 1996 2065 2033 1968
4 2029 2088 2065 1996
4 2060 2119 2088 2029
4 2090 2152 2119 2060
4 2125 2180 2152 2090
4 2155 2215 2180 2125
4 2187 2247 2215 2155
4 2224 2281 2247 2187
4 2259 2316 2281 2224
4 2296 2351 2316 2259
4 2333 2388 2351 2296
4 2371 2421 2388 2333
4 2410 2457 2421 2371
4 2448 2499 2457 2410
4 2488 2538 2499 2448
4 2524 2576 2538 2488
4 2570 2615 2576 2524
4 2607 2652 2615 2570
4 2648 2696 2652 2607
4 2690 2733 2696 2648
4 2732 2772 2733 2690
4 2773 2818 2772 2732
4 2821 2858 2818 2773
4 2860 2901 2858 2821
4 2907 2942 2901 2860
4 2948 2985 2942 2907
4 2994 3031 2985 2948
4 3038 3073 3031 2994
4 3085 3118 3073 3038
4 3130 3164 3118 3085
4 3174 3204 3164 3130
4 3222 3252 3204 3174
4 3267 3297 3252 3222
4 3314 3342 3297 3267
4 3360 3391 3342 3314
4 3411 3438 3391 3360
4 3457 3485 3438 3411
4 3505 3530 3485 3457
4 3551 3576 3530 3505
4 3599 3626 3576 3551
4 3649 3670 3626 3599
4 3698 3719 3670 3649
4 3747 3768 3719 3698
4 3794 3814 3768 3747
4 3839 3860 3814 3794
4 3882 3899 3860 3839
4 3923 3940 3899 3882
4 3961 3976 3940 3923
4 3998 4013 3976 3961
4 4035 4047 4013 3998
4 4066 4077 4047 4035
4 4094 4103 4077 4066
4 4119 4129 4103 4094
4 4144 4151 4129 4119
4 4165 4171 4151 4144
4 4183 4188 4171 4165
4 4198 4202 4188 4183
4 4210 4213 4202 4198
4 4218 4220 4213 4210
4 4223 4224 4220 4218

CELL_TYPES 4096
9
9
9
9
9
9
9
9
9
9
9
9
9
9
9
9
9
9
9
9
9
9
9
9
9
9
9
9
9
9
9
9
9
9
9
9
9
9
9
9
9
9
9
9
9
9
9
9
9
9
9
9
9
9
9
9
9
9
9
9
9
9
9
9
9
9
9
9
9
9
9
9
9
9
9
9
9
9
9
9
9
9
9
9
9
9
9
9
9
9
9
9
9
9
9
9
9
9
9
9
9
9
9
9
9
9
9
9
9
9
9
9
9
9
9
9
9
9
9
9
9
9
9
9
9
9
9
9
9
9
9
9
9
9
9
9
9
9
9
9
9
9
9
9
9
9
9
9
9
9
9
9
9
9
9
9
9
9
9
9
9
9
9
9
9
9
9
9
9
9
9
9
9
9
9
9
9
9
9
9
9
9
9
9
9
9
9
9
9
9
9
9
9
9
9
9
9
9
9
9
9
9
9
9
9
9
9
9
9
9
9
9
9
9
9
9
9
9
9
9
9
9
9
9
9
9
9
9
9
9
9
9
9
9
9
9
9
9
9
9
9
9
9
9
9
9
9
9
9
9
9
9
9
9
9
9
9
9
9
9
9
9
9
9
9
9
9
9
9
9
9
9
9
9
9
9
9
9
9
9
9
9
9
9
9
9
9
9
9
9
9
9
9
9
9
9
9
9
9
9
9
9
9
9
9
9
9
9
9
9
9
9
9
9
9
9
9
9
9
9
9
9
9
9
9
9
9
9
9
9
9
9
9
9
9
9
9
9
9
9
9
9
9
9
9
9
9
9
9
9
9
9
9
9
9
9
9
9
9
9
9
9
9
9
9
9
9
9
9
9
9
9
9
9
9
9
9
9
9
9
9
9
9
9
9
9
9
9
9
9
9
9
9
9
9
9
9
9
9
9
9
9
9
9
9
9
9
9
9
9
9
9
9
9
9
9
9
9
9
9
9
9
9
9
9
9
9
9
9
9
9
9
9
9
9
9
9
9
9
9
9
9
9
9
9
9
9
9
9
9
9
9
9
9
9
9
9
9
9
9
9
9
9
9
9
9
9
9
9
9
9
9
9
9
9
9
9
9
9
9
9
9
9
9
9
9
9
9
9
9
9
9
9
9
9
9
9
9
9
9
9
9
9
9
9
9
9
9
9
9
9
9
9
9
9
9
9
9
9
9
9
9
9
9
9
9
9
9
9
9
9
9
9
9
9
9
9
9
9
9
9
9
9
9
9
9
9
9
9
9
9
9
9
9
9
9
9
9
9
9
9
9
9
9
9
9
9
9
9
9
9
9
9
9
9
9
9
9
9
9
9
9
9
9
9
9
9
9
9
9
9
9
9
9
9
9
9
9
9
9
9
9
9
9
9
9
9
9
9
9
9
9
9
9
9
9
9
9
9
9
9
9
9
9
9
9
9
9
9
9
9
9
9
9
9
9
9
9
9
9
9
9
9
9
9
9
9
9
9
9
9
9
9
9
9
9
9
9
9
9
9
9
9
9
9
9
9
9
9
9
9
9
9
9
9
9
9
9
9
9
9
9
9
9
9
9
9
9
9
9
9
9
9
9
9
9
9
9
9
9
9
9
9
9
9
9
9
9
9
9
9
9
9
9
9
9
9
9
9
9
9
9
9
9
9
9
9
9
9
9
9
9
9
9
9
9
9
9
9
9
9
9
9
9
9
9
9
9
9
9
9
9
9
9
9
9
9
9
9
9
9
9
9
9
9
9
9
9
9
9
9
9
9
9
9
9
9
9
9
9
9
9
9
9
9
9
9
9
9
9
9
9
9
9
9
9
9
9
9
9
9
9
9
9
9
9
9
9
9
9
9
9
9
9
9
9
9
9
9
9
9
9
9
9
9
9
9
9
9
9
9
9
9
9
9
9
9
9
9
9
9
9
9
9
9
9
9
9
9
9
9
9
9
9
9
9
9
9
9
9
9
9
9
9
9
9
9
9
9
9
9
9
9
9
9
9
9
9
9
9
9
9
9
9
9
9
9
9
9
9
9
9
9
9
9
9
9
9
9
9
9
9
9
9
9
9
9
9
9
9
9
9
9
9
9
9
9
9
9
9
9
9
9
9
9
9
9
9
9
9
9
9
9
9
9
9
9
9
9
9
9
9
9
9
9
9
9
9
9
9
9
9
9
9
9
9
9
9
9
9
9
9
9
9
9
9
9
9
9
9
9
9
9
9
9
9
9
9
9
9
9
9
9
9
9
9
9
9
9
9
9
9
9
9
9
9
9
9
9
9
9
9
9
9
9
9
9
9
9
9
9
9
9
9
9
9
9
9
9
9
9
9
9
9
9
9
9
9
9
9
9
9
9
9
9
9
9
9
9
9
9
9
9
9
9
9
9
9
9
9
9
9
9
9
9
9
9
9
9
9
9
9
9
9
9
9
9
9
9
9
9
9
9
9
9
9
9
9
9
9
9
9
9
9
9
9
9
9
9
9
9
9
9
9
9
9
9
9
9
9
9
9
9
9
9
9
9
9
9
9
9
9
9
9
9
9
9
9
9
9
9
9
9
9
9
9
9
9
9
9
9
9
9
9
9
9
9
9
9
9
9
9
9
9
9
9
9
9
9
9
9
9
9
9
9
9
9
9
9
9
9
9
9
9
9
9
9
9
9
9
9
9
9
9
9
9
9
9
9
9
9
9
9
9
9
9
9
9
9
9
9
9
9
9
9
9
9
9
9
9
9
9
9
9
9
9
9
9
9
9
9
9
9
9
9
9
9
9
9
9
9
9
9
9
9
9
9
9
9
9
9
9
9
9
9
9
9
9
9
9
9
9
9
9
9
9
9
9
9
9
9
9
9
9
9
9
9
9
9
9
9
9
9
9
9
9
9
9
9
9
9
9
9
9
9
9
9
9
9
9
9
9
9
9
9
9
9
9
9
9
9
9
9
9
9
9
9
9
9
9
9
9
9
9
9
9
9
9
9
9
9
9
9
9
9
9
9
9
9
9
9
9
9
9
9
9
9
9
9
9
9
9
9
9
9
9
9
9
9
9
9
9
9
9
9
9
9
9
9
9
9
9
9
9
9
9
9
9
9
9
9
9
9
9
9
9
9
9
9
9
9
9
9
9
9
9
9
9
9
9
9
9
9
9
9
9
9
9
9
9
9
9
9
9
9
9
9
9
9
9
9
9
9
9
9
9
9
9
9
9
9
9
9
9
9
9
9
9
9
9
9
9
9
9
9
9
9
9
9
9
9
9
9
9
9
9
9
9
9
9
9
9
9
9
9
9
9
9
9
9
9
9
9
9
9
9
9
9
9
9
9
9
9
9
9
9
9
9
9
9
9
9
9
9
9
9
9
9
9
9
9
9
9
9
9
9
9
9
9
9
9
9
9
9
9
9
9
9
9
9
9
9
9
9
9
9
9
9
9
9
9
9
9
9
9
9
9
9
9
9
9
9
9
9
9
9
9
9
9
9
9
9
9
9
9
9
9
9
9
9
9
9
9
9
9
9
9
9
9
9
9
9
9
9
9
9
9
9
9
9
9
9
9
9
9
9
9
9
9
9
9
9
9
9
9
9
9
9
9
9
9
9
9
9
9
9
9
9
9
9
9
9
9
9
9
9
9
9
9
9
9
9
9
9
9
9
9
9
9
9
9
9
9
9
9
9
9
9
9
9
9
9
9
9
9
9
9
9
9
9
9
9
9
9
9
9
9
9
9
9
9
9
9
9
9
9
9
9
9
9
9
9
9
9
9
9
9
9
9
9
9
9
9
9
9
9
9
9
9
9
9
9
9
9
9
9
9
9
9
9
9
9
9
9
9
9
9
9
9
9
9
9
9
9
9
9
9
9
9
9
9
9
9
9
9
9
9
9
9
9
9
9
9
9
9
9
9
9
9
9
9
9
9
9
9
9
9
9
9
9
9
9
9
9
9
9
9
9
9
9
9
9
9
9
9
9
9
9
9
9
9
9
9
9
9
9
9
9
9
9
9
9
9
9
9
9
9
9
9
9
9
9
9
9
9
9
9
9
9
9
9
9
9
9
9
9
9
9
9
9
9
9
9
9
9
9
9
9
9
9
9
9
9
9
9
9
9
9
9
9
9
9
9
9
9
9
9
9
9
9
9
9
9
9
9
9
9
9
9
9
9
9
9
9
9
9
9
9
9
9
9
9
9
9
9
9
9
9
9
9
9
9
9
9
9
9
9
9
9
9
9
9
9
9
9
9
9
9
9
9
9
9
9
9
9
9
9
9
9
9
9
9
9
9
9
9
9
9
9
9
9
9
9
9
9
9
9
9
9
9
9
9
9
9
9
9
9
9
9
9
9
9
9
9
9
9
9
9
9
9
9
9
9
9
9
9
9
9
9
9
9
9
9
9
9
9
9
9
9
9
9
9
9
9
9
9
9
9
9
9
9
9
9
9
9
9
9
9
9
9
9
9
9
9
9
9
9
9
9
9
9
9
9
9
9
9
9
9
9
9
9
9
9
9
9
9
9
9
9
9
9
9
9
9
9
9
9
9
9
9
9
9
9
9
9
9
9
9
9
9
9
9
9
9
9
9
9
9
9
9
9
9
9
9
9
9
9
9
9
9
9
9
9
9
9
9
9
9
9
9
9
9
9
9
9
9
9
9
9
9
9
9
9
9
9
9
9
9
9
9
9
9
9
9
9
9
9
9
9
9
9
9
9
9
9
9
9
9
9
9
9
9
9
9
9
9
9
9
9
9
9
9
9
9
9
9
9
9
9
9
9
9
9
9
9
9
9
9
9
9
9
9
9
9
9
9
9
9
9
9
9
9
9
9
9
9
9
9
9
9
9
9
9
9
9
9
9
9
9
9
9
9
9
9
9
9
9
9
9
9
9
9
9
9
9
9
9
9
9
9
9
9
9
9
9
9
9
9
9
9
9
9
9
9
9
9
9
9
9
9
9
9
9
9
9
9
9
9
9
9
9
9
9
9
9
9
9
9
9
9
9
9
9
9
9
9
9
9
9
9
9
9
9
9
9
9
9
9
9
9
9
9
9
9
9
9
9
9
9
9
9
9
9
9
9
9
9
9
9
9
9
9
9
9
9
9
9
9
9
9
9
9
9
9
9
9
9
9
9
9
9
9
9
9
9
9
9
9
9
9
9
9
9
9
9
9
9
9
9
9
9
9
9
9
9
9
9
9
9
9
9
9
9
9
9
9
9
9
9
9
9
9
9
9
9
9
9
9
9
9
9
9
9
9
9
9
9
9
9
9
9
9
9
9
9
9
9
9
9
9
9
9
9
9
9
9
9
9
9
9
9
9
9
9
9
9
9
9
9
9
9
9
9
9
9
9
9
9
9
9
9
9
9
9
9
9
9
9
9
9
9
9
9
9
9
9
9
9
9
9
9
9
9
9
9
9
9
9
9
9
9
9
9
9
9
9
9
9
9
9
9
9
9
9
9
9
9
9
9
9
9
9
9
9
9
9
9
9
9
9
9
9
9
9
9
9
9
9
9
9
9
9
9
9
9
9
9
9
9
9
9
9
9
9
9
9
9
9
9
9
9
9
9
9
9
9
9
9
9
9
9
9
9
9
9
9
9
9
9
9
9
9
9
9
9
9
9
9
9
9
9
9
9
9
9
9
9
9
9
9
9
9
9
9
9
9
9
9
9
9
9
9
9
9
9
9
9
9
9
9
9
9
9
9
9
9
9
9
9
9
9
9
9
9
9
9
9
9
9
9
9
9
9
9
9
9
9
9
9
9
9
9
9
9
9
9
9
9
9
9
9
9
9
9
9
9
9
9
9
9
9
9
9
9
9
9
9
9
9
9
9
9
9
9
9
9
9
9
9
9
9
9
9
9
9
9
9
9
9
9
9
9
9
9
9
9
9
9
9
9
9
9
9
9
9
9
9
9
9
9
9
9
9
9
9
9
9
9
9
9
9
9
9
9
9
9
9
9
9
9
9
9
9
9
9
9
9
9
9
9
9
9
9
9
9
9
9
9
9
9
9
9
9
9
9
9
9
9
9
9
9
9
9
9
9
9
9
9
9
9
9
9
9
9
9
9
9
9
9
9
9
9
9
9
9
9
9
9
9
9
9
9
9
9
9
9
9
9
9
9
9
9
9
9
9
9
9
9
9
9
9
9
9
9
9
9
9
9
9
9
9
9
9
9
9
9
9
9
9
9
9
9
9
9
9
9
9
9
9
9
9
9
9
9
9
9
9
9
9
9
9
9
9
9
9
9
9
9
9
9
9
9
9
9
9
9
9
9
9
9
9
9
9
9
9
9
9
9
9
9
9
9
9
9
9
9
9
9
9
9
9
9
9
9
9
9
9
9
9
9
9
9
9
9
9
9
9
9
9
9
9
9
9
9
9
9
9
9
9
9
9
9
9
9
9
9
9
9
9
9
9
9
9
9
9
9
9
9
9
9
9
9
9
9
9
9
9
9
9
9
9
9
9
9
9
9
9
9
9
9
9
9
9
9
9
9
9
9
9
9
9
9
9
9
9
9
9
9
9
9
9
9
9
9
9
9
9
9
9
9
9
9
9
9
9
9
9
9
9
9
9
9
9
9
9
9
9
9
9
9
9
9
9
9
9
9
9
9
9
9
9
9
9
9
9
9
9
9
9
9
9
9
9
9
9
9
9
9
9
9
9
9
9
9
9
9
9
9
9
9
9
9
9
9
9
9
9
9
9
9
9
9
9
9
9
9
9
9
9
9
9
9
9
9
9
9
9
9
9
9
9
9
9
9
9
9
9
9
9
9
9
9
9
9
9
9
9
9
9
9
9
9
9
9
9
9
9
9
9
9
9
9
9
9
9
9
9
9
9
9
9
9
9
9
9
9
9
9
9
9
9
9
9
9
9
9
9
9
9
9
9
9
9
9
9
9
9
9
9
9
9
9
9
9
9
9
9
9
9
9
9
9
9
9
9
9
9
9
9
9
9
9
9
9
9
9
9
9
9
9
9
9
9
9
9
9
9
9
9
9
9
9
9
9
9
9
9
9
9
9
9
9
9
9
9
9
9
9
9
9
9
9
9
9
9
9
9
9
9
9
9
9
9
9
9
9
9
9
9
9
9
9
9
9
9
9
9
9
9
9
9
9
9
9
9
9
9
9
9
9
9
9
9
9
9
9
9
9
9
9
9
9
9
9
9
9
9
9
9
9
9
9
9
9
9
9
9
9
9
9
9
9
9
9
9
9
9
9
9
9
9
9
9
9
9
9
9
9
9
9
9
9
9
9
9
9
9
9
9
9
9
9
9
9
9
9
9
9
9
9
9
9
9
9
9
9
9
9
9
9
9
9
9
9
9
9
9
9
9
9
9
9
9
9
9
9
9
9
9
9
9
9
9
9
9
9
9
9
9
9
9
9
9
9
9
9
9
9
9
9
9
9
9
9
9
9
9
9
9
9
9
9
9
9
9
9
9
9
9
9
9
9
9
9
9
9
9
9
9
9
9
9
9
9
9
9
9
9
9
9
9
9
9
9
9
9
9
9
9
9
9
9
9
9
9
9
9
9
9
9
9
9
9
9
9
9
9
9
9
9
9
9
9
9
9
9
9
9
9
9
9
9
9
9
9
9
9
9
9
9
9
9
9
9
9
9
9
9
9
9
9
9
9
9
9
9
9
9
9
9
9
9
9
9
9
9
9
9
9
9
9
9
9
9
9
9
9
9
9
9
9
9
9
9
9
9
9
9
9
9
9
9
9
9
9
9
9
9
9
9
9
9
9
9
9
9
9
9
9
9
9
9
9
9
9
9
9
9
9
9
9
9
9
9
9
9
9
9
9
9
9
9
9
9
9
9
9
9
9
9
9
9
9
9
9
9
9
9
9
9
9
9
9
9
9
9
9
9
9
9
9
9
9
9
9
9
9
9
9
9
9
9
9
9
9
9
9
9
9
9
9
9
9
9
9
9
9
9
9
9
9
9
9
9
9
9
9
9
9
9
9
9
9
9
9
9
9
9
9
9
9
9
9
9
9
9
9
9
9
9
9
9
9
9
9
9
9
9
9
9
9
9
9
9
9
9
9
9
9
9
9
9
9
9
9
9
9
9
9
9
9
9
9
9
9
9
9
9
9
9
9
9
9
9
9
9
9
9
9
9
9
9
9
9
9
9
9
9
9
9
9
9
9
9
9
9
9
9
9
9
9
9
9
9
9
9
9
9
9
9
9
9
9
9
9
9
9
9
9
9
9
9
9
9
9
9
9
9
9
9
9
9
9
9
9
9
9
9
9
9
9
9
9
9
9
9
9
9
9
9
9
9
9
9
9
9
9
9
9
9
9
9
9
9
9
9
9
9
9
9
9
9
9
9
9
9
9
9
9
9
9
9
9
9
9
9
9
9
9
9
9
9
9
9
9
9
9
9
9
9
9
9
9
9
9
9
9
9
9
9
9
9
9
9
9
9
9
9
9
9
9
9
9
9
9
9
9
9
9
9
9
9
9
9
9
9
9
9
9
9
9
9
9
9
9
9
9
9
9
9
9
9
9
9
9
9
9
9
9
9
9
9
9
9
9
9
9
9
9
9
9
9
9
9
9
9
9
9
9
9
9
9
9
9
9
9
9
9
9
9
9
9
9
9
9
9
9
9
9
9
9
9
9
9
9
9
9
9
9
9
9
9
9
9
9
9
9
9
9
9
9
9
9
9
9
9
9
9
9
9
9
9
9
9
9
9
9
9
9
9
9
9
9
9
9
9
9
9
9
9
9
9
9
9
9
9
9
9
9
9
9
9
9
9
9
9
9
9
9
9
9
9
9
9
9
9
9
9
9
9
9
9
9
9
9
9
9
9
9
9
9
9
9
9
9
9
9
9
9
9
9
9
9
9
9
9
9
9
9
9
9
9
9
9
9
9
9
9
9
9
9
9
9
9
9
9
9
9
9
9
9
9
9
9
9
9
9
9
9
9
9
9
9
9
9
9
9
9
9
9
9
9
9
9
9
9
9
9
9
9
9
9
9
9
9
9
9
9
9
9
9
9
9
9
9
9
9
9
9
9
9
9
9
9
9
9
9
9
9
9
9
9
9
9
9
9
9
9
9
9
9
9
9
9
9
9
9
9
9
9
9
9
9
9
9
9
9
9
9
9
9
9
9
9
9
9
9
9
9
9
9
9
9
9
9
9
9
9
9
9
9
9
9
9
9
9
9
9
9
9
9
9
9
9
9
9
9
9
9
9
9
9
9
9
9
9
9
9
9
9
9
9
9
9
9
9
9
9
9
9
9
9
9
9
9
9
POINT_DATA 4225
FIELD FieldData 5
DISPLACEMENT 3 4225  float
0.0000000e+00 0.0000000e+00 0.0000000e+00 
0.0000000e+00 0.0000000e+00 0.0000000e+00 
1.2747130e-03 7.5097214e-03 0.0000000e+00 
0.0000000e+00 0.0000000e+00 0.0000000e+00 
1.4136138e-03 7.8755179e-03 0.0000000e+00 
2.6042957e-03 1.5762996e-02 0.0000000e+00 
0.0000000e+00 0.0000000e+00 0.0000000e+00 
1.4669000e-03 8.1107225e-03 0.0000000e+00 
2.7584387e-03 1.6165260e-02 0.0000000e+00 
0.0000000e+00 0.0000000e+00 0.0000000e+00 
1.5063382e-03 8.3000790e-03 0.0000000e+00 
3.9480110e-03 2.4249543e-02 0.0000000e+00 
2.8656011e-03 1.6508527e-02 0.0000000e+00 
0.0000000e+00 0.0000000e+00 0.0000000e+00 
1.5444818e-03 8.4625138e-03 0.0000000e+00 
4.1172281e-03 2.4680652e-02 0.0000000e+00 
2.9609802e-03 1.6804405e-02 0.0000000e+00 
5.3084330e-03 3.2846462e-02 0.0000000e+00 
4.2762216e-03 2.5069242e-02 0.0000000e+00 
0.0000000e+00 0.0000000e+00 0.0000000e+00 
1.5860979e-03 8.6038802e-03 0.0000000e+00 
3.0608140e-03 1.7062036e-02 0.0000000e+00 
5.5217431e-03 3.3286840e-02 0.0000000e+00 
4.4445042e-03 2.5414977e-02 0.0000000e+00 
0.0000000e+00 0.0000000e+00 0.0000000e+00 
1.6326299e-03 8.7249493e-03 0.0000000e+00 
3.1705440e-03 1.7282698e-02 0.0000000e+00 
6.7233304e-03 4.1458044e-02 0.0000000e+00 
5.7586031e-03 3.3691242e-02 0.0000000e+00 
4.6296874e-03 2.5714295e-02 0.0000000e+00 
0.0000000e+00 0.0000000e+00 0.0000000e+00 
1.6840821e-03 8.8246241e-03 0.0000000e+00 
7.0214886e-03 4.1899115e-02 0.0000000e+00 
6.0251299e-03 3.4048863e-02 0.0000000e+00 
3.2911645e-03 1.7464640e-02 0.0000000e+00 
4.8333658e-03 2.5963020e-02 0.0000000e+00 
7.3693385e-03 4.2299777e-02 0.0000000e+00 
8.2426853e-03 5.0027028e-02 0.0000000e+00 
0.0000000e+00 0.0000000e+00 0.0000000e+00 
1.7397569e-03 8.9012617e-03 0.0000000e+00 
6.3211755e-03 3.4350660e-02 0.0000000e+00 
3.4215292e-03 1.7605083e-02 0.0000000e+00 
5.0537060e-03 2.6156595e-02 0.0000000e+00 
8.6684572e-03 5.0464023e-02 0.0000000e+00 
7.7625443e-03 4.2644944e-02 0.0000000e+00 
6.6430187e-03 3.4588858e-02 0.0000000e+00 
0.0000000e+00 0.0000000e+00 0.0000000e+00 
1.7986216e-03 8.9532631e-03 0.0000000e+00 
3.5594832e-03 1.7701237e-02 0.0000000e+00 
9.1606518e-03 5.0849494e-02 0.0000000e+00 
9.9197747e-03 5.8524296e-02 0.0000000e+00 
5.2872007e-03 2.6290808e-02 0.0000000e+00 
8.1938589e-03 4.2922709e-02 0.0000000e+00 
6.9851181e-03 3.4757074e-02 0.0000000e+00 
0.0000000e+00 0.0000000e+00 0.0000000e+00 
1.8595016e-03 8.9793261e-03 0.0000000e+00 
1.0511905e-02 5.8955554e-02 0.0000000e+00 
9.7068520e-03 5.1167019e-02 0.0000000e+00 
3.7024459e-03 1.7750744e-02 0.0000000e+00 
8.6546252e-03 4.3123819e-02 0.0000000e+00 
5.5296184e-03 2.6362183e-02 0.0000000e+00 
7.3411418e-03 3.4850311e-02 0.0000000e+00 
1.1177377e-02 5.9319854e-02 0.0000000e+00 
1.1804716e-02 6.6944718e-02 0.0000000e+00 
1.0294116e-02 5.1404145e-02 0.0000000e+00 
1.9211896e-03 8.9785391e-03 0.0000000e+00 
0.0000000e+00 0.0000000e+00 0.0000000e+00 
3.8477231e-03 1.7751893e-02 0.0000000e+00 
9.1357064e-03 4.3241296e-02 0.0000000e+00 
5.7765339e-03 2.6368154e-02 0.0000000e+00 
1.2594538e-02 6.7370623e-02 0.0000000e+00 
1.1897893e-02 5.9601557e-02 0.0000000e+00 
7.7046049e-03 3.4864925e-02 0.0000000e+00 
1.0909691e-02 5.1551610e-02 0.0000000e+00 
1.9825064e-03 8.9503918e-03 0.0000000e+00 
0.0000000e+00 0.0000000e+00 0.0000000e+00 
9.6280845e-03 4.3270122e-02 0.0000000e+00 
3.9926781e-03 1.7703651e-02 0.0000000e+00 
1.3455324e-02 6.7711808e-02 0.0000000e+00 
6.0236240e-03 2.6307104e-02 0.0000000e+00 
1.2656297e-02 5.9789129e-02 0.0000000e+00 
1.3940779e-02 7.5302936e-02 0.0000000e+00 
1.1541460e-02 5.1602833e-02 0.0000000e+00 
8.0692377e-03 3.4798566e-02 0.0000000e+00 
1.0123213e-02 4.3207023e-02 0.0000000e+00 
1.4364855e-02 6.7954704e-02 0.0000000e+00 
2.0423345e-03 8.8947527e-03 0.0000000e+00 
1.4950483e-02 7.5725235e-02 0.0000000e+00 
0.0000000e+00 0.0000000e+00 0.0000000e+00 
4.1348226e-03 1.7605642e-02 0.0000000e+00 
1.3436802e-02 5.9874374e-02 0.0000000e+00 
6.2668207e-03 2.6178326e-02 0.0000000e+00 
1.2178198e-02 5.1553469e-02 0.0000000e+00 
8.4291864e-03 3.4650065e-02 0.0000000e+00 
1.6020510e-02 7.6044217e-02 0.0000000e+00 
1.5303190e-02 6.8089709e-02 0.0000000e+00 
1.6362321e-02 8.3629586e-02 0.0000000e+00 
1.0613203e-02 4.3050244e-02 0.0000000e+00 
1.4225107e-02 5.9851859e-02 0.0000000e+00 
2.0996369e-03 8.8118268e-03 0.0000000e+00 
0.0000000e+00 0.0000000e+00 0.0000000e+00 
4.2718626e-03 1.7458094e-02 0.0000000e+00 
6.5023918e-03 2.5981937e-02 0.0000000e+00 
1.2809710e-02 5.1401064e-02 0.0000000e+00 
8.7791085e-03 3.4419317e-02 0.0000000e+00 
1.7126411e-02 7.6249190e-02 0.0000000e+00 
1.7604312e-02 8.4050916e-02 0.0000000e+00 
1.6252588e-02 6.8110391e-02 0.0000000e+00 
1.1090921e-02 4.2799339e-02 0.0000000e+00 
1.5008414e-02 5.9718415e-02 0.0000000e+00 
2.1534637e-03 8.7021058e-03 0.0000000e+00 
4.4017150e-03 1.7261762e-02 0.0000000e+00 
0.0000000e+00 0.0000000e+00 0.0000000e+00 
1.3426864e-02 5.1144768e-02 0.0000000e+00 
6.7269672e-03 2.5718784e-02 0.0000000e+00 
1.8889012e-02 8.4350616e-02 0.0000000e+00 
1.8246746e-02 7.6333031e-02 0.0000000e+00 
1.9093778e-02 9.1968089e-02 0.0000000e+00 
1.7197393e-02 6.8012975e-02 0.0000000e+00 
9.1142049e-03 3.4107137e-02 0.0000000e+00 
1.5775396e-02 5.9472758e-02 0.0000000e+00 
1.1550002e-02 4.2454995e-02 0.0000000e+00 
2.0191155e-02 8.4521294e-02 0.0000000e+00 
1.9362813e-02 7.6291546e-02 0.0000000e+00 
2.2029553e-03 8.5663274e-03 0.0000000e+00 
2.0570740e-02 9.2391551e-02 0.0000000e+00 
4.5225122e-03 1.7017839e-02 0.0000000e+00 
1.4021583e-02 5.0785072e-02 0.0000000e+00 
0.0000000e+00 0.0000000e+00 0.0000000e+00 
6.9375434e-03 2.5390338e-02 0.0000000e+00 
1.8123899e-02 6.7795806e-02 0.0000000e+00 
9.4302250e-03 3.3715133e-02 0.0000000e+00 
1.6516114e-02 5.9115179e-02 0.0000000e+00 
1.1984834e-02 4.2018861e-02 0.0000000e+00 
2.1488907e-02 8.4558636e-02 0.0000000e+00 
2.2067206e-02 9.2676237e-02 0.0000000e+00 
2.0458395e-02 7.6122895e-02 0.0000000e+00 
2.2149371e-02 1.0037170e-01 0.0000000e+00 
1.4586790e-02 5.0323594e-02 0.0000000e+00 
1.9020183e-02 6.7459017e-02 0.0000000e+00 
2.2473396e-03 8.4054228e-03 0.0000000e+00 
4.6325931e-03 1.6727900e-02 0.0000000e+00 
0.0000000e+00 0.0000000e+00 0.0000000e+00 
7.1314685e-03 2.4998596e-02 0.0000000e+00 
9.7234333e-03 3.3245578e-02 0.0000000e+00 
1.7221928e-02 5.8647249e-02 0.0000000e+00 
2.3558239e-02 9.2818171e-02 0.0000000e+00 
2.2763478e-02 8.4460869e-02 0.0000000e+00 
2.3854772e-02 1.0080062e-01 0.0000000e+00 
1.2390517e-02 4.1493375e-02 0.0000000e+00 
2.1519495e-02 7.5827166e-02 0.0000000e+00 
1.9875953e-02 6.7004181e-02 0.0000000e+00 
1.5116343e-02 4.9762890e-02 0.0000000e+00 
4.7304942e-03 1.6393818e-02 0.0000000e+00 
2.2859280e-03 8.2204882e-03 0.0000000e+00 
7.3064216e-03 2.4545990e-02 0.0000000e+00 
0.0000000e+00 0.0000000e+00 0.0000000e+00 
2.5022518e-02 9.2815943e-02 0.0000000e+00 
2.5552247e-02 1.0107539e-01 0.0000000e+00 
2.3998775e-02 8.4228247e-02 0.0000000e+00 
9.9905794e-03 3.2701299e-02 0.0000000e+00 
1.7885378e-02 5.8071610e-02 0.0000000e+00 
2.5533214e-02 1.0890105e-01 0.0000000e+00 
2.2534115e-02 7.5406030e-02 0.0000000e+00 
1.2762808e-02 4.0881649e-02 0.0000000e+00 
2.0682378e-02 6.6434048e-02 0.0000000e+00 
1.5604947e-02 4.9106278e-02 0.0000000e+00 
2.6441894e-02 9.2670254e-02 0.0000000e+00 
2.7218092e-02 1.0119537e-01 0.0000000e+00 
2.5181077e-02 8.3862685e-02 0.0000000e+00 
4.8149312e-03 1.6017709e-02 0.0000000e+00 
2.7452085e-02 1.0933877e-01 0.0000000e+00 
2.3181108e-03 8.0127399e-03 0.0000000e+00 
7.4603828e-03 2.4035299e-02 0.0000000e+00 
1.8500073e-02 5.7391770e-02 0.0000000e+00 
0.0000000e+00 0.0000000e+00 0.0000000e+00 
1.0228855e-02 3.2085564e-02 0.0000000e+00 
2.3492023e-02 7.4862421e-02 0.0000000e+00 
1.3098059e-02 4.0187337e-02 0.0000000e+00 
2.1431934e-02 6.5752335e-02 0.0000000e+00 
2.8832225e-02 1.0116201e-01 0.0000000e+00 
2.7800975e-02 9.2383474e-02 0.0000000e+00 
1.6048074e-02 4.8357718e-02 0.0000000e+00 
2.9332686e-02 1.0960913e-01 0.0000000e+00 
2.6298756e-02 8.3367437e-02 0.0000000e+00 
2.9239720e-02 1.1762198e-01 0.0000000e+00 
4.8847855e-03 1.5601881e-02 0.0000000e+00 
1.9060574e-02 5.6611948e-02 0.0000000e+00 
7.5916084e-03 2.3469582e-02 0.0000000e+00 
2.4384547e-02 7.4200302e-02 0.0000000e+00 
2.3433508e-03 7.7834930e-03 0.0000000e+00 
1.0435847e-02 3.1402018e-02 0.0000000e+00 
0.0000000e+00 0.0000000e+00 0.0000000e+00 
1.3393154e-02 3.9414514e-02 0.0000000e+00 
3.0377703e-02 1.0097840e-01 0.0000000e+00 
3.1153217e-02 1.0971467e-01 0.0000000e+00 
2.9086789e-02 9.1959327e-02 0.0000000e+00 
2.2118250e-02 6.4963505e-02 0.0000000e+00 
3.1349618e-02 1.1807169e-01 0.0000000e+00 
1.6441878e-02 4.7521651e-02 0.0000000e+00 
2.7342010e-02 8.2746811e-02 0.0000000e+00 
2.5204387e-02 7.3424459e-02 0.0000000e+00 
1.9562284e-02 5.5736918e-02 0.0000000e+00 
4.9390877e-03 1.5148784e-02 0.0000000e+00 
7.6985983e-03 2.2852115e-02 0.0000000e+00 
2.3611765e-03 7.5341314e-03 0.0000000e+00 
3.1840306e-02 1.0064894e-01 0.0000000e+00 
3.2895368e-02 1.0965948e-01 0.0000000e+00 
1.0609496e-02 3.0654568e-02 0.0000000e+00 
3.0288449e-02 9.1402628e-02 0.0000000e+00 
3.3389173e-02 1.1834329e-01 0.0000000e+00 
0.0000000e+00 0.0000000e+00 0.0000000e+00 
1.3645452e-02 3.8567618e-02 0.0000000e+00 
2.2735970e-02 6.4072669e-02 0.0000000e+00 
3.3254180e-02 1.2660369e-01 0.0000000e+00 
2.8302627e-02 8.2005970e-02 0.0000000e+00 
1.6783111e-02 4.6602938e-02 0.0000000e+00 
2.5945431e-02 7.2540320e-02 0.0000000e+00 
2.0001341e-02 5.4771900e-02 0.0000000e+00 
3.4543846e-02 1.0944889e-01 0.0000000e+00 
3.3208169e-02 1.0017911e-01 0.0000000e+00 
3.5338968e-02 1.1844216e-01 0.0000000e+00 
3.1396888e-02 9.0719022e-02 0.0000000e+00 
7.7800704e-03 2.2186331e-02 0.0000000e+00 
4.9770004e-03 1.4660975e-02 0.0000000e+00 
3.5526223e-02 1.2706833e-01 0.0000000e+00 
1.0748056e-02 2.9847350e-02 0.0000000e+00 
2.3711761e-03 7.2660889e-03 0.0000000e+00 
2.3280622e-02 6.3085385e-02 0.0000000e+00 
1.3852721e-02 3.7651338e-02 0.0000000e+00 
0.0000000e+00 0.0000000e+00 0.0000000e+00 
2.9173773e-02 8.1150755e-02 0.0000000e+00 
1.7069053e-02 4.5606732e-02 0.0000000e+00 
3.6085941e-02 1.0908923e-01 0.0000000e+00 
3.7182849e-02 1.1837482e-01 0.0000000e+00 
2.6602607e-02 7.1553834e-02 0.0000000e+00 
3.4471452e-02 9.9575184e-02 0.0000000e+00 
2.0374527e-02 5.3722464e-02 0.0000000e+00 
3.7695188e-02 1.2734665e-01 0.0000000e+00 
3.2404605e-02 8.9914821e-02 0.0000000e+00 
3.7553452e-02 1.3591711e-01 0.0000000e+00 
7.8349337e-03 2.1475784e-02 0.0000000e+00 
4.9978043e-03 1.4141081e-02 0.0000000e+00 
1.0850050e-02 2.8984655e-02 0.0000000e+00 
2.3748497e-02 6.2007613e-02 0.0000000e+00 
2.9949805e-02 8.0187500e-02 0.0000000e+00 
2.3729918e-03 6.9808299e-03 0.0000000e+00 
1.4013091e-02 3.6670566e-02 0.0000000e+00 
0.0000000e+00 0.0000000e+00 0.0000000e+00 
3.8907461e-02 1.1814862e-01 0.0000000e+00 
3.7511174e-02 1.0858753e-01 0.0000000e+00 
1.7297434e-02 4.4538431e-02 0.0000000e+00 
3.9744351e-02 1.2744659e-01 0.0000000e+00 
3.5622068e-02 9.8844066e-02 0.0000000e+00 
2.7171731e-02 7.0471331e-02 0.0000000e+00 
3.9953403e-02 1.3639924e-01 0.0000000e+00 
3.3305436e-02 8.8996850e-02 0.0000000e+00 
2.0679172e-02 5.2594442e-02 0.0000000e+00 
3.0626098e-02 7.9122961e-02 0.0000000e+00 
2.4136530e-02 6.0845587e-02 0.0000000e+00 
7.8622615e-03 2.0724108e-02 0.0000000e+00 
1.0914238e-02 2.8070889e-02 0.0000000e+00 
5.0008828e-03 1.3591778e-02 0.0000000e+00 
4.0501855e-02 1.1777157e-01 0.0000000e+00 
3.8810972e-02 1.0795143e-01 0.0000000e+00 
4.1659944e-02 1.2737674e-01 0.0000000e+00 
1.4125002e-02 3.5630342e-02 0.0000000e+00 
2.3663123e-03 6.6798385e-03 0.0000000e+00 
3.6653399e-02 9.7993121e-02 0.0000000e+00 
4.2217821e-02 1.3668947e-01 0.0000000e+00 
1.7466366e-02 4.3403607e-02 0.0000000e+00 
0.0000000e+00 0.0000000e+00 0.0000000e+00 
2.7649377e-02 6.9299445e-02 0.0000000e+00 
3.4094356e-02 8.7972306e-02 0.0000000e+00 
4.2106710e-02 1.4563347e-01 0.0000000e+00 
2.0913078e-02 5.1393870e-02 0.0000000e+00 
3.1198885e-02 7.7964164e-02 0.0000000e+00 
4.1957118e-02 1.1725214e-01 0.0000000e+00 
4.3430746e-02 1.2714623e-01 0.0000000e+00 
3.9978378e-02 1.0718896e-01 0.0000000e+00 
2.4442224e-02 5.9605755e-02 0.0000000e+00 
4.4332817e-02 1.3679788e-01 0.0000000e+00 
7.8612706e-03 1.9934988e-02 0.0000000e+00 
3.7560102e-02 9.7030088e-02 0.0000000e+00 
1.0939576e-02 2.7110543e-02 0.0000000e+00 
4.9857078e-03 1.3015768e-02 0.0000000e+00 
1.4187150e-02 3.4535814e-02 0.0000000e+00 
4.4596076e-02 1.4613527e-01 0.0000000e+00 
2.3508689e-03 6.3646045e-03 0.0000000e+00 
2.8032755e-02 6.8045005e-02 0.0000000e+00 
1.7574297e-02 4.2207960e-02 0.0000000e+00 
3.4767315e-02 8.6848669e-02 0.0000000e+00 
0.0000000e+00 0.0000000e+00 0.0000000e+00 
2.1074437e-02 5.0126921e-02 0.0000000e+00 
4.5047682e-02 1.2676452e-01 0.0000000e+00 
4.3266069e-02 1.1659914e-01 0.0000000e+00 
4.6287131e-02 1.3673481e-01 0.0000000e+00 
4.1007809e-02 1.0630846e-01 0.0000000e+00 
3.1665131e-02 7.6718360e-02 0.0000000e+00 
2.4663534e-02 5.8294725e-02 0.0000000e+00 
4.6918519e-02 1.4644215e-01 0.0000000e+00 
3.8337890e-02 9.5962942e-02 0.0000000e+00 
1.0925191e-02 2.6108151e-02 0.0000000e+00 
7.8312950e-03 1.9112136e-02 0.0000000e+00 
4.6876255e-02 1.5582317e-01 0.0000000e+00 
1.4198454e-02 3.3392202e-02 0.0000000e+00 
4.9518286e-03 1.2415763e-02 0.0000000e+00 
2.8319614e-02 6.6715039e-02 0.0000000e+00 
3.5321064e-02 8.5633613e-02 0.0000000e+00 
1.7619938e-02 4.0957276e-02 0.0000000e+00 
2.3264284e-03 6.0366164e-03 0.0000000e+00 
4.6503510e-02 1.2624131e-01 0.0000000e+00 
4.4423006e-02 1.1582161e-01 0.0000000e+00 
4.8071738e-02 1.3651088e-01 0.0000000e+00 
2.1161769e-02 4.8799872e-02 0.0000000e+00 
4.1894834e-02 1.0531846e-01 0.0000000e+00 
0.0000000e+00 0.0000000e+00 0.0000000e+00 
4.9063016e-02 1.4656587e-01 0.0000000e+00 
3.2022402e-02 7.5392962e-02 0.0000000e+00 
3.8983379e-02 9.4799824e-02 0.0000000e+00 
2.4798801e-02 5.6919206e-02 0.0000000e+00 
4.9413349e-02 1.5634637e-01 0.0000000e+00 
3.5753034e-02 8.4334955e-02 0.0000000e+00 
2.8508140e-02 6.5316655e-02 0.0000000e+00 
1.0870345e-02 2.5068279e-02 0.0000000e+00 
4.7792532e-02 1.2558644e-01 0.0000000e+00 
7.7717733e-03 1.8259283e-02 0.0000000e+00 
4.9679499e-02 1.3613676e-01 0.0000000e+00 
1.4158010e-02 3.2204766e-02 0.0000000e+00 
4.5423444e-02 1.1492872e-01 0.0000000e+00 
4.8988573e-03 1.1794473e-02 0.0000000e+00 
5.1020816e-02 1.4651828e-01 0.0000000e+00 
1.7602222e-02 3.9657407e-02 0.0000000e+00 
4.2635985e-02 1.0422762e-01 0.0000000e+00 
2.2927884e-03 5.6973561e-03 0.0000000e+00 
2.1173855e-02 4.7419079e-02 0.0000000e+00 
5.1753864e-02 1.5667401e-01 0.0000000e+00 
3.2268755e-02 7.3995471e-02 0.0000000e+00 
3.9493904e-02 9.3548968e-02 0.0000000e+00 
0.0000000e+00 0.0000000e+00 0.0000000e+00 
2.4846677e-02 5.5485990e-02 0.0000000e+00 
5.1818334e-02 1.6655470e-01 0.0000000e+00 
5.1104866e-02 1.3562314e-01 0.0000000e+00 
4.8910320e-02 1.2480973e-01 0.0000000e+00 
3.6061198e-02 8.2960591e-02 0.0000000e+00 
5.2785076e-02 1.4631109e-01 0.0000000e+00 
4.6263926e-02 1.1392968e-01 0.0000000e+00 
2.8596867e-02 6.3857049e-02 0.0000000e+00 
1.0774414e-02 2.3995509e-02 0.0000000e+00 
5.3889550e-02 1.5681924e-01 0.0000000e+00 
4.3228578e-02 1.0304466e-01 0.0000000e+00 
1.4065055e-02 3.0978799e-02 0.0000000e+00 
7.6822215e-03 1.7380152e-02 0.0000000e+00 
1.7520260e-02 3.8314242e-02 0.0000000e+00 
4.8264600e-03 1.1154599e-02 0.0000000e+00 
3.2402650e-02 7.2533451e-02 0.0000000e+00 
5.4359328e-02 1.6710053e-01 0.0000000e+00 
2.1109693e-02 4.5990940e-02 0.0000000e+00 
3.9867405e-02 9.2218690e-02 0.0000000e+00 
2.2497729e-03 5.3482912e-03 0.0000000e+00 
5.2343614e-02 1.3498069e-01 0.0000000e+00 
2.4806051e-02 5.4001920e-02 0.0000000e+00 
4.9853526e-02 1.2392108e-01 0.0000000e+00 
5.4350570e-02 1.4595599e-01 0.0000000e+00 
0.0000000e+00 0.0000000e+00 0.0000000e+00 
4.6941821e-02 1.1283372e-01 0.0000000e+00 
3.6243971e-02 8.1518456e-02 0.0000000e+00 
5.5814080e-02 1.5679497e-01 0.0000000e+00 
2.8584613e-02 6.2343452e-02 0.0000000e+00 
4.3670584e-02 1.0177831e-01 0.0000000e+00 
5.6676324e-02 1.6745245e-01 0.0000000e+00 
1.0636860e-02 2.2894423e-02 0.0000000e+00 
1.3918937e-02 2.9719612e-02 0.0000000e+00 
7.5622206e-03 1.6478462e-02 0.0000000e+00 
1.7373294e-02 3.6933701e-02 0.0000000e+00 
3.2422848e-02 7.1014516e-02 0.0000000e+00 
4.0102299e-02 9.0817310e-02 0.0000000e+00 
4.7343448e-03 1.0498825e-02 0.0000000e+00 
5.3392608e-02 1.3421991e-01 0.0000000e+00 
5.6883983e-02 1.7789383e-01 0.0000000e+00 
2.0968424e-02 4.4521883e-02 0.0000000e+00 
5.5713400e-02 1.4546444e-01 0.0000000e+00 
5.0619666e-02 1.2293027e-01 0.0000000e+00 
5.7522714e-02 1.5661380e-01 0.0000000e+00 
2.1972265e-03 4.9908776e-03 0.0000000e+00 
4.7455188e-02 1.1165006e-01 0.0000000e+00 
2.4675995e-02 5.2473880e-02 0.0000000e+00 
3.6300108e-02 8.0016524e-02 0.0000000e+00 
5.8763701e-02 1.6762455e-01 0.0000000e+00 
4.3960463e-02 1.0043727e-01 0.0000000e+00 
0.0000000e+00 0.0000000e+00 0.0000000e+00 
2.8470393e-02 6.0783148e-02 0.0000000e+00 
5.9383880e-02 1.7846303e-01 0.0000000e+00 
5.4249607e-02 1.3335122e-01 0.0000000e+00 
5.6870773e-02 1.4484769e-01 0.0000000e+00 
4.0197369e-02 8.9353137e-02 0.0000000e+00 
1.3719080e-02 2.8432526e-02 0.0000000e+00 
1.0457205e-02 2.1769613e-02 0.0000000e+00 
3.2328349e-02 6.9446303e-02 0.0000000e+00 
5.1206969e-02 1.2184698e-01 0.0000000e+00 
1.7160656e-02 3.5521720e-02 0.0000000e+00 
5.9012037e-02 1.5628809e-01 0.0000000e+00 
7.4113999e-03 1.5557928e-02 0.0000000e+00 
2.0749310e-02 4.3018382e-02 0.0000000e+00 
4.7802612e-02 1.1038781e-01 0.0000000e+00 
4.6222508e-03 9.8298220e-03 0.0000000e+00 
6.0617384e-02 1.6763046e-01 0.0000000e+00 
2.4455708e-02 5.0908782e-02 0.0000000e+00 
3.6228608e-02 7.8462765e-02 0.0000000e+00 
2.1350114e-03 4.6265544e-03 0.0000000e+00 
4.4097092e-02 9.9030234e-02 0.0000000e+00 
6.1635006e-02 1.7884199e-01 0.0000000e+00 
2.8253371e-02 5.9183430e-02 0.0000000e+00 
5.7820797e-02 1.4411680e-01 0.0000000e+00 
5.4913089e-02 1.3238485e-01 0.0000000e+00 
0.0000000e+00 0.0000000e+00 0.0000000e+00 
6.0279720e-02 1.5582989e-01 0.0000000e+00 
6.2019877e-02 1.8990281e-01 0.0000000e+00 
4.0151671e-02 8.7834470e-02 0.0000000e+00 
5.1614206e-02 1.2068081e-01 0.0000000e+00 
6.2234588e-02 1.6748345e-01 0.0000000e+00 
3.2118302e-02 6.7836456e-02 0.0000000e+00 
1.3464958e-02 2.7122879e-02 0.0000000e+00 
1.0235013e-02 2.0625668e-02 0.0000000e+00 
1.6881742e-02 3.4084268e-02 0.0000000e+00 
4.7983103e-02 1.0905603e-01 0.0000000e+00 
7.2294185e-03 1.4622251e-02 0.0000000e+00 
2.0451674e-02 4.1486923e-02 0.0000000e+00 
6.3634127e-02 1.7904539e-01 0.0000000e+00 
3.6028653e-02 7.6865137e-02 0.0000000e+00 
4.4899425e-03 9.1502443e-03 0.0000000e+00 
2.4144461e-02 4.9313556e-02 0.0000000e+00 
4.4079613e-02 9.7565830e-02 0.0000000e+00 
6.4433433e-02 1.9049561e-01 0.0000000e+00 
5.8562279e-02 1.4328255e-01 0.0000000e+00 
6.1324310e-02 1.5525088e-01 0.0000000e+00 
5.5382084e-02 1.3133085e-01 0.0000000e+00 
2.0630013e-03 4.2567477e-03 0.0000000e+00 
2.7932789e-02 5.7551626e-02 0.0000000e+00 
6.3613571e-02 1.6719630e-01 0.0000000e+00 
5.1840577e-02 1.1944120e-01 0.0000000e+00 
3.9964449e-02 8.6269587e-02 0.0000000e+00 
6.5379217e-02 1.7908736e-01 0.0000000e+00 
3.1791952e-02 6.6192634e-02 0.0000000e+00 
0.0000000e+00 0.0000000e+00 0.0000000e+00 
4.7995955e-02 1.0766369e-01 0.0000000e+00 
1.3156066e-02 2.5796028e-02 0.0000000e+00 
1.6535964e-02 3.2627337e-02 0.0000000e+00 
9.9698668e-03 1.9467182e-02 0.0000000e+00 
6.6576369e-02 1.9090365e-01 0.0000000e+00 
2.0074865e-02 3.9934032e-02 0.0000000e+00 
7.0159556e-03 1.3675129e-02 0.0000000e+00 
4.3907389e-02 9.6052617e-02 0.0000000e+00 
3.5699517e-02 7.5231604e-02 0.0000000e+00 
5.9094600e-02 1.4235549e-01 0.0000000e+00 
6.2145054e-02 1.5456244e-01 0.0000000e+00 
2.3741556e-02 4.7695186e-02 0.0000000e+00 
5.5656064e-02 1.3019904e-01 0.0000000e+00 
6.4753436e-02 1.6678138e-01 0.0000000e+00 
4.3371958e-03 8.4627355e-03 0.0000000e+00 
5.1885597e-02 1.1813743e-01 0.0000000e+00 
6.7169160e-02 2.0263986e-01 0.0000000e+00 
2.7507922e-02 5.5895086e-02 0.0000000e+00 
6.6869244e-02 1.7898141e-01 0.0000000e+00 
3.9635051e-02 8.4666722e-02 0.0000000e+00 
1.9810786e-03 3.8828701e-03 0.0000000e+00 
4.7840685e-02 1.0621964e-01 0.0000000e+00 
6.8447545e-02 1.9114189e-01 0.0000000e+00 
3.1348575e-02 6.4522505e-02 0.0000000e+00 
0.0000000e+00 0.0000000e+00 0.0000000e+00 
6.2741749e-02 1.5377560e-01 0.0000000e+00 
5.9417553e-02 1.4134587e-01 0.0000000e+00 
1.2791893e-02 2.4457363e-02 0.0000000e+00 
1.6122730e-02 3.1156963e-02 0.0000000e+00 
4.3579876e-02 9.4499104e-02 0.0000000e+00 
6.5653950e-02 1.6625066e-01 0.0000000e+00 
3.5240520e-02 7.3570125e-02 0.0000000e+00 
5.5734798e-02 1.2899914e-01 0.0000000e+00 
6.9451749e-02 2.0325601e-01 0.0000000e+00 
9.6613513e-03 1.8298781e-02 0.0000000e+00 
1.9618215e-02 3.8366288e-02 0.0000000e+00 
6.8103954e-02 1.7874059e-01 0.0000000e+00 
2.3246273e-02 4.6060689e-02 0.0000000e+00 
6.7706904e-03 1.2720271e-02 0.0000000e+00 
5.1748976e-02 1.1677871e-01 0.0000000e+00 
7.0046730e-02 1.9122456e-01 0.0000000e+00 
2.6978025e-02 5.4221202e-02 0.0000000e+00 
4.1637919e-03 7.7699325e-03 0.0000000e+00 
3.9162863e-02 8.3034091e-02 0.0000000e+00 
4.7516916e-02 1.0473265e-01 0.0000000e+00 
3.0787429e-02 6.2833786e-02 0.0000000e+00 
6.3114591e-02 1.5290107e-01 0.0000000e+00 
1.8891301e-03 3.5063268e-03 0.0000000e+00 
7.1444929e-02 2.0369442e-01 0.0000000e+00 
5.9531238e-02 1.4026375e-01 0.0000000e+00 
6.6315398e-02 1.6561565e-01 0.0000000e+00 
5.5618271e-02 1.2774058e-01 0.0000000e+00 
6.9083735e-02 1.7837742e-01 0.0000000e+00 
4.3096583e-02 9.2913739e-02 0.0000000e+00 
3.4650948e-02 7.1888670e-02 0.0000000e+00 
1.5641401e-02 2.9679243e-02 0.0000000e+00 
1.2371900e-02 2.3112323e-02 0.0000000e+00 
0.0000000e+00 0.0000000e+00 0.0000000e+00 
5.1430553e-02 1.1537403e-01 0.0000000e+00 
1.9081008e-02 3.6790326e-02 0.0000000e+00 
7.1374424e-02 1.9116531e-01 0.0000000e+00 
7.2272293e-02 2.1615869e-01 0.0000000e+00 
9.3090264e-03 1.7125111e-02 0.0000000e+00 
2.2657834e-02 4.4417147e-02 0.0000000e+00 
6.4932927e-03 1.1761399e-02 0.0000000e+00 
3.8547255e-02 8.1379890e-02 0.0000000e+00 
7.3149368e-02 2.0397000e-01 0.0000000e+00 
2.6342280e-02 5.2537426e-02 0.0000000e+00 
4.7024310e-02 1.0321140e-01 0.0000000e+00 
6.3264064e-02 1.5194927e-01 0.0000000e+00 
6.6738434e-02 1.6488750e-01 0.0000000e+00 
3.9695087e-03 7.0744790e-03 0.0000000e+00 
5.9435952e-02 1.3911889e-01 0.0000000e+00 
6.9809414e-02 1.7790391e-01 0.0000000e+00 
3.0107688e-02 6.1134219e-02 0.0000000e+00 
5.5306569e-02 1.2643266e-01 0.0000000e+00 
7.4380644e-02 2.1679746e-01 0.0000000e+00 
4.2456985e-02 9.1304936e-02 0.0000000e+00 
7.2431669e-02 1.9097717e-01 0.0000000e+00 
1.7870422e-03 3.1285188e-03 0.0000000e+00 
3.3930007e-02 7.0195235e-02 0.0000000e+00 
5.0930202e-02 1.1393230e-01 0.0000000e+00 
7.4566349e-02 2.0409691e-01 0.0000000e+00 
1.5091270e-02 2.8200354e-02 0.0000000e+00 
1.8462436e-02 3.5212878e-02 0.0000000e+00 
1.1895485e-02 2.1766415e-02 0.0000000e+00 
2.1975353e-02 4.2771742e-02 0.0000000e+00 
0.0000000e+00 0.0000000e+00 0.0000000e+00 
8.9124143e-03 1.5950881e-02 0.0000000e+00 
6.6923983e-02 1.6407698e-01 0.0000000e+00 
4.6362504e-02 1.0166449e-01 0.0000000e+00 
6.3190818e-02 1.5093027e-01 0.0000000e+00 
3.7787501e-02 7.9712324e-02 0.0000000e+00 
7.0282176e-02 1.7733160e-01 0.0000000e+00 
5.9132095e-02 1.3792087e-01 0.0000000e+00 
2.5599755e-02 5.0851293e-02 0.0000000e+00 
7.6183945e-02 2.1726678e-01 0.0000000e+00 
6.1834059e-03 1.0802272e-02 0.0000000e+00 
7.3219910e-02 1.9067261e-01 0.0000000e+00 
5.4799825e-02 1.2508450e-01 0.0000000e+00 
2.9308405e-02 5.9431624e-02 0.0000000e+00 
3.7541101e-03 6.3790320e-03 0.0000000e+00 
4.1660473e-02 8.9681067e-02 0.0000000e+00 
7.5697638e-02 2.0408863e-01 0.0000000e+00 
5.0247755e-02 1.1246229e-01 0.0000000e+00 
7.7267826e-02 2.3050815e-01 0.0000000e+00 
3.3076774e-02 6.8497866e-02 0.0000000e+00 
1.6746975e-03 2.7508489e-03 0.0000000e+00 
6.6873126e-02 1.6319449e-01 0.0000000e+00 
7.7684328e-02 2.1758127e-01 0.0000000e+00 
6.2895618e-02 1.4985390e-01 0.0000000e+00 
7.0503421e-02 1.7667161e-01 0.0000000e+00 
1.4471522e-02 2.6726587e-02 0.0000000e+00 
1.7761569e-02 3.3640791e-02 0.0000000e+00 
4.5531042e-02 1.0010044e-01 0.0000000e+00 
5.8620088e-02 1.3667899e-01 0.0000000e+00 
1.1361971e-02 2.0425247e-02 0.0000000e+00 
3.6882732e-02 7.8039624e-02 0.0000000e+00 
2.1197807e-02 4.1131761e-02 0.0000000e+00 
7.3740907e-02 1.9026354e-01 0.0000000e+00 
8.4709739e-03 1.4780875e-02 0.0000000e+00 
2.4749357e-02 4.9170438e-02 0.0000000e+00 
5.4098114e-02 1.2370505e-01 0.0000000e+00 
0.0000000e+00 0.0000000e+00 0.0000000e+00 
7.6545350e-02 2.0395802e-01 0.0000000e+00 
7.9160728e-02 2.3116837e-01 0.0000000e+00 
5.8406321e-03 9.8467022e-03 0.0000000e+00 
2.8388456e-02 5.7733905e-02 0.0000000e+00 
4.0706281e-02 8.8050500e-02 0.0000000e+00 
4.9382955e-02 1.1097270e-01 0.0000000e+00 
7.8884296e-02 2.1775477e-01 0.0000000e+00 
3.5173378e-03 5.6862789e-03 0.0000000e+00 
6.6587001e-02 1.6225012e-01 0.0000000e+00 
3.2090124e-02 6.6804670e-02 0.0000000e+00 
7.0474692e-02 1.7593464e-01 0.0000000e+00 
6.2379222e-02 1.4872971e-01 0.0000000e+00 
7.3996574e-02 1.8976142e-01 0.0000000e+00 
5.7900306e-02 1.3540243e-01 0.0000000e+00 
4.4529308e-02 9.8527767e-02 0.0000000e+00 
8.0736034e-02 2.3166846e-01 0.0000000e+00 
3.5831880e-02 7.6370038e-02 0.0000000e+00 
1.5519701e-03 2.3747296e-03 0.0000000e+00 
7.7111825e-02 2.0371734e-01 0.0000000e+00 
1.6977306e-02 3.2081060e-02 0.0000000e+00 
1.3781200e-02 2.5264379e-02 0.0000000e+00 
5.3201422e-02 1.2230313e-01 0.0000000e+00 
2.0323975e-02 3.9504647e-02 0.0000000e+00 
1.0770561e-02 1.9094557e-02 0.0000000e+00 
2.3789782e-02 4.7502644e-02 0.0000000e+00 
7.9786643e-02 2.1780041e-01 0.0000000e+00 
7.9840831e-03 1.3619984e-02 0.0000000e+00 
3.9593436e-02 8.6421609e-02 0.0000000e+00 
2.7346486e-02 5.6049097e-02 0.0000000e+00 
4.8335377e-02 1.0947211e-01 0.0000000e+00 
8.2093216e-02 2.4573210e-01 0.0000000e+00 
0.0000000e+00 0.0000000e+00 0.0000000e+00 
6.6066757e-02 1.6125360e-01 0.0000000e+00 
7.0197545e-02 1.7513102e-01 0.0000000e+00 
5.4645180e-03 8.8985795e-03 0.0000000e+00 
6.1642330e-02 1.4756700e-01 0.0000000e+00 
7.3988937e-02 1.8917719e-01 0.0000000e+00 
8.1997022e-02 2.3202248e-01 0.0000000e+00 
3.0968707e-02 6.5123856e-02 0.0000000e+00 
5.6973003e-02 1.3410008e-01 0.0000000e+00 
7.7399530e-02 2.0337826e-01 0.0000000e+00 
3.2589019e-03 4.9989545e-03 0.0000000e+00 
4.3356467e-02 9.6954912e-02 0.0000000e+00 
3.4633629e-02 7.4711904e-02 0.0000000e+00 
5.2109554e-02 1.2088744e-01 0.0000000e+00 
8.0394305e-02 2.1773072e-01 0.0000000e+00 
8.3732061e-02 2.4641222e-01 0.0000000e+00 
1.6108343e-02 3.0540882e-02 0.0000000e+00 
1.3019176e-02 2.3820350e-02 0.0000000e+00 
1.9352403e-02 3.7898038e-02 0.0000000e+00 
1.4187208e-03 2.0015927e-03 0.0000000e+00 
1.0120322e-02 1.7780252e-02 0.0000000e+00 
2.2719463e-02 4.5855872e-02 0.0000000e+00 
6.9673553e-02 1.7427066e-01 0.0000000e+00 
6.5313451e-02 1.6021439e-01 0.0000000e+00 
4.7104377e-02 1.0796906e-01 0.0000000e+00 
8.2947120e-02 2.3224378e-01 0.0000000e+00 
3.8320713e-02 8.4802821e-02 0.0000000e+00 
7.3720016e-02 1.8852137e-01 0.0000000e+00 
6.0685523e-02 1.4637484e-01 0.0000000e+00 
2.6180865e-02 5.4385394e-02 0.0000000e+00 
7.4510104e-03 1.2473240e-02 0.0000000e+00 
7.7410989e-02 2.0295198e-01 0.0000000e+00 
5.5838272e-02 1.3278075e-01 0.0000000e+00 
2.9710867e-02 6.3463770e-02 0.0000000e+00 
0.0000000e+00 0.0000000e+00 0.0000000e+00 
5.0545372e-03 7.9619018e-03 0.0000000e+00 
8.0710314e-02 2.1755758e-01 0.0000000e+00 
8.5043781e-02 2.4694222e-01 0.0000000e+00 
4.2011436e-02 9.5390350e-02 0.0000000e+00 
5.0822105e-02 1.1946654e-01 0.0000000e+00 
3.3286359e-02 7.3073655e-02 0.0000000e+00 
2.9784681e-03 4.3198606e-03 0.0000000e+00 
8.3589889e-02 2.3234501e-01 0.0000000e+00 
6.8904139e-02 1.7336321e-01 0.0000000e+00 
7.3191799e-02 1.8780409e-01 0.0000000e+00 
6.4328007e-02 1.5914170e-01 0.0000000e+00 
1.5153119e-02 2.9027697e-02 0.0000000e+00 
1.8281354e-02 3.6319803e-02 0.0000000e+00 
4.5689054e-02 1.0647204e-01 0.0000000e+00 
7.7148691e-02 2.0244920e-01 0.0000000e+00 
8.6685516e-02 2.6186928e-01 0.0000000e+00 
5.9509195e-02 1.4516208e-01 0.0000000e+00 
1.2184104e-02 2.2401366e-02 0.0000000e+00 
3.6886569e-02 8.3202593e-02 0.0000000e+00 
2.1536529e-02 4.4238307e-02 0.0000000e+00 
9.4101429e-03 1.6488453e-02 0.0000000e+00 
1.2747928e-03 1.6328980e-03 0.0000000e+00 
8.6032443e-02 2.4733552e-01 0.0000000e+00 
8.0737680e-02 2.1729232e-01 0.0000000e+00 
2.4889626e-02 5.2751176e-02 0.0000000e+00 
5.4495968e-02 1.3145307e-01 0.0000000e+00 
6.8708919e-03 1.1345862e-02 0.0000000e+00 
2.8314602e-02 6.1832916e-02 0.0000000e+00 
4.0492799e-02 9.3842551e-02 0.0000000e+00 
8.3928861e-02 2.3233819e-01 0.0000000e+00 
4.9338397e-02 1.1804897e-01 0.0000000e+00 
4.6100691e-03 7.0408075e-03 0.0000000e+00 
0.0000000e+00 0.0000000e+00 0.0000000e+00 
8.8034816e-02 2.6256737e-01 0.0000000e+00 
6.7890629e-02 1.7241792e-01 0.0000000e+00 
7.2406128e-02 1.8703508e-01 0.0000000e+00 
3.1788088e-02 7.1463853e-02 0.0000000e+00 
6.3111164e-02 1.5804446e-01 0.0000000e+00 
7.6615050e-02 2.0188017e-01 0.0000000e+00 
8.6702146e-02 2.4760477e-01 0.0000000e+00 
5.8113508e-02 1.4393741e-01 0.0000000e+00 
4.4088174e-02 1.0498950e-01 0.0000000e+00 
8.0479369e-02 2.1694580e-01 0.0000000e+00 
2.6756481e-03 3.6518911e-03 0.0000000e+00 
3.5289101e-02 8.1629492e-02 0.0000000e+00 
1.7108751e-02 3.4778111e-02 0.0000000e+00 
1.4109774e-02 2.7549243e-02 0.0000000e+00 
5.2945677e-02 1.3012555e-01 0.0000000e+00 
2.0238731e-02 4.2658400e-02 0.0000000e+00 
1.1274377e-02 2.1014577e-02 0.0000000e+00 
8.3967559e-02 2.3223473e-01 0.0000000e+00 
2.3470415e-02 5.1155079e-02 0.0000000e+00 
8.6387005e-03 1.5225559e-02 0.0000000e+00 
8.9050278e-02 2.6312587e-01 0.0000000e+00 
1.1200054e-03 1.2701487e-03 0.0000000e+00 
3.8798783e-02 9.2320047e-02 0.0000000e+00 
2.6777504e-02 6.0240008e-02 0.0000000e+00 
4.7657419e-02 1.1664314e-01 0.0000000e+00 
7.1364693e-02 1.8622373e-01 0.0000000e+00 
6.6634096e-02 1.7144385e-01 0.0000000e+00 
6.2426999e-03 1.0243303e-02 0.0000000e+00 
7.5812332e-02 2.0125473e-01 0.0000000e+00 
8.7056935e-02 2.4776202e-01 0.0000000e+00 
6.1663415e-02 1.5693139e-01 0.0000000e+00 
3.0136412e-02 6.9891214e-02 0.0000000e+00 
7.9938218e-02 2.1652831e-01 0.0000000e+00 
5.6498356e-02 1.4270936e-01 0.0000000e+00 
4.1303798e-03 6.1396197e-03 0.0000000e+00 
9.0982094e-02 2.7895337e-01 0.0000000e+00 
4.2300139e-02 1.0352993e-01 0.0000000e+00 
0.0000000e+00 0.0000000e+00 0.0000000e+00 
8.3709367e-02 2.3204550e-01 0.0000000e+00 
8.9736469e-02 2.6355734e-01 0.0000000e+00 
5.1186670e-02 1.2880659e-01 0.0000000e+00 
3.3525977e-02 8.0092207e-02 0.0000000e+00 
1.5832117e-02 3.3281475e-02 0.0000000e+00 
1.2976086e-02 2.6113622e-02 0.0000000e+00 
2.3499841e-03 2.9980622e-03 0.0000000e+00 
1.8823395e-02 4.1124940e-02 0.0000000e+00 
8.7100744e-02 2.4781866e-01 0.0000000e+00 
1.0288077e-02 1.9667499e-02 0.0000000e+00 
7.0068970e-02 1.8537912e-01 0.0000000e+00 
2.1920418e-02 4.9606025e-02 0.0000000e+00 
6.5135412e-02 1.7044970e-01 0.0000000e+00 
7.4742615e-02 2.0058230e-01 0.0000000e+00 
4.5777805e-02 1.1525746e-01 0.0000000e+00 
3.6927190e-02 9.0831436e-02 0.0000000e+00 
5.9984989e-02 1.5581100e-01 0.0000000e+00 
7.8044124e-03 1.3998302e-02 0.0000000e+00 
7.9116896e-02 2.1604976e-01 0.0000000e+00 
2.5096698e-02 5.8694016e-02 0.0000000e+00 
9.2009835e-02 2.7966720e-01 0.0000000e+00 
9.5414789e-04 9.1490475e-04 0.0000000e+00 
5.4663301e-02 1.4148626e-01 0.0000000e+00 
9.0097860e-02 2.6387373e-01 0.0000000e+00 
8.3157532e-02 2.3178087e-01 0.0000000e+00 
5.5652061e-03 9.1713071e-03 0.0000000e+00 
2.8328462e-02 6.8364672e-02 0.0000000e+00 
4.0322937e-02 1.0210181e-01 0.0000000e+00 
4.9217843e-02 1.2750453e-01 0.0000000e+00 
8.6837381e-02 2.4778555e-01 0.0000000e+00 
3.1594388e-02 7.8599550e-02 0.0000000e+00 
3.6145940e-03 5.2628922e-03 0.0000000e+00 
6.8520173e-02 1.8450998e-01 0.0000000e+00 
7.3407739e-02 1.9987200e-01 0.0000000e+00 
9.2699610e-02 2.8025219e-01 0.0000000e+00 
6.3395128e-02 1.6944401e-01 0.0000000e+00 
0.0000000e+00 0.0000000e+00 0.0000000e+00 
7.8017853e-02 2.1551965e-01 0.0000000e+00 
1.4448501e-02 3.1838849e-02 0.0000000e+00 
1.7287338e-02 3.9647102e-02 0.0000000e+00 
5.8075771e-02 1.5469161e-01 0.0000000e+00 
4.3697774e-02 1.1390030e-01 0.0000000e+00 
1.1749405e-02 2.4729380e-02 0.0000000e+00 
9.0138778e-02 2.6408631e-01 0.0000000e+00 
3.4875333e-02 8.9385413e-02 0.0000000e+00 
2.0236302e-02 4.8113294e-02 0.0000000e+00 
2.0009326e-03 2.3615470e-03 0.0000000e+00 
9.2229126e-03 1.8368084e-02 0.0000000e+00 
8.2315110e-02 2.3145075e-01 0.0000000e+00 
2.3268763e-02 5.7204194e-02 0.0000000e+00 
5.2607551e-02 1.4027637e-01 0.0000000e+00 
6.9053876e-03 1.2813827e-02 0.0000000e+00 
8.6270444e-02 2.4767302e-01 0.0000000e+00 
9.4921209e-02 2.9701307e-01 0.0000000e+00 
2.6360812e-02 6.6893391e-02 0.0000000e+00 
3.8154081e-02 1.0071369e-01 0.0000000e+00 
9.3056224e-02 2.8072006e-01 0.0000000e+00 
4.7037691e-02 1.2622759e-01 0.0000000e+00 
7.7697204e-04 5.6880165e-04 0.0000000e+00 
4.8369421e-03 8.1359874e-03 0.0000000e+00 
6.6719241e-02 1.8362483e-01 0.0000000e+00 
7.1809307e-02 1.9913262e-01 0.0000000e+00 
6.1413504e-02 1.6843505e-01 0.0000000e+00 
2.9490987e-02 7.7160552e-02 0.0000000e+00 
7.6643318e-02 2.1494706e-01 0.0000000e+00 
8.9863338e-02 2.6420578e-01 0.0000000e+00 
5.5935312e-02 1.5358138e-01 0.0000000e+00 
8.1184901e-02 2.3106460e-01 0.0000000e+00 
3.0616655e-03 4.4154734e-03 0.0000000e+00 
4.1415084e-02 1.1258003e-01 0.0000000e+00 
3.2640018e-02 8.7990806e-02 0.0000000e+00 
9.5599130e-02 2.9774013e-01 0.0000000e+00 
1.5626797e-02 3.8234532e-02 0.0000000e+00 
1.2954404e-02 3.0459670e-02 0.0000000e+00 
5.0329916e-02 1.3908781e-01 0.0000000e+00 
0.0000000e+00 0.0000000e+00 0.0000000e+00 
1.8414121e-02 4.6686567e-02 0.0000000e+00 
8.5403323e-02 2.4749087e-01 0.0000000e+00 
1.0426579e-02 2.3405591e-02 0.0000000e+00 
9.3084268e-02 2.8108186e-01 0.0000000e+00 
2.1289671e-02 5.5780157e-02 0.0000000e+00 
8.0761472e-03 1.7124817e-02 0.0000000e+00 
1.6278460e-03 1.7457190e-03 0.0000000e+00 
3.5790570e-02 9.9374160e-02 0.0000000e+00 
6.9948599e-02 1.9837259e-01 0.0000000e+00 
4.4644263e-02 1.2498398e-01 0.0000000e+00 
2.4229433e-02 6.5486819e-02 0.0000000e+00 
8.9275464e-02 2.6424235e-01 0.0000000e+00 
6.4666763e-02 1.8273190e-01 0.0000000e+00 
5.9393612e-03 1.1679787e-02 0.0000000e+00 
7.4995227e-02 2.1434075e-01 0.0000000e+00 
5.9190430e-02 1.6743091e-01 0.0000000e+00 
7.9769485e-02 2.3063149e-01 0.0000000e+00 
9.5937289e-02 2.9834923e-01 0.0000000e+00 
2.7211823e-02 7.5784437e-02 0.0000000e+00 
5.3562757e-02 1.5248832e-01 0.0000000e+00 
4.0561450e-03 7.1439054e-03 0.0000000e+00 
5.8818317e-04 2.3357283e-04 0.0000000e+00 
9.2788123e-02 2.8134802e-01 0.0000000e+00 
8.4239155e-02 2.4724853e-01 0.0000000e+00 
3.8926996e-02 1.1130504e-01 0.0000000e+00 
4.7828771e-02 1.3792862e-01 0.0000000e+00 
3.0217441e-02 8.6656593e-02 0.0000000e+00 
2.4703380e-03 3.6025750e-03 0.0000000e+00 
1.3837324e-02 3.6897399e-02 0.0000000e+00 
8.8378817e-02 2.6420572e-01 0.0000000e+00 
1.1345674e-02 2.9153984e-02 0.0000000e+00 
1.6449235e-02 4.5335993e-02 0.0000000e+00 
6.7826584e-02 1.9760011e-01 0.0000000e+00 
9.0038516e-03 2.2151954e-02 0.0000000e+00 
9.8442592e-02 3.1607240e-01 0.0000000e+00 
7.3075220e-02 2.1370913e-01 0.0000000e+00 
6.2363021e-02 1.8183918e-01 0.0000000e+00 
1.9154688e-02 5.4431915e-02 0.0000000e+00 
9.5940456e-02 2.9885107e-01 0.0000000e+00 
4.2035121e-02 1.2378188e-01 0.0000000e+00 
0.0000000e+00 0.0000000e+00 0.0000000e+00 
3.3228822e-02 9.8091945e-02 0.0000000e+00 
7.8071125e-02 2.3016009e-01 0.0000000e+00 
5.6725420e-02 1.6643947e-01 0.0000000e+00 
6.8445094e-03 1.5946819e-02 0.0000000e+00 
2.1929599e-02 6.4154744e-02 0.0000000e+00 
9.2171922e-02 2.8152856e-01 0.0000000e+00 
1.2299473e-03 1.1542041e-03 0.0000000e+00 
8.2780808e-02 2.4695498e-01 0.0000000e+00 
5.0956842e-02 1.5142031e-01 0.0000000e+00 
4.9036159e-03 1.0604452e-02 0.0000000e+00 
2.4752267e-02 7.4480698e-02 0.0000000e+00 
3.6230206e-02 1.1008377e-01 0.0000000e+00 
8.7176785e-02 2.6410517e-01 0.0000000e+00 
4.5102023e-02 1.3680676e-01 0.0000000e+00 
9.8746367e-02 3.1681001e-01 0.0000000e+00 
3.2206967e-03 6.2021790e-03 0.0000000e+00 
9.5613144e-02 2.9925576e-01 0.0000000e+00 
2.7603151e-02 8.5391924e-02 0.0000000e+00 
6.5443888e-02 1.9682311e-01 0.0000000e+00 
3.8742923e-04 -8.8923880e-05 0.0000000e+00 
7.0884623e-02 2.1306030e-01 0.0000000e+00 
5.9807885e-02 1.8095447e-01 0.0000000e+00 
7.6091789e-02 2.2965878e-01 0.0000000e+00 
9.1239534e-02 2.8163296e-01 0.0000000e+00 
1.1913679e-02 3.5646509e-02 0.0000000e+00 
1.4336198e-02 4.4072278e-02 0.0000000e+00 
5.4017585e-02 1.6546847e-01 0.0000000e+00 
9.6173976e-03 2.7932528e-02 0.0000000e+00 
3.9207298e-02 1.2262943e-01 0.0000000e+00 
1.8390988e-03 2.8298639e-03 0.0000000e+00 
8.1030846e-02 2.4661881e-01 0.0000000e+00 
3.0464644e-02 9.6875861e-02 0.0000000e+00 
1.6858285e-02 5.3169932e-02 0.0000000e+00 
7.4767545e-03 2.0978920e-02 0.0000000e+00 
4.8115842e-02 1.5038511e-01 0.0000000e+00 
1.9455800e-02 6.2907301e-02 0.0000000e+00 
9.8710597e-02 3.1744042e-01 0.0000000e+00 
5.5240886e-03 1.4843981e-02 0.0000000e+00 
8.5672498e-02 2.6394954e-01 0.0000000e+00 
0.0000000e+00 0.0000000e+00 0.0000000e+00 
9.4959609e-02 2.9957294e-01 0.0000000e+00 
2.2106931e-02 7.3259093e-02 0.0000000e+00 
3.3320826e-02 1.0892466e-01 0.0000000e+00 
8.0630131e-04 5.9094594e-04 0.0000000e+00 
4.2147074e-02 1.3573010e-01 0.0000000e+00 
3.7948892e-03 9.5968377e-03 0.0000000e+00 
6.8424419e-02 2.1240214e-01 0.0000000e+00 
6.2800772e-02 1.9604923e-01 0.0000000e+00 
8.9994542e-02 2.8167027e-01 0.0000000e+00 
7.3833138e-02 2.2913557e-01 0.0000000e+00 
5.7000857e-02 1.8008536e-01 0.0000000e+00 
2.4791976e-02 8.4206171e-02 0.0000000e+00 
7.8991532e-02 2.4624828e-01 0.0000000e+00 
5.1065590e-02 1.6452546e-01 0.0000000e+00 
1.0148788e-01 3.3615088e-01 0.0000000e+00 
2.3280401e-03 5.3186081e-03 0.0000000e+00 
9.8339811e-02 3.1797323e-01 0.0000000e+00 
3.6157265e-02 1.2153479e-01 0.0000000e+00 
2.7493142e-02 9.5734842e-02 0.0000000e+00 
1.7428691e-04 -3.9667258e-04 0.0000000e+00 
8.3868764e-02 2.6374727e-01 0.0000000e+00 
9.8496936e-03 3.4493398e-02 0.0000000e+00 
1.2068639e-02 4.2906743e-02 0.0000000e+00 
9.3983814e-02 2.9981184e-01 0.0000000e+00 
4.5037556e-02 1.4939035e-01 0.0000000e+00 
7.7637560e-03 2.6806856e-02 0.0000000e+00 
1.4394017e-02 5.2005194e-02 0.0000000e+00 
5.8399667e-03 1.9897820e-02 0.0000000e+00 
1.6801650e-02 6.1755050e-02 0.0000000e+00 
1.1661184e-03 2.1035713e-03 0.0000000e+00 
8.8440247e-02 2.8164914e-01 0.0000000e+00 
6.5695219e-02 2.1174216e-01 0.0000000e+00 
5.9897114e-02 1.9528596e-01 0.0000000e+00 
3.0194318e-02 1.0783629e-01 0.0000000e+00 
3.8960785e-02 1.3470651e-01 0.0000000e+00 
7.1296476e-02 2.2859818e-01 0.0000000e+00 
1.9269591e-02 7.2129719e-02 0.0000000e+00 
4.1101975e-03 1.3827113e-02 0.0000000e+00 
1.0139719e-01 3.3689627e-01 0.0000000e+00 
5.3941008e-02 1.7923924e-01 0.0000000e+00 
9.7638264e-02 3.1841770e-01 0.0000000e+00 
7.6664813e-02 2.4585126e-01 0.0000000e+00 
0.0000000e+00 0.0000000e+00 0.0000000e+00 
2.1777945e-02 8.3108917e-02 0.0000000e+00 
4.7867656e-02 1.6361789e-01 0.0000000e+00 
2.6092462e-03 8.6668730e-03 0.0000000e+00 
9.2689455e-02 2.9998115e-01 0.0000000e+00 
3.5577573e-04 6.0286489e-05 0.0000000e+00 
8.1768095e-02 2.6350647e-01 0.0000000e+00 
3.2880876e-02 1.2050610e-01 0.0000000e+00 
4.1719280e-02 1.4844361e-01 0.0000000e+00 
2.4308678e-02 9.4677985e-02 0.0000000e+00 
8.6579628e-02 2.8157780e-01 0.0000000e+00 
1.3750800e-03 4.5018322e-03 0.0000000e+00 
1.0096886e-01 3.3754486e-01 0.0000000e+00 
9.6391151e-03 4.1851413e-02 0.0000000e+00 
7.6381173e-03 3.3450417e-02 0.0000000e+00 
1.1754406e-02 5.0949261e-02 0.0000000e+00 
6.2697284e-02 2.1108770e-01 0.0000000e+00 
9.6609920e-02 3.1878257e-01 0.0000000e+00 
6.8482772e-02 2.2805408e-01 0.0000000e+00 
5.7778629e-03 2.5789460e-02 0.0000000e+00 
5.6732394e-02 1.9454052e-01 0.0000000e+00 
1.3959769e-02 6.0709007e-02 0.0000000e+00 
-5.1755458e-05 -6.8745756e-04 0.0000000e+00 
7.4052304e-02 2.4543539e-01 0.0000000e+00 
3.5539456e-02 1.3374376e-01 0.0000000e+00 
2.6845437e-02 1.0682726e-01 0.0000000e+00 
5.0626975e-02 1.7842333e-01 0.0000000e+00 
4.0871408e-03 1.8921033e-02 0.0000000e+00 
9.1079913e-02 3.0008930e-01 0.0000000e+00 
1.6233087e-02 7.1102992e-02 0.0000000e+00 
4.4917385e-04 1.4306308e-03 0.0000000e+00 
7.9372667e-02 2.6323488e-01 0.0000000e+00 
4.4421516e-02 1.6275305e-01 0.0000000e+00 
2.5972044e-03 1.2908130e-02 0.0000000e+00 
1.8554209e-02 8.2109995e-02 0.0000000e+00 
1.0020704e-01 3.3810529e-01 0.0000000e+00 
1.0400103e-01 3.5726401e-01 0.0000000e+00 
8.4415391e-02 2.8146413e-01 0.0000000e+00 
2.9373333e-02 1.1955152e-01 0.0000000e+00 
9.5258459e-02 3.1907624e-01 0.0000000e+00 
3.8157765e-02 1.4755233e-01 0.0000000e+00 
1.3419284e-03 7.8255907e-03 0.0000000e+00 
0.0000000e+00 0.0000000e+00 0.0000000e+00 
2.0904804e-02 9.3714550e-02 0.0000000e+00 
-1.2300737e-04 -4.3293150e-04 0.0000000e+00 
5.9430476e-02 2.1044587e-01 0.0000000e+00 
6.5392628e-02 2.2751041e-01 0.0000000e+00 
5.3305667e-02 1.9381994e-01 0.0000000e+00 
7.1155265e-02 2.4500796e-01 0.0000000e+00 
8.9158289e-02 3.0014423e-01 0.0000000e+00 
7.0389425e-03 4.0919095e-02 0.0000000e+00 
4.7056951e-02 1.7764468e-01 0.0000000e+00 
8.9307856e-03 5.0014328e-02 0.0000000e+00 
5.2704276e-03 3.2530870e-02 0.0000000e+00 
3.1878766e-02 1.3284960e-01 0.0000000e+00 
7.6684356e-02 2.6293996e-01 0.0000000e+00 
3.5804859e-04 3.7615285e-03 0.0000000e+00 
2.3268187e-02 1.0590625e-01 0.0000000e+00 
1.0921658e-02 5.9780683e-02 0.0000000e+00 
1.0349952e-01 3.5801432e-01 0.0000000e+00 
3.6515528e-03 2.4893939e-02 0.0000000e+00 
9.9115536e-02 3.3858588e-01 0.0000000e+00 
4.0724400e-02 1.6193807e-01 0.0000000e+00 
1.2989209e-02 7.0189714e-02 0.0000000e+00 
8.1949890e-02 2.8131574e-01 0.0000000e+00 
9.3587257e-02 3.1930676e-01 0.0000000e+00 
2.2106881e-03 1.8062159e-02 0.0000000e+00 
-2.9132038e-04 -9.5881027e-04 0.0000000e+00 
1.5112958e-02 8.1219502e-02 0.0000000e+00 
-3.1445312e-04 8.1885554e-04 0.0000000e+00 
2.5629150e-02 1.1867925e-01 0.0000000e+00 
3.4349207e-02 1.4672388e-01 0.0000000e+00 
9.7831851e-04 1.2100264e-02 0.0000000e+00 
6.2026281e-02 2.2697413e-01 0.0000000e+00 
8.6927369e-02 3.0015364e-01 0.0000000e+00 
5.5894278e-02 2.0982347e-01 0.0000000e+00 
6.7974642e-02 2.4457602e-01 0.0000000e+00 
4.9615577e-02 1.9313107e-01 0.0000000e+00 
1.7274179e-02 9.2853941e-02 0.0000000e+00 
1.0266369e-01 3.5867780e-01 0.0000000e+00 
7.3704697e-02 2.6262885e-01 0.0000000e+00 
9.7697921e-02 3.3899453e-01 0.0000000e+00 
4.3228649e-02 1.7691019e-01 0.0000000e+00 
-1.2850013e-05 7.0853727e-03 0.0000000e+00 
2.7973767e-02 1.3203174e-01 0.0000000e+00 
0.0000000e+00 0.0000000e+00 0.0000000e+00 
9.1599427e-02 3.1948173e-01 0.0000000e+00 
7.9185203e-02 2.8113991e-01 0.0000000e+00 
-6.3173677e-04 -8.8323228e-04 0.0000000e+00 
1.9455770e-02 1.0508206e-01 0.0000000e+00 
4.2579984e-03 4.0123474e-02 0.0000000e+00 
5.9131333e-03 4.9213275e-02 0.0000000e+00 
3.6773030e-02 1.6118002e-01 0.0000000e+00 
2.7365997e-03 3.1749122e-02 0.0000000e+00 
7.6775574e-03 5.8982119e-02 0.0000000e+00 
-7.2766817e-04 3.1086565e-03 0.0000000e+00 
1.3751340e-03 2.4135148e-02 0.0000000e+00 
9.5285960e-03 6.9401070e-02 0.0000000e+00 
8.4389634e-02 3.0012479e-01 0.0000000e+00 
1.0149711e-01 3.5926220e-01 0.0000000e+00 
5.8383603e-02 2.2645193e-01 0.0000000e+00 
5.2087754e-02 2.0922719e-01 0.0000000e+00 
6.4510994e-02 2.4414633e-01 0.0000000e+00 
1.0592856e-01 3.7942365e-01 0.0000000e+00 
2.1642098e-02 1.1789747e-01 0.0000000e+00 
9.5957458e-02 3.3933884e-01 0.0000000e+00 
3.0289212e-02 1.4596556e-01 0.0000000e+00 
2.0151095e-04 1.7336247e-02 0.0000000e+00 
1.1445324e-02 8.0447786e-02 0.0000000e+00 
4.5660313e-02 1.9248055e-01 0.0000000e+00 
7.0434898e-02 2.6230845e-01 0.0000000e+00 
-5.4517080e-04 -1.2079404e-03 0.0000000e+00 
8.9297757e-02 3.1960851e-01 0.0000000e+00 
3.9139304e-02 1.7622660e-01 0.0000000e+00 
1.3408506e-02 9.2105731e-02 0.0000000e+00 
-1.1281100e-03 2.7716241e-04 0.0000000e+00 
7.6123066e-02 2.8094354e-01 0.0000000e+00 
-7.5468421e-04 1.1418332e-02 0.0000000e+00 
2.3818834e-02 1.3129786e-01 0.0000000e+00 
1.0000306e-01 3.5977489e-01 0.0000000e+00 
3.2563571e-02 1.6048580e-01 0.0000000e+00 
8.1547283e-02 3.0006480e-01 0.0000000e+00 
1.0500380e-01 3.8017592e-01 0.0000000e+00 
1.5400507e-02 1.0436352e-01 0.0000000e+00 
-1.4621649e-03 6.4602499e-03 0.0000000e+00 
9.3897142e-02 3.3962604e-01 0.0000000e+00 
2.6898726e-03 4.8559736e-02 0.0000000e+00 
1.2844863e-03 3.9479189e-02 0.0000000e+00 
5.4464068e-02 2.2595026e-01 0.0000000e+00 
6.0764555e-02 2.4372542e-01 0.0000000e+00 
4.2162882e-03 5.8325894e-02 0.0000000e+00 
4.8009571e-02 2.0866343e-01 0.0000000e+00 
0.0000000e+00 0.0000000e+00 0.0000000e+00 
2.4833975e-05 3.1120732e-02 0.0000000e+00 
-1.1724989e-03 -1.2843350e-03 0.0000000e+00 
6.6875823e-02 2.6198533e-01 0.0000000e+00 
5.8405939e-03 6.8748631e-02 0.0000000e+00 
8.6684778e-02 3.1969419e-01 0.0000000e+00 
2.5972771e-02 1.4528456e-01 0.0000000e+00 
4.1437630e-02 1.9187486e-01 0.0000000e+00 
1.7405163e-02 1.1721437e-01 0.0000000e+00 
-1.0629264e-03 2.3529384e-02 0.0000000e+00 
7.2764911e-02 2.8073338e-01 0.0000000e+00 
-1.8877635e-03 2.5557750e-03 0.0000000e+00 
7.5412765e-03 7.9805456e-02 0.0000000e+00 
3.4785654e-02 1.7560048e-01 0.0000000e+00 
1.0374907e-01 3.8085094e-01 0.0000000e+00 
9.8184615e-02 3.6022294e-01 0.0000000e+00 
-1.9513400e-03 1.6760034e-02 0.0000000e+00 
9.2984485e-03 9.1479644e-02 0.0000000e+00 
7.8402199e-02 2.9998034e-01 0.0000000e+00 
9.1519706e-02 3.3986315e-01 0.0000000e+00 
1.9407634e-02 1.3065556e-01 0.0000000e+00 
-8.1424974e-04 -1.4316455e-03 0.0000000e+00 
2.8091639e-02 1.5986219e-01 0.0000000e+00 
-2.6118173e-03 1.0879048e-02 0.0000000e+00 
-1.9959561e-03 -1.8413196e-04 0.0000000e+00 
5.6735184e-02 2.4331957e-01 0.0000000e+00 
5.0266791e-02 2.2547537e-01 0.0000000e+00 
1.1093800e-02 1.0375958e-01 0.0000000e+00 
8.3762728e-02 3.1974545e-01 0.0000000e+00 
6.3028023e-02 2.6166591e-01 0.0000000e+00 
4.3657970e-02 2.0813848e-01 0.0000000e+00 
6.9111861e-02 2.8051582e-01 0.0000000e+00 
3.6944818e-02 1.9132030e-01 0.0000000e+00 
1.0216730e-01 3.8145545e-01 0.0000000e+00 
-7.5234863e-04 4.8068114e-02 0.0000000e+00 
5.2506803e-04 5.7825174e-02 0.0000000e+00 
2.1394238e-02 1.4468798e-01 0.0000000e+00 
9.6044548e-02 3.6061317e-01 0.0000000e+00 
-1.8953425e-03 3.9001908e-02 0.0000000e+00 
-3.0147319e-03 5.9662727e-03 0.0000000e+00 
1.0721982e-01 4.0263838e-01 0.0000000e+00 
1.2910505e-02 1.1663817e-01 0.0000000e+00 
1.9131197e-03 6.8244375e-02 0.0000000e+00 
-2.8787747e-03 3.0662589e-02 0.0000000e+00 
8.8827603e-02 3.4005681e-01 0.0000000e+00 
7.4955970e-02 2.9987794e-01 0.0000000e+00 
3.0163931e-02 1.7503826e-01 0.0000000e+00 
3.3895189e-03 7.9303399e-02 0.0000000e+00 
-1.7478974e-03 -1.6289249e-03 0.0000000e+00 
0.0000000e+00 0.0000000e+00 0.0000000e+00 
-3.6763854e-03 2.3094600e-02 0.0000000e+00 
-3.1293246e-03 2.1174469e-03 0.0000000e+00 
4.9335477e-03 9.0985551e-02 0.0000000e+00 
1.4733097e-02 1.3011239e-01 0.0000000e+00 
8.0533549e-02 3.1976885e-01 0.0000000e+00 
2.3352275e-02 1.5931584e-01 0.0000000e+00 
5.2422397e-02 2.4293485e-01 0.0000000e+00 
-4.2610974e-03 1.6352233e-02 0.0000000e+00 
4.5790479e-02 2.2503327e-01 0.0000000e+00 
5.8891691e-02 2.6135623e-01 0.0000000e+00 
1.0026118e-01 3.8199595e-01 0.0000000e+00 
3.9030783e-02 2.0765832e-01 0.0000000e+00 
1.0586307e-01 4.0338978e-01 0.0000000e+00 
9.3585387e-02 3.6095214e-01 0.0000000e+00 
6.5164708e-02 2.8029704e-01 0.0000000e+00 
6.5260581e-03 1.0327917e-01 0.0000000e+00 
3.2178704e-02 1.9082296e-01 0.0000000e+00 
-4.6053487e-03 1.0501401e-02 0.0000000e+00 
8.5823029e-02 3.4021354e-01 0.0000000e+00 
-1.0997348e-03 -1.6261898e-03 0.0000000e+00 
7.1209900e-02 2.9976380e-01 0.0000000e+00 
1.6547313e-02 1.4418282e-01 0.0000000e+00 
-2.9232148e-03 -5.5292173e-04 0.0000000e+00 
8.1494134e-03 1.1617701e-01 0.0000000e+00 
-4.4289185e-03 4.7753610e-02 0.0000000e+00 
-3.4106846e-03 5.7493672e-02 0.0000000e+00 
2.5269844e-02 1.7454620e-01 0.0000000e+00 
-5.2975095e-03 3.8708404e-02 0.0000000e+00 
-2.2674906e-03 6.7900628e-02 0.0000000e+00 
7.6998927e-02 3.1977057e-01 0.0000000e+00 
9.8033167e-02 3.8247874e-01 0.0000000e+00 
-4.6813749e-03 5.6219795e-03 0.0000000e+00 
1.0418147e-01 4.0407288e-01 0.0000000e+00 
-5.9906351e-03 3.0393027e-02 0.0000000e+00 
-1.0226290e-03 7.8952670e-02 0.0000000e+00 
9.0809442e-02 3.6124608e-01 0.0000000e+00 
4.7825348e-02 2.4257708e-01 0.0000000e+00 
5.4466713e-02 2.6106220e-01 0.0000000e+00 
4.1033473e-02 2.2462979e-01 0.0000000e+00 
1.8339930e-02 1.5885325e-01 0.0000000e+00 
9.7873854e-03 1.2967584e-01 0.0000000e+00 
-6.4817024e-03 2.2850597e-02 0.0000000e+00 
3.0214089e-04 9.0633400e-02 0.0000000e+00 
6.0923964e-02 2.8008300e-01 0.0000000e+00 
3.4125410e-02 2.0722881e-01 0.0000000e+00 
-2.3612191e-03 -1.9083429e-03 0.0000000e+00 
8.2507923e-02 3.4033945e-01 0.0000000e+00 
0.0000000e+00 0.0000000e+00 0.0000000e+00 
6.7165002e-02 2.9964390e-01 0.0000000e+00 
-4.4612670e-03 1.8107650e-03 0.0000000e+00 
2.7135652e-02 1.9038877e-01 0.0000000e+00 
1.6866432e-03 1.0293126e-01 0.0000000e+00 
-6.7438297e-03 1.6133850e-02 0.0000000e+00 
1.0217723e-01 4.0469351e-01 0.0000000e+00 
9.5485501e-02 3.8290989e-01 0.0000000e+00 
1.1425016e-02 1.4377593e-01 0.0000000e+00 
7.3160276e-02 3.1975666e-01 0.0000000e+00 
2.0098574e-02 1.7413037e-01 0.0000000e+00 
8.7718770e-02 3.6150116e-01 0.0000000e+00 
1.0782699e-01 4.2691401e-01 0.0000000e+00 
3.1122635e-03 1.1583900e-01 0.0000000e+00 
-6.7504104e-03 1.0307107e-02 0.0000000e+00 
4.2942837e-02 2.4225187e-01 0.0000000e+00 
4.9752641e-02 2.6078948e-01 0.0000000e+00 
-7.6075708e-03 5.7345629e-02 0.0000000e+00 
-1.4031146e-03 -1.7871377e-03 0.0000000e+00 
-8.3575482e-03 4.7632232e-02 0.0000000e+00 
3.5993714e-02 2.2427051e-01 0.0000000e+00 
-6.7166449e-03 6.7730047e-02 0.0000000e+00 
-3.9165271e-03 -8.1478717e-04 0.0000000e+00 
5.6389812e-02 2.7987936e-01 0.0000000e+00 
7.8883968e-02 3.4044054e-01 0.0000000e+00 
-8.9406865e-03 3.8616579e-02 0.0000000e+00 
-5.7093464e-03 7.8764521e-02 0.0000000e+00 
1.3048454e-02 1.5848078e-01 0.0000000e+00 
2.8938834e-02 2.0685560e-01 0.0000000e+00 
4.5618662e-03 1.2935323e-01 0.0000000e+00 
6.2821999e-02 2.9952401e-01 0.0000000e+00 
-9.3301404e-03 3.0331943e-02 0.0000000e+00 
-6.4756600e-03 5.4489807e-03 0.0000000e+00 
9.9852376e-02 4.0525743e-01 0.0000000e+00 
-4.6087219e-03 9.0433195e-02 0.0000000e+00 
9.2620231e-02 3.8329527e-01 0.0000000e+00 
2.1811543e-02 1.9002347e-01 0.0000000e+00 
1.0603303e-01 4.2766178e-01 0.0000000e+00 
-9.4986307e-03 2.2819249e-02 0.0000000e+00 
6.9018751e-02 3.1973284e-01 0.0000000e+00 
8.4315203e-02 3.6172315e-01 0.0000000e+00 
-3.4361870e-03 1.0272479e-01 0.0000000e+00 
6.0196714e-03 1.4347403e-01 0.0000000e+00 
-3.0166728e-03 -2.1121579e-03 0.0000000e+00 
1.4644776e-02 1.7379670e-01 0.0000000e+00 
0.0000000e+00 0.0000000e+00 0.0000000e+00 
-9.4191488e-03 1.6128544e-02 0.0000000e+00 
-5.8949385e-03 1.6560440e-03 0.0000000e+00 
4.4748705e-02 2.6054347e-01 0.0000000e+00 
7.4952625e-02 3.4052256e-01 0.0000000e+00 
3.7773322e-02 2.4196461e-01 0.0000000e+00 
-2.2115170e-03 1.1563214e-01 0.0000000e+00 
5.1562157e-02 2.7969164e-01 0.0000000e+00 
3.0668771e-02 2.2396083e-01 0.0000000e+00 
9.7208753e-02 4.0577015e-01 0.0000000e+00 
8.9439176e-02 3.8364050e-01 0.0000000e+00 
5.8181353e-02 2.9940963e-01 0.0000000e+00 
1.0391978e-01 4.2834955e-01 0.0000000e+00 
2.3467606e-02 2.0654410e-01 0.0000000e+00 
-1.2084449e-02 5.7395745e-02 0.0000000e+00 
7.4710948e-03 1.5820459e-01 0.0000000e+00 
-9.0658087e-03 1.0321138e-02 0.0000000e+00 
-1.1451663e-02 6.7745529e-02 0.0000000e+00 
-1.2558599e-02 4.7720727e-02 0.0000000e+00 
8.0600351e-02 3.6191776e-01 0.0000000e+00 
-9.5290970e-04 1.2915179e-01 0.0000000e+00 
-1.0686431e-02 7.8750290e-02 0.0000000e+00 
6.4575247e-02 3.1970468e-01 0.0000000e+00 
-1.2846632e-02 3.8745467e-02 0.0000000e+00 
1.6201796e-02 1.8973258e-01 0.0000000e+00 
-1.7262986e-03 -1.9091202e-03 0.0000000e+00 
-4.9844617e-03 -9.5227803e-04 0.0000000e+00 
-9.8133581e-03 9.0394929e-02 0.0000000e+00 
-1.2920234e-02 3.0500863e-02 0.0000000e+00 
7.0715100e-02 3.4059104e-01 0.0000000e+00 
-8.4147686e-03 5.4726913e-03 0.0000000e+00 
9.4248027e-02 4.0623704e-01 0.0000000e+00 
-8.8553326e-03 1.0266859e-01 0.0000000e+00 
3.2289943e-04 1.4328365e-01 0.0000000e+00 
3.9453808e-02 2.6032940e-01 0.0000000e+00 
1.0148873e-01 4.2898238e-01 0.0000000e+00 
8.9025712e-03 1.7355090e-01 0.0000000e+00 
3.2314904e-02 2.4172050e-01 0.0000000e+00 
4.6440598e-02 2.7952504e-01 0.0000000e+00 
-1.2750949e-02 2.3024682e-02 0.0000000e+00 
8.5943967e-02 3.8395107e-01 0.0000000e+00 
2.5055824e-02 2.2370593e-01 0.0000000e+00 
5.3243242e-02 2.9930606e-01 0.0000000e+00 
1.0770524e-01 4.5225409e-01 0.0000000e+00 
-7.8334818e-03 1.1556428e-01 0.0000000e+00 
7.6575629e-02 3.6209041e-01 0.0000000e+00 
1.7707866e-02 2.0629954e-01 0.0000000e+00 
-3.7197392e-03 -2.2275608e-03 0.0000000e+00 
5.9830405e-02 3.1967750e-01 0.0000000e+00 
-1.2311117e-02 1.6362987e-02 0.0000000e+00 
1.6004838e-03 1.5803066e-01 0.0000000e+00 
-7.4449829e-03 1.6777321e-03 0.0000000e+00 
0.0000000e+00 0.0000000e+00 0.0000000e+00 
-6.7672264e-03 1.2907855e-01 0.0000000e+00 
1.0301358e-02 1.8952145e-01 0.0000000e+00 
-1.6862679e-02 5.7659071e-02 0.0000000e+00 
-1.6491950e-02 6.7960106e-02 0.0000000e+00 
9.0971701e-02 4.0666330e-01 0.0000000e+00 
9.8741233e-02 4.2956525e-01 0.0000000e+00 
6.6172391e-02 3.4065124e-01 0.0000000e+00 
-1.7055433e-02 4.8036482e-02 0.0000000e+00 
-1.5971409e-02 7.8921296e-02 0.0000000e+00 
8.2136065e-02 3.8423228e-01 0.0000000e+00 
-1.1575101e-02 1.0572335e-02 0.0000000e+00 
1.0547202e-01 4.5299557e-01 0.0000000e+00 
-1.7040681e-02 3.9115164e-02 0.0000000e+00 
-1.5327524e-02 9.0528473e-02 0.0000000e+00 
3.3866554e-02 2.6015225e-01 0.0000000e+00 
4.1024454e-02 2.7938464e-01 0.0000000e+00 
2.6565347e-02 2.4152446e-01 0.0000000e+00 
2.8655441e-03 1.7339846e-01 0.0000000e+00 
4.8007593e-02 2.9921836e-01 0.0000000e+00 
-5.6743915e-03 1.4321114e-01 0.0000000e+00 
7.2242230e-02 3.6224636e-01 0.0000000e+00 
-1.6788090e-02 3.0922944e-02 0.0000000e+00 
1.9151682e-02 2.2351077e-01 0.0000000e+00 
-1.4584891e-02 1.0277132e-01 0.0000000e+00 
-6.1382619e-03 -9.4391854e-04 0.0000000e+00 
-2.0717802e-03 -1.9854987e-03 0.0000000e+00 
5.4784637e-02 3.1965637e-01 0.0000000e+00 
1.1655333e-02 2.0612694e-01 0.0000000e+00 
-1.0520707e-02 5.7232413e-03 0.0000000e+00 
9.5678478e-02 4.3010300e-01 0.0000000e+00 
-1.3766185e-02 1.1564307e-01 0.0000000e+00 
-1.6267354e-02 2.3493428e-02 0.0000000e+00 
8.7381117e-02 4.0705398e-01 0.0000000e+00 
1.0292529e-01 4.5368469e-01 0.0000000e+00 
6.1325267e-02 3.4070832e-01 0.0000000e+00 
-4.5713559e-03 1.5796474e-01 0.0000000e+00 
7.8016736e-02 3.8448930e-01 0.0000000e+00 
4.1047093e-03 1.8939517e-01 0.0000000e+00 
-1.2892210e-02 1.2914029e-01 0.0000000e+00 
-1.5449404e-02 1.6867226e-02 0.0000000e+00 
2.7985243e-02 2.6001677e-01 0.0000000e+00 
3.5312764e-02 2.7927524e-01 0.0000000e+00 
-4.4776974e-03 -2.2384883e-03 0.0000000e+00 
6.7601167e-02 3.6239067e-01 0.0000000e+00 
-2.1859150e-02 6.8386801e-02 0.0000000e+00 
2.0522088e-02 2.4138126e-01 0.0000000e+00 
-2.1966379e-02 5.8150817e-02 0.0000000e+00 
4.2474069e-02 2.9915142e-01 0.0000000e+00 
-9.1305841e-03 1.9056251e-03 0.0000000e+00 
-2.1583639e-02 7.9288721e-02 0.0000000e+00 
0.0000000e+00 0.0000000e+00 0.0000000e+00 
-2.1874789e-02 4.8597358e-02 0.0000000e+00 
1.2952792e-02 2.2338009e-01 0.0000000e+00 
-2.1168472e-02 9.0843484e-02 0.0000000e+00 
9.2301548e-02 4.3060037e-01 0.0000000e+00 
-3.4732423e-03 1.7334466e-01 0.0000000e+00 
4.9438130e-02 3.1964627e-01 0.0000000e+00 
8.3477475e-02 4.0741405e-01 0.0000000e+00 
-1.1982003e-02 1.4326257e-01 0.0000000e+00 
1.0006581e-01 4.5432582e-01 0.0000000e+00 
-2.1552298e-02 3.9746672e-02 0.0000000e+00 
-1.4308038e-02 1.1094092e-02 0.0000000e+00 
-2.0640189e-02 1.0304137e-01 0.0000000e+00 
5.3053256e-03 2.0603107e-01 0.0000000e+00 
7.3587097e-02 3.8472700e-01 0.0000000e+00 
5.6174297e-02 3.4076720e-01 0.0000000e+00 
1.0681257e-01 4.7866026e-01 0.0000000e+00 
-2.0965885e-02 3.1622890e-02 0.0000000e+00 
-2.0023197e-02 1.1587586e-01 0.0000000e+00 
-7.3929732e-03 -7.6280319e-04 0.0000000e+00 
-1.1053004e-02 1.5801232e-01 0.0000000e+00 
-2.4428861e-03 -2.0078626e-03 0.0000000e+00 
-2.3941225e-03 1.8935861e-01 0.0000000e+00 
6.2653266e-02 3.6252820e-01 0.0000000e+00 
2.9304309e-02 2.7920142e-01 0.0000000e+00 
2.1807875e-02 2.5992754e-01 0.0000000e+00 
-2.0082556e-02 2.4254451e-02 0.0000000e+00 
-1.2821996e-02 6.2365937e-03 0.0000000e+00 
8.8611417e-02 4.3106198e-01 0.0000000e+00 
3.6642104e-02 2.9910988e-01 0.0000000e+00 
9.6894242e-02 4.5492327e-01 0.0000000e+00 
-1.9339824e-02 1.2934349e-01 0.0000000e+00 
1.4182235e-02 2.4129538e-01 0.0000000e+00 
7.9261839e-02 4.0774819e-01 0.0000000e+00 
4.3790836e-02 3.1965184e-01 0.0000000e+00 
6.4552412e-03 2.2331840e-01 0.0000000e+00 
1.0414093e-01 4.7939289e-01 0.0000000e+00 
6.8848081e-02 3.8495022e-01 0.0000000e+00 
-1.0121241e-02 1.7339449e-01 0.0000000e+00 
-2.7577301e-02 6.9038376e-02 0.0000000e+00 
-1.8870765e-02 1.7674975e-02 0.0000000e+00 
-2.7544390e-02 7.9863414e-02 0.0000000e+00 
-2.7422657e-02 5.8886118e-02 0.0000000e+00 
5.0719850e-02 3.4083256e-01 0.0000000e+00 
-1.8610438e-02 1.4344370e-01 0.0000000e+00 
-2.7354991e-02 9.1349252e-02 0.0000000e+00 
-2.7047165e-02 4.9421392e-02 0.0000000e+00 
-1.3472382e-03 2.0601645e-01 0.0000000e+00 
-5.3004515e-03 -2.1243186e-03 0.0000000e+00 
-1.0977296e-02 2.3764807e-03 0.0000000e+00 
-2.7037792e-02 1.0348675e-01 0.0000000e+00 
-2.6415657e-02 4.0661603e-02 0.0000000e+00 
8.4608942e-02 4.3149230e-01 0.0000000e+00 
5.7399172e-02 3.6266372e-01 0.0000000e+00 
0.0000000e+00 0.0000000e+00 0.0000000e+00 
9.3411148e-02 4.5548129e-01 0.0000000e+00 
7.4735127e-02 4.0806112e-01 0.0000000e+00 
-1.7302489e-02 1.1925062e-02 0.0000000e+00 
2.2997595e-02 2.7916759e-01 0.0000000e+00 
-2.6619090e-02 1.1626960e-01 0.0000000e+00 
-1.7853629e-02 1.5817857e-01 0.0000000e+00 
1.5332167e-02 2.5988886e-01 0.0000000e+00 
3.0510882e-02 2.9909819e-01 0.0000000e+00 
1.0116154e-01 4.8008019e-01 0.0000000e+00 
-9.2015518e-03 1.8941638e-01 0.0000000e+00 
-2.5491694e-02 3.2626677e-02 0.0000000e+00 
7.5425883e-03 2.4127114e-01 0.0000000e+00 
3.7842501e-02 3.1967762e-01 0.0000000e+00 
6.3800499e-02 3.8516361e-01 0.0000000e+00 
-2.6122855e-02 1.2969428e-01 0.0000000e+00 
-3.4522737e-04 2.2332995e-01 0.0000000e+00 
4.4962104e-02 3.4090897e-01 0.0000000e+00 
-8.7691825e-03 -3.7458542e-04 0.0000000e+00 
-2.4238572e-02 2.5339009e-02 0.0000000e+00 
-2.8441735e-03 -1.9652576e-03 0.0000000e+00 
-1.7086400e-02 1.7355266e-01 0.0000000e+00 
-1.5356059e-02 7.0558740e-03 0.0000000e+00 
8.9617044e-02 4.5600396e-01 0.0000000e+00 
8.0294877e-02 4.3189570e-01 0.0000000e+00 
5.1839381e-02 3.6280170e-01 0.0000000e+00 
-2.5570877e-02 1.4375998e-01 0.0000000e+00 
-8.3078165e-03 2.0608740e-01 0.0000000e+00 
9.7874440e-02 4.8072591e-01 0.0000000e+00 
-3.3672933e-02 6.9927081e-02 0.0000000e+00 
-3.3876885e-02 8.0655672e-02 0.0000000e+00 
6.9898151e-02 4.0835729e-01 0.0000000e+00 
-3.3261821e-02 5.9879676e-02 0.0000000e+00 
-3.3907402e-02 9.2054509e-02 0.0000000e+00 
-2.2620896e-02 1.8823730e-02 0.0000000e+00 
1.6390892e-02 2.7917787e-01 0.0000000e+00 
2.4079368e-02 2.9912058e-01 0.0000000e+00 
-3.2607175e-02 5.0526388e-02 0.0000000e+00 
-3.3795487e-02 1.0411495e-01 0.0000000e+00 
8.5555660e-03 2.5990483e-01 0.0000000e+00 
1.0510975e-01 5.0613266e-01 0.0000000e+00 
3.1592667e-02 3.1972784e-01 0.0000000e+00 
5.8445014e-02 3.8537163e-01 0.0000000e+00 
-1.6324414e-02 1.8957283e-01 0.0000000e+00 
-2.4982959e-02 1.5846838e-01 0.0000000e+00 
5.9964479e-04 2.4131259e-01 0.0000000e+00 
-6.2018563e-03 -1.8578758e-03 0.0000000e+00 
-3.3569414e-02 1.1683079e-01 0.0000000e+00 
-1.3019777e-02 3.1361522e-03 0.0000000e+00 
-3.1670246e-02 4.1881695e-02 0.0000000e+00 
3.8901061e-02 3.4100077e-01 0.0000000e+00 
8.5512362e-02 4.5649540e-01 0.0000000e+00 
7.5669907e-02 4.3227655e-01 0.0000000e+00 
-7.4531971e-03 2.2341880e-01 0.0000000e+00 
9.4279632e-02 4.8133373e-01 0.0000000e+00 
0.0000000e+00 0.0000000e+00 0.0000000e+00 
-2.0607010e-02 1.3109781e-02 0.0000000e+00 
-3.3254877e-02 1.3019833e-01 0.0000000e+00 
-3.0410439e-02 3.3961058e-02 0.0000000e+00 
4.5974221e-02 3.6294654e-01 0.0000000e+00 
6.4751618e-02 4.0864107e-01 0.0000000e+00 
-2.4377141e-02 1.7382361e-01 0.0000000e+00 
1.0200305e-01 5.0685412e-01 0.0000000e+00 
-1.5582230e-02 2.0624793e-01 0.0000000e+00 
-3.2875139e-02 1.4421640e-01 0.0000000e+00 
1.7346315e-02 2.9918107e-01 0.0000000e+00 
9.4822282e-03 2.7923629e-01 0.0000000e+00 
-2.8786227e-02 2.6780207e-02 0.0000000e+00 
5.2782152e-02 3.8557857e-01 0.0000000e+00 
-1.0295773e-02 2.6543738e-04 0.0000000e+00 
2.5040692e-02 3.1980667e-01 0.0000000e+00 
1.4752577e-03 2.5997934e-01 0.0000000e+00 
-4.0606283e-02 8.1674963e-02 0.0000000e+00 
8.1097506e-02 4.5695955e-01 0.0000000e+00 
-1.8172609e-02 8.2328580e-03 0.0000000e+00 
-3.2820916e-03 -1.8429401e-03 0.0000000e+00 
-4.0175103e-02 7.1064278e-02 0.0000000e+00 
-4.0847540e-02 9.2967249e-02 0.0000000e+00 
9.0377100e-02 4.8190734e-01 0.0000000e+00 
7.0734605e-02 4.3263894e-01 0.0000000e+00 
3.2536551e-02 3.4111208e-01 0.0000000e+00 
-3.9517507e-02 6.1145294e-02 0.0000000e+00 
-6.6503789e-03 2.4142353e-01 0.0000000e+00 
-2.3769943e-02 1.8983197e-01 0.0000000e+00 
-4.0932227e-02 1.0493279e-01 0.0000000e+00 
-3.2451253e-02 1.5888625e-01 0.0000000e+00 
9.8594129e-02 5.0753665e-01 0.0000000e+00 
-3.8593836e-02 5.1929325e-02 0.0000000e+00 
5.9296116e-02 4.0891668e-01 0.0000000e+00 
-2.6756719e-02 2.0354548e-02 0.0000000e+00 
3.9803881e-02 3.6310238e-01 0.0000000e+00 
-4.0890645e-02 1.1756531e-01 0.0000000e+00 
-1.4873561e-02 2.2358871e-01 0.0000000e+00 
-3.7361413e-02 4.3428101e-02 0.0000000e+00 
-4.0750202e-02 1.3086079e-01 0.0000000e+00 
-1.5305927e-02 4.2423503e-03 0.0000000e+00 
-3.2002319e-02 1.7421140e-01 0.0000000e+00 
4.6812329e-02 3.8578865e-01 0.0000000e+00 
-7.2019552e-03 -1.4022824e-03 0.0000000e+00 
7.6372802e-02 4.5740035e-01 0.0000000e+00 
-2.3176635e-02 2.0650177e-01 0.0000000e+00 
8.6166784e-02 4.8245031e-01 0.0000000e+00 
1.0310269e-02 2.9928350e-01 0.0000000e+00 
2.2694089e-03 2.7934647e-01 0.0000000e+00 
1.8185742e-02 3.1991798e-01 0.0000000e+00 
6.5489508e-02 4.3298697e-01 0.0000000e+00 
-2.4284218e-02 1.4699011e-02 0.0000000e+00 
-3.5774864e-02 3.5652693e-02 0.0000000e+00 
-5.9118154e-03 2.6011604e-01 0.0000000e+00 
0.0000000e+00 0.0000000e+00 0.0000000e+00 
-4.0535633e-02 1.4481755e-01 0.0000000e+00 
9.4882376e-02 5.0818336e-01 0.0000000e+00 
2.5868254e-02 3.4124690e-01 0.0000000e+00 
5.3532150e-02 4.0918824e-01 0.0000000e+00 
-1.4211533e-02 2.4160755e-01 0.0000000e+00 
3.3328414e-02 3.6327320e-01 0.0000000e+00 
-3.1545740e-02 1.9019754e-01 0.0000000e+00 
-4.7759604e-02 8.2929626e-02 0.0000000e+00 
-3.3786807e-02 2.8612055e-02 0.0000000e+00 
-4.8198633e-02 9.4094485e-02 0.0000000e+00 
1.0256009e-01 5.3467035e-01 0.0000000e+00 
-4.7115356e-02 7.2460026e-02 0.0000000e+00 
-4.0269248e-02 1.5943623e-01 0.0000000e+00 
-4.8468053e-02 1.0594625e-01 0.0000000e+00 
-2.2611501e-02 2.2384317e-01 0.0000000e+00 
-1.2014412e-02 1.2165754e-03 0.0000000e+00 
-4.6226695e-02 6.2695310e-02 0.0000000e+00 
8.1648640e-02 4.8296624e-01 0.0000000e+00 
7.1338549e-02 4.5782167e-01 0.0000000e+00 
-2.1338427e-02 9.8294392e-03 0.0000000e+00 
4.0535852e-02 3.8600585e-01 0.0000000e+00 
-4.8600085e-02 1.1847833e-01 0.0000000e+00 
-3.7661463e-03 -1.6202776e-03 0.0000000e+00 
9.0867177e-02 5.0879759e-01 0.0000000e+00 
5.9935067e-02 4.3332464e-01 0.0000000e+00 
-4.5050722e-02 5.3645581e-02 0.0000000e+00 
2.9695919e-03 2.9943144e-01 0.0000000e+00 
1.1026823e-02 3.2006544e-01 0.0000000e+00 
-5.2499669e-03 2.7951202e-01 0.0000000e+00 
-3.1349104e-02 2.2311224e-02 0.0000000e+00 
-3.9971188e-02 1.7471969e-01 0.0000000e+00 
-4.8623789e-02 1.3168617e-01 0.0000000e+00 
-3.1097498e-02 2.0685239e-01 0.0000000e+00 
1.8895691e-02 3.4140897e-01 0.0000000e+00 
-1.3608939e-02 2.6031831e-01 0.0000000e+00 
4.7460143e-02 4.0945971e-01 0.0000000e+00 
-4.3540753e-02 4.5320340e-02 0.0000000e+00 
9.9023841e-02 5.3537846e-01 0.0000000e+00 
2.6547743e-02 3.6346290e-01 0.0000000e+00 
-4.8565295e-02 1.4556740e-01 0.0000000e+00 
-2.2088112e-02 2.4186796e-01 0.0000000e+00 
7.6822609e-02 4.8345864e-01 0.0000000e+00 
-1.7903235e-02 5.7680602e-03 0.0000000e+00 
6.5995023e-02 4.5822722e-01 0.0000000e+00 
-8.3308881e-03 -7.0583785e-04 0.0000000e+00 
-4.1646384e-02 3.7726838e-02 0.0000000e+00 
-3.9659727e-02 1.9067293e-01 0.0000000e+00 
8.6547941e-02 5.0938231e-01 0.0000000e+00 
-2.8415149e-02 1.6749401e-02 0.0000000e+00 
3.3952922e-02 3.8623399e-01 0.0000000e+00 
5.4071683e-02 4.3365574e-01 0.0000000e+00 
-3.0672457e-02 2.2418545e-01 0.0000000e+00 
-4.8448097e-02 1.6012192e-01 0.0000000e+00 
0.0000000e+00 0.0000000e+00 0.0000000e+00 
-5.5985149e-02 9.5441952e-02 0.0000000e+00 
-5.5365544e-02 8.4426463e-02 0.0000000e+00 
9.5190540e-02 5.3605342e-01 0.0000000e+00 
-5.6423917e-02 1.0716026e-01 0.0000000e+00 
-5.4527521e-02 7.4122541e-02 0.0000000e+00 
-4.6775341e-03 2.9962829e-01 0.0000000e+00 
3.5627778e-03 3.2025260e-01 0.0000000e+00 
-3.9313693e-02 3.0867828e-02 0.0000000e+00 
-1.3078495e-02 2.7973613e-01 0.0000000e+00 
4.1080445e-02 4.0973487e-01 0.0000000e+00 
-5.6715749e-02 1.1957415e-01 0.0000000e+00 
1.1618253e-02 3.4160191e-01 0.0000000e+00 
-5.3429548e-02 6.4539835e-02 0.0000000e+00 
-3.9351560e-02 2.0730294e-01 0.0000000e+00 
-2.1619607e-02 2.6058939e-01 0.0000000e+00 
-4.8293341e-02 1.7535178e-01 0.0000000e+00 
7.1688622e-02 4.8393106e-01 0.0000000e+00 
-1.3987051e-02 2.5589103e-03 0.0000000e+00 
1.9461688e-02 3.6367509e-01 0.0000000e+00 
-5.6891147e-02 1.3267827e-01 0.0000000e+00 
6.0342472e-02 4.5862070e-01 0.0000000e+00 
-2.4944080e-02 1.1918608e-02 0.0000000e+00 
8.1924118e-02 5.0994080e-01 0.0000000e+00 
-5.2025869e-02 5.5687908e-02 0.0000000e+00 
-4.3110582e-03 -1.2669768e-03 0.0000000e+00 
-3.0284636e-02 2.4220784e-01 0.0000000e+00 
4.7899723e-02 4.3398407e-01 0.0000000e+00 
2.7063649e-02 3.8647681e-01 0.0000000e+00 
9.1058947e-02 5.3669792e-01 0.0000000e+00 
-3.6485884e-02 2.4738397e-02 0.0000000e+00 
-5.6977481e-02 1.4646938e-01 0.0000000e+00 
-5.0266240e-02 4.7574889e-02 0.0000000e+00 
-4.8120119e-02 1.9126117e-01 0.0000000e+00 
-3.9062105e-02 2.2461849e-01 0.0000000e+00 
3.4393344e-02 4.1001746e-01 0.0000000e+00 
-4.2076912e-03 3.2048267e-01 0.0000000e+00 
-5.6999303e-02 1.6094643e-01 0.0000000e+00 
-1.2633086e-02 2.9987726e-01 0.0000000e+00 
9.9129237e-02 5.6427169e-01 0.0000000e+00 
6.6246651e-02 4.8438689e-01 0.0000000e+00 
4.0352033e-03 3.4182909e-01 0.0000000e+00 
7.6995194e-02 5.1047617e-01 0.0000000e+00 
-2.1218946e-02 2.8002194e-01 0.0000000e+00 
-2.0908529e-02 7.8053344e-03 0.0000000e+00 
-4.8095599e-02 4.0205363e-02 0.0000000e+00 
5.4381132e-02 4.5900571e-01 0.0000000e+00 
-9.6360808e-03 3.0652588e-04 0.0000000e+00 
-6.4232536e-02 9.7013876e-02 0.0000000e+00 
-3.3104613e-02 1.9321762e-02 0.0000000e+00 
1.2069954e-02 3.6391327e-01 0.0000000e+00 
-6.3454151e-02 8.6170368e-02 0.0000000e+00 
-6.4821497e-02 1.0857853e-01 0.0000000e+00 
-2.9947501e-02 2.6093215e-01 0.0000000e+00 
8.6627901e-02 5.3731471e-01 0.0000000e+00 
-4.7945797e-02 2.0785624e-01 0.0000000e+00 
-6.2447347e-02 7.6057628e-02 0.0000000e+00 
-6.5256178e-02 1.2085609e-01 0.0000000e+00 
4.1419506e-02 4.3431321e-01 0.0000000e+00 
-5.6978650e-02 1.7611052e-01 0.0000000e+00 
0.0000000e+00 0.0000000e+00 0.0000000e+00 
1.9868072e-02 3.8673779e-01 0.0000000e+00 
-6.1168969e-02 6.6685930e-02 0.0000000e+00 
-3.8805816e-02 2.4262999e-01 0.0000000e+00 
-4.5453724e-02 3.3577397e-02 0.0000000e+00 
-6.5568186e-02 1.3384011e-01 0.0000000e+00 
9.5170736e-02 5.6496447e-01 0.0000000e+00 
6.0496669e-02 4.8482952e-01 0.0000000e+00 
7.1760707e-02 5.1099151e-01 0.0000000e+00 
-5.9571330e-02 5.8065195e-02 0.0000000e+00 
2.7399067e-02 4.1031101e-01 0.0000000e+00 
-6.5785863e-02 1.4752625e-01 0.0000000e+00 
-5.6935355e-02 1.9196489e-01 0.0000000e+00 
-1.6308712e-02 4.4020042e-03 0.0000000e+00 
-2.9113093e-02 1.4583932e-02 0.0000000e+00 
4.8111234e-02 4.5938578e-01 0.0000000e+00 
-1.2286015e-02 3.2075882e-01 0.0000000e+00 
-4.7786321e-02 2.2514497e-01 0.0000000e+00 
8.1896313e-02 5.3790647e-01 0.0000000e+00 
-2.0899190e-02 3.0018127e-01 0.0000000e+00 
-3.8543066e-03 3.4209371e-01 0.0000000e+00 
-2.9674252e-02 2.8037226e-01 0.0000000e+00 
-4.9411911e-03 -7.3595485e-04 0.0000000e+00 
-4.2274822e-02 2.7678071e-02 0.0000000e+00 
4.3721595e-03 3.6418068e-01 0.0000000e+00 
-5.7601787e-02 5.0203357e-02 0.0000000e+00 
-6.5934606e-02 1.6191231e-01 0.0000000e+00 
3.4631338e-02 4.3464673e-01 0.0000000e+00 
9.0919830e-02 5.6562936e-01 0.0000000e+00 
-3.8596470e-02 2.6134932e-01 0.0000000e+00 
1.2366151e-02 3.8702038e-01 0.0000000e+00 
-5.6887377e-02 2.0851478e-01 0.0000000e+00 
-7.2966829e-02 9.8812662e-02 0.0000000e+00 
6.6220231e-02 5.1149005e-01 0.0000000e+00 
-7.3682874e-02 1.1020336e-01 0.0000000e+00 
5.4438673e-02 4.8526230e-01 0.0000000e+00 
-6.6037185e-02 1.7699829e-01 0.0000000e+00 
-5.5202123e-02 4.3104075e-02 0.0000000e+00 
-7.2056346e-02 8.8163890e-02 0.0000000e+00 
-4.7656536e-02 2.4313697e-01 0.0000000e+00 
-7.4240208e-02 1.2232633e-01 0.0000000e+00 
7.6863170e-02 5.3847599e-01 0.0000000e+00 
-2.4462961e-02 1.0468384e-02 0.0000000e+00 
2.0097801e-02 4.1061887e-01 0.0000000e+00 
-7.0911877e-02 7.8268014e-02 0.0000000e+00 
4.1533012e-02 4.5976433e-01 0.0000000e+00 
-3.8487263e-02 2.2476844e-02 0.0000000e+00 
-1.1195905e-02 1.7479009e-03 0.0000000e+00 
-7.4671030e-02 1.3517380e-01 0.0000000e+00 
-2.0673741e-02 3.2108390e-01 0.0000000e+00 
-6.9489822e-02 6.9136664e-02 0.0000000e+00 
-1.2051228e-02 3.4239879e-01 0.0000000e+00 
8.6374752e-02 5.6626856e-01 0.0000000e+00 
-2.9478097e-02 3.0054313e-01 0.0000000e+00 
-6.6114038e-02 1.9278637e-01 0.0000000e+00 
-5.6851134e-02 2.2576724e-01 0.0000000e+00 
-7.5004280e-02 1.4874002e-01 0.0000000e+00 
-3.6321632e-03 3.6448053e-01 0.0000000e+00 
2.7535493e-02 4.3498796e-01 0.0000000e+00 
-5.2307613e-02 3.6763243e-02 0.0000000e+00 
0.0000000e+00 0.0000000e+00 0.0000000e+00 
-3.8447481e-02 2.8078967e-01 0.0000000e+00 
-6.7742161e-02 6.0781028e-02 0.0000000e+00 
4.5577860e-03 3.8732770e-01 0.0000000e+00 
6.0373429e-02 5.1197475e-01 0.0000000e+00 
4.8072703e-02 4.8568848e-01 0.0000000e+00 
-4.7570504e-02 2.6184338e-01 0.0000000e+00 
-7.5265892e-02 1.6302150e-01 0.0000000e+00 
7.1527556e-02 5.3902602e-01 0.0000000e+00 
9.4784908e-02 5.9493440e-01 0.0000000e+00 
-3.4013845e-02 1.7915508e-02 0.0000000e+00 
-1.9129921e-02 6.8961945e-03 0.0000000e+00 
-6.6183612e-02 2.0928071e-01 0.0000000e+00 
1.2489693e-02 4.1094437e-01 0.0000000e+00 
3.4646712e-02 4.6014467e-01 0.0000000e+00 
-6.5616034e-02 5.3210277e-02 0.0000000e+00 
8.1533857e-02 5.6688440e-01 0.0000000e+00 
-4.8845615e-02 3.1163707e-02 0.0000000e+00 
-5.6841809e-02 2.4373105e-01 0.0000000e+00 
-7.5479135e-02 1.7801701e-01 0.0000000e+00 
-5.6995298e-03 5.1641295e-05 0.0000000e+00 
-8.3030201e-02 1.1203542e-01 0.0000000e+00 
-8.2214184e-02 1.0083863e-01 0.0000000e+00 
-2.9372523e-02 3.2146063e-01 0.0000000e+00 
-2.0556603e-02 3.4274718e-01 0.0000000e+00 
2.0132244e-02 4.3534017e-01 0.0000000e+00 
-8.3686717e-02 1.2398585e-01 0.0000000e+00 
-8.1203245e-02 9.0406820e-02 0.0000000e+00 
-3.8372178e-02 3.0096531e-01 0.0000000e+00 
-1.1943554e-02 3.6481571e-01 0.0000000e+00 
5.4220006e-02 5.1244873e-01 0.0000000e+00 
9.0412840e-02 5.9561014e-01 0.0000000e+00 
-6.3053116e-02 4.6429232e-02 0.0000000e+00 
-8.4215835e-02 1.3668047e-01 0.0000000e+00 
6.5888643e-02 5.3955942e-01 0.0000000e+00 
-7.9958536e-02 8.0752790e-02 0.0000000e+00 
-6.6262700e-02 2.2648740e-01 0.0000000e+00 
4.1398846e-02 4.8611128e-01 0.0000000e+00 
-4.7541816e-02 2.8127661e-01 0.0000000e+00 
-3.5571728e-03 3.8766280e-01 0.0000000e+00 
-7.5664863e-02 1.9372745e-01 0.0000000e+00 
-2.8774286e-02 1.3893004e-02 0.0000000e+00 
-8.4646575e-02 1.5011199e-01 0.0000000e+00 
7.6395601e-02 5.6747937e-01 0.0000000e+00 
-4.4733219e-02 2.6266854e-02 0.0000000e+00 
-7.8437679e-02 7.1890123e-02 0.0000000e+00 
2.7452603e-02 4.6052998e-01 0.0000000e+00 
-5.6873705e-02 2.6241648e-01 0.0000000e+00 
-1.3148014e-02 3.7941604e-03 0.0000000e+00 
4.5748646e-03 4.1129059e-01 0.0000000e+00 
-8.5005052e-02 1.6427541e-01 0.0000000e+00 
-5.9988566e-02 4.0434919e-02 0.0000000e+00 
-7.5841889e-02 2.1015586e-01 0.0000000e+00 
-7.6594688e-02 6.3832171e-02 0.0000000e+00 
8.5752428e-02 5.9626257e-01 0.0000000e+00 
0.0000000e+00 0.0000000e+00 0.0000000e+00 
-6.6366762e-02 2.4441426e-01 0.0000000e+00 
1.2421860e-02 4.3570656e-01 0.0000000e+00 
4.7759760e-02 5.1291502e-01 0.0000000e+00 
5.9945706e-02 5.4007888e-01 0.0000000e+00 
-2.9371550e-02 3.4314150e-01 0.0000000e+00 
-3.8384099e-02 3.2189149e-01 0.0000000e+00 
-8.5314691e-02 1.7916808e-01 0.0000000e+00 
-2.0562613e-02 3.6518902e-01 0.0000000e+00 
3.4417234e-02 4.8653382e-01 0.0000000e+00 
-4.7583897e-02 3.0145022e-01 0.0000000e+00 
7.0958599e-02 5.6805581e-01 0.0000000e+00 
-3.9873447e-02 2.1998648e-02 0.0000000e+00 
-1.1978920e-02 3.8802862e-01 0.0000000e+00 
-7.4379891e-02 5.6590647e-02 0.0000000e+00 
-2.2695247e-02 1.0244533e-02 0.0000000e+00 
-5.6960542e-02 2.8183517e-01 0.0000000e+00 
-9.2885211e-02 1.1407372e-01 0.0000000e+00 
-5.6349214e-02 3.5211254e-02 0.0000000e+00 
-9.2000209e-02 1.0308981e-01 0.0000000e+00 
1.9950973e-02 4.6092346e-01 0.0000000e+00 
-9.3614236e-02 1.2583430e-01 0.0000000e+00 
-7.6027244e-02 2.2730723e-01 0.0000000e+00 
-3.6465863e-03 4.1166046e-01 0.0000000e+00 
-9.0925299e-02 9.2895865e-02 0.0000000e+00 
-8.5596561e-02 1.9478959e-01 0.0000000e+00 
-9.4218500e-02 1.3836026e-01 0.0000000e+00 
8.0801442e-02 5.9689373e-01 0.0000000e+00 
-6.6723377e-03 1.2374178e-03 0.0000000e+00 
-6.6510268e-02 2.6307067e-01 0.0000000e+00 
-9.4726436e-02 1.5164262e-01 0.0000000e+00 
-8.9623883e-02 8.3506808e-02 0.0000000e+00 
5.3698126e-02 5.4058719e-01 0.0000000e+00 
-7.1739905e-02 5.0173528e-02 0.0000000e+00 
4.0992562e-02 5.1337653e-01 0.0000000e+00 
4.4046165e-03 4.3609005e-01 0.0000000e+00 
6.5221570e-02 5.6861615e-01 0.0000000e+00 
2.7128054e-02 4.8695916e-01 0.0000000e+00 
-9.5163837e-02 1.6567475e-01 0.0000000e+00 
-8.8057011e-02 7.4938558e-02 0.0000000e+00 
-8.5869625e-02 2.1114171e-01 0.0000000e+00 
-3.8497254e-02 3.4358418e-01 0.0000000e+00 
-7.6236576e-02 2.4518836e-01 0.0000000e+00 
-4.7710288e-02 3.2237872e-01 0.0000000e+00 
8.9496545e-02 6.2665606e-01 0.0000000e+00 
-2.9489996e-02 3.6560300e-01 0.0000000e+00 
-3.4149207e-02 1.8224800e-02 0.0000000e+00 
-5.2050233e-02 3.0720593e-02 0.0000000e+00 
-5.7115790e-02 3.0199993e-01 0.0000000e+00 
-2.0707680e-02 3.8842782e-01 0.0000000e+00 
7.5557828e-02 5.9750557e-01 0.0000000e+00 
-1.5744444e-02 6.7271432e-03 0.0000000e+00 
1.2142150e-02 4.6132809e-01 0.0000000e+00 
-9.5553964e-02 1.8045244e-01 0.0000000e+00 
-6.8617493e-02 4.4582158e-02 0.0000000e+00 
-8.6183861e-02 6.7207165e-02 0.0000000e+00 
-6.6707015e-02 2.8246737e-01 0.0000000e+00 
-1.2174571e-02 4.1205683e-01 0.0000000e+00 
4.7145400e-02 5.4108721e-01 0.0000000e+00 
-8.6151026e-02 2.2822823e-01 0.0000000e+00 
3.3918373e-02 5.1383621e-01 0.0000000e+00 
0.0000000e+00 0.0000000e+00 0.0000000e+00 
5.9183389e-02 5.6916296e-01 0.0000000e+00 
8.4720634e-02 6.2731314e-01 0.0000000e+00 
-9.5917784e-02 1.9597384e-01 0.0000000e+00 
-1.0326867e-01 1.1631542e-01 0.0000000e+00 
-3.9192005e-03 4.3649358e-01 0.0000000e+00 
-1.0404062e-01 1.2786998e-01 0.0000000e+00 
-7.6484434e-02 2.6380762e-01 0.0000000e+00 
1.9531561e-02 4.8739025e-01 0.0000000e+00 
-1.0234924e-01 1.0556181e-01 0.0000000e+00 
-8.3962567e-02 6.0327601e-02 0.0000000e+00 
-1.0469439e-01 1.4021231e-01 0.0000000e+00 
-4.6988532e-02 2.6889317e-02 0.0000000e+00 
7.0019692e-02 5.9810019e-01 0.0000000e+00 
-1.0125121e-01 9.5624447e-02 0.0000000e+00 
-2.7415598e-02 1.4703169e-02 0.0000000e+00 
-1.0525712e-01 1.5333165e-01 0.0000000e+00 
-6.4951442e-02 3.9806884e-02 0.0000000e+00 
-4.7934953e-02 3.4407750e-01 0.0000000e+00 
-3.8726397e-02 3.6606011e-01 0.0000000e+00 
-5.7352960e-02 3.2292449e-01 0.0000000e+00 
4.0265000e-03 4.6174675e-01 0.0000000e+00 
-2.9743709e-02 3.8886294e-01 0.0000000e+00 
-9.9942051e-02 8.6520381e-02 0.0000000e+00 
-8.6456470e-02 2.4605484e-01 0.0000000e+00 
-9.6274190e-02 2.1223938e-01 0.0000000e+00 
-1.0575372e-01 1.6721965e-01 0.0000000e+00 
-6.6970460e-02 3.0261639e-01 0.0000000e+00 
-8.0321264e-03 3.1121809e-03 0.0000000e+00 
4.0287148e-02 5.4158157e-01 0.0000000e+00 
-8.1351727e-02 5.4312054e-02 0.0000000e+00 
7.9659767e-02 6.2795115e-01 0.0000000e+00 
-2.1009006e-02 4.1248232e-01 0.0000000e+00 
5.2843068e-02 5.6969869e-01 0.0000000e+00 
2.6537256e-02 5.1429701e-01 0.0000000e+00 
-9.8388836e-02 7.8267828e-02 0.0000000e+00 
-7.6784633e-02 2.8317493e-01 0.0000000e+00 
-1.0620684e-01 1.8187051e-01 0.0000000e+00 
6.4185306e-02 5.9867978e-01 0.0000000e+00 
1.1628078e-02 4.8782998e-01 0.0000000e+00 
-1.2549284e-02 4.3691984e-01 0.0000000e+00 
-9.6640274e-02 2.2925161e-01 0.0000000e+00 
-6.0676381e-02 3.5820577e-02 0.0000000e+00 
-4.1028179e-02 2.3581147e-02 0.0000000e+00 
-8.6800493e-02 2.6462892e-01 0.0000000e+00 
-9.6559592e-02 7.0885375e-02 0.0000000e+00 
-1.0663703e-01 1.9728087e-01 0.0000000e+00 
-7.8312948e-02 4.9167644e-02 0.0000000e+00 
-1.9502139e-02 1.0987328e-02 0.0000000e+00 
7.4311376e-02 6.2857169e-01 0.0000000e+00 
-4.3955632e-03 4.6218222e-01 0.0000000e+00 
-4.8272535e-02 3.6656255e-01 0.0000000e+00 
-5.7685919e-02 3.4462357e-01 0.0000000e+00 
3.3123113e-02 5.4207301e-01 0.0000000e+00 
-1.1498258e-01 1.3008986e-01 0.0000000e+00 
-1.1419982e-01 1.1875591e-01 0.0000000e+00 
4.6199776e-02 5.7022583e-01 0.0000000e+00 
-3.9087269e-02 3.8933641e-01 0.0000000e+00 
-6.7314036e-02 3.2353070e-01 0.0000000e+00 
-1.1565805e-01 1.4223474e-01 0.0000000e+00 
1.8849369e-02 5.1476163e-01 0.0000000e+00 
-1.1328347e-01 1.0824782e-01 0.0000000e+00 
-3.0149803e-02 4.1293946e-01 0.0000000e+00 
-1.1625130e-01 1.5517801e-01 0.0000000e+00 
-7.7150539e-02 3.0330133e-01 0.0000000e+00 
-9.7031645e-02 2.4701501e-01 0.0000000e+00 
5.8053117e-02 5.9924650e-01 0.0000000e+00 
0.0000000e+00 0.0000000e+00 0.0000000e+00 
-9.4425708e-02 6.4390823e-02 0.0000000e+00 
-1.0706285e-01 2.1344975e-01 0.0000000e+00 
-1.1220662e-01 9.8582663e-02 0.0000000e+00 
3.4180065e-03 4.8828113e-01 0.0000000e+00 
-1.1678571e-01 1.6890967e-01 0.0000000e+00 
-5.5723220e-02 3.2568734e-02 0.0000000e+00 
-2.1485301e-02 4.3737146e-01 0.0000000e+00 
-8.7196819e-02 2.8395936e-01 0.0000000e+00 
8.3235055e-02 6.5943402e-01 0.0000000e+00 
-7.4815929e-02 4.4893160e-02 0.0000000e+00 
-1.1094283e-01 8.9779228e-02 0.0000000e+00 
-3.3962496e-02 2.0541109e-02 0.0000000e+00 
6.8673067e-02 6.2917668e-01 0.0000000e+00 
-1.1728287e-01 1.8342230e-01 0.0000000e+00 
3.9252836e-02 5.7074690e-01 0.0000000e+00 
2.5653178e-02 5.4256427e-01 0.0000000e+00 
-1.0750113e-01 2.3037833e-01 0.0000000e+00 
-1.3123574e-02 4.6263719e-01 0.0000000e+00 
-9.1966026e-02 5.8799554e-02 0.0000000e+00 
-9.7462706e-02 2.6553586e-01 0.0000000e+00 
-1.0298043e-02 6.2660612e-03 0.0000000e+00 
-1.0946783e-01 8.1857361e-02 0.0000000e+00 
-5.8129165e-02 3.6711240e-01 0.0000000e+00 
5.1621746e-02 5.9980255e-01 0.0000000e+00 
1.0854981e-02 5.1523280e-01 0.0000000e+00 
-6.7751467e-02 3.4522423e-01 0.0000000e+00 
-4.8738644e-02 3.8985038e-01 0.0000000e+00 
-1.1776254e-01 1.9871101e-01 0.0000000e+00 
-7.7595465e-02 3.2419908e-01 0.0000000e+00 
7.8065664e-02 6.6007102e-01 0.0000000e+00 
-3.9596867e-02 4.1343057e-01 0.0000000e+00 
-5.0981725e-03 4.8874635e-01 0.0000000e+00 
6.2742665e-02 6.2976789e-01 0.0000000e+00 
-8.7658696e-02 3.0405632e-01 0.0000000e+00 
-7.0849255e-02 4.1474186e-02 0.0000000e+00 
-1.0776223e-01 7.4836984e-02 0.0000000e+00 
-5.0023150e-02 2.9954860e-02 0.0000000e+00 
-1.0796724e-01 2.4806990e-01 0.0000000e+00 
-1.2645522e-01 1.3248971e-01 0.0000000e+00 
-3.0726887e-02 4.3785086e-01 0.0000000e+00 
-1.2712286e-01 1.4442474e-01 0.0000000e+00 
-1.2569569e-01 1.2138896e-01 0.0000000e+00 
-8.9174107e-02 5.4122128e-02 0.0000000e+00 
-1.1824268e-01 2.1477333e-01 0.0000000e+00 
-1.2772076e-01 1.5717995e-01 0.0000000e+00 
-1.2482200e-01 1.1113882e-01 0.0000000e+00 
3.2001741e-02 5.7126445e-01 0.0000000e+00 
-2.5394375e-02 1.7254513e-02 0.0000000e+00 
-9.7947016e-02 2.8482202e-01 0.0000000e+00 
1.7877359e-02 5.4305792e-01 0.0000000e+00 
4.4890016e-02 6.0035020e-01 0.0000000e+00 
-1.2827018e-01 1.7074382e-01 0.0000000e+00 
-2.2157010e-02 4.6311414e-01 0.0000000e+00 
-1.2381287e-01 1.0175760e-01 0.0000000e+00 
7.2614059e-02 6.6069269e-01 0.0000000e+00 
2.5544676e-03 5.1571327e-01 0.0000000e+00 
-1.0581598e-01 6.8736605e-02 0.0000000e+00 
-6.8297043e-02 3.6771157e-01 0.0000000e+00 
0.0000000e+00 0.0000000e+00 0.0000000e+00 
-1.2879114e-01 1.8510738e-01 0.0000000e+00 
5.6518178e-02 6.3034725e-01 0.0000000e+00 
-1.1873963e-01 2.3160912e-01 0.0000000e+00 
-5.8698107e-02 3.9040691e-01 0.0000000e+00 
-7.8132913e-02 3.4588128e-01 0.0000000e+00 
-1.0847531e-01 2.6652956e-01 0.0000000e+00 
-1.2264969e-01 9.3264945e-02 0.0000000e+00 
-4.9350087e-02 4.1395783e-01 0.0000000e+00 
-8.8199198e-02 3.2493117e-01 0.0000000e+00 
-1.3919893e-02 4.8922825e-01 0.0000000e+00 
-6.6446662e-02 3.8874634e-02 0.0000000e+00 
-8.6072192e-02 5.0360076e-02 0.0000000e+00 
-4.3533303e-02 2.7824197e-02 0.0000000e+00 
-1.2930223e-01 2.0026420e-01 0.0000000e+00 
-4.0273640e-02 4.3836033e-01 0.0000000e+00 
2.4446148e-02 5.7178092e-01 0.0000000e+00 
-9.8497584e-02 3.0488271e-01 0.0000000e+00 
9.7958175e-03 5.4355657e-01 0.0000000e+00 
3.7856925e-02 6.0089177e-01 0.0000000e+00 
6.6877380e-02 6.6130060e-01 0.0000000e+00 
-1.0363571e-01 6.3570864e-02 0.0000000e+00 
-1.2131922e-01 8.5680887e-02 0.0000000e+00 
-1.1926831e-01 2.4922034e-01 0.0000000e+00 
-1.4324469e-02 1.2497459e-02 0.0000000e+00 
-3.1495284e-02 4.6361551e-01 0.0000000e+00 
-6.0516736e-03 5.1620555e-01 0.0000000e+00 
4.9997848e-02 6.3091671e-01 0.0000000e+00 
-1.2982051e-01 2.1621041e-01 0.0000000e+00 
-1.0903862e-01 2.8576407e-01 0.0000000e+00 
-1.3847163e-01 1.3506423e-01 0.0000000e+00 
-1.3910073e-01 1.4677870e-01 0.0000000e+00 
-1.3777049e-01 1.2420690e-01 0.0000000e+00 
-1.3967624e-01 1.5933514e-01 0.0000000e+00 
-1.1981767e-01 7.9024337e-02 0.0000000e+00 
-7.8776918e-02 3.6836180e-01 0.0000000e+00 
-6.8965927e-02 3.9100790e-01 0.0000000e+00 
-8.2740031e-02 4.7497202e-02 0.0000000e+00 
-1.3697997e-01 1.1422392e-01 0.0000000e+00 
-1.4021671e-01 1.7272069e-01 0.0000000e+00 
-2.3046495e-02 4.8972929e-01 0.0000000e+00 
-8.8831581e-02 3.4659624e-01 0.0000000e+00 
-6.1761361e-02 3.7016012e-02 0.0000000e+00 
7.5972408e-02 6.9326562e-01 0.0000000e+00 
-5.9409324e-02 4.1452330e-01 0.0000000e+00 
6.0853004e-02 6.6189617e-01 0.0000000e+00 
-1.0125754e-01 5.9346043e-02 0.0000000e+00 
1.6585896e-02 5.7229882e-01 0.0000000e+00 
-1.1984248e-01 2.6761094e-01 0.0000000e+00 
-1.3036160e-01 2.3294447e-01 0.0000000e+00 
3.0521685e-02 6.0142958e-01 0.0000000e+00 
-9.9127211e-02 3.2572839e-01 0.0000000e+00 
1.4088630e-03 5.4406279e-01 0.0000000e+00 
-1.4074014e-01 1.8692498e-01 0.0000000e+00 
-1.3608555e-01 1.0513391e-01 0.0000000e+00 
-5.0125118e-02 4.3890208e-01 0.0000000e+00 
-3.6402151e-02 2.5964610e-02 0.0000000e+00 
4.3180123e-02 6.3147831e-01 0.0000000e+00 
-1.1815713e-01 7.3310532e-02 0.0000000e+00 
-1.0966985e-01 3.0578169e-01 0.0000000e+00 
-1.4962828e-02 5.1671213e-01 0.0000000e+00 
-1.4126357e-01 2.0194021e-01 0.0000000e+00 
-4.1137747e-02 4.6414354e-01 0.0000000e+00 
-1.3507782e-01 9.6955948e-02 0.0000000e+00 
7.0420243e-02 6.9388133e-01 0.0000000e+00 
-1.3093980e-01 2.5046703e-01 0.0000000e+00 
0.0000000e+00 0.0000000e+00 0.0000000e+00 
5.4538537e-02 6.6248119e-01 0.0000000e+00 
-1.2047499e-01 2.8678653e-01 0.0000000e+00 
-7.9379223e-02 4.5476437e-02 0.0000000e+00 
-9.8770149e-02 5.6050725e-02 0.0000000e+00 
-3.2477234e-02 4.9025175e-01 0.0000000e+00 
-1.4180285e-01 2.1776108e-01 0.0000000e+00 
8.4209964e-03 5.7282060e-01 0.0000000e+00 
2.2883704e-02 6.0196584e-01 0.0000000e+00 
-7.9542354e-02 3.9165512e-01 0.0000000e+00 
-8.9569554e-02 3.6906463e-01 0.0000000e+00 
-1.3395597e-01 8.9708120e-02 0.0000000e+00 
-5.7310674e-02 3.5695635e-02 0.0000000e+00 
-6.9774419e-02 4.1512883e-01 0.0000000e+00 
-1.1637573e-01 6.8546489e-02 0.0000000e+00 
-9.9848799e-02 3.4737054e-01 0.0000000e+00 
-7.2830440e-03 5.4457897e-01 0.0000000e+00 
3.6063671e-02 6.3203412e-01 0.0000000e+00 
-1.5160178e-01 1.4929245e-01 0.0000000e+00 
-1.5104248e-01 1.3780731e-01 0.0000000e+00 
-1.5212715e-01 1.6164076e-01 0.0000000e+00 
-6.0280830e-02 4.3947810e-01 0.0000000e+00 
-1.1038143e-01 3.2659194e-01 0.0000000e+00 
-1.5043503e-01 1.2720110e-01 0.0000000e+00 
-1.3156828e-01 2.6878080e-01 0.0000000e+00 
-1.5263392e-01 1.7483845e-01 0.0000000e+00 
6.4587928e-02 6.9448513e-01 0.0000000e+00 
-2.9982736e-02 2.4324121e-02 0.0000000e+00 
-1.4237264e-01 2.3438472e-01 0.0000000e+00 
-2.4178255e-02 5.1723546e-01 0.0000000e+00 
4.7931820e-02 6.6305733e-01 0.0000000e+00 
-5.1083684e-02 4.6470034e-01 0.0000000e+00 
-1.4976777e-01 1.1749101e-01 0.0000000e+00 
-1.3273306e-01 8.3404966e-02 0.0000000e+00 
-1.5313767e-01 1.8887407e-01 0.0000000e+00 
-1.2117809e-01 3.0675438e-01 0.0000000e+00 
-9.6357413e-02 5.3633641e-02 0.0000000e+00 
1.4942602e-02 6.0250300e-01 0.0000000e+00 
-4.8353639e-05 5.7334858e-01 0.0000000e+00 
-1.4903355e-01 1.0869472e-01 0.0000000e+00 
-1.1455392e-01 6.4722203e-02 0.0000000e+00 
-7.6464087e-02 4.4124238e-02 0.0000000e+00 
-1.5365350e-01 2.0373853e-01 0.0000000e+00 
-4.2211257e-02 4.9079791e-01 0.0000000e+00 
2.8647406e-02 6.3258624e-01 0.0000000e+00 
-1.4298642e-01 2.5181046e-01 0.0000000e+00 
-1.6279288e-02 5.4510760e-01 0.0000000e+00 
-1.3225940e-01 2.8789032e-01 0.0000000e+00 
-9.0427637e-02 3.9235008e-01 0.0000000e+00 
5.8472428e-02 6.9507831e-01 0.0000000e+00 
-1.0067569e-01 3.6982149e-01 0.0000000e+00 
-8.0445185e-02 4.1577616e-01 0.0000000e+00 
-5.4915961e-02 3.4077406e-02 0.0000000e+00 
-1.3144349e-01 7.8053176e-02 0.0000000e+00 
-1.4823265e-01 1.0082904e-01 0.0000000e+00 
-1.1118586e-01 3.4820545e-01 0.0000000e+00 
4.1030947e-02 6.6362637e-01 0.0000000e+00 
-1.5419582e-01 2.1942526e-01 0.0000000e+00 
-7.0740238e-02 4.4009024e-01 0.0000000e+00 
-3.3697095e-02 5.1777768e-01 0.0000000e+00 
-1.2196378e-01 3.2752299e-01 0.0000000e+00 
-6.1332300e-02 4.6528792e-01 0.0000000e+00 
-1.4365667e-01 2.7003983e-01 0.0000000e+00 
6.6982135e-03 6.0304320e-01 0.0000000e+00 
-1.6463408e-01 1.5196145e-01 0.0000000e+00 
-1.1283948e-01 6.1792422e-02 0.0000000e+00 
-8.8217687e-03 5.7388520e-01 0.0000000e+00 
-1.6508140e-01 1.6409373e-01 0.0000000e+00 
-1.4737673e-01 9.3907408e-02 0.0000000e+00 
-9.4373852e-02 5.1946346e-02 0.0000000e+00 
-1.5477806e-01 2.3593007e-01 0.0000000e+00 
2.0930463e-02 6.3313681e-01 0.0000000e+00 
-1.6417558e-01 1.4071248e-01 0.0000000e+00 
5.2070957e-02 6.9566232e-01 0.0000000e+00 
-1.6552936e-01 1.7709516e-01 0.0000000e+00 
-1.3302487e-01 3.0780166e-01 0.0000000e+00 
6.7681342e-02 7.2814816e-01 0.0000000e+00 
-1.3015376e-01 7.3643982e-02 0.0000000e+00 
-5.2247632e-02 4.9136984e-01 0.0000000e+00 
-1.6369632e-01 1.3036245e-01 0.0000000e+00 
-7.5071007e-02 4.2882998e-02 0.0000000e+00 
-2.5579095e-02 5.4565090e-01 0.0000000e+00 
-1.6599068e-01 1.9095345e-01 0.0000000e+00 
3.3834256e-02 6.6419023e-01 0.0000000e+00 
-1.6319045e-01 1.2092750e-01 0.0000000e+00 
-1.0162198e-01 3.9309427e-01 0.0000000e+00 
-9.1421388e-02 4.1646689e-01 0.0000000e+00 
-1.1209604e-01 3.7063369e-01 0.0000000e+00 
-1.5541273e-01 2.5325108e-01 0.0000000e+00 
-1.4439507e-01 2.8907612e-01 0.0000000e+00 
-1.6647838e-01 2.0565854e-01 0.0000000e+00 
-1.4649433e-01 8.7936208e-02 0.0000000e+00 
-4.3518353e-02 5.1834106e-01 0.0000000e+00 
-8.1502765e-02 4.4074023e-01 0.0000000e+00 
-1.2284406e-01 3.4910211e-01 0.0000000e+00 
-1.6265827e-01 1.1242300e-01 0.0000000e+00 
6.1757099e-02 7.2874153e-01 0.0000000e+00 
-1.8494093e-03 6.0358876e-01 0.0000000e+00 
4.5380995e-02 6.9623864e-01 0.0000000e+00 
1.2912231e-02 6.3368791e-01 0.0000000e+00 
-7.1882740e-02 4.6590814e-01 0.0000000e+00 
-1.7898677e-02 5.7443273e-01 0.0000000e+00 
-1.1148098e-01 5.9637979e-02 0.0000000e+00 
-1.6700508e-01 2.2120273e-01 0.0000000e+00 
-1.3387613e-01 3.2852250e-01 0.0000000e+00 
-1.2897657e-01 7.0139192e-02 0.0000000e+00 
-9.3447015e-02 5.0591856e-02 0.0000000e+00 
2.6340347e-02 6.6475081e-01 0.0000000e+00 
-1.5611143e-01 2.7138853e-01 0.0000000e+00 
-3.5181537e-02 5.4621106e-01 0.0000000e+00 
-6.2585317e-02 4.9196947e-01 0.0000000e+00 
-1.6210915e-01 1.0486141e-01 0.0000000e+00 
-1.4563777e-01 8.2908370e-02 0.0000000e+00 
-1.4521268e-01 3.0892444e-01 0.0000000e+00 
-1.6758285e-01 2.3758066e-01 0.0000000e+00 
5.5554144e-02 7.2932595e-01 0.0000000e+00 
-1.7854531e-01 1.6669095e-01 0.0000000e+00 
-1.7820352e-01 1.5478110e-01 0.0000000e+00 
3.8400281e-02 6.9680899e-01 0.0000000e+00 
-1.7890929e-01 1.7948875e-01 0.0000000e+00 
-1.1312556e-01 3.9388898e-01 0.0000000e+00 
-1.0270277e-01 4.1720244e-01 0.0000000e+00 
-5.3640921e-02 5.1892763e-01 0.0000000e+00 
-1.7787585e-01 1.4377324e-01 0.0000000e+00 
-1.2383129e-01 3.7150240e-01 0.0000000e+00 
-1.0699994e-02 6.0414201e-01 0.0000000e+00 
-9.2567749e-02 4.4142964e-01 0.0000000e+00 
4.5923386e-03 6.3424182e-01 0.0000000e+00 
-1.6156542e-01 9.8248951e-02 0.0000000e+00 
-1.7930527e-01 1.9316189e-01 0.0000000e+00 
-1.7755726e-01 1.3368197e-01 0.0000000e+00 
-2.7278312e-02 5.7499337e-01 0.0000000e+00 
-1.5688504e-01 2.9034466e-01 0.0000000e+00 
-1.2808418e-01 6.7445725e-02 0.0000000e+00 
-1.3482462e-01 3.5006154e-01 0.0000000e+00 
-1.6822302e-01 2.5478920e-01 0.0000000e+00 
-8.2734063e-02 4.6656269e-01 0.0000000e+00 
1.8548088e-02 6.6531008e-01 0.0000000e+00 
-1.1084687e-01 5.7987455e-02 0.0000000e+00 
-1.7974387e-01 2.0769963e-01 0.0000000e+00 
-1.4489082e-01 7.8792915e-02 0.0000000e+00 
-1.7724754e-01 1.2452132e-01 0.0000000e+00 
-4.5085527e-02 5.4679024e-01 0.0000000e+00 
-1.4612031e-01 3.2959133e-01 0.0000000e+00 
4.9069352e-02 7.2990280e-01 0.0000000e+00 
-7.3223166e-02 4.9259868e-01 0.0000000e+00 
3.1126846e-02 6.9737488e-01 0.0000000e+00 
-1.8023582e-01 2.2309333e-01 0.0000000e+00 
-1.6106689e-01 9.2580520e-02 0.0000000e+00 
-1.6893619e-01 2.7282751e-01 0.0000000e+00 
-1.7695360e-01 1.1630284e-01 0.0000000e+00 
-4.0293336e-03 6.3480055e-01 0.0000000e+00 
-1.9853044e-02 6.0470504e-01 0.0000000e+00 
-1.5774390e-01 3.1012341e-01 0.0000000e+00 
-6.4063549e-02 5.1953924e-01 0.0000000e+00 
-1.1428901e-01 4.1798410e-01 0.0000000e+00 
-1.2493853e-01 3.9473537e-01 0.0000000e+00 
-1.8079165e-01 2.3933659e-01 0.0000000e+00 
1.0456615e-02 6.6587001e-01 0.0000000e+00 
-3.6959723e-02 5.7556927e-01 0.0000000e+00 
-1.0393452e-01 4.4215992e-01 0.0000000e+00 
-1.2770429e-01 6.5373309e-02 0.0000000e+00 
-1.3588211e-01 3.7242866e-01 0.0000000e+00 
-1.4437352e-01 7.5518176e-02 0.0000000e+00 
4.2299859e-02 7.3047328e-01 0.0000000e+00 
-1.7669213e-01 1.0903280e-01 0.0000000e+00 
-9.3885273e-02 4.6725315e-01 0.0000000e+00 
5.8335032e-02 7.6407897e-01 0.0000000e+00 
-1.9252340e-01 1.6942941e-01 0.0000000e+00 
-1.4712875e-01 3.5108468e-01 0.0000000e+00 
-1.6067505e-01 8.7831840e-02 0.0000000e+00 
2.3558985e-02 6.9793820e-01 0.0000000e+00 
-1.9277875e-01 1.8201727e-01 0.0000000e+00 
-1.9231367e-01 1.5774712e-01 0.0000000e+00 
-1.6973230e-01 2.9169655e-01 0.0000000e+00 
-5.5289820e-02 5.4739046e-01 0.0000000e+00 
-1.8142134e-01 2.5642520e-01 0.0000000e+00 
-1.9308653e-01 1.9549823e-01 0.0000000e+00 
-1.9214500e-01 1.4698359e-01 0.0000000e+00 
-8.4159963e-02 4.9325910e-01 0.0000000e+00 
-1.5869807e-01 3.3073035e-01 0.0000000e+00 
-1.9345494e-01 2.0986120e-01 0.0000000e+00 
-1.2952651e-02 6.3536626e-01 0.0000000e+00 
-1.9201663e-01 1.3715158e-01 0.0000000e+00 
-2.9307842e-02 6.0527998e-01 0.0000000e+00 
-1.7649260e-01 1.0270810e-01 0.0000000e+00 
2.0653422e-03 6.6643262e-01 0.0000000e+00 
3.5243105e-02 7.3103893e-01 0.0000000e+00 
-7.4784882e-02 5.2017778e-01 0.0000000e+00 
5.2049082e-02 7.6464897e-01 0.0000000e+00 
-4.6941761e-02 5.7616246e-01 0.0000000e+00 
-1.9389270e-01 2.2509688e-01 0.0000000e+00 
-1.4423306e-01 7.2947860e-02 0.0000000e+00 
-1.8213436e-01 2.7435717e-01 0.0000000e+00 
-1.9193311e-01 1.2826189e-01 0.0000000e+00 
-1.2617977e-01 4.1881311e-01 0.0000000e+00 
-1.7062087e-01 3.1139931e-01 0.0000000e+00 
1.5695294e-02 6.9850063e-01 0.0000000e+00 
-1.6047417e-01 8.3948039e-02 0.0000000e+00 
-1.3706100e-01 3.9563450e-01 0.0000000e+00 
-1.1560231e-01 4.4293237e-01 0.0000000e+00 
-1.4824909e-01 3.7341338e-01 0.0000000e+00 
-1.0533529e-01 4.6798092e-01 0.0000000e+00 
-6.5793015e-02 5.4801357e-01 0.0000000e+00 
-1.9440866e-01 2.4119802e-01 0.0000000e+00 
-1.7639960e-01 9.7310275e-02 0.0000000e+00 
-1.9190639e-01 1.2032095e-01 0.0000000e+00 
-1.5975760e-01 3.5217232e-01 0.0000000e+00 
-9.5394373e-02 4.9395236e-01 0.0000000e+00 
-2.2177223e-02 6.3594109e-01 0.0000000e+00 
4.5485299e-02 7.6521289e-01 0.0000000e+00 
2.7896810e-02 7.3160118e-01 0.0000000e+00 
-6.6260360e-03 6.6699988e-01 0.0000000e+00 
-1.8293966e-01 2.9313239e-01 0.0000000e+00 
-3.9063446e-02 6.0586894e-01 0.0000000e+00 
-1.9501141e-01 2.5815943e-01 0.0000000e+00 
-2.0701851e-01 1.7230663e-01 0.0000000e+00 
-2.0714141e-01 1.8467915e-01 0.0000000e+00 
-1.7161112e-01 3.3194023e-01 0.0000000e+00 
-8.5803434e-02 5.2084494e-01 0.0000000e+00 
7.5346665e-03 6.9906414e-01 0.0000000e+00 
-5.7223096e-02 5.7677490e-01 0.0000000e+00 
-2.0696576e-01 1.6085586e-01 0.0000000e+00 
-2.0733859e-01 1.9796157e-01 0.0000000e+00 
-1.9195765e-01 1.1332750e-01 0.0000000e+00 
-1.6056293e-01 8.0829263e-02 0.0000000e+00 
-2.0698182e-01 1.5033849e-01 0.0000000e+00 
-2.0761579e-01 2.1214288e-01 0.0000000e+00 
-1.7647253e-01 9.2797518e-02 0.0000000e+00 
-1.3837467e-01 4.1969046e-01 0.0000000e+00 
-1.2757033e-01 4.4374821e-01 0.0000000e+00 
-1.4949305e-01 3.9658734e-01 0.0000000e+00 
3.8640548e-02 7.6577187e-01 0.0000000e+00 
-7.6593570e-02 5.4866135e-01 0.0000000e+00 
-1.9570917e-01 2.7597806e-01 0.0000000e+00 
-1.8384579e-01 3.1275275e-01 0.0000000e+00 
2.0258998e-02 7.3216158e-01 0.0000000e+00 
-1.1708296e-01 4.6874735e-01 0.0000000e+00 
-2.0706937e-01 1.4076465e-01 0.0000000e+00 
-2.0797980e-01 2.2721340e-01 0.0000000e+00 
-1.6093284e-01 3.7445745e-01 0.0000000e+00 
-3.1702407e-02 6.3652700e-01 0.0000000e+00 
-1.5617541e-02 6.6757387e-01 0.0000000e+00 
-1.9211872e-01 1.0726800e-01 0.0000000e+00 
-4.9118686e-02 6.0647386e-01 0.0000000e+00 
-1.0692499e-01 4.9467981e-01 0.0000000e+00 
-9.2370610e-04 6.9963050e-01 0.0000000e+00 
-1.7271227e-01 3.5332528e-01 0.0000000e+00 
-2.0723641e-01 1.3214098e-01 0.0000000e+00 
-2.0843773e-01 2.4316522e-01 0.0000000e+00 
-6.7802213e-02 5.7740843e-01 0.0000000e+00 
-9.7117595e-02 5.2154219e-01 0.0000000e+00 
-1.9650978e-01 2.9465279e-01 0.0000000e+00 
-1.7677899e-01 8.9095317e-02 0.0000000e+00 
3.1511981e-02 7.6632726e-01 0.0000000e+00 
-1.8486105e-01 3.3322170e-01 0.0000000e+00 
1.2328010e-02 7.3272187e-01 0.0000000e+00 
-2.0899667e-01 2.5999233e-01 0.0000000e+00 
4.7906719e-02 8.0105507e-01 0.0000000e+00 
-2.0749766e-01 1.2446783e-01 0.0000000e+00 
-1.9243133e-01 1.0211077e-01 0.0000000e+00 
-8.7689780e-02 5.4933548e-01 0.0000000e+00 
-1.5087326e-01 4.2061713e-01 0.0000000e+00 
-4.1527294e-02 6.3712609e-01 0.0000000e+00 
-1.3983774e-01 4.4460842e-01 0.0000000e+00 
-2.4908908e-02 6.6815656e-01 0.0000000e+00 
-2.2199965e-01 1.8747327e-01 0.0000000e+00 
-2.2203165e-01 1.7532080e-01 0.0000000e+00 
-1.6223471e-01 3.9759472e-01 0.0000000e+00 
-2.2206451e-01 2.0055139e-01 0.0000000e+00 
-1.2912709e-01 4.6955359e-01 0.0000000e+00 
-5.9472185e-02 6.0709673e-01 0.0000000e+00 
-9.6803214e-03 7.0020169e-01 0.0000000e+00 
-2.2215882e-01 1.6410464e-01 0.0000000e+00 
-2.2222990e-01 2.1454458e-01 0.0000000e+00 
-1.9742075e-01 3.1418443e-01 0.0000000e+00 
-1.7393386e-01 3.7556162e-01 0.0000000e+00 
-1.1875030e-01 4.9544278e-01 0.0000000e+00 
-2.0966360e-01 2.7769074e-01 0.0000000e+00 
2.4097066e-02 7.6688033e-01 0.0000000e+00 
-2.0787531e-01 1.1773577e-01 0.0000000e+00 
-2.2238225e-01 1.5383434e-01 0.0000000e+00 
-2.2250065e-01 2.2944310e-01 0.0000000e+00 
4.1268818e-02 8.0160087e-01 0.0000000e+00 
-7.8677423e-02 5.7806486e-01 0.0000000e+00 
4.1024997e-03 7.3328376e-01 0.0000000e+00 
-1.8599381e-01 3.5454425e-01 0.0000000e+00 
-1.0872566e-01 5.2227092e-01 0.0000000e+00 
-1.9294210e-01 9.7799487e-02 0.0000000e+00 
-2.2270694e-01 1.4451669e-01 0.0000000e+00 
-2.2288223e-01 2.4523865e-01 0.0000000e+00 
-3.4499586e-02 6.6874999e-01 0.0000000e+00 
-2.1044514e-01 2.9625839e-01 0.0000000e+00 
-5.1650733e-02 6.3774025e-01 0.0000000e+00 
-9.9079810e-02 5.5003738e-01 0.0000000e+00 
-1.8735364e-02 7.0077956e-01 0.0000000e+00 
-1.9844942e-01 3.3457547e-01 0.0000000e+00 
-2.0839824e-01 1.1192100e-01 0.0000000e+00 
1.6393580e-02 7.6743263e-01 0.0000000e+00 
-7.0122339e-02 6.0773933e-01 0.0000000e+00 
-1.5240362e-01 4.4551399e-01 0.0000000e+00 
-2.2314259e-01 1.3615349e-01 0.0000000e+00 
-1.6367508e-01 4.2159402e-01 0.0000000e+00 
3.4353495e-02 8.0214322e-01 0.0000000e+00 
-1.4146638e-01 4.7040066e-01 0.0000000e+00 
-2.2338028e-01 2.6192454e-01 0.0000000e+00 
-1.7528598e-01 3.9865744e-01 0.0000000e+00 
-4.4185505e-03 7.3384899e-01 0.0000000e+00 
-1.3086873e-01 4.9624240e-01 0.0000000e+00 
-8.9846842e-02 5.7874566e-01 0.0000000e+00 
-1.8725266e-01 3.7672663e-01 0.0000000e+00 
-2.1134773e-01 3.1569505e-01 0.0000000e+00 
-2.3735452e-01 1.9039926e-01 0.0000000e+00 
-2.3726644e-01 2.0326769e-01 0.0000000e+00 
-2.2370410e-01 1.2873861e-01 0.0000000e+00 
-1.2062582e-01 5.2303243e-01 0.0000000e+00 
-2.3756230e-01 1.7847106e-01 0.0000000e+00 
-2.2400042e-01 2.7949595e-01 0.0000000e+00 
-2.3729993e-01 2.1706662e-01 0.0000000e+00 
-4.4388734e-02 6.6935599e-01 0.0000000e+00 
-2.0909829e-01 1.0698067e-01 0.0000000e+00 
-1.9960317e-01 3.5582995e-01 0.0000000e+00 
-2.3788981e-01 1.6749211e-01 0.0000000e+00 
-6.2071316e-02 6.3837135e-01 0.0000000e+00 
8.3996281e-03 7.6798558e-01 0.0000000e+00 
-2.8088706e-02 7.0136613e-01 0.0000000e+00 
2.7157687e-02 8.0268317e-01 0.0000000e+00 
-2.3745820e-01 2.3178656e-01 0.0000000e+00 
-1.1076169e-01 5.5076849e-01 0.0000000e+00 
-8.1067331e-02 6.0840333e-01 0.0000000e+00 
-2.3833974e-01 1.5746935e-01 0.0000000e+00 
-1.3235826e-02 7.3441941e-01 0.0000000e+00 
-2.2441085e-01 1.2225455e-01 0.0000000e+00 
-2.3774515e-01 2.4741900e-01 0.0000000e+00 
-2.2474810e-01 2.9794994e-01 0.0000000e+00 
-1.6526704e-01 4.4646579e-01 0.0000000e+00 
-2.1237767e-01 3.3600226e-01 0.0000000e+00 
-1.7677964e-01 4.2262185e-01 0.0000000e+00 
-1.5409954e-01 4.7128955e-01 0.0000000e+00 
-2.3891796e-01 1.4840575e-01 0.0000000e+00 
-1.8864682e-01 3.9977625e-01 0.0000000e+00 
-1.4327863e-01 4.9707973e-01 0.0000000e+00 
-1.0130844e-01 5.7945251e-01 0.0000000e+00 
1.9678639e-02 8.0322200e-01 0.0000000e+00 
-2.3816504e-01 2.6395682e-01 0.0000000e+00 
1.1365466e-04 7.6854086e-01 0.0000000e+00 
-5.4575223e-02 6.6997647e-01 0.0000000e+00 
-2.0088968e-01 3.7795320e-01 0.0000000e+00 
-1.3281615e-01 5.2382785e-01 0.0000000e+00 
-3.7739899e-02 7.0196319e-01 0.0000000e+00 
-7.2787389e-02 6.3902116e-01 0.0000000e+00 
3.6369398e-02 8.3907330e-01 0.0000000e+00 
-2.2562861e-01 3.1728536e-01 0.0000000e+00 
-2.3963389e-01 1.4029793e-01 0.0000000e+00 
-2.2528392e-01 1.1666865e-01 0.0000000e+00 
-2.2349676e-02 7.3499680e-01 0.0000000e+00 
-9.2305169e-02 6.0909027e-01 0.0000000e+00 
-2.3872218e-01 2.8139451e-01 0.0000000e+00 
-1.2273332e-01 5.5153006e-01 0.0000000e+00 
-2.1354131e-01 3.5718310e-01 0.0000000e+00 
-2.5294548e-01 2.0611119e-01 0.0000000e+00 
-2.5320587e-01 1.9345763e-01 0.0000000e+00 
-2.5282785e-01 2.1970987e-01 0.0000000e+00 
1.1913923e-02 8.0376107e-01 0.0000000e+00 
-2.5360835e-01 1.8175773e-01 0.0000000e+00 
-8.4655536e-03 7.6910019e-01 0.0000000e+00 
-1.7842701e-01 4.4746456e-01 0.0000000e+00 
-2.5285482e-01 2.3424475e-01 0.0000000e+00 
-1.6702515e-01 4.7222102e-01 0.0000000e+00 
-2.4049976e-01 1.3313340e-01 0.0000000e+00 
2.9388411e-02 8.3959419e-01 0.0000000e+00 
-1.9018637e-01 4.2370135e-01 0.0000000e+00 
-1.1306002e-01 5.8018661e-01 0.0000000e+00 
-2.5415394e-01 1.7101851e-01 0.0000000e+00 
-1.5597828e-01 4.9795565e-01 0.0000000e+00 
-6.5057658e-02 6.7061335e-01 0.0000000e+00 
-2.2664720e-01 3.3750281e-01 0.0000000e+00 
-2.3942083e-01 2.9972833e-01 0.0000000e+00 
-4.7688182e-02 7.0257276e-01 0.0000000e+00 
-2.0231716e-01 4.0095177e-01 0.0000000e+00 
-2.5302902e-01 2.4970737e-01 0.0000000e+00 
-8.3797060e-02 6.3969135e-01 0.0000000e+00 
-1.4529464e-01 5.2465826e-01 0.0000000e+00 
-3.1760108e-02 7.3558307e-01 0.0000000e+00 
-2.5484571e-01 1.6124389e-01 0.0000000e+00 
-2.1484533e-01 3.7924203e-01 0.0000000e+00 
3.8614499e-03 8.0430180e-01 0.0000000e+00 
-2.5335345e-01 2.6609033e-01 0.0000000e+00 
-1.0383364e-01 6.0980177e-01 0.0000000e+00 
-2.4152873e-01 1.2688740e-01 0.0000000e+00 
-1.3499251e-01 5.5232322e-01 0.0000000e+00 
2.2130059e-02 8.4011400e-01 0.0000000e+00 
-1.7338857e-02 7.6966518e-01 0.0000000e+00 
-2.4026518e-01 3.1895626e-01 0.0000000e+00 
-2.5568891e-01 1.5243277e-01 0.0000000e+00 
-2.2780912e-01 3.5860440e-01 0.0000000e+00 
-2.5383118e-01 2.8338757e-01 0.0000000e+00 
-5.7932477e-02 7.0319653e-01 0.0000000e+00 
-7.5834341e-02 6.7126822e-01 0.0000000e+00 
-1.2509924e-01 5.8094925e-01 0.0000000e+00 
-1.9188252e-01 4.4851092e-01 0.0000000e+00 
-1.8024181e-01 4.7319585e-01 0.0000000e+00 
-4.1466784e-02 7.3618001e-01 0.0000000e+00 
-2.0389469e-01 4.2483312e-01 0.0000000e+00 
-1.6896586e-01 4.9887097e-01 0.0000000e+00 
-9.5098205e-02 6.4038342e-01 0.0000000e+00 
-2.5669053e-01 1.4457665e-01 0.0000000e+00 
-2.6910198e-01 2.0908342e-01 0.0000000e+00 
-4.4805203e-03 8.0484569e-01 0.0000000e+00 
-2.6881495e-01 2.2247586e-01 0.0000000e+00 
-2.6955250e-01 1.9664995e-01 0.0000000e+00 
1.4591423e-02 8.4063381e-01 0.0000000e+00 
-1.5805921e-01 5.2552444e-01 0.0000000e+00 
-2.1629688e-01 4.0218470e-01 0.0000000e+00 
-2.4125928e-01 3.3907795e-01 0.0000000e+00 
-2.6869243e-01 2.3681916e-01 0.0000000e+00 
-2.5446537e-01 3.0159461e-01 0.0000000e+00 
-2.7016646e-01 1.8518253e-01 0.0000000e+00 
-2.6506754e-02 7.7023768e-01 0.0000000e+00 
-1.1565035e-01 6.1053896e-01 0.0000000e+00 
-2.6873603e-01 2.5210521e-01 0.0000000e+00 
-1.4753690e-01 5.5314893e-01 0.0000000e+00 
-2.2911996e-01 3.8059375e-01 0.0000000e+00 
-2.7094486e-01 1.7468584e-01 0.0000000e+00 
-2.5785762e-01 1.3765712e-01 0.0000000e+00 
-6.8471387e-02 7.0383638e-01 0.0000000e+00 
-8.6903334e-02 6.7194277e-01 0.0000000e+00 
-2.6894772e-01 2.6832643e-01 0.0000000e+00 
-5.1469021e-02 7.3678952e-01 0.0000000e+00 
-1.3113366e-02 8.0539435e-01 0.0000000e+00 
-2.5525904e-01 3.2070869e-01 0.0000000e+00 
6.7699170e-03 8.4115493e-01 0.0000000e+00 
-2.7188998e-01 1.6516063e-01 0.0000000e+00 
-1.3742362e-01 5.8174145e-01 0.0000000e+00 
-2.4240737e-01 3.6009467e-01 0.0000000e+00 
-1.0668848e-01 6.4109886e-01 0.0000000e+00 
-1.9374804e-01 4.7421464e-01 0.0000000e+00 
-2.0563251e-01 4.4960555e-01 0.0000000e+00 
-1.8223956e-01 4.9982640e-01 0.0000000e+00 
-3.5969384e-02 7.7081949e-01 0.0000000e+00 
-2.6932958e-01 2.8547642e-01 0.0000000e+00 
2.3695495e-02 8.7812984e-01 0.0000000e+00 
-2.1790402e-01 4.2601785e-01 0.0000000e+00 
-1.7110769e-01 5.2642715e-01 0.0000000e+00 
-2.7300480e-01 1.5660170e-01 0.0000000e+00 
-1.2775274e-01 6.1130321e-01 0.0000000e+00 
-2.3058584e-01 4.0347567e-01 0.0000000e+00 
-2.5621516e-01 3.4072861e-01 0.0000000e+00 
-1.6036409e-01 5.5400801e-01 0.0000000e+00 
-1.3367009e-03 8.4167874e-01 0.0000000e+00 
-7.9303220e-02 7.0449394e-01 0.0000000e+00 
-2.2038100e-02 8.0594951e-01 0.0000000e+00 
-2.6988360e-01 3.0355009e-01 0.0000000e+00 
-2.8573534e-01 2.1218684e-01 0.0000000e+00 
-2.8526181e-01 2.2536685e-01 0.0000000e+00 
-6.1765797e-02 7.3741329e-01 0.0000000e+00 
-9.8262407e-02 6.7263860e-01 0.0000000e+00 
-2.8639221e-01 1.9997901e-01 0.0000000e+00 
-2.4371390e-01 3.8200915e-01 0.0000000e+00 
-2.8497234e-01 2.3951194e-01 0.0000000e+00 
1.6379120e-02 8.7862509e-01 0.0000000e+00 
-2.7429181e-01 1.4899570e-01 0.0000000e+00 
-1.5003055e-01 5.8256423e-01 0.0000000e+00 
-4.5726512e-02 7.7141237e-01 0.0000000e+00 
-2.8723207e-01 1.8874867e-01 0.0000000e+00 
-1.1856534e-01 6.4183897e-01 0.0000000e+00 
-2.8486794e-01 2.5461447e-01 0.0000000e+00 
-2.0754234e-01 4.7527796e-01 0.0000000e+00 
-2.7061176e-01 3.2254389e-01 0.0000000e+00 
-2.1967591e-01 4.5074898e-01 0.0000000e+00 
-1.9579749e-01 5.0082248e-01 0.0000000e+00 
-2.8494984e-01 2.7066696e-01 0.0000000e+00 
-2.5733685e-01 3.6165476e-01 0.0000000e+00 
-2.8825507e-01 1.7849807e-01 0.0000000e+00 
-9.7303139e-03 8.4220666e-01 0.0000000e+00 
-1.8443789e-01 5.2736712e-01 0.0000000e+00 
-1.4013810e-01 6.1209548e-01 0.0000000e+00 
-3.1255357e-02 8.0651277e-01 0.0000000e+00 
-2.3221372e-01 4.2725605e-01 0.0000000e+00 
8.7852115e-03 8.7912160e-01 0.0000000e+00 
-9.0425983e-02 7.0517081e-01 0.0000000e+00 
-7.2355747e-02 7.3805314e-01 0.0000000e+00 
-2.8521922e-01 2.8766274e-01 0.0000000e+00 
-2.8946126e-01 1.6922469e-01 0.0000000e+00 
-1.7347158e-01 5.5490118e-01 0.0000000e+00 
-1.0990911e-01 6.7335701e-01 0.0000000e+00 
-2.4518391e-01 4.0482533e-01 0.0000000e+00 
-5.5777539e-02 7.7201813e-01 0.0000000e+00 
-2.7151600e-01 3.4245589e-01 0.0000000e+00 
-1.3072601e-01 6.4260489e-01 0.0000000e+00 
-1.6291732e-01 5.8341843e-01 0.0000000e+00 
-1.8412434e-02 8.4274024e-01 0.0000000e+00 
-2.5862747e-01 3.8348895e-01 0.0000000e+00 
-2.8567722e-01 3.0559623e-01 0.0000000e+00 
-2.9084972e-01 1.6091941e-01 0.0000000e+00 
9.1107714e-04 8.7962043e-01 0.0000000e+00 
-4.0765379e-02 8.0708593e-01 0.0000000e+00 
-3.0216858e-01 2.2838596e-01 0.0000000e+00 
-3.0284441e-01 2.1542503e-01 0.0000000e+00 
-3.0169553e-01 2.4232584e-01 0.0000000e+00 
-2.2162320e-01 4.7638634e-01 0.0000000e+00 
-2.0963772e-01 5.0185978e-01 0.0000000e+00 
-1.5280357e-01 6.1291665e-01 0.0000000e+00 
-2.3401162e-01 4.5194170e-01 0.0000000e+00 
-3.0372196e-01 2.0344889e-01 0.0000000e+00 
-1.0183738e-01 7.0586860e-01 0.0000000e+00 
-8.3237164e-02 7.3871076e-01 0.0000000e+00 
-3.0142623e-01 2.5723767e-01 0.0000000e+00 
-1.9804749e-01 5.2834481e-01 0.0000000e+00 
-2.7259833e-01 3.6328560e-01 0.0000000e+00 
-2.8632480e-01 3.2446322e-01 0.0000000e+00 
-2.4682316e-01 4.2854837e-01 0.0000000e+00 
-1.2184075e-01 6.7409933e-01 0.0000000e+00 
-6.6121489e-02 7.7263850e-01 0.0000000e+00 
-3.0479985e-01 1.9246103e-01 0.0000000e+00 
-3.0136147e-01 2.7311420e-01 0.0000000e+00 
-1.8685681e-01 5.5582911e-01 0.0000000e+00 
-2.7384194e-02 8.4328109e-01 0.0000000e+00 
-7.2456291e-03 8.8012290e-01 0.0000000e+00 
-2.6009089e-01 4.0623438e-01 0.0000000e+00 
-1.4316759e-01 6.4339763e-01 0.0000000e+00 
-3.0607611e-01 1.8246117e-01 0.0000000e+00 
-5.0568033e-02 8.0767077e-01 0.0000000e+00 
-3.0150190e-01 2.8994861e-01 0.0000000e+00 
-1.7608111e-01 5.8430457e-01 0.0000000e+00 
-2.8716293e-01 3.4426102e-01 0.0000000e+00 
9.8565128e-03 9.1822010e-01 0.0000000e+00 
-2.7386096e-01 3.8503405e-01 0.0000000e+00 
-9.4408020e-02 7.3938769e-01 0.0000000e+00 
-1.1353486e-01 7.0658863e-01 0.0000000e+00 
-3.0754739e-01 1.7344365e-01 0.0000000e+00 
-3.0184790e-01 3.0773491e-01 0.0000000e+00 
-1.6574614e-01 6.1376756e-01 0.0000000e+00 
-7.6757014e-02 7.7327526e-01 0.0000000e+00 
-2.2375830e-01 5.0293869e-01 0.0000000e+00 
-2.3598906e-01 4.7754017e-01 0.0000000e+00 
-3.6646329e-02 8.4383088e-01 0.0000000e+00 
-1.5686890e-02 8.8063049e-01 0.0000000e+00 
-1.3405439e-01 6.7486668e-01 0.0000000e+00 
-2.1193419e-01 5.2936071e-01 0.0000000e+00 
-2.4863856e-01 4.5318428e-01 0.0000000e+00 
-6.0662780e-02 8.0826908e-01 0.0000000e+00 
-2.0051712e-01 5.5679214e-01 0.0000000e+00 
-2.6173168e-01 4.2989534e-01 0.0000000e+00 
-2.8819248e-01 3.6498836e-01 0.0000000e+00 
-3.1953472e-01 2.3153728e-01 0.0000000e+00 
-3.1886247e-01 2.4526446e-01 0.0000000e+00 
2.2110138e-03 9.1868913e-01 0.0000000e+00 
-3.2042733e-01 2.1880266e-01 0.0000000e+00 
-3.0239958e-01 3.2646832e-01 0.0000000e+00 
-1.5588696e-01 6.4421809e-01 0.0000000e+00 
-3.1841198e-01 2.5997800e-01 0.0000000e+00 
-3.2153806e-01 2.0706511e-01 0.0000000e+00 
-1.8951902e-01 5.8522332e-01 0.0000000e+00 
-2.7530661e-01 4.0770355e-01 0.0000000e+00 
-3.1818411e-01 2.7567098e-01 0.0000000e+00 
-1.0586597e-01 7.4008548e-01 0.0000000e+00 
-2.4414310e-02 8.8114464e-01 0.0000000e+00 
-4.6199180e-02 8.4439135e-01 0.0000000e+00 
-1.2551558e-01 7.0733219e-01 0.0000000e+00 
-8.7682426e-02 7.7393007e-01 0.0000000e+00 
-3.2286364e-01 1.9632621e-01 0.0000000e+00 
-3.1817919e-01 2.9233649e-01 0.0000000e+00 
-1.7896272e-01 6.1464876e-01 0.0000000e+00 
-3.0315697e-01 3.4614542e-01 0.0000000e+00 
-5.7122479e-03 9.1916156e-01 0.0000000e+00 
-1.4654692e-01 6.7566001e-01 0.0000000e+00 
-2.8941461e-01 3.8664541e-01 0.0000000e+00 
-7.1048692e-02 8.0888259e-01 0.0000000e+00 
-2.3815726e-01 5.0405955e-01 0.0000000e+00 
-2.5063837e-01 4.7873989e-01 0.0000000e+00 
-2.2609566e-01 5.3041518e-01 0.0000000e+00 
-3.2439893e-01 1.8658319e-01 0.0000000e+00 
-2.6355559e-01 4.5447713e-01 0.0000000e+00 
-3.1839710e-01 3.0996829e-01 0.0000000e+00 
-2.1444981e-01 5.5779076e-01 0.0000000e+00 
-1.6888089e-01 6.4506698e-01 0.0000000e+00 
-3.3429105e-02 8.8166696e-01 0.0000000e+00 
-2.7693868e-01 4.3129763e-01 0.0000000e+00 
-5.6042675e-02 8.4496427e-01 0.0000000e+00 
-3.0411997e-01 3.6676422e-01 0.0000000e+00 
-1.1760835e-01 7.4080545e-01 0.0000000e+00 
-2.0322806e-01 5.8617502e-01 0.0000000e+00 
-9.8895647e-02 7.7460450e-01 0.0000000e+00 
-1.3915671e-02 9.1963857e-01 0.0000000e+00 
-1.3777648e-01 7.0810032e-01 0.0000000e+00 
-3.1883737e-01 3.2856110e-01 0.0000000e+00 
-2.9083088e-01 4.0923369e-01 0.0000000e+00 
-3.3647338e-01 2.4833220e-01 0.0000000e+00 
-3.3735943e-01 2.3482591e-01 0.0000000e+00 
-8.1724443e-02 8.0951303e-01 0.0000000e+00 
-3.3582610e-01 2.6283926e-01 0.0000000e+00 
-1.9245009e-01 6.1556077e-01 0.0000000e+00 
-1.5931500e-01 6.7648023e-01 0.0000000e+00 
-3.3848178e-01 2.2232568e-01 0.0000000e+00 
-3.3541897e-01 2.7834055e-01 0.0000000e+00 
-4.2732079e-02 8.8219911e-01 0.0000000e+00 
-3.3983630e-01 2.1083468e-01 0.0000000e+00 
-2.5283262e-01 5.0522274e-01 0.0000000e+00 
-2.4052951e-01 5.3150845e-01 0.0000000e+00 
-3.1949916e-01 3.4811080e-01 0.0000000e+00 
-2.6556957e-01 4.7998592e-01 0.0000000e+00 
-3.0528870e-01 3.8832405e-01 0.0000000e+00 
-6.6176325e-02 8.4555137e-01 0.0000000e+00 
-2.2401288e-02 9.2012167e-01 0.0000000e+00 
-3.3525249e-01 2.9482928e-01 0.0000000e+00 
-1.8214600e-01 6.4594489e-01 0.0000000e+00 
-2.2865219e-01 5.5882519e-01 0.0000000e+00 
-2.7876160e-01 4.5582083e-01 0.0000000e+00 
-1.2963220e-01 7.4154896e-01 0.0000000e+00 
-1.1039427e-01 7.7530009e-01 0.0000000e+00 
-3.4141681e-01 2.0035256e-01 0.0000000e+00 
-1.5031424e-01 7.0889407e-01 0.0000000e+00 
-2.1720523e-01 5.8715999e-01 0.0000000e+00 
-3.3532631e-01 3.1229892e-01 0.0000000e+00 
-2.9244345e-01 4.3275592e-01 0.0000000e+00 
-9.2688322e-02 8.1016207e-01 0.0000000e+00 
-5.1773051e-03 9.5933819e-01 0.0000000e+00 
-3.2038152e-01 3.6861464e-01 0.0000000e+00 
-5.2323632e-02 8.8274288e-01 0.0000000e+00 
-1.7235519e-01 6.7732805e-01 0.0000000e+00 
-2.0620500e-01 6.1650389e-01 0.0000000e+00 
-3.1170750e-02 9.2061228e-01 0.0000000e+00 
-3.0666351e-01 4.1082564e-01 0.0000000e+00 
-7.6599233e-02 8.4615439e-01 0.0000000e+00 
-3.3563948e-01 3.3074376e-01 0.0000000e+00 
-2.6778239e-01 5.0642848e-01 0.0000000e+00 
-1.3147363e-02 9.5978034e-01 0.0000000e+00 
-2.5523335e-01 5.3264076e-01 0.0000000e+00 
-1.2217555e-01 7.7601820e-01 0.0000000e+00 
-3.5452810e-01 2.5153440e-01 0.0000000e+00 
-1.4193434e-01 7.4231696e-01 0.0000000e+00 
-1.9567880e-01 6.4685214e-01 0.0000000e+00 
-2.8078109e-01 4.8127860e-01 0.0000000e+00 
-3.5366920e-01 2.6582608e-01 0.0000000e+00 
-3.5564145e-01 2.3825803e-01 0.0000000e+00 
-2.4312149e-01 5.5989563e-01 0.0000000e+00 
-1.0393822e-01 8.1083131e-01 0.0000000e+00 
-3.2148349e-01 3.9007124e-01 0.0000000e+00 
-3.5306722e-01 2.8112698e-01 0.0000000e+00 
-1.6312537e-01 7.0971417e-01 0.0000000e+00 
-3.3619058e-01 3.5015902e-01 0.0000000e+00 
-2.9425550e-01 4.5721591e-01 0.0000000e+00 
-3.5700500e-01 2.2600135e-01 0.0000000e+00 
-6.2203731e-02 8.8329989e-01 0.0000000e+00 
-4.0225312e-02 9.2111206e-01 0.0000000e+00 
-2.3144743e-01 5.8817840e-01 0.0000000e+00 
-3.5272318e-01 2.9743049e-01 0.0000000e+00 
-8.7310076e-02 8.4677517e-01 0.0000000e+00 
-3.5861191e-01 2.1476614e-01 0.0000000e+00 
-3.0824536e-01 4.3427092e-01 0.0000000e+00 
-1.8566385e-01 6.7820382e-01 0.0000000e+00 
-2.1395298e-02 9.6022809e-01 0.0000000e+00 
-2.2022405e-01 6.1747831e-01 0.0000000e+00 
-3.5263687e-01 3.1472984e-01 0.0000000e+00 
-3.3697778e-01 3.7054130e-01 0.0000000e+00 
-1.3423644e-01 7.7676004e-01 0.0000000e+00 
-3.2280433e-01 4.1248047e-01 0.0000000e+00 
-1.5451126e-01 7.4311054e-01 0.0000000e+00 
-4.9565814e-02 9.2162257e-01 0.0000000e+00 
-1.1547168e-01 8.1152225e-01 0.0000000e+00 
-7.2371915e-02 8.8387209e-01 0.0000000e+00 
-2.0947573e-01 6.4778906e-01 0.0000000e+00 
-3.5280716e-01 3.3301890e-01 0.0000000e+00 
-2.7020478e-01 5.3381222e-01 0.0000000e+00 
-2.8300458e-01 5.0767714e-01 0.0000000e+00 
-1.7620614e-01 7.1056134e-01 0.0000000e+00 
-2.5785497e-01 5.6100219e-01 0.0000000e+00 
-2.9627141e-01 4.8261839e-01 0.0000000e+00 
-2.9923139e-02 9.6068269e-01 0.0000000e+00 
-9.8307110e-02 8.4741539e-01 0.0000000e+00 
-2.4595158e-01 5.8923030e-01 0.0000000e+00 
-3.1003618e-01 4.5866293e-01 0.0000000e+00 
-3.3799925e-01 3.9188835e-01 0.0000000e+00 
-1.9923724e-01 6.7910796e-01 0.0000000e+00 
-3.5323215e-01 3.5229236e-01 0.0000000e+00 
-3.7194178e-01 2.6894382e-01 0.0000000e+00 
-3.7302631e-01 2.5487736e-01 0.0000000e+00 
-3.7112984e-01 2.8403491e-01 0.0000000e+00 
-2.3450388e-01 6.1848420e-01 0.0000000e+00 
-3.7437928e-01 2.4184100e-01 0.0000000e+00 
-5.9192672e-02 9.2214561e-01 0.0000000e+00 
-3.2434383e-01 4.3584347e-01 0.0000000e+00 
-8.2827285e-02 8.8446116e-01 0.0000000e+00 
-1.4657354e-01 7.7752674e-01 0.0000000e+00 
-3.7059250e-01 3.0014408e-01 0.0000000e+00 
-1.2728584e-01 8.1223637e-01 0.0000000e+00 
-1.6735928e-01 7.4393034e-01 0.0000000e+00 
-3.7599391e-01 2.2983830e-01 0.0000000e+00 
-3.8732540e-02 9.6114582e-01 0.0000000e+00 
-2.2353312e-01 6.4875573e-01 0.0000000e+00 
-3.5390946e-01 3.7254602e-01 0.0000000e+00 
-1.0958819e-01 8.4807664e-01 0.0000000e+00 
-3.7033010e-01 3.1726444e-01 0.0000000e+00 
-1.8955272e-01 7.1143591e-01 0.0000000e+00 
-3.3925322e-01 4.1419932e-01 0.0000000e+00 
-2.8544143e-01 5.3502309e-01 0.0000000e+00 
-2.9849723e-01 5.0896883e-01 0.0000000e+00 
-2.7284980e-01 5.6214494e-01 0.0000000e+00 
-3.1203899e-01 4.8400566e-01 0.0000000e+00 
-6.9105864e-02 9.2268294e-01 0.0000000e+00 
-2.1437354e-02 1.0014765e+00 0.0000000e+00 
-2.6071453e-01 5.9031570e-01 0.0000000e+00 
-3.7034163e-01 3.3538947e-01 0.0000000e+00 
-2.1307151e-01 6.8004066e-01 0.0000000e+00 
-9.3568496e-02 8.8506889e-01 0.0000000e+00 
-4.7824748e-02 9.6161896e-01 0.0000000e+00 
-3.2610258e-01 4.6016252e-01 0.0000000e+00 
-1.5918325e-01 7.7831924e-01 0.0000000e+00 
-1.3937753e-01 8.1297487e-01 0.0000000e+00 
-2.4904107e-01 6.1952144e-01 0.0000000e+00 
-3.5483634e-01 3.9377698e-01 0.0000000e+00 
-1.8047446e-01 7.4477702e-01 0.0000000e+00 
-3.7062496e-01 3.5451326e-01 0.0000000e+00 
-1.2115077e-01 8.4876049e-01 0.0000000e+00 
-3.4073827e-01 4.3747452e-01 0.0000000e+00 
-2.9729383e-02 1.0018911e+00 0.0000000e+00 
-2.3784731e-01 6.4975214e-01 0.0000000e+00 
-2.0316112e-01 7.1233821e-01 0.0000000e+00 
-3.9064413e-01 2.7219883e-01 0.0000000e+00 
-7.9304919e-02 9.2323643e-01 0.0000000e+00 
-3.9196742e-01 2.5836837e-01 0.0000000e+00 
-3.8960770e-01 2.8706974e-01 0.0000000e+00 
-5.7200596e-02 9.6210390e-01 0.0000000e+00 
-3.8886166e-01 3.0297470e-01 0.0000000e+00 
-3.9357108e-01 2.4558339e-01 0.0000000e+00 
-1.0459377e-01 8.8569713e-01 0.0000000e+00 
-3.0094090e-01 5.3627342e-01 0.0000000e+00 
-2.8810328e-01 5.6332380e-01 0.0000000e+00 
-3.1425837e-01 5.1030397e-01 0.0000000e+00 
-3.7117723e-01 3.7463099e-01 0.0000000e+00 
-3.5601005e-01 4.1598350e-01 0.0000000e+00 
-2.2716272e-01 6.8100190e-01 0.0000000e+00 
-3.8840732e-01 3.1990674e-01 0.0000000e+00 
-2.7573320e-01 5.9143460e-01 0.0000000e+00 
-3.2808229e-01 4.8544091e-01 0.0000000e+00 
-1.7206165e-01 7.7913833e-01 0.0000000e+00 
-1.5174325e-01 8.1373882e-01 0.0000000e+00 
-3.8299076e-02 1.0023135e+00 0.0000000e+00 
-1.9385274e-01 7.4565095e-01 0.0000000e+00 
-1.3299190e-01 8.4946835e-01 0.0000000e+00 
-2.6383215e-01 6.2058991e-01 0.0000000e+00 
-3.4245369e-01 4.6171549e-01 0.0000000e+00 
-3.8824412e-01 3.3785886e-01 0.0000000e+00 
-8.9788906e-02 9.2380798e-01 0.0000000e+00 
-6.6860475e-02 9.6260238e-01 0.0000000e+00 
-3.7199506e-01 3.9573890e-01 0.0000000e+00 
-2.1702720e-01 7.1326828e-01 0.0000000e+00 
-2.5241452e-01 6.5077811e-01 0.0000000e+00 
-1.1590089e-01 8.8634741e-01 0.0000000e+00 
-3.5742807e-01 4.3916515e-01 0.0000000e+00 
-3.8837004e-01 3.5682470e-01 0.0000000e+00 
-4.7148034e-02 1.0027453e+00 0.0000000e+00 
-1.6437916e-01 8.1452924e-01 0.0000000e+00 
-3.1670085e-01 5.3756338e-01 0.0000000e+00 
-1.8520463e-01 7.7998441e-01 0.0000000e+00 
-3.0361259e-01 5.6453884e-01 0.0000000e+00 
-2.4150692e-01 6.8199152e-01 0.0000000e+00 
-3.3028609e-01 5.1168281e-01 0.0000000e+00 
-1.4510827e-01 8.5020149e-01 0.0000000e+00 
-2.9100445e-01 5.9258670e-01 0.0000000e+00 
-1.0055645e-01 9.2439932e-01 0.0000000e+00 
-7.6804340e-02 9.6311623e-01 0.0000000e+00 
-4.0977648e-01 2.7559829e-01 0.0000000e+00 
-4.0850163e-01 2.9023764e-01 0.0000000e+00 
-3.7307474e-01 4.1783452e-01 0.0000000e+00 
-2.0748988e-01 7.4655229e-01 0.0000000e+00 
-3.4439984e-01 4.8692471e-01 0.0000000e+00 
-3.8878191e-01 3.7679863e-01 0.0000000e+00 
-4.1135073e-01 2.6201591e-01 0.0000000e+00 
-4.0753186e-01 3.0592766e-01 0.0000000e+00 
-2.7887365e-01 6.2168938e-01 0.0000000e+00 
-1.2748721e-01 8.8702148e-01 0.0000000e+00 
-5.6277454e-02 1.0031880e+00 0.0000000e+00 
-4.0686986e-01 3.2266119e-01 0.0000000e+00 
-3.5908848e-01 4.6332258e-01 0.0000000e+00 
-2.3114680e-01 7.1422607e-01 0.0000000e+00 
-2.6723105e-01 6.5183336e-01 0.0000000e+00 
-4.0651596e-01 3.4043092e-01 0.0000000e+00 
-3.8947579e-01 3.9777619e-01 0.0000000e+00 
-1.7728120e-01 8.1534678e-01 0.0000000e+00 
-8.7031670e-02 9.6364743e-01 0.0000000e+00 
-1.1160568e-01 9.2501235e-01 0.0000000e+00 
-3.7441278e-01 4.4091651e-01 0.0000000e+00 
-1.9860786e-01 7.8085798e-01 0.0000000e+00 
-1.5749620e-01 8.5096115e-01 0.0000000e+00 
-3.8957093e-02 1.0446252e+00 0.0000000e+00 
-2.5610006e-01 6.8300927e-01 0.0000000e+00 
-6.5688118e-02 1.0036434e+00 0.0000000e+00 
-3.3271891e-01 5.3889298e-01 0.0000000e+00 
-3.1937504e-01 5.6578988e-01 0.0000000e+00 
-4.0646848e-01 3.5922983e-01 0.0000000e+00 
-2.2138150e-01 7.4748105e-01 0.0000000e+00 
-3.0652514e-01 5.9377193e-01 0.0000000e+00 
-3.4657842e-01 5.1310563e-01 0.0000000e+00 
-1.3934967e-01 8.8772076e-01 0.0000000e+00 
-2.9416218e-01 6.2281954e-01 0.0000000e+00 
-3.6099023e-01 4.8845762e-01 0.0000000e+00 
-3.9044729e-01 4.1975400e-01 0.0000000e+00 
-2.4551564e-01 7.1521127e-01 0.0000000e+00 
-4.0672424e-01 3.7905166e-01 0.0000000e+00 
-9.7541474e-02 9.6419781e-01 0.0000000e+00 
-4.7570765e-02 1.0450115e+00 0.0000000e+00 
-2.8229314e-01 6.5291756e-01 0.0000000e+00 
-1.2293430e-01 9.2564881e-01 0.0000000e+00 
-4.2781237e-01 2.9354560e-01 0.0000000e+00 
-4.2933890e-01 2.7915040e-01 0.0000000e+00 
-3.7600598e-01 4.6498477e-01 0.0000000e+00 
-4.2660421e-01 3.0900890e-01 0.0000000e+00 
-1.9044501e-01 8.1619203e-01 0.0000000e+00 
-7.5380348e-02 1.0041134e+00 0.0000000e+00 
-1.7015170e-01 8.5174817e-01 0.0000000e+00 
-2.1226688e-01 7.8175908e-01 0.0000000e+00 
-4.2571905e-01 3.2553294e-01 0.0000000e+00 
-1.5148479e-01 8.8844657e-01 0.0000000e+00 
-2.7093813e-01 6.8405467e-01 0.0000000e+00 
-4.0727901e-01 3.9989105e-01 0.0000000e+00 
-2.3552316e-01 7.4843711e-01 0.0000000e+00 
-4.2515844e-01 3.4310997e-01 0.0000000e+00 
-3.9169189e-01 4.4272998e-01 0.0000000e+00 
-5.6461334e-02 1.0454080e+00 0.0000000e+00 
-3.3538789e-01 5.6707704e-01 0.0000000e+00 
-3.4899276e-01 5.4026252e-01 0.0000000e+00 
-3.2229224e-01 5.9499007e-01 0.0000000e+00 
-1.0833228e-01 9.6476936e-01 0.0000000e+00 
-3.6313349e-01 5.1457292e-01 0.0000000e+00 
-8.5354030e-02 1.0046000e+00 0.0000000e+00 
-1.3453953e-01 9.2631030e-01 0.0000000e+00 
-3.0969426e-01 6.2398010e-01 0.0000000e+00 
-4.2492145e-01 3.6173236e-01 0.0000000e+00 
-2.6012948e-01 7.1622348e-01 0.0000000e+00 
-3.7785196e-01 4.9004033e-01 0.0000000e+00 
-2.0386603e-01 8.1706524e-01 0.0000000e+00 
-1.8307047e-01 8.5256332e-01 0.0000000e+00 
-4.0812773e-01 4.2174387e-01 0.0000000e+00 
-2.9759699e-01 6.5403020e-01 0.0000000e+00 
-2.2617707e-01 7.8268760e-01 0.0000000e+00 
-6.5629907e-02 1.0458163e+00 0.0000000e+00 
-1.6388871e-01 8.8920009e-01 0.0000000e+00 
-4.2500520e-01 3.8139313e-01 0.0000000e+00 
-3.9320529e-01 4.6670315e-01 0.0000000e+00 
-1.1940214e-01 9.6536392e-01 0.0000000e+00 
-2.8601709e-01 6.8512726e-01 0.0000000e+00 
-2.4991037e-01 7.4941993e-01 0.0000000e+00 
-9.5608555e-02 1.0051051e+00 0.0000000e+00 
-4.4754073e-01 2.9700151e-01 0.0000000e+00 
-4.4607994e-01 3.1222513e-01 0.0000000e+00 
-1.4641815e-01 9.2699856e-01 0.0000000e+00 
-3.5164839e-01 5.6840020e-01 0.0000000e+00 
-4.4495624e-01 3.2852766e-01 0.0000000e+00 
-3.6552012e-01 5.4167211e-01 0.0000000e+00 
-3.3830261e-01 5.9624088e-01 0.0000000e+00 
-4.0926501e-01 4.4460708e-01 0.0000000e+00 
-4.2540526e-01 4.0208611e-01 0.0000000e+00 
-7.5077161e-02 1.0462384e+00 0.0000000e+00 
-2.7498397e-01 7.1726215e-01 0.0000000e+00 
-3.2546651e-01 6.2517071e-01 0.0000000e+00 
-3.7994948e-01 5.1608515e-01 0.0000000e+00 
-1.9624794e-01 8.5340714e-01 0.0000000e+00 
-2.1753956e-01 8.1796652e-01 0.0000000e+00 
-4.4417292e-01 3.4590083e-01 0.0000000e+00 
-1.7655726e-01 8.8998240e-01 0.0000000e+00 
-2.4033372e-01 7.8364331e-01 0.0000000e+00 
-3.1313893e-01 6.5517074e-01 0.0000000e+00 
-3.9498374e-01 4.9167371e-01 0.0000000e+00 
-1.3074860e-01 9.6598345e-01 0.0000000e+00 
-1.0614283e-01 1.0056309e+00 0.0000000e+00 
-4.4373018e-01 3.6433640e-01 0.0000000e+00 
-4.2611617e-01 4.2380622e-01 0.0000000e+00 
-1.5856653e-01 9.2771482e-01 0.0000000e+00 
-2.6453859e-01 7.5042909e-01 0.0000000e+00 
-3.0133295e-01 6.8622637e-01 0.0000000e+00 
-5.7772525e-02 1.0887709e+00 0.0000000e+00 
-8.4803313e-02 1.0466762e+00 0.0000000e+00 
-4.1068548e-01 4.6847889e-01 0.0000000e+00 
-4.4362566e-01 3.8382652e-01 0.0000000e+00 
-2.0967929e-01 8.5427994e-01 0.0000000e+00 
-3.6815393e-01 5.6975937e-01 0.0000000e+00 
-2.3146074e-01 8.1889564e-01 0.0000000e+00 
-3.5455322e-01 5.9752411e-01 0.0000000e+00 
-2.9007488e-01 7.1832651e-01 0.0000000e+00 
-3.8229871e-01 5.4312205e-01 0.0000000e+00 
-1.1695527e-01 1.0061791e+00 0.0000000e+00 
-1.4236875e-01 9.6662974e-01 0.0000000e+00 
-1.8948588e-01 8.9079410e-01 0.0000000e+00 
-3.4147555e-01 6.2639081e-01 0.0000000e+00 
-4.2713180e-01 4.4654953e-01 0.0000000e+00 
-2.5473207e-01 7.8462559e-01 0.0000000e+00 
-6.6710092e-02 1.0891281e+00 0.0000000e+00 
-3.9702451e-01 5.1764280e-01 0.0000000e+00 
-4.4385511e-01 4.0436420e-01 0.0000000e+00 
-4.6596026e-01 3.1558388e-01 0.0000000e+00 
-9.4808131e-02 1.0471317e+00 0.0000000e+00 
-3.2891527e-01 6.5633869e-01 0.0000000e+00 
-4.6458292e-01 3.3165172e-01 0.0000000e+00 
-1.7098060e-01 9.2846042e-01 0.0000000e+00 
-4.1238415e-01 4.9335861e-01 0.0000000e+00 
-4.6356094e-01 3.4880891e-01 0.0000000e+00 
-2.7940324e-01 7.5146371e-01 0.0000000e+00 
-3.1688172e-01 6.8735123e-01 0.0000000e+00 
-1.2804377e-01 1.0067520e+00 0.0000000e+00 
-4.6289602e-01 3.6704645e-01 0.0000000e+00 
-4.4441277e-01 4.2594340e-01 0.0000000e+00 
-7.5922981e-02 1.0894982e+00 0.0000000e+00 
-1.5425918e-01 9.6730435e-01 0.0000000e+00 
-2.2335957e-01 8.5518157e-01 0.0000000e+00 
-4.2844576e-01 4.7031337e-01 0.0000000e+00 
-2.4562457e-01 8.1985217e-01 0.0000000e+00 
-2.0266974e-01 8.9163584e-01 0.0000000e+00 
-1.0509089e-01 1.0476069e+00 0.0000000e+00 
-3.0539793e-01 7.1941572e-01 0.0000000e+00 
-3.8490182e-01 5.7115465e-01 0.0000000e+00 
-3.7104109e-01 5.9883964e-01 0.0000000e+00 
-4.6258676e-01 3.8635561e-01 0.0000000e+00 
-2.6936737e-01 7.8563380e-01 0.0000000e+00 
-1.8365592e-01 9.2923641e-01 0.0000000e+00 
-3.9932629e-01 5.4461265e-01 0.0000000e+00 
-3.5771796e-01 6.2764007e-01 0.0000000e+00 
-4.1435683e-01 5.1924664e-01 0.0000000e+00 
-3.4492233e-01 6.5753335e-01 0.0000000e+00 
-4.4529194e-01 4.4855928e-01 0.0000000e+00 
-8.5411727e-02 1.0898827e+00 0.0000000e+00 
-1.3940573e-01 1.0073516e+00 0.0000000e+00 
-2.9449984e-01 7.5252295e-01 0.0000000e+00 
-4.6262929e-01 4.0672851e-01 0.0000000e+00 
-1.6641602e-01 9.6800888e-01 0.0000000e+00 
-1.1565033e-01 1.0481043e+00 0.0000000e+00 
-3.3265939e-01 6.8850112e-01 0.0000000e+00 
-4.3005192e-01 4.9509612e-01 0.0000000e+00 
-2.3728362e-01 8.5611194e-01 0.0000000e+00 
-2.1610379e-01 8.9250785e-01 0.0000000e+00 
-4.8460060e-01 3.3491224e-01 0.0000000e+00 
-2.6002607e-01 8.2083553e-01 0.0000000e+00 
-4.8332399e-01 3.5184020e-01 0.0000000e+00 
-1.9658770e-01 9.3004364e-01 0.0000000e+00 
-3.2094890e-01 7.2052890e-01 0.0000000e+00 
-9.5176406e-02 1.0902842e+00 0.0000000e+00 
-4.6301782e-01 4.2815807e-01 0.0000000e+00 
-2.8423476e-01 7.8666693e-01 0.0000000e+00 
-4.4648540e-01 4.7220811e-01 0.0000000e+00 
-4.8242038e-01 3.6986753e-01 0.0000000e+00 
-3.8776317e-01 6.0018724e-01 0.0000000e+00 
-4.0188941e-01 5.7258612e-01 0.0000000e+00 
-1.5103801e-01 1.0079798e+00 0.0000000e+00 
-3.7419048e-01 6.2891811e-01 0.0000000e+00 
-1.2648472e-01 1.0486257e+00 0.0000000e+00 
-4.1660061e-01 5.4614431e-01 0.0000000e+00 
-1.7883499e-01 9.6874470e-01 0.0000000e+00 
-3.6115649e-01 6.5875417e-01 0.0000000e+00 
-4.8188961e-01 3.8898465e-01 0.0000000e+00 
-3.0982390e-01 7.5360572e-01 0.0000000e+00 
-4.3194467e-01 5.2089733e-01 0.0000000e+00 
-2.5144622e-01 8.5707045e-01 0.0000000e+00 
-2.2978276e-01 8.9341009e-01 0.0000000e+00 
-1.0521662e-01 1.0907046e+00 0.0000000e+00 
-4.6374527e-01 4.5063841e-01 0.0000000e+00 
-3.4866217e-01 6.8967521e-01 0.0000000e+00 
-7.7922806e-02 1.1338964e+00 0.0000000e+00 
-2.7466017e-01 8.2184476e-01 0.0000000e+00 
-2.0977081e-01 9.3088251e-01 0.0000000e+00 
-4.8172858e-01 4.0918252e-01 0.0000000e+00 
-4.4798583e-01 4.9688742e-01 0.0000000e+00 
-1.6293699e-01 1.0086383e+00 0.0000000e+00 
-1.3759175e-01 1.0491736e+00 0.0000000e+00 
-3.3672363e-01 7.2166508e-01 0.0000000e+00 
-2.9932958e-01 7.8772390e-01 0.0000000e+00 
-1.9151135e-01 9.6951288e-01 0.0000000e+00 
-4.0471646e-01 6.0156679e-01 0.0000000e+00 
-8.7189451e-02 1.1342236e+00 0.0000000e+00 
-1.1553147e-01 1.0911461e+00 0.0000000e+00 
-4.1911411e-01 5.7405394e-01 0.0000000e+00 
-4.6480364e-01 4.7416484e-01 0.0000000e+00 
-3.9088979e-01 6.3022453e-01 0.0000000e+00 
-4.8193172e-01 4.3045306e-01 0.0000000e+00 
-5.0346380e-01 3.5500130e-01 0.0000000e+00 
-4.3411949e-01 5.4771763e-01 0.0000000e+00 
-3.2537097e-01 7.5471097e-01 0.0000000e+00 
-3.7761414e-01 6.6000044e-01 0.0000000e+00 
-2.4370120e-01 8.9434218e-01 0.0000000e+00 
-2.6584205e-01 8.5805625e-01 0.0000000e+00 
-5.0230485e-01 3.7280524e-01 0.0000000e+00 
-2.2319990e-01 9.3175340e-01 0.0000000e+00 
-2.8952187e-01 8.2287878e-01 0.0000000e+00 
-1.4896862e-01 1.0497501e+00 0.0000000e+00 
-1.7509855e-01 1.0093287e+00 0.0000000e+00 
-4.4978631e-01 5.2259582e-01 0.0000000e+00 
-3.6488611e-01 6.9087267e-01 0.0000000e+00 
-5.0153559e-01 3.9171824e-01 0.0000000e+00 
-9.6728742e-02 1.1345665e+00 0.0000000e+00 
-4.8249167e-01 4.5278931e-01 0.0000000e+00 
-1.2611951e-01 1.0916113e+00 0.0000000e+00 
-2.0444001e-01 9.7031432e-01 0.0000000e+00 
-3.1464711e-01 7.8880352e-01 0.0000000e+00 
-3.5271800e-01 7.2282314e-01 0.0000000e+00 
-4.6618465e-01 4.9873385e-01 0.0000000e+00 
-5.0115395e-01 4.1173008e-01 0.0000000e+00 
-4.2189804e-01 6.0297835e-01 0.0000000e+00 
-2.5785363e-01 8.9530355e-01 0.0000000e+00 
-1.6061194e-01 1.0503572e+00 0.0000000e+00 
-4.0781254e-01 6.3155901e-01 0.0000000e+00 
-2.8046587e-01 8.5906833e-01 0.0000000e+00 
-4.3657330e-01 5.7555836e-01 0.0000000e+00 
-1.8751810e-01 1.0100528e+00 0.0000000e+00 
-3.4113672e-01 7.5583738e-01 0.0000000e+00 
-1.0654056e-01 1.1349273e+00 0.0000000e+00 
-2.3686938e-01 9.3265623e-01 0.0000000e+00 
-3.9429170e-01 6.6127169e-01 0.0000000e+00 
-4.8339990e-01 4.7618544e-01 0.0000000e+00 
-4.5188075e-01 5.4933310e-01 0.0000000e+00 
-1.3697879e-01 1.0921023e+00 0.0000000e+00 
-3.0460623e-01 8.2393622e-01 0.0000000e+00 
-5.0115490e-01 4.3283159e-01 0.0000000e+00 
-3.8132745e-01 6.9209260e-01 0.0000000e+00 
-2.1761553e-01 9.7114962e-01 0.0000000e+00 
-4.6788004e-01 5.2434313e-01 0.0000000e+00 
-5.2255112e-01 3.7586570e-01 0.0000000e+00 
-3.3018270e-01 7.8990424e-01 0.0000000e+00 
-3.6892799e-01 7.2400200e-01 0.0000000e+00 
-1.1662431e-01 1.1353081e+00 0.0000000e+00 
-1.7251782e-01 1.0509970e+00 0.0000000e+00 
-5.0153106e-01 4.5501456e-01 0.0000000e+00 
-5.2152604e-01 3.9456150e-01 0.0000000e+00 
-2.0019060e-01 1.0108117e+00 0.0000000e+00 
-2.7223441e-01 8.9629316e-01 0.0000000e+00 
-4.8464721e-01 5.0063694e-01 0.0000000e+00 
-1.4810678e-01 1.0926218e+00 0.0000000e+00 
-2.5077346e-01 9.3359059e-01 0.0000000e+00 
-2.9531240e-01 8.6010540e-01 0.0000000e+00 
-3.5711691e-01 7.5698364e-01 0.0000000e+00 
-4.3930489e-01 6.0442191e-01 0.0000000e+00 
-4.2495549e-01 6.3292128e-01 0.0000000e+00 
-5.2090639e-01 4.1437548e-01 0.0000000e+00 
-4.5426437e-01 5.7709986e-01 0.0000000e+00 
-3.1990832e-01 8.2501554e-01 0.0000000e+00 
-2.3103218e-01 9.7201908e-01 0.0000000e+00 
-4.1118565e-01 6.6256732e-01 0.0000000e+00 
-1.2697886e-01 1.1357118e+00 0.0000000e+00 
-4.6988222e-01 5.5099148e-01 0.0000000e+00 
-5.0227362e-01 4.7827199e-01 0.0000000e+00 
-3.9798239e-01 6.9333422e-01 0.0000000e+00 
-9.9450991e-02 1.1799788e+00 0.0000000e+00 
-1.8468182e-01 1.0516713e+00 0.0000000e+00 
-5.2068794e-01 4.3529716e-01 0.0000000e+00 
-3.4593195e-01 7.9102468e-01 0.0000000e+00 
-1.5950039e-01 1.0931720e+00 0.0000000e+00 
-2.1311058e-01 1.0116062e+00 0.0000000e+00 
-4.8622417e-01 5.2614039e-01 0.0000000e+00 
-3.8534960e-01 7.2520059e-01 0.0000000e+00 
-2.8683802e-01 8.9730990e-01 0.0000000e+00 
-2.6490635e-01 9.3455565e-01 0.0000000e+00 
-3.1037650e-01 8.6116582e-01 0.0000000e+00 
-1.3760257e-01 1.1361407e+00 0.0000000e+00 
-1.0905524e-01 1.1802751e+00 0.0000000e+00 
-2.4468401e-01 9.7292250e-01 0.0000000e+00 
-5.2086365e-01 4.5731702e-01 0.0000000e+00 
-3.7330732e-01 7.5814849e-01 0.0000000e+00 
-5.0337243e-01 5.0259823e-01 0.0000000e+00 
-3.3542347e-01 8.2611519e-01 0.0000000e+00 
-5.4186261e-01 3.9751998e-01 0.0000000e+00 
-4.4231534e-01 6.3431126e-01 0.0000000e+00 
-4.5693401e-01 6.0589761e-01 0.0000000e+00 
-1.9709900e-01 1.0523818e+00 0.0000000e+00 
-1.7115594e-01 1.0937551e+00 0.0000000e+00 
-4.2829245e-01 6.6388685e-01 0.0000000e+00 
-4.7218472e-01 5.7867873e-01 0.0000000e+00 
-2.2627221e-01 1.0124372e+00 0.0000000e+00 
-4.1484717e-01 6.9459683e-01 0.0000000e+00 
-5.4098719e-01 4.1712332e-01 0.0000000e+00 
-4.8812175e-01 5.5269367e-01 0.0000000e+00 
-3.6189035e-01 7.9216325e-01 0.0000000e+00 
-1.1892804e-01 1.1805902e+00 0.0000000e+00 
-1.4849317e-01 1.1365974e+00 0.0000000e+00 
-5.2142429e-01 4.8042685e-01 0.0000000e+00 
-3.0165902e-01 8.9835215e-01 0.0000000e+00 
-2.7926213e-01 9.3555045e-01 0.0000000e+00 
-4.0197891e-01 7.2641790e-01 0.0000000e+00 
-3.2565308e-01 8.6224788e-01 0.0000000e+00 
-2.5856489e-01 9.7385961e-01 0.0000000e+00 
-5.0481713e-01 5.2798885e-01 0.0000000e+00 
-5.4053164e-01 4.3785354e-01 0.0000000e+00 
-2.0976391e-01 1.0531297e+00 0.0000000e+00 
-1.8306921e-01 1.0943736e+00 0.0000000e+00 
-3.8970387e-01 7.5933045e-01 0.0000000e+00 
-3.5114697e-01 8.2723331e-01 0.0000000e+00 
-1.2906851e-01 1.1809268e+00 0.0000000e+00 
-2.3966934e-01 1.0133048e+00 0.0000000e+00 
-1.5964787e-01 1.1370847e+00 0.0000000e+00 
-4.5988879e-01 6.3572872e-01 0.0000000e+00 
-5.2235931e-01 5.0461972e-01 0.0000000e+00 
-4.7478247e-01 6.0740566e-01 0.0000000e+00 
-5.4048944e-01 4.5969981e-01 0.0000000e+00 
-4.4560850e-01 6.6522992e-01 0.0000000e+00 
-4.9033171e-01 5.8029568e-01 0.0000000e+00 
-4.3191803e-01 6.9587964e-01 0.0000000e+00 
-3.7805369e-01 7.9331833e-01 0.0000000e+00 
-2.9383495e-01 9.3657351e-01 0.0000000e+00 
-3.1669194e-01 8.9941806e-01 0.0000000e+00 
-1.9523537e-01 1.0950294e+00 0.0000000e+00 
-5.0659716e-01 5.5444056e-01 0.0000000e+00 
-2.7266860e-01 9.7482938e-01 0.0000000e+00 
-2.2267067e-01 1.0539162e+00 0.0000000e+00 
-3.4113726e-01 8.6334962e-01 0.0000000e+00 
-4.1881201e-01 7.2765285e-01 0.0000000e+00 
-1.3947529e-01 1.1812878e+00 0.0000000e+00 
-5.6139767e-01 4.1997862e-01 0.0000000e+00 
-5.4085153e-01 4.8265249e-01 0.0000000e+00 
-1.7106326e-01 1.1376052e+00 0.0000000e+00 
-2.5329560e-01 1.0142092e+00 0.0000000e+00 
-5.2365726e-01 5.2988994e-01 0.0000000e+00 
-3.6707437e-01 8.2836807e-01 0.0000000e+00 
-4.0630248e-01 7.6052833e-01 0.0000000e+00 
-5.6068683e-01 4.4050491e-01 0.0000000e+00 
-4.7767246e-01 6.3717377e-01 0.0000000e+00 
-2.0764907e-01 1.0957242e+00 0.0000000e+00 
-1.5014641e-01 1.1816758e+00 0.0000000e+00 
-4.6313027e-01 6.6659617e-01 0.0000000e+00 
-4.9284717e-01 6.0894632e-01 0.0000000e+00 
-3.0861908e-01 9.3762302e-01 0.0000000e+00 
-2.3581296e-01 1.0547422e+00 0.0000000e+00 
-3.3193162e-01 9.0050566e-01 0.0000000e+00 
-3.9441779e-01 7.9448825e-01 0.0000000e+00 
-5.4160684e-01 5.0670326e-01 0.0000000e+00 
-2.8698891e-01 9.7583067e-01 0.0000000e+00 
-4.4919127e-01 6.9718200e-01 0.0000000e+00 
-1.2240504e-01 1.2269884e+00 0.0000000e+00 
-5.0870275e-01 5.8195132e-01 0.0000000e+00 
-1.8273529e-01 1.1381613e+00 0.0000000e+00 
-5.6040889e-01 4.6216628e-01 0.0000000e+00 
-3.5682431e-01 8.6446899e-01 0.0000000e+00 
-4.3584505e-01 7.2890449e-01 0.0000000e+00 
-2.6714441e-01 1.0151496e+00 0.0000000e+00 
-5.2530634e-01 5.5623323e-01 0.0000000e+00 
-3.8320130e-01 8.2951748e-01 0.0000000e+00 
-1.6107933e-01 1.1820939e+00 0.0000000e+00 
-4.2309919e-01 7.6174080e-01 0.0000000e+00 
-2.2030436e-01 1.0964599e+00 0.0000000e+00 
-5.6055504e-01 4.8495162e-01 0.0000000e+00 
-1.3235930e-01 1.2272520e+00 0.0000000e+00 
-5.4274297e-01 5.3184527e-01 0.0000000e+00 
-2.4918416e-01 1.0556080e+00 0.0000000e+00 
-1.9465932e-01 1.1387558e+00 0.0000000e+00 
-3.2360896e-01 9.3869698e-01 0.0000000e+00 
-3.0151969e-01 9.7686183e-01 0.0000000e+00 
-3.4737304e-01 9.0161270e-01 0.0000000e+00 
-4.9566302e-01 6.3864642e-01 0.0000000e+00 
-4.8085412e-01 6.6798544e-01 0.0000000e+00 
-5.8115447e-01 4.4325575e-01 0.0000000e+00 
-4.1097856e-01 7.9567140e-01 0.0000000e+00 
-5.1112509e-01 6.1052012e-01 0.0000000e+00 
-4.6666309e-01 6.9850349e-01 0.0000000e+00 
-3.7270969e-01 8.6560369e-01 0.0000000e+00 
-2.8120917e-01 1.0161251e+00 0.0000000e+00 
-1.7227091e-01 1.1825449e+00 0.0000000e+00 
-5.2729517e-01 5.8364642e-01 0.0000000e+00 
-1.4257616e-01 1.2275386e+00 0.0000000e+00 
-5.6111401e-01 5.0885117e-01 0.0000000e+00 
-4.5307410e-01 7.3017204e-01 0.0000000e+00 
-2.3319483e-01 1.0972376e+00 0.0000000e+00 
-5.8062232e-01 4.6472016e-01 0.0000000e+00 
-2.0683008e-01 1.1393907e+00 0.0000000e+00 
-3.9952359e-01 8.3067971e-01 0.0000000e+00 
-5.4424715e-01 5.5807292e-01 0.0000000e+00 
-2.6277736e-01 1.0565135e+00 0.0000000e+00 
-4.4009009e-01 7.6296663e-01 0.0000000e+00 
-3.3879918e-01 9.3979293e-01 0.0000000e+00 
-3.1625494e-01 9.7792083e-01 0.0000000e+00 
-1.8371731e-01 1.1830319e+00 0.0000000e+00 
-1.5305394e-01 1.2278512e+00 0.0000000e+00 
-3.6301136e-01 9.0273666e-01 0.0000000e+00 
-5.8053464e-01 4.8732725e-01 0.0000000e+00 
-5.6207281e-01 5.3385657e-01 0.0000000e+00 
-2.9548326e-01 1.0171344e+00 0.0000000e+00 
-4.2773196e-01 7.9686624e-01 0.0000000e+00 
-5.1385701e-01 6.4014691e-01 0.0000000e+00 
-4.9877641e-01 6.6939753e-01 0.0000000e+00 
-3.8878906e-01 8.6675155e-01 0.0000000e+00 
-2.4631359e-01 1.0980583e+00 0.0000000e+00 
-2.1924166e-01 1.1400683e+00 0.0000000e+00 
-5.2961314e-01 6.1212754e-01 0.0000000e+00 
-4.8432970e-01 6.9984359e-01 0.0000000e+00 
-2.7658552e-01 1.0574582e+00 0.0000000e+00 
-4.7049531e-01 7.3145467e-01 0.0000000e+00 
-5.4610634e-01 5.8538193e-01 0.0000000e+00 
-1.6379036e-01 1.2281930e+00 0.0000000e+00 
-1.9541407e-01 1.1835577e+00 0.0000000e+00 
-4.1603717e-01 8.3185267e-01 0.0000000e+00 
-5.8088011e-01 5.1106572e-01 0.0000000e+00 
-3.5418460e-01 9.4090843e-01 0.0000000e+00 
-3.3118883e-01 9.7900534e-01 0.0000000e+00 
-4.5727122e-01 7.6420474e-01 0.0000000e+00 
-5.6341743e-01 5.5996096e-01 0.0000000e+00 
-6.0113037e-01 4.6736535e-01 0.0000000e+00 
-3.7884206e-01 9.0387511e-01 0.0000000e+00 
-3.0996019e-01 1.0181756e+00 0.0000000e+00 
-2.5965339e-01 1.0989224e+00 0.0000000e+00 
-2.3188755e-01 1.1407905e+00 0.0000000e+00 
-4.4467410e-01 7.9807132e-01 0.0000000e+00 
-1.7478250e-01 1.2285674e+00 0.0000000e+00 
-4.0505821e-01 8.6791021e-01 0.0000000e+00 
-5.8164519e-01 5.3592569e-01 0.0000000e+00 
-2.9060149e-01 1.0584407e+00 0.0000000e+00 
-2.0735604e-01 1.1841253e+00 0.0000000e+00 
-5.1689339e-01 6.7083251e-01 0.0000000e+00 
-6.0079020e-01 4.8978257e-01 0.0000000e+00 
-5.3225100e-01 6.4167553e-01 0.0000000e+00 
-5.0218719e-01 7.0120203e-01 0.0000000e+00 
-1.4683923e-01 1.2748852e+00 0.0000000e+00 
-5.4830813e-01 6.1376917e-01 0.0000000e+00 
-4.8810473e-01 7.3275179e-01 0.0000000e+00 
-4.3273810e-01 8.3303463e-01 0.0000000e+00 
-3.4631583e-01 9.8011255e-01 0.0000000e+00 
-3.6976042e-01 9.4204050e-01 0.0000000e+00 
-5.6513345e-01 5.8715880e-01 0.0000000e+00 
-2.4476062e-01 1.1415588e+00 0.0000000e+00 
-3.2463366e-01 1.0192463e+00 0.0000000e+00 
-2.7320674e-01 1.0998297e+00 0.0000000e+00 
-1.8602678e-01 1.2289776e+00 0.0000000e+00 
-4.7463864e-01 7.6545417e-01 0.0000000e+00 
-3.9486077e-01 9.0502536e-01 0.0000000e+00 
-6.0090423e-01 5.1334953e-01 0.0000000e+00 
-2.1953739e-01 1.1847372e+00 0.0000000e+00 
-1.5716039e-01 1.2751144e+00 0.0000000e+00 
-5.8281499e-01 5.6189883e-01 0.0000000e+00 
-3.0481827e-01 1.0594598e+00 0.0000000e+00 
-4.2151320e-01 8.6907750e-01 0.0000000e+00 
-4.6180108e-01 7.9928517e-01 0.0000000e+00 
-5.3520125e-01 6.7229044e-01 0.0000000e+00 
-5.5084127e-01 6.4323270e-01 0.0000000e+00 
-1.9751891e-01 1.2294269e+00 0.0000000e+00 
-5.2023160e-01 7.0257860e-01 0.0000000e+00 
-2.5785327e-01 1.1423739e+00 0.0000000e+00 
-6.0145861e-01 5.3805465e-01 0.0000000e+00 
-3.6163074e-01 9.8123968e-01 0.0000000e+00 
-1.6773599e-01 1.2753717e+00 0.0000000e+00 
-2.8696594e-01 1.1007795e+00 0.0000000e+00 
-5.6720686e-01 6.1544579e-01 0.0000000e+00 
-3.8552207e-01 9.4318640e-01 0.0000000e+00 
-6.2132168e-01 4.9232104e-01 0.0000000e+00 
-4.4962251e-01 8.3422369e-01 0.0000000e+00 
-5.0589836e-01 7.3406285e-01 0.0000000e+00 
-3.3949766e-01 1.0203440e+00 0.0000000e+00 
-2.3195155e-01 1.1853958e+00 0.0000000e+00 
-4.1106349e-01 9.0618473e-01 0.0000000e+00 
-5.8437383e-01 5.8897817e-01 0.0000000e+00 
-4.9218839e-01 7.6671404e-01 0.0000000e+00 
-3.1922898e-01 1.0605131e+00 0.0000000e+00 
-2.0925389e-01 1.2299186e+00 0.0000000e+00 
-6.2118566e-01 5.1570529e-01 0.0000000e+00 
-4.3815017e-01 8.7025112e-01 0.0000000e+00 
-1.7856339e-01 1.2756606e+00 0.0000000e+00 
-4.7910899e-01 8.0050659e-01 0.0000000e+00 
-6.0243773e-01 5.6388801e-01 0.0000000e+00 
-2.7115750e-01 1.1432368e+00 0.0000000e+00 
-2.4459119e-01 1.1861036e+00 0.0000000e+00 
-3.0092332e-01 1.1017709e+00 0.0000000e+00 
-3.7712872e-01 9.8238343e-01 0.0000000e+00 
-5.5369598e-01 6.7377162e-01 0.0000000e+00 
-4.0146533e-01 9.4434297e-01 0.0000000e+00 
-3.5454652e-01 1.0214655e+00 0.0000000e+00 
-5.3845888e-01 7.0397323e-01 0.0000000e+00 
-5.6962419e-01 6.4481896e-01 0.0000000e+00 
-4.6668661e-01 8.3541828e-01 0.0000000e+00 
-5.2387208e-01 7.3538750e-01 0.0000000e+00 
-6.2151170e-01 5.4024559e-01 0.0000000e+00 
-5.8630592e-01 6.1715829e-01 0.0000000e+00 
-2.2122599e-01 1.2304561e+00 0.0000000e+00 
-4.2744631e-01 9.0735060e-01 0.0000000e+00 
-1.8963921e-01 1.2759849e+00 0.0000000e+00 
-3.3382699e-01 1.0615982e+00 0.0000000e+00 
-5.0991642e-01 7.6798356e-01 0.0000000e+00 
-2.8466502e-01 1.1441472e+00 0.0000000e+00 
-6.0382468e-01 5.9084129e-01 0.0000000e+00 
-2.5744832e-01 1.1868620e+00 0.0000000e+00 
-4.5496544e-01 8.7142897e-01 0.0000000e+00 
-3.1507140e-01 1.1028018e+00 0.0000000e+00 
-4.9659389e-01 8.0173457e-01 0.0000000e+00 
-3.9280528e-01 9.8354048e-01 0.0000000e+00 
-6.4172387e-01 5.1813596e-01 0.0000000e+00 
-2.0095940e-01 1.2763484e+00 0.0000000e+00 
-3.6977500e-01 1.0226076e+00 0.0000000e+00 
-2.3342864e-01 1.2310426e+00 0.0000000e+00 
-6.2228352e-01 5.6593025e-01 0.0000000e+00 
-4.1758624e-01 9.4550723e-01 0.0000000e+00 
-5.7237357e-01 6.7527628e-01 0.0000000e+00 
-3.4860617e-01 1.0627120e+00 0.0000000e+00 
-4.8392662e-01 8.3661681e-01 0.0000000e+00 
-5.5686474e-01 7.0538598e-01 0.0000000e+00 
-1.7281617e-01 1.3236166e+00 0.0000000e+00 
-5.8859599e-01 6.4643484e-01 0.0000000e+00 
-4.4400561e-01 9.0852040e-01 0.0000000e+00 
-5.4202157e-01 7.3672551e-01 0.0000000e+00 
-2.9836744e-01 1.1451042e+00 0.0000000e+00 
-2.7051440e-01 1.1876723e+00 0.0000000e+00 
-6.0560203e-01 6.1890745e-01 0.0000000e+00 
-5.2781850e-01 7.6926225e-01 0.0000000e+00 
-6.4180303e-01 5.4250085e-01 0.0000000e+00 
-3.2940289e-01 1.1038699e+00 0.0000000e+00 
-2.1251908e-01 1.2767549e+00 0.0000000e+00 
-2.4585438e-01 1.2316808e+00 0.0000000e+00 
-4.7195542e-01 8.7260902e-01 0.0000000e+00 
-6.2348312e-01 5.9274936e-01 0.0000000e+00 
-5.1425177e-01 8.0296803e-01 0.0000000e+00 
-1.8352661e-01 1.3238093e+00 0.0000000e+00 
-4.0865633e-01 9.8470742e-01 0.0000000e+00 
-3.8517824e-01 1.0237665e+00 0.0000000e+00 
-4.3388119e-01 9.4667614e-01 0.0000000e+00 
-3.6356068e-01 1.0638510e+00 0.0000000e+00 
-2.8378037e-01 1.1885351e+00 0.0000000e+00 
-3.1225646e-01 1.1461064e+00 0.0000000e+00 
-6.4235014e-01 5.6802738e-01 0.0000000e+00 
-5.0133878e-01 8.3781797e-01 0.0000000e+00 
-2.2431266e-01 1.2772081e+00 0.0000000e+00 
-4.6073794e-01 9.0969169e-01 0.0000000e+00 
-5.7544482e-01 7.0681697e-01 0.0000000e+00 
-5.9122974e-01 6.7680484e-01 0.0000000e+00 
-2.5849476e-01 1.2323734e+00 0.0000000e+00 
-5.6034255e-01 7.3807669e-01 0.0000000e+00 
-3.4391093e-01 1.1049721e+00 0.0000000e+00 
-6.0775268e-01 6.4808106e-01 0.0000000e+00 
-1.9448061e-01 1.3240365e+00 0.0000000e+00 
-5.4589039e-01 7.7054965e-01 0.0000000e+00 
-6.2509173e-01 6.2069434e-01 0.0000000e+00 
-4.8911649e-01 8.7378955e-01 0.0000000e+00 
-4.0075198e-01 1.0249386e+00 0.0000000e+00 
-4.2467818e-01 9.8588073e-01 0.0000000e+00 
-6.6233128e-01 5.4482287e-01 0.0000000e+00 
-2.9723707e-01 1.1894503e+00 0.0000000e+00 
-5.3207850e-01 8.0420625e-01 0.0000000e+00 
-2.3633365e-01 1.2777121e+00 0.0000000e+00 
-3.2632405e-01 1.1471517e+00 0.0000000e+00 
-3.7868533e-01 1.0650113e+00 0.0000000e+00 
-4.5034683e-01 9.4784665e-01 0.0000000e+00 
-6.4334631e-01 5.9470379e-01 0.0000000e+00 
-2.0567438e-01 1.3243024e+00 0.0000000e+00 
-2.7134061e-01 1.2331222e+00 0.0000000e+00 
-3.5858914e-01 1.1061050e+00 0.0000000e+00 
-5.1891917e-01 8.3902055e-01 0.0000000e+00 
-4.7763997e-01 9.1086203e-01 0.0000000e+00 
-5.9419459e-01 7.0826650e-01 0.0000000e+00 
-6.1026007e-01 6.7835784e-01 0.0000000e+00 
-6.6263551e-01 5.7018125e-01 0.0000000e+00 
-5.7883036e-01 7.3944110e-01 0.0000000e+00 
-2.4857448e-01 1.2782706e+00 0.0000000e+00 
-6.2709022e-01 6.4975834e-01 0.0000000e+00 
-3.1087524e-01 1.1904168e+00 0.0000000e+00 
-2.1710321e-01 1.3246117e+00 0.0000000e+00 
-5.6412756e-01 7.7184552e-01 0.0000000e+00 
-4.1649228e-01 1.0261198e+00 0.0000000e+00 
-5.0644517e-01 8.7496883e-01 0.0000000e+00 
-3.4056258e-01 1.1482373e+00 0.0000000e+00 
-4.4086748e-01 9.8705691e-01 0.0000000e+00 
-2.8438202e-01 1.2339289e+00 0.0000000e+00 
-6.4477134e-01 6.2252003e-01 0.0000000e+00 
-3.9397538e-01 1.0661891e+00 0.0000000e+00 
-4.6698001e-01 9.4901592e-01 0.0000000e+00 
-5.5006993e-01 8.0544871e-01 0.0000000e+00 
-3.7343171e-01 1.1072646e+00 0.0000000e+00 
-6.6341126e-01 5.9670615e-01 0.0000000e+00 
-2.6102635e-01 1.2788869e+00 0.0000000e+00 
-2.2876158e-01 1.3249687e+00 0.0000000e+00 
-4.9470845e-01 9.1202933e-01 0.0000000e+00 
-5.3666389e-01 8.4022355e-01 0.0000000e+00 
-3.2468590e-01 1.1914328e+00 0.0000000e+00 
-6.1310923e-01 7.0973492e-01 0.0000000e+00 
-2.9760870e-01 1.2347938e+00 0.0000000e+00 
-3.5496491e-01 1.1493598e+00 0.0000000e+00 
-6.2946010e-01 6.7993587e-01 0.0000000e+00 
-5.9748018e-01 7.4081898e-01 0.0000000e+00 
-2.0041029e-01 1.3731128e+00 0.0000000e+00 
-4.3239576e-01 1.0273064e+00 0.0000000e+00 
-6.8313742e-01 5.7239389e-01 0.0000000e+00 
-4.5722121e-01 9.8823261e-01 0.0000000e+00 
-4.0942672e-01 1.0673798e+00 0.0000000e+00 
-6.4660448e-01 6.5146756e-01 0.0000000e+00 
-5.2393788e-01 8.7614548e-01 0.0000000e+00 
-5.8252537e-01 7.7314979e-01 0.0000000e+00 
-2.4064317e-01 1.3253779e+00 0.0000000e+00 
-2.7367923e-01 1.2795643e+00 0.0000000e+00 
-4.8377776e-01 9.5018125e-01 0.0000000e+00 
-3.8843355e-01 1.1084468e+00 0.0000000e+00 
-6.6463727e-01 6.2438560e-01 0.0000000e+00 
-5.6822139e-01 8.0669498e-01 0.0000000e+00 
-3.3866051e-01 1.1924958e+00 0.0000000e+00 
-2.1153930e-01 1.3732660e+00 0.0000000e+00 
-3.1101036e-01 1.2357167e+00 0.0000000e+00 
-5.1194018e-01 9.1319162e-01 0.0000000e+00 
-5.5456883e-01 8.4142631e-01 0.0000000e+00 
-6.8367511e-01 5.9875786e-01 0.0000000e+00 
-3.6952463e-01 1.1505153e+00 0.0000000e+00 
-2.5274056e-01 1.3258440e+00 0.0000000e+00 
-4.4845945e-01 1.0284944e+00 0.0000000e+00 
-2.8652209e-01 1.2803049e+00 0.0000000e+00 
-4.2503577e-01 1.0685794e+00 0.0000000e+00 
-6.3218379e-01 7.1122265e-01 0.0000000e+00 
-4.7373664e-01 9.8940456e-01 0.0000000e+00 
-6.1628699e-01 7.4221045e-01 0.0000000e+00 
-6.4882499e-01 6.8153942e-01 0.0000000e+00 
-5.4159081e-01 8.7731826e-01 0.0000000e+00 
-2.2289789e-01 1.3734622e+00 0.0000000e+00 
-6.0107881e-01 7.7446246e-01 0.0000000e+00 
-4.0359014e-01 1.1096470e+00 0.0000000e+00 
-6.6629100e-01 6.5320951e-01 0.0000000e+00 
-5.0073725e-01 9.5134014e-01 0.0000000e+00 
-3.5279110e-01 1.1936024e+00 0.0000000e+00 
-3.2457680e-01 1.2366960e+00 0.0000000e+00 
-5.8652836e-01 8.0794483e-01 0.0000000e+00 
-6.8468577e-01 6.2629223e-01 0.0000000e+00 
-2.6504457e-01 1.3263717e+00 0.0000000e+00 
-3.8423607e-01 1.1516992e+00 0.0000000e+00 
-5.2933192e-01 9.1434723e-01 0.0000000e+00 
-2.9954326e-01 1.2811103e+00 0.0000000e+00 
-5.7262963e-01 8.4262824e-01 0.0000000e+00 
-2.3448062e-01 1.3737068e+00 0.0000000e+00 
-4.6468079e-01 1.0296798e+00 0.0000000e+00 
-4.4079956e-01 1.0697834e+00 0.0000000e+00 
-7.0413476e-01 6.0086054e-01 0.0000000e+00 
-4.9041128e-01 9.9056965e-01 0.0000000e+00 
-4.1889769e-01 1.1108605e+00 0.0000000e+00 
-6.5141308e-01 7.1273023e-01 0.0000000e+00 
-3.3829835e-01 1.2377294e+00 0.0000000e+00 
-6.3524550e-01 7.4361593e-01 0.0000000e+00 
-3.6707053e-01 1.1947486e+00 0.0000000e+00 
-5.5940026e-01 8.7848634e-01 0.0000000e+00 
-6.6834986e-01 6.8316931e-01 0.0000000e+00 
-2.7754417e-01 1.3269652e+00 0.0000000e+00 
-5.1785576e-01 9.5249027e-01 0.0000000e+00 
-6.1978269e-01 7.7578378e-01 0.0000000e+00 
-2.4628107e-01 1.3740052e+00 0.0000000e+00 
-3.1273088e-01 1.2819808e+00 0.0000000e+00 
-6.8614542e-01 6.5498507e-01 0.0000000e+00 
-3.9909428e-01 1.1529067e+00 0.0000000e+00 
-6.0498583e-01 8.0919826e-01 0.0000000e+00 
-5.4688042e-01 9.1549468e-01 0.0000000e+00 
-7.0491302e-01 6.2824112e-01 0.0000000e+00 
-5.9084177e-01 8.4382898e-01 0.0000000e+00 
-4.5671561e-01 1.0709873e+00 0.0000000e+00 
-4.8105752e-01 1.0308590e+00 0.0000000e+00 
-2.9022670e-01 1.3276281e+00 0.0000000e+00 
-3.5216612e-01 1.2388140e+00 0.0000000e+00 
-5.0724280e-01 9.9172497e-01 0.0000000e+00 
-4.3435308e-01 1.1120822e+00 0.0000000e+00 
-3.8149241e-01 1.1959300e+00 0.0000000e+00 
-2.5829235e-01 1.3743628e+00 0.0000000e+00 
-3.2607332e-01 1.2829152e+00 0.0000000e+00 
-5.7736212e-01 8.7964886e-01 0.0000000e+00 
-5.3513050e-01 9.5362973e-01 0.0000000e+00 
-6.7079151e-01 7.1425819e-01 0.0000000e+00 
-6.5434998e-01 7.4503583e-01 0.0000000e+00 
-4.1409519e-01 1.1541328e+00 0.0000000e+00 
-6.8802953e-01 6.8482620e-01 0.0000000e+00 
-6.3863140e-01 7.7711397e-01 0.0000000e+00 
-2.2971351e-01 1.4232796e+00 0.0000000e+00 
-6.2358850e-01 8.1045538e-01 0.0000000e+00 
-7.0616311e-01 6.5679520e-01 0.0000000e+00 
-3.0307850e-01 1.3283633e+00 0.0000000e+00 
-2.7050546e-01 1.3747854e+00 0.0000000e+00 
-5.6458217e-01 9.1663289e-01 0.0000000e+00 
-3.6617199e-01 1.2399453e+00 0.0000000e+00 
-4.7278190e-01 1.0721869e+00 0.0000000e+00 
-4.9758780e-01 1.0320286e+00 0.0000000e+00 
-3.9605141e-01 1.1971414e+00 0.0000000e+00 
-3.3955953e-01 1.2839118e+00 0.0000000e+00 
-6.0920036e-01 8.4502846e-01 0.0000000e+00 
-4.4995382e-01 1.1133076e+00 0.0000000e+00 
-7.2531503e-01 6.3023347e-01 0.0000000e+00 
-5.2422905e-01 9.9286795e-01 0.0000000e+00 
-2.4130054e-01 1.4233892e+00 0.0000000e+00 
-4.2923549e-01 1.1553724e+00 0.0000000e+00 
-5.9547210e-01 8.8080543e-01 0.0000000e+00 
-5.5255866e-01 9.5475680e-01 0.0000000e+00 
-3.1608552e-01 1.3291714e+00 0.0000000e+00 
-2.8290808e-01 1.3752792e+00 0.0000000e+00 
-6.7359471e-01 7.4647057e-01 0.0000000e+00 
-6.9031352e-01 7.1580708e-01 0.0000000e+00 
-6.5761924e-01 7.7845347e-01 0.0000000e+00 
-3.8030902e-01 1.2411189e+00 0.0000000e+00 
-7.0785868e-01 6.8651074e-01 0.0000000e+00 
-3.5317934e-01 1.2849673e+00 0.0000000e+00 
-2.5309899e-01 1.4235542e+00 0.0000000e+00 
-4.1074306e-01 1.1983776e+00 0.0000000e+00 
-6.4233071e-01 8.1171638e-01 0.0000000e+00 
-4.8899680e-01 1.0733782e+00 0.0000000e+00 
-5.8243352e-01 9.1776085e-01 0.0000000e+00 
-5.1426989e-01 1.0331852e+00 0.0000000e+00 
-7.2633928e-01 6.5864074e-01 0.0000000e+00 
-4.6569809e-01 1.1145318e+00 0.0000000e+00 
-6.2770021e-01 8.4622669e-01 0.0000000e+00 
-5.4136783e-01 9.9399620e-01 0.0000000e+00 
-2.9548505e-01 1.3758497e+00 0.0000000e+00 
-3.2923409e-01 1.3300524e+00 0.0000000e+00 
-4.4451272e-01 1.1566200e+00 0.0000000e+00 
-2.6510161e-01 1.4237808e+00 0.0000000e+00 
-5.7013732e-01 9.5586997e-01 0.0000000e+00 
-3.9457130e-01 1.2423296e+00 0.0000000e+00 
-6.1372554e-01 8.8195586e-01 0.0000000e+00 
-3.6692381e-01 1.2860775e+00 0.0000000e+00 
-4.2556393e-01 1.1996329e+00 0.0000000e+00 
-6.9297338e-01 7.4792081e-01 0.0000000e+00 
-7.0997298e-01 7.1737748e-01 0.0000000e+00 
-6.7673981e-01 7.7980268e-01 0.0000000e+00 
-5.0535911e-01 1.0745571e+00 0.0000000e+00 
-3.0821949e-01 1.3765010e+00 0.0000000e+00 
-7.2783184e-01 6.8822360e-01 0.0000000e+00 
-4.8158455e-01 1.1157498e+00 0.0000000e+00 
-5.3110218e-01 1.0343261e+00 0.0000000e+00 
-3.4251139e-01 1.3310041e+00 0.0000000e+00 
-6.6120654e-01 8.1298178e-01 0.0000000e+00 
-6.0043055e-01 9.1887808e-01 0.0000000e+00 
-2.7730149e-01 1.4240755e+00 0.0000000e+00 
-4.5992506e-01 1.1578704e+00 0.0000000e+00 
-5.5865693e-01 9.9510777e-01 0.0000000e+00 
-7.4666905e-01 6.6052264e-01 0.0000000e+00 
-6.4633572e-01 8.4742397e-01 0.0000000e+00 
-4.0895405e-01 1.2435715e+00 0.0000000e+00 
-3.8078523e-01 1.2872375e+00 0.0000000e+00 
-5.8786339e-01 9.5696825e-01 0.0000000e+00 
-3.2109398e-01 1.3772353e+00 0.0000000e+00 
-4.4051141e-01 1.2009016e+00 0.0000000e+00 
-6.3211745e-01 8.8310021e-01 0.0000000e+00 
-3.5590586e-01 1.3320234e+00 0.0000000e+00 
-2.8968567e-01 1.4244469e+00 0.0000000e+00 
-5.2186775e-01 1.0757201e+00 0.0000000e+00 
-4.9761230e-01 1.1169575e+00 0.0000000e+00 
-7.1247953e-01 7.4938697e-01 0.0000000e+00 
-6.9598669e-01 7.8116214e-01 0.0000000e+00 
-7.2976381e-01 7.1896994e-01 0.0000000e+00 
-5.4808325e-01 1.0354483e+00 0.0000000e+00 
-6.1856908e-01 9.1998416e-01 0.0000000e+00 
-4.7547141e-01 1.1591185e+00 0.0000000e+00 
-6.8020952e-01 8.1425190e-01 0.0000000e+00 
-7.4794316e-01 6.8996555e-01 0.0000000e+00 
-3.9475721e-01 1.2884417e+00 0.0000000e+00 
-4.2345369e-01 1.2448390e+00 0.0000000e+00 
-5.7609403e-01 9.9620104e-01 0.0000000e+00 
-2.6084900e-01 1.4739875e+00 0.0000000e+00 
-3.3409187e-01 1.3780527e+00 0.0000000e+00 
-6.6510081e-01 8.4862071e-01 0.0000000e+00 
-3.0223471e-01 1.4249038e+00 0.0000000e+00 
-3.6940747e-01 1.3331057e+00 0.0000000e+00 
-4.5558387e-01 1.2021782e+00 0.0000000e+00 
-6.0573339e-01 9.5805085e-01 0.0000000e+00 
-6.5064245e-01 8.8423860e-01 0.0000000e+00 
-5.3852206e-01 1.0768639e+00 0.0000000e+00 
-5.1378089e-01 1.1181506e+00 0.0000000e+00 
-2.7294746e-01 1.4740503e+00 0.0000000e+00 
-5.6521165e-01 1.0365497e+00 0.0000000e+00 
-3.4719792e-01 1.3789510e+00 0.0000000e+00 
-4.0883484e-01 1.2896842e+00 0.0000000e+00 
-4.9115127e-01 1.1603591e+00 0.0000000e+00 
-7.3210627e-01 7.5086951e-01 0.0000000e+00 
-4.3806770e-01 1.2461258e+00 0.0000000e+00 
-7.1535283e-01 7.8253245e-01 0.0000000e+00 
-3.1492585e-01 1.4254531e+00 0.0000000e+00 
-7.4967945e-01 7.2058499e-01 0.0000000e+00 
-6.3684434e-01 9.2107916e-01 0.0000000e+00 
-6.9933283e-01 8.1552744e-01 0.0000000e+00 
-3.8300794e-01 1.3342456e+00 0.0000000e+00 
-5.9367669e-01 9.9727458e-01 0.0000000e+00 
-7.6818687e-01 6.9173706e-01 0.0000000e+00 
-4.7078043e-01 1.2034569e+00 0.0000000e+00 
-6.8398917e-01 8.4981740e-01 0.0000000e+00 
-2.8523615e-01 1.4741838e+00 0.0000000e+00 
-6.2374359e-01 9.5911729e-01 0.0000000e+00 
-3.6039892e-01 1.3799263e+00 0.0000000e+00 
-3.2773578e-01 1.4260982e+00 0.0000000e+00 
-6.6929460e-01 8.8537157e-01 0.0000000e+00 
-5.3009009e-01 1.1193249e+00 0.0000000e+00 
-4.2301452e-01 1.2909586e+00 0.0000000e+00 
-5.5532128e-01 1.0779855e+00 0.0000000e+00 
-4.5279455e-01 1.2474259e+00 0.0000000e+00 
-5.0696462e-01 1.1615876e+00 0.0000000e+00 
-5.8248580e-01 1.0376283e+00 0.0000000e+00 
-3.9670068e-01 1.3354371e+00 0.0000000e+00 
-2.9770923e-01 1.4743977e+00 0.0000000e+00 
-7.5184649e-01 7.5236899e-01 0.0000000e+00 
-6.5525132e-01 9.2216325e-01 0.0000000e+00 
-7.3483098e-01 7.8391403e-01 0.0000000e+00 
-4.8610091e-01 1.2047321e+00 0.0000000e+00 
-7.6971322e-01 7.2222310e-01 0.0000000e+00 
-6.1140209e-01 9.9832749e-01 0.0000000e+00 
-7.1856916e-01 8.1680900e-01 0.0000000e+00 
-3.7368390e-01 1.3809736e+00 0.0000000e+00 
-3.4064314e-01 1.4268397e+00 0.0000000e+00 
-7.0299369e-01 8.5101473e-01 0.0000000e+00 
-4.3729392e-01 1.2922586e+00 0.0000000e+00 
-6.4188987e-01 9.6016753e-01 0.0000000e+00 
-3.1034052e-01 1.4747075e+00 0.0000000e+00 
-4.1048074e-01 1.3366737e+00 0.0000000e+00 
-5.4654008e-01 1.1204771e+00 0.0000000e+00 
-4.6763372e-01 1.2487333e+00 0.0000000e+00 
-5.7226467e-01 1.0790823e+00 0.0000000e+00 
-6.8806756e-01 8.8649964e-01 0.0000000e+00 
-5.2291197e-01 1.1627994e+00 0.0000000e+00 
-5.9990388e-01 1.0386825e+00 0.0000000e+00 
-3.5362947e-01 1.4276744e+00 0.0000000e+00 
-3.8704425e-01 1.3820864e+00 0.0000000e+00 
-5.0154579e-01 1.2059988e+00 0.0000000e+00 
-6.7378443e-01 9.2323685e-01 0.0000000e+00 
-6.2926722e-01 9.9935925e-01 0.0000000e+00 
-7.7169275e-01 7.5388575e-01 0.0000000e+00 
-7.5441331e-01 7.8530747e-01 0.0000000e+00 
-3.2309428e-01 1.4751261e+00 0.0000000e+00 
-7.3791093e-01 8.1809705e-01 0.0000000e+00 
-7.8985810e-01 7.2388458e-01 0.0000000e+00 
-4.5167190e-01 1.2935778e+00 0.0000000e+00 
-4.2434490e-01 1.3379488e+00 0.0000000e+00 
-4.8258543e-01 1.2500422e+00 0.0000000e+00 
-7.2210699e-01 8.5221338e-01 0.0000000e+00 
-5.6313092e-01 1.1216035e+00 0.0000000e+00 
-6.6016763e-01 9.6120167e-01 0.0000000e+00 
-5.8935165e-01 1.0801519e+00 0.0000000e+00 
-3.6667982e-01 1.4285973e+00 0.0000000e+00 
-5.3899390e-01 1.1639900e+00 0.0000000e+00 
-4.0047356e-01 1.3832582e+00 0.0000000e+00 
-2.9399133e-01 1.5250622e+00 0.0000000e+00 
-7.0695442e-01 8.8762361e-01 0.0000000e+00 
-6.1746401e-01 1.0397111e+00 0.0000000e+00 
-3.3593544e-01 1.4756601e+00 0.0000000e+00 
-5.1711607e-01 1.2072517e+00 0.0000000e+00 
-4.6614832e-01 1.2949098e+00 0.0000000e+00 
-6.9243753e-01 9.2430067e-01 0.0000000e+00 
-4.3829134e-01 1.3392553e+00 0.0000000e+00 
-6.4726847e-01 1.0003695e+00 0.0000000e+00 
-7.7409178e-01 7.8671306e-01 0.0000000e+00 
-7.9163724e-01 7.5542015e-01 0.0000000e+00 
-4.9765068e-01 1.2513469e+00 0.0000000e+00 
-3.7978271e-01 1.4296016e+00 0.0000000e+00 
-3.0668867e-01 1.5250616e+00 0.0000000e+00 
-7.5734979e-01 8.1939232e-01 0.0000000e+00 
-4.1396755e-01 1.3844815e+00 0.0000000e+00 
-5.7986289e-01 1.1227015e+00 0.0000000e+00 
-3.4883457e-01 1.4763087e+00 0.0000000e+00 
-7.4132115e-01 8.5341412e-01 0.0000000e+00 
-5.5521148e-01 1.1651558e+00 0.0000000e+00 
-6.0658121e-01 1.0811926e+00 0.0000000e+00 
-6.7857170e-01 9.6222031e-01 0.0000000e+00 
-5.3281313e-01 1.2084862e+00 0.0000000e+00 
-6.3516378e-01 1.0407135e+00 0.0000000e+00 
-7.2594768e-01 8.8874435e-01 0.0000000e+00 
-4.8072410e-01 1.2962486e+00 0.0000000e+00 
-4.5231959e-01 1.3405869e+00 0.0000000e+00 
-3.1955963e-01 1.5251648e+00 0.0000000e+00 
-3.9293000e-01 1.4306794e+00 0.0000000e+00 
-3.6176908e-01 1.4770670e+00 0.0000000e+00 
-6.6540194e-01 1.0013585e+00 0.0000000e+00 
-5.1283109e-01 1.2526420e+00 0.0000000e+00 
-7.1120387e-01 9.2535567e-01 0.0000000e+00 
-4.2752388e-01 1.3857491e+00 0.0000000e+00 
-7.9385793e-01 7.8813130e-01 0.0000000e+00 
-8.1167197e-01 7.5697225e-01 0.0000000e+00 
-7.7687722e-01 8.2069522e-01 0.0000000e+00 
-5.9673619e-01 1.1237686e+00 0.0000000e+00 
-5.7156587e-01 1.1662930e+00 0.0000000e+00 
-6.2395227e-01 1.0822030e+00 0.0000000e+00 
-3.3253279e-01 1.5254025e+00 0.0000000e+00 
-7.6062757e-01 8.5461766e-01 0.0000000e+00 
-6.9709635e-01 9.6322405e-01 0.0000000e+00 
-5.4863876e-01 1.2096980e+00 0.0000000e+00 
-4.6643043e-01 1.3419368e+00 0.0000000e+00 
-4.0611655e-01 1.4318227e+00 0.0000000e+00 
-4.9540085e-01 1.2975882e+00 0.0000000e+00 
-6.5300053e-01 1.0416892e+00 0.0000000e+00 
-3.7472302e-01 1.4779264e+00 0.0000000e+00 
-7.4503928e-01 8.8986278e-01 0.0000000e+00 
-4.4114190e-01 1.3870537e+00 0.0000000e+00 
-5.2812868e-01 1.2539226e+00 0.0000000e+00 
-6.8366307e-01 1.0023266e+00 0.0000000e+00 
-3.4554225e-01 1.5257882e+00 0.0000000e+00 
-7.3007607e-01 9.2640269e-01 0.0000000e+00 
-6.1375082e-01 1.1248025e+00 0.0000000e+00 
-5.8805817e-01 1.1673988e+00 0.0000000e+00 
-4.1933969e-01 1.4330231e+00 0.0000000e+00 
-8.1370288e-01 7.8956223e-01 0.0000000e+00 
-3.8768604e-01 1.4788769e+00 0.0000000e+00 
-7.9648411e-01 8.2200629e-01 0.0000000e+00 
-4.8062551e-01 1.3432989e+00 0.0000000e+00 
-6.4146346e-01 1.0831822e+00 0.0000000e+00 
-5.1018089e-01 1.2989233e+00 0.0000000e+00 
-5.6459486e-01 1.2108828e+00 0.0000000e+00 
-7.1573526e-01 9.6421397e-01 0.0000000e+00 
-7.8001726e-01 8.5582471e-01 0.0000000e+00 
-4.5482233e-01 1.3883885e+00 0.0000000e+00 
-6.7097098e-01 1.0426381e+00 0.0000000e+00 
-3.5854372e-01 1.5263181e+00 0.0000000e+00 
-5.4354602e-01 1.2551837e+00 0.0000000e+00 
-7.6422054e-01 8.9097983e-01 0.0000000e+00 
-4.3259907e-01 1.4342725e+00 0.0000000e+00 
-4.0065256e-01 1.4799083e+00 0.0000000e+00 
-7.0204675e-01 1.0032746e+00 0.0000000e+00 
-7.4904621e-01 9.2744303e-01 0.0000000e+00 
-4.9490741e-01 1.3446672e+00 0.0000000e+00 
-6.0468954e-01 1.1684701e+00 0.0000000e+00 
-6.3090664e-01 1.1258017e+00 0.0000000e+00 
-3.2946438e-01 1.5761935e+00 0.0000000e+00 
-5.2506709e-01 1.3002483e+00 0.0000000e+00 
-4.6856725e-01 1.3897468e+00 0.0000000e+00 
-3.7151128e-01 1.5269797e+00 0.0000000e+00 
-5.8068353e-01 1.2120371e+00 0.0000000e+00 
-6.5911281e-01 1.0841295e+00 0.0000000e+00 
-8.3361757e-01 7.9100591e-01 0.0000000e+00 
-8.1616092e-01 8.2332581e-01 0.0000000e+00 
-7.3448133e-01 9.6519119e-01 0.0000000e+00 
-7.9948068e-01 8.5703593e-01 0.0000000e+00 
-5.5908585e-01 1.2564210e+00 0.0000000e+00 
-6.8907142e-01 1.0435607e+00 0.0000000e+00 
-4.1362059e-01 1.4810104e+00 0.0000000e+00 
-4.4589603e-01 1.4355634e+00 0.0000000e+00 
-7.8348213e-01 8.9209646e-01 0.0000000e+00 
-3.4290910e-01 1.5761529e+00 0.0000000e+00 
-3.8443199e-01 1.5277575e+00 0.0000000e+00 
-5.0927937e-01 1.3460361e+00 0.0000000e+00 
-7.2054708e-01 1.0042034e+00 0.0000000e+00 
-4.8237962e-01 1.3911223e+00 0.0000000e+00 
-5.4006273e-01 1.3015584e+00 0.0000000e+00 
-6.2146091e-01 1.1695049e+00 0.0000000e+00 
-7.6810551e-01 9.2847782e-01 0.0000000e+00 
-6.4820307e-01 1.1267648e+00 0.0000000e+00 
-5.9690690e-01 1.2131575e+00 0.0000000e+00 
-6.7689806e-01 1.0850446e+00 0.0000000e+00 
-4.2659119e-01 1.4821734e+00 0.0000000e+00 
-4.5923349e-01 1.4368888e+00 0.0000000e+00 
-3.5629806e-01 1.5763153e+00 0.0000000e+00 
-8.3589780e-01 8.2465386e-01 0.0000000e+00 
-5.7475108e-01 1.2576303e+00 0.0000000e+00 
-7.5332683e-01 9.6615714e-01 0.0000000e+00 
-3.9730161e-01 1.5286357e+00 0.0000000e+00 
-8.1900769e-01 8.5825181e-01 0.0000000e+00 
-7.0729738e-01 1.0444579e+00 0.0000000e+00 
-5.2374518e-01 1.3474004e+00 0.0000000e+00 
-4.9626330e-01 1.3925093e+00 0.0000000e+00 
-8.0281419e-01 8.9321357e-01 0.0000000e+00 
-5.5517143e-01 1.3028491e+00 0.0000000e+00 
-7.3915750e-01 1.0051148e+00 0.0000000e+00 
-4.3956751e-01 1.4833889e+00 0.0000000e+00 
-3.6954892e-01 1.5766752e+00 0.0000000e+00 
-6.3837320e-01 1.1705009e+00 0.0000000e+00 
-6.6563934e-01 1.1276911e+00 0.0000000e+00 
-6.1326706e-01 1.2142410e+00 0.0000000e+00 
-4.7261539e-01 1.4382422e+00 0.0000000e+00 
-7.8724468e-01 9.2950827e-01 0.0000000e+00 
-4.1012168e-01 1.5295999e+00 0.0000000e+00 
-6.9481635e-01 1.0859280e+00 0.0000000e+00 
-5.9054488e-01 1.2588080e+00 0.0000000e+00 
-8.5568440e-01 8.2599056e-01 0.0000000e+00 
-7.7226323e-01 9.6711320e-01 0.0000000e+00 
-5.3830904e-01 1.3487555e+00 0.0000000e+00 
-5.1022273e-01 1.3939027e+00 0.0000000e+00 
-7.2564381e-01 1.0453305e+00 0.0000000e+00 
-8.3858782e-01 8.5947275e-01 0.0000000e+00 
-3.8264582e-01 1.5771993e+00 0.0000000e+00 
-4.5255437e-01 1.4846489e+00 0.0000000e+00 
-5.7039690e-01 1.3041161e+00 0.0000000e+00 
-8.2220620e-01 8.9433199e-01 0.0000000e+00 
-4.8604667e-01 1.4396175e+00 0.0000000e+00 
-4.2289743e-01 1.5306376e+00 0.0000000e+00 
-6.5542686e-01 1.1714567e+00 0.0000000e+00 
-7.5787079e-01 1.0060098e+00 0.0000000e+00 
-6.2976599e-01 1.2152852e+00 0.0000000e+00 
-6.8321407e-01 1.1285802e+00 0.0000000e+00 
-8.0645359e-01 9.3053567e-01 0.0000000e+00 
-6.0647017e-01 1.2599506e+00 0.0000000e+00 
-7.1286416e-01 1.0867803e+00 0.0000000e+00 
-3.9559606e-01 1.5778553e+00 0.0000000e+00 
-5.2426279e-01 1.3952973e+00 0.0000000e+00 
-5.5297536e-01 1.3500965e+00 0.0000000e+00 
-4.6555781e-01 1.4859469e+00 0.0000000e+00 
-4.3563649e-01 1.5317383e+00 0.0000000e+00 
-7.9128122e-01 9.6806091e-01 0.0000000e+00 
-7.4410486e-01 1.0461801e+00 0.0000000e+00 
-4.9953282e-01 1.4410098e+00 0.0000000e+00 
-5.8574319e-01 1.3053555e+00 0.0000000e+00 
-8.5820997e-01 8.6069888e-01 0.0000000e+00 
-3.6774516e-01 1.6270854e+00 0.0000000e+00 
-8.4164715e-01 8.9545226e-01 0.0000000e+00 
-4.0841514e-01 1.5786183e+00 0.0000000e+00 
-6.7262203e-01 1.1723713e+00 0.0000000e+00 
-6.4640546e-01 1.2162876e+00 0.0000000e+00 
-7.0092541e-01 1.1294321e+00 0.0000000e+00 
-7.7667874e-01 1.0068904e+00 0.0000000e+00 
-4.7858468e-01 1.4872768e+00 0.0000000e+00 
-5.3838873e-01 1.3966887e+00 0.0000000e+00 
-6.2252998e-01 1.2610552e+00 0.0000000e+00 
-8.2572144e-01 9.3156111e-01 0.0000000e+00 
-5.6774879e-01 1.3514194e+00 0.0000000e+00 
-4.4834799e-01 1.5328934e+00 0.0000000e+00 
-7.3103720e-01 1.0876025e+00 0.0000000e+00 
-5.1307982e-01 1.4424139e+00 0.0000000e+00 
-3.8147414e-01 1.6270784e+00 0.0000000e+00 
-6.0121411e-01 1.3065636e+00 0.0000000e+00 
-4.2112130e-01 1.5794697e+00 0.0000000e+00 
-8.1037080e-01 9.6900195e-01 0.0000000e+00 
-7.6267380e-01 1.0470084e+00 0.0000000e+00 
-8.7786269e-01 8.6193019e-01 0.0000000e+00 
-4.9164230e-01 1.4886334e+00 0.0000000e+00 
-6.8995845e-01 1.1732439e+00 0.0000000e+00 
-4.6104181e-01 1.5340958e+00 0.0000000e+00 
-6.6318697e-01 1.2172468e+00 0.0000000e+00 
-8.6112529e-01 8.9657497e-01 0.0000000e+00 
-5.5260605e-01 1.3980728e+00 0.0000000e+00 
-7.1877086e-01 1.1302474e+00 0.0000000e+00 
-7.9557246e-01 1.0077585e+00 0.0000000e+00 
-5.8263409e-01 1.3527205e+00 0.0000000e+00 
-6.3872725e-01 1.2621191e+00 0.0000000e+00 
-3.9478877e-01 1.6273457e+00 0.0000000e+00 
-5.2669400e-01 1.4438257e+00 0.0000000e+00 
-4.3373308e-01 1.5803962e+00 0.0000000e+00 
-8.4503686e-01 9.3258566e-01 0.0000000e+00 
-7.4933058e-01 1.0883960e+00 0.0000000e+00 
-6.1681360e-01 1.3077371e+00 0.0000000e+00 
-5.0473833e-01 1.4900125e+00 0.0000000e+00 
-4.7372830e-01 1.5353398e+00 0.0000000e+00 
-8.2952112e-01 9.6993780e-01 0.0000000e+00 
-7.8134310e-01 1.0478173e+00 0.0000000e+00 
-4.0781051e-01 1.6277742e+00 0.0000000e+00 
-5.6692016e-01 1.3994458e+00 0.0000000e+00 
-6.8011159e-01 1.2181610e+00 0.0000000e+00 
-7.0743531e-01 1.1740744e+00 0.0000000e+00 
-4.4626862e-01 1.5813884e+00 0.0000000e+00 
-5.9763610e-01 1.3539959e+00 0.0000000e+00 
-5.4038173e-01 1.4452416e+00 0.0000000e+00 
-8.8062847e-01 8.9770037e-01 0.0000000e+00 
-6.5506458e-01 1.2631395e+00 0.0000000e+00 
-7.3674726e-01 1.1310267e+00 0.0000000e+00 
-8.1454200e-01 1.0086160e+00 0.0000000e+00 
-7.6773846e-01 1.0891627e+00 0.0000000e+00 
-8.6438769e-01 9.3361008e-01 0.0000000e+00 
-4.8641774e-01 1.5366209e+00 0.0000000e+00 
-6.3254547e-01 1.3088729e+00 0.0000000e+00 
-5.1788062e-01 1.4914101e+00 0.0000000e+00 
-4.2061126e-01 1.6283197e+00 0.0000000e+00 
-4.5874497e-01 1.5824394e+00 0.0000000e+00 
-5.8133668e-01 1.4008039e+00 0.0000000e+00 
-8.0010432e-01 1.0486090e+00 0.0000000e+00 
-8.4872049e-01 9.7086996e-01 0.0000000e+00 
-5.5414945e-01 1.4466577e+00 0.0000000e+00 
-6.1275935e-01 1.3552424e+00 0.0000000e+00 
-6.9718021e-01 1.2190294e+00 0.0000000e+00 
-7.2505116e-01 1.1748629e+00 0.0000000e+00 
-6.7154443e-01 1.2641147e+00 0.0000000e+00 
-7.5485063e-01 1.1317717e+00 0.0000000e+00 
-4.9912035e-01 1.5379351e+00 0.0000000e+00 
-9.0014410e-01 8.9882833e-01 0.0000000e+00 
-4.3324000e-01 1.6289628e+00 0.0000000e+00 
-5.3107685e-01 1.4928231e+00 0.0000000e+00 
-8.3357668e-01 1.0094649e+00 0.0000000e+00 
-6.4841336e-01 1.3099684e+00 0.0000000e+00 
-4.7117817e-01 1.5835444e+00 0.0000000e+00 
-7.8625411e-01 1.0899045e+00 0.0000000e+00 
-8.8376117e-01 9.3463522e-01 0.0000000e+00 
-5.9586102e-01 1.4021441e+00 0.0000000e+00 
-5.6800359e-01 1.4480709e+00 0.0000000e+00 
-8.1894815e-01 1.0493857e+00 0.0000000e+00 
-6.2800854e-01 1.3564568e+00 0.0000000e+00 
-8.6795658e-01 9.7179979e-01 0.0000000e+00 
-4.4573340e-01 1.6296937e+00 0.0000000e+00 
-5.1184607e-01 1.5392796e+00 0.0000000e+00 
-7.1439302e-01 1.2198514e+00 0.0000000e+00 
-7.4280411e-01 1.1756099e+00 0.0000000e+00 
-5.4433471e-01 1.4942484e+00 0.0000000e+00 
-6.8816888e-01 1.2650429e+00 0.0000000e+00 
-4.8358306e-01 1.5846997e+00 0.0000000e+00 
-7.7307624e-01 1.1324840e+00 0.0000000e+00 
-6.6442078e-01 1.3110207e+00 0.0000000e+00 
-8.5266489e-01 1.0103071e+00 0.0000000e+00 
-8.0486983e-01 1.0906240e+00 0.0000000e+00 
-6.1049867e-01 1.4034630e+00 0.0000000e+00 
-5.8195049e-01 1.4494783e+00 0.0000000e+00 
-9.0314406e-01 9.3566132e-01 0.0000000e+00 
-4.5812058e-01 1.6305073e+00 0.0000000e+00 
-5.2460444e-01 1.5406516e+00 0.0000000e+00 
-6.4338809e-01 1.3576360e+00 0.0000000e+00 
-4.9597329e-01 1.5859026e+00 0.0000000e+00 
-5.5766165e-01 1.4956832e+00 0.0000000e+00 
-8.3786416e-01 1.0501499e+00 0.0000000e+00 
-8.8721615e-01 9.7272837e-01 0.0000000e+00 
-7.3174983e-01 1.2206267e+00 0.0000000e+00 
-7.6069129e-01 1.1763167e+00 0.0000000e+00 
-7.0493960e-01 1.2659225e+00 0.0000000e+00 
-7.9141837e-01 1.1331656e+00 0.0000000e+00 
-6.8057084e-01 1.3120277e+00 0.0000000e+00 
-4.7042552e-01 1.6313999e+00 0.0000000e+00 
-5.9599626e-01 1.4508770e+00 0.0000000e+00 
-6.2525475e-01 1.4047579e+00 0.0000000e+00 
-8.7179416e-01 1.0111445e+00 0.0000000e+00 
-5.3740460e-01 1.5420489e+00 0.0000000e+00 
-8.2357705e-01 1.0913236e+00 0.0000000e+00 
-5.0836152e-01 1.5871507e+00 0.0000000e+00 
-9.2252243e-01 9.3668860e-01 0.0000000e+00 
-5.7106483e-01 1.4971253e+00 0.0000000e+00 
-6.5890217e-01 1.3587775e+00 0.0000000e+00 
-8.5684109e-01 1.0509043e+00 0.0000000e+00 
-7.4924982e-01 1.2213556e+00 0.0000000e+00 
-4.8266852e-01 1.6323683e+00 0.0000000e+00 
-9.0648550e-01 9.7365677e-01 0.0000000e+00 
-7.2185802e-01 1.2667527e+00 0.0000000e+00 
-7.7870917e-01 1.1769848e+00 0.0000000e+00 
-5.5025518e-01 1.5434697e+00 0.0000000e+00 
-6.1014676e-01 1.4522642e+00 0.0000000e+00 
-6.9686645e-01 1.3129872e+00 0.0000000e+00 
-8.0987042e-01 1.1338190e+00 0.0000000e+00 
-5.2075946e-01 1.5884422e+00 0.0000000e+00 
-6.4013439e-01 1.4060255e+00 0.0000000e+00 
-5.8455122e-01 1.4985723e+00 0.0000000e+00 
-8.9095116e-01 1.0119790e+00 0.0000000e+00 
-8.4236604e-01 1.0920063e+00 0.0000000e+00 
-6.7455494e-01 1.3598784e+00 0.0000000e+00 
-4.9486700e-01 1.6334101e+00 0.0000000e+00 
-5.6316429e-01 1.5449119e+00 0.0000000e+00 
-7.6689142e-01 1.2220386e+00 0.0000000e+00 
-8.7586653e-01 1.0516509e+00 0.0000000e+00 
-7.3892504e-01 1.2675327e+00 0.0000000e+00 
-5.3317767e-01 1.5897756e+00 0.0000000e+00 
-9.2575002e-01 9.7458553e-01 0.0000000e+00 
-7.9685336e-01 1.1776160e+00 0.0000000e+00 
-6.2440783e-01 1.4536376e+00 0.0000000e+00 
-6.5514243e-01 1.4072635e+00 0.0000000e+00 
-7.1331030e-01 1.3138976e+00 0.0000000e+00 
-5.9812742e-01 1.5000221e+00 0.0000000e+00 
-8.2842475e-01 1.1344471e+00 0.0000000e+00 
-5.0703633e-01 1.6345227e+00 0.0000000e+00 
-9.1012174e-01 1.0128119e+00 0.0000000e+00 
-6.9035012e-01 1.3609364e+00 0.0000000e+00 
-8.6122596e-01 1.0926750e+00 0.0000000e+00 
-5.7613987e-01 1.5463740e+00 0.0000000e+00 
-5.4562622e-01 1.5911491e+00 0.0000000e+00 
-6.3878495e-01 1.4549943e+00 0.0000000e+00 
-7.8467256e-01 1.2226771e+00 0.0000000e+00 
-7.5614095e-01 1.2682620e+00 0.0000000e+00 
-8.9492732e-01 1.0523925e+00 0.0000000e+00 
-5.1918989e-01 1.6357034e+00 0.0000000e+00 
-6.7028344e-01 1.4084688e+00 0.0000000e+00 
-6.1179978e-01 1.5014724e+00 0.0000000e+00 
-8.1511849e-01 1.1782129e+00 0.0000000e+00 
-9.4499469e-01 9.7551495e-01 0.0000000e+00 
-7.2990459e-01 1.3147572e+00 0.0000000e+00 
-8.4707260e-01 1.1350528e+00 0.0000000e+00 
-7.0629126e-01 1.3619490e+00 0.0000000e+00 
-5.5811417e-01 1.5925614e+00 0.0000000e+00 
-5.8918899e-01 1.5478542e+00 0.0000000e+00 
-9.2929095e-01 1.0136448e+00 0.0000000e+00 
-8.8014513e-01 1.0933325e+00 0.0000000e+00 
-5.3133988e-01 1.6369501e+00 0.0000000e+00 
-6.5328324e-01 1.4563321e+00 0.0000000e+00 
-6.2557435e-01 1.5029210e+00 0.0000000e+00 
-7.7350551e-01 1.2689409e+00 0.0000000e+00 
-6.8556190e-01 1.4096390e+00 0.0000000e+00 
-8.0259013e-01 1.2232724e+00 0.0000000e+00 
-9.1400909e-01 1.0531311e+00 0.0000000e+00 
-8.3349818e-01 1.1787779e+00 0.0000000e+00 
-7.4665117e-01 1.3155646e+00 0.0000000e+00 
-5.7064998e-01 1.5940108e+00 0.0000000e+00 
-6.0231870e-01 1.5493507e+00 0.0000000e+00 
-8.6580414e-01 1.1356397e+00 0.0000000e+00 
-7.2238165e-01 1.3629140e+00 0.0000000e+00 
-5.4349703e-01 1.6382600e+00 0.0000000e+00 
-9.4844306e-01 1.0144783e+00 0.0000000e+00 
-6.6790783e-01 1.4576480e+00 0.0000000e+00 
-8.9911044e-01 1.0939823e+00 0.0000000e+00 
-6.3945681e-01 1.5043659e+00 0.0000000e+00 
-7.0098191e-01 1.4107714e+00 0.0000000e+00 
-7.9101807e-01 1.2695699e+00 0.0000000e+00 
-5.8324152e-01 1.5954958e+00 0.0000000e+00 
-8.2064033e-01 1.2238266e+00 0.0000000e+00 
-7.6355159e-01 1.3163190e+00 0.0000000e+00 
-6.1553544e-01 1.5508620e+00 0.0000000e+00 
-9.3309677e-01 1.0538690e+00 0.0000000e+00 
-8.5198498e-01 1.1793146e+00 0.0000000e+00 
-5.5567127e-01 1.6396308e+00 0.0000000e+00 
-7.3862427e-01 1.3638293e+00 0.0000000e+00 
-8.8460827e-01 1.1362110e+00 0.0000000e+00 
-6.8266338e-01 1.4589398e+00 0.0000000e+00 
-6.5345269e-01 1.5058049e+00 0.0000000e+00 
-9.6756190e-01 1.0153134e+00 0.0000000e+00 
-9.1810793e-01 1.0946270e+00 0.0000000e+00 
-5.9589612e-01 1.5970148e+00 0.0000000e+00 
-7.1654749e-01 1.4118632e+00 0.0000000e+00 
-6.2884533e-01 1.5523862e+00 0.0000000e+00 
-5.6787157e-01 1.6410598e+00 0.0000000e+00 
-8.0867696e-01 1.2701497e+00 0.0000000e+00 
-8.3881825e-01 1.2243423e+00 0.0000000e+00 
-7.8060681e-01 1.3170196e+00 0.0000000e+00 
-8.7057024e-01 1.1798264e+00 0.0000000e+00 
-9.5217431e-01 1.0546076e+00 0.0000000e+00 
-7.5502187e-01 1.3646930e+00 0.0000000e+00 
-9.0347284e-01 1.1367708e+00 0.0000000e+00 
-6.6756707e-01 1.5072355e+00 0.0000000e+00 
-6.9755459e-01 1.4602047e+00 0.0000000e+00 
-6.0862064e-01 1.5985659e+00 0.0000000e+00 
-5.8010620e-01 1.6425446e+00 0.0000000e+00 
-6.4225417e-01 1.5539211e+00 0.0000000e+00 
-7.3226231e-01 1.4129121e+00 0.0000000e+00 
-9.3712252e-01 1.0952698e+00 0.0000000e+00 
-8.2648003e-01 1.2706820e+00 0.0000000e+00 
-8.5711807e-01 1.2248225e+00 0.0000000e+00 
-7.9781741e-01 1.3176662e+00 0.0000000e+00 
-8.8924420e-01 1.1803172e+00 0.0000000e+00 
-9.7122478e-01 1.0553486e+00 0.0000000e+00 
-7.7157682e-01 1.3655034e+00 0.0000000e+00 
-6.2142152e-01 1.6001475e+00 0.0000000e+00 
-6.8180496e-01 1.5086555e+00 0.0000000e+00 
-7.1258569e-01 1.4614398e+00 0.0000000e+00 
-5.9238285e-01 1.6440827e+00 0.0000000e+00 
-9.2238432e-01 1.1373225e+00 0.0000000e+00 
-6.5576744e-01 1.5554651e+00 0.0000000e+00 
-7.4812996e-01 1.4139153e+00 0.0000000e+00 
-9.5613807e-01 1.0959131e+00 0.0000000e+00 
-8.4442419e-01 1.2711685e+00 0.0000000e+00 
-8.1518340e-01 1.3182585e+00 0.0000000e+00 
-8.7553281e-01 1.2252707e+00 0.0000000e+00 
-6.3430476e-01 1.6017576e+00 0.0000000e+00 
-6.0470867e-01 1.6456716e+00 0.0000000e+00 
-6.9617110e-01 1.5100622e+00 0.0000000e+00 
-9.0799576e-01 1.1807910e+00 0.0000000e+00 
-9.9023074e-01 1.0560930e+00 0.0000000e+00 
-7.8829128e-01 1.3662590e+00 0.0000000e+00 
-7.2776085e-01 1.4626427e+00 0.0000000e+00 
-6.6939044e-01 1.5570160e+00 0.0000000e+00 
-9.4132811e-01 1.1378701e+00 0.0000000e+00 
-7.6415372e-01 1.4148704e+00 0.0000000e+00 
-9.7513747e-01 1.0965594e+00 0.0000000e+00 
-6.4727616e-01 1.6033944e+00 0.0000000e+00 
-6.1709034e-01 1.6473088e+00 0.0000000e+00 
-8.6250550e-01 1.2716118e+00 0.0000000e+00 
-8.3270425e-01 1.3187975e+00 0.0000000e+00 
-7.1067005e-01 1.5114532e+00 0.0000000e+00 
-8.9405435e-01 1.2256910e+00 0.0000000e+00 
-7.4308413e-01 1.4638101e+00 0.0000000e+00 
-6.8312806e-01 1.5585715e+00 0.0000000e+00 
-8.0516702e-01 1.3669583e+00 0.0000000e+00 
-9.2681253e-01 1.1812525e+00 0.0000000e+00 
-9.6028835e-01 1.1384170e+00 0.0000000e+00 
-7.8033680e-01 1.4157749e+00 0.0000000e+00 
-6.2953418e-01 1.6489921e+00 0.0000000e+00 
-6.6034108e-01 1.6050558e+00 0.0000000e+00 
-9.9410266e-01 1.0972106e+00 0.0000000e+00 
-7.2530609e-01 1.5128254e+00 0.0000000e+00 
-8.8071889e-01 1.2720150e+00 0.0000000e+00 
-8.5037869e-01 1.3192838e+00 0.0000000e+00 
-6.9698513e-01 1.5601292e+00 0.0000000e+00 
-7.5855929e-01 1.4649394e+00 0.0000000e+00 
-9.1267312e-01 1.2260875e+00 0.0000000e+00 
-8.2220536e-01 1.3676003e+00 0.0000000e+00 
-9.4568068e-01 1.1817061e+00 0.0000000e+00 
-6.4204627e-01 1.6507187e+00 0.0000000e+00 
-6.7350483e-01 1.6067396e+00 0.0000000e+00 
-7.9668212e-01 1.4166263e+00 0.0000000e+00 
-9.7924799e-01 1.1389667e+00 0.0000000e+00 
-7.4008352e-01 1.5141762e+00 0.0000000e+00 
-7.1096629e-01 1.5616868e+00 0.0000000e+00 
-1.0130149e+00 1.0978683e+00 0.0000000e+00 
-7.7419013e-01 1.4660273e+00 0.0000000e+00 
-8.9905828e-01 1.2723818e+00 0.0000000e+00 
-8.6820489e-01 1.3197193e+00 0.0000000e+00 
-9.3137836e-01 1.2264652e+00 0.0000000e+00 
-6.5463215e-01 1.6524866e+00 0.0000000e+00 
-8.3940750e-01 1.3681847e+00 0.0000000e+00 
-6.8677241e-01 1.6084437e+00 0.0000000e+00 
-9.6458513e-01 1.1821562e+00 0.0000000e+00 
-8.1319243e-01 1.4174225e+00 0.0000000e+00 
-9.9818885e-01 1.1395223e+00 0.0000000e+00 
-7.5500637e-01 1.5155026e+00 0.0000000e+00 
-7.2507596e-01 1.5632416e+00 0.0000000e+00 
-7.8998029e-01 1.4670708e+00 0.0000000e+00 
-6.6729748e-01 1.6542932e+00 0.0000000e+00 
-9.1751641e-01 1.2727164e+00 0.0000000e+00 
-8.8618004e-01 1.3201060e+00 0.0000000e+00 
-7.0014864e-01 1.6101660e+00 0.0000000e+00 
-9.5015782e-01 1.2268293e+00 0.0000000e+00 
-8.5677403e-01 1.3687109e+00 0.0000000e+00 
-9.8350942e-01 1.1826077e+00 0.0000000e+00 
-8.2987040e-01 1.4181612e+00 0.0000000e+00 
-1.0170918e+00 1.1400868e+00 0.0000000e+00 
-7.7007878e-01 1.5168012e+00 0.0000000e+00 
-7.3931855e-01 1.5647910e+00 0.0000000e+00 
-6.8004751e-01 1.6561363e+00 0.0000000e+00 
-8.0593330e-01 1.4680669e+00 0.0000000e+00 
-7.1363819e-01 1.6119039e+00 0.0000000e+00 
-9.0430051e-01 1.3204467e+00 0.0000000e+00 
-9.3608457e-01 1.2730237e+00 0.0000000e+00 
-8.7430513e-01 1.3691791e+00 0.0000000e+00 
-9.6899766e-01 1.2271852e+00 0.0000000e+00 
-1.0024357e+00 1.1830648e+00 0.0000000e+00 
-8.4671855e-01 1.4188404e+00 0.0000000e+00 
-7.5369829e-01 1.5663320e+00 0.0000000e+00 
-7.8530461e-01 1.5180690e+00 0.0000000e+00 
-6.9288737e-01 1.6580136e+00 0.0000000e+00 
-1.0359366e+00 1.1406622e+00 0.0000000e+00 
-7.2724563e-01 1.6136551e+00 0.0000000e+00 
-8.2205272e-01 1.4690124e+00 0.0000000e+00 
-9.2256165e-01 1.3207452e+00 0.0000000e+00 
-9.5475262e-01 1.2733092e+00 0.0000000e+00 
-8.9200044e-01 1.3695904e+00 0.0000000e+00 
-9.8788255e-01 1.2275387e+00 0.0000000e+00 
-7.0582205e-01 1.6599227e+00 0.0000000e+00 
-7.6821935e-01 1.5678618e+00 0.0000000e+00 
-1.0213448e+00 1.1835318e+00 0.0000000e+00 
-8.6373907e-01 1.4194584e+00 0.0000000e+00 
-8.0068791e-01 1.5193024e+00 0.0000000e+00 
-7.4097562e-01 1.6154172e+00 0.0000000e+00 
-8.3834213e-01 1.4699038e+00 0.0000000e+00 
-9.4095755e-01 1.3210056e+00 0.0000000e+00 
-9.7350895e-01 1.2735789e+00 0.0000000e+00 
-7.1885651e-01 1.6618617e+00 0.0000000e+00 
-9.0985894e-01 1.3699460e+00 0.0000000e+00 
-1.0067956e+00 1.2278954e+00 0.0000000e+00 
-7.8288597e-01 1.5693771e+00 0.0000000e+00 
-8.1623262e-01 1.5204977e+00 0.0000000e+00 
-8.8093412e-01 1.4200139e+00 0.0000000e+00 
-1.0402163e+00 1.1840123e+00 0.0000000e+00 
-7.5483245e-01 1.6171877e+00 0.0000000e+00 
-8.5480499e-01 1.4707383e+00 0.0000000e+00 
-7.3199570e-01 1.6638279e+00 0.0000000e+00 
-9.5948100e-01 1.3212333e+00 0.0000000e+00 
-9.9234021e-01 1.2738392e+00 0.0000000e+00 
-7.9770237e-01 1.5708747e+00 0.0000000e+00 
-9.2787892e-01 1.3702482e+00 0.0000000e+00 
-1.0257185e+00 1.2282609e+00 0.0000000e+00 
-7.6882064e-01 1.6189638e+00 0.0000000e+00 
-8.3194286e-01 1.5216513e+00 0.0000000e+00 
-8.9830559e-01 1.4205060e+00 0.0000000e+00 
-1.0590289e+00 1.1845098e+00 0.0000000e+00 
-8.7144506e-01 1.4715126e+00 0.0000000e+00 
-7.4524426e-01 1.6658194e+00 0.0000000e+00 
-8.1267273e-01 1.5723512e+00 0.0000000e+00 
-9.7812331e-01 1.3214341e+00 0.0000000e+00 
-7.8294462e-01 1.6207430e+00 0.0000000e+00 
-1.0112312e+00 1.2740972e+00 0.0000000e+00 
-9.4605792e-01 1.3705001e+00 0.0000000e+00 
-8.4782279e-01 1.5227592e+00 0.0000000e+00 
-1.0446309e+00 1.2286408e+00 0.0000000e+00 
-9.1585517e-01 1.4209341e+00 0.0000000e+00 
-7.5860715e-01 1.6678340e+00 0.0000000e+00 
-8.8826591e-01 1.4722236e+00 0.0000000e+00 
-8.2780141e-01 1.5738029e+00 0.0000000e+00 
-7.9720885e-01 1.6225224e+00 0.0000000e+00 
-9.9687409e-01 1.3216152e+00 0.0000000e+00 
-1.0301650e+00 1.2743599e+00 0.0000000e+00 
-8.6387676e-01 1.5238175e+00 0.0000000e+00 
-9.6439219e-01 1.3707058e+00 0.0000000e+00 
-1.0635115e+00 1.2290401e+00 0.0000000e+00 
-9.3358421e-01 1.4212984e+00 0.0000000e+00 
-7.7208912e-01 1.6698695e+00 0.0000000e+00 
-9.0527141e-01 1.4728687e+00 0.0000000e+00 
-8.4309292e-01 1.5752262e+00 0.0000000e+00 
-8.1161785e-01 1.6242989e+00 0.0000000e+00 
-8.8010925e-01 1.5248221e+00 0.0000000e+00 
-1.0157211e+00 1.3217839e+00 0.0000000e+00 
-1.0491227e+00 1.2746347e+00 0.0000000e+00 
-9.8287702e-01 1.3708705e+00 0.0000000e+00 
-7.8569508e-01 1.6719236e+00 0.0000000e+00 
-1.0823375e+00 1.2294637e+00 0.0000000e+00 
-9.5149362e-01 1.4215999e+00 0.0000000e+00 
-9.2246550e-01 1.4734451e+00 0.0000000e+00 
-8.2617635e-01 1.6260699e+00 0.0000000e+00 
-8.5855192e-01 1.5766168e+00 0.0000000e+00 
-7.9942989e-01 1.6739944e+00 0.0000000e+00 
-8.9652508e-01 1.5257686e+00 0.0000000e+00 
-1.0346500e+00 1.3219488e+00 0.0000000e+00 
-1.0680836e+00 1.2749286e+00 0.0000000e+00 
-1.0015060e+00 1.3710004e+00 0.0000000e+00 
-9.6958381e-01 1.4218407e+00 0.0000000e+00 
-9.3985224e-01 1.4739507e+00 0.0000000e+00 
-8.4088910e-01 1.6278321e+00 0.0000000e+00 
-8.7418324e-01 1.5779707e+00 0.0000000e+00 
-8.1329864e-01 1.6760794e+00 0.0000000e+00 
-9.1312957e-01 1.5266527e+00 0.0000000e+00 
-1.0536444e+00 1.3221186e+00 0.0000000e+00 
-1.0870253e+00 1.2752488e+00 0.0000000e+00 
-1.0202711e+00 1.3711030e+00 0.0000000e+00 
-9.8785448e-01 1.4220237e+00 0.0000000e+00 
-8.5576099e-01 1.6295820e+00 0.0000000e+00 
-9.5743579e-01 1.4743838e+00 0.0000000e+00 
-8.8999212e-01 1.5792835e+00 0.0000000e+00 
-8.2730639e-01 1.6781768e+00 0.0000000e+00 
-9.2992818e-01 1.5274700e+00 0.0000000e+00 
-1.0726854e+00 1.3223028e+00 0.0000000e+00 
-1.1059233e+00 1.2756016e+00 0.0000000e+00 
-1.0391622e+00 1.3711873e+00 0.0000000e+00 
-1.0063044e+00 1.4221535e+00 0.0000000e+00 
-8.7079728e-01 1.6313167e+00 0.0000000e+00 
-9.0598404e-01 1.5805503e+00 0.0000000e+00 
-8.4145850e-01 1.6802840e+00 0.0000000e+00 
-9.7522050e-01 1.4747434e+00 0.0000000e+00 
-9.4692701e-01 1.5282161e+00 0.0000000e+00 
-1.0917519e+00 1.3225110e+00 0.0000000e+00 
-1.0581669e+00 1.3712631e+00 0.0000000e+00 
-8.8600338e-01 1.6330322e+00 0.0000000e+00 
-1.0249311e+00 1.4222360e+00 0.0000000e+00 
-8.5576040e-01 1.6823993e+00 0.0000000e+00 
-9.2216522e-01 1.5817664e+00 0.0000000e+00 
-9.9321061e-01 1.4750292e+00 0.0000000e+00 
-9.6413279e-01 1.5288867e+00 0.0000000e+00 
-1.1108205e+00 1.3227525e+00 0.0000000e+00 
-9.0138507e-01 1.6347249e+00 0.0000000e+00 
-1.0772702e+00 1.3713416e+00 0.0000000e+00 
-8.7021786e-01 1.6845201e+00 0.0000000e+00 
-1.0437303e+00 1.4222789e+00 0.0000000e+00 
-9.3854213e-01 1.5829263e+00 0.0000000e+00 
-1.0114104e+00 1.4752424e+00 0.0000000e+00 
-9.8155278e-01 1.5294776e+00 0.0000000e+00 
-9.1694868e-01 1.6363907e+00 0.0000000e+00 
-8.8483685e-01 1.6866444e+00 0.0000000e+00 
-1.1298651e+00 1.3230366e+00 0.0000000e+00 
-1.0964541e+00 1.3714349e+00 0.0000000e+00 
-1.0626960e+00 1.4222919e+00 0.0000000e+00 
-9.5512205e-01 1.5840247e+00 0.0000000e+00 
-1.0298235e+00 1.4753854e+00 0.0000000e+00 
-9.9919510e-01 1.5299850e+00 0.0000000e+00 
-8.9962375e-01 1.6887701e+00 0.0000000e+00 
-9.3270081e-01 1.6380254e+00 0.0000000e+00 
-1.1156977e+00 1.3715556e+00 0.0000000e+00 
-9.7191316e-01 1.5850554e+00 0.0000000e+00 
-1.0818194e+00 1.4222866e+00 0.0000000e+00 
-1.0484536e+00 1.4754627e+00 0.0000000e+00 
-1.0170685e+00 1.5304055e+00 0.0000000e+00 
-9.1458517e-01 1.6908945e+00 0.0000000e+00 
-9.4864887e-01 1.6396242e+00 0.0000000e+00 
-1.1349769e+00 1.3717167e+00 0.0000000e+00 
-9.8892462e-01 1.5860124e+00 0.0000000e+00 
-1.1010885e+00 1.4222769e+00 0.0000000e+00 
-1.0673026e+00 1.4754806e+00 0.0000000e+00 
-9.2972833e-01 1.6930156e+00 0.0000000e+00 
-1.0351828e+00 1.5307367e+00 0.0000000e+00 
-9.6480083e-01 1.6411824e+00 0.0000000e+00 
-1.1542637e+00 1.3719314e+00 0.0000000e+00 
-1.0061667e+00 1.5868890e+00 0.0000000e+00 
-1.1204878e+00 1.4222778e+00 0.0000000e+00 
-1.0863712e+00 1.4754486e+00 0.0000000e+00 
-9.4506097e-01 1.6951307e+00 0.0000000e+00 
-1.0535486e+00 1.5309770e+00 0.0000000e+00 
-9.8116565e-01 1.6426944e+00 0.0000000e+00 
-1.0236511e+00 1.5876783e+00 0.0000000e+00 
-1.1399977e+00 1.4223068e+00 0.0000000e+00 
-1.1056575e+00 1.4753793e+00 0.0000000e+00 
-9.6059138e-01 1.6972376e+00 0.0000000e+00 
-9.9775332e-01 1.6441541e+00 0.0000000e+00 
-1.0721769e+00 1.5311270e+00 0.0000000e+00 
-1.0413913e+00 1.5883734e+00 0.0000000e+00 
-1.1595936e+00 1.4223821e+00 0.0000000e+00 
-9.7632867e-01 1.6993335e+00 0.0000000e+00 
-1.1251559e+00 1.4752889e+00 0.0000000e+00 
-1.0145751e+00 1.6455550e+00 0.0000000e+00 
-1.0910797e+00 1.5311890e+00 0.0000000e+00 
-1.0594026e+00 1.5889668e+00 0.0000000e+00 
-1.1792464e+00 1.4225224e+00 0.0000000e+00 
-9.9228287e-01 1.7014157e+00 0.0000000e+00 
-1.1448563e+00 1.4751970e+00 0.0000000e+00 
-1.0316439e+00 1.6468896e+00 0.0000000e+00 
-1.1102684e+00 1.5311692e+00 0.0000000e+00 
-1.0777029e+00 1.5894517e+00 0.0000000e+00 
-1.0084651e+00 1.7034812e+00 0.0000000e+00 
-1.1647426e+00 1.4751269e+00 0.0000000e+00 
-1.0489744e+00 1.6481495e+00 0.0000000e+00 
-1.1297535e+00 1.5310775e+00 0.0000000e+00 
-1.0963125e+00 1.5898212e+00 0.0000000e+00 
-1.0248873e+00 1.7055265e+00 0.0000000e+00 
-1.1847931e+00 1.4751039e+00 0.0000000e+00 
-1.0665838e+00 1.6493254e+00 0.0000000e+00 
-1.1495433e+00 1.5309303e+00 0.0000000e+00 
-1.1152550e+00 1.5900700e+00 0.0000000e+00 
-1.0415637e+00 1.7075481e+00 0.0000000e+00 
-1.2049764e+00 1.4751577e+00 0.0000000e+00 
-1.0844921e+00 1.6504065e+00 0.0000000e+00 
-1.1696404e+00 1.5307509e+00 0.0000000e+00 
-1.1345572e+00 1.5901943e+00 0.0000000e+00 
-1.0585098e+00 1.7095418e+00 0.0000000e+00 
-1.1027230e+00 1.6513807e+00 0.0000000e+00 
-1.1900390e+00 1.5305712e+00 0.0000000e+00 
-1.1542495e+00 1.5901946e+00 0.0000000e+00 
-1.0757433e+00 1.7115026e+00 0.0000000e+00 
-1.1213048e+00 1.6522340e+00 0.0000000e+00 
-1.2107210e+00 1.5304312e+00 0.0000000e+00 
-1.0932850e+00 1.7134242e+00 0.0000000e+00 
-1.1743649e+00 1.5900764e+00 0.0000000e+00 
-1.1402717e+00 1.6529508e+00 0.0000000e+00 
-1.2316628e+00 1.5303686e+00 0.0000000e+00 
-1.1111584e+00 1.7152992e+00 0.0000000e+00 
-1.1949376e+00 1.5898558e+00 0.0000000e+00 
-1.1596651e+00 1.6535133e+00 0.0000000e+00 
-1.1293914e+00 1.7171181e+00 0.0000000e+00 
-1.2159978e+00 1.5895648e+00 0.0000000e+00 
-1.1795365e+00 1.6539023e+00 0.0000000e+00 
-1.1480170e+00 1.7188681e+00 0.0000000e+00 
-1.2375586e+00 1.5892615e+00 0.0000000e+00 
-1.1999494e+00 1.6540974e+00 0.0000000e+00 
-1.1670743e+00 1.7205323e+00 0.0000000e+00 
-1.2595819e+00 1.5890453e+00 0.0000000e+00 
-1.2209846e+00 1.6540793e+00 0.0000000e+00 
-1.1866108e+00 1.7220870e+00 0.0000000e+00 
-1.2427454e+00 1.6538346e+00 0.0000000e+00 
-1.2066846e+00 1.7234997e+00 0.0000000e+00 
-1.2653635e+00 1.6533689e+00 0.0000000e+00 
-1.2273681e+00 1.7247232e+00 0.0000000e+00 
-1.2889973e+00 1.6527444e+00 0.0000000e+00 
-1.2487552e+00 1.7256889e+00 0.0000000e+00 
-1.2709744e+00 1.7262943e+00 0.0000000e+00 
-1.2942213e+00 1.7263796e+00 0.0000000e+00 
-1.3188586e+00 1.7256815e+00 0.0000000e+00 
REACTION 3 4225  float
-2.1914090e+06 -1.7131621e+06 0.0000000e+00 
-4.6003835e+06 -4.1125208e+06 0.0000000e+00 
2.3525208e-06 -8.6007640e-07 0.0000000e+00 
-4.8452535e+06 -4.2467030e+06 0.0000000e+00 
-1.0086223e-06 1.3925601e-06 0.0000000e+00 
1.6200356e-06 7.6228753e-07 0.0000000e+00 
-4.9481795e+06 -4.3654635e+06 0.0000000e+00 
1.9045547e-07 6.2421896e-07 0.0000000e+00 
-5.4808334e-07 -2.0074658e-06 0.0000000e+00 
-5.0344545e+06 -4.4690455e+06 0.0000000e+00 
2.6263297e-07 2.7474016e-07 0.0000000e+00 
2.0824373e-06 7.3574483e-08 0.0000000e+00 
-1.0151416e-07 1.8947758e-06 0.0000000e+00 
-5.1253620e+06 -4.5616325e+06 0.0000000e+00 
-2.0489097e-08 -6.5937638e-07 0.0000000e+00 
-7.5111166e-07 7.0687383e-07 0.0000000e+00 
7.7951699e-07 -3.0174851e-07 0.0000000e+00 
3.5758130e-06 -1.1511147e-06 0.0000000e+00 
-3.7252903e-07 1.8887222e-06 0.0000000e+00 
-5.2287840e+06 -4.6436860e+06 0.0000000e+00 
-3.1664968e-08 1.2575183e-06 0.0000000e+00 
1.7834827e-06 -2.4656765e-06 0.0000000e+00 
-4.1490421e-07 -1.4035031e-06 0.0000000e+00 
1.4603138e-06 -3.6126003e-06 0.0000000e+00 
-5.3466385e+06 -4.7143800e+06 0.0000000e+00 
1.8663704e-06 -3.5394914e-06 0.0000000e+00 
-1.7634593e-06 6.1048195e-06 0.0000000e+00 
-6.0675666e-07 2.3758039e-06 0.0000000e+00 
-4.4223852e-06 4.3069012e-06 0.0000000e+00 
-4.5360066e-06 7.4449927e-06 0.0000000e+00 
-5.4781165e+06 -4.7724765e+06 0.0000000e+00 
-1.9129366e-06 2.5699846e-06 0.0000000e+00 
3.2726675e-06 -5.6950375e-06 0.0000000e+00 
6.5988861e-06 -7.6931901e-06 0.0000000e+00 
5.2787364e-06 -7.1357936e-06 0.0000000e+00 
9.2945993e-07 -1.9511208e-06 0.0000000e+00 
-5.6913123e-06 5.4542907e-06 0.0000000e+00 
4.8503280e-06 -6.8917871e-08 0.0000000e+00 
-5.6209955e+06 -4.8167545e+06 0.0000000e+00 
1.3173558e-06 -1.9674189e-06 0.0000000e+00 
-1.2149103e-05 1.5149359e-05 0.0000000e+00 
1.2153760e-07 -5.5553392e-07 0.0000000e+00 
1.7373823e-06 -1.9962899e-06 0.0000000e+00 
-1.7452985e-06 -2.3888424e-07 0.0000000e+00 
3.2125972e-06 -4.7693029e-06 0.0000000e+00 
9.9446625e-06 -1.2399163e-05 0.0000000e+00 
-5.7723300e+06 -4.8461945e+06 0.0000000e+00 
-3.6046840e-06 7.8682788e-06 0.0000000e+00 
1.9604340e-06 -8.3912164e-07 0.0000000e+00 
7.7793375e-06 -9.2200935e-08 0.0000000e+00 
2.3688190e-06 -1.6423874e-06 0.0000000e+00 
-8.7637454e-07 2.7702190e-06 0.0000000e+00 
-2.6575290e-06 6.2230974e-06 0.0000000e+00 
-2.8633513e-06 1.1953525e-06 0.0000000e+00 
-5.9288495e+06 -4.8600450e+06 0.0000000e+00 
4.8959628e-06 -4.5998022e-06 0.0000000e+00 
-6.2780455e-06 3.1217933e-06 0.0000000e+00 
-1.7452985e-06 1.2428500e-06 0.0000000e+00 
-6.4265914e-06 8.9709647e-06 0.0000000e+00 
8.7171793e-07 -4.1783787e-06 0.0000000e+00 
3.1390227e-06 -7.0980750e-06 0.0000000e+00 
-4.7991052e-06 6.8023801e-06 0.0000000e+00 
3.4924597e-07 -1.1455268e-07 0.0000000e+00 
1.1418015e-06 4.6682544e-06 0.0000000e+00 
-6.4298511e-06 2.9760413e-06 0.0000000e+00 
2.5099143e-07 -1.1851080e-06 0.0000000e+00 
-6.0871925e+06 -4.8578295e+06 0.0000000e+00 
5.6158751e-06 -1.1433382e-05 0.0000000e+00 
1.6931444e-06 -1.5366822e-07 0.0000000e+00 
-4.5127235e-06 4.5071356e-06 0.0000000e+00 
8.8200904e-06 -9.4813295e-06 0.0000000e+00 
6.1737373e-06 -2.4451874e-06 0.0000000e+00 
7.0324168e-06 -4.9578957e-06 0.0000000e+00 
6.7274086e-06 -3.1897798e-07 0.0000000e+00 
-5.4249540e-07 4.4424087e-07 0.0000000e+00 
-6.2440515e+06 -4.8393315e+06 0.0000000e+00 
5.8952719e-07 3.7150458e-06 0.0000000e+00 
-6.6752546e-06 9.6079893e-06 0.0000000e+00 
-1.4939345e-05 9.0482645e-06 0.0000000e+00 
6.2193722e-06 -9.8333694e-06 0.0000000e+00 
-2.6356429e-06 1.8104911e-06 0.0000000e+00 
2.5052577e-07 1.4617108e-06 0.0000000e+00 
4.2673200e-06 -5.9488229e-06 0.0000000e+00 
-1.6577542e-06 5.9143640e-06 0.0000000e+00 
-4.2994507e-06 3.1185336e-06 0.0000000e+00 
2.6705675e-06 -1.2996607e-06 0.0000000e+00 
5.5395067e-06 -9.2457049e-06 0.0000000e+00 
1.3886020e-06 -4.0070154e-06 0.0000000e+00 
-6.3962585e+06 -4.8045610e+06 0.0000000e+00 
9.4063580e-07 1.1734664e-07 0.0000000e+00 
2.4121255e-07 4.2887405e-07 0.0000000e+00 
-4.7897920e-06 5.2372925e-06 0.0000000e+00 
-8.0941245e-06 8.4615313e-06 0.0000000e+00 
3.5641715e-06 -1.2610108e-06 0.0000000e+00 
4.0736049e-06 2.3334287e-06 0.0000000e+00 
-8.1490725e-07 -4.1727908e-06 0.0000000e+00 
3.6489218e-06 -4.8056245e-06 0.0000000e+00 
1.1561438e-05 -1.2584962e-05 0.0000000e+00 
-1.8239953e-06 3.8682483e-06 0.0000000e+00 
-3.1604432e-06 6.6882931e-06 0.0000000e+00 
-6.5408380e+06 -4.7537255e+06 0.0000000e+00 
1.5697442e-06 2.2817403e-08 0.0000000e+00 
-3.1813979e-06 6.2366016e-06 0.0000000e+00 
5.7229772e-07 -2.9797666e-06 0.0000000e+00 
9.9595636e-06 -1.0878313e-05 0.0000000e+00 
-2.9336661e-07 4.5262277e-07 0.0000000e+00 
-5.3127296e-06 9.2512928e-06 0.0000000e+00 
-5.3299591e-06 2.3930334e-06 0.0000000e+00 
-1.2062490e-05 9.4631687e-06 0.0000000e+00 
7.0985407e-06 -5.1362440e-06 0.0000000e+00 
8.4703788e-07 1.1678785e-06 0.0000000e+00 
-1.9930303e-07 1.3392419e-06 0.0000000e+00 
-6.6750310e+06 -4.6871955e+06 0.0000000e+00 
-8.7232329e-06 5.8822334e-06 0.0000000e+00 
2.9555522e-06 -4.4363551e-06 0.0000000e+00 
4.8270449e-06 -1.9045547e-07 0.0000000e+00 
1.5702099e-06 8.4750354e-07 0.0000000e+00 
3.5143457e-06 3.4519471e-06 0.0000000e+00 
-7.6969154e-06 7.5506978e-06 0.0000000e+00 
-1.0666903e-05 1.1502299e-05 0.0000000e+00 
9.3672425e-06 -1.0510907e-05 0.0000000e+00 
1.9506551e-06 -2.5345944e-06 0.0000000e+00 
2.4568290e-06 2.3585744e-06 0.0000000e+00 
9.2620030e-06 -7.4757263e-06 0.0000000e+00 
1.8435530e-06 -4.9495138e-06 0.0000000e+00 
3.5436824e-07 4.7245994e-06 0.0000000e+00 
2.3008324e-06 -3.0519441e-06 0.0000000e+00 
1.1529773e-05 -6.9877133e-06 0.0000000e+00 
-6.7963090e+06 -4.6054760e+06 0.0000000e+00 
-9.4370916e-06 1.3200101e-05 0.0000000e+00 
5.1446259e-06 -3.9027072e-06 0.0000000e+00 
1.4340971e-05 -1.9224361e-05 0.0000000e+00 
-1.2461096e-06 8.7693334e-06 0.0000000e+00 
-6.1374158e-07 -6.4866617e-07 0.0000000e+00 
3.4635887e-06 -7.8366138e-06 0.0000000e+00 
1.0337681e-05 -1.4584046e-05 0.0000000e+00 
-1.7332379e-05 2.2358727e-05 0.0000000e+00 
-8.9365058e-06 8.3078630e-06 0.0000000e+00 
-7.5520948e-06 9.7872689e-06 0.0000000e+00 
-8.1066974e-06 6.2044710e-06 0.0000000e+00 
-3.1217933e-06 3.5585836e-06 0.0000000e+00 
5.3634867e-06 -7.3839910e-06 0.0000000e+00 
-6.9023725e+06 -4.5091790e+06 0.0000000e+00 
5.0268136e-06 -8.1886537e-06 0.0000000e+00 
-1.2757257e-05 1.8725637e-05 0.0000000e+00 
3.4621917e-06 -1.0634307e-05 0.0000000e+00 
-7.8771263e-06 8.8755041e-07 0.0000000e+00 
-3.1054951e-06 -1.0137912e-05 0.0000000e+00 
-4.2370521e-06 -1.1376105e-06 0.0000000e+00 
-3.0468218e-06 1.3536774e-06 0.0000000e+00 
8.9276582e-06 -1.4638063e-05 0.0000000e+00 
5.0854869e-06 -8.4894709e-06 0.0000000e+00 
1.1550728e-05 -6.3176267e-06 0.0000000e+00 
-4.3492764e-07 -1.1641532e-07 0.0000000e+00 
-5.2992254e-07 -2.7841888e-06 0.0000000e+00 
-2.4307519e-07 -1.5639234e-06 0.0000000e+00 
-6.9911455e+06 -4.3990000e+06 0.0000000e+00 
3.6950223e-06 8.8042580e-06 0.0000000e+00 
1.2907200e-05 -6.1658211e-06 0.0000000e+00 
-4.4349581e-06 5.5311248e-06 0.0000000e+00 
2.0293519e-06 -1.5236437e-06 0.0000000e+00 
-8.6985528e-06 6.3602347e-06 0.0000000e+00 
-5.3313561e-06 3.5110861e-06 0.0000000e+00 
-9.9558383e-07 -1.7844141e-06 0.0000000e+00 
3.7755817e-06 1.6768463e-06 0.0000000e+00 
5.3271651e-06 -3.9448496e-06 0.0000000e+00 
-5.2088872e-06 7.2109979e-06 0.0000000e+00 
1.4901161e-05 -1.0325573e-05 0.0000000e+00 
5.6624413e-06 6.3702464e-07 0.0000000e+00 
-9.1036782e-06 9.4664283e-06 0.0000000e+00 
-2.0428561e-06 6.4526685e-06 0.0000000e+00 
-4.5881607e-06 7.9167075e-06 0.0000000e+00 
-1.9571744e-06 1.0733493e-06 0.0000000e+00 
-2.4568290e-06 8.2794577e-06 0.0000000e+00 
-9.5479190e-06 3.8640574e-06 0.0000000e+00 
-7.0607670e+06 -4.2756980e+06 0.0000000e+00 
1.1714175e-05 -1.8691411e-05 0.0000000e+00 
3.6526471e-06 5.1630195e-06 0.0000000e+00 
-7.0752576e-06 1.0213815e-05 0.0000000e+00 
4.7446229e-06 -1.6461127e-07 0.0000000e+00 
-1.2497418e-05 7.3220581e-06 0.0000000e+00 
-1.3021287e-05 1.1926517e-05 0.0000000e+00 
7.5693242e-06 -1.1178432e-05 0.0000000e+00 
-5.2698888e-06 -2.4191104e-06 0.0000000e+00 
1.2917444e-06 1.7695129e-06 0.0000000e+00 
8.5956417e-06 -5.4757111e-06 0.0000000e+00 
6.1173923e-06 -8.3632767e-06 0.0000000e+00 
1.2530945e-06 1.9816216e-06 0.0000000e+00 
3.3029355e-06 -2.8316863e-06 0.0000000e+00 
4.9453229e-06 -3.9914157e-06 0.0000000e+00 
3.4146942e-06 -7.3430128e-06 0.0000000e+00 
-1.2977980e-05 1.5385449e-05 0.0000000e+00 
-7.1095750e+06 -4.1400805e+06 0.0000000e+00 
1.1916272e-05 -1.7852522e-05 0.0000000e+00 
2.3701228e-05 -1.2876466e-05 0.0000000e+00 
9.6363947e-06 -3.1492673e-06 0.0000000e+00 
9.0994872e-06 -1.3059471e-06 0.0000000e+00 
-5.8854930e-06 1.2153527e-05 0.0000000e+00 
-2.3716129e-05 1.6887672e-05 0.0000000e+00 
-6.9802627e-06 1.0414980e-05 0.0000000e+00 
-4.8326328e-06 -6.1742030e-06 0.0000000e+00 
5.1585957e-06 -1.1430122e-05 0.0000000e+00 
1.0847114e-05 -1.7064856e-05 0.0000000e+00 
-1.0800548e-05 1.4368445e-05 0.0000000e+00 
9.4324350e-06 -8.1826001e-06 0.0000000e+00 
-6.2631443e-06 1.0943040e-05 0.0000000e+00 
5.4496340e-06 -5.7984143e-06 0.0000000e+00 
-6.4400956e-07 -2.3748726e-07 0.0000000e+00 
-5.3760596e-06 1.0859221e-06 0.0000000e+00 
-7.8137964e-07 6.6985376e-06 0.0000000e+00 
1.1370983e-05 -1.3465993e-05 0.0000000e+00 
-7.1360945e+06 -3.9929870e+06 0.0000000e+00 
-1.3480894e-06 -2.3655593e-07 0.0000000e+00 
-2.8656796e-06 1.6975682e-06 0.0000000e+00 
1.0476913e-05 -6.5322965e-06 0.0000000e+00 
-8.5760839e-06 1.1547934e-05 0.0000000e+00 
1.0885298e-05 -7.9879537e-06 0.0000000e+00 
-9.4771385e-06 6.0268212e-06 0.0000000e+00 
-2.0208769e-05 2.2687018e-05 0.0000000e+00 
-2.1329615e-05 1.0291580e-05 0.0000000e+00 
-1.7256010e-05 1.0086223e-06 0.0000000e+00 
-9.4585121e-06 4.5550987e-06 0.0000000e+00 
1.3684388e-05 -1.3368903e-05 0.0000000e+00 
3.8091093e-06 -6.6952780e-06 0.0000000e+00 
-1.6391277e-07 -2.4288893e-06 0.0000000e+00 
-3.8123690e-06 1.3401732e-05 0.0000000e+00 
-1.5837140e-06 2.0698644e-06 0.0000000e+00 
4.1085295e-06 -6.9290400e-06 0.0000000e+00 
7.4845739e-06 -1.7968938e-05 0.0000000e+00 
-4.3511391e-06 1.0040589e-05 0.0000000e+00 
-7.1390195e+06 -3.8352780e+06 0.0000000e+00 
2.1344982e-05 -1.8558232e-05 0.0000000e+00 
6.6822395e-06 2.8223731e-06 0.0000000e+00 
2.0601787e-05 -1.8079765e-05 0.0000000e+00 
1.6911421e-05 -1.6268808e-05 0.0000000e+00 
-5.1581301e-06 1.1675991e-05 0.0000000e+00 
-1.6808510e-05 2.2901688e-05 0.0000000e+00 
3.9739534e-06 -1.1212658e-05 0.0000000e+00 
-8.0317259e-06 2.3832545e-06 0.0000000e+00 
-1.1319295e-05 1.4808727e-05 0.0000000e+00 
-3.4049153e-06 1.2442470e-06 0.0000000e+00 
-4.8493966e-06 8.7912194e-06 0.0000000e+00 
-6.0708262e-06 1.2031756e-05 0.0000000e+00 
8.7996013e-06 -1.6595935e-05 0.0000000e+00 
-5.4137781e-06 1.1105323e-05 0.0000000e+00 
4.2147003e-06 1.0846183e-05 0.0000000e+00 
3.2363459e-07 -2.1141022e-07 0.0000000e+00 
4.6575442e-06 -2.6056077e-06 0.0000000e+00 
-7.1172005e+06 -3.6678255e+06 0.0000000e+00 
-1.8240884e-05 2.2816006e-05 0.0000000e+00 
4.2389147e-06 1.1760276e-06 0.0000000e+00 
-3.6503188e-06 4.6223868e-06 0.0000000e+00 
1.1627562e-06 -2.3054890e-06 0.0000000e+00 
2.4211593e-05 -2.3715198e-05 0.0000000e+00 
1.1342578e-05 -1.3964251e-05 0.0000000e+00 
-2.3562461e-06 -1.0302756e-05 0.0000000e+00 
-1.6903505e-06 -4.0768646e-06 0.0000000e+00 
-6.4466149e-06 1.5632249e-06 0.0000000e+00 
-6.0936436e-06 8.9548994e-06 0.0000000e+00 
-8.0186874e-07 -3.4645200e-07 0.0000000e+00 
-2.9634684e-06 7.1781687e-06 0.0000000e+00 
-2.5653280e-06 5.2019022e-06 0.0000000e+00 
1.3278332e-05 -2.1571759e-05 0.0000000e+00 
1.3643410e-05 -1.5581958e-05 0.0000000e+00 
-1.3341196e-05 1.0919757e-05 0.0000000e+00 
1.2575183e-05 -1.3899989e-06 0.0000000e+00 
-6.6538341e-06 1.5999191e-05 0.0000000e+00 
-6.4540654e-07 -1.5780097e-06 0.0000000e+00 
-1.2813136e-05 1.0053394e-05 0.0000000e+00 
-1.6270671e-05 2.1768268e-05 0.0000000e+00 
1.2294389e-05 -1.4703022e-05 0.0000000e+00 
-7.0696245e+06 -3.4915065e+06 0.0000000e+00 
8.6361542e-06 -7.9704914e-06 0.0000000e+00 
-1.1396129e-05 -2.5515910e-06 0.0000000e+00 
1.2973323e-05 -9.6908771e-06 0.0000000e+00 
-1.1003576e-05 9.6582808e-06 0.0000000e+00 
-2.2351742e-08 -7.6405704e-06 0.0000000e+00 
1.0160729e-06 5.6186691e-06 0.0000000e+00 
-1.2628268e-05 7.8058802e-06 0.0000000e+00 
2.7250499e-06 -1.5095808e-05 0.0000000e+00 
1.1182390e-05 6.5315980e-06 0.0000000e+00 
2.2108667e-05 -1.7187092e-05 0.0000000e+00 
-1.2409873e-06 -2.1001324e-06 0.0000000e+00 
9.3644485e-07 8.8198576e-06 0.0000000e+00 
-5.4338016e-06 6.5830536e-06 0.0000000e+00 
-3.5418198e-06 1.0917662e-05 0.0000000e+00 
1.3254117e-05 -1.9896310e-05 0.0000000e+00 
-1.3518147e-06 4.5537017e-06 0.0000000e+00 
-6.3027255e-06 1.0302756e-05 0.0000000e+00 
-1.2103468e-05 1.7042737e-05 0.0000000e+00 
-9.7202137e-06 7.3867850e-06 0.0000000e+00 
1.2842938e-05 -1.3472280e-05 0.0000000e+00 
-6.9954040e+06 -3.3071950e+06 0.0000000e+00 
5.3332187e-06 -1.3032462e-05 0.0000000e+00 
-1.1229888e-05 -4.7236681e-06 0.0000000e+00 
7.1637332e-06 -5.5413693e-08 0.0000000e+00 
-1.3525598e-05 9.3714334e-06 0.0000000e+00 
8.4852800e-06 1.2013130e-05 0.0000000e+00 
4.9979426e-06 3.2463577e-06 0.0000000e+00 
2.9709190e-06 -1.0116026e-05 0.0000000e+00 
-9.4431452e-06 1.2545846e-05 0.0000000e+00 
1.7696992e-05 -1.5404541e-05 0.0000000e+00 
1.2105331e-05 -1.6508857e-05 0.0000000e+00 
-7.3499978e-06 6.2158797e-06 0.0000000e+00 
1.4236197e-05 -3.0947849e-06 0.0000000e+00 
-1.4698133e-05 2.8270530e-05 0.0000000e+00 
8.0764294e-06 -1.2391713e-05 0.0000000e+00 
-5.9688464e-06 -4.8906077e-06 0.0000000e+00 
-1.4333520e-05 1.0895310e-05 0.0000000e+00 
1.0803342e-06 -6.9609378e-06 0.0000000e+00 
6.4023770e-06 -1.2198463e-05 0.0000000e+00 
1.7648563e-06 2.3595057e-06 0.0000000e+00 
-1.3737008e-05 4.4107437e-06 0.0000000e+00 
2.3574103e-05 -1.5371945e-05 0.0000000e+00 
1.7513521e-06 1.3234559e-05 0.0000000e+00 
-8.6226501e-06 -1.8826686e-06 0.0000000e+00 
-6.8937590e+06 -3.1157590e+06 0.0000000e+00 
-8.8554807e-06 1.0343734e-05 0.0000000e+00 
1.1318363e-05 -6.2803738e-06 0.0000000e+00 
-6.6692010e-06 -2.5262125e-07 0.0000000e+00 
-1.3513491e-06 -2.5629997e-06 0.0000000e+00 
-2.2021122e-06 1.6759150e-06 0.0000000e+00 
-1.6031321e-05 2.2992259e-05 0.0000000e+00 
4.4312328e-06 -1.0003336e-05 0.0000000e+00 
-4.1928142e-06 9.2256814e-06 0.0000000e+00 
1.4731660e-05 -1.7358921e-05 0.0000000e+00 
2.3706816e-06 -5.0044619e-06 0.0000000e+00 
2.6104972e-06 1.3034325e-05 0.0000000e+00 
1.2028962e-05 -1.9775238e-05 0.0000000e+00 
-3.5297126e-06 1.1108583e-05 0.0000000e+00 
-2.4908222e-06 5.0151721e-06 0.0000000e+00 
1.3370067e-05 -1.0619871e-05 0.0000000e+00 
-1.0984950e-05 1.9197352e-05 0.0000000e+00 
3.7904829e-06 3.4519471e-06 0.0000000e+00 
-8.4969215e-06 1.4029909e-05 0.0000000e+00 
7.2829425e-06 -9.0033282e-06 0.0000000e+00 
-1.5890226e-05 1.0896940e-05 0.0000000e+00 
3.6633573e-06 -9.0408139e-07 0.0000000e+00 
-3.7485734e-07 1.1855271e-05 0.0000000e+00 
-6.7640035e+06 -2.9180572e+06 0.0000000e+00 
-8.0773607e-06 1.3379613e-05 0.0000000e+00 
1.6670674e-07 -1.5031546e-06 0.0000000e+00 
-6.2091276e-06 1.1990778e-06 0.0000000e+00 
-7.0417300e-06 1.4208024e-05 0.0000000e+00 
1.5552156e-05 -2.5509391e-05 0.0000000e+00 
-1.4067162e-05 3.2940879e-06 0.0000000e+00 
1.3746321e-05 -2.5636051e-05 0.0000000e+00 
-2.7390197e-06 8.5397623e-06 0.0000000e+00 
-1.1630822e-05 2.6251189e-05 0.0000000e+00 
1.4009420e-05 -2.2964086e-05 0.0000000e+00 
1.5039463e-05 -3.1064264e-06 0.0000000e+00 
7.1721151e-06 -1.0392163e-05 0.0000000e+00 
5.3900294e-06 -1.9092113e-07 0.0000000e+00 
1.0377262e-05 -2.0517735e-05 0.0000000e+00 
5.2331015e-06 -1.0901596e-05 0.0000000e+00 
-7.1562827e-06 9.8969322e-06 0.0000000e+00 
-5.3881668e-06 4.5653433e-06 0.0000000e+00 
-5.0291419e-06 8.4724743e-06 0.0000000e+00 
-5.9665181e-06 -3.3152755e-06 0.0000000e+00 
-4.1336752e-06 4.9155205e-06 0.0000000e+00 
1.6866252e-06 -1.1292286e-06 0.0000000e+00 
7.2112307e-06 -8.2151964e-06 0.0000000e+00 
-3.0305237e-06 4.8549846e-06 0.0000000e+00 
1.2496486e-05 -1.4430843e-06 0.0000000e+00 
-6.6055320e+06 -2.7149360e+06 0.0000000e+00 
-3.3489428e-05 1.9896077e-05 0.0000000e+00 
-5.2130781e-06 -3.0405354e-06 0.0000000e+00 
-2.3700763e-05 2.0639040e-05 0.0000000e+00 
-1.2972392e-05 1.1342578e-05 0.0000000e+00 
8.0233440e-06 -1.7770799e-05 0.0000000e+00 
1.4537945e-06 -3.0589290e-06 0.0000000e+00 
9.0920366e-06 -2.2730557e-05 0.0000000e+00 
-1.4765188e-05 2.5593909e-05 0.0000000e+00 
2.3166649e-06 -8.3211344e-06 0.0000000e+00 
-4.1816384e-06 3.8191210e-06 0.0000000e+00 
1.7065089e-05 -1.9035768e-05 0.0000000e+00 
-7.3341653e-06 -5.4505654e-06 0.0000000e+00 
-1.4072284e-05 2.0515407e-05 0.0000000e+00 
4.6193600e-07 -1.0080636e-05 0.0000000e+00 
9.1153197e-06 -1.6791746e-06 0.0000000e+00 
-1.3764948e-06 -3.3290125e-06 0.0000000e+00 
5.2573159e-06 -1.1525117e-06 0.0000000e+00 
1.4448538e-05 -1.8081162e-05 0.0000000e+00 
2.8689392e-06 -4.0344894e-06 0.0000000e+00 
1.6164500e-05 -4.0008686e-05 0.0000000e+00 
3.3308752e-06 -1.9248109e-06 0.0000000e+00 
1.1385418e-06 -5.4743141e-06 0.0000000e+00 
-9.2927366e-06 1.3486017e-05 0.0000000e+00 
1.5178230e-05 -1.0611024e-05 0.0000000e+00 
-1.1397526e-05 1.6153324e-05 0.0000000e+00 
-6.4178065e+06 -2.5072295e+06 0.0000000e+00 
1.0230113e-05 -1.9179191e-05 0.0000000e+00 
-3.8743019e-07 2.6705675e-06 0.0000000e+00 
-8.6007640e-07 1.5542144e-05 0.0000000e+00 
2.8377399e-06 -1.1987519e-05 0.0000000e+00 
2.0785257e-05 -3.5127159e-06 0.0000000e+00 
1.6934704e-05 -3.4724129e-05 0.0000000e+00 
6.3260086e-06 -1.5008030e-05 0.0000000e+00 
-1.1158176e-05 2.5205081e-05 0.0000000e+00 
4.3460168e-06 4.6147034e-06 0.0000000e+00 
-5.6661665e-06 7.1304385e-06 0.0000000e+00 
2.5145710e-07 1.2650155e-05 0.0000000e+00 
-1.2512319e-06 5.4948032e-08 0.0000000e+00 
-4.1257590e-06 -2.7087517e-06 0.0000000e+00 
1.5175901e-05 -2.3194822e-05 0.0000000e+00 
9.0021640e-06 -1.1116033e-05 0.0000000e+00 
-1.5466474e-05 1.4303252e-05 0.0000000e+00 
7.6377764e-06 -6.2840991e-06 0.0000000e+00 
-1.4482066e-06 1.7080456e-06 0.0000000e+00 
-1.6934238e-05 2.3625325e-05 0.0000000e+00 
-4.1462481e-06 1.0998920e-05 0.0000000e+00 
-6.0237944e-06 5.8575533e-06 0.0000000e+00 
-8.2142651e-06 8.5968059e-06 0.0000000e+00 
-1.2688339e-05 6.5213535e-06 0.0000000e+00 
9.3542039e-06 -1.7046696e-05 0.0000000e+00 
-6.2003425e+06 -2.2957585e+06 0.0000000e+00 
7.4384734e-06 -1.4611054e-05 0.0000000e+00 
-3.5441481e-06 4.9402006e-06 0.0000000e+00 
-1.3734680e-05 2.9357616e-06 0.0000000e+00 
-2.7019996e-05 2.5871210e-05 0.0000000e+00 
2.5271438e-06 -6.4861961e-06 0.0000000e+00 
1.2157951e-05 -1.3612444e-05 0.0000000e+00 
-8.4941275e-06 1.7944723e-05 0.0000000e+00 
-1.5155878e-05 4.2873668e-05 0.0000000e+00 
3.3546239e-06 -8.8764355e-06 0.0000000e+00 
-3.7215650e-06 7.7560544e-06 0.0000000e+00 
-1.6158447e-07 7.6985452e-06 0.0000000e+00 
4.8307702e-06 -1.1528609e-05 0.0000000e+00 
-3.8649887e-07 -1.2936071e-06 0.0000000e+00 
1.6707927e-06 -9.7858720e-06 0.0000000e+00 
8.1048347e-06 7.7346340e-07 0.0000000e+00 
-7.8603625e-06 1.4653895e-05 0.0000000e+00 
5.3942204e-06 -1.5109079e-05 0.0000000e+00 
1.4554709e-05 -2.5159679e-06 0.0000000e+00 
-1.6547740e-05 6.6319481e-06 0.0000000e+00 
2.2502616e-05 -2.9023271e-05 0.0000000e+00 
-1.3079494e-05 6.6640787e-06 0.0000000e+00 
-5.5879354e-08 -4.9332157e-06 0.0000000e+00 
1.8969644e-05 -4.1645486e-05 0.0000000e+00 
-2.9441901e-05 2.6470050e-05 0.0000000e+00 
1.8171035e-05 -2.7782284e-05 0.0000000e+00 
-1.6111881e-07 -2.4689361e-06 0.0000000e+00 
-3.2214448e-06 1.2413133e-05 0.0000000e+00 
-1.9331463e-05 1.9970117e-05 0.0000000e+00 
-5.9526975e+06 -2.0813318e+06 0.0000000e+00 
-3.4216791e-06 -6.7399815e-06 0.0000000e+00 
-9.6410513e-06 9.1576949e-06 0.0000000e+00 
7.9693273e-06 -3.5157427e-07 0.0000000e+00 
1.3010111e-05 -2.3206230e-05 0.0000000e+00 
-2.9280782e-06 1.9924715e-05 0.0000000e+00 
-9.6838921e-06 3.5735313e-05 0.0000000e+00 
2.2724271e-07 2.1737069e-06 0.0000000e+00 
-2.6207417e-06 3.3597462e-06 0.0000000e+00 
-3.5874546e-06 7.2596595e-06 0.0000000e+00 
1.5093014e-05 1.5965197e-06 0.0000000e+00 
-9.9558383e-06 2.4144538e-05 0.0000000e+00 
2.2584572e-06 -1.0607764e-06 0.0000000e+00 
1.5582889e-05 -1.6362872e-05 0.0000000e+00 
1.7405022e-05 -2.0243227e-05 0.0000000e+00 
-5.1199459e-06 1.9229483e-05 0.0000000e+00 
4.8102811e-06 2.6577385e-05 0.0000000e+00 
-3.7904829e-07 4.4847839e-06 0.0000000e+00 
-1.5350524e-05 3.4131110e-05 0.0000000e+00 
3.1288248e-05 -2.6133843e-05 0.0000000e+00 
-5.3984113e-06 6.3776970e-06 0.0000000e+00 
-1.1967495e-06 -1.0720687e-06 0.0000000e+00 
-2.1960586e-06 1.5550759e-05 0.0000000e+00 
3.9024279e-05 -3.0275900e-05 0.0000000e+00 
2.0558480e-05 -2.8186711e-05 0.0000000e+00 
-5.6744575e+06 -1.8647464e+06 0.0000000e+00 
-4.0782616e-06 3.7052669e-06 0.0000000e+00 
4.8074871e-06 2.0640437e-06 0.0000000e+00 
1.3001263e-06 -1.0239193e-05 0.0000000e+00 
9.0245157e-07 -1.2386241e-05 0.0000000e+00 
1.3642479e-05 -1.4218269e-05 0.0000000e+00 
7.7290460e-06 -7.2317198e-06 0.0000000e+00 
1.6223174e-05 -1.3393350e-05 0.0000000e+00 
-1.9076280e-05 1.7667888e-05 0.0000000e+00 
-2.6789494e-06 -6.3921325e-06 0.0000000e+00 
-5.2461401e-06 -7.6608267e-06 0.0000000e+00 
2.0752195e-05 -1.2508128e-05 0.0000000e+00 
-1.6600825e-05 1.1747703e-05 0.0000000e+00 
-2.7587637e-05 3.5531120e-05 0.0000000e+00 
1.0761432e-06 -1.5098369e-05 0.0000000e+00 
9.4380230e-06 -1.9961968e-05 0.0000000e+00 
-2.1615066e-05 1.3350975e-05 0.0000000e+00 
5.3467229e-06 -1.4335499e-05 0.0000000e+00 
8.6789951e-06 -1.0326505e-05 0.0000000e+00 
-2.0035077e-05 8.2049519e-06 0.0000000e+00 
3.8002618e-06 2.4996698e-06 0.0000000e+00 
-7.3206611e-06 2.8158538e-05 0.0000000e+00 
-1.4727004e-05 6.6023786e-06 0.0000000e+00 
-1.9136351e-06 -2.2056047e-06 0.0000000e+00 
-2.3610890e-05 2.4057459e-05 0.0000000e+00 
9.8044984e-06 -2.5702408e-05 0.0000000e+00 
-1.1081342e-05 1.4450401e-05 0.0000000e+00 
-1.2239907e-05 1.1883909e-05 0.0000000e+00 
-9.6522272e-06 -1.8300489e-06 0.0000000e+00 
3.4938566e-06 8.0780592e-06 0.0000000e+00 
-8.9085661e-06 1.3322802e-05 0.0000000e+00 
-2.6074238e-05 3.2543438e-05 0.0000000e+00 
1.8147286e-05 -1.7759856e-05 0.0000000e+00 
-5.3652270e+06 -1.6467909e+06 0.0000000e+00 
-7.3178671e-06 7.4726995e-06 0.0000000e+00 
1.0026153e-05 -2.7115806e-05 0.0000000e+00 
-6.3655898e-07 -6.4447522e-06 0.0000000e+00 
-8.9840032e-06 1.0296237e-05 0.0000000e+00 
-4.7287904e-06 -1.4901161e-06 0.0000000e+00 
9.8035671e-06 -3.9400999e-05 0.0000000e+00 
-1.1450145e-05 1.3891957e-05 0.0000000e+00 
1.0271091e-05 -2.0680483e-05 0.0000000e+00 
-4.1159801e-06 -8.6589716e-06 0.0000000e+00 
-8.6287037e-07 -6.0992315e-06 0.0000000e+00 
-2.5508925e-06 -2.9234216e-06 0.0000000e+00 
6.6924840e-06 -6.7062210e-06 0.0000000e+00 
2.1325424e-05 -2.8550858e-05 0.0000000e+00 
2.3923349e-06 1.6586855e-06 0.0000000e+00 
-1.6093254e-05 1.0059914e-05 0.0000000e+00 
6.2440522e-06 -3.4798868e-06 0.0000000e+00 
1.1408702e-05 -1.0120915e-05 0.0000000e+00 
1.5099067e-05 -1.8625986e-05 0.0000000e+00 
8.7311491e-06 -1.6004778e-05 0.0000000e+00 
-8.6878426e-06 2.3644883e-05 0.0000000e+00 
1.4332123e-05 -1.7513055e-05 0.0000000e+00 
1.2253877e-06 -2.2172462e-06 0.0000000e+00 
-1.0038260e-05 7.4608251e-06 0.0000000e+00 
2.8801151e-06 -9.4838906e-06 0.0000000e+00 
2.2713095e-05 -1.9952189e-05 0.0000000e+00 
1.0225456e-05 -1.6580336e-05 0.0000000e+00 
-3.6787242e-08 1.1232682e-05 0.0000000e+00 
1.4030375e-06 1.5895115e-05 0.0000000e+00 
1.2298115e-06 -5.7672150e-07 0.0000000e+00 
-5.0246150e+06 -1.4282469e+06 0.0000000e+00 
-3.8393773e-06 1.1926284e-05 0.0000000e+00 
-1.7126091e-05 2.9196497e-05 0.0000000e+00 
-5.8207661e-08 -7.4710697e-06 0.0000000e+00 
1.8267427e-05 -5.3537078e-06 0.0000000e+00 
-5.2787364e-06 -3.1688251e-07 0.0000000e+00 
2.2402965e-06 4.9052760e-06 0.0000000e+00 
-7.8477897e-06 1.0977034e-05 0.0000000e+00 
-6.7879446e-06 8.3887717e-06 0.0000000e+00 
-2.1027401e-05 1.9314233e-05 0.0000000e+00 
9.9346507e-06 -1.8565217e-05 0.0000000e+00 
-3.5087578e-06 1.3283920e-05 0.0000000e+00 
-1.4889520e-05 -3.4035183e-06 0.0000000e+00 
1.1503696e-05 -1.0835822e-05 0.0000000e+00 
-8.0591999e-06 1.8693041e-05 0.0000000e+00 
2.6123598e-05 -2.9203016e-05 0.0000000e+00 
-1.5505590e-05 1.7439015e-05 0.0000000e+00 
1.0778662e-05 -7.6778233e-06 0.0000000e+00 
9.9535100e-06 3.6917627e-06 0.0000000e+00 
4.4237822e-07 -4.2961910e-06 0.0000000e+00 
7.0699025e-06 -8.6843502e-06 0.0000000e+00 
9.8161399e-07 -1.3477402e-05 0.0000000e+00 
1.8985011e-06 -5.0691888e-06 0.0000000e+00 
-8.1723556e-07 1.2069708e-05 0.0000000e+00 
1.3859943e-05 -8.1122853e-06 0.0000000e+00 
-1.2669247e-05 1.7233077e-05 0.0000000e+00 
-3.0826777e-06 3.5522971e-06 0.0000000e+00 
-1.9886065e-05 1.7911894e-05 0.0000000e+00 
5.9227459e-06 -1.9013416e-05 0.0000000e+00 
1.6684644e-06 1.0688324e-05 0.0000000e+00 
-1.1126976e-05 2.0999461e-05 0.0000000e+00 
-5.0025992e-06 1.9180588e-05 0.0000000e+00 
-1.8730294e-05 1.4688820e-05 0.0000000e+00 
-5.3523108e-06 6.9756061e-06 0.0000000e+00 
4.0000305e-06 -2.3115426e-06 0.0000000e+00 
-1.2072269e-05 2.4593901e-05 0.0000000e+00 
-4.6522245e+06 -1.2098932e+06 0.0000000e+00 
1.3174955e-05 -2.0212028e-05 0.0000000e+00 
1.0888558e-05 -1.3099052e-05 0.0000000e+00 
-2.8423965e-06 1.2593810e-06 0.0000000e+00 
-5.3988770e-06 -6.2724575e-07 0.0000000e+00 
-1.8859282e-07 1.3462966e-05 0.0000000e+00 
2.2333115e-06 5.3341500e-06 0.0000000e+00 
3.5583507e-05 -3.0135736e-05 0.0000000e+00 
7.7034347e-06 -1.8166145e-05 0.0000000e+00 
-2.2997148e-05 1.3803830e-05 0.0000000e+00 
5.2470714e-06 -1.1928147e-05 0.0000000e+00 
-5.7681464e-06 6.9376547e-06 0.0000000e+00 
1.8202234e-05 -1.5325844e-05 0.0000000e+00 
6.6487119e-06 -1.4337245e-05 0.0000000e+00 
1.3241544e-05 3.8417056e-06 0.0000000e+00 
-1.9515865e-06 -8.7156659e-06 0.0000000e+00 
-3.5957899e-05 2.3089815e-05 0.0000000e+00 
1.9045547e-06 -1.9013998e-05 0.0000000e+00 
-8.6040236e-06 1.8814579e-05 0.0000000e+00 
4.5080669e-06 8.7874942e-06 0.0000000e+00 
3.1106174e-07 -1.0763761e-06 0.0000000e+00 
2.6351772e-06 -1.7342158e-05 0.0000000e+00 
1.9364525e-05 -3.8174214e-05 0.0000000e+00 
4.8684888e-06 1.6746926e-06 0.0000000e+00 
1.4252961e-05 -3.9880280e-05 0.0000000e+00 
-1.4704186e-05 3.8762228e-06 0.0000000e+00 
-4.3777749e-05 3.7999358e-05 0.0000000e+00 
3.1585805e-06 -1.3742130e-05 0.0000000e+00 
-2.0908192e-07 4.6622008e-06 0.0000000e+00 
9.1213733e-06 -1.5640166e-05 0.0000000e+00 
-4.0917657e-06 1.8558232e-05 0.0000000e+00 
-1.6631559e-05 1.3401732e-05 0.0000000e+00 
-4.2476365e+06 -9.9250975e+05 0.0000000e+00 
1.2437813e-06 2.7390197e-06 0.0000000e+00 
2.5373418e-05 -2.7402770e-05 0.0000000e+00 
-2.2947788e-06 5.1856041e-06 0.0000000e+00 
-9.4976276e-06 -6.6361390e-06 0.0000000e+00 
-9.0841204e-06 1.1056196e-05 0.0000000e+00 
1.6754493e-06 -7.2806142e-06 0.0000000e+00 
-2.4363399e-06 1.0367017e-05 0.0000000e+00 
-2.7109869e-05 3.4909695e-05 0.0000000e+00 
-2.5264919e-05 5.5581331e-06 0.0000000e+00 
-3.8882717e-06 7.9943566e-06 0.0000000e+00 
-1.1249445e-05 -7.2014518e-07 0.0000000e+00 
1.1246651e-05 -1.8192688e-05 0.0000000e+00 
-1.8285587e-05 1.8920982e-05 0.0000000e+00 
1.9517262e-05 -2.1182466e-05 0.0000000e+00 
5.2532647e-05 -3.8205180e-05 0.0000000e+00 
-1.9278377e-07 -8.9923851e-06 0.0000000e+00 
8.4964558e-06 -1.1878205e-05 0.0000000e+00 
9.2685223e-06 -1.9608182e-05 0.0000000e+00 
7.0391688e-06 -1.2408011e-05 0.0000000e+00 
-1.9126339e-05 3.6383164e-05 0.0000000e+00 
-9.7472221e-06 4.7407812e-06 0.0000000e+00 
-2.7586240e-05 2.4277950e-05 0.0000000e+00 
6.9127418e-06 -1.5502097e-05 0.0000000e+00 
1.3279263e-05 -4.3378910e-05 0.0000000e+00 
4.8801303e-06 -7.8668818e-06 0.0000000e+00 
8.2561746e-06 -1.9128202e-05 0.0000000e+00 
-3.4198165e-06 -1.0095537e-05 0.0000000e+00 
-1.0938384e-06 7.0726965e-06 0.0000000e+00 
-6.5891072e-07 1.2307311e-05 0.0000000e+00 
-7.3451083e-06 2.4018227e-05 0.0000000e+00 
2.3049768e-05 -2.7523376e-05 0.0000000e+00 
8.3670020e-06 -4.8780348e-06 0.0000000e+00 
-4.2594038e-06 1.3899058e-05 0.0000000e+00 
-3.8104015e+06 -7.7688169e+05 0.0000000e+00 
3.5811681e-06 -2.8017676e-06 0.0000000e+00 
1.3305806e-05 1.0376330e-05 0.0000000e+00 
-3.1027477e-05 3.8641971e-05 0.0000000e+00 
2.1061860e-06 5.1641837e-07 0.0000000e+00 
-2.0791776e-06 -1.9689673e-05 0.0000000e+00 
-1.9638333e-05 3.7973048e-05 0.0000000e+00 
1.9704457e-06 -1.1514989e-05 0.0000000e+00 
3.4617260e-06 2.1085609e-05 0.0000000e+00 
-2.9960647e-06 2.3404136e-06 0.0000000e+00 
-2.6756898e-06 -7.7390578e-06 0.0000000e+00 
-1.6456470e-06 5.6903809e-07 0.0000000e+00 
2.6309863e-06 9.5217256e-06 0.0000000e+00 
-1.5209895e-05 2.3016240e-05 0.0000000e+00 
-6.3893385e-06 2.3343600e-05 0.0000000e+00 
-8.1001781e-06 2.7301721e-06 0.0000000e+00 
1.2073666e-05 -1.4083926e-05 0.0000000e+00 
6.5006316e-06 -6.8501104e-06 0.0000000e+00 
-7.3094852e-06 1.1428143e-05 0.0000000e+00 
3.2219104e-06 -6.1863102e-07 0.0000000e+00 
1.5985221e-05 -1.5221944e-05 0.0000000e+00 
-6.6380017e-07 4.3445034e-06 0.0000000e+00 
-3.7585851e-06 1.5707919e-05 0.0000000e+00 
1.9107014e-05 -3.0792784e-05 0.0000000e+00 
1.5916768e-05 1.0635704e-06 0.0000000e+00 
-1.0325573e-05 1.6298436e-05 0.0000000e+00 
2.7047936e-05 -1.1083204e-05 0.0000000e+00 
7.3583797e-06 -2.0738225e-05 0.0000000e+00 
1.2942590e-05 -1.1703698e-05 0.0000000e+00 
-9.3108974e-06 3.7930440e-06 0.0000000e+00 
-4.1853637e-06 -1.5557278e-05 0.0000000e+00 
-1.1727680e-05 1.0025455e-05 0.0000000e+00 
7.1222894e-07 4.3073669e-09 0.0000000e+00 
-3.3400195e+06 -5.6380581e+05 0.0000000e+00 
-3.0276366e-05 2.2211578e-05 0.0000000e+00 
3.1260308e-05 -3.3791410e-05 0.0000000e+00 
-3.8836151e-07 -5.0589442e-06 0.0000000e+00 
1.6815495e-05 -3.9682142e-05 0.0000000e+00 
-6.9160014e-06 8.7630469e-06 0.0000000e+00 
4.6030618e-06 -2.0395964e-06 0.0000000e+00 
-2.2398774e-05 1.5668105e-05 0.0000000e+00 
-1.4549121e-05 2.3333821e-05 0.0000000e+00 
1.4551450e-05 -3.8817525e-06 0.0000000e+00 
7.3295087e-06 3.2042153e-06 0.0000000e+00 
-1.4821300e-05 2.5641988e-05 0.0000000e+00 
-9.8263845e-06 2.6206020e-05 0.0000000e+00 
6.7618676e-06 -2.6737980e-05 0.0000000e+00 
1.9734725e-06 -1.6148842e-06 0.0000000e+00 
2.1079555e-05 -1.0649674e-05 0.0000000e+00 
-7.9628080e-07 5.5287965e-06 0.0000000e+00 
-5.4619741e-06 2.9892544e-06 0.0000000e+00 
-2.2717752e-05 2.0582229e-05 0.0000000e+00 
-8.5248612e-06 5.1337993e-06 0.0000000e+00 
1.0872260e-05 -2.7634786e-05 0.0000000e+00 
2.0946376e-05 -7.2056428e-06 0.0000000e+00 
1.9889325e-05 -4.2176223e-05 0.0000000e+00 
2.8731301e-06 -1.8250197e-05 0.0000000e+00 
-2.3669563e-06 8.6674700e-06 0.0000000e+00 
-7.7788718e-06 1.2181583e-05 0.0000000e+00 
-3.7053600e-05 4.3964712e-05 0.0000000e+00 
-2.0598527e-05 1.0541175e-05 0.0000000e+00 
-6.9777016e-06 1.4688005e-05 0.0000000e+00 
1.0476913e-05 1.0314863e-05 0.0000000e+00 
-6.1457977e-06 -2.0678155e-05 0.0000000e+00 
-1.8442050e-05 4.5010820e-06 0.0000000e+00 
-6.4168125e-06 3.0652736e-06 0.0000000e+00 
1.7425977e-05 -1.4476478e-05 0.0000000e+00 
-1.0899268e-05 -1.6705832e-05 0.0000000e+00 
-2.3494940e-06 7.5646676e-07 0.0000000e+00 
3.2243319e-05 -1.3039447e-05 0.0000000e+00 
2.6887283e-06 -3.3836113e-06 0.0000000e+00 
-2.8359272e+06 -3.5409681e+05 0.0000000e+00 
1.2172852e-05 -3.7694816e-05 0.0000000e+00 
-1.4975667e-06 1.2263190e-05 0.0000000e+00 
7.1288086e-06 -1.2298115e-05 0.0000000e+00 
1.8616673e-05 -1.6732025e-05 0.0000000e+00 
3.9162114e-07 1.1947166e-05 0.0000000e+00 
-7.7392906e-06 1.5725062e-05 0.0000000e+00 
9.1963448e-06 -2.2334163e-05 0.0000000e+00 
-1.0225922e-06 1.1405820e-05 0.0000000e+00 
-3.3266842e-06 2.6802532e-05 0.0000000e+00 
6.4994674e-06 -1.4863966e-05 0.0000000e+00 
3.1427946e-05 -4.2031985e-05 0.0000000e+00 
5.0482340e-06 -3.2595824e-05 0.0000000e+00 
9.5693395e-07 1.5659258e-05 0.0000000e+00 
-6.3665211e-06 -7.0964452e-06 0.0000000e+00 
-1.6354024e-06 -9.0291724e-06 0.0000000e+00 
-3.3869874e-05 3.3303746e-05 0.0000000e+00 
9.5670111e-06 -9.8005403e-06 0.0000000e+00 
-7.8955200e-06 7.6529395e-06 0.0000000e+00 
-2.1025073e-05 1.2453645e-05 0.0000000e+00 
8.7246299e-06 -1.1717464e-05 0.0000000e+00 
-2.0522159e-05 8.4391795e-06 0.0000000e+00 
-1.0882504e-05 3.0499912e-05 0.0000000e+00 
-1.4097895e-05 1.2743520e-05 0.0000000e+00 
4.0223822e-06 -1.1858530e-05 0.0000000e+00 
-2.5191344e-05 4.0534884e-05 0.0000000e+00 
5.0538220e-06 -1.5371217e-05 0.0000000e+00 
-2.7854927e-05 3.1973526e-05 0.0000000e+00 
9.1791153e-06 -5.2850228e-06 0.0000000e+00 
-1.1310913e-05 5.5447454e-06 0.0000000e+00 
1.5173573e-05 -6.2198378e-06 0.0000000e+00 
1.3005454e-05 -1.9380823e-05 0.0000000e+00 
3.4293626e-06 -1.6321923e-05 0.0000000e+00 
4.8708171e-06 1.4111865e-05 0.0000000e+00 
-1.4155637e-05 1.2905337e-05 0.0000000e+00 
-2.3175031e-05 1.1240598e-05 0.0000000e+00 
2.6815105e-05 -2.0722160e-05 0.0000000e+00 
-2.2974782e+06 -1.4859522e+05 0.0000000e+00 
2.6587863e-05 -3.7249643e-05 0.0000000e+00 
1.8063001e-06 -8.9548339e-06 0.0000000e+00 
4.2845495e-06 -2.7011993e-06 0.0000000e+00 
8.5863285e-06 -2.2771303e-05 0.0000000e+00 
-1.7820392e-05 1.0946416e-05 0.0000000e+00 
6.1590690e-06 4.3179461e-06 0.0000000e+00 
7.5860880e-06 1.1137687e-05 0.0000000e+00 
6.7548826e-06 -1.1637225e-05 0.0000000e+00 
-9.6037984e-06 9.8382516e-06 0.0000000e+00 
-7.4193813e-06 1.8717605e-05 0.0000000e+00 
-2.3092143e-06 1.3681118e-05 0.0000000e+00 
4.7367997e-05 -4.7520269e-05 0.0000000e+00 
6.7134388e-06 -1.0832213e-05 0.0000000e+00 
2.2378284e-05 -1.3933750e-05 0.0000000e+00 
4.8945658e-06 -6.6829671e-09 0.0000000e+00 
-6.3134357e-06 -1.3608485e-05 0.0000000e+00 
-4.2375177e-06 1.8657185e-05 0.0000000e+00 
1.1834782e-05 -2.6175752e-05 0.0000000e+00 
4.0540472e-06 -8.9957612e-06 0.0000000e+00 
2.9416289e-05 -5.6810677e-08 0.0000000e+00 
-1.2569595e-05 3.2201875e-05 0.0000000e+00 
5.0840899e-06 -1.8757302e-05 0.0000000e+00 
-4.2475294e-06 1.3109893e-06 0.0000000e+00 
-2.5758054e-05 3.2873824e-05 0.0000000e+00 
-1.8001068e-05 1.5275087e-05 0.0000000e+00 
-1.3835263e-05 1.1860393e-05 0.0000000e+00 
-6.6771172e-06 1.3930781e-05 0.0000000e+00 
2.7152710e-06 2.8595794e-05 0.0000000e+00 
-2.1617860e-05 -4.4936314e-07 0.0000000e+00 
-2.4921261e-05 3.2999087e-05 0.0000000e+00 
-1.9040890e-05 2.7696602e-05 0.0000000e+00 
-1.4634570e-05 2.9129442e-05 0.0000000e+00 
1.1170283e-05 -1.2313831e-05 0.0000000e+00 
-8.0186874e-06 1.3954123e-05 0.0000000e+00 
1.2888573e-05 -2.6501715e-05 0.0000000e+00 
-4.0419400e-07 1.1825468e-05 0.0000000e+00 
-1.3966579e-05 2.3893168e-05 0.0000000e+00 
9.6363947e-06 -1.9022496e-05 0.0000000e+00 
-1.7239212e+06 5.1823430e+04 0.0000000e+00 
-6.8531372e-06 2.7626083e-05 0.0000000e+00 
-2.2601336e-05 2.0837411e-05 0.0000000e+00 
1.1754921e-05 -2.5527755e-05 0.0000000e+00 
1.1216383e-05 -1.3025012e-05 0.0000000e+00 
-1.7072540e-05 3.4897224e-05 0.0000000e+00 
-5.8296137e-06 3.0961528e-06 0.0000000e+00 
1.5761703e-05 -3.6899597e-05 0.0000000e+00 
-1.5006401e-05 6.4754277e-06 0.0000000e+00 
3.6860351e-05 -4.2429194e-05 0.0000000e+00 
1.8433668e-05 -3.0875904e-05 0.0000000e+00 
1.1173543e-06 -1.4071818e-05 0.0000000e+00 
1.2851786e-05 -2.7115457e-05 0.0000000e+00 
2.8326176e-05 -5.3113326e-05 0.0000000e+00 
4.6624336e-06 8.3794002e-06 0.0000000e+00 
2.6272610e-06 -1.0333490e-05 0.0000000e+00 
2.5636517e-05 -3.5876641e-05 0.0000000e+00 
5.4044649e-06 -2.2256281e-05 0.0000000e+00 
-1.7690472e-06 2.2165943e-05 0.0000000e+00 
9.9497847e-06 -1.5173049e-05 0.0000000e+00 
-9.6359290e-06 8.6508226e-06 0.0000000e+00 
2.7597416e-06 -6.0142484e-06 0.0000000e+00 
-6.4253109e-06 1.3071345e-05 0.0000000e+00 
-3.8598664e-06 -1.7508399e-05 0.0000000e+00 
2.2907741e-05 -5.6476798e-05 0.0000000e+00 
1.5035737e-05 -1.2040487e-05 0.0000000e+00 
-1.0878081e-05 1.9866042e-05 0.0000000e+00 
8.1392936e-06 -5.1356910e-06 0.0000000e+00 
7.9529127e-06 -2.0655803e-05 0.0000000e+00 
7.5334683e-06 -1.6472390e-05 0.0000000e+00 
-3.2852404e-05 2.2591557e-05 0.0000000e+00 
1.5082303e-05 -2.8694427e-05 0.0000000e+00 
5.4189004e-06 -1.7433544e-05 0.0000000e+00 
-5.5090059e-05 3.5966048e-05 0.0000000e+00 
-5.5590644e-06 1.4433288e-05 0.0000000e+00 
1.1160038e-05 5.9790909e-07 0.0000000e+00 
-2.4972018e-05 3.2173470e-05 0.0000000e+00 
-4.2131636e-05 4.5071589e-05 0.0000000e+00 
-6.9243833e-07 -2.0331259e-05 0.0000000e+00 
-2.3758505e-05 6.7343935e-06 0.0000000e+00 
-1.4150981e-05 2.0336593e-05 0.0000000e+00 
-1.1143745e+06 2.4623753e+05 0.0000000e+00 
1.0854565e-06 -5.8863661e-06 0.0000000e+00 
-1.5033875e-05 2.5306363e-05 0.0000000e+00 
-1.6336795e-05 2.4795299e-05 0.0000000e+00 
4.3190084e-06 -1.6960839e-05 0.0000000e+00 
-1.9984785e-05 4.4010696e-05 0.0000000e+00 
-3.1334814e-05 3.2301061e-05 0.0000000e+00 
-1.0542455e-05 3.5690377e-05 0.0000000e+00 
-5.0975941e-05 3.6298763e-05 0.0000000e+00 
1.2633391e-05 -2.6978087e-05 0.0000000e+00 
-1.8384308e-06 6.0009770e-06 0.0000000e+00 
-2.1726592e-06 5.5739656e-06 0.0000000e+00 
-1.8055085e-05 1.8825172e-05 0.0000000e+00 
1.2083910e-05 -3.0207448e-06 0.0000000e+00 
3.8719736e-06 -2.2071181e-06 0.0000000e+00 
3.9348379e-06 -2.0459294e-05 0.0000000e+00 
-1.0200310e-06 1.5057856e-05 0.0000000e+00 
4.9026217e-05 -3.5783742e-05 0.0000000e+00 
-6.6752546e-06 -6.8432419e-06 0.0000000e+00 
8.2226470e-06 -3.3061719e-05 0.0000000e+00 
6.8955706e-06 -9.9959143e-06 0.0000000e+00 
5.6351069e-05 -4.9790367e-05 0.0000000e+00 
3.2563694e-05 -4.9676048e-05 0.0000000e+00 
8.3874911e-06 6.4347405e-06 0.0000000e+00 
5.5859797e-05 -4.6022702e-05 0.0000000e+00 
-6.6519715e-06 -1.3191602e-05 0.0000000e+00 
6.1178580e-06 -3.2622367e-05 0.0000000e+00 
7.6368451e-06 -1.9125408e-05 0.0000000e+00 
-8.1015751e-06 1.3496028e-06 0.0000000e+00 
1.5161932e-06 -1.0968070e-05 0.0000000e+00 
-1.4445046e-05 3.0955474e-05 0.0000000e+00 
6.2203035e-06 -1.3060402e-05 0.0000000e+00 
-8.2999468e-06 3.5907724e-06 0.0000000e+00 
-1.3993122e-05 -1.6109552e-05 0.0000000e+00 
-4.2463653e-06 1.6503502e-05 0.0000000e+00 
-1.1620112e-05 1.9107014e-05 0.0000000e+00 
1.9105151e-05 -2.0505249e-05 0.0000000e+00 
-2.3939647e-05 1.9575469e-05 0.0000000e+00 
-2.3081375e-06 -3.9846636e-06 0.0000000e+00 
2.5288668e-05 -4.5853667e-06 0.0000000e+00 
-4.6779475e+05 4.3366609e+05 0.0000000e+00 
1.3098121e-05 6.3180923e-06 0.0000000e+00 
-1.4156569e-05 1.3136814e-05 0.0000000e+00 
2.4217181e-05 -2.6855269e-05 0.0000000e+00 
1.5174155e-05 -1.8292980e-05 0.0000000e+00 
-4.1457824e-06 -4.2977044e-06 0.0000000e+00 
-1.9602012e-06 6.0055754e-06 0.0000000e+00 
-2.0107254e-06 2.8249109e-05 0.0000000e+00 
1.1548400e-05 1.6994309e-05 0.0000000e+00 
-4.9707480e-05 4.7586393e-05 0.0000000e+00 
6.9895759e-06 -2.0623207e-05 0.0000000e+00 
-4.1263178e-05 6.3691055e-05 0.0000000e+00 
1.6428530e-05 -1.5290454e-05 0.0000000e+00 
-1.2591481e-05 8.7497756e-06 0.0000000e+00 
-8.0196187e-06 6.0671009e-06 0.0000000e+00 
3.4233555e-05 -2.1066051e-05 0.0000000e+00 
4.0321611e-06 -1.5832484e-05 0.0000000e+00 
-7.7682082e-05 3.8995873e-05 0.0000000e+00 
-7.0407987e-06 1.3984740e-05 0.0000000e+00 
-1.2586825e-06 1.9951403e-05 0.0000000e+00 
-6.4102933e-06 2.4139124e-05 0.0000000e+00 
6.2292442e-05 -4.8519112e-05 0.0000000e+00 
7.2666444e-07 1.1586118e-05 0.0000000e+00 
-6.1132014e-06 1.7088780e-05 0.0000000e+00 
1.9602943e-05 -1.8775929e-05 0.0000000e+00 
5.2959658e-06 -2.0648469e-05 0.0000000e+00 
-1.3221055e-05 6.1034807e-06 0.0000000e+00 
2.8144568e-06 1.6643200e-05 0.0000000e+00 
1.8238439e-05 -2.1295622e-05 0.0000000e+00 
7.4808486e-06 -1.7726372e-05 0.0000000e+00 
-1.8181745e-06 -8.7054214e-06 0.0000000e+00 
2.2512395e-05 -1.9682571e-05 0.0000000e+00 
1.0617077e-05 -2.0736828e-05 0.0000000e+00 
1.9820407e-05 -3.6402605e-05 0.0000000e+00 
-2.0315871e-05 3.4723314e-05 0.0000000e+00 
1.0881107e-05 -2.0881183e-05 0.0000000e+00 
-2.5809743e-05 -1.4156103e-07 0.0000000e+00 
-5.8244914e-06 -7.2835319e-06 0.0000000e+00 
-1.0393094e-05 1.3254583e-05 0.0000000e+00 
-2.1710992e-05 2.6692636e-05 0.0000000e+00 
3.6935322e-05 -4.5995926e-05 0.0000000e+00 
2.9133633e-05 -3.0167401e-05 0.0000000e+00 
-2.7264003e-05 2.2482127e-05 0.0000000e+00 
2.1706116e+05 6.1305238e+05 0.0000000e+00 
-5.3169206e-06 5.3764670e-06 0.0000000e+00 
3.9045699e-06 -2.9411167e-06 0.0000000e+00 
1.3472512e-05 -4.0572020e-05 0.0000000e+00 
-2.1253712e-05 1.0416377e-05 0.0000000e+00 
-7.2193798e-06 2.0414591e-05 0.0000000e+00 
-4.5119319e-05 4.4764020e-05 0.0000000e+00 
1.2626871e-05 -2.8278562e-05 0.0000000e+00 
-1.5782192e-05 2.0196079e-05 0.0000000e+00 
1.4158199e-05 -2.8064474e-05 0.0000000e+00 
-4.0634070e-05 4.1530933e-05 0.0000000e+00 
-1.1912314e-05 7.6229917e-06 0.0000000e+00 
5.8364589e-05 -4.6740286e-05 0.0000000e+00 
-1.0610558e-05 2.2638589e-05 0.0000000e+00 
-3.9068982e-07 1.3961806e-05 0.0000000e+00 
2.1884916e-05 -2.2538647e-05 0.0000000e+00 
-4.4612680e-05 5.5073760e-05 0.0000000e+00 
-1.8332154e-05 5.5651180e-06 0.0000000e+00 
5.2694231e-06 1.5382189e-05 0.0000000e+00 
-2.7837232e-06 -1.0053627e-06 0.0000000e+00 
-2.5153160e-05 1.6400591e-05 0.0000000e+00 
-2.5124289e-05 5.4961274e-05 0.0000000e+00 
1.2088742e-05 -1.6670325e-05 0.0000000e+00 
2.3069791e-05 -2.4134759e-05 0.0000000e+00 
-1.5761238e-05 3.7158141e-05 0.0000000e+00 
6.8778172e-07 -1.1602300e-05 0.0000000e+00 
-2.1916348e-05 4.1269697e-05 0.0000000e+00 
-5.5197161e-06 3.6836136e-06 0.0000000e+00 
3.4727622e-05 -2.4205539e-05 0.0000000e+00 
1.0508113e-05 -1.0686606e-05 0.0000000e+00 
-4.2975880e-06 -5.0390372e-06 0.0000000e+00 
1.8079765e-05 -3.0877069e-05 0.0000000e+00 
1.4456455e-05 -1.8920284e-05 0.0000000e+00 
1.2463424e-05 -9.8324381e-06 0.0000000e+00 
-1.2303703e-05 2.0508662e-05 0.0000000e+00 
-2.6624184e-05 2.2547785e-05 0.0000000e+00 
-1.8118881e-05 3.6683399e-05 0.0000000e+00 
2.6863534e-05 -4.6721660e-05 0.0000000e+00 
-1.6214326e-05 3.0052848e-05 0.0000000e+00 
-7.6727010e-06 -2.9383227e-07 0.0000000e+00 
1.3947953e-05 -2.3135683e-05 0.0000000e+00 
-1.1981814e-05 3.3967546e-05 0.0000000e+00 
9.4168506e+05 7.8324381e+05 0.0000000e+00 
6.0680322e-06 -1.0727352e-05 0.0000000e+00 
2.5530971e-06 -1.6605016e-05 0.0000000e+00 
6.2860083e-05 -7.0230104e-05 0.0000000e+00 
2.9982068e-05 -4.5877649e-05 0.0000000e+00 
-4.8412941e-05 2.8841430e-05 0.0000000e+00 
-5.7485886e-06 9.9884346e-07 0.0000000e+00 
-5.5008102e-05 4.7491863e-05 0.0000000e+00 
1.0925112e-05 -2.5444431e-05 0.0000000e+00 
2.4139415e-05 -3.5257544e-05 0.0000000e+00 
-1.3051089e-05 2.5635585e-05 0.0000000e+00 
4.3460168e-06 -1.0524876e-05 0.0000000e+00 
2.5329646e-05 -2.6614172e-05 0.0000000e+00 
-1.6800128e-05 2.3986679e-05 0.0000000e+00 
4.3001492e-06 -4.0123705e-06 0.0000000e+00 
-4.7141511e-06 -1.4124438e-05 0.0000000e+00 
1.3108365e-05 -3.2089039e-05 0.0000000e+00 
7.4421987e-05 -4.8500020e-05 0.0000000e+00 
2.2470485e-06 -1.6212114e-05 0.0000000e+00 
-9.9907629e-06 1.6256236e-06 0.0000000e+00 
-1.5883707e-05 2.1690968e-05 0.0000000e+00 
-5.0896779e-06 1.1788885e-05 0.0000000e+00 
-5.3630210e-06 3.0159019e-05 0.0000000e+00 
1.3671815e-05 8.3087943e-06 0.0000000e+00 
-1.0264805e-05 1.6384060e-05 0.0000000e+00 
1.3737008e-08 7.4004056e-06 0.0000000e+00 
1.2975186e-05 -2.1548563e-05 0.0000000e+00 
-5.6725694e-06 -2.4130568e-06 0.0000000e+00 
2.1453947e-05 -4.0996063e-05 0.0000000e+00 
-2.0754989e-05 2.0917505e-05 0.0000000e+00 
1.5639234e-06 4.0746527e-06 0.0000000e+00 
-5.7611149e-05 6.4258231e-05 0.0000000e+00 
4.3640845e-05 -4.4032931e-05 0.0000000e+00 
1.6935170e-05 3.2992102e-06 0.0000000e+00 
-1.6397331e-05 1.6450649e-05 0.0000000e+00 
1.0360964e-05 -2.4332199e-05 0.0000000e+00 
-2.3452099e-05 2.9695424e-05 0.0000000e+00 
-1.7550774e-05 -5.6554563e-06 0.0000000e+00 
-7.0021488e-06 9.4315037e-06 0.0000000e+00 
1.7494895e-06 1.9623432e-05 0.0000000e+00 
-1.0622200e-05 1.6390812e-05 0.0000000e+00 
2.5539193e-06 3.2065436e-06 0.0000000e+00 
-2.2369437e-05 3.3643795e-05 0.0000000e+00 
1.7078796e+06 9.4296650e+05 0.0000000e+00 
-8.6952932e-06 -6.0372986e-06 0.0000000e+00 
4.0270388e-05 -4.8843212e-05 0.0000000e+00 
4.5057968e-06 -1.8113293e-05 0.0000000e+00 
-6.1420724e-06 1.7785584e-05 0.0000000e+00 
-5.0549861e-06 -1.5264843e-05 0.0000000e+00 
5.0948001e-06 -1.0344142e-05 0.0000000e+00 
-5.2573159e-06 1.1287397e-05 0.0000000e+00 
6.9255475e-06 1.2050150e-06 0.0000000e+00 
-2.7909409e-06 2.1578162e-06 0.0000000e+00 
-3.2087555e-06 2.1574786e-05 0.0000000e+00 
-1.4499994e-05 1.9073021e-05 0.0000000e+00 
-2.9590447e-06 -5.7569705e-06 0.0000000e+00 
-1.0389369e-05 -4.6147034e-06 0.0000000e+00 
1.8807128e-05 -1.4227349e-05 0.0000000e+00 
2.3974106e-05 -3.6048936e-05 0.0000000e+00 
-8.0331229e-06 1.3357028e-05 0.0000000e+00 
3.6521815e-05 -4.9476512e-05 0.0000000e+00 
-1.9933097e-05 1.7687678e-05 0.0000000e+00 
-5.3198310e-06 2.5101937e-05 0.0000000e+00 
8.0778264e-06 -2.3400411e-05 0.0000000e+00 
1.9548461e-05 -2.8450508e-05 0.0000000e+00 
3.8323924e-07 -3.0021183e-06 0.0000000e+00 
-4.3669716e-06 1.1227530e-06 0.0000000e+00 
-1.0383781e-05 6.8512745e-06 0.0000000e+00 
2.2814609e-05 -2.8704759e-05 0.0000000e+00 
-1.1204276e-05 3.4078956e-05 0.0000000e+00 
1.3981014e-05 -1.8102583e-05 0.0000000e+00 
1.2222212e-05 -2.8098468e-05 0.0000000e+00 
7.7597797e-06 -1.4910765e-05 0.0000000e+00 
5.0049130e-07 -4.2025931e-06 0.0000000e+00 
-3.3992343e-05 2.7534552e-05 0.0000000e+00 
1.4266698e-06 -8.5335923e-06 0.0000000e+00 
1.1414755e-05 -3.2344367e-05 0.0000000e+00 
-3.4203287e-05 9.0803951e-06 0.0000000e+00 
-2.9560179e-06 -9.2971604e-06 0.0000000e+00 
-5.0092582e-05 2.6844908e-05 0.0000000e+00 
-4.1117892e-06 -8.7479129e-06 0.0000000e+00 
5.8072619e-06 -4.1900785e-06 0.0000000e+00 
-5.1892130e-07 -2.1583401e-07 0.0000000e+00 
6.6505745e-06 1.2933277e-05 0.0000000e+00 
1.5769154e-05 -9.4845891e-06 0.0000000e+00 
-2.5957823e-05 5.3490046e-05 0.0000000e+00 
-1.7201528e-06 2.1425774e-05 0.0000000e+00 
-2.1786895e-05 4.1387044e-05 0.0000000e+00 
-7.0375390e-06 3.8574217e-06 0.0000000e+00 
-1.1968892e-05 1.7547747e-05 0.0000000e+00 
2.5178395e+06 1.0907931e+06 0.0000000e+00 
8.4587373e-06 2.4889596e-07 0.0000000e+00 
-1.6336970e-05 5.8575533e-06 0.0000000e+00 
-1.0472722e-05 3.7654070e-05 0.0000000e+00 
-9.3204435e-06 5.1991083e-07 0.0000000e+00 
-1.4210586e-05 7.5204298e-06 0.0000000e+00 
-2.0589214e-05 4.4410583e-05 0.0000000e+00 
-3.2805838e-06 -1.3799407e-05 0.0000000e+00 
4.7334470e-06 -4.7545182e-06 0.0000000e+00 
2.7716160e-06 -2.9343646e-05 0.0000000e+00 
-2.6857015e-05 -7.6228753e-07 0.0000000e+00 
6.5728091e-06 -1.9863946e-05 0.0000000e+00 
3.8701110e-06 -3.5451376e-07 0.0000000e+00 
-1.3154000e-05 2.3872592e-05 0.0000000e+00 
1.3063662e-05 -3.6410056e-06 0.0000000e+00 
-7.8072771e-06 -7.4561685e-06 0.0000000e+00 
5.7392754e-07 -8.3721243e-06 0.0000000e+00 
-3.6512502e-06 1.1902193e-05 0.0000000e+00 
-2.5294721e-06 -7.5497665e-06 0.0000000e+00 
-9.0803951e-06 -2.2171065e-05 0.0000000e+00 
-9.3165436e-06 -1.5185215e-06 0.0000000e+00 
1.9617612e-05 -5.0993054e-05 0.0000000e+00 
-9.4263814e-06 -1.2632576e-05 0.0000000e+00 
-1.6240752e-05 2.7804635e-05 0.0000000e+00 
3.4358236e-06 -5.1786192e-06 0.0000000e+00 
4.8279762e-06 -1.8016202e-05 0.0000000e+00 
3.5710633e-05 -3.9033126e-05 0.0000000e+00 
2.6798807e-06 -2.5341200e-05 0.0000000e+00 
5.1152892e-05 -9.9260360e-06 0.0000000e+00 
-1.5292317e-06 -2.6496826e-05 0.0000000e+00 
1.1569355e-05 -2.0378269e-05 0.0000000e+00 
-6.9160014e-06 -2.5284477e-05 0.0000000e+00 
-9.4668940e-06 4.8489310e-06 0.0000000e+00 
4.9469527e-05 -4.8206653e-05 0.0000000e+00 
-3.6687125e-06 6.0200691e-06 0.0000000e+00 
9.2480332e-07 -3.0433759e-05 0.0000000e+00 
2.2888184e-05 -4.7510723e-05 0.0000000e+00 
-2.7688686e-05 1.9304920e-05 0.0000000e+00 
9.8936725e-06 -3.2208045e-05 0.0000000e+00 
1.5684520e-05 -4.1499268e-05 0.0000000e+00 
2.3202505e-05 -1.0000542e-05 0.0000000e+00 
-1.2708828e-05 1.1592172e-05 0.0000000e+00 
-1.0477379e-05 -3.1880336e-06 0.0000000e+00 
-3.9860606e-06 6.9616362e-06 0.0000000e+00 
-6.7157671e-06 1.9129831e-05 0.0000000e+00 
5.6326389e-05 -1.4829449e-05 0.0000000e+00 
2.1788757e-05 -2.9687304e-05 0.0000000e+00 
2.3446046e-06 -1.2876815e-05 0.0000000e+00 
-1.3336539e-06 1.5695114e-06 0.0000000e+00 
3.3742592e+06 1.2251009e+06 0.0000000e+00 
-4.8957299e-06 8.2543120e-06 0.0000000e+00 
-6.6501379e-06 6.3937623e-06 0.0000000e+00 
1.5348196e-06 6.8482477e-06 0.0000000e+00 
-4.9490482e-06 8.7993685e-06 0.0000000e+00 
3.4458935e-06 3.5357662e-05 0.0000000e+00 
-1.1732336e-05 1.7277896e-05 0.0000000e+00 
-1.8021092e-06 7.4554700e-06 0.0000000e+00 
-9.0599060e-06 9.2303380e-06 0.0000000e+00 
-2.8435141e-05 3.3255201e-05 0.0000000e+00 
1.5324913e-05 -6.6617504e-06 0.0000000e+00 
-1.6225036e-05 5.2114949e-05 0.0000000e+00 
1.1452008e-05 -8.2808547e-06 0.0000000e+00 
-9.9134631e-06 -1.2391247e-06 0.0000000e+00 
-4.1597523e-06 4.2300671e-06 0.0000000e+00 
-3.9008446e-05 5.2452553e-05 0.0000000e+00 
-2.8722221e-05 3.8814724e-05 0.0000000e+00 
-1.2284145e-05 2.1417160e-05 0.0000000e+00 
2.0650390e-05 -4.3211039e-05 0.0000000e+00 
-3.1557865e-06 -1.7744489e-05 0.0000000e+00 
-2.5450718e-06 9.5476862e-06 0.0000000e+00 
-2.7984846e-05 3.8267579e-05 0.0000000e+00 
6.1704195e-06 4.1699968e-06 0.0000000e+00 
-8.8405795e-06 3.3281744e-05 0.0000000e+00 
1.2942590e-05 -1.6285921e-06 0.0000000e+00 
-2.8929207e-06 7.3396368e-06 0.0000000e+00 
-1.5568454e-05 9.9797035e-06 0.0000000e+00 
-3.9874576e-06 2.1291780e-05 0.0000000e+00 
-2.1567103e-06 -4.9368246e-06 0.0000000e+00 
1.6955193e-05 -2.9279385e-05 0.0000000e+00 
4.2452943e-05 -6.2804669e-05 0.0000000e+00 
2.2544526e-05 -3.9883889e-06 0.0000000e+00 
-1.5084428e-05 2.5279820e-05 0.0000000e+00 
-3.1031203e-05 1.8659048e-05 0.0000000e+00 
4.3583568e-06 7.4696727e-06 0.0000000e+00 
8.4904023e-06 -1.7339480e-06 0.0000000e+00 
1.1846423e-05 -3.2988843e-05 0.0000000e+00 
-4.9467199e-06 -2.1284446e-05 0.0000000e+00 
-4.9429014e-05 2.8499402e-05 0.0000000e+00 
2.8385548e-06 -1.3502780e-05 0.0000000e+00 
-4.4661574e-06 9.1043767e-06 0.0000000e+00 
-1.2520235e-05 1.5790807e-05 0.0000000e+00 
-8.1007602e-06 1.8448336e-05 0.0000000e+00 
1.1177966e-05 -4.8970920e-05 0.0000000e+00 
5.4194592e-05 -6.6266395e-05 0.0000000e+00 
7.0827082e-07 -1.2922799e-05 0.0000000e+00 
1.5611993e-05 -1.9239495e-05 0.0000000e+00 
-2.8399751e-05 1.9430183e-05 0.0000000e+00 
4.2804800e+06 1.3440164e+06 0.0000000e+00 
4.0426617e-05 -4.4599175e-05 0.0000000e+00 
-7.1809627e-06 1.5103724e-05 0.0000000e+00 
-1.0540709e-05 -2.7343864e-05 0.0000000e+00 
7.6247379e-06 -2.8384689e-05 0.0000000e+00 
-7.1537215e-06 -9.9537428e-06 0.0000000e+00 
3.8573984e-05 -4.3169595e-05 0.0000000e+00 
3.6214478e-05 -3.2308046e-05 0.0000000e+00 
-3.0496158e-06 -3.8219150e-07 0.0000000e+00 
-2.2401102e-05 1.0120682e-05 0.0000000e+00 
7.7337027e-06 -1.7899787e-05 0.0000000e+00 
7.2037801e-07 -5.1530078e-06 0.0000000e+00 
4.5279041e-05 -3.0935276e-05 0.0000000e+00 
1.4122576e-05 -1.1691111e-05 0.0000000e+00 
9.1965776e-06 1.0623364e-05 0.0000000e+00 
1.8241815e-05 -2.2251857e-05 0.0000000e+00 
1.3947953e-05 -2.4763634e-05 0.0000000e+00 
-1.3409415e-05 6.9348607e-06 0.0000000e+00 
-1.1888798e-05 3.7214253e-05 0.0000000e+00 
4.7753565e-06 -1.1045719e-05 0.0000000e+00 
1.1192635e-05 -2.2482127e-06 0.0000000e+00 
-1.2745149e-05 4.7200476e-05 0.0000000e+00 
9.3793496e-06 -2.5611371e-05 0.0000000e+00 
-1.1447351e-05 1.4461577e-05 0.0000000e+00 
-4.5256689e-05 1.2387987e-05 0.0000000e+00 
-1.0348624e-05 1.6667997e-05 0.0000000e+00 
-1.3493001e-05 2.4725217e-05 0.0000000e+00 
1.9239204e-05 -2.6338268e-05 0.0000000e+00 
-1.1078082e-05 5.0361501e-05 0.0000000e+00 
6.3707121e-06 -4.0445157e-05 0.0000000e+00 
-3.4268480e-05 3.7949532e-05 0.0000000e+00 
-2.5664922e-06 1.6732956e-05 0.0000000e+00 
-1.3451558e-05 2.3207162e-05 0.0000000e+00 
-6.5761153e-05 5.9973449e-05 0.0000000e+00 
-1.6693259e-05 3.0760129e-05 0.0000000e+00 
-5.2484218e-05 3.0350406e-05 0.0000000e+00 
-1.1728145e-05 2.5699497e-05 0.0000000e+00 
4.7511421e-06 2.5494955e-06 0.0000000e+00 
1.5989237e-05 -2.1718908e-05 0.0000000e+00 
-2.3005996e-05 3.3166260e-05 0.0000000e+00 
-3.0016061e-05 3.1363685e-05 0.0000000e+00 
1.0321382e-05 -2.8315771e-06 0.0000000e+00 
-2.2063032e-05 2.8952258e-05 0.0000000e+00 
-1.2183562e-05 1.9462779e-05 0.0000000e+00 
-3.6242884e-05 4.6205125e-05 0.0000000e+00 
5.2406915e+06 1.4453416e+06 0.0000000e+00 
-1.4206162e-06 1.4793593e-05 0.0000000e+00 
7.1271788e-06 -3.3182325e-05 0.0000000e+00 
-9.6145086e-06 1.4712801e-05 0.0000000e+00 
2.5855843e-05 -2.3042317e-05 0.0000000e+00 
-3.5682460e-05 3.7345104e-05 0.0000000e+00 
7.2875991e-08 1.3715849e-05 0.0000000e+00 
7.4505806e-06 8.2897022e-06 0.0000000e+00 
5.3816475e-06 -6.8470836e-06 0.0000000e+00 
9.3942508e-06 -2.7269591e-05 0.0000000e+00 
2.1460000e-05 -5.6037679e-06 0.0000000e+00 
-1.8333085e-06 -4.4456683e-06 0.0000000e+00 
-4.7182199e-05 1.8525403e-05 0.0000000e+00 
3.5833567e-05 -5.0774310e-05 0.0000000e+00 
4.8441580e-06 -9.0730609e-06 0.0000000e+00 
5.9939921e-06 -9.1372058e-06 0.0000000e+00 
4.8335642e-07 7.1707182e-06 0.0000000e+00 
2.2082590e-05 -3.1824573e-05 0.0000000e+00 
-1.1344557e-05 2.4013454e-05 0.0000000e+00 
2.7529430e-05 -1.5770085e-05 0.0000000e+00 
-2.9661693e-05 3.0218245e-05 0.0000000e+00 
8.2140323e-06 -7.5622811e-06 0.0000000e+00 
3.3103162e-05 -4.4697430e-05 0.0000000e+00 
-3.5102712e-06 -1.7514220e-05 0.0000000e+00 
1.2225937e-05 -2.7734786e-05 0.0000000e+00 
8.1253238e-06 -3.7132762e-05 0.0000000e+00 
-1.5289988e-06 6.5923668e-06 0.0000000e+00 
-3.2549724e-07 1.0456424e-05 0.0000000e+00 
5.2166870e-06 -3.3644610e-05 0.0000000e+00 
1.6993843e-05 -6.6896901e-06 0.0000000e+00 
9.9602621e-06 -3.1550415e-05 0.0000000e+00 
6.0835853e-05 -4.8866030e-05 0.0000000e+00 
-4.8303045e-06 1.5533777e-05 0.0000000e+00 
8.0722384e-06 -1.6133185e-05 0.0000000e+00 
1.9550323e-05 -1.3589161e-05 0.0000000e+00 
1.1053402e-05 -9.5600262e-06 0.0000000e+00 
3.8214959e-05 -7.5764488e-05 0.0000000e+00 
2.0093750e-05 -3.1463336e-05 0.0000000e+00 
-6.9718808e-06 -9.4044954e-06 0.0000000e+00 
-8.9523965e-06 3.7020072e-05 0.0000000e+00 
-7.8408048e-06 9.3290582e-06 0.0000000e+00 
-2.3704488e-05 1.6309554e-05 0.0000000e+00 
-9.7872689e-06 -1.5133526e-05 0.0000000e+00 
1.9114465e-05 -1.1411030e-05 0.0000000e+00 
2.1539163e-06 -1.8902254e-05 0.0000000e+00 
-9.0198591e-06 2.1092128e-05 0.0000000e+00 
-1.5528407e-05 2.0251959e-05 0.0000000e+00 
-4.6845526e-06 -1.4375895e-05 0.0000000e+00 
-2.6301015e-05 1.3852492e-05 0.0000000e+00 
1.0467134e-05 -3.3218414e-05 0.0000000e+00 
3.6219135e-06 8.3730556e-06 0.0000000e+00 
-1.2573088e-05 3.8319500e-05 0.0000000e+00 
6.2602200e+06 1.5264522e+06 0.0000000e+00 
1.2733508e-05 -3.1945063e-05 0.0000000e+00 
-4.2585656e-05 5.0402596e-05 0.0000000e+00 
-2.1333573e-05 4.1458406e-05 0.0000000e+00 
-5.4608099e-06 1.6007340e-05 0.0000000e+00 
2.8731301e-07 4.9928203e-06 0.0000000e+00 
-7.9669990e-06 7.1441755e-06 0.0000000e+00 
1.5147962e-06 -2.8090551e-05 0.0000000e+00 
1.7733895e-05 -2.6028487e-05 0.0000000e+00 
-6.4526685e-06 -1.0324293e-05 0.0000000e+00 
3.9426144e-05 -4.1346066e-05 0.0000000e+00 
6.1253668e-06 -1.6873470e-05 0.0000000e+00 
1.8000137e-05 -1.8215738e-05 0.0000000e+00 
6.3289190e-07 -1.6610138e-05 0.0000000e+00 
9.7944867e-06 -4.8014626e-06 0.0000000e+00 
7.2026160e-07 -1.2016390e-05 0.0000000e+00 
-3.0478463e-05 1.8945895e-05 0.0000000e+00 
-6.6421926e-06 1.6200589e-05 0.0000000e+00 
-4.2837113e-05 4.8622489e-05 0.0000000e+00 
1.2636185e-05 5.8906153e-07 0.0000000e+00 
2.9015355e-06 9.8723685e-06 0.0000000e+00 
1.6116537e-05 -3.8475730e-05 0.0000000e+00 
-3.3335193e-05 4.3453765e-05 0.0000000e+00 
-2.1653250e-06 -2.0091655e-05 0.0000000e+00 
-4.3241307e-06 -1.6426668e-05 0.0000000e+00 
8.9185778e-06 -2.8841197e-05 0.0000000e+00 
-8.4526837e-06 1.8687453e-05 0.0000000e+00 
1.8593855e-06 5.0631352e-06 0.0000000e+00 
2.0026229e-05 -5.1880954e-05 0.0000000e+00 
-2.2680964e-05 3.7687365e-05 0.0000000e+00 
-3.6710408e-05 1.5427358e-05 0.0000000e+00 
-7.7562872e-06 1.2397519e-05 0.0000000e+00 
1.1052005e-05 -3.4322497e-05 0.0000000e+00 
-4.2268541e-05 2.5480054e-05 0.0000000e+00 
1.9173604e-05 -1.1082739e-06 0.0000000e+00 
-1.0355376e-05 2.9270537e-05 0.0000000e+00 
-1.4344230e-05 8.3412742e-06 0.0000000e+00 
-7.7170320e-05 5.7384837e-05 0.0000000e+00 
3.7616119e-05 -6.6696666e-05 0.0000000e+00 
7.0363749e-06 7.0971437e-06 0.0000000e+00 
2.1781889e-06 8.9225359e-06 0.0000000e+00 
-8.9090317e-06 2.8815586e-05 0.0000000e+00 
3.5082921e-06 -2.7896604e-05 0.0000000e+00 
-7.7860896e-06 2.1789223e-05 0.0000000e+00 
-2.8082170e-05 3.5630539e-05 0.0000000e+00 
5.2724499e-06 -1.8857536e-05 0.0000000e+00 
-7.5986609e-06 -4.6615023e-06 0.0000000e+00 
5.4936972e-06 -4.6991277e-05 0.0000000e+00 
4.8149377e-07 5.9970189e-06 0.0000000e+00 
2.3548491e-05 -5.6999736e-05 0.0000000e+00 
-1.3901386e-05 2.2743945e-05 0.0000000e+00 
7.3459450e+06 1.5841555e+06 0.0000000e+00 
1.6621489e-06 5.1453244e-06 0.0000000e+00 
-3.2882672e-05 4.0055951e-05 0.0000000e+00 
-3.9185397e-07 -2.2389926e-05 0.0000000e+00 
2.6868656e-06 -8.6519867e-06 0.0000000e+00 
1.0664109e-05 -1.1385535e-05 0.0000000e+00 
-1.0784250e-05 8.1150793e-06 0.0000000e+00 
-1.8084422e-05 3.7252903e-09 0.0000000e+00 
-1.4436198e-05 1.6822101e-05 0.0000000e+00 
-8.6179934e-06 2.2833236e-05 0.0000000e+00 
-1.2586490e-05 1.0092976e-05 0.0000000e+00 
-2.0619482e-06 -2.0207372e-06 0.0000000e+00 
-1.4198944e-05 -3.2609387e-06 0.0000000e+00 
-4.2805914e-05 6.8537542e-05 0.0000000e+00 
4.8781745e-05 -3.6278740e-05 0.0000000e+00 
7.0231035e-06 4.4172630e-06 0.0000000e+00 
3.0540396e-05 -5.8514997e-06 0.0000000e+00 
3.7292019e-05 -6.2168110e-05 0.0000000e+00 
1.4285557e-05 -2.7272385e-05 0.0000000e+00 
-2.1776650e-05 5.4951292e-05 0.0000000e+00 
3.1532953e-05 -5.1337818e-05 0.0000000e+00 
1.8980354e-06 -1.1592172e-05 0.0000000e+00 
-1.4577992e-05 2.1739048e-05 0.0000000e+00 
2.8017908e-05 -4.5429450e-05 0.0000000e+00 
-1.0285177e-05 1.3999641e-05 0.0000000e+00 
2.8745271e-05 -3.9693434e-05 0.0000000e+00 
-3.1074509e-05 3.9172824e-05 0.0000000e+00 
7.2666444e-06 -1.7493498e-05 0.0000000e+00 
2.5987625e-05 -3.0243769e-05 0.0000000e+00 
1.4570542e-05 -1.5025958e-05 0.0000000e+00 
9.6764416e-06 -1.4433172e-05 0.0000000e+00 
-2.0380598e-05 2.1336004e-05 0.0000000e+00 
1.7741229e-05 2.2682361e-06 0.0000000e+00 
3.4845434e-06 -2.5802292e-05 0.0000000e+00 
3.0193478e-06 -1.6636681e-05 0.0000000e+00 
6.6275243e-05 -8.3173043e-05 0.0000000e+00 
-1.7448328e-06 3.4221448e-06 0.0000000e+00 
-6.5346248e-06 -2.0659529e-05 0.0000000e+00 
1.9846484e-06 -6.3764746e-06 0.0000000e+00 
-3.4841942e-06 8.5565262e-06 0.0000000e+00 
1.1695083e-05 -1.2880657e-05 0.0000000e+00 
6.9068046e-06 -4.4007029e-05 0.0000000e+00 
-1.4929101e-05 2.1140790e-05 0.0000000e+00 
2.2931956e-05 -2.2658613e-05 0.0000000e+00 
1.0428485e-05 -2.1101441e-06 0.0000000e+00 
-1.0422082e-05 2.7090427e-06 0.0000000e+00 
1.4787569e-05 -3.9165607e-06 0.0000000e+00 
5.6406716e-06 -3.8694125e-06 0.0000000e+00 
8.7493099e-06 -1.4248770e-05 0.0000000e+00 
-1.8183608e-05 4.7704205e-05 0.0000000e+00 
-1.4366815e-05 1.0354037e-05 0.0000000e+00 
-2.1657906e-05 5.1658601e-05 0.0000000e+00 
7.5674616e-06 2.2430439e-05 0.0000000e+00 
-8.5949432e-06 -2.9527582e-06 0.0000000e+00 
8.5069220e+06 1.6144870e+06 0.0000000e+00 
3.7981197e-05 -2.9053539e-05 0.0000000e+00 
-1.9949861e-05 2.7619302e-05 0.0000000e+00 
-9.0901740e-06 4.5971479e-05 0.0000000e+00 
-2.5952235e-05 2.6402064e-05 0.0000000e+00 
6.8694353e-06 1.8421764e-05 0.0000000e+00 
-4.1641528e-05 5.6918303e-05 0.0000000e+00 
-1.2395903e-05 9.7784214e-06 0.0000000e+00 
3.5651494e-05 -9.0233516e-06 0.0000000e+00 
2.5443267e-05 -1.2307893e-05 0.0000000e+00 
-2.4827197e-05 3.5541016e-05 0.0000000e+00 
-3.4632394e-06 3.6763959e-05 0.0000000e+00 
1.4071818e-05 -7.2149560e-06 0.0000000e+00 
-1.7002225e-05 3.9772596e-05 0.0000000e+00 
-3.9637554e-05 4.5958441e-05 0.0000000e+00 
8.6403452e-06 -4.7094189e-05 0.0000000e+00 
-4.8566610e-05 9.9773286e-05 0.0000000e+00 
-1.6083941e-06 4.8391521e-06 0.0000000e+00 
1.8688850e-05 -3.2207463e-05 0.0000000e+00 
5.6198332e-06 -3.8477127e-05 0.0000000e+00 
7.6424330e-06 -4.5476481e-06 0.0000000e+00 
-7.7872537e-06 -9.2845876e-06 0.0000000e+00 
5.6240242e-06 2.6452821e-05 0.0000000e+00 
-4.8804097e-05 6.1969738e-05 0.0000000e+00 
1.8565916e-05 -3.5688281e-06 0.0000000e+00 
-3.2714568e-05 2.2715889e-05 0.0000000e+00 
7.7206641e-06 -3.0291994e-05 0.0000000e+00 
4.0476676e-05 -4.6725851e-05 0.0000000e+00 
-4.3956563e-05 4.0670857e-06 0.0000000e+00 
-7.2750699e-06 6.3786283e-06 0.0000000e+00 
-9.8014716e-06 1.9008527e-05 0.0000000e+00 
-2.7026981e-06 -1.3392419e-05 0.0000000e+00 
1.0208023e-05 -5.2145915e-06 0.0000000e+00 
8.4575731e-07 -1.6067817e-05 0.0000000e+00 
-1.7701183e-05 2.4147332e-05 0.0000000e+00 
1.7074868e-05 -2.7983915e-05 0.0000000e+00 
-5.7666330e-06 3.6517158e-06 0.0000000e+00 
-2.5100075e-05 2.2653723e-05 0.0000000e+00 
1.4625373e-05 -2.4540030e-05 0.0000000e+00 
-3.3316202e-05 2.0766864e-05 0.0000000e+00 
6.9686212e-06 1.5832484e-06 0.0000000e+00 
-1.8162653e-05 -2.4643727e-05 0.0000000e+00 
5.8109406e-05 -4.1104387e-05 0.0000000e+00 
3.3303164e-05 -6.2879641e-05 0.0000000e+00 
-5.0712842e-06 9.5401192e-06 0.0000000e+00 
-1.8529128e-05 3.2200478e-07 0.0000000e+00 
-1.4184043e-06 2.0931475e-05 0.0000000e+00 
1.3214070e-05 -1.9115003e-05 0.0000000e+00 
-6.2359031e-06 6.5667555e-06 0.0000000e+00 
2.5900896e-05 -5.3700525e-05 0.0000000e+00 
-5.4473057e-06 -3.0569732e-05 0.0000000e+00 
7.9833902e-05 -7.1991235e-05 0.0000000e+00 
2.9126182e-05 -4.1320454e-05 0.0000000e+00 
2.7571106e-05 -6.0532242e-05 0.0000000e+00 
1.8556602e-06 -9.5744617e-06 0.0000000e+00 
9.7553510e+06 1.6124159e+06 0.0000000e+00 
-1.4193356e-06 -1.4272751e-05 0.0000000e+00 
-2.4393667e-06 2.9341463e-06 0.0000000e+00 
6.3718762e-06 -1.8177321e-05 0.0000000e+00 
-2.5240704e-05 8.6612999e-06 0.0000000e+00 
-7.9940073e-06 -1.0726042e-05 0.0000000e+00 
1.3448298e-06 -4.2309402e-06 0.0000000e+00 
1.2887642e-05 -2.7790200e-05 0.0000000e+00 
-4.0315092e-05 6.0003018e-05 0.0000000e+00 
-1.6047619e-05 3.1845411e-05 0.0000000e+00 
7.1348622e-06 -9.1302209e-06 0.0000000e+00 
-4.9914233e-06 3.5893172e-06 0.0000000e+00 
-7.1371906e-06 2.2815308e-05 0.0000000e+00 
7.6438300e-07 1.5957747e-05 0.0000000e+00 
2.4531037e-06 5.1362440e-07 0.0000000e+00 
-1.6572885e-06 -8.1590842e-06 0.0000000e+00 
1.5939586e-05 -3.9720209e-05 0.0000000e+00 
3.5456178e-06 -6.6419598e-06 0.0000000e+00 
-7.8525394e-05 4.5270659e-05 0.0000000e+00 
-8.4051862e-07 -3.1290576e-05 0.0000000e+00 
6.9942325e-06 1.2003351e-05 0.0000000e+00 
-2.8977520e-05 2.9840739e-05 0.0000000e+00 
-3.1604141e-06 5.1248353e-06 0.0000000e+00 
-2.2490975e-05 2.8061680e-05 0.0000000e+00 
-5.0586183e-05 4.1510910e-05 0.0000000e+00 
-1.9297004e-05 2.5623012e-05 0.0000000e+00 
1.0465272e-05 -4.9360096e-08 0.0000000e+00 
-3.2950193e-06 2.9476127e-05 0.0000000e+00 
-1.4611753e-05 9.0723624e-06 0.0000000e+00 
-5.6258868e-06 4.7085341e-05 0.0000000e+00 
3.9422885e-05 -6.2859413e-05 0.0000000e+00 
9.0808608e-06 -1.5016645e-05 0.0000000e+00 
-7.2784023e-06 -2.4906010e-05 0.0000000e+00 
-4.4121873e-05 4.0497631e-05 0.0000000e+00 
-9.0312678e-06 -3.7877355e-05 0.0000000e+00 
3.0089170e-05 -1.4851335e-05 0.0000000e+00 
-7.4324198e-06 1.8339197e-05 0.0000000e+00 
-1.9269995e-05 5.4761767e-06 0.0000000e+00 
3.3671968e-06 -1.0351650e-06 0.0000000e+00 
-3.3463468e-05 5.5086872e-05 0.0000000e+00 
3.3769757e-06 -2.0471402e-05 0.0000000e+00 
-3.8180500e-05 5.0349860e-05 0.0000000e+00 
3.6804471e-05 -3.2698270e-05 0.0000000e+00 
-6.6403300e-07 -7.0431270e-06 0.0000000e+00 
2.6046298e-05 -2.6034657e-05 0.0000000e+00 
1.6118865e-05 -4.1428837e-05 0.0000000e+00 
1.6700476e-05 -3.9400533e-05 0.0000000e+00 
-6.6692010e-06 -2.4354085e-05 0.0000000e+00 
1.2573786e-05 -1.5199184e-05 0.0000000e+00 
-3.7378049e-06 1.6479986e-05 0.0000000e+00 
2.4206005e-05 -3.5775360e-05 0.0000000e+00 
1.2898352e-05 -3.3467077e-05 0.0000000e+00 
-1.6321894e-05 4.2618951e-05 0.0000000e+00 
-2.7400441e-05 2.7739210e-05 0.0000000e+00 
1.1108120e+07 1.5713884e+06 0.0000000e+00 
3.1928532e-05 -4.6677218e-05 0.0000000e+00 
5.0468370e-06 4.6733767e-06 0.0000000e+00 
1.6611069e-05 -2.4531502e-05 0.0000000e+00 
2.1710061e-05 -3.4420751e-05 0.0000000e+00 
1.9229949e-05 -8.1163365e-05 0.0000000e+00 
1.5775207e-05 -1.3762619e-05 0.0000000e+00 
-5.6950375e-06 2.4990062e-05 0.0000000e+00 
-4.7263457e-06 1.9046827e-05 0.0000000e+00 
2.6025809e-05 -4.1528372e-05 0.0000000e+00 
-7.5662829e-06 1.2180884e-05 0.0000000e+00 
5.2144751e-05 -5.7193451e-05 0.0000000e+00 
9.2722476e-06 -3.7811231e-05 0.0000000e+00 
-1.7042737e-05 3.0283118e-05 0.0000000e+00 
2.0814972e-05 -1.5922007e-05 0.0000000e+00 
1.4114194e-06 3.5852427e-05 0.0000000e+00 
-6.9281086e-06 -2.8456561e-06 0.0000000e+00 
1.1969823e-05 -3.1920499e-05 0.0000000e+00 
-1.7072074e-05 8.7441877e-06 0.0000000e+00 
3.1569507e-05 -1.1237804e-05 0.0000000e+00 
-2.4797395e-05 2.3648143e-05 0.0000000e+00 
-2.3417175e-05 2.7604867e-05 0.0000000e+00 
-9.5482101e-06 5.8618316e-06 0.0000000e+00 
-4.1984022e-06 6.7898072e-06 0.0000000e+00 
2.3832079e-05 -1.6243197e-05 0.0000000e+00 
-2.6095659e-06 2.3763627e-05 0.0000000e+00 
-2.2983644e-05 4.2046770e-05 0.0000000e+00 
-1.6360544e-05 5.4472126e-05 0.0000000e+00 
1.4379621e-05 -1.5021767e-05 0.0000000e+00 
-4.5895576e-06 2.2019958e-05 0.0000000e+00 
-1.6057864e-05 2.9425137e-05 0.0000000e+00 
2.9378338e-05 -6.5405271e-05 0.0000000e+00 
1.5849830e-05 -3.5803358e-05 0.0000000e+00 
-4.3804757e-06 6.8717636e-06 0.0000000e+00 
-3.6508311e-05 4.4278102e-05 0.0000000e+00 
2.1217391e-05 -1.0821968e-05 0.0000000e+00 
-6.1385799e-06 1.4784280e-05 0.0000000e+00 
-4.7355425e-06 2.7008355e-07 0.0000000e+00 
-4.5442022e-05 6.1927363e-05 0.0000000e+00 
-1.5906990e-05 2.0630658e-05 0.0000000e+00 
-1.8935185e-05 3.8745638e-05 0.0000000e+00 
-4.1236635e-05 4.9712136e-05 0.0000000e+00 
3.1855889e-06 2.1019951e-06 0.0000000e+00 
6.0508028e-06 -2.2188760e-05 0.0000000e+00 
-1.0468066e-05 2.3992267e-05 0.0000000e+00 
9.9167228e-06 -3.1194184e-05 0.0000000e+00 
1.5934231e-05 -3.8561178e-05 0.0000000e+00 
1.0115094e-05 -8.0774771e-06 0.0000000e+00 
-6.1473809e-05 6.0880557e-05 0.0000000e+00 
-5.1162206e-06 2.2037420e-06 0.0000000e+00 
-1.0916498e-05 -2.5427435e-05 0.0000000e+00 
-3.2451935e-05 3.7718564e-06 0.0000000e+00 
2.5574118e-05 -5.0623203e-05 0.0000000e+00 
8.0082100e-07 4.4107146e-06 0.0000000e+00 
1.2589419e+07 1.4827391e+06 0.0000000e+00 
-1.8351129e-05 1.3973739e-05 0.0000000e+00 
-5.4948032e-07 -2.9197661e-05 0.0000000e+00 
1.8681400e-05 -2.1677930e-05 0.0000000e+00 
1.2073870e-05 -1.9058469e-05 0.0000000e+00 
-8.5053034e-07 -1.1170632e-05 0.0000000e+00 
3.2791868e-06 -2.4875859e-05 0.0000000e+00 
5.2209944e-06 -6.5430067e-06 0.0000000e+00 
-2.0489097e-05 7.0180045e-05 0.0000000e+00 
-1.5129801e-05 2.9405113e-05 0.0000000e+00 
6.0456805e-06 -3.1027012e-05 0.0000000e+00 
-1.4046513e-05 -6.7910296e-06 0.0000000e+00 
2.6153459e-05 -2.3795292e-05 0.0000000e+00 
-1.9972213e-06 2.2272230e-05 0.0000000e+00 
-2.0111445e-05 2.0628329e-05 0.0000000e+00 
1.8869527e-05 -3.2828422e-05 0.0000000e+00 
-2.3438130e-05 5.8592763e-05 0.0000000e+00 
6.9253147e-06 -1.1407770e-05 0.0000000e+00 
-5.8151782e-06 1.3954006e-05 0.0000000e+00 
9.8790042e-06 -5.1598530e-05 0.0000000e+00 
8.4312924e-06 5.1992247e-06 0.0000000e+00 
1.2712087e-05 -3.2720156e-05 0.0000000e+00 
5.9381127e-06 -1.2579840e-05 0.0000000e+00 
3.0859374e-05 -5.0823204e-05 0.0000000e+00 
8.8696834e-06 -2.2841152e-05 0.0000000e+00 
-1.3013370e-05 9.0589747e-06 0.0000000e+00 
-2.5145710e-08 -6.2943436e-06 0.0000000e+00 
-7.5642020e-06 8.0191530e-06 0.0000000e+00 
-5.9385784e-06 9.5511787e-06 0.0000000e+00 
1.5407801e-05 -2.5935471e-05 0.0000000e+00 
2.6944093e-05 -5.7684025e-05 0.0000000e+00 
-1.4178164e-05 9.7361626e-06 0.0000000e+00 
-8.3139166e-06 -1.0147924e-05 0.0000000e+00 
6.5378845e-07 -9.0390677e-06 0.0000000e+00 
-1.5768921e-05 2.0634267e-05 0.0000000e+00 
1.9469298e-06 6.4605847e-06 0.0000000e+00 
-3.0617695e-05 3.7911115e-05 0.0000000e+00 
1.0836287e-05 -3.0031792e-05 0.0000000e+00 
2.6820693e-05 -2.5139889e-05 0.0000000e+00 
7.5583812e-05 -5.4394361e-05 0.0000000e+00 
-1.8603168e-05 -5.3751282e-06 0.0000000e+00 
-1.8510036e-05 1.1556782e-05 0.0000000e+00 
-1.7717946e-05 -8.2403421e-06 0.0000000e+00 
2.0655338e-05 -4.4327229e-05 0.0000000e+00 
-4.1499734e-06 -1.6931444e-05 0.0000000e+00 
-1.5049241e-05 2.4649780e-05 0.0000000e+00 
-4.4321641e-06 3.3119693e-05 0.0000000e+00 
-1.4770776e-06 5.8771111e-06 0.0000000e+00 
2.5182962e-06 -9.6579315e-06 0.0000000e+00 
-4.0410087e-06 1.2096483e-05 0.0000000e+00 
-4.2577740e-05 6.1976723e-05 0.0000000e+00 
-3.0666124e-06 -4.0390296e-06 0.0000000e+00 
-3.8531143e-06 -1.8724124e-05 0.0000000e+00 
-1.6679056e-05 3.2690121e-05 0.0000000e+00 
-3.9588194e-05 3.3236109e-05 0.0000000e+00 
6.0808379e-06 -1.0820862e-05 0.0000000e+00 
-1.9766390e-05 4.1277381e-05 0.0000000e+00 
7.5435964e-06 -2.2238295e-05 0.0000000e+00 
-1.5425496e-05 1.5695579e-05 0.0000000e+00 
1.4063204e-05 -4.0294195e-05 0.0000000e+00 
1.4235317e+07 1.3342995e+06 0.0000000e+00 
-7.2903931e-06 8.2766637e-06 0.0000000e+00 
-9.4561838e-06 -4.7683716e-06 0.0000000e+00 
9.2955306e-06 -1.7884769e-05 0.0000000e+00 
1.8556137e-05 -5.3850468e-05 0.0000000e+00 
8.5232459e-06 -2.3004890e-05 0.0000000e+00 
-6.6805165e-05 5.6573655e-05 0.0000000e+00 
2.2387598e-05 -1.6043428e-05 0.0000000e+00 
-4.1970052e-06 2.3157336e-05 0.0000000e+00 
1.2757257e-05 -1.5702448e-05 0.0000000e+00 
3.8972124e-05 -4.6745408e-05 0.0000000e+00 
4.1852763e-06 -3.4170953e-05 0.0000000e+00 
1.7262064e-06 5.2086543e-06 0.0000000e+00 
3.5669655e-07 -1.5286263e-05 0.0000000e+00 
-3.3341348e-07 3.3014454e-05 0.0000000e+00 
-1.1558179e-05 3.8961880e-06 0.0000000e+00 
1.0630116e-05 -4.9746362e-05 0.0000000e+00 
-5.6785066e-06 -1.6996288e-05 0.0000000e+00 
4.9710274e-05 -3.0909199e-05 0.0000000e+00 
-6.3045882e-05 3.6711572e-05 0.0000000e+00 
3.6625657e-05 -4.5586145e-05 0.0000000e+00 
2.7838629e-05 -1.3943994e-05 0.0000000e+00 
-1.5711412e-06 -1.2870878e-05 0.0000000e+00 
-1.8704683e-05 7.1779126e-05 0.0000000e+00 
7.8544253e-06 -3.0773925e-05 0.0000000e+00 
-8.3870254e-06 1.7551938e-05 0.0000000e+00 
-1.3555924e-05 2.4334222e-05 0.0000000e+00 
2.4432782e-05 -2.5782268e-05 0.0000000e+00 
3.1501986e-05 -4.4311397e-05 0.0000000e+00 
-1.3561454e-05 -3.5883859e-06 0.0000000e+00 
1.5093479e-05 -7.1246177e-06 0.0000000e+00 
8.5236970e-06 -3.1178351e-05 0.0000000e+00 
1.4151912e-05 -3.1499192e-05 0.0000000e+00 
6.4913183e-06 5.3085387e-08 0.0000000e+00 
-2.8247014e-05 5.9625134e-05 0.0000000e+00 
-1.2694858e-05 -6.5597706e-06 0.0000000e+00 
-1.5528640e-05 1.1146738e-05 0.0000000e+00 
8.5597858e-06 -4.8781512e-05 0.0000000e+00 
-8.1784092e-06 3.3744494e-05 0.0000000e+00 
1.9839499e-06 -2.7583446e-06 0.0000000e+00 
-1.4738180e-07 2.1864544e-05 0.0000000e+00 
-3.8646162e-05 2.3989473e-05 0.0000000e+00 
1.1557713e-06 1.8769875e-05 0.0000000e+00 
-4.3779146e-05 7.3470641e-05 0.0000000e+00 
1.9265339e-05 -2.8491835e-05 0.0000000e+00 
6.0694292e-05 -4.4761226e-05 0.0000000e+00 
-1.6782433e-06 -2.9520597e-06 0.0000000e+00 
1.7061830e-06 2.8004870e-06 0.0000000e+00 
-1.8663472e-05 7.3420815e-06 0.0000000e+00 
6.4489432e-06 4.9785245e-05 0.0000000e+00 
-3.9152801e-06 6.5938802e-06 0.0000000e+00 
-3.0426774e-05 4.3786364e-05 0.0000000e+00 
1.4006626e-05 1.6455073e-05 0.0000000e+00 
-6.0861930e-06 -1.0767486e-05 0.0000000e+00 
1.4529796e-05 -4.2916683e-05 0.0000000e+00 
-4.7992449e-05 5.4202625e-05 0.0000000e+00 
-4.9054797e-06 2.8560054e-05 0.0000000e+00 
-2.5439542e-05 4.1654799e-05 0.0000000e+00 
1.2814999e-06 9.3681738e-06 0.0000000e+00 
-2.1692831e-05 5.9665181e-05 0.0000000e+00 
1.6102828e+07 1.1116276e+06 0.0000000e+00 
-2.7837930e-05 3.1650532e-05 0.0000000e+00 
-1.9862317e-05 1.8849969e-05 0.0000000e+00 
2.4826266e-05 -6.3141808e-05 0.0000000e+00 
-1.1561904e-05 9.4305724e-06 0.0000000e+00 
-4.4645742e-05 3.1651463e-05 0.0000000e+00 
-5.8650039e-06 9.4642164e-06 0.0000000e+00 
1.0284130e-06 -1.3638026e-05 0.0000000e+00 
4.1480176e-05 -4.7211535e-05 0.0000000e+00 
9.7936485e-05 -7.7357981e-05 0.0000000e+00 
3.6414713e-07 1.1258526e-05 0.0000000e+00 
-7.7914447e-06 2.3520552e-05 0.0000000e+00 
-3.0876603e-05 4.6874629e-05 0.0000000e+00 
4.0835701e-05 -4.7629699e-05 0.0000000e+00 
-4.7355192e-05 3.4569763e-05 0.0000000e+00 
1.8978491e-05 -3.6121113e-05 0.0000000e+00 
-1.9555911e-05 -1.1632219e-06 0.0000000e+00 
1.4042482e-05 -4.2427564e-05 0.0000000e+00 
2.2101682e-05 -9.0041431e-06 0.0000000e+00 
5.0617382e-07 7.0607348e-07 0.0000000e+00 
1.2391247e-05 -9.7788870e-07 0.0000000e+00 
4.6163797e-05 -6.2040635e-05 0.0000000e+00 
-4.2098109e-05 5.0306320e-05 0.0000000e+00 
4.6184286e-05 -6.2023290e-05 0.0000000e+00 
6.1346218e-06 -6.4763241e-05 0.0000000e+00 
3.1078234e-06 -2.2857450e-05 0.0000000e+00 
8.0717728e-06 1.2955396e-05 0.0000000e+00 
9.2412811e-06 -1.4934572e-05 0.0000000e+00 
2.1714717e-05 -2.7350150e-05 0.0000000e+00 
4.7804788e-06 -4.0268525e-05 0.0000000e+00 
2.5187619e-05 -4.8279762e-06 0.0000000e+00 
-5.8972742e-05 5.2098185e-05 0.0000000e+00 
-2.3754314e-05 2.6345486e-05 0.0000000e+00 
-1.4206395e-05 2.1497894e-05 0.0000000e+00 
-4.4824556e-05 3.1357165e-05 0.0000000e+00 
-1.3257843e-05 3.2862998e-05 0.0000000e+00 
1.6061123e-05 -3.8704136e-05 0.0000000e+00 
-2.0829961e-05 -1.0152347e-05 0.0000000e+00 
2.4590641e-05 -2.4185050e-05 0.0000000e+00 
-5.9173733e-05 6.0743419e-05 0.0000000e+00 
-2.1445099e-05 2.3290486e-05 0.0000000e+00 
1.9744039e-07 1.4732126e-05 0.0000000e+00 
3.8156169e-05 -5.5970304e-05 0.0000000e+00 
1.5084166e-05 -6.5984204e-06 0.0000000e+00 
-6.7362562e-06 -6.7520887e-08 0.0000000e+00 
3.5444275e-05 -6.3810730e-05 0.0000000e+00 
-1.8806197e-05 -1.0332093e-05 0.0000000e+00 
2.3669563e-06 3.6929268e-06 0.0000000e+00 
-3.5017729e-06 4.7252513e-05 0.0000000e+00 
-9.4603747e-06 2.8498005e-05 0.0000000e+00 
-3.2461714e-05 4.0423023e-05 0.0000000e+00 
1.4265999e-05 -6.0443534e-05 0.0000000e+00 
3.5155215e-05 -3.1468458e-05 0.0000000e+00 
-1.2897886e-05 8.5153151e-06 0.0000000e+00 
8.6193904e-07 -1.3031065e-05 0.0000000e+00 
1.8286350e+07 7.8407912e+05 0.0000000e+00 
-7.5453427e-06 4.4587068e-06 0.0000000e+00 
-2.6891008e-05 1.5862752e-05 0.0000000e+00 
4.6515837e-05 -4.8921909e-05 0.0000000e+00 
1.2598466e-05 -1.4794059e-05 0.0000000e+00 
-7.4880663e-05 9.7658485e-05 0.0000000e+00 
-3.2494776e-05 3.2793963e-05 0.0000000e+00 
2.5678775e-05 -3.5264384e-05 0.0000000e+00 
9.0971589e-06 1.5890691e-06 0.0000000e+00 
-4.7609210e-06 -1.6713049e-05 0.0000000e+00 
-3.1769508e-05 3.3093151e-05 0.0000000e+00 
-4.3148175e-06 -2.7157366e-06 0.0000000e+00 
3.2735988e-06 -1.9550323e-05 0.0000000e+00 
-1.0910444e-05 -3.4760451e-05 0.0000000e+00 
-6.6068023e-06 2.7650502e-05 0.0000000e+00 
-8.6845830e-06 1.2305565e-05 0.0000000e+00 
3.9462466e-06 -1.4641206e-05 0.0000000e+00 
-9.4645657e-06 2.7745729e-05 0.0000000e+00 
-1.5845522e-05 1.3932819e-05 0.0000000e+00 
-2.0853709e-05 2.6906491e-05 0.0000000e+00 
1.8853229e-05 -2.6755035e-05 0.0000000e+00 
2.2219028e-06 -3.7854654e-05 0.0000000e+00 
-1.0126736e-05 1.6274047e-05 0.0000000e+00 
4.0319283e-05 -2.7675182e-05 0.0000000e+00 
1.1611264e-05 -3.0562980e-05 0.0000000e+00 
-7.9177553e-06 1.4624093e-05 0.0000000e+00 
-1.6300008e-05 9.9064200e-06 0.0000000e+00 
-1.0548625e-05 5.6251884e-06 0.0000000e+00 
-1.0803342e-06 4.3435022e-05 0.0000000e+00 
7.5153075e-06 -1.1030119e-05 0.0000000e+00 
-3.3976976e-05 6.5105734e-05 0.0000000e+00 
-6.1718747e-06 9.2575792e-06 0.0000000e+00 
-3.9244536e-05 2.8494280e-05 0.0000000e+00 
-9.1791153e-06 1.2430944e-05 0.0000000e+00 
2.0485371e-05 1.2939796e-05 0.0000000e+00 
-2.9343180e-05 1.2433156e-07 0.0000000e+00 
2.1011569e-05 -2.2235326e-06 0.0000000e+00 
-1.4072750e-05 3.8316939e-05 0.0000000e+00 
3.2555079e-05 -8.2352752e-05 0.0000000e+00 
-2.2841152e-05 6.1087776e-05 0.0000000e+00 
1.0795018e-05 3.0153897e-06 0.0000000e+00 
2.4599023e-05 -4.9502589e-05 0.0000000e+00 
-2.3088302e-05 7.0258975e-06 0.0000000e+00 
6.3346233e-06 -2.1478860e-05 0.0000000e+00 
4.3894164e-05 -2.0298176e-05 0.0000000e+00 
2.2416003e-05 7.1227551e-06 0.0000000e+00 
-3.6684796e-06 -1.6694888e-05 0.0000000e+00 
-3.1748787e-06 2.8996728e-06 0.0000000e+00 
5.5017881e-06 -4.5359600e-05 0.0000000e+00 
1.7750543e-05 -1.3984041e-05 0.0000000e+00 
6.3488260e-06 1.3858080e-06 0.0000000e+00 
6.3180923e-06 -5.0806906e-05 0.0000000e+00 
9.5493160e-06 8.0429018e-06 0.0000000e+00 
-2.7338479e-05 2.6969305e-05 0.0000000e+00 
-1.0279939e-05 8.2044862e-06 0.0000000e+00 
1.4205463e-05 -4.3767504e-06 0.0000000e+00 
-5.1748939e-06 -1.4665187e-05 0.0000000e+00 
1.7373182e-05 4.3406617e-06 0.0000000e+00 
-1.1436641e-06 -1.3969839e-09 0.0000000e+00 
-9.2623523e-06 -3.0740746e-05 0.0000000e+00 
-1.5496276e-05 1.3731420e-05 0.0000000e+00 
2.0972398e+07 4.0192175e+05 0.0000000e+00 
8.1094913e-06 -1.0246411e-05 0.0000000e+00 
5.8915466e-05 -4.7059264e-05 0.0000000e+00 
6.5232234e-06 2.5539950e-05 0.0000000e+00 
-1.4019664e-05 2.7920352e-05 0.0000000e+00 
-1.6908161e-05 2.0714011e-05 0.0000000e+00 
-1.2759119e-06 1.9819825e-05 0.0000000e+00 
9.3183480e-06 -7.5122807e-06 0.0000000e+00 
3.8698781e-05 -5.4245815e-05 0.0000000e+00 
3.3607241e-05 -8.5329870e-05 0.0000000e+00 
-5.9977174e-07 2.3942615e-05 0.0000000e+00 
5.9418380e-06 -3.1927775e-05 0.0000000e+00 
-5.9437007e-06 3.9010774e-06 0.0000000e+00 
1.6666017e-06 -3.7389807e-05 0.0000000e+00 
-2.2587832e-05 6.1846804e-06 0.0000000e+00 
-2.8740615e-06 -1.4379155e-05 0.0000000e+00 
2.0887703e-05 -7.1219692e-05 0.0000000e+00 
-5.5674464e-06 1.9043218e-05 0.0000000e+00 
2.9394403e-05 -5.3047203e-05 0.0000000e+00 
2.3464672e-06 -6.1863102e-07 0.0000000e+00 
2.0613428e-05 8.7714288e-06 0.0000000e+00 
3.0468218e-05 -3.5732519e-05 0.0000000e+00 
-4.4277869e-05 3.6154874e-05 0.0000000e+00 
1.9175000e-05 -5.5620447e-05 0.0000000e+00 
4.0312298e-06 4.5676716e-06 0.0000000e+00 
-1.2130127e-05 3.3335527e-06 0.0000000e+00 
-3.2673357e-05 7.4564101e-05 0.0000000e+00 
-3.3227960e-05 1.9248808e-05 0.0000000e+00 
8.6948276e-06 -4.2180531e-05 0.0000000e+00 
1.8583611e-05 -5.7458878e-05 0.0000000e+00 
1.9491650e-05 -3.1005358e-05 0.0000000e+00 
-3.2944605e-05 2.8377865e-05 0.0000000e+00 
9.3923882e-07 -1.9399449e-06 0.0000000e+00 
-2.5482383e-05 -3.3113174e-06 0.0000000e+00 
1.9441824e-05 -2.6476104e-05 0.0000000e+00 
-2.1946616e-06 1.4378922e-05 0.0000000e+00 
-8.1192702e-06 1.4356337e-05 0.0000000e+00 
1.1905096e-05 -4.3970416e-05 0.0000000e+00 
-5.0916336e-05 3.9648265e-05 0.0000000e+00 
-2.8119422e-05 5.0463714e-05 0.0000000e+00 
2.2402965e-05 -5.3301919e-05 0.0000000e+00 
-3.0724681e-05 4.0839775e-05 0.0000000e+00 
-2.9532239e-06 4.6957284e-06 0.0000000e+00 
1.7881393e-06 -4.9592927e-06 0.0000000e+00 
-2.0114705e-05 6.6291541e-06 0.0000000e+00 
1.0896474e-06 -1.9947998e-05 0.0000000e+00 
4.3276435e-05 -6.9211339e-05 0.0000000e+00 
-1.2924895e-05 2.1713786e-05 0.0000000e+00 
-1.0322779e-05 1.6018748e-06 0.0000000e+00 
-3.5027042e-05 7.6037832e-06 0.0000000e+00 
-3.5893172e-05 3.2859854e-05 0.0000000e+00 
-1.3706274e-05 -1.5819911e-05 0.0000000e+00 
-4.3981243e-05 6.7451270e-05 0.0000000e+00 
-3.8851053e-05 3.2592099e-05 0.0000000e+00 
-1.2523727e-05 1.7723767e-05 0.0000000e+00 
2.0391773e-05 -4.3118838e-05 0.0000000e+00 
1.0547228e-06 1.1022203e-05 0.0000000e+00 
-5.4016709e-07 2.9368326e-05 0.0000000e+00 
1.4367513e-05 -2.3296569e-05 0.0000000e+00 
-2.4048146e-05 4.9174298e-05 0.0000000e+00 
-3.9441977e-05 5.9069367e-05 0.0000000e+00 
-1.0459218e-05 2.6196823e-05 0.0000000e+00 
2.9542949e-05 3.0922238e-06 0.0000000e+00 
-1.1555851e-05 1.5253900e-06 0.0000000e+00 
-1.3399404e-05 1.1768891e-05 0.0000000e+00 
1.6464037e-05 -3.9882201e-05 0.0000000e+00 
-1.9586645e-05 2.4867244e-05 0.0000000e+00 
2.4485582e+07 -3.6552525e+05 0.0000000e+00 
1.2675300e-06 1.0766322e-05 0.0000000e+00 
-4.4306784e-05 4.0529572e-05 0.0000000e+00 
4.8847869e-07 2.3565954e-05 0.0000000e+00 
-1.1684839e-05 -3.0726194e-05 0.0000000e+00 
2.3108907e-05 -2.4378853e-05 0.0000000e+00 
-1.0921620e-05 1.1574710e-05 0.0000000e+00 
-3.3979246e-05 4.1491585e-05 0.0000000e+00 
-4.5355409e-06 1.0766555e-05 0.0000000e+00 
4.0429179e-05 -1.7476268e-05 0.0000000e+00 
-8.8661909e-07 -2.1255109e-05 0.0000000e+00 
-3.6084093e-05 7.0722774e-05 0.0000000e+00 
5.6885183e-06 -1.5559141e-05 0.0000000e+00 
4.3027103e-05 -1.7086510e-05 0.0000000e+00 
-4.0578889e-05 9.6201373e-05 0.0000000e+00 
-3.1425618e-05 1.8678140e-05 0.0000000e+00 
-1.5623868e-05 1.3067387e-05 0.0000000e+00 
3.7365302e-05 -7.9624442e-05 0.0000000e+00 
-3.0049589e-05 2.5443733e-05 0.0000000e+00 
-1.0148622e-05 4.3089734e-05 0.0000000e+00 
1.1690427e-05 -1.3313605e-05 0.0000000e+00 
-6.2417239e-06 2.1057203e-05 0.0000000e+00 
4.0940940e-06 -4.2779604e-05 0.0000000e+00 
-2.0132400e-05 2.4731969e-05 0.0000000e+00 
7.9649268e-05 -9.2319213e-05 0.0000000e+00 
1.8729828e-05 -4.7451351e-05 0.0000000e+00 
3.7443824e-06 -1.0112301e-05 0.0000000e+00 
3.1272881e-05 -8.7802298e-05 0.0000000e+00 
3.9722654e-06 1.0654534e-05 0.0000000e+00 
1.2009172e-05 8.0850441e-06 0.0000000e+00 
4.3251086e-05 -5.7026744e-05 0.0000000e+00 
-1.3376586e-05 -2.9185321e-06 0.0000000e+00 
8.7185763e-06 4.3576583e-06 0.0000000e+00 
2.7458649e-05 -3.3062417e-05 0.0000000e+00 
9.8054297e-06 -1.8591876e-05 0.0000000e+00 
9.2377886e-06 -3.0140625e-05 0.0000000e+00 
-6.3069165e-06 3.5738805e-05 0.0000000e+00 
3.2950193e-06 1.6272068e-05 0.0000000e+00 
-3.5521749e-05 7.4986252e-05 0.0000000e+00 
-1.2903474e-06 -3.4859404e-05 0.0000000e+00 
-1.9661151e-05 -4.0644314e-05 0.0000000e+00 
1.2442935e-05 -3.9366889e-05 0.0000000e+00 
-1.0293443e-05 2.1127053e-05 0.0000000e+00 
3.6563724e-06 -1.7823884e-05 0.0000000e+00 
2.1784217e-05 -7.0895985e-05 0.0000000e+00 
-3.7250109e-05 5.7584839e-05 0.0000000e+00 
-2.5339425e-05 5.0115865e-05 0.0000000e+00 
4.0414743e-05 -4.4584740e-05 0.0000000e+00 
-8.1975013e-06 2.5793910e-05 0.0000000e+00 
1.0580989e-05 -2.6711030e-05 0.0000000e+00 
4.7697686e-05 -3.6990270e-05 0.0000000e+00 
-5.7141297e-06 2.3724046e-05 0.0000000e+00 
2.0199688e-05 -3.4691417e-05 0.0000000e+00 
2.4090521e-05 -1.5670434e-05 0.0000000e+00 
1.0662712e-05 -1.6967999e-05 0.0000000e+00 
-2.6039314e-05 3.6082696e-05 0.0000000e+00 
-1.5268568e-05 -5.4268166e-06 0.0000000e+00 
1.4845282e-06 -2.3239059e-05 0.0000000e+00 
1.4195452e-05 -7.4373093e-06 0.0000000e+00 
3.0569426e+07 3.3736860e+06 0.0000000e+00 
1.9179657e-05 -6.3912623e-05 0.0000000e+00 
-4.9332157e-05 4.1669700e-05 0.0000000e+00 
-4.0306120e-05 7.7706005e-05 0.0000000e+00 
-3.2802578e-05 4.9447641e-05 0.0000000e+00 
1.1622906e-06 -2.3285858e-05 0.0000000e+00 
-2.1136948e-05 1.4510006e-06 0.0000000e+00 
1.8227845e-05 -6.2425621e-05 0.0000000e+00 
-1.8803403e-06 -8.8864472e-06 0.0000000e+00 
-7.5991265e-06 2.8099865e-05 0.0000000e+00 
4.8269052e-05 -4.3459702e-05 0.0000000e+00 
-4.0736049e-06 -1.1292752e-05 0.0000000e+00 
-6.1802566e-06 1.9418541e-05 0.0000000e+00 
-8.4247440e-06 1.5532598e-05 0.0000000e+00 
-2.6343623e-05 2.8537354e-05 0.0000000e+00 
-2.1568500e-05 5.3591793e-05 0.0000000e+00 
-1.6971491e-05 2.4825335e-05 0.0000000e+00 
-1.0182848e-05 1.7766841e-05 0.0000000e+00 
-2.3019151e-05 1.8343097e-05 0.0000000e+00 
-3.2322481e-05 4.6256464e-05 0.0000000e+00 
1.8104911e-06 2.8040726e-05 0.0000000e+00 
2.2446737e-05 -5.6676799e-05 0.0000000e+00 
-3.3800490e-05 3.4186523e-05 0.0000000e+00 
4.7013571e-05 -9.2161528e-05 0.0000000e+00 
-1.5398487e-05 5.3648837e-06 0.0000000e+00 
3.9345061e-05 -3.4209341e-05 0.0000000e+00 
1.1893921e-05 3.3807009e-06 0.0000000e+00 
1.5329570e-05 -1.4102552e-05 0.0000000e+00 
-4.8213406e-07 1.0720178e-05 0.0000000e+00 
-1.4602207e-05 2.0478037e-05 0.0000000e+00 
-2.2565946e-06 1.4377409e-05 0.0000000e+00 
2.1650456e-05 -5.9187529e-05 0.0000000e+00 
-1.0512304e-05 -1.1201482e-06 0.0000000e+00 
-1.5590340e-06 -3.6490383e-06 0.0000000e+00 
1.6154721e-05 -4.5367051e-05 0.0000000e+00 
9.1567636e-06 -1.6601058e-05 0.0000000e+00 
-1.1462253e-05 1.0564458e-05 0.0000000e+00 
-1.5765429e-05 3.0346680e-05 0.0000000e+00 
1.4801044e-05 -7.7390345e-05 0.0000000e+00 
-2.1434389e-05 5.2694464e-05 0.0000000e+00 
-4.0915795e-05 4.2164233e-05 0.0000000e+00 
-8.2124025e-06 1.3015931e-05 0.0000000e+00 
-7.7858567e-06 8.9788809e-06 0.0000000e+00 
5.0238334e-05 -2.7152244e-05 0.0000000e+00 
2.7474016e-08 -2.8577633e-05 0.0000000e+00 
3.1332020e-05 -3.1829812e-05 0.0000000e+00 
-1.2230128e-05 1.1808705e-05 0.0000000e+00 
9.2838891e-06 -2.0182692e-05 0.0000000e+00 
5.7843281e-06 -2.0777807e-05 0.0000000e+00 
2.3987406e-05 -4.9155336e-05 0.0000000e+00 
1.2255739e-05 -3.2899436e-05 0.0000000e+00 
3.0672876e-05 -5.0393166e-05 0.0000000e+00 
3.6905520e-05 -4.4050161e-05 0.0000000e+00 
-4.8312359e-06 -9.6485019e-07 0.0000000e+00 
-1.9305386e-05 6.7844521e-06 0.0000000e+00 
-3.6470592e-06 -2.3922184e-05 0.0000000e+00 
-1.4975667e-06 -5.0462782e-05 0.0000000e+00 
-1.8647639e-05 -7.6880679e-06 0.0000000e+00 
-2.0368956e-05 2.4104724e-05 0.0000000e+00 
2.3403554e-05 -7.2112307e-06 0.0000000e+00 
-6.0188584e-05 4.6788249e-05 0.0000000e+00 
4.2654574e-06 -8.4383064e-06 0.0000000e+00 
1.1872035e-05 -1.8998981e-07 0.0000000e+00 
-1.0807998e-05 5.1285839e-05 0.0000000e+00 
6.3464977e-06 -2.8447714e-05 0.0000000e+00 
-5.7592872e-05 9.8045683e-05 0.0000000e+00 
4.3272084e+07 -1.9580776e+07 0.0000000e+00 
2.8386712e-05 -4.9877446e-05 0.0000000e+00 
-2.9406510e-07 1.2526871e-05 0.0000000e+00 
2.0135194e-06 -2.1221582e-05 0.0000000e+00 
1.4463440e-05 -9.7565353e-06 0.0000000e+00 
-2.6550144e-05 1.6753562e-05 0.0000000e+00 
-1.8895720e-05 1.9214931e-05 0.0000000e+00 
-4.4032931e-05 1.1625700e-05 0.0000000e+00 
1.0597054e-05 3.2130629e-07 0.0000000e+00 
-4.5683701e-06 1.1104508e-05 0.0000000e+00 
-2.6028138e-05 4.3812906e-05 0.0000000e+00 
1.5459955e-05 -6.8140915e-05 0.0000000e+00 
4.4591725e-06 -3.3848919e-05 0.0000000e+00 
1.7594080e-05 -2.1844637e-05 0.0000000e+00 
-1.8178485e-05 7.1910676e-05 0.0000000e+00 
-1.6294653e-05 -1.4093937e-05 0.0000000e+00 
-1.1957251e-05 4.6398491e-06 0.0000000e+00 
-2.1262094e-05 2.3094472e-05 0.0000000e+00 
-3.9417297e-05 9.0724439e-05 0.0000000e+00 
7.6266006e-06 -2.8079376e-07 0.0000000e+00 
1.9768719e-05 -1.6480451e-05 0.0000000e+00 
2.3843721e-05 -2.7603470e-05 0.0000000e+00 
-2.6896829e-05 3.7896913e-05 0.0000000e+00 
6.7451037e-06 -3.4598634e-05 0.0000000e+00 
1.1234079e-06 -2.8448412e-06 0.0000000e+00 
2.1467218e-05 -4.5068795e-05 0.0000000e+00 
1.2625474e-05 -3.3294782e-05 0.0000000e+00 
8.2701445e-07 3.5688281e-06 0.0000000e+00 
-3.9231963e-06 3.6632817e-05 0.0000000e+00 
2.0087697e-05 -5.4394361e-05 0.0000000e+00 
-7.3547009e-05 7.6842029e-05 0.0000000e+00 
-5.3827185e-05 3.8067810e-05 0.0000000e+00 
-6.5434724e-06 4.4067157e-05 0.0000000e+00 
-8.2980841e-06 1.0618474e-05 0.0000000e+00 
-8.1360340e-06 1.6015605e-05 0.0000000e+00 
5.7951547e-06 -6.7212968e-06 0.0000000e+00 
-5.5953860e-06 -9.6289441e-06 0.0000000e+00 
-5.4347795e-05 3.8508326e-05 0.0000000e+00 
3.9662700e-06 7.5416174e-06 0.0000000e+00 
-1.4712103e-05 -1.5055994e-05 0.0000000e+00 
-1.0930002e-05 3.8128346e-06 0.0000000e+00 
6.3925982e-06 -5.2584801e-05 0.0000000e+00 
1.1963304e-05 -3.2359094e-05 0.0000000e+00 
2.3985573e-05 -5.0182687e-05 0.0000000e+00 
2.0158011e-05 -3.2231212e-05 0.0000000e+00 
3.7872465e-05 -7.4808602e-05 0.0000000e+00 
-7.8901649e-06 3.0307099e-05 0.0000000e+00 
-7.9200836e-06 5.9467275e-06 0.0000000e+00 
2.4850946e-05 -3.9764680e-05 0.0000000e+00 
-1.2422353e-04 7.2624534e-05 0.0000000e+00 
3.5361154e-05 -8.7548746e-05 0.0000000e+00 
-4.1182619e-05 5.0783157e-05 0.0000000e+00 
-1.0283664e-05 3.4538098e-05 0.0000000e+00 
6.1197206e-06 -5.9324782e-05 0.0000000e+00 
2.8930604e-05 -5.3604832e-05 0.0000000e+00 
-7.6242723e-06 4.6360656e-05 0.0000000e+00 
5.1834621e-05 -6.2883366e-05 0.0000000e+00 
-2.3000874e-05 -4.0984014e-06 0.0000000e+00 
2.1252781e-05 1.2841541e-05 0.0000000e+00 
1.7815270e-05 8.8824891e-06 0.0000000e+00 
-1.6181730e-06 -3.0518044e-05 0.0000000e+00 
3.8245693e-05 -4.1264808e-05 0.0000000e+00 
-7.4318668e-06 -1.7280167e-05 0.0000000e+00 
5.0410628e-05 -5.7178549e-05 0.0000000e+00 
4.7851354e-06 -5.8926409e-05 0.0000000e+00 
4.0475279e-06 -2.2236723e-05 0.0000000e+00 
4.0329527e-05 -6.1474741e-05 0.0000000e+00 
8.2063489e-06 -1.0968884e-05 0.0000000e+00 
-3.2072887e-05 5.5940123e-05 0.0000000e+00 
1.0779127e-05 -2.7164351e-05 0.0000000e+00 
2.4011359e-05 -3.3753124e-05 0.0000000e+00 
1.7513521e-06 -1.1503231e-05 0.0000000e+00 
4.0642917e-06 -4.5669964e-05 0.0000000e+00 
9.3796756e-05 -5.7135243e-05 0.0000000e+00 
-2.7258880e-05 4.2642467e-05 0.0000000e+00 
-3.5950216e-06 -4.6927016e-07 0.0000000e+00 
6.1839353e-05 -3.3227727e-05 0.0000000e+00 
1.0317191e-05 -3.9719976e-05 0.0000000e+00 
-1.3288576e-05 1.8049963e-05 0.0000000e+00 
-2.8645620e-05 8.7920809e-05 0.0000000e+00 
5.8449805e-06 2.4830922e-05 0.0000000e+00 
4.0664338e-05 -3.3579767e-05 0.0000000e+00 
-7.6668803e-06 -1.0354212e-05 0.0000000e+00 
-1.4152611e-05 2.0469073e-05 0.0000000e+00 
2.3246743e-05 -4.5303954e-05 0.0000000e+00 
-1.6177073e-06 6.7935325e-06 0.0000000e+00 
-3.8573984e-05 2.0430889e-07 0.0000000e+00 
-4.8421789e-05 4.8488611e-05 0.0000000e+00 
-3.5152771e-05 6.0885461e-05 0.0000000e+00 
1.4091842e-05 -2.2513792e-05 0.0000000e+00 
-1.5378464e-05 3.3156248e-06 0.0000000e+00 
2.3869798e-06 1.4221296e-05 0.0000000e+00 
-2.1276064e-05 5.1259063e-05 0.0000000e+00 
-3.6968850e-06 1.0881107e-05 0.0000000e+00 
3.1676376e-05 -6.6192588e-05 0.0000000e+00 
-2.7330592e-05 3.8640574e-05 0.0000000e+00 
3.0860305e-05 -4.9640425e-05 0.0000000e+00 
-4.1981693e-05 2.0486303e-05 0.0000000e+00 
1.6540289e-06 1.0147225e-05 0.0000000e+00 
3.0724332e-06 5.1888637e-06 0.0000000e+00 
-6.6342764e-05 6.2870095e-05 0.0000000e+00 
7.5399876e-06 -1.7423183e-05 0.0000000e+00 
1.4854595e-05 -2.5038607e-05 0.0000000e+00 
1.6705133e-05 -1.6744016e-05 0.0000000e+00 
6.9644302e-06 -1.7205282e-05 0.0000000e+00 
-9.6485019e-07 -3.5280362e-05 0.0000000e+00 
-1.3481826e-05 5.4421369e-05 0.0000000e+00 
-2.2246502e-05 8.0964528e-06 0.0000000e+00 
-5.2092830e-05 6.0025457e-05 0.0000000e+00 
-3.2021198e-05 3.3285469e-06 0.0000000e+00 
1.2903940e-05 -2.2040214e-05 0.0000000e+00 
-2.2388995e-06 1.3994053e-05 0.0000000e+00 
-2.6264228e-05 3.4415163e-05 0.0000000e+00 
-1.9803469e-05 2.5641522e-05 0.0000000e+00 
-4.6547502e-06 3.0579919e-05 0.0000000e+00 
1.3299286e-06 9.8901801e-06 0.0000000e+00 
-5.9036538e-06 -2.7488451e-05 0.0000000e+00 
-5.7350844e-06 1.6103033e-05 0.0000000e+00 
-2.7075410e-05 4.5998022e-06 0.0000000e+00 
2.3390632e-05 -3.0338531e-05 0.0000000e+00 
1.2275297e-05 -4.2526750e-05 0.0000000e+00 
-2.6372727e-06 2.0744512e-05 0.0000000e+00 
3.2837503e-05 -8.3810184e-05 0.0000000e+00 
-2.4240464e-05 5.2520772e-05 0.0000000e+00 
-4.4403132e-06 -7.8787562e-06 0.0000000e+00 
-4.1728141e-05 3.6086887e-05 0.0000000e+00 
4.8447866e-05 -6.6054752e-05 0.0000000e+00 
1.3028271e-05 -1.1481810e-05 0.0000000e+00 
4.1928142e-06 -4.5789871e-05 0.0000000e+00 
-2.3067463e-05 1.9898638e-05 0.0000000e+00 
2.7984381e-05 -8.4142201e-05 0.0000000e+00 
-7.7059027e-05 8.6620450e-05 0.0000000e+00 
1.8883497e-05 2.2214372e-06 0.0000000e+00 
-1.6283244e-05 4.3104868e-05 0.0000000e+00 
-2.8868439e-05 5.5621844e-05 0.0000000e+00 
3.3029472e-05 -6.2163803e-05 0.0000000e+00 
3.4526922e-05 -4.3288106e-05 0.0000000e+00 
2.5611371e-07 -4.6461821e-05 0.0000000e+00 
2.5425106e-06 3.4278259e-05 0.0000000e+00 
-3.9008446e-06 1.3629324e-05 0.0000000e+00 
1.4659017e-05 -3.0989759e-05 0.0000000e+00 
-9.2200935e-06 5.5767596e-05 0.0000000e+00 
-2.6387628e-05 2.8869137e-05 0.0000000e+00 
-1.9204104e-05 3.7165941e-05 0.0000000e+00 
-1.2787990e-05 2.1419954e-05 0.0000000e+00 
1.9893050e-06 -1.7564744e-06 0.0000000e+00 
-1.2612436e-05 2.3264438e-06 0.0000000e+00 
2.1332409e-05 -3.7202612e-05 0.0000000e+00 
6.5341592e-06 -3.7712045e-05 0.0000000e+00 
6.4444030e-06 -1.1793651e-05 0.0000000e+00 
1.0062009e-05 -6.3322484e-05 0.0000000e+00 
2.1752901e-05 8.7749213e-06 0.0000000e+00 
1.6945880e-05 -3.6740676e-05 0.0000000e+00 
5.4052216e-06 -3.1979987e-05 0.0000000e+00 
-3.7960708e-05 6.1757397e-05 0.0000000e+00 
1.5835278e-05 -2.3606699e-06 0.0000000e+00 
-1.8973369e-05 5.3727999e-05 0.0000000e+00 
-1.5125144e-05 2.0080886e-05 0.0000000e+00 
-1.9479543e-05 5.0342642e-05 0.0000000e+00 
2.2111926e-05 -4.4888351e-05 0.0000000e+00 
-3.4590019e-05 2.3072236e-05 0.0000000e+00 
6.5881759e-06 3.1018164e-05 0.0000000e+00 
-3.1292439e-06 -3.1225849e-05 0.0000000e+00 
-1.4103949e-05 3.2515265e-05 0.0000000e+00 
-7.2512776e-06 -5.2219257e-06 0.0000000e+00 
-1.4943071e-05 5.7843514e-05 0.0000000e+00 
-1.4651567e-05 -1.4927937e-05 0.0000000e+00 
2.7209986e-05 -8.2002953e-07 0.0000000e+00 
-3.0985102e-06 8.0275349e-06 0.0000000e+00 
1.7374288e-05 -4.1958701e-06 0.0000000e+00 
7.6508150e-06 -2.3240224e-05 0.0000000e+00 
2.7570873e-05 3.7900172e-06 0.0000000e+00 
4.9392693e-06 -6.5201893e-06 0.0000000e+00 
-4.2067841e-06 2.7497532e-05 0.0000000e+00 
5.7562138e-06 2.5644462e-05 0.0000000e+00 
5.9301965e-06 -3.2410491e-05 0.0000000e+00 
-2.2395514e-05 6.3160551e-06 0.0000000e+00 
8.9169480e-06 -3.3999211e-05 0.0000000e+00 
4.1685998e-06 -4.0771440e-05 0.0000000e+00 
-1.8919818e-05 9.8792370e-06 0.0000000e+00 
1.1047930e-05 -3.3214921e-05 0.0000000e+00 
-1.7970335e-05 7.5122807e-07 0.0000000e+00 
2.2553839e-05 -4.1213818e-05 0.0000000e+00 
-3.7366524e-05 7.7143079e-05 0.0000000e+00 
-3.7355348e-06 1.3060868e-05 0.0000000e+00 
4.9713999e-06 1.6611069e-05 0.0000000e+00 
-4.9770810e-05 5.6630466e-05 0.0000000e+00 
-7.3346309e-06 9.5437281e-06 0.0000000e+00 
3.8304366e-05 -4.7101174e-05 0.0000000e+00 
1.2963545e-04 -1.1815317e-04 0.0000000e+00 
-5.7537109e-06 3.7837774e-05 0.0000000e+00 
-1.0992400e-05 3.5773264e-05 0.0000000e+00 
1.1008233e-05 -1.5091151e-05 0.0000000e+00 
-1.4563557e-06 -3.6277706e-05 0.0000000e+00 
3.2370910e-05 -8.0523314e-05 0.0000000e+00 
3.1897100e-05 -5.2088872e-05 0.0000000e+00 
1.2446544e-06 -2.0683627e-05 0.0000000e+00 
4.4233631e-05 -4.5218505e-05 0.0000000e+00 
-2.2144988e-05 6.6938344e-05 0.0000000e+00 
1.9583385e-06 -3.7026592e-05 0.0000000e+00 
-4.3203356e-05 2.9327814e-05 0.0000000e+00 
-2.8089620e-05 3.5223784e-05 0.0000000e+00 
-2.0330306e-05 4.7031790e-08 0.0000000e+00 
2.1368265e-05 -3.5033096e-05 0.0000000e+00 
2.3972243e-06 1.3490673e-05 0.0000000e+00 
-1.4308840e-05 5.1183160e-05 0.0000000e+00 
-2.8343871e-05 1.3178214e-05 0.0000000e+00 
1.5295111e-05 -1.6493723e-06 0.0000000e+00 
-3.0851923e-05 2.9435148e-05 0.0000000e+00 
-3.6360929e-05 4.5246677e-05 0.0000000e+00 
-3.9051753e-05 6.3989311e-05 0.0000000e+00 
1.5032943e-05 -3.3769757e-05 0.0000000e+00 
4.5065768e-05 -7.8371260e-05 0.0000000e+00 
1.1092052e-06 6.4914930e-06 0.0000000e+00 
2.8135255e-05 -1.3855752e-05 0.0000000e+00 
-3.6833808e-06 -4.8901420e-06 0.0000000e+00 
-8.1155449e-06 3.7691323e-05 0.0000000e+00 
-1.2413599e-05 5.8646780e-05 0.0000000e+00 
2.0685256e-06 -6.9392845e-06 0.0000000e+00 
-5.0915405e-06 1.9357540e-06 0.0000000e+00 
4.5704655e-06 -5.9427693e-06 0.0000000e+00 
6.1508268e-05 -6.3118525e-05 0.0000000e+00 
-9.0394169e-06 -3.7730206e-06 0.0000000e+00 
4.3301843e-06 3.2854732e-06 0.0000000e+00 
1.6843900e-05 -5.2350573e-05 0.0000000e+00 
1.0434538e-05 8.0261379e-06 0.0000000e+00 
1.5301630e-06 3.7313439e-06 0.0000000e+00 
-3.2521784e-06 -2.5952351e-05 0.0000000e+00 
6.1206520e-06 2.8931536e-06 0.0000000e+00 
-1.7077196e-05 4.2793574e-05 0.0000000e+00 
-1.4208490e-05 2.7203932e-06 0.0000000e+00 
1.6903505e-05 -1.2882287e-05 0.0000000e+00 
-7.5180549e-05 3.0635390e-05 0.0000000e+00 
-5.7238154e-05 4.5637134e-05 0.0000000e+00 
-1.4277175e-06 1.2526289e-05 0.0000000e+00 
-4.8191199e-05 8.5604697e-05 0.0000000e+00 
-2.9680319e-05 1.9752886e-05 0.0000000e+00 
4.1410560e-05 -2.5836634e-05 0.0000000e+00 
1.4250167e-05 -5.9984624e-05 0.0000000e+00 
4.0372834e-06 -4.4267508e-05 0.0000000e+00 
-3.5421457e-05 4.5557186e-05 0.0000000e+00 
3.6251731e-05 -7.4068084e-05 0.0000000e+00 
-6.9336966e-07 -1.4072284e-05 0.0000000e+00 
4.4666231e-06 -2.7874485e-06 0.0000000e+00 
-1.8042512e-05 -1.3398007e-05 0.0000000e+00 
8.3406921e-05 -6.9655012e-05 0.0000000e+00 
-4.2039435e-05 2.0487234e-05 0.0000000e+00 
2.2944529e-05 -6.5129250e-05 0.0000000e+00 
-1.4591962e-05 8.0422964e-05 0.0000000e+00 
2.7859118e-05 -9.1420719e-05 0.0000000e+00 
-1.8341467e-05 5.0179660e-06 0.0000000e+00 
-1.6844366e-05 8.2775950e-06 0.0000000e+00 
3.2342505e-05 -7.3092247e-05 0.0000000e+00 
3.1199306e-06 -1.5164260e-05 0.0000000e+00 
6.8890862e-05 -5.6654215e-05 0.0000000e+00 
-2.4929541e-05 2.5160320e-05 0.0000000e+00 
-2.0923791e-05 1.0468997e-05 0.0000000e+00 
-3.1955540e-05 1.7087674e-05 0.0000000e+00 
1.2197252e-04 -1.1133030e-04 0.0000000e+00 
-2.7643517e-05 5.6243967e-05 0.0000000e+00 
-6.1895698e-06 2.3734756e-06 0.0000000e+00 
1.1611730e-05 -4.5360066e-06 0.0000000e+00 
3.3097574e-05 -2.7112197e-05 0.0000000e+00 
-6.6113193e-05 9.3067531e-05 0.0000000e+00 
3.0614901e-06 -7.8391749e-06 0.0000000e+00 
-1.2852252e-05 2.0828098e-05 0.0000000e+00 
3.0029565e-05 -3.9677834e-05 0.0000000e+00 
6.5611675e-06 -4.1380757e-05 0.0000000e+00 
-1.4767051e-05 3.3107237e-05 0.0000000e+00 
-1.8253922e-05 5.8036530e-05 0.0000000e+00 
-3.2111770e-05 4.5838766e-05 0.0000000e+00 
-5.6289136e-05 4.9960334e-05 0.0000000e+00 
-4.7017820e-06 2.6041642e-05 0.0000000e+00 
9.0003014e-06 -1.7226441e-05 0.0000000e+00 
-6.6538341e-06 4.7811191e-05 0.0000000e+00 
2.9943418e-05 -6.8753725e-05 0.0000000e+00 
1.7943326e-05 -3.9226608e-05 0.0000000e+00 
-4.7001522e-05 6.0584396e-05 0.0000000e+00 
-2.6808120e-06 1.1068594e-05 0.0000000e+00 
1.7171726e-05 -5.5241399e-06 0.0000000e+00 
-1.4245510e-05 1.0603573e-05 0.0000000e+00 
-2.9169023e-06 7.8878365e-06 0.0000000e+00 
-3.3749733e-05 8.6824875e-05 0.0000000e+00 
-1.2552505e-04 1.1349702e-04 0.0000000e+00 
-2.5365793e-05 3.7001679e-05 0.0000000e+00 
2.2304244e-05 1.2470409e-06 0.0000000e+00 
-2.0968058e-05 6.9418806e-05 0.0000000e+00 
-1.6410835e-05 1.5098834e-05 0.0000000e+00 
1.3783574e-06 1.4934689e-05 0.0000000e+00 
2.8135255e-06 3.7327409e-06 0.0000000e+00 
-2.6619993e-05 6.1206752e-05 0.0000000e+00 
1.5003490e-05 2.0028092e-06 0.0000000e+00 
-2.6209280e-05 6.6805980e-05 0.0000000e+00 
1.5314203e-05 -2.0909123e-05 0.0000000e+00 
2.2094697e-05 -1.9507483e-05 0.0000000e+00 
1.5831087e-05 -1.1710450e-05 0.0000000e+00 
-3.0065770e-05 1.2079545e-06 0.0000000e+00 
-2.5006011e-06 -5.3900294e-06 0.0000000e+00 
-1.5688594e-05 2.3775268e-05 0.0000000e+00 
7.1451068e-06 -4.6194531e-05 0.0000000e+00 
1.6437843e-07 -1.4982652e-05 0.0000000e+00 
6.3590705e-06 -5.6910329e-05 0.0000000e+00 
-8.9611858e-06 -6.3802581e-06 0.0000000e+00 
1.4159689e-04 -1.4277687e-04 0.0000000e+00 
-2.7522910e-06 1.8286286e-05 0.0000000e+00 
1.8001534e-05 -6.0589518e-05 0.0000000e+00 
-2.1127053e-06 -2.2854627e-05 0.0000000e+00 
1.2010802e-05 -2.2662804e-05 0.0000000e+00 
1.5974743e-05 -2.1808664e-05 0.0000000e+00 
3.9812177e-05 -2.9938295e-05 0.0000000e+00 
3.1398959e-05 -4.9739378e-05 0.0000000e+00 
6.6657085e-06 -4.4075350e-06 0.0000000e+00 
5.9511513e-06 -5.2318443e-05 0.0000000e+00 
6.5090135e-06 -6.5471511e-05 0.0000000e+00 
2.1059997e-05 -7.3004048e-05 0.0000000e+00 
-7.3439442e-06 -4.6215719e-05 0.0000000e+00 
-2.0442531e-05 3.2518059e-05 0.0000000e+00 
1.9283034e-05 -4.1783904e-05 0.0000000e+00 
-1.1347234e-05 -3.8229162e-05 0.0000000e+00 
6.0337130e-05 -6.5510627e-05 0.0000000e+00 
-1.5273690e-06 1.1961907e-05 0.0000000e+00 
1.7311810e-05 -2.7035130e-05 0.0000000e+00 
-2.2944063e-05 4.0436164e-05 0.0000000e+00 
6.1905012e-05 -7.3816162e-05 0.0000000e+00 
-5.2643009e-06 1.5976839e-05 0.0000000e+00 
3.4542754e-06 -2.3954082e-05 0.0000000e+00 
-1.0399614e-04 1.0565901e-04 0.0000000e+00 
6.1611645e-06 -1.9089319e-05 0.0000000e+00 
-1.2201257e-05 1.3154931e-06 0.0000000e+00 
2.6313588e-05 -2.9043294e-05 0.0000000e+00 
8.2496554e-06 -1.6108155e-05 0.0000000e+00 
1.9878615e-05 -1.0626856e-05 0.0000000e+00 
-1.6301870e-05 6.5132044e-06 0.0000000e+00 
1.2542587e-05 1.0636053e-05 0.0000000e+00 
2.2214372e-06 -2.9981544e-05 0.0000000e+00 
-2.5966438e-05 1.3715122e-05 0.0000000e+00 
3.2202806e-06 -2.4454814e-05 0.0000000e+00 
-8.3274208e-06 7.4745622e-06 0.0000000e+00 
1.1106953e-05 -2.0652078e-06 0.0000000e+00 
-6.6403300e-06 2.4514273e-05 0.0000000e+00 
-6.4875698e-05 5.5124285e-05 0.0000000e+00 
2.0677689e-05 -3.2618875e-05 0.0000000e+00 
-5.2307267e-05 5.2028336e-05 0.0000000e+00 
3.7883408e-05 -4.7873706e-05 0.0000000e+00 
-3.3747870e-05 9.0037007e-05 0.0000000e+00 
-5.0723786e-05 -1.4614314e-05 0.0000000e+00 
-7.2884373e-05 6.8974681e-05 0.0000000e+00 
-2.6855967e-05 3.0068099e-05 0.0000000e+00 
1.8496066e-06 2.9471703e-06 0.0000000e+00 
-3.4101307e-05 4.0534884e-05 0.0000000e+00 
-7.9318415e-05 1.1581602e-04 0.0000000e+00 
8.1209466e-05 -6.9464091e-05 0.0000000e+00 
-8.4717758e-06 1.0154909e-06 0.0000000e+00 
-1.2063421e-05 6.9793314e-06 0.0000000e+00 
6.2175095e-06 2.0775944e-05 0.0000000e+00 
-2.5592744e-05 -1.5195459e-05 0.0000000e+00 
-4.0012121e-05 5.5222772e-05 0.0000000e+00 
7.0994720e-06 9.8976307e-06 0.0000000e+00 
2.7299859e-05 -4.1148625e-05 0.0000000e+00 
7.0831447e-06 -3.0728348e-05 0.0000000e+00 
1.8869527e-05 -3.6975602e-05 0.0000000e+00 
-1.7640181e-05 5.6195771e-05 0.0000000e+00 
-3.0245632e-05 3.5111792e-05 0.0000000e+00 
-3.1999312e-05 3.7532300e-06 0.0000000e+00 
7.5744465e-06 -3.8712285e-05 0.0000000e+00 
5.2611344e-05 -3.6342535e-05 0.0000000e+00 
9.4771385e-06 2.0965701e-05 0.0000000e+00 
2.5626272e-05 -6.1593950e-05 0.0000000e+00 
6.6023786e-06 -2.5238143e-05 0.0000000e+00 
-9.9884346e-06 5.5926386e-05 0.0000000e+00 
2.3668166e-05 -2.3869332e-05 0.0000000e+00 
2.7208123e-05 -2.8669892e-05 0.0000000e+00 
5.7511497e-05 -1.1722278e-04 0.0000000e+00 
-2.6654452e-06 -2.9538758e-05 0.0000000e+00 
-3.4384662e-05 3.7461286e-05 0.0000000e+00 
3.0491501e-06 -3.3925753e-05 0.0000000e+00 
-1.0982156e-05 4.2969492e-05 0.0000000e+00 
1.1519762e-05 4.9415394e-06 0.0000000e+00 
-6.7159999e-06 1.7415732e-07 0.0000000e+00 
6.7267916e-05 -1.2092653e-04 0.0000000e+00 
-3.4114346e-06 -9.5490832e-06 0.0000000e+00 
6.6842418e-05 -1.3398519e-04 0.0000000e+00 
-6.4772321e-05 5.1266630e-05 0.0000000e+00 
-3.2071490e-05 2.2259541e-05 0.0000000e+00 
6.3534826e-06 -1.6135164e-06 0.0000000e+00 
-1.5251382e-05 -3.4668483e-07 0.0000000e+00 
-3.5544392e-05 2.7425587e-05 0.0000000e+00 
-7.0245005e-06 -4.4954941e-05 0.0000000e+00 
5.6307763e-06 -7.1199611e-06 0.0000000e+00 
-1.8253922e-06 2.1571759e-05 0.0000000e+00 
-8.8391826e-06 2.2798078e-05 0.0000000e+00 
-1.2507662e-05 2.8349459e-05 0.0000000e+00 
-3.1336211e-05 -7.1455725e-06 0.0000000e+00 
-1.0279473e-05 -3.7744059e-05 0.0000000e+00 
2.7550384e-05 2.1844171e-05 0.0000000e+00 
-3.9513805e-05 3.9212231e-05 0.0000000e+00 
-6.9211237e-06 3.4327037e-05 0.0000000e+00 
4.1758176e-05 -4.7609210e-05 0.0000000e+00 
4.0265732e-06 -7.4179843e-06 0.0000000e+00 
-7.3967502e-05 1.2190267e-04 0.0000000e+00 
1.5108148e-05 -4.3303007e-05 0.0000000e+00 
7.2217081e-06 -4.0043378e-05 0.0000000e+00 
-6.0140155e-06 -2.3303088e-05 0.0000000e+00 
-2.9154588e-05 4.3008826e-05 0.0000000e+00 
-2.7378090e-05 -2.4515670e-05 0.0000000e+00 
-8.3683524e-05 9.9535100e-05 0.0000000e+00 
-1.6700476e-05 7.0786104e-05 0.0000000e+00 
-2.9420480e-05 1.0172906e-04 0.0000000e+00 
5.7580881e-05 -5.0568487e-05 0.0000000e+00 
3.1560659e-05 -5.0692121e-05 0.0000000e+00 
2.5555491e-06 -1.3626646e-05 0.0000000e+00 
-7.3872507e-06 -1.0975171e-05 0.0000000e+00 
4.7101872e-05 -4.4569606e-05 0.0000000e+00 
-6.9403352e-05 9.8283635e-05 0.0000000e+00 
1.3031065e-05 -6.0424441e-05 0.0000000e+00 
-3.0720606e-05 7.2072027e-05 0.0000000e+00 
-5.9185550e-06 1.0423828e-06 0.0000000e+00 
-9.5609576e-06 -1.1296943e-06 0.0000000e+00 
-2.3156404e-05 1.7511193e-05 0.0000000e+00 
3.7620775e-06 -1.6051810e-05 0.0000000e+00 
5.3546391e-06 -1.9313535e-05 0.0000000e+00 
3.1039119e-05 7.5830612e-06 0.0000000e+00 
1.8987455e-05 -2.4329056e-05 0.0000000e+00 
-1.9548461e-05 7.7556353e-05 0.0000000e+00 
1.3042241e-05 6.7669898e-06 0.0000000e+00 
-4.5672059e-06 7.1683899e-06 0.0000000e+00 
-1.2417790e-05 4.3306965e-05 0.0000000e+00 
-1.5812926e-05 -7.0101814e-06 0.0000000e+00 
-2.1164771e-05 -5.3294934e-06 0.0000000e+00 
-2.3435568e-05 -2.6574824e-05 0.0000000e+00 
-3.2206066e-05 7.3143106e-05 0.0000000e+00 
2.4409033e-05 -2.7894042e-05 0.0000000e+00 
-2.4139881e-05 7.0836395e-06 0.0000000e+00 
4.9741473e-05 -7.5896271e-05 0.0000000e+00 
-7.0448732e-06 3.5849924e-05 0.0000000e+00 
7.3438277e-06 -1.1041993e-05 0.0000000e+00 
-3.6625192e-05 5.1985960e-05 0.0000000e+00 
-3.2774638e-05 2.1640328e-05 0.0000000e+00 
-5.4610427e-06 -1.2818724e-05 0.0000000e+00 
2.4493318e-05 -2.7754810e-05 0.0000000e+00 
2.1852553e-05 -5.5483659e-05 0.0000000e+00 
1.1401158e-04 -1.1080503e-04 0.0000000e+00 
4.0126673e-05 -5.2899355e-05 0.0000000e+00 
8.6997170e-06 6.9017988e-06 0.0000000e+00 
-6.6328794e-06 -3.6988407e-05 0.0000000e+00 
3.3976045e-05 -2.4232082e-05 0.0000000e+00 
1.2134915e-06 -2.5858637e-05 0.0000000e+00 
1.4946098e-05 3.2411626e-05 0.0000000e+00 
-2.5703339e-05 2.8009526e-07 0.0000000e+00 
-3.8235448e-05 1.1535827e-05 0.0000000e+00 
9.4929710e-06 -4.2307656e-05 0.0000000e+00 
-1.6315375e-05 3.8443599e-05 0.0000000e+00 
-6.0666353e-06 -5.1085372e-06 0.0000000e+00 
3.2847747e-05 -8.5263513e-05 0.0000000e+00 
-2.9306859e-05 4.9814349e-05 0.0000000e+00 
-4.5289518e-05 4.2972621e-05 0.0000000e+00 
6.6908076e-05 -1.0240497e-04 0.0000000e+00 
7.1916729e-06 -2.8891489e-05 0.0000000e+00 
5.0550443e-06 -3.6841084e-06 0.0000000e+00 
1.5134923e-05 -6.5885484e-05 0.0000000e+00 
6.3194893e-06 1.1716969e-05 0.0000000e+00 
6.8098307e-06 -2.2504944e-05 0.0000000e+00 
-3.4477562e-05 9.7223092e-06 0.0000000e+00 
-2.6031397e-05 8.3620194e-05 0.0000000e+00 
-2.1139160e-05 5.1857904e-05 0.0000000e+00 
8.1090257e-06 -1.8236693e-05 0.0000000e+00 
-3.1888485e-06 1.2790086e-05 0.0000000e+00 
4.0059676e-05 -4.5719324e-05 0.0000000e+00 
2.1311687e-05 -6.3669693e-05 0.0000000e+00 
-4.3616164e-06 3.8332073e-06 0.0000000e+00 
-4.0376326e-05 5.6976918e-05 0.0000000e+00 
-9.4571151e-06 1.8874649e-05 0.0000000e+00 
5.3936616e-05 -3.8651051e-05 0.0000000e+00 
1.9654632e-05 -6.7594461e-05 0.0000000e+00 
-3.4622848e-05 2.0861160e-05 0.0000000e+00 
2.1480955e-05 -3.2877782e-05 0.0000000e+00 
-2.3571309e-05 3.6003534e-05 0.0000000e+00 
-1.9014347e-05 2.8931536e-05 0.0000000e+00 
1.5803787e-05 1.7782440e-06 0.0000000e+00 
-5.0684903e-05 4.7221314e-05 0.0000000e+00 
-3.1550415e-05 3.6981422e-05 0.0000000e+00 
7.3434785e-07 -2.2846740e-05 0.0000000e+00 
-2.7410686e-05 4.8462069e-05 0.0000000e+00 
1.9030645e-05 -5.8749691e-05 0.0000000e+00 
-1.8168008e-05 2.0991778e-05 0.0000000e+00 
-3.6788173e-05 6.3280575e-05 0.0000000e+00 
-2.2320601e-06 -3.0245865e-06 0.0000000e+00 
1.0806555e-04 -8.8269822e-05 0.0000000e+00 
-2.4293549e-05 -2.9235671e-05 0.0000000e+00 
6.1783940e-06 -4.4643879e-05 0.0000000e+00 
-1.4565419e-05 2.6529422e-05 0.0000000e+00 
5.8918260e-05 -1.5291385e-05 0.0000000e+00 
-5.9869373e-05 3.7058548e-05 0.0000000e+00 
2.0898879e-05 -5.9795217e-05 0.0000000e+00 
-3.2152049e-05 5.4959208e-05 0.0000000e+00 
3.4680124e-05 -1.1711381e-05 0.0000000e+00 
3.5503414e-05 -4.4168439e-05 0.0000000e+00 
4.5346096e-06 -6.2036328e-05 0.0000000e+00 
-5.6363642e-06 8.9942478e-06 0.0000000e+00 
-1.2290664e-05 2.6780879e-05 0.0000000e+00 
-2.9876828e-06 -1.2453136e-05 0.0000000e+00 
1.3893470e-05 -4.0554209e-05 0.0000000e+00 
1.8458813e-05 -3.3219811e-05 0.0000000e+00 
-1.2983917e-05 -1.4273101e-05 0.0000000e+00 
-3.2612123e-05 9.5098279e-05 0.0000000e+00 
-5.0682575e-06 1.3106968e-05 0.0000000e+00 
1.6070902e-05 2.5244430e-05 0.0000000e+00 
9.2079863e-06 7.0657115e-06 0.0000000e+00 
-1.5734695e-05 -1.8658349e-05 0.0000000e+00 
-7.3928386e-06 -1.3560173e-05 0.0000000e+00 
-7.6121651e-06 2.9348303e-05 0.0000000e+00 
-2.3991481e-05 3.5241363e-05 0.0000000e+00 
-3.6090147e-05 4.2011030e-05 0.0000000e+00 
-1.0040589e-05 2.9449817e-05 0.0000000e+00 
1.7081387e-05 -6.6521578e-05 0.0000000e+00 
-6.4140186e-06 4.5744237e-06 0.0000000e+00 
3.5214471e-05 -4.1943975e-05 0.0000000e+00 
6.4342748e-05 -4.4707209e-05 0.0000000e+00 
2.4632085e-05 -4.6295580e-05 0.0000000e+00 
2.4781446e-05 -3.1806645e-05 0.0000000e+00 
-6.6484790e-05 9.0367161e-05 0.0000000e+00 
-1.1289492e-05 3.0746683e-05 0.0000000e+00 
5.7742000e-08 -4.4472981e-05 0.0000000e+00 
-7.6089054e-06 1.8930528e-05 0.0000000e+00 
2.3336615e-06 -2.4737674e-05 0.0000000e+00 
-2.3137545e-05 5.3232710e-05 0.0000000e+00 
2.0481599e-04 -1.6066758e-04 0.0000000e+00 
-2.2027642e-05 -2.9503251e-05 0.0000000e+00 
1.9758008e-05 -4.1728839e-05 0.0000000e+00 
4.2782631e-05 -5.8555976e-05 0.0000000e+00 
-1.2582168e-06 6.2388834e-05 0.0000000e+00 
-2.5174581e-05 5.0780596e-05 0.0000000e+00 
2.3730099e-06 -6.7418441e-06 0.0000000e+00 
2.3490342e-05 -4.6615489e-05 0.0000000e+00 
-3.0380208e-05 -1.8649735e-07 0.0000000e+00 
-2.9643532e-05 3.2248674e-05 0.0000000e+00 
-6.6952780e-05 4.4594519e-05 0.0000000e+00 
2.9863790e-05 4.8847869e-06 0.0000000e+00 
5.0891191e-05 -7.0184004e-05 0.0000000e+00 
-3.6742538e-05 7.1360031e-05 0.0000000e+00 
-9.3454728e-06 -2.8014183e-06 0.0000000e+00 
-1.1765771e-04 7.8738667e-05 0.0000000e+00 
1.8037390e-06 1.2635719e-05 0.0000000e+00 
-1.1341006e-05 1.1096534e-05 0.0000000e+00 
2.5205780e-05 1.8008839e-05 0.0000000e+00 
-1.7978251e-05 4.5577297e-05 0.0000000e+00 
8.1527978e-06 -2.1669548e-05 0.0000000e+00 
-1.5406311e-04 1.1722930e-04 0.0000000e+00 
-2.2025779e-05 4.5502093e-05 0.0000000e+00 
2.5192276e-07 -5.6140474e-05 0.0000000e+00 
4.8400369e-05 -7.0212409e-05 0.0000000e+00 
-1.3055280e-05 2.2976194e-05 0.0000000e+00 
2.9305927e-05 -9.0283342e-05 0.0000000e+00 
-2.5064917e-05 1.5934929e-06 0.0000000e+00 
-1.5236670e-05 2.9259187e-05 0.0000000e+00 
-1.5328638e-05 -3.2958109e-05 0.0000000e+00 
-4.3017790e-06 1.7365906e-05 0.0000000e+00 
-7.3166098e-05 1.2559351e-05 0.0000000e+00 
4.4945627e-06 4.1378662e-06 0.0000000e+00 
-5.7131983e-06 4.6934932e-05 0.0000000e+00 
-5.7600439e-05 2.9335730e-05 0.0000000e+00 
-2.3439527e-05 5.0544739e-05 0.0000000e+00 
2.2838823e-05 -4.2300439e-05 0.0000000e+00 
1.4687888e-05 2.6239315e-05 0.0000000e+00 
2.1410640e-05 -7.0714159e-05 0.0000000e+00 
1.0085758e-04 -1.2435392e-04 0.0000000e+00 
-9.9549070e-06 4.3488108e-06 0.0000000e+00 
-8.5530337e-06 6.2024337e-06 0.0000000e+00 
-2.7344096e-05 1.6751233e-05 0.0000000e+00 
3.0741561e-05 -3.6786078e-05 0.0000000e+00 
2.1493644e-05 -2.8997194e-05 0.0000000e+00 
3.4193275e-05 -6.8050111e-05 0.0000000e+00 
1.0795891e-05 3.2673590e-05 0.0000000e+00 
2.5425717e-05 -3.0141091e-05 0.0000000e+00 
-3.0467752e-05 2.3547327e-05 0.0000000e+00 
3.7817750e-05 -3.5448931e-05 0.0000000e+00 
-2.4395064e-05 2.6974827e-05 0.0000000e+00 
-3.7677586e-05 2.3263507e-05 0.0000000e+00 
-1.9383093e-05 1.5204540e-05 0.0000000e+00 
3.4659635e-05 -4.5680441e-05 0.0000000e+00 
-5.4277480e-06 -3.4801778e-05 0.0000000e+00 
-1.3453886e-05 -1.0474585e-05 0.0000000e+00 
-6.7707151e-06 2.1667220e-06 0.0000000e+00 
-2.5485642e-05 4.2061787e-05 0.0000000e+00 
-6.5083150e-05 6.5659173e-05 0.0000000e+00 
-1.0661548e-05 -1.6879407e-05 0.0000000e+00 
-3.4724362e-06 4.2923377e-05 0.0000000e+00 
2.0758249e-05 -1.4979159e-05 0.0000000e+00 
-2.8880313e-06 1.6180333e-05 0.0000000e+00 
-8.7199733e-06 6.5132044e-06 0.0000000e+00 
7.4173789e-05 -9.5094554e-05 0.0000000e+00 
2.5601126e-05 -5.1090959e-05 0.0000000e+00 
-1.9839732e-05 2.2332417e-05 0.0000000e+00 
-3.5423320e-05 2.9393472e-05 0.0000000e+00 
-2.1513551e-06 -3.9553270e-05 0.0000000e+00 
-2.8000213e-05 2.8433977e-05 0.0000000e+00 
2.7971575e-05 7.6559372e-06 0.0000000e+00 
-2.5367364e-05 3.2559037e-05 0.0000000e+00 
-3.4873956e-05 4.6195462e-05 0.0000000e+00 
-2.7503353e-05 6.8045920e-05 0.0000000e+00 
-2.2981782e-05 4.0301820e-05 0.0000000e+00 
-5.2014366e-07 2.9882300e-05 0.0000000e+00 
-7.8582671e-06 -7.9502643e-06 0.0000000e+00 
2.2461172e-05 -1.1042692e-05 0.0000000e+00 
-4.7945883e-05 3.4041237e-05 0.0000000e+00 
1.1835713e-05 -4.4731423e-06 0.0000000e+00 
-1.9798987e-05 -1.4756341e-05 0.0000000e+00 
-3.1220727e-05 3.3760443e-06 0.0000000e+00 
-1.0949094e-05 1.4655525e-05 0.0000000e+00 
-6.6425651e-05 5.5931974e-05 0.0000000e+00 
2.2985041e-05 -5.3875614e-05 0.0000000e+00 
-1.1036173e-06 1.1952594e-05 0.0000000e+00 
1.4533754e-05 -1.7944723e-05 0.0000000e+00 
1.0502059e-05 -3.0083582e-05 0.0000000e+00 
6.4093620e-06 -2.6651425e-05 0.0000000e+00 
2.1049753e-05 -5.1970041e-05 0.0000000e+00 
-4.4833287e-05 6.5750210e-05 0.0000000e+00 
1.5341630e-04 -1.2938818e-04 0.0000000e+00 
5.6121498e-06 -2.1378859e-05 0.0000000e+00 
6.3425861e-05 -7.9601537e-05 0.0000000e+00 
2.2414606e-05 -8.2076993e-05 0.0000000e+00 
3.1114090e-05 -7.5669726e-05 0.0000000e+00 
2.5769696e-06 2.6703812e-05 0.0000000e+00 
-2.0937296e-05 5.1219933e-05 0.0000000e+00 
1.4820136e-05 -1.6273931e-05 0.0000000e+00 
1.6503036e-06 1.2159580e-05 0.0000000e+00 
-1.3843994e-05 5.7392754e-07 0.0000000e+00 
-5.5491924e-05 4.3299980e-05 0.0000000e+00 
4.9149618e-05 -9.6340606e-05 0.0000000e+00 
1.4740974e-05 -3.4412369e-05 0.0000000e+00 
-8.1136823e-06 -3.7322752e-06 0.0000000e+00 
6.7753717e-06 -3.0665658e-05 0.0000000e+00 
2.1955930e-06 -3.2908749e-05 0.0000000e+00 
-4.8349611e-06 -8.9743407e-06 0.0000000e+00 
-1.1995435e-05 1.4628051e-05 0.0000000e+00 
9.9539757e-06 -6.2237959e-05 0.0000000e+00 
-6.5730419e-06 1.7135637e-05 0.0000000e+00 
3.2279640e-05 -6.8119261e-05 0.0000000e+00 
1.5584752e-05 -5.2382355e-05 0.0000000e+00 
-1.5823171e-06 -3.3318065e-05 0.0000000e+00 
-1.9647181e-05 4.2168424e-05 0.0000000e+00 
9.4352290e-06 2.8431183e-05 0.0000000e+00 
5.4272241e-06 -8.8935485e-06 0.0000000e+00 
8.3260238e-06 -5.8665406e-05 0.0000000e+00 
-3.0019321e-05 4.0166080e-05 0.0000000e+00 
1.2248196e-04 -1.1398178e-04 0.0000000e+00 
-2.2610882e-05 3.0989759e-05 0.0000000e+00 
1.5681610e-05 -3.2712705e-07 0.0000000e+00 
-1.1559436e-04 1.2040511e-04 0.0000000e+00 
-1.5029684e-05 5.3531025e-05 0.0000000e+00 
-1.1156313e-05 3.1373929e-07 0.0000000e+00 
-4.1943043e-05 6.4363703e-05 0.0000000e+00 
5.6911260e-05 -4.1765161e-05 0.0000000e+00 
-1.2473436e-05 3.2713637e-05 0.0000000e+00 
1.3061333e-05 -1.1937460e-05 0.0000000e+00 
-2.9234681e-05 2.2462569e-05 0.0000000e+00 
3.5671517e-05 -2.8961338e-05 0.0000000e+00 
3.1380914e-05 -3.8743310e-05 0.0000000e+00 
3.0121300e-06 -1.7063343e-05 0.0000000e+00 
-1.0240404e-04 6.8865716e-05 0.0000000e+00 
-7.1687624e-05 3.8439408e-05 0.0000000e+00 
-1.8347986e-05 -9.4077550e-06 0.0000000e+00 
-1.2115575e-05 2.5440939e-05 0.0000000e+00 
-3.0172989e-05 -6.6948123e-06 0.0000000e+00 
-3.6756275e-05 5.3466763e-05 0.0000000e+00 
-1.2693054e-05 -3.5283854e-05 0.0000000e+00 
7.1943738e-05 -3.6177225e-05 0.0000000e+00 
-1.4192890e-05 1.5363330e-05 0.0000000e+00 
-1.7201441e-05 2.8555165e-05 0.0000000e+00 
-2.2514723e-05 4.3363776e-05 0.0000000e+00 
8.0049038e-05 -5.3301454e-05 0.0000000e+00 
2.9021874e-05 -4.2709755e-05 0.0000000e+00 
-2.8516923e-05 1.4819903e-05 0.0000000e+00 
-2.6106834e-05 5.5390585e-05 0.0000000e+00 
-4.6142377e-06 -2.0573381e-05 0.0000000e+00 
2.6292633e-05 -4.6081259e-05 0.0000000e+00 
7.0314854e-06 1.5103724e-05 0.0000000e+00 
-2.2230670e-06 3.8207509e-06 0.0000000e+00 
-2.8380193e-05 4.3371459e-05 0.0000000e+00 
3.5951380e-06 -3.7811697e-07 0.0000000e+00 
-8.3483756e-06 3.7189107e-05 0.0000000e+00 
-2.0009698e-05 2.1362212e-05 0.0000000e+00 
-5.5237790e-05 4.6573929e-05 0.0000000e+00 
-1.1585187e-05 8.1527978e-06 0.0000000e+00 
-1.0426948e-04 8.1015751e-05 0.0000000e+00 
-1.3821758e-05 3.8089463e-05 0.0000000e+00 
-7.1377028e-05 8.6856075e-05 0.0000000e+00 
5.4379925e-06 -2.8159004e-05 0.0000000e+00 
-2.4724752e-05 9.9242665e-05 0.0000000e+00 
-3.2116659e-06 1.6285572e-05 0.0000000e+00 
-2.3131026e-05 1.0154909e-05 0.0000000e+00 
-4.9519353e-05 3.3611781e-05 0.0000000e+00 
6.5647648e-05 -7.2664348e-05 0.0000000e+00 
-7.4291602e-06 -5.5881683e-06 0.0000000e+00 
-4.5122579e-06 9.6927397e-06 0.0000000e+00 
2.6623020e-05 -2.4415494e-05 0.0000000e+00 
-3.0199066e-05 5.9363898e-05 0.0000000e+00 
1.9215571e-05 -9.1235852e-06 0.0000000e+00 
1.0105316e-05 -7.0900453e-05 0.0000000e+00 
1.3646437e-05 -4.6012574e-06 0.0000000e+00 
3.4528784e-05 -5.9567392e-05 0.0000000e+00 
2.1108752e-04 -1.5905034e-04 0.0000000e+00 
-2.0183157e-05 6.1471947e-05 0.0000000e+00 
-5.0691888e-06 1.7199898e-05 0.0000000e+00 
-2.1217857e-05 3.9043371e-05 0.0000000e+00 
1.2406614e-04 -8.3899125e-05 0.0000000e+00 
5.0738454e-06 -5.8668666e-05 0.0000000e+00 
1.6387552e-05 -3.6875019e-05 0.0000000e+00 
4.5136549e-05 -3.2863580e-05 0.0000000e+00 
9.2453323e-05 -1.1402555e-04 0.0000000e+00 
-4.8768707e-06 -4.6682544e-07 0.0000000e+00 
4.9605500e-05 -5.6983787e-05 0.0000000e+00 
-7.5232238e-05 5.5401586e-05 0.0000000e+00 
-2.1318905e-05 1.8833438e-05 0.0000000e+00 
-1.9034836e-05 -4.3399632e-06 0.0000000e+00 
1.1210563e-05 -4.8658636e-05 0.0000000e+00 
-4.6355184e-05 2.4097506e-05 0.0000000e+00 
-2.0768726e-05 2.5996007e-05 0.0000000e+00 
6.0203020e-05 -6.6448003e-05 0.0000000e+00 
1.1669472e-06 1.9910280e-05 0.0000000e+00 
-6.4780470e-05 6.8400986e-05 0.0000000e+00 
2.9365532e-05 -6.0400926e-06 0.0000000e+00 
-1.3140962e-05 -3.3517368e-05 0.0000000e+00 
-1.7307233e-05 2.6615802e-05 0.0000000e+00 
1.9915402e-05 -5.2286079e-05 0.0000000e+00 
-9.9614263e-06 6.3931569e-05 0.0000000e+00 
-1.5549408e-04 1.2792088e-04 0.0000000e+00 
4.0375919e-05 -4.5544351e-05 0.0000000e+00 
6.3334592e-06 6.2207691e-06 0.0000000e+00 
-3.5153818e-05 2.8149574e-05 0.0000000e+00 
2.4828594e-05 -6.7156390e-05 0.0000000e+00 
-1.1541881e-05 6.3457992e-06 0.0000000e+00 
3.7760241e-05 -5.5884972e-05 0.0000000e+00 
-2.8768554e-06 -2.0725420e-05 0.0000000e+00 
1.2920238e-05 -7.0373062e-06 0.0000000e+00 
4.8556365e-05 -5.7618832e-05 0.0000000e+00 
-5.5985292e-06 2.0079897e-05 0.0000000e+00 
-5.1218085e-06 9.6596777e-06 0.0000000e+00 
-8.4381551e-05 8.1250910e-05 0.0000000e+00 
-2.7576461e-05 1.4756806e-05 0.0000000e+00 
1.9053929e-05 5.4340344e-05 0.0000000e+00 
3.2945536e-06 -3.5975594e-05 0.0000000e+00 
1.5294645e-06 1.3091914e-05 0.0000000e+00 
6.4889900e-06 -1.3668323e-05 0.0000000e+00 
5.0056726e-05 -9.5265452e-05 0.0000000e+00 
3.3383258e-05 -4.8649497e-05 0.0000000e+00 
-1.3187062e-05 8.0528669e-05 0.0000000e+00 
-2.2792257e-05 6.5680593e-05 0.0000000e+00 
5.6978315e-06 -2.4017645e-05 0.0000000e+00 
-1.0104850e-06 -1.7191283e-05 0.0000000e+00 
-1.1006137e-05 2.9063085e-07 0.0000000e+00 
-3.5792589e-05 3.5853358e-05 0.0000000e+00 
6.3390937e-05 -5.4981094e-05 0.0000000e+00 
-3.3431221e-05 2.5048386e-05 0.0000000e+00 
-2.8111506e-05 6.4745196e-05 0.0000000e+00 
4.3342821e-05 -7.7087432e-05 0.0000000e+00 
-3.1839358e-05 1.7605140e-05 0.0000000e+00 
-2.2904249e-05 3.0701282e-05 0.0000000e+00 
-9.1957627e-06 1.7795246e-06 0.0000000e+00 
-2.8607901e-05 4.0140934e-05 0.0000000e+00 
2.6752707e-05 -8.6693995e-05 0.0000000e+00 
-3.5727862e-05 5.2494928e-05 0.0000000e+00 
-4.7512585e-05 5.5828132e-05 0.0000000e+00 
1.0941178e-05 -6.0649123e-05 0.0000000e+00 
-3.6873855e-05 5.7361554e-05 0.0000000e+00 
-2.5175977e-05 4.8259157e-05 0.0000000e+00 
2.0317268e-05 -4.7310255e-05 0.0000000e+00 
-2.9292423e-05 6.3522719e-05 0.0000000e+00 
-1.2228265e-05 1.9819476e-05 0.0000000e+00 
-1.4807098e-05 5.7972968e-05 0.0000000e+00 
5.3066760e-06 -3.3082906e-06 0.0000000e+00 
-3.9941631e-05 3.2556709e-05 0.0000000e+00 
8.0343627e-05 -1.0260660e-04 0.0000000e+00 
-2.0287931e-05 2.2070482e-05 0.0000000e+00 
-2.3498200e-05 2.7861912e-05 0.0000000e+00 
-1.7905142e-05 1.5405822e-05 0.0000000e+00 
2.8547365e-05 -4.6469737e-05 0.0000000e+00 
1.6993843e-05 1.7397106e-06 0.0000000e+00 
2.4674460e-05 -4.6437373e-05 0.0000000e+00 
8.5453503e-06 -1.7196871e-05 0.0000000e+00 
-9.7509474e-07 4.4577755e-06 0.0000000e+00 
4.6494417e-05 -5.9501734e-05 0.0000000e+00 
-1.1980534e-05 -2.8692186e-05 0.0000000e+00 
1.0158401e-05 -7.5600110e-06 0.0000000e+00 
-3.3820514e-05 3.3365563e-05 0.0000000e+00 
1.8539838e-05 -7.8815036e-05 0.0000000e+00 
1.5835045e-04 -1.0168180e-04 0.0000000e+00 
7.0510432e-06 -7.9346355e-06 0.0000000e+00 
3.0938536e-05 -5.9599523e-05 0.0000000e+00 
5.5431869e-05 -9.6047181e-05 0.0000000e+00 
-2.2299821e-05 2.6365742e-06 0.0000000e+00 
3.8091093e-06 -5.0661853e-05 0.0000000e+00 
-3.3183023e-06 -2.3378059e-05 0.0000000e+00 
-3.0685449e-05 8.3428109e-05 0.0000000e+00 
-4.5729103e-06 -1.1701486e-05 0.0000000e+00 
-4.5826659e-05 5.9513375e-05 0.0000000e+00 
3.5320409e-05 -6.7588408e-05 0.0000000e+00 
1.7114216e-06 3.5944249e-06 0.0000000e+00 
-9.4561838e-06 -2.0373263e-05 0.0000000e+00 
-4.0730927e-05 3.3733668e-06 0.0000000e+00 
-1.1271331e-05 5.9544807e-05 0.0000000e+00 
-4.1993335e-05 4.6413392e-05 0.0000000e+00 
-2.1303073e-05 -2.5047455e-05 0.0000000e+00 
3.2124808e-05 -5.4541277e-05 0.0000000e+00 
3.8977712e-05 -1.9937754e-05 0.0000000e+00 
1.6088597e-05 -7.5809658e-05 0.0000000e+00 
-2.5373884e-05 9.5047988e-05 0.0000000e+00 
3.0538067e-06 1.8146326e-05 0.0000000e+00 
-2.7745031e-05 6.3189771e-05 0.0000000e+00 
2.6767142e-05 -3.9049191e-06 0.0000000e+00 
-6.3530169e-05 5.6804158e-05 0.0000000e+00 
6.3491985e-05 1.6775914e-05 0.0000000e+00 
-4.2241532e-05 4.3945387e-05 0.0000000e+00 
-2.5331974e-07 -1.5380327e-05 0.0000000e+00 
-4.8077665e-05 4.9829949e-05 0.0000000e+00 
-2.6016496e-05 2.7775066e-05 0.0000000e+00 
3.0768104e-05 -5.3439522e-05 0.0000000e+00 
-5.0768722e-05 2.4200417e-05 0.0000000e+00 
-2.9271469e-06 3.2423064e-05 0.0000000e+00 
-2.3372239e-05 4.4336542e-05 0.0000000e+00 
-6.8163499e-06 1.1568423e-05 0.0000000e+00 
-1.6239937e-08 4.6736095e-06 0.0000000e+00 
-2.9288640e-05 2.7959235e-05 0.0000000e+00 
6.8086665e-06 -8.2920305e-06 0.0000000e+00 
3.6255457e-05 -1.6851351e-05 0.0000000e+00 
6.1173923e-06 -5.1931711e-05 0.0000000e+00 
5.2520540e-05 -5.5076089e-05 0.0000000e+00 
-4.6199653e-05 3.7072226e-05 0.0000000e+00 
1.1920929e-06 2.1722983e-05 0.0000000e+00 
-1.9205268e-05 6.8624737e-05 0.0000000e+00 
2.3470726e-05 -1.5335158e-05 0.0000000e+00 
5.0433446e-06 1.1041549e-05 0.0000000e+00 
-6.0093589e-06 1.2395903e-06 0.0000000e+00 
-4.0530693e-05 2.8871000e-07 0.0000000e+00 
1.1092518e-05 -4.7143665e-05 0.0000000e+00 
-5.1948940e-05 4.6660192e-05 0.0000000e+00 
3.1956006e-05 -2.0442531e-05 0.0000000e+00 
1.3098121e-05 -3.6247075e-05 0.0000000e+00 
4.3967739e-06 -6.1136670e-05 0.0000000e+00 
3.3544376e-05 -9.6270582e-05 0.0000000e+00 
6.8824738e-06 -3.7003425e-05 0.0000000e+00 
-1.1557713e-06 -1.3905112e-05 0.0000000e+00 
-3.1421892e-05 1.3952609e-05 0.0000000e+00 
-9.1493130e-06 1.3779383e-05 0.0000000e+00 
-2.6037800e-05 5.6613237e-05 0.0000000e+00 
-1.3357960e-05 7.9630874e-05 0.0000000e+00 
2.7297065e-06 -4.9779192e-05 0.0000000e+00 
2.5183195e-05 -3.7227059e-05 0.0000000e+00 
-1.5526515e-05 -3.5616686e-05 0.0000000e+00 
-1.5512109e-05 4.2505097e-05 0.0000000e+00 
-2.2087945e-05 8.6158398e-06 0.0000000e+00 
-2.3523462e-05 5.7886355e-06 0.0000000e+00 
3.1441450e-06 -2.2515771e-05 0.0000000e+00 
-1.9748695e-05 2.8148293e-05 0.0000000e+00 
-1.0537077e-04 1.0080775e-04 0.0000000e+00 
-2.7082628e-05 8.1295148e-06 0.0000000e+00 
-4.2357016e-05 6.9122529e-05 0.0000000e+00 
-2.9858667e-05 7.6565193e-06 0.0000000e+00 
-5.1680487e-05 2.5949441e-05 0.0000000e+00 
4.1074120e-05 -5.6877732e-05 0.0000000e+00 
3.1086616e-05 -4.8661139e-05 0.0000000e+00 
-4.7252513e-05 4.2113476e-05 0.0000000e+00 
4.5024790e-05 -8.0734491e-05 0.0000000e+00 
3.1997915e-06 -4.0653860e-05 0.0000000e+00 
1.3557728e-05 -5.0250965e-05 0.0000000e+00 
-2.9929448e-05 -4.6524219e-06 0.0000000e+00 
8.0456957e-05 -1.1783978e-04 0.0000000e+00 
1.2295321e-05 -6.3453335e-06 0.0000000e+00 
-4.4471584e-05 5.8105215e-05 0.0000000e+00 
-8.7604858e-06 8.1597827e-06 0.0000000e+00 
2.5447924e-05 -5.8228325e-05 0.0000000e+00 
5.2842312e-05 -6.4954162e-05 0.0000000e+00 
1.6342383e-04 -1.1267327e-04 0.0000000e+00 
1.7121155e-04 -1.9479543e-04 0.0000000e+00 
1.0829419e-05 -1.9285711e-05 0.0000000e+00 
-2.8399285e-05 5.3693540e-05 0.0000000e+00 
2.2459775e-05 -2.7550966e-05 0.0000000e+00 
-6.8879963e-06 4.6473462e-05 0.0000000e+00 
-6.5286178e-05 5.7919417e-05 0.0000000e+00 
-1.2721750e-05 2.7166680e-06 0.0000000e+00 
2.0518433e-05 -7.7462522e-05 0.0000000e+00 
1.5626196e-05 -1.3605808e-05 0.0000000e+00 
-1.3270788e-04 1.0703038e-04 0.0000000e+00 
2.6284717e-05 -5.1921234e-06 0.0000000e+00 
1.3935845e-05 -2.5665853e-05 0.0000000e+00 
6.6323904e-05 -1.1529983e-04 0.0000000e+00 
-7.2144903e-06 2.5471672e-06 0.0000000e+00 
-2.5141984e-05 7.3886011e-05 0.0000000e+00 
-1.8987339e-05 1.9422732e-06 0.0000000e+00 
-4.4857617e-05 -1.1045173e-05 0.0000000e+00 
-1.0519288e-06 -4.0555606e-05 0.0000000e+00 
-3.1569041e-05 9.6250791e-05 0.0000000e+00 
-1.8240418e-04 1.7355243e-04 0.0000000e+00 
1.0143034e-05 1.8423190e-05 0.0000000e+00 
2.8211623e-05 -5.6123361e-05 0.0000000e+00 
5.5730343e-06 5.9138983e-07 0.0000000e+00 
-2.3542438e-05 1.0341755e-05 0.0000000e+00 
-3.9799139e-05 1.6612932e-05 0.0000000e+00 
-4.4275075e-05 6.4609572e-05 0.0000000e+00 
9.4934367e-06 -1.3733516e-05 0.0000000e+00 
6.3204672e-05 -2.0048115e-05 0.0000000e+00 
-7.2503462e-06 -4.0503219e-05 0.0000000e+00 
1.0928139e-05 -4.5837369e-06 0.0000000e+00 
3.4341589e-05 -2.0083040e-05 0.0000000e+00 
-3.2052863e-05 3.3119693e-05 0.0000000e+00 
2.9010698e-07 -1.3633166e-05 0.0000000e+00 
-1.4736783e-05 -7.6009892e-06 0.0000000e+00 
-4.7922134e-05 7.4136071e-05 0.0000000e+00 
2.9166229e-05 -4.9529597e-05 0.0000000e+00 
5.4878183e-05 -6.2908977e-05 0.0000000e+00 
-6.1305473e-05 1.0098959e-04 0.0000000e+00 
2.9023882e-05 -6.5868429e-05 0.0000000e+00 
3.7031248e-05 -4.2266562e-05 0.0000000e+00 
-2.2859313e-05 -1.5201280e-05 0.0000000e+00 
2.4826732e-05 -6.6093635e-05 0.0000000e+00 
2.0718668e-05 -3.7571415e-05 0.0000000e+00 
3.6309008e-05 -6.8084337e-06 0.0000000e+00 
-3.5103527e-05 4.2265980e-05 0.0000000e+00 
-2.1972228e-06 3.8547136e-05 0.0000000e+00 
-4.1871332e-05 2.7106144e-05 0.0000000e+00 
-2.0992011e-06 -3.9261766e-05 0.0000000e+00 
4.3494161e-05 -3.1293370e-05 0.0000000e+00 
2.8454699e-05 -5.8235601e-05 0.0000000e+00 
2.1755695e-06 -2.7777627e-05 0.0000000e+00 
-3.4878030e-07 3.6058715e-05 0.0000000e+00 
-2.7555565e-05 1.9914005e-06 0.0000000e+00 
9.4906427e-06 -4.0251762e-06 0.0000000e+00 
-1.4444813e-05 5.1448587e-05 0.0000000e+00 
-1.5223399e-05 -1.3456855e-05 0.0000000e+00 
2.6316848e-05 -4.7922600e-05 0.0000000e+00 
1.9455329e-05 -8.2813203e-06 0.0000000e+00 
-1.5372410e-05 9.7089913e-05 0.0000000e+00 
1.0062661e-04 -1.3867347e-04 0.0000000e+00 
-1.4330260e-05 -3.7108548e-06 0.0000000e+00 
-7.9192687e-05 7.9263467e-05 0.0000000e+00 
-6.6733919e-06 -1.4307443e-06 0.0000000e+00 
-8.6573418e-05 8.1558712e-05 0.0000000e+00 
8.7497756e-06 -3.9911596e-05 0.0000000e+00 
4.6913978e-05 -1.3442652e-05 0.0000000e+00 
-8.6100772e-06 1.1123368e-05 0.0000000e+00 
-8.2440674e-06 -7.5171702e-06 0.0000000e+00 
-2.4659472e-05 3.0406518e-06 0.0000000e+00 
-7.2232913e-05 1.0042370e-04 0.0000000e+00 
-5.6728721e-05 5.3757336e-05 0.0000000e+00 
-8.6695654e-06 2.9951334e-05 0.0000000e+00 
5.0445087e-05 -9.1563445e-05 0.0000000e+00 
1.3504410e-05 9.9054159e-06 0.0000000e+00 
5.2790623e-05 -2.2813678e-05 0.0000000e+00 
4.0857121e-05 -3.9354200e-05 0.0000000e+00 
2.2012740e-05 -3.0236552e-05 0.0000000e+00 
5.7558296e-05 -5.6880526e-07 0.0000000e+00 
1.4182646e-05 -2.2568944e-05 0.0000000e+00 
-6.3620973e-05 1.1184160e-04 0.0000000e+00 
-7.5091841e-05 5.7717436e-05 0.0000000e+00 
6.5403990e-05 -6.5112952e-05 0.0000000e+00 
-4.1672029e-05 1.8127030e-05 0.0000000e+00 
1.4420599e-05 -2.2212975e-05 0.0000000e+00 
1.4626142e-04 -1.1499110e-04 0.0000000e+00 
-2.6207883e-05 5.1813200e-05 0.0000000e+00 
6.6162553e-05 -5.4305885e-05 0.0000000e+00 
-2.9019080e-05 -8.4822532e-06 0.0000000e+00 
-9.2438422e-06 -2.6934780e-05 0.0000000e+00 
5.2609015e-05 -5.0107017e-05 0.0000000e+00 
-1.5600398e-04 1.7109793e-04 0.0000000e+00 
2.1981308e-05 -3.9942563e-05 0.0000000e+00 
-4.3870416e-05 9.2504546e-05 0.0000000e+00 
9.9656172e-06 -3.7651509e-05 0.0000000e+00 
-1.7667771e-06 -1.2433622e-05 0.0000000e+00 
3.2307580e-06 -5.2980613e-06 0.0000000e+00 
-5.4929405e-06 2.7377624e-05 0.0000000e+00 
2.2081193e-05 -7.5852993e-05 0.0000000e+00 
8.8736415e-06 4.3958426e-07 0.0000000e+00 
1.2155622e-05 -3.1633070e-05 0.0000000e+00 
-1.1185184e-05 -6.4531341e-06 0.0000000e+00 
-2.5263056e-05 9.1775786e-05 0.0000000e+00 
-2.8497772e-05 1.6872553e-05 0.0000000e+00 
-5.7604164e-05 3.4955796e-05 0.0000000e+00 
-9.1898255e-06 2.8881594e-05 0.0000000e+00 
1.6008038e-05 -1.2273900e-05 0.0000000e+00 
1.4949590e-05 -6.1544590e-05 0.0000000e+00 
3.5511330e-06 2.9986724e-05 0.0000000e+00 
1.0299962e-05 1.0514632e-05 0.0000000e+00 
-3.2258220e-05 -1.6706530e-05 0.0000000e+00 
9.2422590e-05 -1.1978671e-04 0.0000000e+00 
-2.1329150e-05 5.6554563e-06 0.0000000e+00 
1.5003374e-05 -3.0031370e-05 0.0000000e+00 
-8.8706147e-06 -2.3896573e-05 0.0000000e+00 
2.0114705e-05 -2.1595974e-05 0.0000000e+00 
-4.3740496e-05 3.7280843e-06 0.0000000e+00 
1.2353063e-05 -1.0063406e-05 0.0000000e+00 
-3.0881260e-05 -2.2947788e-06 0.0000000e+00 
-8.6175278e-06 3.0519441e-06 0.0000000e+00 
-1.1232682e-05 -3.0394178e-05 0.0000000e+00 
-5.2596675e-05 7.0319511e-05 0.0000000e+00 
-2.5205314e-05 8.5926033e-05 0.0000000e+00 
-1.7980114e-05 3.5465695e-05 0.0000000e+00 
1.4135148e-05 2.4391338e-06 0.0000000e+00 
1.8289313e-05 -5.8553182e-05 0.0000000e+00 
-1.0530930e-05 1.9372441e-05 0.0000000e+00 
2.2020104e-06 -5.7583675e-06 0.0000000e+00 
-3.7917867e-05 2.6983209e-05 0.0000000e+00 
-1.4473917e-05 2.8650713e-05 0.0000000e+00 
-4.6605885e-05 5.9186248e-05 0.0000000e+00 
4.6018045e-05 -5.4529402e-05 0.0000000e+00 
1.2906408e-04 -8.1751496e-05 0.0000000e+00 
3.0089635e-05 -4.6969857e-05 0.0000000e+00 
-2.5818648e-05 2.2138702e-06 0.0000000e+00 
-2.0097941e-06 3.4812372e-05 0.0000000e+00 
7.7076256e-06 -3.3701916e-05 0.0000000e+00 
3.3625867e-05 -2.6245601e-05 0.0000000e+00 
-2.2264197e-05 -1.5138066e-06 0.0000000e+00 
2.7949922e-05 -7.5090677e-05 0.0000000e+00 
-4.6484638e-05 4.9714232e-05 0.0000000e+00 
-7.1082730e-05 6.4568128e-05 0.0000000e+00 
1.1308119e-05 3.2617711e-05 0.0000000e+00 
-9.5814466e-06 8.5555017e-05 0.0000000e+00 
-4.9583614e-06 4.5968220e-05 0.0000000e+00 
6.0611870e-05 -1.0049087e-04 0.0000000e+00 
-9.5844269e-05 6.4549502e-05 0.0000000e+00 
-7.2756782e-05 8.5389707e-05 0.0000000e+00 
-8.7521039e-06 3.0601630e-05 0.0000000e+00 
-2.0160340e-05 5.3993892e-05 0.0000000e+00 
4.3123495e-05 -5.5443496e-05 0.0000000e+00 
-4.8831105e-05 7.0249196e-05 0.0000000e+00 
4.2579137e-05 -8.3978521e-05 0.0000000e+00 
1.1372846e-05 -1.9459520e-05 0.0000000e+00 
-3.0809315e-05 4.3247419e-05 0.0000000e+00 
5.0483737e-05 -3.8376078e-05 0.0000000e+00 
2.0708423e-05 -4.9647409e-05 0.0000000e+00 
-3.4241239e-05 2.8038310e-05 0.0000000e+00 
-1.0898235e-05 4.3182052e-05 0.0000000e+00 
2.5797635e-06 2.4859793e-05 0.0000000e+00 
7.3226402e-06 7.9283491e-06 0.0000000e+00 
-3.7560239e-06 -1.5682075e-05 0.0000000e+00 
-1.6121659e-05 1.6480684e-05 0.0000000e+00 
8.8654342e-06 -4.8058806e-05 0.0000000e+00 
-3.6332756e-05 1.5115365e-05 0.0000000e+00 
8.7013468e-06 -2.8415874e-05 0.0000000e+00 
6.4442866e-06 -2.1540560e-05 0.0000000e+00 
1.2780423e-05 -3.2966956e-05 0.0000000e+00 
2.3147278e-04 -1.8436997e-04 0.0000000e+00 
5.9573911e-05 -9.6410513e-05 0.0000000e+00 
-7.7955425e-05 1.0795100e-04 0.0000000e+00 
1.8000603e-05 -9.7054057e-05 0.0000000e+00 
-2.0202715e-05 4.5272056e-05 0.0000000e+00 
-5.2024610e-05 2.2649299e-05 0.0000000e+00 
-1.7192215e-05 5.3684227e-05 0.0000000e+00 
-2.0737760e-05 5.2082818e-05 0.0000000e+00 
1.5740748e-05 -7.8078825e-05 0.0000000e+00 
5.0198287e-06 -6.1164610e-06 0.0000000e+00 
-1.5995465e-06 -2.6344322e-05 0.0000000e+00 
1.9497238e-06 -1.8314458e-05 0.0000000e+00 
-4.4360757e-05 3.0602096e-05 0.0000000e+00 
1.6926322e-05 -7.0102513e-05 0.0000000e+00 
3.3988152e-05 -1.9852305e-05 0.0000000e+00 
-5.9919432e-05 1.2186472e-04 0.0000000e+00 
-3.2434240e-05 1.9566854e-05 0.0000000e+00 
-1.2644567e-05 -4.7064386e-06 0.0000000e+00 
-2.3550354e-05 5.5799726e-05 0.0000000e+00 
1.4635734e-05 -6.6556386e-05 0.0000000e+00 
1.4055986e-05 -7.5200485e-05 0.0000000e+00 
-3.5050791e-05 9.9702738e-06 0.0000000e+00 
2.2965483e-05 -3.3040065e-05 0.0000000e+00 
-6.3251355e-06 -1.0111602e-05 0.0000000e+00 
-8.8536181e-06 -1.1911528e-05 0.0000000e+00 
3.7374906e-05 -1.0397751e-05 0.0000000e+00 
2.5301357e-05 -4.8358575e-05 0.0000000e+00 
1.9302592e-05 -3.1837728e-05 0.0000000e+00 
-3.7355348e-05 3.1751289e-05 0.0000000e+00 
-7.2310446e-05 7.8192679e-05 0.0000000e+00 
-8.9479610e-05 5.2498188e-05 0.0000000e+00 
8.1435777e-05 -4.5928173e-05 0.0000000e+00 
-5.5260025e-06 -8.1562903e-06 0.0000000e+00 
-7.1699731e-05 1.0540569e-04 0.0000000e+00 
2.5598798e-05 -5.0315168e-05 0.0000000e+00 
1.5693018e-05 -6.3534826e-06 0.0000000e+00 
-3.5255682e-05 5.0105387e-05 0.0000000e+00 
4.5028981e-05 -1.8704683e-05 0.0000000e+00 
2.4260022e-05 -8.4777363e-05 0.0000000e+00 
1.0291114e-05 8.7700319e-06 0.0000000e+00 
1.2673321e-05 2.6059453e-05 0.0000000e+00 
-4.7003850e-06 -3.5236590e-06 0.0000000e+00 
5.4549426e-05 -1.2760790e-04 0.0000000e+00 
1.4314428e-06 -7.6438300e-07 0.0000000e+00 
6.2861480e-05 -7.0429873e-05 0.0000000e+00 
7.5590797e-06 -2.1420419e-07 0.0000000e+00 
-1.1765771e-04 7.8911660e-05 0.0000000e+00 
-5.0788629e-05 1.3493758e-04 0.0000000e+00 
-1.2000557e-05 -7.1974937e-06 0.0000000e+00 
-3.9981911e-05 5.7316654e-05 0.0000000e+00 
2.8566457e-05 -1.3672281e-05 0.0000000e+00 
-1.9937193e-05 3.1111063e-05 0.0000000e+00 
2.1803193e-05 6.4223423e-06 0.0000000e+00 
-2.1196902e-05 1.5683472e-06 0.0000000e+00 
3.5579083e-05 -4.6598958e-05 0.0000000e+00 
-4.1359104e-05 5.8506150e-05 0.0000000e+00 
8.5847918e-05 -1.3876334e-04 0.0000000e+00 
2.8740615e-05 -3.9719511e-05 0.0000000e+00 
-6.3823070e-05 3.5601668e-05 0.0000000e+00 
-4.4418499e-05 4.1410269e-05 0.0000000e+00 
1.3999641e-05 -1.1665747e-05 0.0000000e+00 
1.7492101e-05 -2.6023947e-05 0.0000000e+00 
-1.0211021e-05 -7.9034362e-06 0.0000000e+00 
1.8374529e-05 7.8147277e-06 0.0000000e+00 
-4.1029416e-05 9.9765602e-05 0.0000000e+00 
-3.0202325e-05 2.8400682e-05 0.0000000e+00 
8.0552418e-05 -8.9356210e-05 0.0000000e+00 
-3.6457554e-05 2.1216460e-05 0.0000000e+00 
-9.4319694e-06 2.3867004e-05 0.0000000e+00 
-2.5704503e-06 7.6660886e-05 0.0000000e+00 
-5.0918432e-05 5.4810196e-05 0.0000000e+00 
2.0407140e-05 -6.0091028e-05 0.0000000e+00 
7.5441319e-05 -1.4823396e-04 0.0000000e+00 
-3.3611432e-05 3.5883393e-05 0.0000000e+00 
-6.5457076e-05 2.3027416e-05 0.0000000e+00 
3.1371135e-05 -5.0576404e-05 0.0000000e+00 
-1.7834827e-07 -1.3872646e-05 0.0000000e+00 
5.4588541e-05 -3.5563018e-05 0.0000000e+00 
1.5325844e-05 -4.8559159e-05 0.0000000e+00 
-3.6815647e-05 6.0233753e-05 0.0000000e+00 
-3.7767692e-05 2.2263266e-05 0.0000000e+00 
4.0414743e-06 -3.3166027e-05 0.0000000e+00 
2.8124079e-05 -7.6808967e-05 0.0000000e+00 
-2.0649371e-05 3.1192205e-05 0.0000000e+00 
1.4848448e-04 -9.6806325e-05 0.0000000e+00 
2.7531292e-05 -4.5256456e-05 0.0000000e+00 
-7.8916550e-05 3.2449141e-05 0.0000000e+00 
-6.8878755e-05 1.0034419e-04 0.0000000e+00 
-9.4049610e-06 -3.1108968e-05 0.0000000e+00 
1.1332566e-05 -3.0031544e-05 0.0000000e+00 
-1.8949620e-05 -3.0286610e-06 0.0000000e+00 
1.7466955e-05 -5.3283526e-05 0.0000000e+00 
6.2614679e-05 -7.4541429e-05 0.0000000e+00 
6.4432155e-05 -3.1410716e-05 0.0000000e+00 
-4.8871152e-06 -1.8727034e-05 0.0000000e+00 
-1.3951212e-06 -1.4504883e-05 0.0000000e+00 
3.2029115e-05 -4.0171901e-05 0.0000000e+00 
7.9027843e-05 -1.0090880e-04 0.0000000e+00 
-1.5439000e-05 4.9490365e-05 0.0000000e+00 
-4.2808708e-05 5.0866045e-05 0.0000000e+00 
3.7512742e-05 -2.2368506e-05 0.0000000e+00 
-2.8312672e-05 5.7214405e-05 0.0000000e+00 
-4.8563350e-05 7.2393101e-05 0.0000000e+00 
-1.4001969e-05 4.3319364e-05 0.0000000e+00 
-3.8249185e-05 8.7578606e-05 0.0000000e+00 
-5.5049604e-05 7.2665862e-05 0.0000000e+00 
-2.7272850e-05 1.0629580e-04 0.0000000e+00 
5.3728465e-05 -9.6655800e-05 0.0000000e+00 
-1.0795658e-05 -7.4396085e-06 0.0000000e+00 
-8.5544452e-06 3.8126367e-05 0.0000000e+00 
-3.7590507e-05 4.5511639e-05 0.0000000e+00 
1.7916784e-05 -3.3384189e-05 0.0000000e+00 
-6.0980208e-05 3.9297156e-05 0.0000000e+00 
8.6822547e-07 3.6357669e-06 0.0000000e+00 
-6.7611691e-05 6.4161373e-05 0.0000000e+00 
-2.9332004e-05 3.6776764e-05 0.0000000e+00 
-5.4930570e-07 4.3109758e-06 0.0000000e+00 
-5.0650560e-05 8.9036534e-05 0.0000000e+00 
3.2311305e-05 -1.0579242e-04 0.0000000e+00 
-8.5623935e-05 1.1964422e-04 0.0000000e+00 
-8.2333572e-06 -3.2727839e-05 0.0000000e+00 
2.7034897e-05 -2.5301124e-05 0.0000000e+00 
-5.1212031e-05 4.3078791e-05 0.0000000e+00 
-2.5965972e-05 4.1721622e-05 0.0000000e+00 
6.2293839e-05 -6.2209554e-05 0.0000000e+00 
-3.4812838e-05 4.0405896e-05 0.0000000e+00 
1.6767415e-05 -4.4670189e-05 0.0000000e+00 
6.0975086e-05 -6.0936203e-05 0.0000000e+00 
3.0351337e-05 -6.8669673e-05 0.0000000e+00 
-1.3214536e-05 -8.4561761e-06 0.0000000e+00 
4.3773092e-05 -5.3867465e-05 0.0000000e+00 
-1.7155427e-05 -8.5171778e-06 0.0000000e+00 
-7.0739072e-05 8.9281704e-05 0.0000000e+00 
-4.0158629e-06 -1.6189057e-05 0.0000000e+00 
2.6655849e-05 -1.2547785e-04 0.0000000e+00 
-6.4957654e-05 6.8549067e-05 0.0000000e+00 
3.4906436e-05 -6.1216298e-05 0.0000000e+00 
1.3411278e-04 -1.4233217e-04 0.0000000e+00 
-7.0887618e-06 1.3404060e-05 0.0000000e+00 
9.6224248e-06 -1.2879260e-05 0.0000000e+00 
1.3544969e-04 -1.3177469e-04 0.0000000e+00 
-4.5236666e-06 2.6578899e-05 0.0000000e+00 
-2.2877008e-05 -1.8441817e-05 0.0000000e+00 
8.8009983e-08 3.4925062e-05 0.0000000e+00 
3.2133888e-05 -4.6729576e-05 0.0000000e+00 
-4.1540712e-05 4.1371677e-05 0.0000000e+00 
-2.1521468e-05 2.8501032e-05 0.0000000e+00 
3.5082921e-06 -1.2580305e-05 0.0000000e+00 
4.2703003e-05 -9.1385562e-05 0.0000000e+00 
2.3498433e-05 -6.0729217e-05 0.0000000e+00 
-4.5251101e-05 4.9583963e-05 0.0000000e+00 
-2.5738962e-05 1.3947254e-04 0.0000000e+00 
1.0948628e-05 2.4843495e-05 0.0000000e+00 
2.4773180e-06 3.3418182e-05 0.0000000e+00 
3.6834273e-05 -6.5393280e-05 0.0000000e+00 
-5.1422510e-05 1.6602222e-05 0.0000000e+00 
3.7394231e-05 -1.7534476e-05 0.0000000e+00 
-1.8975232e-05 2.1691900e-05 0.0000000e+00 
3.2520154e-05 -7.6640164e-05 0.0000000e+00 
-3.2321550e-06 3.4460099e-05 0.0000000e+00 
-5.1211100e-05 6.3398853e-05 0.0000000e+00 
-3.6764424e-05 8.5084233e-05 0.0000000e+00 
-5.2421936e-05 1.2799251e-04 0.0000000e+00 
-3.5118312e-05 6.7301095e-05 0.0000000e+00 
1.6846461e-05 -6.0761813e-05 0.0000000e+00 
1.9614818e-05 -4.0946354e-05 0.0000000e+00 
2.1216506e-04 -1.6211532e-04 0.0000000e+00 
2.5576446e-05 -3.8945815e-05 0.0000000e+00 
-3.1688251e-07 -4.6550413e-05 0.0000000e+00 
2.5401823e-05 -7.0580863e-06 0.0000000e+00 
-4.2996835e-05 4.0832441e-05 0.0000000e+00 
-8.6200424e-05 8.0270751e-05 0.0000000e+00 
-2.5622081e-05 7.2040246e-05 0.0000000e+00 
-4.7155656e-05 -1.8859282e-07 0.0000000e+00 
1.5802681e-05 -3.0755065e-05 0.0000000e+00 
-5.3734053e-05 7.0227310e-05 0.0000000e+00 
1.1640601e-05 -2.2146851e-05 0.0000000e+00 
2.6579248e-05 -4.1750842e-05 0.0000000e+00 
2.9186253e-05 -4.0275045e-05 0.0000000e+00 
3.0552037e-05 -4.9161958e-05 0.0000000e+00 
-5.1352195e-05 8.8289380e-07 0.0000000e+00 
-7.5914897e-05 4.6551693e-05 0.0000000e+00 
-2.9550865e-05 1.4021061e-05 0.0000000e+00 
9.1097318e-06 -1.2247358e-05 0.0000000e+00 
5.5582263e-05 -9.1183232e-05 0.0000000e+00 
1.0808697e-05 -1.0065502e-05 0.0000000e+00 
2.4231151e-05 -9.9985911e-05 0.0000000e+00 
-5.7391822e-05 5.3471711e-05 0.0000000e+00 
1.2615928e-04 -5.8530830e-05 0.0000000e+00 
-6.5483619e-07 2.0293810e-05 0.0000000e+00 
-4.0618237e-05 4.8017944e-05 0.0000000e+00 
-2.6152469e-05 -3.2696174e-05 0.0000000e+00 
1.4135614e-05 -3.3719465e-05 0.0000000e+00 
1.1683069e-04 -1.4388817e-04 0.0000000e+00 
-1.0403339e-05 -1.0711141e-05 0.0000000e+00 
-3.6368147e-06 2.4006935e-05 0.0000000e+00 
8.0309343e-05 -9.8994002e-05 0.0000000e+00 
-5.1511452e-06 6.6972105e-05 0.0000000e+00 
1.8950319e-05 -4.1854568e-05 0.0000000e+00 
-4.4594985e-05 3.7141261e-05 0.0000000e+00 
-3.2880809e-05 2.9618386e-05 0.0000000e+00 
-4.8351008e-05 9.4252639e-05 0.0000000e+00 
-8.2569197e-05 9.5100608e-05 0.0000000e+00 
1.8385239e-05 -3.1370437e-05 0.0000000e+00 
-9.7271171e-05 1.3175537e-04 0.0000000e+00 
7.9590827e-06 -2.5552814e-05 0.0000000e+00 
-5.5641285e-05 1.3713026e-05 0.0000000e+00 
-2.2409484e-05 1.7782440e-05 0.0000000e+00 
-7.6388475e-05 9.0480549e-05 0.0000000e+00 
-2.1727709e-04 1.9379891e-04 0.0000000e+00 
-2.0793523e-05 3.0209776e-05 0.0000000e+00 
2.4343375e-05 -5.9634447e-05 0.0000000e+00 
7.4891839e-05 -6.4563472e-05 0.0000000e+00 
1.9579334e-04 -2.0689983e-04 0.0000000e+00 
-2.6077032e-06 -6.0679857e-05 0.0000000e+00 
2.8755981e-05 -3.3126678e-05 0.0000000e+00 
-3.1874515e-06 -1.1811208e-05 0.0000000e+00 
-6.1757863e-05 4.0934887e-05 0.0000000e+00 
9.3765557e-06 -6.9369096e-05 0.0000000e+00 
-1.5779515e-05 5.0134782e-05 0.0000000e+00 
3.3627264e-05 -3.9695646e-05 0.0000000e+00 
-7.7783829e-05 7.9274410e-05 0.0000000e+00 
4.8182672e-05 -7.8911777e-05 0.0000000e+00 
-3.0995347e-05 2.2994354e-05 0.0000000e+00 
1.6415957e-05 -2.8286595e-05 0.0000000e+00 
-2.8401148e-05 1.8171035e-05 0.0000000e+00 
4.7417823e-05 -1.1204858e-04 0.0000000e+00 
1.0392256e-04 -1.0536797e-04 0.0000000e+00 
-9.5715281e-05 9.7416341e-05 0.0000000e+00 
6.6474749e-05 -1.3865600e-04 0.0000000e+00 
-3.8614497e-05 9.0906397e-06 0.0000000e+00 
-9.8571181e-06 3.7845690e-05 0.0000000e+00 
-6.7827757e-05 1.2021838e-04 0.0000000e+00 
-3.2067299e-05 5.9453887e-06 0.0000000e+00 
-3.5095960e-05 6.8948139e-05 0.0000000e+00 
5.8725011e-05 -8.8053755e-05 0.0000000e+00 
-4.3129548e-05 1.0368339e-04 0.0000000e+00 
-4.5338646e-05 1.1583534e-04 0.0000000e+00 
-2.0022038e-05 5.1029492e-06 0.0000000e+00 
-5.3475145e-05 6.9499016e-05 0.0000000e+00 
-2.2059772e-05 1.3074372e-05 0.0000000e+00 
1.3173558e-05 2.0888634e-05 0.0000000e+00 
-8.4498897e-06 7.3774718e-06 0.0000000e+00 
-3.8698548e-05 6.5269909e-05 0.0000000e+00 
9.0857502e-05 -1.3840431e-04 0.0000000e+00 
5.6253280e-05 -1.1910009e-04 0.0000000e+00 
4.5704306e-05 -6.7217617e-05 0.0000000e+00 
1.5644031e-04 -9.3084062e-05 0.0000000e+00 
-4.9719587e-05 1.0143570e-04 0.0000000e+00 
-4.5699999e-06 2.2117980e-05 0.0000000e+00 
-5.4287666e-05 3.3610151e-05 0.0000000e+00 
-1.7169863e-05 4.0202867e-05 0.0000000e+00 
9.7902026e-05 -8.5663982e-05 0.0000000e+00 
-3.3123419e-05 2.6744441e-05 0.0000000e+00 
-7.0965849e-05 1.3169297e-04 0.0000000e+00 
1.6049482e-05 -3.6059413e-05 0.0000000e+00 
4.2391010e-05 -7.3707663e-05 0.0000000e+00 
-1.6875239e-04 1.4322530e-04 0.0000000e+00 
-2.4666078e-05 1.7838087e-05 0.0000000e+00 
2.5453977e-05 -3.1183008e-05 0.0000000e+00 
2.2790395e-05 -4.5354478e-05 0.0000000e+00 
-5.0677219e-05 9.6902018e-05 0.0000000e+00 
1.9943202e-04 -1.8860004e-04 0.0000000e+00 
2.1786895e-05 -7.1016140e-05 0.0000000e+00 
-2.5352929e-05 6.7460351e-06 0.0000000e+00 
5.4689124e-05 -2.7374830e-05 0.0000000e+00 
-5.5592041e-05 1.1200923e-04 0.0000000e+00 
-1.3537798e-04 1.0881783e-04 0.0000000e+00 
1.0425691e-05 1.0053627e-06 0.0000000e+00 
-2.1121465e-05 3.6712736e-06 0.0000000e+00 
-6.0406514e-05 1.0979525e-04 0.0000000e+00 
2.3200875e-04 -2.3013540e-04 0.0000000e+00 
-1.4555175e-05 3.2022595e-05 0.0000000e+00 
4.3013133e-06 -3.1052637e-05 0.0000000e+00 
1.8235296e-05 -2.7814764e-05 0.0000000e+00 
-1.0203058e-04 6.4128544e-05 0.0000000e+00 
-2.1630083e-05 6.2010018e-05 0.0000000e+00 
-2.0476989e-05 2.0253588e-05 0.0000000e+00 
3.9564446e-05 -9.0760062e-05 0.0000000e+00 
-1.6486458e-04 1.2924732e-04 0.0000000e+00 
4.3840657e-05 -1.0185153e-04 0.0000000e+00 
-3.6545563e-05 3.6437064e-05 0.0000000e+00 
2.2023451e-06 3.8099010e-05 0.0000000e+00 
2.1771993e-05 -4.4755638e-05 0.0000000e+00 
6.2485691e-05 -5.4085627e-05 0.0000000e+00 
-5.3853728e-05 1.5418464e-04 0.0000000e+00 
5.7514757e-05 -3.7746970e-05 0.0000000e+00 
6.5554632e-06 -4.0920568e-05 0.0000000e+00 
-7.0121721e-05 1.0511954e-04 0.0000000e+00 
2.6410911e-05 -1.3673678e-05 0.0000000e+00 
8.5635111e-05 -1.0146387e-04 0.0000000e+00 
-5.4998090e-05 8.0892351e-06 0.0000000e+00 
2.1033920e-05 -6.4688968e-05 0.0000000e+00 
6.7487825e-05 -8.9926412e-05 0.0000000e+00 
1.0169018e-04 -1.3055280e-04 0.0000000e+00 
-1.1852942e-05 5.1485840e-05 0.0000000e+00 
3.0192663e-05 -4.6487199e-05 0.0000000e+00 
2.6097987e-05 -5.5453391e-05 0.0000000e+00 
-4.6393834e-06 5.6683086e-05 0.0000000e+00 
-2.7291477e-05 1.5380559e-05 0.0000000e+00 
1.4301389e-05 -2.8029084e-05 0.0000000e+00 
-4.6489295e-06 -1.8878840e-05 0.0000000e+00 
6.8370253e-05 -8.3629973e-05 0.0000000e+00 
8.0610625e-06 -9.6315052e-06 0.0000000e+00 
3.6328100e-05 -3.6762096e-05 0.0000000e+00 
-1.0387134e-04 1.0092952e-04 0.0000000e+00 
-1.8389779e-05 2.6531110e-05 0.0000000e+00 
-3.2306649e-05 1.7743267e-05 0.0000000e+00 
2.1758489e-05 -4.1628024e-05 0.0000000e+00 
3.6349520e-06 4.4897199e-05 0.0000000e+00 
-7.3078088e-05 1.2878934e-04 0.0000000e+00 
-6.8335794e-05 5.5579934e-05 0.0000000e+00 
-1.1208467e-05 -2.2454886e-05 0.0000000e+00 
-4.7227833e-05 2.7556438e-05 0.0000000e+00 
7.7574514e-06 6.9795642e-06 0.0000000e+00 
2.2215769e-05 -5.0129485e-05 0.0000000e+00 
6.8000518e-06 -4.7437381e-05 0.0000000e+00 
-2.7725007e-05 1.1632568e-04 0.0000000e+00 
-1.5590340e-05 2.2352207e-05 0.0000000e+00 
1.4036521e-04 -1.3359427e-04 0.0000000e+00 
-4.2573083e-05 5.4944539e-05 0.0000000e+00 
2.0627864e-05 -6.7719142e-05 0.0000000e+00 
-1.5393365e-05 -1.6253442e-05 0.0000000e+00 
1.6373582e-05 -2.7695613e-05 0.0000000e+00 
7.2078314e-05 -8.8829547e-05 0.0000000e+00 
8.2672574e-05 -8.9865644e-05 0.0000000e+00 
-2.6256545e-05 2.6077847e-05 0.0000000e+00 
2.8832350e-05 -9.8515193e-05 0.0000000e+00 
1.8301047e-04 -2.0597153e-04 0.0000000e+00 
-8.8675879e-06 -4.5038760e-05 0.0000000e+00 
-4.4169836e-05 1.5431875e-04 0.0000000e+00 
9.7386539e-05 -1.3881782e-04 0.0000000e+00 
2.5900081e-06 4.5630615e-05 0.0000000e+00 
-2.0860694e-05 6.9587841e-05 0.0000000e+00 
-2.8068433e-05 -7.6624565e-07 0.0000000e+00 
2.1268963e-05 3.6503072e-05 0.0000000e+00 
-1.2415694e-04 1.2048404e-04 0.0000000e+00 
-3.1545293e-05 3.6366284e-05 0.0000000e+00 
-2.8060749e-06 6.8861991e-06 0.0000000e+00 
6.3357875e-06 4.4470653e-06 0.0000000e+00 
1.0106247e-05 -7.1709743e-05 0.0000000e+00 
-3.1340212e-05 2.3675384e-06 0.0000000e+00 
-1.0500196e-05 4.2420812e-05 0.0000000e+00 
2.5762245e-05 2.2998545e-05 0.0000000e+00 
-1.7693918e-04 1.7148815e-04 0.0000000e+00 
-2.2557098e-05 2.9273797e-05 0.0000000e+00 
-3.1566422e-05 1.6978942e-05 0.0000000e+00 
3.7318096e-05 -1.0555540e-04 0.0000000e+00 
-4.5133289e-05 2.4938607e-05 0.0000000e+00 
-2.2348482e-05 -6.9438480e-05 0.0000000e+00 
-2.2327527e-05 2.3330562e-05 0.0000000e+00 
-8.6477492e-05 1.0135723e-04 0.0000000e+00 
3.1922944e-05 -3.6261044e-05 0.0000000e+00 
-2.0394102e-05 -1.7360784e-05 0.0000000e+00 
-5.7816505e-05 -2.5797170e-05 0.0000000e+00 
-5.5666547e-05 1.1304795e-04 0.0000000e+00 
2.5305431e-05 -6.3127954e-05 0.0000000e+00 
-2.4300884e-05 2.9995572e-05 0.0000000e+00 
8.3432533e-05 -1.0751910e-04 0.0000000e+00 
-2.9545277e-05 -3.9527076e-05 0.0000000e+00 
-7.7668577e-05 9.3464274e-05 0.0000000e+00 
1.5047844e-05 -6.1989529e-05 0.0000000e+00 
1.4208257e-05 -5.7449797e-05 0.0000000e+00 
-3.7996564e-05 -5.6458637e-05 0.0000000e+00 
1.0917103e-04 -1.7807726e-04 0.0000000e+00 
-1.4922116e-06 3.8710423e-06 0.0000000e+00 
-4.2853411e-05 5.7879137e-05 0.0000000e+00 
-2.4262641e-05 6.5525761e-05 0.0000000e+00 
-7.7084173e-05 8.9048408e-05 0.0000000e+00 
1.0423828e-05 -4.8411777e-05 0.0000000e+00 
1.0406412e-04 -1.2430223e-04 0.0000000e+00 
6.6324137e-06 5.8811856e-05 0.0000000e+00 
-1.2407638e-04 1.2207823e-04 0.0000000e+00 
-2.6445370e-05 -1.2026634e-05 0.0000000e+00 
-2.7918722e-05 2.3129978e-06 0.0000000e+00 
-6.5624714e-05 1.9478635e-04 0.0000000e+00 
8.6659566e-06 7.3315576e-05 0.0000000e+00 
1.0198075e-04 -1.5097437e-04 0.0000000e+00 
-7.7381264e-06 3.2684766e-05 0.0000000e+00 
-6.8182126e-05 7.1003567e-05 0.0000000e+00 
4.2418716e-05 -8.6256419e-05 0.0000000e+00 
-7.6184049e-05 8.0922619e-05 0.0000000e+00 
2.6837923e-05 -5.7182973e-05 0.0000000e+00 
-4.8979186e-05 4.1123014e-05 0.0000000e+00 
-1.6335398e-06 3.5192352e-05 0.0000000e+00 
-1.5889760e-05 3.4966040e-05 0.0000000e+00 
-9.7454758e-06 1.8116698e-06 0.0000000e+00 
-9.2063565e-05 9.3532959e-05 0.0000000e+00 
9.4822608e-06 -4.7343783e-06 0.0000000e+00 
2.8372742e-06 2.1108426e-05 0.0000000e+00 
7.4962154e-05 -1.0218751e-04 0.0000000e+00 
-5.5046694e-05 7.7557634e-05 0.0000000e+00 
3.9571431e-05 -3.0400930e-05 0.0000000e+00 
2.8978102e-06 -6.4998399e-05 0.0000000e+00 
-1.2214310e-05 1.5418977e-05 0.0000000e+00 
1.0635704e-05 -8.7874942e-06 0.0000000e+00 
2.4704728e-05 -7.3155388e-06 0.0000000e+00 
3.1689182e-05 -7.6996628e-05 0.0000000e+00 
-5.4431148e-06 2.6099849e-05 0.0000000e+00 
-7.2387513e-05 7.9240883e-05 0.0000000e+00 
-4.0011946e-05 5.4360367e-05 0.0000000e+00 
8.6657237e-05 -1.0965019e-04 0.0000000e+00 
1.8535089e-04 -1.7139153e-04 0.0000000e+00 
-1.6601291e-05 4.7177076e-05 0.0000000e+00 
-1.4822115e-05 1.2305100e-05 0.0000000e+00 
-4.4124201e-05 5.2129617e-05 0.0000000e+00 
1.7593615e-05 -3.8785860e-05 0.0000000e+00 
-3.1774398e-05 6.5810513e-05 0.0000000e+00 
1.0803342e-06 1.4808029e-06 0.0000000e+00 
1.9978732e-05 -4.2604632e-05 0.0000000e+00 
1.6926788e-06 1.5716418e-05 0.0000000e+00 
2.3823231e-04 -2.1085166e-04 0.0000000e+00 
7.4628158e-05 -1.4094898e-04 0.0000000e+00 
2.3921020e-06 -1.0247575e-05 0.0000000e+00 
-1.1427328e-06 1.5527010e-05 0.0000000e+00 
1.2404285e-05 -8.4517524e-06 0.0000000e+00 
-3.5702484e-05 4.5256689e-05 0.0000000e+00 
5.0964765e-05 -3.2149721e-05 0.0000000e+00 
5.1539391e-06 2.4216715e-05 0.0000000e+00 
1.6838312e-06 -1.0587741e-05 0.0000000e+00 
2.5492627e-05 -5.0832401e-05 0.0000000e+00 
9.1674272e-05 -8.3501509e-05 0.0000000e+00 
2.5922142e-05 -3.9684470e-05 0.0000000e+00 
-5.4916367e-05 4.9581286e-05 0.0000000e+00 
-3.9331615e-05 1.7661601e-04 0.0000000e+00 
9.8523684e-05 -1.4335511e-04 0.0000000e+00 
-1.2526289e-06 1.2972392e-05 0.0000000e+00 
-2.2212043e-05 4.0494371e-05 0.0000000e+00 
-1.6775448e-05 2.4213339e-05 0.0000000e+00 
7.7895820e-06 -5.3362921e-05 0.0000000e+00 
5.1320065e-05 -9.3951356e-05 0.0000000e+00 
-1.3861433e-04 1.1755386e-04 0.0000000e+00 
-1.1272263e-05 -3.6989106e-05 0.0000000e+00 
3.0272640e-06 3.0367752e-05 0.0000000e+00 
-7.7658333e-06 -5.2510790e-05 0.0000000e+00 
1.5685335e-05 1.1473428e-05 0.0000000e+00 
-2.4193898e-05 5.3469557e-05 0.0000000e+00 
-1.2437301e-04 1.1096289e-04 0.0000000e+00 
2.8161332e-05 -8.4694475e-06 0.0000000e+00 
-9.4139483e-05 1.0148622e-04 0.0000000e+00 
-4.4790562e-05 1.2700557e-04 0.0000000e+00 
-1.5543308e-05 -2.3833476e-05 0.0000000e+00 
3.9286446e-05 -7.3645264e-05 0.0000000e+00 
2.9237010e-05 -1.7532613e-05 0.0000000e+00 
-9.3854032e-06 5.9229089e-05 0.0000000e+00 
7.0270151e-05 -1.0545074e-04 0.0000000e+00 
-3.1114963e-05 3.7252903e-09 0.0000000e+00 
6.9872476e-06 2.8732698e-05 0.0000000e+00 
6.3043204e-05 -4.8554502e-05 0.0000000e+00 
-1.8865615e-04 1.6026385e-04 0.0000000e+00 
-4.1362830e-05 2.6344787e-05 0.0000000e+00 
-2.6252121e-05 8.6940825e-05 0.0000000e+00 
4.0400308e-05 -5.3434400e-05 0.0000000e+00 
-5.5298675e-05 5.6311954e-05 0.0000000e+00 
-1.0585354e-06 -4.4184737e-05 0.0000000e+00 
1.4153682e-04 -1.3729837e-04 0.0000000e+00 
1.8590130e-05 -4.3558422e-05 0.0000000e+00 
-5.6065619e-07 3.2873359e-05 0.0000000e+00 
-8.8163652e-06 3.9509148e-05 0.0000000e+00 
2.5252812e-06 1.8262072e-06 0.0000000e+00 
-4.4265762e-06 -3.6181882e-06 0.0000000e+00 
-9.2721079e-05 2.4800655e-05 0.0000000e+00 
3.9944891e-05 -1.2467126e-04 0.0000000e+00 
-5.2195042e-05 8.0047641e-05 0.0000000e+00 
-6.1308034e-05 5.4439530e-05 0.0000000e+00 
1.0738196e-04 -9.1815833e-05 0.0000000e+00 
-6.7770015e-06 -2.7941307e-05 0.0000000e+00 
-4.0676212e-05 7.7884179e-05 0.0000000e+00 
6.4567197e-05 -1.2315088e-04 0.0000000e+00 
3.4270342e-05 -1.6958918e-05 0.0000000e+00 
-4.3913024e-05 3.4868252e-05 0.0000000e+00 
-2.7691945e-05 1.1813315e-04 0.0000000e+00 
2.4557346e-05 -2.5333167e-05 0.0000000e+00 
5.7833735e-05 -4.3238979e-05 0.0000000e+00 
-6.9336966e-05 9.0397429e-05 0.0000000e+00 
-8.0962898e-05 1.2805243e-04 0.0000000e+00 
7.6337717e-05 -3.3035874e-05 0.0000000e+00 
-5.7052821e-06 1.5338883e-06 0.0000000e+00 
2.1544460e-05 -1.7312705e-05 0.0000000e+00 
-1.8685590e-05 1.3862737e-05 0.0000000e+00 
-5.8658887e-05 3.9528823e-05 0.0000000e+00 
8.2347542e-06 -2.6762486e-05 0.0000000e+00 
3.5417732e-05 -8.1524253e-05 0.0000000e+00 
2.0341482e-05 -5.7954108e-05 0.0000000e+00 
1.2019882e-05 3.8794475e-05 0.0000000e+00 
-8.8606030e-06 -3.5093166e-05 0.0000000e+00 
2.3531727e-05 -1.7881277e-05 0.0000000e+00 
1.6144477e-05 -3.6371290e-05 0.0000000e+00 
3.1812582e-05 -5.7517551e-05 0.0000000e+00 
2.8626295e-05 -7.4544922e-05 0.0000000e+00 
-6.6031236e-05 1.3324153e-04 0.0000000e+00 
-2.7546193e-05 -3.0854251e-05 0.0000000e+00 
5.9416518e-05 -7.0345879e-05 0.0000000e+00 
-7.4808486e-06 -1.1821976e-05 0.0000000e+00 
1.2609176e-04 -7.9493737e-05 0.0000000e+00 
1.9169878e-05 -4.4740736e-06 0.0000000e+00 
-2.5565038e-05 3.2816446e-05 0.0000000e+00 
7.9741236e-05 -2.7609989e-05 0.0000000e+00 
3.8851053e-05 -2.1848711e-05 0.0000000e+00 
-2.6789960e-05 4.0327199e-05 0.0000000e+00 
8.4949192e-05 -1.5811948e-04 0.0000000e+00 
-7.5504213e-05 9.4949501e-05 0.0000000e+00 
-2.7514063e-05 1.4712336e-05 0.0000000e+00 
-1.9710977e-05 3.3332501e-05 0.0000000e+00 
2.1969294e-04 -2.0879298e-04 0.0000000e+00 
-2.1730550e-05 1.0204036e-05 0.0000000e+00 
7.5466931e-05 -4.6753325e-05 0.0000000e+00 
-4.1125342e-05 3.0115712e-05 0.0000000e+00 
-1.7619692e-05 1.3597193e-05 0.0000000e+00 
-5.1342417e-05 7.6788245e-05 0.0000000e+00 
-4.2340253e-05 5.7416502e-05 0.0000000e+00 
-7.5229676e-05 6.7482586e-05 0.0000000e+00 
-6.9102272e-05 7.0024747e-05 0.0000000e+00 
1.8698629e-05 -5.8819307e-05 0.0000000e+00 
-6.9034868e-06 -1.2126518e-05 0.0000000e+00 
-4.2625237e-05 6.3741463e-05 0.0000000e+00 
-1.7490378e-04 1.3294723e-04 0.0000000e+00 
2.9400922e-05 -3.5712961e-05 0.0000000e+00 
-2.7255155e-05 1.0560825e-04 0.0000000e+00 
3.6987476e-06 -1.8404331e-05 0.0000000e+00 
1.2494856e-06 -5.4199409e-06 0.0000000e+00 
-1.5268195e-04 8.7115914e-05 0.0000000e+00 
-4.5530265e-05 1.1509133e-04 0.0000000e+00 
-7.7298377e-05 8.0768485e-05 0.0000000e+00 
6.9224974e-05 -1.0909187e-04 0.0000000e+00 
4.9850147e-05 -9.8324905e-05 0.0000000e+00 
-1.1825934e-05 3.5559759e-05 0.0000000e+00 
2.9139686e-05 9.5041469e-07 0.0000000e+00 
-4.8886053e-05 8.6793210e-05 0.0000000e+00 
-2.4629757e-05 2.7425122e-05 0.0000000e+00 
1.2840610e-05 -8.2114711e-06 0.0000000e+00 
7.6649711e-05 -8.4974337e-05 0.0000000e+00 
2.0117173e-04 -1.8496253e-04 0.0000000e+00 
2.0660460e-05 -7.3504634e-06 0.0000000e+00 
3.1563919e-05 -9.0639340e-05 0.0000000e+00 
2.7779606e-06 4.1636056e-05 0.0000000e+00 
6.6208187e-05 -1.6976416e-04 0.0000000e+00 
-3.2770913e-05 -8.4578060e-06 0.0000000e+00 
-2.6476569e-05 3.3233548e-05 0.0000000e+00 
-3.9743725e-05 2.4139881e-06 0.0000000e+00 
2.3509841e-05 -4.1921623e-05 0.0000000e+00 
-7.0833135e-05 3.4738332e-05 0.0000000e+00 
-1.3302872e-04 1.3981713e-04 0.0000000e+00 
5.6760618e-06 -4.6674773e-05 0.0000000e+00 
-9.8087359e-05 2.7164351e-05 0.0000000e+00 
5.0887000e-05 -1.3098295e-04 0.0000000e+00 
3.8384926e-05 -7.2563067e-05 0.0000000e+00 
-4.6142843e-05 4.5188237e-05 0.0000000e+00 
5.5898912e-05 -4.3450855e-05 0.0000000e+00 
2.9429793e-05 -9.9567696e-06 0.0000000e+00 
4.2681117e-05 -1.1871511e-04 0.0000000e+00 
-3.9301114e-05 2.7506030e-07 0.0000000e+00 
3.8431026e-06 6.5383501e-06 0.0000000e+00 
-6.5060798e-05 7.1897637e-05 0.0000000e+00 
-6.2361360e-06 2.9555988e-05 0.0000000e+00 
1.0332139e-04 -8.8627916e-05 0.0000000e+00 
1.5474390e-05 7.4706040e-06 0.0000000e+00 
-6.4736960e-06 -1.6485457e-05 0.0000000e+00 
-6.1016064e-05 8.6016953e-05 0.0000000e+00 
-3.0477531e-06 2.8774841e-05 0.0000000e+00 
-7.0816372e-05 9.7572454e-05 0.0000000e+00 
-9.4681978e-05 8.4586209e-05 0.0000000e+00 
-3.4488970e-05 3.2605836e-05 0.0000000e+00 
-6.7144167e-05 1.8648733e-04 0.0000000e+00 
7.0220791e-05 -6.4658350e-05 0.0000000e+00 
2.9314309e-05 -8.4647909e-06 0.0000000e+00 
-1.4003832e-05 -5.1414594e-05 0.0000000e+00 
-1.5608966e-06 -3.5264296e-05 0.0000000e+00 
-2.5001820e-05 -1.4251098e-05 0.0000000e+00 
-3.0060997e-05 1.2402399e-04 0.0000000e+00 
-6.2422361e-05 5.8130827e-05 0.0000000e+00 
8.9234672e-05 -1.5190849e-04 0.0000000e+00 
-3.9658044e-05 9.0334564e-05 0.0000000e+00 
-4.4636428e-05 6.4196589e-05 0.0000000e+00 
1.1702371e-04 -8.2027866e-05 0.0000000e+00 
-1.2175413e-05 -7.5644202e-06 0.0000000e+00 
1.7866958e-05 -2.9557385e-05 0.0000000e+00 
-3.2850076e-05 -1.7341226e-05 0.0000000e+00 
5.8336649e-05 -6.9644535e-05 0.0000000e+00 
7.7483710e-05 -3.7265942e-05 0.0000000e+00 
8.2410406e-07 -9.0013491e-06 0.0000000e+00 
-1.2253132e-04 4.6918169e-05 0.0000000e+00 
2.4802401e-05 -1.0112475e-04 0.0000000e+00 
4.5979396e-06 -9.9793542e-06 0.0000000e+00 
1.0314863e-05 -3.7927879e-05 0.0000000e+00 
4.1654333e-05 -3.9152801e-05 0.0000000e+00 
4.8565213e-05 -1.7168932e-05 0.0000000e+00 
1.5971810e-04 -2.2770604e-04 0.0000000e+00 
2.8987415e-05 -4.3096719e-05 0.0000000e+00 
-3.5255216e-05 1.6331673e-05 0.0000000e+00 
4.9267896e-05 -1.5520491e-05 0.0000000e+00 
6.5850094e-05 -3.0963914e-05 0.0000000e+00 
-5.5824639e-05 1.1585152e-04 0.0000000e+00 
2.6992988e-05 -6.6223554e-05 0.0000000e+00 
1.1963537e-05 -4.8591522e-05 0.0000000e+00 
2.8882059e-06 -7.0692156e-05 0.0000000e+00 
-4.7583599e-05 3.9740466e-05 0.0000000e+00 
2.6283553e-05 -5.5026030e-05 0.0000000e+00 
2.9267976e-06 4.6021494e-05 0.0000000e+00 
-9.3529932e-05 1.9199355e-04 0.0000000e+00 
9.5990486e-05 -3.6648009e-05 0.0000000e+00 
-8.4417406e-05 9.3383249e-05 0.0000000e+00 
-7.1261544e-05 8.8555273e-05 0.0000000e+00 
-1.8110732e-05 7.9969177e-06 0.0000000e+00 
-5.8449805e-06 1.0473479e-05 0.0000000e+00 
-3.9422885e-05 2.9523391e-05 0.0000000e+00 
2.9260060e-05 -1.7842744e-05 0.0000000e+00 
2.7287751e-06 3.8701110e-06 0.0000000e+00 
9.5530413e-06 -5.6917546e-05 0.0000000e+00 
-6.2983949e-05 2.0441343e-04 0.0000000e+00 
-5.6303106e-06 2.9391493e-05 0.0000000e+00 
-2.4338253e-05 5.3636904e-05 0.0000000e+00 
1.6978476e-05 -8.9970417e-06 0.0000000e+00 
-1.2546312e-05 3.8243365e-05 0.0000000e+00 
1.4449935e-05 5.7551078e-06 0.0000000e+00 
2.3649307e-05 -7.1468879e-05 0.0000000e+00 
-1.8773106e-05 5.1199459e-07 0.0000000e+00 
9.1469847e-06 -2.5881454e-05 0.0000000e+00 
-7.7270437e-05 3.9567705e-05 0.0000000e+00 
-5.9371814e-06 2.8736889e-05 0.0000000e+00 
1.0369718e-04 -1.7097592e-04 0.0000000e+00 
-6.1293133e-05 6.2732492e-05 0.0000000e+00 
-1.0135723e-04 6.3617248e-05 0.0000000e+00 
4.6749134e-05 -7.9336693e-05 0.0000000e+00 
7.3940959e-05 -5.8132689e-05 0.0000000e+00 
-1.0662852e-04 1.1278829e-04 0.0000000e+00 
-1.6243546e-05 5.4421253e-05 0.0000000e+00 
3.3665914e-05 1.3271347e-05 0.0000000e+00 
-1.8196064e-05 1.2685196e-06 0.0000000e+00 
1.7118640e-05 -5.1313313e-05 0.0000000e+00 
-5.3070020e-05 2.6532914e-05 0.0000000e+00 
-1.0307413e-05 -5.1000621e-05 0.0000000e+00 
-4.5679975e-05 1.0233279e-04 0.0000000e+00 
8.1310514e-05 -6.3918065e-05 0.0000000e+00 
-1.8117949e-05 6.3676853e-06 0.0000000e+00 
-2.9178336e-05 6.2546693e-05 0.0000000e+00 
1.6952399e-05 -2.2379216e-05 0.0000000e+00 
4.5336783e-06 -2.3958273e-05 0.0000000e+00 
-6.5522268e-05 3.8565136e-05 0.0000000e+00 
-3.1891701e-05 6.0882303e-05 0.0000000e+00 
1.4201505e-05 2.8735143e-05 0.0000000e+00 
3.0108262e-05 5.5329874e-06 0.0000000e+00 
2.2598775e-05 -3.1883130e-05 0.0000000e+00 
6.7819841e-05 -3.9012404e-05 0.0000000e+00 
5.2319840e-05 -1.0940875e-04 0.0000000e+00 
-5.7147816e-05 1.2699718e-04 0.0000000e+00 
4.2731874e-05 -6.9927191e-05 0.0000000e+00 
-6.0222112e-05 6.4338092e-05 0.0000000e+00 
3.7209829e-05 -1.0794797e-04 0.0000000e+00 
-2.1529384e-05 4.5462337e-05 0.0000000e+00 
4.5318622e-05 -1.0297634e-04 0.0000000e+00 
1.2615230e-05 -1.6408507e-05 0.0000000e+00 
3.2436103e-05 1.2437813e-06 0.0000000e+00 
3.2144878e-04 -2.9958854e-04 0.0000000e+00 
-1.1073891e-05 1.0656938e-04 0.0000000e+00 
6.3259155e-05 -3.7995633e-05 0.0000000e+00 
-1.0192068e-04 9.4180694e-05 0.0000000e+00 
7.9037156e-05 -8.8476110e-05 0.0000000e+00 
4.2815693e-05 -3.1515490e-05 0.0000000e+00 
-2.7757604e-05 1.4092354e-04 0.0000000e+00 
2.5329180e-05 -3.2036565e-05 0.0000000e+00 
5.8269245e-05 -1.1228610e-04 0.0000000e+00 
-6.4349733e-06 -1.1319644e-05 0.0000000e+00 
-9.2401169e-05 9.2696398e-05 0.0000000e+00 
-5.0314702e-06 -2.6055379e-05 0.0000000e+00 
3.0240044e-05 -4.5679975e-05 0.0000000e+00 
-8.8141765e-05 8.5569918e-05 0.0000000e+00 
-2.1799933e-05 -5.3976779e-05 0.0000000e+00 
5.2811112e-05 -4.1088671e-05 0.0000000e+00 
4.2405445e-05 -2.8270297e-05 0.0000000e+00 
-6.8684109e-05 4.1735359e-05 0.0000000e+00 
-4.0242041e-05 9.1016875e-05 0.0000000e+00 
-4.0336512e-05 2.2938475e-05 0.0000000e+00 
6.4657070e-05 -1.1164835e-04 0.0000000e+00 
9.3085691e-07 -3.7683640e-07 0.0000000e+00 
2.2585504e-05 -9.0438174e-05 0.0000000e+00 
-7.2947470e-05 9.7424956e-05 0.0000000e+00 
-1.0909513e-05 9.0096146e-06 0.0000000e+00 
-4.5028748e-05 6.8275956e-05 0.0000000e+00 
-2.5642570e-05 3.7271529e-05 0.0000000e+00 
-3.8024038e-05 2.9322691e-05 0.0000000e+00 
-2.9453728e-04 2.5975797e-04 0.0000000e+00 
-1.2305565e-05 2.6677735e-05 0.0000000e+00 
1.1349935e-04 -1.2272922e-04 0.0000000e+00 
-3.4704339e-05 5.8454883e-05 0.0000000e+00 
4.7118403e-05 -6.4167136e-05 0.0000000e+00 
-1.5832484e-07 -4.9672555e-05 0.0000000e+00 
-5.2645802e-05 6.3613523e-05 0.0000000e+00 
4.7882553e-05 -5.8856793e-05 0.0000000e+00 
-2.0194333e-05 4.3769367e-05 0.0000000e+00 
-3.6435667e-06 2.1090382e-05 0.0000000e+00 
-1.0520220e-05 1.8663239e-05 0.0000000e+00 
-1.0427590e-05 -6.5610104e-05 0.0000000e+00 
-2.5203452e-05 6.3735526e-05 0.0000000e+00 
1.9974355e-04 -2.1656277e-04 0.0000000e+00 
3.4482218e-06 -4.4044573e-05 0.0000000e+00 
7.0848968e-05 -1.5943544e-04 0.0000000e+00 
-9.5842872e-05 9.5072668e-05 0.0000000e+00 
-3.9117876e-05 2.4256296e-05 0.0000000e+00 
-1.6937265e-05 3.3170101e-05 0.0000000e+00 
2.6607420e-05 -7.8631565e-06 0.0000000e+00 
-3.1914329e-05 -1.8311664e-05 0.0000000e+00 
-5.9772283e-06 1.0239892e-06 0.0000000e+00 
-7.3535834e-05 1.9380660e-04 0.0000000e+00 
2.3738365e-05 -9.6410440e-06 0.0000000e+00 
-5.7750382e-05 1.0847347e-04 0.0000000e+00 
-2.8514769e-05 -3.8048369e-05 0.0000000e+00 
2.0874199e-05 -2.4107867e-05 0.0000000e+00 
-4.7362875e-05 4.1937339e-05 0.0000000e+00 
-7.2175637e-05 7.1824994e-05 0.0000000e+00 
1.4993548e-04 -1.3164431e-04 0.0000000e+00 
1.2026168e-05 2.7780188e-05 0.0000000e+00 
1.9055791e-05 -9.4486168e-05 0.0000000e+00 
2.3369677e-05 -3.1851232e-07 0.0000000e+00 
-2.0533847e-04 1.7930334e-04 0.0000000e+00 
9.1851689e-06 4.3304404e-05 0.0000000e+00 
-4.2893284e-05 4.7129812e-05 0.0000000e+00 
1.0952028e-04 -1.1445535e-04 0.0000000e+00 
-6.5143686e-05 6.9130911e-05 0.0000000e+00 
1.1560041e-05 -1.8734485e-05 0.0000000e+00 
-7.7646691e-05 7.7236909e-05 0.0000000e+00 
4.5524910e-05 -1.3296434e-05 0.0000000e+00 
-1.4361925e-05 -1.0477146e-05 0.0000000e+00 
4.1230582e-05 -2.6643742e-05 0.0000000e+00 
4.1576568e-05 -4.3685082e-05 0.0000000e+00 
-4.9614348e-05 4.1048741e-05 0.0000000e+00 
1.4968310e-04 -1.2074644e-04 0.0000000e+00 
-3.7974678e-05 3.3433549e-05 0.0000000e+00 
6.1740866e-05 -8.9845737e-05 0.0000000e+00 
4.3688342e-05 -7.5734686e-05 0.0000000e+00 
-2.7217902e-05 -1.1748634e-05 0.0000000e+00 
2.2834633e-05 -5.1381066e-06 0.0000000e+00 
2.3795132e-04 4.6761353e-03 0.0000000e+00 
-1.5110709e-06 4.8383023e-05 0.0000000e+00 
-7.3888339e-05 1.1426397e-04 0.0000000e+00 
2.1114014e-05 -8.2748942e-05 0.0000000e+00 
-4.2168424e-05 5.5957003e-05 0.0000000e+00 
4.9498398e-05 -6.5849395e-05 0.0000000e+00 
3.0390220e-05 1.0094256e-05 0.0000000e+00 
1.5580095e-05 3.0225143e-05 0.0000000e+00 
-1.0814518e-05 1.3119075e-05 0.0000000e+00 
3.3438671e-05 -3.6413316e-05 0.0000000e+00 
-5.3297263e-05 3.4942757e-05 0.0000000e+00 
4.8645772e-05 -8.8713598e-05 0.0000000e+00 
-2.1683984e-05 1.9461848e-05 0.0000000e+00 
2.8540962e-05 -5.4250238e-05 0.0000000e+00 
-3.7252903e-08 4.1745603e-05 0.0000000e+00 
1.0654191e-04 8.3024092e-03 0.0000000e+00 
-2.6581343e-05 9.2317350e-05 0.0000000e+00 
1.0492513e-04 -1.4286838e-04 0.0000000e+00 
2.3069326e-05 -4.3316395e-06 0.0000000e+00 
-3.7500620e-05 6.7156507e-05 0.0000000e+00 
-6.7997258e-05 2.0378828e-04 0.0000000e+00 
-1.8333551e-05 1.3095792e-05 0.0000000e+00 
-4.4284388e-06 -2.9407907e-05 0.0000000e+00 
8.0771744e-05 -6.0950406e-05 0.0000000e+00 
-5.3246506e-05 -4.1408930e-06 0.0000000e+00 
2.9248185e-06 2.1831132e-05 0.0000000e+00 
-5.4024160e-05 9.2349015e-05 0.0000000e+00 
-1.3232231e-05 -1.0799617e-05 0.0000000e+00 
-4.4494169e-05 -2.7897040e-05 0.0000000e+00 
-2.7868431e-05 6.6912267e-05 0.0000000e+00 
2.3264438e-06 -9.3560666e-06 0.0000000e+00 
-4.4365879e-05 7.6230541e-03 0.0000000e+00 
9.1781840e-07 -3.7802849e-05 0.0000000e+00 
-1.7268676e-04 1.9363710e-04 0.0000000e+00 
1.9142637e-05 -1.6397098e-06 0.0000000e+00 
-3.4829834e-05 2.3446977e-05 0.0000000e+00 
9.0774614e-05 -1.1400552e-04 0.0000000e+00 
3.4180004e-05 -1.7736573e-05 0.0000000e+00 
-1.2367219e-04 1.1790777e-04 0.0000000e+00 
3.2213982e-05 -4.6809844e-05 0.0000000e+00 
8.9944078e-06 -5.7455618e-06 0.0000000e+00 
1.6857544e-04 9.7305346e-03 0.0000000e+00 
1.0315422e-04 -1.5299115e-04 0.0000000e+00 
-3.9174687e-05 -6.2671024e-06 0.0000000e+00 
-6.7503657e-05 1.2400164e-04 0.0000000e+00 
1.2139138e-04 -1.5059812e-04 0.0000000e+00 
1.1800788e-05 -4.9534719e-05 0.0000000e+00 
3.6660116e-05 -2.0859647e-05 0.0000000e+00 
-1.6930047e-05 4.2612664e-06 0.0000000e+00 
-7.3665287e-05 4.2959582e-05 0.0000000e+00 
-1.2450246e-04 1.5879341e-04 0.0000000e+00 
7.5800344e-06 3.9227889e-05 0.0000000e+00 
-3.9370614e-05 -2.1277112e-05 0.0000000e+00 
2.4446752e-05 -7.4686715e-05 0.0000000e+00 
1.5645660e-04 -1.3950793e-04 0.0000000e+00 
9.2047267e-06 -3.3647753e-05 0.0000000e+00 
8.2571059e-06 -4.3499749e-05 0.0000000e+00 
1.0016467e-04 1.4139743e-02 0.0000000e+00 
5.0271861e-05 -4.5105349e-05 0.0000000e+00 
-1.4765793e-04 1.0103313e-04 0.0000000e+00 
-1.7585699e-06 -3.8029422e-05 0.0000000e+00 
-1.5101628e-05 -1.9866624e-05 0.0000000e+00 
-4.5802444e-06 3.7977006e-05 0.0000000e+00 
3.0496158e-06 -4.1161664e-05 0.0000000e+00 
3.4321565e-05 -1.5965197e-05 0.0000000e+00 
4.8226211e-05 -1.2135203e-04 0.0000000e+00 
6.7017972e-05 -6.9437054e-05 0.0000000e+00 
7.1189599e-05 -8.8175526e-05 0.0000000e+00 
-1.0854937e-04 1.2804911e-04 0.0000000e+00 
-7.8117475e-05 2.0361738e-04 0.0000000e+00 
5.0037168e-05 1.9839996e-02 0.0000000e+00 
-6.0978346e-05 5.5402517e-05 0.0000000e+00 
1.2861565e-06 -3.3091725e-05 0.0000000e+00 
-7.1246643e-05 8.9894515e-05 0.0000000e+00 
-2.0438433e-04 2.3615640e-04 0.0000000e+00 
-2.0693231e-05 5.4305769e-05 0.0000000e+00 
-5.1125884e-05 8.9282170e-05 0.0000000e+00 
2.1877699e-05 -5.0581992e-05 0.0000000e+00 
-6.5310858e-05 4.3904874e-05 0.0000000e+00 
4.7225622e-06 -2.8831695e-05 0.0000000e+00 
-8.5928012e-05 1.5947223e-04 0.0000000e+00 
-4.5654364e-05 9.7682001e-05 0.0000000e+00 
7.8444835e-05 2.6544366e-02 0.0000000e+00 
-1.4269259e-05 -1.3009645e-05 0.0000000e+00 
2.8969487e-05 -1.6491627e-05 0.0000000e+00 
1.1674594e-05 4.4265762e-06 0.0000000e+00 
-3.8630795e-05 5.0816685e-05 0.0000000e+00 
5.0220639e-05 -4.1867606e-06 0.0000000e+00 
1.1507887e-04 -1.6925205e-04 0.0000000e+00 
9.6865697e-06 -3.8784929e-05 0.0000000e+00 
6.1223283e-05 -3.5122037e-05 0.0000000e+00 
-7.0775859e-06 -5.1305280e-05 0.0000000e+00 
-2.8169670e-06 7.8519806e-06 0.0000000e+00 
2.3895409e-05 1.5811063e-05 0.0000000e+00 
1.9027852e-05 2.6598573e-06 0.0000000e+00 
2.0680483e-05 -5.8535719e-05 0.0000000e+00 
1.4425162e-04 3.4093477e-02 0.0000000e+00 
4.8850663e-05 -7.9313759e-05 0.0000000e+00 
3.9613806e-05 -1.0964787e-04 0.0000000e+00 
-6.4080581e-05 1.0726880e-04 0.0000000e+00 
1.4208257e-04 -1.1840044e-04 0.0000000e+00 
-5.0763134e-05 1.0715029e-04 0.0000000e+00 
4.0553743e-05 -1.3018353e-04 0.0000000e+00 
-1.9620406e-05 5.7068188e-05 0.0000000e+00 
-1.9995496e-06 -3.9414153e-06 0.0000000e+00 
-2.0294450e-05 1.7068814e-06 0.0000000e+00 
3.9636041e-05 -2.8069015e-05 0.0000000e+00 
-1.1840370e-05 -4.4823624e-05 0.0000000e+00 
-2.0368025e-05 4.2418301e-02 0.0000000e+00 
1.0770606e-04 -1.2294203e-04 0.0000000e+00 
-3.5083853e-05 2.5111833e-05 0.0000000e+00 
-1.9544270e-05 -1.3984507e-05 0.0000000e+00 
-3.0114315e-05 5.0167553e-05 0.0000000e+00 
1.9614061e-05 -9.0366957e-05 0.0000000e+00 
6.9385860e-05 -8.9652836e-05 0.0000000e+00 
-8.2565006e-05 2.3718295e-04 0.0000000e+00 
-1.0231417e-04 1.0185863e-04 0.0000000e+00 
9.1132708e-05 -1.0902621e-04 0.0000000e+00 
1.4821300e-05 -8.1482431e-05 0.0000000e+00 
6.8568625e-06 -3.4661498e-05 0.0000000e+00 
9.8118093e-05 5.0929613e-02 0.0000000e+00 
-6.4238906e-05 9.0238405e-05 0.0000000e+00 
-4.5923050e-05 -1.1763070e-05 0.0000000e+00 
-4.1899038e-05 3.9484468e-05 0.0000000e+00 
5.5907294e-05 1.0607764e-06 0.0000000e+00 
2.4368055e-06 6.0330611e-05 0.0000000e+00 
-3.7185848e-05 6.1254046e-05 0.0000000e+00 
-2.9740273e-05 2.9576360e-05 0.0000000e+00 
4.6002213e-05 -5.4814387e-05 0.0000000e+00 
9.0551097e-05 -1.2267986e-04 0.0000000e+00 
7.9751946e-05 -5.5359676e-05 0.0000000e+00 
-2.7482165e-05 3.3734133e-05 0.0000000e+00 
3.7110294e-06 -1.3412238e-05 0.0000000e+00 
-9.4745308e-05 6.8760943e-05 0.0000000e+00 
7.3947944e-05 5.9967175e-02 0.0000000e+00 
1.0421500e-05 -7.1278773e-05 0.0000000e+00 
4.1369349e-05 -7.2277850e-05 0.0000000e+00 
1.6127480e-05 1.2593635e-05 0.0000000e+00 
4.2003579e-05 -3.0319905e-05 0.0000000e+00 
-5.8448873e-05 8.7961904e-05 0.0000000e+00 
2.6472844e-05 -5.4504839e-05 0.0000000e+00 
2.8527807e-05 -5.1851384e-05 0.0000000e+00 
9.4193965e-06 7.1325339e-06 0.0000000e+00 
-4.4638757e-05 1.3794284e-05 0.0000000e+00 
1.6485807e-05 -6.8128575e-05 0.0000000e+00 
6.0806517e-05 -8.9754350e-05 0.0000000e+00 
-2.5218294e-05 1.7890125e-06 0.0000000e+00 
3.3965334e-05 6.9190204e-02 0.0000000e+00 
4.2798696e-05 -9.5478143e-05 0.0000000e+00 
1.3534911e-05 -1.6560312e-05 0.0000000e+00 
-3.6604237e-05 5.8365869e-05 0.0000000e+00 
-8.6826738e-05 6.9606118e-05 0.0000000e+00 
-1.3214676e-04 1.1253823e-04 0.0000000e+00 
-2.0212028e-05 3.1429809e-05 0.0000000e+00 
-5.5596232e-05 5.1551557e-05 0.0000000e+00 
-7.7665783e-05 8.0823433e-05 0.0000000e+00 
-1.0534655e-05 4.0261424e-05 0.0000000e+00 
1.2690248e-04 7.8512050e-02 0.0000000e+00 
-8.1985258e-05 1.2874603e-04 0.0000000e+00 
-1.4925329e-04 1.4698552e-04 0.0000000e+00 
-3.6621466e-05 4.5798952e-05 0.0000000e+00 
-9.3777664e-05 2.7323549e-04 0.0000000e+00 
-1.1548400e-06 -2.3710076e-05 0.0000000e+00 
1.0415511e-05 1.8097839e-05 0.0000000e+00 
-6.2095933e-05 5.3140335e-05 0.0000000e+00 
1.9685877e-04 -1.9074837e-04 0.0000000e+00 
-1.1466909e-05 6.8741851e-05 0.0000000e+00 
-7.4917451e-05 1.8899015e-04 0.0000000e+00 
-2.6695197e-05 2.4507608e-05 0.0000000e+00 
-4.7511887e-05 8.8139929e-02 0.0000000e+00 
5.4607168e-05 -7.7305245e-05 0.0000000e+00 
-7.1367249e-06 7.5851567e-06 0.0000000e+00 
4.1017774e-05 -1.3276981e-04 0.0000000e+00 
5.2720308e-05 -2.3278408e-05 0.0000000e+00 
-4.7735870e-05 6.4735883e-05 0.0000000e+00 
5.1638577e-05 -1.0580034e-04 0.0000000e+00 
-1.1750963e-06 -5.0315517e-05 0.0000000e+00 
4.2044558e-05 -9.8515302e-06 0.0000000e+00 
-3.0763913e-05 2.6628375e-05 0.0000000e+00 
7.6936558e-05 -1.3819477e-04 0.0000000e+00 
-6.6967914e-07 -6.9675749e-05 0.0000000e+00 
8.9779496e-06 -1.6511069e-05 0.0000000e+00 
1.7734291e-04 9.7452052e-02 0.0000000e+00 
7.5781252e-05 -1.6438356e-04 0.0000000e+00 
-6.0338527e-05 8.5910782e-05 0.0000000e+00 
9.8443124e-06 -3.9424514e-05 0.0000000e+00 
1.4448958e-04 -2.0968821e-04 0.0000000e+00 
7.1711838e-05 -6.6237524e-05 0.0000000e+00 
-4.2194501e-05 1.1345837e-04 0.0000000e+00 
-2.0316336e-05 2.4986919e-05 0.0000000e+00 
2.2684690e-05 -9.2728878e-05 0.0000000e+00 
-7.2317198e-05 5.0350092e-05 0.0000000e+00 
-1.0017073e-04 9.6233562e-05 0.0000000e+00 
-6.0028397e-06 2.6107533e-05 0.0000000e+00 
-1.3536715e-05 1.9429019e-05 0.0000000e+00 
3.4035183e-06 1.0711724e-01 0.0000000e+00 
6.7603309e-05 -9.0457499e-05 0.0000000e+00 
-1.0717195e-05 1.3183220e-05 0.0000000e+00 
9.2686620e-05 -9.9979807e-05 0.0000000e+00 
-1.7804280e-04 2.0843046e-04 0.0000000e+00 
-1.1614943e-04 3.1386944e-04 0.0000000e+00 
-2.3283996e-05 -1.2258533e-06 0.0000000e+00 
7.0848968e-05 -3.7664548e-05 0.0000000e+00 
1.8884894e-05 -1.7052051e-05 0.0000000e+00 
8.1818551e-05 3.8431026e-06 0.0000000e+00 
1.2438884e-04 1.1655766e-01 0.0000000e+00 
9.6346717e-05 -1.5105517e-04 0.0000000e+00 
1.4544465e-05 2.6487978e-06 0.0000000e+00 
2.0794570e-05 -3.4587458e-05 0.0000000e+00 
-2.8714596e-05 1.9829196e-05 0.0000000e+00 
-6.7622168e-05 8.9040957e-05 0.0000000e+00 
-6.9458038e-05 1.0233372e-04 0.0000000e+00 
-2.8134091e-05 3.0285315e-05 0.0000000e+00 
9.2837494e-05 -1.4225766e-04 0.0000000e+00 
-6.8662222e-05 9.2169270e-05 0.0000000e+00 
-9.5639843e-05 3.1589530e-05 0.0000000e+00 
-3.0975789e-06 1.2604989e-01 0.0000000e+00 
-5.3976197e-05 -1.3640616e-05 0.0000000e+00 
1.4202669e-07 -1.1786819e-05 0.0000000e+00 
-2.1453714e-05 -1.7281331e-05 0.0000000e+00 
-4.8974296e-05 9.9499011e-05 0.0000000e+00 
1.6627135e-05 -2.2764434e-05 0.0000000e+00 
-1.2691133e-05 -4.4043642e-05 0.0000000e+00 
6.3235027e-05 -1.8248439e-04 0.0000000e+00 
2.0736130e-05 -1.1969928e-04 0.0000000e+00 
5.2229967e-05 -3.5236590e-05 0.0000000e+00 
-2.7301256e-05 7.6766126e-05 0.0000000e+00 
-6.5019820e-05 1.2508593e-05 0.0000000e+00 
-1.3913959e-05 -4.8695132e-05 0.0000000e+00 
4.2359345e-05 1.3538912e-01 0.0000000e+00 
4.3550972e-07 -8.3581544e-06 0.0000000e+00 
7.3367264e-05 -2.5506131e-05 0.0000000e+00 
-1.4514662e-05 6.2183244e-05 0.0000000e+00 
3.3089891e-06 1.1083030e-04 0.0000000e+00 
-2.6729656e-05 1.2142118e-06 0.0000000e+00 
-7.6037832e-06 -1.1501834e-05 0.0000000e+00 
-3.1330856e-06 -3.2368989e-05 0.0000000e+00 
5.8922451e-05 -7.3773088e-05 0.0000000e+00 
1.3800664e-04 1.4454906e-01 0.0000000e+00 
1.7158221e-05 6.0750172e-06 0.0000000e+00 
-6.3962303e-05 1.8727756e-04 0.0000000e+00 
-1.1818251e-04 3.2469840e-04 0.0000000e+00 
5.2587129e-06 -6.6570006e-05 0.0000000e+00 
3.6773738e-05 -9.4107352e-05 0.0000000e+00 
3.6914833e-05 -1.0681711e-04 0.0000000e+00 
1.7991289e-05 -2.9997784e-05 0.0000000e+00 
3.4109689e-05 -9.6356962e-05 0.0000000e+00 
3.3910619e-05 -1.4097861e-04 0.0000000e+00 
9.6814241e-05 -1.1282135e-04 0.0000000e+00 
6.9983304e-05 1.5385826e-01 0.0000000e+00 
1.1813594e-05 -5.3666648e-05 0.0000000e+00 
-5.6724064e-05 6.8634225e-05 0.0000000e+00 
1.3620593e-06 1.0105781e-05 0.0000000e+00 
-8.0734288e-05 1.0405062e-04 0.0000000e+00 
-2.1796208e-05 1.8678606e-05 0.0000000e+00 
-2.6318710e-05 4.4032000e-05 0.0000000e+00 
-5.6633726e-06 7.1690883e-06 0.0000000e+00 
2.0361738e-05 -1.1071295e-04 0.0000000e+00 
-2.4552923e-05 -6.4639607e-07 0.0000000e+00 
-3.1987671e-05 1.2785196e-05 0.0000000e+00 
6.7806337e-05 1.6288060e-01 0.0000000e+00 
-8.7765045e-05 1.1242926e-04 0.0000000e+00 
2.1226937e-05 4.2662024e-05 0.0000000e+00 
-1.0570977e-05 -4.1353516e-05 0.0000000e+00 
-1.8747291e-05 -7.7850767e-05 0.0000000e+00 
-4.8275106e-06 -1.1656433e-05 0.0000000e+00 
-4.2410567e-05 5.8948062e-05 0.0000000e+00 
-8.1151258e-05 1.0385783e-04 0.0000000e+00 
5.4577333e-05 -1.3789366e-04 0.0000000e+00 
-1.4086254e-05 -3.6366750e-05 0.0000000e+00 
-4.8949849e-05 6.3260610e-05 0.0000000e+00 
1.1342624e-04 1.7176732e-01 0.0000000e+00 
-5.5938959e-05 5.5764802e-05 0.0000000e+00 
2.5359914e-06 2.1987129e-05 0.0000000e+00 
-4.5573805e-05 4.7575450e-05 0.0000000e+00 
-1.3013370e-05 2.1875836e-05 0.0000000e+00 
3.2132957e-05 2.1068845e-06 0.0000000e+00 
-9.8598190e-05 2.9156904e-04 0.0000000e+00 
5.2095857e-05 -9.9606928e-05 0.0000000e+00 
-2.3153843e-05 1.1020829e-04 0.0000000e+00 
5.7979487e-05 -7.8991288e-05 0.0000000e+00 
-3.7011690e-05 9.3225855e-05 0.0000000e+00 
-3.3807009e-07 1.8076132e-01 0.0000000e+00 
-6.4428896e-06 3.7062215e-05 0.0000000e+00 
2.9600691e-05 4.4433400e-05 0.0000000e+00 
-3.4053810e-06 -3.9172126e-05 0.0000000e+00 
5.4930337e-05 -6.1375555e-05 0.0000000e+00 
-1.6585924e-05 -2.0187581e-05 0.0000000e+00 
2.0611566e-05 3.9571896e-06 0.0000000e+00 
9.9887140e-05 -1.2919866e-04 0.0000000e+00 
-2.4575274e-05 3.9943494e-05 0.0000000e+00 
8.1185251e-05 1.8932000e-01 0.0000000e+00 
-4.7392678e-06 -5.8024598e-05 0.0000000e+00 
-7.1925344e-05 6.2626204e-05 0.0000000e+00 
1.8931041e-04 -2.9032305e-04 0.0000000e+00 
-3.3609045e-05 2.9974763e-06 0.0000000e+00 
2.7120113e-06 4.6328641e-06 0.0000000e+00 
2.2659078e-06 -3.3294375e-05 0.0000000e+00 
3.8236845e-05 -4.8195943e-05 0.0000000e+00 
-1.4358433e-05 -2.9229443e-05 0.0000000e+00 
4.1994266e-05 -7.9811085e-05 0.0000000e+00 
-7.5000804e-05 8.6601824e-05 0.0000000e+00 
1.0657124e-04 1.9795862e-01 0.0000000e+00 
2.5597867e-05 -7.0100650e-05 0.0000000e+00 
-1.5830994e-04 2.6537478e-04 0.0000000e+00 
6.8846042e-05 -1.2693263e-04 0.0000000e+00 
1.8378400e-05 -7.7928416e-06 0.0000000e+00 
-1.1173077e-05 -4.8634131e-05 0.0000000e+00 
1.4407444e-05 -6.3190819e-06 0.0000000e+00 
1.2492528e-05 -3.0417345e-05 0.0000000e+00 
-6.4115971e-05 3.3549033e-05 0.0000000e+00 
-5.4268166e-06 -2.3113564e-05 0.0000000e+00 
-4.7460198e-06 9.1861468e-05 0.0000000e+00 
6.0764607e-05 2.0647275e-01 0.0000000e+00 
-1.2025656e-04 3.0246715e-04 0.0000000e+00 
9.8065939e-05 -1.6057678e-04 0.0000000e+00 
-7.3356554e-05 1.0529906e-04 0.0000000e+00 
-4.3227104e-05 9.9092955e-05 0.0000000e+00 
-1.8390827e-05 2.4553330e-05 0.0000000e+00 
-1.7605722e-05 1.0909978e-05 0.0000000e+00 
4.2622909e-05 -6.8278401e-05 0.0000000e+00 
2.7976464e-05 2.1487245e-01 0.0000000e+00 
3.4024473e-05 -8.7105669e-05 0.0000000e+00 
-6.8716938e-05 1.2608105e-04 0.0000000e+00 
-2.5768764e-05 3.8634986e-05 0.0000000e+00 
1.2066215e-05 -8.9053530e-05 0.0000000e+00 
-8.0263242e-05 1.0973308e-04 0.0000000e+00 
4.9879774e-05 -1.0362873e-04 0.0000000e+00 
3.1915784e-05 -3.3531920e-05 0.0000000e+00 
-1.6327482e-05 -2.2064196e-05 0.0000000e+00 
7.0661772e-05 2.2308324e-01 0.0000000e+00 
1.5131431e-05 -4.8193615e-05 0.0000000e+00 
-2.7698930e-05 1.5822297e-05 0.0000000e+00 
-8.3084218e-05 1.1087488e-04 0.0000000e+00 
-3.3910386e-05 5.0142873e-05 0.0000000e+00 
2.1505170e-05 -9.0894871e-05 0.0000000e+00 
5.5698445e-05 -9.6671749e-05 0.0000000e+00 
1.1772802e-04 -1.3864040e-04 0.0000000e+00 
5.5889133e-05 -6.6379085e-05 0.0000000e+00 
8.6607877e-05 2.3123400e-01 0.0000000e+00 
-3.7636375e-05 -3.4407189e-05 0.0000000e+00 
-4.0003797e-05 4.2253087e-05 0.0000000e+00 
-1.1897646e-05 -4.4437125e-05 0.0000000e+00 
-4.7103502e-05 3.6944170e-05 0.0000000e+00 
2.8477516e-06 1.4944235e-06 0.0000000e+00 
-8.2495622e-05 8.9661218e-05 0.0000000e+00 
4.8128888e-05 -9.4208866e-05 0.0000000e+00 
-1.6276725e-05 -2.2785272e-05 0.0000000e+00 
-1.1549261e-04 3.4486607e-04 0.0000000e+00 
-3.2759272e-06 3.6764424e-05 0.0000000e+00 
1.1703232e-04 2.3930764e-01 0.0000000e+00 
9.8622404e-06 4.0104613e-05 0.0000000e+00 
1.6089063e-05 -1.4419260e-05 0.0000000e+00 
2.0978507e-05 3.6306679e-05 0.0000000e+00 
3.8000522e-05 -9.6137403e-05 0.0000000e+00 
-2.2185035e-05 -2.8927810e-05 0.0000000e+00 
-4.4652261e-05 4.9793627e-05 0.0000000e+00 
-3.1903852e-05 1.0637962e-04 0.0000000e+00 
-2.4652109e-05 3.4327386e-05 0.0000000e+00 
8.3245337e-05 2.4731377e-01 0.0000000e+00 
-1.9804575e-06 1.0796823e-05 0.0000000e+00 
-7.4789859e-06 -8.8943169e-05 0.0000000e+00 
1.5177717e-04 -1.2480281e-04 0.0000000e+00 
-4.8468646e-05 3.9445455e-05 0.0000000e+00 
-2.8820708e-05 2.9805698e-05 0.0000000e+00 
-1.1798926e-05 -5.7399739e-05 0.0000000e+00 
-4.4987886e-05 7.6336903e-05 0.0000000e+00 
2.8763665e-05 -1.3974914e-04 0.0000000e+00 
-9.4089191e-06 1.1004973e-05 0.0000000e+00 
7.4910000e-05 2.5521648e-01 0.0000000e+00 
3.2479875e-05 -8.0308411e-05 0.0000000e+00 
2.3113564e-05 1.2358651e-05 0.0000000e+00 
2.7972274e-06 -1.2891367e-05 0.0000000e+00 
-2.8455164e-05 4.0994957e-05 0.0000000e+00 
-1.7860439e-05 -2.7540416e-05 0.0000000e+00 
1.6725855e-05 -3.3495948e-05 0.0000000e+00 
3.2188254e-05 -1.4234846e-04 0.0000000e+00 
1.0390673e-04 2.6307240e-01 0.0000000e+00 
-1.6294210e-04 3.9510662e-04 0.0000000e+00 
6.8579335e-05 -1.1733873e-04 0.0000000e+00 
-2.2193417e-06 -6.3185580e-06 0.0000000e+00 
-4.0736981e-05 8.6643733e-05 0.0000000e+00 
-5.4573175e-05 5.8063306e-05 0.0000000e+00 
8.5082836e-05 2.7083540e-01 0.0000000e+00 
1.5419442e-05 -7.5852498e-05 0.0000000e+00 
1.4327001e-05 -9.4192597e-05 0.0000000e+00 
-1.1166651e-04 6.0436083e-05 0.0000000e+00 
-1.2946082e-05 6.5222848e-06 0.0000000e+00 
-1.4268095e-05 -2.4253968e-06 0.0000000e+00 
-6.8381429e-05 7.4679498e-05 0.0000000e+00 
1.0581547e-04 -1.3801362e-04 0.0000000e+00 
1.1271611e-04 -1.0369904e-04 0.0000000e+00 
1.2709759e-05 2.7865067e-01 0.0000000e+00 
-2.8915703e-05 9.1108494e-05 0.0000000e+00 
-8.1923092e-05 1.6998837e-04 0.0000000e+00 
5.9157610e-05 -1.4226709e-04 0.0000000e+00 
-2.2954977e-05 2.6420632e-05 0.0000000e+00 
-8.5533597e-05 1.0198622e-04 0.0000000e+00 
-1.4653569e-04 2.0683417e-04 0.0000000e+00 
3.1920150e-05 -1.0211533e-04 0.0000000e+00 
-2.4523120e-05 -3.0769035e-05 0.0000000e+00 
1.3130670e-04 2.8622648e-01 0.0000000e+00 
3.4817960e-05 -1.4161482e-04 0.0000000e+00 
6.6451728e-05 -1.6865344e-04 0.0000000e+00 
-1.7545628e-04 4.6931428e-04 0.0000000e+00 
-3.7132413e-06 -3.4551456e-05 0.0000000e+00 
4.5639696e-05 -8.5463398e-05 0.0000000e+00 
1.9283500e-04 -2.6892778e-04 0.0000000e+00 
-1.1556782e-05 5.0330535e-05 0.0000000e+00 
1.1363626e-04 2.9395947e-01 0.0000000e+00 
-3.0027935e-05 -2.7827453e-05 0.0000000e+00 
5.3003430e-05 -5.5537559e-05 0.0000000e+00 
-1.7591054e-05 3.0427007e-05 0.0000000e+00 
-4.2608008e-05 1.0390067e-06 0.0000000e+00 
-1.3778545e-04 1.7374754e-04 0.0000000e+00 
-4.1127205e-06 -9.2628994e-05 0.0000000e+00 
7.3026866e-05 3.0172855e-01 0.0000000e+00 
-1.1357479e-06 -1.2107193e-05 0.0000000e+00 
5.9793238e-06 -4.3394743e-05 0.0000000e+00 
-7.3164236e-05 9.0923626e-05 0.0000000e+00 
5.5332202e-06 -2.7134083e-05 0.0000000e+00 
7.0845708e-05 -6.2977895e-05 0.0000000e+00 
-5.3095282e-05 1.1835143e-04 0.0000000e+00 
1.3717823e-04 3.0932519e-01 0.0000000e+00 
-9.8027056e-05 8.1370526e-05 0.0000000e+00 
3.8214959e-05 -1.0339264e-04 0.0000000e+00 
-5.8673322e-05 4.1953288e-05 0.0000000e+00 
6.1709434e-05 -1.3280381e-04 0.0000000e+00 
1.0999432e-04 -1.7618667e-04 0.0000000e+00 
5.0653238e-05 3.1717154e-01 0.0000000e+00 
-1.8256204e-04 4.6286616e-04 0.0000000e+00 
4.2640488e-05 -2.1926948e-04 0.0000000e+00 
4.8522095e-05 -1.1489005e-04 0.0000000e+00 
-5.2601565e-05 5.4731965e-05 0.0000000e+00 
-3.5198638e-05 -4.3683220e-05 0.0000000e+00 
-3.5848003e-05 3.3005606e-05 0.0000000e+00 
1.4492078e-04 3.2486016e-01 0.0000000e+00 
-1.0474864e-04 1.7093495e-04 0.0000000e+00 
-8.9382054e-05 7.5263553e-05 0.0000000e+00 
1.6429462e-05 -5.3084455e-05 0.0000000e+00 
-9.5764641e-05 6.2272658e-05 0.0000000e+00 
3.8859434e-06 -1.8726452e-05 0.0000000e+00 
-2.8920360e-05 -5.8999285e-06 0.0000000e+00 
1.0746205e-04 3.3278334e-01 0.0000000e+00 
1.3003126e-05 -8.0361031e-05 0.0000000e+00 
2.6665162e-05 -1.2315344e-05 0.0000000e+00 
2.3378059e-05 -8.2938466e-05 0.0000000e+00 
-4.2397878e-06 -5.0185976e-05 0.0000000e+00 
4.6809786e-05 -1.4645525e-04 0.0000000e+00 
1.0271743e-04 3.4071136e-01 0.0000000e+00 
7.1908114e-05 -2.0034984e-04 0.0000000e+00 
6.0755759e-05 -9.4998628e-05 0.0000000e+00 
-2.0235451e-04 4.8807578e-04 0.0000000e+00 
-1.0012183e-05 -3.5481527e-05 0.0000000e+00 
2.2199587e-05 -5.6694786e-05 0.0000000e+00 
-1.3048446e-04 1.2794160e-04 0.0000000e+00 
1.6468251e-04 3.4872293e-01 0.0000000e+00 
-1.2325612e-04 1.6002241e-04 0.0000000e+00 
-1.8798281e-05 3.9520673e-05 0.0000000e+00 
1.5598256e-05 -2.5233719e-05 0.0000000e+00 
-6.1243074e-05 1.1504744e-05 0.0000000e+00 
-3.0896714e-05 -3.3318065e-05 0.0000000e+00 
1.2871716e-04 3.5700181e-01 0.0000000e+00 
-2.3899600e-05 1.6605482e-05 0.0000000e+00 
-1.5617348e-05 -1.1175242e-04 0.0000000e+00 
-2.8816983e-05 2.6047230e-05 0.0000000e+00 
-2.2282125e-05 -2.9859482e-05 0.0000000e+00 
1.4354661e-04 3.6527857e-01 0.0000000e+00 
-8.2071638e-06 -6.1926417e-05 0.0000000e+00 
6.8048947e-05 -1.1623837e-04 0.0000000e+00 
3.9245235e-05 -1.5234970e-04 0.0000000e+00 
6.9664791e-05 -2.2558495e-04 0.0000000e+00 
-2.3189583e-04 5.8550562e-04 0.0000000e+00 
1.9191066e-04 3.7370270e-01 0.0000000e+00 
-5.0928909e-05 -4.4842018e-06 0.0000000e+00 
-2.3824163e-05 -4.1190535e-05 0.0000000e+00 
-5.3468859e-05 1.0138575e-04 0.0000000e+00 
-4.0776096e-05 1.6011810e-04 0.0000000e+00 
1.5063910e-04 3.8243470e-01 0.0000000e+00 
-5.5484939e-05 5.2690972e-05 0.0000000e+00 
-2.5313813e-05 8.1012957e-05 0.0000000e+00 
-4.7742506e-05 -1.0347005e-04 0.0000000e+00 
7.8184530e-07 -1.9803457e-04 0.0000000e+00 
1.4196569e-04 3.9117947e-01 0.0000000e+00 
2.0036940e-05 -2.2311183e-04 0.0000000e+00 
7.2647352e-05 -2.3820344e-04 0.0000000e+00 
-5.8167032e-05 -3.8901286e-05 0.0000000e+00 
-4.2570755e-05 1.6899779e-05 0.0000000e+00 
2.3566885e-04 3.9988914e-01 0.0000000e+00 
-3.1168945e-04 7.8792230e-04 0.0000000e+00 
-3.5428442e-05 4.4148415e-05 0.0000000e+00 
-4.8881746e-05 -1.2448058e-05 0.0000000e+00 
-1.0505319e-06 -1.3963203e-04 0.0000000e+00 
1.9663759e-04 4.0883759e-01 0.0000000e+00 
2.0849518e-05 -1.4218315e-04 0.0000000e+00 
-9.8063552e-05 -3.5012083e-05 0.0000000e+00 
-1.6047619e-05 -1.1350797e-04 0.0000000e+00 
1.6744994e-04 4.1761371e-01 0.0000000e+00 
-2.0736828e-05 -9.0274494e-05 0.0000000e+00 
-7.6144468e-05 -1.0605843e-04 0.0000000e+00 
2.8343406e-04 4.2583373e-01 0.0000000e+00 
-9.5700612e-05 2.5856309e-05 0.0000000e+00 
-5.3106342e-05 -1.1541881e-05 0.0000000e+00 
-3.4179678e-04 8.9598878e-04 0.0000000e+00 
2.5536120e-04 4.3361670e-01 0.0000000e+00 
-1.0181032e-04 -1.6845611e-04 0.0000000e+00 
-1.6907696e-05 -1.9269157e-04 0.0000000e+00 
3.0385051e-04 4.4003162e-01 0.0000000e+00 
-4.6356290e-05 -1.4833307e-04 0.0000000e+00 
-2.3321249e-05 -5.0380360e-05 0.0000000e+00 
3.1931722e-04 4.4450000e-01 0.0000000e+00 
-1.5954161e-04 1.8608873e-05 0.0000000e+00 
-1.8441584e-05 -2.5437819e-04 0.0000000e+00 
3.3226563e-04 4.4572675e-01 0.0000000e+00 
-5.3942669e-04 1.1532847e-03 0.0000000e+00 
-7.3219184e-05 -2.3520598e-04 0.0000000e+00 
4.1949167e-04 4.4183466e-01 0.0000000e+00 
-1.4598272e-04 -1.6595726e-04 0.0000000e+00 
4.0302984e-04 4.3040562e-01 0.0000000e+00 
-1.9063707e-04 -2.1205388e-04 0.0000000e+00 
5.1392848e-04 4.0684763e-01 0.0000000e+00 
-8.8211335e-04 1.7304112e-03 0.0000000e+00 
5.8089127e-04 3.6519712e-01 0.0000000e+00 
6.6685467e-04 2.9503438e-01 0.0000000e+00 
7.1809767e-04 1.7922916e-01 0.0000000e+00 
-1.2459951e-04 5.4708056e-02 0.0000000e+00 
VOLUMETRIC_STRAIN 1 4225  float
0.0000000e+00
0.0000000e+00
0.0000000e+00
0.0000000e+00
0.0000000e+00
0.0000000e+00
0.0000000e+00
0.0000000e+00
0.0000000e+00
0.0000000e+00
0.0000000e+00
0.0000000e+00
0.0000000e+00
0.0000000e+00
0.0000000e+00
0.0000000e+00
0.0000000e+00
0.0000000e+00
0.0000000e+00
0.0000000e+00
0.0000000e+00
0.0000000e+00
0.0000000e+00
0.0000000e+00
0.0000000e+00
0.0000000e+00
0.0000000e+00
0.0000000e+00
0.0000000e+00
0.0000000e+00
0.0000000e+00
0.0000000e+00
0.0000000e+00
0.0000000e+00
0.0000000e+00
0.0000000e+00
0.0000000e+00
0.0000000e+00
0.0000000e+00
0.0000000e+00
0.0000000e+00
0.0000000e+00
0.0000000e+00
0.0000000e+00
0.0000000e+00
0.0000000e+00
0.0000000e+00
0.0000000e+00
0.0000000e+00
0.0000000e+00
0.0000000e+00
0.0000000e+00
0.0000000e+00
0.0000000e+00
0.0000000e+00
0.0000000e+00
0.0000000e+00
0.0000000e+00
0.0000000e+00
0.0000000e+00
0.0000000e+00
0.0000000e+00
0.0000000e+00
0.0000000e+00
0.0000000e+00
0.0000000e+00
0.0000000e+00
0.0000000e+00
0.0000000e+00
0.0000000e+00
0.0000000e+00
0.0000000e+00
0.0000000e+00
0.0000000e+00
0.0000000e+00
0.0000000e+00
0.0000000e+00
0.0000000e+00
0.0000000e+00
0.0000000e+00
0.0000000e+00
0.0000000e+00
0.0000000e+00
0.0000000e+00
0.0000000e+00
0.0000000e+00
0.0000000e+00
0.0000000e+00
0.0000000e+00
0.0000000e+00
0.0000000e+00
0.0000000e+00
0.0000000e+00
0.0000000e+00
0.0000000e+00
0.0000000e+00
0.0000000e+00
0.0000000e+00
0.0000000e+00
0.0000000e+00
0.0000000e+00
0.0000000e+00
0.0000000e+00
0.0000000e+00
0.0000000e+00
0.0000000e+00
0.0000000e+00
0.0000000e+00
0.0000000e+00
0.0000000e+00
0.0000000e+00
0.0000000e+00
0.0000000e+00
0.0000000e+00
0.0000000e+00
0.0000000e+00
0.0000000e+00
0.0000000e+00
0.0000000e+00
0.0000000e+00
0.0000000e+00
0.0000000e+00
0.0000000e+00
0.0000000e+00
0.0000000e+00
0.0000000e+00
0.0000000e+00
0.0000000e+00
0.0000000e+00
0.0000000e+00
0.0000000e+00
0.0000000e+00
0.0000000e+00
0.0000000e+00
0.0000000e+00
0.0000000e+00
0.0000000e+00
0.0000000e+00
0.0000000e+00
0.0000000e+00
0.0000000e+00
0.0000000e+00
0.0000000e+00
0.0000000e+00
0.0000000e+00
0.0000000e+00
0.0000000e+00
0.0000000e+00
0.0000000e+00
0.0000000e+00
0.0000000e+00
0.0000000e+00
0.0000000e+00
0.0000000e+00
0.0000000e+00
0.0000000e+00
0.0000000e+00
0.0000000e+00
0.0000000e+00
0.0000000e+00
0.0000000e+00
0.0000000e+00
0.0000000e+00
0.0000000e+00
0.0000000e+00
0.0000000e+00
0.0000000e+00
0.0000000e+00
0.0000000e+00
0.0000000e+00
0.0000000e+00
0.0000000e+00
0.0000000e+00
0.0000000e+00
0.0000000e+00
0.0000000e+00
0.0000000e+00
0.0000000e+00
0.0000000e+00
0.0000000e+00
0.0000000e+00
0.0000000e+00
0.0000000e+00
0.0000000e+00
0.0000000e+00
0.0000000e+00
0.0000000e+00
0.0000000e+00
0.0000000e+00
0.0000000e+00
0.0000000e+00
0.0000000e+00
0.0000000e+00
0.0000000e+00
0.0000000e+00
0.0000000e+00
0.0000000e+00
0.0000000e+00
0.0000000e+00
0.0000000e+00
0.0000000e+00
0.0000000e+00
0.0000000e+00
0.0000000e+00
0.0000000e+00
0.0000000e+00
0.0000000e+00
0.0000000e+00
0.0000000e+00
0.0000000e+00
0.0000000e+00
0.0000000e+00
0.0000000e+00
0.0000000e+00
0.0000000e+00
0.0000000e+00
0.0000000e+00
0.0000000e+00
0.0000000e+00
0.0000000e+00
0.0000000e+00
0.0000000e+00
0.0000000e+00
0.0000000e+00
0.0000000e+00
0.0000000e+00
0.0000000e+00
0.0000000e+00
0.0000000e+00
0.0000000e+00
0.0000000e+00
0.0000000e+00
0.0000000e+00
0.0000000e+00
0.0000000e+00
0.0000000e+00
0.0000000e+00
0.0000000e+00
0.0000000e+00
0.0000000e+00
0.0000000e+00
0.0000000e+00
0.0000000e+00
0.0000000e+00
0.0000000e+00
0.0000000e+00
0.0000000e+00
0.0000000e+00
0.0000000e+00
0.0000000e+00
0.0000000e+00
0.0000000e+00
0.0000000e+00
0.0000000e+00
0.0000000e+00
0.0000000e+00
0.0000000e+00
0.0000000e+00
0.0000000e+00
0.0000000e+00
0.0000000e+00
0.0000000e+00
0.0000000e+00
0.0000000e+00
0.0000000e+00
0.0000000e+00
0.0000000e+00
0.0000000e+00
0.0000000e+00
0.0000000e+00
0.0000000e+00
0.0000000e+00
0.0000000e+00
0.0000000e+00
0.0000000e+00
0.0000000e+00
0.0000000e+00
0.0000000e+00
0.0000000e+00
0.0000000e+00
0.0000000e+00
0.0000000e+00
0.0000000e+00
0.0000000e+00
0.0000000e+00
0.0000000e+00
0.0000000e+00
0.0000000e+00
0.0000000e+00
0.0000000e+00
0.0000000e+00
0.0000000e+00
0.0000000e+00
0.0000000e+00
0.0000000e+00
0.0000000e+00
0.0000000e+00
0.0000000e+00
0.0000000e+00
0.0000000e+00
0.0000000e+00
0.0000000e+00
0.0000000e+00
0.0000000e+00
0.0000000e+00
0.0000000e+00
0.0000000e+00
0.0000000e+00
0.0000000e+00
0.0000000e+00
0.0000000e+00
0.0000000e+00
0.0000000e+00
0.0000000e+00
0.0000000e+00
0.0000000e+00
0.0000000e+00
0.0000000e+00
0.0000000e+00
0.0000000e+00
0.0000000e+00
0.0000000e+00
0.0000000e+00
0.0000000e+00
0.0000000e+00
0.0000000e+00
0.0000000e+00
0.0000000e+00
0.0000000e+00
0.0000000e+00
0.0000000e+00
0.0000000e+00
0.0000000e+00
0.0000000e+00
0.0000000e+00
0.0000000e+00
0.0000000e+00
0.0000000e+00
0.0000000e+00
0.0000000e+00
0.0000000e+00
0.0000000e+00
0.0000000e+00
0.0000000e+00
0.0000000e+00
0.0000000e+00
0.0000000e+00
0.0000000e+00
0.0000000e+00
0.0000000e+00
0.0000000e+00
0.0000000e+00
0.0000000e+00
0.0000000e+00
0.0000000e+00
0.0000000e+00
0.0000000e+00
0.0000000e+00
0.0000000e+00
0.0000000e+00
0.0000000e+00
0.0000000e+00
0.0000000e+00
0.0000000e+00
0.0000000e+00
0.0000000e+00
0.0000000e+00
0.0000000e+00
0.0000000e+00
0.0000000e+00
0.0000000e+00
0.0000000e+00
0.0000000e+00
0.0000000e+00
0.0000000e+00
0.0000000e+00
0.0000000e+00
0.0000000e+00
0.0000000e+00
0.0000000e+00
0.0000000e+00
0.0000000e+00
0.0000000e+00
0.0000000e+00
0.0000000e+00
0.0000000e+00
0.0000000e+00
0.0000000e+00
0.0000000e+00
0.0000000e+00
0.0000000e+00
0.0000000e+00
0.0000000e+00
0.0000000e+00
0.0000000e+00
0.0000000e+00
0.0000000e+00
0.0000000e+00
0.0000000e+00
0.0000000e+00
0.0000000e+00
0.0000000e+00
0.0000000e+00
0.0000000e+00
0.0000000e+00
0.0000000e+00
0.0000000e+00
0.0000000e+00
0.0000000e+00
0.0000000e+00
0.0000000e+00
0.0000000e+00
0.0000000e+00
0.0000000e+00
0.0000000e+00
0.0000000e+00
0.0000000e+00
0.0000000e+00
0.0000000e+00
0.0000000e+00
0.0000000e+00
0.0000000e+00
0.0000000e+00
0.0000000e+00
0.0000000e+00
0.0000000e+00
0.0000000e+00
0.0000000e+00
0.0000000e+00
0.0000000e+00
0.0000000e+00
0.0000000e+00
0.0000000e+00
0.0000000e+00
0.0000000e+00
0.0000000e+00
0.0000000e+00
0.0000000e+00
0.0000000e+00
0.0000000e+00
0.0000000e+00
0.0000000e+00
0.0000000e+00
0.0000000e+00
0.0000000e+00
0.0000000e+00
0.0000000e+00
0.0000000e+00
0.0000000e+00
0.0000000e+00
0.0000000e+00
0.0000000e+00
0.0000000e+00
0.0000000e+00
0.0000000e+00
0.0000000e+00
0.0000000e+00
0.0000000e+00
0.0000000e+00
0.0000000e+00
0.0000000e+00
0.0000000e+00
0.0000000e+00
0.0000000e+00
0.0000000e+00
0.0000000e+00
0.0000000e+00
0.0000000e+00
0.0000000e+00
0.0000000e+00
0.0000000e+00
0.0000000e+00
0.0000000e+00
0.0000000e+00
0.0000000e+00
0.0000000e+00
0.0000000e+00
0.0000000e+00
0.0000000e+00
0.0000000e+00
0.0000000e+00
0.0000000e+00
0.0000000e+00
0.0000000e+00
0.0000000e+00
0.0000000e+00
0.0000000e+00
0.0000000e+00
0.0000000e+00
0.0000000e+00
0.0000000e+00
0.0000000e+00
0.0000000e+00
0.0000000e+00
0.0000000e+00
0.0000000e+00
0.0000000e+00
0.0000000e+00
0.0000000e+00
0.0000000e+00
0.0000000e+00
0.0000000e+00
0.0000000e+00
0.0000000e+00
0.0000000e+00
0.0000000e+00
0.0000000e+00
0.0000000e+00
0.0000000e+00
0.0000000e+00
0.0000000e+00
0.0000000e+00
0.0000000e+00
0.0000000e+00
0.0000000e+00
0.0000000e+00
0.0000000e+00
0.0000000e+00
0.0000000e+00
0.0000000e+00
0.0000000e+00
0.0000000e+00
0.0000000e+00
0.0000000e+00
0.0000000e+00
0.0000000e+00
0.0000000e+00
0.0000000e+00
0.0000000e+00
0.0000000e+00
0.0000000e+00
0.0000000e+00
0.0000000e+00
0.0000000e+00
0.0000000e+00
0.0000000e+00
0.0000000e+00
0.0000000e+00
0.0000000e+00
0.0000000e+00
0.0000000e+00
0.0000000e+00
0.0000000e+00
0.0000000e+00
0.0000000e+00
0.0000000e+00
0.0000000e+00
0.0000000e+00
0.0000000e+00
0.0000000e+00
0.0000000e+00
0.0000000e+00
0.0000000e+00
0.0000000e+00
0.0000000e+00
0.0000000e+00
0.0000000e+00
0.0000000e+00
0.0000000e+00
0.0000000e+00
0.0000000e+00
0.0000000e+00
0.0000000e+00
0.0000000e+00
0.0000000e+00
0.0000000e+00
0.0000000e+00
0.0000000e+00
0.0000000e+00
0.0000000e+00
0.0000000e+00
0.0000000e+00
0.0000000e+00
0.0000000e+00
0.0000000e+00
0.0000000e+00
0.0000000e+00
0.0000000e+00
0.0000000e+00
0.0000000e+00
0.0000000e+00
0.0000000e+00
0.0000000e+00
0.0000000e+00
0.0000000e+00
0.0000000e+00
0.0000000e+00
0.0000000e+00
0.0000000e+00
0.0000000e+00
0.0000000e+00
0.0000000e+00
0.0000000e+00
0.0000000e+00
0.0000000e+00
0.0000000e+00
0.0000000e+00
0.0000000e+00
0.0000000e+00
0.0000000e+00
0.0000000e+00
0.0000000e+00
0.0000000e+00
0.0000000e+00
0.0000000e+00
0.0000000e+00
0.0000000e+00
0.0000000e+00
0.0000000e+00
0.0000000e+00
0.0000000e+00
0.0000000e+00
0.0000000e+00
0.0000000e+00
0.0000000e+00
0.0000000e+00
0.0000000e+00
0.0000000e+00
0.0000000e+00
0.0000000e+00
0.0000000e+00
0.0000000e+00
0.0000000e+00
0.0000000e+00
0.0000000e+00
0.0000000e+00
0.0000000e+00
0.0000000e+00
0.0000000e+00
0.0000000e+00
0.0000000e+00
0.0000000e+00
0.0000000e+00
0.0000000e+00
0.0000000e+00
0.0000000e+00
0.0000000e+00
0.0000000e+00
0.0000000e+00
0.0000000e+00
0.0000000e+00
0.0000000e+00
0.0000000e+00
0.0000000e+00
0.0000000e+00
0.0000000e+00
0.0000000e+00
0.0000000e+00
0.0000000e+00
0.0000000e+00
0.0000000e+00
0.0000000e+00
0.0000000e+00
0.0000000e+00
0.0000000e+00
0.0000000e+00
0.0000000e+00
0.0000000e+00
0.0000000e+00
0.0000000e+00
0.0000000e+00
0.0000000e+00
0.0000000e+00
0.0000000e+00
0.0000000e+00
0.0000000e+00
0.0000000e+00
0.0000000e+00
0.0000000e+00
0.0000000e+00
0.0000000e+00
0.0000000e+00
0.0000000e+00
0.0000000e+00
0.0000000e+00
0.0000000e+00
0.0000000e+00
0.0000000e+00
0.0000000e+00
0.0000000e+00
0.0000000e+00
0.0000000e+00
0.0000000e+00
0.0000000e+00
0.0000000e+00
0.0000000e+00
0.0000000e+00
0.0000000e+00
0.0000000e+00
0.0000000e+00
0.0000000e+00
0.0000000e+00
0.0000000e+00
0.0000000e+00
0.0000000e+00
0.0000000e+00
0.0000000e+00
0.0000000e+00
0.0000000e+00
0.0000000e+00
0.0000000e+00
0.0000000e+00
0.0000000e+00
0.0000000e+00
0.0000000e+00
0.0000000e+00
0.0000000e+00
0.0000000e+00
0.0000000e+00
0.0000000e+00
0.0000000e+00
0.0000000e+00
0.0000000e+00
0.0000000e+00
0.0000000e+00
0.0000000e+00
0.0000000e+00
0.0000000e+00
0.0000000e+00
0.0000000e+00
0.0000000e+00
0.0000000e+00
0.0000000e+00
0.0000000e+00
0.0000000e+00
0.0000000e+00
0.0000000e+00
0.0000000e+00
0.0000000e+00
0.0000000e+00
0.0000000e+00
0.0000000e+00
0.0000000e+00
0.0000000e+00
0.0000000e+00
0.0000000e+00
0.0000000e+00
0.0000000e+00
0.0000000e+00
0.0000000e+00
0.0000000e+00
0.0000000e+00
0.0000000e+00
0.0000000e+00
0.0000000e+00
0.0000000e+00
0.0000000e+00
0.0000000e+00
0.0000000e+00
0.0000000e+00
0.0000000e+00
0.0000000e+00
0.0000000e+00
0.0000000e+00
0.0000000e+00
0.0000000e+00
0.0000000e+00
0.0000000e+00
0.0000000e+00
0.0000000e+00
0.0000000e+00
0.0000000e+00
0.0000000e+00
0.0000000e+00
0.0000000e+00
0.0000000e+00
0.0000000e+00
0.0000000e+00
0.0000000e+00
0.0000000e+00
0.0000000e+00
0.0000000e+00
0.0000000e+00
0.0000000e+00
0.0000000e+00
0.0000000e+00
0.0000000e+00
0.0000000e+00
0.0000000e+00
0.0000000e+00
0.0000000e+00
0.0000000e+00
0.0000000e+00
0.0000000e+00
0.0000000e+00
0.0000000e+00
0.0000000e+00
0.0000000e+00
0.0000000e+00
0.0000000e+00
0.0000000e+00
0.0000000e+00
0.0000000e+00
0.0000000e+00
0.0000000e+00
0.0000000e+00
0.0000000e+00
0.0000000e+00
0.0000000e+00
0.0000000e+00
0.0000000e+00
0.0000000e+00
0.0000000e+00
0.0000000e+00
0.0000000e+00
0.0000000e+00
0.0000000e+00
0.0000000e+00
0.0000000e+00
0.0000000e+00
0.0000000e+00
0.0000000e+00
0.0000000e+00
0.0000000e+00
0.0000000e+00
0.0000000e+00
0.0000000e+00
0.0000000e+00
0.0000000e+00
0.0000000e+00
0.0000000e+00
0.0000000e+00
0.0000000e+00
0.0000000e+00
0.0000000e+00
0.0000000e+00
0.0000000e+00
0.0000000e+00
0.0000000e+00
0.0000000e+00
0.0000000e+00
0.0000000e+00
0.0000000e+00
0.0000000e+00
0.0000000e+00
0.0000000e+00
0.0000000e+00
0.0000000e+00
0.0000000e+00
0.0000000e+00
0.0000000e+00
0.0000000e+00
0.0000000e+00
0.0000000e+00
0.0000000e+00
0.0000000e+00
0.0000000e+00
0.0000000e+00
0.0000000e+00
0.0000000e+00
0.0000000e+00
0.0000000e+00
0.0000000e+00
0.0000000e+00
0.0000000e+00
0.0000000e+00
0.0000000e+00
0.0000000e+00
0.0000000e+00
0.0000000e+00
0.0000000e+00
0.0000000e+00
0.0000000e+00
0.0000000e+00
0.0000000e+00
0.0000000e+00
0.0000000e+00
0.0000000e+00
0.0000000e+00
0.0000000e+00
0.0000000e+00
0.0000000e+00
0.0000000e+00
0.0000000e+00
0.0000000e+00
0.0000000e+00
0.0000000e+00
0.0000000e+00
0.0000000e+00
0.0000000e+00
0.0000000e+00
0.0000000e+00
0.0000000e+00
0.0000000e+00
0.0000000e+00
0.0000000e+00
0.0000000e+00
0.0000000e+00
0.0000000e+00
0.0000000e+00
0.0000000e+00
0.0000000e+00
0.0000000e+00
0.0000000e+00
0.0000000e+00
0.0000000e+00
0.0000000e+00
0.0000000e+00
0.0000000e+00
0.0000000e+00
0.0000000e+00
0.0000000e+00
0.0000000e+00
0.0000000e+00
0.0000000e+00
0.0000000e+00
0.0000000e+00
0.0000000e+00
0.0000000e+00
0.0000000e+00
0.0000000e+00
0.0000000e+00
0.0000000e+00
0.0000000e+00
0.0000000e+00
0.0000000e+00
0.0000000e+00
0.0000000e+00
0.0000000e+00
0.0000000e+00
0.0000000e+00
0.0000000e+00
0.0000000e+00
0.0000000e+00
0.0000000e+00
0.0000000e+00
0.0000000e+00
0.0000000e+00
0.0000000e+00
0.0000000e+00
0.0000000e+00
0.0000000e+00
0.0000000e+00
0.0000000e+00
0.0000000e+00
0.0000000e+00
0.0000000e+00
0.0000000e+00
0.0000000e+00
0.0000000e+00
0.0000000e+00
0.0000000e+00
0.0000000e+00
0.0000000e+00
0.0000000e+00
0.0000000e+00
0.0000000e+00
0.0000000e+00
0.0000000e+00
0.0000000e+00
0.0000000e+00
0.0000000e+00
0.0000000e+00
0.0000000e+00
0.0000000e+00
0.0000000e+00
0.0000000e+00
0.0000000e+00
0.0000000e+00
0.0000000e+00
0.0000000e+00
0.0000000e+00
0.0000000e+00
0.0000000e+00
0.0000000e+00
0.0000000e+00
0.0000000e+00
0.0000000e+00
0.0000000e+00
0.0000000e+00
0.0000000e+00
0.0000000e+00
0.0000000e+00
0.0000000e+00
0.0000000e+00
0.0000000e+00
0.0000000e+00
0.0000000e+00
0.0000000e+00
0.0000000e+00
0.0000000e+00
0.0000000e+00
0.0000000e+00
0.0000000e+00
0.0000000e+00
0.0000000e+00
0.0000000e+00
0.0000000e+00
0.0000000e+00
0.0000000e+00
0.0000000e+00
0.0000000e+00
0.0000000e+00
0.0000000e+00
0.0000000e+00
0.0000000e+00
0.0000000e+00
0.0000000e+00
0.0000000e+00
0.0000000e+00
0.0000000e+00
0.0000000e+00
0.0000000e+00
0.0000000e+00
0.0000000e+00
0.0000000e+00
0.0000000e+00
0.0000000e+00
0.0000000e+00
0.0000000e+00
0.0000000e+00
0.0000000e+00
0.0000000e+00
0.0000000e+00
0.0000000e+00
0.0000000e+00
0.0000000e+00
0.0000000e+00
0.0000000e+00
0.0000000e+00
0.0000000e+00
0.0000000e+00
0.0000000e+00
0.0000000e+00
0.0000000e+00
0.0000000e+00
0.0000000e+00
0.0000000e+00
0.0000000e+00
0.0000000e+00
0.0000000e+00
0.0000000e+00
0.0000000e+00
0.0000000e+00
0.0000000e+00
0.0000000e+00
0.0000000e+00
0.0000000e+00
0.0000000e+00
0.0000000e+00
0.0000000e+00
0.0000000e+00
0.0000000e+00
0.0000000e+00
0.0000000e+00
0.0000000e+00
0.0000000e+00
0.0000000e+00
0.0000000e+00
0.0000000e+00
0.0000000e+00
0.0000000e+00
0.0000000e+00
0.0000000e+00
0.0000000e+00
0.0000000e+00
0.0000000e+00
0.0000000e+00
0.0000000e+00
0.0000000e+00
0.0000000e+00
0.0000000e+00
0.0000000e+00
0.0000000e+00
0.0000000e+00
0.0000000e+00
0.0000000e+00
0.0000000e+00
0.0000000e+00
0.0000000e+00
0.0000000e+00
0.0000000e+00
0.0000000e+00
0.0000000e+00
0.0000000e+00
0.0000000e+00
0.0000000e+00
0.0000000e+00
0.0000000e+00
0.0000000e+00
0.0000000e+00
0.0000000e+00
0.0000000e+00
0.0000000e+00
0.0000000e+00
0.0000000e+00
0.0000000e+00
0.0000000e+00
0.0000000e+00
0.0000000e+00
0.0000000e+00
0.0000000e+00
0.0000000e+00
0.0000000e+00
0.0000000e+00
0.0000000e+00
0.0000000e+00
0.0000000e+00
0.0000000e+00
0.0000000e+00
0.0000000e+00
0.0000000e+00
0.0000000e+00
0.0000000e+00
0.0000000e+00
0.0000000e+00
0.0000000e+00
0.0000000e+00
0.0000000e+00
0.0000000e+00
0.0000000e+00
0.0000000e+00
0.0000000e+00
0.0000000e+00
0.0000000e+00
0.0000000e+00
0.0000000e+00
0.0000000e+00
0.0000000e+00
0.0000000e+00
0.0000000e+00
0.0000000e+00
0.0000000e+00
0.0000000e+00
0.0000000e+00
0.0000000e+00
0.0000000e+00
0.0000000e+00
0.0000000e+00
0.0000000e+00
0.0000000e+00
0.0000000e+00
0.0000000e+00
0.0000000e+00
0.0000000e+00
0.0000000e+00
0.0000000e+00
0.0000000e+00
0.0000000e+00
0.0000000e+00
0.0000000e+00
0.0000000e+00
0.0000000e+00
0.0000000e+00
0.0000000e+00
0.0000000e+00
0.0000000e+00
0.0000000e+00
0.0000000e+00
0.0000000e+00
0.0000000e+00
0.0000000e+00
0.0000000e+00
0.0000000e+00
0.0000000e+00
0.0000000e+00
0.0000000e+00
0.0000000e+00
0.0000000e+00
0.0000000e+00
0.0000000e+00
0.0000000e+00
0.0000000e+00
0.0000000e+00
0.0000000e+00
0.0000000e+00
0.0000000e+00
0.0000000e+00
0.0000000e+00
0.0000000e+00
0.0000000e+00
0.0000000e+00
0.0000000e+00
0.0000000e+00
0.0000000e+00
0.0000000e+00
0.0000000e+00
0.0000000e+00
0.0000000e+00
0.0000000e+00
0.0000000e+00
0.0000000e+00
0.0000000e+00
0.0000000e+00
0.0000000e+00
0.0000000e+00
0.0000000e+00
0.0000000e+00
0.0000000e+00
0.0000000e+00
0.0000000e+00
0.0000000e+00
0.0000000e+00
0.0000000e+00
0.0000000e+00
0.0000000e+00
0.0000000e+00
0.0000000e+00
0.0000000e+00
0.0000000e+00
0.0000000e+00
0.0000000e+00
0.0000000e+00
0.0000000e+00
0.0000000e+00
0.0000000e+00
0.0000000e+00
0.0000000e+00
0.0000000e+00
0.0000000e+00
0.0000000e+00
0.0000000e+00
0.0000000e+00
0.0000000e+00
0.0000000e+00
0.0000000e+00
0.0000000e+00
0.0000000e+00
0.0000000e+00
0.0000000e+00
0.0000000e+00
0.0000000e+00
0.0000000e+00
0.0000000e+00
0.0000000e+00
0.0000000e+00
0.0000000e+00
0.0000000e+00
0.0000000e+00
0.0000000e+00
0.0000000e+00
0.0000000e+00
0.0000000e+00
0.0000000e+00
0.0000000e+00
0.0000000e+00
0.0000000e+00
0.0000000e+00
0.0000000e+00
0.0000000e+00
0.0000000e+00
0.0000000e+00
0.0000000e+00
0.0000000e+00
0.0000000e+00
0.0000000e+00
0.0000000e+00
0.0000000e+00
0.0000000e+00
0.0000000e+00
0.0000000e+00
0.0000000e+00
0.0000000e+00
0.0000000e+00
0.0000000e+00
0.0000000e+00
0.0000000e+00
0.0000000e+00
0.0000000e+00
0.0000000e+00
0.0000000e+00
0.0000000e+00
0.0000000e+00
0.0000000e+00
0.0000000e+00
0.0000000e+00
0.0000000e+00
0.0000000e+00
0.0000000e+00
0.0000000e+00
0.0000000e+00
0.0000000e+00
0.0000000e+00
0.0000000e+00
0.0000000e+00
0.0000000e+00
0.0000000e+00
0.0000000e+00
0.0000000e+00
0.0000000e+00
0.0000000e+00
0.0000000e+00
0.0000000e+00
0.0000000e+00
0.0000000e+00
0.0000000e+00
0.0000000e+00
0.0000000e+00
0.0000000e+00
0.0000000e+00
0.0000000e+00
0.0000000e+00
0.0000000e+00
0.0000000e+00
0.0000000e+00
0.0000000e+00
0.0000000e+00
0.0000000e+00
0.0000000e+00
0.0000000e+00
0.0000000e+00
0.0000000e+00
0.0000000e+00
0.0000000e+00
0.0000000e+00
0.0000000e+00
0.0000000e+00
0.0000000e+00
0.0000000e+00
0.0000000e+00
0.0000000e+00
0.0000000e+00
0.0000000e+00
0.0000000e+00
0.0000000e+00
0.0000000e+00
0.0000000e+00
0.0000000e+00
0.0000000e+00
0.0000000e+00
0.0000000e+00
0.0000000e+00
0.0000000e+00
0.0000000e+00
0.0000000e+00
0.0000000e+00
0.0000000e+00
0.0000000e+00
0.0000000e+00
0.0000000e+00
0.0000000e+00
0.0000000e+00
0.0000000e+00
0.0000000e+00
0.0000000e+00
0.0000000e+00
0.0000000e+00
0.0000000e+00
0.0000000e+00
0.0000000e+00
0.0000000e+00
0.0000000e+00
0.0000000e+00
0.0000000e+00
0.0000000e+00
0.0000000e+00
0.0000000e+00
0.0000000e+00
0.0000000e+00
0.0000000e+00
0.0000000e+00
0.0000000e+00
0.0000000e+00
0.0000000e+00
0.0000000e+00
0.0000000e+00
0.0000000e+00
0.0000000e+00
0.0000000e+00
0.0000000e+00
0.0000000e+00
0.0000000e+00
0.0000000e+00
0.0000000e+00
0.0000000e+00
0.0000000e+00
0.0000000e+00
0.0000000e+00
0.0000000e+00
0.0000000e+00
0.0000000e+00
0.0000000e+00
0.0000000e+00
0.0000000e+00
0.0000000e+00
0.0000000e+00
0.0000000e+00
0.0000000e+00
0.0000000e+00
0.0000000e+00
0.0000000e+00
0.0000000e+00
0.0000000e+00
0.0000000e+00
0.0000000e+00
0.0000000e+00
0.0000000e+00
0.0000000e+00
0.0000000e+00
0.0000000e+00
0.0000000e+00
0.0000000e+00
0.0000000e+00
0.0000000e+00
0.0000000e+00
0.0000000e+00
0.0000000e+00
0.0000000e+00
0.0000000e+00
0.0000000e+00
0.0000000e+00
0.0000000e+00
0.0000000e+00
0.0000000e+00
0.0000000e+00
0.0000000e+00
0.0000000e+00
0.0000000e+00
0.0000000e+00
0.0000000e+00
0.0000000e+00
0.0000000e+00
0.0000000e+00
0.0000000e+00
0.0000000e+00
0.0000000e+00
0.0000000e+00
0.0000000e+00
0.0000000e+00
0.0000000e+00
0.0000000e+00
0.0000000e+00
0.0000000e+00
0.0000000e+00
0.0000000e+00
0.0000000e+00
0.0000000e+00
0.0000000e+00
0.0000000e+00
0.0000000e+00
0.0000000e+00
0.0000000e+00
0.0000000e+00
0.0000000e+00
0.0000000e+00
0.0000000e+00
0.0000000e+00
0.0000000e+00
0.0000000e+00
0.0000000e+00
0.0000000e+00
0.0000000e+00
0.0000000e+00
0.0000000e+00
0.0000000e+00
0.0000000e+00
0.0000000e+00
0.0000000e+00
0.0000000e+00
0.0000000e+00
0.0000000e+00
0.0000000e+00
0.0000000e+00
0.0000000e+00
0.0000000e+00
0.0000000e+00
0.0000000e+00
0.0000000e+00
0.0000000e+00
0.0000000e+00
0.0000000e+00
0.0000000e+00
0.0000000e+00
0.0000000e+00
0.0000000e+00
0.0000000e+00
0.0000000e+00
0.0000000e+00
0.0000000e+00
0.0000000e+00
0.0000000e+00
0.0000000e+00
0.0000000e+00
0.0000000e+00
0.0000000e+00
0.0000000e+00
0.0000000e+00
0.0000000e+00
0.0000000e+00
0.0000000e+00
0.0000000e+00
0.0000000e+00
0.0000000e+00
0.0000000e+00
0.0000000e+00
0.0000000e+00
0.0000000e+00
0.0000000e+00
0.0000000e+00
0.0000000e+00
0.0000000e+00
0.0000000e+00
0.0000000e+00
0.0000000e+00
0.0000000e+00
0.0000000e+00
0.0000000e+00
0.0000000e+00
0.0000000e+00
0.0000000e+00
0.0000000e+00
0.0000000e+00
0.0000000e+00
0.0000000e+00
0.0000000e+00
0.0000000e+00
0.0000000e+00
0.0000000e+00
0.0000000e+00
0.0000000e+00
0.0000000e+00
0.0000000e+00
0.0000000e+00
0.0000000e+00
0.0000000e+00
0.0000000e+00
0.0000000e+00
0.0000000e+00
0.0000000e+00
0.0000000e+00
0.0000000e+00
0.0000000e+00
0.0000000e+00
0.0000000e+00
0.0000000e+00
0.0000000e+00
0.0000000e+00
0.0000000e+00
0.0000000e+00
0.0000000e+00
0.0000000e+00
0.0000000e+00
0.0000000e+00
0.0000000e+00
0.0000000e+00
0.0000000e+00
0.0000000e+00
0.0000000e+00
0.0000000e+00
0.0000000e+00
0.0000000e+00
0.0000000e+00
0.0000000e+00
0.0000000e+00
0.0000000e+00
0.0000000e+00
0.0000000e+00
0.0000000e+00
0.0000000e+00
0.0000000e+00
0.0000000e+00
0.0000000e+00
0.0000000e+00
0.0000000e+00
0.0000000e+00
0.0000000e+00
0.0000000e+00
0.0000000e+00
0.0000000e+00
0.0000000e+00
0.0000000e+00
0.0000000e+00
0.0000000e+00
0.0000000e+00
0.0000000e+00
0.0000000e+00
0.0000000e+00
0.0000000e+00
0.0000000e+00
0.0000000e+00
0.0000000e+00
0.0000000e+00
0.0000000e+00
0.0000000e+00
0.0000000e+00
0.0000000e+00
0.0000000e+00
0.0000000e+00
0.0000000e+00
0.0000000e+00
0.0000000e+00
0.0000000e+00
0.0000000e+00
0.0000000e+00
0.0000000e+00
0.0000000e+00
0.0000000e+00
0.0000000e+00
0.0000000e+00
0.0000000e+00
0.0000000e+00
0.0000000e+00
0.0000000e+00
0.0000000e+00
0.0000000e+00
0.0000000e+00
0.0000000e+00
0.0000000e+00
0.0000000e+00
0.0000000e+00
0.0000000e+00
0.0000000e+00
0.0000000e+00
0.0000000e+00
0.0000000e+00
0.0000000e+00
0.0000000e+00
0.0000000e+00
0.0000000e+00
0.0000000e+00
0.0000000e+00
0.0000000e+00
0.0000000e+00
0.0000000e+00
0.0000000e+00
0.0000000e+00
0.0000000e+00
0.0000000e+00
0.0000000e+00
0.0000000e+00
0.0000000e+00
0.0000000e+00
0.0000000e+00
0.0000000e+00
0.0000000e+00
0.0000000e+00
0.0000000e+00
0.0000000e+00
0.0000000e+00
0.0000000e+00
0.0000000e+00
0.0000000e+00
0.0000000e+00
0.0000000e+00
0.0000000e+00
0.0000000e+00
0.0000000e+00
0.0000000e+00
0.0000000e+00
0.0000000e+00
0.0000000e+00
0.0000000e+00
0.0000000e+00
0.0000000e+00
0.0000000e+00
0.0000000e+00
0.0000000e+00
0.0000000e+00
0.0000000e+00
0.0000000e+00
0.0000000e+00
0.0000000e+00
0.0000000e+00
0.0000000e+00
0.0000000e+00
0.0000000e+00
0.0000000e+00
0.0000000e+00
0.0000000e+00
0.0000000e+00
0.0000000e+00
0.0000000e+00
0.0000000e+00
0.0000000e+00
0.0000000e+00
0.0000000e+00
0.0000000e+00
0.0000000e+00
0.0000000e+00
0.0000000e+00
0.0000000e+00
0.0000000e+00
0.0000000e+00
0.0000000e+00
0.0000000e+00
0.0000000e+00
0.0000000e+00
0.0000000e+00
0.0000000e+00
0.0000000e+00
0.0000000e+00
0.0000000e+00
0.0000000e+00
0.0000000e+00
0.0000000e+00
0.0000000e+00
0.0000000e+00
0.0000000e+00
0.0000000e+00
0.0000000e+00
0.0000000e+00
0.0000000e+00
0.0000000e+00
0.0000000e+00
0.0000000e+00
0.0000000e+00
0.0000000e+00
0.0000000e+00
0.0000000e+00
0.0000000e+00
0.0000000e+00
0.0000000e+00
0.0000000e+00
0.0000000e+00
0.0000000e+00
0.0000000e+00
0.0000000e+00
0.0000000e+00
0.0000000e+00
0.0000000e+00
0.0000000e+00
0.0000000e+00
0.0000000e+00
0.0000000e+00
0.0000000e+00
0.0000000e+00
0.0000000e+00
0.0000000e+00
0.0000000e+00
0.0000000e+00
0.0000000e+00
0.0000000e+00
0.0000000e+00
0.0000000e+00
0.0000000e+00
0.0000000e+00
0.0000000e+00
0.0000000e+00
0.0000000e+00
0.0000000e+00
0.0000000e+00
0.0000000e+00
0.0000000e+00
0.0000000e+00
0.0000000e+00
0.0000000e+00
0.0000000e+00
0.0000000e+00
0.0000000e+00
0.0000000e+00
0.0000000e+00
0.0000000e+00
0.0000000e+00
0.0000000e+00
0.0000000e+00
0.0000000e+00
0.0000000e+00
0.0000000e+00
0.0000000e+00
0.0000000e+00
0.0000000e+00
0.0000000e+00
0.0000000e+00
0.0000000e+00
0.0000000e+00
0.0000000e+00
0.0000000e+00
0.0000000e+00
0.0000000e+00
0.0000000e+00
0.0000000e+00
0.0000000e+00
0.0000000e+00
0.0000000e+00
0.0000000e+00
0.0000000e+00
0.0000000e+00
0.0000000e+00
0.0000000e+00
0.0000000e+00
0.0000000e+00
0.0000000e+00
0.0000000e+00
0.0000000e+00
0.0000000e+00
0.0000000e+00
0.0000000e+00
0.0000000e+00
0.0000000e+00
0.0000000e+00
0.0000000e+00
0.0000000e+00
0.0000000e+00
0.0000000e+00
0.0000000e+00
0.0000000e+00
0.0000000e+00
0.0000000e+00
0.0000000e+00
0.0000000e+00
0.0000000e+00
0.0000000e+00
0.0000000e+00
0.0000000e+00
0.0000000e+00
0.0000000e+00
0.0000000e+00
0.0000000e+00
0.0000000e+00
0.0000000e+00
0.0000000e+00
0.0000000e+00
0.0000000e+00
0.0000000e+00
0.0000000e+00
0.0000000e+00
0.0000000e+00
0.0000000e+00
0.0000000e+00
0.0000000e+00
0.0000000e+00
0.0000000e+00
0.0000000e+00
0.0000000e+00
0.0000000e+00
0.0000000e+00
0.0000000e+00
0.0000000e+00
0.0000000e+00
0.0000000e+00
0.0000000e+00
0.0000000e+00
0.0000000e+00
0.0000000e+00
0.0000000e+00
0.0000000e+00
0.0000000e+00
0.0000000e+00
0.0000000e+00
0.0000000e+00
0.0000000e+00
0.0000000e+00
0.0000000e+00
0.0000000e+00
0.0000000e+00
0.0000000e+00
0.0000000e+00
0.0000000e+00
0.0000000e+00
0.0000000e+00
0.0000000e+00
0.0000000e+00
0.0000000e+00
0.0000000e+00
0.0000000e+00
0.0000000e+00
0.0000000e+00
0.0000000e+00
0.0000000e+00
0.0000000e+00
0.0000000e+00
0.0000000e+00
0.0000000e+00
0.0000000e+00
0.0000000e+00
0.0000000e+00
0.0000000e+00
0.0000000e+00
0.0000000e+00
0.0000000e+00
0.0000000e+00
0.0000000e+00
0.0000000e+00
0.0000000e+00
0.0000000e+00
0.0000000e+00
0.0000000e+00
0.0000000e+00
0.0000000e+00
0.0000000e+00
0.0000000e+00
0.0000000e+00
0.0000000e+00
0.0000000e+00
0.0000000e+00
0.0000000e+00
0.0000000e+00
0.0000000e+00
0.0000000e+00
0.0000000e+00
0.0000000e+00
0.0000000e+00
0.0000000e+00
0.0000000e+00
0.0000000e+00
0.0000000e+00
0.0000000e+00
0.0000000e+00
0.0000000e+00
0.0000000e+00
0.0000000e+00
0.0000000e+00
0.0000000e+00
0.0000000e+00
0.0000000e+00
0.0000000e+00
0.0000000e+00
0.0000000e+00
0.0000000e+00
0.0000000e+00
0.0000000e+00
0.0000000e+00
0.0000000e+00
0.0000000e+00
0.0000000e+00
0.0000000e+00
0.0000000e+00
0.0000000e+00
0.0000000e+00
0.0000000e+00
0.0000000e+00
0.0000000e+00
0.0000000e+00
0.0000000e+00
0.0000000e+00
0.0000000e+00
0.0000000e+00
0.0000000e+00
0.0000000e+00
0.0000000e+00
0.0000000e+00
0.0000000e+00
0.0000000e+00
0.0000000e+00
0.0000000e+00
0.0000000e+00
0.0000000e+00
0.0000000e+00
0.0000000e+00
0.0000000e+00
0.0000000e+00
0.0000000e+00
0.0000000e+00
0.0000000e+00
0.0000000e+00
0.0000000e+00
0.0000000e+00
0.0000000e+00
0.0000000e+00
0.0000000e+00
0.0000000e+00
0.0000000e+00
0.0000000e+00
0.0000000e+00
0.0000000e+00
0.0000000e+00
0.0000000e+00
0.0000000e+00
0.0000000e+00
0.0000000e+00
0.0000000e+00
0.0000000e+00
0.0000000e+00
0.0000000e+00
0.0000000e+00
0.0000000e+00
0.0000000e+00
0.0000000e+00
0.0000000e+00
0.0000000e+00
0.0000000e+00
0.0000000e+00
0.0000000e+00
0.0000000e+00
0.0000000e+00
0.0000000e+00
0.0000000e+00
0.0000000e+00
0.0000000e+00
0.0000000e+00
0.0000000e+00
0.0000000e+00
0.0000000e+00
0.0000000e+00
0.0000000e+00
0.0000000e+00
0.0000000e+00
0.0000000e+00
0.0000000e+00
0.0000000e+00
0.0000000e+00
0.0000000e+00
0.0000000e+00
0.0000000e+00
0.0000000e+00
0.0000000e+00
0.0000000e+00
0.0000000e+00
0.0000000e+00
0.0000000e+00
0.0000000e+00
0.0000000e+00
0.0000000e+00
0.0000000e+00
0.0000000e+00
0.0000000e+00
0.0000000e+00
0.0000000e+00
0.0000000e+00
0.0000000e+00
0.0000000e+00
0.0000000e+00
0.0000000e+00
0.0000000e+00
0.0000000e+00
0.0000000e+00
0.0000000e+00
0.0000000e+00
0.0000000e+00
0.0000000e+00
0.0000000e+00
0.0000000e+00
0.0000000e+00
0.0000000e+00
0.0000000e+00
0.0000000e+00
0.0000000e+00
0.0000000e+00
0.0000000e+00
0.0000000e+00
0.0000000e+00
0.0000000e+00
0.0000000e+00
0.0000000e+00
0.0000000e+00
0.0000000e+00
0.0000000e+00
0.0000000e+00
0.0000000e+00
0.0000000e+00
0.0000000e+00
0.0000000e+00
0.0000000e+00
0.0000000e+00
0.0000000e+00
0.0000000e+00
0.0000000e+00
0.0000000e+00
0.0000000e+00
0.0000000e+00
0.0000000e+00
0.0000000e+00
0.0000000e+00
0.0000000e+00
0.0000000e+00
0.0000000e+00
0.0000000e+00
0.0000000e+00
0.0000000e+00
0.0000000e+00
0.0000000e+00
0.0000000e+00
0.0000000e+00
0.0000000e+00
0.0000000e+00
0.0000000e+00
0.0000000e+00
0.0000000e+00
0.0000000e+00
0.0000000e+00
0.0000000e+00
0.0000000e+00
0.0000000e+00
0.0000000e+00
0.0000000e+00
0.0000000e+00
0.0000000e+00
0.0000000e+00
0.0000000e+00
0.0000000e+00
0.0000000e+00
0.0000000e+00
0.0000000e+00
0.0000000e+00
0.0000000e+00
0.0000000e+00
0.0000000e+00
0.0000000e+00
0.0000000e+00
0.0000000e+00
0.0000000e+00
0.0000000e+00
0.0000000e+00
0.0000000e+00
0.0000000e+00
0.0000000e+00
0.0000000e+00
0.0000000e+00
0.0000000e+00
0.0000000e+00
0.0000000e+00
0.0000000e+00
0.0000000e+00
0.0000000e+00
0.0000000e+00
0.0000000e+00
0.0000000e+00
0.0000000e+00
0.0000000e+00
0.0000000e+00
0.0000000e+00
0.0000000e+00
0.0000000e+00
0.0000000e+00
0.0000000e+00
0.0000000e+00
0.0000000e+00
0.0000000e+00
0.0000000e+00
0.0000000e+00
0.0000000e+00
0.0000000e+00
0.0000000e+00
0.0000000e+00
0.0000000e+00
0.0000000e+00
0.0000000e+00
0.0000000e+00
0.0000000e+00
0.0000000e+00
0.0000000e+00
0.0000000e+00
0.0000000e+00
0.0000000e+00
0.0000000e+00
0.0000000e+00
0.0000000e+00
0.0000000e+00
0.0000000e+00
0.0000000e+00
0.0000000e+00
0.0000000e+00
0.0000000e+00
0.0000000e+00
0.0000000e+00
0.0000000e+00
0.0000000e+00
0.0000000e+00
0.0000000e+00
0.0000000e+00
0.0000000e+00
0.0000000e+00
0.0000000e+00
0.0000000e+00
0.0000000e+00
0.0000000e+00
0.0000000e+00
0.0000000e+00
0.0000000e+00
0.0000000e+00
0.0000000e+00
0.0000000e+00
0.0000000e+00
0.0000000e+00
0.0000000e+00
0.0000000e+00
0.0000000e+00
0.0000000e+00
0.0000000e+00
0.0000000e+00
0.0000000e+00
0.0000000e+00
0.0000000e+00
0.0000000e+00
0.0000000e+00
0.0000000e+00
0.0000000e+00
0.0000000e+00
0.0000000e+00
0.0000000e+00
0.0000000e+00
0.0000000e+00
0.0000000e+00
0.0000000e+00
0.0000000e+00
0.0000000e+00
0.0000000e+00
0.0000000e+00
0.0000000e+00
0.0000000e+00
0.0000000e+00
0.0000000e+00
0.0000000e+00
0.0000000e+00
0.0000000e+00
0.0000000e+00
0.0000000e+00
0.0000000e+00
0.0000000e+00
0.0000000e+00
0.0000000e+00
0.0000000e+00
0.0000000e+00
0.0000000e+00
0.0000000e+00
0.0000000e+00
0.0000000e+00
0.0000000e+00
0.0000000e+00
0.0000000e+00
0.0000000e+00
0.0000000e+00
0.0000000e+00
0.0000000e+00
0.0000000e+00
0.0000000e+00
0.0000000e+00
0.0000000e+00
0.0000000e+00
0.0000000e+00
0.0000000e+00
0.0000000e+00
0.0000000e+00
0.0000000e+00
0.0000000e+00
0.0000000e+00
0.0000000e+00
0.0000000e+00
0.0000000e+00
0.0000000e+00
0.0000000e+00
0.0000000e+00
0.0000000e+00
0.0000000e+00
0.0000000e+00
0.0000000e+00
0.0000000e+00
0.0000000e+00
0.0000000e+00
0.0000000e+00
0.0000000e+00
0.0000000e+00
0.0000000e+00
0.0000000e+00
0.0000000e+00
0.0000000e+00
0.0000000e+00
0.0000000e+00
0.0000000e+00
0.0000000e+00
0.0000000e+00
0.0000000e+00
0.0000000e+00
0.0000000e+00
0.0000000e+00
0.0000000e+00
0.0000000e+00
0.0000000e+00
0.0000000e+00
0.0000000e+00
0.0000000e+00
0.0000000e+00
0.0000000e+00
0.0000000e+00
0.0000000e+00
0.0000000e+00
0.0000000e+00
0.0000000e+00
0.0000000e+00
0.0000000e+00
0.0000000e+00
0.0000000e+00
0.0000000e+00
0.0000000e+00
0.0000000e+00
0.0000000e+00
0.0000000e+00
0.0000000e+00
0.0000000e+00
0.0000000e+00
0.0000000e+00
0.0000000e+00
0.0000000e+00
0.0000000e+00
0.0000000e+00
0.0000000e+00
0.0000000e+00
0.0000000e+00
0.0000000e+00
0.0000000e+00
0.0000000e+00
0.0000000e+00
0.0000000e+00
0.0000000e+00
0.0000000e+00
0.0000000e+00
0.0000000e+00
0.0000000e+00
0.0000000e+00
0.0000000e+00
0.0000000e+00
0.0000000e+00
0.0000000e+00
0.0000000e+00
0.0000000e+00
0.0000000e+00
0.0000000e+00
0.0000000e+00
0.0000000e+00
0.0000000e+00
0.0000000e+00
0.0000000e+00
0.0000000e+00
0.0000000e+00
0.0000000e+00
0.0000000e+00
0.0000000e+00
0.0000000e+00
0.0000000e+00
0.0000000e+00
0.0000000e+00
0.0000000e+00
0.0000000e+00
0.0000000e+00
0.0000000e+00
0.0000000e+00
0.0000000e+00
0.0000000e+00
0.0000000e+00
0.0000000e+00
0.0000000e+00
0.0000000e+00
0.0000000e+00
0.0000000e+00
0.0000000e+00
0.0000000e+00
0.0000000e+00
0.0000000e+00
0.0000000e+00
0.0000000e+00
0.0000000e+00
0.0000000e+00
0.0000000e+00
0.0000000e+00
0.0000000e+00
0.0000000e+00
0.0000000e+00
0.0000000e+00
0.0000000e+00
0.0000000e+00
0.0000000e+00
0.0000000e+00
0.0000000e+00
0.0000000e+00
0.0000000e+00
0.0000000e+00
0.0000000e+00
0.0000000e+00
0.0000000e+00
0.0000000e+00
0.0000000e+00
0.0000000e+00
0.0000000e+00
0.0000000e+00
0.0000000e+00
0.0000000e+00
0.0000000e+00
0.0000000e+00
0.0000000e+00
0.0000000e+00
0.0000000e+00
0.0000000e+00
0.0000000e+00
0.0000000e+00
0.0000000e+00
0.0000000e+00
0.0000000e+00
0.0000000e+00
0.0000000e+00
0.0000000e+00
0.0000000e+00
0.0000000e+00
0.0000000e+00
0.0000000e+00
0.0000000e+00
0.0000000e+00
0.0000000e+00
0.0000000e+00
0.0000000e+00
0.0000000e+00
0.0000000e+00
0.0000000e+00
0.0000000e+00
0.0000000e+00
0.0000000e+00
0.0000000e+00
0.0000000e+00
0.0000000e+00
0.0000000e+00
0.0000000e+00
0.0000000e+00
0.0000000e+00
0.0000000e+00
0.0000000e+00
0.0000000e+00
0.0000000e+00
0.0000000e+00
0.0000000e+00
0.0000000e+00
0.0000000e+00
0.0000000e+00
0.0000000e+00
0.0000000e+00
0.0000000e+00
0.0000000e+00
0.0000000e+00
0.0000000e+00
0.0000000e+00
0.0000000e+00
0.0000000e+00
0.0000000e+00
0.0000000e+00
0.0000000e+00
0.0000000e+00
0.0000000e+00
0.0000000e+00
0.0000000e+00
0.0000000e+00
0.0000000e+00
0.0000000e+00
0.0000000e+00
0.0000000e+00
0.0000000e+00
0.0000000e+00
0.0000000e+00
0.0000000e+00
0.0000000e+00
0.0000000e+00
0.0000000e+00
0.0000000e+00
0.0000000e+00
0.0000000e+00
0.0000000e+00
0.0000000e+00
0.0000000e+00
0.0000000e+00
0.0000000e+00
0.0000000e+00
0.0000000e+00
0.0000000e+00
0.0000000e+00
0.0000000e+00
0.0000000e+00
0.0000000e+00
0.0000000e+00
0.0000000e+00
0.0000000e+00
0.0000000e+00
0.0000000e+00
0.0000000e+00
0.0000000e+00
0.0000000e+00
0.0000000e+00
0.0000000e+00
0.0000000e+00
0.0000000e+00
0.0000000e+00
0.0000000e+00
0.0000000e+00
0.0000000e+00
0.0000000e+00
0.0000000e+00
0.0000000e+00
0.0000000e+00
0.0000000e+00
0.0000000e+00
0.0000000e+00
0.0000000e+00
0.0000000e+00
0.0000000e+00
0.0000000e+00
0.0000000e+00
0.0000000e+00
0.0000000e+00
0.0000000e+00
0.0000000e+00
0.0000000e+00
0.0000000e+00
0.0000000e+00
0.0000000e+00
0.0000000e+00
0.0000000e+00
0.0000000e+00
0.0000000e+00
0.0000000e+00
0.0000000e+00
0.0000000e+00
0.0000000e+00
0.0000000e+00
0.0000000e+00
0.0000000e+00
0.0000000e+00
0.0000000e+00
0.0000000e+00
0.0000000e+00
0.0000000e+00
0.0000000e+00
0.0000000e+00
0.0000000e+00
0.0000000e+00
0.0000000e+00
0.0000000e+00
0.0000000e+00
0.0000000e+00
0.0000000e+00
0.0000000e+00
0.0000000e+00
0.0000000e+00
0.0000000e+00
0.0000000e+00
0.0000000e+00
0.0000000e+00
0.0000000e+00
0.0000000e+00
0.0000000e+00
0.0000000e+00
0.0000000e+00
0.0000000e+00
0.0000000e+00
0.0000000e+00
0.0000000e+00
0.0000000e+00
0.0000000e+00
0.0000000e+00
0.0000000e+00
0.0000000e+00
0.0000000e+00
0.0000000e+00
0.0000000e+00
0.0000000e+00
0.0000000e+00
0.0000000e+00
0.0000000e+00
0.0000000e+00
0.0000000e+00
0.0000000e+00
0.0000000e+00
0.0000000e+00
0.0000000e+00
0.0000000e+00
0.0000000e+00
0.0000000e+00
0.0000000e+00
0.0000000e+00
0.0000000e+00
0.0000000e+00
0.0000000e+00
0.0000000e+00
0.0000000e+00
0.0000000e+00
0.0000000e+00
0.0000000e+00
0.0000000e+00
0.0000000e+00
0.0000000e+00
0.0000000e+00
0.0000000e+00
0.0000000e+00
0.0000000e+00
0.0000000e+00
0.0000000e+00
0.0000000e+00
0.0000000e+00
0.0000000e+00
0.0000000e+00
0.0000000e+00
0.0000000e+00
0.0000000e+00
0.0000000e+00
0.0000000e+00
0.0000000e+00
0.0000000e+00
0.0000000e+00
0.0000000e+00
0.0000000e+00
0.0000000e+00
0.0000000e+00
0.0000000e+00
0.0000000e+00
0.0000000e+00
0.0000000e+00
0.0000000e+00
0.0000000e+00
0.0000000e+00
0.0000000e+00
0.0000000e+00
0.0000000e+00
0.0000000e+00
0.0000000e+00
0.0000000e+00
0.0000000e+00
0.0000000e+00
0.0000000e+00
0.0000000e+00
0.0000000e+00
0.0000000e+00
0.0000000e+00
0.0000000e+00
0.0000000e+00
0.0000000e+00
0.0000000e+00
0.0000000e+00
0.0000000e+00
0.0000000e+00
0.0000000e+00
0.0000000e+00
0.0000000e+00
0.0000000e+00
0.0000000e+00
0.0000000e+00
0.0000000e+00
0.0000000e+00
0.0000000e+00
0.0000000e+00
0.0000000e+00
0.0000000e+00
0.0000000e+00
0.0000000e+00
0.0000000e+00
0.0000000e+00
0.0000000e+00
0.0000000e+00
0.0000000e+00
0.0000000e+00
0.0000000e+00
0.0000000e+00
0.0000000e+00
0.0000000e+00
0.0000000e+00
0.0000000e+00
0.0000000e+00
0.0000000e+00
0.0000000e+00
0.0000000e+00
0.0000000e+00
0.0000000e+00
0.0000000e+00
0.0000000e+00
0.0000000e+00
0.0000000e+00
0.0000000e+00
0.0000000e+00
0.0000000e+00
0.0000000e+00
0.0000000e+00
0.0000000e+00
0.0000000e+00
0.0000000e+00
0.0000000e+00
0.0000000e+00
0.0000000e+00
0.0000000e+00
0.0000000e+00
0.0000000e+00
0.0000000e+00
0.0000000e+00
0.0000000e+00
0.0000000e+00
0.0000000e+00
0.0000000e+00
0.0000000e+00
0.0000000e+00
0.0000000e+00
0.0000000e+00
0.0000000e+00
0.0000000e+00
0.0000000e+00
0.0000000e+00
0.0000000e+00
0.0000000e+00
0.0000000e+00
0.0000000e+00
0.0000000e+00
0.0000000e+00
0.0000000e+00
0.0000000e+00
0.0000000e+00
0.0000000e+00
0.0000000e+00
0.0000000e+00
0.0000000e+00
0.0000000e+00
0.0000000e+00
0.0000000e+00
0.0000000e+00
0.0000000e+00
0.0000000e+00
0.0000000e+00
0.0000000e+00
0.0000000e+00
0.0000000e+00
0.0000000e+00
0.0000000e+00
0.0000000e+00
0.0000000e+00
0.0000000e+00
0.0000000e+00
0.0000000e+00
0.0000000e+00
0.0000000e+00
0.0000000e+00
0.0000000e+00
0.0000000e+00
0.0000000e+00
0.0000000e+00
0.0000000e+00
0.0000000e+00
0.0000000e+00
0.0000000e+00
0.0000000e+00
0.0000000e+00
0.0000000e+00
0.0000000e+00
0.0000000e+00
0.0000000e+00
0.0000000e+00
0.0000000e+00
0.0000000e+00
0.0000000e+00
0.0000000e+00
0.0000000e+00
0.0000000e+00
0.0000000e+00
0.0000000e+00
0.0000000e+00
0.0000000e+00
0.0000000e+00
0.0000000e+00
0.0000000e+00
0.0000000e+00
0.0000000e+00
0.0000000e+00
0.0000000e+00
0.0000000e+00
0.0000000e+00
0.0000000e+00
0.0000000e+00
0.0000000e+00
0.0000000e+00
0.0000000e+00
0.0000000e+00
0.0000000e+00
0.0000000e+00
0.0000000e+00
0.0000000e+00
0.0000000e+00
0.0000000e+00
0.0000000e+00
0.0000000e+00
0.0000000e+00
0.0000000e+00
0.0000000e+00
0.0000000e+00
0.0000000e+00
0.0000000e+00
0.0000000e+00
0.0000000e+00
0.0000000e+00
0.0000000e+00
0.0000000e+00
0.0000000e+00
0.0000000e+00
0.0000000e+00
0.0000000e+00
0.0000000e+00
0.0000000e+00
0.0000000e+00
0.0000000e+00
0.0000000e+00
0.0000000e+00
0.0000000e+00
0.0000000e+00
0.0000000e+00
0.0000000e+00
0.0000000e+00
0.0000000e+00
0.0000000e+00
0.0000000e+00
0.0000000e+00
0.0000000e+00
0.0000000e+00
0.0000000e+00
0.0000000e+00
0.0000000e+00
0.0000000e+00
0.0000000e+00
0.0000000e+00
0.0000000e+00
0.0000000e+00
0.0000000e+00
0.0000000e+00
0.0000000e+00
0.0000000e+00
0.0000000e+00
0.0000000e+00
0.0000000e+00
0.0000000e+00
0.0000000e+00
0.0000000e+00
0.0000000e+00
0.0000000e+00
0.0000000e+00
0.0000000e+00
0.0000000e+00
0.0000000e+00
0.0000000e+00
0.0000000e+00
0.0000000e+00
0.0000000e+00
0.0000000e+00
0.0000000e+00
0.0000000e+00
0.0000000e+00
0.0000000e+00
0.0000000e+00
0.0000000e+00
0.0000000e+00
0.0000000e+00
0.0000000e+00
0.0000000e+00
0.0000000e+00
0.0000000e+00
0.0000000e+00
0.0000000e+00
0.0000000e+00
0.0000000e+00
0.0000000e+00
0.0000000e+00
0.0000000e+00
0.0000000e+00
0.0000000e+00
0.0000000e+00
0.0000000e+00
0.0000000e+00
0.0000000e+00
0.0000000e+00
0.0000000e+00
0.0000000e+00
0.0000000e+00
0.0000000e+00
0.0000000e+00
0.0000000e+00
0.0000000e+00
0.0000000e+00
0.0000000e+00
0.0000000e+00
0.0000000e+00
0.0000000e+00
0.0000000e+00
0.0000000e+00
0.0000000e+00
0.0000000e+00
0.0000000e+00
0.0000000e+00
0.0000000e+00
0.0000000e+00
0.0000000e+00
0.0000000e+00
0.0000000e+00
0.0000000e+00
0.0000000e+00
0.0000000e+00
0.0000000e+00
0.0000000e+00
0.0000000e+00
0.0000000e+00
0.0000000e+00
0.0000000e+00
0.0000000e+00
0.0000000e+00
0.0000000e+00
0.0000000e+00
0.0000000e+00
0.0000000e+00
0.0000000e+00
0.0000000e+00
0.0000000e+00
0.0000000e+00
0.0000000e+00
0.0000000e+00
0.0000000e+00
0.0000000e+00
0.0000000e+00
0.0000000e+00
0.0000000e+00
0.0000000e+00
0.0000000e+00
0.0000000e+00
0.0000000e+00
0.0000000e+00
0.0000000e+00
0.0000000e+00
0.0000000e+00
0.0000000e+00
0.0000000e+00
0.0000000e+00
0.0000000e+00
0.0000000e+00
0.0000000e+00
0.0000000e+00
0.0000000e+00
0.0000000e+00
0.0000000e+00
0.0000000e+00
0.0000000e+00
0.0000000e+00
0.0000000e+00
0.0000000e+00
0.0000000e+00
0.0000000e+00
0.0000000e+00
0.0000000e+00
0.0000000e+00
0.0000000e+00
0.0000000e+00
0.0000000e+00
0.0000000e+00
0.0000000e+00
0.0000000e+00
0.0000000e+00
0.0000000e+00
0.0000000e+00
0.0000000e+00
0.0000000e+00
0.0000000e+00
0.0000000e+00
0.0000000e+00
0.0000000e+00
0.0000000e+00
0.0000000e+00
0.0000000e+00
0.0000000e+00
0.0000000e+00
0.0000000e+00
0.0000000e+00
0.0000000e+00
0.0000000e+00
0.0000000e+00
0.0000000e+00
0.0000000e+00
0.0000000e+00
0.0000000e+00
0.0000000e+00
0.0000000e+00
0.0000000e+00
0.0000000e+00
0.0000000e+00
0.0000000e+00
0.0000000e+00
0.0000000e+00
0.0000000e+00
0.0000000e+00
0.0000000e+00
0.0000000e+00
0.0000000e+00
0.0000000e+00
0.0000000e+00
0.0000000e+00
0.0000000e+00
0.0000000e+00
0.0000000e+00
0.0000000e+00
0.0000000e+00
0.0000000e+00
0.0000000e+00
0.0000000e+00
0.0000000e+00
0.0000000e+00
0.0000000e+00
0.0000000e+00
0.0000000e+00
0.0000000e+00
0.0000000e+00
0.0000000e+00
0.0000000e+00
0.0000000e+00
0.0000000e+00
0.0000000e+00
0.0000000e+00
0.0000000e+00
0.0000000e+00
0.0000000e+00
0.0000000e+00
0.0000000e+00
0.0000000e+00
0.0000000e+00
0.0000000e+00
0.0000000e+00
0.0000000e+00
0.0000000e+00
0.0000000e+00
0.0000000e+00
0.0000000e+00
0.0000000e+00
0.0000000e+00
0.0000000e+00
0.0000000e+00
0.0000000e+00
0.0000000e+00
0.0000000e+00
0.0000000e+00
0.0000000e+00
0.0000000e+00
0.0000000e+00
0.0000000e+00
0.0000000e+00
0.0000000e+00
0.0000000e+00
0.0000000e+00
0.0000000e+00
0.0000000e+00
0.0000000e+00
0.0000000e+00
0.0000000e+00
0.0000000e+00
0.0000000e+00
0.0000000e+00
0.0000000e+00
0.0000000e+00
0.0000000e+00
0.0000000e+00
0.0000000e+00
0.0000000e+00
0.0000000e+00
0.0000000e+00
0.0000000e+00
0.0000000e+00
0.0000000e+00
0.0000000e+00
0.0000000e+00
0.0000000e+00
0.0000000e+00
0.0000000e+00
0.0000000e+00
0.0000000e+00
0.0000000e+00
0.0000000e+00
0.0000000e+00
0.0000000e+00
0.0000000e+00
0.0000000e+00
0.0000000e+00
0.0000000e+00
0.0000000e+00
0.0000000e+00
0.0000000e+00
0.0000000e+00
0.0000000e+00
0.0000000e+00
0.0000000e+00
0.0000000e+00
0.0000000e+00
0.0000000e+00
0.0000000e+00
0.0000000e+00
0.0000000e+00
0.0000000e+00
0.0000000e+00
0.0000000e+00
0.0000000e+00
0.0000000e+00
0.0000000e+00
0.0000000e+00
0.0000000e+00
0.0000000e+00
0.0000000e+00
0.0000000e+00
0.0000000e+00
0.0000000e+00
0.0000000e+00
0.0000000e+00
0.0000000e+00
0.0000000e+00
0.0000000e+00
0.0000000e+00
0.0000000e+00
0.0000000e+00
0.0000000e+00
0.0000000e+00
0.0000000e+00
0.0000000e+00
0.0000000e+00
0.0000000e+00
0.0000000e+00
0.0000000e+00
0.0000000e+00
0.0000000e+00
0.0000000e+00
0.0000000e+00
0.0000000e+00
0.0000000e+00
0.0000000e+00
0.0000000e+00
0.0000000e+00
0.0000000e+00
0.0000000e+00
0.0000000e+00
0.0000000e+00
0.0000000e+00
0.0000000e+00
0.0000000e+00
0.0000000e+00
0.0000000e+00
0.0000000e+00
0.0000000e+00
0.0000000e+00
0.0000000e+00
0.0000000e+00
0.0000000e+00
0.0000000e+00
0.0000000e+00
0.0000000e+00
0.0000000e+00
0.0000000e+00
0.0000000e+00
0.0000000e+00
0.0000000e+00
0.0000000e+00
0.0000000e+00
0.0000000e+00
0.0000000e+00
0.0000000e+00
0.0000000e+00
0.0000000e+00
0.0000000e+00
0.0000000e+00
0.0000000e+00
0.0000000e+00
0.0000000e+00
0.0000000e+00
0.0000000e+00
0.0000000e+00
0.0000000e+00
0.0000000e+00
0.0000000e+00
0.0000000e+00
0.0000000e+00
0.0000000e+00
0.0000000e+00
0.0000000e+00
0.0000000e+00
0.0000000e+00
0.0000000e+00
0.0000000e+00
0.0000000e+00
0.0000000e+00
0.0000000e+00
0.0000000e+00
0.0000000e+00
0.0000000e+00
0.0000000e+00
0.0000000e+00
0.0000000e+00
0.0000000e+00
0.0000000e+00
0.0000000e+00
0.0000000e+00
0.0000000e+00
0.0000000e+00
0.0000000e+00
0.0000000e+00
0.0000000e+00
0.0000000e+00
0.0000000e+00
0.0000000e+00
0.0000000e+00
0.0000000e+00
0.0000000e+00
0.0000000e+00
0.0000000e+00
0.0000000e+00
0.0000000e+00
0.0000000e+00
0.0000000e+00
0.0000000e+00
0.0000000e+00
0.0000000e+00
0.0000000e+00
0.0000000e+00
0.0000000e+00
0.0000000e+00
0.0000000e+00
0.0000000e+00
0.0000000e+00
0.0000000e+00
0.0000000e+00
0.0000000e+00
0.0000000e+00
0.0000000e+00
0.0000000e+00
0.0000000e+00
0.0000000e+00
0.0000000e+00
0.0000000e+00
0.0000000e+00
0.0000000e+00
0.0000000e+00
0.0000000e+00
0.0000000e+00
0.0000000e+00
0.0000000e+00
0.0000000e+00
0.0000000e+00
0.0000000e+00
0.0000000e+00
0.0000000e+00
0.0000000e+00
0.0000000e+00
0.0000000e+00
0.0000000e+00
0.0000000e+00
0.0000000e+00
0.0000000e+00
0.0000000e+00
0.0000000e+00
0.0000000e+00
0.0000000e+00
0.0000000e+00
0.0000000e+00
0.0000000e+00
0.0000000e+00
0.0000000e+00
0.0000000e+00
0.0000000e+00
0.0000000e+00
0.0000000e+00
0.0000000e+00
0.0000000e+00
0.0000000e+00
0.0000000e+00
0.0000000e+00
0.0000000e+00
0.0000000e+00
0.0000000e+00
0.0000000e+00
0.0000000e+00
0.0000000e+00
0.0000000e+00
0.0000000e+00
0.0000000e+00
0.0000000e+00
0.0000000e+00
0.0000000e+00
0.0000000e+00
0.0000000e+00
0.0000000e+00
0.0000000e+00
0.0000000e+00
0.0000000e+00
0.0000000e+00
0.0000000e+00
0.0000000e+00
0.0000000e+00
0.0000000e+00
0.0000000e+00
0.0000000e+00
0.0000000e+00
0.0000000e+00
0.0000000e+00
0.0000000e+00
0.0000000e+00
0.0000000e+00
0.0000000e+00
0.0000000e+00
0.0000000e+00
0.0000000e+00
0.0000000e+00
0.0000000e+00
0.0000000e+00
0.0000000e+00
0.0000000e+00
0.0000000e+00
0.0000000e+00
0.0000000e+00
0.0000000e+00
0.0000000e+00
0.0000000e+00
0.0000000e+00
0.0000000e+00
0.0000000e+00
0.0000000e+00
0.0000000e+00
0.0000000e+00
0.0000000e+00
0.0000000e+00
0.0000000e+00
0.0000000e+00
0.0000000e+00
0.0000000e+00
0.0000000e+00
0.0000000e+00
0.0000000e+00
0.0000000e+00
0.0000000e+00
0.0000000e+00
0.0000000e+00
0.0000000e+00
0.0000000e+00
0.0000000e+00
0.0000000e+00
0.0000000e+00
0.0000000e+00
0.0000000e+00
0.0000000e+00
0.0000000e+00
0.0000000e+00
0.0000000e+00
0.0000000e+00
0.0000000e+00
0.0000000e+00
0.0000000e+00
0.0000000e+00
0.0000000e+00
0.0000000e+00
0.0000000e+00
0.0000000e+00
0.0000000e+00
0.0000000e+00
0.0000000e+00
0.0000000e+00
0.0000000e+00
0.0000000e+00
0.0000000e+00
0.0000000e+00
0.0000000e+00
0.0000000e+00
0.0000000e+00
0.0000000e+00
0.0000000e+00
0.0000000e+00
0.0000000e+00
0.0000000e+00
0.0000000e+00
0.0000000e+00
0.0000000e+00
0.0000000e+00
0.0000000e+00
0.0000000e+00
0.0000000e+00
0.0000000e+00
0.0000000e+00
0.0000000e+00
0.0000000e+00
0.0000000e+00
0.0000000e+00
0.0000000e+00
0.0000000e+00
0.0000000e+00
0.0000000e+00
0.0000000e+00
0.0000000e+00
0.0000000e+00
0.0000000e+00
0.0000000e+00
0.0000000e+00
0.0000000e+00
0.0000000e+00
0.0000000e+00
0.0000000e+00
0.0000000e+00
0.0000000e+00
0.0000000e+00
0.0000000e+00
0.0000000e+00
0.0000000e+00
0.0000000e+00
0.0000000e+00
0.0000000e+00
0.0000000e+00
0.0000000e+00
0.0000000e+00
0.0000000e+00
0.0000000e+00
0.0000000e+00
0.0000000e+00
0.0000000e+00
0.0000000e+00
0.0000000e+00
0.0000000e+00
0.0000000e+00
0.0000000e+00
0.0000000e+00
0.0000000e+00
0.0000000e+00
0.0000000e+00
0.0000000e+00
0.0000000e+00
0.0000000e+00
0.0000000e+00
0.0000000e+00
0.0000000e+00
0.0000000e+00
0.0000000e+00
0.0000000e+00
0.0000000e+00
0.0000000e+00
0.0000000e+00
0.0000000e+00
0.0000000e+00
0.0000000e+00
0.0000000e+00
0.0000000e+00
0.0000000e+00
0.0000000e+00
0.0000000e+00
0.0000000e+00
0.0000000e+00
0.0000000e+00
0.0000000e+00
0.0000000e+00
0.0000000e+00
0.0000000e+00
0.0000000e+00
0.0000000e+00
0.0000000e+00
0.0000000e+00
0.0000000e+00
0.0000000e+00
0.0000000e+00
0.0000000e+00
0.0000000e+00
0.0000000e+00
0.0000000e+00
0.0000000e+00
0.0000000e+00
0.0000000e+00
0.0000000e+00
0.0000000e+00
0.0000000e+00
0.0000000e+00
0.0000000e+00
0.0000000e+00
0.0000000e+00
0.0000000e+00
0.0000000e+00
0.0000000e+00
0.0000000e+00
0.0000000e+00
0.0000000e+00
0.0000000e+00
0.0000000e+00
0.0000000e+00
0.0000000e+00
0.0000000e+00
0.0000000e+00
0.0000000e+00
0.0000000e+00
0.0000000e+00
0.0000000e+00
0.0000000e+00
0.0000000e+00
0.0000000e+00
0.0000000e+00
0.0000000e+00
0.0000000e+00
0.0000000e+00
0.0000000e+00
0.0000000e+00
0.0000000e+00
0.0000000e+00
0.0000000e+00
0.0000000e+00
0.0000000e+00
0.0000000e+00
0.0000000e+00
0.0000000e+00
0.0000000e+00
0.0000000e+00
0.0000000e+00
0.0000000e+00
0.0000000e+00
0.0000000e+00
0.0000000e+00
0.0000000e+00
0.0000000e+00
0.0000000e+00
0.0000000e+00
0.0000000e+00
0.0000000e+00
0.0000000e+00
0.0000000e+00
0.0000000e+00
0.0000000e+00
0.0000000e+00
0.0000000e+00
0.0000000e+00
0.0000000e+00
0.0000000e+00
0.0000000e+00
0.0000000e+00
0.0000000e+00
0.0000000e+00
0.0000000e+00
0.0000000e+00
0.0000000e+00
0.0000000e+00
0.0000000e+00
0.0000000e+00
0.0000000e+00
0.0000000e+00
0.0000000e+00
0.0000000e+00
0.0000000e+00
0.0000000e+00
0.0000000e+00
0.0000000e+00
0.0000000e+00
0.0000000e+00
0.0000000e+00
0.0000000e+00
0.0000000e+00
0.0000000e+00
0.0000000e+00
0.0000000e+00
0.0000000e+00
0.0000000e+00
0.0000000e+00
0.0000000e+00
0.0000000e+00
0.0000000e+00
0.0000000e+00
0.0000000e+00
0.0000000e+00
0.0000000e+00
0.0000000e+00
0.0000000e+00
0.0000000e+00
0.0000000e+00
0.0000000e+00
0.0000000e+00
0.0000000e+00
0.0000000e+00
0.0000000e+00
0.0000000e+00
0.0000000e+00
0.0000000e+00
0.0000000e+00
0.0000000e+00
0.0000000e+00
0.0000000e+00
0.0000000e+00
0.0000000e+00
0.0000000e+00
0.0000000e+00
0.0000000e+00
0.0000000e+00
0.0000000e+00
0.0000000e+00
0.0000000e+00
0.0000000e+00
0.0000000e+00
0.0000000e+00
0.0000000e+00
0.0000000e+00
0.0000000e+00
0.0000000e+00
0.0000000e+00
0.0000000e+00
0.0000000e+00
0.0000000e+00
0.0000000e+00
0.0000000e+00
0.0000000e+00
0.0000000e+00
0.0000000e+00
0.0000000e+00
0.0000000e+00
0.0000000e+00
0.0000000e+00
0.0000000e+00
0.0000000e+00
0.0000000e+00
0.0000000e+00
0.0000000e+00
0.0000000e+00
0.0000000e+00
0.0000000e+00
0.0000000e+00
0.0000000e+00
0.0000000e+00
0.0000000e+00
0.0000000e+00
0.0000000e+00
0.0000000e+00
0.0000000e+00
0.0000000e+00
0.0000000e+00
0.0000000e+00
0.0000000e+00
0.0000000e+00
0.0000000e+00
0.0000000e+00
0.0000000e+00
0.0000000e+00
0.0000000e+00
0.0000000e+00
0.0000000e+00
0.0000000e+00
0.0000000e+00
0.0000000e+00
0.0000000e+00
0.0000000e+00
0.0000000e+00
0.0000000e+00
0.0000000e+00
0.0000000e+00
0.0000000e+00
0.0000000e+00
0.0000000e+00
0.0000000e+00
0.0000000e+00
0.0000000e+00
0.0000000e+00
0.0000000e+00
0.0000000e+00
0.0000000e+00
0.0000000e+00
0.0000000e+00
0.0000000e+00
0.0000000e+00
0.0000000e+00
0.0000000e+00
0.0000000e+00
0.0000000e+00
0.0000000e+00
0.0000000e+00
0.0000000e+00
0.0000000e+00
0.0000000e+00
0.0000000e+00
0.0000000e+00
0.0000000e+00
0.0000000e+00
0.0000000e+00
0.0000000e+00
0.0000000e+00
0.0000000e+00
0.0000000e+00
0.0000000e+00
0.0000000e+00
0.0000000e+00
0.0000000e+00
0.0000000e+00
0.0000000e+00
0.0000000e+00
0.0000000e+00
0.0000000e+00
0.0000000e+00
0.0000000e+00
0.0000000e+00
0.0000000e+00
0.0000000e+00
0.0000000e+00
0.0000000e+00
0.0000000e+00
0.0000000e+00
0.0000000e+00
0.0000000e+00
0.0000000e+00
0.0000000e+00
0.0000000e+00
0.0000000e+00
0.0000000e+00
0.0000000e+00
0.0000000e+00
0.0000000e+00
0.0000000e+00
0.0000000e+00
0.0000000e+00
0.0000000e+00
0.0000000e+00
0.0000000e+00
0.0000000e+00
0.0000000e+00
0.0000000e+00
0.0000000e+00
0.0000000e+00
0.0000000e+00
0.0000000e+00
0.0000000e+00
0.0000000e+00
0.0000000e+00
0.0000000e+00
0.0000000e+00
0.0000000e+00
0.0000000e+00
0.0000000e+00
0.0000000e+00
0.0000000e+00
0.0000000e+00
0.0000000e+00
0.0000000e+00
0.0000000e+00
0.0000000e+00
0.0000000e+00
0.0000000e+00
0.0000000e+00
0.0000000e+00
0.0000000e+00
0.0000000e+00
0.0000000e+00
0.0000000e+00
0.0000000e+00
0.0000000e+00
0.0000000e+00
0.0000000e+00
0.0000000e+00
0.0000000e+00
0.0000000e+00
0.0000000e+00
0.0000000e+00
0.0000000e+00
0.0000000e+00
0.0000000e+00
0.0000000e+00
0.0000000e+00
0.0000000e+00
0.0000000e+00
0.0000000e+00
0.0000000e+00
0.0000000e+00
0.0000000e+00
0.0000000e+00
0.0000000e+00
0.0000000e+00
0.0000000e+00
0.0000000e+00
0.0000000e+00
0.0000000e+00
0.0000000e+00
0.0000000e+00
0.0000000e+00
0.0000000e+00
0.0000000e+00
0.0000000e+00
0.0000000e+00
0.0000000e+00
0.0000000e+00
0.0000000e+00
0.0000000e+00
0.0000000e+00
0.0000000e+00
0.0000000e+00
0.0000000e+00
0.0000000e+00
0.0000000e+00
0.0000000e+00
0.0000000e+00
0.0000000e+00
0.0000000e+00
0.0000000e+00
0.0000000e+00
0.0000000e+00
0.0000000e+00
0.0000000e+00
0.0000000e+00
0.0000000e+00
0.0000000e+00
0.0000000e+00
0.0000000e+00
0.0000000e+00
0.0000000e+00
0.0000000e+00
0.0000000e+00
0.0000000e+00
0.0000000e+00
0.0000000e+00
0.0000000e+00
0.0000000e+00
0.0000000e+00
0.0000000e+00
0.0000000e+00
0.0000000e+00
0.0000000e+00
0.0000000e+00
0.0000000e+00
0.0000000e+00
0.0000000e+00
0.0000000e+00
0.0000000e+00
0.0000000e+00
0.0000000e+00
0.0000000e+00
0.0000000e+00
0.0000000e+00
0.0000000e+00
0.0000000e+00
0.0000000e+00
0.0000000e+00
0.0000000e+00
0.0000000e+00
0.0000000e+00
0.0000000e+00
0.0000000e+00
0.0000000e+00
0.0000000e+00
0.0000000e+00
0.0000000e+00
0.0000000e+00
0.0000000e+00
0.0000000e+00
0.0000000e+00
0.0000000e+00
0.0000000e+00
0.0000000e+00
0.0000000e+00
0.0000000e+00
0.0000000e+00
0.0000000e+00
0.0000000e+00
0.0000000e+00
0.0000000e+00
0.0000000e+00
0.0000000e+00
0.0000000e+00
0.0000000e+00
0.0000000e+00
0.0000000e+00
0.0000000e+00
0.0000000e+00
0.0000000e+00
0.0000000e+00
0.0000000e+00
0.0000000e+00
0.0000000e+00
0.0000000e+00
0.0000000e+00
0.0000000e+00
0.0000000e+00
0.0000000e+00
0.0000000e+00
0.0000000e+00
0.0000000e+00
0.0000000e+00
0.0000000e+00
0.0000000e+00
0.0000000e+00
0.0000000e+00
0.0000000e+00
0.0000000e+00
0.0000000e+00
0.0000000e+00
0.0000000e+00
0.0000000e+00
0.0000000e+00
0.0000000e+00
0.0000000e+00
0.0000000e+00
0.0000000e+00
0.0000000e+00
0.0000000e+00
0.0000000e+00
0.0000000e+00
0.0000000e+00
0.0000000e+00
0.0000000e+00
0.0000000e+00
0.0000000e+00
0.0000000e+00
0.0000000e+00
0.0000000e+00
0.0000000e+00
0.0000000e+00
0.0000000e+00
0.0000000e+00
0.0000000e+00
0.0000000e+00
0.0000000e+00
0.0000000e+00
0.0000000e+00
0.0000000e+00
0.0000000e+00
0.0000000e+00
0.0000000e+00
0.0000000e+00
0.0000000e+00
0.0000000e+00
0.0000000e+00
0.0000000e+00
0.0000000e+00
0.0000000e+00
0.0000000e+00
0.0000000e+00
0.0000000e+00
0.0000000e+00
0.0000000e+00
0.0000000e+00
0.0000000e+00
0.0000000e+00
0.0000000e+00
0.0000000e+00
0.0000000e+00
0.0000000e+00
0.0000000e+00
0.0000000e+00
0.0000000e+00
0.0000000e+00
0.0000000e+00
0.0000000e+00
0.0000000e+00
0.0000000e+00
0.0000000e+00
0.0000000e+00
0.0000000e+00
0.0000000e+00
0.0000000e+00
0.0000000e+00
0.0000000e+00
0.0000000e+00
0.0000000e+00
0.0000000e+00
0.0000000e+00
0.0000000e+00
0.0000000e+00
0.0000000e+00
0.0000000e+00
0.0000000e+00
0.0000000e+00
0.0000000e+00
0.0000000e+00
0.0000000e+00
0.0000000e+00
0.0000000e+00
0.0000000e+00
0.0000000e+00
0.0000000e+00
0.0000000e+00
0.0000000e+00
0.0000000e+00
0.0000000e+00
0.0000000e+00
0.0000000e+00
0.0000000e+00
0.0000000e+00
0.0000000e+00
0.0000000e+00
0.0000000e+00
0.0000000e+00
0.0000000e+00
0.0000000e+00
0.0000000e+00
0.0000000e+00
0.0000000e+00
0.0000000e+00
0.0000000e+00
0.0000000e+00
0.0000000e+00
0.0000000e+00
0.0000000e+00
0.0000000e+00
0.0000000e+00
0.0000000e+00
0.0000000e+00
0.0000000e+00
0.0000000e+00
0.0000000e+00
0.0000000e+00
0.0000000e+00
0.0000000e+00
0.0000000e+00
0.0000000e+00
0.0000000e+00
0.0000000e+00
0.0000000e+00
0.0000000e+00
0.0000000e+00
0.0000000e+00
0.0000000e+00
0.0000000e+00
0.0000000e+00
0.0000000e+00
0.0000000e+00
0.0000000e+00
0.0000000e+00
0.0000000e+00
0.0000000e+00
0.0000000e+00
0.0000000e+00
0.0000000e+00
0.0000000e+00
0.0000000e+00
0.0000000e+00
0.0000000e+00
0.0000000e+00
0.0000000e+00
0.0000000e+00
0.0000000e+00
0.0000000e+00
0.0000000e+00
0.0000000e+00
0.0000000e+00
0.0000000e+00
0.0000000e+00
0.0000000e+00
0.0000000e+00
0.0000000e+00
0.0000000e+00
0.0000000e+00
0.0000000e+00
0.0000000e+00
0.0000000e+00
0.0000000e+00
0.0000000e+00
0.0000000e+00
0.0000000e+00
0.0000000e+00
0.0000000e+00
0.0000000e+00
0.0000000e+00
0.0000000e+00
0.0000000e+00
0.0000000e+00
0.0000000e+00
0.0000000e+00
0.0000000e+00
0.0000000e+00
0.0000000e+00
0.0000000e+00
0.0000000e+00
0.0000000e+00
0.0000000e+00
0.0000000e+00
0.0000000e+00
0.0000000e+00
0.0000000e+00
0.0000000e+00
0.0000000e+00
0.0000000e+00
0.0000000e+00
0.0000000e+00
0.0000000e+00
0.0000000e+00
0.0000000e+00
0.0000000e+00
0.0000000e+00
0.0000000e+00
0.0000000e+00
0.0000000e+00
0.0000000e+00
0.0000000e+00
0.0000000e+00
0.0000000e+00
0.0000000e+00
0.0000000e+00
0.0000000e+00
0.0000000e+00
0.0000000e+00
0.0000000e+00
0.0000000e+00
0.0000000e+00
0.0000000e+00
0.0000000e+00
0.0000000e+00
0.0000000e+00
0.0000000e+00
0.0000000e+00
0.0000000e+00
0.0000000e+00
0.0000000e+00
0.0000000e+00
0.0000000e+00
0.0000000e+00
0.0000000e+00
0.0000000e+00
0.0000000e+00
0.0000000e+00
0.0000000e+00
0.0000000e+00
0.0000000e+00
0.0000000e+00
0.0000000e+00
0.0000000e+00
0.0000000e+00
0.0000000e+00
0.0000000e+00
0.0000000e+00
0.0000000e+00
0.0000000e+00
0.0000000e+00
0.0000000e+00
0.0000000e+00
0.0000000e+00
0.0000000e+00
0.0000000e+00
0.0000000e+00
0.0000000e+00
0.0000000e+00
0.0000000e+00
0.0000000e+00
0.0000000e+00
0.0000000e+00
0.0000000e+00
0.0000000e+00
0.0000000e+00
0.0000000e+00
0.0000000e+00
0.0000000e+00
0.0000000e+00
0.0000000e+00
0.0000000e+00
0.0000000e+00
0.0000000e+00
0.0000000e+00
0.0000000e+00
0.0000000e+00
0.0000000e+00
0.0000000e+00
0.0000000e+00
0.0000000e+00
0.0000000e+00
0.0000000e+00
0.0000000e+00
0.0000000e+00
0.0000000e+00
0.0000000e+00
0.0000000e+00
0.0000000e+00
0.0000000e+00
0.0000000e+00
0.0000000e+00
0.0000000e+00
0.0000000e+00
0.0000000e+00
0.0000000e+00
0.0000000e+00
0.0000000e+00
0.0000000e+00
0.0000000e+00
0.0000000e+00
0.0000000e+00
0.0000000e+00
0.0000000e+00
0.0000000e+00
0.0000000e+00
0.0000000e+00
0.0000000e+00
0.0000000e+00
0.0000000e+00
0.0000000e+00
0.0000000e+00
0.0000000e+00
0.0000000e+00
0.0000000e+00
0.0000000e+00
0.0000000e+00
0.0000000e+00
0.0000000e+00
0.0000000e+00
0.0000000e+00
0.0000000e+00
0.0000000e+00
0.0000000e+00
0.0000000e+00
0.0000000e+00
0.0000000e+00
0.0000000e+00
0.0000000e+00
0.0000000e+00
0.0000000e+00
0.0000000e+00
0.0000000e+00
0.0000000e+00
0.0000000e+00
0.0000000e+00
0.0000000e+00
0.0000000e+00
0.0000000e+00
0.0000000e+00
0.0000000e+00
0.0000000e+00
0.0000000e+00
0.0000000e+00
0.0000000e+00
0.0000000e+00
0.0000000e+00
0.0000000e+00
0.0000000e+00
0.0000000e+00
0.0000000e+00
0.0000000e+00
0.0000000e+00
0.0000000e+00
0.0000000e+00
0.0000000e+00
0.0000000e+00
0.0000000e+00
0.0000000e+00
0.0000000e+00
0.0000000e+00
0.0000000e+00
0.0000000e+00
0.0000000e+00
0.0000000e+00
0.0000000e+00
0.0000000e+00
0.0000000e+00
0.0000000e+00
0.0000000e+00
0.0000000e+00
0.0000000e+00
0.0000000e+00
0.0000000e+00
0.0000000e+00
0.0000000e+00
0.0000000e+00
0.0000000e+00
0.0000000e+00
0.0000000e+00
0.0000000e+00
0.0000000e+00
0.0000000e+00
0.0000000e+00
0.0000000e+00
0.0000000e+00
0.0000000e+00
0.0000000e+00
0.0000000e+00
0.0000000e+00
0.0000000e+00
0.0000000e+00
0.0000000e+00
0.0000000e+00
0.0000000e+00
0.0000000e+00
0.0000000e+00
VOLUMETRIC_STRAIN 1 4225  float
0.0000000e+00
0.0000000e+00
0.0000000e+00
0.0000000e+00
0.0000000e+00
0.0000000e+00
0.0000000e+00
0.0000000e+00
0.0000000e+00
0.0000000e+00
0.0000000e+00
0.0000000e+00
0.0000000e+00
0.0000000e+00
0.0000000e+00
0.0000000e+00
0.0000000e+00
0.0000000e+00
0.0000000e+00
0.0000000e+00
0.0000000e+00
0.0000000e+00
0.0000000e+00
0.0000000e+00
0.0000000e+00
0.0000000e+00
0.0000000e+00
0.0000000e+00
0.0000000e+00
0.0000000e+00
0.0000000e+00
0.0000000e+00
0.0000000e+00
0.0000000e+00
0.0000000e+00
0.0000000e+00
0.0000000e+00
0.0000000e+00
0.0000000e+00
0.0000000e+00
0.0000000e+00
0.0000000e+00
0.0000000e+00
0.0000000e+00
0.0000000e+00
0.0000000e+00
0.0000000e+00
0.0000000e+00
0.0000000e+00
0.0000000e+00
0.0000000e+00
0.0000000e+00
0.0000000e+00
0.0000000e+00
0.0000000e+00
0.0000000e+00
0.0000000e+00
0.0000000e+00
0.0000000e+00
0.0000000e+00
0.0000000e+00
0.0000000e+00
0.0000000e+00
0.0000000e+00
0.0000000e+00
0.0000000e+00
0.0000000e+00
0.0000000e+00
0.0000000e+00
0.0000000e+00
0.0000000e+00
0.0000000e+00
0.0000000e+00
0.0000000e+00
0.0000000e+00
0.0000000e+00
0.0000000e+00
0.0000000e+00
0.0000000e+00
0.0000000e+00
0.0000000e+00
0.0000000e+00
0.0000000e+00
0.0000000e+00
0.0000000e+00
0.0000000e+00
0.0000000e+00
0.0000000e+00
0.0000000e+00
0.0000000e+00
0.0000000e+00
0.0000000e+00
0.0000000e+00
0.0000000e+00
0.0000000e+00
0.0000000e+00
0.0000000e+00
0.0000000e+00
0.0000000e+00
0.0000000e+00
0.0000000e+00
0.0000000e+00
0.0000000e+00
0.0000000e+00
0.0000000e+00
0.0000000e+00
0.0000000e+00
0.0000000e+00
0.0000000e+00
0.0000000e+00
0.0000000e+00
0.0000000e+00
0.0000000e+00
0.0000000e+00
0.0000000e+00
0.0000000e+00
0.0000000e+00
0.0000000e+00
0.0000000e+00
0.0000000e+00
0.0000000e+00
0.0000000e+00
0.0000000e+00
0.0000000e+00
0.0000000e+00
0.0000000e+00
0.0000000e+00
0.0000000e+00
0.0000000e+00
0.0000000e+00
0.0000000e+00
0.0000000e+00
0.0000000e+00
0.0000000e+00
0.0000000e+00
0.0000000e+00
0.0000000e+00
0.0000000e+00
0.0000000e+00
0.0000000e+00
0.0000000e+00
0.0000000e+00
0.0000000e+00
0.0000000e+00
0.0000000e+00
0.0000000e+00
0.0000000e+00
0.0000000e+00
0.0000000e+00
0.0000000e+00
0.0000000e+00
0.0000000e+00
0.0000000e+00
0.0000000e+00
0.0000000e+00
0.0000000e+00
0.0000000e+00
0.0000000e+00
0.0000000e+00
0.0000000e+00
0.0000000e+00
0.0000000e+00
0.0000000e+00
0.0000000e+00
0.0000000e+00
0.0000000e+00
0.0000000e+00
0.0000000e+00
0.0000000e+00
0.0000000e+00
0.0000000e+00
0.0000000e+00
0.0000000e+00
0.0000000e+00
0.0000000e+00
0.0000000e+00
0.0000000e+00
0.0000000e+00
0.0000000e+00
0.0000000e+00
0.0000000e+00
0.0000000e+00
0.0000000e+00
0.0000000e+00
0.0000000e+00
0.0000000e+00
0.0000000e+00
0.0000000e+00
0.0000000e+00
0.0000000e+00
0.0000000e+00
0.0000000e+00
0.0000000e+00
0.0000000e+00
0.0000000e+00
0.0000000e+00
0.0000000e+00
0.0000000e+00
0.0000000e+00
0.0000000e+00
0.0000000e+00
0.0000000e+00
0.0000000e+00
0.0000000e+00
0.0000000e+00
0.0000000e+00
0.0000000e+00
0.0000000e+00
0.0000000e+00
0.0000000e+00
0.0000000e+00
0.0000000e+00
0.0000000e+00
0.0000000e+00
0.0000000e+00
0.0000000e+00
0.0000000e+00
0.0000000e+00
0.0000000e+00
0.0000000e+00
0.0000000e+00
0.0000000e+00
0.0000000e+00
0.0000000e+00
0.0000000e+00
0.0000000e+00
0.0000000e+00
0.0000000e+00
0.0000000e+00
0.0000000e+00
0.0000000e+00
0.0000000e+00
0.0000000e+00
0.0000000e+00
0.0000000e+00
0.0000000e+00
0.0000000e+00
0.0000000e+00
0.0000000e+00
0.0000000e+00
0.0000000e+00
0.0000000e+00
0.0000000e+00
0.0000000e+00
0.0000000e+00
0.0000000e+00
0.0000000e+00
0.0000000e+00
0.0000000e+00
0.0000000e+00
0.0000000e+00
0.0000000e+00
0.0000000e+00
0.0000000e+00
0.0000000e+00
0.0000000e+00
0.0000000e+00
0.0000000e+00
0.0000000e+00
0.0000000e+00
0.0000000e+00
0.0000000e+00
0.0000000e+00
0.0000000e+00
0.0000000e+00
0.0000000e+00
0.0000000e+00
0.0000000e+00
0.0000000e+00
0.0000000e+00
0.0000000e+00
0.0000000e+00
0.0000000e+00
0.0000000e+00
0.0000000e+00
0.0000000e+00
0.0000000e+00
0.0000000e+00
0.0000000e+00
0.0000000e+00
0.0000000e+00
0.0000000e+00
0.0000000e+00
0.0000000e+00
0.0000000e+00
0.0000000e+00
0.0000000e+00
0.0000000e+00
0.0000000e+00
0.0000000e+00
0.0000000e+00
0.0000000e+00
0.0000000e+00
0.0000000e+00
0.0000000e+00
0.0000000e+00
0.0000000e+00
0.0000000e+00
0.0000000e+00
0.0000000e+00
0.0000000e+00
0.0000000e+00
0.0000000e+00
0.0000000e+00
0.0000000e+00
0.0000000e+00
0.0000000e+00
0.0000000e+00
0.0000000e+00
0.0000000e+00
0.0000000e+00
0.0000000e+00
0.0000000e+00
0.0000000e+00
0.0000000e+00
0.0000000e+00
0.0000000e+00
0.0000000e+00
0.0000000e+00
0.0000000e+00
0.0000000e+00
0.0000000e+00
0.0000000e+00
0.0000000e+00
0.0000000e+00
0.0000000e+00
0.0000000e+00
0.0000000e+00
0.0000000e+00
0.0000000e+00
0.0000000e+00
0.0000000e+00
0.0000000e+00
0.0000000e+00
0.0000000e+00
0.0000000e+00
0.0000000e+00
0.0000000e+00
0.0000000e+00
0.0000000e+00
0.0000000e+00
0.0000000e+00
0.0000000e+00
0.0000000e+00
0.0000000e+00
0.0000000e+00
0.0000000e+00
0.0000000e+00
0.0000000e+00
0.0000000e+00
0.0000000e+00
0.0000000e+00
0.0000000e+00
0.0000000e+00
0.0000000e+00
0.0000000e+00
0.0000000e+00
0.0000000e+00
0.0000000e+00
0.0000000e+00
0.0000000e+00
0.0000000e+00
0.0000000e+00
0.0000000e+00
0.0000000e+00
0.0000000e+00
0.0000000e+00
0.0000000e+00
0.0000000e+00
0.0000000e+00
0.0000000e+00
0.0000000e+00
0.0000000e+00
0.0000000e+00
0.0000000e+00
0.0000000e+00
0.0000000e+00
0.0000000e+00
0.0000000e+00
0.0000000e+00
0.0000000e+00
0.0000000e+00
0.0000000e+00
0.0000000e+00
0.0000000e+00
0.0000000e+00
0.0000000e+00
0.0000000e+00
0.0000000e+00
0.0000000e+00
0.0000000e+00
0.0000000e+00
0.0000000e+00
0.0000000e+00
0.0000000e+00
0.0000000e+00
0.0000000e+00
0.0000000e+00
0.0000000e+00
0.0000000e+00
0.0000000e+00
0.0000000e+00
0.0000000e+00
0.0000000e+00
0.0000000e+00
0.0000000e+00
0.0000000e+00
0.0000000e+00
0.0000000e+00
0.0000000e+00
0.0000000e+00
0.0000000e+00
0.0000000e+00
0.0000000e+00
0.0000000e+00
0.0000000e+00
0.0000000e+00
0.0000000e+00
0.0000000e+00
0.0000000e+00
0.0000000e+00
0.0000000e+00
0.0000000e+00
0.0000000e+00
0.0000000e+00
0.0000000e+00
0.0000000e+00
0.0000000e+00
0.0000000e+00
0.0000000e+00
0.0000000e+00
0.0000000e+00
0.0000000e+00
0.0000000e+00
0.0000000e+00
0.0000000e+00
0.0000000e+00
0.0000000e+00
0.0000000e+00
0.0000000e+00
0.0000000e+00
0.0000000e+00
0.0000000e+00
0.0000000e+00
0.0000000e+00
0.0000000e+00
0.0000000e+00
0.0000000e+00
0.0000000e+00
0.0000000e+00
0.0000000e+00
0.0000000e+00
0.0000000e+00
0.0000000e+00
0.0000000e+00
0.0000000e+00
0.0000000e+00
0.0000000e+00
0.0000000e+00
0.0000000e+00
0.0000000e+00
0.0000000e+00
0.0000000e+00
0.0000000e+00
0.0000000e+00
0.0000000e+00
0.0000000e+00
0.0000000e+00
0.0000000e+00
0.0000000e+00
0.0000000e+00
0.0000000e+00
0.0000000e+00
0.0000000e+00
0.0000000e+00
0.0000000e+00
0.0000000e+00
0.0000000e+00
0.0000000e+00
0.0000000e+00
0.0000000e+00
0.0000000e+00
0.0000000e+00
0.0000000e+00
0.0000000e+00
0.0000000e+00
0.0000000e+00
0.0000000e+00
0.0000000e+00
0.0000000e+00
0.0000000e+00
0.0000000e+00
0.0000000e+00
0.0000000e+00
0.0000000e+00
0.0000000e+00
0.0000000e+00
0.0000000e+00
0.0000000e+00
0.0000000e+00
0.0000000e+00
0.0000000e+00
0.0000000e+00
0.0000000e+00
0.0000000e+00
0.0000000e+00
0.0000000e+00
0.0000000e+00
0.0000000e+00
0.0000000e+00
0.0000000e+00
0.0000000e+00
0.0000000e+00
0.0000000e+00
0.0000000e+00
0.0000000e+00
0.0000000e+00
0.0000000e+00
0.0000000e+00
0.0000000e+00
0.0000000e+00
0.0000000e+00
0.0000000e+00
0.0000000e+00
0.0000000e+00
0.0000000e+00
0.0000000e+00
0.0000000e+00
0.0000000e+00
0.0000000e+00
0.0000000e+00
0.0000000e+00
0.0000000e+00
0.0000000e+00
0.0000000e+00
0.0000000e+00
0.0000000e+00
0.0000000e+00
0.0000000e+00
0.0000000e+00
0.0000000e+00
0.0000000e+00
0.0000000e+00
0.0000000e+00
0.0000000e+00
0.0000000e+00
0.0000000e+00
0.0000000e+00
0.0000000e+00
0.0000000e+00
0.0000000e+00
0.0000000e+00
0.0000000e+00
0.0000000e+00
0.0000000e+00
0.0000000e+00
0.0000000e+00
0.0000000e+00
0.0000000e+00
0.0000000e+00
0.0000000e+00
0.0000000e+00
0.0000000e+00
0.0000000e+00
0.0000000e+00
0.0000000e+00
0.0000000e+00
0.0000000e+00
0.0000000e+00
0.0000000e+00
0.0000000e+00
0.0000000e+00
0.0000000e+00
0.0000000e+00
0.0000000e+00
0.0000000e+00
0.0000000e+00
0.0000000e+00
0.0000000e+00
0.0000000e+00
0.0000000e+00
0.0000000e+00
0.0000000e+00
0.0000000e+00
0.0000000e+00
0.0000000e+00
0.0000000e+00
0.0000000e+00
0.0000000e+00
0.0000000e+00
0.0000000e+00
0.0000000e+00
0.0000000e+00
0.0000000e+00
0.0000000e+00
0.0000000e+00
0.0000000e+00
0.0000000e+00
0.0000000e+00
0.0000000e+00
0.0000000e+00
0.0000000e+00
0.0000000e+00
0.0000000e+00
0.0000000e+00
0.0000000e+00
0.0000000e+00
0.0000000e+00
0.0000000e+00
0.0000000e+00
0.0000000e+00
0.0000000e+00
0.0000000e+00
0.0000000e+00
0.0000000e+00
0.0000000e+00
0.0000000e+00
0.0000000e+00
0.0000000e+00
0.0000000e+00
0.0000000e+00
0.0000000e+00
0.0000000e+00
0.0000000e+00
0.0000000e+00
0.0000000e+00
0.0000000e+00
0.0000000e+00
0.0000000e+00
0.0000000e+00
0.0000000e+00
0.0000000e+00
0.0000000e+00
0.0000000e+00
0.0000000e+00
0.0000000e+00
0.0000000e+00
0.0000000e+00
0.0000000e+00
0.0000000e+00
0.0000000e+00
0.0000000e+00
0.0000000e+00
0.0000000e+00
0.0000000e+00
0.0000000e+00
0.0000000e+00
0.0000000e+00
0.0000000e+00
0.0000000e+00
0.0000000e+00
0.0000000e+00
0.0000000e+00
0.0000000e+00
0.0000000e+00
0.0000000e+00
0.0000000e+00
0.0000000e+00
0.0000000e+00
0.0000000e+00
0.0000000e+00
0.0000000e+00
0.0000000e+00
0.0000000e+00
0.0000000e+00
0.0000000e+00
0.0000000e+00
0.0000000e+00
0.0000000e+00
0.0000000e+00
0.0000000e+00
0.0000000e+00
0.0000000e+00
0.0000000e+00
0.0000000e+00
0.0000000e+00
0.0000000e+00
0.0000000e+00
0.0000000e+00
0.0000000e+00
0.0000000e+00
0.0000000e+00
0.0000000e+00
0.0000000e+00
0.0000000e+00
0.0000000e+00
0.0000000e+00
0.0000000e+00
0.0000000e+00
0.0000000e+00
0.0000000e+00
0.0000000e+00
0.0000000e+00
0.0000000e+00
0.0000000e+00
0.0000000e+00
0.0000000e+00
0.0000000e+00
0.0000000e+00
0.0000000e+00
0.0000000e+00
0.0000000e+00
0.0000000e+00
0.0000000e+00
0.0000000e+00
0.0000000e+00
0.0000000e+00
0.0000000e+00
0.0000000e+00
0.0000000e+00
0.0000000e+00
0.0000000e+00
0.0000000e+00
0.0000000e+00
0.0000000e+00
0.0000000e+00
0.0000000e+00
0.0000000e+00
0.0000000e+00
0.0000000e+00
0.0000000e+00
0.0000000e+00
0.0000000e+00
0.0000000e+00
0.0000000e+00
0.0000000e+00
0.0000000e+00
0.0000000e+00
0.0000000e+00
0.0000000e+00
0.0000000e+00
0.0000000e+00
0.0000000e+00
0.0000000e+00
0.0000000e+00
0.0000000e+00
0.0000000e+00
0.0000000e+00
0.0000000e+00
0.0000000e+00
0.0000000e+00
0.0000000e+00
0.0000000e+00
0.0000000e+00
0.0000000e+00
0.0000000e+00
0.0000000e+00
0.0000000e+00
0.0000000e+00
0.0000000e+00
0.0000000e+00
0.0000000e+00
0.0000000e+00
0.0000000e+00
0.0000000e+00
0.0000000e+00
0.0000000e+00
0.0000000e+00
0.0000000e+00
0.0000000e+00
0.0000000e+00
0.0000000e+00
0.0000000e+00
0.0000000e+00
0.0000000e+00
0.0000000e+00
0.0000000e+00
0.0000000e+00
0.0000000e+00
0.0000000e+00
0.0000000e+00
0.0000000e+00
0.0000000e+00
0.0000000e+00
0.0000000e+00
0.0000000e+00
0.0000000e+00
0.0000000e+00
0.0000000e+00
0.0000000e+00
0.0000000e+00
0.0000000e+00
0.0000000e+00
0.0000000e+00
0.0000000e+00
0.0000000e+00
0.0000000e+00
0.0000000e+00
0.0000000e+00
0.0000000e+00
0.0000000e+00
0.0000000e+00
0.0000000e+00
0.0000000e+00
0.0000000e+00
0.0000000e+00
0.0000000e+00
0.0000000e+00
0.0000000e+00
0.0000000e+00
0.0000000e+00
0.0000000e+00
0.0000000e+00
0.0000000e+00
0.0000000e+00
0.0000000e+00
0.0000000e+00
0.0000000e+00
0.0000000e+00
0.0000000e+00
0.0000000e+00
0.0000000e+00
0.0000000e+00
0.0000000e+00
0.0000000e+00
0.0000000e+00
0.0000000e+00
0.0000000e+00
0.0000000e+00
0.0000000e+00
0.0000000e+00
0.0000000e+00
0.0000000e+00
0.0000000e+00
0.0000000e+00
0.0000000e+00
0.0000000e+00
0.0000000e+00
0.0000000e+00
0.0000000e+00
0.0000000e+00
0.0000000e+00
0.0000000e+00
0.0000000e+00
0.0000000e+00
0.0000000e+00
0.0000000e+00
0.0000000e+00
0.0000000e+00
0.0000000e+00
0.0000000e+00
0.0000000e+00
0.0000000e+00
0.0000000e+00
0.0000000e+00
0.0000000e+00
0.0000000e+00
0.0000000e+00
0.0000000e+00
0.0000000e+00
0.0000000e+00
0.0000000e+00
0.0000000e+00
0.0000000e+00
0.0000000e+00
0.0000000e+00
0.0000000e+00
0.0000000e+00
0.0000000e+00
0.0000000e+00
0.0000000e+00
0.0000000e+00
0.0000000e+00
0.0000000e+00
0.0000000e+00
0.0000000e+00
0.0000000e+00
0.0000000e+00
0.0000000e+00
0.0000000e+00
0.0000000e+00
0.0000000e+00
0.0000000e+00
0.0000000e+00
0.0000000e+00
0.0000000e+00
0.0000000e+00
0.0000000e+00
0.0000000e+00
0.0000000e+00
0.0000000e+00
0.0000000e+00
0.0000000e+00
0.0000000e+00
0.0000000e+00
0.0000000e+00
0.0000000e+00
0.0000000e+00
0.0000000e+00
0.0000000e+00
0.0000000e+00
0.0000000e+00
0.0000000e+00
0.0000000e+00
0.0000000e+00
0.0000000e+00
0.0000000e+00
0.0000000e+00
0.0000000e+00
0.0000000e+00
0.0000000e+00
0.0000000e+00
0.0000000e+00
0.0000000e+00
0.0000000e+00
0.0000000e+00
0.0000000e+00
0.0000000e+00
0.0000000e+00
0.0000000e+00
0.0000000e+00
0.0000000e+00
0.0000000e+00
0.0000000e+00
0.0000000e+00
0.0000000e+00
0.0000000e+00
0.0000000e+00
0.0000000e+00
0.0000000e+00
0.0000000e+00
0.0000000e+00
0.0000000e+00
0.0000000e+00
0.0000000e+00
0.0000000e+00
0.0000000e+00
0.0000000e+00
0.0000000e+00
0.0000000e+00
0.0000000e+00
0.0000000e+00
0.0000000e+00
0.0000000e+00
0.0000000e+00
0.0000000e+00
0.0000000e+00
0.0000000e+00
0.0000000e+00
0.0000000e+00
0.0000000e+00
0.0000000e+00
0.0000000e+00
0.0000000e+00
0.0000000e+00
0.0000000e+00
0.0000000e+00
0.0000000e+00
0.0000000e+00
0.0000000e+00
0.0000000e+00
0.0000000e+00
0.0000000e+00
0.0000000e+00
0.0000000e+00
0.0000000e+00
0.0000000e+00
0.0000000e+00
0.0000000e+00
0.0000000e+00
0.0000000e+00
0.0000000e+00
0.0000000e+00
0.0000000e+00
0.0000000e+00
0.0000000e+00
0.0000000e+00
0.0000000e+00
0.0000000e+00
0.0000000e+00
0.0000000e+00
0.0000000e+00
0.0000000e+00
0.0000000e+00
0.0000000e+00
0.0000000e+00
0.0000000e+00
0.0000000e+00
0.0000000e+00
0.0000000e+00
0.0000000e+00
0.0000000e+00
0.0000000e+00
0.0000000e+00
0.0000000e+00
0.0000000e+00
0.0000000e+00
0.0000000e+00
0.0000000e+00
0.0000000e+00
0.0000000e+00
0.0000000e+00
0.0000000e+00
0.0000000e+00
0.0000000e+00
0.0000000e+00
0.0000000e+00
0.0000000e+00
0.0000000e+00
0.0000000e+00
0.0000000e+00
0.0000000e+00
0.0000000e+00
0.0000000e+00
0.0000000e+00
0.0000000e+00
0.0000000e+00
0.0000000e+00
0.0000000e+00
0.0000000e+00
0.0000000e+00
0.0000000e+00
0.0000000e+00
0.0000000e+00
0.0000000e+00
0.0000000e+00
0.0000000e+00
0.0000000e+00
0.0000000e+00
0.0000000e+00
0.0000000e+00
0.0000000e+00
0.0000000e+00
0.0000000e+00
0.0000000e+00
0.0000000e+00
0.0000000e+00
0.0000000e+00
0.0000000e+00
0.0000000e+00
0.0000000e+00
0.0000000e+00
0.0000000e+00
0.0000000e+00
0.0000000e+00
0.0000000e+00
0.0000000e+00
0.0000000e+00
0.0000000e+00
0.0000000e+00
0.0000000e+00
0.0000000e+00
0.0000000e+00
0.0000000e+00
0.0000000e+00
0.0000000e+00
0.0000000e+00
0.0000000e+00
0.0000000e+00
0.0000000e+00
0.0000000e+00
0.0000000e+00
0.0000000e+00
0.0000000e+00
0.0000000e+00
0.0000000e+00
0.0000000e+00
0.0000000e+00
0.0000000e+00
0.0000000e+00
0.0000000e+00
0.0000000e+00
0.0000000e+00
0.0000000e+00
0.0000000e+00
0.0000000e+00
0.0000000e+00
0.0000000e+00
0.0000000e+00
0.0000000e+00
0.0000000e+00
0.0000000e+00
0.0000000e+00
0.0000000e+00
0.0000000e+00
0.0000000e+00
0.0000000e+00
0.0000000e+00
0.0000000e+00
0.0000000e+00
0.0000000e+00
0.0000000e+00
0.0000000e+00
0.0000000e+00
0.0000000e+00
0.0000000e+00
0.0000000e+00
0.0000000e+00
0.0000000e+00
0.0000000e+00
0.0000000e+00
0.0000000e+00
0.0000000e+00
0.0000000e+00
0.0000000e+00
0.0000000e+00
0.0000000e+00
0.0000000e+00
0.0000000e+00
0.0000000e+00
0.0000000e+00
0.0000000e+00
0.0000000e+00
0.0000000e+00
0.0000000e+00
0.0000000e+00
0.0000000e+00
0.0000000e+00
0.0000000e+00
0.0000000e+00
0.0000000e+00
0.0000000e+00
0.0000000e+00
0.0000000e+00
0.0000000e+00
0.0000000e+00
0.0000000e+00
0.0000000e+00
0.0000000e+00
0.0000000e+00
0.0000000e+00
0.0000000e+00
0.0000000e+00
0.0000000e+00
0.0000000e+00
0.0000000e+00
0.0000000e+00
0.0000000e+00
0.0000000e+00
0.0000000e+00
0.0000000e+00
0.0000000e+00
0.0000000e+00
0.0000000e+00
0.0000000e+00
0.0000000e+00
0.0000000e+00
0.0000000e+00
0.0000000e+00
0.0000000e+00
0.0000000e+00
0.0000000e+00
0.0000000e+00
0.0000000e+00
0.0000000e+00
0.0000000e+00
0.0000000e+00
0.0000000e+00
0.0000000e+00
0.0000000e+00
0.0000000e+00
0.0000000e+00
0.0000000e+00
0.0000000e+00
0.0000000e+00
0.0000000e+00
0.0000000e+00
0.0000000e+00
0.0000000e+00
0.0000000e+00
0.0000000e+00
0.0000000e+00
0.0000000e+00
0.0000000e+00
0.0000000e+00
0.0000000e+00
0.0000000e+00
0.0000000e+00
0.0000000e+00
0.0000000e+00
0.0000000e+00
0.0000000e+00
0.0000000e+00
0.0000000e+00
0.0000000e+00
0.0000000e+00
0.0000000e+00
0.0000000e+00
0.0000000e+00
0.0000000e+00
0.0000000e+00
0.0000000e+00
0.0000000e+00
0.0000000e+00
0.0000000e+00
0.0000000e+00
0.0000000e+00
0.0000000e+00
0.0000000e+00
0.0000000e+00
0.0000000e+00
0.0000000e+00
0.0000000e+00
0.0000000e+00
0.0000000e+00
0.0000000e+00
0.0000000e+00
0.0000000e+00
0.0000000e+00
0.0000000e+00
0.0000000e+00
0.0000000e+00
0.0000000e+00
0.0000000e+00
0.0000000e+00
0.0000000e+00
0.0000000e+00
0.0000000e+00
0.0000000e+00
0.0000000e+00
0.0000000e+00
0.0000000e+00
0.0000000e+00
0.0000000e+00
0.0000000e+00
0.0000000e+00
0.0000000e+00
0.0000000e+00
0.0000000e+00
0.0000000e+00
0.0000000e+00
0.0000000e+00
0.0000000e+00
0.0000000e+00
0.0000000e+00
0.0000000e+00
0.0000000e+00
0.0000000e+00
0.0000000e+00
0.0000000e+00
0.0000000e+00
0.0000000e+00
0.0000000e+00
0.0000000e+00
0.0000000e+00
0.0000000e+00
0.0000000e+00
0.0000000e+00
0.0000000e+00
0.0000000e+00
0.0000000e+00
0.0000000e+00
0.0000000e+00
0.0000000e+00
0.0000000e+00
0.0000000e+00
0.0000000e+00
0.0000000e+00
0.0000000e+00
0.0000000e+00
0.0000000e+00
0.0000000e+00
0.0000000e+00
0.0000000e+00
0.0000000e+00
0.0000000e+00
0.0000000e+00
0.0000000e+00
0.0000000e+00
0.0000000e+00
0.0000000e+00
0.0000000e+00
0.0000000e+00
0.0000000e+00
0.0000000e+00
0.0000000e+00
0.0000000e+00
0.0000000e+00
0.0000000e+00
0.0000000e+00
0.0000000e+00
0.0000000e+00
0.0000000e+00
0.0000000e+00
0.0000000e+00
0.0000000e+00
0.0000000e+00
0.0000000e+00
0.0000000e+00
0.0000000e+00
0.0000000e+00
0.0000000e+00
0.0000000e+00
0.0000000e+00
0.0000000e+00
0.0000000e+00
0.0000000e+00
0.0000000e+00
0.0000000e+00
0.0000000e+00
0.0000000e+00
0.0000000e+00
0.0000000e+00
0.0000000e+00
0.0000000e+00
0.0000000e+00
0.0000000e+00
0.0000000e+00
0.0000000e+00
0.0000000e+00
0.0000000e+00
0.0000000e+00
0.0000000e+00
0.0000000e+00
0.0000000e+00
0.0000000e+00
0.0000000e+00
0.0000000e+00
0.0000000e+00
0.0000000e+00
0.0000000e+00
0.0000000e+00
0.0000000e+00
0.0000000e+00
0.0000000e+00
0.0000000e+00
0.0000000e+00
0.0000000e+00
0.0000000e+00
0.0000000e+00
0.0000000e+00
0.0000000e+00
0.0000000e+00
0.0000000e+00
0.0000000e+00
0.0000000e+00
0.0000000e+00
0.0000000e+00
0.0000000e+00
0.0000000e+00
0.0000000e+00
0.0000000e+00
0.0000000e+00
0.0000000e+00
0.0000000e+00
0.0000000e+00
0.0000000e+00
0.0000000e+00
0.0000000e+00
0.0000000e+00
0.0000000e+00
0.0000000e+00
0.0000000e+00
0.0000000e+00
0.0000000e+00
0.0000000e+00
0.0000000e+00
0.0000000e+00
0.0000000e+00
0.0000000e+00
0.0000000e+00
0.0000000e+00
0.0000000e+00
0.0000000e+00
0.0000000e+00
0.0000000e+00
0.0000000e+00
0.0000000e+00
0.0000000e+00
0.0000000e+00
0.0000000e+00
0.0000000e+00
0.0000000e+00
0.0000000e+00
0.0000000e+00
0.0000000e+00
0.0000000e+00
0.0000000e+00
0.0000000e+00
0.0000000e+00
0.0000000e+00
0.0000000e+00
0.0000000e+00
0.0000000e+00
0.0000000e+00
0.0000000e+00
0.0000000e+00
0.0000000e+00
0.0000000e+00
0.0000000e+00
0.0000000e+00
0.0000000e+00
0.0000000e+00
0.0000000e+00
0.0000000e+00
0.0000000e+00
0.0000000e+00
0.0000000e+00
0.0000000e+00
0.0000000e+00
0.0000000e+00
0.0000000e+00
0.0000000e+00
0.0000000e+00
0.0000000e+00
0.0000000e+00
0.0000000e+00
0.0000000e+00
0.0000000e+00
0.0000000e+00
0.0000000e+00
0.0000000e+00
0.0000000e+00
0.0000000e+00
0.0000000e+00
0.0000000e+00
0.0000000e+00
0.0000000e+00
0.0000000e+00
0.0000000e+00
0.0000000e+00
0.0000000e+00
0.0000000e+00
0.0000000e+00
0.0000000e+00
0.0000000e+00
0.0000000e+00
0.0000000e+00
0.0000000e+00
0.0000000e+00
0.0000000e+00
0.0000000e+00
0.0000000e+00
0.0000000e+00
0.0000000e+00
0.0000000e+00
0.0000000e+00
0.0000000e+00
0.0000000e+00
0.0000000e+00
0.0000000e+00
0.0000000e+00
0.0000000e+00
0.0000000e+00
0.0000000e+00
0.0000000e+00
0.0000000e+00
0.0000000e+00
0.0000000e+00
0.0000000e+00
0.0000000e+00
0.0000000e+00
0.0000000e+00
0.0000000e+00
0.0000000e+00
0.0000000e+00
0.0000000e+00
0.0000000e+00
0.0000000e+00
0.0000000e+00
0.0000000e+00
0.0000000e+00
0.0000000e+00
0.0000000e+00
0.0000000e+00
0.0000000e+00
0.0000000e+00
0.0000000e+00
0.0000000e+00
0.0000000e+00
0.0000000e+00
0.0000000e+00
0.0000000e+00
0.0000000e+00
0.0000000e+00
0.0000000e+00
0.0000000e+00
0.0000000e+00
0.0000000e+00
0.0000000e+00
0.0000000e+00
0.0000000e+00
0.0000000e+00
0.0000000e+00
0.0000000e+00
0.0000000e+00
0.0000000e+00
0.0000000e+00
0.0000000e+00
0.0000000e+00
0.0000000e+00
0.0000000e+00
0.0000000e+00
0.0000000e+00
0.0000000e+00
0.0000000e+00
0.0000000e+00
0.0000000e+00
0.0000000e+00
0.0000000e+00
0.0000000e+00
0.0000000e+00
0.0000000e+00
0.0000000e+00
0.0000000e+00
0.0000000e+00
0.0000000e+00
0.0000000e+00
0.0000000e+00
0.0000000e+00
0.0000000e+00
0.0000000e+00
0.0000000e+00
0.0000000e+00
0.0000000e+00
0.0000000e+00
0.0000000e+00
0.0000000e+00
0.0000000e+00
0.0000000e+00
0.0000000e+00
0.0000000e+00
0.0000000e+00
0.0000000e+00
0.0000000e+00
0.0000000e+00
0.0000000e+00
0.0000000e+00
0.0000000e+00
0.0000000e+00
0.0000000e+00
0.0000000e+00
0.0000000e+00
0.0000000e+00
0.0000000e+00
0.0000000e+00
0.0000000e+00
0.0000000e+00
0.0000000e+00
0.0000000e+00
0.0000000e+00
0.0000000e+00
0.0000000e+00
0.0000000e+00
0.0000000e+00
0.0000000e+00
0.0000000e+00
0.0000000e+00
0.0000000e+00
0.0000000e+00
0.0000000e+00
0.0000000e+00
0.0000000e+00
0.0000000e+00
0.0000000e+00
0.0000000e+00
0.0000000e+00
0.0000000e+00
0.0000000e+00
0.0000000e+00
0.0000000e+00
0.0000000e+00
0.0000000e+00
0.0000000e+00
0.0000000e+00
0.0000000e+00
0.0000000e+00
0.0000000e+00
0.0000000e+00
0.0000000e+00
0.0000000e+00
0.0000000e+00
0.0000000e+00
0.0000000e+00
0.0000000e+00
0.0000000e+00
0.0000000e+00
0.0000000e+00
0.0000000e+00
0.0000000e+00
0.0000000e+00
0.0000000e+00
0.0000000e+00
0.0000000e+00
0.0000000e+00
0.0000000e+00
0.0000000e+00
0.0000000e+00
0.0000000e+00
0.0000000e+00
0.0000000e+00
0.0000000e+00
0.0000000e+00
0.0000000e+00
0.0000000e+00
0.0000000e+00
0.0000000e+00
0.0000000e+00
0.0000000e+00
0.0000000e+00
0.0000000e+00
0.0000000e+00
0.0000000e+00
0.0000000e+00
0.0000000e+00
0.0000000e+00
0.0000000e+00
0.0000000e+00
0.0000000e+00
0.0000000e+00
0.0000000e+00
0.0000000e+00
0.0000000e+00
0.0000000e+00
0.0000000e+00
0.0000000e+00
0.0000000e+00
0.0000000e+00
0.0000000e+00
0.0000000e+00
0.0000000e+00
0.0000000e+00
0.0000000e+00
0.0000000e+00
0.0000000e+00
0.0000000e+00
0.0000000e+00
0.0000000e+00
0.0000000e+00
0.0000000e+00
0.0000000e+00
0.0000000e+00
0.0000000e+00
0.0000000e+00
0.0000000e+00
0.0000000e+00
0.0000000e+00
0.0000000e+00
0.0000000e+00
0.0000000e+00
0.0000000e+00
0.0000000e+00
0.0000000e+00
0.0000000e+00
0.0000000e+00
0.0000000e+00
0.0000000e+00
0.0000000e+00
0.0000000e+00
0.0000000e+00
0.0000000e+00
0.0000000e+00
0.0000000e+00
0.0000000e+00
0.0000000e+00
0.0000000e+00
0.0000000e+00
0.0000000e+00
0.0000000e+00
0.0000000e+00
0.0000000e+00
0.0000000e+00
0.0000000e+00
0.0000000e+00
0.0000000e+00
0.0000000e+00
0.0000000e+00
0.0000000e+00
0.0000000e+00
0.0000000e+00
0.0000000e+00
0.0000000e+00
0.0000000e+00
0.0000000e+00
0.0000000e+00
0.0000000e+00
0.0000000e+00
0.0000000e+00
0.0000000e+00
0.0000000e+00
0.0000000e+00
0.0000000e+00
0.0000000e+00
0.0000000e+00
0.0000000e+00
0.0000000e+00
0.0000000e+00
0.0000000e+00
0.0000000e+00
0.0000000e+00
0.0000000e+00
0.0000000e+00
0.0000000e+00
0.0000000e+00
0.0000000e+00
0.0000000e+00
0.0000000e+00
0.0000000e+00
0.0000000e+00
0.0000000e+00
0.0000000e+00
0.0000000e+00
0.0000000e+00
0.0000000e+00
0.0000000e+00
0.0000000e+00
0.0000000e+00
0.0000000e+00
0.0000000e+00
0.0000000e+00
0.0000000e+00
0.0000000e+00
0.0000000e+00
0.0000000e+00
0.0000000e+00
0.0000000e+00
0.0000000e+00
0.0000000e+00
0.0000000e+00
0.0000000e+00
0.0000000e+00
0.0000000e+00
0.0000000e+00
0.0000000e+00
0.0000000e+00
0.0000000e+00
0.0000000e+00
0.0000000e+00
0.0000000e+00
0.0000000e+00
0.0000000e+00
0.0000000e+00
0.0000000e+00
0.0000000e+00
0.0000000e+00
0.0000000e+00
0.0000000e+00
0.0000000e+00
0.0000000e+00
0.0000000e+00
0.0000000e+00
0.0000000e+00
0.0000000e+00
0.0000000e+00
0.0000000e+00
0.0000000e+00
0.0000000e+00
0.0000000e+00
0.0000000e+00
0.0000000e+00
0.0000000e+00
0.0000000e+00
0.0000000e+00
0.0000000e+00
0.0000000e+00
0.0000000e+00
0.0000000e+00
0.0000000e+00
0.0000000e+00
0.0000000e+00
0.0000000e+00
0.0000000e+00
0.0000000e+00
0.0000000e+00
0.0000000e+00
0.0000000e+00
0.0000000e+00
0.0000000e+00
0.0000000e+00
0.0000000e+00
0.0000000e+00
0.0000000e+00
0.0000000e+00
0.0000000e+00
0.0000000e+00
0.0000000e+00
0.0000000e+00
0.0000000e+00
0.0000000e+00
0.0000000e+00
0.0000000e+00
0.0000000e+00
0.0000000e+00
0.0000000e+00
0.0000000e+00
0.0000000e+00
0.0000000e+00
0.0000000e+00
0.0000000e+00
0.0000000e+00
0.0000000e+00
0.0000000e+00
0.0000000e+00
0.0000000e+00
0.0000000e+00
0.0000000e+00
0.0000000e+00
0.0000000e+00
0.0000000e+00
0.0000000e+00
0.0000000e+00
0.0000000e+00
0.0000000e+00
0.0000000e+00
0.0000000e+00
0.0000000e+00
0.0000000e+00
0.0000000e+00
0.0000000e+00
0.0000000e+00
0.0000000e+00
0.0000000e+00
0.0000000e+00
0.0000000e+00
0.0000000e+00
0.0000000e+00
0.0000000e+00
0.0000000e+00
0.0000000e+00
0.0000000e+00
0.0000000e+00
0.0000000e+00
0.0000000e+00
0.0000000e+00
0.0000000e+00
0.0000000e+00
0.0000000e+00
0.0000000e+00
0.0000000e+00
0.0000000e+00
0.0000000e+00
0.0000000e+00
0.0000000e+00
0.0000000e+00
0.0000000e+00
0.0000000e+00
0.0000000e+00
0.0000000e+00
0.0000000e+00
0.0000000e+00
0.0000000e+00
0.0000000e+00
0.0000000e+00
0.0000000e+00
0.0000000e+00
0.0000000e+00
0.0000000e+00
0.0000000e+00
0.0000000e+00
0.0000000e+00
0.0000000e+00
0.0000000e+00
0.0000000e+00
0.0000000e+00
0.0000000e+00
0.0000000e+00
0.0000000e+00
0.0000000e+00
0.0000000e+00
0.0000000e+00
0.0000000e+00
0.0000000e+00
0.0000000e+00
0.0000000e+00
0.0000000e+00
0.0000000e+00
0.0000000e+00
0.0000000e+00
0.0000000e+00
0.0000000e+00
0.0000000e+00
0.0000000e+00
0.0000000e+00
0.0000000e+00
0.0000000e+00
0.0000000e+00
0.0000000e+00
0.0000000e+00
0.0000000e+00
0.0000000e+00
0.0000000e+00
0.0000000e+00
0.0000000e+00
0.0000000e+00
0.0000000e+00
0.0000000e+00
0.0000000e+00
0.0000000e+00
0.0000000e+00
0.0000000e+00
0.0000000e+00
0.0000000e+00
0.0000000e+00
0.0000000e+00
0.0000000e+00
0.0000000e+00
0.0000000e+00
0.0000000e+00
0.0000000e+00
0.0000000e+00
0.0000000e+00
0.0000000e+00
0.0000000e+00
0.0000000e+00
0.0000000e+00
0.0000000e+00
0.0000000e+00
0.0000000e+00
0.0000000e+00
0.0000000e+00
0.0000000e+00
0.0000000e+00
0.0000000e+00
0.0000000e+00
0.0000000e+00
0.0000000e+00
0.0000000e+00
0.0000000e+00
0.0000000e+00
0.0000000e+00
0.0000000e+00
0.0000000e+00
0.0000000e+00
0.0000000e+00
0.0000000e+00
0.0000000e+00
0.0000000e+00
0.0000000e+00
0.0000000e+00
0.0000000e+00
0.0000000e+00
0.0000000e+00
0.0000000e+00
0.0000000e+00
0.0000000e+00
0.0000000e+00
0.0000000e+00
0.0000000e+00
0.0000000e+00
0.0000000e+00
0.0000000e+00
0.0000000e+00
0.0000000e+00
0.0000000e+00
0.0000000e+00
0.0000000e+00
0.0000000e+00
0.0000000e+00
0.0000000e+00
0.0000000e+00
0.0000000e+00
0.0000000e+00
0.0000000e+00
0.0000000e+00
0.0000000e+00
0.0000000e+00
0.0000000e+00
0.0000000e+00
0.0000000e+00
0.0000000e+00
0.0000000e+00
0.0000000e+00
0.0000000e+00
0.0000000e+00
0.0000000e+00
0.0000000e+00
0.0000000e+00
0.0000000e+00
0.0000000e+00
0.0000000e+00
0.0000000e+00
0.0000000e+00
0.0000000e+00
0.0000000e+00
0.0000000e+00
0.0000000e+00
0.0000000e+00
0.0000000e+00
0.0000000e+00
0.0000000e+00
0.0000000e+00
0.0000000e+00
0.0000000e+00
0.0000000e+00
0.0000000e+00
0.0000000e+00
0.0000000e+00
0.0000000e+00
0.0000000e+00
0.0000000e+00
0.0000000e+00
0.0000000e+00
0.0000000e+00
0.0000000e+00
0.0000000e+00
0.0000000e+00
0.0000000e+00
0.0000000e+00
0.0000000e+00
0.0000000e+00
0.0000000e+00
0.0000000e+00
0.0000000e+00
0.0000000e+00
0.0000000e+00
0.0000000e+00
0.0000000e+00
0.0000000e+00
0.0000000e+00
0.0000000e+00
0.0000000e+00
0.0000000e+00
0.0000000e+00
0.0000000e+00
0.0000000e+00
0.0000000e+00
0.0000000e+00
0.0000000e+00
0.0000000e+00
0.0000000e+00
0.0000000e+00
0.0000000e+00
0.0000000e+00
0.0000000e+00
0.0000000e+00
0.0000000e+00
0.0000000e+00
0.0000000e+00
0.0000000e+00
0.0000000e+00
0.0000000e+00
0.0000000e+00
0.0000000e+00
0.0000000e+00
0.0000000e+00
0.0000000e+00
0.0000000e+00
0.0000000e+00
0.0000000e+00
0.0000000e+00
0.0000000e+00
0.0000000e+00
0.0000000e+00
0.0000000e+00
0.0000000e+00
0.0000000e+00
0.0000000e+00
0.0000000e+00
0.0000000e+00
0.0000000e+00
0.0000000e+00
0.0000000e+00
0.0000000e+00
0.0000000e+00
0.0000000e+00
0.0000000e+00
0.0000000e+00
0.0000000e+00
0.0000000e+00
0.0000000e+00
0.0000000e+00
0.0000000e+00
0.0000000e+00
0.0000000e+00
0.0000000e+00
0.0000000e+00
0.0000000e+00
0.0000000e+00
0.0000000e+00
0.0000000e+00
0.0000000e+00
0.0000000e+00
0.0000000e+00
0.0000000e+00
0.0000000e+00
0.0000000e+00
0.0000000e+00
0.0000000e+00
0.0000000e+00
0.0000000e+00
0.0000000e+00
0.0000000e+00
0.0000000e+00
0.0000000e+00
0.0000000e+00
0.0000000e+00
0.0000000e+00
0.0000000e+00
0.0000000e+00
0.0000000e+00
0.0000000e+00
0.0000000e+00
0.0000000e+00
0.0000000e+00
0.0000000e+00
0.0000000e+00
0.0000000e+00
0.0000000e+00
0.0000000e+00
0.0000000e+00
0.0000000e+00
0.0000000e+00
0.0000000e+00
0.0000000e+00
0.0000000e+00
0.0000000e+00
0.0000000e+00
0.0000000e+00
0.0000000e+00
0.0000000e+00
0.0000000e+00
0.0000000e+00
0.0000000e+00
0.0000000e+00
0.0000000e+00
0.0000000e+00
0.0000000e+00
0.0000000e+00
0.0000000e+00
0.0000000e+00
0.0000000e+00
0.0000000e+00
0.0000000e+00
0.0000000e+00
0.0000000e+00
0.0000000e+00
0.0000000e+00
0.0000000e+00
0.0000000e+00
0.0000000e+00
0.0000000e+00
0.0000000e+00
0.0000000e+00
0.0000000e+00
0.0000000e+00
0.0000000e+00
0.0000000e+00
0.0000000e+00
0.0000000e+00
0.0000000e+00
0.0000000e+00
0.0000000e+00
0.0000000e+00
0.0000000e+00
0.0000000e+00
0.0000000e+00
0.0000000e+00
0.0000000e+00
0.0000000e+00
0.0000000e+00
0.0000000e+00
0.0000000e+00
0.0000000e+00
0.0000000e+00
0.0000000e+00
0.0000000e+00
0.0000000e+00
0.0000000e+00
0.0000000e+00
0.0000000e+00
0.0000000e+00
0.0000000e+00
0.0000000e+00
0.0000000e+00
0.0000000e+00
0.0000000e+00
0.0000000e+00
0.0000000e+00
0.0000000e+00
0.0000000e+00
0.0000000e+00
0.0000000e+00
0.0000000e+00
0.0000000e+00
0.0000000e+00
0.0000000e+00
0.0000000e+00
0.0000000e+00
0.0000000e+00
0.0000000e+00
0.0000000e+00
0.0000000e+00
0.0000000e+00
0.0000000e+00
0.0000000e+00
0.0000000e+00
0.0000000e+00
0.0000000e+00
0.0000000e+00
0.0000000e+00
0.0000000e+00
0.0000000e+00
0.0000000e+00
0.0000000e+00
0.0000000e+00
0.0000000e+00
0.0000000e+00
0.0000000e+00
0.0000000e+00
0.0000000e+00
0.0000000e+00
0.0000000e+00
0.0000000e+00
0.0000000e+00
0.0000000e+00
0.0000000e+00
0.0000000e+00
0.0000000e+00
0.0000000e+00
0.0000000e+00
0.0000000e+00
0.0000000e+00
0.0000000e+00
0.0000000e+00
0.0000000e+00
0.0000000e+00
0.0000000e+00
0.0000000e+00
0.0000000e+00
0.0000000e+00
0.0000000e+00
0.0000000e+00
0.0000000e+00
0.0000000e+00
0.0000000e+00
0.0000000e+00
0.0000000e+00
0.0000000e+00
0.0000000e+00
0.0000000e+00
0.0000000e+00
0.0000000e+00
0.0000000e+00
0.0000000e+00
0.0000000e+00
0.0000000e+00
0.0000000e+00
0.0000000e+00
0.0000000e+00
0.0000000e+00
0.0000000e+00
0.0000000e+00
0.0000000e+00
0.0000000e+00
0.0000000e+00
0.0000000e+00
0.0000000e+00
0.0000000e+00
0.0000000e+00
0.0000000e+00
0.0000000e+00
0.0000000e+00
0.0000000e+00
0.0000000e+00
0.0000000e+00
0.0000000e+00
0.0000000e+00
0.0000000e+00
0.0000000e+00
0.0000000e+00
0.0000000e+00
0.0000000e+00
0.0000000e+00
0.0000000e+00
0.0000000e+00
0.0000000e+00
0.0000000e+00
0.0000000e+00
0.0000000e+00
0.0000000e+00
0.0000000e+00
0.0000000e+00
0.0000000e+00
0.0000000e+00
0.0000000e+00
0.0000000e+00
0.0000000e+00
0.0000000e+00
0.0000000e+00
0.0000000e+00
0.0000000e+00
0.0000000e+00
0.0000000e+00
0.0000000e+00
0.0000000e+00
0.0000000e+00
0.0000000e+00
0.0000000e+00
0.0000000e+00
0.0000000e+00
0.0000000e+00
0.0000000e+00
0.0000000e+00
0.0000000e+00
0.0000000e+00
0.0000000e+00
0.0000000e+00
0.0000000e+00
0.0000000e+00
0.0000000e+00
0.0000000e+00
0.0000000e+00
0.0000000e+00
0.0000000e+00
0.0000000e+00
0.0000000e+00
0.0000000e+00
0.0000000e+00
0.0000000e+00
0.0000000e+00
0.0000000e+00
0.0000000e+00
0.0000000e+00
0.0000000e+00
0.0000000e+00
0.0000000e+00
0.0000000e+00
0.0000000e+00
0.0000000e+00
0.0000000e+00
0.0000000e+00
0.0000000e+00
0.0000000e+00
0.0000000e+00
0.0000000e+00
0.0000000e+00
0.0000000e+00
0.0000000e+00
0.0000000e+00
0.0000000e+00
0.0000000e+00
0.0000000e+00
0.0000000e+00
0.0000000e+00
0.0000000e+00
0.0000000e+00
0.0000000e+00
0.0000000e+00
0.0000000e+00
0.0000000e+00
0.0000000e+00
0.0000000e+00
0.0000000e+00
0.0000000e+00
0.0000000e+00
0.0000000e+00
0.0000000e+00
0.0000000e+00
0.0000000e+00
0.0000000e+00
0.0000000e+00
0.0000000e+00
0.0000000e+00
0.0000000e+00
0.0000000e+00
0.0000000e+00
0.0000000e+00
0.0000000e+00
0.0000000e+00
0.0000000e+00
0.0000000e+00
0.0000000e+00
0.0000000e+00
0.0000000e+00
0.0000000e+00
0.0000000e+00
0.0000000e+00
0.0000000e+00
0.0000000e+00
0.0000000e+00
0.0000000e+00
0.0000000e+00
0.0000000e+00
0.0000000e+00
0.0000000e+00
0.0000000e+00
0.0000000e+00
0.0000000e+00
0.0000000e+00
0.0000000e+00
0.0000000e+00
0.0000000e+00
0.0000000e+00
0.0000000e+00
0.0000000e+00
0.0000000e+00
0.0000000e+00
0.0000000e+00
0.0000000e+00
0.0000000e+00
0.0000000e+00
0.0000000e+00
0.0000000e+00
0.0000000e+00
0.0000000e+00
0.0000000e+00
0.0000000e+00
0.0000000e+00
0.0000000e+00
0.0000000e+00
0.0000000e+00
0.0000000e+00
0.0000000e+00
0.0000000e+00
0.0000000e+00
0.0000000e+00
0.0000000e+00
0.0000000e+00
0.0000000e+00
0.0000000e+00
0.0000000e+00
0.0000000e+00
0.0000000e+00
0.0000000e+00
0.0000000e+00
0.0000000e+00
0.0000000e+00
0.0000000e+00
0.0000000e+00
0.0000000e+00
0.0000000e+00
0.0000000e+00
0.0000000e+00
0.0000000e+00
0.0000000e+00
0.0000000e+00
0.0000000e+00
0.0000000e+00
0.0000000e+00
0.0000000e+00
0.0000000e+00
0.0000000e+00
0.0000000e+00
0.0000000e+00
0.0000000e+00
0.0000000e+00
0.0000000e+00
0.0000000e+00
0.0000000e+00
0.0000000e+00
0.0000000e+00
0.0000000e+00
0.0000000e+00
0.0000000e+00
0.0000000e+00
0.0000000e+00
0.0000000e+00
0.0000000e+00
0.0000000e+00
0.0000000e+00
0.0000000e+00
0.0000000e+00
0.0000000e+00
0.0000000e+00
0.0000000e+00
0.0000000e+00
0.0000000e+00
0.0000000e+00
0.0000000e+00
0.0000000e+00
0.0000000e+00
0.0000000e+00
0.0000000e+00
0.0000000e+00
0.0000000e+00
0.0000000e+00
0.0000000e+00
0.0000000e+00
0.0000000e+00
0.0000000e+00
0.0000000e+00
0.0000000e+00
0.0000000e+00
0.0000000e+00
0.0000000e+00
0.0000000e+00
0.0000000e+00
0.0000000e+00
0.0000000e+00
0.0000000e+00
0.0000000e+00
0.0000000e+00
0.0000000e+00
0.0000000e+00
0.0000000e+00
0.0000000e+00
0.0000000e+00
0.0000000e+00
0.0000000e+00
0.0000000e+00
0.0000000e+00
0.0000000e+00
0.0000000e+00
0.0000000e+00
0.0000000e+00
0.0000000e+00
0.0000000e+00
0.0000000e+00
0.0000000e+00
0.0000000e+00
0.0000000e+00
0.0000000e+00
0.0000000e+00
0.0000000e+00
0.0000000e+00
0.0000000e+00
0.0000000e+00
0.0000000e+00
0.0000000e+00
0.0000000e+00
0.0000000e+00
0.0000000e+00
0.0000000e+00
0.0000000e+00
0.0000000e+00
0.0000000e+00
0.0000000e+00
0.0000000e+00
0.0000000e+00
0.0000000e+00
0.0000000e+00
0.0000000e+00
0.0000000e+00
0.0000000e+00
0.0000000e+00
0.0000000e+00
0.0000000e+00
0.0000000e+00
0.0000000e+00
0.0000000e+00
0.0000000e+00
0.0000000e+00
0.0000000e+00
0.0000000e+00
0.0000000e+00
0.0000000e+00
0.0000000e+00
0.0000000e+00
0.0000000e+00
0.0000000e+00
0.0000000e+00
0.0000000e+00
0.0000000e+00
0.0000000e+00
0.0000000e+00
0.0000000e+00
0.0000000e+00
0.0000000e+00
0.0000000e+00
0.0000000e+00
0.0000000e+00
0.0000000e+00
0.0000000e+00
0.0000000e+00
0.0000000e+00
0.0000000e+00
0.0000000e+00
0.0000000e+00
0.0000000e+00
0.0000000e+00
0.0000000e+00
0.0000000e+00
0.0000000e+00
0.0000000e+00
0.0000000e+00
0.0000000e+00
0.0000000e+00
0.0000000e+00
0.0000000e+00
0.0000000e+00
0.0000000e+00
0.0000000e+00
0.0000000e+00
0.0000000e+00
0.0000000e+00
0.0000000e+00
0.0000000e+00
0.0000000e+00
0.0000000e+00
0.0000000e+00
0.0000000e+00
0.0000000e+00
0.0000000e+00
0.0000000e+00
0.0000000e+00
0.0000000e+00
0.0000000e+00
0.0000000e+00
0.0000000e+00
0.0000000e+00
0.0000000e+00
0.0000000e+00
0.0000000e+00
0.0000000e+00
0.0000000e+00
0.0000000e+00
0.0000000e+00
0.0000000e+00
0.0000000e+00
0.0000000e+00
0.0000000e+00
0.0000000e+00
0.0000000e+00
0.0000000e+00
0.0000000e+00
0.0000000e+00
0.0000000e+00
0.0000000e+00
0.0000000e+00
0.0000000e+00
0.0000000e+00
0.0000000e+00
0.0000000e+00
0.0000000e+00
0.0000000e+00
0.0000000e+00
0.0000000e+00
0.0000000e+00
0.0000000e+00
0.0000000e+00
0.0000000e+00
0.0000000e+00
0.0000000e+00
0.0000000e+00
0.0000000e+00
0.0000000e+00
0.0000000e+00
0.0000000e+00
0.0000000e+00
0.0000000e+00
0.0000000e+00
0.0000000e+00
0.0000000e+00
0.0000000e+00
0.0000000e+00
0.0000000e+00
0.0000000e+00
0.0000000e+00
0.0000000e+00
0.0000000e+00
0.0000000e+00
0.0000000e+00
0.0000000e+00
0.0000000e+00
0.0000000e+00
0.0000000e+00
0.0000000e+00
0.0000000e+00
0.0000000e+00
0.0000000e+00
0.0000000e+00
0.0000000e+00
0.0000000e+00
0.0000000e+00
0.0000000e+00
0.0000000e+00
0.0000000e+00
0.0000000e+00
0.0000000e+00
0.0000000e+00
0.0000000e+00
0.0000000e+00
0.0000000e+00
0.0000000e+00
0.0000000e+00
0.0000000e+00
0.0000000e+00
0.0000000e+00
0.0000000e+00
0.0000000e+00
0.0000000e+00
0.0000000e+00
0.0000000e+00
0.0000000e+00
0.0000000e+00
0.0000000e+00
0.0000000e+00
0.0000000e+00
0.0000000e+00
0.0000000e+00
0.0000000e+00
0.0000000e+00
0.0000000e+00
0.0000000e+00
0.0000000e+00
0.0000000e+00
0.0000000e+00
0.0000000e+00
0.0000000e+00
0.0000000e+00
0.0000000e+00
0.0000000e+00
0.0000000e+00
0.0000000e+00
0.0000000e+00
0.0000000e+00
0.0000000e+00
0.0000000e+00
0.0000000e+00
0.0000000e+00
0.0000000e+00
0.0000000e+00
0.0000000e+00
0.0000000e+00
0.0000000e+00
0.0000000e+00
0.0000000e+00
0.0000000e+00
0.0000000e+00
0.0000000e+00
0.0000000e+00
0.0000000e+00
0.0000000e+00
0.0000000e+00
0.0000000e+00
0.0000000e+00
0.0000000e+00
0.0000000e+00
0.0000000e+00
0.0000000e+00
0.0000000e+00
0.0000000e+00
0.0000000e+00
0.0000000e+00
0.0000000e+00
0.0000000e+00
0.0000000e+00
0.0000000e+00
0.0000000e+00
0.0000000e+00
0.0000000e+00
0.0000000e+00
0.0000000e+00
0.0000000e+00
0.0000000e+00
0.0000000e+00
0.0000000e+00
0.0000000e+00
0.0000000e+00
0.0000000e+00
0.0000000e+00
0.0000000e+00
0.0000000e+00
0.0000000e+00
0.0000000e+00
0.0000000e+00
0.0000000e+00
0.0000000e+00
0.0000000e+00
0.0000000e+00
0.0000000e+00
0.0000000e+00
0.0000000e+00
0.0000000e+00
0.0000000e+00
0.0000000e+00
0.0000000e+00
0.0000000e+00
0.0000000e+00
0.0000000e+00
0.0000000e+00
0.0000000e+00
0.0000000e+00
0.0000000e+00
0.0000000e+00
0.0000000e+00
0.0000000e+00
0.0000000e+00
0.0000000e+00
0.0000000e+00
0.0000000e+00
0.0000000e+00
0.0000000e+00
0.0000000e+00
0.0000000e+00
0.0000000e+00
0.0000000e+00
0.0000000e+00
0.0000000e+00
0.0000000e+00
0.0000000e+00
0.0000000e+00
0.0000000e+00
0.0000000e+00
0.0000000e+00
0.0000000e+00
0.0000000e+00
0.0000000e+00
0.0000000e+00
0.0000000e+00
0.0000000e+00
0.0000000e+00
0.0000000e+00
0.0000000e+00
0.0000000e+00
0.0000000e+00
0.0000000e+00
0.0000000e+00
0.0000000e+00
0.0000000e+00
0.0000000e+00
0.0000000e+00
0.0000000e+00
0.0000000e+00
0.0000000e+00
0.0000000e+00
0.0000000e+00
0.0000000e+00
0.0000000e+00
0.0000000e+00
0.0000000e+00
0.0000000e+00
0.0000000e+00
0.0000000e+00
0.0000000e+00
0.0000000e+00
0.0000000e+00
0.0000000e+00
0.0000000e+00
0.0000000e+00
0.0000000e+00
0.0000000e+00
0.0000000e+00
0.0000000e+00
0.0000000e+00
0.0000000e+00
0.0000000e+00
0.0000000e+00
0.0000000e+00
0.0000000e+00
0.0000000e+00
0.0000000e+00
0.0000000e+00
0.0000000e+00
0.0000000e+00
0.0000000e+00
0.0000000e+00
0.0000000e+00
0.0000000e+00
0.0000000e+00
0.0000000e+00
0.0000000e+00
0.0000000e+00
0.0000000e+00
0.0000000e+00
0.0000000e+00
0.0000000e+00
0.0000000e+00
0.0000000e+00
0.0000000e+00
0.0000000e+00
0.0000000e+00
0.0000000e+00
0.0000000e+00
0.0000000e+00
0.0000000e+00
0.0000000e+00
0.0000000e+00
0.0000000e+00
0.0000000e+00
0.0000000e+00
0.0000000e+00
0.0000000e+00
0.0000000e+00
0.0000000e+00
0.0000000e+00
0.0000000e+00
0.0000000e+00
0.0000000e+00
0.0000000e+00
0.0000000e+00
0.0000000e+00
0.0000000e+00
0.0000000e+00
0.0000000e+00
0.0000000e+00
0.0000000e+00
0.0000000e+00
0.0000000e+00
0.0000000e+00
0.0000000e+00
0.0000000e+00
0.0000000e+00
0.0000000e+00
0.0000000e+00
0.0000000e+00
0.0000000e+00
0.0000000e+00
0.0000000e+00
0.0000000e+00
0.0000000e+00
0.0000000e+00
0.0000000e+00
0.0000000e+00
0.0000000e+00
0.0000000e+00
0.0000000e+00
0.0000000e+00
0.0000000e+00
0.0000000e+00
0.0000000e+00
0.0000000e+00
0.0000000e+00
0.0000000e+00
0.0000000e+00
0.0000000e+00
0.0000000e+00
0.0000000e+00
0.0000000e+00
0.0000000e+00
0.0000000e+00
0.0000000e+00
0.0000000e+00
0.0000000e+00
0.0000000e+00
0.0000000e+00
0.0000000e+00
0.0000000e+00
0.0000000e+00
0.0000000e+00
0.0000000e+00
0.0000000e+00
0.0000000e+00
0.0000000e+00
0.0000000e+00
0.0000000e+00
0.0000000e+00
0.0000000e+00
0.0000000e+00
0.0000000e+00
0.0000000e+00
0.0000000e+00
0.0000000e+00
0.0000000e+00
0.0000000e+00
0.0000000e+00
0.0000000e+00
0.0000000e+00
0.0000000e+00
0.0000000e+00
0.0000000e+00
0.0000000e+00
0.0000000e+00
0.0000000e+00
0.0000000e+00
0.0000000e+00
0.0000000e+00
0.0000000e+00
0.0000000e+00
0.0000000e+00
0.0000000e+00
0.0000000e+00
0.0000000e+00
0.0000000e+00
0.0000000e+00
0.0000000e+00
0.0000000e+00
0.0000000e+00
0.0000000e+00
0.0000000e+00
0.0000000e+00
0.0000000e+00
0.0000000e+00
0.0000000e+00
0.0000000e+00
0.0000000e+00
0.0000000e+00
0.0000000e+00
0.0000000e+00
0.0000000e+00
0.0000000e+00
0.0000000e+00
0.0000000e+00
0.0000000e+00
0.0000000e+00
0.0000000e+00
0.0000000e+00
0.0000000e+00
0.0000000e+00
0.0000000e+00
0.0000000e+00
0.0000000e+00
0.0000000e+00
0.0000000e+00
0.0000000e+00
0.0000000e+00
0.0000000e+00
0.0000000e+00
0.0000000e+00
0.0000000e+00
0.0000000e+00
0.0000000e+00
0.0000000e+00
0.0000000e+00
0.0000000e+00
0.0000000e+00
0.0000000e+00
0.0000000e+00
0.0000000e+00
0.0000000e+00
0.0000000e+00
0.0000000e+00
0.0000000e+00
0.0000000e+00
0.0000000e+00
0.0000000e+00
0.0000000e+00
0.0000000e+00
0.0000000e+00
0.0000000e+00
0.0000000e+00
0.0000000e+00
0.0000000e+00
0.0000000e+00
0.0000000e+00
0.0000000e+00
0.0000000e+00
0.0000000e+00
0.0000000e+00
0.0000000e+00
0.0000000e+00
0.0000000e+00
0.0000000e+00
0.0000000e+00
0.0000000e+00
0.0000000e+00
0.0000000e+00
0.0000000e+00
0.0000000e+00
0.0000000e+00
0.0000000e+00
0.0000000e+00
0.0000000e+00
0.0000000e+00
0.0000000e+00
0.0000000e+00
0.0000000e+00
0.0000000e+00
0.0000000e+00
0.0000000e+00
0.0000000e+00
0.0000000e+00
0.0000000e+00
0.0000000e+00
0.0000000e+00
0.0000000e+00
0.0000000e+00
0.0000000e+00
0.0000000e+00
0.0000000e+00
0.0000000e+00
0.0000000e+00
0.0000000e+00
0.0000000e+00
0.0000000e+00
0.0000000e+00
0.0000000e+00
0.0000000e+00
0.0000000e+00
0.0000000e+00
0.0000000e+00
0.0000000e+00
0.0000000e+00
0.0000000e+00
0.0000000e+00
0.0000000e+00
0.0000000e+00
0.0000000e+00
0.0000000e+00
0.0000000e+00
0.0000000e+00
0.0000000e+00
0.0000000e+00
0.0000000e+00
0.0000000e+00
0.0000000e+00
0.0000000e+00
0.0000000e+00
0.0000000e+00
0.0000000e+00
0.0000000e+00
0.0000000e+00
0.0000000e+00
0.0000000e+00
0.0000000e+00
0.0000000e+00
0.0000000e+00
0.0000000e+00
0.0000000e+00
0.0000000e+00
0.0000000e+00
0.0000000e+00
0.0000000e+00
0.0000000e+00
0.0000000e+00
0.0000000e+00
0.0000000e+00
0.0000000e+00
0.0000000e+00
0.0000000e+00
0.0000000e+00
0.0000000e+00
0.0000000e+00
0.0000000e+00
0.0000000e+00
0.0000000e+00
0.0000000e+00
0.0000000e+00
0.0000000e+00
0.0000000e+00
0.0000000e+00
0.0000000e+00
0.0000000e+00
0.0000000e+00
0.0000000e+00
0.0000000e+00
0.0000000e+00
0.0000000e+00
0.0000000e+00
0.0000000e+00
0.0000000e+00
0.0000000e+00
0.0000000e+00
0.0000000e+00
0.0000000e+00
0.0000000e+00
0.0000000e+00
0.0000000e+00
0.0000000e+00
0.0000000e+00
0.0000000e+00
0.0000000e+00
0.0000000e+00
0.0000000e+00
0.0000000e+00
0.0000000e+00
0.0000000e+00
0.0000000e+00
0.0000000e+00
0.0000000e+00
0.0000000e+00
0.0000000e+00
0.0000000e+00
0.0000000e+00
0.0000000e+00
0.0000000e+00
0.0000000e+00
0.0000000e+00
0.0000000e+00
0.0000000e+00
0.0000000e+00
0.0000000e+00
0.0000000e+00
0.0000000e+00
0.0000000e+00
0.0000000e+00
0.0000000e+00
0.0000000e+00
0.0000000e+00
0.0000000e+00
0.0000000e+00
0.0000000e+00
0.0000000e+00
0.0000000e+00
0.0000000e+00
0.0000000e+00
0.0000000e+00
0.0000000e+00
0.0000000e+00
0.0000000e+00
0.0000000e+00
0.0000000e+00
0.0000000e+00
0.0000000e+00
0.0000000e+00
0.0000000e+00
0.0000000e+00
0.0000000e+00
0.0000000e+00
0.0000000e+00
0.0000000e+00
0.0000000e+00
0.0000000e+00
0.0000000e+00
0.0000000e+00
0.0000000e+00
0.0000000e+00
0.0000000e+00
0.0000000e+00
0.0000000e+00
0.0000000e+00
0.0000000e+00
0.0000000e+00
0.0000000e+00
0.0000000e+00
0.0000000e+00
0.0000000e+00
0.0000000e+00
0.0000000e+00
0.0000000e+00
0.0000000e+00
0.0000000e+00
0.0000000e+00
0.0000000e+00
0.0000000e+00
0.0000000e+00
0.0000000e+00
0.0000000e+00
0.0000000e+00
0.0000000e+00
0.0000000e+00
0.0000000e+00
0.0000000e+00
0.0000000e+00
0.0000000e+00
0.0000000e+00
0.0000000e+00
0.0000000e+00
0.0000000e+00
0.0000000e+00
0.0000000e+00
0.0000000e+00
0.0000000e+00
0.0000000e+00
0.0000000e+00
0.0000000e+00
0.0000000e+00
0.0000000e+00
0.0000000e+00
0.0000000e+00
0.0000000e+00
0.0000000e+00
0.0000000e+00
0.0000000e+00
0.0000000e+00
0.0000000e+00
0.0000000e+00
0.0000000e+00
0.0000000e+00
0.0000000e+00
0.0000000e+00
0.0000000e+00
0.0000000e+00
0.0000000e+00
0.0000000e+00
0.0000000e+00
0.0000000e+00
0.0000000e+00
0.0000000e+00
0.0000000e+00
0.0000000e+00
0.0000000e+00
0.0000000e+00
0.0000000e+00
0.0000000e+00
0.0000000e+00
0.0000000e+00
0.0000000e+00
0.0000000e+00
0.0000000e+00
0.0000000e+00
0.0000000e+00
0.0000000e+00
0.0000000e+00
0.0000000e+00
0.0000000e+00
0.0000000e+00
0.0000000e+00
0.0000000e+00
0.0000000e+00
0.0000000e+00
0.0000000e+00
0.0000000e+00
0.0000000e+00
0.0000000e+00
0.0000000e+00
0.0000000e+00
0.0000000e+00
0.0000000e+00
0.0000000e+00
0.0000000e+00
0.0000000e+00
0.0000000e+00
0.0000000e+00
0.0000000e+00
0.0000000e+00
0.0000000e+00
0.0000000e+00
0.0000000e+00
0.0000000e+00
0.0000000e+00
0.0000000e+00
0.0000000e+00
0.0000000e+00
0.0000000e+00
0.0000000e+00
0.0000000e+00
0.0000000e+00
0.0000000e+00
0.0000000e+00
0.0000000e+00
0.0000000e+00
0.0000000e+00
0.0000000e+00
0.0000000e+00
0.0000000e+00
0.0000000e+00
0.0000000e+00
0.0000000e+00
0.0000000e+00
0.0000000e+00
0.0000000e+00
0.0000000e+00
0.0000000e+00
0.0000000e+00
0.0000000e+00
0.0000000e+00
0.0000000e+00
0.0000000e+00
0.0000000e+00
0.0000000e+00
0.0000000e+00
0.0000000e+00
0.0000000e+00
0.0000000e+00
0.0000000e+00
0.0000000e+00
0.0000000e+00
0.0000000e+00
0.0000000e+00
0.0000000e+00
0.0000000e+00
0.0000000e+00
0.0000000e+00
0.0000000e+00
0.0000000e+00
0.0000000e+00
0.0000000e+00
0.0000000e+00
0.0000000e+00
0.0000000e+00
0.0000000e+00
0.0000000e+00
0.0000000e+00
0.0000000e+00
0.0000000e+00
0.0000000e+00
0.0000000e+00
0.0000000e+00
0.0000000e+00
0.0000000e+00
0.0000000e+00
0.0000000e+00
0.0000000e+00
0.0000000e+00
0.0000000e+00
0.0000000e+00
0.0000000e+00
0.0000000e+00
0.0000000e+00
0.0000000e+00
0.0000000e+00
0.0000000e+00
0.0000000e+00
0.0000000e+00
0.0000000e+00
0.0000000e+00
0.0000000e+00
0.0000000e+00
0.0000000e+00
0.0000000e+00
0.0000000e+00
0.0000000e+00
0.0000000e+00
0.0000000e+00
0.0000000e+00
0.0000000e+00
0.0000000e+00
0.0000000e+00
0.0000000e+00
0.0000000e+00
0.0000000e+00
0.0000000e+00
0.0000000e+00
0.0000000e+00
0.0000000e+00
0.0000000e+00
0.0000000e+00
0.0000000e+00
0.0000000e+00
0.0000000e+00
0.0000000e+00
0.0000000e+00
0.0000000e+00
0.0000000e+00
0.0000000e+00
0.0000000e+00
0.0000000e+00
0.0000000e+00
0.0000000e+00
0.0000000e+00
0.0000000e+00
0.0000000e+00
0.0000000e+00
0.0000000e+00
0.0000000e+00
0.0000000e+00
0.0000000e+00
0.0000000e+00
0.0000000e+00
0.0000000e+00
0.0000000e+00
0.0000000e+00
0.0000000e+00
0.0000000e+00
0.0000000e+00
0.0000000e+00
0.0000000e+00
0.0000000e+00
0.0000000e+00
0.0000000e+00
0.0000000e+00
0.0000000e+00
0.0000000e+00
0.0000000e+00
0.0000000e+00
0.0000000e+00
0.0000000e+00
0.0000000e+00
0.0000000e+00
0.0000000e+00
0.0000000e+00
0.0000000e+00
0.0000000e+00
0.0000000e+00
0.0000000e+00
0.0000000e+00
0.0000000e+00
0.0000000e+00
0.0000000e+00
0.0000000e+00
0.0000000e+00
0.0000000e+00
0.0000000e+00
0.0000000e+00
0.0000000e+00
0.0000000e+00
0.0000000e+00
0.0000000e+00
0.0000000e+00
0.0000000e+00
0.0000000e+00
0.0000000e+00
0.0000000e+00
0.0000000e+00
0.0000000e+00
0.0000000e+00
0.0000000e+00
0.0000000e+00
0.0000000e+00
0.0000000e+00
0.0000000e+00
0.0000000e+00
0.0000000e+00
0.0000000e+00
0.0000000e+00
0.0000000e+00
0.0000000e+00
0.0000000e+00
0.0000000e+00
0.0000000e+00
0.0000000e+00
0.0000000e+00
0.0000000e+00
0.0000000e+00
0.0000000e+00
0.0000000e+00
0.0000000e+00
0.0000000e+00
0.0000000e+00
0.0000000e+00
0.0000000e+00
0.0000000e+00
0.0000000e+00
0.0000000e+00
0.0000000e+00
0.0000000e+00
0.0000000e+00
0.0000000e+00
0.0000000e+00
0.0000000e+00
0.0000000e+00
0.0000000e+00
0.0000000e+00
0.0000000e+00
0.0000000e+00
0.0000000e+00
0.0000000e+00
0.0000000e+00
0.0000000e+00
0.0000000e+00
0.0000000e+00
0.0000000e+00
0.0000000e+00
0.0000000e+00
0.0000000e+00
0.0000000e+00
0.0000000e+00
0.0000000e+00
0.0000000e+00
0.0000000e+00
0.0000000e+00
0.0000000e+00
0.0000000e+00
0.0000000e+00
0.0000000e+00
0.0000000e+00
0.0000000e+00
0.0000000e+00
0.0000000e+00
0.0000000e+00
0.0000000e+00
0.0000000e+00
0.0000000e+00
0.0000000e+00
0.0000000e+00
0.0000000e+00
0.0000000e+00
0.0000000e+00
0.0000000e+00
0.0000000e+00
0.0000000e+00
0.0000000e+00
0.0000000e+00
0.0000000e+00
0.0000000e+00
0.0000000e+00
0.0000000e+00
0.0000000e+00
0.0000000e+00
0.0000000e+00
0.0000000e+00
0.0000000e+00
0.0000000e+00
0.0000000e+00
0.0000000e+00
0.0000000e+00
0.0000000e+00
0.0000000e+00
0.0000000e+00
0.0000000e+00
0.0000000e+00
0.0000000e+00
0.0000000e+00
0.0000000e+00
0.0000000e+00
0.0000000e+00
0.0000000e+00
0.0000000e+00
0.0000000e+00
0.0000000e+00
0.0000000e+00
0.0000000e+00
0.0000000e+00
0.0000000e+00
0.0000000e+00
0.0000000e+00
0.0000000e+00
0.0000000e+00
0.0000000e+00
0.0000000e+00
0.0000000e+00
0.0000000e+00
0.0000000e+00
0.0000000e+00
0.0000000e+00
0.0000000e+00
0.0000000e+00
0.0000000e+00
0.0000000e+00
0.0000000e+00
0.0000000e+00
0.0000000e+00
0.0000000e+00
0.0000000e+00
0.0000000e+00
0.0000000e+00
0.0000000e+00
0.0000000e+00
0.0000000e+00
0.0000000e+00
0.0000000e+00
0.0000000e+00
0.0000000e+00
0.0000000e+00
0.0000000e+00
0.0000000e+00
0.0000000e+00
0.0000000e+00
0.0000000e+00
0.0000000e+00
0.0000000e+00
0.0000000e+00
0.0000000e+00
0.0000000e+00
0.0000000e+00
0.0000000e+00
0.0000000e+00
0.0000000e+00
0.0000000e+00
0.0000000e+00
0.0000000e+00
0.0000000e+00
0.0000000e+00
0.0000000e+00
0.0000000e+00
0.0000000e+00
0.0000000e+00
0.0000000e+00
0.0000000e+00
0.0000000e+00
0.0000000e+00
0.0000000e+00
0.0000000e+00
0.0000000e+00
0.0000000e+00
0.0000000e+00
0.0000000e+00
0.0000000e+00
0.0000000e+00
0.0000000e+00
0.0000000e+00
0.0000000e+00
0.0000000e+00
0.0000000e+00
0.0000000e+00
0.0000000e+00
0.0000000e+00
0.0000000e+00
0.0000000e+00
0.0000000e+00
0.0000000e+00
0.0000000e+00
0.0000000e+00
0.0000000e+00
0.0000000e+00
0.0000000e+00
0.0000000e+00
0.0000000e+00
0.0000000e+00
0.0000000e+00
0.0000000e+00
0.0000000e+00
0.0000000e+00
0.0000000e+00
0.0000000e+00
0.0000000e+00
0.0000000e+00
0.0000000e+00
0.0000000e+00
0.0000000e+00
0.0000000e+00
0.0000000e+00
0.0000000e+00
0.0000000e+00
0.0000000e+00
0.0000000e+00
0.0000000e+00
0.0000000e+00
0.0000000e+00
0.0000000e+00
0.0000000e+00
0.0000000e+00
0.0000000e+00
0.0000000e+00
0.0000000e+00
0.0000000e+00
0.0000000e+00
0.0000000e+00
0.0000000e+00
0.0000000e+00
0.0000000e+00
0.0000000e+00
0.0000000e+00
0.0000000e+00
0.0000000e+00
0.0000000e+00
0.0000000e+00
0.0000000e+00
0.0000000e+00
0.0000000e+00
0.0000000e+00
0.0000000e+00
0.0000000e+00
0.0000000e+00
0.0000000e+00
0.0000000e+00
0.0000000e+00
0.0000000e+00
0.0000000e+00
0.0000000e+00
0.0000000e+00
0.0000000e+00
0.0000000e+00
0.0000000e+00
0.0000000e+00
0.0000000e+00
0.0000000e+00
0.0000000e+00
0.0000000e+00
0.0000000e+00
0.0000000e+00
0.0000000e+00
0.0000000e+00
0.0000000e+00
0.0000000e+00
0.0000000e+00
0.0000000e+00
0.0000000e+00
0.0000000e+00
0.0000000e+00
0.0000000e+00
0.0000000e+00
0.0000000e+00
0.0000000e+00
0.0000000e+00
0.0000000e+00
0.0000000e+00
0.0000000e+00
0.0000000e+00
0.0000000e+00
0.0000000e+00
0.0000000e+00
0.0000000e+00
0.0000000e+00
0.0000000e+00
0.0000000e+00
0.0000000e+00
0.0000000e+00
0.0000000e+00
0.0000000e+00
0.0000000e+00
0.0000000e+00
0.0000000e+00
0.0000000e+00
0.0000000e+00
0.0000000e+00
0.0000000e+00
0.0000000e+00
0.0000000e+00
0.0000000e+00
0.0000000e+00
0.0000000e+00
0.0000000e+00
0.0000000e+00
0.0000000e+00
0.0000000e+00
0.0000000e+00
0.0000000e+00
0.0000000e+00
0.0000000e+00
0.0000000e+00
0.0000000e+00
0.0000000e+00
0.0000000e+00
0.0000000e+00
0.0000000e+00
0.0000000e+00
0.0000000e+00
0.0000000e+00
0.0000000e+00
0.0000000e+00
0.0000000e+00
0.0000000e+00
0.0000000e+00
0.0000000e+00
0.0000000e+00
0.0000000e+00
0.0000000e+00
0.0000000e+00
0.0000000e+00
0.0000000e+00
0.0000000e+00
0.0000000e+00
0.0000000e+00
0.0000000e+00
0.0000000e+00
0.0000000e+00
0.0000000e+00
0.0000000e+00
0.0000000e+00
0.0000000e+00
0.0000000e+00
0.0000000e+00
0.0000000e+00
0.0000000e+00
0.0000000e+00
0.0000000e+00
0.0000000e+00
0.0000000e+00
0.0000000e+00
0.0000000e+00
0.0000000e+00
0.0000000e+00
0.0000000e+00
0.0000000e+00
0.0000000e+00
0.0000000e+00
0.0000000e+00
0.0000000e+00
0.0000000e+00
0.0000000e+00
0.0000000e+00
0.0000000e+00
0.0000000e+00
0.0000000e+00
0.0000000e+00
0.0000000e+00
0.0000000e+00
0.0000000e+00
0.0000000e+00
0.0000000e+00
0.0000000e+00
0.0000000e+00
0.0000000e+00
0.0000000e+00
0.0000000e+00
0.0000000e+00
0.0000000e+00
0.0000000e+00
0.0000000e+00
0.0000000e+00
0.0000000e+00
0.0000000e+00
0.0000000e+00
0.0000000e+00
0.0000000e+00
0.0000000e+00
0.0000000e+00
0.0000000e+00
0.0000000e+00
0.0000000e+00
0.0000000e+00
0.0000000e+00
0.0000000e+00
0.0000000e+00
0.0000000e+00
0.0000000e+00
0.0000000e+00
0.0000000e+00
0.0000000e+00
0.0000000e+00
0.0000000e+00
0.0000000e+00
0.0000000e+00
0.0000000e+00
0.0000000e+00
0.0000000e+00
0.0000000e+00
0.0000000e+00
0.0000000e+00
0.0000000e+00
0.0000000e+00
0.0000000e+00
0.0000000e+00
0.0000000e+00
0.0000000e+00
0.0000000e+00
0.0000000e+00
0.0000000e+00
0.0000000e+00
0.0000000e+00
0.0000000e+00
0.0000000e+00
0.0000000e+00
0.0000000e+00
0.0000000e+00
0.0000000e+00
0.0000000e+00
0.0000000e+00
0.0000000e+00
0.0000000e+00
0.0000000e+00
0.0000000e+00
0.0000000e+00
0.0000000e+00
0.0000000e+00
0.0000000e+00
0.0000000e+00
0.0000000e+00
0.0000000e+00
0.0000000e+00
0.0000000e+00
0.0000000e+00
0.0000000e+00
0.0000000e+00
0.0000000e+00
0.0000000e+00
0.0000000e+00
0.0000000e+00
0.0000000e+00
0.0000000e+00
0.0000000e+00
0.0000000e+00
0.0000000e+00
0.0000000e+00
0.0000000e+00
0.0000000e+00
0.0000000e+00
0.0000000e+00
0.0000000e+00
0.0000000e+00
0.0000000e+00
0.0000000e+00
0.0000000e+00
0.0000000e+00
0.0000000e+00
0.0000000e+00
0.0000000e+00
0.0000000e+00
0.0000000e+00
0.0000000e+00
0.0000000e+00
0.0000000e+00
0.0000000e+00
0.0000000e+00
0.0000000e+00
0.0000000e+00
0.0000000e+00
0.0000000e+00
0.0000000e+00
0.0000000e+00
0.0000000e+00
0.0000000e+00
0.0000000e+00
0.0000000e+00
0.0000000e+00
0.0000000e+00
0.0000000e+00
0.0000000e+00
0.0000000e+00
0.0000000e+00
0.0000000e+00
0.0000000e+00
0.0000000e+00
0.0000000e+00
0.0000000e+00
0.0000000e+00
0.0000000e+00
0.0000000e+00
0.0000000e+00
0.0000000e+00
0.0000000e+00
0.0000000e+00
0.0000000e+00
0.0000000e+00
0.0000000e+00
0.0000000e+00
0.0000000e+00
0.0000000e+00
0.0000000e+00
0.0000000e+00
0.0000000e+00
0.0000000e+00
0.0000000e+00
0.0000000e+00
0.0000000e+00
0.0000000e+00
0.0000000e+00
0.0000000e+00
0.0000000e+00
0.0000000e+00
0.0000000e+00
0.0000000e+00
0.0000000e+00
0.0000000e+00
0.0000000e+00
0.0000000e+00
0.0000000e+00
0.0000000e+00
0.0000000e+00
0.0000000e+00
0.0000000e+00
0.0000000e+00
0.0000000e+00
0.0000000e+00
0.0000000e+00
0.0000000e+00
0.0000000e+00
0.0000000e+00
0.0000000e+00
0.0000000e+00
0.0000000e+00
0.0000000e+00
0.0000000e+00
0.0000000e+00
0.0000000e+00
0.0000000e+00
0.0000000e+00
0.0000000e+00
0.0000000e+00
0.0000000e+00
0.0000000e+00
0.0000000e+00
0.0000000e+00
0.0000000e+00
0.0000000e+00
0.0000000e+00
0.0000000e+00
0.0000000e+00
0.0000000e+00
0.0000000e+00
0.0000000e+00
0.0000000e+00
0.0000000e+00
0.0000000e+00
0.0000000e+00
0.0000000e+00
0.0000000e+00
0.0000000e+00
0.0000000e+00
0.0000000e+00
0.0000000e+00
0.0000000e+00
0.0000000e+00
0.0000000e+00
0.0000000e+00
0.0000000e+00
0.0000000e+00
0.0000000e+00
0.0000000e+00
0.0000000e+00
0.0000000e+00
0.0000000e+00
0.0000000e+00
0.0000000e+00
0.0000000e+00
0.0000000e+00
0.0000000e+00
0.0000000e+00
0.0000000e+00
0.0000000e+00
0.0000000e+00
0.0000000e+00
0.0000000e+00
0.0000000e+00
0.0000000e+00
0.0000000e+00
0.0000000e+00
0.0000000e+00
0.0000000e+00
0.0000000e+00
0.0000000e+00
0.0000000e+00
0.0000000e+00
0.0000000e+00
0.0000000e+00
0.0000000e+00
0.0000000e+00
0.0000000e+00
0.0000000e+00
0.0000000e+00
0.0000000e+00
0.0000000e+00
0.0000000e+00
0.0000000e+00
0.0000000e+00
0.0000000e+00
0.0000000e+00
0.0000000e+00
0.0000000e+00
0.0000000e+00
0.0000000e+00
0.0000000e+00
0.0000000e+00
0.0000000e+00
0.0000000e+00
0.0000000e+00
0.0000000e+00
0.0000000e+00
0.0000000e+00
0.0000000e+00
0.0000000e+00
0.0000000e+00
0.0000000e+00
0.0000000e+00
0.0000000e+00
0.0000000e+00
0.0000000e+00
0.0000000e+00
0.0000000e+00
0.0000000e+00
0.0000000e+00
0.0000000e+00
0.0000000e+00
0.0000000e+00
0.0000000e+00
0.0000000e+00
0.0000000e+00
0.0000000e+00
0.0000000e+00
0.0000000e+00
0.0000000e+00
0.0000000e+00
0.0000000e+00
0.0000000e+00
0.0000000e+00
0.0000000e+00
0.0000000e+00
0.0000000e+00
0.0000000e+00
0.0000000e+00
0.0000000e+00
0.0000000e+00
0.0000000e+00
0.0000000e+00
0.0000000e+00
0.0000000e+00
0.0000000e+00
0.0000000e+00
0.0000000e+00
0.0000000e+00
0.0000000e+00
0.0000000e+00
0.0000000e+00
0.0000000e+00
0.0000000e+00
0.0000000e+00
0.0000000e+00
0.0000000e+00
0.0000000e+00
0.0000000e+00
0.0000000e+00
0.0000000e+00
0.0000000e+00
0.0000000e+00
0.0000000e+00
0.0000000e+00
0.0000000e+00
0.0000000e+00
0.0000000e+00
0.0000000e+00
0.0000000e+00
0.0000000e+00
0.0000000e+00
0.0000000e+00
0.0000000e+00
0.0000000e+00
0.0000000e+00
0.0000000e+00
0.0000000e+00
0.0000000e+00
0.0000000e+00
0.0000000e+00
0.0000000e+00
0.0000000e+00
0.0000000e+00
0.0000000e+00
0.0000000e+00
0.0000000e+00
0.0000000e+00
0.0000000e+00
0.0000000e+00
0.0000000e+00
0.0000000e+00
0.0000000e+00
0.0000000e+00
0.0000000e+00
0.0000000e+00
0.0000000e+00
0.0000000e+00
0.0000000e+00
0.0000000e+00
0.0000000e+00
0.0000000e+00
0.0000000e+00
0.0000000e+00
0.0000000e+00
0.0000000e+00
0.0000000e+00
0.0000000e+00
0.0000000e+00
0.0000000e+00
0.0000000e+00
0.0000000e+00
0.0000000e+00
0.0000000e+00
0.0000000e+00
0.0000000e+00
0.0000000e+00
0.0000000e+00
0.0000000e+00
0.0000000e+00
0.0000000e+00
0.0000000e+00
0.0000000e+00
0.0000000e+00
0.0000000e+00
0.0000000e+00
0.0000000e+00
0.0000000e+00
0.0000000e+00
0.0000000e+00
0.0000000e+00
0.0000000e+00
0.0000000e+00
0.0000000e+00
0.0000000e+00
0.0000000e+00
0.0000000e+00
0.0000000e+00
0.0000000e+00
0.0000000e+00
0.0000000e+00
0.0000000e+00
0.0000000e+00
0.0000000e+00
0.0000000e+00
0.0000000e+00
0.0000000e+00
0.0000000e+00
0.0000000e+00
0.0000000e+00
0.0000000e+00
0.0000000e+00
0.0000000e+00
0.0000000e+00
0.0000000e+00
0.0000000e+00
0.0000000e+00
0.0000000e+00
0.0000000e+00
0.0000000e+00
0.0000000e+00
0.0000000e+00
CAUCHY_STRESS_VECTOR 3 4225  float
6.3266840e+06 4.6164340e+06 5.8599050e+06 
6.6827740e+06 4.7962370e+06 6.0370940e+06 
6.6590635e+06 5.3718455e+06 6.0180555e+06 
6.9633275e+06 4.9049325e+06 6.2394805e+06 
6.8676670e+06 5.3776410e+06 6.1288370e+06 
6.8605410e+06 5.7667770e+06 6.3124320e+06 
7.1266870e+06 4.9830085e+06 6.3961785e+06 
7.0797025e+06 5.3327520e+06 6.2837260e+06 
6.9332745e+06 5.7211175e+06 6.3420070e+06 
7.2785370e+06 5.0645215e+06 6.5295315e+06 
7.2281090e+06 5.3463990e+06 6.4190920e+06 
6.9532685e+06 5.9094625e+06 6.4374605e+06 
7.0973270e+06 5.6723270e+06 6.4176670e+06 
7.4428665e+06 5.1570810e+06 6.6459035e+06 
7.3781290e+06 5.3862460e+06 6.5384200e+06 
7.0243785e+06 5.8963060e+06 6.4620635e+06 
7.2609085e+06 5.6654060e+06 6.5090665e+06 
6.9952735e+06 5.9732530e+06 6.5121985e+06 
7.1710610e+06 5.8722295e+06 6.5191335e+06 
7.6276200e+06 5.2627430e+06 6.7465280e+06 
7.5446535e+06 5.4427515e+06 6.6437335e+06 
7.4398190e+06 5.6818485e+06 6.5979325e+06 
7.1040010e+06 5.9939520e+06 6.5399630e+06 
7.3496515e+06 5.8651305e+06 6.5895655e+06 
7.8336830e+06 5.3809395e+06 6.8307185e+06 
7.7319175e+06 5.5112825e+06 6.7347055e+06 
7.6402095e+06 5.7110305e+06 6.6781465e+06 
7.0321130e+06 6.0054155e+06 6.5709235e+06 
7.2720590e+06 5.9880040e+06 6.6002495e+06 
7.5573090e+06 5.8677285e+06 6.6601575e+06 
8.0586095e+06 5.5097650e+06 6.8971765e+06 
7.9392250e+06 5.5888405e+06 6.8101400e+06 
7.1965555e+06 6.0577690e+06 6.6069985e+06 
7.4805190e+06 5.9818745e+06 6.6662925e+06 
7.8620205e+06 5.7474365e+06 6.7463390e+06 
7.7904400e+06 5.8746830e+06 6.7236315e+06 
7.4032000e+06 6.0595735e+06 6.6790700e+06 
7.0882840e+06 6.0363070e+06 6.6374600e+06 
8.2982975e+06 5.6466080e+06 6.9445630e+06 
8.1634795e+06 5.6729560e+06 6.8686325e+06 
7.7213775e+06 5.9733860e+06 6.7292030e+06 
8.1022405e+06 5.7877275e+06 6.8002830e+06 
8.0444915e+06 5.8825655e+06 6.7759095e+06 
7.3139320e+06 6.1139130e+06 6.6831280e+06 
7.6498155e+06 6.0494555e+06 6.7489405e+06 
7.9871610e+06 5.9608765e+06 6.7834925e+06 
8.5478800e+06 5.7885165e+06 6.9717480e+06 
8.4003850e+06 5.7613115e+06 6.9088915e+06 
8.3564095e+06 5.8295765e+06 6.8384010e+06 
7.5674990e+06 6.1134785e+06 6.7698095e+06 
7.1799540e+06 6.0856465e+06 6.7270855e+06 
8.3141400e+06 5.8892080e+06 6.8145435e+06 
7.9261135e+06 6.0282470e+06 6.8108725e+06 
8.2708795e+06 5.9432335e+06 6.8258215e+06 
8.8022260e+06 5.9324235e+06 6.9779065e+06 
8.6451140e+06 5.8516265e+06 6.9298825e+06 
7.4644100e+06 6.1804235e+06 6.7817860e+06 
7.8551960e+06 6.0935090e+06 6.8468215e+06 
8.6194450e+06 5.8711230e+06 6.8595815e+06 
8.2232050e+06 5.9965680e+06 6.8612800e+06 
8.5937520e+06 5.8931285e+06 6.8380325e+06 
8.5659270e+06 5.9197525e+06 6.8542160e+06 
7.7667805e+06 6.1689180e+06 6.8823500e+06 
7.3165715e+06 6.1660850e+06 6.8495425e+06 
8.1663945e+06 6.0566175e+06 6.9109920e+06 
8.8926940e+06 5.9416385e+06 6.9308760e+06 
9.0562340e+06 6.0752875e+06 6.9625385e+06 
8.8861070e+06 5.9107250e+06 6.8630875e+06 
8.5332380e+06 5.9549640e+06 6.8980160e+06 
8.8777050e+06 5.8931955e+06 6.8454820e+06 
7.6526495e+06 6.2694400e+06 6.9115890e+06 
8.0946075e+06 6.1334790e+06 6.9668480e+06 
8.8660850e+06 5.8899775e+06 6.8675655e+06 
8.4920380e+06 6.0048500e+06 6.9604445e+06 
9.1382360e+06 6.0291225e+06 6.9114490e+06 
9.3050000e+06 6.2141800e+06 6.9254545e+06 
8.8492090e+06 5.9039285e+06 6.9198985e+06 
9.1512640e+06 5.9468480e+06 6.8484970e+06 
8.0014510e+06 6.2395430e+06 7.0232615e+06 
9.1605940e+06 5.8884455e+06 6.8364200e+06 
8.4378410e+06 6.0777050e+06 7.0341085e+06 
7.5029445e+06 6.2852150e+06 7.0104650e+06 
8.8243130e+06 5.9398515e+06 6.9942115e+06 
9.1655670e+06 5.8535695e+06 6.8653260e+06 
9.1648410e+06 5.8438915e+06 6.9263930e+06 
8.3656905e+06 6.1837750e+06 7.1137195e+06 
9.3770720e+06 6.1119175e+06 6.8714670e+06 
7.8806865e+06 6.3887965e+06 7.0775765e+06 
9.5439170e+06 6.3463400e+06 6.8667415e+06 
9.4100440e+06 5.9780200e+06 6.8156580e+06 
8.7879790e+06 6.0044670e+06 7.0836905e+06 
9.4373460e+06 5.8779890e+06 6.8106855e+06 
9.1564220e+06 5.8629635e+06 7.0119495e+06 
9.4590580e+06 5.8102205e+06 6.8473370e+06 
8.2706810e+06 6.3347405e+06 7.1964470e+06 
8.7363900e+06 6.1061920e+06 7.1833320e+06 
7.7404935e+06 6.4469435e+06 7.2124545e+06 
9.4745160e+06 5.7752010e+06 6.9173985e+06 
9.1377660e+06 5.9160835e+06 7.1156670e+06 
9.6048320e+06 6.1879530e+06 6.8110470e+06 
9.7687210e+06 6.4692005e+06 6.7867305e+06 
9.6579140e+06 6.0028160e+06 6.7646485e+06 
9.7032840e+06 5.8609635e+06 6.7683580e+06 
9.4824220e+06 5.7752745e+06 7.0137395e+06 
9.7417250e+06 5.7596110e+06 6.8137085e+06 
8.6657270e+06 6.2547355e+06 7.2902255e+06 
8.1485270e+06 6.5430690e+06 7.2820855e+06 
9.1059810e+06 6.0100745e+06 7.2328050e+06 
9.7732200e+06 5.6981095e+06 6.8931085e+06 
9.4809750e+06 5.8144360e+06 7.1304590e+06 
9.8174820e+06 6.2552660e+06 6.7305275e+06 
9.8907160e+06 6.0198580e+06 6.6957410e+06 
9.9755130e+06 6.5804060e+06 6.6859525e+06 
9.7971100e+06 5.6776575e+06 6.9999460e+06 
9.9541510e+06 5.8365155e+06 6.7097050e+06 
8.5726260e+06 6.4605720e+06 7.4037125e+06 
9.0581410e+06 6.1529385e+06 7.3604345e+06 
8.0281840e+06 6.6524900e+06 7.4558490e+06 
9.4680520e+06 5.8980930e+06 7.2630670e+06 
1.0009216e+07 5.7013875e+06 6.7647470e+06 
9.8122420e+06 5.7010510e+06 7.1287195e+06 
1.0056501e+07 5.6127705e+06 6.8539175e+06 
8.9916520e+06 6.3534170e+06 7.4975730e+06 
9.4414700e+06 6.0327505e+06 7.4086570e+06 
1.0011336e+07 6.3120160e+06 6.6304315e+06 
8.4546290e+06 6.7343655e+06 7.5254100e+06 
1.0104682e+07 6.0278230e+06 6.6093725e+06 
1.0095934e+07 5.5707970e+06 6.9711215e+06 
1.0160760e+07 6.6778115e+06 6.5651075e+06 
1.0186111e+07 5.8037975e+06 6.6351450e+06 
9.8171510e+06 5.7724260e+06 7.2751855e+06 
1.0257641e+07 5.6351555e+06 6.7009035e+06 
1.0126943e+07 5.5771615e+06 7.1112485e+06 
1.0320423e+07 5.5192410e+06 6.8003600e+06 
9.3992830e+06 6.2256315e+06 7.5660185e+06 
8.9046340e+06 6.6205025e+06 7.6452225e+06 
9.8102790e+06 5.8969605e+06 7.4364910e+06 
8.3631965e+06 6.9011080e+06 7.7393040e+06 
1.0374922e+07 5.4552105e+06 6.9279410e+06 
1.0148633e+07 5.6348515e+06 7.2703025e+06 
1.0183058e+07 6.3564920e+06 6.5114355e+06 
1.0296419e+07 6.0254475e+06 6.5061145e+06 
1.0321285e+07 6.7594810e+06 6.4250305e+06 
1.0395735e+07 5.7619700e+06 6.5452160e+06 
1.0483549e+07 5.5604840e+06 6.6227370e+06 
1.0421091e+07 5.4437525e+06 7.0789310e+06 
9.3401060e+06 6.4842530e+06 7.7356800e+06 
9.7902340e+06 6.0805365e+06 7.6112730e+06 
8.7962780e+06 6.9629275e+06 7.8063010e+06 
1.0561522e+07 5.4174915e+06 6.7330640e+06 
1.0159988e+07 5.7478600e+06 7.4455145e+06 
1.0458542e+07 5.4868150e+06 7.2495895e+06 
1.0630613e+07 5.3312705e+06 6.8711555e+06 
1.0462899e+07 6.0115345e+06 6.3866500e+06 
1.0329647e+07 6.3871165e+06 6.3743385e+06 
1.0579981e+07 5.7102080e+06 6.4405525e+06 
1.0454247e+07 6.8236770e+06 6.2666615e+06 
9.7560570e+06 6.3293625e+06 7.7996965e+06 
9.2634270e+06 6.8159810e+06 7.9198610e+06 
1.0160088e+07 5.9208750e+06 7.6354280e+06 
1.0683897e+07 5.4769105e+06 6.5308885e+06 
1.0691253e+07 5.3015990e+06 7.0326960e+06 
8.7414230e+06 7.1906220e+06 8.0602300e+06 
1.0486733e+07 5.5873280e+06 7.4372595e+06 
1.0776769e+07 5.3074165e+06 6.6527250e+06 
1.0743510e+07 5.3294865e+06 7.2142160e+06 
1.0860008e+07 5.1992265e+06 6.8015615e+06 
1.0148349e+07 6.1589415e+06 7.8399350e+06 
9.7074980e+06 6.6495845e+06 8.0034245e+06 
1.0505158e+07 5.7489120e+06 7.6404405e+06 
1.0601434e+07 5.9849570e+06 6.2517500e+06 
9.1698810e+06 7.2275910e+06 8.1223530e+06 
1.0448424e+07 6.4024430e+06 6.2200385e+06 
1.0736161e+07 5.6477070e+06 6.3218655e+06 
1.0934483e+07 5.1513005e+06 6.9734905e+06 
1.0557124e+07 6.8688505e+06 6.0910235e+06 
1.0856012e+07 5.3839500e+06 6.4260600e+06 
1.0787260e+07 5.4169050e+06 7.4131950e+06 
1.0963522e+07 5.1888475e+06 6.5600835e+06 
1.1000673e+07 5.1638040e+06 7.1653285e+06 
1.0124753e+07 6.4671125e+06 8.0602550e+06 
1.0513560e+07 5.9755715e+06 7.8588240e+06 
1.1060515e+07 5.0592215e+06 6.7199795e+06 
9.6452580e+06 7.0468925e+06 8.2255235e+06 
1.0822369e+07 5.5665185e+06 7.6281310e+06 
9.1578400e+06 7.5178290e+06 8.4151260e+06 
1.0709649e+07 5.9446625e+06 6.1022570e+06 
1.1148256e+07 4.9933075e+06 6.9022580e+06 
1.0861917e+07 5.5736895e+06 6.1899240e+06 
1.1058836e+07 5.2378480e+06 7.3747155e+06 
1.0537004e+07 6.4011555e+06 6.0495095e+06 
1.0997563e+07 5.2811045e+06 6.3089995e+06 
1.0627683e+07 6.8936255e+06 5.8992010e+06 
1.1119491e+07 5.0615660e+06 6.4559085e+06 
1.0512135e+07 6.2713785e+06 8.0932820e+06 
1.0090072e+07 6.8500970e+06 8.2988630e+06 
1.0848871e+07 5.7813970e+06 7.8585775e+06 
1.1227606e+07 4.9905135e+06 7.1040355e+06 
9.5712060e+06 7.5261390e+06 8.4703030e+06 
1.1229899e+07 4.9113135e+06 6.6272390e+06 
1.1109168e+07 5.3752350e+06 7.6001860e+06 
1.1299168e+07 5.0511780e+06 7.3231360e+06 
1.1330419e+07 4.8279460e+06 6.8199275e+06 
1.0785454e+07 5.8896705e+06 5.9390665e+06 
1.0955184e+07 5.4874110e+06 6.0455430e+06 
1.0593277e+07 6.3820585e+06 5.8637820e+06 
1.0867155e+07 6.0647305e+06 8.1051365e+06 
1.0501722e+07 6.6401560e+06 8.3458075e+06 
1.1106521e+07 5.1678725e+06 6.1804880e+06 
1.1151969e+07 5.5781960e+06 7.8412080e+06 
1.0046053e+07 7.3119170e+06 8.5593550e+06 
1.0663956e+07 6.8967850e+06 5.6923205e+06 
1.1242697e+07 4.9253150e+06 6.3409870e+06 
1.1422259e+07 4.8101990e+06 7.0314015e+06 
9.6067980e+06 7.8787980e+06 8.7998430e+06 
1.1363441e+07 5.1763290e+06 7.5581630e+06 
1.1366247e+07 4.7554885e+06 6.5241705e+06 
1.1506342e+07 4.8577195e+06 7.2596890e+06 
1.1479142e+07 4.6554405e+06 6.7274040e+06 
1.0878133e+07 6.4195400e+06 8.3694140e+06 
1.1187806e+07 5.8491250e+06 8.0981805e+06 
1.0483981e+07 7.0851655e+06 8.6194060e+06 
1.1420969e+07 5.3674415e+06 7.8085435e+06 
1.1014166e+07 5.3881615e+06 5.8895725e+06 
1.0827019e+07 5.8190760e+06 5.7631150e+06 
9.9955770e+06 7.8555780e+06 8.8462680e+06 
1.1181130e+07 5.0437545e+06 6.0413300e+06 
1.0615384e+07 6.3440740e+06 5.6639280e+06 
1.1582909e+07 4.6233130e+06 6.9484390e+06 
1.1331434e+07 4.7798110e+06 6.2161155e+06 
1.0664216e+07 6.8772570e+06 5.4715375e+06 
1.1583447e+07 4.9708395e+06 7.5034945e+06 
1.1467922e+07 4.5916790e+06 6.4115950e+06 
1.1217667e+07 6.1903175e+06 8.3724005e+06 
1.0883397e+07 6.8483950e+06 8.6539270e+06 
1.1678770e+07 4.6581350e+06 7.1855265e+06 
1.1472486e+07 5.6261915e+06 8.0745320e+06 
1.1592872e+07 4.4759330e+06 6.6255660e+06 
1.0461527e+07 7.6088105e+06 8.9179400e+06 
1.1654344e+07 5.1503525e+06 7.7622420e+06 
1.0082252e+07 8.2691020e+06 9.2097890e+06 
1.1037299e+07 5.2752710e+06 5.7228855e+06 
1.0832745e+07 5.7320435e+06 5.5753675e+06 
1.1219870e+07 4.9082610e+06 5.8923445e+06 
1.1708110e+07 4.4301970e+06 6.8561115e+06 
1.1767763e+07 4.7596165e+06 7.4374950e+06 
1.0601689e+07 6.2862310e+06 5.4510465e+06 
1.1384239e+07 4.6247530e+06 6.0820940e+06 
1.0626952e+07 6.8340980e+06 5.2380250e+06 
1.1243098e+07 6.6037100e+06 8.6659870e+06 
1.1519057e+07 5.9542165e+06 8.3571845e+06 
1.1533528e+07 4.4197730e+06 6.2903240e+06 
1.0885348e+07 7.3531390e+06 8.9619750e+06 
1.1719927e+07 5.3972865e+06 8.0360910e+06 
1.1815136e+07 4.4529530e+06 7.1017200e+06 
1.0438038e+07 8.2123555e+06 9.2459350e+06 
1.1850873e+07 4.9279365e+06 7.7038035e+06 
1.1670298e+07 4.2894995e+06 6.5152610e+06 
1.1915232e+07 4.5433525e+06 7.3613705e+06 
1.1796656e+07 4.2311055e+06 6.7553285e+06 
1.1023228e+07 5.1481095e+06 5.5463725e+06 
1.1221433e+07 4.7609175e+06 5.7343620e+06 
1.0801237e+07 5.6278065e+06 5.3768095e+06 
1.1562202e+07 6.3528765e+06 8.6582960e+06 
1.1781342e+07 5.7126820e+06 8.3259140e+06 
1.1266324e+07 7.0906320e+06 8.9817670e+06 
1.1399858e+07 4.4598320e+06 5.9397215e+06 
1.0550756e+07 6.2076590e+06 5.2262550e+06 
1.1929147e+07 5.1635380e+06 7.9845570e+06 
1.0887291e+07 7.9346350e+06 9.2974660e+06 
1.1561879e+07 4.2396315e+06 6.1611515e+06 
1.0550839e+07 6.7664810e+06 4.9929625e+06 
1.1914358e+07 4.2425910e+06 7.0092665e+06 
1.2009586e+07 4.7010255e+06 7.6345840e+06 
1.0577944e+07 8.6840000e+06 9.6400950e+06 
1.1710318e+07 4.0961658e+06 6.3973060e+06 
1.2024921e+07 4.3226130e+06 7.2762220e+06 
1.1840097e+07 6.0973730e+06 8.6332490e+06 
1.1604005e+07 6.8230255e+06 8.9803050e+06 
1.2003815e+07 5.4669200e+06 8.2804965e+06 
1.1847541e+07 4.0262218e+06 6.6469515e+06 
1.1290337e+07 7.6515665e+06 9.3231320e+06 
1.0970778e+07 5.0060880e+06 5.3609355e+06 
1.2099396e+07 4.9258840e+06 7.9214500e+06 
1.1184689e+07 4.6012695e+06 5.5682165e+06 
1.0731278e+07 5.5056645e+06 5.1684390e+06 
1.1377216e+07 4.2847390e+06 5.7897910e+06 
1.0893494e+07 8.5925300e+06 9.6647170e+06 
1.0461327e+07 6.1075765e+06 4.9906790e+06 
1.1975551e+07 4.0273802e+06 6.9090905e+06 
1.1551964e+07 4.0510942e+06 6.0248565e+06 
1.2129726e+07 4.4703055e+06 7.5558065e+06 
1.0434721e+07 6.6736775e+06 4.7375310e+06 
1.1712000e+07 3.8959195e+06 6.2724865e+06 
1.1898166e+07 6.5517775e+06 8.9602170e+06 
1.2076390e+07 5.8384375e+06 8.5929590e+06 
1.1647196e+07 7.3647940e+06 9.3261680e+06 
1.2185979e+07 5.2179385e+06 8.2226225e+06 
1.2096086e+07 4.0978572e+06 7.1830565e+06 
1.1859932e+07 3.8156768e+06 6.5317925e+06 
1.1318952e+07 8.2859380e+06 9.6938550e+06 
1.2230120e+07 4.6851065e+06 7.8481275e+06 
1.1108662e+07 4.4288850e+06 5.3947430e+06 
1.0878930e+07 4.8486600e+06 5.1674820e+06 
1.1087566e+07 9.1185770e+06 1.0085755e+07 
1.1315390e+07 4.0991702e+06 5.6330915e+06 
1.0621806e+07 5.3649760e+06 4.9512610e+06 
1.1997994e+07 3.8075810e+06 6.8020495e+06 
1.2210712e+07 4.2363465e+06 7.4685750e+06 
1.1502926e+07 3.8539912e+06 5.8822005e+06 
1.0332301e+07 5.9852835e+06 4.7454460e+06 
1.2148760e+07 6.2781075e+06 8.9238090e+06 
1.2270866e+07 5.5771070e+06 8.5392880e+06 
1.1958062e+07 7.0756950e+06 9.3094090e+06 
1.1674563e+07 3.6887238e+06 6.1415570e+06 
1.2327510e+07 4.9665810e+06 8.1537900e+06 
1.0277586e+07 6.5550480e+06 4.4729045e+06 
1.1695207e+07 7.9773870e+06 9.6991970e+06 
1.2128135e+07 3.8694622e+06 7.0827925e+06 
1.2320923e+07 4.4418575e+06 7.7658000e+06 
1.1833136e+07 3.5995598e+06 6.4106185e+06 
1.1356828e+07 8.9919130e+06 1.0097884e+07 
1.2252104e+07 3.9996218e+06 7.3738820e+06 
1.1981100e+07 3.5834012e+06 6.6889390e+06 
1.0992507e+07 4.2433580e+06 5.2147775e+06 
1.2355882e+07 6.0030400e+06 8.8731050e+06 
1.0746792e+07 4.6753190e+06 4.9669220e+06 
1.2223259e+07 6.7854240e+06 9.2753380e+06 
1.1213585e+07 3.9028335e+06 5.4704015e+06 
1.2423457e+07 5.3142515e+06 8.4738720e+06 
1.0471893e+07 5.2051580e+06 4.7262815e+06 
1.2022890e+07 7.6681225e+06 9.6837520e+06 
1.1414029e+07 3.6481500e+06 5.7339265e+06 
1.2428222e+07 4.7135550e+06 8.0753215e+06 
1.0162705e+07 5.8401520e+06 4.4916810e+06 
1.1597343e+07 3.4745265e+06 6.0052430e+06 
1.1752191e+07 8.6589040e+06 1.0102881e+07 
1.2120606e+07 3.6377395e+06 6.9762685e+06 
1.2371538e+07 4.1966855e+06 7.6755440e+06 
1.0078542e+07 6.4100255e+06 4.2002490e+06 
1.1766576e+07 3.3779342e+06 6.2841530e+06 
1.1604887e+07 9.5678680e+06 1.0541743e+07 
1.2443218e+07 6.4949465e+06 9.2261270e+06 
1.2519744e+07 5.7274325e+06 8.8098780e+06 
1.2253580e+07 3.7605290e+06 7.2726205e+06 
1.2302720e+07 7.3591835e+06 9.6501510e+06 
1.2534208e+07 5.0506020e+06 8.3981500e+06 
1.1924392e+07 3.3550092e+06 6.5704960e+06 
1.0835485e+07 4.0443108e+06 5.0291515e+06 
1.2096375e+07 8.3270830e+06 1.0086345e+07 
1.2488040e+07 4.4594580e+06 7.9883845e+06 
1.1071109e+07 3.6954532e+06 5.3024930e+06 
1.0573585e+07 4.4855980e+06 4.7601660e+06 
1.1284640e+07 3.4334035e+06 5.5807620e+06 
1.0280719e+07 5.0256770e+06 4.4945080e+06 
1.2073137e+07 3.4029508e+06 6.8642475e+06 
1.1823009e+07 9.4061830e+06 1.0540673e+07 
1.1479774e+07 3.2532698e+06 5.8642425e+06 
1.2381801e+07 3.9500545e+06 7.5783165e+06 
9.9516840e+06 5.6716170e+06 4.2305030e+06 
1.2618447e+07 6.2050720e+06 9.1636660e+06 
1.1659766e+07 3.1508462e+06 6.1530800e+06 
1.2640643e+07 5.4520075e+06 8.7356740e+06 
1.2535476e+07 7.0514365e+06 9.6006870e+06 
9.8368010e+06 6.2381055e+06 3.9207192e+06 
1.2603256e+07 4.7867775e+06 8.3133790e+06 
1.2214909e+07 3.5194080e+06 7.1655905e+06 
1.2390498e+07 7.9973295e+06 1.0051016e+07 
1.1827479e+07 3.1225480e+06 6.4474035e+06 
1.2506975e+07 4.2047975e+06 7.8940050e+06 
1.2182845e+07 9.0494810e+06 1.0520269e+07 
1.0636940e+07 3.8313942e+06 4.8386945e+06 
1.0887353e+07 3.4767745e+06 5.1301275e+06 
1.0358615e+07 4.2790685e+06 4.5481250e+06 
1.1114202e+07 3.2095970e+06 5.4234160e+06 
1.1985446e+07 3.1653228e+06 6.7474240e+06 
1.2351628e+07 3.7023632e+06 7.4749635e+06 
1.0047556e+07 4.8260470e+06 4.2569445e+06 
1.2749512e+07 5.9164795e+06 9.0896030e+06 
1.2123874e+07 1.0026946e+07 1.1003110e+07 
1.1321367e+07 3.0248980e+06 5.7192270e+06 
1.2721977e+07 6.7456030e+06 9.5373540e+06 
1.2718943e+07 5.1773750e+06 8.6518400e+06 
1.2635696e+07 7.6703710e+06 9.9992800e+06 
9.6984720e+06 5.4791675e+06 3.9630228e+06 
1.2630805e+07 4.5233035e+06 8.2206575e+06 
1.1512293e+07 2.9183365e+06 6.0180460e+06 
1.2135931e+07 3.2765550e+06 7.0535095e+06 
1.2490464e+07 8.6968150e+06 1.0480699e+07 
1.2485105e+07 3.9500105e+06 7.7930815e+06 
9.5516520e+06 6.0388325e+06 3.6354570e+06 
1.1690037e+07 2.8861452e+06 6.3202950e+06 
1.2287186e+07 9.8309850e+06 1.0988389e+07 
1.2837018e+07 5.6297395e+06 9.0053640e+06 
1.2863070e+07 6.4422865e+06 9.4618810e+06 
1.2280995e+07 3.4539608e+06 7.3662330e+06 
1.0661770e+07 3.2465670e+06 4.9540600e+06 
1.0396282e+07 3.6042920e+06 4.6442320e+06 
1.1857309e+07 2.9250598e+06 6.6264305e+06 
1.2755053e+07 4.9040535e+06 8.5595420e+06 
1.0902220e+07 2.9765925e+06 5.2625835e+06 
1.2833110e+07 7.3468070e+06 9.9332070e+06 
1.0101256e+07 4.0553392e+06 4.3317070e+06 
1.1121686e+07 2.7893665e+06 5.5708435e+06 
1.2617108e+07 4.2606335e+06 8.1209395e+06 
9.7717450e+06 4.6058240e+06 4.0145928e+06 
1.2747359e+07 8.3487370e+06 1.0424406e+07 
1.1323797e+07 2.6804482e+06 5.8796620e+06 
1.2016538e+07 3.0322362e+06 6.9370180e+06 
9.4023790e+06 5.2623390e+06 3.6903428e+06 
1.2422557e+07 3.6954795e+06 7.6863985e+06 
1.2606970e+07 9.4534890e+06 1.0941785e+07 
1.1511789e+07 2.6459245e+06 6.1897570e+06 
1.2959607e+07 6.1419895e+06 9.3757620e+06 
1.2881591e+07 5.3453375e+06 8.9121800e+06 
9.2224520e+06 5.8117890e+06 3.3455922e+06 
1.2983866e+07 7.0271320e+06 9.8545880e+06 
1.2638789e+07 1.0491018e+07 1.1465075e+07 
1.2169922e+07 3.2051595e+06 7.2527820e+06 
1.2749416e+07 4.6324885e+06 8.4597900e+06 
1.2954985e+07 8.0056925e+06 1.0353505e+07 
1.1688548e+07 2.6823545e+06 6.5018400e+06 
1.0393856e+07 3.0046285e+06 4.7750370e+06 
1.0112968e+07 3.3627185e+06 4.4465870e+06 
1.0648239e+07 2.7342760e+06 5.0989450e+06 
1.2562453e+07 3.9991630e+06 8.0150480e+06 
9.8009290e+06 3.8140545e+06 4.1118198e+06 
1.0880336e+07 2.5466485e+06 5.4197160e+06 
1.2874350e+07 9.0825380e+06 1.0878413e+07 
1.1856659e+07 2.7867005e+06 6.8166845e+06 
9.4526790e+06 4.3646015e+06 3.7684518e+06 
1.1093949e+07 2.4372368e+06 5.7385060e+06 
1.2319488e+07 3.4415462e+06 7.5746355e+06 
1.2744768e+07 1.0262014e+07 1.1436482e+07 
1.3012442e+07 5.8451365e+06 9.2802810e+06 
1.3089073e+07 6.7117540e+06 9.7649660e+06 
1.2883871e+07 5.0636870e+06 8.8111090e+06 
9.0627680e+06 5.0207030e+06 3.4135572e+06 
1.1292489e+07 2.4020145e+06 6.0563340e+06 
1.3114753e+07 7.6680405e+06 1.0269822e+07 
1.2702490e+07 4.3630675e+06 8.3534465e+06 
1.2018457e+07 2.9562492e+06 7.1351830e+06 
1.3091090e+07 8.7183950e+06 1.0800396e+07 
1.1479008e+07 2.4373980e+06 6.3741710e+06 
8.8485970e+06 5.5565845e+06 3.0522442e+06 
1.2467147e+07 3.7392445e+06 7.9036900e+06 
1.0083131e+07 2.7507890e+06 4.5937995e+06 
1.0351826e+07 2.4825618e+06 4.9331680e+06 
9.7864800e+06 3.1064225e+06 4.2465825e+06 
1.3020903e+07 9.8667130e+06 1.1363319e+07 
1.0596940e+07 2.2967412e+06 5.2664470e+06 
9.4570890e+06 3.5548918e+06 3.8893722e+06 
1.2176078e+07 3.1885248e+06 7.4583765e+06 
1.1656245e+07 2.5401888e+06 6.6930130e+06 
1.3022416e+07 5.5520865e+06 9.1765360e+06 
1.3149812e+07 6.4010115e+06 9.6656640e+06 
1.0822442e+07 2.1887765e+06 5.5951265e+06 
1.2844496e+07 4.7851465e+06 8.7030510e+06 
1.3228021e+07 7.3360685e+06 1.0174928e+07 
9.0897850e+06 4.1020045e+06 3.5195202e+06 
1.2614742e+07 4.0961348e+06 8.2412465e+06 
1.3144278e+07 1.0955488e+07 1.1923100e+07 
1.1031908e+07 2.1545580e+06 5.9205280e+06 
1.3258870e+07 8.3612615e+06 1.0709568e+07 
1.1826665e+07 2.7075060e+06 7.0139340e+06 
8.6790410e+06 4.7538605e+06 3.1337540e+06 
1.2331507e+07 3.4811990e+06 7.7874650e+06 
1.3245202e+07 9.4800990e+06 1.1275742e+07 
1.1228550e+07 2.1903902e+06 6.2438910e+06 
8.4295120e+06 5.2728450e+06 2.7565235e+06 
1.3167127e+07 6.0951870e+06 9.5578090e+06 
1.2990352e+07 5.2631475e+06 9.0654600e+06 
9.7291240e+06 2.4849140e+06 4.4110850e+06 
1.0012555e+07 2.2213992e+06 4.7659085e+06 
1.1992512e+07 2.9367115e+06 7.3381180e+06 
1.3296096e+07 7.0100060e+06 1.0070166e+07 
1.1415254e+07 2.2929445e+06 6.5664450e+06 
1.2764095e+07 4.5100320e+06 8.5887660e+06 
1.3191495e+07 1.0695090e+07 1.1880629e+07 
9.4163120e+06 2.8351878e+06 4.0450405e+06 
1.0271129e+07 2.0396741e+06 5.1116200e+06 
1.3379293e+07 8.0112805e+06 1.0607500e+07 
1.0508972e+07 1.9351699e+06 5.4500420e+06 
9.0692000e+06 3.2775610e+06 3.6652760e+06 
1.2486634e+07 3.8320010e+06 8.1238060e+06 
1.3419602e+07 9.1021930e+06 1.1175555e+07 
1.0729818e+07 1.9037210e+06 5.7828030e+06 
8.6825050e+06 3.8176860e+06 3.2687978e+06 
1.1594613e+07 2.4592040e+06 6.8894585e+06 
1.2155852e+07 3.2253272e+06 7.6668745e+06 
1.0937035e+07 1.9415482e+06 6.1114195e+06 
1.3142028e+07 5.7945185e+06 9.4423550e+06 
8.2506220e+06 4.4614335e+06 2.8520172e+06 
1.3421311e+07 1.0284985e+07 1.1780947e+07 
1.2917047e+07 4.9785895e+06 8.9478340e+06 
1.3320224e+07 6.6900390e+06 9.9566770e+06 
1.2643285e+07 4.2386270e+06 8.4688910e+06 
1.3453879e+07 7.6685560e+06 1.0495533e+07 
1.1768976e+07 2.6863952e+06 7.2142755e+06 
1.1133644e+07 2.0452235e+06 6.4373645e+06 
9.6299900e+06 1.9507772e+06 4.5978125e+06 
9.3313570e+06 2.2069082e+06 4.2276260e+06 
7.9646295e+06 4.9601995e+06 2.4595365e+06 
1.2318620e+07 3.5709552e+06 8.0016360e+06 
9.9025200e+06 1.7755154e+06 4.9557995e+06 
1.3545930e+07 8.7329810e+06 1.1064305e+07 
1.3635445e+07 1.1416029e+07 1.2372953e+07 
9.0019510e+06 2.5488345e+06 3.8427860e+06 
1.0153223e+07 1.6765552e+06 5.3037430e+06 
8.6367240e+06 2.9818040e+06 3.4404475e+06 
1.1322365e+07 2.2116222e+06 6.7621145e+06 
1.3600509e+07 9.8853340e+06 1.1669109e+07 
1.0385984e+07 1.6497001e+06 5.6435850e+06 
1.1940490e+07 2.9719190e+06 7.5423300e+06 
1.3075478e+07 5.4992110e+06 9.3200980e+06 
1.3301594e+07 6.3763180e+06 9.8354230e+06 
8.2302805e+06 3.5113220e+06 3.0172890e+06 
1.2803269e+07 4.6986510e+06 8.8243080e+06 
1.3484070e+07 7.3331595e+06 1.0374806e+07 
1.0604311e+07 1.6911149e+06 5.9771275e+06 
1.2482659e+07 3.9711925e+06 8.3439430e+06 
1.3623496e+07 1.1126224e+07 1.2316795e+07 
1.1505647e+07 2.4378665e+06 7.0871885e+06 
1.3625908e+07 8.3724245e+06 1.0943308e+07 
7.7769335e+06 4.1430565e+06 2.5694302e+06 
1.0811362e+07 1.7973008e+06 6.3060975e+06 
1.2111139e+07 3.3132725e+06 7.8751495e+06 
1.3731119e+07 9.4959530e+06 1.1546607e+07 
9.2036710e+06 1.6707319e+06 4.4295175e+06 
9.4907100e+06 1.5043792e+06 4.7995315e+06 
8.8893230e+06 1.9167214e+06 4.0441570e+06 
9.7548590e+06 1.4131146e+06 5.1566925e+06 
7.4533690e+06 4.6182730e+06 2.1623882e+06 
8.5428580e+06 2.2472222e+06 3.6406498e+06 
1.3241336e+07 6.0689670e+06 9.7072060e+06 
1.1685717e+07 2.7212602e+06 7.4141605e+06 
1.2968400e+07 5.2094430e+06 9.1916970e+06 
1.1009970e+07 1.9650554e+06 6.6321945e+06 
1.3471227e+07 7.0051380e+06 1.0246273e+07 
1.2649755e+07 4.4235505e+06 8.6954100e+06 
1.0000144e+07 1.3927320e+06 5.5032625e+06 
1.3805226e+07 1.0704267e+07 1.2190998e+07 
8.1590975e+06 2.6673928e+06 3.2158128e+06 
1.3661154e+07 8.0204675e+06 1.0813675e+07 
1.2282786e+07 3.7079752e+06 8.2143395e+06 
1.0230208e+07 1.4393675e+06 5.8413395e+06 
7.7325335e+06 3.1826082e+06 2.7660070e+06 
1.1202686e+07 2.1914240e+06 6.9571225e+06 
1.3815040e+07 9.1166500e+06 1.1414704e+07 
1.1864608e+07 3.0592218e+06 7.7446680e+06 
1.4107913e+07 1.1868635e+07 1.2810771e+07 
1.0448332e+07 1.5494801e+06 6.1729170e+06 
7.2573850e+06 3.7983682e+06 2.2870815e+06 
1.3140519e+07 5.7680910e+06 9.5726860e+06 
1.3938104e+07 1.0294150e+07 1.2055166e+07 
1.2821670e+07 4.9253770e+06 9.0576840e+06 
1.3416634e+07 6.6845220e+06 1.0110729e+07 
8.7330970e+06 1.3813529e+06 4.2616535e+06 
9.0352560e+06 1.2264350e+06 4.6433450e+06 
1.1391806e+07 2.4736418e+06 7.2826135e+06 
1.2457207e+07 4.1534922e+06 8.5615590e+06 
8.4024770e+06 1.6143526e+06 3.8614122e+06 
1.0657460e+07 1.7198194e+06 6.4999270e+06 
9.3135060e+06 1.1450822e+06 5.0093255e+06 
1.3653191e+07 7.6770415e+06 1.0676339e+07 
8.0384530e+06 1.9302524e+06 3.4394720e+06 
9.5720070e+06 1.1331016e+06 5.3621870e+06 
1.2044208e+07 3.4492135e+06 8.0803995e+06 
6.8951230e+06 4.2466730e+06 1.8661890e+06 
1.3854052e+07 8.7472340e+06 1.1274466e+07 
1.4037336e+07 1.1551675e+07 1.2741285e+07 
7.6357195e+06 2.3341298e+06 2.9923105e+06 
9.8145250e+06 1.1866261e+06 5.7043340e+06 
1.0860229e+07 1.9473829e+06 6.8242760e+06 
1.1579419e+07 2.8090725e+06 7.6104285e+06 
1.4024181e+07 9.8955250e+06 1.1910484e+07 
7.1886475e+06 2.8312555e+06 2.5159800e+06 
1.3000156e+07 5.4737825e+06 9.4323930e+06 
1.0044453e+07 1.3021015e+06 6.0380385e+06 
1.3321503e+07 6.3713305e+06 9.9688240e+06 
1.2636119e+07 4.6471615e+06 8.9184810e+06 
1.3603447e+07 7.3420735e+06 1.0532073e+07 
1.2226288e+07 3.8886722e+06 8.4230730e+06 
1.1059010e+07 2.2293650e+06 7.1478635e+06 
1.4170080e+07 1.1120710e+07 1.2590108e+07 
1.0264835e+07 1.4762598e+06 6.3654790e+06 
6.6913520e+06 3.4270050e+06 2.0060694e+06 
1.3849817e+07 8.3875140e+06 1.1126784e+07 
8.5356610e+06 9.4191531e+05 4.4877510e+06 
8.2177105e+06 1.0827922e+06 4.0948432e+06 
1.1767437e+07 3.1951442e+06 7.9423535e+06 
8.8287430e+06 8.7275512e+05 4.8620480e+06 
7.8702135e+06 1.2998575e+06 3.6801305e+06 
9.1012360e+06 8.7115181e+05 5.2206700e+06 
1.4065367e+07 9.5080590e+06 1.1757950e+07 
7.4880975e+06 1.5978729e+06 3.2401045e+06 
1.0478391e+07 1.7060810e+06 6.6887760e+06 
9.3570200e+06 9.3326219e+05 5.5663405e+06 
1.1255939e+07 2.5631010e+06 7.4725890e+06 
1.4557870e+07 1.2309667e+07 1.3233097e+07 
6.2892345e+06 3.8449768e+06 1.5720612e+06 
1.2821204e+07 5.1861250e+06 9.2867460e+06 
1.3186976e+07 6.0655755e+06 9.8210810e+06 
7.0659275e+06 1.9818491e+06 2.7708992e+06 
1.2412533e+07 4.3749395e+06 8.7744020e+06 
1.3513262e+07 7.0154860e+06 1.0381505e+07 
1.4256180e+07 1.0702599e+07 1.2430836e+07 
9.5995880e+06 1.0555491e+06 5.9016225e+06 
1.1957630e+07 3.6292832e+06 8.2801785e+06 
1.3803889e+07 8.0373040e+06 1.0972392e+07 
6.5979490e+06 2.4569858e+06 2.2682555e+06 
1.0687555e+07 1.9887479e+06 7.0100095e+06 
9.8320680e+06 1.2347585e+06 6.2289550e+06 
1.1452952e+07 2.9460070e+06 7.8003475e+06 
1.4063443e+07 9.1314360e+06 1.1598393e+07 
1.4430051e+07 1.1968003e+07 1.3150798e+07 
7.9913630e+06 6.5112744e+05 4.3332415e+06 
7.6568825e+06 7.7527375e+05 3.9297040e+06 
8.3000885e+06 5.9650225e+05 4.7152360e+06 
6.0781550e+06 3.0285910e+06 1.7275099e+06 
7.2918505e+06 9.7335656e+05 3.5010562e+06 
8.5874450e+06 6.0729294e+05 5.0789810e+06 
1.3014124e+07 5.7672660e+06 9.6679080e+06 
1.2604565e+07 4.9051980e+06 9.1360560e+06 
1.0894506e+07 2.3215942e+06 7.3312285e+06 
1.4297648e+07 1.0296869e+07 1.2264375e+07 
1.0057254e+07 1.4678849e+06 6.5506835e+06 
1.3383894e+07 6.6972040e+06 1.0225140e+07 
1.2151657e+07 4.1088502e+06 8.6256720e+06 
8.8574080e+06 6.7970794e+05 5.4275365e+06 
6.8910720e+06 1.2500831e+06 3.0434165e+06 
1.3717720e+07 7.6964265e+06 1.0811885e+07 
1.1651824e+07 3.3755195e+06 8.1330155e+06 
9.1135570e+06 8.1025938e+05 5.7637705e+06 
5.6349745e+06 3.4127218e+06 1.2811468e+06 
6.4489810e+06 1.6104175e+06 2.5525608e+06 
1.4020067e+07 8.7653550e+06 1.1432493e+07 
1.4513719e+07 1.1530718e+07 1.2975256e+07 
1.0277636e+07 1.7521300e+06 6.8690800e+06 
1.1101206e+07 2.7020488e+06 7.6544495e+06 
9.3590940e+06 9.9574081e+05 6.0903935e+06 
5.9596865e+06 2.0595301e+06 2.0239100e+06 
1.4296353e+07 9.9030780e+06 1.2091474e+07 
1.2803960e+07 5.4764105e+06 9.5096080e+06 
1.3216521e+07 6.3871540e+06 1.0063369e+07 
1.2351091e+07 4.6310790e+06 8.9805420e+06 
7.4017205e+06 3.5446528e+05 4.1802872e+06 
7.7269900e+06 3.1677728e+05 4.5692295e+06 
1.0495429e+07 2.0848548e+06 7.1863535e+06 
1.3592671e+07 7.3647120e+06 1.0645738e+07 
1.4982102e+07 1.2735899e+07 1.3636923e+07 
1.1854192e+07 3.8490340e+06 8.4724260e+06 
7.0498940e+06 4.5910534e+05 3.7668455e+06 
9.5968710e+06 1.2331956e+06 6.4099885e+06 
8.0301810e+06 3.4201378e+05 4.9373445e+06 
6.6666115e+06 6.3504519e+05 3.3249418e+06 
5.4170395e+06 2.6027298e+06 1.4525445e+06 
1.4553290e+07 1.1106946e+07 1.2793360e+07 
1.3936785e+07 8.4095340e+06 1.1260797e+07 
8.3153485e+06 4.2646550e+05 5.2880445e+06 
1.1309431e+07 3.1275790e+06 7.9816440e+06 
6.2465585e+06 8.8694175e+05 2.8502978e+06 
8.5861390e+06 5.6672869e+05 5.6245195e+06 
9.8294210e+06 1.5198774e+06 6.7250295e+06 
1.4254032e+07 9.5208140e+06 1.1912743e+07 
1.0712617e+07 2.4635268e+06 7.5046505e+06 
5.7840365e+06 1.2197378e+06 2.3383092e+06 
4.9315200e+06 2.9493892e+06 9.9461662e+05 
1.4799167e+07 1.2372106e+07 1.3542450e+07 
1.2557435e+07 5.1930185e+06 9.3463920e+06 
1.3012253e+07 6.0852685e+06 9.8964790e+06 
8.8458100e+06 7.5968175e+05 5.9497640e+06 
1.2061587e+07 4.3638475e+06 8.8203350e+06 
1.3430014e+07 7.0420020e+06 1.0474314e+07 
1.4550688e+07 1.0696126e+07 1.2605761e+07 
1.1520802e+07 3.5956332e+06 8.3147180e+06 
1.0058991e+07 1.8532046e+06 7.0378940e+06 
1.3815040e+07 8.0637090e+06 1.1083738e+07 
5.2730060e+06 1.6386251e+06 1.7840570e+06 
9.0972580e+06 1.0024538e+06 6.2666090e+06 
7.1088110e+06 3.4131828e+04 4.4243300e+06 
6.7659935e+06 5.2423598e+04 4.0293350e+06 
1.0930977e+07 2.8856672e+06 7.8260460e+06 
7.4289225e+06 7.5893836e+04 4.7959310e+06 
6.3959205e+06 1.3469298e+05 3.6068702e+06 
1.4172300e+07 9.1496920e+06 1.1728667e+07 
7.7304415e+06 1.7411736e+05 5.1479255e+06 
5.9936015e+06 2.8520662e+05 3.1525495e+06 
1.4834409e+07 1.1931000e+07 1.3343803e+07 
4.7071515e+06 2.1489955e+06 1.1823508e+06 
9.3430480e+06 1.2923860e+06 6.5777390e+06 
8.0170610e+06 3.2552212e+05 5.4838380e+06 
1.0287579e+07 2.2307118e+06 7.3508665e+06 
1.2772131e+07 5.7914835e+06 9.7246700e+06 
1.2275448e+07 4.9171035e+06 9.1783840e+06 
5.5536140e+06 5.0857650e+05 2.6616652e+06 
1.3230939e+07 6.7281480e+06 1.0297882e+07 
1.4507700e+07 1.0297737e+07 1.2412982e+07 
1.1736813e+07 4.1035852e+06 8.6554860e+06 
8.2920745e+06 5.2711269e+05 5.8069635e+06 
1.3656177e+07 7.7276340e+06 1.0901644e+07 
1.1152114e+07 3.3487955e+06 8.1525280e+06 
5.0701235e+06 8.0975344e+05 2.1291988e+06 
1.5378005e+07 1.3144537e+07 1.4019707e+07 
9.5854460e+06 1.6269878e+06 6.8857075e+06 
4.1779265e+06 2.4543898e+06 7.1368244e+05 
1.4052660e+07 8.7893540e+06 1.1539626e+07 
1.4828341e+07 1.1503733e+07 1.3140326e+07 
1.0516960e+07 2.6499980e+06 7.6661310e+06 
8.5584030e+06 7.7614475e+05 6.1203880e+06 
6.4448190e+06 -2.5076894e+05 4.2807915e+06 
6.0833325e+06 -2.5438447e+05 3.8808002e+06 
4.5369255e+06 1.1940115e+06 1.5498576e+06 
6.7830670e+06 -1.9038345e+05 4.6548525e+06 
1.4425982e+07 9.9112990e+06 1.2215436e+07 
5.6940090e+06 -1.9744159e+05 3.4503698e+06 
1.2497138e+07 5.5057435e+06 9.5480580e+06 
7.1022230e+06 -7.6662695e+04 5.0071680e+06 
1.1958848e+07 4.6486820e+06 9.0056340e+06 
1.2996566e+07 6.4230115e+06 1.0116620e+07 
9.8264570e+06 2.0038900e+06 7.1929400e+06 
8.8186290e+06 1.0700859e+06 6.4270140e+06 
1.1377490e+07 3.8503778e+06 8.4859720e+06 
5.2717880e+06 -7.5771617e+04 2.9846518e+06 
1.3461458e+07 7.4010790e+06 1.0714753e+07 
7.4060000e+06 8.7281961e+04 5.3416185e+06 
1.5142711e+07 1.2761261e+07 1.3913806e+07 
3.9475105e+06 1.6669229e+06 9.1815369e+05 
1.0748725e+07 3.1086742e+06 7.9857620e+06 
1.4782764e+07 1.1089690e+07 1.2932444e+07 
1.3896514e+07 8.4394680e+06 1.1345902e+07 
4.8111465e+06 1.1519677e+05 2.4784662e+06 
7.6977040e+06 2.9862784e+05 5.6618070e+06 
9.0750260e+06 1.4065724e+06 6.7295740e+06 
1.0067851e+07 2.4207952e+06 7.5017360e+06 
1.4307074e+07 9.5363650e+06 1.2013435e+07 
7.9802605e+06 5.5480281e+05 5.9710850e+06 
4.3061140e+06 3.8045594e+05 1.9263318e+06 
1.2188201e+07 5.2279965e+06 9.3666830e+06 
1.2727949e+07 6.1264645e+06 9.9306320e+06 
1.5130837e+07 1.2318609e+07 1.3693512e+07 
1.1608441e+07 4.3877745e+06 8.8281150e+06 
3.3730970e+06 1.9270461e+06 4.3961000e+05 
1.3232061e+07 7.0838300e+06 1.0523219e+07 
5.7341745e+06 -5.3712806e+05 4.1388105e+06 
6.0919250e+06 -4.5601556e+05 4.5141485e+06 
1.0984305e+07 3.6043148e+06 8.3117015e+06 
9.3295960e+06 1.7833634e+06 7.0306400e+06 
5.3527585e+06 -5.6520706e+05 3.7350612e+06 
1.4699345e+07 1.0688303e+07 1.2720481e+07 
8.2562510e+06 8.5344369e+05 6.2725765e+06 
6.4301585e+06 -3.2509759e+05 4.8656825e+06 
3.7503055e+06 7.2543300e+05 1.3225335e+06 
4.9430595e+06 -5.3663912e+05 3.2979202e+06 
1.3705169e+07 8.0997255e+06 1.1147693e+07 
6.7525790e+06 -1.4726356e+05 5.1976655e+06 
1.0311203e+07 2.8754288e+06 7.8142565e+06 
4.4999695e+06 -4.4737697e+05 2.8220320e+06 
1.4152408e+07 9.1725220e+06 1.1807208e+07 
1.5743589e+07 1.3533247e+07 1.4379388e+07 
7.0624760e+06 7.4890188e+04 5.5140215e+06 
8.5279420e+06 1.1923528e+06 6.5691955e+06 
1.5080587e+07 1.1889824e+07 1.3469687e+07 
9.5841010e+06 2.1982932e+06 7.3326255e+06 
3.1369778e+06 1.1559968e+06 6.6124088e+05 
4.0178825e+06 -2.9288878e+05 2.3016858e+06 
1.1846199e+07 4.9581980e+06 9.1805200e+06 
1.2426080e+07 5.8383875e+06 9.7399480e+06 
1.1224995e+07 4.1344065e+06 8.6457380e+06 
7.3627565e+06 3.3901500e+05 5.8183725e+06 
1.2969096e+07 6.7756880e+06 1.0327125e+07 
1.4579634e+07 1.0299045e+07 1.2504679e+07 
1.0557915e+07 3.3654895e+06 8.1325145e+06 
1.3479850e+07 7.7698385e+06 1.0945122e+07 
3.4906912e+06 -6.8104789e+04 1.7308711e+06 
8.7973250e+06 1.5694518e+06 6.8636595e+06 
7.6559795e+06 6.4296450e+05 6.1140650e+06 
1.5459204e+07 1.3133139e+07 1.4262887e+07 
5.3547120e+06 -7.2006388e+05 4.3737720e+06 
4.9759170e+06 -8.2399575e+05 3.9985138e+06 
9.8400950e+06 2.6492238e+06 7.6377820e+06 
2.5157438e+06 1.3665715e+06 1.7373564e+05 
5.7136435e+06 -5.7029431e+05 4.7232815e+06 
1.3963320e+07 8.8193860e+06 1.1596905e+07 
4.5731455e+06 -8.7912888e+05 3.5924460e+06 
1.4993608e+07 1.1474264e+07 1.3242562e+07 
6.0563695e+06 -3.7729122e+05 5.0516840e+06 
4.1417972e+06 -8.8207594e+05 3.1500762e+06 
2.9118095e+06 2.3263670e+05 1.1033819e+06 
7.9443915e+06 9.8474919e+05 6.4041925e+06 
1.2091901e+07 5.5586695e+06 9.5445380e+06 
9.0661430e+06 1.9827364e+06 7.1584955e+06 
6.3861330e+06 -1.4336258e+05 5.3632335e+06 
1.4425070e+07 9.9214310e+06 1.2285199e+07 
1.1471971e+07 4.6963070e+06 8.9894780e+06 
3.6767500e+06 -8.2894512e+05 2.6654822e+06 
1.2673609e+07 6.4764665e+06 1.0126489e+07 
1.0809243e+07 3.8886045e+06 8.4583500e+06 
1.3221706e+07 7.4495395e+06 1.0738248e+07 
1.5402093e+07 1.2690979e+07 1.4022558e+07 
6.7057935e+06 1.2942463e+05 5.6618240e+06 
1.0098953e+07 3.1339988e+06 7.9481890e+06 
3.1723325e+06 -7.1524950e+05 2.1323495e+06 
2.2742172e+06 6.1563919e+05 4.1297928e+05 
1.4871430e+07 1.1071337e+07 1.3012293e+07 
1.3741058e+07 8.4766030e+06 1.1382611e+07 
8.2299585e+06 1.3624909e+06 6.6916155e+06 
9.3359300e+06 2.4302302e+06 7.4560415e+06 
7.0178680e+06 4.3919338e+05 5.9510225e+06 
2.6223062e+06 -5.3580556e+05 1.5440512e+06 
4.5705430e+06 -9.8143456e+05 4.2335735e+06 
1.4236993e+07 9.5550110e+06 1.2062139e+07 
4.1689548e+06 -1.1102446e+06 3.8599388e+06 
4.9519985e+06 -8.1123006e+05 4.5796655e+06 
1.1726307e+07 5.2872055e+06 9.3443100e+06 
3.7432030e+06 -1.1950411e+06 3.4532185e+06 
1.6077461e+07 1.3900155e+07 1.4714383e+07 
1.2346588e+07 6.1859895e+06 9.9212700e+06 
1.1066317e+07 4.4422865e+06 8.7934110e+06 
5.3168935e+06 -6.0187375e+05 4.9032640e+06 
1.5309598e+07 1.2262447e+07 1.3779773e+07 
8.5144020e+06 1.7743780e+06 6.9789690e+06 
1.6043446e+06 7.7204544e+05 -8.2514062e+04 
7.3245630e+06 7.8420875e+05 6.2340980e+06 
1.2931818e+07 7.1385775e+06 1.0527067e+07 
1.0361895e+07 3.6503985e+06 8.2657380e+06 
3.2887492e+06 -1.2327308e+06 3.0073580e+06 
5.6683855e+06 -3.5531294e+05 5.2089555e+06 
1.4715472e+07 1.0680495e+07 1.2778975e+07 
2.0198626e+06 -2.8462425e+05 8.9379362e+05 
1.3486793e+07 8.1438400e+06 1.1164352e+07 
9.6080320e+06 2.9099410e+06 7.7584415e+06 
2.8004988e+06 -1.2196261e+06 2.5157992e+06 
6.0092585e+06 -7.3266859e+04 5.5009055e+06 
7.6278100e+06 1.1628322e+06 6.5140435e+06 
1.4016655e+07 9.1993680e+06 1.1835538e+07 
8.7992280e+06 2.2186218e+06 7.2686725e+06 
1.5747644e+07 1.3485823e+07 1.4588169e+07 
2.2727462e+06 -1.1513022e+06 1.9715301e+06 
1.5183200e+07 1.1846902e+07 1.3534602e+07 
6.3419620e+06 2.4271514e+05 5.7828930e+06 
1.1330153e+07 5.0238960e+06 9.1391230e+06 
1.3576510e+06 4.5196969e+04 1.7483700e+05 
1.1988974e+07 5.9040915e+06 9.7113750e+06 
1.0630009e+07 4.1961005e+06 8.5921170e+06 
1.2611208e+07 6.8367160e+06 1.0311527e+07 
1.4527055e+07 1.0301235e+07 1.2542642e+07 
3.7384280e+06 -1.2388575e+06 4.0932738e+06 
4.1444742e+06 -1.0467379e+06 4.4344005e+06 
9.8836370e+06 3.4198178e+06 8.0676350e+06 
3.3120525e+06 -1.3945409e+06 3.7230105e+06 
7.9292980e+06 1.5734785e+06 6.7935965e+06 
1.6991294e+06 -1.0224290e+06 1.3671928e+06 
1.3201625e+07 7.8207865e+06 1.0942101e+07 
6.6686460e+06 5.9120306e+05 6.0583515e+06 
4.5336285e+06 -8.1997125e+05 4.7518590e+06 
2.8614528e+06 -1.5116059e+06 3.3175550e+06 
9.0857550e+06 2.6934145e+06 7.5629290e+06 
4.9089225e+06 -5.6005931e+05 5.0505705e+06 
1.5647645e+07 1.3045943e+07 1.4329529e+07 
2.3822110e+06 -1.5873425e+06 2.8702362e+06 
1.3765227e+07 8.8541140e+06 1.1605385e+07 
6.3708775e+05 1.4238359e+05 -3.2759756e+05 
1.5024270e+07 1.1443748e+07 1.3287061e+07 
5.2730315e+06 -2.6829878e+05 5.3349605e+06 
6.9911945e+06 9.7084038e+05 6.3303970e+06 
1.0725958e+06 -8.2658575e+05 6.9527562e+05 
8.2305045e+06 2.0145731e+06 7.0752480e+06 
1.8693126e+06 -1.6183399e+06 2.3737765e+06 
1.1601664e+07 5.6306115e+06 9.4966630e+06 
1.0904264e+07 4.7686430e+06 8.9287850e+06 
1.4307411e+07 9.9330860e+06 1.2303286e+07 
1.2260846e+07 6.5437310e+06 1.0091526e+07 
1.0163797e+07 3.9577130e+06 8.3853455e+06 
5.6283130e+06 5.4153203e+04 5.6090090e+06 
1.2886593e+07 7.5071505e+06 1.0715787e+07 
9.3751440e+06 3.1968895e+06 7.8637200e+06 
1.6378795e+07 1.4243848e+07 1.5023576e+07 
1.3170610e+06 -1.6002709e+06 1.8203495e+06 
1.5515239e+07 1.2619225e+07 1.4069289e+07 
7.3112585e+06 1.3803022e+06 6.6018545e+06 
5.9768420e+06 4.0622569e+05 5.8762955e+06 
3.8540075e+05 -5.5607419e+05 -5.1590902e+04 
1.3483812e+07 8.5188850e+06 1.1371624e+07 
2.8572712e+06 -1.4908631e+06 3.9524345e+06 
3.2902548e+06 -1.2754922e+06 4.2868890e+06 
1.4834087e+07 1.1052440e+07 1.3037126e+07 
8.5327220e+06 2.4845142e+06 7.3612515e+06 
2.4038212e+06 -1.6753116e+06 3.5875092e+06 
3.7060175e+06 -1.0304231e+06 4.5967660e+06 
1.9262104e+06 -1.8272125e+06 3.1855150e+06 
4.1074220e+06 -7.5661325e+05 4.8873120e+06 
7.1898912e+05 -1.5276341e+06 1.2017171e+06 
1.4057695e+07 9.5756140e+06 1.2060851e+07 
1.1185520e+07 5.3653950e+06 9.2769500e+06 
1.0449437e+07 4.5213490e+06 8.7130610e+06 
6.3204450e+06 7.8688869e+05 6.1400415e+06 
7.6302830e+06 1.8182570e+06 6.8752750e+06 
1.1881658e+07 6.2594070e+06 9.8669230e+06 
4.4969990e+06 -4.5485206e+05 5.1631980e+06 
1.4202124e+06 -1.9443585e+06 2.7391068e+06 
1.6007480e+07 1.3817809e+07 1.4888571e+07 
9.6684110e+06 3.7270855e+06 8.1727980e+06 
1.5351727e+07 1.2205047e+07 1.3807391e+07 
1.2542683e+07 7.2026555e+06 1.0485298e+07 
-3.8819897e+05 -5.2369975e+05 -5.5982788e+05 
4.8769895e+06 -1.2583366e+05 5.4285810e+06 
8.8370810e+06 2.9816355e+06 7.6536215e+06 
8.8096450e+05 -2.0237195e+06 2.2401898e+06 
1.4613841e+07 1.0672469e+07 1.2784731e+07 
6.7778797e+04 -1.3934629e+06 5.0947666e+05 
1.3173449e+07 8.1933415e+06 1.1134162e+07 
6.6607265e+06 1.1951139e+06 6.4031430e+06 
7.9495330e+06 2.2833298e+06 7.1529510e+06 
5.2493765e+06 2.2978783e+05 5.6871640e+06 
1.3778990e+07 9.2284120e+06 1.1815250e+07 
3.0283850e+05 -2.0611314e+06 1.6799791e+06 
1.5867312e+07 1.3381743e+07 1.4613412e+07 
2.3884672e+06 -1.4959938e+06 4.1363372e+06 
1.9258741e+06 -1.7357568e+06 3.8104205e+06 
2.8334838e+06 -1.2319416e+06 4.4370935e+06 
1.0741376e+07 5.1082880e+06 9.0520130e+06 
1.5158319e+07 1.1802835e+07 1.3543744e+07 
1.1474531e+07 5.9835355e+06 9.6375380e+06 
1.4427114e+06 -1.9507064e+06 3.4530290e+06 
9.9664500e+06 4.2819145e+06 8.4916730e+06 
3.2635678e+06 -9.4389888e+05 4.7182435e+06 
-6.4478362e+05 -1.1890272e+06 -2.6454947e+05 
1.2170833e+07 6.9070360e+06 1.0250487e+07 
6.9990990e+06 1.6298396e+06 6.6681955e+06 
5.6159185e+06 6.1135506e+05 5.9422505e+06 
9.1445740e+06 3.5041730e+06 7.9541320e+06 
9.3556200e+05 -2.1399255e+06 3.0570008e+06 
1.4364648e+07 1.0303364e+07 1.2529777e+07 
3.6810718e+06 -6.3205244e+05 4.9846740e+06 
-3.2070550e+05 -2.0509145e+06 1.0491645e+06 
1.2835121e+07 7.8771595e+06 1.0892871e+07 
8.2701165e+06 2.7740702e+06 7.4369190e+06 
4.0047962e+05 -2.3018690e+06 2.6142570e+06 
4.0880948e+06 -2.9655675e+05 5.2406865e+06 
1.5697630e+07 1.2958186e+07 1.4337304e+07 
1.6647287e+07 1.4563352e+07 1.5306289e+07 
1.3472317e+07 8.8910990e+06 1.1566363e+07 
5.9781715e+06 1.0181724e+06 6.1967845e+06 
1.4936142e+07 1.1412056e+07 1.3278227e+07 
7.3368020e+06 2.0899399e+06 6.9375140e+06 
-1.6715428e+05 -2.4340368e+06 2.1157748e+06 
-1.4741366e+06 -1.2277389e+06 -7.7733369e+05 
4.4865155e+06 6.2411441e+04 5.4900780e+06 
-9.9726712e+05 -1.9854340e+06 3.3822050e+05 
1.0270043e+07 4.8591360e+06 8.8215960e+06 
1.1040323e+07 5.7159125e+06 9.4031600e+06 
9.4560670e+06 4.0502352e+06 8.2643070e+06 
1.1771943e+07 6.6200370e+06 1.0011175e+07 
1.4087554e+07 9.9446860e+06 1.2272140e+07 
1.4382002e+06 -1.7065566e+06 3.9817125e+06 
8.5930050e+06 3.2889220e+06 7.7289635e+06 
1.9154508e+06 -1.4231084e+06 4.2717305e+06 
9.4294350e+05 -1.9715930e+06 3.6663488e+06 
6.3375130e+06 1.4494759e+06 6.4533850e+06 
1.2469768e+07 7.5700315e+06 1.0647596e+07 
-7.7281525e+05 -2.5325382e+06 1.5516358e+06 
4.8780160e+06 4.4461447e+05 5.7362010e+06 
2.3770728e+06 -1.1207552e+06 4.5422305e+06 
1.6238568e+07 1.4127998e+07 1.5163432e+07 
4.2700894e+05 -2.2185545e+06 3.3189232e+06 
1.5499556e+07 1.2546553e+07 1.4060091e+07 
7.6749260e+06 2.5741950e+06 7.2131440e+06 
2.8252058e+06 -7.9897662e+05 4.7982715e+06 
1.3138646e+07 8.5633130e+06 1.1314043e+07 
1.4686254e+07 1.1032218e+07 1.3010696e+07 
-1.1265480e+05 -2.4474225e+06 2.9317010e+06 
-1.7356178e+06 -1.8546441e+06 -4.6208250e+05 
3.2617885e+06 -4.5730572e+05 5.0442580e+06 
-1.4230619e+06 -2.5915395e+06 9.1121138e+05 
5.2641025e+06 8.4972481e+05 5.9820205e+06 
6.6951635e+06 1.9044082e+06 6.7143720e+06 
-6.7960738e+05 -2.6575252e+06 2.4958142e+06 
1.0579864e+07 5.4563340e+06 9.1635460e+06 
1.3783548e+07 9.5960220e+06 1.2011672e+07 
9.7723160e+06 4.6177800e+06 8.5854090e+06 
1.1346880e+07 6.3414090e+06 9.7671580e+06 
8.9190470e+06 3.8261975e+06 8.0306135e+06 
3.6885838e+06 -9.5379562e+04 5.2840355e+06 
1.6061221e+07 1.3697033e+07 1.4873576e+07 
1.2078285e+07 7.2716620e+06 1.0398155e+07 
1.5274132e+07 1.2146304e+07 1.3781601e+07 
8.0144295e+06 3.0812668e+06 7.4968690e+06 
-1.2781028e+06 -2.8471058e+06 2.0011899e+06 
5.6461230e+06 1.2773029e+06 6.2301540e+06 
-2.6239122e+06 -1.9715774e+06 -9.7800969e+05 
1.4409646e+07 1.0662859e+07 1.2740990e+07 
1.2778896e+07 8.2447125e+06 1.1058124e+07 
-2.1257812e+06 -2.6026148e+06 1.8354561e+05 
4.1071958e+06 2.8703019e+05 5.5209695e+06 
4.3852784e+05 -1.9052982e+06 3.8216928e+06 
9.5137225e+05 -1.6023744e+06 4.0993068e+06 
7.0522020e+06 2.3819948e+06 6.9817840e+06 
-9.2889297e+04 -2.1961492e+06 3.5190278e+06 
1.4477072e+06 -1.2859434e+06 4.3579120e+06 
-1.9133468e+06 -3.0127238e+06 1.4365681e+06 
-6.4515875e+05 -2.4763178e+06 3.1842338e+06 
1.9294322e+06 -9.5466300e+05 4.6026830e+06 
1.3453563e+07 9.2569840e+06 1.1748205e+07 
1.5857113e+07 1.3277776e+07 1.4583230e+07 
1.0093969e+07 5.2045945e+06 8.9184300e+06 
9.2489800e+06 4.3840550e+06 8.3431345e+06 
1.0896483e+07 6.0709060e+06 9.5182060e+06 
1.6883104e+07 1.4858114e+07 1.5562250e+07 
4.5190840e+06 6.8999806e+05 5.7580110e+06 
1.5022339e+07 1.1756938e+07 1.3501644e+07 
6.0252835e+06 1.7267780e+06 6.4829045e+06 
-1.2208674e+06 -2.7469208e+06 2.8090150e+06 
2.3983112e+06 -6.0736050e+05 4.8380665e+06 
8.3561500e+06 3.6096765e+06 7.7902110e+06 
1.1661536e+07 6.9817635e+06 1.0144346e+07 
-2.8904040e+06 -2.5540588e+06 -6.4197944e+05 
1.4107253e+07 1.0303548e+07 1.2468931e+07 
7.4095815e+06 2.8811245e+06 7.2573890e+06 
2.8559882e+06 -2.4307141e+05 5.0679045e+06 
-2.5918290e+06 -3.1484702e+06 7.8968906e+05 
1.2393949e+07 7.9349690e+06 1.0798417e+07 
-1.8230595e+06 -3.0084380e+06 2.3836732e+06 
4.9255745e+06 1.1134321e+06 5.9977470e+06 
1.5627190e+07 1.2869692e+07 1.4292172e+07 
6.4026615e+06 2.1974335e+06 6.7422850e+06 
1.3098489e+07 8.9272040e+06 1.1481557e+07 
1.6441129e+07 1.4415675e+07 1.5412477e+07 
3.3039940e+06 1.3894258e+05 5.2955275e+06 
-2.4554712e+06 -3.2601558e+06 1.8969606e+06 
1.4745095e+07 1.1377985e+07 1.3220023e+07 
-5.9227441e+04 -1.7680665e+06 3.9181448e+06 
-6.1145006e+05 -2.0901338e+06 3.6546062e+06 
9.5834380e+06 4.9604835e+06 8.6675220e+06 
1.0421571e+07 5.8082815e+06 9.2640710e+06 
4.7533991e+05 -1.4381589e+06 4.1636695e+06 
8.7008190e+06 4.1577855e+06 8.0944290e+06 
-3.8414332e+06 -2.7574472e+06 -1.1594511e+06 
-1.1830370e+06 -2.4069025e+06 3.3668790e+06 
-3.3217108e+06 -3.2450162e+06 4.7754547e+04 
1.1220356e+07 6.7000540e+06 9.8859490e+06 
9.9389275e+05 -1.0981272e+06 4.3963860e+06 
1.3779962e+07 9.9538810e+06 1.2194327e+07 
5.3278690e+06 1.5570650e+06 6.2424385e+06 
7.7681410e+06 3.4005318e+06 7.5426900e+06 
3.7437508e+06 5.3918825e+05 5.5238335e+06 
-1.7758069e+06 -2.7210405e+06 3.0475978e+06 
1.1984652e+07 7.6337650e+06 1.0534720e+07 
-3.1228768e+06 -3.4993605e+06 1.3360305e+06 
1.4980174e+06 -7.4600775e+05 4.6207105e+06 
6.7792160e+06 2.6883918e+06 7.0100315e+06 
1.6229763e+07 1.3990859e+07 1.5109736e+07 
1.5372336e+07 1.2472289e+07 1.4000174e+07 
-2.3917758e+06 -3.0350922e+06 2.6879500e+06 
1.9892455e+06 -3.8017603e+05 4.8404150e+06 
1.2719177e+07 8.6063290e+06 1.1211531e+07 
1.4443270e+07 1.1009010e+07 1.2936529e+07 
4.1765748e+06 9.5794150e+05 5.7553445e+06 
-4.1131950e+06 -3.2885842e+06 -8.0170619e+05 
5.7270560e+06 2.0204469e+06 6.4940515e+06 
-3.0333230e+06 -3.3510512e+06 2.2773935e+06 
-3.8315610e+06 -3.7202375e+06 6.8659844e+05 
9.9229500e+06 5.5532880e+06 9.0044850e+06 
9.0490640e+06 4.7237825e+06 8.4105110e+06 
2.4690480e+06 6.5496680e+02 5.0587400e+06 
1.3428618e+07 9.6134720e+06 1.1916980e+07 
1.0755561e+07 6.4262555e+06 9.6227310e+06 
8.1286155e+06 3.9387822e+06 7.8389270e+06 
1.1551822e+07 7.3407910e+06 1.0266820e+07 
7.1557990e+06 3.1986042e+06 7.2876150e+06 
1.5994207e+07 1.3576840e+07 1.4806794e+07 
-1.1166978e+06 -1.9184030e+06 3.7262105e+06 
-5.4001231e+05 -1.5760538e+06 3.9575888e+06 
4.6036805e+06 1.3952501e+06 5.9922530e+06 
1.5093382e+07 1.2085106e+07 1.3707001e+07 
-1.7125524e+06 -2.2587798e+06 3.4783585e+06 
-3.7034745e+06 -3.6696650e+06 1.8033898e+06 
1.7086822e+07 1.5127957e+07 1.5791551e+07 
2.9388272e+06 3.9744909e+05 5.2784840e+06 
1.8883980e+04 -1.2283851e+06 4.1776220e+06 
-2.3289060e+06 -2.6010120e+06 3.2078425e+06 
1.4117686e+07 1.0649601e+07 1.2650950e+07 
1.2316444e+07 8.2940205e+06 1.0937924e+07 
6.1241145e+06 2.5029392e+06 6.7542740e+06 
5.6141194e+05 -8.7256244e+05 4.3906025e+06 
-4.5899085e+06 -3.9124795e+06 -6.6525344e+04 
-5.1315390e+06 -3.5880748e+06 -1.3188669e+06 
-2.9670570e+06 -2.9492998e+06 2.9071275e+06 
-4.4063520e+06 -3.9893710e+06 1.2512309e+06 
1.0890121e+06 -5.0625069e+05 4.6001540e+06 
3.3999105e+06 8.1086456e+05 5.5020670e+06 
1.3054026e+07 9.2819560e+06 1.1636684e+07 
5.0261815e+06 1.8509379e+06 6.2364535e+06 
9.4014130e+06 5.3056715e+06 8.7391700e+06 
-3.6283448e+06 -3.3079672e+06 2.5669800e+06 
8.4916390e+06 4.4942620e+06 8.1470735e+06 
1.0267945e+07 6.1600885e+06 9.3544420e+06 
1.5735238e+07 1.3173147e+07 1.4503387e+07 
7.5331625e+06 3.7268395e+06 7.5762455e+06 
1.6615690e+07 1.4680481e+07 1.5635774e+07 
1.4791116e+07 1.1707712e+07 1.3412420e+07 
1.1096259e+07 7.0557430e+06 9.9944920e+06 
1.6031212e+06 -1.2758319e+05 4.8093635e+06 
6.5199245e+06 3.0037105e+06 7.0245295e+06 
-4.3143175e+06 -3.6809870e+06 2.1760492e+06 
1.3769129e+07 1.0299369e+07 1.2363070e+07 
-5.4090140e+06 -4.0597408e+06 -9.3831388e+05 
1.1891082e+07 7.9899495e+06 1.0660521e+07 
3.8535430e+06 1.2412716e+06 5.7315810e+06 
-5.1478295e+06 -4.3047635e+06 6.0411700e+05 
2.1051492e+06 2.6487753e+05 5.0208780e+06 
-2.2211880e+06 -2.0515220e+06 3.5210545e+06 
-1.5981186e+06 -1.6982675e+06 3.7374252e+06 
5.4450945e+06 2.3246068e+06 6.4895680e+06 
-2.8654370e+06 -2.4087720e+06 3.2903472e+06 
-9.9508675e+05 -1.3444839e+06 3.9443752e+06 
1.2656964e+07 8.9589800e+06 1.1353229e+07 
1.5453588e+07 1.2779341e+07 1.4199255e+07 
-5.0270560e+06 -4.0711445e+06 1.7204221e+06 
1.6373545e+07 1.4262639e+07 1.5321917e+07 
-3.5318170e+06 -2.7753145e+06 3.0392582e+06 
-4.1080266e+05 -9.8639675e+05 4.1459588e+06 
1.4466286e+07 1.1339702e+07 1.3116197e+07 
8.8577510e+06 5.0651695e+06 8.4678330e+06 
9.7582950e+06 5.9012710e+06 9.0808290e+06 
7.9119605e+06 4.2716785e+06 7.8768705e+06 
4.3008865e+06 1.6887690e+06 5.9688285e+06 
2.5964610e+06 6.7217900e+05 5.2369755e+06 
-4.2210715e+06 -3.1571615e+06 2.7602575e+06 
1.5612292e+05 -6.2092244e+05 4.3455625e+06 
1.0618739e+07 6.7783180e+06 9.7175030e+06 
6.9152670e+06 3.5217312e+06 7.3059850e+06 
-5.9364025e+06 -4.6045675e+06 -1.5626758e+05 
1.3398349e+07 9.9579440e+06 1.2072672e+07 
-6.5002935e+06 -4.4668230e+06 -1.4529609e+06 
1.1443859e+07 7.6937935e+06 1.0379107e+07 
-5.7697340e+06 -4.4786630e+06 1.1832396e+06 
5.8613420e+06 2.8156408e+06 6.7529580e+06 
7.0713294e+05 -2.4559666e+05 4.5460480e+06 
-4.9337705e+06 -3.5608312e+06 2.4438575e+06 
1.6109564e+07 1.3854612e+07 1.5007999e+07 
1.5149952e+07 1.2395011e+07 1.3894140e+07 
3.0783610e+06 1.0950149e+06 5.4596180e+06 
1.2238183e+07 8.6442050e+06 1.1066403e+07 
4.7430140e+06 2.1531978e+06 6.2153440e+06 
1.4119604e+07 1.0980694e+07 1.2818101e+07 
1.7259344e+07 1.5373037e+07 1.5994589e+07 
1.2436845e+06 1.4149727e+05 4.7498565e+06 
-5.6704585e+06 -3.9928615e+06 2.0780175e+06 
8.2927520e+06 4.8315085e+06 8.1901750e+06 
9.2273880e+06 5.6495155e+06 8.8016290e+06 
-2.6984510e+06 -1.8034742e+06 3.5005670e+06 
-6.7841645e+06 -4.8692875e+06 -1.0483158e+06 
-3.3725488e+06 -2.1655280e+06 3.2997500e+06 
7.3108305e+06 4.0557718e+06 7.5995540e+06 
-2.0472332e+06 -1.4455440e+06 3.6943532e+06 
-6.5475060e+06 -4.8991005e+06 5.4458744e+05 
1.0120029e+07 6.5082135e+06 9.4356190e+06 
1.3006070e+07 9.6249710e+06 1.1779539e+07 
-4.0704895e+06 -2.5375040e+06 3.0873662e+06 
-1.4176725e+06 -1.0869755e+06 3.8847932e+06 
3.5520832e+06 1.5337554e+06 5.6904885e+06 
6.2757535e+06 3.3232075e+06 7.0277370e+06 
1.7672176e+06 5.4179400e+05 4.9590825e+06 
1.0975526e+07 7.4052340e+06 1.0093462e+07 
-4.7928890e+06 -2.9263405e+06 2.8577252e+06 
-6.4319955e+06 -4.4588540e+06 1.6474356e+06 
1.5824368e+07 1.3455999e+07 1.4693737e+07 
-8.0836738e+05 -7.2391788e+05 4.0749358e+06 
1.4824990e+07 1.2019772e+07 1.3587791e+07 
5.1809105e+06 2.6341528e+06 6.4724140e+06 
1.6763030e+07 1.4922374e+07 1.5833685e+07 
-5.5399435e+06 -3.3401538e+06 2.6035472e+06 
1.1798411e+07 8.3372990e+06 1.0775993e+07 
1.3751756e+07 1.0630325e+07 1.2517905e+07 
-2.1780933e+05 -3.5330828e+05 4.2673425e+06 
2.2791298e+06 9.5630306e+05 5.1755250e+06 
-7.3687635e+06 -5.3203965e+06 -2.1795733e+05 
4.0187820e+06 1.9884739e+06 5.9310180e+06 
-7.9553995e+06 -5.3978900e+06 -1.5577670e+06 
-6.3113990e+06 -3.7881232e+06 2.3153595e+06 
-7.2202260e+06 -4.9617600e+06 1.1328299e+06 
8.6759990e+06 5.4045260e+06 8.5165750e+06 
1.2592993e+07 9.3001080e+06 1.1483460e+07 
7.7072095e+06 4.6044025e+06 7.9058930e+06 
3.5555953e+05 2.7240305e+04 4.4641935e+06 
9.6008860e+06 6.2451235e+06 9.1486020e+06 
6.6890660e+06 3.8462615e+06 7.3147705e+06 
1.5518550e+07 1.3066419e+07 1.4378857e+07 
1.4479334e+07 1.1653258e+07 1.3279965e+07 
1.0486819e+07 7.1239555e+06 9.8033660e+06 
1.6493343e+07 1.4512126e+07 1.5510411e+07 
5.6154720e+06 3.1309918e+06 6.7410835e+06 
-3.8400800e+06 -1.8904464e+06 3.2440030e+06 
2.7807580e+06 1.3856566e+06 5.4007265e+06 
-7.1066415e+06 -4.2800680e+06 1.9806734e+06 
-3.1364085e+06 -1.5308145e+06 3.4249745e+06 
-4.5702035e+06 -2.2585620e+06 3.0588308e+06 
1.3363402e+07 1.0288247e+07 1.2215387e+07 
9.1330156e+05 4.1953553e+05 4.6673570e+06 
-2.4579290e+06 -1.1739015e+06 3.6049155e+06 
1.1338364e+07 8.0379350e+06 1.0481789e+07 
-5.3276710e+06 -2.6422948e+06 2.8655005e+06 
4.4795275e+06 2.4589678e+06 6.1824010e+06 
-8.2466675e+06 -5.7192450e+06 -1.1275196e+06 
-8.0391350e+06 -5.4990360e+06 5.1046684e+05 
-1.8031359e+06 -8.1509875e+05 3.7864312e+06 
-6.1128680e+06 -3.0503660e+06 2.6589348e+06 
1.2159801e+07 8.9830210e+06 1.1184225e+07 
-7.9250120e+06 -4.8254405e+06 1.5829189e+06 
1.5192677e+07 1.2685519e+07 1.4063097e+07 
-1.1703740e+06 -4.5076641e+05 3.9717070e+06 
1.4569490e+06 8.2488650e+05 4.8784410e+06 
8.1049025e+06 5.1659960e+06 8.2254020e+06 
1.6203932e+07 1.4110677e+07 1.5187086e+07 
3.2733658e+06 1.8301488e+06 5.6359955e+06 
7.1019245e+06 4.3835480e+06 7.6146820e+06 
9.0620630e+06 5.9887360e+06 8.8562130e+06 
-6.9255210e+06 -3.4932728e+06 2.4324370e+06 
1.4113594e+07 1.1295124e+07 1.2970428e+07 
6.0475015e+06 3.6428452e+06 7.0221655e+06 
9.9784690e+06 6.8496390e+06 9.5086000e+06 
1.7401846e+07 1.5593796e+07 1.6172018e+07 
-5.5791575e+05 -7.8073914e+04 4.1626075e+06 
1.2955185e+07 9.9541230e+06 1.1910334e+07 
4.9353000e+06 2.9447760e+06 6.4456080e+06 
-8.8966290e+06 -6.0583475e+06 -2.4748905e+05 
1.0858741e+07 7.7457915e+06 1.0183584e+07 
-7.7645750e+06 -3.9833530e+06 2.1769485e+06 
1.9879792e+06 1.2441696e+06 5.0988250e+06 
-8.7665480e+06 -5.4312850e+06 1.1002040e+06 
-9.5068090e+06 -6.3865915e+06 -1.6284126e+06 
3.5982516e+04 3.0513138e+05 4.3607390e+06 
3.7581330e+06 2.2897670e+06 5.8824240e+06 
-5.0215470e+06 -1.9581418e+06 2.9642985e+06 
-4.2610065e+06 -1.5997428e+06 3.1333662e+06 
1.4847291e+07 1.2312962e+07 1.3746205e+07 
1.5895281e+07 1.3717692e+07 1.4863428e+07 
1.1707160e+07 8.6733860e+06 1.0881630e+07 
-5.8129830e+06 -2.3289035e+06 2.7942345e+06 
-3.5299162e+06 -1.2469700e+06 3.3039420e+06 
1.3728359e+07 1.0945038e+07 1.2658952e+07 
-8.6281630e+06 -4.5345450e+06 1.8799599e+06 
1.6884122e+07 1.5141584e+07 1.6006813e+07 
-6.6363125e+06 -2.7205010e+06 2.6200138e+06 
-2.8265382e+06 -8.9450344e+05 3.4780825e+06 
7.5148770e+06 4.9336070e+06 7.9278455e+06 
8.5043080e+06 5.7387320e+06 8.5582170e+06 
6.4777090e+06 4.1686235e+06 7.3162380e+06 
2.5077962e+06 1.6778829e+06 5.3296825e+06 
9.4511950e+06 6.5819650e+06 9.2089510e+06 
6.1303750e+05 7.0043088e+05 4.5674925e+06 
1.2527728e+07 9.6276300e+06 1.1602539e+07 
-7.4918785e+06 -3.1435165e+06 2.4374818e+06 
5.3869895e+06 3.4451945e+06 6.7213860e+06 
-2.1489672e+06 -5.3817581e+05 3.6575275e+06 
-9.6334300e+06 -6.0984945e+06 5.0419719e+05 
-9.8069030e+06 -6.6119065e+06 -1.1707945e+06 
1.0360234e+07 7.4605455e+06 9.8811760e+06 
4.2361490e+06 2.7642192e+06 6.1408950e+06 
-9.5138240e+06 -5.1614815e+06 1.5239794e+06 
1.5567856e+07 1.3332859e+07 1.4539171e+07 
-1.4952201e+06 -1.7476105e+05 3.8437802e+06 
-8.3791325e+06 -3.6110480e+06 2.2409498e+06 
1.4482919e+07 1.1948431e+07 1.3427943e+07 
1.6590046e+07 1.4739371e+07 1.5675719e+07 
1.1235726e+07 8.3708795e+06 1.0575478e+07 
1.1749085e+06 1.1089202e+06 4.7840685e+06 
1.3324203e+07 1.0602682e+07 1.2345326e+07 
3.0177172e+06 2.1261875e+06 5.5719905e+06 
-8.6330231e+05 1.9819475e+05 4.0381558e+06 
-9.2963670e+06 -4.1390675e+06 2.0223311e+06 
6.9067080e+06 4.7070260e+06 7.6236460e+06 
7.9283725e+06 5.4947835e+06 8.2543860e+06 
-1.0532444e+07 -6.8155960e+06 -2.4006173e+05 
1.2081646e+07 9.3084490e+06 1.1291803e+07 
-5.4188490e+06 -1.6520605e+06 2.8163780e+06 
5.8353875e+06 3.9592882e+06 7.0102655e+06 
-6.2407055e+06 -2.0058158e+06 2.6575900e+06 
8.9057170e+06 6.3206080e+06 8.9042100e+06 
-1.0419237e+07 -5.8772415e+06 1.0845274e+06 
-4.6315075e+06 -1.3062334e+06 2.9793170e+06 
-1.1167640e+07 -7.4397650e+06 -1.6587705e+06 
-7.0989170e+06 -2.3751130e+06 2.5012602e+06 
4.7084075e+06 3.2529540e+06 6.4120875e+06 
-3.8765508e+06 -9.6239419e+05 3.1478260e+06 
1.5222110e+07 1.2955880e+07 1.4214060e+07 
1.7231752e+06 1.5312776e+06 5.0114930e+06 
9.8435290e+06 7.1818745e+06 9.5743700e+06 
1.4100073e+07 1.1591619e+07 1.3108084e+07 
-2.5125572e+05 5.8250662e+05 4.2418100e+06 
1.6278106e+07 1.4344931e+07 1.5344482e+07 
-7.9948390e+06 -2.7696862e+06 2.3452485e+06 
-1.0240509e+07 -4.7465495e+06 1.7697792e+06 
-3.1516928e+06 -6.1593156e+05 3.3231435e+06 
3.5189648e+06 2.5889440e+06 5.8265410e+06 
1.2901688e+07 1.0267746e+07 1.2029344e+07 
1.0746147e+07 8.0751825e+06 1.0265582e+07 
1.7515686e+07 1.5790896e+07 1.6324682e+07 
-8.9290820e+06 -3.2019530e+06 2.1866648e+06 
-2.4545945e+06 -2.6329559e+05 3.5063800e+06 
-1.1343922e+07 -6.6886220e+06 5.2792106e+05 
3.4280728e+05 9.7945550e+05 4.4557540e+06 
-1.1478569e+07 -7.5497980e+06 -1.1717424e+06 
2.2593232e+06 1.9678175e+06 5.2506250e+06 
1.1617543e+07 8.9962680e+06 1.0977941e+07 
7.3350100e+06 5.2565505e+06 7.9444965e+06 
6.2811880e+06 4.4859040e+06 7.3125540e+06 
-9.9011720e+06 -3.6877098e+06 2.0213382e+06 
-1.1207115e+07 -5.4549380e+06 1.4655894e+06 
1.4858479e+07 1.2586475e+07 1.3887857e+07 
8.3427525e+06 6.0652350e+06 8.5941750e+06 
1.5948667e+07 1.3958003e+07 1.5012834e+07 
-1.7829306e+06 9.8208195e+04 3.6985425e+06 
5.1758020e+06 3.7551782e+06 6.6964770e+06 
1.3699253e+07 1.1242234e+07 1.2786416e+07 
9.3093050e+06 6.9094515e+06 9.2629790e+06 
4.0126585e+06 3.0657385e+06 6.0939385e+06 
1.6980060e+07 1.5338565e+07 1.6155941e+07 
1.2461367e+07 9.9399290e+06 1.1710815e+07 
9.2068075e+05 1.3898706e+06 4.6808625e+06 
-6.6070535e+06 -1.6878894e+06 2.4706160e+06 
-1.0909115e+07 -4.2469270e+06 1.8428916e+06 
-5.7600190e+06 -1.3520755e+06 2.6283540e+06 
-7.4945385e+06 -2.0331650e+06 2.3196062e+06 
1.0239065e+07 7.7859770e+06 9.9517630e+06 
-1.1344394e+06 4.7057772e+05 3.9005442e+06 
-4.9507100e+06 -1.0193093e+06 2.7935402e+06 
-8.4249710e+06 -2.3962232e+06 2.1745560e+06 
2.7847328e+06 2.4185335e+06 5.5021595e+06 
-1.2292528e+07 -7.5872955e+06 -1.9010411e+05 
-1.2190946e+07 -6.2860195e+06 1.0831358e+06 
-4.1763122e+06 -6.8465488e+05 2.9668840e+06 
-9.4004140e+06 -2.7878680e+06 2.0345462e+06 
1.4477394e+07 1.2224372e+07 1.3560339e+07 
1.1136017e+07 8.6907760e+06 1.0660775e+07 
-1.2955614e+07 -8.5663840e+06 -1.6409282e+06 
1.5602086e+07 1.3578337e+07 1.4680528e+07 
1.3280952e+07 1.0899991e+07 1.2462740e+07 
-1.1948932e+07 -4.9045050e+06 1.6411500e+06 
6.7249790e+06 5.0236820e+06 7.6283370e+06 
-3.4340155e+06 -3.4433503e+05 3.1490935e+06 
-5.0695522e+05 8.5523700e+05 4.1132072e+06 
5.6391215e+06 4.2698740e+06 6.9943310e+06 
7.7630195e+06 5.8155055e+06 8.2786555e+06 
1.6664606e+07 1.4944667e+07 1.5818510e+07 
1.4840494e+06 1.8141940e+06 4.9178735e+06 
-1.0422195e+07 -3.2221698e+06 1.8982919e+06 
4.4998110e+06 3.5559065e+06 6.3746005e+06 
8.7582440e+06 6.6429470e+06 8.9468260e+06 
1.2003787e+07 9.6189340e+06 1.1389563e+07 
-2.7210790e+06 4.5076714e+03 3.3408695e+06 
3.3006718e+06 2.8831325e+06 5.7666255e+06 
9.7151200e+06 7.5029410e+06 9.6338520e+06 
-1.3187790e+07 -7.2563675e+06 5.8289275e+05 
-1.1490484e+07 -3.7175135e+06 1.7636995e+06 
-1.3280165e+07 -8.5355240e+06 -1.1222314e+06 
1.0156983e+05 1.2531312e+06 4.3372570e+06 
-1.3014285e+07 -5.6905550e+06 1.3994421e+06 
1.5238710e+07 1.3205698e+07 1.4347332e+07 
1.4079278e+07 1.1869313e+07 1.3231300e+07 
1.0637662e+07 8.3916650e+06 1.0340141e+07 
-2.0348711e+06 3.6399188e+05 3.5428915e+06 
2.0344778e+06 2.2525302e+06 5.1673875e+06 
1.6332893e+07 1.4557539e+07 1.5480757e+07 
-7.8218915e+06 -1.7078605e+06 2.0925142e+06 
-6.9121110e+06 -1.3852942e+06 2.2483010e+06 
1.2845657e+07 1.0564612e+07 1.2136873e+07 
-8.7789420e+06 -2.0405025e+06 1.9457314e+06 
-6.0460525e+06 -1.0661185e+06 2.4131038e+06 
-1.2603685e+07 -4.2979795e+06 1.6269985e+06 
6.0990440e+06 4.7958125e+06 7.3057100e+06 
7.1672390e+06 5.5710705e+06 7.9574720e+06 
-9.7867350e+06 -2.3919862e+06 1.8081589e+06 
-5.2202065e+06 -7.4522925e+05 2.5871158e+06 
4.9813220e+06 4.0585515e+06 6.6687540e+06 
1.7602336e+07 1.5965166e+07 1.6453558e+07 
8.1910250e+06 6.3820240e+06 8.6257460e+06 
1.1529490e+07 9.3044680e+06 1.1065420e+07 
6.9305150e+05 1.6648001e+06 4.5733165e+06 
-1.3728981e+06 7.3563481e+05 3.7558028e+06 
3.8082900e+06 3.3610620e+06 6.0443830e+06 
-1.4198631e+07 -8.3651485e+06 -9.1317828e+04 
-4.4311740e+06 -4.1874278e+05 2.7706658e+06 
-1.4096634e+07 -6.6390735e+06 1.0901946e+06 
-1.0848482e+07 -2.7738590e+06 1.6802299e+06 
9.1749500e+06 7.2257515e+06 9.3116940e+06 
1.4858885e+07 1.2839858e+07 1.4013032e+07 
1.3664551e+07 1.1521046e+07 1.2900548e+07 
2.5734038e+06 2.7046878e+06 5.4298600e+06 
1.5985184e+07 1.4176987e+07 1.5142446e+07 
-1.4895408e+07 -9.7785020e+06 -1.5643476e+06 
-1.3757652e+07 -4.9950445e+06 1.4810642e+06 
-3.6757105e+06 -8.3731461e+04 2.9641752e+06 
-1.1966846e+07 -3.2014498e+06 1.5625378e+06 
1.0123071e+07 8.0986255e+06 1.0015888e+07 
1.2393854e+07 1.0235825e+07 1.1808646e+07 
-7.3281931e+05 1.1204574e+06 3.9801925e+06 
1.7052016e+07 1.5513935e+07 1.6281977e+07 
1.2692648e+06 2.0904352e+06 4.8218965e+06 
-2.9507515e+06 2.6197241e+05 3.1681172e+06 
6.5561350e+06 5.3315700e+06 7.6304595e+06 
5.4579760e+06 4.5725635e+06 6.9764325e+06 
-1.3143480e+07 -3.6953068e+06 1.4555955e+06 
1.1039018e+07 8.9962390e+06 1.0738237e+07 
-1.5186861e+07 -7.7822885e+06 6.6829462e+05 
7.6083280e+06 6.1263390e+06 8.2995860e+06 
4.3086160e+06 3.8515335e+06 6.3356200e+06 
-8.0837015e+06 -1.4071886e+06 1.8364376e+06 
1.4462956e+07 1.2480598e+07 1.3677430e+07 
-1.4944782e+07 -5.8493260e+06 1.3122370e+06 
-1.5237347e+07 -9.5713410e+06 -1.0117338e+06 
-9.0586410e+06 -1.7132502e+06 1.6784475e+06 
-7.1590595e+06 -1.1040776e+06 2.0044752e+06 
1.5621741e+07 1.3802826e+07 1.4803359e+07 
1.3233630e+07 1.1179323e+07 1.2567910e+07 
8.6191910e+06 6.9540810e+06 8.9851440e+06 
-1.0088491e+07 -2.0289614e+06 1.5311314e+06 
3.1021338e+06 3.1702090e+06 5.7055975e+06 
-1.1245721e+05 1.5190644e+06 4.2165800e+06 
-6.2803460e+06 -7.9883450e+05 2.1823078e+06 
-2.2534270e+06 6.1992338e+05 3.3829820e+06 
1.6717995e+07 1.5128503e+07 1.5939555e+07 
-1.1178053e+07 -2.3631810e+06 1.3956184e+06 
1.1926025e+07 9.9133590e+06 1.1477906e+07 
-1.4378309e+07 -4.2832785e+06 1.3592080e+06 
9.5928350e+06 7.8113465e+06 9.6878760e+06 
-5.4434585e+06 -4.8760847e+05 2.3699512e+06 
1.8318386e+06 2.5299242e+06 5.0833865e+06 
-1.2332210e+07 -2.7277200e+06 1.2736886e+06 
-4.6445685e+06 -1.6750555e+05 2.5676055e+06 
-1.6153407e+07 -6.9112585e+06 1.0944394e+06 
-1.5810681e+06 9.9117419e+05 3.6092465e+06 
1.0532913e+07 8.6939560e+06 1.0407876e+07 
-1.6280183e+07 -9.1348530e+06 6.2939996e+04 
1.4051268e+07 1.2127707e+07 1.3340347e+07 
4.9019762e+05 1.9317070e+06 4.4654005e+06 
1.5242824e+07 1.3434878e+07 1.4463294e+07 
5.9304345e+06 5.0966340e+06 7.2974690e+06 
4.8025515e+06 4.3535410e+06 6.6403415e+06 
7.0108365e+06 5.8755415e+06 7.9682090e+06 
1.2786937e+07 1.0843903e+07 1.2233229e+07 
-1.5668439e+07 -5.0034840e+06 1.2710040e+06 
-1.3555730e+07 -3.1385178e+06 1.1679208e+06 
3.6218395e+06 3.6483975e+06 5.9947480e+06 
-1.7022714e+07 -1.1092759e+07 -1.4144661e+06 
-3.8801230e+06 1.6361297e+05 2.7755880e+06 
1.6369070e+07 1.4748877e+07 1.5596572e+07 
8.0484820e+06 6.6875965e+06 8.6540730e+06 
1.1442657e+07 9.5969450e+06 1.1144515e+07 
2.3822532e+06 2.9828872e+06 5.3580440e+06 
9.0475470e+06 7.5295140e+06 9.3559810e+06 
-9.3120875e+05 1.3763600e+06 3.8473488e+06 
-9.2698780e+06 -1.4196426e+06 1.3902091e+06 
-1.4852888e+07 -3.6174360e+06 1.0817785e+06 
-8.2856120e+06 -1.1348789e+06 1.5657965e+06 
1.7663316e+07 1.6117537e+07 1.6559694e+07 
-1.0311439e+07 -1.7061181e+06 1.2249021e+06 
-3.1468360e+06 5.0727994e+05 2.9942790e+06 
-7.3532685e+06 -8.4697481e+05 1.7511112e+06 
1.0769848e+06 2.3583308e+06 4.7269870e+06 
-1.7368638e+07 -8.2372025e+06 7.7888781e+05 
-1.1416194e+07 -2.0007200e+06 1.0709648e+06 
1.4848701e+07 1.3072972e+07 1.4122071e+07 
1.3624169e+07 1.1780974e+07 1.3001623e+07 
-1.7006632e+07 -5.9083255e+06 1.1831701e+06 
1.0011718e+07 8.3973240e+06 1.0074214e+07 
-6.4679470e+06 -5.5226238e+05 1.9459740e+06 
-1.7386800e+07 -1.0658049e+07 -8.2641100e+05 
1.6005419e+07 1.4374930e+07 1.5252830e+07 
1.2324892e+07 1.0514544e+07 1.1896364e+07 
-1.2590622e+07 -2.3119728e+06 9.3024338e+05 
5.2908690e+06 4.8658805e+06 6.9583695e+06 
6.3992340e+06 5.6292725e+06 7.6314925e+06 
4.1335542e+06 4.1383388e+06 6.2972955e+06 
-1.6226797e+07 -4.1950575e+06 1.0194706e+06 
-2.4416820e+06 8.6453450e+05 3.2240802e+06 
-5.6251765e+06 -2.4798898e+05 2.1504595e+06 
-3.0158422e+05 1.7757638e+06 4.0976652e+06 
7.4634630e+06 6.4259590e+06 8.3183655e+06 
2.9218380e+06 3.4487035e+06 5.6459860e+06 
1.0944238e+07 9.2863140e+06 1.0808350e+07 
-1.3841826e+07 -2.6513285e+06 8.0564050e+05 
1.7101172e+07 1.5668425e+07 1.6385892e+07 
8.4878010e+06 7.2528095e+06 9.0200930e+06 
-4.8208750e+06 6.7876180e+04 2.3648055e+06 
1.6495738e+06 2.7986132e+06 5.0015600e+06 
1.4439642e+07 1.2716941e+07 1.3779525e+07 
-1.8379534e+07 -7.0690170e+06 1.0754119e+06 
1.3182011e+07 1.1440195e+07 1.2661114e+07 
-1.8577476e+07 -9.8714370e+06 2.7838056e+05 
-1.5177543e+07 -3.0344270e+06 7.0151512e+05 
-1.7618851e+06 1.2360071e+06 3.4653792e+06 
1.5627225e+07 1.4006538e+07 1.4908147e+07 
-1.7678208e+07 -4.9151185e+06 9.8515638e+05 
9.4759780e+06 8.1060470e+06 9.7371450e+06 
1.1847922e+07 1.0191007e+07 1.1557191e+07 
3.0987188e+05 2.1893655e+06 4.3604910e+06 
-4.0513150e+06 3.9678588e+05 2.5893458e+06 
-1.9391686e+07 -1.2532987e+07 -1.1702649e+06 
-9.4209690e+06 -1.1606884e+06 1.0955259e+06 
-1.0464845e+07 -1.4251978e+06 9.0740619e+05 
1.6751155e+07 1.5291500e+07 1.6039683e+07 
-8.4350740e+06 -8.9149675e+05 1.2924561e+06 
-1.1573165e+07 -1.6894369e+06 7.2871794e+05 
4.6381715e+06 4.6389195e+06 6.6130505e+06 
5.7742065e+06 5.3871655e+06 7.2893330e+06 
-1.6606063e+07 -3.4831062e+06 6.2419831e+05 
3.4517705e+06 3.9265355e+06 5.9471775e+06 
1.0431258e+07 8.9811960e+06 1.0469305e+07 
-7.5014140e+06 -6.1428169e+05 1.4980001e+06 
6.8647760e+06 6.1688250e+06 7.9779240e+06 
-1.2753271e+07 -1.9592279e+06 5.6070556e+05 
-1.1049106e+06 1.6219846e+06 3.7185205e+06 
2.2094648e+06 3.2519942e+06 5.2892125e+06 
-3.3130972e+06 7.3972194e+05 2.8244560e+06 
1.4015924e+07 1.2366619e+07 1.3435512e+07 
-1.9766922e+07 -8.5772460e+06 9.0039644e+05 
7.9141940e+06 6.9809100e+06 8.6801170e+06 
-6.6148490e+06 -3.2653378e+05 1.7122420e+06 
1.2725152e+07 1.1105164e+07 1.2318694e+07 
-1.9203484e+07 -5.8415445e+06 9.8042006e+05 
1.5234676e+07 1.3643581e+07 1.4562363e+07 
-1.4013586e+07 -2.2422988e+06 4.0552512e+05 
-1.9782728e+07 -1.1792282e+07 -5.4799200e+05 
9.0503131e+05 2.6168822e+06 4.6360225e+06 
1.1356460e+07 9.8730500e+06 1.1215603e+07 
8.9262420e+06 7.8198265e+06 9.3965760e+06 
1.6387350e+07 1.4919477e+07 1.5692630e+07 
-1.8135914e+07 -4.0287388e+06 5.8258550e+05 
-5.7707555e+06 -2.6402443e+04 1.9354459e+06 
-1.5363898e+07 -2.5490362e+06 2.6666556e+05 
-2.6031262e+06 1.0972766e+06 3.0705148e+06 
-4.6845366e+05 2.0224596e+06 3.9837822e+06 
9.9042140e+06 8.6813170e+06 1.0127288e+07 
5.1364405e+06 5.1488455e+06 6.9416455e+06 
-4.9649620e+06 2.8743250e+05 2.1679795e+06 
3.9730750e+06 4.4153495e+06 6.2614250e+06 
1.7700120e+07 1.6248984e+07 1.6644149e+07 
1.3577833e+07 1.2021842e+07 1.3089905e+07 
6.2530620e+06 5.9158425e+06 7.6326660e+06 
1.4827973e+07 1.3285941e+07 1.4215333e+07 
2.7579895e+06 3.7176995e+06 5.5899000e+06 
-2.0791560e+07 -7.0691575e+06 9.9731850e+05 
-1.6815732e+07 -2.8936740e+06 1.4957467e+05 
1.2253961e+07 1.0775674e+07 1.1974255e+07 
-2.1145890e+07 -1.0530631e+07 5.5627300e+05 
-1.0559776e+07 -1.1841631e+06 5.9259775e+05 
-1.9775052e+07 -4.7179750e+06 5.8858862e+05 
7.3273235e+06 6.7134885e+06 8.3359750e+06 
-1.1661904e+07 -1.4270976e+06 3.8639191e+05 
-9.5214470e+06 -9.3459038e+05 8.0566562e+05 
1.4855754e+06 3.0577978e+06 4.9243420e+06 
1.6009867e+07 1.4552290e+07 1.5344579e+07 
-1.9185884e+06 1.4697146e+06 3.3278688e+06 
-1.2835377e+07 -1.6671888e+06 1.8741136e+05 
-8.5403540e+06 -6.7548431e+05 1.0256171e+06 
1.0850944e+07 9.5604320e+06 1.0871510e+07 
-4.1936952e+06 6.1585694e+05 2.4102580e+06 
-2.2089456e+07 -1.4134557e+07 -7.9968262e+05 
8.3630620e+06 7.5383585e+06 9.0524300e+06 
-1.4088989e+07 -1.9093968e+06 -3.3974602e+03 
1.4956864e+05 2.4371702e+06 4.2613560e+06 
-1.8382822e+07 -3.2962590e+06 6.2601480e+04 
-7.6107150e+06 -4.0465997e+05 1.2527218e+06 
1.7128666e+07 1.5802821e+07 1.6468670e+07 
1.3125664e+07 1.1682443e+07 1.2742598e+07 
1.4407323e+07 1.2933500e+07 1.3866934e+07 
-1.5433189e+07 -2.1602332e+06 -1.8420994e+05 
9.3636090e+06 8.3864010e+06 9.7822240e+06 
-6.7273960e+06 -1.2050377e+05 1.4874001e+06 
-3.4535408e+06 9.5939581e+05 2.6627008e+06 
-2.2420736e+07 -8.7372710e+06 1.0004828e+06 
-2.1529040e+07 -5.6229955e+06 6.5663200e+05 
1.1768811e+07 1.0451518e+07 1.1627707e+07 
4.4866215e+06 4.9139310e+06 6.5883650e+06 
-1.2569360e+06 1.8570209e+06 3.5968065e+06 
1.5618822e+07 1.4189874e+07 1.4995393e+07 
3.2963125e+06 4.1947610e+06 5.9034295e+06 
5.6289640e+06 5.6666560e+06 7.2825270e+06 
2.0529986e+06 3.5113872e+06 5.2254055e+06 
-2.2507954e+07 -1.2959388e+07 -1.5281998e+05 
-2.0081664e+07 -3.7860688e+06 1.8419918e+04 
6.7277900e+06 6.4502125e+06 7.9876025e+06 
-1.6880654e+07 -2.4283462e+06 -3.5187278e+05 
-5.8858045e+06 1.7813153e+05 1.7301539e+06 
1.0331820e+07 9.2529050e+06 1.0524836e+07 
1.6764957e+07 1.5434360e+07 1.6119724e+07 
7.5102556e+05 2.8656290e+06 4.5513290e+06 
7.7869925e+06 7.2613350e+06 8.7046460e+06 
-2.7414110e+06 1.3182699e+06 2.9256972e+06 
-1.1696119e+07 -1.2084342e+06 5.6609184e+04 
1.3972948e+07 1.2586139e+07 1.3517061e+07 
-1.0607709e+07 -9.7876788e+05 2.9058241e+05 
1.2659725e+07 1.1348258e+07 1.2393499e+07 
-5.0818170e+06 4.9200666e+05 1.9815135e+06 
-1.8447160e+07 -2.7254542e+06 -5.0119475e+05 
-1.2853511e+07 -1.4292866e+06 -1.7362428e+05 
-6.1587156e+05 2.2589380e+06 3.8775372e+06 
-9.5810280e+06 -7.3790631e+05 5.2882256e+05 
1.5214349e+07 1.3832163e+07 1.4644955e+07 
-2.3397458e+07 -6.8602475e+06 7.9946762e+05 
8.8099480e+06 8.0961665e+06 9.4340540e+06 
-1.4088338e+07 -1.6443980e+06 -4.0041788e+05 
1.1270089e+07 1.0132487e+07 1.1278976e+07 
-2.1932028e+07 -4.4078950e+06 3.6135730e+04 
-2.4060476e+07 -1.1033185e+07 8.8421819e+05 
-8.6097610e+06 -4.8403444e+05 7.7199088e+05 
3.8254308e+06 4.6820355e+06 6.2294500e+06 
-1.5410640e+07 -1.8577026e+06 -6.2370906e+05 
4.9931220e+06 5.4209035e+06 6.9274625e+06 
1.6388350e+07 1.5069970e+07 1.5769627e+07 
2.6086120e+06 3.9767385e+06 5.5390295e+06 
-4.3117215e+06 8.2155794e+05 2.2419988e+06 
-2.0545184e+06 1.6924389e+06 3.1995792e+06 
-7.6883420e+06 -2.1580623e+05 1.0208161e+06 
6.1161925e+06 6.1907440e+06 7.6349545e+06 
9.7995430e+06 8.9502200e+06 1.0175524e+07 
-2.0152890e+07 -3.0679128e+06 -6.2379319e+05 
-2.5268194e+07 -1.5954419e+07 -2.5101097e+05 
1.3375799e+06 3.3071490e+06 4.8536705e+06 
-1.6832616e+07 -2.0742302e+06 -8.4287119e+05 
7.1985925e+06 6.9884445e+06 8.3531785e+06 
1.3525082e+07 1.2243738e+07 1.3165625e+07 
1.2180334e+07 1.1019115e+07 1.2042538e+07 
6.6646333e+03 2.6749945e+06 4.1701720e+06 
-6.8118255e+06 6.7731430e+04 1.2760464e+06 
1.4796590e+07 1.3479088e+07 1.4293164e+07 
1.7714164e+07 1.6360465e+07 1.6707940e+07 
-2.3956990e+07 -5.2343370e+06 1.4413006e+05 
-2.5368486e+07 -8.6240600e+06 1.0115628e+06 
-3.5721715e+06 1.1669458e+06 2.5120880e+06 
8.2437450e+06 7.8103295e+06 9.0827320e+06 
1.0758188e+07 9.8183640e+06 1.0928006e+07 
-1.8369514e+07 -2.3004495e+06 -1.0564025e+06 
1.5998902e+07 1.4709643e+07 1.5418273e+07 
-2.2024444e+07 -3.4795165e+06 -7.0614994e+05 
-1.3903541e+06 2.0816362e+06 3.4846005e+06 
-5.9757895e+06 3.6719916e+05 1.5384126e+06 
-2.5692614e+07 -1.4116417e+07 3.8640853e+05 
-1.1688913e+07 -1.0268108e+06 -2.5229638e+05 
-1.2823652e+07 -1.2370446e+06 -5.1197806e+05 
3.1535452e+06 4.4527670e+06 5.8648810e+06 
4.3461730e+06 5.1782190e+06 6.5674460e+06 
9.2545730e+06 8.6521220e+06 9.8235290e+06 
-1.0619542e+07 -8.0375906e+05 8.1133247e+03 
-1.4031422e+07 -1.4363379e+06 -7.7227738e+05 
1.9106935e+06 3.7608610e+06 5.1682165e+06 
5.4931305e+06 5.9347420e+06 7.2780015e+06 
1.3063973e+07 1.1906173e+07 1.2812559e+07 
1.7135552e+07 1.5917906e+07 1.6531244e+07 
-2.0040996e+07 -2.5448005e+06 -1.2614286e+06 
-9.6088860e+06 -5.6643612e+05 2.7052600e+05 
1.4365706e+07 1.3130582e+07 1.3939938e+07 
-1.5321204e+07 -1.6270550e+06 -1.0346073e+06 
-2.8601540e+06 1.5280920e+06 2.7921938e+06 
1.1687822e+07 1.0694840e+07 1.1689659e+07 
6.1250531e+05 3.1045288e+06 4.4747080e+06 
6.5984205e+06 6.7193700e+06 7.9979960e+06 
-5.1762640e+06 6.8293356e+05 1.8086002e+06 
-2.6181572e+07 -6.3915710e+06 3.8253178e+05 
-8.6511020e+06 -3.1375756e+05 5.3613950e+05 
1.5596682e+07 1.4353365e+07 1.5065571e+07 
-2.4097954e+07 -3.9968615e+06 -7.2620762e+05 
-1.6703734e+07 -1.8121221e+06 -1.3004526e+06 
1.0233516e+07 9.5089310e+06 1.0574755e+07 
-7.4667106e+05 2.4853952e+06 3.7809162e+06 
-2.7418070e+07 -1.1236457e+07 1.2134291e+06 
7.6655160e+06 7.5285995e+06 8.7282290e+06 
-7.7410025e+06 -4.4959730e+04 8.0606675e+05 
-2.1873394e+07 -2.8185715e+06 -1.4528752e+06 
-4.4096780e+06 1.0150264e+06 2.0872272e+06 
-1.8192178e+07 -1.9951132e+06 -1.5713905e+06 
1.6760160e+07 1.5557805e+07 1.6180461e+07 
-2.9214082e+07 -1.8082992e+07 5.6779250e+05 
-2.1729605e+06 1.9047111e+06 3.0826425e+06 
8.6973810e+06 8.3583530e+06 9.4688250e+06 
1.2589883e+07 1.1573314e+07 1.2457812e+07 
1.3921871e+07 1.2786568e+07 1.3585217e+07 
3.6887485e+06 4.9382340e+06 6.2024710e+06 
2.4716325e+06 4.2257320e+06 5.4946625e+06 
-6.8739515e+06 2.4044145e+05 1.0813276e+06 
4.8592000e+06 5.6818615e+06 6.9167305e+06 
1.1182534e+07 1.0375254e+07 1.1334825e+07 
1.2032650e+06 3.5467065e+06 4.7910150e+06 
1.5181776e+07 1.4001120e+07 1.4711451e+07 
-2.6423882e+07 -4.6804715e+06 -6.4719200e+05 
5.9870375e+06 6.4537915e+06 7.6390840e+06 
-1.9803156e+07 -2.1803588e+06 -1.8491460e+06 
-2.8628970e+07 -8.1172295e+06 7.9822156e+05 
-1.2146886e+05 2.9030700e+06 4.0885700e+06 
-1.2759994e+07 -1.0816810e+06 -8.2168850e+05 
-2.3903468e+07 -3.1374530e+06 -1.6220256e+06 
-1.3935791e+07 -1.2738284e+06 -1.1116338e+06 
9.6964900e+06 9.2039620e+06 1.0219198e+07 
-1.1651950e+07 -8.7536206e+05 -5.3542919e+05 
-3.6728190e+06 1.3633555e+06 2.3748258e+06 
7.0757820e+06 7.2506830e+06 8.3705285e+06 
-1.5186972e+07 -1.4532886e+06 -1.4077256e+06 
-6.0457900e+06 5.4268550e+05 1.3628404e+06 
-1.0604988e+07 -6.5370531e+05 -2.5075606e+05 
1.6372558e+07 1.5201029e+07 1.5828209e+07 
-2.9544662e+07 -1.5137962e+07 1.0903290e+06 
-1.5081655e+06 2.2963322e+06 3.3836585e+06 
-9.6132090e+06 -4.1583631e+05 3.4150566e+04 
-1.6522400e+07 -1.6218879e+06 -1.7129166e+06 
1.3465278e+07 1.2446970e+07 1.3228953e+07 
-2.1558396e+07 -2.3730948e+06 -2.1357288e+06 
1.2103093e+07 1.1245028e+07 1.2101351e+07 
8.1284440e+06 8.0686475e+06 9.1113960e+06 
1.4754284e+07 1.3652890e+07 1.4355858e+07 
1.0664829e+07 1.0060172e+07 1.0978015e+07 
-8.6713510e+06 -1.6114470e+05 3.2088100e+05 
-1.7952550e+07 -1.7818119e+06 -2.0308654e+06 
-5.2527720e+06 8.6179725e+05 1.6514141e+06 
3.0214705e+06 4.7005785e+06 5.8325525e+06 
-2.9627992e+06 1.7276106e+06 2.6718270e+06 
1.7803471e+06 4.0005368e+06 5.1188250e+06 
1.7706726e+07 1.6452869e+07 1.6751986e+07 
4.2149925e+06 5.4317565e+06 6.5511465e+06 
-2.9074280e+07 -5.6403505e+06 -4.0617669e+05 
-2.6185054e+07 -3.5244762e+06 -1.7538698e+06 
4.8701731e+05 3.3338532e+06 4.4074790e+06 
5.3650015e+06 6.1913850e+06 7.2764425e+06 
1.5972760e+07 1.4847618e+07 1.5474432e+07 
-3.1322912e+07 -1.0894822e+07 1.3972788e+06 
9.1475360e+06 8.9032290e+06 9.8613240e+06 
-7.7746925e+06 1.1074270e+05 6.1082806e+05 
-2.3487448e+07 -2.5797050e+06 -2.4337568e+06 
-1.9490072e+07 -1.9356179e+06 -2.3662988e+06 
-8.6360894e+05 2.7023195e+06 3.6953498e+06 
6.4750665e+06 6.9762815e+06 8.0096300e+06 
1.2996136e+07 1.2111701e+07 1.2871123e+07 
-4.4915265e+06 1.1976115e+06 1.9477408e+06 
1.1603896e+07 1.0921173e+07 1.1743158e+07 
-3.4573828e+07 -2.0737608e+07 1.8171548e+06 
1.4314328e+07 1.3308648e+07 1.3998758e+07 
1.7122744e+07 1.6014408e+07 1.6574457e+07 
-6.9189745e+06 3.9998681e+05 9.0520681e+05 
-1.3815968e+07 -1.1463894e+06 -1.4154140e+06 
7.5482450e+06 7.7827360e+06 8.7512430e+06 
-1.2674404e+07 -9.5505044e+05 -1.1000678e+06 
-2.2770322e+06 2.1073130e+06 2.9785482e+06 
1.0135080e+07 9.7494020e+06 1.0619221e+07 
-1.5026011e+07 -1.3227215e+06 -1.7395791e+06 
-2.1150600e+07 -2.0862502e+06 -2.7256430e+06 
-1.1595060e+07 -7.4767681e+05 -7.9045319e+05 
-2.8801380e+07 -4.0159392e+06 -1.8219302e+06 
1.5560800e+07 1.4497608e+07 1.5119090e+07 
-1.6311509e+07 -1.4853615e+06 -2.0763598e+06 
-3.2154050e+07 -7.1029065e+06 1.0578413e+05 
-1.0572291e+07 -5.2350272e+05 -4.8400719e+05 
-2.5632400e+07 -2.8082122e+06 -2.7472578e+06 
2.3449495e+06 4.4648845e+06 5.4577245e+06 
3.5610908e+06 5.1840790e+06 6.1812715e+06 
1.0803264e+06 3.7767895e+06 4.7374240e+06 
8.5870930e+06 8.6064920e+06 9.5011360e+06 
4.7328680e+06 5.9318255e+06 6.9100855e+06 
-1.7680284e+07 -1.6359399e+06 -2.4305480e+06 
-3.7590180e+06 1.5497936e+06 2.2523875e+06 
-6.1003505e+06 7.0655881e+05 1.2050662e+06 
-9.6009840e+06 -2.8200059e+05 -1.7857052e+05 
-2.3738169e+05 3.1218855e+06 4.0176965e+06 
-3.4380140e+07 -1.5714225e+07 1.9035538e+06 
1.2514674e+07 1.1780672e+07 1.2511714e+07 
-2.2953964e+07 -2.2371018e+06 -3.1181715e+06 
1.6737379e+07 1.5662526e+07 1.6222583e+07 
5.8638940e+06 6.7050940e+06 7.6455450e+06 
1.3862048e+07 1.2968365e+07 1.3640133e+07 
1.1092606e+07 1.0601601e+07 1.1383235e+07 
-1.9141148e+07 -1.7764458e+06 -2.8083880e+06 
-1.6132109e+06 2.5018312e+06 3.2951825e+06 
-8.6764900e+06 -2.2858465e+04 1.2769244e+05 
1.5136728e+07 1.4151030e+07 1.4762159e+07 
9.5936720e+06 9.4427440e+06 1.0258452e+07 
6.9572725e+06 7.5003450e+06 8.3883785e+06 
-5.3153445e+06 1.0302599e+06 1.5112960e+06 
-2.8056582e+07 -3.0695345e+06 -3.0837775e+06 
-3.1888980e+07 -4.6740360e+06 -1.7775384e+06 
-3.0525232e+06 1.9178564e+06 2.5657900e+06 
-2.0704012e+07 -1.9093100e+06 -3.2183165e+06 
-7.7945770e+06 2.5404158e+05 4.3634700e+05 
-2.4925914e+07 -2.3922778e+06 -3.5582012e+06 
-3.5833528e+07 -9.6156810e+06 1.0608031e+06 
1.6340305e+07 1.5313311e+07 1.5868926e+07 
8.0156075e+06 8.3135105e+06 9.1386490e+06 
2.8980680e+06 4.9384835e+06 5.8071430e+06 
1.6597789e+06 4.2307865e+06 5.0780420e+06 
1.2021139e+07 1.1453781e+07 1.2150736e+07 
-1.3683328e+07 -1.0450567e+06 -1.6833638e+06 
-1.4852199e+07 -1.2238235e+06 -2.0303208e+06 
1.3397604e+07 1.2632000e+07 1.3279982e+07 
4.0911878e+06 5.6747870e+06 6.5400420e+06 
3.7218584e+05 3.5541052e+06 4.3505415e+06 
-1.2576321e+07 -8.5009744e+05 -1.3466500e+06 
1.0569553e+07 1.0286157e+07 1.1021595e+07 
-1.6088240e+07 -1.3875040e+06 -2.3916662e+06 
5.2427875e+06 6.4368165e+06 7.2782965e+06 
-1.1526166e+07 -6.3814006e+05 -1.0168104e+06 
-9.6929288e+05 2.9103960e+06 3.6217890e+06 
-4.5608170e+06 1.3707379e+06 1.8246295e+06 
1.4700616e+07 1.3807908e+07 1.4403634e+07 
-4.2757416e+07 -2.4135388e+07 3.8965865e+06 
-2.2379886e+07 -2.0376045e+06 -3.6722050e+06 
-6.9513885e+06 5.4864275e+05 7.4872406e+05 
-1.7396996e+07 -1.5375664e+06 -2.7726035e+06 
9.0410060e+06 9.1399920e+06 9.8957280e+06 
-1.0528170e+07 -4.0863647e+05 -6.9106356e+05 
-3.0862146e+07 -3.3815758e+06 -3.4605050e+06 
6.3560195e+06 7.2211945e+06 8.0228245e+06 
-2.3696085e+06 2.3011735e+06 2.8882465e+06 
1.7678906e+07 1.6526959e+07 1.6777064e+07 
-2.7100520e+07 -2.5576178e+06 -4.0695632e+06 
-1.8784094e+07 -1.6759371e+06 -3.1798142e+06 
-3.5685132e+07 -5.6163625e+06 -1.5276764e+06 
1.5931510e+07 1.4966849e+07 1.5513482e+07 
-9.5779600e+06 -1.6126267e+05 -3.6708719e+05 
1.2921176e+07 1.2299507e+07 1.2918324e+07 
1.1515801e+07 1.1130921e+07 1.1788211e+07 
-6.1434140e+06 8.6073112e+05 1.0659438e+06 
7.4335365e+06 8.0240340e+06 8.7738900e+06 
-2.4180396e+07 -2.1655602e+06 -4.1874968e+06 
-3.8339412e+06 1.7275019e+06 2.1456448e+06 
-4.0640836e+07 -1.4717162e+07 2.5311360e+06 
-2.0254918e+07 -1.8051721e+06 -3.6221030e+06 
2.2264828e+06 4.6946265e+06 5.4288165e+06 
1.4252555e+07 1.3468258e+07 1.4043528e+07 
1.0035082e+07 9.9746740e+06 1.0658266e+07 
9.6653288e+05 3.9979248e+06 4.6935815e+06 
3.4405010e+06 5.4199440e+06 6.1663535e+06 
-8.6714770e+06 1.0410837e+05 -4.2929590e+04 
-3.4348628e+05 3.3321082e+06 3.9582848e+06 
1.7090986e+07 1.6092953e+07 1.6599008e+07 
4.6122675e+06 6.1711430e+06 6.9079210e+06 
8.4774950e+06 8.8409310e+06 9.5310820e+06 
1.5511000e+07 1.4623220e+07 1.5156259e+07 
-1.7081130e+06 2.6989910e+06 3.2199108e+06 
-2.9522658e+07 -2.7445015e+06 -4.6953570e+06 
-2.1813872e+07 -1.9287879e+06 -4.1113848e+06 
-3.4229996e+07 -3.7859535e+06 -3.9242040e+06 
-5.3674635e+06 1.1899505e+06 1.3889316e+06 
-1.4675629e+07 -1.1473721e+06 -2.2821702e+06 
5.7449800e+06 6.9450030e+06 7.6546165e+06 
-1.3546356e+07 -9.6253112e+05 -1.9169154e+06 
-1.5864703e+07 -1.3165402e+06 -2.6622710e+06 
-2.6115978e+07 -2.2999588e+06 -4.7909955e+06 
-7.8049655e+06 3.8742969e+05 2.8305116e+05 
-1.2472936e+07 -7.6098838e+05 -1.5623559e+06 
-1.7117330e+07 -1.4714831e+06 -3.0623555e+06 
1.2432968e+07 1.1970830e+07 1.2555190e+07 
-4.0623364e+07 -7.1198470e+06 -9.1216375e+05 
-3.1321822e+06 2.0999332e+06 2.4747632e+06 
1.0998947e+07 1.0811973e+07 1.1424176e+07 
1.3792660e+07 1.3132089e+07 1.3681868e+07 
-1.1451409e+07 -5.4204594e+05 -1.2150916e+06 
6.8413420e+06 7.7378085e+06 8.4068960e+06 
-1.8436758e+07 -1.6142040e+06 -3.4888815e+06 
1.6697048e+07 1.5749127e+07 1.6246640e+07 
9.4895570e+06 9.6669800e+06 1.0293290e+07 
-2.3462808e+07 -2.0519400e+06 -4.6642065e+06 
1.5468755e+06 4.4521710e+06 5.0463620e+06 
-6.0925000e+07 -3.2105560e+07 6.6620920e+06 
-1.0477904e+07 -3.0527566e+05 -8.7230725e+05 
1.5078803e+07 1.4282496e+07 1.4797284e+07 
-6.9749675e+06 6.8849962e+05 6.1222981e+05 
2.7813378e+06 5.1669740e+06 5.7890745e+06 
2.6576000e+05 3.7659495e+06 4.3044385e+06 
-4.6206495e+06 1.5358158e+06 1.7184284e+06 
-1.9825162e+07 -1.7474836e+06 -3.9501008e+06 
3.9728490e+06 5.9077680e+06 6.5344640e+06 
-1.0661348e+06 3.1104358e+06 3.5607872e+06 
7.9035635e+06 8.5453400e+06 9.1645580e+06 
-3.2246602e+07 -2.9842198e+06 -5.5207995e+06 
-2.8190032e+07 -2.4539325e+06 -5.5256605e+06 
-3.8522500e+07 -4.4324910e+06 -4.6235385e+06 
-9.5487080e+06 -5.0474840e+04 -5.3165450e+05 
5.1246485e+06 6.6714855e+06 7.2837975e+06 
1.1933206e+07 1.1645900e+07 1.2190632e+07 
-2.4532815e+06 2.4872955e+06 2.8122490e+06 
1.0470886e+07 1.0496808e+07 1.1058684e+07 
1.3321068e+07 1.2799398e+07 1.3318702e+07 
1.6291741e+07 1.5407405e+07 1.5892194e+07 
-2.5197504e+07 -2.1828690e+06 -5.3040400e+06 
-2.1282632e+07 -1.8752642e+06 -4.4567150e+06 
-6.1783065e+06 1.0069781e+06 9.4574331e+05 
-4.7429616e+07 -1.0619831e+07 1.3348099e+04 
6.2394925e+06 7.4545735e+06 8.0377130e+06 
8.9333590e+06 9.3628890e+06 9.9267190e+06 
1.4634968e+07 1.3944741e+07 1.4436601e+07 
-8.6602940e+06 2.2236766e+05 -1.9116875e+05 
-3.9003678e+06 1.8977229e+06 2.0549962e+06 
-1.5648913e+07 -1.2635969e+06 -2.8926748e+06 
-1.4503260e+07 -1.0862569e+06 -2.4983310e+06 
-1.6850488e+07 -1.4265410e+06 -3.3062115e+06 
-1.3411089e+07 -8.9307381e+05 -2.1183808e+06 
-2.2805274e+07 -2.0033345e+06 -5.0227500e+06 
8.5976469e+05 4.2107890e+06 4.6598640e+06 
2.1142125e+06 4.9155595e+06 5.4082705e+06 
-3.0380614e+07 -2.6573688e+06 -6.4623250e+06 
-1.8109582e+07 -1.5771478e+06 -3.7448330e+06 
-1.2369497e+07 -6.8305762e+05 -1.7488808e+06 
7.3196460e+06 8.2529890e+06 8.7962070e+06 
-4.4202088e+05 3.5345228e+06 3.9107265e+06 
-3.5306672e+07 -3.3839575e+06 -6.7289360e+06 
1.7631578e+07 1.6583331e+07 1.6783764e+07 
3.3250380e+06 5.6463875e+06 6.1579810e+06 
1.5875034e+07 1.5067913e+07 1.5535711e+07 
-2.6999638e+07 -2.3360060e+06 -6.0644425e+06 
1.1422140e+07 1.1324641e+07 1.1824711e+07 
-5.4120840e+06 1.3424002e+06 1.2845112e+06 
-7.8093510e+06 5.1309784e+05 1.5079058e+05 
1.2837941e+07 1.2470174e+07 1.2954091e+07 
-1.7952435e+06 2.8887422e+06 3.1582068e+06 
9.9319460e+06 1.0185287e+07 1.0691798e+07 
-1.1375363e+07 -4.5557269e+05 -1.3865644e+06 
-1.9426308e+07 -1.7183222e+06 -4.2158305e+06 
4.4955180e+06 6.4003550e+06 6.9104190e+06 
-4.4571456e+07 -6.0909390e+06 -6.1023560e+06 
1.4179569e+07 1.3610010e+07 1.4074270e+07 
-2.4381566e+07 -2.1405708e+06 -5.6665740e+06 
-3.2042880e+06 2.2749578e+06 2.3990230e+06 
8.3668820e+06 9.0622100e+06 9.5586160e+06 
-1.0425497e+07 -2.1026470e+05 -1.0287093e+06 
5.6284600e+06 7.1740650e+06 7.6663940e+06 
-2.0798262e+07 -1.8541898e+06 -4.7282680e+06 
1.7040808e+07 1.6154009e+07 1.6605412e+07 
-6.9927930e+06 8.2141762e+05 4.9558253e+05 
-9.5517216e+07 -5.2533036e+07 1.0022843e+07 
1.5446917e+07 1.4730772e+07 1.5177253e+07 
-4.6736660e+06 1.6941872e+06 1.6292499e+06 
-3.2580688e+07 -2.9840370e+06 -7.7152285e+06 
-2.8817776e+07 -2.5384312e+06 -6.9920600e+06 
6.7261885e+06 7.9636420e+06 8.4260900e+06 
-9.5167430e+06 5.2991414e+04 -6.7303938e+05 
1.0900041e+07 1.1006961e+07 1.1457506e+07 
1.2343466e+07 1.2144392e+07 1.2588114e+07 
1.4396208e+06 4.6653895e+06 5.0240180e+06 
1.6564241e+05 3.9701618e+06 4.2694205e+06 
-2.2218716e+07 -1.9906938e+06 -5.2933640e+06 
-3.8506884e+07 -4.3402440e+06 -8.7176040e+06 
2.6693285e+06 5.3867015e+06 5.7785345e+06 
-2.5985208e+07 -2.3011472e+06 -6.4116125e+06 
-1.1563258e+06 3.3033222e+06 3.5125785e+06 
9.3824760e+06 9.8772590e+06 1.0323592e+07 
1.3712704e+07 1.3278348e+07 1.3710367e+07 
-1.5445798e+07 -1.2221682e+06 -3.0875570e+06 
-1.6601714e+07 -1.3947924e+06 -3.5105040e+06 
-1.4339606e+07 -1.0351387e+06 -2.6823058e+06 
3.8580748e+06 6.1313255e+06 6.5345390e+06 
-2.5303412e+06 2.6667035e+06 2.7507240e+06 
-1.7807888e+07 -1.5550529e+06 -3.9563400e+06 
-6.2077660e+06 1.1469015e+06 8.4431500e+05 
-1.3281608e+07 -8.3228600e+05 -2.2904195e+06 
1.6639392e+07 1.5818075e+07 1.6253007e+07 
-5.9618388e+07 -1.3601633e+07 -2.3533478e+06 
-8.6460440e+06 3.3413059e+05 -3.1765288e+05 
7.7905365e+06 8.7647380e+06 9.1890490e+06 
1.5007404e+07 1.4396090e+07 1.4816896e+07 
5.0087175e+06 6.8960160e+06 7.2929980e+06 
-1.9063240e+07 -1.7058396e+06 -4.4312955e+06 
-2.3673536e+07 -2.1365505e+06 -5.9247060e+06 
-1.2269666e+07 -6.1266344e+05 -1.9082768e+06 
-3.9606808e+06 2.0616551e+06 1.9804818e+06 
-3.0520850e+07 -2.8413862e+06 -8.1429455e+06 
1.1837856e+07 1.1822016e+07 1.2220860e+07 
1.0367206e+07 1.0692758e+07 1.1089104e+07 
-2.0364128e+07 -1.8512195e+06 -4.9428045e+06 
-2.7560854e+07 -2.5081260e+06 -7.2850115e+06 
-3.4391572e+07 -3.6057888e+06 -9.4294890e+06 
-1.1301302e+07 -3.7568700e+05 -1.5328414e+06 
6.1236420e+06 7.6770550e+06 8.0542715e+06 
1.3234497e+07 1.2949785e+07 1.3344986e+07 
-7.8104825e+06 6.3292731e+05 3.9030371e+04 
8.8228440e+06 9.5725610e+06 9.9541500e+06 
-5.4516530e+06 1.4890098e+06 1.1978665e+06 
7.5803569e+05 4.4161625e+06 4.6364010e+06 
1.6226804e+07 1.5483780e+07 1.5898251e+07 
-5.3503019e+05 3.7299862e+06 3.8751430e+06 
2.0061996e+06 5.1284140e+06 5.3961950e+06 
-4.3547708e+07 -4.9218685e+06 -1.0215016e+07 
-2.5135770e+07 -2.3046885e+06 -6.6377315e+06 
-2.1702834e+07 -1.9969199e+06 -5.4995820e+06 
-1.8767112e+06 3.0720458e+06 3.1101430e+06 
1.4556530e+07 1.4063968e+07 1.4454732e+07 
-1.0373871e+07 -1.2105890e+05 -1.1615636e+06 
3.2127980e+06 5.8641115e+06 6.1562195e+06 
7.2047460e+06 8.4702630e+06 8.8180950e+06 
-3.2710090e+06 2.4440220e+06 2.3385420e+06 
4.3807375e+06 6.6201560e+06 6.9175880e+06 
-7.0073150e+06 9.4901819e+05 3.9830769e+05 
1.1321351e+07 1.1502994e+07 1.1852438e+07 
-1.6373524e+07 -1.3706838e+06 -3.6809365e+06 
-2.8995784e+07 -2.7975200e+06 -8.3084565e+06 
9.8239550e+06 1.0381914e+07 1.0719607e+07 
-1.5258050e+07 -1.1875785e+06 -3.2513038e+06 
-2.3065164e+07 -2.1510152e+06 -6.1114145e+06 
-3.1783918e+07 -3.3282000e+06 -9.5424810e+06 
-9.4846780e+06 1.5128909e+05 -7.9230412e+05 
1.2745099e+07 1.2624342e+07 1.2978234e+07 
-1.7533672e+07 -1.5413546e+06 -4.1308855e+06 
1.5803004e+07 1.5151286e+07 1.5541238e+07 
-1.4187348e+07 -9.9008612e+05 -2.8375042e+06 
-4.7220730e+06 1.8470989e+06 1.5569015e+06 
1.7565352e+07 1.6622362e+07 1.6772449e+07 
-2.6556268e+07 -2.5140648e+06 -7.4469755e+06 
5.5124640e+06 7.3929805e+06 7.6808205e+06 
-1.8736822e+07 -1.7023484e+06 -4.6063745e+06 
-3.5641964e+07 -3.4350480e+06 -1.0848917e+07 
8.2534375e+06 9.2710190e+06 9.5835630e+06 
-1.3160479e+07 -7.7685931e+05 -2.4357150e+06 
1.4094360e+07 1.3734494e+07 1.4090869e+07 
-1.9978896e+07 -1.8575018e+06 -5.1134035e+06 
6.9903797e+04 4.1675895e+06 4.2455130e+06 
1.3361121e+06 4.8712380e+06 5.0110360e+06 
-1.2418274e+06 3.4899760e+06 3.4771518e+06 
-8.6310630e+06 4.4123731e+05 -4.2327612e+05 
-6.2339875e+06 1.2819195e+06 7.6122200e+05 
-1.2175844e+07 -5.4701300e+05 -2.0426859e+06 
-2.4426652e+07 -2.3248108e+06 -6.7881820e+06 
6.6099445e+06 8.1785635e+06 8.4458330e+06 
2.5601558e+06 5.5984325e+06 5.7755270e+06 
-2.6027792e+06 2.8404130e+06 2.7035830e+06 
-2.1252224e+07 -2.0121041e+06 -5.6586575e+06 
1.6972498e+07 1.6197849e+07 1.6593959e+07 
1.0794215e+07 1.1187262e+07 1.1482962e+07 
1.5367974e+07 1.4820747e+07 1.5182078e+07 
1.2244690e+07 1.2302024e+07 1.2610235e+07 
3.7449875e+06 6.3462155e+06 6.5402280e+06 
9.2706300e+06 1.0074299e+07 1.0349120e+07 
-3.0067918e+07 -3.2143245e+06 -9.4637120e+06 
-1.1231445e+07 -3.0002028e+05 -1.6556598e+06 
-4.0168848e+06 2.2204292e+06 1.9218818e+06 
-2.7848282e+07 -2.7905488e+06 -8.3572915e+06 
-3.2483754e+07 -3.2587280e+06 -1.0655185e+07 
1.3620985e+07 1.3407747e+07 1.3725434e+07 
-7.8104575e+06 7.4850956e+05 -5.3001609e+04 
7.6746595e+06 8.9724460e+06 9.2119240e+06 
4.8931150e+06 7.1111660e+06 7.3058070e+06 
-2.2543740e+07 -2.1733745e+06 -6.2491210e+06 
-2.5746776e+07 -2.5336608e+06 -7.5370610e+06 
-5.4881515e+06 1.6310402e+06 1.1285828e+06 
-1.0325058e+07 -3.5636012e+04 -1.2723035e+06 
1.6564390e+07 1.5869658e+07 1.6241836e+07 
-1.6166639e+07 -1.3503920e+06 -3.8223878e+06 
-1.7286888e+07 -1.5316805e+06 -4.2746315e+06 
1.4921722e+07 1.4492308e+07 1.4820895e+07 
-1.5086817e+07 -1.1565168e+06 -3.3877990e+06 
-6.2435962e+05 3.9193965e+06 3.8514520e+06 
6.5950388e+05 4.6148960e+06 4.6231360e+06 
6.0065765e+06 7.8894110e+06 8.0723470e+06 
-1.8445676e+07 -1.7029275e+06 -4.7488670e+06 
-1.9543638e+06 3.2498645e+06 3.0755772e+06 
1.0256741e+07 1.0874737e+07 1.1112561e+07 
1.9006011e+06 5.3340120e+06 5.3925285e+06 
1.1733478e+07 1.1982820e+07 1.2241124e+07 
-2.3832426e+07 -2.3509822e+06 -6.8910365e+06 
-1.4047841e+07 -9.4824631e+05 -2.9670432e+06 
-1.9638974e+07 -1.8676388e+06 -5.2499040e+06 
8.7075970e+06 9.7697680e+06 9.9777590e+06 
-7.0204230e+06 1.0726968e+06 3.1972181e+05 
-2.8866420e+07 -3.1612392e+06 -9.3403940e+06 
-3.3341830e+06 2.6081715e+06 2.2930740e+06 
-9.4543650e+06 2.4615961e+05 -8.9065331e+05 
3.1019282e+06 6.0739255e+06 6.1609835e+06 
1.3136524e+07 1.3083787e+07 1.3358567e+07 
-3.0728614e+07 -3.2972315e+06 -1.0313631e+07 
-1.3049135e+07 -7.2433906e+05 -2.5567945e+06 
-2.6961018e+07 -2.7966180e+06 -8.3557095e+06 
-2.0859678e+07 -2.0305622e+06 -5.7828580e+06 
7.0869300e+06 8.6766450e+06 8.8393340e+06 
-4.7676715e+06 1.9956926e+06 1.5009810e+06 
1.6145190e+07 1.5542740e+07 1.5887127e+07 
4.2660555e+06 6.8313555e+06 6.9293010e+06 
1.4464278e+07 1.4166100e+07 1.4457832e+07 
-1.2089465e+07 -4.8399159e+05 -2.1541818e+06 
-2.5085806e+07 -2.5573432e+06 -7.5875420e+06 
-8.6170400e+06 5.4520325e+05 -5.0907012e+05 
-2.2096290e+07 -2.1980150e+06 -6.3527200e+06 
1.1211702e+07 1.1666704e+07 1.1871049e+07 
9.7092510e+06 1.0565324e+07 1.0741369e+07 
-6.2586830e+06 1.4132748e+06 6.9584575e+05 
5.3950945e+06 7.6025700e+06 7.6977165e+06 
-2.3213475e+04 4.3591225e+06 4.2325735e+06 
-1.3243741e+06 3.6713275e+06 3.4543195e+06 
-1.1167177e+07 -2.2674316e+05 -1.7567430e+06 
1.2641125e+07 1.2762662e+07 1.2990424e+07 
8.1352420e+06 9.4681630e+06 9.6056410e+06 
1.2345690e+06 5.0705820e+06 5.0072900e+06 
-2.9605042e+07 -3.3484138e+06 -1.0020956e+07 
-2.6722988e+06 3.0094098e+06 2.6705558e+06 
-2.7973214e+07 -3.1314975e+06 -9.2175000e+06 
1.5714852e+07 1.5217288e+07 1.5529973e+07 
-2.3331208e+07 -2.3781805e+06 -6.9634205e+06 
2.4520110e+06 5.8030210e+06 5.7799170e+06 
1.7480552e+07 1.6644171e+07 1.6743213e+07 
-1.7066288e+07 -1.5231498e+06 -4.3925170e+06 
-4.0706318e+06 2.3750988e+06 1.8788010e+06 
-2.6255978e+07 -2.8068898e+06 -8.3337830e+06 
1.3995706e+07 1.3842243e+07 1.4093047e+07 
-1.5980639e+07 -1.3313148e+06 -3.9389050e+06 
-1.8187280e+07 -1.7044590e+06 -4.8647860e+06 
-7.8108130e+06 8.6118012e+05 -1.2620524e+05 
6.4906830e+06 8.3834085e+06 8.4658890e+06 
-1.0280374e+07 4.7596664e+04 -1.3623821e+06 
-1.4932197e+07 -1.1266646e+06 -3.5003670e+06 
-1.9339894e+07 -1.8783704e+06 -5.3595655e+06 
3.6317432e+06 6.5532920e+06 6.5513700e+06 
-5.5231410e+06 1.7696172e+06 1.0760899e+06 
-1.3921503e+07 -9.0757081e+05 -3.0736685e+06 
1.0679630e+07 1.1353632e+07 1.1500168e+07 
-2.0517806e+07 -2.0490632e+06 -5.8807815e+06 
9.1520890e+06 1.0258909e+07 1.0369528e+07 
-2.4538598e+07 -2.5811545e+06 -7.6159760e+06 
1.2134971e+07 1.2444404e+07 1.2621172e+07 
1.5273356e+07 1.4893490e+07 1.5170534e+07 
4.7759540e+06 7.3177990e+06 7.3220210e+06 
1.6886060e+07 1.6224500e+07 1.6564677e+07 
7.5539730e+06 9.1693100e+06 9.2328860e+06 
-1.2948179e+07 -6.7292138e+05 -2.6559430e+06 
-2.8784592e+07 -3.3800865e+06 -9.7876340e+06 
-9.4270370e+06 3.3900188e+05 -9.6933006e+05 
-2.1711158e+07 -2.2219922e+06 -6.4320270e+06 
-7.1165856e+05 4.1036690e+06 3.8394285e+06 
-7.0335220e+06 1.1936474e+06 2.5902655e+05 
1.3516095e+07 1.3520843e+07 1.3726715e+07 
-2.7277302e+07 -3.1122795e+06 -9.1078010e+06 
-2.0297989e+06 3.4231465e+06 3.0542198e+06 
5.6247300e+05 4.8078850e+06 4.6198765e+06 
-3.3953415e+06 2.7683960e+06 2.2622282e+06 
1.7956721e+06 5.5332405e+06 5.3970880e+06 
5.8863650e+06 8.0925175e+06 8.0916860e+06 
-1.2011226e+07 -4.2201031e+05 -2.2446838e+06 
-2.5682428e+07 -2.8181840e+06 -8.3050815e+06 
-2.2905364e+07 -2.4040545e+06 -7.0157770e+06 
-4.8118965e+06 2.1410060e+06 1.4609556e+06 
2.9906310e+06 6.2767185e+06 6.1720770e+06 
1.0137561e+07 1.1043542e+07 1.1128647e+07 
1.6471752e+07 1.5903933e+07 1.6213028e+07 
1.4820711e+07 1.4571518e+07 1.4808983e+07 
1.1618274e+07 1.2129025e+07 1.2250994e+07 
-8.6051200e+06 6.4727081e+05 -5.7611356e+05 
8.5856280e+06 9.9553600e+06 9.9971820e+06 
-1.1109237e+07 -1.5445108e+05 -1.8377209e+06 
-1.7958620e+07 -1.7049876e+06 -4.9587115e+06 
-1.6869980e+07 -1.5138841e+06 -4.4884390e+06 
-6.2831420e+06 1.5420518e+06 6.4746762e+05 
4.1496142e+06 7.0348520e+06 6.9453340e+06 
1.3025569e+07 1.3201990e+07 1.3359025e+07 
6.9642165e+06 8.8730210e+06 8.8596130e+06 
-1.9077028e+07 -1.8877480e+06 -5.4476955e+06 
-1.5814408e+07 -1.3116975e+06 -4.0337860e+06 
-2.4079826e+07 -2.6035298e+06 -7.6319785e+06 
-2.8143118e+07 -3.3967355e+06 -9.6028040e+06 
-2.0219734e+07 -2.0657919e+06 -5.9584235e+06 
-1.4793601e+07 -1.0964132e+06 -3.5917958e+06 
-2.6716126e+07 -3.0988882e+06 -9.0134540e+06 
-1.4054841e+06 3.8483028e+06 3.4437768e+06 
-1.1529941e+05 4.5456745e+06 4.2303480e+06 
-2.7403360e+06 3.1746412e+06 2.6512562e+06 
1.6046326e+07 1.5584373e+07 1.5858600e+07 
5.2744305e+06 7.8037445e+06 7.7168165e+06 
-1.0240562e+07 1.2988881e+05 -1.4331982e+06 
-7.8126150e+06 9.7205669e+05 -1.8152905e+05 
1.4356951e+07 1.4251535e+07 1.4445514e+07 
1.1333315e+06 5.2643310e+06 5.0125500e+06 
-2.1378398e+07 -2.2437882e+06 -6.4935080e+06 
-1.3808098e+07 -8.6659944e+05 -3.1597430e+06 
-4.1232542e+06 2.5266372e+06 1.8507375e+06 
9.5858240e+06 1.0736352e+07 1.0756657e+07 
1.1091280e+07 1.1816520e+07 1.1880080e+07 
-2.5206928e+07 -2.8294152e+06 -8.2756895e+06 
8.0102645e+06 9.6545300e+06 9.6244760e+06 
2.3431615e+06 6.0013810e+06 5.7914765e+06 
1.2524283e+07 1.2885755e+07 1.2990180e+07 
-5.5578125e+06 1.9057424e+06 1.0397336e+06 
-2.2540992e+07 -2.4275432e+06 -7.0545040e+06 
-1.2857609e+07 -6.2128819e+05 -2.7351742e+06 
6.3664150e+06 8.5790980e+06 8.4859370e+06 
3.5165328e+06 6.7534810e+06 6.5677210e+06 
-9.4034230e+06 4.3093797e+05 -1.0295482e+06 
-2.7619970e+07 -3.4046672e+06 -9.4543910e+06 
1.5609739e+07 1.5266043e+07 1.5501583e+07 
-7.0476020e+06 1.3128904e+06 2.1537820e+05 
1.3882142e+07 1.3933688e+07 1.4080335e+07 
-1.1941277e+07 -3.5987962e+05 -2.3159190e+06 
1.7377166e+07 1.6648572e+07 1.6695844e+07 
-2.3690974e+07 -2.6239060e+06 -7.6408490e+06 
-2.6252350e+07 -3.0894285e+06 -8.9334890e+06 
4.6553435e+06 7.5168560e+06 7.3413645e+06 
-2.1043808e+06 3.5928128e+06 3.0456910e+06 
9.0247790e+06 1.0431960e+07 1.0384373e+07 
-7.9838975e+05 4.2837210e+06 3.8387585e+06 
1.0554270e+07 1.1506860e+07 1.1508630e+07 
-1.7756534e+07 -1.7033012e+06 -5.0341100e+06 
-1.8845936e+07 -1.8946235e+06 -5.5181635e+06 
-3.4557352e+06 2.9256260e+06 2.2455308e+06 
-1.6695751e+07 -1.5026705e+06 -4.5654485e+06 
4.6538775e+05 4.9960495e+06 4.6263490e+06 
7.4264205e+06 9.3562540e+06 9.2515540e+06 
1.2012429e+07 1.2572191e+07 1.2620398e+07 
-1.9959314e+07 -2.0797481e+06 -6.0199675e+06 
-1.5666416e+07 -1.2903675e+06 -4.1096895e+06 
-8.5960070e+06 7.4845906e+05 -6.2547062e+05 
-4.8558575e+06 2.2839802e+06 1.4362255e+06 
1.6897649e+06 5.7270295e+06 5.4096165e+06 
-1.1057868e+07 -8.2067023e+04 -1.9000861e+06 
1.5161977e+07 1.4949159e+07 1.5142185e+07 
-2.4806772e+07 -2.8402342e+06 -8.2482125e+06 
-2.1089684e+07 -2.2626458e+06 -6.5414385e+06 
-1.4669996e+07 -1.0646529e+06 -3.6643938e+06 
1.6781190e+07 1.6233704e+07 1.6517290e+07 
5.7610270e+06 8.2873265e+06 8.1119665e+06 
1.3396383e+07 1.3618107e+07 1.3713670e+07 
-6.3082875e+06 1.6691969e+06 6.1533044e+05 
2.8771620e+06 6.4734360e+06 6.1892380e+06 
-2.7182532e+07 -3.4083075e+06 -9.3336370e+06 
-2.2227134e+07 -2.4482025e+06 -7.0835435e+06 
-1.3706945e+07 -8.2429612e+05 -3.2272710e+06 
1.0007558e+07 1.1199998e+07 1.1136850e+07 
-1.0205918e+07 2.1222211e+05 -1.4860524e+06 
8.4548150e+06 1.0130245e+07 1.0011971e+07 
4.0295695e+06 7.2316100e+06 6.9654030e+06 
1.1490232e+07 1.2261331e+07 1.2249904e+07 
-7.8165335e+06 1.0820772e+06 -2.1991419e+05 
-2.5862220e+07 -3.0829680e+06 -8.8661520e+06 
1.4703052e+07 1.4633921e+07 1.4780632e+07 
6.8345380e+06 9.0603500e+06 8.8785550e+06 
-1.4864728e+06 4.0218112e+06 3.4451550e+06 
-2.3358282e+07 -2.6421255e+06 -7.6455010e+06 
-2.8080812e+06 3.3370108e+06 2.6452378e+06 
1.6360875e+07 1.5920685e+07 1.6166184e+07 
-2.0778514e+05 4.7281655e+06 4.2385205e+06 
-1.2776992e+07 -5.6847788e+05 -2.7962315e+06 
-4.1757975e+06 2.6759438e+06 1.8371398e+06 
1.2899809e+07 1.3304906e+07 1.3345759e+07 
1.0308551e+06 5.4534215e+06 5.0265315e+06 
5.1485210e+06 7.9974840e+06 7.7377990e+06 
-5.5930335e+06 2.0403076e+06 1.0188308e+06 
-9.3838460e+06 5.2287103e+05 -1.0724494e+06 
-1.8642496e+07 -1.8983351e+06 -5.5737920e+06 
-1.7577906e+07 -1.6986604e+06 -5.0936030e+06 
-2.4465976e+07 -2.8505318e+06 -8.2236035e+06 
2.2319475e+06 6.1944695e+06 5.8099300e+06 
-1.9731148e+07 -2.0904000e+06 -6.0683370e+06 
-1.1879358e+07 -2.9670825e+05 -2.3694110e+06 
-1.6541258e+07 -1.4887342e+06 -4.6259245e+06 
9.4514950e+06 1.0895863e+07 1.0764947e+07 
-2.6810784e+07 -3.4102058e+06 -9.2344160e+06 
-7.0633005e+06 1.4313012e+06 1.8793889e+05 
-2.0838062e+07 -2.2782120e+06 -6.5786550e+06 
7.8763505e+06 9.8310650e+06 9.6396210e+06 
1.4233010e+07 1.4320519e+07 1.4417166e+07 
1.0957957e+07 1.1953182e+07 1.1878936e+07 
1.5929330e+07 1.5608511e+07 1.5812158e+07 
-1.5534912e+07 -1.2665464e+06 -4.1687475e+06 
3.3975752e+06 6.9477620e+06 6.5889935e+06 
6.2350800e+06 8.7666200e+06 8.5056060e+06 
-2.1955076e+07 -2.4658790e+06 -7.1053285e+06 
1.2392590e+07 1.2994177e+07 1.2976855e+07 
-2.5529692e+07 -3.0789335e+06 -8.8096440e+06 
-1.4560067e+07 -1.0306214e+06 -3.7200575e+06 
-1.1012928e+07 -8.7621934e+03 -1.9451762e+06 
-2.1792598e+06 3.7597528e+06 3.0495738e+06 
-8.5900370e+06 8.4960812e+05 -6.5814981e+05 
-3.5163630e+06 3.0807338e+06 2.2424755e+06 
-8.8584181e+05 4.4604615e+06 3.8490902e+06 
-2.3071284e+07 -2.6581808e+06 -7.6474985e+06 
-4.9003780e+06 2.4254688e+06 1.4261736e+06 
3.6682559e+05 5.1803230e+06 4.6422440e+06 
4.5293770e+06 7.7093355e+06 7.3635215e+06 
1.5486520e+07 1.5297432e+07 1.5455452e+07 
-1.3617057e+07 -7.7992600e+05 -3.2779342e+06 
1.3751926e+07 1.4009122e+07 1.4052047e+07 
8.8864630e+06 1.0594361e+07 1.0393131e+07 
-6.3347285e+06 1.7955391e+06 5.9868575e+05 
1.5813218e+06 5.9163380e+06 5.4298255e+06 
1.0415907e+07 1.1647732e+07 1.1507735e+07 
7.2898305e+06 9.5342580e+06 9.2674910e+06 
1.7254822e+07 1.6635032e+07 1.6629781e+07 
-1.0176385e+07 2.9537212e+05 -1.5221244e+06 
-2.4172850e+07 -2.8602595e+06 -8.2020100e+06 
-2.6491320e+07 -3.4117605e+06 -9.1523830e+06 
1.1874936e+07 1.2685991e+07 1.2607223e+07 
5.6285270e+06 8.4748520e+06 8.1328280e+06 
-1.2705581e+07 -5.1378722e+05 -2.8406072e+06 
2.7598245e+06 6.6650650e+06 6.2121810e+06 
-7.8229080e+06 1.1920329e+06 -2.4225553e+05 
-1.8462926e+07 -1.8985148e+06 -5.6166440e+06 
-1.9530498e+07 -2.0974820e+06 -6.1055840e+06 
-1.7419744e+07 -1.6906234e+06 -5.1391725e+06 
1.5032438e+07 1.4987689e+07 1.5096321e+07 
-2.0617678e+07 -2.2903450e+06 -6.6070435e+06 
1.3259917e+07 1.3699884e+07 1.3685551e+07 
-2.8765022e+06 3.4973758e+06 2.6520405e+06 
-1.6404138e+07 -1.4715874e+06 -4.6717215e+06 
-1.5684690e+06 4.1927398e+06 3.4580698e+06 
-2.5243308e+07 -3.0769005e+06 -8.7623190e+06 
1.6657226e+07 1.6224865e+07 1.6451174e+07 
-4.2290525e+06 2.8238478e+06 1.8374528e+06 
3.9040780e+06 7.4226410e+06 6.9892040e+06 
-2.1717754e+07 -2.4805502e+06 -7.1213470e+06 
-3.0195409e+05 4.9075125e+06 4.2567620e+06 
8.3128805e+06 1.0295373e+07 1.0021608e+07 
-9.3683060e+06 6.1553312e+05 -1.0990780e+06 
-1.1824900e+07 -2.3182452e+05 -2.4064845e+06 
9.8644220e+06 1.1344941e+07 1.1136549e+07 
-5.6293890e+06 2.1741092e+06 1.0127133e+06 
-1.5418022e+07 -1.2397211e+06 -4.2126635e+06 
6.6957250e+06 9.2396410e+06 8.8957360e+06 
9.2570225e+05 5.6388040e+06 5.0489375e+06 
1.1347095e+07 1.2380393e+07 1.2237140e+07 
-2.2821798e+07 -2.6721090e+06 -7.6476265e+06 
-7.0809570e+06 1.5496350e+06 1.7591355e+05 
1.4567110e+07 1.4679509e+07 1.4735043e+07 
-1.4462325e+07 -9.9379606e+05 -3.7603370e+06 
5.0153725e+06 8.1848195e+06 7.7603230e+06 
-2.6214478e+07 -3.4136958e+06 -9.0843330e+06 
2.1167730e+06 6.3832730e+06 5.8349940e+06 
1.6230801e+07 1.5919379e+07 1.6100567e+07 
1.2757135e+07 1.3392938e+07 1.3317971e+07 
-1.0973982e+07 6.6106383e+04 -1.9741689e+06 
-2.3918522e+07 -2.8693718e+06 -8.1831845e+06 
-8.5872470e+06 9.5141612e+05 -6.7507769e+05 
-1.3537238e+07 -7.3296588e+05 -3.3131355e+06 
9.3038830e+06 1.1044742e+07 1.0765623e+07 
7.7311970e+06 9.9987560e+06 9.6505750e+06 
3.2731108e+06 7.1371530e+06 6.6148980e+06 
-3.5779955e+06 3.2345350e+06 2.2525685e+06 
-2.2553892e+06 3.9248208e+06 3.0654565e+06 
1.0809361e+07 1.2077405e+07 1.1866887e+07 
-4.9460270e+06 2.5662472e+06 1.4302066e+06 
-9.7514262e+05 4.6347840e+06 3.8700770e+06 
6.0945280e+06 8.9470120e+06 8.5244990e+06 
-2.4994486e+07 -3.0765162e+06 -8.7227130e+06 
-1.9353192e+07 -2.1008780e+06 -6.1331485e+06 
1.4090594e+07 1.4373104e+07 1.4371914e+07 
-1.8303778e+07 -1.8949698e+06 -5.6482300e+06 
-2.0423550e+07 -2.2990102e+06 -6.6278530e+06 
1.5792961e+07 1.5614681e+07 1.5746957e+07 
2.6548612e+05 5.3616380e+06 4.6672605e+06 
-6.3628035e+06 1.9218082e+06 5.9682888e+05 
-1.0151622e+07 3.7995759e+05 -1.5424621e+06 
-1.7279210e+07 -1.6789345e+06 -5.1723205e+06 
-1.2642407e+07 -4.5669809e+05 -2.8695648e+06 
-2.1509350e+07 -2.4922460e+06 -7.1324895e+06 
1.2243773e+07 1.3088392e+07 1.2949610e+07 
4.3961220e+06 7.8962835e+06 7.3881755e+06 
-1.6282059e+07 -1.4509268e+06 -4.7042820e+06 
1.4688661e+06 6.1021420e+06 5.4574395e+06 
-7.8318035e+06 1.3025966e+06 -2.4937447e+05 
-2.2603264e+07 -2.6839495e+06 -7.6462090e+06 
-2.5972874e+07 -3.4163462e+06 -9.0278000e+06 
8.7347080e+06 1.0747041e+07 1.0395202e+07 
7.1418940e+06 9.7043450e+06 9.2802210e+06 
-1.5313823e+07 -1.2095546e+06 -4.2427965e+06 
1.0262067e+07 1.1777019e+07 1.1496752e+07 
1.3602987e+07 1.4068665e+07 1.4007246e+07 
-1.1777107e+07 -1.6471706e+05 -2.4282760e+06 
1.5343682e+07 1.5311049e+07 1.5390635e+07 
-2.3696012e+07 -2.8778080e+06 -8.1666830e+06 
2.6369580e+06 6.8526210e+06 6.2406345e+06 
-9.3565330e+06 7.0952375e+05 -1.1103665e+06 
5.4867530e+06 8.6561530e+06 8.1539055e+06 
-2.9463640e+06 3.6565485e+06 2.6712328e+06 
-4.2835810e+06 2.9711128e+06 1.8511562e+06 
-1.6524304e+06 4.3619475e+06 3.4821625e+06 
1.1720069e+07 1.2786331e+07 1.2580787e+07 
-1.4375173e+07 -9.5381681e+05 -3.7864938e+06 
1.7112746e+07 1.6602619e+07 1.6544067e+07 
-5.6672185e+06 2.3078605e+06 1.0207613e+06 
-3.9895344e+05 5.0846240e+06 4.2847700e+06 
-2.4776498e+07 -3.0774672e+06 -8.6895270e+06 
3.7712882e+06 7.6089960e+06 7.0164490e+06 
-7.1006570e+06 1.6685469e+06 1.7857720e+05 
-1.0940364e+07 1.4304338e+05 -1.9880840e+06 
8.1653250e+05 5.8214350e+06 5.0795035e+06 
1.4882971e+07 1.5008747e+07 1.5031908e+07 
8.1573555e+06 1.0451718e+07 1.0025521e+07 
1.3104425e+07 1.3766366e+07 1.3641371e+07 
-1.3466149e+07 -6.8304012e+05 -3.3340348e+06 
-2.0251366e+07 -2.3042230e+06 -6.6419000e+06 
-1.9195516e+07 -2.1005530e+06 -6.1520385e+06 
9.7055920e+06 1.1479197e+07 1.1127024e+07 
6.5454815e+06 9.4119490e+06 8.9107190e+06 
-2.1324954e+07 -2.5010108e+06 -7.1392580e+06 
-8.5874220e+06 1.0544684e+06 -6.7708138e+05 
-1.8161888e+07 -1.8876098e+06 -5.6696550e+06 
1.6513110e+07 1.6197000e+07 1.6365311e+07 
-2.5760594e+07 -3.4198205e+06 -8.9808110e+06 
1.9960969e+06 6.5687940e+06 5.8664210e+06 
1.1186305e+07 1.2486811e+07 1.2211827e+07 
-2.2410266e+07 -2.6937270e+06 -7.6432935e+06 
4.8729305e+06 8.3668260e+06 7.7840605e+06 
-1.7153622e+07 -1.6634520e+06 -5.1941825e+06 
-3.6411975e+06 3.3877908e+06 2.2753638e+06 
-1.2586336e+07 -3.9682384e+05 -2.8841645e+06 
-4.9931490e+06 2.7070208e+06 1.4477879e+06 
-2.3335430e+06 4.0888330e+06 3.0929738e+06 
-1.6172743e+07 -1.4265669e+06 -4.7247280e+06 
-1.0131065e+07 4.6647781e+05 -1.5479785e+06 
-2.3499650e+07 -2.8854900e+06 -8.1519705e+06 
1.4410869e+07 1.4708026e+07 1.4671107e+07 
-1.0672714e+06 4.8075600e+06 3.9014195e+06 
3.1413858e+06 7.3227020e+06 6.6451820e+06 
1.2595088e+07 1.3466354e+07 1.3274635e+07 
-6.3926150e+06 2.0486486e+06 6.0912625e+05 
1.6080170e+07 1.5899108e+07 1.6015046e+07 
7.5723195e+06 1.0158622e+07 9.6568050e+06 
9.1403600e+06 1.1183873e+07 1.0757989e+07 
-1.5220377e+07 -1.1758258e+06 -4.2602260e+06 
-2.4583872e+07 -3.0794672e+06 -8.6615980e+06 
1.6018109e+05 5.5409230e+06 4.7011485e+06 
5.9424950e+06 9.1213550e+06 8.5422220e+06 
-7.8430475e+06 1.4143444e+06 -2.4199995e+05 
1.0642812e+07 1.2189856e+07 1.1843063e+07 
-1.1735004e+07 -9.4991164e+04 -2.4357480e+06 
4.2536025e+06 8.0787815e+06 7.4150445e+06 
1.3509922e+06 6.2854245e+06 5.4922380e+06 
1.3927455e+07 1.4409119e+07 1.4308583e+07 
-9.3480430e+06 8.0533881e+05 -1.1071272e+06 
-1.4296947e+07 -9.1043325e+05 -3.7995490e+06 
-2.5572714e+07 -3.4240905e+06 -8.9417260e+06 
1.5635567e+07 1.5602060e+07 1.5661764e+07 
1.2075201e+07 1.3168751e+07 1.2907399e+07 
-2.0097338e+07 -2.3060185e+06 -6.6497015e+06 
-2.1160340e+07 -2.5068860e+06 -7.1418995e+06 
-1.9054130e+07 -2.0965122e+06 -6.1629515e+06 
-4.3397385e+06 3.1184428e+06 1.8777976e+06 
-3.0182452e+06 3.8152942e+06 2.7024465e+06 
2.5069280e+06 7.0371405e+06 6.2743860e+06 
-5.7066425e+06 2.4422015e+06 1.0424311e+06 
-2.2238230e+07 -2.7014475e+06 -7.6387560e+06 
6.9801300e+06 9.8675740e+06 9.2892630e+06 
8.5668370e+06 1.0890945e+07 1.0389926e+07 
-1.8034334e+07 -1.8764009e+06 -5.6817235e+06 
-1.7391548e+06 4.5302615e+06 3.5171405e+06 
-1.0911224e+07 2.2245022e+05 -1.9877909e+06 
-1.3402350e+07 -6.2987494e+05 -3.3415848e+06 
-7.1222625e+06 1.7886079e+06 1.9529522e+05 
5.3334945e+06 8.8323290e+06 8.1748610e+06 
1.0089969e+07 1.1895461e+07 1.1474828e+07 
-2.3324688e+07 -2.8923248e+06 -8.1384685e+06 
-1.7040434e+07 -1.6441018e+06 -5.2056150e+06 
-4.9980409e+05 5.2603905e+06 4.3223115e+06 
1.3432850e+07 1.4112236e+07 1.3944706e+07 
1.5179290e+07 1.5306158e+07 1.5305807e+07 
-8.5901390e+06 1.1592595e+06 -6.6487762e+05 
3.6293210e+06 7.7917575e+06 7.0469085e+06 
-2.4412010e+07 -3.0822470e+06 -8.6378720e+06 
1.1545041e+07 1.2873649e+07 1.2540034e+07 
-1.6073975e+07 -1.3983951e+06 -4.7339285e+06 
7.0209294e+05 6.0022690e+06 5.1180390e+06 
-1.2536105e+07 -3.3387131e+05 -2.8852858e+06 
1.6949700e+07 1.6549934e+07 1.6437285e+07 
-1.0113964e+07 5.5534025e+05 -1.5394516e+06 
7.9855340e+06 1.0600281e+07 1.0023102e+07 
6.3813495e+06 9.5783680e+06 8.9230830e+06 
-2.5404992e+07 -3.4290455e+06 -8.9091420e+06 
-1.5135743e+07 -1.1383875e+06 -4.2658050e+06 
1.8684201e+06 6.7520510e+06 5.9040410e+06 
9.5282030e+06 1.1603583e+07 1.1107457e+07 
-3.7063435e+06 3.5412088e+06 2.3104965e+06 
-5.0418840e+06 2.8484288e+06 1.4784648e+06 
1.2927222e+07 1.3817566e+07 1.3579866e+07 
1.4711366e+07 1.5011692e+07 1.4947539e+07 
4.7190580e+06 8.5446170e+06 7.8087380e+06 
-2.4143268e+06 4.2525655e+06 3.1318422e+06 
-6.4240555e+06 2.1766300e+06 6.3503688e+05 
1.1004932e+07 1.2581109e+07 1.2172921e+07 
-1.1630681e+06 4.9796355e+06 3.9429040e+06 
-7.8562655e+06 1.5277711e+06 -2.2075500e+05 
-1.1697473e+07 -2.2337520e+04 -2.4297048e+06 
-2.1011804e+07 -2.5099015e+06 -7.1404865e+06 
-1.9958076e+07 -2.3044335e+06 -6.6515640e+06 
1.6347321e+07 1.6148676e+07 1.6258225e+07 
-2.2083186e+07 -2.7070980e+06 -7.6323660e+06 
-1.4225939e+07 -8.6346819e+05 -3.8003218e+06 
3.0006400e+06 7.5054825e+06 6.6796725e+06 
-1.8925984e+07 -2.0887779e+06 -6.1663585e+06 
-2.3167036e+07 -2.8982060e+06 -8.1255845e+06 
4.9826016e+04 5.7190950e+06 4.7437485e+06 
-9.3421620e+06 9.0339138e+05 -1.0900491e+06 
-1.7918396e+07 -1.8613389e+06 -5.6850140e+06 
7.3970035e+06 1.0311713e+07 9.6577670e+06 
1.4231855e+07 1.4718933e+07 1.4587349e+07 
1.2410785e+07 1.3525269e+07 1.3214469e+07 
5.7765700e+06 9.2907710e+06 8.5584260e+06 
8.9579950e+06 1.1314146e+07 1.0741276e+07 
-2.4256932e+07 -3.0855502e+06 -8.6173840e+06 
-1.6937226e+07 -1.6208474e+06 -5.2072565e+06 
1.2263560e+06 6.4671740e+06 5.5340970e+06 
-1.3344325e+07 -5.7326688e+05 -3.3365585e+06 
1.5907142e+07 1.5858534e+07 1.5908034e+07 
4.0997770e+06 8.2579480e+06 7.4439240e+06 
-1.0885562e+07 3.0464984e+05 -1.9740152e+06 
1.0455257e+07 1.2291154e+07 1.1806444e+07 
-4.3976895e+06 3.2664818e+06 1.9170196e+06 
-5.7475810e+06 2.5777032e+06 1.0772772e+06 
-3.0925498e+06 3.9743305e+06 2.7454112e+06 
-2.5253692e+07 -3.4345240e+06 -8.8818240e+06 
-7.1454390e+06 1.9103151e+06 2.2553894e+05 
-1.5983595e+07 -1.3663428e+06 -4.7325485e+06 
-1.8292896e+06 4.6984760e+06 3.5628118e+06 
2.3681108e+06 7.2196795e+06 6.3133225e+06 
1.3740864e+07 1.4428134e+07 1.4225646e+07 
-8.5947890e+06 1.2662080e+06 -6.3906531e+05 
1.1883807e+07 1.3235476e+07 1.2848934e+07 
-1.2490356e+07 -2.6761462e+05 -2.8736468e+06 
6.8018385e+06 1.0025043e+07 9.2941500e+06 
-6.0540756e+05 5.4356820e+06 4.3692610e+06 
8.3798725e+06 1.1027034e+07 1.0376600e+07 
1.5454996e+07 1.5569412e+07 1.5554892e+07 
5.1664095e+06 9.0045240e+06 8.1954250e+06 
-1.5057990e+07 -1.0971398e+06 -4.2602010e+06 
-1.0099411e+07 6.4687931e+05 -1.5175274e+06 
-2.0876022e+07 -2.5100722e+06 -7.1349720e+06 
-2.1941630e+07 -2.7106472e+06 -7.6238230e+06 
9.8964490e+06 1.2003772e+07 1.1440988e+07 
-1.9830508e+07 -2.2994980e+06 -6.6476405e+06 
5.8121069e+05 6.1822570e+06 5.1644685e+06 
3.4762528e+06 7.9720390e+06 7.0804530e+06 
-2.3023104e+07 -2.9030168e+06 -8.1127235e+06 
-1.8808262e+07 -2.0773749e+06 -6.1625605e+06 
1.3238546e+07 1.4139523e+07 1.3862864e+07 
-2.4115118e+07 -3.0891308e+06 -8.5992340e+06 
-5.0921820e+06 2.9910478e+06 1.5218925e+06 
-3.7736290e+06 3.6954422e+06 2.3577118e+06 
-1.4160410e+07 -8.1279312e+05 -3.7894615e+06 
-6.4568265e+06 2.3062528e+06 6.7412956e+05 
-1.1663282e+07 5.3488832e+04 -2.4108022e+06 
1.1346612e+07 1.2948281e+07 1.2483693e+07 
1.4990891e+07 1.5281637e+07 1.5199196e+07 
-1.7811510e+07 -1.8424309e+06 -5.6799295e+06 
1.7322772e+06 6.9340705e+06 5.9478070e+06 
-2.4981848e+06 4.4167510e+06 3.1818938e+06 
-7.8708985e+06 1.6433008e+06 -1.8614638e+05 
6.2006680e+06 9.7400370e+06 8.9324520e+06 
7.7944150e+06 1.0742091e+07 1.0013729e+07 
-2.5115450e+07 -3.4403318e+06 -8.8586620e+06 
4.5515065e+06 8.7193490e+06 7.8341750e+06 
-1.2632385e+06 5.1518265e+06 3.9944410e+06 
-1.6841672e+07 -1.5936725e+06 -5.1995755e+06 
-9.3380580e+06 1.0040256e+06 -1.0596950e+06 
9.3290030e+06 1.1718907e+07 1.1076934e+07 
1.6763928e+07 1.6475040e+07 1.6307482e+07 
-1.3290496e+07 -5.1306194e+05 -3.3195735e+06 
1.2725106e+07 1.3853301e+07 1.3499455e+07 
2.8490885e+06 7.6865940e+06 6.7183215e+06 
-6.6564422e+04 5.8970570e+06 4.7950355e+06 
1.4514872e+07 1.4995524e+07 1.4841371e+07 
-1.0862248e+07 3.8990291e+05 -1.9473466e+06 
1.0799583e+07 1.2663741e+07 1.2119185e+07 
-1.5899493e+07 -1.3303665e+06 -4.7210900e+06 
-5.7897680e+06 2.7148715e+06 1.1249724e+06 
1.6157798e+07 1.6077927e+07 1.6127900e+07 
-4.4574155e+06 3.4158142e+06 1.9685860e+06 
7.2022490e+06 1.0459127e+07 9.6529380e+06 
-2.1810400e+07 -2.7120480e+06 -7.6127800e+06 
5.5941545e+06 9.4564330e+06 8.5728390e+06 
1.0936681e+06 6.6483805e+06 5.5830355e+06 
-7.1696710e+06 2.0340974e+06 2.6889844e+05 
-2.0749980e+07 -2.5073965e+06 -7.1252235e+06 
-2.2889660e+07 -2.9066302e+06 -8.0992940e+06 
-3.1695110e+06 4.1343245e+06 2.7999840e+06 
8.7534690e+06 1.1436464e+07 1.0714652e+07 
-1.2447643e+07 -1.9787797e+05 -2.8498215e+06 
-1.9711798e+07 -2.2912305e+06 -6.6379715e+06 
3.9325142e+06 8.4349430e+06 7.4747310e+06 
-1.4985194e+07 -1.0520128e+06 -4.2439250e+06 
-8.6005950e+06 1.3756654e+06 -6.0012044e+05 
-2.3983390e+07 -3.0927485e+06 -8.5825800e+06 
1.2200805e+07 1.3569636e+07 1.3135891e+07 
1.4027029e+07 1.4711366e+07 1.4481867e+07 
-1.9233334e+06 4.8673445e+06 3.6191218e+06 
-1.8698332e+07 -2.0623229e+06 -6.1517305e+06 
1.0243164e+07 1.2381873e+07 1.1755851e+07 
-2.4987188e+07 -3.4462542e+06 -8.8386390e+06 
-1.0086357e+07 7.4136806e+05 -1.4827224e+06 
2.2188845e+06 7.4013130e+06 6.3574810e+06 
1.5709311e+07 1.5795810e+07 1.5777407e+07 
-7.1654756e+05 5.6113470e+06 4.4256430e+06 
-1.7711250e+07 -1.8196859e+06 -5.6667365e+06 
-1.4098596e+07 -7.5831300e+05 -3.7674705e+06 
6.6040460e+06 1.0177907e+07 9.2944720e+06 
-1.1631096e+07 1.3268164e+05 -2.3795622e+06 
4.9829895e+06 9.1739370e+06 8.2154395e+06 
1.3527501e+07 1.4429432e+07 1.4121163e+07 
8.1704545e+06 1.1156301e+07 1.0354495e+07 
1.1665964e+07 1.3288660e+07 1.2772657e+07 
4.5279072e+05 6.3623410e+06 5.2188765e+06 
-1.6751531e+07 -1.5625680e+06 -5.1829005e+06 
-5.1438075e+06 3.1353900e+06 1.5778559e+06 
-6.4904460e+06 2.4379508e+06 7.2609850e+05 
3.3100948e+06 8.1509925e+06 7.1171040e+06 
-3.8430708e+06 3.8510878e+06 2.4168920e+06 
-7.8862180e+06 1.7612904e+06 -1.3855653e+05 
1.5248501e+07 1.5515024e+07 1.5424118e+07 
9.6778640e+06 1.2102648e+07 1.1394131e+07 
-2.5853998e+06 4.5820760e+06 3.2431085e+06 
-9.3347450e+06 1.1075232e+06 -1.0165019e+06 
-1.3239231e+07 -4.4914300e+05 -3.2911080e+06 
1.5862290e+06 7.1158940e+06 5.9978405e+06 
-1.5819597e+07 -1.2904368e+06 -4.6999175e+06 
-2.1686594e+07 -2.7112370e+06 -7.5988570e+06 
-2.2763756e+07 -2.9089118e+06 -8.0847075e+06 
-2.0630886e+07 -2.5018562e+06 -7.1110430e+06 
-1.3683520e+06 5.3249160e+06 4.0561020e+06 
-2.3858834e+07 -3.0961680e+06 -8.5666180e+06 
1.3016482e+07 1.4149965e+07 1.3759759e+07 
-1.0840032e+07 4.7841697e+05 -1.9082450e+06 
1.1120968e+07 1.3010467e+07 1.2410251e+07 
6.0005185e+06 9.8981620e+06 8.9385430e+06 
-1.9599300e+07 -2.2796352e+06 -6.6225095e+06 
7.5806235e+06 1.0878232e+07 9.9967930e+06 
4.3678850e+06 8.8922330e+06 7.8603350e+06 
-2.4866054e+07 -3.4520640e+06 -8.8208060e+06 
1.4775396e+07 1.5235921e+07 1.5068495e+07 
-1.8987508e+05 6.0756950e+06 4.8551590e+06 
-1.4915433e+07 -1.0029552e+06 -4.2173560e+06 
9.1042560e+06 1.1825989e+07 1.1034457e+07 
-1.8593706e+07 -2.0436319e+06 -6.1339375e+06 
2.6849112e+06 7.8671695e+06 6.7612565e+06 
-1.2406446e+07 -1.2452591e+05 -2.8142525e+06 
-5.8327540e+06 2.8541448e+06 1.1853241e+06 
-7.1942660e+06 2.1603155e+06 3.2509322e+05 
-4.5187140e+06 3.5669620e+06 2.0324050e+06 
-8.6066230e+06 1.4879195e+06 -5.4839200e+05 
1.2494224e+07 1.3873175e+07 1.3398182e+07 
1.6553046e+07 1.6375351e+07 1.6152067e+07 
-3.2491900e+06 4.2958885e+06 2.8661785e+06 
-1.7615280e+07 -1.7931088e+06 -5.6455915e+06 
9.5169262e+05 6.8300380e+06 5.6392610e+06 
1.0566272e+07 1.2735103e+07 1.2049176e+07 
1.4290068e+07 1.4958840e+07 1.4711030e+07 
-1.0073622e+07 8.3902344e+05 -1.4354266e+06 
5.3924165e+06 9.6195860e+06 8.5853170e+06 
6.9846945e+06 1.0602025e+07 9.6418460e+06 
-2.0216315e+06 5.0375785e+06 3.6861888e+06 
-1.4038703e+07 -6.9995712e+05 -3.7347240e+06 
3.7495692e+06 8.6109790e+06 7.5075590e+06 
-1.6664620e+07 -1.5275271e+06 -5.1574465e+06 
8.5229810e+06 1.1551769e+07 1.0677243e+07 
-1.1599483e+07 2.1539008e+05 -2.3363798e+06 
1.5941830e+07 1.5982149e+07 1.5971679e+07 
-8.3388406e+05 5.7882040e+06 4.4916710e+06 
2.0576200e+06 7.5831415e+06 6.4070990e+06 
-2.2642656e+07 -2.9097185e+06 -8.0683815e+06 
1.1961047e+07 1.3599235e+07 1.3036975e+07 
-2.3738742e+07 -3.0991560e+06 -8.5505800e+06 
-2.1567522e+07 -2.7081378e+06 -7.5816485e+06 
1.3792640e+07 1.4684095e+07 1.4352246e+07 
-2.0516132e+07 -2.4934175e+06 -7.0921830e+06 
-2.4749372e+07 -3.4575242e+06 -8.8042720e+06 
1.0002401e+07 1.2462567e+07 1.1689938e+07 
-6.5242530e+06 2.5720875e+06 7.9077600e+05 
-5.1963400e+06 3.2819002e+06 1.6462888e+06 
-7.9013280e+06 1.8820302e+06 -7.8236828e+04 
-1.5741861e+07 -1.2465318e+06 -4.6692815e+06 
-1.3188847e+07 -3.8142303e+05 -3.2515188e+06 
3.1581959e+05 6.5434570e+06 5.2815565e+06 
-1.9490516e+07 -2.2647018e+06 -6.6011385e+06 
-3.9145038e+06 4.0086788e+06 2.4880832e+06 
-9.3310970e+06 1.2141065e+06 -9.6077994e+05 
4.7805185e+06 9.3418400e+06 8.2349115e+06 
6.3834365e+06 1.0327401e+07 9.2899160e+06 
1.5483575e+07 1.5708488e+07 1.5620389e+07 
3.1287770e+06 8.3298185e+06 7.1570885e+06 
7.9347435e+06 1.1279808e+07 1.0322882e+07 
-2.6760852e+06 4.7491740e+06 3.3156482e+06 
-1.0817553e+07 5.7034988e+05 -1.8570474e+06 
-1.8492004e+07 -2.0213009e+06 -6.1091685e+06 
1.1417337e+07 1.3328273e+07 1.2676698e+07 
1.3283292e+07 1.4411973e+07 1.3992695e+07 
-1.4846783e+07 -9.4993081e+05 -4.1807595e+06 
1.4288625e+06 7.2985760e+06 6.0544885e+06 
-1.4788318e+06 5.4996495e+06 4.1281612e+06 
9.4299530e+06 1.2192803e+07 1.1333034e+07 
-1.2365170e+07 -4.7459324e+04 -2.7672632e+06 
-1.7521346e+07 -1.7626980e+06 -5.6165590e+06 
1.5012588e+07 1.5436619e+07 1.5266568e+07 
5.7776650e+06 1.0054038e+07 8.9412160e+06 
-7.2183560e+06 2.2892600e+06 3.9398175e+05 
4.1656280e+06 9.0645560e+06 7.8873875e+06 
-5.8759005e+06 2.9958895e+06 1.2582912e+06 
-3.2087988e+05 6.2558765e+06 4.9244935e+06 
-8.6117850e+06 1.6031926e+06 -4.8409891e+05 
7.3403145e+06 1.1009873e+07 9.9717370e+06 
-4.5811925e+06 3.7203770e+06 2.1085518e+06 
1.0863559e+07 1.3060372e+07 1.2317922e+07 
1.2762269e+07 1.4142728e+07 1.3632961e+07 
-2.3620572e+07 -3.1014802e+06 -8.5337210e+06 
-2.2523798e+07 -2.9088998e+06 -8.0497350e+06 
-1.3978911e+07 -6.3767612e+05 -3.6914855e+06 
2.5062412e+06 8.0483835e+06 6.8088420e+06 
-1.0059898e+07 9.4000662e+05 -1.3759068e+06 
-1.6578803e+07 -1.4885424e+06 -5.1233320e+06 
-2.4634624e+07 -3.4623928e+06 -8.7881850e+06 
-2.1450646e+07 -2.7026602e+06 -7.5607300e+06 
-3.3314620e+06 4.4595730e+06 2.9441958e+06 
8.8496050e+06 1.1925699e+07 1.0978951e+07 
1.4528920e+07 1.5166923e+07 1.4910750e+07 
-2.0403248e+07 -2.4820310e+06 -7.0683555e+06 
-1.1566917e+07 3.0171994e+05 -2.2815328e+06 
7.9925531e+05 7.0131450e+06 5.7032270e+06 
-2.1243602e+06 5.2098420e+06 3.7643412e+06 
-1.9383056e+07 -2.2464052e+06 -6.5736840e+06 
-1.5664256e+07 -1.1986355e+06 -4.6293335e+06 
5.1682345e+06 9.7815740e+06 8.5959070e+06 
1.2229884e+07 1.3876576e+07 1.3273648e+07 
1.0300256e+07 1.2795558e+07 1.1961225e+07 
-1.3137607e+07 -3.0984359e+05 -3.2010512e+06 
3.5485610e+06 8.7873410e+06 7.5427435e+06 
6.7405265e+06 1.0741679e+07 9.6241280e+06 
1.6313921e+07 1.6247494e+07 1.5967669e+07 
-9.5793706e+05 5.9670435e+06 4.5677935e+06 
1.4032677e+07 1.4899764e+07 1.4553507e+07 
-7.9151630e+06 2.0057395e+06 -5.3015693e+03 
-6.5573975e+06 2.7089515e+06 8.6814500e+05 
-1.8390936e+07 -1.9953172e+06 -6.0773425e+06 
1.8826838e+06 7.7662995e+06 6.4626760e+06 
-5.2491610e+06 3.4309478e+06 1.7272928e+06 
-9.3258390e+06 1.3239340e+06 -8.9271269e+05 
8.2621075e+06 1.1661085e+07 1.0628154e+07 
-3.9875635e+06 4.1686800e+06 2.5715208e+06 
-1.0793337e+07 6.6580806e+05 -1.7939722e+06 
-1.4777306e+07 -8.9291600e+05 -4.1343018e+06 
1.6938155e+05 6.7265345e+06 5.3530615e+06 
-1.7427254e+07 -1.7284452e+06 -5.5796265e+06 
1.1686528e+07 1.3613686e+07 1.2915387e+07 
1.5695910e+07 1.5857965e+07 1.5786115e+07 
-2.7701640e+06 4.9186210e+06 3.3998892e+06 
9.7280550e+06 1.2533802e+07 1.1607181e+07 
-2.3501914e+07 -3.1029080e+06 -8.5153170e+06 
-2.4519408e+07 -3.4664225e+06 -8.7717260e+06 
-1.2322143e+07 3.3383766e+04 -2.7090678e+06 
-2.2404754e+07 -2.9062968e+06 -8.0281890e+06 
4.5560325e+06 9.5096080e+06 8.2540870e+06 
1.3524023e+07 1.4635477e+07 1.4195444e+07 
6.1362680e+06 1.0474884e+07 9.2803270e+06 
2.9301378e+06 8.5097850e+06 7.2009115e+06 
-2.1333560e+07 -2.6947018e+06 -7.5356565e+06 
7.6682895e+06 1.1398726e+07 1.0281076e+07 
-1.5949319e+06 5.6767310e+06 4.2111345e+06 
-1.6491974e+07 -1.4456052e+06 -5.0805930e+06 
1.2588030e+06 7.4831955e+06 6.1183825e+06 
-2.0289868e+07 -2.4676332e+06 -7.0392360e+06 
-1.3917360e+07 -5.7144219e+05 -3.6379190e+06 
1.5225965e+07 1.5593389e+07 1.5433406e+07 
-7.2408860e+06 2.4211435e+06 4.7557000e+05 
-8.6148260e+06 1.7216364e+06 -4.0732747e+05 
-5.9183665e+06 3.1403918e+06 1.3439989e+06 
1.1132673e+07 1.3354179e+07 1.2558822e+07 
-1.0043740e+07 1.0444183e+06 -1.3043084e+06 
1.3003190e+07 1.4374365e+07 1.3837205e+07 
9.1476690e+06 1.2275008e+07 1.1256356e+07 
-4.6442480e+06 3.8764352e+06 2.1972910e+06 
-1.9274626e+07 -2.2247078e+06 -6.5399245e+06 
-4.6021822e+05 6.4384500e+06 5.0036855e+06 
-1.1531772e+07 3.9173044e+05 -2.2151882e+06 
3.9419680e+06 9.2377070e+06 7.9157830e+06 
5.5284800e+06 1.0209098e+07 8.9405480e+06 
-1.5584757e+07 -1.1467392e+06 -4.5801395e+06 
-3.4159935e+06 4.6258615e+06 3.0344528e+06 
2.3111708e+06 8.2314680e+06 6.8617515e+06 
1.4742820e+07 1.5331241e+07 1.5078562e+07 
7.0690525e+06 1.1138326e+07 9.9381090e+06 
-1.8288274e+07 -1.9656584e+06 -6.0383190e+06 
-1.3083711e+07 -2.3437753e+05 -3.1398518e+06 
1.0568882e+07 1.3098114e+07 1.2204610e+07 
-2.2314998e+06 5.3847445e+06 3.8541540e+06 
6.3526500e+05 7.1987095e+06 5.7756905e+06 
1.2470486e+07 1.4116692e+07 1.3479463e+07 
-2.4401430e+07 -3.4693625e+06 -8.7541020e+06 
-2.3380466e+07 -3.1032045e+06 -8.4946560e+06 
8.5599010e+06 1.2019015e+07 1.0909296e+07 
-7.9264735e+06 2.1325580e+06 8.0276938e+04 
-2.2283206e+07 -2.9017432e+06 -8.0031620e+06 
-9.3175430e+06 1.4370949e+06 -8.1235775e+05 
-6.5888230e+06 2.8487475e+06 9.5835025e+05 
-1.4705045e+07 -8.3190312e+05 -4.0780615e+06 
-1.7330844e+07 -1.6903374e+06 -5.5347160e+06 
1.4246557e+07 1.5071939e+07 1.4722204e+07 
-1.0890550e+06 6.1486225e+06 4.6547410e+06 
-5.3014305e+06 3.5828182e+06 1.8211558e+06 
-1.0765786e+07 7.6484100e+05 -1.7191254e+06 
4.9181455e+06 9.9438830e+06 8.6049310e+06 
3.3269610e+06 8.9654120e+06 7.5809450e+06 
-2.1213958e+07 -2.6841485e+06 -7.5059695e+06 
6.4653705e+06 1.0879524e+07 9.5995920e+06 
1.6924534e+06 7.9519655e+06 6.5250485e+06 
-4.0616595e+06 4.3314780e+06 2.6676542e+06 
-1.2275608e+07 1.1802345e+05 -2.6397785e+06 
9.9958100e+06 1.2845489e+07 1.1853412e+07 
1.1926302e+07 1.3862673e+07 1.3122923e+07 
-2.0173722e+07 -2.4501488e+06 -7.0044725e+06 
-1.6402041e+07 -1.3987098e+06 -5.0291960e+06 
7.9656430e+06 1.1765587e+07 1.0566518e+07 
1.2691128e+04 6.9124980e+06 5.4342640e+06 
-2.8673365e+06 5.0909265e+06 3.4964552e+06 
1.6042487e+07 1.6087117e+07 1.5749937e+07 
1.3737320e+07 1.4815871e+07 1.4364997e+07 
-1.3852144e+07 -5.0125338e+05 -3.5741000e+06 
-1.9162992e+07 -2.1995602e+06 -6.4995975e+06 
4.3062805e+06 9.6787590e+06 8.2735425e+06 
-8.6143150e+06 1.8433225e+06 -3.1802953e+05 
2.7119295e+06 8.6922470e+06 7.2494415e+06 
-7.2605970e+06 2.5560910e+06 5.7001888e+05 
-1.7166991e+06 5.8568170e+06 4.3058240e+06 
-1.0023562e+07 1.1522911e+06 -1.2206599e+06 
1.1371118e+07 1.3612469e+07 1.2768311e+07 
9.4142130e+06 1.2596229e+07 1.1505883e+07 
5.8582800e+06 1.0621899e+07 9.2658020e+06 
-5.9590855e+06 3.2878482e+06 1.4427518e+06 
-1.5501329e+07 -1.0908446e+06 -4.5216925e+06 
1.0747450e+06 7.6708605e+06 6.1905130e+06 
1.5415518e+07 1.5701029e+07 1.5566773e+07 
-1.1492317e+07 4.8542709e+05 -2.1374102e+06 
-1.8181838e+07 -1.9322946e+06 -5.9919070e+06 
-2.4278488e+07 -3.4709590e+06 -8.7345360e+06 
1.3215326e+07 1.4563395e+07 1.4007649e+07 
-4.7070355e+06 4.0354258e+06 2.2990962e+06 
-2.3254020e+07 -3.1021320e+06 -8.4710380e+06 
7.3658755e+06 1.1514418e+07 1.0228497e+07 
-1.3025291e+07 -1.5503497e+05 -3.0679760e+06 
-2.2156924e+07 -2.8950650e+06 -7.9740705e+06 
-6.0835200e+05 6.6242435e+06 5.0937090e+06 
-3.5022042e+06 4.7951595e+06 3.1376110e+06 
1.0805517e+07 1.3366181e+07 1.2416375e+07 
-2.1089612e+07 -2.6708758e+06 -7.4711920e+06 
-1.7229990e+07 -1.6483600e+06 -5.4816925e+06 
1.4931398e+07 1.5446426e+07 1.5211876e+07 
8.8249480e+06 1.2350181e+07 1.1162664e+07 
3.6939202e+06 9.4132110e+06 7.9463570e+06 
-1.4628012e+07 -7.6690556e+05 -4.0120412e+06 
2.0977740e+06 8.4177280e+06 6.9210530e+06 
5.2488765e+06 1.0364967e+07 8.9369360e+06 
1.2680874e+07 1.4314828e+07 1.3650908e+07 
-2.3427878e+06 5.5628360e+06 3.9564872e+06 
-9.3046130e+06 1.5535980e+06 -7.1964762e+05 
-7.9338070e+06 2.2625358e+06 1.7867228e+05 
-2.0052602e+07 -2.4294902e+06 -6.9636845e+06 
4.5875962e+05 7.3877530e+06 5.8577815e+06 
6.7616675e+06 1.1265122e+07 9.8956540e+06 
-1.0733170e+07 8.6743162e+05 -1.6325051e+06 
-6.6172445e+06 2.9915848e+06 1.0617078e+06 
-1.2223715e+07 2.0642970e+05 -2.5594158e+06 
-5.3520580e+06 3.7377035e+06 1.9283669e+06 
-1.6306921e+07 -1.3478565e+06 -4.9690450e+06 
1.4433538e+07 1.5195106e+07 1.4855403e+07 
1.0230184e+07 1.3123834e+07 1.2067872e+07 
-1.2273625e+06 6.3336625e+06 4.7535740e+06 
-1.9045982e+07 -2.1709050e+06 -6.4524030e+06 
8.2289790e+06 1.2107112e+07 1.0824369e+07 
1.2134352e+07 1.4070439e+07 1.3295560e+07 
-4.1359332e+06 4.4973730e+06 2.7771712e+06 
-1.3781306e+07 -4.2714069e+05 -3.5000250e+06 
3.0821032e+06 9.1466990e+06 7.6232555e+06 
4.6382975e+06 1.0108195e+07 8.6131050e+06 
-2.4148452e+07 -3.4709542e+06 -8.7122680e+06 
1.4853626e+06 8.1413740e+06 6.5954735e+06 
-2.3120442e+07 -3.0994495e+06 -8.4437680e+06 
6.1541680e+06 1.1017242e+07 9.5683390e+06 
-2.9670300e+06 5.2665280e+06 3.6062498e+06 
1.3922059e+07 1.4947519e+07 1.4498082e+07 
-1.8069484e+07 -1.8951922e+06 -5.9378740e+06 
-1.5484814e+05 7.1022670e+06 5.5264180e+06 
-1.5411923e+07 -1.0309701e+06 -4.4539200e+06 
-2.2023750e+07 -2.8860808e+06 -7.9403270e+06 
-8.6086220e+06 1.9682306e+06 -2.1602198e+05 
-9.9976160e+06 1.2635779e+06 -1.1248756e+06 
9.6459190e+06 1.2885379e+07 1.1723560e+07 
-7.2759955e+06 2.6941288e+06 6.7764975e+05 
1.1576248e+07 1.3830437e+07 1.2942427e+07 
-1.1446696e+07 5.8275150e+05 -2.0481664e+06 
7.6273765e+06 1.1866701e+07 1.0491570e+07 
-5.9967280e+06 3.4383545e+06 1.5550461e+06 
-2.0958362e+07 -2.6547500e+06 -7.4308355e+06 
-1.8439120e+06 6.0405125e+06 4.4133590e+06 
-1.2960398e+07 -7.1872547e+04 -2.9853992e+06 
2.4718558e+06 8.8786670e+06 7.3040165e+06 
4.0277132e+06 9.8510010e+06 8.2943150e+06 
1.3397157e+07 1.4704088e+07 1.4140692e+07 
-1.7122576e+07 -1.6025020e+06 -5.4203730e+06 
-4.7684250e+06 4.1975415e+06 2.4146698e+06 
1.5733476e+07 1.5888612e+07 1.5493270e+07 
8.7551500e+05 7.8627160e+06 6.2723075e+06 
5.5446000e+06 1.0770244e+07 9.2468180e+06 
-1.9924356e+07 -2.4055630e+06 -6.9164680e+06 
-1.4544177e+07 -6.9796556e+05 -3.9361778e+06 
9.0536430e+06 1.2650675e+07 1.1384189e+07 
1.1007162e+07 1.3594967e+07 1.2592356e+07 
-3.5892128e+06 4.9677890e+06 3.2546028e+06 
-7.6549494e+05 6.8140620e+06 5.1959215e+06 
7.0213180e+06 1.1628537e+07 1.0164786e+07 
-9.2852580e+06 1.6733598e+06 -6.1439275e+05 
1.5094831e+07 1.5505760e+07 1.5307944e+07 
1.2859116e+07 1.4465190e+07 1.3784066e+07 
-1.0693610e+07 9.7348488e+05 -1.5340086e+06 
-1.6204523e+07 -1.2930592e+06 -4.8999940e+06 
-7.9354810e+06 2.3956200e+06 2.9020591e+05 
-1.8921454e+07 -2.1386798e+06 -6.3980110e+06 
-2.4009264e+07 -3.4690875e+06 -8.6865490e+06 
-1.2164504e+07 2.9851134e+05 -2.4679162e+06 
-2.4576535e+06 5.7445995e+06 4.0725208e+06 
-6.6411080e+06 3.1374665e+06 1.1787121e+06 
3.4183038e+06 9.5927700e+06 7.9804650e+06 
1.8641708e+06 8.6085570e+06 6.9883165e+06 
-2.2977666e+07 -3.0949118e+06 -8.4121570e+06 
4.9342470e+06 1.0523530e+07 8.9312580e+06 
2.6898634e+05 7.5813115e+06 5.9510765e+06 
1.0427813e+07 1.3364092e+07 1.2246215e+07 
8.4543980e+06 1.2419492e+07 1.1050488e+07 
-1.3702819e+07 -3.4917803e+05 -3.4156228e+06 
-5.3996515e+06 3.8956908e+06 2.0496306e+06 
-2.1881592e+07 -2.8746020e+06 -7.9013395e+06 
1.4593330e+07 1.5262371e+07 1.4949915e+07 
-1.7949092e+07 -1.8543194e+06 -5.8759495e+06 
1.2308317e+07 1.4231157e+07 1.3429082e+07 
6.4120830e+06 1.1392119e+07 9.8444580e+06 
-1.3726796e+06 6.5228430e+06 4.8657310e+06 
-4.2092010e+06 4.6665685e+06 2.9010172e+06 
-1.5314461e+07 -9.6715975e+05 -4.3766970e+06 
-2.0818100e+07 -2.6356302e+06 -7.3843960e+06 
-9.9639700e+06 1.3781391e+06 -1.0167614e+06 
2.8112408e+06 9.3328620e+06 7.6713345e+06 
9.8390500e+06 1.3137791e+07 1.1904884e+07 
-8.5958920e+06 2.0962364e+06 -1.0098825e+05 
1.2599902e+06 8.3358235e+06 6.6757270e+06 
-1.1392918e+07 6.8356869e+05 -1.9473368e+06 
7.8493555e+06 1.2191492e+07 1.0723147e+07 
-3.0683262e+06 5.4457825e+06 3.7304842e+06 
1.4077460e+07 1.5023385e+07 1.4591077e+07 
4.3244365e+06 1.0276441e+07 8.6217060e+06 
-7.2853205e+06 2.8351720e+06 7.9894775e+05 
-1.7006496e+07 -1.5527631e+06 -5.3505365e+06 
-1.2886991e+07 1.4994941e+04 -2.8920260e+06 
1.1745253e+07 1.4002255e+07 1.3076667e+07 
-3.3354744e+05 7.2967535e+06 5.6312220e+06 
-1.9786874e+07 -2.3782672e+06 -6.8624000e+06 
-6.0296550e+06 3.5918952e+06 1.6815774e+06 
5.8010475e+06 1.1156855e+07 9.5309340e+06 
-1.4451459e+07 -6.2516475e+05 -3.8503515e+06 
-2.3858928e+07 -3.4650940e+06 -8.6566340e+06 
-1.9759928e+06 6.2283660e+06 4.5352350e+06 
-4.8269420e+06 4.3628710e+06 2.5449542e+06 
1.3547389e+07 1.4789297e+07 1.4232290e+07 
9.2418580e+06 1.2915940e+07 1.1569241e+07 
-1.8787302e+07 -2.1028222e+06 -6.3360675e+06 
-2.2823684e+07 -3.0882692e+06 -8.3755180e+06 
7.2398220e+06 1.1966236e+07 1.0402801e+07 
2.2076638e+06 9.0706320e+06 7.3665785e+06 
-1.6092742e+07 -1.2343540e+06 -4.8218535e+06 
1.1170542e+07 1.3778683e+07 1.2727787e+07 
3.7165158e+06 1.0028271e+07 8.3180805e+06 
6.6018481e+05 8.0599425e+06 6.3657195e+06 
-3.6757602e+06 5.1439795e+06 3.3866502e+06 
-1.0645053e+07 1.0828135e+06 -1.4234391e+06 
-9.2574680e+06 1.7961910e+06 -4.9628544e+05 
-2.1728410e+07 -2.8604342e+06 -7.8565110e+06 
-1.2095895e+07 3.9410288e+05 -2.3651432e+06 
-9.3150344e+05 7.0086835e+06 5.3121150e+06 
5.1896675e+06 1.0922068e+07 9.2244490e+06 
-7.9295435e+06 2.5316448e+06 4.1534625e+05 
1.3003380e+07 1.4560561e+07 1.3874480e+07 
-1.3614579e+07 -2.6749422e+05 -3.3207650e+06 
-1.7818554e+07 -1.8096518e+06 -5.8058365e+06 
-6.6585450e+06 3.2862798e+06 1.3100394e+06 
1.5380054e+07 1.5644736e+07 1.5190416e+07 
8.6373700e+06 1.2698309e+07 1.1240151e+07 
-2.0666768e+07 -2.6133710e+06 -7.3313615e+06 
-2.5751232e+06 5.9304465e+06 4.2037825e+06 
1.0584936e+07 1.3560549e+07 1.2383440e+07 
6.6272335e+06 1.1743170e+07 1.0090004e+07 
-1.5206826e+07 -8.9949300e+05 -4.2898545e+06 
-5.4424605e+06 4.0567558e+06 2.1858735e+06 
1.6086564e+06 8.8054380e+06 7.0657320e+06 
3.1118290e+06 9.7782830e+06 8.0201605e+06 
6.5535523e+04 7.7804315e+06 6.0576715e+06 
1.2445802e+07 1.4337580e+07 1.3518636e+07 
1.4726284e+07 1.5264958e+07 1.5002238e+07 
4.5794595e+06 1.0687006e+07 8.9250970e+06 
-1.9638084e+07 -2.3475012e+06 -6.8010425e+06 
-4.2798770e+06 4.8391700e+06 3.0404062e+06 
-1.6879634e+07 -1.4991616e+06 -5.2719295e+06 
-1.5244030e+06 6.7167995e+06 4.9930665e+06 
-2.3695498e+07 -3.4587060e+06 -8.6217890e+06 
-9.9204840e+06 1.4957294e+06 -8.9602238e+05 
-1.1328833e+07 7.8765319e+05 -1.8347235e+06 
8.0268785e+06 1.2484549e+07 1.0918450e+07 
9.9893350e+06 1.3347866e+07 1.2044645e+07 
-8.5740060e+06 2.2270990e+06 2.7517262e+04 
-1.2802918e+07 1.0538104e+05 -2.7877020e+06 
6.0131500e+06 1.1521629e+07 9.7852050e+06 
-7.2864940e+06 2.9790158e+06 9.3456006e+05 
-2.2656536e+07 -3.0792680e+06 -8.3331645e+06 
-1.4347713e+07 -5.4863612e+05 -3.7543998e+06 
-3.1698640e+06 5.6289650e+06 3.8706940e+06 
1.4203248e+07 1.5034508e+07 1.4639914e+07 
1.1875146e+07 1.4120694e+07 1.3165804e+07 
-1.8641448e+07 -2.0632759e+06 -6.2661990e+06 
1.0152216e+06 8.5366680e+06 6.7682075e+06 
2.5116875e+06 9.5257230e+06 7.7275785e+06 
-6.0558600e+06 3.7483388e+06 1.8232420e+06 
-5.2328266e+05 7.4968580e+06 5.7508755e+06 
3.9719725e+06 1.0450856e+07 8.6328200e+06 
-1.5969449e+07 -1.1718085e+06 -4.7344050e+06 
-2.1562212e+07 -2.8433792e+06 -7.8052415e+06 
7.4118410e+06 1.2274179e+07 1.0604919e+07 
9.3847980e+06 1.3140534e+07 1.1712438e+07 
-4.8806900e+06 4.5313960e+06 2.6911385e+06 
-2.1118810e+06 6.4208660e+06 4.6733385e+06 
1.3665087e+07 1.4809925e+07 1.4277815e+07 
5.3992405e+06 1.1300843e+07 9.4887170e+06 
1.1292047e+07 1.3910164e+07 1.2817091e+07 
-1.0585252e+07 1.1951249e+06 -1.3005164e+06 
-1.7675776e+07 -1.7611812e+06 -5.7272180e+06 
-1.2015660e+07 4.9295006e+05 -2.2508972e+06 
-2.0502350e+07 -2.5878245e+06 -7.2712105e+06 
-9.2189790e+06 1.9217851e+06 -3.6490806e+05 
-1.3514389e+07 -1.8228675e+05 -3.2152788e+06 
-7.9137315e+06 2.6703208e+06 5.5470331e+05 
-3.7601135e+06 5.3238710e+06 3.5352730e+06 
1.9173388e+06 9.2698460e+06 7.4398215e+06 
4.2826019e+05 8.2637465e+06 6.4733080e+06 
8.7725600e+06 1.2938326e+07 1.1387856e+07 
-1.5086856e+07 -8.2809738e+05 -4.1931940e+06 
3.3687562e+06 1.0212761e+07 8.3473925e+06 
6.7938885e+06 1.2066585e+07 1.0300251e+07 
-1.1057150e+06 7.2088520e+06 5.4445535e+06 
-6.6673155e+06 3.4377902e+06 1.4565439e+06 
1.3112031e+07 1.4591755e+07 1.3916977e+07 
-2.3517082e+07 -3.4496522e+06 -8.5812790e+06 
-1.9475950e+07 -2.3131688e+06 -6.7319470e+06 
1.0697291e+07 1.3706159e+07 1.2473647e+07 
4.7872540e+06 1.1079943e+07 9.2006900e+06 
-1.6739874e+07 -1.4417445e+06 -5.1842810e+06 
-2.6936915e+06 6.1207190e+06 4.3521595e+06 
-5.4783015e+06 4.2207630e+06 2.3382415e+06 
-2.2474318e+07 -3.0676512e+06 -8.2844140e+06 
-1.1252109e+07 8.9467506e+05 -1.7100625e+06 
8.1540540e+06 1.2740876e+07 1.1071919e+07 
1.2544428e+07 1.4380494e+07 1.3558514e+07 
-9.8647740e+06 1.6159852e+06 -7.6227256e+05 
-1.2705903e+07 1.9901302e+05 -2.6722265e+06 
1.3299382e+06 9.0099280e+06 7.1562320e+06 
6.1748140e+06 1.1861009e+07 1.0005018e+07 
-1.5145047e+05 7.9861575e+06 6.1802355e+06 
-4.3458760e+06 5.0151850e+06 3.1968205e+06 
-1.8481826e+07 -2.0199975e+06 -6.1880230e+06 
2.7713240e+06 9.9718450e+06 8.0684150e+06 
-8.5405380e+06 2.3604538e+06 1.7006039e+05 
1.4973260e+07 1.5346052e+07 1.4831881e+07 
-1.4230719e+07 -4.6857806e+05 -3.6481290e+06 
1.0091829e+07 1.3508733e+07 1.2136667e+07 
-2.1381050e+07 -2.8232368e+06 -7.7469310e+06 
-1.6813379e+06 6.9161185e+06 5.1378685e+06 
-7.2770675e+06 3.1253322e+06 1.0852882e+06 
4.1789855e+06 1.0857986e+07 8.9210860e+06 
-1.5832484e+07 -1.1055350e+06 -4.6374110e+06 
-3.2697115e+06 5.8162735e+06 4.0287368e+06 
1.1962759e+07 1.4176571e+07 1.3203622e+07 
-6.0728970e+06 3.9074382e+06 1.9811290e+06 
7.5309325e+06 1.2547659e+07 1.0765594e+07 
-2.0322868e+07 -2.5588465e+06 -7.2034210e+06 
1.4299928e+07 1.4969260e+07 1.4639982e+07 
-1.7518666e+07 -1.7089248e+06 -5.6397675e+06 
5.5565555e+06 1.1656560e+07 9.7196270e+06 
9.4767970e+06 1.3317816e+07 1.1807381e+07 
7.5052100e+05 8.7452940e+06 6.8760230e+06 
2.1811148e+06 9.7272350e+06 7.7953100e+06 
-7.2327250e+05 7.7034545e+06 5.8881070e+06 
-1.1921411e+07 5.9469600e+05 -2.1249315e+06 
-1.0511730e+07 1.3100091e+06 -1.1648892e+06 
-2.3321840e+07 -3.4376592e+06 -8.5343780e+06 
-4.9272590e+06 4.7029995e+06 2.8546462e+06 
-1.3399945e+07 -9.3836445e+04 -3.0989605e+06 
-9.1672360e+06 2.0497106e+06 -2.1974456e+05 
-2.2498662e+06 6.6184440e+06 4.8299430e+06 
3.5762328e+06 1.0633972e+07 8.6496660e+06 
1.1367671e+07 1.3980333e+07 1.2853574e+07 
-1.4952332e+07 -7.5316200e+05 -4.0864995e+06 
1.3749894e+07 1.4754147e+07 1.4271899e+07 
-1.9298464e+07 -2.2751832e+06 -6.6546645e+06 
-7.8854170e+06 2.8112350e+06 7.0901700e+05 
6.9050780e+06 1.2357974e+07 1.0469754e+07 
-2.2275174e+07 -3.0531598e+06 -8.2285880e+06 
8.8535460e+06 1.3133195e+07 1.1487051e+07 
-3.8399402e+06 5.5075235e+06 3.7022735e+06 
-1.6585081e+07 -1.3805990e+06 -5.0873125e+06 
4.9411560e+06 1.1452224e+07 9.4442820e+06 
-6.6647395e+06 3.5916498e+06 1.6192446e+06 
1.7997733e+05 8.4753310e+06 6.5982880e+06 
1.5994571e+06 9.4780840e+06 7.5273335e+06 
1.0759982e+07 1.3792020e+07 1.2509709e+07 
1.3183789e+07 1.4546826e+07 1.3905437e+07 
-1.2867211e+06 7.4152750e+06 5.5959720e+06 
-2.1183032e+07 -2.7998080e+06 -7.6809835e+06 
-1.8306396e+07 -1.9729655e+06 -6.1011570e+06 
2.9807488e+06 1.0406875e+07 8.3859770e+06 
-5.5044675e+06 4.3874790e+06 2.5080830e+06 
-1.2593525e+07 2.9551766e+05 -2.5453688e+06 
-1.1160205e+07 1.0041881e+06 -1.5730388e+06 
-2.8111570e+06 6.3157005e+06 4.5198745e+06 
6.2785935e+06 1.2170941e+07 1.0185119e+07 
8.2236880e+06 1.2954482e+07 1.1176945e+07 
-1.4098172e+07 -3.8526903e+05 -3.5313312e+06 
-9.7941810e+06 1.7384190e+06 -6.1504975e+05 
4.3307170e+06 1.1246891e+07 9.1789570e+06 
-8.4927120e+06 2.4958115e+06 3.2731238e+05 
-1.5679652e+07 -1.0357033e+06 -4.5306300e+06 
1.2601921e+07 1.4347911e+07 1.3541865e+07 
1.0140687e+07 1.3611745e+07 1.2173436e+07 
-4.4044975e+06 5.1945460e+06 3.3719828e+06 
-2.0126386e+07 -2.5263005e+06 -7.1274760e+06 
-3.8096719e+05 8.1995070e+06 6.3220215e+06 
1.0275349e+06 9.2236000e+06 7.2635835e+06 
-7.2541610e+06 3.2736802e+06 1.2520706e+06 
-1.7345136e+07 -1.6529358e+06 -5.5431630e+06 
-2.3107986e+07 -3.4224522e+06 -8.4803660e+06 
-1.8414729e+06 7.1213465e+06 5.3028315e+06 
2.3941940e+06 1.0175674e+07 8.1293550e+06 
5.6537710e+06 1.1985508e+07 9.9122000e+06 
7.5891380e+06 1.2781087e+07 1.0878286e+07 
-6.0777970e+06 4.0688542e+06 2.1564962e+06 
1.2004745e+07 1.4157946e+07 1.3182559e+07 
-3.3652108e+06 6.0078530e+06 4.2067545e+06 
-1.9103650e+07 -2.2334770e+06 -6.5687535e+06 
3.7273385e+06 1.1039387e+07 8.9233730e+06 
9.5109930e+06 1.3439483e+07 1.1846252e+07 
-1.1810571e+07 6.9886925e+05 -1.9869670e+06 
-2.2057306e+07 -3.0355348e+06 -8.1650175e+06 
-1.3268822e+07 -2.5218770e+03 -2.9715938e+06 
-1.0421753e+07 1.4269326e+06 -1.0161519e+06 
1.4501191e+07 1.4980097e+07 1.4405039e+07 
-1.4800970e+07 -6.7495238e+05 -3.9695550e+06 
-9.0993430e+06 2.1794132e+06 -6.0197648e+04 
-4.9636155e+06 4.8774975e+06 3.0371020e+06 
4.6635816e+05 8.9630650e+06 7.0030230e+06 
-9.3176656e+05 7.9173840e+06 6.0461405e+06 
-1.6413105e+07 -1.3158660e+06 -4.9807535e+06 
6.9521315e+06 1.2612192e+07 1.0592174e+07 
1.8180909e+06 9.9393840e+06 7.8789365e+06 
5.0330375e+06 1.1800469e+07 9.6512470e+06 
1.1392918e+07 1.3977399e+07 1.2829001e+07 
-7.8415520e+06 2.9538630e+06 8.7913688e+05 
-2.3873700e+06 6.8214975e+06 5.0076575e+06 
-2.0966310e+07 -2.7728998e+06 -7.6068120e+06 
8.8723870e+06 1.3275044e+07 1.1529741e+07 
1.3802408e+07 1.4606285e+07 1.4208270e+07 
-1.8113140e+07 -1.9221906e+06 -6.0052320e+06 
3.1330585e+06 1.0828508e+07 8.6769910e+06 
-3.9121658e+06 5.6949580e+06 3.8896852e+06 
-6.6476245e+06 3.7474220e+06 1.7992974e+06 
-1.2463201e+07 3.9440947e+05 -2.4068848e+06 
-1.3947670e+07 -2.9908191e+05 -3.4038018e+06 
1.0767274e+07 1.3806598e+07 1.2482762e+07 
-1.1050346e+07 1.1156240e+06 -1.4233039e+06 
6.3152040e+06 1.2446740e+07 1.0319506e+07 
-1.9911022e+07 -2.4900648e+06 -7.0428735e+06 
-8.3259344e+04 8.6958530e+06 6.7445000e+06 
1.3218021e+07 1.4409891e+07 1.3832529e+07 
4.4188820e+06 1.1614503e+07 9.4022140e+06 
-1.5508719e+07 -9.6255562e+05 -4.4138345e+06 
-1.4720639e+06 7.6286285e+06 5.7695060e+06 
-2.2873796e+07 -3.4037580e+06 -8.4185320e+06 
-5.5176345e+06 4.5566130e+06 2.6969072e+06 
-9.7057270e+06 1.8624215e+06 -4.5383422e+05 
1.2537821e+06 9.6970820e+06 7.6336750e+06 
8.2267315e+06 1.3118017e+07 1.1225528e+07 
-2.9244205e+06 6.5156565e+06 4.7094155e+06 
-1.7153108e+07 -1.5933166e+06 -5.4371020e+06 
-8.4273510e+06 2.6325760e+06 5.0002750e+05 
2.5497888e+06 1.0613063e+07 8.4390180e+06 
1.0128817e+07 1.3645740e+07 1.2145543e+07 
-2.1818974e+07 -3.0145210e+06 -8.0930450e+06 
-4.4522945e+06 5.3771630e+06 3.5677968e+06 
1.2616298e+07 1.4223855e+07 1.3460301e+07 
-7.2143960e+06 3.4235370e+06 1.4359521e+06 
-1.8889582e+07 -2.1880098e+06 -6.4737940e+06 
5.6811375e+06 1.2283450e+07 1.0060893e+07 
7.5763345e+06 1.2967712e+07 1.0935188e+07 
3.8137748e+06 1.1426215e+07 9.1647330e+06 
-6.2071675e+05 8.4214490e+06 6.4867755e+06 
-1.3118463e+07 9.1168641e+04 -2.8329680e+06 
-2.0016954e+06 7.3330185e+06 5.4909485e+06 
7.0239819e+05 9.4479390e+06 7.3923685e+06 
-1.1680356e+07 8.0487788e+05 -1.8367124e+06 
-1.4630420e+07 -5.9382469e+05 -3.8421638e+06 
-6.0669885e+06 4.2322015e+06 2.3507260e+06 
-1.0312299e+07 1.5452420e+06 -8.5386406e+05 
-2.0729110e+07 -2.7423302e+06 -7.5238505e+06 
-1.6221785e+07 -1.2477540e+06 -4.8643615e+06 
9.4787980e+06 1.3494883e+07 1.1819239e+07 
-3.4527935e+06 6.2038570e+06 4.4070830e+06 
1.1997630e+07 1.4048888e+07 1.3093196e+07 
1.9792608e+06 1.0391908e+07 8.2084250e+06 
-9.0120320e+06 2.3102340e+06 1.1438755e+05 
5.0528680e+06 1.2120854e+07 9.8165910e+06 
-1.7900068e+07 -1.8677280e+06 -5.8999065e+06 
6.9239655e+06 1.2823120e+07 1.0660117e+07 
-4.9859910e+06 5.0547030e+06 3.2402620e+06 
3.2200848e+06 1.1234191e+07 8.9381210e+06 
-7.7786150e+06 3.0976068e+06 1.0659900e+06 
-1.1456352e+06 8.1394545e+06 6.2285510e+06 
-2.2617618e+07 -3.3813070e+06 -8.3481795e+06 
1.1362701e+07 1.3885633e+07 1.2732959e+07 
1.6483191e+05 9.1912330e+06 7.1536890e+06 
8.8188870e+06 1.3353887e+07 1.1505940e+07 
-1.9674952e+07 -2.4500410e+06 -6.9491375e+06 
-2.5206888e+06 7.0304470e+06 5.2092925e+06 
-1.3776706e+07 -2.1049648e+05 -3.2653590e+06 
1.4229771e+06 1.0163987e+07 7.9839760e+06 
-6.6121940e+06 3.9046395e+06 1.9979484e+06 
-1.2312171e+07 4.9508419e+05 -2.2565388e+06 
1.3947585e+07 1.4530055e+07 1.3892628e+07 
-1.5317410e+07 -8.8642062e+05 -4.2868315e+06 
-3.9728118e+06 5.8862355e+06 4.0996695e+06 
-1.0919497e+07 1.2282961e+06 -1.2604971e+06 
4.4333805e+06 1.1957354e+07 9.5864650e+06 
6.2728040e+06 1.2682912e+07 1.0401398e+07 
-1.6940514e+07 -1.5302324e+06 -5.3213190e+06 
-9.5960880e+06 1.9872820e+06 -2.7807278e+05 
-2.1558522e+07 -2.9898708e+06 -8.0120370e+06 
2.6400002e+06 1.1037045e+07 8.7213880e+06 
1.0712295e+07 1.3734524e+07 1.2381453e+07 
8.1513540e+06 1.3222297e+07 1.1207823e+07 
-5.5137625e+06 4.7278990e+06 2.9063128e+06 
-1.8654380e+07 -2.1387805e+06 -6.3694025e+06 
-8.3408285e+06 2.7700830e+06 6.8901125e+05 
1.3215291e+07 1.4159342e+07 1.3689422e+07 
-1.6578605e+06 7.8495995e+06 5.9684985e+06 
-3.5827766e+05 8.9263720e+06 6.9162150e+06 
-3.0292580e+06 6.7209225e+06 4.9233770e+06 
8.8217519e+05 9.9283540e+06 7.7642605e+06 
5.6263265e+06 1.2545467e+07 1.0159693e+07 
3.8255905e+06 1.1791281e+07 9.3699730e+06 
-2.0469728e+07 -2.7079362e+06 -7.4315640e+06 
-7.1538380e+06 3.5743648e+06 1.6380370e+06 
1.0047305e+07 1.3595894e+07 1.2040824e+07 
-4.4849405e+06 5.5630260e+06 3.7862335e+06 
-1.2946161e+07 1.8663009e+05 -2.6828990e+06 
-1.4438259e+07 -5.1023884e+05 -3.7041690e+06 
7.4791705e+06 1.3099239e+07 1.0926958e+07 
-1.1527754e+07 9.1201331e+05 -1.6738856e+06 
2.0754629e+06 1.0833466e+07 8.5132720e+06 
-1.6008948e+07 -1.1765536e+06 -4.7379385e+06 
1.2586231e+07 1.3986479e+07 1.3303405e+07 
-1.0180024e+07 1.6641854e+06 -6.7757469e+05 
-1.7665232e+07 -1.8096894e+06 -5.7848880e+06 
-6.0362125e+06 4.3971475e+06 2.5652512e+06 
-8.6655262e+05 8.6528990e+06 6.6784660e+06 
-2.1574600e+06 7.5517425e+06 5.7052850e+06 
-2.2337890e+07 -3.3548388e+06 -8.2686370e+06 
4.9881550e+06 1.2408950e+07 9.9351670e+06 
-8.9016130e+06 2.4414540e+06 3.0469278e+05 
9.3689680e+06 1.3469984e+07 1.1713664e+07 
3.2322375e+06 1.1620974e+07 9.1661830e+06 
3.5780188e+05 9.6841990e+06 7.5477350e+06 
-3.5277932e+06 6.4045685e+06 4.6320795e+06 
-1.9416428e+07 -2.4061648e+06 -6.8458355e+06 
1.1937957e+07 1.3827528e+07 1.2923535e+07 
6.8059815e+06 1.2983370e+07 1.0665085e+07 
1.5281149e+06 1.0622263e+07 8.3122810e+06 
-7.6925590e+06 3.2418672e+06 1.2705364e+06 
-4.9897735e+06 5.2345570e+06 3.4658992e+06 
-1.3582667e+07 -1.2010707e+05 -3.1158670e+06 
-1.5103413e+07 -8.0772712e+05 -4.1494820e+06 
-2.1274396e+07 -2.9613498e+06 -7.9213940e+06 
-1.2137481e+07 5.9682231e+05 -2.0941244e+06 
8.6792850e+06 1.3356754e+07 1.1402943e+07 
-1.6705312e+07 -1.4639251e+06 -5.1956075e+06 
4.3618935e+06 1.2271395e+07 9.7274580e+06 
1.1271243e+07 1.3683413e+07 1.2551889e+07 
-1.0764338e+07 1.3414216e+06 -1.0842690e+06 
-1.3598759e+06 8.3705030e+06 6.4389355e+06 
-6.5540255e+06 4.0629155e+06 2.2164622e+06 
2.6557880e+06 1.1444835e+07 8.9738030e+06 
-2.6447128e+06 7.2458690e+06 5.4376015e+06 
6.1359575e+06 1.2872904e+07 1.0423418e+07 
-1.8396238e+07 -2.0858395e+06 -6.2552510e+06 
-1.4949975e+05 9.4308650e+06 7.3327645e+06 
-4.0168468e+06 6.0816155e+06 4.3343345e+06 
-9.4615570e+06 2.1122352e+06 -8.7207656e+04 
9.9926212e+05 1.0402387e+07 8.1167405e+06 
-2.0186572e+07 -2.6695822e+06 -7.3294640e+06 
7.9813335e+06 1.3255627e+07 1.1111707e+07 
1.0586553e+07 1.3554640e+07 1.2190715e+07 
-5.4880170e+06 4.9012435e+06 3.1378712e+06 
-8.2290340e+06 2.9076822e+06 8.9507850e+05 
3.7509682e+06 1.2130803e+07 9.5356880e+06 
-1.4221991e+07 -4.2476706e+05 -3.5554768e+06 
5.4735705e+06 1.2765707e+07 1.0202517e+07 
2.0983628e+06 1.1261392e+07 8.7912420e+06 
-1.5772425e+07 -1.1026514e+06 -4.6013595e+06 
-1.2749059e+07 2.8314303e+05 -2.5212530e+06 
1.3289805e+07 1.3972614e+07 1.3270196e+07 
-1.8383832e+06 8.0790125e+06 6.1961240e+06 
-2.2033166e+07 -3.3241072e+06 -8.1792660e+06 
-3.1200982e+06 6.9320890e+06 5.1641850e+06 
-6.3939331e+05 9.1678510e+06 7.1176630e+06 
-1.7406744e+07 -1.7482588e+06 -5.6599530e+06 
-7.0679520e+06 3.7257318e+06 1.8594225e+06 
-1.1349508e+07 1.0194713e+06 -1.4982361e+06 
9.8843330e+06 1.3441860e+07 1.1843001e+07 
7.2793245e+06 1.3165324e+07 1.0842668e+07 
-4.4971170e+06 5.7523985e+06 4.0291508e+06 
4.8985369e+05 1.0172962e+07 7.9248470e+06 
-1.9133806e+07 -2.3584158e+06 -6.7325970e+06 
-1.0021248e+07 1.7829598e+06 -4.8684884e+05 
3.1584920e+06 1.1985235e+07 9.3585140e+06 
1.2511758e+07 1.3604931e+07 1.3058093e+07 
4.8233410e+06 1.2659422e+07 1.0002231e+07 
-5.9804725e+06 4.5635790e+06 2.8014460e+06 
-8.7639590e+06 2.5723780e+06 5.1138934e+05 
-2.0965164e+07 -2.9287452e+06 -7.8205650e+06 
1.5616840e+06 1.1069335e+07 8.6166660e+06 
9.1657850e+06 1.3345761e+07 1.1512756e+07 
-2.3024502e+06 7.7783980e+06 5.9485660e+06 
6.5784000e+06 1.3083864e+07 1.0597847e+07 
-1.1118424e+06 8.8948190e+06 6.9007330e+06 
-1.4864390e+07 -7.2701369e+05 -4.0017280e+06 
-3.5842772e+06 6.6106310e+06 4.8838400e+06 
-1.3362825e+07 -2.8621910e+04 -2.9552582e+06 
-1.6445502e+07 -1.3947285e+06 -5.0598450e+06 
-7.5787885e+06 3.3861770e+06 1.4937085e+06 
1.1822662e+07 1.3462822e+07 1.2657946e+07 
-1.1935978e+07 6.9880838e+05 -1.9194868e+06 
4.7548660e+02 9.9332890e+06 7.7347185e+06 
-1.8113446e+07 -2.0293029e+06 -6.1310895e+06 
-4.9694320e+06 5.4173470e+06 3.7156270e+06 
2.5871582e+06 1.1832892e+07 9.1941930e+06 
4.1895978e+06 1.2551616e+07 9.8217120e+06 
-1.0581255e+07 1.4541680e+06 -8.9430494e+05 
-1.9878178e+07 -2.6271702e+06 -7.2171285e+06 
8.4337800e+06 1.3266438e+07 1.1204554e+07 
1.0470459e+06 1.0867550e+07 8.4480710e+06 
-6.4680195e+06 4.2221280e+06 2.4560225e+06 
5.8842615e+06 1.3008686e+07 1.0378339e+07 
-9.2980340e+06 2.2365482e+06 1.1929147e+05 
1.1112081e+07 1.3339928e+07 1.2267553e+07 
-2.7526740e+06 7.4687625e+06 5.6948560e+06 
-1.5670960e+06 8.6115860e+06 6.6803000e+06 
-2.1702152e+07 -3.2888895e+06 -8.0794785e+06 
-4.0380748e+06 6.2818340e+06 4.5954570e+06 
-4.6864334e+05 9.6828540e+06 7.5444445e+06 
-1.5510062e+07 -1.0265411e+06 -4.4545920e+06 
3.5762770e+06 1.2439915e+07 9.6594870e+06 
-1.3979060e+07 -3.3809516e+05 -3.3960798e+06 
2.0391710e+06 1.1672169e+07 9.0406740e+06 
-8.0873595e+06 3.0448742e+06 1.1190024e+06 
-1.7122800e+07 -1.6837060e+06 -5.5249730e+06 
7.6932210e+06 1.3202878e+07 1.0922710e+07 
-5.4347270e+06 5.0769770e+06 3.3929648e+06 
-1.2524146e+07 3.7989078e+05 -2.3479655e+06 
1.0379048e+07 1.3236603e+07 1.1889752e+07 
5.2027475e+06 1.2936872e+07 1.0184218e+07 
-1.8825578e+07 -2.3068332e+06 -6.6091365e+06 
5.5530625e+05 1.0655136e+07 8.2833450e+06 
-1.1142113e+07 1.1263981e+06 -1.3095662e+06 
-6.9515920e+06 3.8775138e+06 2.1011108e+06 
-2.0629566e+07 -2.8918750e+06 -7.7090685e+06 
-9.8319430e+06 1.9007992e+06 -2.8129366e+05 
-2.0056684e+06 8.3181205e+06 6.4547440e+06 
-3.1898528e+06 7.1503335e+06 5.4336710e+06 
6.9507435e+06 1.3152845e+07 1.0670530e+07 
2.9867742e+06 1.2322117e+07 9.5135610e+06 
-4.4824580e+06 5.9461375e+06 4.2980260e+06 
-9.1761350e+05 9.4213200e+06 7.3521295e+06 
1.5162055e+06 1.1501698e+07 8.8956820e+06 
9.6229020e+06 1.3154586e+07 1.1529596e+07 
4.5394485e+06 1.2865369e+07 1.0014576e+07 
-8.5944990e+06 2.7024785e+06 7.3509650e+05 
-5.8940260e+06 4.7318810e+06 3.0604778e+06 
-1.6159145e+07 -1.3230798e+06 -4.9140180e+06 
-1.4597984e+07 -6.4493244e+05 -3.8436148e+06 
8.6893688e+04 1.0431401e+07 8.1203330e+06 
-1.7804422e+07 -1.9693662e+06 -5.9967735e+06 
-1.3114350e+07 6.3151266e+04 -2.7835540e+06 
1.2492763e+07 1.3273359e+07 1.2500367e+07 
-1.1704309e+07 8.0017475e+05 -1.7325411e+06 
-1.9543258e+07 -2.5806540e+06 -7.0942270e+06 
6.2140140e+06 1.3113108e+07 1.0449863e+07 
8.8452900e+06 1.3095630e+07 1.1194239e+07 
-7.4321630e+06 3.5304105e+06 1.7363388e+06 
2.4238485e+06 1.2196275e+07 9.3815430e+06 
-2.4283150e+06 8.0145280e+06 6.2225250e+06 
-3.6149610e+06 6.8234535e+06 5.1637855e+06 
1.0193988e+06 1.1320367e+07 8.7568150e+06 
3.8993982e+06 1.2791208e+07 9.8676440e+06 
-1.0366338e+07 1.5657409e+06 -6.9034556e+05 
-1.3468611e+06 9.1485200e+06 7.1559295e+06 
-2.1343744e+07 -3.2489955e+06 -7.9687550e+06 
-4.9185140e+06 5.6040730e+06 3.9906520e+06 
1.1650432e+07 1.2909039e+07 1.2275870e+07 
-3.5816978e+05 1.0195864e+07 7.9568920e+06 
-9.1010310e+06 2.3596652e+06 3.4189622e+05 
-6.3484205e+06 4.3827195e+06 2.7176025e+06 
5.4909430e+06 1.3079833e+07 1.0260975e+07 
8.0517905e+06 1.3059638e+07 1.0890994e+07 
-1.5219743e+07 -9.4882944e+05 -4.2977260e+06 
-1.6811710e+07 -1.6164008e+06 -5.3799415e+06 
-1.3706856e+07 -2.5101153e+05 -3.2260780e+06 
1.8895792e+06 1.2060746e+07 9.2607750e+06 
-1.8490412e+07 -2.2515290e+06 -6.4752815e+06 
3.2868668e+06 1.2711670e+07 9.7409680e+06 
1.0878524e+07 1.2809063e+07 1.1854560e+07 
5.4936394e+05 1.1127324e+07 8.6216170e+06 
-1.2268264e+07 4.7599950e+05 -2.1630598e+06 
-2.8360045e+06 7.7010415e+06 5.9822035e+06 
-7.9107215e+06 3.1815320e+06 1.3614568e+06 
-4.0291272e+06 6.4885675e+06 4.8840895e+06 
-2.0266560e+07 -2.8505985e+06 -7.5865145e+06 
-1.7570976e+06 8.8644410e+06 6.9540840e+06 
-1.0901823e+07 1.2319741e+06 -1.1077461e+06 
-5.3474285e+06 5.2562535e+06 3.6725622e+06 
7.2515680e+06 1.3044090e+07 1.0625489e+07 
4.7890070e+06 1.3049001e+07 1.0102659e+07 
-7.8023719e+05 9.9482370e+06 7.7909380e+06 
1.0074110e+07 1.2734233e+07 1.1448629e+07 
-6.7990465e+06 4.0302095e+06 2.3639030e+06 
1.3853625e+06 1.1914215e+07 9.1484490e+06 
-9.6077510e+06 2.0171199e+06 -6.0579379e+04 
2.7052430e+06 1.2624395e+07 9.6316020e+06 
1.0622170e+05 1.0921961e+07 8.4876530e+06 
-1.5844401e+07 -1.2495286e+06 -4.7582500e+06 
-1.7467752e+07 -1.9063209e+06 -5.8522925e+06 
-1.4301849e+07 -5.6224156e+05 -3.6753132e+06 
-3.2298912e+06 7.3780075e+06 5.7324565e+06 
6.4558110e+06 1.3044520e+07 1.0400715e+07 
-1.9180754e+07 -2.5300520e+06 -6.9605465e+06 
-2.1492870e+06 8.5692090e+06 6.7449415e+06 
-4.4336080e+06 6.1462140e+06 4.5935970e+06 
4.1147680e+06 1.3016766e+07 9.9724940e+06 
-1.2834323e+07 1.5434053e+05 -2.6008802e+06 
-8.3882530e+06 2.8316208e+06 9.7634119e+05 
9.2353150e+06 1.2690480e+07 1.1069160e+07 
-1.1799978e+06 9.6884050e+06 7.6204825e+06 
-5.7704625e+06 4.9033640e+06 3.3431160e+06 
-2.0957098e+07 -3.2042820e+06 -7.8466690e+06 
-1.1438934e+07 9.0008062e+05 -1.5332826e+06 
9.1194031e+05 1.1755691e+07 9.0417200e+06 
2.1569975e+06 1.2527447e+07 9.5362940e+06 
-7.2470660e+06 3.6751155e+06 1.9990775e+06 
5.6760160e+06 1.3055422e+07 1.0216917e+07 
-3.1035425e+05 1.0703903e+07 8.3525680e+06 
-1.0115406e+07 1.6755252e+06 -4.7219775e+05 
3.4735900e+06 1.2979704e+07 9.8671640e+06 
8.3671640e+06 1.2681253e+07 1.0730024e+07 
-3.6112868e+06 7.0458720e+06 5.4720900e+06 
-2.5246110e+06 8.2630730e+06 6.5269750e+06 
-1.6471940e+07 -1.5468240e+06 -5.2250045e+06 
-1.4899420e+07 -8.7023331e+05 -4.1309942e+06 
-1.8127198e+07 -2.1927042e+06 -6.3310055e+06 
-4.8297625e+06 5.7970140e+06 4.2914550e+06 
-8.8657190e+06 2.4814360e+06 5.8099625e+05 
-1.5584346e+06 9.4164070e+06 7.4436615e+06 
-1.3402742e+07 -1.6437744e+05 -3.0456938e+06 
-1.9875382e+07 -2.8048325e+06 -7.4526390e+06 
1.6437042e+06 1.2419333e+07 9.4516620e+06 
4.6945256e+05 1.1584489e+07 8.9377910e+06 
-6.1889295e+06 4.5461510e+06 3.0018092e+06 
1.1505097e+07 1.2379468e+07 1.1523357e+07 
4.9226920e+06 1.3071113e+07 1.0071989e+07 
-1.1978127e+07 5.7061131e+05 -1.9666526e+06 
7.4833195e+06 1.2704012e+07 1.0441852e+07 
2.8695268e+06 1.2934963e+07 9.7827790e+06 
-7.0108512e+05 1.0472968e+07 8.2141295e+06 
-7.6936430e+06 3.3182375e+06 1.6229611e+06 
-1.0624678e+07 1.3355514e+06 -8.9271519e+05 
-3.9816322e+06 6.7051695e+06 5.2000460e+06 
-2.8844355e+06 7.9463835e+06 6.2987955e+06 
1.0563737e+07 1.2015027e+07 1.1275537e+07 
-5.2190320e+06 5.4416590e+06 3.9769498e+06 
4.2045900e+06 1.3086367e+07 9.9620850e+06 
1.1661055e+06 1.2298980e+07 9.3743290e+06 
-1.9167818e+06 9.1324110e+06 7.2587560e+06 
-1.7102248e+07 -1.8405661e+06 -5.6978020e+06 
5.7504125e+04 1.1400194e+07 8.8339900e+06 
-1.5499562e+07 -1.1747386e+06 -4.5928245e+06 
6.6021155e+06 1.2751657e+07 1.0209528e+07 
-1.8789894e+07 -2.4754648e+06 -6.8160285e+06 
-9.3440370e+06 2.1317445e+06 1.7555422e+05 
-1.3973671e+07 -4.7978219e+05 -3.4971348e+06 
2.3053300e+06 1.2880322e+07 9.7151600e+06 
-6.6041750e+06 4.1854140e+06 2.6482808e+06 
-2.0541684e+07 -3.1546675e+06 -7.7129205e+06 
-1.0670309e+06 1.0229147e+07 8.0702610e+06 
-1.2519760e+07 2.4407558e+05 -2.4074700e+06 
9.6441020e+06 1.1970950e+07 1.0822587e+07 
-8.1399255e+06 2.9604030e+06 1.2355289e+06 
3.5283852e+06 1.3096793e+07 9.8822450e+06 
5.7420100e+06 1.2815170e+07 1.0032481e+07 
-1.1136164e+07 9.9784212e+05 -1.3217806e+06 
-3.2302778e+06 7.6195825e+06 6.0591595e+06 
7.2420119e+05 1.2165699e+07 9.3010400e+06 
-4.3424715e+06 6.3565105e+06 4.9154095e+06 
-3.2476103e+05 1.1202622e+07 8.7278160e+06 
-2.2564810e+06 8.8366910e+06 7.0642020e+06 
-5.6029145e+06 5.0809065e+06 3.6495118e+06 
1.7825418e+06 1.2814178e+07 9.6600780e+06 
8.6696060e+06 1.1980933e+07 1.0419928e+07 
-1.7735122e+07 -2.1306650e+06 -6.1764580e+06 
-9.8240600e+06 1.7833060e+06 -2.3972555e+05 
-1.6102161e+07 -1.4755730e+06 -5.0604870e+06 
-1.4095336e+06 9.9725660e+06 7.9190630e+06 
-1.9455618e+07 -2.7545658e+06 -7.3073350e+06 
-7.0175555e+06 3.8219958e+06 2.2823138e+06 
-1.4547149e+07 -7.9156275e+05 -3.9547898e+06 
2.8986665e+06 1.3098986e+07 9.8269540e+06 
4.9187500e+06 1.2885709e+07 9.9061310e+06 
-1.3064079e+07 -7.9069719e+04 -2.8552730e+06 
3.1735384e+05 1.2019129e+07 9.2287460e+06 
-8.5870220e+06 2.6024535e+06 8.3689600e+05 
7.6588345e+06 1.2045828e+07 1.0092169e+07 
1.3016332e+06 1.2735493e+07 9.6134390e+06 
-3.5637760e+06 7.2831865e+06 5.8069720e+06 
-6.7858300e+05 1.0991774e+07 8.6169790e+06 
-4.6954290e+06 6.0005745e+06 4.6174090e+06 
-1.1650360e+07 6.6300462e+05 -1.7589408e+06 
-2.5791425e+06 8.5296070e+06 6.8585995e+06 
-5.9829435e+06 4.7155675e+06 3.3087180e+06 
4.1442230e+06 1.2955795e+07 9.8234740e+06 
2.3181065e+06 1.3090532e+07 9.7905760e+06 
-1.7301634e+06 9.7034550e+06 7.7588245e+06 
-1.0306560e+07 1.4368638e+06 -6.6445931e+05 
-7.4304155e+06 3.4567735e+06 1.9038402e+06 
-1.8370268e+07 -2.4170918e+06 -6.6608035e+06 
-1.6706996e+07 -1.7726201e+06 -5.5336550e+06 
6.6464855e+06 1.2151876e+07 9.8481010e+06 
-1.5123097e+07 -1.0994771e+06 -4.4182085e+06 
-2.0097386e+07 -3.1001528e+06 -7.5673685e+06 
-5.5602609e+04 1.1859171e+07 9.1546590e+06 
8.6216750e+05 1.2643714e+07 9.5714140e+06 
-1.0055112e+06 1.0767794e+07 8.4994190e+06 
-1.3611208e+07 -3.9843016e+05 -3.3095340e+06 
-3.8866622e+06 6.9377750e+06 5.5412865e+06 
-9.0359830e+06 2.2452360e+06 4.2731894e+05 
-5.0421845e+06 5.6380980e+06 4.3054195e+06 
3.4263778e+06 1.3019773e+07 9.7763950e+06 
-2.8865078e+06 8.2115840e+06 6.6407090e+06 
1.7877251e+06 1.3069915e+07 9.7676740e+06 
1.0219384e+07 1.1190414e+07 1.0205702e+07 
-1.2167647e+07 3.3159666e+05 -2.2036478e+06 
-6.3606700e+06 4.3465005e+06 2.9542942e+06 
5.6668285e+06 1.2281392e+07 9.6834700e+06 
-2.0306681e+06 9.4221240e+06 7.5880235e+06 
-3.9625656e+05 1.1685927e+07 9.0762830e+06 
-1.0792207e+07 1.0931309e+06 -1.0981429e+06 
4.6296616e+05 1.2538671e+07 9.5305290e+06 
-7.8440710e+06 3.0906492e+06 1.5129414e+06 
-1.7313730e+07 -2.0658358e+06 -6.0120060e+06 
-1.9007300e+07 -2.6998788e+06 -7.1506965e+06 
-1.3073342e+06 1.0530926e+07 8.3733105e+06 
2.7696752e+06 1.3073811e+07 9.7566150e+06 
9.0331010e+06 1.0814468e+07 9.9499400e+06 
-1.5701305e+07 -1.4033590e+06 -4.8869165e+06 
1.3071832e+06 1.3036367e+07 9.7532220e+06 
-4.2007380e+06 6.5839820e+06 5.2613030e+06 
4.7455715e+06 1.2418969e+07 9.5868250e+06 
-1.4161136e+07 -7.1368338e+05 -3.7696702e+06 
-3.1804182e+06 7.8831030e+06 6.4094500e+06 
-5.3844560e+06 5.2698720e+06 3.9789645e+06 
-9.4877800e+06 1.8895901e+06 7.1935234e+03 
-2.3129285e+06 9.1289350e+06 7.4053260e+06 
-6.7376405e+06 3.9746060e+06 2.5861182e+06 
-1.2688270e+07 4.1154326e+03 -2.6552675e+06 
-7.0651894e+05 1.1499641e+07 8.9914330e+06 
1.0227019e+05 1.2420488e+07 9.4877120e+06 
7.8252180e+06 1.0915290e+07 9.5434460e+06 
2.1757298e+06 1.3115675e+07 9.7563010e+06 
3.8987462e+06 1.2553530e+07 9.5440300e+06 
-8.2597845e+06 2.7245415e+06 1.1098492e+06 
-1.5860168e+06 1.0281476e+07 8.2370630e+06 
-1.1281548e+07 7.5277856e+05 -1.5401576e+06 
8.7507238e+05 1.2989709e+07 9.7427370e+06 
-1.7921916e+07 -2.3552490e+06 -6.4952345e+06 
-1.9624594e+07 -3.0408432e+06 -7.4100780e+06 
-1.6281433e+07 -1.7031232e+06 -5.3604290e+06 
-4.5078540e+06 6.2224915e+06 4.9663665e+06 
-3.4627865e+06 7.5446830e+06 6.1638945e+06 
-5.7239790e+06 4.8967355e+06 3.6377120e+06 
6.5930180e+06 1.1095736e+07 9.2795210e+06 
-1.4713708e+07 -1.0245878e+06 -4.2350560e+06 
-9.9432860e+06 1.5363370e+06 -4.2294716e+05 
-2.5789190e+06 8.8242840e+06 7.2095740e+06 
-2.2211245e+05 1.2289488e+07 9.4403110e+06 
1.6439631e+06 1.3144396e+07 9.7684230e+06 
-9.8853338e+05 1.1300640e+07 8.8982250e+06 
-7.1153785e+06 3.6008188e+06 2.2042202e+06 
3.1343315e+06 1.2678248e+07 9.5409730e+06 
-1.3212332e+07 -3.1901384e+05 -3.1130898e+06 
4.8917959e+05 1.2930187e+07 9.7323370e+06 
-1.8436440e+06 1.0019784e+07 8.0893065e+06 
-8.6787500e+06 2.3593748e+06 6.9494669e+05 
5.4194465e+06 1.1312541e+07 9.1406140e+06 
-1.1774996e+07 4.1642281e+05 -1.9897776e+06 
-4.8098915e+06 5.8540295e+06 4.6559615e+06 
-3.7355750e+06 7.1968780e+06 5.9032580e+06 
1.1721909e+06 1.3159935e+07 9.7869190e+06 
-1.8531000e+07 -2.6409640e+06 -6.9830645e+06 
2.4544172e+06 1.2789705e+07 9.5649500e+06 
-1.6863008e+07 -1.9987699e+06 -5.8382635e+06 
-5.1267653e+05 1.2146110e+07 9.3860890e+06 
-6.0624895e+06 4.5195715e+06 3.2814798e+06 
-1.2445979e+06 1.1089290e+07 8.7950690e+06 
-2.8306760e+06 8.5085850e+06 6.9997735e+06 
-1.0403256e+07 1.1862668e+06 -8.6243656e+05 
-1.5268621e+07 -1.3309902e+06 -4.7050380e+06 
1.4672038e+05 1.2858325e+07 9.7187560e+06 
-7.4953675e+06 3.2261012e+06 1.8087855e+06 
4.3538595e+06 1.1534773e+07 9.0948440e+06 
-2.0823755e+06 9.7461950e+06 7.9288765e+06 
-1.3739776e+07 -6.3744850e+05 -3.5763415e+06 
7.5711375e+05 1.3162875e+07 9.8067420e+06 
1.8571041e+06 1.2886898e+07 9.6052270e+06 
-9.1020690e+06 1.9960694e+06 2.6876775e+05 
-1.2272809e+07 8.4612352e+04 -2.4461785e+06 
-7.7210756e+05 1.1990844e+07 9.3232030e+06 
-4.0007765e+06 6.8402710e+06 5.6268915e+06 
-5.1087470e+06 5.4793675e+06 4.3297105e+06 
7.9050485e+06 9.4454060e+06 8.5621050e+06 
-1.4770984e+06 1.0865958e+07 8.6806420e+06 
-1.5546498e+05 1.2774803e+07 9.6993220e+06 
3.4157205e+06 1.1746315e+07 9.1115520e+06 
-3.0702720e+06 8.1822610e+06 6.7750805e+06 
-6.4017115e+06 4.1393060e+06 2.9102332e+06 
-1.9124330e+07 -2.9769748e+06 -7.2413685e+06 
-1.7445424e+07 -2.2903860e+06 -6.3199560e+06 
-1.0868308e+07 8.4012506e+05 -1.3104799e+06 
-1.5825414e+07 -1.6328318e+06 -5.1789485e+06 
-2.3044065e+06 9.4610450e+06 7.7547920e+06 
-7.8790315e+06 2.8514372e+06 1.4001556e+06 
1.3379605e+06 1.2970372e+07 9.6531430e+06 
3.9471522e+05 1.3154167e+07 9.8238230e+06 
-1.4270378e+07 -9.5093825e+05 -4.0441998e+06 
6.5063915e+06 9.2340090e+06 8.4522110e+06 
2.6067920e+06 1.1941157e+07 9.1659100e+06 
-1.0031886e+06 1.1824175e+07 9.2501720e+06 
-9.5307340e+06 1.6355301e+06 -1.6800419e+05 
-4.2074903e+05 1.2680354e+07 9.6719130e+06 
-1.6884544e+06 1.0630978e+07 8.5538610e+06 
-4.2604005e+06 6.4754730e+06 5.3342725e+06 
-1.2775077e+07 -2.4218405e+05 -2.9084498e+06 
-5.4063210e+06 5.0993185e+06 3.9873715e+06 
-3.2997945e+06 7.8457395e+06 6.5347850e+06 
-6.7433380e+06 3.7569028e+06 2.5240895e+06 
8.9107506e+05 1.3041550e+07 9.7019730e+06 
8.0571109e+04 1.3134929e+07 9.8349920e+06 
4.9465720e+06 9.5735700e+06 8.3541285e+06 
-1.8027946e+07 -2.5781465e+06 -6.8050760e+06 
-2.5119392e+06 9.1646410e+06 7.5662340e+06 
-1.1338902e+07 4.9860019e+05 -1.7661612e+06 
1.9197634e+06 1.2118994e+07 9.2393700e+06 
-1.6383470e+07 -1.9301530e+06 -5.6561230e+06 
-8.2677165e+06 2.4778238e+06 9.7883131e+05 
-1.2087248e+06 1.1646535e+07 9.1658350e+06 
-6.5258756e+05 1.2575684e+07 9.6349000e+06 
-1.4803738e+07 -1.2593339e+06 -4.5158070e+06 
-1.8810761e+06 1.0384636e+07 8.4138540e+06 
-9.9656030e+06 1.2786341e+06 -6.1453856e+05 
5.0979078e+05 1.3102238e+07 9.7466960e+06 
3.6420962e+06 9.9182010e+06 8.3926460e+06 
-4.5164635e+06 6.1031270e+06 5.0249990e+06 
-5.7045050e+06 4.7147420e+06 3.6288388e+06 
-3.5213335e+06 7.4994495e+06 6.2782945e+06 
-1.8991277e+05 1.3106291e+07 9.8378730e+06 
-1.3281707e+07 -5.6358975e+05 -3.3756062e+06 
1.3432389e+06 1.2282254e+07 9.3187730e+06 
-7.0890170e+06 3.3733625e+06 2.1233190e+06 
-2.7071605e+06 8.8572630e+06 7.3625205e+06 
-1.8598362e+07 -2.9089432e+06 -7.0618670e+06 
-1.1815326e+07 1.6230864e+05 -2.2284528e+06 
-1.3914845e+06 1.1458278e+07 9.0693070e+06 
-8.5441806e+05 1.2461416e+07 9.5870830e+06 
-8.6626720e+06 2.1062625e+06 5.4547356e+05 
-1.6942020e+07 -2.2230960e+06 -6.1359150e+06 
2.5951482e+06 1.0237633e+07 8.4911760e+06 
1.8720511e+05 1.3154299e+07 9.7837250e+06 
-2.0573321e+06 1.0127150e+07 8.2599235e+06 
-1.5339278e+07 -1.5625948e+06 -4.9902890e+06 
-4.2132419e+05 1.3069294e+07 9.8307710e+06 
8.6443175e+05 1.2434335e+07 9.3952040e+06 
-4.7709800e+06 5.7239110e+06 4.6987815e+06 
-1.0407386e+07 9.2621688e+05 -1.0698615e+06 
-3.7369722e+06 7.1438245e+06 6.0051225e+06 
-6.0051730e+06 4.3265435e+06 3.2541425e+06 
-1.3792415e+07 -8.7933156e+05 -3.8466038e+06 
-2.8922272e+06 8.5391540e+06 7.1430840e+06 
-7.4403375e+06 2.9897190e+06 1.7083504e+06 
1.7686876e+06 1.0533211e+07 8.6080130e+06 
-1.0295839e+06 1.2338050e+07 9.5276240e+06 
-1.5541551e+06 1.1259655e+07 8.9599350e+06 
-8.3496438e+04 1.3199443e+07 9.8106380e+06 
4.7056975e+05 1.2578636e+07 9.4629260e+06 
-1.2297675e+07 -1.6821864e+05 -2.6962252e+06 
-9.0650290e+06 1.7377498e+06 1.0090499e+05 
-6.1811669e+05 1.3024818e+07 9.8125580e+06 
-2.2195275e+06 9.8586650e+06 8.0915160e+06 
-1.7500138e+07 -2.5119058e+06 -6.6177160e+06 
5.8513415e+06 8.1494740e+06 7.7526835e+06 
-1.5876236e+07 -1.8607942e+06 -5.4667720e+06 
1.1223282e+06 1.0813358e+07 8.7213770e+06 
-5.0259600e+06 5.3385460e+06 4.3554430e+06 
-3.9487828e+06 6.7793110e+06 5.7148740e+06 
-6.3101710e+06 3.9356805e+06 2.8634535e+06 
-1.0856617e+07 5.7905806e+05 -1.5328614e+06 
-3.0882488e+05 1.3239107e+07 9.8259430e+06 
-1.1812794e+06 1.2205937e+07 9.4559840e+06 
-3.0692598e+06 8.2105290e+06 6.9074495e+06 
-1.4306714e+07 -1.1892501e+06 -4.3203570e+06 
-1.6993125e+06 1.1050806e+07 8.8372530e+06 
1.4960278e+05 1.2718086e+07 9.5185260e+06 
-7.7988125e+06 2.6070345e+06 1.2797754e+06 
-7.8452106e+05 1.2973543e+07 9.7825690e+06 
4.1533012e+06 7.9296780e+06 7.8249310e+06 
-2.3698895e+06 9.5792540e+06 7.9081910e+06 
6.2069238e+05 1.1086128e+07 8.8206190e+06 
-1.2785838e+07 -4.9255062e+05 -3.1682618e+06 
-9.4757810e+06 1.3732634e+06 -3.5388978e+05 
-1.8049354e+07 -2.8373348e+06 -6.8725675e+06 
-4.9485572e+05 1.3274399e+07 9.8288670e+06 
-5.2834045e+06 4.9478045e+06 3.9949170e+06 
-1.0946737e+05 1.2854955e+07 9.5602460e+06 
-4.1588265e+06 6.4063770e+06 5.4072360e+06 
-1.6413670e+07 -2.1541232e+06 -5.9444010e+06 
-1.3125124e+06 1.2065269e+07 9.3718600e+06 
-6.6213070e+06 3.5431620e+06 2.4570885e+06 
-1.1313641e+07 2.3786589e+05 -2.0022970e+06 
-1.8294004e+06 1.0831750e+07 8.7009400e+06 
-3.2403392e+06 7.8715785e+06 6.6552150e+06 
2.1381638e+06 8.1309175e+06 8.0260780e+06 
-9.2448756e+05 1.2915926e+07 9.7405010e+06 
2.3453041e+05 1.1357374e+07 8.9012670e+06 
-1.4823909e+07 -1.4933090e+06 -4.7957565e+06 
-8.1658590e+06 2.2263930e+06 8.3835412e+05 
-2.5105622e+06 9.2889140e+06 7.7095895e+06 
-6.4715575e+05 1.3306082e+07 9.8191740e+06 
-3.1646378e+05 1.2990829e+07 9.5874730e+06 
-1.3279487e+07 -8.1036962e+05 -3.6432742e+06 
-9.8957600e+06 1.0137500e+06 -8.1776500e+05 
9.4302412e+05 8.4465890e+06 8.2476920e+06 
-1.4260828e+06 1.1916076e+07 9.2751310e+06 
-4.3691565e+06 6.0255250e+06 5.0819720e+06 
-5.5453045e+06 4.5525195e+06 3.6172512e+06 
-5.9911246e+04 1.1630682e+07 8.9622330e+06 
-1.9467218e+06 1.0602393e+07 8.5507840e+06 
-1.0416528e+06 1.2852203e+07 9.6863270e+06 
-1.6950462e+07 -2.4428915e+06 -6.4223615e+06 
-3.4075110e+06 7.5224820e+06 6.3860340e+06 
-6.9403400e+06 3.1500518e+06 2.0355178e+06 
-1.1778587e+07 -9.6739461e+04 -2.4768075e+06 
-8.5427810e+06 1.8488919e+06 3.8502047e+05 
-1.5343096e+07 -1.7916016e+06 -5.2716895e+06 
-4.8002362e+05 1.3126658e+07 9.6003700e+06 
-2.6436065e+06 8.9875850e+06 7.4954115e+06 
-7.7075088e+05 1.3334588e+07 9.7970260e+06 
2.2167562e+05 8.8379660e+06 8.4268150e+06 
-2.8180862e+05 1.1907815e+07 9.0042340e+06 
-1.5245718e+06 1.1758227e+07 9.1658070e+06 
-1.0325615e+07 6.6010856e+05 -1.2894168e+06 
-1.3778060e+07 -1.1214842e+06 -4.1199210e+06 
-1.1393241e+06 1.2782395e+07 9.6202260e+06 
-2.0534358e+06 1.0362531e+07 8.3866400e+06 
-4.5818220e+06 5.6373035e+06 4.7389200e+06 
-5.8136360e+06 4.1535928e+06 3.2226130e+06 
-3.5727928e+06 7.1634190e+06 6.0996030e+06 
-7.2689685e+06 2.7574670e+06 1.5993755e+06 
-6.0764900e+05 1.3262852e+07 9.5995990e+06 
-1.7480992e+07 -2.7629562e+06 -6.6748825e+06 
-2.0649342e+05 9.2810390e+06 8.5536730e+06 
-8.7012312e+05 1.3360047e+07 9.7628570e+06 
-1.2251357e+07 -4.2424247e+05 -2.9549258e+06 
-2.7710065e+06 8.6751510e+06 7.2653875e+06 
-4.4660297e+05 1.2189215e+07 9.0288840e+06 
-8.9307480e+06 1.4756301e+06 -7.9112664e+04 
-1.5863160e+07 -2.0843559e+06 -5.7470620e+06 
-1.6103419e+06 1.1591447e+07 9.0439850e+06 
-1.2204796e+06 1.2706324e+07 9.5425130e+06 
-1.0765790e+07 3.1317238e+05 -1.7673881e+06 
-2.1515632e+06 1.0111858e+07 8.2084060e+06 
-1.4280760e+07 -1.4258402e+06 -4.5968270e+06 
-4.4612612e+05 9.7586700e+06 8.6338190e+06 
-7.0578988e+05 1.3399373e+07 9.5861190e+06 
-4.7988765e+06 5.2423275e+06 4.3779910e+06 
-6.0903605e+06 3.7520062e+06 2.8113000e+06 
-9.4922631e+05 1.3382320e+07 9.7172790e+06 
-3.7381842e+06 6.7945895e+06 5.7956500e+06 
-5.6670325e+05 1.2474427e+07 9.0381740e+06 
-7.6088105e+06 2.3665750e+06 1.1494701e+06 
-2.8946818e+06 8.3514600e+06 7.0192630e+06 
-1.2731604e+07 -7.4424900e+05 -3.4350952e+06 
-9.3307650e+06 1.1076944e+06 -5.5274956e+05 
-1.6855434e+06 1.1415318e+07 8.9098100e+06 
-1.2877771e+06 1.2623633e+07 9.4535940e+06 
-1.6382784e+07 -2.3719370e+06 -6.2208210e+06 
-5.6239706e+05 1.0257941e+07 8.6762040e+06 
-7.7994194e+05 1.3535836e+07 9.5610490e+06 
-2.2429972e+06 9.8499840e+06 8.0159910e+06 
-6.5205744e+05 1.2762433e+07 9.0341800e+06 
-1.0115159e+06 1.3401044e+07 9.6610110e+06 
-1.1216495e+07 -2.6309789e+04 -2.2500782e+06 
-1.4786547e+07 -1.7235306e+06 -5.0726070e+06 
-5.0223850e+06 4.8412905e+06 3.9991755e+06 
-6.3774165e+06 3.3488260e+06 2.3837530e+06 
-3.9056828e+06 6.4162295e+06 5.4739295e+06 
-7.9613895e+06 1.9785875e+06 6.8679662e+05 
-3.0165012e+06 8.0163395e+06 6.7567790e+06 
-5.9782831e+05 1.0768956e+07 8.6894510e+06 
-1.3435716e+06 1.2533803e+07 9.3539130e+06 
-1.7521275e+06 1.1229304e+07 8.7634440e+06 
-1.3218721e+07 -1.0565026e+06 -3.9156882e+06 
-8.3474994e+05 1.3671598e+07 9.5255660e+06 
-9.7436550e+06 7.4614119e+05 -1.0344100e+06 
-7.1061650e+05 1.3051893e+07 9.0188990e+06 
-1.6898108e+07 -2.6868638e+06 -6.4706960e+06 
-1.0599856e+06 1.3415665e+07 9.5948190e+06 
-2.3295178e+06 9.5764450e+06 7.8092935e+06 
-1.1677688e+07 -3.5769462e+05 -2.7357540e+06 
-5.2544300e+06 4.4349835e+06 3.6025545e+06 
-5.8095656e+05 1.1284135e+07 8.6808390e+06 
-1.5294140e+07 -2.0148018e+06 -5.5458910e+06 
-4.0772985e+06 6.0286340e+06 5.1342190e+06 
-6.6767130e+06 2.9452102e+06 1.9405711e+06 
-8.7410900e+05 1.3805827e+07 9.4808400e+06 
-1.3899374e+06 1.2436181e+07 9.2439280e+06 
-3.1383030e+06 7.6696160e+06 6.4776590e+06 
-8.3281080e+06 1.5947508e+06 2.1254875e+05 
-7.4871131e+05 1.3341318e+07 8.9941640e+06 
-1.8118634e+06 1.1032760e+07 8.6050380e+06 
-1.0972094e+06 1.3425480e+07 9.5194730e+06 
-1.3711829e+07 -1.3608990e+06 -4.3950295e+06 
-1.0170023e+07 3.9197669e+05 -1.5224302e+06 
-2.4128110e+06 9.2907180e+06 7.5881780e+06 
-5.3123462e+05 1.1797696e+07 8.6561810e+06 
-9.0126200e+05 1.3937564e+07 9.4279860e+06 
-5.4971150e+06 4.0243110e+06 3.1883132e+06 
-1.2149053e+07 -6.8046531e+05 -3.2225655e+06 
-4.2550720e+06 5.6321775e+06 4.7763230e+06 
-7.7136062e+05 1.3629177e+07 8.9616100e+06 
-1.5802019e+07 -2.3000580e+06 -6.0153475e+06 
-6.9901160e+06 2.5424088e+06 1.4825324e+06 
-1.4286931e+06 1.2329995e+07 9.1240720e+06 
-1.8663589e+06 1.0824950e+07 8.4347080e+06 
-3.2619158e+06 7.3111350e+06 6.1816020e+06 
-1.1253846e+06 1.3429663e+07 9.4357160e+06 
-8.7102220e+06 1.2163299e+06 -2.7187009e+05 
-4.6201038e+05 1.2305266e+07 8.6199970e+06 
-1.4209770e+07 -1.6574992e+06 -4.8714220e+06 
-2.4944908e+06 8.9922450e+06 7.3524610e+06 
-1.0610232e+07 4.6132879e+04 -2.0149678e+06 
-9.1888931e+05 1.4065771e+07 9.3680370e+06 
-7.8252281e+05 1.3913975e+07 8.9226660e+06 
-1.4614298e+06 1.2214371e+07 8.9947400e+06 
-5.7525720e+06 3.6103068e+06 2.7567602e+06 
-4.4410925e+06 5.2273410e+06 4.4000805e+06 
-1.2629979e+07 -9.9425231e+05 -3.7085675e+06 
-3.8243466e+05 1.2803570e+07 8.5757380e+06 
-1.9170832e+06 1.0605059e+07 8.2525140e+06 
-1.1463752e+06 1.3427296e+07 9.3442400e+06 
-7.3194315e+06 2.1417620e+06 1.0106133e+06 
-1.6306762e+07 -2.6103852e+06 -6.2623920e+06 
-3.3891838e+06 6.9407855e+06 5.8682740e+06 
-9.1088110e+06 8.4459131e+05 -7.6483756e+05 
-2.5761242e+06 8.6804430e+06 7.1018965e+06 
-7.8530181e+05 1.4194300e+07 8.8785560e+06 
-9.2919088e+05 1.4189368e+07 9.3019340e+06 
-1.4711108e+07 -1.9465394e+06 -5.3431730e+06 
-1.1064371e+07 -2.9055769e+05 -2.5100110e+06 
-2.9873191e+05 1.3290185e+07 8.5260090e+06 
-1.4895382e+06 1.2088354e+07 8.8562660e+06 
-1.1617542e+06 1.3417388e+07 9.2456740e+06 
-4.6375145e+06 4.8147335e+06 4.0053785e+06 
-1.9653919e+06 1.0372210e+07 8.0584465e+06 
-6.0229550e+06 3.1941435e+06 2.3083512e+06 
-1.3119545e+07 -1.2988536e+06 -4.1917435e+06 
-7.6663825e+06 1.7446931e+06 5.2601175e+05 
-3.5219925e+06 6.5585255e+06 5.5373075e+06 
-7.8211575e+05 1.4468841e+07 8.8303200e+06 
-9.3395938e+05 1.4307260e+07 9.2305100e+06 
-9.5247420e+06 4.8077766e+05 -1.2645064e+06 
-2.6592588e+06 8.3547305e+06 6.8361625e+06 
-2.1506877e+05 1.3763345e+07 8.4727590e+06 
-1.5214130e+07 -2.2284375e+06 -5.8086265e+06 
-1.5142382e+06 1.1950917e+07 8.7089090e+06 
-1.1532223e+07 -6.1738938e+05 -3.0053940e+06 
-1.1728425e+06 1.3398895e+07 9.1405670e+06 
-2.0125531e+06 1.0125479e+07 7.8524100e+06 
-4.8465750e+06 4.3951180e+06 3.5921695e+06 
-7.7483412e+05 1.4736403e+07 8.7788280e+06 
-6.3104360e+06 2.7771448e+06 1.8437192e+06 
-3.6622970e+06 6.1644075e+06 5.1883070e+06 
-9.3464569e+05 1.4418355e+07 9.1544970e+06 
-1.3616510e+07 -1.5942522e+06 -4.6700340e+06 
-8.0325790e+06 1.3526946e+06 3.0167893e+04 
-1.3415984e+05 1.4221796e+07 8.4174290e+06 
-2.7454512e+06 8.0145435e+06 6.5548545e+06 
-9.9586330e+06 1.2608023e+05 -1.7688034e+06 
-1.5366056e+06 1.1800976e+07 8.5528450e+06 
-1.1807461e+06 1.3370730e+07 9.0293890e+06 
-1.5714284e+07 -2.5351318e+06 -6.0528630e+06 
-1.2013243e+07 -9.3381125e+05 -3.4988170e+06 
-7.6489025e+05 1.4995908e+07 8.7248050e+06 
-2.0597754e+06 9.8639050e+06 7.6342105e+06 
-9.3241556e+05 1.4521575e+07 9.0745240e+06 
-5.7695520e+04 1.4664670e+07 8.3610725e+06 
-5.0706065e+06 3.9694358e+06 3.1604985e+06 
-6.6171910e+06 2.3607875e+06 1.3637049e+06 
-3.8121520e+06 5.7586115e+06 4.8208535e+06 
-8.4194830e+06 9.6730806e+05 -4.7521472e+05 
-1.4119304e+07 -1.8806311e+06 -5.1413705e+06 
-2.8363018e+06 7.6593635e+06 6.2574785e+06 
-1.0410811e+07 -2.1839397e+05 -2.2754338e+06 
-1.1863904e+06 1.3331775e+07 8.9125220e+06 
-1.5576005e+06 1.1637392e+07 8.3881570e+06 
-7.5337194e+05 1.5246386e+07 8.6688440e+06 
1.3353283e+04 1.5091400e+07 8.3044520e+06 
-9.2819912e+05 1.4615867e+07 8.9911230e+06 
-2.1082365e+06 9.5865080e+06 7.4035470e+06 
-1.2506532e+07 -1.2394542e+06 -3.9878728e+06 
-5.3120465e+06 3.5388288e+06 2.7105345e+06 
-6.9453765e+06 1.9467010e+06 8.6939275e+05 
-3.9737410e+06 5.3414725e+06 4.4345210e+06 
-8.8283620e+06 5.9009738e+05 -9.8815281e+05 
-1.4626034e+07 -2.1583840e+06 -5.6037090e+06 
-2.9334862e+06 7.2887390e+06 5.9434490e+06 
-7.4109525e+05 1.5486970e+07 8.6114290e+06 
-1.1905506e+06 1.3280885e+07 8.7902580e+06 
-1.5780936e+06 1.1458986e+07 8.2148230e+06 
7.8516750e+04 1.5501638e+07 8.2481075e+06 
-1.0881274e+07 -5.5165762e+05 -2.7818922e+06 
-9.2273381e+05 1.4700198e+07 8.9047350e+06 
-2.1591150e+06 9.2922980e+06 7.1599980e+06 
-1.3010818e+07 -1.5341568e+06 -4.4700795e+06 
-5.5734400e+06 3.1046590e+06 2.2426085e+06 
-4.1494052e+06 4.9135180e+06 4.0288962e+06 
-7.2971015e+06 1.5366559e+06 3.6214831e+05 
-7.2866388e+05 1.5716886e+07 8.5529510e+06 
1.3766948e+05 1.5895209e+07 8.1924125e+06 
-1.1938801e+06 1.3216887e+07 8.6628000e+06 
-9.2602450e+06 2.2261425e+05 -1.5063715e+06 
-1.5129202e+07 -2.4629950e+06 -5.8454725e+06 
-3.0387955e+06 6.9023165e+06 5.6120890e+06 
-1.5988931e+06 1.1264537e+07 8.0327120e+06 
-9.1660025e+05 1.4773561e+07 8.8157190e+06 
-1.1369649e+07 -8.7288069e+05 -3.2854838e+06 
-2.2136222e+06 8.9802970e+06 6.9030140e+06 
-1.3524445e+07 -1.8179862e+06 -4.9429190e+06 
-7.1651662e+05 1.5935438e+07 8.4937210e+06 
1.9091803e+05 1.6272061e+07 8.1376165e+06 
-5.8574345e+06 2.6685260e+06 1.7572599e+06 
-4.3416745e+06 4.4755005e+06 3.6036072e+06 
-1.1969359e+06 1.3138584e+07 8.5302610e+06 
-7.6743835e+06 1.1325469e+06 -1.5634614e+05 
-1.6207716e+06 1.1052791e+07 7.8415735e+06 
-9.1025362e+05 1.4834970e+07 8.7243530e+06 
-3.1541745e+06 6.4998715e+06 5.2626340e+06 
-9.7158630e+06 -1.3364266e+05 -2.0273004e+06 
-1.1875158e+07 -1.1814284e+06 -3.7833505e+06 
-2.2730385e+06 8.6495500e+06 6.6319090e+06 
2.3852045e+05 1.6632232e+07 8.0838770e+06 
-7.0496606e+05 1.6141998e+07 8.4339820e+06 
-1.4045366e+07 -2.0912568e+06 -5.4038790e+06 
-1.2002016e+06 1.3044750e+07 8.3926570e+06 
-6.1667655e+06 2.2322730e+06 1.2552879e+06 
-4.5532895e+06 4.0284362e+06 3.1583592e+06 
-9.0404962e+05 1.4883450e+07 8.6308450e+06 
-1.6444925e+06 1.0822460e+07 7.6410290e+06 
-8.0790940e+06 7.3636294e+05 -6.8405706e+05 
-3.2817658e+06 6.0813460e+06 4.8942420e+06 
-1.0195596e+07 -4.7727456e+05 -2.5480780e+06 
2.8082919e+05 1.6975824e+07 8.0312850e+06 
-6.9422844e+05 1.6335991e+07 8.3739250e+06 
-2.3387515e+06 8.2991470e+06 6.3458520e+06 
-1.2396588e+07 -1.4768976e+06 -4.2725090e+06 
-1.2041100e+06 1.2934125e+07 8.2499110e+06 
-8.9826700e+05 1.4918032e+07 8.5353380e+06 
-1.4561055e+07 -2.3961210e+06 -5.6439610e+06 
-1.6708389e+06 1.0572228e+07 7.4305610e+06 
-6.5042260e+06 1.7979888e+06 7.3780875e+05 
-4.7872250e+06 3.5736388e+06 2.6929828e+06 
-8.5128990e+06 3.5014812e+05 -1.2185712e+06 
3.1825062e+05 1.7302984e+07 7.9798810e+06 
-3.4239545e+06 5.6468890e+06 4.5060100e+06 
-6.8444812e+05 1.6516888e+07 8.3136905e+06 
-1.0699411e+07 -8.0703388e+05 -3.0655680e+06 
-2.4123005e+06 7.9282490e+06 6.0438600e+06 
-1.2932262e+07 -1.7591500e+06 -4.7498955e+06 
-1.2090616e+06 1.2805406e+07 8.1018445e+06 
-8.9312588e+05 1.4937746e+07 8.4379100e+06 
-1.7006434e+06 1.0300755e+07 7.2095020e+06 
3.5121734e+05 1.7613886e+07 7.9296705e+06 
-6.8726245e+06 1.3679962e+06 2.0631552e+05 
-5.0467010e+06 3.1127552e+06 2.2074912e+06 
-6.7571656e+05 1.6684193e+07 8.2533830e+06 
-8.9771800e+06 -2.4049666e+04 -1.7570755e+06 
-3.5834175e+06 5.1969045e+06 4.0969962e+06 
-1.1226810e+07 -1.1218775e+06 -3.5763872e+06 
-2.4954232e+06 7.5361155e+06 5.7247930e+06 
-1.3480034e+07 -2.0283386e+06 -5.2124185e+06 
-1.2154461e+06 1.2657242e+07 7.9481715e+06 
-8.8880425e+05 1.4941603e+07 8.3385785e+06 
3.8016891e+05 1.7908718e+07 7.8806340e+06 
-1.7348214e+06 1.0006679e+07 6.9770190e+06 
-6.6808762e+05 1.6837430e+07 8.1930740e+06 
-5.3351845e+06 2.6477958e+06 1.7021501e+06 
-7.2747210e+06 9.4482612e+05 -3.3726091e+05 
-3.7631715e+06 4.7321030e+06 3.6662550e+06 
-9.4729580e+06 -3.8423956e+05 -2.2963485e+06 
-1.1776773e+07 -1.4210200e+06 -4.0769465e+06 
-2.5901118e+06 7.1221400e+06 5.3873500e+06 
-8.8545162e+05 1.4928594e+07 8.2373030e+06 
-1.2236611e+06 1.2488223e+07 7.7884910e+06 
4.0553956e+05 1.8187680e+07 7.8327350e+06 
-1.4020019e+07 -2.3368555e+06 -5.4522625e+06 
-6.6158925e+05 1.6976134e+07 8.1328070e+06 
-1.7744091e+06 9.6886270e+06 6.7320980e+06 
-5.6563765e+06 2.1811535e+06 1.1775595e+06 
-7.7131465e+06 5.3117619e+05 -8.9049506e+05 
-3.9666220e+06 4.2535600e+06 3.2128840e+06 
-1.0000798e+07 -7.2855794e+05 -2.8327675e+06 
4.2775016e+05 1.8450968e+07 7.7859265e+06 
-8.8320119e+05 1.4897663e+07 8.1339825e+06 
-1.2347724e+07 -1.7039834e+06 -4.5635045e+06 
-2.6986740e+06 6.6858940e+06 5.0300720e+06 
-1.2341330e+06 1.2296869e+07 7.6222750e+06 
-6.5623319e+05 1.7099844e+07 8.0726025e+06 
-1.8206060e+06 9.3452250e+06 6.4735250e+06 
-6.0141730e+06 1.7156164e+06 6.3474612e+05 
-8.1903055e+06 1.2985105e+05 -1.4504181e+06 
4.4720394e+05 1.8698772e+07 7.7401525e+06 
-4.1976100e+06 3.7627775e+06 2.7360870e+06 
-1.0560731e+07 -1.0553445e+06 -3.3623318e+06 
-8.8218119e+05 1.4847706e+07 8.0284520e+06 
-1.2473394e+06 1.2081620e+07 7.4488510e+06 
-2.8238030e+06 6.2271825e+06 4.6513475e+06 
-1.2937498e+07 -1.9706409e+06 -5.0322330e+06 
-6.5202225e+05 1.7208086e+07 8.0124600e+06 
-1.8748260e+06 8.9751160e+06 6.1998650e+06 
4.6428425e+05 1.8931274e+07 7.6953540e+06 
-6.4126065e+06 1.2543562e+06 7.5265242e+04 
-8.7082570e+06 -2.5631561e+05 -2.0134832e+06 
-8.8252544e+05 1.4777543e+07 7.9204785e+06 
-4.4604500e+06 3.2617505e+06 2.2352560e+06 
-1.1152164e+07 -1.3632212e+06 -3.8807068e+06 
-6.4895694e+05 1.7300366e+07 7.9523595e+06 
-1.2638348e+06 1.1840825e+07 7.2673850e+06 
-2.9686582e+06 5.7461095e+06 4.2494310e+06 
-1.3516284e+07 -2.2876548e+06 -5.2742115e+06 
-1.9387582e+06 8.5769820e+06 5.9094390e+06 
4.7935425e+05 1.9148644e+07 7.6514695e+06 
-8.8438394e+05 1.4685904e+07 7.8097535e+06 
-6.8557490e+06 8.0089888e+05 -4.9869544e+05 
-6.4704025e+05 1.7376164e+07 7.8922630e+06 
-9.2685830e+06 -6.2455625e+05 -2.5755500e+06 
-4.7599545e+06 2.7530270e+06 1.7100771e+06 
-1.2842796e+06 1.1572730e+07 7.0768565e+06 
-1.1773809e+07 -1.6511684e+06 -4.3832865e+06 
-3.1369525e+06 5.2431575e+06 3.8224720e+06 
4.9275759e+05 1.9351032e+07 7.6084360e+06 
-2.0144394e+06 8.1495820e+06 5.6003005e+06 
-8.8793444e+05 1.4571410e+07 7.6958805e+06 
-6.4628256e+05 1.7434908e+07 7.8321130e+06 
-7.3475835e+06 3.5906300e+05 -1.0842145e+06 
-9.8722530e+06 -9.7227944e+05 -3.1318940e+06 
-1.3094775e+06 1.1275470e+07 6.8760270e+06 
-5.1014350e+06 2.2397658e+06 1.1606601e+06 
-1.2423625e+07 -1.9185969e+06 -4.8652765e+06 
-3.3330498e+06 4.7192855e+06 3.3685625e+06 
5.0481991e+05 1.9538578e+07 7.5661910e+06 
-2.1043418e+06 7.6917985e+06 5.2702115e+06 
-8.9339494e+05 1.4432545e+07 7.5783605e+06 
-6.4670594e+05 1.7475978e+07 7.7718325e+06 
-1.3404179e+06 1.0947064e+07 6.6634030e+06 
-7.8918415e+06 -6.7132148e+04 -1.6775498e+06 
-1.0519479e+07 -1.2971874e+06 -3.6772482e+06 
-5.4906720e+06 1.7257754e+06 5.8769631e+05 
5.1585097e+05 1.9711394e+07 7.5246720e+06 
-1.3059104e+07 -2.2509505e+06 -5.1130835e+06 
-3.5620688e+06 4.1760370e+06 2.8858115e+06 
-2.2114810e+06 7.2027015e+06 4.9166235e+06 
-6.4834850e+05 1.7498674e+07 7.7113205e+06 
-9.0103881e+05 1.4267632e+07 7.4565710e+06 
5.2614706e+05 1.9869578e+07 7.4838155e+06 
-1.3783326e+06 1.0585408e+07 6.4371935e+06 
-8.4918050e+06 -4.7359216e+05 -2.2740740e+06 
-1.1209601e+07 -1.5974024e+06 -4.2058725e+06 
-5.9338310e+06 1.2155259e+06 -7.3606738e+03 
-3.8299880e+06 3.6156700e+06 2.3724530e+06 
-2.3395458e+06 6.6816370e+06 4.5366615e+06 
-6.5126919e+05 1.7502210e+07 7.6504495e+06 
-9.1121312e+05 1.4074801e+07 7.3297425e+06 
5.3599344e+05 2.0013200e+07 7.4435575e+06 
-1.4247656e+06 1.0188284e+07 6.1952545e+06 
-9.1500900e+06 -8.5630475e+05 -2.8682440e+06 
-1.1940946e+07 -1.8715735e+06 -4.7116550e+06 
-6.4373190e+06 7.1411875e+05 -6.2209812e+05 
-4.1437415e+06 3.0412955e+06 1.8269981e+06 
-6.5555344e+05 1.7485684e+07 7.5890580e+06 
-2.4930552e+06 6.1283425e+06 4.1271230e+06 
-9.2436131e+05 1.3851959e+07 7.1969230e+06 
5.4566725e+05 2.0142306e+07 7.4038335e+06 
-1.4816629e+06 9.7533760e+06 5.9350290e+06 
-9.8683960e+06 -1.2115276e+06 -3.4536148e+06 
-1.2655387e+07 -2.2289558e+06 -4.9708985e+06 
-7.0075595e+06 2.2720053e+05 -1.2529472e+06 
-4.5112925e+06 2.4570198e+06 1.2484439e+06 
-6.6131944e+05 1.7448058e+07 7.5269425e+06 
-9.4105306e+05 1.3596744e+07 7.0569355e+06 
5.5544044e+05 2.0256910e+07 7.3645745e+06 
-2.6775495e+06 5.5430965e+06 3.6844975e+06 
-1.5514885e+06 9.2782940e+06 5.6534725e+06 
-1.0647261e+07 -1.5359724e+06 -4.0229152e+06 
-7.6506955e+06 -2.3919091e+05 -1.8950106e+06 
-6.6872706e+05 1.7388126e+07 7.4638465e+06 
-4.9416570e+06 1.8680772e+06 6.3654925e+05 
5.6558225e+05 2.0356994e+07 7.3257070e+06 
-9.6202262e+05 1.3306494e+07 6.9083250e+06 
-2.8998135e+06 4.9269140e+06 3.2050195e+06 
-1.6373746e+06 8.7606340e+06 5.3469720e+06 
-1.1485927e+07 -1.8270438e+06 -4.5681805e+06 
-6.7798762e+05 1.7304466e+07 7.3994445e+06 
-8.3722350e+06 -6.7884444e+05 -2.5419390e+06 
5.7636256e+05 2.0442496e+07 7.2871500e+06 
-5.4448370e+06 1.2809262e+06 -7.8149512e+03 
-9.8821956e+05 1.2978188e+07 6.7492880e+06 
-3.1681398e+06 4.2817890e+06 2.6847738e+06 
-1.7433170e+06 8.1980560e+06 5.0112570e+06 
-6.8937794e+05 1.7195408e+07 7.3333205e+06 
5.8805419e+05 2.0513306e+07 7.2488110e+06 
-1.2307626e+07 -2.2233902e+06 -4.8473240e+06 
-9.1766870e+06 -1.0856496e+06 -3.1858645e+06 
-6.0316110e+06 7.0326656e+05 -6.8224800e+05 
-1.0208768e+06 1.2608411e+07 6.5775855e+06 
-3.4926225e+06 3.6109942e+06 2.1198798e+06 
-1.8744302e+06 7.5884175e+06 4.6413030e+06 
6.0093606e+05 2.0569248e+07 7.2105820e+06 
-7.0325738e+05 1.7058960e+07 7.2649435e+06 
-1.0067091e+07 -1.4539802e+06 -3.8174012e+06 
-1.0616019e+06 1.2193291e+07 6.3904300e+06 
-6.7131185e+06 1.4392934e+05 -1.3823681e+06 
-3.8854702e+06 2.9194428e+06 1.5067936e+06 
-2.0372810e+06 6.9299645e+06 4.2312420e+06 
6.1529500e+05 2.0610066e+07 7.1723330e+06 
-7.2009094e+05 1.6892740e+07 7.1936255e+06 
-1.1044329e+07 -1.7789358e+06 -4.4257915e+06 
-1.1125005e+06 1.1728464e+07 6.1843455e+06 
-7.5001885e+06 -3.8741375e+05 -2.1014072e+06 
-4.3612950e+06 2.2140872e+06 8.4277481e+05 
6.3142781e+05 2.0635404e+07 7.1339050e+06 
-2.2403260e+06 6.2216120e+06 3.7742888e+06 
-7.4047894e+05 1.6693888e+07 7.1184765e+06 
-1.2010414e+07 -2.2349650e+06 -4.7378060e+06 
-1.1763472e+06 1.1209030e+07 5.9549885e+06 
-8.4025190e+06 -8.8070606e+05 -2.8299705e+06 
-4.9372975e+06 1.5043329e+06 1.2658101e+05 
6.4964169e+05 2.0644766e+07 7.0950950e+06 
-2.4944842e+06 5.4633495e+06 3.2627135e+06 
-7.6519650e+05 1.6458943e+07 7.0383310e+06 
-1.2568192e+06 1.0629541e+07 5.6969210e+06 
-9.4281580e+06 -1.3259532e+06 -3.5559555e+06 
-5.6331815e+06 8.0235494e+05 -6.4055306e+05 
6.7025325e+05 2.0637474e+07 7.0556450e+06 
-7.9524500e+05 1.6183704e+07 6.9516610e+06 
-2.8138832e+06 4.6568125e+06 2.6879055e+06 
-1.3588240e+06 9.9840190e+06 5.4033280e+06 
-1.0583100e+07 -1.7143264e+06 -4.2644440e+06 
6.9358419e+05 2.0612606e+07 7.0152160e+06 
-6.4704810e+06 1.2313512e+05 -1.4536524e+06 
-8.3192081e+05 1.5863052e+07 6.8564435e+06 
-3.2168275e+06 3.8060798e+06 2.0406114e+06 
-1.4889604e+06 9.2660510e+06 5.0656645e+06 
-1.1745026e+07 -2.2623768e+06 -4.6298020e+06 
7.1995244e+05 2.0568904e+07 6.9733600e+06 
-7.4707855e+06 -5.1612397e+05 -2.3026618e+06 
-8.7690606e+05 1.5490722e+07 6.7499890e+06 
-3.7270200e+06 2.9187700e+06 1.3114906e+06 
-1.6561769e+06 8.4689870e+06 4.6732205e+06 
7.4965556e+05 2.0504654e+07 6.9294750e+06 
-8.6524290e+06 -1.0974735e+06 -3.1717712e+06 
-9.3238988e+05 1.5059036e+07 6.6286970e+06 
-4.3750390e+06 2.0074876e+06 4.9223922e+05 
-1.8727262e+06 7.5863360e+06 4.2125990e+06 
7.8294188e+05 2.0417504e+07 6.8827445e+06 
-1.0028839e+07 -1.6024261e+06 -4.0399562e+06 
-1.0012303e+06 1.4558555e+07 6.4877150e+06 
-5.1998860e+06 1.0915990e+06 -4.2229241e+05 
-2.1555730e+06 6.6124750e+06 3.6671080e+06 
8.1996238e+05 2.0304218e+07 6.8320490e+06 
-1.1462217e+07 -2.2991888e+06 -4.4939990e+06 
-1.0871731e+06 1.3977674e+07 6.3204590e+06 
-6.2498500e+06 1.9896150e+05 -1.4303339e+06 
-2.5285165e+06 5.5438880e+06 3.0161188e+06 
8.6069325e+05 2.0160310e+07 6.7758390e+06 
-1.1951506e+06 1.3302133e+07 6.1179285e+06 
-7.5800095e+06 -6.3397675e+05 -2.5172025e+06 
-3.0254888e+06 4.3813120e+06 2.2345275e+06 
9.0481081e+05 1.9979536e+07 6.7119490e+06 
-1.3316984e+06 1.2514441e+07 5.8677200e+06 
-9.2361770e+06 -1.3696905e+06 -3.6501202e+06 
9.5149419e+05 1.9753134e+07 6.6373260e+06 
-3.6958495e+06 3.1334712e+06 1.2927368e+06 
-1.5055540e+06 1.1593259e+07 5.5525775e+06 
-1.1050837e+07 -2.3131512e+06 -4.2526470e+06 
9.9911250e+05 1.9468726e+07 6.5476265e+06 
-4.6132385e+06 1.8236616e+06 1.5832452e+05 
-1.7285670e+06 1.0512787e+07 5.1482300e+06 
1.0447302e+06 1.9108698e+07 6.4366120e+06 
-5.8908920e+06 5.0141919e+05 -1.1971401e+06 
-2.0171850e+06 9.2423540e+06 4.6200610e+06 
1.0833198e+06 1.8647776e+07 6.2952230e+06 
-7.7084050e+06 -7.3798569e+05 -2.7745608e+06 
-2.3951682e+06 7.7466970e+06 3.9178142e+06 
1.1064948e+06 1.8049360e+07 6.1101390e+06 
-1.0092578e+07 -2.2092795e+06 -3.6799488e+06 
-2.8992755e+06 5.9883095e+06 2.9667438e+06 
1.1004285e+06 1.7259874e+07 5.8614550e+06 
-3.5933432e+06 3.9362670e+06 1.6519880e+06 
1.0423273e+06 1.6199851e+07 5.5187735e+06 
-4.6101635e+06 1.5981479e+06 -2.1083111e+05 
8.9415038e+05 1.4749326e+07 5.0341660e+06 
-6.5413925e+06 -5.3927294e+05 -1.3962430e+06 
5.9053700e+05 1.2722576e+07 4.3281955e+06 
1.2755135e+04 9.8205180e+06 3.2578248e+06 
-1.0778051e+06 5.5278815e+06 1.5271355e+06 
-2.8232395e+06 2.2407925e+06 3.6437512e+05 
CELL_DATA 4096
FIELD FieldData 0
