# vtk DataFile Version 4.0
vtk output
ASCII
DATASET UNSTRUCTURED_GRID
POINTS 4225 float
0.0000000e+00 0.0000000e+00 0.0000000e+00 
0.0000000e+00 6.8750000e-01 0.0000000e+00 
7.5000000e-01 6.8750000e-01 0.0000000e+00 
0.0000000e+00 1.3750000e+00 0.0000000e+00 
7.5000000e-01 1.3743805e+00 0.0000000e+00 
1.5000000e+00 1.3750000e+00 0.0000000e+00 
0.0000000e+00 2.0625000e+00 0.0000000e+00 
7.5000000e-01 2.0606689e+00 0.0000000e+00 
1.5000000e+00 2.0606689e+00 0.0000000e+00 
0.0000000e+00 2.7500000e+00 0.0000000e+00 
7.5000000e-01 2.7463846e+00 0.0000000e+00 
2.2500000e+00 2.0625000e+00 0.0000000e+00 
1.5000000e+00 2.7452102e+00 0.0000000e+00 
0.0000000e+00 3.4375000e+00 0.0000000e+00 
7.5000000e-01 3.4315462e+00 0.0000000e+00 
2.2500000e+00 2.7463846e+00 0.0000000e+00 
1.5000000e+00 3.4286602e+00 0.0000000e+00 
3.0000000e+00 2.7500000e+00 0.0000000e+00 
2.2500000e+00 3.4286602e+00 0.0000000e+00 
0.0000000e+00 4.1250000e+00 0.0000000e+00 
7.5000000e-01 4.1161733e+00 0.0000000e+00 
1.5000000e+00 4.1110554e+00 0.0000000e+00 
3.0000000e+00 3.4315462e+00 0.0000000e+00 
2.2500000e+00 4.1093793e+00 0.0000000e+00 
0.0000000e+00 4.8125000e+00 0.0000000e+00 
7.5000000e-01 4.8002844e+00 0.0000000e+00 
1.5000000e+00 4.7924318e+00 0.0000000e+00 
3.7500000e+00 3.4375000e+00 0.0000000e+00 
3.0000000e+00 4.1110554e+00 0.0000000e+00 
2.2500000e+00 4.7885928e+00 0.0000000e+00 
0.0000000e+00 5.5000000e+00 0.0000000e+00 
7.5000000e-01 5.4838991e+00 0.0000000e+00 
3.7500000e+00 4.1161733e+00 0.0000000e+00 
3.0000000e+00 4.7885928e+00 0.0000000e+00 
1.5000000e+00 5.4728260e+00 0.0000000e+00 
2.2500000e+00 5.4663534e+00 0.0000000e+00 
3.7500000e+00 4.7924318e+00 0.0000000e+00 
4.5000000e+00 4.1250000e+00 0.0000000e+00 
0.0000000e+00 6.1875000e+00 0.0000000e+00 
7.5000000e-01 6.1670365e+00 0.0000000e+00 
3.0000000e+00 5.4642248e+00 0.0000000e+00 
1.5000000e+00 6.1522746e+00 0.0000000e+00 
2.2500000e+00 6.1427131e+00 0.0000000e+00 
4.5000000e+00 4.8002844e+00 0.0000000e+00 
3.7500000e+00 5.4663534e+00 0.0000000e+00 
3.0000000e+00 6.1380167e+00 0.0000000e+00 
0.0000000e+00 6.8750000e+00 0.0000000e+00 
7.5000000e-01 6.8497152e+00 0.0000000e+00 
1.5000000e+00 6.8308134e+00 0.0000000e+00 
4.5000000e+00 5.4728260e+00 0.0000000e+00 
5.2500000e+00 4.8125000e+00 0.0000000e+00 
2.2500000e+00 6.8177233e+00 0.0000000e+00 
3.7500000e+00 6.1380167e+00 0.0000000e+00 
3.0000000e+00 6.8100343e+00 0.0000000e+00 
0.0000000e+00 7.5625000e+00 0.0000000e+00 
7.5000000e-01 7.5319548e+00 0.0000000e+00 
5.2500000e+00 5.4838991e+00 0.0000000e+00 
4.5000000e+00 6.1427131e+00 0.0000000e+00 
1.5000000e+00 7.5084791e+00 0.0000000e+00 
3.7500000e+00 6.8074989e+00 0.0000000e+00 
2.2500000e+00 7.4914360e+00 0.0000000e+00 
3.0000000e+00 7.4803433e+00 0.0000000e+00 
5.2500000e+00 6.1522746e+00 0.0000000e+00 
6.0000000e+00 5.5000000e+00 0.0000000e+00 
4.5000000e+00 6.8100343e+00 0.0000000e+00 
7.5000000e-01 8.2137747e+00 0.0000000e+00 
0.0000000e+00 8.2500000e+00 0.0000000e+00 
1.5000000e+00 8.1853085e+00 0.0000000e+00 
3.7500000e+00 7.4748783e+00 0.0000000e+00 
2.2500000e+00 8.1639032e+00 0.0000000e+00 
6.0000000e+00 6.1670365e+00 0.0000000e+00 
5.2500000e+00 6.8177233e+00 0.0000000e+00 
3.0000000e+00 8.1490097e+00 0.0000000e+00 
4.5000000e+00 7.4748783e+00 0.0000000e+00 
7.5000000e-01 8.8951931e+00 0.0000000e+00 
0.0000000e+00 8.9375000e+00 0.0000000e+00 
3.7500000e+00 8.1402321e+00 0.0000000e+00 
1.5000000e+00 8.8613377e+00 0.0000000e+00 
6.0000000e+00 6.8308134e+00 0.0000000e+00 
2.2500000e+00 8.8351774e+00 0.0000000e+00 
5.2500000e+00 7.4803433e+00 0.0000000e+00 
6.7500000e+00 6.1875000e+00 0.0000000e+00 
4.5000000e+00 8.1373329e+00 0.0000000e+00 
3.0000000e+00 8.8160992e+00 0.0000000e+00 
3.7500000e+00 8.8036394e+00 0.0000000e+00 
6.0000000e+00 7.4914360e+00 0.0000000e+00 
7.5000000e-01 9.5762291e+00 0.0000000e+00 
6.7500000e+00 6.8497152e+00 0.0000000e+00 
0.0000000e+00 9.6250000e+00 0.0000000e+00 
1.5000000e+00 9.5366030e+00 0.0000000e+00 
5.2500000e+00 8.1402321e+00 0.0000000e+00 
2.2500000e+00 9.5053091e+00 0.0000000e+00 
4.5000000e+00 8.7974873e+00 0.0000000e+00 
3.0000000e+00 9.4816761e+00 0.0000000e+00 
6.7500000e+00 7.5084791e+00 0.0000000e+00 
6.0000000e+00 8.1490097e+00 0.0000000e+00 
7.5000000e+00 6.8750000e+00 0.0000000e+00 
3.7500000e+00 9.4651766e+00 0.0000000e+00 
5.2500000e+00 8.7974873e+00 0.0000000e+00 
7.5000000e-01 1.0256903e+01 0.0000000e+00 
0.0000000e+00 1.0312500e+01 0.0000000e+00 
1.5000000e+00 1.0211140e+01 0.0000000e+00 
2.2500000e+00 1.0174351e+01 0.0000000e+00 
4.5000000e+00 9.4554300e+00 0.0000000e+00 
3.0000000e+00 1.0145808e+01 0.0000000e+00 
6.7500000e+00 8.1639032e+00 0.0000000e+00 
7.5000000e+00 7.5319548e+00 0.0000000e+00 
6.0000000e+00 8.8036394e+00 0.0000000e+00 
3.7500000e+00 1.0124923e+01 0.0000000e+00 
5.2500000e+00 9.4522066e+00 0.0000000e+00 
7.5000000e-01 1.0937233e+01 0.0000000e+00 
1.5000000e+00 1.0884987e+01 0.0000000e+00 
0.0000000e+00 1.1000000e+01 0.0000000e+00 
4.5000000e+00 1.0111249e+01 0.0000000e+00 
2.2500000e+00 1.0842356e+01 0.0000000e+00 
7.5000000e+00 8.1853085e+00 0.0000000e+00 
6.7500000e+00 8.8160992e+00 0.0000000e+00 
8.2500000e+00 7.5625000e+00 0.0000000e+00 
6.0000000e+00 9.4554300e+00 0.0000000e+00 
3.0000000e+00 1.0808560e+01 0.0000000e+00 
5.2500000e+00 1.0104487e+01 0.0000000e+00 
3.7500000e+00 1.0782955e+01 0.0000000e+00 
7.5000000e+00 8.8351774e+00 0.0000000e+00 
6.7500000e+00 9.4651766e+00 0.0000000e+00 
7.5000000e-01 1.1617238e+01 0.0000000e+00 
8.2500000e+00 8.2137747e+00 0.0000000e+00 
1.5000000e+00 1.1558178e+01 0.0000000e+00 
4.5000000e+00 1.0765033e+01 0.0000000e+00 
0.0000000e+00 1.1687500e+01 0.0000000e+00 
2.2500000e+00 1.1509374e+01 0.0000000e+00 
6.0000000e+00 1.0104487e+01 0.0000000e+00 
3.0000000e+00 1.1469998e+01 0.0000000e+00 
5.2500000e+00 1.0754426e+01 0.0000000e+00 
3.7500000e+00 1.1439353e+01 0.0000000e+00 
7.5000000e+00 9.4816761e+00 0.0000000e+00 
8.2500000e+00 8.8613377e+00 0.0000000e+00 
6.7500000e+00 1.0111249e+01 0.0000000e+00 
9.0000000e+00 8.2500000e+00 0.0000000e+00 
4.5000000e+00 1.1416870e+01 0.0000000e+00 
6.0000000e+00 1.0750916e+01 0.0000000e+00 
7.5000000e-01 1.2296938e+01 0.0000000e+00 
1.5000000e+00 1.2230751e+01 0.0000000e+00 
0.0000000e+00 1.2375000e+01 0.0000000e+00 
2.2500000e+00 1.2175457e+01 0.0000000e+00 
3.0000000e+00 1.2130187e+01 0.0000000e+00 
5.2500000e+00 1.1402122e+01 0.0000000e+00 
8.2500000e+00 9.5053091e+00 0.0000000e+00 
7.5000000e+00 1.0124923e+01 0.0000000e+00 
9.0000000e+00 8.8951931e+00 0.0000000e+00 
3.7500000e+00 1.2094192e+01 0.0000000e+00 
6.7500000e+00 1.0754426e+01 0.0000000e+00 
6.0000000e+00 1.1394820e+01 0.0000000e+00 
4.5000000e+00 1.2066850e+01 0.0000000e+00 
1.5000000e+00 1.2902742e+01 0.0000000e+00 
7.5000000e-01 1.2976351e+01 0.0000000e+00 
2.2500000e+00 1.2840659e+01 0.0000000e+00 
0.0000000e+00 1.3062500e+01 0.0000000e+00 
8.2500000e+00 1.0145808e+01 0.0000000e+00 
9.0000000e+00 9.5366030e+00 0.0000000e+00 
7.5000000e+00 1.0765033e+01 0.0000000e+00 
3.0000000e+00 1.2789193e+01 0.0000000e+00 
5.2500000e+00 1.2047672e+01 0.0000000e+00 
9.7500000e+00 8.9375000e+00 0.0000000e+00 
6.7500000e+00 1.1394820e+01 0.0000000e+00 
3.7500000e+00 1.2747551e+01 0.0000000e+00 
6.0000000e+00 1.2036307e+01 0.0000000e+00 
4.5000000e+00 1.2715059e+01 0.0000000e+00 
8.2500000e+00 1.0782955e+01 0.0000000e+00 
9.0000000e+00 1.0174351e+01 0.0000000e+00 
7.5000000e+00 1.1402122e+01 0.0000000e+00 
1.5000000e+00 1.3574187e+01 0.0000000e+00 
9.7500000e+00 9.5762291e+00 0.0000000e+00 
7.5000000e-01 1.3655497e+01 0.0000000e+00 
2.2500000e+00 1.3505031e+01 0.0000000e+00 
5.2500000e+00 1.2691174e+01 0.0000000e+00 
0.0000000e+00 1.3750000e+01 0.0000000e+00 
3.0000000e+00 1.3447083e+01 0.0000000e+00 
6.7500000e+00 1.2032543e+01 0.0000000e+00 
3.7500000e+00 1.3399508e+01 0.0000000e+00 
6.0000000e+00 1.2675481e+01 0.0000000e+00 
9.0000000e+00 1.0808560e+01 0.0000000e+00 
8.2500000e+00 1.1416870e+01 0.0000000e+00 
4.5000000e+00 1.3361588e+01 0.0000000e+00 
9.7500000e+00 1.0211140e+01 0.0000000e+00 
7.5000000e+00 1.2036307e+01 0.0000000e+00 
1.0500000e+01 9.6250000e+00 0.0000000e+00 
1.5000000e+00 1.4245124e+01 0.0000000e+00 
5.2500000e+00 1.3332725e+01 0.0000000e+00 
2.2500000e+00 1.4168624e+01 0.0000000e+00 
6.7500000e+00 1.2667705e+01 0.0000000e+00 
7.5000000e-01 1.4334394e+01 0.0000000e+00 
3.0000000e+00 1.4103920e+01 0.0000000e+00 
0.0000000e+00 1.4437500e+01 0.0000000e+00 
3.7500000e+00 1.4050141e+01 0.0000000e+00 
9.0000000e+00 1.1439353e+01 0.0000000e+00 
9.7500000e+00 1.0842356e+01 0.0000000e+00 
8.2500000e+00 1.2047672e+01 0.0000000e+00 
6.0000000e+00 1.3312447e+01 0.0000000e+00 
1.0500000e+01 1.0256903e+01 0.0000000e+00 
4.5000000e+00 1.4006524e+01 0.0000000e+00 
7.5000000e+00 1.2667705e+01 0.0000000e+00 
6.7500000e+00 1.3300416e+01 0.0000000e+00 
5.2500000e+00 1.3972422e+01 0.0000000e+00 
1.5000000e+00 1.4915586e+01 0.0000000e+00 
2.2500000e+00 1.4831490e+01 0.0000000e+00 
7.5000000e-01 1.5013062e+01 0.0000000e+00 
9.0000000e+00 1.2066850e+01 0.0000000e+00 
9.7500000e+00 1.1469998e+01 0.0000000e+00 
3.0000000e+00 1.4759772e+01 0.0000000e+00 
8.2500000e+00 1.2675481e+01 0.0000000e+00 
1.0500000e+01 1.0884987e+01 0.0000000e+00 
0.0000000e+00 1.5125000e+01 0.0000000e+00 
3.7500000e+00 1.4699529e+01 0.0000000e+00 
6.0000000e+00 1.3947309e+01 0.0000000e+00 
1.1250000e+01 1.0312500e+01 0.0000000e+00 
7.5000000e+00 1.3296429e+01 0.0000000e+00 
4.5000000e+00 1.4649956e+01 0.0000000e+00 
6.7500000e+00 1.3930791e+01 0.0000000e+00 
5.2500000e+00 1.4610363e+01 0.0000000e+00 
9.7500000e+00 1.2094192e+01 0.0000000e+00 
9.0000000e+00 1.2691174e+01 0.0000000e+00 
1.0500000e+01 1.1509374e+01 0.0000000e+00 
8.2500000e+00 1.3300416e+01 0.0000000e+00 
2.2500000e+00 1.5493682e+01 0.0000000e+00 
1.5000000e+00 1.5585613e+01 0.0000000e+00 
1.1250000e+01 1.0937233e+01 0.0000000e+00 
3.0000000e+00 1.5414704e+01 0.0000000e+00 
7.5000000e-01 1.5691521e+01 0.0000000e+00 
6.0000000e+00 1.4580174e+01 0.0000000e+00 
3.7500000e+00 1.5347747e+01 0.0000000e+00 
0.0000000e+00 1.5812500e+01 0.0000000e+00 
7.5000000e+00 1.3922598e+01 0.0000000e+00 
4.5000000e+00 1.5291972e+01 0.0000000e+00 
9.7500000e+00 1.2715059e+01 0.0000000e+00 
1.0500000e+01 1.2130187e+01 0.0000000e+00 
6.7500000e+00 1.4558938e+01 0.0000000e+00 
9.0000000e+00 1.3312447e+01 0.0000000e+00 
5.2500000e+00 1.5246646e+01 0.0000000e+00 
1.1250000e+01 1.1558178e+01 0.0000000e+00 
8.2500000e+00 1.3922598e+01 0.0000000e+00 
1.2000000e+01 1.1000000e+01 0.0000000e+00 
2.2500000e+00 1.6155251e+01 0.0000000e+00 
1.5000000e+00 1.6255239e+01 0.0000000e+00 
3.0000000e+00 1.6068781e+01 0.0000000e+00 
6.0000000e+00 1.5211147e+01 0.0000000e+00 
7.5000000e+00 1.4546328e+01 0.0000000e+00 
7.5000000e-01 1.6369787e+01 0.0000000e+00 
3.7500000e+00 1.5994875e+01 0.0000000e+00 
0.0000000e+00 1.6500000e+01 0.0000000e+00 
1.0500000e+01 1.2747551e+01 0.0000000e+00 
9.7500000e+00 1.3332725e+01 0.0000000e+00 
4.5000000e+00 1.5932661e+01 0.0000000e+00 
1.1250000e+01 1.2175457e+01 0.0000000e+00 
9.0000000e+00 1.3930791e+01 0.0000000e+00 
6.7500000e+00 1.5184971e+01 0.0000000e+00 
1.2000000e+01 1.1617238e+01 0.0000000e+00 
8.2500000e+00 1.4542146e+01 0.0000000e+00 
5.2500000e+00 1.5881369e+01 0.0000000e+00 
7.5000000e+00 1.5167734e+01 0.0000000e+00 
6.0000000e+00 1.5840332e+01 0.0000000e+00 
2.2500000e+00 1.6816248e+01 0.0000000e+00 
3.0000000e+00 1.6722071e+01 0.0000000e+00 
1.5000000e+00 1.6924503e+01 0.0000000e+00 
1.0500000e+01 1.3361588e+01 0.0000000e+00 
9.7500000e+00 1.3947309e+01 0.0000000e+00 
1.1250000e+01 1.2789193e+01 0.0000000e+00 
3.7500000e+00 1.6640991e+01 0.0000000e+00 
7.5000000e-01 1.7047884e+01 0.0000000e+00 
9.0000000e+00 1.4546328e+01 0.0000000e+00 
1.2000000e+01 1.2230751e+01 0.0000000e+00 
4.5000000e+00 1.6572111e+01 0.0000000e+00 
0.0000000e+00 1.7187500e+01 0.0000000e+00 
6.7500000e+00 1.5808999e+01 0.0000000e+00 
8.2500000e+00 1.5159180e+01 0.0000000e+00 
1.2750000e+01 1.1687500e+01 0.0000000e+00 
5.2500000e+00 1.6514627e+01 0.0000000e+00 
7.5000000e+00 1.5786932e+01 0.0000000e+00 
1.0500000e+01 1.3972422e+01 0.0000000e+00 
1.1250000e+01 1.3399508e+01 0.0000000e+00 
9.7500000e+00 1.4558938e+01 0.0000000e+00 
6.0000000e+00 1.6467834e+01 0.0000000e+00 
1.2000000e+01 1.2840659e+01 0.0000000e+00 
2.2500000e+00 1.7476728e+01 0.0000000e+00 
9.0000000e+00 1.5159180e+01 0.0000000e+00 
3.0000000e+00 1.7374638e+01 0.0000000e+00 
1.5000000e+00 1.7593439e+01 0.0000000e+00 
3.7500000e+00 1.7286171e+01 0.0000000e+00 
1.2750000e+01 1.2296938e+01 0.0000000e+00 
7.5000000e-01 1.7725826e+01 0.0000000e+00 
6.7500000e+00 1.6431133e+01 0.0000000e+00 
4.5000000e+00 1.7210411e+01 0.0000000e+00 
8.2500000e+00 1.5773819e+01 0.0000000e+00 
0.0000000e+00 1.7875000e+01 0.0000000e+00 
5.2500000e+00 1.7146521e+01 0.0000000e+00 
1.1250000e+01 1.4006524e+01 0.0000000e+00 
1.0500000e+01 1.4580174e+01 0.0000000e+00 
1.2000000e+01 1.3447083e+01 0.0000000e+00 
9.7500000e+00 1.5167734e+01 0.0000000e+00 
7.5000000e+00 1.6404039e+01 0.0000000e+00 
6.0000000e+00 1.7093760e+01 0.0000000e+00 
1.2750000e+01 1.2902742e+01 0.0000000e+00 
9.0000000e+00 1.5769469e+01 0.0000000e+00 
3.0000000e+00 1.8026546e+01 0.0000000e+00 
2.2500000e+00 1.8136740e+01 0.0000000e+00 
1.3500000e+01 1.2375000e+01 0.0000000e+00 
3.7500000e+00 1.7930496e+01 0.0000000e+00 
1.5000000e+00 1.8262083e+01 0.0000000e+00 
6.7500000e+00 1.7051489e+01 0.0000000e+00 
8.2500000e+00 1.6386185e+01 0.0000000e+00 
4.5000000e+00 1.7847649e+01 0.0000000e+00 
7.5000000e-01 1.8403635e+01 0.0000000e+00 
1.1250000e+01 1.4610363e+01 0.0000000e+00 
1.0500000e+01 1.5184971e+01 0.0000000e+00 
1.2000000e+01 1.4050141e+01 0.0000000e+00 
5.2500000e+00 1.7777147e+01 0.0000000e+00 
9.7500000e+00 1.5773819e+01 0.0000000e+00 
0.0000000e+00 1.8562500e+01 0.0000000e+00 
1.2750000e+01 1.3505031e+01 0.0000000e+00 
7.5000000e+00 1.7019173e+01 0.0000000e+00 
9.0000000e+00 1.6377317e+01 0.0000000e+00 
6.0000000e+00 1.7718214e+01 0.0000000e+00 
1.3500000e+01 1.2976351e+01 0.0000000e+00 
8.2500000e+00 1.6996393e+01 0.0000000e+00 
6.7500000e+00 1.7670174e+01 0.0000000e+00 
3.0000000e+00 1.8677864e+01 0.0000000e+00 
1.1250000e+01 1.5211147e+01 0.0000000e+00 
2.2500000e+00 1.8796337e+01 0.0000000e+00 
1.2000000e+01 1.4649956e+01 0.0000000e+00 
3.7500000e+00 1.8574041e+01 0.0000000e+00 
1.0500000e+01 1.5786932e+01 0.0000000e+00 
1.5000000e+00 1.8930471e+01 0.0000000e+00 
1.2750000e+01 1.4103920e+01 0.0000000e+00 
4.5000000e+00 1.8483915e+01 0.0000000e+00 
9.7500000e+00 1.6377317e+01 0.0000000e+00 
7.5000000e-01 1.9081329e+01 0.0000000e+00 
5.2500000e+00 1.8406603e+01 0.0000000e+00 
1.3500000e+01 1.3574187e+01 0.0000000e+00 
7.5000000e+00 1.7632446e+01 0.0000000e+00 
9.0000000e+00 1.6982847e+01 0.0000000e+00 
0.0000000e+00 1.9250000e+01 0.0000000e+00 
6.0000000e+00 1.8341301e+01 0.0000000e+00 
1.4250000e+01 1.3062500e+01 0.0000000e+00 
1.2000000e+01 1.5246646e+01 0.0000000e+00 
1.1250000e+01 1.5808999e+01 0.0000000e+00 
8.2500000e+00 1.7604568e+01 0.0000000e+00 
1.2750000e+01 1.4699529e+01 0.0000000e+00 
1.0500000e+01 1.6386185e+01 0.0000000e+00 
6.7500000e+00 1.8287298e+01 0.0000000e+00 
3.0000000e+00 1.9328655e+01 0.0000000e+00 
1.3500000e+01 1.4168624e+01 0.0000000e+00 
9.7500000e+00 1.6978354e+01 0.0000000e+00 
3.7500000e+00 1.9216885e+01 0.0000000e+00 
2.2500000e+00 1.9455570e+01 0.0000000e+00 
4.5000000e+00 1.9119295e+01 0.0000000e+00 
1.5000000e+00 1.9598644e+01 0.0000000e+00 
7.5000000e+00 1.8243979e+01 0.0000000e+00 
1.4250000e+01 1.3655497e+01 0.0000000e+00 
5.2500000e+00 1.9034985e+01 0.0000000e+00 
9.0000000e+00 1.7586180e+01 0.0000000e+00 
7.5000000e-01 1.9758928e+01 0.0000000e+00 
1.2000000e+01 1.5840332e+01 0.0000000e+00 
6.0000000e+00 1.8963125e+01 0.0000000e+00 
1.1250000e+01 1.6404039e+01 0.0000000e+00 
1.2750000e+01 1.5291972e+01 0.0000000e+00 
0.0000000e+00 1.9937500e+01 0.0000000e+00 
1.0500000e+01 1.6982847e+01 0.0000000e+00 
8.2500000e+00 1.8210827e+01 0.0000000e+00 
1.3500000e+01 1.4759772e+01 0.0000000e+00 
6.7500000e+00 1.8902977e+01 0.0000000e+00 
9.7500000e+00 1.7577047e+01 0.0000000e+00 
1.4250000e+01 1.4245124e+01 0.0000000e+00 
3.0000000e+00 1.9978989e+01 0.0000000e+00 
3.7500000e+00 1.9859106e+01 0.0000000e+00 
2.2500000e+00 2.0114492e+01 0.0000000e+00 
4.5000000e+00 1.9753878e+01 0.0000000e+00 
7.5000000e+00 1.8853882e+01 0.0000000e+00 
9.0000000e+00 1.8187439e+01 0.0000000e+00 
1.5000000e+00 2.0266634e+01 0.0000000e+00 
1.2000000e+01 1.6431133e+01 0.0000000e+00 
1.5000000e+01 1.3750000e+01 0.0000000e+00 
5.2500000e+00 1.9662390e+01 0.0000000e+00 
1.2750000e+01 1.5881369e+01 0.0000000e+00 
1.1250000e+01 1.6996393e+01 0.0000000e+00 
1.3500000e+01 1.5347747e+01 0.0000000e+00 
7.5000000e-01 2.0436451e+01 0.0000000e+00 
1.0500000e+01 1.7577047e+01 0.0000000e+00 
6.0000000e+00 1.9583794e+01 0.0000000e+00 
8.2500000e+00 1.8815289e+01 0.0000000e+00 
1.4250000e+01 1.4831490e+01 0.0000000e+00 
9.7500000e+00 1.8173525e+01 0.0000000e+00 
0.0000000e+00 2.0625000e+01 0.0000000e+00 
6.7500000e+00 1.9517319e+01 0.0000000e+00 
1.5000000e+01 1.4334394e+01 0.0000000e+00 
1.2000000e+01 1.7019173e+01 0.0000000e+00 
1.2750000e+01 1.6467834e+01 0.0000000e+00 
9.0000000e+00 1.8786745e+01 0.0000000e+00 
3.7500000e+00 2.0500782e+01 0.0000000e+00 
3.0000000e+00 2.0628925e+01 0.0000000e+00 
7.5000000e+00 1.9462276e+01 0.0000000e+00 
1.1250000e+01 1.7586180e+01 0.0000000e+00 
4.5000000e+00 2.0387754e+01 0.0000000e+00 
1.3500000e+01 1.5932661e+01 0.0000000e+00 
2.2500000e+00 2.0773155e+01 0.0000000e+00 
5.2500000e+00 2.0288919e+01 0.0000000e+00 
1.0500000e+01 1.8168905e+01 0.0000000e+00 
1.5000000e+00 2.0934477e+01 0.0000000e+00 
1.4250000e+01 1.5414704e+01 0.0000000e+00 
6.0000000e+00 2.0203411e+01 0.0000000e+00 
8.2500000e+00 1.9418076e+01 0.0000000e+00 
7.5000000e-01 2.1113914e+01 0.0000000e+00 
9.7500000e+00 1.8767906e+01 0.0000000e+00 
1.5000000e+01 1.4915586e+01 0.0000000e+00 
6.7500000e+00 2.0130436e+01 0.0000000e+00 
1.2750000e+01 1.7051489e+01 0.0000000e+00 
1.2000000e+01 1.7604568e+01 0.0000000e+00 
0.0000000e+00 2.1312500e+01 0.0000000e+00 
1.3500000e+01 1.6514627e+01 0.0000000e+00 
1.5750000e+01 1.4437500e+01 0.0000000e+00 
9.0000000e+00 1.9384220e+01 0.0000000e+00 
1.1250000e+01 1.8173525e+01 0.0000000e+00 
1.4250000e+01 1.5994875e+01 0.0000000e+00 
7.5000000e+00 2.0069279e+01 0.0000000e+00 
3.7500000e+00 2.1141991e+01 0.0000000e+00 
3.0000000e+00 2.1278534e+01 0.0000000e+00 
4.5000000e+00 2.1021011e+01 0.0000000e+00 
1.0500000e+01 1.8758547e+01 0.0000000e+00 
2.2500000e+00 2.1431610e+01 0.0000000e+00 
5.2500000e+00 2.0914667e+01 0.0000000e+00 
1.5000000e+01 1.5493682e+01 0.0000000e+00 
8.2500000e+00 2.0019306e+01 0.0000000e+00 
1.5000000e+00 2.1602213e+01 0.0000000e+00 
6.0000000e+00 2.0822083e+01 0.0000000e+00 
9.7500000e+00 1.9360319e+01 0.0000000e+00 
1.5750000e+01 1.5013062e+01 0.0000000e+00 
1.2750000e+01 1.7632446e+01 0.0000000e+00 
1.3500000e+01 1.7093760e+01 0.0000000e+00 
1.2000000e+01 1.8187439e+01 0.0000000e+00 
7.5000000e-01 2.1791342e+01 0.0000000e+00 
6.7500000e+00 2.0742441e+01 0.0000000e+00 
1.4250000e+01 1.6572111e+01 0.0000000e+00 
1.1250000e+01 1.8758547e+01 0.0000000e+00 
9.0000000e+00 1.9979986e+01 0.0000000e+00 
1.5000000e+01 1.6068781e+01 0.0000000e+00 
7.5000000e+00 2.0675001e+01 0.0000000e+00 
0.0000000e+00 2.2000000e+01 0.0000000e+00 
1.0500000e+01 1.9346092e+01 0.0000000e+00 
3.7500000e+00 2.1782810e+01 0.0000000e+00 
4.5000000e+00 2.1653738e+01 0.0000000e+00 
3.0000000e+00 2.1927881e+01 0.0000000e+00 
1.5750000e+01 1.5585613e+01 0.0000000e+00 
5.2500000e+00 2.1539734e+01 0.0000000e+00 
2.2500000e+00 2.2089911e+01 0.0000000e+00 
9.7500000e+00 1.9950884e+01 0.0000000e+00 
8.2500000e+00 2.0619101e+01 0.0000000e+00 
1.2750000e+01 1.8210827e+01 0.0000000e+00 
1.3500000e+01 1.7670174e+01 0.0000000e+00 
6.0000000e+00 2.1439913e+01 0.0000000e+00 
1.2000000e+01 1.8767906e+01 0.0000000e+00 
1.4250000e+01 1.7146521e+01 0.0000000e+00 
1.5000000e+00 2.2269875e+01 0.0000000e+00 
1.1250000e+01 1.9341370e+01 0.0000000e+00 
1.6500000e+01 1.5125000e+01 0.0000000e+00 
6.7500000e+00 2.1353443e+01 0.0000000e+00 
1.5000000e+01 1.6640991e+01 0.0000000e+00 
9.0000000e+00 2.0574165e+01 0.0000000e+00 
7.5000000e-01 2.2468750e+01 0.0000000e+00 
1.0500000e+01 1.9931667e+01 0.0000000e+00 
1.5750000e+01 1.6155251e+01 0.0000000e+00 
7.5000000e+00 2.1279562e+01 0.0000000e+00 
0.0000000e+00 2.2687500e+01 0.0000000e+00 
1.3500000e+01 1.8243979e+01 0.0000000e+00 
1.2750000e+01 1.8786745e+01 0.0000000e+00 
3.7500000e+00 2.2423317e+01 0.0000000e+00 
4.5000000e+00 2.2286020e+01 0.0000000e+00 
9.7500000e+00 2.0539722e+01 0.0000000e+00 
1.4250000e+01 1.7718214e+01 0.0000000e+00 
8.2500000e+00 2.1217577e+01 0.0000000e+00 
1.2000000e+01 1.9346092e+01 0.0000000e+00 
1.6500000e+01 1.5691521e+01 0.0000000e+00 
3.0000000e+00 2.2577030e+01 0.0000000e+00 
5.2500000e+00 2.2164213e+01 0.0000000e+00 
1.5000000e+01 1.7210411e+01 0.0000000e+00 
6.0000000e+00 2.2057007e+01 0.0000000e+00 
2.2500000e+00 2.2748106e+01 0.0000000e+00 
1.1250000e+01 1.9922115e+01 0.0000000e+00 
1.5750000e+01 1.6722071e+01 0.0000000e+00 
6.7500000e+00 2.1963554e+01 0.0000000e+00 
1.5000000e+00 2.2937500e+01 0.0000000e+00 
9.0000000e+00 2.1166882e+01 0.0000000e+00 
1.0500000e+01 2.0515392e+01 0.0000000e+00 
7.5000000e+00 2.1883078e+01 0.0000000e+00 
1.3500000e+01 1.8815289e+01 0.0000000e+00 
7.5000000e-01 2.3146158e+01 0.0000000e+00 
1.6500000e+01 1.6255239e+01 0.0000000e+00 
1.2750000e+01 1.9360319e+01 0.0000000e+00 
1.4250000e+01 1.8287298e+01 0.0000000e+00 
1.2000000e+01 1.9922115e+01 0.0000000e+00 
1.5000000e+01 1.7777147e+01 0.0000000e+00 
9.7500000e+00 2.1126961e+01 0.0000000e+00 
8.2500000e+00 2.1814856e+01 0.0000000e+00 
4.5000000e+00 2.2917950e+01 0.0000000e+00 
3.7500000e+00 2.3063591e+01 0.0000000e+00 
0.0000000e+00 2.3375000e+01 0.0000000e+00 
1.1250000e+01 2.0500904e+01 0.0000000e+00 
5.2500000e+00 2.2788206e+01 0.0000000e+00 
1.5750000e+01 1.7286171e+01 0.0000000e+00 
1.7250000e+01 1.5812500e+01 0.0000000e+00 
3.0000000e+00 2.3226048e+01 0.0000000e+00 
6.0000000e+00 2.2673470e+01 0.0000000e+00 
2.2500000e+00 2.3406250e+01 0.0000000e+00 
9.0000000e+00 2.1758255e+01 0.0000000e+00 
1.6500000e+01 1.6816248e+01 0.0000000e+00 
6.7500000e+00 2.2572887e+01 0.0000000e+00 
1.0500000e+01 2.1097395e+01 0.0000000e+00 
1.3500000e+01 1.9384220e+01 0.0000000e+00 
1.4250000e+01 1.8853882e+01 0.0000000e+00 
1.5000000e+00 2.3605125e+01 0.0000000e+00 
1.2750000e+01 1.9931667e+01 0.0000000e+00 
1.5000000e+01 1.8341301e+01 0.0000000e+00 
7.5000000e+00 2.2485662e+01 0.0000000e+00 
1.2000000e+01 2.0496094e+01 0.0000000e+00 
1.7250000e+01 1.6369787e+01 0.0000000e+00 
9.7500000e+00 2.1712721e+01 0.0000000e+00 
1.5750000e+01 1.7847649e+01 0.0000000e+00 
7.5000000e-01 2.3823586e+01 0.0000000e+00 
8.2500000e+00 2.2411058e+01 0.0000000e+00 
1.1250000e+01 2.1077862e+01 0.0000000e+00 
1.6500000e+01 1.7374638e+01 0.0000000e+00 
4.5000000e+00 2.3549614e+01 0.0000000e+00 
5.2500000e+00 2.3411808e+01 0.0000000e+00 
3.7500000e+00 2.3703711e+01 0.0000000e+00 
6.0000000e+00 2.3289406e+01 0.0000000e+00 
0.0000000e+00 2.4062500e+01 0.0000000e+00 
3.0000000e+00 2.3875000e+01 0.0000000e+00 
1.4250000e+01 1.9418076e+01 0.0000000e+00 
1.0500000e+01 2.1677794e+01 0.0000000e+00 
1.3500000e+01 1.9950884e+01 0.0000000e+00 
9.0000000e+00 2.2348408e+01 0.0000000e+00 
1.5000000e+01 1.8902977e+01 0.0000000e+00 
1.2750000e+01 2.0500904e+01 0.0000000e+00 
6.7500000e+00 2.3181551e+01 0.0000000e+00 
1.7250000e+01 1.6924503e+01 0.0000000e+00 
2.2500000e+00 2.4064394e+01 0.0000000e+00 
1.5750000e+01 1.8406603e+01 0.0000000e+00 
1.2000000e+01 2.1068150e+01 0.0000000e+00 
7.5000000e+00 2.3087435e+01 0.0000000e+00 
1.5000000e+00 2.4272787e+01 0.0000000e+00 
9.7500000e+00 2.2297127e+01 0.0000000e+00 
1.6500000e+01 1.7930496e+01 0.0000000e+00 
1.1250000e+01 2.1653111e+01 0.0000000e+00 
1.8000000e+01 1.6500000e+01 0.0000000e+00 
8.2500000e+00 2.3006302e+01 0.0000000e+00 
7.5000000e-01 2.4501049e+01 0.0000000e+00 
1.4250000e+01 1.9979986e+01 0.0000000e+00 
1.7250000e+01 1.7476728e+01 0.0000000e+00 
1.3500000e+01 2.0515392e+01 0.0000000e+00 
1.5000000e+01 1.9462276e+01 0.0000000e+00 
4.5000000e+00 2.4181101e+01 0.0000000e+00 
5.2500000e+00 2.4035118e+01 0.0000000e+00 
1.0500000e+01 2.2256716e+01 0.0000000e+00 
1.2750000e+01 2.1068150e+01 0.0000000e+00 
3.7500000e+00 2.4343750e+01 0.0000000e+00 
9.0000000e+00 2.2937462e+01 0.0000000e+00 
6.0000000e+00 2.3904922e+01 0.0000000e+00 
1.5750000e+01 1.8963125e+01 0.0000000e+00 
3.0000000e+00 2.4523952e+01 0.0000000e+00 
6.7500000e+00 2.3789660e+01 0.0000000e+00 
1.2000000e+01 2.1638405e+01 0.0000000e+00 
0.0000000e+00 2.4750000e+01 0.0000000e+00 
1.6500000e+01 1.8483915e+01 0.0000000e+00 
1.8000000e+01 1.7047884e+01 0.0000000e+00 
2.2500000e+00 2.4722589e+01 0.0000000e+00 
7.5000000e+00 2.3688511e+01 0.0000000e+00 
9.7500000e+00 2.2880299e+01 0.0000000e+00 
1.1250000e+01 2.2226768e+01 0.0000000e+00 
1.7250000e+01 1.8026546e+01 0.0000000e+00 
1.5000000e+00 2.4940523e+01 0.0000000e+00 
1.4250000e+01 2.0539722e+01 0.0000000e+00 
8.2500000e+00 2.3600708e+01 0.0000000e+00 
1.5000000e+01 2.0019306e+01 0.0000000e+00 
1.3500000e+01 2.1077862e+01 0.0000000e+00 
1.5750000e+01 1.9517319e+01 0.0000000e+00 
1.2750000e+01 2.1633520e+01 0.0000000e+00 
1.0500000e+01 2.2834280e+01 0.0000000e+00 
1.8000000e+01 1.7593439e+01 0.0000000e+00 
9.0000000e+00 2.3525539e+01 0.0000000e+00 
7.5000000e-01 2.5178572e+01 0.0000000e+00 
1.6500000e+01 1.9034985e+01 0.0000000e+00 
5.2500000e+00 2.4658234e+01 0.0000000e+00 
4.5000000e+00 2.4812500e+01 0.0000000e+00 
1.2000000e+01 2.2206978e+01 0.0000000e+00 
6.0000000e+00 2.4520124e+01 0.0000000e+00 
3.7500000e+00 2.4983789e+01 0.0000000e+00 
6.7500000e+00 2.4397322e+01 0.0000000e+00 
1.7250000e+01 1.8574041e+01 0.0000000e+00 
3.0000000e+00 2.5172970e+01 0.0000000e+00 
9.7500000e+00 2.3462364e+01 0.0000000e+00 
7.5000000e+00 2.4289005e+01 0.0000000e+00 
1.1250000e+01 2.2798960e+01 0.0000000e+00 
1.8750000e+01 1.7187500e+01 0.0000000e+00 
0.0000000e+00 2.5437500e+01 0.0000000e+00 
1.4250000e+01 2.1097395e+01 0.0000000e+00 
1.5000000e+01 2.0574165e+01 0.0000000e+00 
2.2500000e+00 2.5380890e+01 0.0000000e+00 
1.3500000e+01 2.1638405e+01 0.0000000e+00 
1.5750000e+01 2.0069279e+01 0.0000000e+00 
1.8000000e+01 1.8136740e+01 0.0000000e+00 
8.2500000e+00 2.4194395e+01 0.0000000e+00 
1.2750000e+01 2.2197134e+01 0.0000000e+00 
1.6500000e+01 1.9583794e+01 0.0000000e+00 
1.5000000e+00 2.5608366e+01 0.0000000e+00 
1.0500000e+01 2.3410614e+01 0.0000000e+00 
9.0000000e+00 2.4112764e+01 0.0000000e+00 
1.2000000e+01 2.2773987e+01 0.0000000e+00 
1.7250000e+01 1.9119295e+01 0.0000000e+00 
1.8750000e+01 1.7725826e+01 0.0000000e+00 
5.2500000e+00 2.5281250e+01 0.0000000e+00 
4.5000000e+00 2.5443899e+01 0.0000000e+00 
6.0000000e+00 2.5135115e+01 0.0000000e+00 
7.5000000e-01 2.5856171e+01 0.0000000e+00 
3.7500000e+00 2.5623909e+01 0.0000000e+00 
6.7500000e+00 2.5004650e+01 0.0000000e+00 
1.5000000e+01 2.1126961e+01 0.0000000e+00 
1.4250000e+01 2.1653111e+01 0.0000000e+00 
1.1250000e+01 2.3369808e+01 0.0000000e+00 
1.8000000e+01 1.8677864e+01 0.0000000e+00 
9.7500000e+00 2.4043444e+01 0.0000000e+00 
1.5750000e+01 2.0619101e+01 0.0000000e+00 
1.3500000e+01 2.2197134e+01 0.0000000e+00 
7.5000000e+00 2.4889036e+01 0.0000000e+00 
3.0000000e+00 2.5822119e+01 0.0000000e+00 
1.6500000e+01 2.0130436e+01 0.0000000e+00 
1.2750000e+01 2.2759106e+01 0.0000000e+00 
8.2500000e+00 2.4787485e+01 0.0000000e+00 
0.0000000e+00 2.6125000e+01 0.0000000e+00 
2.2500000e+00 2.6039345e+01 0.0000000e+00 
1.7250000e+01 1.9662390e+01 0.0000000e+00 
1.8750000e+01 1.8262083e+01 0.0000000e+00 
1.0500000e+01 2.3985840e+01 0.0000000e+00 
1.2000000e+01 2.3339556e+01 0.0000000e+00 
9.0000000e+00 2.4699255e+01 0.0000000e+00 
1.5000000e+00 2.6276356e+01 0.0000000e+00 
1.8000000e+01 1.9216885e+01 0.0000000e+00 
1.5000000e+01 2.1677794e+01 0.0000000e+00 
1.5750000e+01 2.1166882e+01 0.0000000e+00 
1.4250000e+01 2.2206978e+01 0.0000000e+00 
5.2500000e+00 2.5904266e+01 0.0000000e+00 
6.0000000e+00 2.5750000e+01 0.0000000e+00 
1.1250000e+01 2.3939436e+01 0.0000000e+00 
1.6500000e+01 2.0675001e+01 0.0000000e+00 
1.9500000e+01 1.7875000e+01 0.0000000e+00 
1.3500000e+01 2.2754162e+01 0.0000000e+00 
4.5000000e+00 2.6075386e+01 0.0000000e+00 
9.7500000e+00 2.4623659e+01 0.0000000e+00 
6.7500000e+00 2.5611755e+01 0.0000000e+00 
3.7500000e+00 2.6264183e+01 0.0000000e+00 
7.5000000e-01 2.6533865e+01 0.0000000e+00 
1.8750000e+01 1.8796337e+01 0.0000000e+00 
1.7250000e+01 2.0203411e+01 0.0000000e+00 
7.5000000e+00 2.5488718e+01 0.0000000e+00 
1.2750000e+01 2.3319553e+01 0.0000000e+00 
3.0000000e+00 2.6471466e+01 0.0000000e+00 
8.2500000e+00 2.5380095e+01 0.0000000e+00 
1.0500000e+01 2.4560078e+01 0.0000000e+00 
1.8000000e+01 1.9753878e+01 0.0000000e+00 
1.2000000e+01 2.3903801e+01 0.0000000e+00 
2.2500000e+00 2.6698008e+01 0.0000000e+00 
0.0000000e+00 2.6812500e+01 0.0000000e+00 
1.9500000e+01 1.8403635e+01 0.0000000e+00 
1.5000000e+01 2.2226768e+01 0.0000000e+00 
1.5750000e+01 2.1712721e+01 0.0000000e+00 
9.0000000e+00 2.5285135e+01 0.0000000e+00 
1.4250000e+01 2.2759106e+01 0.0000000e+00 
1.6500000e+01 2.1217577e+01 0.0000000e+00 
1.8750000e+01 1.9328655e+01 0.0000000e+00 
1.3500000e+01 2.3309603e+01 0.0000000e+00 
1.1250000e+01 2.4507961e+01 0.0000000e+00 
1.7250000e+01 2.0742441e+01 0.0000000e+00 
1.5000000e+00 2.6944529e+01 0.0000000e+00 
9.7500000e+00 2.5203136e+01 0.0000000e+00 
6.0000000e+00 2.6364885e+01 0.0000000e+00 
5.2500000e+00 2.6527382e+01 0.0000000e+00 
1.2750000e+01 2.3878595e+01 0.0000000e+00 
6.7500000e+00 2.6218750e+01 0.0000000e+00 
4.5000000e+00 2.6707050e+01 0.0000000e+00 
1.8000000e+01 2.0288919e+01 0.0000000e+00 
7.5000000e+00 2.6088167e+01 0.0000000e+00 
3.7500000e+00 2.6904690e+01 0.0000000e+00 
1.9500000e+01 1.8930471e+01 0.0000000e+00 
7.5000000e-01 2.7211674e+01 0.0000000e+00 
1.0500000e+01 2.5133453e+01 0.0000000e+00 
8.2500000e+00 2.5972347e+01 0.0000000e+00 
1.2000000e+01 2.4466846e+01 0.0000000e+00 
1.5750000e+01 2.2256716e+01 0.0000000e+00 
1.5000000e+01 2.2773987e+01 0.0000000e+00 
3.0000000e+00 2.7121075e+01 0.0000000e+00 
1.6500000e+01 2.1758255e+01 0.0000000e+00 
1.8750000e+01 1.9859106e+01 0.0000000e+00 
1.4250000e+01 2.3309603e+01 0.0000000e+00 
9.0000000e+00 2.5870529e+01 0.0000000e+00 
1.7250000e+01 2.1279562e+01 0.0000000e+00 
1.3500000e+01 2.3863571e+01 0.0000000e+00 
2.2500000e+00 2.7356930e+01 0.0000000e+00 
2.0250000e+01 1.8562500e+01 0.0000000e+00 
1.1250000e+01 2.5075512e+01 0.0000000e+00 
0.0000000e+00 2.7500000e+01 0.0000000e+00 
1.8000000e+01 2.0822083e+01 0.0000000e+00 
1.9500000e+01 1.9455570e+01 0.0000000e+00 
1.2750000e+01 2.4436348e+01 0.0000000e+00 
9.7500000e+00 2.5782000e+01 0.0000000e+00 
6.0000000e+00 2.6979876e+01 0.0000000e+00 
5.2500000e+00 2.7150692e+01 0.0000000e+00 
1.5000000e+00 2.7612917e+01 0.0000000e+00 
6.7500000e+00 2.6825745e+01 0.0000000e+00 
1.8750000e+01 2.0387754e+01 0.0000000e+00 
4.5000000e+00 2.7338980e+01 0.0000000e+00 
1.5750000e+01 2.2798960e+01 0.0000000e+00 
7.5000000e+00 2.6687500e+01 0.0000000e+00 
1.5000000e+01 2.3319553e+01 0.0000000e+00 
1.6500000e+01 2.2297127e+01 0.0000000e+00 
1.2000000e+01 2.5028809e+01 0.0000000e+00 
1.0500000e+01 2.5706091e+01 0.0000000e+00 
1.4250000e+01 2.3858580e+01 0.0000000e+00 
3.7500000e+00 2.7545509e+01 0.0000000e+00 
1.7250000e+01 2.1814856e+01 0.0000000e+00 
8.2500000e+00 2.6564358e+01 0.0000000e+00 
2.0250000e+01 1.9081329e+01 0.0000000e+00 
7.5000000e-01 2.7889616e+01 0.0000000e+00 
1.3500000e+01 2.4416178e+01 0.0000000e+00 
1.9500000e+01 1.9978989e+01 0.0000000e+00 
1.8000000e+01 2.1353443e+01 0.0000000e+00 
3.0000000e+00 2.7771011e+01 0.0000000e+00 
9.0000000e+00 2.6455557e+01 0.0000000e+00 
1.1250000e+01 2.5642206e+01 0.0000000e+00 
1.2750000e+01 2.4992928e+01 0.0000000e+00 
1.8750000e+01 2.0914667e+01 0.0000000e+00 
9.7500000e+00 2.6360367e+01 0.0000000e+00 
2.2500000e+00 2.8016163e+01 0.0000000e+00 
1.5750000e+01 2.3339556e+01 0.0000000e+00 
1.6500000e+01 2.2834280e+01 0.0000000e+00 
2.0250000e+01 1.9598644e+01 0.0000000e+00 
1.5000000e+01 2.3863571e+01 0.0000000e+00 
0.0000000e+00 2.8187500e+01 0.0000000e+00 
1.7250000e+01 2.2348408e+01 0.0000000e+00 
6.0000000e+00 2.7595078e+01 0.0000000e+00 
6.7500000e+00 2.7432850e+01 0.0000000e+00 
1.4250000e+01 2.4406143e+01 0.0000000e+00 
1.2000000e+01 2.5589811e+01 0.0000000e+00 
5.2500000e+00 2.7774294e+01 0.0000000e+00 
1.9500000e+01 2.0500782e+01 0.0000000e+00 
1.0500000e+01 2.6278112e+01 0.0000000e+00 
7.5000000e+00 2.7286833e+01 0.0000000e+00 
1.5000000e+00 2.8281561e+01 0.0000000e+00 
4.5000000e+00 2.7971262e+01 0.0000000e+00 
1.8000000e+01 2.1883078e+01 0.0000000e+00 
8.2500000e+00 2.7156250e+01 0.0000000e+00 
1.3500000e+01 2.4967539e+01 0.0000000e+00 
3.7500000e+00 2.8186718e+01 0.0000000e+00 
1.8750000e+01 2.1439913e+01 0.0000000e+00 
2.1000000e+01 1.9250000e+01 0.0000000e+00 
9.0000000e+00 2.7040339e+01 0.0000000e+00 
1.1250000e+01 2.6208166e+01 0.0000000e+00 
2.0250000e+01 2.0114492e+01 0.0000000e+00 
1.2750000e+01 2.5548454e+01 0.0000000e+00 
7.5000000e-01 2.8567713e+01 0.0000000e+00 
3.0000000e+00 2.8421345e+01 0.0000000e+00 
1.5750000e+01 2.3878595e+01 0.0000000e+00 
1.6500000e+01 2.3369808e+01 0.0000000e+00 
1.5000000e+01 2.4406143e+01 0.0000000e+00 
9.7500000e+00 2.6938368e+01 0.0000000e+00 
1.7250000e+01 2.2880299e+01 0.0000000e+00 
1.9500000e+01 2.1021011e+01 0.0000000e+00 
1.4250000e+01 2.4952400e+01 0.0000000e+00 
1.8000000e+01 2.2411058e+01 0.0000000e+00 
2.2500000e+00 2.8675760e+01 0.0000000e+00 
1.2000000e+01 2.6149971e+01 0.0000000e+00 
1.0500000e+01 2.6849640e+01 0.0000000e+00 
2.1000000e+01 1.9758928e+01 0.0000000e+00 
6.7500000e+00 2.8040178e+01 0.0000000e+00 
6.0000000e+00 2.8210594e+01 0.0000000e+00 
1.3500000e+01 2.5517765e+01 0.0000000e+00 
0.0000000e+00 2.8875000e+01 0.0000000e+00 
7.5000000e+00 2.7886282e+01 0.0000000e+00 
1.8750000e+01 2.1963554e+01 0.0000000e+00 
5.2500000e+00 2.8398287e+01 0.0000000e+00 
2.0250000e+01 2.0628925e+01 0.0000000e+00 
8.2500000e+00 2.7748142e+01 0.0000000e+00 
4.5000000e+00 2.8603989e+01 0.0000000e+00 
1.5000000e+00 2.8950497e+01 0.0000000e+00 
1.1250000e+01 2.6773516e+01 0.0000000e+00 
1.6500000e+01 2.3903801e+01 0.0000000e+00 
1.2750000e+01 2.6103041e+01 0.0000000e+00 
9.0000000e+00 2.7625000e+01 0.0000000e+00 
1.9500000e+01 2.1539734e+01 0.0000000e+00 
1.5750000e+01 2.4416178e+01 0.0000000e+00 
3.7500000e+00 2.8828394e+01 0.0000000e+00 
1.7250000e+01 2.3410614e+01 0.0000000e+00 
1.5000000e+01 2.4947371e+01 0.0000000e+00 
1.8000000e+01 2.2937462e+01 0.0000000e+00 
2.1000000e+01 2.0266634e+01 0.0000000e+00 
9.7500000e+00 2.7516121e+01 0.0000000e+00 
1.4250000e+01 2.5497465e+01 0.0000000e+00 
3.0000000e+00 2.9072136e+01 0.0000000e+00 
7.5000000e-01 2.9245979e+01 0.0000000e+00 
2.0250000e+01 2.1141991e+01 0.0000000e+00 
1.8750000e+01 2.2485662e+01 0.0000000e+00 
1.2000000e+01 2.6709410e+01 0.0000000e+00 
1.3500000e+01 2.6066973e+01 0.0000000e+00 
1.0500000e+01 2.7420799e+01 0.0000000e+00 
2.2500000e+00 2.9335772e+01 0.0000000e+00 
6.7500000e+00 2.8647840e+01 0.0000000e+00 
1.9500000e+01 2.2057007e+01 0.0000000e+00 
6.0000000e+00 2.8826530e+01 0.0000000e+00 
7.5000000e+00 2.8485964e+01 0.0000000e+00 
1.6500000e+01 2.4436348e+01 0.0000000e+00 
5.2500000e+00 2.9022766e+01 0.0000000e+00 
2.1750000e+01 1.9937500e+01 0.0000000e+00 
1.7250000e+01 2.3939436e+01 0.0000000e+00 
1.5750000e+01 2.4952400e+01 0.0000000e+00 
8.2500000e+00 2.8340153e+01 0.0000000e+00 
2.1000000e+01 2.0773155e+01 0.0000000e+00 
1.2750000e+01 2.6656809e+01 0.0000000e+00 
0.0000000e+00 2.9562500e+01 0.0000000e+00 
1.1250000e+01 2.7338377e+01 0.0000000e+00 
1.8000000e+01 2.3462364e+01 0.0000000e+00 
1.5000000e+01 2.5487362e+01 0.0000000e+00 
4.5000000e+00 2.9237246e+01 0.0000000e+00 
9.0000000e+00 2.8209661e+01 0.0000000e+00 
2.0250000e+01 2.1653738e+01 0.0000000e+00 
1.5000000e+00 2.9619761e+01 0.0000000e+00 
1.8750000e+01 2.3006302e+01 0.0000000e+00 
1.4250000e+01 2.6041441e+01 0.0000000e+00 
3.7500000e+00 2.9470615e+01 0.0000000e+00 
9.7500000e+00 2.8093750e+01 0.0000000e+00 
1.2000000e+01 2.7268250e+01 0.0000000e+00 
1.9500000e+01 2.2572887e+01 0.0000000e+00 
1.3500000e+01 2.6615271e+01 0.0000000e+00 
2.1750000e+01 2.0436451e+01 0.0000000e+00 
3.0000000e+00 2.9723454e+01 0.0000000e+00 
2.1000000e+01 2.1278534e+01 0.0000000e+00 
1.0500000e+01 2.7991711e+01 0.0000000e+00 
1.6500000e+01 2.4967539e+01 0.0000000e+00 
7.5000000e-01 2.9924438e+01 0.0000000e+00 
1.7250000e+01 2.4466846e+01 0.0000000e+00 
1.5750000e+01 2.5487362e+01 0.0000000e+00 
1.8000000e+01 2.3985840e+01 0.0000000e+00 
2.0250000e+01 2.2164213e+01 0.0000000e+00 
6.7500000e+00 2.9255949e+01 0.0000000e+00 
7.5000000e+00 2.9085995e+01 0.0000000e+00 
1.5000000e+01 2.6026217e+01 0.0000000e+00 
6.0000000e+00 2.9442993e+01 0.0000000e+00 
1.2750000e+01 2.7209873e+01 0.0000000e+00 
2.2500000e+00 2.9996252e+01 0.0000000e+00 
1.8750000e+01 2.3525539e+01 0.0000000e+00 
1.1250000e+01 2.7902872e+01 0.0000000e+00 
8.2500000e+00 2.8932405e+01 0.0000000e+00 
5.2500000e+00 2.9647833e+01 0.0000000e+00 
1.4250000e+01 2.6584438e+01 0.0000000e+00 
9.0000000e+00 2.8794443e+01 0.0000000e+00 
2.1750000e+01 2.0934477e+01 0.0000000e+00 
4.5000000e+00 2.9871122e+01 0.0000000e+00 
1.9500000e+01 2.3087435e+01 0.0000000e+00 
0.0000000e+00 3.0250000e+01 0.0000000e+00 
2.1000000e+01 2.1782810e+01 0.0000000e+00 
9.7500000e+00 2.8671379e+01 0.0000000e+00 
1.2000000e+01 2.7826609e+01 0.0000000e+00 
1.5000000e+00 3.0289387e+01 0.0000000e+00 
1.3500000e+01 2.7162777e+01 0.0000000e+00 
3.7500000e+00 3.0113459e+01 0.0000000e+00 
1.7250000e+01 2.4992928e+01 0.0000000e+00 
1.6500000e+01 2.5497465e+01 0.0000000e+00 
2.0250000e+01 2.2673470e+01 0.0000000e+00 
1.8000000e+01 2.4507961e+01 0.0000000e+00 
1.5750000e+01 2.6021156e+01 0.0000000e+00 
1.0500000e+01 2.8562500e+01 0.0000000e+00 
1.8750000e+01 2.4043444e+01 0.0000000e+00 
1.5000000e+01 2.6564037e+01 0.0000000e+00 
2.2500000e+01 2.0625000e+01 0.0000000e+00 
3.0000000e+00 3.0375362e+01 0.0000000e+00 
2.1750000e+01 2.1431610e+01 0.0000000e+00 
1.2750000e+01 2.7762352e+01 0.0000000e+00 
1.1250000e+01 2.8467121e+01 0.0000000e+00 
7.5000000e-01 3.0603106e+01 0.0000000e+00 
1.9500000e+01 2.3600708e+01 0.0000000e+00 
6.7500000e+00 2.9864613e+01 0.0000000e+00 
7.5000000e+00 2.9686489e+01 0.0000000e+00 
2.1000000e+01 2.2286020e+01 0.0000000e+00 
1.4250000e+01 2.7126568e+01 0.0000000e+00 
6.0000000e+00 3.0060087e+01 0.0000000e+00 
8.2500000e+00 2.9525015e+01 0.0000000e+00 
5.2500000e+00 3.0273581e+01 0.0000000e+00 
9.0000000e+00 2.9379471e+01 0.0000000e+00 
2.2500000e+00 3.0657249e+01 0.0000000e+00 
2.0250000e+01 2.3181551e+01 0.0000000e+00 
1.7250000e+01 2.5517765e+01 0.0000000e+00 
1.6500000e+01 2.6026217e+01 0.0000000e+00 
1.2000000e+01 2.8384605e+01 0.0000000e+00 
1.3500000e+01 2.7709604e+01 0.0000000e+00 
1.8000000e+01 2.5028809e+01 0.0000000e+00 
9.7500000e+00 2.9249132e+01 0.0000000e+00 
4.5000000e+00 3.0505705e+01 0.0000000e+00 
2.2500000e+01 2.1113914e+01 0.0000000e+00 
1.5750000e+01 2.6553883e+01 0.0000000e+00 
2.1750000e+01 2.1927881e+01 0.0000000e+00 
1.8750000e+01 2.4560078e+01 0.0000000e+00 
0.0000000e+00 3.0937500e+01 0.0000000e+00 
1.0500000e+01 2.9133289e+01 0.0000000e+00 
1.5000000e+01 2.7100929e+01 0.0000000e+00 
3.7500000e+00 3.0757004e+01 0.0000000e+00 
2.1000000e+01 2.2788206e+01 0.0000000e+00 
1.5000000e+00 3.0959414e+01 0.0000000e+00 
1.9500000e+01 2.4112764e+01 0.0000000e+00 
1.2750000e+01 2.8314362e+01 0.0000000e+00 
1.4250000e+01 2.7667934e+01 0.0000000e+00 
1.1250000e+01 2.9031250e+01 0.0000000e+00 
2.0250000e+01 2.3688511e+01 0.0000000e+00 
3.0000000e+00 3.1027929e+01 0.0000000e+00 
2.2500000e+01 2.1602213e+01 0.0000000e+00 
7.5000000e+00 3.0287565e+01 0.0000000e+00 
6.7500000e+00 3.0473946e+01 0.0000000e+00 
8.2500000e+00 3.0118105e+01 0.0000000e+00 
1.7250000e+01 2.6041441e+01 0.0000000e+00 
2.1750000e+01 2.2423317e+01 0.0000000e+00 
1.8000000e+01 2.5548454e+01 0.0000000e+00 
6.0000000e+00 3.0677917e+01 0.0000000e+00 
1.6500000e+01 2.6553883e+01 0.0000000e+00 
9.0000000e+00 2.9964865e+01 0.0000000e+00 
7.5000000e-01 3.1282003e+01 0.0000000e+00 
1.8750000e+01 2.5075512e+01 0.0000000e+00 
1.3500000e+01 2.8255863e+01 0.0000000e+00 
1.2000000e+01 2.8942362e+01 0.0000000e+00 
1.5750000e+01 2.7085638e+01 0.0000000e+00 
5.2500000e+00 3.0900110e+01 0.0000000e+00 
2.1000000e+01 2.3289406e+01 0.0000000e+00 
9.7500000e+00 2.9827133e+01 0.0000000e+00 
2.2500000e+00 3.1318819e+01 0.0000000e+00 
1.9500000e+01 2.4623659e+01 0.0000000e+00 
1.5000000e+01 2.7636995e+01 0.0000000e+00 
4.5000000e+00 3.1141085e+01 0.0000000e+00 
1.0500000e+01 2.9704201e+01 0.0000000e+00 
2.2500000e+01 2.2089911e+01 0.0000000e+00 
2.3250000e+01 2.1312500e+01 0.0000000e+00 
2.0250000e+01 2.4194395e+01 0.0000000e+00 
1.2750000e+01 2.8866020e+01 0.0000000e+00 
2.1750000e+01 2.2917950e+01 0.0000000e+00 
1.4250000e+01 2.8208651e+01 0.0000000e+00 
3.7500000e+00 3.1401329e+01 0.0000000e+00 
0.0000000e+00 3.1625000e+01 0.0000000e+00 
1.1250000e+01 2.9595379e+01 0.0000000e+00 
1.5000000e+00 3.1629877e+01 0.0000000e+00 
1.7250000e+01 2.6564037e+01 0.0000000e+00 
1.8000000e+01 2.6066973e+01 0.0000000e+00 
1.6500000e+01 2.7080555e+01 0.0000000e+00 
1.8750000e+01 2.5589811e+01 0.0000000e+00 
2.1000000e+01 2.3789660e+01 0.0000000e+00 
7.5000000e+00 3.0889338e+01 0.0000000e+00 
1.5750000e+01 2.7616518e+01 0.0000000e+00 
8.2500000e+00 3.0711792e+01 0.0000000e+00 
6.7500000e+00 3.1084057e+01 0.0000000e+00 
1.3500000e+01 2.8801670e+01 0.0000000e+00 
1.9500000e+01 2.5133453e+01 0.0000000e+00 
3.0000000e+00 3.1681219e+01 0.0000000e+00 
1.2000000e+01 2.9500000e+01 0.0000000e+00 
9.0000000e+00 3.0550745e+01 0.0000000e+00 
2.3250000e+01 2.1791342e+01 0.0000000e+00 
6.0000000e+00 3.1296589e+01 0.0000000e+00 
2.2500000e+01 2.2577030e+01 0.0000000e+00 
1.5000000e+01 2.8172338e+01 0.0000000e+00 
9.7500000e+00 3.0405500e+01 0.0000000e+00 
2.0250000e+01 2.4699255e+01 0.0000000e+00 
2.1750000e+01 2.3411808e+01 0.0000000e+00 
5.2500000e+00 3.1527515e+01 0.0000000e+00 
7.5000000e-01 3.1961149e+01 0.0000000e+00 
1.0500000e+01 3.0275360e+01 0.0000000e+00 
2.2500000e+00 3.1981010e+01 0.0000000e+00 
1.2750000e+01 2.9417444e+01 0.0000000e+00 
1.4250000e+01 2.8748823e+01 0.0000000e+00 
4.5000000e+00 3.1777351e+01 0.0000000e+00 
1.8000000e+01 2.6584438e+01 0.0000000e+00 
2.1000000e+01 2.4289005e+01 0.0000000e+00 
1.7250000e+01 2.7085638e+01 0.0000000e+00 
1.8750000e+01 2.6103041e+01 0.0000000e+00 
1.6500000e+01 2.7606325e+01 0.0000000e+00 
1.1250000e+01 3.0159628e+01 0.0000000e+00 
2.3250000e+01 2.2269875e+01 0.0000000e+00 
1.9500000e+01 2.5642206e+01 0.0000000e+00 
2.2500000e+01 2.3063591e+01 0.0000000e+00 
1.5750000e+01 2.8146622e+01 0.0000000e+00 
3.7500000e+00 3.2046509e+01 0.0000000e+00 
1.3500000e+01 2.9347136e+01 0.0000000e+00 
0.0000000e+00 3.2312500e+01 0.0000000e+00 
2.1750000e+01 2.3904922e+01 0.0000000e+00 
2.0250000e+01 2.5203136e+01 0.0000000e+00 
1.5000000e+00 3.2300812e+01 0.0000000e+00 
1.2000000e+01 3.0057638e+01 0.0000000e+00 
7.5000000e+00 3.1491922e+01 0.0000000e+00 
8.2500000e+00 3.1306198e+01 0.0000000e+00 
1.5000000e+01 2.8707062e+01 0.0000000e+00 
6.7500000e+00 3.1695059e+01 0.0000000e+00 
9.0000000e+00 3.1137236e+01 0.0000000e+00 
3.0000000e+00 3.2335297e+01 0.0000000e+00 
6.0000000e+00 3.1916206e+01 0.0000000e+00 
9.7500000e+00 3.0984364e+01 0.0000000e+00 
2.1000000e+01 2.4787485e+01 0.0000000e+00 
2.3250000e+01 2.2748106e+01 0.0000000e+00 
1.8000000e+01 2.7100929e+01 0.0000000e+00 
1.7250000e+01 2.7606325e+01 0.0000000e+00 
1.8750000e+01 2.6615271e+01 0.0000000e+00 
2.4000000e+01 2.2000000e+01 0.0000000e+00 
1.2750000e+01 2.9968750e+01 0.0000000e+00 
2.2500000e+01 2.3549614e+01 0.0000000e+00 
1.4250000e+01 2.9288559e+01 0.0000000e+00 
5.2500000e+00 3.2155899e+01 0.0000000e+00 
1.0500000e+01 3.0846888e+01 0.0000000e+00 
1.6500000e+01 2.8131281e+01 0.0000000e+00 
1.9500000e+01 2.6149971e+01 0.0000000e+00 
7.5000000e-01 3.2640564e+01 0.0000000e+00 
2.1750000e+01 2.4397322e+01 0.0000000e+00 
1.5750000e+01 2.8676046e+01 0.0000000e+00 
1.1250000e+01 3.0724123e+01 0.0000000e+00 
2.2500000e+00 3.2643875e+01 0.0000000e+00 
2.0250000e+01 2.5706091e+01 0.0000000e+00 
4.5000000e+00 3.2414589e+01 0.0000000e+00 
1.3500000e+01 2.9892374e+01 0.0000000e+00 
2.3250000e+01 2.3226048e+01 0.0000000e+00 
1.5000000e+01 2.9241268e+01 0.0000000e+00 
2.1000000e+01 2.5285135e+01 0.0000000e+00 
2.4000000e+01 2.2468750e+01 0.0000000e+00 
1.2000000e+01 3.0615395e+01 0.0000000e+00 
3.7500000e+00 3.2692623e+01 0.0000000e+00 
2.2500000e+01 2.4035118e+01 0.0000000e+00 
8.2500000e+00 3.1901442e+01 0.0000000e+00 
7.5000000e+00 3.2095440e+01 0.0000000e+00 
1.8000000e+01 2.7616518e+01 0.0000000e+00 
1.8750000e+01 2.7126568e+01 0.0000000e+00 
9.0000000e+00 3.1724461e+01 0.0000000e+00 
1.7250000e+01 2.8126183e+01 0.0000000e+00 
0.0000000e+00 3.3000000e+01 0.0000000e+00 
6.7500000e+00 3.2307064e+01 0.0000000e+00 
1.5000000e+00 3.2972260e+01 0.0000000e+00 
1.9500000e+01 2.6656809e+01 0.0000000e+00 
9.7500000e+00 3.1563841e+01 0.0000000e+00 
2.1750000e+01 2.4889036e+01 0.0000000e+00 
1.4250000e+01 2.9827971e+01 0.0000000e+00 
1.6500000e+01 2.8655516e+01 0.0000000e+00 
1.2750000e+01 3.0520056e+01 0.0000000e+00 
6.0000000e+00 3.2536873e+01 0.0000000e+00 
2.0250000e+01 2.6208166e+01 0.0000000e+00 
3.0000000e+00 3.2990227e+01 0.0000000e+00 
1.0500000e+01 3.1418909e+01 0.0000000e+00 
1.5750000e+01 2.9204887e+01 0.0000000e+00 
2.4000000e+01 2.2937500e+01 0.0000000e+00 
2.3250000e+01 2.3703711e+01 0.0000000e+00 
5.2500000e+00 3.2785355e+01 0.0000000e+00 
1.1250000e+01 3.1288984e+01 0.0000000e+00 
2.1000000e+01 2.5782000e+01 0.0000000e+00 
2.2500000e+01 2.4520124e+01 0.0000000e+00 
1.3500000e+01 3.0437500e+01 0.0000000e+00 
7.5000000e-01 3.3320263e+01 0.0000000e+00 
1.5000000e+01 2.9775063e+01 0.0000000e+00 
4.5000000e+00 3.3052887e+01 0.0000000e+00 
2.2500000e+00 3.3307468e+01 0.0000000e+00 
1.8750000e+01 2.7636995e+01 0.0000000e+00 
1.8000000e+01 2.8131281e+01 0.0000000e+00 
1.2000000e+01 3.1173391e+01 0.0000000e+00 
2.1750000e+01 2.5380095e+01 0.0000000e+00 
1.9500000e+01 2.7162777e+01 0.0000000e+00 
1.7250000e+01 2.8645294e+01 0.0000000e+00 
2.0250000e+01 2.6709410e+01 0.0000000e+00 
1.6500000e+01 2.9179117e+01 0.0000000e+00 
2.4000000e+01 2.3406250e+01 0.0000000e+00 
8.2500000e+00 3.2497643e+01 0.0000000e+00 
9.0000000e+00 3.2312538e+01 0.0000000e+00 
1.4250000e+01 3.0367165e+01 0.0000000e+00 
2.3250000e+01 2.4181101e+01 0.0000000e+00 
7.5000000e+00 3.2700001e+01 0.0000000e+00 
3.7500000e+00 3.3339752e+01 0.0000000e+00 
2.4750000e+01 2.2687500e+01 0.0000000e+00 
1.2750000e+01 3.1071480e+01 0.0000000e+00 
9.7500000e+00 3.2144058e+01 0.0000000e+00 
6.7500000e+00 3.2920181e+01 0.0000000e+00 
2.2500000e+01 2.5004650e+01 0.0000000e+00 
2.1000000e+01 2.6278112e+01 0.0000000e+00 
1.5750000e+01 2.9733242e+01 0.0000000e+00 
1.0500000e+01 3.1991547e+01 0.0000000e+00 
1.5000000e+00 3.3644249e+01 0.0000000e+00 
0.0000000e+00 3.3687500e+01 0.0000000e+00 
6.0000000e+00 3.3158699e+01 0.0000000e+00 
3.0000000e+00 3.3646080e+01 0.0000000e+00 
1.1250000e+01 3.1854334e+01 0.0000000e+00 
1.3500000e+01 3.0982626e+01 0.0000000e+00 
2.1750000e+01 2.5870529e+01 0.0000000e+00 
1.5000000e+01 3.0308548e+01 0.0000000e+00 
1.8750000e+01 2.8146622e+01 0.0000000e+00 
5.2500000e+00 3.3415977e+01 0.0000000e+00 
1.8000000e+01 2.8645294e+01 0.0000000e+00 
1.9500000e+01 2.7667934e+01 0.0000000e+00 
2.4000000e+01 2.3875000e+01 0.0000000e+00 
1.7250000e+01 2.9163740e+01 0.0000000e+00 
2.4750000e+01 2.3146158e+01 0.0000000e+00 
2.3250000e+01 2.4658234e+01 0.0000000e+00 
2.0250000e+01 2.7209873e+01 0.0000000e+00 
1.2000000e+01 3.1731750e+01 0.0000000e+00 
1.6500000e+01 2.9702175e+01 0.0000000e+00 
4.5000000e+00 3.3692341e+01 0.0000000e+00 
2.2500000e+01 2.5488718e+01 0.0000000e+00 
7.5000000e-01 3.4000267e+01 0.0000000e+00 
2.1000000e+01 2.6773516e+01 0.0000000e+00 
1.4250000e+01 3.0906250e+01 0.0000000e+00 
2.2500000e+00 3.3971840e+01 0.0000000e+00 
1.2750000e+01 3.1623138e+01 0.0000000e+00 
8.2500000e+00 3.3094925e+01 0.0000000e+00 
9.0000000e+00 3.2901592e+01 0.0000000e+00 
1.5750000e+01 3.0261209e+01 0.0000000e+00 
7.5000000e+00 3.3305721e+01 0.0000000e+00 
9.7500000e+00 3.2725136e+01 0.0000000e+00 
2.1750000e+01 2.6360367e+01 0.0000000e+00 
2.4000000e+01 2.4343750e+01 0.0000000e+00 
3.7500000e+00 3.3987972e+01 0.0000000e+00 
2.4750000e+01 2.3605125e+01 0.0000000e+00 
6.7500000e+00 3.3534523e+01 0.0000000e+00 
1.0500000e+01 3.2564922e+01 0.0000000e+00 
2.3250000e+01 2.5135115e+01 0.0000000e+00 
1.8750000e+01 2.8655516e+01 0.0000000e+00 
1.9500000e+01 2.8172338e+01 0.0000000e+00 
1.8000000e+01 2.9158630e+01 0.0000000e+00 
1.5000000e+01 3.0841825e+01 0.0000000e+00 
1.3500000e+01 3.1527864e+01 0.0000000e+00 
6.0000000e+00 3.3781784e+01 0.0000000e+00 
1.1250000e+01 3.2420296e+01 0.0000000e+00 
2.0250000e+01 2.7709604e+01 0.0000000e+00 
1.7250000e+01 2.9681606e+01 0.0000000e+00 
1.5000000e+00 3.4316822e+01 0.0000000e+00 
2.2500000e+01 2.5972347e+01 0.0000000e+00 
0.0000000e+00 3.4375000e+01 0.0000000e+00 
2.1000000e+01 2.7268250e+01 0.0000000e+00 
3.0000000e+00 3.4302917e+01 0.0000000e+00 
1.6500000e+01 3.0224783e+01 0.0000000e+00 
1.2000000e+01 3.2290588e+01 0.0000000e+00 
5.2500000e+00 3.4047871e+01 0.0000000e+00 
2.4750000e+01 2.4064394e+01 0.0000000e+00 
2.4000000e+01 2.4812500e+01 0.0000000e+00 
1.4250000e+01 3.1445335e+01 0.0000000e+00 
2.1750000e+01 2.6849640e+01 0.0000000e+00 
1.5750000e+01 3.0788885e+01 0.0000000e+00 
2.3250000e+01 2.5611755e+01 0.0000000e+00 
2.5500000e+01 2.3375000e+01 0.0000000e+00 
1.2750000e+01 3.2175148e+01 0.0000000e+00 
4.5000000e+00 3.4333027e+01 0.0000000e+00 
1.8750000e+01 2.9163740e+01 0.0000000e+00 
1.9500000e+01 2.8676046e+01 0.0000000e+00 
9.0000000e+00 3.3491745e+01 0.0000000e+00 
7.5000000e-01 3.4680595e+01 0.0000000e+00 
8.2500000e+00 3.3693401e+01 0.0000000e+00 
1.8000000e+01 2.9671366e+01 0.0000000e+00 
9.7500000e+00 3.3307201e+01 0.0000000e+00 
2.2500000e+00 3.4637043e+01 0.0000000e+00 
2.0250000e+01 2.8208651e+01 0.0000000e+00 
2.2500000e+01 2.6455557e+01 0.0000000e+00 
7.5000000e+00 3.3912724e+01 0.0000000e+00 
1.0500000e+01 3.3139160e+01 0.0000000e+00 
1.5000000e+01 3.1375000e+01 0.0000000e+00 
1.7250000e+01 3.0198975e+01 0.0000000e+00 
1.3500000e+01 3.2073330e+01 0.0000000e+00 
2.1000000e+01 2.7762352e+01 0.0000000e+00 
6.7500000e+00 3.4150200e+01 0.0000000e+00 
3.7500000e+00 3.4637360e+01 0.0000000e+00 
2.4750000e+01 2.4523952e+01 0.0000000e+00 
1.1250000e+01 3.2986988e+01 0.0000000e+00 
2.4000000e+01 2.5281250e+01 0.0000000e+00 
1.6500000e+01 3.0747028e+01 0.0000000e+00 
2.5500000e+01 2.3823586e+01 0.0000000e+00 
6.0000000e+00 3.4406239e+01 0.0000000e+00 
2.1750000e+01 2.7338377e+01 0.0000000e+00 
2.3250000e+01 2.6088167e+01 0.0000000e+00 
1.2000000e+01 3.2850029e+01 0.0000000e+00 
1.4250000e+01 3.1984529e+01 0.0000000e+00 
1.5000000e+00 3.4990013e+01 0.0000000e+00 
1.5750000e+01 3.1316366e+01 0.0000000e+00 
0.0000000e+00 3.5062500e+01 0.0000000e+00 
5.2500000e+00 3.4681133e+01 0.0000000e+00 
3.0000000e+00 3.4960808e+01 0.0000000e+00 
1.9500000e+01 2.9179117e+01 0.0000000e+00 
2.2500000e+01 2.6938368e+01 0.0000000e+00 
1.8750000e+01 2.9671366e+01 0.0000000e+00 
1.2750000e+01 3.2727627e+01 0.0000000e+00 
2.0250000e+01 2.8707062e+01 0.0000000e+00 
1.8000000e+01 3.0183577e+01 0.0000000e+00 
2.4750000e+01 2.4983789e+01 0.0000000e+00 
2.4000000e+01 2.5750000e+01 0.0000000e+00 
2.1000000e+01 2.8255863e+01 0.0000000e+00 
2.5500000e+01 2.4272787e+01 0.0000000e+00 
1.7250000e+01 3.0715927e+01 0.0000000e+00 
9.0000000e+00 3.4083118e+01 0.0000000e+00 
1.5000000e+01 3.1908175e+01 0.0000000e+00 
4.5000000e+00 3.4975044e+01 0.0000000e+00 
9.7500000e+00 3.3890373e+01 0.0000000e+00 
8.2500000e+00 3.4293194e+01 0.0000000e+00 
2.3250000e+01 2.6564358e+01 0.0000000e+00 
1.3500000e+01 3.2619137e+01 0.0000000e+00 
1.0500000e+01 3.3714386e+01 0.0000000e+00 
2.1750000e+01 2.7826609e+01 0.0000000e+00 
7.5000000e+00 3.4521118e+01 0.0000000e+00 
1.6500000e+01 3.1269003e+01 0.0000000e+00 
7.5000000e-01 3.5361271e+01 0.0000000e+00 
2.2500000e+00 3.5303127e+01 0.0000000e+00 
1.1250000e+01 3.3554539e+01 0.0000000e+00 
6.7500000e+00 3.4767326e+01 0.0000000e+00 
2.2500000e+01 2.7420799e+01 0.0000000e+00 
3.7500000e+00 3.5287991e+01 0.0000000e+00 
2.4750000e+01 2.5443899e+01 0.0000000e+00 
1.2000000e+01 3.3410191e+01 0.0000000e+00 
1.4250000e+01 3.2523941e+01 0.0000000e+00 
1.9500000e+01 2.9681606e+01 0.0000000e+00 
2.5500000e+01 2.4722589e+01 0.0000000e+00 
1.5750000e+01 3.1843750e+01 0.0000000e+00 
1.8750000e+01 3.0178457e+01 0.0000000e+00 
2.0250000e+01 2.9204887e+01 0.0000000e+00 
6.0000000e+00 3.5032166e+01 0.0000000e+00 
2.4000000e+01 2.6218750e+01 0.0000000e+00 
1.8000000e+01 3.0695335e+01 0.0000000e+00 
2.1000000e+01 2.8748823e+01 0.0000000e+00 
2.6250000e+01 2.4062500e+01 0.0000000e+00 
1.2750000e+01 3.3280689e+01 0.0000000e+00 
2.3250000e+01 2.7040339e+01 0.0000000e+00 
1.7250000e+01 3.1232550e+01 0.0000000e+00 
1.5000000e+00 3.5663860e+01 0.0000000e+00 
2.1750000e+01 2.8314362e+01 0.0000000e+00 
5.2500000e+00 3.5315853e+01 0.0000000e+00 
1.5000000e+01 3.2441452e+01 0.0000000e+00 
3.0000000e+00 3.5619812e+01 0.0000000e+00 
0.0000000e+00 3.5750000e+01 0.0000000e+00 
1.3500000e+01 3.3165398e+01 0.0000000e+00 
1.6500000e+01 3.1790796e+01 0.0000000e+00 
9.0000000e+00 3.4675835e+01 0.0000000e+00 
9.7500000e+00 3.4474777e+01 0.0000000e+00 
2.4750000e+01 2.5904266e+01 0.0000000e+00 
2.5500000e+01 2.5172970e+01 0.0000000e+00 
2.2500000e+01 2.7902872e+01 0.0000000e+00 
8.2500000e+00 3.4894424e+01 0.0000000e+00 
1.0500000e+01 3.4290718e+01 0.0000000e+00 
2.4000000e+01 2.6687500e+01 0.0000000e+00 
4.5000000e+00 3.5618477e+01 0.0000000e+00 
2.6250000e+01 2.4501049e+01 0.0000000e+00 
7.5000000e+00 3.5131023e+01 0.0000000e+00 
1.1250000e+01 3.4123066e+01 0.0000000e+00 
1.9500000e+01 3.0183577e+01 0.0000000e+00 
2.0250000e+01 2.9702175e+01 0.0000000e+00 
1.8750000e+01 3.0685081e+01 0.0000000e+00 
1.5750000e+01 3.2371136e+01 0.0000000e+00 
2.1000000e+01 2.9241268e+01 0.0000000e+00 
1.4250000e+01 3.3063679e+01 0.0000000e+00 
2.3250000e+01 2.7516121e+01 0.0000000e+00 
6.7500000e+00 3.5386013e+01 0.0000000e+00 
1.8000000e+01 3.1206718e+01 0.0000000e+00 
1.2000000e+01 3.3971191e+01 0.0000000e+00 
2.2500000e+00 3.5970146e+01 0.0000000e+00 
7.5000000e-01 3.6042309e+01 0.0000000e+00 
2.1750000e+01 2.8801670e+01 0.0000000e+00 
1.7250000e+01 3.1748920e+01 0.0000000e+00 
3.7500000e+00 3.5939949e+01 0.0000000e+00 
2.5500000e+01 2.5623909e+01 0.0000000e+00 
1.2750000e+01 3.3834457e+01 0.0000000e+00 
6.0000000e+00 3.5659668e+01 0.0000000e+00 
2.4750000e+01 2.6364885e+01 0.0000000e+00 
2.6250000e+01 2.4940523e+01 0.0000000e+00 
2.2500000e+01 2.8384605e+01 0.0000000e+00 
1.5000000e+01 3.2974937e+01 0.0000000e+00 
2.4000000e+01 2.7156250e+01 0.0000000e+00 
1.6500000e+01 3.2312500e+01 0.0000000e+00 
1.3500000e+01 3.3712223e+01 0.0000000e+00 
5.2500000e+00 3.5952137e+01 0.0000000e+00 
1.9500000e+01 3.0685081e+01 0.0000000e+00 
2.0250000e+01 3.0198975e+01 0.0000000e+00 
1.5000000e+00 3.6338398e+01 0.0000000e+00 
2.3250000e+01 2.7991711e+01 0.0000000e+00 
9.7500000e+00 3.5060539e+01 0.0000000e+00 
1.8750000e+01 3.1191303e+01 0.0000000e+00 
9.0000000e+00 3.5270012e+01 0.0000000e+00 
2.1000000e+01 2.9733242e+01 0.0000000e+00 
3.0000000e+00 3.6280003e+01 0.0000000e+00 
1.0500000e+01 3.4868286e+01 0.0000000e+00 
0.0000000e+00 3.6437500e+01 0.0000000e+00 
8.2500000e+00 3.5497211e+01 0.0000000e+00 
1.8000000e+01 3.1717802e+01 0.0000000e+00 
1.1250000e+01 3.4692692e+01 0.0000000e+00 
2.5500000e+01 2.6075386e+01 0.0000000e+00 
1.5750000e+01 3.2898617e+01 0.0000000e+00 
2.1750000e+01 2.9288559e+01 0.0000000e+00 
2.4750000e+01 2.6825745e+01 0.0000000e+00 
1.4250000e+01 3.3603851e+01 0.0000000e+00 
2.6250000e+01 2.5380890e+01 0.0000000e+00 
7.5000000e+00 3.5742554e+01 0.0000000e+00 
4.5000000e+00 3.6263412e+01 0.0000000e+00 
1.2000000e+01 3.4533154e+01 0.0000000e+00 
1.7250000e+01 3.2265125e+01 0.0000000e+00 
2.4000000e+01 2.7625000e+01 0.0000000e+00 
2.2500000e+01 2.8866020e+01 0.0000000e+00 
2.7000000e+01 2.4750000e+01 0.0000000e+00 
6.7500000e+00 3.6006367e+01 0.0000000e+00 
1.2750000e+01 3.4389046e+01 0.0000000e+00 
2.2500000e+00 3.6638149e+01 0.0000000e+00 
1.5000000e+01 3.3508732e+01 0.0000000e+00 
7.5000000e-01 3.6723724e+01 0.0000000e+00 
1.6500000e+01 3.2834202e+01 0.0000000e+00 
2.3250000e+01 2.8467121e+01 0.0000000e+00 
2.0250000e+01 3.0695335e+01 0.0000000e+00 
1.9500000e+01 3.1186180e+01 0.0000000e+00 
6.0000000e+00 3.6288853e+01 0.0000000e+00 
3.7500000e+00 3.6593307e+01 0.0000000e+00 
2.5500000e+01 2.6527382e+01 0.0000000e+00 
2.1000000e+01 3.0224783e+01 0.0000000e+00 
2.6250000e+01 2.5822119e+01 0.0000000e+00 
1.3500000e+01 3.4259727e+01 0.0000000e+00 
1.8750000e+01 3.1697193e+01 0.0000000e+00 
2.4750000e+01 2.7286833e+01 0.0000000e+00 
2.1750000e+01 2.9775063e+01 0.0000000e+00 
1.8000000e+01 3.2228661e+01 0.0000000e+00 
2.7000000e+01 2.5178572e+01 0.0000000e+00 
2.4000000e+01 2.8093750e+01 0.0000000e+00 
1.5750000e+01 3.3426292e+01 0.0000000e+00 
9.7500000e+00 3.5647778e+01 0.0000000e+00 
5.2500000e+00 3.6590080e+01 0.0000000e+00 
1.0500000e+01 3.5447205e+01 0.0000000e+00 
9.0000000e+00 3.5865780e+01 0.0000000e+00 
2.2500000e+01 2.9347136e+01 0.0000000e+00 
1.4250000e+01 3.4144566e+01 0.0000000e+00 
1.1250000e+01 3.5263538e+01 0.0000000e+00 
8.2500000e+00 3.6101673e+01 0.0000000e+00 
1.7250000e+01 3.2781250e+01 0.0000000e+00 
1.5000000e+00 3.7013664e+01 0.0000000e+00 
3.0000000e+00 3.6941441e+01 0.0000000e+00 
1.2000000e+01 3.5096199e+01 0.0000000e+00 
7.5000000e+00 3.6355827e+01 0.0000000e+00 
2.5500000e+01 2.6979876e+01 0.0000000e+00 
2.3250000e+01 2.8942362e+01 0.0000000e+00 
0.0000000e+00 3.7125000e+01 0.0000000e+00 
2.6250000e+01 2.6264183e+01 0.0000000e+00 
2.4750000e+01 2.7748142e+01 0.0000000e+00 
4.5000000e+00 3.6909939e+01 0.0000000e+00 
2.0250000e+01 3.1191303e+01 0.0000000e+00 
1.2750000e+01 3.4944572e+01 0.0000000e+00 
1.5000000e+01 3.4042938e+01 0.0000000e+00 
1.9500000e+01 3.1686932e+01 0.0000000e+00 
2.1000000e+01 3.0715927e+01 0.0000000e+00 
2.7000000e+01 2.5608366e+01 0.0000000e+00 
1.6500000e+01 3.3355999e+01 0.0000000e+00 
6.7500000e+00 3.6628502e+01 0.0000000e+00 
1.8750000e+01 3.2202816e+01 0.0000000e+00 
2.1750000e+01 3.0261209e+01 0.0000000e+00 
2.4000000e+01 2.8562500e+01 0.0000000e+00 
1.3500000e+01 3.4808029e+01 0.0000000e+00 
1.8000000e+01 3.2739368e+01 0.0000000e+00 
2.2500000e+01 2.9827971e+01 0.0000000e+00 
2.2500000e+00 3.7307190e+01 0.0000000e+00 
6.0000000e+00 3.6919827e+01 0.0000000e+00 
7.5000000e-01 3.7405544e+01 0.0000000e+00 
1.5750000e+01 3.3954258e+01 0.0000000e+00 
3.7500000e+00 3.7248146e+01 0.0000000e+00 
2.6250000e+01 2.6707050e+01 0.0000000e+00 
2.5500000e+01 2.7432850e+01 0.0000000e+00 
2.3250000e+01 2.9417444e+01 0.0000000e+00 
1.4250000e+01 3.4685932e+01 0.0000000e+00 
1.7250000e+01 3.3297375e+01 0.0000000e+00 
2.7000000e+01 2.6039345e+01 0.0000000e+00 
9.7500000e+00 3.6236618e+01 0.0000000e+00 
1.0500000e+01 3.6027607e+01 0.0000000e+00 
2.4750000e+01 2.8209661e+01 0.0000000e+00 
9.0000000e+00 3.6463257e+01 0.0000000e+00 
1.1250000e+01 3.5835732e+01 0.0000000e+00 
5.2500000e+00 3.7229774e+01 0.0000000e+00 
2.0250000e+01 3.1686932e+01 0.0000000e+00 
2.1000000e+01 3.1206718e+01 0.0000000e+00 
8.2500000e+00 3.6707932e+01 0.0000000e+00 
1.2000000e+01 3.5660446e+01 0.0000000e+00 
1.9500000e+01 3.2187393e+01 0.0000000e+00 
2.7750000e+01 2.5437500e+01 0.0000000e+00 
2.1750000e+01 3.0747028e+01 0.0000000e+00 
2.4000000e+01 2.9031250e+01 0.0000000e+00 
1.6500000e+01 3.3877972e+01 0.0000000e+00 
1.5000000e+01 3.4577663e+01 0.0000000e+00 
1.8750000e+01 3.2708241e+01 0.0000000e+00 
1.5000000e+00 3.7689690e+01 0.0000000e+00 
1.2750000e+01 3.5501152e+01 0.0000000e+00 
3.0000000e+00 3.7604191e+01 0.0000000e+00 
7.5000000e+00 3.6970959e+01 0.0000000e+00 
2.2500000e+01 3.0308548e+01 0.0000000e+00 
2.6250000e+01 2.7150692e+01 0.0000000e+00 
2.5500000e+01 2.7886282e+01 0.0000000e+00 
1.8000000e+01 3.3250000e+01 0.0000000e+00 
2.7000000e+01 2.6471466e+01 0.0000000e+00 
0.0000000e+00 3.7812500e+01 0.0000000e+00 
4.5000000e+00 3.7558151e+01 0.0000000e+00 
1.3500000e+01 3.5357235e+01 0.0000000e+00 
6.7500000e+00 3.7252529e+01 0.0000000e+00 
2.3250000e+01 2.9892374e+01 0.0000000e+00 
2.4750000e+01 2.8671379e+01 0.0000000e+00 
1.5750000e+01 3.4482613e+01 0.0000000e+00 
2.7750000e+01 2.5856171e+01 0.0000000e+00 
1.7250000e+01 3.3813580e+01 0.0000000e+00 
1.4250000e+01 3.5228062e+01 0.0000000e+00 
2.1000000e+01 3.1697193e+01 0.0000000e+00 
2.0250000e+01 3.2182266e+01 0.0000000e+00 
6.0000000e+00 3.7552692e+01 0.0000000e+00 
2.4000000e+01 2.9500000e+01 0.0000000e+00 
2.2500000e+00 3.7977322e+01 0.0000000e+00 
2.1750000e+01 3.1232550e+01 0.0000000e+00 
1.9500000e+01 3.2687622e+01 0.0000000e+00 
1.0500000e+01 3.6609608e+01 0.0000000e+00 
2.6250000e+01 2.7595078e+01 0.0000000e+00 
3.7500000e+00 3.7904545e+01 0.0000000e+00 
7.5000000e-01 3.8087784e+01 0.0000000e+00 
9.7500000e+00 3.6827183e+01 0.0000000e+00 
1.1250000e+01 3.6409389e+01 0.0000000e+00 
2.7000000e+01 2.6904690e+01 0.0000000e+00 
2.5500000e+01 2.8340153e+01 0.0000000e+00 
2.2500000e+01 3.0788885e+01 0.0000000e+00 
9.0000000e+00 3.7062561e+01 0.0000000e+00 
1.8750000e+01 3.3213528e+01 0.0000000e+00 
1.6500000e+01 3.4400219e+01 0.0000000e+00 
1.2000000e+01 3.6226013e+01 0.0000000e+00 
1.5000000e+01 3.5113007e+01 0.0000000e+00 
2.7750000e+01 2.6276356e+01 0.0000000e+00 
8.2500000e+00 3.7316105e+01 0.0000000e+00 
2.4750000e+01 2.9133289e+01 0.0000000e+00 
5.2500000e+00 3.7871326e+01 0.0000000e+00 
2.3250000e+01 3.0367165e+01 0.0000000e+00 
1.2750000e+01 3.6058907e+01 0.0000000e+00 
1.8000000e+01 3.3760632e+01 0.0000000e+00 
7.5000000e+00 3.7588066e+01 0.0000000e+00 
1.3500000e+01 3.5907463e+01 0.0000000e+00 
3.0000000e+00 3.8268322e+01 0.0000000e+00 
1.5750000e+01 3.5011456e+01 0.0000000e+00 
2.4000000e+01 2.9968750e+01 0.0000000e+00 
1.5000000e+00 3.8366520e+01 0.0000000e+00 
2.6250000e+01 2.8040178e+01 0.0000000e+00 
1.7250000e+01 3.4329952e+01 0.0000000e+00 
2.7000000e+01 2.7338980e+01 0.0000000e+00 
2.1000000e+01 3.2187393e+01 0.0000000e+00 
2.0250000e+01 3.2677357e+01 0.0000000e+00 
2.1750000e+01 3.1717802e+01 0.0000000e+00 
2.5500000e+01 2.8794443e+01 0.0000000e+00 
4.5000000e+00 3.8208130e+01 0.0000000e+00 
6.7500000e+00 3.7878563e+01 0.0000000e+00 
1.9500000e+01 3.3187679e+01 0.0000000e+00 
0.0000000e+00 3.8500000e+01 0.0000000e+00 
1.4250000e+01 3.5771061e+01 0.0000000e+00 
2.7750000e+01 2.6698008e+01 0.0000000e+00 
2.2500000e+01 3.1269003e+01 0.0000000e+00 
2.4750000e+01 2.9595379e+01 0.0000000e+00 
1.8750000e+01 3.3718750e+01 0.0000000e+00 
2.3250000e+01 3.0841825e+01 0.0000000e+00 
1.6500000e+01 3.4922825e+01 0.0000000e+00 
1.0500000e+01 3.7193333e+01 0.0000000e+00 
6.0000000e+00 3.8187553e+01 0.0000000e+00 
1.1250000e+01 3.6984638e+01 0.0000000e+00 
2.8500000e+01 2.6125000e+01 0.0000000e+00 
9.7500000e+00 3.7419594e+01 0.0000000e+00 
1.5000000e+01 3.5649071e+01 0.0000000e+00 
1.2000000e+01 3.6793022e+01 0.0000000e+00 
1.8000000e+01 3.4271339e+01 0.0000000e+00 
2.2500000e+00 3.8648598e+01 0.0000000e+00 
9.0000000e+00 3.7663818e+01 0.0000000e+00 
2.7000000e+01 2.7774294e+01 0.0000000e+00 
2.6250000e+01 2.8485964e+01 0.0000000e+00 
3.7500000e+00 3.8562576e+01 0.0000000e+00 
2.4000000e+01 3.0437500e+01 0.0000000e+00 
1.2750000e+01 3.6617947e+01 0.0000000e+00 
7.5000000e-01 3.8770462e+01 0.0000000e+00 
2.7750000e+01 2.7121075e+01 0.0000000e+00 
2.5500000e+01 2.9249132e+01 0.0000000e+00 
8.2500000e+00 3.7926315e+01 0.0000000e+00 
2.1000000e+01 3.2677357e+01 0.0000000e+00 
2.1750000e+01 3.2202816e+01 0.0000000e+00 
2.0250000e+01 3.3172249e+01 0.0000000e+00 
5.2500000e+00 3.8514828e+01 0.0000000e+00 
1.5750000e+01 3.5540878e+01 0.0000000e+00 
1.3500000e+01 3.6458820e+01 0.0000000e+00 
1.7250000e+01 3.4846573e+01 0.0000000e+00 
2.2500000e+01 3.1748920e+01 0.0000000e+00 
1.9500000e+01 3.3687618e+01 0.0000000e+00 
2.4750000e+01 3.0057638e+01 0.0000000e+00 
7.5000000e+00 3.8207268e+01 0.0000000e+00 
2.8500000e+01 2.6533865e+01 0.0000000e+00 
2.3250000e+01 3.1316366e+01 0.0000000e+00 
1.4250000e+01 3.6315037e+01 0.0000000e+00 
1.8750000e+01 3.4223972e+01 0.0000000e+00 
2.7000000e+01 2.8210594e+01 0.0000000e+00 
3.0000000e+00 3.8933903e+01 0.0000000e+00 
2.6250000e+01 2.8932405e+01 0.0000000e+00 
1.5000000e+00 3.9044186e+01 0.0000000e+00 
6.7500000e+00 3.8506710e+01 0.0000000e+00 
1.6500000e+01 3.5445885e+01 0.0000000e+00 
2.7750000e+01 2.7545509e+01 0.0000000e+00 
4.5000000e+00 3.8859966e+01 0.0000000e+00 
2.4000000e+01 3.0906250e+01 0.0000000e+00 
2.5500000e+01 2.9704201e+01 0.0000000e+00 
1.8000000e+01 3.4782200e+01 0.0000000e+00 
1.5000000e+01 3.6185963e+01 0.0000000e+00 
0.0000000e+00 3.9187500e+01 0.0000000e+00 
1.1250000e+01 3.7561596e+01 0.0000000e+00 
1.0500000e+01 3.7778908e+01 0.0000000e+00 
2.8500000e+01 2.6944529e+01 0.0000000e+00 
1.2000000e+01 3.7361595e+01 0.0000000e+00 
9.7500000e+00 3.8013977e+01 0.0000000e+00 
2.1000000e+01 3.3167122e+01 0.0000000e+00 
2.1750000e+01 3.2687622e+01 0.0000000e+00 
6.0000000e+00 3.8824520e+01 0.0000000e+00 
2.0250000e+01 3.3667000e+01 0.0000000e+00 
2.4750000e+01 3.0520056e+01 0.0000000e+00 
1.2750000e+01 3.7178394e+01 0.0000000e+00 
2.2500000e+01 3.2228661e+01 0.0000000e+00 
9.0000000e+00 3.8267151e+01 0.0000000e+00 
1.7250000e+01 3.5363525e+01 0.0000000e+00 
1.9500000e+01 3.4187500e+01 0.0000000e+00 
1.5750000e+01 3.6070980e+01 0.0000000e+00 
2.7000000e+01 2.8647840e+01 0.0000000e+00 
2.2500000e+00 3.9321064e+01 0.0000000e+00 
2.3250000e+01 3.1790796e+01 0.0000000e+00 
1.3500000e+01 3.7011429e+01 0.0000000e+00 
2.6250000e+01 2.9379471e+01 0.0000000e+00 
3.7500000e+00 3.9222324e+01 0.0000000e+00 
2.7750000e+01 2.7971262e+01 0.0000000e+00 
8.2500000e+00 3.8538681e+01 0.0000000e+00 
7.5000000e-01 3.9453602e+01 0.0000000e+00 
1.8750000e+01 3.4729259e+01 0.0000000e+00 
2.5500000e+01 3.0159628e+01 0.0000000e+00 
2.4000000e+01 3.1375000e+01 0.0000000e+00 
2.8500000e+01 2.7356930e+01 0.0000000e+00 
5.2500000e+00 3.9160378e+01 0.0000000e+00 
1.4250000e+01 3.6860100e+01 0.0000000e+00 
7.5000000e+00 3.8828671e+01 0.0000000e+00 
1.6500000e+01 3.5969486e+01 0.0000000e+00 
1.8000000e+01 3.5293282e+01 0.0000000e+00 
2.4750000e+01 3.0982626e+01 0.0000000e+00 
2.1750000e+01 3.3172249e+01 0.0000000e+00 
1.5000000e+01 3.6723785e+01 0.0000000e+00 
2.1000000e+01 3.3656727e+01 0.0000000e+00 
2.9250000e+01 2.6812500e+01 0.0000000e+00 
2.7000000e+01 2.9085995e+01 0.0000000e+00 
2.2500000e+01 3.2708241e+01 0.0000000e+00 
2.7750000e+01 2.8398287e+01 0.0000000e+00 
2.0250000e+01 3.4161648e+01 0.0000000e+00 
3.0000000e+00 3.9600990e+01 0.0000000e+00 
6.7500000e+00 3.9137085e+01 0.0000000e+00 
2.6250000e+01 2.9827133e+01 0.0000000e+00 
1.5000000e+00 3.9722725e+01 0.0000000e+00 
1.1250000e+01 3.8140385e+01 0.0000000e+00 
4.5000000e+00 3.9513752e+01 0.0000000e+00 
2.3250000e+01 3.2265125e+01 0.0000000e+00 
1.0500000e+01 3.8366455e+01 0.0000000e+00 
1.2000000e+01 3.7931850e+01 0.0000000e+00 
1.9500000e+01 3.4687382e+01 0.0000000e+00 
2.8500000e+01 2.7771011e+01 0.0000000e+00 
1.7250000e+01 3.5880894e+01 0.0000000e+00 
9.7500000e+00 3.8610455e+01 0.0000000e+00 
1.2750000e+01 3.7740368e+01 0.0000000e+00 
2.5500000e+01 3.0615395e+01 0.0000000e+00 
1.5750000e+01 3.6601864e+01 0.0000000e+00 
0.0000000e+00 3.9875000e+01 0.0000000e+00 
2.4000000e+01 3.1843750e+01 0.0000000e+00 
9.0000000e+00 3.8872681e+01 0.0000000e+00 
1.8750000e+01 3.5234684e+01 0.0000000e+00 
6.0000000e+00 3.9463692e+01 0.0000000e+00 
1.3500000e+01 3.7565395e+01 0.0000000e+00 
2.9250000e+01 2.7211674e+01 0.0000000e+00 
2.7000000e+01 2.9525015e+01 0.0000000e+00 
2.7750000e+01 2.8826530e+01 0.0000000e+00 
8.2500000e+00 3.9153320e+01 0.0000000e+00 
2.4750000e+01 3.1445335e+01 0.0000000e+00 
1.4250000e+01 3.7406357e+01 0.0000000e+00 
1.6500000e+01 3.6493717e+01 0.0000000e+00 
2.2500000e+00 3.9994778e+01 0.0000000e+00 
3.7500000e+00 3.9883862e+01 0.0000000e+00 
2.6250000e+01 3.0275360e+01 0.0000000e+00 
2.1750000e+01 3.3656727e+01 0.0000000e+00 
1.8000000e+01 3.5804665e+01 0.0000000e+00 
2.8500000e+01 2.8186718e+01 0.0000000e+00 
2.1000000e+01 3.4146217e+01 0.0000000e+00 
2.2500000e+01 3.3187679e+01 0.0000000e+00 
2.0250000e+01 3.4656250e+01 0.0000000e+00 
7.5000000e-01 4.0137215e+01 0.0000000e+00 
5.2500000e+00 3.9808075e+01 0.0000000e+00 
2.3250000e+01 3.2739368e+01 0.0000000e+00 
7.5000000e+00 3.9452400e+01 0.0000000e+00 
1.5000000e+01 3.7262638e+01 0.0000000e+00 
2.5500000e+01 3.1071480e+01 0.0000000e+00 
2.9250000e+01 2.7612917e+01 0.0000000e+00 
1.9500000e+01 3.5187321e+01 0.0000000e+00 
2.4000000e+01 3.2312500e+01 0.0000000e+00 
1.7250000e+01 3.6398758e+01 0.0000000e+00 
1.1250000e+01 3.8721130e+01 0.0000000e+00 
2.7750000e+01 2.9255949e+01 0.0000000e+00 
1.2000000e+01 3.8503906e+01 0.0000000e+00 
2.7000000e+01 2.9964865e+01 0.0000000e+00 
1.5750000e+01 3.7133617e+01 0.0000000e+00 
6.7500000e+00 3.9769794e+01 0.0000000e+00 
1.0500000e+01 3.8956093e+01 0.0000000e+00 
1.8750000e+01 3.5740307e+01 0.0000000e+00 
1.2750000e+01 3.8303978e+01 0.0000000e+00 
2.8500000e+01 2.8603989e+01 0.0000000e+00 
3.0000000e+00 4.0269657e+01 0.0000000e+00 
2.4750000e+01 3.1908175e+01 0.0000000e+00 
9.7500000e+00 3.9209148e+01 0.0000000e+00 
2.6250000e+01 3.0724123e+01 0.0000000e+00 
4.5000000e+00 4.0169571e+01 0.0000000e+00 
1.5000000e+00 4.0402176e+01 0.0000000e+00 
1.3500000e+01 3.8120838e+01 0.0000000e+00 
2.1750000e+01 3.4141087e+01 0.0000000e+00 
9.0000000e+00 3.9480530e+01 0.0000000e+00 
2.2500000e+01 3.3667000e+01 0.0000000e+00 
2.9250000e+01 2.8016163e+01 0.0000000e+00 
2.1000000e+01 3.4635628e+01 0.0000000e+00 
1.6500000e+01 3.7018673e+01 0.0000000e+00 
1.8000000e+01 3.6316425e+01 0.0000000e+00 
1.4250000e+01 3.7953922e+01 0.0000000e+00 
2.3250000e+01 3.3213528e+01 0.0000000e+00 
2.5500000e+01 3.1527864e+01 0.0000000e+00 
6.0000000e+00 4.0105179e+01 0.0000000e+00 
0.0000000e+00 4.0562500e+01 0.0000000e+00 
2.0250000e+01 3.5150852e+01 0.0000000e+00 
8.2500000e+00 3.9770355e+01 0.0000000e+00 
2.4000000e+01 3.2781250e+01 0.0000000e+00 
2.7750000e+01 2.9686489e+01 0.0000000e+00 
2.7000000e+01 3.0405500e+01 0.0000000e+00 
1.9500000e+01 3.5687378e+01 0.0000000e+00 
1.5000000e+01 3.7802628e+01 0.0000000e+00 
2.8500000e+01 2.9022766e+01 0.0000000e+00 
3.0000000e+01 2.7500000e+01 0.0000000e+00 
3.7500000e+00 4.0547268e+01 0.0000000e+00 
2.2500000e+00 4.0669788e+01 0.0000000e+00 
1.7250000e+01 3.6917206e+01 0.0000000e+00 
2.4750000e+01 3.2371136e+01 0.0000000e+00 
2.6250000e+01 3.1173391e+01 0.0000000e+00 
7.5000000e+00 4.0078571e+01 0.0000000e+00 
2.9250000e+01 2.8421345e+01 0.0000000e+00 
5.2500000e+00 4.0458012e+01 0.0000000e+00 
1.8750000e+01 3.6246197e+01 0.0000000e+00 
1.5750000e+01 3.7666344e+01 0.0000000e+00 
7.5000000e-01 4.0821327e+01 0.0000000e+00 
1.2000000e+01 3.9077885e+01 0.0000000e+00 
1.1250000e+01 3.9303955e+01 0.0000000e+00 
2.1750000e+01 3.4625359e+01 0.0000000e+00 
2.2500000e+01 3.4146217e+01 0.0000000e+00 
2.5500000e+01 3.1984529e+01 0.0000000e+00 
1.2750000e+01 3.8869350e+01 0.0000000e+00 
1.0500000e+01 3.9547955e+01 0.0000000e+00 
2.1000000e+01 3.5125000e+01 0.0000000e+00 
2.3250000e+01 3.3687618e+01 0.0000000e+00 
2.7750000e+01 3.0118105e+01 0.0000000e+00 
3.0000000e+01 2.7889616e+01 0.0000000e+00 
6.7500000e+00 4.0404957e+01 0.0000000e+00 
1.3500000e+01 3.8677868e+01 0.0000000e+00 
2.8500000e+01 2.9442993e+01 0.0000000e+00 
9.7500000e+00 3.9810181e+01 0.0000000e+00 
1.8000000e+01 3.6828632e+01 0.0000000e+00 
2.7000000e+01 3.0846888e+01 0.0000000e+00 
2.0250000e+01 3.5645500e+01 0.0000000e+00 
2.4000000e+01 3.3250000e+01 0.0000000e+00 
1.6500000e+01 3.7544445e+01 0.0000000e+00 
3.0000000e+00 4.0939964e+01 0.0000000e+00 
1.4250000e+01 3.8502895e+01 0.0000000e+00 
2.9250000e+01 2.8828394e+01 0.0000000e+00 
4.5000000e+00 4.0827511e+01 0.0000000e+00 
9.0000000e+00 4.0090820e+01 0.0000000e+00 
2.6250000e+01 3.1623138e+01 0.0000000e+00 
1.9500000e+01 3.6187607e+01 0.0000000e+00 
1.5000000e+00 4.1082569e+01 0.0000000e+00 
2.4750000e+01 3.2834202e+01 0.0000000e+00 
1.5000000e+01 3.8343857e+01 0.0000000e+00 
6.0000000e+00 4.0749084e+01 0.0000000e+00 
1.7250000e+01 3.7436317e+01 0.0000000e+00 
8.2500000e+00 4.0389900e+01 0.0000000e+00 
3.0000000e+01 2.8281561e+01 0.0000000e+00 
0.0000000e+00 4.1250000e+01 0.0000000e+00 
1.8750000e+01 3.6752419e+01 0.0000000e+00 
2.5500000e+01 3.2441452e+01 0.0000000e+00 
2.7750000e+01 3.0550745e+01 0.0000000e+00 
2.8500000e+01 2.9864613e+01 0.0000000e+00 
2.2500000e+01 3.4625359e+01 0.0000000e+00 
2.1750000e+01 3.5109570e+01 0.0000000e+00 
1.5750000e+01 3.8200138e+01 0.0000000e+00 
2.3250000e+01 3.4161648e+01 0.0000000e+00 
2.7000000e+01 3.1288984e+01 0.0000000e+00 
2.1000000e+01 3.5614372e+01 0.0000000e+00 
2.9250000e+01 2.9237246e+01 0.0000000e+00 
3.7500000e+00 4.1212624e+01 0.0000000e+00 
2.4000000e+01 3.3718750e+01 0.0000000e+00 
7.5000000e+00 4.0707294e+01 0.0000000e+00 
2.2500000e+00 4.1346146e+01 0.0000000e+00 
2.0250000e+01 3.6140251e+01 0.0000000e+00 
1.2000000e+01 3.9653908e+01 0.0000000e+00 
5.2500000e+00 4.1110294e+01 0.0000000e+00 
1.1250000e+01 3.9888977e+01 0.0000000e+00 
2.6250000e+01 3.2073330e+01 0.0000000e+00 
1.2750000e+01 3.9436596e+01 0.0000000e+00 
1.8000000e+01 3.7341370e+01 0.0000000e+00 
2.4750000e+01 3.3297375e+01 0.0000000e+00 
1.0500000e+01 4.0142151e+01 0.0000000e+00 
1.6500000e+01 3.8071117e+01 0.0000000e+00 
1.3500000e+01 3.9236595e+01 0.0000000e+00 
3.0000000e+01 2.8675760e+01 0.0000000e+00 
7.5000000e-01 4.1505955e+01 0.0000000e+00 
1.9500000e+01 3.6688068e+01 0.0000000e+00 
1.4250000e+01 3.9053394e+01 0.0000000e+00 
9.7500000e+00 4.0413681e+01 0.0000000e+00 
2.8500000e+01 3.0287565e+01 0.0000000e+00 
6.7500000e+00 4.1042679e+01 0.0000000e+00 
2.7750000e+01 3.0984364e+01 0.0000000e+00 
2.5500000e+01 3.2898617e+01 0.0000000e+00 
2.9250000e+01 2.9647833e+01 0.0000000e+00 
2.7000000e+01 3.1731750e+01 0.0000000e+00 
1.5000000e+01 3.8886429e+01 0.0000000e+00 
9.0000000e+00 4.0703671e+01 0.0000000e+00 
1.7250000e+01 3.7956173e+01 0.0000000e+00 
2.2500000e+01 3.5104439e+01 0.0000000e+00 
1.8750000e+01 3.7259045e+01 0.0000000e+00 
2.1750000e+01 3.5593750e+01 0.0000000e+00 
3.0750000e+01 2.8187500e+01 0.0000000e+00 
2.3250000e+01 3.4635628e+01 0.0000000e+00 
3.0000000e+00 4.1611984e+01 0.0000000e+00 
4.5000000e+00 4.1487667e+01 0.0000000e+00 
2.1000000e+01 3.6103783e+01 0.0000000e+00 
2.4000000e+01 3.4187500e+01 0.0000000e+00 
3.0000000e+01 2.9072136e+01 0.0000000e+00 
1.5000000e+00 4.1763947e+01 0.0000000e+00 
2.6250000e+01 3.2523941e+01 0.0000000e+00 
1.5750000e+01 3.8735100e+01 0.0000000e+00 
6.0000000e+00 4.1395512e+01 0.0000000e+00 
8.2500000e+00 4.1012085e+01 0.0000000e+00 
2.0250000e+01 3.6635143e+01 0.0000000e+00 
2.4750000e+01 3.3760632e+01 0.0000000e+00 
2.8500000e+01 3.0711792e+01 0.0000000e+00 
1.8000000e+01 3.7854706e+01 0.0000000e+00 
2.7750000e+01 3.1418909e+01 0.0000000e+00 
0.0000000e+00 4.1937500e+01 0.0000000e+00 
2.9250000e+01 3.0060087e+01 0.0000000e+00 
3.0750000e+01 2.8567713e+01 0.0000000e+00 
1.6500000e+01 3.8598785e+01 0.0000000e+00 
1.2000000e+01 4.0232094e+01 0.0000000e+00 
2.5500000e+01 3.3355999e+01 0.0000000e+00 
1.2750000e+01 4.0005833e+01 0.0000000e+00 
1.9500000e+01 3.7188820e+01 0.0000000e+00 
2.7000000e+01 3.2175148e+01 0.0000000e+00 
1.1250000e+01 4.0476318e+01 0.0000000e+00 
7.5000000e+00 4.1338692e+01 0.0000000e+00 
1.3500000e+01 3.9797138e+01 0.0000000e+00 
3.7500000e+00 4.1880001e+01 0.0000000e+00 
3.0000000e+01 2.9470615e+01 0.0000000e+00 
1.0500000e+01 4.0738815e+01 0.0000000e+00 
2.2500000e+00 4.2023907e+01 0.0000000e+00 
1.4250000e+01 3.9605522e+01 0.0000000e+00 
5.2500000e+00 4.1765011e+01 0.0000000e+00 
2.2500000e+01 3.5583481e+01 0.0000000e+00 
2.3250000e+01 3.5109570e+01 0.0000000e+00 
2.1750000e+01 3.6077930e+01 0.0000000e+00 
2.6250000e+01 3.2974937e+01 0.0000000e+00 
2.4000000e+01 3.4656250e+01 0.0000000e+00 
9.7500000e+00 4.1019768e+01 0.0000000e+00 
1.8750000e+01 3.7766132e+01 0.0000000e+00 
1.7250000e+01 3.8476864e+01 0.0000000e+00 
1.5000000e+01 3.9430447e+01 0.0000000e+00 
2.1000000e+01 3.6593273e+01 0.0000000e+00 
7.5000000e-01 4.2191116e+01 0.0000000e+00 
2.8500000e+01 3.1137236e+01 0.0000000e+00 
6.7500000e+00 4.1683075e+01 0.0000000e+00 
3.0750000e+01 2.8950497e+01 0.0000000e+00 
2.4750000e+01 3.4223972e+01 0.0000000e+00 
2.9250000e+01 3.0473946e+01 0.0000000e+00 
2.7750000e+01 3.1854334e+01 0.0000000e+00 
9.0000000e+00 4.1319210e+01 0.0000000e+00 
2.0250000e+01 3.7130234e+01 0.0000000e+00 
1.5750000e+01 3.9271320e+01 0.0000000e+00 
3.0000000e+01 2.9871122e+01 0.0000000e+00 
2.7000000e+01 3.2619137e+01 0.0000000e+00 
2.5500000e+01 3.3813580e+01 0.0000000e+00 
1.8000000e+01 3.8368717e+01 0.0000000e+00 
4.5000000e+00 4.2150124e+01 0.0000000e+00 
3.0000000e+00 4.2285774e+01 0.0000000e+00 
1.9500000e+01 3.7689919e+01 0.0000000e+00 
8.2500000e+00 4.1637020e+01 0.0000000e+00 
1.6500000e+01 3.9127537e+01 0.0000000e+00 
6.0000000e+00 4.2044571e+01 0.0000000e+00 
1.5000000e+00 4.2446339e+01 0.0000000e+00 
3.0750000e+01 2.9335772e+01 0.0000000e+00 
2.6250000e+01 3.3426292e+01 0.0000000e+00 
2.3250000e+01 3.5583481e+01 0.0000000e+00 
2.2500000e+01 3.6062500e+01 0.0000000e+00 
2.8500000e+01 3.1563841e+01 0.0000000e+00 
1.2750000e+01 4.0577183e+01 0.0000000e+00 
1.2000000e+01 4.0812561e+01 0.0000000e+00 
2.9250000e+01 3.0889338e+01 0.0000000e+00 
2.4000000e+01 3.5125000e+01 0.0000000e+00 
2.1750000e+01 3.6562141e+01 0.0000000e+00 
1.3500000e+01 4.0359608e+01 0.0000000e+00 
2.7750000e+01 3.2290588e+01 0.0000000e+00 
1.1250000e+01 4.1066105e+01 0.0000000e+00 
2.4750000e+01 3.4687382e+01 0.0000000e+00 
1.4250000e+01 4.0159389e+01 0.0000000e+00 
2.1000000e+01 3.7082878e+01 0.0000000e+00 
1.8750000e+01 3.8273758e+01 0.0000000e+00 
3.0000000e+01 3.0273581e+01 0.0000000e+00 
0.0000000e+00 4.2625000e+01 0.0000000e+00 
7.5000000e+00 4.1972878e+01 0.0000000e+00 
1.7250000e+01 3.8998463e+01 0.0000000e+00 
1.0500000e+01 4.1338066e+01 0.0000000e+00 
2.7000000e+01 3.3063679e+01 0.0000000e+00 
1.5000000e+01 3.9976013e+01 0.0000000e+00 
3.7500000e+00 4.2549484e+01 0.0000000e+00 
2.5500000e+01 3.4271339e+01 0.0000000e+00 
2.0250000e+01 3.7625568e+01 0.0000000e+00 
3.1500000e+01 2.8875000e+01 0.0000000e+00 
5.2500000e+00 4.2422268e+01 0.0000000e+00 
9.7500000e+00 4.1628563e+01 0.0000000e+00 
2.2500000e+00 4.2703121e+01 0.0000000e+00 
3.0750000e+01 2.9723454e+01 0.0000000e+00 
1.5750000e+01 3.9808907e+01 0.0000000e+00 
2.9250000e+01 3.1306198e+01 0.0000000e+00 
2.8500000e+01 3.1991547e+01 0.0000000e+00 
1.8000000e+01 3.8883480e+01 0.0000000e+00 
2.6250000e+01 3.3877972e+01 0.0000000e+00 
6.7500000e+00 4.2326252e+01 0.0000000e+00 
1.9500000e+01 3.8191425e+01 0.0000000e+00 
7.5000000e-01 4.2876831e+01 0.0000000e+00 
9.0000000e+00 4.1937553e+01 0.0000000e+00 
2.3250000e+01 3.6057369e+01 0.0000000e+00 
3.0000000e+01 3.0677917e+01 0.0000000e+00 
2.7750000e+01 3.2727627e+01 0.0000000e+00 
2.2500000e+01 3.6541519e+01 0.0000000e+00 
2.4000000e+01 3.5593750e+01 0.0000000e+00 
1.6500000e+01 3.9657463e+01 0.0000000e+00 
2.1750000e+01 3.7046413e+01 0.0000000e+00 
3.1500000e+01 2.9245979e+01 0.0000000e+00 
2.4750000e+01 3.5150852e+01 0.0000000e+00 
2.7000000e+01 3.3508732e+01 0.0000000e+00 
3.0750000e+01 3.0113459e+01 0.0000000e+00 
2.1000000e+01 3.7572643e+01 0.0000000e+00 
4.5000000e+00 4.2814964e+01 0.0000000e+00 
8.2500000e+00 4.2264828e+01 0.0000000e+00 
3.0000000e+00 4.2961407e+01 0.0000000e+00 
1.8750000e+01 3.8781986e+01 0.0000000e+00 
1.2750000e+01 4.1150757e+01 0.0000000e+00 
2.5500000e+01 3.4729259e+01 0.0000000e+00 
1.3500000e+01 4.0924118e+01 0.0000000e+00 
1.2000000e+01 4.1395432e+01 0.0000000e+00 
6.0000000e+00 4.2696362e+01 0.0000000e+00 
1.7250000e+01 3.9521061e+01 0.0000000e+00 
1.4250000e+01 4.0715107e+01 0.0000000e+00 
1.1250000e+01 4.1658459e+01 0.0000000e+00 
2.9250000e+01 3.1724461e+01 0.0000000e+00 
1.5000000e+00 4.3129791e+01 0.0000000e+00 
2.0250000e+01 3.8121197e+01 0.0000000e+00 
2.8500000e+01 3.2420296e+01 0.0000000e+00 
3.0000000e+01 3.1084057e+01 0.0000000e+00 
1.5000000e+01 4.0523232e+01 0.0000000e+00 
2.6250000e+01 3.4329952e+01 0.0000000e+00 
1.0500000e+01 4.1940029e+01 0.0000000e+00 
3.1500000e+01 2.9619761e+01 0.0000000e+00 
2.7750000e+01 3.3165398e+01 0.0000000e+00 
7.5000000e+00 4.2609966e+01 0.0000000e+00 
2.3250000e+01 3.6531250e+01 0.0000000e+00 
0.0000000e+00 4.3312500e+01 0.0000000e+00 
1.5750000e+01 4.0347946e+01 0.0000000e+00 
3.0750000e+01 3.0505705e+01 0.0000000e+00 
1.8000000e+01 3.9399071e+01 0.0000000e+00 
2.4000000e+01 3.6062500e+01 0.0000000e+00 
2.2500000e+01 3.7020561e+01 0.0000000e+00 
1.9500000e+01 3.8693394e+01 0.0000000e+00 
9.7500000e+00 4.2240192e+01 0.0000000e+00 
2.4750000e+01 3.5614372e+01 0.0000000e+00 
2.1750000e+01 3.7530773e+01 0.0000000e+00 
2.7000000e+01 3.3954258e+01 0.0000000e+00 
3.7500000e+00 4.3221146e+01 0.0000000e+00 
5.2500000e+00 4.3082157e+01 0.0000000e+00 
2.2500000e+00 4.3383839e+01 0.0000000e+00 
1.6500000e+01 4.0188652e+01 0.0000000e+00 
2.5500000e+01 3.5187321e+01 0.0000000e+00 
2.9250000e+01 3.2144058e+01 0.0000000e+00 
2.1000000e+01 3.8062607e+01 0.0000000e+00 
2.8500000e+01 3.2850029e+01 0.0000000e+00 
3.0000000e+01 3.1491922e+01 0.0000000e+00 
3.1500000e+01 2.9996252e+01 0.0000000e+00 
6.7500000e+00 4.2972324e+01 0.0000000e+00 
9.0000000e+00 4.2558826e+01 0.0000000e+00 
1.8750000e+01 3.9290878e+01 0.0000000e+00 
7.5000000e-01 4.3563118e+01 0.0000000e+00 
2.6250000e+01 3.4782200e+01 0.0000000e+00 
2.7750000e+01 3.3603851e+01 0.0000000e+00 
3.0750000e+01 3.0900110e+01 0.0000000e+00 
1.7250000e+01 4.0044735e+01 0.0000000e+00 
2.0250000e+01 3.8617165e+01 0.0000000e+00 
1.2750000e+01 4.1726673e+01 0.0000000e+00 
1.3500000e+01 4.1490780e+01 0.0000000e+00 
1.2000000e+01 4.1980827e+01 0.0000000e+00 
1.4250000e+01 4.1272778e+01 0.0000000e+00 
8.2500000e+00 4.2895630e+01 0.0000000e+00 
2.3250000e+01 3.7005131e+01 0.0000000e+00 
2.4000000e+01 3.6531250e+01 0.0000000e+00 
4.5000000e+00 4.3482288e+01 0.0000000e+00 
1.1250000e+01 4.2253502e+01 0.0000000e+00 
1.5000000e+01 4.1072205e+01 0.0000000e+00 
2.7000000e+01 3.4400219e+01 0.0000000e+00 
2.2500000e+01 3.7499641e+01 0.0000000e+00 
3.0000000e+00 4.3638947e+01 0.0000000e+00 
3.2250000e+01 2.9562500e+01 0.0000000e+00 
2.4750000e+01 3.6077930e+01 0.0000000e+00 
3.1500000e+01 3.0375362e+01 0.0000000e+00 
6.0000000e+00 4.3350990e+01 0.0000000e+00 
2.9250000e+01 3.2564922e+01 0.0000000e+00 
1.9500000e+01 3.9195885e+01 0.0000000e+00 
1.8000000e+01 3.9915562e+01 0.0000000e+00 
3.0000000e+01 3.1901442e+01 0.0000000e+00 
2.1750000e+01 3.8015251e+01 0.0000000e+00 
2.8500000e+01 3.3280689e+01 0.0000000e+00 
1.5750000e+01 4.0888538e+01 0.0000000e+00 
1.0500000e+01 4.2544827e+01 0.0000000e+00 
2.5500000e+01 3.5645500e+01 0.0000000e+00 
1.5000000e+00 4.3814331e+01 0.0000000e+00 
3.0750000e+01 3.1296589e+01 0.0000000e+00 
7.5000000e+00 4.3250076e+01 0.0000000e+00 
2.1000000e+01 3.8552807e+01 0.0000000e+00 
2.7750000e+01 3.4042938e+01 0.0000000e+00 
1.6500000e+01 4.0721199e+01 0.0000000e+00 
2.6250000e+01 3.5234684e+01 0.0000000e+00 
9.7500000e+00 4.2854774e+01 0.0000000e+00 
3.2250000e+01 2.9924438e+01 0.0000000e+00 
1.8750000e+01 3.9800507e+01 0.0000000e+00 
0.0000000e+00 4.4000000e+01 0.0000000e+00 
3.1500000e+01 3.0757004e+01 0.0000000e+00 
2.0250000e+01 3.9113525e+01 0.0000000e+00 
3.7500000e+00 4.3895069e+01 0.0000000e+00 
5.2500000e+00 4.3744778e+01 0.0000000e+00 
2.7000000e+01 3.4846573e+01 0.0000000e+00 
1.7250000e+01 4.0569572e+01 0.0000000e+00 
2.9250000e+01 3.2986988e+01 0.0000000e+00 
3.0000000e+01 3.2312538e+01 0.0000000e+00 
2.4000000e+01 3.7000000e+01 0.0000000e+00 
2.3250000e+01 3.7479019e+01 0.0000000e+00 
9.0000000e+00 4.3183151e+01 0.0000000e+00 
2.2500000e+00 4.4066116e+01 0.0000000e+00 
2.4750000e+01 3.6541519e+01 0.0000000e+00 
6.7500000e+00 4.3621403e+01 0.0000000e+00 
2.2500000e+01 3.7978783e+01 0.0000000e+00 
2.8500000e+01 3.3712223e+01 0.0000000e+00 
3.0750000e+01 3.1695059e+01 0.0000000e+00 
1.3500000e+01 4.2059711e+01 0.0000000e+00 
1.2750000e+01 4.2305054e+01 0.0000000e+00 
1.4250000e+01 4.1832512e+01 0.0000000e+00 
2.5500000e+01 3.6103783e+01 0.0000000e+00 
2.1750000e+01 3.8499878e+01 0.0000000e+00 
1.2000000e+01 4.2568867e+01 0.0000000e+00 
1.9500000e+01 3.9698956e+01 0.0000000e+00 
1.5000000e+01 4.1623039e+01 0.0000000e+00 
3.2250000e+01 3.0289387e+01 0.0000000e+00 
7.5000000e-01 4.4250000e+01 0.0000000e+00 
1.8000000e+01 4.0433029e+01 0.0000000e+00 
2.7750000e+01 3.4482613e+01 0.0000000e+00 
3.1500000e+01 3.1141085e+01 0.0000000e+00 
2.6250000e+01 3.5687378e+01 0.0000000e+00 
1.1250000e+01 4.2851353e+01 0.0000000e+00 
8.2500000e+00 4.3529545e+01 0.0000000e+00 
1.5750000e+01 4.1430786e+01 0.0000000e+00 
2.1000000e+01 3.9043282e+01 0.0000000e+00 
4.5000000e+00 4.4152176e+01 0.0000000e+00 
3.0000000e+01 3.2725136e+01 0.0000000e+00 
2.9250000e+01 3.3410191e+01 0.0000000e+00 
1.0500000e+01 4.3152580e+01 0.0000000e+00 
6.0000000e+00 4.4008564e+01 0.0000000e+00 
3.0000000e+00 4.4318455e+01 0.0000000e+00 
1.6500000e+01 4.1255192e+01 0.0000000e+00 
2.7000000e+01 3.5293282e+01 0.0000000e+00 
3.0750000e+01 3.2095440e+01 0.0000000e+00 
1.8750000e+01 4.0310932e+01 0.0000000e+00 
2.8500000e+01 3.4144566e+01 0.0000000e+00 
2.0250000e+01 3.9610325e+01 0.0000000e+00 
2.4000000e+01 3.7468750e+01 0.0000000e+00 
3.2250000e+01 3.0657249e+01 0.0000000e+00 
2.3250000e+01 3.7952930e+01 0.0000000e+00 
2.4750000e+01 3.7005131e+01 0.0000000e+00 
1.5000000e+00 4.4500000e+01 0.0000000e+00 
7.5000000e+00 4.3893322e+01 0.0000000e+00 
9.7500000e+00 4.3472439e+01 0.0000000e+00 
2.2500000e+01 3.8458000e+01 0.0000000e+00 
3.1500000e+01 3.1527515e+01 0.0000000e+00 
1.7250000e+01 4.1095654e+01 0.0000000e+00 
2.5500000e+01 3.6562141e+01 0.0000000e+00 
2.7750000e+01 3.4922825e+01 0.0000000e+00 
2.1750000e+01 3.8984684e+01 0.0000000e+00 
2.6250000e+01 3.6140251e+01 0.0000000e+00 
1.9500000e+01 4.0202663e+01 0.0000000e+00 
3.0000000e+01 3.3139160e+01 0.0000000e+00 
1.3500000e+01 4.2631023e+01 0.0000000e+00 
5.2500000e+00 4.4410225e+01 0.0000000e+00 
2.9250000e+01 3.3834457e+01 0.0000000e+00 
1.4250000e+01 4.2394424e+01 0.0000000e+00 
9.0000000e+00 4.3810646e+01 0.0000000e+00 
3.7500000e+00 4.4571327e+01 0.0000000e+00 
1.8000000e+01 4.0951546e+01 0.0000000e+00 
3.0750000e+01 3.2497643e+01 0.0000000e+00 
1.2750000e+01 4.2886013e+01 0.0000000e+00 
3.2250000e+01 3.1027929e+01 0.0000000e+00 
1.5000000e+01 4.2175835e+01 0.0000000e+00 
2.1000000e+01 3.9534073e+01 0.0000000e+00 
3.3000000e+01 3.0250000e+01 0.0000000e+00 
6.7500000e+00 4.4273598e+01 0.0000000e+00 
2.7000000e+01 3.5740307e+01 0.0000000e+00 
1.2000000e+01 4.3159668e+01 0.0000000e+00 
2.2500000e+00 4.4750000e+01 0.0000000e+00 
2.8500000e+01 3.4577663e+01 0.0000000e+00 
1.5750000e+01 4.1974777e+01 0.0000000e+00 
3.1500000e+01 3.1916206e+01 0.0000000e+00 
1.1250000e+01 4.3452137e+01 0.0000000e+00 
2.4000000e+01 3.7937500e+01 0.0000000e+00 
2.4750000e+01 3.7468750e+01 0.0000000e+00 
2.3250000e+01 3.8426872e+01 0.0000000e+00 
1.8750000e+01 4.0822227e+01 0.0000000e+00 
2.0250000e+01 4.0107613e+01 0.0000000e+00 
1.6500000e+01 4.1790718e+01 0.0000000e+00 
8.2500000e+00 4.4166691e+01 0.0000000e+00 
2.7750000e+01 3.5363525e+01 0.0000000e+00 
2.5500000e+01 3.7020561e+01 0.0000000e+00 
2.2500000e+01 3.8937321e+01 0.0000000e+00 
1.0500000e+01 4.3763412e+01 0.0000000e+00 
3.3000000e+01 3.0603106e+01 0.0000000e+00 
3.0000000e+01 3.3554539e+01 0.0000000e+00 
3.2250000e+01 3.1401329e+01 0.0000000e+00 
3.0750000e+01 3.2901592e+01 0.0000000e+00 
2.6250000e+01 3.6593273e+01 0.0000000e+00 
2.9250000e+01 3.4259727e+01 0.0000000e+00 
4.5000000e+00 4.4824715e+01 0.0000000e+00 
1.7250000e+01 4.1623066e+01 0.0000000e+00 
2.1750000e+01 3.9469700e+01 0.0000000e+00 
6.0000000e+00 4.4669186e+01 0.0000000e+00 
3.0000000e+00 4.5000000e+01 0.0000000e+00 
3.1500000e+01 3.2307064e+01 0.0000000e+00 
1.9500000e+01 4.0707066e+01 0.0000000e+00 
2.8500000e+01 3.5011456e+01 0.0000000e+00 
2.7000000e+01 3.6187607e+01 0.0000000e+00 
9.7500000e+00 4.4093307e+01 0.0000000e+00 
7.5000000e+00 4.4539822e+01 0.0000000e+00 
2.1000000e+01 4.0025219e+01 0.0000000e+00 
1.8000000e+01 4.1471191e+01 0.0000000e+00 
3.3000000e+01 3.0959414e+01 0.0000000e+00 
1.4250000e+01 4.2958618e+01 0.0000000e+00 
1.3500000e+01 4.3204826e+01 0.0000000e+00 
3.2250000e+01 3.1777351e+01 0.0000000e+00 
1.5000000e+01 4.2730694e+01 0.0000000e+00 
2.4000000e+01 3.8406250e+01 0.0000000e+00 
2.4750000e+01 3.7932369e+01 0.0000000e+00 
2.7750000e+01 3.5804665e+01 0.0000000e+00 
1.2750000e+01 4.3469666e+01 0.0000000e+00 
2.3250000e+01 3.8900852e+01 0.0000000e+00 
3.0000000e+01 3.3971191e+01 0.0000000e+00 
2.5500000e+01 3.7479019e+01 0.0000000e+00 
3.0750000e+01 3.3307201e+01 0.0000000e+00 
9.0000000e+00 4.4441441e+01 0.0000000e+00 
1.5750000e+01 4.2520618e+01 0.0000000e+00 
1.2000000e+01 4.3753353e+01 0.0000000e+00 
2.9250000e+01 3.4685932e+01 0.0000000e+00 
2.0250000e+01 4.0605438e+01 0.0000000e+00 
5.2500000e+00 4.5078602e+01 0.0000000e+00 
2.2500000e+01 3.9416759e+01 0.0000000e+00 
1.8750000e+01 4.1334457e+01 0.0000000e+00 
2.6250000e+01 3.7046413e+01 0.0000000e+00 
3.1500000e+01 3.2700001e+01 0.0000000e+00 
3.7500000e+00 4.5250000e+01 0.0000000e+00 
1.6500000e+01 4.2327873e+01 0.0000000e+00 
6.7500000e+00 4.4929020e+01 0.0000000e+00 
1.1250000e+01 4.4055977e+01 0.0000000e+00 
2.8500000e+01 3.5445885e+01 0.0000000e+00 
2.1750000e+01 3.9954952e+01 0.0000000e+00 
3.3000000e+01 3.1318819e+01 0.0000000e+00 
2.7000000e+01 3.6635143e+01 0.0000000e+00 
3.2250000e+01 3.2155899e+01 0.0000000e+00 
1.7250000e+01 4.2151886e+01 0.0000000e+00 
8.2500000e+00 4.4807190e+01 0.0000000e+00 
1.9500000e+01 4.1212223e+01 0.0000000e+00 
1.0500000e+01 4.4377449e+01 0.0000000e+00 
3.0750000e+01 3.3714386e+01 0.0000000e+00 
3.0000000e+01 3.4389046e+01 0.0000000e+00 
2.1000000e+01 4.0516758e+01 0.0000000e+00 
2.7750000e+01 3.6246197e+01 0.0000000e+00 
2.4750000e+01 3.8395981e+01 0.0000000e+00 
2.4000000e+01 3.8875000e+01 0.0000000e+00 
1.8000000e+01 4.1992039e+01 0.0000000e+00 
3.1500000e+01 3.3094925e+01 0.0000000e+00 
2.9250000e+01 3.5113007e+01 0.0000000e+00 
2.5500000e+01 3.7937500e+01 0.0000000e+00 
4.5000000e+00 4.5500000e+01 0.0000000e+00 
2.3250000e+01 3.9374882e+01 0.0000000e+00 
6.0000000e+00 4.5332962e+01 0.0000000e+00 
3.3000000e+01 3.1681219e+01 0.0000000e+00 
9.7500000e+00 4.4717503e+01 0.0000000e+00 
2.6250000e+01 3.7499641e+01 0.0000000e+00 
3.3750000e+01 3.0937500e+01 0.0000000e+00 
1.4250000e+01 4.3525200e+01 0.0000000e+00 
2.2500000e+01 3.9896339e+01 0.0000000e+00 
7.5000000e+00 4.5189690e+01 0.0000000e+00 
3.2250000e+01 3.2536873e+01 0.0000000e+00 
1.5000000e+01 4.3287724e+01 0.0000000e+00 
1.3500000e+01 4.3781239e+01 0.0000000e+00 
2.0250000e+01 4.1103851e+01 0.0000000e+00 
2.8500000e+01 3.5880894e+01 0.0000000e+00 
1.8750000e+01 4.1847691e+01 0.0000000e+00 
1.5750000e+01 4.3068401e+01 0.0000000e+00 
1.2750000e+01 4.4056133e+01 0.0000000e+00 
2.7000000e+01 3.7082878e+01 0.0000000e+00 
2.1750000e+01 4.0440472e+01 0.0000000e+00 
1.6500000e+01 4.2866745e+01 0.0000000e+00 
3.0750000e+01 3.4123066e+01 0.0000000e+00 
1.2000000e+01 4.4350044e+01 0.0000000e+00 
3.0000000e+01 3.4808029e+01 0.0000000e+00 
9.0000000e+00 4.5075649e+01 0.0000000e+00 
3.1500000e+01 3.3491745e+01 0.0000000e+00 
3.3000000e+01 3.2046509e+01 0.0000000e+00 
2.7750000e+01 3.6688068e+01 0.0000000e+00 
3.3750000e+01 3.1282003e+01 0.0000000e+00 
2.9250000e+01 3.5540878e+01 0.0000000e+00 
1.7250000e+01 4.2682201e+01 0.0000000e+00 
5.2500000e+00 4.5750000e+01 0.0000000e+00 
1.9500000e+01 4.1718189e+01 0.0000000e+00 
1.1250000e+01 4.4662991e+01 0.0000000e+00 
2.4750000e+01 3.8859570e+01 0.0000000e+00 
2.1000000e+01 4.1008732e+01 0.0000000e+00 
3.2250000e+01 3.2920181e+01 0.0000000e+00 
6.7500000e+00 4.5587784e+01 0.0000000e+00 
2.4000000e+01 3.9343750e+01 0.0000000e+00 
2.5500000e+01 3.8395981e+01 0.0000000e+00 
2.3250000e+01 3.9848972e+01 0.0000000e+00 
2.6250000e+01 3.7952930e+01 0.0000000e+00 
2.8500000e+01 3.6316425e+01 0.0000000e+00 
1.8000000e+01 4.2514160e+01 0.0000000e+00 
8.2500000e+00 4.5451164e+01 0.0000000e+00 
1.0500000e+01 4.4994812e+01 0.0000000e+00 
2.2500000e+01 4.0376080e+01 0.0000000e+00 
2.7000000e+01 3.7530773e+01 0.0000000e+00 
3.0750000e+01 3.4533154e+01 0.0000000e+00 
3.3750000e+01 3.1629877e+01 0.0000000e+00 
3.3000000e+01 3.2414589e+01 0.0000000e+00 
3.1500000e+01 3.3890373e+01 0.0000000e+00 
2.0250000e+01 4.1602898e+01 0.0000000e+00 
3.0000000e+01 3.5228062e+01 0.0000000e+00 
1.8750000e+01 4.2361988e+01 0.0000000e+00 
1.4250000e+01 4.4094284e+01 0.0000000e+00 
1.5000000e+01 4.3847023e+01 0.0000000e+00 
2.1750000e+01 4.0926292e+01 0.0000000e+00 
2.7750000e+01 3.7130234e+01 0.0000000e+00 
3.2250000e+01 3.3305721e+01 0.0000000e+00 
2.9250000e+01 3.5969486e+01 0.0000000e+00 
1.3500000e+01 4.4360371e+01 0.0000000e+00 
1.5750000e+01 4.3618221e+01 0.0000000e+00 
9.7500000e+00 4.5345146e+01 0.0000000e+00 
6.0000000e+00 4.6000000e+01 0.0000000e+00 
1.2750000e+01 4.4645527e+01 0.0000000e+00 
1.6500000e+01 4.3407425e+01 0.0000000e+00 
7.5000000e+00 4.5843044e+01 0.0000000e+00 
2.4750000e+01 3.9323128e+01 0.0000000e+00 
2.5500000e+01 3.8854439e+01 0.0000000e+00 
2.4000000e+01 3.9812500e+01 0.0000000e+00 
3.3750000e+01 3.1981010e+01 0.0000000e+00 
2.8500000e+01 3.6752419e+01 0.0000000e+00 
1.9500000e+01 4.2225029e+01 0.0000000e+00 
2.1000000e+01 4.1501179e+01 0.0000000e+00 
3.3000000e+01 3.2785355e+01 0.0000000e+00 
2.6250000e+01 3.8406250e+01 0.0000000e+00 
1.2000000e+01 4.4949860e+01 0.0000000e+00 
1.7250000e+01 4.3214092e+01 0.0000000e+00 
2.3250000e+01 4.0323132e+01 0.0000000e+00 
3.0750000e+01 3.4944572e+01 0.0000000e+00 
3.1500000e+01 3.4290718e+01 0.0000000e+00 
9.0000000e+00 4.5713398e+01 0.0000000e+00 
3.0000000e+01 3.5649071e+01 0.0000000e+00 
2.7000000e+01 3.7978783e+01 0.0000000e+00 
3.2250000e+01 3.3693401e+01 0.0000000e+00 
2.2500000e+01 4.0855999e+01 0.0000000e+00 
1.1250000e+01 4.5273308e+01 0.0000000e+00 
1.8000000e+01 4.3037636e+01 0.0000000e+00 
2.9250000e+01 3.6398758e+01 0.0000000e+00 
2.7750000e+01 3.7572643e+01 0.0000000e+00 
2.0250000e+01 4.2102627e+01 0.0000000e+00 
6.7500000e+00 4.6250000e+01 0.0000000e+00 
3.3750000e+01 3.2335297e+01 0.0000000e+00 
2.1750000e+01 4.1412437e+01 0.0000000e+00 
3.3000000e+01 3.3158699e+01 0.0000000e+00 
1.8750000e+01 4.2877422e+01 0.0000000e+00 
3.4500000e+01 3.1625000e+01 0.0000000e+00 
1.0500000e+01 4.5615627e+01 0.0000000e+00 
8.2500000e+00 4.6098724e+01 0.0000000e+00 
2.8500000e+01 3.7188820e+01 0.0000000e+00 
2.4750000e+01 3.9786648e+01 0.0000000e+00 
3.0750000e+01 3.5357235e+01 0.0000000e+00 
2.5500000e+01 3.9312859e+01 0.0000000e+00 
3.1500000e+01 3.4692692e+01 0.0000000e+00 
1.5000000e+01 4.4408699e+01 0.0000000e+00 
1.4250000e+01 4.4665977e+01 0.0000000e+00 
2.4000000e+01 4.0281250e+01 0.0000000e+00 
1.5750000e+01 4.4170181e+01 0.0000000e+00 
2.6250000e+01 3.8859570e+01 0.0000000e+00 
3.0000000e+01 3.6070980e+01 0.0000000e+00 
3.2250000e+01 3.4083118e+01 0.0000000e+00 
1.3500000e+01 4.4942341e+01 0.0000000e+00 
1.6500000e+01 4.3950001e+01 0.0000000e+00 
2.1000000e+01 4.1994137e+01 0.0000000e+00 
2.3250000e+01 4.0797375e+01 0.0000000e+00 
2.7000000e+01 3.8426872e+01 0.0000000e+00 
1.9500000e+01 4.2732796e+01 0.0000000e+00 
3.3750000e+01 3.2692623e+01 0.0000000e+00 
9.7500000e+00 4.5976360e+01 0.0000000e+00 
1.2750000e+01 4.5237972e+01 0.0000000e+00 
1.7250000e+01 4.3747643e+01 0.0000000e+00 
3.4500000e+01 3.1961149e+01 0.0000000e+00 
2.9250000e+01 3.6828632e+01 0.0000000e+00 
3.3000000e+01 3.3534523e+01 0.0000000e+00 
2.2500000e+01 4.1336117e+01 0.0000000e+00 
2.7750000e+01 3.8015251e+01 0.0000000e+00 
7.5000000e+00 4.6500000e+01 0.0000000e+00 
1.2000000e+01 4.5552917e+01 0.0000000e+00 
1.8000000e+01 4.3562538e+01 0.0000000e+00 
3.1500000e+01 3.5096199e+01 0.0000000e+00 
2.0250000e+01 4.2603088e+01 0.0000000e+00 
3.0750000e+01 3.5771061e+01 0.0000000e+00 
2.8500000e+01 3.7625568e+01 0.0000000e+00 
3.2250000e+01 3.4474777e+01 0.0000000e+00 
2.1750000e+01 4.1898941e+01 0.0000000e+00 
9.0000000e+00 4.6354809e+01 0.0000000e+00 
3.3750000e+01 3.3052887e+01 0.0000000e+00 
3.0000000e+01 3.6493717e+01 0.0000000e+00 
2.5500000e+01 3.9771217e+01 0.0000000e+00 
1.1250000e+01 4.5887043e+01 0.0000000e+00 
2.4750000e+01 4.0250118e+01 0.0000000e+00 
3.4500000e+01 3.2300812e+01 0.0000000e+00 
2.6250000e+01 3.9312859e+01 0.0000000e+00 
1.8750000e+01 4.3394058e+01 0.0000000e+00 
2.4000000e+01 4.0750000e+01 0.0000000e+00 
3.3000000e+01 3.3912724e+01 0.0000000e+00 
2.7000000e+01 3.8875000e+01 0.0000000e+00 
2.9250000e+01 3.7259045e+01 0.0000000e+00 
2.3250000e+01 4.1271702e+01 0.0000000e+00 
2.1000000e+01 4.2487648e+01 0.0000000e+00 
1.5000000e+01 4.4972855e+01 0.0000000e+00 
1.5750000e+01 4.4724373e+01 0.0000000e+00 
1.0500000e+01 4.6240013e+01 0.0000000e+00 
2.7750000e+01 3.8458000e+01 0.0000000e+00 
1.4250000e+01 4.5240387e+01 0.0000000e+00 
1.9500000e+01 4.3241547e+01 0.0000000e+00 
1.6500000e+01 4.4494564e+01 0.0000000e+00 
3.1500000e+01 3.5501152e+01 0.0000000e+00 
8.2500000e+00 4.6750000e+01 0.0000000e+00 
2.2500000e+01 4.1816452e+01 0.0000000e+00 
1.3500000e+01 4.5527252e+01 0.0000000e+00 
3.0750000e+01 3.6185963e+01 0.0000000e+00 
3.3750000e+01 3.3415977e+01 0.0000000e+00 
3.2250000e+01 3.4868286e+01 0.0000000e+00 
3.4500000e+01 3.2643875e+01 0.0000000e+00 
1.7250000e+01 4.4282940e+01 0.0000000e+00 
2.8500000e+01 3.8062607e+01 0.0000000e+00 
3.0000000e+01 3.6917206e+01 0.0000000e+00 
1.2750000e+01 4.5833580e+01 0.0000000e+00 
3.3000000e+01 3.4293194e+01 0.0000000e+00 
9.7500000e+00 4.6611271e+01 0.0000000e+00 
1.8000000e+01 4.4088943e+01 0.0000000e+00 
2.0250000e+01 4.3104332e+01 0.0000000e+00 
2.5500000e+01 4.0229500e+01 0.0000000e+00 
2.1750000e+01 4.2385830e+01 0.0000000e+00 
2.4750000e+01 4.0713528e+01 0.0000000e+00 
2.6250000e+01 3.9766087e+01 0.0000000e+00 
1.2000000e+01 4.6159340e+01 0.0000000e+00 
2.4000000e+01 4.1218750e+01 0.0000000e+00 
2.7000000e+01 3.9323128e+01 0.0000000e+00 
2.9250000e+01 3.7689919e+01 0.0000000e+00 
3.4500000e+01 3.2990227e+01 0.0000000e+00 
1.8750000e+01 4.3911961e+01 0.0000000e+00 
3.3750000e+01 3.3781784e+01 0.0000000e+00 
3.1500000e+01 3.5907463e+01 0.0000000e+00 
2.3250000e+01 4.1746136e+01 0.0000000e+00 
2.7750000e+01 3.8900852e+01 0.0000000e+00 
3.2250000e+01 3.5263538e+01 0.0000000e+00 
3.0750000e+01 3.6601864e+01 0.0000000e+00 
3.5250000e+01 3.2312500e+01 0.0000000e+00 
2.1000000e+01 4.2981750e+01 0.0000000e+00 
1.1250000e+01 4.6504322e+01 0.0000000e+00 
9.0000000e+00 4.7000000e+01 0.0000000e+00 
3.3000000e+01 3.4675835e+01 0.0000000e+00 
3.0000000e+01 3.7341370e+01 0.0000000e+00 
1.9500000e+01 4.3751339e+01 0.0000000e+00 
2.8500000e+01 3.8499878e+01 0.0000000e+00 
2.2500000e+01 4.2297028e+01 0.0000000e+00 
1.5750000e+01 4.5280899e+01 0.0000000e+00 
1.5000000e+01 4.5539589e+01 0.0000000e+00 
1.6500000e+01 4.5041206e+01 0.0000000e+00 
3.4500000e+01 3.3339752e+01 0.0000000e+00 
1.4250000e+01 4.5817623e+01 0.0000000e+00 
3.3750000e+01 3.4150200e+01 0.0000000e+00 
2.5500000e+01 4.0687679e+01 0.0000000e+00 
1.7250000e+01 4.4820061e+01 0.0000000e+00 
2.6250000e+01 4.0219227e+01 0.0000000e+00 
1.0500000e+01 4.6868095e+01 0.0000000e+00 
3.5250000e+01 3.2640564e+01 0.0000000e+00 
2.4750000e+01 4.1176868e+01 0.0000000e+00 
2.9250000e+01 3.8121197e+01 0.0000000e+00 
1.3500000e+01 4.6115227e+01 0.0000000e+00 
2.7000000e+01 3.9771217e+01 0.0000000e+00 
3.1500000e+01 3.6315037e+01 0.0000000e+00 
2.1750000e+01 4.2873138e+01 0.0000000e+00 
2.0250000e+01 4.3606407e+01 0.0000000e+00 
3.2250000e+01 3.5660446e+01 0.0000000e+00 
2.4000000e+01 4.1687500e+01 0.0000000e+00 
1.8000000e+01 4.4616924e+01 0.0000000e+00 
3.0750000e+01 3.7018673e+01 0.0000000e+00 
2.7750000e+01 3.9343750e+01 0.0000000e+00 
3.3000000e+01 3.5060539e+01 0.0000000e+00 
1.2750000e+01 4.6432468e+01 0.0000000e+00 
2.3250000e+01 4.2220676e+01 0.0000000e+00 
3.4500000e+01 3.3692341e+01 0.0000000e+00 
1.8750000e+01 4.4431198e+01 0.0000000e+00 
3.0000000e+01 3.7766132e+01 0.0000000e+00 
9.7500000e+00 4.7250000e+01 0.0000000e+00 
2.8500000e+01 3.8937321e+01 0.0000000e+00 
3.5250000e+01 3.2972260e+01 0.0000000e+00 
3.3750000e+01 3.4521118e+01 0.0000000e+00 
2.1000000e+01 4.3476482e+01 0.0000000e+00 
1.2000000e+01 4.6769249e+01 0.0000000e+00 
2.2500000e+01 4.2777866e+01 0.0000000e+00 
1.9500000e+01 4.4262238e+01 0.0000000e+00 
3.2250000e+01 3.6058907e+01 0.0000000e+00 
3.1500000e+01 3.6723785e+01 0.0000000e+00 
2.9250000e+01 3.8552807e+01 0.0000000e+00 
2.5500000e+01 4.1145741e+01 0.0000000e+00 
2.6250000e+01 4.0672249e+01 0.0000000e+00 
3.3000000e+01 3.5447205e+01 0.0000000e+00 
2.4750000e+01 4.1640125e+01 0.0000000e+00 
2.7000000e+01 4.0219227e+01 0.0000000e+00 
3.0750000e+01 3.7436317e+01 0.0000000e+00 
1.1250000e+01 4.7125267e+01 0.0000000e+00 
1.5750000e+01 4.5839851e+01 0.0000000e+00 
3.4500000e+01 3.4047871e+01 0.0000000e+00 
1.6500000e+01 4.5590015e+01 0.0000000e+00 
1.5000000e+01 4.6109009e+01 0.0000000e+00 
3.5250000e+01 3.3307468e+01 0.0000000e+00 
2.7750000e+01 3.9786648e+01 0.0000000e+00 
2.4000000e+01 4.2156250e+01 0.0000000e+00 
2.1750000e+01 4.3360893e+01 0.0000000e+00 
1.7250000e+01 4.5359089e+01 0.0000000e+00 
2.0250000e+01 4.4109364e+01 0.0000000e+00 
1.4250000e+01 4.6397797e+01 0.0000000e+00 
3.3750000e+01 3.4894424e+01 0.0000000e+00 
3.0000000e+01 3.8191425e+01 0.0000000e+00 
1.8000000e+01 4.5146557e+01 0.0000000e+00 
2.8500000e+01 3.9374882e+01 0.0000000e+00 
2.3250000e+01 4.2695335e+01 0.0000000e+00 
1.3500000e+01 4.6706375e+01 0.0000000e+00 
1.0500000e+01 4.7500000e+01 0.0000000e+00 
3.2250000e+01 3.6458820e+01 0.0000000e+00 
3.1500000e+01 3.7133617e+01 0.0000000e+00 
1.8750000e+01 4.4951836e+01 0.0000000e+00 
3.3000000e+01 3.5835732e+01 0.0000000e+00 
3.4500000e+01 3.4406239e+01 0.0000000e+00 
2.1000000e+01 4.3971889e+01 0.0000000e+00 
3.5250000e+01 3.3646080e+01 0.0000000e+00 
1.2750000e+01 4.7034760e+01 0.0000000e+00 
2.9250000e+01 3.8984684e+01 0.0000000e+00 
2.2500000e+01 4.3258980e+01 0.0000000e+00 
3.0750000e+01 3.7854706e+01 0.0000000e+00 
2.6250000e+01 4.1125122e+01 0.0000000e+00 
2.5500000e+01 4.1603661e+01 0.0000000e+00 
2.7000000e+01 4.0667122e+01 0.0000000e+00 
3.3750000e+01 3.5270012e+01 0.0000000e+00 
1.9500000e+01 4.4774292e+01 0.0000000e+00 
3.6000000e+01 3.3000000e+01 0.0000000e+00 
2.4750000e+01 4.2103298e+01 0.0000000e+00 
2.7750000e+01 4.0229500e+01 0.0000000e+00 
1.2000000e+01 4.7382763e+01 0.0000000e+00 
3.0000000e+01 3.8617165e+01 0.0000000e+00 
2.4000000e+01 4.2625000e+01 0.0000000e+00 
2.1750000e+01 4.3849121e+01 0.0000000e+00 
2.8500000e+01 3.9812500e+01 0.0000000e+00 
3.5250000e+01 3.3987972e+01 0.0000000e+00 
3.2250000e+01 3.6860100e+01 0.0000000e+00 
3.4500000e+01 3.4767326e+01 0.0000000e+00 
2.0250000e+01 4.4613247e+01 0.0000000e+00 
1.5750000e+01 4.6401329e+01 0.0000000e+00 
1.6500000e+01 4.6141087e+01 0.0000000e+00 
3.3000000e+01 3.6226013e+01 0.0000000e+00 
3.1500000e+01 3.7544445e+01 0.0000000e+00 
1.5000000e+01 4.6681217e+01 0.0000000e+00 
2.3250000e+01 4.3170124e+01 0.0000000e+00 
1.7250000e+01 4.5900108e+01 0.0000000e+00 
3.6000000e+01 3.3320263e+01 0.0000000e+00 
1.1250000e+01 4.7750000e+01 0.0000000e+00 
2.9250000e+01 3.9416759e+01 0.0000000e+00 
3.3750000e+01 3.5647778e+01 0.0000000e+00 
1.4250000e+01 4.6981010e+01 0.0000000e+00 
3.0750000e+01 3.8273758e+01 0.0000000e+00 
1.8000000e+01 4.5677917e+01 0.0000000e+00 
2.6250000e+01 4.1577816e+01 0.0000000e+00 
2.1000000e+01 4.4468002e+01 0.0000000e+00 
2.5500000e+01 4.2061420e+01 0.0000000e+00 
2.7000000e+01 4.1114857e+01 0.0000000e+00 
1.8750000e+01 4.5473946e+01 0.0000000e+00 
2.2500000e+01 4.3740395e+01 0.0000000e+00 
1.3500000e+01 4.7300812e+01 0.0000000e+00 
3.5250000e+01 3.4333027e+01 0.0000000e+00 
2.7750000e+01 4.0672249e+01 0.0000000e+00 
3.0000000e+01 3.9043282e+01 0.0000000e+00 
3.4500000e+01 3.5131023e+01 0.0000000e+00 
2.4750000e+01 4.2566364e+01 0.0000000e+00 
3.6000000e+01 3.3644249e+01 0.0000000e+00 
3.2250000e+01 3.7262638e+01 0.0000000e+00 
3.3000000e+01 3.6617947e+01 0.0000000e+00 
1.9500000e+01 4.5287563e+01 0.0000000e+00 
1.2750000e+01 4.7640564e+01 0.0000000e+00 
2.8500000e+01 4.0250118e+01 0.0000000e+00 
3.1500000e+01 3.7956173e+01 0.0000000e+00 
2.4000000e+01 4.3093750e+01 0.0000000e+00 
3.3750000e+01 3.6027607e+01 0.0000000e+00 
2.1750000e+01 4.4337860e+01 0.0000000e+00 
3.0750000e+01 3.8693394e+01 0.0000000e+00 
2.9250000e+01 3.9848972e+01 0.0000000e+00 
3.5250000e+01 3.4681133e+01 0.0000000e+00 
2.3250000e+01 4.3645058e+01 0.0000000e+00 
2.0250000e+01 4.5118103e+01 0.0000000e+00 
1.2000000e+01 4.8000000e+01 0.0000000e+00 
3.6000000e+01 3.3971840e+01 0.0000000e+00 
3.4500000e+01 3.5497211e+01 0.0000000e+00 
1.6500000e+01 4.6694504e+01 0.0000000e+00 
1.5750000e+01 4.6965427e+01 0.0000000e+00 
1.7250000e+01 4.6443207e+01 0.0000000e+00 
2.6250000e+01 4.2030300e+01 0.0000000e+00 
2.7000000e+01 4.1562393e+01 0.0000000e+00 
3.0000000e+01 3.9469700e+01 0.0000000e+00 
2.5500000e+01 4.2519001e+01 0.0000000e+00 
1.5000000e+01 4.7256317e+01 0.0000000e+00 
3.2250000e+01 3.7666344e+01 0.0000000e+00 
3.3000000e+01 3.7011429e+01 0.0000000e+00 
1.8000000e+01 4.6211082e+01 0.0000000e+00 
2.7750000e+01 4.1114857e+01 0.0000000e+00 
2.2500000e+01 4.4222130e+01 0.0000000e+00 
2.1000000e+01 4.4964863e+01 0.0000000e+00 
2.4750000e+01 4.3029324e+01 0.0000000e+00 
3.1500000e+01 3.8368717e+01 0.0000000e+00 
3.3750000e+01 3.6409389e+01 0.0000000e+00 
1.4250000e+01 4.7567375e+01 0.0000000e+00 
1.8750000e+01 4.5997589e+01 0.0000000e+00 
2.8500000e+01 4.0687679e+01 0.0000000e+00 
3.5250000e+01 3.5032166e+01 0.0000000e+00 
3.6000000e+01 3.4302917e+01 0.0000000e+00 
2.4000000e+01 4.3562500e+01 0.0000000e+00 
3.0750000e+01 3.9113525e+01 0.0000000e+00 
1.3500000e+01 4.7898651e+01 0.0000000e+00 
3.4500000e+01 3.5865780e+01 0.0000000e+00 
1.9500000e+01 4.5802113e+01 0.0000000e+00 
2.9250000e+01 4.0281250e+01 0.0000000e+00 
2.1750000e+01 4.4827133e+01 0.0000000e+00 
3.6750000e+01 3.3687500e+01 0.0000000e+00 
2.3250000e+01 4.4120136e+01 0.0000000e+00 
3.3000000e+01 3.7406357e+01 0.0000000e+00 
3.2250000e+01 3.8071117e+01 0.0000000e+00 
1.2750000e+01 4.8250000e+01 0.0000000e+00 
2.0250000e+01 4.5623989e+01 0.0000000e+00 
3.0000000e+01 3.9896339e+01 0.0000000e+00 
3.3750000e+01 3.6793022e+01 0.0000000e+00 
2.7000000e+01 4.2009693e+01 0.0000000e+00 
2.6250000e+01 4.2482548e+01 0.0000000e+00 
3.5250000e+01 3.5386013e+01 0.0000000e+00 
3.6000000e+01 3.4637360e+01 0.0000000e+00 
3.1500000e+01 3.8781986e+01 0.0000000e+00 
2.7750000e+01 4.1557266e+01 0.0000000e+00 
2.5500000e+01 4.2976383e+01 0.0000000e+00 
3.4500000e+01 3.6236618e+01 0.0000000e+00 
2.8500000e+01 4.1125122e+01 0.0000000e+00 
2.4750000e+01 4.3492165e+01 0.0000000e+00 
2.2500000e+01 4.4704201e+01 0.0000000e+00 
1.6500000e+01 4.7250362e+01 0.0000000e+00 
1.7250000e+01 4.6988461e+01 0.0000000e+00 
3.6750000e+01 3.4000267e+01 0.0000000e+00 
1.5750000e+01 4.7532249e+01 0.0000000e+00 
2.1000000e+01 4.5462517e+01 0.0000000e+00 
3.0750000e+01 3.9534073e+01 0.0000000e+00 
1.8000000e+01 4.6746120e+01 0.0000000e+00 
1.5000000e+01 4.7834412e+01 0.0000000e+00 
2.9250000e+01 4.0713528e+01 0.0000000e+00 
2.4000000e+01 4.4031250e+01 0.0000000e+00 
1.8750000e+01 4.6522831e+01 0.0000000e+00 
3.3000000e+01 3.7802628e+01 0.0000000e+00 
3.6000000e+01 3.4975044e+01 0.0000000e+00 
3.5250000e+01 3.5742554e+01 0.0000000e+00 
3.2250000e+01 3.8476864e+01 0.0000000e+00 
3.3750000e+01 3.7178394e+01 0.0000000e+00 
1.4250000e+01 4.8157005e+01 0.0000000e+00 
1.9500000e+01 4.6317993e+01 0.0000000e+00 
3.0000000e+01 4.0323132e+01 0.0000000e+00 
2.1750000e+01 4.5316971e+01 0.0000000e+00 
3.6750000e+01 3.4316822e+01 0.0000000e+00 
3.1500000e+01 3.9195885e+01 0.0000000e+00 
2.3250000e+01 4.4595379e+01 0.0000000e+00 
3.4500000e+01 3.6609608e+01 0.0000000e+00 
2.7000000e+01 4.2456718e+01 0.0000000e+00 
2.6250000e+01 4.2934528e+01 0.0000000e+00 
2.7750000e+01 4.1999432e+01 0.0000000e+00 
1.3500000e+01 4.8500000e+01 0.0000000e+00 
2.5500000e+01 4.3433548e+01 0.0000000e+00 
2.0250000e+01 4.6130947e+01 0.0000000e+00 
2.8500000e+01 4.1562393e+01 0.0000000e+00 
3.0750000e+01 3.9954952e+01 0.0000000e+00 
3.6000000e+01 3.5315853e+01 0.0000000e+00 
2.4750000e+01 4.3954876e+01 0.0000000e+00 
3.5250000e+01 3.6101673e+01 0.0000000e+00 
2.2500000e+01 4.5186634e+01 0.0000000e+00 
3.3000000e+01 3.8200138e+01 0.0000000e+00 
2.9250000e+01 4.1145741e+01 0.0000000e+00 
3.3750000e+01 3.7565395e+01 0.0000000e+00 
3.6750000e+01 3.4637043e+01 0.0000000e+00 
3.2250000e+01 3.8883480e+01 0.0000000e+00 
2.1000000e+01 4.5960995e+01 0.0000000e+00 
2.4000000e+01 4.4500000e+01 0.0000000e+00 
1.7250000e+01 4.7535954e+01 0.0000000e+00 
1.6500000e+01 4.7808750e+01 0.0000000e+00 
3.4500000e+01 3.6984638e+01 0.0000000e+00 
1.8000000e+01 4.7283115e+01 0.0000000e+00 
3.0000000e+01 4.0750000e+01 0.0000000e+00 
3.1500000e+01 3.9610325e+01 0.0000000e+00 
1.5750000e+01 4.8101887e+01 0.0000000e+00 
1.8750000e+01 4.7049744e+01 0.0000000e+00 
3.6000000e+01 3.5659668e+01 0.0000000e+00 
1.5000000e+01 4.8415607e+01 0.0000000e+00 
2.7000000e+01 4.2903427e+01 0.0000000e+00 
2.7750000e+01 4.2441303e+01 0.0000000e+00 
2.1750000e+01 4.5807404e+01 0.0000000e+00 
2.6250000e+01 4.3386208e+01 0.0000000e+00 
2.3250000e+01 4.5070789e+01 0.0000000e+00 
3.5250000e+01 3.6463257e+01 0.0000000e+00 
3.6750000e+01 3.4960808e+01 0.0000000e+00 
1.9500000e+01 4.6835266e+01 0.0000000e+00 
3.0750000e+01 4.0376080e+01 0.0000000e+00 
2.8500000e+01 4.1999432e+01 0.0000000e+00 
2.5500000e+01 4.3890472e+01 0.0000000e+00 
3.3000000e+01 3.8598785e+01 0.0000000e+00 
3.3750000e+01 3.7953922e+01 0.0000000e+00 
1.4250000e+01 4.8750000e+01 0.0000000e+00 
3.2250000e+01 3.9290878e+01 0.0000000e+00 
2.9250000e+01 4.1577816e+01 0.0000000e+00 
2.0250000e+01 4.6639030e+01 0.0000000e+00 
2.4750000e+01 4.4417442e+01 0.0000000e+00 
3.4500000e+01 3.7361595e+01 0.0000000e+00 
3.7500000e+01 3.4375000e+01 0.0000000e+00 
2.2500000e+01 4.5669445e+01 0.0000000e+00 
3.6000000e+01 3.6006367e+01 0.0000000e+00 
3.1500000e+01 4.0025219e+01 0.0000000e+00 
3.0000000e+01 4.1176868e+01 0.0000000e+00 
3.6750000e+01 3.5287991e+01 0.0000000e+00 
2.4000000e+01 4.4968750e+01 0.0000000e+00 
3.5250000e+01 3.6827183e+01 0.0000000e+00 
2.1000000e+01 4.6460342e+01 0.0000000e+00 
2.7000000e+01 4.3349781e+01 0.0000000e+00 
3.7500000e+01 3.4680595e+01 0.0000000e+00 
2.7750000e+01 4.2882835e+01 0.0000000e+00 
3.3750000e+01 3.8343857e+01 0.0000000e+00 
1.7250000e+01 4.8085773e+01 0.0000000e+00 
3.3000000e+01 3.8998463e+01 0.0000000e+00 
3.0750000e+01 4.0797375e+01 0.0000000e+00 
2.6250000e+01 4.3837563e+01 0.0000000e+00 
1.8000000e+01 4.7822136e+01 0.0000000e+00 
1.6500000e+01 4.8369759e+01 0.0000000e+00 
2.8500000e+01 4.2436180e+01 0.0000000e+00 
3.4500000e+01 3.7740368e+01 0.0000000e+00 
2.3250000e+01 4.5546379e+01 0.0000000e+00 
1.8750000e+01 4.7578392e+01 0.0000000e+00 
3.2250000e+01 3.9698956e+01 0.0000000e+00 
2.1750000e+01 4.6298466e+01 0.0000000e+00 
2.5500000e+01 4.4347134e+01 0.0000000e+00 
1.5750000e+01 4.8674438e+01 0.0000000e+00 
3.6000000e+01 3.6355827e+01 0.0000000e+00 
3.6750000e+01 3.5618477e+01 0.0000000e+00 
2.9250000e+01 4.2009693e+01 0.0000000e+00 
1.9500000e+01 4.7353989e+01 0.0000000e+00 
3.5250000e+01 3.7193333e+01 0.0000000e+00 
1.5000000e+01 4.9000000e+01 0.0000000e+00 
2.4750000e+01 4.4879864e+01 0.0000000e+00 
3.1500000e+01 4.0440472e+01 0.0000000e+00 
3.7500000e+01 3.4990013e+01 0.0000000e+00 
3.0000000e+01 4.1603661e+01 0.0000000e+00 
2.0250000e+01 4.7148285e+01 0.0000000e+00 
2.2500000e+01 4.6152653e+01 0.0000000e+00 
3.3750000e+01 3.8735100e+01 0.0000000e+00 
2.4000000e+01 4.5437500e+01 0.0000000e+00 
3.3000000e+01 3.9399071e+01 0.0000000e+00 
3.6750000e+01 3.5952137e+01 0.0000000e+00 
3.4500000e+01 3.8120838e+01 0.0000000e+00 
3.6000000e+01 3.6707932e+01 0.0000000e+00 
3.0750000e+01 4.1218750e+01 0.0000000e+00 
2.1000000e+01 4.6960594e+01 0.0000000e+00 
2.7750000e+01 4.3323975e+01 0.0000000e+00 
2.7000000e+01 4.3795742e+01 0.0000000e+00 
3.2250000e+01 4.0107613e+01 0.0000000e+00 
2.8500000e+01 4.2872581e+01 0.0000000e+00 
2.6250000e+01 4.4288559e+01 0.0000000e+00 
3.7500000e+01 3.5303127e+01 0.0000000e+00 
3.5250000e+01 3.7561596e+01 0.0000000e+00 
2.9250000e+01 4.2441303e+01 0.0000000e+00 
2.5500000e+01 4.4803520e+01 0.0000000e+00 
2.3250000e+01 4.6022160e+01 0.0000000e+00 
3.1500000e+01 4.0855999e+01 0.0000000e+00 
2.1750000e+01 4.6790180e+01 0.0000000e+00 
1.8000000e+01 4.8363258e+01 0.0000000e+00 
1.7250000e+01 4.8637997e+01 0.0000000e+00 
1.8750000e+01 4.8108845e+01 0.0000000e+00 
3.0000000e+01 4.2030300e+01 0.0000000e+00 
1.6500000e+01 4.8933479e+01 0.0000000e+00 
3.6750000e+01 3.6288853e+01 0.0000000e+00 
2.4750000e+01 4.5342121e+01 0.0000000e+00 
3.6000000e+01 3.7062561e+01 0.0000000e+00 
3.3750000e+01 3.9127537e+01 0.0000000e+00 
1.9500000e+01 4.7874218e+01 0.0000000e+00 
3.4500000e+01 3.8502895e+01 0.0000000e+00 
3.3000000e+01 3.9800507e+01 0.0000000e+00 
1.5750000e+01 4.9250000e+01 0.0000000e+00 
3.7500000e+01 3.5619812e+01 0.0000000e+00 
3.0750000e+01 4.1640125e+01 0.0000000e+00 
2.2500000e+01 4.6636284e+01 0.0000000e+00 
3.5250000e+01 3.7931850e+01 0.0000000e+00 
2.0250000e+01 4.7658764e+01 0.0000000e+00 
3.2250000e+01 4.0516758e+01 0.0000000e+00 
2.4000000e+01 4.5906250e+01 0.0000000e+00 
2.7750000e+01 4.3764675e+01 0.0000000e+00 
2.7000000e+01 4.4241268e+01 0.0000000e+00 
2.8500000e+01 4.3308575e+01 0.0000000e+00 
2.6250000e+01 4.4739170e+01 0.0000000e+00 
3.6750000e+01 3.6628502e+01 0.0000000e+00 
3.8250000e+01 3.5062500e+01 0.0000000e+00 
2.9250000e+01 4.2872581e+01 0.0000000e+00 
2.1000000e+01 4.7461796e+01 0.0000000e+00 
3.1500000e+01 4.1271702e+01 0.0000000e+00 
3.6000000e+01 3.7419594e+01 0.0000000e+00 
3.7500000e+01 3.5939949e+01 0.0000000e+00 
2.5500000e+01 4.5259605e+01 0.0000000e+00 
3.3750000e+01 3.9521061e+01 0.0000000e+00 
3.4500000e+01 3.8886429e+01 0.0000000e+00 
3.0000000e+01 4.2456718e+01 0.0000000e+00 
2.3250000e+01 4.6498142e+01 0.0000000e+00 
3.3000000e+01 4.0202663e+01 0.0000000e+00 
2.1750000e+01 4.7282578e+01 0.0000000e+00 
3.5250000e+01 3.8303978e+01 0.0000000e+00 
2.4750000e+01 4.5804211e+01 0.0000000e+00 
3.8250000e+01 3.5361271e+01 0.0000000e+00 
3.0750000e+01 4.2061420e+01 0.0000000e+00 
3.2250000e+01 4.0926292e+01 0.0000000e+00 
1.8000000e+01 4.8906563e+01 0.0000000e+00 
3.6750000e+01 3.6970959e+01 0.0000000e+00 
1.7250000e+01 4.9192711e+01 0.0000000e+00 
1.8750000e+01 4.8641163e+01 0.0000000e+00 
3.7500000e+01 3.6263412e+01 0.0000000e+00 
1.9500000e+01 4.8396011e+01 0.0000000e+00 
1.6500000e+01 4.9500000e+01 0.0000000e+00 
3.6000000e+01 3.7778908e+01 0.0000000e+00 
2.7750000e+01 4.4204887e+01 0.0000000e+00 
2.8500000e+01 4.3744106e+01 0.0000000e+00 
2.7000000e+01 4.4686321e+01 0.0000000e+00 
2.2500000e+01 4.7120350e+01 0.0000000e+00 
2.4000000e+01 4.6375000e+01 0.0000000e+00 
3.1500000e+01 4.1687500e+01 0.0000000e+00 
2.0250000e+01 4.8170509e+01 0.0000000e+00 
2.9250000e+01 4.3303455e+01 0.0000000e+00 
2.6250000e+01 4.5189362e+01 0.0000000e+00 
3.3750000e+01 3.9915562e+01 0.0000000e+00 
3.4500000e+01 3.9271320e+01 0.0000000e+00 
3.8250000e+01 3.5663860e+01 0.0000000e+00 
3.3000000e+01 4.0605438e+01 0.0000000e+00 
3.5250000e+01 3.8677868e+01 0.0000000e+00 
3.0000000e+01 4.2882835e+01 0.0000000e+00 
2.5500000e+01 4.5715370e+01 0.0000000e+00 
2.1000000e+01 4.7963978e+01 0.0000000e+00 
3.6750000e+01 3.7316105e+01 0.0000000e+00 
3.7500000e+01 3.6590080e+01 0.0000000e+00 
2.3250000e+01 4.6974335e+01 0.0000000e+00 
3.2250000e+01 4.1336117e+01 0.0000000e+00 
3.0750000e+01 4.2482548e+01 0.0000000e+00 
3.6000000e+01 3.8140385e+01 0.0000000e+00 
2.4750000e+01 4.6266121e+01 0.0000000e+00 
2.1750000e+01 4.7775692e+01 0.0000000e+00 
3.8250000e+01 3.5970146e+01 0.0000000e+00 
3.4500000e+01 3.9657463e+01 0.0000000e+00 
2.7750000e+01 4.4644562e+01 0.0000000e+00 
3.3750000e+01 4.0310932e+01 0.0000000e+00 
2.8500000e+01 4.4179115e+01 0.0000000e+00 
3.1500000e+01 4.2103298e+01 0.0000000e+00 
2.7000000e+01 4.5130863e+01 0.0000000e+00 
3.5250000e+01 3.9053394e+01 0.0000000e+00 
2.9250000e+01 4.3733868e+01 0.0000000e+00 
3.6750000e+01 3.7663818e+01 0.0000000e+00 
3.7500000e+01 3.6919827e+01 0.0000000e+00 
1.8000000e+01 4.9452118e+01 0.0000000e+00 
1.8750000e+01 4.9175419e+01 0.0000000e+00 
2.4000000e+01 4.6843750e+01 0.0000000e+00 
3.3000000e+01 4.1008732e+01 0.0000000e+00 
2.6250000e+01 4.5639107e+01 0.0000000e+00 
2.2500000e+01 4.7604877e+01 0.0000000e+00 
1.7250000e+01 4.9750000e+01 0.0000000e+00 
1.9500000e+01 4.8919430e+01 0.0000000e+00 
3.0000000e+01 4.3308575e+01 0.0000000e+00 
3.6000000e+01 3.8503906e+01 0.0000000e+00 
3.8250000e+01 3.6280003e+01 0.0000000e+00 
2.0250000e+01 4.8683575e+01 0.0000000e+00 
2.5500000e+01 4.6170799e+01 0.0000000e+00 
3.2250000e+01 4.1746136e+01 0.0000000e+00 
3.0750000e+01 4.2903427e+01 0.0000000e+00 
2.1000000e+01 4.8467190e+01 0.0000000e+00 
2.3250000e+01 4.7450745e+01 0.0000000e+00 
3.4500000e+01 4.0044735e+01 0.0000000e+00 
3.7500000e+01 3.7252529e+01 0.0000000e+00 
3.6750000e+01 3.8013977e+01 0.0000000e+00 
2.4750000e+01 4.6727840e+01 0.0000000e+00 
3.3750000e+01 4.0707066e+01 0.0000000e+00 
3.5250000e+01 3.9430447e+01 0.0000000e+00 
3.9000000e+01 3.5750000e+01 0.0000000e+00 
3.1500000e+01 4.2519001e+01 0.0000000e+00 
3.8250000e+01 3.6593307e+01 0.0000000e+00 
2.7750000e+01 4.5083649e+01 0.0000000e+00 
2.8500000e+01 4.4613544e+01 0.0000000e+00 
2.1750000e+01 4.8269550e+01 0.0000000e+00 
3.3000000e+01 4.1412437e+01 0.0000000e+00 
2.9250000e+01 4.4163742e+01 0.0000000e+00 
2.7000000e+01 4.5574852e+01 0.0000000e+00 
3.6000000e+01 3.8869350e+01 0.0000000e+00 
3.0000000e+01 4.3733868e+01 0.0000000e+00 
2.6250000e+01 4.6088379e+01 0.0000000e+00 
2.4000000e+01 4.7312500e+01 0.0000000e+00 
3.2250000e+01 4.2156250e+01 0.0000000e+00 
2.2500000e+01 4.8089882e+01 0.0000000e+00 
3.7500000e+01 3.7588066e+01 0.0000000e+00 
3.9000000e+01 3.6042309e+01 0.0000000e+00 
3.0750000e+01 4.3323975e+01 0.0000000e+00 
3.6750000e+01 3.8366455e+01 0.0000000e+00 
1.8750000e+01 4.9711674e+01 0.0000000e+00 
1.8000000e+01 5.0000000e+01 0.0000000e+00 
2.5500000e+01 4.6625866e+01 0.0000000e+00 
1.9500000e+01 4.9444527e+01 0.0000000e+00 
3.4500000e+01 4.0433029e+01 0.0000000e+00 
3.8250000e+01 3.6909939e+01 0.0000000e+00 
3.5250000e+01 3.9808907e+01 0.0000000e+00 
3.3750000e+01 4.1103851e+01 0.0000000e+00 
2.0250000e+01 4.9198006e+01 0.0000000e+00 
3.6000000e+01 3.9236595e+01 0.0000000e+00 
3.1500000e+01 4.2934528e+01 0.0000000e+00 
2.3250000e+01 4.7927387e+01 0.0000000e+00 
3.3000000e+01 4.1816452e+01 0.0000000e+00 
2.1000000e+01 4.8971466e+01 0.0000000e+00 
2.4750000e+01 4.7189358e+01 0.0000000e+00 
3.9000000e+01 3.6338398e+01 0.0000000e+00 
2.8500000e+01 4.5047337e+01 0.0000000e+00 
2.7750000e+01 4.5522102e+01 0.0000000e+00 
2.9250000e+01 4.4593014e+01 0.0000000e+00 
3.7500000e+01 3.7926315e+01 0.0000000e+00 
2.7000000e+01 4.6018250e+01 0.0000000e+00 
3.8250000e+01 3.7229774e+01 0.0000000e+00 
3.6750000e+01 3.8721130e+01 0.0000000e+00 
3.0000000e+01 4.4158630e+01 0.0000000e+00 
2.1750000e+01 4.8764183e+01 0.0000000e+00 
3.2250000e+01 4.2566364e+01 0.0000000e+00 
2.6250000e+01 4.6537140e+01 0.0000000e+00 
3.4500000e+01 4.0822227e+01 0.0000000e+00 
3.5250000e+01 4.0188652e+01 0.0000000e+00 
2.4000000e+01 4.7781250e+01 0.0000000e+00 
3.0750000e+01 4.3744106e+01 0.0000000e+00 
3.3750000e+01 4.1501179e+01 0.0000000e+00 
3.9000000e+01 3.6638149e+01 0.0000000e+00 
3.6000000e+01 3.9605522e+01 0.0000000e+00 
2.2500000e+01 4.8575386e+01 0.0000000e+00 
2.5500000e+01 4.7080555e+01 0.0000000e+00 
3.7500000e+01 3.8267151e+01 0.0000000e+00 
3.1500000e+01 4.3349781e+01 0.0000000e+00 
3.3000000e+01 4.2220676e+01 0.0000000e+00 
3.8250000e+01 3.7552692e+01 0.0000000e+00 
1.8750000e+01 5.0250000e+01 0.0000000e+00 
1.9500000e+01 4.9971367e+01 0.0000000e+00 
3.6750000e+01 3.9077885e+01 0.0000000e+00 
2.8500000e+01 4.5480434e+01 0.0000000e+00 
2.0250000e+01 4.9713856e+01 0.0000000e+00 
2.7750000e+01 4.5959873e+01 0.0000000e+00 
2.9250000e+01 4.5021622e+01 0.0000000e+00 
2.4750000e+01 4.7650665e+01 0.0000000e+00 
2.3250000e+01 4.8404266e+01 0.0000000e+00 
3.9000000e+01 3.6941441e+01 0.0000000e+00 
3.2250000e+01 4.2976383e+01 0.0000000e+00 
3.0000000e+01 4.4582794e+01 0.0000000e+00 
2.7000000e+01 4.6461018e+01 0.0000000e+00 
3.5250000e+01 4.0569572e+01 0.0000000e+00 
3.4500000e+01 4.1212223e+01 0.0000000e+00 
2.1000000e+01 4.9476845e+01 0.0000000e+00 
3.6000000e+01 3.9976013e+01 0.0000000e+00 
3.3750000e+01 4.1898941e+01 0.0000000e+00 
3.0750000e+01 4.4163742e+01 0.0000000e+00 
2.6250000e+01 4.6985367e+01 0.0000000e+00 
3.7500000e+01 3.8610455e+01 0.0000000e+00 
3.8250000e+01 3.7878563e+01 0.0000000e+00 
2.1750000e+01 4.9259621e+01 0.0000000e+00 
2.4000000e+01 4.8250000e+01 0.0000000e+00 
3.6750000e+01 3.9436596e+01 0.0000000e+00 
3.3000000e+01 4.2625000e+01 0.0000000e+00 
3.1500000e+01 4.3764675e+01 0.0000000e+00 
3.9750000e+01 3.6437500e+01 0.0000000e+00 
3.9000000e+01 3.7248146e+01 0.0000000e+00 
2.5500000e+01 4.7534847e+01 0.0000000e+00 
2.2500000e+01 4.9061409e+01 0.0000000e+00 
3.5250000e+01 4.0951546e+01 0.0000000e+00 
2.8500000e+01 4.5912777e+01 0.0000000e+00 
3.4500000e+01 4.1602898e+01 0.0000000e+00 
2.9250000e+01 4.5449493e+01 0.0000000e+00 
3.2250000e+01 4.3386208e+01 0.0000000e+00 
2.7750000e+01 4.6396912e+01 0.0000000e+00 
3.8250000e+01 3.8207268e+01 0.0000000e+00 
3.7500000e+01 3.8956093e+01 0.0000000e+00 
3.6000000e+01 4.0347946e+01 0.0000000e+00 
3.0000000e+01 4.5006283e+01 0.0000000e+00 
2.4750000e+01 4.8111755e+01 0.0000000e+00 
3.3750000e+01 4.2297028e+01 0.0000000e+00 
3.9750000e+01 3.6723724e+01 0.0000000e+00 
2.7000000e+01 4.6903111e+01 0.0000000e+00 
2.3250000e+01 4.8881397e+01 0.0000000e+00 
1.9500000e+01 5.0500000e+01 0.0000000e+00 
3.9000000e+01 3.7558151e+01 0.0000000e+00 
3.0750000e+01 4.4582794e+01 0.0000000e+00 
2.0250000e+01 5.0231171e+01 0.0000000e+00 
3.6750000e+01 3.9797138e+01 0.0000000e+00 
2.6250000e+01 4.7433029e+01 0.0000000e+00 
2.1000000e+01 4.9983368e+01 0.0000000e+00 
3.3000000e+01 4.3029324e+01 0.0000000e+00 
3.1500000e+01 4.4179115e+01 0.0000000e+00 
3.8250000e+01 3.8538681e+01 0.0000000e+00 
2.1750000e+01 4.9755890e+01 0.0000000e+00 
2.4000000e+01 4.8718750e+01 0.0000000e+00 
3.9750000e+01 3.7013664e+01 0.0000000e+00 
3.7500000e+01 3.9303955e+01 0.0000000e+00 
3.5250000e+01 4.1334457e+01 0.0000000e+00 
2.5500000e+01 4.7988716e+01 0.0000000e+00 
3.4500000e+01 4.1994137e+01 0.0000000e+00 
3.6000000e+01 4.0721199e+01 0.0000000e+00 
3.9000000e+01 3.7871326e+01 0.0000000e+00 
3.2250000e+01 4.3795742e+01 0.0000000e+00 
2.8500000e+01 4.6344311e+01 0.0000000e+00 
2.9250000e+01 4.5876568e+01 0.0000000e+00 
2.2500000e+01 4.9547970e+01 0.0000000e+00 
3.3750000e+01 4.2695335e+01 0.0000000e+00 
3.6750000e+01 4.0159389e+01 0.0000000e+00 
2.7750000e+01 4.6833168e+01 0.0000000e+00 
3.0000000e+01 4.5429020e+01 0.0000000e+00 
2.7000000e+01 4.7344498e+01 0.0000000e+00 
3.0750000e+01 4.5001183e+01 0.0000000e+00 
2.4750000e+01 4.8572613e+01 0.0000000e+00 
3.9750000e+01 3.7307190e+01 0.0000000e+00 
3.8250000e+01 3.8872681e+01 0.0000000e+00 
3.3000000e+01 4.3433548e+01 0.0000000e+00 
2.3250000e+01 4.9358791e+01 0.0000000e+00 
3.7500000e+01 3.9653908e+01 0.0000000e+00 
3.9000000e+01 3.8187553e+01 0.0000000e+00 
3.1500000e+01 4.4593014e+01 0.0000000e+00 
2.6250000e+01 4.7880096e+01 0.0000000e+00 
3.5250000e+01 4.1718189e+01 0.0000000e+00 
3.6000000e+01 4.1095654e+01 0.0000000e+00 
2.0250000e+01 5.0750000e+01 0.0000000e+00 
3.4500000e+01 4.2385830e+01 0.0000000e+00 
2.1000000e+01 5.0491074e+01 0.0000000e+00 
3.6750000e+01 4.0523232e+01 0.0000000e+00 
3.2250000e+01 4.4204887e+01 0.0000000e+00 
3.9750000e+01 3.7604191e+01 0.0000000e+00 
2.4000000e+01 4.9187500e+01 0.0000000e+00 
3.3750000e+01 4.3093750e+01 0.0000000e+00 
2.5500000e+01 4.8442150e+01 0.0000000e+00 
2.1750000e+01 5.0253021e+01 0.0000000e+00 
2.9250000e+01 4.6302773e+01 0.0000000e+00 
2.8500000e+01 4.6774971e+01 0.0000000e+00 
3.8250000e+01 3.9209148e+01 0.0000000e+00 
3.0000000e+01 4.5850929e+01 0.0000000e+00 
3.9000000e+01 3.8506710e+01 0.0000000e+00 
2.7750000e+01 4.7268593e+01 0.0000000e+00 
3.7500000e+01 4.0005833e+01 0.0000000e+00 
3.0750000e+01 4.5418827e+01 0.0000000e+00 
2.2500000e+01 5.0035091e+01 0.0000000e+00 
3.3000000e+01 4.3837563e+01 0.0000000e+00 
2.7000000e+01 4.7785137e+01 0.0000000e+00 
3.5250000e+01 4.2102627e+01 0.0000000e+00 
3.6000000e+01 4.1471191e+01 0.0000000e+00 
3.9750000e+01 3.7904545e+01 0.0000000e+00 
2.4750000e+01 4.9033234e+01 0.0000000e+00 
3.1500000e+01 4.5006283e+01 0.0000000e+00 
4.0500000e+01 3.7125000e+01 0.0000000e+00 
3.4500000e+01 4.2777866e+01 0.0000000e+00 
3.6750000e+01 4.0888538e+01 0.0000000e+00 
2.3250000e+01 4.9836452e+01 0.0000000e+00 
2.6250000e+01 4.8326534e+01 0.0000000e+00 
3.8250000e+01 3.9547955e+01 0.0000000e+00 
3.9000000e+01 3.8828671e+01 0.0000000e+00 
3.2250000e+01 4.4613544e+01 0.0000000e+00 
3.3750000e+01 4.3492165e+01 0.0000000e+00 
3.7500000e+01 4.0359608e+01 0.0000000e+00 
2.9250000e+01 4.6728043e+01 0.0000000e+00 
4.0500000e+01 3.7405544e+01 0.0000000e+00 
3.9750000e+01 3.8208130e+01 0.0000000e+00 
2.8500000e+01 4.7204704e+01 0.0000000e+00 
2.5500000e+01 4.8895123e+01 0.0000000e+00 
3.0000000e+01 4.6271938e+01 0.0000000e+00 
2.4000000e+01 4.9656250e+01 0.0000000e+00 
2.1000000e+01 5.1000000e+01 0.0000000e+00 
2.7750000e+01 4.7703136e+01 0.0000000e+00 
3.3000000e+01 4.4241268e+01 0.0000000e+00 
3.0750000e+01 4.5835636e+01 0.0000000e+00 
3.6000000e+01 4.1847691e+01 0.0000000e+00 
3.5250000e+01 4.2487648e+01 0.0000000e+00 
2.1750000e+01 5.0751049e+01 0.0000000e+00 
3.6750000e+01 4.1255192e+01 0.0000000e+00 
3.4500000e+01 4.3170124e+01 0.0000000e+00 
3.9000000e+01 3.9153320e+01 0.0000000e+00 
3.8250000e+01 3.9888977e+01 0.0000000e+00 
2.7000000e+01 4.8224983e+01 0.0000000e+00 
3.1500000e+01 4.5418827e+01 0.0000000e+00 
2.2500000e+01 5.0522789e+01 0.0000000e+00 
4.0500000e+01 3.7689690e+01 0.0000000e+00 
2.4750000e+01 4.9493603e+01 0.0000000e+00 
3.9750000e+01 3.8514828e+01 0.0000000e+00 
3.7500000e+01 4.0715107e+01 0.0000000e+00 
3.3750000e+01 4.3890472e+01 0.0000000e+00 
3.2250000e+01 4.5021622e+01 0.0000000e+00 
2.6250000e+01 4.8772320e+01 0.0000000e+00 
2.3250000e+01 5.0314392e+01 0.0000000e+00 
2.9250000e+01 4.7152309e+01 0.0000000e+00 
3.6000000e+01 4.2225029e+01 0.0000000e+00 
3.9000000e+01 3.9480530e+01 0.0000000e+00 
3.0000000e+01 4.6691971e+01 0.0000000e+00 
3.5250000e+01 4.2873138e+01 0.0000000e+00 
2.8500000e+01 4.7633453e+01 0.0000000e+00 
3.8250000e+01 4.0232094e+01 0.0000000e+00 
3.3000000e+01 4.4644562e+01 0.0000000e+00 
4.0500000e+01 3.7977322e+01 0.0000000e+00 
3.6750000e+01 4.1623066e+01 0.0000000e+00 
3.0750000e+01 4.6251537e+01 0.0000000e+00 
2.5500000e+01 4.9347618e+01 0.0000000e+00 
2.7750000e+01 4.8136753e+01 0.0000000e+00 
3.9750000e+01 3.8824520e+01 0.0000000e+00 
3.4500000e+01 4.3562500e+01 0.0000000e+00 
2.4000000e+01 5.0125000e+01 0.0000000e+00 
3.1500000e+01 4.5830555e+01 0.0000000e+00 
3.7500000e+01 4.1072205e+01 0.0000000e+00 
2.7000000e+01 4.8664005e+01 0.0000000e+00 
2.1750000e+01 5.1250000e+01 0.0000000e+00 
3.3750000e+01 4.4288559e+01 0.0000000e+00 
3.2250000e+01 4.5429020e+01 0.0000000e+00 
4.0500000e+01 3.8268322e+01 0.0000000e+00 
3.9000000e+01 3.9810181e+01 0.0000000e+00 
2.4750000e+01 4.9953709e+01 0.0000000e+00 
2.2500000e+01 5.1011086e+01 0.0000000e+00 
3.8250000e+01 4.0577183e+01 0.0000000e+00 
3.6000000e+01 4.2603088e+01 0.0000000e+00 
2.6250000e+01 4.9217422e+01 0.0000000e+00 
3.9750000e+01 3.9137085e+01 0.0000000e+00 
3.6750000e+01 4.1992039e+01 0.0000000e+00 
3.5250000e+01 4.3258980e+01 0.0000000e+00 
3.3000000e+01 4.5047337e+01 0.0000000e+00 
2.9250000e+01 4.7575512e+01 0.0000000e+00 
3.0000000e+01 4.7110954e+01 0.0000000e+00 
2.3250000e+01 5.0792625e+01 0.0000000e+00 
2.8500000e+01 4.8061161e+01 0.0000000e+00 
3.4500000e+01 4.3954876e+01 0.0000000e+00 
3.7500000e+01 4.1430786e+01 0.0000000e+00 
3.0750000e+01 4.6666439e+01 0.0000000e+00 
4.0500000e+01 3.8562576e+01 0.0000000e+00 
2.7750000e+01 4.8569397e+01 0.0000000e+00 
2.5500000e+01 4.9799614e+01 0.0000000e+00 
3.1500000e+01 4.6241383e+01 0.0000000e+00 
4.1250000e+01 3.7812500e+01 0.0000000e+00 
3.9000000e+01 4.0142151e+01 0.0000000e+00 
2.4000000e+01 5.0593750e+01 0.0000000e+00 
3.3750000e+01 4.4686321e+01 0.0000000e+00 
3.9750000e+01 3.9452400e+01 0.0000000e+00 
3.8250000e+01 4.0924118e+01 0.0000000e+00 
2.7000000e+01 4.9102158e+01 0.0000000e+00 
3.2250000e+01 4.5835636e+01 0.0000000e+00 
3.6000000e+01 4.2981750e+01 0.0000000e+00 
3.6750000e+01 4.2361988e+01 0.0000000e+00 
3.5250000e+01 4.3645058e+01 0.0000000e+00 
4.0500000e+01 3.8859966e+01 0.0000000e+00 
4.1250000e+01 3.8087784e+01 0.0000000e+00 
3.7500000e+01 4.1790718e+01 0.0000000e+00 
2.4750000e+01 5.0413548e+01 0.0000000e+00 
3.3000000e+01 4.5449493e+01 0.0000000e+00 
2.6250000e+01 4.9661808e+01 0.0000000e+00 
3.4500000e+01 4.4347134e+01 0.0000000e+00 
2.2500000e+01 5.1500000e+01 0.0000000e+00 
3.0000000e+01 4.7528809e+01 0.0000000e+00 
2.9250000e+01 4.7997578e+01 0.0000000e+00 
3.9000000e+01 4.0476318e+01 0.0000000e+00 
3.9750000e+01 3.9770355e+01 0.0000000e+00 
3.0750000e+01 4.7080265e+01 0.0000000e+00 
2.8500000e+01 4.8487762e+01 0.0000000e+00 
3.8250000e+01 4.1272778e+01 0.0000000e+00 
3.1500000e+01 4.6651215e+01 0.0000000e+00 
2.3250000e+01 5.1271156e+01 0.0000000e+00 
2.7750000e+01 4.9001011e+01 0.0000000e+00 
3.3750000e+01 4.5083649e+01 0.0000000e+00 
4.1250000e+01 3.8366520e+01 0.0000000e+00 
4.0500000e+01 3.9160378e+01 0.0000000e+00 
2.5500000e+01 5.0251091e+01 0.0000000e+00 
3.6000000e+01 4.3360893e+01 0.0000000e+00 
3.6750000e+01 4.2732796e+01 0.0000000e+00 
3.2250000e+01 4.6241383e+01 0.0000000e+00 
3.5250000e+01 4.4031250e+01 0.0000000e+00 
3.7500000e+01 4.2151886e+01 0.0000000e+00 
2.7000000e+01 4.9539406e+01 0.0000000e+00 
2.4000000e+01 5.1062500e+01 0.0000000e+00 
3.9000000e+01 4.0812561e+01 0.0000000e+00 
3.9750000e+01 4.0090820e+01 0.0000000e+00 
3.3000000e+01 4.5850929e+01 0.0000000e+00 
3.4500000e+01 4.4739170e+01 0.0000000e+00 
4.1250000e+01 3.8648598e+01 0.0000000e+00 
3.8250000e+01 4.1623039e+01 0.0000000e+00 
4.0500000e+01 3.9463692e+01 0.0000000e+00 
3.0000000e+01 4.7945461e+01 0.0000000e+00 
2.6250000e+01 5.0105450e+01 0.0000000e+00 
2.9250000e+01 4.8418442e+01 0.0000000e+00 
2.4750000e+01 5.0873108e+01 0.0000000e+00 
3.0750000e+01 4.7492928e+01 0.0000000e+00 
2.8500000e+01 4.8913208e+01 0.0000000e+00 
3.1500000e+01 4.7059963e+01 0.0000000e+00 
3.3750000e+01 4.5480434e+01 0.0000000e+00 
3.6750000e+01 4.3104332e+01 0.0000000e+00 
3.6000000e+01 4.3740395e+01 0.0000000e+00 
3.9750000e+01 4.0413681e+01 0.0000000e+00 
2.7750000e+01 4.9431553e+01 0.0000000e+00 
3.7500000e+01 4.2514160e+01 0.0000000e+00 
3.9000000e+01 4.1150757e+01 0.0000000e+00 
3.5250000e+01 4.4417442e+01 0.0000000e+00 
3.2250000e+01 4.6646156e+01 0.0000000e+00 
4.1250000e+01 3.8933903e+01 0.0000000e+00 
2.3250000e+01 5.1750000e+01 0.0000000e+00 
2.5500000e+01 5.0702030e+01 0.0000000e+00 
4.0500000e+01 3.9769794e+01 0.0000000e+00 
3.8250000e+01 4.1974777e+01 0.0000000e+00 
2.7000000e+01 4.9975704e+01 0.0000000e+00 
3.4500000e+01 4.5130863e+01 0.0000000e+00 
3.3000000e+01 4.6251537e+01 0.0000000e+00 
2.4000000e+01 5.1531250e+01 0.0000000e+00 
3.0000000e+01 4.8360840e+01 0.0000000e+00 
3.9750000e+01 4.0738815e+01 0.0000000e+00 
4.1250000e+01 3.9222324e+01 0.0000000e+00 
3.0750000e+01 4.7904346e+01 0.0000000e+00 
2.9250000e+01 4.8838039e+01 0.0000000e+00 
3.6750000e+01 4.3476482e+01 0.0000000e+00 
3.9000000e+01 4.1490780e+01 0.0000000e+00 
3.6000000e+01 4.4120136e+01 0.0000000e+00 
3.3750000e+01 4.5876568e+01 0.0000000e+00 
2.6250000e+01 5.0548317e+01 0.0000000e+00 
3.7500000e+01 4.2877422e+01 0.0000000e+00 
3.1500000e+01 4.7467537e+01 0.0000000e+00 
4.2000000e+01 3.8500000e+01 0.0000000e+00 
2.8500000e+01 4.9337437e+01 0.0000000e+00 
4.0500000e+01 4.0078571e+01 0.0000000e+00 
2.4750000e+01 5.1332375e+01 0.0000000e+00 
3.5250000e+01 4.4803520e+01 0.0000000e+00 
3.2250000e+01 4.7049862e+01 0.0000000e+00 
3.8250000e+01 4.2327873e+01 0.0000000e+00 
2.7750000e+01 4.9860970e+01 0.0000000e+00 
3.4500000e+01 4.5522102e+01 0.0000000e+00 
4.1250000e+01 3.9513752e+01 0.0000000e+00 
3.3000000e+01 4.6651215e+01 0.0000000e+00 
3.9750000e+01 4.1066105e+01 0.0000000e+00 
2.5500000e+01 5.1152409e+01 0.0000000e+00 
4.2000000e+01 3.8770462e+01 0.0000000e+00 
2.7000000e+01 5.0411022e+01 0.0000000e+00 
3.9000000e+01 4.1832512e+01 0.0000000e+00 
4.0500000e+01 4.0389900e+01 0.0000000e+00 
3.6750000e+01 4.3849121e+01 0.0000000e+00 
3.7500000e+01 4.3241547e+01 0.0000000e+00 
3.6000000e+01 4.4500000e+01 0.0000000e+00 
3.0000000e+01 4.8774864e+01 0.0000000e+00 
3.0750000e+01 4.8314434e+01 0.0000000e+00 
2.4000000e+01 5.2000000e+01 0.0000000e+00 
3.3750000e+01 4.6271938e+01 0.0000000e+00 
2.9250000e+01 4.9256302e+01 0.0000000e+00 
3.1500000e+01 4.7873848e+01 0.0000000e+00 
3.5250000e+01 4.5189362e+01 0.0000000e+00 
3.8250000e+01 4.2682201e+01 0.0000000e+00 
4.1250000e+01 3.9808075e+01 0.0000000e+00 
2.8500000e+01 4.9760387e+01 0.0000000e+00 
4.2000000e+01 3.9044186e+01 0.0000000e+00 
2.6250000e+01 5.0990379e+01 0.0000000e+00 
3.2250000e+01 4.7452400e+01 0.0000000e+00 
3.9750000e+01 4.1395432e+01 0.0000000e+00 
2.4750000e+01 5.1791344e+01 0.0000000e+00 
4.0500000e+01 4.0703671e+01 0.0000000e+00 
3.4500000e+01 4.5912777e+01 0.0000000e+00 
2.7750000e+01 5.0289215e+01 0.0000000e+00 
3.9000000e+01 4.2175835e+01 0.0000000e+00 
3.3000000e+01 4.7049862e+01 0.0000000e+00 
3.6750000e+01 4.4222130e+01 0.0000000e+00 
3.7500000e+01 4.3606407e+01 0.0000000e+00 
4.1250000e+01 4.0105179e+01 0.0000000e+00 
4.2000000e+01 3.9321064e+01 0.0000000e+00 
3.6000000e+01 4.4879864e+01 0.0000000e+00 
2.5500000e+01 5.1602211e+01 0.0000000e+00 
2.7000000e+01 5.0845310e+01 0.0000000e+00 
3.8250000e+01 4.3037636e+01 0.0000000e+00 
3.3750000e+01 4.6666439e+01 0.0000000e+00 
3.0000000e+01 4.9187462e+01 0.0000000e+00 
3.0750000e+01 4.8723114e+01 0.0000000e+00 
3.5250000e+01 4.5574852e+01 0.0000000e+00 
3.9750000e+01 4.1726673e+01 0.0000000e+00 
4.0500000e+01 4.1019768e+01 0.0000000e+00 
2.9250000e+01 4.9673164e+01 0.0000000e+00 
3.1500000e+01 4.8278801e+01 0.0000000e+00 
3.9000000e+01 4.2520618e+01 0.0000000e+00 
3.2250000e+01 4.7853680e+01 0.0000000e+00 
2.8500000e+01 5.0182007e+01 0.0000000e+00 
4.2000000e+01 3.9600990e+01 0.0000000e+00 
4.1250000e+01 4.0404957e+01 0.0000000e+00 
3.4500000e+01 4.6302773e+01 0.0000000e+00 
2.6250000e+01 5.1431610e+01 0.0000000e+00 
3.6750000e+01 4.4595379e+01 0.0000000e+00 
3.7500000e+01 4.3971889e+01 0.0000000e+00 
3.3000000e+01 4.7447372e+01 0.0000000e+00 
2.7750000e+01 5.0716236e+01 0.0000000e+00 
2.4750000e+01 5.2250000e+01 0.0000000e+00 
3.6000000e+01 4.5259605e+01 0.0000000e+00 
3.8250000e+01 4.3394058e+01 0.0000000e+00 
3.9750000e+01 4.2059711e+01 0.0000000e+00 
4.0500000e+01 4.1338066e+01 0.0000000e+00 
3.3750000e+01 4.7059963e+01 0.0000000e+00 
4.2000000e+01 3.9883862e+01 0.0000000e+00 
3.5250000e+01 4.5959873e+01 0.0000000e+00 
2.7000000e+01 5.1278534e+01 0.0000000e+00 
3.9000000e+01 4.2866745e+01 0.0000000e+00 
4.1250000e+01 4.0707294e+01 0.0000000e+00 
3.0750000e+01 4.9130299e+01 0.0000000e+00 
2.5500000e+01 5.2051414e+01 0.0000000e+00 
3.0000000e+01 4.9598557e+01 0.0000000e+00 
3.1500000e+01 4.8682308e+01 0.0000000e+00 
4.2750000e+01 3.9187500e+01 0.0000000e+00 
2.9250000e+01 5.0088554e+01 0.0000000e+00 
3.2250000e+01 4.8253593e+01 0.0000000e+00 
3.4500000e+01 4.6691971e+01 0.0000000e+00 
3.7500000e+01 4.4337860e+01 0.0000000e+00 
3.6750000e+01 4.4968750e+01 0.0000000e+00 
2.8500000e+01 5.0602234e+01 0.0000000e+00 
4.0500000e+01 4.1658459e+01 0.0000000e+00 
3.8250000e+01 4.3751339e+01 0.0000000e+00 
3.9750000e+01 4.2394424e+01 0.0000000e+00 
4.2000000e+01 4.0169571e+01 0.0000000e+00 
3.3000000e+01 4.7843643e+01 0.0000000e+00 
3.6000000e+01 4.5639107e+01 0.0000000e+00 
2.6250000e+01 5.1871979e+01 0.0000000e+00 
4.1250000e+01 4.1012085e+01 0.0000000e+00 
4.2750000e+01 3.9453602e+01 0.0000000e+00 
2.7750000e+01 5.1141991e+01 0.0000000e+00 
3.9000000e+01 4.3214092e+01 0.0000000e+00 
3.5250000e+01 4.6344311e+01 0.0000000e+00 
3.3750000e+01 4.7452400e+01 0.0000000e+00 
3.0750000e+01 4.9535908e+01 0.0000000e+00 
3.0000000e+01 5.0008076e+01 0.0000000e+00 
4.2000000e+01 4.0458012e+01 0.0000000e+00 
3.1500000e+01 4.9084282e+01 0.0000000e+00 
4.0500000e+01 4.1980827e+01 0.0000000e+00 
2.7000000e+01 5.1710655e+01 0.0000000e+00 
3.7500000e+01 4.4704201e+01 0.0000000e+00 
4.2750000e+01 3.9722725e+01 0.0000000e+00 
3.9750000e+01 4.2730694e+01 0.0000000e+00 
2.9250000e+01 5.0502411e+01 0.0000000e+00 
3.6750000e+01 4.5342121e+01 0.0000000e+00 
2.5500000e+01 5.2500000e+01 0.0000000e+00 
3.4500000e+01 4.7080265e+01 0.0000000e+00 
3.2250000e+01 4.8652054e+01 0.0000000e+00 
3.8250000e+01 4.4109364e+01 0.0000000e+00 
4.1250000e+01 4.1319210e+01 0.0000000e+00 
3.6000000e+01 4.6018250e+01 0.0000000e+00 
2.8500000e+01 5.1021011e+01 0.0000000e+00 
3.3000000e+01 4.8238571e+01 0.0000000e+00 
3.9000000e+01 4.3562538e+01 0.0000000e+00 
4.2000000e+01 4.0749084e+01 0.0000000e+00 
2.6250000e+01 5.2311451e+01 0.0000000e+00 
3.5250000e+01 4.6728043e+01 0.0000000e+00 
4.2750000e+01 3.9994778e+01 0.0000000e+00 
3.3750000e+01 4.7843643e+01 0.0000000e+00 
2.7750000e+01 5.1566425e+01 0.0000000e+00 
4.0500000e+01 4.2305054e+01 0.0000000e+00 
4.1250000e+01 4.1628563e+01 0.0000000e+00 
3.9750000e+01 4.3068401e+01 0.0000000e+00 
3.7500000e+01 4.5070789e+01 0.0000000e+00 
3.0750000e+01 4.9939857e+01 0.0000000e+00 
3.6750000e+01 4.5715370e+01 0.0000000e+00 
3.8250000e+01 4.4468002e+01 0.0000000e+00 
3.1500000e+01 4.9484627e+01 0.0000000e+00 
3.0000000e+01 5.0415943e+01 0.0000000e+00 
3.4500000e+01 4.7467537e+01 0.0000000e+00 
3.2250000e+01 4.9048962e+01 0.0000000e+00 
2.7000000e+01 5.2141632e+01 0.0000000e+00 
2.9250000e+01 5.0914669e+01 0.0000000e+00 
4.2000000e+01 4.1042679e+01 0.0000000e+00 
3.6000000e+01 4.6396912e+01 0.0000000e+00 
4.2750000e+01 4.0269657e+01 0.0000000e+00 
3.9000000e+01 4.3911961e+01 0.0000000e+00 
3.3000000e+01 4.8632053e+01 0.0000000e+00 
4.0500000e+01 4.2631023e+01 0.0000000e+00 
2.8500000e+01 5.1438282e+01 0.0000000e+00 
4.1250000e+01 4.1940029e+01 0.0000000e+00 
3.5250000e+01 4.7110954e+01 0.0000000e+00 
3.9750000e+01 4.3407425e+01 0.0000000e+00 
3.3750000e+01 4.8233578e+01 0.0000000e+00 
3.7500000e+01 4.5437500e+01 0.0000000e+00 
2.6250000e+01 5.2750000e+01 0.0000000e+00 
4.2750000e+01 4.0547268e+01 0.0000000e+00 
3.8250000e+01 4.4827133e+01 0.0000000e+00 
4.2000000e+01 4.1338692e+01 0.0000000e+00 
2.7750000e+01 5.1989494e+01 0.0000000e+00 
3.6750000e+01 4.6088379e+01 0.0000000e+00 
3.0750000e+01 5.0342060e+01 0.0000000e+00 
3.9000000e+01 4.4262238e+01 0.0000000e+00 
3.4500000e+01 4.7853680e+01 0.0000000e+00 
3.1500000e+01 4.9883255e+01 0.0000000e+00 
4.3500000e+01 3.9875000e+01 0.0000000e+00 
3.0000000e+01 5.0822083e+01 0.0000000e+00 
3.6000000e+01 4.6774971e+01 0.0000000e+00 
3.2250000e+01 4.9444214e+01 0.0000000e+00 
4.0500000e+01 4.2958618e+01 0.0000000e+00 
4.1250000e+01 4.2253502e+01 0.0000000e+00 
2.9250000e+01 5.1325256e+01 0.0000000e+00 
3.3000000e+01 4.9023987e+01 0.0000000e+00 
2.7000000e+01 5.2571426e+01 0.0000000e+00 
3.9750000e+01 4.3747643e+01 0.0000000e+00 
4.2750000e+01 4.0827511e+01 0.0000000e+00 
4.2000000e+01 4.1637020e+01 0.0000000e+00 
3.5250000e+01 4.7492928e+01 0.0000000e+00 
2.8500000e+01 5.1853989e+01 0.0000000e+00 
3.3750000e+01 4.8622105e+01 0.0000000e+00 
4.3500000e+01 4.0137215e+01 0.0000000e+00 
3.7500000e+01 4.5804211e+01 0.0000000e+00 
3.8250000e+01 4.5186634e+01 0.0000000e+00 
3.6750000e+01 4.6461018e+01 0.0000000e+00 
3.9000000e+01 4.4613247e+01 0.0000000e+00 
4.1250000e+01 4.2568867e+01 0.0000000e+00 
4.0500000e+01 4.3287724e+01 0.0000000e+00 
2.7750000e+01 5.2411144e+01 0.0000000e+00 
3.4500000e+01 4.8238571e+01 0.0000000e+00 
4.2750000e+01 4.1110294e+01 0.0000000e+00 
3.6000000e+01 4.7152309e+01 0.0000000e+00 
3.1500000e+01 5.0280075e+01 0.0000000e+00 
3.0750000e+01 5.0742439e+01 0.0000000e+00 
4.2000000e+01 4.1937553e+01 0.0000000e+00 
3.2250000e+01 4.9837723e+01 0.0000000e+00 
3.9750000e+01 4.4088943e+01 0.0000000e+00 
3.0000000e+01 5.1226418e+01 0.0000000e+00 
4.3500000e+01 4.0402176e+01 0.0000000e+00 
3.3000000e+01 4.9414268e+01 0.0000000e+00 
2.9250000e+01 5.1734108e+01 0.0000000e+00 
3.5250000e+01 4.7873848e+01 0.0000000e+00 
3.8250000e+01 4.5546379e+01 0.0000000e+00 
3.7500000e+01 4.6170799e+01 0.0000000e+00 
2.7000000e+01 5.3000000e+01 0.0000000e+00 
4.1250000e+01 4.2886013e+01 0.0000000e+00 
3.3750000e+01 4.9009106e+01 0.0000000e+00 
4.2750000e+01 4.1395512e+01 0.0000000e+00 
4.0500000e+01 4.3618221e+01 0.0000000e+00 
3.9000000e+01 4.4964863e+01 0.0000000e+00 
3.6750000e+01 4.6833168e+01 0.0000000e+00 
2.8500000e+01 5.2268070e+01 0.0000000e+00 
4.3500000e+01 4.0669788e+01 0.0000000e+00 
4.2000000e+01 4.2240192e+01 0.0000000e+00 
3.9750000e+01 4.4431198e+01 0.0000000e+00 
3.4500000e+01 4.8622105e+01 0.0000000e+00 
3.6000000e+01 4.7528809e+01 0.0000000e+00 
3.1500000e+01 5.0674999e+01 0.0000000e+00 
3.0750000e+01 5.1140911e+01 0.0000000e+00 
2.7750000e+01 5.2831329e+01 0.0000000e+00 
3.2250000e+01 5.0229382e+01 0.0000000e+00 
4.2750000e+01 4.1683075e+01 0.0000000e+00 
3.0000000e+01 5.1628880e+01 0.0000000e+00 
4.1250000e+01 4.3204826e+01 0.0000000e+00 
4.3500000e+01 4.0939964e+01 0.0000000e+00 
3.3000000e+01 4.9802795e+01 0.0000000e+00 
3.8250000e+01 4.5906250e+01 0.0000000e+00 
3.5250000e+01 4.8253593e+01 0.0000000e+00 
4.0500000e+01 4.3950001e+01 0.0000000e+00 
3.7500000e+01 4.6537140e+01 0.0000000e+00 
4.2000000e+01 4.2544827e+01 0.0000000e+00 
2.9250000e+01 5.2141155e+01 0.0000000e+00 
3.9000000e+01 4.5316971e+01 0.0000000e+00 
3.6750000e+01 4.7204704e+01 0.0000000e+00 
3.3750000e+01 4.9394478e+01 0.0000000e+00 
3.9750000e+01 4.4774292e+01 0.0000000e+00 
2.8500000e+01 5.2680473e+01 0.0000000e+00 
4.2750000e+01 4.1972878e+01 0.0000000e+00 
4.3500000e+01 4.1212624e+01 0.0000000e+00 
3.6000000e+01 4.7904346e+01 0.0000000e+00 
3.4500000e+01 4.9004162e+01 0.0000000e+00 
4.1250000e+01 4.3525200e+01 0.0000000e+00 
3.1500000e+01 5.1067936e+01 0.0000000e+00 
4.2000000e+01 4.2851353e+01 0.0000000e+00 
4.0500000e+01 4.4282940e+01 0.0000000e+00 
3.0750000e+01 5.1537392e+01 0.0000000e+00 
3.2250000e+01 5.0619099e+01 0.0000000e+00 
4.4250000e+01 4.0562500e+01 0.0000000e+00 
3.8250000e+01 4.6266121e+01 0.0000000e+00 
2.7750000e+01 5.3250000e+01 0.0000000e+00 
3.7500000e+01 4.6903111e+01 0.0000000e+00 
3.9000000e+01 4.5669445e+01 0.0000000e+00 
3.0000000e+01 5.2029385e+01 0.0000000e+00 
3.5250000e+01 4.8632053e+01 0.0000000e+00 
3.3000000e+01 5.0189461e+01 0.0000000e+00 
4.3500000e+01 4.1487667e+01 0.0000000e+00 
4.2750000e+01 4.2264828e+01 0.0000000e+00 
3.6750000e+01 4.7575512e+01 0.0000000e+00 
3.9750000e+01 4.5118103e+01 0.0000000e+00 
2.9250000e+01 5.2546337e+01 0.0000000e+00 
3.3750000e+01 4.9778111e+01 0.0000000e+00 
4.1250000e+01 4.3847023e+01 0.0000000e+00 
4.4250000e+01 4.0821327e+01 0.0000000e+00 
4.2000000e+01 4.3159668e+01 0.0000000e+00 
3.6000000e+01 4.8278801e+01 0.0000000e+00 
3.4500000e+01 4.9384632e+01 0.0000000e+00 
2.8500000e+01 5.3091133e+01 0.0000000e+00 
4.0500000e+01 4.4616924e+01 0.0000000e+00 
4.3500000e+01 4.1765011e+01 0.0000000e+00 
3.8250000e+01 4.6625866e+01 0.0000000e+00 
4.2750000e+01 4.2558826e+01 0.0000000e+00 
3.9000000e+01 4.6022160e+01 0.0000000e+00 
3.1500000e+01 5.1458794e+01 0.0000000e+00 
3.7500000e+01 4.7268593e+01 0.0000000e+00 
3.2250000e+01 5.1006779e+01 0.0000000e+00 
3.0750000e+01 5.1931793e+01 0.0000000e+00 
3.5250000e+01 4.9009106e+01 0.0000000e+00 
4.4250000e+01 4.1082569e+01 0.0000000e+00 
3.3000000e+01 5.0574165e+01 0.0000000e+00 
3.9750000e+01 4.5462517e+01 0.0000000e+00 
3.0000000e+01 5.2427864e+01 0.0000000e+00 
3.6750000e+01 4.7945461e+01 0.0000000e+00 
4.1250000e+01 4.4170181e+01 0.0000000e+00 
4.2000000e+01 4.3469666e+01 0.0000000e+00 
3.3750000e+01 5.0159893e+01 0.0000000e+00 
2.9250000e+01 5.2949581e+01 0.0000000e+00 
4.3500000e+01 4.2044571e+01 0.0000000e+00 
4.0500000e+01 4.4951836e+01 0.0000000e+00 
3.6000000e+01 4.8652054e+01 0.0000000e+00 
4.2750000e+01 4.2854774e+01 0.0000000e+00 
3.4500000e+01 4.9763405e+01 0.0000000e+00 
4.4250000e+01 4.1346146e+01 0.0000000e+00 
3.8250000e+01 4.6985367e+01 0.0000000e+00 
3.9000000e+01 4.6375000e+01 0.0000000e+00 
2.8500000e+01 5.3500000e+01 0.0000000e+00 
3.7500000e+01 4.7633453e+01 0.0000000e+00 
3.9750000e+01 4.5807404e+01 0.0000000e+00 
3.1500000e+01 5.1847485e+01 0.0000000e+00 
4.2000000e+01 4.3781239e+01 0.0000000e+00 
3.2250000e+01 5.1392319e+01 0.0000000e+00 
4.1250000e+01 4.4494564e+01 0.0000000e+00 
3.5250000e+01 4.9384632e+01 0.0000000e+00 
3.0750000e+01 5.2324039e+01 0.0000000e+00 
4.3500000e+01 4.2326252e+01 0.0000000e+00 
3.6750000e+01 4.8314434e+01 0.0000000e+00 
3.3000000e+01 5.0956806e+01 0.0000000e+00 
4.4250000e+01 4.1611984e+01 0.0000000e+00 
4.2750000e+01 4.3152580e+01 0.0000000e+00 
3.0000000e+01 5.2824242e+01 0.0000000e+00 
4.0500000e+01 4.5287563e+01 0.0000000e+00 
3.3750000e+01 5.0539722e+01 0.0000000e+00 
3.6000000e+01 4.9023987e+01 0.0000000e+00 
2.9250000e+01 5.3350826e+01 0.0000000e+00 
3.4500000e+01 5.0140362e+01 0.0000000e+00 
3.9000000e+01 4.6727840e+01 0.0000000e+00 
3.8250000e+01 4.7344498e+01 0.0000000e+00 
4.3500000e+01 4.2609966e+01 0.0000000e+00 
4.2000000e+01 4.4094284e+01 0.0000000e+00 
3.7500000e+01 4.7997578e+01 0.0000000e+00 
3.9750000e+01 4.6152653e+01 0.0000000e+00 
4.1250000e+01 4.4820061e+01 0.0000000e+00 
4.4250000e+01 4.1880001e+01 0.0000000e+00 
4.2750000e+01 4.3452137e+01 0.0000000e+00 
3.5250000e+01 4.9758522e+01 0.0000000e+00 
3.6750000e+01 4.8682308e+01 0.0000000e+00 
3.1500000e+01 5.2233913e+01 0.0000000e+00 
3.2250000e+01 5.1775627e+01 0.0000000e+00 
4.0500000e+01 4.5623989e+01 0.0000000e+00 
3.0750000e+01 5.2714046e+01 0.0000000e+00 
3.3000000e+01 5.1337276e+01 0.0000000e+00 
4.5000000e+01 4.1250000e+01 0.0000000e+00 
3.3750000e+01 5.0917488e+01 0.0000000e+00 
3.0000000e+01 5.3218437e+01 0.0000000e+00 
4.3500000e+01 4.2895630e+01 0.0000000e+00 
4.4250000e+01 4.2150124e+01 0.0000000e+00 
3.6000000e+01 4.9394478e+01 0.0000000e+00 
4.2000000e+01 4.4408699e+01 0.0000000e+00 
3.9000000e+01 4.7080555e+01 0.0000000e+00 
3.8250000e+01 4.7703136e+01 0.0000000e+00 
4.1250000e+01 4.5146557e+01 0.0000000e+00 
4.2750000e+01 4.3753353e+01 0.0000000e+00 
3.4500000e+01 5.0515392e+01 0.0000000e+00 
3.9750000e+01 4.6498142e+01 0.0000000e+00 
2.9250000e+01 5.3750000e+01 0.0000000e+00 
3.7500000e+01 4.8360840e+01 0.0000000e+00 
4.5000000e+01 4.1505955e+01 0.0000000e+00 
4.0500000e+01 4.5960995e+01 0.0000000e+00 
3.5250000e+01 5.0130650e+01 0.0000000e+00 
3.6750000e+01 4.9048962e+01 0.0000000e+00 
4.3500000e+01 4.3183151e+01 0.0000000e+00 
4.4250000e+01 4.2422268e+01 0.0000000e+00 
3.2250000e+01 5.2156601e+01 0.0000000e+00 
3.1500000e+01 5.2617996e+01 0.0000000e+00 
3.3000000e+01 5.1715477e+01 0.0000000e+00 
4.2000000e+01 4.4724373e+01 0.0000000e+00 
3.0750000e+01 5.3101727e+01 0.0000000e+00 
4.2750000e+01 4.4056133e+01 0.0000000e+00 
4.5000000e+01 4.1763947e+01 0.0000000e+00 
4.1250000e+01 4.5473946e+01 0.0000000e+00 
3.3750000e+01 5.1293076e+01 0.0000000e+00 
3.9000000e+01 4.7433029e+01 0.0000000e+00 
3.6000000e+01 4.9763405e+01 0.0000000e+00 
3.8250000e+01 4.8061161e+01 0.0000000e+00 
3.0000000e+01 5.3610382e+01 0.0000000e+00 
3.9750000e+01 4.6843750e+01 0.0000000e+00 
3.4500000e+01 5.0888382e+01 0.0000000e+00 
3.7500000e+01 4.8723114e+01 0.0000000e+00 
4.4250000e+01 4.2696362e+01 0.0000000e+00 
4.3500000e+01 4.3472439e+01 0.0000000e+00 
4.0500000e+01 4.6298466e+01 0.0000000e+00 
4.5000000e+01 4.2023907e+01 0.0000000e+00 
3.6750000e+01 4.9414268e+01 0.0000000e+00 
4.2000000e+01 4.5041206e+01 0.0000000e+00 
3.5250000e+01 5.0500904e+01 0.0000000e+00 
4.2750000e+01 4.4360371e+01 0.0000000e+00 
4.1250000e+01 4.5802113e+01 0.0000000e+00 
3.2250000e+01 5.2535149e+01 0.0000000e+00 
3.1500000e+01 5.2999638e+01 0.0000000e+00 
3.3000000e+01 5.2091301e+01 0.0000000e+00 
3.9000000e+01 4.7785137e+01 0.0000000e+00 
4.4250000e+01 4.2972324e+01 0.0000000e+00 
3.0750000e+01 5.3487003e+01 0.0000000e+00 
3.9750000e+01 4.7189358e+01 0.0000000e+00 
3.8250000e+01 4.8418442e+01 0.0000000e+00 
4.3500000e+01 4.3763412e+01 0.0000000e+00 
3.3750000e+01 5.1666382e+01 0.0000000e+00 
3.6000000e+01 5.0130650e+01 0.0000000e+00 
4.5000000e+01 4.2285774e+01 0.0000000e+00 
4.0500000e+01 4.6636284e+01 0.0000000e+00 
3.7500000e+01 4.9084282e+01 0.0000000e+00 
3.0000000e+01 5.4000000e+01 0.0000000e+00 
3.4500000e+01 5.1259220e+01 0.0000000e+00 
4.2000000e+01 4.5359089e+01 0.0000000e+00 
4.2750000e+01 4.4665977e+01 0.0000000e+00 
3.6750000e+01 4.9778111e+01 0.0000000e+00 
4.4250000e+01 4.3250076e+01 0.0000000e+00 
4.1250000e+01 4.6130947e+01 0.0000000e+00 
3.5250000e+01 5.0869167e+01 0.0000000e+00 
4.3500000e+01 4.4055977e+01 0.0000000e+00 
4.5000000e+01 4.2549484e+01 0.0000000e+00 
3.9000000e+01 4.8136753e+01 0.0000000e+00 
3.9750000e+01 4.7534847e+01 0.0000000e+00 
3.2250000e+01 5.2911171e+01 0.0000000e+00 
3.3000000e+01 5.2464645e+01 0.0000000e+00 
3.1500000e+01 5.3378750e+01 0.0000000e+00 
3.8250000e+01 4.8774864e+01 0.0000000e+00 
3.6000000e+01 5.0496094e+01 0.0000000e+00 
4.0500000e+01 4.6974335e+01 0.0000000e+00 
3.3750000e+01 5.2037300e+01 0.0000000e+00 
3.0750000e+01 5.3869789e+01 0.0000000e+00 
4.2750000e+01 4.4972855e+01 0.0000000e+00 
4.2000000e+01 4.5677917e+01 0.0000000e+00 
3.7500000e+01 4.9444214e+01 0.0000000e+00 
4.5750000e+01 4.1937500e+01 0.0000000e+00 
4.4250000e+01 4.3529545e+01 0.0000000e+00 
3.4500000e+01 5.1627789e+01 0.0000000e+00 
4.5000000e+01 4.2814964e+01 0.0000000e+00 
4.3500000e+01 4.4350044e+01 0.0000000e+00 
4.1250000e+01 4.6460342e+01 0.0000000e+00 
3.6750000e+01 5.0140362e+01 0.0000000e+00 
3.5250000e+01 5.1235317e+01 0.0000000e+00 
3.9000000e+01 4.8487762e+01 0.0000000e+00 
3.9750000e+01 4.7880096e+01 0.0000000e+00 
4.5750000e+01 4.2191116e+01 0.0000000e+00 
3.8250000e+01 4.9130299e+01 0.0000000e+00 
4.4250000e+01 4.3810646e+01 0.0000000e+00 
4.2750000e+01 4.5280899e+01 0.0000000e+00 
4.0500000e+01 4.7312500e+01 0.0000000e+00 
3.2250000e+01 5.3284573e+01 0.0000000e+00 
4.2000000e+01 4.5997589e+01 0.0000000e+00 
3.3000000e+01 5.2835411e+01 0.0000000e+00 
4.5000000e+01 4.3082157e+01 0.0000000e+00 
3.1500000e+01 5.3755241e+01 0.0000000e+00 
3.6000000e+01 5.0859615e+01 0.0000000e+00 
3.3750000e+01 5.2405716e+01 0.0000000e+00 
4.3500000e+01 4.4645527e+01 0.0000000e+00 
3.7500000e+01 4.9802795e+01 0.0000000e+00 
3.0750000e+01 5.4250000e+01 0.0000000e+00 
4.1250000e+01 4.6790180e+01 0.0000000e+00 
3.4500000e+01 5.1993977e+01 0.0000000e+00 
4.5750000e+01 4.2446339e+01 0.0000000e+00 
3.6750000e+01 5.0500904e+01 0.0000000e+00 
4.4250000e+01 4.4093307e+01 0.0000000e+00 
4.5000000e+01 4.3350990e+01 0.0000000e+00 
3.5250000e+01 5.1599243e+01 0.0000000e+00 
3.9750000e+01 4.8224983e+01 0.0000000e+00 
4.2750000e+01 4.5590015e+01 0.0000000e+00 
3.9000000e+01 4.8838039e+01 0.0000000e+00 
4.2000000e+01 4.6317993e+01 0.0000000e+00 
4.0500000e+01 4.7650665e+01 0.0000000e+00 
3.8250000e+01 4.9484627e+01 0.0000000e+00 
4.3500000e+01 4.4942341e+01 0.0000000e+00 
4.5750000e+01 4.2703121e+01 0.0000000e+00 
3.2250000e+01 5.3655251e+01 0.0000000e+00 
3.6000000e+01 5.1221092e+01 0.0000000e+00 
3.3000000e+01 5.3203491e+01 0.0000000e+00 
4.1250000e+01 4.7120350e+01 0.0000000e+00 
3.1500000e+01 5.4129021e+01 0.0000000e+00 
3.7500000e+01 5.0159893e+01 0.0000000e+00 
3.3750000e+01 5.2771523e+01 0.0000000e+00 
4.4250000e+01 4.4377449e+01 0.0000000e+00 
4.5000000e+01 4.3621403e+01 0.0000000e+00 
3.4500000e+01 5.2357674e+01 0.0000000e+00 
4.2750000e+01 4.5900108e+01 0.0000000e+00 
3.6750000e+01 5.0859615e+01 0.0000000e+00 
4.5750000e+01 4.2961407e+01 0.0000000e+00 
4.3500000e+01 4.5240387e+01 0.0000000e+00 
3.9750000e+01 4.8569397e+01 0.0000000e+00 
4.2000000e+01 4.6639030e+01 0.0000000e+00 
3.9000000e+01 4.9187462e+01 0.0000000e+00 
3.5250000e+01 5.1960827e+01 0.0000000e+00 
4.0500000e+01 4.7988716e+01 0.0000000e+00 
3.8250000e+01 4.9837723e+01 0.0000000e+00 
4.5000000e+01 4.3893322e+01 0.0000000e+00 
4.4250000e+01 4.4662991e+01 0.0000000e+00 
4.1250000e+01 4.7450745e+01 0.0000000e+00 
3.6000000e+01 5.1580406e+01 0.0000000e+00 
3.7500000e+01 5.0515392e+01 0.0000000e+00 
3.2250000e+01 5.4023113e+01 0.0000000e+00 
3.3000000e+01 5.3568783e+01 0.0000000e+00 
4.5750000e+01 4.3221146e+01 0.0000000e+00 
3.3750000e+01 5.3134613e+01 0.0000000e+00 
3.1500000e+01 5.4500000e+01 0.0000000e+00 
4.2750000e+01 4.6211082e+01 0.0000000e+00 
4.3500000e+01 4.5539589e+01 0.0000000e+00 
4.2000000e+01 4.6960594e+01 0.0000000e+00 
3.4500000e+01 5.2718761e+01 0.0000000e+00 
3.9750000e+01 4.8913208e+01 0.0000000e+00 
3.6750000e+01 5.1216370e+01 0.0000000e+00 
3.9000000e+01 4.9535908e+01 0.0000000e+00 
4.5000000e+01 4.4166691e+01 0.0000000e+00 
4.0500000e+01 4.8326534e+01 0.0000000e+00 
4.4250000e+01 4.4949860e+01 0.0000000e+00 
4.6500000e+01 4.2625000e+01 0.0000000e+00 
3.5250000e+01 5.2319946e+01 0.0000000e+00 
3.8250000e+01 5.0189461e+01 0.0000000e+00 
4.5750000e+01 4.3482288e+01 0.0000000e+00 
4.1250000e+01 4.7781250e+01 0.0000000e+00 
4.2750000e+01 4.6522831e+01 0.0000000e+00 
3.6000000e+01 5.1937439e+01 0.0000000e+00 
4.3500000e+01 4.5839851e+01 0.0000000e+00 
3.7500000e+01 5.0869167e+01 0.0000000e+00 
3.3000000e+01 5.3931183e+01 0.0000000e+00 
3.2250000e+01 5.4388062e+01 0.0000000e+00 
4.2000000e+01 4.7282578e+01 0.0000000e+00 
4.5000000e+01 4.4441441e+01 0.0000000e+00 
4.6500000e+01 4.2876831e+01 0.0000000e+00 
3.3750000e+01 5.3494877e+01 0.0000000e+00 
4.4250000e+01 4.5237972e+01 0.0000000e+00 
3.9750000e+01 4.9256302e+01 0.0000000e+00 
4.5750000e+01 4.3744778e+01 0.0000000e+00 
3.4500000e+01 5.3077129e+01 0.0000000e+00 
4.0500000e+01 4.8664005e+01 0.0000000e+00 
3.9000000e+01 4.9883255e+01 0.0000000e+00 
3.6750000e+01 5.1571045e+01 0.0000000e+00 
4.1250000e+01 4.8111755e+01 0.0000000e+00 
3.8250000e+01 5.0539722e+01 0.0000000e+00 
3.5250000e+01 5.2676487e+01 0.0000000e+00 
4.2750000e+01 4.6835266e+01 0.0000000e+00 
4.3500000e+01 4.6141087e+01 0.0000000e+00 
4.6500000e+01 4.3129791e+01 0.0000000e+00 
4.5000000e+01 4.4717503e+01 0.0000000e+00 
4.5750000e+01 4.4008564e+01 0.0000000e+00 
3.7500000e+01 5.1221092e+01 0.0000000e+00 
4.2000000e+01 4.7604877e+01 0.0000000e+00 
3.6000000e+01 5.2292068e+01 0.0000000e+00 
4.4250000e+01 4.5527252e+01 0.0000000e+00 
3.3000000e+01 5.4290588e+01 0.0000000e+00 
3.2250000e+01 5.4750000e+01 0.0000000e+00 
3.3750000e+01 5.3852203e+01 0.0000000e+00 
3.9750000e+01 4.9598557e+01 0.0000000e+00 
4.0500000e+01 4.9001011e+01 0.0000000e+00 
3.9000000e+01 5.0229382e+01 0.0000000e+00 
4.6500000e+01 4.3383839e+01 0.0000000e+00 
3.4500000e+01 5.3432659e+01 0.0000000e+00 
3.6750000e+01 5.1923523e+01 0.0000000e+00 
4.1250000e+01 4.8442150e+01 0.0000000e+00 
4.3500000e+01 4.6443207e+01 0.0000000e+00 
4.5000000e+01 4.4994812e+01 0.0000000e+00 
4.2750000e+01 4.7148285e+01 0.0000000e+00 
3.8250000e+01 5.0888382e+01 0.0000000e+00 
4.5750000e+01 4.4273598e+01 0.0000000e+00 
3.5250000e+01 5.3030334e+01 0.0000000e+00 
4.4250000e+01 4.5817623e+01 0.0000000e+00 
4.2000000e+01 4.7927387e+01 0.0000000e+00 
3.7500000e+01 5.1571045e+01 0.0000000e+00 
4.6500000e+01 4.3638947e+01 0.0000000e+00 
3.6000000e+01 5.2644173e+01 0.0000000e+00 
3.9750000e+01 4.9939857e+01 0.0000000e+00 
4.0500000e+01 4.9337437e+01 0.0000000e+00 
4.5000000e+01 4.5273308e+01 0.0000000e+00 
3.3000000e+01 5.4646893e+01 0.0000000e+00 
4.5750000e+01 4.4539822e+01 0.0000000e+00 
3.3750000e+01 5.4206490e+01 0.0000000e+00 
4.3500000e+01 4.6746120e+01 0.0000000e+00 
3.9000000e+01 5.0574165e+01 0.0000000e+00 
4.2750000e+01 4.7461796e+01 0.0000000e+00 
4.1250000e+01 4.8772320e+01 0.0000000e+00 
3.6750000e+01 5.2273682e+01 0.0000000e+00 
3.4500000e+01 5.3785248e+01 0.0000000e+00 
4.4250000e+01 4.6109009e+01 0.0000000e+00 
3.8250000e+01 5.1235317e+01 0.0000000e+00 
4.6500000e+01 4.3895069e+01 0.0000000e+00 
4.2000000e+01 4.8250000e+01 0.0000000e+00 
3.5250000e+01 5.3381367e+01 0.0000000e+00 
4.5000000e+01 4.5552917e+01 0.0000000e+00 
4.5750000e+01 4.4807190e+01 0.0000000e+00 
3.7500000e+01 5.1918907e+01 0.0000000e+00 
3.6000000e+01 5.2993633e+01 0.0000000e+00 
4.3500000e+01 4.7049744e+01 0.0000000e+00 
4.0500000e+01 4.9673164e+01 0.0000000e+00 
3.9750000e+01 5.0280075e+01 0.0000000e+00 
4.7250000e+01 4.3312500e+01 0.0000000e+00 
4.2750000e+01 4.7775692e+01 0.0000000e+00 
4.4250000e+01 4.6401329e+01 0.0000000e+00 
4.6500000e+01 4.4152176e+01 0.0000000e+00 
4.1250000e+01 4.9102158e+01 0.0000000e+00 
3.9000000e+01 5.0917488e+01 0.0000000e+00 
3.3000000e+01 5.5000000e+01 0.0000000e+00 
3.3750000e+01 5.4557625e+01 0.0000000e+00 
3.6750000e+01 5.2621395e+01 0.0000000e+00 
3.4500000e+01 5.4134773e+01 0.0000000e+00 
4.2000000e+01 4.8572613e+01 0.0000000e+00 
3.8250000e+01 5.1580406e+01 0.0000000e+00 
4.5750000e+01 4.5075649e+01 0.0000000e+00 
4.5000000e+01 4.5833580e+01 0.0000000e+00 
3.5250000e+01 5.3729473e+01 0.0000000e+00 
4.7250000e+01 4.3563118e+01 0.0000000e+00 
4.6500000e+01 4.4410225e+01 0.0000000e+00 
4.3500000e+01 4.7353989e+01 0.0000000e+00 
3.7500000e+01 5.2264545e+01 0.0000000e+00 
4.4250000e+01 4.6694504e+01 0.0000000e+00 
4.2750000e+01 4.8089882e+01 0.0000000e+00 
4.0500000e+01 5.0008076e+01 0.0000000e+00 
3.6000000e+01 5.3340332e+01 0.0000000e+00 
3.9750000e+01 5.0619099e+01 0.0000000e+00 
4.1250000e+01 4.9431553e+01 0.0000000e+00 
3.9000000e+01 5.1259220e+01 0.0000000e+00 
4.5750000e+01 4.5345146e+01 0.0000000e+00 
4.5000000e+01 4.6115227e+01 0.0000000e+00 
4.7250000e+01 4.3814331e+01 0.0000000e+00 
3.3750000e+01 5.4905495e+01 0.0000000e+00 
4.2000000e+01 4.8895123e+01 0.0000000e+00 
3.6750000e+01 5.2966541e+01 0.0000000e+00 
4.6500000e+01 4.4669186e+01 0.0000000e+00 
3.4500000e+01 5.4481125e+01 0.0000000e+00 
3.8250000e+01 5.1923523e+01 0.0000000e+00 
4.3500000e+01 4.7658764e+01 0.0000000e+00 
4.4250000e+01 4.6988461e+01 0.0000000e+00 
3.5250000e+01 5.4074528e+01 0.0000000e+00 
4.2750000e+01 4.8404266e+01 0.0000000e+00 
3.7500000e+01 5.2607849e+01 0.0000000e+00 
4.5750000e+01 4.5615627e+01 0.0000000e+00 
4.7250000e+01 4.4066116e+01 0.0000000e+00 
4.0500000e+01 5.0342060e+01 0.0000000e+00 
3.9750000e+01 5.0956806e+01 0.0000000e+00 
4.1250000e+01 4.9760387e+01 0.0000000e+00 
4.5000000e+01 4.6397797e+01 0.0000000e+00 
3.6000000e+01 5.3684147e+01 0.0000000e+00 
4.6500000e+01 4.4929020e+01 0.0000000e+00 
3.9000000e+01 5.1599243e+01 0.0000000e+00 
4.2000000e+01 4.9217422e+01 0.0000000e+00 
3.3750000e+01 5.5250000e+01 0.0000000e+00 
3.6750000e+01 5.3308998e+01 0.0000000e+00 
4.3500000e+01 4.7963978e+01 0.0000000e+00 
4.4250000e+01 4.7283115e+01 0.0000000e+00 
3.8250000e+01 5.2264545e+01 0.0000000e+00 
3.4500000e+01 5.4824188e+01 0.0000000e+00 
4.7250000e+01 4.4318455e+01 0.0000000e+00 
4.5750000e+01 4.5887043e+01 0.0000000e+00 
4.2750000e+01 4.8718750e+01 0.0000000e+00 
3.5250000e+01 5.4416420e+01 0.0000000e+00 
4.5000000e+01 4.6681217e+01 0.0000000e+00 
4.6500000e+01 4.5189690e+01 0.0000000e+00 
4.0500000e+01 5.0674999e+01 0.0000000e+00 
3.7500000e+01 5.2948685e+01 0.0000000e+00 
4.1250000e+01 5.0088554e+01 0.0000000e+00 
3.9750000e+01 5.1293076e+01 0.0000000e+00 
3.6000000e+01 5.4024956e+01 0.0000000e+00 
4.2000000e+01 4.9539406e+01 0.0000000e+00 
3.9000000e+01 5.1937439e+01 0.0000000e+00 
4.7250000e+01 4.4571327e+01 0.0000000e+00 
4.4250000e+01 4.7578392e+01 0.0000000e+00 
4.3500000e+01 4.8269550e+01 0.0000000e+00 
4.5750000e+01 4.6159340e+01 0.0000000e+00 
4.6500000e+01 4.5451164e+01 0.0000000e+00 
3.6750000e+01 5.3648647e+01 0.0000000e+00 
3.8250000e+01 5.2603352e+01 0.0000000e+00 
4.5000000e+01 4.6965427e+01 0.0000000e+00 
4.2750000e+01 4.9033234e+01 0.0000000e+00 
3.4500000e+01 5.5163849e+01 0.0000000e+00 
4.8000000e+01 4.4000000e+01 0.0000000e+00 
3.5250000e+01 5.4755032e+01 0.0000000e+00 
4.7250000e+01 4.4824715e+01 0.0000000e+00 
4.0500000e+01 5.1006779e+01 0.0000000e+00 
4.1250000e+01 5.0415943e+01 0.0000000e+00 
3.9750000e+01 5.1627789e+01 0.0000000e+00 
3.7500000e+01 5.3286934e+01 0.0000000e+00 
4.5750000e+01 4.6432468e+01 0.0000000e+00 
4.4250000e+01 4.7874218e+01 0.0000000e+00 
4.2000000e+01 4.9860970e+01 0.0000000e+00 
3.6000000e+01 5.4362640e+01 0.0000000e+00 
4.3500000e+01 4.8575386e+01 0.0000000e+00 
4.6500000e+01 4.5713398e+01 0.0000000e+00 
3.9000000e+01 5.2273682e+01 0.0000000e+00 
4.5000000e+01 4.7250362e+01 0.0000000e+00 
4.8000000e+01 4.4250000e+01 0.0000000e+00 
4.2750000e+01 4.9347618e+01 0.0000000e+00 
4.7250000e+01 4.5078602e+01 0.0000000e+00 
3.6750000e+01 5.3985363e+01 0.0000000e+00 
3.8250000e+01 5.2939819e+01 0.0000000e+00 
3.4500000e+01 5.5500000e+01 0.0000000e+00 
4.5750000e+01 4.6706375e+01 0.0000000e+00 
4.0500000e+01 5.1337276e+01 0.0000000e+00 
4.6500000e+01 4.5976360e+01 0.0000000e+00 
4.1250000e+01 5.0742439e+01 0.0000000e+00 
3.5250000e+01 5.5090240e+01 0.0000000e+00 
4.4250000e+01 4.8170509e+01 0.0000000e+00 
3.9750000e+01 5.1960827e+01 0.0000000e+00 
3.7500000e+01 5.3622471e+01 0.0000000e+00 
4.3500000e+01 4.8881397e+01 0.0000000e+00 
4.2000000e+01 5.0182007e+01 0.0000000e+00 
4.8000000e+01 4.4500000e+01 0.0000000e+00 
4.5000000e+01 4.7535954e+01 0.0000000e+00 
4.7250000e+01 4.5332962e+01 0.0000000e+00 
3.6000000e+01 5.4697083e+01 0.0000000e+00 
3.9000000e+01 5.2607849e+01 0.0000000e+00 
4.2750000e+01 4.9661808e+01 0.0000000e+00 
4.5750000e+01 4.6981010e+01 0.0000000e+00 
4.6500000e+01 4.6240013e+01 0.0000000e+00 
3.6750000e+01 5.4319023e+01 0.0000000e+00 
3.8250000e+01 5.3273819e+01 0.0000000e+00 
4.8000000e+01 4.4750000e+01 0.0000000e+00 
4.4250000e+01 4.8467190e+01 0.0000000e+00 
4.1250000e+01 5.1067936e+01 0.0000000e+00 
4.0500000e+01 5.1666382e+01 0.0000000e+00 
4.7250000e+01 4.5587784e+01 0.0000000e+00 
4.3500000e+01 4.9187500e+01 0.0000000e+00 
4.5000000e+01 4.7822136e+01 0.0000000e+00 
3.5250000e+01 5.5421936e+01 0.0000000e+00 
4.2000000e+01 5.0502411e+01 0.0000000e+00 
3.9750000e+01 5.2292068e+01 0.0000000e+00 
3.7500000e+01 5.3955173e+01 0.0000000e+00 
3.9000000e+01 5.2939819e+01 0.0000000e+00 
3.6000000e+01 5.5028160e+01 0.0000000e+00 
4.6500000e+01 4.6504322e+01 0.0000000e+00 
4.2750000e+01 4.9975704e+01 0.0000000e+00 
4.5750000e+01 4.7256317e+01 0.0000000e+00 
4.8000000e+01 4.5000000e+01 0.0000000e+00 
4.7250000e+01 4.5843044e+01 0.0000000e+00 
4.4250000e+01 4.8764183e+01 0.0000000e+00 
3.8250000e+01 5.3605232e+01 0.0000000e+00 
3.6750000e+01 5.4649509e+01 0.0000000e+00 
4.5000000e+01 4.8108845e+01 0.0000000e+00 
4.3500000e+01 4.9493603e+01 0.0000000e+00 
4.1250000e+01 5.1392319e+01 0.0000000e+00 
4.0500000e+01 5.1993977e+01 0.0000000e+00 
4.2000000e+01 5.0822083e+01 0.0000000e+00 
3.9750000e+01 5.2621395e+01 0.0000000e+00 
4.6500000e+01 4.6769249e+01 0.0000000e+00 
3.5250000e+01 5.5750000e+01 0.0000000e+00 
4.8000000e+01 4.5250000e+01 0.0000000e+00 
4.5750000e+01 4.7532249e+01 0.0000000e+00 
3.7500000e+01 5.4284920e+01 0.0000000e+00 
4.2750000e+01 5.0289215e+01 0.0000000e+00 
4.7250000e+01 4.6098724e+01 0.0000000e+00 
3.9000000e+01 5.3269470e+01 0.0000000e+00 
3.6000000e+01 5.5355751e+01 0.0000000e+00 
4.4250000e+01 4.9061409e+01 0.0000000e+00 
4.5000000e+01 4.8396011e+01 0.0000000e+00 
3.8250000e+01 5.3933937e+01 0.0000000e+00 
4.3500000e+01 4.9799614e+01 0.0000000e+00 
3.6750000e+01 5.4976692e+01 0.0000000e+00 
4.8000000e+01 4.5500000e+01 0.0000000e+00 
4.6500000e+01 4.7034760e+01 0.0000000e+00 
4.1250000e+01 5.1715477e+01 0.0000000e+00 
4.0500000e+01 5.2319946e+01 0.0000000e+00 
4.5750000e+01 4.7808750e+01 0.0000000e+00 
4.2000000e+01 5.1140911e+01 0.0000000e+00 
4.7250000e+01 4.6354809e+01 0.0000000e+00 
3.9750000e+01 5.2948685e+01 0.0000000e+00 
4.2750000e+01 5.0602234e+01 0.0000000e+00 
3.7500000e+01 5.4611588e+01 0.0000000e+00 
3.9000000e+01 5.3596680e+01 0.0000000e+00 
4.4250000e+01 4.9358791e+01 0.0000000e+00 
4.5000000e+01 4.8683575e+01 0.0000000e+00 
3.6000000e+01 5.5679737e+01 0.0000000e+00 
4.8000000e+01 4.5750000e+01 0.0000000e+00 
4.6500000e+01 4.7300812e+01 0.0000000e+00 
4.3500000e+01 5.0105450e+01 0.0000000e+00 
4.7250000e+01 4.6611271e+01 0.0000000e+00 
4.5750000e+01 4.8085773e+01 0.0000000e+00 
3.8250000e+01 5.4259808e+01 0.0000000e+00 
3.6750000e+01 5.5300457e+01 0.0000000e+00 
4.1250000e+01 5.2037300e+01 0.0000000e+00 
4.0500000e+01 5.2644173e+01 0.0000000e+00 
4.2000000e+01 5.1458794e+01 0.0000000e+00 
3.9750000e+01 5.3273819e+01 0.0000000e+00 
4.2750000e+01 5.0914669e+01 0.0000000e+00 
4.8000000e+01 4.6000000e+01 0.0000000e+00 
4.5000000e+01 4.8971466e+01 0.0000000e+00 
4.4250000e+01 4.9656250e+01 0.0000000e+00 
3.7500000e+01 5.4935051e+01 0.0000000e+00 
4.6500000e+01 4.7567375e+01 0.0000000e+00 
3.9000000e+01 5.3921329e+01 0.0000000e+00 
4.7250000e+01 4.6868095e+01 0.0000000e+00 
3.6000000e+01 5.6000000e+01 0.0000000e+00 
4.5750000e+01 4.8363258e+01 0.0000000e+00 
4.3500000e+01 5.0411022e+01 0.0000000e+00 
3.8250000e+01 5.4582726e+01 0.0000000e+00 
4.1250000e+01 5.2357674e+01 0.0000000e+00 
4.8000000e+01 4.6250000e+01 0.0000000e+00 
3.6750000e+01 5.5620678e+01 0.0000000e+00 
4.2000000e+01 5.1775627e+01 0.0000000e+00 
4.0500000e+01 5.2966541e+01 0.0000000e+00 
4.6500000e+01 4.7834412e+01 0.0000000e+00 
4.5000000e+01 4.9259621e+01 0.0000000e+00 
4.2750000e+01 5.1226418e+01 0.0000000e+00 
3.9750000e+01 5.3596680e+01 0.0000000e+00 
4.7250000e+01 4.7125267e+01 0.0000000e+00 
4.4250000e+01 4.9953709e+01 0.0000000e+00 
4.5750000e+01 4.8641163e+01 0.0000000e+00 
3.7500000e+01 5.5255188e+01 0.0000000e+00 
3.9000000e+01 5.4243290e+01 0.0000000e+00 
4.3500000e+01 5.0716236e+01 0.0000000e+00 
4.8000000e+01 4.6500000e+01 0.0000000e+00 
4.6500000e+01 4.8101887e+01 0.0000000e+00 
4.1250000e+01 5.2676487e+01 0.0000000e+00 
3.8250000e+01 5.4902561e+01 0.0000000e+00 
4.2000000e+01 5.2091301e+01 0.0000000e+00 
4.7250000e+01 4.7382763e+01 0.0000000e+00 
3.6750000e+01 5.5937233e+01 0.0000000e+00 
4.0500000e+01 5.3286934e+01 0.0000000e+00 
4.5000000e+01 4.9547970e+01 0.0000000e+00 
4.4250000e+01 5.0251091e+01 0.0000000e+00 
4.2750000e+01 5.1537392e+01 0.0000000e+00 
4.5750000e+01 4.8919430e+01 0.0000000e+00 
3.9750000e+01 5.3917145e+01 0.0000000e+00 
4.8000000e+01 4.6750000e+01 0.0000000e+00 
3.7500000e+01 5.5571873e+01 0.0000000e+00 
4.3500000e+01 5.1021011e+01 0.0000000e+00 
3.9000000e+01 5.4562447e+01 0.0000000e+00 
4.6500000e+01 4.8369759e+01 0.0000000e+00 
4.7250000e+01 4.7640564e+01 0.0000000e+00 
4.5000000e+01 4.9836452e+01 0.0000000e+00 
4.1250000e+01 5.2993633e+01 0.0000000e+00 
4.2000000e+01 5.2405716e+01 0.0000000e+00 
3.8250000e+01 5.5219193e+01 0.0000000e+00 
4.8000000e+01 4.7000000e+01 0.0000000e+00 
4.4250000e+01 5.0548317e+01 0.0000000e+00 
4.5750000e+01 4.9198006e+01 0.0000000e+00 
4.0500000e+01 5.3605232e+01 0.0000000e+00 
3.6750000e+01 5.6250000e+01 0.0000000e+00 
4.2750000e+01 5.1847485e+01 0.0000000e+00 
3.9750000e+01 5.4235100e+01 0.0000000e+00 
4.3500000e+01 5.1325256e+01 0.0000000e+00 
4.7250000e+01 4.7898651e+01 0.0000000e+00 
4.6500000e+01 4.8637997e+01 0.0000000e+00 
3.7500000e+01 5.5884987e+01 0.0000000e+00 
3.9000000e+01 5.4878674e+01 0.0000000e+00 
4.8000000e+01 4.7250000e+01 0.0000000e+00 
4.5000000e+01 5.0125000e+01 0.0000000e+00 
4.5750000e+01 4.9476845e+01 0.0000000e+00 
4.2000000e+01 5.2718761e+01 0.0000000e+00 
4.4250000e+01 5.0845310e+01 0.0000000e+00 
4.1250000e+01 5.3308998e+01 0.0000000e+00 
3.8250000e+01 5.5532497e+01 0.0000000e+00 
4.0500000e+01 5.3921329e+01 0.0000000e+00 
4.2750000e+01 5.2156601e+01 0.0000000e+00 
4.7250000e+01 4.8157005e+01 0.0000000e+00 
4.6500000e+01 4.8906563e+01 0.0000000e+00 
3.9750000e+01 5.4550415e+01 0.0000000e+00 
4.3500000e+01 5.1628880e+01 0.0000000e+00 
4.8000000e+01 4.7500000e+01 0.0000000e+00 
3.7500000e+01 5.6194405e+01 0.0000000e+00 
4.5000000e+01 5.0413548e+01 0.0000000e+00 
3.9000000e+01 5.5191849e+01 0.0000000e+00 
4.5750000e+01 4.9755890e+01 0.0000000e+00 
4.4250000e+01 5.1141991e+01 0.0000000e+00 
4.2000000e+01 5.3030334e+01 0.0000000e+00 
4.7250000e+01 4.8415607e+01 0.0000000e+00 
4.1250000e+01 5.3622471e+01 0.0000000e+00 
4.2750000e+01 5.2464645e+01 0.0000000e+00 
4.6500000e+01 4.9175419e+01 0.0000000e+00 
3.8250000e+01 5.5842354e+01 0.0000000e+00 
4.0500000e+01 5.4235100e+01 0.0000000e+00 
4.8000000e+01 4.7750000e+01 0.0000000e+00 
4.3500000e+01 5.1931793e+01 0.0000000e+00 
3.9750000e+01 5.4862980e+01 0.0000000e+00 
4.5000000e+01 5.0702030e+01 0.0000000e+00 
4.5750000e+01 5.0035091e+01 0.0000000e+00 
3.7500000e+01 5.6500000e+01 0.0000000e+00 
3.9000000e+01 5.5501854e+01 0.0000000e+00 
4.7250000e+01 4.8674438e+01 0.0000000e+00 
4.4250000e+01 5.1438282e+01 0.0000000e+00 
4.6500000e+01 4.9444527e+01 0.0000000e+00 
4.8000000e+01 4.8000000e+01 0.0000000e+00 
4.2000000e+01 5.3340332e+01 0.0000000e+00 
4.1250000e+01 5.3933937e+01 0.0000000e+00 
4.2750000e+01 5.2771523e+01 0.0000000e+00 
4.0500000e+01 5.4546429e+01 0.0000000e+00 
3.8250000e+01 5.6148640e+01 0.0000000e+00 
4.3500000e+01 5.2233913e+01 0.0000000e+00 
3.9750000e+01 5.5172672e+01 0.0000000e+00 
4.5750000e+01 5.0314392e+01 0.0000000e+00 
4.5000000e+01 5.0990379e+01 0.0000000e+00 
4.7250000e+01 4.8933479e+01 0.0000000e+00 
4.8000000e+01 4.8250000e+01 0.0000000e+00 
4.6500000e+01 4.9713856e+01 0.0000000e+00 
4.4250000e+01 5.1734108e+01 0.0000000e+00 
3.9000000e+01 5.5808559e+01 0.0000000e+00 
4.2000000e+01 5.3648647e+01 0.0000000e+00 
4.1250000e+01 5.4243290e+01 0.0000000e+00 
4.2750000e+01 5.3077129e+01 0.0000000e+00 
4.0500000e+01 5.4855206e+01 0.0000000e+00 
3.8250000e+01 5.6451229e+01 0.0000000e+00 
4.3500000e+01 5.2535149e+01 0.0000000e+00 
4.7250000e+01 4.9192711e+01 0.0000000e+00 
4.5750000e+01 5.0593750e+01 0.0000000e+00 
4.5000000e+01 5.1278534e+01 0.0000000e+00 
4.8000000e+01 4.8500000e+01 0.0000000e+00 
3.9750000e+01 5.5479370e+01 0.0000000e+00 
4.6500000e+01 4.9983368e+01 0.0000000e+00 
4.4250000e+01 5.2029385e+01 0.0000000e+00 
3.9000000e+01 5.6111851e+01 0.0000000e+00 
4.2000000e+01 5.3955173e+01 0.0000000e+00 
4.2750000e+01 5.3381367e+01 0.0000000e+00 
4.1250000e+01 5.4550415e+01 0.0000000e+00 
4.7250000e+01 4.9452118e+01 0.0000000e+00 
4.8000000e+01 4.8750000e+01 0.0000000e+00 
4.5750000e+01 5.0873108e+01 0.0000000e+00 
4.0500000e+01 5.5161308e+01 0.0000000e+00 
3.8250000e+01 5.6750000e+01 0.0000000e+00 
4.3500000e+01 5.2835411e+01 0.0000000e+00 
4.5000000e+01 5.1566425e+01 0.0000000e+00 
4.6500000e+01 5.0253021e+01 0.0000000e+00 
3.9750000e+01 5.5782955e+01 0.0000000e+00 
4.4250000e+01 5.2324039e+01 0.0000000e+00 
3.9000000e+01 5.6411602e+01 0.0000000e+00 
4.7250000e+01 4.9711674e+01 0.0000000e+00 
4.8000000e+01 4.9000000e+01 0.0000000e+00 
4.2000000e+01 5.4259808e+01 0.0000000e+00 
4.2750000e+01 5.3684147e+01 0.0000000e+00 
4.5750000e+01 5.1152409e+01 0.0000000e+00 
4.1250000e+01 5.4855206e+01 0.0000000e+00 
4.5000000e+01 5.1853989e+01 0.0000000e+00 
4.6500000e+01 5.0522789e+01 0.0000000e+00 
4.3500000e+01 5.3134613e+01 0.0000000e+00 
4.0500000e+01 5.5464622e+01 0.0000000e+00 
3.9750000e+01 5.6083309e+01 0.0000000e+00 
4.4250000e+01 5.2617996e+01 0.0000000e+00 
4.8000000e+01 4.9250000e+01 0.0000000e+00 
4.7250000e+01 4.9971367e+01 0.0000000e+00 
3.9000000e+01 5.6707691e+01 0.0000000e+00 
4.5750000e+01 5.1431610e+01 0.0000000e+00 
4.2000000e+01 5.4562447e+01 0.0000000e+00 
4.2750000e+01 5.3985363e+01 0.0000000e+00 
4.6500000e+01 5.0792625e+01 0.0000000e+00 
4.5000000e+01 5.2141155e+01 0.0000000e+00 
4.1250000e+01 5.5157543e+01 0.0000000e+00 
4.3500000e+01 5.3432659e+01 0.0000000e+00 
4.0500000e+01 5.5765034e+01 0.0000000e+00 
4.8000000e+01 4.9500000e+01 0.0000000e+00 
4.7250000e+01 5.0231171e+01 0.0000000e+00 
4.4250000e+01 5.2911171e+01 0.0000000e+00 
3.9750000e+01 5.6380310e+01 0.0000000e+00 
4.5750000e+01 5.1710655e+01 0.0000000e+00 
4.6500000e+01 5.1062500e+01 0.0000000e+00 
3.9000000e+01 5.7000000e+01 0.0000000e+00 
4.5000000e+01 5.2427864e+01 0.0000000e+00 
4.2000000e+01 5.4862980e+01 0.0000000e+00 
4.2750000e+01 5.4284920e+01 0.0000000e+00 
4.1250000e+01 5.5457321e+01 0.0000000e+00 
4.8000000e+01 4.9750000e+01 0.0000000e+00 
4.3500000e+01 5.3729473e+01 0.0000000e+00 
4.7250000e+01 5.0491074e+01 0.0000000e+00 
4.0500000e+01 5.6062424e+01 0.0000000e+00 
4.4250000e+01 5.3203491e+01 0.0000000e+00 
3.9750000e+01 5.6673836e+01 0.0000000e+00 
4.5750000e+01 5.1989494e+01 0.0000000e+00 
4.6500000e+01 5.1332375e+01 0.0000000e+00 
4.5000000e+01 5.2714046e+01 0.0000000e+00 
4.8000000e+01 5.0000000e+01 0.0000000e+00 
4.2000000e+01 5.5161308e+01 0.0000000e+00 
4.2750000e+01 5.4582726e+01 0.0000000e+00 
4.7250000e+01 5.0751049e+01 0.0000000e+00 
4.1250000e+01 5.5754425e+01 0.0000000e+00 
4.3500000e+01 5.4024956e+01 0.0000000e+00 
4.0500000e+01 5.6356678e+01 0.0000000e+00 
4.4250000e+01 5.3494877e+01 0.0000000e+00 
3.9750000e+01 5.6963776e+01 0.0000000e+00 
4.5750000e+01 5.2268070e+01 0.0000000e+00 
4.6500000e+01 5.1602211e+01 0.0000000e+00 
4.8000000e+01 5.0250000e+01 0.0000000e+00 
4.5000000e+01 5.2999638e+01 0.0000000e+00 
4.7250000e+01 5.1011086e+01 0.0000000e+00 
4.2750000e+01 5.4878674e+01 0.0000000e+00 
4.2000000e+01 5.5457321e+01 0.0000000e+00 
4.3500000e+01 5.4319023e+01 0.0000000e+00 
4.1250000e+01 5.6048748e+01 0.0000000e+00 
4.0500000e+01 5.6647678e+01 0.0000000e+00 
4.4250000e+01 5.3785248e+01 0.0000000e+00 
4.6500000e+01 5.1871979e+01 0.0000000e+00 
4.5750000e+01 5.2546337e+01 0.0000000e+00 
4.8000000e+01 5.0500000e+01 0.0000000e+00 
3.9750000e+01 5.7250000e+01 0.0000000e+00 
4.7250000e+01 5.1271156e+01 0.0000000e+00 
4.5000000e+01 5.3284573e+01 0.0000000e+00 
4.2750000e+01 5.5172672e+01 0.0000000e+00 
4.2000000e+01 5.5750916e+01 0.0000000e+00 
4.3500000e+01 5.4611588e+01 0.0000000e+00 
4.1250000e+01 5.6340176e+01 0.0000000e+00 
4.8000000e+01 5.0750000e+01 0.0000000e+00 
4.6500000e+01 5.2141632e+01 0.0000000e+00 
4.0500000e+01 5.6935310e+01 0.0000000e+00 
4.4250000e+01 5.4074528e+01 0.0000000e+00 
4.5750000e+01 5.2824242e+01 0.0000000e+00 
4.7250000e+01 5.1531250e+01 0.0000000e+00 
4.5000000e+01 5.3568783e+01 0.0000000e+00 
4.2750000e+01 5.5464622e+01 0.0000000e+00 
4.2000000e+01 5.6041988e+01 0.0000000e+00 
4.8000000e+01 5.1000000e+01 0.0000000e+00 
4.3500000e+01 5.4902561e+01 0.0000000e+00 
4.1250000e+01 5.6628597e+01 0.0000000e+00 
4.6500000e+01 5.2411144e+01 0.0000000e+00 
4.5750000e+01 5.3101727e+01 0.0000000e+00 
4.4250000e+01 5.4362640e+01 0.0000000e+00 
4.0500000e+01 5.7219456e+01 0.0000000e+00 
4.7250000e+01 5.1791344e+01 0.0000000e+00 
4.5000000e+01 5.3852203e+01 0.0000000e+00 
4.8000000e+01 5.1250000e+01 0.0000000e+00 
4.2750000e+01 5.5754425e+01 0.0000000e+00 
4.2000000e+01 5.6330429e+01 0.0000000e+00 
4.6500000e+01 5.2680473e+01 0.0000000e+00 
4.3500000e+01 5.5191849e+01 0.0000000e+00 
4.1250000e+01 5.6913902e+01 0.0000000e+00 
4.7250000e+01 5.2051414e+01 0.0000000e+00 
4.5750000e+01 5.3378750e+01 0.0000000e+00 
4.4250000e+01 5.4649509e+01 0.0000000e+00 
4.0500000e+01 5.7500000e+01 0.0000000e+00 
4.5000000e+01 5.4134773e+01 0.0000000e+00 
4.8000000e+01 5.1500000e+01 0.0000000e+00 
4.6500000e+01 5.2949581e+01 0.0000000e+00 
4.2750000e+01 5.6041988e+01 0.0000000e+00 
4.7250000e+01 5.2311451e+01 0.0000000e+00 
4.2000000e+01 5.6616138e+01 0.0000000e+00 
4.3500000e+01 5.5479370e+01 0.0000000e+00 
4.5750000e+01 5.3655251e+01 0.0000000e+00 
4.1250000e+01 5.7195980e+01 0.0000000e+00 
4.4250000e+01 5.4935051e+01 0.0000000e+00 
4.8000000e+01 5.1750000e+01 0.0000000e+00 
4.5000000e+01 5.4416420e+01 0.0000000e+00 
4.6500000e+01 5.3218437e+01 0.0000000e+00 
4.7250000e+01 5.2571426e+01 0.0000000e+00 
4.2750000e+01 5.6327206e+01 0.0000000e+00 
4.2000000e+01 5.6899010e+01 0.0000000e+00 
4.5750000e+01 5.3931183e+01 0.0000000e+00 
4.3500000e+01 5.5765034e+01 0.0000000e+00 
4.1250000e+01 5.7474716e+01 0.0000000e+00 
4.4250000e+01 5.5219193e+01 0.0000000e+00 
4.8000000e+01 5.2000000e+01 0.0000000e+00 
4.5000000e+01 5.4697083e+01 0.0000000e+00 
4.6500000e+01 5.3487003e+01 0.0000000e+00 
4.7250000e+01 5.2831329e+01 0.0000000e+00 
4.5750000e+01 5.4206490e+01 0.0000000e+00 
4.2750000e+01 5.6609989e+01 0.0000000e+00 
4.2000000e+01 5.7178936e+01 0.0000000e+00 
4.3500000e+01 5.6048748e+01 0.0000000e+00 
4.8000000e+01 5.2250000e+01 0.0000000e+00 
4.1250000e+01 5.7750000e+01 0.0000000e+00 
4.4250000e+01 5.5501854e+01 0.0000000e+00 
4.5000000e+01 5.4976692e+01 0.0000000e+00 
4.7250000e+01 5.3091133e+01 0.0000000e+00 
4.6500000e+01 5.3755241e+01 0.0000000e+00 
4.8000000e+01 5.2500000e+01 0.0000000e+00 
4.5750000e+01 5.4481125e+01 0.0000000e+00 
4.2750000e+01 5.6890232e+01 0.0000000e+00 
4.2000000e+01 5.7455814e+01 0.0000000e+00 
4.3500000e+01 5.6330429e+01 0.0000000e+00 
4.4250000e+01 5.5782955e+01 0.0000000e+00 
4.5000000e+01 5.5255188e+01 0.0000000e+00 
4.7250000e+01 5.3350826e+01 0.0000000e+00 
4.6500000e+01 5.4023113e+01 0.0000000e+00 
4.8000000e+01 5.2750000e+01 0.0000000e+00 
4.5750000e+01 5.4755032e+01 0.0000000e+00 
4.2750000e+01 5.7167843e+01 0.0000000e+00 
4.2000000e+01 5.7729538e+01 0.0000000e+00 
4.3500000e+01 5.6609989e+01 0.0000000e+00 
4.4250000e+01 5.6062424e+01 0.0000000e+00 
4.7250000e+01 5.3610382e+01 0.0000000e+00 
4.5000000e+01 5.5532497e+01 0.0000000e+00 
4.6500000e+01 5.4290588e+01 0.0000000e+00 
4.8000000e+01 5.3000000e+01 0.0000000e+00 
4.5750000e+01 5.5028160e+01 0.0000000e+00 
4.2750000e+01 5.7442722e+01 0.0000000e+00 
4.2000000e+01 5.8000000e+01 0.0000000e+00 
4.3500000e+01 5.6887333e+01 0.0000000e+00 
4.4250000e+01 5.6340176e+01 0.0000000e+00 
4.7250000e+01 5.3869789e+01 0.0000000e+00 
4.6500000e+01 5.4557625e+01 0.0000000e+00 
4.8000000e+01 5.3250000e+01 0.0000000e+00 
4.5000000e+01 5.5808559e+01 0.0000000e+00 
4.5750000e+01 5.5300457e+01 0.0000000e+00 
4.2750000e+01 5.7714775e+01 0.0000000e+00 
4.3500000e+01 5.7162376e+01 0.0000000e+00 
4.7250000e+01 5.4129021e+01 0.0000000e+00 
4.4250000e+01 5.6616138e+01 0.0000000e+00 
4.8000000e+01 5.3500000e+01 0.0000000e+00 
4.6500000e+01 5.4824188e+01 0.0000000e+00 
4.5000000e+01 5.6083309e+01 0.0000000e+00 
4.5750000e+01 5.5571873e+01 0.0000000e+00 
4.2750000e+01 5.7983898e+01 0.0000000e+00 
4.7250000e+01 5.4388062e+01 0.0000000e+00 
4.3500000e+01 5.7435036e+01 0.0000000e+00 
4.8000000e+01 5.3750000e+01 0.0000000e+00 
4.4250000e+01 5.6890232e+01 0.0000000e+00 
4.6500000e+01 5.5090240e+01 0.0000000e+00 
4.5000000e+01 5.6356678e+01 0.0000000e+00 
4.5750000e+01 5.5842354e+01 0.0000000e+00 
4.7250000e+01 5.4646893e+01 0.0000000e+00 
4.8000000e+01 5.4000000e+01 0.0000000e+00 
4.2750000e+01 5.8250000e+01 0.0000000e+00 
4.3500000e+01 5.7705212e+01 0.0000000e+00 
4.4250000e+01 5.7162376e+01 0.0000000e+00 
4.6500000e+01 5.5355751e+01 0.0000000e+00 
4.5000000e+01 5.6628597e+01 0.0000000e+00 
4.5750000e+01 5.6111851e+01 0.0000000e+00 
4.8000000e+01 5.4250000e+01 0.0000000e+00 
4.7250000e+01 5.4905495e+01 0.0000000e+00 
4.3500000e+01 5.7972824e+01 0.0000000e+00 
4.6500000e+01 5.5620678e+01 0.0000000e+00 
4.4250000e+01 5.7432499e+01 0.0000000e+00 
4.5000000e+01 5.6899010e+01 0.0000000e+00 
4.5750000e+01 5.6380310e+01 0.0000000e+00 
4.8000000e+01 5.4500000e+01 0.0000000e+00 
4.7250000e+01 5.5163849e+01 0.0000000e+00 
4.3500000e+01 5.8237785e+01 0.0000000e+00 
4.6500000e+01 5.5884987e+01 0.0000000e+00 
4.4250000e+01 5.7700516e+01 0.0000000e+00 
4.5000000e+01 5.7167843e+01 0.0000000e+00 
4.8000000e+01 5.4750000e+01 0.0000000e+00 
4.5750000e+01 5.6647678e+01 0.0000000e+00 
4.7250000e+01 5.5421936e+01 0.0000000e+00 
4.3500000e+01 5.8500000e+01 0.0000000e+00 
4.6500000e+01 5.6148640e+01 0.0000000e+00 
4.4250000e+01 5.7966354e+01 0.0000000e+00 
4.5000000e+01 5.7435036e+01 0.0000000e+00 
4.8000000e+01 5.5000000e+01 0.0000000e+00 
4.5750000e+01 5.6913902e+01 0.0000000e+00 
4.7250000e+01 5.5679737e+01 0.0000000e+00 
4.6500000e+01 5.6411602e+01 0.0000000e+00 
4.4250000e+01 5.8229931e+01 0.0000000e+00 
4.5000000e+01 5.7700516e+01 0.0000000e+00 
4.8000000e+01 5.5250000e+01 0.0000000e+00 
4.7250000e+01 5.5937233e+01 0.0000000e+00 
4.5750000e+01 5.7178936e+01 0.0000000e+00 
4.6500000e+01 5.6673836e+01 0.0000000e+00 
4.4250000e+01 5.8491173e+01 0.0000000e+00 
4.8000000e+01 5.5500000e+01 0.0000000e+00 
4.5000000e+01 5.7964226e+01 0.0000000e+00 
4.7250000e+01 5.6194405e+01 0.0000000e+00 
4.5750000e+01 5.7442722e+01 0.0000000e+00 
4.6500000e+01 5.6935310e+01 0.0000000e+00 
4.4250000e+01 5.8750000e+01 0.0000000e+00 
4.8000000e+01 5.5750000e+01 0.0000000e+00 
4.5000000e+01 5.8226093e+01 0.0000000e+00 
4.7250000e+01 5.6451229e+01 0.0000000e+00 
4.5750000e+01 5.7705212e+01 0.0000000e+00 
4.6500000e+01 5.7195980e+01 0.0000000e+00 
4.8000000e+01 5.6000000e+01 0.0000000e+00 
4.5000000e+01 5.8486053e+01 0.0000000e+00 
4.7250000e+01 5.6707691e+01 0.0000000e+00 
4.5750000e+01 5.7966354e+01 0.0000000e+00 
4.6500000e+01 5.7455814e+01 0.0000000e+00 
4.8000000e+01 5.6250000e+01 0.0000000e+00 
4.5000000e+01 5.8744045e+01 0.0000000e+00 
4.7250000e+01 5.6963776e+01 0.0000000e+00 
4.5750000e+01 5.8226093e+01 0.0000000e+00 
4.6500000e+01 5.7714775e+01 0.0000000e+00 
4.8000000e+01 5.6500000e+01 0.0000000e+00 
4.5000000e+01 5.9000000e+01 0.0000000e+00 
4.7250000e+01 5.7219456e+01 0.0000000e+00 
4.5750000e+01 5.8484379e+01 0.0000000e+00 
4.6500000e+01 5.7972824e+01 0.0000000e+00 
4.8000000e+01 5.6750000e+01 0.0000000e+00 
4.7250000e+01 5.7474716e+01 0.0000000e+00 
4.5750000e+01 5.8741161e+01 0.0000000e+00 
4.6500000e+01 5.8229931e+01 0.0000000e+00 
4.8000000e+01 5.7000000e+01 0.0000000e+00 
4.7250000e+01 5.7729538e+01 0.0000000e+00 
4.5750000e+01 5.8996384e+01 0.0000000e+00 
4.8000000e+01 5.7250000e+01 0.0000000e+00 
4.6500000e+01 5.8486053e+01 0.0000000e+00 
4.7250000e+01 5.7983898e+01 0.0000000e+00 
4.5750000e+01 5.9250000e+01 0.0000000e+00 
4.8000000e+01 5.7500000e+01 0.0000000e+00 
4.6500000e+01 5.8741161e+01 0.0000000e+00 
4.7250000e+01 5.8237785e+01 0.0000000e+00 
4.8000000e+01 5.7750000e+01 0.0000000e+00 
4.6500000e+01 5.8995209e+01 0.0000000e+00 
4.7250000e+01 5.8491173e+01 0.0000000e+00 
4.8000000e+01 5.8000000e+01 0.0000000e+00 
4.6500000e+01 5.9248169e+01 0.0000000e+00 
4.7250000e+01 5.8744045e+01 0.0000000e+00 
4.8000000e+01 5.8250000e+01 0.0000000e+00 
4.6500000e+01 5.9500000e+01 0.0000000e+00 
4.7250000e+01 5.8996384e+01 0.0000000e+00 
4.8000000e+01 5.8500000e+01 0.0000000e+00 
4.7250000e+01 5.9248169e+01 0.0000000e+00 
4.8000000e+01 5.8750000e+01 0.0000000e+00 
4.7250000e+01 5.9499382e+01 0.0000000e+00 
4.8000000e+01 5.9000000e+01 0.0000000e+00 
4.7250000e+01 5.9750000e+01 0.0000000e+00 
4.8000000e+01 5.9250000e+01 0.0000000e+00 
4.8000000e+01 5.9500000e+01 0.0000000e+00 
4.8000000e+01 5.9750000e+01 0.0000000e+00 
4.8000000e+01 6.0000000e+01 0.0000000e+00 

CELLS 4096 20480
4 2 4 1 0
4 5 8 4 2
4 11 15 8 5
4 17 22 15 11
4 27 32 22 17
4 37 43 32 27
4 50 56 43 37
4 63 70 56 50
4 81 87 70 63
4 96 106 87 81
4 117 125 106 96
4 137 148 125 117
4 162 171 148 137
4 185 198 171 162
4 214 225 198 185
4 240 255 225 214
4 274 287 255 240
4 304 321 287 274
4 341 356 321 304
4 379 392 356 341
4 417 433 392 379
4 461 478 433 417
4 506 521 478 461
4 550 570 521 506
4 599 615 570 550
4 650 668 615 599
4 703 726 668 650
4 759 777 726 703
4 816 837 777 759
4 877 901 837 816
4 941 964 901 877
4 1008 1027 964 941
4 1077 1099 1027 1008
4 1146 1171 1099 1077
4 1222 1243 1171 1146
4 1298 1318 1243 1222
4 1376 1398 1318 1298
4 1456 1483 1398 1376
4 1538 1565 1483 1456
4 1628 1650 1565 1538
4 1718 1737 1650 1628
4 1811 1832 1737 1718
4 1904 1925 1832 1811
4 2003 2023 1925 1904
4 2094 2116 2023 2003
4 2185 2210 2116 2094
4 2278 2297 2210 2185
4 2368 2387 2297 2278
4 2453 2474 2387 2368
4 2544 2554 2474 2453
4 2628 2643 2554 2544
4 2713 2729 2643 2628
4 2799 2815 2729 2713
4 2884 2895 2815 2799
4 2967 2979 2895 2884
4 3051 3064 2979 2967
4 3133 3148 3064 3051
4 3214 3229 3148 3133
4 3295 3310 3229 3214
4 3378 3393 3310 3295
4 3461 3471 3393 3378
4 3541 3554 3471 3461
4 3620 3635 3554 3541
4 3699 3714 3635 3620
4 4 7 3 1
4 8 12 7 4
4 15 18 12 8
4 22 28 18 15
4 32 36 28 22
4 43 49 36 32
4 56 62 49 43
4 70 78 62 56
4 87 94 78 70
4 106 115 94 87
4 125 135 115 106
4 148 158 135 125
4 171 183 158 148
4 198 210 183 171
4 225 238 210 198
4 255 269 238 225
4 287 300 269 255
4 321 336 300 287
4 356 370 336 321
4 392 411 370 356
4 433 449 411 392
4 478 493 449 433
4 521 541 493 478
4 570 584 541 521
4 615 637 584 570
4 668 688 637 615
4 726 740 688 668
4 777 799 740 726
4 837 859 799 777
4 901 917 859 837
4 964 984 917 901
4 1027 1051 984 964
4 1099 1119 1051 1027
4 1171 1191 1119 1099
4 1243 1265 1191 1171
4 1318 1345 1265 1243
4 1398 1422 1345 1318
4 1483 1502 1422 1398
4 1565 1587 1502 1483
4 1650 1673 1587 1565
4 1737 1766 1673 1650
4 1832 1857 1766 1737
4 1925 1953 1857 1832
4 2023 2042 1953 1925
4 2116 2137 2042 2023
4 2210 2230 2137 2116
4 2297 2318 2230 2210
4 2387 2406 2318 2297
4 2474 2492 2406 2387
4 2554 2579 2492 2474
4 2643 2665 2579 2554
4 2729 2747 2665 2643
4 2815 2830 2747 2729
4 2895 2915 2830 2815
4 2979 2997 2915 2895
4 3064 3081 2997 2979
4 3148 3160 3081 3064
4 3229 3246 3160 3148
4 3310 3325 3246 3229
4 3393 3405 3325 3310
4 3471 3488 3405 3393
4 3554 3568 3488 3471
4 3635 3648 3568 3554
4 3714 3730 3648 3635
4 7 10 6 3
4 12 16 10 7
4 18 23 16 12
4 28 33 23 18
4 36 44 33 28
4 49 57 44 36
4 62 71 57 49
4 78 85 71 62
4 94 105 85 78
4 115 122 105 94
4 135 146 122 115
4 158 168 146 135
4 183 195 168 158
4 210 221 195 183
4 238 252 221 210
4 269 281 252 238
4 300 317 281 269
4 336 349 317 300
4 370 388 349 336
4 411 428 388 370
4 449 467 428 411
4 493 511 467 449
4 541 554 511 493
4 584 606 554 541
4 637 657 606 584
4 688 707 657 637
4 740 762 707 688
4 799 820 762 740
4 859 879 820 799
4 917 940 879 859
4 984 1004 940 917
4 1051 1070 1004 984
4 1119 1140 1070 1051
4 1191 1214 1140 1119
4 1265 1291 1214 1191
4 1345 1364 1291 1265
4 1422 1447 1364 1345
4 1502 1528 1447 1422
4 1587 1611 1528 1502
4 1673 1701 1611 1587
4 1766 1784 1701 1673
4 1857 1881 1784 1766
4 1953 1976 1881 1857
4 2042 2071 1976 1953
4 2137 2159 2071 2042
4 2230 2253 2159 2137
4 2318 2338 2253 2230
4 2406 2422 2338 2318
4 2492 2511 2422 2406
4 2579 2596 2511 2492
4 2665 2679 2596 2579
4 2747 2764 2679 2665
4 2830 2848 2764 2747
4 2915 2931 2848 2830
4 2997 3011 2931 2915
4 3081 3094 3011 2997
4 3160 3176 3094 3081
4 3246 3260 3176 3160
4 3325 3339 3260 3246
4 3405 3418 3339 3325
4 3488 3500 3418 3405
4 3568 3581 3500 3488
4 3648 3661 3581 3568
4 3730 3740 3661 3648
4 10 14 9 6
4 16 21 14 10
4 23 29 21 16
4 33 40 29 23
4 44 52 40 33
4 57 64 52 44
4 71 80 64 57
4 85 95 80 71
4 105 116 95 85
4 122 134 116 105
4 146 157 134 122
4 168 180 157 146
4 195 207 180 168
4 221 234 207 195
4 252 265 234 221
4 281 296 265 252
4 317 331 296 281
4 349 367 331 317
4 388 406 367 349
4 428 442 406 388
4 467 485 442 428
4 511 527 485 467
4 554 575 527 511
4 606 625 575 554
4 657 674 625 606
4 707 729 674 657
4 762 785 729 707
4 820 839 785 762
4 879 903 839 820
4 940 966 903 879
4 1004 1024 966 940
4 1070 1097 1024 1004
4 1140 1167 1097 1070
4 1214 1237 1167 1140
4 1291 1312 1237 1214
4 1364 1390 1312 1291
4 1447 1469 1390 1364
4 1528 1553 1469 1447
4 1611 1635 1553 1528
4 1701 1724 1635 1611
4 1784 1815 1724 1701
4 1881 1906 1815 1784
4 1976 2000 1906 1881
4 2071 2091 2000 1976
4 2159 2181 2091 2071
4 2253 2270 2181 2159
4 2338 2358 2270 2253
4 2422 2445 2358 2338
4 2511 2531 2445 2422
4 2596 2616 2531 2511
4 2679 2700 2616 2596
4 2764 2781 2700 2679
4 2848 2863 2781 2764
4 2931 2945 2863 2848
4 3011 3030 2945 2931
4 3094 3110 3030 3011
4 3176 3194 3110 3094
4 3260 3272 3194 3176
4 3339 3354 3272 3260
4 3418 3435 3354 3339
4 3500 3513 3435 3418
4 3581 3594 3513 3500
4 3661 3676 3594 3581
4 3740 3756 3676 3661
4 14 20 13 9
4 21 26 20 14
4 29 35 26 21
4 40 45 35 29
4 52 59 45 40
4 64 73 59 52
4 80 90 73 64
4 95 107 90 80
4 116 123 107 95
4 134 147 123 116
4 157 167 147 134
4 180 194 167 157
4 207 219 194 180
4 234 249 219 207
4 265 278 249 234
4 296 313 278 265
4 331 345 313 296
4 367 383 345 331
4 406 420 383 367
4 442 463 420 406
4 485 505 463 442
4 527 548 505 485
4 575 594 548 527
4 625 642 594 575
4 674 697 642 625
4 729 749 697 674
4 785 804 749 729
4 839 863 804 785
4 903 922 863 839
4 966 986 922 903
4 1024 1052 986 966
4 1097 1117 1052 1024
4 1167 1188 1117 1097
4 1237 1261 1188 1167
4 1312 1337 1261 1237
4 1390 1414 1337 1312
4 1469 1493 1414 1390
4 1553 1577 1493 1469
4 1635 1662 1577 1553
4 1724 1748 1662 1635
4 1815 1835 1748 1724
4 1906 1928 1835 1815
4 2000 2025 1928 1906
4 2091 2114 2025 2000
4 2181 2206 2114 2091
4 2270 2290 2206 2181
4 2358 2376 2290 2270
4 2445 2464 2376 2358
4 2531 2549 2464 2445
4 2616 2633 2549 2531
4 2700 2715 2633 2616
4 2781 2800 2715 2700
4 2863 2881 2800 2781
4 2945 2963 2881 2863
4 3030 3041 2963 2945
4 3110 3124 3041 3030
4 3194 3205 3124 3110
4 3272 3286 3205 3194
4 3354 3369 3286 3272
4 3435 3447 3369 3354
4 3513 3528 3447 3435
4 3594 3610 3528 3513
4 3676 3689 3610 3594
4 3756 3769 3689 3676
4 20 25 19 13
4 26 34 25 20
4 35 42 34 26
4 45 53 42 35
4 59 68 53 45
4 73 82 68 59
4 90 98 82 73
4 107 118 98 90
4 123 136 118 107
4 147 159 136 123
4 167 181 159 147
4 194 206 181 167
4 219 233 206 194
4 249 263 233 219
4 278 294 263 249
4 313 327 294 278
4 345 363 327 313
4 383 401 363 345
4 420 439 401 383
4 463 481 439 420
4 505 523 481 463
4 548 569 523 505
4 594 614 569 548
4 642 664 614 594
4 697 714 664 642
4 749 771 714 697
4 804 828 771 749
4 863 886 828 804
4 922 944 886 863
4 986 1010 944 922
4 1052 1074 1010 986
4 1117 1141 1074 1052
4 1188 1210 1141 1117
4 1261 1286 1210 1188
4 1337 1359 1286 1261
4 1414 1437 1359 1337
4 1493 1522 1437 1414
4 1577 1600 1522 1493
4 1662 1685 1600 1577
4 1748 1773 1685 1662
4 1835 1863 1773 1748
4 1928 1957 1863 1835
4 2025 2045 1957 1928
4 2114 2138 2045 2025
4 2206 2225 2138 2114
4 2290 2313 2225 2206
4 2376 2401 2313 2290
4 2464 2484 2401 2376
4 2549 2572 2484 2464
4 2633 2650 2572 2549
4 2715 2737 2650 2633
4 2800 2819 2737 2715
4 2881 2896 2819 2800
4 2963 2978 2896 2881
4 3041 3060 2978 2963
4 3124 3143 3060 3041
4 3205 3224 3143 3124
4 3286 3303 3224 3205
4 3369 3382 3303 3286
4 3447 3464 3382 3369
4 3528 3544 3464 3447
4 3610 3623 3544 3528
4 3689 3701 3623 3610
4 3769 3781 3701 3689
4 25 31 24 19
4 34 41 31 25
4 42 51 41 34
4 53 61 51 42
4 68 76 61 53
4 82 92 76 68
4 98 109 92 82
4 118 130 109 98
4 136 150 130 118
4 159 169 150 136
4 181 196 169 159
4 206 220 196 181
4 233 250 220 206
4 263 277 250 233
4 294 311 277 263
4 327 342 311 294
4 363 381 342 327
4 401 416 381 363
4 439 458 416 401
4 481 497 458 439
4 523 543 497 481
4 569 587 543 523
4 614 636 587 569
4 664 685 636 614
4 714 735 685 664
4 771 793 735 714
4 828 846 793 771
4 886 909 846 828
4 944 970 909 886
4 1010 1030 970 944
4 1074 1100 1030 1010
4 1141 1169 1100 1074
4 1210 1236 1169 1141
4 1286 1310 1236 1210
4 1359 1387 1310 1286
4 1437 1463 1387 1359
4 1522 1541 1463 1437
4 1600 1627 1541 1522
4 1685 1710 1627 1600
4 1773 1801 1710 1685
4 1863 1888 1801 1773
4 1957 1983 1888 1863
4 2045 2073 1983 1957
4 2138 2163 2073 2045
4 2225 2251 2163 2138
4 2313 2335 2251 2225
4 2401 2418 2335 2313
4 2484 2504 2418 2401
4 2572 2586 2504 2484
4 2650 2672 2586 2572
4 2737 2753 2672 2650
4 2819 2836 2753 2737
4 2896 2917 2836 2819
4 2978 2998 2917 2896
4 3060 3079 2998 2978
4 3143 3155 3079 3060
4 3224 3238 3155 3143
4 3303 3316 3238 3224
4 3382 3398 3316 3303
4 3464 3479 3398 3382
4 3544 3558 3479 3464
4 3623 3636 3558 3544
4 3701 3716 3636 3623
4 3781 3795 3716 3701
4 31 39 30 24
4 41 48 39 31
4 51 60 48 41
4 61 72 60 51
4 76 84 72 61
4 92 103 84 76
4 109 120 103 92
4 130 139 120 109
4 150 163 139 130
4 169 184 163 150
4 196 209 184 169
4 220 236 209 196
4 250 264 236 220
4 277 295 264 250
4 311 325 295 277
4 342 360 325 311
4 381 394 360 342
4 416 435 394 381
4 458 475 435 416
4 497 518 475 458
4 543 564 518 497
4 587 609 564 543
4 636 658 609 587
4 685 706 658 636
4 735 758 706 685
4 793 811 758 735
4 846 871 811 793
4 909 933 871 846
4 970 991 933 909
4 1030 1056 991 970
4 1100 1122 1056 1030
4 1169 1189 1122 1100
4 1236 1264 1189 1169
4 1310 1334 1264 1236
4 1387 1409 1334 1310
4 1463 1487 1409 1387
4 1541 1567 1487 1463
4 1627 1653 1567 1541
4 1710 1736 1653 1627
4 1801 1826 1736 1710
4 1888 1918 1826 1801
4 1983 2010 1918 1888
4 2073 2098 2010 1983
4 2163 2183 2098 2073
4 2251 2272 2183 2163
4 2335 2356 2272 2251
4 2418 2444 2356 2335
4 2504 2523 2444 2418
4 2586 2608 2523 2504
4 2672 2689 2608 2586
4 2753 2771 2689 2672
4 2836 2853 2771 2753
4 2917 2936 2853 2836
4 2998 3013 2936 2917
4 3079 3093 3013 2998
4 3155 3173 3093 3079
4 3238 3255 3173 3155
4 3316 3334 3255 3238
4 3398 3415 3334 3316
4 3479 3491 3415 3398
4 3558 3570 3491 3479
4 3636 3652 3570 3558
4 3716 3732 3652 3636
4 3795 3807 3732 3716
4 39 47 38 30
4 48 58 47 39
4 60 69 58 48
4 72 83 69 60
4 84 97 83 72
4 103 113 97 84
4 120 132 113 103
4 139 151 132 120
4 163 177 151 139
4 184 200 177 163
4 209 222 200 184
4 236 253 222 209
4 264 279 253 236
4 295 312 279 264
4 325 343 312 295
4 360 378 343 325
4 394 413 378 360
4 435 455 413 394
4 475 495 455 435
4 518 538 495 475
4 564 581 538 518
4 609 631 581 564
4 658 677 631 609
4 706 730 677 658
4 758 783 730 706
4 811 835 783 758
4 871 893 835 811
4 933 954 893 871
4 991 1017 954 933
4 1056 1081 1017 991
4 1122 1145 1081 1056
4 1189 1219 1145 1122
4 1264 1289 1219 1189
4 1334 1360 1289 1264
4 1409 1435 1360 1334
4 1487 1516 1435 1409
4 1567 1592 1516 1487
4 1653 1678 1592 1567
4 1736 1768 1678 1653
4 1826 1853 1768 1736
4 1918 1944 1853 1826
4 2010 2034 1944 1918
4 2098 2124 2034 2010
4 2183 2212 2124 2098
4 2272 2292 2212 2183
4 2356 2378 2292 2272
4 2444 2463 2378 2356
4 2523 2546 2463 2444
4 2608 2627 2546 2523
4 2689 2708 2627 2608
4 2771 2793 2708 2689
4 2853 2872 2793 2771
4 2936 2952 2872 2853
4 3013 3033 2952 2936
4 3093 3111 3033 3013
4 3173 3192 3111 3093
4 3255 3269 3192 3173
4 3334 3351 3269 3255
4 3415 3428 3351 3334
4 3491 3509 3428 3415
4 3570 3589 3509 3491
4 3652 3667 3589 3570
4 3732 3744 3667 3652
4 3807 3819 3744 3732
4 47 55 46 38
4 58 67 55 47
4 69 79 67 58
4 83 93 79 69
4 97 108 93 83
4 113 127 108 97
4 132 145 127 113
4 151 165 145 132
4 177 189 165 151
4 200 215 189 177
4 222 239 215 200
4 253 268 239 222
4 279 297 268 253
4 312 329 297 279
4 343 362 329 312
4 378 393 362 343
4 413 434 393 378
4 455 470 434 413
4 495 515 470 455
4 538 556 515 495
4 581 605 556 538
4 631 649 605 581
4 677 700 649 631
4 730 754 700 677
4 783 805 754 730
4 835 861 805 783
4 893 915 861 835
4 954 979 915 893
4 1017 1042 979 954
4 1081 1105 1042 1017
4 1145 1174 1105 1081
4 1219 1241 1174 1145
4 1289 1315 1241 1219
4 1360 1388 1315 1289
4 1435 1464 1388 1360
4 1516 1539 1464 1435
4 1592 1623 1539 1516
4 1678 1706 1623 1592
4 1768 1791 1706 1678
4 1853 1880 1791 1768
4 1944 1971 1880 1853
4 2034 2064 1971 1944
4 2124 2147 2064 2034
4 2212 2234 2147 2124
4 2292 2319 2234 2212
4 2378 2404 2319 2292
4 2463 2485 2404 2378
4 2546 2571 2485 2463
4 2627 2647 2571 2546
4 2708 2728 2647 2627
4 2793 2809 2728 2708
4 2872 2890 2809 2793
4 2952 2971 2890 2872
4 3033 3053 2971 2952
4 3111 3128 3053 3033
4 3192 3207 3128 3111
4 3269 3285 3207 3192
4 3351 3364 3285 3269
4 3428 3443 3364 3351
4 3509 3521 3443 3428
4 3589 3600 3521 3509
4 3667 3681 3600 3589
4 3744 3757 3681 3667
4 3819 3833 3757 3744
4 55 65 54 46
4 67 77 65 55
4 79 91 77 67
4 93 104 91 79
4 108 121 104 93
4 127 138 121 108
4 145 161 138 127
4 165 179 161 145
4 189 201 179 165
4 215 231 201 189
4 239 256 231 215
4 268 283 256 239
4 297 315 283 268
4 329 346 315 297
4 362 382 346 329
4 393 414 382 362
4 434 454 414 393
4 470 491 454 434
4 515 534 491 470
4 556 579 534 515
4 605 627 579 556
4 649 673 627 605
4 700 724 673 649
4 754 773 724 700
4 805 830 773 754
4 861 883 830 805
4 915 942 883 861
4 979 1003 942 915
4 1042 1065 1003 979
4 1105 1133 1065 1042
4 1174 1198 1133 1105
4 1241 1268 1198 1174
4 1315 1338 1268 1241
4 1388 1415 1338 1315
4 1464 1489 1415 1388
4 1539 1566 1489 1464
4 1623 1649 1566 1539
4 1706 1732 1649 1623
4 1791 1817 1732 1706
4 1880 1911 1817 1791
4 1971 1998 1911 1880
4 2064 2085 1998 1971
4 2147 2173 2085 2064
4 2234 2258 2173 2147
4 2319 2345 2258 2234
4 2404 2423 2345 2319
4 2485 2506 2423 2404
4 2571 2588 2506 2485
4 2647 2671 2588 2571
4 2728 2751 2671 2647
4 2809 2827 2751 2728
4 2890 2910 2827 2809
4 2971 2989 2910 2890
4 3053 3067 2989 2971
4 3128 3147 3067 3053
4 3207 3225 3147 3128
4 3285 3304 3225 3207
4 3364 3381 3304 3285
4 3443 3462 3381 3364
4 3521 3538 3462 3443
4 3600 3614 3538 3521
4 3681 3693 3614 3600
4 3757 3773 3693 3681
4 3833 3846 3773 3757
4 65 74 66 54
4 77 89 74 65
4 91 102 89 77
4 104 119 102 91
4 121 133 119 104
4 138 152 133 121
4 161 174 152 138
4 179 197 174 161
4 201 217 197 179
4 231 245 217 201
4 256 273 245 231
4 283 301 273 256
4 315 333 301 283
4 346 365 333 315
4 382 399 365 346
4 414 436 399 382
4 454 471 436 414
4 491 514 471 454
4 534 553 514 491
4 579 602 553 534
4 627 644 602 579
4 673 696 644 627
4 724 743 696 673
4 773 798 743 724
4 830 853 798 773
4 883 911 853 830
4 942 969 911 883
4 1003 1026 969 942
4 1065 1091 1026 1003
4 1133 1158 1091 1065
4 1198 1224 1158 1133
4 1268 1296 1224 1198
4 1338 1367 1296 1268
4 1415 1441 1367 1338
4 1489 1520 1441 1415
4 1566 1594 1520 1489
4 1649 1677 1594 1566
4 1732 1764 1677 1649
4 1817 1849 1764 1732
4 1911 1935 1849 1817
4 1998 2026 1935 1911
4 2085 2113 2026 1998
4 2173 2199 2113 2085
4 2258 2282 2199 2173
4 2345 2366 2282 2258
4 2423 2449 2366 2345
4 2506 2530 2449 2423
4 2588 2610 2530 2506
4 2671 2688 2610 2588
4 2751 2768 2688 2671
4 2827 2849 2768 2751
4 2910 2925 2849 2827
4 2989 3008 2925 2910
4 3067 3086 3008 2989
4 3147 3168 3086 3067
4 3225 3242 3168 3147
4 3304 3318 3242 3225
4 3381 3397 3318 3304
4 3462 3473 3397 3381
4 3538 3553 3473 3462
4 3614 3632 3553 3538
4 3693 3711 3632 3614
4 3773 3787 3711 3693
4 3846 3856 3787 3773
4 74 86 75 66
4 89 101 86 74
4 102 114 101 89
4 119 131 114 102
4 133 149 131 119
4 152 166 149 133
4 174 187 166 152
4 197 213 187 174
4 217 235 213 197
4 245 258 235 217
4 273 291 258 245
4 301 319 291 273
4 333 350 319 301
4 365 385 350 333
4 399 419 385 365
4 436 457 419 399
4 471 494 457 436
4 514 536 494 471
4 553 577 536 514
4 602 622 577 553
4 644 670 622 602
4 696 719 670 644
4 743 770 719 696
4 798 824 770 743
4 853 875 824 798
4 911 936 875 853
4 969 992 936 911
4 1026 1055 992 969
4 1091 1116 1055 1026
4 1158 1183 1116 1091
4 1224 1252 1183 1158
4 1296 1319 1252 1224
4 1367 1396 1319 1296
4 1441 1470 1396 1367
4 1520 1545 1470 1441
4 1594 1624 1545 1520
4 1677 1708 1624 1594
4 1764 1788 1708 1677
4 1849 1877 1788 1764
4 1935 1964 1877 1849
4 2026 2054 1964 1935
4 2113 2139 2054 2026
4 2199 2222 2139 2113
4 2282 2310 2222 2199
4 2366 2390 2310 2282
4 2449 2468 2390 2366
4 2530 2551 2468 2449
4 2610 2632 2551 2530
4 2688 2709 2632 2610
4 2768 2792 2709 2688
4 2849 2870 2792 2768
4 2925 2946 2870 2849
4 3008 3024 2946 2925
4 3086 3104 3024 3008
4 3168 3180 3104 3086
4 3242 3261 3180 3168
4 3318 3337 3261 3242
4 3397 3416 3337 3318
4 3473 3490 3416 3397
4 3553 3569 3490 3473
4 3632 3646 3569 3553
4 3711 3722 3646 3632
4 3787 3798 3722 3711
4 3856 3868 3798 3787
4 86 99 88 75
4 101 111 99 86
4 114 129 111 101
4 131 144 129 114
4 149 164 144 131
4 166 182 164 149
4 187 202 182 166
4 213 228 202 187
4 235 254 228 213
4 258 276 254 235
4 291 308 276 258
4 319 338 308 291
4 350 369 338 319
4 385 404 369 350
4 419 440 404 385
4 457 477 440 419
4 494 517 477 457
4 536 555 517 494
4 577 601 555 536
4 622 643 601 577
4 670 693 643 622
4 719 739 693 670
4 770 796 739 719
4 824 845 796 770
4 875 904 845 824
4 936 960 904 875
4 992 1021 960 936
4 1055 1082 1021 992
4 1116 1143 1082 1055
4 1183 1208 1143 1116
4 1252 1275 1208 1183
4 1319 1350 1275 1252
4 1396 1424 1350 1319
4 1470 1496 1424 1396
4 1545 1574 1496 1470
4 1624 1656 1574 1545
4 1708 1734 1656 1624
4 1788 1818 1734 1708
4 1877 1908 1818 1788
4 1964 1990 1908 1877
4 2054 2078 1990 1964
4 2139 2169 2078 2054
4 2222 2252 2169 2139
4 2310 2329 2252 2222
4 2390 2414 2329 2310
4 2468 2495 2414 2390
4 2551 2575 2495 2468
4 2632 2653 2575 2551
4 2709 2731 2653 2632
4 2792 2810 2731 2709
4 2870 2889 2810 2792
4 2946 2968 2889 2870
4 3024 3040 2968 2946
4 3104 3122 3040 3024
4 3180 3199 3122 3104
4 3261 3278 3199 3180
4 3337 3355 3278 3261
4 3416 3432 3355 3337
4 3490 3508 3432 3416
4 3569 3586 3508 3490
4 3646 3660 3586 3569
4 3722 3737 3660 3646
4 3798 3813 3737 3722
4 3868 3881 3813 3798
4 99 110 100 88
4 111 126 110 99
4 129 143 126 111
4 144 160 143 129
4 164 178 160 144
4 182 199 178 164
4 202 218 199 182
4 228 244 218 202
4 254 272 244 228
4 276 298 272 254
4 308 322 298 276
4 338 358 322 308
4 369 389 358 338
4 404 425 389 369
4 440 460 425 404
4 477 496 460 440
4 517 539 496 477
4 555 580 539 517
4 601 623 580 555
4 643 669 623 601
4 693 716 669 643
4 739 767 716 693
4 796 817 767 739
4 845 872 817 796
4 904 928 872 845
4 960 985 928 904
4 1021 1047 985 960
4 1082 1107 1047 1021
4 1143 1173 1107 1082
4 1208 1238 1173 1143
4 1275 1305 1238 1208
4 1350 1378 1305 1275
4 1424 1449 1378 1350
4 1496 1526 1449 1424
4 1574 1604 1526 1496
4 1656 1683 1604 1574
4 1734 1769 1683 1656
4 1818 1852 1769 1734
4 1908 1934 1852 1818
4 1990 2024 1934 1908
4 2078 2109 2024 1990
4 2169 2192 2109 2078
4 2252 2276 2192 2169
4 2329 2355 2276 2252
4 2414 2440 2355 2329
4 2495 2517 2440 2414
4 2575 2597 2517 2495
4 2653 2676 2597 2575
4 2731 2754 2676 2653
4 2810 2831 2754 2731
4 2889 2911 2831 2810
4 2968 2988 2911 2889
4 3040 3062 2988 2968
4 3122 3140 3062 3040
4 3199 3219 3140 3122
4 3278 3291 3219 3199
4 3355 3370 3291 3278
4 3432 3446 3370 3355
4 3508 3522 3446 3432
4 3586 3598 3522 3508
4 3660 3677 3598 3586
4 3737 3753 3677 3660
4 3813 3827 3753 3737
4 3881 3894 3827 3813
4 110 124 112 100
4 126 141 124 110
4 143 155 141 126
4 160 176 155 143
4 178 193 176 160
4 199 216 193 178
4 218 237 216 199
4 244 259 237 218
4 272 289 259 244
4 298 318 289 272
4 322 344 318 298
4 358 376 344 322
4 389 410 376 358
4 425 445 410 389
4 460 484 445 425
4 496 520 484 460
4 539 560 520 496
4 580 604 560 539
4 623 645 604 580
4 669 694 645 623
4 716 738 694 669
4 767 790 738 716
4 817 843 790 767
4 872 898 843 817
4 928 953 898 872
4 985 1015 953 928
4 1047 1068 1015 985
4 1107 1135 1068 1047
4 1173 1201 1135 1107
4 1238 1266 1201 1173
4 1305 1335 1266 1238
4 1378 1404 1335 1305
4 1449 1481 1404 1378
4 1526 1557 1481 1449
4 1604 1633 1557 1526
4 1683 1711 1633 1604
4 1769 1795 1711 1683
4 1852 1879 1795 1769
4 1934 1965 1879 1852
4 2024 2052 1965 1934
4 2109 2136 2052 2024
4 2192 2218 2136 2109
4 2276 2305 2218 2192
4 2355 2382 2305 2276
4 2440 2460 2382 2355
4 2517 2543 2460 2440
4 2597 2619 2543 2517
4 2676 2699 2619 2597
4 2754 2774 2699 2676
4 2831 2852 2774 2754
4 2911 2929 2852 2831
4 2988 3007 2929 2911
4 3062 3084 3007 2988
4 3140 3157 3084 3062
4 3219 3234 3157 3140
4 3291 3311 3234 3219
4 3370 3388 3311 3291
4 3446 3465 3388 3370
4 3522 3540 3465 3446
4 3598 3613 3540 3522
4 3677 3692 3613 3598
4 3753 3767 3692 3677
4 3827 3838 3767 3753
4 3894 3904 3838 3827
4 124 140 128 112
4 141 153 140 124
4 155 173 153 141
4 176 191 173 155
4 193 212 191 176
4 216 232 212 193
4 237 257 232 216
4 259 280 257 237
4 289 307 280 259
4 318 337 307 289
4 344 366 337 318
4 376 395 366 344
4 410 432 395 376
4 445 466 432 410
4 484 503 466 445
4 520 544 503 484
4 560 582 544 520
4 604 628 582 560
4 645 672 628 604
4 694 718 672 645
4 738 766 718 694
4 790 814 766 738
4 843 869 814 790
4 898 923 869 843
4 953 981 923 898
4 1015 1040 981 953
4 1068 1101 1040 1015
4 1135 1164 1101 1068
4 1201 1227 1164 1135
4 1266 1297 1227 1201
4 1335 1361 1297 1266
4 1404 1433 1361 1335
4 1481 1509 1433 1404
4 1557 1586 1509 1481
4 1633 1665 1586 1557
4 1711 1743 1665 1633
4 1795 1827 1743 1711
4 1879 1913 1827 1795
4 1965 1993 1913 1879
4 2052 2079 1993 1965
4 2136 2168 2079 2052
4 2218 2246 2168 2136
4 2305 2324 2246 2218
4 2382 2408 2324 2305
4 2460 2487 2408 2382
4 2543 2564 2487 2460
4 2619 2641 2564 2543
4 2699 2722 2641 2619
4 2774 2796 2722 2699
4 2852 2874 2796 2774
4 2929 2949 2874 2852
4 3007 3027 2949 2929
4 3084 3103 3027 3007
4 3157 3179 3103 3084
4 3234 3253 3179 3157
4 3311 3331 3253 3234
4 3388 3404 3331 3311
4 3465 3483 3404 3388
4 3540 3556 3483 3465
4 3613 3633 3556 3540
4 3692 3706 3633 3613
4 3767 3782 3706 3692
4 3838 3851 3782 3767
4 3904 3915 3851 3838
4 140 154 142 128
4 153 170 154 140
4 173 188 170 153
4 191 208 188 173
4 212 229 208 191
4 232 251 229 212
4 257 275 251 232
4 280 299 275 257
4 307 323 299 280
4 337 355 323 307
4 366 387 355 337
4 395 418 387 366
4 432 452 418 395
4 466 489 452 432
4 503 526 489 466
4 544 567 526 503
4 582 608 567 544
4 628 651 608 582
4 672 698 651 628
4 718 741 698 672
4 766 794 741 718
4 814 841 794 766
4 869 894 841 814
4 923 951 894 869
4 981 1007 951 923
4 1040 1066 1007 981
4 1101 1130 1066 1040
4 1164 1190 1130 1101
4 1227 1258 1190 1164
4 1297 1325 1258 1227
4 1361 1395 1325 1297
4 1433 1466 1395 1361
4 1509 1534 1466 1433
4 1586 1617 1534 1509
4 1665 1694 1617 1586
4 1743 1774 1694 1665
4 1827 1858 1774 1743
4 1913 1943 1858 1827
4 1993 2028 1943 1913
4 2079 2111 2028 1993
4 2168 2190 2111 2079
4 2246 2273 2190 2168
4 2324 2352 2273 2246
4 2408 2433 2352 2324
4 2487 2510 2433 2408
4 2564 2587 2510 2487
4 2641 2667 2587 2564
4 2722 2741 2667 2641
4 2796 2822 2741 2722
4 2874 2893 2822 2796
4 2949 2972 2893 2874
4 3027 3045 2972 2949
4 3103 3121 3045 3027
4 3179 3197 3121 3103
4 3253 3271 3197 3179
4 3331 3346 3271 3253
4 3404 3422 3346 3331
4 3483 3499 3422 3404
4 3556 3574 3499 3483
4 3633 3647 3574 3556
4 3706 3720 3647 3633
4 3782 3796 3720 3706
4 3851 3864 3796 3782
4 3915 3928 3864 3851
4 154 172 156 142
4 170 186 172 154
4 188 204 186 170
4 208 226 204 188
4 229 247 226 208
4 251 270 247 229
4 275 293 270 251
4 299 320 293 275
4 323 347 320 299
4 355 375 347 323
4 387 408 375 355
4 418 441 408 387
4 452 474 441 418
4 489 513 474 452
4 526 549 513 489
4 567 590 549 526
4 608 632 590 567
4 651 675 632 608
4 698 722 675 651
4 741 768 722 698
4 794 818 768 741
4 841 870 818 794
4 894 921 870 841
4 951 978 921 894
4 1007 1034 978 951
4 1066 1096 1034 1007
4 1130 1157 1096 1066
4 1190 1221 1157 1130
4 1258 1288 1221 1190
4 1325 1353 1288 1258
4 1395 1426 1353 1325
4 1466 1495 1426 1395
4 1534 1569 1495 1466
4 1617 1644 1569 1534
4 1694 1726 1644 1617
4 1774 1806 1726 1694
4 1858 1887 1806 1774
4 1943 1973 1887 1858
4 2028 2058 1973 1943
4 2111 2141 2058 2028
4 2190 2220 2141 2111
4 2273 2302 2220 2190
4 2352 2377 2302 2273
4 2433 2455 2377 2352
4 2510 2537 2455 2433
4 2587 2613 2537 2510
4 2667 2686 2613 2587
4 2741 2765 2686 2667
4 2822 2842 2765 2741
4 2893 2918 2842 2822
4 2972 2992 2918 2893
4 3045 3066 2992 2972
4 3121 3142 3066 3045
4 3197 3218 3142 3121
4 3271 3289 3218 3197
4 3346 3365 3289 3271
4 3422 3441 3365 3346
4 3499 3514 3441 3422
4 3574 3591 3514 3499
4 3647 3665 3591 3574
4 3720 3736 3665 3647
4 3796 3811 3736 3720
4 3864 3877 3811 3796
4 3928 3937 3877 3864
4 172 190 175 156
4 186 203 190 172
4 204 223 203 186
4 226 243 223 204
4 247 266 243 226
4 270 290 266 247
4 293 314 290 270
4 320 340 314 293
4 347 368 340 320
4 375 398 368 347
4 408 429 398 375
4 441 464 429 408
4 474 498 464 441
4 513 535 498 474
4 549 574 535 513
4 590 613 574 549
4 632 660 613 590
4 675 701 660 632
4 722 746 701 675
4 768 797 746 722
4 818 844 797 768
4 870 895 844 818
4 921 950 895 870
4 978 1005 950 921
4 1034 1062 1005 978
4 1096 1124 1062 1034
4 1157 1186 1124 1096
4 1221 1250 1186 1157
4 1288 1316 1250 1221
4 1353 1386 1316 1288
4 1426 1451 1386 1353
4 1495 1527 1451 1426
4 1569 1602 1527 1495
4 1644 1676 1602 1569
4 1726 1756 1676 1644
4 1806 1834 1756 1726
4 1887 1921 1834 1806
4 1973 2008 1921 1887
4 2058 2086 2008 1973
4 2141 2171 2086 2058
4 2220 2250 2171 2141
4 2302 2325 2250 2220
4 2377 2407 2325 2302
4 2455 2483 2407 2377
4 2537 2556 2483 2455
4 2613 2636 2556 2537
4 2686 2712 2636 2613
4 2765 2788 2712 2686
4 2842 2861 2788 2765
4 2918 2940 2861 2842
4 2992 3012 2940 2918
4 3066 3089 3012 2992
4 3142 3161 3089 3066
4 3218 3235 3161 3142
4 3289 3309 3235 3218
4 3365 3384 3309 3289
4 3441 3458 3384 3365
4 3514 3532 3458 3441
4 3591 3608 3532 3514
4 3665 3680 3608 3591
4 3736 3755 3680 3665
4 3811 3823 3755 3736
4 3877 3888 3823 3811
4 3937 3948 3888 3877
4 190 205 192 175
4 203 224 205 190
4 223 241 224 203
4 243 261 241 223
4 266 286 261 243
4 290 309 286 266
4 314 335 309 290
4 340 361 335 314
4 368 391 361 340
4 398 421 391 368
4 429 453 421 398
4 464 488 453 429
4 498 522 488 464
4 535 559 522 498
4 574 598 559 535
4 613 639 598 574
4 660 682 639 613
4 701 728 682 660
4 746 772 728 701
4 797 825 772 746
4 844 873 825 797
4 895 925 873 844
4 950 980 925 895
4 1005 1033 980 950
4 1062 1093 1033 1005
4 1124 1150 1093 1062
4 1186 1217 1150 1124
4 1250 1279 1217 1186
4 1316 1349 1279 1250
4 1386 1416 1349 1316
4 1451 1484 1416 1386
4 1527 1560 1484 1451
4 1602 1632 1560 1527
4 1676 1709 1632 1602
4 1756 1785 1709 1676
4 1834 1871 1785 1756
4 1921 1956 1871 1834
4 2008 2036 1956 1921
4 2086 2117 2036 2008
4 2171 2198 2117 2086
4 2250 2277 2198 2171
4 2325 2353 2277 2250
4 2407 2432 2353 2325
4 2483 2508 2432 2407
4 2556 2583 2508 2483
4 2636 2664 2583 2556
4 2712 2738 2664 2636
4 2788 2811 2738 2712
4 2861 2886 2811 2788
4 2940 2961 2886 2861
4 3012 3034 2961 2940
4 3089 3107 3034 3012
4 3161 3181 3107 3089
4 3235 3256 3181 3161
4 3309 3330 3256 3235
4 3384 3402 3330 3309
4 3458 3474 3402 3384
4 3532 3548 3474 3458
4 3608 3622 3548 3532
4 3680 3696 3622 3608
4 3755 3770 3696 3680
4 3823 3834 3770 3755
4 3888 3901 3834 3823
4 3948 3959 3901 3888
4 205 227 211 192
4 224 242 227 205
4 241 260 242 224
4 261 284 260 241
4 286 305 284 261
4 309 332 305 286
4 335 357 332 309
4 361 386 357 335
4 391 412 386 361
4 421 443 412 391
4 453 476 443 421
4 488 510 476 453
4 522 547 510 488
4 559 583 547 522
4 598 624 583 559
4 639 665 624 598
4 682 708 665 639
4 728 756 708 682
4 772 801 756 728
4 825 849 801 772
4 873 902 849 825
4 925 952 902 873
4 980 1006 952 925
4 1033 1063 1006 980
4 1093 1123 1063 1033
4 1150 1182 1123 1093
4 1217 1247 1182 1150
4 1279 1311 1247 1217
4 1349 1377 1311 1279
4 1416 1448 1377 1349
4 1484 1518 1448 1416
4 1560 1589 1518 1484
4 1632 1668 1589 1560
4 1709 1740 1668 1632
4 1785 1820 1740 1709
4 1871 1901 1820 1785
4 1956 1986 1901 1871
4 2036 2069 1986 1956
4 2117 2148 2069 2036
4 2198 2226 2148 2117
4 2277 2308 2226 2198
4 2353 2383 2308 2277
4 2432 2456 2383 2353
4 2508 2536 2456 2432
4 2583 2611 2536 2508
4 2664 2680 2611 2583
4 2738 2760 2680 2664
4 2811 2835 2760 2738
4 2886 2908 2835 2811
4 2961 2980 2908 2886
4 3034 3057 2980 2961
4 3107 3127 3057 3034
4 3181 3201 3127 3107
4 3256 3276 3201 3181
4 3330 3348 3276 3256
4 3402 3420 3348 3330
4 3474 3494 3420 3402
4 3548 3567 3494 3474
4 3622 3639 3567 3548
4 3696 3713 3639 3622
4 3770 3785 3713 3696
4 3834 3850 3785 3770
4 3901 3914 3850 3834
4 3959 3970 3914 3901
4 227 246 230 211
4 242 262 246 227
4 260 282 262 242
4 284 302 282 260
4 305 328 302 284
4 332 353 328 305
4 357 380 353 332
4 386 407 380 357
4 412 438 407 386
4 443 468 438 412
4 476 499 468 443
4 510 537 499 476
4 547 573 537 510
4 583 611 573 547
4 624 648 611 583
4 665 692 648 624
4 708 734 692 665
4 756 780 734 708
4 801 831 780 756
4 849 876 831 801
4 902 931 876 849
4 952 982 931 902
4 1006 1036 982 952
4 1063 1095 1036 1006
4 1123 1149 1095 1063
4 1182 1213 1149 1123
4 1247 1273 1213 1182
4 1311 1344 1273 1247
4 1377 1406 1344 1311
4 1448 1479 1406 1377
4 1518 1549 1479 1448
4 1589 1622 1549 1518
4 1668 1697 1622 1589
4 1740 1775 1697 1668
4 1820 1855 1775 1740
4 1901 1932 1855 1820
4 1986 2019 1932 1901
4 2069 2102 2019 1986
4 2148 2177 2102 2069
4 2226 2256 2177 2148
4 2308 2332 2256 2226
4 2383 2412 2332 2308
4 2456 2486 2412 2383
4 2536 2558 2486 2456
4 2611 2635 2558 2536
4 2680 2707 2635 2611
4 2760 2785 2707 2680
4 2835 2857 2785 2760
4 2908 2932 2857 2835
4 2980 3004 2932 2908
4 3057 3078 3004 2980
4 3127 3150 3078 3057
4 3201 3223 3150 3127
4 3276 3292 3223 3201
4 3348 3368 3292 3276
4 3420 3440 3368 3348
4 3494 3511 3440 3420
4 3567 3585 3511 3494
4 3639 3656 3585 3567
4 3713 3731 3656 3639
4 3785 3799 3731 3713
4 3850 3865 3799 3785
4 3914 3925 3865 3850
4 3970 3981 3925 3914
4 246 267 248 230
4 262 285 267 246
4 282 303 285 262
4 302 324 303 282
4 328 351 324 302
4 353 374 351 328
4 380 403 374 353
4 407 431 403 380
4 438 462 431 407
4 468 490 462 438
4 499 525 490 468
4 537 562 525 499
4 573 596 562 537
4 611 638 596 573
4 648 676 638 611
4 692 720 676 648
4 734 763 720 692
4 780 807 763 734
4 831 857 807 780
4 876 907 857 831
4 931 956 907 876
4 982 1014 956 931
4 1036 1067 1014 982
4 1095 1125 1067 1036
4 1149 1184 1125 1095
4 1213 1246 1184 1149
4 1273 1306 1246 1213
4 1344 1372 1306 1273
4 1406 1440 1372 1344
4 1479 1511 1440 1406
4 1549 1583 1511 1479
4 1622 1658 1583 1549
4 1697 1731 1658 1622
4 1775 1809 1731 1697
4 1855 1886 1809 1775
4 1932 1970 1886 1855
4 2019 2049 1970 1932
4 2102 2130 2049 2019
4 2177 2211 2130 2102
4 2256 2283 2211 2177
4 2332 2362 2283 2256
4 2412 2439 2362 2332
4 2486 2512 2439 2412
4 2558 2585 2512 2486
4 2635 2663 2585 2558
4 2707 2736 2663 2635
4 2785 2803 2736 2707
4 2857 2880 2803 2785
4 2932 2953 2880 2857
4 3004 3026 2953 2932
4 3078 3098 3026 3004
4 3150 3172 3098 3078
4 3223 3244 3172 3150
4 3292 3315 3244 3223
4 3368 3387 3315 3292
4 3440 3459 3387 3368
4 3511 3531 3459 3440
4 3585 3602 3531 3511
4 3656 3673 3602 3585
4 3731 3746 3673 3656
4 3799 3815 3746 3731
4 3865 3878 3815 3799
4 3925 3936 3878 3865
4 3981 3990 3936 3925
4 267 288 271 248
4 285 306 288 267
4 303 326 306 285
4 324 348 326 303
4 351 372 348 324
4 374 400 372 351
4 403 427 400 374
4 431 456 427 403
4 462 486 456 431
4 490 519 486 462
4 525 551 519 490
4 562 585 551 525
4 596 626 585 562
4 638 663 626 596
4 676 704 663 638
4 720 747 704 676
4 763 791 747 720
4 807 836 791 763
4 857 887 836 807
4 907 937 887 857
4 956 987 937 907
4 1014 1044 987 956
4 1067 1098 1044 1014
4 1125 1154 1098 1067
4 1184 1216 1154 1125
4 1246 1272 1216 1184
4 1306 1340 1272 1246
4 1372 1401 1340 1306
4 1440 1473 1401 1372
4 1511 1540 1473 1440
4 1583 1616 1540 1511
4 1658 1687 1616 1583
4 1731 1767 1687 1658
4 1809 1842 1767 1731
4 1886 1923 1842 1809
4 1970 2005 1923 1886
4 2049 2081 2005 1970
4 2130 2160 2081 2049
4 2211 2236 2160 2130
4 2283 2315 2236 2211
4 2362 2392 2315 2283
4 2439 2465 2392 2362
4 2512 2539 2465 2439
4 2585 2614 2539 2512
4 2663 2682 2614 2585
4 2736 2759 2682 2663
4 2803 2832 2759 2736
4 2880 2905 2832 2803
4 2953 2976 2905 2880
4 3026 3049 2976 2953
4 3098 3120 3049 3026
4 3172 3195 3120 3098
4 3244 3262 3195 3172
4 3315 3335 3262 3244
4 3387 3406 3335 3315
4 3459 3477 3406 3387
4 3531 3546 3477 3459
4 3602 3617 3546 3531
4 3673 3690 3617 3602
4 3746 3761 3690 3673
4 3815 3829 3761 3746
4 3878 3891 3829 3815
4 3936 3947 3891 3878
4 3990 4001 3947 3936
4 288 310 292 271
4 306 330 310 288
4 326 352 330 306
4 348 371 352 326
4 372 396 371 348
4 400 424 396 372
4 427 450 424 400
4 456 482 450 427
4 486 512 482 456
4 519 545 512 486
4 551 578 545 519
4 585 612 578 551
4 626 653 612 585
4 663 690 653 626
4 704 733 690 663
4 747 775 733 704
4 791 821 775 747
4 836 867 821 791
4 887 913 867 836
4 937 967 913 887
4 987 1018 967 937
4 1044 1069 1018 987
4 1098 1131 1069 1044
4 1154 1187 1131 1098
4 1216 1248 1187 1154
4 1272 1307 1248 1216
4 1340 1371 1307 1272
4 1401 1438 1371 1340
4 1473 1506 1438 1401
4 1540 1579 1506 1473
4 1616 1648 1579 1540
4 1687 1723 1648 1616
4 1767 1797 1723 1687
4 1842 1876 1797 1767
4 1923 1958 1876 1842
4 2005 2037 1958 1923
4 2081 2115 2037 2005
4 2160 2188 2115 2081
4 2236 2269 2188 2160
4 2315 2346 2269 2236
4 2392 2416 2346 2315
4 2465 2493 2416 2392
4 2539 2567 2493 2465
4 2614 2639 2567 2539
4 2682 2711 2639 2614
4 2759 2786 2711 2682
4 2832 2856 2786 2759
4 2905 2924 2856 2832
4 2976 3001 2924 2905
4 3049 3069 3001 2976
4 3120 3141 3069 3049
4 3195 3211 3141 3120
4 3262 3283 3211 3195
4 3335 3357 3283 3262
4 3406 3423 3357 3335
4 3477 3496 3423 3406
4 3546 3566 3496 3477
4 3617 3637 3566 3546
4 3690 3707 3637 3617
4 3761 3777 3707 3690
4 3829 3844 3777 3761
4 3891 3903 3844 3829
4 3947 3960 3903 3891
4 4001 4012 3960 3947
4 310 334 316 292
4 330 354 334 310
4 352 373 354 330
4 371 397 373 352
4 396 422 397 371
4 424 447 422 396
4 450 480 447 424
4 482 508 480 450
4 512 540 508 482
4 545 572 540 512
4 578 607 572 545
4 612 640 607 578
4 653 679 640 612
4 690 721 679 653
4 733 761 721 690
4 775 806 761 733
4 821 851 806 775
4 867 897 851 821
4 913 945 897 867
4 967 997 945 913
4 1018 1050 997 967
4 1069 1103 1050 1018
4 1131 1162 1103 1069
4 1187 1220 1162 1131
4 1248 1277 1220 1187
4 1307 1343 1277 1248
4 1371 1402 1343 1307
4 1438 1472 1402 1371
4 1506 1535 1472 1438
4 1579 1610 1535 1506
4 1648 1682 1610 1579
4 1723 1757 1682 1648
4 1797 1833 1757 1723
4 1876 1916 1833 1797
4 1958 1988 1916 1876
4 2037 2072 1988 1958
4 2115 2146 2072 2037
4 2188 2221 2146 2115
4 2269 2299 2221 2188
4 2346 2372 2299 2269
4 2416 2447 2372 2346
4 2493 2520 2447 2416
4 2567 2593 2520 2493
4 2639 2666 2593 2567
4 2711 2739 2666 2639
4 2786 2805 2739 2711
4 2856 2879 2805 2786
4 2924 2950 2879 2856
4 3001 3022 2950 2924
4 3069 3092 3022 3001
4 3141 3167 3092 3069
4 3211 3233 3167 3141
4 3283 3306 3233 3211
4 3357 3375 3306 3283
4 3423 3444 3375 3357
4 3496 3516 3444 3423
4 3566 3587 3516 3496
4 3637 3655 3587 3566
4 3707 3725 3655 3637
4 3777 3793 3725 3707
4 3844 3858 3793 3777
4 3903 3916 3858 3844
4 3960 3971 3916 3903
4 4012 4020 3971 3960
4 334 359 339 316
4 354 377 359 334
4 373 402 377 354
4 397 423 402 373
4 422 446 423 397
4 447 473 446 422
4 480 504 473 447
4 508 531 504 480
4 540 566 531 508
4 572 597 566 540
4 607 633 597 572
4 640 671 633 607
4 679 709 671 640
4 721 750 709 679
4 761 789 750 721
4 806 834 789 761
4 851 880 834 806
4 897 929 880 851
4 945 976 929 897
4 997 1025 976 945
4 1050 1083 1025 997
4 1103 1137 1083 1050
4 1162 1192 1137 1103
4 1220 1254 1192 1162
4 1277 1314 1254 1220
4 1343 1375 1314 1277
4 1402 1439 1375 1343
4 1472 1505 1439 1402
4 1535 1575 1505 1472
4 1610 1643 1575 1535
4 1682 1719 1643 1610
4 1757 1792 1719 1682
4 1833 1869 1792 1757
4 1916 1948 1869 1833
4 1988 2027 1948 1916
4 2072 2106 2027 1988
4 2146 2178 2106 2072
4 2221 2255 2178 2146
4 2299 2326 2255 2221
4 2372 2403 2326 2299
4 2447 2477 2403 2372
4 2520 2547 2477 2447
4 2593 2621 2547 2520
4 2666 2693 2621 2593
4 2739 2763 2693 2666
4 2805 2834 2763 2739
4 2879 2906 2834 2805
4 2950 2975 2906 2879
4 3022 3044 2975 2950
4 3092 3115 3044 3022
4 3167 3185 3115 3092
4 3233 3257 3185 3167
4 3306 3327 3257 3233
4 3375 3394 3327 3306
4 3444 3466 3394 3375
4 3516 3533 3466 3444
4 3587 3604 3533 3516
4 3655 3672 3604 3587
4 3725 3741 3672 3655
4 3793 3808 3741 3725
4 3858 3870 3808 3793
4 3916 3930 3870 3858
4 3971 3983 3930 3916
4 4020 4029 3983 3971
4 359 384 364 339
4 377 405 384 359
4 402 426 405 377
4 423 448 426 402
4 446 472 448 423
4 473 500 472 446
4 504 529 500 473
4 531 563 529 504
4 566 593 563 531
4 597 629 593 566
4 633 662 629 597
4 671 699 662 633
4 709 736 699 671
4 750 776 736 709
4 789 823 776 750
4 834 865 823 789
4 880 912 865 834
4 929 959 912 880
4 976 1011 959 929
4 1025 1059 1011 976
4 1083 1113 1059 1025
4 1137 1170 1113 1083
4 1192 1225 1170 1137
4 1254 1284 1225 1192
4 1314 1348 1284 1254
4 1375 1407 1348 1314
4 1439 1474 1407 1375
4 1505 1537 1474 1439
4 1575 1608 1537 1505
4 1643 1679 1608 1575
4 1719 1754 1679 1643
4 1792 1829 1754 1719
4 1869 1905 1829 1792
4 1948 1985 1905 1869
4 2027 2063 1985 1948
4 2106 2135 2063 2027
4 2178 2214 2135 2106
4 2255 2285 2214 2178
4 2326 2360 2285 2255
4 2403 2429 2360 2326
4 2477 2503 2429 2403
4 2547 2578 2503 2477
4 2621 2645 2578 2547
4 2693 2719 2645 2621
4 2763 2789 2719 2693
4 2834 2859 2789 2763
4 2906 2927 2859 2834
4 2975 3000 2927 2906
4 3044 3068 3000 2975
4 3115 3137 3068 3044
4 3185 3206 3137 3115
4 3257 3280 3206 3185
4 3327 3344 3280 3257
4 3394 3417 3344 3327
4 3466 3486 3417 3394
4 3533 3552 3486 3466
4 3604 3621 3552 3533
4 3672 3691 3621 3604
4 3741 3758 3691 3672
4 3808 3824 3758 3741
4 3870 3885 3824 3808
4 3930 3943 3885 3870
4 3983 3993 3943 3930
4 4029 4038 3993 3983
4 384 409 390 364
4 405 430 409 384
4 426 451 430 405
4 448 479 451 426
4 472 501 479 448
4 500 528 501 472
4 529 558 528 500
4 563 591 558 529
4 593 621 591 563
4 629 659 621 593
4 662 691 659 629
4 699 732 691 662
4 736 769 732 699
4 776 808 769 736
4 823 854 808 776
4 865 896 854 823
4 912 943 896 865
4 959 989 943 912
4 1011 1043 989 959
4 1059 1092 1043 1011
4 1113 1144 1092 1059
4 1170 1203 1144 1113
4 1225 1259 1203 1170
4 1284 1317 1259 1225
4 1348 1381 1317 1284
4 1407 1444 1381 1348
4 1474 1508 1444 1407
4 1537 1578 1508 1474
4 1608 1642 1578 1537
4 1679 1715 1642 1608
4 1754 1786 1715 1679
4 1829 1865 1786 1754
4 1905 1940 1865 1829
4 1985 2020 1940 1905
4 2063 2093 2020 1985
4 2135 2172 2093 2063
4 2214 2242 2172 2135
4 2285 2317 2242 2214
4 2360 2389 2317 2285
4 2429 2459 2389 2360
4 2503 2533 2459 2429
4 2578 2601 2533 2503
4 2645 2674 2601 2578
4 2719 2744 2674 2645
4 2789 2814 2744 2719
4 2859 2885 2814 2789
4 2927 2954 2885 2859
4 3000 3023 2954 2927
4 3068 3091 3023 3000
4 3137 3159 3091 3068
4 3206 3231 3159 3137
4 3280 3299 3231 3206
4 3344 3367 3299 3280
4 3417 3436 3367 3344
4 3486 3504 3436 3417
4 3552 3572 3504 3486
4 3621 3640 3572 3552
4 3691 3710 3640 3621
4 3758 3776 3710 3691
4 3824 3841 3776 3758
4 3885 3898 3841 3824
4 3943 3954 3898 3885
4 3993 4003 3954 3943
4 4038 4049 4003 3993
4 409 437 415 390
4 430 459 437 409
4 451 483 459 430
4 479 507 483 451
4 501 530 507 479
4 528 557 530 501
4 558 588 557 528
4 591 618 588 558
4 621 654 618 591
4 659 686 654 621
4 691 725 686 659
4 732 760 725 691
4 769 800 760 732
4 808 840 800 769
4 854 881 840 808
4 896 930 881 854
4 943 975 930 896
4 989 1023 975 943
4 1043 1073 1023 989
4 1092 1126 1073 1043
4 1144 1178 1126 1092
4 1203 1233 1178 1144
4 1259 1295 1233 1203
4 1317 1352 1295 1259
4 1381 1418 1352 1317
4 1444 1480 1418 1381
4 1508 1542 1480 1444
4 1578 1612 1542 1508
4 1642 1680 1612 1578
4 1715 1753 1680 1642
4 1786 1825 1753 1715
4 1865 1897 1825 1786
4 1940 1978 1897 1865
4 2020 2053 1978 1940
4 2093 2129 2053 2020
4 2172 2204 2129 2093
4 2242 2275 2204 2172
4 2317 2348 2275 2242
4 2389 2417 2348 2317
4 2459 2490 2417 2389
4 2533 2559 2490 2459
4 2601 2631 2559 2533
4 2674 2703 2631 2601
4 2744 2770 2703 2674
4 2814 2841 2770 2744
4 2885 2909 2841 2814
4 2954 2977 2909 2885
4 3023 3046 2977 2954
4 3091 3114 3046 3023
4 3159 3182 3114 3091
4 3231 3250 3182 3159
4 3299 3319 3250 3231
4 3367 3390 3319 3299
4 3436 3455 3390 3367
4 3504 3523 3455 3436
4 3572 3592 3523 3504
4 3640 3658 3592 3572
4 3710 3728 3658 3640
4 3776 3792 3728 3710
4 3841 3852 3792 3776
4 3898 3912 3852 3841
4 3954 3965 3912 3898
4 4003 4014 3965 3954
4 4049 4058 4014 4003
4 437 465 444 415
4 459 487 465 437
4 483 509 487 459
4 507 533 509 483
4 530 561 533 507
4 557 589 561 530
4 588 616 589 557
4 618 647 616 588
4 654 683 647 618
4 686 717 683 654
4 725 755 717 686
4 760 792 755 725
4 800 833 792 760
4 840 874 833 800
4 881 914 874 840
4 930 962 914 881
4 975 1009 962 930
4 1023 1057 1009 975
4 1073 1108 1057 1023
4 1126 1161 1108 1073
4 1178 1215 1161 1126
4 1233 1269 1215 1178
4 1295 1329 1269 1233
4 1352 1389 1329 1295
4 1418 1450 1389 1352
4 1480 1514 1450 1418
4 1542 1580 1514 1480
4 1612 1647 1580 1542
4 1680 1717 1647 1612
4 1753 1787 1717 1680
4 1825 1860 1787 1753
4 1897 1936 1860 1825
4 1978 2013 1936 1897
4 2053 2087 2013 1978
4 2129 2164 2087 2053
4 2204 2235 2164 2129
4 2275 2309 2235 2204
4 2348 2375 2309 2275
4 2417 2451 2375 2348
4 2490 2519 2451 2417
4 2559 2589 2519 2490
4 2631 2659 2589 2559
4 2703 2726 2659 2631
4 2770 2797 2726 2703
4 2841 2865 2797 2770
4 2909 2937 2865 2841
4 2977 3003 2937 2909
4 3046 3070 3003 2977
4 3114 3138 3070 3046
4 3182 3203 3138 3114
4 3250 3274 3203 3182
4 3319 3341 3274 3250
4 3390 3412 3341 3319
4 3455 3475 3412 3390
4 3523 3545 3475 3455
4 3592 3611 3545 3523
4 3658 3678 3611 3592
4 3728 3745 3678 3658
4 3792 3809 3745 3728
4 3852 3869 3809 3792
4 3912 3926 3869 3852
4 3965 3975 3926 3912
4 4014 4025 3975 3965
4 4058 4068 4025 4014
4 465 492 469 444
4 487 516 492 465
4 509 542 516 487
4 533 565 542 509
4 561 592 565 533
4 589 617 592 561
4 616 646 617 589
4 647 680 646 616
4 683 713 680 647
4 717 751 713 683
4 755 786 751 717
4 792 827 786 755
4 833 864 827 792
4 874 906 864 833
4 914 948 906 874
4 962 994 948 914
4 1009 1045 994 962
4 1057 1090 1045 1009
4 1108 1142 1090 1057
4 1161 1194 1142 1108
4 1215 1249 1194 1161
4 1269 1304 1249 1215
4 1329 1363 1304 1269
4 1389 1428 1363 1329
4 1450 1486 1428 1389
4 1514 1552 1486 1450
4 1580 1620 1552 1514
4 1647 1684 1620 1580
4 1717 1755 1684 1647
4 1787 1828 1755 1717
4 1860 1896 1828 1787
4 1936 1975 1896 1860
4 2013 2048 1975 1936
4 2087 2127 2048 2013
4 2164 2197 2127 2087
4 2235 2268 2197 2164
4 2309 2339 2268 2235
4 2375 2411 2339 2309
4 2451 2480 2411 2375
4 2519 2548 2480 2451
4 2589 2617 2548 2519
4 2659 2684 2617 2589
4 2726 2757 2684 2659
4 2797 2825 2757 2726
4 2865 2892 2825 2797
4 2937 2960 2892 2865
4 3003 3028 2960 2937
4 3070 3095 3028 3003
4 3138 3163 3095 3070
4 3203 3230 3163 3138
4 3274 3296 3230 3203
4 3341 3362 3296 3274
4 3412 3430 3362 3341
4 3475 3497 3430 3412
4 3545 3563 3497 3475
4 3611 3630 3563 3545
4 3678 3697 3630 3611
4 3745 3762 3697 3678
4 3809 3828 3762 3745
4 3869 3883 3828 3809
4 3926 3938 3883 3869
4 3975 3988 3938 3926
4 4025 4036 3988 3975
4 4068 4076 4036 4025
4 492 524 502 469
4 516 546 524 492
4 542 571 546 516
4 565 595 571 542
4 592 620 595 565
4 617 652 620 592
4 646 681 652 617
4 680 710 681 646
4 713 745 710 680
4 751 782 745 713
4 786 819 782 751
4 827 858 819 786
4 864 899 858 827
4 906 939 899 864
4 948 983 939 906
4 994 1028 983 948
4 1045 1078 1028 994
4 1090 1127 1078 1045
4 1142 1176 1127 1090
4 1194 1229 1176 1142
4 1249 1287 1229 1194
4 1304 1346 1287 1249
4 1363 1399 1346 1304
4 1428 1460 1399 1363
4 1486 1525 1460 1428
4 1552 1588 1525 1486
4 1620 1657 1588 1552
4 1684 1722 1657 1620
4 1755 1793 1722 1684
4 1828 1866 1793 1755
4 1896 1937 1866 1828
4 1975 2012 1937 1896
4 2048 2082 2012 1975
4 2127 2157 2082 2048
4 2197 2231 2157 2127
4 2268 2301 2231 2197
4 2339 2370 2301 2268
4 2411 2443 2370 2339
4 2480 2509 2443 2411
4 2548 2580 2509 2480
4 2617 2644 2580 2548
4 2684 2714 2644 2617
4 2757 2782 2714 2684
4 2825 2850 2782 2757
4 2892 2919 2850 2825
4 2960 2984 2919 2892
4 3028 3055 2984 2960
4 3095 3119 3055 3028
4 3163 3184 3119 3095
4 3230 3251 3184 3163
4 3296 3317 3251 3230
4 3362 3385 3317 3296
4 3430 3449 3385 3362
4 3497 3519 3449 3430
4 3563 3584 3519 3497
4 3630 3650 3584 3563
4 3697 3715 3650 3630
4 3762 3779 3715 3697
4 3828 3842 3779 3762
4 3883 3897 3842 3828
4 3938 3951 3897 3883
4 3988 4000 3951 3938
4 4036 4044 4000 3988
4 4076 4082 4044 4036
4 524 552 532 502
4 546 576 552 524
4 571 603 576 546
4 595 630 603 571
4 620 655 630 595
4 652 684 655 620
4 681 711 684 652
4 710 744 711 681
4 745 778 744 710
4 782 813 778 745
4 819 855 813 782
4 858 891 855 819
4 899 934 891 858
4 939 973 934 899
4 983 1019 973 939
4 1028 1064 1019 983
4 1078 1110 1064 1028
4 1127 1163 1110 1078
4 1176 1212 1163 1127
4 1229 1267 1212 1176
4 1287 1320 1267 1229
4 1346 1379 1320 1287
4 1399 1436 1379 1346
4 1460 1497 1436 1399
4 1525 1562 1497 1460
4 1588 1625 1562 1525
4 1657 1690 1625 1588
4 1722 1762 1690 1657
4 1793 1831 1762 1722
4 1866 1902 1831 1793
4 1937 1977 1902 1866
4 2012 2047 1977 1937
4 2082 2122 2047 2012
4 2157 2191 2122 2082
4 2231 2265 2191 2157
4 2301 2331 2265 2231
4 2370 2402 2331 2301
4 2443 2469 2402 2370
4 2509 2540 2469 2443
4 2580 2606 2540 2509
4 2644 2675 2606 2580
4 2714 2742 2675 2644
4 2782 2807 2742 2714
4 2850 2877 2807 2782
4 2919 2943 2877 2850
4 2984 3010 2943 2919
4 3055 3077 3010 2984
4 3119 3145 3077 3055
4 3184 3209 3145 3119
4 3251 3277 3209 3184
4 3317 3340 3277 3251
4 3385 3408 3340 3317
4 3449 3470 3408 3385
4 3519 3539 3470 3449
4 3584 3605 3539 3519
4 3650 3669 3605 3584
4 3715 3735 3669 3650
4 3779 3797 3735 3715
4 3842 3857 3797 3779
4 3897 3913 3857 3842
4 3951 3962 3913 3897
4 4000 4010 3962 3951
4 4044 4052 4010 4000
4 4082 4091 4052 4044
4 552 586 568 532
4 576 610 586 552
4 603 635 610 576
4 630 661 635 603
4 655 687 661 630
4 684 715 687 655
4 711 748 715 684
4 744 779 748 711
4 778 810 779 744
4 813 848 810 778
4 855 889 848 813
4 891 926 889 855
4 934 968 926 891
4 973 1013 968 934
4 1019 1054 1013 973
4 1064 1102 1054 1019
4 1110 1147 1102 1064
4 1163 1199 1147 1110
4 1212 1251 1199 1163
4 1267 1302 1251 1212
4 1320 1357 1302 1267
4 1379 1419 1357 1320
4 1436 1478 1419 1379
4 1497 1533 1478 1436
4 1562 1598 1533 1497
4 1625 1666 1598 1562
4 1690 1730 1666 1625
4 1762 1799 1730 1690
4 1831 1870 1799 1762
4 1902 1942 1870 1831
4 1977 2014 1942 1902
4 2047 2083 2014 1977
4 2122 2156 2083 2047
4 2191 2227 2156 2122
4 2265 2295 2227 2191
4 2331 2365 2295 2265
4 2402 2435 2365 2331
4 2469 2502 2435 2402
4 2540 2573 2502 2469
4 2606 2637 2573 2540
4 2675 2704 2637 2606
4 2742 2769 2704 2675
4 2807 2837 2769 2742
4 2877 2903 2837 2807
4 2943 2970 2903 2877
4 3010 3036 2970 2943
4 3077 3102 3036 3010
4 3145 3169 3102 3077
4 3209 3232 3169 3145
4 3277 3298 3232 3209
4 3340 3363 3298 3277
4 3408 3427 3363 3340
4 3470 3493 3427 3408
4 3539 3560 3493 3470
4 3605 3624 3560 3539
4 3669 3687 3624 3605
4 3735 3754 3687 3669
4 3797 3816 3754 3735
4 3857 3872 3816 3797
4 3913 3927 3872 3857
4 3962 3974 3927 3913
4 4010 4021 3974 3962
4 4052 4061 4021 4010
4 4091 4100 4061 4052
4 586 619 600 568
4 610 641 619 586
4 635 666 641 610
4 661 695 666 635
4 687 723 695 661
4 715 753 723 687
4 748 784 753 715
4 779 812 784 748
4 810 847 812 779
4 848 885 847 810
4 889 920 885 848
4 926 963 920 889
4 968 1002 963 926
4 1013 1049 1002 968
4 1054 1089 1049 1013
4 1102 1138 1089 1054
4 1147 1185 1138 1102
4 1199 1232 1185 1147
4 1251 1290 1232 1199
4 1302 1342 1290 1251
4 1357 1397 1342 1302
4 1419 1452 1397 1357
4 1478 1513 1452 1419
4 1533 1576 1513 1478
4 1598 1637 1576 1533
4 1666 1703 1637 1598
4 1730 1771 1703 1666
4 1799 1836 1771 1730
4 1870 1912 1836 1799
4 1942 1982 1912 1870
4 2014 2051 1982 1942
4 2083 2126 2051 2014
4 2156 2189 2126 2083
4 2227 2262 2189 2156
4 2295 2328 2262 2227
4 2365 2397 2328 2295
4 2435 2466 2397 2365
4 2502 2534 2466 2435
4 2573 2598 2534 2502
4 2637 2668 2598 2573
4 2704 2730 2668 2637
4 2769 2798 2730 2704
4 2837 2862 2798 2769
4 2903 2930 2862 2837
4 2970 2996 2930 2903
4 3036 3059 2996 2970
4 3102 3125 3059 3036
4 3169 3193 3125 3102
4 3232 3258 3193 3169
4 3298 3321 3258 3232
4 3363 3386 3321 3298
4 3427 3448 3386 3363
4 3493 3515 3448 3427
4 3560 3579 3515 3493
4 3624 3644 3579 3560
4 3687 3708 3644 3624
4 3754 3772 3708 3687
4 3816 3832 3772 3754
4 3872 3886 3832 3816
4 3927 3942 3886 3872
4 3974 3987 3942 3927
4 4021 4032 3987 3974
4 4061 4071 4032 4021
4 4100 4108 4071 4061
4 619 656 634 600
4 641 678 656 619
4 666 702 678 641
4 695 731 702 666
4 723 757 731 695
4 753 787 757 723
4 784 815 787 753
4 812 850 815 784
4 847 884 850 812
4 885 918 884 847
4 920 957 918 885
4 963 999 957 920
4 1002 1041 999 963
4 1049 1084 1041 1002
4 1089 1129 1084 1049
4 1138 1175 1129 1089
4 1185 1223 1175 1138
4 1232 1270 1223 1185
4 1290 1326 1270 1232
4 1342 1380 1326 1290
4 1397 1432 1380 1342
4 1452 1492 1432 1397
4 1513 1554 1492 1452
4 1576 1614 1554 1513
4 1637 1675 1614 1576
4 1703 1742 1675 1637
4 1771 1810 1742 1703
4 1836 1878 1810 1771
4 1912 1949 1878 1836
4 1982 2021 1949 1912
4 2051 2089 2021 1982
4 2126 2158 2089 2051
4 2189 2229 2158 2126
4 2262 2293 2229 2189
4 2328 2363 2293 2262
4 2397 2428 2363 2328
4 2466 2498 2428 2397
4 2534 2563 2498 2466
4 2598 2629 2563 2534
4 2668 2698 2629 2598
4 2730 2762 2698 2668
4 2798 2826 2762 2730
4 2862 2891 2826 2798
4 2930 2955 2891 2862
4 2996 3021 2955 2930
4 3059 3087 3021 2996
4 3125 3151 3087 3059
4 3193 3216 3151 3125
4 3258 3281 3216 3193
4 3321 3343 3281 3258
4 3386 3410 3343 3321
4 3448 3469 3410 3386
4 3515 3535 3469 3448
4 3579 3597 3535 3515
4 3644 3664 3597 3579
4 3708 3729 3664 3644
4 3772 3789 3729 3708
4 3832 3848 3789 3772
4 3886 3902 3848 3832
4 3942 3953 3902 3886
4 3987 3999 3953 3942
4 4032 4041 3999 3987
4 4071 4080 4041 4032
4 4108 4115 4080 4071
4 656 689 667 634
4 678 712 689 656
4 702 737 712 678
4 731 765 737 702
4 757 795 765 731
4 787 826 795 757
4 815 856 826 787
4 850 888 856 815
4 884 919 888 850
4 918 955 919 884
4 957 996 955 918
4 999 1035 996 957
4 1041 1079 1035 999
4 1084 1121 1079 1041
4 1129 1168 1121 1084
4 1175 1211 1168 1129
4 1223 1262 1211 1175
4 1270 1313 1262 1223
4 1326 1362 1313 1270
4 1380 1421 1362 1326
4 1432 1476 1421 1380
4 1492 1532 1476 1432
4 1554 1590 1532 1492
4 1614 1655 1590 1554
4 1675 1716 1655 1614
4 1742 1779 1716 1675
4 1810 1851 1779 1742
4 1878 1920 1851 1810
4 1949 1987 1920 1878
4 2021 2061 1987 1949
4 2089 2128 2061 2021
4 2158 2195 2128 2089
4 2229 2264 2195 2158
4 2293 2327 2264 2229
4 2363 2394 2327 2293
4 2428 2461 2394 2363
4 2498 2526 2461 2428
4 2563 2594 2526 2498
4 2629 2661 2594 2563
4 2698 2723 2661 2629
4 2762 2790 2723 2698
4 2826 2854 2790 2762
4 2891 2920 2854 2826
4 2955 2982 2920 2891
4 3021 3047 2982 2955
4 3087 3112 3047 3021
4 3151 3175 3112 3087
4 3216 3239 3175 3151
4 3281 3305 3239 3216
4 3343 3366 3305 3281
4 3410 3431 3366 3343
4 3469 3495 3431 3410
4 3535 3557 3495 3469
4 3597 3618 3557 3535
4 3664 3684 3618 3597
4 3729 3748 3684 3664
4 3789 3806 3748 3729
4 3848 3863 3806 3789
4 3902 3917 3863 3848
4 3953 3966 3917 3902
4 3999 4011 3966 3953
4 4041 4050 4011 3999
4 4080 4089 4050 4041
4 4115 4122 4089 4080
4 689 727 705 667
4 712 752 727 689
4 737 774 752 712
4 765 802 774 737
4 795 832 802 765
4 826 860 832 795
4 856 890 860 826
4 888 924 890 856
4 919 958 924 888
4 955 995 958 919
4 996 1031 995 955
4 1035 1072 1031 996
4 1079 1115 1072 1035
4 1121 1160 1115 1079
4 1168 1206 1160 1121
4 1211 1255 1206 1168
4 1262 1300 1255 1211
4 1313 1351 1300 1262
4 1362 1400 1351 1313
4 1421 1458 1400 1362
4 1476 1515 1458 1421
4 1532 1571 1515 1476
4 1590 1631 1571 1532
4 1655 1696 1631 1590
4 1716 1759 1696 1655
4 1779 1822 1759 1716
4 1851 1890 1822 1779
4 1920 1962 1890 1851
4 1987 2031 1962 1920
4 2061 2096 2031 1987
4 2128 2167 2096 2061
4 2195 2233 2167 2128
4 2264 2298 2233 2195
4 2327 2364 2298 2264
4 2394 2427 2364 2327
4 2461 2496 2427 2394
4 2526 2555 2496 2461
4 2594 2625 2555 2526
4 2661 2687 2625 2594
4 2723 2755 2687 2661
4 2790 2820 2755 2723
4 2854 2883 2820 2790
4 2920 2944 2883 2854
4 2982 3009 2944 2920
4 3047 3074 3009 2982
4 3112 3136 3074 3047
4 3175 3200 3136 3112
4 3239 3264 3200 3175
4 3305 3329 3264 3239
4 3366 3392 3329 3305
4 3431 3453 3392 3366
4 3495 3517 3453 3431
4 3557 3578 3517 3495
4 3618 3641 3578 3557
4 3684 3703 3641 3618
4 3748 3765 3703 3684
4 3806 3825 3765 3748
4 3863 3880 3825 3806
4 3917 3931 3880 3863
4 3966 3977 3931 3917
4 4011 4024 3977 3966
4 4050 4060 4024 4011
4 4089 4097 4060 4050
4 4122 4128 4097 4089
4 727 764 742 705
4 752 788 764 727
4 774 809 788 752
4 802 838 809 774
4 832 868 838 802
4 860 900 868 832
4 890 932 900 860
4 924 965 932 890
4 958 998 965 924
4 995 1032 998 958
4 1031 1071 1032 995
4 1072 1112 1071 1031
4 1115 1155 1112 1072
4 1160 1200 1155 1115
4 1206 1245 1200 1160
4 1255 1294 1245 1206
4 1300 1341 1294 1255
4 1351 1393 1341 1300
4 1400 1446 1393 1351
4 1458 1498 1446 1400
4 1515 1558 1498 1458
4 1571 1613 1558 1515
4 1631 1671 1613 1571
4 1696 1733 1671 1631
4 1759 1800 1733 1696
4 1822 1867 1800 1759
4 1890 1929 1867 1822
4 1962 2002 1929 1890
4 2031 2070 2002 1962
4 2096 2134 2070 2031
4 2167 2203 2134 2096
4 2233 2267 2203 2167
4 2298 2330 2267 2233
4 2364 2396 2330 2298
4 2427 2462 2396 2364
4 2496 2525 2462 2427
4 2555 2591 2525 2496
4 2625 2655 2591 2555
4 2687 2720 2655 2625
4 2755 2783 2720 2687
4 2820 2846 2783 2755
4 2883 2913 2846 2820
4 2944 2974 2913 2883
4 3009 3037 2974 2944
4 3074 3099 3037 3009
4 3136 3165 3099 3074
4 3200 3226 3165 3136
4 3264 3287 3226 3200
4 3329 3352 3287 3264
4 3392 3414 3352 3329
4 3453 3472 3414 3392
4 3517 3537 3472 3453
4 3578 3596 3537 3517
4 3641 3662 3596 3578
4 3703 3723 3662 3641
4 3765 3786 3723 3703
4 3825 3843 3786 3765
4 3880 3895 3843 3825
4 3931 3945 3895 3880
4 3977 3989 3945 3931
4 4024 4033 3989 3977
4 4060 4070 4033 4024
4 4097 4106 4070 4060
4 4128 4135 4106 4097
4 764 803 781 742
4 788 829 803 764
4 809 852 829 788
4 838 878 852 809
4 868 908 878 838
4 900 938 908 868
4 932 971 938 900
4 965 1001 971 932
4 998 1038 1001 965
4 1032 1075 1038 998
4 1071 1111 1075 1032
4 1112 1151 1111 1071
4 1155 1196 1151 1112
4 1200 1240 1196 1155
4 1245 1285 1240 1200
4 1294 1332 1285 1245
4 1341 1383 1332 1294
4 1393 1430 1383 1341
4 1446 1485 1430 1393
4 1498 1536 1485 1446
4 1558 1595 1536 1498
4 1613 1659 1595 1558
4 1671 1714 1659 1613
4 1733 1776 1714 1671
4 1800 1840 1776 1733
4 1867 1909 1840 1800
4 1929 1974 1909 1867
4 2002 2040 1974 1929
4 2070 2107 2040 2002
4 2134 2174 2107 2070
4 2203 2237 2174 2134
4 2267 2306 2237 2203
4 2330 2369 2306 2267
4 2396 2430 2369 2330
4 2462 2497 2430 2396
4 2525 2553 2497 2462
4 2591 2623 2553 2525
4 2655 2683 2623 2591
4 2720 2750 2683 2655
4 2783 2812 2750 2720
4 2846 2875 2812 2783
4 2913 2939 2875 2846
4 2974 3002 2939 2913
4 3037 3061 3002 2974
4 3099 3123 3061 3037
4 3165 3188 3123 3099
4 3226 3249 3188 3165
4 3287 3312 3249 3226
4 3352 3372 3312 3287
4 3414 3437 3372 3352
4 3472 3498 3437 3414
4 3537 3561 3498 3472
4 3596 3619 3561 3537
4 3662 3682 3619 3596
4 3723 3742 3682 3662
4 3786 3804 3742 3723
4 3843 3861 3804 3786
4 3895 3910 3861 3843
4 3945 3958 3910 3895
4 3989 4002 3958 3945
4 4033 4045 4002 3989
4 4070 4081 4045 4033
4 4106 4113 4081 4070
4 4135 4142 4113 4106
4 803 842 822 781
4 829 866 842 803
4 852 892 866 829
4 878 916 892 852
4 908 946 916 878
4 938 977 946 908
4 971 1012 977 938
4 1001 1046 1012 971
4 1038 1080 1046 1001
4 1075 1114 1080 1038
4 1111 1153 1114 1075
4 1151 1193 1153 1111
4 1196 1235 1193 1151
4 1240 1281 1235 1196
4 1285 1327 1281 1240
4 1332 1374 1327 1285
4 1383 1427 1374 1332
4 1430 1477 1427 1383
4 1485 1530 1477 1430
4 1536 1585 1530 1485
4 1595 1638 1585 1536
4 1659 1699 1638 1595
4 1714 1760 1699 1659
4 1776 1819 1760 1714
4 1840 1884 1819 1776
4 1909 1951 1884 1840
4 1974 2016 1951 1909
4 2040 2080 2016 1974
4 2107 2145 2080 2040
4 2174 2213 2145 2107
4 2237 2274 2213 2174
4 2306 2340 2274 2237
4 2369 2405 2340 2306
4 2430 2467 2405 2369
4 2497 2528 2467 2430
4 2553 2592 2528 2497
4 2623 2654 2592 2553
4 2683 2717 2654 2623
4 2750 2778 2717 2683
4 2812 2844 2778 2750
4 2875 2904 2844 2812
4 2939 2966 2904 2875
4 3002 3029 2966 2939
4 3061 3090 3029 3002
4 3123 3152 3090 3061
4 3188 3212 3152 3123
4 3249 3275 3212 3188
4 3312 3336 3275 3249
4 3372 3396 3336 3312
4 3437 3460 3396 3372
4 3498 3520 3460 3437
4 3561 3580 3520 3498
4 3619 3643 3580 3561
4 3682 3702 3643 3619
4 3742 3763 3702 3682
4 3804 3821 3763 3742
4 3861 3876 3821 3804
4 3910 3924 3876 3861
4 3958 3972 3924 3910
4 4002 4015 3972 3958
4 4045 4055 4015 4002
4 4081 4090 4055 4045
4 4113 4120 4090 4081
4 4142 4148 4120 4113
4 842 882 862 822
4 866 910 882 842
4 892 935 910 866
4 916 961 935 892
4 946 988 961 916
4 977 1022 988 946
4 1012 1053 1022 977
4 1046 1087 1053 1012
4 1080 1120 1087 1046
4 1114 1159 1120 1080
4 1153 1197 1159 1114
4 1193 1234 1197 1153
4 1235 1276 1234 1193
4 1281 1323 1276 1235
4 1327 1369 1323 1281
4 1374 1420 1369 1327
4 1427 1467 1420 1374
4 1477 1519 1467 1427
4 1530 1570 1519 1477
4 1585 1626 1570 1530
4 1638 1681 1626 1585
4 1699 1738 1681 1638
4 1760 1804 1738 1699
4 1819 1864 1804 1760
4 1884 1926 1864 1819
4 1951 1989 1926 1884
4 2016 2059 1989 1951
4 2080 2123 2059 2016
4 2145 2182 2123 2080
4 2213 2248 2182 2145
4 2274 2312 2248 2213
4 2340 2373 2312 2274
4 2405 2438 2373 2340
4 2467 2500 2438 2405
4 2528 2560 2500 2467
4 2592 2624 2560 2528
4 2654 2681 2624 2592
4 2717 2748 2681 2654
4 2778 2806 2748 2717
4 2844 2871 2806 2778
4 2904 2933 2871 2844
4 2966 2993 2933 2904
4 3029 3056 2993 2966
4 3090 3116 3056 3029
4 3152 3177 3116 3090
4 3212 3237 3177 3152
4 3275 3301 3237 3212
4 3336 3359 3301 3275
4 3396 3419 3359 3336
4 3460 3484 3419 3396
4 3520 3543 3484 3460
4 3580 3603 3543 3520
4 3643 3663 3603 3580
4 3702 3721 3663 3643
4 3763 3783 3721 3702
4 3821 3837 3783 3763
4 3876 3890 3837 3821
4 3924 3941 3890 3876
4 3972 3985 3941 3924
4 4015 4026 3985 3972
4 4055 4064 4026 4015
4 4090 4099 4064 4055
4 4120 4127 4099 4090
4 4148 4155 4127 4120
4 882 927 905 862
4 910 949 927 882
4 935 974 949 910
4 961 1000 974 935
4 988 1029 1000 961
4 1022 1060 1029 988
4 1053 1094 1060 1022
4 1087 1128 1094 1053
4 1120 1165 1128 1087
4 1159 1202 1165 1120
4 1197 1239 1202 1159
4 1234 1278 1239 1197
4 1276 1321 1278 1234
4 1323 1366 1321 1276
4 1369 1413 1366 1323
4 1420 1459 1413 1369
4 1467 1510 1459 1420
4 1519 1564 1510 1467
4 1570 1615 1564 1519
4 1626 1669 1615 1570
4 1681 1727 1669 1626
4 1738 1781 1727 1681
4 1804 1846 1781 1738
4 1864 1910 1846 1804
4 1926 1972 1910 1864
4 1989 2035 1972 1926
4 2059 2101 2035 1989
4 2123 2162 2101 2059
4 2182 2223 2162 2123
4 2248 2286 2223 2182
4 2312 2349 2286 2248
4 2373 2413 2349 2312
4 2438 2470 2413 2373
4 2500 2535 2470 2438
4 2560 2595 2535 2500
4 2624 2656 2595 2560
4 2681 2716 2656 2624
4 2748 2775 2716 2681
4 2806 2839 2775 2748
4 2871 2899 2839 2806
4 2933 2962 2899 2871
4 2993 3020 2962 2933
4 3056 3083 3020 2993
4 3116 3144 3083 3056
4 3177 3202 3144 3116
4 3237 3263 3202 3177
4 3301 3324 3263 3237
4 3359 3383 3324 3301
4 3419 3442 3383 3359
4 3484 3506 3442 3419
4 3543 3564 3506 3484
4 3603 3625 3564 3543
4 3663 3685 3625 3603
4 3721 3743 3685 3663
4 3783 3802 3743 3721
4 3837 3854 3802 3783
4 3890 3907 3854 3837
4 3941 3955 3907 3890
4 3985 3997 3955 3941
4 4026 4037 3997 3985
4 4064 4072 4037 4026
4 4099 4107 4072 4064
4 4127 4136 4107 4099
4 4155 4161 4136 4127
4 927 972 947 905
4 949 993 972 927
4 974 1020 993 949
4 1000 1048 1020 974
4 1029 1076 1048 1000
4 1060 1104 1076 1029
4 1094 1139 1104 1060
4 1128 1172 1139 1094
4 1165 1207 1172 1128
4 1202 1244 1207 1165
4 1239 1283 1244 1202
4 1278 1324 1283 1239
4 1321 1365 1324 1278
4 1366 1408 1365 1321
4 1413 1455 1408 1366
4 1459 1503 1455 1413
4 1510 1556 1503 1459
4 1564 1607 1556 1510
4 1615 1661 1607 1564
4 1669 1712 1661 1615
4 1727 1772 1712 1669
4 1781 1830 1772 1727
4 1846 1889 1830 1781
4 1910 1955 1889 1846
4 1972 2015 1955 1910
4 2035 2076 2015 1972
4 2101 2140 2076 2035
4 2162 2202 2140 2101
4 2223 2263 2202 2162
4 2286 2322 2263 2223
4 2349 2385 2322 2286
4 2413 2446 2385 2349
4 2470 2505 2446 2413
4 2535 2569 2505 2470
4 2595 2626 2569 2535
4 2656 2685 2626 2595
4 2716 2749 2685 2656
4 2775 2804 2749 2716
4 2839 2868 2804 2775
4 2899 2926 2868 2839
4 2962 2990 2926 2899
4 3020 3050 2990 2962
4 3083 3108 3050 3020
4 3144 3171 3108 3083
4 3202 3228 3171 3144
4 3263 3288 3228 3202
4 3324 3349 3288 3263
4 3383 3409 3349 3324
4 3442 3467 3409 3383
4 3506 3525 3467 3442
4 3564 3588 3525 3506
4 3625 3645 3588 3564
4 3685 3704 3645 3625
4 3743 3764 3704 3685
4 3802 3818 3764 3743
4 3854 3871 3818 3802
4 3907 3921 3871 3854
4 3955 3968 3921 3907
4 3997 4009 3968 3955
4 4037 4048 4009 3997
4 4072 4083 4048 4037
4 4107 4116 4083 4072
4 4136 4143 4116 4107
4 4161 4166 4143 4136
4 972 1016 990 947
4 993 1039 1016 972
4 1020 1061 1039 993
4 1048 1088 1061 1020
4 1076 1118 1088 1048
4 1104 1148 1118 1076
4 1139 1180 1148 1104
4 1172 1218 1180 1139
4 1207 1253 1218 1172
4 1244 1292 1253 1207
4 1283 1328 1292 1244
4 1324 1368 1328 1283
4 1365 1412 1368 1324
4 1408 1453 1412 1365
4 1455 1500 1453 1408
4 1503 1551 1500 1455
4 1556 1599 1551 1503
4 1607 1652 1599 1556
4 1661 1704 1652 1607
4 1712 1761 1704 1661
4 1772 1816 1761 1712
4 1830 1875 1816 1772
4 1889 1933 1875 1830
4 1955 1997 1933 1889
4 2015 2062 1997 1955
4 2076 2120 2062 2015
4 2140 2179 2120 2076
4 2202 2238 2179 2140
4 2263 2303 2238 2202
4 2322 2361 2303 2263
4 2385 2419 2361 2322
4 2446 2481 2419 2385
4 2505 2542 2481 2446
4 2569 2599 2542 2505
4 2626 2662 2599 2569
4 2685 2721 2662 2626
4 2749 2777 2721 2685
4 2804 2838 2777 2749
4 2868 2894 2838 2804
4 2926 2957 2894 2868
4 2990 3018 2957 2926
4 3050 3076 3018 2990
4 3108 3135 3076 3050
4 3171 3196 3135 3108
4 3228 3254 3196 3171
4 3288 3313 3254 3228
4 3349 3371 3313 3288
4 3409 3434 3371 3349
4 3467 3489 3434 3409
4 3525 3549 3489 3467
4 3588 3609 3549 3525
4 3645 3668 3609 3588
4 3704 3726 3668 3645
4 3764 3784 3726 3704
4 3818 3835 3784 3764
4 3871 3887 3835 3818
4 3921 3934 3887 3871
4 3968 3982 3934 3921
4 4009 4023 3982 3968
4 4048 4059 4023 4009
4 4083 4092 4059 4048
4 4116 4124 4092 4083
4 4143 4150 4124 4116
4 4166 4172 4150 4143
4 1016 1058 1037 990
4 1039 1085 1058 1016
4 1061 1109 1085 1039
4 1088 1136 1109 1061
4 1118 1166 1136 1088
4 1148 1195 1166 1118
4 1180 1228 1195 1148
4 1218 1263 1228 1180
4 1253 1299 1263 1218
4 1292 1333 1299 1253
4 1328 1373 1333 1292
4 1368 1417 1373 1328
4 1412 1457 1417 1368
4 1453 1501 1457 1412
4 1500 1547 1501 1453
4 1551 1593 1547 1500
4 1599 1645 1593 1551
4 1652 1700 1645 1599
4 1704 1751 1700 1652
4 1761 1807 1751 1704
4 1816 1862 1807 1761
4 1875 1922 1862 1816
4 1933 1984 1922 1875
4 1997 2041 1984 1933
4 2062 2103 2041 1997
4 2120 2161 2103 2062
4 2179 2219 2161 2120
4 2238 2279 2219 2179
4 2303 2341 2279 2238
4 2361 2399 2341 2303
4 2419 2454 2399 2361
4 2481 2514 2454 2419
4 2542 2577 2514 2481
4 2599 2634 2577 2542
4 2662 2694 2634 2599
4 2721 2752 2694 2662
4 2777 2808 2752 2721
4 2838 2869 2808 2777
4 2894 2923 2869 2838
4 2957 2986 2923 2894
4 3018 3042 2986 2957
4 3076 3106 3042 3018
4 3135 3166 3106 3076
4 3196 3221 3166 3135
4 3254 3282 3221 3196
4 3313 3338 3282 3254
4 3371 3395 3338 3313
4 3434 3454 3395 3371
4 3489 3512 3454 3434
4 3549 3571 3512 3489
4 3609 3631 3571 3549
4 3668 3688 3631 3609
4 3726 3749 3688 3668
4 3784 3803 3749 3726
4 3835 3853 3803 3784
4 3887 3905 3853 3835
4 3934 3950 3905 3887
4 3982 3995 3950 3934
4 4023 4034 3995 3982
4 4059 4069 4034 4023
4 4092 4101 4069 4059
4 4124 4132 4101 4092
4 4150 4157 4132 4124
4 4172 4177 4157 4150
4 1058 1106 1086 1037
4 1085 1132 1106 1058
4 1109 1156 1132 1085
4 1136 1181 1156 1109
4 1166 1209 1181 1136
4 1195 1242 1209 1166
4 1228 1271 1242 1195
4 1263 1308 1271 1228
4 1299 1347 1308 1263
4 1333 1385 1347 1299
4 1373 1423 1385 1333
4 1417 1462 1423 1373
4 1457 1504 1462 1417
4 1501 1550 1504 1457
4 1547 1591 1550 1501
4 1593 1640 1591 1547
4 1645 1695 1640 1593
4 1700 1746 1695 1645
4 1751 1798 1746 1700
4 1807 1854 1798 1751
4 1862 1914 1854 1807
4 1922 1969 1914 1862
4 1984 2030 1969 1922
4 2041 2084 2030 1984
4 2103 2142 2084 2041
4 2161 2205 2142 2103
4 2219 2261 2205 2161
4 2279 2320 2261 2219
4 2341 2374 2320 2279
4 2399 2436 2374 2341
4 2454 2494 2436 2399
4 2514 2550 2494 2454
4 2577 2609 2550 2514
4 2634 2669 2609 2577
4 2694 2724 2669 2634
4 2752 2784 2724 2694
4 2808 2843 2784 2752
4 2869 2897 2843 2808
4 2923 2956 2897 2869
4 2986 3014 2956 2923
4 3042 3072 3014 2986
4 3106 3132 3072 3042
4 3166 3189 3132 3106
4 3221 3247 3189 3166
4 3282 3308 3247 3221
4 3338 3361 3308 3282
4 3395 3421 3361 3338
4 3454 3481 3421 3395
4 3512 3536 3481 3454
4 3571 3593 3536 3512
4 3631 3654 3593 3571
4 3688 3712 3654 3631
4 3749 3766 3712 3688
4 3803 3822 3766 3749
4 3853 3873 3822 3803
4 3905 3919 3873 3853
4 3950 3964 3919 3905
4 3995 4006 3964 3950
4 4034 4046 4006 3995
4 4069 4079 4046 4034
4 4101 4110 4079 4069
4 4132 4138 4110 4101
4 4157 4162 4138 4132
4 4177 4182 4162 4157
4 1106 1152 1134 1086
4 1132 1177 1152 1106
4 1156 1205 1177 1132
4 1181 1230 1205 1156
4 1209 1260 1230 1181
4 1242 1293 1260 1209
4 1271 1322 1293 1242
4 1308 1355 1322 1271
4 1347 1394 1355 1308
4 1385 1429 1394 1347
4 1423 1471 1429 1385
4 1462 1512 1471 1423
4 1504 1555 1512 1462
4 1550 1597 1555 1504
4 1591 1641 1597 1550
4 1640 1691 1641 1591
4 1695 1741 1691 1640
4 1746 1794 1741 1695
4 1798 1847 1794 1746
4 1854 1900 1847 1798
4 1914 1961 1900 1854
4 1969 2017 1961 1914
4 2030 2074 2017 1969
4 2084 2131 2074 2030
4 2142 2184 2131 2084
4 2205 2244 2184 2142
4 2261 2304 2244 2205
4 2320 2357 2304 2261
4 2374 2415 2357 2320
4 2436 2471 2415 2374
4 2494 2529 2471 2436
4 2550 2584 2529 2494
4 2609 2642 2584 2550
4 2669 2702 2642 2609
4 2724 2758 2702 2669
4 2784 2816 2758 2724
4 2843 2873 2816 2784
4 2897 2928 2873 2843
4 2956 2987 2928 2897
4 3014 3039 2987 2956
4 3072 3101 3039 3014
4 3132 3156 3101 3072
4 3189 3217 3156 3132
4 3247 3273 3217 3189
4 3308 3332 3273 3247
4 3361 3389 3332 3308
4 3421 3445 3389 3361
4 3481 3502 3445 3421
4 3536 3562 3502 3481
4 3593 3615 3562 3536
4 3654 3674 3615 3593
4 3712 3734 3674 3654
4 3766 3788 3734 3712
4 3822 3840 3788 3766
4 3873 3889 3840 3822
4 3919 3933 3889 3873
4 3964 3979 3933 3919
4 4006 4018 3979 3964
4 4046 4057 4018 4006
4 4079 4088 4057 4046
4 4110 4118 4088 4079
4 4138 4145 4118 4110
4 4162 4168 4145 4138
4 4182 4187 4168 4162
4 1152 1204 1179 1134
4 1177 1226 1204 1152
4 1205 1256 1226 1177
4 1230 1280 1256 1205
4 1260 1309 1280 1230
4 1293 1339 1309 1260
4 1322 1370 1339 1293
4 1355 1403 1370 1322
4 1394 1443 1403 1355
4 1429 1482 1443 1394
4 1471 1523 1482 1429
4 1512 1561 1523 1471
4 1555 1603 1561 1512
4 1597 1646 1603 1555
4 1641 1693 1646 1597
4 1691 1739 1693 1641
4 1741 1789 1739 1691
4 1794 1843 1789 1741
4 1847 1894 1843 1794
4 1900 1952 1894 1847
4 1961 2009 1952 1900
4 2017 2066 2009 1961
4 2074 2118 2066 2017
4 2131 2176 2118 2074
4 2184 2232 2176 2131
4 2244 2284 2232 2184
4 2304 2343 2284 2244
4 2357 2395 2343 2304
4 2415 2452 2395 2357
4 2471 2507 2452 2415
4 2529 2565 2507 2471
4 2584 2622 2565 2529
4 2642 2677 2622 2584
4 2702 2734 2677 2642
4 2758 2791 2734 2702
4 2816 2845 2791 2758
4 2873 2902 2845 2816
4 2928 2959 2902 2873
4 2987 3016 2959 2928
4 3039 3071 3016 2987
4 3101 3129 3071 3039
4 3156 3186 3129 3101
4 3217 3243 3186 3156
4 3273 3302 3243 3217
4 3332 3358 3302 3273
4 3389 3413 3358 3332
4 3445 3468 3413 3389
4 3502 3524 3468 3445
4 3562 3583 3524 3502
4 3615 3638 3583 3562
4 3674 3695 3638 3615
4 3734 3751 3695 3674
4 3788 3805 3751 3734
4 3840 3859 3805 3788
4 3889 3906 3859 3840
4 3933 3949 3906 3889
4 3979 3992 3949 3933
4 4018 4030 3992 3979
4 4057 4067 4030 4018
4 4088 4098 4067 4057
4 4118 4126 4098 4088
4 4145 4152 4126 4118
4 4168 4174 4152 4145
4 4187 4192 4174 4168
4 1204 1257 1231 1179
4 1226 1274 1257 1204
4 1256 1301 1274 1226
4 1280 1331 1301 1256
4 1309 1358 1331 1280
4 1339 1392 1358 1309
4 1370 1425 1392 1339
4 1403 1454 1425 1370
4 1443 1491 1454 1403
4 1482 1531 1491 1443
4 1523 1568 1531 1482
4 1561 1609 1568 1523
4 1603 1654 1609 1561
4 1646 1698 1654 1603
4 1693 1744 1698 1646
4 1739 1790 1744 1693
4 1789 1841 1790 1739
4 1843 1892 1841 1789
4 1894 1947 1892 1843
4 1952 2001 1947 1894
4 2009 2056 2001 1952
4 2066 2108 2056 2009
4 2118 2166 2108 2066
4 2176 2217 2166 2118
4 2232 2271 2217 2176
4 2284 2323 2271 2232
4 2343 2379 2323 2284
4 2395 2437 2379 2343
4 2452 2491 2437 2395
4 2507 2545 2491 2452
4 2565 2600 2545 2507
4 2622 2658 2600 2565
4 2677 2710 2658 2622
4 2734 2767 2710 2677
4 2791 2823 2767 2734
4 2845 2878 2823 2791
4 2902 2935 2878 2845
4 2959 2991 2935 2902
4 3016 3043 2991 2959
4 3071 3100 3043 3016
4 3129 3153 3100 3071
4 3186 3213 3153 3129
4 3243 3268 3213 3186
4 3302 3326 3268 3243
4 3358 3379 3326 3302
4 3413 3439 3379 3358
4 3468 3492 3439 3413
4 3524 3547 3492 3468
4 3583 3606 3547 3524
4 3638 3659 3606 3583
4 3695 3718 3659 3638
4 3751 3774 3718 3695
4 3805 3826 3774 3751
4 3859 3875 3826 3805
4 3906 3920 3875 3859
4 3949 3963 3920 3906
4 3992 4004 3963 3949
4 4030 4042 4004 3992
4 4067 4078 4042 4030
4 4098 4109 4078 4067
4 4126 4134 4109 4098
4 4152 4158 4134 4126
4 4174 4179 4158 4152
4 4192 4196 4179 4174
4 1257 1303 1282 1231
4 1274 1330 1303 1257
4 1301 1354 1330 1274
4 1331 1384 1354 1301
4 1358 1410 1384 1331
4 1392 1442 1410 1358
4 1425 1475 1442 1392
4 1454 1507 1475 1425
4 1491 1544 1507 1454
4 1531 1584 1544 1491
4 1568 1621 1584 1531
4 1609 1664 1621 1568
4 1654 1705 1664 1609
4 1698 1749 1705 1654
4 1744 1796 1749 1698
4 1790 1844 1796 1744
4 1841 1891 1844 1790
4 1892 1945 1891 1841
4 1947 1994 1945 1892
4 2001 2046 1994 1947
4 2056 2104 2046 2001
4 2108 2154 2104 2056
4 2166 2209 2154 2108
4 2217 2260 2209 2166
4 2271 2314 2260 2217
4 2323 2367 2314 2271
4 2379 2420 2367 2323
4 2437 2476 2420 2379
4 2491 2527 2476 2437
4 2545 2582 2527 2491
4 2600 2638 2582 2545
4 2658 2692 2638 2600
4 2710 2746 2692 2658
4 2767 2801 2746 2710
4 2823 2855 2801 2767
4 2878 2912 2855 2823
4 2935 2964 2912 2878
4 2991 3019 2964 2935
4 3043 3075 3019 2991
4 3100 3131 3075 3043
4 3153 3183 3131 3100
4 3213 3240 3183 3153
4 3268 3294 3240 3213
4 3326 3353 3294 3268
4 3379 3407 3353 3326
4 3439 3463 3407 3379
4 3492 3518 3463 3439
4 3547 3573 3518 3492
4 3606 3628 3573 3547
4 3659 3683 3628 3606
4 3718 3739 3683 3659
4 3774 3791 3739 3718
4 3826 3845 3791 3774
4 3875 3893 3845 3826
4 3920 3935 3893 3875
4 3963 3978 3935 3920
4 4004 4016 3978 3963
4 4042 4054 4016 4004
4 4078 4087 4054 4042
4 4109 4117 4087 4078
4 4134 4141 4117 4109
4 4158 4164 4141 4134
4 4179 4184 4164 4158
4 4196 4199 4184 4179
4 1303 1356 1336 1282
4 1330 1382 1356 1303
4 1354 1405 1382 1330
4 1384 1431 1405 1354
4 1410 1465 1431 1384
4 1442 1494 1465 1410
4 1475 1529 1494 1442
4 1507 1563 1529 1475
4 1544 1596 1563 1507
4 1584 1634 1596 1544
4 1621 1672 1634 1584
4 1664 1713 1672 1621
4 1705 1758 1713 1664
4 1749 1805 1758 1705
4 1796 1848 1805 1749
4 1844 1893 1848 1796
4 1891 1946 1893 1844
4 1945 1991 1946 1891
4 1994 2043 1991 1945
4 2046 2099 2043 1994
4 2104 2150 2099 2046
4 2154 2201 2150 2104
4 2209 2254 2201 2154
4 2260 2307 2254 2209
4 2314 2354 2307 2260
4 2367 2409 2354 2314
4 2420 2458 2409 2367
4 2476 2513 2458 2420
4 2527 2568 2513 2476
4 2582 2618 2568 2527
4 2638 2673 2618 2582
4 2692 2725 2673 2638
4 2746 2779 2725 2692
4 2801 2833 2779 2746
4 2855 2888 2833 2801
4 2912 2941 2888 2855
4 2964 2995 2941 2912
4 3019 3052 2995 2964
4 3075 3105 3052 3019
4 3131 3154 3105 3075
4 3183 3210 3154 3131
4 3240 3265 3210 3183
4 3294 3322 3265 3240
4 3353 3377 3322 3294
4 3407 3433 3377 3353
4 3463 3487 3433 3407
4 3518 3542 3487 3463
4 3573 3595 3542 3518
4 3628 3651 3595 3573
4 3683 3705 3651 3628
4 3739 3759 3705 3683
4 3791 3812 3759 3739
4 3845 3862 3812 3791
4 3893 3908 3862 3845
4 3935 3952 3908 3893
4 3978 3991 3952 3935
4 4016 4027 3991 3978
4 4054 4065 4027 4016
4 4087 4096 4065 4054
4 4117 4125 4096 4087
4 4141 4149 4125 4117
4 4164 4170 4149 4141
4 4184 4189 4170 4164
4 4199 4203 4189 4184
4 1356 1411 1391 1336
4 1382 1434 1411 1356
4 1405 1461 1434 1382
4 1431 1488 1461 1405
4 1465 1521 1488 1431
4 1494 1548 1521 1465
4 1529 1582 1548 1494
4 1563 1618 1582 1529
4 1596 1651 1618 1563
4 1634 1688 1651 1596
4 1672 1729 1688 1634
4 1713 1770 1729 1672
4 1758 1813 1770 1713
4 1805 1856 1813 1758
4 1848 1899 1856 1805
4 1893 1950 1899 1848
4 1946 1999 1950 1893
4 1991 2044 1999 1946
4 2043 2095 2044 1991
4 2099 2144 2095 2043
4 2150 2196 2144 2099
4 2201 2245 2196 2150
4 2254 2294 2245 2201
4 2307 2347 2294 2254
4 2354 2398 2347 2307
4 2409 2450 2398 2354
4 2458 2501 2450 2409
4 2513 2552 2501 2458
4 2568 2602 2552 2513
4 2618 2657 2602 2568
4 2673 2706 2657 2618
4 2725 2761 2706 2673
4 2779 2813 2761 2725
4 2833 2866 2813 2779
4 2888 2921 2866 2833
4 2941 2973 2921 2888
4 2995 3025 2973 2941
4 3052 3080 3025 2995
4 3105 3134 3080 3052
4 3154 3187 3134 3105
4 3210 3241 3187 3154
4 3265 3290 3241 3210
4 3322 3347 3290 3265
4 3377 3401 3347 3322
4 3433 3456 3401 3377
4 3487 3510 3456 3433
4 3542 3565 3510 3487
4 3595 3616 3565 3542
4 3651 3671 3616 3595
4 3705 3727 3671 3651
4 3759 3778 3727 3705
4 3812 3831 3778 3759
4 3862 3879 3831 3812
4 3908 3922 3879 3862
4 3952 3967 3922 3908
4 3991 4005 3967 3952
4 4027 4039 4005 3991
4 4065 4075 4039 4027
4 4096 4105 4075 4065
4 4125 4133 4105 4096
4 4149 4156 4133 4125
4 4170 4176 4156 4149
4 4189 4193 4176 4170
4 4203 4206 4193 4189
4 1411 1468 1445 1391
4 1434 1490 1468 1411
4 1461 1517 1490 1434
4 1488 1543 1517 1461
4 1521 1573 1543 1488
4 1548 1605 1573 1521
4 1582 1636 1605 1548
4 1618 1670 1636 1582
4 1651 1707 1670 1618
4 1688 1745 1707 1651
4 1729 1780 1745 1688
4 1770 1824 1780 1729
4 1813 1868 1824 1770
4 1856 1915 1868 1813
4 1899 1959 1915 1856
4 1950 2006 1959 1899
4 1999 2050 2006 1950
4 2044 2100 2050 1999
4 2095 2143 2100 2044
4 2144 2193 2143 2095
4 2196 2240 2193 2144
4 2245 2289 2240 2196
4 2294 2342 2289 2245
4 2347 2393 2342 2294
4 2398 2442 2393 2347
4 2450 2489 2442 2398
4 2501 2541 2489 2450
4 2552 2590 2541 2501
4 2602 2640 2590 2552
4 2657 2695 2640 2602
4 2706 2743 2695 2657
4 2761 2795 2743 2706
4 2813 2847 2795 2761
4 2866 2898 2847 2813
4 2921 2951 2898 2866
4 2973 3005 2951 2921
4 3025 3058 3005 2973
4 3080 3109 3058 3025
4 3134 3162 3109 3080
4 3187 3215 3162 3134
4 3241 3266 3215 3187
4 3290 3320 3266 3241
4 3347 3374 3320 3290
4 3401 3426 3374 3347
4 3456 3482 3426 3401
4 3510 3534 3482 3456
4 3565 3590 3534 3510
4 3616 3642 3590 3565
4 3671 3694 3642 3616
4 3727 3750 3694 3671
4 3778 3800 3750 3727
4 3831 3849 3800 3778
4 3879 3896 3849 3831
4 3922 3939 3896 3879
4 3967 3980 3939 3922
4 4005 4017 3980 3967
4 4039 4051 4017 4005
4 4075 4086 4051 4039
4 4105 4114 4086 4075
4 4133 4140 4114 4105
4 4156 4163 4140 4133
4 4176 4181 4163 4156
4 4193 4197 4181 4176
4 4206 4209 4197 4193
4 1468 1524 1499 1445
4 1490 1546 1524 1468
4 1517 1572 1546 1490
4 1543 1601 1572 1517
4 1573 1629 1601 1543
4 1605 1663 1629 1573
4 1636 1692 1663 1605
4 1670 1728 1692 1636
4 1707 1765 1728 1670
4 1745 1803 1765 1707
4 1780 1838 1803 1745
4 1824 1883 1838 1780
4 1868 1924 1883 1824
4 1915 1966 1924 1868
4 1959 2011 1966 1915
4 2006 2057 2011 1959
4 2050 2105 2057 2006
4 2100 2149 2105 2050
4 2143 2194 2149 2100
4 2193 2239 2194 2143
4 2240 2287 2239 2193
4 2289 2336 2287 2240
4 2342 2386 2336 2289
4 2393 2434 2386 2342
4 2442 2482 2434 2393
4 2489 2532 2482 2442
4 2541 2581 2532 2489
4 2590 2630 2581 2541
4 2640 2678 2630 2590
4 2695 2727 2678 2640
4 2743 2780 2727 2695
4 2795 2829 2780 2743
4 2847 2882 2829 2795
4 2898 2934 2882 2847
4 2951 2983 2934 2898
4 3005 3035 2983 2951
4 3058 3088 3035 3005
4 3109 3139 3088 3058
4 3162 3191 3139 3109
4 3215 3245 3191 3162
4 3266 3293 3245 3215
4 3320 3345 3293 3266
4 3374 3399 3345 3320
4 3426 3451 3399 3374
4 3482 3507 3451 3426
4 3534 3559 3507 3482
4 3590 3612 3559 3534
4 3642 3666 3612 3590
4 3694 3717 3666 3642
4 3750 3771 3717 3694
4 3800 3817 3771 3750
4 3849 3867 3817 3800
4 3896 3911 3867 3849
4 3939 3956 3911 3896
4 3980 3994 3956 3939
4 4017 4028 3994 3980
4 4051 4062 4028 4017
4 4086 4095 4062 4051
4 4114 4123 4095 4086
4 4140 4147 4123 4114
4 4163 4169 4147 4140
4 4181 4186 4169 4163
4 4197 4201 4186 4181
4 4209 4212 4201 4197
4 1524 1581 1559 1499
4 1546 1606 1581 1524
4 1572 1630 1606 1546
4 1601 1660 1630 1572
4 1629 1686 1660 1601
4 1663 1721 1686 1629
4 1692 1752 1721 1663
4 1728 1782 1752 1692
4 1765 1821 1782 1728
4 1803 1859 1821 1765
4 1838 1895 1859 1803
4 1883 1938 1895 1838
4 1924 1981 1938 1883
4 1966 2022 1981 1924
4 2011 2068 2022 1966
4 2057 2110 2068 2011
4 2105 2153 2110 2057
4 2149 2200 2153 2105
4 2194 2243 2200 2149
4 2239 2288 2243 2194
4 2287 2334 2288 2239
4 2336 2381 2334 2287
4 2386 2426 2381 2336
4 2434 2478 2426 2386
4 2482 2522 2478 2434
4 2532 2574 2522 2482
4 2581 2620 2574 2532
4 2630 2670 2620 2581
4 2678 2718 2670 2630
4 2727 2766 2718 2678
4 2780 2817 2766 2727
4 2829 2864 2817 2780
4 2882 2916 2864 2829
4 2934 2965 2916 2882
4 2983 3015 2965 2934
4 3035 3065 3015 2983
4 3088 3117 3065 3035
4 3139 3170 3117 3088
4 3191 3220 3170 3139
4 3245 3270 3220 3191
4 3293 3323 3270 3245
4 3345 3373 3323 3293
4 3399 3424 3373 3345
4 3451 3478 3424 3399
4 3507 3529 3478 3451
4 3559 3582 3529 3507
4 3612 3634 3582 3559
4 3666 3686 3634 3612
4 3717 3738 3686 3666
4 3771 3790 3738 3717
4 3817 3836 3790 3771
4 3867 3884 3836 3817
4 3911 3929 3884 3867
4 3956 3969 3929 3911
4 3994 4007 3969 3956
4 4028 4040 4007 3994
4 4062 4073 4040 4028
4 4095 4104 4073 4062
4 4123 4131 4104 4095
4 4147 4154 4131 4123
4 4169 4175 4154 4147
4 4186 4191 4175 4169
4 4201 4205 4191 4186
4 4212 4215 4205 4201
4 1581 1639 1619 1559
4 1606 1667 1639 1581
4 1630 1689 1667 1606
4 1660 1720 1689 1630
4 1686 1747 1720 1660
4 1721 1777 1747 1686
4 1752 1812 1777 1721
4 1782 1845 1812 1752
4 1821 1882 1845 1782
4 1859 1919 1882 1821
4 1895 1960 1919 1859
4 1938 1995 1960 1895
4 1981 2038 1995 1938
4 2022 2077 2038 1981
4 2068 2121 2077 2022
4 2110 2165 2121 2068
4 2153 2208 2165 2110
4 2200 2249 2208 2153
4 2243 2291 2249 2200
4 2288 2337 2291 2243
4 2334 2380 2337 2288
4 2381 2424 2380 2334
4 2426 2473 2424 2381
4 2478 2518 2473 2426
4 2522 2566 2518 2478
4 2574 2612 2566 2522
4 2620 2660 2612 2574
4 2670 2705 2660 2620
4 2718 2756 2705 2670
4 2766 2802 2756 2718
4 2817 2851 2802 2766
4 2864 2900 2851 2817
4 2916 2947 2900 2864
4 2965 2999 2947 2916
4 3015 3048 2999 2965
4 3065 3097 3048 3015
4 3117 3149 3097 3065
4 3170 3198 3149 3117
4 3220 3248 3198 3170
4 3270 3300 3248 3220
4 3323 3350 3300 3270
4 3373 3400 3350 3323
4 3424 3450 3400 3373
4 3478 3503 3450 3424
4 3529 3555 3503 3478
4 3582 3607 3555 3529
4 3634 3657 3607 3582
4 3686 3709 3657 3634
4 3738 3760 3709 3686
4 3790 3810 3760 3738
4 3836 3855 3810 3790
4 3884 3900 3855 3836
4 3929 3944 3900 3884
4 3969 3984 3944 3929
4 4007 4019 3984 3969
4 4040 4053 4019 4007
4 4073 4084 4053 4040
4 4104 4112 4084 4073
4 4131 4139 4112 4104
4 4154 4160 4139 4131
4 4175 4180 4160 4154
4 4191 4195 4180 4175
4 4205 4208 4195 4191
4 4215 4217 4208 4205
4 1639 1702 1674 1619
4 1667 1725 1702 1639
4 1689 1750 1725 1667
4 1720 1778 1750 1689
4 1747 1808 1778 1720
4 1777 1837 1808 1747
4 1812 1873 1837 1777
4 1845 1907 1873 1812
4 1882 1941 1907 1845
4 1919 1980 1941 1882
4 1960 2018 1980 1919
4 1995 2055 2018 1960
4 2038 2092 2055 1995
4 2077 2133 2092 2038
4 2121 2175 2133 2077
4 2165 2216 2175 2121
4 2208 2257 2216 2165
4 2249 2300 2257 2208
4 2291 2344 2300 2249
4 2337 2384 2344 2291
4 2380 2425 2384 2337
4 2424 2472 2425 2380
4 2473 2515 2472 2424
4 2518 2561 2515 2473
4 2566 2605 2561 2518
4 2612 2651 2605 2566
4 2660 2701 2651 2612
4 2705 2745 2701 2660
4 2756 2794 2745 2705
4 2802 2840 2794 2756
4 2851 2887 2840 2802
4 2900 2938 2887 2851
4 2947 2981 2938 2900
4 2999 3032 2981 2947
4 3048 3082 3032 2999
4 3097 3126 3082 3048
4 3149 3178 3126 3097
4 3198 3227 3178 3149
4 3248 3279 3227 3198
4 3300 3328 3279 3248
4 3350 3376 3328 3300
4 3400 3425 3376 3350
4 3450 3476 3425 3400
4 3503 3527 3476 3450
4 3555 3577 3527 3503
4 3607 3629 3577 3555
4 3657 3679 3629 3607
4 3709 3733 3679 3657
4 3760 3780 3733 3709
4 3810 3830 3780 3760
4 3855 3874 3830 3810
4 3900 3918 3874 3855
4 3944 3957 3918 3900
4 3984 3996 3957 3944
4 4019 4031 3996 3984
4 4053 4063 4031 4019
4 4084 4093 4063 4053
4 4112 4121 4093 4084
4 4139 4146 4121 4112
4 4160 4167 4146 4139
4 4180 4185 4167 4160
4 4195 4200 4185 4180
4 4208 4211 4200 4195
4 4217 4219 4211 4208
4 1702 1763 1735 1674
4 1725 1783 1763 1702
4 1750 1814 1783 1725
4 1778 1839 1814 1750
4 1808 1872 1839 1778
4 1837 1898 1872 1808
4 1873 1931 1898 1837
4 1907 1967 1931 1873
4 1941 2004 1967 1907
4 1980 2039 2004 1941
4 2018 2075 2039 1980
4 2055 2112 2075 2018
4 2092 2151 2112 2055
4 2133 2186 2151 2092
4 2175 2228 2186 2133
4 2216 2266 2228 2175
4 2257 2311 2266 2216
4 2300 2350 2311 2257
4 2344 2391 2350 2300
4 2384 2431 2391 2344
4 2425 2475 2431 2384
4 2472 2516 2475 2425
4 2515 2557 2516 2472
4 2561 2603 2557 2515
4 2605 2649 2603 2561
4 2651 2697 2649 2605
4 2701 2740 2697 2651
4 2745 2787 2740 2701
4 2794 2828 2787 2745
4 2840 2876 2828 2794
4 2887 2922 2876 2840
4 2938 2969 2922 2887
4 2981 3017 2969 2938
4 3032 3063 3017 2981
4 3082 3113 3063 3032
4 3126 3158 3113 3082
4 3178 3208 3158 3126
4 3227 3259 3208 3178
4 3279 3307 3259 3227
4 3328 3356 3307 3279
4 3376 3403 3356 3328
4 3425 3452 3403 3376
4 3476 3501 3452 3425
4 3527 3550 3501 3476
4 3577 3601 3550 3527
4 3629 3653 3601 3577
4 3679 3700 3653 3629
4 3733 3752 3700 3679
4 3780 3801 3752 3733
4 3830 3847 3801 3780
4 3874 3892 3847 3830
4 3918 3932 3892 3874
4 3957 3973 3932 3918
4 3996 4008 3973 3957
4 4031 4043 4008 3996
4 4063 4074 4043 4031
4 4093 4102 4074 4063
4 4121 4130 4102 4093
4 4146 4153 4130 4121
4 4167 4173 4153 4146
4 4185 4190 4173 4167
4 4200 4204 4190 4185
4 4211 4214 4204 4200
4 4219 4221 4214 4211
4 1763 1823 1802 1735
4 1783 1850 1823 1763
4 1814 1874 1850 1783
4 1839 1903 1874 1814
4 1872 1930 1903 1839
4 1898 1963 1930 1872
4 1931 1992 1963 1898
4 1967 2032 1992 1931
4 2004 2067 2032 1967
4 2039 2097 2067 2004
4 2075 2132 2097 2039
4 2112 2170 2132 2075
4 2151 2207 2170 2112
4 2186 2241 2207 2151
4 2228 2280 2241 2186
4 2266 2321 2280 2228
4 2311 2359 2321 2266
4 2350 2400 2359 2311
4 2391 2441 2400 2350
4 2431 2479 2441 2391
4 2475 2521 2479 2431
4 2516 2562 2521 2475
4 2557 2604 2562 2516
4 2603 2646 2604 2557
4 2649 2691 2646 2603
4 2697 2735 2691 2649
4 2740 2776 2735 2697
4 2787 2824 2776 2740
4 2828 2867 2824 2787
4 2876 2914 2867 2828
4 2922 2958 2914 2876
4 2969 3006 2958 2922
4 3017 3054 3006 2969
4 3063 3096 3054 3017
4 3113 3146 3096 3063
4 3158 3190 3146 3113
4 3208 3236 3190 3158
4 3259 3284 3236 3208
4 3307 3333 3284 3259
4 3356 3380 3333 3307
4 3403 3429 3380 3356
4 3452 3480 3429 3403
4 3501 3526 3480 3452
4 3550 3575 3526 3501
4 3601 3627 3575 3550
4 3653 3675 3627 3601
4 3700 3724 3675 3653
4 3752 3775 3724 3700
4 3801 3820 3775 3752
4 3847 3866 3820 3801
4 3892 3909 3866 3847
4 3932 3946 3909 3892
4 3973 3986 3946 3932
4 4008 4022 3986 3973
4 4043 4056 4022 4008
4 4074 4085 4056 4043
4 4102 4111 4085 4074
4 4130 4137 4111 4102
4 4153 4159 4137 4130
4 4173 4178 4159 4153
4 4190 4194 4178 4173
4 4204 4207 4194 4190
4 4214 4216 4207 4204
4 4221 4222 4216 4214
4 1823 1885 1861 1802
4 1850 1917 1885 1823
4 1874 1939 1917 1850
4 1903 1968 1939 1874
4 1930 1996 1968 1903
4 1963 2029 1996 1930
4 1992 2060 2029 1963
4 2032 2090 2060 1992
4 2067 2125 2090 2032
4 2097 2155 2125 2067
4 2132 2187 2155 2097
4 2170 2224 2187 2132
4 2207 2259 2224 2170
4 2241 2296 2259 2207
4 2280 2333 2296 2241
4 2321 2371 2333 2280
4 2359 2410 2371 2321
4 2400 2448 2410 2359
4 2441 2488 2448 2400
4 2479 2524 2488 2441
4 2521 2570 2524 2479
4 2562 2607 2570 2521
4 2604 2648 2607 2562
4 2646 2690 2648 2604
4 2691 2732 2690 2646
4 2735 2773 2732 2691
4 2776 2821 2773 2735
4 2824 2860 2821 2776
4 2867 2907 2860 2824
4 2914 2948 2907 2867
4 2958 2994 2948 2914
4 3006 3038 2994 2958
4 3054 3085 3038 3006
4 3096 3130 3085 3054
4 3146 3174 3130 3096
4 3190 3222 3174 3146
4 3236 3267 3222 3190
4 3284 3314 3267 3236
4 3333 3360 3314 3284
4 3380 3411 3360 3333
4 3429 3457 3411 3380
4 3480 3505 3457 3429
4 3526 3551 3505 3480
4 3575 3599 3551 3526
4 3627 3649 3599 3575
4 3675 3698 3649 3627
4 3724 3747 3698 3675
4 3775 3794 3747 3724
4 3820 3839 3794 3775
4 3866 3882 3839 3820
4 3909 3923 3882 3866
4 3946 3961 3923 3909
4 3986 3998 3961 3946
4 4022 4035 3998 3986
4 4056 4066 4035 4022
4 4085 4094 4066 4056
4 4111 4119 4094 4085
4 4137 4144 4119 4111
4 4159 4165 4144 4137
4 4178 4183 4165 4159
4 4194 4198 4183 4178
4 4207 4210 4198 4194
4 4216 4218 4210 4207
4 4222 4223 4218 4216
4 1885 1954 1927 1861
4 1917 1979 1954 1885
4 1939 2007 1979 1917
4 1968 2033 2007 1939
4 1996 2065 2033 1968
4 2029 2088 2065 1996
4 2060 2119 2088 2029
4 2090 2152 2119 2060
4 2125 2180 2152 2090
4 2155 2215 2180 2125
4 2187 2247 2215 2155
4 2224 2281 2247 2187
4 2259 2316 2281 2224
4 2296 2351 2316 2259
4 2333 2388 2351 2296
4 2371 2421 2388 2333
4 2410 2457 2421 2371
4 2448 2499 2457 2410
4 2488 2538 2499 2448
4 2524 2576 2538 2488
4 2570 2615 2576 2524
4 2607 2652 2615 2570
4 2648 2696 2652 2607
4 2690 2733 2696 2648
4 2732 2772 2733 2690
4 2773 2818 2772 2732
4 2821 2858 2818 2773
4 2860 2901 2858 2821
4 2907 2942 2901 2860
4 2948 2985 2942 2907
4 2994 3031 2985 2948
4 3038 3073 3031 2994
4 3085 3118 3073 3038
4 3130 3164 3118 3085
4 3174 3204 3164 3130
4 3222 3252 3204 3174
4 3267 3297 3252 3222
4 3314 3342 3297 3267
4 3360 3391 3342 3314
4 3411 3438 3391 3360
4 3457 3485 3438 3411
4 3505 3530 3485 3457
4 3551 3576 3530 3505
4 3599 3626 3576 3551
4 3649 3670 3626 3599
4 3698 3719 3670 3649
4 3747 3768 3719 3698
4 3794 3814 3768 3747
4 3839 3860 3814 3794
4 3882 3899 3860 3839
4 3923 3940 3899 3882
4 3961 3976 3940 3923
4 3998 4013 3976 3961
4 4035 4047 4013 3998
4 4066 4077 4047 4035
4 4094 4103 4077 4066
4 4119 4129 4103 4094
4 4144 4151 4129 4119
4 4165 4171 4151 4144
4 4183 4188 4171 4165
4 4198 4202 4188 4183
4 4210 4213 4202 4198
4 4218 4220 4213 4210
4 4223 4224 4220 4218

CELL_TYPES 4096
9
9
9
9
9
9
9
9
9
9
9
9
9
9
9
9
9
9
9
9
9
9
9
9
9
9
9
9
9
9
9
9
9
9
9
9
9
9
9
9
9
9
9
9
9
9
9
9
9
9
9
9
9
9
9
9
9
9
9
9
9
9
9
9
9
9
9
9
9
9
9
9
9
9
9
9
9
9
9
9
9
9
9
9
9
9
9
9
9
9
9
9
9
9
9
9
9
9
9
9
9
9
9
9
9
9
9
9
9
9
9
9
9
9
9
9
9
9
9
9
9
9
9
9
9
9
9
9
9
9
9
9
9
9
9
9
9
9
9
9
9
9
9
9
9
9
9
9
9
9
9
9
9
9
9
9
9
9
9
9
9
9
9
9
9
9
9
9
9
9
9
9
9
9
9
9
9
9
9
9
9
9
9
9
9
9
9
9
9
9
9
9
9
9
9
9
9
9
9
9
9
9
9
9
9
9
9
9
9
9
9
9
9
9
9
9
9
9
9
9
9
9
9
9
9
9
9
9
9
9
9
9
9
9
9
9
9
9
9
9
9
9
9
9
9
9
9
9
9
9
9
9
9
9
9
9
9
9
9
9
9
9
9
9
9
9
9
9
9
9
9
9
9
9
9
9
9
9
9
9
9
9
9
9
9
9
9
9
9
9
9
9
9
9
9
9
9
9
9
9
9
9
9
9
9
9
9
9
9
9
9
9
9
9
9
9
9
9
9
9
9
9
9
9
9
9
9
9
9
9
9
9
9
9
9
9
9
9
9
9
9
9
9
9
9
9
9
9
9
9
9
9
9
9
9
9
9
9
9
9
9
9
9
9
9
9
9
9
9
9
9
9
9
9
9
9
9
9
9
9
9
9
9
9
9
9
9
9
9
9
9
9
9
9
9
9
9
9
9
9
9
9
9
9
9
9
9
9
9
9
9
9
9
9
9
9
9
9
9
9
9
9
9
9
9
9
9
9
9
9
9
9
9
9
9
9
9
9
9
9
9
9
9
9
9
9
9
9
9
9
9
9
9
9
9
9
9
9
9
9
9
9
9
9
9
9
9
9
9
9
9
9
9
9
9
9
9
9
9
9
9
9
9
9
9
9
9
9
9
9
9
9
9
9
9
9
9
9
9
9
9
9
9
9
9
9
9
9
9
9
9
9
9
9
9
9
9
9
9
9
9
9
9
9
9
9
9
9
9
9
9
9
9
9
9
9
9
9
9
9
9
9
9
9
9
9
9
9
9
9
9
9
9
9
9
9
9
9
9
9
9
9
9
9
9
9
9
9
9
9
9
9
9
9
9
9
9
9
9
9
9
9
9
9
9
9
9
9
9
9
9
9
9
9
9
9
9
9
9
9
9
9
9
9
9
9
9
9
9
9
9
9
9
9
9
9
9
9
9
9
9
9
9
9
9
9
9
9
9
9
9
9
9
9
9
9
9
9
9
9
9
9
9
9
9
9
9
9
9
9
9
9
9
9
9
9
9
9
9
9
9
9
9
9
9
9
9
9
9
9
9
9
9
9
9
9
9
9
9
9
9
9
9
9
9
9
9
9
9
9
9
9
9
9
9
9
9
9
9
9
9
9
9
9
9
9
9
9
9
9
9
9
9
9
9
9
9
9
9
9
9
9
9
9
9
9
9
9
9
9
9
9
9
9
9
9
9
9
9
9
9
9
9
9
9
9
9
9
9
9
9
9
9
9
9
9
9
9
9
9
9
9
9
9
9
9
9
9
9
9
9
9
9
9
9
9
9
9
9
9
9
9
9
9
9
9
9
9
9
9
9
9
9
9
9
9
9
9
9
9
9
9
9
9
9
9
9
9
9
9
9
9
9
9
9
9
9
9
9
9
9
9
9
9
9
9
9
9
9
9
9
9
9
9
9
9
9
9
9
9
9
9
9
9
9
9
9
9
9
9
9
9
9
9
9
9
9
9
9
9
9
9
9
9
9
9
9
9
9
9
9
9
9
9
9
9
9
9
9
9
9
9
9
9
9
9
9
9
9
9
9
9
9
9
9
9
9
9
9
9
9
9
9
9
9
9
9
9
9
9
9
9
9
9
9
9
9
9
9
9
9
9
9
9
9
9
9
9
9
9
9
9
9
9
9
9
9
9
9
9
9
9
9
9
9
9
9
9
9
9
9
9
9
9
9
9
9
9
9
9
9
9
9
9
9
9
9
9
9
9
9
9
9
9
9
9
9
9
9
9
9
9
9
9
9
9
9
9
9
9
9
9
9
9
9
9
9
9
9
9
9
9
9
9
9
9
9
9
9
9
9
9
9
9
9
9
9
9
9
9
9
9
9
9
9
9
9
9
9
9
9
9
9
9
9
9
9
9
9
9
9
9
9
9
9
9
9
9
9
9
9
9
9
9
9
9
9
9
9
9
9
9
9
9
9
9
9
9
9
9
9
9
9
9
9
9
9
9
9
9
9
9
9
9
9
9
9
9
9
9
9
9
9
9
9
9
9
9
9
9
9
9
9
9
9
9
9
9
9
9
9
9
9
9
9
9
9
9
9
9
9
9
9
9
9
9
9
9
9
9
9
9
9
9
9
9
9
9
9
9
9
9
9
9
9
9
9
9
9
9
9
9
9
9
9
9
9
9
9
9
9
9
9
9
9
9
9
9
9
9
9
9
9
9
9
9
9
9
9
9
9
9
9
9
9
9
9
9
9
9
9
9
9
9
9
9
9
9
9
9
9
9
9
9
9
9
9
9
9
9
9
9
9
9
9
9
9
9
9
9
9
9
9
9
9
9
9
9
9
9
9
9
9
9
9
9
9
9
9
9
9
9
9
9
9
9
9
9
9
9
9
9
9
9
9
9
9
9
9
9
9
9
9
9
9
9
9
9
9
9
9
9
9
9
9
9
9
9
9
9
9
9
9
9
9
9
9
9
9
9
9
9
9
9
9
9
9
9
9
9
9
9
9
9
9
9
9
9
9
9
9
9
9
9
9
9
9
9
9
9
9
9
9
9
9
9
9
9
9
9
9
9
9
9
9
9
9
9
9
9
9
9
9
9
9
9
9
9
9
9
9
9
9
9
9
9
9
9
9
9
9
9
9
9
9
9
9
9
9
9
9
9
9
9
9
9
9
9
9
9
9
9
9
9
9
9
9
9
9
9
9
9
9
9
9
9
9
9
9
9
9
9
9
9
9
9
9
9
9
9
9
9
9
9
9
9
9
9
9
9
9
9
9
9
9
9
9
9
9
9
9
9
9
9
9
9
9
9
9
9
9
9
9
9
9
9
9
9
9
9
9
9
9
9
9
9
9
9
9
9
9
9
9
9
9
9
9
9
9
9
9
9
9
9
9
9
9
9
9
9
9
9
9
9
9
9
9
9
9
9
9
9
9
9
9
9
9
9
9
9
9
9
9
9
9
9
9
9
9
9
9
9
9
9
9
9
9
9
9
9
9
9
9
9
9
9
9
9
9
9
9
9
9
9
9
9
9
9
9
9
9
9
9
9
9
9
9
9
9
9
9
9
9
9
9
9
9
9
9
9
9
9
9
9
9
9
9
9
9
9
9
9
9
9
9
9
9
9
9
9
9
9
9
9
9
9
9
9
9
9
9
9
9
9
9
9
9
9
9
9
9
9
9
9
9
9
9
9
9
9
9
9
9
9
9
9
9
9
9
9
9
9
9
9
9
9
9
9
9
9
9
9
9
9
9
9
9
9
9
9
9
9
9
9
9
9
9
9
9
9
9
9
9
9
9
9
9
9
9
9
9
9
9
9
9
9
9
9
9
9
9
9
9
9
9
9
9
9
9
9
9
9
9
9
9
9
9
9
9
9
9
9
9
9
9
9
9
9
9
9
9
9
9
9
9
9
9
9
9
9
9
9
9
9
9
9
9
9
9
9
9
9
9
9
9
9
9
9
9
9
9
9
9
9
9
9
9
9
9
9
9
9
9
9
9
9
9
9
9
9
9
9
9
9
9
9
9
9
9
9
9
9
9
9
9
9
9
9
9
9
9
9
9
9
9
9
9
9
9
9
9
9
9
9
9
9
9
9
9
9
9
9
9
9
9
9
9
9
9
9
9
9
9
9
9
9
9
9
9
9
9
9
9
9
9
9
9
9
9
9
9
9
9
9
9
9
9
9
9
9
9
9
9
9
9
9
9
9
9
9
9
9
9
9
9
9
9
9
9
9
9
9
9
9
9
9
9
9
9
9
9
9
9
9
9
9
9
9
9
9
9
9
9
9
9
9
9
9
9
9
9
9
9
9
9
9
9
9
9
9
9
9
9
9
9
9
9
9
9
9
9
9
9
9
9
9
9
9
9
9
9
9
9
9
9
9
9
9
9
9
9
9
9
9
9
9
9
9
9
9
9
9
9
9
9
9
9
9
9
9
9
9
9
9
9
9
9
9
9
9
9
9
9
9
9
9
9
9
9
9
9
9
9
9
9
9
9
9
9
9
9
9
9
9
9
9
9
9
9
9
9
9
9
9
9
9
9
9
9
9
9
9
9
9
9
9
9
9
9
9
9
9
9
9
9
9
9
9
9
9
9
9
9
9
9
9
9
9
9
9
9
9
9
9
9
9
9
9
9
9
9
9
9
9
9
9
9
9
9
9
9
9
9
9
9
9
9
9
9
9
9
9
9
9
9
9
9
9
9
9
9
9
9
9
9
9
9
9
9
9
9
9
9
9
9
9
9
9
9
9
9
9
9
9
9
9
9
9
9
9
9
9
9
9
9
9
9
9
9
9
9
9
9
9
9
9
9
9
9
9
9
9
9
9
9
9
9
9
9
9
9
9
9
9
9
9
9
9
9
9
9
9
9
9
9
9
9
9
9
9
9
9
9
9
9
9
9
9
9
9
9
9
9
9
9
9
9
9
9
9
9
9
9
9
9
9
9
9
9
9
9
9
9
9
9
9
9
9
9
9
9
9
9
9
9
9
9
9
9
9
9
9
9
9
9
9
9
9
9
9
9
9
9
9
9
9
9
9
9
9
9
9
9
9
9
9
9
9
9
9
9
9
9
9
9
9
9
9
9
9
9
9
9
9
9
9
9
9
9
9
9
9
9
9
9
9
9
9
9
9
9
9
9
9
9
9
9
9
9
9
9
9
9
9
9
9
9
9
9
9
9
9
9
9
9
9
9
9
9
9
9
9
9
9
9
9
9
9
9
9
9
9
9
9
9
9
9
9
9
9
9
9
9
9
9
9
9
9
9
9
9
9
9
9
9
9
9
9
9
9
9
9
9
9
9
9
9
9
9
9
9
9
9
9
9
9
9
9
9
9
9
9
9
9
9
9
9
9
9
9
9
9
9
9
9
9
9
9
9
9
9
9
9
9
9
9
9
9
9
9
9
9
9
9
9
9
9
9
9
9
9
9
9
9
9
9
9
9
9
9
9
9
9
9
9
9
9
9
9
9
9
9
9
9
9
9
9
9
9
9
9
9
9
9
9
9
9
9
9
9
9
9
9
9
9
9
9
9
9
9
9
9
9
9
9
9
9
9
9
9
9
9
9
9
9
9
9
9
9
9
9
9
9
9
9
9
9
9
9
9
9
9
9
9
9
9
9
9
9
9
9
9
9
9
9
9
9
9
9
9
9
9
9
9
9
9
9
9
9
9
9
9
9
9
9
9
9
9
9
9
9
9
9
9
9
9
9
9
9
9
9
9
9
9
9
9
9
9
9
9
9
9
9
9
9
9
9
9
9
9
9
9
9
9
9
9
9
9
9
9
9
9
9
9
9
9
9
9
9
9
9
9
9
9
9
9
9
9
9
9
9
9
9
9
9
9
9
9
9
9
9
9
9
9
9
9
9
9
9
9
9
9
9
9
9
9
9
9
9
9
9
9
9
9
9
9
9
9
9
9
9
9
9
9
9
9
9
9
9
9
9
9
9
9
9
9
9
9
9
9
9
9
9
9
9
9
9
9
9
9
9
9
9
9
9
9
9
9
9
9
9
9
9
9
9
9
9
9
9
9
9
9
9
9
9
9
9
9
9
9
9
9
9
9
9
9
9
9
9
9
9
9
9
9
9
9
9
9
9
9
9
9
9
9
9
9
9
9
9
9
9
9
9
9
9
9
9
9
9
9
9
9
9
9
9
9
9
9
9
9
9
9
9
9
9
9
9
9
9
9
9
9
9
9
9
9
9
9
9
9
9
9
9
9
9
9
9
9
9
9
9
9
9
9
9
9
9
9
9
9
9
9
9
9
9
9
9
9
9
9
9
9
9
9
9
9
9
9
9
9
9
9
9
9
9
9
9
9
9
9
9
9
9
9
9
9
9
9
9
9
9
9
9
9
9
9
9
9
9
9
9
9
9
9
9
9
9
9
9
9
9
9
9
9
9
9
9
9
9
9
9
9
9
9
9
9
9
9
9
9
9
9
9
9
9
9
9
9
9
9
9
9
9
9
9
9
9
9
9
9
9
9
9
9
9
9
9
9
9
9
9
9
9
9
9
9
9
9
9
9
9
9
9
9
9
9
9
9
9
9
9
9
9
9
9
9
9
9
9
9
9
9
9
9
9
9
9
9
9
9
9
9
9
9
9
9
9
9
9
9
9
9
9
9
9
9
9
9
9
9
9
9
9
9
9
9
9
9
9
9
9
9
9
9
9
9
9
9
9
9
9
9
9
9
9
9
9
9
9
9
9
9
9
9
9
9
9
9
9
9
9
9
9
9
9
9
9
9
9
9
9
9
9
9
9
9
9
9
9
9
9
9
9
9
9
9
9
9
9
9
9
9
9
9
9
9
9
9
9
9
9
9
9
9
9
9
9
9
9
9
9
9
9
9
9
9
9
9
9
9
9
9
9
9
9
9
9
9
9
9
9
9
9
9
9
9
9
9
9
9
9
9
9
9
9
9
9
9
9
9
9
9
9
9
9
9
9
9
9
9
9
9
9
9
9
9
9
9
9
9
9
9
9
9
9
9
9
9
9
9
9
9
9
9
9
9
9
9
9
9
9
9
9
9
9
9
9
9
9
9
9
9
9
9
9
9
9
9
9
9
9
9
9
9
9
9
9
9
9
9
9
9
9
9
9
9
9
9
9
9
9
9
9
9
9
9
9
9
9
9
9
9
9
9
9
9
9
9
9
9
9
9
9
9
9
9
9
9
9
9
9
9
9
9
9
9
9
9
9
9
9
9
9
9
9
9
9
9
9
9
9
9
9
9
9
9
9
9
9
9
9
9
9
9
9
9
9
9
9
9
9
9
9
9
9
9
9
9
9
9
9
9
9
9
9
9
9
9
9
9
9
9
9
9
9
9
9
9
9
9
9
9
9
9
9
9
9
9
9
9
9
9
9
9
9
9
9
9
9
9
9
9
9
9
9
9
9
9
9
9
9
9
9
9
9
9
9
9
9
9
9
9
9
9
9
9
9
9
9
9
9
9
9
9
9
9
9
9
9
9
9
9
9
9
9
9
9
9
9
9
9
9
9
9
9
9
9
9
9
9
9
9
9
9
9
9
9
9
9
9
9
9
9
9
9
9
9
9
9
9
9
9
9
9
9
9
9
9
9
9
9
9
9
9
9
9
9
9
9
9
9
9
9
9
9
9
9
9
9
9
9
9
9
9
9
9
9
9
9
9
9
9
9
9
9
9
9
9
9
9
9
9
9
9
9
9
9
9
9
9
9
9
9
9
9
9
9
9
9
9
9
9
9
9
9
9
9
9
9
9
9
9
9
9
9
9
9
9
9
9
9
9
9
9
9
9
9
9
9
9
9
9
9
9
9
9
9
9
9
9
9
9
9
9
9
9
9
9
9
9
9
9
9
9
9
9
9
9
9
9
9
9
9
9
9
9
9
9
9
9
9
9
9
9
9
9
9
9
9
9
9
9
9
9
9
9
9
9
9
9
9
9
9
9
9
9
9
9
9
9
9
9
9
9
9
9
9
9
9
9
9
9
9
9
9
9
9
9
9
9
9
9
9
9
9
9
9
9
9
9
9
9
9
9
9
9
9
9
9
9
9
9
9
9
9
9
9
9
9
9
9
9
9
9
9
9
9
9
9
9
9
9
9
9
9
9
9
9
9
9
9
9
9
9
9
9
9
9
9
9
9
9
9
9
9
9
9
9
9
9
9
9
9
9
9
9
9
9
9
9
9
9
9
9
9
9
9
9
9
9
9
9
9
9
9
9
9
9
9
9
9
9
9
9
9
9
9
9
9
9
9
9
9
9
9
9
9
9
9
9
9
9
9
9
9
9
9
9
9
9
9
9
9
9
9
9
9
9
9
9
9
9
9
9
9
9
9
9
9
9
9
9
9
9
9
9
9
9
9
9
9
9
9
9
9
9
9
9
9
9
9
9
9
9
9
9
9
9
9
9
9
9
9
9
9
9
9
9
9
9
9
9
9
9
9
9
9
9
9
9
9
9
9
9
9
9
9
9
9
9
9
9
9
9
9
9
9
9
9
9
9
9
9
9
9
9
9
9
9
9
9
9
9
9
9
9
9
9
9
9
9
9
9
9
9
9
9
9
9
9
9
9
9
9
9
9
9
9
9
9
9
9
9
9
9
9
9
9
9
9
9
9
9
9
9
9
9
9
9
9
9
9
9
9
9
9
9
9
9
9
9
9
9
9
9
9
9
9
9
9
9
9
9
9
9
9
9
9
9
9
9
9
9
9
9
9
9
9
9
9
9
9
9
9
9
9
9
9
9
9
9
9
9
9
9
9
9
9
9
9
9
9
9
9
9
9
9
9
9
9
9
9
9
9
9
9
9
9
9
9
9
9
9
9
9
9
9
9
9
9
9
9
9
9
9
9
9
9
9
9
9
9
9
9
9
9
9
9
9
9
9
9
9
9
9
9
9
9
9
9
9
9
9
9
9
9
9
9
9
9
9
9
9
9
9
9
9
9
9
9
9
9
9
9
9
9
9
9
9
9
9
9
9
9
9
9
9
9
9
9
9
9
9
9
9
9
9
9
9
9
9
9
9
9
9
9
9
9
9
9
9
9
9
9
9
9
9
9
9
9
9
9
9
9
9
9
9
9
9
9
9
9
9
9
9
9
9
9
9
9
9
9
9
9
9
9
9
9
9
9
9
9
9
9
9
9
9
9
9
9
9
9
9
9
9
9
9
9
9
9
9
9
9
9
9
9
9
9
9
9
9
9
9
9
9
9
9
9
9
9
9
9
9
9
9
9
9
9
9
9
9
9
9
9
9
9
9
9
9
9
9
9
9
9
9
9
9
9
9
9
9
9
9
9
9
9
POINT_DATA 4225
FIELD FieldData 5
DISPLACEMENT 3 4225  float
0.0000000e+00 0.0000000e+00 0.0000000e+00 
0.0000000e+00 0.0000000e+00 0.0000000e+00 
5.9397804e-04 3.4781848e-03 0.0000000e+00 
0.0000000e+00 0.0000000e+00 0.0000000e+00 
6.5705745e-04 3.6441241e-03 0.0000000e+00 
1.2128736e-03 7.2936988e-03 0.0000000e+00 
0.0000000e+00 0.0000000e+00 0.0000000e+00 
6.8102631e-04 3.7509003e-03 0.0000000e+00 
1.2823329e-03 7.4760197e-03 0.0000000e+00 
0.0000000e+00 0.0000000e+00 0.0000000e+00 
6.9880817e-04 3.8371098e-03 0.0000000e+00 
1.8375291e-03 1.1214404e-02 0.0000000e+00 
1.3305806e-03 7.6319990e-03 0.0000000e+00 
0.0000000e+00 0.0000000e+00 0.0000000e+00 
7.1615214e-04 3.9112680e-03 0.0000000e+00 
1.9134510e-03 1.1409709e-02 0.0000000e+00 
1.3738079e-03 7.7667488e-03 0.0000000e+00 
2.4691694e-03 1.5183761e-02 0.0000000e+00 
1.9853329e-03 1.1586209e-02 0.0000000e+00 
0.0000000e+00 0.0000000e+00 0.0000000e+00 
7.3523389e-04 3.9759283e-03 0.0000000e+00 
1.4194491e-03 7.8842631e-03 0.0000000e+00 
2.5652547e-03 1.5383096e-02 0.0000000e+00 
2.0621151e-03 1.1743483e-02 0.0000000e+00 
0.0000000e+00 0.0000000e+00 0.0000000e+00 
7.5669796e-04 4.0313387e-03 0.0000000e+00 
1.4699582e-03 7.9849483e-03 0.0000000e+00 
3.1254382e-03 1.9157499e-02 0.0000000e+00 
2.6731181e-03 1.5566516e-02 0.0000000e+00 
2.1472271e-03 1.1879670e-02 0.0000000e+00 
0.0000000e+00 0.0000000e+00 0.0000000e+00 
7.8052579e-04 4.0769107e-03 0.0000000e+00 
3.2608944e-03 1.9356919e-02 0.0000000e+00 
2.7954672e-03 1.5728770e-02 0.0000000e+00 
1.5257401e-03 8.0678565e-03 0.0000000e+00 
2.2413165e-03 1.1992658e-02 0.0000000e+00 
3.4203879e-03 1.9538211e-02 0.0000000e+00 
3.8297526e-03 2.3109023e-02 0.0000000e+00 
0.0000000e+00 0.0000000e+00 0.0000000e+00 
8.0637640e-04 4.1118241e-03 0.0000000e+00 
2.9321082e-03 1.5865475e-02 0.0000000e+00 
1.5862159e-03 8.1315972e-03 0.0000000e+00 
2.3434530e-03 1.2080205e-02 0.0000000e+00 
4.0247352e-03 2.3306321e-02 0.0000000e+00 
3.6017436e-03 1.9694163e-02 0.0000000e+00 
3.0812020e-03 1.5972864e-02 0.0000000e+00 
0.0000000e+00 0.0000000e+00 0.0000000e+00 
8.3375536e-04 4.1352953e-03 0.0000000e+00 
1.6503459e-03 8.1747957e-03 0.0000000e+00 
4.2516035e-03 2.3480168e-02 0.0000000e+00 
4.6071107e-03 2.7024765e-02 0.0000000e+00 
2.4519393e-03 1.2140247e-02 0.0000000e+00 
3.8014501e-03 1.9819077e-02 0.0000000e+00 
3.2400761e-03 1.6047856e-02 0.0000000e+00 
0.0000000e+00 0.0000000e+00 0.0000000e+00 
8.6210476e-04 4.1466909e-03 0.0000000e+00 
4.8798928e-03 2.7219167e-02 0.0000000e+00 
4.5044036e-03 2.3622762e-02 0.0000000e+00 
1.7168985e-03 8.1963027e-03 0.0000000e+00 
4.0153563e-03 1.9908529e-02 0.0000000e+00 
2.5647520e-03 1.2171095e-02 0.0000000e+00 
3.4057046e-03 1.6088037e-02 0.0000000e+00 
5.1878025e-03 2.7382793e-02 0.0000000e+00 
5.4810653e-03 3.0902319e-02 0.0000000e+00 
4.7769598e-03 2.3728175e-02 0.0000000e+00 
8.9085312e-04 4.1455659e-03 0.0000000e+00 
0.0000000e+00 0.0000000e+00 0.0000000e+00 
1.7845948e-03 8.1952829e-03 0.0000000e+00 
4.2391052e-03 1.9959169e-02 0.0000000e+00 
2.6797871e-03 1.2171501e-02 0.0000000e+00 
5.8464422e-03 3.1093994e-02 0.0000000e+00 
5.5221384e-03 2.7508229e-02 0.0000000e+00 
3.5750025e-03 1.6091645e-02 0.0000000e+00 
5.0632041e-03 2.3791993e-02 0.0000000e+00 
9.1944361e-04 4.1316710e-03 0.0000000e+00 
0.0000000e+00 0.0000000e+00 0.0000000e+00 
4.4684089e-03 1.9968588e-02 0.0000000e+00 
1.8521866e-03 8.1712278e-03 0.0000000e+00 
6.2458259e-03 3.1246487e-02 0.0000000e+00 
2.7949943e-03 1.2140673e-02 0.0000000e+00 
5.8747530e-03 2.7589999e-02 0.0000000e+00 
6.4719864e-03 3.4748472e-02 0.0000000e+00 
5.3573824e-03 2.3811074e-02 0.0000000e+00 
3.7449950e-03 1.6057536e-02 0.0000000e+00 
4.6992116e-03 1.9935211e-02 0.0000000e+00 
6.6686831e-03 3.1353381e-02 0.0000000e+00 
9.4734965e-04 4.1049370e-03 0.0000000e+00 
6.9404668e-03 3.4938224e-02 0.0000000e+00 
0.0000000e+00 0.0000000e+00 0.0000000e+00 
1.9184984e-03 8.1239473e-03 0.0000000e+00 
6.2381588e-03 2.7624207e-02 0.0000000e+00 
2.9084494e-03 1.2078254e-02 0.0000000e+00 
5.6541716e-03 2.3783334e-02 0.0000000e+00 
3.9129090e-03 1.5985135e-02 0.0000000e+00 
7.4379537e-03 3.5080008e-02 0.0000000e+00 
7.1055647e-03 3.1410113e-02 0.0000000e+00 
7.5960923e-03 3.8577490e-02 0.0000000e+00 
4.9277772e-03 1.9858174e-02 0.0000000e+00 
6.6055781e-03 2.7608257e-02 0.0000000e+00 
9.7408285e-04 4.0654559e-03 0.0000000e+00 
0.0000000e+00 0.0000000e+00 0.0000000e+00 
1.9824479e-03 8.0535384e-03 0.0000000e+00 
3.0183883e-03 1.1984285e-02 0.0000000e+00 
5.9487401e-03 2.3707585e-02 0.0000000e+00 
4.0762173e-03 1.5874371e-02 0.0000000e+00 
7.9528736e-03 3.5168767e-02 0.0000000e+00 
8.1735970e-03 3.8766522e-02 0.0000000e+00 
7.5480677e-03 3.1413633e-02 0.0000000e+00 
5.1507275e-03 1.9737249e-02 0.0000000e+00 
6.9709481e-03 2.7540630e-02 0.0000000e+00 
9.9919678e-04 4.0134559e-03 0.0000000e+00 
2.0430537e-03 7.9603465e-03 0.0000000e+00 
0.0000000e+00 0.0000000e+00 0.0000000e+00 
6.2367660e-03 2.3583405e-02 0.0000000e+00 
3.1232208e-03 1.1859152e-02 0.0000000e+00 
8.7718340e-03 3.8898945e-02 0.0000000e+00 
8.4750773e-03 3.5201125e-02 0.0000000e+00 
8.8649755e-03 4.2409569e-02 0.0000000e+00 
7.9887807e-03 3.1362124e-02 0.0000000e+00 
4.2326534e-03 1.5725609e-02 0.0000000e+00 
7.3289061e-03 2.7420696e-02 0.0000000e+00 
5.3650532e-03 1.9572739e-02 0.0000000e+00 
9.3788505e-03 3.8971256e-02 0.0000000e+00 
8.9957146e-03 3.5175078e-02 0.0000000e+00 
1.0222874e-03 3.9492827e-03 0.0000000e+00 
9.5528690e-03 4.2599302e-02 0.0000000e+00 
2.0994365e-03 7.8449324e-03 0.0000000e+00 
6.5144268e-03 2.3411000e-02 0.0000000e+00 
0.0000000e+00 0.0000000e+00 0.0000000e+00 
3.2215305e-03 1.1703541e-02 0.0000000e+00 
8.4212134e-03 3.1254794e-02 0.0000000e+00 
4.3802089e-03 1.5539597e-02 0.0000000e+00 
7.6747495e-03 2.7248567e-02 0.0000000e+00 
5.5681015e-03 1.9365402e-02 0.0000000e+00 
9.9843154e-03 3.8981412e-02 0.0000000e+00 
1.0250593e-02 4.2724337e-02 0.0000000e+00 
9.5071075e-03 3.5089735e-02 0.0000000e+00 
1.0285460e-02 4.6269499e-02 0.0000000e+00 
6.7783752e-03 2.3191122e-02 0.0000000e+00 
8.8397237e-03 3.1091681e-02 0.0000000e+00 
1.0429927e-03 3.8733750e-03 0.0000000e+00 
2.1508157e-03 7.7080321e-03 0.0000000e+00 
0.0000000e+00 0.0000000e+00 0.0000000e+00 
3.3120678e-03 1.1518384e-02 0.0000000e+00 
4.5171222e-03 1.5317398e-02 0.0000000e+00 
8.0043888e-03 2.7024971e-02 0.0000000e+00 
1.0946353e-02 4.2782780e-02 0.0000000e+00 
1.0579336e-02 3.8928542e-02 0.0000000e+00 
1.1080788e-02 4.6461452e-02 0.0000000e+00 
5.7575586e-03 1.9116383e-02 0.0000000e+00 
1.0002633e-02 3.4945123e-02 0.0000000e+00 
9.2394399e-03 3.0873507e-02 0.0000000e+00 
7.0257075e-03 2.2924958e-02 0.0000000e+00 
2.1965029e-03 7.5505278e-03 0.0000000e+00 
1.0609898e-03 3.7862475e-03 0.0000000e+00 
3.3937404e-03 1.1304827e-02 0.0000000e+00 
0.0000000e+00 0.0000000e+00 0.0000000e+00 
1.1630060e-02 4.2773947e-02 0.0000000e+00 
1.1873060e-02 4.6581447e-02 0.0000000e+00 
1.1156294e-02 3.8812757e-02 0.0000000e+00 
4.6418603e-03 1.5060338e-02 0.0000000e+00 
8.3142947e-03 2.6751140e-02 0.0000000e+00 
1.1859661e-02 5.0185505e-02 0.0000000e+00 
1.0476609e-02 3.4742009e-02 0.0000000e+00 
5.9314203e-03 1.8827140e-02 0.0000000e+00 
9.6161813e-03 3.0601559e-02 0.0000000e+00 
7.2539211e-03 2.2614067e-02 0.0000000e+00 
1.2293120e-02 4.2698156e-02 0.0000000e+00 
1.2651058e-02 4.6629168e-02 0.0000000e+00 
1.1708695e-02 3.8634941e-02 0.0000000e+00 
2.2358955e-03 7.3734173e-03 0.0000000e+00 
1.2755517e-02 5.0381199e-02 0.0000000e+00 
1.0759932e-03 3.6884749e-03 0.0000000e+00 
3.4655980e-03 1.1064177e-02 0.0000000e+00 
8.6014448e-03 2.6428716e-02 0.0000000e+00 
0.0000000e+00 0.0000000e+00 0.0000000e+00 
4.7530993e-03 1.4769957e-02 0.0000000e+00 
1.0924190e-02 3.4481764e-02 0.0000000e+00 
6.0879653e-03 1.8499387e-02 0.0000000e+00 
9.9663874e-03 3.0277571e-02 0.0000000e+00 
1.3405276e-02 4.6605270e-02 0.0000000e+00 
1.2928247e-02 4.2556502e-02 0.0000000e+00 
7.4608768e-03 2.2260308e-02 0.0000000e+00 
1.3634054e-02 5.0498690e-02 0.0000000e+00 
1.2231029e-02 3.8396612e-02 0.0000000e+00 
1.3585167e-02 5.4188240e-02 0.0000000e+00 
2.2684687e-03 7.1777888e-03 0.0000000e+00 
8.8632666e-03 2.6059680e-02 0.0000000e+00 
3.5268203e-03 1.0797878e-02 0.0000000e+00 
1.1341272e-02 3.4166247e-02 0.0000000e+00 
1.0877515e-03 3.5806773e-03 0.0000000e+00 
4.8497031e-03 1.4447968e-02 0.0000000e+00 
0.0000000e+00 0.0000000e+00 0.0000000e+00 
6.2257238e-03 1.8135050e-02 0.0000000e+00 
1.4127685e-02 4.6511207e-02 0.0000000e+00 
1.4484948e-02 5.0539158e-02 0.0000000e+00 
1.3529290e-02 4.2350736e-02 0.0000000e+00 
1.0287043e-02 2.9903648e-02 0.0000000e+00 
1.4571141e-02 5.4389108e-02 0.0000000e+00 
7.6447576e-03 2.1865772e-02 0.0000000e+00 
1.2718651e-02 3.8099799e-02 0.0000000e+00 
1.1724394e-02 3.3797704e-02 0.0000000e+00 
9.0975855e-03 2.5646277e-02 0.0000000e+00 
2.2937683e-03 6.9647981e-03 0.0000000e+00 
3.5767034e-03 1.0507471e-02 0.0000000e+00 
1.0960443e-03 3.4635086e-03 0.0000000e+00 
1.4811548e-02 4.6349037e-02 0.0000000e+00 
1.5299525e-02 5.0504517e-02 0.0000000e+00 
4.9307025e-03 1.4096215e-02 0.0000000e+00 
1.4091094e-02 4.2083107e-02 0.0000000e+00 
1.5524714e-02 5.4506682e-02 0.0000000e+00 
0.0000000e+00 0.0000000e+00 0.0000000e+00 
6.3434499e-03 1.7736213e-02 0.0000000e+00 
1.0575613e-02 2.9482188e-02 0.0000000e+00 
1.5455321e-02 5.8309898e-02 0.0000000e+00 
1.3167673e-02 3.7746921e-02 0.0000000e+00 
7.8040310e-03 2.1432746e-02 0.0000000e+00 
1.2070665e-02 3.3378694e-02 0.0000000e+00 
9.3025779e-03 2.5190970e-02 0.0000000e+00 
1.6070530e-02 5.0397273e-02 0.0000000e+00 
1.5451238e-02 4.6121333e-02 0.0000000e+00 
1.6436681e-02 5.4543491e-02 0.0000000e+00 
1.4609357e-02 4.1756280e-02 0.0000000e+00 
3.6146455e-03 1.0194581e-02 0.0000000e+00 
2.3114025e-03 6.7356532e-03 0.0000000e+00 
1.6517986e-02 5.8517247e-02 0.0000000e+00 
4.9952762e-03 1.3716651e-02 0.0000000e+00 
1.1006796e-03 3.3376461e-03 0.0000000e+00 
1.0829981e-02 2.9015815e-02 0.0000000e+00 
6.4400928e-03 1.7305091e-02 0.0000000e+00 
0.0000000e+00 0.0000000e+00 0.0000000e+00 
1.3574854e-02 3.7340723e-02 0.0000000e+00 
7.9374127e-03 2.0963667e-02 0.0000000e+00 
1.6791936e-02 5.0220389e-02 0.0000000e+00 
1.7299376e-02 5.4502595e-02 0.0000000e+00 
1.2377680e-02 3.2912008e-02 0.0000000e+00 
1.6042087e-02 4.5831047e-02 0.0000000e+00 
9.4767213e-03 2.4696385e-02 0.0000000e+00 
1.7532848e-02 5.8637425e-02 0.0000000e+00 
1.5080522e-02 4.1373219e-02 0.0000000e+00 
1.7459542e-02 6.2583484e-02 0.0000000e+00 
3.6401346e-03 9.8608853e-03 0.0000000e+00 
2.3210347e-03 6.4915959e-03 0.0000000e+00 
5.0427304e-03 1.3311302e-02 0.0000000e+00 
1.1048391e-02 2.8507335e-02 0.0000000e+00 
1.3937517e-02 3.6884200e-02 0.0000000e+00 
1.1014903e-03 3.2037823e-03 0.0000000e+00 
6.5147723e-03 1.6843995e-02 0.0000000e+00 
0.0000000e+00 0.0000000e+00 0.0000000e+00 
1.8106464e-02 5.4387450e-02 0.0000000e+00 
1.7458767e-02 4.9977191e-02 0.0000000e+00 
8.0438303e-03 2.0461079e-02 0.0000000e+00 
1.8491963e-02 5.8674145e-02 0.0000000e+00 
1.6580254e-02 4.5481425e-02 0.0000000e+00 
1.2643458e-02 3.2400642e-02 0.0000000e+00 
1.8582955e-02 6.2798463e-02 0.0000000e+00 
1.5501660e-02 4.0937141e-02 0.0000000e+00 
9.6187564e-03 2.4165275e-02 0.0000000e+00 
1.4253470e-02 3.6380526e-02 0.0000000e+00 
1.1229397e-02 2.7959689e-02 0.0000000e+00 
3.6527375e-03 9.5081031e-03 0.0000000e+00 
5.0724824e-03 1.2882253e-02 0.0000000e+00 
2.3223769e-03 6.2338919e-03 0.0000000e+00 
1.8852735e-02 5.4201826e-02 0.0000000e+00 
1.8066948e-02 4.9671263e-02 0.0000000e+00 
1.9388791e-02 5.8631461e-02 0.0000000e+00 
6.5667531e-03 1.6355308e-02 0.0000000e+00 
1.0983316e-03 3.0626189e-03 0.0000000e+00 
1.7062597e-02 4.5075946e-02 0.0000000e+00 
1.9643283e-02 6.2923603e-02 0.0000000e+00 
8.1223976e-03 1.9927613e-02 0.0000000e+00 
0.0000000e+00 0.0000000e+00 0.0000000e+00 
1.2866377e-02 3.1847715e-02 0.0000000e+00 
1.5870392e-02 4.0451441e-02 0.0000000e+00 
1.9583672e-02 6.7042150e-02 0.0000000e+00 
9.7276429e-03 2.3600485e-02 0.0000000e+00 
1.4520928e-02 3.5833023e-02 0.0000000e+00 
1.9533951e-02 5.3949717e-02 0.0000000e+00 
2.0217994e-02 5.8513667e-02 0.0000000e+00 
1.8613171e-02 4.9306400e-02 0.0000000e+00 
1.1371814e-02 2.7375925e-02 0.0000000e+00 
2.0633917e-02 6.2963650e-02 0.0000000e+00 
3.6520874e-03 9.1379760e-03 0.0000000e+00 
1.7486576e-02 4.4618256e-02 0.0000000e+00 
5.0840438e-03 1.2431623e-02 0.0000000e+00 
2.3151834e-03 5.9638196e-03 0.0000000e+00 
6.5954248e-03 1.5841460e-02 0.0000000e+00 
2.0749895e-02 6.7265704e-02 0.0000000e+00 
1.0910786e-03 2.9148613e-03 0.0000000e+00 
1.3045114e-02 3.1256467e-02 0.0000000e+00 
8.1723817e-03 1.9365966e-02 0.0000000e+00 
1.6184790e-02 3.9919648e-02 0.0000000e+00 
0.0000000e+00 0.0000000e+00 0.0000000e+00 
9.8025296e-03 2.3004938e-02 0.0000000e+00 
2.0975253e-02 5.8325227e-02 0.0000000e+00 
2.0146700e-02 5.3635281e-02 0.0000000e+00 
2.1549495e-02 6.2923476e-02 0.0000000e+00 
1.9094782e-02 4.8886534e-02 0.0000000e+00 
1.4738452e-02 3.5245117e-02 0.0000000e+00 
1.1474679e-02 2.6759163e-02 0.0000000e+00 
2.1838240e-02 6.7397967e-02 0.0000000e+00 
1.7850155e-02 4.4112120e-02 0.0000000e+00 
5.0770054e-03 1.1961560e-02 0.0000000e+00 
3.6378745e-03 8.7522622e-03 0.0000000e+00 
2.1810371e-02 7.1718648e-02 0.0000000e+00 
6.6002794e-03 1.5304920e-02 0.0000000e+00 
2.2992436e-03 5.6826621e-03 0.0000000e+00 
1.3178607e-02 3.0630203e-02 0.0000000e+00 
1.6443318e-02 3.9345384e-02 0.0000000e+00 
8.1931772e-03 1.8778872e-02 0.0000000e+00 
1.0796229e-03 2.7612138e-03 0.0000000e+00 
2.1657111e-02 5.8070716e-02 0.0000000e+00 
2.0688258e-02 5.3262781e-02 0.0000000e+00 
2.2385711e-02 6.2808096e-02 0.0000000e+00 
9.8427208e-03 2.2381598e-02 0.0000000e+00 
1.9509671e-02 4.8415691e-02 0.0000000e+00 
0.0000000e+00 0.0000000e+00 0.0000000e+00 
2.2843450e-02 6.7444488e-02 0.0000000e+00 
1.4904886e-02 3.4620300e-02 0.0000000e+00 
1.8151725e-02 4.3561380e-02 0.0000000e+00 
1.1537209e-02 2.6112571e-02 0.0000000e+00 
2.2999961e-02 7.1951516e-02 0.0000000e+00 
1.6644752e-02 3.8732346e-02 0.0000000e+00 
1.3265998e-02 2.9972287e-02 0.0000000e+00 
5.0510233e-03 1.1474223e-02 0.0000000e+00 
2.2260852e-02 5.7754774e-02 0.0000000e+00 
3.6098361e-03 8.3527239e-03 0.0000000e+00 
2.3139158e-02 6.2622540e-02 0.0000000e+00 
6.5808934e-03 1.4748177e-02 0.0000000e+00 
2.1156490e-02 5.2836541e-02 0.0000000e+00 
2.2743780e-03 5.3917021e-03 0.0000000e+00 
2.3761339e-02 6.7410856e-02 0.0000000e+00 
8.1842849e-03 1.8169096e-02 0.0000000e+00 
1.9856187e-02 4.7897961e-02 0.0000000e+00 
1.0638708e-03 2.6023779e-03 0.0000000e+00 
9.8476438e-03 2.1733470e-02 0.0000000e+00 
2.4097685e-02 7.2092779e-02 0.0000000e+00 
1.5019317e-02 3.3962123e-02 0.0000000e+00 
1.8390018e-02 4.2969931e-02 0.0000000e+00 
0.0000000e+00 0.0000000e+00 0.0000000e+00 
1.1558769e-02 2.5439363e-02 0.0000000e+00 
2.4119489e-02 7.6644868e-02 0.0000000e+00 
2.3807183e-02 6.2371857e-02 0.0000000e+00 
2.2784362e-02 5.7382055e-02 0.0000000e+00 
1.6788132e-02 3.8084257e-02 0.0000000e+00 
2.4588635e-02 6.7302614e-02 0.0000000e+00 
2.1549746e-02 5.2360922e-02 0.0000000e+00 
1.3306596e-02 2.9286118e-02 0.0000000e+00 
5.0058067e-03 1.0971779e-02 0.0000000e+00 
2.5099592e-02 7.2148629e-02 0.0000000e+00 
2.0133054e-02 4.7337458e-02 0.0000000e+00 
6.5369112e-03 1.4173737e-02 0.0000000e+00 
3.5677478e-03 7.9411278e-03 0.0000000e+00 
8.1452876e-03 1.7539429e-02 0.0000000e+00 
2.2404313e-03 5.0922185e-03 0.0000000e+00 
1.5081013e-02 3.3274159e-02 0.0000000e+00 
2.5311990e-02 7.6887555e-02 0.0000000e+00 
9.8168263e-03 2.1063579e-02 0.0000000e+00 
1.8564060e-02 4.2341694e-02 0.0000000e+00 
1.0437409e-03 2.4390491e-03 0.0000000e+00 
2.4387762e-02 6.2061090e-02 0.0000000e+00 
1.1538838e-02 2.4742777e-02 0.0000000e+00 
2.3226038e-02 5.6957223e-02 0.0000000e+00 
2.5322832e-02 6.7125268e-02 0.0000000e+00 
0.0000000e+00 0.0000000e+00 0.0000000e+00 
2.1866774e-02 5.1840283e-02 0.0000000e+00 
1.6872713e-02 3.7404876e-02 0.0000000e+00 
2.6002644e-02 7.2125174e-02 0.0000000e+00 
1.3299845e-02 2.8575120e-02 0.0000000e+00 
2.0339303e-02 4.6738312e-02 0.0000000e+00 
2.6399681e-02 7.7039398e-02 0.0000000e+00 
4.9411049e-03 1.0456401e-02 0.0000000e+00 
6.4680288e-03 1.3584110e-02 0.0000000e+00 
3.5114153e-03 7.5192326e-03 0.0000000e+00 
8.0758324e-03 1.6892664e-02 0.0000000e+00 
1.5089393e-02 3.2560006e-02 0.0000000e+00 
1.8673098e-02 4.1680608e-02 0.0000000e+00 
2.1972684e-03 4.7854832e-03 0.0000000e+00 
2.4879390e-02 6.1695207e-02 0.0000000e+00 
2.6488464e-02 8.1851400e-02 0.0000000e+00 
9.7498707e-03 2.0374971e-02 0.0000000e+00 
2.5962057e-02 6.6884235e-02 0.0000000e+00 
2.3584692e-02 5.6484900e-02 0.0000000e+00 
2.6804557e-02 7.2028376e-02 0.0000000e+00 
1.0191615e-03 2.2719167e-03 0.0000000e+00 
2.2106646e-02 5.1278975e-02 0.0000000e+00 
1.1476983e-02 2.4026060e-02 0.0000000e+00 
1.6897902e-02 3.6697965e-02 0.0000000e+00 
2.7379850e-02 7.7107050e-02 0.0000000e+00 
2.0474209e-02 4.6104647e-02 0.0000000e+00 
0.0000000e+00 0.0000000e+00 0.0000000e+00 
1.3245286e-02 2.7842732e-02 0.0000000e+00 
2.7662868e-02 8.2104199e-02 0.0000000e+00 
2.5280993e-02 6.1279133e-02 0.0000000e+00 
2.6504964e-02 6.6584855e-02 0.0000000e+00 
1.8716559e-02 4.0990598e-02 0.0000000e+00 
6.3739801e-03 1.2981816e-02 0.0000000e+00 
4.8566973e-03 9.9302586e-03 0.0000000e+00 
1.5043987e-02 3.1823274e-02 0.0000000e+00 
2.3859477e-02 5.5969678e-02 0.0000000e+00 
7.9756100e-03 1.6231619e-02 0.0000000e+00 
2.7503684e-02 7.1864083e-02 0.0000000e+00 
3.4406669e-03 7.0887972e-03 0.0000000e+00 
9.6464325e-03 1.9670701e-02 0.0000000e+00 
2.2268690e-02 5.0681315e-02 0.0000000e+00 
2.1447695e-03 4.4727605e-03 0.0000000e+00 
2.8250523e-02 7.7096969e-02 0.0000000e+00 
1.1372832e-02 2.3292487e-02 0.0000000e+00 
1.6863234e-02 3.5967294e-02 0.0000000e+00 
9.9006889e-04 2.1016626e-03 0.0000000e+00 
2.0537231e-02 4.5440558e-02 0.0000000e+00 
2.8720748e-02 8.2267888e-02 0.0000000e+00 
1.3142528e-02 2.7092405e-02 0.0000000e+00 
2.6950635e-02 6.6232339e-02 0.0000000e+00 
2.5591835e-02 6.0817700e-02 0.0000000e+00 
0.0000000e+00 0.0000000e+00 0.0000000e+00 
2.8098894e-02 7.1637981e-02 0.0000000e+00 
2.8892728e-02 8.7367237e-02 0.0000000e+00 
1.8693998e-02 4.0275592e-02 0.0000000e+00 
2.4049804e-02 5.5416077e-02 0.0000000e+00 
2.9010346e-02 7.7015415e-02 0.0000000e+00 
1.4944401e-02 3.1067580e-02 0.0000000e+00 
6.2545217e-03 1.2369380e-02 0.0000000e+00 
4.7523822e-03 9.3955258e-03 0.0000000e+00 
7.8443391e-03 1.5559110e-02 0.0000000e+00 
2.2352433e-02 5.0051585e-02 0.0000000e+00 
3.3553464e-03 6.6515743e-03 0.0000000e+00 
9.5061986e-03 1.8953839e-02 0.0000000e+00 
2.9660527e-02 8.2349390e-02 0.0000000e+00 
1.6768327e-02 3.5216626e-02 0.0000000e+00 
2.0828256e-03 4.1553080e-03 0.0000000e+00 
1.1226046e-02 2.2545336e-02 0.0000000e+00 
2.0527977e-02 4.4750128e-02 0.0000000e+00 
3.0027894e-02 8.7630220e-02 0.0000000e+00 
2.7298495e-02 6.5831803e-02 0.0000000e+00 
2.8589478e-02 7.1355611e-02 0.0000000e+00 
2.5811452e-02 6.0315665e-02 0.0000000e+00 
9.5640507e-04 1.9289627e-03 0.0000000e+00 
1.2991223e-02 2.6327603e-02 0.0000000e+00 
2.9658461e-02 7.6868452e-02 0.0000000e+00 
2.4155295e-02 5.4828573e-02 0.0000000e+00 
1.8605065e-02 3.9539494e-02 0.0000000e+00 
3.0481203e-02 8.2355402e-02 0.0000000e+00 
1.4790284e-02 3.0296544e-02 0.0000000e+00 
0.0000000e+00 0.0000000e+00 0.0000000e+00 
2.2357546e-02 4.9394015e-02 0.0000000e+00 
6.1094202e-03 1.1749340e-02 0.0000000e+00 
7.6817516e-03 1.4877976e-02 0.0000000e+00 
4.6279687e-03 8.8543799e-03 0.0000000e+00 
3.1036194e-02 8.7806672e-02 0.0000000e+00 
9.3288682e-03 1.8227475e-02 0.0000000e+00 
3.2553051e-03 6.2093162e-03 0.0000000e+00 
2.0446146e-02 4.4037405e-02 0.0000000e+00 
1.6612848e-02 3.4449726e-02 0.0000000e+00 
2.7548237e-02 6.5388218e-02 0.0000000e+00 
2.8975062e-02 7.1022347e-02 0.0000000e+00 
1.1036305e-02 2.1787906e-02 0.0000000e+00 
2.5939589e-02 5.9777688e-02 0.0000000e+00 
3.0194419e-02 7.6661929e-02 0.0000000e+00 
2.0113336e-03 3.8343780e-03 0.0000000e+00 
2.4175717e-02 5.4211564e-02 0.0000000e+00 
3.1306084e-02 9.3219504e-02 0.0000000e+00 
1.2791035e-02 2.5551798e-02 0.0000000e+00 
3.1182250e-02 8.2292326e-02 0.0000000e+00 
1.8449461e-02 3.8786203e-02 0.0000000e+00 
9.1811601e-04 1.7544865e-03 0.0000000e+00 
2.2283806e-02 4.8712805e-02 0.0000000e+00 
3.1917047e-02 8.7903664e-02 0.0000000e+00 
1.4581308e-02 2.9513789e-02 0.0000000e+00 
0.0000000e+00 0.0000000e+00 0.0000000e+00 
2.9255535e-02 7.0643425e-02 0.0000000e+00 
2.7699761e-02 6.4906463e-02 0.0000000e+00 
5.9384420e-03 1.1124243e-02 0.0000000e+00 
7.4875732e-03 1.4191072e-02 0.0000000e+00 
2.0291490e-02 4.3306410e-02 0.0000000e+00 
3.0618086e-02 7.6401517e-02 0.0000000e+00 
1.6396485e-02 3.3670355e-02 0.0000000e+00 
2.5976138e-02 5.9208341e-02 0.0000000e+00 
3.2381151e-02 9.3492523e-02 0.0000000e+00 
4.4832639e-03 8.3090058e-03 0.0000000e+00 
9.1141379e-03 1.7494714e-02 0.0000000e+00 
3.1763524e-02 8.2166336e-02 0.0000000e+00 
1.0803279e-02 2.1023514e-02 0.0000000e+00 
3.1403962e-03 5.7637775e-03 0.0000000e+00 
2.4110941e-02 5.3569380e-02 0.0000000e+00 
3.2670304e-02 8.7927945e-02 0.0000000e+00 
1.2541626e-02 2.4768488e-02 0.0000000e+00 
1.9301934e-03 3.5112200e-03 0.0000000e+00 
1.8226910e-02 3.8019601e-02 0.0000000e+00 
2.2131039e-02 4.8012093e-02 0.0000000e+00 
1.4317132e-02 2.8722964e-02 0.0000000e+00 
2.9430984e-02 7.0223913e-02 0.0000000e+00 
8.7514974e-04 1.5788998e-03 0.0000000e+00 
3.3320446e-02 9.3682334e-02 0.0000000e+00 
2.7753111e-02 6.4391278e-02 0.0000000e+00 
3.0929588e-02 7.6092668e-02 0.0000000e+00 
2.5921091e-02 5.8612105e-02 0.0000000e+00 
3.2225180e-02 8.1983365e-02 0.0000000e+00 
2.0063790e-02 4.2561136e-02 0.0000000e+00 
1.6118916e-02 3.2882277e-02 0.0000000e+00 
7.2615128e-03 1.3501279e-02 0.0000000e+00 
5.7413382e-03 1.0496664e-02 0.0000000e+00 
0.0000000e+00 0.0000000e+00 0.0000000e+00 
2.3960900e-02 5.2906293e-02 0.0000000e+00 
8.8616777e-03 1.6758699e-02 0.0000000e+00 
3.3296172e-02 8.7885991e-02 0.0000000e+00 
3.3701107e-02 9.9433228e-02 0.0000000e+00 
4.3180678e-03 7.7616055e-03 0.0000000e+00 
1.0526611e-02 2.0255512e-02 0.0000000e+00 
3.0104676e-03 5.3167217e-03 0.0000000e+00 
1.7937126e-02 3.7243560e-02 0.0000000e+00 
3.4124251e-02 9.3795992e-02 0.0000000e+00 
1.2242621e-02 2.3981195e-02 0.0000000e+00 
2.1899104e-02 4.7295984e-02 0.0000000e+00 
2.9501632e-02 6.9768727e-02 0.0000000e+00 
3.1129224e-02 7.5740665e-02 0.0000000e+00 
1.8393025e-03 3.1870855e-03 0.0000000e+00 
2.7708432e-02 6.3847288e-02 0.0000000e+00 
3.2567594e-02 8.1749111e-02 0.0000000e+00 
1.3997382e-02 2.7927727e-02 0.0000000e+00 
2.5774503e-02 5.7993375e-02 0.0000000e+00 
3.4695838e-02 9.9715941e-02 0.0000000e+00 
1.9762814e-02 4.1805562e-02 0.0000000e+00 
3.3795111e-02 8.7783970e-02 0.0000000e+00 
8.2745397e-04 1.4028663e-03 0.0000000e+00 
1.5779780e-02 3.2089278e-02 0.0000000e+00 
2.3725543e-02 5.2226514e-02 0.0000000e+00 
3.4793139e-02 9.3840212e-02 0.0000000e+00 
7.0032449e-03 1.2811519e-02 0.0000000e+00 
8.5711181e-03 1.6022606e-02 0.0000000e+00 
5.5178348e-03 9.8692067e-03 0.0000000e+00 
1.0205898e-02 1.9487288e-02 0.0000000e+00 
0.0000000e+00 0.0000000e+00 0.0000000e+00 
4.1321595e-03 7.2144056e-03 0.0000000e+00 
3.1217424e-02 7.5350605e-02 0.0000000e+00 
2.1587845e-02 4.6568539e-02 0.0000000e+00 
2.9467795e-02 6.9282658e-02 0.0000000e+00 
1.7579779e-02 3.6461961e-02 0.0000000e+00 
3.2791320e-02 8.1469037e-02 0.0000000e+00 
2.7565917e-02 6.3279025e-02 0.0000000e+00 
1.1893597e-02 2.3193473e-02 0.0000000e+00 
3.5547372e-02 9.9919371e-02 0.0000000e+00 
2.8653555e-03 4.8699272e-03 0.0000000e+00 
3.4167804e-02 8.7627791e-02 0.0000000e+00 
2.5536446e-02 5.7356458e-02 0.0000000e+00 
1.3621627e-02 2.7131768e-02 0.0000000e+00 
1.7385527e-03 2.8632332e-03 0.0000000e+00 
1.9388288e-02 4.1043643e-02 0.0000000e+00 
3.5327923e-02 9.3821406e-02 0.0000000e+00 
2.3404811e-02 5.1534187e-02 0.0000000e+00 
3.6049508e-02 1.0603123e-01 0.0000000e+00 
1.5378661e-02 3.1295147e-02 0.0000000e+00 
7.7497482e-04 1.2270510e-03 0.0000000e+00 
3.1194702e-02 7.4927427e-02 0.0000000e+00 
3.6256690e-02 1.0005045e-01 0.0000000e+00 
2.9329836e-02 6.8770349e-02 0.0000000e+00 
3.2897014e-02 8.1148423e-02 0.0000000e+00 
6.7123952e-03 1.2124763e-02 0.0000000e+00 
8.2420316e-03 1.5289673e-02 0.0000000e+00 
2.1197060e-02 4.5833800e-02 0.0000000e+00 
2.7325781e-02 6.2690899e-02 0.0000000e+00 
5.2676178e-03 9.2445221e-03 0.0000000e+00 
1.7154485e-02 3.5678685e-02 0.0000000e+00 
9.8406719e-03 1.8722285e-02 0.0000000e+00 
3.4415051e-02 8.7423123e-02 0.0000000e+00 
3.9252909e-03 6.6696685e-03 0.0000000e+00 
1.1494054e-02 2.2408931e-02 0.0000000e+00 
2.5206974e-02 5.6705594e-02 0.0000000e+00 
0.0000000e+00 0.0000000e+00 0.0000000e+00 
3.5729580e-02 9.3745656e-02 0.0000000e+00 
3.6944609e-02 1.0632310e-01 0.0000000e+00 
2.7048769e-03 4.4251978e-03 0.0000000e+00 
1.3189356e-02 2.6338823e-02 0.0000000e+00 
1.8939877e-02 4.0279333e-02 0.0000000e+00 
2.2998599e-02 5.0833419e-02 0.0000000e+00 
3.6824953e-02 1.0011575e-01 0.0000000e+00 
1.6278252e-03 2.5409353e-03 0.0000000e+00 
3.1061605e-02 7.4475884e-02 0.0000000e+00 
1.4915050e-02 3.0503720e-02 0.0000000e+00 
3.2885402e-02 8.0792338e-02 0.0000000e+00 
2.9088130e-02 6.8236321e-02 0.0000000e+00 
3.4537770e-02 8.7175377e-02 0.0000000e+00 
2.6988216e-02 6.2087230e-02 0.0000000e+00 
2.0726483e-02 4.5095768e-02 0.0000000e+00 
3.7690558e-02 1.0654010e-01 0.0000000e+00 
1.6660763e-02 3.4897629e-02 0.0000000e+00 
7.1765430e-04 1.0521228e-03 0.0000000e+00 
3.5999205e-02 9.3618788e-02 0.0000000e+00 
7.8739142e-03 1.4563200e-02 0.0000000e+00 
6.3885255e-03 1.1444051e-02 0.0000000e+00 
2.4786096e-02 5.6044947e-02 0.0000000e+00 
9.4303731e-03 1.7964017e-02 0.0000000e+00 
4.9903230e-03 8.6253192e-03 0.0000000e+00 
1.1043397e-02 2.1631239e-02 0.0000000e+00 
3.7253462e-02 1.0012151e-01 0.0000000e+00 
3.6971748e-03 6.1297058e-03 0.0000000e+00 
1.8417146e-02 3.9516583e-02 0.0000000e+00 
1.2699952e-02 2.5552681e-02 0.0000000e+00 
2.2506732e-02 5.0128270e-02 0.0000000e+00 
3.8322493e-02 1.1303400e-01 0.0000000e+00 
0.0000000e+00 0.0000000e+00 0.0000000e+00 
3.0818684e-02 7.4000604e-02 0.0000000e+00 
3.2757234e-02 8.0405660e-02 0.0000000e+00 
2.5288234e-03 3.9843735e-03 0.0000000e+00 
2.8743023e-02 6.7684971e-02 0.0000000e+00 
3.4536909e-02 8.6889751e-02 0.0000000e+00 
3.8288873e-02 1.0668893e-01 0.0000000e+00 
1.4388333e-02 2.9718865e-02 0.0000000e+00 
2.6553364e-02 6.1472252e-02 0.0000000e+00 
3.6137961e-02 9.3446344e-02 0.0000000e+00 
1.5069860e-03 2.2214856e-03 0.0000000e+00 
2.0175751e-02 4.4358443e-02 0.0000000e+00 
1.6098019e-02 3.4122728e-02 0.0000000e+00 
2.4273751e-02 5.5378634e-02 0.0000000e+00 
3.7543599e-02 1.0007367e-01 0.0000000e+00 
3.9099902e-02 1.1333433e-01 0.0000000e+00 
7.4661667e-03 1.3846585e-02 0.0000000e+00 
6.0311155e-03 1.0772510e-02 0.0000000e+00 
8.9743352e-03 1.7216085e-02 0.0000000e+00 
6.5542845e-04 8.7875960e-04 0.0000000e+00 
4.6855188e-03 8.0143893e-03 0.0000000e+00 
1.0540909e-02 2.0864155e-02 0.0000000e+00 
3.2513257e-02 7.9993106e-02 0.0000000e+00 
3.0466460e-02 7.3506072e-02 0.0000000e+00 
2.1928936e-02 4.9422771e-02 0.0000000e+00 
3.8741164e-02 1.0677592e-01 0.0000000e+00 
1.7819544e-02 3.8759369e-02 0.0000000e+00 
3.4413438e-02 8.6571239e-02 0.0000000e+00 
2.8294809e-02 6.7120589e-02 0.0000000e+00 
1.2152672e-02 2.4777202e-02 0.0000000e+00 
3.4474749e-03 5.5968957e-03 0.0000000e+00 
3.6147047e-02 9.3233630e-02 0.0000000e+00 
2.6021294e-02 6.0850110e-02 0.0000000e+00 
1.3797757e-02 2.8944518e-02 0.0000000e+00 
0.0000000e+00 0.0000000e+00 0.0000000e+00 
2.3369514e-03 3.5493432e-03 0.0000000e+00 
3.7696782e-02 9.9977881e-02 0.0000000e+00 
3.9723605e-02 1.1356457e-01 0.0000000e+00 
1.9544378e-02 4.3625824e-02 0.0000000e+00 
2.3669774e-02 5.4710705e-02 0.0000000e+00 
1.5465516e-02 3.3357959e-02 0.0000000e+00 
1.3758811e-03 1.9062095e-03 0.0000000e+00 
3.9049100e-02 1.0680709e-01 0.0000000e+00 
3.2154173e-02 7.9559222e-02 0.0000000e+00 
3.4168299e-02 8.6224630e-02 0.0000000e+00 
3.0005388e-02 7.2996624e-02 0.0000000e+00 
7.0180721e-03 1.3143334e-02 0.0000000e+00 
8.4717600e-03 1.6482199e-02 0.0000000e+00 
2.1264816e-02 4.8720930e-02 0.0000000e+00 
3.6027640e-02 9.2985727e-02 0.0000000e+00 
4.0491123e-02 1.2045969e-01 0.0000000e+00 
2.7743701e-02 6.6547379e-02 0.0000000e+00 
5.6395452e-03 1.0113374e-02 0.0000000e+00 
1.7146377e-02 3.8011681e-02 0.0000000e+00 
9.9857310e-03 2.0111533e-02 0.0000000e+00 
4.3526944e-03 7.4146208e-03 0.0000000e+00 
5.8822468e-04 7.0765271e-04 0.0000000e+00 
4.0195521e-02 1.1373109e-01 0.0000000e+00 
3.7714452e-02 9.9839523e-02 0.0000000e+00 
1.1546615e-02 2.4016341e-02 0.0000000e+00 
2.5391970e-02 6.0224891e-02 0.0000000e+00 
3.1757916e-03 5.0737006e-03 0.0000000e+00 
1.3142411e-02 2.8184688e-02 0.0000000e+00 
1.8831735e-02 4.2901903e-02 0.0000000e+00 
3.9214358e-02 1.0678814e-01 0.0000000e+00 
2.2973875e-02 5.4045178e-02 0.0000000e+00 
2.1289748e-03 3.1220629e-03 0.0000000e+00 
0.0000000e+00 0.0000000e+00 0.0000000e+00 
4.1134201e-02 1.2076764e-01 0.0000000e+00 
3.1680614e-02 7.9108424e-02 0.0000000e+00 
3.3802386e-02 8.5854545e-02 0.0000000e+00 
1.4762353e-02 3.2607354e-02 0.0000000e+00 
2.9435847e-02 7.2476506e-02 0.0000000e+00 
3.5780899e-02 9.2707485e-02 0.0000000e+00 
4.0517576e-02 1.1383992e-01 0.0000000e+00 
2.7089806e-02 6.5969430e-02 0.0000000e+00 
2.0513823e-02 4.8026741e-02 0.0000000e+00 
3.7598006e-02 9.9663734e-02 0.0000000e+00 
1.2343312e-03 1.5964754e-03 0.0000000e+00 
1.6396783e-02 3.7277557e-02 0.0000000e+00 
7.9216929e-03 1.5766203e-02 0.0000000e+00 
6.5287719e-03 1.2457091e-02 0.0000000e+00 
2.4665227e-02 5.9600614e-02 0.0000000e+00 
9.3768332e-03 1.9377355e-02 0.0000000e+00 
5.2130744e-03 9.4700167e-03 0.0000000e+00 
3.9238591e-02 1.0672451e-01 0.0000000e+00 
1.0880703e-02 2.3274165e-02 0.0000000e+00 
3.9912374e-03 6.8290289e-03 0.0000000e+00 
4.1620370e-02 1.2101050e-01 0.0000000e+00 
5.1595963e-04 5.3951325e-04 0.0000000e+00 
1.8037021e-02 4.2190708e-02 0.0000000e+00 
1.2421193e-02 2.7443478e-02 0.0000000e+00 
2.2185620e-02 5.3386036e-02 0.0000000e+00 
3.3316519e-02 8.5465439e-02 0.0000000e+00 
3.1093124e-02 7.8644969e-02 0.0000000e+00 
2.8816499e-03 4.5626936e-03 0.0000000e+00 
3.5407905e-02 9.2403583e-02 0.0000000e+00 
4.0691685e-02 1.1389677e-01 0.0000000e+00 
2.8758097e-02 7.1949840e-02 0.0000000e+00 
1.3987440e-02 3.1875022e-02 0.0000000e+00 
3.7348803e-02 9.9455424e-02 0.0000000e+00 
2.6333109e-02 6.5390781e-02 0.0000000e+00 
1.9045534e-03 2.7045726e-03 0.0000000e+00 
4.2526588e-02 1.2832411e-01 0.0000000e+00 
1.9675249e-02 4.7344197e-02 0.0000000e+00 
0.0000000e+00 0.0000000e+00 0.0000000e+00 
3.9123423e-02 1.0662135e-01 0.0000000e+00 
4.1951787e-02 1.2119429e-01 0.0000000e+00 
2.3840759e-02 5.8981251e-02 0.0000000e+00 
1.5569705e-02 3.6561087e-02 0.0000000e+00 
7.3229922e-03 1.5072112e-02 0.0000000e+00 
5.9972429e-03 1.1791673e-02 0.0000000e+00 
1.0821238e-03 1.2937079e-03 0.0000000e+00 
8.7129856e-03 1.8665755e-02 0.0000000e+00 
4.0719710e-02 1.1390708e-01 0.0000000e+00 
4.7508162e-03 8.8459747e-03 0.0000000e+00 
3.2711420e-02 8.5061587e-02 0.0000000e+00 
1.0153648e-02 2.2554867e-02 0.0000000e+00 
3.0392142e-02 7.8173004e-02 0.0000000e+00 
3.4909669e-02 9.2078499e-02 0.0000000e+00 
2.1304404e-02 5.2737240e-02 0.0000000e+00 
1.7159242e-02 4.1496284e-02 0.0000000e+00 
2.7972281e-02 7.1420647e-02 0.0000000e+00 
3.6004165e-03 6.2607862e-03 0.0000000e+00 
3.6968116e-02 9.9219278e-02 0.0000000e+00 
1.1632786e-02 2.6725106e-02 0.0000000e+00 
4.3020338e-02 1.2863871e-01 0.0000000e+00 
4.3853576e-04 3.7507896e-04 0.0000000e+00 
2.5473444e-02 6.4815380e-02 0.0000000e+00 
4.2130563e-02 1.2132466e-01 0.0000000e+00 
3.8870394e-02 1.0648359e-01 0.0000000e+00 
2.5644817e-03 4.0665832e-03 0.0000000e+00 
1.3139461e-02 3.1165160e-02 0.0000000e+00 
1.8748187e-02 4.6677306e-02 0.0000000e+00 
2.2918090e-02 5.8370724e-02 0.0000000e+00 
4.0603459e-02 1.1387601e-01 0.0000000e+00 
1.4663863e-02 3.5866428e-02 0.0000000e+00 
1.6632822e-03 2.2990212e-03 0.0000000e+00 
3.1987693e-02 8.4647164e-02 0.0000000e+00 
3.4287084e-02 9.1736548e-02 0.0000000e+00 
4.3355189e-02 1.2889339e-01 0.0000000e+00 
2.9577969e-02 7.7696547e-02 0.0000000e+00 
0.0000000e+00 0.0000000e+00 0.0000000e+00 
3.6457136e-02 9.8959811e-02 0.0000000e+00 
6.6742999e-03 1.4404126e-02 0.0000000e+00 
7.9927240e-03 1.7981049e-02 0.0000000e+00 
2.7078390e-02 7.0892863e-02 0.0000000e+00 
2.0329436e-02 5.2102741e-02 0.0000000e+00 
5.4222611e-03 1.1151099e-02 0.0000000e+00 
4.2158749e-02 1.2140697e-01 0.0000000e+00 
1.6197186e-02 4.0822729e-02 0.0000000e+00 
9.3639148e-03 2.1862812e-02 0.0000000e+00 
9.1900770e-04 9.9940563e-04 0.0000000e+00 
4.2517120e-03 8.2449904e-03 0.0000000e+00 
3.8480967e-02 1.0631593e-01 0.0000000e+00 
1.0775625e-02 2.6033929e-02 0.0000000e+00 
2.4510479e-02 6.4247116e-02 0.0000000e+00 
3.1793567e-03 5.7132561e-03 0.0000000e+00 
4.0344656e-02 1.1380844e-01 0.0000000e+00 
4.4400539e-02 1.3664080e-01 0.0000000e+00 
1.2216854e-02 3.0482085e-02 0.0000000e+00 
1.7731516e-02 4.6030086e-02 0.0000000e+00 
4.3533418e-02 1.2909369e-01 0.0000000e+00 
2.1896560e-02 5.7772931e-02 0.0000000e+00 
3.5583807e-04 2.1512309e-04 0.0000000e+00 
2.2236058e-03 3.5882478e-03 0.0000000e+00 
3.1145819e-02 8.4226176e-02 0.0000000e+00 
3.3540938e-02 9.1381878e-02 0.0000000e+00 
2.8650761e-02 7.7219523e-02 0.0000000e+00 
1.3677731e-02 3.5197817e-02 0.0000000e+00 
3.5816938e-02 9.8681338e-02 0.0000000e+00 
4.2038310e-02 1.2144634e-01 0.0000000e+00 
2.6076250e-02 7.0370346e-02 0.0000000e+00 
3.7956495e-02 1.0612287e-01 0.0000000e+00 
1.4046755e-03 1.9076938e-03 0.0000000e+00 
1.9259708e-02 5.1486485e-02 0.0000000e+00 
1.5149394e-02 4.0174197e-02 0.0000000e+00 
4.4731699e-02 1.3696101e-01 0.0000000e+00 
7.2143129e-03 1.7327759e-02 0.0000000e+00 
5.9739999e-03 1.3766686e-02 0.0000000e+00 
2.3443704e-02 6.3689820e-02 0.0000000e+00 
0.0000000e+00 0.0000000e+00 0.0000000e+00 
8.5096909e-03 2.1202546e-02 0.0000000e+00 
3.9944921e-02 1.1370907e-01 0.0000000e+00 
4.8023695e-03 1.0539629e-02 0.0000000e+00 
4.3557208e-02 1.2924489e-01 0.0000000e+00 
9.8478580e-03 2.5374455e-02 0.0000000e+00 
3.7144953e-03 7.6710507e-03 0.0000000e+00 
7.4468204e-04 7.1516033e-04 0.0000000e+00 
1.6623875e-02 4.5406591e-02 0.0000000e+00 
3.2671876e-02 9.1018513e-02 0.0000000e+00 
2.0775300e-02 5.7191733e-02 0.0000000e+00 
1.1217770e-02 2.9830236e-02 0.0000000e+00 
4.1771114e-02 1.2144761e-01 0.0000000e+00 
3.0186120e-02 8.3802529e-02 0.0000000e+00 
2.7270084e-03 5.1900372e-03 0.0000000e+00 
3.5048466e-02 9.8387994e-02 0.0000000e+00 
2.7610516e-02 7.6745756e-02 0.0000000e+00 
3.7298214e-02 1.0590871e-01 0.0000000e+00 
4.4903081e-02 1.3722646e-01 0.0000000e+00 
1.2609503e-02 3.4559596e-02 0.0000000e+00 
2.4965512e-02 6.9856875e-02 0.0000000e+00 
1.8582053e-03 3.1307754e-03 0.0000000e+00 
2.6772983e-04 6.0464441e-05 0.0000000e+00 
4.3428648e-02 1.2935197e-01 0.0000000e+00 
3.9405756e-02 1.1358237e-01 0.0000000e+00 
1.8093985e-02 5.0892424e-02 0.0000000e+00 
2.2272406e-02 6.3147299e-02 0.0000000e+00 
1.4014136e-02 3.9554909e-02 0.0000000e+00 
1.1281506e-03 1.5330454e-03 0.0000000e+00 
6.3757040e-03 1.6710667e-02 0.0000000e+00 
4.1358914e-02 1.2141541e-01 0.0000000e+00 
5.2201757e-03 1.3164501e-02 0.0000000e+00 
7.5888401e-03 2.0578831e-02 0.0000000e+00 
3.1680394e-02 9.0650320e-02 0.0000000e+00 
4.1358327e-03 9.9618174e-03 0.0000000e+00 
4.6085302e-02 1.4542113e-01 0.0000000e+00 
3.4152538e-02 9.8083787e-02 0.0000000e+00 
2.9108768e-02 8.3380006e-02 0.0000000e+00 
8.8473111e-03 2.4751388e-02 0.0000000e+00 
4.4916946e-02 1.3744228e-01 0.0000000e+00 
1.9553220e-02 5.6630988e-02 0.0000000e+00 
0.0000000e+00 0.0000000e+00 0.0000000e+00 
1.5423641e-02 4.4810921e-02 0.0000000e+00 
3.6507238e-02 1.0567757e-01 0.0000000e+00 
2.6457053e-02 7.6278970e-02 0.0000000e+00 
3.1376518e-03 7.1284403e-03 0.0000000e+00 
1.0140044e-02 2.9214200e-02 0.0000000e+00 
4.3149706e-02 1.2941970e-01 0.0000000e+00 
5.5878598e-04 4.4268175e-04 0.0000000e+00 
3.8728546e-02 1.1343258e-01 0.0000000e+00 
2.3745632e-02 6.9356181e-02 0.0000000e+00 
2.2421121e-03 4.6950150e-03 0.0000000e+00 
1.1457060e-02 3.3956219e-02 0.0000000e+00 
1.6830778e-02 5.0324518e-02 0.0000000e+00 
4.0803339e-02 1.2135412e-01 0.0000000e+00 
2.0995654e-02 6.2623292e-02 0.0000000e+00 
4.6242449e-02 1.4574583e-01 0.0000000e+00 
1.4672964e-03 2.6975132e-03 0.0000000e+00 
4.4775460e-02 1.3761327e-01 0.0000000e+00 
1.2789378e-02 3.8969163e-02 0.0000000e+00 
3.0566832e-02 9.0281054e-02 0.0000000e+00 
1.7404754e-04 -8.8019711e-05 0.0000000e+00 
3.3129819e-02 9.7772561e-02 0.0000000e+00 
2.7913759e-02 8.2962304e-02 0.0000000e+00 
3.5584532e-02 1.0543343e-01 0.0000000e+00 
4.2722240e-02 1.2945256e-01 0.0000000e+00 
5.4744775e-03 1.6134836e-02 0.0000000e+00 
6.5988549e-03 1.9996688e-02 0.0000000e+00 
2.5190007e-02 7.5822823e-02 0.0000000e+00 
4.4105574e-03 1.2602606e-02 0.0000000e+00 
1.8228985e-02 5.6094527e-02 0.0000000e+00 
8.3300454e-04 1.1777430e-03 0.0000000e+00 
3.7914544e-02 1.1326382e-01 0.0000000e+00 
1.4128901e-02 4.4247214e-02 0.0000000e+00 
7.7714417e-03 2.4169633e-02 0.0000000e+00 
3.4205823e-03 9.4225658e-03 0.0000000e+00 
2.2415856e-02 6.8871915e-02 0.0000000e+00 
8.9811450e-03 2.8638735e-02 0.0000000e+00 
4.6239890e-02 1.4602089e-01 0.0000000e+00 
2.5193694e-03 6.6217990e-03 0.0000000e+00 
4.0105898e-02 1.2126797e-01 0.0000000e+00 
0.0000000e+00 0.0000000e+00 0.0000000e+00 
4.4480648e-02 1.3774402e-01 0.0000000e+00 
1.0217936e-02 3.3392269e-02 0.0000000e+00 
1.5468317e-02 4.9786761e-02 0.0000000e+00 
3.6088479e-04 1.8382803e-04 0.0000000e+00 
1.9612290e-02 6.2121525e-02 0.0000000e+00 
1.7231536e-03 4.2324220e-03 0.0000000e+00 
3.1980813e-02 9.7458027e-02 0.0000000e+00 
2.9331364e-02 8.9914352e-02 0.0000000e+00 
4.2147968e-02 1.2945490e-01 0.0000000e+00 
3.4530912e-02 1.0518009e-01 0.0000000e+00 
2.6600905e-02 8.2552992e-02 0.0000000e+00 
1.1472757e-02 3.8421359e-02 0.0000000e+00 
3.6964849e-02 1.1307997e-01 0.0000000e+00 
2.3808809e-02 7.5380884e-02 0.0000000e+00 
4.7554106e-02 1.5467444e-01 0.0000000e+00 
1.0496918e-03 2.2921248e-03 0.0000000e+00 
4.6079788e-02 1.4625095e-01 0.0000000e+00 
1.6801000e-02 5.5586193e-02 0.0000000e+00 
1.2737426e-02 4.3719675e-02 0.0000000e+00 
7.4594551e-05 -2.2937804e-04 0.0000000e+00 
3.9267950e-02 1.2116097e-01 0.0000000e+00 
4.5077889e-03 1.5605664e-02 0.0000000e+00 
5.5367979e-03 1.9461418e-02 0.0000000e+00 
4.4034414e-02 1.3783894e-01 0.0000000e+00 
2.0975213e-02 6.8407685e-02 0.0000000e+00 
3.5424554e-03 1.2086412e-02 0.0000000e+00 
6.6172844e-03 2.3634333e-02 0.0000000e+00 
2.6541555e-03 8.9271823e-03 0.0000000e+00 
7.7381399e-03 2.8108791e-02 0.0000000e+00 
5.1838654e-04 8.4471644e-04 0.0000000e+00 
4.1428480e-02 1.2943080e-01 0.0000000e+00 
3.0705864e-02 9.7143769e-02 0.0000000e+00 
2.7973989e-02 8.9553736e-02 0.0000000e+00 
1.4004542e-02 4.9283165e-02 0.0000000e+00 
1.8120907e-02 6.1645687e-02 0.0000000e+00 
3.3347052e-02 1.0492122e-01 0.0000000e+00 
8.8892747e-03 3.2872468e-02 0.0000000e+00 
1.8574749e-03 6.1561926e-03 0.0000000e+00 
4.7527682e-02 1.5500246e-01 0.0000000e+00 
2.5169831e-02 8.2155585e-02 0.0000000e+00 
4.5764185e-02 1.4644040e-01 0.0000000e+00 
3.5880428e-02 1.1288483e-01 0.0000000e+00 
0.0000000e+00 0.0000000e+00 0.0000000e+00 
1.0061539e-02 3.7915986e-02 0.0000000e+00 
2.2312684e-02 7.4956670e-02 0.0000000e+00 
1.1683070e-03 3.8069135e-03 0.0000000e+00 
4.3438535e-02 1.3790219e-01 0.0000000e+00 
1.5045176e-04 -5.9356378e-05 0.0000000e+00 
3.8290720e-02 1.2103697e-01 0.0000000e+00 
1.5267386e-02 5.5109814e-02 0.0000000e+00 
1.9422496e-02 6.7967065e-02 0.0000000e+00 
1.1246642e-02 4.3232568e-02 0.0000000e+00 
4.0565226e-02 1.2938420e-01 0.0000000e+00 
6.0395274e-04 1.9186656e-03 0.0000000e+00 
4.7342438e-02 1.5528584e-01 0.0000000e+00 
4.3992377e-03 1.8978642e-02 0.0000000e+00 
3.4722891e-03 1.5128930e-02 0.0000000e+00 
5.3813960e-03 2.3150899e-02 0.0000000e+00 
2.9305147e-02 9.6833259e-02 0.0000000e+00 
4.5294981e-02 1.4659342e-01 0.0000000e+00 
3.2033447e-02 1.0466035e-01 0.0000000e+00 
2.6126849e-03 1.1621764e-02 0.0000000e+00 
2.6494514e-02 8.9202635e-02 0.0000000e+00 
6.4076362e-03 2.7629519e-02 0.0000000e+00 
-3.0867137e-05 -3.6256551e-04 0.0000000e+00 
3.4662079e-02 1.1268197e-01 0.0000000e+00 
1.6519831e-02 6.1199449e-02 0.0000000e+00 
1.2437064e-02 4.8817772e-02 0.0000000e+00 
2.3619959e-02 8.1773482e-02 0.0000000e+00 
1.8336124e-03 8.4814578e-03 0.0000000e+00 
4.2694643e-02 1.3793774e-01 0.0000000e+00 
7.4677896e-03 3.2401707e-02 0.0000000e+00 
1.8326244e-04 5.3722411e-04 0.0000000e+00 
3.7175283e-02 1.2089966e-01 0.0000000e+00 
2.0700630e-02 7.4553616e-02 0.0000000e+00 
1.1493571e-03 5.7371985e-03 0.0000000e+00 
8.5525885e-03 3.7457660e-02 0.0000000e+00 
4.7000352e-02 1.5552872e-01 0.0000000e+00 
4.8781257e-02 1.6440821e-01 0.0000000e+00 
3.9559517e-02 1.2931886e-01 0.0000000e+00 
1.3625969e-02 5.4669235e-02 0.0000000e+00 
4.4673946e-02 1.4671403e-01 0.0000000e+00 
1.7756248e-02 6.7553550e-02 0.0000000e+00 
5.7536241e-04 3.4236594e-03 0.0000000e+00 
0.0000000e+00 0.0000000e+00 0.0000000e+00 
9.6535990e-03 4.2790238e-02 0.0000000e+00 
-7.3154602e-05 -2.8459268e-04 0.0000000e+00 
2.7778657e-02 9.6529849e-02 0.0000000e+00 
3.0590443e-02 1.0440087e-01 0.0000000e+00 
2.4892565e-02 8.8864379e-02 0.0000000e+00 
3.3310462e-02 1.1247488e-01 0.0000000e+00 
4.1804235e-02 1.3794941e-01 0.0000000e+00 
3.1821690e-03 1.8554348e-02 0.0000000e+00 
2.1950504e-02 8.1410028e-02 0.0000000e+00 
4.0597846e-03 2.2725029e-02 0.0000000e+00 
2.3640411e-03 1.4710852e-02 0.0000000e+00 
1.4807113e-02 6.0786460e-02 0.0000000e+00 
3.5922568e-02 1.2075259e-01 0.0000000e+00 
1.2832730e-04 1.5816730e-03 0.0000000e+00 
1.0763151e-02 4.8394669e-02 0.0000000e+00 
4.9857255e-03 2.7206304e-02 0.0000000e+00 
4.8563566e-02 1.6473837e-01 0.0000000e+00 
1.6174691e-03 1.1215016e-02 0.0000000e+00 
4.6503264e-02 1.5573509e-01 0.0000000e+00 
1.8971421e-02 7.4175104e-02 0.0000000e+00 
5.9497133e-03 3.1985030e-02 0.0000000e+00 
3.8412515e-02 1.2923840e-01 0.0000000e+00 
4.3902718e-02 1.4680602e-01 0.0000000e+00 
9.5543853e-04 8.0917524e-03 0.0000000e+00 
-1.4262724e-04 -4.8641834e-04 0.0000000e+00 
6.9423243e-03 3.7051097e-02 0.0000000e+00 
-1.7363312e-04 2.5893401e-04 0.0000000e+00 
1.1874251e-02 5.4268293e-02 0.0000000e+00 
1.5974760e-02 6.7170627e-02 0.0000000e+00 
3.9186567e-04 5.3710062e-03 0.0000000e+00 
2.9018210e-02 1.0414609e-01 0.0000000e+00 
4.0768676e-02 1.3794084e-01 0.0000000e+00 
2.6126212e-02 9.6236780e-02 0.0000000e+00 
3.1826060e-02 1.1226691e-01 0.0000000e+00 
2.3167562e-02 8.8542201e-02 0.0000000e+00 
7.9549411e-03 4.2397086e-02 0.0000000e+00 
4.8188601e-02 1.6502869e-01 0.0000000e+00 
3.4533348e-02 1.2059914e-01 0.0000000e+00 
4.5852896e-02 1.5590869e-01 0.0000000e+00 
2.0160461e-02 8.1068471e-02 0.0000000e+00 
-5.8368103e-05 3.0884545e-03 0.0000000e+00 
1.2980510e-02 6.0410339e-02 0.0000000e+00 
0.0000000e+00 0.0000000e+00 0.0000000e+00 
4.2982798e-02 1.4687307e-01 0.0000000e+00 
3.7125241e-02 1.2914625e-01 0.0000000e+00 
-3.1072096e-04 -4.8930588e-04 0.0000000e+00 
8.9796940e-03 4.8017967e-02 0.0000000e+00 
1.8809215e-03 1.8194925e-02 0.0000000e+00 
2.6478332e-03 2.2362739e-02 0.0000000e+00 
1.7123586e-02 7.3824450e-02 0.0000000e+00 
1.1784137e-03 1.4358132e-02 0.0000000e+00 
3.4679179e-03 2.6844768e-02 0.0000000e+00 
-3.7933097e-04 1.2862824e-03 0.0000000e+00 
5.5232382e-04 1.0873103e-02 0.0000000e+00 
4.3307445e-03 3.1627670e-02 0.0000000e+00 
3.9589174e-02 1.3791554e-01 0.0000000e+00 
4.7658078e-02 1.6528286e-01 0.0000000e+00 
2.7316742e-02 1.0389917e-01 0.0000000e+00 
2.4347436e-02 9.5957212e-02 0.0000000e+00 
3.0209210e-02 1.1206125e-01 0.0000000e+00 
4.9742267e-02 1.7462824e-01 0.0000000e+00 
1.0009397e-02 5.3910837e-02 0.0000000e+00 
4.5050830e-02 1.5605316e-01 0.0000000e+00 
1.4076046e-02 6.6821724e-02 0.0000000e+00 
1.5418171e-05 7.7650915e-03 0.0000000e+00 
5.2266805e-03 3.6701147e-02 0.0000000e+00 
2.1318730e-02 8.8239245e-02 0.0000000e+00 
3.3008244e-02 1.2044260e-01 0.0000000e+00 
-2.6104104e-04 -5.9962162e-04 0.0000000e+00 
4.1915555e-02 1.4691867e-01 0.0000000e+00 
1.8248605e-02 8.0751985e-02 0.0000000e+00 
6.1468687e-03 4.2057600e-02 0.0000000e+00 
-5.5385922e-04 1.4029642e-05 0.0000000e+00 
3.5698570e-02 1.2904572e-01 0.0000000e+00 
-4.1881530e-04 5.0645387e-03 0.0000000e+00 
1.1037465e-02 6.0074691e-02 0.0000000e+00 
4.6973605e-02 1.6550440e-01 0.0000000e+00 
1.5155408e-02 7.3504902e-02 0.0000000e+00 
3.8266823e-02 1.3787682e-01 0.0000000e+00 
4.9327429e-02 1.7495938e-01 0.0000000e+00 
7.0831906e-03 4.7691815e-02 0.0000000e+00 
-7.3617266e-04 2.8078596e-03 0.0000000e+00 
4.4098523e-02 1.5617198e-01 0.0000000e+00 
1.1402080e-03 2.2070384e-02 0.0000000e+00 
4.9005199e-04 1.7907195e-02 0.0000000e+00 
2.5485864e-02 1.0366317e-01 0.0000000e+00 
2.8460069e-02 1.1186101e-01 0.0000000e+00 
1.8490697e-03 2.6550781e-02 0.0000000e+00 
2.2441769e-02 9.5694177e-02 0.0000000e+00 
0.0000000e+00 0.0000000e+00 0.0000000e+00 
-9.0044807e-05 1.4078027e-02 0.0000000e+00 
-5.6321983e-04 -6.7054422e-04 0.0000000e+00 
3.1347726e-02 1.2028608e-01 0.0000000e+00 
2.6059884e-03 3.1335026e-02 0.0000000e+00 
4.0702220e-02 1.4694618e-01 0.0000000e+00 
1.2057842e-02 6.6510230e-02 0.0000000e+00 
1.9345084e-02 8.7958559e-02 0.0000000e+00 
8.0282083e-03 5.3600710e-02 0.0000000e+00 
-5.8808690e-04 1.0603623e-02 0.0000000e+00 
3.4133226e-02 1.2894003e-01 0.0000000e+00 
-9.2167145e-04 1.0383725e-03 0.0000000e+00 
3.4010548e-03 3.6412764e-02 0.0000000e+00 
1.6213484e-02 8.0463685e-02 0.0000000e+00 
4.8757367e-02 1.7525522e-01 0.0000000e+00 
4.6136655e-02 1.6569670e-01 0.0000000e+00 
-9.9152210e-04 7.5092823e-03 0.0000000e+00 
4.2251060e-03 4.1776322e-02 0.0000000e+00 
3.6802549e-02 1.3782795e-01 0.0000000e+00 
4.2997301e-02 1.5626845e-01 0.0000000e+00 
8.9751016e-03 5.9783094e-02 0.0000000e+00 
-3.8654794e-04 -7.0066686e-04 0.0000000e+00 
1.3064911e-02 7.3219672e-02 0.0000000e+00 
-1.2873330e-03 4.8255967e-03 0.0000000e+00 
-9.5935399e-04 -1.9265249e-04 0.0000000e+00 
2.6578644e-02 1.1166916e-01 0.0000000e+00 
2.3525223e-02 1.0344105e-01 0.0000000e+00 
5.0697066e-03 4.7420386e-02 0.0000000e+00 
3.9343897e-02 1.4695883e-01 0.0000000e+00 
2.9552110e-02 1.2013263e-01 0.0000000e+00 
2.0408465e-02 9.5450632e-02 0.0000000e+00 
3.2429796e-02 1.2883221e-01 0.0000000e+00 
1.7245430e-02 8.7703131e-02 0.0000000e+00 
4.8033502e-02 1.7551903e-01 0.0000000e+00 
-4.6924397e-04 2.1854673e-02 0.0000000e+00 
1.2329922e-04 2.6330480e-02 0.0000000e+00 
9.9175908e-03 6.6239476e-02 0.0000000e+00 
4.5148589e-02 1.6586302e-01 0.0000000e+00 
-9.9678291e-04 1.7698457e-02 0.0000000e+00 
-1.4621021e-03 2.5893729e-03 0.0000000e+00 
5.0413940e-02 1.8533887e-01 0.0000000e+00 
5.9271106e-03 5.3341754e-02 0.0000000e+00 
7.6989271e-04 3.1112678e-02 0.0000000e+00 
-1.4477593e-03 1.3878399e-02 0.0000000e+00 
4.1748375e-02 1.5634581e-01 0.0000000e+00 
3.5197169e-02 1.3777198e-01 0.0000000e+00 
1.4053411e-02 8.0206595e-02 0.0000000e+00 
1.4602642e-03 3.6191020e-02 0.0000000e+00 
-8.3186530e-04 -8.2487171e-04 0.0000000e+00 
0.0000000e+00 0.0000000e+00 0.0000000e+00 
-1.8101286e-03 1.0414938e-02 0.0000000e+00 
-1.5019932e-03 8.4475498e-04 0.0000000e+00 
2.1848613e-03 4.1557863e-02 0.0000000e+00 
6.7902026e-03 5.9539091e-02 0.0000000e+00 
3.7841562e-02 1.4695971e-01 0.0000000e+00 
1.0849858e-02 7.2971873e-02 0.0000000e+00 
2.4564771e-02 1.1148860e-01 0.0000000e+00 
-2.0715140e-03 7.3330440e-03 0.0000000e+00 
2.1434287e-02 1.0323566e-01 0.0000000e+00 
2.7621552e-02 1.1998514e-01 0.0000000e+00 
4.7157150e-02 1.7575392e-01 0.0000000e+00 
1.8246572e-02 9.5229425e-02 0.0000000e+00 
4.9797814e-02 1.8566982e-01 0.0000000e+00 
4.4010647e-02 1.6600648e-01 0.0000000e+00 
3.0588716e-02 1.2872519e-01 0.0000000e+00 
2.9348573e-03 4.7207877e-02 0.0000000e+00 
1.5018358e-02 8.7475844e-02 0.0000000e+00 
-2.2193806e-03 4.6630343e-03 0.0000000e+00 
4.0352825e-02 1.5640712e-01 0.0000000e+00 
-5.1969703e-04 -7.8779459e-04 0.0000000e+00 
3.3451349e-02 1.3771187e-01 0.0000000e+00 
7.6524336e-03 6.6012748e-02 0.0000000e+00 
-1.3925520e-03 -3.5544089e-04 0.0000000e+00 
3.7021257e-03 5.3137790e-02 0.0000000e+00 
-2.1876122e-03 2.1722684e-02 0.0000000e+00 
-1.7161031e-03 2.6190246e-02 0.0000000e+00 
1.1766459e-02 7.9983674e-02 0.0000000e+00 
-2.5869750e-03 1.7576512e-02 0.0000000e+00 
-1.1838214e-03 3.0966377e-02 0.0000000e+00 
3.6196060e-02 1.4695179e-01 0.0000000e+00 
4.6129514e-02 1.7596291e-01 0.0000000e+00 
-2.2411875e-03 2.4416468e-03 0.0000000e+00 
4.9028877e-02 1.8596978e-01 0.0000000e+00 
-2.9023108e-03 1.3767776e-02 0.0000000e+00 
-6.0151005e-04 3.6041081e-02 0.0000000e+00 
4.2723965e-02 1.6613010e-01 0.0000000e+00 
2.2418125e-02 1.1132207e-01 0.0000000e+00 
2.5556067e-02 1.1984640e-01 0.0000000e+00 
1.9212347e-02 1.0304976e-01 0.0000000e+00 
8.5077388e-03 7.2764575e-02 0.0000000e+00 
4.4791978e-03 5.9346180e-02 0.0000000e+00 
-3.1214163e-03 1.0316259e-02 0.0000000e+00 
2.0791371e-05 4.1406870e-02 0.0000000e+00 
2.8610287e-02 1.2862182e-01 0.0000000e+00 
1.5954955e-02 9.5033333e-02 0.0000000e+00 
-1.1181909e-03 -9.4822299e-04 0.0000000e+00 
3.8811624e-02 1.5645532e-01 0.0000000e+00 
0.0000000e+00 0.0000000e+00 0.0000000e+00 
3.1565618e-02 1.3765049e-01 0.0000000e+00 
-2.1244467e-03 7.1341801e-04 0.0000000e+00 
1.2662246e-02 8.7279484e-02 0.0000000e+00 
6.7377556e-04 4.7058467e-02 0.0000000e+00 
-3.2320030e-03 7.2461534e-03 0.0000000e+00 
4.8108220e-02 1.8624157e-01 0.0000000e+00 
4.4951696e-02 1.7614889e-01 0.0000000e+00 
5.2591981e-03 6.5833271e-02 0.0000000e+00 
3.4408115e-02 1.4693795e-01 0.0000000e+00 
9.3504600e-03 7.9797782e-02 0.0000000e+00 
4.1289557e-02 1.6623679e-01 0.0000000e+00 
5.0774425e-02 1.9654316e-01 0.0000000e+00 
1.3488602e-03 5.2992608e-02 0.0000000e+00 
-3.2219803e-03 4.5869648e-03 0.0000000e+00 
2.0138215e-02 1.1117224e-01 0.0000000e+00 
2.3355512e-02 1.1971909e-01 0.0000000e+00 
-3.6767749e-03 2.6136698e-02 0.0000000e+00 
-6.6118268e-04 -8.5891620e-04 0.0000000e+00 
-4.0230560e-03 2.1681847e-02 0.0000000e+00 
1.6858518e-02 1.0288600e-01 0.0000000e+00 
-3.2622330e-03 3.0902006e-02 0.0000000e+00 
-1.8565501e-03 -4.6758458e-04 0.0000000e+00 
2.6494663e-02 1.2852478e-01 0.0000000e+00 
3.7125617e-02 1.5649328e-01 0.0000000e+00 
-4.2891372e-03 1.7549673e-02 0.0000000e+00 
-2.7907740e-03 3.5968184e-02 0.0000000e+00 
6.0357717e-03 7.2600767e-02 0.0000000e+00 
1.3532278e-02 9.4865009e-02 0.0000000e+00 
2.0381531e-03 5.9207808e-02 0.0000000e+00 
2.9540390e-02 1.3759057e-01 0.0000000e+00 
-4.4626566e-03 1.3755400e-02 0.0000000e+00 
-3.0797352e-03 2.3747568e-03 0.0000000e+00 
4.7036845e-02 1.8648791e-01 0.0000000e+00 
-2.2730380e-03 4.1328002e-02 0.0000000e+00 
4.3624714e-02 1.7631467e-01 0.0000000e+00 
1.0175254e-02 8.7116763e-02 0.0000000e+00 
4.9954496e-02 1.9687283e-01 0.0000000e+00 
-4.5310864e-03 1.0317748e-02 0.0000000e+00 
3.2478325e-02 1.4692092e-01 0.0000000e+00 
3.9708346e-02 1.6632934e-01 0.0000000e+00 
-1.7189106e-03 4.6976335e-02 0.0000000e+00 
2.7343964e-03 6.5704197e-02 0.0000000e+00 
-1.4241616e-03 -1.0357026e-03 0.0000000e+00 
6.8030027e-03 7.9651706e-02 0.0000000e+00 
0.0000000e+00 0.0000000e+00 0.0000000e+00 
-4.4820742e-03 7.2596073e-03 0.0000000e+00 
-2.7943165e-03 6.5384730e-04 0.0000000e+00 
2.1019595e-02 1.1960579e-01 0.0000000e+00 
3.5295546e-02 1.5652372e-01 0.0000000e+00 
1.7724391e-02 1.1104167e-01 0.0000000e+00 
-1.1375152e-03 5.2909955e-02 0.0000000e+00 
2.4241867e-02 1.2843668e-01 0.0000000e+00 
1.4371736e-02 1.0274693e-01 0.0000000e+00 
4.5815665e-02 1.8671151e-01 0.0000000e+00 
4.2149473e-02 1.7646298e-01 0.0000000e+00 
2.7375940e-02 1.3753472e-01 0.0000000e+00 
4.8984401e-02 1.9717549e-01 0.0000000e+00 
1.0977011e-02 9.4727017e-02 0.0000000e+00 
-5.7673897e-03 2.6176667e-02 0.0000000e+00 
3.4308941e-03 7.2483346e-02 0.0000000e+00 
-4.3038586e-03 4.6090065e-03 0.0000000e+00 
-5.4732990e-03 3.0925559e-02 0.0000000e+00 
-5.9849522e-03 2.1739937e-02 0.0000000e+00 
3.7981149e-02 1.6641048e-01 0.0000000e+00 
-5.3723855e-04 5.9127361e-02 0.0000000e+00 
-5.1147752e-03 3.5977598e-02 0.0000000e+00 
3.0407174e-02 1.4690335e-01 0.0000000e+00 
-6.1133020e-03 1.7626772e-02 0.0000000e+00 
7.5553250e-03 8.6990297e-02 0.0000000e+00 
-8.1189629e-04 -9.1150380e-04 0.0000000e+00 
-2.3553444e-03 -5.2091916e-04 0.0000000e+00 
-4.7031865e-03 4.1325919e-02 0.0000000e+00 
-6.1393906e-03 1.3851255e-02 0.0000000e+00 
3.3322040e-02 1.5654930e-01 0.0000000e+00 
-3.9857314e-03 2.4005405e-03 0.0000000e+00 
4.4445518e-02 1.8691489e-01 0.0000000e+00 
-4.2491029e-03 4.6965595e-02 0.0000000e+00 
7.4217060e-05 6.5628596e-02 0.0000000e+00 
1.8547878e-02 1.1950898e-01 0.0000000e+00 
4.7864877e-02 1.9745359e-01 0.0000000e+00 
4.1214321e-03 7.9548135e-02 0.0000000e+00 
1.5175844e-02 1.1093281e-01 0.0000000e+00 
2.1851780e-02 1.2836005e-01 0.0000000e+00 
-6.0501345e-03 1.0430600e-02 0.0000000e+00 
4.0526796e-02 1.7659642e-01 0.0000000e+00 
1.1750765e-02 1.0263500e-01 0.0000000e+00 
2.5072426e-02 1.3748549e-01 0.0000000e+00 
5.0803225e-02 2.0824313e-01 0.0000000e+00 
-3.7622775e-03 5.2893497e-02 0.0000000e+00 
3.6108676e-02 1.6648278e-01 0.0000000e+00 
8.2874345e-03 9.4621837e-02 0.0000000e+00 
-1.7523363e-03 -1.0813021e-03 0.0000000e+00 
2.8195035e-02 1.4688778e-01 0.0000000e+00 
-5.8328705e-03 7.3857866e-03 0.0000000e+00 
6.8976445e-04 7.2415121e-02 0.0000000e+00 
-3.5184210e-03 6.7744881e-04 0.0000000e+00 
0.0000000e+00 0.0000000e+00 0.0000000e+00 
-3.2516662e-03 5.9108116e-02 0.0000000e+00 
4.8001865e-03 8.6902604e-02 0.0000000e+00 
-7.9977689e-03 2.6317125e-02 0.0000000e+00 
-7.8259287e-03 3.1043088e-02 0.0000000e+00 
4.2927161e-02 1.8710057e-01 0.0000000e+00 
4.6596602e-02 1.9770950e-01 0.0000000e+00 
3.1205632e-02 1.5657257e-01 0.0000000e+00 
-8.0840541e-03 2.1905012e-02 0.0000000e+00 
-7.5815516e-03 3.6074590e-02 0.0000000e+00 
3.8757425e-02 1.7671753e-01 0.0000000e+00 
-5.4759430e-03 4.7425600e-03 0.0000000e+00 
4.9778484e-02 2.0857048e-01 0.0000000e+00 
-8.0711478e-03 1.7817115e-02 0.0000000e+00 
-7.2768703e-03 4.1405208e-02 0.0000000e+00 
1.5939785e-02 1.1943101e-01 0.0000000e+00 
1.9324157e-02 1.2829724e-01 0.0000000e+00 
1.2491604e-02 1.1084802e-01 0.0000000e+00 
1.3028485e-03 7.9489663e-02 0.0000000e+00 
2.2629876e-02 1.3744529e-01 0.0000000e+00 
-2.7254764e-03 6.5609433e-02 0.0000000e+00 
3.4091562e-02 1.6654876e-01 0.0000000e+00 
-7.9450542e-03 1.4066068e-02 0.0000000e+00 
8.9941956e-03 1.0255255e-01 0.0000000e+00 
-6.9232495e-03 4.7030289e-02 0.0000000e+00 
-2.8941797e-03 -5.0540362e-04 0.0000000e+00 
-9.7300229e-04 -9.4243162e-04 0.0000000e+00 
2.5842164e-02 1.4687665e-01 0.0000000e+00 
5.4616332e-03 9.4551831e-02 0.0000000e+00 
-4.9694008e-03 2.5330167e-03 0.0000000e+00 
4.5180194e-02 1.9794558e-01 0.0000000e+00 
-6.5311613e-03 5.2946802e-02 0.0000000e+00 
-7.6918243e-03 1.0667105e-02 0.0000000e+00 
4.1261282e-02 1.8727101e-01 0.0000000e+00 
4.8606306e-02 2.0887448e-01 0.0000000e+00 
2.8946744e-02 1.5659592e-01 0.0000000e+00 
-2.1912379e-03 7.2398797e-02 0.0000000e+00 
3.6842015e-02 1.7682880e-01 0.0000000e+00 
1.9073545e-03 8.6856075e-02 0.0000000e+00 
-6.1102025e-03 5.9153255e-02 0.0000000e+00 
-7.2981264e-03 7.6386221e-03 0.0000000e+00 
1.3194595e-02 1.1937416e-01 0.0000000e+00 
1.6658625e-02 1.2825057e-01 0.0000000e+00 
-2.1061162e-03 -1.0774888e-03 0.0000000e+00 
3.1930331e-02 1.6661087e-01 0.0000000e+00 
-1.0330059e-02 3.1260621e-02 0.0000000e+00 
9.6705565e-03 1.1078952e-01 0.0000000e+00 
-1.0378994e-02 2.6565118e-02 0.0000000e+00 
2.0048209e-02 1.3741641e-01 0.0000000e+00 
-4.3056915e-03 7.9811033e-04 0.0000000e+00 
-1.0199979e-02 3.6264341e-02 0.0000000e+00 
0.0000000e+00 0.0000000e+00 0.0000000e+00 
-1.0332665e-02 2.2185333e-02 0.0000000e+00 
6.1004520e-03 1.0250184e-01 0.0000000e+00 
-1.0001990e-02 4.1570365e-02 0.0000000e+00 
4.3616217e-02 1.9816411e-01 0.0000000e+00 
-1.6558872e-03 7.9478763e-02 0.0000000e+00 
2.3348713e-02 1.4687228e-01 0.0000000e+00 
3.9448500e-02 1.8742853e-01 0.0000000e+00 
-5.6691449e-03 6.5649562e-02 0.0000000e+00 
4.7287099e-02 2.0915726e-01 0.0000000e+00 
-1.0176247e-02 1.8130418e-02 0.0000000e+00 
-6.7520281e-03 5.0031217e-03 0.0000000e+00 
-9.7483592e-03 4.7174316e-02 0.0000000e+00 
2.4975115e-03 9.4519250e-02 0.0000000e+00 
3.4781143e-02 1.7693257e-01 0.0000000e+00 
2.6545713e-02 1.5662174e-01 0.0000000e+00 
5.0481178e-02 2.2043994e-01 0.0000000e+00 
-9.8944912e-03 1.4411259e-02 0.0000000e+00 
-9.4503621e-03 5.3073291e-02 0.0000000e+00 
-3.4800749e-03 -4.0846749e-04 0.0000000e+00 
-5.2160081e-03 7.2436936e-02 0.0000000e+00 
-1.1460554e-03 -9.4773964e-04 0.0000000e+00 
-1.1258638e-03 8.6853012e-02 0.0000000e+00 
2.9625446e-02 1.6667143e-01 0.0000000e+00 
1.3854685e-02 1.2822220e-01 0.0000000e+00 
1.0311451e-02 1.1934059e-01 0.0000000e+00 
-9.4721885e-03 1.1040661e-02 0.0000000e+00 
-6.0439934e-03 2.7888976e-03 0.0000000e+00 
4.1905172e-02 1.9836727e-01 0.0000000e+00 
1.7327230e-02 1.3740109e-01 0.0000000e+00 
4.5821212e-02 2.0942089e-01 0.0000000e+00 
-9.1183009e-03 5.9265804e-02 0.0000000e+00 
6.7114304e-03 1.1075948e-01 0.0000000e+00 
3.7489366e-02 1.8757546e-01 0.0000000e+00 
2.0714737e-02 1.4687693e-01 0.0000000e+00 
3.0677931e-03 1.0248499e-01 0.0000000e+00 
4.9251940e-02 2.2076400e-01 0.0000000e+00 
3.2575320e-02 1.7703114e-01 0.0000000e+00 
-4.7581489e-03 7.9517789e-02 0.0000000e+00 
-1.2996715e-02 3.1584065e-02 0.0000000e+00 
-8.8948458e-03 8.0337161e-03 0.0000000e+00 
-1.2979802e-02 3.6551878e-02 0.0000000e+00 
-1.2923515e-02 2.6927637e-02 0.0000000e+00 
2.4002776e-02 1.5665227e-01 0.0000000e+00 
-8.7615661e-03 6.5751679e-02 0.0000000e+00 
-1.2887144e-02 4.1825689e-02 0.0000000e+00 
-1.2744809e-02 2.2589227e-02 0.0000000e+00 
-6.0721015e-04 9.4526246e-02 0.0000000e+00 
-2.4901291e-03 -1.0145968e-03 0.0000000e+00 
-5.1680226e-03 1.0329465e-03 0.0000000e+00 
-1.2732004e-02 4.7401402e-02 0.0000000e+00 
-1.2444331e-02 1.8576652e-02 0.0000000e+00 
4.0047523e-02 1.9855726e-01 0.0000000e+00 
2.7177269e-02 1.6673268e-01 0.0000000e+00 
0.0000000e+00 0.0000000e+00 0.0000000e+00 
4.4208974e-02 2.0966740e-01 0.0000000e+00 
3.5384376e-02 1.8771398e-01 0.0000000e+00 
-8.1496630e-03 5.4086014e-03 0.0000000e+00 
1.0911719e-02 1.2821423e-01 0.0000000e+00 
-1.2526532e-02 5.3276222e-02 0.0000000e+00 
-8.3887083e-03 7.2531998e-02 0.0000000e+00 
7.2893710e-03 1.1933234e-01 0.0000000e+00 
1.4466635e-02 1.3740145e-01 0.0000000e+00 
4.7878005e-02 2.2106805e-01 0.0000000e+00 
-4.3023615e-03 8.6895600e-02 0.0000000e+00 
-1.2005249e-02 1.4898821e-02 0.0000000e+00 
3.6128163e-03 1.1075991e-01 0.0000000e+00 
1.7940188e-02 1.4689274e-01 0.0000000e+00 
3.0224979e-02 1.7712677e-01 0.0000000e+00 
-1.2281790e-02 5.9448626e-02 0.0000000e+00 
-1.0567795e-04 1.0250403e-01 0.0000000e+00 
2.1318089e-02 1.5668969e-01 0.0000000e+00 
-4.1226321e-03 -2.1407691e-04 0.0000000e+00 
-1.1410622e-02 1.1565701e-02 0.0000000e+00 
-1.3331868e-03 -9.2226913e-04 0.0000000e+00 
-8.0075366e-03 7.9608969e-02 0.0000000e+00 
-7.2268839e-03 3.1881961e-03 0.0000000e+00 
4.2450666e-02 2.0989878e-01 0.0000000e+00 
3.8043678e-02 1.9873619e-01 0.0000000e+00 
2.4586100e-02 1.6679680e-01 0.0000000e+00 
-1.2007828e-02 6.5918334e-02 0.0000000e+00 
-3.8549837e-03 9.4574846e-02 0.0000000e+00 
4.6359438e-02 2.2135396e-01 0.0000000e+00 
-1.5838057e-02 3.2019079e-02 0.0000000e+00 
-1.5931653e-02 3.6941968e-02 0.0000000e+00 
3.3133969e-02 1.8784630e-01 0.0000000e+00 
-1.5645241e-02 2.7411465e-02 0.0000000e+00 
-1.5941625e-02 4.2175241e-02 0.0000000e+00 
-1.0644153e-02 8.5883951e-03 0.0000000e+00 
7.8289974e-03 1.2822863e-01 0.0000000e+00 
1.1466015e-02 1.3741949e-01 0.0000000e+00 
-1.5336384e-02 2.3124902e-02 0.0000000e+00 
-1.5882308e-02 4.7715034e-02 0.0000000e+00 
4.1272431e-03 1.1935136e-01 0.0000000e+00 
4.9790379e-02 2.3313412e-01 0.0000000e+00 
1.5024925e-02 1.4692175e-01 0.0000000e+00 
2.7730500e-02 1.7722155e-01 0.0000000e+00 
-7.6252250e-03 8.6985871e-02 0.0000000e+00 
-1.1713756e-02 7.2686248e-02 0.0000000e+00 
3.7316699e-04 1.1079276e-01 0.0000000e+00 
-2.9108513e-03 -8.7989448e-04 0.0000000e+00 
-1.5766764e-02 5.3558607e-02 0.0000000e+00 
-6.1215386e-03 1.4032818e-03 0.0000000e+00 
-1.4893564e-02 1.9165831e-02 0.0000000e+00 
1.8491723e-02 1.5673605e-01 0.0000000e+00 
4.0546551e-02 2.1011703e-01 0.0000000e+00 
3.5894014e-02 1.9890612e-01 0.0000000e+00 
-3.4220081e-03 1.0256087e-01 0.0000000e+00 
4.4696279e-02 2.2162350e-01 0.0000000e+00 
0.0000000e+00 0.0000000e+00 0.0000000e+00 
-9.6913297e-03 5.9795994e-03 0.0000000e+00 
-1.5606855e-02 5.9704367e-02 0.0000000e+00 
-1.4298016e-02 1.5541072e-02 0.0000000e+00 
2.1852164e-02 1.6686587e-01 0.0000000e+00 
3.0738538e-02 1.8797448e-01 0.0000000e+00 
-1.1407863e-02 7.9754375e-02 0.0000000e+00 
4.8358150e-02 2.3345396e-01 0.0000000e+00 
-7.2484254e-03 9.4666950e-02 0.0000000e+00 
-1.5413305e-02 6.6151872e-02 0.0000000e+00 
8.3248643e-03 1.3745715e-01 0.0000000e+00 
4.6056807e-03 1.2826729e-01 0.0000000e+00 
-1.3530561e-02 1.2257474e-02 0.0000000e+00 
2.5092196e-02 1.7731760e-01 0.0000000e+00 
-4.8353206e-03 9.8616416e-05 0.0000000e+00 
1.1968720e-02 1.4696594e-01 0.0000000e+00 
8.2383858e-04 1.1939950e-01 0.0000000e+00 
-1.9067042e-02 3.7438985e-02 0.0000000e+00 
3.8496871e-02 2.1032405e-01 0.0000000e+00 
-8.5411351e-03 3.7549031e-03 0.0000000e+00 
-1.5374136e-03 -8.5907686e-04 0.0000000e+00 
-1.8867394e-02 3.2570902e-02 0.0000000e+00 
-1.9175414e-02 4.2622715e-02 0.0000000e+00 
4.2888574e-02 2.2187844e-01 0.0000000e+00 
3.3598863e-02 1.9906907e-01 0.0000000e+00 
1.5523673e-02 1.5679336e-01 0.0000000e+00 
-1.8559592e-02 2.8022954e-02 0.0000000e+00 
-3.0091947e-03 1.1085980e-01 0.0000000e+00 
-1.1097720e-02 8.7125741e-02 0.0000000e+00 
-1.9207925e-02 4.8118375e-02 0.0000000e+00 
-1.5195808e-02 7.2901808e-02 0.0000000e+00 
4.6783861e-02 2.3375690e-01 0.0000000e+00 
-1.8125298e-02 2.3800161e-02 0.0000000e+00 
2.8198423e-02 1.8810056e-01 0.0000000e+00 
-1.2572335e-02 9.3215881e-03 0.0000000e+00 
1.8975616e-02 1.6694190e-01 0.0000000e+00 
-1.9178571e-02 5.3923193e-02 0.0000000e+00 
-6.8833856e-03 1.0265729e-01 0.0000000e+00 
-1.7544778e-02 1.9907672e-02 0.0000000e+00 
-1.9100009e-02 6.0035434e-02 0.0000000e+00 
-7.1885101e-03 1.9359177e-03 0.0000000e+00 
-1.4963140e-02 7.9955921e-02 0.0000000e+00 
2.2310328e-02 1.7741689e-01 0.0000000e+00 
-3.3776504e-03 -6.5611576e-04 0.0000000e+00 
3.6301829e-02 2.1052174e-01 0.0000000e+00 
-1.0790304e-02 9.4804324e-02 0.0000000e+00 
4.0936343e-02 2.2212054e-01 0.0000000e+00 
5.0425855e-03 1.3751622e-01 0.0000000e+00 
1.2408262e-03 1.2833197e-01 0.0000000e+00 
8.7712640e-03 1.4702713e-01 0.0000000e+00 
3.1158531e-02 1.9922701e-01 0.0000000e+00 
-1.1405997e-02 6.7395517e-03 0.0000000e+00 
-1.6797055e-02 1.6350260e-02 0.0000000e+00 
-2.6221832e-03 1.1947849e-01 0.0000000e+00 
0.0000000e+00 0.0000000e+00 0.0000000e+00 
-1.8983640e-02 6.6454433e-02 0.0000000e+00 
4.5067258e-02 2.3404446e-01 0.0000000e+00 
1.2413860e-02 1.5686347e-01 0.0000000e+00 
2.5513925e-02 1.8822652e-01 0.0000000e+00 
-6.5360675e-03 1.1096277e-01 0.0000000e+00 
1.5956553e-02 1.6702677e-01 0.0000000e+00 
-1.4723277e-02 8.7316968e-02 0.0000000e+00 
-2.2398321e-02 3.8046766e-02 0.0000000e+00 
-1.5860232e-02 1.3131606e-02 0.0000000e+00 
-2.2599114e-02 4.3171346e-02 0.0000000e+00 
4.8714109e-02 2.4632567e-01 0.0000000e+00 
-2.2099156e-02 3.3244152e-02 0.0000000e+00 
-1.8839736e-02 7.3180594e-02 0.0000000e+00 
-2.2717992e-02 4.8614189e-02 0.0000000e+00 
-1.0492128e-02 1.0279495e-01 0.0000000e+00 
-5.6375600e-03 5.5724091e-04 0.0000000e+00 
-2.1683501e-02 2.8767765e-02 0.0000000e+00 
3.8839620e-02 2.2235154e-01 0.0000000e+00 
3.3961628e-02 2.1071197e-01 0.0000000e+00 
-1.0017699e-02 4.5176432e-03 0.0000000e+00 
1.9385107e-02 1.7752133e-01 0.0000000e+00 
-2.2769837e-02 5.4372378e-02 0.0000000e+00 
-1.7631858e-03 -7.4844598e-04 0.0000000e+00 
4.3208096e-02 2.3431821e-01 0.0000000e+00 
2.8573295e-02 1.9938181e-01 0.0000000e+00 
-2.1131525e-02 2.4622051e-02 0.0000000e+00 
1.6184923e-03 1.3759843e-01 0.0000000e+00 
5.4321680e-03 1.4710711e-01 0.0000000e+00 
-2.2666026e-03 1.2842436e-01 0.0000000e+00 
-1.4712081e-02 1.0253435e-02 0.0000000e+00 
-1.8677555e-02 8.0215350e-02 0.0000000e+00 
-2.2768060e-02 6.0443934e-02 0.0000000e+00 
-1.4483530e-02 9.4988614e-02 0.0000000e+00 
9.1621382e-03 1.5694822e-01 0.0000000e+00 
-6.2122671e-03 1.1958995e-01 0.0000000e+00 
2.2685310e-02 1.8835425e-01 0.0000000e+00 
-2.0421650e-02 2.0811113e-02 0.0000000e+00 
4.7081400e-02 2.4664050e-01 0.0000000e+00 
1.2795016e-02 1.6712235e-01 0.0000000e+00 
-2.2724707e-02 6.6827886e-02 0.0000000e+00 
-1.0209360e-02 1.1110321e-01 0.0000000e+00 
3.6598422e-02 2.2257315e-01 0.0000000e+00 
-8.4002847e-03 2.6646915e-03 0.0000000e+00 
3.1476453e-02 2.1089655e-01 0.0000000e+00 
-3.9046104e-03 -3.1907507e-04 0.0000000e+00 
-1.9530576e-02 1.7337944e-02 0.0000000e+00 
-1.8505476e-02 8.7561138e-02 0.0000000e+00 
4.1206148e-02 2.3457968e-01 0.0000000e+00 
-1.3331103e-02 7.7145454e-03 0.0000000e+00 
1.6316701e-02 1.7763279e-01 0.0000000e+00 
2.5843406e-02 1.9953537e-01 0.0000000e+00 
-1.4250674e-02 1.0297540e-01 0.0000000e+00 
-2.2650599e-02 7.3524281e-02 0.0000000e+00 
0.0000000e+00 0.0000000e+00 0.0000000e+00 
-2.6223887e-02 4.3823797e-02 0.0000000e+00 
-2.5938587e-02 3.8768448e-02 0.0000000e+00 
4.5309089e-02 2.4694119e-01 0.0000000e+00 
-2.6422059e-02 4.9204770e-02 0.0000000e+00 
-2.5548799e-02 3.4042604e-02 0.0000000e+00 
-1.9481807e-03 1.3770539e-01 0.0000000e+00 
1.9509724e-03 1.4720753e-01 0.0000000e+00 
-1.8433390e-02 1.4203339e-02 0.0000000e+00 
-5.9177312e-03 1.2854600e-01 0.0000000e+00 
1.9712808e-02 1.8848559e-01 0.0000000e+00 
-2.6548758e-02 5.4908168e-02 0.0000000e+00 
5.7682991e-03 1.5704931e-01 0.0000000e+00 
-2.5035333e-02 2.9650521e-02 0.0000000e+00 
-1.8331135e-02 9.5221303e-02 0.0000000e+00 
-9.9479519e-03 1.1973540e-01 0.0000000e+00 
-2.2555452e-02 8.0534205e-02 0.0000000e+00 
3.4212779e-02 2.2278707e-01 0.0000000e+00 
-6.5581980e-03 1.1990466e-03 0.0000000e+00 
9.4909901e-03 1.6723037e-01 0.0000000e+00 
-2.6618054e-02 6.0931649e-02 0.0000000e+00 
2.8846482e-02 2.1107724e-01 0.0000000e+00 
-1.1698496e-02 5.5100978e-03 0.0000000e+00 
3.9061204e-02 2.3483042e-01 0.0000000e+00 
-2.4377052e-02 2.5596388e-02 0.0000000e+00 
-2.0173963e-03 -5.7611353e-04 0.0000000e+00 
-1.4031084e-02 1.1128261e-01 0.0000000e+00 
2.2969099e-02 1.9968948e-01 0.0000000e+00 
1.3105232e-02 1.7775303e-01 0.0000000e+00 
4.3396633e-02 2.4722905e-01 0.0000000e+00 
-1.7103847e-02 1.1404398e-02 0.0000000e+00 
-2.6642570e-02 6.7273833e-02 0.0000000e+00 
-2.3550740e-02 2.1883659e-02 0.0000000e+00 
-2.2448024e-02 8.7859698e-02 0.0000000e+00 
-1.8161565e-02 1.0320003e-01 0.0000000e+00 
1.6596621e-02 1.8862231e-01 0.0000000e+00 
-1.6728494e-03 1.4732999e-01 0.0000000e+00 
-2.6633607e-02 7.3934346e-02 0.0000000e+00 
-5.6582731e-03 1.3783862e-01 0.0000000e+00 
4.7236722e-02 2.6001430e-01 0.0000000e+00 
3.1682733e-02 2.2299497e-01 0.0000000e+00 
2.2320759e-03 1.5716837e-01 0.0000000e+00 
3.6773067e-02 2.3507199e-01 0.0000000e+00 
-9.7137652e-03 1.2869836e-01 0.0000000e+00 
-9.8017789e-03 3.6321923e-03 0.0000000e+00 
-2.2530962e-02 1.8514086e-02 0.0000000e+00 
2.6071884e-02 2.1125582e-01 0.0000000e+00 
-4.5138788e-03 1.6630432e-04 0.0000000e+00 
-3.0061318e-02 4.4582002e-02 0.0000000e+00 
-1.5514998e-02 8.9325001e-03 0.0000000e+00 
6.0444167e-03 1.6735250e-01 0.0000000e+00 
-2.9701535e-02 3.9606262e-02 0.0000000e+00 
-3.0329986e-02 4.9891833e-02 0.0000000e+00 
-1.3830864e-02 1.1991622e-01 0.0000000e+00 
4.1343529e-02 2.4750544e-01 0.0000000e+00 
-2.2336259e-02 9.5503725e-02 0.0000000e+00 
-2.9232631e-02 3.4968890e-02 0.0000000e+00 
-3.0523760e-02 5.5532102e-02 0.0000000e+00 
1.9950593e-02 1.9984587e-01 0.0000000e+00 
-2.6601292e-02 8.0913834e-02 0.0000000e+00 
0.0000000e+00 0.0000000e+00 0.0000000e+00 
9.7507909e-03 1.7788374e-01 0.0000000e+00 
-2.8634677e-02 3.0674422e-02 0.0000000e+00 
-1.8003337e-02 1.1150228e-01 0.0000000e+00 
-2.1289902e-02 1.5486280e-02 0.0000000e+00 
-3.0657219e-02 6.1499976e-02 0.0000000e+00 
4.5406871e-02 2.6032338e-01 0.0000000e+00 
2.9008323e-02 2.2319849e-01 0.0000000e+00 
3.4341577e-02 2.3530588e-01 0.0000000e+00 
-2.7885659e-02 2.6727190e-02 0.0000000e+00 
1.3336929e-02 1.8876611e-01 0.0000000e+00 
-3.0743428e-02 6.7793570e-02 0.0000000e+00 
-2.6554726e-02 8.8213891e-02 0.0000000e+00 
-7.6414272e-03 2.0749010e-03 0.0000000e+00 
-1.3640610e-02 6.7707151e-03 0.0000000e+00 
2.3152834e-02 2.1143393e-01 0.0000000e+00 
-5.4398836e-03 1.4747591e-01 0.0000000e+00 
-2.2227433e-02 1.0347012e-01 0.0000000e+00 
3.9149310e-02 2.4777168e-01 0.0000000e+00 
-9.5126918e-03 1.3799953e-01 0.0000000e+00 
-1.4468487e-03 1.5730692e-01 0.0000000e+00 
-1.3655983e-02 1.2888280e-01 0.0000000e+00 
-2.3114511e-03 -3.1992374e-04 0.0000000e+00 
-1.9797171e-02 1.2793639e-02 0.0000000e+00 
2.4551910e-03 1.6749032e-01 0.0000000e+00 
-2.6961273e-02 2.3130551e-02 0.0000000e+00 
-3.0794077e-02 7.4411988e-02 0.0000000e+00 
1.6788095e-02 2.0000625e-01 0.0000000e+00 
4.3439638e-02 2.6062080e-01 0.0000000e+00 
-1.7862702e-02 1.2013370e-01 0.0000000e+00 
6.2534334e-03 1.7802653e-01 0.0000000e+00 
-2.6502123e-02 9.5837079e-02 0.0000000e+00 
-3.4123249e-02 4.5447063e-02 0.0000000e+00 
3.1766593e-02 2.3553361e-01 0.0000000e+00 
-3.4451809e-02 5.0676435e-02 0.0000000e+00 
2.6189612e-02 2.2339924e-01 0.0000000e+00 
-3.0819628e-02 8.1355363e-02 0.0000000e+00 
-2.5834646e-02 1.9885808e-02 0.0000000e+00 
-3.3701230e-02 4.0561371e-02 0.0000000e+00 
-2.2128297e-02 1.1176345e-01 0.0000000e+00 
-3.4703400e-02 5.6245208e-02 0.0000000e+00 
3.6813550e-02 2.4802916e-01 0.0000000e+00 
-1.1458363e-02 4.8911199e-03 0.0000000e+00 
9.9338898e-03 1.8891864e-01 0.0000000e+00 
-3.3167515e-02 3.6024243e-02 0.0000000e+00 
2.0089503e-02 2.1161328e-01 0.0000000e+00 
-1.8019671e-02 1.0421183e-02 0.0000000e+00 
-5.2420148e-03 8.5278228e-04 0.0000000e+00 
-3.4892868e-02 6.2149916e-02 0.0000000e+00 
-9.3507692e-03 1.4764674e-01 0.0000000e+00 
-3.2501969e-02 3.1840824e-02 0.0000000e+00 
-5.2688392e-03 1.5746641e-01 0.0000000e+00 
4.1334234e-02 2.6090774e-01 0.0000000e+00 
-1.3512401e-02 1.3818945e-01 0.0000000e+00 
-3.0829459e-02 8.8624813e-02 0.0000000e+00 
-2.6450977e-02 1.0378679e-01 0.0000000e+00 
-3.5033546e-02 6.8388060e-02 0.0000000e+00 
-1.2768271e-03 1.6764531e-01 0.0000000e+00 
1.3481805e-02 2.0017223e-01 0.0000000e+00 
-2.4475910e-02 1.6990578e-02 0.0000000e+00 
0.0000000e+00 0.0000000e+00 0.0000000e+00 
-1.7745724e-02 1.2910055e-01 0.0000000e+00 
-3.1682447e-02 2.8016023e-02 0.0000000e+00 
2.6131880e-03 1.7818294e-01 0.0000000e+00 
2.9048000e-02 2.3575671e-01 0.0000000e+00 
2.3226680e-02 2.2359881e-01 0.0000000e+00 
-2.2045230e-02 1.2038902e-01 0.0000000e+00 
-3.5137381e-02 7.4958138e-02 0.0000000e+00 
3.4335863e-02 2.4827921e-01 0.0000000e+00 
4.5343515e-02 2.7419943e-01 0.0000000e+00 
-1.5921695e-02 8.3407853e-03 0.0000000e+00 
-8.9571374e-03 3.2544371e-03 0.0000000e+00 
-3.0832015e-02 9.6222386e-02 0.0000000e+00 
6.3876458e-03 1.8908143e-01 0.0000000e+00 
1.6882075e-02 2.1179543e-01 0.0000000e+00 
-3.0684561e-02 2.4553746e-02 0.0000000e+00 
3.9089922e-02 2.6118532e-01 0.0000000e+00 
-2.2851542e-02 1.4436295e-02 0.0000000e+00 
-2.6408195e-02 1.1206721e-01 0.0000000e+00 
-3.5215057e-02 8.1859715e-02 0.0000000e+00 
-2.6654694e-03 5.7180183e-05 0.0000000e+00 
-3.8797569e-02 5.1558912e-02 0.0000000e+00 
-3.8421541e-02 4.6419129e-02 0.0000000e+00 
-1.3406194e-02 1.4784370e-01 0.0000000e+00 
-9.2343008e-03 1.5764818e-01 0.0000000e+00 
1.0031920e-02 2.0034540e-01 0.0000000e+00 
-3.9096221e-02 5.7047941e-02 0.0000000e+00 
-3.7951808e-02 4.1633654e-02 0.0000000e+00 
-1.7658418e-02 1.3840957e-01 0.0000000e+00 
-5.1518111e-03 1.6781889e-01 0.0000000e+00 
2.6185721e-02 2.3597664e-01 0.0000000e+00 
4.3320511e-02 2.7450213e-01 0.0000000e+00 
-2.9481420e-02 2.1455824e-02 0.0000000e+00 
-3.9332308e-02 6.2882014e-02 0.0000000e+00 
3.1715911e-02 2.4852322e-01 0.0000000e+00 
-3.7370451e-02 3.7208196e-02 0.0000000e+00 
-3.0834954e-02 1.0415104e-01 0.0000000e+00 
2.0119628e-02 2.2379875e-01 0.0000000e+00 
-2.1984382e-02 1.2935273e-01 0.0000000e+00 
-1.1699402e-03 1.7835443e-01 0.0000000e+00 
-3.5276145e-02 8.9093328e-02 0.0000000e+00 
-1.3466049e-02 6.5039103e-03 0.0000000e+00 
-3.9519191e-02 6.9057912e-02 0.0000000e+00 
3.6706027e-02 2.6145470e-01 0.0000000e+00 
-2.0923255e-02 1.2204279e-02 0.0000000e+00 
-3.6657926e-02 3.3148788e-02 0.0000000e+00 
1.3530740e-02 2.1198197e-01 0.0000000e+00 
-2.6380265e-02 1.2068324e-01 0.0000000e+00 
-6.1531174e-03 1.8222411e-03 0.0000000e+00 
2.6983256e-03 1.8925598e-01 0.0000000e+00 
-3.9668888e-02 7.5573459e-02 0.0000000e+00 
-2.8043136e-02 1.8720381e-02 0.0000000e+00 
-3.5329249e-02 9.6660517e-02 0.0000000e+00 
-3.5793025e-02 2.9461309e-02 0.0000000e+00 
4.1162070e-02 2.7479541e-01 0.0000000e+00 
0.0000000e+00 0.0000000e+00 0.0000000e+00 
-3.0845314e-02 1.1241452e-01 0.0000000e+00 
6.4386372e-03 2.0052727e-01 0.0000000e+00 
2.3179721e-02 2.3619489e-01 0.0000000e+00 
2.8953403e-02 2.4876255e-01 0.0000000e+00 
-1.3343674e-02 1.5785350e-01 0.0000000e+00 
-1.7606884e-02 1.4806804e-01 0.0000000e+00 
-3.9792173e-02 8.2427561e-02 0.0000000e+00 
-9.1699623e-03 1.6801238e-01 0.0000000e+00 
1.6868580e-02 2.2400057e-01 0.0000000e+00 
-2.1951804e-02 1.3866103e-01 0.0000000e+00 
3.4181934e-02 2.6171714e-01 0.0000000e+00 
-1.8646222e-02 1.0259156e-02 0.0000000e+00 
-5.0959643e-03 1.7854236e-01 0.0000000e+00 
-3.4752861e-02 2.6150819e-02 0.0000000e+00 
-1.0618635e-02 4.8314026e-03 0.0000000e+00 
-2.6373392e-02 1.2964042e-01 0.0000000e+00 
-4.3377098e-02 5.2538790e-02 0.0000000e+00 
-2.6335984e-02 1.6339360e-02 0.0000000e+00 
-4.2967796e-02 4.7497284e-02 0.0000000e+00 
1.0035702e-02 2.1217437e-01 0.0000000e+00 
-4.3710612e-02 5.7940155e-02 0.0000000e+00 
-3.5382148e-02 1.0456373e-01 0.0000000e+00 
-1.1339488e-03 1.8944374e-01 0.0000000e+00 
-4.2467054e-02 4.2821586e-02 0.0000000e+00 
-3.9898705e-02 8.9620151e-02 0.0000000e+00 
-4.3982722e-02 6.3696355e-02 0.0000000e+00 
3.8867187e-02 2.7508029e-01 0.0000000e+00 
-3.1197271e-03 6.2165450e-04 0.0000000e+00 
-3.0869655e-02 1.2101730e-01 0.0000000e+00 
-4.4206534e-02 6.9803372e-02 0.0000000e+00 
-4.1858006e-02 3.8518362e-02 0.0000000e+00 
2.6048107e-02 2.4899854e-01 0.0000000e+00 
-3.3512842e-02 2.3220586e-02 0.0000000e+00 
2.0029999e-02 2.3641290e-01 0.0000000e+00 
2.7021565e-03 2.0071927e-01 0.0000000e+00 
3.1517092e-02 2.6197383e-01 0.0000000e+00 
1.3473693e-02 2.2420576e-01 0.0000000e+00 
-4.4393905e-02 7.6258309e-02 0.0000000e+00 
-4.1122686e-02 3.4594700e-02 0.0000000e+00 
-3.9997157e-02 9.7152196e-02 0.0000000e+00 
-1.7597428e-02 1.5808353e-01 0.0000000e+00 
-3.5441961e-02 1.1280622e-01 0.0000000e+00 
-2.1953603e-02 1.4832081e-01 0.0000000e+00 
4.3020591e-02 2.8888050e-01 0.0000000e+00 
-1.3331507e-02 1.6822702e-01 0.0000000e+00 
-1.5966183e-02 8.5371565e-03 0.0000000e+00 
-2.4320858e-02 1.4294560e-02 0.0000000e+00 
-2.6393652e-02 1.3894483e-01 0.0000000e+00 
-9.1649126e-03 1.7874806e-01 0.0000000e+00 
3.6434934e-02 2.7535775e-01 0.0000000e+00 
-7.3643252e-03 3.2055071e-03 0.0000000e+00 
6.3971863e-03 2.1237412e-01 0.0000000e+00 
-4.4555530e-02 8.3059356e-02 0.0000000e+00 
-3.2046620e-02 2.0670710e-02 0.0000000e+00 
-4.0242281e-02 3.1057701e-02 0.0000000e+00 
-3.0914223e-02 1.2996453e-01 0.0000000e+00 
-5.1090606e-03 1.8964604e-01 0.0000000e+00 
2.2999840e-02 2.4923255e-01 0.0000000e+00 
-4.0095359e-02 1.0502557e-01 0.0000000e+00 
1.6736599e-02 2.3663208e-01 0.0000000e+00 
0.0000000e+00 0.0000000e+00 0.0000000e+00 
2.8711021e-02 2.6222599e-01 0.0000000e+00 
4.0808901e-02 2.8917623e-01 0.0000000e+00 
-4.4701025e-02 9.0205796e-02 0.0000000e+00 
-4.8199769e-02 5.3614780e-02 0.0000000e+00 
-1.1773135e-03 2.0092279e-01 0.0000000e+00 
-4.8554622e-02 5.8921091e-02 0.0000000e+00 
-3.5515286e-02 1.2139204e-01 0.0000000e+00 
9.9351509e-03 2.2441576e-01 0.0000000e+00 
-4.7772985e-02 4.8679508e-02 0.0000000e+00 
-3.9197516e-02 2.7913904e-02 0.0000000e+00 
-4.8851043e-02 6.4592548e-02 0.0000000e+00 
-2.1950176e-02 1.2550904e-02 0.0000000e+00 
3.3864457e-02 2.7562883e-01 0.0000000e+00 
-4.7259912e-02 4.4122126e-02 0.0000000e+00 
-1.2815721e-02 6.9235475e-03 0.0000000e+00 
-4.9101546e-02 7.0624344e-02 0.0000000e+00 
-3.0326027e-02 1.8496104e-02 0.0000000e+00 
-2.1996059e-02 1.5833937e-01 0.0000000e+00 
-1.7636687e-02 1.6846396e-01 0.0000000e+00 
-2.6447134e-02 1.4860304e-01 0.0000000e+00 
2.6154341e-03 2.1258257e-01 0.0000000e+00 
-1.3376825e-02 1.7897272e-01 0.0000000e+00 
-4.6645563e-02 3.9950255e-02 0.0000000e+00 
-4.0200453e-02 1.1324306e-01 0.0000000e+00 
-4.4839032e-02 9.7697966e-02 0.0000000e+00 
-4.9317580e-02 7.7012785e-02 0.0000000e+00 
-3.0985083e-02 1.3926192e-01 0.0000000e+00 
-3.7547997e-03 1.5094348e-03 0.0000000e+00 
1.9808484e-02 2.4946593e-01 0.0000000e+00 
-3.7969321e-02 2.5168492e-02 0.0000000e+00 
3.8463414e-02 2.8946456e-01 0.0000000e+00 
-9.2268949e-03 1.8986413e-01 0.0000000e+00 
2.5763310e-02 2.6247483e-01 0.0000000e+00 
1.3299611e-02 2.3685384e-01 0.0000000e+00 
-4.5914747e-02 3.6172025e-02 0.0000000e+00 
-3.5608362e-02 1.3032590e-01 0.0000000e+00 
-4.9509563e-02 8.3755337e-02 0.0000000e+00 
3.1154994e-02 2.7589467e-01 0.0000000e+00 
6.2531740e-03 2.2463194e-01 0.0000000e+00 
-5.1995558e-03 2.0113914e-01 0.0000000e+00 
-4.4977359e-02 1.0553718e-01 0.0000000e+00 
-2.8320991e-02 1.6683450e-02 0.0000000e+00 
-1.9161068e-02 1.1043939e-02 0.0000000e+00 
-4.0319037e-02 1.2180820e-01 0.0000000e+00 
-4.5052715e-02 3.2795671e-02 0.0000000e+00 
-4.9686912e-02 9.0850599e-02 0.0000000e+00 
-3.6540039e-02 2.2824217e-02 0.0000000e+00 
-9.1149425e-03 5.2064122e-03 0.0000000e+00 
3.5982952e-02 2.8974640e-01 0.0000000e+00 
-1.3092896e-03 2.1280111e-01 0.0000000e+00 
-2.2085760e-02 1.6872430e-01 0.0000000e+00 
-2.6540074e-02 1.5862200e-01 0.0000000e+00 
1.6473977e-02 2.4970001e-01 0.0000000e+00 
-5.3635757e-02 5.9989367e-02 0.0000000e+00 
-5.3274225e-02 5.4784782e-02 0.0000000e+00 
2.2673618e-02 2.6272163e-01 0.0000000e+00 
-1.7731747e-02 1.7921750e-01 0.0000000e+00 
-3.1088287e-02 1.4891565e-01 0.0000000e+00 
-5.3943805e-02 6.5569758e-02 0.0000000e+00 
9.7191771e-03 2.3707955e-01 0.0000000e+00 
-5.2847084e-02 4.9962685e-02 0.0000000e+00 
-1.3487334e-02 1.9009924e-01 0.0000000e+00 
-5.4209918e-02 7.1520351e-02 0.0000000e+00 
-3.5727236e-02 1.3961309e-01 0.0000000e+00 
-4.5123104e-02 1.1372564e-01 0.0000000e+00 
2.8305855e-02 2.7615628e-01 0.0000000e+00 
0.0000000e+00 0.0000000e+00 0.0000000e+00 
-4.4046283e-02 2.9829014e-02 0.0000000e+00 
-4.9858131e-02 9.8298259e-02 0.0000000e+00 
-5.2341912e-02 4.5530729e-02 0.0000000e+00 
2.4280183e-03 2.2485565e-01 0.0000000e+00 
-5.4444861e-02 7.7836700e-02 0.0000000e+00 
-2.5999689e-02 1.5206582e-02 0.0000000e+00 
-9.3643395e-03 2.0136957e-01 0.0000000e+00 
-4.0457316e-02 1.3072526e-01 0.0000000e+00 
4.0254697e-02 3.0405676e-01 0.0000000e+00 
-3.4895744e-02 2.0879870e-02 0.0000000e+00 
-5.1746503e-02 4.1497320e-02 0.0000000e+00 
-1.5857628e-02 9.6535329e-03 0.0000000e+00 
3.3366431e-02 2.9002258e-01 0.0000000e+00 
-5.4658554e-02 8.4515527e-02 0.0000000e+00 
1.9441687e-02 2.6296759e-01 0.0000000e+00 
1.2996322e-02 2.4993607e-01 0.0000000e+00 
-5.0030898e-02 1.0609900e-01 0.0000000e+00 
-5.3766943e-03 2.1303098e-01 0.0000000e+00 
-4.2885683e-02 2.7278695e-02 0.0000000e+00 
-4.5282800e-02 1.2226642e-01 0.0000000e+00 
-4.8110285e-03 2.9964643e-03 0.0000000e+00 
-5.1049639e-02 3.7871305e-02 0.0000000e+00 
-2.6678992e-02 1.6900899e-01 0.0000000e+00 
2.5316443e-02 2.7641478e-01 0.0000000e+00 
5.9954864e-03 2.3731050e-01 0.0000000e+00 
-3.1230003e-02 1.5893234e-01 0.0000000e+00 
-2.2229727e-02 1.7948346e-01 0.0000000e+00 
-5.4860067e-02 9.1554739e-02 0.0000000e+00 
-3.5877880e-02 1.4925945e-01 0.0000000e+00 
3.7859097e-02 3.0434504e-01 0.0000000e+00 
-1.7890256e-02 1.9035247e-01 0.0000000e+00 
-1.5400202e-03 2.2508818e-01 0.0000000e+00 
3.0612862e-02 2.9029408e-01 0.0000000e+00 
-4.0621255e-02 1.3999914e-01 0.0000000e+00 
-3.3031169e-02 1.9328039e-02 0.0000000e+00 
-5.0242353e-02 3.4661524e-02 0.0000000e+00 
-2.3330335e-02 1.4019654e-02 0.0000000e+00 
-5.0212193e-02 1.1425449e-01 0.0000000e+00 
-5.8960788e-02 6.1143059e-02 0.0000000e+00 
-1.3671419e-02 2.0161526e-01 0.0000000e+00 
-5.9266999e-02 6.6626720e-02 0.0000000e+00 
-5.8608092e-02 5.6045938e-02 0.0000000e+00 
-4.1567907e-02 2.5149038e-02 0.0000000e+00 
-5.5057608e-02 9.8953344e-02 0.0000000e+00 
-5.9536930e-02 7.2490625e-02 0.0000000e+00 
-5.8198631e-02 5.1342681e-02 0.0000000e+00 
1.6067330e-02 2.6321396e-01 0.0000000e+00 
-1.1854931e-02 8.1372047e-03 0.0000000e+00 
-4.5462571e-02 1.3116328e-01 0.0000000e+00 
9.3755927e-03 2.5017545e-01 0.0000000e+00 
2.2186253e-02 2.7667135e-01 0.0000000e+00 
-5.9780385e-02 7.8729630e-02 0.0000000e+00 
-9.5864618e-03 2.1327341e-01 0.0000000e+00 
-5.7722554e-02 4.7041483e-02 0.0000000e+00 
3.5331026e-02 3.0462778e-01 0.0000000e+00 
2.1287848e-03 2.3754802e-01 0.0000000e+00 
-4.9319949e-02 3.1876106e-02 0.0000000e+00 
-3.1416655e-02 1.6931894e-01 0.0000000e+00 
0.0000000e+00 0.0000000e+00 0.0000000e+00 
-6.0006566e-02 8.5339762e-02 0.0000000e+00 
2.7721358e-02 2.9056185e-01 0.0000000e+00 
-5.5258643e-02 1.0671141e-01 0.0000000e+00 
-2.6870817e-02 1.7977156e-01 0.0000000e+00 
-3.6066372e-02 1.5927123e-01 0.0000000e+00 
-5.0408438e-02 1.2276723e-01 0.0000000e+00 
-5.7171248e-02 4.3151122e-02 0.0000000e+00 
-2.2435529e-02 1.9062488e-01 0.0000000e+00 
-4.0816739e-02 1.4963521e-01 0.0000000e+00 
-5.6506051e-03 2.2533077e-01 0.0000000e+00 
-3.0961739e-02 1.8151214e-02 0.0000000e+00 
-4.0103085e-02 2.3440154e-02 0.0000000e+00 
-2.0292716e-02 1.3049478e-02 0.0000000e+00 
-6.0224004e-02 9.2318229e-02 0.0000000e+00 
-1.8120531e-02 2.0187730e-01 0.0000000e+00 
1.2550450e-02 2.6346198e-01 0.0000000e+00 
-4.5668282e-02 1.4042068e-01 0.0000000e+00 
5.6119268e-03 2.5041935e-01 0.0000000e+00 
1.8914867e-02 2.7692705e-01 0.0000000e+00 
3.2669175e-02 3.0490568e-01 0.0000000e+00 
-4.8285361e-02 2.9521354e-02 0.0000000e+00 
-5.6538537e-02 3.9680518e-02 0.0000000e+00 
-5.5469960e-02 1.1483002e-01 0.0000000e+00 
-6.6863797e-03 5.9131263e-03 0.0000000e+00 
-1.3938244e-02 2.1352954e-01 0.0000000e+00 
-1.8806267e-03 2.3779333e-01 0.0000000e+00 
2.4691131e-02 2.9082689e-01 0.0000000e+00 
-6.0440503e-02 9.9663384e-02 0.0000000e+00 
-5.0625622e-02 1.3164052e-01 0.0000000e+00 
-6.4535536e-02 6.2379751e-02 0.0000000e+00 
-6.4825922e-02 6.7761801e-02 0.0000000e+00 
-6.4207673e-02 5.7394762e-02 0.0000000e+00 
-6.5087371e-02 7.3534116e-02 0.0000000e+00 
-5.5822570e-02 3.6638040e-02 0.0000000e+00 
-3.6299020e-02 1.6965503e-01 0.0000000e+00 
-3.1655062e-02 1.8008271e-01 0.0000000e+00 
-3.8527630e-02 2.2143982e-02 0.0000000e+00 
-6.3834324e-02 5.2814525e-02 0.0000000e+00 
-6.5328427e-02 7.9690948e-02 0.0000000e+00 
-9.9033564e-03 2.2558461e-01 0.0000000e+00 
-4.1049719e-02 1.5963940e-01 0.0000000e+00 
-2.8757483e-02 1.7312422e-02 0.0000000e+00 
3.7033085e-02 3.1972757e-01 0.0000000e+00 
-2.7123014e-02 1.9091745e-01 0.0000000e+00 
2.9872341e-02 3.0517960e-01 0.0000000e+00 
-4.7155008e-02 2.7599687e-02 0.0000000e+00 
8.8910274e-03 2.6371279e-01 0.0000000e+00 
-5.5697784e-02 1.2331111e-01 0.0000000e+00 
-6.0663190e-02 1.0737468e-01 0.0000000e+00 
1.5501969e-02 2.7718306e-01 0.0000000e+00 
-4.5905683e-02 1.5004361e-01 0.0000000e+00 
1.7055363e-03 2.5066903e-01 0.0000000e+00 
-6.5557383e-02 8.6227715e-02 0.0000000e+00 
-6.3408718e-02 4.8647366e-02 0.0000000e+00 
-2.2711391e-02 2.0215674e-01 0.0000000e+00 
-1.6952801e-02 1.2196280e-02 0.0000000e+00 
2.1521499e-02 2.9109019e-01 0.0000000e+00 
-5.5028751e-02 3.4030329e-02 0.0000000e+00 
-5.0869461e-02 1.4087833e-01 0.0000000e+00 
-6.0323905e-03 2.3804763e-01 0.0000000e+00 
-6.5782055e-02 9.3140982e-02 0.0000000e+00 
-1.8431664e-02 2.1380048e-01 0.0000000e+00 
-6.2926427e-02 4.4901799e-02 0.0000000e+00 
3.4458503e-02 3.2000801e-01 0.0000000e+00 
-6.0898572e-02 1.1545256e-01 0.0000000e+00 
0.0000000e+00 0.0000000e+00 0.0000000e+00 
2.6939441e-02 3.0545035e-01 0.0000000e+00 
-5.5947926e-02 1.3215747e-01 0.0000000e+00 
-3.6933497e-02 2.1233946e-02 0.0000000e+00 
-4.5969289e-02 2.6105445e-02 0.0000000e+00 
-1.4297851e-02 2.2585084e-01 0.0000000e+00 
-6.6009700e-02 1.0042845e-01 0.0000000e+00 
5.0891316e-03 2.6396766e-01 0.0000000e+00 
1.1947338e-02 2.7744049e-01 0.0000000e+00 
-3.6582500e-02 1.8041776e-01 0.0000000e+00 
-4.1326355e-02 1.7001797e-01 0.0000000e+00 
-6.2386964e-02 4.1585848e-02 0.0000000e+00 
-2.6654700e-02 1.6718773e-02 0.0000000e+00 
-3.1952556e-02 1.9123106e-01 0.0000000e+00 
-5.4174375e-02 3.1860247e-02 0.0000000e+00 
-4.6180569e-02 1.6003758e-01 0.0000000e+00 
-2.3432963e-03 2.5092569e-01 0.0000000e+00 
1.8211888e-02 2.9135281e-01 0.0000000e+00 
-7.0625059e-02 6.8973117e-02 0.0000000e+00 
-7.0364699e-02 6.3696690e-02 0.0000000e+00 
-7.0865393e-02 7.4649557e-02 0.0000000e+00 
-2.7443696e-02 2.0245452e-01 0.0000000e+00 
-5.1145535e-02 1.5048523e-01 0.0000000e+00 
-7.0077725e-02 5.8827322e-02 0.0000000e+00 
-6.1152626e-02 1.2389845e-01 0.0000000e+00 
-7.1092807e-02 8.0719873e-02 0.0000000e+00 
3.1752460e-02 3.2028449e-01 0.0000000e+00 
-1.3915866e-02 1.1441130e-02 0.0000000e+00 
-6.6247016e-02 1.0808897e-01 0.0000000e+00 
-1.0326090e-02 2.3831207e-01 0.0000000e+00 
2.3869500e-02 3.0571884e-01 0.0000000e+00 
-2.3066310e-02 2.1408723e-01 0.0000000e+00 
-6.9758683e-02 5.4372698e-02 0.0000000e+00 
-6.1796140e-02 3.8705878e-02 0.0000000e+00 
-7.1314454e-02 8.7178953e-02 0.0000000e+00 
-5.6225903e-02 1.4137261e-01 0.0000000e+00 
-4.4811908e-02 2.5014965e-02 0.0000000e+00 
8.2508530e-03 2.7770051e-01 0.0000000e+00 
1.1449194e-03 2.6422772e-01 0.0000000e+00 
-6.9404177e-02 5.0340708e-02 0.0000000e+00 
-5.3295996e-02 3.0122897e-02 0.0000000e+00 
-3.5536695e-02 2.0631377e-02 0.0000000e+00 
-7.1537293e-02 9.4022796e-02 0.0000000e+00 
-1.8833620e-02 2.2613049e-01 0.0000000e+00 
1.4761836e-02 2.9161575e-01 0.0000000e+00 
-6.6500127e-02 1.1612239e-01 0.0000000e+00 
-6.5342146e-03 2.5119048e-01 0.0000000e+00 
-6.1430912e-02 1.3271458e-01 0.0000000e+00 
-4.1653160e-02 1.8077746e-01 0.0000000e+00 
2.8913565e-02 3.2055774e-01 0.0000000e+00 
-4.6498924e-02 1.7040846e-01 0.0000000e+00 
-3.6923990e-02 1.9156656e-01 0.0000000e+00 
-2.5485784e-02 1.5994973e-02 0.0000000e+00 
-6.1169509e-02 3.6264665e-02 0.0000000e+00 
-6.9014207e-02 4.6738800e-02 0.0000000e+00 
-5.1459447e-02 1.6046633e-01 0.0000000e+00 
2.0661661e-02 3.0598599e-01 0.0000000e+00 
-7.1767911e-02 1.0124854e-01 0.0000000e+00 
-3.2317117e-02 2.0277157e-01 0.0000000e+00 
-1.4761250e-02 2.3858777e-01 0.0000000e+00 
-5.6537088e-02 1.5096064e-01 0.0000000e+00 
-2.7841737e-02 2.1439075e-01 0.0000000e+00 
-6.6774689e-02 1.2452957e-01 0.0000000e+00 
4.4124955e-03 2.7796423e-01 0.0000000e+00 
-7.6667942e-02 7.0258610e-02 0.0000000e+00 
-5.2460819e-02 2.8797477e-02 0.0000000e+00 
-2.9413642e-03 2.6449412e-01 0.0000000e+00 
-7.6874502e-02 7.5835578e-02 0.0000000e+00 
-6.8593934e-02 4.3572895e-02 0.0000000e+00 
-4.3844115e-02 2.4261082e-02 0.0000000e+00 
-7.2012462e-02 1.0885443e-01 0.0000000e+00 
1.1170993e-02 2.9188013e-01 0.0000000e+00 
-7.6451689e-02 6.5090917e-02 0.0000000e+00 
2.5940537e-02 3.2082853e-01 0.0000000e+00 
-7.7076837e-02 8.1815511e-02 0.0000000e+00 
-6.1738707e-02 1.4190397e-01 0.0000000e+00 
3.3343341e-02 3.3589223e-01 0.0000000e+00 
-6.0537253e-02 3.4257963e-02 0.0000000e+00 
-2.3510152e-02 2.2642459e-01 0.0000000e+00 
-7.6221228e-02 6.0339481e-02 0.0000000e+00 
-3.4826234e-02 2.0087393e-02 0.0000000e+00 
-1.0866788e-02 2.5146452e-01 0.0000000e+00 
-7.7280849e-02 8.8192940e-02 0.0000000e+00 
1.7315192e-02 3.0625269e-01 0.0000000e+00 
-7.5973779e-02 5.6011483e-02 0.0000000e+00 
-4.6867061e-02 1.8116249e-01 0.0000000e+00 
-4.2037129e-02 1.9192471e-01 0.0000000e+00 
-5.1816974e-02 1.7082712e-01 0.0000000e+00 
-7.2276615e-02 1.1683974e-01 0.0000000e+00 
-6.7075968e-02 1.3331221e-01 0.0000000e+00 
-7.7492513e-02 9.4963431e-02 0.0000000e+00 
-6.8156213e-02 4.0845655e-02 0.0000000e+00 
-1.9337337e-02 2.3887575e-01 0.0000000e+00 
-3.7331302e-02 2.0310871e-01 0.0000000e+00 
-5.6886859e-02 1.6092622e-01 0.0000000e+00 
-7.5709321e-02 5.2113753e-02 0.0000000e+00 
3.0594695e-02 3.3616447e-01 0.0000000e+00 
4.3235239e-04 2.7823275e-01 0.0000000e+00 
2.2832232e-02 3.2109755e-01 0.0000000e+00 
7.4391235e-03 2.9214698e-01 0.0000000e+00 
-3.2757469e-02 2.1471193e-01 0.0000000e+00 
-7.1693845e-03 2.6476800e-01 0.0000000e+00 
-5.1781848e-02 2.7830048e-02 0.0000000e+00 
-7.7717632e-02 1.0212359e-01 0.0000000e+00 
-6.2081128e-02 1.5147027e-01 0.0000000e+00 
-5.9950538e-02 3.2668225e-02 0.0000000e+00 
-4.3351129e-02 2.3666069e-02 0.0000000e+00 
1.3829484e-02 3.0651996e-01 0.0000000e+00 
-7.2565638e-02 1.2520477e-01 0.0000000e+00 
-1.5340511e-02 2.5174883e-01 0.0000000e+00 
-2.8326886e-02 2.2673409e-01 0.0000000e+00 
-7.5431973e-02 4.8651759e-02 0.0000000e+00 
-6.7724727e-02 3.8553644e-02 0.0000000e+00 
-6.7408927e-02 1.4247282e-01 0.0000000e+00 
-7.7961713e-02 1.0967113e-01 0.0000000e+00 
2.7715312e-02 3.3643425e-01 0.0000000e+00 
-8.3117418e-02 7.7090770e-02 0.0000000e+00 
-8.2957104e-02 7.1616217e-02 0.0000000e+00 
1.9587625e-02 3.2136571e-01 0.0000000e+00 
-8.3283275e-02 8.2976952e-02 0.0000000e+00 
-5.2224208e-02 1.8157350e-01 0.0000000e+00 
-4.7291771e-02 1.9230618e-01 0.0000000e+00 
-2.4053756e-02 2.3917699e-01 0.0000000e+00 
-8.2798541e-02 6.6559516e-02 0.0000000e+00 
-5.7280749e-02 1.7127453e-01 0.0000000e+00 
-3.6893855e-03 2.7850717e-01 0.0000000e+00 
-4.2485878e-02 2.0346668e-01 0.0000000e+00 
3.5661133e-03 2.9241735e-01 0.0000000e+00 
-7.5151764e-02 4.5628130e-02 0.0000000e+00 
-8.3459236e-02 8.9269154e-02 0.0000000e+00 
-8.2639307e-02 6.1927173e-02 0.0000000e+00 
-1.1538715e-02 2.6505038e-01 0.0000000e+00 
-7.2884418e-02 1.3395071e-01 0.0000000e+00 
-5.9487700e-02 3.1453241e-02 0.0000000e+00 
-6.2463295e-02 1.6141777e-01 0.0000000e+00 
-7.8229912e-02 1.1760479e-01 0.0000000e+00 
-3.7812997e-02 2.1505161e-01 0.0000000e+00 
1.0204053e-02 3.0678874e-01 0.0000000e+00 
-5.1426765e-02 2.7098719e-02 0.0000000e+00 
-8.3650209e-02 9.5962614e-02 0.0000000e+00 
-6.7337491e-02 3.6682617e-02 0.0000000e+00 
-8.2479164e-02 5.7725407e-02 0.0000000e+00 
-1.9954804e-02 2.5204450e-01 0.0000000e+00 
-6.7778416e-02 1.5201461e-01 0.0000000e+00 
2.4703745e-02 3.3670223e-01 0.0000000e+00 
-3.3283215e-02 2.2705984e-01 0.0000000e+00 
1.6205829e-02 3.2163382e-01 0.0000000e+00 
-8.3861127e-02 1.0305354e-01 0.0000000e+00 
-7.4886642e-02 4.3040350e-02 0.0000000e+00 
-7.8527026e-02 1.2592432e-01 0.0000000e+00 
-8.2321092e-02 5.3959288e-02 0.0000000e+00 
-4.4803441e-04 2.9269230e-01 0.0000000e+00 
-7.9524210e-03 2.7878854e-01 0.0000000e+00 
-7.3237598e-02 1.4307953e-01 0.0000000e+00 
-2.8909853e-02 2.3949243e-01 0.0000000e+00 
-5.2687693e-02 1.9271161e-01 0.0000000e+00 
-5.7724588e-02 1.8201104e-01 0.0000000e+00 
-8.4096804e-02 1.1053916e-01 0.0000000e+00 
6.4385463e-03 3.0706003e-01 0.0000000e+00 
-1.6048843e-02 2.6534235e-01 0.0000000e+00 
-4.7780447e-02 2.0384617e-01 0.0000000e+00 
-5.9252545e-02 3.0527281e-02 0.0000000e+00 
-6.2890463e-02 1.7175116e-01 0.0000000e+00 
-6.7049079e-02 3.5200007e-02 0.0000000e+00 
2.1558687e-02 3.3696908e-01 0.0000000e+00 
-8.2172535e-02 5.0631486e-02 0.0000000e+00 
-4.3007776e-02 2.1541049e-01 0.0000000e+00 
2.9173223e-02 3.5255012e-01 0.0000000e+00 
-8.9596070e-02 7.8413814e-02 0.0000000e+00 
-6.8189234e-02 1.6194139e-01 0.0000000e+00 
-7.4664474e-02 4.0877212e-02 0.0000000e+00 
1.2686091e-02 3.2190278e-01 0.0000000e+00 
-8.9714274e-02 8.4203355e-02 0.0000000e+00 
-8.9493997e-02 7.3044002e-02 0.0000000e+00 
-7.8857534e-02 1.3463038e-01 0.0000000e+00 
-2.4709014e-02 2.5235248e-01 0.0000000e+00 
-8.4361784e-02 1.1841772e-01 0.0000000e+00 
-8.9851826e-02 9.0407096e-02 0.0000000e+00 
-8.9405879e-02 6.8099760e-02 0.0000000e+00 
-3.8378496e-02 2.2740266e-01 0.0000000e+00 
-7.3629670e-02 1.5259402e-01 0.0000000e+00 
-9.0012535e-02 9.7020127e-02 0.0000000e+00 
-4.6031955e-03 2.9297289e-01 0.0000000e+00 
-8.9331210e-02 6.3586734e-02 0.0000000e+00 
-1.2356352e-02 2.7907795e-01 0.0000000e+00 
-8.2046747e-02 4.7740396e-02 0.0000000e+00 
2.5327457e-03 3.0733484e-01 0.0000000e+00 
1.8278966e-02 3.3723560e-01 0.0000000e+00 
-3.3904921e-02 2.3982295e-01 0.0000000e+00 
2.6255289e-02 3.5281387e-01 0.0000000e+00 
-2.0699160e-02 2.6564491e-01 0.0000000e+00 
-9.0200432e-02 1.0403836e-01 0.0000000e+00 
-6.6926658e-02 3.4044191e-02 0.0000000e+00 
-8.4660344e-02 1.2668847e-01 0.0000000e+00 
-8.9271918e-02 5.9509665e-02 0.0000000e+00 
-5.8224663e-02 1.9314156e-01 0.0000000e+00 
-7.9225682e-02 1.4372447e-01 0.0000000e+00 
9.0278005e-03 3.2217348e-01 0.0000000e+00 
-7.4523546e-02 3.9113715e-02 0.0000000e+00 
-6.3368179e-02 1.8247560e-01 0.0000000e+00 
-5.3214580e-02 2.0424782e-01 0.0000000e+00 
-6.8646327e-02 1.7225748e-01 0.0000000e+00 
-4.8341226e-02 2.1578930e-01 0.0000000e+00 
-2.9602418e-02 2.5267366e-01 0.0000000e+00 
-9.0419561e-02 1.1145863e-01 0.0000000e+00 
-8.1963867e-02 4.5277458e-02 0.0000000e+00 
-8.9233264e-02 5.5871297e-02 0.0000000e+00 
-7.4065112e-02 1.6249751e-01 0.0000000e+00 
-4.3612033e-02 2.2776331e-01 0.0000000e+00 
-8.8991243e-03 2.9326013e-01 0.0000000e+00 
2.3207072e-02 3.5307649e-01 0.0000000e+00 
1.4863546e-02 3.3750251e-01 0.0000000e+00 
-1.5134366e-03 3.0761415e-01 0.0000000e+00 
-8.4996521e-02 1.3535152e-01 0.0000000e+00 
-1.6900668e-02 2.7937636e-01 0.0000000e+00 
-9.0673834e-02 1.1927874e-01 0.0000000e+00 
-9.6311592e-02 7.9803593e-02 0.0000000e+00 
-9.6371375e-02 8.5494019e-02 0.0000000e+00 
-7.9635590e-02 1.5320887e-01 0.0000000e+00 
-3.9038189e-02 2.4016932e-01 0.0000000e+00 
5.2304831e-03 3.2244685e-01 0.0000000e+00 
-2.5488975e-02 2.6595894e-01 0.0000000e+00 
-9.6279033e-02 7.4540339e-02 0.0000000e+00 
-9.6460372e-02 9.1606386e-02 0.0000000e+00 
-8.9224726e-02 5.2670874e-02 0.0000000e+00 
-7.4508891e-02 3.7704565e-02 0.0000000e+00 
-9.6272968e-02 6.9709390e-02 0.0000000e+00 
-9.6581303e-02 9.8135814e-02 0.0000000e+00 
-8.1950851e-02 4.3223549e-02 0.0000000e+00 
-6.3902415e-02 1.9359656e-01 0.0000000e+00 
-5.8787830e-02 2.0467217e-01 0.0000000e+00 
-6.9154933e-02 1.8296766e-01 0.0000000e+00 
2.0027123e-02 3.5333866e-01 0.0000000e+00 
-3.4634214e-02 2.5300887e-01 0.0000000e+00 
-9.0966977e-02 1.2749746e-01 0.0000000e+00 
-8.5374117e-02 1.4440794e-01 0.0000000e+00 
1.1311545e-02 3.3777064e-01 0.0000000e+00 
-5.3812739e-02 2.1618864e-01 0.0000000e+00 
-9.6294433e-02 6.5315180e-02 0.0000000e+00 
-9.6737295e-02 1.0507806e-01 0.0000000e+00 
-7.4548528e-02 1.7279392e-01 0.0000000e+00 
-1.3335453e-02 2.9355502e-01 0.0000000e+00 
-5.6999512e-03 3.0789897e-01 0.0000000e+00 
-8.9260630e-02 4.9902055e-02 0.0000000e+00 
-2.1584759e-02 2.7968475e-01 0.0000000e+00 
-4.8983093e-02 2.2814246e-01 0.0000000e+00 
1.2938139e-03 3.2272387e-01 0.0000000e+00 
-8.0091365e-02 1.6308649e-01 0.0000000e+00 
-9.6346930e-02 6.1360557e-02 0.0000000e+00 
-9.6931629e-02 1.1242967e-01 0.0000000e+00 
-3.0417508e-02 2.6628539e-01 0.0000000e+00 
-4.4308845e-02 2.4053229e-01 0.0000000e+00 
-9.1302514e-02 1.3611446e-01 0.0000000e+00 
-8.2038507e-02 4.1544769e-02 0.0000000e+00 
1.6714137e-02 3.5360101e-01 0.0000000e+00 
-8.5796840e-02 1.5385951e-01 0.0000000e+00 
7.6222229e-03 3.3804086e-01 0.0000000e+00 
-9.7167552e-02 1.2018808e-01 0.0000000e+00 
2.4510521e-02 3.6970052e-01 0.0000000e+00 
-9.6436970e-02 5.7845492e-02 0.0000000e+00 
-8.9359850e-02 4.7550291e-02 0.0000000e+00 
-3.9803546e-02 2.5335893e-01 0.0000000e+00 
-6.9720678e-02 1.9407704e-01 0.0000000e+00 
-1.7911695e-02 2.9385856e-01 0.0000000e+00 
-6.4499728e-02 2.0511976e-01 0.0000000e+00 
-1.0026613e-02 3.0819029e-01 0.0000000e+00 
-1.0325552e-01 8.6848468e-02 0.0000000e+00 
-1.0326430e-01 8.1259318e-02 0.0000000e+00 
-7.5084783e-02 1.8348764e-01 0.0000000e+00 
-1.0328615e-01 9.2866808e-02 0.0000000e+00 
-5.9421681e-02 2.1660909e-01 0.0000000e+00 
-2.6407903e-02 2.8000405e-01 0.0000000e+00 
-2.7823860e-03 3.2300544e-01 0.0000000e+00 
-1.0331159e-01 7.6104030e-02 0.0000000e+00 
-1.0335796e-01 9.9309668e-02 0.0000000e+00 
-9.1683783e-02 1.4513029e-01 0.0000000e+00 
-8.0597229e-02 1.7336084e-01 0.0000000e+00 
-5.4490902e-02 2.2854070e-01 0.0000000e+00 
-9.7448207e-02 1.2835161e-01 0.0000000e+00 
1.3266954e-02 3.5386428e-01 0.0000000e+00 
-9.6574485e-02 5.4765508e-02 0.0000000e+00 
-1.0339776e-01 7.1386792e-02 0.0000000e+00 
-1.0347322e-01 1.0617279e-01 0.0000000e+00 
2.1427786e-02 3.6995548e-01 0.0000000e+00 
-3.5483897e-02 2.6662508e-01 0.0000000e+00 
3.7949963e-03 3.3831403e-01 0.0000000e+00 
-8.6268388e-02 1.6370870e-01 0.0000000e+00 
-4.9716011e-02 2.4091253e-01 0.0000000e+00 
-8.9543588e-02 4.5589879e-02 0.0000000e+00 
-1.0352489e-01 6.7110494e-02 0.0000000e+00 
-1.0363446e-01 1.1345254e-01 0.0000000e+00 
-1.4493100e-02 3.0848908e-01 0.0000000e+00 
-9.7776569e-02 1.3691950e-01 0.0000000e+00 
-2.2627240e-02 2.9417166e-01 0.0000000e+00 
-4.5109481e-02 2.5372458e-01 0.0000000e+00 
-6.9981469e-03 3.2329255e-01 0.0000000e+00 
-9.2114046e-02 1.5454628e-01 0.0000000e+00 
-9.6772470e-02 5.2109618e-02 0.0000000e+00 
9.6845673e-03 3.5412923e-01 0.0000000e+00 
-3.1369288e-02 2.8033516e-01 0.0000000e+00 
-7.0349783e-02 2.0559102e-01 0.0000000e+00 
-1.0369723e-01 6.3275777e-02 0.0000000e+00 
-7.5679153e-02 1.9458343e-01 0.0000000e+00 
1.8214999e-02 3.7021065e-01 0.0000000e+00 
-6.5167390e-02 2.1705113e-01 0.0000000e+00 
-1.0384428e-01 1.2114604e-01 0.0000000e+00 
-8.1157655e-02 1.8403591e-01 0.0000000e+00 
-1.7056330e-04 3.3859101e-01 0.0000000e+00 
-6.0134653e-02 2.2895862e-01 0.0000000e+00 
-4.0687192e-02 2.6697874e-01 0.0000000e+00 
-8.6792573e-02 1.7395860e-01 0.0000000e+00 
-9.8155499e-02 1.4589185e-01 0.0000000e+00 
-1.1036705e-01 8.8266566e-02 0.0000000e+00 
-1.1032999e-01 9.4188407e-02 0.0000000e+00 
-1.0392139e-01 5.9879668e-02 0.0000000e+00 
-5.5258770e-02 2.4131064e-01 0.0000000e+00 
-1.1045380e-01 8.2780622e-02 0.0000000e+00 
-1.0410520e-01 1.2925126e-01 0.0000000e+00 
-1.1034362e-01 1.0054188e-01 0.0000000e+00 
-1.9098956e-02 3.0879629e-01 0.0000000e+00 
-9.7045362e-02 4.9858194e-02 0.0000000e+00 
-9.2596553e-02 1.6436447e-01 0.0000000e+00 
-1.1059014e-01 7.7734508e-02 0.0000000e+00 
-2.7481364e-02 2.9449525e-01 0.0000000e+00 
5.9661302e-03 3.5439664e-01 0.0000000e+00 
-1.1353349e-02 3.2358611e-01 0.0000000e+00 
1.4870747e-02 3.7046656e-01 0.0000000e+00 
-1.1040945e-01 1.0732285e-01 0.0000000e+00 
-5.0551023e-02 2.5410643e-01 0.0000000e+00 
-3.6467995e-02 2.8067881e-01 0.0000000e+00 
-1.1077709e-01 7.3131181e-02 0.0000000e+00 
-4.2747259e-03 3.3887273e-01 0.0000000e+00 
-1.0420600e-01 5.6914005e-02 0.0000000e+00 
-1.1052931e-01 1.1452759e-01 0.0000000e+00 
-1.0441967e-01 1.3776702e-01 0.0000000e+00 
-7.6337479e-02 2.0608637e-01 0.0000000e+00 
-9.8587781e-02 1.5526953e-01 0.0000000e+00 
-8.1777528e-02 1.9511610e-01 0.0000000e+00 
-7.1049161e-02 2.1751522e-01 0.0000000e+00 
-1.1101720e-01 6.8971820e-02 0.0000000e+00 
-8.7373443e-02 1.8461283e-01 0.0000000e+00 
-6.5913506e-02 2.2939670e-01 0.0000000e+00 
-4.6026379e-02 2.6734716e-01 0.0000000e+00 
1.1393766e-02 3.7072393e-01 0.0000000e+00 
-1.1070518e-01 1.2215304e-01 0.0000000e+00 
2.1109541e-03 3.5466734e-01 0.0000000e+00 
-2.3843586e-02 3.0911282e-01 0.0000000e+00 
-9.3134686e-02 1.7458755e-01 0.0000000e+00 
-6.0936157e-02 2.4172719e-01 0.0000000e+00 
-1.5847724e-02 3.2388711e-01 0.0000000e+00 
-3.2473221e-02 2.9483014e-01 0.0000000e+00 
1.9342886e-02 3.8734254e-01 0.0000000e+00 
-1.0479005e-01 1.4669299e-01 0.0000000e+00 
-1.1131454e-01 6.5254681e-02 0.0000000e+00 
-1.0456059e-01 5.4363765e-02 0.0000000e+00 
-8.5175997e-03 3.3916014e-01 0.0000000e+00 
-4.1703016e-02 2.8103584e-01 0.0000000e+00 
-1.1093902e-01 1.3019684e-01 0.0000000e+00 
-5.6127131e-02 2.5450510e-01 0.0000000e+00 
-9.9076204e-02 1.6505416e-01 0.0000000e+00 
-1.1759230e-01 9.5571533e-02 0.0000000e+00 
-1.1770576e-01 8.9748569e-02 0.0000000e+00 
-1.1753906e-01 1.0183287e-01 0.0000000e+00 
7.7829496e-03 3.7098342e-01 0.0000000e+00 
-1.1787899e-01 8.4367685e-02 0.0000000e+00 
-1.8814838e-03 3.5494214e-01 0.0000000e+00 
-8.2462281e-02 2.0660615e-01 0.0000000e+00 
-1.1754695e-01 1.0852870e-01 0.0000000e+00 
-7.7066287e-02 2.1800174e-01 0.0000000e+00 
-1.1167451e-01 6.1973870e-02 0.0000000e+00 
1.6099412e-02 3.8758859e-01 0.0000000e+00 
-8.8015474e-02 1.9567539e-01 0.0000000e+00 
-5.1500358e-02 2.6773092e-01 0.0000000e+00 
-1.1811230e-01 7.9431877e-02 0.0000000e+00 
-7.1826577e-02 2.2985537e-01 0.0000000e+00 
-2.8726269e-02 3.0943954e-01 0.0000000e+00 
-1.0521861e-01 1.5602963e-01 0.0000000e+00 
-1.1123273e-01 1.3865745e-01 0.0000000e+00 
-2.0480849e-02 3.2419643e-01 0.0000000e+00 
-9.3732044e-02 1.8521869e-01 0.0000000e+00 
-1.1761724e-01 1.1565534e-01 0.0000000e+00 
-3.7601862e-02 2.9517719e-01 0.0000000e+00 
-6.6747174e-02 2.4216262e-01 0.0000000e+00 
-1.2899132e-02 3.3945411e-01 0.0000000e+00 
-1.1840691e-01 7.4942753e-02 0.0000000e+00 
-9.9623673e-02 1.7524800e-01 0.0000000e+00 
4.0373537e-03 3.7124583e-01 0.0000000e+00 
-1.1775133e-01 1.2320958e-01 0.0000000e+00 
-4.7073249e-02 2.8140694e-01 0.0000000e+00 
-1.1210293e-01 5.9117947e-02 0.0000000e+00 
-6.1836697e-02 2.5492114e-01 0.0000000e+00 
1.2725953e-02 3.8783595e-01 0.0000000e+00 
-6.0115373e-03 3.5522199e-01 0.0000000e+00 
-1.1158814e-01 1.4753416e-01 0.0000000e+00 
-1.1876504e-01 7.0899591e-02 0.0000000e+00 
-1.0570766e-01 1.6577812e-01 0.0000000e+00 
-1.1795065e-01 1.3118885e-01 0.0000000e+00 
-2.5252154e-02 3.2451499e-01 0.0000000e+00 
-3.3746146e-02 3.0977732e-01 0.0000000e+00 
-5.7107966e-02 2.6813066e-01 0.0000000e+00 
-8.8723645e-02 2.0715070e-01 0.0000000e+00 
-8.3218038e-02 2.1851103e-01 0.0000000e+00 
-1.7419105e-02 3.3975556e-01 0.0000000e+00 
-9.4392650e-02 1.9626160e-01 0.0000000e+00 
-7.7872969e-02 2.3033501e-01 0.0000000e+00 
-4.2866226e-02 2.9553711e-01 0.0000000e+00 
-1.1918966e-01 6.7298315e-02 0.0000000e+00 
-1.2507306e-01 9.7016923e-02 0.0000000e+00 
1.5620100e-04 3.7151191e-01 0.0000000e+00 
-1.2494472e-01 1.0318336e-01 0.0000000e+00 
-1.2527095e-01 9.1295227e-02 0.0000000e+00 
9.2211645e-03 3.8808531e-01 0.0000000e+00 
-7.2690770e-02 2.4261735e-01 0.0000000e+00 
-1.0023333e-01 1.8585385e-01 0.0000000e+00 
-1.1200703e-01 1.5682699e-01 0.0000000e+00 
-1.2488645e-01 1.0979106e-01 0.0000000e+00 
-1.1821657e-01 1.3959131e-01 0.0000000e+00 
-1.2553816e-01 8.6021304e-02 0.0000000e+00 
-1.0279389e-02 3.5550770e-01 0.0000000e+00 
-5.2577514e-02 2.8179270e-01 0.0000000e+00 
-1.2489911e-01 1.1683648e-01 0.0000000e+00 
-6.7678578e-02 2.5535500e-01 0.0000000e+00 
-1.0625962e-01 1.7594030e-01 0.0000000e+00 
-1.2587503e-01 8.1197098e-02 0.0000000e+00 
-1.1968382e-01 6.4130336e-02 0.0000000e+00 
-3.0160924e-02 3.2484365e-01 0.0000000e+00 
-3.8902238e-02 3.1012693e-01 0.0000000e+00 
-1.2498362e-01 1.2431637e-01 0.0000000e+00 
-2.2077141e-02 3.4006542e-01 0.0000000e+00 
-3.8611121e-03 3.7178245e-01 0.0000000e+00 
-1.1855043e-01 1.4841582e-01 0.0000000e+00 
5.5838628e-03 3.8833725e-01 0.0000000e+00 
-1.2628239e-01 7.6822728e-02 0.0000000e+00 
-6.2847979e-02 2.6854685e-01 0.0000000e+00 
-1.1249121e-01 1.6653672e-01 0.0000000e+00 
-4.8265144e-02 2.9591060e-01 0.0000000e+00 
-8.9503653e-02 2.1904342e-01 0.0000000e+00 
-9.5121019e-02 2.0772029e-01 0.0000000e+00 
-8.4051766e-02 2.3083594e-01 0.0000000e+00 
-1.4685049e-02 3.5580021e-01 0.0000000e+00 
-1.2514094e-01 1.3222797e-01 0.0000000e+00 
1.3657673e-02 4.0547520e-01 0.0000000e+00 
-1.0090870e-01 1.9687502e-01 0.0000000e+00 
-7.8765869e-02 2.4309178e-01 0.0000000e+00 
-1.2676139e-01 7.2895601e-02 0.0000000e+00 
-5.8214545e-02 2.8219375e-01 0.0000000e+00 
-1.0687715e-01 1.8651859e-01 0.0000000e+00 
-1.1895352e-01 1.5766205e-01 0.0000000e+00 
-7.3651567e-02 2.5580707e-01 0.0000000e+00 
1.8130268e-03 3.8859257e-01 0.0000000e+00 
-3.5206299e-02 3.2518321e-01 0.0000000e+00 
-8.0150133e-03 3.7205836e-01 0.0000000e+00 
-1.2537198e-01 1.4056918e-01 0.0000000e+00 
-1.3277191e-01 9.8525718e-02 0.0000000e+00 
-1.3256076e-01 1.0459442e-01 0.0000000e+00 
-2.6872693e-02 3.4038454e-01 0.0000000e+00 
-4.4193439e-02 3.1048912e-01 0.0000000e+00 
-1.3306145e-01 9.2907831e-02 0.0000000e+00 
-1.1304262e-01 1.7666480e-01 0.0000000e+00 
-1.3242848e-01 1.1111093e-01 0.0000000e+00 
1.0256981e-02 4.0571210e-01 0.0000000e+00 
-1.2731299e-01 6.9409430e-02 0.0000000e+00 
-6.8719111e-02 2.6897997e-01 0.0000000e+00 
-1.9228349e-02 3.5610038e-01 0.0000000e+00 
-1.3342912e-01 8.7742984e-02 0.0000000e+00 
-5.3797357e-02 2.9629827e-01 0.0000000e+00 
-1.3237564e-01 1.1807194e-01 0.0000000e+00 
-9.5922373e-02 2.1959916e-01 0.0000000e+00 
-1.2567757e-01 1.4933853e-01 0.0000000e+00 
-1.0165382e-01 2.0831522e-01 0.0000000e+00 
-9.0362005e-02 2.3135844e-01 0.0000000e+00 
-1.3240285e-01 1.2547424e-01 0.0000000e+00 
-1.1942714e-01 1.6733038e-01 0.0000000e+00 
-1.3387474e-01 8.3031982e-02 0.0000000e+00 
-2.0921892e-03 3.8885200e-01 0.0000000e+00 
-8.4971383e-02 2.4358618e-01 0.0000000e+00 
-6.3983001e-02 2.8261054e-01 0.0000000e+00 
-1.2305749e-02 3.7234047e-01 0.0000000e+00 
-1.0756326e-01 1.9751595e-01 0.0000000e+00 
6.7262650e-03 4.0595150e-01 0.0000000e+00 
-4.0387277e-02 3.2553449e-01 0.0000000e+00 
-3.1805057e-02 3.4071380e-01 0.0000000e+00 
-1.3251068e-01 1.3331498e-01 0.0000000e+00 
-1.3439819e-01 7.8773446e-02 0.0000000e+00 
-7.9754442e-02 2.5627768e-01 0.0000000e+00 
-4.9618531e-02 3.1086457e-01 0.0000000e+00 
-1.1366337e-01 1.8721326e-01 0.0000000e+00 
-2.3908949e-02 3.5640910e-01 0.0000000e+00 
-1.2605853e-01 1.5853533e-01 0.0000000e+00 
-5.9461512e-02 2.9670069e-01 0.0000000e+00 
-7.4720033e-02 2.6943034e-01 0.0000000e+00 
-6.1324551e-03 3.8911632e-01 0.0000000e+00 
-1.1997269e-01 1.7742187e-01 0.0000000e+00 
-1.3269962e-01 1.4159180e-01 0.0000000e+00 
-1.3499883e-01 7.4962988e-02 0.0000000e+00 
3.0642871e-03 4.0619397e-01 0.0000000e+00 
-1.6733384e-02 3.7262964e-01 0.0000000e+00 
-1.4038709e-01 1.0606750e-01 0.0000000e+00 
-1.4068812e-01 1.0009957e-01 0.0000000e+00 
-1.4017333e-01 1.1248960e-01 0.0000000e+00 
-1.0247342e-01 2.2017848e-01 0.0000000e+00 
-9.6802734e-02 2.3190276e-01 0.0000000e+00 
-6.9881491e-02 2.8304353e-01 0.0000000e+00 
-1.0832148e-01 2.0893572e-01 0.0000000e+00 
-1.4107576e-01 9.4588265e-02 0.0000000e+00 
-4.5702718e-02 3.2589817e-01 0.0000000e+00 
-3.6873370e-02 3.4105396e-01 0.0000000e+00 
-1.4004737e-01 1.1936291e-01 0.0000000e+00 
-9.1306172e-02 2.4410081e-01 0.0000000e+00 
-1.2651569e-01 1.6815957e-01 0.0000000e+00 
-1.3297011e-01 1.5030296e-01 0.0000000e+00 
-1.1435597e-01 1.9818465e-01 0.0000000e+00 
-5.5176187e-02 3.1125385e-01 0.0000000e+00 
-2.8726328e-02 3.5672727e-01 0.0000000e+00 
-1.4154923e-01 8.9534946e-02 0.0000000e+00 
-1.4000966e-01 1.2668429e-01 0.0000000e+00 
-8.5985936e-02 2.5676712e-01 0.0000000e+00 
-1.0308256e-02 3.8938633e-01 0.0000000e+00 
-7.3002384e-04 4.0644026e-01 0.0000000e+00 
-1.2059181e-01 1.8793815e-01 0.0000000e+00 
-6.5256171e-02 2.9711834e-01 0.0000000e+00 
-1.4210744e-01 8.4939249e-02 0.0000000e+00 
-2.1297796e-02 3.7292677e-01 0.0000000e+00 
-1.4006054e-01 1.3445084e-01 0.0000000e+00 
-8.0849364e-02 2.6989836e-01 0.0000000e+00 
-1.3332249e-01 1.5944742e-01 0.0000000e+00 
7.4417847e-03 4.2409703e-01 0.0000000e+00 
-1.2704992e-01 1.7821191e-01 0.0000000e+00 
-4.2076621e-02 3.4140587e-01 0.0000000e+00 
-5.1151361e-02 3.2627496e-01 0.0000000e+00 
-1.4274862e-01 8.0798350e-02 0.0000000e+00 
-1.4020017e-01 1.4266004e-01 0.0000000e+00 
-7.5908542e-02 2.8349304e-01 0.0000000e+00 
-3.3679798e-02 3.5705572e-01 0.0000000e+00 
-1.0337298e-01 2.3246910e-01 0.0000000e+00 
-1.0915599e-01 2.2078161e-01 0.0000000e+00 
-1.4619892e-02 3.8966292e-01 0.0000000e+00 
-4.6575642e-03 4.0669110e-01 0.0000000e+00 
-6.0864974e-02 3.1165755e-01 0.0000000e+00 
-9.7769104e-02 2.4463588e-01 0.0000000e+00 
-1.1512341e-01 2.0958202e-01 0.0000000e+00 
-2.5998674e-02 3.7323272e-01 0.0000000e+00 
-9.2344753e-02 2.5727564e-01 0.0000000e+00 
-1.2128644e-01 1.9888143e-01 0.0000000e+00 
-1.3375710e-01 1.6902481e-01 0.0000000e+00 
-1.4842337e-01 1.0760448e-01 0.0000000e+00 
-1.4812109e-01 1.1392875e-01 0.0000000e+00 
3.8867237e-03 4.2432466e-01 0.0000000e+00 
-1.4882074e-01 1.0174064e-01 0.0000000e+00 
-1.4042862e-01 1.5130988e-01 0.0000000e+00 
-7.1179830e-02 2.9755160e-01 0.0000000e+00 
-1.4791468e-01 1.2071083e-01 0.0000000e+00 
-1.4931203e-01 9.6339062e-02 0.0000000e+00 
-8.7105691e-02 2.7038422e-01 0.0000000e+00 
-1.2766232e-01 1.8869363e-01 0.0000000e+00 
-1.4780463e-01 1.2794779e-01 0.0000000e+00 
-4.7413636e-02 3.4177020e-01 0.0000000e+00 
-8.7190494e-03 4.0694723e-01 0.0000000e+00 
-1.9067470e-02 3.8994694e-01 0.0000000e+00 
-5.6731813e-02 3.2666546e-01 0.0000000e+00 
-3.8768493e-02 3.5739523e-01 0.0000000e+00 
-1.4989556e-01 9.1400206e-02 0.0000000e+00 
-1.4779115e-01 1.3563670e-01 0.0000000e+00 
-8.2062654e-02 2.8395942e-01 0.0000000e+00 
-1.4074580e-01 1.6039899e-01 0.0000000e+00 
2.0156991e-04 4.2455587e-01 0.0000000e+00 
-6.6683367e-02 3.1207612e-01 0.0000000e+00 
-1.3427433e-01 1.7903540e-01 0.0000000e+00 
-3.0835526e-02 3.7354836e-01 0.0000000e+00 
-1.1007176e-01 2.3305762e-01 0.0000000e+00 
-1.1596932e-01 2.2140872e-01 0.0000000e+00 
-1.0435902e-01 2.4519156e-01 0.0000000e+00 
-1.5056878e-01 8.6922564e-02 0.0000000e+00 
-1.2205902e-01 2.1025437e-01 0.0000000e+00 
-1.4787422e-01 1.4377490e-01 0.0000000e+00 
-9.8829582e-02 2.5780338e-01 0.0000000e+00 
-7.7230908e-02 2.9800084e-01 0.0000000e+00 
-1.2915006e-02 4.0720952e-01 0.0000000e+00 
-1.2835431e-01 1.9960655e-01 0.0000000e+00 
-2.3650901e-02 3.9023927e-01 0.0000000e+00 
-1.4115161e-01 1.6992666e-01 0.0000000e+00 
-5.2883111e-02 3.4214762e-01 0.0000000e+00 
-9.3487561e-02 2.7088815e-01 0.0000000e+00 
-4.3991383e-02 3.5774663e-01 0.0000000e+00 
-3.6147744e-03 4.2479131e-01 0.0000000e+00 
-6.2442571e-02 3.2707018e-01 0.0000000e+00 
-1.4805357e-01 1.5236016e-01 0.0000000e+00 
-1.3487473e-01 1.8948008e-01 0.0000000e+00 
-1.5627173e-01 1.1543038e-01 0.0000000e+00 
-1.5666907e-01 1.0920770e-01 0.0000000e+00 
-3.5807665e-02 3.7387457e-01 0.0000000e+00 
-1.5597787e-01 1.2211750e-01 0.0000000e+00 
-8.8342264e-02 2.8444281e-01 0.0000000e+00 
-7.2629765e-02 3.1250992e-01 0.0000000e+00 
-1.5716855e-01 1.0345166e-01 0.0000000e+00 
-1.5578823e-01 1.2926631e-01 0.0000000e+00 
-1.7245768e-02 4.0747875e-01 0.0000000e+00 
-1.5776818e-01 9.8163418e-02 0.0000000e+00 
-1.1689810e-01 2.3366848e-01 0.0000000e+00 
-1.1107475e-01 2.4576797e-01 0.0000000e+00 
-1.4832883e-01 1.6139083e-01 0.0000000e+00 
-1.2291259e-01 2.2206002e-01 0.0000000e+00 
-1.4164595e-01 1.7989281e-01 0.0000000e+00 
-2.8369904e-02 3.9054078e-01 0.0000000e+00 
-7.5632324e-03 4.2503172e-01 0.0000000e+00 
-1.5570307e-01 1.3687393e-01 0.0000000e+00 
-8.3407775e-02 2.9846632e-01 0.0000000e+00 
-1.0543910e-01 2.5835049e-01 0.0000000e+00 
-1.2912773e-01 2.1095300e-01 0.0000000e+00 
-5.8483597e-02 3.4253871e-01 0.0000000e+00 
-4.9347274e-02 3.5811061e-01 0.0000000e+00 
-1.5846489e-01 9.3342572e-02 0.0000000e+00 
-6.8282031e-02 3.2748955e-01 0.0000000e+00 
-9.9993512e-02 2.7141023e-01 0.0000000e+00 
-1.5572231e-01 1.4493759e-01 0.0000000e+00 
-1.3555919e-01 2.0036036e-01 0.0000000e+00 
-4.0914226e-02 3.7421212e-01 0.0000000e+00 
6.8149995e-04 4.4320607e-01 0.0000000e+00 
-1.4869943e-01 1.7086583e-01 0.0000000e+00 
-2.1711471e-02 4.0775585e-01 0.0000000e+00 
-7.8702465e-02 3.1295931e-01 0.0000000e+00 
-9.4745785e-02 2.8494343e-01 0.0000000e+00 
-1.1644542e-02 4.2527789e-01 0.0000000e+00 
-1.4222890e-01 1.9029795e-01 0.0000000e+00 
-3.3223990e-02 3.9085236e-01 0.0000000e+00 
-1.5584549e-01 1.5345487e-01 0.0000000e+00 
-1.2385099e-01 2.3430181e-01 0.0000000e+00 
-3.0258766e-03 4.4342428e-01 0.0000000e+00 
-1.1791512e-01 2.4636520e-01 0.0000000e+00 
-5.4834813e-02 3.5848784e-01 0.0000000e+00 
-1.6462506e-01 1.1699697e-01 0.0000000e+00 
-6.4213529e-02 3.4294406e-01 0.0000000e+00 
-8.9708731e-02 2.9894823e-01 0.0000000e+00 
-1.2998505e-01 2.2273569e-01 0.0000000e+00 
-1.6423710e-01 1.2358503e-01 0.0000000e+00 
-1.6512345e-01 1.1088002e-01 0.0000000e+00 
-1.1217196e-01 2.5891700e-01 0.0000000e+00 
-4.6154160e-02 3.7456185e-01 0.0000000e+00 
-1.4916486e-01 1.8078473e-01 0.0000000e+00 
-1.6396083e-01 1.3064168e-01 0.0000000e+00 
-7.4248485e-02 3.2792398e-01 0.0000000e+00 
-1.5607195e-01 1.6242382e-01 0.0000000e+00 
-1.3632895e-01 2.1167816e-01 0.0000000e+00 
-1.6573015e-01 1.0523592e-01 0.0000000e+00 
-2.6312049e-02 4.0804166e-01 0.0000000e+00 
-1.5859254e-02 4.2553058e-01 0.0000000e+00 
-1.0662205e-01 2.7195057e-01 0.0000000e+00 
-1.6379678e-01 1.3816412e-01 0.0000000e+00 
-3.8212482e-02 3.9117485e-01 0.0000000e+00 
-1.6644187e-01 1.0006522e-01 0.0000000e+00 
-1.4290072e-01 2.0114319e-01 0.0000000e+00 
-8.4899724e-02 3.1342450e-01 0.0000000e+00 
-6.8633594e-03 4.4364718e-01 0.0000000e+00 
-1.0127159e-01 2.8546134e-01 0.0000000e+00 
-1.6374496e-01 1.4614949e-01 0.0000000e+00 
-1.5640078e-01 1.7184308e-01 0.0000000e+00 
-6.0452502e-02 3.5887891e-01 0.0000000e+00 
-1.4972465e-01 1.9114769e-01 0.0000000e+00 
-7.0071213e-02 3.4336403e-01 0.0000000e+00 
-2.0207716e-02 4.2579073e-01 0.0000000e+00 
-5.1526241e-02 3.7492439e-01 0.0000000e+00 
-3.1047229e-02 4.0833709e-01 0.0000000e+00 
-9.6132070e-02 2.9944667e-01 0.0000000e+00 
-1.6380483e-01 1.5459518e-01 0.0000000e+00 
-1.2487897e-01 2.4698335e-01 0.0000000e+00 
-1.3092947e-01 2.3495772e-01 0.0000000e+00 
-8.0340147e-02 3.2837376e-01 0.0000000e+00 
-1.1902682e-01 2.5950301e-01 0.0000000e+00 
-1.3718587e-01 2.2343591e-01 0.0000000e+00 
-1.0831873e-02 4.4387543e-01 0.0000000e+00 
-4.3334499e-02 3.9150909e-01 0.0000000e+00 
-1.1337167e-01 2.7250922e-01 0.0000000e+00 
-1.4366211e-01 2.1243013e-01 0.0000000e+00 
-1.5683106e-01 1.8171182e-01 0.0000000e+00 
-9.1219738e-02 3.1390566e-01 0.0000000e+00 
-1.6397554e-01 1.6349903e-01 0.0000000e+00 
-1.7269245e-01 1.2511590e-01 0.0000000e+00 
-1.7318077e-01 1.1863139e-01 0.0000000e+00 
-1.7232276e-01 1.3207607e-01 0.0000000e+00 
-1.0791805e-01 2.8599659e-01 0.0000000e+00 
-1.7378570e-01 1.1262476e-01 0.0000000e+00 
-2.4690077e-02 4.2605916e-01 0.0000000e+00 
-1.5037854e-01 2.0195544e-01 0.0000000e+00 
-3.5916530e-02 4.0864301e-01 0.0000000e+00 
-6.6198707e-02 3.5928434e-01 0.0000000e+00 
-1.7207277e-01 1.3950913e-01 0.0000000e+00 
-5.7029076e-02 3.7530050e-01 0.0000000e+00 
-7.6054864e-02 3.4379902e-01 0.0000000e+00 
-1.7450395e-01 1.0709736e-01 0.0000000e+00 
-1.4932158e-02 4.4410986e-01 0.0000000e+00 
-1.0267603e-01 2.9996166e-01 0.0000000e+00 
-1.6425592e-01 1.7285928e-01 0.0000000e+00 
-4.8588973e-02 3.9185584e-01 0.0000000e+00 
-1.7194268e-01 1.4741220e-01 0.0000000e+00 
-8.6555153e-02 3.2883909e-01 0.0000000e+00 
-1.5736182e-01 1.9202985e-01 0.0000000e+00 
-1.3196512e-01 2.4762248e-01 0.0000000e+00 
-1.3813254e-01 2.3563637e-01 0.0000000e+00 
-1.2600233e-01 2.6010850e-01 0.0000000e+00 
-1.4451431e-01 2.2416086e-01 0.0000000e+00 
-2.9306274e-02 4.2633674e-01 0.0000000e+00 
-6.6377069e-03 4.6279961e-01 0.0000000e+00 
-1.2024087e-01 2.7308613e-01 0.0000000e+00 
-1.7193207e-01 1.5578251e-01 0.0000000e+00 
-9.7660661e-02 3.1440282e-01 0.0000000e+00 
-4.0919259e-02 4.0896028e-01 0.0000000e+00 
-1.9164763e-02 4.4435129e-01 0.0000000e+00 
-1.5112665e-01 2.1320923e-01 0.0000000e+00 
-7.2071657e-02 3.5970455e-01 0.0000000e+00 
-6.2661111e-02 3.7569076e-01 0.0000000e+00 
-1.1468352e-01 2.8654912e-01 0.0000000e+00 
-1.6464463e-01 1.8267481e-01 0.0000000e+00 
-8.2162589e-02 3.4424931e-01 0.0000000e+00 
-1.7203997e-01 1.6461758e-01 0.0000000e+00 
-5.3974643e-02 3.9221591e-01 0.0000000e+00 
-1.5799230e-01 2.0279753e-01 0.0000000e+00 
-1.0496269e-02 4.6300825e-01 0.0000000e+00 
-1.0933882e-01 3.0049321e-01 0.0000000e+00 
-9.2891589e-02 3.2932007e-01 0.0000000e+00 
-1.8134391e-01 1.2671301e-01 0.0000000e+00 
-3.4056030e-02 4.2662445e-01 0.0000000e+00 
-1.8193845e-01 1.2033698e-01 0.0000000e+00 
-1.8087433e-01 1.3357194e-01 0.0000000e+00 
-2.3530034e-02 4.4460058e-01 0.0000000e+00 
-1.8053144e-01 1.4091109e-01 0.0000000e+00 
-1.8265484e-01 1.1444585e-01 0.0000000e+00 
-4.6054523e-02 4.0928981e-01 0.0000000e+00 
-1.3917241e-01 2.4828261e-01 0.0000000e+00 
-1.3309716e-01 2.6073352e-01 0.0000000e+00 
-1.4545923e-01 2.3633784e-01 0.0000000e+00 
-1.7226504e-01 1.7391543e-01 0.0000000e+00 
-1.6514032e-01 1.9294505e-01 0.0000000e+00 
-1.0422060e-01 3.1491598e-01 0.0000000e+00 
-1.8031596e-01 1.4872755e-01 0.0000000e+00 
-1.2722816e-01 2.7368128e-01 0.0000000e+00 
-1.5196960e-01 2.2491080e-01 0.0000000e+00 
-7.8069471e-02 3.6013991e-01 0.0000000e+00 
-6.8420641e-02 3.7609565e-01 0.0000000e+00 
-1.4484800e-02 4.6322271e-01 0.0000000e+00 
-8.8392422e-02 3.4471503e-01 0.0000000e+00 
-5.9490066e-02 3.9258990e-01 0.0000000e+00 
-1.2156634e-01 2.8711888e-01 0.0000000e+00 
-1.5872203e-01 2.1401577e-01 0.0000000e+00 
-1.8022765e-01 1.5701838e-01 0.0000000e+00 
-3.8938854e-02 4.2692316e-01 0.0000000e+00 
-2.8028112e-02 4.4485861e-01 0.0000000e+00 
-1.7260563e-01 1.8367453e-01 0.0000000e+00 
-9.9347472e-02 3.2981673e-01 0.0000000e+00 
-1.1611868e-01 3.0104122e-01 0.0000000e+00 
-5.1321212e-02 4.0963238e-01 0.0000000e+00 
-1.6574168e-01 2.0366998e-01 0.0000000e+00 
-1.8026564e-01 1.6578084e-01 0.0000000e+00 
-1.8604018e-02 4.6344373e-01 0.0000000e+00 
-7.4305810e-02 3.7651566e-01 0.0000000e+00 
-1.4649966e-01 2.4896383e-01 0.0000000e+00 
-8.4190167e-02 3.6059067e-01 0.0000000e+00 
-1.4030996e-01 2.6137799e-01 0.0000000e+00 
-1.1089765e-01 3.1544510e-01 0.0000000e+00 
-1.5290861e-01 2.3706229e-01 0.0000000e+00 
-6.5133624e-02 3.9297849e-01 0.0000000e+00 
-1.3433200e-01 2.7429458e-01 0.0000000e+00 
-4.3954030e-02 4.2723376e-01 0.0000000e+00 
-3.2658916e-02 4.4512635e-01 0.0000000e+00 
-1.9019146e-01 1.2837963e-01 0.0000000e+00 
-1.8961574e-01 1.3513210e-01 0.0000000e+00 
-1.7306000e-01 1.9389397e-01 0.0000000e+00 
-9.4742320e-02 3.4519631e-01 0.0000000e+00 
-1.5955096e-01 2.2568595e-01 0.0000000e+00 
-1.8042843e-01 1.7501265e-01 0.0000000e+00 
-1.9089764e-01 1.2211759e-01 0.0000000e+00 
-1.8917322e-01 1.4237243e-01 0.0000000e+00 
-1.2856485e-01 2.8770575e-01 0.0000000e+00 
-5.6718029e-02 4.0998873e-01 0.0000000e+00 
-2.2854447e-02 4.6367216e-01 0.0000000e+00 
-1.8886527e-01 1.5009762e-01 0.0000000e+00 
-1.6644768e-01 2.1485016e-01 0.0000000e+00 
-1.0592081e-01 3.3032903e-01 0.0000000e+00 
-1.2301379e-01 3.0160558e-01 0.0000000e+00 
-1.8869208e-01 1.5830457e-01 0.0000000e+00 
-1.8071418e-01 1.8471193e-01 0.0000000e+00 
-8.0314651e-02 3.7695110e-01 0.0000000e+00 
-3.7422150e-02 4.4540471e-01 0.0000000e+00 
-4.9100630e-02 4.2755717e-01 0.0000000e+00 
-1.7362635e-01 2.0457333e-01 0.0000000e+00 
-9.0431668e-02 3.6105695e-01 0.0000000e+00 
-7.0903532e-02 3.9338219e-01 0.0000000e+00 
-1.4531374e-02 4.8287380e-01 0.0000000e+00 
-1.1768989e-01 3.1599000e-01 0.0000000e+00 
-2.7236411e-02 4.6390891e-01 0.0000000e+00 
-1.5394577e-01 2.4966618e-01 0.0000000e+00 
-1.4763941e-01 2.6204190e-01 0.0000000e+00 
-1.8865292e-01 1.6699031e-01 0.0000000e+00 
-1.0121021e-01 3.4569308e-01 0.0000000e+00 
-1.4155091e-01 2.7492598e-01 0.0000000e+00 
-1.6047969e-01 2.3780988e-01 0.0000000e+00 
-6.2243465e-02 4.1035962e-01 0.0000000e+00 
-1.3567740e-01 2.8830960e-01 0.0000000e+00 
-1.6725768e-01 2.2648659e-01 0.0000000e+00 
-1.8112078e-01 1.9487737e-01 0.0000000e+00 
-1.1260957e-01 3.3085680e-01 0.0000000e+00 
-1.8874635e-01 1.7615221e-01 0.0000000e+00 
-4.2317297e-02 4.4569466e-01 0.0000000e+00 
-1.8541053e-02 4.8307279e-01 0.0000000e+00 
-1.3002236e-01 3.0218607e-01 0.0000000e+00 
-5.4377504e-02 4.2789423e-01 0.0000000e+00 
-1.9854723e-01 1.3675979e-01 0.0000000e+00 
-1.9923499e-01 1.3011952e-01 0.0000000e+00 
-1.7430311e-01 2.1571282e-01 0.0000000e+00 
-1.9799852e-01 1.4389589e-01 0.0000000e+00 
-8.6445071e-02 3.7740219e-01 0.0000000e+00 
-3.1750020e-02 4.6415490e-01 0.0000000e+00 
-7.6797858e-02 3.9380142e-01 0.0000000e+00 
-9.6791826e-02 3.6153883e-01 0.0000000e+00 
-1.9759113e-01 1.5152474e-01 0.0000000e+00 
-6.7895830e-02 4.1074565e-01 0.0000000e+00 
-1.2459540e-01 3.1655052e-01 0.0000000e+00 
-1.8897037e-01 1.8578807e-01 0.0000000e+00 
-1.0779397e-01 3.4620526e-01 0.0000000e+00 
-1.9732583e-01 1.5964307e-01 0.0000000e+00 
-1.8164602e-01 2.0550822e-01 0.0000000e+00 
-2.2680301e-02 4.8327869e-01 0.0000000e+00 
-1.5508418e-01 2.6272526e-01 0.0000000e+00 
-1.6150959e-01 2.5038972e-01 0.0000000e+00 
-1.4888342e-01 2.7557534e-01 0.0000000e+00 
-4.7343601e-02 4.4599709e-01 0.0000000e+00 
-1.6817155e-01 2.3858078e-01 0.0000000e+00 
-3.6395159e-02 4.6441111e-01 0.0000000e+00 
-5.9783284e-02 4.2824572e-01 0.0000000e+00 
-1.4290233e-01 2.8893027e-01 0.0000000e+00 
-1.9720225e-01 1.6824766e-01 0.0000000e+00 
-1.1941170e-01 3.3139986e-01 0.0000000e+00 
-1.7508902e-01 2.2731307e-01 0.0000000e+00 
-9.2694893e-02 3.7786910e-01 0.0000000e+00 
-8.2814522e-02 3.9423656e-01 0.0000000e+00 
-1.8932259e-01 1.9589616e-01 0.0000000e+00 
-1.3714261e-01 3.0278248e-01 0.0000000e+00 
-1.0326844e-01 3.6203623e-01 0.0000000e+00 
-2.6949599e-02 4.8349246e-01 0.0000000e+00 
-7.3673263e-02 4.1114739e-01 0.0000000e+00 
-1.9721912e-01 1.7733553e-01 0.0000000e+00 
-1.8228781e-01 2.1660425e-01 0.0000000e+00 
-5.2500080e-02 4.4631299e-01 0.0000000e+00 
-1.3161227e-01 3.1712633e-01 0.0000000e+00 
-1.1449145e-01 3.4673268e-01 0.0000000e+00 
-4.1171495e-02 4.6467853e-01 0.0000000e+00 
-2.0766900e-01 1.3845858e-01 0.0000000e+00 
-2.0700775e-01 1.4548452e-01 0.0000000e+00 
-6.5316401e-02 4.2861241e-01 0.0000000e+00 
-1.6264297e-01 2.6342800e-01 0.0000000e+00 
-2.0649400e-01 1.5301153e-01 0.0000000e+00 
-1.6918997e-01 2.5113457e-01 0.0000000e+00 
-1.5632804e-01 2.7624252e-01 0.0000000e+00 
-1.8980043e-01 2.0647535e-01 0.0000000e+00 
-1.9737434e-01 1.8690412e-01 0.0000000e+00 
-3.1349223e-02 4.8371497e-01 0.0000000e+00 
-1.2632516e-01 3.3195791e-01 0.0000000e+00 
-1.5023804e-01 2.8956753e-01 0.0000000e+00 
-1.7598328e-01 2.3937522e-01 0.0000000e+00 
-8.8951342e-02 3.9468780e-01 0.0000000e+00 
-9.9061862e-02 3.7835181e-01 0.0000000e+00 
-2.0612942e-01 1.6103612e-01 0.0000000e+00 
-7.9573728e-02 4.1156527e-01 0.0000000e+00 
-1.0985927e-01 3.6254898e-01 0.0000000e+00 
-1.4437276e-01 3.0339456e-01 0.0000000e+00 
-1.8304427e-01 2.2816572e-01 0.0000000e+00 
-5.7785526e-02 4.4664323e-01 0.0000000e+00 
-4.6078458e-02 4.6495813e-01 0.0000000e+00 
-2.0591411e-01 1.6955477e-01 0.0000000e+00 
-1.9766539e-01 1.9695130e-01 0.0000000e+00 
-7.0975088e-02 4.2899495e-01 0.0000000e+00 
-1.2130047e-01 3.4727499e-01 0.0000000e+00 
-1.3873857e-01 3.1771716e-01 0.0000000e+00 
-2.3016291e-02 5.0342351e-01 0.0000000e+00 
-3.5879228e-02 4.8394722e-01 0.0000000e+00 
-1.9040130e-01 2.1752499e-01 0.0000000e+00 
-2.0584707e-01 1.7856419e-01 0.0000000e+00 
-9.5206015e-02 3.9515528e-01 0.0000000e+00 
-1.7031449e-01 2.6415014e-01 0.0000000e+00 
-1.0554364e-01 3.7885022e-01 0.0000000e+00 
-1.6388328e-01 2.7692747e-01 0.0000000e+00 
-1.3334793e-01 3.3253062e-01 0.0000000e+00 
-1.7698583e-01 2.5190079e-01 0.0000000e+00 
-5.1115237e-02 4.6525091e-01 0.0000000e+00 
-6.3198499e-02 4.4698864e-01 0.0000000e+00 
-8.5595042e-02 4.1199967e-01 0.0000000e+00 
-1.5768288e-01 2.9022118e-01 0.0000000e+00 
-1.9808933e-01 2.0747550e-01 0.0000000e+00 
-1.1656206e-01 3.6307684e-01 0.0000000e+00 
-2.7178224e-02 5.0361264e-01 0.0000000e+00 
-1.8391396e-01 2.4019344e-01 0.0000000e+00 
-2.0592631e-01 1.8806140e-01 0.0000000e+00 
-2.1620131e-01 1.4714177e-01 0.0000000e+00 
-4.0539455e-02 4.8419026e-01 0.0000000e+00 
-1.5171106e-01 3.0402201e-01 0.0000000e+00 
-2.1557447e-01 1.5456091e-01 0.0000000e+00 
-7.6757364e-02 4.2939395e-01 0.0000000e+00 
-1.9112276e-01 2.2904499e-01 0.0000000e+00 
-2.1510340e-01 1.6248617e-01 0.0000000e+00 
-1.2821889e-01 3.4783188e-01 0.0000000e+00 
-1.4597242e-01 3.1832263e-01 0.0000000e+00 
-5.6280781e-02 4.6555787e-01 0.0000000e+00 
-2.1478897e-01 1.7091374e-01 0.0000000e+00 
-2.0614918e-01 1.9804385e-01 0.0000000e+00 
-3.1468943e-02 5.0380993e-01 0.0000000e+00 
-6.8737343e-02 4.4735005e-01 0.0000000e+00 
-1.0157615e-01 3.9563897e-01 0.0000000e+00 
-1.9864312e-01 2.1847568e-01 0.0000000e+00 
-1.1213788e-01 3.7936413e-01 0.0000000e+00 
-9.1734894e-02 4.1245082e-01 0.0000000e+00 
-4.5329504e-02 4.8444510e-01 0.0000000e+00 
-1.4047796e-01 3.3311754e-01 0.0000000e+00 
-1.7809746e-01 2.6489171e-01 0.0000000e+00 
-1.7154774e-01 2.7763003e-01 0.0000000e+00 
-2.1463059e-01 1.7983994e-01 0.0000000e+00 
-1.2337451e-01 3.6361942e-01 0.0000000e+00 
-8.2661092e-02 4.2980987e-01 0.0000000e+00 
-1.8489607e-01 2.5268859e-01 0.0000000e+00 
-1.6523527e-01 2.9089105e-01 0.0000000e+00 
-1.9196269e-01 2.4103574e-01 0.0000000e+00 
-1.5915574e-01 3.0466455e-01 0.0000000e+00 
-2.0651251e-01 2.0850956e-01 0.0000000e+00 
-3.5888661e-02 5.0401646e-01 0.0000000e+00 
-6.1573800e-02 4.6587998e-01 0.0000000e+00 
-1.3524456e-01 3.4840286e-01 0.0000000e+00 
-2.1462649e-01 1.8926138e-01 0.0000000e+00 
-7.4400172e-02 4.4772819e-01 0.0000000e+00 
-5.0248735e-02 4.8471278e-01 0.0000000e+00 
-1.5331194e-01 3.1894243e-01 0.0000000e+00 
-1.9932379e-01 2.2995135e-01 0.0000000e+00 
-1.0805931e-01 3.9613873e-01 0.0000000e+00 
-9.7990856e-02 4.1291878e-01 0.0000000e+00 
-2.2483307e-01 1.5617609e-01 0.0000000e+00 
-1.1884219e-01 3.7989318e-01 0.0000000e+00 
-2.2424838e-01 1.6399597e-01 0.0000000e+00 
-8.8683963e-02 4.3024305e-01 0.0000000e+00 
-1.4771327e-01 3.3371827e-01 0.0000000e+00 
-4.0437359e-02 5.0423324e-01 0.0000000e+00 
-2.1477400e-01 1.9917506e-01 0.0000000e+00 
-1.3029438e-01 3.6417630e-01 0.0000000e+00 
-2.0701286e-01 2.1945705e-01 0.0000000e+00 
-2.2382738e-01 1.7232688e-01 0.0000000e+00 
-1.7931993e-01 2.7835017e-01 0.0000000e+00 
-1.8599057e-01 2.6565275e-01 0.0000000e+00 
-6.6992767e-02 4.6621814e-01 0.0000000e+00 
-1.7289361e-01 2.9157692e-01 0.0000000e+00 
-5.5296257e-02 4.8499441e-01 0.0000000e+00 
-1.9291958e-01 2.5349811e-01 0.0000000e+00 
-8.0184907e-02 4.4812363e-01 0.0000000e+00 
-1.6670512e-01 3.0532190e-01 0.0000000e+00 
-2.2357011e-01 1.8116471e-01 0.0000000e+00 
-1.4237538e-01 3.4898746e-01 0.0000000e+00 
-2.0012861e-01 2.4190250e-01 0.0000000e+00 
-1.1465300e-01 3.9665428e-01 0.0000000e+00 
-1.0436041e-01 4.1340351e-01 0.0000000e+00 
-4.5114800e-02 5.0446141e-01 0.0000000e+00 
-2.1506979e-01 2.0957853e-01 0.0000000e+00 
-1.6075528e-01 3.1957608e-01 0.0000000e+00 
-3.2110795e-02 5.2444166e-01 0.0000000e+00 
-1.2565419e-01 3.8043696e-01 0.0000000e+00 
-9.4823539e-02 4.3069378e-01 0.0000000e+00 
-2.2347513e-01 1.9050565e-01 0.0000000e+00 
-2.0764676e-01 2.3088536e-01 0.0000000e+00 
-7.2535902e-02 4.6657321e-01 0.0000000e+00 
-6.0470931e-02 4.8529103e-01 0.0000000e+00 
-1.5505189e-01 3.3433232e-01 0.0000000e+00 
-1.3731942e-01 3.6474690e-01 0.0000000e+00 
-8.6089283e-02 4.4853693e-01 0.0000000e+00 
-1.8719845e-01 2.7908781e-01 0.0000000e+00 
-3.6427498e-02 5.2462065e-01 0.0000000e+00 
-4.9920503e-02 5.0470197e-01 0.0000000e+00 
-1.9399258e-01 2.6643330e-01 0.0000000e+00 
-2.1551010e-01 2.2046983e-01 0.0000000e+00 
-1.8065631e-01 2.9227865e-01 0.0000000e+00 
-2.2353992e-01 2.0034622e-01 0.0000000e+00 
-2.3356499e-01 1.6556852e-01 0.0000000e+00 
-2.0105530e-01 2.5432959e-01 0.0000000e+00 
-1.4960922e-01 3.4958515e-01 0.0000000e+00 
-1.7435743e-01 3.0599374e-01 0.0000000e+00 
-1.1084098e-01 4.1390488e-01 0.0000000e+00 
-1.2135472e-01 3.9718521e-01 0.0000000e+00 
-2.3302995e-01 1.7379670e-01 0.0000000e+00 
-1.0107724e-01 4.3116212e-01 0.0000000e+00 
-1.3257150e-01 3.8099489e-01 0.0000000e+00 
-6.5771371e-02 4.8560369e-01 0.0000000e+00 
-7.8201212e-02 4.6694595e-01 0.0000000e+00 
-2.0841084e-01 2.4279408e-01 0.0000000e+00 
-1.6830060e-01 3.2022321e-01 0.0000000e+00 
-2.3266611e-01 1.8254064e-01 0.0000000e+00 
-4.0871680e-02 5.2480930e-01 0.0000000e+00 
-2.2376104e-01 2.1068347e-01 0.0000000e+00 
-5.4853737e-02 5.0495613e-01 0.0000000e+00 
-9.2110835e-02 4.4896844e-01 0.0000000e+00 
-1.4444740e-01 3.6533067e-01 0.0000000e+00 
-1.6249187e-01 3.3495918e-01 0.0000000e+00 
-2.1609099e-01 2.3184760e-01 0.0000000e+00 
-2.3247258e-01 1.9179600e-01 0.0000000e+00 
-1.9518183e-01 2.7984294e-01 0.0000000e+00 
-1.1742993e-01 4.1442251e-01 0.0000000e+00 
-7.1195915e-02 4.8593333e-01 0.0000000e+00 
-1.8852182e-01 2.9299602e-01 0.0000000e+00 
-1.2816197e-01 3.9773098e-01 0.0000000e+00 
-2.0210224e-01 2.6723349e-01 0.0000000e+00 
-8.3986476e-02 4.6733704e-01 0.0000000e+00 
-1.5694407e-01 3.5019529e-01 0.0000000e+00 
-4.5443244e-02 5.2500874e-01 0.0000000e+00 
-1.0744240e-01 4.3164799e-01 0.0000000e+00 
-1.8211102e-01 3.0667976e-01 0.0000000e+00 
-2.2413449e-01 2.2151494e-01 0.0000000e+00 
-2.0930216e-01 2.5518328e-01 0.0000000e+00 
-5.9913512e-02 5.0522500e-01 0.0000000e+00 
-1.3959180e-01 3.8156635e-01 0.0000000e+00 
-2.3244706e-01 2.0155881e-01 0.0000000e+00 
-1.7594612e-01 3.2088345e-01 0.0000000e+00 
-9.8246969e-02 4.4941846e-01 0.0000000e+00 
-2.1680854e-01 2.4371095e-01 0.0000000e+00 
-2.4239731e-01 1.7532602e-01 0.0000000e+00 
-1.5167618e-01 3.6592689e-01 0.0000000e+00 
-1.7003131e-01 3.3559832e-01 0.0000000e+00 
-5.0141849e-02 5.2522016e-01 0.0000000e+00 
-7.6742671e-02 4.8628095e-01 0.0000000e+00 
-2.3258615e-01 2.1182556e-01 0.0000000e+00 
-2.4191914e-01 1.8397005e-01 0.0000000e+00 
-8.9889258e-02 4.6774709e-01 0.0000000e+00 
-1.2412464e-01 4.1495594e-01 0.0000000e+00 
-2.2465591e-01 2.3283878e-01 0.0000000e+00 
-6.5098576e-02 5.0550985e-01 0.0000000e+00 
-1.1391629e-01 4.3215120e-01 0.0000000e+00 
-1.3507226e-01 3.9829099e-01 0.0000000e+00 
-1.6437788e-01 3.5081729e-01 0.0000000e+00 
-2.0326869e-01 2.8061554e-01 0.0000000e+00 
-1.9648854e-01 2.9372892e-01 0.0000000e+00 
-2.4161920e-01 1.9313437e-01 0.0000000e+00 
-2.1031827e-01 2.6805350e-01 0.0000000e+00 
-1.4671275e-01 3.8215062e-01 0.0000000e+00 
-1.0449494e-01 4.4988704e-01 0.0000000e+00 
-1.8996418e-01 3.0737975e-01 0.0000000e+00 
-5.4966915e-02 5.2544463e-01 0.0000000e+00 
-2.1765909e-01 2.5605956e-01 0.0000000e+00 
-2.3288567e-01 2.2259331e-01 0.0000000e+00 
-1.8369003e-01 3.2155639e-01 0.0000000e+00 
-4.1835155e-02 5.4591864e-01 0.0000000e+00 
-8.2409486e-02 4.8664740e-01 0.0000000e+00 
-2.4149559e-01 2.0281442e-01 0.0000000e+00 
-1.5900362e-01 3.6653486e-01 0.0000000e+00 
-7.0407405e-02 5.0581169e-01 0.0000000e+00 
-9.5906943e-02 4.6817648e-01 0.0000000e+00 
-2.2532088e-01 2.4465364e-01 0.0000000e+00 
-1.7766832e-01 3.3624926e-01 0.0000000e+00 
-1.3092248e-01 4.1550457e-01 0.0000000e+00 
-1.2049613e-01 4.3267137e-01 0.0000000e+00 
-1.4208315e-01 3.9886448e-01 0.0000000e+00 
-5.9917592e-02 5.2568352e-01 0.0000000e+00 
-4.6310700e-02 5.4608727e-01 0.0000000e+00 
-1.1085192e-01 4.5037416e-01 0.0000000e+00 
-2.4154505e-01 2.1300614e-01 0.0000000e+00 
-1.7190869e-01 3.5145050e-01 0.0000000e+00 
-2.3334093e-01 2.3385964e-01 0.0000000e+00 
-1.5393215e-01 3.8274688e-01 0.0000000e+00 
-2.5132981e-01 1.8545549e-01 0.0000000e+00 
-2.0455493e-01 2.9447728e-01 0.0000000e+00 
-2.1145757e-01 2.8140566e-01 0.0000000e+00 
-8.8193968e-02 4.8703337e-01 0.0000000e+00 
-7.5838208e-02 5.0613159e-01 0.0000000e+00 
-1.9791524e-01 3.0809346e-01 0.0000000e+00 
-2.1863942e-01 2.6889351e-01 0.0000000e+00 
-1.0203674e-01 4.6862552e-01 0.0000000e+00 
-1.9153056e-01 3.2224163e-01 0.0000000e+00 
-2.5091544e-01 1.9452286e-01 0.0000000e+00 
-2.2612502e-01 2.5695875e-01 0.0000000e+00 
-1.6642764e-01 3.6715382e-01 0.0000000e+00 
-5.0911747e-02 5.4626727e-01 0.0000000e+00 
-6.4992763e-02 5.2593809e-01 0.0000000e+00 
-2.4176334e-01 2.2370601e-01 0.0000000e+00 
-1.3782085e-01 4.1606763e-01 0.0000000e+00 
-1.2717916e-01 4.3320793e-01 0.0000000e+00 
-1.8540104e-01 3.3691147e-01 0.0000000e+00 
-1.4919230e-01 3.9945057e-01 0.0000000e+00 
-1.1731499e-01 4.5087948e-01 0.0000000e+00 
-2.3394701e-01 2.4562274e-01 0.0000000e+00 
-2.5068575e-01 2.0411479e-01 0.0000000e+00 
-9.4093509e-02 4.8743954e-01 0.0000000e+00 
-8.1388921e-02 5.0647068e-01 0.0000000e+00 
-1.7953458e-01 3.5209426e-01 0.0000000e+00 
-1.6124782e-01 3.8335431e-01 0.0000000e+00 
-5.5637840e-02 5.4645979e-01 0.0000000e+00 
-1.0827572e-01 4.6909428e-01 0.0000000e+00 
-7.0191041e-02 5.2620953e-01 0.0000000e+00 
-2.1271938e-01 2.9524103e-01 0.0000000e+00 
-2.4214551e-01 2.3491104e-01 0.0000000e+00 
-2.1974704e-01 2.8221339e-01 0.0000000e+00 
-2.5063777e-01 2.1422662e-01 0.0000000e+00 
-2.0596249e-01 3.0882066e-01 0.0000000e+00 
-2.2706440e-01 2.6975378e-01 0.0000000e+00 
-1.9946593e-01 3.2293889e-01 0.0000000e+00 
-1.7394625e-01 3.6778301e-01 0.0000000e+00 
-1.3396260e-01 4.3376020e-01 0.0000000e+00 
-1.4481723e-01 4.1664428e-01 0.0000000e+00 
-8.7057211e-02 5.0682986e-01 0.0000000e+00 
-2.3469892e-01 2.5788131e-01 0.0000000e+00 
-1.2388123e-01 4.5140263e-01 0.0000000e+00 
-1.0010527e-01 4.8786640e-01 0.0000000e+00 
-1.5639737e-01 4.0004838e-01 0.0000000e+00 
-1.9322765e-01 3.3758447e-01 0.0000000e+00 
-6.0488265e-02 5.4666620e-01 0.0000000e+00 
-2.6036179e-01 1.9596377e-01 0.0000000e+00 
-2.5076726e-01 2.2485417e-01 0.0000000e+00 
-7.5510748e-02 5.2649909e-01 0.0000000e+00 
-1.1462083e-01 4.6958271e-01 0.0000000e+00 
-2.4268615e-01 2.4661888e-01 0.0000000e+00 
-1.6865763e-01 3.8397202e-01 0.0000000e+00 
-1.8725364e-01 3.5274801e-01 0.0000000e+00 
-2.6001784e-01 2.0546183e-01 0.0000000e+00 
-2.2098033e-01 2.9602012e-01 0.0000000e+00 
-9.2840485e-02 5.0721002e-01 0.0000000e+00 
-6.5462038e-02 5.4688787e-01 0.0000000e+00 
-2.1410426e-01 3.0956122e-01 0.0000000e+00 
-2.2813565e-01 2.8303888e-01 0.0000000e+00 
-1.4084375e-01 4.3432727e-01 0.0000000e+00 
-1.0622624e-01 4.8831427e-01 0.0000000e+00 
-1.5190919e-01 4.1723350e-01 0.0000000e+00 
-1.8155746e-01 3.6842167e-01 0.0000000e+00 
-2.5106907e-01 2.3599386e-01 0.0000000e+00 
-1.3054769e-01 4.5194298e-01 0.0000000e+00 
-2.0749438e-01 3.2364780e-01 0.0000000e+00 
-5.2212045e-02 5.6784165e-01 0.0000000e+00 
-2.3559198e-01 2.7063459e-01 0.0000000e+00 
-8.0949903e-02 5.2680808e-01 0.0000000e+00 
-2.5986430e-01 2.1548854e-01 0.0000000e+00 
-1.6369617e-01 4.0065685e-01 0.0000000e+00 
-2.0114629e-01 3.3826780e-01 0.0000000e+00 
-1.2106898e-01 4.7009051e-01 0.0000000e+00 
-2.4337973e-01 2.5882772e-01 0.0000000e+00 
-1.7615956e-01 3.8459909e-01 0.0000000e+00 
-7.0557900e-02 5.4712623e-01 0.0000000e+00 
-1.9506399e-01 3.5341108e-01 0.0000000e+00 
-9.8735891e-02 5.0761181e-01 0.0000000e+00 
-2.5989714e-01 2.2603904e-01 0.0000000e+00 
-5.6852326e-02 5.6799954e-01 0.0000000e+00 
-2.5153747e-01 2.4764277e-01 0.0000000e+00 
-1.1245326e-01 4.8878324e-01 0.0000000e+00 
-8.6506262e-02 5.2713752e-01 0.0000000e+00 
-1.4782001e-01 4.3490821e-01 0.0000000e+00 
-1.3731146e-01 4.5249969e-01 0.0000000e+00 
-1.5909435e-01 4.1783422e-01 0.0000000e+00 
-2.2933617e-01 2.9681465e-01 0.0000000e+00 
-2.2233883e-01 3.1031504e-01 0.0000000e+00 
-2.6949218e-01 2.0685759e-01 0.0000000e+00 
-1.8925940e-01 3.6906904e-01 0.0000000e+00 
-2.3662192e-01 2.8388229e-01 0.0000000e+00 
-2.1561411e-01 3.2436815e-01 0.0000000e+00 
-1.7108656e-01 4.0127498e-01 0.0000000e+00 
-1.2761703e-01 4.7061718e-01 0.0000000e+00 
-7.5774275e-02 5.4738259e-01 0.0000000e+00 
-2.4422084e-01 2.7153629e-01 0.0000000e+00 
-6.1615262e-02 5.6817079e-01 0.0000000e+00 
-2.6011115e-01 2.3710912e-01 0.0000000e+00 
-2.0915514e-01 3.3896106e-01 0.0000000e+00 
-1.0474036e-01 5.0803584e-01 0.0000000e+00 
-2.6922476e-01 2.1679357e-01 0.0000000e+00 
-9.2177264e-02 5.2748859e-01 0.0000000e+00 
-1.8375166e-01 3.8523459e-01 0.0000000e+00 
-2.5216639e-01 2.5979850e-01 0.0000000e+00 
-1.1878305e-01 4.8927322e-01 0.0000000e+00 
-2.0296380e-01 3.5408291e-01 0.0000000e+00 
-1.5488884e-01 4.3550181e-01 0.0000000e+00 
-1.4416972e-01 4.5307180e-01 0.0000000e+00 
-8.1109308e-02 5.4765844e-01 0.0000000e+00 
-6.6500001e-02 5.6835675e-01 0.0000000e+00 
-1.6637047e-01 4.1844529e-01 0.0000000e+00 
-2.6915288e-01 2.2726199e-01 0.0000000e+00 
-2.6050022e-01 2.4869519e-01 0.0000000e+00 
-1.3426188e-01 4.7116199e-01 0.0000000e+00 
-1.9705015e-01 3.6972436e-01 0.0000000e+00 
-2.3778524e-01 2.9762462e-01 0.0000000e+00 
-2.3066445e-01 3.1108201e-01 0.0000000e+00 
-1.7856652e-01 4.0190169e-01 0.0000000e+00 
-1.1085060e-01 5.0848240e-01 0.0000000e+00 
-9.7960070e-02 5.2786219e-01 0.0000000e+00 
-2.4520437e-01 2.8474388e-01 0.0000000e+00 
-2.2382332e-01 3.2509971e-01 0.0000000e+00 
-1.2521227e-01 4.8978391e-01 0.0000000e+00 
-2.1725239e-01 3.3966392e-01 0.0000000e+00 
-2.5294968e-01 2.7245927e-01 0.0000000e+00 
-7.1505398e-02 5.6855893e-01 0.0000000e+00 
-8.6560816e-02 5.4795504e-01 0.0000000e+00 
-1.9143201e-01 3.8587761e-01 0.0000000e+00 
-2.6927122e-01 2.3825790e-01 0.0000000e+00 
-1.6204786e-01 4.3610689e-01 0.0000000e+00 
-1.5111977e-01 4.5365813e-01 0.0000000e+00 
-2.1095118e-01 3.5476300e-01 0.0000000e+00 
-2.6105782e-01 2.6079428e-01 0.0000000e+00 
-2.7871931e-01 2.1814352e-01 0.0000000e+00 
-1.7373544e-01 4.1906551e-01 0.0000000e+00 
-1.4100043e-01 4.7172406e-01 0.0000000e+00 
-1.1706316e-01 5.0895172e-01 0.0000000e+00 
-1.0385153e-01 5.2825916e-01 0.0000000e+00 
-2.0492791e-01 3.7038696e-01 0.0000000e+00 
-7.6629996e-02 5.6877893e-01 0.0000000e+00 
-1.8613409e-01 4.0253592e-01 0.0000000e+00 
-2.6957360e-01 2.4977700e-01 0.0000000e+00 
-1.3173755e-01 4.9031472e-01 0.0000000e+00 
-9.2126295e-02 5.4827374e-01 0.0000000e+00 
-2.3907936e-01 3.1186214e-01 0.0000000e+00 
-2.7853426e-01 2.2852446e-01 0.0000000e+00 
-2.4632588e-01 2.9845020e-01 0.0000000e+00 
-2.3212020e-01 3.2584229e-01 0.0000000e+00 
-6.3267261e-02 5.9019345e-01 0.0000000e+00 
-2.5388148e-01 2.8562388e-01 0.0000000e+00 
-2.2543617e-01 3.4037602e-01 0.0000000e+00 
-1.9919878e-01 3.8652730e-01 0.0000000e+00 
-1.5815900e-01 4.5425746e-01 0.0000000e+00 
-1.6929479e-01 4.3672210e-01 0.0000000e+00 
-2.6177722e-01 2.7340400e-01 0.0000000e+00 
-1.0984826e-01 5.2868015e-01 0.0000000e+00 
-1.4782977e-01 4.7230223e-01 0.0000000e+00 
-1.2337445e-01 5.0944364e-01 0.0000000e+00 
-8.1872039e-02 5.6901830e-01 0.0000000e+00 
-2.1902433e-01 3.5545084e-01 0.0000000e+00 
-1.8118723e-01 4.1969365e-01 0.0000000e+00 
-2.7854890e-01 2.3944134e-01 0.0000000e+00 
-9.7802930e-02 5.4861575e-01 0.0000000e+00 
-6.8080276e-02 5.9034020e-01 0.0000000e+00 
-2.7005303e-01 2.6181570e-01 0.0000000e+00 
-1.3835557e-01 4.9086484e-01 0.0000000e+00 
-1.9378741e-01 4.0317658e-01 0.0000000e+00 
-2.1289079e-01 3.7105617e-01 0.0000000e+00 
-2.4758174e-01 3.1265548e-01 0.0000000e+00 
-2.5495639e-01 2.9929152e-01 0.0000000e+00 
-8.7229431e-02 5.6927860e-01 0.0000000e+00 
-2.4050285e-01 3.2659584e-01 0.0000000e+00 
-1.1594662e-01 5.2912557e-01 0.0000000e+00 
-2.7875686e-01 2.5088912e-01 0.0000000e+00 
-1.6528502e-01 4.5486832e-01 0.0000000e+00 
-7.3012054e-02 5.9050268e-01 0.0000000e+00 
-1.2978087e-01 5.0995785e-01 0.0000000e+00 
-2.6265174e-01 2.8652260e-01 0.0000000e+00 
-1.7662755e-01 4.3734607e-01 0.0000000e+00 
-2.8804120e-01 2.2982801e-01 0.0000000e+00 
-2.0705014e-01 3.8718280e-01 0.0000000e+00 
-2.3370457e-01 3.4109712e-01 0.0000000e+00 
-1.5474707e-01 4.7289523e-01 0.0000000e+00 
-1.0358755e-01 5.4898220e-01 0.0000000e+00 
-1.8872394e-01 4.2032844e-01 0.0000000e+00 
-2.7070212e-01 2.7437097e-01 0.0000000e+00 
-2.2718133e-01 3.5614607e-01 0.0000000e+00 
-1.4506312e-01 4.9143326e-01 0.0000000e+00 
-9.2699736e-02 5.6956130e-01 0.0000000e+00 
-2.8794369e-01 2.4066068e-01 0.0000000e+00 
-2.0152472e-01 4.0382266e-01 0.0000000e+00 
-7.8061260e-02 5.9068251e-01 0.0000000e+00 
-2.2093701e-01 3.7173140e-01 0.0000000e+00 
-2.7915087e-01 2.6286346e-01 0.0000000e+00 
-1.2214280e-01 5.2959555e-01 0.0000000e+00 
-1.0947664e-01 5.4937410e-01 0.0000000e+00 
-1.3627881e-01 5.1049358e-01 0.0000000e+00 
-1.7249553e-01 4.5548922e-01 0.0000000e+00 
-2.5616971e-01 3.1346205e-01 0.0000000e+00 
-1.8404414e-01 4.3797737e-01 0.0000000e+00 
-1.6174968e-01 4.7350156e-01 0.0000000e+00 
-2.4896935e-01 3.2736027e-01 0.0000000e+00 
-2.6367500e-01 3.0014884e-01 0.0000000e+00 
-2.1498434e-01 3.8784334e-01 0.0000000e+00 
-2.4205565e-01 3.4182701e-01 0.0000000e+00 
-2.8804925e-01 2.5203249e-01 0.0000000e+00 
-2.7151349e-01 2.8744045e-01 0.0000000e+00 
-9.8280169e-02 5.6986809e-01 0.0000000e+00 
-1.9634381e-01 4.2096865e-01 0.0000000e+00 
-8.3226226e-02 5.9088153e-01 0.0000000e+00 
-1.5185709e-01 4.9201864e-01 0.0000000e+00 
-2.3542030e-01 3.5684830e-01 0.0000000e+00 
-1.2843286e-01 5.3009003e-01 0.0000000e+00 
-2.7972302e-01 2.7536070e-01 0.0000000e+00 
-1.1546639e-01 5.4979205e-01 0.0000000e+00 
-2.0934428e-01 4.0447313e-01 0.0000000e+00 
-1.4286469e-01 5.1105005e-01 0.0000000e+00 
-2.2906472e-01 3.7241217e-01 0.0000000e+00 
-1.7978850e-01 4.5611858e-01 0.0000000e+00 
-2.9745528e-01 2.4191728e-01 0.0000000e+00 
-8.8504963e-02 5.9110147e-01 0.0000000e+00 
-1.6883518e-01 4.7411966e-01 0.0000000e+00 
-1.0396756e-01 5.7020020e-01 0.0000000e+00 
-2.8835034e-01 2.6393831e-01 0.0000000e+00 
-1.9154276e-01 4.3861458e-01 0.0000000e+00 
-2.6484132e-01 3.1428200e-01 0.0000000e+00 
-1.5873462e-01 4.9261957e-01 0.0000000e+00 
-2.2299962e-01 3.8850817e-01 0.0000000e+00 
-2.5751770e-01 3.2813558e-01 0.0000000e+00 
-7.5030722e-02 6.1295098e-01 0.0000000e+00 
-2.7247992e-01 3.0102238e-01 0.0000000e+00 
-2.0404515e-01 4.2161310e-01 0.0000000e+00 
-2.5048745e-01 3.4256560e-01 0.0000000e+00 
-1.3481285e-01 5.3060853e-01 0.0000000e+00 
-1.2155269e-01 5.5023664e-01 0.0000000e+00 
-2.8046519e-01 2.8837782e-01 0.0000000e+00 
-2.4373928e-01 3.5755727e-01 0.0000000e+00 
-2.9745007e-01 2.5320819e-01 0.0000000e+00 
-1.4953515e-01 5.1162595e-01 0.0000000e+00 
-9.3895085e-02 5.9134412e-01 0.0000000e+00 
-1.0975831e-01 5.7055902e-01 0.0000000e+00 
-2.1724442e-01 4.0512711e-01 0.0000000e+00 
-2.8883854e-01 2.7637374e-01 0.0000000e+00 
-2.3727201e-01 3.7309796e-01 0.0000000e+00 
-8.0027059e-02 6.1308599e-01 0.0000000e+00 
-1.8716200e-01 4.5675477e-01 0.0000000e+00 
-1.7600133e-01 4.7474781e-01 0.0000000e+00 
-1.9912174e-01 4.3925625e-01 0.0000000e+00 
-1.6569300e-01 4.9323437e-01 0.0000000e+00 
-1.2773128e-01 5.5070806e-01 0.0000000e+00 
-1.4127885e-01 5.3115034e-01 0.0000000e+00 
-2.9765034e-01 2.6504108e-01 0.0000000e+00 
-2.3109418e-01 3.8917673e-01 0.0000000e+00 
-9.9393867e-02 5.9161121e-01 0.0000000e+00 
-2.1182632e-01 4.2226058e-01 0.0000000e+00 
-2.6614583e-01 3.2892182e-01 0.0000000e+00 
-2.7359462e-01 3.1511551e-01 0.0000000e+00 
-1.1564838e-01 5.7094562e-01 0.0000000e+00 
-2.5899786e-01 3.4331280e-01 0.0000000e+00 
-1.5628694e-01 5.1221985e-01 0.0000000e+00 
-2.8136927e-01 3.0191243e-01 0.0000000e+00 
-8.5136957e-02 6.1323977e-01 0.0000000e+00 
-2.5213623e-01 3.5827276e-01 0.0000000e+00 
-2.8950512e-01 2.8933510e-01 0.0000000e+00 
-2.2522345e-01 4.0578371e-01 0.0000000e+00 
-1.8324612e-01 4.7538424e-01 0.0000000e+00 
-1.9461435e-01 4.5739618e-01 0.0000000e+00 
-3.0695859e-01 2.5441730e-01 0.0000000e+00 
-1.3399778e-01 5.5120605e-01 0.0000000e+00 
-2.4555698e-01 3.7378848e-01 0.0000000e+00 
-1.0499818e-01 5.9190458e-01 0.0000000e+00 
-1.4782707e-01 5.3171426e-01 0.0000000e+00 
-1.7272981e-01 4.9386120e-01 0.0000000e+00 
-2.0677951e-01 4.3990099e-01 0.0000000e+00 
-2.9804730e-01 2.7741075e-01 0.0000000e+00 
-9.0358518e-02 6.1341423e-01 0.0000000e+00 
-1.2163338e-01 5.7136095e-01 0.0000000e+00 
-1.6311711e-01 5.1283008e-01 0.0000000e+00 
-2.3926625e-01 3.8984838e-01 0.0000000e+00 
-2.1968582e-01 4.2291006e-01 0.0000000e+00 
-2.7485156e-01 3.2971910e-01 0.0000000e+00 
-2.8242749e-01 3.1596273e-01 0.0000000e+00 
-3.0704981e-01 2.6617262e-01 0.0000000e+00 
-2.6758471e-01 3.4406859e-01 0.0000000e+00 
-1.1070436e-01 5.9222591e-01 0.0000000e+00 
-2.9034111e-01 3.0281928e-01 0.0000000e+00 
-1.4034785e-01 5.5173004e-01 0.0000000e+00 
-9.5689468e-02 6.1361158e-01 0.0000000e+00 
-2.6060906e-01 3.5899466e-01 0.0000000e+00 
-1.9056778e-01 4.7602707e-01 0.0000000e+00 
-2.3327976e-01 4.0644220e-01 0.0000000e+00 
-1.5445398e-01 5.3229898e-01 0.0000000e+00 
-2.0214401e-01 4.5804119e-01 0.0000000e+00 
-1.2770858e-01 5.7180542e-01 0.0000000e+00 
-2.9863158e-01 2.9031277e-01 0.0000000e+00 
-1.7984286e-01 4.9449816e-01 0.0000000e+00 
-2.1451464e-01 4.4054750e-01 0.0000000e+00 
-2.5391760e-01 3.7448341e-01 0.0000000e+00 
-1.7002298e-01 5.1345474e-01 0.0000000e+00 
-3.0734786e-01 2.7847236e-01 0.0000000e+00 
-1.1650817e-01 5.9257668e-01 0.0000000e+00 
-1.0112707e-01 6.1383390e-01 0.0000000e+00 
-2.2762212e-01 4.2356053e-01 0.0000000e+00 
-2.4751393e-01 3.9052275e-01 0.0000000e+00 
-1.4677726e-01 5.5227917e-01 0.0000000e+00 
-2.8363270e-01 3.3052754e-01 0.0000000e+00 
-1.3386914e-01 5.7227927e-01 0.0000000e+00 
-1.6115621e-01 5.3290278e-01 0.0000000e+00 
-2.9133779e-01 3.1682396e-01 0.0000000e+00 
-2.7624577e-01 3.4483299e-01 0.0000000e+00 
-8.7538168e-02 6.3608342e-01 0.0000000e+00 
-1.9796476e-01 4.7667453e-01 0.0000000e+00 
-3.1654769e-01 2.6733381e-01 0.0000000e+00 
-2.0974961e-01 4.5868823e-01 0.0000000e+00 
-1.8703029e-01 4.9514329e-01 0.0000000e+00 
-2.9939348e-01 3.0374333e-01 0.0000000e+00 
-2.4141167e-01 4.0710190e-01 0.0000000e+00 
-2.6915556e-01 3.5972288e-01 0.0000000e+00 
-1.0666829e-01 6.1408317e-01 0.0000000e+00 
-1.2240481e-01 5.9295833e-01 0.0000000e+00 
-2.2232574e-01 4.4119453e-01 0.0000000e+00 
-1.7700216e-01 5.1409185e-01 0.0000000e+00 
-3.0784285e-01 2.9131129e-01 0.0000000e+00 
-2.6235184e-01 3.7518254e-01 0.0000000e+00 
-1.5328197e-01 5.5285209e-01 0.0000000e+00 
-9.2731655e-02 6.3620585e-01 0.0000000e+00 
-1.4011014e-01 5.7278216e-01 0.0000000e+00 
-2.3563376e-01 4.2421108e-01 0.0000000e+00 
-2.5583535e-01 3.9119941e-01 0.0000000e+00 
-3.1673881e-01 2.7955925e-01 0.0000000e+00 
-1.6793081e-01 5.3352380e-01 0.0000000e+00 
-1.1230952e-01 6.1436152e-01 0.0000000e+00 
-2.0543568e-01 4.7732472e-01 0.0000000e+00 
-1.2838902e-01 5.9337175e-01 0.0000000e+00 
-1.9429044e-01 4.9579448e-01 0.0000000e+00 
-2.9248688e-01 3.3134732e-01 0.0000000e+00 
-2.1742988e-01 4.5933574e-01 0.0000000e+00 
-2.8497863e-01 3.4560612e-01 0.0000000e+00 
-3.0032328e-01 3.1769940e-01 0.0000000e+00 
-2.4961743e-01 4.0776229e-01 0.0000000e+00 
-9.8032013e-02 6.3635099e-01 0.0000000e+00 
-2.7777338e-01 3.6045742e-01 0.0000000e+00 
-1.8405262e-01 5.1473922e-01 0.0000000e+00 
-3.0852431e-01 3.0468491e-01 0.0000000e+00 
-2.3021154e-01 4.4184089e-01 0.0000000e+00 
-1.5985830e-01 5.5344713e-01 0.0000000e+00 
-1.4642678e-01 5.7331330e-01 0.0000000e+00 
-2.7085742e-01 3.7588578e-01 0.0000000e+00 
-3.1713712e-01 2.9233122e-01 0.0000000e+00 
-1.1804634e-01 6.1467105e-01 0.0000000e+00 
-1.7477512e-01 5.3415990e-01 0.0000000e+00 
-2.4371921e-01 4.2486092e-01 0.0000000e+00 
-1.3445523e-01 5.9381741e-01 0.0000000e+00 
-2.6422846e-01 3.9187813e-01 0.0000000e+00 
-1.0343659e-01 6.3652140e-01 0.0000000e+00 
-2.1297941e-01 4.7797593e-01 0.0000000e+00 
-2.0162199e-01 4.9644971e-01 0.0000000e+00 
-3.2621872e-01 2.8067210e-01 0.0000000e+00 
-2.2518368e-01 4.5998234e-01 0.0000000e+00 
-1.9117258e-01 5.1539463e-01 0.0000000e+00 
-3.0141160e-01 3.3217859e-01 0.0000000e+00 
-1.5281454e-01 5.7387149e-01 0.0000000e+00 
-2.9378080e-01 3.4638810e-01 0.0000000e+00 
-1.6650289e-01 5.5406243e-01 0.0000000e+00 
-2.5789526e-01 4.0842286e-01 0.0000000e+00 
-3.0938163e-01 3.1858936e-01 0.0000000e+00 
-1.2387342e-01 6.1501372e-01 0.0000000e+00 
-2.3817076e-01 4.4248557e-01 0.0000000e+00 
-2.8646007e-01 3.6119834e-01 0.0000000e+00 
-1.0894224e-01 6.3671952e-01 0.0000000e+00 
-1.4059785e-01 5.9429538e-01 0.0000000e+00 
-3.1773147e-01 3.0564436e-01 0.0000000e+00 
-1.8168691e-01 5.3480875e-01 0.0000000e+00 
-2.7943203e-01 3.7659308e-01 0.0000000e+00 
-2.5187695e-01 4.2550942e-01 0.0000000e+00 
-3.2651258e-01 2.9337305e-01 0.0000000e+00 
-2.7269113e-01 3.9255875e-01 0.0000000e+00 
-2.0902379e-01 4.9710697e-01 0.0000000e+00 
-2.2059493e-01 4.7862643e-01 0.0000000e+00 
-1.2978475e-01 6.1539096e-01 0.0000000e+00 
-1.5926923e-01 5.7445508e-01 0.0000000e+00 
-2.3300998e-01 4.6062666e-01 0.0000000e+00 
-1.9836067e-01 5.1605582e-01 0.0000000e+00 
-1.7321281e-01 5.5469567e-01 0.0000000e+00 
-1.1454563e-01 6.3694787e-01 0.0000000e+00 
-1.4681138e-01 5.9480512e-01 0.0000000e+00 
-2.6624328e-01 4.0908334e-01 0.0000000e+00 
-2.4620211e-01 4.4312763e-01 0.0000000e+00 
-3.1040436e-01 3.3302161e-01 0.0000000e+00 
-3.0264968e-01 3.4717909e-01 0.0000000e+00 
-1.8866429e-01 5.3546798e-01 0.0000000e+00 
-3.1851041e-01 3.1949407e-01 0.0000000e+00 
-2.9521307e-01 3.6194569e-01 0.0000000e+00 
-1.0083396e-01 6.5954906e-01 0.0000000e+00 
-2.8807321e-01 3.7730446e-01 0.0000000e+00 
-3.2701281e-01 3.0662209e-01 0.0000000e+00 
-1.3577378e-01 6.1580396e-01 0.0000000e+00 
-1.2024238e-01 6.3720906e-01 0.0000000e+00 
-2.6010537e-01 4.2615598e-01 0.0000000e+00 
-1.6578710e-01 5.7506216e-01 0.0000000e+00 
-2.1649495e-01 4.9776426e-01 0.0000000e+00 
-2.2828138e-01 4.7927463e-01 0.0000000e+00 
-1.7998558e-01 5.5534458e-01 0.0000000e+00 
-1.5309061e-01 5.9534538e-01 0.0000000e+00 
-2.8122106e-01 3.9324117e-01 0.0000000e+00 
-2.0561577e-01 5.1672053e-01 0.0000000e+00 
-3.3596736e-01 2.9443729e-01 0.0000000e+00 
-2.4090776e-01 4.6126756e-01 0.0000000e+00 
-1.0624322e-01 6.5965760e-01 0.0000000e+00 
-1.9570577e-01 5.3613520e-01 0.0000000e+00 
-2.7465945e-01 4.0974346e-01 0.0000000e+00 
-2.5430432e-01 4.4376633e-01 0.0000000e+00 
-1.4183390e-01 6.1625290e-01 0.0000000e+00 
-1.2602659e-01 6.3750583e-01 0.0000000e+00 
-3.1158248e-01 3.4797922e-01 0.0000000e+00 
-3.1946242e-01 3.3387658e-01 0.0000000e+00 
-3.0402958e-01 3.6269969e-01 0.0000000e+00 
-1.7236491e-01 5.7569045e-01 0.0000000e+00 
-3.2770711e-01 3.2041386e-01 0.0000000e+00 
-1.5943080e-01 5.9591466e-01 0.0000000e+00 
-1.1175070e-01 6.5979469e-01 0.0000000e+00 
-1.8681918e-01 5.5600655e-01 0.0000000e+00 
-2.9677832e-01 3.7802002e-01 0.0000000e+00 
-2.2403477e-01 4.9841967e-01 0.0000000e+00 
-2.6840276e-01 4.2680028e-01 0.0000000e+00 
-2.3603800e-01 4.7991899e-01 0.0000000e+00 
-3.3636609e-01 3.0761847e-01 0.0000000e+00 
-2.1293706e-01 5.1738656e-01 0.0000000e+00 
-2.8981581e-01 3.9392540e-01 0.0000000e+00 
-2.4887604e-01 4.6190393e-01 0.0000000e+00 
-1.3189097e-01 6.3784063e-01 0.0000000e+00 
-1.4795861e-01 6.1673743e-01 0.0000000e+00 
-2.0281026e-01 5.3680789e-01 0.0000000e+00 
-1.1735284e-01 6.5996313e-01 0.0000000e+00 
-2.6247600e-01 4.4440097e-01 0.0000000e+00 
-1.7899992e-01 5.7633734e-01 0.0000000e+00 
-2.8314161e-01 4.1040316e-01 0.0000000e+00 
-1.6582775e-01 5.9651089e-01 0.0000000e+00 
-1.9371204e-01 5.5667895e-01 0.0000000e+00 
-3.2057631e-01 3.4878874e-01 0.0000000e+00 
-3.2858300e-01 3.3474371e-01 0.0000000e+00 
-3.1290674e-01 3.6346045e-01 0.0000000e+00 
-2.3164271e-01 4.9907145e-01 0.0000000e+00 
-1.3782746e-01 6.3821518e-01 0.0000000e+00 
-3.3696917e-01 3.2134894e-01 0.0000000e+00 
-2.2032398e-01 5.1805168e-01 0.0000000e+00 
-2.4386409e-01 4.8055822e-01 0.0000000e+00 
-1.5414187e-01 6.1725652e-01 0.0000000e+00 
-3.0554456e-01 3.7873986e-01 0.0000000e+00 
-2.7676728e-01 4.2744195e-01 0.0000000e+00 
-1.2304629e-01 6.6016603e-01 0.0000000e+00 
-2.0997697e-01 5.3748357e-01 0.0000000e+00 
-2.5691378e-01 4.6253493e-01 0.0000000e+00 
-3.4578896e-01 3.0863389e-01 0.0000000e+00 
-2.9847279e-01 3.9461154e-01 0.0000000e+00 
-1.8568997e-01 5.7700026e-01 0.0000000e+00 
-1.7227788e-01 5.9713161e-01 0.0000000e+00 
-2.7071571e-01 4.4503111e-01 0.0000000e+00 
-1.4382781e-01 6.3863015e-01 0.0000000e+00 
-2.0066302e-01 5.5735922e-01 0.0000000e+00 
-2.9168740e-01 4.1106236e-01 0.0000000e+00 
-1.6037828e-01 6.1780840e-01 0.0000000e+00 
-1.2882477e-01 6.6040707e-01 0.0000000e+00 
-2.3931836e-01 4.9971795e-01 0.0000000e+00 
-2.2777615e-01 5.1871389e-01 0.0000000e+00 
-3.2962808e-01 3.4960780e-01 0.0000000e+00 
-3.2184145e-01 3.6422816e-01 0.0000000e+00 
-3.3776319e-01 3.3562320e-01 0.0000000e+00 
-2.5175902e-01 4.8119107e-01 0.0000000e+00 
-2.8519696e-01 4.2808092e-01 0.0000000e+00 
-2.1720545e-01 5.3815991e-01 0.0000000e+00 
-3.1436887e-01 3.7946421e-01 0.0000000e+00 
-3.4629387e-01 3.2229963e-01 0.0000000e+00 
-1.7877826e-01 5.9777415e-01 0.0000000e+00 
-1.9243343e-01 5.7767636e-01 0.0000000e+00 
-2.6501998e-01 4.6315974e-01 0.0000000e+00 
-1.1497777e-01 6.8329024e-01 0.0000000e+00 
-1.4988415e-01 6.3908535e-01 0.0000000e+00 
-3.0718917e-01 3.9529970e-01 0.0000000e+00 
-1.3467897e-01 6.6069031e-01 0.0000000e+00 
-1.6666314e-01 6.1839086e-01 0.0000000e+00 
-2.0767140e-01 5.5804455e-01 0.0000000e+00 
-2.7902186e-01 4.4565636e-01 0.0000000e+00 
-3.0029434e-01 4.1172120e-01 0.0000000e+00 
-2.4706137e-01 5.0035769e-01 0.0000000e+00 
-2.3529345e-01 5.1937127e-01 0.0000000e+00 
-1.2062806e-01 6.8338442e-01 0.0000000e+00 
-2.5972208e-01 4.8181653e-01 0.0000000e+00 
-1.5598927e-01 6.3957959e-01 0.0000000e+00 
-1.8532664e-01 5.9843570e-01 0.0000000e+00 
-2.2449552e-01 5.3883457e-01 0.0000000e+00 
-3.3873466e-01 3.5043657e-01 0.0000000e+00 
-1.9922918e-01 5.7836282e-01 0.0000000e+00 
-3.3083045e-01 3.6500305e-01 0.0000000e+00 
-1.4059798e-01 6.6101855e-01 0.0000000e+00 
-3.4699997e-01 3.3651525e-01 0.0000000e+00 
-2.9368964e-01 4.2871711e-01 0.0000000e+00 
-3.2324815e-01 3.8019326e-01 0.0000000e+00 
-1.7299260e-01 6.1900127e-01 0.0000000e+00 
-2.7319342e-01 4.6377781e-01 0.0000000e+00 
-3.5567844e-01 3.2326609e-01 0.0000000e+00 
-2.1473685e-01 5.5873245e-01 0.0000000e+00 
-3.1596190e-01 3.9599013e-01 0.0000000e+00 
-1.2636648e-01 6.8351424e-01 0.0000000e+00 
-2.8739271e-01 4.4627655e-01 0.0000000e+00 
-1.6213700e-01 6.4011091e-01 0.0000000e+00 
-1.4657077e-01 6.6139317e-01 0.0000000e+00 
-3.0895963e-01 4.1237986e-01 0.0000000e+00 
-2.4287580e-01 5.2002198e-01 0.0000000e+00 
-1.9192135e-01 5.9911323e-01 0.0000000e+00 
-2.5487149e-01 5.0098920e-01 0.0000000e+00 
-2.0607659e-01 5.7905680e-01 0.0000000e+00 
-2.3184723e-01 5.3950530e-01 0.0000000e+00 
-2.6775262e-01 4.8243374e-01 0.0000000e+00 
-1.7936361e-01 6.1963671e-01 0.0000000e+00 
-1.3219012e-01 6.8368417e-01 0.0000000e+00 
-3.4789267e-01 3.5127524e-01 0.0000000e+00 
-3.0224288e-01 4.2935058e-01 0.0000000e+00 
-3.3987033e-01 3.6578527e-01 0.0000000e+00 
-2.2185935e-01 5.5942035e-01 0.0000000e+00 
-3.5629016e-01 3.3741999e-01 0.0000000e+00 
-2.8143290e-01 4.6438870e-01 0.0000000e+00 
-3.3217892e-01 3.8092721e-01 0.0000000e+00 
-1.6832221e-01 6.4067668e-01 0.0000000e+00 
-1.5258719e-01 6.6181397e-01 0.0000000e+00 
-3.2478774e-01 3.9668310e-01 0.0000000e+00 
-1.9856143e-01 5.9980381e-01 0.0000000e+00 
-2.9582632e-01 4.4689161e-01 0.0000000e+00 
-1.3808636e-01 6.8390125e-01 0.0000000e+00 
-1.8577394e-01 6.2029415e-01 0.0000000e+00 
-2.5052330e-01 5.2066433e-01 0.0000000e+00 
-2.1297546e-01 5.7975549e-01 0.0000000e+00 
-2.6274839e-01 5.0161147e-01 0.0000000e+00 
-3.1768030e-01 4.1303852e-01 0.0000000e+00 
-2.3926084e-01 5.4017007e-01 0.0000000e+00 
-2.7584979e-01 4.8304194e-01 0.0000000e+00 
-1.5863855e-01 6.6227925e-01 0.0000000e+00 
-1.7454089e-01 6.4127380e-01 0.0000000e+00 
-2.2903918e-01 5.6010580e-01 0.0000000e+00 
-3.1085411e-01 4.2998159e-01 0.0000000e+00 
-2.8973690e-01 4.6499214e-01 0.0000000e+00 
-3.5709864e-01 3.5212389e-01 0.0000000e+00 
-3.4895751e-01 3.6657497e-01 0.0000000e+00 
-1.4403811e-01 6.8417096e-01 0.0000000e+00 
-3.4115759e-01 3.8166630e-01 0.0000000e+00 
-3.6563054e-01 3.3833754e-01 0.0000000e+00 
-2.0524637e-01 6.0050440e-01 0.0000000e+00 
-1.9222212e-01 6.2097031e-01 0.0000000e+00 
-2.1992597e-01 5.8045626e-01 0.0000000e+00 
-3.3366323e-01 3.9737880e-01 0.0000000e+00 
-2.5823611e-01 5.2129692e-01 0.0000000e+00 
-3.0432048e-01 4.4750160e-01 0.0000000e+00 
-2.7069181e-01 5.0222343e-01 0.0000000e+00 
-1.6471784e-01 6.6278636e-01 0.0000000e+00 
-2.4673676e-01 5.4082698e-01 0.0000000e+00 
-1.8079010e-01 6.4189905e-01 0.0000000e+00 
-1.3005443e-01 7.0723045e-01 0.0000000e+00 
-3.2645309e-01 4.1369754e-01 0.0000000e+00 
-2.8401271e-01 4.8364070e-01 0.0000000e+00 
-1.5002866e-01 6.8449581e-01 0.0000000e+00 
-2.3627689e-01 5.6078655e-01 0.0000000e+00 
-2.1197622e-01 6.0121202e-01 0.0000000e+00 
-3.1952044e-01 4.3061039e-01 0.0000000e+00 
-1.9870739e-01 6.2166202e-01 0.0000000e+00 
-2.9810381e-01 4.6558806e-01 0.0000000e+00 
-3.5808814e-01 3.6737227e-01 0.0000000e+00 
-3.6634892e-01 3.5298261e-01 0.0000000e+00 
-2.2692868e-01 5.8115643e-01 0.0000000e+00 
-1.7081973e-01 6.6333199e-01 0.0000000e+00 
-1.3598745e-01 7.0730376e-01 0.0000000e+00 
-3.5018039e-01 3.8241071e-01 0.0000000e+00 
-1.8706790e-01 6.4254898e-01 0.0000000e+00 
-2.6601431e-01 5.2191842e-01 0.0000000e+00 
-1.5604410e-01 6.8487507e-01 0.0000000e+00 
-3.4258464e-01 3.9807755e-01 0.0000000e+00 
-2.5427553e-01 5.4147422e-01 0.0000000e+00 
-2.7870134e-01 5.0282425e-01 0.0000000e+00 
-3.1287289e-01 4.4810677e-01 0.0000000e+00 
-2.4357319e-01 5.6146044e-01 0.0000000e+00 
-2.9224029e-01 4.8422962e-01 0.0000000e+00 
-3.3527455e-01 4.1435722e-01 0.0000000e+00 
-2.1875143e-01 6.0192400e-01 0.0000000e+00 
-2.0522958e-01 6.2236613e-01 0.0000000e+00 
-1.4200054e-01 7.0742846e-01 0.0000000e+00 
-1.7694044e-01 6.6391236e-01 0.0000000e+00 
-1.6207379e-01 6.8530595e-01 0.0000000e+00 
-3.0653179e-01 4.6617651e-01 0.0000000e+00 
-2.3398438e-01 5.8185363e-01 0.0000000e+00 
-3.2823873e-01 4.3123731e-01 0.0000000e+00 
-1.9337325e-01 6.4322007e-01 0.0000000e+00 
-3.6725834e-01 3.6817729e-01 0.0000000e+00 
-3.7563983e-01 3.5385141e-01 0.0000000e+00 
-3.5924324e-01 3.8316059e-01 0.0000000e+00 
-2.7385810e-01 5.2252775e-01 0.0000000e+00 
-2.6187769e-01 5.4211032e-01 0.0000000e+00 
-2.8677648e-01 5.0341338e-01 0.0000000e+00 
-1.4805949e-01 7.0761770e-01 0.0000000e+00 
-3.5154799e-01 3.9877966e-01 0.0000000e+00 
-3.2148075e-01 4.4870740e-01 0.0000000e+00 
-2.5092897e-01 5.6212544e-01 0.0000000e+00 
-2.1178913e-01 6.2307972e-01 0.0000000e+00 
-1.8307762e-01 6.6452348e-01 0.0000000e+00 
-2.2557287e-01 6.0263747e-01 0.0000000e+00 
-3.0053127e-01 4.8480859e-01 0.0000000e+00 
-1.6811028e-01 6.8578422e-01 0.0000000e+00 
-3.4414086e-01 4.1501793e-01 0.0000000e+00 
-1.9970591e-01 6.4390898e-01 0.0000000e+00 
-2.4109416e-01 5.8254546e-01 0.0000000e+00 
-3.1501868e-01 4.6675768e-01 0.0000000e+00 
-1.5413284e-01 7.0787692e-01 0.0000000e+00 
-3.3700553e-01 4.3186280e-01 0.0000000e+00 
-2.8176746e-01 5.2312398e-01 0.0000000e+00 
-2.6954383e-01 5.4273373e-01 0.0000000e+00 
-1.8923013e-01 6.6516143e-01 0.0000000e+00 
-3.7646398e-01 3.6899000e-01 0.0000000e+00 
-1.7414880e-01 6.8630505e-01 0.0000000e+00 
-3.6834195e-01 3.8391611e-01 0.0000000e+00 
-2.1838690e-01 6.2379980e-01 0.0000000e+00 
-2.9491657e-01 5.0399029e-01 0.0000000e+00 
-2.3244171e-01 6.0335004e-01 0.0000000e+00 
-2.5834519e-01 5.6277984e-01 0.0000000e+00 
-3.3014119e-01 4.4930393e-01 0.0000000e+00 
-3.6054906e-01 3.9948529e-01 0.0000000e+00 
-2.0606636e-01 6.4461249e-01 0.0000000e+00 
-3.0888411e-01 4.8537761e-01 0.0000000e+00 
-1.6019967e-01 7.0820355e-01 0.0000000e+00 
-2.4825923e-01 5.8322990e-01 0.0000000e+00 
-3.5304797e-01 4.1568008e-01 0.0000000e+00 
-1.9539785e-01 6.6582251e-01 0.0000000e+00 
-1.8018679e-01 6.8686336e-01 0.0000000e+00 
-3.2356212e-01 4.6733192e-01 0.0000000e+00 
-3.4581709e-01 4.3248734e-01 0.0000000e+00 
-2.2502416e-01 6.2452376e-01 0.0000000e+00 
-2.7727455e-01 5.4334337e-01 0.0000000e+00 
-2.8974238e-01 5.2370632e-01 0.0000000e+00 
-1.4622222e-01 7.3123252e-01 0.0000000e+00 
-2.3935932e-01 6.0405928e-01 0.0000000e+00 
-2.1245556e-01 6.4532751e-01 0.0000000e+00 
-1.6624784e-01 7.0859134e-01 0.0000000e+00 
-2.6582289e-01 5.6342191e-01 0.0000000e+00 
-3.0312079e-01 5.0455493e-01 0.0000000e+00 
-3.8570079e-01 3.6981034e-01 0.0000000e+00 
-3.7747210e-01 3.8467729e-01 0.0000000e+00 
-3.3885080e-01 4.4989687e-01 0.0000000e+00 
-3.6958343e-01 4.0019473e-01 0.0000000e+00 
-2.5548095e-01 5.8390486e-01 0.0000000e+00 
-3.1729713e-01 4.8593688e-01 0.0000000e+00 
-1.8622345e-01 6.8745446e-01 0.0000000e+00 
-2.0158152e-01 6.6650319e-01 0.0000000e+00 
-3.6199158e-01 4.1634396e-01 0.0000000e+00 
-1.5250838e-01 7.3129886e-01 0.0000000e+00 
-1.7227140e-01 7.0903265e-01 0.0000000e+00 
-2.3170254e-01 6.2524897e-01 0.0000000e+00 
-3.3215934e-01 4.6789971e-01 0.0000000e+00 
-2.1887504e-01 6.4605123e-01 0.0000000e+00 
-2.4632736e-01 6.0476291e-01 0.0000000e+00 
-2.8507036e-01 5.4393816e-01 0.0000000e+00 
-3.5466936e-01 4.3311137e-01 0.0000000e+00 
-2.9778263e-01 5.2427435e-01 0.0000000e+00 
-2.7336314e-01 5.6405020e-01 0.0000000e+00 
-3.1138802e-01 5.0510710e-01 0.0000000e+00 
-1.9225933e-01 6.8807375e-01 0.0000000e+00 
-2.0778255e-01 6.6720009e-01 0.0000000e+00 
-1.5876511e-01 7.3145974e-01 0.0000000e+00 
-3.8662907e-01 3.8544413e-01 0.0000000e+00 
-2.6276079e-01 5.8456856e-01 0.0000000e+00 
-3.4760603e-01 4.5048675e-01 0.0000000e+00 
-1.7826849e-01 7.0951998e-01 0.0000000e+00 
-3.7864640e-01 4.0090805e-01 0.0000000e+00 
-3.2576817e-01 4.8648676e-01 0.0000000e+00 
-2.3842382e-01 6.2597317e-01 0.0000000e+00 
-2.2532663e-01 6.4678103e-01 0.0000000e+00 
-3.7096706e-01 4.1700992e-01 0.0000000e+00 
-2.5334755e-01 6.0545897e-01 0.0000000e+00 
-3.4080726e-01 4.6846163e-01 0.0000000e+00 
-1.9829604e-01 6.8871731e-01 0.0000000e+00 
-1.6495320e-01 7.3171133e-01 0.0000000e+00 
-2.9293168e-01 5.4451722e-01 0.0000000e+00 
-3.0588785e-01 5.2482772e-01 0.0000000e+00 
-2.8096697e-01 5.6466347e-01 0.0000000e+00 
-2.1400289e-01 6.6791034e-01 0.0000000e+00 
-3.6355799e-01 4.3373540e-01 0.0000000e+00 
-1.8423998e-01 7.1004653e-01 0.0000000e+00 
-3.1971690e-01 5.0564700e-01 0.0000000e+00 
-2.7010021e-01 5.8521932e-01 0.0000000e+00 
-3.9580810e-01 3.8621649e-01 0.0000000e+00 
-3.5640284e-01 4.5107421e-01 0.0000000e+00 
-2.4519008e-01 6.2669414e-01 0.0000000e+00 
-2.3181252e-01 6.4751446e-01 0.0000000e+00 
-3.3429492e-01 4.8702770e-01 0.0000000e+00 
-3.8773304e-01 4.0162537e-01 0.0000000e+00 
-1.7106551e-01 7.3203748e-01 0.0000000e+00 
-2.0433590e-01 6.8938148e-01 0.0000000e+00 
-2.6042172e-01 6.0614550e-01 0.0000000e+00 
-3.7996954e-01 4.1767824e-01 0.0000000e+00 
-2.2024493e-01 6.6863126e-01 0.0000000e+00 
-1.9018848e-01 7.1060658e-01 0.0000000e+00 
-3.0085874e-01 5.4508001e-01 0.0000000e+00 
-3.4950247e-01 4.6901834e-01 0.0000000e+00 
-2.8863531e-01 5.6526053e-01 0.0000000e+00 
-3.1405741e-01 5.2536625e-01 0.0000000e+00 
-3.7247822e-01 4.3435994e-01 0.0000000e+00 
-2.7750072e-01 5.8585572e-01 0.0000000e+00 
-3.2810584e-01 5.0617492e-01 0.0000000e+00 
-1.7710584e-01 7.3242313e-01 0.0000000e+00 
-2.3833507e-01 6.4824939e-01 0.0000000e+00 
-2.5200349e-01 6.2740982e-01 0.0000000e+00 
-2.1038185e-01 6.9006318e-01 0.0000000e+00 
-1.9611770e-01 7.1119517e-01 0.0000000e+00 
-3.6523697e-01 4.5165989e-01 0.0000000e+00 
-3.4287456e-01 4.8756039e-01 0.0000000e+00 
-2.2651130e-01 6.6936040e-01 0.0000000e+00 
-2.6755184e-01 6.0682082e-01 0.0000000e+00 
-3.9683828e-01 4.0234661e-01 0.0000000e+00 
-1.6371310e-01 7.5517666e-01 0.0000000e+00 
-3.8899383e-01 4.1834912e-01 0.0000000e+00 
-1.8308181e-01 7.3285651e-01 0.0000000e+00 
-3.0885169e-01 5.4562604e-01 0.0000000e+00 
-2.9636908e-01 5.6584048e-01 0.0000000e+00 
-3.2229048e-01 5.2589005e-01 0.0000000e+00 
-3.5824117e-01 4.6957061e-01 0.0000000e+00 
-2.1643716e-01 6.9075984e-01 0.0000000e+00 
-2.4489680e-01 6.4898378e-01 0.0000000e+00 
-2.8496379e-01 5.8647639e-01 0.0000000e+00 
-3.8142508e-01 4.3498534e-01 0.0000000e+00 
-2.5886625e-01 6.2811846e-01 0.0000000e+00 
-2.0203203e-01 7.1180850e-01 0.0000000e+00 
-3.3655286e-01 5.0669140e-01 0.0000000e+00 
-2.3280489e-01 6.7009574e-01 0.0000000e+00 
-1.7013276e-01 7.5526279e-01 0.0000000e+00 
-2.7473974e-01 6.0748327e-01 0.0000000e+00 
-1.8900222e-01 7.3332936e-01 0.0000000e+00 
-3.7410364e-01 4.5224443e-01 0.0000000e+00 
-3.5150400e-01 4.8808554e-01 0.0000000e+00 
-4.0595675e-01 4.0307167e-01 0.0000000e+00 
-2.2250535e-01 6.9146907e-01 0.0000000e+00 
-3.1691039e-01 5.4615504e-01 0.0000000e+00 
-2.0793620e-01 7.1244329e-01 0.0000000e+00 
-3.0416900e-01 5.6640255e-01 0.0000000e+00 
-3.9803454e-01 4.1902262e-01 0.0000000e+00 
-2.5150031e-01 6.4971572e-01 0.0000000e+00 
-3.3058584e-01 5.2639931e-01 0.0000000e+00 
-3.6701915e-01 4.7011918e-01 0.0000000e+00 
-2.6578069e-01 6.2881827e-01 0.0000000e+00 
-2.9249081e-01 5.8708012e-01 0.0000000e+00 
-1.7635171e-01 7.5547087e-01 0.0000000e+00 
-2.3912871e-01 6.7083526e-01 0.0000000e+00 
-1.9487600e-01 7.3383558e-01 0.0000000e+00 
-3.9039320e-01 4.3561199e-01 0.0000000e+00 
-3.4505558e-01 5.0719714e-01 0.0000000e+00 
-2.8198737e-01 6.0813147e-01 0.0000000e+00 
-2.2859007e-01 6.9218898e-01 0.0000000e+00 
-2.1383512e-01 7.1309710e-01 0.0000000e+00 
-3.8299778e-01 4.5282841e-01 0.0000000e+00 
-3.6017966e-01 4.8860404e-01 0.0000000e+00 
-1.8242905e-01 7.5574952e-01 0.0000000e+00 
-2.5814828e-01 6.5044367e-01 0.0000000e+00 
-3.1203565e-01 5.6694621e-01 0.0000000e+00 
-3.2503447e-01 5.4666698e-01 0.0000000e+00 
-2.0071180e-01 7.3437107e-01 0.0000000e+00 
-2.7274907e-01 6.2950766e-01 0.0000000e+00 
-2.4548581e-01 6.7157733e-01 0.0000000e+00 
-4.0708601e-01 4.1969875e-01 0.0000000e+00 
-3.0008310e-01 5.8766598e-01 0.0000000e+00 
-3.3894202e-01 5.2689457e-01 0.0000000e+00 
-3.7583178e-01 4.7066489e-01 0.0000000e+00 
-3.5361129e-01 5.0769281e-01 0.0000000e+00 
-3.9937699e-01 4.3624020e-01 0.0000000e+00 
-2.1973373e-01 7.1376795e-01 0.0000000e+00 
-2.8929654e-01 6.0876405e-01 0.0000000e+00 
-2.3469505e-01 6.9291788e-01 0.0000000e+00 
-1.8839939e-01 7.5607896e-01 0.0000000e+00 
-2.0651776e-01 7.3493290e-01 0.0000000e+00 
-2.6484334e-01 6.5116596e-01 0.0000000e+00 
-3.6889762e-01 4.8911679e-01 0.0000000e+00 
-3.9191404e-01 4.5341244e-01 0.0000000e+00 
-2.5187927e-01 6.7232049e-01 0.0000000e+00 
-2.7977368e-01 6.3018531e-01 0.0000000e+00 
-3.1996942e-01 5.6747103e-01 0.0000000e+00 
-3.3322328e-01 5.4716206e-01 0.0000000e+00 
-3.0774182e-01 5.8823299e-01 0.0000000e+00 
-3.4735721e-01 5.2737641e-01 0.0000000e+00 
-2.2563688e-01 7.1445411e-01 0.0000000e+00 
-4.1614243e-01 4.2037740e-01 0.0000000e+00 
-1.9428618e-01 7.5645113e-01 0.0000000e+00 
-2.4082395e-01 6.9365442e-01 0.0000000e+00 
-3.8467407e-01 4.7120857e-01 0.0000000e+00 
-2.9666904e-01 6.0937977e-01 0.0000000e+00 
-2.1230149e-01 7.3551899e-01 0.0000000e+00 
-3.6221680e-01 5.0817949e-01 0.0000000e+00 
-4.0837052e-01 4.3687010e-01 0.0000000e+00 
-2.7158815e-01 6.5188122e-01 0.0000000e+00 
-2.5831220e-01 6.7306322e-01 0.0000000e+00 
-3.7765348e-01 4.8962483e-01 0.0000000e+00 
-2.8685671e-01 6.3084966e-01 0.0000000e+00 
-4.0084660e-01 4.5399702e-01 0.0000000e+00 
-2.0010690e-01 7.5686216e-01 0.0000000e+00 
-2.3154929e-01 7.1515441e-01 0.0000000e+00 
-3.2797047e-01 5.6797677e-01 0.0000000e+00 
-3.4147593e-01 5.4764050e-01 0.0000000e+00 
-2.4698046e-01 6.9439721e-01 0.0000000e+00 
-3.1546798e-01 5.8878052e-01 0.0000000e+00 
-2.1807005e-01 7.3612791e-01 0.0000000e+00 
-3.5582909e-01 5.2784568e-01 0.0000000e+00 
-3.0410653e-01 6.0997760e-01 0.0000000e+00 
-3.9354059e-01 4.7175103e-01 0.0000000e+00 
-3.7086856e-01 5.0865811e-01 0.0000000e+00 
-2.7838525e-01 6.5258807e-01 0.0000000e+00 
-2.6478758e-01 6.7380428e-01 0.0000000e+00 
-4.1736761e-01 4.3750176e-01 0.0000000e+00 
-2.0587537e-01 7.5731003e-01 0.0000000e+00 
-2.3747548e-01 7.1586782e-01 0.0000000e+00 
-2.9400033e-01 6.3149959e-01 0.0000000e+00 
-2.2382991e-01 7.3675865e-01 0.0000000e+00 
-2.5316808e-01 6.9514525e-01 0.0000000e+00 
-3.8644236e-01 4.9012917e-01 0.0000000e+00 
-4.0978932e-01 4.5458251e-01 0.0000000e+00 
-3.3603871e-01 5.6846350e-01 0.0000000e+00 
-3.4979111e-01 5.4810292e-01 0.0000000e+00 
-3.2326248e-01 5.8930796e-01 0.0000000e+00 
-3.6435506e-01 5.2830321e-01 0.0000000e+00 
-3.1161055e-01 6.1055660e-01 0.0000000e+00 
-2.1160294e-01 7.5779343e-01 0.0000000e+00 
-2.7130833e-01 6.7454255e-01 0.0000000e+00 
-2.8523722e-01 6.5328521e-01 0.0000000e+00 
-4.0242553e-01 4.7229302e-01 0.0000000e+00 
-2.4341978e-01 7.1659333e-01 0.0000000e+00 
-3.7956244e-01 5.0912988e-01 0.0000000e+00 
-2.2958708e-01 7.3741025e-01 0.0000000e+00 
-4.2636180e-01 4.3813509e-01 0.0000000e+00 
-2.5939023e-01 6.9589746e-01 0.0000000e+00 
-3.0120659e-01 6.3213384e-01 0.0000000e+00 
-3.9525899e-01 4.9063084e-01 0.0000000e+00 
-3.4417373e-01 5.6893128e-01 0.0000000e+00 
-2.1729928e-01 7.5831139e-01 0.0000000e+00 
-4.1873583e-01 4.5516920e-01 0.0000000e+00 
-3.3112594e-01 5.8981496e-01 0.0000000e+00 
-3.5816714e-01 5.4855007e-01 0.0000000e+00 
-2.4938628e-01 7.1733022e-01 0.0000000e+00 
-2.7787733e-01 6.7527676e-01 0.0000000e+00 
-3.1918257e-01 6.1111587e-01 0.0000000e+00 
-3.7293196e-01 5.2875030e-01 0.0000000e+00 
-2.3534706e-01 7.3808205e-01 0.0000000e+00 
-2.9214647e-01 6.5397143e-01 0.0000000e+00 
-2.6565027e-01 6.9665295e-01 0.0000000e+00 
-4.1132262e-01 4.7283515e-01 0.0000000e+00 
-3.8829395e-01 5.0959605e-01 0.0000000e+00 
-3.0847743e-01 6.3275129e-01 0.0000000e+00 
-2.2297266e-01 7.5886291e-01 0.0000000e+00 
-2.5537887e-01 7.1807778e-01 0.0000000e+00 
-3.5237491e-01 5.6938058e-01 0.0000000e+00 
-4.0409762e-01 4.9113089e-01 0.0000000e+00 
-3.3905885e-01 5.9030122e-01 0.0000000e+00 
-2.4111494e-01 7.3877352e-01 0.0000000e+00 
-4.2767939e-01 4.5575723e-01 0.0000000e+00 
-3.6660191e-01 5.4898274e-01 0.0000000e+00 
-2.8449729e-01 6.7600596e-01 0.0000000e+00 
-2.9911530e-01 6.5464556e-01 0.0000000e+00 
-3.2682380e-01 6.1165464e-01 0.0000000e+00 
-2.7195132e-01 6.9741070e-01 0.0000000e+00 
-3.8155618e-01 5.2918804e-01 0.0000000e+00 
-2.2863032e-01 7.5944716e-01 0.0000000e+00 
-4.2022535e-01 4.7337803e-01 0.0000000e+00 
-3.1581470e-01 6.3335091e-01 0.0000000e+00 
-3.9705798e-01 5.1005787e-01 0.0000000e+00 
-2.6140127e-01 7.1883535e-01 0.0000000e+00 
-2.4689542e-01 7.3948407e-01 0.0000000e+00 
-2.9117084e-01 6.7672890e-01 0.0000000e+00 
-3.6064115e-01 5.6981188e-01 0.0000000e+00 
-3.4706137e-01 5.9076667e-01 0.0000000e+00 
-4.1295198e-01 4.9163023e-01 0.0000000e+00 
-2.3427868e-01 7.6006317e-01 0.0000000e+00 
-3.0614597e-01 6.5530646e-01 0.0000000e+00 
-2.7829638e-01 6.9816995e-01 0.0000000e+00 
-3.7509289e-01 5.4940218e-01 0.0000000e+00 
-4.3661299e-01 4.5634660e-01 0.0000000e+00 
-3.3453539e-01 6.1217237e-01 0.0000000e+00 
-3.9022362e-01 5.2961791e-01 0.0000000e+00 
-3.2322010e-01 6.3393170e-01 0.0000000e+00 
-2.5269282e-01 7.4021316e-01 0.0000000e+00 
-2.6745689e-01 7.1960223e-01 0.0000000e+00 
-4.2912671e-01 4.7392207e-01 0.0000000e+00 
-4.0584901e-01 5.1051658e-01 0.0000000e+00 
-2.3992345e-01 7.6070994e-01 0.0000000e+00 
-2.9790050e-01 6.7744464e-01 0.0000000e+00 
-2.8468832e-01 6.9892979e-01 0.0000000e+00 
-3.5513341e-01 5.9121150e-01 0.0000000e+00 
-3.1324062e-01 6.5595299e-01 0.0000000e+00 
-3.6897108e-01 5.7022595e-01 0.0000000e+00 
-4.2181545e-01 4.9212977e-01 0.0000000e+00 
-3.8363713e-01 5.4980952e-01 0.0000000e+00 
-3.4231824e-01 6.1266845e-01 0.0000000e+00 
-2.5851113e-01 7.4096018e-01 0.0000000e+00 
-2.7354902e-01 7.2037774e-01 0.0000000e+00 
-3.9892960e-01 5.3004134e-01 0.0000000e+00 
-3.3069527e-01 6.3449275e-01 0.0000000e+00 
-2.4556980e-01 7.6138651e-01 0.0000000e+00 
-4.3801948e-01 4.7446755e-01 0.0000000e+00 
-3.0468866e-01 6.7815202e-01 0.0000000e+00 
-4.1466096e-01 5.1097351e-01 0.0000000e+00 
-2.9112995e-01 6.9968927e-01 0.0000000e+00 
-3.2040122e-01 6.5658396e-01 0.0000000e+00 
-3.6327466e-01 5.9163588e-01 0.0000000e+00 
-2.6435414e-01 7.4172455e-01 0.0000000e+00 
-3.7736285e-01 5.7062382e-01 0.0000000e+00 
-3.5017309e-01 6.1314261e-01 0.0000000e+00 
-2.7968073e-01 7.2116125e-01 0.0000000e+00 
-4.3068102e-01 4.9263030e-01 0.0000000e+00 
-3.9223102e-01 5.5020630e-01 0.0000000e+00 
-2.5122237e-01 7.6209193e-01 0.0000000e+00 
-3.3824164e-01 6.3503319e-01 0.0000000e+00 
-4.0766898e-01 5.3045982e-01 0.0000000e+00 
-3.1153768e-01 6.7885000e-01 0.0000000e+00 
-2.9762381e-01 7.0044750e-01 0.0000000e+00 
-4.4689602e-01 4.7501451e-01 0.0000000e+00 
-4.2348728e-01 5.1142991e-01 0.0000000e+00 
-2.7022526e-01 7.4250561e-01 0.0000000e+00 
-3.2762977e-01 6.5719843e-01 0.0000000e+00 
-2.8585497e-01 7.2195202e-01 0.0000000e+00 
-2.5688550e-01 7.6282507e-01 0.0000000e+00 
-3.7148437e-01 5.9204042e-01 0.0000000e+00 
-3.8581413e-01 5.7100666e-01 0.0000000e+00 
-3.5810044e-01 6.1359453e-01 0.0000000e+00 
-4.0087056e-01 5.5059415e-01 0.0000000e+00 
-4.3954113e-01 4.9313241e-01 0.0000000e+00 
-3.4586054e-01 6.3555223e-01 0.0000000e+00 
-4.1643599e-01 5.3087503e-01 0.0000000e+00 
-3.0417240e-01 7.0120353e-01 0.0000000e+00 
-3.1844968e-01 6.7953742e-01 0.0000000e+00 
-2.7612779e-01 7.4330264e-01 0.0000000e+00 
-2.6256308e-01 7.6358497e-01 0.0000000e+00 
-2.9207447e-01 7.2274917e-01 0.0000000e+00 
-3.3492804e-01 6.5779519e-01 0.0000000e+00 
-4.3232086e-01 5.1188684e-01 0.0000000e+00 
-3.7976149e-01 5.9242576e-01 0.0000000e+00 
-3.9432222e-01 5.7137579e-01 0.0000000e+00 
-3.6610058e-01 6.1402422e-01 0.0000000e+00 
-4.0955108e-01 5.5097467e-01 0.0000000e+00 
-4.4838801e-01 4.9363658e-01 0.0000000e+00 
-3.5355318e-01 6.3604915e-01 0.0000000e+00 
-2.8206474e-01 7.4411505e-01 0.0000000e+00 
-3.1077811e-01 7.0195627e-01 0.0000000e+00 
-3.2542682e-01 6.8021309e-01 0.0000000e+00 
-2.6825875e-01 7.6437050e-01 0.0000000e+00 
-4.2522427e-01 5.3128850e-01 0.0000000e+00 
-2.9834190e-01 7.2355193e-01 0.0000000e+00 
-3.4229773e-01 6.5837312e-01 0.0000000e+00 
-4.4115424e-01 5.1234549e-01 0.0000000e+00 
-3.8810456e-01 5.9279293e-01 0.0000000e+00 
-3.7417352e-01 6.1443180e-01 0.0000000e+00 
-4.0288374e-01 5.7173288e-01 0.0000000e+00 
-2.8803900e-01 7.4494195e-01 0.0000000e+00 
-2.7397594e-01 7.6518071e-01 0.0000000e+00 
-3.1744322e-01 7.0270479e-01 0.0000000e+00 
-4.1826737e-01 5.5134982e-01 0.0000000e+00 
-4.5721349e-01 4.9414304e-01 0.0000000e+00 
-3.6132053e-01 6.3652337e-01 0.0000000e+00 
-3.3247107e-01 6.8087590e-01 0.0000000e+00 
-3.0465969e-01 7.2435951e-01 0.0000000e+00 
-4.3402702e-01 5.3170180e-01 0.0000000e+00 
-3.4974048e-01 6.5893126e-01 0.0000000e+00 
-4.4997939e-01 5.1280659e-01 0.0000000e+00 
-2.9405332e-01 7.4578261e-01 0.0000000e+00 
-2.7971777e-01 7.6601452e-01 0.0000000e+00 
-3.9651167e-01 5.9314305e-01 0.0000000e+00 
-3.8231906e-01 6.1481756e-01 0.0000000e+00 
-3.2416987e-01 7.0344782e-01 0.0000000e+00 
-4.1149488e-01 5.7207972e-01 0.0000000e+00 
-3.3958441e-01 6.8152452e-01 0.0000000e+00 
-3.1103027e-01 7.2517085e-01 0.0000000e+00 
-3.6916354e-01 6.3697439e-01 0.0000000e+00 
-4.2701355e-01 5.5172139e-01 0.0000000e+00 
-4.4283673e-01 5.3211641e-01 0.0000000e+00 
-3.5725787e-01 6.5946853e-01 0.0000000e+00 
-2.8548732e-01 7.6687086e-01 0.0000000e+00 
-3.0011028e-01 7.4663609e-01 0.0000000e+00 
-4.5878795e-01 5.1327091e-01 0.0000000e+00 
-3.3096021e-01 7.0418423e-01 0.0000000e+00 
-4.0498051e-01 5.9347755e-01 0.0000000e+00 
-3.9053658e-01 6.1518204e-01 0.0000000e+00 
-3.1745592e-01 7.2598505e-01 0.0000000e+00 
-3.4676868e-01 6.8215775e-01 0.0000000e+00 
-4.2015108e-01 5.7241827e-01 0.0000000e+00 
-3.7708288e-01 6.3740182e-01 0.0000000e+00 
-4.3578315e-01 5.5209136e-01 0.0000000e+00 
-2.9128742e-01 7.6774871e-01 0.0000000e+00 
-3.0621240e-01 7.4750161e-01 0.0000000e+00 
-3.6485130e-01 6.5998393e-01 0.0000000e+00 
-4.5164546e-01 5.3253371e-01 0.0000000e+00 
-3.3781630e-01 7.0491284e-01 0.0000000e+00 
-3.2393885e-01 7.2680098e-01 0.0000000e+00 
-4.6757114e-01 5.1373899e-01 0.0000000e+00 
-3.5402572e-01 6.8277431e-01 0.0000000e+00 
-4.1350812e-01 5.9379816e-01 0.0000000e+00 
-3.9882520e-01 6.1552602e-01 0.0000000e+00 
-4.2884728e-01 5.7275069e-01 0.0000000e+00 
-2.9712075e-01 7.6864707e-01 0.0000000e+00 
-3.8507909e-01 6.3780546e-01 0.0000000e+00 
-3.1236199e-01 7.4837822e-01 0.0000000e+00 
-4.4456905e-01 5.5246174e-01 0.0000000e+00 
-3.7252215e-01 6.6047651e-01 0.0000000e+00 
-4.6044475e-01 5.3295493e-01 0.0000000e+00 
-3.4474006e-01 7.0563233e-01 0.0000000e+00 
-3.3048120e-01 7.2761762e-01 0.0000000e+00 
-3.6135733e-01 6.8337286e-01 0.0000000e+00 
-3.0298996e-01 7.6956499e-01 0.0000000e+00 
-4.2209101e-01 5.9410685e-01 0.0000000e+00 
-4.0718359e-01 6.1585057e-01 0.0000000e+00 
-3.1856140e-01 7.4926496e-01 0.0000000e+00 
-4.3757761e-01 5.7307929e-01 0.0000000e+00 
-3.9315248e-01 6.3818538e-01 0.0000000e+00 
-4.5336351e-01 5.5283445e-01 0.0000000e+00 
-3.8027170e-01 6.6094536e-01 0.0000000e+00 
-4.6922562e-01 5.3338110e-01 0.0000000e+00 
-3.5173348e-01 7.0634127e-01 0.0000000e+00 
-3.3708510e-01 7.2843379e-01 0.0000000e+00 
-3.0889755e-01 7.7050138e-01 0.0000000e+00 
-3.6876521e-01 6.8395203e-01 0.0000000e+00 
-3.2481289e-01 7.5016081e-01 0.0000000e+00 
-4.1561002e-01 6.1615711e-01 0.0000000e+00 
-4.3072504e-01 5.9440577e-01 0.0000000e+00 
-4.0130314e-01 6.3854164e-01 0.0000000e+00 
-4.4633555e-01 5.7340634e-01 0.0000000e+00 
-4.6215814e-01 5.5321121e-01 0.0000000e+00 
-3.8810119e-01 6.6138971e-01 0.0000000e+00 
-3.4375253e-01 7.2924823e-01 0.0000000e+00 
-3.5879853e-01 7.0703828e-01 0.0000000e+00 
-3.1484598e-01 7.7145529e-01 0.0000000e+00 
-4.7797871e-01 5.3381306e-01 0.0000000e+00 
-3.3111864e-01 7.5106472e-01 0.0000000e+00 
-3.7625110e-01 6.8451047e-01 0.0000000e+00 
-4.2410219e-01 6.1644727e-01 0.0000000e+00 
-4.3940544e-01 5.9469748e-01 0.0000000e+00 
-4.0953088e-01 6.3887483e-01 0.0000000e+00 
-4.5511392e-01 5.7373434e-01 0.0000000e+00 
-3.2083762e-01 7.7242571e-01 0.0000000e+00 
-3.5048559e-01 7.3005962e-01 0.0000000e+00 
-4.7094396e-01 5.5359381e-01 0.0000000e+00 
-3.9601171e-01 6.6180885e-01 0.0000000e+00 
-3.6593708e-01 7.0772183e-01 0.0000000e+00 
-3.3748078e-01 7.5197566e-01 0.0000000e+00 
-3.8381675e-01 6.8504685e-01 0.0000000e+00 
-4.3265733e-01 6.1672306e-01 0.0000000e+00 
-4.4812658e-01 5.9498453e-01 0.0000000e+00 
-3.2687482e-01 7.7341175e-01 0.0000000e+00 
-4.1783530e-01 6.3918561e-01 0.0000000e+00 
-4.6390465e-01 5.7406574e-01 0.0000000e+00 
-3.5728627e-01 7.3086661e-01 0.0000000e+00 
-3.7315112e-01 7.0839041e-01 0.0000000e+00 
-4.0400434e-01 6.6220224e-01 0.0000000e+00 
-4.7971150e-01 5.5398363e-01 0.0000000e+00 
-3.4390149e-01 7.5289255e-01 0.0000000e+00 
-3.9146391e-01 6.8555981e-01 0.0000000e+00 
-3.3295986e-01 7.7441233e-01 0.0000000e+00 
-4.4127196e-01 6.1698687e-01 0.0000000e+00 
-4.5688218e-01 5.9526986e-01 0.0000000e+00 
-3.6415657e-01 7.3166788e-01 0.0000000e+00 
-4.2621547e-01 6.3947517e-01 0.0000000e+00 
-4.7269914e-01 5.7440293e-01 0.0000000e+00 
-3.5038283e-01 7.5381428e-01 0.0000000e+00 
-3.8044262e-01 7.0904243e-01 0.0000000e+00 
-4.1207993e-01 6.6256964e-01 0.0000000e+00 
-4.8845071e-01 5.5438191e-01 0.0000000e+00 
-3.9919433e-01 6.8604791e-01 0.0000000e+00 
-3.3909506e-01 7.7542663e-01 0.0000000e+00 
-3.7109861e-01 7.3246175e-01 0.0000000e+00 
-4.4994187e-01 6.1724156e-01 0.0000000e+00 
-3.5692695e-01 7.5473958e-01 0.0000000e+00 
-4.6566501e-01 5.9555650e-01 0.0000000e+00 
-4.3467018e-01 6.3974494e-01 0.0000000e+00 
-3.8781363e-01 7.0967603e-01 0.0000000e+00 
-4.8148790e-01 5.7474810e-01 0.0000000e+00 
-4.2023930e-01 6.6291094e-01 0.0000000e+00 
-3.4528267e-01 7.7645367e-01 0.0000000e+00 
-4.0700981e-01 6.8651009e-01 0.0000000e+00 
-3.7811443e-01 7.3324680e-01 0.0000000e+00 
-3.6353600e-01 7.5566733e-01 0.0000000e+00 
-4.5866212e-01 6.1749005e-01 0.0000000e+00 
-4.7446704e-01 5.9584755e-01 0.0000000e+00 
-3.9526623e-01 7.1028966e-01 0.0000000e+00 
-4.4319767e-01 6.3999695e-01 0.0000000e+00 
-4.9026090e-01 5.7510340e-01 0.0000000e+00 
-4.2848313e-01 6.6322637e-01 0.0000000e+00 
-3.5152498e-01 7.7749246e-01 0.0000000e+00 
-4.1491222e-01 6.8694502e-01 0.0000000e+00 
-3.8520622e-01 7.3402131e-01 0.0000000e+00 
-3.7021211e-01 7.5659621e-01 0.0000000e+00 
-4.0280265e-01 7.1088141e-01 0.0000000e+00 
-4.6742678e-01 6.1773586e-01 0.0000000e+00 
-4.8327932e-01 5.9614605e-01 0.0000000e+00 
-4.5179555e-01 6.4023352e-01 0.0000000e+00 
-3.5782430e-01 7.7854210e-01 0.0000000e+00 
-4.9900737e-01 5.7547063e-01 0.0000000e+00 
-4.3681177e-01 6.6351640e-01 0.0000000e+00 
-4.2290345e-01 6.8735170e-01 0.0000000e+00 
-3.7695757e-01 7.5752497e-01 0.0000000e+00 
-3.9237621e-01 7.3478353e-01 0.0000000e+00 
-3.6418298e-01 7.7960175e-01 0.0000000e+00 
-4.1042522e-01 7.1144944e-01 0.0000000e+00 
-4.7622901e-01 6.1798275e-01 0.0000000e+00 
-4.9209210e-01 5.9645510e-01 0.0000000e+00 
-4.6046072e-01 6.4045757e-01 0.0000000e+00 
-4.4522542e-01 6.6378218e-01 0.0000000e+00 
-4.3098542e-01 6.8772924e-01 0.0000000e+00 
-3.8377458e-01 7.5845224e-01 0.0000000e+00 
-3.9962679e-01 7.3553163e-01 0.0000000e+00 
-3.7060332e-01 7.8067034e-01 0.0000000e+00 
-4.1813651e-01 7.1199191e-01 0.0000000e+00 
-4.8506099e-01 6.1823452e-01 0.0000000e+00 
-5.0089473e-01 5.9677762e-01 0.0000000e+00 
-4.6918926e-01 6.4067268e-01 0.0000000e+00 
-4.5372388e-01 6.6402525e-01 0.0000000e+00 
-3.9066559e-01 7.5937659e-01 0.0000000e+00 
-4.3916017e-01 6.8807709e-01 0.0000000e+00 
-4.0696046e-01 7.3626363e-01 0.0000000e+00 
-3.7708783e-01 7.8174710e-01 0.0000000e+00 
-4.2593917e-01 7.1250695e-01 0.0000000e+00 
-4.9391374e-01 6.1849535e-01 0.0000000e+00 
-5.0967568e-01 5.9711623e-01 0.0000000e+00 
-4.7797629e-01 6.4088279e-01 0.0000000e+00 
-4.6230641e-01 6.6424769e-01 0.0000000e+00 
-3.9763302e-01 7.6029658e-01 0.0000000e+00 
-4.1437992e-01 7.3697758e-01 0.0000000e+00 
-3.8363898e-01 7.8283101e-01 0.0000000e+00 
-4.4742972e-01 6.8839484e-01 0.0000000e+00 
-4.3383616e-01 7.1299267e-01 0.0000000e+00 
-5.0277722e-01 6.1876923e-01 0.0000000e+00 
-4.8681575e-01 6.4109242e-01 0.0000000e+00 
-4.0467948e-01 7.6121068e-01 0.0000000e+00 
-4.7097173e-01 6.6445243e-01 0.0000000e+00 
-3.9025933e-01 7.8392124e-01 0.0000000e+00 
-4.2188808e-01 7.3767126e-01 0.0000000e+00 
-4.5579606e-01 6.8868273e-01 0.0000000e+00 
-4.4183069e-01 7.1344727e-01 0.0000000e+00 
-5.1164019e-01 6.1906040e-01 0.0000000e+00 
-4.1180781e-01 7.6211721e-01 0.0000000e+00 
-4.9570039e-01 6.4130652e-01 0.0000000e+00 
-3.9695162e-01 7.8501683e-01 0.0000000e+00 
-4.7971776e-01 6.6464305e-01 0.0000000e+00 
-4.2948815e-01 7.3834240e-01 0.0000000e+00 
-4.6426117e-01 6.8894136e-01 0.0000000e+00 
-4.4992629e-01 7.1386898e-01 0.0000000e+00 
-4.1902089e-01 7.6301444e-01 0.0000000e+00 
-4.0371865e-01 7.8611684e-01 0.0000000e+00 
-5.2049053e-01 6.1937249e-01 0.0000000e+00 
-5.0462157e-01 6.4153039e-01 0.0000000e+00 
-4.8854131e-01 6.6482413e-01 0.0000000e+00 
-4.3718365e-01 7.3898858e-01 0.0000000e+00 
-4.7282675e-01 6.8917215e-01 0.0000000e+00 
-4.5812678e-01 7.1425629e-01 0.0000000e+00 
-4.1056341e-01 7.8722036e-01 0.0000000e+00 
-4.2632198e-01 7.6390052e-01 0.0000000e+00 
-5.1356924e-01 6.4176977e-01 0.0000000e+00 
-4.4497848e-01 7.3960727e-01 0.0000000e+00 
-4.9743807e-01 6.6500092e-01 0.0000000e+00 
-4.8149425e-01 6.8937719e-01 0.0000000e+00 
-4.6643642e-01 7.1460789e-01 0.0000000e+00 
-4.1748902e-01 7.8832650e-01 0.0000000e+00 
-4.3371460e-01 7.6477349e-01 0.0000000e+00 
-5.2253175e-01 6.4203018e-01 0.0000000e+00 
-4.5287701e-01 7.4019575e-01 0.0000000e+00 
-5.0640213e-01 6.6517973e-01 0.0000000e+00 
-4.9026453e-01 6.8955982e-01 0.0000000e+00 
-4.2449892e-01 7.8943425e-01 0.0000000e+00 
-4.7485974e-01 7.1492296e-01 0.0000000e+00 
-4.4120252e-01 7.6563114e-01 0.0000000e+00 
-5.3149605e-01 6.4231724e-01 0.0000000e+00 
-4.6088424e-01 7.4075127e-01 0.0000000e+00 
-5.1542580e-01 6.6536748e-01 0.0000000e+00 
-4.9913764e-01 6.8972450e-01 0.0000000e+00 
-4.3159667e-01 7.9054272e-01 0.0000000e+00 
-4.8340172e-01 7.1520108e-01 0.0000000e+00 
-4.4879010e-01 7.6647115e-01 0.0000000e+00 
-4.6900576e-01 7.4127084e-01 0.0000000e+00 
-5.2449960e-01 6.6557187e-01 0.0000000e+00 
-5.0811231e-01 6.8987727e-01 0.0000000e+00 
-4.3878621e-01 7.9165083e-01 0.0000000e+00 
-4.5648202e-01 7.6729095e-01 0.0000000e+00 
-4.9206761e-01 7.1544284e-01 0.0000000e+00 
-4.7724804e-01 7.4175155e-01 0.0000000e+00 
-5.3361154e-01 6.6580111e-01 0.0000000e+00 
-4.4607183e-01 7.9275757e-01 0.0000000e+00 
-5.1718557e-01 6.9002551e-01 0.0000000e+00 
-4.6428373e-01 7.6808774e-01 0.0000000e+00 
-5.0086278e-01 7.1564972e-01 0.0000000e+00 
-4.8561838e-01 7.4219042e-01 0.0000000e+00 
-5.4274774e-01 6.6606313e-01 0.0000000e+00 
-4.5345822e-01 7.9386187e-01 0.0000000e+00 
-5.2635217e-01 6.9017851e-01 0.0000000e+00 
-4.7220138e-01 7.6885831e-01 0.0000000e+00 
-5.0979245e-01 7.1582496e-01 0.0000000e+00 
-4.9412531e-01 7.4258459e-01 0.0000000e+00 
-4.6095058e-01 7.9496258e-01 0.0000000e+00 
-5.3560394e-01 6.9034666e-01 0.0000000e+00 
-4.8024198e-01 7.6959908e-01 0.0000000e+00 
-5.1886129e-01 7.1597373e-01 0.0000000e+00 
-5.0277847e-01 7.4293143e-01 0.0000000e+00 
-4.6855465e-01 7.9605836e-01 0.0000000e+00 
-5.4493022e-01 6.9054157e-01 0.0000000e+00 
-4.8841375e-01 7.7030605e-01 0.0000000e+00 
-5.2807266e-01 7.1610373e-01 0.0000000e+00 
-5.1158899e-01 7.4322909e-01 0.0000000e+00 
-4.7627693e-01 7.9714787e-01 0.0000000e+00 
-5.5431551e-01 6.9077641e-01 0.0000000e+00 
-4.9672630e-01 7.7097476e-01 0.0000000e+00 
-5.3742725e-01 7.1622628e-01 0.0000000e+00 
-5.2056950e-01 7.4347657e-01 0.0000000e+00 
-4.8412478e-01 7.9822946e-01 0.0000000e+00 
-5.0519097e-01 7.7159995e-01 0.0000000e+00 
-5.4692131e-01 7.1635628e-01 0.0000000e+00 
-5.2973408e-01 7.4367470e-01 0.0000000e+00 
-4.9210659e-01 7.9930121e-01 0.0000000e+00 
-5.1382124e-01 7.7217597e-01 0.0000000e+00 
-5.5654526e-01 7.1651191e-01 0.0000000e+00 
-5.0023204e-01 8.0036074e-01 0.0000000e+00 
-5.3909808e-01 7.4382722e-01 0.0000000e+00 
-5.2263343e-01 7.7269614e-01 0.0000000e+00 
-5.6628722e-01 7.1671045e-01 0.0000000e+00 
-5.0851232e-01 8.0140507e-01 0.0000000e+00 
-5.4867697e-01 7.4394256e-01 0.0000000e+00 
-5.3164744e-01 7.7315336e-01 0.0000000e+00 
-5.1696062e-01 8.0243039e-01 0.0000000e+00 
-5.5848390e-01 7.4403656e-01 0.0000000e+00 
-5.4088765e-01 7.7353978e-01 0.0000000e+00 
-5.2559245e-01 8.0343157e-01 0.0000000e+00 
-5.6852335e-01 7.4413711e-01 0.0000000e+00 
-5.5038446e-01 7.7384752e-01 0.0000000e+00 
-5.3442657e-01 8.0440152e-01 0.0000000e+00 
-5.7877457e-01 7.4428976e-01 0.0000000e+00 
-5.6017607e-01 7.7406973e-01 0.0000000e+00 
-5.4348546e-01 8.0533063e-01 0.0000000e+00 
-5.7031107e-01 7.7420282e-01 0.0000000e+00 
-5.5279702e-01 8.0620486e-01 0.0000000e+00 
-5.8085108e-01 7.7425295e-01 0.0000000e+00 
-5.6239611e-01 8.0700421e-01 0.0000000e+00 
-5.9186792e-01 7.7425379e-01 0.0000000e+00 
-5.7232827e-01 8.0769908e-01 0.0000000e+00 
-5.8265597e-01 8.0824471e-01 0.0000000e+00 
-5.9347498e-01 8.0857164e-01 0.0000000e+00 
-6.0496348e-01 8.0856562e-01 0.0000000e+00 
REACTION 3 4225  float
-1.0198825e+06 -7.9603731e+05 0.0000000e+00 
-2.1404028e+06 -1.9037921e+06 0.0000000e+00 
1.4664796e-03 5.4628402e-04 0.0000000e+00 
-2.2515818e+06 -1.9644604e+06 0.0000000e+00 
4.6264869e-04 -1.1930440e-04 0.0000000e+00 
1.5624776e-03 7.9203292e-04 0.0000000e+00 
-2.2979920e+06 -2.0184966e+06 0.0000000e+00 
2.7827383e-04 -1.6042963e-05 0.0000000e+00 
3.6509056e-04 -1.4795619e-04 0.0000000e+00 
-2.3371068e+06 -2.0658252e+06 0.0000000e+00 
2.2368971e-04 -5.0407834e-07 0.0000000e+00 
1.6401748e-03 9.5970149e-04 0.0000000e+00 
3.0831993e-04 -5.3574913e-05 0.0000000e+00 
-2.3786980e+06 -2.1082652e+06 0.0000000e+00 
1.8862425e-04 1.3951212e-05 0.0000000e+00 
3.2835011e-04 -1.2266356e-04 0.0000000e+00 
2.6283180e-04 -2.0337291e-05 0.0000000e+00 
1.6914289e-03 1.1145973e-03 0.0000000e+00 
3.0022883e-04 -6.2365900e-05 0.0000000e+00 
-2.4263720e+06 -2.1459468e+06 0.0000000e+00 
1.7116475e-04 1.7808517e-05 0.0000000e+00 
2.3859250e-04 -5.5995770e-06 0.0000000e+00 
3.1319982e-04 -9.2945178e-05 0.0000000e+00 
2.7089706e-04 -2.8515118e-05 0.0000000e+00 
-2.4809772e+06 -2.1784282e+06 0.0000000e+00 
1.6437541e-04 1.6889418e-05 0.0000000e+00 
2.1239114e-04 8.0198515e-06 0.0000000e+00 
1.7321517e-03 1.2727981e-03 0.0000000e+00 
3.1389343e-04 -6.7571294e-05 0.0000000e+00 
2.5397795e-04 -1.2311386e-05 0.0000000e+00 
-2.5420982e+06 -2.2050935e+06 0.0000000e+00 
1.5917537e-04 1.6267179e-05 0.0000000e+00 
3.2372004e-04 -7.5419899e-05 0.0000000e+00 
2.7931225e-04 -2.4909386e-05 0.0000000e+00 
1.9653793e-04 1.7709099e-05 0.0000000e+00 
2.3983559e-04 -2.0425068e-06 0.0000000e+00 
3.1327480e-04 -5.2290270e-05 0.0000000e+00 
1.7670477e-03 1.4354747e-03 0.0000000e+00 
-2.6086655e+06 -2.2253465e+06 0.0000000e+00 
1.5249965e-04 1.8639956e-05 0.0000000e+00 
2.7598324e-04 -2.5294023e-05 0.0000000e+00 
1.9631023e-04 7.2674593e-06 0.0000000e+00 
2.1950877e-04 9.7083393e-06 0.0000000e+00 
3.3512479e-04 -6.2898500e-05 0.0000000e+00 
3.0451710e-04 -3.8723694e-05 0.0000000e+00 
2.4468754e-04 4.8119109e-06 0.0000000e+00 
-2.6792768e+06 -2.2386925e+06 0.0000000e+00 
1.4519459e-04 2.6299851e-05 0.0000000e+00 
1.8405030e-04 1.4885562e-05 0.0000000e+00 
3.1556725e-04 -4.7597568e-05 0.0000000e+00 
1.7992354e-03 1.6093773e-03 0.0000000e+00 
2.0888378e-04 8.4722415e-06 0.0000000e+00 
2.7953531e-04 -1.8989434e-05 0.0000000e+00 
2.4646870e-04 -9.5230062e-06 0.0000000e+00 
-2.7523808e+06 -2.2447685e+06 0.0000000e+00 
1.5042629e-04 1.3257843e-05 0.0000000e+00 
3.4304708e-04 -5.4990640e-05 0.0000000e+00 
3.0242512e-04 -3.3820979e-05 0.0000000e+00 
1.7081457e-04 2.0123553e-05 0.0000000e+00 
2.5533605e-04 -5.6745484e-06 0.0000000e+00 
1.9577960e-04 1.6114209e-05 0.0000000e+00 
2.2372557e-04 7.9374295e-06 0.0000000e+00 
3.3269217e-04 -4.6052039e-05 0.0000000e+00 
1.8591310e-03 1.7834329e-03 0.0000000e+00 
2.8433185e-04 -2.2646738e-05 0.0000000e+00 
1.3792398e-04 2.8022798e-05 0.0000000e+00 
-2.8263872e+06 -2.2433438e+06 0.0000000e+00 
1.6951142e-04 1.0724412e-05 0.0000000e+00 
2.5530811e-04 -1.8863706e-05 0.0000000e+00 
1.9347877e-04 6.2871259e-06 0.0000000e+00 
3.4753839e-04 -4.7774287e-05 0.0000000e+00 
3.1414861e-04 -3.6749290e-05 0.0000000e+00 
2.1267543e-04 7.7744480e-06 0.0000000e+00 
2.7383072e-04 -2.2806227e-05 0.0000000e+00 
1.4912151e-04 2.9979274e-06 0.0000000e+00 
-2.8997338e+06 -2.2343115e+06 0.0000000e+00 
2.1986035e-04 8.0941245e-06 0.0000000e+00 
1.5648548e-04 1.8472550e-05 0.0000000e+00 
3.2919995e-04 -4.2203115e-05 0.0000000e+00 
1.7954665e-04 1.0681804e-05 0.0000000e+00 
2.8284057e-04 -2.3854664e-05 0.0000000e+00 
1.9142409e-03 1.9693228e-03 0.0000000e+00 
2.5253836e-04 -1.0191812e-05 0.0000000e+00 
2.0568795e-04 -4.3367036e-06 0.0000000e+00 
2.1513458e-04 -3.0035153e-06 0.0000000e+00 
3.1943247e-04 -4.6502333e-05 0.0000000e+00 
1.2926175e-04 2.7576229e-05 0.0000000e+00 
3.5418291e-04 -5.5647455e-05 0.0000000e+00 
-2.9709262e+06 -2.2176738e+06 0.0000000e+00 
1.5538605e-04 8.1351027e-06 0.0000000e+00 
2.6755175e-04 -2.3185741e-05 0.0000000e+00 
1.6332977e-04 2.3485627e-05 0.0000000e+00 
2.4386123e-04 -2.1569547e-05 0.0000000e+00 
1.7911359e-04 1.1649681e-05 0.0000000e+00 
3.3736764e-04 -6.0827238e-05 0.0000000e+00 
2.9599294e-04 -3.3218879e-05 0.0000000e+00 
1.9952233e-03 2.1605282e-03 0.0000000e+00 
2.0591426e-04 -1.0100892e-05 0.0000000e+00 
2.5148178e-04 -2.7022790e-05 0.0000000e+00 
1.3591116e-04 5.5413693e-06 0.0000000e+00 
-3.0385620e+06 -2.1935268e+06 0.0000000e+00 
1.4119991e-04 1.6072998e-05 0.0000000e+00 
1.6883388e-04 -7.0056412e-06 0.0000000e+00 
2.0847307e-04 -3.0742958e-06 0.0000000e+00 
1.7484231e-04 -1.0765507e-05 0.0000000e+00 
2.9324437e-04 -2.8264010e-05 0.0000000e+00 
3.6693458e-04 -7.0796814e-05 0.0000000e+00 
2.6885374e-04 -4.1937921e-05 0.0000000e+00 
1.8455787e-04 -2.6546186e-06 0.0000000e+00 
2.2871885e-04 -1.9117375e-05 0.0000000e+00 
1.1899718e-04 1.7935177e-05 0.0000000e+00 
1.3317028e-04 6.1984174e-06 0.0000000e+00 
-3.1013418e+06 -2.1620432e+06 0.0000000e+00 
2.0955061e-04 -2.5130343e-05 0.0000000e+00 
1.4640111e-04 1.2081582e-05 0.0000000e+00 
3.3314805e-04 -5.8611156e-05 0.0000000e+00 
2.9501203e-04 -6.1630737e-05 0.0000000e+00 
2.1106042e-03 2.3391913e-03 0.0000000e+00 
2.4261349e-04 -2.9952731e-05 0.0000000e+00 
1.5065097e-04 1.7373357e-05 0.0000000e+00 
2.1928642e-04 -3.0268449e-05 0.0000000e+00 
1.7403741e-04 -9.7488519e-06 0.0000000e+00 
3.1048129e-04 -5.8302889e-05 0.0000000e+00 
2.5533163e-04 -4.3453765e-05 0.0000000e+00 
1.1571450e-04 2.4691690e-06 0.0000000e+00 
3.5883416e-04 -7.9673482e-05 0.0000000e+00 
1.2361351e-04 4.8154034e-06 0.0000000e+00 
1.8586172e-04 -2.3264554e-05 0.0000000e+00 
-3.1580758e+06 -2.1234610e+06 0.0000000e+00 
1.4219503e-04 -7.4361451e-06 0.0000000e+00 
2.2125896e-04 -3.8887956e-05 0.0000000e+00 
1.5515974e-04 -1.2530712e-05 0.0000000e+00 
1.9134185e-04 -2.3919507e-05 0.0000000e+00 
1.4793570e-04 3.5410048e-06 0.0000000e+00 
2.7589221e-04 -6.7839166e-05 0.0000000e+00 
3.0892738e-04 -6.9548143e-05 0.0000000e+00 
2.4403119e-04 -5.6913123e-05 0.0000000e+00 
2.2670475e-03 2.5155609e-03 0.0000000e+00 
1.6184477e-04 -1.3237004e-05 0.0000000e+00 
2.0526303e-04 -3.2399781e-05 0.0000000e+00 
9.7954180e-05 1.7054379e-05 0.0000000e+00 
1.2050080e-04 -3.1031668e-06 0.0000000e+00 
-3.2076825e+06 -2.0780676e+06 0.0000000e+00 
1.2129010e-04 1.0793796e-05 0.0000000e+00 
1.3560592e-04 -7.2794501e-06 0.0000000e+00 
1.8160115e-04 -2.7998467e-05 0.0000000e+00 
2.9207626e-04 -7.0934417e-05 0.0000000e+00 
2.5137514e-04 -5.1060459e-05 0.0000000e+00 
3.6544446e-04 -8.9454232e-05 0.0000000e+00 
1.4715921e-04 -1.9423431e-05 0.0000000e+00 
2.1386147e-04 -4.4234330e-05 0.0000000e+00 
1.8329546e-04 -3.1114090e-05 0.0000000e+00 
1.4001154e-04 -1.2381701e-05 0.0000000e+00 
1.0156957e-04 9.6946023e-06 0.0000000e+00 
9.5324358e-05 4.8149377e-06 0.0000000e+00 
1.1205021e-04 2.0596199e-06 0.0000000e+00 
-3.2491870e+06 -2.0261915e+06 0.0000000e+00 
2.7248100e-04 -8.0434373e-05 0.0000000e+00 
3.1511136e-04 -8.8726869e-05 0.0000000e+00 
2.3146602e-04 -7.5279735e-05 0.0000000e+00 
1.1713058e-04 -5.3786207e-06 0.0000000e+00 
1.6033603e-04 -2.6878901e-05 0.0000000e+00 
2.4693916e-03 2.6858600e-03 0.0000000e+00 
1.8660701e-04 -4.8287213e-05 0.0000000e+00 
1.3034325e-04 -1.7155078e-05 0.0000000e+00 
1.7656386e-04 -5.5279117e-05 0.0000000e+00 
1.3495004e-04 -2.3954082e-05 0.0000000e+00 
2.2630556e-04 -7.7827135e-05 0.0000000e+00 
2.8764992e-04 -9.5887110e-05 0.0000000e+00 
1.7717597e-04 -4.3885317e-05 0.0000000e+00 
9.2954375e-05 -2.6859343e-06 0.0000000e+00 
3.2051140e-04 -1.0701036e-04 0.0000000e+00 
8.4317289e-05 5.1355455e-06 0.0000000e+00 
1.0690209e-04 -1.2369826e-05 0.0000000e+00 
1.2821611e-04 -2.4093548e-05 0.0000000e+00 
-3.2817158e+06 -1.9681910e+06 0.0000000e+00 
1.1023181e-04 -1.5911530e-05 0.0000000e+00 
1.6556168e-04 -5.6095887e-05 0.0000000e+00 
1.0986067e-04 -1.5894650e-05 0.0000000e+00 
1.4605280e-04 -4.6724803e-05 0.0000000e+00 
2.4966802e-04 -1.0539708e-04 0.0000000e+00 
2.2829534e-04 -9.1913273e-05 0.0000000e+00 
1.2264354e-04 -3.0588242e-05 0.0000000e+00 
2.7878722e-04 -1.1265301e-04 0.0000000e+00 
1.8161326e-04 -8.0264872e-05 0.0000000e+00 
2.7366900e-03 2.8497330e-03 0.0000000e+00 
7.5470190e-05 1.5795231e-06 0.0000000e+00 
1.3040216e-04 -4.4986722e-05 0.0000000e+00 
8.3183870e-05 7.1618706e-07 0.0000000e+00 
1.3838941e-04 -5.7391473e-05 0.0000000e+00 
7.4474374e-05 -1.6349368e-06 0.0000000e+00 
8.7500783e-05 -1.0425225e-05 0.0000000e+00 
-3.3044898e+06 -1.9044469e+06 0.0000000e+00 
9.7222161e-05 -1.5748432e-05 0.0000000e+00 
2.0003761e-04 -8.8630244e-05 0.0000000e+00 
2.6086927e-04 -1.2327847e-04 0.0000000e+00 
1.6000425e-04 -6.9561764e-05 0.0000000e+00 
1.0424876e-04 -2.8567156e-05 0.0000000e+00 
3.2486604e-04 -1.4031120e-04 0.0000000e+00 
9.5397234e-05 -2.1053129e-05 0.0000000e+00 
1.3437169e-04 -6.3236454e-05 0.0000000e+00 
1.2413645e-04 -6.5665576e-05 0.0000000e+00 
8.7713590e-05 -1.5565893e-05 0.0000000e+00 
6.7577465e-05 -7.7250879e-06 0.0000000e+00 
7.6137716e-05 -1.9846950e-05 0.0000000e+00 
5.7785073e-05 -1.1806842e-06 0.0000000e+00 
1.7739879e-04 -1.1073635e-04 0.0000000e+00 
2.1671923e-04 -1.1893315e-04 0.0000000e+00 
8.0167549e-05 -1.2863427e-05 0.0000000e+00 
1.5559839e-04 -1.0391953e-04 0.0000000e+00 
2.6571960e-04 -1.4046882e-04 0.0000000e+00 
-3.3168180e+06 -1.8353560e+06 0.0000000e+00 
8.1586884e-05 -2.0758598e-05 0.0000000e+00 
9.5134601e-05 -4.9157534e-05 0.0000000e+00 
3.0611167e-03 2.9949865e-03 0.0000000e+00 
1.2871600e-04 -8.6397864e-05 0.0000000e+00 
8.1592705e-05 -3.2145763e-05 0.0000000e+00 
9.5615396e-05 -5.2154530e-05 0.0000000e+00 
9.8396325e-05 -6.2037958e-05 0.0000000e+00 
1.8150336e-04 -1.3428426e-04 0.0000000e+00 
1.3379590e-04 -9.4169518e-05 0.0000000e+00 
2.2157584e-04 -1.4887098e-04 0.0000000e+00 
1.0296586e-04 -7.2181108e-05 0.0000000e+00 
5.4688891e-05 -1.7359853e-06 0.0000000e+00 
5.7477038e-05 -1.8454390e-05 0.0000000e+00 
2.7485937e-04 -1.7646328e-04 0.0000000e+00 
7.1696471e-05 -2.7846429e-05 0.0000000e+00 
4.0853629e-05 6.5937638e-07 0.0000000e+00 
6.9721136e-05 -4.9142400e-05 0.0000000e+00 
6.4056367e-05 -2.7142349e-05 0.0000000e+00 
-3.3180902e+06 -1.7613252e+06 0.0000000e+00 
8.7640248e-05 -7.3203002e-05 0.0000000e+00 
6.1279861e-05 -2.6660040e-05 0.0000000e+00 
1.4061690e-04 -1.2898189e-04 0.0000000e+00 
1.6510324e-04 -1.3881363e-04 0.0000000e+00 
7.2234077e-05 -6.8415655e-05 0.0000000e+00 
1.0895380e-04 -1.1172984e-04 0.0000000e+00 
4.9175229e-05 -2.8439565e-05 0.0000000e+00 
2.3645163e-04 -1.7765840e-04 0.0000000e+00 
8.5280510e-05 -8.6715561e-05 0.0000000e+00 
3.4931705e-03 3.1050050e-03 0.0000000e+00 
5.6972262e-05 -2.8601498e-05 0.0000000e+00 
3.3013988e-05 -9.2526898e-07 0.0000000e+00 
3.8736034e-05 -3.0979281e-06 0.0000000e+00 
6.1532715e-05 -6.4758700e-05 0.0000000e+00 
5.4753618e-05 -6.6489330e-05 0.0000000e+00 
3.7950464e-05 -2.2546388e-05 0.0000000e+00 
5.1459763e-05 -3.0665076e-05 0.0000000e+00 
-3.3077698e+06 -1.6827669e+06 0.0000000e+00 
1.5890482e-04 -1.7391192e-04 0.0000000e+00 
9.6071744e-05 -1.1872326e-04 0.0000000e+00 
4.4964952e-05 -3.4116558e-05 0.0000000e+00 
1.8310873e-04 -1.7652055e-04 0.0000000e+00 
8.2385028e-05 -1.1930871e-04 0.0000000e+00 
3.8606115e-05 -5.2797957e-05 0.0000000e+00 
2.1004281e-04 -2.0807679e-04 0.0000000e+00 
7.6550292e-05 -1.1381868e-04 0.0000000e+00 
4.5156572e-05 -4.6742964e-05 0.0000000e+00 
4.6696048e-05 -7.8835757e-05 0.0000000e+00 
2.5030226e-05 -5.0554518e-05 0.0000000e+00 
2.9337360e-05 -1.3210578e-05 0.0000000e+00 
4.0032435e-05 -2.7509755e-05 0.0000000e+00 
3.3291290e-05 -2.3801811e-05 0.0000000e+00 
7.5425021e-05 -1.2851832e-04 0.0000000e+00 
7.9165446e-05 -1.4689518e-04 0.0000000e+00 
1.2377813e-04 -1.7681019e-04 0.0000000e+00 
3.3758348e-05 -2.4938257e-05 0.0000000e+00 
7.8305602e-06 1.7881393e-07 0.0000000e+00 
1.9163359e-05 -9.5071271e-05 0.0000000e+00 
1.6389880e-04 -2.0748191e-04 0.0000000e+00 
2.5464687e-05 -3.1300471e-05 0.0000000e+00 
-3.2853848e+06 -1.6000959e+06 0.0000000e+00 
2.4826033e-05 -6.8333000e-05 0.0000000e+00 
5.2342657e-06 -7.5417454e-05 0.0000000e+00 
4.0111784e-03 3.1832517e-03 0.0000000e+00 
1.5824568e-05 -3.0994532e-05 0.0000000e+00 
2.2466993e-05 -9.2667062e-05 0.0000000e+00 
4.9367081e-05 -1.5145435e-04 0.0000000e+00 
8.6989719e-05 -1.9032275e-04 0.0000000e+00 
2.7591595e-05 -1.3626809e-04 0.0000000e+00 
7.4831769e-06 -5.4890523e-05 0.0000000e+00 
1.2179976e-04 -2.2010691e-04 0.0000000e+00 
1.7703744e-05 -2.0646257e-05 0.0000000e+00 
1.3338169e-05 -1.2507243e-04 0.0000000e+00 
2.5834655e-05 -3.0923984e-05 0.0000000e+00 
1.8476974e-05 -2.1253771e-05 0.0000000e+00 
1.8341001e-05 -3.3081393e-05 0.0000000e+00 
1.5236298e-04 -2.4021394e-04 0.0000000e+00 
-4.4181943e-06 -4.4675544e-06 0.0000000e+00 
5.0691888e-06 -6.2764157e-05 0.0000000e+00 
1.1568889e-05 -4.1156076e-05 0.0000000e+00 
-1.7625745e-05 -1.1250447e-04 0.0000000e+00 
-3.2505232e+06 -1.5137259e+06 0.0000000e+00 
7.4566342e-06 -6.3563813e-05 0.0000000e+00 
4.4545857e-05 -1.8646801e-04 0.0000000e+00 
3.1219097e-05 -1.8417719e-04 0.0000000e+00 
6.2898034e-05 -2.1103211e-04 0.0000000e+00 
-2.0645093e-05 -1.2216670e-04 0.0000000e+00 
-1.5295111e-05 -8.2220882e-05 0.0000000e+00 
-1.6167760e-05 -5.2465824e-05 0.0000000e+00 
1.2757466e-04 -2.6704441e-04 0.0000000e+00 
2.2947788e-06 -1.3852248e-04 0.0000000e+00 
-2.1513551e-06 -1.7689308e-05 0.0000000e+00 
1.1999160e-05 -3.3907709e-05 0.0000000e+00 
4.6273614e-03 3.2158187e-03 0.0000000e+00 
1.2693694e-05 -5.1698182e-05 0.0000000e+00 
-1.2381468e-05 -3.1605596e-06 0.0000000e+00 
-3.0876137e-05 -6.3207117e-05 0.0000000e+00 
-6.7309244e-05 -7.2926283e-05 0.0000000e+00 
-2.3460016e-05 -1.9970466e-05 0.0000000e+00 
-6.3846819e-06 -3.0852389e-05 0.0000000e+00 
-1.8393621e-05 -1.8975581e-04 0.0000000e+00 
-2.6230002e-05 -1.5373831e-04 0.0000000e+00 
1.2554228e-06 -2.0081550e-04 0.0000000e+00 
-2.6891939e-05 -4.1348394e-05 0.0000000e+00 
-4.8520276e-05 -1.2929493e-04 0.0000000e+00 
-3.2028238e+06 -1.4240679e+06 0.0000000e+00 
2.5806949e-05 -2.4548639e-04 0.0000000e+00 
-5.3019263e-05 -8.2171289e-05 0.0000000e+00 
-5.5060023e-05 -1.1401030e-04 0.0000000e+00 
-2.3665838e-05 -8.1799459e-05 0.0000000e+00 
6.7568617e-05 -2.9070792e-04 0.0000000e+00 
-5.1353592e-05 -1.2322643e-04 0.0000000e+00 
-5.6688674e-05 -7.2277035e-05 0.0000000e+00 
-1.1022668e-05 -2.6205205e-05 0.0000000e+00 
-6.2242849e-05 -1.9387668e-04 0.0000000e+00 
-1.7916085e-05 -7.7318400e-06 0.0000000e+00 
-2.3803441e-05 -2.3488177e-04 0.0000000e+00 
-2.1013431e-05 -3.7071062e-05 0.0000000e+00 
-7.7676959e-05 -1.6223313e-04 0.0000000e+00 
-7.2030816e-06 -3.8407277e-05 0.0000000e+00 
-2.3770379e-05 -2.5028177e-04 0.0000000e+00 
-1.8001534e-05 -6.0793245e-05 0.0000000e+00 
-6.4322958e-05 -1.4580169e-04 0.0000000e+00 
-3.1781150e-05 -1.5162630e-05 0.0000000e+00 
-3.8239639e-05 -6.2258332e-05 0.0000000e+00 
1.6459497e-05 -2.9346044e-04 0.0000000e+00 
-6.5745087e-05 -9.7030890e-05 0.0000000e+00 
-8.9968089e-05 -1.1727691e-04 0.0000000e+00 
-3.1419705e+06 -1.3315285e+06 0.0000000e+00 
-7.1550021e-05 -3.4283032e-05 0.0000000e+00 
5.3819190e-03 3.1775045e-03 0.0000000e+00 
-8.6893793e-05 -2.2020587e-04 0.0000000e+00 
-1.0423060e-04 -1.9959081e-04 0.0000000e+00 
-1.1097779e-04 -9.5819123e-05 0.0000000e+00 
-6.8606809e-05 -2.5673676e-04 0.0000000e+00 
-1.1795596e-04 -1.5792088e-04 0.0000000e+00 
-7.5611286e-05 -7.6920842e-05 0.0000000e+00 
-2.2893073e-05 -4.1159452e-05 0.0000000e+00 
-4.0828018e-05 -2.9905979e-04 0.0000000e+00 
-1.0810373e-04 -1.5709666e-04 0.0000000e+00 
-4.7387555e-05 -2.4253153e-05 0.0000000e+00 
-1.2499513e-05 -5.4272241e-05 0.0000000e+00 
-3.6792131e-05 -5.1088049e-05 0.0000000e+00 
-3.9205654e-05 -4.7320500e-06 0.0000000e+00 
-1.0648509e-04 -7.7903504e-05 0.0000000e+00 
-5.9816288e-05 -3.3092336e-04 0.0000000e+00 
-7.2496943e-05 -3.9589708e-05 0.0000000e+00 
-1.3782782e-04 -1.1872291e-04 0.0000000e+00 
-4.1466206e-05 -1.8364750e-05 0.0000000e+00 
-1.0819011e-04 -2.3002387e-04 0.0000000e+00 
-7.0716487e-05 -7.8369863e-05 0.0000000e+00 
-1.5124120e-04 -1.8800714e-04 0.0000000e+00 
-1.3480219e-04 -2.5278213e-04 0.0000000e+00 
-3.0676852e+06 -1.2365088e+06 0.0000000e+00 
-1.6817404e-04 -1.7679529e-04 0.0000000e+00 
-1.2844661e-04 -1.1785445e-04 0.0000000e+00 
-1.1818903e-04 -2.8649718e-04 0.0000000e+00 
-1.0538520e-04 -7.6605240e-05 0.0000000e+00 
-1.5001348e-04 -1.5999097e-04 0.0000000e+00 
-1.3022032e-04 -3.1425641e-04 0.0000000e+00 
-3.5180710e-05 -4.5263907e-05 0.0000000e+00 
-4.2200321e-05 -4.7176960e-05 0.0000000e+00 
-5.6569930e-05 -8.2744518e-06 0.0000000e+00 
-6.7599118e-05 -3.0466472e-05 0.0000000e+00 
-1.3712654e-04 -9.2697097e-05 0.0000000e+00 
-1.5238579e-04 -1.3731793e-04 0.0000000e+00 
-4.0504616e-05 -2.3237895e-05 0.0000000e+00 
-1.7764280e-04 -2.4034106e-04 0.0000000e+00 
6.2284274e-03 3.0885243e-03 0.0000000e+00 
-8.2866522e-05 -4.4510816e-05 0.0000000e+00 
-1.6660779e-04 -2.6655803e-04 0.0000000e+00 
-2.1074875e-04 -1.9360601e-04 0.0000000e+00 
-1.6373885e-04 -3.0645030e-04 0.0000000e+00 
-5.5264216e-05 -1.9399682e-05 0.0000000e+00 
-1.8262747e-04 -2.0115660e-04 0.0000000e+00 
-1.0574167e-04 -6.3210959e-05 0.0000000e+00 
-1.6429159e-04 -1.0398356e-04 0.0000000e+00 
-1.4189631e-04 -3.6718906e-04 0.0000000e+00 
-2.0084833e-04 -1.3960840e-04 0.0000000e+00 
-2.9797222e+06 -1.1394040e+06 0.0000000e+00 
-1.3052509e-04 -8.9439214e-05 0.0000000e+00 
-1.4059013e-04 -3.9221486e-04 0.0000000e+00 
-2.2803503e-04 -2.3005670e-04 0.0000000e+00 
-2.4691690e-04 -2.6518456e-04 0.0000000e+00 
-1.9757915e-04 -1.2466731e-04 0.0000000e+00 
-6.9981907e-05 -2.7465052e-05 0.0000000e+00 
-6.2106177e-05 -3.0592666e-05 0.0000000e+00 
-1.6549905e-04 -9.1703841e-05 0.0000000e+00 
-2.3922930e-04 -2.0685582e-04 0.0000000e+00 
-8.0540776e-05 -4.8581976e-05 0.0000000e+00 
-2.3964513e-04 -2.9897015e-04 0.0000000e+00 
-5.9691956e-05 -2.0822743e-05 0.0000000e+00 
-1.0003545e-04 -6.1162398e-05 0.0000000e+00 
-2.5037513e-04 -1.6846857e-04 0.0000000e+00 
-4.7126785e-05 -5.2188290e-05 0.0000000e+00 
-2.2229855e-04 -3.5745534e-04 0.0000000e+00 
-1.3587414e-04 -6.6399050e-05 0.0000000e+00 
-1.8764008e-04 -1.2940238e-04 0.0000000e+00 
-7.1886228e-05 -2.6876223e-05 0.0000000e+00 
-2.5615515e-04 -1.4503184e-04 0.0000000e+00 
-2.5580917e-04 -3.7019677e-04 0.0000000e+00 
-1.7294660e-04 -6.8740803e-05 0.0000000e+00 
-2.7723890e-04 -2.8829824e-04 0.0000000e+00 
-2.6747840e-04 -2.5326223e-04 0.0000000e+00 
-2.8778620e+06 -1.0406032e+06 0.0000000e+00 
-2.8777635e-04 -3.0943821e-04 0.0000000e+00 
7.1672495e-03 2.9258155e-03 0.0000000e+00 
-2.2411952e-04 -1.5372643e-04 0.0000000e+00 
-2.6648212e-04 -2.2721116e-04 0.0000000e+00 
-3.1134812e-04 -3.3088634e-04 0.0000000e+00 
-1.8230779e-04 -1.1331367e-04 0.0000000e+00 
-6.1327126e-05 -8.2490733e-05 0.0000000e+00 
-9.7736018e-05 -1.7900020e-06 0.0000000e+00 
-9.7378157e-05 -6.1882660e-05 0.0000000e+00 
-2.5931955e-04 -1.8843403e-04 0.0000000e+00 
-5.5361539e-05 -4.8275571e-05 0.0000000e+00 
-1.3089785e-04 -5.2160234e-05 0.0000000e+00 
-2.9235380e-04 -4.0815375e-04 0.0000000e+00 
-2.5146711e-04 -9.0791436e-05 0.0000000e+00 
-7.5230142e-05 -2.7276925e-05 0.0000000e+00 
-1.5712180e-04 -7.6901400e-05 0.0000000e+00 
-2.6895967e-04 -1.6273884e-04 0.0000000e+00 
-3.2579363e-04 -4.5394222e-04 0.0000000e+00 
-3.3994135e-04 -2.6584859e-04 0.0000000e+00 
-3.2709073e-04 -3.1591672e-04 0.0000000e+00 
-3.3577159e-04 -2.3412122e-04 0.0000000e+00 
-9.0025598e-05 -2.1945569e-05 0.0000000e+00 
-1.9088737e-04 -8.4186613e-05 0.0000000e+00 
-3.4798938e-04 -3.5323668e-04 0.0000000e+00 
-3.2362551e-04 -2.0555290e-04 0.0000000e+00 
-2.7227402e-04 -1.2802053e-04 0.0000000e+00 
-3.5534753e-04 -3.8690702e-04 0.0000000e+00 
-2.2765249e-04 -1.0086526e-04 0.0000000e+00 
-2.7619045e+06 -9.4048981e+05 0.0000000e+00 
-3.1468249e-04 -1.9762735e-04 0.0000000e+00 
-1.2954045e-04 1.8327381e-05 0.0000000e+00 
-1.2590154e-04 -4.2517204e-05 0.0000000e+00 
-8.1331702e-05 -5.3670607e-05 0.0000000e+00 
-3.8851239e-04 -4.3174578e-04 0.0000000e+00 
-1.4366093e-04 -6.8668858e-05 0.0000000e+00 
-7.8744953e-05 -3.8258499e-05 0.0000000e+00 
-3.1061866e-04 -1.6158877e-04 0.0000000e+00 
-2.4845311e-04 -1.4047325e-04 0.0000000e+00 
-3.7169363e-04 -2.8326071e-04 0.0000000e+00 
-3.7505943e-04 -3.1749194e-04 0.0000000e+00 
-1.9535841e-04 -5.4917706e-05 0.0000000e+00 
-3.6995159e-04 -2.5736960e-04 0.0000000e+00 
-4.1801785e-04 -3.5362411e-04 0.0000000e+00 
-7.7894423e-05 -3.7195743e-05 0.0000000e+00 
-3.7727365e-04 -2.0381308e-04 0.0000000e+00 
8.2642883e-03 2.6292130e-03 0.0000000e+00 
-2.1226844e-04 -8.4804604e-05 0.0000000e+00 
-4.0089153e-04 -4.0402263e-04 0.0000000e+00 
-2.9951730e-04 -1.4602271e-04 0.0000000e+00 
-9.7543234e-05 -3.0584546e-05 0.0000000e+00 
-3.7144427e-04 -1.8459081e-04 0.0000000e+00 
-4.4881087e-04 -4.6333834e-04 0.0000000e+00 
-2.6641996e-04 -8.3666644e-05 0.0000000e+00 
-2.6316648e+06 -8.3944169e+05 0.0000000e+00 
-4.6615489e-04 -3.1584268e-04 0.0000000e+00 
-4.3950486e-04 -2.7873053e-04 0.0000000e+00 
-9.8049873e-05 -8.3231600e-05 0.0000000e+00 
-1.6222894e-04 -3.2370095e-05 0.0000000e+00 
-3.4625595e-04 -1.8371968e-04 0.0000000e+00 
-4.7921157e-04 -3.5342667e-04 0.0000000e+00 
-2.9649842e-04 -1.2039207e-04 0.0000000e+00 
-4.3228455e-04 -2.5553512e-04 0.0000000e+00 
-5.1406329e-04 -4.8733177e-04 0.0000000e+00 
-1.0468881e-04 -3.6976766e-05 0.0000000e+00 
-1.7301273e-04 -6.4825930e-05 0.0000000e+00 
-4.8450544e-04 -4.0253694e-04 0.0000000e+00 
-2.0302762e-04 -9.6117088e-05 0.0000000e+00 
-1.0522304e-04 8.2934275e-07 0.0000000e+00 
-3.9501046e-04 -2.4805451e-04 0.0000000e+00 
-5.5193575e-04 -4.3419609e-04 0.0000000e+00 
-2.5212904e-04 -8.3638763e-05 0.0000000e+00 
-9.1008143e-05 -2.8555689e-05 0.0000000e+00 
-3.4358422e-04 -1.4250760e-04 0.0000000e+00 
-4.1698525e-04 -1.7995120e-04 0.0000000e+00 
-2.8282893e-04 -1.1420087e-04 0.0000000e+00 
-4.9006846e-04 -3.3643632e-04 0.0000000e+00 
-1.1635304e-04 -1.1925353e-05 0.0000000e+00 
-5.7206000e-04 -5.0010276e-04 0.0000000e+00 
-4.9580797e-04 -2.7645391e-04 0.0000000e+00 
-5.2687735e-04 -3.4662802e-04 0.0000000e+00 
-5.0006132e-04 -2.2990676e-04 0.0000000e+00 
-5.4444792e-04 -3.9659464e-04 0.0000000e+00 
-4.1041197e-04 -1.7107604e-04 0.0000000e+00 
-3.4169992e-04 -1.1053262e-04 0.0000000e+00 
-1.6281474e-04 -6.2780920e-05 0.0000000e+00 
-1.4643720e-04 -4.2598927e-05 0.0000000e+00 
-2.4869665e+06 -7.3783269e+05 0.0000000e+00 
-4.6695047e-04 -2.1462201e-04 0.0000000e+00 
-2.0128675e-04 -7.0877606e-05 0.0000000e+00 
-5.8934465e-04 -4.6246545e-04 0.0000000e+00 
9.3897600e-03 2.2463917e-03 0.0000000e+00 
-1.3557414e-04 -1.7468818e-05 0.0000000e+00 
-2.4372619e-04 -6.9079455e-05 0.0000000e+00 
-9.1600930e-05 -5.6748104e-05 0.0000000e+00 
-3.8158731e-04 -1.4420226e-04 0.0000000e+00 
-5.9128203e-04 -5.3275516e-04 0.0000000e+00 
-2.6201340e-04 -1.2213283e-04 0.0000000e+00 
-4.2605191e-04 -2.2422901e-04 0.0000000e+00 
-5.7230983e-04 -3.2664230e-04 0.0000000e+00 
-5.3512375e-04 -4.0509715e-04 0.0000000e+00 
-1.1228945e-04 -2.7899747e-05 0.0000000e+00 
-5.0161825e-04 -3.1946471e-04 0.0000000e+00 
-5.9077051e-04 -4.3263473e-04 0.0000000e+00 
-3.2682531e-04 -1.1331047e-04 0.0000000e+00 
-5.0522876e-04 -2.9216008e-04 0.0000000e+00 
-6.7210733e-04 -5.5997772e-04 0.0000000e+00 
-4.4021243e-04 -1.7166790e-04 0.0000000e+00 
-6.3659041e-04 -4.6791136e-04 0.0000000e+00 
-1.1822616e-04 -3.4409575e-05 0.0000000e+00 
-3.7671672e-04 -1.2894440e-04 0.0000000e+00 
-5.1553175e-04 -2.3901917e-04 0.0000000e+00 
-7.3213410e-04 -4.6360260e-04 0.0000000e+00 
-1.8101837e-04 -5.8806210e-05 0.0000000e+00 
-2.4350360e-04 -3.5764999e-05 0.0000000e+00 
-1.7397606e-04 -1.9481406e-05 0.0000000e+00 
-2.5483244e-04 -7.2957599e-05 0.0000000e+00 
-2.3276368e+06 -6.3603356e+05 0.0000000e+00 
-1.3623736e-04 -5.0765229e-05 0.0000000e+00 
-6.4868713e-04 -3.6465446e-04 0.0000000e+00 
-5.0114212e-04 -1.8716184e-04 0.0000000e+00 
-6.0742162e-04 -3.3159857e-04 0.0000000e+00 
-4.2737601e-04 -1.7161603e-04 0.0000000e+00 
-6.9764536e-04 -3.9868103e-04 0.0000000e+00 
-6.0351333e-04 -2.7124316e-04 0.0000000e+00 
-3.3394177e-04 -5.6068762e-05 0.0000000e+00 
-7.4383942e-04 -5.7783211e-04 0.0000000e+00 
-1.1763244e-04 -5.3008785e-05 0.0000000e+00 
-7.3163025e-04 -4.4183666e-04 0.0000000e+00 
-5.6707975e-04 -2.6070944e-04 0.0000000e+00 
-3.4363242e-04 -1.3611838e-04 0.0000000e+00 
-1.2669887e-04 -2.8154347e-05 0.0000000e+00 
-4.8922258e-04 -1.6163726e-04 0.0000000e+00 
-7.3647290e-04 -5.3159730e-04 0.0000000e+00 
-5.4147630e-04 -2.5637547e-04 0.0000000e+00 
1.0606254e-02 1.7048861e-03 0.0000000e+00 
-4.0169177e-04 -1.3571198e-04 0.0000000e+00 
-1.3021869e-04 -2.9234914e-05 0.0000000e+00 
-6.9566537e-04 -3.5360281e-04 0.0000000e+00 
-8.1927655e-04 -5.7249726e-04 0.0000000e+00 
-6.3897762e-04 -3.6954170e-04 0.0000000e+00 
-7.2257430e-04 -4.3324777e-04 0.0000000e+00 
-2.2878684e-04 -2.7872331e-05 0.0000000e+00 
-2.3574173e-04 -8.7593740e-05 0.0000000e+00 
-5.3166435e-04 -2.3243902e-04 0.0000000e+00 
-6.2852702e-04 -3.1736330e-04 0.0000000e+00 
-1.8088380e-04 -3.8821483e-05 0.0000000e+00 
-4.6905410e-04 -1.5934627e-04 0.0000000e+00 
-3.1357724e-04 -4.9163238e-05 0.0000000e+00 
-7.4982108e-04 -4.8926682e-04 0.0000000e+00 
-1.4885131e-04 -3.9415085e-05 0.0000000e+00 
-3.4037605e-04 -1.0157362e-04 0.0000000e+00 
-6.2641199e-04 -2.6370329e-04 0.0000000e+00 
-2.1534995e+06 -5.3441350e+05 0.0000000e+00 
-8.2450151e-04 -4.9328431e-04 0.0000000e+00 
-9.2357071e-04 -6.0109375e-04 0.0000000e+00 
-1.3812003e-04 -2.5559275e-05 0.0000000e+00 
-4.0295185e-04 -1.0395452e-04 0.0000000e+00 
-4.8096245e-04 -2.2977544e-04 0.0000000e+00 
-5.9688231e-04 -2.4658581e-04 0.0000000e+00 
-8.8192266e-04 -5.5513647e-04 0.0000000e+00 
-1.3816578e-04 -2.9857736e-05 0.0000000e+00 
-7.3350174e-04 -3.9662793e-04 0.0000000e+00 
-4.5384956e-04 -1.3007759e-04 0.0000000e+00 
-7.8472076e-04 -4.0878658e-04 0.0000000e+00 
-7.5170770e-04 -3.1398656e-04 0.0000000e+00 
-8.3366618e-04 -4.4590200e-04 0.0000000e+00 
-6.8338658e-04 -3.1694572e-04 0.0000000e+00 
-6.1041419e-04 -1.8462678e-04 0.0000000e+00 
-9.1975043e-04 -6.5104058e-04 0.0000000e+00 
-5.0532748e-04 -1.6887189e-04 0.0000000e+00 
-1.3164280e-04 -5.4025324e-05 0.0000000e+00 
-8.7644625e-04 -5.0717010e-04 0.0000000e+00 
-2.7967989e-04 -5.7623954e-05 0.0000000e+00 
-2.3042643e-04 -6.2473700e-05 0.0000000e+00 
-6.6876528e-04 -2.6508328e-04 0.0000000e+00 
-3.1892746e-04 -9.2059898e-05 0.0000000e+00 
-1.9320764e-04 -5.1631767e-05 0.0000000e+00 
-3.7232414e-04 -1.0673935e-04 0.0000000e+00 
-9.4842119e-04 -5.6368345e-04 0.0000000e+00 
-1.7511030e-04 -2.7748756e-05 0.0000000e+00 
-5.8498513e-04 -1.6212929e-04 0.0000000e+00 
-4.4513331e-04 -1.1331053e-04 0.0000000e+00 
-6.6144974e-04 -2.2942887e-04 0.0000000e+00 
1.1822307e-02 1.0193964e-03 0.0000000e+00 
-1.9643714e+06 -4.3334206e+05 0.0000000e+00 
-7.9132267e-04 -4.0660473e-04 0.0000000e+00 
-8.3277258e-04 -4.2480265e-04 0.0000000e+00 
-1.4608854e-04 -3.2538665e-05 0.0000000e+00 
-7.4613676e-04 -3.8226112e-04 0.0000000e+00 
-8.5110310e-04 -4.9372809e-04 0.0000000e+00 
-1.0576143e-03 -5.9249462e-04 0.0000000e+00 
-4.8872223e-04 -1.2581417e-04 0.0000000e+00 
-7.4598892e-04 -3.1760801e-04 0.0000000e+00 
-9.0784370e-04 -5.3617568e-04 0.0000000e+00 
-1.4485372e-04 -3.5821809e-05 0.0000000e+00 
-6.3460949e-04 -2.4573435e-04 0.0000000e+00 
-5.4509775e-04 -1.8743920e-04 0.0000000e+00 
-6.8534096e-04 -3.1773571e-04 0.0000000e+00 
-9.9506159e-04 -5.7653687e-04 0.0000000e+00 
-1.1100487e-03 -6.9396081e-04 0.0000000e+00 
-3.1631999e-04 -5.8844453e-05 0.0000000e+00 
-2.6970159e-04 -4.0796062e-05 0.0000000e+00 
-3.6021508e-04 -7.1496848e-05 0.0000000e+00 
-1.5622075e-04 -2.6081456e-05 0.0000000e+00 
-2.2069865e-04 -4.2864878e-05 0.0000000e+00 
-4.3239049e-04 -8.7470718e-05 0.0000000e+00 
-8.6312601e-04 -4.6324194e-04 0.0000000e+00 
-8.7053189e-04 -3.5684241e-04 0.0000000e+00 
-6.9094403e-04 -2.6257324e-04 0.0000000e+00 
-1.0730969e-03 -6.3430937e-04 0.0000000e+00 
-6.0338597e-04 -2.0836043e-04 0.0000000e+00 
-9.6287811e-04 -4.5650848e-04 0.0000000e+00 
-8.4029580e-04 -3.1751208e-04 0.0000000e+00 
-4.8443140e-04 -1.0902839e-04 0.0000000e+00 
-1.8971739e-04 -3.7171121e-05 0.0000000e+00 
-1.0146878e-03 -4.9291085e-04 0.0000000e+00 
-7.9635764e-04 -3.2723980e-04 0.0000000e+00 
-5.1052007e-04 -1.8499704e-04 0.0000000e+00 
-1.7600532e+06 -3.3319159e+05 0.0000000e+00 
-1.5628128e-04 -3.8541795e-05 0.0000000e+00 
-1.0773295e-03 -5.5612414e-04 0.0000000e+00 
-1.1771657e-03 -7.0636394e-04 0.0000000e+00 
-6.7289174e-04 -2.2931187e-04 0.0000000e+00 
-7.6913158e-04 -2.7712155e-04 0.0000000e+00 
-6.0805585e-04 -1.5304601e-04 0.0000000e+00 
-1.5302130e-04 -1.9435189e-05 0.0000000e+00 
-1.1502858e-03 -6.2091090e-04 0.0000000e+00 
-9.4729429e-04 -4.1392480e-04 0.0000000e+00 
-1.0067779e-03 -4.6666095e-04 0.0000000e+00 
-8.9545711e-04 -4.2270217e-04 0.0000000e+00 
-3.4622615e-04 -5.7794299e-05 0.0000000e+00 
-3.8824161e-04 -9.4534131e-05 0.0000000e+00 
-7.2617456e-04 -2.8919952e-04 0.0000000e+00 
-1.0380647e-03 -5.3760817e-04 0.0000000e+00 
1.3092205e-02 9.4382325e-05 0.0000000e+00 
-8.4715383e-04 -3.9458578e-04 0.0000000e+00 
-2.7198694e-04 -7.4750569e-05 0.0000000e+00 
-6.5063313e-04 -2.1648878e-04 0.0000000e+00 
-4.6031456e-04 -8.8324188e-05 0.0000000e+00 
-2.4599081e-04 -2.6876049e-05 0.0000000e+00 
-1.4812662e-04 -5.5841636e-05 0.0000000e+00 
-1.2340599e-03 -6.6641346e-04 0.0000000e+00 
-1.1313914e-03 -5.7230797e-04 0.0000000e+00 
-4.8852479e-04 -1.6212388e-04 0.0000000e+00 
-8.6209225e-04 -3.0898448e-04 0.0000000e+00 
-2.0342472e-04 -3.7845981e-05 0.0000000e+00 
-5.9821643e-04 -1.0561571e-04 0.0000000e+00 
-7.4364129e-04 -2.2088760e-04 0.0000000e+00 
-1.2124439e-03 -6.3172658e-04 0.0000000e+00 
-8.2421978e-04 -2.9959425e-04 0.0000000e+00 
-1.7987762e-04 -1.0916032e-05 0.0000000e+00 
-1.5403251e+06 -2.3433964e+05 0.0000000e+00 
-1.4068768e-03 -7.0694927e-04 0.0000000e+00 
-9.7704935e-04 -4.5938604e-04 0.0000000e+00 
-1.0236613e-03 -4.9970136e-04 0.0000000e+00 
-6.3418853e-04 -1.9943365e-04 0.0000000e+00 
-9.5259002e-04 -4.0109549e-04 0.0000000e+00 
-1.0859491e-03 -5.3814333e-04 0.0000000e+00 
-1.3299636e-03 -6.6475221e-04 0.0000000e+00 
-9.2531089e-04 -3.5851286e-04 0.0000000e+00 
-7.9091382e-04 -2.7447683e-04 0.0000000e+00 
-1.1468164e-03 -5.8674789e-04 0.0000000e+00 
-1.6034569e-04 -2.3311353e-05 0.0000000e+00 
-7.1034767e-04 -1.9264274e-04 0.0000000e+00 
-4.3557631e-04 -7.2674913e-05 0.0000000e+00 
-3.8014946e-04 -5.0157483e-05 0.0000000e+00 
-8.7953079e-04 -3.6074338e-04 0.0000000e+00 
-4.8672804e-04 -1.3488950e-04 0.0000000e+00 
-3.1511474e-04 -3.6409023e-05 0.0000000e+00 
-1.2420691e-03 -6.1163469e-04 0.0000000e+00 
-5.7907659e-04 -9.3872222e-05 0.0000000e+00 
-2.6340992e-04 -2.4657900e-05 0.0000000e+00 
-1.3968921e-03 -7.4890326e-04 0.0000000e+00 
-1.6613188e-04 -3.1459727e-05 0.0000000e+00 
-7.6081674e-04 -2.5574543e-04 0.0000000e+00 
-6.0119736e-04 -1.9985174e-04 0.0000000e+00 
-8.6554280e-04 -3.1602272e-04 0.0000000e+00 
-1.1104904e-03 -4.6668365e-04 0.0000000e+00 
-1.0627571e-03 -4.4808304e-04 0.0000000e+00 
-2.2629206e-04 -2.5519694e-05 0.0000000e+00 
-1.1757088e-03 -4.9527362e-04 0.0000000e+00 
-1.3311824e-03 -7.1204407e-04 0.0000000e+00 
-1.0004698e-03 -4.0885259e-04 0.0000000e+00 
-6.9541414e-04 -1.7960864e-04 0.0000000e+00 
-1.2590808e-03 -5.3534540e-04 0.0000000e+00 
-9.7248703e-04 -3.6846061e-04 0.0000000e+00 
-1.8009369e-04 -5.8904174e-05 0.0000000e+00 
1.4251877e-02 -9.9816336e-04 0.0000000e+00 
-8.5789920e-04 -2.6258483e-04 0.0000000e+00 
-1.3049375e+06 -1.3717211e+05 0.0000000e+00 
-1.3315738e-03 -6.1668735e-04 0.0000000e+00 
-1.4665986e-03 -7.3773065e-04 0.0000000e+00 
-9.5612812e-04 -3.5329722e-04 0.0000000e+00 
-7.5365254e-04 -2.3112079e-04 0.0000000e+00 
-4.5728299e-04 -1.0301807e-04 0.0000000e+00 
-4.0414871e-04 -7.4017065e-05 0.0000000e+00 
-1.5968666e-04 -3.3274991e-05 0.0000000e+00 
-5.6177727e-04 -6.9004054e-05 0.0000000e+00 
-1.4521030e-03 -6.3009281e-04 0.0000000e+00 
-3.5365566e-04 -2.9073155e-05 0.0000000e+00 
-1.1423689e-03 -4.9011305e-04 0.0000000e+00 
-5.7402917e-04 -1.7206697e-04 0.0000000e+00 
-1.1006708e-03 -4.4728559e-04 0.0000000e+00 
-1.2331079e-03 -5.3158612e-04 0.0000000e+00 
-9.2324940e-04 -3.0932110e-04 0.0000000e+00 
-8.2403142e-04 -2.5889219e-04 0.0000000e+00 
-1.0902430e-03 -3.9260054e-04 0.0000000e+00 
-2.7807453e-04 -4.6392764e-05 0.0000000e+00 
-1.2418132e-03 -6.1441003e-04 0.0000000e+00 
-6.8715098e-04 -1.1328032e-04 0.0000000e+00 
-1.5742416e-03 -8.1800576e-04 0.0000000e+00 
-1.6858964e-04 -2.8252543e-05 0.0000000e+00 
-9.8324660e-04 -4.2586040e-04 0.0000000e+00 
-1.5317763e-03 -7.0126844e-04 0.0000000e+00 
-1.3702314e-03 -6.0833641e-04 0.0000000e+00 
-2.2367213e-04 -4.9697803e-05 0.0000000e+00 
-7.4967393e-04 -1.9762144e-04 0.0000000e+00 
-9.0110605e-04 -2.9553182e-04 0.0000000e+00 
-1.0021841e-03 -3.4346845e-04 0.0000000e+00 
-1.4391285e-03 -6.9005950e-04 0.0000000e+00 
-8.0062333e-04 -2.3909670e-04 0.0000000e+00 
-2.1739898e-04 2.1359301e-05 0.0000000e+00 
-1.1891981e-03 -4.9758377e-04 0.0000000e+00 
-1.2273765e-03 -5.6043093e-04 0.0000000e+00 
-1.7198066e-03 -7.5012818e-04 0.0000000e+00 
-1.1456418e-03 -4.4730678e-04 0.0000000e+00 
-1.0536035e+06 -4.2087066e+04 0.0000000e+00 
-1.3364372e-03 -5.5577094e-04 0.0000000e+00 
-5.2738213e-04 -5.6930869e-05 0.0000000e+00 
-5.6670897e-04 -1.3318803e-04 0.0000000e+00 
-1.0972989e-03 -4.4684415e-04 0.0000000e+00 
-9.7950920e-04 -3.1057931e-04 0.0000000e+00 
-4.4650398e-04 -7.2805829e-05 0.0000000e+00 
-1.5397661e-03 -7.5729960e-04 0.0000000e+00 
-8.8449079e-04 -2.7010316e-04 0.0000000e+00 
-6.6095358e-04 -1.1120899e-04 0.0000000e+00 
-1.7574115e-04 -1.1263823e-05 0.0000000e+00 
-3.6075467e-04 -7.9253783e-05 0.0000000e+00 
-1.4206518e-03 -6.1678560e-04 0.0000000e+00 
-6.9737539e-04 -2.0769960e-04 0.0000000e+00 
-1.0696631e-03 -3.6942528e-04 0.0000000e+00 
-3.1918613e-04 -1.7338862e-05 0.0000000e+00 
-1.5157070e-03 -6.5965229e-04 0.0000000e+00 
1.5288739e-02 -2.3614177e-03 0.0000000e+00 
-8.0189737e-04 -1.9441263e-04 0.0000000e+00 
-9.4854692e-04 -3.0480869e-04 0.0000000e+00 
-1.6747888e-03 -7.9439045e-04 0.0000000e+00 
-1.0362852e-03 -3.5334774e-04 0.0000000e+00 
-1.6319333e-04 -3.5983045e-05 0.0000000e+00 
-2.7660863e-04 1.8198494e-05 0.0000000e+00 
-1.2479278e-03 -4.8785680e-04 0.0000000e+00 
-1.3290006e-03 -5.3144107e-04 0.0000000e+00 
-1.1791640e-03 -4.9222843e-04 0.0000000e+00 
-8.5703167e-04 -2.3954140e-04 0.0000000e+00 
-1.3700870e-03 -5.6381011e-04 0.0000000e+00 
-1.6501884e-03 -6.8599801e-04 0.0000000e+00 
-1.1859527e-03 -3.9401976e-04 0.0000000e+00 
-1.4626135e-03 -6.3051237e-04 0.0000000e+00 
-1.9508891e-04 -5.1439740e-05 0.0000000e+00 
-1.0069876e-03 -3.6265125e-04 0.0000000e+00 
-9.2519331e-04 -2.6581984e-04 0.0000000e+00 
-1.8474092e-03 -8.2171732e-04 0.0000000e+00 
-6.1547162e-04 -1.2508922e-04 0.0000000e+00 
-5.4466934e-04 -1.1352638e-04 0.0000000e+00 
-1.1215408e-03 -3.9335981e-04 0.0000000e+00 
-7.8598850e+05 5.0501020e+04 0.0000000e+00 
-6.9472147e-04 -1.4996555e-04 0.0000000e+00 
-1.5542295e-03 -6.5728184e-04 0.0000000e+00 
-4.7953636e-04 -6.8014342e-05 0.0000000e+00 
-1.7597526e-03 -7.6765148e-04 0.0000000e+00 
-7.8511983e-04 -1.6553130e-04 0.0000000e+00 
-4.1212700e-04 -4.6359608e-05 0.0000000e+00 
-1.7558155e-04 -2.6459442e-05 0.0000000e+00 
-9.8843430e-04 -3.4011062e-04 0.0000000e+00 
-1.3933587e-03 -5.1923888e-04 0.0000000e+00 
-1.0892889e-03 -3.8529345e-04 0.0000000e+00 
-8.4237324e-04 -2.2575236e-04 0.0000000e+00 
-1.6418956e-03 -7.4051274e-04 0.0000000e+00 
-1.2993771e-03 -5.0158263e-04 0.0000000e+00 
-3.4171203e-04 -4.6525471e-05 0.0000000e+00 
-1.3985387e-03 -5.9890340e-04 0.0000000e+00 
-1.2759713e-03 -4.2037747e-04 0.0000000e+00 
-1.5136097e-03 -6.1969762e-04 0.0000000e+00 
-1.8431414e-03 -8.8233128e-04 0.0000000e+00 
-9.0445904e-04 -2.5726817e-04 0.0000000e+00 
-1.1889262e-03 -4.6243076e-04 0.0000000e+00 
-2.6766717e-04 -5.7210214e-05 0.0000000e+00 
-1.6994835e-04 -1.5323618e-05 0.0000000e+00 
-1.7928805e-03 -7.5221225e-04 0.0000000e+00 
-1.5902491e-03 -6.5215211e-04 0.0000000e+00 
-1.0731446e-03 -3.4778193e-04 0.0000000e+00 
-1.1897432e-03 -3.8969237e-04 0.0000000e+00 
-9.7950618e-04 -2.8857408e-04 0.0000000e+00 
-2.3831043e-04 -9.6036820e-07 0.0000000e+00 
-6.7933684e-04 -1.2427471e-04 0.0000000e+00 
-1.7264157e-03 -6.8451324e-04 0.0000000e+00 
-6.0300797e-04 -7.4865820e-05 0.0000000e+00 
-7.4801792e-04 -1.6548921e-04 0.0000000e+00 
-1.4019529e-03 -5.5991509e-04 0.0000000e+00 
-5.1893853e-04 -6.1598490e-05 0.0000000e+00 
1.6183117e-02 -4.0136748e-03 0.0000000e+00 
-1.4787114e-03 -5.5182865e-04 0.0000000e+00 
-1.3253104e-03 -5.3283724e-04 0.0000000e+00 
-8.3209830e-04 -1.9559062e-04 0.0000000e+00 
-2.0261880e-03 -7.3124724e-04 0.0000000e+00 
-1.1478181e-03 -3.7104444e-04 0.0000000e+00 
-5.0169859e+05 1.4015603e+05 0.0000000e+00 
-1.0938183e-03 -2.7103629e-04 0.0000000e+00 
-1.5894361e-03 -5.8341224e-04 0.0000000e+00 
-1.2721065e-03 -5.0462375e-04 0.0000000e+00 
-4.3418515e-04 -5.1000214e-05 0.0000000e+00 
-8.8679488e-04 -2.3862353e-04 0.0000000e+00 
-1.8259722e-03 -7.5733662e-04 0.0000000e+00 
-1.8877693e-04 -5.7653670e-06 0.0000000e+00 
-1.6277530e-03 -6.4466521e-04 0.0000000e+00 
-1.2500102e-03 -4.6802458e-04 0.0000000e+00 
-3.7826312e-04 -8.6361542e-06 0.0000000e+00 
-9.7427587e-04 -2.5140913e-04 0.0000000e+00 
-1.1027402e-03 -3.6161067e-04 0.0000000e+00 
-1.7628013e-03 -6.8746926e-04 0.0000000e+00 
-1.2090299e-03 -4.3752813e-04 0.0000000e+00 
-2.1548083e-03 -8.1906281e-04 0.0000000e+00 
-3.0263083e-04 -6.5343629e-06 0.0000000e+00 
-1.9264056e-03 -8.7938574e-04 0.0000000e+00 
-1.0466755e-03 -2.7952465e-04 0.0000000e+00 
-1.4646277e-03 -5.1479461e-04 0.0000000e+00 
-1.6922494e-04 -2.4827692e-05 0.0000000e+00 
-1.4763696e-03 -6.0819043e-04 0.0000000e+00 
-1.4237778e-03 -4.6184857e-04 0.0000000e+00 
-1.5542111e-03 -6.3631730e-04 0.0000000e+00 
-1.8502765e-03 -7.4379751e-04 0.0000000e+00 
-7.3770457e-04 -1.2482543e-04 0.0000000e+00 
-7.9839944e-04 -1.9016772e-04 0.0000000e+00 
-1.3759739e-03 -4.4589350e-04 0.0000000e+00 
-6.4046076e-04 -1.2364829e-04 0.0000000e+00 
-1.1910284e-03 -3.9408740e-04 0.0000000e+00 
-2.3637473e-04 -2.9492396e-05 0.0000000e+00 
-1.6500587e-03 -6.8595447e-04 0.0000000e+00 
-1.0844478e-03 -3.5166694e-04 0.0000000e+00 
-8.8396249e-04 -2.0607963e-04 0.0000000e+00 
-5.6133943e-04 -8.8136585e-05 0.0000000e+00 
-1.3175539e-03 -4.2689824e-04 0.0000000e+00 
-9.5167663e-04 -2.3930974e-04 0.0000000e+00 
-2.0716998e-03 -9.1873645e-04 0.0000000e+00 
-4.8506338e-04 -4.9529132e-05 0.0000000e+00 
-1.8078221e-03 -6.7437743e-04 0.0000000e+00 
-2.0026584e+05 2.2641388e+05 0.0000000e+00 
-2.0790822e-03 -7.1768789e-04 0.0000000e+00 
-1.0248332e-03 -2.7740526e-04 0.0000000e+00 
-1.1790493e-03 -3.4826319e-04 0.0000000e+00 
-1.8815792e-04 -3.4955679e-05 0.0000000e+00 
-1.2660054e-03 -4.3644028e-04 0.0000000e+00 
-3.9385608e-04 -4.4316868e-05 0.0000000e+00 
-1.5788337e-03 -5.2428851e-04 0.0000000e+00 
-1.4676852e-03 -5.4714840e-04 0.0000000e+00 
-1.8988370e-03 -7.5324485e-04 0.0000000e+00 
-1.6051768e-03 -6.2468275e-04 0.0000000e+00 
-1.3995925e-03 -5.5438210e-04 0.0000000e+00 
-1.0907174e-03 -3.1970534e-04 0.0000000e+00 
-1.7638013e-03 -6.2184851e-04 0.0000000e+00 
-1.3597370e-03 -5.2476057e-04 0.0000000e+00 
1.6761566e-02 -5.9237643e-03 0.0000000e+00 
-3.1941122e-04 -2.6455353e-05 0.0000000e+00 
-2.2266160e-03 -7.6875091e-04 0.0000000e+00 
-1.2532864e-03 -4.1243143e-04 0.0000000e+00 
-1.1372506e-03 -3.7636291e-04 0.0000000e+00 
-1.7837543e-04 2.1806045e-06 0.0000000e+00 
-1.8106936e-03 -7.3306402e-04 0.0000000e+00 
-7.7443861e-04 -1.6655732e-04 0.0000000e+00 
-8.7529118e-04 -1.6896217e-04 0.0000000e+00 
-2.0318527e-03 -8.3158514e-04 0.0000000e+00 
-1.3370810e-03 -4.8593205e-04 0.0000000e+00 
-7.0344610e-04 -1.1023067e-04 0.0000000e+00 
-9.2703197e-04 -2.1959061e-04 0.0000000e+00 
-6.1470020e-04 -7.7999430e-05 0.0000000e+00 
-1.0108371e-03 -2.4510507e-04 0.0000000e+00 
-2.5252887e-04 -8.8313827e-06 0.0000000e+00 
-1.9739147e-03 -6.8854983e-04 0.0000000e+00 
-1.5944468e-03 -5.5864512e-04 0.0000000e+00 
-1.5380189e-03 -5.4427609e-04 0.0000000e+00 
-1.2437750e-03 -3.7207885e-04 0.0000000e+00 
-1.3231065e-03 -4.2116758e-04 0.0000000e+00 
-1.6769476e-03 -6.0154358e-04 0.0000000e+00 
-1.0699520e-03 -3.0779676e-04 0.0000000e+00 
-5.2196579e-04 -4.3151260e-05 0.0000000e+00 
-2.3037349e-03 -8.8038249e-04 0.0000000e+00 
-1.4772820e-03 -5.0654635e-04 0.0000000e+00 
-2.1302511e-03 -8.8298484e-04 0.0000000e+00 
-1.7783400e-03 -6.3810661e-04 0.0000000e+00 
1.1886903e+05 3.0877481e+05 0.0000000e+00 
-1.1359344e-03 -3.2612443e-04 0.0000000e+00 
-1.4456138e-03 -4.5842957e-04 0.0000000e+00 
-4.2546779e-04 -2.5652465e-05 0.0000000e+00 
-2.0827274e-03 -7.4814144e-04 0.0000000e+00 
-2.0845102e-04 7.9352176e-06 0.0000000e+00 
-1.8552858e-03 -6.5498077e-04 0.0000000e+00 
-1.2982045e-03 -4.0166278e-04 0.0000000e+00 
-1.4288970e-03 -4.1905767e-04 0.0000000e+00 
-1.2281956e-03 -3.3837766e-04 0.0000000e+00 
-1.9729007e-03 -7.3546590e-04 0.0000000e+00 
-3.5439618e-04 6.9701346e-06 0.0000000e+00 
-2.3285069e-03 -8.9493557e-04 0.0000000e+00 
-9.2139910e-04 -1.9452511e-04 0.0000000e+00 
-8.4492262e-04 -1.4339396e-04 0.0000000e+00 
-9.8292611e-04 -2.4428911e-04 0.0000000e+00 
-1.5963181e-03 -6.1445194e-04 0.0000000e+00 
-2.2338624e-03 -7.7152625e-04 0.0000000e+00 
-1.7251526e-03 -5.8091676e-04 0.0000000e+00 
-7.5347745e-04 -1.2519863e-04 0.0000000e+00 
-1.5804698e-03 -5.3426763e-04 0.0000000e+00 
-1.0776906e-03 -2.6727220e-04 0.0000000e+00 
-1.6520024e-04 -1.8878432e-05 0.0000000e+00 
-1.7885477e-03 -6.2473444e-04 0.0000000e+00 
-1.3640583e-03 -4.6337582e-04 0.0000000e+00 
-1.2579053e-03 -4.2987324e-04 0.0000000e+00 
-1.5274792e-03 -5.0901028e-04 0.0000000e+00 
-6.6106778e-04 -7.5430959e-05 0.0000000e+00 
-2.1073106e-03 -7.3793414e-04 0.0000000e+00 
-1.1478312e-03 -2.8542956e-04 0.0000000e+00 
-2.6805169e-04 1.8668943e-06 0.0000000e+00 
-1.8776848e-03 -6.6319900e-04 0.0000000e+00 
-1.4608740e-03 -5.3201907e-04 0.0000000e+00 
-5.7698169e-04 -2.8393813e-05 0.0000000e+00 
-1.1927458e-03 -3.7448260e-04 0.0000000e+00 
-2.4137998e-03 -8.1965933e-04 0.0000000e+00 
1.6974689e-02 -8.1755938e-03 0.0000000e+00 
-1.9932913e-03 -7.0561050e-04 0.0000000e+00 
-1.3622358e-03 -4.1957592e-04 0.0000000e+00 
-2.2191254e-03 -8.1644370e-04 0.0000000e+00 
-1.4132799e-03 -5.2503194e-04 0.0000000e+00 
-4.6092283e-04 -2.2419146e-05 0.0000000e+00 
4.5637912e+05 3.8669394e+05 0.0000000e+00 
-1.2746290e-03 -3.7784557e-04 0.0000000e+00 
-2.0607983e-04 2.5645131e-06 0.0000000e+00 
-1.6754628e-03 -5.5851426e-04 0.0000000e+00 
-1.7474198e-03 -6.0056639e-04 0.0000000e+00 
-1.5694455e-03 -5.5206486e-04 0.0000000e+00 
-1.8103342e-03 -6.1457651e-04 0.0000000e+00 
-2.1190168e-03 -7.3297461e-04 0.0000000e+00 
-9.7589917e-04 -2.0178349e-04 0.0000000e+00 
-1.5607472e-03 -4.8189238e-04 0.0000000e+00 
-1.0741975e-03 -2.3654394e-04 0.0000000e+00 
-8.9099666e-04 -1.8775580e-04 0.0000000e+00 
-1.4097546e-03 -4.6460019e-04 0.0000000e+00 
-1.9309232e-03 -6.2442652e-04 0.0000000e+00 
-3.6637738e-04 -2.1129614e-05 0.0000000e+00 
-1.3436073e-03 -4.0826714e-04 0.0000000e+00 
-1.1114009e-03 -3.2417246e-04 0.0000000e+00 
-2.5718112e-03 -8.8490499e-04 0.0000000e+00 
-8.2822528e-04 -1.0629866e-04 0.0000000e+00 
-2.3907407e-03 -8.5348706e-04 0.0000000e+00 
-1.5148637e-03 -4.8246852e-04 0.0000000e+00 
-1.1833785e-03 -3.5716069e-04 0.0000000e+00 
-2.0729143e-03 -6.2875263e-04 0.0000000e+00 
-2.2788737e-03 -7.3782308e-04 0.0000000e+00 
-7.1820361e-04 -9.2127128e-05 0.0000000e+00 
-1.6975706e-04 2.0219944e-05 0.0000000e+00 
-1.2918141e-03 -3.3370533e-04 0.0000000e+00 
-2.9275095e-04 2.3010827e-05 0.0000000e+00 
-1.3711993e-03 -4.7030958e-04 0.0000000e+00 
-1.5035416e-03 -4.4807146e-04 0.0000000e+00 
-6.0896639e-04 -8.0109225e-05 0.0000000e+00 
-1.7493451e-03 -6.2004372e-04 0.0000000e+00 
-2.1470459e-03 -7.2050723e-04 0.0000000e+00 
-1.7222792e-03 -5.5322039e-04 0.0000000e+00 
-1.8373611e-03 -6.4725277e-04 0.0000000e+00 
-1.6408486e-03 -5.7547237e-04 0.0000000e+00 
-1.2935048e-03 -4.2717889e-04 0.0000000e+00 
-2.5393674e-03 -8.6238072e-04 0.0000000e+00 
-1.9337307e-03 -6.6960067e-04 0.0000000e+00 
-2.4183514e-03 -7.8669097e-04 0.0000000e+00 
-1.5512565e-03 -5.8714545e-04 0.0000000e+00 
-5.1051722e-04 -2.5830697e-05 0.0000000e+00 
-1.4787512e-03 -4.4315925e-04 0.0000000e+00 
8.1308000e+05 4.5956906e+05 0.0000000e+00 
-2.2785480e-03 -7.8478968e-04 0.0000000e+00 
-1.9997207e-03 -7.0777233e-04 0.0000000e+00 
-2.1355716e-04 8.0447644e-06 0.0000000e+00 
-1.3902681e-03 -4.1750973e-04 0.0000000e+00 
-1.0385481e-03 -2.4056481e-04 0.0000000e+00 
-1.1351494e-03 -2.6690675e-04 0.0000000e+00 
-1.5329921e-03 -5.2667514e-04 0.0000000e+00 
-9.7701349e-04 -1.7317530e-04 0.0000000e+00 
-1.2030234e-03 -2.9087201e-04 0.0000000e+00 
-4.1594985e-04 3.1102449e-05 0.0000000e+00 
-8.7747339e-04 -1.6185985e-04 0.0000000e+00 
-1.2639450e-03 -3.4368678e-04 0.0000000e+00 
-2.1400105e-03 -7.2518433e-04 0.0000000e+00 
-2.5117153e-03 -8.8089635e-04 0.0000000e+00 
-1.8148115e-03 -5.3568534e-04 0.0000000e+00 
-1.7347033e-03 -5.6403701e-04 0.0000000e+00 
-1.8993351e-03 -6.0313160e-04 0.0000000e+00 
1.6744638e-02 -1.0766938e-02 0.0000000e+00 
-1.4369790e-03 -4.3721194e-04 0.0000000e+00 
-2.4408130e-03 -7.6901820e-04 0.0000000e+00 
-1.5031439e-03 -5.2424904e-04 0.0000000e+00 
-7.8224728e-04 -1.0418333e-04 0.0000000e+00 
-1.3058786e-03 -3.9787561e-04 0.0000000e+00 
-1.7288787e-03 -4.8161158e-04 0.0000000e+00 
-1.9747156e-03 -6.1513903e-04 0.0000000e+00 
-1.5456445e-04 -2.1848129e-05 0.0000000e+00 
-2.3249425e-03 -7.0108729e-04 0.0000000e+00 
-1.6433201e-03 -4.8871653e-04 0.0000000e+00 
-1.3769749e-03 -4.0577914e-04 0.0000000e+00 
-2.9598191e-04 -9.9507160e-06 0.0000000e+00 
-2.1084705e-03 -6.3122879e-04 0.0000000e+00 
-6.6461891e-04 -8.5743610e-05 0.0000000e+00 
-1.4951751e-03 -4.9531297e-04 0.0000000e+00 
-2.6357572e-03 -7.8110048e-04 0.0000000e+00 
-1.5946236e-03 -5.0544424e-04 0.0000000e+00 
-2.2201163e-03 -6.4515159e-04 0.0000000e+00 
-2.7335878e-03 -8.7102293e-04 0.0000000e+00 
-1.4336891e-03 -4.4813106e-04 0.0000000e+00 
-5.5764249e-04 -2.5965623e-05 0.0000000e+00 
-2.4009382e-03 -8.1090420e-04 0.0000000e+00 
-1.1866201e-03 -3.3439440e-04 0.0000000e+00 
-1.1225416e-03 -2.4351117e-04 0.0000000e+00 
-1.7844331e-03 -6.3944038e-04 0.0000000e+00 
-1.9172959e-03 -5.7984306e-04 0.0000000e+00 
-1.2553948e-03 -3.3653795e-04 0.0000000e+00 
-1.7317354e-03 -5.8910996e-04 0.0000000e+00 
1.1899669e+06 5.2672550e+05 0.0000000e+00 
-1.0385672e-03 -2.1007092e-04 0.0000000e+00 
-2.1498007e-04 -2.7940841e-06 0.0000000e+00 
-1.9565169e-03 -6.3050794e-04 0.0000000e+00 
-1.3289467e-03 -3.8123902e-04 0.0000000e+00 
-2.3049128e-03 -7.1036769e-04 0.0000000e+00 
-1.5616026e-03 -4.8855779e-04 0.0000000e+00 
-1.6842163e-03 -5.9059332e-04 0.0000000e+00 
-1.4781551e-03 -4.8036012e-04 0.0000000e+00 
-9.3568407e-04 -1.8108380e-04 0.0000000e+00 
-2.0551630e-03 -6.9904281e-04 0.0000000e+00 
-4.2819756e-04 -2.3169676e-05 0.0000000e+00 
-1.3574038e-03 -4.4498552e-04 0.0000000e+00 
-1.6426730e-03 -5.7060667e-04 0.0000000e+00 
-2.7373002e-03 -8.5034268e-04 0.0000000e+00 
-2.5633110e-03 -8.0562546e-04 0.0000000e+00 
-8.5893431e-04 -8.2784449e-05 0.0000000e+00 
-1.4399554e-03 -4.3370100e-04 0.0000000e+00 
-2.1815791e-03 -6.9075031e-04 0.0000000e+00 
-2.4756123e-03 -7.0076622e-04 0.0000000e+00 
-1.5472356e-03 -4.9152388e-04 0.0000000e+00 
-1.5400653e-04 1.0349497e-05 0.0000000e+00 
-1.6275954e-03 -5.1161507e-04 0.0000000e+00 
-7.3971105e-04 -5.0372211e-05 0.0000000e+00 
-3.2295068e-04 3.7842663e-05 0.0000000e+00 
-1.9465380e-03 -5.6004548e-04 0.0000000e+00 
-1.8838581e-03 -5.3941971e-04 0.0000000e+00 
-1.4455882e-03 -4.9318292e-04 0.0000000e+00 
-2.3169694e-03 -7.1348017e-04 0.0000000e+00 
-1.9725398e-03 -6.0150982e-04 0.0000000e+00 
-1.7777564e-03 -5.3372700e-04 0.0000000e+00 
-2.1648039e-03 -5.5090804e-04 0.0000000e+00 
-1.7440540e-03 -5.1405019e-04 0.0000000e+00 
-2.7327049e-03 -8.6193066e-04 0.0000000e+00 
-1.2837138e-03 -3.0261360e-04 0.0000000e+00 
-1.3040610e-03 -3.8885442e-04 0.0000000e+00 
-1.5914005e-03 -5.1679154e-04 0.0000000e+00 
-2.6166958e-03 -7.7304500e-04 0.0000000e+00 
-1.1845116e-03 -2.8002361e-04 0.0000000e+00 
-6.1782508e-04 -5.0292583e-06 0.0000000e+00 
1.5932512e-02 -1.3726283e-02 0.0000000e+00 
-1.5209639e-03 -5.0537853e-04 0.0000000e+00 
-1.3815594e-03 -3.8668478e-04 0.0000000e+00 
-1.1191900e-03 -2.1131034e-04 0.0000000e+00 
-2.4643831e-03 -6.9127697e-04 0.0000000e+00 
-2.2245257e-03 -6.2630931e-04 0.0000000e+00 
-1.6902313e-03 -5.1536300e-04 0.0000000e+00 
-1.4276487e-03 -4.1288015e-04 0.0000000e+00 
-2.3012375e-04 7.0617767e-05 0.0000000e+00 
1.5882641e+06 5.8739612e+05 0.0000000e+00 
-1.0354365e-03 -1.6102882e-04 0.0000000e+00 
-4.8653610e-04 2.2964086e-05 0.0000000e+00 
-1.4693973e-03 -4.7048513e-04 0.0000000e+00 
-1.5750092e-03 -5.1793538e-04 0.0000000e+00 
-2.3834498e-03 -6.0544605e-04 0.0000000e+00 
-1.6541232e-03 -5.3745601e-04 0.0000000e+00 
-1.8779712e-03 -6.2828115e-04 0.0000000e+00 
-8.9529192e-04 -1.7327419e-04 0.0000000e+00 
-1.8781996e-03 -5.6047563e-04 0.0000000e+00 
-2.0081247e-03 -5.9284340e-04 0.0000000e+00 
-2.8119215e-03 -7.5089349e-04 0.0000000e+00 
-1.8094303e-03 -5.4450321e-04 0.0000000e+00 
-2.8647541e-03 -8.5386191e-04 0.0000000e+00 
-2.6052282e-03 -7.1226107e-04 0.0000000e+00 
-2.1285694e-03 -6.0408562e-04 0.0000000e+00 
-1.5211307e-03 -4.5856985e-04 0.0000000e+00 
-1.7297040e-03 -5.5681146e-04 0.0000000e+00 
-8.0524624e-04 -9.7287237e-05 0.0000000e+00 
-2.4203314e-03 -7.2487304e-04 0.0000000e+00 
-1.5426823e-04 4.7690351e-05 0.0000000e+00 
-2.1884779e-03 -6.4725848e-04 0.0000000e+00 
-1.6309521e-03 -5.1120832e-04 0.0000000e+00 
-3.4741382e-04 4.7897222e-05 0.0000000e+00 
-1.5917545e-03 -4.7685025e-04 0.0000000e+00 
-1.3430240e-03 -3.5000802e-04 0.0000000e+00 
-1.3929245e-03 -3.8915788e-04 0.0000000e+00 
-1.7100261e-03 -5.3650129e-04 0.0000000e+00 
-1.2620093e-03 -3.3777463e-04 0.0000000e+00 
-1.4253759e-03 -4.6751928e-04 0.0000000e+00 
-2.2879904e-03 -6.8601104e-04 0.0000000e+00 
-2.7260387e-03 -7.6535251e-04 0.0000000e+00 
-6.5580953e-04 -5.0103874e-05 0.0000000e+00 
-2.9463742e-03 -7.9982309e-04 0.0000000e+00 
-1.1855800e-03 -2.8689735e-04 0.0000000e+00 
-1.4934087e-03 -4.4060714e-04 0.0000000e+00 
-2.5840942e-03 -7.1447575e-04 0.0000000e+00 
-1.9408176e-03 -5.5002875e-04 0.0000000e+00 
-2.0456421e-03 -5.7075813e-04 0.0000000e+00 
-1.9128048e-03 -5.1593361e-04 0.0000000e+00 
-1.6834086e-03 -5.3550338e-04 0.0000000e+00 
-1.6239986e-03 -4.9660174e-04 0.0000000e+00 
-1.1013522e-03 -2.1918188e-04 0.0000000e+00 
-1.5258823e-03 -4.9061509e-04 0.0000000e+00 
-2.0842454e-03 -6.2118471e-04 0.0000000e+00 
-1.8078994e-03 -5.7094824e-04 0.0000000e+00 
-2.1243445e-04 -6.1931787e-06 0.0000000e+00 
-2.4648695e-03 -6.6714943e-04 0.0000000e+00 
2.0094934e+06 6.4069512e+05 0.0000000e+00 
-2.2285753e-03 -5.9270114e-04 0.0000000e+00 
-5.3787930e-04 7.8249723e-06 0.0000000e+00 
-1.7759155e-03 -5.4029352e-04 0.0000000e+00 
-1.5546043e-03 -5.3632521e-04 0.0000000e+00 
-9.9983613e-04 -1.3762724e-04 0.0000000e+00 
-2.8258574e-03 -8.0859102e-04 0.0000000e+00 
-2.7564638e-03 -7.0979982e-04 0.0000000e+00 
-1.6536675e-03 -5.4600072e-04 0.0000000e+00 
-2.3609244e-03 -5.7605980e-04 0.0000000e+00 
-1.7274893e-03 -5.4779439e-04 0.0000000e+00 
-2.6484919e-03 -6.5831956e-04 0.0000000e+00 
1.4502393e-02 -1.7075043e-02 0.0000000e+00 
-1.5963202e-03 -5.4789195e-04 0.0000000e+00 
-8.8957889e-04 -6.4091058e-05 0.0000000e+00 
-1.9538351e-03 -5.2689062e-04 0.0000000e+00 
-2.0500883e-03 -5.6079961e-04 0.0000000e+00 
-1.4565235e-03 -4.3630818e-04 0.0000000e+00 
-1.4314533e-04 4.1960506e-05 0.0000000e+00 
-1.3891786e-03 -4.2677613e-04 0.0000000e+00 
-1.8674114e-03 -5.7201134e-04 0.0000000e+00 
-1.5085109e-03 -4.3611837e-04 0.0000000e+00 
-3.7190231e-04 1.1894386e-05 0.0000000e+00 
-2.1373183e-03 -5.6235935e-04 0.0000000e+00 
-2.4748368e-03 -5.8971415e-04 0.0000000e+00 
-1.3553405e-03 -3.4973572e-04 0.0000000e+00 
-1.5117573e-03 -5.3938013e-04 0.0000000e+00 
-1.7098117e-03 -5.1523768e-04 0.0000000e+00 
-1.8760003e-03 -5.0121243e-04 0.0000000e+00 
-1.6395687e-03 -5.4392609e-04 0.0000000e+00 
-2.2707519e-03 -5.2852242e-04 0.0000000e+00 
-1.2820810e-03 -3.1764701e-04 0.0000000e+00 
-7.2742742e-04 -5.8602775e-05 0.0000000e+00 
-2.9078957e-03 -6.9189444e-04 0.0000000e+00 
-1.5894525e-03 -4.7644222e-04 0.0000000e+00 
-2.7776749e-03 -6.2419428e-04 0.0000000e+00 
-1.7822988e-03 -5.6313002e-04 0.0000000e+00 
-3.0485401e-03 -7.5762090e-04 0.0000000e+00 
-1.1927602e-03 -2.4853949e-04 0.0000000e+00 
-2.3060634e-03 -6.0343207e-04 0.0000000e+00 
-2.5736778e-03 -6.2430743e-04 0.0000000e+00 
-1.6084566e-03 -5.4119981e-04 0.0000000e+00 
-1.6790496e-03 -5.6664029e-04 0.0000000e+00 
-2.5408738e-04 8.5902284e-05 0.0000000e+00 
-1.7485756e-03 -5.1594002e-04 0.0000000e+00 
2.4555652e+06 6.8558281e+05 0.0000000e+00 
-1.0997780e-03 -1.6807159e-04 0.0000000e+00 
-5.8197789e-04 -1.9275001e-05 0.0000000e+00 
-2.0461653e-03 -5.1599368e-04 0.0000000e+00 
-2.4991145e-03 -5.5912184e-04 0.0000000e+00 
-1.9451817e-03 -5.6024711e-04 0.0000000e+00 
-1.6203980e-03 -5.7677570e-04 0.0000000e+00 
-2.1113609e-03 -5.4095825e-04 0.0000000e+00 
-1.8990568e-03 -5.4343953e-04 0.0000000e+00 
-2.8472953e-03 -7.1283639e-04 0.0000000e+00 
-2.6488975e-03 -7.1411231e-04 0.0000000e+00 
-2.2147468e-03 -5.6706998e-04 0.0000000e+00 
-3.0264747e-03 -7.6752342e-04 0.0000000e+00 
-1.8391504e-03 -5.5721932e-04 0.0000000e+00 
-1.5227753e-03 -4.8736262e-04 0.0000000e+00 
-1.7168194e-03 -5.5921718e-04 0.0000000e+00 
-9.4962213e-04 -1.4741602e-04 0.0000000e+00 
-1.5392912e-03 -5.2859931e-04 0.0000000e+00 
-1.4823480e-03 -4.3612916e-04 0.0000000e+00 
-2.5695204e-03 -5.8344984e-04 0.0000000e+00 
-1.6774237e-03 -5.4065371e-04 0.0000000e+00 
-1.6047428e-03 -4.8838102e-04 0.0000000e+00 
-2.3344015e-03 -5.4773479e-04 0.0000000e+00 
-1.4124219e-03 -4.3423427e-04 0.0000000e+00 
-1.8270880e-03 -4.9365783e-04 0.0000000e+00 
-1.2972462e-04 5.3012976e-05 0.0000000e+00 
-4.1568675e-04 6.9564558e-05 0.0000000e+00 
-1.5792467e-03 -6.2191463e-04 0.0000000e+00 
-1.3823636e-03 -3.1915260e-04 0.0000000e+00 
-2.4145795e-03 -5.5370224e-04 0.0000000e+00 
-8.1899925e-04 -4.2489264e-05 0.0000000e+00 
-2.8579922e-03 -6.5122847e-04 0.0000000e+00 
-1.6607535e-03 -5.1759789e-04 0.0000000e+00 
-1.7290559e-03 -4.9840525e-04 0.0000000e+00 
-2.0446442e-03 -5.1535224e-04 0.0000000e+00 
-3.0416655e-03 -6.8794843e-04 0.0000000e+00 
-1.7710304e-03 -5.2234461e-04 0.0000000e+00 
-2.0076218e-03 -4.7938467e-04 0.0000000e+00 
-2.1055029e-03 -5.2408222e-04 0.0000000e+00 
-1.2870076e-03 -3.0808058e-04 0.0000000e+00 
-2.7163902e-03 -5.9422757e-04 0.0000000e+00 
-1.8860698e-03 -5.2583939e-04 0.0000000e+00 
-2.2068108e-03 -5.2109535e-04 0.0000000e+00 
1.2213016e-02 -2.0766102e-02 0.0000000e+00 
-1.6885896e-03 -5.2250351e-04 0.0000000e+00 
-2.5276556e-03 -5.9704552e-04 0.0000000e+00 
-1.8548097e-03 -4.8749335e-04 0.0000000e+00 
-2.4529197e-04 4.6513975e-05 0.0000000e+00 
-2.3026078e-03 -5.0163269e-04 0.0000000e+00 
-1.1840290e-03 -2.3366068e-04 0.0000000e+00 
-1.7185085e-03 -5.6346087e-04 0.0000000e+00 
-6.6175958e-04 4.4193352e-05 0.0000000e+00 
2.9289130e+06 7.2081688e+05 0.0000000e+00 
-1.6710535e-03 -6.1335310e-04 0.0000000e+00 
-1.7909887e-03 -5.4084772e-04 0.0000000e+00 
-1.5846509e-03 -5.1301275e-04 0.0000000e+00 
-1.5964094e-03 -5.9514766e-04 0.0000000e+00 
-2.8771206e-03 -5.7331426e-04 0.0000000e+00 
-2.9935476e-03 -6.4472761e-04 0.0000000e+00 
-2.4113820e-03 -5.3789001e-04 0.0000000e+00 
-1.5417526e-03 -4.9614429e-04 0.0000000e+00 
-1.6125056e-03 -5.9913663e-04 0.0000000e+00 
-2.7490281e-03 -5.2380399e-04 0.0000000e+00 
-1.0545335e-03 -1.7315091e-04 0.0000000e+00 
-3.1450952e-03 -6.7589292e-04 0.0000000e+00 
-1.5309973e-03 -4.0520984e-04 0.0000000e+00 
-1.6904284e-03 -4.9122801e-04 0.0000000e+00 
-2.0365552e-03 -5.1436760e-04 0.0000000e+00 
-2.1281308e-03 -4.7225563e-04 0.0000000e+00 
-1.9388120e-03 -5.0612749e-04 0.0000000e+00 
-1.7791186e-03 -5.5530493e-04 0.0000000e+00 
-2.1956097e-03 -4.9281609e-04 0.0000000e+00 
-1.7114765e-03 -5.7164195e-04 0.0000000e+00 
-2.5696214e-03 -4.8922421e-04 0.0000000e+00 
-1.4309480e-03 -4.4959993e-04 0.0000000e+00 
-1.9398541e-03 -4.6227966e-04 0.0000000e+00 
-1.6456752e-03 -6.5118400e-04 0.0000000e+00 
-4.4074189e-04 1.6878592e-05 0.0000000e+00 
-1.3096188e-04 1.1435244e-04 0.0000000e+00 
-2.2901301e-03 -5.2873569e-04 0.0000000e+00 
-1.8520036e-03 -5.2954134e-04 0.0000000e+00 
-9.2109828e-04 -4.2714877e-05 0.0000000e+00 
-2.9814937e-03 -6.0904329e-04 0.0000000e+00 
-1.6789850e-03 -5.8826327e-04 0.0000000e+00 
-1.4190101e-03 -2.7753436e-04 0.0000000e+00 
-2.8126035e-03 -5.7729590e-04 0.0000000e+00 
-3.0947716e-03 -6.7027519e-04 0.0000000e+00 
-2.3973510e-03 -4.9981475e-04 0.0000000e+00 
-1.7657822e-03 -5.2401470e-04 0.0000000e+00 
-2.6881101e-03 -5.1359111e-04 0.0000000e+00 
-1.8254616e-03 -5.1209982e-04 0.0000000e+00 
-1.7353833e-03 -5.0809997e-04 0.0000000e+00 
-1.2732790e-03 -2.8995215e-04 0.0000000e+00 
-2.0390311e-03 -4.3233053e-04 0.0000000e+00 
-2.0812785e-03 -4.8093521e-04 0.0000000e+00 
-2.9480353e-04 1.4530448e-04 0.0000000e+00 
-2.5222374e-03 -5.0592399e-04 0.0000000e+00 
-1.6833358e-03 -5.3221313e-04 0.0000000e+00 
-1.9514251e-03 -4.7925639e-04 0.0000000e+00 
-1.6337110e-03 -5.4800615e-04 0.0000000e+00 
-2.2479645e-03 -4.1301537e-04 0.0000000e+00 
-7.0713763e-04 -3.1948788e-05 0.0000000e+00 
-1.6570943e-03 -6.1586278e-04 0.0000000e+00 
3.4326830e+06 7.4488506e+05 0.0000000e+00 
-1.6145778e-03 -5.2410283e-04 0.0000000e+00 
-1.8940885e-03 -4.8687076e-04 0.0000000e+00 
-1.6745923e-03 -6.4689235e-04 0.0000000e+00 
-2.9470923e-03 -5.8892136e-04 0.0000000e+00 
-1.7827668e-03 -5.0731865e-04 0.0000000e+00 
-2.3345978e-03 -4.1580235e-04 0.0000000e+00 
-2.7965130e-03 -4.9927901e-04 0.0000000e+00 
-1.7273602e-03 -5.8204518e-04 0.0000000e+00 
-3.0534070e-03 -6.1671087e-04 0.0000000e+00 
-1.5834852e-03 -5.0510257e-04 0.0000000e+00 
-1.1865525e-03 -1.7007347e-04 0.0000000e+00 
-1.7231952e-03 -5.2950601e-04 0.0000000e+00 
-1.8699786e-03 -4.6582695e-04 0.0000000e+00 
-2.6348198e-03 -4.9465895e-04 0.0000000e+00 
-2.4312923e-03 -4.2767893e-04 0.0000000e+00 
9.0259928e-03 -2.4829656e-02 0.0000000e+00 
-1.5639635e-03 -4.2130193e-04 0.0000000e+00 
-1.7115653e-03 -6.1550317e-04 0.0000000e+00 
-5.3776102e-04 1.1196546e-04 0.0000000e+00 
-1.7722314e-03 -5.3290534e-04 0.0000000e+00 
-9.4383024e-05 6.9414731e-05 0.0000000e+00 
-1.8044574e-03 -5.1741872e-04 0.0000000e+00 
-2.5184026e-03 -4.0316419e-04 0.0000000e+00 
-2.0861006e-03 -4.3319119e-04 0.0000000e+00 
-2.0200172e-03 -4.5591674e-04 0.0000000e+00 
-1.4711282e-03 -4.6899985e-04 0.0000000e+00 
-1.0188735e-03 -1.0478392e-04 0.0000000e+00 
-2.9811894e-03 -4.6443357e-04 0.0000000e+00 
-2.1363425e-03 -4.8444234e-04 0.0000000e+00 
-3.0703861e-03 -5.6795683e-04 0.0000000e+00 
-1.6999241e-03 -6.2476314e-04 0.0000000e+00 
-1.9481585e-03 -4.4951856e-04 0.0000000e+00 
-2.7191474e-03 -5.0420081e-04 0.0000000e+00 
-2.2549063e-03 -4.2123767e-04 0.0000000e+00 
-1.8974149e-03 -4.7510426e-04 0.0000000e+00 
-3.1866548e-03 -6.4224447e-04 0.0000000e+00 
-2.6275057e-03 -4.0077511e-04 0.0000000e+00 
-1.7675965e-03 -5.6177931e-04 0.0000000e+00 
-1.7137491e-03 -6.1881472e-04 0.0000000e+00 
-1.4151260e-03 -3.0151277e-04 0.0000000e+00 
-1.7108133e-03 -6.1893516e-04 0.0000000e+00 
-1.6841404e-03 -6.6297356e-04 0.0000000e+00 
-2.3437466e-03 -4.0072342e-04 0.0000000e+00 
-1.7643769e-03 -5.3367473e-04 0.0000000e+00 
-1.7062327e-03 -6.5059052e-04 0.0000000e+00 
-1.6936889e-03 -5.9132650e-04 0.0000000e+00 
-1.8622075e-03 -4.8465875e-04 0.0000000e+00 
-2.8626923e-04 8.0710277e-05 0.0000000e+00 
-8.1923092e-04 -4.7127251e-06 0.0000000e+00 
-1.6999539e-03 -6.6473125e-04 0.0000000e+00 
-1.6603502e-03 -5.8374903e-04 0.0000000e+00 
-2.8396121e-03 -4.8545050e-04 0.0000000e+00 
-2.4627002e-03 -4.1946280e-04 0.0000000e+00 
3.9710228e+06 7.5590706e+05 0.0000000e+00 
-3.0487208e-03 -4.9068569e-04 0.0000000e+00 
-2.7505895e-03 -3.8920855e-04 0.0000000e+00 
-1.3117776e-03 -2.1410233e-04 0.0000000e+00 
-2.0602746e-03 -4.2063463e-04 0.0000000e+00 
-1.7437923e-03 -5.8425043e-04 0.0000000e+00 
-1.7357778e-03 -5.7119626e-04 0.0000000e+00 
-2.0101673e-03 -4.2979338e-04 0.0000000e+00 
-2.1714750e-03 -3.6213105e-04 0.0000000e+00 
-3.2541878e-03 -4.7923066e-04 0.0000000e+00 
-1.8299426e-03 -4.7406473e-04 0.0000000e+00 
-1.6315794e-03 -5.5096776e-04 0.0000000e+00 
-1.9381524e-03 -4.1412818e-04 0.0000000e+00 
-2.2306913e-03 -3.8884731e-04 0.0000000e+00 
-2.5815929e-03 -3.9770477e-04 0.0000000e+00 
-1.7160189e-03 -6.0550845e-04 0.0000000e+00 
-1.8816693e-03 -4.7535787e-04 0.0000000e+00 
-2.3327006e-03 -3.7824060e-04 0.0000000e+00 
-5.9136446e-04 5.3144060e-05 0.0000000e+00 
-1.6214993e-03 -4.3416198e-04 0.0000000e+00 
-9.6984440e-05 1.4332356e-04 0.0000000e+00 
-1.8077100e-03 -4.8180157e-04 0.0000000e+00 
-1.1416494e-03 -1.3118028e-04 0.0000000e+00 
-2.9748855e-03 -4.5525795e-04 0.0000000e+00 
-2.9181184e-03 -3.5929005e-04 0.0000000e+00 
-2.4201104e-03 -3.7319073e-04 0.0000000e+00 
-1.7676160e-03 -5.6382699e-04 0.0000000e+00 
-1.8346201e-03 -4.7275273e-04 0.0000000e+00 
-3.1278364e-03 -5.0269789e-04 0.0000000e+00 
-1.7313058e-03 -7.2382740e-04 0.0000000e+00 
-1.7505345e-03 -6.7232345e-04 0.0000000e+00 
-2.7029184e-03 -3.9117783e-04 0.0000000e+00 
-1.7618997e-03 -6.3659670e-04 0.0000000e+00 
-1.7261996e-03 -6.4156984e-04 0.0000000e+00 
-1.5299334e-03 -4.0456804e-04 0.0000000e+00 
-2.0939938e-03 -3.2111828e-04 0.0000000e+00 
-2.1250609e-03 -3.3356529e-04 0.0000000e+00 
-1.7411793e-03 -6.7494402e-04 0.0000000e+00 
-1.7364628e-03 -6.4878393e-04 0.0000000e+00 
-2.0131753e-03 -3.4136465e-04 0.0000000e+00 
4.8007704e-03 -2.9298427e-02 0.0000000e+00 
-2.2105235e-03 -3.1967624e-04 0.0000000e+00 
-2.5817631e-03 -3.1163194e-04 0.0000000e+00 
-1.7656861e-03 -5.2993646e-04 0.0000000e+00 
-1.7393428e-03 -5.6657713e-04 0.0000000e+00 
-1.9104118e-03 -4.1020871e-04 0.0000000e+00 
-3.3614691e-04 1.6148249e-04 0.0000000e+00 
-1.7300842e-03 -6.4593216e-04 0.0000000e+00 
-9.4209379e-04 -1.6565435e-05 0.0000000e+00 
-1.7460251e-03 -6.0399866e-04 0.0000000e+00 
-2.3096644e-03 -3.1408574e-04 0.0000000e+00 
-3.0119380e-03 -3.5455357e-04 0.0000000e+00 
-2.8279175e-03 -3.3372245e-04 0.0000000e+00 
-1.8804134e-03 -4.0425803e-04 0.0000000e+00 
-3.0559651e-03 -4.6168757e-04 0.0000000e+00 
4.5495250e+06 7.5149350e+05 0.0000000e+00 
-1.4425672e-03 -3.1627517e-04 0.0000000e+00 
-1.7334132e-03 -5.7323743e-04 0.0000000e+00 
-1.7195861e-03 -5.9574866e-04 0.0000000e+00 
-2.4214701e-03 -2.6469817e-04 0.0000000e+00 
-2.6990706e-03 -2.5623781e-04 0.0000000e+00 
-1.7944160e-03 -4.5802299e-04 0.0000000e+00 
-3.2000742e-03 -4.9643079e-04 0.0000000e+00 
-1.8471943e-03 -3.8669765e-04 0.0000000e+00 
-1.7351392e-03 -5.8977061e-04 0.0000000e+00 
-2.0977408e-03 -3.0856114e-04 0.0000000e+00 
-1.9751729e-03 -3.9926497e-04 0.0000000e+00 
-1.7192722e-03 -5.3523120e-04 0.0000000e+00 
-2.4947866e-03 -2.9357057e-04 0.0000000e+00 
-6.8740640e-04 8.3145220e-05 0.0000000e+00 
-2.2018347e-03 -2.8511253e-04 0.0000000e+00 
-1.9438153e-03 -3.7086511e-04 0.0000000e+00 
-1.7388489e-03 -7.3358294e-04 0.0000000e+00 
-2.9146210e-03 -3.1262473e-04 0.0000000e+00 
-1.2945884e-03 -1.9015465e-04 0.0000000e+00 
-8.2364073e-05 1.6511348e-04 0.0000000e+00 
-1.7913801e-03 -6.5787102e-04 0.0000000e+00 
-1.7465514e-03 -7.0597726e-04 0.0000000e+00 
-3.1217709e-03 -2.9841880e-04 0.0000000e+00 
-2.7586422e-03 -2.9805629e-04 0.0000000e+00 
-2.2612135e-03 -2.8647110e-04 0.0000000e+00 
-1.7619943e-03 -7.7466853e-04 0.0000000e+00 
-1.8626491e-03 -3.8224796e-04 0.0000000e+00 
-1.7749043e-03 -4.4605683e-04 0.0000000e+00 
-1.7545997e-03 -6.1895308e-04 0.0000000e+00 
-1.7464525e-03 -5.0868042e-04 0.0000000e+00 
-3.2707197e-03 -3.3456995e-04 0.0000000e+00 
-1.8264889e-03 -6.9305516e-04 0.0000000e+00 
-2.5739279e-03 -3.0527008e-04 0.0000000e+00 
-1.6770028e-03 -4.6093797e-04 0.0000000e+00 
-2.3695736e-03 -2.4364400e-04 0.0000000e+00 
-1.7338056e-03 -6.4159266e-04 0.0000000e+00 
-1.8446841e-03 -3.7568540e-04 0.0000000e+00 
-1.8060260e-03 -7.2883390e-04 0.0000000e+00 
-1.7088789e-03 -6.1410089e-04 0.0000000e+00 
-1.0846169e-03 -4.8037386e-05 0.0000000e+00 
-1.7096126e-03 -5.7796191e-04 0.0000000e+00 
-2.4728517e-03 -2.0855130e-04 0.0000000e+00 
-3.7950557e-04 1.5951949e-04 0.0000000e+00 
-2.8431453e-03 -3.0476041e-04 0.0000000e+00 
-1.7623332e-03 -4.6309113e-04 0.0000000e+00 
-3.0055931e-03 -3.1201588e-04 0.0000000e+00 
-2.0335303e-03 -2.6337476e-04 0.0000000e+00 
-2.0221616e-03 -2.2578880e-04 0.0000000e+00 
-2.1439241e-03 -2.1680573e-04 0.0000000e+00 
-2.6775126e-03 -2.8187293e-04 0.0000000e+00 
-1.5924149e-03 -3.6409555e-04 0.0000000e+00 
-1.8259246e-03 -6.6972116e-04 0.0000000e+00 
-1.9483657e-03 -2.9553100e-04 0.0000000e+00 
5.1759395e+06 7.2852594e+05 0.0000000e+00 
-1.7411417e-03 -5.4280530e-04 0.0000000e+00 
-3.1669277e-03 -3.4945435e-04 0.0000000e+00 
-2.2525247e-03 -2.0804151e-04 0.0000000e+00 
-2.5756294e-03 -1.6697845e-04 0.0000000e+00 
-1.8482485e-03 -3.1322776e-04 0.0000000e+00 
-2.3094646e-03 -1.9633258e-04 0.0000000e+00 
-1.7935764e-03 -4.1100220e-04 0.0000000e+00 
-1.7854900e-03 -7.0025632e-04 0.0000000e+00 
-1.8092741e-03 -6.6689658e-04 0.0000000e+00 
-1.7559362e-03 -7.1360485e-04 0.0000000e+00 
-6.3757389e-04 -3.4074187e-02 0.0000000e+00 
-1.7671562e-03 -8.1546570e-04 0.0000000e+00 
-1.7206541e-03 -5.1449786e-04 0.0000000e+00 
-1.6940011e-03 -7.4846379e-04 0.0000000e+00 
-1.8495247e-03 -3.2347732e-04 0.0000000e+00 
-8.1941206e-04 9.9099008e-05 0.0000000e+00 
-1.8365142e-03 -7.5216783e-04 0.0000000e+00 
-2.9995628e-03 -1.9097002e-04 0.0000000e+00 
-2.8752142e-03 -1.5730411e-04 0.0000000e+00 
-1.4731935e-03 -2.3616850e-04 0.0000000e+00 
-2.3940159e-03 -1.6869046e-04 0.0000000e+00 
-1.7510711e-03 -6.0134486e-04 0.0000000e+00 
-8.2237180e-05 2.3678108e-04 0.0000000e+00 
-3.0840014e-03 -2.9886491e-04 0.0000000e+00 
-2.7414144e-03 -7.7765668e-05 0.0000000e+00 
-1.8343779e-03 -8.2042284e-04 0.0000000e+00 
-2.0251921e-03 -2.6370550e-04 0.0000000e+00 
-2.0484971e-03 -2.7525960e-04 0.0000000e+00 
-1.9387610e-03 -2.5564968e-04 0.0000000e+00 
-1.8177945e-03 -5.5230199e-04 0.0000000e+00 
-1.7592050e-03 -3.7310069e-04 0.0000000e+00 
-1.6926392e-03 -6.2751211e-04 0.0000000e+00 
-1.7713872e-03 -3.7769444e-04 0.0000000e+00 
-2.1680563e-03 -1.5085551e-04 0.0000000e+00 
-1.8968615e-03 -2.6978378e-04 0.0000000e+00 
-2.5138212e-03 -1.4490704e-04 0.0000000e+00 
-1.8774488e-03 -7.9158793e-04 0.0000000e+00 
-3.1773944e-03 -3.3970317e-04 0.0000000e+00 
-2.2560898e-03 -1.2458570e-04 0.0000000e+00 
-1.7068924e-03 -5.6037947e-04 0.0000000e+00 
-1.8325743e-03 -2.7619285e-04 0.0000000e+00 
-2.9051385e-03 -1.8764590e-04 0.0000000e+00 
-1.2776987e-03 -8.5699139e-05 0.0000000e+00 
-2.8032002e-03 -1.0758033e-04 0.0000000e+00 
-4.5426004e-04 2.0250259e-04 0.0000000e+00 
-1.9031605e-03 -7.6960027e-04 0.0000000e+00 
-1.7348337e-03 -4.2549236e-04 0.0000000e+00 
-3.1100425e-03 -1.4660554e-04 0.0000000e+00 
-1.7619946e-03 -4.8552267e-04 0.0000000e+00 
-2.3706523e-03 -7.9458812e-05 0.0000000e+00 
-2.5981953e-03 -1.2788060e-04 0.0000000e+00 
-1.7664523e-03 -3.7291902e-04 0.0000000e+00 
-1.6947866e-03 -5.0221756e-04 0.0000000e+00 
5.8613810e+06 6.8286819e+05 0.0000000e+00 
-1.7618081e-03 -6.8020105e-04 0.0000000e+00 
-1.7544534e-03 -7.8517693e-04 0.0000000e+00 
-3.1791460e-03 -2.2000843e-04 0.0000000e+00 
-1.7223031e-03 -6.4533704e-04 0.0000000e+00 
-1.8048626e-03 -7.7484304e-04 0.0000000e+00 
-1.9983586e-03 -1.3740908e-04 0.0000000e+00 
-2.1015813e-03 -7.6312223e-05 0.0000000e+00 
-1.9433226e-03 -6.8780966e-04 0.0000000e+00 
-1.8950242e-03 -2.1942821e-04 0.0000000e+00 
-2.4887919e-03 -4.8329122e-05 0.0000000e+00 
-1.6979680e-03 -6.5938011e-04 0.0000000e+00 
-2.1438973e-03 -8.2610524e-05 0.0000000e+00 
-1.8392965e-03 -7.8550144e-04 0.0000000e+00 
-1.7314794e-03 -3.3254849e-04 0.0000000e+00 
-1.8586835e-03 -2.4378032e-04 0.0000000e+00 
-1.6651126e-03 -5.1499147e-04 0.0000000e+00 
-2.8303403e-03 -1.2744404e-04 0.0000000e+00 
-9.8218769e-04 6.0287537e-05 0.0000000e+00 
-2.2021059e-03 -1.0225852e-04 0.0000000e+00 
-1.7010035e-03 -5.5060972e-04 0.0000000e+00 
-2.6991502e-03 -8.1617618e-05 0.0000000e+00 
-1.6668257e-03 -3.5289931e-04 0.0000000e+00 
-2.9979455e-03 -1.3560266e-04 0.0000000e+00 
-1.8672643e-03 -8.2354498e-04 0.0000000e+00 
-5.9965532e-05 2.5656261e-04 0.0000000e+00 
-1.7807168e-03 -2.5440560e-04 0.0000000e+00 
-2.5119027e-03 -7.9288613e-05 0.0000000e+00 
-2.2623562e-03 -1.1028978e-04 0.0000000e+00 
-3.1409191e-03 -1.3316330e-04 0.0000000e+00 
-1.9318224e-03 -6.9426198e-04 0.0000000e+00 
-1.6583141e-03 -5.4231298e-04 0.0000000e+00 
-1.9191382e-03 -8.2457898e-04 0.0000000e+00 
-1.7132087e-03 -3.5525166e-04 0.0000000e+00 
-1.7428517e-03 -2.4951447e-04 0.0000000e+00 
-2.4209968e-03 -4.6130735e-06 0.0000000e+00 
-1.9691330e-03 -1.1020072e-04 0.0000000e+00 
-1.6747938e-03 -4.6444696e-04 0.0000000e+00 
-1.9546968e-03 -8.8846544e-05 0.0000000e+00 
-7.3821815e-03 -3.9251197e-02 0.0000000e+00 
-2.8170417e-03 2.8248411e-05 0.0000000e+00 
-2.0391736e-03 -1.0135060e-04 0.0000000e+00 
-2.9779833e-03 -1.6647624e-05 0.0000000e+00 
-1.8735776e-03 -1.1811836e-04 0.0000000e+00 
-1.5010992e-03 -2.0802068e-04 0.0000000e+00 
-1.9688928e-03 -8.2307099e-04 0.0000000e+00 
-2.6419833e-03 2.6951544e-05 0.0000000e+00 
-5.8214739e-04 2.4820841e-04 0.0000000e+00 
-1.7142892e-03 -7.2306098e-04 0.0000000e+00 
-1.9457953e-03 -5.7170144e-04 0.0000000e+00 
-2.2056482e-03 2.0452659e-05 0.0000000e+00 
-1.7503869e-03 -7.3938415e-04 0.0000000e+00 
-1.7077122e-03 -6.5794209e-04 0.0000000e+00 
-1.8278545e-03 -1.5947933e-04 0.0000000e+00 
-3.0370110e-03 -7.3007075e-05 0.0000000e+00 
-1.7030846e-03 -2.9992024e-04 0.0000000e+00 
-1.8089222e-03 -7.8676833e-04 0.0000000e+00 
-1.6627084e-03 -6.0293311e-04 0.0000000e+00 
-2.5231591e-03 8.0325990e-05 0.0000000e+00 
-1.6774858e-03 -3.7843935e-04 0.0000000e+00 
6.6224365e+06 6.0870119e+05 0.0000000e+00 
-2.3153694e-03 1.0875612e-04 0.0000000e+00 
-1.8264191e-03 -8.4285490e-04 0.0000000e+00 
-1.7429554e-03 -2.2704073e-04 0.0000000e+00 
-2.0177416e-03 -8.3231356e-04 0.0000000e+00 
-1.6648337e-03 -5.5709184e-04 0.0000000e+00 
-3.1983617e-03 -4.6537258e-05 0.0000000e+00 
-2.7256310e-03 4.1578431e-05 0.0000000e+00 
-2.8863370e-03 3.6986778e-05 0.0000000e+00 
-1.8930347e-03 -8.4509014e-04 0.0000000e+00 
-2.3717149e-03 8.6772721e-05 0.0000000e+00 
-1.6552900e-03 -4.7328233e-04 0.0000000e+00 
-1.6293374e-03 -3.9322086e-04 0.0000000e+00 
-1.2242841e-03 4.0496234e-05 0.0000000e+00 
-1.8845769e-03 -4.7580642e-04 0.0000000e+00 
-2.5972368e-03 6.8485504e-05 0.0000000e+00 
-1.9270477e-03 -3.1096279e-05 0.0000000e+00 
-1.6922443e-03 -2.5400455e-04 0.0000000e+00 
-2.9910600e-03 -2.9813498e-05 0.0000000e+00 
-1.8326659e-03 -1.2907526e-04 0.0000000e+00 
-2.0194123e-03 4.5821886e-05 0.0000000e+00 
-1.8101492e-03 -1.0037748e-04 0.0000000e+00 
-6.3219108e-05 3.6308542e-04 0.0000000e+00 
-2.0822776e-03 -7.5343146e-04 0.0000000e+00 
-2.1226150e-03 6.7307847e-05 0.0000000e+00 
-1.9448893e-03 -8.8353036e-04 0.0000000e+00 
-1.6272735e-03 -4.3614226e-04 0.0000000e+00 
-2.3880024e-03 8.1112143e-05 0.0000000e+00 
-3.0868102e-03 -5.2030198e-05 0.0000000e+00 
-1.7714684e-03 -1.1742546e-04 0.0000000e+00 
-2.1010931e-03 1.6628997e-05 0.0000000e+00 
-1.6530601e-03 -2.6490644e-04 0.0000000e+00 
-1.6779361e-03 -7.2654529e-04 0.0000000e+00 
-2.8134231e-03 9.2018861e-05 0.0000000e+00 
-1.6723974e-03 -6.2684779e-04 0.0000000e+00 
-2.6935614e-03 1.7078244e-04 0.0000000e+00 
-1.6145853e-03 -3.3733671e-04 0.0000000e+00 
-2.0116288e-03 -8.5211068e-04 0.0000000e+00 
-1.7269508e-03 -7.4100489e-04 0.0000000e+00 
-1.7005743e-03 -1.4147686e-04 0.0000000e+00 
-1.6209794e-03 -6.0785888e-04 0.0000000e+00 
-2.9791673e-03 1.1889706e-04 0.0000000e+00 
-1.7802413e-03 -2.4240278e-04 0.0000000e+00 
-2.2117235e-03 6.8939291e-05 0.0000000e+00 
-1.7721748e-03 -7.8910036e-04 0.0000000e+00 
-2.5156089e-03 1.6165548e-04 0.0000000e+00 
-2.0905500e-03 -7.2419958e-04 0.0000000e+00 
-7.6345960e-04 2.7952343e-04 0.0000000e+00 
-1.6206095e-03 -5.0270604e-04 0.0000000e+00 
-1.9082373e-03 7.0137670e-05 0.0000000e+00 
-1.8376214e-03 -8.1508310e-04 0.0000000e+00 
-1.9899432e-03 8.2127284e-05 0.0000000e+00 
-3.0524957e-03 3.8347207e-05 0.0000000e+00 
-1.8457372e-03 6.8390160e-05 0.0000000e+00 
-1.6258822e-03 -2.7760805e-04 0.0000000e+00 
-1.6561508e-03 -1.6185007e-04 0.0000000e+00 
-1.5960988e-03 -4.6118104e-04 0.0000000e+00 
-1.9967814e-03 7.5331889e-05 0.0000000e+00 
-2.3606615e-03 1.9711093e-04 0.0000000e+00 
-2.0878371e-03 -8.9688727e-04 0.0000000e+00 
7.4853605e+06 4.9899241e+05 0.0000000e+00 
-1.7491521e-03 -4.0414976e-05 0.0000000e+00 
-1.8857294e-03 -8.8376831e-04 0.0000000e+00 
-2.1385995e-03 1.7617724e-04 0.0000000e+00 
-2.7219304e-03 1.7420668e-04 0.0000000e+00 
-2.5415712e-03 1.6326597e-04 0.0000000e+00 
-1.6837114e-03 -8.6663058e-05 0.0000000e+00 
-1.5726393e-03 -3.8401986e-04 0.0000000e+00 
-2.8657052e-03 1.5968690e-04 0.0000000e+00 
-1.5615302e-02 -4.4667378e-02 0.0000000e+00 
-2.1372652e-03 -5.1951886e-04 0.0000000e+00 
-1.5464239e-03 1.1002878e-05 0.0000000e+00 
-1.5983004e-03 -1.7901795e-04 0.0000000e+00 
-2.2266782e-03 2.6457082e-04 0.0000000e+00 
-2.4383957e-03 2.4360453e-04 0.0000000e+00 
-1.9805515e-03 -8.7256520e-04 0.0000000e+00 
-3.0424257e-03 1.9389205e-04 0.0000000e+00 
-2.1756599e-03 -8.5546600e-04 0.0000000e+00 
-1.6432283e-03 -1.1736556e-04 0.0000000e+00 
-1.5430171e-03 -3.7534954e-04 0.0000000e+00 
-1.1088885e-04 5.7472289e-04 0.0000000e+00 
-1.6316469e-03 -5.7622499e-04 0.0000000e+00 
-1.6680612e-03 -6.1626063e-04 0.0000000e+00 
-1.8151319e-03 1.1049327e-04 0.0000000e+00 
-1.8654440e-03 1.3765635e-04 0.0000000e+00 
-2.2786660e-03 2.7504982e-04 0.0000000e+00 
-1.6169380e-03 -5.1893061e-04 0.0000000e+00 
-1.7094698e-03 -6.7839870e-04 0.0000000e+00 
-1.6995725e-03 1.3831304e-06 0.0000000e+00 
-1.9525406e-03 1.7821370e-04 0.0000000e+00 
-2.6892193e-03 2.9522134e-04 0.0000000e+00 
-3.1081629e-03 1.4691800e-04 0.0000000e+00 
-2.0103292e-03 -9.9577033e-04 0.0000000e+00 
-1.5550861e-03 -4.9016287e-04 0.0000000e+00 
-2.8434515e-03 2.8737215e-04 0.0000000e+00 
-1.7355012e-03 -7.6135050e-04 0.0000000e+00 
-1.5931372e-03 -1.3092096e-04 0.0000000e+00 
-2.5537945e-03 3.5510818e-04 0.0000000e+00 
-1.7017747e-03 4.6273752e-05 0.0000000e+00 
-2.0490955e-03 2.6694092e-04 0.0000000e+00 
-1.5741859e-03 -2.0251812e-04 0.0000000e+00 
-2.0974488e-03 -3.5669212e-04 0.0000000e+00 
-1.5530112e-03 -3.9367523e-04 0.0000000e+00 
-2.8856958e-03 1.7716573e-04 0.0000000e+00 
-2.2784956e-03 -8.0665539e-04 0.0000000e+00 
-1.7783653e-03 -8.0988830e-04 0.0000000e+00 
-2.3285430e-03 3.0624494e-04 0.0000000e+00 
-1.6492457e-03 2.4473644e-05 0.0000000e+00 
-1.1145207e-03 3.6074012e-04 0.0000000e+00 
-2.1187440e-03 2.7527660e-04 0.0000000e+00 
-1.5280573e-03 -3.2909313e-04 0.0000000e+00 
-2.1777498e-03 -8.7454502e-04 0.0000000e+00 
-1.4884591e-03 -1.9909471e-04 0.0000000e+00 
-1.8731956e-03 -8.3701825e-04 0.0000000e+00 
-3.0033693e-03 2.0130072e-04 0.0000000e+00 
8.4937340e+06 3.3912200e+05 0.0000000e+00 
-1.5662891e-03 -1.1717668e-05 0.0000000e+00 
-2.1684512e-03 3.2432051e-04 0.0000000e+00 
-2.6120057e-03 3.8384064e-04 0.0000000e+00 
-2.7176286e-03 3.2450329e-04 0.0000000e+00 
-1.8299762e-03 2.2429449e-04 0.0000000e+00 
-1.7611252e-03 1.8846313e-04 0.0000000e+00 
-1.5425980e-03 -1.9881506e-04 0.0000000e+00 
-1.8892169e-03 2.7710735e-04 0.0000000e+00 
-2.3775341e-03 3.2495102e-04 0.0000000e+00 
-1.7347103e-03 2.1282886e-04 0.0000000e+00 
-2.8779807e-03 3.6798930e-04 0.0000000e+00 
-2.3642164e-03 -7.2729203e-04 0.0000000e+00 
-1.9733901e-03 3.3653143e-04 0.0000000e+00 
-1.9323668e-03 -9.2787447e-04 0.0000000e+00 
-1.9710627e-03 -8.1194565e-05 0.0000000e+00 
-1.6439595e-03 1.1736056e-04 0.0000000e+00 
-1.5616342e-03 -5.6285574e-04 0.0000000e+00 
-2.2398308e-03 -9.7689114e-04 0.0000000e+00 
-1.5926261e-03 -6.3055288e-04 0.0000000e+00 
-2.2916067e-03 4.2603631e-04 0.0000000e+00 
-1.5452341e-03 -5.0633360e-04 0.0000000e+00 
-1.5461938e-03 -3.6642246e-05 0.0000000e+00 
-1.9983221e-03 3.6466820e-04 0.0000000e+00 
-1.6374663e-03 -6.7916035e-04 0.0000000e+00 
-1.4861813e-03 -1.8626856e-04 0.0000000e+00 
-1.4954000e-03 -4.2624419e-04 0.0000000e+00 
-2.9201701e-03 2.9203692e-04 0.0000000e+00 
-1.9295234e-04 7.0274714e-04 0.0000000e+00 
-1.5733627e-03 5.8079546e-05 0.0000000e+00 
-1.4834494e-03 -3.5713331e-04 0.0000000e+00 
-1.7117530e-03 -6.8599987e-04 0.0000000e+00 
-2.5739754e-03 3.9430358e-04 0.0000000e+00 
-2.0635603e-03 -8.6407445e-04 0.0000000e+00 
-2.4681343e-03 4.1280501e-04 0.0000000e+00 
-2.0751264e-03 4.2545842e-04 0.0000000e+00 
-2.7682539e-03 4.1845604e-04 0.0000000e+00 
-2.3599397e-03 5.1175896e-04 0.0000000e+00 
-1.4701041e-03 -2.6945182e-04 0.0000000e+00 
-1.7475560e-03 -7.3036278e-04 0.0000000e+00 
-1.4941852e-03 -1.9606727e-05 0.0000000e+00 
-1.7327312e-03 3.2323017e-04 0.0000000e+00 
-1.5014239e-03 1.7937040e-05 0.0000000e+00 
-1.6537540e-03 2.1689222e-04 0.0000000e+00 
-2.5548881e-02 -5.0315864e-02 0.0000000e+00 
-1.8253892e-03 3.5974791e-04 0.0000000e+00 
-2.4450910e-03 -5.3571630e-04 0.0000000e+00 
-2.4428992e-03 -9.1216457e-04 0.0000000e+00 
-1.5520361e-03 1.7101399e-04 0.0000000e+00 
-1.8397907e-03 3.4833967e-04 0.0000000e+00 
-2.8892746e-03 4.2039575e-04 0.0000000e+00 
-1.6753115e-03 4.0849601e-04 0.0000000e+00 
-2.1975208e-03 4.7144969e-04 0.0000000e+00 
-1.4395954e-03 -1.9739289e-04 0.0000000e+00 
-2.1530786e-03 -9.8066335e-04 0.0000000e+00 
-1.8239252e-03 -8.1062119e-04 0.0000000e+00 
-1.5381107e-03 1.9461371e-04 0.0000000e+00 
-1.9451752e-03 4.8907951e-04 0.0000000e+00 
-2.5988203e-03 5.6298100e-04 0.0000000e+00 
-1.4464837e-03 -1.8318126e-05 0.0000000e+00 
-2.4147728e-03 5.6100218e-04 0.0000000e+00 
9.7339490e+06 1.5011658e+05 0.0000000e+00 
-2.6420504e-03 4.7474355e-04 0.0000000e+00 
-2.9125966e-03 3.8251001e-04 0.0000000e+00 
-1.4162398e-03 -1.1447791e-04 0.0000000e+00 
-1.5264684e-03 -4.4257444e-04 0.0000000e+00 
-2.0424770e-03 5.3790561e-04 0.0000000e+00 
-1.4836956e-03 -3.4677581e-04 0.0000000e+00 
-1.4810638e-03 1.4095701e-04 0.0000000e+00 
-2.2013208e-03 5.2973256e-04 0.0000000e+00 
-1.5576063e-03 -4.9474585e-04 0.0000000e+00 
-1.9093724e-03 -8.0059265e-04 0.0000000e+00 
-1.4640890e-03 -2.9163889e-04 0.0000000e+00 
-2.6233946e-03 -8.4567768e-04 0.0000000e+00 
-2.7399750e-03 4.5875111e-04 0.0000000e+00 
-1.6028241e-03 -5.3992280e-04 0.0000000e+00 
-2.5499761e-03 -9.6227275e-05 0.0000000e+00 
-1.4238376e-03 -2.3083128e-04 0.0000000e+00 
-2.3307442e-03 -9.6335285e-04 0.0000000e+00 
-1.6420523e-03 3.4389505e-04 0.0000000e+00 
-1.7022351e-03 4.0235580e-04 0.0000000e+00 
-1.5965436e-03 3.9440719e-04 0.0000000e+00 
-2.1083290e-03 6.0680485e-04 0.0000000e+00 
-1.7628258e-03 4.6353776e-04 0.0000000e+00 
-1.6478666e-03 -5.8317033e-04 0.0000000e+00 
-1.4781957e-03 1.5782093e-04 0.0000000e+00 
-1.3916094e-03 -1.0299293e-05 0.0000000e+00 
-1.4117274e-03 -1.6629272e-04 0.0000000e+00 
-1.5706328e-03 3.4608517e-04 0.0000000e+00 
-6.8344502e-04 1.2035803e-03 0.0000000e+00 
-2.4481358e-03 6.1025261e-04 0.0000000e+00 
-2.0350213e-03 -8.5691910e-04 0.0000000e+00 
-2.8278115e-03 4.3870835e-04 0.0000000e+00 
-1.8312882e-03 5.0433201e-04 0.0000000e+00 
-2.6233268e-03 6.4135436e-04 0.0000000e+00 
-2.2759466e-03 5.6471140e-04 0.0000000e+00 
-1.6752118e-03 -6.7012908e-04 0.0000000e+00 
-1.4756976e-03 2.7072011e-04 0.0000000e+00 
-1.3711830e-03 -6.8368696e-05 0.0000000e+00 
-2.7207413e-03 5.8794883e-04 0.0000000e+00 
-2.1163467e-03 6.4750575e-04 0.0000000e+00 
-1.9207799e-03 5.7132973e-04 0.0000000e+00 
-1.4107082e-03 1.3684735e-04 0.0000000e+00 
-2.5590518e-03 -1.0190000e-03 0.0000000e+00 
-2.8988039e-03 -6.8463816e-04 0.0000000e+00 
-1.4030831e-03 2.3355056e-04 0.0000000e+00 
-1.7960183e-03 -6.1097904e-04 0.0000000e+00 
-1.3777975e-03 3.6400368e-05 0.0000000e+00 
-2.1547922e-03 -9.3228428e-04 0.0000000e+00 
-2.6475536e-03 6.4043910e-04 0.0000000e+00 
-2.8402638e-03 6.3420646e-04 0.0000000e+00 
-1.9909558e-03 6.9239084e-04 0.0000000e+00 
-1.6750435e-03 5.8415940e-04 0.0000000e+00 
-1.5915373e-03 5.1411963e-04 0.0000000e+00 
-2.3156572e-03 6.7394413e-04 0.0000000e+00 
-1.3846122e-03 -3.1783100e-04 0.0000000e+00 
-1.4262674e-03 -3.4693338e-04 0.0000000e+00 
-2.4892804e-03 6.6963723e-04 0.0000000e+00 
-1.7222059e-03 6.2781502e-04 0.0000000e+00 
-1.4838576e-03 3.5572145e-04 0.0000000e+00 
-1.3887207e-03 -1.9538210e-04 0.0000000e+00 
-2.2856009e-03 8.4077008e-04 0.0000000e+00 
-1.4918502e-03 -3.5139103e-04 0.0000000e+00 
-1.7720936e-03 6.6008139e-04 0.0000000e+00 
-1.3255652e-03 -2.0733182e-04 0.0000000e+00 
-1.4470152e-03 3.6615669e-04 0.0000000e+00 
-1.3516962e-03 2.2461705e-04 0.0000000e+00 
-2.6364336e-03 6.8670022e-04 0.0000000e+00 
1.1358280e+07 -2.1934877e+05 0.0000000e+00 
-1.8593944e-03 -7.1956462e-04 0.0000000e+00 
-1.3120194e-03 5.8279111e-05 0.0000000e+00 
-1.5274608e-03 -4.1202264e-04 0.0000000e+00 
-2.0203367e-03 7.3564472e-04 0.0000000e+00 
-1.3425415e-03 -3.4861259e-05 0.0000000e+00 
-2.8858944e-03 -1.1255746e-03 0.0000000e+00 
-1.8475236e-03 7.1526936e-04 0.0000000e+00 
-1.3903844e-03 3.3042562e-04 0.0000000e+00 
-3.7264962e-02 -5.6184333e-02 0.0000000e+00 
-2.3684399e-03 -9.7651756e-04 0.0000000e+00 
-1.5610103e-03 -4.7768699e-04 0.0000000e+00 
-3.3755098e-03 -3.6763563e-04 0.0000000e+00 
-2.6792157e-03 6.4347312e-04 0.0000000e+00 
-1.2858805e-03 -4.7152134e-06 0.0000000e+00 
-2.3617151e-03 7.8008301e-04 0.0000000e+00 
-2.2792146e-03 8.5849036e-04 0.0000000e+00 
-1.2905195e-03 1.6843445e-04 0.0000000e+00 
-1.8336040e-03 7.3225424e-04 0.0000000e+00 
-1.9709934e-03 -7.4907567e-04 0.0000000e+00 
-1.3376970e-03 3.4332837e-04 0.0000000e+00 
-2.5338717e-03 2.8786431e-03 0.0000000e+00 
-1.6498910e-03 -4.3761416e-04 0.0000000e+00 
-1.5105332e-03 5.8998493e-04 0.0000000e+00 
-2.5352193e-03 8.2325004e-04 0.0000000e+00 
-2.0396034e-03 7.2797411e-04 0.0000000e+00 
-1.4913726e-03 5.6816754e-04 0.0000000e+00 
-1.5748893e-03 6.4410164e-04 0.0000000e+00 
-1.2739886e-03 9.0227695e-05 0.0000000e+00 
-1.4441622e-03 5.7863444e-04 0.0000000e+00 
-2.7912981e-03 7.2114286e-04 0.0000000e+00 
-1.6341254e-03 7.2945864e-04 0.0000000e+00 
-1.9468633e-03 8.5688522e-04 0.0000000e+00 
-2.6014748e-03 8.1710122e-04 0.0000000e+00 
-1.3642490e-03 4.8005761e-04 0.0000000e+00 
-2.6477929e-03 -1.2687140e-03 0.0000000e+00 
-1.6967305e-03 -5.3366099e-04 0.0000000e+00 
-3.4659514e-03 -1.5827878e-03 0.0000000e+00 
-1.2730735e-03 2.7516621e-04 0.0000000e+00 
-1.3401781e-03 -1.0711967e-04 0.0000000e+00 
-1.7374954e-03 7.8670902e-04 0.0000000e+00 
-1.3061352e-03 -8.3851395e-05 0.0000000e+00 
-1.3956774e-03 -1.1767878e-04 0.0000000e+00 
-2.1329643e-03 -8.4741123e-04 0.0000000e+00 
-1.2683534e-03 2.3182943e-04 0.0000000e+00 
-1.3175745e-03 2.2816093e-05 0.0000000e+00 
-1.3817553e-03 -2.4457386e-04 0.0000000e+00 
-2.2979872e-03 8.8636833e-04 0.0000000e+00 
-4.9187439e-03 6.0699787e-04 0.0000000e+00 
-1.3114251e-03 4.8612559e-04 0.0000000e+00 
-2.0891838e-03 8.2810130e-04 0.0000000e+00 
-2.3865914e-03 8.6297956e-04 0.0000000e+00 
-1.2235139e-03 1.3706274e-05 0.0000000e+00 
-1.7525535e-03 8.5596438e-04 0.0000000e+00 
-1.4722385e-03 -1.8651329e-04 0.0000000e+00 
-2.5771644e-03 7.0427544e-04 0.0000000e+00 
-1.9994657e-03 9.8009501e-04 0.0000000e+00 
-1.8201759e-03 -4.7802390e-04 0.0000000e+00 
-1.4313447e-03 6.9286884e-04 0.0000000e+00 
1.4223080e+07 1.4524514e+06 0.0000000e+00 
-1.2256722e-03 1.3079886e-04 0.0000000e+00 
-2.4345112e-03 7.9247169e-04 0.0000000e+00 
-1.2221136e-03 3.0012964e-04 0.0000000e+00 
-1.5113398e-03 8.2003814e-04 0.0000000e+00 
-1.3454038e-03 6.1550539e-04 0.0000000e+00 
-1.2514389e-03 4.2847486e-04 0.0000000e+00 
-1.5002089e-03 -2.3750658e-04 0.0000000e+00 
-1.5425941e-03 8.1410271e-04 0.0000000e+00 
-1.2955982e-03 5.5729208e-04 0.0000000e+00 
-1.8622368e-03 9.9117821e-04 0.0000000e+00 
-3.0768323e-03 -2.0653361e-03 0.0000000e+00 
-2.3096567e-03 -1.1334380e-03 0.0000000e+00 
-4.5770705e-03 -3.6024577e-03 0.0000000e+00 
-1.2171174e-03 2.4674274e-04 0.0000000e+00 
-1.6334972e-03 9.3936245e-04 0.0000000e+00 
-2.2139740e-03 1.0638130e-03 0.0000000e+00 
-1.2784578e-03 6.4490584e-04 0.0000000e+00 
-2.0859665e-03 1.1271754e-03 0.0000000e+00 
-2.3104181e-03 1.0185516e-03 0.0000000e+00 
-2.6229210e-03 9.2343590e-04 0.0000000e+00 
-1.8820981e-03 -6.3356548e-04 0.0000000e+00 
-1.5575923e-03 -2.7296704e-04 0.0000000e+00 
-1.2210711e-03 4.7973124e-04 0.0000000e+00 
-1.3947651e-02 2.9848444e-03 0.0000000e+00 
-1.6592595e-03 9.8517467e-04 0.0000000e+00 
-1.8612102e-03 9.8672369e-04 0.0000000e+00 
-2.4168380e-03 1.0461747e-03 0.0000000e+00 
-1.1636682e-03 3.2057177e-04 0.0000000e+00 
-1.1888137e-03 5.2578095e-04 0.0000000e+00 
-1.2728318e-03 2.1180545e-05 0.0000000e+00 
-1.2208826e-03 6.0297491e-05 0.0000000e+00 
-1.2968413e-03 -2.2941676e-05 0.0000000e+00 
-1.2328173e-03 1.6967696e-04 0.0000000e+00 
-1.6415780e-03 -2.5012763e-04 0.0000000e+00 
-1.3520558e-03 8.3725713e-04 0.0000000e+00 
-1.4034137e-03 8.5876661e-04 0.0000000e+00 
-2.5363732e-03 -1.8741940e-03 0.0000000e+00 
-1.3381960e-03 5.1959651e-06 0.0000000e+00 
-1.1622095e-03 2.0985794e-04 0.0000000e+00 
-1.6819390e-03 1.0013259e-03 0.0000000e+00 
-1.3246693e-03 8.3581614e-04 0.0000000e+00 
-3.6590016e-03 -4.9078111e-03 0.0000000e+00 
-5.0963122e-02 -6.2183041e-02 0.0000000e+00 
-1.4349078e-03 9.1455854e-04 0.0000000e+00 
-2.4279016e-03 9.4763632e-04 0.0000000e+00 
-2.0388621e-03 -7.7377795e-04 0.0000000e+00 
-2.0147306e-03 1.0467439e-03 0.0000000e+00 
-1.1300354e-03 4.8763081e-04 0.0000000e+00 
-1.1392188e-03 4.5359961e-04 0.0000000e+00 
-2.1378237e-03 1.0667052e-03 0.0000000e+00 
-1.2723699e-03 8.0083712e-04 0.0000000e+00 
-1.8748872e-03 1.0668314e-03 0.0000000e+00 
-1.1636532e-03 2.6411167e-04 0.0000000e+00 
-1.3842471e-03 -6.9099595e-05 0.0000000e+00 
-1.4697735e-03 9.8065764e-04 0.0000000e+00 
-7.1521625e-03 -1.4865970e-02 0.0000000e+00 
-2.3237511e-03 1.1279217e-03 0.0000000e+00 
-1.6945875e-03 -3.6014919e-04 0.0000000e+00 
-1.1882915e-03 6.7177182e-04 0.0000000e+00 
-1.7565419e-03 1.1663397e-03 0.0000000e+00 
-1.0919934e-03 3.2954299e-04 0.0000000e+00 
-1.5307199e-03 1.1015050e-03 0.0000000e+00 
-1.4320822e-03 -1.4019664e-05 0.0000000e+00 
-2.6111559e-03 1.0818224e-03 0.0000000e+00 
-1.0351088e-03 5.0095282e-04 0.0000000e+00 
1.9707180e+07 -9.1803560e+06 0.0000000e+00 
-2.4220806e-03 1.1443840e-03 0.0000000e+00 
-1.1288347e-03 6.5265520e-04 0.0000000e+00 
-2.6200470e-03 -3.9488487e-03 0.0000000e+00 
-2.1119476e-03 -1.3053417e-03 0.0000000e+00 
-1.5900258e-03 1.1641602e-03 0.0000000e+00 
-1.0702368e-03 4.5467776e-04 0.0000000e+00 
-1.9206651e-03 1.1988054e-03 0.0000000e+00 
-2.0227353e-03 1.1958983e-03 0.0000000e+00 
-1.2633521e-03 9.4399281e-04 0.0000000e+00 
-1.2339508e-03 9.1276085e-04 0.0000000e+00 
-1.4817365e-03 -2.2312975e-05 0.0000000e+00 
-3.5051787e-03 -1.6906541e-02 0.0000000e+00 
-1.3699597e-03 1.1093881e-03 0.0000000e+00 
-1.8156716e-03 -3.7254370e-04 0.0000000e+00 
-1.1609058e-03 8.6240127e-04 0.0000000e+00 
-1.7727092e-03 1.2452533e-03 0.0000000e+00 
-2.1494939e-03 1.1798956e-03 0.0000000e+00 
-1.1370806e-03 2.1729042e-04 0.0000000e+00 
-1.2018275e-03 2.3980980e-04 0.0000000e+00 
-1.1006300e-03 2.4133112e-04 0.0000000e+00 
-1.3641245e-03 1.0916534e-03 0.0000000e+00 
-1.0827535e-03 7.6984451e-04 0.0000000e+00 
-1.2557830e-03 2.3531436e-04 0.0000000e+00 
-1.1058463e-03 7.6218380e-04 0.0000000e+00 
-1.1063040e-03 3.8273277e-04 0.0000000e+00 
-2.3593993e-03 1.0267731e-03 0.0000000e+00 
-1.1660481e-02 1.0055859e-02 0.0000000e+00 
-1.0169093e-03 5.0105777e-04 0.0000000e+00 
-1.6400281e-03 1.2377771e-03 0.0000000e+00 
-2.2247427e-03 1.1656010e-03 0.0000000e+00 
-1.4719712e-03 1.2198091e-03 0.0000000e+00 
-1.2356793e-03 1.2708304e-04 0.0000000e+00 
-1.5522479e-03 -2.3774221e-05 0.0000000e+00 
-1.0513768e-03 3.9322505e-04 0.0000000e+00 
-1.0499291e-03 8.1764959e-04 0.0000000e+00 
-2.0256490e-03 -2.5543135e-03 0.0000000e+00 
-1.9520801e-03 1.3430521e-03 0.0000000e+00 
-1.8631972e-03 1.4255730e-03 0.0000000e+00 
-1.3421071e-03 2.7381757e-04 0.0000000e+00 
-1.8198858e-03 -7.7629532e-04 0.0000000e+00 
-1.3814289e-03 -1.0614678e-02 0.0000000e+00 
-1.0053003e-03 4.8833096e-04 0.0000000e+00 
-1.4884960e-03 1.2649131e-03 0.0000000e+00 
-2.0399617e-03 1.3023443e-03 0.0000000e+00 
-1.0175193e-03 6.9213269e-04 0.0000000e+00 
-1.6615419e-03 1.3768114e-03 0.0000000e+00 
-1.0120780e-03 8.1887550e-04 0.0000000e+00 
-1.1935231e-03 1.1660445e-03 0.0000000e+00 
-2.3196195e-03 1.2483362e-03 0.0000000e+00 
-1.1376309e-03 1.0672259e-03 0.0000000e+00 
-1.1799277e-03 1.0897409e-03 0.0000000e+00 
-2.5430368e-03 2.7182309e-02 0.0000000e+00 
-1.6089668e-03 -5.9337937e-05 0.0000000e+00 
-1.3697552e-03 2.5126385e-04 0.0000000e+00 
-1.0645889e-03 1.0263007e-03 0.0000000e+00 
-2.0899128e-03 1.2801839e-03 0.0000000e+00 
-9.8430016e-04 6.1346992e-04 0.0000000e+00 
-1.2986944e-03 1.2468831e-03 0.0000000e+00 
-1.4970887e-03 1.3888394e-03 0.0000000e+00 
-1.0416848e-03 9.9836278e-04 0.0000000e+00 
-1.2873390e-03 1.2864415e-03 0.0000000e+00 
-9.7532873e-04 7.7800348e-04 0.0000000e+00 
-1.8491563e-03 1.4679276e-03 0.0000000e+00 
-1.0885356e-03 5.0258293e-04 0.0000000e+00 
-1.6821031e-03 -1.4996731e-03 0.0000000e+00 
-1.6449611e-03 1.3782533e-03 0.0000000e+00 
-1.0599333e-03 5.6088041e-04 0.0000000e+00 
-1.4324114e-03 3.0721817e-04 0.0000000e+00 
-8.4737688e-04 -5.9005786e-03 0.0000000e+00 
-9.9041301e-04 7.6745998e-04 0.0000000e+00 
-1.9659412e-03 1.4942558e-03 0.0000000e+00 
-1.1136322e-03 4.3931417e-04 0.0000000e+00 
-2.1494364e-03 1.2764949e-03 0.0000000e+00 
-9.9840574e-04 5.0829834e-04 0.0000000e+00 
-9.2885713e-04 8.8618550e-04 0.0000000e+00 
-6.6955432e-02 -6.8152927e-02 0.0000000e+00 
-1.5931097e-03 -2.8337934e-04 0.0000000e+00 
-1.3654290e-03 1.4481674e-03 0.0000000e+00 
-1.1379318e-03 3.9314444e-04 0.0000000e+00 
5.7000853e-04 2.8819513e-02 0.0000000e+00 
-1.4611830e-03 1.3736212e-03 0.0000000e+00 
-9.8424533e-04 6.5505452e-04 0.0000000e+00 
-2.1103229e-03 1.5318450e-03 0.0000000e+00 
-1.2410935e-03 5.7039119e-04 0.0000000e+00 
-1.0146365e-03 1.1946884e-03 0.0000000e+00 
-1.1544102e-03 1.3535665e-03 0.0000000e+00 
-1.0273780e-03 1.1813130e-03 0.0000000e+00 
-8.8009814e-04 7.9557585e-04 0.0000000e+00 
-9.2479557e-04 9.7941316e-04 0.0000000e+00 
-9.3205681e-04 6.9975230e-04 0.0000000e+00 
-1.4475323e-03 2.5407691e-04 0.0000000e+00 
-1.3490075e-03 1.4559010e-03 0.0000000e+00 
-1.1336796e-03 1.3680549e-03 0.0000000e+00 
-9.6444623e-04 1.1344452e-03 0.0000000e+00 
-1.2392635e-03 4.4310209e-04 0.0000000e+00 
-2.1636796e-03 1.3285433e-03 0.0000000e+00 
-1.5993086e-03 1.5244829e-03 0.0000000e+00 
-2.1193512e-03 1.5011879e-03 0.0000000e+00 
-1.7842080e-03 1.5296978e-03 0.0000000e+00 
-1.1556135e-03 1.4195908e-03 0.0000000e+00 
-1.5506642e-03 1.5821257e-03 0.0000000e+00 
-8.7941252e-04 -3.1049894e-03 0.0000000e+00 
-8.7474950e-04 7.3675625e-04 0.0000000e+00 
-9.3253818e-04 1.1015970e-03 0.0000000e+00 
-1.5170439e-03 -6.3373824e-04 0.0000000e+00 
1.0370556e-03 2.8864384e-02 0.0000000e+00 
-1.8466506e-03 1.5026524e-03 0.0000000e+00 
-8.1805815e-04 8.6880627e-04 0.0000000e+00 
-1.4433800e-03 1.6441613e-03 0.0000000e+00 
-1.1569234e-03 1.4273048e-03 0.0000000e+00 
-1.2943442e-03 5.0546299e-04 0.0000000e+00 
-1.5064613e-03 2.3083785e-04 0.0000000e+00 
-8.9601311e-04 1.1242427e-03 0.0000000e+00 
-8.4810029e-04 8.5251516e-04 0.0000000e+00 
-2.1371797e-03 1.4201791e-03 0.0000000e+00 
-9.4822748e-04 6.7147025e-04 0.0000000e+00 
-1.0011371e-03 6.8904774e-04 0.0000000e+00 
-1.9498218e-03 1.5567897e-03 0.0000000e+00 
-9.4622886e-04 8.0967025e-04 0.0000000e+00 
-9.2649215e-04 1.3308756e-03 0.0000000e+00 
-9.5065474e-04 1.3943727e-03 0.0000000e+00 
-1.2128515e-03 1.5697194e-03 0.0000000e+00 
-1.0547545e-03 7.2140014e-04 0.0000000e+00 
-8.7799691e-04 1.3092972e-03 0.0000000e+00 
-1.5489571e-03 1.7092151e-03 0.0000000e+00 
-9.7942539e-04 1.4129115e-03 0.0000000e+00 
-1.5746471e-03 1.6257013e-03 0.0000000e+00 
-1.3414151e-03 5.2557245e-04 0.0000000e+00 
-8.5838465e-04 7.3266879e-04 0.0000000e+00 
-1.0929331e-03 7.4750360e-04 0.0000000e+00 
-1.4197612e-03 1.7249919e-03 0.0000000e+00 
-7.9650915e-04 1.0519668e-03 0.0000000e+00 
-1.0219868e-03 -1.3726079e-03 0.0000000e+00 
-8.0261589e-04 1.2137783e-03 0.0000000e+00 
-7.8396156e-04 9.7290432e-04 0.0000000e+00 
-1.0520874e-03 1.5712478e-03 0.0000000e+00 
-1.7725497e-03 1.6947696e-03 0.0000000e+00 
6.3086394e-04 2.8562715e-02 0.0000000e+00 
-8.5394480e-04 8.9699385e-04 0.0000000e+00 
-1.3716831e-03 -3.3695251e-05 0.0000000e+00 
-1.1321432e-03 7.0627918e-04 0.0000000e+00 
-1.2446921e-03 1.7033201e-03 0.0000000e+00 
-7.8770134e-04 1.2594340e-03 0.0000000e+00 
-2.0552780e-03 1.6089841e-03 0.0000000e+00 
-1.1443184e-03 1.7380209e-03 0.0000000e+00 
-1.6998088e-03 1.5759545e-03 0.0000000e+00 
-7.8221411e-04 9.6113619e-04 0.0000000e+00 
-1.3687620e-03 5.4498925e-04 0.0000000e+00 
-7.8306539e-04 1.1298858e-03 0.0000000e+00 
-1.2126742e-03 8.5468078e-04 0.0000000e+00 
-1.5745095e-03 1.8852246e-03 0.0000000e+00 
-1.3699755e-03 1.7783367e-03 0.0000000e+00 
-7.4807205e-04 1.2972797e-03 0.0000000e+00 
-1.1616836e-03 1.8259180e-03 0.0000000e+00 
-8.5681677e-04 1.5408634e-03 0.0000000e+00 
-8.2733121e-04 1.4999202e-03 0.0000000e+00 
-7.1573281e-04 9.9866418e-04 0.0000000e+00 
-1.5913602e-03 1.7997739e-03 0.0000000e+00 
-1.2312103e-03 1.8003641e-03 0.0000000e+00 
-9.4812398e-04 1.6911624e-03 0.0000000e+00 
2.9851776e-04 2.9029803e-02 0.0000000e+00 
-7.8592822e-04 1.4453949e-03 0.0000000e+00 
-1.1153808e-03 -3.5927724e-04 0.0000000e+00 
-1.8458173e-03 1.6889239e-03 0.0000000e+00 
-1.2450195e-03 8.9426956e-04 0.0000000e+00 
-9.3532866e-04 1.7297938e-03 0.0000000e+00 
-8.5286021e-02 -7.4131869e-02 0.0000000e+00 
-9.0523972e-04 9.5047173e-04 0.0000000e+00 
-7.2279875e-04 1.4001018e-03 0.0000000e+00 
-1.3118773e-03 4.5385514e-04 0.0000000e+00 
-1.7644102e-03 1.8944317e-03 0.0000000e+00 
-8.1326533e-04 9.0711197e-04 0.0000000e+00 
-9.3878945e-04 9.3356497e-04 0.0000000e+00 
-6.7613722e-04 1.2027954e-03 0.0000000e+00 
-1.1018049e-03 1.8568831e-03 0.0000000e+00 
-7.3085120e-04 1.1726208e-03 0.0000000e+00 
-8.2420162e-04 1.0632211e-03 0.0000000e+00 
-9.8422356e-04 9.9676929e-04 0.0000000e+00 
-8.7917107e-04 1.7143572e-03 0.0000000e+00 
-6.3451589e-04 1.3372099e-03 0.0000000e+00 
-7.3332549e-04 1.0212864e-03 0.0000000e+00 
-1.3564217e-03 1.9096541e-03 0.0000000e+00 
-1.0300111e-03 9.8067930e-04 0.0000000e+00 
-1.2553365e-03 1.9588731e-03 0.0000000e+00 
-1.2674420e-03 8.7467651e-04 0.0000000e+00 
-1.4937622e-03 1.9452982e-03 0.0000000e+00 
-1.7966034e-03 1.8854719e-03 0.0000000e+00 
-9.3125482e-04 1.8061770e-03 0.0000000e+00 
-1.9207464e-03 1.7891312e-03 0.0000000e+00 
-1.0591049e-03 1.8976526e-03 0.0000000e+00 
-6.8095222e-04 1.0985732e-03 0.0000000e+00 
1.6155094e-04 3.0084569e-02 0.0000000e+00 
-6.4687774e-04 1.2923087e-03 0.0000000e+00 
-1.1069328e-03 1.1236150e-03 0.0000000e+00 
-7.2929927e-04 1.6990919e-03 0.0000000e+00 
-5.7611975e-04 1.2842806e-03 0.0000000e+00 
-1.5330692e-03 1.9317032e-03 0.0000000e+00 
-1.1680201e-03 2.9935921e-04 0.0000000e+00 
-6.9565338e-04 1.6229298e-03 0.0000000e+00 
-7.5975689e-04 1.7573705e-03 0.0000000e+00 
-6.2637054e-04 1.5627611e-03 0.0000000e+00 
-7.2276779e-04 1.7821710e-03 0.0000000e+00 
-8.9502253e-04 1.9078209e-03 0.0000000e+00 
-6.8109320e-04 1.2704914e-03 0.0000000e+00 
-1.2912820e-03 8.7721343e-04 0.0000000e+00 
-1.1292933e-03 1.0706654e-03 0.0000000e+00 
-6.2884943e-04 1.5751647e-03 0.0000000e+00 
-8.2592689e-04 1.9158083e-03 0.0000000e+00 
-1.1438052e-03 1.9932287e-03 0.0000000e+00 
-1.6251579e-03 1.7549484e-03 0.0000000e+00 
-1.6296273e-03 1.9037018e-03 0.0000000e+00 
-1.2930066e-03 2.0058311e-03 0.0000000e+00 
-5.8845303e-04 1.4479429e-03 0.0000000e+00 
-1.0692885e-03 2.0678458e-03 0.0000000e+00 
-5.7726330e-04 1.2981341e-03 0.0000000e+00 
-8.1650401e-04 1.2460725e-03 0.0000000e+00 
-7.4961130e-04 1.2299473e-03 0.0000000e+00 
-6.2398473e-04 1.6358639e-03 0.0000000e+00 
-8.5737067e-04 2.0757616e-03 0.0000000e+00 
-1.4116140e-03 2.0555877e-03 0.0000000e+00 
-1.0062903e-03 2.1519447e-03 0.0000000e+00 
-8.8113779e-04 1.2450264e-03 0.0000000e+00 
-7.1840873e-04 1.2473110e-03 0.0000000e+00 
-1.1643083e-03 1.1164998e-03 0.0000000e+00 
1.5920028e-04 3.1602699e-02 0.0000000e+00 
-9.1697276e-04 1.2798121e-03 0.0000000e+00 
-6.5984251e-04 1.3245041e-03 0.0000000e+00 
-1.1579767e-03 7.3140860e-04 0.0000000e+00 
-5.5426708e-04 1.8315559e-03 0.0000000e+00 
-5.8949052e-04 1.8695393e-03 0.0000000e+00 
-5.5971066e-04 1.7611037e-03 0.0000000e+00 
-1.6226815e-03 2.0113222e-03 0.0000000e+00 
-8.4088976e-04 2.1723211e-03 0.0000000e+00 
-5.1694131e-04 1.3985903e-03 0.0000000e+00 
-5.2704988e-04 1.5690562e-03 0.0000000e+00 
-1.4135763e-03 2.0804808e-03 0.0000000e+00 
-6.2356307e-04 1.9618196e-03 0.0000000e+00 
-9.9120755e-04 1.3648422e-03 0.0000000e+00 
-6.0648494e-04 1.3920160e-03 0.0000000e+00 
-5.1296433e-04 1.7533556e-03 0.0000000e+00 
-1.1148986e-03 2.2707575e-03 0.0000000e+00 
-1.1934817e-03 2.2344040e-03 0.0000000e+00 
-1.2040460e-03 1.2006650e-03 0.0000000e+00 
-9.3436148e-04 2.1955946e-03 0.0000000e+00 
-6.6594034e-04 2.0650574e-03 0.0000000e+00 
-1.2630483e-03 2.2062601e-03 0.0000000e+00 
-4.8473201e-04 1.7062631e-03 0.0000000e+00 
-1.0207552e-03 1.3577025e-03 0.0000000e+00 
-5.3050276e-04 1.3775234e-03 0.0000000e+00 
-7.8491773e-04 2.2107812e-03 0.0000000e+00 
-6.4665568e-04 2.1411050e-03 0.0000000e+00 
-4.4707011e-04 1.5507754e-03 0.0000000e+00 
3.1708367e-04 3.3384427e-02 0.0000000e+00 
-1.4634049e-03 2.0533830e-03 0.0000000e+00 
-3.6561611e-04 1.5449406e-03 0.0000000e+00 
-1.2611450e-03 2.2004885e-03 0.0000000e+00 
-4.7963287e-04 1.5256050e-03 0.0000000e+00 
-1.0626119e-01 -7.9924688e-02 0.0000000e+00 
-1.0970817e-03 1.4423504e-03 0.0000000e+00 
-1.1271746e-03 1.0991748e-03 0.0000000e+00 
-6.1438582e-04 2.1910402e-03 0.0000000e+00 
-4.4949760e-04 1.9697347e-03 0.0000000e+00 
-8.3827646e-04 2.2488565e-03 0.0000000e+00 
-4.9925630e-04 2.0375806e-03 0.0000000e+00 
-1.0282509e-03 2.3603484e-03 0.0000000e+00 
-6.9424044e-04 1.5056942e-03 0.0000000e+00 
-7.2429143e-04 1.4888053e-03 0.0000000e+00 
-4.1552749e-04 1.9310700e-03 0.0000000e+00 
-6.2221265e-04 1.4902047e-03 0.0000000e+00 
-5.1101192e-04 2.1288111e-03 0.0000000e+00 
-7.4859848e-04 2.3184046e-03 0.0000000e+00 
-1.0866141e-03 2.3215138e-03 0.0000000e+00 
-8.3545176e-04 1.5617069e-03 0.0000000e+00 
-5.4419506e-04 1.4794719e-03 0.0000000e+00 
-3.6913180e-04 1.7324109e-03 0.0000000e+00 
-3.5542023e-04 1.8774887e-03 0.0000000e+00 
-4.9658236e-04 2.2039372e-03 0.0000000e+00 
-4.0059222e-04 1.6507467e-03 0.0000000e+00 
-1.3310001e-03 2.2455044e-03 0.0000000e+00 
-1.1179657e-03 1.4737381e-03 0.0000000e+00 
-8.4364880e-04 1.5480029e-03 0.0000000e+00 
-4.9387966e-04 1.5804298e-03 0.0000000e+00 
-1.5559841e-03 2.2067863e-03 0.0000000e+00 
-5.7949650e-04 2.2670990e-03 0.0000000e+00 
-1.1393044e-03 2.3494812e-03 0.0000000e+00 
-3.5493419e-04 1.9053223e-03 0.0000000e+00 
-4.7877501e-04 2.2450187e-03 0.0000000e+00 
5.9654936e-04 3.5345260e-02 0.0000000e+00 
-9.4277877e-04 1.6028483e-03 0.0000000e+00 
-4.4009741e-04 1.6574149e-03 0.0000000e+00 
-7.6595705e-04 2.3657442e-03 0.0000000e+00 
-3.4854631e-04 1.7797207e-03 0.0000000e+00 
-7.8939414e-04 2.5615892e-03 0.0000000e+00 
-5.5082818e-04 2.4615603e-03 0.0000000e+00 
-9.0549979e-04 2.4866550e-03 0.0000000e+00 
-3.7842646e-04 2.0045019e-03 0.0000000e+00 
-1.1218083e-03 1.4408932e-03 0.0000000e+00 
-1.2008343e-03 2.3878291e-03 0.0000000e+00 
-6.4414670e-04 2.5338421e-03 0.0000000e+00 
-3.3665122e-04 2.2231743e-03 0.0000000e+00 
-9.7930897e-04 1.6689349e-03 0.0000000e+00 
-2.8909981e-04 2.1145819e-03 0.0000000e+00 
-1.2845849e-03 2.1962263e-03 0.0000000e+00 
-3.5169651e-04 2.2786360e-03 0.0000000e+00 
-3.8670958e-04 1.7900385e-03 0.0000000e+00 
-3.0195224e-04 2.1180629e-03 0.0000000e+00 
-9.5436163e-04 2.4865761e-03 0.0000000e+00 
-3.7651765e-04 2.3584836e-03 0.0000000e+00 
-5.4655271e-04 2.6191650e-03 0.0000000e+00 
-2.7559165e-04 2.0893728e-03 0.0000000e+00 
-2.7318229e-04 1.9171839e-03 0.0000000e+00 
-6.1517302e-04 1.7714462e-03 0.0000000e+00 
-5.3144433e-04 1.7751070e-03 0.0000000e+00 
-1.0383083e-03 1.7736878e-03 0.0000000e+00 
-3.7306268e-04 2.4817728e-03 0.0000000e+00 
-6.7718606e-04 1.7790000e-03 0.0000000e+00 
-2.9193517e-04 1.8680937e-03 0.0000000e+00 
-5.0121965e-04 1.8474496e-03 0.0000000e+00 
-7.4253744e-04 2.7316806e-03 0.0000000e+00 
1.0363692e-03 3.7381444e-02 0.0000000e+00 
-1.8410406e-04 1.9661358e-03 0.0000000e+00 
-7.5421808e-04 1.8435360e-03 0.0000000e+00 
-5.2570878e-04 2.5696699e-03 0.0000000e+00 
-1.0428219e-03 2.4814908e-03 0.0000000e+00 
-7.3948409e-04 2.6360690e-03 0.0000000e+00 
-1.1371754e-03 2.3590529e-03 0.0000000e+00 
-4.0802057e-04 1.8003822e-03 0.0000000e+00 
-3.1966949e-04 2.4910760e-03 0.0000000e+00 
-4.7056470e-04 2.6803680e-03 0.0000000e+00 
-7.8730844e-04 1.8544649e-03 0.0000000e+00 
-7.7056792e-04 2.5642198e-03 0.0000000e+00 
-1.0177274e-03 1.7364542e-03 0.0000000e+00 
-3.4548063e-04 1.8828888e-03 0.0000000e+00 
-2.3294892e-04 1.9799308e-03 0.0000000e+00 
-1.7792021e-04 2.3403494e-03 0.0000000e+00 
-1.5309959e-04 2.0149658e-03 0.0000000e+00 
-2.0930334e-04 2.3703235e-03 0.0000000e+00 
-2.0511867e-04 2.4120538e-03 0.0000000e+00 
-8.7010767e-04 1.9656306e-03 0.0000000e+00 
-1.5233242e-04 2.2360873e-03 0.0000000e+00 
-1.9372674e-04 2.5030447e-03 0.0000000e+00 
-2.4442375e-04 2.6031332e-03 0.0000000e+00 
-1.0297098e-03 2.4926479e-03 0.0000000e+00 
-2.2440497e-04 1.9289656e-03 0.0000000e+00 
-8.4264216e-04 2.6292799e-03 0.0000000e+00 
-4.2479998e-04 2.6531843e-03 0.0000000e+00 
-1.2457755e-04 2.2831853e-03 0.0000000e+00 
-2.0263332e-04 2.5980454e-03 0.0000000e+00 
-5.6863530e-04 2.7356492e-03 0.0000000e+00 
-3.6638277e-04 2.7333887e-03 0.0000000e+00 
-1.3012864e-01 -8.5357174e-02 0.0000000e+00 
-9.9882483e-05 2.0841286e-03 0.0000000e+00 
-9.4238762e-04 2.0650255e-03 0.0000000e+00 
1.5951782e-03 3.9474212e-02 0.0000000e+00 
-6.7325728e-04 2.8460119e-03 0.0000000e+00 
-1.8427597e-04 2.6497226e-03 0.0000000e+00 
-1.8834812e-04 2.0693757e-03 0.0000000e+00 
-1.9781245e-04 2.7380006e-03 0.0000000e+00 
-9.6194140e-05 2.2958249e-03 0.0000000e+00 
-4.8003905e-04 2.0815246e-03 0.0000000e+00 
-5.1832153e-04 2.0557765e-03 0.0000000e+00 
-3.7324382e-04 2.0346739e-03 0.0000000e+00 
-9.9163339e-04 2.7940869e-03 0.0000000e+00 
-6.4226938e-04 2.1101676e-03 0.0000000e+00 
-7.0498325e-04 2.7859763e-03 0.0000000e+00 
-3.3355784e-05 2.4955280e-03 0.0000000e+00 
-3.1315605e-04 2.1153428e-03 0.0000000e+00 
-5.6160148e-05 2.5916486e-03 0.0000000e+00 
-9.6240314e-04 2.0391161e-03 0.0000000e+00 
-9.4897184e-04 2.5133102e-03 0.0000000e+00 
2.3024622e-06 2.4516552e-03 0.0000000e+00 
-1.8396461e-04 2.8179102e-03 0.0000000e+00 
-6.8065617e-04 2.1228583e-03 0.0000000e+00 
-3.7505524e-06 2.6398394e-03 0.0000000e+00 
-3.1535677e-04 2.9732487e-03 0.0000000e+00 
-3.6270358e-05 2.2602535e-03 0.0000000e+00 
-1.1700846e-04 2.2130562e-03 0.0000000e+00 
-3.7453754e-04 2.9070890e-03 0.0000000e+00 
2.7855102e-05 2.4461767e-03 0.0000000e+00 
-2.2879080e-04 2.1619636e-03 0.0000000e+00 
-2.4127075e-04 2.9473335e-03 0.0000000e+00 
-3.0242139e-05 2.7291635e-03 0.0000000e+00 
-4.2183301e-04 2.8498294e-03 0.0000000e+00 
-7.8298803e-04 2.2760965e-03 0.0000000e+00 
6.1734048e-05 2.3594424e-03 0.0000000e+00 
-6.1936630e-04 2.7268722e-03 0.0000000e+00 
-1.5625288e-04 2.2544104e-03 0.0000000e+00 
-1.7571729e-04 3.0231804e-03 0.0000000e+00 
2.3278464e-03 4.1567598e-02 0.0000000e+00 
-4.1521853e-05 2.8838883e-03 0.0000000e+00 
-8.8753272e-04 2.7245015e-03 0.0000000e+00 
-5.5528199e-04 2.9453668e-03 0.0000000e+00 
1.6233185e-05 2.3028806e-03 0.0000000e+00 
-8.3707087e-04 2.2863366e-03 0.0000000e+00 
5.6616787e-05 2.4455558e-03 0.0000000e+00 
-6.1131548e-05 2.2772718e-03 0.0000000e+00 
-2.1351594e-04 3.0798733e-03 0.0000000e+00 
-1.4416943e-04 3.0394900e-03 0.0000000e+00 
3.7488062e-05 2.9548917e-03 0.0000000e+00 
1.1150062e-04 2.7325253e-03 0.0000000e+00 
7.5394870e-05 2.7994704e-03 0.0000000e+00 
-3.2547140e-04 3.0873944e-03 0.0000000e+00 
1.4713098e-04 2.6461650e-03 0.0000000e+00 
8.0603641e-05 2.8521665e-03 0.0000000e+00 
-4.0126732e-05 3.0520612e-03 0.0000000e+00 
-8.6367037e-04 2.2807356e-03 0.0000000e+00 
-3.6939885e-04 2.3171385e-03 0.0000000e+00 
-5.3393608e-04 2.9513519e-03 0.0000000e+00 
-3.0373293e-04 2.3160987e-03 0.0000000e+00 
-4.6996539e-04 2.4060230e-03 0.0000000e+00 
-5.9969351e-04 2.7742255e-03 0.0000000e+00 
8.5016480e-05 2.9341881e-03 0.0000000e+00 
1.4435181e-04 2.6309034e-03 0.0000000e+00 
5.6177378e-05 2.5242215e-03 0.0000000e+00 
-2.0188326e-04 2.3215658e-03 0.0000000e+00 
4.1757012e-05 2.3948739e-03 0.0000000e+00 
-5.5079581e-04 2.4241763e-03 0.0000000e+00 
-3.2214075e-04 3.0712367e-03 0.0000000e+00 
1.0957383e-04 3.0180563e-03 0.0000000e+00 
-1.2782938e-04 2.4150428e-03 0.0000000e+00 
1.6569952e-04 3.0217094e-03 0.0000000e+00 
1.7054621e-04 2.6592719e-03 0.0000000e+00 
-6.2474841e-04 2.4898387e-03 0.0000000e+00 
3.1902883e-03 4.3625690e-02 0.0000000e+00 
-3.3664051e-05 3.1546352e-03 0.0000000e+00 
7.2722789e-05 3.2065390e-03 0.0000000e+00 
-5.0132163e-05 2.4524825e-03 0.0000000e+00 
-5.5290759e-05 3.1805108e-03 0.0000000e+00 
-3.0079088e-04 3.1257761e-03 0.0000000e+00 
1.0935962e-04 2.5743430e-03 0.0000000e+00 
-4.9964245e-04 3.0028119e-03 0.0000000e+00 
-6.9426699e-04 2.4981075e-03 0.0000000e+00 
1.5934347e-04 3.1779248e-03 0.0000000e+00 
2.1040346e-04 2.6481703e-03 0.0000000e+00 
1.4267975e-04 3.2007964e-03 0.0000000e+00 
2.8436165e-04 2.9243906e-03 0.0000000e+00 
2.3294706e-04 2.9125230e-03 0.0000000e+00 
2.7791271e-04 3.0284431e-03 0.0000000e+00 
-1.5133619e-04 3.2432894e-03 0.0000000e+00 
6.9229165e-05 2.4845914e-03 0.0000000e+00 
-1.5707709e-01 -9.0407930e-02 0.0000000e+00 
2.6345957e-04 2.8801442e-03 0.0000000e+00 
2.5259098e-04 3.1689261e-03 0.0000000e+00 
-7.6071871e-04 2.5595422e-03 0.0000000e+00 
2.0009535e-04 3.3218397e-03 0.0000000e+00 
2.9697834e-04 2.8424140e-03 0.0000000e+00 
2.2971747e-04 2.6654773e-03 0.0000000e+00 
3.5933091e-04 3.1302844e-03 0.0000000e+00 
-2.8595701e-04 3.1225807e-03 0.0000000e+00 
1.5370455e-04 3.3355616e-03 0.0000000e+00 
-1.5017390e-04 3.2265363e-03 0.0000000e+00 
1.5952578e-04 2.6790597e-03 0.0000000e+00 
-3.0942541e-04 2.7178254e-03 0.0000000e+00 
-2.2263033e-04 2.6870184e-03 0.0000000e+00 
3.2402953e-05 3.4222705e-03 0.0000000e+00 
2.6816619e-04 3.3094343e-03 0.0000000e+00 
-3.8577989e-04 2.6723184e-03 0.0000000e+00 
3.0149883e-04 2.8753022e-03 0.0000000e+00 
-1.4177035e-04 2.7442486e-03 0.0000000e+00 
-4.2258413e-04 2.9977362e-03 0.0000000e+00 
4.2169290e-03 4.5713820e-02 0.0000000e+00 
3.9878790e-04 3.2461900e-03 0.0000000e+00 
1.0220939e-04 3.3245238e-03 0.0000000e+00 
-4.9990043e-04 2.8008702e-03 0.0000000e+00 
3.1320774e-04 3.4145066e-03 0.0000000e+00 
-1.5657861e-05 2.6927593e-03 0.0000000e+00 
4.2358402e-04 3.1432076e-03 0.0000000e+00 
2.4057541e-04 2.7935454e-03 0.0000000e+00 
4.2585691e-04 3.0655526e-03 0.0000000e+00 
4.5323989e-04 3.1548669e-03 0.0000000e+00 
9.4085466e-05 2.7050155e-03 0.0000000e+00 
3.3766730e-04 2.9073132e-03 0.0000000e+00 
-5.7012355e-04 2.8345264e-03 0.0000000e+00 
-1.9133231e-04 3.3249771e-03 0.0000000e+00 
5.1914249e-04 3.1811413e-03 0.0000000e+00 
4.2949198e-04 3.4146188e-03 0.0000000e+00 
7.2405208e-05 3.4053670e-03 0.0000000e+00 
4.3022790e-04 3.0028219e-03 0.0000000e+00 
-2.1335483e-04 3.0985887e-03 0.0000000e+00 
2.9308163e-04 3.5882376e-03 0.0000000e+00 
3.2448559e-04 3.4554815e-03 0.0000000e+00 
1.0481034e-04 2.9278039e-03 0.0000000e+00 
-6.4426987e-04 2.9040710e-03 0.0000000e+00 
4.3962954e-04 3.4220200e-03 0.0000000e+00 
3.8206344e-04 3.5778689e-03 0.0000000e+00 
4.5605190e-04 3.0117920e-03 0.0000000e+00 
1.8190383e-04 3.6111837e-03 0.0000000e+00 
3.7037325e-04 2.9405907e-03 0.0000000e+00 
5.5211550e-04 3.4884606e-03 0.0000000e+00 
4.7223957e-04 3.5388819e-03 0.0000000e+00 
6.3859625e-05 3.4072271e-03 0.0000000e+00 
4.8273819e-04 2.9761689e-03 0.0000000e+00 
3.2353983e-04 2.8393224e-03 0.0000000e+00 
5.4500462e-03 4.7709536e-02 0.0000000e+00 
-1.1821976e-04 3.3318950e-03 0.0000000e+00 
2.3313542e-04 3.5684481e-03 0.0000000e+00 
-1.6134279e-04 2.9948754e-03 0.0000000e+00 
-2.1389173e-04 2.9704897e-03 0.0000000e+00 
6.8526715e-06 2.8762645e-03 0.0000000e+00 
6.2055863e-04 3.2568732e-03 0.0000000e+00 
5.5550504e-04 3.4469822e-03 0.0000000e+00 
5.7620020e-04 3.6131886e-03 0.0000000e+00 
5.7742617e-04 3.2686149e-03 0.0000000e+00 
-3.3941260e-04 3.0624920e-03 0.0000000e+00 
5.6525716e-04 3.6116848e-03 0.0000000e+00 
5.0400919e-04 3.6525268e-03 0.0000000e+00 
6.9770962e-05 3.0154679e-03 0.0000000e+00 
5.8029871e-04 3.5548110e-03 0.0000000e+00 
5.0894334e-04 3.0443161e-03 0.0000000e+00 
3.5852427e-04 3.0657959e-03 0.0000000e+00 
5.8276043e-04 3.2743842e-03 0.0000000e+00 
6.2846905e-04 3.6666028e-03 0.0000000e+00 
5.6345109e-04 3.5751236e-03 0.0000000e+00 
-3.9831828e-04 3.0409186e-03 0.0000000e+00 
1.6850838e-04 3.0653588e-03 0.0000000e+00 
6.3899928e-04 3.5654665e-03 0.0000000e+00 
2.9192225e-04 3.5745734e-03 0.0000000e+00 
5.4985518e-05 3.4734167e-03 0.0000000e+00 
5.9279805e-04 3.2899140e-03 0.0000000e+00 
6.3972943e-04 3.7721947e-03 0.0000000e+00 
-5.1113172e-04 3.1704928e-03 0.0000000e+00 
4.6951929e-04 3.6936882e-03 0.0000000e+00 
3.0418416e-04 3.0828235e-03 0.0000000e+00 
7.5405557e-04 3.5989815e-03 0.0000000e+00 
5.1730929e-04 3.1477835e-03 0.0000000e+00 
-1.8732005e-01 -9.4908938e-02 0.0000000e+00 
5.8423355e-04 3.3140625e-03 0.0000000e+00 
6.4594974e-04 3.8534142e-03 0.0000000e+00 
7.3601096e-04 3.8002604e-03 0.0000000e+00 
6.8836231e-03 4.9613986e-02 0.0000000e+00 
4.1528512e-04 3.2167733e-03 0.0000000e+00 
7.9714577e-04 3.7166285e-03 0.0000000e+00 
5.5402931e-04 3.9496138e-03 0.0000000e+00 
7.6433568e-04 3.5344150e-03 0.0000000e+00 
7.0754910e-04 3.5737862e-03 0.0000000e+00 
4.4252351e-04 3.7458041e-03 0.0000000e+00 
2.8690416e-04 3.6644603e-03 0.0000000e+00 
7.8770402e-04 3.8313104e-03 0.0000000e+00 
8.2531571e-04 3.6109381e-03 0.0000000e+00 
7.4682967e-04 3.4927854e-03 0.0000000e+00 
6.7776232e-04 3.8424248e-03 0.0000000e+00 
8.2782819e-04 3.7064485e-03 0.0000000e+00 
7.3224783e-04 3.4792121e-03 0.0000000e+00 
6.0899695e-04 3.3269976e-03 0.0000000e+00 
-4.5037363e-05 3.2695644e-03 0.0000000e+00 
6.5220520e-05 3.3496986e-03 0.0000000e+00 
1.4445791e-04 3.5375387e-03 0.0000000e+00 
-1.4353590e-04 3.3576898e-03 0.0000000e+00 
5.3805811e-04 3.2523409e-03 0.0000000e+00 
8.7073003e-04 3.8820582e-03 0.0000000e+00 
2.0222832e-04 3.2697194e-03 0.0000000e+00 
-2.6579527e-04 3.4672539e-03 0.0000000e+00 
8.8763528e-04 3.8282005e-03 0.0000000e+00 
7.6973892e-04 3.4448113e-03 0.0000000e+00 
2.8727041e-04 3.3119274e-03 0.0000000e+00 
8.7646837e-04 3.9931959e-03 0.0000000e+00 
4.9463753e-04 3.7513133e-03 0.0000000e+00 
6.5184501e-04 3.8878538e-03 0.0000000e+00 
9.4568543e-04 4.0159142e-03 0.0000000e+00 
9.5289154e-04 3.8922739e-03 0.0000000e+00 
-3.5197474e-04 3.4713552e-03 0.0000000e+00 
4.3014716e-04 3.3758362e-03 0.0000000e+00 
9.3947502e-04 3.9480901e-03 0.0000000e+00 
6.5955706e-04 3.4345798e-03 0.0000000e+00 
4.1079102e-04 3.5958148e-03 0.0000000e+00 
9.5346570e-04 4.0443926e-03 0.0000000e+00 
7.9448393e-04 3.4396334e-03 0.0000000e+00 
8.3908997e-04 4.0379544e-03 0.0000000e+00 
9.4158179e-04 3.7743109e-03 0.0000000e+00 
9.2662207e-04 3.7260642e-03 0.0000000e+00 
9.6172420e-04 3.8480354e-03 0.0000000e+00 
8.5048052e-03 5.1450916e-02 0.0000000e+00 
9.3558821e-04 3.6510215e-03 0.0000000e+00 
4.9604056e-04 3.5316814e-03 0.0000000e+00 
9.5607806e-04 4.0000705e-03 0.0000000e+00 
1.0774520e-03 4.0008849e-03 0.0000000e+00 
6.7191944e-04 3.9297207e-03 0.0000000e+00 
8.8959292e-04 3.7207094e-03 0.0000000e+00 
8.5899280e-04 4.0621595e-03 0.0000000e+00 
7.6487917e-04 3.6683157e-03 0.0000000e+00 
1.0859091e-03 4.1754926e-03 0.0000000e+00 
1.0366846e-03 4.0617967e-03 0.0000000e+00 
1.0748338e-03 4.1908561e-03 0.0000000e+00 
5.1151961e-04 3.9242441e-03 0.0000000e+00 
1.0551014e-03 4.1974015e-03 0.0000000e+00 
6.6756899e-04 3.5588266e-03 0.0000000e+00 
9.1395970e-04 3.7020079e-03 0.0000000e+00 
1.8762518e-04 3.6505274e-03 0.0000000e+00 
4.4180546e-05 3.6961208e-03 0.0000000e+00 
1.0952877e-03 4.1218679e-03 0.0000000e+00 
2.8802222e-04 3.6452133e-03 0.0000000e+00 
1.0955650e-03 4.1900715e-03 0.0000000e+00 
1.1646389e-03 4.1913446e-03 0.0000000e+00 
-9.3707815e-05 3.7203496e-03 0.0000000e+00 
3.8398942e-04 3.6995793e-03 0.0000000e+00 
9.1911433e-04 4.1269455e-03 0.0000000e+00 
-1.4941487e-04 3.6643003e-03 0.0000000e+00 
1.1015441e-03 4.0342985e-03 0.0000000e+00 
1.1336557e-03 4.0225643e-03 0.0000000e+00 
7.8943232e-04 3.7304887e-03 0.0000000e+00 
1.0636948e-03 4.0130373e-03 0.0000000e+00 
9.0324914e-04 3.8365358e-03 0.0000000e+00 
1.0981783e-03 4.2067422e-03 0.0000000e+00 
8.9775887e-04 3.8504940e-03 0.0000000e+00 
5.5526337e-04 3.6358978e-03 0.0000000e+00 
1.1852533e-03 4.3173051e-03 0.0000000e+00 
1.1728959e-03 4.0847426e-03 0.0000000e+00 
1.0514449e-03 3.9945790e-03 0.0000000e+00 
1.3091506e-03 4.2590294e-03 0.0000000e+00 
1.2621363e-03 4.3219505e-03 0.0000000e+00 
1.0382168e-02 5.3167414e-02 0.0000000e+00 
1.3724177e-03 4.2827195e-03 0.0000000e+00 
1.2563883e-03 4.2221225e-03 0.0000000e+00 
6.8808999e-04 3.6955758e-03 0.0000000e+00 
1.0988123e-03 3.8668360e-03 0.0000000e+00 
1.2433642e-03 4.4078138e-03 0.0000000e+00 
-2.2114520e-01 -9.8570026e-02 0.0000000e+00 
9.5074868e-04 3.7423619e-03 0.0000000e+00 
1.1938689e-03 4.2092451e-03 0.0000000e+00 
1.3237174e-03 4.3982547e-03 0.0000000e+00 
1.3346438e-03 4.2946148e-03 0.0000000e+00 
9.9785673e-04 4.1729705e-03 0.0000000e+00 
1.0750347e-03 3.9836243e-03 0.0000000e+00 
1.4032344e-03 4.3003601e-03 0.0000000e+00 
7.6576695e-04 3.9200149e-03 0.0000000e+00 
1.2843007e-03 4.2438731e-03 0.0000000e+00 
8.4921229e-04 4.0000435e-03 0.0000000e+00 
1.2864468e-03 4.3544285e-03 0.0000000e+00 
1.4610330e-03 4.5162193e-03 0.0000000e+00 
2.4636183e-04 4.0444690e-03 0.0000000e+00 
1.4213424e-03 4.5635933e-03 0.0000000e+00 
1.4607273e-03 4.4033052e-03 0.0000000e+00 
1.2969613e-03 4.0864144e-03 0.0000000e+00 
3.7456909e-04 3.9874441e-03 0.0000000e+00 
1.5334273e-04 4.0392000e-03 0.0000000e+00 
1.3561123e-03 4.3596542e-03 0.0000000e+00 
1.5602168e-03 4.4434075e-03 0.0000000e+00 
1.0737167e-03 4.0460909e-03 0.0000000e+00 
5.4388866e-04 3.9991075e-03 0.0000000e+00 
1.4998715e-03 4.5612394e-03 0.0000000e+00 
9.5895538e-04 3.9628167e-03 0.0000000e+00 
1.2588785e-03 4.1237790e-03 0.0000000e+00 
3.2793265e-05 3.9938590e-03 0.0000000e+00 
1.3871002e-03 4.3896046e-03 0.0000000e+00 
1.1799708e-03 4.3285186e-03 0.0000000e+00 
1.3905230e-03 4.4489033e-03 0.0000000e+00 
6.3318759e-04 4.0855077e-03 0.0000000e+00 
1.4608516e-03 4.6138158e-03 0.0000000e+00 
1.2504300e-02 5.4778274e-02 0.0000000e+00 
1.2410509e-03 4.1632508e-03 0.0000000e+00 
1.5989195e-03 4.5208712e-03 0.0000000e+00 
1.1271057e-03 4.1697207e-03 0.0000000e+00 
1.5156919e-03 4.5067207e-03 0.0000000e+00 
7.6979608e-04 4.1510984e-03 0.0000000e+00 
1.0513789e-03 4.1807489e-03 0.0000000e+00 
1.7308802e-03 4.6435185e-03 0.0000000e+00 
1.2708784e-03 4.1508023e-03 0.0000000e+00 
1.7299005e-03 4.6111285e-03 0.0000000e+00 
1.5008687e-03 4.4076378e-03 0.0000000e+00 
1.7104470e-03 4.6430505e-03 0.0000000e+00 
1.5586445e-03 4.5899749e-03 0.0000000e+00 
1.5559492e-03 4.7160913e-03 0.0000000e+00 
9.5481565e-04 4.1104178e-03 0.0000000e+00 
1.4584938e-03 4.4698864e-03 0.0000000e+00 
1.4652424e-03 4.3587703e-03 0.0000000e+00 
1.7237191e-03 4.6612881e-03 0.0000000e+00 
1.5154118e-03 4.5977989e-03 0.0000000e+00 
1.3994206e-03 4.4918042e-03 0.0000000e+00 
1.2371032e-03 4.4380976e-03 0.0000000e+00 
1.8695290e-03 4.5730099e-03 0.0000000e+00 
1.6152634e-03 4.5872694e-03 0.0000000e+00 
1.4057208e-03 4.3641864e-03 0.0000000e+00 
1.2687782e-03 4.2372746e-03 0.0000000e+00 
1.7041622e-03 4.8108371e-03 0.0000000e+00 
1.0871792e-03 4.3108528e-03 0.0000000e+00 
4.8420392e-04 4.3285703e-03 0.0000000e+00 
3.9052358e-04 4.2579887e-03 0.0000000e+00 
6.6376291e-04 4.2804666e-03 0.0000000e+00 
1.6573170e-03 4.7675134e-03 0.0000000e+00 
2.5495328e-04 4.3841959e-03 0.0000000e+00 
1.6490048e-03 4.6931100e-03 0.0000000e+00 
1.3911698e-03 4.4749645e-03 0.0000000e+00 
1.7865985e-03 4.7432459e-03 0.0000000e+00 
1.9616561e-03 4.7496427e-03 0.0000000e+00 
7.6303817e-04 4.3759714e-03 0.0000000e+00 
1.8866311e-03 4.8974175e-03 0.0000000e+00 
1.8701819e-03 4.8833136e-03 0.0000000e+00 
1.4939107e-02 5.6176145e-02 0.0000000e+00 
1.5283900e-03 4.5079123e-03 0.0000000e+00 
1.7933809e-03 4.8017357e-03 0.0000000e+00 
1.2628164e-03 4.3989220e-03 0.0000000e+00 
1.9576787e-03 4.8899665e-03 0.0000000e+00 
9.4568077e-04 4.4071260e-03 0.0000000e+00 
1.8567645e-03 4.9355947e-03 0.0000000e+00 
1.3563829e-03 4.5537050e-03 0.0000000e+00 
1.6436272e-03 4.7333469e-03 0.0000000e+00 
1.5935792e-03 4.7426438e-03 0.0000000e+00 
1.7636884e-03 4.6980176e-03 0.0000000e+00 
1.6248825e-03 4.6579950e-03 0.0000000e+00 
1.9164917e-03 4.7286777e-03 0.0000000e+00 
-2.5886664e-01 -1.0125003e-01 0.0000000e+00 
1.7743142e-03 4.8910710e-03 0.0000000e+00 
1.0874805e-03 4.5501711e-03 0.0000000e+00 
1.9248218e-03 4.9268869e-03 0.0000000e+00 
2.1028712e-03 4.8315972e-03 0.0000000e+00 
1.9351421e-03 4.5546647e-03 0.0000000e+00 
1.5737526e-03 4.7397725e-03 0.0000000e+00 
2.0492699e-03 5.0979475e-03 0.0000000e+00 
2.1482424e-03 4.9932702e-03 0.0000000e+00 
1.8887308e-03 4.9297623e-03 0.0000000e+00 
1.4049134e-03 4.6387422e-03 0.0000000e+00 
2.0577868e-03 5.0650770e-03 0.0000000e+00 
1.2424327e-03 4.5442646e-03 0.0000000e+00 
2.2241045e-03 4.9837087e-03 0.0000000e+00 
1.5772540e-03 4.6739979e-03 0.0000000e+00 
1.7373222e-03 4.5428812e-03 0.0000000e+00 
1.9628489e-03 5.0270865e-03 0.0000000e+00 
2.0864916e-03 5.0565475e-03 0.0000000e+00 
6.0698343e-04 4.7291834e-03 0.0000000e+00 
2.2681274e-03 4.8808069e-03 0.0000000e+00 
4.3440005e-04 4.7942745e-03 0.0000000e+00 
7.6194713e-04 4.7090882e-03 0.0000000e+00 
1.9656417e-03 4.9231770e-03 0.0000000e+00 
9.2891417e-04 4.6831658e-03 0.0000000e+00 
1.7691322e-02 5.7318483e-02 0.0000000e+00 
2.3171711e-03 5.0630583e-03 0.0000000e+00 
1.8536241e-03 4.9024136e-03 0.0000000e+00 
1.8767857e-03 5.0712968e-03 0.0000000e+00 
1.8166252e-03 4.8965095e-03 0.0000000e+00 
1.3528066e-03 4.7934228e-03 0.0000000e+00 
1.5710979e-03 4.7306176e-03 0.0000000e+00 
2.0948197e-03 5.1732925e-03 0.0000000e+00 
1.0581804e-03 4.7538960e-03 0.0000000e+00 
1.9123133e-03 5.1061297e-03 0.0000000e+00 
1.8316434e-03 4.8203450e-03 0.0000000e+00 
2.3545614e-03 5.0639282e-03 0.0000000e+00 
2.4232015e-03 5.0448095e-03 0.0000000e+00 
1.8982424e-03 4.7712671e-03 0.0000000e+00 
2.3548070e-03 5.0859256e-03 0.0000000e+00 
2.5235862e-03 5.1196292e-03 0.0000000e+00 
2.0473683e-03 5.1603694e-03 0.0000000e+00 
1.7692975e-03 4.8921797e-03 0.0000000e+00 
1.2336792e-03 4.8203804e-03 0.0000000e+00 
2.4274772e-03 5.0672619e-03 0.0000000e+00 
2.2877255e-03 4.9734646e-03 0.0000000e+00 
1.5798353e-03 4.8448606e-03 0.0000000e+00 
2.2647567e-03 5.2353903e-03 0.0000000e+00 
2.1680754e-03 5.2728765e-03 0.0000000e+00 
2.5185160e-03 5.2166041e-03 0.0000000e+00 
1.7836278e-03 4.9357279e-03 0.0000000e+00 
1.3411136e-03 4.9763243e-03 0.0000000e+00 
2.1825540e-03 4.8939274e-03 0.0000000e+00 
2.5121658e-03 5.4103760e-03 0.0000000e+00 
2.0359415e-03 5.2315807e-03 0.0000000e+00 
2.4089641e-03 5.4830560e-03 0.0000000e+00 
2.1258905e-03 5.1843179e-03 0.0000000e+00 
2.2599678e-03 5.4212357e-03 0.0000000e+00 
1.9680860e-03 5.1898872e-03 0.0000000e+00 
2.5524828e-03 5.4612914e-03 0.0000000e+00 
2.1422240e-03 5.2857581e-03 0.0000000e+00 
2.6849625e-03 5.2870382e-03 0.0000000e+00 
2.5447516e-03 5.1867813e-03 0.0000000e+00 
7.2737038e-04 5.1149782e-03 0.0000000e+00 
8.6828740e-04 5.1452089e-03 0.0000000e+00 
1.7233891e-03 5.1184730e-03 0.0000000e+00 
2.4075808e-03 5.5527156e-03 0.0000000e+00 
1.9300354e-03 5.2725957e-03 0.0000000e+00 
1.6030036e-03 4.9601537e-03 0.0000000e+00 
2.0775149e-02 5.8214631e-02 0.0000000e+00 
1.0261447e-03 5.0905403e-03 0.0000000e+00 
2.1889333e-03 5.4530725e-03 0.0000000e+00 
2.7823737e-03 5.3646974e-03 0.0000000e+00 
2.3611963e-03 5.1707937e-03 0.0000000e+00 
1.1903495e-03 5.0953263e-03 0.0000000e+00 
1.9745759e-03 5.1552914e-03 0.0000000e+00 
2.4091557e-03 5.5597359e-03 0.0000000e+00 
2.2869937e-03 5.5127628e-03 0.0000000e+00 
1.3987899e-03 5.1062130e-03 0.0000000e+00 
1.7335541e-03 5.1556653e-03 0.0000000e+00 
2.7965752e-03 5.4719639e-03 0.0000000e+00 
2.8581223e-03 5.2438965e-03 0.0000000e+00 
2.9397116e-03 5.3361012e-03 0.0000000e+00 
1.8885594e-03 5.3319475e-03 0.0000000e+00 
2.7896063e-03 5.4479269e-03 0.0000000e+00 
2.9795696e-03 5.4013841e-03 0.0000000e+00 
-3.0069065e-01 -1.0265070e-01 0.0000000e+00 
2.5087073e-03 5.5508525e-03 0.0000000e+00 
2.8294160e-03 5.0570434e-03 0.0000000e+00 
2.2140287e-03 5.4040761e-03 0.0000000e+00 
2.2269052e-03 5.5506914e-03 0.0000000e+00 
1.5444627e-03 5.2486649e-03 0.0000000e+00 
2.7171387e-03 5.5252044e-03 0.0000000e+00 
2.2926223e-03 5.6198044e-03 0.0000000e+00 
2.1998859e-03 5.3994209e-03 0.0000000e+00 
3.0528824e-03 5.4680435e-03 0.0000000e+00 
2.4828804e-03 5.5004102e-03 0.0000000e+00 
2.1728729e-03 5.4121087e-03 0.0000000e+00 
1.9462211e-03 5.2803513e-03 0.0000000e+00 
2.6892074e-03 5.6129610e-03 0.0000000e+00 
1.7211100e-03 5.4408843e-03 0.0000000e+00 
2.9839198e-03 5.5506886e-03 0.0000000e+00 
2.5679830e-03 5.2173594e-03 0.0000000e+00 
2.5457877e-03 5.6413924e-03 0.0000000e+00 
3.0486302e-03 5.6640008e-03 0.0000000e+00 
1.0424871e-03 5.4089753e-03 0.0000000e+00 
2.4216384e-02 5.8868833e-02 0.0000000e+00 
2.1267002e-03 5.5067446e-03 0.0000000e+00 
1.1786120e-03 5.4693269e-03 0.0000000e+00 
2.9841317e-03 5.6992238e-03 0.0000000e+00 
2.9669201e-03 5.4255198e-03 0.0000000e+00 
3.1123448e-03 5.6578601e-03 0.0000000e+00 
2.9128385e-03 5.7192850e-03 0.0000000e+00 
1.3418891e-03 5.5339132e-03 0.0000000e+00 
3.2359406e-03 5.6784488e-03 0.0000000e+00 
2.6700092e-03 5.7516494e-03 0.0000000e+00 
1.8711449e-03 5.5597420e-03 0.0000000e+00 
2.8751257e-03 5.7659037e-03 0.0000000e+00 
1.5238184e-03 5.6000105e-03 0.0000000e+00 
2.1299666e-03 5.4953112e-03 0.0000000e+00 
3.0069167e-03 5.1703523e-03 0.0000000e+00 
2.4314430e-03 5.7861512e-03 0.0000000e+00 
2.3700076e-03 5.7669426e-03 0.0000000e+00 
2.5223205e-03 5.7788510e-03 0.0000000e+00 
3.3671900e-03 5.5457195e-03 0.0000000e+00 
2.3437613e-03 5.7003628e-03 0.0000000e+00 
3.1858231e-03 5.6021889e-03 0.0000000e+00 
3.5678318e-03 5.5942964e-03 0.0000000e+00 
2.5613948e-03 5.9676082e-03 0.0000000e+00 
1.7053161e-03 5.5888738e-03 0.0000000e+00 
2.7666818e-03 5.9793172e-03 0.0000000e+00 
2.3561050e-03 5.7178736e-03 0.0000000e+00 
3.1468130e-03 5.8849901e-03 0.0000000e+00 
3.3035050e-03 5.8505088e-03 0.0000000e+00 
2.0981948e-03 5.7055713e-03 0.0000000e+00 
2.6964685e-03 5.9862761e-03 0.0000000e+00 
2.9869769e-03 6.0224719e-03 0.0000000e+00 
3.0959873e-03 5.5619646e-03 0.0000000e+00 
3.3984536e-03 5.9177559e-03 0.0000000e+00 
1.9047908e-03 5.6358925e-03 0.0000000e+00 
2.3173285e-03 5.8239247e-03 0.0000000e+00 
3.6212844e-03 5.7858257e-03 0.0000000e+00 
2.8560259e-03 6.0063116e-03 0.0000000e+00 
2.9785419e-03 6.0594585e-03 0.0000000e+00 
3.6478513e-03 5.5915127e-03 0.0000000e+00 
2.8079104e-02 5.9214085e-02 0.0000000e+00 
1.2864801e-03 5.9168651e-03 0.0000000e+00 
3.5572040e-03 5.9331646e-03 0.0000000e+00 
2.7057277e-03 5.8995150e-03 0.0000000e+00 
1.5070089e-03 5.9020710e-03 0.0000000e+00 
2.6093698e-03 5.9492597e-03 0.0000000e+00 
2.7391827e-03 6.0182181e-03 0.0000000e+00 
2.2771247e-03 5.9228512e-03 0.0000000e+00 
2.0746798e-03 5.7981089e-03 0.0000000e+00 
3.3885187e-03 5.6697922e-03 0.0000000e+00 
3.0126316e-03 6.1107785e-03 0.0000000e+00 
2.8042446e-03 6.1210217e-03 0.0000000e+00 
2.4955284e-03 6.0886424e-03 0.0000000e+00 
3.5341836e-03 5.9835617e-03 0.0000000e+00 
3.3329015e-03 6.0547213e-03 0.0000000e+00 
1.6541961e-03 5.9133992e-03 0.0000000e+00 
3.7646582e-03 5.9012054e-03 0.0000000e+00 
3.3385148e-03 5.9975074e-03 0.0000000e+00 
2.8846548e-03 6.1989175e-03 0.0000000e+00 
2.5137309e-03 6.0341544e-03 0.0000000e+00 
3.9615873e-03 5.8090501e-03 0.0000000e+00 
3.7266400e-03 5.8742128e-03 0.0000000e+00 
1.8706960e-03 5.9907432e-03 0.0000000e+00 
2.2696732e-03 6.0560387e-03 0.0000000e+00 
3.9552771e-03 5.9139384e-03 0.0000000e+00 
3.2586039e-03 6.1568585e-03 0.0000000e+00 
2.9689451e-03 6.3434178e-03 0.0000000e+00 
-3.4690225e-01 -1.0243194e-01 0.0000000e+00 
3.8362942e-03 5.6816554e-03 0.0000000e+00 
2.5268996e-03 6.0459264e-03 0.0000000e+00 
2.0326313e-03 6.1815372e-03 0.0000000e+00 
3.6866630e-03 6.1969385e-03 0.0000000e+00 
2.7798663e-03 6.3844952e-03 0.0000000e+00 
3.6264325e-03 6.1546611e-03 0.0000000e+00 
2.8767704e-03 6.3356860e-03 0.0000000e+00 
3.2554562e-03 6.2694326e-03 0.0000000e+00 
2.7925933e-03 6.3271024e-03 0.0000000e+00 
4.1101635e-03 5.9996205e-03 0.0000000e+00 
3.9875582e-03 6.1968993e-03 0.0000000e+00 
3.8738218e-03 6.1374698e-03 0.0000000e+00 
2.9828616e-03 6.3342694e-03 0.0000000e+00 
2.5175512e-03 6.1919885e-03 0.0000000e+00 
3.4362092e-03 6.3835550e-03 0.0000000e+00 
3.6694310e-03 5.7088169e-03 0.0000000e+00 
2.7829621e-03 6.1778761e-03 0.0000000e+00 
2.2240111e-03 6.2713865e-03 0.0000000e+00 
3.2427032e-02 5.9070747e-02 0.0000000e+00 
3.9665117e-03 6.0160700e-03 0.0000000e+00 
3.0955588e-03 6.4081075e-03 0.0000000e+00 
1.6403971e-03 6.2931729e-03 0.0000000e+00 
4.0179919e-03 6.2662065e-03 0.0000000e+00 
2.7069952e-03 6.3257385e-03 0.0000000e+00 
1.8283860e-03 6.3425265e-03 0.0000000e+00 
3.3659562e-03 6.4996737e-03 0.0000000e+00 
3.2484091e-03 6.4601889e-03 0.0000000e+00 
4.3475078e-03 6.1413702e-03 0.0000000e+00 
2.0334530e-03 6.4382600e-03 0.0000000e+00 
2.4985555e-03 6.3196295e-03 0.0000000e+00 
4.0300870e-03 5.8362912e-03 0.0000000e+00 
4.4389255e-03 6.1124056e-03 0.0000000e+00 
3.9038681e-03 6.3749496e-03 0.0000000e+00 
2.6768174e-03 6.4265956e-03 0.0000000e+00 
3.6588924e-03 6.4749578e-03 0.0000000e+00 
4.1573588e-03 6.2594311e-03 0.0000000e+00 
4.3241451e-03 6.0474770e-03 0.0000000e+00 
3.3643113e-03 6.5983138e-03 0.0000000e+00 
3.0504940e-03 6.5402510e-03 0.0000000e+00 
3.0922550e-03 6.5744347e-03 0.0000000e+00 
2.2650775e-03 6.4314548e-03 0.0000000e+00 
3.6592595e-03 6.4912061e-03 0.0000000e+00 
4.3943645e-03 6.2200394e-03 0.0000000e+00 
2.9841303e-03 6.5378593e-03 0.0000000e+00 
3.1680244e-03 6.6446280e-03 0.0000000e+00 
2.9484206e-03 6.6196639e-03 0.0000000e+00 
3.2285186e-03 6.7392304e-03 0.0000000e+00 
2.6629763e-03 6.5231752e-03 0.0000000e+00 
4.2306567e-03 6.1287456e-03 0.0000000e+00 
4.6613100e-03 6.1861239e-03 0.0000000e+00 
3.5425411e-03 6.7027695e-03 0.0000000e+00 
2.4456100e-03 6.5460820e-03 0.0000000e+00 
4.6236324e-03 6.3110068e-03 0.0000000e+00 
4.7087767e-03 6.1683357e-03 0.0000000e+00 
3.3540891e-03 6.8011251e-03 0.0000000e+00 
2.9038589e-03 6.6642906e-03 0.0000000e+00 
4.1026669e-03 6.5318029e-03 0.0000000e+00 
4.2409790e-03 6.5633552e-03 0.0000000e+00 
3.7207600e-02 5.8560714e-02 0.0000000e+00 
3.9201239e-03 6.6214651e-03 0.0000000e+00 
2.0091170e-03 6.7410218e-03 0.0000000e+00 
4.5243623e-03 6.4837383e-03 0.0000000e+00 
3.5022283e-03 6.8739578e-03 0.0000000e+00 
4.6516452e-03 6.1598234e-03 0.0000000e+00 
2.6417137e-03 6.7191157e-03 0.0000000e+00 
3.7579935e-03 6.7838253e-03 0.0000000e+00 
2.8253850e-03 6.8005025e-03 0.0000000e+00 
2.2190125e-03 6.7456113e-03 0.0000000e+00 
3.2965296e-03 6.8987380e-03 0.0000000e+00 
3.2073916e-03 6.9178366e-03 0.0000000e+00 
4.9221525e-03 6.3845823e-03 0.0000000e+00 
3.3532889e-03 6.9241459e-03 0.0000000e+00 
4.9284166e-03 6.3364473e-03 0.0000000e+00 
3.1529553e-03 6.8822228e-03 0.0000000e+00 
4.8980573e-03 6.4333603e-03 0.0000000e+00 
3.4643197e-03 6.9221845e-03 0.0000000e+00 
2.4088901e-03 6.8327989e-03 0.0000000e+00 
3.7430117e-03 6.8447944e-03 0.0000000e+00 
3.1142556e-03 6.9198520e-03 0.0000000e+00 
4.3588839e-03 6.5649743e-03 0.0000000e+00 
4.4816872e-03 6.6439286e-03 0.0000000e+00 
4.9863686e-03 6.2799286e-03 0.0000000e+00 
2.8563431e-03 6.8831900e-03 0.0000000e+00 
3.5891263e-03 7.0208097e-03 0.0000000e+00 
-3.9762163e-01 -1.0040246e-01 0.0000000e+00 
4.0952815e-03 6.8751969e-03 0.0000000e+00 
4.7318889e-03 6.6161286e-03 0.0000000e+00 
2.5937974e-03 7.0153605e-03 0.0000000e+00 
3.1874520e-03 6.8687000e-03 0.0000000e+00 
5.1029944e-03 6.5543125e-03 0.0000000e+00 
5.1868400e-03 6.5670675e-03 0.0000000e+00 
3.7385165e-03 7.0429533e-03 0.0000000e+00 
3.9690780e-03 6.9988426e-03 0.0000000e+00 
5.0208550e-03 6.7217867e-03 0.0000000e+00 
3.4623640e-03 7.2349319e-03 0.0000000e+00 
4.8332065e-03 6.3703256e-03 0.0000000e+00 
5.2039269e-03 6.5250918e-03 0.0000000e+00 
3.4471410e-03 7.1421987e-03 0.0000000e+00 
3.1187208e-03 7.0065046e-03 0.0000000e+00 
3.6002349e-03 7.1575511e-03 0.0000000e+00 
2.8163388e-03 7.1422197e-03 0.0000000e+00 
4.2571127e-02 5.7514720e-02 0.0000000e+00 
3.4059279e-03 7.1494835e-03 0.0000000e+00 
3.9540604e-03 7.1556633e-03 0.0000000e+00 
3.6401066e-03 7.2715860e-03 0.0000000e+00 
4.6536252e-03 6.8493383e-03 0.0000000e+00 
4.2914911e-03 7.1051978e-03 0.0000000e+00 
2.3557986e-03 7.2460542e-03 0.0000000e+00 
4.9792565e-03 6.7566875e-03 0.0000000e+00 
4.2245267e-03 7.0520313e-03 0.0000000e+00 
5.5428166e-03 6.5380158e-03 0.0000000e+00 
5.3955456e-03 6.7313211e-03 0.0000000e+00 
3.3395519e-03 7.2520147e-03 0.0000000e+00 
3.8026255e-03 7.2102812e-03 0.0000000e+00 
2.5898372e-03 7.2993250e-03 0.0000000e+00 
5.3713815e-03 6.3862954e-03 0.0000000e+00 
3.0796456e-03 7.2739217e-03 0.0000000e+00 
5.5650324e-03 6.5718829e-03 0.0000000e+00 
5.3223791e-03 6.7121759e-03 0.0000000e+00 
4.1599749e-03 7.1530240e-03 0.0000000e+00 
3.8963140e-03 7.3378570e-03 0.0000000e+00 
3.2927827e-03 7.3758708e-03 0.0000000e+00 
2.8484860e-03 7.3297434e-03 0.0000000e+00 
3.7051123e-03 7.4118599e-03 0.0000000e+00 
4.8085661e-03 6.9507379e-03 0.0000000e+00 
5.8084233e-03 6.7238417e-03 0.0000000e+00 
3.6868097e-03 7.5842701e-03 0.0000000e+00 
4.6133604e-03 7.0526684e-03 0.0000000e+00 
3.6747777e-03 7.4570877e-03 0.0000000e+00 
5.7546524e-03 6.6206516e-03 0.0000000e+00 
4.0922817e-03 7.4126115e-03 0.0000000e+00 
5.4266220e-03 6.7582261e-03 0.0000000e+00 
5.1227370e-03 6.9277524e-03 0.0000000e+00 
3.8404353e-03 7.5264350e-03 0.0000000e+00 
3.2629981e-03 7.5091813e-03 0.0000000e+00 
3.5785774e-03 7.5455951e-03 0.0000000e+00 
5.8509530e-03 6.7322496e-03 0.0000000e+00 
4.4605061e-03 7.1283802e-03 0.0000000e+00 
3.0523522e-03 7.4543483e-03 0.0000000e+00 
3.9132843e-03 7.6333433e-03 0.0000000e+00 
5.5391081e-03 6.8262490e-03 0.0000000e+00 
3.5788303e-03 7.5776810e-03 0.0000000e+00 
4.8502591e-02 5.5896670e-02 0.0000000e+00 
4.2413962e-03 7.4904622e-03 0.0000000e+00 
3.9886413e-03 7.7334428e-03 0.0000000e+00 
6.0504549e-03 6.6335713e-03 0.0000000e+00 
6.1525591e-03 6.8028341e-03 0.0000000e+00 
3.2744023e-03 7.6184398e-03 0.0000000e+00 
2.7893460e-03 7.7191629e-03 0.0000000e+00 
5.8569596e-03 6.9319014e-03 0.0000000e+00 
5.0443662e-03 7.1453406e-03 0.0000000e+00 
3.5384721e-03 7.6609273e-03 0.0000000e+00 
6.3177953e-03 6.7088143e-03 0.0000000e+00 
5.2815834e-03 7.0819776e-03 0.0000000e+00 
4.7019254e-03 7.3730247e-03 0.0000000e+00 
4.3200762e-03 7.5692851e-03 0.0000000e+00 
3.8648073e-03 7.8771180e-03 0.0000000e+00 
3.9644036e-03 7.7801258e-03 0.0000000e+00 
3.0074008e-03 7.7928789e-03 0.0000000e+00 
3.8522757e-03 7.8123212e-03 0.0000000e+00 
4.4549140e-03 7.6852851e-03 0.0000000e+00 
5.6905942e-03 7.0021087e-03 0.0000000e+00 
4.0543606e-03 7.8022145e-03 0.0000000e+00 
6.3359188e-03 6.7973156e-03 0.0000000e+00 
3.7850640e-03 7.8809932e-03 0.0000000e+00 
3.5003149e-03 7.8419857e-03 0.0000000e+00 
4.1187298e-03 7.8887632e-03 0.0000000e+00 
-4.5305845e-01 -9.6101768e-02 0.0000000e+00 
6.3063796e-03 6.9663096e-03 0.0000000e+00 
3.1988416e-03 8.0090640e-03 0.0000000e+00 
4.4601914e-03 7.7243084e-03 0.0000000e+00 
6.4429836e-03 7.0585036e-03 0.0000000e+00 
6.0860738e-03 7.0415200e-03 0.0000000e+00 
3.7860123e-03 7.8572184e-03 0.0000000e+00 
4.3185884e-03 7.8374092e-03 0.0000000e+00 
5.0945124e-03 7.4263965e-03 0.0000000e+00 
5.4312134e-03 7.2325366e-03 0.0000000e+00 
4.9099801e-03 7.5088083e-03 0.0000000e+00 
6.5745148e-03 7.0636296e-03 0.0000000e+00 
6.2712999e-03 6.9777546e-03 0.0000000e+00 
5.8360719e-03 7.1638930e-03 0.0000000e+00 
3.4453624e-03 8.0599822e-03 0.0000000e+00 
4.3725627e-03 8.0355965e-03 0.0000000e+00 
3.7272340e-03 8.1291161e-03 0.0000000e+00 
4.7779432e-03 7.6364996e-03 0.0000000e+00 
5.5062797e-02 5.3648882e-02 0.0000000e+00 
4.1515362e-03 8.1047490e-03 0.0000000e+00 
4.1223182e-03 8.0502853e-03 0.0000000e+00 
6.5433481e-03 7.0515871e-03 0.0000000e+00 
6.8376865e-03 6.9300020e-03 0.0000000e+00 
4.2377720e-03 8.1664938e-03 0.0000000e+00 
4.0749256e-03 8.1329383e-03 0.0000000e+00 
6.3094273e-03 7.0717968e-03 0.0000000e+00 
4.3323734e-03 8.1212148e-03 0.0000000e+00 
3.1865016e-03 8.2372623e-03 0.0000000e+00 
4.0157568e-03 8.1843529e-03 0.0000000e+00 
4.6048304e-03 7.9608606e-03 0.0000000e+00 
6.5974980e-03 7.1454542e-03 0.0000000e+00 
7.0221336e-03 7.0338068e-03 0.0000000e+00 
3.7341535e-03 8.1919050e-03 0.0000000e+00 
5.3045074e-03 7.5092623e-03 0.0000000e+00 
5.6193182e-03 7.3660933e-03 0.0000000e+00 
4.4732261e-03 8.1978804e-03 0.0000000e+00 
5.0156624e-03 7.7437693e-03 0.0000000e+00 
5.9366245e-03 7.3229624e-03 0.0000000e+00 
3.9769919e-03 8.3373357e-03 0.0000000e+00 
3.5039554e-03 8.2363132e-03 0.0000000e+00 
6.9114366e-03 7.0381872e-03 0.0000000e+00 
7.0340666e-03 7.1921530e-03 0.0000000e+00 
4.6338122e-03 8.1780441e-03 0.0000000e+00 
4.8594149e-03 8.0233710e-03 0.0000000e+00 
7.1715391e-03 7.0990650e-03 0.0000000e+00 
6.4802957e-03 7.1648625e-03 0.0000000e+00 
7.2829970e-03 7.1677594e-03 0.0000000e+00 
4.3291687e-03 8.5348533e-03 0.0000000e+00 
3.9774235e-03 8.3856555e-03 0.0000000e+00 
4.2884513e-03 8.4547112e-03 0.0000000e+00 
3.6692680e-03 8.4872162e-03 0.0000000e+00 
4.4284286e-03 8.4721595e-03 0.0000000e+00 
4.2729052e-03 8.5116904e-03 0.0000000e+00 
4.5281760e-03 8.4685506e-03 0.0000000e+00 
4.8100990e-03 8.2419124e-03 0.0000000e+00 
5.6594517e-03 7.6374440e-03 0.0000000e+00 
5.3227586e-03 7.8280531e-03 0.0000000e+00 
7.3826322e-03 7.1568978e-03 0.0000000e+00 
4.2591635e-03 8.5277725e-03 0.0000000e+00 
6.1480943e-03 7.4417628e-03 0.0000000e+00 
6.9592292e-03 7.2745769e-03 0.0000000e+00 
5.1329173e-03 8.0246553e-03 0.0000000e+00 
4.6498259e-03 8.4712217e-03 0.0000000e+00 
7.4343192e-03 7.2815274e-03 0.0000000e+00 
6.2332459e-02 5.0685413e-02 0.0000000e+00 
3.9377110e-03 8.6565651e-03 0.0000000e+00 
7.6525789e-03 7.2224461e-03 0.0000000e+00 
6.5779830e-03 7.4076215e-03 0.0000000e+00 
4.2192410e-03 8.6330697e-03 0.0000000e+00 
4.9909977e-03 8.2085570e-03 0.0000000e+00 
4.7268067e-03 8.5477894e-03 0.0000000e+00 
3.6753244e-03 8.7883724e-03 0.0000000e+00 
4.6045771e-03 8.7124696e-03 0.0000000e+00 
7.7044773e-03 7.1687191e-03 0.0000000e+00 
7.9612331e-03 7.2160107e-03 0.0000000e+00 
4.6660407e-03 8.6961715e-03 0.0000000e+00 
4.5101475e-03 8.8587645e-03 0.0000000e+00 
5.7940055e-03 7.7668503e-03 0.0000000e+00 
7.2298413e-03 7.2465781e-03 0.0000000e+00 
5.4809633e-03 8.0155190e-03 0.0000000e+00 
4.9326569e-03 8.5078115e-03 0.0000000e+00 
4.1593667e-03 8.8986130e-03 0.0000000e+00 
6.2570604e-03 7.6002767e-03 0.0000000e+00 
4.6988693e-03 8.8459961e-03 0.0000000e+00 
-5.1337194e-01 -8.8907041e-02 0.0000000e+00 
4.4714506e-03 8.8264346e-03 0.0000000e+00 
8.0015231e-03 7.3070638e-03 0.0000000e+00 
3.8752425e-03 8.8961003e-03 0.0000000e+00 
5.2760132e-03 8.2487073e-03 0.0000000e+00 
4.7785654e-03 8.8904966e-03 0.0000000e+00 
6.8541374e-03 7.3554018e-03 0.0000000e+00 
4.4109621e-03 9.0119112e-03 0.0000000e+00 
5.0523509e-03 8.6415168e-03 0.0000000e+00 
8.1900889e-03 7.4724979e-03 0.0000000e+00 
4.9232105e-03 8.8023767e-03 0.0000000e+00 
7.7622444e-03 7.4016089e-03 0.0000000e+00 
4.1474313e-03 9.1086356e-03 0.0000000e+00 
7.9477960e-03 7.5425697e-03 0.0000000e+00 
4.4234372e-03 9.0568680e-03 0.0000000e+00 
7.3700016e-03 7.4436795e-03 0.0000000e+00 
8.3061345e-03 7.3104617e-03 0.0000000e+00 
5.9479093e-03 7.9411240e-03 0.0000000e+00 
6.4122919e-03 7.6650018e-03 0.0000000e+00 
5.6375554e-03 8.1826905e-03 0.0000000e+00 
4.8402357e-03 9.0778694e-03 0.0000000e+00 
4.8065963e-03 9.2264200e-03 0.0000000e+00 
7.0337161e-02 4.6936747e-02 0.0000000e+00 
5.0391825e-03 8.8120494e-03 0.0000000e+00 
4.7725942e-03 9.0905661e-03 0.0000000e+00 
4.9365684e-03 9.0688886e-03 0.0000000e+00 
5.3711450e-03 8.5211797e-03 0.0000000e+00 
6.8279300e-03 7.6438766e-03 0.0000000e+00 
8.5800597e-03 7.4672978e-03 0.0000000e+00 
4.7091115e-03 9.2172194e-03 0.0000000e+00 
8.4754387e-03 7.5413398e-03 0.0000000e+00 
4.4257483e-03 9.1664437e-03 0.0000000e+00 
5.0239046e-03 9.1081755e-03 0.0000000e+00 
8.0864895e-03 7.3008388e-03 0.0000000e+00 
4.1105882e-03 9.3821660e-03 0.0000000e+00 
8.4893815e-03 7.4304622e-03 0.0000000e+00 
5.3394232e-03 8.6907214e-03 0.0000000e+00 
4.6965899e-03 9.2661027e-03 0.0000000e+00 
7.6282965e-03 7.2863214e-03 0.0000000e+00 
5.0971620e-03 9.1841081e-03 0.0000000e+00 
5.9791226e-03 8.1784315e-03 0.0000000e+00 
6.4065009e-03 7.8937840e-03 0.0000000e+00 
9.0077855e-03 7.5227027e-03 0.0000000e+00 
8.7275691e-03 7.7502574e-03 0.0000000e+00 
5.6795548e-03 8.4687313e-03 0.0000000e+00 
4.4104047e-03 9.4369771e-03 0.0000000e+00 
4.6466431e-03 9.4723618e-03 0.0000000e+00 
6.9590327e-03 7.6968279e-03 0.0000000e+00 
5.2391011e-03 9.1548450e-03 0.0000000e+00 
4.9597044e-03 9.5819253e-03 0.0000000e+00 
5.0448589e-03 9.4932737e-03 0.0000000e+00 
5.5866260e-03 8.7093711e-03 0.0000000e+00 
8.2659144e-03 7.3989374e-03 0.0000000e+00 
8.8144252e-03 7.4538756e-03 0.0000000e+00 
4.9663163e-03 9.5660407e-03 0.0000000e+00 
5.1237820e-03 9.5181232e-03 0.0000000e+00 
7.4782232e-03 7.7237547e-03 0.0000000e+00 
5.1835747e-03 9.5340572e-03 0.0000000e+00 
4.9558398e-03 9.6337069e-03 0.0000000e+00 
9.3395347e-03 7.6542809e-03 0.0000000e+00 
9.2420094e-03 7.5768735e-03 0.0000000e+00 
5.3950404e-03 9.1671003e-03 0.0000000e+00 
4.5997268e-03 9.7370064e-03 0.0000000e+00 
6.1248979e-03 8.3855661e-03 0.0000000e+00 
6.4616930e-03 8.1569105e-03 0.0000000e+00 
5.3119748e-03 9.4254296e-03 0.0000000e+00 
4.9148221e-03 9.7422376e-03 0.0000000e+00 
7.9200543e-02 4.2231128e-02 0.0000000e+00 
5.7532322e-03 8.7642390e-03 0.0000000e+00 
7.0552281e-03 7.7749090e-03 0.0000000e+00 
8.3731599e-03 7.4200053e-03 0.0000000e+00 
9.0875262e-03 7.3768562e-03 0.0000000e+00 
5.4247295e-03 9.4599361e-03 0.0000000e+00 
9.7865630e-03 7.6409401e-03 0.0000000e+00 
5.5876002e-03 9.1501717e-03 0.0000000e+00 
4.8899222e-03 9.9032912e-03 0.0000000e+00 
7.8235036e-03 7.4214204e-03 0.0000000e+00 
9.6674506e-03 7.4674278e-03 0.0000000e+00 
5.2957525e-03 9.8078987e-03 0.0000000e+00 
4.5931824e-03 1.0018202e-02 0.0000000e+00 
5.2594719e-03 9.7981412e-03 0.0000000e+00 
5.3413399e-03 9.7754449e-03 0.0000000e+00 
-5.7845628e-01 -7.8353323e-02 0.0000000e+00 
5.2144923e-03 9.9296765e-03 0.0000000e+00 
5.4206070e-03 9.8066637e-03 0.0000000e+00 
5.6152055e-03 9.4117494e-03 0.0000000e+00 
6.5335091e-03 8.3245570e-03 0.0000000e+00 
6.1770799e-03 8.6012362e-03 0.0000000e+00 
5.1761810e-03 9.9998564e-03 0.0000000e+00 
9.2909094e-03 7.3835556e-03 0.0000000e+00 
7.0191268e-03 8.0254134e-03 0.0000000e+00 
8.4293885e-03 7.5397231e-03 0.0000000e+00 
1.0138143e-02 7.7878428e-03 0.0000000e+00 
5.4763472e-03 9.7735282e-03 0.0000000e+00 
5.8979946e-03 8.9704935e-03 0.0000000e+00 
4.8751393e-03 1.0126518e-02 0.0000000e+00 
9.9399053e-03 7.5508957e-03 0.0000000e+00 
9.9527156e-03 8.0864476e-03 0.0000000e+00 
5.1960982e-03 1.0094209e-02 0.0000000e+00 
7.6625133e-03 7.8438064e-03 0.0000000e+00 
5.7633501e-03 9.3176197e-03 0.0000000e+00 
5.5506192e-03 9.7913183e-03 0.0000000e+00 
5.5296985e-03 1.0186459e-02 0.0000000e+00 
5.4269992e-03 1.0301632e-02 0.0000000e+00 
1.0346911e-02 7.8599006e-03 0.0000000e+00 
5.5146962e-03 1.0260534e-02 0.0000000e+00 
9.4511649e-03 7.3652496e-03 0.0000000e+00 
5.1447907e-03 1.0338344e-02 0.0000000e+00 
6.5793684e-03 8.4833968e-03 0.0000000e+00 
1.0638883e-02 7.9655880e-03 0.0000000e+00 
8.6660031e-03 7.3481021e-03 0.0000000e+00 
5.4261903e-03 1.0306586e-02 0.0000000e+00 
6.1786920e-03 8.9281397e-03 0.0000000e+00 
8.8884138e-02 3.6657814e-02 0.0000000e+00 
5.6893309e-03 9.7634997e-03 0.0000000e+00 
5.6024725e-03 1.0187017e-02 0.0000000e+00 
7.1836873e-03 8.0625229e-03 0.0000000e+00 
1.0233169e-02 7.4000750e-03 0.0000000e+00 
5.9608137e-03 9.3159182e-03 0.0000000e+00 
5.3892517e-03 1.0440300e-02 0.0000000e+00 
5.6116995e-03 1.0255882e-02 0.0000000e+00 
7.7497442e-03 7.8345733e-03 0.0000000e+00 
1.1008252e-02 7.6327454e-03 0.0000000e+00 
5.1268055e-03 1.0565617e-02 0.0000000e+00 
5.8376556e-03 9.7068362e-03 0.0000000e+00 
1.0765383e-02 8.1405621e-03 0.0000000e+00 
5.7332683e-03 1.0196693e-02 0.0000000e+00 
5.3812363e-03 1.0612013e-02 0.0000000e+00 
9.4346609e-03 7.4625658e-03 0.0000000e+00 
1.0394758e-02 7.4564898e-03 0.0000000e+00 
8.5320212e-03 7.6690475e-03 0.0000000e+00 
6.5549086e-03 8.7525323e-03 0.0000000e+00 
5.7183704e-03 1.0643817e-02 0.0000000e+00 
6.2687290e-03 9.1842348e-03 0.0000000e+00 
7.0654601e-03 8.3676903e-03 0.0000000e+00 
5.7457015e-03 1.0582177e-02 0.0000000e+00 
5.6867558e-03 1.0680141e-02 0.0000000e+00 
5.8455169e-03 1.0104741e-02 0.0000000e+00 
5.8638630e-03 1.0497804e-02 0.0000000e+00 
5.3441180e-03 1.0798160e-02 0.0000000e+00 
5.6993947e-03 1.0687582e-02 0.0000000e+00 
1.1194742e-02 7.6672845e-03 0.0000000e+00 
6.0826042e-03 9.5427427e-03 0.0000000e+00 
1.1555540e-02 7.9981945e-03 0.0000000e+00 
7.7822143e-03 7.8636035e-03 0.0000000e+00 
5.8336696e-03 1.0558910e-02 0.0000000e+00 
9.6640773e-03 7.2742999e-03 0.0000000e+00 
5.6465613e-03 1.0865395e-02 0.0000000e+00 
1.0625471e-02 7.2839689e-03 0.0000000e+00 
6.0071368e-03 1.0032378e-02 0.0000000e+00 
8.6301956e-03 7.5335898e-03 0.0000000e+00 
5.9326785e-03 1.0495972e-02 0.0000000e+00 
6.6793775e-03 8.9020468e-03 0.0000000e+00 
9.9527307e-02 3.0018790e-02 0.0000000e+00 
1.1902540e-02 7.9840049e-03 0.0000000e+00 
7.0613674e-03 8.5278396e-03 0.0000000e+00 
1.1583803e-02 7.5214482e-03 0.0000000e+00 
5.6462204e-03 1.0974921e-02 0.0000000e+00 
6.3625635e-03 9.3784155e-03 0.0000000e+00 
6.0073929e-03 1.0913358e-02 0.0000000e+00 
7.6926537e-03 8.1016012e-03 0.0000000e+00 
5.9848232e-03 1.0491743e-02 0.0000000e+00 
5.9934119e-03 1.0922602e-02 0.0000000e+00 
-6.4796913e-01 -6.3731499e-02 0.0000000e+00 
5.9543801e-03 1.1011527e-02 0.0000000e+00 
6.1846380e-03 9.9448189e-03 0.0000000e+00 
5.9808125e-03 1.0987354e-02 0.0000000e+00 
9.5921885e-03 7.2989045e-03 0.0000000e+00 
1.0639686e-02 7.3199314e-03 0.0000000e+00 
5.8966000e-03 1.1143250e-02 0.0000000e+00 
6.0323169e-03 1.0902051e-02 0.0000000e+00 
5.6056478e-03 1.1301471e-02 0.0000000e+00 
8.5393451e-03 7.7280193e-03 0.0000000e+00 
1.2235465e-02 8.0793072e-03 0.0000000e+00 
1.1750839e-02 7.5153932e-03 0.0000000e+00 
6.0696350e-03 1.0459503e-02 0.0000000e+00 
5.9393272e-03 1.1182931e-02 0.0000000e+00 
6.1290688e-03 1.0907595e-02 0.0000000e+00 
1.2218066e-02 8.7073632e-03 0.0000000e+00 
6.6272253e-03 9.2709428e-03 0.0000000e+00 
7.0815468e-03 8.7220650e-03 0.0000000e+00 
6.3151205e-03 9.8438999e-03 0.0000000e+00 
7.6467078e-03 8.2373302e-03 0.0000000e+00 
1.0789369e-02 7.1137659e-03 0.0000000e+00 
9.5602544e-03 7.3580537e-03 0.0000000e+00 
5.8984268e-03 1.1480821e-02 0.0000000e+00 
6.2112138e-03 1.0806972e-02 0.0000000e+00 
1.2810935e-02 7.7426764e-03 0.0000000e+00 
6.2255729e-03 1.0283949e-02 0.0000000e+00 
6.2066917e-03 1.1375796e-02 0.0000000e+00 
6.1259679e-03 1.1522820e-02 0.0000000e+00 
1.2158578e-02 7.1050576e-03 0.0000000e+00 
6.2420224e-03 1.1353297e-02 0.0000000e+00 
8.4682871e-03 7.7089611e-03 0.0000000e+00 
6.1647175e-03 1.1473716e-02 0.0000000e+00 
1.3324991e-02 8.1905769e-03 0.0000000e+00 
6.2875040e-03 1.1259015e-02 0.0000000e+00 
6.1314707e-03 1.1640845e-02 0.0000000e+00 
6.3751685e-03 1.0582449e-02 0.0000000e+00 
7.0329318e-03 8.9206509e-03 0.0000000e+00 
6.5965224e-03 9.5850965e-03 0.0000000e+00 
1.1121093e-01 2.2206482e-02 0.0000000e+00 
1.0880305e-02 6.9414182e-03 0.0000000e+00 
6.3195457e-03 1.1210229e-02 0.0000000e+00 
1.3153139e-02 7.7048233e-03 0.0000000e+00 
9.5016826e-03 7.2720051e-03 0.0000000e+00 
7.5640776e-03 8.4639704e-03 0.0000000e+00 
6.4829444e-03 9.9875312e-03 0.0000000e+00 
6.1139935e-03 1.1780020e-02 0.0000000e+00 
1.3423055e-02 8.3822999e-03 0.0000000e+00 
1.2195526e-02 7.0271590e-03 0.0000000e+00 
8.3395429e-03 7.9369210e-03 0.0000000e+00 
6.2764143e-03 1.1244511e-02 0.0000000e+00 
6.4496724e-03 1.0515042e-02 0.0000000e+00 
6.4699561e-03 1.1710998e-02 0.0000000e+00 
6.4482763e-03 1.1728363e-02 0.0000000e+00 
6.1518615e-03 1.1940361e-02 0.0000000e+00 
6.4631016e-03 1.1703796e-02 0.0000000e+00 
1.3560990e-02 7.3431786e-03 0.0000000e+00 
6.4328900e-03 1.1827010e-02 0.0000000e+00 
1.0748459e-02 6.9476860e-03 0.0000000e+00 
1.3909597e-02 8.4525533e-03 0.0000000e+00 
6.4222077e-03 1.1780007e-02 0.0000000e+00 
6.8915170e-03 9.3390048e-03 0.0000000e+00 
6.3166018e-03 1.1283892e-02 0.0000000e+00 
9.2673022e-03 7.4174125e-03 0.0000000e+00 
6.7122970e-03 9.7587332e-03 0.0000000e+00 
1.2265751e-02 6.8666060e-03 0.0000000e+00 
6.4466991e-03 1.1932036e-02 0.0000000e+00 
7.4916799e-03 8.6091561e-03 0.0000000e+00 
6.4572832e-03 1.0544428e-02 0.0000000e+00 
6.4723538e-03 1.1751981e-02 0.0000000e+00 
8.2499683e-03 7.9102926e-03 0.0000000e+00 
6.4285509e-03 1.2155783e-02 0.0000000e+00 
1.3793832e-02 7.0741558e-03 0.0000000e+00 
1.4755195e-02 7.8112674e-03 0.0000000e+00 
6.3347681e-03 1.1196440e-02 0.0000000e+00 
6.4884392e-03 1.1639899e-02 0.0000000e+00 
1.0594603e-02 6.8829516e-03 0.0000000e+00 
6.6381991e-03 1.2265513e-02 0.0000000e+00 
1.2349592e-02 6.5618819e-03 0.0000000e+00 
9.2401365e-03 7.3565161e-03 0.0000000e+00 
6.6955118e-03 1.2231356e-02 0.0000000e+00 
6.6839657e-03 1.2149543e-02 0.0000000e+00 
-7.2141337e-01 -4.3749873e-02 0.0000000e+00 
6.9898502e-03 9.4799101e-03 0.0000000e+00 
1.2395234e-01 1.3268885e-02 0.0000000e+00 
6.6061085e-03 1.0276476e-02 0.0000000e+00 
7.3697148e-03 8.8888109e-03 0.0000000e+00 
6.6395011e-03 1.2400676e-02 0.0000000e+00 
6.6019096e-03 1.1506072e-02 0.0000000e+00 
6.7081130e-03 1.2070423e-02 0.0000000e+00 
1.4910332e-02 8.0523062e-03 0.0000000e+00 
1.3984814e-02 6.8187155e-03 0.0000000e+00 
6.5595685e-03 1.0800195e-02 0.0000000e+00 
8.0410102e-03 8.2353037e-03 0.0000000e+00 
6.6593490e-03 1.2504316e-02 0.0000000e+00 
6.6891019e-03 1.2088429e-02 0.0000000e+00 
1.0431848e-02 6.8181073e-03 0.0000000e+00 
1.5392072e-02 8.9514777e-03 0.0000000e+00 
1.2113594e-02 6.4430023e-03 0.0000000e+00 
6.6467253e-03 1.1214548e-02 0.0000000e+00 
6.7096939e-03 1.2066801e-02 0.0000000e+00 
6.6544404e-03 1.2684999e-02 0.0000000e+00 
8.9214537e-03 7.5518116e-03 0.0000000e+00 
1.5629699e-02 7.3208241e-03 0.0000000e+00 
6.8554683e-03 9.8621743e-03 0.0000000e+00 
1.4013857e-02 6.4730244e-03 0.0000000e+00 
7.3595420e-03 9.0273172e-03 0.0000000e+00 
6.9267405e-03 1.2529324e-02 0.0000000e+00 
6.7084283e-03 1.0542082e-02 0.0000000e+00 
6.9224099e-03 1.2522441e-02 0.0000000e+00 
6.9501875e-03 1.2635256e-02 0.0000000e+00 
6.7376168e-03 1.1926432e-02 0.0000000e+00 
1.6258631e-02 8.6512994e-03 0.0000000e+00 
6.9008097e-03 1.2534069e-02 0.0000000e+00 
7.8620389e-03 8.3683338e-03 0.0000000e+00 
6.9287838e-03 1.2731502e-02 0.0000000e+00 
6.6704908e-03 1.1144210e-02 0.0000000e+00 
1.0234501e-02 6.6933809e-03 0.0000000e+00 
1.1949109e-02 6.2804511e-03 0.0000000e+00 
6.9253272e-03 1.2519971e-02 0.0000000e+00 
6.9219153e-03 1.2860594e-02 0.0000000e+00 
1.5969012e-02 6.9627436e-03 0.0000000e+00 
8.7885261e-03 7.5648287e-03 0.0000000e+00 
6.6726403e-03 1.1939900e-02 0.0000000e+00 
1.4170172e-02 5.9499149e-03 0.0000000e+00 
6.8891831e-03 1.2390832e-02 0.0000000e+00 
1.6859248e-02 8.4140114e-03 0.0000000e+00 
6.8514678e-03 1.0184025e-02 0.0000000e+00 
7.0640696e-03 9.4958907e-03 0.0000000e+00 
1.3791837e-01 2.9598479e-03 0.0000000e+00 
6.6867210e-03 1.0951271e-02 0.0000000e+00 
7.6478161e-03 8.6636031e-03 0.0000000e+00 
7.1430425e-03 1.3098685e-02 0.0000000e+00 
1.1716856e-02 6.1138524e-03 0.0000000e+00 
7.1371598e-03 1.3072359e-02 0.0000000e+00 
9.8344954e-03 6.8996735e-03 0.0000000e+00 
6.8421382e-03 1.2385475e-02 0.0000000e+00 
7.1487390e-03 1.3184304e-02 0.0000000e+00 
1.6146403e-02 6.5379180e-03 0.0000000e+00 
6.7027844e-03 1.1654527e-02 0.0000000e+00 
7.1299858e-03 1.3041536e-02 0.0000000e+00 
1.7375967e-02 8.2420725e-03 0.0000000e+00 
1.3952902e-02 5.7133613e-03 0.0000000e+00 
7.1695033e-03 1.3208201e-02 0.0000000e+00 
8.5464735e-03 7.6302621e-03 0.0000000e+00 
7.1280263e-03 1.2868190e-02 0.0000000e+00 
6.8451655e-03 1.2206092e-02 0.0000000e+00 
7.1705747e-03 1.3434087e-02 0.0000000e+00 
7.0424043e-03 1.2939707e-02 0.0000000e+00 
7.0386147e-03 9.7458502e-03 0.0000000e+00 
6.7779059e-03 1.0579750e-02 0.0000000e+00 
1.6532345e-02 5.6688632e-03 0.0000000e+00 
1.1332253e-02 5.9972573e-03 0.0000000e+00 
6.7832475e-03 1.1255561e-02 0.0000000e+00 
7.5222095e-03 8.7880082e-03 0.0000000e+00 
9.4953254e-03 6.8991608e-03 0.0000000e+00 
1.8293858e-02 7.4212626e-03 0.0000000e+00 
1.3553420e-02 5.4810024e-03 0.0000000e+00 
7.0364862e-03 1.2842485e-02 0.0000000e+00 
6.7776516e-03 1.2092629e-02 0.0000000e+00 
7.4493019e-03 1.3363789e-02 0.0000000e+00 
7.4132746e-03 1.3415603e-02 0.0000000e+00 
8.1017353e-03 8.0645941e-03 0.0000000e+00 
7.4461782e-03 1.3476456e-02 0.0000000e+00 
7.4339770e-03 1.3282469e-02 0.0000000e+00 
-7.9777634e-01 -1.6547129e-02 0.0000000e+00 
7.2951610e-03 1.3458124e-02 0.0000000e+00 
7.4405922e-03 1.3701897e-02 0.0000000e+00 
1.6302619e-02 5.3494945e-03 0.0000000e+00 
1.8681481e-02 6.9066714e-03 0.0000000e+00 
6.9702836e-03 1.2708088e-02 0.0000000e+00 
1.1018584e-02 5.8782799e-03 0.0000000e+00 
6.9457083e-03 1.0139365e-02 0.0000000e+00 
6.7670820e-03 1.0973608e-02 0.0000000e+00 
9.2070308e-03 6.9223749e-03 0.0000000e+00 
1.3317307e-02 5.1404671e-03 0.0000000e+00 
7.2863298e-03 1.3326404e-02 0.0000000e+00 
7.2900755e-03 9.1774594e-03 0.0000000e+00 
1.5308805e-01 -8.6586289e-03 0.0000000e+00 
6.7404774e-03 1.1848954e-02 0.0000000e+00 
1.9677620e-02 9.0688933e-03 0.0000000e+00 
7.9110377e-03 8.1169624e-03 0.0000000e+00 
7.2577149e-03 1.3249875e-02 0.0000000e+00 
6.9072414e-03 1.2451168e-02 0.0000000e+00 
1.6113494e-02 4.7263629e-03 0.0000000e+00 
1.9078663e-02 6.1115948e-03 0.0000000e+00 
7.6278946e-03 1.3932038e-02 0.0000000e+00 
7.6108249e-03 1.4041255e-02 0.0000000e+00 
7.5768777e-03 1.3936454e-02 0.0000000e+00 
1.0451805e-02 5.9727621e-03 0.0000000e+00 
7.6822820e-03 1.4026390e-02 0.0000000e+00 
1.2756115e-02 4.9318010e-03 0.0000000e+00 
2.0349625e-02 8.8278232e-03 0.0000000e+00 
8.7515665e-03 7.1408646e-03 0.0000000e+00 
7.6047918e-03 1.3774292e-02 0.0000000e+00 
6.8669613e-03 1.0406922e-02 0.0000000e+00 
7.1624704e-03 1.3121974e-02 0.0000000e+00 
6.6812332e-03 1.1509030e-02 0.0000000e+00 
7.6851975e-03 1.4188791e-02 0.0000000e+00 
7.0928363e-03 9.5706675e-03 0.0000000e+00 
7.5305770e-03 1.3739103e-02 0.0000000e+00 
6.9078510e-03 1.2174660e-02 0.0000000e+00 
1.9480521e-02 4.9333666e-03 0.0000000e+00 
1.5635254e-02 4.2359643e-03 0.0000000e+00 
7.5794468e-03 8.4984833e-03 0.0000000e+00 
2.1352397e-02 8.1615821e-03 0.0000000e+00 
7.0830463e-03 1.2972564e-02 0.0000000e+00 
1.0083535e-02 5.8952039e-03 0.0000000e+00 
7.4324897e-03 1.3733651e-02 0.0000000e+00 
1.2395298e-02 4.6421946e-03 0.0000000e+00 
8.3383471e-03 7.3162052e-03 0.0000000e+00 
7.9802321e-03 1.4157861e-02 0.0000000e+00 
7.9382500e-03 1.4276814e-02 0.0000000e+00 
7.8796595e-03 1.4197708e-02 0.0000000e+00 
6.7192758e-03 1.1039975e-02 0.0000000e+00 
1.9354407e-02 4.0803738e-03 0.0000000e+00 
7.9300180e-03 1.4459956e-02 0.0000000e+00 
6.8863188e-03 9.9074934e-03 0.0000000e+00 
6.7994702e-03 1.1822907e-02 0.0000000e+00 
1.5269796e-02 3.7214158e-03 0.0000000e+00 
7.7877329e-03 1.4241167e-02 0.0000000e+00 
7.2989641e-03 1.3682570e-02 0.0000000e+00 
2.2503626e-02 6.8453648e-03 0.0000000e+00 
7.2896192e-03 8.7351352e-03 0.0000000e+00 
6.9310199e-03 1.2762463e-02 0.0000000e+00 
1.6962533e-01 -2.1762822e-02 0.0000000e+00 
7.6806620e-03 1.4345514e-02 0.0000000e+00 
9.3809450e-03 6.1214915e-03 0.0000000e+00 
1.1483833e-02 4.8471317e-03 0.0000000e+00 
7.1863006e-03 1.3469557e-02 0.0000000e+00 
1.9021582e-02 3.1921554e-03 0.0000000e+00 
8.0012633e-03 7.4771391e-03 0.0000000e+00 
7.6600467e-03 1.4152704e-02 0.0000000e+00 
1.4448429e-02 3.5418342e-03 0.0000000e+00 
2.3251964e-02 5.3523802e-03 0.0000000e+00 
6.7357575e-03 1.1293927e-02 0.0000000e+00 
6.6890987e-03 1.0333549e-02 0.0000000e+00 
8.0888290e-03 1.4898578e-02 0.0000000e+00 
8.0252448e-03 1.4831575e-02 0.0000000e+00 
8.1525343e-03 1.4897401e-02 0.0000000e+00 
6.7546675e-03 1.2450697e-02 0.0000000e+00 
7.5408341e-03 1.4052803e-02 0.0000000e+00 
6.9968728e-03 9.1331750e-03 0.0000000e+00 
8.0184378e-03 1.4752114e-02 0.0000000e+00 
8.1626885e-03 1.4983976e-02 0.0000000e+00 
1.1085126e-02 4.4833003e-03 0.0000000e+00 
8.9021455e-03 6.1908104e-03 0.0000000e+00 
7.0262165e-03 1.3211539e-02 0.0000000e+00 
-8.7482274e-01 2.1565389e-02 0.0000000e+00 
1.8347692e-02 2.5680086e-03 0.0000000e+00 
8.0014700e-03 1.4660540e-02 0.0000000e+00 
2.3672730e-02 3.7134720e-03 0.0000000e+00 
1.3786335e-02 3.1586105e-03 0.0000000e+00 
7.5408933e-03 7.8199599e-03 0.0000000e+00 
7.3352396e-03 1.4042680e-02 0.0000000e+00 
7.8688273e-03 1.4689152e-02 0.0000000e+00 
6.5615652e-03 1.1955692e-02 0.0000000e+00 
6.5988004e-03 1.0651829e-02 0.0000000e+00 
2.5675168e-02 9.3861651e-03 0.0000000e+00 
6.8575325e-03 1.2825996e-02 0.0000000e+00 
1.7613478e-02 1.8076515e-03 0.0000000e+00 
1.0071596e-02 4.8836293e-03 0.0000000e+00 
6.6613927e-03 9.5952507e-03 0.0000000e+00 
8.4286761e-03 1.5175259e-02 0.0000000e+00 
8.4753549e-03 6.2895147e-03 0.0000000e+00 
8.4202113e-03 1.4994741e-02 0.0000000e+00 
2.3533579e-02 2.2029565e-03 0.0000000e+00 
8.4623750e-03 1.5270324e-02 0.0000000e+00 
7.6732119e-03 1.4658367e-02 0.0000000e+00 
8.2700262e-03 1.5178425e-02 0.0000000e+00 
1.2838854e-02 3.0421990e-03 0.0000000e+00 
7.1311519e-03 1.3808141e-02 0.0000000e+00 
1.8753117e-01 -3.6299773e-02 0.0000000e+00 
7.0462823e-03 8.2604317e-03 0.0000000e+00 
8.2402015e-03 1.5154487e-02 0.0000000e+00 
2.7423013e-02 7.5664781e-03 0.0000000e+00 
7.5467387e-03 1.4472872e-02 0.0000000e+00 
1.6573895e-02 1.4326372e-03 0.0000000e+00 
2.2850003e-02 8.5102691e-04 0.0000000e+00 
8.0457693e-03 1.5282156e-02 0.0000000e+00 
6.3515198e-03 1.1381020e-02 0.0000000e+00 
9.6485950e-03 4.5958948e-03 0.0000000e+00 
6.5572970e-03 1.2439398e-02 0.0000000e+00 
7.7452166e-03 6.7104483e-03 0.0000000e+00 
6.4747501e-03 9.9252593e-03 0.0000000e+00 
6.9199577e-03 1.3425555e-02 0.0000000e+00 
1.2001785e-02 2.9114154e-03 0.0000000e+00 
2.9033653e-02 4.7493298e-03 0.0000000e+00 
8.6792931e-03 1.5595832e-02 0.0000000e+00 
7.9614930e-03 1.5067977e-02 0.0000000e+00 
8.5365223e-03 1.5752239e-02 0.0000000e+00 
6.8092421e-03 8.4213652e-03 0.0000000e+00 
8.7193176e-03 1.5678817e-02 0.0000000e+00 
7.2720097e-03 1.4304928e-02 0.0000000e+00 
8.5418243e-03 1.5652293e-02 0.0000000e+00 
1.5557532e-02 9.8147267e-04 0.0000000e+00 
2.1886993e-02 -2.6246556e-04 0.0000000e+00 
8.4546926e-03 1.5622481e-02 0.0000000e+00 
8.7272022e-03 5.0613838e-03 0.0000000e+00 
7.7686077e-03 1.4967632e-02 0.0000000e+00 
3.0162316e-02 1.4544330e-03 0.0000000e+00 
1.1049252e-02 2.9982196e-03 0.0000000e+00 
6.3526183e-03 1.1794247e-02 0.0000000e+00 
7.2065555e-03 7.0127859e-03 0.0000000e+00 
6.5909135e-03 1.2939336e-02 0.0000000e+00 
8.3557088e-03 1.5543824e-02 0.0000000e+00 
6.2428424e-03 1.0441648e-02 0.0000000e+00 
6.9703981e-03 1.4013248e-02 0.0000000e+00 
2.0358875e-02 -7.5118593e-04 0.0000000e+00 
1.4292946e-02 8.7218801e-04 0.0000000e+00 
6.2446753e-03 9.0182535e-03 0.0000000e+00 
8.1425374e-03 1.5712200e-02 0.0000000e+00 
7.4802674e-03 1.4824776e-02 0.0000000e+00 
8.8726040e-03 1.6150935e-02 0.0000000e+00 
8.8374214e-03 1.6175371e-02 0.0000000e+00 
2.9670332e-02 -1.1250563e-03 0.0000000e+00 
8.8501116e-03 1.5990915e-02 0.0000000e+00 
2.0697139e-01 -5.2331362e-02 0.0000000e+00 
8.0025485e-03 5.1724487e-03 0.0000000e+00 
1.0070918e-02 3.0372611e-03 0.0000000e+00 
6.6093332e-03 7.3777661e-03 0.0000000e+00 
8.7146685e-03 1.6108010e-02 0.0000000e+00 
6.2505286e-03 1.2361583e-02 0.0000000e+00 
7.9393266e-03 1.5550344e-02 0.0000000e+00 
6.6005681e-03 1.3540730e-02 0.0000000e+00 
1.9328950e-02 -1.8937504e-03 0.0000000e+00 
5.9517394e-03 1.1119343e-02 0.0000000e+00 
1.3148875e-02 6.3172198e-04 0.0000000e+00 
-9.4984025e-01 7.9923406e-02 0.0000000e+00 
8.6010192e-03 1.6090794e-02 0.0000000e+00 
7.1203657e-03 1.4538164e-02 0.0000000e+00 
2.8302750e-02 -2.9662575e-03 0.0000000e+00 
5.9114834e-03 9.5712049e-03 0.0000000e+00 
7.1893232e-03 5.6431917e-03 0.0000000e+00 
8.4103951e-03 1.6141713e-02 0.0000000e+00 
9.2156176e-03 3.1276729e-03 0.0000000e+00 
7.6046251e-03 1.5444959e-02 0.0000000e+00 
9.1700861e-03 1.6348256e-02 0.0000000e+00 
9.1646528e-03 1.6591815e-02 0.0000000e+00 
6.0644480e-03 7.7981120e-03 0.0000000e+00 
1.7392021e-02 -1.9273474e-03 0.0000000e+00 
3.7186142e-02 5.2673514e-03 0.0000000e+00 
9.0149567e-03 1.6604530e-02 0.0000000e+00 
1.1842395e-02 7.4968231e-04 0.0000000e+00 
6.1751595e-03 1.2950828e-02 0.0000000e+00 
2.6764592e-02 -4.6861884e-03 0.0000000e+00 
8.9839539e-03 1.6558241e-02 0.0000000e+00 
5.8468599e-03 1.1497810e-02 0.0000000e+00 
6.6635432e-03 1.4239589e-02 0.0000000e+00 
8.1939977e-03 1.6068781e-02 0.0000000e+00 
5.6277141e-03 9.9440813e-03 0.0000000e+00 
7.2441231e-03 1.5160209e-02 0.0000000e+00 
8.7863123e-03 1.6702145e-02 0.0000000e+00 
6.6471500e-03 5.7939421e-03 0.0000000e+00 
8.1971828e-03 3.3857753e-03 0.0000000e+00 
4.0861905e-02 -2.3629412e-03 0.0000000e+00 
1.5822858e-02 -2.2450322e-03 0.0000000e+00 
2.4458133e-02 -5.6537469e-03 0.0000000e+00 
7.8553408e-03 1.5980408e-02 0.0000000e+00 
5.7008388e-03 8.1857173e-03 0.0000000e+00 
8.6668571e-03 1.6616995e-02 0.0000000e+00 
1.0621537e-02 7.3341513e-04 0.0000000e+00 
9.3111861e-03 1.7038956e-02 0.0000000e+00 
2.2804181e-01 -7.0079401e-02 0.0000000e+00 
9.2554074e-03 1.7028222e-02 0.0000000e+00 
6.1255982e-03 1.3712619e-02 0.0000000e+00 
5.5390997e-03 1.2365738e-02 0.0000000e+00 
6.7788614e-03 1.4735372e-02 0.0000000e+00 
4.0093396e-02 -7.5105177e-03 0.0000000e+00 
9.1558583e-03 1.7086539e-02 0.0000000e+00 
8.3563672e-03 1.6711798e-02 0.0000000e+00 
5.2442499e-03 1.0695043e-02 0.0000000e+00 
7.1205860e-03 3.8819911e-03 0.0000000e+00 
1.4114824e-02 -2.2622957e-03 0.0000000e+00 
5.9407549e-03 6.2573310e-03 0.0000000e+00 
7.4004643e-03 1.5895845e-02 0.0000000e+00 
2.1887079e-02 -5.9761088e-03 0.0000000e+00 
9.1423448e-03 1.7023133e-02 0.0000000e+00 
9.3755396e-03 1.0407332e-03 0.0000000e+00 
5.1449249e-03 8.8682445e-03 0.0000000e+00 
8.0917077e-03 1.6522722e-02 0.0000000e+00 
3.7435621e-02 -1.0699293e-02 0.0000000e+00 
8.9990199e-03 1.7037554e-02 0.0000000e+00 
6.1878599e-03 1.4238881e-02 0.0000000e+00 
5.5423821e-03 1.2788677e-02 0.0000000e+00 
1.2590365e-02 -2.3587658e-03 0.0000000e+00 
9.5786173e-03 1.7441185e-02 0.0000000e+00 
1.9534923e-02 -6.3469466e-03 0.0000000e+00 
9.6057979e-03 1.7284194e-02 0.0000000e+00 
6.4961603e-03 3.9362973e-03 0.0000000e+00 
6.8734963e-03 1.5541274e-02 0.0000000e+00 
5.1048277e-03 6.9251889e-03 0.0000000e+00 
5.0098756e-03 1.1343610e-02 0.0000000e+00 
8.6797662e-03 1.7189000e-02 0.0000000e+00 
9.5235975e-03 1.7398030e-02 0.0000000e+00 
8.3659692e-03 1.0362116e-03 0.0000000e+00 
7.7120340e-03 1.6279696e-02 0.0000000e+00 
3.3380102e-02 -1.2290559e-02 0.0000000e+00 
4.6280660e-03 9.4966264e-03 0.0000000e+00 
9.3758078e-03 1.7559085e-02 0.0000000e+00 
1.0906186e-02 -2.0797357e-03 0.0000000e+00 
1.7339807e-02 -6.6066612e-03 0.0000000e+00 
8.3325459e-03 1.7208787e-02 0.0000000e+00 
9.1479607e-03 1.7710989e-02 0.0000000e+00 
5.3720362e-03 4.7078561e-03 0.0000000e+00 
5.4451902e-03 1.3693292e-02 0.0000000e+00 
6.2238690e-03 1.5055738e-02 0.0000000e+00 
-9.9996901e-01 1.6104452e-01 0.0000000e+00 
4.5975968e-03 7.3007019e-03 0.0000000e+00 
6.8123047e-03 1.7565016e-03 0.0000000e+00 
2.9422455e-02 -1.3104763e-02 0.0000000e+00 
4.7819340e-03 1.1916387e-02 0.0000000e+00 
7.0626531e-03 1.6125398e-02 0.0000000e+00 
2.5074539e-01 -8.9346819e-02 0.0000000e+00 
9.8115476e-03 1.7809400e-02 0.0000000e+00 
8.9579113e-03 1.7662827e-02 0.0000000e+00 
9.6735833e-03 1.7902097e-02 0.0000000e+00 
4.3502180e-03 9.9924281e-03 0.0000000e+00 
7.7613429e-03 1.7215664e-02 0.0000000e+00 
1.4847206e-02 -6.3225878e-03 0.0000000e+00 
9.2853270e-03 -1.7870986e-03 0.0000000e+00 
9.6327048e-03 1.7963182e-02 0.0000000e+00 
6.4981729e-02 -2.3939395e-02 0.0000000e+00 
2.5123302e-02 -1.2966807e-02 0.0000000e+00 
4.6471832e-03 5.0301217e-03 0.0000000e+00 
8.6203218e-03 1.7747242e-02 0.0000000e+00 
6.0538338e-03 1.8354082e-03 0.0000000e+00 
3.9655119e-03 8.0541223e-03 0.0000000e+00 
5.4241288e-03 1.4301888e-02 0.0000000e+00 
9.4624218e-03 1.8121483e-02 0.0000000e+00 
6.2993756e-03 1.5763139e-02 0.0000000e+00 
4.6807928e-03 1.2653536e-02 0.0000000e+00 
7.1729305e-03 1.6956728e-02 0.0000000e+00 
1.2678981e-02 -6.0681915e-03 0.0000000e+00 
7.9261540e-03 -1.6187660e-03 0.0000000e+00 
5.4811567e-02 -2.8184576e-02 0.0000000e+00 
1.0010173e-02 1.8298099e-02 0.0000000e+00 
3.8264627e-03 1.0980156e-02 0.0000000e+00 
9.2361514e-03 1.8259941e-02 0.0000000e+00 
2.1560557e-02 -1.2976802e-02 0.0000000e+00 
9.9635376e-03 1.8314976e-02 0.0000000e+00 
8.2197264e-03 1.7539501e-02 0.0000000e+00 
3.8924576e-03 5.5344142e-03 0.0000000e+00 
4.7849570e-03 2.5307648e-03 0.0000000e+00 
9.8447530e-03 1.8552091e-02 0.0000000e+00 
3.4539723e-03 8.6013777e-03 0.0000000e+00 
8.9056436e-03 1.8238893e-02 0.0000000e+00 
1.0739290e-02 -5.8657597e-03 0.0000000e+00 
4.4080384e-02 -2.7783351e-02 0.0000000e+00 
5.4204324e-03 1.5205400e-02 0.0000000e+00 
6.4535066e-03 1.6544163e-02 0.0000000e+00 
4.4192006e-03 1.3581482e-02 0.0000000e+00 
6.2312218e-03 -9.1960444e-04 0.0000000e+00 
9.7197192e-03 1.8608049e-02 0.0000000e+00 
1.7908689e-02 -1.2384183e-02 0.0000000e+00 
7.5530550e-03 1.7479770e-02 0.0000000e+00 
3.6240318e-03 1.1567887e-02 0.0000000e+00 
2.7526394e-01 -1.1014342e-01 0.0000000e+00 
9.5492350e-03 1.8648554e-02 0.0000000e+00 
3.0840402e-03 6.2902104e-03 0.0000000e+00 
3.8895188e-03 2.8748983e-03 0.0000000e+00 
8.3499160e-03 1.8444560e-02 0.0000000e+00 
1.0196084e-02 1.8771257e-02 0.0000000e+00 
3.5137270e-02 -2.6263367e-02 0.0000000e+00 
8.5624019e-03 -5.1822318e-03 0.0000000e+00 
2.8723199e-03 9.4979219e-03 0.0000000e+00 
1.0228666e-02 1.8684387e-02 0.0000000e+00 
5.1889792e-03 -6.7723263e-04 0.0000000e+00 
1.4536100e-02 -1.1660780e-02 0.0000000e+00 
5.5252789e-03 1.6014546e-02 0.0000000e+00 
9.1480585e-03 1.8996216e-02 0.0000000e+00 
4.3276818e-03 1.4433473e-02 0.0000000e+00 
6.7082345e-03 1.7237475e-02 0.0000000e+00 
1.0086241e-02 1.8904939e-02 0.0000000e+00 
3.4004895e-03 1.2425034e-02 0.0000000e+00 
7.7215121e-03 1.8339830e-02 0.0000000e+00 
2.7284628e-02 -2.3993367e-02 0.0000000e+00 
2.6982955e-03 3.7616701e-03 0.0000000e+00 
2.2869932e-03 7.0948405e-03 0.0000000e+00 
6.8219947e-03 -4.7589326e-03 0.0000000e+00 
1.1802291e-02 -1.1087750e-02 0.0000000e+00 
9.8181032e-03 1.9322032e-02 0.0000000e+00 
8.6906431e-03 1.8994797e-02 0.0000000e+00 
3.7210416e-03 3.3860793e-05 0.0000000e+00 
2.4759790e-03 1.0182694e-02 0.0000000e+00 
1.0483308e-02 1.9084916e-02 0.0000000e+00 
-6.1185145e-01 4.1533689e+00 0.0000000e+00 
1.0372495e-02 1.9334536e-02 0.0000000e+00 
2.1388168e-02 -2.2475619e-02 0.0000000e+00 
5.6541394e-03 1.6781457e-02 0.0000000e+00 
4.4204048e-03 1.5144026e-02 0.0000000e+00 
6.9061592e-03 1.8074594e-02 0.0000000e+00 
9.5563838e-03 1.9375155e-02 0.0000000e+00 
5.0766920e-03 -4.1413093e-03 0.0000000e+00 
1.9452125e-03 4.2538978e-03 0.0000000e+00 
3.1711445e-03 1.3266608e-02 0.0000000e+00 
1.0221936e-02 1.9584619e-02 0.0000000e+00 
1.6899812e-03 7.7923071e-03 0.0000000e+00 
9.0966672e-03 -1.0279248e-02 0.0000000e+00 
8.1210360e-03 1.8894071e-02 0.0000000e+00 
2.4865780e-03 6.7444728e-04 0.0000000e+00 
-1.6501899e-01 7.6478353e+00 0.0000000e+00 
2.0839646e-03 1.1164673e-02 0.0000000e+00 
1.6011691e-02 -2.0418547e-02 0.0000000e+00 
1.0158969e-02 1.9656770e-02 0.0000000e+00 
9.1124717e-03 1.9524036e-02 0.0000000e+00 
3.0168593e-01 -1.3259350e-01 0.0000000e+00 
3.6507624e-03 -3.6593885e-03 0.0000000e+00 
5.8086547e-03 1.7732814e-02 0.0000000e+00 
6.7543387e-03 -9.4695129e-03 0.0000000e+00 
4.3337038e-03 1.6287761e-02 0.0000000e+00 
1.0655790e-02 1.9609589e-02 0.0000000e+00 
1.0070768e-03 5.0567910e-03 0.0000000e+00 
7.1770628e-03 1.8865665e-02 0.0000000e+00 
9.8617058e-03 1.9939322e-02 0.0000000e+00 
1.1156618e-03 8.6172204e-03 0.0000000e+00 
2.9897972e-03 1.4383431e-02 0.0000000e+00 
-1.6890357e-01 6.9039607e+00 0.0000000e+00 
1.3441392e-03 1.3133213e-03 0.0000000e+00 
1.1669855e-02 -1.8800778e-02 0.0000000e+00 
1.0591261e-02 1.9758491e-02 0.0000000e+00 
8.4183775e-03 1.9786464e-02 0.0000000e+00 
1.6524456e-03 1.2102820e-02 0.0000000e+00 
1.9773387e-03 -2.7079866e-03 0.0000000e+00 
4.6099676e-03 -8.6217802e-03 0.0000000e+00 
1.0452206e-02 2.0109879e-02 0.0000000e+00 
9.4622970e-03 2.0231897e-02 0.0000000e+00 
-1.6714972e-01 6.3380752e+00 0.0000000e+00 
2.1191011e-04 5.9347507e-03 0.0000000e+00 
4.5038345e-03 1.7115673e-02 0.0000000e+00 
6.0547870e-03 1.8623844e-02 0.0000000e+00 
8.1888288e-03 -1.7292347e-02 0.0000000e+00 
5.4340297e-04 9.5193852e-03 0.0000000e+00 
4.8195035e-04 1.8695369e-03 0.0000000e+00 
1.0851849e-02 2.0070044e-02 0.0000000e+00 
2.9380538e-03 1.5215784e-02 0.0000000e+00 
7.4691251e-03 1.9856025e-02 0.0000000e+00 
1.0187125e-02 2.0481747e-02 0.0000000e+00 
8.8197216e-03 2.0334644e-02 0.0000000e+00 
1.0823278e-02 2.0269733e-02 0.0000000e+00 
2.6327590e-03 -7.7755693e-03 0.0000000e+00 
1.4145127e-03 1.2995736e-02 0.0000000e+00 
6.2609976e-04 -2.0940674e-03 0.0000000e+00 
-1.6351444e-01 5.8876233e+00 0.0000000e+00 
4.9226028e-03 -1.5583469e-02 0.0000000e+00 
-4.9067196e-04 6.7102504e-03 0.0000000e+00 
9.7657079e-03 2.0817392e-02 0.0000000e+00 
1.0742360e-02 2.0533249e-02 0.0000000e+00 
-8.3408644e-04 3.0834824e-03 0.0000000e+00 
1.1569937e-04 1.0431329e-02 0.0000000e+00 
4.6345582e-03 1.8120810e-02 0.0000000e+00 
6.3521722e-03 1.9566113e-02 0.0000000e+00 
2.9136513e-03 1.6286507e-02 0.0000000e+00 
7.9393536e-03 2.0368967e-02 0.0000000e+00 
7.3616835e-04 -6.7598238e-03 0.0000000e+00 
3.3018512e-01 -1.5666309e-01 0.0000000e+00 
-1.5921365e-01 5.5217986e+00 0.0000000e+00 
-5.2219559e-04 -1.3664491e-03 0.0000000e+00 
1.0550460e-02 2.0928629e-02 0.0000000e+00 
1.2211890e-03 1.4093082e-02 0.0000000e+00 
2.2976545e-03 -1.4297805e-02 0.0000000e+00 
9.1682486e-03 2.1096090e-02 0.0000000e+00 
1.1086612e-02 2.0583123e-02 0.0000000e+00 
-1.1775563e-03 7.6199928e-03 0.0000000e+00 
-1.5879408e-03 3.6496031e-03 0.0000000e+00 
1.0216079e-02 2.1252081e-02 0.0000000e+00 
-4.3448340e-04 1.1662098e-02 0.0000000e+00 
1.1005137e-02 2.0955846e-02 0.0000000e+00 
-1.5496105e-01 5.2226386e+00 0.0000000e+00 
-6.6568656e-04 -6.0710916e-03 0.0000000e+00 
4.9003162e-03 1.9115973e-02 0.0000000e+00 
6.7427484e-03 2.0399904e-02 0.0000000e+00 
-1.9302689e-03 -2.9825489e-04 0.0000000e+00 
2.9465449e-03 1.7503353e-02 0.0000000e+00 
-6.9172820e-05 -1.2880377e-02 0.0000000e+00 
8.3388342e-03 2.1280618e-02 0.0000000e+00 
1.0672526e-03 1.5221792e-02 0.0000000e+00 
1.0885320e-02 2.1306861e-02 0.0000000e+00 
9.6530765e-03 2.1702247e-02 0.0000000e+00 
-1.8445388e-03 8.7423576e-03 0.0000000e+00 
-2.4319016e-03 4.6079634e-03 0.0000000e+00 
1.1304932e-02 2.0885358e-02 0.0000000e+00 
-1.5096639e-01 4.9784002e+00 0.0000000e+00 
-2.3930368e-03 -4.9220109e-03 0.0000000e+00 
-6.3138432e-04 1.2571588e-02 0.0000000e+00 
-2.0878192e-03 -1.1599957e-02 0.0000000e+00 
-2.9000663e-03 4.2896508e-04 0.0000000e+00 
1.0590656e-02 2.1798119e-02 0.0000000e+00 
1.1310122e-02 2.1288015e-02 0.0000000e+00 
5.1663546e-03 2.0284012e-02 0.0000000e+00 
7.1064201e-03 2.1539386e-02 0.0000000e+00 
3.1281104e-03 1.8471316e-02 0.0000000e+00 
8.7943682e-03 2.2075122e-02 0.0000000e+00 
1.0095290e-03 1.6386291e-02 0.0000000e+00 
-1.4710291e-01 4.7800021e+00 0.0000000e+00 
-3.3866288e-03 5.7041906e-03 0.0000000e+00 
-2.5477400e-03 9.9097807e-03 0.0000000e+00 
1.1277090e-02 2.1755593e-02 0.0000000e+00 
-3.5459453e-03 -4.0389681e-03 0.0000000e+00 
1.0093431e-02 2.2356067e-02 0.0000000e+00 
-3.7393651e-03 -1.0323612e-02 0.0000000e+00 
3.6085436e-01 -1.8223712e-01 0.0000000e+00 
-3.8835250e-03 1.2807641e-03 0.0000000e+00 
-1.0452780e-03 1.3864229e-02 0.0000000e+00 
1.0974325e-02 2.2415563e-02 0.0000000e+00 
5.5843354e-03 2.1272704e-02 0.0000000e+00 
-1.4383040e-01 4.6213093e+00 0.0000000e+00 
1.1585389e-02 2.1614546e-02 0.0000000e+00 
3.3307923e-03 1.9759806e-02 0.0000000e+00 
7.6659285e-03 2.2155780e-02 0.0000000e+00 
-4.8403125e-03 -3.1052968e-03 0.0000000e+00 
-4.1314848e-03 6.6987136e-03 0.0000000e+00 
1.0213407e-03 1.7675132e-02 0.0000000e+00 
9.3158437e-03 2.2831909e-02 0.0000000e+00 
-5.3007361e-03 -9.1407159e-03 0.0000000e+00 
-2.7458905e-03 1.0739849e-02 0.0000000e+00 
-5.1155891e-03 2.6001565e-03 0.0000000e+00 
1.1571102e-02 2.2112407e-02 0.0000000e+00 
1.0584278e-02 2.2925520e-02 0.0000000e+00 
-1.2053745e-03 1.5016787e-02 0.0000000e+00 
-1.4059724e-01 4.4965358e+00 0.0000000e+00 
-6.1419653e-03 -1.9582603e-03 0.0000000e+00 
6.0194768e-03 2.2407491e-02 0.0000000e+00 
1.1444535e-02 2.2631990e-02 0.0000000e+00 
3.5880154e-03 2.0979282e-02 0.0000000e+00 
-6.7481515e-03 -7.8866538e-03 0.0000000e+00 
1.1845389e-02 2.1819150e-02 0.0000000e+00 
8.1809405e-03 2.3235144e-02 0.0000000e+00 
-4.7076019e-03 7.7968491e-03 0.0000000e+00 
-3.4298261e-03 1.2302588e-02 0.0000000e+00 
1.1296191e-03 1.8867049e-02 0.0000000e+00 
-5.7625063e-03 3.2393632e-03 0.0000000e+00 
9.8770401e-03 2.3620823e-02 0.0000000e+00 
-1.3803071e-01 4.4020352e+00 0.0000000e+00 
1.1895544e-02 2.2378126e-02 0.0000000e+00 
-1.4189435e-03 1.6492683e-02 0.0000000e+00 
1.1138609e-02 2.3318384e-02 0.0000000e+00 
-6.9561889e-03 -1.1472995e-03 0.0000000e+00 
-7.8472067e-03 -6.9456804e-03 0.0000000e+00 
-5.3622946e-03 8.9708604e-03 0.0000000e+00 
6.5076365e-03 2.3530483e-02 0.0000000e+00 
4.0409220e-03 2.2108443e-02 0.0000000e+00 
1.1755963e-02 2.3241069e-02 0.0000000e+00 
-1.3565972e-01 4.3339992e+00 0.0000000e+00 
-3.7301457e-03 1.3362594e-02 0.0000000e+00 
-6.7886119e-03 4.5660641e-03 0.0000000e+00 
8.7314956e-03 2.4170259e-02 0.0000000e+00 
3.9404905e-01 -2.0953372e-01 0.0000000e+00 
1.2563446e-03 2.0311784e-02 0.0000000e+00 
1.0496111e-02 2.4090743e-02 0.0000000e+00 
-1.4644398e-03 1.7814413e-02 0.0000000e+00 
-9.2550926e-03 -5.4145278e-03 0.0000000e+00 
-8.2351919e-03 1.3584038e-04 0.0000000e+00 
1.2123113e-02 2.2730179e-02 0.0000000e+00 
1.1545944e-02 2.4076024e-02 0.0000000e+00 
-1.3386761e-01 4.2898736e+00 0.0000000e+00 
-5.9878705e-03 1.0310278e-02 0.0000000e+00 
-7.3736515e-03 5.5849524e-03 0.0000000e+00 
4.4223298e-03 2.3572020e-02 0.0000000e+00 
-4.0730317e-03 1.4958185e-02 0.0000000e+00 
7.2333827e-03 2.4416517e-02 0.0000000e+00 
1.2274759e-02 2.3345025e-02 0.0000000e+00 
9.4112912e-03 2.4962658e-02 0.0000000e+00 
1.6193003e-03 2.1659879e-02 0.0000000e+00 
-1.0095926e-02 -4.6080761e-03 0.0000000e+00 
-8.8684764e-03 9.3991077e-04 0.0000000e+00 
1.1030784e-02 2.4901107e-02 0.0000000e+00 
-1.3806894e-03 1.9201761e-02 0.0000000e+00 
-1.3209565e-01 4.2668505e+00 0.0000000e+00 
1.2451202e-02 2.2802858e-02 0.0000000e+00 
-6.4996663e-03 1.1569128e-02 0.0000000e+00 
1.2109227e-02 2.4268052e-02 0.0000000e+00 
-8.3498545e-03 7.0416755e-03 0.0000000e+00 
-4.1684294e-03 1.6285626e-02 0.0000000e+00 
5.1319124e-03 2.4735557e-02 0.0000000e+00 
-1.1047036e-02 -3.3496604e-03 0.0000000e+00 
7.8502437e-03 2.5680961e-02 0.0000000e+00 
1.9085391e-03 2.3252949e-02 0.0000000e+00 
-1.0030701e-02 2.4939291e-03 0.0000000e+00 
1.2574233e-02 2.3623690e-02 0.0000000e+00 
1.0111486e-02 2.5756104e-02 0.0000000e+00 
-1.3095579e-01 4.2634964e+00 0.0000000e+00 
-1.2645756e-03 2.0855758e-02 0.0000000e+00 
1.1698123e-02 2.5284469e-02 0.0000000e+00 
-6.9280067e-03 1.3042048e-02 0.0000000e+00 
-8.9174248e-03 8.1960596e-03 0.0000000e+00 
4.2996043e-01 -2.3859106e-01 0.0000000e+00 
1.2547426e-02 2.4772868e-02 0.0000000e+00 
-1.2083175e-02 -2.1840406e-03 0.0000000e+00 
-4.4197012e-03 1.7897740e-02 0.0000000e+00 
-1.0603000e-02 3.3005537e-03 0.0000000e+00 
-1.2997557e-01 4.2777925e+00 0.0000000e+00 
5.7167383e-03 2.6161863e-02 0.0000000e+00 
8.6907446e-03 2.6590714e-02 0.0000000e+00 
2.5709141e-03 2.4484467e-02 0.0000000e+00 
1.0874195e-02 2.6444223e-02 0.0000000e+00 
1.2937237e-02 2.3881897e-02 0.0000000e+00 
-1.0127258e-03 2.2433931e-02 0.0000000e+00 
1.2296999e-02 2.5961785e-02 0.0000000e+00 
-9.3771573e-03 9.3164388e-03 0.0000000e+00 
-7.2051538e-03 1.4444775e-02 0.0000000e+00 
-1.2810513e-02 -1.0970237e-03 0.0000000e+00 
-1.2938808e-01 4.3083911e+00 0.0000000e+00 
-1.1540844e-02 4.8275171e-03 0.0000000e+00 
-4.4352920e-03 1.9541757e-02 0.0000000e+00 
1.3080996e-02 2.4838563e-02 0.0000000e+00 
6.6528190e-03 2.7216973e-02 0.0000000e+00 
9.3955100e-03 2.7694413e-02 0.0000000e+00 
2.9937397e-03 2.6279494e-02 0.0000000e+00 
1.1642480e-02 2.7208678e-02 0.0000000e+00 
1.3250637e-02 2.3929136e-02 0.0000000e+00 
-7.0201280e-04 2.4104750e-02 0.0000000e+00 
-1.3654804e-02 1.0551931e-04 0.0000000e+00 
-1.0247285e-02 1.1173014e-02 0.0000000e+00 
-7.7184746e-03 1.6274057e-02 0.0000000e+00 
-1.2908897e-01 4.3540926e+00 0.0000000e+00 
1.2978790e-02 2.6262755e-02 0.0000000e+00 
-1.2134518e-02 5.8681555e-03 0.0000000e+00 
-4.3572988e-03 2.1248737e-02 0.0000000e+00 
1.3479188e-02 2.5225282e-02 0.0000000e+00 
7.4299145e-03 2.8667584e-02 0.0000000e+00 
3.8112341e-03 2.7676025e-02 0.0000000e+00 
1.0424660e-02 2.8496932e-02 0.0000000e+00 
-1.4539124e-02 1.4416391e-03 0.0000000e+00 
-1.2915319e-01 4.4139085e+00 0.0000000e+00 
-1.0486168e-02 1.2272825e-02 0.0000000e+00 
1.2458131e-02 2.7771782e-02 0.0000000e+00 
4.6909451e-01 -2.6964971e-01 0.0000000e+00 
-2.3117266e-04 2.5874646e-02 0.0000000e+00 
-7.8071356e-03 1.7790876e-02 0.0000000e+00 
-1.2953699e-02 7.4094934e-03 0.0000000e+00 
1.3604217e-02 2.6536794e-02 0.0000000e+00 
-4.2399392e-03 2.3099806e-02 0.0000000e+00 
1.4006464e-02 2.5187753e-02 0.0000000e+00 
-1.5086994e-02 2.4360470e-03 0.0000000e+00 
-1.2947653e-01 4.4868584e+00 0.0000000e+00 
8.4345751e-03 2.9899800e-02 0.0000000e+00 
4.5079384e-03 2.9537173e-02 0.0000000e+00 
-1.1218733e-02 1.4341820e-02 0.0000000e+00 
1.1375707e-02 2.9487027e-02 0.0000000e+00 
-7.9315221e-03 1.9521065e-02 0.0000000e+00 
-1.3602697e-02 8.8361595e-03 0.0000000e+00 
3.8131489e-04 2.7730983e-02 0.0000000e+00 
1.3303942e-02 2.8335299e-02 0.0000000e+00 
1.4223657e-02 2.6785441e-02 0.0000000e+00 
-3.9968118e-03 2.5047978e-02 0.0000000e+00 
-1.3017216e-01 4.5722909e+00 0.0000000e+00 
-1.5874686e-02 3.8180440e-03 0.0000000e+00 
1.4315452e-02 2.5303662e-02 0.0000000e+00 
-1.1340055e-02 1.5608378e-02 0.0000000e+00 
9.6321488e-03 3.0992635e-02 0.0000000e+00 
5.6810179e-03 3.0808244e-02 0.0000000e+00 
-1.4047979e-02 1.0127611e-02 0.0000000e+00 
-8.2046781e-03 2.1742970e-02 0.0000000e+00 
1.2440126e-02 3.0228140e-02 0.0000000e+00 
1.1566682e-03 2.9501304e-02 0.0000000e+00 
1.4114395e-02 2.8730605e-02 0.0000000e+00 
-1.3111377e-01 4.6694069e+00 0.0000000e+00 
-1.6704682e-02 5.2752974e-03 0.0000000e+00 
-3.5020711e-03 2.6933765e-02 0.0000000e+00 
1.4749017e-02 2.7069366e-02 0.0000000e+00 
-1.1940629e-02 1.7785560e-02 0.0000000e+00 
-1.4724697e-02 1.1810017e-02 0.0000000e+00 
5.1205152e-01 -3.0327088e-01 0.0000000e+00 
-8.0070943e-03 2.3611896e-02 0.0000000e+00 
1.0745017e-02 3.2254435e-02 0.0000000e+00 
6.8159020e-03 3.2528769e-02 0.0000000e+00 
1.3519952e-02 3.0865846e-02 0.0000000e+00 
-1.3242318e-01 4.7778144e+00 0.0000000e+00 
2.0595943e-03 3.1581048e-02 0.0000000e+00 
-1.7188311e-02 6.4948201e-03 0.0000000e+00 
1.4981504e-02 2.9032893e-02 0.0000000e+00 
-3.1119874e-03 2.9336646e-02 0.0000000e+00 
1.5420998e-02 2.6865849e-02 0.0000000e+00 
-1.2054440e-02 1.9495344e-02 0.0000000e+00 
-1.5383315e-02 1.3657391e-02 0.0000000e+00 
-7.8721158e-03 2.5649235e-02 0.0000000e+00 
-1.3403374e-01 4.8970432e+00 0.0000000e+00 
1.2063211e-02 3.3316217e-02 0.0000000e+00 
8.0953930e-03 3.4083832e-02 0.0000000e+00 
-1.7983453e-02 8.0973320e-03 0.0000000e+00 
1.4686842e-02 3.1434514e-02 0.0000000e+00 
3.1668197e-03 3.3412743e-02 0.0000000e+00 
1.5904361e-02 2.9075034e-02 0.0000000e+00 
-2.3343216e-03 3.1405229e-02 0.0000000e+00 
1.5887432e-02 2.6860043e-02 0.0000000e+00 
-1.2348442e-02 2.1655802e-02 0.0000000e+00 
-1.5857497e-02 1.5402771e-02 0.0000000e+00 
-1.3604058e-01 5.0266461e+00 0.0000000e+00 
-7.7544297e-03 2.8228711e-02 0.0000000e+00 
-1.8484037e-02 9.3478654e-03 0.0000000e+00 
9.5047196e-03 3.5601359e-02 0.0000000e+00 
1.3465209e-02 3.4172531e-02 0.0000000e+00 
4.2631580e-03 3.5590235e-02 0.0000000e+00 
1.5752068e-02 3.1907089e-02 0.0000000e+00 
1.6574524e-02 2.9262343e-02 0.0000000e+00 
-1.5542135e-03 3.3766802e-02 0.0000000e+00 
-1.6148450e-02 1.7015535e-02 0.0000000e+00 
-1.2502052e-02 2.3855083e-02 0.0000000e+00 
-1.3828413e-01 5.1663589e+00 0.0000000e+00 
5.5967927e-01 -3.4008554e-01 0.0000000e+00 
-1.9282665e-02 1.1147283e-02 0.0000000e+00 
-7.3000728e-03 3.0514972e-02 0.0000000e+00 
1.1131392e-02 3.7034225e-02 0.0000000e+00 
1.4923964e-02 3.5034519e-02 0.0000000e+00 
5.7935948e-03 3.7613709e-02 0.0000000e+00 
1.6926695e-02 3.2208510e-02 0.0000000e+00 
-1.4100254e-01 5.3159165e+00 0.0000000e+00 
-1.6799079e-02 1.9352073e-02 0.0000000e+00 
1.7347042e-02 2.9166214e-02 0.0000000e+00 
-5.3175259e-04 3.6298186e-02 0.0000000e+00 
-1.2628078e-02 2.6421269e-02 0.0000000e+00 
-1.9783771e-02 1.2783937e-02 0.0000000e+00 
-6.7238566e-03 3.3127502e-02 0.0000000e+00 
1.2909397e-02 3.8355663e-02 0.0000000e+00 
1.6496057e-02 3.5629593e-02 0.0000000e+00 
-1.4398855e-01 5.4751191e+00 0.0000000e+00 
7.4742832e-03 3.9530218e-02 0.0000000e+00 
1.8101919e-02 3.2224216e-02 0.0000000e+00 
-1.7113486e-02 2.1349570e-02 0.0000000e+00 
-1.2358693e-02 2.8558124e-02 0.0000000e+00 
8.0514816e-04 3.8775921e-02 0.0000000e+00 
1.8124659e-02 2.8806349e-02 0.0000000e+00 
-2.0447664e-02 1.4509399e-02 0.0000000e+00 
-6.0559949e-03 3.5929680e-02 0.0000000e+00 
-1.4743812e-01 5.6439600e+00 0.0000000e+00 
1.4796097e-02 3.9513744e-02 0.0000000e+00 
1.8044645e-02 3.6264315e-02 0.0000000e+00 
-1.7435294e-02 2.3684688e-02 0.0000000e+00 
9.3478030e-03 4.1579142e-02 0.0000000e+00 
1.9168625e-02 3.2195531e-02 0.0000000e+00 
-2.1176441e-02 1.6599027e-02 0.0000000e+00 
-1.2420584e-02 3.1658430e-02 0.0000000e+00 
2.3881155e-03 4.1305367e-02 0.0000000e+00 
6.1325014e-01 -3.8132668e-01 0.0000000e+00 
-5.0755842e-03 3.8767807e-02 0.0000000e+00 
-1.5121661e-01 5.8222508e+00 0.0000000e+00 
-1.7818686e-02 2.6235189e-02 0.0000000e+00 
1.6765842e-02 4.0702175e-02 0.0000000e+00 
-2.1667216e-02 1.8459618e-02 0.0000000e+00 
1.9726951e-02 3.6401730e-02 0.0000000e+00 
1.1412107e-02 4.3537151e-02 0.0000000e+00 
-1.2086030e-02 3.4441326e-02 0.0000000e+00 
2.0191610e-02 3.2180630e-02 0.0000000e+00 
3.9553074e-03 4.4285942e-02 0.0000000e+00 
-1.5547046e-01 6.0100527e+00 0.0000000e+00 
-4.1338084e-03 4.2211104e-02 0.0000000e+00 
-1.8094786e-02 2.9027278e-02 0.0000000e+00 
-2.2266163e-02 2.0555146e-02 0.0000000e+00 
1.9006979e-02 4.1462548e-02 0.0000000e+00 
2.1280875e-02 3.6563553e-02 0.0000000e+00 
-1.1658547e-02 3.7667528e-02 0.0000000e+00 
1.3791830e-02 4.5374658e-02 0.0000000e+00 
2.1321686e-02 3.1535711e-02 0.0000000e+00 
6.1891885e-03 4.6688519e-02 0.0000000e+00 
-1.6016813e-01 6.2074771e+00 0.0000000e+00 
-2.6176241e-03 4.5337010e-02 0.0000000e+00 
-1.8157955e-02 3.1743828e-02 0.0000000e+00 
-2.2929648e-02 2.3105001e-02 0.0000000e+00 
-1.1066307e-02 4.1104987e-02 0.0000000e+00 
2.1124547e-02 4.2358372e-02 0.0000000e+00 
2.2922654e-02 3.6399391e-02 0.0000000e+00 
1.6379979e-02 4.7025770e-02 0.0000000e+00 
-1.6520005e-01 6.4142814e+00 0.0000000e+00 
6.7464876e-01 -4.2904553e-01 0.0000000e+00 
8.5097272e-03 4.9719092e-02 0.0000000e+00 
-8.9507119e-04 4.8807699e-02 0.0000000e+00 
-2.3622992e-02 2.5598707e-02 0.0000000e+00 
-1.8451709e-02 3.5234753e-02 0.0000000e+00 
-1.7098263e-01 6.6313457e+00 0.0000000e+00 
-1.0230179e-02 4.4703219e-02 0.0000000e+00 
2.3559514e-02 4.2440623e-02 0.0000000e+00 
2.4350042e-02 3.6230840e-02 0.0000000e+00 
1.9220825e-02 4.8701495e-02 0.0000000e+00 
1.1237597e-02 5.2466109e-02 0.0000000e+00 
1.1165680e-03 5.2417185e-02 0.0000000e+00 
-2.4016492e-02 2.8210077e-02 0.0000000e+00 
-1.8258793e-02 3.8441751e-02 0.0000000e+00 
-1.7712817e-01 6.8581924e+00 0.0000000e+00 
-9.2555713e-03 4.8920479e-02 0.0000000e+00 
2.5859153e-02 4.2675331e-02 0.0000000e+00 
2.5855931e-02 3.5456117e-02 0.0000000e+00 
2.2251785e-02 4.9798764e-02 0.0000000e+00 
1.4487572e-02 5.5001002e-02 0.0000000e+00 
-2.4781760e-02 3.1373911e-02 0.0000000e+00 
3.5256511e-03 5.6488931e-02 0.0000000e+00 
-1.8279687e-02 4.2372480e-02 0.0000000e+00 
-1.8381546e-01 7.0954375e+00 0.0000000e+00 
-7.9852771e-03 5.3228933e-02 0.0000000e+00 
2.8168917e-02 4.2585831e-02 0.0000000e+00 
7.4657422e-01 -4.8625797e-01 0.0000000e+00 
2.5481788e-02 5.0904561e-02 0.0000000e+00 
1.7928993e-02 5.7709925e-02 0.0000000e+00 
-2.5253348e-02 3.4467623e-02 0.0000000e+00 
-1.7940992e-02 4.6502028e-02 0.0000000e+00 
-1.9120197e-01 7.3435864e+00 0.0000000e+00 
6.4632422e-03 6.0455542e-02 0.0000000e+00 
-6.1471597e-03 5.7875976e-02 0.0000000e+00 
3.0518431e-02 4.1971792e-02 0.0000000e+00 
2.8903103e-02 5.1519517e-02 0.0000000e+00 
-2.5908779e-02 3.8241275e-02 0.0000000e+00 
2.1881111e-02 6.0159478e-02 0.0000000e+00 
-1.9924045e-01 7.6029749e+00 0.0000000e+00 
-1.7600056e-02 5.1162507e-02 0.0000000e+00 
9.8996842e-03 6.4566486e-02 0.0000000e+00 
-4.0159384e-03 6.2900305e-02 0.0000000e+00 
3.2681003e-02 4.1216385e-02 0.0000000e+00 
-2.6401330e-02 4.2123843e-02 0.0000000e+00 
3.2460876e-02 5.1735256e-02 0.0000000e+00 
-2.0798250e-01 7.8742352e+00 0.0000000e+00 
2.6370801e-02 6.2147897e-02 0.0000000e+00 
-1.6841598e-02 5.6158002e-02 0.0000000e+00 
1.4001697e-02 6.8813473e-02 0.0000000e+00 
-1.5028275e-03 6.8732560e-02 0.0000000e+00 
-2.6862673e-02 4.6344642e-02 0.0000000e+00 
-2.1754181e-01 8.1581450e+00 0.0000000e+00 
8.3316332e-01 -5.5784357e-01 0.0000000e+00 
3.5962954e-02 5.1728278e-02 0.0000000e+00 
3.1151688e-02 6.3999780e-02 0.0000000e+00 
-1.6058804e-02 6.2069405e-02 0.0000000e+00 
1.8834751e-02 7.2956771e-02 0.0000000e+00 
1.8451089e-03 7.4572898e-02 0.0000000e+00 
-2.2787723e-01 8.4553385e+00 0.0000000e+00 
-2.7426414e-02 5.1515527e-02 0.0000000e+00 
3.9510924e-02 5.1025435e-02 0.0000000e+00 
-1.4770895e-02 6.8271369e-02 0.0000000e+00 
3.6344931e-02 6.5237179e-02 0.0000000e+00 
2.4248678e-02 7.7332221e-02 0.0000000e+00 
5.8654412e-03 8.0985419e-02 0.0000000e+00 
-2.3925680e-01 8.7672529e+00 0.0000000e+00 
-2.7759511e-02 5.6919709e-02 0.0000000e+00 
4.2984255e-02 4.9882822e-02 0.0000000e+00 
-1.2920646e-02 7.5210847e-02 0.0000000e+00 
4.1823536e-02 6.6083960e-02 0.0000000e+00 
3.0789981e-02 8.0979504e-02 0.0000000e+00 
-2.5162795e-01 9.0947618e+00 0.0000000e+00 
1.0683102e-02 8.8171504e-02 0.0000000e+00 
-2.8040452e-02 6.3087597e-02 0.0000000e+00 
9.4100821e-01 -6.5175521e-01 0.0000000e+00 
-1.0743624e-02 8.3293110e-02 0.0000000e+00 
4.7549065e-02 6.5958254e-02 0.0000000e+00 
3.7988499e-02 8.4649920e-02 0.0000000e+00 
-2.6513258e-01 9.4393988e+00 0.0000000e+00 
1.6943859e-02 9.5001206e-02 0.0000000e+00 
-2.8177029e-02 7.0302546e-02 0.0000000e+00 
-7.7390182e-03 9.2295088e-02 0.0000000e+00 
5.3262316e-02 6.5573335e-02 0.0000000e+00 
4.6273079e-02 8.7457314e-02 0.0000000e+00 
-2.7999058e-01 9.8032026e+00 0.0000000e+00 
-2.8169677e-02 7.8405179e-02 0.0000000e+00 
2.4168814e-02 1.0314640e-01 0.0000000e+00 
-3.6754534e-03 1.0207713e-01 0.0000000e+00 
5.8985043e-02 6.3990287e-02 0.0000000e+00 
-2.9630825e-01 1.0187918e+01 0.0000000e+00 
5.5313431e-02 8.9473337e-02 0.0000000e+00 
-2.7709980e-02 8.7832235e-02 0.0000000e+00 
3.3275522e-02 1.1067380e-01 0.0000000e+00 
1.4045394e-03 1.1371107e-01 0.0000000e+00 
1.0810196e+00 -7.8157830e-01 0.0000000e+00 
-3.1427434e-01 1.0596293e+01 0.0000000e+00 
6.4971253e-02 9.0539910e-02 0.0000000e+00 
-2.6913259e-02 9.8727249e-02 0.0000000e+00 
4.4203144e-02 1.1855158e-01 0.0000000e+00 
8.1924861e-03 1.2625593e-01 0.0000000e+00 
-3.3411443e-01 1.1031336e+01 0.0000000e+00 
7.5043269e-02 9.0288468e-02 0.0000000e+00 
-2.5411982e-02 1.1134581e-01 0.0000000e+00 
5.7381272e-02 1.2579928e-01 0.0000000e+00 
1.6917303e-02 1.4080200e-01 0.0000000e+00 
-3.5621476e-01 1.1496859e+01 0.0000000e+00 
8.5300446e-02 8.8708982e-02 0.0000000e+00 
-2.3178132e-02 1.2650599e-01 0.0000000e+00 
7.3065482e-02 1.3179816e-01 0.0000000e+00 
2.8353518e-02 1.5688248e-01 0.0000000e+00 
-3.8082117e-01 1.1997185e+01 0.0000000e+00 
1.2729715e+00 -9.7208297e-01 0.0000000e+00 
-1.9603444e-02 1.4437500e-01 0.0000000e+00 
9.1281980e-02 1.3616410e-01 0.0000000e+00 
4.3245450e-02 1.7437328e-01 0.0000000e+00 
-4.0838081e-01 1.2537986e+01 0.0000000e+00 
-1.4365409e-02 1.6571094e-01 0.0000000e+00 
1.1162272e-01 1.3737954e-01 0.0000000e+00 
6.2599979e-02 1.9386984e-01 0.0000000e+00 
-4.3935025e-01 1.3125731e+01 0.0000000e+00 
-6.6349632e-03 1.9122726e-01 0.0000000e+00 
1.3180438e-01 1.3652313e-01 0.0000000e+00 
-4.7450650e-01 1.3768984e+01 0.0000000e+00 
8.8120595e-02 2.1343128e-01 0.0000000e+00 
4.3837079e-03 2.2216068e-01 0.0000000e+00 
1.5563951e+00 -1.2727320e+00 0.0000000e+00 
-5.1444811e-01 1.4477571e+01 0.0000000e+00 
1.2143618e-01 2.3265986e-01 0.0000000e+00 
2.0239193e-02 2.5958723e-01 0.0000000e+00 
-5.6029671e-01 1.5264317e+01 0.0000000e+00 
1.6545272e-01 2.4680018e-01 0.0000000e+00 
4.2703953e-02 3.0495858e-01 0.0000000e+00 
-6.1308998e-01 1.6144629e+01 0.0000000e+00 
2.2293498e-01 2.4839298e-01 0.0000000e+00 
7.4644536e-02 3.5998210e-01 0.0000000e+00 
-6.7426896e-01 1.7138319e+01 0.0000000e+00 
2.0319204e+00 -1.8037322e+00 0.0000000e+00 
1.2032050e-01 4.2566803e-01 0.0000000e+00 
-7.4550796e-01 1.8270039e+01 0.0000000e+00 
1.8647718e-01 5.0332326e-01 0.0000000e+00 
-8.2878369e-01 1.9572031e+01 0.0000000e+00 
2.8805593e-01 5.8710372e-01 0.0000000e+00 
-9.2618573e-01 2.1087292e+01 0.0000000e+00 
2.9344418e+00 -2.7451346e+00 0.0000000e+00 
-1.0398543e+00 2.2878811e+01 0.0000000e+00 
-1.1716863e+00 2.5055328e+01 0.0000000e+00 
-1.3220278e+00 2.7867445e+01 0.0000000e+00 
9.8916066e-01 1.2808770e+01 0.0000000e+00 
VOLUMETRIC_STRAIN 1 4225  float
0.0000000e+00
0.0000000e+00
0.0000000e+00
0.0000000e+00
0.0000000e+00
0.0000000e+00
0.0000000e+00
0.0000000e+00
0.0000000e+00
0.0000000e+00
0.0000000e+00
0.0000000e+00
0.0000000e+00
0.0000000e+00
0.0000000e+00
0.0000000e+00
0.0000000e+00
0.0000000e+00
0.0000000e+00
0.0000000e+00
0.0000000e+00
0.0000000e+00
0.0000000e+00
0.0000000e+00
0.0000000e+00
0.0000000e+00
0.0000000e+00
0.0000000e+00
0.0000000e+00
0.0000000e+00
0.0000000e+00
0.0000000e+00
0.0000000e+00
0.0000000e+00
0.0000000e+00
0.0000000e+00
0.0000000e+00
0.0000000e+00
0.0000000e+00
0.0000000e+00
0.0000000e+00
0.0000000e+00
0.0000000e+00
0.0000000e+00
0.0000000e+00
0.0000000e+00
0.0000000e+00
0.0000000e+00
0.0000000e+00
0.0000000e+00
0.0000000e+00
0.0000000e+00
0.0000000e+00
0.0000000e+00
0.0000000e+00
0.0000000e+00
0.0000000e+00
0.0000000e+00
0.0000000e+00
0.0000000e+00
0.0000000e+00
0.0000000e+00
0.0000000e+00
0.0000000e+00
0.0000000e+00
0.0000000e+00
0.0000000e+00
0.0000000e+00
0.0000000e+00
0.0000000e+00
0.0000000e+00
0.0000000e+00
0.0000000e+00
0.0000000e+00
0.0000000e+00
0.0000000e+00
0.0000000e+00
0.0000000e+00
0.0000000e+00
0.0000000e+00
0.0000000e+00
0.0000000e+00
0.0000000e+00
0.0000000e+00
0.0000000e+00
0.0000000e+00
0.0000000e+00
0.0000000e+00
0.0000000e+00
0.0000000e+00
0.0000000e+00
0.0000000e+00
0.0000000e+00
0.0000000e+00
0.0000000e+00
0.0000000e+00
0.0000000e+00
0.0000000e+00
0.0000000e+00
0.0000000e+00
0.0000000e+00
0.0000000e+00
0.0000000e+00
0.0000000e+00
0.0000000e+00
0.0000000e+00
0.0000000e+00
0.0000000e+00
0.0000000e+00
0.0000000e+00
0.0000000e+00
0.0000000e+00
0.0000000e+00
0.0000000e+00
0.0000000e+00
0.0000000e+00
0.0000000e+00
0.0000000e+00
0.0000000e+00
0.0000000e+00
0.0000000e+00
0.0000000e+00
0.0000000e+00
0.0000000e+00
0.0000000e+00
0.0000000e+00
0.0000000e+00
0.0000000e+00
0.0000000e+00
0.0000000e+00
0.0000000e+00
0.0000000e+00
0.0000000e+00
0.0000000e+00
0.0000000e+00
0.0000000e+00
0.0000000e+00
0.0000000e+00
0.0000000e+00
0.0000000e+00
0.0000000e+00
0.0000000e+00
0.0000000e+00
0.0000000e+00
0.0000000e+00
0.0000000e+00
0.0000000e+00
0.0000000e+00
0.0000000e+00
0.0000000e+00
0.0000000e+00
0.0000000e+00
0.0000000e+00
0.0000000e+00
0.0000000e+00
0.0000000e+00
0.0000000e+00
0.0000000e+00
0.0000000e+00
0.0000000e+00
0.0000000e+00
0.0000000e+00
0.0000000e+00
0.0000000e+00
0.0000000e+00
0.0000000e+00
0.0000000e+00
0.0000000e+00
0.0000000e+00
0.0000000e+00
0.0000000e+00
0.0000000e+00
0.0000000e+00
0.0000000e+00
0.0000000e+00
0.0000000e+00
0.0000000e+00
0.0000000e+00
0.0000000e+00
0.0000000e+00
0.0000000e+00
0.0000000e+00
0.0000000e+00
0.0000000e+00
0.0000000e+00
0.0000000e+00
0.0000000e+00
0.0000000e+00
0.0000000e+00
0.0000000e+00
0.0000000e+00
0.0000000e+00
0.0000000e+00
0.0000000e+00
0.0000000e+00
0.0000000e+00
0.0000000e+00
0.0000000e+00
0.0000000e+00
0.0000000e+00
0.0000000e+00
0.0000000e+00
0.0000000e+00
0.0000000e+00
0.0000000e+00
0.0000000e+00
0.0000000e+00
0.0000000e+00
0.0000000e+00
0.0000000e+00
0.0000000e+00
0.0000000e+00
0.0000000e+00
0.0000000e+00
0.0000000e+00
0.0000000e+00
0.0000000e+00
0.0000000e+00
0.0000000e+00
0.0000000e+00
0.0000000e+00
0.0000000e+00
0.0000000e+00
0.0000000e+00
0.0000000e+00
0.0000000e+00
0.0000000e+00
0.0000000e+00
0.0000000e+00
0.0000000e+00
0.0000000e+00
0.0000000e+00
0.0000000e+00
0.0000000e+00
0.0000000e+00
0.0000000e+00
0.0000000e+00
0.0000000e+00
0.0000000e+00
0.0000000e+00
0.0000000e+00
0.0000000e+00
0.0000000e+00
0.0000000e+00
0.0000000e+00
0.0000000e+00
0.0000000e+00
0.0000000e+00
0.0000000e+00
0.0000000e+00
0.0000000e+00
0.0000000e+00
0.0000000e+00
0.0000000e+00
0.0000000e+00
0.0000000e+00
0.0000000e+00
0.0000000e+00
0.0000000e+00
0.0000000e+00
0.0000000e+00
0.0000000e+00
0.0000000e+00
0.0000000e+00
0.0000000e+00
0.0000000e+00
0.0000000e+00
0.0000000e+00
0.0000000e+00
0.0000000e+00
0.0000000e+00
0.0000000e+00
0.0000000e+00
0.0000000e+00
0.0000000e+00
0.0000000e+00
0.0000000e+00
0.0000000e+00
0.0000000e+00
0.0000000e+00
0.0000000e+00
0.0000000e+00
0.0000000e+00
0.0000000e+00
0.0000000e+00
0.0000000e+00
0.0000000e+00
0.0000000e+00
0.0000000e+00
0.0000000e+00
0.0000000e+00
0.0000000e+00
0.0000000e+00
0.0000000e+00
0.0000000e+00
0.0000000e+00
0.0000000e+00
0.0000000e+00
0.0000000e+00
0.0000000e+00
0.0000000e+00
0.0000000e+00
0.0000000e+00
0.0000000e+00
0.0000000e+00
0.0000000e+00
0.0000000e+00
0.0000000e+00
0.0000000e+00
0.0000000e+00
0.0000000e+00
0.0000000e+00
0.0000000e+00
0.0000000e+00
0.0000000e+00
0.0000000e+00
0.0000000e+00
0.0000000e+00
0.0000000e+00
0.0000000e+00
0.0000000e+00
0.0000000e+00
0.0000000e+00
0.0000000e+00
0.0000000e+00
0.0000000e+00
0.0000000e+00
0.0000000e+00
0.0000000e+00
0.0000000e+00
0.0000000e+00
0.0000000e+00
0.0000000e+00
0.0000000e+00
0.0000000e+00
0.0000000e+00
0.0000000e+00
0.0000000e+00
0.0000000e+00
0.0000000e+00
0.0000000e+00
0.0000000e+00
0.0000000e+00
0.0000000e+00
0.0000000e+00
0.0000000e+00
0.0000000e+00
0.0000000e+00
0.0000000e+00
0.0000000e+00
0.0000000e+00
0.0000000e+00
0.0000000e+00
0.0000000e+00
0.0000000e+00
0.0000000e+00
0.0000000e+00
0.0000000e+00
0.0000000e+00
0.0000000e+00
0.0000000e+00
0.0000000e+00
0.0000000e+00
0.0000000e+00
0.0000000e+00
0.0000000e+00
0.0000000e+00
0.0000000e+00
0.0000000e+00
0.0000000e+00
0.0000000e+00
0.0000000e+00
0.0000000e+00
0.0000000e+00
0.0000000e+00
0.0000000e+00
0.0000000e+00
0.0000000e+00
0.0000000e+00
0.0000000e+00
0.0000000e+00
0.0000000e+00
0.0000000e+00
0.0000000e+00
0.0000000e+00
0.0000000e+00
0.0000000e+00
0.0000000e+00
0.0000000e+00
0.0000000e+00
0.0000000e+00
0.0000000e+00
0.0000000e+00
0.0000000e+00
0.0000000e+00
0.0000000e+00
0.0000000e+00
0.0000000e+00
0.0000000e+00
0.0000000e+00
0.0000000e+00
0.0000000e+00
0.0000000e+00
0.0000000e+00
0.0000000e+00
0.0000000e+00
0.0000000e+00
0.0000000e+00
0.0000000e+00
0.0000000e+00
0.0000000e+00
0.0000000e+00
0.0000000e+00
0.0000000e+00
0.0000000e+00
0.0000000e+00
0.0000000e+00
0.0000000e+00
0.0000000e+00
0.0000000e+00
0.0000000e+00
0.0000000e+00
0.0000000e+00
0.0000000e+00
0.0000000e+00
0.0000000e+00
0.0000000e+00
0.0000000e+00
0.0000000e+00
0.0000000e+00
0.0000000e+00
0.0000000e+00
0.0000000e+00
0.0000000e+00
0.0000000e+00
0.0000000e+00
0.0000000e+00
0.0000000e+00
0.0000000e+00
0.0000000e+00
0.0000000e+00
0.0000000e+00
0.0000000e+00
0.0000000e+00
0.0000000e+00
0.0000000e+00
0.0000000e+00
0.0000000e+00
0.0000000e+00
0.0000000e+00
0.0000000e+00
0.0000000e+00
0.0000000e+00
0.0000000e+00
0.0000000e+00
0.0000000e+00
0.0000000e+00
0.0000000e+00
0.0000000e+00
0.0000000e+00
0.0000000e+00
0.0000000e+00
0.0000000e+00
0.0000000e+00
0.0000000e+00
0.0000000e+00
0.0000000e+00
0.0000000e+00
0.0000000e+00
0.0000000e+00
0.0000000e+00
0.0000000e+00
0.0000000e+00
0.0000000e+00
0.0000000e+00
0.0000000e+00
0.0000000e+00
0.0000000e+00
0.0000000e+00
0.0000000e+00
0.0000000e+00
0.0000000e+00
0.0000000e+00
0.0000000e+00
0.0000000e+00
0.0000000e+00
0.0000000e+00
0.0000000e+00
0.0000000e+00
0.0000000e+00
0.0000000e+00
0.0000000e+00
0.0000000e+00
0.0000000e+00
0.0000000e+00
0.0000000e+00
0.0000000e+00
0.0000000e+00
0.0000000e+00
0.0000000e+00
0.0000000e+00
0.0000000e+00
0.0000000e+00
0.0000000e+00
0.0000000e+00
0.0000000e+00
0.0000000e+00
0.0000000e+00
0.0000000e+00
0.0000000e+00
0.0000000e+00
0.0000000e+00
0.0000000e+00
0.0000000e+00
0.0000000e+00
0.0000000e+00
0.0000000e+00
0.0000000e+00
0.0000000e+00
0.0000000e+00
0.0000000e+00
0.0000000e+00
0.0000000e+00
0.0000000e+00
0.0000000e+00
0.0000000e+00
0.0000000e+00
0.0000000e+00
0.0000000e+00
0.0000000e+00
0.0000000e+00
0.0000000e+00
0.0000000e+00
0.0000000e+00
0.0000000e+00
0.0000000e+00
0.0000000e+00
0.0000000e+00
0.0000000e+00
0.0000000e+00
0.0000000e+00
0.0000000e+00
0.0000000e+00
0.0000000e+00
0.0000000e+00
0.0000000e+00
0.0000000e+00
0.0000000e+00
0.0000000e+00
0.0000000e+00
0.0000000e+00
0.0000000e+00
0.0000000e+00
0.0000000e+00
0.0000000e+00
0.0000000e+00
0.0000000e+00
0.0000000e+00
0.0000000e+00
0.0000000e+00
0.0000000e+00
0.0000000e+00
0.0000000e+00
0.0000000e+00
0.0000000e+00
0.0000000e+00
0.0000000e+00
0.0000000e+00
0.0000000e+00
0.0000000e+00
0.0000000e+00
0.0000000e+00
0.0000000e+00
0.0000000e+00
0.0000000e+00
0.0000000e+00
0.0000000e+00
0.0000000e+00
0.0000000e+00
0.0000000e+00
0.0000000e+00
0.0000000e+00
0.0000000e+00
0.0000000e+00
0.0000000e+00
0.0000000e+00
0.0000000e+00
0.0000000e+00
0.0000000e+00
0.0000000e+00
0.0000000e+00
0.0000000e+00
0.0000000e+00
0.0000000e+00
0.0000000e+00
0.0000000e+00
0.0000000e+00
0.0000000e+00
0.0000000e+00
0.0000000e+00
0.0000000e+00
0.0000000e+00
0.0000000e+00
0.0000000e+00
0.0000000e+00
0.0000000e+00
0.0000000e+00
0.0000000e+00
0.0000000e+00
0.0000000e+00
0.0000000e+00
0.0000000e+00
0.0000000e+00
0.0000000e+00
0.0000000e+00
0.0000000e+00
0.0000000e+00
0.0000000e+00
0.0000000e+00
0.0000000e+00
0.0000000e+00
0.0000000e+00
0.0000000e+00
0.0000000e+00
0.0000000e+00
0.0000000e+00
0.0000000e+00
0.0000000e+00
0.0000000e+00
0.0000000e+00
0.0000000e+00
0.0000000e+00
0.0000000e+00
0.0000000e+00
0.0000000e+00
0.0000000e+00
0.0000000e+00
0.0000000e+00
0.0000000e+00
0.0000000e+00
0.0000000e+00
0.0000000e+00
0.0000000e+00
0.0000000e+00
0.0000000e+00
0.0000000e+00
0.0000000e+00
0.0000000e+00
0.0000000e+00
0.0000000e+00
0.0000000e+00
0.0000000e+00
0.0000000e+00
0.0000000e+00
0.0000000e+00
0.0000000e+00
0.0000000e+00
0.0000000e+00
0.0000000e+00
0.0000000e+00
0.0000000e+00
0.0000000e+00
0.0000000e+00
0.0000000e+00
0.0000000e+00
0.0000000e+00
0.0000000e+00
0.0000000e+00
0.0000000e+00
0.0000000e+00
0.0000000e+00
0.0000000e+00
0.0000000e+00
0.0000000e+00
0.0000000e+00
0.0000000e+00
0.0000000e+00
0.0000000e+00
0.0000000e+00
0.0000000e+00
0.0000000e+00
0.0000000e+00
0.0000000e+00
0.0000000e+00
0.0000000e+00
0.0000000e+00
0.0000000e+00
0.0000000e+00
0.0000000e+00
0.0000000e+00
0.0000000e+00
0.0000000e+00
0.0000000e+00
0.0000000e+00
0.0000000e+00
0.0000000e+00
0.0000000e+00
0.0000000e+00
0.0000000e+00
0.0000000e+00
0.0000000e+00
0.0000000e+00
0.0000000e+00
0.0000000e+00
0.0000000e+00
0.0000000e+00
0.0000000e+00
0.0000000e+00
0.0000000e+00
0.0000000e+00
0.0000000e+00
0.0000000e+00
0.0000000e+00
0.0000000e+00
0.0000000e+00
0.0000000e+00
0.0000000e+00
0.0000000e+00
0.0000000e+00
0.0000000e+00
0.0000000e+00
0.0000000e+00
0.0000000e+00
0.0000000e+00
0.0000000e+00
0.0000000e+00
0.0000000e+00
0.0000000e+00
0.0000000e+00
0.0000000e+00
0.0000000e+00
0.0000000e+00
0.0000000e+00
0.0000000e+00
0.0000000e+00
0.0000000e+00
0.0000000e+00
0.0000000e+00
0.0000000e+00
0.0000000e+00
0.0000000e+00
0.0000000e+00
0.0000000e+00
0.0000000e+00
0.0000000e+00
0.0000000e+00
0.0000000e+00
0.0000000e+00
0.0000000e+00
0.0000000e+00
0.0000000e+00
0.0000000e+00
0.0000000e+00
0.0000000e+00
0.0000000e+00
0.0000000e+00
0.0000000e+00
0.0000000e+00
0.0000000e+00
0.0000000e+00
0.0000000e+00
0.0000000e+00
0.0000000e+00
0.0000000e+00
0.0000000e+00
0.0000000e+00
0.0000000e+00
0.0000000e+00
0.0000000e+00
0.0000000e+00
0.0000000e+00
0.0000000e+00
0.0000000e+00
0.0000000e+00
0.0000000e+00
0.0000000e+00
0.0000000e+00
0.0000000e+00
0.0000000e+00
0.0000000e+00
0.0000000e+00
0.0000000e+00
0.0000000e+00
0.0000000e+00
0.0000000e+00
0.0000000e+00
0.0000000e+00
0.0000000e+00
0.0000000e+00
0.0000000e+00
0.0000000e+00
0.0000000e+00
0.0000000e+00
0.0000000e+00
0.0000000e+00
0.0000000e+00
0.0000000e+00
0.0000000e+00
0.0000000e+00
0.0000000e+00
0.0000000e+00
0.0000000e+00
0.0000000e+00
0.0000000e+00
0.0000000e+00
0.0000000e+00
0.0000000e+00
0.0000000e+00
0.0000000e+00
0.0000000e+00
0.0000000e+00
0.0000000e+00
0.0000000e+00
0.0000000e+00
0.0000000e+00
0.0000000e+00
0.0000000e+00
0.0000000e+00
0.0000000e+00
0.0000000e+00
0.0000000e+00
0.0000000e+00
0.0000000e+00
0.0000000e+00
0.0000000e+00
0.0000000e+00
0.0000000e+00
0.0000000e+00
0.0000000e+00
0.0000000e+00
0.0000000e+00
0.0000000e+00
0.0000000e+00
0.0000000e+00
0.0000000e+00
0.0000000e+00
0.0000000e+00
0.0000000e+00
0.0000000e+00
0.0000000e+00
0.0000000e+00
0.0000000e+00
0.0000000e+00
0.0000000e+00
0.0000000e+00
0.0000000e+00
0.0000000e+00
0.0000000e+00
0.0000000e+00
0.0000000e+00
0.0000000e+00
0.0000000e+00
0.0000000e+00
0.0000000e+00
0.0000000e+00
0.0000000e+00
0.0000000e+00
0.0000000e+00
0.0000000e+00
0.0000000e+00
0.0000000e+00
0.0000000e+00
0.0000000e+00
0.0000000e+00
0.0000000e+00
0.0000000e+00
0.0000000e+00
0.0000000e+00
0.0000000e+00
0.0000000e+00
0.0000000e+00
0.0000000e+00
0.0000000e+00
0.0000000e+00
0.0000000e+00
0.0000000e+00
0.0000000e+00
0.0000000e+00
0.0000000e+00
0.0000000e+00
0.0000000e+00
0.0000000e+00
0.0000000e+00
0.0000000e+00
0.0000000e+00
0.0000000e+00
0.0000000e+00
0.0000000e+00
0.0000000e+00
0.0000000e+00
0.0000000e+00
0.0000000e+00
0.0000000e+00
0.0000000e+00
0.0000000e+00
0.0000000e+00
0.0000000e+00
0.0000000e+00
0.0000000e+00
0.0000000e+00
0.0000000e+00
0.0000000e+00
0.0000000e+00
0.0000000e+00
0.0000000e+00
0.0000000e+00
0.0000000e+00
0.0000000e+00
0.0000000e+00
0.0000000e+00
0.0000000e+00
0.0000000e+00
0.0000000e+00
0.0000000e+00
0.0000000e+00
0.0000000e+00
0.0000000e+00
0.0000000e+00
0.0000000e+00
0.0000000e+00
0.0000000e+00
0.0000000e+00
0.0000000e+00
0.0000000e+00
0.0000000e+00
0.0000000e+00
0.0000000e+00
0.0000000e+00
0.0000000e+00
0.0000000e+00
0.0000000e+00
0.0000000e+00
0.0000000e+00
0.0000000e+00
0.0000000e+00
0.0000000e+00
0.0000000e+00
0.0000000e+00
0.0000000e+00
0.0000000e+00
0.0000000e+00
0.0000000e+00
0.0000000e+00
0.0000000e+00
0.0000000e+00
0.0000000e+00
0.0000000e+00
0.0000000e+00
0.0000000e+00
0.0000000e+00
0.0000000e+00
0.0000000e+00
0.0000000e+00
0.0000000e+00
0.0000000e+00
0.0000000e+00
0.0000000e+00
0.0000000e+00
0.0000000e+00
0.0000000e+00
0.0000000e+00
0.0000000e+00
0.0000000e+00
0.0000000e+00
0.0000000e+00
0.0000000e+00
0.0000000e+00
0.0000000e+00
0.0000000e+00
0.0000000e+00
0.0000000e+00
0.0000000e+00
0.0000000e+00
0.0000000e+00
0.0000000e+00
0.0000000e+00
0.0000000e+00
0.0000000e+00
0.0000000e+00
0.0000000e+00
0.0000000e+00
0.0000000e+00
0.0000000e+00
0.0000000e+00
0.0000000e+00
0.0000000e+00
0.0000000e+00
0.0000000e+00
0.0000000e+00
0.0000000e+00
0.0000000e+00
0.0000000e+00
0.0000000e+00
0.0000000e+00
0.0000000e+00
0.0000000e+00
0.0000000e+00
0.0000000e+00
0.0000000e+00
0.0000000e+00
0.0000000e+00
0.0000000e+00
0.0000000e+00
0.0000000e+00
0.0000000e+00
0.0000000e+00
0.0000000e+00
0.0000000e+00
0.0000000e+00
0.0000000e+00
0.0000000e+00
0.0000000e+00
0.0000000e+00
0.0000000e+00
0.0000000e+00
0.0000000e+00
0.0000000e+00
0.0000000e+00
0.0000000e+00
0.0000000e+00
0.0000000e+00
0.0000000e+00
0.0000000e+00
0.0000000e+00
0.0000000e+00
0.0000000e+00
0.0000000e+00
0.0000000e+00
0.0000000e+00
0.0000000e+00
0.0000000e+00
0.0000000e+00
0.0000000e+00
0.0000000e+00
0.0000000e+00
0.0000000e+00
0.0000000e+00
0.0000000e+00
0.0000000e+00
0.0000000e+00
0.0000000e+00
0.0000000e+00
0.0000000e+00
0.0000000e+00
0.0000000e+00
0.0000000e+00
0.0000000e+00
0.0000000e+00
0.0000000e+00
0.0000000e+00
0.0000000e+00
0.0000000e+00
0.0000000e+00
0.0000000e+00
0.0000000e+00
0.0000000e+00
0.0000000e+00
0.0000000e+00
0.0000000e+00
0.0000000e+00
0.0000000e+00
0.0000000e+00
0.0000000e+00
0.0000000e+00
0.0000000e+00
0.0000000e+00
0.0000000e+00
0.0000000e+00
0.0000000e+00
0.0000000e+00
0.0000000e+00
0.0000000e+00
0.0000000e+00
0.0000000e+00
0.0000000e+00
0.0000000e+00
0.0000000e+00
0.0000000e+00
0.0000000e+00
0.0000000e+00
0.0000000e+00
0.0000000e+00
0.0000000e+00
0.0000000e+00
0.0000000e+00
0.0000000e+00
0.0000000e+00
0.0000000e+00
0.0000000e+00
0.0000000e+00
0.0000000e+00
0.0000000e+00
0.0000000e+00
0.0000000e+00
0.0000000e+00
0.0000000e+00
0.0000000e+00
0.0000000e+00
0.0000000e+00
0.0000000e+00
0.0000000e+00
0.0000000e+00
0.0000000e+00
0.0000000e+00
0.0000000e+00
0.0000000e+00
0.0000000e+00
0.0000000e+00
0.0000000e+00
0.0000000e+00
0.0000000e+00
0.0000000e+00
0.0000000e+00
0.0000000e+00
0.0000000e+00
0.0000000e+00
0.0000000e+00
0.0000000e+00
0.0000000e+00
0.0000000e+00
0.0000000e+00
0.0000000e+00
0.0000000e+00
0.0000000e+00
0.0000000e+00
0.0000000e+00
0.0000000e+00
0.0000000e+00
0.0000000e+00
0.0000000e+00
0.0000000e+00
0.0000000e+00
0.0000000e+00
0.0000000e+00
0.0000000e+00
0.0000000e+00
0.0000000e+00
0.0000000e+00
0.0000000e+00
0.0000000e+00
0.0000000e+00
0.0000000e+00
0.0000000e+00
0.0000000e+00
0.0000000e+00
0.0000000e+00
0.0000000e+00
0.0000000e+00
0.0000000e+00
0.0000000e+00
0.0000000e+00
0.0000000e+00
0.0000000e+00
0.0000000e+00
0.0000000e+00
0.0000000e+00
0.0000000e+00
0.0000000e+00
0.0000000e+00
0.0000000e+00
0.0000000e+00
0.0000000e+00
0.0000000e+00
0.0000000e+00
0.0000000e+00
0.0000000e+00
0.0000000e+00
0.0000000e+00
0.0000000e+00
0.0000000e+00
0.0000000e+00
0.0000000e+00
0.0000000e+00
0.0000000e+00
0.0000000e+00
0.0000000e+00
0.0000000e+00
0.0000000e+00
0.0000000e+00
0.0000000e+00
0.0000000e+00
0.0000000e+00
0.0000000e+00
0.0000000e+00
0.0000000e+00
0.0000000e+00
0.0000000e+00
0.0000000e+00
0.0000000e+00
0.0000000e+00
0.0000000e+00
0.0000000e+00
0.0000000e+00
0.0000000e+00
0.0000000e+00
0.0000000e+00
0.0000000e+00
0.0000000e+00
0.0000000e+00
0.0000000e+00
0.0000000e+00
0.0000000e+00
0.0000000e+00
0.0000000e+00
0.0000000e+00
0.0000000e+00
0.0000000e+00
0.0000000e+00
0.0000000e+00
0.0000000e+00
0.0000000e+00
0.0000000e+00
0.0000000e+00
0.0000000e+00
0.0000000e+00
0.0000000e+00
0.0000000e+00
0.0000000e+00
0.0000000e+00
0.0000000e+00
0.0000000e+00
0.0000000e+00
0.0000000e+00
0.0000000e+00
0.0000000e+00
0.0000000e+00
0.0000000e+00
0.0000000e+00
0.0000000e+00
0.0000000e+00
0.0000000e+00
0.0000000e+00
0.0000000e+00
0.0000000e+00
0.0000000e+00
0.0000000e+00
0.0000000e+00
0.0000000e+00
0.0000000e+00
0.0000000e+00
0.0000000e+00
0.0000000e+00
0.0000000e+00
0.0000000e+00
0.0000000e+00
0.0000000e+00
0.0000000e+00
0.0000000e+00
0.0000000e+00
0.0000000e+00
0.0000000e+00
0.0000000e+00
0.0000000e+00
0.0000000e+00
0.0000000e+00
0.0000000e+00
0.0000000e+00
0.0000000e+00
0.0000000e+00
0.0000000e+00
0.0000000e+00
0.0000000e+00
0.0000000e+00
0.0000000e+00
0.0000000e+00
0.0000000e+00
0.0000000e+00
0.0000000e+00
0.0000000e+00
0.0000000e+00
0.0000000e+00
0.0000000e+00
0.0000000e+00
0.0000000e+00
0.0000000e+00
0.0000000e+00
0.0000000e+00
0.0000000e+00
0.0000000e+00
0.0000000e+00
0.0000000e+00
0.0000000e+00
0.0000000e+00
0.0000000e+00
0.0000000e+00
0.0000000e+00
0.0000000e+00
0.0000000e+00
0.0000000e+00
0.0000000e+00
0.0000000e+00
0.0000000e+00
0.0000000e+00
0.0000000e+00
0.0000000e+00
0.0000000e+00
0.0000000e+00
0.0000000e+00
0.0000000e+00
0.0000000e+00
0.0000000e+00
0.0000000e+00
0.0000000e+00
0.0000000e+00
0.0000000e+00
0.0000000e+00
0.0000000e+00
0.0000000e+00
0.0000000e+00
0.0000000e+00
0.0000000e+00
0.0000000e+00
0.0000000e+00
0.0000000e+00
0.0000000e+00
0.0000000e+00
0.0000000e+00
0.0000000e+00
0.0000000e+00
0.0000000e+00
0.0000000e+00
0.0000000e+00
0.0000000e+00
0.0000000e+00
0.0000000e+00
0.0000000e+00
0.0000000e+00
0.0000000e+00
0.0000000e+00
0.0000000e+00
0.0000000e+00
0.0000000e+00
0.0000000e+00
0.0000000e+00
0.0000000e+00
0.0000000e+00
0.0000000e+00
0.0000000e+00
0.0000000e+00
0.0000000e+00
0.0000000e+00
0.0000000e+00
0.0000000e+00
0.0000000e+00
0.0000000e+00
0.0000000e+00
0.0000000e+00
0.0000000e+00
0.0000000e+00
0.0000000e+00
0.0000000e+00
0.0000000e+00
0.0000000e+00
0.0000000e+00
0.0000000e+00
0.0000000e+00
0.0000000e+00
0.0000000e+00
0.0000000e+00
0.0000000e+00
0.0000000e+00
0.0000000e+00
0.0000000e+00
0.0000000e+00
0.0000000e+00
0.0000000e+00
0.0000000e+00
0.0000000e+00
0.0000000e+00
0.0000000e+00
0.0000000e+00
0.0000000e+00
0.0000000e+00
0.0000000e+00
0.0000000e+00
0.0000000e+00
0.0000000e+00
0.0000000e+00
0.0000000e+00
0.0000000e+00
0.0000000e+00
0.0000000e+00
0.0000000e+00
0.0000000e+00
0.0000000e+00
0.0000000e+00
0.0000000e+00
0.0000000e+00
0.0000000e+00
0.0000000e+00
0.0000000e+00
0.0000000e+00
0.0000000e+00
0.0000000e+00
0.0000000e+00
0.0000000e+00
0.0000000e+00
0.0000000e+00
0.0000000e+00
0.0000000e+00
0.0000000e+00
0.0000000e+00
0.0000000e+00
0.0000000e+00
0.0000000e+00
0.0000000e+00
0.0000000e+00
0.0000000e+00
0.0000000e+00
0.0000000e+00
0.0000000e+00
0.0000000e+00
0.0000000e+00
0.0000000e+00
0.0000000e+00
0.0000000e+00
0.0000000e+00
0.0000000e+00
0.0000000e+00
0.0000000e+00
0.0000000e+00
0.0000000e+00
0.0000000e+00
0.0000000e+00
0.0000000e+00
0.0000000e+00
0.0000000e+00
0.0000000e+00
0.0000000e+00
0.0000000e+00
0.0000000e+00
0.0000000e+00
0.0000000e+00
0.0000000e+00
0.0000000e+00
0.0000000e+00
0.0000000e+00
0.0000000e+00
0.0000000e+00
0.0000000e+00
0.0000000e+00
0.0000000e+00
0.0000000e+00
0.0000000e+00
0.0000000e+00
0.0000000e+00
0.0000000e+00
0.0000000e+00
0.0000000e+00
0.0000000e+00
0.0000000e+00
0.0000000e+00
0.0000000e+00
0.0000000e+00
0.0000000e+00
0.0000000e+00
0.0000000e+00
0.0000000e+00
0.0000000e+00
0.0000000e+00
0.0000000e+00
0.0000000e+00
0.0000000e+00
0.0000000e+00
0.0000000e+00
0.0000000e+00
0.0000000e+00
0.0000000e+00
0.0000000e+00
0.0000000e+00
0.0000000e+00
0.0000000e+00
0.0000000e+00
0.0000000e+00
0.0000000e+00
0.0000000e+00
0.0000000e+00
0.0000000e+00
0.0000000e+00
0.0000000e+00
0.0000000e+00
0.0000000e+00
0.0000000e+00
0.0000000e+00
0.0000000e+00
0.0000000e+00
0.0000000e+00
0.0000000e+00
0.0000000e+00
0.0000000e+00
0.0000000e+00
0.0000000e+00
0.0000000e+00
0.0000000e+00
0.0000000e+00
0.0000000e+00
0.0000000e+00
0.0000000e+00
0.0000000e+00
0.0000000e+00
0.0000000e+00
0.0000000e+00
0.0000000e+00
0.0000000e+00
0.0000000e+00
0.0000000e+00
0.0000000e+00
0.0000000e+00
0.0000000e+00
0.0000000e+00
0.0000000e+00
0.0000000e+00
0.0000000e+00
0.0000000e+00
0.0000000e+00
0.0000000e+00
0.0000000e+00
0.0000000e+00
0.0000000e+00
0.0000000e+00
0.0000000e+00
0.0000000e+00
0.0000000e+00
0.0000000e+00
0.0000000e+00
0.0000000e+00
0.0000000e+00
0.0000000e+00
0.0000000e+00
0.0000000e+00
0.0000000e+00
0.0000000e+00
0.0000000e+00
0.0000000e+00
0.0000000e+00
0.0000000e+00
0.0000000e+00
0.0000000e+00
0.0000000e+00
0.0000000e+00
0.0000000e+00
0.0000000e+00
0.0000000e+00
0.0000000e+00
0.0000000e+00
0.0000000e+00
0.0000000e+00
0.0000000e+00
0.0000000e+00
0.0000000e+00
0.0000000e+00
0.0000000e+00
0.0000000e+00
0.0000000e+00
0.0000000e+00
0.0000000e+00
0.0000000e+00
0.0000000e+00
0.0000000e+00
0.0000000e+00
0.0000000e+00
0.0000000e+00
0.0000000e+00
0.0000000e+00
0.0000000e+00
0.0000000e+00
0.0000000e+00
0.0000000e+00
0.0000000e+00
0.0000000e+00
0.0000000e+00
0.0000000e+00
0.0000000e+00
0.0000000e+00
0.0000000e+00
0.0000000e+00
0.0000000e+00
0.0000000e+00
0.0000000e+00
0.0000000e+00
0.0000000e+00
0.0000000e+00
0.0000000e+00
0.0000000e+00
0.0000000e+00
0.0000000e+00
0.0000000e+00
0.0000000e+00
0.0000000e+00
0.0000000e+00
0.0000000e+00
0.0000000e+00
0.0000000e+00
0.0000000e+00
0.0000000e+00
0.0000000e+00
0.0000000e+00
0.0000000e+00
0.0000000e+00
0.0000000e+00
0.0000000e+00
0.0000000e+00
0.0000000e+00
0.0000000e+00
0.0000000e+00
0.0000000e+00
0.0000000e+00
0.0000000e+00
0.0000000e+00
0.0000000e+00
0.0000000e+00
0.0000000e+00
0.0000000e+00
0.0000000e+00
0.0000000e+00
0.0000000e+00
0.0000000e+00
0.0000000e+00
0.0000000e+00
0.0000000e+00
0.0000000e+00
0.0000000e+00
0.0000000e+00
0.0000000e+00
0.0000000e+00
0.0000000e+00
0.0000000e+00
0.0000000e+00
0.0000000e+00
0.0000000e+00
0.0000000e+00
0.0000000e+00
0.0000000e+00
0.0000000e+00
0.0000000e+00
0.0000000e+00
0.0000000e+00
0.0000000e+00
0.0000000e+00
0.0000000e+00
0.0000000e+00
0.0000000e+00
0.0000000e+00
0.0000000e+00
0.0000000e+00
0.0000000e+00
0.0000000e+00
0.0000000e+00
0.0000000e+00
0.0000000e+00
0.0000000e+00
0.0000000e+00
0.0000000e+00
0.0000000e+00
0.0000000e+00
0.0000000e+00
0.0000000e+00
0.0000000e+00
0.0000000e+00
0.0000000e+00
0.0000000e+00
0.0000000e+00
0.0000000e+00
0.0000000e+00
0.0000000e+00
0.0000000e+00
0.0000000e+00
0.0000000e+00
0.0000000e+00
0.0000000e+00
0.0000000e+00
0.0000000e+00
0.0000000e+00
0.0000000e+00
0.0000000e+00
0.0000000e+00
0.0000000e+00
0.0000000e+00
0.0000000e+00
0.0000000e+00
0.0000000e+00
0.0000000e+00
0.0000000e+00
0.0000000e+00
0.0000000e+00
0.0000000e+00
0.0000000e+00
0.0000000e+00
0.0000000e+00
0.0000000e+00
0.0000000e+00
0.0000000e+00
0.0000000e+00
0.0000000e+00
0.0000000e+00
0.0000000e+00
0.0000000e+00
0.0000000e+00
0.0000000e+00
0.0000000e+00
0.0000000e+00
0.0000000e+00
0.0000000e+00
0.0000000e+00
0.0000000e+00
0.0000000e+00
0.0000000e+00
0.0000000e+00
0.0000000e+00
0.0000000e+00
0.0000000e+00
0.0000000e+00
0.0000000e+00
0.0000000e+00
0.0000000e+00
0.0000000e+00
0.0000000e+00
0.0000000e+00
0.0000000e+00
0.0000000e+00
0.0000000e+00
0.0000000e+00
0.0000000e+00
0.0000000e+00
0.0000000e+00
0.0000000e+00
0.0000000e+00
0.0000000e+00
0.0000000e+00
0.0000000e+00
0.0000000e+00
0.0000000e+00
0.0000000e+00
0.0000000e+00
0.0000000e+00
0.0000000e+00
0.0000000e+00
0.0000000e+00
0.0000000e+00
0.0000000e+00
0.0000000e+00
0.0000000e+00
0.0000000e+00
0.0000000e+00
0.0000000e+00
0.0000000e+00
0.0000000e+00
0.0000000e+00
0.0000000e+00
0.0000000e+00
0.0000000e+00
0.0000000e+00
0.0000000e+00
0.0000000e+00
0.0000000e+00
0.0000000e+00
0.0000000e+00
0.0000000e+00
0.0000000e+00
0.0000000e+00
0.0000000e+00
0.0000000e+00
0.0000000e+00
0.0000000e+00
0.0000000e+00
0.0000000e+00
0.0000000e+00
0.0000000e+00
0.0000000e+00
0.0000000e+00
0.0000000e+00
0.0000000e+00
0.0000000e+00
0.0000000e+00
0.0000000e+00
0.0000000e+00
0.0000000e+00
0.0000000e+00
0.0000000e+00
0.0000000e+00
0.0000000e+00
0.0000000e+00
0.0000000e+00
0.0000000e+00
0.0000000e+00
0.0000000e+00
0.0000000e+00
0.0000000e+00
0.0000000e+00
0.0000000e+00
0.0000000e+00
0.0000000e+00
0.0000000e+00
0.0000000e+00
0.0000000e+00
0.0000000e+00
0.0000000e+00
0.0000000e+00
0.0000000e+00
0.0000000e+00
0.0000000e+00
0.0000000e+00
0.0000000e+00
0.0000000e+00
0.0000000e+00
0.0000000e+00
0.0000000e+00
0.0000000e+00
0.0000000e+00
0.0000000e+00
0.0000000e+00
0.0000000e+00
0.0000000e+00
0.0000000e+00
0.0000000e+00
0.0000000e+00
0.0000000e+00
0.0000000e+00
0.0000000e+00
0.0000000e+00
0.0000000e+00
0.0000000e+00
0.0000000e+00
0.0000000e+00
0.0000000e+00
0.0000000e+00
0.0000000e+00
0.0000000e+00
0.0000000e+00
0.0000000e+00
0.0000000e+00
0.0000000e+00
0.0000000e+00
0.0000000e+00
0.0000000e+00
0.0000000e+00
0.0000000e+00
0.0000000e+00
0.0000000e+00
0.0000000e+00
0.0000000e+00
0.0000000e+00
0.0000000e+00
0.0000000e+00
0.0000000e+00
0.0000000e+00
0.0000000e+00
0.0000000e+00
0.0000000e+00
0.0000000e+00
0.0000000e+00
0.0000000e+00
0.0000000e+00
0.0000000e+00
0.0000000e+00
0.0000000e+00
0.0000000e+00
0.0000000e+00
0.0000000e+00
0.0000000e+00
0.0000000e+00
0.0000000e+00
0.0000000e+00
0.0000000e+00
0.0000000e+00
0.0000000e+00
0.0000000e+00
0.0000000e+00
0.0000000e+00
0.0000000e+00
0.0000000e+00
0.0000000e+00
0.0000000e+00
0.0000000e+00
0.0000000e+00
0.0000000e+00
0.0000000e+00
0.0000000e+00
0.0000000e+00
0.0000000e+00
0.0000000e+00
0.0000000e+00
0.0000000e+00
0.0000000e+00
0.0000000e+00
0.0000000e+00
0.0000000e+00
0.0000000e+00
0.0000000e+00
0.0000000e+00
0.0000000e+00
0.0000000e+00
0.0000000e+00
0.0000000e+00
0.0000000e+00
0.0000000e+00
0.0000000e+00
0.0000000e+00
0.0000000e+00
0.0000000e+00
0.0000000e+00
0.0000000e+00
0.0000000e+00
0.0000000e+00
0.0000000e+00
0.0000000e+00
0.0000000e+00
0.0000000e+00
0.0000000e+00
0.0000000e+00
0.0000000e+00
0.0000000e+00
0.0000000e+00
0.0000000e+00
0.0000000e+00
0.0000000e+00
0.0000000e+00
0.0000000e+00
0.0000000e+00
0.0000000e+00
0.0000000e+00
0.0000000e+00
0.0000000e+00
0.0000000e+00
0.0000000e+00
0.0000000e+00
0.0000000e+00
0.0000000e+00
0.0000000e+00
0.0000000e+00
0.0000000e+00
0.0000000e+00
0.0000000e+00
0.0000000e+00
0.0000000e+00
0.0000000e+00
0.0000000e+00
0.0000000e+00
0.0000000e+00
0.0000000e+00
0.0000000e+00
0.0000000e+00
0.0000000e+00
0.0000000e+00
0.0000000e+00
0.0000000e+00
0.0000000e+00
0.0000000e+00
0.0000000e+00
0.0000000e+00
0.0000000e+00
0.0000000e+00
0.0000000e+00
0.0000000e+00
0.0000000e+00
0.0000000e+00
0.0000000e+00
0.0000000e+00
0.0000000e+00
0.0000000e+00
0.0000000e+00
0.0000000e+00
0.0000000e+00
0.0000000e+00
0.0000000e+00
0.0000000e+00
0.0000000e+00
0.0000000e+00
0.0000000e+00
0.0000000e+00
0.0000000e+00
0.0000000e+00
0.0000000e+00
0.0000000e+00
0.0000000e+00
0.0000000e+00
0.0000000e+00
0.0000000e+00
0.0000000e+00
0.0000000e+00
0.0000000e+00
0.0000000e+00
0.0000000e+00
0.0000000e+00
0.0000000e+00
0.0000000e+00
0.0000000e+00
0.0000000e+00
0.0000000e+00
0.0000000e+00
0.0000000e+00
0.0000000e+00
0.0000000e+00
0.0000000e+00
0.0000000e+00
0.0000000e+00
0.0000000e+00
0.0000000e+00
0.0000000e+00
0.0000000e+00
0.0000000e+00
0.0000000e+00
0.0000000e+00
0.0000000e+00
0.0000000e+00
0.0000000e+00
0.0000000e+00
0.0000000e+00
0.0000000e+00
0.0000000e+00
0.0000000e+00
0.0000000e+00
0.0000000e+00
0.0000000e+00
0.0000000e+00
0.0000000e+00
0.0000000e+00
0.0000000e+00
0.0000000e+00
0.0000000e+00
0.0000000e+00
0.0000000e+00
0.0000000e+00
0.0000000e+00
0.0000000e+00
0.0000000e+00
0.0000000e+00
0.0000000e+00
0.0000000e+00
0.0000000e+00
0.0000000e+00
0.0000000e+00
0.0000000e+00
0.0000000e+00
0.0000000e+00
0.0000000e+00
0.0000000e+00
0.0000000e+00
0.0000000e+00
0.0000000e+00
0.0000000e+00
0.0000000e+00
0.0000000e+00
0.0000000e+00
0.0000000e+00
0.0000000e+00
0.0000000e+00
0.0000000e+00
0.0000000e+00
0.0000000e+00
0.0000000e+00
0.0000000e+00
0.0000000e+00
0.0000000e+00
0.0000000e+00
0.0000000e+00
0.0000000e+00
0.0000000e+00
0.0000000e+00
0.0000000e+00
0.0000000e+00
0.0000000e+00
0.0000000e+00
0.0000000e+00
0.0000000e+00
0.0000000e+00
0.0000000e+00
0.0000000e+00
0.0000000e+00
0.0000000e+00
0.0000000e+00
0.0000000e+00
0.0000000e+00
0.0000000e+00
0.0000000e+00
0.0000000e+00
0.0000000e+00
0.0000000e+00
0.0000000e+00
0.0000000e+00
0.0000000e+00
0.0000000e+00
0.0000000e+00
0.0000000e+00
0.0000000e+00
0.0000000e+00
0.0000000e+00
0.0000000e+00
0.0000000e+00
0.0000000e+00
0.0000000e+00
0.0000000e+00
0.0000000e+00
0.0000000e+00
0.0000000e+00
0.0000000e+00
0.0000000e+00
0.0000000e+00
0.0000000e+00
0.0000000e+00
0.0000000e+00
0.0000000e+00
0.0000000e+00
0.0000000e+00
0.0000000e+00
0.0000000e+00
0.0000000e+00
0.0000000e+00
0.0000000e+00
0.0000000e+00
0.0000000e+00
0.0000000e+00
0.0000000e+00
0.0000000e+00
0.0000000e+00
0.0000000e+00
0.0000000e+00
0.0000000e+00
0.0000000e+00
0.0000000e+00
0.0000000e+00
0.0000000e+00
0.0000000e+00
0.0000000e+00
0.0000000e+00
0.0000000e+00
0.0000000e+00
0.0000000e+00
0.0000000e+00
0.0000000e+00
0.0000000e+00
0.0000000e+00
0.0000000e+00
0.0000000e+00
0.0000000e+00
0.0000000e+00
0.0000000e+00
0.0000000e+00
0.0000000e+00
0.0000000e+00
0.0000000e+00
0.0000000e+00
0.0000000e+00
0.0000000e+00
0.0000000e+00
0.0000000e+00
0.0000000e+00
0.0000000e+00
0.0000000e+00
0.0000000e+00
0.0000000e+00
0.0000000e+00
0.0000000e+00
0.0000000e+00
0.0000000e+00
0.0000000e+00
0.0000000e+00
0.0000000e+00
0.0000000e+00
0.0000000e+00
0.0000000e+00
0.0000000e+00
0.0000000e+00
0.0000000e+00
0.0000000e+00
0.0000000e+00
0.0000000e+00
0.0000000e+00
0.0000000e+00
0.0000000e+00
0.0000000e+00
0.0000000e+00
0.0000000e+00
0.0000000e+00
0.0000000e+00
0.0000000e+00
0.0000000e+00
0.0000000e+00
0.0000000e+00
0.0000000e+00
0.0000000e+00
0.0000000e+00
0.0000000e+00
0.0000000e+00
0.0000000e+00
0.0000000e+00
0.0000000e+00
0.0000000e+00
0.0000000e+00
0.0000000e+00
0.0000000e+00
0.0000000e+00
0.0000000e+00
0.0000000e+00
0.0000000e+00
0.0000000e+00
0.0000000e+00
0.0000000e+00
0.0000000e+00
0.0000000e+00
0.0000000e+00
0.0000000e+00
0.0000000e+00
0.0000000e+00
0.0000000e+00
0.0000000e+00
0.0000000e+00
0.0000000e+00
0.0000000e+00
0.0000000e+00
0.0000000e+00
0.0000000e+00
0.0000000e+00
0.0000000e+00
0.0000000e+00
0.0000000e+00
0.0000000e+00
0.0000000e+00
0.0000000e+00
0.0000000e+00
0.0000000e+00
0.0000000e+00
0.0000000e+00
0.0000000e+00
0.0000000e+00
0.0000000e+00
0.0000000e+00
0.0000000e+00
0.0000000e+00
0.0000000e+00
0.0000000e+00
0.0000000e+00
0.0000000e+00
0.0000000e+00
0.0000000e+00
0.0000000e+00
0.0000000e+00
0.0000000e+00
0.0000000e+00
0.0000000e+00
0.0000000e+00
0.0000000e+00
0.0000000e+00
0.0000000e+00
0.0000000e+00
0.0000000e+00
0.0000000e+00
0.0000000e+00
0.0000000e+00
0.0000000e+00
0.0000000e+00
0.0000000e+00
0.0000000e+00
0.0000000e+00
0.0000000e+00
0.0000000e+00
0.0000000e+00
0.0000000e+00
0.0000000e+00
0.0000000e+00
0.0000000e+00
0.0000000e+00
0.0000000e+00
0.0000000e+00
0.0000000e+00
0.0000000e+00
0.0000000e+00
0.0000000e+00
0.0000000e+00
0.0000000e+00
0.0000000e+00
0.0000000e+00
0.0000000e+00
0.0000000e+00
0.0000000e+00
0.0000000e+00
0.0000000e+00
0.0000000e+00
0.0000000e+00
0.0000000e+00
0.0000000e+00
0.0000000e+00
0.0000000e+00
0.0000000e+00
0.0000000e+00
0.0000000e+00
0.0000000e+00
0.0000000e+00
0.0000000e+00
0.0000000e+00
0.0000000e+00
0.0000000e+00
0.0000000e+00
0.0000000e+00
0.0000000e+00
0.0000000e+00
0.0000000e+00
0.0000000e+00
0.0000000e+00
0.0000000e+00
0.0000000e+00
0.0000000e+00
0.0000000e+00
0.0000000e+00
0.0000000e+00
0.0000000e+00
0.0000000e+00
0.0000000e+00
0.0000000e+00
0.0000000e+00
0.0000000e+00
0.0000000e+00
0.0000000e+00
0.0000000e+00
0.0000000e+00
0.0000000e+00
0.0000000e+00
0.0000000e+00
0.0000000e+00
0.0000000e+00
0.0000000e+00
0.0000000e+00
0.0000000e+00
0.0000000e+00
0.0000000e+00
0.0000000e+00
0.0000000e+00
0.0000000e+00
0.0000000e+00
0.0000000e+00
0.0000000e+00
0.0000000e+00
0.0000000e+00
0.0000000e+00
0.0000000e+00
0.0000000e+00
0.0000000e+00
0.0000000e+00
0.0000000e+00
0.0000000e+00
0.0000000e+00
0.0000000e+00
0.0000000e+00
0.0000000e+00
0.0000000e+00
0.0000000e+00
0.0000000e+00
0.0000000e+00
0.0000000e+00
0.0000000e+00
0.0000000e+00
0.0000000e+00
0.0000000e+00
0.0000000e+00
0.0000000e+00
0.0000000e+00
0.0000000e+00
0.0000000e+00
0.0000000e+00
0.0000000e+00
0.0000000e+00
0.0000000e+00
0.0000000e+00
0.0000000e+00
0.0000000e+00
0.0000000e+00
0.0000000e+00
0.0000000e+00
0.0000000e+00
0.0000000e+00
0.0000000e+00
0.0000000e+00
0.0000000e+00
0.0000000e+00
0.0000000e+00
0.0000000e+00
0.0000000e+00
0.0000000e+00
0.0000000e+00
0.0000000e+00
0.0000000e+00
0.0000000e+00
0.0000000e+00
0.0000000e+00
0.0000000e+00
0.0000000e+00
0.0000000e+00
0.0000000e+00
0.0000000e+00
0.0000000e+00
0.0000000e+00
0.0000000e+00
0.0000000e+00
0.0000000e+00
0.0000000e+00
0.0000000e+00
0.0000000e+00
0.0000000e+00
0.0000000e+00
0.0000000e+00
0.0000000e+00
0.0000000e+00
0.0000000e+00
0.0000000e+00
0.0000000e+00
0.0000000e+00
0.0000000e+00
0.0000000e+00
0.0000000e+00
0.0000000e+00
0.0000000e+00
0.0000000e+00
0.0000000e+00
0.0000000e+00
0.0000000e+00
0.0000000e+00
0.0000000e+00
0.0000000e+00
0.0000000e+00
0.0000000e+00
0.0000000e+00
0.0000000e+00
0.0000000e+00
0.0000000e+00
0.0000000e+00
0.0000000e+00
0.0000000e+00
0.0000000e+00
0.0000000e+00
0.0000000e+00
0.0000000e+00
0.0000000e+00
0.0000000e+00
0.0000000e+00
0.0000000e+00
0.0000000e+00
0.0000000e+00
0.0000000e+00
0.0000000e+00
0.0000000e+00
0.0000000e+00
0.0000000e+00
0.0000000e+00
0.0000000e+00
0.0000000e+00
0.0000000e+00
0.0000000e+00
0.0000000e+00
0.0000000e+00
0.0000000e+00
0.0000000e+00
0.0000000e+00
0.0000000e+00
0.0000000e+00
0.0000000e+00
0.0000000e+00
0.0000000e+00
0.0000000e+00
0.0000000e+00
0.0000000e+00
0.0000000e+00
0.0000000e+00
0.0000000e+00
0.0000000e+00
0.0000000e+00
0.0000000e+00
0.0000000e+00
0.0000000e+00
0.0000000e+00
0.0000000e+00
0.0000000e+00
0.0000000e+00
0.0000000e+00
0.0000000e+00
0.0000000e+00
0.0000000e+00
0.0000000e+00
0.0000000e+00
0.0000000e+00
0.0000000e+00
0.0000000e+00
0.0000000e+00
0.0000000e+00
0.0000000e+00
0.0000000e+00
0.0000000e+00
0.0000000e+00
0.0000000e+00
0.0000000e+00
0.0000000e+00
0.0000000e+00
0.0000000e+00
0.0000000e+00
0.0000000e+00
0.0000000e+00
0.0000000e+00
0.0000000e+00
0.0000000e+00
0.0000000e+00
0.0000000e+00
0.0000000e+00
0.0000000e+00
0.0000000e+00
0.0000000e+00
0.0000000e+00
0.0000000e+00
0.0000000e+00
0.0000000e+00
0.0000000e+00
0.0000000e+00
0.0000000e+00
0.0000000e+00
0.0000000e+00
0.0000000e+00
0.0000000e+00
0.0000000e+00
0.0000000e+00
0.0000000e+00
0.0000000e+00
0.0000000e+00
0.0000000e+00
0.0000000e+00
0.0000000e+00
0.0000000e+00
0.0000000e+00
0.0000000e+00
0.0000000e+00
0.0000000e+00
0.0000000e+00
0.0000000e+00
0.0000000e+00
0.0000000e+00
0.0000000e+00
0.0000000e+00
0.0000000e+00
0.0000000e+00
0.0000000e+00
0.0000000e+00
0.0000000e+00
0.0000000e+00
0.0000000e+00
0.0000000e+00
0.0000000e+00
0.0000000e+00
0.0000000e+00
0.0000000e+00
0.0000000e+00
0.0000000e+00
0.0000000e+00
0.0000000e+00
0.0000000e+00
0.0000000e+00
0.0000000e+00
0.0000000e+00
0.0000000e+00
0.0000000e+00
0.0000000e+00
0.0000000e+00
0.0000000e+00
0.0000000e+00
0.0000000e+00
0.0000000e+00
0.0000000e+00
0.0000000e+00
0.0000000e+00
0.0000000e+00
0.0000000e+00
0.0000000e+00
0.0000000e+00
0.0000000e+00
0.0000000e+00
0.0000000e+00
0.0000000e+00
0.0000000e+00
0.0000000e+00
0.0000000e+00
0.0000000e+00
0.0000000e+00
0.0000000e+00
0.0000000e+00
0.0000000e+00
0.0000000e+00
0.0000000e+00
0.0000000e+00
0.0000000e+00
0.0000000e+00
0.0000000e+00
0.0000000e+00
0.0000000e+00
0.0000000e+00
0.0000000e+00
0.0000000e+00
0.0000000e+00
0.0000000e+00
0.0000000e+00
0.0000000e+00
0.0000000e+00
0.0000000e+00
0.0000000e+00
0.0000000e+00
0.0000000e+00
0.0000000e+00
0.0000000e+00
0.0000000e+00
0.0000000e+00
0.0000000e+00
0.0000000e+00
0.0000000e+00
0.0000000e+00
0.0000000e+00
0.0000000e+00
0.0000000e+00
0.0000000e+00
0.0000000e+00
0.0000000e+00
0.0000000e+00
0.0000000e+00
0.0000000e+00
0.0000000e+00
0.0000000e+00
0.0000000e+00
0.0000000e+00
0.0000000e+00
0.0000000e+00
0.0000000e+00
0.0000000e+00
0.0000000e+00
0.0000000e+00
0.0000000e+00
0.0000000e+00
0.0000000e+00
0.0000000e+00
0.0000000e+00
0.0000000e+00
0.0000000e+00
0.0000000e+00
0.0000000e+00
0.0000000e+00
0.0000000e+00
0.0000000e+00
0.0000000e+00
0.0000000e+00
0.0000000e+00
0.0000000e+00
0.0000000e+00
0.0000000e+00
0.0000000e+00
0.0000000e+00
0.0000000e+00
0.0000000e+00
0.0000000e+00
0.0000000e+00
0.0000000e+00
0.0000000e+00
0.0000000e+00
0.0000000e+00
0.0000000e+00
0.0000000e+00
0.0000000e+00
0.0000000e+00
0.0000000e+00
0.0000000e+00
0.0000000e+00
0.0000000e+00
0.0000000e+00
0.0000000e+00
0.0000000e+00
0.0000000e+00
0.0000000e+00
0.0000000e+00
0.0000000e+00
0.0000000e+00
0.0000000e+00
0.0000000e+00
0.0000000e+00
0.0000000e+00
0.0000000e+00
0.0000000e+00
0.0000000e+00
0.0000000e+00
0.0000000e+00
0.0000000e+00
0.0000000e+00
0.0000000e+00
0.0000000e+00
0.0000000e+00
0.0000000e+00
0.0000000e+00
0.0000000e+00
0.0000000e+00
0.0000000e+00
0.0000000e+00
0.0000000e+00
0.0000000e+00
0.0000000e+00
0.0000000e+00
0.0000000e+00
0.0000000e+00
0.0000000e+00
0.0000000e+00
0.0000000e+00
0.0000000e+00
0.0000000e+00
0.0000000e+00
0.0000000e+00
0.0000000e+00
0.0000000e+00
0.0000000e+00
0.0000000e+00
0.0000000e+00
0.0000000e+00
0.0000000e+00
0.0000000e+00
0.0000000e+00
0.0000000e+00
0.0000000e+00
0.0000000e+00
0.0000000e+00
0.0000000e+00
0.0000000e+00
0.0000000e+00
0.0000000e+00
0.0000000e+00
0.0000000e+00
0.0000000e+00
0.0000000e+00
0.0000000e+00
0.0000000e+00
0.0000000e+00
0.0000000e+00
0.0000000e+00
0.0000000e+00
0.0000000e+00
0.0000000e+00
0.0000000e+00
0.0000000e+00
0.0000000e+00
0.0000000e+00
0.0000000e+00
0.0000000e+00
0.0000000e+00
0.0000000e+00
0.0000000e+00
0.0000000e+00
0.0000000e+00
0.0000000e+00
0.0000000e+00
0.0000000e+00
0.0000000e+00
0.0000000e+00
0.0000000e+00
0.0000000e+00
0.0000000e+00
0.0000000e+00
0.0000000e+00
0.0000000e+00
0.0000000e+00
0.0000000e+00
0.0000000e+00
0.0000000e+00
0.0000000e+00
0.0000000e+00
0.0000000e+00
0.0000000e+00
0.0000000e+00
0.0000000e+00
0.0000000e+00
0.0000000e+00
0.0000000e+00
0.0000000e+00
0.0000000e+00
0.0000000e+00
0.0000000e+00
0.0000000e+00
0.0000000e+00
0.0000000e+00
0.0000000e+00
0.0000000e+00
0.0000000e+00
0.0000000e+00
0.0000000e+00
0.0000000e+00
0.0000000e+00
0.0000000e+00
0.0000000e+00
0.0000000e+00
0.0000000e+00
0.0000000e+00
0.0000000e+00
0.0000000e+00
0.0000000e+00
0.0000000e+00
0.0000000e+00
0.0000000e+00
0.0000000e+00
0.0000000e+00
0.0000000e+00
0.0000000e+00
0.0000000e+00
0.0000000e+00
0.0000000e+00
0.0000000e+00
0.0000000e+00
0.0000000e+00
0.0000000e+00
0.0000000e+00
0.0000000e+00
0.0000000e+00
0.0000000e+00
0.0000000e+00
0.0000000e+00
0.0000000e+00
0.0000000e+00
0.0000000e+00
0.0000000e+00
0.0000000e+00
0.0000000e+00
0.0000000e+00
0.0000000e+00
0.0000000e+00
0.0000000e+00
0.0000000e+00
0.0000000e+00
0.0000000e+00
0.0000000e+00
0.0000000e+00
0.0000000e+00
0.0000000e+00
0.0000000e+00
0.0000000e+00
0.0000000e+00
0.0000000e+00
0.0000000e+00
0.0000000e+00
0.0000000e+00
0.0000000e+00
0.0000000e+00
0.0000000e+00
0.0000000e+00
0.0000000e+00
0.0000000e+00
0.0000000e+00
0.0000000e+00
0.0000000e+00
0.0000000e+00
0.0000000e+00
0.0000000e+00
0.0000000e+00
0.0000000e+00
0.0000000e+00
0.0000000e+00
0.0000000e+00
0.0000000e+00
0.0000000e+00
0.0000000e+00
0.0000000e+00
0.0000000e+00
0.0000000e+00
0.0000000e+00
0.0000000e+00
0.0000000e+00
0.0000000e+00
0.0000000e+00
0.0000000e+00
0.0000000e+00
0.0000000e+00
0.0000000e+00
0.0000000e+00
0.0000000e+00
0.0000000e+00
0.0000000e+00
0.0000000e+00
0.0000000e+00
0.0000000e+00
0.0000000e+00
0.0000000e+00
0.0000000e+00
0.0000000e+00
0.0000000e+00
0.0000000e+00
0.0000000e+00
0.0000000e+00
0.0000000e+00
0.0000000e+00
0.0000000e+00
0.0000000e+00
0.0000000e+00
0.0000000e+00
0.0000000e+00
0.0000000e+00
0.0000000e+00
0.0000000e+00
0.0000000e+00
0.0000000e+00
0.0000000e+00
0.0000000e+00
0.0000000e+00
0.0000000e+00
0.0000000e+00
0.0000000e+00
0.0000000e+00
0.0000000e+00
0.0000000e+00
0.0000000e+00
0.0000000e+00
0.0000000e+00
0.0000000e+00
0.0000000e+00
0.0000000e+00
0.0000000e+00
0.0000000e+00
0.0000000e+00
0.0000000e+00
0.0000000e+00
0.0000000e+00
0.0000000e+00
0.0000000e+00
0.0000000e+00
0.0000000e+00
0.0000000e+00
0.0000000e+00
0.0000000e+00
0.0000000e+00
0.0000000e+00
0.0000000e+00
0.0000000e+00
0.0000000e+00
0.0000000e+00
0.0000000e+00
0.0000000e+00
0.0000000e+00
0.0000000e+00
0.0000000e+00
0.0000000e+00
0.0000000e+00
0.0000000e+00
0.0000000e+00
0.0000000e+00
0.0000000e+00
0.0000000e+00
0.0000000e+00
0.0000000e+00
0.0000000e+00
0.0000000e+00
0.0000000e+00
0.0000000e+00
0.0000000e+00
0.0000000e+00
0.0000000e+00
0.0000000e+00
0.0000000e+00
0.0000000e+00
0.0000000e+00
0.0000000e+00
0.0000000e+00
0.0000000e+00
0.0000000e+00
0.0000000e+00
0.0000000e+00
0.0000000e+00
0.0000000e+00
0.0000000e+00
0.0000000e+00
0.0000000e+00
0.0000000e+00
0.0000000e+00
0.0000000e+00
0.0000000e+00
0.0000000e+00
0.0000000e+00
0.0000000e+00
0.0000000e+00
0.0000000e+00
0.0000000e+00
0.0000000e+00
0.0000000e+00
0.0000000e+00
0.0000000e+00
0.0000000e+00
0.0000000e+00
0.0000000e+00
0.0000000e+00
0.0000000e+00
0.0000000e+00
0.0000000e+00
0.0000000e+00
0.0000000e+00
0.0000000e+00
0.0000000e+00
0.0000000e+00
0.0000000e+00
0.0000000e+00
0.0000000e+00
0.0000000e+00
0.0000000e+00
0.0000000e+00
0.0000000e+00
0.0000000e+00
0.0000000e+00
0.0000000e+00
0.0000000e+00
0.0000000e+00
0.0000000e+00
0.0000000e+00
0.0000000e+00
0.0000000e+00
0.0000000e+00
0.0000000e+00
0.0000000e+00
0.0000000e+00
0.0000000e+00
0.0000000e+00
0.0000000e+00
0.0000000e+00
0.0000000e+00
0.0000000e+00
0.0000000e+00
0.0000000e+00
0.0000000e+00
0.0000000e+00
0.0000000e+00
0.0000000e+00
0.0000000e+00
0.0000000e+00
0.0000000e+00
0.0000000e+00
0.0000000e+00
0.0000000e+00
0.0000000e+00
0.0000000e+00
0.0000000e+00
0.0000000e+00
0.0000000e+00
0.0000000e+00
0.0000000e+00
0.0000000e+00
0.0000000e+00
0.0000000e+00
0.0000000e+00
0.0000000e+00
0.0000000e+00
0.0000000e+00
0.0000000e+00
0.0000000e+00
0.0000000e+00
0.0000000e+00
0.0000000e+00
0.0000000e+00
0.0000000e+00
0.0000000e+00
0.0000000e+00
0.0000000e+00
0.0000000e+00
0.0000000e+00
0.0000000e+00
0.0000000e+00
0.0000000e+00
0.0000000e+00
0.0000000e+00
0.0000000e+00
0.0000000e+00
0.0000000e+00
0.0000000e+00
0.0000000e+00
0.0000000e+00
0.0000000e+00
0.0000000e+00
0.0000000e+00
0.0000000e+00
0.0000000e+00
0.0000000e+00
0.0000000e+00
0.0000000e+00
0.0000000e+00
0.0000000e+00
0.0000000e+00
0.0000000e+00
0.0000000e+00
0.0000000e+00
0.0000000e+00
0.0000000e+00
0.0000000e+00
0.0000000e+00
0.0000000e+00
0.0000000e+00
0.0000000e+00
0.0000000e+00
0.0000000e+00
0.0000000e+00
0.0000000e+00
0.0000000e+00
0.0000000e+00
0.0000000e+00
0.0000000e+00
0.0000000e+00
0.0000000e+00
0.0000000e+00
0.0000000e+00
0.0000000e+00
0.0000000e+00
0.0000000e+00
0.0000000e+00
0.0000000e+00
0.0000000e+00
0.0000000e+00
0.0000000e+00
0.0000000e+00
0.0000000e+00
0.0000000e+00
0.0000000e+00
0.0000000e+00
0.0000000e+00
0.0000000e+00
0.0000000e+00
0.0000000e+00
0.0000000e+00
0.0000000e+00
0.0000000e+00
0.0000000e+00
0.0000000e+00
0.0000000e+00
0.0000000e+00
0.0000000e+00
0.0000000e+00
0.0000000e+00
0.0000000e+00
0.0000000e+00
0.0000000e+00
0.0000000e+00
0.0000000e+00
0.0000000e+00
0.0000000e+00
0.0000000e+00
0.0000000e+00
0.0000000e+00
0.0000000e+00
0.0000000e+00
0.0000000e+00
0.0000000e+00
0.0000000e+00
0.0000000e+00
0.0000000e+00
0.0000000e+00
0.0000000e+00
0.0000000e+00
0.0000000e+00
0.0000000e+00
0.0000000e+00
0.0000000e+00
0.0000000e+00
0.0000000e+00
0.0000000e+00
0.0000000e+00
0.0000000e+00
0.0000000e+00
0.0000000e+00
0.0000000e+00
0.0000000e+00
0.0000000e+00
0.0000000e+00
0.0000000e+00
0.0000000e+00
0.0000000e+00
0.0000000e+00
0.0000000e+00
0.0000000e+00
0.0000000e+00
0.0000000e+00
0.0000000e+00
0.0000000e+00
0.0000000e+00
0.0000000e+00
0.0000000e+00
0.0000000e+00
0.0000000e+00
0.0000000e+00
0.0000000e+00
0.0000000e+00
0.0000000e+00
0.0000000e+00
0.0000000e+00
0.0000000e+00
0.0000000e+00
0.0000000e+00
0.0000000e+00
0.0000000e+00
0.0000000e+00
0.0000000e+00
0.0000000e+00
0.0000000e+00
0.0000000e+00
0.0000000e+00
0.0000000e+00
0.0000000e+00
0.0000000e+00
0.0000000e+00
0.0000000e+00
0.0000000e+00
0.0000000e+00
0.0000000e+00
0.0000000e+00
0.0000000e+00
0.0000000e+00
0.0000000e+00
0.0000000e+00
0.0000000e+00
0.0000000e+00
0.0000000e+00
0.0000000e+00
0.0000000e+00
0.0000000e+00
0.0000000e+00
0.0000000e+00
0.0000000e+00
0.0000000e+00
0.0000000e+00
0.0000000e+00
0.0000000e+00
0.0000000e+00
0.0000000e+00
0.0000000e+00
0.0000000e+00
0.0000000e+00
0.0000000e+00
0.0000000e+00
0.0000000e+00
0.0000000e+00
0.0000000e+00
0.0000000e+00
0.0000000e+00
0.0000000e+00
0.0000000e+00
0.0000000e+00
0.0000000e+00
0.0000000e+00
0.0000000e+00
0.0000000e+00
0.0000000e+00
0.0000000e+00
0.0000000e+00
0.0000000e+00
0.0000000e+00
0.0000000e+00
0.0000000e+00
0.0000000e+00
0.0000000e+00
0.0000000e+00
0.0000000e+00
0.0000000e+00
0.0000000e+00
0.0000000e+00
0.0000000e+00
0.0000000e+00
0.0000000e+00
0.0000000e+00
0.0000000e+00
0.0000000e+00
0.0000000e+00
0.0000000e+00
0.0000000e+00
0.0000000e+00
0.0000000e+00
0.0000000e+00
0.0000000e+00
0.0000000e+00
0.0000000e+00
0.0000000e+00
0.0000000e+00
0.0000000e+00
0.0000000e+00
0.0000000e+00
0.0000000e+00
0.0000000e+00
0.0000000e+00
0.0000000e+00
0.0000000e+00
0.0000000e+00
0.0000000e+00
0.0000000e+00
0.0000000e+00
0.0000000e+00
0.0000000e+00
0.0000000e+00
0.0000000e+00
0.0000000e+00
0.0000000e+00
0.0000000e+00
0.0000000e+00
0.0000000e+00
0.0000000e+00
0.0000000e+00
0.0000000e+00
0.0000000e+00
0.0000000e+00
0.0000000e+00
0.0000000e+00
0.0000000e+00
0.0000000e+00
0.0000000e+00
0.0000000e+00
0.0000000e+00
0.0000000e+00
0.0000000e+00
0.0000000e+00
0.0000000e+00
0.0000000e+00
0.0000000e+00
0.0000000e+00
0.0000000e+00
0.0000000e+00
0.0000000e+00
0.0000000e+00
0.0000000e+00
0.0000000e+00
0.0000000e+00
0.0000000e+00
0.0000000e+00
0.0000000e+00
0.0000000e+00
0.0000000e+00
0.0000000e+00
0.0000000e+00
0.0000000e+00
0.0000000e+00
0.0000000e+00
0.0000000e+00
0.0000000e+00
0.0000000e+00
0.0000000e+00
0.0000000e+00
0.0000000e+00
0.0000000e+00
0.0000000e+00
0.0000000e+00
0.0000000e+00
0.0000000e+00
0.0000000e+00
0.0000000e+00
0.0000000e+00
0.0000000e+00
0.0000000e+00
0.0000000e+00
0.0000000e+00
0.0000000e+00
0.0000000e+00
0.0000000e+00
0.0000000e+00
0.0000000e+00
0.0000000e+00
0.0000000e+00
0.0000000e+00
0.0000000e+00
0.0000000e+00
0.0000000e+00
0.0000000e+00
0.0000000e+00
0.0000000e+00
0.0000000e+00
0.0000000e+00
0.0000000e+00
0.0000000e+00
0.0000000e+00
0.0000000e+00
0.0000000e+00
0.0000000e+00
0.0000000e+00
0.0000000e+00
0.0000000e+00
0.0000000e+00
0.0000000e+00
0.0000000e+00
0.0000000e+00
0.0000000e+00
0.0000000e+00
0.0000000e+00
0.0000000e+00
0.0000000e+00
0.0000000e+00
0.0000000e+00
0.0000000e+00
0.0000000e+00
0.0000000e+00
0.0000000e+00
0.0000000e+00
0.0000000e+00
0.0000000e+00
0.0000000e+00
0.0000000e+00
0.0000000e+00
0.0000000e+00
0.0000000e+00
0.0000000e+00
0.0000000e+00
0.0000000e+00
0.0000000e+00
0.0000000e+00
0.0000000e+00
0.0000000e+00
0.0000000e+00
0.0000000e+00
0.0000000e+00
0.0000000e+00
0.0000000e+00
0.0000000e+00
0.0000000e+00
0.0000000e+00
0.0000000e+00
0.0000000e+00
0.0000000e+00
0.0000000e+00
0.0000000e+00
0.0000000e+00
0.0000000e+00
0.0000000e+00
0.0000000e+00
0.0000000e+00
0.0000000e+00
0.0000000e+00
0.0000000e+00
0.0000000e+00
0.0000000e+00
0.0000000e+00
0.0000000e+00
0.0000000e+00
0.0000000e+00
0.0000000e+00
0.0000000e+00
0.0000000e+00
0.0000000e+00
0.0000000e+00
0.0000000e+00
0.0000000e+00
0.0000000e+00
0.0000000e+00
0.0000000e+00
0.0000000e+00
0.0000000e+00
0.0000000e+00
0.0000000e+00
0.0000000e+00
0.0000000e+00
0.0000000e+00
0.0000000e+00
0.0000000e+00
0.0000000e+00
0.0000000e+00
0.0000000e+00
0.0000000e+00
0.0000000e+00
0.0000000e+00
0.0000000e+00
0.0000000e+00
0.0000000e+00
0.0000000e+00
0.0000000e+00
0.0000000e+00
0.0000000e+00
0.0000000e+00
0.0000000e+00
0.0000000e+00
0.0000000e+00
0.0000000e+00
0.0000000e+00
0.0000000e+00
0.0000000e+00
0.0000000e+00
0.0000000e+00
0.0000000e+00
0.0000000e+00
0.0000000e+00
0.0000000e+00
0.0000000e+00
0.0000000e+00
0.0000000e+00
0.0000000e+00
0.0000000e+00
0.0000000e+00
0.0000000e+00
0.0000000e+00
0.0000000e+00
0.0000000e+00
0.0000000e+00
0.0000000e+00
0.0000000e+00
0.0000000e+00
0.0000000e+00
0.0000000e+00
0.0000000e+00
0.0000000e+00
0.0000000e+00
0.0000000e+00
0.0000000e+00
0.0000000e+00
0.0000000e+00
0.0000000e+00
0.0000000e+00
0.0000000e+00
0.0000000e+00
0.0000000e+00
0.0000000e+00
0.0000000e+00
0.0000000e+00
0.0000000e+00
0.0000000e+00
0.0000000e+00
0.0000000e+00
0.0000000e+00
0.0000000e+00
0.0000000e+00
0.0000000e+00
0.0000000e+00
0.0000000e+00
0.0000000e+00
0.0000000e+00
0.0000000e+00
0.0000000e+00
0.0000000e+00
0.0000000e+00
0.0000000e+00
0.0000000e+00
0.0000000e+00
0.0000000e+00
0.0000000e+00
0.0000000e+00
0.0000000e+00
0.0000000e+00
0.0000000e+00
0.0000000e+00
0.0000000e+00
0.0000000e+00
0.0000000e+00
0.0000000e+00
0.0000000e+00
0.0000000e+00
0.0000000e+00
0.0000000e+00
0.0000000e+00
0.0000000e+00
0.0000000e+00
0.0000000e+00
0.0000000e+00
0.0000000e+00
0.0000000e+00
0.0000000e+00
0.0000000e+00
0.0000000e+00
0.0000000e+00
0.0000000e+00
0.0000000e+00
0.0000000e+00
0.0000000e+00
0.0000000e+00
0.0000000e+00
0.0000000e+00
0.0000000e+00
0.0000000e+00
0.0000000e+00
0.0000000e+00
0.0000000e+00
0.0000000e+00
0.0000000e+00
0.0000000e+00
0.0000000e+00
0.0000000e+00
0.0000000e+00
0.0000000e+00
0.0000000e+00
0.0000000e+00
0.0000000e+00
0.0000000e+00
0.0000000e+00
0.0000000e+00
0.0000000e+00
0.0000000e+00
0.0000000e+00
0.0000000e+00
0.0000000e+00
0.0000000e+00
0.0000000e+00
0.0000000e+00
0.0000000e+00
0.0000000e+00
0.0000000e+00
0.0000000e+00
0.0000000e+00
0.0000000e+00
0.0000000e+00
0.0000000e+00
0.0000000e+00
0.0000000e+00
0.0000000e+00
0.0000000e+00
0.0000000e+00
0.0000000e+00
0.0000000e+00
0.0000000e+00
0.0000000e+00
0.0000000e+00
0.0000000e+00
0.0000000e+00
0.0000000e+00
0.0000000e+00
0.0000000e+00
0.0000000e+00
0.0000000e+00
0.0000000e+00
0.0000000e+00
0.0000000e+00
0.0000000e+00
0.0000000e+00
0.0000000e+00
0.0000000e+00
0.0000000e+00
0.0000000e+00
0.0000000e+00
0.0000000e+00
0.0000000e+00
0.0000000e+00
0.0000000e+00
0.0000000e+00
0.0000000e+00
0.0000000e+00
0.0000000e+00
0.0000000e+00
0.0000000e+00
0.0000000e+00
0.0000000e+00
0.0000000e+00
0.0000000e+00
0.0000000e+00
0.0000000e+00
0.0000000e+00
0.0000000e+00
0.0000000e+00
0.0000000e+00
0.0000000e+00
0.0000000e+00
0.0000000e+00
0.0000000e+00
0.0000000e+00
0.0000000e+00
0.0000000e+00
0.0000000e+00
0.0000000e+00
0.0000000e+00
0.0000000e+00
0.0000000e+00
0.0000000e+00
0.0000000e+00
0.0000000e+00
0.0000000e+00
0.0000000e+00
0.0000000e+00
0.0000000e+00
0.0000000e+00
0.0000000e+00
0.0000000e+00
0.0000000e+00
0.0000000e+00
0.0000000e+00
0.0000000e+00
0.0000000e+00
0.0000000e+00
0.0000000e+00
0.0000000e+00
0.0000000e+00
0.0000000e+00
0.0000000e+00
0.0000000e+00
0.0000000e+00
0.0000000e+00
0.0000000e+00
0.0000000e+00
0.0000000e+00
0.0000000e+00
0.0000000e+00
0.0000000e+00
0.0000000e+00
0.0000000e+00
0.0000000e+00
0.0000000e+00
0.0000000e+00
0.0000000e+00
0.0000000e+00
0.0000000e+00
0.0000000e+00
0.0000000e+00
0.0000000e+00
0.0000000e+00
0.0000000e+00
0.0000000e+00
0.0000000e+00
0.0000000e+00
0.0000000e+00
0.0000000e+00
0.0000000e+00
0.0000000e+00
0.0000000e+00
0.0000000e+00
0.0000000e+00
0.0000000e+00
0.0000000e+00
0.0000000e+00
0.0000000e+00
0.0000000e+00
0.0000000e+00
0.0000000e+00
0.0000000e+00
0.0000000e+00
0.0000000e+00
0.0000000e+00
0.0000000e+00
0.0000000e+00
0.0000000e+00
0.0000000e+00
0.0000000e+00
0.0000000e+00
0.0000000e+00
0.0000000e+00
0.0000000e+00
0.0000000e+00
0.0000000e+00
0.0000000e+00
0.0000000e+00
0.0000000e+00
0.0000000e+00
0.0000000e+00
0.0000000e+00
0.0000000e+00
0.0000000e+00
0.0000000e+00
0.0000000e+00
0.0000000e+00
0.0000000e+00
0.0000000e+00
0.0000000e+00
0.0000000e+00
0.0000000e+00
0.0000000e+00
0.0000000e+00
0.0000000e+00
0.0000000e+00
0.0000000e+00
0.0000000e+00
0.0000000e+00
0.0000000e+00
0.0000000e+00
0.0000000e+00
0.0000000e+00
0.0000000e+00
0.0000000e+00
0.0000000e+00
0.0000000e+00
0.0000000e+00
0.0000000e+00
0.0000000e+00
0.0000000e+00
0.0000000e+00
0.0000000e+00
0.0000000e+00
0.0000000e+00
0.0000000e+00
0.0000000e+00
0.0000000e+00
0.0000000e+00
0.0000000e+00
0.0000000e+00
0.0000000e+00
0.0000000e+00
0.0000000e+00
0.0000000e+00
0.0000000e+00
0.0000000e+00
0.0000000e+00
0.0000000e+00
0.0000000e+00
0.0000000e+00
0.0000000e+00
0.0000000e+00
0.0000000e+00
0.0000000e+00
0.0000000e+00
0.0000000e+00
0.0000000e+00
0.0000000e+00
0.0000000e+00
0.0000000e+00
0.0000000e+00
0.0000000e+00
0.0000000e+00
0.0000000e+00
0.0000000e+00
0.0000000e+00
0.0000000e+00
0.0000000e+00
0.0000000e+00
0.0000000e+00
0.0000000e+00
0.0000000e+00
0.0000000e+00
0.0000000e+00
0.0000000e+00
0.0000000e+00
0.0000000e+00
0.0000000e+00
0.0000000e+00
0.0000000e+00
0.0000000e+00
0.0000000e+00
0.0000000e+00
0.0000000e+00
0.0000000e+00
0.0000000e+00
0.0000000e+00
0.0000000e+00
0.0000000e+00
0.0000000e+00
0.0000000e+00
0.0000000e+00
0.0000000e+00
0.0000000e+00
0.0000000e+00
0.0000000e+00
0.0000000e+00
0.0000000e+00
0.0000000e+00
0.0000000e+00
0.0000000e+00
0.0000000e+00
0.0000000e+00
0.0000000e+00
0.0000000e+00
0.0000000e+00
0.0000000e+00
0.0000000e+00
0.0000000e+00
0.0000000e+00
0.0000000e+00
0.0000000e+00
0.0000000e+00
0.0000000e+00
0.0000000e+00
0.0000000e+00
0.0000000e+00
0.0000000e+00
0.0000000e+00
0.0000000e+00
0.0000000e+00
0.0000000e+00
0.0000000e+00
0.0000000e+00
0.0000000e+00
0.0000000e+00
0.0000000e+00
0.0000000e+00
0.0000000e+00
0.0000000e+00
0.0000000e+00
0.0000000e+00
0.0000000e+00
0.0000000e+00
0.0000000e+00
0.0000000e+00
0.0000000e+00
0.0000000e+00
0.0000000e+00
0.0000000e+00
0.0000000e+00
0.0000000e+00
0.0000000e+00
0.0000000e+00
0.0000000e+00
0.0000000e+00
0.0000000e+00
0.0000000e+00
0.0000000e+00
0.0000000e+00
0.0000000e+00
0.0000000e+00
0.0000000e+00
0.0000000e+00
0.0000000e+00
0.0000000e+00
0.0000000e+00
0.0000000e+00
0.0000000e+00
0.0000000e+00
0.0000000e+00
0.0000000e+00
0.0000000e+00
0.0000000e+00
0.0000000e+00
0.0000000e+00
0.0000000e+00
0.0000000e+00
0.0000000e+00
0.0000000e+00
0.0000000e+00
0.0000000e+00
0.0000000e+00
0.0000000e+00
0.0000000e+00
0.0000000e+00
0.0000000e+00
0.0000000e+00
0.0000000e+00
0.0000000e+00
0.0000000e+00
0.0000000e+00
0.0000000e+00
0.0000000e+00
0.0000000e+00
0.0000000e+00
0.0000000e+00
0.0000000e+00
0.0000000e+00
0.0000000e+00
0.0000000e+00
0.0000000e+00
0.0000000e+00
0.0000000e+00
0.0000000e+00
0.0000000e+00
0.0000000e+00
0.0000000e+00
0.0000000e+00
0.0000000e+00
0.0000000e+00
0.0000000e+00
0.0000000e+00
0.0000000e+00
0.0000000e+00
0.0000000e+00
0.0000000e+00
0.0000000e+00
0.0000000e+00
0.0000000e+00
0.0000000e+00
0.0000000e+00
0.0000000e+00
0.0000000e+00
0.0000000e+00
0.0000000e+00
0.0000000e+00
0.0000000e+00
0.0000000e+00
0.0000000e+00
0.0000000e+00
0.0000000e+00
0.0000000e+00
0.0000000e+00
0.0000000e+00
0.0000000e+00
0.0000000e+00
0.0000000e+00
0.0000000e+00
0.0000000e+00
0.0000000e+00
0.0000000e+00
0.0000000e+00
0.0000000e+00
0.0000000e+00
0.0000000e+00
0.0000000e+00
0.0000000e+00
0.0000000e+00
0.0000000e+00
0.0000000e+00
0.0000000e+00
0.0000000e+00
0.0000000e+00
0.0000000e+00
0.0000000e+00
0.0000000e+00
0.0000000e+00
0.0000000e+00
0.0000000e+00
0.0000000e+00
0.0000000e+00
0.0000000e+00
0.0000000e+00
0.0000000e+00
0.0000000e+00
0.0000000e+00
0.0000000e+00
0.0000000e+00
0.0000000e+00
0.0000000e+00
0.0000000e+00
0.0000000e+00
0.0000000e+00
0.0000000e+00
0.0000000e+00
0.0000000e+00
0.0000000e+00
0.0000000e+00
0.0000000e+00
0.0000000e+00
0.0000000e+00
0.0000000e+00
0.0000000e+00
0.0000000e+00
0.0000000e+00
0.0000000e+00
0.0000000e+00
0.0000000e+00
0.0000000e+00
0.0000000e+00
0.0000000e+00
0.0000000e+00
0.0000000e+00
0.0000000e+00
0.0000000e+00
0.0000000e+00
0.0000000e+00
0.0000000e+00
0.0000000e+00
0.0000000e+00
0.0000000e+00
0.0000000e+00
0.0000000e+00
0.0000000e+00
0.0000000e+00
0.0000000e+00
0.0000000e+00
0.0000000e+00
0.0000000e+00
0.0000000e+00
0.0000000e+00
0.0000000e+00
0.0000000e+00
0.0000000e+00
0.0000000e+00
0.0000000e+00
0.0000000e+00
0.0000000e+00
0.0000000e+00
0.0000000e+00
0.0000000e+00
0.0000000e+00
0.0000000e+00
0.0000000e+00
0.0000000e+00
0.0000000e+00
0.0000000e+00
0.0000000e+00
0.0000000e+00
0.0000000e+00
0.0000000e+00
0.0000000e+00
0.0000000e+00
0.0000000e+00
0.0000000e+00
0.0000000e+00
0.0000000e+00
0.0000000e+00
0.0000000e+00
0.0000000e+00
0.0000000e+00
0.0000000e+00
0.0000000e+00
0.0000000e+00
0.0000000e+00
0.0000000e+00
0.0000000e+00
0.0000000e+00
0.0000000e+00
0.0000000e+00
0.0000000e+00
0.0000000e+00
0.0000000e+00
0.0000000e+00
0.0000000e+00
0.0000000e+00
0.0000000e+00
0.0000000e+00
0.0000000e+00
0.0000000e+00
0.0000000e+00
0.0000000e+00
0.0000000e+00
0.0000000e+00
0.0000000e+00
0.0000000e+00
0.0000000e+00
0.0000000e+00
0.0000000e+00
0.0000000e+00
0.0000000e+00
0.0000000e+00
0.0000000e+00
0.0000000e+00
0.0000000e+00
0.0000000e+00
0.0000000e+00
0.0000000e+00
0.0000000e+00
0.0000000e+00
0.0000000e+00
0.0000000e+00
0.0000000e+00
0.0000000e+00
0.0000000e+00
0.0000000e+00
0.0000000e+00
0.0000000e+00
0.0000000e+00
0.0000000e+00
0.0000000e+00
0.0000000e+00
0.0000000e+00
0.0000000e+00
0.0000000e+00
0.0000000e+00
0.0000000e+00
0.0000000e+00
0.0000000e+00
0.0000000e+00
0.0000000e+00
0.0000000e+00
0.0000000e+00
0.0000000e+00
0.0000000e+00
0.0000000e+00
0.0000000e+00
0.0000000e+00
0.0000000e+00
0.0000000e+00
0.0000000e+00
0.0000000e+00
0.0000000e+00
0.0000000e+00
0.0000000e+00
0.0000000e+00
0.0000000e+00
0.0000000e+00
0.0000000e+00
0.0000000e+00
0.0000000e+00
0.0000000e+00
0.0000000e+00
0.0000000e+00
0.0000000e+00
0.0000000e+00
0.0000000e+00
0.0000000e+00
0.0000000e+00
0.0000000e+00
0.0000000e+00
0.0000000e+00
0.0000000e+00
0.0000000e+00
0.0000000e+00
0.0000000e+00
0.0000000e+00
0.0000000e+00
0.0000000e+00
0.0000000e+00
0.0000000e+00
0.0000000e+00
0.0000000e+00
0.0000000e+00
0.0000000e+00
0.0000000e+00
0.0000000e+00
0.0000000e+00
0.0000000e+00
0.0000000e+00
0.0000000e+00
0.0000000e+00
0.0000000e+00
0.0000000e+00
0.0000000e+00
0.0000000e+00
0.0000000e+00
0.0000000e+00
0.0000000e+00
0.0000000e+00
0.0000000e+00
0.0000000e+00
0.0000000e+00
0.0000000e+00
0.0000000e+00
0.0000000e+00
0.0000000e+00
0.0000000e+00
0.0000000e+00
0.0000000e+00
0.0000000e+00
0.0000000e+00
0.0000000e+00
0.0000000e+00
0.0000000e+00
0.0000000e+00
0.0000000e+00
0.0000000e+00
0.0000000e+00
0.0000000e+00
0.0000000e+00
0.0000000e+00
0.0000000e+00
0.0000000e+00
0.0000000e+00
0.0000000e+00
0.0000000e+00
0.0000000e+00
0.0000000e+00
0.0000000e+00
0.0000000e+00
0.0000000e+00
0.0000000e+00
0.0000000e+00
0.0000000e+00
0.0000000e+00
0.0000000e+00
0.0000000e+00
0.0000000e+00
0.0000000e+00
0.0000000e+00
0.0000000e+00
0.0000000e+00
0.0000000e+00
0.0000000e+00
0.0000000e+00
0.0000000e+00
VOLUMETRIC_STRAIN 1 4225  float
0.0000000e+00
0.0000000e+00
0.0000000e+00
0.0000000e+00
0.0000000e+00
0.0000000e+00
0.0000000e+00
0.0000000e+00
0.0000000e+00
0.0000000e+00
0.0000000e+00
0.0000000e+00
0.0000000e+00
0.0000000e+00
0.0000000e+00
0.0000000e+00
0.0000000e+00
0.0000000e+00
0.0000000e+00
0.0000000e+00
0.0000000e+00
0.0000000e+00
0.0000000e+00
0.0000000e+00
0.0000000e+00
0.0000000e+00
0.0000000e+00
0.0000000e+00
0.0000000e+00
0.0000000e+00
0.0000000e+00
0.0000000e+00
0.0000000e+00
0.0000000e+00
0.0000000e+00
0.0000000e+00
0.0000000e+00
0.0000000e+00
0.0000000e+00
0.0000000e+00
0.0000000e+00
0.0000000e+00
0.0000000e+00
0.0000000e+00
0.0000000e+00
0.0000000e+00
0.0000000e+00
0.0000000e+00
0.0000000e+00
0.0000000e+00
0.0000000e+00
0.0000000e+00
0.0000000e+00
0.0000000e+00
0.0000000e+00
0.0000000e+00
0.0000000e+00
0.0000000e+00
0.0000000e+00
0.0000000e+00
0.0000000e+00
0.0000000e+00
0.0000000e+00
0.0000000e+00
0.0000000e+00
0.0000000e+00
0.0000000e+00
0.0000000e+00
0.0000000e+00
0.0000000e+00
0.0000000e+00
0.0000000e+00
0.0000000e+00
0.0000000e+00
0.0000000e+00
0.0000000e+00
0.0000000e+00
0.0000000e+00
0.0000000e+00
0.0000000e+00
0.0000000e+00
0.0000000e+00
0.0000000e+00
0.0000000e+00
0.0000000e+00
0.0000000e+00
0.0000000e+00
0.0000000e+00
0.0000000e+00
0.0000000e+00
0.0000000e+00
0.0000000e+00
0.0000000e+00
0.0000000e+00
0.0000000e+00
0.0000000e+00
0.0000000e+00
0.0000000e+00
0.0000000e+00
0.0000000e+00
0.0000000e+00
0.0000000e+00
0.0000000e+00
0.0000000e+00
0.0000000e+00
0.0000000e+00
0.0000000e+00
0.0000000e+00
0.0000000e+00
0.0000000e+00
0.0000000e+00
0.0000000e+00
0.0000000e+00
0.0000000e+00
0.0000000e+00
0.0000000e+00
0.0000000e+00
0.0000000e+00
0.0000000e+00
0.0000000e+00
0.0000000e+00
0.0000000e+00
0.0000000e+00
0.0000000e+00
0.0000000e+00
0.0000000e+00
0.0000000e+00
0.0000000e+00
0.0000000e+00
0.0000000e+00
0.0000000e+00
0.0000000e+00
0.0000000e+00
0.0000000e+00
0.0000000e+00
0.0000000e+00
0.0000000e+00
0.0000000e+00
0.0000000e+00
0.0000000e+00
0.0000000e+00
0.0000000e+00
0.0000000e+00
0.0000000e+00
0.0000000e+00
0.0000000e+00
0.0000000e+00
0.0000000e+00
0.0000000e+00
0.0000000e+00
0.0000000e+00
0.0000000e+00
0.0000000e+00
0.0000000e+00
0.0000000e+00
0.0000000e+00
0.0000000e+00
0.0000000e+00
0.0000000e+00
0.0000000e+00
0.0000000e+00
0.0000000e+00
0.0000000e+00
0.0000000e+00
0.0000000e+00
0.0000000e+00
0.0000000e+00
0.0000000e+00
0.0000000e+00
0.0000000e+00
0.0000000e+00
0.0000000e+00
0.0000000e+00
0.0000000e+00
0.0000000e+00
0.0000000e+00
0.0000000e+00
0.0000000e+00
0.0000000e+00
0.0000000e+00
0.0000000e+00
0.0000000e+00
0.0000000e+00
0.0000000e+00
0.0000000e+00
0.0000000e+00
0.0000000e+00
0.0000000e+00
0.0000000e+00
0.0000000e+00
0.0000000e+00
0.0000000e+00
0.0000000e+00
0.0000000e+00
0.0000000e+00
0.0000000e+00
0.0000000e+00
0.0000000e+00
0.0000000e+00
0.0000000e+00
0.0000000e+00
0.0000000e+00
0.0000000e+00
0.0000000e+00
0.0000000e+00
0.0000000e+00
0.0000000e+00
0.0000000e+00
0.0000000e+00
0.0000000e+00
0.0000000e+00
0.0000000e+00
0.0000000e+00
0.0000000e+00
0.0000000e+00
0.0000000e+00
0.0000000e+00
0.0000000e+00
0.0000000e+00
0.0000000e+00
0.0000000e+00
0.0000000e+00
0.0000000e+00
0.0000000e+00
0.0000000e+00
0.0000000e+00
0.0000000e+00
0.0000000e+00
0.0000000e+00
0.0000000e+00
0.0000000e+00
0.0000000e+00
0.0000000e+00
0.0000000e+00
0.0000000e+00
0.0000000e+00
0.0000000e+00
0.0000000e+00
0.0000000e+00
0.0000000e+00
0.0000000e+00
0.0000000e+00
0.0000000e+00
0.0000000e+00
0.0000000e+00
0.0000000e+00
0.0000000e+00
0.0000000e+00
0.0000000e+00
0.0000000e+00
0.0000000e+00
0.0000000e+00
0.0000000e+00
0.0000000e+00
0.0000000e+00
0.0000000e+00
0.0000000e+00
0.0000000e+00
0.0000000e+00
0.0000000e+00
0.0000000e+00
0.0000000e+00
0.0000000e+00
0.0000000e+00
0.0000000e+00
0.0000000e+00
0.0000000e+00
0.0000000e+00
0.0000000e+00
0.0000000e+00
0.0000000e+00
0.0000000e+00
0.0000000e+00
0.0000000e+00
0.0000000e+00
0.0000000e+00
0.0000000e+00
0.0000000e+00
0.0000000e+00
0.0000000e+00
0.0000000e+00
0.0000000e+00
0.0000000e+00
0.0000000e+00
0.0000000e+00
0.0000000e+00
0.0000000e+00
0.0000000e+00
0.0000000e+00
0.0000000e+00
0.0000000e+00
0.0000000e+00
0.0000000e+00
0.0000000e+00
0.0000000e+00
0.0000000e+00
0.0000000e+00
0.0000000e+00
0.0000000e+00
0.0000000e+00
0.0000000e+00
0.0000000e+00
0.0000000e+00
0.0000000e+00
0.0000000e+00
0.0000000e+00
0.0000000e+00
0.0000000e+00
0.0000000e+00
0.0000000e+00
0.0000000e+00
0.0000000e+00
0.0000000e+00
0.0000000e+00
0.0000000e+00
0.0000000e+00
0.0000000e+00
0.0000000e+00
0.0000000e+00
0.0000000e+00
0.0000000e+00
0.0000000e+00
0.0000000e+00
0.0000000e+00
0.0000000e+00
0.0000000e+00
0.0000000e+00
0.0000000e+00
0.0000000e+00
0.0000000e+00
0.0000000e+00
0.0000000e+00
0.0000000e+00
0.0000000e+00
0.0000000e+00
0.0000000e+00
0.0000000e+00
0.0000000e+00
0.0000000e+00
0.0000000e+00
0.0000000e+00
0.0000000e+00
0.0000000e+00
0.0000000e+00
0.0000000e+00
0.0000000e+00
0.0000000e+00
0.0000000e+00
0.0000000e+00
0.0000000e+00
0.0000000e+00
0.0000000e+00
0.0000000e+00
0.0000000e+00
0.0000000e+00
0.0000000e+00
0.0000000e+00
0.0000000e+00
0.0000000e+00
0.0000000e+00
0.0000000e+00
0.0000000e+00
0.0000000e+00
0.0000000e+00
0.0000000e+00
0.0000000e+00
0.0000000e+00
0.0000000e+00
0.0000000e+00
0.0000000e+00
0.0000000e+00
0.0000000e+00
0.0000000e+00
0.0000000e+00
0.0000000e+00
0.0000000e+00
0.0000000e+00
0.0000000e+00
0.0000000e+00
0.0000000e+00
0.0000000e+00
0.0000000e+00
0.0000000e+00
0.0000000e+00
0.0000000e+00
0.0000000e+00
0.0000000e+00
0.0000000e+00
0.0000000e+00
0.0000000e+00
0.0000000e+00
0.0000000e+00
0.0000000e+00
0.0000000e+00
0.0000000e+00
0.0000000e+00
0.0000000e+00
0.0000000e+00
0.0000000e+00
0.0000000e+00
0.0000000e+00
0.0000000e+00
0.0000000e+00
0.0000000e+00
0.0000000e+00
0.0000000e+00
0.0000000e+00
0.0000000e+00
0.0000000e+00
0.0000000e+00
0.0000000e+00
0.0000000e+00
0.0000000e+00
0.0000000e+00
0.0000000e+00
0.0000000e+00
0.0000000e+00
0.0000000e+00
0.0000000e+00
0.0000000e+00
0.0000000e+00
0.0000000e+00
0.0000000e+00
0.0000000e+00
0.0000000e+00
0.0000000e+00
0.0000000e+00
0.0000000e+00
0.0000000e+00
0.0000000e+00
0.0000000e+00
0.0000000e+00
0.0000000e+00
0.0000000e+00
0.0000000e+00
0.0000000e+00
0.0000000e+00
0.0000000e+00
0.0000000e+00
0.0000000e+00
0.0000000e+00
0.0000000e+00
0.0000000e+00
0.0000000e+00
0.0000000e+00
0.0000000e+00
0.0000000e+00
0.0000000e+00
0.0000000e+00
0.0000000e+00
0.0000000e+00
0.0000000e+00
0.0000000e+00
0.0000000e+00
0.0000000e+00
0.0000000e+00
0.0000000e+00
0.0000000e+00
0.0000000e+00
0.0000000e+00
0.0000000e+00
0.0000000e+00
0.0000000e+00
0.0000000e+00
0.0000000e+00
0.0000000e+00
0.0000000e+00
0.0000000e+00
0.0000000e+00
0.0000000e+00
0.0000000e+00
0.0000000e+00
0.0000000e+00
0.0000000e+00
0.0000000e+00
0.0000000e+00
0.0000000e+00
0.0000000e+00
0.0000000e+00
0.0000000e+00
0.0000000e+00
0.0000000e+00
0.0000000e+00
0.0000000e+00
0.0000000e+00
0.0000000e+00
0.0000000e+00
0.0000000e+00
0.0000000e+00
0.0000000e+00
0.0000000e+00
0.0000000e+00
0.0000000e+00
0.0000000e+00
0.0000000e+00
0.0000000e+00
0.0000000e+00
0.0000000e+00
0.0000000e+00
0.0000000e+00
0.0000000e+00
0.0000000e+00
0.0000000e+00
0.0000000e+00
0.0000000e+00
0.0000000e+00
0.0000000e+00
0.0000000e+00
0.0000000e+00
0.0000000e+00
0.0000000e+00
0.0000000e+00
0.0000000e+00
0.0000000e+00
0.0000000e+00
0.0000000e+00
0.0000000e+00
0.0000000e+00
0.0000000e+00
0.0000000e+00
0.0000000e+00
0.0000000e+00
0.0000000e+00
0.0000000e+00
0.0000000e+00
0.0000000e+00
0.0000000e+00
0.0000000e+00
0.0000000e+00
0.0000000e+00
0.0000000e+00
0.0000000e+00
0.0000000e+00
0.0000000e+00
0.0000000e+00
0.0000000e+00
0.0000000e+00
0.0000000e+00
0.0000000e+00
0.0000000e+00
0.0000000e+00
0.0000000e+00
0.0000000e+00
0.0000000e+00
0.0000000e+00
0.0000000e+00
0.0000000e+00
0.0000000e+00
0.0000000e+00
0.0000000e+00
0.0000000e+00
0.0000000e+00
0.0000000e+00
0.0000000e+00
0.0000000e+00
0.0000000e+00
0.0000000e+00
0.0000000e+00
0.0000000e+00
0.0000000e+00
0.0000000e+00
0.0000000e+00
0.0000000e+00
0.0000000e+00
0.0000000e+00
0.0000000e+00
0.0000000e+00
0.0000000e+00
0.0000000e+00
0.0000000e+00
0.0000000e+00
0.0000000e+00
0.0000000e+00
0.0000000e+00
0.0000000e+00
0.0000000e+00
0.0000000e+00
0.0000000e+00
0.0000000e+00
0.0000000e+00
0.0000000e+00
0.0000000e+00
0.0000000e+00
0.0000000e+00
0.0000000e+00
0.0000000e+00
0.0000000e+00
0.0000000e+00
0.0000000e+00
0.0000000e+00
0.0000000e+00
0.0000000e+00
0.0000000e+00
0.0000000e+00
0.0000000e+00
0.0000000e+00
0.0000000e+00
0.0000000e+00
0.0000000e+00
0.0000000e+00
0.0000000e+00
0.0000000e+00
0.0000000e+00
0.0000000e+00
0.0000000e+00
0.0000000e+00
0.0000000e+00
0.0000000e+00
0.0000000e+00
0.0000000e+00
0.0000000e+00
0.0000000e+00
0.0000000e+00
0.0000000e+00
0.0000000e+00
0.0000000e+00
0.0000000e+00
0.0000000e+00
0.0000000e+00
0.0000000e+00
0.0000000e+00
0.0000000e+00
0.0000000e+00
0.0000000e+00
0.0000000e+00
0.0000000e+00
0.0000000e+00
0.0000000e+00
0.0000000e+00
0.0000000e+00
0.0000000e+00
0.0000000e+00
0.0000000e+00
0.0000000e+00
0.0000000e+00
0.0000000e+00
0.0000000e+00
0.0000000e+00
0.0000000e+00
0.0000000e+00
0.0000000e+00
0.0000000e+00
0.0000000e+00
0.0000000e+00
0.0000000e+00
0.0000000e+00
0.0000000e+00
0.0000000e+00
0.0000000e+00
0.0000000e+00
0.0000000e+00
0.0000000e+00
0.0000000e+00
0.0000000e+00
0.0000000e+00
0.0000000e+00
0.0000000e+00
0.0000000e+00
0.0000000e+00
0.0000000e+00
0.0000000e+00
0.0000000e+00
0.0000000e+00
0.0000000e+00
0.0000000e+00
0.0000000e+00
0.0000000e+00
0.0000000e+00
0.0000000e+00
0.0000000e+00
0.0000000e+00
0.0000000e+00
0.0000000e+00
0.0000000e+00
0.0000000e+00
0.0000000e+00
0.0000000e+00
0.0000000e+00
0.0000000e+00
0.0000000e+00
0.0000000e+00
0.0000000e+00
0.0000000e+00
0.0000000e+00
0.0000000e+00
0.0000000e+00
0.0000000e+00
0.0000000e+00
0.0000000e+00
0.0000000e+00
0.0000000e+00
0.0000000e+00
0.0000000e+00
0.0000000e+00
0.0000000e+00
0.0000000e+00
0.0000000e+00
0.0000000e+00
0.0000000e+00
0.0000000e+00
0.0000000e+00
0.0000000e+00
0.0000000e+00
0.0000000e+00
0.0000000e+00
0.0000000e+00
0.0000000e+00
0.0000000e+00
0.0000000e+00
0.0000000e+00
0.0000000e+00
0.0000000e+00
0.0000000e+00
0.0000000e+00
0.0000000e+00
0.0000000e+00
0.0000000e+00
0.0000000e+00
0.0000000e+00
0.0000000e+00
0.0000000e+00
0.0000000e+00
0.0000000e+00
0.0000000e+00
0.0000000e+00
0.0000000e+00
0.0000000e+00
0.0000000e+00
0.0000000e+00
0.0000000e+00
0.0000000e+00
0.0000000e+00
0.0000000e+00
0.0000000e+00
0.0000000e+00
0.0000000e+00
0.0000000e+00
0.0000000e+00
0.0000000e+00
0.0000000e+00
0.0000000e+00
0.0000000e+00
0.0000000e+00
0.0000000e+00
0.0000000e+00
0.0000000e+00
0.0000000e+00
0.0000000e+00
0.0000000e+00
0.0000000e+00
0.0000000e+00
0.0000000e+00
0.0000000e+00
0.0000000e+00
0.0000000e+00
0.0000000e+00
0.0000000e+00
0.0000000e+00
0.0000000e+00
0.0000000e+00
0.0000000e+00
0.0000000e+00
0.0000000e+00
0.0000000e+00
0.0000000e+00
0.0000000e+00
0.0000000e+00
0.0000000e+00
0.0000000e+00
0.0000000e+00
0.0000000e+00
0.0000000e+00
0.0000000e+00
0.0000000e+00
0.0000000e+00
0.0000000e+00
0.0000000e+00
0.0000000e+00
0.0000000e+00
0.0000000e+00
0.0000000e+00
0.0000000e+00
0.0000000e+00
0.0000000e+00
0.0000000e+00
0.0000000e+00
0.0000000e+00
0.0000000e+00
0.0000000e+00
0.0000000e+00
0.0000000e+00
0.0000000e+00
0.0000000e+00
0.0000000e+00
0.0000000e+00
0.0000000e+00
0.0000000e+00
0.0000000e+00
0.0000000e+00
0.0000000e+00
0.0000000e+00
0.0000000e+00
0.0000000e+00
0.0000000e+00
0.0000000e+00
0.0000000e+00
0.0000000e+00
0.0000000e+00
0.0000000e+00
0.0000000e+00
0.0000000e+00
0.0000000e+00
0.0000000e+00
0.0000000e+00
0.0000000e+00
0.0000000e+00
0.0000000e+00
0.0000000e+00
0.0000000e+00
0.0000000e+00
0.0000000e+00
0.0000000e+00
0.0000000e+00
0.0000000e+00
0.0000000e+00
0.0000000e+00
0.0000000e+00
0.0000000e+00
0.0000000e+00
0.0000000e+00
0.0000000e+00
0.0000000e+00
0.0000000e+00
0.0000000e+00
0.0000000e+00
0.0000000e+00
0.0000000e+00
0.0000000e+00
0.0000000e+00
0.0000000e+00
0.0000000e+00
0.0000000e+00
0.0000000e+00
0.0000000e+00
0.0000000e+00
0.0000000e+00
0.0000000e+00
0.0000000e+00
0.0000000e+00
0.0000000e+00
0.0000000e+00
0.0000000e+00
0.0000000e+00
0.0000000e+00
0.0000000e+00
0.0000000e+00
0.0000000e+00
0.0000000e+00
0.0000000e+00
0.0000000e+00
0.0000000e+00
0.0000000e+00
0.0000000e+00
0.0000000e+00
0.0000000e+00
0.0000000e+00
0.0000000e+00
0.0000000e+00
0.0000000e+00
0.0000000e+00
0.0000000e+00
0.0000000e+00
0.0000000e+00
0.0000000e+00
0.0000000e+00
0.0000000e+00
0.0000000e+00
0.0000000e+00
0.0000000e+00
0.0000000e+00
0.0000000e+00
0.0000000e+00
0.0000000e+00
0.0000000e+00
0.0000000e+00
0.0000000e+00
0.0000000e+00
0.0000000e+00
0.0000000e+00
0.0000000e+00
0.0000000e+00
0.0000000e+00
0.0000000e+00
0.0000000e+00
0.0000000e+00
0.0000000e+00
0.0000000e+00
0.0000000e+00
0.0000000e+00
0.0000000e+00
0.0000000e+00
0.0000000e+00
0.0000000e+00
0.0000000e+00
0.0000000e+00
0.0000000e+00
0.0000000e+00
0.0000000e+00
0.0000000e+00
0.0000000e+00
0.0000000e+00
0.0000000e+00
0.0000000e+00
0.0000000e+00
0.0000000e+00
0.0000000e+00
0.0000000e+00
0.0000000e+00
0.0000000e+00
0.0000000e+00
0.0000000e+00
0.0000000e+00
0.0000000e+00
0.0000000e+00
0.0000000e+00
0.0000000e+00
0.0000000e+00
0.0000000e+00
0.0000000e+00
0.0000000e+00
0.0000000e+00
0.0000000e+00
0.0000000e+00
0.0000000e+00
0.0000000e+00
0.0000000e+00
0.0000000e+00
0.0000000e+00
0.0000000e+00
0.0000000e+00
0.0000000e+00
0.0000000e+00
0.0000000e+00
0.0000000e+00
0.0000000e+00
0.0000000e+00
0.0000000e+00
0.0000000e+00
0.0000000e+00
0.0000000e+00
0.0000000e+00
0.0000000e+00
0.0000000e+00
0.0000000e+00
0.0000000e+00
0.0000000e+00
0.0000000e+00
0.0000000e+00
0.0000000e+00
0.0000000e+00
0.0000000e+00
0.0000000e+00
0.0000000e+00
0.0000000e+00
0.0000000e+00
0.0000000e+00
0.0000000e+00
0.0000000e+00
0.0000000e+00
0.0000000e+00
0.0000000e+00
0.0000000e+00
0.0000000e+00
0.0000000e+00
0.0000000e+00
0.0000000e+00
0.0000000e+00
0.0000000e+00
0.0000000e+00
0.0000000e+00
0.0000000e+00
0.0000000e+00
0.0000000e+00
0.0000000e+00
0.0000000e+00
0.0000000e+00
0.0000000e+00
0.0000000e+00
0.0000000e+00
0.0000000e+00
0.0000000e+00
0.0000000e+00
0.0000000e+00
0.0000000e+00
0.0000000e+00
0.0000000e+00
0.0000000e+00
0.0000000e+00
0.0000000e+00
0.0000000e+00
0.0000000e+00
0.0000000e+00
0.0000000e+00
0.0000000e+00
0.0000000e+00
0.0000000e+00
0.0000000e+00
0.0000000e+00
0.0000000e+00
0.0000000e+00
0.0000000e+00
0.0000000e+00
0.0000000e+00
0.0000000e+00
0.0000000e+00
0.0000000e+00
0.0000000e+00
0.0000000e+00
0.0000000e+00
0.0000000e+00
0.0000000e+00
0.0000000e+00
0.0000000e+00
0.0000000e+00
0.0000000e+00
0.0000000e+00
0.0000000e+00
0.0000000e+00
0.0000000e+00
0.0000000e+00
0.0000000e+00
0.0000000e+00
0.0000000e+00
0.0000000e+00
0.0000000e+00
0.0000000e+00
0.0000000e+00
0.0000000e+00
0.0000000e+00
0.0000000e+00
0.0000000e+00
0.0000000e+00
0.0000000e+00
0.0000000e+00
0.0000000e+00
0.0000000e+00
0.0000000e+00
0.0000000e+00
0.0000000e+00
0.0000000e+00
0.0000000e+00
0.0000000e+00
0.0000000e+00
0.0000000e+00
0.0000000e+00
0.0000000e+00
0.0000000e+00
0.0000000e+00
0.0000000e+00
0.0000000e+00
0.0000000e+00
0.0000000e+00
0.0000000e+00
0.0000000e+00
0.0000000e+00
0.0000000e+00
0.0000000e+00
0.0000000e+00
0.0000000e+00
0.0000000e+00
0.0000000e+00
0.0000000e+00
0.0000000e+00
0.0000000e+00
0.0000000e+00
0.0000000e+00
0.0000000e+00
0.0000000e+00
0.0000000e+00
0.0000000e+00
0.0000000e+00
0.0000000e+00
0.0000000e+00
0.0000000e+00
0.0000000e+00
0.0000000e+00
0.0000000e+00
0.0000000e+00
0.0000000e+00
0.0000000e+00
0.0000000e+00
0.0000000e+00
0.0000000e+00
0.0000000e+00
0.0000000e+00
0.0000000e+00
0.0000000e+00
0.0000000e+00
0.0000000e+00
0.0000000e+00
0.0000000e+00
0.0000000e+00
0.0000000e+00
0.0000000e+00
0.0000000e+00
0.0000000e+00
0.0000000e+00
0.0000000e+00
0.0000000e+00
0.0000000e+00
0.0000000e+00
0.0000000e+00
0.0000000e+00
0.0000000e+00
0.0000000e+00
0.0000000e+00
0.0000000e+00
0.0000000e+00
0.0000000e+00
0.0000000e+00
0.0000000e+00
0.0000000e+00
0.0000000e+00
0.0000000e+00
0.0000000e+00
0.0000000e+00
0.0000000e+00
0.0000000e+00
0.0000000e+00
0.0000000e+00
0.0000000e+00
0.0000000e+00
0.0000000e+00
0.0000000e+00
0.0000000e+00
0.0000000e+00
0.0000000e+00
0.0000000e+00
0.0000000e+00
0.0000000e+00
0.0000000e+00
0.0000000e+00
0.0000000e+00
0.0000000e+00
0.0000000e+00
0.0000000e+00
0.0000000e+00
0.0000000e+00
0.0000000e+00
0.0000000e+00
0.0000000e+00
0.0000000e+00
0.0000000e+00
0.0000000e+00
0.0000000e+00
0.0000000e+00
0.0000000e+00
0.0000000e+00
0.0000000e+00
0.0000000e+00
0.0000000e+00
0.0000000e+00
0.0000000e+00
0.0000000e+00
0.0000000e+00
0.0000000e+00
0.0000000e+00
0.0000000e+00
0.0000000e+00
0.0000000e+00
0.0000000e+00
0.0000000e+00
0.0000000e+00
0.0000000e+00
0.0000000e+00
0.0000000e+00
0.0000000e+00
0.0000000e+00
0.0000000e+00
0.0000000e+00
0.0000000e+00
0.0000000e+00
0.0000000e+00
0.0000000e+00
0.0000000e+00
0.0000000e+00
0.0000000e+00
0.0000000e+00
0.0000000e+00
0.0000000e+00
0.0000000e+00
0.0000000e+00
0.0000000e+00
0.0000000e+00
0.0000000e+00
0.0000000e+00
0.0000000e+00
0.0000000e+00
0.0000000e+00
0.0000000e+00
0.0000000e+00
0.0000000e+00
0.0000000e+00
0.0000000e+00
0.0000000e+00
0.0000000e+00
0.0000000e+00
0.0000000e+00
0.0000000e+00
0.0000000e+00
0.0000000e+00
0.0000000e+00
0.0000000e+00
0.0000000e+00
0.0000000e+00
0.0000000e+00
0.0000000e+00
0.0000000e+00
0.0000000e+00
0.0000000e+00
0.0000000e+00
0.0000000e+00
0.0000000e+00
0.0000000e+00
0.0000000e+00
0.0000000e+00
0.0000000e+00
0.0000000e+00
0.0000000e+00
0.0000000e+00
0.0000000e+00
0.0000000e+00
0.0000000e+00
0.0000000e+00
0.0000000e+00
0.0000000e+00
0.0000000e+00
0.0000000e+00
0.0000000e+00
0.0000000e+00
0.0000000e+00
0.0000000e+00
0.0000000e+00
0.0000000e+00
0.0000000e+00
0.0000000e+00
0.0000000e+00
0.0000000e+00
0.0000000e+00
0.0000000e+00
0.0000000e+00
0.0000000e+00
0.0000000e+00
0.0000000e+00
0.0000000e+00
0.0000000e+00
0.0000000e+00
0.0000000e+00
0.0000000e+00
0.0000000e+00
0.0000000e+00
0.0000000e+00
0.0000000e+00
0.0000000e+00
0.0000000e+00
0.0000000e+00
0.0000000e+00
0.0000000e+00
0.0000000e+00
0.0000000e+00
0.0000000e+00
0.0000000e+00
0.0000000e+00
0.0000000e+00
0.0000000e+00
0.0000000e+00
0.0000000e+00
0.0000000e+00
0.0000000e+00
0.0000000e+00
0.0000000e+00
0.0000000e+00
0.0000000e+00
0.0000000e+00
0.0000000e+00
0.0000000e+00
0.0000000e+00
0.0000000e+00
0.0000000e+00
0.0000000e+00
0.0000000e+00
0.0000000e+00
0.0000000e+00
0.0000000e+00
0.0000000e+00
0.0000000e+00
0.0000000e+00
0.0000000e+00
0.0000000e+00
0.0000000e+00
0.0000000e+00
0.0000000e+00
0.0000000e+00
0.0000000e+00
0.0000000e+00
0.0000000e+00
0.0000000e+00
0.0000000e+00
0.0000000e+00
0.0000000e+00
0.0000000e+00
0.0000000e+00
0.0000000e+00
0.0000000e+00
0.0000000e+00
0.0000000e+00
0.0000000e+00
0.0000000e+00
0.0000000e+00
0.0000000e+00
0.0000000e+00
0.0000000e+00
0.0000000e+00
0.0000000e+00
0.0000000e+00
0.0000000e+00
0.0000000e+00
0.0000000e+00
0.0000000e+00
0.0000000e+00
0.0000000e+00
0.0000000e+00
0.0000000e+00
0.0000000e+00
0.0000000e+00
0.0000000e+00
0.0000000e+00
0.0000000e+00
0.0000000e+00
0.0000000e+00
0.0000000e+00
0.0000000e+00
0.0000000e+00
0.0000000e+00
0.0000000e+00
0.0000000e+00
0.0000000e+00
0.0000000e+00
0.0000000e+00
0.0000000e+00
0.0000000e+00
0.0000000e+00
0.0000000e+00
0.0000000e+00
0.0000000e+00
0.0000000e+00
0.0000000e+00
0.0000000e+00
0.0000000e+00
0.0000000e+00
0.0000000e+00
0.0000000e+00
0.0000000e+00
0.0000000e+00
0.0000000e+00
0.0000000e+00
0.0000000e+00
0.0000000e+00
0.0000000e+00
0.0000000e+00
0.0000000e+00
0.0000000e+00
0.0000000e+00
0.0000000e+00
0.0000000e+00
0.0000000e+00
0.0000000e+00
0.0000000e+00
0.0000000e+00
0.0000000e+00
0.0000000e+00
0.0000000e+00
0.0000000e+00
0.0000000e+00
0.0000000e+00
0.0000000e+00
0.0000000e+00
0.0000000e+00
0.0000000e+00
0.0000000e+00
0.0000000e+00
0.0000000e+00
0.0000000e+00
0.0000000e+00
0.0000000e+00
0.0000000e+00
0.0000000e+00
0.0000000e+00
0.0000000e+00
0.0000000e+00
0.0000000e+00
0.0000000e+00
0.0000000e+00
0.0000000e+00
0.0000000e+00
0.0000000e+00
0.0000000e+00
0.0000000e+00
0.0000000e+00
0.0000000e+00
0.0000000e+00
0.0000000e+00
0.0000000e+00
0.0000000e+00
0.0000000e+00
0.0000000e+00
0.0000000e+00
0.0000000e+00
0.0000000e+00
0.0000000e+00
0.0000000e+00
0.0000000e+00
0.0000000e+00
0.0000000e+00
0.0000000e+00
0.0000000e+00
0.0000000e+00
0.0000000e+00
0.0000000e+00
0.0000000e+00
0.0000000e+00
0.0000000e+00
0.0000000e+00
0.0000000e+00
0.0000000e+00
0.0000000e+00
0.0000000e+00
0.0000000e+00
0.0000000e+00
0.0000000e+00
0.0000000e+00
0.0000000e+00
0.0000000e+00
0.0000000e+00
0.0000000e+00
0.0000000e+00
0.0000000e+00
0.0000000e+00
0.0000000e+00
0.0000000e+00
0.0000000e+00
0.0000000e+00
0.0000000e+00
0.0000000e+00
0.0000000e+00
0.0000000e+00
0.0000000e+00
0.0000000e+00
0.0000000e+00
0.0000000e+00
0.0000000e+00
0.0000000e+00
0.0000000e+00
0.0000000e+00
0.0000000e+00
0.0000000e+00
0.0000000e+00
0.0000000e+00
0.0000000e+00
0.0000000e+00
0.0000000e+00
0.0000000e+00
0.0000000e+00
0.0000000e+00
0.0000000e+00
0.0000000e+00
0.0000000e+00
0.0000000e+00
0.0000000e+00
0.0000000e+00
0.0000000e+00
0.0000000e+00
0.0000000e+00
0.0000000e+00
0.0000000e+00
0.0000000e+00
0.0000000e+00
0.0000000e+00
0.0000000e+00
0.0000000e+00
0.0000000e+00
0.0000000e+00
0.0000000e+00
0.0000000e+00
0.0000000e+00
0.0000000e+00
0.0000000e+00
0.0000000e+00
0.0000000e+00
0.0000000e+00
0.0000000e+00
0.0000000e+00
0.0000000e+00
0.0000000e+00
0.0000000e+00
0.0000000e+00
0.0000000e+00
0.0000000e+00
0.0000000e+00
0.0000000e+00
0.0000000e+00
0.0000000e+00
0.0000000e+00
0.0000000e+00
0.0000000e+00
0.0000000e+00
0.0000000e+00
0.0000000e+00
0.0000000e+00
0.0000000e+00
0.0000000e+00
0.0000000e+00
0.0000000e+00
0.0000000e+00
0.0000000e+00
0.0000000e+00
0.0000000e+00
0.0000000e+00
0.0000000e+00
0.0000000e+00
0.0000000e+00
0.0000000e+00
0.0000000e+00
0.0000000e+00
0.0000000e+00
0.0000000e+00
0.0000000e+00
0.0000000e+00
0.0000000e+00
0.0000000e+00
0.0000000e+00
0.0000000e+00
0.0000000e+00
0.0000000e+00
0.0000000e+00
0.0000000e+00
0.0000000e+00
0.0000000e+00
0.0000000e+00
0.0000000e+00
0.0000000e+00
0.0000000e+00
0.0000000e+00
0.0000000e+00
0.0000000e+00
0.0000000e+00
0.0000000e+00
0.0000000e+00
0.0000000e+00
0.0000000e+00
0.0000000e+00
0.0000000e+00
0.0000000e+00
0.0000000e+00
0.0000000e+00
0.0000000e+00
0.0000000e+00
0.0000000e+00
0.0000000e+00
0.0000000e+00
0.0000000e+00
0.0000000e+00
0.0000000e+00
0.0000000e+00
0.0000000e+00
0.0000000e+00
0.0000000e+00
0.0000000e+00
0.0000000e+00
0.0000000e+00
0.0000000e+00
0.0000000e+00
0.0000000e+00
0.0000000e+00
0.0000000e+00
0.0000000e+00
0.0000000e+00
0.0000000e+00
0.0000000e+00
0.0000000e+00
0.0000000e+00
0.0000000e+00
0.0000000e+00
0.0000000e+00
0.0000000e+00
0.0000000e+00
0.0000000e+00
0.0000000e+00
0.0000000e+00
0.0000000e+00
0.0000000e+00
0.0000000e+00
0.0000000e+00
0.0000000e+00
0.0000000e+00
0.0000000e+00
0.0000000e+00
0.0000000e+00
0.0000000e+00
0.0000000e+00
0.0000000e+00
0.0000000e+00
0.0000000e+00
0.0000000e+00
0.0000000e+00
0.0000000e+00
0.0000000e+00
0.0000000e+00
0.0000000e+00
0.0000000e+00
0.0000000e+00
0.0000000e+00
0.0000000e+00
0.0000000e+00
0.0000000e+00
0.0000000e+00
0.0000000e+00
0.0000000e+00
0.0000000e+00
0.0000000e+00
0.0000000e+00
0.0000000e+00
0.0000000e+00
0.0000000e+00
0.0000000e+00
0.0000000e+00
0.0000000e+00
0.0000000e+00
0.0000000e+00
0.0000000e+00
0.0000000e+00
0.0000000e+00
0.0000000e+00
0.0000000e+00
0.0000000e+00
0.0000000e+00
0.0000000e+00
0.0000000e+00
0.0000000e+00
0.0000000e+00
0.0000000e+00
0.0000000e+00
0.0000000e+00
0.0000000e+00
0.0000000e+00
0.0000000e+00
0.0000000e+00
0.0000000e+00
0.0000000e+00
0.0000000e+00
0.0000000e+00
0.0000000e+00
0.0000000e+00
0.0000000e+00
0.0000000e+00
0.0000000e+00
0.0000000e+00
0.0000000e+00
0.0000000e+00
0.0000000e+00
0.0000000e+00
0.0000000e+00
0.0000000e+00
0.0000000e+00
0.0000000e+00
0.0000000e+00
0.0000000e+00
0.0000000e+00
0.0000000e+00
0.0000000e+00
0.0000000e+00
0.0000000e+00
0.0000000e+00
0.0000000e+00
0.0000000e+00
0.0000000e+00
0.0000000e+00
0.0000000e+00
0.0000000e+00
0.0000000e+00
0.0000000e+00
0.0000000e+00
0.0000000e+00
0.0000000e+00
0.0000000e+00
0.0000000e+00
0.0000000e+00
0.0000000e+00
0.0000000e+00
0.0000000e+00
0.0000000e+00
0.0000000e+00
0.0000000e+00
0.0000000e+00
0.0000000e+00
0.0000000e+00
0.0000000e+00
0.0000000e+00
0.0000000e+00
0.0000000e+00
0.0000000e+00
0.0000000e+00
0.0000000e+00
0.0000000e+00
0.0000000e+00
0.0000000e+00
0.0000000e+00
0.0000000e+00
0.0000000e+00
0.0000000e+00
0.0000000e+00
0.0000000e+00
0.0000000e+00
0.0000000e+00
0.0000000e+00
0.0000000e+00
0.0000000e+00
0.0000000e+00
0.0000000e+00
0.0000000e+00
0.0000000e+00
0.0000000e+00
0.0000000e+00
0.0000000e+00
0.0000000e+00
0.0000000e+00
0.0000000e+00
0.0000000e+00
0.0000000e+00
0.0000000e+00
0.0000000e+00
0.0000000e+00
0.0000000e+00
0.0000000e+00
0.0000000e+00
0.0000000e+00
0.0000000e+00
0.0000000e+00
0.0000000e+00
0.0000000e+00
0.0000000e+00
0.0000000e+00
0.0000000e+00
0.0000000e+00
0.0000000e+00
0.0000000e+00
0.0000000e+00
0.0000000e+00
0.0000000e+00
0.0000000e+00
0.0000000e+00
0.0000000e+00
0.0000000e+00
0.0000000e+00
0.0000000e+00
0.0000000e+00
0.0000000e+00
0.0000000e+00
0.0000000e+00
0.0000000e+00
0.0000000e+00
0.0000000e+00
0.0000000e+00
0.0000000e+00
0.0000000e+00
0.0000000e+00
0.0000000e+00
0.0000000e+00
0.0000000e+00
0.0000000e+00
0.0000000e+00
0.0000000e+00
0.0000000e+00
0.0000000e+00
0.0000000e+00
0.0000000e+00
0.0000000e+00
0.0000000e+00
0.0000000e+00
0.0000000e+00
0.0000000e+00
0.0000000e+00
0.0000000e+00
0.0000000e+00
0.0000000e+00
0.0000000e+00
0.0000000e+00
0.0000000e+00
0.0000000e+00
0.0000000e+00
0.0000000e+00
0.0000000e+00
0.0000000e+00
0.0000000e+00
0.0000000e+00
0.0000000e+00
0.0000000e+00
0.0000000e+00
0.0000000e+00
0.0000000e+00
0.0000000e+00
0.0000000e+00
0.0000000e+00
0.0000000e+00
0.0000000e+00
0.0000000e+00
0.0000000e+00
0.0000000e+00
0.0000000e+00
0.0000000e+00
0.0000000e+00
0.0000000e+00
0.0000000e+00
0.0000000e+00
0.0000000e+00
0.0000000e+00
0.0000000e+00
0.0000000e+00
0.0000000e+00
0.0000000e+00
0.0000000e+00
0.0000000e+00
0.0000000e+00
0.0000000e+00
0.0000000e+00
0.0000000e+00
0.0000000e+00
0.0000000e+00
0.0000000e+00
0.0000000e+00
0.0000000e+00
0.0000000e+00
0.0000000e+00
0.0000000e+00
0.0000000e+00
0.0000000e+00
0.0000000e+00
0.0000000e+00
0.0000000e+00
0.0000000e+00
0.0000000e+00
0.0000000e+00
0.0000000e+00
0.0000000e+00
0.0000000e+00
0.0000000e+00
0.0000000e+00
0.0000000e+00
0.0000000e+00
0.0000000e+00
0.0000000e+00
0.0000000e+00
0.0000000e+00
0.0000000e+00
0.0000000e+00
0.0000000e+00
0.0000000e+00
0.0000000e+00
0.0000000e+00
0.0000000e+00
0.0000000e+00
0.0000000e+00
0.0000000e+00
0.0000000e+00
0.0000000e+00
0.0000000e+00
0.0000000e+00
0.0000000e+00
0.0000000e+00
0.0000000e+00
0.0000000e+00
0.0000000e+00
0.0000000e+00
0.0000000e+00
0.0000000e+00
0.0000000e+00
0.0000000e+00
0.0000000e+00
0.0000000e+00
0.0000000e+00
0.0000000e+00
0.0000000e+00
0.0000000e+00
0.0000000e+00
0.0000000e+00
0.0000000e+00
0.0000000e+00
0.0000000e+00
0.0000000e+00
0.0000000e+00
0.0000000e+00
0.0000000e+00
0.0000000e+00
0.0000000e+00
0.0000000e+00
0.0000000e+00
0.0000000e+00
0.0000000e+00
0.0000000e+00
0.0000000e+00
0.0000000e+00
0.0000000e+00
0.0000000e+00
0.0000000e+00
0.0000000e+00
0.0000000e+00
0.0000000e+00
0.0000000e+00
0.0000000e+00
0.0000000e+00
0.0000000e+00
0.0000000e+00
0.0000000e+00
0.0000000e+00
0.0000000e+00
0.0000000e+00
0.0000000e+00
0.0000000e+00
0.0000000e+00
0.0000000e+00
0.0000000e+00
0.0000000e+00
0.0000000e+00
0.0000000e+00
0.0000000e+00
0.0000000e+00
0.0000000e+00
0.0000000e+00
0.0000000e+00
0.0000000e+00
0.0000000e+00
0.0000000e+00
0.0000000e+00
0.0000000e+00
0.0000000e+00
0.0000000e+00
0.0000000e+00
0.0000000e+00
0.0000000e+00
0.0000000e+00
0.0000000e+00
0.0000000e+00
0.0000000e+00
0.0000000e+00
0.0000000e+00
0.0000000e+00
0.0000000e+00
0.0000000e+00
0.0000000e+00
0.0000000e+00
0.0000000e+00
0.0000000e+00
0.0000000e+00
0.0000000e+00
0.0000000e+00
0.0000000e+00
0.0000000e+00
0.0000000e+00
0.0000000e+00
0.0000000e+00
0.0000000e+00
0.0000000e+00
0.0000000e+00
0.0000000e+00
0.0000000e+00
0.0000000e+00
0.0000000e+00
0.0000000e+00
0.0000000e+00
0.0000000e+00
0.0000000e+00
0.0000000e+00
0.0000000e+00
0.0000000e+00
0.0000000e+00
0.0000000e+00
0.0000000e+00
0.0000000e+00
0.0000000e+00
0.0000000e+00
0.0000000e+00
0.0000000e+00
0.0000000e+00
0.0000000e+00
0.0000000e+00
0.0000000e+00
0.0000000e+00
0.0000000e+00
0.0000000e+00
0.0000000e+00
0.0000000e+00
0.0000000e+00
0.0000000e+00
0.0000000e+00
0.0000000e+00
0.0000000e+00
0.0000000e+00
0.0000000e+00
0.0000000e+00
0.0000000e+00
0.0000000e+00
0.0000000e+00
0.0000000e+00
0.0000000e+00
0.0000000e+00
0.0000000e+00
0.0000000e+00
0.0000000e+00
0.0000000e+00
0.0000000e+00
0.0000000e+00
0.0000000e+00
0.0000000e+00
0.0000000e+00
0.0000000e+00
0.0000000e+00
0.0000000e+00
0.0000000e+00
0.0000000e+00
0.0000000e+00
0.0000000e+00
0.0000000e+00
0.0000000e+00
0.0000000e+00
0.0000000e+00
0.0000000e+00
0.0000000e+00
0.0000000e+00
0.0000000e+00
0.0000000e+00
0.0000000e+00
0.0000000e+00
0.0000000e+00
0.0000000e+00
0.0000000e+00
0.0000000e+00
0.0000000e+00
0.0000000e+00
0.0000000e+00
0.0000000e+00
0.0000000e+00
0.0000000e+00
0.0000000e+00
0.0000000e+00
0.0000000e+00
0.0000000e+00
0.0000000e+00
0.0000000e+00
0.0000000e+00
0.0000000e+00
0.0000000e+00
0.0000000e+00
0.0000000e+00
0.0000000e+00
0.0000000e+00
0.0000000e+00
0.0000000e+00
0.0000000e+00
0.0000000e+00
0.0000000e+00
0.0000000e+00
0.0000000e+00
0.0000000e+00
0.0000000e+00
0.0000000e+00
0.0000000e+00
0.0000000e+00
0.0000000e+00
0.0000000e+00
0.0000000e+00
0.0000000e+00
0.0000000e+00
0.0000000e+00
0.0000000e+00
0.0000000e+00
0.0000000e+00
0.0000000e+00
0.0000000e+00
0.0000000e+00
0.0000000e+00
0.0000000e+00
0.0000000e+00
0.0000000e+00
0.0000000e+00
0.0000000e+00
0.0000000e+00
0.0000000e+00
0.0000000e+00
0.0000000e+00
0.0000000e+00
0.0000000e+00
0.0000000e+00
0.0000000e+00
0.0000000e+00
0.0000000e+00
0.0000000e+00
0.0000000e+00
0.0000000e+00
0.0000000e+00
0.0000000e+00
0.0000000e+00
0.0000000e+00
0.0000000e+00
0.0000000e+00
0.0000000e+00
0.0000000e+00
0.0000000e+00
0.0000000e+00
0.0000000e+00
0.0000000e+00
0.0000000e+00
0.0000000e+00
0.0000000e+00
0.0000000e+00
0.0000000e+00
0.0000000e+00
0.0000000e+00
0.0000000e+00
0.0000000e+00
0.0000000e+00
0.0000000e+00
0.0000000e+00
0.0000000e+00
0.0000000e+00
0.0000000e+00
0.0000000e+00
0.0000000e+00
0.0000000e+00
0.0000000e+00
0.0000000e+00
0.0000000e+00
0.0000000e+00
0.0000000e+00
0.0000000e+00
0.0000000e+00
0.0000000e+00
0.0000000e+00
0.0000000e+00
0.0000000e+00
0.0000000e+00
0.0000000e+00
0.0000000e+00
0.0000000e+00
0.0000000e+00
0.0000000e+00
0.0000000e+00
0.0000000e+00
0.0000000e+00
0.0000000e+00
0.0000000e+00
0.0000000e+00
0.0000000e+00
0.0000000e+00
0.0000000e+00
0.0000000e+00
0.0000000e+00
0.0000000e+00
0.0000000e+00
0.0000000e+00
0.0000000e+00
0.0000000e+00
0.0000000e+00
0.0000000e+00
0.0000000e+00
0.0000000e+00
0.0000000e+00
0.0000000e+00
0.0000000e+00
0.0000000e+00
0.0000000e+00
0.0000000e+00
0.0000000e+00
0.0000000e+00
0.0000000e+00
0.0000000e+00
0.0000000e+00
0.0000000e+00
0.0000000e+00
0.0000000e+00
0.0000000e+00
0.0000000e+00
0.0000000e+00
0.0000000e+00
0.0000000e+00
0.0000000e+00
0.0000000e+00
0.0000000e+00
0.0000000e+00
0.0000000e+00
0.0000000e+00
0.0000000e+00
0.0000000e+00
0.0000000e+00
0.0000000e+00
0.0000000e+00
0.0000000e+00
0.0000000e+00
0.0000000e+00
0.0000000e+00
0.0000000e+00
0.0000000e+00
0.0000000e+00
0.0000000e+00
0.0000000e+00
0.0000000e+00
0.0000000e+00
0.0000000e+00
0.0000000e+00
0.0000000e+00
0.0000000e+00
0.0000000e+00
0.0000000e+00
0.0000000e+00
0.0000000e+00
0.0000000e+00
0.0000000e+00
0.0000000e+00
0.0000000e+00
0.0000000e+00
0.0000000e+00
0.0000000e+00
0.0000000e+00
0.0000000e+00
0.0000000e+00
0.0000000e+00
0.0000000e+00
0.0000000e+00
0.0000000e+00
0.0000000e+00
0.0000000e+00
0.0000000e+00
0.0000000e+00
0.0000000e+00
0.0000000e+00
0.0000000e+00
0.0000000e+00
0.0000000e+00
0.0000000e+00
0.0000000e+00
0.0000000e+00
0.0000000e+00
0.0000000e+00
0.0000000e+00
0.0000000e+00
0.0000000e+00
0.0000000e+00
0.0000000e+00
0.0000000e+00
0.0000000e+00
0.0000000e+00
0.0000000e+00
0.0000000e+00
0.0000000e+00
0.0000000e+00
0.0000000e+00
0.0000000e+00
0.0000000e+00
0.0000000e+00
0.0000000e+00
0.0000000e+00
0.0000000e+00
0.0000000e+00
0.0000000e+00
0.0000000e+00
0.0000000e+00
0.0000000e+00
0.0000000e+00
0.0000000e+00
0.0000000e+00
0.0000000e+00
0.0000000e+00
0.0000000e+00
0.0000000e+00
0.0000000e+00
0.0000000e+00
0.0000000e+00
0.0000000e+00
0.0000000e+00
0.0000000e+00
0.0000000e+00
0.0000000e+00
0.0000000e+00
0.0000000e+00
0.0000000e+00
0.0000000e+00
0.0000000e+00
0.0000000e+00
0.0000000e+00
0.0000000e+00
0.0000000e+00
0.0000000e+00
0.0000000e+00
0.0000000e+00
0.0000000e+00
0.0000000e+00
0.0000000e+00
0.0000000e+00
0.0000000e+00
0.0000000e+00
0.0000000e+00
0.0000000e+00
0.0000000e+00
0.0000000e+00
0.0000000e+00
0.0000000e+00
0.0000000e+00
0.0000000e+00
0.0000000e+00
0.0000000e+00
0.0000000e+00
0.0000000e+00
0.0000000e+00
0.0000000e+00
0.0000000e+00
0.0000000e+00
0.0000000e+00
0.0000000e+00
0.0000000e+00
0.0000000e+00
0.0000000e+00
0.0000000e+00
0.0000000e+00
0.0000000e+00
0.0000000e+00
0.0000000e+00
0.0000000e+00
0.0000000e+00
0.0000000e+00
0.0000000e+00
0.0000000e+00
0.0000000e+00
0.0000000e+00
0.0000000e+00
0.0000000e+00
0.0000000e+00
0.0000000e+00
0.0000000e+00
0.0000000e+00
0.0000000e+00
0.0000000e+00
0.0000000e+00
0.0000000e+00
0.0000000e+00
0.0000000e+00
0.0000000e+00
0.0000000e+00
0.0000000e+00
0.0000000e+00
0.0000000e+00
0.0000000e+00
0.0000000e+00
0.0000000e+00
0.0000000e+00
0.0000000e+00
0.0000000e+00
0.0000000e+00
0.0000000e+00
0.0000000e+00
0.0000000e+00
0.0000000e+00
0.0000000e+00
0.0000000e+00
0.0000000e+00
0.0000000e+00
0.0000000e+00
0.0000000e+00
0.0000000e+00
0.0000000e+00
0.0000000e+00
0.0000000e+00
0.0000000e+00
0.0000000e+00
0.0000000e+00
0.0000000e+00
0.0000000e+00
0.0000000e+00
0.0000000e+00
0.0000000e+00
0.0000000e+00
0.0000000e+00
0.0000000e+00
0.0000000e+00
0.0000000e+00
0.0000000e+00
0.0000000e+00
0.0000000e+00
0.0000000e+00
0.0000000e+00
0.0000000e+00
0.0000000e+00
0.0000000e+00
0.0000000e+00
0.0000000e+00
0.0000000e+00
0.0000000e+00
0.0000000e+00
0.0000000e+00
0.0000000e+00
0.0000000e+00
0.0000000e+00
0.0000000e+00
0.0000000e+00
0.0000000e+00
0.0000000e+00
0.0000000e+00
0.0000000e+00
0.0000000e+00
0.0000000e+00
0.0000000e+00
0.0000000e+00
0.0000000e+00
0.0000000e+00
0.0000000e+00
0.0000000e+00
0.0000000e+00
0.0000000e+00
0.0000000e+00
0.0000000e+00
0.0000000e+00
0.0000000e+00
0.0000000e+00
0.0000000e+00
0.0000000e+00
0.0000000e+00
0.0000000e+00
0.0000000e+00
0.0000000e+00
0.0000000e+00
0.0000000e+00
0.0000000e+00
0.0000000e+00
0.0000000e+00
0.0000000e+00
0.0000000e+00
0.0000000e+00
0.0000000e+00
0.0000000e+00
0.0000000e+00
0.0000000e+00
0.0000000e+00
0.0000000e+00
0.0000000e+00
0.0000000e+00
0.0000000e+00
0.0000000e+00
0.0000000e+00
0.0000000e+00
0.0000000e+00
0.0000000e+00
0.0000000e+00
0.0000000e+00
0.0000000e+00
0.0000000e+00
0.0000000e+00
0.0000000e+00
0.0000000e+00
0.0000000e+00
0.0000000e+00
0.0000000e+00
0.0000000e+00
0.0000000e+00
0.0000000e+00
0.0000000e+00
0.0000000e+00
0.0000000e+00
0.0000000e+00
0.0000000e+00
0.0000000e+00
0.0000000e+00
0.0000000e+00
0.0000000e+00
0.0000000e+00
0.0000000e+00
0.0000000e+00
0.0000000e+00
0.0000000e+00
0.0000000e+00
0.0000000e+00
0.0000000e+00
0.0000000e+00
0.0000000e+00
0.0000000e+00
0.0000000e+00
0.0000000e+00
0.0000000e+00
0.0000000e+00
0.0000000e+00
0.0000000e+00
0.0000000e+00
0.0000000e+00
0.0000000e+00
0.0000000e+00
0.0000000e+00
0.0000000e+00
0.0000000e+00
0.0000000e+00
0.0000000e+00
0.0000000e+00
0.0000000e+00
0.0000000e+00
0.0000000e+00
0.0000000e+00
0.0000000e+00
0.0000000e+00
0.0000000e+00
0.0000000e+00
0.0000000e+00
0.0000000e+00
0.0000000e+00
0.0000000e+00
0.0000000e+00
0.0000000e+00
0.0000000e+00
0.0000000e+00
0.0000000e+00
0.0000000e+00
0.0000000e+00
0.0000000e+00
0.0000000e+00
0.0000000e+00
0.0000000e+00
0.0000000e+00
0.0000000e+00
0.0000000e+00
0.0000000e+00
0.0000000e+00
0.0000000e+00
0.0000000e+00
0.0000000e+00
0.0000000e+00
0.0000000e+00
0.0000000e+00
0.0000000e+00
0.0000000e+00
0.0000000e+00
0.0000000e+00
0.0000000e+00
0.0000000e+00
0.0000000e+00
0.0000000e+00
0.0000000e+00
0.0000000e+00
0.0000000e+00
0.0000000e+00
0.0000000e+00
0.0000000e+00
0.0000000e+00
0.0000000e+00
0.0000000e+00
0.0000000e+00
0.0000000e+00
0.0000000e+00
0.0000000e+00
0.0000000e+00
0.0000000e+00
0.0000000e+00
0.0000000e+00
0.0000000e+00
0.0000000e+00
0.0000000e+00
0.0000000e+00
0.0000000e+00
0.0000000e+00
0.0000000e+00
0.0000000e+00
0.0000000e+00
0.0000000e+00
0.0000000e+00
0.0000000e+00
0.0000000e+00
0.0000000e+00
0.0000000e+00
0.0000000e+00
0.0000000e+00
0.0000000e+00
0.0000000e+00
0.0000000e+00
0.0000000e+00
0.0000000e+00
0.0000000e+00
0.0000000e+00
0.0000000e+00
0.0000000e+00
0.0000000e+00
0.0000000e+00
0.0000000e+00
0.0000000e+00
0.0000000e+00
0.0000000e+00
0.0000000e+00
0.0000000e+00
0.0000000e+00
0.0000000e+00
0.0000000e+00
0.0000000e+00
0.0000000e+00
0.0000000e+00
0.0000000e+00
0.0000000e+00
0.0000000e+00
0.0000000e+00
0.0000000e+00
0.0000000e+00
0.0000000e+00
0.0000000e+00
0.0000000e+00
0.0000000e+00
0.0000000e+00
0.0000000e+00
0.0000000e+00
0.0000000e+00
0.0000000e+00
0.0000000e+00
0.0000000e+00
0.0000000e+00
0.0000000e+00
0.0000000e+00
0.0000000e+00
0.0000000e+00
0.0000000e+00
0.0000000e+00
0.0000000e+00
0.0000000e+00
0.0000000e+00
0.0000000e+00
0.0000000e+00
0.0000000e+00
0.0000000e+00
0.0000000e+00
0.0000000e+00
0.0000000e+00
0.0000000e+00
0.0000000e+00
0.0000000e+00
0.0000000e+00
0.0000000e+00
0.0000000e+00
0.0000000e+00
0.0000000e+00
0.0000000e+00
0.0000000e+00
0.0000000e+00
0.0000000e+00
0.0000000e+00
0.0000000e+00
0.0000000e+00
0.0000000e+00
0.0000000e+00
0.0000000e+00
0.0000000e+00
0.0000000e+00
0.0000000e+00
0.0000000e+00
0.0000000e+00
0.0000000e+00
0.0000000e+00
0.0000000e+00
0.0000000e+00
0.0000000e+00
0.0000000e+00
0.0000000e+00
0.0000000e+00
0.0000000e+00
0.0000000e+00
0.0000000e+00
0.0000000e+00
0.0000000e+00
0.0000000e+00
0.0000000e+00
0.0000000e+00
0.0000000e+00
0.0000000e+00
0.0000000e+00
0.0000000e+00
0.0000000e+00
0.0000000e+00
0.0000000e+00
0.0000000e+00
0.0000000e+00
0.0000000e+00
0.0000000e+00
0.0000000e+00
0.0000000e+00
0.0000000e+00
0.0000000e+00
0.0000000e+00
0.0000000e+00
0.0000000e+00
0.0000000e+00
0.0000000e+00
0.0000000e+00
0.0000000e+00
0.0000000e+00
0.0000000e+00
0.0000000e+00
0.0000000e+00
0.0000000e+00
0.0000000e+00
0.0000000e+00
0.0000000e+00
0.0000000e+00
0.0000000e+00
0.0000000e+00
0.0000000e+00
0.0000000e+00
0.0000000e+00
0.0000000e+00
0.0000000e+00
0.0000000e+00
0.0000000e+00
0.0000000e+00
0.0000000e+00
0.0000000e+00
0.0000000e+00
0.0000000e+00
0.0000000e+00
0.0000000e+00
0.0000000e+00
0.0000000e+00
0.0000000e+00
0.0000000e+00
0.0000000e+00
0.0000000e+00
0.0000000e+00
0.0000000e+00
0.0000000e+00
0.0000000e+00
0.0000000e+00
0.0000000e+00
0.0000000e+00
0.0000000e+00
0.0000000e+00
0.0000000e+00
0.0000000e+00
0.0000000e+00
0.0000000e+00
0.0000000e+00
0.0000000e+00
0.0000000e+00
0.0000000e+00
0.0000000e+00
0.0000000e+00
0.0000000e+00
0.0000000e+00
0.0000000e+00
0.0000000e+00
0.0000000e+00
0.0000000e+00
0.0000000e+00
0.0000000e+00
0.0000000e+00
0.0000000e+00
0.0000000e+00
0.0000000e+00
0.0000000e+00
0.0000000e+00
0.0000000e+00
0.0000000e+00
0.0000000e+00
0.0000000e+00
0.0000000e+00
0.0000000e+00
0.0000000e+00
0.0000000e+00
0.0000000e+00
0.0000000e+00
0.0000000e+00
0.0000000e+00
0.0000000e+00
0.0000000e+00
0.0000000e+00
0.0000000e+00
0.0000000e+00
0.0000000e+00
0.0000000e+00
0.0000000e+00
0.0000000e+00
0.0000000e+00
0.0000000e+00
0.0000000e+00
0.0000000e+00
0.0000000e+00
0.0000000e+00
0.0000000e+00
0.0000000e+00
0.0000000e+00
0.0000000e+00
0.0000000e+00
0.0000000e+00
0.0000000e+00
0.0000000e+00
0.0000000e+00
0.0000000e+00
0.0000000e+00
0.0000000e+00
0.0000000e+00
0.0000000e+00
0.0000000e+00
0.0000000e+00
0.0000000e+00
0.0000000e+00
0.0000000e+00
0.0000000e+00
0.0000000e+00
0.0000000e+00
0.0000000e+00
0.0000000e+00
0.0000000e+00
0.0000000e+00
0.0000000e+00
0.0000000e+00
0.0000000e+00
0.0000000e+00
0.0000000e+00
0.0000000e+00
0.0000000e+00
0.0000000e+00
0.0000000e+00
0.0000000e+00
0.0000000e+00
0.0000000e+00
0.0000000e+00
0.0000000e+00
0.0000000e+00
0.0000000e+00
0.0000000e+00
0.0000000e+00
0.0000000e+00
0.0000000e+00
0.0000000e+00
0.0000000e+00
0.0000000e+00
0.0000000e+00
0.0000000e+00
0.0000000e+00
0.0000000e+00
0.0000000e+00
0.0000000e+00
0.0000000e+00
0.0000000e+00
0.0000000e+00
0.0000000e+00
0.0000000e+00
0.0000000e+00
0.0000000e+00
0.0000000e+00
0.0000000e+00
0.0000000e+00
0.0000000e+00
0.0000000e+00
0.0000000e+00
0.0000000e+00
0.0000000e+00
0.0000000e+00
0.0000000e+00
0.0000000e+00
0.0000000e+00
0.0000000e+00
0.0000000e+00
0.0000000e+00
0.0000000e+00
0.0000000e+00
0.0000000e+00
0.0000000e+00
0.0000000e+00
0.0000000e+00
0.0000000e+00
0.0000000e+00
0.0000000e+00
0.0000000e+00
0.0000000e+00
0.0000000e+00
0.0000000e+00
0.0000000e+00
0.0000000e+00
0.0000000e+00
0.0000000e+00
0.0000000e+00
0.0000000e+00
0.0000000e+00
0.0000000e+00
0.0000000e+00
0.0000000e+00
0.0000000e+00
0.0000000e+00
0.0000000e+00
0.0000000e+00
0.0000000e+00
0.0000000e+00
0.0000000e+00
0.0000000e+00
0.0000000e+00
0.0000000e+00
0.0000000e+00
0.0000000e+00
0.0000000e+00
0.0000000e+00
0.0000000e+00
0.0000000e+00
0.0000000e+00
0.0000000e+00
0.0000000e+00
0.0000000e+00
0.0000000e+00
0.0000000e+00
0.0000000e+00
0.0000000e+00
0.0000000e+00
0.0000000e+00
0.0000000e+00
0.0000000e+00
0.0000000e+00
0.0000000e+00
0.0000000e+00
0.0000000e+00
0.0000000e+00
0.0000000e+00
0.0000000e+00
0.0000000e+00
0.0000000e+00
0.0000000e+00
0.0000000e+00
0.0000000e+00
0.0000000e+00
0.0000000e+00
0.0000000e+00
0.0000000e+00
0.0000000e+00
0.0000000e+00
0.0000000e+00
0.0000000e+00
0.0000000e+00
0.0000000e+00
0.0000000e+00
0.0000000e+00
0.0000000e+00
0.0000000e+00
0.0000000e+00
0.0000000e+00
0.0000000e+00
0.0000000e+00
0.0000000e+00
0.0000000e+00
0.0000000e+00
0.0000000e+00
0.0000000e+00
0.0000000e+00
0.0000000e+00
0.0000000e+00
0.0000000e+00
0.0000000e+00
0.0000000e+00
0.0000000e+00
0.0000000e+00
0.0000000e+00
0.0000000e+00
0.0000000e+00
0.0000000e+00
0.0000000e+00
0.0000000e+00
0.0000000e+00
0.0000000e+00
0.0000000e+00
0.0000000e+00
0.0000000e+00
0.0000000e+00
0.0000000e+00
0.0000000e+00
0.0000000e+00
0.0000000e+00
0.0000000e+00
0.0000000e+00
0.0000000e+00
0.0000000e+00
0.0000000e+00
0.0000000e+00
0.0000000e+00
0.0000000e+00
0.0000000e+00
0.0000000e+00
0.0000000e+00
0.0000000e+00
0.0000000e+00
0.0000000e+00
0.0000000e+00
0.0000000e+00
0.0000000e+00
0.0000000e+00
0.0000000e+00
0.0000000e+00
0.0000000e+00
0.0000000e+00
0.0000000e+00
0.0000000e+00
0.0000000e+00
0.0000000e+00
0.0000000e+00
0.0000000e+00
0.0000000e+00
0.0000000e+00
0.0000000e+00
0.0000000e+00
0.0000000e+00
0.0000000e+00
0.0000000e+00
0.0000000e+00
0.0000000e+00
0.0000000e+00
0.0000000e+00
0.0000000e+00
0.0000000e+00
0.0000000e+00
0.0000000e+00
0.0000000e+00
0.0000000e+00
0.0000000e+00
0.0000000e+00
0.0000000e+00
0.0000000e+00
0.0000000e+00
0.0000000e+00
0.0000000e+00
0.0000000e+00
0.0000000e+00
0.0000000e+00
0.0000000e+00
0.0000000e+00
0.0000000e+00
0.0000000e+00
0.0000000e+00
0.0000000e+00
0.0000000e+00
0.0000000e+00
0.0000000e+00
0.0000000e+00
0.0000000e+00
0.0000000e+00
0.0000000e+00
0.0000000e+00
0.0000000e+00
0.0000000e+00
0.0000000e+00
0.0000000e+00
0.0000000e+00
0.0000000e+00
0.0000000e+00
0.0000000e+00
0.0000000e+00
0.0000000e+00
0.0000000e+00
0.0000000e+00
0.0000000e+00
0.0000000e+00
0.0000000e+00
0.0000000e+00
0.0000000e+00
0.0000000e+00
0.0000000e+00
0.0000000e+00
0.0000000e+00
0.0000000e+00
0.0000000e+00
0.0000000e+00
0.0000000e+00
0.0000000e+00
0.0000000e+00
0.0000000e+00
0.0000000e+00
0.0000000e+00
0.0000000e+00
0.0000000e+00
0.0000000e+00
0.0000000e+00
0.0000000e+00
0.0000000e+00
0.0000000e+00
0.0000000e+00
0.0000000e+00
0.0000000e+00
0.0000000e+00
0.0000000e+00
0.0000000e+00
0.0000000e+00
0.0000000e+00
0.0000000e+00
0.0000000e+00
0.0000000e+00
0.0000000e+00
0.0000000e+00
0.0000000e+00
0.0000000e+00
0.0000000e+00
0.0000000e+00
0.0000000e+00
0.0000000e+00
0.0000000e+00
0.0000000e+00
0.0000000e+00
0.0000000e+00
0.0000000e+00
0.0000000e+00
0.0000000e+00
0.0000000e+00
0.0000000e+00
0.0000000e+00
0.0000000e+00
0.0000000e+00
0.0000000e+00
0.0000000e+00
0.0000000e+00
0.0000000e+00
0.0000000e+00
0.0000000e+00
0.0000000e+00
0.0000000e+00
0.0000000e+00
0.0000000e+00
0.0000000e+00
0.0000000e+00
0.0000000e+00
0.0000000e+00
0.0000000e+00
0.0000000e+00
0.0000000e+00
0.0000000e+00
0.0000000e+00
0.0000000e+00
0.0000000e+00
0.0000000e+00
0.0000000e+00
0.0000000e+00
0.0000000e+00
0.0000000e+00
0.0000000e+00
0.0000000e+00
0.0000000e+00
0.0000000e+00
0.0000000e+00
0.0000000e+00
0.0000000e+00
0.0000000e+00
0.0000000e+00
0.0000000e+00
0.0000000e+00
0.0000000e+00
0.0000000e+00
0.0000000e+00
0.0000000e+00
0.0000000e+00
0.0000000e+00
0.0000000e+00
0.0000000e+00
0.0000000e+00
0.0000000e+00
0.0000000e+00
0.0000000e+00
0.0000000e+00
0.0000000e+00
0.0000000e+00
0.0000000e+00
0.0000000e+00
0.0000000e+00
0.0000000e+00
0.0000000e+00
0.0000000e+00
0.0000000e+00
0.0000000e+00
0.0000000e+00
0.0000000e+00
0.0000000e+00
0.0000000e+00
0.0000000e+00
0.0000000e+00
0.0000000e+00
0.0000000e+00
0.0000000e+00
0.0000000e+00
0.0000000e+00
0.0000000e+00
0.0000000e+00
0.0000000e+00
0.0000000e+00
0.0000000e+00
0.0000000e+00
0.0000000e+00
0.0000000e+00
0.0000000e+00
0.0000000e+00
0.0000000e+00
0.0000000e+00
0.0000000e+00
0.0000000e+00
0.0000000e+00
0.0000000e+00
0.0000000e+00
0.0000000e+00
0.0000000e+00
0.0000000e+00
0.0000000e+00
0.0000000e+00
0.0000000e+00
0.0000000e+00
0.0000000e+00
0.0000000e+00
0.0000000e+00
0.0000000e+00
0.0000000e+00
0.0000000e+00
0.0000000e+00
0.0000000e+00
0.0000000e+00
0.0000000e+00
0.0000000e+00
0.0000000e+00
0.0000000e+00
0.0000000e+00
0.0000000e+00
0.0000000e+00
0.0000000e+00
0.0000000e+00
0.0000000e+00
0.0000000e+00
0.0000000e+00
0.0000000e+00
0.0000000e+00
0.0000000e+00
0.0000000e+00
0.0000000e+00
0.0000000e+00
0.0000000e+00
0.0000000e+00
0.0000000e+00
0.0000000e+00
0.0000000e+00
0.0000000e+00
0.0000000e+00
0.0000000e+00
0.0000000e+00
0.0000000e+00
0.0000000e+00
0.0000000e+00
0.0000000e+00
0.0000000e+00
0.0000000e+00
0.0000000e+00
0.0000000e+00
0.0000000e+00
0.0000000e+00
0.0000000e+00
0.0000000e+00
0.0000000e+00
0.0000000e+00
0.0000000e+00
0.0000000e+00
0.0000000e+00
0.0000000e+00
0.0000000e+00
0.0000000e+00
0.0000000e+00
0.0000000e+00
0.0000000e+00
0.0000000e+00
0.0000000e+00
0.0000000e+00
0.0000000e+00
0.0000000e+00
0.0000000e+00
0.0000000e+00
0.0000000e+00
0.0000000e+00
0.0000000e+00
0.0000000e+00
0.0000000e+00
0.0000000e+00
0.0000000e+00
0.0000000e+00
0.0000000e+00
0.0000000e+00
0.0000000e+00
0.0000000e+00
0.0000000e+00
0.0000000e+00
0.0000000e+00
0.0000000e+00
0.0000000e+00
0.0000000e+00
0.0000000e+00
0.0000000e+00
0.0000000e+00
0.0000000e+00
0.0000000e+00
0.0000000e+00
0.0000000e+00
0.0000000e+00
0.0000000e+00
0.0000000e+00
0.0000000e+00
0.0000000e+00
0.0000000e+00
0.0000000e+00
0.0000000e+00
0.0000000e+00
0.0000000e+00
0.0000000e+00
0.0000000e+00
0.0000000e+00
0.0000000e+00
0.0000000e+00
0.0000000e+00
0.0000000e+00
0.0000000e+00
0.0000000e+00
0.0000000e+00
0.0000000e+00
0.0000000e+00
0.0000000e+00
0.0000000e+00
0.0000000e+00
0.0000000e+00
0.0000000e+00
0.0000000e+00
0.0000000e+00
0.0000000e+00
0.0000000e+00
0.0000000e+00
0.0000000e+00
0.0000000e+00
0.0000000e+00
0.0000000e+00
0.0000000e+00
0.0000000e+00
0.0000000e+00
0.0000000e+00
0.0000000e+00
0.0000000e+00
0.0000000e+00
0.0000000e+00
0.0000000e+00
0.0000000e+00
0.0000000e+00
0.0000000e+00
0.0000000e+00
0.0000000e+00
0.0000000e+00
0.0000000e+00
0.0000000e+00
0.0000000e+00
0.0000000e+00
0.0000000e+00
0.0000000e+00
0.0000000e+00
0.0000000e+00
0.0000000e+00
0.0000000e+00
0.0000000e+00
0.0000000e+00
0.0000000e+00
0.0000000e+00
0.0000000e+00
0.0000000e+00
0.0000000e+00
0.0000000e+00
0.0000000e+00
0.0000000e+00
0.0000000e+00
0.0000000e+00
0.0000000e+00
0.0000000e+00
0.0000000e+00
0.0000000e+00
0.0000000e+00
0.0000000e+00
0.0000000e+00
0.0000000e+00
0.0000000e+00
0.0000000e+00
0.0000000e+00
0.0000000e+00
0.0000000e+00
0.0000000e+00
0.0000000e+00
0.0000000e+00
0.0000000e+00
0.0000000e+00
0.0000000e+00
0.0000000e+00
0.0000000e+00
0.0000000e+00
0.0000000e+00
0.0000000e+00
0.0000000e+00
0.0000000e+00
0.0000000e+00
0.0000000e+00
0.0000000e+00
0.0000000e+00
0.0000000e+00
0.0000000e+00
0.0000000e+00
0.0000000e+00
0.0000000e+00
0.0000000e+00
0.0000000e+00
0.0000000e+00
0.0000000e+00
0.0000000e+00
0.0000000e+00
0.0000000e+00
0.0000000e+00
0.0000000e+00
0.0000000e+00
0.0000000e+00
0.0000000e+00
0.0000000e+00
0.0000000e+00
0.0000000e+00
0.0000000e+00
0.0000000e+00
0.0000000e+00
0.0000000e+00
0.0000000e+00
0.0000000e+00
0.0000000e+00
0.0000000e+00
0.0000000e+00
0.0000000e+00
0.0000000e+00
0.0000000e+00
0.0000000e+00
0.0000000e+00
0.0000000e+00
0.0000000e+00
0.0000000e+00
0.0000000e+00
0.0000000e+00
0.0000000e+00
0.0000000e+00
0.0000000e+00
0.0000000e+00
0.0000000e+00
0.0000000e+00
0.0000000e+00
0.0000000e+00
0.0000000e+00
0.0000000e+00
0.0000000e+00
0.0000000e+00
0.0000000e+00
0.0000000e+00
0.0000000e+00
0.0000000e+00
0.0000000e+00
0.0000000e+00
0.0000000e+00
0.0000000e+00
0.0000000e+00
0.0000000e+00
0.0000000e+00
0.0000000e+00
0.0000000e+00
0.0000000e+00
0.0000000e+00
0.0000000e+00
0.0000000e+00
0.0000000e+00
0.0000000e+00
0.0000000e+00
0.0000000e+00
0.0000000e+00
0.0000000e+00
0.0000000e+00
0.0000000e+00
0.0000000e+00
0.0000000e+00
0.0000000e+00
0.0000000e+00
0.0000000e+00
0.0000000e+00
0.0000000e+00
0.0000000e+00
0.0000000e+00
0.0000000e+00
0.0000000e+00
0.0000000e+00
0.0000000e+00
0.0000000e+00
0.0000000e+00
0.0000000e+00
0.0000000e+00
0.0000000e+00
0.0000000e+00
0.0000000e+00
0.0000000e+00
0.0000000e+00
0.0000000e+00
0.0000000e+00
0.0000000e+00
0.0000000e+00
0.0000000e+00
0.0000000e+00
0.0000000e+00
0.0000000e+00
0.0000000e+00
0.0000000e+00
0.0000000e+00
0.0000000e+00
0.0000000e+00
0.0000000e+00
0.0000000e+00
0.0000000e+00
0.0000000e+00
0.0000000e+00
0.0000000e+00
0.0000000e+00
0.0000000e+00
0.0000000e+00
0.0000000e+00
0.0000000e+00
0.0000000e+00
0.0000000e+00
0.0000000e+00
0.0000000e+00
0.0000000e+00
0.0000000e+00
0.0000000e+00
0.0000000e+00
0.0000000e+00
0.0000000e+00
0.0000000e+00
0.0000000e+00
0.0000000e+00
0.0000000e+00
0.0000000e+00
0.0000000e+00
0.0000000e+00
0.0000000e+00
0.0000000e+00
0.0000000e+00
0.0000000e+00
0.0000000e+00
0.0000000e+00
0.0000000e+00
0.0000000e+00
0.0000000e+00
0.0000000e+00
0.0000000e+00
0.0000000e+00
0.0000000e+00
0.0000000e+00
0.0000000e+00
0.0000000e+00
0.0000000e+00
0.0000000e+00
0.0000000e+00
0.0000000e+00
0.0000000e+00
0.0000000e+00
0.0000000e+00
0.0000000e+00
0.0000000e+00
0.0000000e+00
0.0000000e+00
0.0000000e+00
0.0000000e+00
0.0000000e+00
0.0000000e+00
0.0000000e+00
0.0000000e+00
0.0000000e+00
0.0000000e+00
0.0000000e+00
0.0000000e+00
0.0000000e+00
0.0000000e+00
0.0000000e+00
0.0000000e+00
0.0000000e+00
0.0000000e+00
0.0000000e+00
0.0000000e+00
0.0000000e+00
0.0000000e+00
0.0000000e+00
0.0000000e+00
0.0000000e+00
0.0000000e+00
0.0000000e+00
0.0000000e+00
0.0000000e+00
0.0000000e+00
0.0000000e+00
0.0000000e+00
0.0000000e+00
0.0000000e+00
0.0000000e+00
0.0000000e+00
0.0000000e+00
0.0000000e+00
0.0000000e+00
0.0000000e+00
0.0000000e+00
0.0000000e+00
0.0000000e+00
0.0000000e+00
0.0000000e+00
0.0000000e+00
0.0000000e+00
0.0000000e+00
0.0000000e+00
0.0000000e+00
0.0000000e+00
0.0000000e+00
0.0000000e+00
0.0000000e+00
0.0000000e+00
0.0000000e+00
0.0000000e+00
0.0000000e+00
0.0000000e+00
0.0000000e+00
0.0000000e+00
0.0000000e+00
0.0000000e+00
0.0000000e+00
0.0000000e+00
0.0000000e+00
0.0000000e+00
0.0000000e+00
0.0000000e+00
0.0000000e+00
0.0000000e+00
0.0000000e+00
0.0000000e+00
0.0000000e+00
0.0000000e+00
0.0000000e+00
0.0000000e+00
0.0000000e+00
0.0000000e+00
0.0000000e+00
0.0000000e+00
0.0000000e+00
0.0000000e+00
0.0000000e+00
0.0000000e+00
0.0000000e+00
0.0000000e+00
0.0000000e+00
0.0000000e+00
0.0000000e+00
0.0000000e+00
0.0000000e+00
0.0000000e+00
0.0000000e+00
0.0000000e+00
0.0000000e+00
0.0000000e+00
0.0000000e+00
0.0000000e+00
0.0000000e+00
0.0000000e+00
0.0000000e+00
0.0000000e+00
0.0000000e+00
0.0000000e+00
0.0000000e+00
0.0000000e+00
0.0000000e+00
0.0000000e+00
0.0000000e+00
0.0000000e+00
0.0000000e+00
0.0000000e+00
0.0000000e+00
0.0000000e+00
0.0000000e+00
0.0000000e+00
0.0000000e+00
0.0000000e+00
0.0000000e+00
0.0000000e+00
0.0000000e+00
0.0000000e+00
0.0000000e+00
0.0000000e+00
0.0000000e+00
0.0000000e+00
0.0000000e+00
0.0000000e+00
0.0000000e+00
0.0000000e+00
0.0000000e+00
0.0000000e+00
0.0000000e+00
0.0000000e+00
0.0000000e+00
0.0000000e+00
0.0000000e+00
0.0000000e+00
0.0000000e+00
0.0000000e+00
0.0000000e+00
0.0000000e+00
0.0000000e+00
0.0000000e+00
0.0000000e+00
0.0000000e+00
0.0000000e+00
0.0000000e+00
0.0000000e+00
0.0000000e+00
0.0000000e+00
0.0000000e+00
0.0000000e+00
0.0000000e+00
0.0000000e+00
0.0000000e+00
0.0000000e+00
0.0000000e+00
0.0000000e+00
0.0000000e+00
0.0000000e+00
0.0000000e+00
0.0000000e+00
0.0000000e+00
0.0000000e+00
0.0000000e+00
0.0000000e+00
0.0000000e+00
0.0000000e+00
0.0000000e+00
0.0000000e+00
0.0000000e+00
0.0000000e+00
0.0000000e+00
0.0000000e+00
0.0000000e+00
0.0000000e+00
0.0000000e+00
0.0000000e+00
0.0000000e+00
0.0000000e+00
0.0000000e+00
0.0000000e+00
0.0000000e+00
0.0000000e+00
0.0000000e+00
0.0000000e+00
0.0000000e+00
0.0000000e+00
0.0000000e+00
0.0000000e+00
0.0000000e+00
0.0000000e+00
0.0000000e+00
0.0000000e+00
0.0000000e+00
0.0000000e+00
0.0000000e+00
0.0000000e+00
0.0000000e+00
0.0000000e+00
0.0000000e+00
0.0000000e+00
0.0000000e+00
0.0000000e+00
0.0000000e+00
0.0000000e+00
0.0000000e+00
0.0000000e+00
0.0000000e+00
0.0000000e+00
0.0000000e+00
0.0000000e+00
0.0000000e+00
0.0000000e+00
0.0000000e+00
0.0000000e+00
0.0000000e+00
0.0000000e+00
0.0000000e+00
0.0000000e+00
0.0000000e+00
0.0000000e+00
0.0000000e+00
0.0000000e+00
0.0000000e+00
0.0000000e+00
0.0000000e+00
0.0000000e+00
0.0000000e+00
0.0000000e+00
0.0000000e+00
0.0000000e+00
0.0000000e+00
0.0000000e+00
0.0000000e+00
0.0000000e+00
0.0000000e+00
0.0000000e+00
0.0000000e+00
0.0000000e+00
0.0000000e+00
0.0000000e+00
0.0000000e+00
0.0000000e+00
0.0000000e+00
0.0000000e+00
0.0000000e+00
0.0000000e+00
0.0000000e+00
0.0000000e+00
0.0000000e+00
0.0000000e+00
0.0000000e+00
0.0000000e+00
0.0000000e+00
0.0000000e+00
0.0000000e+00
0.0000000e+00
0.0000000e+00
0.0000000e+00
0.0000000e+00
0.0000000e+00
0.0000000e+00
0.0000000e+00
0.0000000e+00
0.0000000e+00
0.0000000e+00
0.0000000e+00
0.0000000e+00
0.0000000e+00
0.0000000e+00
0.0000000e+00
0.0000000e+00
0.0000000e+00
0.0000000e+00
0.0000000e+00
0.0000000e+00
0.0000000e+00
0.0000000e+00
0.0000000e+00
0.0000000e+00
0.0000000e+00
0.0000000e+00
0.0000000e+00
0.0000000e+00
0.0000000e+00
0.0000000e+00
0.0000000e+00
0.0000000e+00
0.0000000e+00
0.0000000e+00
0.0000000e+00
0.0000000e+00
0.0000000e+00
0.0000000e+00
0.0000000e+00
0.0000000e+00
0.0000000e+00
0.0000000e+00
0.0000000e+00
0.0000000e+00
0.0000000e+00
0.0000000e+00
0.0000000e+00
0.0000000e+00
0.0000000e+00
0.0000000e+00
0.0000000e+00
0.0000000e+00
0.0000000e+00
0.0000000e+00
0.0000000e+00
0.0000000e+00
0.0000000e+00
0.0000000e+00
0.0000000e+00
0.0000000e+00
0.0000000e+00
0.0000000e+00
0.0000000e+00
0.0000000e+00
0.0000000e+00
0.0000000e+00
0.0000000e+00
0.0000000e+00
0.0000000e+00
0.0000000e+00
0.0000000e+00
0.0000000e+00
0.0000000e+00
0.0000000e+00
0.0000000e+00
0.0000000e+00
0.0000000e+00
0.0000000e+00
0.0000000e+00
0.0000000e+00
0.0000000e+00
0.0000000e+00
0.0000000e+00
0.0000000e+00
0.0000000e+00
0.0000000e+00
0.0000000e+00
0.0000000e+00
0.0000000e+00
0.0000000e+00
0.0000000e+00
0.0000000e+00
0.0000000e+00
0.0000000e+00
0.0000000e+00
0.0000000e+00
0.0000000e+00
0.0000000e+00
0.0000000e+00
0.0000000e+00
0.0000000e+00
0.0000000e+00
0.0000000e+00
0.0000000e+00
0.0000000e+00
0.0000000e+00
0.0000000e+00
0.0000000e+00
0.0000000e+00
0.0000000e+00
0.0000000e+00
0.0000000e+00
0.0000000e+00
0.0000000e+00
0.0000000e+00
0.0000000e+00
0.0000000e+00
0.0000000e+00
0.0000000e+00
0.0000000e+00
0.0000000e+00
0.0000000e+00
0.0000000e+00
0.0000000e+00
0.0000000e+00
0.0000000e+00
0.0000000e+00
0.0000000e+00
0.0000000e+00
0.0000000e+00
0.0000000e+00
0.0000000e+00
0.0000000e+00
0.0000000e+00
0.0000000e+00
0.0000000e+00
0.0000000e+00
0.0000000e+00
0.0000000e+00
0.0000000e+00
0.0000000e+00
0.0000000e+00
0.0000000e+00
0.0000000e+00
0.0000000e+00
0.0000000e+00
0.0000000e+00
0.0000000e+00
0.0000000e+00
0.0000000e+00
0.0000000e+00
0.0000000e+00
0.0000000e+00
0.0000000e+00
0.0000000e+00
0.0000000e+00
0.0000000e+00
0.0000000e+00
0.0000000e+00
0.0000000e+00
0.0000000e+00
0.0000000e+00
0.0000000e+00
0.0000000e+00
0.0000000e+00
0.0000000e+00
0.0000000e+00
0.0000000e+00
0.0000000e+00
0.0000000e+00
0.0000000e+00
0.0000000e+00
0.0000000e+00
0.0000000e+00
0.0000000e+00
0.0000000e+00
0.0000000e+00
0.0000000e+00
0.0000000e+00
0.0000000e+00
0.0000000e+00
0.0000000e+00
0.0000000e+00
0.0000000e+00
0.0000000e+00
0.0000000e+00
0.0000000e+00
0.0000000e+00
0.0000000e+00
0.0000000e+00
0.0000000e+00
0.0000000e+00
0.0000000e+00
0.0000000e+00
0.0000000e+00
0.0000000e+00
0.0000000e+00
0.0000000e+00
0.0000000e+00
0.0000000e+00
0.0000000e+00
0.0000000e+00
0.0000000e+00
0.0000000e+00
0.0000000e+00
0.0000000e+00
0.0000000e+00
0.0000000e+00
0.0000000e+00
0.0000000e+00
0.0000000e+00
0.0000000e+00
0.0000000e+00
0.0000000e+00
0.0000000e+00
0.0000000e+00
0.0000000e+00
0.0000000e+00
0.0000000e+00
0.0000000e+00
0.0000000e+00
0.0000000e+00
0.0000000e+00
0.0000000e+00
0.0000000e+00
0.0000000e+00
0.0000000e+00
0.0000000e+00
0.0000000e+00
0.0000000e+00
0.0000000e+00
0.0000000e+00
0.0000000e+00
0.0000000e+00
0.0000000e+00
0.0000000e+00
0.0000000e+00
0.0000000e+00
0.0000000e+00
0.0000000e+00
0.0000000e+00
0.0000000e+00
0.0000000e+00
0.0000000e+00
0.0000000e+00
0.0000000e+00
0.0000000e+00
0.0000000e+00
0.0000000e+00
0.0000000e+00
0.0000000e+00
0.0000000e+00
0.0000000e+00
0.0000000e+00
0.0000000e+00
0.0000000e+00
0.0000000e+00
0.0000000e+00
0.0000000e+00
0.0000000e+00
0.0000000e+00
0.0000000e+00
0.0000000e+00
0.0000000e+00
0.0000000e+00
0.0000000e+00
0.0000000e+00
0.0000000e+00
0.0000000e+00
0.0000000e+00
0.0000000e+00
0.0000000e+00
0.0000000e+00
0.0000000e+00
0.0000000e+00
0.0000000e+00
0.0000000e+00
0.0000000e+00
0.0000000e+00
0.0000000e+00
0.0000000e+00
0.0000000e+00
0.0000000e+00
0.0000000e+00
0.0000000e+00
0.0000000e+00
0.0000000e+00
0.0000000e+00
0.0000000e+00
0.0000000e+00
0.0000000e+00
0.0000000e+00
0.0000000e+00
0.0000000e+00
0.0000000e+00
0.0000000e+00
0.0000000e+00
0.0000000e+00
0.0000000e+00
0.0000000e+00
0.0000000e+00
0.0000000e+00
0.0000000e+00
0.0000000e+00
0.0000000e+00
0.0000000e+00
0.0000000e+00
0.0000000e+00
0.0000000e+00
0.0000000e+00
0.0000000e+00
0.0000000e+00
0.0000000e+00
0.0000000e+00
0.0000000e+00
0.0000000e+00
0.0000000e+00
0.0000000e+00
0.0000000e+00
0.0000000e+00
0.0000000e+00
0.0000000e+00
0.0000000e+00
0.0000000e+00
0.0000000e+00
0.0000000e+00
0.0000000e+00
0.0000000e+00
0.0000000e+00
0.0000000e+00
0.0000000e+00
0.0000000e+00
0.0000000e+00
0.0000000e+00
0.0000000e+00
0.0000000e+00
0.0000000e+00
0.0000000e+00
0.0000000e+00
0.0000000e+00
0.0000000e+00
0.0000000e+00
0.0000000e+00
0.0000000e+00
0.0000000e+00
0.0000000e+00
0.0000000e+00
0.0000000e+00
0.0000000e+00
0.0000000e+00
0.0000000e+00
0.0000000e+00
0.0000000e+00
0.0000000e+00
0.0000000e+00
0.0000000e+00
0.0000000e+00
0.0000000e+00
0.0000000e+00
0.0000000e+00
0.0000000e+00
0.0000000e+00
0.0000000e+00
0.0000000e+00
0.0000000e+00
0.0000000e+00
0.0000000e+00
0.0000000e+00
0.0000000e+00
0.0000000e+00
0.0000000e+00
0.0000000e+00
0.0000000e+00
0.0000000e+00
0.0000000e+00
0.0000000e+00
0.0000000e+00
0.0000000e+00
0.0000000e+00
0.0000000e+00
0.0000000e+00
0.0000000e+00
0.0000000e+00
0.0000000e+00
0.0000000e+00
0.0000000e+00
0.0000000e+00
0.0000000e+00
0.0000000e+00
0.0000000e+00
0.0000000e+00
0.0000000e+00
0.0000000e+00
0.0000000e+00
0.0000000e+00
0.0000000e+00
CAUCHY_STRESS_VECTOR 3 4225  float
2.9467460e+06 2.1322420e+06 2.7139802e+06 
3.1087988e+06 2.2132778e+06 2.7942792e+06 
3.0983632e+06 2.4753415e+06 2.7861102e+06 
3.2358848e+06 2.2615050e+06 2.8860448e+06 
3.1928442e+06 2.4772818e+06 2.8361360e+06 
3.1900938e+06 2.6532985e+06 2.9193940e+06 
3.3097240e+06 2.2961188e+06 2.9573200e+06 
3.2888142e+06 2.4561650e+06 2.9062040e+06 
3.2222268e+06 2.6322025e+06 2.9325998e+06 
3.3788728e+06 2.3326940e+06 3.0181668e+06 
3.3560790e+06 2.4620380e+06 2.9677368e+06 
3.2311905e+06 2.7165868e+06 2.9752308e+06 
3.2963375e+06 2.6101415e+06 2.9667828e+06 
3.4543328e+06 2.3747105e+06 3.0713855e+06 
3.4246268e+06 2.4800612e+06 3.0221460e+06 
3.2629045e+06 2.7107332e+06 2.9863490e+06 
3.3708232e+06 2.6071962e+06 3.0083795e+06 
3.2486542e+06 2.7439480e+06 3.0080332e+06 
3.3294122e+06 2.7004120e+06 3.0123132e+06 
3.5397058e+06 2.4230965e+06 3.1174488e+06 
3.5012792e+06 2.5058772e+06 3.0702510e+06 
3.4529555e+06 2.6149432e+06 3.0489070e+06 
3.2982732e+06 2.7540258e+06 3.0207825e+06 
3.4112558e+06 2.6977002e+06 3.0444850e+06 
3.6353292e+06 2.4775695e+06 3.1559685e+06 
3.5879365e+06 2.5373758e+06 3.1118192e+06 
3.5455092e+06 2.6285400e+06 3.0854850e+06 
3.2636908e+06 2.7571018e+06 3.0336300e+06 
3.3751370e+06 2.7522360e+06 3.0485102e+06 
3.5070632e+06 2.6993068e+06 3.0767265e+06 
3.7400005e+06 2.5372268e+06 3.1862925e+06 
3.6842138e+06 2.5731898e+06 3.1462382e+06 
3.3396982e+06 2.7820768e+06 3.0503592e+06 
3.4712550e+06 2.7501015e+06 3.0788505e+06 
3.6483825e+06 2.6454810e+06 3.1165158e+06 
3.6151025e+06 2.7028222e+06 3.1056478e+06 
3.4349452e+06 2.7839038e+06 3.0837660e+06 
3.2878108e+06 2.7700422e+06 3.0630728e+06 
3.8517535e+06 2.6008365e+06 3.2077635e+06 
3.7886148e+06 2.6121860e+06 3.1728145e+06 
3.5828410e+06 2.7466825e+06 3.1076705e+06 
3.7601085e+06 2.6642548e+06 3.1409380e+06 
3.7331922e+06 2.7067065e+06 3.1293440e+06 
3.3927822e+06 2.8069095e+06 3.0843488e+06 
3.5492028e+06 2.7799428e+06 3.1160362e+06 
3.7063568e+06 2.7412635e+06 3.1324202e+06 
3.9682722e+06 2.6670080e+06 3.2198318e+06 
3.8990910e+06 2.6532930e+06 3.1909200e+06 
3.8785535e+06 2.6838040e+06 3.1579995e+06 
3.5103042e+06 2.8076365e+06 3.1246970e+06 
3.3286300e+06 2.7918640e+06 3.1034650e+06 
3.8587948e+06 2.7099905e+06 3.1466698e+06 
3.6776180e+06 2.7706422e+06 3.1445100e+06 
3.8384910e+06 2.7333730e+06 3.1515488e+06 
4.0871238e+06 2.7342958e+06 3.2220970e+06 
4.0133500e+06 2.6954508e+06 3.2000535e+06 
3.4614370e+06 2.8368248e+06 3.1290015e+06 
3.6440665e+06 2.7990535e+06 3.1603972e+06 
4.0013005e+06 2.7032808e+06 3.1671705e+06 
3.8159930e+06 2.7563400e+06 3.1675285e+06 
3.9892342e+06 2.7120132e+06 3.1569218e+06 
3.9761145e+06 2.7227188e+06 3.1641410e+06 
3.6021108e+06 2.8322905e+06 3.1759088e+06 
3.3906152e+06 2.8283872e+06 3.1593365e+06 
3.7890592e+06 2.7824290e+06 3.1899898e+06 
4.1290365e+06 2.7376022e+06 3.1998625e+06 
4.2058935e+06 2.8012652e+06 3.2143160e+06 
4.1258640e+06 2.7219305e+06 3.1680990e+06 
3.9606195e+06 2.7373292e+06 3.1841020e+06 
4.1218455e+06 2.7122682e+06 3.1596810e+06 
3.5478820e+06 2.8774025e+06 3.1883270e+06 
3.7549312e+06 2.8164215e+06 3.2151648e+06 
4.1162828e+06 2.7091155e+06 3.1696832e+06 
3.9410102e+06 2.7587570e+06 3.2126162e+06 
4.2438390e+06 2.7787050e+06 3.1901420e+06 
4.3222640e+06 2.8665332e+06 3.1963935e+06 
4.1081862e+06 2.7138712e+06 3.1936890e+06 
4.2498150e+06 2.7390435e+06 3.1605835e+06 
3.7105945e+06 2.8641608e+06 3.2404635e+06 
4.2540680e+06 2.7103210e+06 3.1547268e+06 
3.9151625e+06 2.7909365e+06 3.2462445e+06 
3.4760540e+06 2.8830848e+06 3.2333025e+06 
4.0962320e+06 2.7288380e+06 3.2278392e+06 
4.2562580e+06 2.6924260e+06 3.1679258e+06 
4.2557265e+06 2.6861912e+06 3.1960488e+06 
3.8807335e+06 2.8387055e+06 3.2825325e+06 
4.3555530e+06 2.8177432e+06 3.1708240e+06 
3.6531060e+06 2.9322300e+06 3.2646658e+06 
4.4340605e+06 2.9287938e+06 3.1683680e+06 
4.3708495e+06 2.7539348e+06 3.1445500e+06 
4.0787950e+06 2.7572082e+06 3.2689608e+06 
4.3835030e+06 2.7057655e+06 3.1419842e+06 
4.2515135e+06 2.6933245e+06 3.2355115e+06 
4.3935260e+06 2.6725222e+06 3.1587982e+06 
3.8354050e+06 2.9075662e+06 3.3201758e+06 
4.0540672e+06 2.8029615e+06 3.3147288e+06 
3.5856440e+06 2.9577190e+06 3.3265632e+06 
4.4005840e+06 2.6544712e+06 3.1911420e+06 
4.2424050e+06 2.7163470e+06 3.2833632e+06 
4.4621155e+06 2.8537402e+06 3.1419622e+06 
4.5392710e+06 2.9868310e+06 3.1303920e+06 
4.4868260e+06 2.7659378e+06 3.1200345e+06 
4.5079380e+06 2.6982055e+06 3.1214920e+06 
4.4040470e+06 2.6527472e+06 3.2356812e+06 
4.5258005e+06 2.6492662e+06 3.1423558e+06 
4.0202402e+06 2.8706750e+06 3.3637990e+06 
3.7771462e+06 3.0033830e+06 3.3590968e+06 
4.2270265e+06 2.7584880e+06 3.3374002e+06 
4.5403880e+06 2.6188450e+06 3.1790658e+06 
4.4030510e+06 2.6692545e+06 3.2896625e+06 
4.5616240e+06 2.8857692e+06 3.1037145e+06 
4.5957815e+06 2.7744060e+06 3.0871648e+06 
4.6360575e+06 3.0395268e+06 3.0827152e+06 
4.5513730e+06 2.6075315e+06 3.2285285e+06 
4.6253615e+06 2.6872455e+06 3.0933772e+06 
3.9757158e+06 2.9652805e+06 3.4158800e+06 
4.2039885e+06 2.8235238e+06 3.3962670e+06 
3.7189342e+06 3.0528038e+06 3.4392640e+06 
4.3965835e+06 2.7065560e+06 3.3509968e+06 
4.6510240e+06 2.6225012e+06 3.1187458e+06 
4.5581985e+06 2.6166638e+06 3.2881758e+06 
4.6730330e+06 2.5793955e+06 3.1600110e+06 
4.1720560e+06 2.9155738e+06 3.4595195e+06 
4.3836035e+06 2.7677245e+06 3.4183375e+06 
4.6523420e+06 2.9129580e+06 3.0563262e+06 
3.9193175e+06 3.0917928e+06 3.4717448e+06 
4.6959375e+06 2.7787160e+06 3.0461465e+06 
4.6913390e+06 2.5580122e+06 3.2143200e+06 
4.7227560e+06 3.0858608e+06 3.0256665e+06 
4.7339620e+06 2.6724900e+06 3.0578378e+06 
4.5601620e+06 2.6482040e+06 3.3560312e+06 
4.7673580e+06 2.5920485e+06 3.0881832e+06 
4.7056610e+06 2.5591670e+06 3.2792868e+06 
4.7966565e+06 2.5361595e+06 3.1342330e+06 
4.3631820e+06 2.8561665e+06 3.4911330e+06 
4.1303245e+06 3.0388700e+06 3.5276418e+06 
4.5565175e+06 2.7046012e+06 3.4307730e+06 
3.8746420e+06 3.1679385e+06 3.5707652e+06 
4.8220650e+06 2.5044432e+06 3.1933792e+06 
4.7155655e+06 2.5842802e+06 3.3530498e+06 
4.7326980e+06 2.9344952e+06 3.0001160e+06 
4.7856935e+06 2.7782710e+06 2.9972498e+06 
4.7978705e+06 3.1249112e+06 2.9596388e+06 
4.8321200e+06 2.6535460e+06 3.0151288e+06 
4.8731710e+06 2.5577098e+06 3.0509335e+06 
4.8435515e+06 2.4972390e+06 3.2634190e+06 
4.3346485e+06 2.9754230e+06 3.5696450e+06 
4.5465955e+06 2.7886315e+06 3.5117770e+06 
4.0783875e+06 3.1975210e+06 3.6020152e+06 
4.9096215e+06 2.4891298e+06 3.1020312e+06 
4.7205625e+06 2.6352428e+06 3.4343255e+06 
4.8609220e+06 2.5154762e+06 3.3426115e+06 
4.9419150e+06 2.4470085e+06 3.1660640e+06 
4.8636230e+06 2.7725045e+06 2.9407965e+06 
4.8012805e+06 2.9496300e+06 2.9354612e+06 
4.9183995e+06 2.6300252e+06 2.9655502e+06 
4.8600655e+06 3.1558485e+06 2.8850762e+06 
4.5299290e+06 2.9032222e+06 3.5991350e+06 
4.2977370e+06 3.1289625e+06 3.6549282e+06 
4.7202065e+06 2.7142692e+06 3.5224455e+06 
4.9670250e+06 2.5192708e+06 3.0073005e+06 
4.9702455e+06 2.4312542e+06 3.2410162e+06 
4.0508872e+06 3.3020572e+06 3.7198482e+06 
4.8739100e+06 2.5605445e+06 3.4297238e+06 
5.0104950e+06 2.4382622e+06 3.0637365e+06 
4.9946355e+06 2.4423522e+06 3.3252735e+06 
5.0494690e+06 2.3858325e+06 3.1327538e+06 
4.7142060e+06 2.8237402e+06 3.6173730e+06 
4.5063775e+06 3.0512700e+06 3.6936408e+06 
4.8822665e+06 2.6341558e+06 3.5240670e+06 
4.9284590e+06 2.7608820e+06 2.8771515e+06 
4.2527185e+06 3.3199745e+06 3.7487740e+06 
4.8568285e+06 2.9576740e+06 2.8627852e+06 
4.9915330e+06 2.6015485e+06 2.9094380e+06 
5.0843475e+06 2.3615028e+06 3.2125292e+06 
4.9081550e+06 3.1779318e+06 2.8024615e+06 
5.0476585e+06 2.4765055e+06 2.9576172e+06 
5.0150175e+06 2.4812408e+06 3.4176670e+06 
5.0980290e+06 2.3834820e+06 3.0197002e+06 
5.1153495e+06 2.3653588e+06 3.3015818e+06 
4.7025340e+06 2.9660395e+06 3.7196955e+06 
4.8858555e+06 2.7382015e+06 3.6255110e+06 
5.1434995e+06 2.3209890e+06 3.0938388e+06 
4.4762450e+06 3.2354558e+06 3.7967465e+06 
5.0313170e+06 2.5491810e+06 3.5175070e+06 
4.2453675e+06 3.4536130e+06 3.8848705e+06 
4.9790840e+06 2.7429028e+06 2.8067120e+06 
5.1846620e+06 2.2882035e+06 3.1784068e+06 
5.0504080e+06 2.5677485e+06 2.8471560e+06 
5.1425880e+06 2.3979322e+06 3.3988185e+06 
4.8982220e+06 2.9579985e+06 2.7825478e+06 
5.1139700e+06 2.4291808e+06 2.9022380e+06 
4.9410910e+06 3.1905018e+06 2.7123062e+06 
5.1711400e+06 2.3246895e+06 2.9702872e+06 
4.8847520e+06 2.8746050e+06 3.7344798e+06 
4.6855295e+06 3.1433885e+06 3.8305880e+06 
5.0435375e+06 2.6476248e+06 3.6245988e+06 
5.2219140e+06 2.2848545e+06 3.2720640e+06 
4.4403770e+06 3.4580678e+06 3.9104888e+06 
5.2229510e+06 2.2525095e+06 3.0497132e+06 
5.1661455e+06 2.4600790e+06 3.5035668e+06 
5.2555335e+06 2.3111080e+06 3.3738038e+06 
5.2701690e+06 2.2115165e+06 3.1390905e+06 
5.0145155e+06 2.7181010e+06 2.7299012e+06 
5.0940535e+06 2.5282722e+06 2.7790898e+06 
4.9244720e+06 2.9500328e+06 2.6952360e+06 
5.0518465e+06 2.7780805e+06 3.7392400e+06 
4.8793310e+06 3.0451712e+06 3.8519235e+06 
5.1650035e+06 2.3770605e+06 2.8415320e+06 
5.1861515e+06 2.5528558e+06 3.6155920e+06 
4.6639865e+06 3.3576850e+06 3.9517535e+06 
4.9579515e+06 3.1929748e+06 2.6151432e+06 
5.2288930e+06 2.2617660e+06 2.9158705e+06 
5.3133580e+06 2.2011212e+06 3.2372260e+06 
4.4554935e+06 3.6207178e+06 4.0638880e+06 
5.2857465e+06 2.3674552e+06 3.4829870e+06 
5.2869175e+06 2.1803920e+06 3.0007710e+06 
5.3529460e+06 2.2211632e+06 3.3432098e+06 
5.3400020e+06 2.1315522e+06 3.0950112e+06 
5.0566555e+06 2.9419768e+06 3.8622002e+06 
5.2028595e+06 2.6773962e+06 3.7350972e+06 
4.8703475e+06 3.2514418e+06 3.9792690e+06 
5.3127985e+06 2.4545965e+06 3.5993598e+06 
5.1216225e+06 2.4827838e+06 2.7056408e+06 
5.0338945e+06 2.6860452e+06 2.6471620e+06 
4.6392270e+06 3.6103515e+06 4.0853390e+06 
5.1999305e+06 2.3199100e+06 2.7758802e+06 
4.9347055e+06 2.9332610e+06 2.6013562e+06 
5.3888630e+06 2.1143775e+06 3.1975508e+06 
5.2704845e+06 2.1945802e+06 2.8568280e+06 
4.9579280e+06 3.1848355e+06 2.5115185e+06 
5.3892925e+06 2.2718060e+06 3.4564492e+06 
5.3346255e+06 2.1046070e+06 2.9474028e+06 
5.2167180e+06 2.8347882e+06 3.8627078e+06 
5.0586920e+06 3.1405295e+06 3.9946778e+06 
5.4340700e+06 2.1284165e+06 3.3075848e+06 
5.3370230e+06 2.5733282e+06 3.7230580e+06 
5.3934265e+06 2.0483818e+06 3.0465862e+06 
4.8590045e+06 3.4945552e+06 4.1183475e+06 
5.4227505e+06 2.3534290e+06 3.5766908e+06 
4.6784935e+06 3.8012505e+06 4.2547500e+06 
5.1323810e+06 2.4309648e+06 2.6272222e+06 
5.0364700e+06 2.6463372e+06 2.5589505e+06 
5.2180360e+06 2.2574982e+06 2.7056708e+06 
5.4477450e+06 2.0247895e+06 3.1534958e+06 
5.4761060e+06 2.1735382e+06 3.4245800e+06 
4.9281585e+06 2.9072185e+06 2.5014282e+06 
5.2952230e+06 2.1229915e+06 2.7935385e+06 
4.9403140e+06 3.1656312e+06 2.4019868e+06 
5.2284370e+06 3.0259500e+06 3.9994345e+06 
5.3589075e+06 2.7244280e+06 3.8545935e+06 
5.3654165e+06 2.0251056e+06 2.8899925e+06 
5.0590620e+06 3.3746145e+06 4.1382395e+06 
5.4537310e+06 2.4665230e+06 3.7040252e+06 
5.4982820e+06 2.0331215e+06 3.2674390e+06 
4.8470035e+06 3.7751148e+06 4.2713055e+06 
5.5154250e+06 2.2498338e+06 3.5482992e+06 
5.4298225e+06 1.9620444e+06 2.9942185e+06 
5.5456360e+06 2.0729841e+06 3.3879532e+06 
5.4894320e+06 1.9324812e+06 3.1054948e+06 
5.1256940e+06 2.3725168e+06 2.5442550e+06 
5.2187055e+06 2.1896018e+06 2.6312960e+06 
5.0215895e+06 2.5986122e+06 2.4657325e+06 
5.3791515e+06 2.9085435e+06 3.9948268e+06 
5.4827605e+06 2.6115850e+06 3.8388795e+06 
5.2390425e+06 3.2515145e+06 4.1466242e+06 
5.3025195e+06 2.0468558e+06 2.7263800e+06 
4.9041605e+06 2.8714880e+06 2.3959802e+06 
5.5525115e+06 2.3575182e+06 3.6788088e+06 
5.0592955e+06 3.6446452e+06 4.2947430e+06 
5.3787305e+06 1.9418238e+06 2.8289175e+06 
4.9044935e+06 3.1349632e+06 2.2871062e+06 
5.5450680e+06 1.9354802e+06 3.2232472e+06 
5.5903580e+06 2.1442090e+06 3.5148315e+06 
4.9114995e+06 3.9929420e+06 4.4551780e+06 
5.4486695e+06 1.8725554e+06 2.9382965e+06 
5.5974390e+06 1.9704146e+06 3.3470942e+06 
5.5105350e+06 2.7890152e+06 3.9819930e+06 
5.3987180e+06 3.1260838e+06 4.1449215e+06 
5.5879335e+06 2.4968340e+06 3.8164738e+06 
5.5134490e+06 1.8375429e+06 3.0539570e+06 
5.2499215e+06 3.5117178e+06 4.3058910e+06 
5.1010115e+06 2.3071608e+06 2.4571652e+06 
5.6330045e+06 2.2467628e+06 3.6481332e+06 
5.2014085e+06 2.1160055e+06 2.5531505e+06 
4.9886855e+06 2.5425358e+06 2.3679795e+06 
5.2918685e+06 1.9660276e+06 2.6557292e+06 
5.0613755e+06 3.9504638e+06 4.4662420e+06 
4.8621255e+06 2.8256960e+06 2.2855442e+06 
5.5740090e+06 1.8356525e+06 3.1754508e+06 
5.3740935e+06 1.8546879e+06 2.7645475e+06 
5.6471885e+06 2.0368836e+06 3.4768712e+06 
4.8499290e+06 3.0924828e+06 2.1674352e+06 
5.4495290e+06 1.7799115e+06 2.8791928e+06 
5.5379685e+06 2.9990178e+06 4.1343805e+06 
5.6223905e+06 2.6679558e+06 3.9619400e+06 
5.4188745e+06 3.3771182e+06 4.3062870e+06 
5.6741850e+06 2.3806568e+06 3.7881832e+06 
5.6311615e+06 1.8660508e+06 3.3024838e+06 
5.5194030e+06 1.7400386e+06 2.9992695e+06 
5.2628500e+06 3.8062952e+06 4.4790335e+06 
5.6949430e+06 2.1346295e+06 3.6126470e+06 
5.1656900e+06 2.0365060e+06 2.4716298e+06 
5.0578575e+06 2.2346370e+06 2.3663822e+06 
5.1516175e+06 4.1934420e+06 4.6628305e+06 
5.2628380e+06 1.8803652e+06 2.5819590e+06 
4.9372635e+06 2.4778035e+06 2.2661668e+06 
5.5847640e+06 1.7337642e+06 3.1244580e+06 
5.6856390e+06 1.9281298e+06 3.4349460e+06 
5.3511020e+06 1.7636192e+06 2.6972432e+06 
4.8015425e+06 2.7695075e+06 2.1706538e+06 
5.6567585e+06 2.8708995e+06 4.1161015e+06 
5.7146090e+06 2.5458608e+06 3.9355560e+06 
5.5662280e+06 3.2415060e+06 4.2972805e+06 
5.4320340e+06 1.6840975e+06 2.8172665e+06 
5.7413560e+06 2.2634555e+06 3.7547228e+06 
4.7761520e+06 3.0378825e+06 2.0435300e+06 
5.4412185e+06 3.6612792e+06 4.4805055e+06 
5.6465235e+06 1.7600734e+06 3.2545600e+06 
5.7381365e+06 2.0214306e+06 3.5729280e+06 
5.5069680e+06 1.6400136e+06 2.9417972e+06 
5.2800025e+06 4.1343902e+06 4.6679370e+06 
5.7055005e+06 1.8181741e+06 3.3895298e+06 
5.5770565e+06 1.6299161e+06 3.0706488e+06 
5.1111560e+06 1.9509121e+06 2.3871282e+06 
5.7551250e+06 2.7422178e+06 4.0910505e+06 
4.9958180e+06 2.1547062e+06 2.2723362e+06 
5.6921235e+06 3.1054335e+06 4.2800560e+06 
5.2150575e+06 1.7897315e+06 2.5054380e+06 
5.7871510e+06 2.4231448e+06 3.9036238e+06 
4.8668935e+06 2.4041380e+06 2.1607700e+06 
5.5967630e+06 3.5160138e+06 4.4720925e+06 
5.3094135e+06 1.6685384e+06 2.6273575e+06 
5.7893535e+06 2.1455685e+06 3.7167258e+06 
4.7219620e+06 2.7026230e+06 2.0518411e+06 
5.3958745e+06 1.5850904e+06 2.7528622e+06 
5.4676935e+06 3.9776772e+06 4.6692450e+06 
5.6433070e+06 1.6526321e+06 3.2037240e+06 
5.7624565e+06 1.9074279e+06 3.5294925e+06 
4.6827515e+06 2.9708922e+06 1.9159424e+06 
5.4758745e+06 1.5374991e+06 2.8818850e+06 
5.3959855e+06 4.4003770e+06 4.8753550e+06 
5.7967530e+06 2.9693630e+06 4.2556505e+06 
5.8331595e+06 2.6133830e+06 4.0600752e+06 
5.7066195e+06 1.7072074e+06 3.3410502e+06 
5.7298075e+06 3.3709982e+06 4.4550505e+06 
5.8400330e+06 2.3001578e+06 3.8668312e+06 
5.5506640e+06 1.5241898e+06 3.0143742e+06 
5.0374635e+06 1.8590459e+06 2.3000398e+06 
5.6313155e+06 3.8216155e+06 4.6603000e+06 
5.8181395e+06 2.0272805e+06 3.6747510e+06 
5.1482060e+06 1.6939975e+06 2.4265315e+06 
4.9145330e+06 2.0671481e+06 2.1754578e+06 
5.2487335e+06 1.5693678e+06 2.5552342e+06 
4.7771965e+06 2.3212865e+06 2.0522656e+06 
5.6213420e+06 1.5438528e+06 3.1503405e+06 
5.5005800e+06 4.3248260e+06 4.8741650e+06 
5.3407870e+06 1.4828645e+06 2.6863112e+06 
5.7678250e+06 1.7928430e+06 3.4827982e+06 
4.6229895e+06 2.6247745e+06 1.9296356e+06 
5.8803475e+06 2.8336820e+06 4.2249695e+06 
5.4258960e+06 1.4325190e+06 2.8198582e+06 
5.8909960e+06 2.4847400e+06 4.0239165e+06 
5.8407085e+06 3.2266485e+06 4.4304755e+06 
4.5693665e+06 2.8912715e+06 1.7852191e+06 
5.8733155e+06 2.1771940e+06 3.8257822e+06 
5.6888890e+06 1.5953914e+06 3.2898912e+06 
5.7713820e+06 3.6666300e+06 4.6424115e+06 
5.5054045e+06 1.4166540e+06 2.9559608e+06 
5.8277180e+06 1.9088338e+06 3.6292912e+06 
5.6719200e+06 4.1568555e+06 4.8633845e+06 
4.9443110e+06 1.7607441e+06 2.2107562e+06 
5.0620025e+06 1.5930442e+06 2.3456000e+06 
4.8136825e+06 1.9717612e+06 2.0761768e+06 
5.1688055e+06 1.4660354e+06 2.4812100e+06 
5.5804975e+06 1.4338436e+06 3.0947420e+06 
5.7542020e+06 1.6778659e+06 3.4332520e+06 
4.6678385e+06 2.2290205e+06 1.9411280e+06 
5.9431685e+06 2.6987150e+06 4.1888032e+06 
5.6418275e+06 4.6113965e+06 5.0904370e+06 
5.2665460e+06 1.3773950e+06 2.6179325e+06 
5.9298435e+06 3.0833110e+06 4.3993240e+06 
5.9288025e+06 2.3565798e+06 3.9832210e+06 
5.8884170e+06 3.5130718e+06 4.6167225e+06 
4.5042755e+06 2.5357200e+06 1.8045629e+06 
5.8870925e+06 2.0545046e+06 3.7810038e+06 
5.3568430e+06 1.3250935e+06 2.7560242e+06 
5.6522350e+06 1.4828676e+06 3.2363965e+06 
5.8186675e+06 3.9908958e+06 4.8434710e+06 
5.8181255e+06 1.7904362e+06 3.5807785e+06 
4.4356740e+06 2.7988058e+06 1.6519010e+06 
5.4411290e+06 1.3073704e+06 2.8957110e+06 
5.7208810e+06 4.5196905e+06 5.0827320e+06 
5.9854960e+06 2.5647350e+06 4.1478370e+06 
5.9976055e+06 2.9412748e+06 4.3624265e+06 
5.7215780e+06 1.5626625e+06 3.3812135e+06 
4.9561960e+06 1.4867644e+06 2.2630005e+06 
4.8314280e+06 1.6558584e+06 2.1196680e+06 
5.5206730e+06 1.3227020e+06 3.0372312e+06 
5.9467695e+06 2.2291498e+06 3.9385505e+06 
5.0694020e+06 1.3584778e+06 2.4056142e+06 
5.9829490e+06 3.3612302e+06 4.5842265e+06 
4.6929800e+06 1.8683622e+06 1.9749228e+06 
5.1729525e+06 1.2686621e+06 2.5480330e+06 
5.8814835e+06 1.9323050e+06 3.7329558e+06 
4.5385185e+06 2.1271310e+06 1.8278310e+06 
5.9415160e+06 3.8272158e+06 4.8155955e+06 
5.2685505e+06 1.2152442e+06 2.6906748e+06 
5.5966095e+06 1.3697626e+06 3.1808735e+06 
4.3655045e+06 2.4352408e+06 1.6771448e+06 
5.7894225e+06 1.6722694e+06 3.5295905e+06 
5.8737195e+06 4.3418375e+06 5.0594790e+06 
5.3577120e+06 1.1963981e+06 2.8339050e+06 
6.0443920e+06 2.8007808e+06 4.3205010e+06 
6.0076240e+06 2.4319728e+06 4.1026642e+06 
4.2813810e+06 2.6932998e+06 1.5165234e+06 
6.0555035e+06 3.2113432e+06 4.5457855e+06 
5.8864985e+06 4.8242155e+06 5.3058400e+06 
5.6699655e+06 1.4473811e+06 3.3269985e+06 
5.9451055e+06 2.1026612e+06 3.8903910e+06 
6.0411425e+06 3.6660330e+06 4.7807755e+06 
5.4417870e+06 1.2105195e+06 2.9780830e+06 
4.8305570e+06 1.3750644e+06 2.1790860e+06 
4.6985675e+06 1.5442565e+06 2.0271638e+06 
4.9503165e+06 1.2466424e+06 2.3287688e+06 
5.8566240e+06 1.8107828e+06 3.6820352e+06 
4.5521645e+06 1.7567854e+06 1.8721246e+06 
5.0598270e+06 1.1566540e+06 2.4769092e+06 
6.0018425e+06 4.1671958e+06 5.0282310e+06 
5.5219835e+06 1.2561938e+06 3.1235962e+06 
4.3889620e+06 2.0154290e+06 1.7128469e+06 
5.1608710e+06 1.1029978e+06 2.6240845e+06 
5.7416860e+06 1.5544952e+06 3.4760555e+06 
5.9387930e+06 4.7169325e+06 5.2915140e+06 
6.0706030e+06 2.6620312e+06 4.2741680e+06 
6.1065985e+06 3.0636070e+06 4.5021425e+06 
6.0098520e+06 2.3006255e+06 4.0537955e+06 
4.2063895e+06 2.3231378e+06 1.5478991e+06 
5.2550440e+06 1.0837981e+06 2.7708028e+06 
6.1182060e+06 3.5075215e+06 4.7398920e+06 
5.9240260e+06 1.9772982e+06 3.8391600e+06 
5.5993905e+06 1.3321582e+06 3.2708845e+06 
6.1060730e+06 3.9958978e+06 4.9900115e+06 
5.3437740e+06 1.0973865e+06 2.9175465e+06 
4.1062180e+06 2.5745728e+06 1.3796164e+06 
5.8126620e+06 1.6901045e+06 3.6285842e+06 
4.6848700e+06 1.2578661e+06 2.0942069e+06 
4.8113540e+06 1.1304905e+06 2.2509895e+06 
4.5454965e+06 1.4258221e+06 1.9336321e+06 
6.0714065e+06 4.5306200e+06 5.2556140e+06 
4.9270005e+06 1.0413706e+06 2.4048472e+06 
4.3909875e+06 1.6368816e+06 1.7682116e+06 
5.6750035e+06 1.4372615e+06 3.4204565e+06 
5.4283385e+06 1.1422749e+06 3.0648075e+06 
6.0766335e+06 2.5251972e+06 4.2239590e+06 
6.1367420e+06 2.9181832e+06 4.4539375e+06 
5.0336665e+06 9.8839012e+05 2.5565150e+06 
5.9924815e+06 2.1708628e+06 4.0016668e+06 
6.1733445e+06 3.3518200e+06 4.6937025e+06 
4.2189100e+06 1.8937409e+06 1.5966476e+06 
5.8837535e+06 1.8532232e+06 3.7852140e+06 
6.1275195e+06 5.0366505e+06 5.5194395e+06 
5.1330245e+06 9.6963825e+05 2.7066445e+06 
6.1871995e+06 3.8280418e+06 4.9457065e+06 
5.5098880e+06 1.2171240e+06 3.2131118e+06 
4.0266612e+06 2.1992262e+06 1.4173408e+06 
5.7497500e+06 1.5704216e+06 3.5728945e+06 
6.1795370e+06 4.3485480e+06 5.2128420e+06 
5.2265750e+06 9.8339706e+05 2.8558460e+06 
3.9099270e+06 2.4424538e+06 1.2417061e+06 
6.1464255e+06 2.7752068e+06 4.4017170e+06 
6.0628730e+06 2.3904248e+06 4.1703255e+06 
4.5189230e+06 1.1351085e+06 2.0087110e+06 
4.6523240e+06 1.0099999e+06 2.1725872e+06 
5.5894680e+06 1.3207078e+06 3.3630352e+06 
6.2071710e+06 3.1990395e+06 4.6428580e+06 
5.3156625e+06 1.0281202e+06 3.0047210e+06 
5.9558120e+06 2.0428335e+06 3.9466485e+06 
6.1523480e+06 4.9145655e+06 5.4984920e+06 
4.3719865e+06 1.3004568e+06 1.8394612e+06 
4.7743080e+06 9.2282688e+05 2.3321235e+06 
6.2459750e+06 3.6636998e+06 4.8960765e+06 
4.8868035e+06 8.7146988e+05 2.4882128e+06 
4.2092105e+06 1.5085185e+06 1.6636142e+06 
5.8245090e+06 1.7305825e+06 3.7288532e+06 
6.2640935e+06 4.1707305e+06 5.1640725e+06 
4.9915550e+06 8.5399631e+05 2.6416525e+06 
4.0281135e+06 1.7619079e+06 1.4797058e+06 
5.4014965e+06 1.1024066e+06 3.1538868e+06 
5.6680415e+06 1.4518752e+06 3.5152105e+06 
5.0901315e+06 8.6865281e+05 2.7931838e+06 
6.1361245e+06 2.6347900e+06 4.3459445e+06 
3.8260620e+06 2.0633340e+06 1.2859826e+06 
6.2634410e+06 4.7212295e+06 5.4499635e+06 
6.0296980e+06 2.2578405e+06 4.1136495e+06 
6.2202735e+06 3.0492685e+06 4.5879130e+06 
5.9001350e+06 1.9166714e+06 3.8890502e+06 
6.2831145e+06 3.5029222e+06 4.8417735e+06 
5.4851720e+06 1.2049690e+06 3.3039942e+06 
5.1839425e+06 9.1384931e+05 2.9435222e+06 
4.4730320e+06 8.8516725e+05 2.0938672e+06 
4.3325020e+06 1.0067496e+06 1.9229451e+06 
3.6922555e+06 2.2967755e+06 1.1033168e+06 
5.7465100e+06 1.6095114e+06 3.6703282e+06 
4.6015810e+06 8.0105588e+05 2.2590058e+06 
6.3259375e+06 3.9971640e+06 5.1100565e+06 
6.3626165e+06 5.2466495e+06 5.7292570e+06 
4.1778092e+06 1.1680795e+06 1.7450406e+06 
4.7201440e+06 7.5230250e+05 2.4194118e+06 
4.0065918e+06 1.3715791e+06 1.5587650e+06 
5.2742530e+06 9.8813681e+05 3.0933842e+06 
6.3505915e+06 4.5329840e+06 5.3956455e+06 
4.8305330e+06 7.3696481e+05 2.5760308e+06 
5.5676870e+06 1.3346002e+06 3.4557350e+06 
6.1062970e+06 2.4970298e+06 4.2870095e+06 
6.2132135e+06 2.9025788e+06 4.5293365e+06 
3.8163228e+06 1.6197838e+06 1.3624956e+06 
5.9774740e+06 2.1275568e+06 4.0542485e+06 
6.2992985e+06 3.3457442e+06 4.7833515e+06 
4.9343825e+06 7.5326744e+05 2.7297388e+06 
5.8257345e+06 1.7924980e+06 3.8291278e+06 
6.3597505e+06 5.1107010e+06 5.7017820e+06 
5.3622045e+06 1.0901806e+06 3.2435010e+06 
6.3658795e+06 3.8278320e+06 5.0514350e+06 
3.6043350e+06 1.9152959e+06 1.1543375e+06 
5.0331615e+06 7.9959050e+05 2.8813712e+06 
5.6499680e+06 1.4901380e+06 3.6098425e+06 
6.4147570e+06 4.3497445e+06 5.3362650e+06 
4.2732745e+06 7.5601162e+05 2.0151314e+06 
4.4086405e+06 6.7611250e+05 2.1857530e+06 
4.1253830e+06 8.7276888e+05 1.8372554e+06 
4.5335400e+06 6.3097375e+05 2.3503322e+06 
3.4529472e+06 2.1373708e+06 9.6497150e+05 
3.9627242e+06 1.0286288e+06 1.6507624e+06 
6.1865255e+06 2.7590278e+06 4.4675210e+06 
5.4488325e+06 1.2187302e+06 3.3946302e+06 
6.0573785e+06 2.3620092e+06 4.2252350e+06 
5.1281885e+06 8.7445131e+05 3.0317478e+06 
6.2951705e+06 3.1921878e+06 4.7212770e+06 
5.9065515e+06 1.9996751e+06 3.9923832e+06 
4.6498470e+06 6.1865444e+05 2.5099660e+06 
6.4484450e+06 4.9117585e+06 5.6408205e+06 
3.7828815e+06 1.2259621e+06 1.4541009e+06 
6.3846855e+06 3.6627088e+06 4.9887515e+06 
5.7328835e+06 1.6704282e+06 3.7670868e+06 
4.7592570e+06 6.3737025e+05 2.6656685e+06 
3.5832810e+06 1.4672328e+06 1.2454960e+06 
5.2206495e+06 9.7648150e+05 3.1816880e+06 
6.4568355e+06 4.1714225e+06 5.2724395e+06 
5.5350850e+06 1.3725874e+06 3.5475565e+06 
6.5897445e+06 5.4523220e+06 5.9334840e+06 
4.8632940e+06 6.8548519e+05 2.8184008e+06 
3.3612188e+06 1.7549511e+06 1.0229201e+06 
6.1407170e+06 2.6186640e+06 4.4027920e+06 
6.5139990e+06 4.7185755e+06 5.5750900e+06 
5.9897875e+06 2.2298032e+06 4.1608848e+06 
6.2713390e+06 3.0422662e+06 4.6559410e+06 
4.0528285e+06 6.2257756e+05 1.9366771e+06 
4.1952915e+06 5.4807738e+05 2.1126168e+06 
5.3116135e+06 1.1044000e+06 3.3320218e+06 
5.8172650e+06 1.8742901e+06 3.9282615e+06 
3.8973225e+06 7.3316975e+05 1.7519886e+06 
4.9633260e+06 7.6149712e+05 2.9690918e+06 
4.3268285e+06 5.0759412e+05 2.2811822e+06 
6.3830755e+06 3.5017615e+06 4.9224630e+06 
3.7264740e+06 8.8206362e+05 1.5570222e+06 
4.4493720e+06 4.9919869e+05 2.4436265e+06 
5.6218425e+06 1.5505725e+06 3.7030875e+06 
3.1917335e+06 1.9640659e+06 8.2719644e+05 
6.4776685e+06 3.9979268e+06 5.2046925e+06 
6.5593955e+06 5.3035770e+06 5.8996595e+06 
3.5378120e+06 1.0715819e+06 1.3500649e+06 
4.5646715e+06 5.2111041e+05 2.6011082e+06 
5.0605795e+06 8.6401775e+05 3.1186552e+06 
5.4020525e+06 1.2569842e+06 3.4835910e+06 
6.5573830e+06 4.5309885e+06 5.5051735e+06 
3.3287145e+06 1.3041275e+06 1.1291921e+06 
6.0762690e+06 2.4815295e+06 4.3354125e+06 
4.6743020e+06 5.7169138e+05 2.7547182e+06 
6.2283790e+06 2.8959875e+06 4.5876650e+06 
5.9039185e+06 2.1004805e+06 4.0941680e+06 
6.3617260e+06 3.3449542e+06 4.8529505e+06 
5.7099335e+06 1.7514920e+06 3.8620442e+06 
5.1561565e+06 9.9174894e+05 3.2679988e+06 
6.6252165e+06 5.1003970e+06 5.8266200e+06 
4.7796765e+06 6.4943450e+05 2.9055012e+06 
3.0964360e+06 1.5821395e+06 8.9225006e+05 
6.4780440e+06 3.8291665e+06 5.1334620e+06 
3.9613150e+06 4.1706131e+05 2.0398388e+06 
3.8114478e+06 4.8493916e+05 1.8587990e+06 
5.4928580e+06 1.4330399e+06 3.6372485e+06 
4.0998250e+06 3.8230306e+05 2.2121555e+06 
3.6480520e+06 5.8798269e+05 1.6674931e+06 
4.2289625e+06 3.7875766e+05 2.3771632e+06 
6.5795040e+06 4.3488405e+06 5.4315620e+06 
3.4687740e+06 7.2836569e+05 1.4642221e+06 
4.8820575e+06 7.5294588e+05 3.0544702e+06 
4.3505250e+06 4.0466097e+05 2.5361705e+06 
5.2510500e+06 1.1434561e+06 3.4180290e+06 
6.8071095e+06 5.6519590e+06 6.1305040e+06 
2.9083232e+06 1.7766759e+06 6.9052281e+05 
5.9936370e+06 2.3476615e+06 4.2655920e+06 
6.1668310e+06 2.7533550e+06 4.5167085e+06 
3.2710890e+06 9.0836862e+05 1.2471085e+06 
5.8001480e+06 1.9741055e+06 4.0252458e+06 
6.3212735e+06 3.1922492e+06 4.7805270e+06 
6.6689105e+06 4.9034690e+06 5.7497505e+06 
4.4661330e+06 4.5838756e+05 2.6904050e+06 
5.5848585e+06 1.6313692e+06 3.7938485e+06 
6.4586990e+06 3.6650528e+06 5.0591120e+06 
3.0523240e+06 1.1303482e+06 1.0140786e+06 
4.9825755e+06 8.8092400e+05 3.2026170e+06 
4.5772365e+06 5.3844038e+05 2.8410320e+06 
5.3461635e+06 1.3179406e+06 3.5696485e+06 
6.5812060e+06 4.1719800e+06 5.3546665e+06 
6.7498880e+06 5.4915795e+06 6.0905830e+06 
3.7064628e+06 2.8320981e+05 1.9676528e+06 
3.5488528e+06 3.4320450e+05 1.7817885e+06 
3.8523188e+06 2.5527400e+05 2.1434315e+06 
2.8096860e+06 1.3966971e+06 7.6285481e+05 
3.3772682e+06 4.3726919e+05 1.5841198e+06 
3.9884500e+06 2.5752303e+05 2.3107068e+06 
6.0872070e+06 2.6143708e+06 4.4432775e+06 
5.8932505e+06 2.2170950e+06 4.1934892e+06 
5.0822445e+06 1.0321352e+06 3.3509170e+06 
6.6914335e+06 4.7125685e+06 5.6695000e+06 
4.6851315e+06 6.4343531e+05 2.9891690e+06 
6.2623150e+06 3.0436085e+06 4.7054440e+06 
5.6788310e+06 1.8507418e+06 3.9542338e+06 
4.1166965e+06 2.8822297e+05 2.4709445e+06 
3.1893040e+06 5.6754194e+05 1.3727711e+06 
6.4203245e+06 3.5054992e+06 4.9819400e+06 
5.4423255e+06 1.5140105e+06 3.7237505e+06 
4.2387150e+06 3.4577616e+05 2.6255142e+06 
2.6023942e+06 1.5749988e+06 5.5549094e+05 
2.9823825e+06 7.3626931e+05 1.1456946e+06 
6.5632775e+06 4.0002632e+06 5.2748255e+06 
6.7927375e+06 5.2854620e+06 6.0059580e+06 
4.7909720e+06 7.7208181e+05 3.1358975e+06 
5.1819780e+06 1.2053880e+06 3.5003285e+06 
4.3559880e+06 4.2871169e+05 2.7757085e+06 
2.7537755e+06 9.4578050e+05 9.0066306e+05 
6.6936750e+06 4.5274850e+06 5.5862420e+06 
5.9899880e+06 2.4790362e+06 4.3675275e+06 
6.1854120e+06 2.8989950e+06 4.6278995e+06 
5.7755170e+06 2.0898640e+06 4.1192190e+06 
3.4304500e+06 1.4670914e+05 1.8962824e+06 
3.5840658e+06 1.2671970e+05 2.0751736e+06 
4.8957895e+06 9.2316069e+05 3.2822662e+06 
6.3635660e+06 3.3504238e+06 4.9021840e+06 
7.0131845e+06 5.8440550e+06 6.3189085e+06 
5.5403045e+06 1.7304522e+06 3.8812070e+06 
3.2647238e+06 1.9752134e+05 1.7059338e+06 
4.4698365e+06 5.3567125e+05 2.9227548e+06 
3.7276382e+06 1.3572303e+05 2.2443668e+06 
3.0846242e+06 2.8112644e+05 1.5022234e+06 
2.5006342e+06 1.1984526e+06 6.3527381e+05 
6.8146375e+06 5.0859190e+06 5.9183490e+06 
6.5264535e+06 3.8335542e+06 5.1923140e+06 
3.8630405e+06 1.7203000e+05 2.4054925e+06 
5.2826055e+06 1.3995061e+06 3.6517882e+06 
2.8876988e+06 3.9962784e+05 1.2830884e+06 
3.9919572e+06 2.3408744e+05 2.5600702e+06 
4.5814345e+06 6.6539100e+05 3.0678275e+06 
6.6764610e+06 4.3480205e+06 5.5002820e+06 
5.0005065e+06 1.0955000e+06 3.4292938e+06 
2.6713162e+06 5.5524925e+05 1.0463007e+06 
2.2735812e+06 1.3588090e+06 4.2265488e+05 
6.9300510e+06 5.6732655e+06 6.2732075e+06 
5.8756280e+06 2.3473530e+06 4.2895700e+06 
6.0910925e+06 2.7583738e+06 4.5480430e+06 
4.1158945e+06 3.2046825e+05 2.7095242e+06 
5.6408205e+06 1.9660029e+06 4.0428545e+06 
6.2890290e+06 3.1997485e+06 4.8200305e+06 
6.8165070e+06 4.8926825e+06 5.8280825e+06 
5.3848870e+06 1.6133012e+06 3.8062018e+06 
4.6918265e+06 8.1668062e+05 3.2120538e+06 
6.4714205e+06 3.6717260e+06 5.1073520e+06 
2.4326882e+06 7.5031475e+05 7.8947025e+05 
4.2361920e+06 4.2985734e+05 2.8551970e+06 
3.2947850e+06 -3.1012722e+03 2.0075266e+06 
3.1329482e+06 7.7929253e+03 1.8259396e+06 
5.1059520e+06 1.2879494e+06 3.5779638e+06 
3.4462982e+06 1.3627949e+04 2.1782280e+06 
2.9586928e+06 4.8083730e+04 1.6315192e+06 
6.6405610e+06 4.1739910e+06 5.4118670e+06 
3.5893842e+06 5.6352871e+04 2.3398488e+06 
2.7697210e+06 1.1969340e+05 1.4221626e+06 
6.9501775e+06 5.4654220e+06 6.1776080e+06 
2.1689005e+06 9.8722325e+05 5.1006325e+05 
4.3540380e+06 5.6103419e+05 2.9983602e+06 
3.7257455e+06 1.2358348e+05 2.4940648e+06 
4.8019410e+06 9.8840038e+05 3.3565148e+06 
5.9798520e+06 2.6217120e+06 4.4659805e+06 
5.7445555e+06 2.2193242e+06 4.2094760e+06 
2.5635365e+06 2.2469242e+05 1.1956051e+06 
6.1972810e+06 3.0534000e+06 4.7356190e+06 
6.7991960e+06 4.7055035e+06 5.7354245e+06 
5.4895255e+06 1.8455471e+06 3.9644310e+06 
3.8569020e+06 2.1395589e+05 2.6424380e+06 
6.3988195e+06 3.5146585e+06 5.0201085e+06 
5.2128800e+06 1.4993548e+06 3.7292188e+06 
2.3374555e+06 3.6529422e+05 9.4942262e+05 
7.2067175e+06 6.0273185e+06 6.4975090e+06 
4.4704845e+06 7.1285281e+05 3.1402212e+06 
1.9214640e+06 1.1278504e+06 2.9258762e+05 
6.5866910e+06 4.0052232e+06 5.3211915e+06 
6.9506505e+06 5.2643165e+06 6.0797675e+06 
4.9126075e+06 1.1794375e+06 3.5022445e+06 
3.9842038e+06 3.2621747e+05 2.7864300e+06 
2.9841518e+06 -1.3387747e+05 1.9406138e+06 
2.8135788e+06 -1.3324994e+05 1.7568226e+06 
2.0886239e+06 5.4384512e+05 6.8104738e+05 
3.1441655e+06 -1.0844359e+05 2.1123480e+06 
6.7634950e+06 4.5241510e+06 5.6405865e+06 
2.6303340e+06 -1.0485987e+05 1.5588246e+06 
5.8521600e+06 2.4889800e+06 4.3817785e+06 
3.2955265e+06 -5.8495285e+04 2.2740148e+06 
5.5971770e+06 2.0949549e+06 4.1272782e+06 
6.0888555e+06 2.9113100e+06 4.6490465e+06 
4.5864625e+06 8.8421994e+05 3.2819272e+06 
4.1088450e+06 4.5920931e+05 2.9274125e+06 
5.3219770e+06 1.7285338e+06 3.8839485e+06 
2.4320948e+06 -4.6841461e+04 1.3443016e+06 
6.3092510e+06 3.3622402e+06 4.9307090e+06 
3.4399430e+06 1.4561968e+04 2.4274542e+06 
7.0989300e+06 5.8473765e+06 6.4463950e+06 
1.8140481e+06 7.6280994e+05 3.8780144e+05 
5.0245705e+06 1.3886818e+06 3.6502242e+06 
6.9323310e+06 5.0696535e+06 5.9799055e+06 
6.5155185e+06 3.8415575e+06 5.2284030e+06 
2.2163275e+06 4.2843969e+04 1.1107670e+06 
3.5789380e+06 1.0944942e+05 2.5743718e+06 
4.2318810e+06 6.1184650e+05 3.0666758e+06 
4.7028000e+06 1.0740722e+06 3.4245638e+06 
6.7101390e+06 4.3484105e+06 5.5437320e+06 
3.7138620e+06 2.2499827e+05 2.7163505e+06 
1.9802950e+06 1.6641411e+05 8.5557900e+05 
5.7084585e+06 2.3601505e+06 4.2954680e+06 
5.9642540e+06 2.7734150e+06 4.5603740e+06 
7.0968930e+06 5.6389150e+06 6.3405280e+06 
5.4338765e+06 1.9742512e+06 4.0429772e+06 
1.5455525e+06 8.8182806e+05 1.6588744e+05 
6.2032770e+06 3.2143670e+06 4.8392395e+06 
2.6517925e+06 -2.6523606e+05 1.8745319e+06 
2.8209355e+06 -2.3011764e+05 2.0467510e+06 
5.1385045e+06 1.6150015e+06 3.8013740e+06 
4.3542415e+06 7.8309706e+05 3.2054328e+06 
2.4719038e+06 -2.7606572e+05 1.6891118e+06 
6.8960165e+06 4.8811595e+06 5.8781925e+06 
3.8459075e+06 3.6013116e+05 2.8548645e+06 
2.9812340e+06 -1.7215353e+05 2.2079548e+06 
1.7210711e+06 3.2626928e+05 5.7596944e+05 
2.2791540e+06 -2.6099645e+05 1.4881224e+06 
6.4276680e+06 3.6828440e+06 5.1336085e+06 
3.1343890e+06 -9.2639656e+04 2.3601552e+06 
4.8202330e+06 1.2813534e+06 3.5691522e+06 
2.0712068e+06 -2.1823062e+05 1.2690086e+06 
6.6398115e+06 4.1780830e+06 5.4449835e+06 
7.3867345e+06 6.2006815e+06 6.6653415e+06 
3.2819128e+06 7.2554004e+03 2.5052058e+06 
3.9761252e+06 5.1384250e+05 2.9912868e+06 
7.0765715e+06 5.4372105e+06 6.2330580e+06 
4.4767490e+06 9.7196019e+05 3.3448218e+06 
1.4355672e+06 5.2499269e+05 2.6909584e+05 
1.8454991e+06 -1.4576172e+05 1.0290366e+06 
5.5491670e+06 2.2351988e+06 4.2070480e+06 
5.8239505e+06 2.6396552e+06 4.4696275e+06 
5.2550220e+06 1.8572216e+06 3.9565408e+06 
3.4251452e+06 1.2647059e+05 2.6448140e+06 
6.0814270e+06 3.0709410e+06 4.7457515e+06 
6.8424465e+06 4.6985830e+06 5.7747565e+06 
4.9394225e+06 1.5049910e+06 3.7166432e+06 
6.3237235e+06 3.5289438e+06 5.0368800e+06 
1.5992421e+06 -4.1352230e+04 7.6531619e+05 
4.1054400e+06 6.8517769e+05 3.1268972e+06 
3.5652675e+06 2.6403228e+05 2.7805558e+06 
7.2557935e+06 6.0128490e+06 6.6092220e+06 
2.4762602e+06 -3.5095719e+05 1.9814216e+06 
2.2972795e+06 -3.9673319e+05 1.8093451e+06 
4.6001310e+06 1.1774440e+06 3.4859048e+06 
1.1452698e+06 6.2039894e+05 4.3185566e+04 
2.6462415e+06 -2.8420722e+05 2.1415885e+06 
6.5531505e+06 4.0129835e+06 5.3444250e+06 
2.1074195e+06 -4.2022441e+05 1.6229646e+06 
7.0387555e+06 5.2419535e+06 6.1241095e+06 
2.8088990e+06 -1.9764006e+05 2.2920380e+06 
1.9045804e+06 -4.1993606e+05 1.4196744e+06 
1.3294294e+06 9.7488641e+04 4.7484688e+05 
3.7033195e+06 4.1903391e+05 2.9138870e+06 
5.6683940e+06 2.5099748e+06 4.3768040e+06 
4.2346655e+06 8.7321206e+05 3.2628858e+06 
2.9657200e+06 -9.2285195e+04 2.4347745e+06 
6.7723090e+06 4.5216890e+06 5.6696890e+06 
5.3746855e+06 2.1141022e+06 4.1164865e+06 
1.6864278e+06 -3.9415506e+05 1.1966566e+06 
5.9441990e+06 2.9318710e+06 4.6502650e+06 
5.0609640e+06 1.7438755e+06 3.8679078e+06 
6.2042320e+06 3.3797265e+06 4.9382560e+06 
7.2324205e+06 5.8047640e+06 6.4938695e+06 
3.1180205e+06 3.0931166e+04 2.5716308e+06 
4.7250355e+06 1.3985442e+06 3.6296628e+06 
1.4503795e+06 -3.4091062e+05 9.5089594e+05 
1.0328585e+06 2.7352522e+05 1.5459108e+05 
6.9841770e+06 5.0528600e+06 6.0137725e+06 
6.4507515e+06 3.8529400e+06 5.2421095e+06 
3.8402148e+06 5.9061544e+05 3.0461520e+06 
4.3645195e+06 1.0770300e+06 3.4003532e+06 
3.2669608e+06 1.7116352e+05 2.7042835e+06 
1.1935981e+06 -2.5792992e+05 6.7921400e+05 
2.1097470e+06 -4.7045334e+05 1.9162965e+06 
6.6862460e+06 4.3502620e+06 5.5630490e+06 
1.9201242e+06 -5.2784256e+05 1.7450769e+06 
2.2902505e+06 -3.9418175e+05 2.0747845e+06 
5.4980110e+06 2.3843212e+06 4.2818715e+06 
1.7195462e+06 -5.6520606e+05 1.5585089e+06 
7.5525300e+06 6.3633010e+06 6.8216655e+06 
5.7920650e+06 2.7970710e+06 4.5527720e+06 
5.1853965e+06 1.9968402e+06 4.0237258e+06 
2.4632662e+06 -3.0000997e+05 2.2229198e+06 
7.1921645e+06 5.6033265e+06 6.3774440e+06 
3.9767560e+06 7.7794312e+05 3.1785900e+06 
7.1993156e+05 3.4316038e+05 -7.4844406e+04 
3.4135620e+06 3.2762581e+05 2.8342682e+06 
6.0697105e+06 3.2350702e+06 4.8377475e+06 
4.8520410e+06 1.6342236e+06 3.7769890e+06 
1.5059499e+06 -5.8119631e+05 1.3537275e+06 
2.6302392e+06 -1.8879462e+05 2.3628600e+06 
6.9135160e+06 4.8696675e+06 5.9021040e+06 
9.1298875e+05 -1.4259011e+05 3.7833356e+05 
6.3331740e+06 3.6977922e+06 5.1380615e+06 
4.4956370e+06 1.2957042e+06 3.5403095e+06 
1.2770224e+06 -5.7420844e+05 1.1276205e+06 
2.7924482e+06 -6.1296535e+04 2.4965612e+06 
3.5587208e+06 4.9957106e+05 2.9629902e+06 
6.5848540e+06 4.1841002e+06 5.4548680e+06 
4.1136490e+06 9.8018938e+05 3.3123385e+06 
7.4001250e+06 6.1688205e+06 6.7609760e+06 
1.0301780e+06 -5.4231638e+05 8.7684831e+05 
7.1357360e+06 5.4082265e+06 6.2599925e+06 
2.9510210e+06 8.1793984e+04 2.6257980e+06 
5.3132100e+06 2.2626438e+06 4.1847738e+06 
6.0521156e+05 8.1287700e+03 4.4978918e+04 
5.6254725e+06 2.6664588e+06 4.4532390e+06 
4.9816675e+06 1.8833928e+06 3.9286815e+06 
5.9206455e+06 3.0948602e+06 4.7353400e+06 
6.8274050e+06 4.6921320e+06 5.7891340e+06 
1.7209549e+06 -5.8801569e+05 1.8512531e+06 
1.9129304e+06 -5.0153603e+05 2.0073486e+06 
4.6285820e+06 1.5282764e+06 3.6836695e+06 
1.5197736e+06 -6.5794219e+05 1.6816984e+06 
3.7032255e+06 6.8627162e+05 3.0917348e+06 
7.6253600e+05 -4.8319816e+05 5.9789188e+05 
6.2009425e+06 3.5473902e+06 5.0322800e+06 
3.1069515e+06 2.3983466e+05 2.7521798e+06 
2.0972642e+06 -3.9926809e+05 2.1525558e+06 
1.3076195e+06 -7.1038406e+05 1.4958320e+06 
4.2515165e+06 1.1965134e+06 3.4484338e+06 
2.2753405e+06 -2.8185647e+05 2.2891848e+06 
7.3564680e+06 5.9619865e+06 6.6369740e+06 
1.0824932e+06 -7.4418300e+05 1.2905051e+06 
6.4686950e+06 4.0230170e+06 5.3451515e+06 
2.6872084e+05 4.9636484e+04 -1.8747502e+05 
7.0637940e+06 5.2191795e+06 6.1415365e+06 
2.4483855e+06 -1.4986186e+05 2.4193110e+06 
3.2611150e+06 4.1221100e+05 2.8771678e+06 
4.7090428e+05 -3.9405247e+05 2.8713738e+05 
3.8477685e+06 8.8700050e+05 3.2216712e+06 
8.4212988e+05 -7.5787650e+05 1.0622732e+06 
5.4448495e+06 2.5399558e+06 4.3516105e+06 
5.1143830e+06 2.1448938e+06 4.0854310e+06 
6.7264340e+06 4.5200280e+06 5.6748700e+06 
5.7575000e+06 2.9589870e+06 4.6309975e+06 
4.7638565e+06 1.7737395e+06 3.8312462e+06 
2.6174828e+06 -3.7895789e+03 2.5447990e+06 
6.0545530e+06 3.4015922e+06 4.9247415e+06 
4.3909080e+06 1.4260434e+06 3.5878090e+06 
7.7036595e+06 6.5145565e+06 6.9659590e+06 
5.8396062e+05 -7.4960119e+05 8.0741994e+05 
7.2973260e+06 5.7615800e+06 6.5123235e+06 
3.4142812e+06 5.9831756e+05 3.0020860e+06 
2.7835918e+06 1.5588684e+05 2.6673255e+06 
1.5177848e+05 -2.7151466e+05 -5.8989438e+04 
6.3382935e+06 3.8668365e+06 5.2338850e+06 
1.3093954e+06 -7.0296150e+05 1.7860961e+06 
1.5139204e+06 -6.0565569e+05 1.9390125e+06 
6.9769510e+06 5.0359225e+06 6.0220750e+06 
3.9929595e+06 1.1010132e+06 3.3538582e+06 
1.0956048e+06 -7.8629938e+05 1.6191148e+06 
1.7106508e+06 -4.9487772e+05 2.0806284e+06 
8.7088038e+05 -8.5500531e+05 1.4349675e+06 
1.9008890e+06 -3.7101447e+05 2.2134028e+06 
3.0507138e+05 -7.1697631e+05 5.2201647e+05 
6.6111550e+06 4.3531465e+06 5.5592975e+06 
5.2506065e+06 2.4174860e+06 4.2478100e+06 
4.9019090e+06 2.0310219e+06 3.9837430e+06 
2.9475602e+06 3.2870597e+05 2.7883990e+06 
3.5671285e+06 7.9754075e+05 3.1281315e+06 
5.5807145e+06 2.8273460e+06 4.5246625e+06 
2.0857924e+06 -2.3438741e+05 2.3395220e+06 
6.3332038e+05 -9.0816612e+05 1.2301965e+06 
7.5316110e+06 6.3146275e+06 6.9011520e+06 
4.5323110e+06 1.6678591e+06 3.7312900e+06 
7.2233245e+06 5.5673030e+06 6.3870095e+06 
5.8944750e+06 3.2602645e+06 4.8154045e+06 
-2.0934481e+05 -2.6073905e+05 -2.9391056e+05 
2.2663900e+06 -8.5284273e+04 2.4609305e+06 
4.1393368e+06 1.3275316e+06 3.4892438e+06 
3.8074159e+05 -9.4451088e+05 1.0009804e+06 
6.8757780e+06 4.8582105e+06 5.9015895e+06 
2.1653835e+03 -6.5697125e+05 2.0203241e+05 
6.1941470e+06 3.7153942e+06 5.1210350e+06 
3.1101372e+06 5.1420106e+05 2.9093748e+06 
3.7202542e+06 1.0092423e+06 3.2563792e+06 
2.4435978e+06 7.6016758e+04 2.5793605e+06 
6.4820865e+06 4.1912910e+06 5.4423855e+06 
1.1062085e+05 -9.6227056e+05 7.4316019e+05 
7.4689010e+06 6.1097965e+06 6.7693685e+06 
1.0928349e+06 -7.0584656e+05 1.8694169e+06 
8.7453338e+05 -8.1450450e+05 1.7205391e+06 
1.3031750e+06 -5.8624375e+05 2.0067345e+06 
5.0431395e+06 2.2989735e+06 4.1417438e+06 
7.1350445e+06 5.3788780e+06 6.2610000e+06 
5.3907120e+06 2.6998358e+06 4.4162610e+06 
6.4692125e+05 -9.1205319e+05 1.5571450e+06 
4.6761590e+06 1.9209782e+06 3.8795892e+06 
1.5067528e+06 -4.5577225e+05 2.1350900e+06 
-3.2845925e+05 -5.6577006e+05 -1.5648795e+05 
5.7211565e+06 3.1232782e+06 4.7042095e+06 
3.2719858e+06 7.1188462e+05 3.0314692e+06 
2.6182320e+06 2.4922850e+05 2.6963568e+06 
4.2873755e+06 1.5657276e+06 3.6286620e+06 
4.0846544e+05 -9.9816625e+05 1.3758768e+06 
6.7608095e+06 4.6858170e+06 5.7800435e+06 
1.7046406e+06 -3.1447056e+05 2.2567670e+06 
-1.7997222e+05 -9.5900444e+05 4.5230956e+05 
6.0367250e+06 3.5685348e+06 5.0065510e+06 
3.8741862e+06 1.2327446e+06 3.3877868e+06 
1.5740244e+05 -1.0722498e+06 1.1729404e+06 
1.8978015e+06 -1.6237362e+05 2.3737752e+06 
7.3920675e+06 5.9110840e+06 6.6372615e+06 
7.8399185e+06 6.6540390e+06 7.0979060e+06 
6.3397170e+06 4.0342775e+06 5.3240880e+06 
2.7910198e+06 4.3403950e+05 2.8132962e+06 
7.0330280e+06 5.1960500e+06 6.1342485e+06 
3.4336925e+06 9.2123438e+05 3.1557675e+06 
-1.0832584e+05 -1.1332945e+06 9.4408844e+05 
-7.1545388e+05 -5.8864438e+05 -3.9326878e+05 
2.0871025e+06 4.6357806e+02 2.4878872e+06 
-4.9444462e+05 -9.3139888e+05 1.2387430e+05 
4.8228345e+06 2.1843430e+06 4.0332995e+06 
5.1878995e+06 2.5763570e+06 4.3057025e+06 
4.4374960e+06 1.8147110e+06 3.7728322e+06 
5.5350260e+06 2.9905102e+06 4.5910815e+06 
6.6325470e+06 4.5185305e+06 5.6573890e+06 
6.4927031e+05 -8.0132881e+05 1.7980935e+06 
4.0293905e+06 1.4673170e+06 3.5231928e+06 
8.7458688e+05 -6.7271119e+05 1.9303701e+06 
4.1579112e+05 -9.2174294e+05 1.6541821e+06 
2.9626082e+06 6.3010112e+05 2.9314045e+06 
5.8664740e+06 3.4261090e+06 4.8903695e+06 
-3.9115628e+05 -1.1796786e+06 6.8463931e+05 
2.2733248e+06 1.7394969e+05 2.6006700e+06 
1.0928134e+06 -5.3559462e+05 2.0537320e+06 
7.6501270e+06 6.4498005e+06 7.0294405e+06 
1.7295292e+05 -1.0341949e+06 1.4954979e+06 
7.3016490e+06 5.7182085e+06 6.5047685e+06 
3.5957768e+06 1.1416804e+06 3.2832298e+06 
1.3049226e+06 -3.8968647e+05 2.1705402e+06 
6.1845085e+06 3.8819328e+06 5.2043450e+06 
6.9177820e+06 5.0185815e+06 6.0066975e+06 
-8.0601633e+04 -1.1387842e+06 1.3184226e+06 
-8.3673394e+05 -8.7505850e+05 -2.4659639e+05 
1.5118024e+06 -2.3473145e+05 2.2828492e+06 
-6.9400856e+05 -1.2089154e+06 3.8955622e+05 
2.4571725e+06 3.5794478e+05 2.7135082e+06 
3.1335758e+06 8.3701612e+05 3.0517682e+06 
-3.4644772e+05 -1.2353342e+06 1.1188022e+06 
4.9726725e+06 2.4568108e+06 4.1928838e+06 
6.4914630e+06 4.3561530e+06 5.5335650e+06 
4.5900685e+06 2.0735169e+06 3.9223510e+06 
5.3364950e+06 2.8618400e+06 4.4759340e+06 
4.1862790e+06 1.7121639e+06 3.6633175e+06 
1.7142661e+06 -7.0532844e+04 2.3924525e+06 
7.5697260e+06 6.2476045e+06 6.8907560e+06 
5.6838215e+06 3.2879748e+06 4.7724145e+06 
7.1981495e+06 5.5309115e+06 6.3718165e+06 
3.7586992e+06 1.3725935e+06 3.4146938e+06 
-6.2646194e+05 -1.3231971e+06 8.9190869e+05 
2.6392800e+06 5.5225106e+05 2.8276262e+06 
-1.2510550e+06 -9.3489731e+05 -4.8455744e+05 
6.7897825e+06 4.8462510e+06 5.8782790e+06 
6.0169005e+06 3.7340915e+06 5.0830875e+06 
-1.0203999e+06 -1.2173546e+06 5.3618797e+04 
1.9130590e+06 1.0303502e+05 2.5009210e+06 
1.8281798e+05 -8.9123225e+05 1.7244414e+06 
4.2465047e+05 -7.5356525e+05 1.8509118e+06 
3.3044365e+06 1.0543288e+06 3.1753435e+06 
-6.7442742e+04 -1.0236476e+06 1.5864838e+06 
6.5897956e+05 -6.0991088e+05 1.9687105e+06 
-9.2293938e+05 -1.4009820e+06 6.3244256e+05 
-3.2714262e+05 -1.1515468e+06 1.4337388e+06 
8.8666544e+05 -4.5959306e+05 2.0802476e+06 
6.3380045e+06 4.1984970e+06 5.4085025e+06 
7.4764990e+06 6.0511455e+06 6.7519805e+06 
4.7454170e+06 2.3410978e+06 4.0776872e+06 
4.3452140e+06 1.9664146e+06 3.8087585e+06 
5.1259625e+06 2.7371485e+06 4.3586675e+06 
7.9613200e+06 6.7815400e+06 7.2173790e+06 
2.1088642e+06 2.8601922e+05 2.6096320e+06 
7.0820385e+06 5.3489505e+06 6.2383270e+06 
2.8202190e+06 7.5660494e+05 2.9441022e+06 
-5.9741775e+05 -1.2755642e+06 1.2623348e+06 
1.1085149e+06 -3.0202747e+05 2.1875952e+06 
3.9228675e+06 1.6132758e+06 3.5508760e+06 
5.4891790e+06 3.1539932e+06 4.6526000e+06 
-1.3745475e+06 -1.1998670e+06 -3.2827534e+05 
6.6494780e+06 4.6788515e+06 5.7489190e+06 
3.4756498e+06 1.2815158e+06 3.3029600e+06 
1.3252861e+06 -1.3673759e+05 2.2925432e+06 
-1.2387464e+06 -1.4661956e+06 3.3461347e+05 
5.8373135e+06 3.5905958e+06 4.9602355e+06 
-8.7959550e+05 -1.3960696e+06 1.0677404e+06 
2.3023065e+06 4.7838359e+05 2.7197945e+06 
7.3709020e+06 5.8601685e+06 6.6130175e+06 
3.0005040e+06 9.7067031e+05 3.0638788e+06 
6.1725960e+06 4.0453858e+06 5.2821230e+06 
7.7557140e+06 6.5740535e+06 7.1457115e+06 
1.5376910e+06 3.6639250e+04 2.3966442e+06 
-1.1752994e+06 -1.5129165e+06 8.4469050e+05 
6.9537585e+06 5.1721025e+06 6.1042135e+06 
-4.6837137e+04 -8.2803494e+05 1.7675966e+06 
-3.0691866e+05 -9.7459444e+05 1.6476992e+06 
4.5065115e+06 2.2291160e+06 3.9599860e+06 
4.9038180e+06 2.6163172e+06 4.2391745e+06 
2.0520473e+05 -6.7812100e+05 1.8792891e+06 
4.0886408e+06 1.8629512e+06 3.6923702e+06 
-1.8179281e+06 -1.3004914e+06 -5.6664362e+05 
-5.7579888e+05 -1.1190515e+06 1.5167250e+06 
-1.5775005e+06 -1.5148046e+06 -7.6551670e+03 
5.2829435e+06 3.0240290e+06 4.5308305e+06 
4.4994662e+05 -5.2373822e+05 1.9851978e+06 
6.4972925e+06 4.5161880e+06 5.6185360e+06 
2.4939562e+06 6.8000538e+05 2.8324665e+06 
3.6476235e+06 1.5179781e+06 3.4353255e+06 
1.7463958e+06 2.1835092e+05 2.5012502e+06 
-8.5427175e+05 -1.2627386e+06 1.3712470e+06 
5.6461500e+06 3.4512925e+06 4.8357025e+06 
-1.4866064e+06 -1.6250750e+06 5.8715775e+05 
6.8811281e+05 -3.6393481e+05 2.0873774e+06 
3.1805975e+06 1.1940326e+06 3.1877710e+06 
7.6590695e+06 6.3750075e+06 7.0010015e+06 
7.2533600e+06 5.6744360e+06 6.4737675e+06 
-1.1432035e+06 -1.4069596e+06 1.2071624e+06 
9.2040994e+05 -1.9792791e+05 2.1875835e+06 
5.9956440e+06 3.8966500e+06 5.1543435e+06 
6.8137260e+06 5.0001560e+06 5.9693870e+06 
1.9520215e+06 4.0853197e+05 2.6075392e+06 
-1.9437468e+06 -1.5407605e+06 -4.0033378e+05 
2.6843335e+06 8.9067250e+05 2.9485685e+06 
-1.4436046e+06 -1.5527978e+06 1.0195580e+06 
-1.8162639e+06 -1.7301280e+06 2.8841725e+05 
4.6704425e+06 2.4992270e+06 4.1173378e+06 
4.2563325e+06 2.1207605e+06 3.8396435e+06 
1.1475226e+06 -2.5100135e+04 2.2873258e+06 
6.3336295e+06 4.3580755e+06 5.4870440e+06 
5.0655010e+06 2.8979480e+06 4.4070040e+06 
3.8207190e+06 1.7630356e+06 3.5730238e+06 
5.4438000e+06 3.3160338e+06 4.7093960e+06 
3.3609138e+06 1.4261940e+06 3.3164710e+06 
7.5508135e+06 6.1812660e+06 6.8563490e+06 
-5.4002038e+05 -8.9530006e+05 1.6794980e+06 
-2.6848897e+05 -7.3960531e+05 1.7845970e+06 
2.1551448e+06 6.0720588e+05 2.7165362e+06 
7.1242740e+06 5.4937265e+06 6.3341275e+06 
-8.2029788e+05 -1.0503626e+06 1.5669121e+06 
-1.7567564e+06 -1.7008021e+06 8.0258100e+05 
8.0680660e+06 6.8970290e+06 7.3244205e+06 
1.3701086e+06 1.5500827e+05 2.3879088e+06 
-5.0849399e+03 -5.8167062e+05 1.8845912e+06 
-1.1099035e+06 -1.2066429e+06 1.4439661e+06 
6.6623360e+06 4.8329140e+06 5.8337550e+06 
5.8075385e+06 3.7521268e+06 5.0250750e+06 
2.8739105e+06 1.1100815e+06 3.0688925e+06 
2.5083945e+05 -4.2014034e+05 1.9814746e+06 
-2.1679628e+06 -1.8236304e+06 -5.8717156e+04 
-2.4182822e+06 -1.6866438e+06 -6.3821250e+05 
-1.4093881e+06 -1.3661866e+06 1.3071616e+06 
-2.0844139e+06 -1.8505026e+06 5.4935144e+05 
4.9994919e+05 -2.5390227e+05 2.0769325e+06 
1.5887942e+06 3.4270903e+05 2.4904625e+06 
6.1588750e+06 4.2043385e+06 5.3543540e+06 
2.3562982e+06 8.1428756e+05 2.8291290e+06 
4.4262110e+06 2.3857552e+06 3.9930338e+06 
-1.7192994e+06 -1.5311290e+06 1.1522100e+06 
3.9952528e+06 2.0159208e+06 3.7165158e+06 
4.8372295e+06 2.7756162e+06 4.2810130e+06 
7.4313195e+06 5.9926025e+06 6.7116365e+06 
3.5418220e+06 1.6665689e+06 3.4505485e+06 
7.8485570e+06 6.6872690e+06 7.2499955e+06 
6.9840225e+06 5.3178340e+06 6.1939945e+06 
5.2306420e+06 3.1846725e+06 4.5812175e+06 
7.4291356e+05 -8.2070766e+04 2.1724020e+06 
3.0631145e+06 1.3378356e+06 3.1941082e+06 
-2.0402548e+06 -1.7034814e+06 9.7383556e+05 
6.4999645e+06 4.6701900e+06 5.6972235e+06 
-2.5466250e+06 -1.8983934e+06 -4.6138622e+05 
5.6086555e+06 3.6116578e+06 4.8942255e+06 
1.8041716e+06 5.3817519e+05 2.5959655e+06 
-2.4291070e+06 -1.9997092e+06 2.5198572e+05 
9.8039438e+05 9.6033273e+04 2.2691170e+06 
-1.0549512e+06 -9.5450494e+05 1.5854995e+06 
-7.6198106e+05 -7.9373981e+05 1.6836124e+06 
2.5559718e+06 1.0295852e+06 2.9460782e+06 
-1.3576030e+06 -1.1174024e+06 1.4808930e+06 
-4.7818381e+05 -6.3295412e+05 1.7775111e+06 
5.9733995e+06 4.0548082e+06 5.2203745e+06 
7.3009410e+06 5.8088070e+06 6.5667475e+06 
-2.3730840e+06 -1.8847551e+06 7.6556200e+05 
7.7371605e+06 6.4917795e+06 7.1001125e+06 
-1.6703428e+06 -1.2849625e+06 1.3669925e+06 
-2.0297183e+05 -4.7035756e+05 1.8690766e+06 
6.8329640e+06 5.1465640e+06 6.0532665e+06 
4.1714975e+06 2.2757770e+06 3.8661340e+06 
4.5985005e+06 2.6568982e+06 4.1527442e+06 
3.7236478e+06 1.9144808e+06 3.5904518e+06 
2.0167956e+06 7.4144912e+05 2.7052618e+06 
1.2130362e+06 2.8090188e+05 2.3681408e+06 
-1.9934622e+06 -1.4600730e+06 1.2403099e+06 
6.4296559e+04 -3.0449175e+05 1.9598828e+06 
5.0070460e+06 3.0570642e+06 4.4510660e+06 
3.2523290e+06 1.5734429e+06 3.3247660e+06 
-2.7945432e+06 -2.1435782e+06 -9.8150500e+04 
6.3269700e+06 4.5118065e+06 5.5596970e+06 
-3.0548895e+06 -2.0948609e+06 -6.9771175e+05 
5.3993600e+06 3.4750885e+06 4.7617000e+06 
-2.7190832e+06 -2.0753371e+06 5.1952650e+05 
2.7546128e+06 1.2528022e+06 3.0680248e+06 
3.2429419e+05 -1.3419473e+05 2.0512614e+06 
-2.3271498e+06 -1.6458889e+06 1.0964502e+06 
7.6152640e+06 6.3011265e+06 6.9503620e+06 
7.1600125e+06 5.6296825e+06 6.4215680e+06 
1.4414590e+06 4.7285762e+05 2.4703912e+06 
5.7775610e+06 3.9093212e+06 5.0850130e+06 
2.2271830e+06 9.5244994e+05 2.8190720e+06 
6.6714410e+06 4.9797335e+06 5.9118415e+06 
8.1605170e+06 7.0006325e+06 7.4192165e+06 
5.7770531e+05 4.1434074e+04 2.1443502e+06 
-2.6715500e+06 -1.8456196e+06 9.2983206e+05 
3.9066735e+06 2.1691612e+06 3.7365058e+06 
4.3496815e+06 2.5416565e+06 4.0220822e+06 
-1.2750149e+06 -8.3991744e+05 1.5751461e+06 
-3.1860648e+06 -2.2735228e+06 -5.0979491e+05 
-1.5915444e+06 -1.0047798e+06 1.4842672e+06 
3.4418955e+06 1.8163158e+06 3.4612972e+06 
-9.6897675e+05 -6.7718738e+05 1.6629148e+06 
-3.0804190e+06 -2.2735270e+06 2.2641389e+05 
4.7733740e+06 2.9330632e+06 4.3188380e+06 
6.1436995e+06 4.3575925e+06 5.4210820e+06 
-1.9189915e+06 -1.1745154e+06 1.3881789e+06 
-6.7287269e+05 -5.1434353e+05 1.7492811e+06 
1.6662516e+06 6.7206894e+05 2.5766572e+06 
2.9526272e+06 1.4835388e+06 3.1954932e+06 
8.2520975e+05 2.2306567e+05 2.2401272e+06 
5.1800100e+06 3.3422662e+06 4.6274025e+06 
-2.2576078e+06 -1.3524134e+06 1.2842504e+06 
-3.0269155e+06 -2.0620991e+06 7.3335369e+05 
7.4831680e+06 6.1151175e+06 6.8006165e+06 
-3.8605469e+05 -3.4957366e+05 1.8356609e+06 
7.0088515e+06 5.4550435e+06 6.2759860e+06 
2.4358102e+06 1.1709790e+06 2.9380012e+06 
7.9289595e+06 6.7894775e+06 7.3424590e+06 
-2.6074308e+06 -1.5423348e+06 1.1691185e+06 
5.5717065e+06 3.7677182e+06 4.9481770e+06 
6.4997815e+06 4.8171675e+06 5.7696185e+06 
-1.0781910e+05 -1.8143958e+05 1.9232461e+06 
1.0674706e+06 4.1116888e+05 2.3394348e+06 
-3.4607095e+06 -2.4741778e+06 -1.2431066e+05 
1.8879685e+06 8.7856250e+05 2.6876110e+06 
-3.7312785e+06 -2.5270285e+06 -7.4327319e+05 
-2.9682648e+06 -1.7486689e+06 1.0384076e+06 
-3.3939052e+06 -2.2970085e+06 4.9804878e+05 
4.0911380e+06 2.4297498e+06 3.8889098e+06 
5.9504865e+06 4.2073845e+06 5.2812840e+06 
3.6321125e+06 2.0657711e+06 3.6040140e+06 
1.6256539e+05 -8.8236514e+03 2.0130532e+06 
4.5299850e+06 2.8125235e+06 4.1844290e+06 
3.1503792e+06 1.7212928e+06 3.3288940e+06 
7.3411585e+06 5.9335705e+06 6.6507530e+06 
6.8477620e+06 5.2847160e+06 6.1298940e+06 
4.9509540e+06 3.2130395e+06 4.4912360e+06 
7.8043040e+06 6.5978500e+06 7.1882195e+06 
2.6431142e+06 1.3967249e+06 3.0625435e+06 
-1.8071492e+06 -8.7757781e+05 1.4578271e+06 
1.3051252e+06 6.0603325e+05 2.4429965e+06 
-3.3397128e+06 -1.9761508e+06 8.8634600e+05 
-1.4769252e+06 -7.1402900e+05 1.5396285e+06 
-2.1495178e+06 -1.0452736e+06 1.3742211e+06 
6.3183015e+06 4.6586995e+06 5.6265005e+06 
4.2583566e+05 1.6911739e+05 2.1059558e+06 
-1.1582709e+06 -5.5191938e+05 1.6210934e+06 
5.3561755e+06 3.6298430e+06 4.8097730e+06 
-2.5044252e+06 -1.2204721e+06 1.2869828e+06 
2.1071260e+06 1.0922339e+06 2.8038158e+06 
-3.8657392e+06 -2.6670168e+06 -5.4359112e+05 
-3.7741112e+06 -2.5495775e+06 2.1285014e+05 
-8.5048900e+05 -3.8908800e+05 1.7034309e+06 
-2.8720172e+06 -1.4072839e+06 1.1937709e+06 
5.7476560e+06 4.0610228e+06 5.1402115e+06 
-3.7213120e+06 -2.2294132e+06 7.0526656e+05 
7.1895080e+06 5.7563170e+06 6.5006540e+06 
-5.5280800e+05 -2.2383098e+05 1.7876585e+06 
6.8271744e+05 3.5299078e+05 2.2027075e+06 
3.8232352e+06 2.3210315e+06 3.7531082e+06 
7.6701480e+06 6.4105740e+06 7.0341240e+06 
1.5387786e+06 8.0778781e+05 2.5514282e+06 
3.3481908e+06 1.9654628e+06 3.4685230e+06 
4.2772335e+06 2.6952958e+06 4.0477332e+06 
-3.2521150e+06 -1.6106682e+06 1.0915016e+06 
6.6770355e+06 5.1185345e+06 5.9831865e+06 
2.8494898e+06 1.6292679e+06 3.1930835e+06 
4.7125370e+06 3.0872562e+06 4.3531055e+06 
8.2391590e+06 7.0926080e+06 7.5020725e+06 
-2.6441775e+05 -5.4826258e+04 1.8746466e+06 
6.1273075e+06 4.5041685e+06 5.4823930e+06 
2.3242002e+06 1.3128559e+06 2.9257298e+06 
-4.1708790e+06 -2.8146085e+06 -1.3527742e+05 
5.1313005e+06 3.4955405e+06 4.6697110e+06 
-3.6441505e+06 -1.8364741e+06 9.7600412e+05 
9.3391306e+05 5.4319919e+05 2.3039565e+06 
-4.1128642e+06 -2.5120658e+06 4.8502047e+05 
-4.4520130e+06 -2.9855400e+06 -7.7260169e+05 
1.5502597e+04 1.1892852e+05 1.9651478e+06 
1.7689980e+06 1.0164166e+06 2.6652452e+06 
-2.3577005e+06 -9.0624731e+05 1.3300920e+06 
-2.0012810e+06 -7.4322981e+05 1.4063464e+06 
7.0284780e+06 5.5831950e+06 6.3502070e+06 
7.5267265e+06 6.2274905e+06 6.8800450e+06 
5.5355265e+06 3.9183505e+06 4.9977745e+06 
-2.7283178e+06 -1.0752016e+06 1.2535099e+06 
-1.6583969e+06 -5.8299550e+05 1.4834311e+06 
6.4969550e+06 4.9563395e+06 5.8357640e+06 
-4.0471440e+06 -2.0913458e+06 8.4151731e+05 
7.9973145e+06 6.8808360e+06 7.4233810e+06 
-3.1135760e+06 -1.2540632e+06 1.1751439e+06 
-1.3282440e+06 -4.2305653e+05 1.5623012e+06 
3.5463395e+06 2.2153502e+06 3.6145605e+06 
4.0154730e+06 2.5812278e+06 3.9086472e+06 
3.0552885e+06 1.8680835e+06 3.3298975e+06 
1.1800925e+06 7.3996606e+05 2.4102562e+06 
4.4651010e+06 2.9647632e+06 4.2129150e+06 
2.8776409e+05 2.9816634e+05 2.0598152e+06 
5.9270980e+06 4.3534195e+06 5.3372045e+06 
-3.5136035e+06 -1.4477979e+06 1.0930849e+06 
2.5396258e+06 1.5400858e+06 3.0537085e+06 
-1.0099346e+06 -2.6146683e+05 1.6437678e+06 
-4.5150905e+06 -2.8249875e+06 2.1243647e+05 
-4.5904075e+06 -3.0798558e+06 -5.6036556e+05 
4.8974100e+06 3.3646570e+06 4.5279015e+06 
1.9963099e+06 1.2317706e+06 2.7848662e+06 
-4.4597895e+06 -2.3823250e+06 6.7997500e+05 
7.3742640e+06 6.0484500e+06 6.7258620e+06 
-7.0254044e+05 -9.6722445e+04 1.7285342e+06 
-3.9280950e+06 -1.6625605e+06 1.0047245e+06 
6.8583210e+06 5.4140530e+06 6.1993050e+06 
7.8608605e+06 6.6932865e+06 7.2655525e+06 
5.3144090e+06 3.7792140e+06 4.8538875e+06 
5.5315312e+05 4.8339125e+05 2.1592148e+06 
6.3077950e+06 4.7979785e+06 5.6875320e+06 
1.4218868e+06 9.4335606e+05 2.5220695e+06 
-4.0512491e+05 7.2317742e+04 1.8172188e+06 
-4.3561830e+06 -1.9058742e+06 9.0635662e+05 
3.2608188e+06 2.1125478e+06 3.4731518e+06 
3.7450572e+06 2.4701632e+06 3.7670692e+06 
-4.9307605e+06 -3.1634768e+06 -1.2880595e+05 
5.7179655e+06 4.2062990e+06 5.1908480e+06 
-2.5410335e+06 -7.6467288e+05 1.2616368e+06 
2.7537928e+06 1.7734715e+06 3.1880055e+06 
-2.9256708e+06 -9.2559088e+05 1.1901834e+06 
4.2089845e+06 2.8454048e+06 4.0705738e+06 
-4.8807760e+06 -2.7158468e+06 4.8006519e+05 
-2.1722670e+06 -6.0760119e+05 1.3351346e+06 
-5.2231180e+06 -3.4734822e+06 -7.8281069e+05 
-3.3270225e+06 -1.0939102e+06 1.1199922e+06 
2.2211970e+06 1.4535785e+06 2.9106148e+06 
-1.8183845e+06 -4.5160438e+05 1.4113368e+06 
7.2129775e+06 5.8733105e+06 6.5714605e+06 
8.1242100e+05 6.7491031e+05 2.2638318e+06 
4.6548275e+06 3.2370378e+06 4.3842595e+06 
6.6792825e+06 5.2487450e+06 6.0478470e+06 
-1.1676562e+05 2.4649452e+05 1.9103661e+06 
7.7157875e+06 6.5096010e+06 7.1078275e+06 
-3.7456992e+06 -1.2741784e+06 1.0500814e+06 
-4.7963270e+06 -2.1867085e+06 7.9254919e+05 
-1.4783232e+06 -2.9453288e+05 1.4908226e+06 
1.6598836e+06 1.1532912e+06 2.6397722e+06 
6.1098235e+06 4.6433030e+06 5.5384000e+06 
5.0846115e+06 3.6434600e+06 4.7084670e+06 
8.3045685e+06 7.1733150e+06 7.5733815e+06 
-4.1819545e+06 -1.4722004e+06 9.7913156e+05 
-1.1509908e+06 -1.3473416e+05 1.5741146e+06 
-5.3095560e+06 -3.0955912e+06 2.2617695e+05 
1.6342912e+05 4.2639762e+05 2.0084551e+06 
-5.3663560e+06 -3.5131100e+06 -5.5711444e+05 
1.0662761e+06 8.7285912e+05 2.3740745e+06 
5.5001970e+06 4.0626572e+06 5.0432415e+06 
3.4663408e+06 2.3619408e+06 3.6229008e+06 
2.9670452e+06 2.0124580e+06 3.3287702e+06 
-4.6355195e+06 -1.6953679e+06 9.0524438e+05 
-5.2462990e+06 -2.5152618e+06 6.5517094e+05 
7.0430780e+06 5.7019380e+06 6.4167335e+06 
3.9445265e+06 2.7290222e+06 3.9259922e+06 
7.5622725e+06 6.3296535e+06 6.9500865e+06 
-8.3529819e+05 2.9043510e+04 1.6616888e+06 
2.4440962e+06 1.6814549e+06 3.0427190e+06 
6.4916025e+06 5.0871300e+06 5.8957395e+06 
4.4038760e+06 3.1125268e+06 4.2387015e+06 
1.8946240e+06 1.3695646e+06 2.7636540e+06 
8.0540795e+06 6.9616035e+06 7.4931245e+06 
5.9033045e+06 4.4921690e+06 5.3882840e+06 
4.3630919e+05 6.1240419e+05 2.1119012e+06 
-3.0948512e+06 -7.7842100e+05 1.1039592e+06 
-5.1053975e+06 -1.9530395e+06 8.2551931e+05 
-2.6986420e+06 -6.2591875e+05 1.1749862e+06 
-3.5096625e+06 -9.3547794e+05 1.0361593e+06 
4.8464380e+06 3.5109358e+06 4.5614345e+06 
-5.3018344e+05 1.9772528e+05 1.7539784e+06 
-2.3197745e+06 -4.7498394e+05 1.2495772e+06 
-3.9442235e+06 -1.1009659e+06 9.7123188e+05 
1.3153791e+06 1.0772221e+06 2.4902745e+06 
-5.7478445e+06 -3.5184350e+06 -1.0229151e+05 
-5.7034205e+06 -2.9020242e+06 4.8196312e+05 
-1.9569424e+06 -3.2331900e+05 1.3280679e+06 
-4.3994720e+06 -1.2799194e+06 9.0876075e+05 
6.8647715e+06 5.5342035e+06 6.2615825e+06 
5.2740775e+06 3.9223458e+06 4.8943075e+06 
-6.0527415e+06 -3.9949140e+06 -7.7017150e+05 
7.4004860e+06 6.1533270e+06 6.7922170e+06 
6.2955165e+06 4.9290720e+06 5.7428940e+06 
-5.5896315e+06 -2.2569105e+06 7.3532225e+05 
3.1796792e+06 2.2563928e+06 3.4760482e+06 
-1.6088366e+06 -1.6916759e+05 1.4107952e+06 
-2.3462691e+05 3.7196706e+05 1.8513750e+06 
2.6653950e+06 1.9149078e+06 3.1813108e+06 
3.6720650e+06 2.6154535e+06 3.7790862e+06 
7.9072235e+06 6.7782705e+06 7.3324160e+06 
7.0267481e+05 8.0470912e+05 2.2210572e+06 
-4.8759950e+06 -1.4788959e+06 8.4817206e+05 
2.1265992e+06 1.5918508e+06 2.8939170e+06 
4.1448758e+06 2.9909660e+06 4.0911508e+06 
5.6884990e+06 4.3444340e+06 5.2371055e+06 
-1.2741772e+06 -1.1203188e+04 1.4980941e+06 
1.5603390e+06 1.2878485e+06 2.6126868e+06 
4.6001920e+06 3.3814878e+06 4.4127160e+06 
-6.1653780e+06 -3.3552748e+06 2.5466598e+05 
-5.3738235e+06 -1.7064679e+06 7.8853512e+05 
-6.2020825e+06 -3.9678602e+06 -5.3001981e+05 
5.2337934e+04 5.5219988e+05 1.9542259e+06 
-6.0851135e+06 -2.6211802e+06 6.2703969e+05 
7.2305965e+06 5.9805080e+06 6.6341150e+06 
6.6782610e+06 5.3699825e+06 6.1059145e+06 
5.0398890e+06 3.7852168e+06 4.7439735e+06 
-9.5173262e+05 1.5155506e+05 1.5902906e+06 
9.6327144e+05 1.0033488e+06 2.3362112e+06 
7.7525105e+06 6.5983230e+06 7.1717295e+06 
-3.6610158e+06 -7.8477206e+05 9.3169688e+05 
-3.2359848e+06 -6.3832106e+05 1.0017401e+06 
6.0912580e+06 4.7744380e+06 5.5892295e+06 
-4.1077828e+06 -9.3606206e+05 8.6592412e+05 
-2.8310508e+06 -4.9360003e+05 1.0760642e+06 
-5.8921495e+06 -1.9738718e+06 7.2816844e+05 
2.8854312e+06 2.1533462e+06 3.3264235e+06 
3.3919388e+06 2.5045322e+06 3.6297765e+06 
-4.5778825e+06 -1.0962675e+06 8.0451750e+05 
-2.4445875e+06 -3.4823575e+05 1.1547670e+06 
2.3562488e+06 1.8197148e+06 3.0306740e+06 
8.3573800e+06 7.2431875e+06 7.6336000e+06 
3.8781480e+06 2.8721948e+06 3.9415340e+06 
5.4656655e+06 4.1999575e+06 5.0847915e+06 
3.3161753e+05 7.3866438e+05 2.0628304e+06 
-6.4033225e+05 3.1980628e+05 1.6876940e+06 
1.8017104e+06 1.5044654e+06 2.7414870e+06 
-6.6321160e+06 -3.8755160e+06 -5.2788672e+04 
-2.0750161e+06 -2.0042367e+05 1.2380112e+06 
-6.5876270e+06 -3.0620020e+06 4.8803438e+05 
-5.0727840e+06 -1.2707575e+06 7.4768619e+05 
4.3461745e+06 3.2549610e+06 4.2622435e+06 
7.0527700e+06 5.8110890e+06 6.4756850e+06 
6.4837480e+06 5.2091545e+06 5.9496460e+06 
1.2187862e+06 1.2082198e+06 2.4575842e+06 
7.5900660e+06 6.4216685e+06 7.0109590e+06 
-6.9522440e+06 -4.5552970e+06 -7.2971669e+05 
-6.4289430e+06 -2.2958162e+06 6.6387375e+05 
-1.7208255e+06 -4.8805227e+04 1.3260032e+06 
-5.5936910e+06 -1.4666579e+06 6.9572638e+05 
4.7979125e+06 3.6511218e+06 4.5921730e+06 
5.8790575e+06 4.6230965e+06 5.4346720e+06 
-3.3887541e+05 4.9401688e+05 1.7905889e+06 
8.0997465e+06 7.0321130e+06 7.5521110e+06 
6.0405394e+05 9.3143731e+05 2.1774360e+06 
-1.3805854e+06 1.0762309e+05 1.4189741e+06 
3.1044880e+06 2.3960870e+06 3.4779905e+06 
2.5839575e+06 2.0526215e+06 3.1739465e+06 
-6.1413235e+06 -1.6935200e+06 6.4891744e+05 
5.2350615e+06 4.0585985e+06 4.9312765e+06 
-7.0925525e+06 -3.5949685e+06 2.9754259e+05 
3.6040130e+06 2.7560495e+06 3.7897842e+06 
2.0399915e+06 1.7266886e+06 2.8767698e+06 
-3.7824188e+06 -6.4541119e+05 8.1416700e+05 
6.8671715e+06 5.6449650e+06 6.3168400e+06 
-6.9805160e+06 -2.6913312e+06 5.8947506e+05 
-7.1093785e+06 -4.4449875e+06 -4.7413847e+05 
-4.2373555e+06 -7.8432025e+05 7.4320875e+05 
-3.3505960e+06 -5.0803488e+05 8.8987700e+05 
7.4200160e+06 6.2482210e+06 6.8500060e+06 
6.2814320e+06 5.0516010e+06 5.7926995e+06 
4.0846872e+06 3.1311988e+06 4.1099535e+06 
-4.7175345e+06 -9.2787419e+05 6.7728594e+05 
1.4698455e+06 1.4190938e+06 2.5853278e+06 
-4.6335547e+04 6.7445806e+05 1.8992276e+06 
-2.9398670e+06 -3.6982972e+05 9.7023144e+05 
-1.0529530e+06 2.6957800e+05 1.5171631e+06 
7.9437965e+06 6.8530695e+06 7.3891655e+06 
-5.2251635e+06 -1.0801870e+06 6.1692000e+05 
5.6591460e+06 4.4749180e+06 5.2791545e+06 
-6.7155795e+06 -1.9642919e+06 6.0724194e+05 
4.5484285e+06 3.5199118e+06 4.4388455e+06 
-2.5483298e+06 -2.2900716e+05 1.0552489e+06 
8.7042200e+05 1.1304530e+06 2.2982335e+06 
-5.7624825e+06 -1.2467404e+06 5.6294194e+05 
-2.1742062e+06 -8.4224336e+04 1.1450341e+06 
-7.5411975e+06 -3.1841605e+06 4.9310228e+05 
-7.3667744e+05 4.3754100e+05 1.6208032e+06 
4.9969445e+06 3.9202178e+06 4.7765005e+06 
-7.5970835e+06 -4.2279450e+06 2.2813229e+04 
6.6739665e+06 5.4820350e+06 6.1575000e+06 
2.3823686e+05 8.6123481e+05 2.0138222e+06 
7.2424870e+06 6.0778950e+06 6.6887820e+06 
2.8100540e+06 2.2899422e+06 3.3236620e+06 
2.2756215e+06 1.9540322e+06 3.0185448e+06 
3.3227920e+06 2.6423628e+06 3.6358412e+06 
6.0715135e+06 4.8972055e+06 5.6350070e+06 
-7.3150170e+06 -2.2967098e+06 5.6972288e+05 
-6.3316650e+06 -1.4349275e+06 5.1656600e+05 
1.7170132e+06 1.6356302e+06 2.7195185e+06 
-7.9380680e+06 -5.1621850e+06 -6.5457994e+05 
-1.8158422e+06 6.5509066e+04 1.2397469e+06 
7.7806320e+06 6.6769530e+06 7.2261300e+06 
3.8160315e+06 3.0100420e+06 3.9557895e+06 
5.4317550e+06 4.3297735e+06 5.1226165e+06 
1.1314278e+06 1.3355195e+06 2.4253518e+06 
4.2917175e+06 3.3914360e+06 4.2839365e+06 
-4.3059972e+05 6.1179800e+05 1.7301092e+06 
-4.3356905e+06 -6.4806025e+05 6.1111594e+05 
-6.9346455e+06 -1.6548834e+06 4.7943788e+05 
-3.8765218e+06 -5.1907059e+05 6.9018075e+05 
8.3982510e+06 7.3027030e+06 7.6832145e+06 
-4.8211795e+06 -7.7801888e+05 5.3690819e+05 
-1.4717050e+06 2.2090017e+05 1.3395758e+06 
-3.4411928e+06 -3.8879619e+05 7.7385669e+05 
5.1571319e+05 1.0543088e+06 2.1345382e+06 
-8.1036665e+06 -3.8011118e+06 3.5240953e+05 
-5.3357065e+06 -9.1192469e+05 4.6805444e+05 
7.0576060e+06 5.9106100e+06 6.5272060e+06 
6.4733220e+06 5.3221985e+06 5.9975950e+06 
-7.9361220e+06 -2.7151958e+06 5.3293438e+05 
4.7515725e+06 3.7846738e+06 4.6204105e+06 
-3.0274372e+06 -2.5553317e+05 8.6207269e+05 
-8.1051050e+06 -4.9446450e+06 -3.8297141e+05 
7.6103375e+06 6.5037035e+06 7.0629160e+06 
5.8541950e+06 4.7458530e+06 5.4765065e+06 
-5.8822505e+06 -1.0537325e+06 4.0540694e+05 
2.5089790e+06 2.1859170e+06 3.1667340e+06 
3.0348068e+06 2.5309638e+06 3.4796512e+06 
1.9607888e+06 1.8573862e+06 2.8601560e+06 
-7.5727980e+06 -1.9207820e+06 4.5358338e+05 
-1.1403804e+06 3.8242497e+05 1.4447194e+06 
-2.6331832e+06 -1.1800393e+05 9.5487581e+05 
-1.3365356e+05 7.9246944e+05 1.8452671e+06 
3.5405090e+06 2.8913292e+06 3.7997015e+06 
1.3877074e+06 1.5463321e+06 2.5588535e+06 
5.1971170e+06 4.1875330e+06 4.9650055e+06 
-6.4640715e+06 -1.2087500e+06 3.5031488e+05 
8.1348175e+06 7.0927475e+06 7.6007905e+06 
4.0280610e+06 3.2655420e+06 4.1273990e+06 
-2.2565345e+06 2.4732512e+04 1.0523890e+06 
7.8688631e+05 1.2535155e+06 2.2614872e+06 
6.8655025e+06 5.7462850e+06 6.3652065e+06 
-8.5724450e+06 -3.2530450e+06 4.8776991e+05 
6.2654060e+06 5.1653565e+06 5.8370620e+06 
-8.6612310e+06 -4.5639835e+06 1.2720357e+05 
-7.0847125e+06 -1.3842179e+06 3.0481500e+05 
-8.2056788e+05 5.5036775e+05 1.5553694e+06 
7.4330010e+06 6.3332635e+06 6.8994435e+06 
-8.2463705e+06 -2.2528975e+06 4.4106319e+05 
4.4992040e+06 3.6518242e+06 4.4629600e+06 
5.6296795e+06 4.5974275e+06 5.3171450e+06 
1.5513622e+05 9.7953350e+05 1.9664242e+06 
-1.8957570e+06 1.7334692e+05 1.1547798e+06 
-9.0351820e+06 -5.8264065e+06 -5.3484862e+05 
-4.4066550e+06 -5.2770612e+05 4.7628684e+05 
-4.8931435e+06 -6.4744000e+05 3.9159641e+05 
7.9709715e+06 6.9180120e+06 7.4361810e+06 
-3.9467782e+06 -4.0598703e+05 5.6516762e+05 
-5.4092235e+06 -7.6723862e+05 3.1137394e+05 
2.2016062e+06 2.0838255e+06 3.0071585e+06 
2.7403795e+06 2.4216780e+06 3.3211695e+06 
-7.7479585e+06 -1.5902370e+06 2.7187903e+05 
1.6398264e+06 1.7624845e+06 2.6987300e+06 
4.9554655e+06 4.0480668e+06 4.8062755e+06 
-3.5108612e+06 -2.8072981e+05 6.5815881e+05 
3.2584220e+06 2.7748955e+06 3.6416465e+06 
-5.9582735e+06 -8.8980494e+05 2.3618877e+05 
-5.1107769e+05 7.2485156e+05 1.6716969e+06 
1.0524705e+06 1.4585791e+06 2.3947218e+06 
-1.5492658e+06 3.2828959e+05 1.2622348e+06 
6.6663105e+06 5.5848410e+06 6.2027205e+06 
-9.2141730e+06 -3.9533995e+06 4.1271388e+05 
3.7577408e+06 3.1420750e+06 3.9691915e+06 
-3.0965258e+06 -1.5076873e+05 7.5531175e+05 
6.0503910e+06 5.0114100e+06 5.6758475e+06 
-8.9535240e+06 -2.6808885e+06 4.4283994e+05 
7.2487135e+06 6.1655760e+06 6.7356420e+06 
-6.5441635e+06 -1.0187225e+06 1.6703709e+05 
-9.2141710e+06 -5.4649690e+06 -2.4793170e+05 
4.3665503e+05 1.1728450e+06 2.0936818e+06 
5.3981730e+06 4.4518125e+06 5.1568770e+06 
4.2400990e+06 3.5215258e+06 4.3041095e+06 
7.8004405e+06 6.7457750e+06 7.2713485e+06 
-8.4576850e+06 -1.8413061e+06 2.5570300e+05 
-2.7016300e+06 -1.5245264e+04 8.5676125e+05 
-7.1713875e+06 -1.1588005e+06 1.0554021e+05 
-1.2156144e+06 4.8982797e+05 1.3749412e+06 
-2.1082561e+05 9.0586131e+05 1.7938420e+06 
4.7070370e+06 3.9112428e+06 4.6463870e+06 
2.4398318e+06 2.3143272e+06 3.1603590e+06 
-2.3242365e+06 1.2645095e+05 9.6269000e+05 
1.8882785e+06 1.9834781e+06 2.8448975e+06 
8.4278340e+06 7.3523570e+06 7.7227185e+06 
6.4601660e+06 5.4261995e+06 6.0396940e+06 
2.9700725e+06 2.6605735e+06 3.4815895e+06 
7.0575700e+06 6.0005845e+06 6.5714495e+06 
1.3131019e+06 1.6691232e+06 2.5342285e+06 
-9.6888700e+06 -3.2488402e+06 4.5561562e+05 
-7.8452295e+06 -1.3166196e+06 5.4239469e+04 
5.8284515e+06 4.8602595e+06 5.5139055e+06 
-9.8499430e+06 -4.8629495e+06 2.6103827e+05 
-4.9385460e+06 -5.3516412e+05 2.4772603e+05 
-9.2174740e+06 -2.1589770e+06 2.6194364e+05 
3.4810390e+06 3.0208785e+06 3.8092802e+06 
-5.4517135e+06 -6.4504219e+05 1.5488170e+05 
-4.4546490e+06 -4.2241091e+05 3.4386938e+05 
7.1170006e+05 1.3721490e+06 2.2270870e+06 
7.6232750e+06 6.5760050e+06 7.1062250e+06 
-8.9348575e+05 6.5807588e+05 1.4930716e+06 
-5.9976245e+06 -7.5381019e+05 6.5497289e+04 
-3.9969968e+06 -3.0543522e+05 4.4333112e+05 
5.1598855e+06 4.3088915e+06 4.9956630e+06 
-1.9625901e+06 2.7472675e+05 1.0733028e+06 
-1.0283766e+07 -6.5640545e+06 -3.5540269e+05 
3.9745195e+06 3.3936322e+06 4.1438260e+06 
-6.5803220e+06 -8.6377238e+05 -1.9992570e+04 
8.1170234e+04 1.0932624e+06 1.9219035e+06 
-8.5719830e+06 -1.5014331e+06 1.7041471e+04 
-3.5629200e+06 -1.8322030e+05 5.4624675e+05 
8.1597775e+06 7.1439100e+06 7.6396170e+06 
6.2472115e+06 5.2702800e+06 5.8760815e+06 
6.8596705e+06 5.8382330e+06 6.4068125e+06 
-7.2046035e+06 -9.7794862e+05 -1.0074082e+05 
4.4520695e+06 3.7769278e+06 4.4853090e+06 
-3.1500435e+06 -5.5016223e+04 6.5282244e+05 
-1.6150995e+06 4.2981959e+05 1.1888055e+06 
-1.0441887e+07 -4.0217948e+06 4.6361288e+05 
-1.0029744e+07 -2.5766040e+06 2.9753453e+05 
5.5997680e+06 4.7118055e+06 5.3511975e+06 
2.1334850e+06 2.2087302e+06 2.9971922e+06 
-5.8168500e+05 8.3301550e+05 1.6167706e+06 
7.4395330e+06 6.4086725e+06 6.9407515e+06 
1.5693381e+06 1.8846810e+06 2.6799245e+06 
2.6757625e+06 2.5481935e+06 3.3195032e+06 
9.8098175e+05 1.5770934e+06 2.3666278e+06 
-1.0474605e+07 -5.9987485e+06 -5.7880070e+04 
-9.3591990e+06 -1.7267374e+06 -1.0711053e+02 
3.1982390e+06 2.9017932e+06 3.6476385e+06 
-7.8762880e+06 -1.1003420e+06 -1.7527580e+05 
-2.7562395e+06 7.9708508e+04 7.6330194e+05 
4.9150290e+06 4.1685448e+06 4.8334725e+06 
7.9891100e+06 6.9734615e+06 7.4738445e+06 
3.6579294e+05 1.2868142e+06 2.0559314e+06 
3.7027278e+06 3.2679960e+06 3.9820840e+06 
-1.2803225e+06 5.9182381e+05 1.3093901e+06 
-5.4694915e+06 -5.4288294e+05 4.3328252e+03 
6.6551220e+06 5.6784645e+06 6.2416870e+06 
-4.9626655e+06 -4.3922309e+05 1.0990559e+05 
6.0275935e+06 5.1170025e+06 5.7118455e+06 
-2.3795930e+06 2.2130402e+05 8.7794244e+05 
-8.6026130e+06 -1.2363645e+06 -2.4116723e+05 
-6.0079515e+06 -6.4267694e+05 -9.9366414e+04 
-2.7913222e+05 1.0145151e+06 1.7461454e+06 
-4.4841345e+06 -3.3058678e+05 2.1760134e+05 
7.2492760e+06 6.2437455e+06 6.7748780e+06 
-1.0894026e+07 -3.1480612e+06 3.6884022e+05 
4.1908045e+06 3.6449865e+06 4.3230165e+06 
-6.5819315e+06 -7.4003731e+05 -2.0133272e+05 
5.3645235e+06 4.5659450e+06 5.1876935e+06 
-1.0215912e+07 -2.0131592e+06 1.1785695e+04 
-1.1197576e+07 -5.0880175e+06 4.1871088e+05 
-4.0309868e+06 -2.1612717e+05 3.2773384e+05 
1.8216586e+06 2.1047035e+06 2.8316520e+06 
-7.1960420e+06 -8.3679431e+05 -3.0153316e+05 
2.3757930e+06 2.4375828e+06 3.1553682e+06 
7.8121795e+06 6.8051175e+06 7.3077020e+06 
1.2451248e+06 1.7872375e+06 2.5122252e+06 
-2.0183772e+06 3.6996778e+05 9.9699588e+05 
-9.5695481e+05 7.6071100e+05 1.4352212e+06 
-3.6006522e+06 -9.5216883e+04 4.4064956e+05 
2.9096232e+06 2.7846578e+06 3.4842470e+06 
4.6638195e+06 4.0306520e+06 4.6702820e+06 
-9.3928370e+06 -1.3935524e+06 -2.9448247e+05 
-1.1753961e+07 -7.4010395e+06 -9.1851281e+04 
6.4382969e+05 1.4861828e+06 2.1959192e+06 
-7.8558830e+06 -9.3528275e+05 -3.9966481e+05 
3.4249882e+06 3.1444668e+06 3.8188645e+06 
6.4440355e+06 5.5212200e+06 6.0760370e+06 
5.8014645e+06 4.9662835e+06 5.5469565e+06 
1.5142649e+04 1.2023428e+06 1.8812566e+06 
-3.1908422e+06 3.2586965e+04 5.5670462e+05 
7.0525740e+06 6.0811920e+06 6.6085640e+06 
8.4467440e+06 7.3926315e+06 7.7525830e+06 
-1.1152632e+07 -2.3941172e+06 6.6133391e+04 
-1.1804318e+07 -3.9635098e+06 4.7412297e+05 
-1.6710329e+06 5.2576725e+05 1.1206948e+06 
3.9234842e+06 3.5152818e+06 4.1594912e+06 
5.1229075e+06 4.4225745e+06 5.0233710e+06 
-8.5684480e+06 -1.0384972e+06 -4.9500556e+05 
7.6290120e+06 6.6388735e+06 7.1411460e+06 
-1.0259167e+07 -1.5828466e+06 -3.2886909e+05 
-6.4382025e+05 9.3634619e+05 1.5664264e+06 
-2.7995070e+06 1.6757084e+05 6.7624756e+05 
-1.1946071e+07 -6.5254785e+06 2.0013345e+05 
-5.4685685e+06 -4.5770100e+05 -1.3648092e+05 
-5.9965935e+06 -5.5248738e+05 -2.5366280e+05 
1.5046690e+06 2.0020611e+06 2.6637310e+06 
2.0704635e+06 2.3285672e+06 2.9891750e+06 
4.4064780e+06 3.8950902e+06 4.5060740e+06 
-4.9704950e+06 -3.5720159e+05 -1.8790346e+04 
-6.5580935e+06 -6.4243900e+05 -3.7095762e+05 
9.1597412e+05 1.6909486e+06 2.3417985e+06 
2.6154748e+06 2.6693085e+06 3.3190942e+06 
6.2265310e+06 5.3664395e+06 5.9098360e+06 
8.1750735e+06 7.1860005e+06 7.6690240e+06 
-9.3427590e+06 -1.1503321e+06 -5.8617606e+05 
-4.4993095e+06 -2.5030884e+05 1.0000192e+05 
6.8495030e+06 5.9209785e+06 6.4417760e+06 
-7.1571935e+06 -7.2866056e+05 -4.8901209e+05 
-1.3361528e+06 6.8865769e+05 1.2492406e+06 
5.5689835e+06 4.8180390e+06 5.3813940e+06 
3.0200434e+05 1.3961766e+06 2.0221115e+06 
3.1415655e+06 3.0228930e+06 3.6541555e+06 
-2.4248030e+06 3.0988728e+05 7.9960594e+05 
-1.2180640e+07 -2.9277180e+06 1.8204306e+05 
-4.0523165e+06 -1.3651536e+05 2.2045581e+05 
7.4396400e+06 6.4747245e+06 6.9741400e+06 
-1.1218186e+07 -1.8210429e+06 -3.3394606e+05 
-7.7988210e+06 -8.1251594e+05 -6.0849644e+05 
4.8751140e+06 4.2815870e+06 4.8582135e+06 
-3.3986341e+05 1.1185004e+06 1.7030868e+06 
-1.2748418e+07 -5.1732595e+06 5.7795619e+05 
3.6503548e+06 3.3876740e+06 3.9947218e+06 
-3.6271190e+06 -1.5464791e+04 3.4309356e+05 
-1.0190902e+07 -1.2759776e+06 -6.7074269e+05 
-2.0650690e+06 4.5957306e+05 9.2707581e+05 
-8.4890130e+06 -8.9566544e+05 -7.3010900e+05 
7.9985230e+06 7.0197880e+06 7.5025140e+06 
-1.3577556e+07 -8.3785645e+06 2.9918106e+05 
-1.0124699e+06 8.5849625e+05 1.3827941e+06 
4.1432275e+06 3.7617335e+06 4.3408380e+06 
6.0027340e+06 5.2140600e+06 5.7430650e+06 
6.6401475e+06 5.7630685e+06 6.2744905e+06 
1.7600700e+06 2.2209715e+06 2.8209215e+06 
1.1828285e+06 1.9006162e+06 2.4934332e+06 
-3.2215718e+06 1.1306721e+05 4.6839531e+05 
2.3160735e+06 2.5555812e+06 3.1521760e+06 
5.3303155e+06 4.6721815e+06 5.2151440e+06 
5.8221612e+05 1.5956150e+06 2.1686568e+06 
7.2441045e+06 6.3126630e+06 6.8066570e+06 
-1.2293053e+07 -2.1358835e+06 -2.9237316e+05 
2.8527242e+06 2.9031208e+06 3.4879518e+06 
-9.2353940e+06 -9.8011225e+05 -8.5459344e+05 
-1.3310030e+07 -3.7235900e+06 3.8228259e+05 
-4.4143141e+04 1.3068604e+06 1.8452306e+06 
-5.9700470e+06 -4.7920325e+05 -3.9468922e+05 
-1.1129765e+07 -1.4226202e+06 -7.4452494e+05 
-6.5168485e+06 -5.6573319e+05 -5.2554356e+05 
4.6213415e+06 4.1428740e+06 4.6922135e+06 
-5.4542775e+06 -3.8634553e+05 -2.6533709e+05 
-1.7188074e+06 6.1656412e+05 1.0589134e+06 
3.3716630e+06 3.2620212e+06 3.8287028e+06 
-7.0981885e+06 -6.4663125e+05 -6.5902838e+05 
-2.8337450e+06 2.4918936e+05 5.9679475e+05 
-4.9664705e+06 -2.8661253e+05 -1.3651919e+05 
7.8160345e+06 6.8553260e+06 7.3354845e+06 
-1.3723732e+07 -6.9863805e+06 5.3625000e+05 
-6.9884769e+05 1.0350531e+06 1.5214684e+06 
-4.5039085e+06 -1.7959366e+05 -7.3928677e+03 
-7.7181350e+06 -7.2275125e+05 -7.9648962e+05 
6.4245990e+06 5.6074245e+06 6.1066920e+06 
-1.0047933e+07 -1.0682640e+06 -9.8278838e+05 
5.7727790e+06 5.0640155e+06 5.5757125e+06 
3.8742948e+06 3.6304540e+06 4.1745702e+06 
7.0424545e+06 6.1526795e+06 6.6386770e+06 
5.0856330e+06 4.5286200e+06 5.0482000e+06 
-4.0641630e+06 -6.5002750e+04 1.2278128e+05 
-8.3814920e+06 -7.9511088e+05 -9.3958462e+05 
-2.4618992e+06 3.9290859e+05 7.2867506e+05 
1.4449042e+06 2.1146195e+06 2.6506160e+06 
-1.3846698e+06 7.8070712e+05 1.1953272e+06 
8.5644275e+05 1.8001821e+06 2.3207740e+06 
8.4555390e+06 7.4239735e+06 7.7732335e+06 
2.0116984e+06 2.4433100e+06 2.9834955e+06 
-1.3516780e+07 -2.5777710e+06 -1.7439264e+05 
-1.2184104e+07 -1.6007695e+06 -8.0032038e+05 
2.4417239e+05 1.5010375e+06 1.9928270e+06 
2.5587282e+06 2.7849948e+06 3.3202545e+06 
7.6276150e+06 6.6926335e+06 7.1679150e+06 
-1.4550225e+07 -5.0057105e+06 6.7182619e+05 
4.3617955e+06 4.0063222e+06 4.5253680e+06 
-3.6450495e+06 5.7334047e+04 2.5465314e+05 
-1.0940201e+07 -1.1630326e+06 -1.1157529e+06 
-9.0940600e+06 -8.6489331e+05 -1.0904415e+06 
-3.9427238e+05 1.2180204e+06 1.6653215e+06 
3.0876568e+06 3.1381798e+06 3.6614350e+06 
6.2029595e+06 5.4540030e+06 5.9383730e+06 
-2.1044648e+06 5.4414175e+05 8.6436525e+05 
5.5368085e+06 4.9162365e+06 5.4077755e+06 
-1.6051079e+07 -9.5951690e+06 8.9364712e+05 
6.8347475e+06 5.9947610e+06 6.4701895e+06 
8.1810905e+06 7.2193915e+06 7.6893990e+06 
-3.2445958e+06 1.8748995e+05 3.8879144e+05 
-6.4648290e+06 -5.0510962e+05 -6.6370988e+05 
3.5999105e+06 3.5011212e+06 4.0072725e+06 
-5.9337260e+06 -4.1909088e+05 -5.2123331e+05 
-1.0614465e+06 9.5176950e+05 1.3364732e+06 
4.8351140e+06 4.3872610e+06 4.8805630e+06 
-7.0272840e+06 -5.8442062e+05 -8.1002450e+05 
-9.8630120e+06 -9.3344775e+05 -1.2519372e+06 
-5.4310985e+06 -3.2588266e+05 -3.8117841e+05 
-1.3392243e+07 -1.8269358e+06 -8.2540388e+05 
7.4332795e+06 6.5317295e+06 6.9997925e+06 
-7.6242965e+06 -6.5763788e+05 -9.6191175e+05 
-1.4937154e+07 -3.2505362e+06 7.1798164e+04 
-4.9543465e+06 -2.2512533e+05 -2.4236478e+05 
-1.1931553e+07 -1.2680359e+06 -1.2550924e+06 
1.1252525e+06 2.0093361e+06 2.4782755e+06 
1.7026238e+06 2.3323290e+06 2.8130640e+06 
5.2580962e+05 1.7005736e+06 2.1457802e+06 
4.0966838e+06 3.8718172e+06 4.3576810e+06 
2.2598402e+06 2.6683592e+06 3.1510715e+06 
-8.2594555e+06 -7.2551850e+05 -1.1215522e+06 
-1.7600271e+06 7.0272550e+05 1.0041363e+06 
-2.8610168e+06 3.2544806e+05 5.2568881e+05 
-4.5011110e+06 -1.1657116e+05 -1.0379441e+05 
-9.7846297e+04 1.4070199e+06 1.8143512e+06 
-1.5951877e+07 -7.2369295e+06 9.2649094e+05 
5.9753390e+06 5.3027595e+06 5.7695345e+06 
-1.0697452e+07 -1.0023050e+06 -1.4282064e+06 
7.9994540e+06 7.0573445e+06 7.5225065e+06 
2.7985852e+06 3.0160048e+06 3.4929258e+06 
6.6210510e+06 5.8388915e+06 6.3011930e+06 
5.2949720e+06 4.7706500e+06 5.2392580e+06 
-8.9368020e+06 -7.8897862e+05 -1.2917760e+06 
-7.4805688e+05 1.1294469e+06 1.4824484e+06 
-4.0692442e+06 -7.4270775e+01 3.5383895e+04 
7.2330525e+06 6.3726270e+06 6.8311130e+06 
4.5789435e+06 4.2480065e+06 4.7122390e+06 
3.3203065e+06 3.3736025e+06 3.8389520e+06 
-2.4926968e+06 4.7111056e+05 6.6576431e+05 
-1.3051171e+07 -1.3881271e+06 -1.4038420e+06 
-1.4817138e+07 -2.1293495e+06 -7.9629525e+05 
-1.4273141e+06 8.6842419e+05 1.1481980e+06 
-9.6608870e+06 -8.4912406e+05 -1.4763931e+06 
-3.6567872e+06 1.2441920e+05 1.7589827e+05 
-1.1609232e+07 -1.0732732e+06 -1.6256158e+06 
-1.6630575e+07 -4.4061640e+06 5.2918262e+05 
7.8121180e+06 6.8967370e+06 7.3549465e+06 
3.8262208e+06 3.7392402e+06 4.1891620e+06 
1.3891190e+06 2.2224732e+06 2.6409000e+06 
8.0139294e+05 1.9049475e+06 2.3039265e+06 
5.7418570e+06 5.1536435e+06 5.6001845e+06 
-6.4072120e+06 -4.5646272e+05 -7.8535488e+05 
-6.9508020e+06 -5.3674275e+05 -9.4209219e+05 
6.4014430e+06 5.6850510e+06 6.1316920e+06 
1.9563196e+06 2.5530580e+06 2.9804168e+06 
1.9121645e+05 1.6016084e+06 1.9684909e+06 
-5.8919245e+06 -3.6892328e+05 -6.3309131e+05 
5.0474285e+06 4.6271785e+06 5.0701705e+06 
-7.5251360e+06 -6.1027706e+05 -1.1051996e+06 
2.5046958e+06 2.8953495e+06 3.3231865e+06 
-5.4026330e+06 -2.7374875e+05 -4.8375528e+05 
-4.4354266e+05 1.3133698e+06 1.6332870e+06 
-2.1381732e+06 6.2430694e+05 8.0936481e+05 
7.0269675e+06 6.2153375e+06 6.6618810e+06 
-1.9819958e+07 -1.1151586e+07 1.8798272e+06 
-1.0436770e+07 -9.0732894e+05 -1.6807486e+06 
-3.2619518e+06 2.5688006e+05 3.1836956e+05 
-8.1327610e+06 -6.7774306e+05 -1.2770496e+06 
4.3173140e+06 4.1107550e+06 4.5432405e+06 
-4.9371720e+06 -1.7068322e+05 -3.3606628e+05 
-1.4346241e+07 -1.5311526e+06 -1.5690889e+06 
3.0357175e+06 3.2477628e+06 3.6696208e+06 
-1.1051879e+06 1.0409366e+06 1.2966955e+06 
8.4546880e+06 7.4467705e+06 7.7850285e+06 
-1.2614075e+07 -1.1488511e+06 -1.8547548e+06 
-8.7762630e+06 -7.4002238e+05 -1.4606792e+06 
-1.6568367e+07 -2.5613590e+06 -6.6765075e+05 
7.6190750e+06 6.7376105e+06 7.1867220e+06 
-4.4935225e+06 -5.9575664e+04 -1.8895194e+05 
6.1760105e+06 5.5332145e+06 5.9617005e+06 
5.5026430e+06 5.0066000e+06 5.4303375e+06 
-2.8831075e+06 3.9720431e+05 4.6332194e+05 
3.5506238e+06 3.6084702e+06 4.0198250e+06 
-1.1269822e+07 -9.6544738e+05 -1.9126799e+06 
-1.7961284e+06 7.8480062e+05 9.5676488e+05 
-1.8834046e+07 -6.7599185e+06 1.2392319e+06 
-9.4581160e+06 -7.9827200e+05 -1.6600784e+06 
1.0714465e+06 2.1135792e+06 2.4670292e+06 
6.8150695e+06 6.0598675e+06 6.4921080e+06 
4.7943445e+06 4.4857410e+06 4.9005290e+06 
4.7359419e+05 1.8012831e+06 2.1276045e+06 
1.6484219e+06 2.4389350e+06 2.8083102e+06 
-4.0698058e+06 5.9632008e+04 -4.1508555e+04 
-1.4706236e+05 1.5031081e+06 1.7889565e+06 
8.1781320e+06 7.2444025e+06 7.7010630e+06 
2.2062355e+06 2.7760672e+06 3.1522348e+06 
4.0504230e+06 3.9754018e+06 4.3735855e+06 
7.4203280e+06 6.5800025e+06 7.0178450e+06 
-7.9263619e+05 1.2199012e+06 1.4497066e+06 
-1.3732814e+07 -1.2338300e+06 -2.1347908e+06 
-1.0180360e+07 -8.5406381e+05 -1.8806326e+06 
-1.5900643e+07 -1.7152518e+06 -1.7706252e+06 
-2.5187705e+06 5.4522031e+05 6.1118975e+05 
-6.8733245e+06 -4.9937603e+05 -1.0562564e+06 
2.7463785e+06 3.1234655e+06 3.4992960e+06 
-6.3478470e+06 -4.1645500e+05 -8.9113925e+05 
-7.4261535e+06 -5.7527438e+05 -1.2279394e+06 
-1.2164920e+07 -1.0263970e+06 -2.1842130e+06 
-3.6642820e+06 1.8691547e+05 1.0702626e+05 
-5.8479015e+06 -3.2603703e+05 -7.3068706e+05 
-8.0080635e+06 -6.4481394e+05 -1.4085340e+06 
5.9448520e+06 5.3833525e+06 5.7912395e+06 
-1.8846178e+07 -3.2487920e+06 -3.5804562e+05 
-1.4653781e+06 9.5229488e+05 1.1081665e+06 
5.2578365e+06 4.8615705e+06 5.2600165e+06 
6.5974145e+06 5.9062190e+06 6.3218140e+06 
-5.3716605e+06 -2.2779953e+05 -5.7333856e+05 
3.2701138e+06 3.4793832e+06 3.8496882e+06 
-8.6205510e+06 -7.0890725e+05 -1.6009815e+06 
7.9920635e+06 7.0864420e+06 7.5340725e+06 
4.5358945e+06 4.3462500e+06 4.7303560e+06 
-1.0943886e+07 -9.0967238e+05 -2.1298055e+06 
7.4986050e+05 2.0054862e+06 2.2914842e+06 
-2.8136414e+07 -1.4781749e+07 3.2132530e+06 
-4.9173365e+06 -1.2154483e+05 -4.1779753e+05 
7.2158895e+06 6.4239465e+06 6.8483360e+06 
-3.2753452e+06 3.2217694e+05 2.5729250e+05 
1.3363966e+06 2.3258358e+06 2.6347772e+06 
1.4211328e+05 1.6981765e+06 1.9493541e+06 
-2.1675950e+06 7.0069506e+05 7.6232188e+05 
-9.2646250e+06 -7.6881081e+05 -1.8090300e+06 
1.9034476e+06 2.6580110e+06 2.9800918e+06 
-4.8876775e+05 1.4049011e+06 1.6072394e+06 
3.7784740e+06 3.8418380e+06 4.2032955e+06 
-1.4990964e+07 -1.3414562e+06 -2.5036985e+06 
-1.3123844e+07 -1.0957744e+06 -2.5146132e+06 
-1.7883424e+07 -2.0059772e+06 -2.0725786e+06 
-4.4832090e+06 -7.1804644e+03 -2.6298009e+05 
2.4525245e+06 3.0005728e+06 3.3279982e+06 
5.7080775e+06 5.2354305e+06 5.6203370e+06 
-1.1448662e+06 1.1264374e+06 1.2636980e+06 
5.0075855e+06 4.7184900e+06 5.0892485e+06 
6.3740680e+06 5.7543890e+06 6.1510265e+06 
7.8004560e+06 6.9296555e+06 7.3662740e+06 
-1.1746849e+07 -9.6869169e+05 -2.4181670e+06 
-9.9403500e+06 -8.2629019e+05 -2.0375292e+06 
-2.9015190e+06 4.6525275e+05 4.0982088e+05 
-2.1985974e+07 -4.8503650e+06 1.3711178e+05 
2.9849142e+06 3.3518528e+06 3.6787742e+06 
4.2722620e+06 4.2086160e+06 4.5596785e+06 
7.0057845e+06 6.2694730e+06 6.6782210e+06 
-4.0676455e+06 1.1529595e+05 -1.0797723e+05 
-1.8283662e+06 8.6333919e+05 9.1698469e+05 
-7.3309750e+06 -5.4856800e+05 -1.3321921e+06 
-6.7979980e+06 -4.6906900e+05 -1.1539831e+06 
-7.8895230e+06 -6.2162362e+05 -1.5189412e+06 
-6.2894630e+06 -3.8246600e+05 -9.8211962e+05 
-1.0645983e+07 -8.8391444e+05 -2.2928222e+06 
4.2460456e+05 1.8980374e+06 2.1143048e+06 
1.0204866e+06 2.2136085e+06 2.4598482e+06 
-1.4137053e+07 -1.1863031e+06 -2.9356618e+06 
-8.4743850e+06 -6.8917112e+05 -1.7169188e+06 
-5.8040275e+06 -2.8830575e+05 -8.1479394e+05 
3.5016752e+06 3.7099510e+06 4.0323962e+06 
-1.9280689e+05 1.5954671e+06 1.7692288e+06 
-1.6405984e+07 -1.5176082e+06 -3.0433310e+06 
8.4445570e+06 7.4613280e+06 7.7882380e+06 
1.5965720e+06 2.5410345e+06 2.8067832e+06 
7.6032935e+06 6.7741030e+06 7.1976960e+06 
-1.2581056e+07 -1.0373656e+06 -2.7608180e+06 
5.4658075e+06 5.0894070e+06 5.4490275e+06 
-2.5414535e+06 6.1592000e+05 5.6504194e+05 
-3.6691088e+06 2.4580886e+05 4.7971988e+04 
6.1451105e+06 5.6043685e+06 5.9797810e+06 
-8.3365894e+05 1.3068239e+06 1.4234131e+06 
4.7520500e+06 4.5772880e+06 4.9180670e+06 
-5.3402465e+06 -1.8629712e+05 -6.5050494e+05 
-9.0856300e+06 -7.5252288e+05 -1.9294435e+06 
2.1543895e+06 2.8789465e+06 3.1557510e+06 
-2.0688062e+07 -2.7415978e+06 -2.7120088e+06 
6.7900485e+06 6.1166045e+06 6.5075360e+06 
-1.1376333e+07 -9.4559112e+05 -2.5832035e+06 
-1.4999958e+06 1.0328116e+06 1.0753632e+06 
4.0036372e+06 4.0727425e+06 4.3885275e+06 
-4.8966430e+06 -7.6279117e+04 -4.8799900e+05 
2.6952502e+06 3.2257502e+06 3.5071080e+06 
-9.7221770e+06 -8.1353012e+05 -2.1606325e+06 
8.1664025e+06 7.2612820e+06 7.7042515e+06 
-3.2861638e+06 3.8421441e+05 2.0549942e+05 
-4.3735876e+07 -2.3951572e+07 4.8289980e+06 
7.4005705e+06 6.6198405e+06 7.0283740e+06 
-2.1939210e+06 7.7390169e+05 7.2329225e+05 
-1.5156777e+07 -1.3294122e+06 -3.4987335e+06 
-1.3423380e+07 -1.1273530e+06 -3.1787590e+06 
3.2202400e+06 3.5796252e+06 3.8609165e+06 
-4.4717535e+06 4.1802684e+04 -3.2622550e+05 
5.2181745e+06 4.9452355e+06 5.2773505e+06 
5.9106320e+06 5.4561430e+06 5.8081185e+06 
7.0092544e+05 2.1021045e+06 2.2835580e+06 
9.5909797e+04 1.7910815e+06 1.9355359e+06 
-1.0380987e+07 -8.7484275e+05 -2.4155730e+06 
-1.7893738e+07 -1.9330581e+06 -3.9329952e+06 
1.2858424e+06 2.4249935e+06 2.6323378e+06 
-1.2119526e+07 -1.0175178e+06 -2.9192455e+06 
-5.3093988e+05 1.4930021e+06 1.5872896e+06 
4.4913980e+06 4.4378885e+06 4.7465090e+06 
6.5687295e+06 5.9653605e+06 6.3363235e+06 
-7.2418120e+06 -5.2718162e+05 -1.4200934e+06 
-7.7794925e+06 -6.0453169e+05 -1.6111629e+06 
-6.7268505e+06 -4.4338278e+05 -1.2368694e+06 
1.8522049e+06 2.7584482e+06 2.9825815e+06 
-1.1815162e+06 1.2087228e+06 1.2375621e+06 
-8.3401490e+06 -6.7635931e+05 -1.8124518e+06 
-2.9174825e+06 5.3030838e+05 3.6512144e+05 
-6.2338925e+06 -3.5249019e+05 -1.0595072e+06 
7.9764115e+06 7.1073285e+06 7.5373805e+06 
-2.7549346e+07 -6.1610315e+06 -8.9260419e+05 
-4.0641580e+06 1.6791361e+05 -1.6430478e+05 
3.7302168e+06 3.9385295e+06 4.2169370e+06 
7.1922945e+06 6.4669190e+06 6.8583515e+06 
2.4013475e+06 3.1009462e+06 3.3347168e+06 
-8.9233040e+06 -7.4397012e+05 -2.0268020e+06 
-1.1055660e+07 -9.4032238e+05 -2.7004192e+06 
-5.7619450e+06 -2.5407269e+05 -8.8634506e+05 
-1.8578144e+06 9.3887131e+05 8.8481856e+05 
-1.4214769e+07 -1.2606256e+06 -3.6973370e+06 
5.6707370e+06 5.3096910e+06 5.6360875e+06 
4.9653225e+06 4.8028630e+06 5.1053515e+06 
-9.5273100e+06 -8.0919306e+05 -2.2575992e+06 
-1.2850560e+07 -1.1097234e+06 -3.3132182e+06 
-1.6003793e+07 -1.5979888e+06 -4.2698175e+06 
-5.3098580e+06 -1.4786536e+05 -7.1598662e+05 
2.9343848e+06 3.4507422e+06 3.6888870e+06 
6.3418885e+06 5.8157535e+06 6.1646335e+06 
-3.6725012e+06 3.0194350e+05 -1.5043969e+03 
4.2258070e+06 4.3002110e+06 4.5746155e+06 
-2.5618452e+06 6.8383250e+05 5.2724862e+05 
3.7793628e+05 1.9911800e+06 2.1059455e+06 
7.7809735e+06 6.9543300e+06 7.3695750e+06 
-2.3600714e+05 1.6844738e+06 1.7552285e+06 
9.7148544e+05 2.3097465e+06 2.4567872e+06 
-2.0221968e+07 -2.1596488e+06 -4.5910270e+06 
-1.1733990e+07 -1.0156646e+06 -3.0221638e+06 
-1.0148670e+07 -8.7459050e+05 -2.5088070e+06 
-8.7207794e+05 1.3906375e+06 1.4036059e+06 
6.9784830e+06 6.3153840e+06 6.6876795e+06 
-4.8764015e+06 -3.3735211e+04 -5.4725694e+05 
1.5461979e+06 2.6389410e+06 2.8085175e+06 
3.4522042e+06 3.8058725e+06 4.0449428e+06 
-1.5321438e+06 1.1104561e+06 1.0497805e+06 
2.1034312e+06 2.9773100e+06 3.1616290e+06 
-3.2955058e+06 4.4371712e+05 1.6277834e+05 
5.4255420e+06 5.1649840e+06 5.4637420e+06 
-7.6790840e+06 -5.9099444e+05 -1.6877976e+06 
-1.3518503e+07 -1.2377956e+06 -3.7750442e+06 
4.7074065e+06 4.6622290e+06 4.9330805e+06 
-7.1598620e+06 -5.0897753e+05 -1.4936404e+06 
-1.0780942e+07 -9.4375688e+05 -2.7848742e+06 
-1.4808674e+07 -1.4726631e+06 -4.3286860e+06 
-4.4603240e+06 8.8344070e+04 -3.7916838e+05 
6.1096000e+06 5.6677880e+06 5.9925230e+06 
-8.2187115e+06 -6.6745962e+05 -1.8909914e+06 
7.5800700e+06 6.8023630e+06 7.2008875e+06 
-6.6610745e+06 -4.2052378e+05 -1.3064664e+06 
-2.2181420e+06 8.4447938e+05 6.9219269e+05 
8.4253900e+06 7.4678510e+06 7.7830235e+06 
-1.2393722e+07 -1.1091812e+06 -3.3874205e+06 
2.6443280e+06 3.3231802e+06 3.5163395e+06 
-8.7779930e+06 -7.3961956e+05 -2.1056102e+06 
-1.6595287e+07 -1.5004436e+06 -4.9053055e+06 
3.9554645e+06 4.1641670e+06 4.4024310e+06 
-6.1822775e+06 -3.2502178e+05 -1.1245218e+06 
6.7591685e+06 6.1652760e+06 6.5164170e+06 
-9.3550840e+06 -8.0920244e+05 -2.3343942e+06 
5.1729402e+04 1.8806968e+06 1.9270528e+06 
6.5371900e+05 2.1951558e+06 2.2801655e+06 
-5.7094631e+05 1.5780778e+06 1.5734386e+06 
-4.0603875e+06 2.1831108e+05 -2.1089450e+05 
-2.9319812e+06 5.9300256e+05 3.2902906e+05 
-5.7227240e+06 -2.2207044e+05 -9.4631312e+05 
-1.1413027e+07 -1.0217019e+06 -3.0902998e+06 
3.1698085e+06 3.6746630e+06 3.8725828e+06 
1.2365908e+06 2.5202892e+06 2.6335890e+06 
-1.2160348e+06 1.2882402e+06 1.2182528e+06 
-9.9464990e+06 -8.7858162e+05 -2.5803945e+06 
8.1459900e+06 7.2701845e+06 7.6990930e+06 
5.1751770e+06 5.0219860e+06 5.2911405e+06 
7.3736915e+06 6.6514995e+06 7.0313770e+06 
5.8719525e+06 5.5214635e+06 5.8200550e+06 
1.8017239e+06 2.8547110e+06 2.9878742e+06 
4.4445930e+06 4.5232670e+06 4.7605900e+06 
-1.4022975e+07 -1.4211109e+06 -4.2970845e+06 
-5.2814815e+06 -1.1143273e+05 -7.7057119e+05 
-1.8853728e+06 1.0118967e+06 8.6017138e+05 
-1.2995577e+07 -1.2321720e+06 -3.7985335e+06 
-1.5147776e+07 -1.4317076e+06 -4.8292730e+06 
6.5343955e+06 6.0166270e+06 6.3446295e+06 
-3.6753960e+06 3.5603100e+05 -4.1750328e+04 
3.6805650e+06 4.0296645e+06 4.2300005e+06 
2.3502902e+06 3.1968165e+06 3.3433060e+06 
-1.0546303e+07 -9.5098338e+05 -2.8468005e+06 
-1.2026540e+07 -1.1152030e+06 -3.4283895e+06 
-2.5808330e+06 7.4951725e+05 4.9762566e+05 
-4.8575145e+06 6.9984072e+03 -5.9622025e+05 
7.9524405e+06 7.1201675e+06 7.5324965e+06 
-7.5885920e+06 -5.7926094e+05 -1.7510650e+06 
-8.1100130e+06 -6.6046444e+05 -1.9553426e+06 
7.1618415e+06 6.5018055e+06 6.8611115e+06 
-7.0856150e+06 -4.9244334e+05 -1.5545990e+06 
-2.7749938e+05 1.7705240e+06 1.7469245e+06 
3.3275019e+05 2.0810881e+06 2.1025068e+06 
2.8832432e+06 3.5447882e+06 3.6998950e+06 
-8.6490280e+06 -7.3720512e+05 -2.1694198e+06 
-9.0872656e+05 1.4717668e+06 1.3902259e+06 
4.9197845e+06 4.8806545e+06 5.1183470e+06 
9.2359844e+05 2.4023600e+06 2.4578252e+06 
5.6290485e+06 5.3767700e+06 5.6472980e+06 
-1.1144942e+07 -1.0307128e+06 -3.1364762e+06 
-6.6012590e+06 -3.9919259e+05 -1.3641902e+06 
-9.2038120e+06 -8.1106462e+05 -2.3955005e+06 
4.1770590e+06 4.3859035e+06 4.5879350e+06 
-3.3042132e+06 5.0130662e+05 1.2882251e+05 
-1.3473655e+07 -1.3964561e+06 -4.2431855e+06 
-1.5626478e+06 1.1856900e+06 1.0313118e+06 
-4.4497425e+06 1.3322555e+05 -4.2235325e+05 
1.4964452e+06 2.7330190e+06 2.8134810e+06 
6.3042235e+06 5.8694640e+06 6.1723900e+06 
-1.4339273e+07 -1.4541209e+06 -4.6806370e+06 
-6.1352450e+06 -2.9894634e+05 -1.1783104e+06 
-1.2592200e+07 -1.2326471e+06 -3.7982280e+06 
-9.7711340e+06 -8.8417856e+05 -2.6359282e+06 
3.4013110e+06 3.8966050e+06 4.0573705e+06 
-2.2410640e+06 9.1293312e+05 6.6884519e+05 
7.7534810e+06 6.9709335e+06 7.3648570e+06 
2.0524916e+06 3.0715268e+06 3.1698180e+06 
6.9445380e+06 6.3533415e+06 6.6901660e+06 
-5.6869910e+06 -1.9134219e+05 -9.9563825e+05 
-1.1727659e+07 -1.1232808e+06 -3.4509062e+06 
-4.0570812e+06 2.6716594e+05 -2.4821189e+05 
-1.0345765e+07 -9.5937938e+05 -2.8929955e+06 
5.3810045e+06 5.2336895e+06 5.4743265e+06 
4.6595210e+06 4.7409375e+06 4.9454265e+06 
-2.9457775e+06 6.5388669e+05 3.0126691e+05 
2.5927252e+06 3.4161332e+06 3.5269165e+06 
8.7735342e+03 1.9674171e+06 1.9238471e+06 
-6.0957081e+05 1.6605391e+06 1.5656071e+06 
-5.2557245e+06 -7.6174766e+04 -8.1503944e+05 
6.0687265e+06 5.7238045e+06 5.9997770e+06 
3.9049920e+06 4.2500580e+06 4.4151725e+06 
6.0742725e+05 2.2850250e+06 2.2812562e+06 
-1.3821675e+07 -1.4791682e+06 -4.5509950e+06 
-1.2491878e+06 1.3654250e+06 1.2056530e+06 
-1.3066285e+07 -1.3818864e+06 -4.1881155e+06 
7.5490895e+06 6.8225730e+06 7.1962505e+06 
-1.0919691e+07 -1.0403252e+06 -3.1685240e+06 
1.1878098e+06 2.6121060e+06 2.6384770e+06 
8.3972850e+06 7.4664235e+06 7.7694215e+06 
-8.0134515e+06 -6.5405075e+05 -2.0077515e+06 
-1.9117805e+06 1.0828802e+06 8.4286875e+05 
-1.2272659e+07 -1.2350812e+06 -3.7880195e+06 
6.7218115e+06 6.2061605e+06 6.5186220e+06 
-7.5077940e+06 -5.6814031e+05 -1.8028045e+06 
-8.5352230e+06 -7.3528919e+05 -2.2209675e+06 
-3.6784725e+06 4.0866603e+05 -7.3171070e+04 
3.1179118e+06 3.7648852e+06 3.8845862e+06 
-4.8405575e+06 4.6636578e+04 -6.3554644e+05 
-7.0190875e+06 -4.7652209e+05 -1.6044790e+06 
-9.0714190e+06 -8.1326875e+05 -2.4442238e+06 
1.7511508e+06 2.9471862e+06 2.9959050e+06 
-2.5991105e+06 8.1347206e+05 4.7591866e+05 
-6.5475660e+06 -3.7845869e+05 -1.4112871e+06 
5.1279525e+06 5.0921965e+06 5.3012185e+06 
-9.6191640e+06 -8.8987350e+05 -2.6793278e+06 
4.3945550e+06 4.6027760e+06 4.7724475e+06 
-1.1481152e+07 -1.1315181e+06 -3.4630375e+06 
5.8279945e+06 5.5796580e+06 5.8268760e+06 
7.3392580e+06 6.6751730e+06 7.0267600e+06 
2.2984732e+06 3.2885795e+06 3.3536828e+06 
8.1168465e+06 7.2711540e+06 7.6855925e+06 
3.6285895e+06 4.1156432e+06 4.2423580e+06 
-6.0930410e+06 -2.7344772e+05 -1.2219094e+06 
-1.3444910e+07 -1.4938555e+06 -4.4463355e+06 
-4.4405480e+06 1.7707225e+05 -4.5634184e+05 
-1.0173968e+07 -9.6755606e+05 -2.9279405e+06 
-3.1803069e+05 1.8540232e+06 1.7442215e+06 
-3.3129072e+06 5.5751244e+05 1.0327312e+05 
6.4937075e+06 6.0603095e+06 6.3465690e+06 
-1.2750007e+07 -1.3717391e+06 -4.1381268e+06 
-9.4432406e+05 1.5506299e+06 1.3831479e+06 
2.8827316e+05 2.1681600e+06 2.1039098e+06 
-1.5921930e+06 1.2589496e+06 1.0197852e+06 
8.7602512e+05 2.4918465e+06 2.4628875e+06 
2.8305820e+06 3.6343978e+06 3.7116920e+06 
-5.6550390e+06 -1.6117212e+05 -1.0351904e+06 
-1.2013718e+07 -1.2379680e+06 -3.7742408e+06 
-1.0729181e+07 -1.0494104e+06 -3.1912262e+06 
-2.2633248e+06 9.7972081e+05 6.5301281e+05 
1.4464835e+06 2.8236705e+06 2.8215940e+06 
4.8700390e+06 4.9522545e+06 5.1280540e+06 
7.9199620e+06 7.1250180e+06 7.5193675e+06 
7.1239910e+06 6.5288125e+06 6.8564770e+06 
5.5821325e+06 5.4370255e+06 5.6537770e+06 
-4.0547402e+06 3.1503100e+05 -2.7674366e+05 
4.1250672e+06 4.4661020e+06 4.5994795e+06 
-5.2328985e+06 -4.1461594e+04 -8.5012912e+05 
-8.4351700e+06 -7.3296888e+05 -2.2623358e+06 
-7.9281340e+06 -6.4735619e+05 -2.0499891e+06 
-2.9594402e+06 7.1344012e+05 2.8151275e+05 
2.0007069e+06 3.1620075e+06 3.1802255e+06 
6.2602885e+06 5.9158250e+06 6.1741030e+06 
3.3480575e+06 3.9825652e+06 4.0695475e+06 
-8.9557620e+06 -8.1490875e+05 -2.4829802e+06 
-7.4361500e+06 -5.5683138e+05 -1.8445136e+06 
-1.1275411e+07 -1.1391432e+06 -3.4692208e+06 
-1.3151818e+07 -1.5009105e+06 -4.3624625e+06 
-9.4874180e+06 -8.9481375e+05 -2.7133258e+06 
-6.9599815e+06 -4.6048241e+05 -1.6445458e+06 
-1.2496091e+07 -1.3639758e+06 -4.0944882e+06 
-6.4749838e+05 1.7407959e+06 1.5636641e+06 
-3.3680164e+04 2.0516481e+06 1.9258119e+06 
-1.2816189e+06 1.4406949e+06 1.1995940e+06 
7.7176545e+06 6.9795410e+06 7.3520125e+06 
2.5395412e+06 3.5050305e+06 3.5387285e+06 
-4.8258460e+06 8.5737086e+04 -6.6586812e+05 
-3.6821958e+06 4.6034391e+05 -9.6193852e+04 
6.9033070e+06 6.3835645e+06 6.6855000e+06 
5.6129075e+05 2.3721192e+06 2.2867355e+06 
-1.0026338e+07 -9.7478862e+05 -2.9545900e+06 
-6.4998605e+06 -3.5766162e+05 -1.4488289e+06 
-1.9376301e+06 1.1522514e+06 8.3268838e+05 
4.6074255e+06 4.8138195e+06 4.9549170e+06 
5.3312620e+06 5.2958975e+06 5.4805745e+06 
-1.1800041e+07 -1.2407812e+06 -3.7597750e+06 
3.8512515e+06 4.3308390e+06 4.4265905e+06 
1.1387010e+06 2.7008570e+06 2.6469090e+06 
6.0216320e+06 5.7727365e+06 6.0013260e+06 
-2.6172035e+06 8.7613862e+05 4.6183512e+05 
-1.0567032e+07 -1.0574459e+06 -3.2075192e+06 
-6.0556400e+06 -2.4793264e+05 -1.2562315e+06 
3.0636102e+06 3.8507242e+06 3.8967932e+06 
1.6996454e+06 3.0362962e+06 3.0065738e+06 
-4.4330495e+06 2.2038267e+05 -4.8168244e+05 
-1.2914195e+07 -1.5034930e+06 -4.2943440e+06 
7.5099050e+06 6.8348260e+06 7.1836270e+06 
-3.3220185e+06 6.1278506e+05 8.5751000e+04 
6.6772405e+06 6.2394955e+06 6.5139355e+06 
-5.6269100e+06 -1.3102765e+05 -1.0657516e+06 
8.3601845e+06 7.4569925e+06 7.7473235e+06 
-1.1101944e+07 -1.1458630e+06 -3.4719145e+06 
-1.2287342e+07 -1.3577909e+06 -4.0569448e+06 
2.2450112e+06 3.3766685e+06 3.3657330e+06 
-9.7948338e+05 1.6276341e+06 1.3822071e+06 
4.3402880e+06 4.6768370e+06 4.7818900e+06 
-3.5826303e+05 1.9353789e+06 1.7469858e+06 
5.0755220e+06 5.1562555e+06 5.3073655e+06 
-8.3473990e+06 -7.2968481e+05 -2.2951008e+06 
-8.8547840e+06 -8.1544931e+05 -2.5135310e+06 
-1.6213368e+06 1.3306450e+06 1.0149919e+06 
-7.8530215e+06 -6.3982531e+05 -2.0834411e+06 
2.4379605e+05 2.2528070e+06 2.1100395e+06 
3.5733120e+06 4.1969040e+06 4.2538480e+06 
5.7778330e+06 5.6310625e+06 5.8283455e+06 
-9.3730620e+06 -8.9852625e+05 -2.7398298e+06 
-7.3729355e+06 -5.4480044e+05 -1.8773991e+06 
-4.0536620e+06 3.6235691e+05 -2.9696981e+05 
-2.2854142e+06 1.0452568e+06 6.4442844e+05 
8.2800838e+05 2.5786252e+06 2.4718682e+06 
-5.2130890e+06 -6.8134604e+03 -8.7651588e+05 
7.2967060e+06 6.6909720e+06 7.0143185e+06 
-1.1621202e+07 -1.2433450e+06 -3.7458898e+06 
-9.8990470e+06 -9.8070975e+05 -2.9748985e+06 
-6.9077990e+06 -4.4382262e+05 -1.6758462e+06 
8.0787725e+06 7.2641020e+06 7.6636135e+06 
2.7754688e+06 3.7200150e+06 3.7241445e+06 
6.4458415e+06 6.0966610e+06 6.3418965e+06 
-2.9733712e+06 7.7207944e+05 2.6942722e+05 
1.3955051e+06 2.9113252e+06 2.8327502e+06 
-1.2716771e+07 -1.5037606e+06 -4.2382695e+06 
-1.0428210e+07 -1.0642041e+06 -3.2192162e+06 
-6.4578055e+06 -3.3633581e+05 -1.4777239e+06 
4.8150670e+06 5.0180695e+06 5.1342490e+06 
-4.8134900e+06 1.2473495e+05 -6.8777338e+05 
4.0688160e+06 4.5412425e+06 4.6090565e+06 
1.9472164e+06 3.2491942e+06 3.1927368e+06 
5.5290050e+06 5.4908115e+06 5.6552725e+06 
-3.6868492e+06 5.1147766e+05 -1.1124250e+05 
-1.2112792e+07 -1.3527956e+06 -4.0248182e+06 
7.0780675e+06 6.5480710e+06 6.8442020e+06 
3.2914632e+06 4.0642052e+06 4.0813148e+06 
-6.8532144e+05 1.8192509e+06 1.5674510e+06 
-1.0954429e+07 -1.1515820e+06 -3.4724798e+06 
-1.3138591e+06 1.5144480e+06 1.1998802e+06 
7.8786350e+06 7.1218160e+06 7.4978010e+06 
-7.6281734e+04 2.1338000e+06 1.9328139e+06 
-6.0228165e+06 -2.2197166e+05 -1.2820666e+06 
-1.9633836e+06 1.2204052e+06 8.2938588e+05 
6.2091785e+06 5.9551095e+06 6.1695025e+06 
5.1460234e+05 2.4568588e+06 2.2964852e+06 
2.4838590e+06 3.5903268e+06 3.5516442e+06 
-2.6354892e+06 9.3790862e+05 4.5506994e+05 
-4.4273715e+06 2.6355506e+05 -4.9889069e+05 
-8.7665770e+06 -8.1458206e+05 -2.5371608e+06 
-8.2704600e+06 -7.2509700e+05 -2.3204535e+06 
-1.1469844e+07 -1.2456006e+06 -3.7330745e+06 
1.0884984e+06 2.7869748e+06 2.6587722e+06 
-9.2736030e+06 -9.0075781e+05 -2.7601730e+06 
-5.6024590e+06 -1.0051300e+05 -1.0880121e+06 
-7.7870190e+06 -6.3110538e+05 -2.1091880e+06 
4.5500685e+06 4.8812985e+06 4.9613250e+06 
-1.2550140e+07 -1.5029560e+06 -4.1916168e+06 
-3.3318175e+06 6.6750881e+05 7.5879641e+04 
-9.7888900e+06 -9.8514412e+05 -2.9901650e+06 
3.7932138e+06 4.4069620e+06 4.4364970e+06 
6.8540125e+06 6.4062070e+06 6.6734005e+06 
5.2752785e+06 5.3519815e+06 5.4822235e+06 
7.6730210e+06 6.9801120e+06 7.3307980e+06 
-7.3173245e+06 -5.3169625e+05 -1.9024285e+06 
1.6463798e+06 3.1224885e+06 3.0197650e+06 
3.0059292e+06 3.9326432e+06 3.9090500e+06 
-1.0308705e+07 -1.0695992e+06 -3.2274390e+06 
5.9673375e+06 5.8148780e+06 5.9968790e+06 
-1.1965019e+07 -1.3487529e+06 -3.9973668e+06 
-6.8619130e+06 -4.2620138e+05 -1.6992406e+06 
-5.1962065e+06 2.8135512e+04 -8.9480488e+05 
-1.0147189e+06 1.7031721e+06 1.3872228e+06 
-4.0539772e+06 4.0951256e+05 -3.0934522e+05 
-1.6505206e+06 1.4011599e+06 1.0167092e+06 
-3.9877888e+05 2.0149945e+06 1.7550676e+06 
-1.0828052e+07 -1.1562838e+06 -3.4716530e+06 
-2.3076908e+06 1.1099151e+06 6.4281762e+05 
1.9866992e+05 2.3354460e+06 2.1207678e+06 
2.1890118e+06 3.4615452e+06 3.3793300e+06 
7.4619150e+06 6.8391060e+06 7.1627280e+06 
-6.4209240e+06 -3.1415444e+05 -1.4987349e+06 
6.6245815e+06 6.2654555e+06 6.5020450e+06 
4.2807155e+06 4.7458910e+06 4.7886925e+06 
-2.9878285e+06 8.3016756e+05 2.6467503e+05 
7.7883169e+05 2.6631278e+06 2.4846500e+06 
5.0168030e+06 5.2145575e+06 5.3093145e+06 
3.5136978e+06 4.2739135e+06 4.2642875e+06 
8.3138500e+06 7.4393475e+06 7.7164570e+06 
-4.8034390e+06 1.6397073e+05 -7.0179550e+05 
-1.1340583e+07 -1.2475228e+06 -3.7214350e+06 
-1.2408004e+07 -1.5017679e+06 -4.1525082e+06 
5.7204230e+06 5.6759930e+06 5.8241570e+06 
2.7169422e+06 3.8021125e+06 3.7371062e+06 
-5.9942050e+06 -1.9525416e+05 -1.3000908e+06 
1.3427232e+06 2.9964320e+06 2.8468350e+06 
-3.6925662e+06 5.6241338e+05 -1.1871982e+05 
-8.6893900e+06 -8.1213650e+05 -2.5548080e+06 
-9.1868550e+06 -9.0138156e+05 -2.7752915e+06 
-8.2029620e+06 -7.1900419e+05 -2.3392955e+06 
7.2453165e+06 6.6989080e+06 6.9937215e+06 
-9.6931710e+06 -9.8801906e+05 -3.0012530e+06 
6.3898340e+06 6.1258830e+06 6.3302735e+06 
-1.3463380e+06 1.5870620e+06 1.2063112e+06 
-7.7290215e+06 -6.2097706e+05 -2.1280712e+06 
-7.2354712e+05 1.8962962e+06 1.5768035e+06 
-1.1838718e+07 -1.3454860e+06 -3.9738910e+06 
8.0313935e+06 7.2487915e+06 7.6328555e+06 
-1.9893855e+06 1.2877054e+06 8.3271600e+05 
1.8911590e+06 3.3335525e+06 3.2072305e+06 
-1.0205266e+07 -1.0736116e+06 -3.2328760e+06 
-1.1961370e+05 2.2142812e+06 1.9447158e+06 
4.0072112e+06 4.6117830e+06 4.6164480e+06 
-4.4234885e+06 3.0690928e+05 -5.0843825e+05 
-5.5814025e+06 -6.9333430e+04 -1.1025712e+06 
4.7537480e+06 5.0785130e+06 5.1366640e+06 
-2.6542158e+06 9.9913000e+05 4.5532494e+05 
-7.2684355e+06 -5.1729034e+05 -1.9203748e+06 
3.2304965e+06 4.1420032e+06 4.0924995e+06 
4.6670331e+05 2.5396705e+06 2.3103855e+06 
5.4685600e+06 5.5384675e+06 5.6514700e+06 
-1.0719046e+07 -1.1599776e+06 -3.4698098e+06 
-3.3424372e+06 7.2201281e+05 7.3302109e+04 
7.0232395e+06 6.5596205e+06 6.8239190e+06 
-6.8216190e+06 -4.0738797e+05 -1.7154321e+06 
2.4247402e+06 3.6725012e+06 3.5655280e+06 
-1.2285826e+07 -1.5005609e+06 -4.1195475e+06 
1.0364644e+06 2.8709062e+06 2.6739555e+06 
7.8279435e+06 7.1103535e+06 7.4674465e+06 
6.1498480e+06 5.9875450e+06 6.1582295e+06 
-5.1820275e+06 6.3665793e+04 -9.0552900e+05 
-1.1229324e+07 -1.2490896e+06 -3.7108845e+06 
-4.0556792e+06 4.5680162e+05 -3.1428762e+05 
-6.3886445e+06 -2.9088853e+05 -1.5124972e+06 
4.4863000e+06 4.9438085e+06 4.9643885e+06 
3.7297762e+06 4.4789005e+06 4.4446830e+06 
1.5905336e+06 3.2062288e+06 3.0353658e+06 
-1.6800818e+06 1.4708516e+06 1.0247209e+06 
-1.0504554e+06 1.7776205e+06 1.3980180e+06 
5.2118945e+06 5.4023040e+06 5.4789545e+06 
-2.3303958e+06 1.1740346e+06 6.4791731e+05 
-4.4008688e+05 2.0932662e+06 1.7683219e+06 
2.9438492e+06 4.0111305e+06 3.9211968e+06 
-1.1729910e+07 -1.3428468e+06 -3.9537570e+06 
-9.1108850e+06 -9.0034300e+05 -2.7858428e+06 
6.7957165e+06 6.4213370e+06 6.6534680e+06 
-8.6216230e+06 -8.0802525e+05 -2.5671605e+06 
-9.6095870e+06 -9.8931512e+05 -3.0087358e+06 
7.6189295e+06 6.9724710e+06 7.3008165e+06 
1.5230191e+05 2.4164940e+06 2.1359725e+06 
-3.0029452e+06 8.8802188e+05 2.6694094e+05 
-4.7955130e+06 2.0371284e+05 -7.0840838e+05 
-8.1435840e+06 -7.1129294e+05 -2.3523090e+06 
-5.9693375e+06 -1.6755488e+05 -1.3108766e+06 
-1.0115208e+07 -1.0762505e+06 -3.2359400e+06 
5.9047205e+06 5.8504850e+06 5.9860635e+06 
2.1295668e+06 3.5436922e+06 3.3943508e+06 
-7.6779385e+06 -6.0930725e+05 -2.1407465e+06 
7.2781525e+05 2.7457945e+06 2.5011255e+06 
-3.6993530e+06 6.1344275e+05 -1.1899535e+05 
-1.0624383e+07 -1.1626782e+06 -3.4671105e+06 
-1.2180147e+07 -1.4995126e+06 -4.0916525e+06 
4.2146650e+06 4.8103915e+06 4.7926030e+06 
3.4486448e+06 4.3471580e+06 4.2734840e+06 
-7.2253660e+06 -5.0143647e+05 -1.9318546e+06 
4.9505925e+06 5.2674900e+06 5.3067490e+06 
6.5627980e+06 6.2841425e+06 6.4825255e+06 
-5.5633500e+06 -3.7268094e+04 -1.1099442e+06 
7.4043415e+06 6.8352715e+06 7.1331125e+06 
-1.1132844e+07 -1.2502750e+06 -3.7012400e+06 
1.2873669e+06 3.0794532e+06 2.8637450e+06 
-4.4212545e+06 3.5070422e+05 -5.1074609e+05 
2.6540040e+06 3.8811858e+06 3.7504342e+06 
-1.3793911e+06 1.6588932e+06 1.2187006e+06 
-2.0158755e+06 1.3544852e+06 8.4245000e+05 
-7.6260331e+05 1.9723116e+06 1.5915708e+06 
5.6545725e+06 5.7147340e+06 5.8139295e+06 
-6.7861610e+06 -3.8722731e+05 -1.7249931e+06 
8.2578440e+06 7.4130980e+06 7.6763615e+06 
-2.6735182e+06 1.0601126e+06 4.6232434e+05 
-1.6419584e+05 2.2934955e+06 1.9613948e+06 
-1.1635474e+07 -1.3407026e+06 -3.9363965e+06 
1.8316676e+06 3.4155650e+06 3.2235990e+06 
-3.3538942e+06 7.7658031e+05 7.7693250e+04 
-5.1702220e+06 9.9994117e+04 -9.0915006e+05 
4.1697953e+05 2.6209835e+06 2.3283335e+06 
7.1841865e+06 6.6988745e+06 6.9644910e+06 
3.9390670e+06 4.6781965e+06 4.6214165e+06 
6.3245550e+06 6.1481100e+06 6.3112540e+06 
-6.3603300e+06 -2.6637738e+05 -1.5195379e+06 
-9.5361460e+06 -9.8903931e+05 -3.0129885e+06 
-9.0439750e+06 -8.9762744e+05 -2.7922870e+06 
4.6848410e+06 5.1339980e+06 5.1349905e+06 
3.1640642e+06 4.2164575e+06 4.1029280e+06 
-1.0036263e+07 -1.0775354e+06 -3.2368665e+06 
-4.0586465e+06 5.0447591e+05 -3.1216994e+05 
-8.5618060e+06 -8.0221038e+05 -2.5747222e+06 
7.9741370e+06 7.2248095e+06 7.5928325e+06 
-1.2088201e+07 -1.4986905e+06 -4.0679510e+06 
9.8188594e+05 2.9531055e+06 2.6923660e+06 
5.3995455e+06 5.5803095e+06 5.6419855e+06 
-1.0541563e+07 -1.1643971e+06 -3.4635868e+06 
2.3612165e+06 3.7520530e+06 3.5802560e+06 
-8.0910750e+06 -7.0190369e+05 -2.3600108e+06 
-1.7102621e+06 1.5400528e+06 1.0388333e+06 
-5.9476695e+06 -1.3870956e+05 -1.3149052e+06 
-2.3536675e+06 1.2379210e+06 6.5949050e+05 
-1.0870339e+06 1.8513378e+06 1.4144384e+06 
-7.6327055e+06 -5.9601856e+05 -2.1477242e+06 
-4.7894290e+06 2.4417469e+05 -7.0802481e+05 
-1.1048520e+07 -1.2510466e+06 -3.6922708e+06 
6.9584880e+06 6.5633925e+06 6.7951170e+06 
-4.8262697e+05 2.1705800e+06 1.7866270e+06 
1.5312891e+06 3.2879955e+06 3.0532850e+06 
6.0810790e+06 6.0133015e+06 6.1398250e+06 
-3.0187470e+06 9.4592044e+05 2.7594209e+05 
7.7671705e+06 7.0902575e+06 7.4277690e+06 
3.6597482e+06 4.5471445e+06 4.4509330e+06 
4.4148485e+06 5.0017875e+06 4.9638135e+06 
-7.1872035e+06 -4.8404247e+05 -1.9373594e+06 
-1.1552874e+07 -1.3389312e+06 -3.9212958e+06 
1.0415088e+05 2.4963652e+06 2.1555572e+06 
2.8762950e+06 4.0866935e+06 3.9330830e+06 
-3.7071075e+06 6.6481281e+05 -1.1239688e+05 
5.1398035e+06 5.4472130e+06 5.4703910e+06 
-5.5478310e+06 -4.1501323e+03 -1.1105675e+06 
2.0657479e+06 3.6236098e+06 3.4106938e+06 
6.7431200e+05 2.8270675e+06 2.5212148e+06 
6.7272890e+06 6.4289270e+06 6.6251655e+06 
-4.4204225e+06 3.9515094e+05 -5.0618128e+05 
-6.7547535e+06 -3.6561562e+05 -1.7283878e+06 
-1.2007687e+07 -1.4980958e+06 -4.0477145e+06 
7.5545225e+06 6.9562870e+06 7.2614885e+06 
5.8324850e+06 5.8797645e+06 5.9684130e+06 
-9.4710910e+06 -9.8721025e+05 -3.0142500e+06 
-9.9664760e+06 -1.0774874e+06 -3.2357730e+06 
-8.9845730e+06 -8.9324131e+05 -2.7949445e+06 
-2.0429976e+06 1.4210498e+06 8.5839050e+05 
-1.4132680e+06 1.7302759e+06 1.2368922e+06 
1.2286764e+06 3.1608595e+06 2.8834080e+06 
-2.6934302e+06 1.1211319e+06 4.7582712e+05 
-1.0468467e+07 -1.1651395e+06 -3.4591898e+06 
3.3769665e+06 4.4171425e+06 4.2812465e+06 
4.1408455e+06 4.8708015e+06 4.7933480e+06 
-8.5085790e+06 -7.9468212e+05 -2.5778610e+06 
-8.0284419e+05 2.0476610e+06 1.6116334e+06 
-5.1603760e+06 1.3728941e+05 -9.0606206e+05 
-6.3352960e+06 -2.4050788e+05 -1.5202895e+06 
-3.3661028e+06 8.3145562e+05 8.8768773e+04 
2.5856070e+06 3.9577488e+06 3.7640050e+06 
4.8755355e+06 5.3154325e+06 5.2993045e+06 
-1.0974153e+07 -1.2513659e+06 -3.6837238e+06 
-8.0442490e+06 -6.9080981e+05 -2.3627920e+06 
-2.1048928e+05 2.3718380e+06 1.9827622e+06 
6.4906540e+06 6.2955705e+06 6.4548200e+06 
7.3361920e+06 6.8230345e+06 7.0941635e+06 
-4.0626605e+06 5.5274519e+05 -3.0331525e+05 
1.7678622e+06 3.4957282e+06 3.2417655e+06 
-1.1479973e+07 -1.3374180e+06 -3.9079870e+06 
5.5789125e+06 5.7475330e+06 5.7971985e+06 
-7.5922840e+06 -5.8106831e+05 -2.1494000e+06 
3.6485756e+05 2.7012245e+06 2.3502632e+06 
-5.9285985e+06 -1.0859743e+05 -1.3125762e+06 
8.1914995e+06 7.3776485e+06 7.6263610e+06 
-4.7848185e+06 2.8552706e+05 -7.0099725e+05 
3.8630820e+06 4.7409680e+06 4.6237165e+06 
3.0909952e+06 4.2880865e+06 4.1124400e+06 
-1.1936629e+07 -1.4976892e+06 -4.0303175e+06 
-7.1530365e+06 -4.6505150e+05 -1.9372774e+06 
9.2406994e+05 3.0340318e+06 2.7139520e+06 
4.6069540e+06 5.1849365e+06 5.1288840e+06 
-1.7412152e+06 1.6090695e+06 1.0588908e+06 
-2.3775495e+06 1.3018494e+06 6.7733869e+05 
6.2486685e+06 6.1634015e+06 6.2842705e+06 
7.1121940e+06 6.6906305e+06 6.9259760e+06 
2.2922785e+06 3.8294990e+06 3.5957350e+06 
-1.1247176e+06 1.9246626e+06 1.4363681e+06 
-3.0351618e+06 1.0041061e+06 2.9143756e+05 
5.3205250e+06 5.6166240e+06 5.6263640e+06 
-5.2677400e+05 2.2473080e+06 1.8099025e+06 
-3.7156338e+06 7.1673275e+05 -9.9204445e+04 
-5.5343085e+06 3.0147504e+04 -1.1048062e+06 
-9.9041280e+06 -1.0761242e+06 -3.2326975e+06 
-9.4128510e+06 -9.8384975e+05 -3.0126638e+06 
7.9062005e+06 7.1915450e+06 7.5428430e+06 
-1.0403259e+07 -1.1649034e+06 -3.4538210e+06 
-6.7265900e+06 -3.4248362e+05 -1.7259892e+06 
1.4678246e+06 3.3682788e+06 3.0734730e+06 
-8.9312600e+06 -8.8720081e+05 -2.7940320e+06 
-1.0907849e+07 -1.2511899e+06 -3.6753375e+06 
5.3724523e+04 2.5754670e+06 2.1794705e+06 
-4.4206590e+06 4.4042203e+05 -4.9505534e+05 
-8.4606760e+06 -7.8544581e+05 -2.5768415e+06 
3.5818280e+06 4.6121990e+06 4.4550340e+06 
6.8825655e+06 6.5591950e+06 6.7571200e+06 
6.0014440e+06 6.0324865e+06 6.1137160e+06 
2.8021210e+06 4.1598600e+06 3.9445840e+06 
4.3342955e+06 5.0556790e+06 4.9592815e+06 
-1.1414925e+07 -1.3360535e+06 -3.8960400e+06 
-8.0019730e+06 -6.7800369e+05 -2.3609450e+06 
6.1770375e+05 2.9073902e+06 2.5448868e+06 
-6.3128235e+06 -2.1320000e+05 -1.5151045e+06 
7.6953600e+06 7.0609655e+06 7.3780210e+06 
1.9965942e+06 3.7018125e+06 3.4282992e+06 
-5.1520065e+06 1.7568397e+05 -8.9659462e+05 
5.0575130e+06 5.4870375e+06 5.4560930e+06 
-2.0708069e+06 1.4876754e+06 8.8038388e+05 
-2.7138932e+06 1.1824310e+06 4.9563688e+05 
-1.4481365e+06 1.8015204e+06 1.2607750e+06 
-1.1873287e+07 -1.4974072e+06 -4.0152080e+06 
-3.3788852e+06 8.8684812e+05 1.0629223e+05 
-7.5556610e+06 -5.6443544e+05 -2.1460788e+06 
-8.4455281e+05 2.1226905e+06 1.6369201e+06 
1.1658978e+06 3.2411285e+06 2.9058025e+06 
6.6473630e+06 6.4288380e+06 6.5877975e+06 
-4.0674165e+06 6.0178362e+05 -2.8799388e+05 
5.7491165e+06 5.9028745e+06 5.9433595e+06 
-5.9114760e+06 -7.7129336e+04 -1.3042169e+06 
3.2973722e+06 4.4843920e+06 4.2874010e+06 
-2.5889866e+05 2.4496922e+06 2.0087814e+06 
4.0578202e+06 4.9275940e+06 4.7906430e+06 
7.4786960e+06 6.9310485e+06 7.2120260e+06 
2.5106420e+06 4.0323350e+06 3.7777325e+06 
-7.1219565e+06 -4.4442950e+05 -1.9319140e+06 
-4.7812390e+06 3.2790659e+05 -6.8761894e+05 
-9.8476780e+06 -1.0734588e+06 -3.2276242e+06 
-1.0344311e+07 -1.1636806e+06 -3.4473500e+06 
4.7900930e+06 5.3587555e+06 5.2865665e+06 
-9.3599950e+06 -9.7897831e+05 -3.0083035e+06 
3.0980238e+05 2.7808162e+06 2.3761655e+06 
1.6988416e+06 3.5745520e+06 3.2617055e+06 
-1.0847939e+07 -1.2504715e+06 -3.6668485e+06 
-8.8827270e+06 -8.7952506e+05 -2.7896908e+06 
6.4066675e+06 6.2996570e+06 6.4182210e+06 
-1.1356093e+07 -1.3347330e+06 -3.8850542e+06 
-2.4019962e+06 1.3660642e+06 7.0131281e+05 
-1.7730108e+06 1.6781821e+06 1.0847881e+06 
-6.7008490e+06 -3.1778538e+05 -1.7180948e+06 
-3.0520282e+06 1.0627894e+06 3.1323622e+05 
-5.5221920e+06 6.5721625e+04 -1.0929599e+06 
5.4918500e+06 5.7745980e+06 5.7734080e+06 
7.2562165e+06 6.8019405e+06 7.0450570e+06 
-8.4168990e+06 -7.7451375e+05 -2.5718510e+06 
8.6233944e+05 3.1141465e+06 2.7387215e+06 
-1.1636934e+06 1.9979124e+06 1.4637452e+06 
-3.7246505e+06 7.6937825e+05 -7.9645898e+04 
3.0100205e+06 4.3574295e+06 4.1209062e+06 
3.7778120e+06 4.8005985e+06 4.6231045e+06 
-1.1816092e+07 -1.4971701e+06 -4.0018892e+06 
2.2168655e+06 3.9053742e+06 3.6119222e+06 
-5.7283912e+05 2.3238065e+06 1.8381268e+06 
-7.9631590e+06 -6.6348775e+05 -2.3546855e+06 
-4.4215560e+06 4.8665747e+05 -4.7762356e+05 
4.5185105e+06 5.2317400e+06 5.1179630e+06 
8.1138860e+06 7.3321630e+06 7.5655280e+06 
-6.2921640e+06 -1.8439736e+05 -1.5042652e+06 
6.1605855e+06 6.1717350e+06 6.2486125e+06 
1.3993081e+06 3.4475768e+06 3.0959432e+06 
5.7801044e+02 2.6541972e+06 2.2077248e+06 
7.0279490e+06 6.6737810e+06 6.8773255e+06 
-5.1445680e+06 2.1528075e+05 -8.8101644e+05 
5.2298365e+06 5.6476725e+06 5.6040710e+06 
-7.5218465e+06 -5.4611144e+05 -2.1379912e+06 
-2.7347602e+06 1.2442214e+06 5.2161069e+05 
7.8265090e+06 7.1481525e+06 7.4819335e+06 
-2.0992720e+06 1.5546095e+06 9.0833194e+05 
3.4945765e+06 4.6745915e+06 4.4567905e+06 
-1.0290150e+07 -1.1614570e+06 -3.4396250e+06 
2.7200928e+06 4.2311800e+06 3.9556192e+06 
5.5739962e+05 2.9872032e+06 2.5721798e+06 
-3.3919795e+06 9.4293462e+05 1.3008049e+05 
-9.7957200e+06 -1.0694980e+06 -3.2204980e+06 
-1.0792920e+07 -1.2491605e+06 -3.6579948e+06 
-1.4840839e+06 1.8729120e+06 1.2902969e+06 
4.2430360e+06 5.1059340e+06 4.9504540e+06 
-5.8956140e+06 -4.4239973e+04 -1.2900901e+06 
-9.3112020e+06 -9.7261269e+05 -3.0011930e+06 
1.9211048e+06 3.7788330e+06 3.4471700e+06 
-7.0930555e+06 -4.2215709e+05 -1.9215048e+06 
-4.0725330e+06 6.5173369e+05 -2.6642112e+05 
-1.1301998e+07 -1.3333550e+06 -3.8746532e+06 
5.9092510e+06 6.0451385e+06 6.0791995e+06 
6.7939440e+06 6.5466990e+06 6.7090550e+06 
-8.8794175e+05 2.1977260e+06 1.6674239e+06 
-8.8377420e+06 -8.7023250e+05 -2.7820035e+06 
4.9632995e+06 5.5220910e+06 5.4355575e+06 
-1.1763612e+07 -1.4968886e+06 -3.9899062e+06 
-4.7781840e+06 3.7142084e+05 -6.6812531e+05 
1.0982789e+06 3.3207442e+06 2.9309808e+06 
7.6112720e+06 7.0216925e+06 7.3172035e+06 
-3.0977197e+05 2.5274278e+06 2.0394860e+06 
-8.3761105e+06 -7.6190044e+05 -2.5630150e+06 
-6.6766955e+06 -2.9149125e+05 -1.7049359e+06 
3.2084408e+06 4.5494550e+06 4.2918085e+06 
-5.5108425e+06 1.0264466e+05 -1.0752674e+06 
2.4279220e+06 4.1055002e+06 3.7915908e+06 
6.5542770e+06 6.4208095e+06 6.5404795e+06 
3.9639690e+06 4.9812585e+06 4.7842015e+06 
5.6528280e+06 5.9199175e+06 5.9102155e+06 
2.5131698e+05 2.8601742e+06 2.4061072e+06 
-7.9267545e+06 -6.4726975e+05 -2.3441680e+06 
-2.4268752e+06 1.4307789e+06 7.3132225e+05 
-3.0691000e+06 1.1221476e+06 3.4120303e+05 
1.6236754e+06 3.6525598e+06 3.2834708e+06 
-1.8056338e+06 1.7476415e+06 1.1164830e+06 
-3.7337962e+06 8.2289319e+05 -5.3893535e+04 
7.3900450e+06 6.8960365e+06 7.1513900e+06 
4.6924910e+06 5.3978270e+06 5.2680740e+06 
-1.2040715e+06 2.0713790e+06 1.4965770e+06 
-4.4226345e+06 5.3396781e+05 -4.5408494e+05 
-6.2725425e+06 -1.5406131e+05 -1.4879931e+06 
7.9603219e+05 3.1939130e+06 2.7667655e+06 
-7.4898640e+06 -5.2609562e+05 -2.1253082e+06 
-1.0239427e+07 -1.1582124e+06 -3.4304805e+06 
-1.0741419e+07 -1.2472039e+06 -3.6485160e+06 
-9.7469530e+06 -1.0642429e+06 -3.2112355e+06 
-6.2106775e+05 2.4004132e+06 1.8713538e+06 
-1.1251282e+07 -1.3318210e+06 -3.8644798e+06 
6.3090495e+06 6.2962145e+06 6.3718445e+06 
-5.1374610e+06 2.5615738e+05 -8.5953894e+05 
5.3915115e+06 5.7961005e+06 5.7418980e+06 
2.9197500e+06 4.4250525e+06 4.1282482e+06 
-9.2652360e+06 -9.6476488e+05 -2.9913160e+06 
3.6816345e+06 4.8576140e+06 4.6193540e+06 
2.1338502e+06 3.9802360e+06 3.6288492e+06 
-1.1714515e+07 -1.4964681e+06 -3.9788360e+06 
7.1628485e+06 6.7713425e+06 6.9847230e+06 
-5.5684098e+04 2.7329418e+06 2.2404160e+06 
-7.0654270e+06 -3.9822488e+05 -1.9062265e+06 
4.4176965e+06 5.2748295e+06 5.1018195e+06 
-8.7951430e+06 -8.5933844e+05 -2.7710075e+06 
1.3248928e+06 3.5263998e+06 3.1207960e+06 
-5.8802880e+06 -9.8834941e+03 -1.2704008e+06 
-2.7557982e+06 1.3066816e+06 5.5366650e+05 
-3.4050405e+06 9.9985944e+05 1.6000831e+05 
-2.1282755e+06 1.6220676e+06 9.4220212e+05 
-4.0775530e+06 7.0270712e+05 -2.3875583e+05 
6.0583940e+06 6.1729995e+06 6.2034040e+06 
8.0237585e+06 7.2755245e+06 7.4926330e+06 
-1.5211150e+06 1.9447071e+06 1.3254781e+06 
-8.3372175e+06 -7.4762000e+05 -2.5504100e+06 
4.9283631e+05 3.0669442e+06 2.6032225e+06 
5.1255305e+06 5.6736950e+06 5.5744860e+06 
6.9297240e+06 6.6477580e+06 6.8174465e+06 
-4.7750835e+06 4.1615047e+05 -6.4269581e+05 
2.6288658e+06 4.3012335e+06 3.9661778e+06 
3.3963830e+06 4.7348805e+06 4.4560445e+06 
-9.3314950e+05 2.2730695e+06 1.7032178e+06 
-6.6532810e+06 -2.6358391e+05 -1.6866881e+06 
1.8382258e+06 3.8552232e+06 3.4673980e+06 
-7.8917340e+06 -6.2935925e+05 -2.3294952e+06 
4.1392305e+06 5.1530255e+06 4.9369860e+06 
-5.4995745e+06 1.4096756e+05 -1.0519122e+06 
7.7336615e+06 7.0935085e+06 7.4088485e+06 
-3.6339659e+05 2.6053970e+06 2.0749990e+06 
1.0250675e+06 3.4001968e+06 2.9590928e+06 
-1.0692160e+07 -1.2445461e+06 -3.6381552e+06 
5.8024730e+06 6.0512305e+06 6.0354200e+06 
-1.1202680e+07 -1.3300340e+06 -3.8541928e+06 
-1.0190884e+07 -1.1539218e+06 -3.4197395e+06 
6.6907410e+06 6.5254190e+06 6.6498175e+06 
-9.7001580e+06 -1.0576885e+06 -3.1997310e+06 
-1.1667555e+07 -1.4958101e+06 -3.9682805e+06 
4.8551465e+06 5.5526840e+06 5.4082165e+06 
-3.0860440e+06 1.1823249e+06 3.7526506e+05 
-2.4519655e+06 1.4961725e+06 7.6734375e+05 
-3.7426312e+06 8.7738888e+05 -2.2061350e+04 
-7.4587505e+06 -5.0439194e+05 -2.1081488e+06 
-6.2531600e+06 -1.2216812e+05 -1.4664546e+06 
1.8894595e+05 2.9397055e+06 2.4402552e+06 
-9.2209270e+06 -9.5544125e+05 -2.9786272e+06 
-1.8389821e+06 1.8176669e+06 1.1540079e+06 
-4.4233485e+06 5.8243456e+05 -4.2458256e+05 
2.3361632e+06 4.1778320e+06 3.8056402e+06 
3.1085880e+06 4.6129170e+06 4.2943850e+06 
7.5133160e+06 6.9713920e+06 7.2440135e+06 
1.5413978e+06 3.7302928e+06 3.3072142e+06 
3.8574405e+06 5.0323170e+06 4.7737505e+06 
-1.2458798e+06 2.1453270e+06 1.5349538e+06 
-5.1300325e+06 2.9836747e+05 -8.3231894e+05 
-8.7538120e+06 -8.4685456e+05 -2.7567040e+06 
5.5414860e+06 5.9309520e+06 5.8681600e+06 
6.4459960e+06 6.4044465e+06 6.4821060e+06 
-7.0381615e+06 -3.7263097e+05 -1.8862061e+06 
7.2450150e+05 3.2737958e+06 2.7982825e+06 
-6.7163381e+05 2.4774430e+06 1.9097315e+06 
4.5806590e+06 5.4330260e+06 5.2433210e+06 
-5.8647380e+06 2.5968193e+04 -1.2453010e+06 
-8.2991595e+06 -7.3168475e+05 -2.5340728e+06 
7.2867915e+06 6.8502900e+06 7.0782405e+06 
2.8186440e+06 4.4915635e+06 4.1344655e+06 
-3.4176392e+06 1.0577319e+06 1.9601222e+05 
2.0420262e+06 4.0546708e+06 3.6466508e+06 
-2.7766848e+06 1.3699541e+06 5.9178988e+05 
-1.1540166e+05 2.8120728e+06 2.2777452e+06 
-4.0819462e+06 7.5478406e+05 -2.0509936e+05 
3.5727030e+06 4.9125815e+06 4.6122745e+06 
-2.1576075e+06 1.6902302e+06 9.8203750e+05 
5.2756660e+06 5.8121855e+06 5.7018955e+06 
6.1956185e+06 6.2849455e+06 6.3145945e+06 
-1.1155005e+07 -1.3278986e+06 -3.8434625e+06 
-1.0643943e+07 -1.2411292e+06 -3.6266572e+06 
-6.6297415e+06 -2.3405677e+05 -1.6634774e+06 
1.2437138e+06 3.6052712e+06 3.1482468e+06 
-4.7713070e+06 4.6214912e+05 -6.1145550e+05 
-7.8570905e+06 -6.0976681e+05 -2.3107285e+06 
-1.1621552e+07 -1.4948142e+06 -3.9578618e+06 
-1.0143334e+07 -1.1485552e+06 -3.4072170e+06 
-1.5591450e+06 2.0171304e+06 1.3664244e+06 
4.3024015e+06 5.3146525e+06 5.0800240e+06 
7.0541220e+06 6.7303715e+06 6.9117935e+06 
-9.6541770e+06 -1.0498240e+06 -3.1858622e+06 
-5.4876595e+06 1.8072020e+05 -1.0230261e+06 
4.2348331e+05 3.1470470e+06 2.6382610e+06 
-9.8023219e+05 2.3489962e+06 1.7444720e+06 
-9.1771550e+06 -9.4464319e+05 -2.9630562e+06 
-7.4275470e+06 -4.8100809e+05 -2.0865898e+06 
2.5269625e+06 4.3706420e+06 3.9763472e+06 
5.9397705e+06 6.1670000e+06 6.1475745e+06 
5.0052875e+06 5.6949260e+06 5.5368975e+06 
-6.2331900e+06 -8.8708266e+04 -1.4397688e+06 
1.7468439e+06 3.9315630e+06 3.4891950e+06 
3.2854230e+06 4.7936715e+06 4.4526980e+06 
7.9194905e+06 7.2062710e+06 7.4060805e+06 
-4.1999019e+05 2.6839328e+06 2.1155532e+06 
6.8153685e+06 6.6117930e+06 6.7449545e+06 
-3.7506342e+06 9.3294181e+05 1.5797116e+04 
-3.1024388e+06 1.2434271e+06 4.1541622e+05 
-8.7126730e+06 -8.3278856e+05 -2.7390645e+06 
9.4551331e+05 3.4799848e+06 2.9904150e+06 
-2.4769512e+06 1.5623862e+06 8.0942962e+05 
-4.4230825e+06 6.3210856e+05 -3.8920388e+05 
4.0207450e+06 5.1974670e+06 4.9185360e+06 
-1.8728578e+06 1.8884410e+06 1.1974810e+06 
-5.1215740e+06 3.4193975e+05 -7.9946175e+05 
-7.0103410e+06 -3.4538081e+05 -1.8615268e+06 
1.2228423e+05 3.0198075e+06 2.4788988e+06 
-8.2609025e+06 -7.1410525e+05 -2.5140060e+06 
5.6786535e+06 6.0506720e+06 5.9813470e+06 
7.6258520e+06 7.0261520e+06 7.3219630e+06 
-1.2890536e+06 2.2199885e+06 1.5790644e+06 
4.7306630e+06 5.5791405e+06 5.3734340e+06 
-1.1107126e+07 -1.3253201e+06 -3.8319702e+06 
-1.1575382e+07 -1.4933788e+06 -3.9472170e+06 
-5.8481660e+06 6.3324957e+04 -1.2148954e+06 
-1.0595631e+07 -1.2368928e+06 -3.6137688e+06 
2.2339688e+06 4.2499580e+06 3.8200608e+06 
6.5706215e+06 6.4946980e+06 6.5780190e+06 
2.9960315e+06 4.6754180e+06 4.2951355e+06 
1.4510049e+06 3.8083155e+06 3.3332255e+06 
-1.0095647e+07 -1.1420786e+06 -3.3927215e+06 
3.7360952e+06 5.0813440e+06 4.7590515e+06 
-7.2462756e+05 2.5551860e+06 1.9535202e+06 
-7.8218290e+06 -5.8850394e+05 -2.2878938e+06 
6.4712394e+05 3.3542628e+06 2.8336078e+06 
-9.6078990e+06 -1.0406339e+06 -3.1694918e+06 
-6.6051940e+06 -2.0291430e+05 -1.6353869e+06 
7.3994650e+06 6.9087015e+06 7.1567775e+06 
-3.4292578e+06 1.1166229e+06 2.3809381e+05 
-4.0851042e+06 8.0800988e+05 -1.6549502e+05 
-2.7969992e+06 1.4341411e+06 6.3604056e+05 
5.4125085e+06 5.9359985e+06 5.8162190e+06 
-4.7661595e+06 5.0944116e+05 -5.7447700e+05 
6.3200060e+06 6.3792105e+06 6.4112995e+06 
4.4521475e+06 5.4647670e+06 5.2117660e+06 
-2.1869572e+06 1.7592379e+06 1.0279661e+06 
-9.1328380e+06 -9.3236719e+05 -2.9445115e+06 
-1.7884625e+05 2.8919460e+06 2.3200415e+06 
-5.4743195e+06 2.2190969e+05 -9.8869288e+05 
1.9400964e+06 4.1293058e+06 3.6656030e+06 
2.7049825e+06 4.5576270e+06 4.1396715e+06 
-7.3952940e+06 -4.5595625e+05 -2.0606704e+06 
-1.5979875e+06 2.0903689e+06 1.4133394e+06 
1.1548924e+06 3.6847325e+06 3.1786610e+06 
7.1666845e+06 6.7925560e+06 6.9908650e+06 
3.4488925e+06 4.9661305e+06 4.6017420e+06 
-8.6706750e+06 -8.1714488e+05 -2.7180352e+06 
-6.2117750e+06 -5.3687766e+04 -1.4080105e+06 
5.1416190e+06 5.8229880e+06 5.6525000e+06 
-1.0291490e+06 2.4257498e+06 1.7914699e+06 
3.4885531e+05 3.2279410e+06 2.6776850e+06 
6.0636835e+06 6.2654365e+06 6.2451210e+06 
-1.1527970e+07 -1.4914015e+06 -3.9359962e+06 
-1.1057961e+07 -1.3222045e+06 -3.8194038e+06 
4.1701372e+06 5.3517100e+06 5.0521430e+06 
-3.7571968e+06 9.8958938e+05 5.9690434e+04 
-1.0546134e+07 -1.2317742e+06 -3.5992365e+06 
-4.4211455e+06 6.8300662e+05 -3.4798169e+05 
-3.1177630e+06 1.3055185e+06 4.6172181e+05 
-6.9810370e+06 -3.1648812e+05 -1.8322346e+06 
-8.2214275e+06 -6.9489088e+05 -2.4901848e+06 
6.9275630e+06 6.6778970e+06 6.8245320e+06 
-4.7968447e+05 2.7633445e+06 2.1615120e+06 
-2.5014108e+06 1.6295185e+06 8.5771481e+05 
-5.1113200e+06 3.8687500e+05 -7.6102388e+05 
2.4127478e+06 4.4400860e+06 3.9863555e+06 
1.6457821e+06 4.0084680e+06 3.5129328e+06 
-1.0046738e+07 -1.1344536e+06 -3.3760550e+06 
3.1596092e+06 4.8516440e+06 4.4467530e+06 
8.5887812e+05 3.5606188e+06 3.0253852e+06 
-1.9069524e+06 1.9601055e+06 1.2471170e+06 
-5.8297335e+06 1.0217610e+05 -1.1792448e+06 
4.8663155e+06 5.7116175e+06 5.4904970e+06 
5.8018570e+06 6.1534570e+06 6.0798205e+06 
-9.5602550e+06 -1.0300978e+06 -3.1504705e+06 
-7.7849615e+06 -5.6558419e+05 -2.2609858e+06 
3.8850712e+06 5.2398420e+06 4.8947960e+06 
5.0994465e+04 3.1008662e+06 2.5224765e+06 
-1.3334195e+06 2.2955585e+06 1.6292104e+06 
7.7989815e+06 7.1225150e+06 7.3038160e+06 
6.6821825e+06 6.5648900e+06 6.6581030e+06 
-6.5787330e+06 -1.7017405e+05 -1.6024612e+06 
-9.0869250e+06 -9.1860606e+05 -2.9228852e+06 
2.1198128e+06 4.3225650e+06 3.8351990e+06 
-4.0863332e+06 8.6239056e+05 -1.1992785e+05 
1.3514592e+06 3.8872230e+06 3.3619698e+06 
-3.4392802e+06 1.1765600e+06 2.8632234e+05 
-7.8003625e+05 2.6339022e+06 2.0031119e+06 
-4.7588780e+06 5.5801744e+05 -5.3178212e+05 
5.5347745e+06 6.0433255e+06 5.9157435e+06 
4.5869740e+06 5.6018300e+06 5.3305145e+06 
2.8687475e+06 4.7376745e+06 4.2941955e+06 
-2.8162128e+06 1.4992991e+06 6.8655744e+05 
-7.3610285e+06 -4.2925450e+05 -2.0303990e+06 
5.6331588e+05 3.4357850e+06 2.8732462e+06 
7.5007650e+06 6.9442035e+06 7.2191895e+06 
-5.4587250e+06 2.6451691e+05 -9.4895219e+05 
-8.6267890e+06 -7.9992575e+05 -2.6935415e+06 
-1.1478277e+07 -1.4887801e+06 -3.9238598e+06 
6.4306625e+06 6.4536840e+06 6.4919225e+06 
-2.2158968e+06 1.8291859e+06 1.0802095e+06 
-1.1006471e+07 -1.3184575e+06 -3.8054575e+06 
3.5974298e+06 5.1290005e+06 4.7399360e+06 
-6.1880260e+06 -1.7131051e+04 -1.3712171e+06 
-1.0494398e+07 -1.2257088e+06 -3.5828082e+06 
-2.4619931e+05 2.9728985e+06 2.3677858e+06 
-1.6373359e+06 2.1645680e+06 1.4665374e+06 
5.2627305e+06 5.9350660e+06 5.7532420e+06 
-9.9955560e+06 -1.1256388e+06 -3.3570140e+06 
-8.1797270e+06 -6.7405188e+05 -2.4625602e+06 
7.2671310e+06 6.8318705e+06 7.0533525e+06 
4.3040200e+06 5.4935335e+06 5.1728450e+06 
1.8266691e+06 4.2048205e+06 3.6861700e+06 
-6.9493050e+06 -2.8597747e+05 -1.7983431e+06 
1.0575501e+06 3.7653472e+06 3.2125932e+06 
2.5768332e+06 4.6239875e+06 4.1441440e+06 
6.1731630e+06 6.3444065e+06 6.3263510e+06 
-1.0797400e+06 2.5035372e+06 1.8446250e+06 
-4.4167680e+06 7.3510606e+05 -3.0089525e+05 
-3.7616125e+06 1.0473244e+06 1.0969024e+05 
-9.5102000e+06 -1.0181922e+06 -3.1286382e+06 
2.6853538e+05 3.3100518e+06 2.7220590e+06 
3.3077322e+06 5.0189905e+06 4.5877430e+06 
-5.0984395e+06 4.3314175e+05 -7.1701619e+05 
-3.1313855e+06 1.3686151e+06 5.1432203e+05 
-5.8085565e+06 1.4248647e+05 -1.1383714e+06 
-2.5247992e+06 1.6976188e+06 9.1242344e+05 
-7.7454985e+06 -5.4102544e+05 -2.2299745e+06 
7.0268610e+06 6.7212300e+06 6.8870825e+06 
4.9860725e+06 5.8286670e+06 5.5926710e+06 
-5.4249906e+05 2.8439158e+06 2.2133908e+06 
-9.0383850e+06 -9.0335000e+05 -2.8980548e+06 
4.0179292e+06 5.3865965e+06 5.0177650e+06 
5.9098875e+06 6.2371610e+06 6.1617660e+06 
-1.9408279e+06 2.0327549e+06 1.3032372e+06 
-6.5494255e+06 -1.3586991e+05 -1.5647129e+06 
1.5338079e+06 4.0865995e+06 3.5391915e+06 
2.2844112e+06 4.5103250e+06 3.9966278e+06 
-1.1425299e+07 -1.4854119e+06 -3.9104750e+06 
7.6445925e+05 3.6426218e+06 3.0646405e+06 
-1.0951646e+07 -1.3139845e+06 -3.7898300e+06 
3.0165360e+06 4.9095820e+06 4.4383630e+06 
-1.3786695e+06 2.3721905e+06 1.6858198e+06 
6.7800280e+06 6.6124760e+06 6.7207355e+06 
-8.5799980e+06 -7.8113294e+05 -2.6654908e+06 
-2.5163633e+04 3.1832535e+06 2.5716048e+06 
-7.3237755e+06 -4.0092994e+05 -1.9957568e+06 
-1.0439407e+07 -1.2186296e+06 -3.5642308e+06 
-4.0848452e+06 9.1788700e+05 -6.8325344e+04 
-4.7486205e+06 6.0783019e+05 -4.8334488e+05 
4.7052015e+06 5.7240790e+06 5.4343810e+06 
-3.4469780e+06 1.2375209e+06 3.4083653e+05 
5.6410895e+06 6.1320220e+06 5.9985580e+06 
-5.4399885e+06 3.0849172e+05 -9.0380344e+05 
3.7292268e+06 5.2808485e+06 4.8655285e+06 
-2.8336692e+06 1.5654331e+06 7.4356331e+05 
-9.9410780e+06 -1.1155896e+06 -3.3353905e+06 
-8.3771400e+05 2.7138175e+06 2.0590479e+06 
-6.1610120e+06 2.0914766e+04 -1.3293920e+06 
1.2417108e+06 3.9676455e+06 3.3941380e+06 
1.9920379e+06 4.3964120e+06 3.8516270e+06 
6.5267430e+06 6.5057830e+06 6.5546910e+06 
-8.1347975e+06 -6.5160106e+05 -2.4310635e+06 
-2.2438595e+06 1.9001186e+06 1.1390901e+06 
7.6595215e+06 7.0218280e+06 7.1831975e+06 
4.7256566e+05 3.5188368e+06 2.9179088e+06 
2.7244298e+06 4.8005145e+06 4.2918980e+06 
-9.4567150e+06 -1.0048906e+06 -3.1038265e+06 
-6.9141790e+06 -2.5388780e+05 -1.7598384e+06 
4.4205745e+06 5.6212130e+06 5.2787155e+06 
5.3670765e+06 6.0290290e+06 5.8371270e+06 
-1.6767356e+06 2.2398258e+06 1.5264536e+06 
-3.1751716e+05 3.0552440e+06 2.4216358e+06 
3.4384870e+06 5.1760775e+06 4.7163605e+06 
-4.4090855e+06 7.8833912e+05 -2.4787238e+05 
7.3554240e+06 6.8452500e+06 7.0978465e+06 
6.2671615e+06 6.4013070e+06 6.3893500e+06 
-5.0820315e+06 4.8067053e+05 -6.6740750e+05 
-7.7024465e+06 -5.1485275e+05 -2.1948088e+06 
-3.7630645e+06 1.1060888e+06 1.6593122e+05 
-8.9862050e+06 -8.8658819e+05 -2.8698850e+06 
-1.1368063e+07 -1.4811938e+06 -3.8955162e+06 
-5.7836985e+06 1.8419125e+05 -1.0922625e+06 
-1.1316930e+06 2.5825262e+06 1.9044955e+06 
-3.1425452e+06 1.4326792e+06 5.7343419e+05 
1.7002715e+06 4.2819595e+06 3.7090690e+06 
9.5084081e+05 3.8477045e+06 3.2508358e+06 
-1.0892506e+07 -1.3086909e+06 -3.7722232e+06 
2.4320288e+06 4.6914980e+06 4.1484008e+06 
1.8221523e+05 3.3937962e+06 2.7721562e+06 
5.0882130e+06 5.9281850e+06 5.6778790e+06 
4.1327088e+06 5.5199330e+06 5.1260045e+06 
-6.5163065e+06 -1.0005670e+05 -1.5221258e+06 
-2.5464280e+06 1.7666820e+06 9.7387388e+05 
-1.0380164e+07 -1.2104684e+06 -3.5432510e+06 
7.1129935e+06 6.7386595e+06 6.9309940e+06 
-8.5292970e+06 -7.6077025e+05 -2.6337768e+06 
6.0014870e+06 6.2991755e+06 6.2251350e+06 
3.1463312e+06 5.0720305e+06 4.5704465e+06 
-6.0830188e+05 2.9258990e+06 2.2718780e+06 
-1.9738874e+06 2.1064320e+06 1.3662769e+06 
-7.2825465e+06 -3.7102228e+05 -1.9567035e+06 
-9.8823040e+06 -1.1042598e+06 -3.3109715e+06 
-4.7344595e+06 6.5878631e+05 -4.2909431e+05 
1.4096628e+06 4.1666715e+06 3.5688248e+06 
4.8049275e+06 5.8294510e+06 5.5212230e+06 
-4.0797425e+06 9.7440862e+05 -1.0558971e+04 
6.6163388e+05 3.7265305e+06 3.1090625e+06 
-5.4171560e+06 3.5374697e+05 -8.5321038e+05 
3.8421805e+06 5.4200590e+06 4.9765560e+06 
-1.4243268e+06 2.4499910e+06 1.7494584e+06 
6.8636470e+06 6.6342675e+06 6.7641060e+06 
2.1399648e+06 4.5822195e+06 4.0078665e+06 
-3.4514940e+06 1.2994275e+06 4.0184462e+05 
-8.0856370e+06 -6.2755738e+05 -2.3956112e+06 
-6.1297590e+06 6.0374457e+04 -1.2825104e+06 
5.7299785e+06 6.1994860e+06 6.0624875e+06 
-1.0628598e+05 3.2673248e+06 2.6271058e+06 
-9.3987990e+06 -9.9016594e+05 -3.0758595e+06 
-2.8485645e+06 1.6324909e+06 8.0736700e+05 
2.8534230e+06 4.9684170e+06 4.4279240e+06 
-6.8746670e+06 -2.2027734e+05 -1.7166850e+06 
-1.1305617e+07 -1.4760228e+06 -3.8786625e+06 
-8.9733912e+05 2.7951202e+06 2.1220355e+06 
-2.2701120e+06 1.9720249e+06 1.2050362e+06 
6.6074840e+06 6.5322825e+06 6.5976015e+06 
4.5177120e+06 5.7327390e+06 5.3675615e+06 
-8.9293830e+06 -8.6831119e+05 -2.8382320e+06 
-1.0828096e+07 -1.3024811e+06 -3.7523422e+06 
3.5496282e+06 5.3213600e+06 4.8306465e+06 
1.1207435e+06 4.0502528e+06 3.4307075e+06 
-7.6548040e+06 -4.8710231e+05 -2.1554212e+06 
5.4529540e+06 6.1023010e+06 5.9018630e+06 
1.8488764e+06 4.4723470e+06 3.8702282e+06 
3.7448894e+05 3.6038922e+06 2.9685505e+06 
-1.7155494e+06 2.3161885e+06 1.5936522e+06 
-5.0611110e+06 5.2934725e+05 -6.1212881e+05 
-4.3971305e+06 8.4258612e+05 -1.8879247e+05 
-1.0315701e+07 -1.2011552e+06 -3.5196150e+06 
-5.7541640e+06 2.2718986e+05 -1.0408768e+06 
-3.9267797e+05 3.1392708e+06 2.4824488e+06 
2.5604612e+06 4.8649075e+06 4.2888735e+06 
-3.7606072e+06 1.1657678e+06 2.2860948e+05 
6.3446525e+06 6.4328905e+06 6.4319280e+06 
-6.4783705e+06 -6.2815684e+04 -1.4746622e+06 
-8.4736810e+06 -7.3884612e+05 -2.5982822e+06 
-3.1503305e+06 1.4976140e+06 6.3935288e+05 
7.4976025e+06 6.9010755e+06 7.0408105e+06 
4.2271295e+06 5.6379115e+06 5.2172875e+06 
-9.8182540e+06 -1.0916021e+06 -3.2835420e+06 
-1.1844982e+06 2.6628390e+06 1.9717960e+06 
5.1707995e+06 6.0076395e+06 5.7437290e+06 
3.2557508e+06 5.2235555e+06 4.6885110e+06 
-7.2363330e+06 -3.3958875e+05 -1.9131830e+06 
-2.5654342e+06 1.8366450e+06 1.0424804e+06 
8.3401519e+05 3.9324152e+06 3.2944730e+06 
1.5593955e+06 4.3615380e+06 3.7353522e+06 
8.9759914e+04 3.4795802e+06 2.8289890e+06 
6.0753545e+06 6.3362505e+06 6.2675600e+06 
7.1859750e+06 6.7261840e+06 6.9544695e+06 
2.2681690e+06 4.7611435e+06 4.1533075e+06 
-9.3354640e+06 -9.7399181e+05 -3.0445562e+06 
-2.0053390e+06 2.1811248e+06 1.4367891e+06 
-8.0312390e+06 -6.0194912e+05 -2.3561078e+06 
-6.7675188e+05 3.0095118e+06 2.3378508e+06 
-1.1237037e+07 -1.4697962e+06 -3.8595968e+06 
-4.7153650e+06 7.1074138e+05 -3.6891919e+05 
-5.3891975e+06 4.0015178e+05 -7.9710638e+05 
3.9338178e+06 5.5447750e+06 5.0707750e+06 
4.8839700e+06 5.9154730e+06 5.5885605e+06 
-4.0700015e+06 1.0318072e+06 5.3552535e+04 
-6.0932380e+06 1.0113846e+05 -1.2305251e+06 
2.9613018e+06 5.1263170e+06 4.5503305e+06 
-3.4518180e+06 1.3621418e+06 4.6962272e+05 
-1.0757482e+07 -1.2952600e+06 -3.7298940e+06 
-6.8297450e+06 -1.8522895e+05 -1.6688311e+06 
-1.4696982e+06 2.5290175e+06 1.8208361e+06 
6.9327440e+06 6.6261965e+06 6.7861580e+06 
5.7998510e+06 6.2424895e+06 6.1049975e+06 
-8.8669260e+06 -8.4851319e+05 -2.8029462e+06 
5.4993788e+05 3.8128868e+06 3.1598222e+06 
1.2721344e+06 4.2494495e+06 3.6030360e+06 
-2.8599152e+06 1.7003596e+06 8.7836275e+05 
-1.9225203e+05 3.3534112e+06 2.6900300e+06 
1.9772805e+06 4.6567425e+06 4.0211658e+06 
-7.6015550e+06 -4.5782603e+05 -2.1117338e+06 
-1.0245064e+07 -1.1906205e+06 -3.4930692e+06 
3.6384920e+06 5.4530770e+06 4.9283665e+06 
4.5929975e+06 5.8257195e+06 5.4368335e+06 
-2.2937168e+06 2.0448352e+06 1.2785821e+06 
-9.5835388e+05 2.8779575e+06 2.1929570e+06 
6.6722640e+06 6.5290665e+06 6.6183435e+06 
2.6670830e+06 5.0292680e+06 4.4162185e+06 
5.5184720e+06 6.1516950e+06 5.9447625e+06 
-5.0345990e+06 5.7900688e+05 -5.5107906e+05 
-8.4121500e+06 -7.1537738e+05 -2.5588842e+06 
-5.7188885e+06 2.7133925e+05 -9.8414981e+05 
-9.7479630e+06 -1.0775701e+06 -3.2528850e+06 
-4.3798120e+06 8.9767000e+05 -1.2349124e+05 
-6.4345690e+06 -2.4260879e+04 -1.4222688e+06 
-3.7531450e+06 1.2261852e+06 2.9797891e+05 
-1.7529089e+06 2.3936502e+06 1.6688275e+06 
9.8767094e+05 4.1357432e+06 3.4730088e+06 
2.6891972e+05 3.6914178e+06 3.0264065e+06 
4.2984985e+06 5.7382375e+06 5.2890195e+06 
-7.1841025e+06 -3.0670944e+05 -1.8651284e+06 
1.6885249e+06 4.5513060e+06 3.8923065e+06 
3.3419462e+06 5.3625025e+06 4.7903585e+06 
-4.7130472e+05 3.2252342e+06 2.5512948e+06 
-3.1536500e+06 1.5632605e+06 7.1244688e+05 
6.4046710e+06 6.4350185e+06 6.4515270e+06 
-1.1161416e+07 -1.4624111e+06 -3.8380062e+06 
-9.2657360e+06 -9.5634481e+05 -3.0097342e+06 
5.2316240e+06 6.0639070e+06 5.7873955e+06 
2.3739292e+06 4.9319940e+06 4.2862070e+06 
-7.9705905e+06 -5.7481894e+05 -2.3124530e+06 
-1.2373876e+06 2.7445532e+06 2.0473994e+06 
-2.5807458e+06 1.9073850e+06 1.1187505e+06 
-1.0679748e+07 -1.2869320e+06 -3.7045890e+06 
-5.3549955e+06 4.4752531e+05 -7.3540088e+05 
4.0011822e+06 5.6528195e+06 5.1455770e+06 
6.1301600e+06 6.3442510e+06 6.2862445e+06 
-4.6901925e+06 7.6349369e+05 -3.0267369e+05 
-6.0503620e+06 1.4305617e+05 -1.1733735e+06 
7.0653506e+05 4.0200998e+06 3.3449342e+06 
3.0450488e+06 5.2726745e+06 4.6569845e+06 
-8.6922139e+03 3.5677888e+06 2.8938318e+06 
-2.0341498e+06 2.2567660e+06 1.5154428e+06 
-8.7978480e+06 -8.2719569e+05 -2.7638755e+06 
1.4026088e+06 4.4444330e+06 3.7665065e+06 
-4.0544525e+06 1.0898735e+06 1.2423791e+05 
7.3086400e+06 6.7561795e+06 6.8721960e+06 
-6.7783540e+06 -1.4885656e+05 -1.6162158e+06 
4.9397915e+06 5.9791125e+06 5.6334515e+06 
-1.0167323e+07 -1.1787944e+06 -3.4633618e+06 
-7.4721962e+05 3.0949342e+06 2.4123798e+06 
-3.4467632e+06 1.4254629e+06 5.4450944e+05 
2.0826916e+06 4.8340500e+06 4.1602390e+06 
-7.5416680e+06 -4.2709694e+05 -2.0636639e+06 
-1.5138154e+06 2.6092800e+06 1.9008032e+06 
5.8489920e+06 6.2569270e+06 6.1230660e+06 
-2.8665282e+06 1.7688668e+06 9.5702488e+05 
3.7018612e+06 5.5691845e+06 5.0069335e+06 
-9.6704850e+06 -1.0621198e+06 -3.2187850e+06 
6.9873635e+06 6.5829700e+06 6.7845310e+06 
-8.3437055e+06 -6.9039319e+05 -2.5154585e+06 
2.7487310e+06 5.1831575e+06 4.5283950e+06 
4.6435485e+06 5.8972365e+06 5.4834990e+06 
4.2919600e+05 3.9022240e+06 3.2184172e+06 
1.1201991e+06 4.3357290e+06 3.6434605e+06 
-2.8261956e+05 3.4418155e+06 2.7616670e+06 
-5.6767280e+06 3.1644744e+05 -9.2200138e+05 
-5.0013085e+06 6.2942788e+05 -4.8413194e+05 
-1.1077868e+07 -1.4537655e+06 -3.8135815e+06 
-2.3134890e+06 2.1184265e+06 1.3603611e+06 
-6.3838015e+06 1.5454304e+04 -1.3648832e+06 
-4.3559005e+06 9.5335244e+05 -5.1767332e+04 
-1.0198851e+06 2.9624360e+06 2.2728658e+06 
1.7942161e+06 4.7349705e+06 4.0381602e+06 
5.5615080e+06 6.1731680e+06 5.9625935e+06 
-7.1247945e+06 -2.7249356e+05 -1.8124701e+06 
6.7207020e+06 6.4907745e+06 6.6142110e+06 
-9.1886510e+06 -9.3720769e+05 -2.9712120e+06 
-3.7394078e+06 1.2871030e+06 3.7434431e+05 
3.4014545e+06 5.4869720e+06 4.8734635e+06 
-1.0594001e+07 -1.2774024e+06 -3.6761405e+06 
4.3435715e+06 5.8181350e+06 5.3381140e+06 
-1.7876576e+06 2.4721582e+06 1.7527946e+06 
-7.9026720e+06 -5.4622862e+05 -2.2645465e+06 
2.4539685e+06 5.0934660e+06 4.4046425e+06 
-3.1512018e+06 1.6294009e+06 7.9315156e+05 
1.5605089e+05 3.7818548e+06 3.0930095e+06 
8.4190506e+05 4.2248190e+06 3.5227860e+06 
5.2681335e+06 6.0930420e+06 5.8054570e+06 
6.4463810e+06 6.4022970e+06 6.4451015e+06 
-5.5265819e+05 3.3133558e+06 2.6294535e+06 
-1.0081562e+07 -1.1656096e+06 -3.4302445e+06 
-8.7211710e+06 -8.0437100e+05 -2.7208708e+06 
1.5093216e+06 4.6342865e+06 3.9197162e+06 
-2.5910405e+06 1.9787259e+06 1.2032751e+06 
-5.9999730e+06 1.8592948e+05 -1.1109850e+06 
-5.3133350e+06 4.9563109e+05 -6.6798725e+05 
-1.2892572e+06 2.8277058e+06 2.1323250e+06 
3.1009808e+06 5.4057420e+06 4.7454630e+06 
4.0406628e+06 5.7415835e+06 5.1978685e+06 
-6.7193920e+06 -1.1131160e+05 -1.5587766e+06 
-4.6576650e+06 8.1678106e+05 -2.3018533e+05 
2.1617575e+06 5.0030765e+06 4.2856660e+06 
-4.0317578e+06 1.1483365e+06 2.0176523e+05 
-7.4740940e+06 -3.9501522e+05 -2.0111314e+06 
6.1645800e+06 6.3177865e+06 6.2778125e+06 
4.9693810e+06 6.0165550e+06 5.6523135e+06 
-2.0589910e+06 2.3332450e+06 1.6030072e+06 
-9.5848870e+06 -1.0452120e+06 -3.1810308e+06 
-1.1258384e+05 3.6587722e+06 2.9682195e+06 
5.6826288e+05 4.1113565e+06 3.4040298e+06 
-3.4349358e+06 1.4891319e+06 6.2689688e+05 
-8.2673465e+06 -6.6394012e+05 -2.4678858e+06 
-1.0985531e+07 -1.4437581e+06 -3.7860175e+06 
-8.1868181e+05 3.1823115e+06 2.4967130e+06 
1.2287770e+06 4.5315370e+06 3.8045548e+06 
2.8015422e+06 5.3249800e+06 4.6231240e+06 
3.7357660e+06 5.6672615e+06 5.0633035e+06 
-2.8669600e+06 1.8377889e+06 1.0438951e+06 
5.8755535e+06 6.2374530e+06 6.1130015e+06 
-1.5553602e+06 2.6907532e+06 1.9903309e+06 
-9.1032630e+06 -9.1657244e+05 -2.9288145e+06 
1.8730862e+06 4.9114435e+06 4.1712850e+06 
4.6658645e+06 5.9436445e+06 5.5038545e+06 
-5.6264515e+06 3.6226822e+05 -8.5434425e+05 
-1.0499370e+07 -1.2665780e+06 -3.6442678e+06 
-6.3249090e+06 5.6130609e+04 -1.3024440e+06 
-4.9599305e+06 6.8032919e+05 -4.1114447e+05 
7.0865610e+06 6.5817675e+06 6.6714320e+06 
-7.0573190e+06 -2.3708597e+05 -1.7551436e+06 
-4.3240055e+06 1.0093348e+06 2.6608572e+04 
-2.3279458e+06 2.1926348e+06 1.4510889e+06 
2.9972275e+05 3.9950358e+06 3.2866780e+06 
-3.7647900e+05 3.5328035e+06 2.8435238e+06 
-7.8264540e+06 -5.1626494e+05 -2.2122960e+06 
3.4299735e+06 5.5947450e+06 4.9348945e+06 
9.5327969e+05 4.4262845e+06 3.6922322e+06 
2.5042970e+06 5.2441080e+06 4.5065100e+06 
5.5796540e+06 6.1614670e+06 5.9513695e+06 
-3.7179258e+06 1.3482266e+06 4.5805084e+05 
-1.0806434e+06 3.0486318e+06 2.3629580e+06 
-9.9868920e+06 -1.1510026e+06 -3.3934752e+06 
4.3583350e+06 5.8741680e+06 5.3608075e+06 
6.7528260e+06 6.4102830e+06 6.5820070e+06 
-8.6359240e+06 -7.8006675e+05 -2.6737920e+06 
1.5889052e+06 4.8180160e+06 4.0611980e+06 
-1.8182835e+06 2.5516300e+06 1.8464645e+06 
-3.1414398e+06 1.6957694e+06 8.8195456e+05 
-5.9408380e+06 2.2950750e+05 -1.0432910e+06 
-6.6517120e+06 -7.2789547e+04 -1.4964586e+06 
5.2773205e+06 6.0899300e+06 5.7936565e+06 
-5.2628880e+06 5.4417444e+05 -5.9475212e+05 
3.1245142e+06 5.5235050e+06 4.8130105e+06 
-9.4902600e+06 -1.0268155e+06 -3.1394198e+06 
3.6638684e+04 3.8755982e+06 3.1701678e+06 
6.4692020e+06 6.3275415e+06 6.4089730e+06 
2.2104242e+06 5.1625035e+06 4.3955415e+06 
-7.3977635e+06 -3.6171441e+05 -1.9540674e+06 
-6.3549644e+05 3.4038258e+06 2.7183765e+06 
-1.0883568e+07 -1.4322900e+06 -3.7550155e+06 
-2.5947008e+06 2.0504572e+06 1.2967084e+06 
-4.6163550e+06 8.7028212e+05 -1.5126467e+05 
6.8343731e+05 4.3181275e+06 3.5822225e+06 
4.0477218e+06 5.8078755e+06 5.2239070e+06 
-1.3385744e+06 2.9123140e+06 2.2277015e+06 
-8.1820745e+06 -6.3608762e+05 -2.4160592e+06 
-4.0003890e+06 1.2068711e+06 2.8643034e+05 
1.3100991e+06 4.7222570e+06 3.9549852e+06 
4.9690755e+06 6.0228770e+06 5.6406575e+06 
-1.0395012e+07 -1.2543688e+06 -3.6086975e+06 
-2.0781785e+06 2.4104300e+06 1.7003235e+06 
6.1773710e+06 6.2496625e+06 6.2381105e+06 
-3.4147042e+06 1.5528466e+06 7.1721475e+05 
-9.0086380e+06 -8.9444444e+05 -2.8823790e+06 
2.8207240e+06 5.4529155e+06 4.6978785e+06 
3.7351650e+06 5.7443895e+06 5.0938530e+06 
1.9210845e+06 5.0795205e+06 4.2899885e+06 
-2.2073850e+05 3.7528388e+06 3.0538995e+06 
-6.2566705e+06 9.7517617e+04 -1.2348991e+06 
-8.8959019e+05 3.2717700e+06 2.5922225e+06 
4.1975241e+05 4.2067125e+06 3.4739305e+06 
-5.5667290e+06 4.0849838e+05 -7.8109400e+05 
-6.9805515e+06 -2.0067342e+05 -1.6930985e+06 
-2.8594785e+06 1.9068752e+06 1.1395609e+06 
-4.9090170e+06 7.3137212e+05 -3.3196750e+05 
-9.8824480e+06 -1.1349162e+06 -3.3528230e+06 
-7.7409005e+06 -4.8504578e+05 -2.1556260e+06 
4.6555660e+06 5.9602720e+06 5.4932530e+06 
-1.5925821e+06 2.7734038e+06 2.0904659e+06 
5.8775640e+06 6.1769260e+06 6.0701890e+06 
1.0374598e+06 4.6236615e+06 3.8521192e+06 
-4.2825570e+06 1.0652665e+06 1.1188170e+05 
2.5200028e+06 5.3822755e+06 4.5895535e+06 
-8.5411500e+06 -7.5433112e+05 -2.6225158e+06 
3.4220185e+06 5.6831860e+06 4.9712470e+06 
-2.3352538e+06 2.2672875e+06 1.5515290e+06 
1.6373812e+06 4.9945135e+06 4.1894715e+06 
-3.6870030e+06 1.4092222e+06 5.4946800e+05 
-4.7226469e+05 3.6266105e+06 2.9372512e+06 
-1.0771170e+07 -1.4192659e+06 -3.7202848e+06 
5.5701515e+06 6.1095755e+06 5.9060355e+06 
1.6261158e+05 4.0917415e+06 3.3667070e+06 
4.3376420e+06 5.9019785e+06 5.3524055e+06 
-9.3857210e+06 -1.0069102e+06 -3.0937645e+06 
-1.1388052e+06 3.1366215e+06 2.4645078e+06 
-6.5741170e+06 -3.3535238e+04 -1.4292246e+06 
7.7166500e+05 4.5217690e+06 3.7519795e+06 
-3.1225395e+06 1.7620808e+06 9.7937331e+05 
-5.8716390e+06 2.7348378e+05 -9.7023438e+05 
6.8230965e+06 6.3706070e+06 6.4304430e+06 
-7.3115880e+06 -3.2736791e+05 -1.8924238e+06 
-1.8428460e+06 2.6319938e+06 1.9507926e+06 
-5.2022040e+06 5.9280419e+05 -5.1558612e+05 
2.2237610e+06 5.3108335e+06 4.4879025e+06 
3.1098200e+06 5.6236000e+06 4.8565330e+06 
-8.0868975e+06 -6.0693375e+05 -2.3598938e+06 
-4.5646700e+06 9.2362581e+05 -6.5717609e+04 
-1.0280115e+07 -1.2406891e+06 -3.5691680e+06 
1.3603244e+06 4.9068610e+06 4.0934708e+06 
5.2555575e+06 6.0477515e+06 5.7465290e+06 
4.0164418e+06 5.8477100e+06 5.2191030e+06 
-2.5897692e+06 2.1223732e+06 1.3997322e+06 
-8.9038710e+06 -8.7084712e+05 -2.8317620e+06 
-3.9586042e+06 1.2651169e+06 3.7854131e+05 
6.4730620e+06 6.2009590e+06 6.3386625e+06 
-7.1790300e+05 3.4968270e+06 2.8195918e+06 
-8.7721180e+04 3.9729795e+06 3.2598655e+06 
-1.3832744e+06 2.9984190e+06 2.3346900e+06 
5.1326262e+05 4.4161800e+06 3.6538695e+06 
2.8002360e+06 5.5648455e+06 4.7499445e+06 
1.9333654e+06 5.2378215e+06 4.3926005e+06 
-9.7674020e+06 -1.1173025e+06 -3.3080722e+06 
-3.3841740e+06 1.6162926e+06 8.1590838e+05 
4.9342610e+06 5.9915380e+06 5.5926775e+06 
-2.0896111e+06 2.4882212e+06 1.8082496e+06 
-6.1777950e+06 1.3931080e+05 -1.1622170e+06 
-6.8933345e+06 -1.6349020e+05 -1.6263096e+06 
3.6934335e+06 5.7969830e+06 5.0942650e+06 
-5.4961220e+06 4.5477969e+05 -7.0217975e+05 
1.0907989e+06 4.8159850e+06 4.0013435e+06 
-7.6449705e+06 -4.5272650e+05 -2.0944868e+06 
6.1675275e+06 6.1300235e+06 6.1619415e+06 
-4.8469710e+06 7.8217000e+05 -2.4645761e+05 
-8.4359100e+06 -7.2723831e+05 -2.5669432e+06 
-2.8420282e+06 1.9758930e+06 1.2446202e+06 
-3.3110716e+05 3.8502585e+06 3.1526960e+06 
-9.5772138e+05 3.3634618e+06 2.7002930e+06 
-1.0647570e+07 -1.4045952e+06 -3.6815462e+06 
2.4949880e+06 5.5060495e+06 4.6514770e+06 
-4.2297880e+06 1.1207654e+06 2.0429823e+05 
4.6069215e+06 5.9409635e+06 5.4456925e+06 
1.6500879e+06 5.1624850e+06 4.3031415e+06 
2.6265909e+05 4.3065615e+06 3.5570370e+06 
-1.6232122e+06 2.8572535e+06 2.2022488e+06 
-9.2704180e+06 -9.8549175e+05 -3.0438982e+06 
5.8529720e+06 6.0655295e+06 5.9887230e+06 
3.3703938e+06 5.7491055e+06 4.9786355e+06 
8.2954200e+05 4.7213720e+06 3.9123448e+06 
-3.6446958e+06 1.4697516e+06 6.4896850e+05 
-2.3331820e+06 2.3422655e+06 1.6624392e+06 
-6.4853605e+06 6.1538682e+03 -1.3570659e+06 
-7.2144625e+06 -2.9219444e+05 -1.8261836e+06 
-1.0153912e+07 -1.2254611e+06 -3.5254342e+06 
-5.7909680e+06 3.1749803e+05 -8.9178106e+05 
4.2745685e+06 5.8959115e+06 5.3069490e+06 
-7.9808325e+06 -5.7661131e+05 -2.2993345e+06 
2.1957730e+06 5.4462960e+06 4.5608745e+06 
5.5298155e+06 6.0078390e+06 5.8199930e+06 
-5.1296980e+06 6.4112312e+05 -4.3039541e+05 
-5.6753162e+05 3.7234775e+06 3.0444840e+06 
-3.0923712e+06 1.8280818e+06 1.0859211e+06 
1.3750619e+06 5.0841125e+06 4.2188580e+06 
-1.1918876e+06 3.2265485e+06 2.5787430e+06 
3.0493338e+06 5.7031935e+06 4.8726970e+06 
-8.7880840e+06 -8.4582719e+05 -2.7768482e+06 
2.0114781e+04 4.1926545e+06 3.4606928e+06 
-1.8589092e+06 2.7132655e+06 2.0666949e+06 
-4.5008375e+06 9.7641300e+05 2.6640818e+04 
5.7712725e+05 4.6225815e+06 3.8256510e+06 
-9.6409700e+06 -1.0981262e+06 -3.2590308e+06 
3.9387470e+06 5.8560080e+06 5.1778280e+06 
5.1983365e+06 5.9571125e+06 5.6568140e+06 
-2.5739138e+06 2.1943440e+06 1.5130040e+06 
-3.9044335e+06 1.3227160e+06 4.7839862e+05 
1.9041904e+06 5.3846715e+06 4.4776435e+06 
-6.7944780e+06 -1.2582160e+05 -1.5547876e+06 
2.7323872e+06 5.6582205e+06 4.7766125e+06 
1.1092488e+06 5.0020615e+06 4.1389458e+06 
-7.5376235e+06 -4.1950559e+05 -2.0288665e+06 
-6.0869220e+06 1.8115284e+05 -1.0843976e+06 
6.5067725e+06 6.1127000e+06 6.1378125e+06 
-7.9709956e+05 3.5926032e+06 2.9345225e+06 
-1.0512050e+07 -1.3881955e+06 -3.6385370e+06 
-1.4206628e+06 3.0861772e+06 2.4543562e+06 
-2.1425644e+05 4.0742770e+06 3.3640302e+06 
-8.3192910e+06 -6.9889469e+05 -2.5070112e+06 
-3.3411660e+06 1.6792009e+06 9.2340769e+05 
-5.4130790e+06 5.0070878e+05 -6.1755538e+05 
4.8588240e+06 5.9135590e+06 5.5006040e+06 
3.6015290e+06 5.8205580e+06 5.0595260e+06 
-2.0907229e+06 2.5666415e+06 1.9275774e+06 
3.3395562e+05 4.5192570e+06 3.7403860e+06 
-9.1435510e+06 -9.6257612e+05 -2.9896855e+06 
-4.7720340e+06 8.3231050e+05 -1.5448975e+05 
1.6216775e+06 5.3203050e+06 4.4010735e+06 
6.1345960e+06 5.9449265e+06 6.0427220e+06 
2.4216920e+06 5.6130790e+06 4.6902060e+06 
-2.8122048e+06 2.0447082e+06 1.3596322e+06 
-4.1637232e+06 1.1754578e+06 3.0408797e+05 
-1.0015696e+07 -1.2086165e+06 -3.4772740e+06 
8.5341500e+05 4.9157730e+06 4.0624962e+06 
4.5119550e+06 5.8773745e+06 5.3532515e+06 
-1.0200284e+06 3.4576668e+06 2.8221270e+06 
3.2654078e+06 5.7885580e+06 4.9528865e+06 
-4.4048294e+05 3.9513218e+06 3.2662448e+06 
-7.1052690e+06 -2.5646220e+05 -1.7553736e+06 
-1.6443922e+06 2.9424920e+06 2.3265835e+06 
-6.3841425e+06 4.5928379e+04 -1.2800132e+06 
-7.8629180e+06 -5.4529406e+05 -2.2343705e+06 
-3.5888000e+06 1.5295332e+06 7.5690088e+05 
5.7997960e+06 5.8893055e+06 5.8608705e+06 
-5.6973235e+06 3.6114534e+05 -8.0793031e+05 
1.0025434e+05 4.4111290e+06 3.6556442e+06 
-8.6604460e+06 -8.1946050e+05 -2.7175612e+06 
-2.3190690e+06 2.4176098e+06 1.7844910e+06 
1.3494638e+06 5.2524040e+06 4.3302780e+06 
2.1192752e+06 5.5666485e+06 4.6129755e+06 
-5.0436480e+06 6.8870962e+05 -3.3911297e+05 
-9.5024310e+06 -1.0773696e+06 -3.2055380e+06 
4.1592155e+06 5.8484535e+06 5.2168745e+06 
6.0812038e+05 4.8247860e+06 3.9885300e+06 
-3.0484862e+06 1.8936391e+06 1.2020629e+06 
2.9331148e+06 5.7587620e+06 4.8582995e+06 
-4.4228990e+06 1.0282568e+06 1.2597162e+05 
5.4549920e+06 5.8424845e+06 5.6843350e+06 
-1.2366392e+06 3.3187598e+06 2.7066460e+06 
-6.5872769e+05 3.8237558e+06 3.1665485e+06 
-1.0363959e+07 -1.3699951e+06 -3.5910178e+06 
-1.8634969e+06 2.7956855e+06 2.1949195e+06 
-1.2391894e+05 4.2980150e+06 3.5705150e+06 
-7.4178290e+06 -3.8562931e+05 -1.9588029e+06 
1.8269614e+06 5.5178580e+06 4.5441330e+06 
-6.6827630e+06 -8.8004172e+04 -1.4785908e+06 
1.0885382e+06 5.1802785e+06 4.2642330e+06 
-3.8356710e+06 1.3793776e+06 5.8627244e+05 
-8.1904215e+06 -6.6944469e+05 -2.4427042e+06 
3.8030498e+06 5.8261740e+06 5.0934185e+06 
-2.5444120e+06 2.2664358e+06 1.6370815e+06 
-5.9826175e+06 2.2264183e+05 -1.0014828e+06 
5.0997920e+06 5.8045315e+06 5.5144755e+06 
2.6074178e+06 5.7297900e+06 4.7756660e+06 
-9.0043760e+06 -9.3820500e+05 -2.9310315e+06 
3.7371528e+05 4.7287420e+06 3.9160258e+06 
-5.3159315e+06 5.4585844e+05 -5.2720969e+05 
-3.2832132e+06 1.7414421e+06 1.0400884e+06 
-9.8648330e+06 -1.1901010e+06 -3.4244975e+06 
-4.6822865e+06 8.8139638e+05 -5.5969312e+04 
-8.6927794e+05 3.6916142e+06 3.0641855e+06 
-1.4473458e+06 3.1760305e+06 2.5874715e+06 
3.4466938e+06 5.8093695e+06 4.9843055e+06 
1.5463054e+06 5.4657340e+06 4.4826550e+06 
-2.0784621e+06 2.6459948e+06 2.0589102e+06 
-3.3866694e+05 4.1798162e+06 3.4841012e+06 
8.3963481e+05 5.1033560e+06 4.2018235e+06 
4.7340080e+06 5.7761090e+06 5.3537190e+06 
2.2909398e+06 5.7002315e+06 4.7044275e+06 
-4.0821788e+06 1.2290445e+06 4.1144609e+05 
-2.7672552e+06 2.1134180e+06 1.4850502e+06 
-7.7322225e+06 -5.1320141e+05 -2.1650455e+06 
-6.9828845e+06 -2.2048998e+05 -1.6800745e+06 
1.5034627e+05 4.6273840e+06 3.8439525e+06 
-8.5201860e+06 -7.9185812e+05 -2.6538755e+06 
-6.2691190e+06 8.5393914e+04 -1.1981474e+06 
6.1198850e+06 5.7933190e+06 5.7761225e+06 
-5.5891115e+06 4.0399641e+05 -7.1872369e+05 
-9.3511440e+06 -1.0550372e+06 -3.1474755e+06 
3.0938310e+06 5.7964515e+06 4.8902415e+06 
4.3586120e+06 5.7578180e+06 5.2054475e+06 
-3.5168558e+06 1.5884428e+06 8.7355775e+05 
1.2785512e+06 5.4094355e+06 4.4273460e+06 
-1.0725328e+06 3.5549950e+06 2.9584425e+06 
-1.6526432e+06 3.0296778e+06 2.4640458e+06 
6.0322919e+05 5.0211885e+06 4.1418840e+06 
1.9860179e+06 5.6687440e+06 4.6436310e+06 
-4.9421925e+06 7.3515806e+05 -2.4170791e+05 
-5.4424044e+05 4.0565112e+06 3.3955382e+06 
-1.0202738e+07 -1.3499376e+06 -3.5387798e+06 
-2.2898272e+06 2.4936968e+06 1.9181578e+06 
5.7167250e+06 5.6276540e+06 5.6763785e+06 
-6.2032199e+04 4.5205515e+06 3.7712925e+06 
-4.3287140e+06 1.0788502e+06 2.3239862e+05 
-2.9881298e+06 1.9588818e+06 1.3281578e+06 
2.7482162e+06 5.7856005e+06 4.8111715e+06 
3.9764462e+06 5.7493740e+06 5.0730275e+06 
-7.2845750e+06 -3.5139366e+05 -1.8843946e+06 
-8.0484850e+06 -6.3907619e+05 -2.3740662e+06 
-6.5569495e+06 -5.0420199e+04 -1.3978342e+06 
1.0246146e+06 5.3482730e+06 4.3768980e+06 
-8.8522370e+06 -9.1245212e+05 -2.8678945e+06 
1.6946092e+06 5.6341250e+06 4.5920160e+06 
5.3417075e+06 5.5928655e+06 5.4866130e+06 
3.7954856e+05 4.9334515e+06 4.0832358e+06 
-5.8633830e+06 2.6334984e+05 -9.1356350e+05 
-1.2689902e+06 3.4140528e+06 2.8486590e+06 
-3.7498878e+06 1.4349809e+06 7.0237850e+05 
-1.8530964e+06 2.8799452e+06 2.3358690e+06 
-9.7007910e+06 -1.1698788e+06 -3.3669568e+06 
-7.4102319e+05 3.9281495e+06 3.3040062e+06 
-5.2028980e+06 5.8981638e+05 -4.3117259e+05 
-2.4981745e+06 2.3391030e+06 1.7723254e+06 
3.5920110e+06 5.7493965e+06 4.9589330e+06 
2.4133585e+06 5.7749590e+06 4.7463535e+06 
-2.6364159e+05 4.4081745e+06 3.6970640e+06 
4.9515750e+06 5.5694500e+06 5.3050560e+06 
-3.2075858e+06 1.8031760e+06 1.1662265e+06 
7.8508475e+05 5.2817160e+06 4.3299500e+06 
-4.5756520e+06 9.2911250e+05 4.9159684e+04 
1.4182422e+06 5.5953570e+06 4.5481100e+06 
1.6858775e+05 4.8399360e+06 4.0247212e+06 
-7.5878635e+06 -4.8060175e+05 -2.0914704e+06 
-8.3666165e+06 -7.6317206e+05 -2.5858292e+06 
-6.8461920e+06 -1.8464331e+05 -1.6004322e+06 
-1.4592332e+06 3.2689922e+06 2.7342328e+06 
3.2106905e+06 5.7556745e+06 4.8643360e+06 
-9.1865740e+06 -1.0311615e+06 -3.0847798e+06 
-9.2951588e+05 3.7948422e+06 3.2087418e+06 
-2.0493276e+06 2.7271172e+06 2.2025032e+06 
2.0923009e+06 5.7627935e+06 4.6944905e+06 
-6.1389035e+06 1.2412752e+05 -1.1116056e+06 
-3.9827775e+06 1.2814060e+06 5.2651731e+05 
4.5457165e+06 5.5598750e+06 5.1370690e+06 
-4.5486019e+05 4.2902615e+06 3.6203378e+06 
-2.7041190e+06 2.1825540e+06 1.6211400e+06 
-1.0027940e+07 -1.3279869e+06 -3.4816565e+06 
-5.4646515e+06 4.4563397e+05 -6.2424912e+05 
5.6024100e+05 5.2093865e+06 4.2851350e+06 
1.1580035e+06 5.5516330e+06 4.5103170e+06 
-3.4261802e+06 1.6466666e+06 9.9914262e+05 
2.8379398e+06 5.7655985e+06 4.7890925e+06 
-2.9867773e+04 4.7405375e+06 3.9652290e+06 
-4.8233415e+06 7.8014406e+05 -1.3818891e+05 
1.7874974e+06 5.7475970e+06 4.6538900e+06 
4.1268842e+06 5.5653295e+06 4.9891820e+06 
-1.6439160e+06 3.1200615e+06 2.6146270e+06 
-1.1103196e+06 3.6567545e+06 3.1090455e+06 
-7.8927400e+06 -6.0802519e+05 -2.3012148e+06 
-7.1368860e+06 -3.1714259e+05 -1.8058129e+06 
-8.6865840e+06 -8.8542912e+05 -2.8003012e+06 
-2.2420048e+06 2.5715120e+06 2.0635760e+06 
-4.2159795e+06 1.1280715e+06 3.4600072e+05 
-6.3620250e+05 4.1668885e+06 3.5402492e+06 
-6.4157860e+06 -1.3483822e+04 -1.3126980e+06 
-9.5231700e+06 -1.1479382e+06 -3.3045595e+06 
9.1455350e+05 5.5023555e+06 4.4769985e+06 
3.5007962e+05 5.1310500e+06 4.2411245e+06 
-2.9082962e+06 2.0244156e+06 1.4643950e+06 
5.6365505e+06 5.3899595e+06 5.3174960e+06 
2.4786802e+06 5.7765550e+06 4.7319655e+06 
-5.7276600e+06 3.0285656e+05 -8.2078306e+05 
3.7018462e+06 5.5842615e+06 4.8661675e+06 
1.5007675e+06 5.7281520e+06 4.6226175e+06 
-2.1621638e+05 4.6352405e+06 3.9037135e+06 
-3.6444685e+06 1.4897328e+06 8.2685738e+05 
-5.0720980e+06 6.3224800e+05 -3.2951466e+05 
-1.8237508e+06 2.9675455e+06 2.4893715e+06 
-1.2841191e+06 3.5140962e+06 3.0042870e+06 
5.1855695e+06 5.2249415e+06 5.2084010e+06 
-2.4318305e+06 2.4134778e+06 1.9187826e+06 
2.1369560e+06 5.7862060e+06 4.6909315e+06 
6.8815950e+05 5.4471255e+06 4.4465375e+06 
-8.0829825e+05 4.0381898e+06 3.4560068e+06 
-8.1991525e+06 -7.3360062e+05 -2.5135395e+06 
1.5434711e+05 5.0465935e+06 4.1966570e+06 
-7.4290230e+06 -4.4781247e+05 -2.0138358e+06 
3.2794312e+06 5.6131440e+06 4.7699415e+06 
-9.0083230e+06 -1.0058096e+06 -3.0174572e+06 
-4.4499230e+06 9.7532950e+05 1.6091461e+05 
-6.6940940e+06 -1.4932333e+05 -1.5166641e+06 
1.2333089e+06 5.7035450e+06 4.5986320e+06 
-3.1113535e+06 1.8650738e+06 1.3019520e+06 
-9.8392710e+06 -1.3041334e+06 -3.4195372e+06 
-3.9101291e+05 4.5241060e+06 3.8392102e+06 
-5.9920825e+06 1.6170789e+05 -1.0205832e+06 
4.7392240e+06 5.2176240e+06 5.0069400e+06 
-3.8629932e+06 1.3327609e+06 6.4938762e+05 
1.8158001e+06 5.7926435e+06 4.6634905e+06 
2.8683750e+06 5.6477330e+06 4.6998170e+06 
-5.3221930e+06 4.8571222e+05 -5.2463681e+05 
-1.4516679e+06 3.3671158e+06 2.8939075e+06 
4.7874203e+05 5.3857205e+06 4.4173910e+06 
-1.9994951e+06 2.8117620e+06 2.3580665e+06 
-2.7423775e+04 4.9560080e+06 4.1505635e+06 
-9.7187225e+05 3.9043438e+06 3.3668968e+06 
-2.6195305e+06 2.2533880e+06 1.7678881e+06 
9.8574681e+05 5.6731555e+06 4.5798960e+06 
4.2680060e+06 5.2342260e+06 4.8309405e+06 
-8.5070070e+06 -8.5729175e+05 -2.7283600e+06 
-4.6850035e+06 8.2352556e+05 -2.8596930e+04 
-7.7225465e+06 -5.7657700e+05 -2.2243530e+06 
-5.5494181e+05 4.4072515e+06 3.7708428e+06 
-9.3317330e+06 -1.1242975e+06 -3.2372848e+06 
-3.3139385e+06 1.7049299e+06 1.1337419e+06 
-6.9738390e+06 -2.8325972e+05 -1.7233081e+06 
1.5172456e+06 5.7944415e+06 4.6469260e+06 
2.4760188e+06 5.6840050e+06 4.6532610e+06 
-6.2580240e+06 2.2385293e+04 -1.2234261e+06 
2.8592531e+05 5.3180635e+06 4.3881255e+06 
-4.0822752e+06 1.1761401e+06 4.6681588e+05 
3.7813928e+06 5.2743510e+06 4.6917690e+06 
7.5820488e+05 5.6366245e+06 4.5644595e+06 
-1.6137730e+06 3.2160920e+06 2.7774215e+06 
-1.9587683e+05 4.8593645e+06 4.1017802e+06 
-2.1719410e+06 2.6530552e+06 2.2203822e+06 
-5.5738495e+06 3.4080397e+05 -7.2332919e+05 
-1.1277255e+06 3.7655652e+06 3.2722858e+06 
-2.8058438e+06 2.0916375e+06 1.6107280e+06 
2.1078102e+06 5.7186625e+06 4.6266810e+06 
1.2424175e+06 5.7906445e+06 4.6385095e+06 
-7.0879112e+05 4.2848415e+06 3.6978285e+06 
-4.9215745e+06 6.7299300e+05 -2.2233328e+05 
-3.5166895e+06 1.5443965e+06 9.5976512e+05 
-8.8161670e+06 -9.7908962e+05 -2.9456005e+06 
-8.0173480e+06 -7.0339169e+05 -2.4372155e+06 
3.2960890e+06 5.3311800e+06 4.5928425e+06 
-7.2549735e+06 -4.1519450e+05 -1.9324199e+06 
-9.6366280e+06 -1.2784021e+06 -3.3523810e+06 
1.0909036e+05 5.2441945e+06 4.3574405e+06 
5.5038450e+05 5.5938085e+06 4.5505170e+06 
-3.5179688e+05 4.7567955e+06 4.0493582e+06 
-6.5255310e+06 -1.1494480e+05 -1.4290604e+06 
-1.7712829e+06 3.0613302e+06 2.6544155e+06 
-4.3028035e+06 1.0202571e+06 2.7928962e+05 
-2.3419032e+06 2.4917935e+06 2.0760600e+06 
1.7673066e+06 5.7493055e+06 4.6160495e+06 
-1.2767175e+06 3.6220962e+06 3.1716192e+06 
9.9166594e+05 5.7807115e+06 4.6356430e+06 
5.0021025e+06 4.8600620e+06 4.6994945e+06 
-5.8272315e+06 1.9776484e+05 -9.2532419e+05 
-2.9915125e+06 1.9286390e+06 1.4472094e+06 
2.8282395e+06 5.3964785e+06 4.5313590e+06 
-8.5342894e+05 4.1570692e+06 3.6194768e+06 
-5.2574461e+04 5.1642385e+06 4.3241835e+06 
-5.1599375e+06 5.2404716e+05 -4.2003978e+05 
3.6164591e+05 5.5447370e+06 4.5364455e+06 
-3.7202262e+06 1.3838935e+06 7.8009288e+05 
-8.3132685e+06 -8.2824475e+05 -2.6522782e+06 
-9.1264560e+06 -1.0990125e+06 -3.1652000e+06 
-4.9607666e+05 4.6484725e+06 3.9924638e+06 
1.4564116e+06 5.7743990e+06 4.6173435e+06 
4.4342750e+06 4.6894845e+06 4.5903885e+06 
-7.5373915e+06 -5.4506444e+05 -2.1437810e+06 
7.6471056e+05 5.7644395e+06 4.6359540e+06 
-1.9250751e+06 2.9031565e+06 2.5245478e+06 
2.3897305e+06 5.4633460e+06 4.5012895e+06 
-6.7945855e+06 -2.5015083e+05 -1.6372121e+06 
-1.4197519e+06 3.4741992e+06 3.0644192e+06 
-2.5102100e+06 2.3283652e+06 1.9249118e+06 
-4.5250250e+06 8.6549069e+05 8.7020414e+04 
-9.8978256e+05 4.0241505e+06 3.5351882e+06 
-3.1772728e+06 1.7648190e+06 1.2773114e+06 
-6.0824390e+06 5.6805578e+04 -1.1303174e+06 
-2.0002611e+05 5.0783775e+06 4.2873505e+06 
1.9108488e+05 5.4895610e+06 4.5208230e+06 
3.8519058e+06 4.7489675e+06 4.4176715e+06 
1.1756971e+06 5.7931440e+06 4.6268175e+06 
1.9877895e+06 5.5270235e+06 4.4955560e+06 
-3.9251392e+06 1.2238425e+06 5.9486631e+05 
-6.2968719e+05 4.5345910e+06 3.9303752e+06 
-5.4003335e+06 3.7698025e+05 -6.2141106e+05 
5.6077950e+05 5.7418840e+06 4.6373480e+06 
-8.6100970e+06 -9.5115744e+05 -2.8694062e+06 
-9.4201520e+06 -1.2508612e+06 -3.2802375e+06 
-7.8209260e+06 -6.7284388e+05 -2.3571718e+06 
-2.0760475e+06 2.7419165e+06 2.3875458e+06 
-1.5577631e+06 3.3221520e+06 2.9502822e+06 
-2.6776945e+06 2.1631775e+06 1.7668204e+06 
3.2614992e+06 4.8413515e+06 4.3139465e+06 
-7.0651005e+06 -3.8313962e+05 -1.8475918e+06 
-4.7493365e+06 7.1220606e+05 -1.0971805e+05 
-1.1188201e+06 3.8863102e+06 3.4444478e+06 
3.7602688e+04 5.4285140e+06 4.5024335e+06 
9.2472019e+05 5.8053090e+06 4.6411540e+06 
-3.3432478e+05 4.9868230e+06 4.2460875e+06 
-3.3638460e+06 1.6006156e+06 1.1010850e+06 
1.6258354e+06 5.5847610e+06 4.5072815e+06 
-6.3395015e+06 -8.1898703e+04 -1.3379728e+06 
3.7873638e+05 5.7132810e+06 4.6380300e+06 
-7.5365212e+05 4.4153550e+06 3.8624780e+06 
-4.1319812e+06 1.0646634e+06 4.0429653e+05 
2.7019510e+06 4.9467010e+06 4.2689880e+06 
-5.6429375e+06 2.3205533e+05 -8.2609500e+05 
-2.2251082e+06 2.5779720e+06 2.2432055e+06 
-1.6917055e+06 3.1662442e+06 2.8288735e+06 
7.0230494e+05 5.8110695e+06 4.6575285e+06 
-8.9075750e+06 -1.0721836e+06 -3.0884812e+06 
1.3045405e+06 5.6353655e+06 4.5303965e+06 
-8.1053485e+06 -7.9854575e+05 -2.5723770e+06 
-1.0003282e+05 5.3618710e+06 4.4802615e+06 
-2.8451862e+06 1.9966529e+06 1.6017392e+06 
-4.5659747e+05 4.8897985e+06 4.1996775e+06 
-1.2415360e+06 3.7437798e+06 3.3468192e+06 
-4.9760750e+06 5.6074950e+05 -3.1059216e+05 
-7.3369195e+06 -5.1385944e+05 -2.0599001e+06 
2.1718970e+05 5.6789770e+06 4.6365080e+06 
-3.5519285e+06 1.4364742e+06 9.1865462e+05 
2.1958402e+06 5.0514560e+06 4.2664985e+06 
-8.6902619e+05 4.2909680e+06 3.7882550e+06 
-6.5983740e+06 -2.1821298e+05 -1.5479286e+06 
5.0677469e+05 5.8108580e+06 4.6736195e+06 
1.0227449e+06 5.6787175e+06 4.5598560e+06 
-4.3412570e+06 9.0676850e+05 2.0866377e+05 
-5.8878480e+06 8.9501047e+04 -1.0336975e+06 
-2.2313514e+05 5.2899200e+06 4.4534805e+06 
-1.8225456e+06 3.0067758e+06 2.6999235e+06 
-2.3731702e+06 2.4117012e+06 2.0913885e+06 
3.8712542e+06 4.0815758e+06 3.9389945e+06 
-5.6800719e+05 4.7875190e+06 4.1475320e+06 
7.4584992e+04 5.6393735e+06 4.6315750e+06 
1.7515991e+06 5.1490430e+06 4.2914585e+06 
-1.3589384e+06 3.5967898e+06 3.2419380e+06 
-3.0135035e+06 1.8292288e+06 1.4296929e+06 
-9.1902800e+06 -1.2216324e+06 -3.2032665e+06 
-8.3903690e+06 -9.2222219e+05 -2.7891930e+06 
-5.2055080e+06 4.1144241e+05 -5.1521162e+05 
-7.6098140e+06 -6.4230212e+05 -2.2738360e+06 
-9.7687781e+05 4.1616210e+06 3.7072755e+06 
-3.7421840e+06 1.2728451e+06 7.3021744e+05 
7.7814688e+05 5.7153580e+06 4.5916515e+06 
3.3613819e+05 5.8052500e+06 4.6875805e+06 
-6.8589300e+06 -3.5204634e+05 -1.7598049e+06 
3.2057022e+06 3.9829215e+06 3.9049542e+06 
1.3694341e+06 5.2374740e+06 4.3320355e+06 
-3.3305612e+05 5.2129340e+06 4.4214330e+06 
-4.5534140e+06 7.5055775e+05 8.3161084e+03 
-5.0720180e+04 5.5948810e+06 4.6222855e+06 
-6.6972831e+05 4.6801790e+06 4.0891748e+06 
-1.9512546e+06 2.8440568e+06 2.5632238e+06 
-6.1350820e+06 -5.0493887e+04 -1.2437885e+06 
-2.5211435e+06 2.2434982e+06 1.9320221e+06 
-1.4720408e+06 3.4455698e+06 3.1295030e+06 
-3.1834455e+06 1.6613558e+06 1.2507771e+06 
5.6779581e+05 5.7461750e+06 4.6227240e+06 
1.8823361e+05 5.7948690e+06 4.6979950e+06 
2.4636592e+06 4.1432630e+06 3.8873905e+06 
-8.6756410e+06 -1.0439642e+06 -3.0074350e+06 
-1.0782756e+06 4.0274920e+06 3.6191850e+06 
-5.4378260e+06 2.6457512e+05 -7.2313338e+05 
1.0454298e+06 5.3172400e+06 4.3795900e+06 
-7.8834820e+06 -7.6850488e+05 -2.4891030e+06 
-3.9352340e+06 1.1101786e+06 5.3604425e+05 
-4.3115147e+05 5.1311550e+06 4.3836135e+06 
-1.6039648e+05 5.5458810e+06 4.6079275e+06 
-7.1209620e+06 -4.8335538e+05 -1.9732101e+06 
-7.6292681e+05 4.5679435e+06 4.0242268e+06 
-4.7688330e+06 5.9641275e+05 -1.9633225e+05 
3.8843175e+05 5.7721810e+06 4.6508295e+06 
1.8457816e+06 4.3012865e+06 3.9303928e+06 
-2.0788042e+06 2.6784082e+06 2.4186235e+06 
-2.6699300e+06 2.0737745e+06 1.7650988e+06 
-1.5818556e+06 3.2903472e+06 3.0092698e+06 
6.0837398e+04 5.7803215e+06 4.7038235e+06 
-6.3845695e+06 -1.8778572e+05 -1.4559082e+06 
7.7388312e+05 5.3899370e+06 4.4281305e+06 
-3.3557858e+06 1.4934959e+06 1.0651606e+06 
-1.1742792e+06 3.8887392e+06 3.5236932e+06 
-8.9478150e+06 -1.1909018e+06 -3.1217615e+06 
-5.6731340e+06 1.2040098e+05 -9.3386644e+05 
-5.1875409e+05 5.0447795e+06 4.3396430e+06 
-2.5609686e+05 5.4927050e+06 4.5879885e+06 
-4.1316488e+06 9.4892181e+05 3.3647978e+05 
-8.1575515e+06 -8.9255050e+05 -2.7054182e+06 
1.3512475e+06 4.4453590e+06 3.9972832e+06 
2.3671359e+05 5.7943690e+06 4.6744040e+06 
-8.4874644e+05 4.4509430e+06 3.9523912e+06 
-7.3841785e+06 -6.1214700e+05 -2.1877500e+06 
-4.8255434e+04 5.7621490e+06 4.7043445e+06 
5.4854356e+05 5.4574730e+06 4.4736985e+06 
-2.2061628e+06 2.5101652e+06 2.2660280e+06 
-4.9878175e+06 4.4469075e+05 -4.0480356e+05 
-1.6893899e+06 3.1313502e+06 2.8810438e+06 
-2.8204198e+06 1.9029580e+06 1.5906765e+06 
-6.6361485e+06 -3.2228034e+05 -1.6695748e+06 
-1.2659322e+06 3.7455040e+06 3.4205638e+06 
-3.5312635e+06 1.3261211e+06 8.7308656e+05 
9.6150862e+05 4.5776150e+06 4.0689982e+06 
-3.3942228e+05 5.4356145e+06 4.5621225e+06 
-5.9715456e+05 4.9539495e+06 4.2892490e+06 
1.0936977e+05 5.8136225e+06 4.6924290e+06 
3.6324781e+05 5.5216480e+06 4.5138340e+06 
-5.9114445e+06 -2.0869998e+04 -1.1468776e+06 
-4.3319365e+06 7.8951275e+05 1.3194228e+05 
-1.4117403e+05 5.7408020e+06 4.6990985e+06 
-9.2829844e+05 4.3292695e+06 3.8734368e+06 
-8.4315810e+06 -1.0145676e+06 -2.9225195e+06 
2.8784285e+06 3.4884062e+06 3.5744008e+06 
-7.6482020e+06 -7.3848025e+05 -2.4030350e+06 
6.5695094e+05 4.7028270e+06 4.1360420e+06 
-2.3342928e+06 2.3396785e+06 2.1053952e+06 
-1.7956441e+06 2.9688098e+06 2.7446752e+06 
-2.9734840e+06 1.7314962e+06 1.4088802e+06 
-5.2105865e+06 2.9571797e+05 -6.1655994e+05 
3.2931475e+03 5.8306655e+06 4.7043145e+06 
-4.1189753e+05 5.3747955e+06 4.5301195e+06 
-1.3542599e+06 3.5979110e+06 3.3096030e+06 
-6.8895615e+06 -4.5393741e+05 -1.8842922e+06 
-6.6758744e+05 4.8587505e+06 4.2322450e+06 
2.1223002e+05 5.5839610e+06 4.5471545e+06 
-3.7105760e+06 1.1597102e+06 6.7487375e+05 
-2.1993262e+05 5.7166210e+06 4.6878370e+06 
2.0722404e+06 3.3756918e+06 3.6316588e+06 
-1.0026562e+06 4.2029795e+06 3.7871832e+06 
4.2061244e+05 4.8251930e+06 4.1940842e+06 
-6.1526690e+06 -1.5907692e+05 -1.3615989e+06 
-4.5365355e+06 6.3237525e+05 -7.7076789e+04 
-8.6939860e+06 -1.1589319e+06 -3.0361745e+06 
-8.4401930e+04 5.8460460e+06 4.7097965e+06 
-2.4641495e+06 2.1673200e+06 1.9367384e+06 
9.0259750e+04 5.6455440e+06 4.5730285e+06 
-1.9016112e+06 2.8029650e+06 2.6000548e+06 
-7.9125730e+06 -8.6246725e+05 -2.6186905e+06 
-4.7495512e+05 5.3103510e+06 4.4918765e+06 
-3.1299710e+06 1.5598555e+06 1.2199050e+06 
-5.4372625e+06 1.4978264e+05 -8.3100788e+05 
-7.3122312e+05 4.7592085e+06 4.1685082e+06 
-1.4402679e+06 3.4460728e+06 3.1906522e+06 
1.1171359e+06 3.4538945e+06 3.7614102e+06 
-2.8640578e+05 5.6898335e+06 4.6704755e+06 
2.3857839e+05 4.9476430e+06 4.2415735e+06 
-7.1444530e+06 -5.8277381e+05 -2.0995598e+06 
-3.8943700e+06 9.9474606e+05 4.7091909e+05 
-1.0728528e+06 4.0720932e+06 3.6934875e+06 
-1.5634956e+05 5.8601320e+06 4.7088540e+06 
-7.3128711e+03 5.7071670e+06 4.5913385e+06 
-6.3966155e+06 -2.9411378e+05 -1.5774346e+06 
-4.7458010e+06 4.7791216e+05 -2.9001419e+05 
5.5256338e+05 3.5875748e+06 3.8893325e+06 
-5.2992638e+05 5.2423035e+06 4.4473705e+06 
-2.0082789e+06 2.6340690e+06 2.4471100e+06 
-2.5966788e+06 1.9934858e+06 1.7601254e+06 
9.9609039e+04 5.0719105e+06 4.2784310e+06 
-7.8916400e+05 4.6552940e+06 4.0979635e+06 
-3.4231459e+05 5.6605540e+06 4.6470520e+06 
-8.1767525e+06 -9.8427306e+05 -2.8343642e+06 
-1.5249448e+06 3.2900958e+06 3.0635790e+06 
-3.2907002e+06 1.3885215e+06 1.0240185e+06 
-5.6678645e+06 7.1279316e+03 -1.0475036e+06 
-4.0832315e+06 8.3171044e+05 2.6169947e+05 
-7.4003715e+06 -7.0886600e+05 -2.3148812e+06 
-8.4561578e+04 5.7692755e+06 4.6023040e+06 
-1.1398822e+06 3.9366012e+06 3.5922328e+06 
-2.1492077e+05 5.8731245e+06 4.7016380e+06 
2.1218602e+05 3.7599278e+06 3.9906130e+06 
-5.3342583e+03 5.1988015e+06 4.3053285e+06 
-5.7803756e+05 5.1705980e+06 4.3966350e+06 
-4.9599970e+06 3.2649825e+05 -5.0623703e+05 
-6.6429815e+06 -4.2593456e+05 -1.7937711e+06 
-3.8922150e+05 5.6287915e+06 4.6176925e+06 
-8.4244444e+05 4.5469240e+06 4.0205658e+06 
-2.1166310e+06 2.4623952e+06 2.2858058e+06 
-2.7328160e+06 1.8185992e+06 1.5756834e+06 
-1.6092651e+06 3.1300860e+06 2.9282722e+06 
-3.4564558e+06 1.2179985e+06 8.2156569e+05 
-1.4501450e+05 5.8320415e+06 4.6063540e+06 
-8.4305240e+06 -1.1260734e+06 -2.9471390e+06 
9.9616182e+03 3.9595668e+06 4.0631905e+06 
-2.6222466e+05 5.8850725e+06 4.6884165e+06 
-5.9023000e+06 -1.3205538e+05 -1.2653606e+06 
-1.2047025e+06 3.7964698e+06 3.4833160e+06 
-8.3509102e+04 5.3284615e+06 4.3232805e+06 
-4.2776745e+06 6.7107931e+05 4.7773168e+04 
-7.6567670e+06 -8.3235150e+05 -2.5297752e+06 
-6.2041094e+05 5.0951085e+06 4.3397390e+06 
-4.2853116e+05 5.5944565e+06 4.5825810e+06 
-5.1792845e+06 1.7847192e+05 -7.2504644e+05 
-8.9203381e+05 4.4339685e+06 3.9362858e+06 
-6.8913535e+06 -5.5455756e+05 -2.0099864e+06 
-1.0364202e+05 4.1779590e+06 4.1111410e+06 
-1.9169791e+05 5.8954175e+06 4.6040365e+06 
-2.2276508e+06 2.2882438e+06 2.1161438e+06 
-2.8734838e+06 1.6431165e+06 1.3836021e+06 
-3.0011828e+05 5.8958950e+06 4.6695315e+06 
-1.6941954e+06 2.9661580e+06 2.7846368e+06 
-1.4073552e+05 5.4605995e+06 4.3334185e+06 
-3.6279765e+06 1.0488072e+06 6.1297338e+05 
-1.2682416e+06 3.6516478e+06 3.3666398e+06 
-6.1403575e+06 -2.6763588e+05 -1.4838571e+06 
-4.4781315e+06 5.1331528e+05 -1.7021923e+05 
-6.5806850e+05 5.0156435e+06 4.2767710e+06 
-4.6149634e+05 5.5573735e+06 4.5419365e+06 
-7.9129975e+06 -9.5342912e+05 -2.7437848e+06 
-1.5933403e+05 4.4085230e+06 4.1395755e+06 
-2.2718555e+05 5.9591875e+06 4.5959560e+06 
-9.3884188e+05 4.3162580e+06 3.8450978e+06 
-1.8167208e+05 5.5946550e+06 4.3368655e+06 
-3.3022203e+05 5.9054025e+06 4.6453630e+06 
-5.4037090e+06 3.4126816e+04 -9.4568225e+05 
-7.1412040e+06 -6.8006894e+05 -2.2254608e+06 
-2.3423232e+06 2.1119502e+06 1.9381669e+06 
-3.0195880e+06 1.4675272e+06 1.1841412e+06 
-1.7806999e+06 2.7984430e+06 2.6325920e+06 
-3.8059495e+06 8.8148162e+05 3.9875525e+05 
-1.3314050e+06 3.5020760e+06 3.2421058e+06 
-1.7708752e+05 4.6461645e+06 4.1531278e+06 
-4.8922678e+05 5.5172920e+06 4.4959915e+06 
-6.9193919e+05 4.9319540e+06 4.2078215e+06 
-6.3817005e+06 -3.9954819e+05 -1.7022468e+06 
-2.5364936e+05 6.0230115e+06 4.5827275e+06 
-4.6849385e+06 3.5885969e+05 -3.9155509e+05 
-2.1003781e+05 5.7299195e+06 4.3346715e+06 
-8.1597195e+06 -1.0927758e+06 -2.8554902e+06 
-3.5393831e+05 5.9133140e+06 4.6163050e+06 
-9.8372675e+05 4.1935900e+06 3.7469682e+06 
-5.6331935e+06 -1.0629735e+05 -1.1673299e+06 
-2.4616382e+06 1.9338919e+06 1.7519635e+06 
-1.7027872e+05 4.8869595e+06 4.1556012e+06 
-7.3918940e+06 -8.0262481e+05 -2.4395885e+06 
-1.8697484e+06 2.6270995e+06 2.4720715e+06 
-3.1720140e+06 1.2923570e+06 9.7763650e+05 
-2.7290869e+05 6.0864595e+06 4.5649480e+06 
-5.1270041e+05 5.4738965e+06 4.4449755e+06 
-1.3950846e+06 3.3476958e+06 3.1096080e+06 
-3.9909952e+06 7.1656288e+05 1.7951648e+05 
-2.2879164e+05 5.8656170e+06 4.3277815e+06 
-7.2286712e+05 4.8437420e+06 4.1329732e+06 
-3.7247203e+05 5.9192785e+06 4.5827455e+06 
-6.6258635e+06 -5.2779894e+05 -1.9197685e+06 
-4.8983230e+06 2.0812306e+05 -6.1543138e+05 
-1.0275039e+06 4.0657365e+06 3.6418475e+06 
-1.4801412e+05 5.1279075e+06 4.1499858e+06 
-2.8647694e+05 6.1490455e+06 4.5431785e+06 
-2.5865920e+06 1.7544940e+06 1.5576744e+06 
-5.8675270e+06 -2.4262378e+05 -1.3891284e+06 
-1.9623240e+06 2.4523220e+06 2.3030250e+06 
-2.4027798e+05 6.0009620e+06 4.3170265e+06 
-7.6426760e+06 -9.2245194e+05 -2.6517898e+06 
-3.3316182e+06 1.1181672e+06 7.6450900e+05 
-5.3277594e+05 5.4268175e+06 4.3891055e+06 
-7.5162244e+05 4.7506680e+06 4.0522888e+06 
-1.4601695e+06 3.1884588e+06 2.9690302e+06 
-3.8685169e+05 5.9228880e+06 4.5450525e+06 
-4.1836572e+06 5.5459281e+05 -4.4042043e+04 
-1.1653767e+05 5.3667330e+06 4.1385792e+06 
-6.8722515e+06 -6.5247131e+05 -2.1356600e+06 
-1.0709571e+06 3.9324540e+06 3.5296620e+06 
-5.1183915e+06 6.1474383e+04 -8.4096812e+05 
-2.9560431e+05 6.2102480e+06 4.5179330e+06 
-2.4634547e+05 6.1351930e+06 4.3031230e+06 
-5.5020612e+05 5.3756405e+06 4.3285740e+06 
-2.7181860e+06 1.5742372e+06 1.3555026e+06 
-2.0594309e+06 2.2743538e+06 2.1254225e+06 
-6.1063565e+06 -3.7474738e+05 -1.6101814e+06 
-8.0128891e+04 5.6017270e+06 4.1231222e+06 
-7.7891175e+05 4.6523595e+06 3.9658018e+06 
-3.9795016e+05 5.9236930e+06 4.5035655e+06 
-3.4992205e+06 9.4555275e+05 5.4527406e+05 
-7.8844710e+06 -1.0595952e+06 -2.7622792e+06 
-1.5275566e+06 3.0243382e+06 2.8202438e+06 
-4.3843855e+06 3.9610438e+05 -2.7112062e+05 
-1.1148508e+06 3.7934915e+06 3.4103085e+06 
-2.4844366e+05 6.2675945e+06 4.2866800e+06 
-3.0131669e+05 6.2695290e+06 4.4896720e+06 
-7.1201390e+06 -7.7372894e+05 -2.3491702e+06 
-5.3451135e+06 -8.0770180e+04 -1.0672142e+06 
-4.1699199e+04 5.8316210e+06 4.1049208e+06 
-5.6565162e+05 5.3199140e+06 4.2635400e+06 
-4.0650462e+05 5.9212125e+06 4.4585860e+06 
-2.1621015e+06 2.0934949e+06 1.9392612e+06 
-8.0539112e+05 4.5484165e+06 3.8735112e+06 
-2.8574270e+06 1.3936610e+06 1.1457246e+06 
-6.3491825e+06 -5.0264294e+05 -1.8295685e+06 
-3.6755912e+06 7.7513738e+05 3.2055072e+05 
-1.5981641e+06 2.8553415e+06 2.6631075e+06 
-2.4770209e+05 6.3975060e+06 4.2682085e+06 
-3.0445022e+05 6.3263465e+06 4.4588010e+06 
-4.5935210e+06 2.4161044e+05 -5.0081953e+05 
-1.1599424e+06 3.6486010e+06 3.2836498e+06 
-3.1987732e+03 6.0554855e+06 4.0849450e+06 
-7.3686725e+06 -8.9181744e+05 -2.5595732e+06 
-5.7969431e+05 5.2591545e+06 4.1941265e+06 
-5.5783100e+06 -2.1835931e+05 -1.2931558e+06 
-4.1313562e+05 5.9149430e+06 4.4103775e+06 
-8.3167806e+05 4.4384200e+06 3.7753742e+06 
-2.2714035e+06 1.9101156e+06 1.7445761e+06 
-2.4499464e+05 6.5243285e+06 4.2481350e+06 
-3.0053210e+06 1.2133671e+06 9.2870356e+05 
-1.6729436e+06 2.6815215e+06 2.4974715e+06 
-3.0568200e+05 6.3801620e+06 4.4256715e+06 
-6.5953525e+06 -6.2637200e+05 -2.0463601e+06 
-3.8614362e+06 6.0756694e+05 9.1070750e+04 
3.4100164e+04 6.2726545e+06 4.0639090e+06 
-1.2069974e+06 3.4975470e+06 3.1495105e+06 
-4.8112770e+06 9.1590500e+04 -7.3213988e+05 
-5.9285119e+05 5.1928560e+06 4.1204125e+06 
-4.1836431e+05 5.9043620e+06 4.3591590e+06 
-7.6083070e+06 -1.0271996e+06 -2.6687750e+06 
-5.8176430e+06 -3.5111847e+05 -1.5177261e+06 
-2.4099178e+05 6.6475225e+06 4.2268090e+06 
-8.5836562e+05 4.3219385e+06 3.6713012e+06 
-3.0555675e+05 6.4304500e+06 4.3905825e+06 
6.9403500e+04 6.4826625e+06 4.0423330e+06 
-2.3884450e+06 1.7246645e+06 1.5414512e+06 
-3.1628658e+06 1.0340198e+06 7.0490381e+05 
-1.7528934e+06 2.5029908e+06 2.3231805e+06 
-4.0573792e+06 4.4349872e+05 -1.4231328e+05 
-6.8440625e+06 -7.4608862e+05 -2.2596325e+06 
-1.2568041e+06 3.3401175e+06 3.0076768e+06 
-5.0377210e+06 -5.3524059e+04 -9.6398750e+05 
-4.2262869e+05 5.8889375e+06 4.3051060e+06 
-6.0558719e+05 5.1204905e+06 4.0424315e+06 
-2.3620316e+05 6.7666055e+06 4.2045170e+06 
1.0225297e+05 6.6851975e+06 4.0205908e+06 
-3.0450994e+05 6.4766955e+06 4.3537845e+06 
-8.8603588e+05 4.1985340e+06 3.5611505e+06 
-6.0626035e+06 -4.7896122e+05 -1.7398202e+06 
-2.5143760e+06 1.5376785e+06 1.3300360e+06 
-3.3310382e+06 8.5634300e+05 4.7490691e+05 
-1.8390720e+06 2.3199348e+06 2.1400832e+06 
-4.2639410e+06 2.8358850e+05 -3.7862188e+05 
-7.0943585e+06 -8.6204231e+05 -2.4684840e+06 
-1.3101902e+06 3.1761365e+06 2.8578955e+06 
-2.3101181e+05 6.8811470e+06 4.1814890e+06 
-4.2629816e+05 5.8681250e+06 4.2483505e+06 
-6.1832831e+05 5.0415130e+06 3.9601658e+06 
1.3242427e+05 6.8800625e+06 3.9989458e+06 
-5.2727565e+06 -1.9336584e+05 -1.1951801e+06 
-3.0288781e+05 6.5184005e+06 4.3154825e+06 
-9.1527531e+05 4.0677708e+06 3.4447262e+06 
-6.3125055e+06 -6.0189962e+05 -1.9583104e+06 
-2.6503898e+06 1.3497899e+06 1.1105631e+06 
-1.9326112e+06 2.1326282e+06 1.9480418e+06 
-3.5107798e+06 6.8111500e+05 2.3942758e+05 
-2.2570194e+05 6.9907635e+06 4.1579090e+06 
1.5985400e+05 7.0671480e+06 3.9775790e+06 
-4.2968684e+05 5.8413720e+06 4.1889785e+06 
-4.4815155e+06 1.2847411e+05 -6.1674525e+05 
-7.3353640e+06 -9.9636556e+05 -2.5764465e+06 
-1.3680404e+06 3.0054772e+06 2.6998752e+06 
-6.3147462e+05 4.9553650e+06 3.8735448e+06 
-3.0096428e+05 6.5550785e+06 4.2758385e+06 
-5.5161070e+06 -3.2764791e+05 -1.4244581e+06 
-9.4669031e+05 3.9292218e+06 3.3217725e+06 
-6.5664815e+06 -7.2005250e+05 -2.1720645e+06 
-2.2048102e+05 7.0951115e+06 4.1339220e+06 
1.8458725e+05 7.2464095e+06 3.9566108e+06 
-2.7977170e+06 1.1617319e+06 8.8337088e+05 
-2.0347276e+06 1.9414490e+06 1.7469472e+06 
-4.3306569e+05 5.8081170e+06 4.1270308e+06 
-3.7029720e+06 5.0915738e+05 -6.7068353e+02 
-6.4541275e+05 4.8614750e+06 3.7824405e+06 
-2.9895541e+05 6.5862560e+06 4.2349775e+06 
-1.4313144e+06 2.8280768e+06 2.5332902e+06 
-4.7103450e+06 -2.1243785e+04 -8.5544356e+05 
-5.7672970e+06 -4.5617997e+05 -1.6504992e+06 
-9.8092469e+05 3.7824770e+06 3.1919722e+06 
2.0674008e+05 7.4178485e+06 3.9361158e+06 
-2.1549761e+05 7.1938815e+06 4.1096402e+06 
-6.8234840e+06 -8.3365181e+05 -2.3799665e+06 
-4.3667356e+05 5.7677880e+06 4.0625030e+06 
-2.9576158e+06 9.7434044e+05 6.4892588e+05 
-2.1467330e+06 1.7468939e+06 1.5367380e+06 
-2.9703178e+05 6.6114680e+06 4.1929882e+06 
-6.6052950e+05 4.7592620e+06 3.6866645e+06 
-3.9084140e+06 3.4132047e+05 -2.4436186e+05 
-1.5010676e+06 2.6439528e+06 2.3577868e+06 
-4.9504915e+06 -1.6502286e+05 -1.0933516e+06 
2.2647283e+05 7.5815010e+06 3.9161360e+06 
-2.1085553e+05 7.2867925e+06 4.0851485e+06 
-1.0186779e+06 3.6271540e+06 3.0549438e+06 
-6.0256430e+06 -5.7888356e+05 -1.8719374e+06 
-4.4072762e+05 5.7198005e+06 3.9953435e+06 
-2.9532872e+05 6.6302540e+06 4.1499268e+06 
-7.0703025e+06 -9.6796844e+05 -2.4869218e+06 
-6.7722544e+05 4.6481365e+06 3.5859628e+06 
-3.1313565e+06 7.8855112e+05 4.0784962e+05 
-2.2700420e+06 1.5495934e+06 1.3174222e+06 
-4.1277878e+06 1.7846375e+05 -4.9044656e+05 
2.4397142e+05 7.7374260e+06 3.8966892e+06 
-1.5784712e+06 2.4532230e+06 2.1729920e+06 
-2.0662506e+05 7.3735865e+06 4.0605095e+06 
-5.2018145e+06 -3.0240206e+05 -1.3289890e+06 
-1.0607262e+06 3.4629088e+06 2.9102382e+06 
-6.2902425e+06 -6.9580512e+05 -2.0873844e+06 
-4.4543316e+05 5.6635535e+06 3.9254518e+06 
-2.9395528e+05 6.6421545e+06 4.1058180e+06 
-6.9592969e+05 4.5275030e+06 3.4800108e+06 
2.5943427e+05 7.8856970e+06 3.8777755e+06 
-3.3201980e+06 6.0539219e+05 1.6094502e+05 
-2.4061748e+06 1.3503250e+06 1.0891070e+06 
-2.0285181e+05 7.4540205e+06 4.0357660e+06 
-4.3616250e+06 2.1431420e+04 -7.3754569e+05 
-1.6648339e+06 2.2561245e+06 1.9785272e+06 
-5.4639420e+06 -4.3302503e+05 -1.5607751e+06 
-1.1079452e+06 3.2894500e+06 2.7573400e+06 
-6.5599730e+06 -8.0712656e+05 -2.2954555e+06 
-4.5099319e+05 5.5984280e+06 3.8526752e+06 
-2.9300169e+05 6.6467055e+06 4.0606568e+06 
2.7306341e+05 8.0263975e+06 3.8593838e+06 
-7.1711638e+05 4.3967645e+06 3.3684080e+06 
-1.9956384e+05 7.5278655e+06 4.0109458e+06 
-2.5567548e+06 1.1500241e+06 8.5203012e+05 
-3.5253545e+06 4.2596909e+05 -9.0777672e+04 
-1.7616230e+06 2.0530390e+06 1.7740261e+06 
-4.6102675e+06 -1.2897621e+05 -9.8409988e+05 
-5.7362520e+06 -5.5666256e+05 -1.7870511e+06 
-1.1613364e+06 3.1065565e+06 2.5956660e+06 
-2.9254609e+05 6.6434320e+06 4.0144090e+06 
-4.5761819e+05 5.5237810e+06 3.7768065e+06 
2.8505872e+05 8.1596145e+06 3.8414938e+06 
-6.8181360e+06 -9.4296025e+05 -2.4019075e+06 
-1.9677716e+05 7.5948965e+06 3.9860625e+06 
-7.4132319e+05 4.2553245e+06 3.2506705e+06 
-2.7234972e+06 9.4978988e+05 6.0659994e+05 
-3.7479565e+06 2.5144331e+05 -3.4607719e+05 
-1.8704862e+06 1.8445155e+06 1.5591591e+06 
-4.8738280e+06 -2.7203466e+05 -1.2283764e+06 
2.9561412e+05 8.2854370e+06 3.8240800e+06 
-2.9266031e+05 6.6318435e+06 3.9670110e+06 
-6.0178545e+06 -6.7323331e+05 -2.0061064e+06 
-1.2220554e+06 2.9140972e+06 2.4245692e+06 
-4.6553647e+05 5.4389425e+06 3.6975760e+06 
-1.9450014e+05 7.6548915e+06 3.9611185e+06 
-7.6917244e+05 4.1025952e+06 3.1262235e+06 
-2.9081892e+06 7.5088612e+05 3.5343675e+05 
-3.9890018e+06 8.3002203e+04 -6.0346250e+05 
3.0491566e+05 8.4039500e+06 3.8071138e+06 
-1.9932690e+06 1.6312986e+06 1.3336652e+06 
-5.1521495e+06 -4.0712922e+05 -1.4684838e+06 
-2.9341544e+05 6.6114250e+06 3.9183670e+06 
-4.7500547e+05 5.3432105e+06 3.6146468e+06 
-1.2914458e+06 2.7120565e+06 2.2433450e+06 
-6.3075810e+06 -7.8282088e+05 -2.2162108e+06 
-1.9273716e+05 7.7076240e+06 3.9361052e+06 
-8.0139606e+05 3.9380058e+06 2.9943930e+06 
3.1314044e+05 8.5152370e+06 3.7905635e+06 
-3.1126540e+06 5.5473219e+05 9.3418711e+04 
-4.2492980e+06 -7.8178430e+04 -8.6118112e+05 
-2.9488709e+05 6.5816325e+06 3.8683482e+06 
-2.1320290e+06 1.4143534e+06 1.0973934e+06 
-5.4447700e+06 -5.3378956e+05 -1.7023959e+06 
-1.9149145e+05 7.7528595e+06 3.9110052e+06 
-4.8632475e+05 5.2358465e+06 3.5276040e+06 
-1.3710746e+06 2.5005650e+06 2.0512424e+06 
-6.5839425e+06 -9.2233475e+05 -2.3230575e+06 
-8.3886550e+05 3.7610155e+06 2.8543972e+06 
3.2045634e+05 8.6193730e+06 3.7743975e+06 
-2.9716078e+05 6.5418800e+06 3.8167880e+06 
-3.3387030e+06 3.6288362e+05 -1.7227255e+05 
-1.9076764e+05 7.7903495e+06 3.8857910e+06 
-4.5294035e+06 -2.3097911e+05 -1.1172176e+06 
-2.2890428e+06 1.1948909e+06 8.5035275e+05 
-4.9985103e+05 5.1160725e+06 3.4359452e+06 
-5.7508905e+06 -6.5172150e+05 -1.9279846e+06 
-1.4627736e+06 2.2799352e+06 1.8474808e+06 
3.2702244e+05 8.7164280e+06 3.7585822e+06 
-8.8262675e+05 3.5711308e+06 2.7053368e+06 
-3.0033784e+05 6.4915355e+06 3.7634758e+06 
-1.9057397e+05 7.8198260e+06 3.8604252e+06 
-3.5880698e+06 1.7699977e+05 -4.4210962e+05 
-4.8295605e+06 -3.7438684e+05 -1.3693039e+06 
-5.1601659e+05 4.9830685e+06 3.3390655e+06 
-2.4667995e+06 9.7438756e+05 5.9277600e+05 
-6.0693530e+06 -7.6083688e+05 -2.1430610e+06 
-1.5686820e+06 2.0507049e+06 1.6312785e+06 
3.3298978e+05 8.8064640e+06 3.7430852e+06 
-9.3394350e+05 3.3679292e+06 2.5461880e+06 
-3.0454209e+05 6.4299055e+06 3.7081512e+06 
-1.9092444e+05 7.8409950e+06 3.8348608e+06 
-5.3535194e+05 4.8359685e+06 3.2362410e+06 
-3.8623290e+06 -1.2034230e+03 -7.1418488e+05 
-5.1496340e+06 -5.0754747e+05 -1.6149441e+06 
-2.6679788e+06 7.5459675e+05 3.2519228e+05 
3.3850209e+05 8.8895340e+06 3.7278732e+06 
-6.3724170e+06 -9.0707625e+05 -2.2517728e+06 
-1.6912920e+06 1.8136851e+06 1.4018912e+06 
-9.9434825e+05 3.1510902e+06 2.3757960e+06 
-1.9184103e+05 7.8535290e+06 3.8090375e+06 
-3.0992781e+05 6.3562285e+06 3.6504938e+06 
3.4369709e+05 8.9656790e+06 3.7129128e+06 
-5.5851381e+05 4.6738655e+06 3.1266100e+06 
-4.1628035e+06 -1.7001423e+05 -9.8618856e+05 
-5.4890605e+06 -6.2982075e+05 -1.8514529e+06 
-2.8954028e+06 5.3754562e+05 4.8509949e+04 
-1.8334924e+06 1.5700152e+06 1.1586689e+06 
-1.0657046e+06 2.9204382e+06 2.1928742e+06 
-1.9335614e+05 7.8570590e+06 3.7828818e+06 
-3.1668941e+05 6.2696565e+06 3.5901092e+06 
3.4870762e+05 9.0349340e+06 3.6981698e+06 
-5.8632094e+05 4.4958140e+06 3.0091488e+06 
-4.4904600e+06 -3.2779934e+05 -1.2554034e+06 
-5.8467880e+06 -7.4082469e+05 -2.0760080e+06 
-3.1519580e+06 3.2551203e+05 -2.3589566e+05 
-1.9986064e+06 1.3212208e+06 9.0113181e+05 
-1.9551539e+05 7.8511655e+06 3.7563022e+06 
-1.1502818e+06 2.6759962e+06 1.9960095e+06 
-3.2507375e+05 6.1692450e+06 3.5265160e+06 
3.5366291e+05 9.0973160e+06 3.6836098e+06 
-6.1979931e+05 4.3008395e+06 2.8826448e+06 
-4.8457950e+06 -4.7308988e+05 -1.5187218e+06 
-6.1872015e+06 -8.9808744e+05 -2.1888925e+06 
-3.4404815e+06 1.2097473e+05 -5.2609831e+05 
-2.1904155e+06 1.0692705e+06 6.2907406e+05 
-1.9838114e+05 7.8353640e+06 3.7291858e+06 
-3.3539603e+05 6.0539350e+06 3.4591225e+06 
3.5868978e+05 9.1528330e+06 3.6691958e+06 
-1.2508424e+06 2.4180552e+06 1.7836786e+06 
-6.6024044e+05 4.0879575e+06 2.7456665e+06 
-5.2287225e+06 -6.0466262e+05 -1.7726912e+06 
-3.7636120e+06 -7.3465984e+04 -8.1955162e+05 
-2.0203681e+05 7.8090945e+06 3.7013920e+06 
-2.4131558e+06 8.1662494e+05 3.4269616e+05 
3.6391416e+05 9.2014740e+06 3.6548888e+06 
-3.4806016e+05 5.9225360e+06 3.3872035e+06 
-1.3707462e+06 2.1472638e+06 1.5542842e+06 
-7.0927588e+05 3.8562028e+06 2.5965288e+06 
-5.6385220e+06 -7.2164481e+05 -2.0135850e+06 
-2.0659242e+05 7.7716990e+06 3.6727450e+06 
-4.1236195e+06 -2.5519550e+05 -1.1130462e+06 
3.6946209e+05 9.2432110e+06 3.6406450e+06 
-2.6714688e+06 5.6626412e+05 4.2769262e+04 
-3.6358609e+05 5.7737085e+06 3.3098658e+06 
-1.5140684e+06 1.8647355e+06 1.3062159e+06 
-7.6897412e+05 3.6046715e+06 2.4332580e+06 
-2.1219178e+05 7.7224050e+06 3.6430230e+06 
3.7546116e+05 9.2779910e+06 3.6264158e+06 
-6.0299010e+06 -8.9609456e+05 -2.1342122e+06 
-4.5222330e+06 -4.2171488e+05 -1.4026951e+06 
-2.9702825e+06 3.2167616e+05 -2.6917444e+05 
-3.8264569e+05 5.6059435e+06 3.2260085e+06 
-1.6857279e+06 1.5721829e+06 1.0379508e+06 
-8.4196525e+05 3.3325882e+06 2.2535558e+06 
3.8204150e+05 9.3057340e+06 3.6121432e+06 
-2.1902181e+05 7.6602950e+06 3.6119445e+06 
-4.9604210e+06 -5.7081781e+05 -1.6839539e+06 
-4.0611100e+05 5.4175465e+06 3.1342710e+06 
-3.3145902e+06 8.6783258e+04 -5.9064438e+05 
-1.8916192e+06 1.2720691e+06 7.4821175e+05 
-9.3160312e+05 3.0394005e+06 2.0547692e+06 
3.8933675e+05 9.3263230e+06 3.5977590e+06 
-2.2732488e+05 7.5842750e+06 3.5791505e+06 
-5.4380810e+06 -7.0069388e+05 -1.9517120e+06 
-4.3511956e+05 5.2066215e+06 3.0329675e+06 
-3.7091172e+06 -1.3421331e+05 -9.1802669e+05 
-2.1387238e+06 9.6777456e+05 4.3620291e+05 
3.9748456e+05 9.3395920e+06 3.5831790e+06 
-1.0421751e+06 2.7249142e+06 1.8338751e+06 
-2.3741491e+05 7.4930330e+06 3.5441780e+06 
-5.8984095e+06 -9.0146869e+05 -2.0856621e+06 
-4.7116297e+05 4.9710640e+06 2.9200075e+06 
-4.1579242e+06 -3.3705775e+05 -1.2465054e+06 
-2.4351602e+06 6.6375369e+05 1.0194914e+05 
4.0662650e+05 9.3453140e+06 3.5682975e+06 
-1.1791734e+06 2.3894852e+06 1.5874894e+06 
-2.4969891e+05 7.3849875e+06 3.5064285e+06 
-5.1620872e+05 4.7085630e+06 2.7927925e+06 
-4.6641670e+06 -5.1765203e+05 -1.5700534e+06 
-2.7900902e+06 3.6563641e+05 -2.5324033e+05 
4.1690691e+05 9.3431790e+06 3.5529788e+06 
-2.6470534e+05 7.2582270e+06 3.4651198e+06 
-1.3496436e+06 2.0342844e+06 1.3119304e+06 
-5.7286862e+05 4.4166275e+06 2.6480928e+06 
-5.2299025e+06 -6.7257150e+05 -1.8814190e+06 
4.2847016e+05 9.3327660e+06 3.5370468e+06 
-3.2133338e+06 8.0181359e+04 -6.2619750e+05 
-2.8312222e+05 7.1104275e+06 3.4192260e+06 
-1.5626276e+06 1.6616590e+06 1.0033742e+06 
-6.4463450e+05 4.0926455e+06 2.4818940e+06 
-5.7842800e+06 -9.1389675e+05 -2.0376349e+06 
4.4145509e+05 9.3134980e+06 3.5202680e+06 
-3.7144598e+06 -1.8506516e+05 -1.0113286e+06 
-3.0584781e+05 6.9387605e+06 3.3673908e+06 
-1.8297101e+06 1.2756178e+06 6.5817381e+05 
-7.3621088e+05 3.7340028e+06 2.2892148e+06 
4.5598556e+05 9.2845930e+06 3.5023305e+06 
-4.3011960e+06 -4.2249181e+05 -1.4004181e+06 
-3.3405931e+05 6.7397730e+06 3.3078095e+06 
-2.1656525e+06 8.8245088e+05 2.7345756e+05 
-8.5399306e+05 3.3382940e+06 2.0638945e+06 
4.7215394e+05 9.2449790e+06 3.4828102e+06 
-4.9787125e+06 -6.2450150e+05 -1.7829519e+06 
-3.6930547e+05 6.5092475e+06 3.2380658e+06 
-2.5890052e+06 4.9145219e+05 -1.5179505e+05 
-1.0067631e+06 2.9036872e+06 1.7983620e+06 
4.8999459e+05 9.1931780e+06 3.4611272e+06 
-5.6644210e+06 -9.3131050e+05 -1.9771918e+06 
-4.1363328e+05 6.2420320e+06 3.1549000e+06 
-3.1223038e+06 1.1553595e+05 -6.1492681e+05 
-1.2067266e+06 2.4295382e+06 1.4834209e+06 
5.0944122e+05 9.1271470e+06 3.4364788e+06 
-4.6976322e+05 5.9318480e+06 3.0538832e+06 
-3.7905362e+06 -2.2902548e+05 -1.1068610e+06 
-1.4710979e+06 1.9174216e+06 1.1081366e+06 
5.3025919e+05 9.0440430e+06 3.4077442e+06 
-5.4133650e+05 5.5710745e+06 2.9289505e+06 
-4.6132530e+06 -5.2636194e+05 -1.6102281e+06 
5.5193869e+05 8.9398780e+06 3.3733442e+06 
-1.8246002e+06 1.3728756e+06 6.6006200e+05 
-6.3327375e+05 5.1505340e+06 2.7717190e+06 
-5.4851865e+06 -9.4161300e+05 -1.8695841e+06 
5.7352694e+05 8.8090290e+06 3.3310335e+06 
-2.3035572e+06 8.0838731e+05 1.2641800e+05 
-7.5232012e+05 4.6593250e+06 2.5704810e+06 
5.9336331e+05 8.6435010e+06 3.2775890e+06 
-2.9627515e+06 2.4847656e+05 -5.0201494e+05 
-9.0792888e+05 4.0848118e+06 2.3086708e+06 
6.0865888e+05 8.4318390e+06 3.2083352e+06 
-3.8866590e+06 -2.6249788e+05 -1.2187384e+06 
-1.1138366e+06 3.4130382e+06 1.9624588e+06 
6.1482044e+05 8.1574835e+06 3.1164070e+06 
-5.0434285e+06 -9.1093325e+05 -1.6168621e+06 
-1.3912479e+06 2.6302960e+06 1.4968172e+06 
6.0434238e+05 7.7962460e+06 2.9915665e+06 
-1.7764015e+06 1.7280610e+06 8.5880119e+05 
5.6492744e+05 7.3123365e+06 2.8182268e+06 
-2.3423192e+06 7.1948938e+05 -3.4198949e+04 
4.7613725e+05 6.6518930e+06 2.5719262e+06 
-3.3052558e+06 -2.2666389e+05 -5.8820331e+05 
3.0293216e+05 5.7318795e+06 2.2124122e+06 
-1.8380572e+04 4.4194185e+06 1.6679540e+06 
-6.1658538e+05 2.4880860e+06 7.9195806e+05 
-1.4951509e+06 1.0015339e+06 2.1631981e+05 
CELL_DATA 4096
FIELD FieldData 0
