# vtk DataFile Version 4.0
vtk output
ASCII
DATASET UNSTRUCTURED_GRID
POINTS 4225 float
0.0000000e+00 0.0000000e+00 0.0000000e+00 
0.0000000e+00 6.8750000e-01 0.0000000e+00 
7.5000000e-01 6.8750000e-01 0.0000000e+00 
0.0000000e+00 1.3750000e+00 0.0000000e+00 
7.5000000e-01 1.3743805e+00 0.0000000e+00 
1.5000000e+00 1.3750000e+00 0.0000000e+00 
0.0000000e+00 2.0625000e+00 0.0000000e+00 
7.5000000e-01 2.0606689e+00 0.0000000e+00 
1.5000000e+00 2.0606689e+00 0.0000000e+00 
0.0000000e+00 2.7500000e+00 0.0000000e+00 
7.5000000e-01 2.7463846e+00 0.0000000e+00 
2.2500000e+00 2.0625000e+00 0.0000000e+00 
1.5000000e+00 2.7452102e+00 0.0000000e+00 
0.0000000e+00 3.4375000e+00 0.0000000e+00 
7.5000000e-01 3.4315462e+00 0.0000000e+00 
2.2500000e+00 2.7463846e+00 0.0000000e+00 
1.5000000e+00 3.4286602e+00 0.0000000e+00 
3.0000000e+00 2.7500000e+00 0.0000000e+00 
2.2500000e+00 3.4286602e+00 0.0000000e+00 
0.0000000e+00 4.1250000e+00 0.0000000e+00 
7.5000000e-01 4.1161733e+00 0.0000000e+00 
1.5000000e+00 4.1110554e+00 0.0000000e+00 
3.0000000e+00 3.4315462e+00 0.0000000e+00 
2.2500000e+00 4.1093793e+00 0.0000000e+00 
0.0000000e+00 4.8125000e+00 0.0000000e+00 
7.5000000e-01 4.8002844e+00 0.0000000e+00 
1.5000000e+00 4.7924318e+00 0.0000000e+00 
3.7500000e+00 3.4375000e+00 0.0000000e+00 
3.0000000e+00 4.1110554e+00 0.0000000e+00 
2.2500000e+00 4.7885928e+00 0.0000000e+00 
0.0000000e+00 5.5000000e+00 0.0000000e+00 
7.5000000e-01 5.4838991e+00 0.0000000e+00 
3.7500000e+00 4.1161733e+00 0.0000000e+00 
3.0000000e+00 4.7885928e+00 0.0000000e+00 
1.5000000e+00 5.4728260e+00 0.0000000e+00 
2.2500000e+00 5.4663534e+00 0.0000000e+00 
3.7500000e+00 4.7924318e+00 0.0000000e+00 
4.5000000e+00 4.1250000e+00 0.0000000e+00 
0.0000000e+00 6.1875000e+00 0.0000000e+00 
7.5000000e-01 6.1670365e+00 0.0000000e+00 
3.0000000e+00 5.4642248e+00 0.0000000e+00 
1.5000000e+00 6.1522746e+00 0.0000000e+00 
2.2500000e+00 6.1427131e+00 0.0000000e+00 
4.5000000e+00 4.8002844e+00 0.0000000e+00 
3.7500000e+00 5.4663534e+00 0.0000000e+00 
3.0000000e+00 6.1380167e+00 0.0000000e+00 
0.0000000e+00 6.8750000e+00 0.0000000e+00 
7.5000000e-01 6.8497152e+00 0.0000000e+00 
1.5000000e+00 6.8308134e+00 0.0000000e+00 
4.5000000e+00 5.4728260e+00 0.0000000e+00 
5.2500000e+00 4.8125000e+00 0.0000000e+00 
2.2500000e+00 6.8177233e+00 0.0000000e+00 
3.7500000e+00 6.1380167e+00 0.0000000e+00 
3.0000000e+00 6.8100343e+00 0.0000000e+00 
0.0000000e+00 7.5625000e+00 0.0000000e+00 
7.5000000e-01 7.5319548e+00 0.0000000e+00 
5.2500000e+00 5.4838991e+00 0.0000000e+00 
4.5000000e+00 6.1427131e+00 0.0000000e+00 
1.5000000e+00 7.5084791e+00 0.0000000e+00 
3.7500000e+00 6.8074989e+00 0.0000000e+00 
2.2500000e+00 7.4914360e+00 0.0000000e+00 
3.0000000e+00 7.4803433e+00 0.0000000e+00 
5.2500000e+00 6.1522746e+00 0.0000000e+00 
6.0000000e+00 5.5000000e+00 0.0000000e+00 
4.5000000e+00 6.8100343e+00 0.0000000e+00 
7.5000000e-01 8.2137747e+00 0.0000000e+00 
0.0000000e+00 8.2500000e+00 0.0000000e+00 
1.5000000e+00 8.1853085e+00 0.0000000e+00 
3.7500000e+00 7.4748783e+00 0.0000000e+00 
2.2500000e+00 8.1639032e+00 0.0000000e+00 
6.0000000e+00 6.1670365e+00 0.0000000e+00 
5.2500000e+00 6.8177233e+00 0.0000000e+00 
3.0000000e+00 8.1490097e+00 0.0000000e+00 
4.5000000e+00 7.4748783e+00 0.0000000e+00 
7.5000000e-01 8.8951931e+00 0.0000000e+00 
0.0000000e+00 8.9375000e+00 0.0000000e+00 
3.7500000e+00 8.1402321e+00 0.0000000e+00 
1.5000000e+00 8.8613377e+00 0.0000000e+00 
6.0000000e+00 6.8308134e+00 0.0000000e+00 
2.2500000e+00 8.8351774e+00 0.0000000e+00 
5.2500000e+00 7.4803433e+00 0.0000000e+00 
6.7500000e+00 6.1875000e+00 0.0000000e+00 
4.5000000e+00 8.1373329e+00 0.0000000e+00 
3.0000000e+00 8.8160992e+00 0.0000000e+00 
3.7500000e+00 8.8036394e+00 0.0000000e+00 
6.0000000e+00 7.4914360e+00 0.0000000e+00 
7.5000000e-01 9.5762291e+00 0.0000000e+00 
6.7500000e+00 6.8497152e+00 0.0000000e+00 
0.0000000e+00 9.6250000e+00 0.0000000e+00 
1.5000000e+00 9.5366030e+00 0.0000000e+00 
5.2500000e+00 8.1402321e+00 0.0000000e+00 
2.2500000e+00 9.5053091e+00 0.0000000e+00 
4.5000000e+00 8.7974873e+00 0.0000000e+00 
3.0000000e+00 9.4816761e+00 0.0000000e+00 
6.7500000e+00 7.5084791e+00 0.0000000e+00 
6.0000000e+00 8.1490097e+00 0.0000000e+00 
7.5000000e+00 6.8750000e+00 0.0000000e+00 
3.7500000e+00 9.4651766e+00 0.0000000e+00 
5.2500000e+00 8.7974873e+00 0.0000000e+00 
7.5000000e-01 1.0256903e+01 0.0000000e+00 
0.0000000e+00 1.0312500e+01 0.0000000e+00 
1.5000000e+00 1.0211140e+01 0.0000000e+00 
2.2500000e+00 1.0174351e+01 0.0000000e+00 
4.5000000e+00 9.4554300e+00 0.0000000e+00 
3.0000000e+00 1.0145808e+01 0.0000000e+00 
6.7500000e+00 8.1639032e+00 0.0000000e+00 
7.5000000e+00 7.5319548e+00 0.0000000e+00 
6.0000000e+00 8.8036394e+00 0.0000000e+00 
3.7500000e+00 1.0124923e+01 0.0000000e+00 
5.2500000e+00 9.4522066e+00 0.0000000e+00 
7.5000000e-01 1.0937233e+01 0.0000000e+00 
1.5000000e+00 1.0884987e+01 0.0000000e+00 
0.0000000e+00 1.1000000e+01 0.0000000e+00 
4.5000000e+00 1.0111249e+01 0.0000000e+00 
2.2500000e+00 1.0842356e+01 0.0000000e+00 
7.5000000e+00 8.1853085e+00 0.0000000e+00 
6.7500000e+00 8.8160992e+00 0.0000000e+00 
8.2500000e+00 7.5625000e+00 0.0000000e+00 
6.0000000e+00 9.4554300e+00 0.0000000e+00 
3.0000000e+00 1.0808560e+01 0.0000000e+00 
5.2500000e+00 1.0104487e+01 0.0000000e+00 
3.7500000e+00 1.0782955e+01 0.0000000e+00 
7.5000000e+00 8.8351774e+00 0.0000000e+00 
6.7500000e+00 9.4651766e+00 0.0000000e+00 
7.5000000e-01 1.1617238e+01 0.0000000e+00 
8.2500000e+00 8.2137747e+00 0.0000000e+00 
1.5000000e+00 1.1558178e+01 0.0000000e+00 
4.5000000e+00 1.0765033e+01 0.0000000e+00 
0.0000000e+00 1.1687500e+01 0.0000000e+00 
2.2500000e+00 1.1509374e+01 0.0000000e+00 
6.0000000e+00 1.0104487e+01 0.0000000e+00 
3.0000000e+00 1.1469998e+01 0.0000000e+00 
5.2500000e+00 1.0754426e+01 0.0000000e+00 
3.7500000e+00 1.1439353e+01 0.0000000e+00 
7.5000000e+00 9.4816761e+00 0.0000000e+00 
8.2500000e+00 8.8613377e+00 0.0000000e+00 
6.7500000e+00 1.0111249e+01 0.0000000e+00 
9.0000000e+00 8.2500000e+00 0.0000000e+00 
4.5000000e+00 1.1416870e+01 0.0000000e+00 
6.0000000e+00 1.0750916e+01 0.0000000e+00 
7.5000000e-01 1.2296938e+01 0.0000000e+00 
1.5000000e+00 1.2230751e+01 0.0000000e+00 
0.0000000e+00 1.2375000e+01 0.0000000e+00 
2.2500000e+00 1.2175457e+01 0.0000000e+00 
3.0000000e+00 1.2130187e+01 0.0000000e+00 
5.2500000e+00 1.1402122e+01 0.0000000e+00 
8.2500000e+00 9.5053091e+00 0.0000000e+00 
7.5000000e+00 1.0124923e+01 0.0000000e+00 
9.0000000e+00 8.8951931e+00 0.0000000e+00 
3.7500000e+00 1.2094192e+01 0.0000000e+00 
6.7500000e+00 1.0754426e+01 0.0000000e+00 
6.0000000e+00 1.1394820e+01 0.0000000e+00 
4.5000000e+00 1.2066850e+01 0.0000000e+00 
1.5000000e+00 1.2902742e+01 0.0000000e+00 
7.5000000e-01 1.2976351e+01 0.0000000e+00 
2.2500000e+00 1.2840659e+01 0.0000000e+00 
0.0000000e+00 1.3062500e+01 0.0000000e+00 
8.2500000e+00 1.0145808e+01 0.0000000e+00 
9.0000000e+00 9.5366030e+00 0.0000000e+00 
7.5000000e+00 1.0765033e+01 0.0000000e+00 
3.0000000e+00 1.2789193e+01 0.0000000e+00 
5.2500000e+00 1.2047672e+01 0.0000000e+00 
9.7500000e+00 8.9375000e+00 0.0000000e+00 
6.7500000e+00 1.1394820e+01 0.0000000e+00 
3.7500000e+00 1.2747551e+01 0.0000000e+00 
6.0000000e+00 1.2036307e+01 0.0000000e+00 
4.5000000e+00 1.2715059e+01 0.0000000e+00 
8.2500000e+00 1.0782955e+01 0.0000000e+00 
9.0000000e+00 1.0174351e+01 0.0000000e+00 
7.5000000e+00 1.1402122e+01 0.0000000e+00 
1.5000000e+00 1.3574187e+01 0.0000000e+00 
9.7500000e+00 9.5762291e+00 0.0000000e+00 
7.5000000e-01 1.3655497e+01 0.0000000e+00 
2.2500000e+00 1.3505031e+01 0.0000000e+00 
5.2500000e+00 1.2691174e+01 0.0000000e+00 
0.0000000e+00 1.3750000e+01 0.0000000e+00 
3.0000000e+00 1.3447083e+01 0.0000000e+00 
6.7500000e+00 1.2032543e+01 0.0000000e+00 
3.7500000e+00 1.3399508e+01 0.0000000e+00 
6.0000000e+00 1.2675481e+01 0.0000000e+00 
9.0000000e+00 1.0808560e+01 0.0000000e+00 
8.2500000e+00 1.1416870e+01 0.0000000e+00 
4.5000000e+00 1.3361588e+01 0.0000000e+00 
9.7500000e+00 1.0211140e+01 0.0000000e+00 
7.5000000e+00 1.2036307e+01 0.0000000e+00 
1.0500000e+01 9.6250000e+00 0.0000000e+00 
1.5000000e+00 1.4245124e+01 0.0000000e+00 
5.2500000e+00 1.3332725e+01 0.0000000e+00 
2.2500000e+00 1.4168624e+01 0.0000000e+00 
6.7500000e+00 1.2667705e+01 0.0000000e+00 
7.5000000e-01 1.4334394e+01 0.0000000e+00 
3.0000000e+00 1.4103920e+01 0.0000000e+00 
0.0000000e+00 1.4437500e+01 0.0000000e+00 
3.7500000e+00 1.4050141e+01 0.0000000e+00 
9.0000000e+00 1.1439353e+01 0.0000000e+00 
9.7500000e+00 1.0842356e+01 0.0000000e+00 
8.2500000e+00 1.2047672e+01 0.0000000e+00 
6.0000000e+00 1.3312447e+01 0.0000000e+00 
1.0500000e+01 1.0256903e+01 0.0000000e+00 
4.5000000e+00 1.4006524e+01 0.0000000e+00 
7.5000000e+00 1.2667705e+01 0.0000000e+00 
6.7500000e+00 1.3300416e+01 0.0000000e+00 
5.2500000e+00 1.3972422e+01 0.0000000e+00 
1.5000000e+00 1.4915586e+01 0.0000000e+00 
2.2500000e+00 1.4831490e+01 0.0000000e+00 
7.5000000e-01 1.5013062e+01 0.0000000e+00 
9.0000000e+00 1.2066850e+01 0.0000000e+00 
9.7500000e+00 1.1469998e+01 0.0000000e+00 
3.0000000e+00 1.4759772e+01 0.0000000e+00 
8.2500000e+00 1.2675481e+01 0.0000000e+00 
1.0500000e+01 1.0884987e+01 0.0000000e+00 
0.0000000e+00 1.5125000e+01 0.0000000e+00 
3.7500000e+00 1.4699529e+01 0.0000000e+00 
6.0000000e+00 1.3947309e+01 0.0000000e+00 
1.1250000e+01 1.0312500e+01 0.0000000e+00 
7.5000000e+00 1.3296429e+01 0.0000000e+00 
4.5000000e+00 1.4649956e+01 0.0000000e+00 
6.7500000e+00 1.3930791e+01 0.0000000e+00 
5.2500000e+00 1.4610363e+01 0.0000000e+00 
9.7500000e+00 1.2094192e+01 0.0000000e+00 
9.0000000e+00 1.2691174e+01 0.0000000e+00 
1.0500000e+01 1.1509374e+01 0.0000000e+00 
8.2500000e+00 1.3300416e+01 0.0000000e+00 
2.2500000e+00 1.5493682e+01 0.0000000e+00 
1.5000000e+00 1.5585613e+01 0.0000000e+00 
1.1250000e+01 1.0937233e+01 0.0000000e+00 
3.0000000e+00 1.5414704e+01 0.0000000e+00 
7.5000000e-01 1.5691521e+01 0.0000000e+00 
6.0000000e+00 1.4580174e+01 0.0000000e+00 
3.7500000e+00 1.5347747e+01 0.0000000e+00 
0.0000000e+00 1.5812500e+01 0.0000000e+00 
7.5000000e+00 1.3922598e+01 0.0000000e+00 
4.5000000e+00 1.5291972e+01 0.0000000e+00 
9.7500000e+00 1.2715059e+01 0.0000000e+00 
1.0500000e+01 1.2130187e+01 0.0000000e+00 
6.7500000e+00 1.4558938e+01 0.0000000e+00 
9.0000000e+00 1.3312447e+01 0.0000000e+00 
5.2500000e+00 1.5246646e+01 0.0000000e+00 
1.1250000e+01 1.1558178e+01 0.0000000e+00 
8.2500000e+00 1.3922598e+01 0.0000000e+00 
1.2000000e+01 1.1000000e+01 0.0000000e+00 
2.2500000e+00 1.6155251e+01 0.0000000e+00 
1.5000000e+00 1.6255239e+01 0.0000000e+00 
3.0000000e+00 1.6068781e+01 0.0000000e+00 
6.0000000e+00 1.5211147e+01 0.0000000e+00 
7.5000000e+00 1.4546328e+01 0.0000000e+00 
7.5000000e-01 1.6369787e+01 0.0000000e+00 
3.7500000e+00 1.5994875e+01 0.0000000e+00 
0.0000000e+00 1.6500000e+01 0.0000000e+00 
1.0500000e+01 1.2747551e+01 0.0000000e+00 
9.7500000e+00 1.3332725e+01 0.0000000e+00 
4.5000000e+00 1.5932661e+01 0.0000000e+00 
1.1250000e+01 1.2175457e+01 0.0000000e+00 
9.0000000e+00 1.3930791e+01 0.0000000e+00 
6.7500000e+00 1.5184971e+01 0.0000000e+00 
1.2000000e+01 1.1617238e+01 0.0000000e+00 
8.2500000e+00 1.4542146e+01 0.0000000e+00 
5.2500000e+00 1.5881369e+01 0.0000000e+00 
7.5000000e+00 1.5167734e+01 0.0000000e+00 
6.0000000e+00 1.5840332e+01 0.0000000e+00 
2.2500000e+00 1.6816248e+01 0.0000000e+00 
3.0000000e+00 1.6722071e+01 0.0000000e+00 
1.5000000e+00 1.6924503e+01 0.0000000e+00 
1.0500000e+01 1.3361588e+01 0.0000000e+00 
9.7500000e+00 1.3947309e+01 0.0000000e+00 
1.1250000e+01 1.2789193e+01 0.0000000e+00 
3.7500000e+00 1.6640991e+01 0.0000000e+00 
7.5000000e-01 1.7047884e+01 0.0000000e+00 
9.0000000e+00 1.4546328e+01 0.0000000e+00 
1.2000000e+01 1.2230751e+01 0.0000000e+00 
4.5000000e+00 1.6572111e+01 0.0000000e+00 
0.0000000e+00 1.7187500e+01 0.0000000e+00 
6.7500000e+00 1.5808999e+01 0.0000000e+00 
8.2500000e+00 1.5159180e+01 0.0000000e+00 
1.2750000e+01 1.1687500e+01 0.0000000e+00 
5.2500000e+00 1.6514627e+01 0.0000000e+00 
7.5000000e+00 1.5786932e+01 0.0000000e+00 
1.0500000e+01 1.3972422e+01 0.0000000e+00 
1.1250000e+01 1.3399508e+01 0.0000000e+00 
9.7500000e+00 1.4558938e+01 0.0000000e+00 
6.0000000e+00 1.6467834e+01 0.0000000e+00 
1.2000000e+01 1.2840659e+01 0.0000000e+00 
2.2500000e+00 1.7476728e+01 0.0000000e+00 
9.0000000e+00 1.5159180e+01 0.0000000e+00 
3.0000000e+00 1.7374638e+01 0.0000000e+00 
1.5000000e+00 1.7593439e+01 0.0000000e+00 
3.7500000e+00 1.7286171e+01 0.0000000e+00 
1.2750000e+01 1.2296938e+01 0.0000000e+00 
7.5000000e-01 1.7725826e+01 0.0000000e+00 
6.7500000e+00 1.6431133e+01 0.0000000e+00 
4.5000000e+00 1.7210411e+01 0.0000000e+00 
8.2500000e+00 1.5773819e+01 0.0000000e+00 
0.0000000e+00 1.7875000e+01 0.0000000e+00 
5.2500000e+00 1.7146521e+01 0.0000000e+00 
1.1250000e+01 1.4006524e+01 0.0000000e+00 
1.0500000e+01 1.4580174e+01 0.0000000e+00 
1.2000000e+01 1.3447083e+01 0.0000000e+00 
9.7500000e+00 1.5167734e+01 0.0000000e+00 
7.5000000e+00 1.6404039e+01 0.0000000e+00 
6.0000000e+00 1.7093760e+01 0.0000000e+00 
1.2750000e+01 1.2902742e+01 0.0000000e+00 
9.0000000e+00 1.5769469e+01 0.0000000e+00 
3.0000000e+00 1.8026546e+01 0.0000000e+00 
2.2500000e+00 1.8136740e+01 0.0000000e+00 
1.3500000e+01 1.2375000e+01 0.0000000e+00 
3.7500000e+00 1.7930496e+01 0.0000000e+00 
1.5000000e+00 1.8262083e+01 0.0000000e+00 
6.7500000e+00 1.7051489e+01 0.0000000e+00 
8.2500000e+00 1.6386185e+01 0.0000000e+00 
4.5000000e+00 1.7847649e+01 0.0000000e+00 
7.5000000e-01 1.8403635e+01 0.0000000e+00 
1.1250000e+01 1.4610363e+01 0.0000000e+00 
1.0500000e+01 1.5184971e+01 0.0000000e+00 
1.2000000e+01 1.4050141e+01 0.0000000e+00 
5.2500000e+00 1.7777147e+01 0.0000000e+00 
9.7500000e+00 1.5773819e+01 0.0000000e+00 
0.0000000e+00 1.8562500e+01 0.0000000e+00 
1.2750000e+01 1.3505031e+01 0.0000000e+00 
7.5000000e+00 1.7019173e+01 0.0000000e+00 
9.0000000e+00 1.6377317e+01 0.0000000e+00 
6.0000000e+00 1.7718214e+01 0.0000000e+00 
1.3500000e+01 1.2976351e+01 0.0000000e+00 
8.2500000e+00 1.6996393e+01 0.0000000e+00 
6.7500000e+00 1.7670174e+01 0.0000000e+00 
3.0000000e+00 1.8677864e+01 0.0000000e+00 
1.1250000e+01 1.5211147e+01 0.0000000e+00 
2.2500000e+00 1.8796337e+01 0.0000000e+00 
1.2000000e+01 1.4649956e+01 0.0000000e+00 
3.7500000e+00 1.8574041e+01 0.0000000e+00 
1.0500000e+01 1.5786932e+01 0.0000000e+00 
1.5000000e+00 1.8930471e+01 0.0000000e+00 
1.2750000e+01 1.4103920e+01 0.0000000e+00 
4.5000000e+00 1.8483915e+01 0.0000000e+00 
9.7500000e+00 1.6377317e+01 0.0000000e+00 
7.5000000e-01 1.9081329e+01 0.0000000e+00 
5.2500000e+00 1.8406603e+01 0.0000000e+00 
1.3500000e+01 1.3574187e+01 0.0000000e+00 
7.5000000e+00 1.7632446e+01 0.0000000e+00 
9.0000000e+00 1.6982847e+01 0.0000000e+00 
0.0000000e+00 1.9250000e+01 0.0000000e+00 
6.0000000e+00 1.8341301e+01 0.0000000e+00 
1.4250000e+01 1.3062500e+01 0.0000000e+00 
1.2000000e+01 1.5246646e+01 0.0000000e+00 
1.1250000e+01 1.5808999e+01 0.0000000e+00 
8.2500000e+00 1.7604568e+01 0.0000000e+00 
1.2750000e+01 1.4699529e+01 0.0000000e+00 
1.0500000e+01 1.6386185e+01 0.0000000e+00 
6.7500000e+00 1.8287298e+01 0.0000000e+00 
3.0000000e+00 1.9328655e+01 0.0000000e+00 
1.3500000e+01 1.4168624e+01 0.0000000e+00 
9.7500000e+00 1.6978354e+01 0.0000000e+00 
3.7500000e+00 1.9216885e+01 0.0000000e+00 
2.2500000e+00 1.9455570e+01 0.0000000e+00 
4.5000000e+00 1.9119295e+01 0.0000000e+00 
1.5000000e+00 1.9598644e+01 0.0000000e+00 
7.5000000e+00 1.8243979e+01 0.0000000e+00 
1.4250000e+01 1.3655497e+01 0.0000000e+00 
5.2500000e+00 1.9034985e+01 0.0000000e+00 
9.0000000e+00 1.7586180e+01 0.0000000e+00 
7.5000000e-01 1.9758928e+01 0.0000000e+00 
1.2000000e+01 1.5840332e+01 0.0000000e+00 
6.0000000e+00 1.8963125e+01 0.0000000e+00 
1.1250000e+01 1.6404039e+01 0.0000000e+00 
1.2750000e+01 1.5291972e+01 0.0000000e+00 
0.0000000e+00 1.9937500e+01 0.0000000e+00 
1.0500000e+01 1.6982847e+01 0.0000000e+00 
8.2500000e+00 1.8210827e+01 0.0000000e+00 
1.3500000e+01 1.4759772e+01 0.0000000e+00 
6.7500000e+00 1.8902977e+01 0.0000000e+00 
9.7500000e+00 1.7577047e+01 0.0000000e+00 
1.4250000e+01 1.4245124e+01 0.0000000e+00 
3.0000000e+00 1.9978989e+01 0.0000000e+00 
3.7500000e+00 1.9859106e+01 0.0000000e+00 
2.2500000e+00 2.0114492e+01 0.0000000e+00 
4.5000000e+00 1.9753878e+01 0.0000000e+00 
7.5000000e+00 1.8853882e+01 0.0000000e+00 
9.0000000e+00 1.8187439e+01 0.0000000e+00 
1.5000000e+00 2.0266634e+01 0.0000000e+00 
1.2000000e+01 1.6431133e+01 0.0000000e+00 
1.5000000e+01 1.3750000e+01 0.0000000e+00 
5.2500000e+00 1.9662390e+01 0.0000000e+00 
1.2750000e+01 1.5881369e+01 0.0000000e+00 
1.1250000e+01 1.6996393e+01 0.0000000e+00 
1.3500000e+01 1.5347747e+01 0.0000000e+00 
7.5000000e-01 2.0436451e+01 0.0000000e+00 
1.0500000e+01 1.7577047e+01 0.0000000e+00 
6.0000000e+00 1.9583794e+01 0.0000000e+00 
8.2500000e+00 1.8815289e+01 0.0000000e+00 
1.4250000e+01 1.4831490e+01 0.0000000e+00 
9.7500000e+00 1.8173525e+01 0.0000000e+00 
0.0000000e+00 2.0625000e+01 0.0000000e+00 
6.7500000e+00 1.9517319e+01 0.0000000e+00 
1.5000000e+01 1.4334394e+01 0.0000000e+00 
1.2000000e+01 1.7019173e+01 0.0000000e+00 
1.2750000e+01 1.6467834e+01 0.0000000e+00 
9.0000000e+00 1.8786745e+01 0.0000000e+00 
3.7500000e+00 2.0500782e+01 0.0000000e+00 
3.0000000e+00 2.0628925e+01 0.0000000e+00 
7.5000000e+00 1.9462276e+01 0.0000000e+00 
1.1250000e+01 1.7586180e+01 0.0000000e+00 
4.5000000e+00 2.0387754e+01 0.0000000e+00 
1.3500000e+01 1.5932661e+01 0.0000000e+00 
2.2500000e+00 2.0773155e+01 0.0000000e+00 
5.2500000e+00 2.0288919e+01 0.0000000e+00 
1.0500000e+01 1.8168905e+01 0.0000000e+00 
1.5000000e+00 2.0934477e+01 0.0000000e+00 
1.4250000e+01 1.5414704e+01 0.0000000e+00 
6.0000000e+00 2.0203411e+01 0.0000000e+00 
8.2500000e+00 1.9418076e+01 0.0000000e+00 
7.5000000e-01 2.1113914e+01 0.0000000e+00 
9.7500000e+00 1.8767906e+01 0.0000000e+00 
1.5000000e+01 1.4915586e+01 0.0000000e+00 
6.7500000e+00 2.0130436e+01 0.0000000e+00 
1.2750000e+01 1.7051489e+01 0.0000000e+00 
1.2000000e+01 1.7604568e+01 0.0000000e+00 
0.0000000e+00 2.1312500e+01 0.0000000e+00 
1.3500000e+01 1.6514627e+01 0.0000000e+00 
1.5750000e+01 1.4437500e+01 0.0000000e+00 
9.0000000e+00 1.9384220e+01 0.0000000e+00 
1.1250000e+01 1.8173525e+01 0.0000000e+00 
1.4250000e+01 1.5994875e+01 0.0000000e+00 
7.5000000e+00 2.0069279e+01 0.0000000e+00 
3.7500000e+00 2.1141991e+01 0.0000000e+00 
3.0000000e+00 2.1278534e+01 0.0000000e+00 
4.5000000e+00 2.1021011e+01 0.0000000e+00 
1.0500000e+01 1.8758547e+01 0.0000000e+00 
2.2500000e+00 2.1431610e+01 0.0000000e+00 
5.2500000e+00 2.0914667e+01 0.0000000e+00 
1.5000000e+01 1.5493682e+01 0.0000000e+00 
8.2500000e+00 2.0019306e+01 0.0000000e+00 
1.5000000e+00 2.1602213e+01 0.0000000e+00 
6.0000000e+00 2.0822083e+01 0.0000000e+00 
9.7500000e+00 1.9360319e+01 0.0000000e+00 
1.5750000e+01 1.5013062e+01 0.0000000e+00 
1.2750000e+01 1.7632446e+01 0.0000000e+00 
1.3500000e+01 1.7093760e+01 0.0000000e+00 
1.2000000e+01 1.8187439e+01 0.0000000e+00 
7.5000000e-01 2.1791342e+01 0.0000000e+00 
6.7500000e+00 2.0742441e+01 0.0000000e+00 
1.4250000e+01 1.6572111e+01 0.0000000e+00 
1.1250000e+01 1.8758547e+01 0.0000000e+00 
9.0000000e+00 1.9979986e+01 0.0000000e+00 
1.5000000e+01 1.6068781e+01 0.0000000e+00 
7.5000000e+00 2.0675001e+01 0.0000000e+00 
0.0000000e+00 2.2000000e+01 0.0000000e+00 
1.0500000e+01 1.9346092e+01 0.0000000e+00 
3.7500000e+00 2.1782810e+01 0.0000000e+00 
4.5000000e+00 2.1653738e+01 0.0000000e+00 
3.0000000e+00 2.1927881e+01 0.0000000e+00 
1.5750000e+01 1.5585613e+01 0.0000000e+00 
5.2500000e+00 2.1539734e+01 0.0000000e+00 
2.2500000e+00 2.2089911e+01 0.0000000e+00 
9.7500000e+00 1.9950884e+01 0.0000000e+00 
8.2500000e+00 2.0619101e+01 0.0000000e+00 
1.2750000e+01 1.8210827e+01 0.0000000e+00 
1.3500000e+01 1.7670174e+01 0.0000000e+00 
6.0000000e+00 2.1439913e+01 0.0000000e+00 
1.2000000e+01 1.8767906e+01 0.0000000e+00 
1.4250000e+01 1.7146521e+01 0.0000000e+00 
1.5000000e+00 2.2269875e+01 0.0000000e+00 
1.1250000e+01 1.9341370e+01 0.0000000e+00 
1.6500000e+01 1.5125000e+01 0.0000000e+00 
6.7500000e+00 2.1353443e+01 0.0000000e+00 
1.5000000e+01 1.6640991e+01 0.0000000e+00 
9.0000000e+00 2.0574165e+01 0.0000000e+00 
7.5000000e-01 2.2468750e+01 0.0000000e+00 
1.0500000e+01 1.9931667e+01 0.0000000e+00 
1.5750000e+01 1.6155251e+01 0.0000000e+00 
7.5000000e+00 2.1279562e+01 0.0000000e+00 
0.0000000e+00 2.2687500e+01 0.0000000e+00 
1.3500000e+01 1.8243979e+01 0.0000000e+00 
1.2750000e+01 1.8786745e+01 0.0000000e+00 
3.7500000e+00 2.2423317e+01 0.0000000e+00 
4.5000000e+00 2.2286020e+01 0.0000000e+00 
9.7500000e+00 2.0539722e+01 0.0000000e+00 
1.4250000e+01 1.7718214e+01 0.0000000e+00 
8.2500000e+00 2.1217577e+01 0.0000000e+00 
1.2000000e+01 1.9346092e+01 0.0000000e+00 
1.6500000e+01 1.5691521e+01 0.0000000e+00 
3.0000000e+00 2.2577030e+01 0.0000000e+00 
5.2500000e+00 2.2164213e+01 0.0000000e+00 
1.5000000e+01 1.7210411e+01 0.0000000e+00 
6.0000000e+00 2.2057007e+01 0.0000000e+00 
2.2500000e+00 2.2748106e+01 0.0000000e+00 
1.1250000e+01 1.9922115e+01 0.0000000e+00 
1.5750000e+01 1.6722071e+01 0.0000000e+00 
6.7500000e+00 2.1963554e+01 0.0000000e+00 
1.5000000e+00 2.2937500e+01 0.0000000e+00 
9.0000000e+00 2.1166882e+01 0.0000000e+00 
1.0500000e+01 2.0515392e+01 0.0000000e+00 
7.5000000e+00 2.1883078e+01 0.0000000e+00 
1.3500000e+01 1.8815289e+01 0.0000000e+00 
7.5000000e-01 2.3146158e+01 0.0000000e+00 
1.6500000e+01 1.6255239e+01 0.0000000e+00 
1.2750000e+01 1.9360319e+01 0.0000000e+00 
1.4250000e+01 1.8287298e+01 0.0000000e+00 
1.2000000e+01 1.9922115e+01 0.0000000e+00 
1.5000000e+01 1.7777147e+01 0.0000000e+00 
9.7500000e+00 2.1126961e+01 0.0000000e+00 
8.2500000e+00 2.1814856e+01 0.0000000e+00 
4.5000000e+00 2.2917950e+01 0.0000000e+00 
3.7500000e+00 2.3063591e+01 0.0000000e+00 
0.0000000e+00 2.3375000e+01 0.0000000e+00 
1.1250000e+01 2.0500904e+01 0.0000000e+00 
5.2500000e+00 2.2788206e+01 0.0000000e+00 
1.5750000e+01 1.7286171e+01 0.0000000e+00 
1.7250000e+01 1.5812500e+01 0.0000000e+00 
3.0000000e+00 2.3226048e+01 0.0000000e+00 
6.0000000e+00 2.2673470e+01 0.0000000e+00 
2.2500000e+00 2.3406250e+01 0.0000000e+00 
9.0000000e+00 2.1758255e+01 0.0000000e+00 
1.6500000e+01 1.6816248e+01 0.0000000e+00 
6.7500000e+00 2.2572887e+01 0.0000000e+00 
1.0500000e+01 2.1097395e+01 0.0000000e+00 
1.3500000e+01 1.9384220e+01 0.0000000e+00 
1.4250000e+01 1.8853882e+01 0.0000000e+00 
1.5000000e+00 2.3605125e+01 0.0000000e+00 
1.2750000e+01 1.9931667e+01 0.0000000e+00 
1.5000000e+01 1.8341301e+01 0.0000000e+00 
7.5000000e+00 2.2485662e+01 0.0000000e+00 
1.2000000e+01 2.0496094e+01 0.0000000e+00 
1.7250000e+01 1.6369787e+01 0.0000000e+00 
9.7500000e+00 2.1712721e+01 0.0000000e+00 
1.5750000e+01 1.7847649e+01 0.0000000e+00 
7.5000000e-01 2.3823586e+01 0.0000000e+00 
8.2500000e+00 2.2411058e+01 0.0000000e+00 
1.1250000e+01 2.1077862e+01 0.0000000e+00 
1.6500000e+01 1.7374638e+01 0.0000000e+00 
4.5000000e+00 2.3549614e+01 0.0000000e+00 
5.2500000e+00 2.3411808e+01 0.0000000e+00 
3.7500000e+00 2.3703711e+01 0.0000000e+00 
6.0000000e+00 2.3289406e+01 0.0000000e+00 
0.0000000e+00 2.4062500e+01 0.0000000e+00 
3.0000000e+00 2.3875000e+01 0.0000000e+00 
1.4250000e+01 1.9418076e+01 0.0000000e+00 
1.0500000e+01 2.1677794e+01 0.0000000e+00 
1.3500000e+01 1.9950884e+01 0.0000000e+00 
9.0000000e+00 2.2348408e+01 0.0000000e+00 
1.5000000e+01 1.8902977e+01 0.0000000e+00 
1.2750000e+01 2.0500904e+01 0.0000000e+00 
6.7500000e+00 2.3181551e+01 0.0000000e+00 
1.7250000e+01 1.6924503e+01 0.0000000e+00 
2.2500000e+00 2.4064394e+01 0.0000000e+00 
1.5750000e+01 1.8406603e+01 0.0000000e+00 
1.2000000e+01 2.1068150e+01 0.0000000e+00 
7.5000000e+00 2.3087435e+01 0.0000000e+00 
1.5000000e+00 2.4272787e+01 0.0000000e+00 
9.7500000e+00 2.2297127e+01 0.0000000e+00 
1.6500000e+01 1.7930496e+01 0.0000000e+00 
1.1250000e+01 2.1653111e+01 0.0000000e+00 
1.8000000e+01 1.6500000e+01 0.0000000e+00 
8.2500000e+00 2.3006302e+01 0.0000000e+00 
7.5000000e-01 2.4501049e+01 0.0000000e+00 
1.4250000e+01 1.9979986e+01 0.0000000e+00 
1.7250000e+01 1.7476728e+01 0.0000000e+00 
1.3500000e+01 2.0515392e+01 0.0000000e+00 
1.5000000e+01 1.9462276e+01 0.0000000e+00 
4.5000000e+00 2.4181101e+01 0.0000000e+00 
5.2500000e+00 2.4035118e+01 0.0000000e+00 
1.0500000e+01 2.2256716e+01 0.0000000e+00 
1.2750000e+01 2.1068150e+01 0.0000000e+00 
3.7500000e+00 2.4343750e+01 0.0000000e+00 
9.0000000e+00 2.2937462e+01 0.0000000e+00 
6.0000000e+00 2.3904922e+01 0.0000000e+00 
1.5750000e+01 1.8963125e+01 0.0000000e+00 
3.0000000e+00 2.4523952e+01 0.0000000e+00 
6.7500000e+00 2.3789660e+01 0.0000000e+00 
1.2000000e+01 2.1638405e+01 0.0000000e+00 
0.0000000e+00 2.4750000e+01 0.0000000e+00 
1.6500000e+01 1.8483915e+01 0.0000000e+00 
1.8000000e+01 1.7047884e+01 0.0000000e+00 
2.2500000e+00 2.4722589e+01 0.0000000e+00 
7.5000000e+00 2.3688511e+01 0.0000000e+00 
9.7500000e+00 2.2880299e+01 0.0000000e+00 
1.1250000e+01 2.2226768e+01 0.0000000e+00 
1.7250000e+01 1.8026546e+01 0.0000000e+00 
1.5000000e+00 2.4940523e+01 0.0000000e+00 
1.4250000e+01 2.0539722e+01 0.0000000e+00 
8.2500000e+00 2.3600708e+01 0.0000000e+00 
1.5000000e+01 2.0019306e+01 0.0000000e+00 
1.3500000e+01 2.1077862e+01 0.0000000e+00 
1.5750000e+01 1.9517319e+01 0.0000000e+00 
1.2750000e+01 2.1633520e+01 0.0000000e+00 
1.0500000e+01 2.2834280e+01 0.0000000e+00 
1.8000000e+01 1.7593439e+01 0.0000000e+00 
9.0000000e+00 2.3525539e+01 0.0000000e+00 
7.5000000e-01 2.5178572e+01 0.0000000e+00 
1.6500000e+01 1.9034985e+01 0.0000000e+00 
5.2500000e+00 2.4658234e+01 0.0000000e+00 
4.5000000e+00 2.4812500e+01 0.0000000e+00 
1.2000000e+01 2.2206978e+01 0.0000000e+00 
6.0000000e+00 2.4520124e+01 0.0000000e+00 
3.7500000e+00 2.4983789e+01 0.0000000e+00 
6.7500000e+00 2.4397322e+01 0.0000000e+00 
1.7250000e+01 1.8574041e+01 0.0000000e+00 
3.0000000e+00 2.5172970e+01 0.0000000e+00 
9.7500000e+00 2.3462364e+01 0.0000000e+00 
7.5000000e+00 2.4289005e+01 0.0000000e+00 
1.1250000e+01 2.2798960e+01 0.0000000e+00 
1.8750000e+01 1.7187500e+01 0.0000000e+00 
0.0000000e+00 2.5437500e+01 0.0000000e+00 
1.4250000e+01 2.1097395e+01 0.0000000e+00 
1.5000000e+01 2.0574165e+01 0.0000000e+00 
2.2500000e+00 2.5380890e+01 0.0000000e+00 
1.3500000e+01 2.1638405e+01 0.0000000e+00 
1.5750000e+01 2.0069279e+01 0.0000000e+00 
1.8000000e+01 1.8136740e+01 0.0000000e+00 
8.2500000e+00 2.4194395e+01 0.0000000e+00 
1.2750000e+01 2.2197134e+01 0.0000000e+00 
1.6500000e+01 1.9583794e+01 0.0000000e+00 
1.5000000e+00 2.5608366e+01 0.0000000e+00 
1.0500000e+01 2.3410614e+01 0.0000000e+00 
9.0000000e+00 2.4112764e+01 0.0000000e+00 
1.2000000e+01 2.2773987e+01 0.0000000e+00 
1.7250000e+01 1.9119295e+01 0.0000000e+00 
1.8750000e+01 1.7725826e+01 0.0000000e+00 
5.2500000e+00 2.5281250e+01 0.0000000e+00 
4.5000000e+00 2.5443899e+01 0.0000000e+00 
6.0000000e+00 2.5135115e+01 0.0000000e+00 
7.5000000e-01 2.5856171e+01 0.0000000e+00 
3.7500000e+00 2.5623909e+01 0.0000000e+00 
6.7500000e+00 2.5004650e+01 0.0000000e+00 
1.5000000e+01 2.1126961e+01 0.0000000e+00 
1.4250000e+01 2.1653111e+01 0.0000000e+00 
1.1250000e+01 2.3369808e+01 0.0000000e+00 
1.8000000e+01 1.8677864e+01 0.0000000e+00 
9.7500000e+00 2.4043444e+01 0.0000000e+00 
1.5750000e+01 2.0619101e+01 0.0000000e+00 
1.3500000e+01 2.2197134e+01 0.0000000e+00 
7.5000000e+00 2.4889036e+01 0.0000000e+00 
3.0000000e+00 2.5822119e+01 0.0000000e+00 
1.6500000e+01 2.0130436e+01 0.0000000e+00 
1.2750000e+01 2.2759106e+01 0.0000000e+00 
8.2500000e+00 2.4787485e+01 0.0000000e+00 
0.0000000e+00 2.6125000e+01 0.0000000e+00 
2.2500000e+00 2.6039345e+01 0.0000000e+00 
1.7250000e+01 1.9662390e+01 0.0000000e+00 
1.8750000e+01 1.8262083e+01 0.0000000e+00 
1.0500000e+01 2.3985840e+01 0.0000000e+00 
1.2000000e+01 2.3339556e+01 0.0000000e+00 
9.0000000e+00 2.4699255e+01 0.0000000e+00 
1.5000000e+00 2.6276356e+01 0.0000000e+00 
1.8000000e+01 1.9216885e+01 0.0000000e+00 
1.5000000e+01 2.1677794e+01 0.0000000e+00 
1.5750000e+01 2.1166882e+01 0.0000000e+00 
1.4250000e+01 2.2206978e+01 0.0000000e+00 
5.2500000e+00 2.5904266e+01 0.0000000e+00 
6.0000000e+00 2.5750000e+01 0.0000000e+00 
1.1250000e+01 2.3939436e+01 0.0000000e+00 
1.6500000e+01 2.0675001e+01 0.0000000e+00 
1.9500000e+01 1.7875000e+01 0.0000000e+00 
1.3500000e+01 2.2754162e+01 0.0000000e+00 
4.5000000e+00 2.6075386e+01 0.0000000e+00 
9.7500000e+00 2.4623659e+01 0.0000000e+00 
6.7500000e+00 2.5611755e+01 0.0000000e+00 
3.7500000e+00 2.6264183e+01 0.0000000e+00 
7.5000000e-01 2.6533865e+01 0.0000000e+00 
1.8750000e+01 1.8796337e+01 0.0000000e+00 
1.7250000e+01 2.0203411e+01 0.0000000e+00 
7.5000000e+00 2.5488718e+01 0.0000000e+00 
1.2750000e+01 2.3319553e+01 0.0000000e+00 
3.0000000e+00 2.6471466e+01 0.0000000e+00 
8.2500000e+00 2.5380095e+01 0.0000000e+00 
1.0500000e+01 2.4560078e+01 0.0000000e+00 
1.8000000e+01 1.9753878e+01 0.0000000e+00 
1.2000000e+01 2.3903801e+01 0.0000000e+00 
2.2500000e+00 2.6698008e+01 0.0000000e+00 
0.0000000e+00 2.6812500e+01 0.0000000e+00 
1.9500000e+01 1.8403635e+01 0.0000000e+00 
1.5000000e+01 2.2226768e+01 0.0000000e+00 
1.5750000e+01 2.1712721e+01 0.0000000e+00 
9.0000000e+00 2.5285135e+01 0.0000000e+00 
1.4250000e+01 2.2759106e+01 0.0000000e+00 
1.6500000e+01 2.1217577e+01 0.0000000e+00 
1.8750000e+01 1.9328655e+01 0.0000000e+00 
1.3500000e+01 2.3309603e+01 0.0000000e+00 
1.1250000e+01 2.4507961e+01 0.0000000e+00 
1.7250000e+01 2.0742441e+01 0.0000000e+00 
1.5000000e+00 2.6944529e+01 0.0000000e+00 
9.7500000e+00 2.5203136e+01 0.0000000e+00 
6.0000000e+00 2.6364885e+01 0.0000000e+00 
5.2500000e+00 2.6527382e+01 0.0000000e+00 
1.2750000e+01 2.3878595e+01 0.0000000e+00 
6.7500000e+00 2.6218750e+01 0.0000000e+00 
4.5000000e+00 2.6707050e+01 0.0000000e+00 
1.8000000e+01 2.0288919e+01 0.0000000e+00 
7.5000000e+00 2.6088167e+01 0.0000000e+00 
3.7500000e+00 2.6904690e+01 0.0000000e+00 
1.9500000e+01 1.8930471e+01 0.0000000e+00 
7.5000000e-01 2.7211674e+01 0.0000000e+00 
1.0500000e+01 2.5133453e+01 0.0000000e+00 
8.2500000e+00 2.5972347e+01 0.0000000e+00 
1.2000000e+01 2.4466846e+01 0.0000000e+00 
1.5750000e+01 2.2256716e+01 0.0000000e+00 
1.5000000e+01 2.2773987e+01 0.0000000e+00 
3.0000000e+00 2.7121075e+01 0.0000000e+00 
1.6500000e+01 2.1758255e+01 0.0000000e+00 
1.8750000e+01 1.9859106e+01 0.0000000e+00 
1.4250000e+01 2.3309603e+01 0.0000000e+00 
9.0000000e+00 2.5870529e+01 0.0000000e+00 
1.7250000e+01 2.1279562e+01 0.0000000e+00 
1.3500000e+01 2.3863571e+01 0.0000000e+00 
2.2500000e+00 2.7356930e+01 0.0000000e+00 
2.0250000e+01 1.8562500e+01 0.0000000e+00 
1.1250000e+01 2.5075512e+01 0.0000000e+00 
0.0000000e+00 2.7500000e+01 0.0000000e+00 
1.8000000e+01 2.0822083e+01 0.0000000e+00 
1.9500000e+01 1.9455570e+01 0.0000000e+00 
1.2750000e+01 2.4436348e+01 0.0000000e+00 
9.7500000e+00 2.5782000e+01 0.0000000e+00 
6.0000000e+00 2.6979876e+01 0.0000000e+00 
5.2500000e+00 2.7150692e+01 0.0000000e+00 
1.5000000e+00 2.7612917e+01 0.0000000e+00 
6.7500000e+00 2.6825745e+01 0.0000000e+00 
1.8750000e+01 2.0387754e+01 0.0000000e+00 
4.5000000e+00 2.7338980e+01 0.0000000e+00 
1.5750000e+01 2.2798960e+01 0.0000000e+00 
7.5000000e+00 2.6687500e+01 0.0000000e+00 
1.5000000e+01 2.3319553e+01 0.0000000e+00 
1.6500000e+01 2.2297127e+01 0.0000000e+00 
1.2000000e+01 2.5028809e+01 0.0000000e+00 
1.0500000e+01 2.5706091e+01 0.0000000e+00 
1.4250000e+01 2.3858580e+01 0.0000000e+00 
3.7500000e+00 2.7545509e+01 0.0000000e+00 
1.7250000e+01 2.1814856e+01 0.0000000e+00 
8.2500000e+00 2.6564358e+01 0.0000000e+00 
2.0250000e+01 1.9081329e+01 0.0000000e+00 
7.5000000e-01 2.7889616e+01 0.0000000e+00 
1.3500000e+01 2.4416178e+01 0.0000000e+00 
1.9500000e+01 1.9978989e+01 0.0000000e+00 
1.8000000e+01 2.1353443e+01 0.0000000e+00 
3.0000000e+00 2.7771011e+01 0.0000000e+00 
9.0000000e+00 2.6455557e+01 0.0000000e+00 
1.1250000e+01 2.5642206e+01 0.0000000e+00 
1.2750000e+01 2.4992928e+01 0.0000000e+00 
1.8750000e+01 2.0914667e+01 0.0000000e+00 
9.7500000e+00 2.6360367e+01 0.0000000e+00 
2.2500000e+00 2.8016163e+01 0.0000000e+00 
1.5750000e+01 2.3339556e+01 0.0000000e+00 
1.6500000e+01 2.2834280e+01 0.0000000e+00 
2.0250000e+01 1.9598644e+01 0.0000000e+00 
1.5000000e+01 2.3863571e+01 0.0000000e+00 
0.0000000e+00 2.8187500e+01 0.0000000e+00 
1.7250000e+01 2.2348408e+01 0.0000000e+00 
6.0000000e+00 2.7595078e+01 0.0000000e+00 
6.7500000e+00 2.7432850e+01 0.0000000e+00 
1.4250000e+01 2.4406143e+01 0.0000000e+00 
1.2000000e+01 2.5589811e+01 0.0000000e+00 
5.2500000e+00 2.7774294e+01 0.0000000e+00 
1.9500000e+01 2.0500782e+01 0.0000000e+00 
1.0500000e+01 2.6278112e+01 0.0000000e+00 
7.5000000e+00 2.7286833e+01 0.0000000e+00 
1.5000000e+00 2.8281561e+01 0.0000000e+00 
4.5000000e+00 2.7971262e+01 0.0000000e+00 
1.8000000e+01 2.1883078e+01 0.0000000e+00 
8.2500000e+00 2.7156250e+01 0.0000000e+00 
1.3500000e+01 2.4967539e+01 0.0000000e+00 
3.7500000e+00 2.8186718e+01 0.0000000e+00 
1.8750000e+01 2.1439913e+01 0.0000000e+00 
2.1000000e+01 1.9250000e+01 0.0000000e+00 
9.0000000e+00 2.7040339e+01 0.0000000e+00 
1.1250000e+01 2.6208166e+01 0.0000000e+00 
2.0250000e+01 2.0114492e+01 0.0000000e+00 
1.2750000e+01 2.5548454e+01 0.0000000e+00 
7.5000000e-01 2.8567713e+01 0.0000000e+00 
3.0000000e+00 2.8421345e+01 0.0000000e+00 
1.5750000e+01 2.3878595e+01 0.0000000e+00 
1.6500000e+01 2.3369808e+01 0.0000000e+00 
1.5000000e+01 2.4406143e+01 0.0000000e+00 
9.7500000e+00 2.6938368e+01 0.0000000e+00 
1.7250000e+01 2.2880299e+01 0.0000000e+00 
1.9500000e+01 2.1021011e+01 0.0000000e+00 
1.4250000e+01 2.4952400e+01 0.0000000e+00 
1.8000000e+01 2.2411058e+01 0.0000000e+00 
2.2500000e+00 2.8675760e+01 0.0000000e+00 
1.2000000e+01 2.6149971e+01 0.0000000e+00 
1.0500000e+01 2.6849640e+01 0.0000000e+00 
2.1000000e+01 1.9758928e+01 0.0000000e+00 
6.7500000e+00 2.8040178e+01 0.0000000e+00 
6.0000000e+00 2.8210594e+01 0.0000000e+00 
1.3500000e+01 2.5517765e+01 0.0000000e+00 
0.0000000e+00 2.8875000e+01 0.0000000e+00 
7.5000000e+00 2.7886282e+01 0.0000000e+00 
1.8750000e+01 2.1963554e+01 0.0000000e+00 
5.2500000e+00 2.8398287e+01 0.0000000e+00 
2.0250000e+01 2.0628925e+01 0.0000000e+00 
8.2500000e+00 2.7748142e+01 0.0000000e+00 
4.5000000e+00 2.8603989e+01 0.0000000e+00 
1.5000000e+00 2.8950497e+01 0.0000000e+00 
1.1250000e+01 2.6773516e+01 0.0000000e+00 
1.6500000e+01 2.3903801e+01 0.0000000e+00 
1.2750000e+01 2.6103041e+01 0.0000000e+00 
9.0000000e+00 2.7625000e+01 0.0000000e+00 
1.9500000e+01 2.1539734e+01 0.0000000e+00 
1.5750000e+01 2.4416178e+01 0.0000000e+00 
3.7500000e+00 2.8828394e+01 0.0000000e+00 
1.7250000e+01 2.3410614e+01 0.0000000e+00 
1.5000000e+01 2.4947371e+01 0.0000000e+00 
1.8000000e+01 2.2937462e+01 0.0000000e+00 
2.1000000e+01 2.0266634e+01 0.0000000e+00 
9.7500000e+00 2.7516121e+01 0.0000000e+00 
1.4250000e+01 2.5497465e+01 0.0000000e+00 
3.0000000e+00 2.9072136e+01 0.0000000e+00 
7.5000000e-01 2.9245979e+01 0.0000000e+00 
2.0250000e+01 2.1141991e+01 0.0000000e+00 
1.8750000e+01 2.2485662e+01 0.0000000e+00 
1.2000000e+01 2.6709410e+01 0.0000000e+00 
1.3500000e+01 2.6066973e+01 0.0000000e+00 
1.0500000e+01 2.7420799e+01 0.0000000e+00 
2.2500000e+00 2.9335772e+01 0.0000000e+00 
6.7500000e+00 2.8647840e+01 0.0000000e+00 
1.9500000e+01 2.2057007e+01 0.0000000e+00 
6.0000000e+00 2.8826530e+01 0.0000000e+00 
7.5000000e+00 2.8485964e+01 0.0000000e+00 
1.6500000e+01 2.4436348e+01 0.0000000e+00 
5.2500000e+00 2.9022766e+01 0.0000000e+00 
2.1750000e+01 1.9937500e+01 0.0000000e+00 
1.7250000e+01 2.3939436e+01 0.0000000e+00 
1.5750000e+01 2.4952400e+01 0.0000000e+00 
8.2500000e+00 2.8340153e+01 0.0000000e+00 
2.1000000e+01 2.0773155e+01 0.0000000e+00 
1.2750000e+01 2.6656809e+01 0.0000000e+00 
0.0000000e+00 2.9562500e+01 0.0000000e+00 
1.1250000e+01 2.7338377e+01 0.0000000e+00 
1.8000000e+01 2.3462364e+01 0.0000000e+00 
1.5000000e+01 2.5487362e+01 0.0000000e+00 
4.5000000e+00 2.9237246e+01 0.0000000e+00 
9.0000000e+00 2.8209661e+01 0.0000000e+00 
2.0250000e+01 2.1653738e+01 0.0000000e+00 
1.5000000e+00 2.9619761e+01 0.0000000e+00 
1.8750000e+01 2.3006302e+01 0.0000000e+00 
1.4250000e+01 2.6041441e+01 0.0000000e+00 
3.7500000e+00 2.9470615e+01 0.0000000e+00 
9.7500000e+00 2.8093750e+01 0.0000000e+00 
1.2000000e+01 2.7268250e+01 0.0000000e+00 
1.9500000e+01 2.2572887e+01 0.0000000e+00 
1.3500000e+01 2.6615271e+01 0.0000000e+00 
2.1750000e+01 2.0436451e+01 0.0000000e+00 
3.0000000e+00 2.9723454e+01 0.0000000e+00 
2.1000000e+01 2.1278534e+01 0.0000000e+00 
1.0500000e+01 2.7991711e+01 0.0000000e+00 
1.6500000e+01 2.4967539e+01 0.0000000e+00 
7.5000000e-01 2.9924438e+01 0.0000000e+00 
1.7250000e+01 2.4466846e+01 0.0000000e+00 
1.5750000e+01 2.5487362e+01 0.0000000e+00 
1.8000000e+01 2.3985840e+01 0.0000000e+00 
2.0250000e+01 2.2164213e+01 0.0000000e+00 
6.7500000e+00 2.9255949e+01 0.0000000e+00 
7.5000000e+00 2.9085995e+01 0.0000000e+00 
1.5000000e+01 2.6026217e+01 0.0000000e+00 
6.0000000e+00 2.9442993e+01 0.0000000e+00 
1.2750000e+01 2.7209873e+01 0.0000000e+00 
2.2500000e+00 2.9996252e+01 0.0000000e+00 
1.8750000e+01 2.3525539e+01 0.0000000e+00 
1.1250000e+01 2.7902872e+01 0.0000000e+00 
8.2500000e+00 2.8932405e+01 0.0000000e+00 
5.2500000e+00 2.9647833e+01 0.0000000e+00 
1.4250000e+01 2.6584438e+01 0.0000000e+00 
9.0000000e+00 2.8794443e+01 0.0000000e+00 
2.1750000e+01 2.0934477e+01 0.0000000e+00 
4.5000000e+00 2.9871122e+01 0.0000000e+00 
1.9500000e+01 2.3087435e+01 0.0000000e+00 
0.0000000e+00 3.0250000e+01 0.0000000e+00 
2.1000000e+01 2.1782810e+01 0.0000000e+00 
9.7500000e+00 2.8671379e+01 0.0000000e+00 
1.2000000e+01 2.7826609e+01 0.0000000e+00 
1.5000000e+00 3.0289387e+01 0.0000000e+00 
1.3500000e+01 2.7162777e+01 0.0000000e+00 
3.7500000e+00 3.0113459e+01 0.0000000e+00 
1.7250000e+01 2.4992928e+01 0.0000000e+00 
1.6500000e+01 2.5497465e+01 0.0000000e+00 
2.0250000e+01 2.2673470e+01 0.0000000e+00 
1.8000000e+01 2.4507961e+01 0.0000000e+00 
1.5750000e+01 2.6021156e+01 0.0000000e+00 
1.0500000e+01 2.8562500e+01 0.0000000e+00 
1.8750000e+01 2.4043444e+01 0.0000000e+00 
1.5000000e+01 2.6564037e+01 0.0000000e+00 
2.2500000e+01 2.0625000e+01 0.0000000e+00 
3.0000000e+00 3.0375362e+01 0.0000000e+00 
2.1750000e+01 2.1431610e+01 0.0000000e+00 
1.2750000e+01 2.7762352e+01 0.0000000e+00 
1.1250000e+01 2.8467121e+01 0.0000000e+00 
7.5000000e-01 3.0603106e+01 0.0000000e+00 
1.9500000e+01 2.3600708e+01 0.0000000e+00 
6.7500000e+00 2.9864613e+01 0.0000000e+00 
7.5000000e+00 2.9686489e+01 0.0000000e+00 
2.1000000e+01 2.2286020e+01 0.0000000e+00 
1.4250000e+01 2.7126568e+01 0.0000000e+00 
6.0000000e+00 3.0060087e+01 0.0000000e+00 
8.2500000e+00 2.9525015e+01 0.0000000e+00 
5.2500000e+00 3.0273581e+01 0.0000000e+00 
9.0000000e+00 2.9379471e+01 0.0000000e+00 
2.2500000e+00 3.0657249e+01 0.0000000e+00 
2.0250000e+01 2.3181551e+01 0.0000000e+00 
1.7250000e+01 2.5517765e+01 0.0000000e+00 
1.6500000e+01 2.6026217e+01 0.0000000e+00 
1.2000000e+01 2.8384605e+01 0.0000000e+00 
1.3500000e+01 2.7709604e+01 0.0000000e+00 
1.8000000e+01 2.5028809e+01 0.0000000e+00 
9.7500000e+00 2.9249132e+01 0.0000000e+00 
4.5000000e+00 3.0505705e+01 0.0000000e+00 
2.2500000e+01 2.1113914e+01 0.0000000e+00 
1.5750000e+01 2.6553883e+01 0.0000000e+00 
2.1750000e+01 2.1927881e+01 0.0000000e+00 
1.8750000e+01 2.4560078e+01 0.0000000e+00 
0.0000000e+00 3.0937500e+01 0.0000000e+00 
1.0500000e+01 2.9133289e+01 0.0000000e+00 
1.5000000e+01 2.7100929e+01 0.0000000e+00 
3.7500000e+00 3.0757004e+01 0.0000000e+00 
2.1000000e+01 2.2788206e+01 0.0000000e+00 
1.5000000e+00 3.0959414e+01 0.0000000e+00 
1.9500000e+01 2.4112764e+01 0.0000000e+00 
1.2750000e+01 2.8314362e+01 0.0000000e+00 
1.4250000e+01 2.7667934e+01 0.0000000e+00 
1.1250000e+01 2.9031250e+01 0.0000000e+00 
2.0250000e+01 2.3688511e+01 0.0000000e+00 
3.0000000e+00 3.1027929e+01 0.0000000e+00 
2.2500000e+01 2.1602213e+01 0.0000000e+00 
7.5000000e+00 3.0287565e+01 0.0000000e+00 
6.7500000e+00 3.0473946e+01 0.0000000e+00 
8.2500000e+00 3.0118105e+01 0.0000000e+00 
1.7250000e+01 2.6041441e+01 0.0000000e+00 
2.1750000e+01 2.2423317e+01 0.0000000e+00 
1.8000000e+01 2.5548454e+01 0.0000000e+00 
6.0000000e+00 3.0677917e+01 0.0000000e+00 
1.6500000e+01 2.6553883e+01 0.0000000e+00 
9.0000000e+00 2.9964865e+01 0.0000000e+00 
7.5000000e-01 3.1282003e+01 0.0000000e+00 
1.8750000e+01 2.5075512e+01 0.0000000e+00 
1.3500000e+01 2.8255863e+01 0.0000000e+00 
1.2000000e+01 2.8942362e+01 0.0000000e+00 
1.5750000e+01 2.7085638e+01 0.0000000e+00 
5.2500000e+00 3.0900110e+01 0.0000000e+00 
2.1000000e+01 2.3289406e+01 0.0000000e+00 
9.7500000e+00 2.9827133e+01 0.0000000e+00 
2.2500000e+00 3.1318819e+01 0.0000000e+00 
1.9500000e+01 2.4623659e+01 0.0000000e+00 
1.5000000e+01 2.7636995e+01 0.0000000e+00 
4.5000000e+00 3.1141085e+01 0.0000000e+00 
1.0500000e+01 2.9704201e+01 0.0000000e+00 
2.2500000e+01 2.2089911e+01 0.0000000e+00 
2.3250000e+01 2.1312500e+01 0.0000000e+00 
2.0250000e+01 2.4194395e+01 0.0000000e+00 
1.2750000e+01 2.8866020e+01 0.0000000e+00 
2.1750000e+01 2.2917950e+01 0.0000000e+00 
1.4250000e+01 2.8208651e+01 0.0000000e+00 
3.7500000e+00 3.1401329e+01 0.0000000e+00 
0.0000000e+00 3.1625000e+01 0.0000000e+00 
1.1250000e+01 2.9595379e+01 0.0000000e+00 
1.5000000e+00 3.1629877e+01 0.0000000e+00 
1.7250000e+01 2.6564037e+01 0.0000000e+00 
1.8000000e+01 2.6066973e+01 0.0000000e+00 
1.6500000e+01 2.7080555e+01 0.0000000e+00 
1.8750000e+01 2.5589811e+01 0.0000000e+00 
2.1000000e+01 2.3789660e+01 0.0000000e+00 
7.5000000e+00 3.0889338e+01 0.0000000e+00 
1.5750000e+01 2.7616518e+01 0.0000000e+00 
8.2500000e+00 3.0711792e+01 0.0000000e+00 
6.7500000e+00 3.1084057e+01 0.0000000e+00 
1.3500000e+01 2.8801670e+01 0.0000000e+00 
1.9500000e+01 2.5133453e+01 0.0000000e+00 
3.0000000e+00 3.1681219e+01 0.0000000e+00 
1.2000000e+01 2.9500000e+01 0.0000000e+00 
9.0000000e+00 3.0550745e+01 0.0000000e+00 
2.3250000e+01 2.1791342e+01 0.0000000e+00 
6.0000000e+00 3.1296589e+01 0.0000000e+00 
2.2500000e+01 2.2577030e+01 0.0000000e+00 
1.5000000e+01 2.8172338e+01 0.0000000e+00 
9.7500000e+00 3.0405500e+01 0.0000000e+00 
2.0250000e+01 2.4699255e+01 0.0000000e+00 
2.1750000e+01 2.3411808e+01 0.0000000e+00 
5.2500000e+00 3.1527515e+01 0.0000000e+00 
7.5000000e-01 3.1961149e+01 0.0000000e+00 
1.0500000e+01 3.0275360e+01 0.0000000e+00 
2.2500000e+00 3.1981010e+01 0.0000000e+00 
1.2750000e+01 2.9417444e+01 0.0000000e+00 
1.4250000e+01 2.8748823e+01 0.0000000e+00 
4.5000000e+00 3.1777351e+01 0.0000000e+00 
1.8000000e+01 2.6584438e+01 0.0000000e+00 
2.1000000e+01 2.4289005e+01 0.0000000e+00 
1.7250000e+01 2.7085638e+01 0.0000000e+00 
1.8750000e+01 2.6103041e+01 0.0000000e+00 
1.6500000e+01 2.7606325e+01 0.0000000e+00 
1.1250000e+01 3.0159628e+01 0.0000000e+00 
2.3250000e+01 2.2269875e+01 0.0000000e+00 
1.9500000e+01 2.5642206e+01 0.0000000e+00 
2.2500000e+01 2.3063591e+01 0.0000000e+00 
1.5750000e+01 2.8146622e+01 0.0000000e+00 
3.7500000e+00 3.2046509e+01 0.0000000e+00 
1.3500000e+01 2.9347136e+01 0.0000000e+00 
0.0000000e+00 3.2312500e+01 0.0000000e+00 
2.1750000e+01 2.3904922e+01 0.0000000e+00 
2.0250000e+01 2.5203136e+01 0.0000000e+00 
1.5000000e+00 3.2300812e+01 0.0000000e+00 
1.2000000e+01 3.0057638e+01 0.0000000e+00 
7.5000000e+00 3.1491922e+01 0.0000000e+00 
8.2500000e+00 3.1306198e+01 0.0000000e+00 
1.5000000e+01 2.8707062e+01 0.0000000e+00 
6.7500000e+00 3.1695059e+01 0.0000000e+00 
9.0000000e+00 3.1137236e+01 0.0000000e+00 
3.0000000e+00 3.2335297e+01 0.0000000e+00 
6.0000000e+00 3.1916206e+01 0.0000000e+00 
9.7500000e+00 3.0984364e+01 0.0000000e+00 
2.1000000e+01 2.4787485e+01 0.0000000e+00 
2.3250000e+01 2.2748106e+01 0.0000000e+00 
1.8000000e+01 2.7100929e+01 0.0000000e+00 
1.7250000e+01 2.7606325e+01 0.0000000e+00 
1.8750000e+01 2.6615271e+01 0.0000000e+00 
2.4000000e+01 2.2000000e+01 0.0000000e+00 
1.2750000e+01 2.9968750e+01 0.0000000e+00 
2.2500000e+01 2.3549614e+01 0.0000000e+00 
1.4250000e+01 2.9288559e+01 0.0000000e+00 
5.2500000e+00 3.2155899e+01 0.0000000e+00 
1.0500000e+01 3.0846888e+01 0.0000000e+00 
1.6500000e+01 2.8131281e+01 0.0000000e+00 
1.9500000e+01 2.6149971e+01 0.0000000e+00 
7.5000000e-01 3.2640564e+01 0.0000000e+00 
2.1750000e+01 2.4397322e+01 0.0000000e+00 
1.5750000e+01 2.8676046e+01 0.0000000e+00 
1.1250000e+01 3.0724123e+01 0.0000000e+00 
2.2500000e+00 3.2643875e+01 0.0000000e+00 
2.0250000e+01 2.5706091e+01 0.0000000e+00 
4.5000000e+00 3.2414589e+01 0.0000000e+00 
1.3500000e+01 2.9892374e+01 0.0000000e+00 
2.3250000e+01 2.3226048e+01 0.0000000e+00 
1.5000000e+01 2.9241268e+01 0.0000000e+00 
2.1000000e+01 2.5285135e+01 0.0000000e+00 
2.4000000e+01 2.2468750e+01 0.0000000e+00 
1.2000000e+01 3.0615395e+01 0.0000000e+00 
3.7500000e+00 3.2692623e+01 0.0000000e+00 
2.2500000e+01 2.4035118e+01 0.0000000e+00 
8.2500000e+00 3.1901442e+01 0.0000000e+00 
7.5000000e+00 3.2095440e+01 0.0000000e+00 
1.8000000e+01 2.7616518e+01 0.0000000e+00 
1.8750000e+01 2.7126568e+01 0.0000000e+00 
9.0000000e+00 3.1724461e+01 0.0000000e+00 
1.7250000e+01 2.8126183e+01 0.0000000e+00 
0.0000000e+00 3.3000000e+01 0.0000000e+00 
6.7500000e+00 3.2307064e+01 0.0000000e+00 
1.5000000e+00 3.2972260e+01 0.0000000e+00 
1.9500000e+01 2.6656809e+01 0.0000000e+00 
9.7500000e+00 3.1563841e+01 0.0000000e+00 
2.1750000e+01 2.4889036e+01 0.0000000e+00 
1.4250000e+01 2.9827971e+01 0.0000000e+00 
1.6500000e+01 2.8655516e+01 0.0000000e+00 
1.2750000e+01 3.0520056e+01 0.0000000e+00 
6.0000000e+00 3.2536873e+01 0.0000000e+00 
2.0250000e+01 2.6208166e+01 0.0000000e+00 
3.0000000e+00 3.2990227e+01 0.0000000e+00 
1.0500000e+01 3.1418909e+01 0.0000000e+00 
1.5750000e+01 2.9204887e+01 0.0000000e+00 
2.4000000e+01 2.2937500e+01 0.0000000e+00 
2.3250000e+01 2.3703711e+01 0.0000000e+00 
5.2500000e+00 3.2785355e+01 0.0000000e+00 
1.1250000e+01 3.1288984e+01 0.0000000e+00 
2.1000000e+01 2.5782000e+01 0.0000000e+00 
2.2500000e+01 2.4520124e+01 0.0000000e+00 
1.3500000e+01 3.0437500e+01 0.0000000e+00 
7.5000000e-01 3.3320263e+01 0.0000000e+00 
1.5000000e+01 2.9775063e+01 0.0000000e+00 
4.5000000e+00 3.3052887e+01 0.0000000e+00 
2.2500000e+00 3.3307468e+01 0.0000000e+00 
1.8750000e+01 2.7636995e+01 0.0000000e+00 
1.8000000e+01 2.8131281e+01 0.0000000e+00 
1.2000000e+01 3.1173391e+01 0.0000000e+00 
2.1750000e+01 2.5380095e+01 0.0000000e+00 
1.9500000e+01 2.7162777e+01 0.0000000e+00 
1.7250000e+01 2.8645294e+01 0.0000000e+00 
2.0250000e+01 2.6709410e+01 0.0000000e+00 
1.6500000e+01 2.9179117e+01 0.0000000e+00 
2.4000000e+01 2.3406250e+01 0.0000000e+00 
8.2500000e+00 3.2497643e+01 0.0000000e+00 
9.0000000e+00 3.2312538e+01 0.0000000e+00 
1.4250000e+01 3.0367165e+01 0.0000000e+00 
2.3250000e+01 2.4181101e+01 0.0000000e+00 
7.5000000e+00 3.2700001e+01 0.0000000e+00 
3.7500000e+00 3.3339752e+01 0.0000000e+00 
2.4750000e+01 2.2687500e+01 0.0000000e+00 
1.2750000e+01 3.1071480e+01 0.0000000e+00 
9.7500000e+00 3.2144058e+01 0.0000000e+00 
6.7500000e+00 3.2920181e+01 0.0000000e+00 
2.2500000e+01 2.5004650e+01 0.0000000e+00 
2.1000000e+01 2.6278112e+01 0.0000000e+00 
1.5750000e+01 2.9733242e+01 0.0000000e+00 
1.0500000e+01 3.1991547e+01 0.0000000e+00 
1.5000000e+00 3.3644249e+01 0.0000000e+00 
0.0000000e+00 3.3687500e+01 0.0000000e+00 
6.0000000e+00 3.3158699e+01 0.0000000e+00 
3.0000000e+00 3.3646080e+01 0.0000000e+00 
1.1250000e+01 3.1854334e+01 0.0000000e+00 
1.3500000e+01 3.0982626e+01 0.0000000e+00 
2.1750000e+01 2.5870529e+01 0.0000000e+00 
1.5000000e+01 3.0308548e+01 0.0000000e+00 
1.8750000e+01 2.8146622e+01 0.0000000e+00 
5.2500000e+00 3.3415977e+01 0.0000000e+00 
1.8000000e+01 2.8645294e+01 0.0000000e+00 
1.9500000e+01 2.7667934e+01 0.0000000e+00 
2.4000000e+01 2.3875000e+01 0.0000000e+00 
1.7250000e+01 2.9163740e+01 0.0000000e+00 
2.4750000e+01 2.3146158e+01 0.0000000e+00 
2.3250000e+01 2.4658234e+01 0.0000000e+00 
2.0250000e+01 2.7209873e+01 0.0000000e+00 
1.2000000e+01 3.1731750e+01 0.0000000e+00 
1.6500000e+01 2.9702175e+01 0.0000000e+00 
4.5000000e+00 3.3692341e+01 0.0000000e+00 
2.2500000e+01 2.5488718e+01 0.0000000e+00 
7.5000000e-01 3.4000267e+01 0.0000000e+00 
2.1000000e+01 2.6773516e+01 0.0000000e+00 
1.4250000e+01 3.0906250e+01 0.0000000e+00 
2.2500000e+00 3.3971840e+01 0.0000000e+00 
1.2750000e+01 3.1623138e+01 0.0000000e+00 
8.2500000e+00 3.3094925e+01 0.0000000e+00 
9.0000000e+00 3.2901592e+01 0.0000000e+00 
1.5750000e+01 3.0261209e+01 0.0000000e+00 
7.5000000e+00 3.3305721e+01 0.0000000e+00 
9.7500000e+00 3.2725136e+01 0.0000000e+00 
2.1750000e+01 2.6360367e+01 0.0000000e+00 
2.4000000e+01 2.4343750e+01 0.0000000e+00 
3.7500000e+00 3.3987972e+01 0.0000000e+00 
2.4750000e+01 2.3605125e+01 0.0000000e+00 
6.7500000e+00 3.3534523e+01 0.0000000e+00 
1.0500000e+01 3.2564922e+01 0.0000000e+00 
2.3250000e+01 2.5135115e+01 0.0000000e+00 
1.8750000e+01 2.8655516e+01 0.0000000e+00 
1.9500000e+01 2.8172338e+01 0.0000000e+00 
1.8000000e+01 2.9158630e+01 0.0000000e+00 
1.5000000e+01 3.0841825e+01 0.0000000e+00 
1.3500000e+01 3.1527864e+01 0.0000000e+00 
6.0000000e+00 3.3781784e+01 0.0000000e+00 
1.1250000e+01 3.2420296e+01 0.0000000e+00 
2.0250000e+01 2.7709604e+01 0.0000000e+00 
1.7250000e+01 2.9681606e+01 0.0000000e+00 
1.5000000e+00 3.4316822e+01 0.0000000e+00 
2.2500000e+01 2.5972347e+01 0.0000000e+00 
0.0000000e+00 3.4375000e+01 0.0000000e+00 
2.1000000e+01 2.7268250e+01 0.0000000e+00 
3.0000000e+00 3.4302917e+01 0.0000000e+00 
1.6500000e+01 3.0224783e+01 0.0000000e+00 
1.2000000e+01 3.2290588e+01 0.0000000e+00 
5.2500000e+00 3.4047871e+01 0.0000000e+00 
2.4750000e+01 2.4064394e+01 0.0000000e+00 
2.4000000e+01 2.4812500e+01 0.0000000e+00 
1.4250000e+01 3.1445335e+01 0.0000000e+00 
2.1750000e+01 2.6849640e+01 0.0000000e+00 
1.5750000e+01 3.0788885e+01 0.0000000e+00 
2.3250000e+01 2.5611755e+01 0.0000000e+00 
2.5500000e+01 2.3375000e+01 0.0000000e+00 
1.2750000e+01 3.2175148e+01 0.0000000e+00 
4.5000000e+00 3.4333027e+01 0.0000000e+00 
1.8750000e+01 2.9163740e+01 0.0000000e+00 
1.9500000e+01 2.8676046e+01 0.0000000e+00 
9.0000000e+00 3.3491745e+01 0.0000000e+00 
7.5000000e-01 3.4680595e+01 0.0000000e+00 
8.2500000e+00 3.3693401e+01 0.0000000e+00 
1.8000000e+01 2.9671366e+01 0.0000000e+00 
9.7500000e+00 3.3307201e+01 0.0000000e+00 
2.2500000e+00 3.4637043e+01 0.0000000e+00 
2.0250000e+01 2.8208651e+01 0.0000000e+00 
2.2500000e+01 2.6455557e+01 0.0000000e+00 
7.5000000e+00 3.3912724e+01 0.0000000e+00 
1.0500000e+01 3.3139160e+01 0.0000000e+00 
1.5000000e+01 3.1375000e+01 0.0000000e+00 
1.7250000e+01 3.0198975e+01 0.0000000e+00 
1.3500000e+01 3.2073330e+01 0.0000000e+00 
2.1000000e+01 2.7762352e+01 0.0000000e+00 
6.7500000e+00 3.4150200e+01 0.0000000e+00 
3.7500000e+00 3.4637360e+01 0.0000000e+00 
2.4750000e+01 2.4523952e+01 0.0000000e+00 
1.1250000e+01 3.2986988e+01 0.0000000e+00 
2.4000000e+01 2.5281250e+01 0.0000000e+00 
1.6500000e+01 3.0747028e+01 0.0000000e+00 
2.5500000e+01 2.3823586e+01 0.0000000e+00 
6.0000000e+00 3.4406239e+01 0.0000000e+00 
2.1750000e+01 2.7338377e+01 0.0000000e+00 
2.3250000e+01 2.6088167e+01 0.0000000e+00 
1.2000000e+01 3.2850029e+01 0.0000000e+00 
1.4250000e+01 3.1984529e+01 0.0000000e+00 
1.5000000e+00 3.4990013e+01 0.0000000e+00 
1.5750000e+01 3.1316366e+01 0.0000000e+00 
0.0000000e+00 3.5062500e+01 0.0000000e+00 
5.2500000e+00 3.4681133e+01 0.0000000e+00 
3.0000000e+00 3.4960808e+01 0.0000000e+00 
1.9500000e+01 2.9179117e+01 0.0000000e+00 
2.2500000e+01 2.6938368e+01 0.0000000e+00 
1.8750000e+01 2.9671366e+01 0.0000000e+00 
1.2750000e+01 3.2727627e+01 0.0000000e+00 
2.0250000e+01 2.8707062e+01 0.0000000e+00 
1.8000000e+01 3.0183577e+01 0.0000000e+00 
2.4750000e+01 2.4983789e+01 0.0000000e+00 
2.4000000e+01 2.5750000e+01 0.0000000e+00 
2.1000000e+01 2.8255863e+01 0.0000000e+00 
2.5500000e+01 2.4272787e+01 0.0000000e+00 
1.7250000e+01 3.0715927e+01 0.0000000e+00 
9.0000000e+00 3.4083118e+01 0.0000000e+00 
1.5000000e+01 3.1908175e+01 0.0000000e+00 
4.5000000e+00 3.4975044e+01 0.0000000e+00 
9.7500000e+00 3.3890373e+01 0.0000000e+00 
8.2500000e+00 3.4293194e+01 0.0000000e+00 
2.3250000e+01 2.6564358e+01 0.0000000e+00 
1.3500000e+01 3.2619137e+01 0.0000000e+00 
1.0500000e+01 3.3714386e+01 0.0000000e+00 
2.1750000e+01 2.7826609e+01 0.0000000e+00 
7.5000000e+00 3.4521118e+01 0.0000000e+00 
1.6500000e+01 3.1269003e+01 0.0000000e+00 
7.5000000e-01 3.5361271e+01 0.0000000e+00 
2.2500000e+00 3.5303127e+01 0.0000000e+00 
1.1250000e+01 3.3554539e+01 0.0000000e+00 
6.7500000e+00 3.4767326e+01 0.0000000e+00 
2.2500000e+01 2.7420799e+01 0.0000000e+00 
3.7500000e+00 3.5287991e+01 0.0000000e+00 
2.4750000e+01 2.5443899e+01 0.0000000e+00 
1.2000000e+01 3.3410191e+01 0.0000000e+00 
1.4250000e+01 3.2523941e+01 0.0000000e+00 
1.9500000e+01 2.9681606e+01 0.0000000e+00 
2.5500000e+01 2.4722589e+01 0.0000000e+00 
1.5750000e+01 3.1843750e+01 0.0000000e+00 
1.8750000e+01 3.0178457e+01 0.0000000e+00 
2.0250000e+01 2.9204887e+01 0.0000000e+00 
6.0000000e+00 3.5032166e+01 0.0000000e+00 
2.4000000e+01 2.6218750e+01 0.0000000e+00 
1.8000000e+01 3.0695335e+01 0.0000000e+00 
2.1000000e+01 2.8748823e+01 0.0000000e+00 
2.6250000e+01 2.4062500e+01 0.0000000e+00 
1.2750000e+01 3.3280689e+01 0.0000000e+00 
2.3250000e+01 2.7040339e+01 0.0000000e+00 
1.7250000e+01 3.1232550e+01 0.0000000e+00 
1.5000000e+00 3.5663860e+01 0.0000000e+00 
2.1750000e+01 2.8314362e+01 0.0000000e+00 
5.2500000e+00 3.5315853e+01 0.0000000e+00 
1.5000000e+01 3.2441452e+01 0.0000000e+00 
3.0000000e+00 3.5619812e+01 0.0000000e+00 
0.0000000e+00 3.5750000e+01 0.0000000e+00 
1.3500000e+01 3.3165398e+01 0.0000000e+00 
1.6500000e+01 3.1790796e+01 0.0000000e+00 
9.0000000e+00 3.4675835e+01 0.0000000e+00 
9.7500000e+00 3.4474777e+01 0.0000000e+00 
2.4750000e+01 2.5904266e+01 0.0000000e+00 
2.5500000e+01 2.5172970e+01 0.0000000e+00 
2.2500000e+01 2.7902872e+01 0.0000000e+00 
8.2500000e+00 3.4894424e+01 0.0000000e+00 
1.0500000e+01 3.4290718e+01 0.0000000e+00 
2.4000000e+01 2.6687500e+01 0.0000000e+00 
4.5000000e+00 3.5618477e+01 0.0000000e+00 
2.6250000e+01 2.4501049e+01 0.0000000e+00 
7.5000000e+00 3.5131023e+01 0.0000000e+00 
1.1250000e+01 3.4123066e+01 0.0000000e+00 
1.9500000e+01 3.0183577e+01 0.0000000e+00 
2.0250000e+01 2.9702175e+01 0.0000000e+00 
1.8750000e+01 3.0685081e+01 0.0000000e+00 
1.5750000e+01 3.2371136e+01 0.0000000e+00 
2.1000000e+01 2.9241268e+01 0.0000000e+00 
1.4250000e+01 3.3063679e+01 0.0000000e+00 
2.3250000e+01 2.7516121e+01 0.0000000e+00 
6.7500000e+00 3.5386013e+01 0.0000000e+00 
1.8000000e+01 3.1206718e+01 0.0000000e+00 
1.2000000e+01 3.3971191e+01 0.0000000e+00 
2.2500000e+00 3.5970146e+01 0.0000000e+00 
7.5000000e-01 3.6042309e+01 0.0000000e+00 
2.1750000e+01 2.8801670e+01 0.0000000e+00 
1.7250000e+01 3.1748920e+01 0.0000000e+00 
3.7500000e+00 3.5939949e+01 0.0000000e+00 
2.5500000e+01 2.5623909e+01 0.0000000e+00 
1.2750000e+01 3.3834457e+01 0.0000000e+00 
6.0000000e+00 3.5659668e+01 0.0000000e+00 
2.4750000e+01 2.6364885e+01 0.0000000e+00 
2.6250000e+01 2.4940523e+01 0.0000000e+00 
2.2500000e+01 2.8384605e+01 0.0000000e+00 
1.5000000e+01 3.2974937e+01 0.0000000e+00 
2.4000000e+01 2.7156250e+01 0.0000000e+00 
1.6500000e+01 3.2312500e+01 0.0000000e+00 
1.3500000e+01 3.3712223e+01 0.0000000e+00 
5.2500000e+00 3.5952137e+01 0.0000000e+00 
1.9500000e+01 3.0685081e+01 0.0000000e+00 
2.0250000e+01 3.0198975e+01 0.0000000e+00 
1.5000000e+00 3.6338398e+01 0.0000000e+00 
2.3250000e+01 2.7991711e+01 0.0000000e+00 
9.7500000e+00 3.5060539e+01 0.0000000e+00 
1.8750000e+01 3.1191303e+01 0.0000000e+00 
9.0000000e+00 3.5270012e+01 0.0000000e+00 
2.1000000e+01 2.9733242e+01 0.0000000e+00 
3.0000000e+00 3.6280003e+01 0.0000000e+00 
1.0500000e+01 3.4868286e+01 0.0000000e+00 
0.0000000e+00 3.6437500e+01 0.0000000e+00 
8.2500000e+00 3.5497211e+01 0.0000000e+00 
1.8000000e+01 3.1717802e+01 0.0000000e+00 
1.1250000e+01 3.4692692e+01 0.0000000e+00 
2.5500000e+01 2.6075386e+01 0.0000000e+00 
1.5750000e+01 3.2898617e+01 0.0000000e+00 
2.1750000e+01 2.9288559e+01 0.0000000e+00 
2.4750000e+01 2.6825745e+01 0.0000000e+00 
1.4250000e+01 3.3603851e+01 0.0000000e+00 
2.6250000e+01 2.5380890e+01 0.0000000e+00 
7.5000000e+00 3.5742554e+01 0.0000000e+00 
4.5000000e+00 3.6263412e+01 0.0000000e+00 
1.2000000e+01 3.4533154e+01 0.0000000e+00 
1.7250000e+01 3.2265125e+01 0.0000000e+00 
2.4000000e+01 2.7625000e+01 0.0000000e+00 
2.2500000e+01 2.8866020e+01 0.0000000e+00 
2.7000000e+01 2.4750000e+01 0.0000000e+00 
6.7500000e+00 3.6006367e+01 0.0000000e+00 
1.2750000e+01 3.4389046e+01 0.0000000e+00 
2.2500000e+00 3.6638149e+01 0.0000000e+00 
1.5000000e+01 3.3508732e+01 0.0000000e+00 
7.5000000e-01 3.6723724e+01 0.0000000e+00 
1.6500000e+01 3.2834202e+01 0.0000000e+00 
2.3250000e+01 2.8467121e+01 0.0000000e+00 
2.0250000e+01 3.0695335e+01 0.0000000e+00 
1.9500000e+01 3.1186180e+01 0.0000000e+00 
6.0000000e+00 3.6288853e+01 0.0000000e+00 
3.7500000e+00 3.6593307e+01 0.0000000e+00 
2.5500000e+01 2.6527382e+01 0.0000000e+00 
2.1000000e+01 3.0224783e+01 0.0000000e+00 
2.6250000e+01 2.5822119e+01 0.0000000e+00 
1.3500000e+01 3.4259727e+01 0.0000000e+00 
1.8750000e+01 3.1697193e+01 0.0000000e+00 
2.4750000e+01 2.7286833e+01 0.0000000e+00 
2.1750000e+01 2.9775063e+01 0.0000000e+00 
1.8000000e+01 3.2228661e+01 0.0000000e+00 
2.7000000e+01 2.5178572e+01 0.0000000e+00 
2.4000000e+01 2.8093750e+01 0.0000000e+00 
1.5750000e+01 3.3426292e+01 0.0000000e+00 
9.7500000e+00 3.5647778e+01 0.0000000e+00 
5.2500000e+00 3.6590080e+01 0.0000000e+00 
1.0500000e+01 3.5447205e+01 0.0000000e+00 
9.0000000e+00 3.5865780e+01 0.0000000e+00 
2.2500000e+01 2.9347136e+01 0.0000000e+00 
1.4250000e+01 3.4144566e+01 0.0000000e+00 
1.1250000e+01 3.5263538e+01 0.0000000e+00 
8.2500000e+00 3.6101673e+01 0.0000000e+00 
1.7250000e+01 3.2781250e+01 0.0000000e+00 
1.5000000e+00 3.7013664e+01 0.0000000e+00 
3.0000000e+00 3.6941441e+01 0.0000000e+00 
1.2000000e+01 3.5096199e+01 0.0000000e+00 
7.5000000e+00 3.6355827e+01 0.0000000e+00 
2.5500000e+01 2.6979876e+01 0.0000000e+00 
2.3250000e+01 2.8942362e+01 0.0000000e+00 
0.0000000e+00 3.7125000e+01 0.0000000e+00 
2.6250000e+01 2.6264183e+01 0.0000000e+00 
2.4750000e+01 2.7748142e+01 0.0000000e+00 
4.5000000e+00 3.6909939e+01 0.0000000e+00 
2.0250000e+01 3.1191303e+01 0.0000000e+00 
1.2750000e+01 3.4944572e+01 0.0000000e+00 
1.5000000e+01 3.4042938e+01 0.0000000e+00 
1.9500000e+01 3.1686932e+01 0.0000000e+00 
2.1000000e+01 3.0715927e+01 0.0000000e+00 
2.7000000e+01 2.5608366e+01 0.0000000e+00 
1.6500000e+01 3.3355999e+01 0.0000000e+00 
6.7500000e+00 3.6628502e+01 0.0000000e+00 
1.8750000e+01 3.2202816e+01 0.0000000e+00 
2.1750000e+01 3.0261209e+01 0.0000000e+00 
2.4000000e+01 2.8562500e+01 0.0000000e+00 
1.3500000e+01 3.4808029e+01 0.0000000e+00 
1.8000000e+01 3.2739368e+01 0.0000000e+00 
2.2500000e+01 2.9827971e+01 0.0000000e+00 
2.2500000e+00 3.7307190e+01 0.0000000e+00 
6.0000000e+00 3.6919827e+01 0.0000000e+00 
7.5000000e-01 3.7405544e+01 0.0000000e+00 
1.5750000e+01 3.3954258e+01 0.0000000e+00 
3.7500000e+00 3.7248146e+01 0.0000000e+00 
2.6250000e+01 2.6707050e+01 0.0000000e+00 
2.5500000e+01 2.7432850e+01 0.0000000e+00 
2.3250000e+01 2.9417444e+01 0.0000000e+00 
1.4250000e+01 3.4685932e+01 0.0000000e+00 
1.7250000e+01 3.3297375e+01 0.0000000e+00 
2.7000000e+01 2.6039345e+01 0.0000000e+00 
9.7500000e+00 3.6236618e+01 0.0000000e+00 
1.0500000e+01 3.6027607e+01 0.0000000e+00 
2.4750000e+01 2.8209661e+01 0.0000000e+00 
9.0000000e+00 3.6463257e+01 0.0000000e+00 
1.1250000e+01 3.5835732e+01 0.0000000e+00 
5.2500000e+00 3.7229774e+01 0.0000000e+00 
2.0250000e+01 3.1686932e+01 0.0000000e+00 
2.1000000e+01 3.1206718e+01 0.0000000e+00 
8.2500000e+00 3.6707932e+01 0.0000000e+00 
1.2000000e+01 3.5660446e+01 0.0000000e+00 
1.9500000e+01 3.2187393e+01 0.0000000e+00 
2.7750000e+01 2.5437500e+01 0.0000000e+00 
2.1750000e+01 3.0747028e+01 0.0000000e+00 
2.4000000e+01 2.9031250e+01 0.0000000e+00 
1.6500000e+01 3.3877972e+01 0.0000000e+00 
1.5000000e+01 3.4577663e+01 0.0000000e+00 
1.8750000e+01 3.2708241e+01 0.0000000e+00 
1.5000000e+00 3.7689690e+01 0.0000000e+00 
1.2750000e+01 3.5501152e+01 0.0000000e+00 
3.0000000e+00 3.7604191e+01 0.0000000e+00 
7.5000000e+00 3.6970959e+01 0.0000000e+00 
2.2500000e+01 3.0308548e+01 0.0000000e+00 
2.6250000e+01 2.7150692e+01 0.0000000e+00 
2.5500000e+01 2.7886282e+01 0.0000000e+00 
1.8000000e+01 3.3250000e+01 0.0000000e+00 
2.7000000e+01 2.6471466e+01 0.0000000e+00 
0.0000000e+00 3.7812500e+01 0.0000000e+00 
4.5000000e+00 3.7558151e+01 0.0000000e+00 
1.3500000e+01 3.5357235e+01 0.0000000e+00 
6.7500000e+00 3.7252529e+01 0.0000000e+00 
2.3250000e+01 2.9892374e+01 0.0000000e+00 
2.4750000e+01 2.8671379e+01 0.0000000e+00 
1.5750000e+01 3.4482613e+01 0.0000000e+00 
2.7750000e+01 2.5856171e+01 0.0000000e+00 
1.7250000e+01 3.3813580e+01 0.0000000e+00 
1.4250000e+01 3.5228062e+01 0.0000000e+00 
2.1000000e+01 3.1697193e+01 0.0000000e+00 
2.0250000e+01 3.2182266e+01 0.0000000e+00 
6.0000000e+00 3.7552692e+01 0.0000000e+00 
2.4000000e+01 2.9500000e+01 0.0000000e+00 
2.2500000e+00 3.7977322e+01 0.0000000e+00 
2.1750000e+01 3.1232550e+01 0.0000000e+00 
1.9500000e+01 3.2687622e+01 0.0000000e+00 
1.0500000e+01 3.6609608e+01 0.0000000e+00 
2.6250000e+01 2.7595078e+01 0.0000000e+00 
3.7500000e+00 3.7904545e+01 0.0000000e+00 
7.5000000e-01 3.8087784e+01 0.0000000e+00 
9.7500000e+00 3.6827183e+01 0.0000000e+00 
1.1250000e+01 3.6409389e+01 0.0000000e+00 
2.7000000e+01 2.6904690e+01 0.0000000e+00 
2.5500000e+01 2.8340153e+01 0.0000000e+00 
2.2500000e+01 3.0788885e+01 0.0000000e+00 
9.0000000e+00 3.7062561e+01 0.0000000e+00 
1.8750000e+01 3.3213528e+01 0.0000000e+00 
1.6500000e+01 3.4400219e+01 0.0000000e+00 
1.2000000e+01 3.6226013e+01 0.0000000e+00 
1.5000000e+01 3.5113007e+01 0.0000000e+00 
2.7750000e+01 2.6276356e+01 0.0000000e+00 
8.2500000e+00 3.7316105e+01 0.0000000e+00 
2.4750000e+01 2.9133289e+01 0.0000000e+00 
5.2500000e+00 3.7871326e+01 0.0000000e+00 
2.3250000e+01 3.0367165e+01 0.0000000e+00 
1.2750000e+01 3.6058907e+01 0.0000000e+00 
1.8000000e+01 3.3760632e+01 0.0000000e+00 
7.5000000e+00 3.7588066e+01 0.0000000e+00 
1.3500000e+01 3.5907463e+01 0.0000000e+00 
3.0000000e+00 3.8268322e+01 0.0000000e+00 
1.5750000e+01 3.5011456e+01 0.0000000e+00 
2.4000000e+01 2.9968750e+01 0.0000000e+00 
1.5000000e+00 3.8366520e+01 0.0000000e+00 
2.6250000e+01 2.8040178e+01 0.0000000e+00 
1.7250000e+01 3.4329952e+01 0.0000000e+00 
2.7000000e+01 2.7338980e+01 0.0000000e+00 
2.1000000e+01 3.2187393e+01 0.0000000e+00 
2.0250000e+01 3.2677357e+01 0.0000000e+00 
2.1750000e+01 3.1717802e+01 0.0000000e+00 
2.5500000e+01 2.8794443e+01 0.0000000e+00 
4.5000000e+00 3.8208130e+01 0.0000000e+00 
6.7500000e+00 3.7878563e+01 0.0000000e+00 
1.9500000e+01 3.3187679e+01 0.0000000e+00 
0.0000000e+00 3.8500000e+01 0.0000000e+00 
1.4250000e+01 3.5771061e+01 0.0000000e+00 
2.7750000e+01 2.6698008e+01 0.0000000e+00 
2.2500000e+01 3.1269003e+01 0.0000000e+00 
2.4750000e+01 2.9595379e+01 0.0000000e+00 
1.8750000e+01 3.3718750e+01 0.0000000e+00 
2.3250000e+01 3.0841825e+01 0.0000000e+00 
1.6500000e+01 3.4922825e+01 0.0000000e+00 
1.0500000e+01 3.7193333e+01 0.0000000e+00 
6.0000000e+00 3.8187553e+01 0.0000000e+00 
1.1250000e+01 3.6984638e+01 0.0000000e+00 
2.8500000e+01 2.6125000e+01 0.0000000e+00 
9.7500000e+00 3.7419594e+01 0.0000000e+00 
1.5000000e+01 3.5649071e+01 0.0000000e+00 
1.2000000e+01 3.6793022e+01 0.0000000e+00 
1.8000000e+01 3.4271339e+01 0.0000000e+00 
2.2500000e+00 3.8648598e+01 0.0000000e+00 
9.0000000e+00 3.7663818e+01 0.0000000e+00 
2.7000000e+01 2.7774294e+01 0.0000000e+00 
2.6250000e+01 2.8485964e+01 0.0000000e+00 
3.7500000e+00 3.8562576e+01 0.0000000e+00 
2.4000000e+01 3.0437500e+01 0.0000000e+00 
1.2750000e+01 3.6617947e+01 0.0000000e+00 
7.5000000e-01 3.8770462e+01 0.0000000e+00 
2.7750000e+01 2.7121075e+01 0.0000000e+00 
2.5500000e+01 2.9249132e+01 0.0000000e+00 
8.2500000e+00 3.7926315e+01 0.0000000e+00 
2.1000000e+01 3.2677357e+01 0.0000000e+00 
2.1750000e+01 3.2202816e+01 0.0000000e+00 
2.0250000e+01 3.3172249e+01 0.0000000e+00 
5.2500000e+00 3.8514828e+01 0.0000000e+00 
1.5750000e+01 3.5540878e+01 0.0000000e+00 
1.3500000e+01 3.6458820e+01 0.0000000e+00 
1.7250000e+01 3.4846573e+01 0.0000000e+00 
2.2500000e+01 3.1748920e+01 0.0000000e+00 
1.9500000e+01 3.3687618e+01 0.0000000e+00 
2.4750000e+01 3.0057638e+01 0.0000000e+00 
7.5000000e+00 3.8207268e+01 0.0000000e+00 
2.8500000e+01 2.6533865e+01 0.0000000e+00 
2.3250000e+01 3.1316366e+01 0.0000000e+00 
1.4250000e+01 3.6315037e+01 0.0000000e+00 
1.8750000e+01 3.4223972e+01 0.0000000e+00 
2.7000000e+01 2.8210594e+01 0.0000000e+00 
3.0000000e+00 3.8933903e+01 0.0000000e+00 
2.6250000e+01 2.8932405e+01 0.0000000e+00 
1.5000000e+00 3.9044186e+01 0.0000000e+00 
6.7500000e+00 3.8506710e+01 0.0000000e+00 
1.6500000e+01 3.5445885e+01 0.0000000e+00 
2.7750000e+01 2.7545509e+01 0.0000000e+00 
4.5000000e+00 3.8859966e+01 0.0000000e+00 
2.4000000e+01 3.0906250e+01 0.0000000e+00 
2.5500000e+01 2.9704201e+01 0.0000000e+00 
1.8000000e+01 3.4782200e+01 0.0000000e+00 
1.5000000e+01 3.6185963e+01 0.0000000e+00 
0.0000000e+00 3.9187500e+01 0.0000000e+00 
1.1250000e+01 3.7561596e+01 0.0000000e+00 
1.0500000e+01 3.7778908e+01 0.0000000e+00 
2.8500000e+01 2.6944529e+01 0.0000000e+00 
1.2000000e+01 3.7361595e+01 0.0000000e+00 
9.7500000e+00 3.8013977e+01 0.0000000e+00 
2.1000000e+01 3.3167122e+01 0.0000000e+00 
2.1750000e+01 3.2687622e+01 0.0000000e+00 
6.0000000e+00 3.8824520e+01 0.0000000e+00 
2.0250000e+01 3.3667000e+01 0.0000000e+00 
2.4750000e+01 3.0520056e+01 0.0000000e+00 
1.2750000e+01 3.7178394e+01 0.0000000e+00 
2.2500000e+01 3.2228661e+01 0.0000000e+00 
9.0000000e+00 3.8267151e+01 0.0000000e+00 
1.7250000e+01 3.5363525e+01 0.0000000e+00 
1.9500000e+01 3.4187500e+01 0.0000000e+00 
1.5750000e+01 3.6070980e+01 0.0000000e+00 
2.7000000e+01 2.8647840e+01 0.0000000e+00 
2.2500000e+00 3.9321064e+01 0.0000000e+00 
2.3250000e+01 3.1790796e+01 0.0000000e+00 
1.3500000e+01 3.7011429e+01 0.0000000e+00 
2.6250000e+01 2.9379471e+01 0.0000000e+00 
3.7500000e+00 3.9222324e+01 0.0000000e+00 
2.7750000e+01 2.7971262e+01 0.0000000e+00 
8.2500000e+00 3.8538681e+01 0.0000000e+00 
7.5000000e-01 3.9453602e+01 0.0000000e+00 
1.8750000e+01 3.4729259e+01 0.0000000e+00 
2.5500000e+01 3.0159628e+01 0.0000000e+00 
2.4000000e+01 3.1375000e+01 0.0000000e+00 
2.8500000e+01 2.7356930e+01 0.0000000e+00 
5.2500000e+00 3.9160378e+01 0.0000000e+00 
1.4250000e+01 3.6860100e+01 0.0000000e+00 
7.5000000e+00 3.8828671e+01 0.0000000e+00 
1.6500000e+01 3.5969486e+01 0.0000000e+00 
1.8000000e+01 3.5293282e+01 0.0000000e+00 
2.4750000e+01 3.0982626e+01 0.0000000e+00 
2.1750000e+01 3.3172249e+01 0.0000000e+00 
1.5000000e+01 3.6723785e+01 0.0000000e+00 
2.1000000e+01 3.3656727e+01 0.0000000e+00 
2.9250000e+01 2.6812500e+01 0.0000000e+00 
2.7000000e+01 2.9085995e+01 0.0000000e+00 
2.2500000e+01 3.2708241e+01 0.0000000e+00 
2.7750000e+01 2.8398287e+01 0.0000000e+00 
2.0250000e+01 3.4161648e+01 0.0000000e+00 
3.0000000e+00 3.9600990e+01 0.0000000e+00 
6.7500000e+00 3.9137085e+01 0.0000000e+00 
2.6250000e+01 2.9827133e+01 0.0000000e+00 
1.5000000e+00 3.9722725e+01 0.0000000e+00 
1.1250000e+01 3.8140385e+01 0.0000000e+00 
4.5000000e+00 3.9513752e+01 0.0000000e+00 
2.3250000e+01 3.2265125e+01 0.0000000e+00 
1.0500000e+01 3.8366455e+01 0.0000000e+00 
1.2000000e+01 3.7931850e+01 0.0000000e+00 
1.9500000e+01 3.4687382e+01 0.0000000e+00 
2.8500000e+01 2.7771011e+01 0.0000000e+00 
1.7250000e+01 3.5880894e+01 0.0000000e+00 
9.7500000e+00 3.8610455e+01 0.0000000e+00 
1.2750000e+01 3.7740368e+01 0.0000000e+00 
2.5500000e+01 3.0615395e+01 0.0000000e+00 
1.5750000e+01 3.6601864e+01 0.0000000e+00 
0.0000000e+00 3.9875000e+01 0.0000000e+00 
2.4000000e+01 3.1843750e+01 0.0000000e+00 
9.0000000e+00 3.8872681e+01 0.0000000e+00 
1.8750000e+01 3.5234684e+01 0.0000000e+00 
6.0000000e+00 3.9463692e+01 0.0000000e+00 
1.3500000e+01 3.7565395e+01 0.0000000e+00 
2.9250000e+01 2.7211674e+01 0.0000000e+00 
2.7000000e+01 2.9525015e+01 0.0000000e+00 
2.7750000e+01 2.8826530e+01 0.0000000e+00 
8.2500000e+00 3.9153320e+01 0.0000000e+00 
2.4750000e+01 3.1445335e+01 0.0000000e+00 
1.4250000e+01 3.7406357e+01 0.0000000e+00 
1.6500000e+01 3.6493717e+01 0.0000000e+00 
2.2500000e+00 3.9994778e+01 0.0000000e+00 
3.7500000e+00 3.9883862e+01 0.0000000e+00 
2.6250000e+01 3.0275360e+01 0.0000000e+00 
2.1750000e+01 3.3656727e+01 0.0000000e+00 
1.8000000e+01 3.5804665e+01 0.0000000e+00 
2.8500000e+01 2.8186718e+01 0.0000000e+00 
2.1000000e+01 3.4146217e+01 0.0000000e+00 
2.2500000e+01 3.3187679e+01 0.0000000e+00 
2.0250000e+01 3.4656250e+01 0.0000000e+00 
7.5000000e-01 4.0137215e+01 0.0000000e+00 
5.2500000e+00 3.9808075e+01 0.0000000e+00 
2.3250000e+01 3.2739368e+01 0.0000000e+00 
7.5000000e+00 3.9452400e+01 0.0000000e+00 
1.5000000e+01 3.7262638e+01 0.0000000e+00 
2.5500000e+01 3.1071480e+01 0.0000000e+00 
2.9250000e+01 2.7612917e+01 0.0000000e+00 
1.9500000e+01 3.5187321e+01 0.0000000e+00 
2.4000000e+01 3.2312500e+01 0.0000000e+00 
1.7250000e+01 3.6398758e+01 0.0000000e+00 
1.1250000e+01 3.8721130e+01 0.0000000e+00 
2.7750000e+01 2.9255949e+01 0.0000000e+00 
1.2000000e+01 3.8503906e+01 0.0000000e+00 
2.7000000e+01 2.9964865e+01 0.0000000e+00 
1.5750000e+01 3.7133617e+01 0.0000000e+00 
6.7500000e+00 3.9769794e+01 0.0000000e+00 
1.0500000e+01 3.8956093e+01 0.0000000e+00 
1.8750000e+01 3.5740307e+01 0.0000000e+00 
1.2750000e+01 3.8303978e+01 0.0000000e+00 
2.8500000e+01 2.8603989e+01 0.0000000e+00 
3.0000000e+00 4.0269657e+01 0.0000000e+00 
2.4750000e+01 3.1908175e+01 0.0000000e+00 
9.7500000e+00 3.9209148e+01 0.0000000e+00 
2.6250000e+01 3.0724123e+01 0.0000000e+00 
4.5000000e+00 4.0169571e+01 0.0000000e+00 
1.5000000e+00 4.0402176e+01 0.0000000e+00 
1.3500000e+01 3.8120838e+01 0.0000000e+00 
2.1750000e+01 3.4141087e+01 0.0000000e+00 
9.0000000e+00 3.9480530e+01 0.0000000e+00 
2.2500000e+01 3.3667000e+01 0.0000000e+00 
2.9250000e+01 2.8016163e+01 0.0000000e+00 
2.1000000e+01 3.4635628e+01 0.0000000e+00 
1.6500000e+01 3.7018673e+01 0.0000000e+00 
1.8000000e+01 3.6316425e+01 0.0000000e+00 
1.4250000e+01 3.7953922e+01 0.0000000e+00 
2.3250000e+01 3.3213528e+01 0.0000000e+00 
2.5500000e+01 3.1527864e+01 0.0000000e+00 
6.0000000e+00 4.0105179e+01 0.0000000e+00 
0.0000000e+00 4.0562500e+01 0.0000000e+00 
2.0250000e+01 3.5150852e+01 0.0000000e+00 
8.2500000e+00 3.9770355e+01 0.0000000e+00 
2.4000000e+01 3.2781250e+01 0.0000000e+00 
2.7750000e+01 2.9686489e+01 0.0000000e+00 
2.7000000e+01 3.0405500e+01 0.0000000e+00 
1.9500000e+01 3.5687378e+01 0.0000000e+00 
1.5000000e+01 3.7802628e+01 0.0000000e+00 
2.8500000e+01 2.9022766e+01 0.0000000e+00 
3.0000000e+01 2.7500000e+01 0.0000000e+00 
3.7500000e+00 4.0547268e+01 0.0000000e+00 
2.2500000e+00 4.0669788e+01 0.0000000e+00 
1.7250000e+01 3.6917206e+01 0.0000000e+00 
2.4750000e+01 3.2371136e+01 0.0000000e+00 
2.6250000e+01 3.1173391e+01 0.0000000e+00 
7.5000000e+00 4.0078571e+01 0.0000000e+00 
2.9250000e+01 2.8421345e+01 0.0000000e+00 
5.2500000e+00 4.0458012e+01 0.0000000e+00 
1.8750000e+01 3.6246197e+01 0.0000000e+00 
1.5750000e+01 3.7666344e+01 0.0000000e+00 
7.5000000e-01 4.0821327e+01 0.0000000e+00 
1.2000000e+01 3.9077885e+01 0.0000000e+00 
1.1250000e+01 3.9303955e+01 0.0000000e+00 
2.1750000e+01 3.4625359e+01 0.0000000e+00 
2.2500000e+01 3.4146217e+01 0.0000000e+00 
2.5500000e+01 3.1984529e+01 0.0000000e+00 
1.2750000e+01 3.8869350e+01 0.0000000e+00 
1.0500000e+01 3.9547955e+01 0.0000000e+00 
2.1000000e+01 3.5125000e+01 0.0000000e+00 
2.3250000e+01 3.3687618e+01 0.0000000e+00 
2.7750000e+01 3.0118105e+01 0.0000000e+00 
3.0000000e+01 2.7889616e+01 0.0000000e+00 
6.7500000e+00 4.0404957e+01 0.0000000e+00 
1.3500000e+01 3.8677868e+01 0.0000000e+00 
2.8500000e+01 2.9442993e+01 0.0000000e+00 
9.7500000e+00 3.9810181e+01 0.0000000e+00 
1.8000000e+01 3.6828632e+01 0.0000000e+00 
2.7000000e+01 3.0846888e+01 0.0000000e+00 
2.0250000e+01 3.5645500e+01 0.0000000e+00 
2.4000000e+01 3.3250000e+01 0.0000000e+00 
1.6500000e+01 3.7544445e+01 0.0000000e+00 
3.0000000e+00 4.0939964e+01 0.0000000e+00 
1.4250000e+01 3.8502895e+01 0.0000000e+00 
2.9250000e+01 2.8828394e+01 0.0000000e+00 
4.5000000e+00 4.0827511e+01 0.0000000e+00 
9.0000000e+00 4.0090820e+01 0.0000000e+00 
2.6250000e+01 3.1623138e+01 0.0000000e+00 
1.9500000e+01 3.6187607e+01 0.0000000e+00 
1.5000000e+00 4.1082569e+01 0.0000000e+00 
2.4750000e+01 3.2834202e+01 0.0000000e+00 
1.5000000e+01 3.8343857e+01 0.0000000e+00 
6.0000000e+00 4.0749084e+01 0.0000000e+00 
1.7250000e+01 3.7436317e+01 0.0000000e+00 
8.2500000e+00 4.0389900e+01 0.0000000e+00 
3.0000000e+01 2.8281561e+01 0.0000000e+00 
0.0000000e+00 4.1250000e+01 0.0000000e+00 
1.8750000e+01 3.6752419e+01 0.0000000e+00 
2.5500000e+01 3.2441452e+01 0.0000000e+00 
2.7750000e+01 3.0550745e+01 0.0000000e+00 
2.8500000e+01 2.9864613e+01 0.0000000e+00 
2.2500000e+01 3.4625359e+01 0.0000000e+00 
2.1750000e+01 3.5109570e+01 0.0000000e+00 
1.5750000e+01 3.8200138e+01 0.0000000e+00 
2.3250000e+01 3.4161648e+01 0.0000000e+00 
2.7000000e+01 3.1288984e+01 0.0000000e+00 
2.1000000e+01 3.5614372e+01 0.0000000e+00 
2.9250000e+01 2.9237246e+01 0.0000000e+00 
3.7500000e+00 4.1212624e+01 0.0000000e+00 
2.4000000e+01 3.3718750e+01 0.0000000e+00 
7.5000000e+00 4.0707294e+01 0.0000000e+00 
2.2500000e+00 4.1346146e+01 0.0000000e+00 
2.0250000e+01 3.6140251e+01 0.0000000e+00 
1.2000000e+01 3.9653908e+01 0.0000000e+00 
5.2500000e+00 4.1110294e+01 0.0000000e+00 
1.1250000e+01 3.9888977e+01 0.0000000e+00 
2.6250000e+01 3.2073330e+01 0.0000000e+00 
1.2750000e+01 3.9436596e+01 0.0000000e+00 
1.8000000e+01 3.7341370e+01 0.0000000e+00 
2.4750000e+01 3.3297375e+01 0.0000000e+00 
1.0500000e+01 4.0142151e+01 0.0000000e+00 
1.6500000e+01 3.8071117e+01 0.0000000e+00 
1.3500000e+01 3.9236595e+01 0.0000000e+00 
3.0000000e+01 2.8675760e+01 0.0000000e+00 
7.5000000e-01 4.1505955e+01 0.0000000e+00 
1.9500000e+01 3.6688068e+01 0.0000000e+00 
1.4250000e+01 3.9053394e+01 0.0000000e+00 
9.7500000e+00 4.0413681e+01 0.0000000e+00 
2.8500000e+01 3.0287565e+01 0.0000000e+00 
6.7500000e+00 4.1042679e+01 0.0000000e+00 
2.7750000e+01 3.0984364e+01 0.0000000e+00 
2.5500000e+01 3.2898617e+01 0.0000000e+00 
2.9250000e+01 2.9647833e+01 0.0000000e+00 
2.7000000e+01 3.1731750e+01 0.0000000e+00 
1.5000000e+01 3.8886429e+01 0.0000000e+00 
9.0000000e+00 4.0703671e+01 0.0000000e+00 
1.7250000e+01 3.7956173e+01 0.0000000e+00 
2.2500000e+01 3.5104439e+01 0.0000000e+00 
1.8750000e+01 3.7259045e+01 0.0000000e+00 
2.1750000e+01 3.5593750e+01 0.0000000e+00 
3.0750000e+01 2.8187500e+01 0.0000000e+00 
2.3250000e+01 3.4635628e+01 0.0000000e+00 
3.0000000e+00 4.1611984e+01 0.0000000e+00 
4.5000000e+00 4.1487667e+01 0.0000000e+00 
2.1000000e+01 3.6103783e+01 0.0000000e+00 
2.4000000e+01 3.4187500e+01 0.0000000e+00 
3.0000000e+01 2.9072136e+01 0.0000000e+00 
1.5000000e+00 4.1763947e+01 0.0000000e+00 
2.6250000e+01 3.2523941e+01 0.0000000e+00 
1.5750000e+01 3.8735100e+01 0.0000000e+00 
6.0000000e+00 4.1395512e+01 0.0000000e+00 
8.2500000e+00 4.1012085e+01 0.0000000e+00 
2.0250000e+01 3.6635143e+01 0.0000000e+00 
2.4750000e+01 3.3760632e+01 0.0000000e+00 
2.8500000e+01 3.0711792e+01 0.0000000e+00 
1.8000000e+01 3.7854706e+01 0.0000000e+00 
2.7750000e+01 3.1418909e+01 0.0000000e+00 
0.0000000e+00 4.1937500e+01 0.0000000e+00 
2.9250000e+01 3.0060087e+01 0.0000000e+00 
3.0750000e+01 2.8567713e+01 0.0000000e+00 
1.6500000e+01 3.8598785e+01 0.0000000e+00 
1.2000000e+01 4.0232094e+01 0.0000000e+00 
2.5500000e+01 3.3355999e+01 0.0000000e+00 
1.2750000e+01 4.0005833e+01 0.0000000e+00 
1.9500000e+01 3.7188820e+01 0.0000000e+00 
2.7000000e+01 3.2175148e+01 0.0000000e+00 
1.1250000e+01 4.0476318e+01 0.0000000e+00 
7.5000000e+00 4.1338692e+01 0.0000000e+00 
1.3500000e+01 3.9797138e+01 0.0000000e+00 
3.7500000e+00 4.1880001e+01 0.0000000e+00 
3.0000000e+01 2.9470615e+01 0.0000000e+00 
1.0500000e+01 4.0738815e+01 0.0000000e+00 
2.2500000e+00 4.2023907e+01 0.0000000e+00 
1.4250000e+01 3.9605522e+01 0.0000000e+00 
5.2500000e+00 4.1765011e+01 0.0000000e+00 
2.2500000e+01 3.5583481e+01 0.0000000e+00 
2.3250000e+01 3.5109570e+01 0.0000000e+00 
2.1750000e+01 3.6077930e+01 0.0000000e+00 
2.6250000e+01 3.2974937e+01 0.0000000e+00 
2.4000000e+01 3.4656250e+01 0.0000000e+00 
9.7500000e+00 4.1019768e+01 0.0000000e+00 
1.8750000e+01 3.7766132e+01 0.0000000e+00 
1.7250000e+01 3.8476864e+01 0.0000000e+00 
1.5000000e+01 3.9430447e+01 0.0000000e+00 
2.1000000e+01 3.6593273e+01 0.0000000e+00 
7.5000000e-01 4.2191116e+01 0.0000000e+00 
2.8500000e+01 3.1137236e+01 0.0000000e+00 
6.7500000e+00 4.1683075e+01 0.0000000e+00 
3.0750000e+01 2.8950497e+01 0.0000000e+00 
2.4750000e+01 3.4223972e+01 0.0000000e+00 
2.9250000e+01 3.0473946e+01 0.0000000e+00 
2.7750000e+01 3.1854334e+01 0.0000000e+00 
9.0000000e+00 4.1319210e+01 0.0000000e+00 
2.0250000e+01 3.7130234e+01 0.0000000e+00 
1.5750000e+01 3.9271320e+01 0.0000000e+00 
3.0000000e+01 2.9871122e+01 0.0000000e+00 
2.7000000e+01 3.2619137e+01 0.0000000e+00 
2.5500000e+01 3.3813580e+01 0.0000000e+00 
1.8000000e+01 3.8368717e+01 0.0000000e+00 
4.5000000e+00 4.2150124e+01 0.0000000e+00 
3.0000000e+00 4.2285774e+01 0.0000000e+00 
1.9500000e+01 3.7689919e+01 0.0000000e+00 
8.2500000e+00 4.1637020e+01 0.0000000e+00 
1.6500000e+01 3.9127537e+01 0.0000000e+00 
6.0000000e+00 4.2044571e+01 0.0000000e+00 
1.5000000e+00 4.2446339e+01 0.0000000e+00 
3.0750000e+01 2.9335772e+01 0.0000000e+00 
2.6250000e+01 3.3426292e+01 0.0000000e+00 
2.3250000e+01 3.5583481e+01 0.0000000e+00 
2.2500000e+01 3.6062500e+01 0.0000000e+00 
2.8500000e+01 3.1563841e+01 0.0000000e+00 
1.2750000e+01 4.0577183e+01 0.0000000e+00 
1.2000000e+01 4.0812561e+01 0.0000000e+00 
2.9250000e+01 3.0889338e+01 0.0000000e+00 
2.4000000e+01 3.5125000e+01 0.0000000e+00 
2.1750000e+01 3.6562141e+01 0.0000000e+00 
1.3500000e+01 4.0359608e+01 0.0000000e+00 
2.7750000e+01 3.2290588e+01 0.0000000e+00 
1.1250000e+01 4.1066105e+01 0.0000000e+00 
2.4750000e+01 3.4687382e+01 0.0000000e+00 
1.4250000e+01 4.0159389e+01 0.0000000e+00 
2.1000000e+01 3.7082878e+01 0.0000000e+00 
1.8750000e+01 3.8273758e+01 0.0000000e+00 
3.0000000e+01 3.0273581e+01 0.0000000e+00 
0.0000000e+00 4.2625000e+01 0.0000000e+00 
7.5000000e+00 4.1972878e+01 0.0000000e+00 
1.7250000e+01 3.8998463e+01 0.0000000e+00 
1.0500000e+01 4.1338066e+01 0.0000000e+00 
2.7000000e+01 3.3063679e+01 0.0000000e+00 
1.5000000e+01 3.9976013e+01 0.0000000e+00 
3.7500000e+00 4.2549484e+01 0.0000000e+00 
2.5500000e+01 3.4271339e+01 0.0000000e+00 
2.0250000e+01 3.7625568e+01 0.0000000e+00 
3.1500000e+01 2.8875000e+01 0.0000000e+00 
5.2500000e+00 4.2422268e+01 0.0000000e+00 
9.7500000e+00 4.1628563e+01 0.0000000e+00 
2.2500000e+00 4.2703121e+01 0.0000000e+00 
3.0750000e+01 2.9723454e+01 0.0000000e+00 
1.5750000e+01 3.9808907e+01 0.0000000e+00 
2.9250000e+01 3.1306198e+01 0.0000000e+00 
2.8500000e+01 3.1991547e+01 0.0000000e+00 
1.8000000e+01 3.8883480e+01 0.0000000e+00 
2.6250000e+01 3.3877972e+01 0.0000000e+00 
6.7500000e+00 4.2326252e+01 0.0000000e+00 
1.9500000e+01 3.8191425e+01 0.0000000e+00 
7.5000000e-01 4.2876831e+01 0.0000000e+00 
9.0000000e+00 4.1937553e+01 0.0000000e+00 
2.3250000e+01 3.6057369e+01 0.0000000e+00 
3.0000000e+01 3.0677917e+01 0.0000000e+00 
2.7750000e+01 3.2727627e+01 0.0000000e+00 
2.2500000e+01 3.6541519e+01 0.0000000e+00 
2.4000000e+01 3.5593750e+01 0.0000000e+00 
1.6500000e+01 3.9657463e+01 0.0000000e+00 
2.1750000e+01 3.7046413e+01 0.0000000e+00 
3.1500000e+01 2.9245979e+01 0.0000000e+00 
2.4750000e+01 3.5150852e+01 0.0000000e+00 
2.7000000e+01 3.3508732e+01 0.0000000e+00 
3.0750000e+01 3.0113459e+01 0.0000000e+00 
2.1000000e+01 3.7572643e+01 0.0000000e+00 
4.5000000e+00 4.2814964e+01 0.0000000e+00 
8.2500000e+00 4.2264828e+01 0.0000000e+00 
3.0000000e+00 4.2961407e+01 0.0000000e+00 
1.8750000e+01 3.8781986e+01 0.0000000e+00 
1.2750000e+01 4.1150757e+01 0.0000000e+00 
2.5500000e+01 3.4729259e+01 0.0000000e+00 
1.3500000e+01 4.0924118e+01 0.0000000e+00 
1.2000000e+01 4.1395432e+01 0.0000000e+00 
6.0000000e+00 4.2696362e+01 0.0000000e+00 
1.7250000e+01 3.9521061e+01 0.0000000e+00 
1.4250000e+01 4.0715107e+01 0.0000000e+00 
1.1250000e+01 4.1658459e+01 0.0000000e+00 
2.9250000e+01 3.1724461e+01 0.0000000e+00 
1.5000000e+00 4.3129791e+01 0.0000000e+00 
2.0250000e+01 3.8121197e+01 0.0000000e+00 
2.8500000e+01 3.2420296e+01 0.0000000e+00 
3.0000000e+01 3.1084057e+01 0.0000000e+00 
1.5000000e+01 4.0523232e+01 0.0000000e+00 
2.6250000e+01 3.4329952e+01 0.0000000e+00 
1.0500000e+01 4.1940029e+01 0.0000000e+00 
3.1500000e+01 2.9619761e+01 0.0000000e+00 
2.7750000e+01 3.3165398e+01 0.0000000e+00 
7.5000000e+00 4.2609966e+01 0.0000000e+00 
2.3250000e+01 3.6531250e+01 0.0000000e+00 
0.0000000e+00 4.3312500e+01 0.0000000e+00 
1.5750000e+01 4.0347946e+01 0.0000000e+00 
3.0750000e+01 3.0505705e+01 0.0000000e+00 
1.8000000e+01 3.9399071e+01 0.0000000e+00 
2.4000000e+01 3.6062500e+01 0.0000000e+00 
2.2500000e+01 3.7020561e+01 0.0000000e+00 
1.9500000e+01 3.8693394e+01 0.0000000e+00 
9.7500000e+00 4.2240192e+01 0.0000000e+00 
2.4750000e+01 3.5614372e+01 0.0000000e+00 
2.1750000e+01 3.7530773e+01 0.0000000e+00 
2.7000000e+01 3.3954258e+01 0.0000000e+00 
3.7500000e+00 4.3221146e+01 0.0000000e+00 
5.2500000e+00 4.3082157e+01 0.0000000e+00 
2.2500000e+00 4.3383839e+01 0.0000000e+00 
1.6500000e+01 4.0188652e+01 0.0000000e+00 
2.5500000e+01 3.5187321e+01 0.0000000e+00 
2.9250000e+01 3.2144058e+01 0.0000000e+00 
2.1000000e+01 3.8062607e+01 0.0000000e+00 
2.8500000e+01 3.2850029e+01 0.0000000e+00 
3.0000000e+01 3.1491922e+01 0.0000000e+00 
3.1500000e+01 2.9996252e+01 0.0000000e+00 
6.7500000e+00 4.2972324e+01 0.0000000e+00 
9.0000000e+00 4.2558826e+01 0.0000000e+00 
1.8750000e+01 3.9290878e+01 0.0000000e+00 
7.5000000e-01 4.3563118e+01 0.0000000e+00 
2.6250000e+01 3.4782200e+01 0.0000000e+00 
2.7750000e+01 3.3603851e+01 0.0000000e+00 
3.0750000e+01 3.0900110e+01 0.0000000e+00 
1.7250000e+01 4.0044735e+01 0.0000000e+00 
2.0250000e+01 3.8617165e+01 0.0000000e+00 
1.2750000e+01 4.1726673e+01 0.0000000e+00 
1.3500000e+01 4.1490780e+01 0.0000000e+00 
1.2000000e+01 4.1980827e+01 0.0000000e+00 
1.4250000e+01 4.1272778e+01 0.0000000e+00 
8.2500000e+00 4.2895630e+01 0.0000000e+00 
2.3250000e+01 3.7005131e+01 0.0000000e+00 
2.4000000e+01 3.6531250e+01 0.0000000e+00 
4.5000000e+00 4.3482288e+01 0.0000000e+00 
1.1250000e+01 4.2253502e+01 0.0000000e+00 
1.5000000e+01 4.1072205e+01 0.0000000e+00 
2.7000000e+01 3.4400219e+01 0.0000000e+00 
2.2500000e+01 3.7499641e+01 0.0000000e+00 
3.0000000e+00 4.3638947e+01 0.0000000e+00 
3.2250000e+01 2.9562500e+01 0.0000000e+00 
2.4750000e+01 3.6077930e+01 0.0000000e+00 
3.1500000e+01 3.0375362e+01 0.0000000e+00 
6.0000000e+00 4.3350990e+01 0.0000000e+00 
2.9250000e+01 3.2564922e+01 0.0000000e+00 
1.9500000e+01 3.9195885e+01 0.0000000e+00 
1.8000000e+01 3.9915562e+01 0.0000000e+00 
3.0000000e+01 3.1901442e+01 0.0000000e+00 
2.1750000e+01 3.8015251e+01 0.0000000e+00 
2.8500000e+01 3.3280689e+01 0.0000000e+00 
1.5750000e+01 4.0888538e+01 0.0000000e+00 
1.0500000e+01 4.2544827e+01 0.0000000e+00 
2.5500000e+01 3.5645500e+01 0.0000000e+00 
1.5000000e+00 4.3814331e+01 0.0000000e+00 
3.0750000e+01 3.1296589e+01 0.0000000e+00 
7.5000000e+00 4.3250076e+01 0.0000000e+00 
2.1000000e+01 3.8552807e+01 0.0000000e+00 
2.7750000e+01 3.4042938e+01 0.0000000e+00 
1.6500000e+01 4.0721199e+01 0.0000000e+00 
2.6250000e+01 3.5234684e+01 0.0000000e+00 
9.7500000e+00 4.2854774e+01 0.0000000e+00 
3.2250000e+01 2.9924438e+01 0.0000000e+00 
1.8750000e+01 3.9800507e+01 0.0000000e+00 
0.0000000e+00 4.4000000e+01 0.0000000e+00 
3.1500000e+01 3.0757004e+01 0.0000000e+00 
2.0250000e+01 3.9113525e+01 0.0000000e+00 
3.7500000e+00 4.3895069e+01 0.0000000e+00 
5.2500000e+00 4.3744778e+01 0.0000000e+00 
2.7000000e+01 3.4846573e+01 0.0000000e+00 
1.7250000e+01 4.0569572e+01 0.0000000e+00 
2.9250000e+01 3.2986988e+01 0.0000000e+00 
3.0000000e+01 3.2312538e+01 0.0000000e+00 
2.4000000e+01 3.7000000e+01 0.0000000e+00 
2.3250000e+01 3.7479019e+01 0.0000000e+00 
9.0000000e+00 4.3183151e+01 0.0000000e+00 
2.2500000e+00 4.4066116e+01 0.0000000e+00 
2.4750000e+01 3.6541519e+01 0.0000000e+00 
6.7500000e+00 4.3621403e+01 0.0000000e+00 
2.2500000e+01 3.7978783e+01 0.0000000e+00 
2.8500000e+01 3.3712223e+01 0.0000000e+00 
3.0750000e+01 3.1695059e+01 0.0000000e+00 
1.3500000e+01 4.2059711e+01 0.0000000e+00 
1.2750000e+01 4.2305054e+01 0.0000000e+00 
1.4250000e+01 4.1832512e+01 0.0000000e+00 
2.5500000e+01 3.6103783e+01 0.0000000e+00 
2.1750000e+01 3.8499878e+01 0.0000000e+00 
1.2000000e+01 4.2568867e+01 0.0000000e+00 
1.9500000e+01 3.9698956e+01 0.0000000e+00 
1.5000000e+01 4.1623039e+01 0.0000000e+00 
3.2250000e+01 3.0289387e+01 0.0000000e+00 
7.5000000e-01 4.4250000e+01 0.0000000e+00 
1.8000000e+01 4.0433029e+01 0.0000000e+00 
2.7750000e+01 3.4482613e+01 0.0000000e+00 
3.1500000e+01 3.1141085e+01 0.0000000e+00 
2.6250000e+01 3.5687378e+01 0.0000000e+00 
1.1250000e+01 4.2851353e+01 0.0000000e+00 
8.2500000e+00 4.3529545e+01 0.0000000e+00 
1.5750000e+01 4.1430786e+01 0.0000000e+00 
2.1000000e+01 3.9043282e+01 0.0000000e+00 
4.5000000e+00 4.4152176e+01 0.0000000e+00 
3.0000000e+01 3.2725136e+01 0.0000000e+00 
2.9250000e+01 3.3410191e+01 0.0000000e+00 
1.0500000e+01 4.3152580e+01 0.0000000e+00 
6.0000000e+00 4.4008564e+01 0.0000000e+00 
3.0000000e+00 4.4318455e+01 0.0000000e+00 
1.6500000e+01 4.1255192e+01 0.0000000e+00 
2.7000000e+01 3.5293282e+01 0.0000000e+00 
3.0750000e+01 3.2095440e+01 0.0000000e+00 
1.8750000e+01 4.0310932e+01 0.0000000e+00 
2.8500000e+01 3.4144566e+01 0.0000000e+00 
2.0250000e+01 3.9610325e+01 0.0000000e+00 
2.4000000e+01 3.7468750e+01 0.0000000e+00 
3.2250000e+01 3.0657249e+01 0.0000000e+00 
2.3250000e+01 3.7952930e+01 0.0000000e+00 
2.4750000e+01 3.7005131e+01 0.0000000e+00 
1.5000000e+00 4.4500000e+01 0.0000000e+00 
7.5000000e+00 4.3893322e+01 0.0000000e+00 
9.7500000e+00 4.3472439e+01 0.0000000e+00 
2.2500000e+01 3.8458000e+01 0.0000000e+00 
3.1500000e+01 3.1527515e+01 0.0000000e+00 
1.7250000e+01 4.1095654e+01 0.0000000e+00 
2.5500000e+01 3.6562141e+01 0.0000000e+00 
2.7750000e+01 3.4922825e+01 0.0000000e+00 
2.1750000e+01 3.8984684e+01 0.0000000e+00 
2.6250000e+01 3.6140251e+01 0.0000000e+00 
1.9500000e+01 4.0202663e+01 0.0000000e+00 
3.0000000e+01 3.3139160e+01 0.0000000e+00 
1.3500000e+01 4.2631023e+01 0.0000000e+00 
5.2500000e+00 4.4410225e+01 0.0000000e+00 
2.9250000e+01 3.3834457e+01 0.0000000e+00 
1.4250000e+01 4.2394424e+01 0.0000000e+00 
9.0000000e+00 4.3810646e+01 0.0000000e+00 
3.7500000e+00 4.4571327e+01 0.0000000e+00 
1.8000000e+01 4.0951546e+01 0.0000000e+00 
3.0750000e+01 3.2497643e+01 0.0000000e+00 
1.2750000e+01 4.2886013e+01 0.0000000e+00 
3.2250000e+01 3.1027929e+01 0.0000000e+00 
1.5000000e+01 4.2175835e+01 0.0000000e+00 
2.1000000e+01 3.9534073e+01 0.0000000e+00 
3.3000000e+01 3.0250000e+01 0.0000000e+00 
6.7500000e+00 4.4273598e+01 0.0000000e+00 
2.7000000e+01 3.5740307e+01 0.0000000e+00 
1.2000000e+01 4.3159668e+01 0.0000000e+00 
2.2500000e+00 4.4750000e+01 0.0000000e+00 
2.8500000e+01 3.4577663e+01 0.0000000e+00 
1.5750000e+01 4.1974777e+01 0.0000000e+00 
3.1500000e+01 3.1916206e+01 0.0000000e+00 
1.1250000e+01 4.3452137e+01 0.0000000e+00 
2.4000000e+01 3.7937500e+01 0.0000000e+00 
2.4750000e+01 3.7468750e+01 0.0000000e+00 
2.3250000e+01 3.8426872e+01 0.0000000e+00 
1.8750000e+01 4.0822227e+01 0.0000000e+00 
2.0250000e+01 4.0107613e+01 0.0000000e+00 
1.6500000e+01 4.1790718e+01 0.0000000e+00 
8.2500000e+00 4.4166691e+01 0.0000000e+00 
2.7750000e+01 3.5363525e+01 0.0000000e+00 
2.5500000e+01 3.7020561e+01 0.0000000e+00 
2.2500000e+01 3.8937321e+01 0.0000000e+00 
1.0500000e+01 4.3763412e+01 0.0000000e+00 
3.3000000e+01 3.0603106e+01 0.0000000e+00 
3.0000000e+01 3.3554539e+01 0.0000000e+00 
3.2250000e+01 3.1401329e+01 0.0000000e+00 
3.0750000e+01 3.2901592e+01 0.0000000e+00 
2.6250000e+01 3.6593273e+01 0.0000000e+00 
2.9250000e+01 3.4259727e+01 0.0000000e+00 
4.5000000e+00 4.4824715e+01 0.0000000e+00 
1.7250000e+01 4.1623066e+01 0.0000000e+00 
2.1750000e+01 3.9469700e+01 0.0000000e+00 
6.0000000e+00 4.4669186e+01 0.0000000e+00 
3.0000000e+00 4.5000000e+01 0.0000000e+00 
3.1500000e+01 3.2307064e+01 0.0000000e+00 
1.9500000e+01 4.0707066e+01 0.0000000e+00 
2.8500000e+01 3.5011456e+01 0.0000000e+00 
2.7000000e+01 3.6187607e+01 0.0000000e+00 
9.7500000e+00 4.4093307e+01 0.0000000e+00 
7.5000000e+00 4.4539822e+01 0.0000000e+00 
2.1000000e+01 4.0025219e+01 0.0000000e+00 
1.8000000e+01 4.1471191e+01 0.0000000e+00 
3.3000000e+01 3.0959414e+01 0.0000000e+00 
1.4250000e+01 4.2958618e+01 0.0000000e+00 
1.3500000e+01 4.3204826e+01 0.0000000e+00 
3.2250000e+01 3.1777351e+01 0.0000000e+00 
1.5000000e+01 4.2730694e+01 0.0000000e+00 
2.4000000e+01 3.8406250e+01 0.0000000e+00 
2.4750000e+01 3.7932369e+01 0.0000000e+00 
2.7750000e+01 3.5804665e+01 0.0000000e+00 
1.2750000e+01 4.3469666e+01 0.0000000e+00 
2.3250000e+01 3.8900852e+01 0.0000000e+00 
3.0000000e+01 3.3971191e+01 0.0000000e+00 
2.5500000e+01 3.7479019e+01 0.0000000e+00 
3.0750000e+01 3.3307201e+01 0.0000000e+00 
9.0000000e+00 4.4441441e+01 0.0000000e+00 
1.5750000e+01 4.2520618e+01 0.0000000e+00 
1.2000000e+01 4.3753353e+01 0.0000000e+00 
2.9250000e+01 3.4685932e+01 0.0000000e+00 
2.0250000e+01 4.0605438e+01 0.0000000e+00 
5.2500000e+00 4.5078602e+01 0.0000000e+00 
2.2500000e+01 3.9416759e+01 0.0000000e+00 
1.8750000e+01 4.1334457e+01 0.0000000e+00 
2.6250000e+01 3.7046413e+01 0.0000000e+00 
3.1500000e+01 3.2700001e+01 0.0000000e+00 
3.7500000e+00 4.5250000e+01 0.0000000e+00 
1.6500000e+01 4.2327873e+01 0.0000000e+00 
6.7500000e+00 4.4929020e+01 0.0000000e+00 
1.1250000e+01 4.4055977e+01 0.0000000e+00 
2.8500000e+01 3.5445885e+01 0.0000000e+00 
2.1750000e+01 3.9954952e+01 0.0000000e+00 
3.3000000e+01 3.1318819e+01 0.0000000e+00 
2.7000000e+01 3.6635143e+01 0.0000000e+00 
3.2250000e+01 3.2155899e+01 0.0000000e+00 
1.7250000e+01 4.2151886e+01 0.0000000e+00 
8.2500000e+00 4.4807190e+01 0.0000000e+00 
1.9500000e+01 4.1212223e+01 0.0000000e+00 
1.0500000e+01 4.4377449e+01 0.0000000e+00 
3.0750000e+01 3.3714386e+01 0.0000000e+00 
3.0000000e+01 3.4389046e+01 0.0000000e+00 
2.1000000e+01 4.0516758e+01 0.0000000e+00 
2.7750000e+01 3.6246197e+01 0.0000000e+00 
2.4750000e+01 3.8395981e+01 0.0000000e+00 
2.4000000e+01 3.8875000e+01 0.0000000e+00 
1.8000000e+01 4.1992039e+01 0.0000000e+00 
3.1500000e+01 3.3094925e+01 0.0000000e+00 
2.9250000e+01 3.5113007e+01 0.0000000e+00 
2.5500000e+01 3.7937500e+01 0.0000000e+00 
4.5000000e+00 4.5500000e+01 0.0000000e+00 
2.3250000e+01 3.9374882e+01 0.0000000e+00 
6.0000000e+00 4.5332962e+01 0.0000000e+00 
3.3000000e+01 3.1681219e+01 0.0000000e+00 
9.7500000e+00 4.4717503e+01 0.0000000e+00 
2.6250000e+01 3.7499641e+01 0.0000000e+00 
3.3750000e+01 3.0937500e+01 0.0000000e+00 
1.4250000e+01 4.3525200e+01 0.0000000e+00 
2.2500000e+01 3.9896339e+01 0.0000000e+00 
7.5000000e+00 4.5189690e+01 0.0000000e+00 
3.2250000e+01 3.2536873e+01 0.0000000e+00 
1.5000000e+01 4.3287724e+01 0.0000000e+00 
1.3500000e+01 4.3781239e+01 0.0000000e+00 
2.0250000e+01 4.1103851e+01 0.0000000e+00 
2.8500000e+01 3.5880894e+01 0.0000000e+00 
1.8750000e+01 4.1847691e+01 0.0000000e+00 
1.5750000e+01 4.3068401e+01 0.0000000e+00 
1.2750000e+01 4.4056133e+01 0.0000000e+00 
2.7000000e+01 3.7082878e+01 0.0000000e+00 
2.1750000e+01 4.0440472e+01 0.0000000e+00 
1.6500000e+01 4.2866745e+01 0.0000000e+00 
3.0750000e+01 3.4123066e+01 0.0000000e+00 
1.2000000e+01 4.4350044e+01 0.0000000e+00 
3.0000000e+01 3.4808029e+01 0.0000000e+00 
9.0000000e+00 4.5075649e+01 0.0000000e+00 
3.1500000e+01 3.3491745e+01 0.0000000e+00 
3.3000000e+01 3.2046509e+01 0.0000000e+00 
2.7750000e+01 3.6688068e+01 0.0000000e+00 
3.3750000e+01 3.1282003e+01 0.0000000e+00 
2.9250000e+01 3.5540878e+01 0.0000000e+00 
1.7250000e+01 4.2682201e+01 0.0000000e+00 
5.2500000e+00 4.5750000e+01 0.0000000e+00 
1.9500000e+01 4.1718189e+01 0.0000000e+00 
1.1250000e+01 4.4662991e+01 0.0000000e+00 
2.4750000e+01 3.8859570e+01 0.0000000e+00 
2.1000000e+01 4.1008732e+01 0.0000000e+00 
3.2250000e+01 3.2920181e+01 0.0000000e+00 
6.7500000e+00 4.5587784e+01 0.0000000e+00 
2.4000000e+01 3.9343750e+01 0.0000000e+00 
2.5500000e+01 3.8395981e+01 0.0000000e+00 
2.3250000e+01 3.9848972e+01 0.0000000e+00 
2.6250000e+01 3.7952930e+01 0.0000000e+00 
2.8500000e+01 3.6316425e+01 0.0000000e+00 
1.8000000e+01 4.2514160e+01 0.0000000e+00 
8.2500000e+00 4.5451164e+01 0.0000000e+00 
1.0500000e+01 4.4994812e+01 0.0000000e+00 
2.2500000e+01 4.0376080e+01 0.0000000e+00 
2.7000000e+01 3.7530773e+01 0.0000000e+00 
3.0750000e+01 3.4533154e+01 0.0000000e+00 
3.3750000e+01 3.1629877e+01 0.0000000e+00 
3.3000000e+01 3.2414589e+01 0.0000000e+00 
3.1500000e+01 3.3890373e+01 0.0000000e+00 
2.0250000e+01 4.1602898e+01 0.0000000e+00 
3.0000000e+01 3.5228062e+01 0.0000000e+00 
1.8750000e+01 4.2361988e+01 0.0000000e+00 
1.4250000e+01 4.4094284e+01 0.0000000e+00 
1.5000000e+01 4.3847023e+01 0.0000000e+00 
2.1750000e+01 4.0926292e+01 0.0000000e+00 
2.7750000e+01 3.7130234e+01 0.0000000e+00 
3.2250000e+01 3.3305721e+01 0.0000000e+00 
2.9250000e+01 3.5969486e+01 0.0000000e+00 
1.3500000e+01 4.4360371e+01 0.0000000e+00 
1.5750000e+01 4.3618221e+01 0.0000000e+00 
9.7500000e+00 4.5345146e+01 0.0000000e+00 
6.0000000e+00 4.6000000e+01 0.0000000e+00 
1.2750000e+01 4.4645527e+01 0.0000000e+00 
1.6500000e+01 4.3407425e+01 0.0000000e+00 
7.5000000e+00 4.5843044e+01 0.0000000e+00 
2.4750000e+01 3.9323128e+01 0.0000000e+00 
2.5500000e+01 3.8854439e+01 0.0000000e+00 
2.4000000e+01 3.9812500e+01 0.0000000e+00 
3.3750000e+01 3.1981010e+01 0.0000000e+00 
2.8500000e+01 3.6752419e+01 0.0000000e+00 
1.9500000e+01 4.2225029e+01 0.0000000e+00 
2.1000000e+01 4.1501179e+01 0.0000000e+00 
3.3000000e+01 3.2785355e+01 0.0000000e+00 
2.6250000e+01 3.8406250e+01 0.0000000e+00 
1.2000000e+01 4.4949860e+01 0.0000000e+00 
1.7250000e+01 4.3214092e+01 0.0000000e+00 
2.3250000e+01 4.0323132e+01 0.0000000e+00 
3.0750000e+01 3.4944572e+01 0.0000000e+00 
3.1500000e+01 3.4290718e+01 0.0000000e+00 
9.0000000e+00 4.5713398e+01 0.0000000e+00 
3.0000000e+01 3.5649071e+01 0.0000000e+00 
2.7000000e+01 3.7978783e+01 0.0000000e+00 
3.2250000e+01 3.3693401e+01 0.0000000e+00 
2.2500000e+01 4.0855999e+01 0.0000000e+00 
1.1250000e+01 4.5273308e+01 0.0000000e+00 
1.8000000e+01 4.3037636e+01 0.0000000e+00 
2.9250000e+01 3.6398758e+01 0.0000000e+00 
2.7750000e+01 3.7572643e+01 0.0000000e+00 
2.0250000e+01 4.2102627e+01 0.0000000e+00 
6.7500000e+00 4.6250000e+01 0.0000000e+00 
3.3750000e+01 3.2335297e+01 0.0000000e+00 
2.1750000e+01 4.1412437e+01 0.0000000e+00 
3.3000000e+01 3.3158699e+01 0.0000000e+00 
1.8750000e+01 4.2877422e+01 0.0000000e+00 
3.4500000e+01 3.1625000e+01 0.0000000e+00 
1.0500000e+01 4.5615627e+01 0.0000000e+00 
8.2500000e+00 4.6098724e+01 0.0000000e+00 
2.8500000e+01 3.7188820e+01 0.0000000e+00 
2.4750000e+01 3.9786648e+01 0.0000000e+00 
3.0750000e+01 3.5357235e+01 0.0000000e+00 
2.5500000e+01 3.9312859e+01 0.0000000e+00 
3.1500000e+01 3.4692692e+01 0.0000000e+00 
1.5000000e+01 4.4408699e+01 0.0000000e+00 
1.4250000e+01 4.4665977e+01 0.0000000e+00 
2.4000000e+01 4.0281250e+01 0.0000000e+00 
1.5750000e+01 4.4170181e+01 0.0000000e+00 
2.6250000e+01 3.8859570e+01 0.0000000e+00 
3.0000000e+01 3.6070980e+01 0.0000000e+00 
3.2250000e+01 3.4083118e+01 0.0000000e+00 
1.3500000e+01 4.4942341e+01 0.0000000e+00 
1.6500000e+01 4.3950001e+01 0.0000000e+00 
2.1000000e+01 4.1994137e+01 0.0000000e+00 
2.3250000e+01 4.0797375e+01 0.0000000e+00 
2.7000000e+01 3.8426872e+01 0.0000000e+00 
1.9500000e+01 4.2732796e+01 0.0000000e+00 
3.3750000e+01 3.2692623e+01 0.0000000e+00 
9.7500000e+00 4.5976360e+01 0.0000000e+00 
1.2750000e+01 4.5237972e+01 0.0000000e+00 
1.7250000e+01 4.3747643e+01 0.0000000e+00 
3.4500000e+01 3.1961149e+01 0.0000000e+00 
2.9250000e+01 3.6828632e+01 0.0000000e+00 
3.3000000e+01 3.3534523e+01 0.0000000e+00 
2.2500000e+01 4.1336117e+01 0.0000000e+00 
2.7750000e+01 3.8015251e+01 0.0000000e+00 
7.5000000e+00 4.6500000e+01 0.0000000e+00 
1.2000000e+01 4.5552917e+01 0.0000000e+00 
1.8000000e+01 4.3562538e+01 0.0000000e+00 
3.1500000e+01 3.5096199e+01 0.0000000e+00 
2.0250000e+01 4.2603088e+01 0.0000000e+00 
3.0750000e+01 3.5771061e+01 0.0000000e+00 
2.8500000e+01 3.7625568e+01 0.0000000e+00 
3.2250000e+01 3.4474777e+01 0.0000000e+00 
2.1750000e+01 4.1898941e+01 0.0000000e+00 
9.0000000e+00 4.6354809e+01 0.0000000e+00 
3.3750000e+01 3.3052887e+01 0.0000000e+00 
3.0000000e+01 3.6493717e+01 0.0000000e+00 
2.5500000e+01 3.9771217e+01 0.0000000e+00 
1.1250000e+01 4.5887043e+01 0.0000000e+00 
2.4750000e+01 4.0250118e+01 0.0000000e+00 
3.4500000e+01 3.2300812e+01 0.0000000e+00 
2.6250000e+01 3.9312859e+01 0.0000000e+00 
1.8750000e+01 4.3394058e+01 0.0000000e+00 
2.4000000e+01 4.0750000e+01 0.0000000e+00 
3.3000000e+01 3.3912724e+01 0.0000000e+00 
2.7000000e+01 3.8875000e+01 0.0000000e+00 
2.9250000e+01 3.7259045e+01 0.0000000e+00 
2.3250000e+01 4.1271702e+01 0.0000000e+00 
2.1000000e+01 4.2487648e+01 0.0000000e+00 
1.5000000e+01 4.4972855e+01 0.0000000e+00 
1.5750000e+01 4.4724373e+01 0.0000000e+00 
1.0500000e+01 4.6240013e+01 0.0000000e+00 
2.7750000e+01 3.8458000e+01 0.0000000e+00 
1.4250000e+01 4.5240387e+01 0.0000000e+00 
1.9500000e+01 4.3241547e+01 0.0000000e+00 
1.6500000e+01 4.4494564e+01 0.0000000e+00 
3.1500000e+01 3.5501152e+01 0.0000000e+00 
8.2500000e+00 4.6750000e+01 0.0000000e+00 
2.2500000e+01 4.1816452e+01 0.0000000e+00 
1.3500000e+01 4.5527252e+01 0.0000000e+00 
3.0750000e+01 3.6185963e+01 0.0000000e+00 
3.3750000e+01 3.3415977e+01 0.0000000e+00 
3.2250000e+01 3.4868286e+01 0.0000000e+00 
3.4500000e+01 3.2643875e+01 0.0000000e+00 
1.7250000e+01 4.4282940e+01 0.0000000e+00 
2.8500000e+01 3.8062607e+01 0.0000000e+00 
3.0000000e+01 3.6917206e+01 0.0000000e+00 
1.2750000e+01 4.5833580e+01 0.0000000e+00 
3.3000000e+01 3.4293194e+01 0.0000000e+00 
9.7500000e+00 4.6611271e+01 0.0000000e+00 
1.8000000e+01 4.4088943e+01 0.0000000e+00 
2.0250000e+01 4.3104332e+01 0.0000000e+00 
2.5500000e+01 4.0229500e+01 0.0000000e+00 
2.1750000e+01 4.2385830e+01 0.0000000e+00 
2.4750000e+01 4.0713528e+01 0.0000000e+00 
2.6250000e+01 3.9766087e+01 0.0000000e+00 
1.2000000e+01 4.6159340e+01 0.0000000e+00 
2.4000000e+01 4.1218750e+01 0.0000000e+00 
2.7000000e+01 3.9323128e+01 0.0000000e+00 
2.9250000e+01 3.7689919e+01 0.0000000e+00 
3.4500000e+01 3.2990227e+01 0.0000000e+00 
1.8750000e+01 4.3911961e+01 0.0000000e+00 
3.3750000e+01 3.3781784e+01 0.0000000e+00 
3.1500000e+01 3.5907463e+01 0.0000000e+00 
2.3250000e+01 4.1746136e+01 0.0000000e+00 
2.7750000e+01 3.8900852e+01 0.0000000e+00 
3.2250000e+01 3.5263538e+01 0.0000000e+00 
3.0750000e+01 3.6601864e+01 0.0000000e+00 
3.5250000e+01 3.2312500e+01 0.0000000e+00 
2.1000000e+01 4.2981750e+01 0.0000000e+00 
1.1250000e+01 4.6504322e+01 0.0000000e+00 
9.0000000e+00 4.7000000e+01 0.0000000e+00 
3.3000000e+01 3.4675835e+01 0.0000000e+00 
3.0000000e+01 3.7341370e+01 0.0000000e+00 
1.9500000e+01 4.3751339e+01 0.0000000e+00 
2.8500000e+01 3.8499878e+01 0.0000000e+00 
2.2500000e+01 4.2297028e+01 0.0000000e+00 
1.5750000e+01 4.5280899e+01 0.0000000e+00 
1.5000000e+01 4.5539589e+01 0.0000000e+00 
1.6500000e+01 4.5041206e+01 0.0000000e+00 
3.4500000e+01 3.3339752e+01 0.0000000e+00 
1.4250000e+01 4.5817623e+01 0.0000000e+00 
3.3750000e+01 3.4150200e+01 0.0000000e+00 
2.5500000e+01 4.0687679e+01 0.0000000e+00 
1.7250000e+01 4.4820061e+01 0.0000000e+00 
2.6250000e+01 4.0219227e+01 0.0000000e+00 
1.0500000e+01 4.6868095e+01 0.0000000e+00 
3.5250000e+01 3.2640564e+01 0.0000000e+00 
2.4750000e+01 4.1176868e+01 0.0000000e+00 
2.9250000e+01 3.8121197e+01 0.0000000e+00 
1.3500000e+01 4.6115227e+01 0.0000000e+00 
2.7000000e+01 3.9771217e+01 0.0000000e+00 
3.1500000e+01 3.6315037e+01 0.0000000e+00 
2.1750000e+01 4.2873138e+01 0.0000000e+00 
2.0250000e+01 4.3606407e+01 0.0000000e+00 
3.2250000e+01 3.5660446e+01 0.0000000e+00 
2.4000000e+01 4.1687500e+01 0.0000000e+00 
1.8000000e+01 4.4616924e+01 0.0000000e+00 
3.0750000e+01 3.7018673e+01 0.0000000e+00 
2.7750000e+01 3.9343750e+01 0.0000000e+00 
3.3000000e+01 3.5060539e+01 0.0000000e+00 
1.2750000e+01 4.6432468e+01 0.0000000e+00 
2.3250000e+01 4.2220676e+01 0.0000000e+00 
3.4500000e+01 3.3692341e+01 0.0000000e+00 
1.8750000e+01 4.4431198e+01 0.0000000e+00 
3.0000000e+01 3.7766132e+01 0.0000000e+00 
9.7500000e+00 4.7250000e+01 0.0000000e+00 
2.8500000e+01 3.8937321e+01 0.0000000e+00 
3.5250000e+01 3.2972260e+01 0.0000000e+00 
3.3750000e+01 3.4521118e+01 0.0000000e+00 
2.1000000e+01 4.3476482e+01 0.0000000e+00 
1.2000000e+01 4.6769249e+01 0.0000000e+00 
2.2500000e+01 4.2777866e+01 0.0000000e+00 
1.9500000e+01 4.4262238e+01 0.0000000e+00 
3.2250000e+01 3.6058907e+01 0.0000000e+00 
3.1500000e+01 3.6723785e+01 0.0000000e+00 
2.9250000e+01 3.8552807e+01 0.0000000e+00 
2.5500000e+01 4.1145741e+01 0.0000000e+00 
2.6250000e+01 4.0672249e+01 0.0000000e+00 
3.3000000e+01 3.5447205e+01 0.0000000e+00 
2.4750000e+01 4.1640125e+01 0.0000000e+00 
2.7000000e+01 4.0219227e+01 0.0000000e+00 
3.0750000e+01 3.7436317e+01 0.0000000e+00 
1.1250000e+01 4.7125267e+01 0.0000000e+00 
1.5750000e+01 4.5839851e+01 0.0000000e+00 
3.4500000e+01 3.4047871e+01 0.0000000e+00 
1.6500000e+01 4.5590015e+01 0.0000000e+00 
1.5000000e+01 4.6109009e+01 0.0000000e+00 
3.5250000e+01 3.3307468e+01 0.0000000e+00 
2.7750000e+01 3.9786648e+01 0.0000000e+00 
2.4000000e+01 4.2156250e+01 0.0000000e+00 
2.1750000e+01 4.3360893e+01 0.0000000e+00 
1.7250000e+01 4.5359089e+01 0.0000000e+00 
2.0250000e+01 4.4109364e+01 0.0000000e+00 
1.4250000e+01 4.6397797e+01 0.0000000e+00 
3.3750000e+01 3.4894424e+01 0.0000000e+00 
3.0000000e+01 3.8191425e+01 0.0000000e+00 
1.8000000e+01 4.5146557e+01 0.0000000e+00 
2.8500000e+01 3.9374882e+01 0.0000000e+00 
2.3250000e+01 4.2695335e+01 0.0000000e+00 
1.3500000e+01 4.6706375e+01 0.0000000e+00 
1.0500000e+01 4.7500000e+01 0.0000000e+00 
3.2250000e+01 3.6458820e+01 0.0000000e+00 
3.1500000e+01 3.7133617e+01 0.0000000e+00 
1.8750000e+01 4.4951836e+01 0.0000000e+00 
3.3000000e+01 3.5835732e+01 0.0000000e+00 
3.4500000e+01 3.4406239e+01 0.0000000e+00 
2.1000000e+01 4.3971889e+01 0.0000000e+00 
3.5250000e+01 3.3646080e+01 0.0000000e+00 
1.2750000e+01 4.7034760e+01 0.0000000e+00 
2.9250000e+01 3.8984684e+01 0.0000000e+00 
2.2500000e+01 4.3258980e+01 0.0000000e+00 
3.0750000e+01 3.7854706e+01 0.0000000e+00 
2.6250000e+01 4.1125122e+01 0.0000000e+00 
2.5500000e+01 4.1603661e+01 0.0000000e+00 
2.7000000e+01 4.0667122e+01 0.0000000e+00 
3.3750000e+01 3.5270012e+01 0.0000000e+00 
1.9500000e+01 4.4774292e+01 0.0000000e+00 
3.6000000e+01 3.3000000e+01 0.0000000e+00 
2.4750000e+01 4.2103298e+01 0.0000000e+00 
2.7750000e+01 4.0229500e+01 0.0000000e+00 
1.2000000e+01 4.7382763e+01 0.0000000e+00 
3.0000000e+01 3.8617165e+01 0.0000000e+00 
2.4000000e+01 4.2625000e+01 0.0000000e+00 
2.1750000e+01 4.3849121e+01 0.0000000e+00 
2.8500000e+01 3.9812500e+01 0.0000000e+00 
3.5250000e+01 3.3987972e+01 0.0000000e+00 
3.2250000e+01 3.6860100e+01 0.0000000e+00 
3.4500000e+01 3.4767326e+01 0.0000000e+00 
2.0250000e+01 4.4613247e+01 0.0000000e+00 
1.5750000e+01 4.6401329e+01 0.0000000e+00 
1.6500000e+01 4.6141087e+01 0.0000000e+00 
3.3000000e+01 3.6226013e+01 0.0000000e+00 
3.1500000e+01 3.7544445e+01 0.0000000e+00 
1.5000000e+01 4.6681217e+01 0.0000000e+00 
2.3250000e+01 4.3170124e+01 0.0000000e+00 
1.7250000e+01 4.5900108e+01 0.0000000e+00 
3.6000000e+01 3.3320263e+01 0.0000000e+00 
1.1250000e+01 4.7750000e+01 0.0000000e+00 
2.9250000e+01 3.9416759e+01 0.0000000e+00 
3.3750000e+01 3.5647778e+01 0.0000000e+00 
1.4250000e+01 4.6981010e+01 0.0000000e+00 
3.0750000e+01 3.8273758e+01 0.0000000e+00 
1.8000000e+01 4.5677917e+01 0.0000000e+00 
2.6250000e+01 4.1577816e+01 0.0000000e+00 
2.1000000e+01 4.4468002e+01 0.0000000e+00 
2.5500000e+01 4.2061420e+01 0.0000000e+00 
2.7000000e+01 4.1114857e+01 0.0000000e+00 
1.8750000e+01 4.5473946e+01 0.0000000e+00 
2.2500000e+01 4.3740395e+01 0.0000000e+00 
1.3500000e+01 4.7300812e+01 0.0000000e+00 
3.5250000e+01 3.4333027e+01 0.0000000e+00 
2.7750000e+01 4.0672249e+01 0.0000000e+00 
3.0000000e+01 3.9043282e+01 0.0000000e+00 
3.4500000e+01 3.5131023e+01 0.0000000e+00 
2.4750000e+01 4.2566364e+01 0.0000000e+00 
3.6000000e+01 3.3644249e+01 0.0000000e+00 
3.2250000e+01 3.7262638e+01 0.0000000e+00 
3.3000000e+01 3.6617947e+01 0.0000000e+00 
1.9500000e+01 4.5287563e+01 0.0000000e+00 
1.2750000e+01 4.7640564e+01 0.0000000e+00 
2.8500000e+01 4.0250118e+01 0.0000000e+00 
3.1500000e+01 3.7956173e+01 0.0000000e+00 
2.4000000e+01 4.3093750e+01 0.0000000e+00 
3.3750000e+01 3.6027607e+01 0.0000000e+00 
2.1750000e+01 4.4337860e+01 0.0000000e+00 
3.0750000e+01 3.8693394e+01 0.0000000e+00 
2.9250000e+01 3.9848972e+01 0.0000000e+00 
3.5250000e+01 3.4681133e+01 0.0000000e+00 
2.3250000e+01 4.3645058e+01 0.0000000e+00 
2.0250000e+01 4.5118103e+01 0.0000000e+00 
1.2000000e+01 4.8000000e+01 0.0000000e+00 
3.6000000e+01 3.3971840e+01 0.0000000e+00 
3.4500000e+01 3.5497211e+01 0.0000000e+00 
1.6500000e+01 4.6694504e+01 0.0000000e+00 
1.5750000e+01 4.6965427e+01 0.0000000e+00 
1.7250000e+01 4.6443207e+01 0.0000000e+00 
2.6250000e+01 4.2030300e+01 0.0000000e+00 
2.7000000e+01 4.1562393e+01 0.0000000e+00 
3.0000000e+01 3.9469700e+01 0.0000000e+00 
2.5500000e+01 4.2519001e+01 0.0000000e+00 
1.5000000e+01 4.7256317e+01 0.0000000e+00 
3.2250000e+01 3.7666344e+01 0.0000000e+00 
3.3000000e+01 3.7011429e+01 0.0000000e+00 
1.8000000e+01 4.6211082e+01 0.0000000e+00 
2.7750000e+01 4.1114857e+01 0.0000000e+00 
2.2500000e+01 4.4222130e+01 0.0000000e+00 
2.1000000e+01 4.4964863e+01 0.0000000e+00 
2.4750000e+01 4.3029324e+01 0.0000000e+00 
3.1500000e+01 3.8368717e+01 0.0000000e+00 
3.3750000e+01 3.6409389e+01 0.0000000e+00 
1.4250000e+01 4.7567375e+01 0.0000000e+00 
1.8750000e+01 4.5997589e+01 0.0000000e+00 
2.8500000e+01 4.0687679e+01 0.0000000e+00 
3.5250000e+01 3.5032166e+01 0.0000000e+00 
3.6000000e+01 3.4302917e+01 0.0000000e+00 
2.4000000e+01 4.3562500e+01 0.0000000e+00 
3.0750000e+01 3.9113525e+01 0.0000000e+00 
1.3500000e+01 4.7898651e+01 0.0000000e+00 
3.4500000e+01 3.5865780e+01 0.0000000e+00 
1.9500000e+01 4.5802113e+01 0.0000000e+00 
2.9250000e+01 4.0281250e+01 0.0000000e+00 
2.1750000e+01 4.4827133e+01 0.0000000e+00 
3.6750000e+01 3.3687500e+01 0.0000000e+00 
2.3250000e+01 4.4120136e+01 0.0000000e+00 
3.3000000e+01 3.7406357e+01 0.0000000e+00 
3.2250000e+01 3.8071117e+01 0.0000000e+00 
1.2750000e+01 4.8250000e+01 0.0000000e+00 
2.0250000e+01 4.5623989e+01 0.0000000e+00 
3.0000000e+01 3.9896339e+01 0.0000000e+00 
3.3750000e+01 3.6793022e+01 0.0000000e+00 
2.7000000e+01 4.2009693e+01 0.0000000e+00 
2.6250000e+01 4.2482548e+01 0.0000000e+00 
3.5250000e+01 3.5386013e+01 0.0000000e+00 
3.6000000e+01 3.4637360e+01 0.0000000e+00 
3.1500000e+01 3.8781986e+01 0.0000000e+00 
2.7750000e+01 4.1557266e+01 0.0000000e+00 
2.5500000e+01 4.2976383e+01 0.0000000e+00 
3.4500000e+01 3.6236618e+01 0.0000000e+00 
2.8500000e+01 4.1125122e+01 0.0000000e+00 
2.4750000e+01 4.3492165e+01 0.0000000e+00 
2.2500000e+01 4.4704201e+01 0.0000000e+00 
1.6500000e+01 4.7250362e+01 0.0000000e+00 
1.7250000e+01 4.6988461e+01 0.0000000e+00 
3.6750000e+01 3.4000267e+01 0.0000000e+00 
1.5750000e+01 4.7532249e+01 0.0000000e+00 
2.1000000e+01 4.5462517e+01 0.0000000e+00 
3.0750000e+01 3.9534073e+01 0.0000000e+00 
1.8000000e+01 4.6746120e+01 0.0000000e+00 
1.5000000e+01 4.7834412e+01 0.0000000e+00 
2.9250000e+01 4.0713528e+01 0.0000000e+00 
2.4000000e+01 4.4031250e+01 0.0000000e+00 
1.8750000e+01 4.6522831e+01 0.0000000e+00 
3.3000000e+01 3.7802628e+01 0.0000000e+00 
3.6000000e+01 3.4975044e+01 0.0000000e+00 
3.5250000e+01 3.5742554e+01 0.0000000e+00 
3.2250000e+01 3.8476864e+01 0.0000000e+00 
3.3750000e+01 3.7178394e+01 0.0000000e+00 
1.4250000e+01 4.8157005e+01 0.0000000e+00 
1.9500000e+01 4.6317993e+01 0.0000000e+00 
3.0000000e+01 4.0323132e+01 0.0000000e+00 
2.1750000e+01 4.5316971e+01 0.0000000e+00 
3.6750000e+01 3.4316822e+01 0.0000000e+00 
3.1500000e+01 3.9195885e+01 0.0000000e+00 
2.3250000e+01 4.4595379e+01 0.0000000e+00 
3.4500000e+01 3.6609608e+01 0.0000000e+00 
2.7000000e+01 4.2456718e+01 0.0000000e+00 
2.6250000e+01 4.2934528e+01 0.0000000e+00 
2.7750000e+01 4.1999432e+01 0.0000000e+00 
1.3500000e+01 4.8500000e+01 0.0000000e+00 
2.5500000e+01 4.3433548e+01 0.0000000e+00 
2.0250000e+01 4.6130947e+01 0.0000000e+00 
2.8500000e+01 4.1562393e+01 0.0000000e+00 
3.0750000e+01 3.9954952e+01 0.0000000e+00 
3.6000000e+01 3.5315853e+01 0.0000000e+00 
2.4750000e+01 4.3954876e+01 0.0000000e+00 
3.5250000e+01 3.6101673e+01 0.0000000e+00 
2.2500000e+01 4.5186634e+01 0.0000000e+00 
3.3000000e+01 3.8200138e+01 0.0000000e+00 
2.9250000e+01 4.1145741e+01 0.0000000e+00 
3.3750000e+01 3.7565395e+01 0.0000000e+00 
3.6750000e+01 3.4637043e+01 0.0000000e+00 
3.2250000e+01 3.8883480e+01 0.0000000e+00 
2.1000000e+01 4.5960995e+01 0.0000000e+00 
2.4000000e+01 4.4500000e+01 0.0000000e+00 
1.7250000e+01 4.7535954e+01 0.0000000e+00 
1.6500000e+01 4.7808750e+01 0.0000000e+00 
3.4500000e+01 3.6984638e+01 0.0000000e+00 
1.8000000e+01 4.7283115e+01 0.0000000e+00 
3.0000000e+01 4.0750000e+01 0.0000000e+00 
3.1500000e+01 3.9610325e+01 0.0000000e+00 
1.5750000e+01 4.8101887e+01 0.0000000e+00 
1.8750000e+01 4.7049744e+01 0.0000000e+00 
3.6000000e+01 3.5659668e+01 0.0000000e+00 
1.5000000e+01 4.8415607e+01 0.0000000e+00 
2.7000000e+01 4.2903427e+01 0.0000000e+00 
2.7750000e+01 4.2441303e+01 0.0000000e+00 
2.1750000e+01 4.5807404e+01 0.0000000e+00 
2.6250000e+01 4.3386208e+01 0.0000000e+00 
2.3250000e+01 4.5070789e+01 0.0000000e+00 
3.5250000e+01 3.6463257e+01 0.0000000e+00 
3.6750000e+01 3.4960808e+01 0.0000000e+00 
1.9500000e+01 4.6835266e+01 0.0000000e+00 
3.0750000e+01 4.0376080e+01 0.0000000e+00 
2.8500000e+01 4.1999432e+01 0.0000000e+00 
2.5500000e+01 4.3890472e+01 0.0000000e+00 
3.3000000e+01 3.8598785e+01 0.0000000e+00 
3.3750000e+01 3.7953922e+01 0.0000000e+00 
1.4250000e+01 4.8750000e+01 0.0000000e+00 
3.2250000e+01 3.9290878e+01 0.0000000e+00 
2.9250000e+01 4.1577816e+01 0.0000000e+00 
2.0250000e+01 4.6639030e+01 0.0000000e+00 
2.4750000e+01 4.4417442e+01 0.0000000e+00 
3.4500000e+01 3.7361595e+01 0.0000000e+00 
3.7500000e+01 3.4375000e+01 0.0000000e+00 
2.2500000e+01 4.5669445e+01 0.0000000e+00 
3.6000000e+01 3.6006367e+01 0.0000000e+00 
3.1500000e+01 4.0025219e+01 0.0000000e+00 
3.0000000e+01 4.1176868e+01 0.0000000e+00 
3.6750000e+01 3.5287991e+01 0.0000000e+00 
2.4000000e+01 4.4968750e+01 0.0000000e+00 
3.5250000e+01 3.6827183e+01 0.0000000e+00 
2.1000000e+01 4.6460342e+01 0.0000000e+00 
2.7000000e+01 4.3349781e+01 0.0000000e+00 
3.7500000e+01 3.4680595e+01 0.0000000e+00 
2.7750000e+01 4.2882835e+01 0.0000000e+00 
3.3750000e+01 3.8343857e+01 0.0000000e+00 
1.7250000e+01 4.8085773e+01 0.0000000e+00 
3.3000000e+01 3.8998463e+01 0.0000000e+00 
3.0750000e+01 4.0797375e+01 0.0000000e+00 
2.6250000e+01 4.3837563e+01 0.0000000e+00 
1.8000000e+01 4.7822136e+01 0.0000000e+00 
1.6500000e+01 4.8369759e+01 0.0000000e+00 
2.8500000e+01 4.2436180e+01 0.0000000e+00 
3.4500000e+01 3.7740368e+01 0.0000000e+00 
2.3250000e+01 4.5546379e+01 0.0000000e+00 
1.8750000e+01 4.7578392e+01 0.0000000e+00 
3.2250000e+01 3.9698956e+01 0.0000000e+00 
2.1750000e+01 4.6298466e+01 0.0000000e+00 
2.5500000e+01 4.4347134e+01 0.0000000e+00 
1.5750000e+01 4.8674438e+01 0.0000000e+00 
3.6000000e+01 3.6355827e+01 0.0000000e+00 
3.6750000e+01 3.5618477e+01 0.0000000e+00 
2.9250000e+01 4.2009693e+01 0.0000000e+00 
1.9500000e+01 4.7353989e+01 0.0000000e+00 
3.5250000e+01 3.7193333e+01 0.0000000e+00 
1.5000000e+01 4.9000000e+01 0.0000000e+00 
2.4750000e+01 4.4879864e+01 0.0000000e+00 
3.1500000e+01 4.0440472e+01 0.0000000e+00 
3.7500000e+01 3.4990013e+01 0.0000000e+00 
3.0000000e+01 4.1603661e+01 0.0000000e+00 
2.0250000e+01 4.7148285e+01 0.0000000e+00 
2.2500000e+01 4.6152653e+01 0.0000000e+00 
3.3750000e+01 3.8735100e+01 0.0000000e+00 
2.4000000e+01 4.5437500e+01 0.0000000e+00 
3.3000000e+01 3.9399071e+01 0.0000000e+00 
3.6750000e+01 3.5952137e+01 0.0000000e+00 
3.4500000e+01 3.8120838e+01 0.0000000e+00 
3.6000000e+01 3.6707932e+01 0.0000000e+00 
3.0750000e+01 4.1218750e+01 0.0000000e+00 
2.1000000e+01 4.6960594e+01 0.0000000e+00 
2.7750000e+01 4.3323975e+01 0.0000000e+00 
2.7000000e+01 4.3795742e+01 0.0000000e+00 
3.2250000e+01 4.0107613e+01 0.0000000e+00 
2.8500000e+01 4.2872581e+01 0.0000000e+00 
2.6250000e+01 4.4288559e+01 0.0000000e+00 
3.7500000e+01 3.5303127e+01 0.0000000e+00 
3.5250000e+01 3.7561596e+01 0.0000000e+00 
2.9250000e+01 4.2441303e+01 0.0000000e+00 
2.5500000e+01 4.4803520e+01 0.0000000e+00 
2.3250000e+01 4.6022160e+01 0.0000000e+00 
3.1500000e+01 4.0855999e+01 0.0000000e+00 
2.1750000e+01 4.6790180e+01 0.0000000e+00 
1.8000000e+01 4.8363258e+01 0.0000000e+00 
1.7250000e+01 4.8637997e+01 0.0000000e+00 
1.8750000e+01 4.8108845e+01 0.0000000e+00 
3.0000000e+01 4.2030300e+01 0.0000000e+00 
1.6500000e+01 4.8933479e+01 0.0000000e+00 
3.6750000e+01 3.6288853e+01 0.0000000e+00 
2.4750000e+01 4.5342121e+01 0.0000000e+00 
3.6000000e+01 3.7062561e+01 0.0000000e+00 
3.3750000e+01 3.9127537e+01 0.0000000e+00 
1.9500000e+01 4.7874218e+01 0.0000000e+00 
3.4500000e+01 3.8502895e+01 0.0000000e+00 
3.3000000e+01 3.9800507e+01 0.0000000e+00 
1.5750000e+01 4.9250000e+01 0.0000000e+00 
3.7500000e+01 3.5619812e+01 0.0000000e+00 
3.0750000e+01 4.1640125e+01 0.0000000e+00 
2.2500000e+01 4.6636284e+01 0.0000000e+00 
3.5250000e+01 3.7931850e+01 0.0000000e+00 
2.0250000e+01 4.7658764e+01 0.0000000e+00 
3.2250000e+01 4.0516758e+01 0.0000000e+00 
2.4000000e+01 4.5906250e+01 0.0000000e+00 
2.7750000e+01 4.3764675e+01 0.0000000e+00 
2.7000000e+01 4.4241268e+01 0.0000000e+00 
2.8500000e+01 4.3308575e+01 0.0000000e+00 
2.6250000e+01 4.4739170e+01 0.0000000e+00 
3.6750000e+01 3.6628502e+01 0.0000000e+00 
3.8250000e+01 3.5062500e+01 0.0000000e+00 
2.9250000e+01 4.2872581e+01 0.0000000e+00 
2.1000000e+01 4.7461796e+01 0.0000000e+00 
3.1500000e+01 4.1271702e+01 0.0000000e+00 
3.6000000e+01 3.7419594e+01 0.0000000e+00 
3.7500000e+01 3.5939949e+01 0.0000000e+00 
2.5500000e+01 4.5259605e+01 0.0000000e+00 
3.3750000e+01 3.9521061e+01 0.0000000e+00 
3.4500000e+01 3.8886429e+01 0.0000000e+00 
3.0000000e+01 4.2456718e+01 0.0000000e+00 
2.3250000e+01 4.6498142e+01 0.0000000e+00 
3.3000000e+01 4.0202663e+01 0.0000000e+00 
2.1750000e+01 4.7282578e+01 0.0000000e+00 
3.5250000e+01 3.8303978e+01 0.0000000e+00 
2.4750000e+01 4.5804211e+01 0.0000000e+00 
3.8250000e+01 3.5361271e+01 0.0000000e+00 
3.0750000e+01 4.2061420e+01 0.0000000e+00 
3.2250000e+01 4.0926292e+01 0.0000000e+00 
1.8000000e+01 4.8906563e+01 0.0000000e+00 
3.6750000e+01 3.6970959e+01 0.0000000e+00 
1.7250000e+01 4.9192711e+01 0.0000000e+00 
1.8750000e+01 4.8641163e+01 0.0000000e+00 
3.7500000e+01 3.6263412e+01 0.0000000e+00 
1.9500000e+01 4.8396011e+01 0.0000000e+00 
1.6500000e+01 4.9500000e+01 0.0000000e+00 
3.6000000e+01 3.7778908e+01 0.0000000e+00 
2.7750000e+01 4.4204887e+01 0.0000000e+00 
2.8500000e+01 4.3744106e+01 0.0000000e+00 
2.7000000e+01 4.4686321e+01 0.0000000e+00 
2.2500000e+01 4.7120350e+01 0.0000000e+00 
2.4000000e+01 4.6375000e+01 0.0000000e+00 
3.1500000e+01 4.1687500e+01 0.0000000e+00 
2.0250000e+01 4.8170509e+01 0.0000000e+00 
2.9250000e+01 4.3303455e+01 0.0000000e+00 
2.6250000e+01 4.5189362e+01 0.0000000e+00 
3.3750000e+01 3.9915562e+01 0.0000000e+00 
3.4500000e+01 3.9271320e+01 0.0000000e+00 
3.8250000e+01 3.5663860e+01 0.0000000e+00 
3.3000000e+01 4.0605438e+01 0.0000000e+00 
3.5250000e+01 3.8677868e+01 0.0000000e+00 
3.0000000e+01 4.2882835e+01 0.0000000e+00 
2.5500000e+01 4.5715370e+01 0.0000000e+00 
2.1000000e+01 4.7963978e+01 0.0000000e+00 
3.6750000e+01 3.7316105e+01 0.0000000e+00 
3.7500000e+01 3.6590080e+01 0.0000000e+00 
2.3250000e+01 4.6974335e+01 0.0000000e+00 
3.2250000e+01 4.1336117e+01 0.0000000e+00 
3.0750000e+01 4.2482548e+01 0.0000000e+00 
3.6000000e+01 3.8140385e+01 0.0000000e+00 
2.4750000e+01 4.6266121e+01 0.0000000e+00 
2.1750000e+01 4.7775692e+01 0.0000000e+00 
3.8250000e+01 3.5970146e+01 0.0000000e+00 
3.4500000e+01 3.9657463e+01 0.0000000e+00 
2.7750000e+01 4.4644562e+01 0.0000000e+00 
3.3750000e+01 4.0310932e+01 0.0000000e+00 
2.8500000e+01 4.4179115e+01 0.0000000e+00 
3.1500000e+01 4.2103298e+01 0.0000000e+00 
2.7000000e+01 4.5130863e+01 0.0000000e+00 
3.5250000e+01 3.9053394e+01 0.0000000e+00 
2.9250000e+01 4.3733868e+01 0.0000000e+00 
3.6750000e+01 3.7663818e+01 0.0000000e+00 
3.7500000e+01 3.6919827e+01 0.0000000e+00 
1.8000000e+01 4.9452118e+01 0.0000000e+00 
1.8750000e+01 4.9175419e+01 0.0000000e+00 
2.4000000e+01 4.6843750e+01 0.0000000e+00 
3.3000000e+01 4.1008732e+01 0.0000000e+00 
2.6250000e+01 4.5639107e+01 0.0000000e+00 
2.2500000e+01 4.7604877e+01 0.0000000e+00 
1.7250000e+01 4.9750000e+01 0.0000000e+00 
1.9500000e+01 4.8919430e+01 0.0000000e+00 
3.0000000e+01 4.3308575e+01 0.0000000e+00 
3.6000000e+01 3.8503906e+01 0.0000000e+00 
3.8250000e+01 3.6280003e+01 0.0000000e+00 
2.0250000e+01 4.8683575e+01 0.0000000e+00 
2.5500000e+01 4.6170799e+01 0.0000000e+00 
3.2250000e+01 4.1746136e+01 0.0000000e+00 
3.0750000e+01 4.2903427e+01 0.0000000e+00 
2.1000000e+01 4.8467190e+01 0.0000000e+00 
2.3250000e+01 4.7450745e+01 0.0000000e+00 
3.4500000e+01 4.0044735e+01 0.0000000e+00 
3.7500000e+01 3.7252529e+01 0.0000000e+00 
3.6750000e+01 3.8013977e+01 0.0000000e+00 
2.4750000e+01 4.6727840e+01 0.0000000e+00 
3.3750000e+01 4.0707066e+01 0.0000000e+00 
3.5250000e+01 3.9430447e+01 0.0000000e+00 
3.9000000e+01 3.5750000e+01 0.0000000e+00 
3.1500000e+01 4.2519001e+01 0.0000000e+00 
3.8250000e+01 3.6593307e+01 0.0000000e+00 
2.7750000e+01 4.5083649e+01 0.0000000e+00 
2.8500000e+01 4.4613544e+01 0.0000000e+00 
2.1750000e+01 4.8269550e+01 0.0000000e+00 
3.3000000e+01 4.1412437e+01 0.0000000e+00 
2.9250000e+01 4.4163742e+01 0.0000000e+00 
2.7000000e+01 4.5574852e+01 0.0000000e+00 
3.6000000e+01 3.8869350e+01 0.0000000e+00 
3.0000000e+01 4.3733868e+01 0.0000000e+00 
2.6250000e+01 4.6088379e+01 0.0000000e+00 
2.4000000e+01 4.7312500e+01 0.0000000e+00 
3.2250000e+01 4.2156250e+01 0.0000000e+00 
2.2500000e+01 4.8089882e+01 0.0000000e+00 
3.7500000e+01 3.7588066e+01 0.0000000e+00 
3.9000000e+01 3.6042309e+01 0.0000000e+00 
3.0750000e+01 4.3323975e+01 0.0000000e+00 
3.6750000e+01 3.8366455e+01 0.0000000e+00 
1.8750000e+01 4.9711674e+01 0.0000000e+00 
1.8000000e+01 5.0000000e+01 0.0000000e+00 
2.5500000e+01 4.6625866e+01 0.0000000e+00 
1.9500000e+01 4.9444527e+01 0.0000000e+00 
3.4500000e+01 4.0433029e+01 0.0000000e+00 
3.8250000e+01 3.6909939e+01 0.0000000e+00 
3.5250000e+01 3.9808907e+01 0.0000000e+00 
3.3750000e+01 4.1103851e+01 0.0000000e+00 
2.0250000e+01 4.9198006e+01 0.0000000e+00 
3.6000000e+01 3.9236595e+01 0.0000000e+00 
3.1500000e+01 4.2934528e+01 0.0000000e+00 
2.3250000e+01 4.7927387e+01 0.0000000e+00 
3.3000000e+01 4.1816452e+01 0.0000000e+00 
2.1000000e+01 4.8971466e+01 0.0000000e+00 
2.4750000e+01 4.7189358e+01 0.0000000e+00 
3.9000000e+01 3.6338398e+01 0.0000000e+00 
2.8500000e+01 4.5047337e+01 0.0000000e+00 
2.7750000e+01 4.5522102e+01 0.0000000e+00 
2.9250000e+01 4.4593014e+01 0.0000000e+00 
3.7500000e+01 3.7926315e+01 0.0000000e+00 
2.7000000e+01 4.6018250e+01 0.0000000e+00 
3.8250000e+01 3.7229774e+01 0.0000000e+00 
3.6750000e+01 3.8721130e+01 0.0000000e+00 
3.0000000e+01 4.4158630e+01 0.0000000e+00 
2.1750000e+01 4.8764183e+01 0.0000000e+00 
3.2250000e+01 4.2566364e+01 0.0000000e+00 
2.6250000e+01 4.6537140e+01 0.0000000e+00 
3.4500000e+01 4.0822227e+01 0.0000000e+00 
3.5250000e+01 4.0188652e+01 0.0000000e+00 
2.4000000e+01 4.7781250e+01 0.0000000e+00 
3.0750000e+01 4.3744106e+01 0.0000000e+00 
3.3750000e+01 4.1501179e+01 0.0000000e+00 
3.9000000e+01 3.6638149e+01 0.0000000e+00 
3.6000000e+01 3.9605522e+01 0.0000000e+00 
2.2500000e+01 4.8575386e+01 0.0000000e+00 
2.5500000e+01 4.7080555e+01 0.0000000e+00 
3.7500000e+01 3.8267151e+01 0.0000000e+00 
3.1500000e+01 4.3349781e+01 0.0000000e+00 
3.3000000e+01 4.2220676e+01 0.0000000e+00 
3.8250000e+01 3.7552692e+01 0.0000000e+00 
1.8750000e+01 5.0250000e+01 0.0000000e+00 
1.9500000e+01 4.9971367e+01 0.0000000e+00 
3.6750000e+01 3.9077885e+01 0.0000000e+00 
2.8500000e+01 4.5480434e+01 0.0000000e+00 
2.0250000e+01 4.9713856e+01 0.0000000e+00 
2.7750000e+01 4.5959873e+01 0.0000000e+00 
2.9250000e+01 4.5021622e+01 0.0000000e+00 
2.4750000e+01 4.7650665e+01 0.0000000e+00 
2.3250000e+01 4.8404266e+01 0.0000000e+00 
3.9000000e+01 3.6941441e+01 0.0000000e+00 
3.2250000e+01 4.2976383e+01 0.0000000e+00 
3.0000000e+01 4.4582794e+01 0.0000000e+00 
2.7000000e+01 4.6461018e+01 0.0000000e+00 
3.5250000e+01 4.0569572e+01 0.0000000e+00 
3.4500000e+01 4.1212223e+01 0.0000000e+00 
2.1000000e+01 4.9476845e+01 0.0000000e+00 
3.6000000e+01 3.9976013e+01 0.0000000e+00 
3.3750000e+01 4.1898941e+01 0.0000000e+00 
3.0750000e+01 4.4163742e+01 0.0000000e+00 
2.6250000e+01 4.6985367e+01 0.0000000e+00 
3.7500000e+01 3.8610455e+01 0.0000000e+00 
3.8250000e+01 3.7878563e+01 0.0000000e+00 
2.1750000e+01 4.9259621e+01 0.0000000e+00 
2.4000000e+01 4.8250000e+01 0.0000000e+00 
3.6750000e+01 3.9436596e+01 0.0000000e+00 
3.3000000e+01 4.2625000e+01 0.0000000e+00 
3.1500000e+01 4.3764675e+01 0.0000000e+00 
3.9750000e+01 3.6437500e+01 0.0000000e+00 
3.9000000e+01 3.7248146e+01 0.0000000e+00 
2.5500000e+01 4.7534847e+01 0.0000000e+00 
2.2500000e+01 4.9061409e+01 0.0000000e+00 
3.5250000e+01 4.0951546e+01 0.0000000e+00 
2.8500000e+01 4.5912777e+01 0.0000000e+00 
3.4500000e+01 4.1602898e+01 0.0000000e+00 
2.9250000e+01 4.5449493e+01 0.0000000e+00 
3.2250000e+01 4.3386208e+01 0.0000000e+00 
2.7750000e+01 4.6396912e+01 0.0000000e+00 
3.8250000e+01 3.8207268e+01 0.0000000e+00 
3.7500000e+01 3.8956093e+01 0.0000000e+00 
3.6000000e+01 4.0347946e+01 0.0000000e+00 
3.0000000e+01 4.5006283e+01 0.0000000e+00 
2.4750000e+01 4.8111755e+01 0.0000000e+00 
3.3750000e+01 4.2297028e+01 0.0000000e+00 
3.9750000e+01 3.6723724e+01 0.0000000e+00 
2.7000000e+01 4.6903111e+01 0.0000000e+00 
2.3250000e+01 4.8881397e+01 0.0000000e+00 
1.9500000e+01 5.0500000e+01 0.0000000e+00 
3.9000000e+01 3.7558151e+01 0.0000000e+00 
3.0750000e+01 4.4582794e+01 0.0000000e+00 
2.0250000e+01 5.0231171e+01 0.0000000e+00 
3.6750000e+01 3.9797138e+01 0.0000000e+00 
2.6250000e+01 4.7433029e+01 0.0000000e+00 
2.1000000e+01 4.9983368e+01 0.0000000e+00 
3.3000000e+01 4.3029324e+01 0.0000000e+00 
3.1500000e+01 4.4179115e+01 0.0000000e+00 
3.8250000e+01 3.8538681e+01 0.0000000e+00 
2.1750000e+01 4.9755890e+01 0.0000000e+00 
2.4000000e+01 4.8718750e+01 0.0000000e+00 
3.9750000e+01 3.7013664e+01 0.0000000e+00 
3.7500000e+01 3.9303955e+01 0.0000000e+00 
3.5250000e+01 4.1334457e+01 0.0000000e+00 
2.5500000e+01 4.7988716e+01 0.0000000e+00 
3.4500000e+01 4.1994137e+01 0.0000000e+00 
3.6000000e+01 4.0721199e+01 0.0000000e+00 
3.9000000e+01 3.7871326e+01 0.0000000e+00 
3.2250000e+01 4.3795742e+01 0.0000000e+00 
2.8500000e+01 4.6344311e+01 0.0000000e+00 
2.9250000e+01 4.5876568e+01 0.0000000e+00 
2.2500000e+01 4.9547970e+01 0.0000000e+00 
3.3750000e+01 4.2695335e+01 0.0000000e+00 
3.6750000e+01 4.0159389e+01 0.0000000e+00 
2.7750000e+01 4.6833168e+01 0.0000000e+00 
3.0000000e+01 4.5429020e+01 0.0000000e+00 
2.7000000e+01 4.7344498e+01 0.0000000e+00 
3.0750000e+01 4.5001183e+01 0.0000000e+00 
2.4750000e+01 4.8572613e+01 0.0000000e+00 
3.9750000e+01 3.7307190e+01 0.0000000e+00 
3.8250000e+01 3.8872681e+01 0.0000000e+00 
3.3000000e+01 4.3433548e+01 0.0000000e+00 
2.3250000e+01 4.9358791e+01 0.0000000e+00 
3.7500000e+01 3.9653908e+01 0.0000000e+00 
3.9000000e+01 3.8187553e+01 0.0000000e+00 
3.1500000e+01 4.4593014e+01 0.0000000e+00 
2.6250000e+01 4.7880096e+01 0.0000000e+00 
3.5250000e+01 4.1718189e+01 0.0000000e+00 
3.6000000e+01 4.1095654e+01 0.0000000e+00 
2.0250000e+01 5.0750000e+01 0.0000000e+00 
3.4500000e+01 4.2385830e+01 0.0000000e+00 
2.1000000e+01 5.0491074e+01 0.0000000e+00 
3.6750000e+01 4.0523232e+01 0.0000000e+00 
3.2250000e+01 4.4204887e+01 0.0000000e+00 
3.9750000e+01 3.7604191e+01 0.0000000e+00 
2.4000000e+01 4.9187500e+01 0.0000000e+00 
3.3750000e+01 4.3093750e+01 0.0000000e+00 
2.5500000e+01 4.8442150e+01 0.0000000e+00 
2.1750000e+01 5.0253021e+01 0.0000000e+00 
2.9250000e+01 4.6302773e+01 0.0000000e+00 
2.8500000e+01 4.6774971e+01 0.0000000e+00 
3.8250000e+01 3.9209148e+01 0.0000000e+00 
3.0000000e+01 4.5850929e+01 0.0000000e+00 
3.9000000e+01 3.8506710e+01 0.0000000e+00 
2.7750000e+01 4.7268593e+01 0.0000000e+00 
3.7500000e+01 4.0005833e+01 0.0000000e+00 
3.0750000e+01 4.5418827e+01 0.0000000e+00 
2.2500000e+01 5.0035091e+01 0.0000000e+00 
3.3000000e+01 4.3837563e+01 0.0000000e+00 
2.7000000e+01 4.7785137e+01 0.0000000e+00 
3.5250000e+01 4.2102627e+01 0.0000000e+00 
3.6000000e+01 4.1471191e+01 0.0000000e+00 
3.9750000e+01 3.7904545e+01 0.0000000e+00 
2.4750000e+01 4.9033234e+01 0.0000000e+00 
3.1500000e+01 4.5006283e+01 0.0000000e+00 
4.0500000e+01 3.7125000e+01 0.0000000e+00 
3.4500000e+01 4.2777866e+01 0.0000000e+00 
3.6750000e+01 4.0888538e+01 0.0000000e+00 
2.3250000e+01 4.9836452e+01 0.0000000e+00 
2.6250000e+01 4.8326534e+01 0.0000000e+00 
3.8250000e+01 3.9547955e+01 0.0000000e+00 
3.9000000e+01 3.8828671e+01 0.0000000e+00 
3.2250000e+01 4.4613544e+01 0.0000000e+00 
3.3750000e+01 4.3492165e+01 0.0000000e+00 
3.7500000e+01 4.0359608e+01 0.0000000e+00 
2.9250000e+01 4.6728043e+01 0.0000000e+00 
4.0500000e+01 3.7405544e+01 0.0000000e+00 
3.9750000e+01 3.8208130e+01 0.0000000e+00 
2.8500000e+01 4.7204704e+01 0.0000000e+00 
2.5500000e+01 4.8895123e+01 0.0000000e+00 
3.0000000e+01 4.6271938e+01 0.0000000e+00 
2.4000000e+01 4.9656250e+01 0.0000000e+00 
2.1000000e+01 5.1000000e+01 0.0000000e+00 
2.7750000e+01 4.7703136e+01 0.0000000e+00 
3.3000000e+01 4.4241268e+01 0.0000000e+00 
3.0750000e+01 4.5835636e+01 0.0000000e+00 
3.6000000e+01 4.1847691e+01 0.0000000e+00 
3.5250000e+01 4.2487648e+01 0.0000000e+00 
2.1750000e+01 5.0751049e+01 0.0000000e+00 
3.6750000e+01 4.1255192e+01 0.0000000e+00 
3.4500000e+01 4.3170124e+01 0.0000000e+00 
3.9000000e+01 3.9153320e+01 0.0000000e+00 
3.8250000e+01 3.9888977e+01 0.0000000e+00 
2.7000000e+01 4.8224983e+01 0.0000000e+00 
3.1500000e+01 4.5418827e+01 0.0000000e+00 
2.2500000e+01 5.0522789e+01 0.0000000e+00 
4.0500000e+01 3.7689690e+01 0.0000000e+00 
2.4750000e+01 4.9493603e+01 0.0000000e+00 
3.9750000e+01 3.8514828e+01 0.0000000e+00 
3.7500000e+01 4.0715107e+01 0.0000000e+00 
3.3750000e+01 4.3890472e+01 0.0000000e+00 
3.2250000e+01 4.5021622e+01 0.0000000e+00 
2.6250000e+01 4.8772320e+01 0.0000000e+00 
2.3250000e+01 5.0314392e+01 0.0000000e+00 
2.9250000e+01 4.7152309e+01 0.0000000e+00 
3.6000000e+01 4.2225029e+01 0.0000000e+00 
3.9000000e+01 3.9480530e+01 0.0000000e+00 
3.0000000e+01 4.6691971e+01 0.0000000e+00 
3.5250000e+01 4.2873138e+01 0.0000000e+00 
2.8500000e+01 4.7633453e+01 0.0000000e+00 
3.8250000e+01 4.0232094e+01 0.0000000e+00 
3.3000000e+01 4.4644562e+01 0.0000000e+00 
4.0500000e+01 3.7977322e+01 0.0000000e+00 
3.6750000e+01 4.1623066e+01 0.0000000e+00 
3.0750000e+01 4.6251537e+01 0.0000000e+00 
2.5500000e+01 4.9347618e+01 0.0000000e+00 
2.7750000e+01 4.8136753e+01 0.0000000e+00 
3.9750000e+01 3.8824520e+01 0.0000000e+00 
3.4500000e+01 4.3562500e+01 0.0000000e+00 
2.4000000e+01 5.0125000e+01 0.0000000e+00 
3.1500000e+01 4.5830555e+01 0.0000000e+00 
3.7500000e+01 4.1072205e+01 0.0000000e+00 
2.7000000e+01 4.8664005e+01 0.0000000e+00 
2.1750000e+01 5.1250000e+01 0.0000000e+00 
3.3750000e+01 4.4288559e+01 0.0000000e+00 
3.2250000e+01 4.5429020e+01 0.0000000e+00 
4.0500000e+01 3.8268322e+01 0.0000000e+00 
3.9000000e+01 3.9810181e+01 0.0000000e+00 
2.4750000e+01 4.9953709e+01 0.0000000e+00 
2.2500000e+01 5.1011086e+01 0.0000000e+00 
3.8250000e+01 4.0577183e+01 0.0000000e+00 
3.6000000e+01 4.2603088e+01 0.0000000e+00 
2.6250000e+01 4.9217422e+01 0.0000000e+00 
3.9750000e+01 3.9137085e+01 0.0000000e+00 
3.6750000e+01 4.1992039e+01 0.0000000e+00 
3.5250000e+01 4.3258980e+01 0.0000000e+00 
3.3000000e+01 4.5047337e+01 0.0000000e+00 
2.9250000e+01 4.7575512e+01 0.0000000e+00 
3.0000000e+01 4.7110954e+01 0.0000000e+00 
2.3250000e+01 5.0792625e+01 0.0000000e+00 
2.8500000e+01 4.8061161e+01 0.0000000e+00 
3.4500000e+01 4.3954876e+01 0.0000000e+00 
3.7500000e+01 4.1430786e+01 0.0000000e+00 
3.0750000e+01 4.6666439e+01 0.0000000e+00 
4.0500000e+01 3.8562576e+01 0.0000000e+00 
2.7750000e+01 4.8569397e+01 0.0000000e+00 
2.5500000e+01 4.9799614e+01 0.0000000e+00 
3.1500000e+01 4.6241383e+01 0.0000000e+00 
4.1250000e+01 3.7812500e+01 0.0000000e+00 
3.9000000e+01 4.0142151e+01 0.0000000e+00 
2.4000000e+01 5.0593750e+01 0.0000000e+00 
3.3750000e+01 4.4686321e+01 0.0000000e+00 
3.9750000e+01 3.9452400e+01 0.0000000e+00 
3.8250000e+01 4.0924118e+01 0.0000000e+00 
2.7000000e+01 4.9102158e+01 0.0000000e+00 
3.2250000e+01 4.5835636e+01 0.0000000e+00 
3.6000000e+01 4.2981750e+01 0.0000000e+00 
3.6750000e+01 4.2361988e+01 0.0000000e+00 
3.5250000e+01 4.3645058e+01 0.0000000e+00 
4.0500000e+01 3.8859966e+01 0.0000000e+00 
4.1250000e+01 3.8087784e+01 0.0000000e+00 
3.7500000e+01 4.1790718e+01 0.0000000e+00 
2.4750000e+01 5.0413548e+01 0.0000000e+00 
3.3000000e+01 4.5449493e+01 0.0000000e+00 
2.6250000e+01 4.9661808e+01 0.0000000e+00 
3.4500000e+01 4.4347134e+01 0.0000000e+00 
2.2500000e+01 5.1500000e+01 0.0000000e+00 
3.0000000e+01 4.7528809e+01 0.0000000e+00 
2.9250000e+01 4.7997578e+01 0.0000000e+00 
3.9000000e+01 4.0476318e+01 0.0000000e+00 
3.9750000e+01 3.9770355e+01 0.0000000e+00 
3.0750000e+01 4.7080265e+01 0.0000000e+00 
2.8500000e+01 4.8487762e+01 0.0000000e+00 
3.8250000e+01 4.1272778e+01 0.0000000e+00 
3.1500000e+01 4.6651215e+01 0.0000000e+00 
2.3250000e+01 5.1271156e+01 0.0000000e+00 
2.7750000e+01 4.9001011e+01 0.0000000e+00 
3.3750000e+01 4.5083649e+01 0.0000000e+00 
4.1250000e+01 3.8366520e+01 0.0000000e+00 
4.0500000e+01 3.9160378e+01 0.0000000e+00 
2.5500000e+01 5.0251091e+01 0.0000000e+00 
3.6000000e+01 4.3360893e+01 0.0000000e+00 
3.6750000e+01 4.2732796e+01 0.0000000e+00 
3.2250000e+01 4.6241383e+01 0.0000000e+00 
3.5250000e+01 4.4031250e+01 0.0000000e+00 
3.7500000e+01 4.2151886e+01 0.0000000e+00 
2.7000000e+01 4.9539406e+01 0.0000000e+00 
2.4000000e+01 5.1062500e+01 0.0000000e+00 
3.9000000e+01 4.0812561e+01 0.0000000e+00 
3.9750000e+01 4.0090820e+01 0.0000000e+00 
3.3000000e+01 4.5850929e+01 0.0000000e+00 
3.4500000e+01 4.4739170e+01 0.0000000e+00 
4.1250000e+01 3.8648598e+01 0.0000000e+00 
3.8250000e+01 4.1623039e+01 0.0000000e+00 
4.0500000e+01 3.9463692e+01 0.0000000e+00 
3.0000000e+01 4.7945461e+01 0.0000000e+00 
2.6250000e+01 5.0105450e+01 0.0000000e+00 
2.9250000e+01 4.8418442e+01 0.0000000e+00 
2.4750000e+01 5.0873108e+01 0.0000000e+00 
3.0750000e+01 4.7492928e+01 0.0000000e+00 
2.8500000e+01 4.8913208e+01 0.0000000e+00 
3.1500000e+01 4.7059963e+01 0.0000000e+00 
3.3750000e+01 4.5480434e+01 0.0000000e+00 
3.6750000e+01 4.3104332e+01 0.0000000e+00 
3.6000000e+01 4.3740395e+01 0.0000000e+00 
3.9750000e+01 4.0413681e+01 0.0000000e+00 
2.7750000e+01 4.9431553e+01 0.0000000e+00 
3.7500000e+01 4.2514160e+01 0.0000000e+00 
3.9000000e+01 4.1150757e+01 0.0000000e+00 
3.5250000e+01 4.4417442e+01 0.0000000e+00 
3.2250000e+01 4.6646156e+01 0.0000000e+00 
4.1250000e+01 3.8933903e+01 0.0000000e+00 
2.3250000e+01 5.1750000e+01 0.0000000e+00 
2.5500000e+01 5.0702030e+01 0.0000000e+00 
4.0500000e+01 3.9769794e+01 0.0000000e+00 
3.8250000e+01 4.1974777e+01 0.0000000e+00 
2.7000000e+01 4.9975704e+01 0.0000000e+00 
3.4500000e+01 4.5130863e+01 0.0000000e+00 
3.3000000e+01 4.6251537e+01 0.0000000e+00 
2.4000000e+01 5.1531250e+01 0.0000000e+00 
3.0000000e+01 4.8360840e+01 0.0000000e+00 
3.9750000e+01 4.0738815e+01 0.0000000e+00 
4.1250000e+01 3.9222324e+01 0.0000000e+00 
3.0750000e+01 4.7904346e+01 0.0000000e+00 
2.9250000e+01 4.8838039e+01 0.0000000e+00 
3.6750000e+01 4.3476482e+01 0.0000000e+00 
3.9000000e+01 4.1490780e+01 0.0000000e+00 
3.6000000e+01 4.4120136e+01 0.0000000e+00 
3.3750000e+01 4.5876568e+01 0.0000000e+00 
2.6250000e+01 5.0548317e+01 0.0000000e+00 
3.7500000e+01 4.2877422e+01 0.0000000e+00 
3.1500000e+01 4.7467537e+01 0.0000000e+00 
4.2000000e+01 3.8500000e+01 0.0000000e+00 
2.8500000e+01 4.9337437e+01 0.0000000e+00 
4.0500000e+01 4.0078571e+01 0.0000000e+00 
2.4750000e+01 5.1332375e+01 0.0000000e+00 
3.5250000e+01 4.4803520e+01 0.0000000e+00 
3.2250000e+01 4.7049862e+01 0.0000000e+00 
3.8250000e+01 4.2327873e+01 0.0000000e+00 
2.7750000e+01 4.9860970e+01 0.0000000e+00 
3.4500000e+01 4.5522102e+01 0.0000000e+00 
4.1250000e+01 3.9513752e+01 0.0000000e+00 
3.3000000e+01 4.6651215e+01 0.0000000e+00 
3.9750000e+01 4.1066105e+01 0.0000000e+00 
2.5500000e+01 5.1152409e+01 0.0000000e+00 
4.2000000e+01 3.8770462e+01 0.0000000e+00 
2.7000000e+01 5.0411022e+01 0.0000000e+00 
3.9000000e+01 4.1832512e+01 0.0000000e+00 
4.0500000e+01 4.0389900e+01 0.0000000e+00 
3.6750000e+01 4.3849121e+01 0.0000000e+00 
3.7500000e+01 4.3241547e+01 0.0000000e+00 
3.6000000e+01 4.4500000e+01 0.0000000e+00 
3.0000000e+01 4.8774864e+01 0.0000000e+00 
3.0750000e+01 4.8314434e+01 0.0000000e+00 
2.4000000e+01 5.2000000e+01 0.0000000e+00 
3.3750000e+01 4.6271938e+01 0.0000000e+00 
2.9250000e+01 4.9256302e+01 0.0000000e+00 
3.1500000e+01 4.7873848e+01 0.0000000e+00 
3.5250000e+01 4.5189362e+01 0.0000000e+00 
3.8250000e+01 4.2682201e+01 0.0000000e+00 
4.1250000e+01 3.9808075e+01 0.0000000e+00 
2.8500000e+01 4.9760387e+01 0.0000000e+00 
4.2000000e+01 3.9044186e+01 0.0000000e+00 
2.6250000e+01 5.0990379e+01 0.0000000e+00 
3.2250000e+01 4.7452400e+01 0.0000000e+00 
3.9750000e+01 4.1395432e+01 0.0000000e+00 
2.4750000e+01 5.1791344e+01 0.0000000e+00 
4.0500000e+01 4.0703671e+01 0.0000000e+00 
3.4500000e+01 4.5912777e+01 0.0000000e+00 
2.7750000e+01 5.0289215e+01 0.0000000e+00 
3.9000000e+01 4.2175835e+01 0.0000000e+00 
3.3000000e+01 4.7049862e+01 0.0000000e+00 
3.6750000e+01 4.4222130e+01 0.0000000e+00 
3.7500000e+01 4.3606407e+01 0.0000000e+00 
4.1250000e+01 4.0105179e+01 0.0000000e+00 
4.2000000e+01 3.9321064e+01 0.0000000e+00 
3.6000000e+01 4.4879864e+01 0.0000000e+00 
2.5500000e+01 5.1602211e+01 0.0000000e+00 
2.7000000e+01 5.0845310e+01 0.0000000e+00 
3.8250000e+01 4.3037636e+01 0.0000000e+00 
3.3750000e+01 4.6666439e+01 0.0000000e+00 
3.0000000e+01 4.9187462e+01 0.0000000e+00 
3.0750000e+01 4.8723114e+01 0.0000000e+00 
3.5250000e+01 4.5574852e+01 0.0000000e+00 
3.9750000e+01 4.1726673e+01 0.0000000e+00 
4.0500000e+01 4.1019768e+01 0.0000000e+00 
2.9250000e+01 4.9673164e+01 0.0000000e+00 
3.1500000e+01 4.8278801e+01 0.0000000e+00 
3.9000000e+01 4.2520618e+01 0.0000000e+00 
3.2250000e+01 4.7853680e+01 0.0000000e+00 
2.8500000e+01 5.0182007e+01 0.0000000e+00 
4.2000000e+01 3.9600990e+01 0.0000000e+00 
4.1250000e+01 4.0404957e+01 0.0000000e+00 
3.4500000e+01 4.6302773e+01 0.0000000e+00 
2.6250000e+01 5.1431610e+01 0.0000000e+00 
3.6750000e+01 4.4595379e+01 0.0000000e+00 
3.7500000e+01 4.3971889e+01 0.0000000e+00 
3.3000000e+01 4.7447372e+01 0.0000000e+00 
2.7750000e+01 5.0716236e+01 0.0000000e+00 
2.4750000e+01 5.2250000e+01 0.0000000e+00 
3.6000000e+01 4.5259605e+01 0.0000000e+00 
3.8250000e+01 4.3394058e+01 0.0000000e+00 
3.9750000e+01 4.2059711e+01 0.0000000e+00 
4.0500000e+01 4.1338066e+01 0.0000000e+00 
3.3750000e+01 4.7059963e+01 0.0000000e+00 
4.2000000e+01 3.9883862e+01 0.0000000e+00 
3.5250000e+01 4.5959873e+01 0.0000000e+00 
2.7000000e+01 5.1278534e+01 0.0000000e+00 
3.9000000e+01 4.2866745e+01 0.0000000e+00 
4.1250000e+01 4.0707294e+01 0.0000000e+00 
3.0750000e+01 4.9130299e+01 0.0000000e+00 
2.5500000e+01 5.2051414e+01 0.0000000e+00 
3.0000000e+01 4.9598557e+01 0.0000000e+00 
3.1500000e+01 4.8682308e+01 0.0000000e+00 
4.2750000e+01 3.9187500e+01 0.0000000e+00 
2.9250000e+01 5.0088554e+01 0.0000000e+00 
3.2250000e+01 4.8253593e+01 0.0000000e+00 
3.4500000e+01 4.6691971e+01 0.0000000e+00 
3.7500000e+01 4.4337860e+01 0.0000000e+00 
3.6750000e+01 4.4968750e+01 0.0000000e+00 
2.8500000e+01 5.0602234e+01 0.0000000e+00 
4.0500000e+01 4.1658459e+01 0.0000000e+00 
3.8250000e+01 4.3751339e+01 0.0000000e+00 
3.9750000e+01 4.2394424e+01 0.0000000e+00 
4.2000000e+01 4.0169571e+01 0.0000000e+00 
3.3000000e+01 4.7843643e+01 0.0000000e+00 
3.6000000e+01 4.5639107e+01 0.0000000e+00 
2.6250000e+01 5.1871979e+01 0.0000000e+00 
4.1250000e+01 4.1012085e+01 0.0000000e+00 
4.2750000e+01 3.9453602e+01 0.0000000e+00 
2.7750000e+01 5.1141991e+01 0.0000000e+00 
3.9000000e+01 4.3214092e+01 0.0000000e+00 
3.5250000e+01 4.6344311e+01 0.0000000e+00 
3.3750000e+01 4.7452400e+01 0.0000000e+00 
3.0750000e+01 4.9535908e+01 0.0000000e+00 
3.0000000e+01 5.0008076e+01 0.0000000e+00 
4.2000000e+01 4.0458012e+01 0.0000000e+00 
3.1500000e+01 4.9084282e+01 0.0000000e+00 
4.0500000e+01 4.1980827e+01 0.0000000e+00 
2.7000000e+01 5.1710655e+01 0.0000000e+00 
3.7500000e+01 4.4704201e+01 0.0000000e+00 
4.2750000e+01 3.9722725e+01 0.0000000e+00 
3.9750000e+01 4.2730694e+01 0.0000000e+00 
2.9250000e+01 5.0502411e+01 0.0000000e+00 
3.6750000e+01 4.5342121e+01 0.0000000e+00 
2.5500000e+01 5.2500000e+01 0.0000000e+00 
3.4500000e+01 4.7080265e+01 0.0000000e+00 
3.2250000e+01 4.8652054e+01 0.0000000e+00 
3.8250000e+01 4.4109364e+01 0.0000000e+00 
4.1250000e+01 4.1319210e+01 0.0000000e+00 
3.6000000e+01 4.6018250e+01 0.0000000e+00 
2.8500000e+01 5.1021011e+01 0.0000000e+00 
3.3000000e+01 4.8238571e+01 0.0000000e+00 
3.9000000e+01 4.3562538e+01 0.0000000e+00 
4.2000000e+01 4.0749084e+01 0.0000000e+00 
2.6250000e+01 5.2311451e+01 0.0000000e+00 
3.5250000e+01 4.6728043e+01 0.0000000e+00 
4.2750000e+01 3.9994778e+01 0.0000000e+00 
3.3750000e+01 4.7843643e+01 0.0000000e+00 
2.7750000e+01 5.1566425e+01 0.0000000e+00 
4.0500000e+01 4.2305054e+01 0.0000000e+00 
4.1250000e+01 4.1628563e+01 0.0000000e+00 
3.9750000e+01 4.3068401e+01 0.0000000e+00 
3.7500000e+01 4.5070789e+01 0.0000000e+00 
3.0750000e+01 4.9939857e+01 0.0000000e+00 
3.6750000e+01 4.5715370e+01 0.0000000e+00 
3.8250000e+01 4.4468002e+01 0.0000000e+00 
3.1500000e+01 4.9484627e+01 0.0000000e+00 
3.0000000e+01 5.0415943e+01 0.0000000e+00 
3.4500000e+01 4.7467537e+01 0.0000000e+00 
3.2250000e+01 4.9048962e+01 0.0000000e+00 
2.7000000e+01 5.2141632e+01 0.0000000e+00 
2.9250000e+01 5.0914669e+01 0.0000000e+00 
4.2000000e+01 4.1042679e+01 0.0000000e+00 
3.6000000e+01 4.6396912e+01 0.0000000e+00 
4.2750000e+01 4.0269657e+01 0.0000000e+00 
3.9000000e+01 4.3911961e+01 0.0000000e+00 
3.3000000e+01 4.8632053e+01 0.0000000e+00 
4.0500000e+01 4.2631023e+01 0.0000000e+00 
2.8500000e+01 5.1438282e+01 0.0000000e+00 
4.1250000e+01 4.1940029e+01 0.0000000e+00 
3.5250000e+01 4.7110954e+01 0.0000000e+00 
3.9750000e+01 4.3407425e+01 0.0000000e+00 
3.3750000e+01 4.8233578e+01 0.0000000e+00 
3.7500000e+01 4.5437500e+01 0.0000000e+00 
2.6250000e+01 5.2750000e+01 0.0000000e+00 
4.2750000e+01 4.0547268e+01 0.0000000e+00 
3.8250000e+01 4.4827133e+01 0.0000000e+00 
4.2000000e+01 4.1338692e+01 0.0000000e+00 
2.7750000e+01 5.1989494e+01 0.0000000e+00 
3.6750000e+01 4.6088379e+01 0.0000000e+00 
3.0750000e+01 5.0342060e+01 0.0000000e+00 
3.9000000e+01 4.4262238e+01 0.0000000e+00 
3.4500000e+01 4.7853680e+01 0.0000000e+00 
3.1500000e+01 4.9883255e+01 0.0000000e+00 
4.3500000e+01 3.9875000e+01 0.0000000e+00 
3.0000000e+01 5.0822083e+01 0.0000000e+00 
3.6000000e+01 4.6774971e+01 0.0000000e+00 
3.2250000e+01 4.9444214e+01 0.0000000e+00 
4.0500000e+01 4.2958618e+01 0.0000000e+00 
4.1250000e+01 4.2253502e+01 0.0000000e+00 
2.9250000e+01 5.1325256e+01 0.0000000e+00 
3.3000000e+01 4.9023987e+01 0.0000000e+00 
2.7000000e+01 5.2571426e+01 0.0000000e+00 
3.9750000e+01 4.3747643e+01 0.0000000e+00 
4.2750000e+01 4.0827511e+01 0.0000000e+00 
4.2000000e+01 4.1637020e+01 0.0000000e+00 
3.5250000e+01 4.7492928e+01 0.0000000e+00 
2.8500000e+01 5.1853989e+01 0.0000000e+00 
3.3750000e+01 4.8622105e+01 0.0000000e+00 
4.3500000e+01 4.0137215e+01 0.0000000e+00 
3.7500000e+01 4.5804211e+01 0.0000000e+00 
3.8250000e+01 4.5186634e+01 0.0000000e+00 
3.6750000e+01 4.6461018e+01 0.0000000e+00 
3.9000000e+01 4.4613247e+01 0.0000000e+00 
4.1250000e+01 4.2568867e+01 0.0000000e+00 
4.0500000e+01 4.3287724e+01 0.0000000e+00 
2.7750000e+01 5.2411144e+01 0.0000000e+00 
3.4500000e+01 4.8238571e+01 0.0000000e+00 
4.2750000e+01 4.1110294e+01 0.0000000e+00 
3.6000000e+01 4.7152309e+01 0.0000000e+00 
3.1500000e+01 5.0280075e+01 0.0000000e+00 
3.0750000e+01 5.0742439e+01 0.0000000e+00 
4.2000000e+01 4.1937553e+01 0.0000000e+00 
3.2250000e+01 4.9837723e+01 0.0000000e+00 
3.9750000e+01 4.4088943e+01 0.0000000e+00 
3.0000000e+01 5.1226418e+01 0.0000000e+00 
4.3500000e+01 4.0402176e+01 0.0000000e+00 
3.3000000e+01 4.9414268e+01 0.0000000e+00 
2.9250000e+01 5.1734108e+01 0.0000000e+00 
3.5250000e+01 4.7873848e+01 0.0000000e+00 
3.8250000e+01 4.5546379e+01 0.0000000e+00 
3.7500000e+01 4.6170799e+01 0.0000000e+00 
2.7000000e+01 5.3000000e+01 0.0000000e+00 
4.1250000e+01 4.2886013e+01 0.0000000e+00 
3.3750000e+01 4.9009106e+01 0.0000000e+00 
4.2750000e+01 4.1395512e+01 0.0000000e+00 
4.0500000e+01 4.3618221e+01 0.0000000e+00 
3.9000000e+01 4.4964863e+01 0.0000000e+00 
3.6750000e+01 4.6833168e+01 0.0000000e+00 
2.8500000e+01 5.2268070e+01 0.0000000e+00 
4.3500000e+01 4.0669788e+01 0.0000000e+00 
4.2000000e+01 4.2240192e+01 0.0000000e+00 
3.9750000e+01 4.4431198e+01 0.0000000e+00 
3.4500000e+01 4.8622105e+01 0.0000000e+00 
3.6000000e+01 4.7528809e+01 0.0000000e+00 
3.1500000e+01 5.0674999e+01 0.0000000e+00 
3.0750000e+01 5.1140911e+01 0.0000000e+00 
2.7750000e+01 5.2831329e+01 0.0000000e+00 
3.2250000e+01 5.0229382e+01 0.0000000e+00 
4.2750000e+01 4.1683075e+01 0.0000000e+00 
3.0000000e+01 5.1628880e+01 0.0000000e+00 
4.1250000e+01 4.3204826e+01 0.0000000e+00 
4.3500000e+01 4.0939964e+01 0.0000000e+00 
3.3000000e+01 4.9802795e+01 0.0000000e+00 
3.8250000e+01 4.5906250e+01 0.0000000e+00 
3.5250000e+01 4.8253593e+01 0.0000000e+00 
4.0500000e+01 4.3950001e+01 0.0000000e+00 
3.7500000e+01 4.6537140e+01 0.0000000e+00 
4.2000000e+01 4.2544827e+01 0.0000000e+00 
2.9250000e+01 5.2141155e+01 0.0000000e+00 
3.9000000e+01 4.5316971e+01 0.0000000e+00 
3.6750000e+01 4.7204704e+01 0.0000000e+00 
3.3750000e+01 4.9394478e+01 0.0000000e+00 
3.9750000e+01 4.4774292e+01 0.0000000e+00 
2.8500000e+01 5.2680473e+01 0.0000000e+00 
4.2750000e+01 4.1972878e+01 0.0000000e+00 
4.3500000e+01 4.1212624e+01 0.0000000e+00 
3.6000000e+01 4.7904346e+01 0.0000000e+00 
3.4500000e+01 4.9004162e+01 0.0000000e+00 
4.1250000e+01 4.3525200e+01 0.0000000e+00 
3.1500000e+01 5.1067936e+01 0.0000000e+00 
4.2000000e+01 4.2851353e+01 0.0000000e+00 
4.0500000e+01 4.4282940e+01 0.0000000e+00 
3.0750000e+01 5.1537392e+01 0.0000000e+00 
3.2250000e+01 5.0619099e+01 0.0000000e+00 
4.4250000e+01 4.0562500e+01 0.0000000e+00 
3.8250000e+01 4.6266121e+01 0.0000000e+00 
2.7750000e+01 5.3250000e+01 0.0000000e+00 
3.7500000e+01 4.6903111e+01 0.0000000e+00 
3.9000000e+01 4.5669445e+01 0.0000000e+00 
3.0000000e+01 5.2029385e+01 0.0000000e+00 
3.5250000e+01 4.8632053e+01 0.0000000e+00 
3.3000000e+01 5.0189461e+01 0.0000000e+00 
4.3500000e+01 4.1487667e+01 0.0000000e+00 
4.2750000e+01 4.2264828e+01 0.0000000e+00 
3.6750000e+01 4.7575512e+01 0.0000000e+00 
3.9750000e+01 4.5118103e+01 0.0000000e+00 
2.9250000e+01 5.2546337e+01 0.0000000e+00 
3.3750000e+01 4.9778111e+01 0.0000000e+00 
4.1250000e+01 4.3847023e+01 0.0000000e+00 
4.4250000e+01 4.0821327e+01 0.0000000e+00 
4.2000000e+01 4.3159668e+01 0.0000000e+00 
3.6000000e+01 4.8278801e+01 0.0000000e+00 
3.4500000e+01 4.9384632e+01 0.0000000e+00 
2.8500000e+01 5.3091133e+01 0.0000000e+00 
4.0500000e+01 4.4616924e+01 0.0000000e+00 
4.3500000e+01 4.1765011e+01 0.0000000e+00 
3.8250000e+01 4.6625866e+01 0.0000000e+00 
4.2750000e+01 4.2558826e+01 0.0000000e+00 
3.9000000e+01 4.6022160e+01 0.0000000e+00 
3.1500000e+01 5.1458794e+01 0.0000000e+00 
3.7500000e+01 4.7268593e+01 0.0000000e+00 
3.2250000e+01 5.1006779e+01 0.0000000e+00 
3.0750000e+01 5.1931793e+01 0.0000000e+00 
3.5250000e+01 4.9009106e+01 0.0000000e+00 
4.4250000e+01 4.1082569e+01 0.0000000e+00 
3.3000000e+01 5.0574165e+01 0.0000000e+00 
3.9750000e+01 4.5462517e+01 0.0000000e+00 
3.0000000e+01 5.2427864e+01 0.0000000e+00 
3.6750000e+01 4.7945461e+01 0.0000000e+00 
4.1250000e+01 4.4170181e+01 0.0000000e+00 
4.2000000e+01 4.3469666e+01 0.0000000e+00 
3.3750000e+01 5.0159893e+01 0.0000000e+00 
2.9250000e+01 5.2949581e+01 0.0000000e+00 
4.3500000e+01 4.2044571e+01 0.0000000e+00 
4.0500000e+01 4.4951836e+01 0.0000000e+00 
3.6000000e+01 4.8652054e+01 0.0000000e+00 
4.2750000e+01 4.2854774e+01 0.0000000e+00 
3.4500000e+01 4.9763405e+01 0.0000000e+00 
4.4250000e+01 4.1346146e+01 0.0000000e+00 
3.8250000e+01 4.6985367e+01 0.0000000e+00 
3.9000000e+01 4.6375000e+01 0.0000000e+00 
2.8500000e+01 5.3500000e+01 0.0000000e+00 
3.7500000e+01 4.7633453e+01 0.0000000e+00 
3.9750000e+01 4.5807404e+01 0.0000000e+00 
3.1500000e+01 5.1847485e+01 0.0000000e+00 
4.2000000e+01 4.3781239e+01 0.0000000e+00 
3.2250000e+01 5.1392319e+01 0.0000000e+00 
4.1250000e+01 4.4494564e+01 0.0000000e+00 
3.5250000e+01 4.9384632e+01 0.0000000e+00 
3.0750000e+01 5.2324039e+01 0.0000000e+00 
4.3500000e+01 4.2326252e+01 0.0000000e+00 
3.6750000e+01 4.8314434e+01 0.0000000e+00 
3.3000000e+01 5.0956806e+01 0.0000000e+00 
4.4250000e+01 4.1611984e+01 0.0000000e+00 
4.2750000e+01 4.3152580e+01 0.0000000e+00 
3.0000000e+01 5.2824242e+01 0.0000000e+00 
4.0500000e+01 4.5287563e+01 0.0000000e+00 
3.3750000e+01 5.0539722e+01 0.0000000e+00 
3.6000000e+01 4.9023987e+01 0.0000000e+00 
2.9250000e+01 5.3350826e+01 0.0000000e+00 
3.4500000e+01 5.0140362e+01 0.0000000e+00 
3.9000000e+01 4.6727840e+01 0.0000000e+00 
3.8250000e+01 4.7344498e+01 0.0000000e+00 
4.3500000e+01 4.2609966e+01 0.0000000e+00 
4.2000000e+01 4.4094284e+01 0.0000000e+00 
3.7500000e+01 4.7997578e+01 0.0000000e+00 
3.9750000e+01 4.6152653e+01 0.0000000e+00 
4.1250000e+01 4.4820061e+01 0.0000000e+00 
4.4250000e+01 4.1880001e+01 0.0000000e+00 
4.2750000e+01 4.3452137e+01 0.0000000e+00 
3.5250000e+01 4.9758522e+01 0.0000000e+00 
3.6750000e+01 4.8682308e+01 0.0000000e+00 
3.1500000e+01 5.2233913e+01 0.0000000e+00 
3.2250000e+01 5.1775627e+01 0.0000000e+00 
4.0500000e+01 4.5623989e+01 0.0000000e+00 
3.0750000e+01 5.2714046e+01 0.0000000e+00 
3.3000000e+01 5.1337276e+01 0.0000000e+00 
4.5000000e+01 4.1250000e+01 0.0000000e+00 
3.3750000e+01 5.0917488e+01 0.0000000e+00 
3.0000000e+01 5.3218437e+01 0.0000000e+00 
4.3500000e+01 4.2895630e+01 0.0000000e+00 
4.4250000e+01 4.2150124e+01 0.0000000e+00 
3.6000000e+01 4.9394478e+01 0.0000000e+00 
4.2000000e+01 4.4408699e+01 0.0000000e+00 
3.9000000e+01 4.7080555e+01 0.0000000e+00 
3.8250000e+01 4.7703136e+01 0.0000000e+00 
4.1250000e+01 4.5146557e+01 0.0000000e+00 
4.2750000e+01 4.3753353e+01 0.0000000e+00 
3.4500000e+01 5.0515392e+01 0.0000000e+00 
3.9750000e+01 4.6498142e+01 0.0000000e+00 
2.9250000e+01 5.3750000e+01 0.0000000e+00 
3.7500000e+01 4.8360840e+01 0.0000000e+00 
4.5000000e+01 4.1505955e+01 0.0000000e+00 
4.0500000e+01 4.5960995e+01 0.0000000e+00 
3.5250000e+01 5.0130650e+01 0.0000000e+00 
3.6750000e+01 4.9048962e+01 0.0000000e+00 
4.3500000e+01 4.3183151e+01 0.0000000e+00 
4.4250000e+01 4.2422268e+01 0.0000000e+00 
3.2250000e+01 5.2156601e+01 0.0000000e+00 
3.1500000e+01 5.2617996e+01 0.0000000e+00 
3.3000000e+01 5.1715477e+01 0.0000000e+00 
4.2000000e+01 4.4724373e+01 0.0000000e+00 
3.0750000e+01 5.3101727e+01 0.0000000e+00 
4.2750000e+01 4.4056133e+01 0.0000000e+00 
4.5000000e+01 4.1763947e+01 0.0000000e+00 
4.1250000e+01 4.5473946e+01 0.0000000e+00 
3.3750000e+01 5.1293076e+01 0.0000000e+00 
3.9000000e+01 4.7433029e+01 0.0000000e+00 
3.6000000e+01 4.9763405e+01 0.0000000e+00 
3.8250000e+01 4.8061161e+01 0.0000000e+00 
3.0000000e+01 5.3610382e+01 0.0000000e+00 
3.9750000e+01 4.6843750e+01 0.0000000e+00 
3.4500000e+01 5.0888382e+01 0.0000000e+00 
3.7500000e+01 4.8723114e+01 0.0000000e+00 
4.4250000e+01 4.2696362e+01 0.0000000e+00 
4.3500000e+01 4.3472439e+01 0.0000000e+00 
4.0500000e+01 4.6298466e+01 0.0000000e+00 
4.5000000e+01 4.2023907e+01 0.0000000e+00 
3.6750000e+01 4.9414268e+01 0.0000000e+00 
4.2000000e+01 4.5041206e+01 0.0000000e+00 
3.5250000e+01 5.0500904e+01 0.0000000e+00 
4.2750000e+01 4.4360371e+01 0.0000000e+00 
4.1250000e+01 4.5802113e+01 0.0000000e+00 
3.2250000e+01 5.2535149e+01 0.0000000e+00 
3.1500000e+01 5.2999638e+01 0.0000000e+00 
3.3000000e+01 5.2091301e+01 0.0000000e+00 
3.9000000e+01 4.7785137e+01 0.0000000e+00 
4.4250000e+01 4.2972324e+01 0.0000000e+00 
3.0750000e+01 5.3487003e+01 0.0000000e+00 
3.9750000e+01 4.7189358e+01 0.0000000e+00 
3.8250000e+01 4.8418442e+01 0.0000000e+00 
4.3500000e+01 4.3763412e+01 0.0000000e+00 
3.3750000e+01 5.1666382e+01 0.0000000e+00 
3.6000000e+01 5.0130650e+01 0.0000000e+00 
4.5000000e+01 4.2285774e+01 0.0000000e+00 
4.0500000e+01 4.6636284e+01 0.0000000e+00 
3.7500000e+01 4.9084282e+01 0.0000000e+00 
3.0000000e+01 5.4000000e+01 0.0000000e+00 
3.4500000e+01 5.1259220e+01 0.0000000e+00 
4.2000000e+01 4.5359089e+01 0.0000000e+00 
4.2750000e+01 4.4665977e+01 0.0000000e+00 
3.6750000e+01 4.9778111e+01 0.0000000e+00 
4.4250000e+01 4.3250076e+01 0.0000000e+00 
4.1250000e+01 4.6130947e+01 0.0000000e+00 
3.5250000e+01 5.0869167e+01 0.0000000e+00 
4.3500000e+01 4.4055977e+01 0.0000000e+00 
4.5000000e+01 4.2549484e+01 0.0000000e+00 
3.9000000e+01 4.8136753e+01 0.0000000e+00 
3.9750000e+01 4.7534847e+01 0.0000000e+00 
3.2250000e+01 5.2911171e+01 0.0000000e+00 
3.3000000e+01 5.2464645e+01 0.0000000e+00 
3.1500000e+01 5.3378750e+01 0.0000000e+00 
3.8250000e+01 4.8774864e+01 0.0000000e+00 
3.6000000e+01 5.0496094e+01 0.0000000e+00 
4.0500000e+01 4.6974335e+01 0.0000000e+00 
3.3750000e+01 5.2037300e+01 0.0000000e+00 
3.0750000e+01 5.3869789e+01 0.0000000e+00 
4.2750000e+01 4.4972855e+01 0.0000000e+00 
4.2000000e+01 4.5677917e+01 0.0000000e+00 
3.7500000e+01 4.9444214e+01 0.0000000e+00 
4.5750000e+01 4.1937500e+01 0.0000000e+00 
4.4250000e+01 4.3529545e+01 0.0000000e+00 
3.4500000e+01 5.1627789e+01 0.0000000e+00 
4.5000000e+01 4.2814964e+01 0.0000000e+00 
4.3500000e+01 4.4350044e+01 0.0000000e+00 
4.1250000e+01 4.6460342e+01 0.0000000e+00 
3.6750000e+01 5.0140362e+01 0.0000000e+00 
3.5250000e+01 5.1235317e+01 0.0000000e+00 
3.9000000e+01 4.8487762e+01 0.0000000e+00 
3.9750000e+01 4.7880096e+01 0.0000000e+00 
4.5750000e+01 4.2191116e+01 0.0000000e+00 
3.8250000e+01 4.9130299e+01 0.0000000e+00 
4.4250000e+01 4.3810646e+01 0.0000000e+00 
4.2750000e+01 4.5280899e+01 0.0000000e+00 
4.0500000e+01 4.7312500e+01 0.0000000e+00 
3.2250000e+01 5.3284573e+01 0.0000000e+00 
4.2000000e+01 4.5997589e+01 0.0000000e+00 
3.3000000e+01 5.2835411e+01 0.0000000e+00 
4.5000000e+01 4.3082157e+01 0.0000000e+00 
3.1500000e+01 5.3755241e+01 0.0000000e+00 
3.6000000e+01 5.0859615e+01 0.0000000e+00 
3.3750000e+01 5.2405716e+01 0.0000000e+00 
4.3500000e+01 4.4645527e+01 0.0000000e+00 
3.7500000e+01 4.9802795e+01 0.0000000e+00 
3.0750000e+01 5.4250000e+01 0.0000000e+00 
4.1250000e+01 4.6790180e+01 0.0000000e+00 
3.4500000e+01 5.1993977e+01 0.0000000e+00 
4.5750000e+01 4.2446339e+01 0.0000000e+00 
3.6750000e+01 5.0500904e+01 0.0000000e+00 
4.4250000e+01 4.4093307e+01 0.0000000e+00 
4.5000000e+01 4.3350990e+01 0.0000000e+00 
3.5250000e+01 5.1599243e+01 0.0000000e+00 
3.9750000e+01 4.8224983e+01 0.0000000e+00 
4.2750000e+01 4.5590015e+01 0.0000000e+00 
3.9000000e+01 4.8838039e+01 0.0000000e+00 
4.2000000e+01 4.6317993e+01 0.0000000e+00 
4.0500000e+01 4.7650665e+01 0.0000000e+00 
3.8250000e+01 4.9484627e+01 0.0000000e+00 
4.3500000e+01 4.4942341e+01 0.0000000e+00 
4.5750000e+01 4.2703121e+01 0.0000000e+00 
3.2250000e+01 5.3655251e+01 0.0000000e+00 
3.6000000e+01 5.1221092e+01 0.0000000e+00 
3.3000000e+01 5.3203491e+01 0.0000000e+00 
4.1250000e+01 4.7120350e+01 0.0000000e+00 
3.1500000e+01 5.4129021e+01 0.0000000e+00 
3.7500000e+01 5.0159893e+01 0.0000000e+00 
3.3750000e+01 5.2771523e+01 0.0000000e+00 
4.4250000e+01 4.4377449e+01 0.0000000e+00 
4.5000000e+01 4.3621403e+01 0.0000000e+00 
3.4500000e+01 5.2357674e+01 0.0000000e+00 
4.2750000e+01 4.5900108e+01 0.0000000e+00 
3.6750000e+01 5.0859615e+01 0.0000000e+00 
4.5750000e+01 4.2961407e+01 0.0000000e+00 
4.3500000e+01 4.5240387e+01 0.0000000e+00 
3.9750000e+01 4.8569397e+01 0.0000000e+00 
4.2000000e+01 4.6639030e+01 0.0000000e+00 
3.9000000e+01 4.9187462e+01 0.0000000e+00 
3.5250000e+01 5.1960827e+01 0.0000000e+00 
4.0500000e+01 4.7988716e+01 0.0000000e+00 
3.8250000e+01 4.9837723e+01 0.0000000e+00 
4.5000000e+01 4.3893322e+01 0.0000000e+00 
4.4250000e+01 4.4662991e+01 0.0000000e+00 
4.1250000e+01 4.7450745e+01 0.0000000e+00 
3.6000000e+01 5.1580406e+01 0.0000000e+00 
3.7500000e+01 5.0515392e+01 0.0000000e+00 
3.2250000e+01 5.4023113e+01 0.0000000e+00 
3.3000000e+01 5.3568783e+01 0.0000000e+00 
4.5750000e+01 4.3221146e+01 0.0000000e+00 
3.3750000e+01 5.3134613e+01 0.0000000e+00 
3.1500000e+01 5.4500000e+01 0.0000000e+00 
4.2750000e+01 4.6211082e+01 0.0000000e+00 
4.3500000e+01 4.5539589e+01 0.0000000e+00 
4.2000000e+01 4.6960594e+01 0.0000000e+00 
3.4500000e+01 5.2718761e+01 0.0000000e+00 
3.9750000e+01 4.8913208e+01 0.0000000e+00 
3.6750000e+01 5.1216370e+01 0.0000000e+00 
3.9000000e+01 4.9535908e+01 0.0000000e+00 
4.5000000e+01 4.4166691e+01 0.0000000e+00 
4.0500000e+01 4.8326534e+01 0.0000000e+00 
4.4250000e+01 4.4949860e+01 0.0000000e+00 
4.6500000e+01 4.2625000e+01 0.0000000e+00 
3.5250000e+01 5.2319946e+01 0.0000000e+00 
3.8250000e+01 5.0189461e+01 0.0000000e+00 
4.5750000e+01 4.3482288e+01 0.0000000e+00 
4.1250000e+01 4.7781250e+01 0.0000000e+00 
4.2750000e+01 4.6522831e+01 0.0000000e+00 
3.6000000e+01 5.1937439e+01 0.0000000e+00 
4.3500000e+01 4.5839851e+01 0.0000000e+00 
3.7500000e+01 5.0869167e+01 0.0000000e+00 
3.3000000e+01 5.3931183e+01 0.0000000e+00 
3.2250000e+01 5.4388062e+01 0.0000000e+00 
4.2000000e+01 4.7282578e+01 0.0000000e+00 
4.5000000e+01 4.4441441e+01 0.0000000e+00 
4.6500000e+01 4.2876831e+01 0.0000000e+00 
3.3750000e+01 5.3494877e+01 0.0000000e+00 
4.4250000e+01 4.5237972e+01 0.0000000e+00 
3.9750000e+01 4.9256302e+01 0.0000000e+00 
4.5750000e+01 4.3744778e+01 0.0000000e+00 
3.4500000e+01 5.3077129e+01 0.0000000e+00 
4.0500000e+01 4.8664005e+01 0.0000000e+00 
3.9000000e+01 4.9883255e+01 0.0000000e+00 
3.6750000e+01 5.1571045e+01 0.0000000e+00 
4.1250000e+01 4.8111755e+01 0.0000000e+00 
3.8250000e+01 5.0539722e+01 0.0000000e+00 
3.5250000e+01 5.2676487e+01 0.0000000e+00 
4.2750000e+01 4.6835266e+01 0.0000000e+00 
4.3500000e+01 4.6141087e+01 0.0000000e+00 
4.6500000e+01 4.3129791e+01 0.0000000e+00 
4.5000000e+01 4.4717503e+01 0.0000000e+00 
4.5750000e+01 4.4008564e+01 0.0000000e+00 
3.7500000e+01 5.1221092e+01 0.0000000e+00 
4.2000000e+01 4.7604877e+01 0.0000000e+00 
3.6000000e+01 5.2292068e+01 0.0000000e+00 
4.4250000e+01 4.5527252e+01 0.0000000e+00 
3.3000000e+01 5.4290588e+01 0.0000000e+00 
3.2250000e+01 5.4750000e+01 0.0000000e+00 
3.3750000e+01 5.3852203e+01 0.0000000e+00 
3.9750000e+01 4.9598557e+01 0.0000000e+00 
4.0500000e+01 4.9001011e+01 0.0000000e+00 
3.9000000e+01 5.0229382e+01 0.0000000e+00 
4.6500000e+01 4.3383839e+01 0.0000000e+00 
3.4500000e+01 5.3432659e+01 0.0000000e+00 
3.6750000e+01 5.1923523e+01 0.0000000e+00 
4.1250000e+01 4.8442150e+01 0.0000000e+00 
4.3500000e+01 4.6443207e+01 0.0000000e+00 
4.5000000e+01 4.4994812e+01 0.0000000e+00 
4.2750000e+01 4.7148285e+01 0.0000000e+00 
3.8250000e+01 5.0888382e+01 0.0000000e+00 
4.5750000e+01 4.4273598e+01 0.0000000e+00 
3.5250000e+01 5.3030334e+01 0.0000000e+00 
4.4250000e+01 4.5817623e+01 0.0000000e+00 
4.2000000e+01 4.7927387e+01 0.0000000e+00 
3.7500000e+01 5.1571045e+01 0.0000000e+00 
4.6500000e+01 4.3638947e+01 0.0000000e+00 
3.6000000e+01 5.2644173e+01 0.0000000e+00 
3.9750000e+01 4.9939857e+01 0.0000000e+00 
4.0500000e+01 4.9337437e+01 0.0000000e+00 
4.5000000e+01 4.5273308e+01 0.0000000e+00 
3.3000000e+01 5.4646893e+01 0.0000000e+00 
4.5750000e+01 4.4539822e+01 0.0000000e+00 
3.3750000e+01 5.4206490e+01 0.0000000e+00 
4.3500000e+01 4.6746120e+01 0.0000000e+00 
3.9000000e+01 5.0574165e+01 0.0000000e+00 
4.2750000e+01 4.7461796e+01 0.0000000e+00 
4.1250000e+01 4.8772320e+01 0.0000000e+00 
3.6750000e+01 5.2273682e+01 0.0000000e+00 
3.4500000e+01 5.3785248e+01 0.0000000e+00 
4.4250000e+01 4.6109009e+01 0.0000000e+00 
3.8250000e+01 5.1235317e+01 0.0000000e+00 
4.6500000e+01 4.3895069e+01 0.0000000e+00 
4.2000000e+01 4.8250000e+01 0.0000000e+00 
3.5250000e+01 5.3381367e+01 0.0000000e+00 
4.5000000e+01 4.5552917e+01 0.0000000e+00 
4.5750000e+01 4.4807190e+01 0.0000000e+00 
3.7500000e+01 5.1918907e+01 0.0000000e+00 
3.6000000e+01 5.2993633e+01 0.0000000e+00 
4.3500000e+01 4.7049744e+01 0.0000000e+00 
4.0500000e+01 4.9673164e+01 0.0000000e+00 
3.9750000e+01 5.0280075e+01 0.0000000e+00 
4.7250000e+01 4.3312500e+01 0.0000000e+00 
4.2750000e+01 4.7775692e+01 0.0000000e+00 
4.4250000e+01 4.6401329e+01 0.0000000e+00 
4.6500000e+01 4.4152176e+01 0.0000000e+00 
4.1250000e+01 4.9102158e+01 0.0000000e+00 
3.9000000e+01 5.0917488e+01 0.0000000e+00 
3.3000000e+01 5.5000000e+01 0.0000000e+00 
3.3750000e+01 5.4557625e+01 0.0000000e+00 
3.6750000e+01 5.2621395e+01 0.0000000e+00 
3.4500000e+01 5.4134773e+01 0.0000000e+00 
4.2000000e+01 4.8572613e+01 0.0000000e+00 
3.8250000e+01 5.1580406e+01 0.0000000e+00 
4.5750000e+01 4.5075649e+01 0.0000000e+00 
4.5000000e+01 4.5833580e+01 0.0000000e+00 
3.5250000e+01 5.3729473e+01 0.0000000e+00 
4.7250000e+01 4.3563118e+01 0.0000000e+00 
4.6500000e+01 4.4410225e+01 0.0000000e+00 
4.3500000e+01 4.7353989e+01 0.0000000e+00 
3.7500000e+01 5.2264545e+01 0.0000000e+00 
4.4250000e+01 4.6694504e+01 0.0000000e+00 
4.2750000e+01 4.8089882e+01 0.0000000e+00 
4.0500000e+01 5.0008076e+01 0.0000000e+00 
3.6000000e+01 5.3340332e+01 0.0000000e+00 
3.9750000e+01 5.0619099e+01 0.0000000e+00 
4.1250000e+01 4.9431553e+01 0.0000000e+00 
3.9000000e+01 5.1259220e+01 0.0000000e+00 
4.5750000e+01 4.5345146e+01 0.0000000e+00 
4.5000000e+01 4.6115227e+01 0.0000000e+00 
4.7250000e+01 4.3814331e+01 0.0000000e+00 
3.3750000e+01 5.4905495e+01 0.0000000e+00 
4.2000000e+01 4.8895123e+01 0.0000000e+00 
3.6750000e+01 5.2966541e+01 0.0000000e+00 
4.6500000e+01 4.4669186e+01 0.0000000e+00 
3.4500000e+01 5.4481125e+01 0.0000000e+00 
3.8250000e+01 5.1923523e+01 0.0000000e+00 
4.3500000e+01 4.7658764e+01 0.0000000e+00 
4.4250000e+01 4.6988461e+01 0.0000000e+00 
3.5250000e+01 5.4074528e+01 0.0000000e+00 
4.2750000e+01 4.8404266e+01 0.0000000e+00 
3.7500000e+01 5.2607849e+01 0.0000000e+00 
4.5750000e+01 4.5615627e+01 0.0000000e+00 
4.7250000e+01 4.4066116e+01 0.0000000e+00 
4.0500000e+01 5.0342060e+01 0.0000000e+00 
3.9750000e+01 5.0956806e+01 0.0000000e+00 
4.1250000e+01 4.9760387e+01 0.0000000e+00 
4.5000000e+01 4.6397797e+01 0.0000000e+00 
3.6000000e+01 5.3684147e+01 0.0000000e+00 
4.6500000e+01 4.4929020e+01 0.0000000e+00 
3.9000000e+01 5.1599243e+01 0.0000000e+00 
4.2000000e+01 4.9217422e+01 0.0000000e+00 
3.3750000e+01 5.5250000e+01 0.0000000e+00 
3.6750000e+01 5.3308998e+01 0.0000000e+00 
4.3500000e+01 4.7963978e+01 0.0000000e+00 
4.4250000e+01 4.7283115e+01 0.0000000e+00 
3.8250000e+01 5.2264545e+01 0.0000000e+00 
3.4500000e+01 5.4824188e+01 0.0000000e+00 
4.7250000e+01 4.4318455e+01 0.0000000e+00 
4.5750000e+01 4.5887043e+01 0.0000000e+00 
4.2750000e+01 4.8718750e+01 0.0000000e+00 
3.5250000e+01 5.4416420e+01 0.0000000e+00 
4.5000000e+01 4.6681217e+01 0.0000000e+00 
4.6500000e+01 4.5189690e+01 0.0000000e+00 
4.0500000e+01 5.0674999e+01 0.0000000e+00 
3.7500000e+01 5.2948685e+01 0.0000000e+00 
4.1250000e+01 5.0088554e+01 0.0000000e+00 
3.9750000e+01 5.1293076e+01 0.0000000e+00 
3.6000000e+01 5.4024956e+01 0.0000000e+00 
4.2000000e+01 4.9539406e+01 0.0000000e+00 
3.9000000e+01 5.1937439e+01 0.0000000e+00 
4.7250000e+01 4.4571327e+01 0.0000000e+00 
4.4250000e+01 4.7578392e+01 0.0000000e+00 
4.3500000e+01 4.8269550e+01 0.0000000e+00 
4.5750000e+01 4.6159340e+01 0.0000000e+00 
4.6500000e+01 4.5451164e+01 0.0000000e+00 
3.6750000e+01 5.3648647e+01 0.0000000e+00 
3.8250000e+01 5.2603352e+01 0.0000000e+00 
4.5000000e+01 4.6965427e+01 0.0000000e+00 
4.2750000e+01 4.9033234e+01 0.0000000e+00 
3.4500000e+01 5.5163849e+01 0.0000000e+00 
4.8000000e+01 4.4000000e+01 0.0000000e+00 
3.5250000e+01 5.4755032e+01 0.0000000e+00 
4.7250000e+01 4.4824715e+01 0.0000000e+00 
4.0500000e+01 5.1006779e+01 0.0000000e+00 
4.1250000e+01 5.0415943e+01 0.0000000e+00 
3.9750000e+01 5.1627789e+01 0.0000000e+00 
3.7500000e+01 5.3286934e+01 0.0000000e+00 
4.5750000e+01 4.6432468e+01 0.0000000e+00 
4.4250000e+01 4.7874218e+01 0.0000000e+00 
4.2000000e+01 4.9860970e+01 0.0000000e+00 
3.6000000e+01 5.4362640e+01 0.0000000e+00 
4.3500000e+01 4.8575386e+01 0.0000000e+00 
4.6500000e+01 4.5713398e+01 0.0000000e+00 
3.9000000e+01 5.2273682e+01 0.0000000e+00 
4.5000000e+01 4.7250362e+01 0.0000000e+00 
4.8000000e+01 4.4250000e+01 0.0000000e+00 
4.2750000e+01 4.9347618e+01 0.0000000e+00 
4.7250000e+01 4.5078602e+01 0.0000000e+00 
3.6750000e+01 5.3985363e+01 0.0000000e+00 
3.8250000e+01 5.2939819e+01 0.0000000e+00 
3.4500000e+01 5.5500000e+01 0.0000000e+00 
4.5750000e+01 4.6706375e+01 0.0000000e+00 
4.0500000e+01 5.1337276e+01 0.0000000e+00 
4.6500000e+01 4.5976360e+01 0.0000000e+00 
4.1250000e+01 5.0742439e+01 0.0000000e+00 
3.5250000e+01 5.5090240e+01 0.0000000e+00 
4.4250000e+01 4.8170509e+01 0.0000000e+00 
3.9750000e+01 5.1960827e+01 0.0000000e+00 
3.7500000e+01 5.3622471e+01 0.0000000e+00 
4.3500000e+01 4.8881397e+01 0.0000000e+00 
4.2000000e+01 5.0182007e+01 0.0000000e+00 
4.8000000e+01 4.4500000e+01 0.0000000e+00 
4.5000000e+01 4.7535954e+01 0.0000000e+00 
4.7250000e+01 4.5332962e+01 0.0000000e+00 
3.6000000e+01 5.4697083e+01 0.0000000e+00 
3.9000000e+01 5.2607849e+01 0.0000000e+00 
4.2750000e+01 4.9661808e+01 0.0000000e+00 
4.5750000e+01 4.6981010e+01 0.0000000e+00 
4.6500000e+01 4.6240013e+01 0.0000000e+00 
3.6750000e+01 5.4319023e+01 0.0000000e+00 
3.8250000e+01 5.3273819e+01 0.0000000e+00 
4.8000000e+01 4.4750000e+01 0.0000000e+00 
4.4250000e+01 4.8467190e+01 0.0000000e+00 
4.1250000e+01 5.1067936e+01 0.0000000e+00 
4.0500000e+01 5.1666382e+01 0.0000000e+00 
4.7250000e+01 4.5587784e+01 0.0000000e+00 
4.3500000e+01 4.9187500e+01 0.0000000e+00 
4.5000000e+01 4.7822136e+01 0.0000000e+00 
3.5250000e+01 5.5421936e+01 0.0000000e+00 
4.2000000e+01 5.0502411e+01 0.0000000e+00 
3.9750000e+01 5.2292068e+01 0.0000000e+00 
3.7500000e+01 5.3955173e+01 0.0000000e+00 
3.9000000e+01 5.2939819e+01 0.0000000e+00 
3.6000000e+01 5.5028160e+01 0.0000000e+00 
4.6500000e+01 4.6504322e+01 0.0000000e+00 
4.2750000e+01 4.9975704e+01 0.0000000e+00 
4.5750000e+01 4.7256317e+01 0.0000000e+00 
4.8000000e+01 4.5000000e+01 0.0000000e+00 
4.7250000e+01 4.5843044e+01 0.0000000e+00 
4.4250000e+01 4.8764183e+01 0.0000000e+00 
3.8250000e+01 5.3605232e+01 0.0000000e+00 
3.6750000e+01 5.4649509e+01 0.0000000e+00 
4.5000000e+01 4.8108845e+01 0.0000000e+00 
4.3500000e+01 4.9493603e+01 0.0000000e+00 
4.1250000e+01 5.1392319e+01 0.0000000e+00 
4.0500000e+01 5.1993977e+01 0.0000000e+00 
4.2000000e+01 5.0822083e+01 0.0000000e+00 
3.9750000e+01 5.2621395e+01 0.0000000e+00 
4.6500000e+01 4.6769249e+01 0.0000000e+00 
3.5250000e+01 5.5750000e+01 0.0000000e+00 
4.8000000e+01 4.5250000e+01 0.0000000e+00 
4.5750000e+01 4.7532249e+01 0.0000000e+00 
3.7500000e+01 5.4284920e+01 0.0000000e+00 
4.2750000e+01 5.0289215e+01 0.0000000e+00 
4.7250000e+01 4.6098724e+01 0.0000000e+00 
3.9000000e+01 5.3269470e+01 0.0000000e+00 
3.6000000e+01 5.5355751e+01 0.0000000e+00 
4.4250000e+01 4.9061409e+01 0.0000000e+00 
4.5000000e+01 4.8396011e+01 0.0000000e+00 
3.8250000e+01 5.3933937e+01 0.0000000e+00 
4.3500000e+01 4.9799614e+01 0.0000000e+00 
3.6750000e+01 5.4976692e+01 0.0000000e+00 
4.8000000e+01 4.5500000e+01 0.0000000e+00 
4.6500000e+01 4.7034760e+01 0.0000000e+00 
4.1250000e+01 5.1715477e+01 0.0000000e+00 
4.0500000e+01 5.2319946e+01 0.0000000e+00 
4.5750000e+01 4.7808750e+01 0.0000000e+00 
4.2000000e+01 5.1140911e+01 0.0000000e+00 
4.7250000e+01 4.6354809e+01 0.0000000e+00 
3.9750000e+01 5.2948685e+01 0.0000000e+00 
4.2750000e+01 5.0602234e+01 0.0000000e+00 
3.7500000e+01 5.4611588e+01 0.0000000e+00 
3.9000000e+01 5.3596680e+01 0.0000000e+00 
4.4250000e+01 4.9358791e+01 0.0000000e+00 
4.5000000e+01 4.8683575e+01 0.0000000e+00 
3.6000000e+01 5.5679737e+01 0.0000000e+00 
4.8000000e+01 4.5750000e+01 0.0000000e+00 
4.6500000e+01 4.7300812e+01 0.0000000e+00 
4.3500000e+01 5.0105450e+01 0.0000000e+00 
4.7250000e+01 4.6611271e+01 0.0000000e+00 
4.5750000e+01 4.8085773e+01 0.0000000e+00 
3.8250000e+01 5.4259808e+01 0.0000000e+00 
3.6750000e+01 5.5300457e+01 0.0000000e+00 
4.1250000e+01 5.2037300e+01 0.0000000e+00 
4.0500000e+01 5.2644173e+01 0.0000000e+00 
4.2000000e+01 5.1458794e+01 0.0000000e+00 
3.9750000e+01 5.3273819e+01 0.0000000e+00 
4.2750000e+01 5.0914669e+01 0.0000000e+00 
4.8000000e+01 4.6000000e+01 0.0000000e+00 
4.5000000e+01 4.8971466e+01 0.0000000e+00 
4.4250000e+01 4.9656250e+01 0.0000000e+00 
3.7500000e+01 5.4935051e+01 0.0000000e+00 
4.6500000e+01 4.7567375e+01 0.0000000e+00 
3.9000000e+01 5.3921329e+01 0.0000000e+00 
4.7250000e+01 4.6868095e+01 0.0000000e+00 
3.6000000e+01 5.6000000e+01 0.0000000e+00 
4.5750000e+01 4.8363258e+01 0.0000000e+00 
4.3500000e+01 5.0411022e+01 0.0000000e+00 
3.8250000e+01 5.4582726e+01 0.0000000e+00 
4.1250000e+01 5.2357674e+01 0.0000000e+00 
4.8000000e+01 4.6250000e+01 0.0000000e+00 
3.6750000e+01 5.5620678e+01 0.0000000e+00 
4.2000000e+01 5.1775627e+01 0.0000000e+00 
4.0500000e+01 5.2966541e+01 0.0000000e+00 
4.6500000e+01 4.7834412e+01 0.0000000e+00 
4.5000000e+01 4.9259621e+01 0.0000000e+00 
4.2750000e+01 5.1226418e+01 0.0000000e+00 
3.9750000e+01 5.3596680e+01 0.0000000e+00 
4.7250000e+01 4.7125267e+01 0.0000000e+00 
4.4250000e+01 4.9953709e+01 0.0000000e+00 
4.5750000e+01 4.8641163e+01 0.0000000e+00 
3.7500000e+01 5.5255188e+01 0.0000000e+00 
3.9000000e+01 5.4243290e+01 0.0000000e+00 
4.3500000e+01 5.0716236e+01 0.0000000e+00 
4.8000000e+01 4.6500000e+01 0.0000000e+00 
4.6500000e+01 4.8101887e+01 0.0000000e+00 
4.1250000e+01 5.2676487e+01 0.0000000e+00 
3.8250000e+01 5.4902561e+01 0.0000000e+00 
4.2000000e+01 5.2091301e+01 0.0000000e+00 
4.7250000e+01 4.7382763e+01 0.0000000e+00 
3.6750000e+01 5.5937233e+01 0.0000000e+00 
4.0500000e+01 5.3286934e+01 0.0000000e+00 
4.5000000e+01 4.9547970e+01 0.0000000e+00 
4.4250000e+01 5.0251091e+01 0.0000000e+00 
4.2750000e+01 5.1537392e+01 0.0000000e+00 
4.5750000e+01 4.8919430e+01 0.0000000e+00 
3.9750000e+01 5.3917145e+01 0.0000000e+00 
4.8000000e+01 4.6750000e+01 0.0000000e+00 
3.7500000e+01 5.5571873e+01 0.0000000e+00 
4.3500000e+01 5.1021011e+01 0.0000000e+00 
3.9000000e+01 5.4562447e+01 0.0000000e+00 
4.6500000e+01 4.8369759e+01 0.0000000e+00 
4.7250000e+01 4.7640564e+01 0.0000000e+00 
4.5000000e+01 4.9836452e+01 0.0000000e+00 
4.1250000e+01 5.2993633e+01 0.0000000e+00 
4.2000000e+01 5.2405716e+01 0.0000000e+00 
3.8250000e+01 5.5219193e+01 0.0000000e+00 
4.8000000e+01 4.7000000e+01 0.0000000e+00 
4.4250000e+01 5.0548317e+01 0.0000000e+00 
4.5750000e+01 4.9198006e+01 0.0000000e+00 
4.0500000e+01 5.3605232e+01 0.0000000e+00 
3.6750000e+01 5.6250000e+01 0.0000000e+00 
4.2750000e+01 5.1847485e+01 0.0000000e+00 
3.9750000e+01 5.4235100e+01 0.0000000e+00 
4.3500000e+01 5.1325256e+01 0.0000000e+00 
4.7250000e+01 4.7898651e+01 0.0000000e+00 
4.6500000e+01 4.8637997e+01 0.0000000e+00 
3.7500000e+01 5.5884987e+01 0.0000000e+00 
3.9000000e+01 5.4878674e+01 0.0000000e+00 
4.8000000e+01 4.7250000e+01 0.0000000e+00 
4.5000000e+01 5.0125000e+01 0.0000000e+00 
4.5750000e+01 4.9476845e+01 0.0000000e+00 
4.2000000e+01 5.2718761e+01 0.0000000e+00 
4.4250000e+01 5.0845310e+01 0.0000000e+00 
4.1250000e+01 5.3308998e+01 0.0000000e+00 
3.8250000e+01 5.5532497e+01 0.0000000e+00 
4.0500000e+01 5.3921329e+01 0.0000000e+00 
4.2750000e+01 5.2156601e+01 0.0000000e+00 
4.7250000e+01 4.8157005e+01 0.0000000e+00 
4.6500000e+01 4.8906563e+01 0.0000000e+00 
3.9750000e+01 5.4550415e+01 0.0000000e+00 
4.3500000e+01 5.1628880e+01 0.0000000e+00 
4.8000000e+01 4.7500000e+01 0.0000000e+00 
3.7500000e+01 5.6194405e+01 0.0000000e+00 
4.5000000e+01 5.0413548e+01 0.0000000e+00 
3.9000000e+01 5.5191849e+01 0.0000000e+00 
4.5750000e+01 4.9755890e+01 0.0000000e+00 
4.4250000e+01 5.1141991e+01 0.0000000e+00 
4.2000000e+01 5.3030334e+01 0.0000000e+00 
4.7250000e+01 4.8415607e+01 0.0000000e+00 
4.1250000e+01 5.3622471e+01 0.0000000e+00 
4.2750000e+01 5.2464645e+01 0.0000000e+00 
4.6500000e+01 4.9175419e+01 0.0000000e+00 
3.8250000e+01 5.5842354e+01 0.0000000e+00 
4.0500000e+01 5.4235100e+01 0.0000000e+00 
4.8000000e+01 4.7750000e+01 0.0000000e+00 
4.3500000e+01 5.1931793e+01 0.0000000e+00 
3.9750000e+01 5.4862980e+01 0.0000000e+00 
4.5000000e+01 5.0702030e+01 0.0000000e+00 
4.5750000e+01 5.0035091e+01 0.0000000e+00 
3.7500000e+01 5.6500000e+01 0.0000000e+00 
3.9000000e+01 5.5501854e+01 0.0000000e+00 
4.7250000e+01 4.8674438e+01 0.0000000e+00 
4.4250000e+01 5.1438282e+01 0.0000000e+00 
4.6500000e+01 4.9444527e+01 0.0000000e+00 
4.8000000e+01 4.8000000e+01 0.0000000e+00 
4.2000000e+01 5.3340332e+01 0.0000000e+00 
4.1250000e+01 5.3933937e+01 0.0000000e+00 
4.2750000e+01 5.2771523e+01 0.0000000e+00 
4.0500000e+01 5.4546429e+01 0.0000000e+00 
3.8250000e+01 5.6148640e+01 0.0000000e+00 
4.3500000e+01 5.2233913e+01 0.0000000e+00 
3.9750000e+01 5.5172672e+01 0.0000000e+00 
4.5750000e+01 5.0314392e+01 0.0000000e+00 
4.5000000e+01 5.0990379e+01 0.0000000e+00 
4.7250000e+01 4.8933479e+01 0.0000000e+00 
4.8000000e+01 4.8250000e+01 0.0000000e+00 
4.6500000e+01 4.9713856e+01 0.0000000e+00 
4.4250000e+01 5.1734108e+01 0.0000000e+00 
3.9000000e+01 5.5808559e+01 0.0000000e+00 
4.2000000e+01 5.3648647e+01 0.0000000e+00 
4.1250000e+01 5.4243290e+01 0.0000000e+00 
4.2750000e+01 5.3077129e+01 0.0000000e+00 
4.0500000e+01 5.4855206e+01 0.0000000e+00 
3.8250000e+01 5.6451229e+01 0.0000000e+00 
4.3500000e+01 5.2535149e+01 0.0000000e+00 
4.7250000e+01 4.9192711e+01 0.0000000e+00 
4.5750000e+01 5.0593750e+01 0.0000000e+00 
4.5000000e+01 5.1278534e+01 0.0000000e+00 
4.8000000e+01 4.8500000e+01 0.0000000e+00 
3.9750000e+01 5.5479370e+01 0.0000000e+00 
4.6500000e+01 4.9983368e+01 0.0000000e+00 
4.4250000e+01 5.2029385e+01 0.0000000e+00 
3.9000000e+01 5.6111851e+01 0.0000000e+00 
4.2000000e+01 5.3955173e+01 0.0000000e+00 
4.2750000e+01 5.3381367e+01 0.0000000e+00 
4.1250000e+01 5.4550415e+01 0.0000000e+00 
4.7250000e+01 4.9452118e+01 0.0000000e+00 
4.8000000e+01 4.8750000e+01 0.0000000e+00 
4.5750000e+01 5.0873108e+01 0.0000000e+00 
4.0500000e+01 5.5161308e+01 0.0000000e+00 
3.8250000e+01 5.6750000e+01 0.0000000e+00 
4.3500000e+01 5.2835411e+01 0.0000000e+00 
4.5000000e+01 5.1566425e+01 0.0000000e+00 
4.6500000e+01 5.0253021e+01 0.0000000e+00 
3.9750000e+01 5.5782955e+01 0.0000000e+00 
4.4250000e+01 5.2324039e+01 0.0000000e+00 
3.9000000e+01 5.6411602e+01 0.0000000e+00 
4.7250000e+01 4.9711674e+01 0.0000000e+00 
4.8000000e+01 4.9000000e+01 0.0000000e+00 
4.2000000e+01 5.4259808e+01 0.0000000e+00 
4.2750000e+01 5.3684147e+01 0.0000000e+00 
4.5750000e+01 5.1152409e+01 0.0000000e+00 
4.1250000e+01 5.4855206e+01 0.0000000e+00 
4.5000000e+01 5.1853989e+01 0.0000000e+00 
4.6500000e+01 5.0522789e+01 0.0000000e+00 
4.3500000e+01 5.3134613e+01 0.0000000e+00 
4.0500000e+01 5.5464622e+01 0.0000000e+00 
3.9750000e+01 5.6083309e+01 0.0000000e+00 
4.4250000e+01 5.2617996e+01 0.0000000e+00 
4.8000000e+01 4.9250000e+01 0.0000000e+00 
4.7250000e+01 4.9971367e+01 0.0000000e+00 
3.9000000e+01 5.6707691e+01 0.0000000e+00 
4.5750000e+01 5.1431610e+01 0.0000000e+00 
4.2000000e+01 5.4562447e+01 0.0000000e+00 
4.2750000e+01 5.3985363e+01 0.0000000e+00 
4.6500000e+01 5.0792625e+01 0.0000000e+00 
4.5000000e+01 5.2141155e+01 0.0000000e+00 
4.1250000e+01 5.5157543e+01 0.0000000e+00 
4.3500000e+01 5.3432659e+01 0.0000000e+00 
4.0500000e+01 5.5765034e+01 0.0000000e+00 
4.8000000e+01 4.9500000e+01 0.0000000e+00 
4.7250000e+01 5.0231171e+01 0.0000000e+00 
4.4250000e+01 5.2911171e+01 0.0000000e+00 
3.9750000e+01 5.6380310e+01 0.0000000e+00 
4.5750000e+01 5.1710655e+01 0.0000000e+00 
4.6500000e+01 5.1062500e+01 0.0000000e+00 
3.9000000e+01 5.7000000e+01 0.0000000e+00 
4.5000000e+01 5.2427864e+01 0.0000000e+00 
4.2000000e+01 5.4862980e+01 0.0000000e+00 
4.2750000e+01 5.4284920e+01 0.0000000e+00 
4.1250000e+01 5.5457321e+01 0.0000000e+00 
4.8000000e+01 4.9750000e+01 0.0000000e+00 
4.3500000e+01 5.3729473e+01 0.0000000e+00 
4.7250000e+01 5.0491074e+01 0.0000000e+00 
4.0500000e+01 5.6062424e+01 0.0000000e+00 
4.4250000e+01 5.3203491e+01 0.0000000e+00 
3.9750000e+01 5.6673836e+01 0.0000000e+00 
4.5750000e+01 5.1989494e+01 0.0000000e+00 
4.6500000e+01 5.1332375e+01 0.0000000e+00 
4.5000000e+01 5.2714046e+01 0.0000000e+00 
4.8000000e+01 5.0000000e+01 0.0000000e+00 
4.2000000e+01 5.5161308e+01 0.0000000e+00 
4.2750000e+01 5.4582726e+01 0.0000000e+00 
4.7250000e+01 5.0751049e+01 0.0000000e+00 
4.1250000e+01 5.5754425e+01 0.0000000e+00 
4.3500000e+01 5.4024956e+01 0.0000000e+00 
4.0500000e+01 5.6356678e+01 0.0000000e+00 
4.4250000e+01 5.3494877e+01 0.0000000e+00 
3.9750000e+01 5.6963776e+01 0.0000000e+00 
4.5750000e+01 5.2268070e+01 0.0000000e+00 
4.6500000e+01 5.1602211e+01 0.0000000e+00 
4.8000000e+01 5.0250000e+01 0.0000000e+00 
4.5000000e+01 5.2999638e+01 0.0000000e+00 
4.7250000e+01 5.1011086e+01 0.0000000e+00 
4.2750000e+01 5.4878674e+01 0.0000000e+00 
4.2000000e+01 5.5457321e+01 0.0000000e+00 
4.3500000e+01 5.4319023e+01 0.0000000e+00 
4.1250000e+01 5.6048748e+01 0.0000000e+00 
4.0500000e+01 5.6647678e+01 0.0000000e+00 
4.4250000e+01 5.3785248e+01 0.0000000e+00 
4.6500000e+01 5.1871979e+01 0.0000000e+00 
4.5750000e+01 5.2546337e+01 0.0000000e+00 
4.8000000e+01 5.0500000e+01 0.0000000e+00 
3.9750000e+01 5.7250000e+01 0.0000000e+00 
4.7250000e+01 5.1271156e+01 0.0000000e+00 
4.5000000e+01 5.3284573e+01 0.0000000e+00 
4.2750000e+01 5.5172672e+01 0.0000000e+00 
4.2000000e+01 5.5750916e+01 0.0000000e+00 
4.3500000e+01 5.4611588e+01 0.0000000e+00 
4.1250000e+01 5.6340176e+01 0.0000000e+00 
4.8000000e+01 5.0750000e+01 0.0000000e+00 
4.6500000e+01 5.2141632e+01 0.0000000e+00 
4.0500000e+01 5.6935310e+01 0.0000000e+00 
4.4250000e+01 5.4074528e+01 0.0000000e+00 
4.5750000e+01 5.2824242e+01 0.0000000e+00 
4.7250000e+01 5.1531250e+01 0.0000000e+00 
4.5000000e+01 5.3568783e+01 0.0000000e+00 
4.2750000e+01 5.5464622e+01 0.0000000e+00 
4.2000000e+01 5.6041988e+01 0.0000000e+00 
4.8000000e+01 5.1000000e+01 0.0000000e+00 
4.3500000e+01 5.4902561e+01 0.0000000e+00 
4.1250000e+01 5.6628597e+01 0.0000000e+00 
4.6500000e+01 5.2411144e+01 0.0000000e+00 
4.5750000e+01 5.3101727e+01 0.0000000e+00 
4.4250000e+01 5.4362640e+01 0.0000000e+00 
4.0500000e+01 5.7219456e+01 0.0000000e+00 
4.7250000e+01 5.1791344e+01 0.0000000e+00 
4.5000000e+01 5.3852203e+01 0.0000000e+00 
4.8000000e+01 5.1250000e+01 0.0000000e+00 
4.2750000e+01 5.5754425e+01 0.0000000e+00 
4.2000000e+01 5.6330429e+01 0.0000000e+00 
4.6500000e+01 5.2680473e+01 0.0000000e+00 
4.3500000e+01 5.5191849e+01 0.0000000e+00 
4.1250000e+01 5.6913902e+01 0.0000000e+00 
4.7250000e+01 5.2051414e+01 0.0000000e+00 
4.5750000e+01 5.3378750e+01 0.0000000e+00 
4.4250000e+01 5.4649509e+01 0.0000000e+00 
4.0500000e+01 5.7500000e+01 0.0000000e+00 
4.5000000e+01 5.4134773e+01 0.0000000e+00 
4.8000000e+01 5.1500000e+01 0.0000000e+00 
4.6500000e+01 5.2949581e+01 0.0000000e+00 
4.2750000e+01 5.6041988e+01 0.0000000e+00 
4.7250000e+01 5.2311451e+01 0.0000000e+00 
4.2000000e+01 5.6616138e+01 0.0000000e+00 
4.3500000e+01 5.5479370e+01 0.0000000e+00 
4.5750000e+01 5.3655251e+01 0.0000000e+00 
4.1250000e+01 5.7195980e+01 0.0000000e+00 
4.4250000e+01 5.4935051e+01 0.0000000e+00 
4.8000000e+01 5.1750000e+01 0.0000000e+00 
4.5000000e+01 5.4416420e+01 0.0000000e+00 
4.6500000e+01 5.3218437e+01 0.0000000e+00 
4.7250000e+01 5.2571426e+01 0.0000000e+00 
4.2750000e+01 5.6327206e+01 0.0000000e+00 
4.2000000e+01 5.6899010e+01 0.0000000e+00 
4.5750000e+01 5.3931183e+01 0.0000000e+00 
4.3500000e+01 5.5765034e+01 0.0000000e+00 
4.1250000e+01 5.7474716e+01 0.0000000e+00 
4.4250000e+01 5.5219193e+01 0.0000000e+00 
4.8000000e+01 5.2000000e+01 0.0000000e+00 
4.5000000e+01 5.4697083e+01 0.0000000e+00 
4.6500000e+01 5.3487003e+01 0.0000000e+00 
4.7250000e+01 5.2831329e+01 0.0000000e+00 
4.5750000e+01 5.4206490e+01 0.0000000e+00 
4.2750000e+01 5.6609989e+01 0.0000000e+00 
4.2000000e+01 5.7178936e+01 0.0000000e+00 
4.3500000e+01 5.6048748e+01 0.0000000e+00 
4.8000000e+01 5.2250000e+01 0.0000000e+00 
4.1250000e+01 5.7750000e+01 0.0000000e+00 
4.4250000e+01 5.5501854e+01 0.0000000e+00 
4.5000000e+01 5.4976692e+01 0.0000000e+00 
4.7250000e+01 5.3091133e+01 0.0000000e+00 
4.6500000e+01 5.3755241e+01 0.0000000e+00 
4.8000000e+01 5.2500000e+01 0.0000000e+00 
4.5750000e+01 5.4481125e+01 0.0000000e+00 
4.2750000e+01 5.6890232e+01 0.0000000e+00 
4.2000000e+01 5.7455814e+01 0.0000000e+00 
4.3500000e+01 5.6330429e+01 0.0000000e+00 
4.4250000e+01 5.5782955e+01 0.0000000e+00 
4.5000000e+01 5.5255188e+01 0.0000000e+00 
4.7250000e+01 5.3350826e+01 0.0000000e+00 
4.6500000e+01 5.4023113e+01 0.0000000e+00 
4.8000000e+01 5.2750000e+01 0.0000000e+00 
4.5750000e+01 5.4755032e+01 0.0000000e+00 
4.2750000e+01 5.7167843e+01 0.0000000e+00 
4.2000000e+01 5.7729538e+01 0.0000000e+00 
4.3500000e+01 5.6609989e+01 0.0000000e+00 
4.4250000e+01 5.6062424e+01 0.0000000e+00 
4.7250000e+01 5.3610382e+01 0.0000000e+00 
4.5000000e+01 5.5532497e+01 0.0000000e+00 
4.6500000e+01 5.4290588e+01 0.0000000e+00 
4.8000000e+01 5.3000000e+01 0.0000000e+00 
4.5750000e+01 5.5028160e+01 0.0000000e+00 
4.2750000e+01 5.7442722e+01 0.0000000e+00 
4.2000000e+01 5.8000000e+01 0.0000000e+00 
4.3500000e+01 5.6887333e+01 0.0000000e+00 
4.4250000e+01 5.6340176e+01 0.0000000e+00 
4.7250000e+01 5.3869789e+01 0.0000000e+00 
4.6500000e+01 5.4557625e+01 0.0000000e+00 
4.8000000e+01 5.3250000e+01 0.0000000e+00 
4.5000000e+01 5.5808559e+01 0.0000000e+00 
4.5750000e+01 5.5300457e+01 0.0000000e+00 
4.2750000e+01 5.7714775e+01 0.0000000e+00 
4.3500000e+01 5.7162376e+01 0.0000000e+00 
4.7250000e+01 5.4129021e+01 0.0000000e+00 
4.4250000e+01 5.6616138e+01 0.0000000e+00 
4.8000000e+01 5.3500000e+01 0.0000000e+00 
4.6500000e+01 5.4824188e+01 0.0000000e+00 
4.5000000e+01 5.6083309e+01 0.0000000e+00 
4.5750000e+01 5.5571873e+01 0.0000000e+00 
4.2750000e+01 5.7983898e+01 0.0000000e+00 
4.7250000e+01 5.4388062e+01 0.0000000e+00 
4.3500000e+01 5.7435036e+01 0.0000000e+00 
4.8000000e+01 5.3750000e+01 0.0000000e+00 
4.4250000e+01 5.6890232e+01 0.0000000e+00 
4.6500000e+01 5.5090240e+01 0.0000000e+00 
4.5000000e+01 5.6356678e+01 0.0000000e+00 
4.5750000e+01 5.5842354e+01 0.0000000e+00 
4.7250000e+01 5.4646893e+01 0.0000000e+00 
4.8000000e+01 5.4000000e+01 0.0000000e+00 
4.2750000e+01 5.8250000e+01 0.0000000e+00 
4.3500000e+01 5.7705212e+01 0.0000000e+00 
4.4250000e+01 5.7162376e+01 0.0000000e+00 
4.6500000e+01 5.5355751e+01 0.0000000e+00 
4.5000000e+01 5.6628597e+01 0.0000000e+00 
4.5750000e+01 5.6111851e+01 0.0000000e+00 
4.8000000e+01 5.4250000e+01 0.0000000e+00 
4.7250000e+01 5.4905495e+01 0.0000000e+00 
4.3500000e+01 5.7972824e+01 0.0000000e+00 
4.6500000e+01 5.5620678e+01 0.0000000e+00 
4.4250000e+01 5.7432499e+01 0.0000000e+00 
4.5000000e+01 5.6899010e+01 0.0000000e+00 
4.5750000e+01 5.6380310e+01 0.0000000e+00 
4.8000000e+01 5.4500000e+01 0.0000000e+00 
4.7250000e+01 5.5163849e+01 0.0000000e+00 
4.3500000e+01 5.8237785e+01 0.0000000e+00 
4.6500000e+01 5.5884987e+01 0.0000000e+00 
4.4250000e+01 5.7700516e+01 0.0000000e+00 
4.5000000e+01 5.7167843e+01 0.0000000e+00 
4.8000000e+01 5.4750000e+01 0.0000000e+00 
4.5750000e+01 5.6647678e+01 0.0000000e+00 
4.7250000e+01 5.5421936e+01 0.0000000e+00 
4.3500000e+01 5.8500000e+01 0.0000000e+00 
4.6500000e+01 5.6148640e+01 0.0000000e+00 
4.4250000e+01 5.7966354e+01 0.0000000e+00 
4.5000000e+01 5.7435036e+01 0.0000000e+00 
4.8000000e+01 5.5000000e+01 0.0000000e+00 
4.5750000e+01 5.6913902e+01 0.0000000e+00 
4.7250000e+01 5.5679737e+01 0.0000000e+00 
4.6500000e+01 5.6411602e+01 0.0000000e+00 
4.4250000e+01 5.8229931e+01 0.0000000e+00 
4.5000000e+01 5.7700516e+01 0.0000000e+00 
4.8000000e+01 5.5250000e+01 0.0000000e+00 
4.7250000e+01 5.5937233e+01 0.0000000e+00 
4.5750000e+01 5.7178936e+01 0.0000000e+00 
4.6500000e+01 5.6673836e+01 0.0000000e+00 
4.4250000e+01 5.8491173e+01 0.0000000e+00 
4.8000000e+01 5.5500000e+01 0.0000000e+00 
4.5000000e+01 5.7964226e+01 0.0000000e+00 
4.7250000e+01 5.6194405e+01 0.0000000e+00 
4.5750000e+01 5.7442722e+01 0.0000000e+00 
4.6500000e+01 5.6935310e+01 0.0000000e+00 
4.4250000e+01 5.8750000e+01 0.0000000e+00 
4.8000000e+01 5.5750000e+01 0.0000000e+00 
4.5000000e+01 5.8226093e+01 0.0000000e+00 
4.7250000e+01 5.6451229e+01 0.0000000e+00 
4.5750000e+01 5.7705212e+01 0.0000000e+00 
4.6500000e+01 5.7195980e+01 0.0000000e+00 
4.8000000e+01 5.6000000e+01 0.0000000e+00 
4.5000000e+01 5.8486053e+01 0.0000000e+00 
4.7250000e+01 5.6707691e+01 0.0000000e+00 
4.5750000e+01 5.7966354e+01 0.0000000e+00 
4.6500000e+01 5.7455814e+01 0.0000000e+00 
4.8000000e+01 5.6250000e+01 0.0000000e+00 
4.5000000e+01 5.8744045e+01 0.0000000e+00 
4.7250000e+01 5.6963776e+01 0.0000000e+00 
4.5750000e+01 5.8226093e+01 0.0000000e+00 
4.6500000e+01 5.7714775e+01 0.0000000e+00 
4.8000000e+01 5.6500000e+01 0.0000000e+00 
4.5000000e+01 5.9000000e+01 0.0000000e+00 
4.7250000e+01 5.7219456e+01 0.0000000e+00 
4.5750000e+01 5.8484379e+01 0.0000000e+00 
4.6500000e+01 5.7972824e+01 0.0000000e+00 
4.8000000e+01 5.6750000e+01 0.0000000e+00 
4.7250000e+01 5.7474716e+01 0.0000000e+00 
4.5750000e+01 5.8741161e+01 0.0000000e+00 
4.6500000e+01 5.8229931e+01 0.0000000e+00 
4.8000000e+01 5.7000000e+01 0.0000000e+00 
4.7250000e+01 5.7729538e+01 0.0000000e+00 
4.5750000e+01 5.8996384e+01 0.0000000e+00 
4.8000000e+01 5.7250000e+01 0.0000000e+00 
4.6500000e+01 5.8486053e+01 0.0000000e+00 
4.7250000e+01 5.7983898e+01 0.0000000e+00 
4.5750000e+01 5.9250000e+01 0.0000000e+00 
4.8000000e+01 5.7500000e+01 0.0000000e+00 
4.6500000e+01 5.8741161e+01 0.0000000e+00 
4.7250000e+01 5.8237785e+01 0.0000000e+00 
4.8000000e+01 5.7750000e+01 0.0000000e+00 
4.6500000e+01 5.8995209e+01 0.0000000e+00 
4.7250000e+01 5.8491173e+01 0.0000000e+00 
4.8000000e+01 5.8000000e+01 0.0000000e+00 
4.6500000e+01 5.9248169e+01 0.0000000e+00 
4.7250000e+01 5.8744045e+01 0.0000000e+00 
4.8000000e+01 5.8250000e+01 0.0000000e+00 
4.6500000e+01 5.9500000e+01 0.0000000e+00 
4.7250000e+01 5.8996384e+01 0.0000000e+00 
4.8000000e+01 5.8500000e+01 0.0000000e+00 
4.7250000e+01 5.9248169e+01 0.0000000e+00 
4.8000000e+01 5.8750000e+01 0.0000000e+00 
4.7250000e+01 5.9499382e+01 0.0000000e+00 
4.8000000e+01 5.9000000e+01 0.0000000e+00 
4.7250000e+01 5.9750000e+01 0.0000000e+00 
4.8000000e+01 5.9250000e+01 0.0000000e+00 
4.8000000e+01 5.9500000e+01 0.0000000e+00 
4.8000000e+01 5.9750000e+01 0.0000000e+00 
4.8000000e+01 6.0000000e+01 0.0000000e+00 

CELLS 4096 20480
4 2 4 1 0
4 5 8 4 2
4 11 15 8 5
4 17 22 15 11
4 27 32 22 17
4 37 43 32 27
4 50 56 43 37
4 63 70 56 50
4 81 87 70 63
4 96 106 87 81
4 117 125 106 96
4 137 148 125 117
4 162 171 148 137
4 185 198 171 162
4 214 225 198 185
4 240 255 225 214
4 274 287 255 240
4 304 321 287 274
4 341 356 321 304
4 379 392 356 341
4 417 433 392 379
4 461 478 433 417
4 506 521 478 461
4 550 570 521 506
4 599 615 570 550
4 650 668 615 599
4 703 726 668 650
4 759 777 726 703
4 816 837 777 759
4 877 901 837 816
4 941 964 901 877
4 1008 1027 964 941
4 1077 1099 1027 1008
4 1146 1171 1099 1077
4 1222 1243 1171 1146
4 1298 1318 1243 1222
4 1376 1398 1318 1298
4 1456 1483 1398 1376
4 1538 1565 1483 1456
4 1628 1650 1565 1538
4 1718 1737 1650 1628
4 1811 1832 1737 1718
4 1904 1925 1832 1811
4 2003 2023 1925 1904
4 2094 2116 2023 2003
4 2185 2210 2116 2094
4 2278 2297 2210 2185
4 2368 2387 2297 2278
4 2453 2474 2387 2368
4 2544 2554 2474 2453
4 2628 2643 2554 2544
4 2713 2729 2643 2628
4 2799 2815 2729 2713
4 2884 2895 2815 2799
4 2967 2979 2895 2884
4 3051 3064 2979 2967
4 3133 3148 3064 3051
4 3214 3229 3148 3133
4 3295 3310 3229 3214
4 3378 3393 3310 3295
4 3461 3471 3393 3378
4 3541 3554 3471 3461
4 3620 3635 3554 3541
4 3699 3714 3635 3620
4 4 7 3 1
4 8 12 7 4
4 15 18 12 8
4 22 28 18 15
4 32 36 28 22
4 43 49 36 32
4 56 62 49 43
4 70 78 62 56
4 87 94 78 70
4 106 115 94 87
4 125 135 115 106
4 148 158 135 125
4 171 183 158 148
4 198 210 183 171
4 225 238 210 198
4 255 269 238 225
4 287 300 269 255
4 321 336 300 287
4 356 370 336 321
4 392 411 370 356
4 433 449 411 392
4 478 493 449 433
4 521 541 493 478
4 570 584 541 521
4 615 637 584 570
4 668 688 637 615
4 726 740 688 668
4 777 799 740 726
4 837 859 799 777
4 901 917 859 837
4 964 984 917 901
4 1027 1051 984 964
4 1099 1119 1051 1027
4 1171 1191 1119 1099
4 1243 1265 1191 1171
4 1318 1345 1265 1243
4 1398 1422 1345 1318
4 1483 1502 1422 1398
4 1565 1587 1502 1483
4 1650 1673 1587 1565
4 1737 1766 1673 1650
4 1832 1857 1766 1737
4 1925 1953 1857 1832
4 2023 2042 1953 1925
4 2116 2137 2042 2023
4 2210 2230 2137 2116
4 2297 2318 2230 2210
4 2387 2406 2318 2297
4 2474 2492 2406 2387
4 2554 2579 2492 2474
4 2643 2665 2579 2554
4 2729 2747 2665 2643
4 2815 2830 2747 2729
4 2895 2915 2830 2815
4 2979 2997 2915 2895
4 3064 3081 2997 2979
4 3148 3160 3081 3064
4 3229 3246 3160 3148
4 3310 3325 3246 3229
4 3393 3405 3325 3310
4 3471 3488 3405 3393
4 3554 3568 3488 3471
4 3635 3648 3568 3554
4 3714 3730 3648 3635
4 7 10 6 3
4 12 16 10 7
4 18 23 16 12
4 28 33 23 18
4 36 44 33 28
4 49 57 44 36
4 62 71 57 49
4 78 85 71 62
4 94 105 85 78
4 115 122 105 94
4 135 146 122 115
4 158 168 146 135
4 183 195 168 158
4 210 221 195 183
4 238 252 221 210
4 269 281 252 238
4 300 317 281 269
4 336 349 317 300
4 370 388 349 336
4 411 428 388 370
4 449 467 428 411
4 493 511 467 449
4 541 554 511 493
4 584 606 554 541
4 637 657 606 584
4 688 707 657 637
4 740 762 707 688
4 799 820 762 740
4 859 879 820 799
4 917 940 879 859
4 984 1004 940 917
4 1051 1070 1004 984
4 1119 1140 1070 1051
4 1191 1214 1140 1119
4 1265 1291 1214 1191
4 1345 1364 1291 1265
4 1422 1447 1364 1345
4 1502 1528 1447 1422
4 1587 1611 1528 1502
4 1673 1701 1611 1587
4 1766 1784 1701 1673
4 1857 1881 1784 1766
4 1953 1976 1881 1857
4 2042 2071 1976 1953
4 2137 2159 2071 2042
4 2230 2253 2159 2137
4 2318 2338 2253 2230
4 2406 2422 2338 2318
4 2492 2511 2422 2406
4 2579 2596 2511 2492
4 2665 2679 2596 2579
4 2747 2764 2679 2665
4 2830 2848 2764 2747
4 2915 2931 2848 2830
4 2997 3011 2931 2915
4 3081 3094 3011 2997
4 3160 3176 3094 3081
4 3246 3260 3176 3160
4 3325 3339 3260 3246
4 3405 3418 3339 3325
4 3488 3500 3418 3405
4 3568 3581 3500 3488
4 3648 3661 3581 3568
4 3730 3740 3661 3648
4 10 14 9 6
4 16 21 14 10
4 23 29 21 16
4 33 40 29 23
4 44 52 40 33
4 57 64 52 44
4 71 80 64 57
4 85 95 80 71
4 105 116 95 85
4 122 134 116 105
4 146 157 134 122
4 168 180 157 146
4 195 207 180 168
4 221 234 207 195
4 252 265 234 221
4 281 296 265 252
4 317 331 296 281
4 349 367 331 317
4 388 406 367 349
4 428 442 406 388
4 467 485 442 428
4 511 527 485 467
4 554 575 527 511
4 606 625 575 554
4 657 674 625 606
4 707 729 674 657
4 762 785 729 707
4 820 839 785 762
4 879 903 839 820
4 940 966 903 879
4 1004 1024 966 940
4 1070 1097 1024 1004
4 1140 1167 1097 1070
4 1214 1237 1167 1140
4 1291 1312 1237 1214
4 1364 1390 1312 1291
4 1447 1469 1390 1364
4 1528 1553 1469 1447
4 1611 1635 1553 1528
4 1701 1724 1635 1611
4 1784 1815 1724 1701
4 1881 1906 1815 1784
4 1976 2000 1906 1881
4 2071 2091 2000 1976
4 2159 2181 2091 2071
4 2253 2270 2181 2159
4 2338 2358 2270 2253
4 2422 2445 2358 2338
4 2511 2531 2445 2422
4 2596 2616 2531 2511
4 2679 2700 2616 2596
4 2764 2781 2700 2679
4 2848 2863 2781 2764
4 2931 2945 2863 2848
4 3011 3030 2945 2931
4 3094 3110 3030 3011
4 3176 3194 3110 3094
4 3260 3272 3194 3176
4 3339 3354 3272 3260
4 3418 3435 3354 3339
4 3500 3513 3435 3418
4 3581 3594 3513 3500
4 3661 3676 3594 3581
4 3740 3756 3676 3661
4 14 20 13 9
4 21 26 20 14
4 29 35 26 21
4 40 45 35 29
4 52 59 45 40
4 64 73 59 52
4 80 90 73 64
4 95 107 90 80
4 116 123 107 95
4 134 147 123 116
4 157 167 147 134
4 180 194 167 157
4 207 219 194 180
4 234 249 219 207
4 265 278 249 234
4 296 313 278 265
4 331 345 313 296
4 367 383 345 331
4 406 420 383 367
4 442 463 420 406
4 485 505 463 442
4 527 548 505 485
4 575 594 548 527
4 625 642 594 575
4 674 697 642 625
4 729 749 697 674
4 785 804 749 729
4 839 863 804 785
4 903 922 863 839
4 966 986 922 903
4 1024 1052 986 966
4 1097 1117 1052 1024
4 1167 1188 1117 1097
4 1237 1261 1188 1167
4 1312 1337 1261 1237
4 1390 1414 1337 1312
4 1469 1493 1414 1390
4 1553 1577 1493 1469
4 1635 1662 1577 1553
4 1724 1748 1662 1635
4 1815 1835 1748 1724
4 1906 1928 1835 1815
4 2000 2025 1928 1906
4 2091 2114 2025 2000
4 2181 2206 2114 2091
4 2270 2290 2206 2181
4 2358 2376 2290 2270
4 2445 2464 2376 2358
4 2531 2549 2464 2445
4 2616 2633 2549 2531
4 2700 2715 2633 2616
4 2781 2800 2715 2700
4 2863 2881 2800 2781
4 2945 2963 2881 2863
4 3030 3041 2963 2945
4 3110 3124 3041 3030
4 3194 3205 3124 3110
4 3272 3286 3205 3194
4 3354 3369 3286 3272
4 3435 3447 3369 3354
4 3513 3528 3447 3435
4 3594 3610 3528 3513
4 3676 3689 3610 3594
4 3756 3769 3689 3676
4 20 25 19 13
4 26 34 25 20
4 35 42 34 26
4 45 53 42 35
4 59 68 53 45
4 73 82 68 59
4 90 98 82 73
4 107 118 98 90
4 123 136 118 107
4 147 159 136 123
4 167 181 159 147
4 194 206 181 167
4 219 233 206 194
4 249 263 233 219
4 278 294 263 249
4 313 327 294 278
4 345 363 327 313
4 383 401 363 345
4 420 439 401 383
4 463 481 439 420
4 505 523 481 463
4 548 569 523 505
4 594 614 569 548
4 642 664 614 594
4 697 714 664 642
4 749 771 714 697
4 804 828 771 749
4 863 886 828 804
4 922 944 886 863
4 986 1010 944 922
4 1052 1074 1010 986
4 1117 1141 1074 1052
4 1188 1210 1141 1117
4 1261 1286 1210 1188
4 1337 1359 1286 1261
4 1414 1437 1359 1337
4 1493 1522 1437 1414
4 1577 1600 1522 1493
4 1662 1685 1600 1577
4 1748 1773 1685 1662
4 1835 1863 1773 1748
4 1928 1957 1863 1835
4 2025 2045 1957 1928
4 2114 2138 2045 2025
4 2206 2225 2138 2114
4 2290 2313 2225 2206
4 2376 2401 2313 2290
4 2464 2484 2401 2376
4 2549 2572 2484 2464
4 2633 2650 2572 2549
4 2715 2737 2650 2633
4 2800 2819 2737 2715
4 2881 2896 2819 2800
4 2963 2978 2896 2881
4 3041 3060 2978 2963
4 3124 3143 3060 3041
4 3205 3224 3143 3124
4 3286 3303 3224 3205
4 3369 3382 3303 3286
4 3447 3464 3382 3369
4 3528 3544 3464 3447
4 3610 3623 3544 3528
4 3689 3701 3623 3610
4 3769 3781 3701 3689
4 25 31 24 19
4 34 41 31 25
4 42 51 41 34
4 53 61 51 42
4 68 76 61 53
4 82 92 76 68
4 98 109 92 82
4 118 130 109 98
4 136 150 130 118
4 159 169 150 136
4 181 196 169 159
4 206 220 196 181
4 233 250 220 206
4 263 277 250 233
4 294 311 277 263
4 327 342 311 294
4 363 381 342 327
4 401 416 381 363
4 439 458 416 401
4 481 497 458 439
4 523 543 497 481
4 569 587 543 523
4 614 636 587 569
4 664 685 636 614
4 714 735 685 664
4 771 793 735 714
4 828 846 793 771
4 886 909 846 828
4 944 970 909 886
4 1010 1030 970 944
4 1074 1100 1030 1010
4 1141 1169 1100 1074
4 1210 1236 1169 1141
4 1286 1310 1236 1210
4 1359 1387 1310 1286
4 1437 1463 1387 1359
4 1522 1541 1463 1437
4 1600 1627 1541 1522
4 1685 1710 1627 1600
4 1773 1801 1710 1685
4 1863 1888 1801 1773
4 1957 1983 1888 1863
4 2045 2073 1983 1957
4 2138 2163 2073 2045
4 2225 2251 2163 2138
4 2313 2335 2251 2225
4 2401 2418 2335 2313
4 2484 2504 2418 2401
4 2572 2586 2504 2484
4 2650 2672 2586 2572
4 2737 2753 2672 2650
4 2819 2836 2753 2737
4 2896 2917 2836 2819
4 2978 2998 2917 2896
4 3060 3079 2998 2978
4 3143 3155 3079 3060
4 3224 3238 3155 3143
4 3303 3316 3238 3224
4 3382 3398 3316 3303
4 3464 3479 3398 3382
4 3544 3558 3479 3464
4 3623 3636 3558 3544
4 3701 3716 3636 3623
4 3781 3795 3716 3701
4 31 39 30 24
4 41 48 39 31
4 51 60 48 41
4 61 72 60 51
4 76 84 72 61
4 92 103 84 76
4 109 120 103 92
4 130 139 120 109
4 150 163 139 130
4 169 184 163 150
4 196 209 184 169
4 220 236 209 196
4 250 264 236 220
4 277 295 264 250
4 311 325 295 277
4 342 360 325 311
4 381 394 360 342
4 416 435 394 381
4 458 475 435 416
4 497 518 475 458
4 543 564 518 497
4 587 609 564 543
4 636 658 609 587
4 685 706 658 636
4 735 758 706 685
4 793 811 758 735
4 846 871 811 793
4 909 933 871 846
4 970 991 933 909
4 1030 1056 991 970
4 1100 1122 1056 1030
4 1169 1189 1122 1100
4 1236 1264 1189 1169
4 1310 1334 1264 1236
4 1387 1409 1334 1310
4 1463 1487 1409 1387
4 1541 1567 1487 1463
4 1627 1653 1567 1541
4 1710 1736 1653 1627
4 1801 1826 1736 1710
4 1888 1918 1826 1801
4 1983 2010 1918 1888
4 2073 2098 2010 1983
4 2163 2183 2098 2073
4 2251 2272 2183 2163
4 2335 2356 2272 2251
4 2418 2444 2356 2335
4 2504 2523 2444 2418
4 2586 2608 2523 2504
4 2672 2689 2608 2586
4 2753 2771 2689 2672
4 2836 2853 2771 2753
4 2917 2936 2853 2836
4 2998 3013 2936 2917
4 3079 3093 3013 2998
4 3155 3173 3093 3079
4 3238 3255 3173 3155
4 3316 3334 3255 3238
4 3398 3415 3334 3316
4 3479 3491 3415 3398
4 3558 3570 3491 3479
4 3636 3652 3570 3558
4 3716 3732 3652 3636
4 3795 3807 3732 3716
4 39 47 38 30
4 48 58 47 39
4 60 69 58 48
4 72 83 69 60
4 84 97 83 72
4 103 113 97 84
4 120 132 113 103
4 139 151 132 120
4 163 177 151 139
4 184 200 177 163
4 209 222 200 184
4 236 253 222 209
4 264 279 253 236
4 295 312 279 264
4 325 343 312 295
4 360 378 343 325
4 394 413 378 360
4 435 455 413 394
4 475 495 455 435
4 518 538 495 475
4 564 581 538 518
4 609 631 581 564
4 658 677 631 609
4 706 730 677 658
4 758 783 730 706
4 811 835 783 758
4 871 893 835 811
4 933 954 893 871
4 991 1017 954 933
4 1056 1081 1017 991
4 1122 1145 1081 1056
4 1189 1219 1145 1122
4 1264 1289 1219 1189
4 1334 1360 1289 1264
4 1409 1435 1360 1334
4 1487 1516 1435 1409
4 1567 1592 1516 1487
4 1653 1678 1592 1567
4 1736 1768 1678 1653
4 1826 1853 1768 1736
4 1918 1944 1853 1826
4 2010 2034 1944 1918
4 2098 2124 2034 2010
4 2183 2212 2124 2098
4 2272 2292 2212 2183
4 2356 2378 2292 2272
4 2444 2463 2378 2356
4 2523 2546 2463 2444
4 2608 2627 2546 2523
4 2689 2708 2627 2608
4 2771 2793 2708 2689
4 2853 2872 2793 2771
4 2936 2952 2872 2853
4 3013 3033 2952 2936
4 3093 3111 3033 3013
4 3173 3192 3111 3093
4 3255 3269 3192 3173
4 3334 3351 3269 3255
4 3415 3428 3351 3334
4 3491 3509 3428 3415
4 3570 3589 3509 3491
4 3652 3667 3589 3570
4 3732 3744 3667 3652
4 3807 3819 3744 3732
4 47 55 46 38
4 58 67 55 47
4 69 79 67 58
4 83 93 79 69
4 97 108 93 83
4 113 127 108 97
4 132 145 127 113
4 151 165 145 132
4 177 189 165 151
4 200 215 189 177
4 222 239 215 200
4 253 268 239 222
4 279 297 268 253
4 312 329 297 279
4 343 362 329 312
4 378 393 362 343
4 413 434 393 378
4 455 470 434 413
4 495 515 470 455
4 538 556 515 495
4 581 605 556 538
4 631 649 605 581
4 677 700 649 631
4 730 754 700 677
4 783 805 754 730
4 835 861 805 783
4 893 915 861 835
4 954 979 915 893
4 1017 1042 979 954
4 1081 1105 1042 1017
4 1145 1174 1105 1081
4 1219 1241 1174 1145
4 1289 1315 1241 1219
4 1360 1388 1315 1289
4 1435 1464 1388 1360
4 1516 1539 1464 1435
4 1592 1623 1539 1516
4 1678 1706 1623 1592
4 1768 1791 1706 1678
4 1853 1880 1791 1768
4 1944 1971 1880 1853
4 2034 2064 1971 1944
4 2124 2147 2064 2034
4 2212 2234 2147 2124
4 2292 2319 2234 2212
4 2378 2404 2319 2292
4 2463 2485 2404 2378
4 2546 2571 2485 2463
4 2627 2647 2571 2546
4 2708 2728 2647 2627
4 2793 2809 2728 2708
4 2872 2890 2809 2793
4 2952 2971 2890 2872
4 3033 3053 2971 2952
4 3111 3128 3053 3033
4 3192 3207 3128 3111
4 3269 3285 3207 3192
4 3351 3364 3285 3269
4 3428 3443 3364 3351
4 3509 3521 3443 3428
4 3589 3600 3521 3509
4 3667 3681 3600 3589
4 3744 3757 3681 3667
4 3819 3833 3757 3744
4 55 65 54 46
4 67 77 65 55
4 79 91 77 67
4 93 104 91 79
4 108 121 104 93
4 127 138 121 108
4 145 161 138 127
4 165 179 161 145
4 189 201 179 165
4 215 231 201 189
4 239 256 231 215
4 268 283 256 239
4 297 315 283 268
4 329 346 315 297
4 362 382 346 329
4 393 414 382 362
4 434 454 414 393
4 470 491 454 434
4 515 534 491 470
4 556 579 534 515
4 605 627 579 556
4 649 673 627 605
4 700 724 673 649
4 754 773 724 700
4 805 830 773 754
4 861 883 830 805
4 915 942 883 861
4 979 1003 942 915
4 1042 1065 1003 979
4 1105 1133 1065 1042
4 1174 1198 1133 1105
4 1241 1268 1198 1174
4 1315 1338 1268 1241
4 1388 1415 1338 1315
4 1464 1489 1415 1388
4 1539 1566 1489 1464
4 1623 1649 1566 1539
4 1706 1732 1649 1623
4 1791 1817 1732 1706
4 1880 1911 1817 1791
4 1971 1998 1911 1880
4 2064 2085 1998 1971
4 2147 2173 2085 2064
4 2234 2258 2173 2147
4 2319 2345 2258 2234
4 2404 2423 2345 2319
4 2485 2506 2423 2404
4 2571 2588 2506 2485
4 2647 2671 2588 2571
4 2728 2751 2671 2647
4 2809 2827 2751 2728
4 2890 2910 2827 2809
4 2971 2989 2910 2890
4 3053 3067 2989 2971
4 3128 3147 3067 3053
4 3207 3225 3147 3128
4 3285 3304 3225 3207
4 3364 3381 3304 3285
4 3443 3462 3381 3364
4 3521 3538 3462 3443
4 3600 3614 3538 3521
4 3681 3693 3614 3600
4 3757 3773 3693 3681
4 3833 3846 3773 3757
4 65 74 66 54
4 77 89 74 65
4 91 102 89 77
4 104 119 102 91
4 121 133 119 104
4 138 152 133 121
4 161 174 152 138
4 179 197 174 161
4 201 217 197 179
4 231 245 217 201
4 256 273 245 231
4 283 301 273 256
4 315 333 301 283
4 346 365 333 315
4 382 399 365 346
4 414 436 399 382
4 454 471 436 414
4 491 514 471 454
4 534 553 514 491
4 579 602 553 534
4 627 644 602 579
4 673 696 644 627
4 724 743 696 673
4 773 798 743 724
4 830 853 798 773
4 883 911 853 830
4 942 969 911 883
4 1003 1026 969 942
4 1065 1091 1026 1003
4 1133 1158 1091 1065
4 1198 1224 1158 1133
4 1268 1296 1224 1198
4 1338 1367 1296 1268
4 1415 1441 1367 1338
4 1489 1520 1441 1415
4 1566 1594 1520 1489
4 1649 1677 1594 1566
4 1732 1764 1677 1649
4 1817 1849 1764 1732
4 1911 1935 1849 1817
4 1998 2026 1935 1911
4 2085 2113 2026 1998
4 2173 2199 2113 2085
4 2258 2282 2199 2173
4 2345 2366 2282 2258
4 2423 2449 2366 2345
4 2506 2530 2449 2423
4 2588 2610 2530 2506
4 2671 2688 2610 2588
4 2751 2768 2688 2671
4 2827 2849 2768 2751
4 2910 2925 2849 2827
4 2989 3008 2925 2910
4 3067 3086 3008 2989
4 3147 3168 3086 3067
4 3225 3242 3168 3147
4 3304 3318 3242 3225
4 3381 3397 3318 3304
4 3462 3473 3397 3381
4 3538 3553 3473 3462
4 3614 3632 3553 3538
4 3693 3711 3632 3614
4 3773 3787 3711 3693
4 3846 3856 3787 3773
4 74 86 75 66
4 89 101 86 74
4 102 114 101 89
4 119 131 114 102
4 133 149 131 119
4 152 166 149 133
4 174 187 166 152
4 197 213 187 174
4 217 235 213 197
4 245 258 235 217
4 273 291 258 245
4 301 319 291 273
4 333 350 319 301
4 365 385 350 333
4 399 419 385 365
4 436 457 419 399
4 471 494 457 436
4 514 536 494 471
4 553 577 536 514
4 602 622 577 553
4 644 670 622 602
4 696 719 670 644
4 743 770 719 696
4 798 824 770 743
4 853 875 824 798
4 911 936 875 853
4 969 992 936 911
4 1026 1055 992 969
4 1091 1116 1055 1026
4 1158 1183 1116 1091
4 1224 1252 1183 1158
4 1296 1319 1252 1224
4 1367 1396 1319 1296
4 1441 1470 1396 1367
4 1520 1545 1470 1441
4 1594 1624 1545 1520
4 1677 1708 1624 1594
4 1764 1788 1708 1677
4 1849 1877 1788 1764
4 1935 1964 1877 1849
4 2026 2054 1964 1935
4 2113 2139 2054 2026
4 2199 2222 2139 2113
4 2282 2310 2222 2199
4 2366 2390 2310 2282
4 2449 2468 2390 2366
4 2530 2551 2468 2449
4 2610 2632 2551 2530
4 2688 2709 2632 2610
4 2768 2792 2709 2688
4 2849 2870 2792 2768
4 2925 2946 2870 2849
4 3008 3024 2946 2925
4 3086 3104 3024 3008
4 3168 3180 3104 3086
4 3242 3261 3180 3168
4 3318 3337 3261 3242
4 3397 3416 3337 3318
4 3473 3490 3416 3397
4 3553 3569 3490 3473
4 3632 3646 3569 3553
4 3711 3722 3646 3632
4 3787 3798 3722 3711
4 3856 3868 3798 3787
4 86 99 88 75
4 101 111 99 86
4 114 129 111 101
4 131 144 129 114
4 149 164 144 131
4 166 182 164 149
4 187 202 182 166
4 213 228 202 187
4 235 254 228 213
4 258 276 254 235
4 291 308 276 258
4 319 338 308 291
4 350 369 338 319
4 385 404 369 350
4 419 440 404 385
4 457 477 440 419
4 494 517 477 457
4 536 555 517 494
4 577 601 555 536
4 622 643 601 577
4 670 693 643 622
4 719 739 693 670
4 770 796 739 719
4 824 845 796 770
4 875 904 845 824
4 936 960 904 875
4 992 1021 960 936
4 1055 1082 1021 992
4 1116 1143 1082 1055
4 1183 1208 1143 1116
4 1252 1275 1208 1183
4 1319 1350 1275 1252
4 1396 1424 1350 1319
4 1470 1496 1424 1396
4 1545 1574 1496 1470
4 1624 1656 1574 1545
4 1708 1734 1656 1624
4 1788 1818 1734 1708
4 1877 1908 1818 1788
4 1964 1990 1908 1877
4 2054 2078 1990 1964
4 2139 2169 2078 2054
4 2222 2252 2169 2139
4 2310 2329 2252 2222
4 2390 2414 2329 2310
4 2468 2495 2414 2390
4 2551 2575 2495 2468
4 2632 2653 2575 2551
4 2709 2731 2653 2632
4 2792 2810 2731 2709
4 2870 2889 2810 2792
4 2946 2968 2889 2870
4 3024 3040 2968 2946
4 3104 3122 3040 3024
4 3180 3199 3122 3104
4 3261 3278 3199 3180
4 3337 3355 3278 3261
4 3416 3432 3355 3337
4 3490 3508 3432 3416
4 3569 3586 3508 3490
4 3646 3660 3586 3569
4 3722 3737 3660 3646
4 3798 3813 3737 3722
4 3868 3881 3813 3798
4 99 110 100 88
4 111 126 110 99
4 129 143 126 111
4 144 160 143 129
4 164 178 160 144
4 182 199 178 164
4 202 218 199 182
4 228 244 218 202
4 254 272 244 228
4 276 298 272 254
4 308 322 298 276
4 338 358 322 308
4 369 389 358 338
4 404 425 389 369
4 440 460 425 404
4 477 496 460 440
4 517 539 496 477
4 555 580 539 517
4 601 623 580 555
4 643 669 623 601
4 693 716 669 643
4 739 767 716 693
4 796 817 767 739
4 845 872 817 796
4 904 928 872 845
4 960 985 928 904
4 1021 1047 985 960
4 1082 1107 1047 1021
4 1143 1173 1107 1082
4 1208 1238 1173 1143
4 1275 1305 1238 1208
4 1350 1378 1305 1275
4 1424 1449 1378 1350
4 1496 1526 1449 1424
4 1574 1604 1526 1496
4 1656 1683 1604 1574
4 1734 1769 1683 1656
4 1818 1852 1769 1734
4 1908 1934 1852 1818
4 1990 2024 1934 1908
4 2078 2109 2024 1990
4 2169 2192 2109 2078
4 2252 2276 2192 2169
4 2329 2355 2276 2252
4 2414 2440 2355 2329
4 2495 2517 2440 2414
4 2575 2597 2517 2495
4 2653 2676 2597 2575
4 2731 2754 2676 2653
4 2810 2831 2754 2731
4 2889 2911 2831 2810
4 2968 2988 2911 2889
4 3040 3062 2988 2968
4 3122 3140 3062 3040
4 3199 3219 3140 3122
4 3278 3291 3219 3199
4 3355 3370 3291 3278
4 3432 3446 3370 3355
4 3508 3522 3446 3432
4 3586 3598 3522 3508
4 3660 3677 3598 3586
4 3737 3753 3677 3660
4 3813 3827 3753 3737
4 3881 3894 3827 3813
4 110 124 112 100
4 126 141 124 110
4 143 155 141 126
4 160 176 155 143
4 178 193 176 160
4 199 216 193 178
4 218 237 216 199
4 244 259 237 218
4 272 289 259 244
4 298 318 289 272
4 322 344 318 298
4 358 376 344 322
4 389 410 376 358
4 425 445 410 389
4 460 484 445 425
4 496 520 484 460
4 539 560 520 496
4 580 604 560 539
4 623 645 604 580
4 669 694 645 623
4 716 738 694 669
4 767 790 738 716
4 817 843 790 767
4 872 898 843 817
4 928 953 898 872
4 985 1015 953 928
4 1047 1068 1015 985
4 1107 1135 1068 1047
4 1173 1201 1135 1107
4 1238 1266 1201 1173
4 1305 1335 1266 1238
4 1378 1404 1335 1305
4 1449 1481 1404 1378
4 1526 1557 1481 1449
4 1604 1633 1557 1526
4 1683 1711 1633 1604
4 1769 1795 1711 1683
4 1852 1879 1795 1769
4 1934 1965 1879 1852
4 2024 2052 1965 1934
4 2109 2136 2052 2024
4 2192 2218 2136 2109
4 2276 2305 2218 2192
4 2355 2382 2305 2276
4 2440 2460 2382 2355
4 2517 2543 2460 2440
4 2597 2619 2543 2517
4 2676 2699 2619 2597
4 2754 2774 2699 2676
4 2831 2852 2774 2754
4 2911 2929 2852 2831
4 2988 3007 2929 2911
4 3062 3084 3007 2988
4 3140 3157 3084 3062
4 3219 3234 3157 3140
4 3291 3311 3234 3219
4 3370 3388 3311 3291
4 3446 3465 3388 3370
4 3522 3540 3465 3446
4 3598 3613 3540 3522
4 3677 3692 3613 3598
4 3753 3767 3692 3677
4 3827 3838 3767 3753
4 3894 3904 3838 3827
4 124 140 128 112
4 141 153 140 124
4 155 173 153 141
4 176 191 173 155
4 193 212 191 176
4 216 232 212 193
4 237 257 232 216
4 259 280 257 237
4 289 307 280 259
4 318 337 307 289
4 344 366 337 318
4 376 395 366 344
4 410 432 395 376
4 445 466 432 410
4 484 503 466 445
4 520 544 503 484
4 560 582 544 520
4 604 628 582 560
4 645 672 628 604
4 694 718 672 645
4 738 766 718 694
4 790 814 766 738
4 843 869 814 790
4 898 923 869 843
4 953 981 923 898
4 1015 1040 981 953
4 1068 1101 1040 1015
4 1135 1164 1101 1068
4 1201 1227 1164 1135
4 1266 1297 1227 1201
4 1335 1361 1297 1266
4 1404 1433 1361 1335
4 1481 1509 1433 1404
4 1557 1586 1509 1481
4 1633 1665 1586 1557
4 1711 1743 1665 1633
4 1795 1827 1743 1711
4 1879 1913 1827 1795
4 1965 1993 1913 1879
4 2052 2079 1993 1965
4 2136 2168 2079 2052
4 2218 2246 2168 2136
4 2305 2324 2246 2218
4 2382 2408 2324 2305
4 2460 2487 2408 2382
4 2543 2564 2487 2460
4 2619 2641 2564 2543
4 2699 2722 2641 2619
4 2774 2796 2722 2699
4 2852 2874 2796 2774
4 2929 2949 2874 2852
4 3007 3027 2949 2929
4 3084 3103 3027 3007
4 3157 3179 3103 3084
4 3234 3253 3179 3157
4 3311 3331 3253 3234
4 3388 3404 3331 3311
4 3465 3483 3404 3388
4 3540 3556 3483 3465
4 3613 3633 3556 3540
4 3692 3706 3633 3613
4 3767 3782 3706 3692
4 3838 3851 3782 3767
4 3904 3915 3851 3838
4 140 154 142 128
4 153 170 154 140
4 173 188 170 153
4 191 208 188 173
4 212 229 208 191
4 232 251 229 212
4 257 275 251 232
4 280 299 275 257
4 307 323 299 280
4 337 355 323 307
4 366 387 355 337
4 395 418 387 366
4 432 452 418 395
4 466 489 452 432
4 503 526 489 466
4 544 567 526 503
4 582 608 567 544
4 628 651 608 582
4 672 698 651 628
4 718 741 698 672
4 766 794 741 718
4 814 841 794 766
4 869 894 841 814
4 923 951 894 869
4 981 1007 951 923
4 1040 1066 1007 981
4 1101 1130 1066 1040
4 1164 1190 1130 1101
4 1227 1258 1190 1164
4 1297 1325 1258 1227
4 1361 1395 1325 1297
4 1433 1466 1395 1361
4 1509 1534 1466 1433
4 1586 1617 1534 1509
4 1665 1694 1617 1586
4 1743 1774 1694 1665
4 1827 1858 1774 1743
4 1913 1943 1858 1827
4 1993 2028 1943 1913
4 2079 2111 2028 1993
4 2168 2190 2111 2079
4 2246 2273 2190 2168
4 2324 2352 2273 2246
4 2408 2433 2352 2324
4 2487 2510 2433 2408
4 2564 2587 2510 2487
4 2641 2667 2587 2564
4 2722 2741 2667 2641
4 2796 2822 2741 2722
4 2874 2893 2822 2796
4 2949 2972 2893 2874
4 3027 3045 2972 2949
4 3103 3121 3045 3027
4 3179 3197 3121 3103
4 3253 3271 3197 3179
4 3331 3346 3271 3253
4 3404 3422 3346 3331
4 3483 3499 3422 3404
4 3556 3574 3499 3483
4 3633 3647 3574 3556
4 3706 3720 3647 3633
4 3782 3796 3720 3706
4 3851 3864 3796 3782
4 3915 3928 3864 3851
4 154 172 156 142
4 170 186 172 154
4 188 204 186 170
4 208 226 204 188
4 229 247 226 208
4 251 270 247 229
4 275 293 270 251
4 299 320 293 275
4 323 347 320 299
4 355 375 347 323
4 387 408 375 355
4 418 441 408 387
4 452 474 441 418
4 489 513 474 452
4 526 549 513 489
4 567 590 549 526
4 608 632 590 567
4 651 675 632 608
4 698 722 675 651
4 741 768 722 698
4 794 818 768 741
4 841 870 818 794
4 894 921 870 841
4 951 978 921 894
4 1007 1034 978 951
4 1066 1096 1034 1007
4 1130 1157 1096 1066
4 1190 1221 1157 1130
4 1258 1288 1221 1190
4 1325 1353 1288 1258
4 1395 1426 1353 1325
4 1466 1495 1426 1395
4 1534 1569 1495 1466
4 1617 1644 1569 1534
4 1694 1726 1644 1617
4 1774 1806 1726 1694
4 1858 1887 1806 1774
4 1943 1973 1887 1858
4 2028 2058 1973 1943
4 2111 2141 2058 2028
4 2190 2220 2141 2111
4 2273 2302 2220 2190
4 2352 2377 2302 2273
4 2433 2455 2377 2352
4 2510 2537 2455 2433
4 2587 2613 2537 2510
4 2667 2686 2613 2587
4 2741 2765 2686 2667
4 2822 2842 2765 2741
4 2893 2918 2842 2822
4 2972 2992 2918 2893
4 3045 3066 2992 2972
4 3121 3142 3066 3045
4 3197 3218 3142 3121
4 3271 3289 3218 3197
4 3346 3365 3289 3271
4 3422 3441 3365 3346
4 3499 3514 3441 3422
4 3574 3591 3514 3499
4 3647 3665 3591 3574
4 3720 3736 3665 3647
4 3796 3811 3736 3720
4 3864 3877 3811 3796
4 3928 3937 3877 3864
4 172 190 175 156
4 186 203 190 172
4 204 223 203 186
4 226 243 223 204
4 247 266 243 226
4 270 290 266 247
4 293 314 290 270
4 320 340 314 293
4 347 368 340 320
4 375 398 368 347
4 408 429 398 375
4 441 464 429 408
4 474 498 464 441
4 513 535 498 474
4 549 574 535 513
4 590 613 574 549
4 632 660 613 590
4 675 701 660 632
4 722 746 701 675
4 768 797 746 722
4 818 844 797 768
4 870 895 844 818
4 921 950 895 870
4 978 1005 950 921
4 1034 1062 1005 978
4 1096 1124 1062 1034
4 1157 1186 1124 1096
4 1221 1250 1186 1157
4 1288 1316 1250 1221
4 1353 1386 1316 1288
4 1426 1451 1386 1353
4 1495 1527 1451 1426
4 1569 1602 1527 1495
4 1644 1676 1602 1569
4 1726 1756 1676 1644
4 1806 1834 1756 1726
4 1887 1921 1834 1806
4 1973 2008 1921 1887
4 2058 2086 2008 1973
4 2141 2171 2086 2058
4 2220 2250 2171 2141
4 2302 2325 2250 2220
4 2377 2407 2325 2302
4 2455 2483 2407 2377
4 2537 2556 2483 2455
4 2613 2636 2556 2537
4 2686 2712 2636 2613
4 2765 2788 2712 2686
4 2842 2861 2788 2765
4 2918 2940 2861 2842
4 2992 3012 2940 2918
4 3066 3089 3012 2992
4 3142 3161 3089 3066
4 3218 3235 3161 3142
4 3289 3309 3235 3218
4 3365 3384 3309 3289
4 3441 3458 3384 3365
4 3514 3532 3458 3441
4 3591 3608 3532 3514
4 3665 3680 3608 3591
4 3736 3755 3680 3665
4 3811 3823 3755 3736
4 3877 3888 3823 3811
4 3937 3948 3888 3877
4 190 205 192 175
4 203 224 205 190
4 223 241 224 203
4 243 261 241 223
4 266 286 261 243
4 290 309 286 266
4 314 335 309 290
4 340 361 335 314
4 368 391 361 340
4 398 421 391 368
4 429 453 421 398
4 464 488 453 429
4 498 522 488 464
4 535 559 522 498
4 574 598 559 535
4 613 639 598 574
4 660 682 639 613
4 701 728 682 660
4 746 772 728 701
4 797 825 772 746
4 844 873 825 797
4 895 925 873 844
4 950 980 925 895
4 1005 1033 980 950
4 1062 1093 1033 1005
4 1124 1150 1093 1062
4 1186 1217 1150 1124
4 1250 1279 1217 1186
4 1316 1349 1279 1250
4 1386 1416 1349 1316
4 1451 1484 1416 1386
4 1527 1560 1484 1451
4 1602 1632 1560 1527
4 1676 1709 1632 1602
4 1756 1785 1709 1676
4 1834 1871 1785 1756
4 1921 1956 1871 1834
4 2008 2036 1956 1921
4 2086 2117 2036 2008
4 2171 2198 2117 2086
4 2250 2277 2198 2171
4 2325 2353 2277 2250
4 2407 2432 2353 2325
4 2483 2508 2432 2407
4 2556 2583 2508 2483
4 2636 2664 2583 2556
4 2712 2738 2664 2636
4 2788 2811 2738 2712
4 2861 2886 2811 2788
4 2940 2961 2886 2861
4 3012 3034 2961 2940
4 3089 3107 3034 3012
4 3161 3181 3107 3089
4 3235 3256 3181 3161
4 3309 3330 3256 3235
4 3384 3402 3330 3309
4 3458 3474 3402 3384
4 3532 3548 3474 3458
4 3608 3622 3548 3532
4 3680 3696 3622 3608
4 3755 3770 3696 3680
4 3823 3834 3770 3755
4 3888 3901 3834 3823
4 3948 3959 3901 3888
4 205 227 211 192
4 224 242 227 205
4 241 260 242 224
4 261 284 260 241
4 286 305 284 261
4 309 332 305 286
4 335 357 332 309
4 361 386 357 335
4 391 412 386 361
4 421 443 412 391
4 453 476 443 421
4 488 510 476 453
4 522 547 510 488
4 559 583 547 522
4 598 624 583 559
4 639 665 624 598
4 682 708 665 639
4 728 756 708 682
4 772 801 756 728
4 825 849 801 772
4 873 902 849 825
4 925 952 902 873
4 980 1006 952 925
4 1033 1063 1006 980
4 1093 1123 1063 1033
4 1150 1182 1123 1093
4 1217 1247 1182 1150
4 1279 1311 1247 1217
4 1349 1377 1311 1279
4 1416 1448 1377 1349
4 1484 1518 1448 1416
4 1560 1589 1518 1484
4 1632 1668 1589 1560
4 1709 1740 1668 1632
4 1785 1820 1740 1709
4 1871 1901 1820 1785
4 1956 1986 1901 1871
4 2036 2069 1986 1956
4 2117 2148 2069 2036
4 2198 2226 2148 2117
4 2277 2308 2226 2198
4 2353 2383 2308 2277
4 2432 2456 2383 2353
4 2508 2536 2456 2432
4 2583 2611 2536 2508
4 2664 2680 2611 2583
4 2738 2760 2680 2664
4 2811 2835 2760 2738
4 2886 2908 2835 2811
4 2961 2980 2908 2886
4 3034 3057 2980 2961
4 3107 3127 3057 3034
4 3181 3201 3127 3107
4 3256 3276 3201 3181
4 3330 3348 3276 3256
4 3402 3420 3348 3330
4 3474 3494 3420 3402
4 3548 3567 3494 3474
4 3622 3639 3567 3548
4 3696 3713 3639 3622
4 3770 3785 3713 3696
4 3834 3850 3785 3770
4 3901 3914 3850 3834
4 3959 3970 3914 3901
4 227 246 230 211
4 242 262 246 227
4 260 282 262 242
4 284 302 282 260
4 305 328 302 284
4 332 353 328 305
4 357 380 353 332
4 386 407 380 357
4 412 438 407 386
4 443 468 438 412
4 476 499 468 443
4 510 537 499 476
4 547 573 537 510
4 583 611 573 547
4 624 648 611 583
4 665 692 648 624
4 708 734 692 665
4 756 780 734 708
4 801 831 780 756
4 849 876 831 801
4 902 931 876 849
4 952 982 931 902
4 1006 1036 982 952
4 1063 1095 1036 1006
4 1123 1149 1095 1063
4 1182 1213 1149 1123
4 1247 1273 1213 1182
4 1311 1344 1273 1247
4 1377 1406 1344 1311
4 1448 1479 1406 1377
4 1518 1549 1479 1448
4 1589 1622 1549 1518
4 1668 1697 1622 1589
4 1740 1775 1697 1668
4 1820 1855 1775 1740
4 1901 1932 1855 1820
4 1986 2019 1932 1901
4 2069 2102 2019 1986
4 2148 2177 2102 2069
4 2226 2256 2177 2148
4 2308 2332 2256 2226
4 2383 2412 2332 2308
4 2456 2486 2412 2383
4 2536 2558 2486 2456
4 2611 2635 2558 2536
4 2680 2707 2635 2611
4 2760 2785 2707 2680
4 2835 2857 2785 2760
4 2908 2932 2857 2835
4 2980 3004 2932 2908
4 3057 3078 3004 2980
4 3127 3150 3078 3057
4 3201 3223 3150 3127
4 3276 3292 3223 3201
4 3348 3368 3292 3276
4 3420 3440 3368 3348
4 3494 3511 3440 3420
4 3567 3585 3511 3494
4 3639 3656 3585 3567
4 3713 3731 3656 3639
4 3785 3799 3731 3713
4 3850 3865 3799 3785
4 3914 3925 3865 3850
4 3970 3981 3925 3914
4 246 267 248 230
4 262 285 267 246
4 282 303 285 262
4 302 324 303 282
4 328 351 324 302
4 353 374 351 328
4 380 403 374 353
4 407 431 403 380
4 438 462 431 407
4 468 490 462 438
4 499 525 490 468
4 537 562 525 499
4 573 596 562 537
4 611 638 596 573
4 648 676 638 611
4 692 720 676 648
4 734 763 720 692
4 780 807 763 734
4 831 857 807 780
4 876 907 857 831
4 931 956 907 876
4 982 1014 956 931
4 1036 1067 1014 982
4 1095 1125 1067 1036
4 1149 1184 1125 1095
4 1213 1246 1184 1149
4 1273 1306 1246 1213
4 1344 1372 1306 1273
4 1406 1440 1372 1344
4 1479 1511 1440 1406
4 1549 1583 1511 1479
4 1622 1658 1583 1549
4 1697 1731 1658 1622
4 1775 1809 1731 1697
4 1855 1886 1809 1775
4 1932 1970 1886 1855
4 2019 2049 1970 1932
4 2102 2130 2049 2019
4 2177 2211 2130 2102
4 2256 2283 2211 2177
4 2332 2362 2283 2256
4 2412 2439 2362 2332
4 2486 2512 2439 2412
4 2558 2585 2512 2486
4 2635 2663 2585 2558
4 2707 2736 2663 2635
4 2785 2803 2736 2707
4 2857 2880 2803 2785
4 2932 2953 2880 2857
4 3004 3026 2953 2932
4 3078 3098 3026 3004
4 3150 3172 3098 3078
4 3223 3244 3172 3150
4 3292 3315 3244 3223
4 3368 3387 3315 3292
4 3440 3459 3387 3368
4 3511 3531 3459 3440
4 3585 3602 3531 3511
4 3656 3673 3602 3585
4 3731 3746 3673 3656
4 3799 3815 3746 3731
4 3865 3878 3815 3799
4 3925 3936 3878 3865
4 3981 3990 3936 3925
4 267 288 271 248
4 285 306 288 267
4 303 326 306 285
4 324 348 326 303
4 351 372 348 324
4 374 400 372 351
4 403 427 400 374
4 431 456 427 403
4 462 486 456 431
4 490 519 486 462
4 525 551 519 490
4 562 585 551 525
4 596 626 585 562
4 638 663 626 596
4 676 704 663 638
4 720 747 704 676
4 763 791 747 720
4 807 836 791 763
4 857 887 836 807
4 907 937 887 857
4 956 987 937 907
4 1014 1044 987 956
4 1067 1098 1044 1014
4 1125 1154 1098 1067
4 1184 1216 1154 1125
4 1246 1272 1216 1184
4 1306 1340 1272 1246
4 1372 1401 1340 1306
4 1440 1473 1401 1372
4 1511 1540 1473 1440
4 1583 1616 1540 1511
4 1658 1687 1616 1583
4 1731 1767 1687 1658
4 1809 1842 1767 1731
4 1886 1923 1842 1809
4 1970 2005 1923 1886
4 2049 2081 2005 1970
4 2130 2160 2081 2049
4 2211 2236 2160 2130
4 2283 2315 2236 2211
4 2362 2392 2315 2283
4 2439 2465 2392 2362
4 2512 2539 2465 2439
4 2585 2614 2539 2512
4 2663 2682 2614 2585
4 2736 2759 2682 2663
4 2803 2832 2759 2736
4 2880 2905 2832 2803
4 2953 2976 2905 2880
4 3026 3049 2976 2953
4 3098 3120 3049 3026
4 3172 3195 3120 3098
4 3244 3262 3195 3172
4 3315 3335 3262 3244
4 3387 3406 3335 3315
4 3459 3477 3406 3387
4 3531 3546 3477 3459
4 3602 3617 3546 3531
4 3673 3690 3617 3602
4 3746 3761 3690 3673
4 3815 3829 3761 3746
4 3878 3891 3829 3815
4 3936 3947 3891 3878
4 3990 4001 3947 3936
4 288 310 292 271
4 306 330 310 288
4 326 352 330 306
4 348 371 352 326
4 372 396 371 348
4 400 424 396 372
4 427 450 424 400
4 456 482 450 427
4 486 512 482 456
4 519 545 512 486
4 551 578 545 519
4 585 612 578 551
4 626 653 612 585
4 663 690 653 626
4 704 733 690 663
4 747 775 733 704
4 791 821 775 747
4 836 867 821 791
4 887 913 867 836
4 937 967 913 887
4 987 1018 967 937
4 1044 1069 1018 987
4 1098 1131 1069 1044
4 1154 1187 1131 1098
4 1216 1248 1187 1154
4 1272 1307 1248 1216
4 1340 1371 1307 1272
4 1401 1438 1371 1340
4 1473 1506 1438 1401
4 1540 1579 1506 1473
4 1616 1648 1579 1540
4 1687 1723 1648 1616
4 1767 1797 1723 1687
4 1842 1876 1797 1767
4 1923 1958 1876 1842
4 2005 2037 1958 1923
4 2081 2115 2037 2005
4 2160 2188 2115 2081
4 2236 2269 2188 2160
4 2315 2346 2269 2236
4 2392 2416 2346 2315
4 2465 2493 2416 2392
4 2539 2567 2493 2465
4 2614 2639 2567 2539
4 2682 2711 2639 2614
4 2759 2786 2711 2682
4 2832 2856 2786 2759
4 2905 2924 2856 2832
4 2976 3001 2924 2905
4 3049 3069 3001 2976
4 3120 3141 3069 3049
4 3195 3211 3141 3120
4 3262 3283 3211 3195
4 3335 3357 3283 3262
4 3406 3423 3357 3335
4 3477 3496 3423 3406
4 3546 3566 3496 3477
4 3617 3637 3566 3546
4 3690 3707 3637 3617
4 3761 3777 3707 3690
4 3829 3844 3777 3761
4 3891 3903 3844 3829
4 3947 3960 3903 3891
4 4001 4012 3960 3947
4 310 334 316 292
4 330 354 334 310
4 352 373 354 330
4 371 397 373 352
4 396 422 397 371
4 424 447 422 396
4 450 480 447 424
4 482 508 480 450
4 512 540 508 482
4 545 572 540 512
4 578 607 572 545
4 612 640 607 578
4 653 679 640 612
4 690 721 679 653
4 733 761 721 690
4 775 806 761 733
4 821 851 806 775
4 867 897 851 821
4 913 945 897 867
4 967 997 945 913
4 1018 1050 997 967
4 1069 1103 1050 1018
4 1131 1162 1103 1069
4 1187 1220 1162 1131
4 1248 1277 1220 1187
4 1307 1343 1277 1248
4 1371 1402 1343 1307
4 1438 1472 1402 1371
4 1506 1535 1472 1438
4 1579 1610 1535 1506
4 1648 1682 1610 1579
4 1723 1757 1682 1648
4 1797 1833 1757 1723
4 1876 1916 1833 1797
4 1958 1988 1916 1876
4 2037 2072 1988 1958
4 2115 2146 2072 2037
4 2188 2221 2146 2115
4 2269 2299 2221 2188
4 2346 2372 2299 2269
4 2416 2447 2372 2346
4 2493 2520 2447 2416
4 2567 2593 2520 2493
4 2639 2666 2593 2567
4 2711 2739 2666 2639
4 2786 2805 2739 2711
4 2856 2879 2805 2786
4 2924 2950 2879 2856
4 3001 3022 2950 2924
4 3069 3092 3022 3001
4 3141 3167 3092 3069
4 3211 3233 3167 3141
4 3283 3306 3233 3211
4 3357 3375 3306 3283
4 3423 3444 3375 3357
4 3496 3516 3444 3423
4 3566 3587 3516 3496
4 3637 3655 3587 3566
4 3707 3725 3655 3637
4 3777 3793 3725 3707
4 3844 3858 3793 3777
4 3903 3916 3858 3844
4 3960 3971 3916 3903
4 4012 4020 3971 3960
4 334 359 339 316
4 354 377 359 334
4 373 402 377 354
4 397 423 402 373
4 422 446 423 397
4 447 473 446 422
4 480 504 473 447
4 508 531 504 480
4 540 566 531 508
4 572 597 566 540
4 607 633 597 572
4 640 671 633 607
4 679 709 671 640
4 721 750 709 679
4 761 789 750 721
4 806 834 789 761
4 851 880 834 806
4 897 929 880 851
4 945 976 929 897
4 997 1025 976 945
4 1050 1083 1025 997
4 1103 1137 1083 1050
4 1162 1192 1137 1103
4 1220 1254 1192 1162
4 1277 1314 1254 1220
4 1343 1375 1314 1277
4 1402 1439 1375 1343
4 1472 1505 1439 1402
4 1535 1575 1505 1472
4 1610 1643 1575 1535
4 1682 1719 1643 1610
4 1757 1792 1719 1682
4 1833 1869 1792 1757
4 1916 1948 1869 1833
4 1988 2027 1948 1916
4 2072 2106 2027 1988
4 2146 2178 2106 2072
4 2221 2255 2178 2146
4 2299 2326 2255 2221
4 2372 2403 2326 2299
4 2447 2477 2403 2372
4 2520 2547 2477 2447
4 2593 2621 2547 2520
4 2666 2693 2621 2593
4 2739 2763 2693 2666
4 2805 2834 2763 2739
4 2879 2906 2834 2805
4 2950 2975 2906 2879
4 3022 3044 2975 2950
4 3092 3115 3044 3022
4 3167 3185 3115 3092
4 3233 3257 3185 3167
4 3306 3327 3257 3233
4 3375 3394 3327 3306
4 3444 3466 3394 3375
4 3516 3533 3466 3444
4 3587 3604 3533 3516
4 3655 3672 3604 3587
4 3725 3741 3672 3655
4 3793 3808 3741 3725
4 3858 3870 3808 3793
4 3916 3930 3870 3858
4 3971 3983 3930 3916
4 4020 4029 3983 3971
4 359 384 364 339
4 377 405 384 359
4 402 426 405 377
4 423 448 426 402
4 446 472 448 423
4 473 500 472 446
4 504 529 500 473
4 531 563 529 504
4 566 593 563 531
4 597 629 593 566
4 633 662 629 597
4 671 699 662 633
4 709 736 699 671
4 750 776 736 709
4 789 823 776 750
4 834 865 823 789
4 880 912 865 834
4 929 959 912 880
4 976 1011 959 929
4 1025 1059 1011 976
4 1083 1113 1059 1025
4 1137 1170 1113 1083
4 1192 1225 1170 1137
4 1254 1284 1225 1192
4 1314 1348 1284 1254
4 1375 1407 1348 1314
4 1439 1474 1407 1375
4 1505 1537 1474 1439
4 1575 1608 1537 1505
4 1643 1679 1608 1575
4 1719 1754 1679 1643
4 1792 1829 1754 1719
4 1869 1905 1829 1792
4 1948 1985 1905 1869
4 2027 2063 1985 1948
4 2106 2135 2063 2027
4 2178 2214 2135 2106
4 2255 2285 2214 2178
4 2326 2360 2285 2255
4 2403 2429 2360 2326
4 2477 2503 2429 2403
4 2547 2578 2503 2477
4 2621 2645 2578 2547
4 2693 2719 2645 2621
4 2763 2789 2719 2693
4 2834 2859 2789 2763
4 2906 2927 2859 2834
4 2975 3000 2927 2906
4 3044 3068 3000 2975
4 3115 3137 3068 3044
4 3185 3206 3137 3115
4 3257 3280 3206 3185
4 3327 3344 3280 3257
4 3394 3417 3344 3327
4 3466 3486 3417 3394
4 3533 3552 3486 3466
4 3604 3621 3552 3533
4 3672 3691 3621 3604
4 3741 3758 3691 3672
4 3808 3824 3758 3741
4 3870 3885 3824 3808
4 3930 3943 3885 3870
4 3983 3993 3943 3930
4 4029 4038 3993 3983
4 384 409 390 364
4 405 430 409 384
4 426 451 430 405
4 448 479 451 426
4 472 501 479 448
4 500 528 501 472
4 529 558 528 500
4 563 591 558 529
4 593 621 591 563
4 629 659 621 593
4 662 691 659 629
4 699 732 691 662
4 736 769 732 699
4 776 808 769 736
4 823 854 808 776
4 865 896 854 823
4 912 943 896 865
4 959 989 943 912
4 1011 1043 989 959
4 1059 1092 1043 1011
4 1113 1144 1092 1059
4 1170 1203 1144 1113
4 1225 1259 1203 1170
4 1284 1317 1259 1225
4 1348 1381 1317 1284
4 1407 1444 1381 1348
4 1474 1508 1444 1407
4 1537 1578 1508 1474
4 1608 1642 1578 1537
4 1679 1715 1642 1608
4 1754 1786 1715 1679
4 1829 1865 1786 1754
4 1905 1940 1865 1829
4 1985 2020 1940 1905
4 2063 2093 2020 1985
4 2135 2172 2093 2063
4 2214 2242 2172 2135
4 2285 2317 2242 2214
4 2360 2389 2317 2285
4 2429 2459 2389 2360
4 2503 2533 2459 2429
4 2578 2601 2533 2503
4 2645 2674 2601 2578
4 2719 2744 2674 2645
4 2789 2814 2744 2719
4 2859 2885 2814 2789
4 2927 2954 2885 2859
4 3000 3023 2954 2927
4 3068 3091 3023 3000
4 3137 3159 3091 3068
4 3206 3231 3159 3137
4 3280 3299 3231 3206
4 3344 3367 3299 3280
4 3417 3436 3367 3344
4 3486 3504 3436 3417
4 3552 3572 3504 3486
4 3621 3640 3572 3552
4 3691 3710 3640 3621
4 3758 3776 3710 3691
4 3824 3841 3776 3758
4 3885 3898 3841 3824
4 3943 3954 3898 3885
4 3993 4003 3954 3943
4 4038 4049 4003 3993
4 409 437 415 390
4 430 459 437 409
4 451 483 459 430
4 479 507 483 451
4 501 530 507 479
4 528 557 530 501
4 558 588 557 528
4 591 618 588 558
4 621 654 618 591
4 659 686 654 621
4 691 725 686 659
4 732 760 725 691
4 769 800 760 732
4 808 840 800 769
4 854 881 840 808
4 896 930 881 854
4 943 975 930 896
4 989 1023 975 943
4 1043 1073 1023 989
4 1092 1126 1073 1043
4 1144 1178 1126 1092
4 1203 1233 1178 1144
4 1259 1295 1233 1203
4 1317 1352 1295 1259
4 1381 1418 1352 1317
4 1444 1480 1418 1381
4 1508 1542 1480 1444
4 1578 1612 1542 1508
4 1642 1680 1612 1578
4 1715 1753 1680 1642
4 1786 1825 1753 1715
4 1865 1897 1825 1786
4 1940 1978 1897 1865
4 2020 2053 1978 1940
4 2093 2129 2053 2020
4 2172 2204 2129 2093
4 2242 2275 2204 2172
4 2317 2348 2275 2242
4 2389 2417 2348 2317
4 2459 2490 2417 2389
4 2533 2559 2490 2459
4 2601 2631 2559 2533
4 2674 2703 2631 2601
4 2744 2770 2703 2674
4 2814 2841 2770 2744
4 2885 2909 2841 2814
4 2954 2977 2909 2885
4 3023 3046 2977 2954
4 3091 3114 3046 3023
4 3159 3182 3114 3091
4 3231 3250 3182 3159
4 3299 3319 3250 3231
4 3367 3390 3319 3299
4 3436 3455 3390 3367
4 3504 3523 3455 3436
4 3572 3592 3523 3504
4 3640 3658 3592 3572
4 3710 3728 3658 3640
4 3776 3792 3728 3710
4 3841 3852 3792 3776
4 3898 3912 3852 3841
4 3954 3965 3912 3898
4 4003 4014 3965 3954
4 4049 4058 4014 4003
4 437 465 444 415
4 459 487 465 437
4 483 509 487 459
4 507 533 509 483
4 530 561 533 507
4 557 589 561 530
4 588 616 589 557
4 618 647 616 588
4 654 683 647 618
4 686 717 683 654
4 725 755 717 686
4 760 792 755 725
4 800 833 792 760
4 840 874 833 800
4 881 914 874 840
4 930 962 914 881
4 975 1009 962 930
4 1023 1057 1009 975
4 1073 1108 1057 1023
4 1126 1161 1108 1073
4 1178 1215 1161 1126
4 1233 1269 1215 1178
4 1295 1329 1269 1233
4 1352 1389 1329 1295
4 1418 1450 1389 1352
4 1480 1514 1450 1418
4 1542 1580 1514 1480
4 1612 1647 1580 1542
4 1680 1717 1647 1612
4 1753 1787 1717 1680
4 1825 1860 1787 1753
4 1897 1936 1860 1825
4 1978 2013 1936 1897
4 2053 2087 2013 1978
4 2129 2164 2087 2053
4 2204 2235 2164 2129
4 2275 2309 2235 2204
4 2348 2375 2309 2275
4 2417 2451 2375 2348
4 2490 2519 2451 2417
4 2559 2589 2519 2490
4 2631 2659 2589 2559
4 2703 2726 2659 2631
4 2770 2797 2726 2703
4 2841 2865 2797 2770
4 2909 2937 2865 2841
4 2977 3003 2937 2909
4 3046 3070 3003 2977
4 3114 3138 3070 3046
4 3182 3203 3138 3114
4 3250 3274 3203 3182
4 3319 3341 3274 3250
4 3390 3412 3341 3319
4 3455 3475 3412 3390
4 3523 3545 3475 3455
4 3592 3611 3545 3523
4 3658 3678 3611 3592
4 3728 3745 3678 3658
4 3792 3809 3745 3728
4 3852 3869 3809 3792
4 3912 3926 3869 3852
4 3965 3975 3926 3912
4 4014 4025 3975 3965
4 4058 4068 4025 4014
4 465 492 469 444
4 487 516 492 465
4 509 542 516 487
4 533 565 542 509
4 561 592 565 533
4 589 617 592 561
4 616 646 617 589
4 647 680 646 616
4 683 713 680 647
4 717 751 713 683
4 755 786 751 717
4 792 827 786 755
4 833 864 827 792
4 874 906 864 833
4 914 948 906 874
4 962 994 948 914
4 1009 1045 994 962
4 1057 1090 1045 1009
4 1108 1142 1090 1057
4 1161 1194 1142 1108
4 1215 1249 1194 1161
4 1269 1304 1249 1215
4 1329 1363 1304 1269
4 1389 1428 1363 1329
4 1450 1486 1428 1389
4 1514 1552 1486 1450
4 1580 1620 1552 1514
4 1647 1684 1620 1580
4 1717 1755 1684 1647
4 1787 1828 1755 1717
4 1860 1896 1828 1787
4 1936 1975 1896 1860
4 2013 2048 1975 1936
4 2087 2127 2048 2013
4 2164 2197 2127 2087
4 2235 2268 2197 2164
4 2309 2339 2268 2235
4 2375 2411 2339 2309
4 2451 2480 2411 2375
4 2519 2548 2480 2451
4 2589 2617 2548 2519
4 2659 2684 2617 2589
4 2726 2757 2684 2659
4 2797 2825 2757 2726
4 2865 2892 2825 2797
4 2937 2960 2892 2865
4 3003 3028 2960 2937
4 3070 3095 3028 3003
4 3138 3163 3095 3070
4 3203 3230 3163 3138
4 3274 3296 3230 3203
4 3341 3362 3296 3274
4 3412 3430 3362 3341
4 3475 3497 3430 3412
4 3545 3563 3497 3475
4 3611 3630 3563 3545
4 3678 3697 3630 3611
4 3745 3762 3697 3678
4 3809 3828 3762 3745
4 3869 3883 3828 3809
4 3926 3938 3883 3869
4 3975 3988 3938 3926
4 4025 4036 3988 3975
4 4068 4076 4036 4025
4 492 524 502 469
4 516 546 524 492
4 542 571 546 516
4 565 595 571 542
4 592 620 595 565
4 617 652 620 592
4 646 681 652 617
4 680 710 681 646
4 713 745 710 680
4 751 782 745 713
4 786 819 782 751
4 827 858 819 786
4 864 899 858 827
4 906 939 899 864
4 948 983 939 906
4 994 1028 983 948
4 1045 1078 1028 994
4 1090 1127 1078 1045
4 1142 1176 1127 1090
4 1194 1229 1176 1142
4 1249 1287 1229 1194
4 1304 1346 1287 1249
4 1363 1399 1346 1304
4 1428 1460 1399 1363
4 1486 1525 1460 1428
4 1552 1588 1525 1486
4 1620 1657 1588 1552
4 1684 1722 1657 1620
4 1755 1793 1722 1684
4 1828 1866 1793 1755
4 1896 1937 1866 1828
4 1975 2012 1937 1896
4 2048 2082 2012 1975
4 2127 2157 2082 2048
4 2197 2231 2157 2127
4 2268 2301 2231 2197
4 2339 2370 2301 2268
4 2411 2443 2370 2339
4 2480 2509 2443 2411
4 2548 2580 2509 2480
4 2617 2644 2580 2548
4 2684 2714 2644 2617
4 2757 2782 2714 2684
4 2825 2850 2782 2757
4 2892 2919 2850 2825
4 2960 2984 2919 2892
4 3028 3055 2984 2960
4 3095 3119 3055 3028
4 3163 3184 3119 3095
4 3230 3251 3184 3163
4 3296 3317 3251 3230
4 3362 3385 3317 3296
4 3430 3449 3385 3362
4 3497 3519 3449 3430
4 3563 3584 3519 3497
4 3630 3650 3584 3563
4 3697 3715 3650 3630
4 3762 3779 3715 3697
4 3828 3842 3779 3762
4 3883 3897 3842 3828
4 3938 3951 3897 3883
4 3988 4000 3951 3938
4 4036 4044 4000 3988
4 4076 4082 4044 4036
4 524 552 532 502
4 546 576 552 524
4 571 603 576 546
4 595 630 603 571
4 620 655 630 595
4 652 684 655 620
4 681 711 684 652
4 710 744 711 681
4 745 778 744 710
4 782 813 778 745
4 819 855 813 782
4 858 891 855 819
4 899 934 891 858
4 939 973 934 899
4 983 1019 973 939
4 1028 1064 1019 983
4 1078 1110 1064 1028
4 1127 1163 1110 1078
4 1176 1212 1163 1127
4 1229 1267 1212 1176
4 1287 1320 1267 1229
4 1346 1379 1320 1287
4 1399 1436 1379 1346
4 1460 1497 1436 1399
4 1525 1562 1497 1460
4 1588 1625 1562 1525
4 1657 1690 1625 1588
4 1722 1762 1690 1657
4 1793 1831 1762 1722
4 1866 1902 1831 1793
4 1937 1977 1902 1866
4 2012 2047 1977 1937
4 2082 2122 2047 2012
4 2157 2191 2122 2082
4 2231 2265 2191 2157
4 2301 2331 2265 2231
4 2370 2402 2331 2301
4 2443 2469 2402 2370
4 2509 2540 2469 2443
4 2580 2606 2540 2509
4 2644 2675 2606 2580
4 2714 2742 2675 2644
4 2782 2807 2742 2714
4 2850 2877 2807 2782
4 2919 2943 2877 2850
4 2984 3010 2943 2919
4 3055 3077 3010 2984
4 3119 3145 3077 3055
4 3184 3209 3145 3119
4 3251 3277 3209 3184
4 3317 3340 3277 3251
4 3385 3408 3340 3317
4 3449 3470 3408 3385
4 3519 3539 3470 3449
4 3584 3605 3539 3519
4 3650 3669 3605 3584
4 3715 3735 3669 3650
4 3779 3797 3735 3715
4 3842 3857 3797 3779
4 3897 3913 3857 3842
4 3951 3962 3913 3897
4 4000 4010 3962 3951
4 4044 4052 4010 4000
4 4082 4091 4052 4044
4 552 586 568 532
4 576 610 586 552
4 603 635 610 576
4 630 661 635 603
4 655 687 661 630
4 684 715 687 655
4 711 748 715 684
4 744 779 748 711
4 778 810 779 744
4 813 848 810 778
4 855 889 848 813
4 891 926 889 855
4 934 968 926 891
4 973 1013 968 934
4 1019 1054 1013 973
4 1064 1102 1054 1019
4 1110 1147 1102 1064
4 1163 1199 1147 1110
4 1212 1251 1199 1163
4 1267 1302 1251 1212
4 1320 1357 1302 1267
4 1379 1419 1357 1320
4 1436 1478 1419 1379
4 1497 1533 1478 1436
4 1562 1598 1533 1497
4 1625 1666 1598 1562
4 1690 1730 1666 1625
4 1762 1799 1730 1690
4 1831 1870 1799 1762
4 1902 1942 1870 1831
4 1977 2014 1942 1902
4 2047 2083 2014 1977
4 2122 2156 2083 2047
4 2191 2227 2156 2122
4 2265 2295 2227 2191
4 2331 2365 2295 2265
4 2402 2435 2365 2331
4 2469 2502 2435 2402
4 2540 2573 2502 2469
4 2606 2637 2573 2540
4 2675 2704 2637 2606
4 2742 2769 2704 2675
4 2807 2837 2769 2742
4 2877 2903 2837 2807
4 2943 2970 2903 2877
4 3010 3036 2970 2943
4 3077 3102 3036 3010
4 3145 3169 3102 3077
4 3209 3232 3169 3145
4 3277 3298 3232 3209
4 3340 3363 3298 3277
4 3408 3427 3363 3340
4 3470 3493 3427 3408
4 3539 3560 3493 3470
4 3605 3624 3560 3539
4 3669 3687 3624 3605
4 3735 3754 3687 3669
4 3797 3816 3754 3735
4 3857 3872 3816 3797
4 3913 3927 3872 3857
4 3962 3974 3927 3913
4 4010 4021 3974 3962
4 4052 4061 4021 4010
4 4091 4100 4061 4052
4 586 619 600 568
4 610 641 619 586
4 635 666 641 610
4 661 695 666 635
4 687 723 695 661
4 715 753 723 687
4 748 784 753 715
4 779 812 784 748
4 810 847 812 779
4 848 885 847 810
4 889 920 885 848
4 926 963 920 889
4 968 1002 963 926
4 1013 1049 1002 968
4 1054 1089 1049 1013
4 1102 1138 1089 1054
4 1147 1185 1138 1102
4 1199 1232 1185 1147
4 1251 1290 1232 1199
4 1302 1342 1290 1251
4 1357 1397 1342 1302
4 1419 1452 1397 1357
4 1478 1513 1452 1419
4 1533 1576 1513 1478
4 1598 1637 1576 1533
4 1666 1703 1637 1598
4 1730 1771 1703 1666
4 1799 1836 1771 1730
4 1870 1912 1836 1799
4 1942 1982 1912 1870
4 2014 2051 1982 1942
4 2083 2126 2051 2014
4 2156 2189 2126 2083
4 2227 2262 2189 2156
4 2295 2328 2262 2227
4 2365 2397 2328 2295
4 2435 2466 2397 2365
4 2502 2534 2466 2435
4 2573 2598 2534 2502
4 2637 2668 2598 2573
4 2704 2730 2668 2637
4 2769 2798 2730 2704
4 2837 2862 2798 2769
4 2903 2930 2862 2837
4 2970 2996 2930 2903
4 3036 3059 2996 2970
4 3102 3125 3059 3036
4 3169 3193 3125 3102
4 3232 3258 3193 3169
4 3298 3321 3258 3232
4 3363 3386 3321 3298
4 3427 3448 3386 3363
4 3493 3515 3448 3427
4 3560 3579 3515 3493
4 3624 3644 3579 3560
4 3687 3708 3644 3624
4 3754 3772 3708 3687
4 3816 3832 3772 3754
4 3872 3886 3832 3816
4 3927 3942 3886 3872
4 3974 3987 3942 3927
4 4021 4032 3987 3974
4 4061 4071 4032 4021
4 4100 4108 4071 4061
4 619 656 634 600
4 641 678 656 619
4 666 702 678 641
4 695 731 702 666
4 723 757 731 695
4 753 787 757 723
4 784 815 787 753
4 812 850 815 784
4 847 884 850 812
4 885 918 884 847
4 920 957 918 885
4 963 999 957 920
4 1002 1041 999 963
4 1049 1084 1041 1002
4 1089 1129 1084 1049
4 1138 1175 1129 1089
4 1185 1223 1175 1138
4 1232 1270 1223 1185
4 1290 1326 1270 1232
4 1342 1380 1326 1290
4 1397 1432 1380 1342
4 1452 1492 1432 1397
4 1513 1554 1492 1452
4 1576 1614 1554 1513
4 1637 1675 1614 1576
4 1703 1742 1675 1637
4 1771 1810 1742 1703
4 1836 1878 1810 1771
4 1912 1949 1878 1836
4 1982 2021 1949 1912
4 2051 2089 2021 1982
4 2126 2158 2089 2051
4 2189 2229 2158 2126
4 2262 2293 2229 2189
4 2328 2363 2293 2262
4 2397 2428 2363 2328
4 2466 2498 2428 2397
4 2534 2563 2498 2466
4 2598 2629 2563 2534
4 2668 2698 2629 2598
4 2730 2762 2698 2668
4 2798 2826 2762 2730
4 2862 2891 2826 2798
4 2930 2955 2891 2862
4 2996 3021 2955 2930
4 3059 3087 3021 2996
4 3125 3151 3087 3059
4 3193 3216 3151 3125
4 3258 3281 3216 3193
4 3321 3343 3281 3258
4 3386 3410 3343 3321
4 3448 3469 3410 3386
4 3515 3535 3469 3448
4 3579 3597 3535 3515
4 3644 3664 3597 3579
4 3708 3729 3664 3644
4 3772 3789 3729 3708
4 3832 3848 3789 3772
4 3886 3902 3848 3832
4 3942 3953 3902 3886
4 3987 3999 3953 3942
4 4032 4041 3999 3987
4 4071 4080 4041 4032
4 4108 4115 4080 4071
4 656 689 667 634
4 678 712 689 656
4 702 737 712 678
4 731 765 737 702
4 757 795 765 731
4 787 826 795 757
4 815 856 826 787
4 850 888 856 815
4 884 919 888 850
4 918 955 919 884
4 957 996 955 918
4 999 1035 996 957
4 1041 1079 1035 999
4 1084 1121 1079 1041
4 1129 1168 1121 1084
4 1175 1211 1168 1129
4 1223 1262 1211 1175
4 1270 1313 1262 1223
4 1326 1362 1313 1270
4 1380 1421 1362 1326
4 1432 1476 1421 1380
4 1492 1532 1476 1432
4 1554 1590 1532 1492
4 1614 1655 1590 1554
4 1675 1716 1655 1614
4 1742 1779 1716 1675
4 1810 1851 1779 1742
4 1878 1920 1851 1810
4 1949 1987 1920 1878
4 2021 2061 1987 1949
4 2089 2128 2061 2021
4 2158 2195 2128 2089
4 2229 2264 2195 2158
4 2293 2327 2264 2229
4 2363 2394 2327 2293
4 2428 2461 2394 2363
4 2498 2526 2461 2428
4 2563 2594 2526 2498
4 2629 2661 2594 2563
4 2698 2723 2661 2629
4 2762 2790 2723 2698
4 2826 2854 2790 2762
4 2891 2920 2854 2826
4 2955 2982 2920 2891
4 3021 3047 2982 2955
4 3087 3112 3047 3021
4 3151 3175 3112 3087
4 3216 3239 3175 3151
4 3281 3305 3239 3216
4 3343 3366 3305 3281
4 3410 3431 3366 3343
4 3469 3495 3431 3410
4 3535 3557 3495 3469
4 3597 3618 3557 3535
4 3664 3684 3618 3597
4 3729 3748 3684 3664
4 3789 3806 3748 3729
4 3848 3863 3806 3789
4 3902 3917 3863 3848
4 3953 3966 3917 3902
4 3999 4011 3966 3953
4 4041 4050 4011 3999
4 4080 4089 4050 4041
4 4115 4122 4089 4080
4 689 727 705 667
4 712 752 727 689
4 737 774 752 712
4 765 802 774 737
4 795 832 802 765
4 826 860 832 795
4 856 890 860 826
4 888 924 890 856
4 919 958 924 888
4 955 995 958 919
4 996 1031 995 955
4 1035 1072 1031 996
4 1079 1115 1072 1035
4 1121 1160 1115 1079
4 1168 1206 1160 1121
4 1211 1255 1206 1168
4 1262 1300 1255 1211
4 1313 1351 1300 1262
4 1362 1400 1351 1313
4 1421 1458 1400 1362
4 1476 1515 1458 1421
4 1532 1571 1515 1476
4 1590 1631 1571 1532
4 1655 1696 1631 1590
4 1716 1759 1696 1655
4 1779 1822 1759 1716
4 1851 1890 1822 1779
4 1920 1962 1890 1851
4 1987 2031 1962 1920
4 2061 2096 2031 1987
4 2128 2167 2096 2061
4 2195 2233 2167 2128
4 2264 2298 2233 2195
4 2327 2364 2298 2264
4 2394 2427 2364 2327
4 2461 2496 2427 2394
4 2526 2555 2496 2461
4 2594 2625 2555 2526
4 2661 2687 2625 2594
4 2723 2755 2687 2661
4 2790 2820 2755 2723
4 2854 2883 2820 2790
4 2920 2944 2883 2854
4 2982 3009 2944 2920
4 3047 3074 3009 2982
4 3112 3136 3074 3047
4 3175 3200 3136 3112
4 3239 3264 3200 3175
4 3305 3329 3264 3239
4 3366 3392 3329 3305
4 3431 3453 3392 3366
4 3495 3517 3453 3431
4 3557 3578 3517 3495
4 3618 3641 3578 3557
4 3684 3703 3641 3618
4 3748 3765 3703 3684
4 3806 3825 3765 3748
4 3863 3880 3825 3806
4 3917 3931 3880 3863
4 3966 3977 3931 3917
4 4011 4024 3977 3966
4 4050 4060 4024 4011
4 4089 4097 4060 4050
4 4122 4128 4097 4089
4 727 764 742 705
4 752 788 764 727
4 774 809 788 752
4 802 838 809 774
4 832 868 838 802
4 860 900 868 832
4 890 932 900 860
4 924 965 932 890
4 958 998 965 924
4 995 1032 998 958
4 1031 1071 1032 995
4 1072 1112 1071 1031
4 1115 1155 1112 1072
4 1160 1200 1155 1115
4 1206 1245 1200 1160
4 1255 1294 1245 1206
4 1300 1341 1294 1255
4 1351 1393 1341 1300
4 1400 1446 1393 1351
4 1458 1498 1446 1400
4 1515 1558 1498 1458
4 1571 1613 1558 1515
4 1631 1671 1613 1571
4 1696 1733 1671 1631
4 1759 1800 1733 1696
4 1822 1867 1800 1759
4 1890 1929 1867 1822
4 1962 2002 1929 1890
4 2031 2070 2002 1962
4 2096 2134 2070 2031
4 2167 2203 2134 2096
4 2233 2267 2203 2167
4 2298 2330 2267 2233
4 2364 2396 2330 2298
4 2427 2462 2396 2364
4 2496 2525 2462 2427
4 2555 2591 2525 2496
4 2625 2655 2591 2555
4 2687 2720 2655 2625
4 2755 2783 2720 2687
4 2820 2846 2783 2755
4 2883 2913 2846 2820
4 2944 2974 2913 2883
4 3009 3037 2974 2944
4 3074 3099 3037 3009
4 3136 3165 3099 3074
4 3200 3226 3165 3136
4 3264 3287 3226 3200
4 3329 3352 3287 3264
4 3392 3414 3352 3329
4 3453 3472 3414 3392
4 3517 3537 3472 3453
4 3578 3596 3537 3517
4 3641 3662 3596 3578
4 3703 3723 3662 3641
4 3765 3786 3723 3703
4 3825 3843 3786 3765
4 3880 3895 3843 3825
4 3931 3945 3895 3880
4 3977 3989 3945 3931
4 4024 4033 3989 3977
4 4060 4070 4033 4024
4 4097 4106 4070 4060
4 4128 4135 4106 4097
4 764 803 781 742
4 788 829 803 764
4 809 852 829 788
4 838 878 852 809
4 868 908 878 838
4 900 938 908 868
4 932 971 938 900
4 965 1001 971 932
4 998 1038 1001 965
4 1032 1075 1038 998
4 1071 1111 1075 1032
4 1112 1151 1111 1071
4 1155 1196 1151 1112
4 1200 1240 1196 1155
4 1245 1285 1240 1200
4 1294 1332 1285 1245
4 1341 1383 1332 1294
4 1393 1430 1383 1341
4 1446 1485 1430 1393
4 1498 1536 1485 1446
4 1558 1595 1536 1498
4 1613 1659 1595 1558
4 1671 1714 1659 1613
4 1733 1776 1714 1671
4 1800 1840 1776 1733
4 1867 1909 1840 1800
4 1929 1974 1909 1867
4 2002 2040 1974 1929
4 2070 2107 2040 2002
4 2134 2174 2107 2070
4 2203 2237 2174 2134
4 2267 2306 2237 2203
4 2330 2369 2306 2267
4 2396 2430 2369 2330
4 2462 2497 2430 2396
4 2525 2553 2497 2462
4 2591 2623 2553 2525
4 2655 2683 2623 2591
4 2720 2750 2683 2655
4 2783 2812 2750 2720
4 2846 2875 2812 2783
4 2913 2939 2875 2846
4 2974 3002 2939 2913
4 3037 3061 3002 2974
4 3099 3123 3061 3037
4 3165 3188 3123 3099
4 3226 3249 3188 3165
4 3287 3312 3249 3226
4 3352 3372 3312 3287
4 3414 3437 3372 3352
4 3472 3498 3437 3414
4 3537 3561 3498 3472
4 3596 3619 3561 3537
4 3662 3682 3619 3596
4 3723 3742 3682 3662
4 3786 3804 3742 3723
4 3843 3861 3804 3786
4 3895 3910 3861 3843
4 3945 3958 3910 3895
4 3989 4002 3958 3945
4 4033 4045 4002 3989
4 4070 4081 4045 4033
4 4106 4113 4081 4070
4 4135 4142 4113 4106
4 803 842 822 781
4 829 866 842 803
4 852 892 866 829
4 878 916 892 852
4 908 946 916 878
4 938 977 946 908
4 971 1012 977 938
4 1001 1046 1012 971
4 1038 1080 1046 1001
4 1075 1114 1080 1038
4 1111 1153 1114 1075
4 1151 1193 1153 1111
4 1196 1235 1193 1151
4 1240 1281 1235 1196
4 1285 1327 1281 1240
4 1332 1374 1327 1285
4 1383 1427 1374 1332
4 1430 1477 1427 1383
4 1485 1530 1477 1430
4 1536 1585 1530 1485
4 1595 1638 1585 1536
4 1659 1699 1638 1595
4 1714 1760 1699 1659
4 1776 1819 1760 1714
4 1840 1884 1819 1776
4 1909 1951 1884 1840
4 1974 2016 1951 1909
4 2040 2080 2016 1974
4 2107 2145 2080 2040
4 2174 2213 2145 2107
4 2237 2274 2213 2174
4 2306 2340 2274 2237
4 2369 2405 2340 2306
4 2430 2467 2405 2369
4 2497 2528 2467 2430
4 2553 2592 2528 2497
4 2623 2654 2592 2553
4 2683 2717 2654 2623
4 2750 2778 2717 2683
4 2812 2844 2778 2750
4 2875 2904 2844 2812
4 2939 2966 2904 2875
4 3002 3029 2966 2939
4 3061 3090 3029 3002
4 3123 3152 3090 3061
4 3188 3212 3152 3123
4 3249 3275 3212 3188
4 3312 3336 3275 3249
4 3372 3396 3336 3312
4 3437 3460 3396 3372
4 3498 3520 3460 3437
4 3561 3580 3520 3498
4 3619 3643 3580 3561
4 3682 3702 3643 3619
4 3742 3763 3702 3682
4 3804 3821 3763 3742
4 3861 3876 3821 3804
4 3910 3924 3876 3861
4 3958 3972 3924 3910
4 4002 4015 3972 3958
4 4045 4055 4015 4002
4 4081 4090 4055 4045
4 4113 4120 4090 4081
4 4142 4148 4120 4113
4 842 882 862 822
4 866 910 882 842
4 892 935 910 866
4 916 961 935 892
4 946 988 961 916
4 977 1022 988 946
4 1012 1053 1022 977
4 1046 1087 1053 1012
4 1080 1120 1087 1046
4 1114 1159 1120 1080
4 1153 1197 1159 1114
4 1193 1234 1197 1153
4 1235 1276 1234 1193
4 1281 1323 1276 1235
4 1327 1369 1323 1281
4 1374 1420 1369 1327
4 1427 1467 1420 1374
4 1477 1519 1467 1427
4 1530 1570 1519 1477
4 1585 1626 1570 1530
4 1638 1681 1626 1585
4 1699 1738 1681 1638
4 1760 1804 1738 1699
4 1819 1864 1804 1760
4 1884 1926 1864 1819
4 1951 1989 1926 1884
4 2016 2059 1989 1951
4 2080 2123 2059 2016
4 2145 2182 2123 2080
4 2213 2248 2182 2145
4 2274 2312 2248 2213
4 2340 2373 2312 2274
4 2405 2438 2373 2340
4 2467 2500 2438 2405
4 2528 2560 2500 2467
4 2592 2624 2560 2528
4 2654 2681 2624 2592
4 2717 2748 2681 2654
4 2778 2806 2748 2717
4 2844 2871 2806 2778
4 2904 2933 2871 2844
4 2966 2993 2933 2904
4 3029 3056 2993 2966
4 3090 3116 3056 3029
4 3152 3177 3116 3090
4 3212 3237 3177 3152
4 3275 3301 3237 3212
4 3336 3359 3301 3275
4 3396 3419 3359 3336
4 3460 3484 3419 3396
4 3520 3543 3484 3460
4 3580 3603 3543 3520
4 3643 3663 3603 3580
4 3702 3721 3663 3643
4 3763 3783 3721 3702
4 3821 3837 3783 3763
4 3876 3890 3837 3821
4 3924 3941 3890 3876
4 3972 3985 3941 3924
4 4015 4026 3985 3972
4 4055 4064 4026 4015
4 4090 4099 4064 4055
4 4120 4127 4099 4090
4 4148 4155 4127 4120
4 882 927 905 862
4 910 949 927 882
4 935 974 949 910
4 961 1000 974 935
4 988 1029 1000 961
4 1022 1060 1029 988
4 1053 1094 1060 1022
4 1087 1128 1094 1053
4 1120 1165 1128 1087
4 1159 1202 1165 1120
4 1197 1239 1202 1159
4 1234 1278 1239 1197
4 1276 1321 1278 1234
4 1323 1366 1321 1276
4 1369 1413 1366 1323
4 1420 1459 1413 1369
4 1467 1510 1459 1420
4 1519 1564 1510 1467
4 1570 1615 1564 1519
4 1626 1669 1615 1570
4 1681 1727 1669 1626
4 1738 1781 1727 1681
4 1804 1846 1781 1738
4 1864 1910 1846 1804
4 1926 1972 1910 1864
4 1989 2035 1972 1926
4 2059 2101 2035 1989
4 2123 2162 2101 2059
4 2182 2223 2162 2123
4 2248 2286 2223 2182
4 2312 2349 2286 2248
4 2373 2413 2349 2312
4 2438 2470 2413 2373
4 2500 2535 2470 2438
4 2560 2595 2535 2500
4 2624 2656 2595 2560
4 2681 2716 2656 2624
4 2748 2775 2716 2681
4 2806 2839 2775 2748
4 2871 2899 2839 2806
4 2933 2962 2899 2871
4 2993 3020 2962 2933
4 3056 3083 3020 2993
4 3116 3144 3083 3056
4 3177 3202 3144 3116
4 3237 3263 3202 3177
4 3301 3324 3263 3237
4 3359 3383 3324 3301
4 3419 3442 3383 3359
4 3484 3506 3442 3419
4 3543 3564 3506 3484
4 3603 3625 3564 3543
4 3663 3685 3625 3603
4 3721 3743 3685 3663
4 3783 3802 3743 3721
4 3837 3854 3802 3783
4 3890 3907 3854 3837
4 3941 3955 3907 3890
4 3985 3997 3955 3941
4 4026 4037 3997 3985
4 4064 4072 4037 4026
4 4099 4107 4072 4064
4 4127 4136 4107 4099
4 4155 4161 4136 4127
4 927 972 947 905
4 949 993 972 927
4 974 1020 993 949
4 1000 1048 1020 974
4 1029 1076 1048 1000
4 1060 1104 1076 1029
4 1094 1139 1104 1060
4 1128 1172 1139 1094
4 1165 1207 1172 1128
4 1202 1244 1207 1165
4 1239 1283 1244 1202
4 1278 1324 1283 1239
4 1321 1365 1324 1278
4 1366 1408 1365 1321
4 1413 1455 1408 1366
4 1459 1503 1455 1413
4 1510 1556 1503 1459
4 1564 1607 1556 1510
4 1615 1661 1607 1564
4 1669 1712 1661 1615
4 1727 1772 1712 1669
4 1781 1830 1772 1727
4 1846 1889 1830 1781
4 1910 1955 1889 1846
4 1972 2015 1955 1910
4 2035 2076 2015 1972
4 2101 2140 2076 2035
4 2162 2202 2140 2101
4 2223 2263 2202 2162
4 2286 2322 2263 2223
4 2349 2385 2322 2286
4 2413 2446 2385 2349
4 2470 2505 2446 2413
4 2535 2569 2505 2470
4 2595 2626 2569 2535
4 2656 2685 2626 2595
4 2716 2749 2685 2656
4 2775 2804 2749 2716
4 2839 2868 2804 2775
4 2899 2926 2868 2839
4 2962 2990 2926 2899
4 3020 3050 2990 2962
4 3083 3108 3050 3020
4 3144 3171 3108 3083
4 3202 3228 3171 3144
4 3263 3288 3228 3202
4 3324 3349 3288 3263
4 3383 3409 3349 3324
4 3442 3467 3409 3383
4 3506 3525 3467 3442
4 3564 3588 3525 3506
4 3625 3645 3588 3564
4 3685 3704 3645 3625
4 3743 3764 3704 3685
4 3802 3818 3764 3743
4 3854 3871 3818 3802
4 3907 3921 3871 3854
4 3955 3968 3921 3907
4 3997 4009 3968 3955
4 4037 4048 4009 3997
4 4072 4083 4048 4037
4 4107 4116 4083 4072
4 4136 4143 4116 4107
4 4161 4166 4143 4136
4 972 1016 990 947
4 993 1039 1016 972
4 1020 1061 1039 993
4 1048 1088 1061 1020
4 1076 1118 1088 1048
4 1104 1148 1118 1076
4 1139 1180 1148 1104
4 1172 1218 1180 1139
4 1207 1253 1218 1172
4 1244 1292 1253 1207
4 1283 1328 1292 1244
4 1324 1368 1328 1283
4 1365 1412 1368 1324
4 1408 1453 1412 1365
4 1455 1500 1453 1408
4 1503 1551 1500 1455
4 1556 1599 1551 1503
4 1607 1652 1599 1556
4 1661 1704 1652 1607
4 1712 1761 1704 1661
4 1772 1816 1761 1712
4 1830 1875 1816 1772
4 1889 1933 1875 1830
4 1955 1997 1933 1889
4 2015 2062 1997 1955
4 2076 2120 2062 2015
4 2140 2179 2120 2076
4 2202 2238 2179 2140
4 2263 2303 2238 2202
4 2322 2361 2303 2263
4 2385 2419 2361 2322
4 2446 2481 2419 2385
4 2505 2542 2481 2446
4 2569 2599 2542 2505
4 2626 2662 2599 2569
4 2685 2721 2662 2626
4 2749 2777 2721 2685
4 2804 2838 2777 2749
4 2868 2894 2838 2804
4 2926 2957 2894 2868
4 2990 3018 2957 2926
4 3050 3076 3018 2990
4 3108 3135 3076 3050
4 3171 3196 3135 3108
4 3228 3254 3196 3171
4 3288 3313 3254 3228
4 3349 3371 3313 3288
4 3409 3434 3371 3349
4 3467 3489 3434 3409
4 3525 3549 3489 3467
4 3588 3609 3549 3525
4 3645 3668 3609 3588
4 3704 3726 3668 3645
4 3764 3784 3726 3704
4 3818 3835 3784 3764
4 3871 3887 3835 3818
4 3921 3934 3887 3871
4 3968 3982 3934 3921
4 4009 4023 3982 3968
4 4048 4059 4023 4009
4 4083 4092 4059 4048
4 4116 4124 4092 4083
4 4143 4150 4124 4116
4 4166 4172 4150 4143
4 1016 1058 1037 990
4 1039 1085 1058 1016
4 1061 1109 1085 1039
4 1088 1136 1109 1061
4 1118 1166 1136 1088
4 1148 1195 1166 1118
4 1180 1228 1195 1148
4 1218 1263 1228 1180
4 1253 1299 1263 1218
4 1292 1333 1299 1253
4 1328 1373 1333 1292
4 1368 1417 1373 1328
4 1412 1457 1417 1368
4 1453 1501 1457 1412
4 1500 1547 1501 1453
4 1551 1593 1547 1500
4 1599 1645 1593 1551
4 1652 1700 1645 1599
4 1704 1751 1700 1652
4 1761 1807 1751 1704
4 1816 1862 1807 1761
4 1875 1922 1862 1816
4 1933 1984 1922 1875
4 1997 2041 1984 1933
4 2062 2103 2041 1997
4 2120 2161 2103 2062
4 2179 2219 2161 2120
4 2238 2279 2219 2179
4 2303 2341 2279 2238
4 2361 2399 2341 2303
4 2419 2454 2399 2361
4 2481 2514 2454 2419
4 2542 2577 2514 2481
4 2599 2634 2577 2542
4 2662 2694 2634 2599
4 2721 2752 2694 2662
4 2777 2808 2752 2721
4 2838 2869 2808 2777
4 2894 2923 2869 2838
4 2957 2986 2923 2894
4 3018 3042 2986 2957
4 3076 3106 3042 3018
4 3135 3166 3106 3076
4 3196 3221 3166 3135
4 3254 3282 3221 3196
4 3313 3338 3282 3254
4 3371 3395 3338 3313
4 3434 3454 3395 3371
4 3489 3512 3454 3434
4 3549 3571 3512 3489
4 3609 3631 3571 3549
4 3668 3688 3631 3609
4 3726 3749 3688 3668
4 3784 3803 3749 3726
4 3835 3853 3803 3784
4 3887 3905 3853 3835
4 3934 3950 3905 3887
4 3982 3995 3950 3934
4 4023 4034 3995 3982
4 4059 4069 4034 4023
4 4092 4101 4069 4059
4 4124 4132 4101 4092
4 4150 4157 4132 4124
4 4172 4177 4157 4150
4 1058 1106 1086 1037
4 1085 1132 1106 1058
4 1109 1156 1132 1085
4 1136 1181 1156 1109
4 1166 1209 1181 1136
4 1195 1242 1209 1166
4 1228 1271 1242 1195
4 1263 1308 1271 1228
4 1299 1347 1308 1263
4 1333 1385 1347 1299
4 1373 1423 1385 1333
4 1417 1462 1423 1373
4 1457 1504 1462 1417
4 1501 1550 1504 1457
4 1547 1591 1550 1501
4 1593 1640 1591 1547
4 1645 1695 1640 1593
4 1700 1746 1695 1645
4 1751 1798 1746 1700
4 1807 1854 1798 1751
4 1862 1914 1854 1807
4 1922 1969 1914 1862
4 1984 2030 1969 1922
4 2041 2084 2030 1984
4 2103 2142 2084 2041
4 2161 2205 2142 2103
4 2219 2261 2205 2161
4 2279 2320 2261 2219
4 2341 2374 2320 2279
4 2399 2436 2374 2341
4 2454 2494 2436 2399
4 2514 2550 2494 2454
4 2577 2609 2550 2514
4 2634 2669 2609 2577
4 2694 2724 2669 2634
4 2752 2784 2724 2694
4 2808 2843 2784 2752
4 2869 2897 2843 2808
4 2923 2956 2897 2869
4 2986 3014 2956 2923
4 3042 3072 3014 2986
4 3106 3132 3072 3042
4 3166 3189 3132 3106
4 3221 3247 3189 3166
4 3282 3308 3247 3221
4 3338 3361 3308 3282
4 3395 3421 3361 3338
4 3454 3481 3421 3395
4 3512 3536 3481 3454
4 3571 3593 3536 3512
4 3631 3654 3593 3571
4 3688 3712 3654 3631
4 3749 3766 3712 3688
4 3803 3822 3766 3749
4 3853 3873 3822 3803
4 3905 3919 3873 3853
4 3950 3964 3919 3905
4 3995 4006 3964 3950
4 4034 4046 4006 3995
4 4069 4079 4046 4034
4 4101 4110 4079 4069
4 4132 4138 4110 4101
4 4157 4162 4138 4132
4 4177 4182 4162 4157
4 1106 1152 1134 1086
4 1132 1177 1152 1106
4 1156 1205 1177 1132
4 1181 1230 1205 1156
4 1209 1260 1230 1181
4 1242 1293 1260 1209
4 1271 1322 1293 1242
4 1308 1355 1322 1271
4 1347 1394 1355 1308
4 1385 1429 1394 1347
4 1423 1471 1429 1385
4 1462 1512 1471 1423
4 1504 1555 1512 1462
4 1550 1597 1555 1504
4 1591 1641 1597 1550
4 1640 1691 1641 1591
4 1695 1741 1691 1640
4 1746 1794 1741 1695
4 1798 1847 1794 1746
4 1854 1900 1847 1798
4 1914 1961 1900 1854
4 1969 2017 1961 1914
4 2030 2074 2017 1969
4 2084 2131 2074 2030
4 2142 2184 2131 2084
4 2205 2244 2184 2142
4 2261 2304 2244 2205
4 2320 2357 2304 2261
4 2374 2415 2357 2320
4 2436 2471 2415 2374
4 2494 2529 2471 2436
4 2550 2584 2529 2494
4 2609 2642 2584 2550
4 2669 2702 2642 2609
4 2724 2758 2702 2669
4 2784 2816 2758 2724
4 2843 2873 2816 2784
4 2897 2928 2873 2843
4 2956 2987 2928 2897
4 3014 3039 2987 2956
4 3072 3101 3039 3014
4 3132 3156 3101 3072
4 3189 3217 3156 3132
4 3247 3273 3217 3189
4 3308 3332 3273 3247
4 3361 3389 3332 3308
4 3421 3445 3389 3361
4 3481 3502 3445 3421
4 3536 3562 3502 3481
4 3593 3615 3562 3536
4 3654 3674 3615 3593
4 3712 3734 3674 3654
4 3766 3788 3734 3712
4 3822 3840 3788 3766
4 3873 3889 3840 3822
4 3919 3933 3889 3873
4 3964 3979 3933 3919
4 4006 4018 3979 3964
4 4046 4057 4018 4006
4 4079 4088 4057 4046
4 4110 4118 4088 4079
4 4138 4145 4118 4110
4 4162 4168 4145 4138
4 4182 4187 4168 4162
4 1152 1204 1179 1134
4 1177 1226 1204 1152
4 1205 1256 1226 1177
4 1230 1280 1256 1205
4 1260 1309 1280 1230
4 1293 1339 1309 1260
4 1322 1370 1339 1293
4 1355 1403 1370 1322
4 1394 1443 1403 1355
4 1429 1482 1443 1394
4 1471 1523 1482 1429
4 1512 1561 1523 1471
4 1555 1603 1561 1512
4 1597 1646 1603 1555
4 1641 1693 1646 1597
4 1691 1739 1693 1641
4 1741 1789 1739 1691
4 1794 1843 1789 1741
4 1847 1894 1843 1794
4 1900 1952 1894 1847
4 1961 2009 1952 1900
4 2017 2066 2009 1961
4 2074 2118 2066 2017
4 2131 2176 2118 2074
4 2184 2232 2176 2131
4 2244 2284 2232 2184
4 2304 2343 2284 2244
4 2357 2395 2343 2304
4 2415 2452 2395 2357
4 2471 2507 2452 2415
4 2529 2565 2507 2471
4 2584 2622 2565 2529
4 2642 2677 2622 2584
4 2702 2734 2677 2642
4 2758 2791 2734 2702
4 2816 2845 2791 2758
4 2873 2902 2845 2816
4 2928 2959 2902 2873
4 2987 3016 2959 2928
4 3039 3071 3016 2987
4 3101 3129 3071 3039
4 3156 3186 3129 3101
4 3217 3243 3186 3156
4 3273 3302 3243 3217
4 3332 3358 3302 3273
4 3389 3413 3358 3332
4 3445 3468 3413 3389
4 3502 3524 3468 3445
4 3562 3583 3524 3502
4 3615 3638 3583 3562
4 3674 3695 3638 3615
4 3734 3751 3695 3674
4 3788 3805 3751 3734
4 3840 3859 3805 3788
4 3889 3906 3859 3840
4 3933 3949 3906 3889
4 3979 3992 3949 3933
4 4018 4030 3992 3979
4 4057 4067 4030 4018
4 4088 4098 4067 4057
4 4118 4126 4098 4088
4 4145 4152 4126 4118
4 4168 4174 4152 4145
4 4187 4192 4174 4168
4 1204 1257 1231 1179
4 1226 1274 1257 1204
4 1256 1301 1274 1226
4 1280 1331 1301 1256
4 1309 1358 1331 1280
4 1339 1392 1358 1309
4 1370 1425 1392 1339
4 1403 1454 1425 1370
4 1443 1491 1454 1403
4 1482 1531 1491 1443
4 1523 1568 1531 1482
4 1561 1609 1568 1523
4 1603 1654 1609 1561
4 1646 1698 1654 1603
4 1693 1744 1698 1646
4 1739 1790 1744 1693
4 1789 1841 1790 1739
4 1843 1892 1841 1789
4 1894 1947 1892 1843
4 1952 2001 1947 1894
4 2009 2056 2001 1952
4 2066 2108 2056 2009
4 2118 2166 2108 2066
4 2176 2217 2166 2118
4 2232 2271 2217 2176
4 2284 2323 2271 2232
4 2343 2379 2323 2284
4 2395 2437 2379 2343
4 2452 2491 2437 2395
4 2507 2545 2491 2452
4 2565 2600 2545 2507
4 2622 2658 2600 2565
4 2677 2710 2658 2622
4 2734 2767 2710 2677
4 2791 2823 2767 2734
4 2845 2878 2823 2791
4 2902 2935 2878 2845
4 2959 2991 2935 2902
4 3016 3043 2991 2959
4 3071 3100 3043 3016
4 3129 3153 3100 3071
4 3186 3213 3153 3129
4 3243 3268 3213 3186
4 3302 3326 3268 3243
4 3358 3379 3326 3302
4 3413 3439 3379 3358
4 3468 3492 3439 3413
4 3524 3547 3492 3468
4 3583 3606 3547 3524
4 3638 3659 3606 3583
4 3695 3718 3659 3638
4 3751 3774 3718 3695
4 3805 3826 3774 3751
4 3859 3875 3826 3805
4 3906 3920 3875 3859
4 3949 3963 3920 3906
4 3992 4004 3963 3949
4 4030 4042 4004 3992
4 4067 4078 4042 4030
4 4098 4109 4078 4067
4 4126 4134 4109 4098
4 4152 4158 4134 4126
4 4174 4179 4158 4152
4 4192 4196 4179 4174
4 1257 1303 1282 1231
4 1274 1330 1303 1257
4 1301 1354 1330 1274
4 1331 1384 1354 1301
4 1358 1410 1384 1331
4 1392 1442 1410 1358
4 1425 1475 1442 1392
4 1454 1507 1475 1425
4 1491 1544 1507 1454
4 1531 1584 1544 1491
4 1568 1621 1584 1531
4 1609 1664 1621 1568
4 1654 1705 1664 1609
4 1698 1749 1705 1654
4 1744 1796 1749 1698
4 1790 1844 1796 1744
4 1841 1891 1844 1790
4 1892 1945 1891 1841
4 1947 1994 1945 1892
4 2001 2046 1994 1947
4 2056 2104 2046 2001
4 2108 2154 2104 2056
4 2166 2209 2154 2108
4 2217 2260 2209 2166
4 2271 2314 2260 2217
4 2323 2367 2314 2271
4 2379 2420 2367 2323
4 2437 2476 2420 2379
4 2491 2527 2476 2437
4 2545 2582 2527 2491
4 2600 2638 2582 2545
4 2658 2692 2638 2600
4 2710 2746 2692 2658
4 2767 2801 2746 2710
4 2823 2855 2801 2767
4 2878 2912 2855 2823
4 2935 2964 2912 2878
4 2991 3019 2964 2935
4 3043 3075 3019 2991
4 3100 3131 3075 3043
4 3153 3183 3131 3100
4 3213 3240 3183 3153
4 3268 3294 3240 3213
4 3326 3353 3294 3268
4 3379 3407 3353 3326
4 3439 3463 3407 3379
4 3492 3518 3463 3439
4 3547 3573 3518 3492
4 3606 3628 3573 3547
4 3659 3683 3628 3606
4 3718 3739 3683 3659
4 3774 3791 3739 3718
4 3826 3845 3791 3774
4 3875 3893 3845 3826
4 3920 3935 3893 3875
4 3963 3978 3935 3920
4 4004 4016 3978 3963
4 4042 4054 4016 4004
4 4078 4087 4054 4042
4 4109 4117 4087 4078
4 4134 4141 4117 4109
4 4158 4164 4141 4134
4 4179 4184 4164 4158
4 4196 4199 4184 4179
4 1303 1356 1336 1282
4 1330 1382 1356 1303
4 1354 1405 1382 1330
4 1384 1431 1405 1354
4 1410 1465 1431 1384
4 1442 1494 1465 1410
4 1475 1529 1494 1442
4 1507 1563 1529 1475
4 1544 1596 1563 1507
4 1584 1634 1596 1544
4 1621 1672 1634 1584
4 1664 1713 1672 1621
4 1705 1758 1713 1664
4 1749 1805 1758 1705
4 1796 1848 1805 1749
4 1844 1893 1848 1796
4 1891 1946 1893 1844
4 1945 1991 1946 1891
4 1994 2043 1991 1945
4 2046 2099 2043 1994
4 2104 2150 2099 2046
4 2154 2201 2150 2104
4 2209 2254 2201 2154
4 2260 2307 2254 2209
4 2314 2354 2307 2260
4 2367 2409 2354 2314
4 2420 2458 2409 2367
4 2476 2513 2458 2420
4 2527 2568 2513 2476
4 2582 2618 2568 2527
4 2638 2673 2618 2582
4 2692 2725 2673 2638
4 2746 2779 2725 2692
4 2801 2833 2779 2746
4 2855 2888 2833 2801
4 2912 2941 2888 2855
4 2964 2995 2941 2912
4 3019 3052 2995 2964
4 3075 3105 3052 3019
4 3131 3154 3105 3075
4 3183 3210 3154 3131
4 3240 3265 3210 3183
4 3294 3322 3265 3240
4 3353 3377 3322 3294
4 3407 3433 3377 3353
4 3463 3487 3433 3407
4 3518 3542 3487 3463
4 3573 3595 3542 3518
4 3628 3651 3595 3573
4 3683 3705 3651 3628
4 3739 3759 3705 3683
4 3791 3812 3759 3739
4 3845 3862 3812 3791
4 3893 3908 3862 3845
4 3935 3952 3908 3893
4 3978 3991 3952 3935
4 4016 4027 3991 3978
4 4054 4065 4027 4016
4 4087 4096 4065 4054
4 4117 4125 4096 4087
4 4141 4149 4125 4117
4 4164 4170 4149 4141
4 4184 4189 4170 4164
4 4199 4203 4189 4184
4 1356 1411 1391 1336
4 1382 1434 1411 1356
4 1405 1461 1434 1382
4 1431 1488 1461 1405
4 1465 1521 1488 1431
4 1494 1548 1521 1465
4 1529 1582 1548 1494
4 1563 1618 1582 1529
4 1596 1651 1618 1563
4 1634 1688 1651 1596
4 1672 1729 1688 1634
4 1713 1770 1729 1672
4 1758 1813 1770 1713
4 1805 1856 1813 1758
4 1848 1899 1856 1805
4 1893 1950 1899 1848
4 1946 1999 1950 1893
4 1991 2044 1999 1946
4 2043 2095 2044 1991
4 2099 2144 2095 2043
4 2150 2196 2144 2099
4 2201 2245 2196 2150
4 2254 2294 2245 2201
4 2307 2347 2294 2254
4 2354 2398 2347 2307
4 2409 2450 2398 2354
4 2458 2501 2450 2409
4 2513 2552 2501 2458
4 2568 2602 2552 2513
4 2618 2657 2602 2568
4 2673 2706 2657 2618
4 2725 2761 2706 2673
4 2779 2813 2761 2725
4 2833 2866 2813 2779
4 2888 2921 2866 2833
4 2941 2973 2921 2888
4 2995 3025 2973 2941
4 3052 3080 3025 2995
4 3105 3134 3080 3052
4 3154 3187 3134 3105
4 3210 3241 3187 3154
4 3265 3290 3241 3210
4 3322 3347 3290 3265
4 3377 3401 3347 3322
4 3433 3456 3401 3377
4 3487 3510 3456 3433
4 3542 3565 3510 3487
4 3595 3616 3565 3542
4 3651 3671 3616 3595
4 3705 3727 3671 3651
4 3759 3778 3727 3705
4 3812 3831 3778 3759
4 3862 3879 3831 3812
4 3908 3922 3879 3862
4 3952 3967 3922 3908
4 3991 4005 3967 3952
4 4027 4039 4005 3991
4 4065 4075 4039 4027
4 4096 4105 4075 4065
4 4125 4133 4105 4096
4 4149 4156 4133 4125
4 4170 4176 4156 4149
4 4189 4193 4176 4170
4 4203 4206 4193 4189
4 1411 1468 1445 1391
4 1434 1490 1468 1411
4 1461 1517 1490 1434
4 1488 1543 1517 1461
4 1521 1573 1543 1488
4 1548 1605 1573 1521
4 1582 1636 1605 1548
4 1618 1670 1636 1582
4 1651 1707 1670 1618
4 1688 1745 1707 1651
4 1729 1780 1745 1688
4 1770 1824 1780 1729
4 1813 1868 1824 1770
4 1856 1915 1868 1813
4 1899 1959 1915 1856
4 1950 2006 1959 1899
4 1999 2050 2006 1950
4 2044 2100 2050 1999
4 2095 2143 2100 2044
4 2144 2193 2143 2095
4 2196 2240 2193 2144
4 2245 2289 2240 2196
4 2294 2342 2289 2245
4 2347 2393 2342 2294
4 2398 2442 2393 2347
4 2450 2489 2442 2398
4 2501 2541 2489 2450
4 2552 2590 2541 2501
4 2602 2640 2590 2552
4 2657 2695 2640 2602
4 2706 2743 2695 2657
4 2761 2795 2743 2706
4 2813 2847 2795 2761
4 2866 2898 2847 2813
4 2921 2951 2898 2866
4 2973 3005 2951 2921
4 3025 3058 3005 2973
4 3080 3109 3058 3025
4 3134 3162 3109 3080
4 3187 3215 3162 3134
4 3241 3266 3215 3187
4 3290 3320 3266 3241
4 3347 3374 3320 3290
4 3401 3426 3374 3347
4 3456 3482 3426 3401
4 3510 3534 3482 3456
4 3565 3590 3534 3510
4 3616 3642 3590 3565
4 3671 3694 3642 3616
4 3727 3750 3694 3671
4 3778 3800 3750 3727
4 3831 3849 3800 3778
4 3879 3896 3849 3831
4 3922 3939 3896 3879
4 3967 3980 3939 3922
4 4005 4017 3980 3967
4 4039 4051 4017 4005
4 4075 4086 4051 4039
4 4105 4114 4086 4075
4 4133 4140 4114 4105
4 4156 4163 4140 4133
4 4176 4181 4163 4156
4 4193 4197 4181 4176
4 4206 4209 4197 4193
4 1468 1524 1499 1445
4 1490 1546 1524 1468
4 1517 1572 1546 1490
4 1543 1601 1572 1517
4 1573 1629 1601 1543
4 1605 1663 1629 1573
4 1636 1692 1663 1605
4 1670 1728 1692 1636
4 1707 1765 1728 1670
4 1745 1803 1765 1707
4 1780 1838 1803 1745
4 1824 1883 1838 1780
4 1868 1924 1883 1824
4 1915 1966 1924 1868
4 1959 2011 1966 1915
4 2006 2057 2011 1959
4 2050 2105 2057 2006
4 2100 2149 2105 2050
4 2143 2194 2149 2100
4 2193 2239 2194 2143
4 2240 2287 2239 2193
4 2289 2336 2287 2240
4 2342 2386 2336 2289
4 2393 2434 2386 2342
4 2442 2482 2434 2393
4 2489 2532 2482 2442
4 2541 2581 2532 2489
4 2590 2630 2581 2541
4 2640 2678 2630 2590
4 2695 2727 2678 2640
4 2743 2780 2727 2695
4 2795 2829 2780 2743
4 2847 2882 2829 2795
4 2898 2934 2882 2847
4 2951 2983 2934 2898
4 3005 3035 2983 2951
4 3058 3088 3035 3005
4 3109 3139 3088 3058
4 3162 3191 3139 3109
4 3215 3245 3191 3162
4 3266 3293 3245 3215
4 3320 3345 3293 3266
4 3374 3399 3345 3320
4 3426 3451 3399 3374
4 3482 3507 3451 3426
4 3534 3559 3507 3482
4 3590 3612 3559 3534
4 3642 3666 3612 3590
4 3694 3717 3666 3642
4 3750 3771 3717 3694
4 3800 3817 3771 3750
4 3849 3867 3817 3800
4 3896 3911 3867 3849
4 3939 3956 3911 3896
4 3980 3994 3956 3939
4 4017 4028 3994 3980
4 4051 4062 4028 4017
4 4086 4095 4062 4051
4 4114 4123 4095 4086
4 4140 4147 4123 4114
4 4163 4169 4147 4140
4 4181 4186 4169 4163
4 4197 4201 4186 4181
4 4209 4212 4201 4197
4 1524 1581 1559 1499
4 1546 1606 1581 1524
4 1572 1630 1606 1546
4 1601 1660 1630 1572
4 1629 1686 1660 1601
4 1663 1721 1686 1629
4 1692 1752 1721 1663
4 1728 1782 1752 1692
4 1765 1821 1782 1728
4 1803 1859 1821 1765
4 1838 1895 1859 1803
4 1883 1938 1895 1838
4 1924 1981 1938 1883
4 1966 2022 1981 1924
4 2011 2068 2022 1966
4 2057 2110 2068 2011
4 2105 2153 2110 2057
4 2149 2200 2153 2105
4 2194 2243 2200 2149
4 2239 2288 2243 2194
4 2287 2334 2288 2239
4 2336 2381 2334 2287
4 2386 2426 2381 2336
4 2434 2478 2426 2386
4 2482 2522 2478 2434
4 2532 2574 2522 2482
4 2581 2620 2574 2532
4 2630 2670 2620 2581
4 2678 2718 2670 2630
4 2727 2766 2718 2678
4 2780 2817 2766 2727
4 2829 2864 2817 2780
4 2882 2916 2864 2829
4 2934 2965 2916 2882
4 2983 3015 2965 2934
4 3035 3065 3015 2983
4 3088 3117 3065 3035
4 3139 3170 3117 3088
4 3191 3220 3170 3139
4 3245 3270 3220 3191
4 3293 3323 3270 3245
4 3345 3373 3323 3293
4 3399 3424 3373 3345
4 3451 3478 3424 3399
4 3507 3529 3478 3451
4 3559 3582 3529 3507
4 3612 3634 3582 3559
4 3666 3686 3634 3612
4 3717 3738 3686 3666
4 3771 3790 3738 3717
4 3817 3836 3790 3771
4 3867 3884 3836 3817
4 3911 3929 3884 3867
4 3956 3969 3929 3911
4 3994 4007 3969 3956
4 4028 4040 4007 3994
4 4062 4073 4040 4028
4 4095 4104 4073 4062
4 4123 4131 4104 4095
4 4147 4154 4131 4123
4 4169 4175 4154 4147
4 4186 4191 4175 4169
4 4201 4205 4191 4186
4 4212 4215 4205 4201
4 1581 1639 1619 1559
4 1606 1667 1639 1581
4 1630 1689 1667 1606
4 1660 1720 1689 1630
4 1686 1747 1720 1660
4 1721 1777 1747 1686
4 1752 1812 1777 1721
4 1782 1845 1812 1752
4 1821 1882 1845 1782
4 1859 1919 1882 1821
4 1895 1960 1919 1859
4 1938 1995 1960 1895
4 1981 2038 1995 1938
4 2022 2077 2038 1981
4 2068 2121 2077 2022
4 2110 2165 2121 2068
4 2153 2208 2165 2110
4 2200 2249 2208 2153
4 2243 2291 2249 2200
4 2288 2337 2291 2243
4 2334 2380 2337 2288
4 2381 2424 2380 2334
4 2426 2473 2424 2381
4 2478 2518 2473 2426
4 2522 2566 2518 2478
4 2574 2612 2566 2522
4 2620 2660 2612 2574
4 2670 2705 2660 2620
4 2718 2756 2705 2670
4 2766 2802 2756 2718
4 2817 2851 2802 2766
4 2864 2900 2851 2817
4 2916 2947 2900 2864
4 2965 2999 2947 2916
4 3015 3048 2999 2965
4 3065 3097 3048 3015
4 3117 3149 3097 3065
4 3170 3198 3149 3117
4 3220 3248 3198 3170
4 3270 3300 3248 3220
4 3323 3350 3300 3270
4 3373 3400 3350 3323
4 3424 3450 3400 3373
4 3478 3503 3450 3424
4 3529 3555 3503 3478
4 3582 3607 3555 3529
4 3634 3657 3607 3582
4 3686 3709 3657 3634
4 3738 3760 3709 3686
4 3790 3810 3760 3738
4 3836 3855 3810 3790
4 3884 3900 3855 3836
4 3929 3944 3900 3884
4 3969 3984 3944 3929
4 4007 4019 3984 3969
4 4040 4053 4019 4007
4 4073 4084 4053 4040
4 4104 4112 4084 4073
4 4131 4139 4112 4104
4 4154 4160 4139 4131
4 4175 4180 4160 4154
4 4191 4195 4180 4175
4 4205 4208 4195 4191
4 4215 4217 4208 4205
4 1639 1702 1674 1619
4 1667 1725 1702 1639
4 1689 1750 1725 1667
4 1720 1778 1750 1689
4 1747 1808 1778 1720
4 1777 1837 1808 1747
4 1812 1873 1837 1777
4 1845 1907 1873 1812
4 1882 1941 1907 1845
4 1919 1980 1941 1882
4 1960 2018 1980 1919
4 1995 2055 2018 1960
4 2038 2092 2055 1995
4 2077 2133 2092 2038
4 2121 2175 2133 2077
4 2165 2216 2175 2121
4 2208 2257 2216 2165
4 2249 2300 2257 2208
4 2291 2344 2300 2249
4 2337 2384 2344 2291
4 2380 2425 2384 2337
4 2424 2472 2425 2380
4 2473 2515 2472 2424
4 2518 2561 2515 2473
4 2566 2605 2561 2518
4 2612 2651 2605 2566
4 2660 2701 2651 2612
4 2705 2745 2701 2660
4 2756 2794 2745 2705
4 2802 2840 2794 2756
4 2851 2887 2840 2802
4 2900 2938 2887 2851
4 2947 2981 2938 2900
4 2999 3032 2981 2947
4 3048 3082 3032 2999
4 3097 3126 3082 3048
4 3149 3178 3126 3097
4 3198 3227 3178 3149
4 3248 3279 3227 3198
4 3300 3328 3279 3248
4 3350 3376 3328 3300
4 3400 3425 3376 3350
4 3450 3476 3425 3400
4 3503 3527 3476 3450
4 3555 3577 3527 3503
4 3607 3629 3577 3555
4 3657 3679 3629 3607
4 3709 3733 3679 3657
4 3760 3780 3733 3709
4 3810 3830 3780 3760
4 3855 3874 3830 3810
4 3900 3918 3874 3855
4 3944 3957 3918 3900
4 3984 3996 3957 3944
4 4019 4031 3996 3984
4 4053 4063 4031 4019
4 4084 4093 4063 4053
4 4112 4121 4093 4084
4 4139 4146 4121 4112
4 4160 4167 4146 4139
4 4180 4185 4167 4160
4 4195 4200 4185 4180
4 4208 4211 4200 4195
4 4217 4219 4211 4208
4 1702 1763 1735 1674
4 1725 1783 1763 1702
4 1750 1814 1783 1725
4 1778 1839 1814 1750
4 1808 1872 1839 1778
4 1837 1898 1872 1808
4 1873 1931 1898 1837
4 1907 1967 1931 1873
4 1941 2004 1967 1907
4 1980 2039 2004 1941
4 2018 2075 2039 1980
4 2055 2112 2075 2018
4 2092 2151 2112 2055
4 2133 2186 2151 2092
4 2175 2228 2186 2133
4 2216 2266 2228 2175
4 2257 2311 2266 2216
4 2300 2350 2311 2257
4 2344 2391 2350 2300
4 2384 2431 2391 2344
4 2425 2475 2431 2384
4 2472 2516 2475 2425
4 2515 2557 2516 2472
4 2561 2603 2557 2515
4 2605 2649 2603 2561
4 2651 2697 2649 2605
4 2701 2740 2697 2651
4 2745 2787 2740 2701
4 2794 2828 2787 2745
4 2840 2876 2828 2794
4 2887 2922 2876 2840
4 2938 2969 2922 2887
4 2981 3017 2969 2938
4 3032 3063 3017 2981
4 3082 3113 3063 3032
4 3126 3158 3113 3082
4 3178 3208 3158 3126
4 3227 3259 3208 3178
4 3279 3307 3259 3227
4 3328 3356 3307 3279
4 3376 3403 3356 3328
4 3425 3452 3403 3376
4 3476 3501 3452 3425
4 3527 3550 3501 3476
4 3577 3601 3550 3527
4 3629 3653 3601 3577
4 3679 3700 3653 3629
4 3733 3752 3700 3679
4 3780 3801 3752 3733
4 3830 3847 3801 3780
4 3874 3892 3847 3830
4 3918 3932 3892 3874
4 3957 3973 3932 3918
4 3996 4008 3973 3957
4 4031 4043 4008 3996
4 4063 4074 4043 4031
4 4093 4102 4074 4063
4 4121 4130 4102 4093
4 4146 4153 4130 4121
4 4167 4173 4153 4146
4 4185 4190 4173 4167
4 4200 4204 4190 4185
4 4211 4214 4204 4200
4 4219 4221 4214 4211
4 1763 1823 1802 1735
4 1783 1850 1823 1763
4 1814 1874 1850 1783
4 1839 1903 1874 1814
4 1872 1930 1903 1839
4 1898 1963 1930 1872
4 1931 1992 1963 1898
4 1967 2032 1992 1931
4 2004 2067 2032 1967
4 2039 2097 2067 2004
4 2075 2132 2097 2039
4 2112 2170 2132 2075
4 2151 2207 2170 2112
4 2186 2241 2207 2151
4 2228 2280 2241 2186
4 2266 2321 2280 2228
4 2311 2359 2321 2266
4 2350 2400 2359 2311
4 2391 2441 2400 2350
4 2431 2479 2441 2391
4 2475 2521 2479 2431
4 2516 2562 2521 2475
4 2557 2604 2562 2516
4 2603 2646 2604 2557
4 2649 2691 2646 2603
4 2697 2735 2691 2649
4 2740 2776 2735 2697
4 2787 2824 2776 2740
4 2828 2867 2824 2787
4 2876 2914 2867 2828
4 2922 2958 2914 2876
4 2969 3006 2958 2922
4 3017 3054 3006 2969
4 3063 3096 3054 3017
4 3113 3146 3096 3063
4 3158 3190 3146 3113
4 3208 3236 3190 3158
4 3259 3284 3236 3208
4 3307 3333 3284 3259
4 3356 3380 3333 3307
4 3403 3429 3380 3356
4 3452 3480 3429 3403
4 3501 3526 3480 3452
4 3550 3575 3526 3501
4 3601 3627 3575 3550
4 3653 3675 3627 3601
4 3700 3724 3675 3653
4 3752 3775 3724 3700
4 3801 3820 3775 3752
4 3847 3866 3820 3801
4 3892 3909 3866 3847
4 3932 3946 3909 3892
4 3973 3986 3946 3932
4 4008 4022 3986 3973
4 4043 4056 4022 4008
4 4074 4085 4056 4043
4 4102 4111 4085 4074
4 4130 4137 4111 4102
4 4153 4159 4137 4130
4 4173 4178 4159 4153
4 4190 4194 4178 4173
4 4204 4207 4194 4190
4 4214 4216 4207 4204
4 4221 4222 4216 4214
4 1823 1885 1861 1802
4 1850 1917 1885 1823
4 1874 1939 1917 1850
4 1903 1968 1939 1874
4 1930 1996 1968 1903
4 1963 2029 1996 1930
4 1992 2060 2029 1963
4 2032 2090 2060 1992
4 2067 2125 2090 2032
4 2097 2155 2125 2067
4 2132 2187 2155 2097
4 2170 2224 2187 2132
4 2207 2259 2224 2170
4 2241 2296 2259 2207
4 2280 2333 2296 2241
4 2321 2371 2333 2280
4 2359 2410 2371 2321
4 2400 2448 2410 2359
4 2441 2488 2448 2400
4 2479 2524 2488 2441
4 2521 2570 2524 2479
4 2562 2607 2570 2521
4 2604 2648 2607 2562
4 2646 2690 2648 2604
4 2691 2732 2690 2646
4 2735 2773 2732 2691
4 2776 2821 2773 2735
4 2824 2860 2821 2776
4 2867 2907 2860 2824
4 2914 2948 2907 2867
4 2958 2994 2948 2914
4 3006 3038 2994 2958
4 3054 3085 3038 3006
4 3096 3130 3085 3054
4 3146 3174 3130 3096
4 3190 3222 3174 3146
4 3236 3267 3222 3190
4 3284 3314 3267 3236
4 3333 3360 3314 3284
4 3380 3411 3360 3333
4 3429 3457 3411 3380
4 3480 3505 3457 3429
4 3526 3551 3505 3480
4 3575 3599 3551 3526
4 3627 3649 3599 3575
4 3675 3698 3649 3627
4 3724 3747 3698 3675
4 3775 3794 3747 3724
4 3820 3839 3794 3775
4 3866 3882 3839 3820
4 3909 3923 3882 3866
4 3946 3961 3923 3909
4 3986 3998 3961 3946
4 4022 4035 3998 3986
4 4056 4066 4035 4022
4 4085 4094 4066 4056
4 4111 4119 4094 4085
4 4137 4144 4119 4111
4 4159 4165 4144 4137
4 4178 4183 4165 4159
4 4194 4198 4183 4178
4 4207 4210 4198 4194
4 4216 4218 4210 4207
4 4222 4223 4218 4216
4 1885 1954 1927 1861
4 1917 1979 1954 1885
4 1939 2007 1979 1917
4 1968 2033 2007 1939
4 1996 2065 2033 1968
4 2029 2088 2065 1996
4 2060 2119 2088 2029
4 2090 2152 2119 2060
4 2125 2180 2152 2090
4 2155 2215 2180 2125
4 2187 2247 2215 2155
4 2224 2281 2247 2187
4 2259 2316 2281 2224
4 2296 2351 2316 2259
4 2333 2388 2351 2296
4 2371 2421 2388 2333
4 2410 2457 2421 2371
4 2448 2499 2457 2410
4 2488 2538 2499 2448
4 2524 2576 2538 2488
4 2570 2615 2576 2524
4 2607 2652 2615 2570
4 2648 2696 2652 2607
4 2690 2733 2696 2648
4 2732 2772 2733 2690
4 2773 2818 2772 2732
4 2821 2858 2818 2773
4 2860 2901 2858 2821
4 2907 2942 2901 2860
4 2948 2985 2942 2907
4 2994 3031 2985 2948
4 3038 3073 3031 2994
4 3085 3118 3073 3038
4 3130 3164 3118 3085
4 3174 3204 3164 3130
4 3222 3252 3204 3174
4 3267 3297 3252 3222
4 3314 3342 3297 3267
4 3360 3391 3342 3314
4 3411 3438 3391 3360
4 3457 3485 3438 3411
4 3505 3530 3485 3457
4 3551 3576 3530 3505
4 3599 3626 3576 3551
4 3649 3670 3626 3599
4 3698 3719 3670 3649
4 3747 3768 3719 3698
4 3794 3814 3768 3747
4 3839 3860 3814 3794
4 3882 3899 3860 3839
4 3923 3940 3899 3882
4 3961 3976 3940 3923
4 3998 4013 3976 3961
4 4035 4047 4013 3998
4 4066 4077 4047 4035
4 4094 4103 4077 4066
4 4119 4129 4103 4094
4 4144 4151 4129 4119
4 4165 4171 4151 4144
4 4183 4188 4171 4165
4 4198 4202 4188 4183
4 4210 4213 4202 4198
4 4218 4220 4213 4210
4 4223 4224 4220 4218

CELL_TYPES 4096
9
9
9
9
9
9
9
9
9
9
9
9
9
9
9
9
9
9
9
9
9
9
9
9
9
9
9
9
9
9
9
9
9
9
9
9
9
9
9
9
9
9
9
9
9
9
9
9
9
9
9
9
9
9
9
9
9
9
9
9
9
9
9
9
9
9
9
9
9
9
9
9
9
9
9
9
9
9
9
9
9
9
9
9
9
9
9
9
9
9
9
9
9
9
9
9
9
9
9
9
9
9
9
9
9
9
9
9
9
9
9
9
9
9
9
9
9
9
9
9
9
9
9
9
9
9
9
9
9
9
9
9
9
9
9
9
9
9
9
9
9
9
9
9
9
9
9
9
9
9
9
9
9
9
9
9
9
9
9
9
9
9
9
9
9
9
9
9
9
9
9
9
9
9
9
9
9
9
9
9
9
9
9
9
9
9
9
9
9
9
9
9
9
9
9
9
9
9
9
9
9
9
9
9
9
9
9
9
9
9
9
9
9
9
9
9
9
9
9
9
9
9
9
9
9
9
9
9
9
9
9
9
9
9
9
9
9
9
9
9
9
9
9
9
9
9
9
9
9
9
9
9
9
9
9
9
9
9
9
9
9
9
9
9
9
9
9
9
9
9
9
9
9
9
9
9
9
9
9
9
9
9
9
9
9
9
9
9
9
9
9
9
9
9
9
9
9
9
9
9
9
9
9
9
9
9
9
9
9
9
9
9
9
9
9
9
9
9
9
9
9
9
9
9
9
9
9
9
9
9
9
9
9
9
9
9
9
9
9
9
9
9
9
9
9
9
9
9
9
9
9
9
9
9
9
9
9
9
9
9
9
9
9
9
9
9
9
9
9
9
9
9
9
9
9
9
9
9
9
9
9
9
9
9
9
9
9
9
9
9
9
9
9
9
9
9
9
9
9
9
9
9
9
9
9
9
9
9
9
9
9
9
9
9
9
9
9
9
9
9
9
9
9
9
9
9
9
9
9
9
9
9
9
9
9
9
9
9
9
9
9
9
9
9
9
9
9
9
9
9
9
9
9
9
9
9
9
9
9
9
9
9
9
9
9
9
9
9
9
9
9
9
9
9
9
9
9
9
9
9
9
9
9
9
9
9
9
9
9
9
9
9
9
9
9
9
9
9
9
9
9
9
9
9
9
9
9
9
9
9
9
9
9
9
9
9
9
9
9
9
9
9
9
9
9
9
9
9
9
9
9
9
9
9
9
9
9
9
9
9
9
9
9
9
9
9
9
9
9
9
9
9
9
9
9
9
9
9
9
9
9
9
9
9
9
9
9
9
9
9
9
9
9
9
9
9
9
9
9
9
9
9
9
9
9
9
9
9
9
9
9
9
9
9
9
9
9
9
9
9
9
9
9
9
9
9
9
9
9
9
9
9
9
9
9
9
9
9
9
9
9
9
9
9
9
9
9
9
9
9
9
9
9
9
9
9
9
9
9
9
9
9
9
9
9
9
9
9
9
9
9
9
9
9
9
9
9
9
9
9
9
9
9
9
9
9
9
9
9
9
9
9
9
9
9
9
9
9
9
9
9
9
9
9
9
9
9
9
9
9
9
9
9
9
9
9
9
9
9
9
9
9
9
9
9
9
9
9
9
9
9
9
9
9
9
9
9
9
9
9
9
9
9
9
9
9
9
9
9
9
9
9
9
9
9
9
9
9
9
9
9
9
9
9
9
9
9
9
9
9
9
9
9
9
9
9
9
9
9
9
9
9
9
9
9
9
9
9
9
9
9
9
9
9
9
9
9
9
9
9
9
9
9
9
9
9
9
9
9
9
9
9
9
9
9
9
9
9
9
9
9
9
9
9
9
9
9
9
9
9
9
9
9
9
9
9
9
9
9
9
9
9
9
9
9
9
9
9
9
9
9
9
9
9
9
9
9
9
9
9
9
9
9
9
9
9
9
9
9
9
9
9
9
9
9
9
9
9
9
9
9
9
9
9
9
9
9
9
9
9
9
9
9
9
9
9
9
9
9
9
9
9
9
9
9
9
9
9
9
9
9
9
9
9
9
9
9
9
9
9
9
9
9
9
9
9
9
9
9
9
9
9
9
9
9
9
9
9
9
9
9
9
9
9
9
9
9
9
9
9
9
9
9
9
9
9
9
9
9
9
9
9
9
9
9
9
9
9
9
9
9
9
9
9
9
9
9
9
9
9
9
9
9
9
9
9
9
9
9
9
9
9
9
9
9
9
9
9
9
9
9
9
9
9
9
9
9
9
9
9
9
9
9
9
9
9
9
9
9
9
9
9
9
9
9
9
9
9
9
9
9
9
9
9
9
9
9
9
9
9
9
9
9
9
9
9
9
9
9
9
9
9
9
9
9
9
9
9
9
9
9
9
9
9
9
9
9
9
9
9
9
9
9
9
9
9
9
9
9
9
9
9
9
9
9
9
9
9
9
9
9
9
9
9
9
9
9
9
9
9
9
9
9
9
9
9
9
9
9
9
9
9
9
9
9
9
9
9
9
9
9
9
9
9
9
9
9
9
9
9
9
9
9
9
9
9
9
9
9
9
9
9
9
9
9
9
9
9
9
9
9
9
9
9
9
9
9
9
9
9
9
9
9
9
9
9
9
9
9
9
9
9
9
9
9
9
9
9
9
9
9
9
9
9
9
9
9
9
9
9
9
9
9
9
9
9
9
9
9
9
9
9
9
9
9
9
9
9
9
9
9
9
9
9
9
9
9
9
9
9
9
9
9
9
9
9
9
9
9
9
9
9
9
9
9
9
9
9
9
9
9
9
9
9
9
9
9
9
9
9
9
9
9
9
9
9
9
9
9
9
9
9
9
9
9
9
9
9
9
9
9
9
9
9
9
9
9
9
9
9
9
9
9
9
9
9
9
9
9
9
9
9
9
9
9
9
9
9
9
9
9
9
9
9
9
9
9
9
9
9
9
9
9
9
9
9
9
9
9
9
9
9
9
9
9
9
9
9
9
9
9
9
9
9
9
9
9
9
9
9
9
9
9
9
9
9
9
9
9
9
9
9
9
9
9
9
9
9
9
9
9
9
9
9
9
9
9
9
9
9
9
9
9
9
9
9
9
9
9
9
9
9
9
9
9
9
9
9
9
9
9
9
9
9
9
9
9
9
9
9
9
9
9
9
9
9
9
9
9
9
9
9
9
9
9
9
9
9
9
9
9
9
9
9
9
9
9
9
9
9
9
9
9
9
9
9
9
9
9
9
9
9
9
9
9
9
9
9
9
9
9
9
9
9
9
9
9
9
9
9
9
9
9
9
9
9
9
9
9
9
9
9
9
9
9
9
9
9
9
9
9
9
9
9
9
9
9
9
9
9
9
9
9
9
9
9
9
9
9
9
9
9
9
9
9
9
9
9
9
9
9
9
9
9
9
9
9
9
9
9
9
9
9
9
9
9
9
9
9
9
9
9
9
9
9
9
9
9
9
9
9
9
9
9
9
9
9
9
9
9
9
9
9
9
9
9
9
9
9
9
9
9
9
9
9
9
9
9
9
9
9
9
9
9
9
9
9
9
9
9
9
9
9
9
9
9
9
9
9
9
9
9
9
9
9
9
9
9
9
9
9
9
9
9
9
9
9
9
9
9
9
9
9
9
9
9
9
9
9
9
9
9
9
9
9
9
9
9
9
9
9
9
9
9
9
9
9
9
9
9
9
9
9
9
9
9
9
9
9
9
9
9
9
9
9
9
9
9
9
9
9
9
9
9
9
9
9
9
9
9
9
9
9
9
9
9
9
9
9
9
9
9
9
9
9
9
9
9
9
9
9
9
9
9
9
9
9
9
9
9
9
9
9
9
9
9
9
9
9
9
9
9
9
9
9
9
9
9
9
9
9
9
9
9
9
9
9
9
9
9
9
9
9
9
9
9
9
9
9
9
9
9
9
9
9
9
9
9
9
9
9
9
9
9
9
9
9
9
9
9
9
9
9
9
9
9
9
9
9
9
9
9
9
9
9
9
9
9
9
9
9
9
9
9
9
9
9
9
9
9
9
9
9
9
9
9
9
9
9
9
9
9
9
9
9
9
9
9
9
9
9
9
9
9
9
9
9
9
9
9
9
9
9
9
9
9
9
9
9
9
9
9
9
9
9
9
9
9
9
9
9
9
9
9
9
9
9
9
9
9
9
9
9
9
9
9
9
9
9
9
9
9
9
9
9
9
9
9
9
9
9
9
9
9
9
9
9
9
9
9
9
9
9
9
9
9
9
9
9
9
9
9
9
9
9
9
9
9
9
9
9
9
9
9
9
9
9
9
9
9
9
9
9
9
9
9
9
9
9
9
9
9
9
9
9
9
9
9
9
9
9
9
9
9
9
9
9
9
9
9
9
9
9
9
9
9
9
9
9
9
9
9
9
9
9
9
9
9
9
9
9
9
9
9
9
9
9
9
9
9
9
9
9
9
9
9
9
9
9
9
9
9
9
9
9
9
9
9
9
9
9
9
9
9
9
9
9
9
9
9
9
9
9
9
9
9
9
9
9
9
9
9
9
9
9
9
9
9
9
9
9
9
9
9
9
9
9
9
9
9
9
9
9
9
9
9
9
9
9
9
9
9
9
9
9
9
9
9
9
9
9
9
9
9
9
9
9
9
9
9
9
9
9
9
9
9
9
9
9
9
9
9
9
9
9
9
9
9
9
9
9
9
9
9
9
9
9
9
9
9
9
9
9
9
9
9
9
9
9
9
9
9
9
9
9
9
9
9
9
9
9
9
9
9
9
9
9
9
9
9
9
9
9
9
9
9
9
9
9
9
9
9
9
9
9
9
9
9
9
9
9
9
9
9
9
9
9
9
9
9
9
9
9
9
9
9
9
9
9
9
9
9
9
9
9
9
9
9
9
9
9
9
9
9
9
9
9
9
9
9
9
9
9
9
9
9
9
9
9
9
9
9
9
9
9
9
9
9
9
9
9
9
9
9
9
9
9
9
9
9
9
9
9
9
9
9
9
9
9
9
9
9
9
9
9
9
9
9
9
9
9
9
9
9
9
9
9
9
9
9
9
9
9
9
9
9
9
9
9
9
9
9
9
9
9
9
9
9
9
9
9
9
9
9
9
9
9
9
9
9
9
9
9
9
9
9
9
9
9
9
9
9
9
9
9
9
9
9
9
9
9
9
9
9
9
9
9
9
9
9
9
9
9
9
9
9
9
9
9
9
9
9
9
9
9
9
9
9
9
9
9
9
9
9
9
9
9
9
9
9
9
9
9
9
9
9
9
9
9
9
9
9
9
9
9
9
9
9
9
9
9
9
9
9
9
9
9
9
9
9
9
9
9
9
9
9
9
9
9
9
9
9
9
9
9
9
9
9
9
9
9
9
9
9
9
9
9
9
9
9
9
9
9
9
9
9
9
9
9
9
9
9
9
9
9
9
9
9
9
9
9
9
9
9
9
9
9
9
9
9
9
9
9
9
9
9
9
9
9
9
9
9
9
9
9
9
9
9
9
9
9
9
9
9
9
9
9
9
9
9
9
9
9
9
9
9
9
9
9
9
9
9
9
9
9
9
9
9
9
9
9
9
9
9
9
9
9
9
9
9
9
9
9
9
9
9
9
9
9
9
9
9
9
9
9
9
9
9
9
9
9
9
9
9
9
9
9
9
9
9
9
9
9
9
9
9
9
9
9
9
9
9
9
9
9
9
9
9
9
9
9
9
9
9
9
9
9
9
9
9
9
9
9
9
9
9
9
9
9
9
9
9
9
9
9
9
9
9
9
9
9
9
9
9
9
9
9
9
9
9
9
9
9
9
9
9
9
9
9
9
9
9
9
9
9
9
9
9
9
9
9
9
9
9
9
9
9
9
9
9
9
9
9
9
9
9
9
9
9
9
9
9
9
9
9
9
9
9
9
9
9
9
9
9
9
9
9
9
9
9
9
9
9
9
9
9
9
9
9
9
9
9
9
9
9
9
9
9
9
9
9
9
9
9
9
9
9
9
9
9
9
9
9
9
9
9
9
9
9
9
9
9
9
9
9
9
9
9
9
9
9
9
9
9
9
9
9
9
9
9
9
9
9
9
9
9
9
9
9
9
9
9
9
9
9
9
9
9
9
9
9
9
9
9
9
9
9
9
9
9
9
9
9
9
9
9
9
9
9
9
9
9
9
9
9
9
9
9
9
9
9
9
9
9
9
9
9
9
9
9
9
9
9
9
9
9
9
9
9
9
9
9
9
9
9
9
9
9
9
9
9
9
9
9
9
9
9
9
9
9
9
9
9
9
9
9
9
9
9
9
9
9
9
9
9
9
9
9
9
9
9
9
9
9
9
9
9
9
9
9
9
9
9
9
9
9
9
9
9
9
9
9
9
9
9
9
9
9
9
9
9
9
9
9
9
9
9
9
9
9
9
9
9
9
9
9
9
9
9
9
9
9
9
9
9
9
9
9
9
9
9
9
9
9
9
9
9
9
9
9
9
9
9
9
9
9
9
9
9
9
9
9
9
9
9
9
9
9
9
9
9
9
9
9
9
9
9
9
9
9
9
9
9
9
9
9
9
9
9
9
9
9
9
9
9
9
9
9
9
9
9
9
9
9
9
9
9
9
9
9
9
9
9
9
9
9
9
9
9
9
9
9
9
9
9
9
9
9
9
9
9
9
9
9
9
9
9
9
9
9
9
9
9
9
9
9
9
9
9
9
9
9
9
9
9
9
9
9
9
9
9
9
9
9
9
9
9
9
9
9
9
9
9
9
9
9
9
9
9
9
9
9
9
9
9
9
9
9
9
9
9
9
9
9
9
9
9
9
9
9
9
9
9
9
9
9
9
9
9
9
9
9
9
9
9
9
9
9
9
9
9
9
9
9
9
9
9
9
9
9
9
9
9
9
9
9
9
9
9
9
9
9
9
9
9
9
9
9
9
9
9
9
9
9
9
9
9
9
9
9
9
9
9
9
9
9
9
9
9
9
9
9
9
9
9
9
9
9
9
9
9
9
9
9
9
9
9
9
9
9
9
9
9
9
9
9
9
9
9
9
9
9
9
9
9
9
9
9
9
9
9
9
9
9
9
9
9
9
9
9
9
9
9
9
9
9
9
9
9
9
9
9
9
9
9
9
9
9
9
9
9
9
9
9
9
9
9
9
9
9
9
9
9
9
9
9
9
9
9
9
9
9
9
9
9
9
9
9
9
9
9
9
9
9
9
9
9
9
9
9
9
9
9
9
9
9
9
9
9
9
9
9
9
9
9
9
9
9
9
9
9
9
9
9
9
9
9
9
9
9
9
9
9
9
9
9
9
9
9
9
9
9
9
9
9
9
9
9
9
9
9
9
9
9
9
9
9
9
9
9
9
9
9
9
9
9
9
9
9
9
9
9
9
9
9
9
9
9
9
9
9
9
9
9
9
9
9
9
9
9
9
9
9
9
9
9
9
9
9
9
9
9
9
9
9
9
9
9
9
9
9
9
9
9
9
9
9
9
9
9
9
9
9
9
9
9
9
9
9
9
9
9
9
9
9
9
9
9
9
9
9
9
9
9
9
9
9
9
9
9
9
9
9
9
9
9
9
9
9
9
9
9
9
9
9
9
9
9
9
9
9
9
9
9
9
9
9
9
9
9
9
9
9
9
9
9
9
9
9
9
9
9
9
9
9
9
9
9
9
9
9
9
9
9
9
9
9
9
9
9
9
9
9
9
9
9
9
9
9
9
9
9
9
9
9
9
9
9
9
9
9
9
9
9
9
9
9
9
9
9
9
9
9
9
9
9
9
9
9
9
9
9
9
9
9
9
9
9
9
9
9
9
9
9
9
9
9
9
9
9
9
9
9
9
9
9
9
9
9
9
9
9
9
9
9
9
9
9
9
9
9
9
9
9
9
9
9
9
9
9
9
9
9
9
9
9
9
9
9
9
9
9
9
9
9
9
9
9
9
9
9
9
9
9
9
9
9
9
9
9
9
9
9
9
9
9
9
9
9
9
9
9
9
9
9
9
9
9
9
9
9
9
9
9
9
9
9
9
9
9
9
9
9
9
9
9
9
9
9
9
9
9
9
9
9
9
9
9
9
9
9
9
9
9
9
9
9
9
9
9
9
9
9
9
9
9
9
9
9
9
9
9
9
9
9
9
9
9
9
9
9
9
9
9
9
9
9
9
9
9
9
9
9
9
9
9
9
9
9
9
9
9
9
9
9
9
9
9
9
9
9
9
9
9
9
9
9
9
9
9
9
9
9
9
9
9
9
9
9
9
9
9
9
9
9
9
9
9
9
9
9
9
9
9
9
9
9
9
9
9
9
9
9
9
9
9
9
9
9
9
9
9
9
9
9
9
9
9
9
9
9
9
9
9
9
9
9
9
9
9
9
9
9
9
9
9
9
9
9
9
9
9
9
9
9
9
9
9
9
9
9
9
9
9
9
9
9
9
9
9
9
9
9
9
9
9
9
9
9
9
9
9
9
9
9
9
9
9
9
9
9
9
9
9
9
9
9
9
9
9
9
9
9
9
9
9
9
9
9
9
9
9
9
9
9
9
9
9
9
9
9
9
9
9
9
9
9
9
9
9
9
9
9
9
9
9
9
9
9
9
9
9
9
9
9
9
9
9
9
9
9
9
9
9
9
9
9
9
9
9
9
9
9
9
9
9
9
9
9
9
9
9
9
9
9
9
9
9
9
9
9
9
9
9
9
9
9
9
9
9
9
9
9
9
9
9
9
9
9
9
9
9
9
9
9
9
9
9
9
9
9
9
9
9
9
9
9
9
9
9
9
9
9
9
9
9
9
9
9
9
9
9
9
9
9
9
9
9
9
9
9
9
9
9
9
9
9
9
9
9
9
9
9
9
9
9
9
9
9
9
9
9
9
9
9
9
9
9
9
9
9
9
9
9
9
9
9
9
9
9
9
9
9
9
9
9
9
9
9
9
9
9
9
9
9
9
9
9
9
9
9
9
9
9
9
9
9
9
9
9
9
9
9
9
9
9
9
9
9
9
9
9
9
9
9
9
9
9
9
9
9
9
9
9
9
9
9
9
9
9
9
9
9
9
9
9
9
9
9
9
9
9
9
9
9
9
9
9
9
9
9
9
9
9
9
9
9
9
9
9
9
9
9
9
9
9
9
9
9
9
9
9
9
9
9
9
9
9
9
9
9
9
9
9
9
9
9
9
9
9
9
9
9
9
9
9
9
9
9
9
9
9
9
9
9
9
9
9
9
9
9
9
9
9
9
9
9
9
9
9
9
9
9
9
9
9
9
9
9
9
9
9
9
9
9
9
POINT_DATA 4225
FIELD FieldData 5
DISPLACEMENT 3 4225  float
0.0000000e+00 0.0000000e+00 0.0000000e+00 
0.0000000e+00 0.0000000e+00 0.0000000e+00 
1.6575734e-03 9.7990166e-03 0.0000000e+00 
0.0000000e+00 0.0000000e+00 0.0000000e+00 
1.8408054e-03 1.0281900e-02 0.0000000e+00 
3.3875101e-03 2.0579575e-02 0.0000000e+00 
0.0000000e+00 0.0000000e+00 0.0000000e+00 
1.9114668e-03 1.0592278e-02 0.0000000e+00 
3.5917140e-03 2.1110881e-02 0.0000000e+00 
0.0000000e+00 0.0000000e+00 0.0000000e+00 
1.9636981e-03 1.0841765e-02 0.0000000e+00 
5.1371283e-03 3.1669132e-02 0.0000000e+00 
3.7337467e-03 2.1563632e-02 0.0000000e+00 
0.0000000e+00 0.0000000e+00 0.0000000e+00 
2.0139825e-03 1.1055455e-02 0.0000000e+00 
5.3618262e-03 3.2238696e-02 0.0000000e+00 
3.8597090e-03 2.1953402e-02 0.0000000e+00 
6.9097327e-03 4.2906709e-02 0.0000000e+00 
5.5720797e-03 3.2751359e-02 0.0000000e+00 
0.0000000e+00 0.0000000e+00 0.0000000e+00 
2.0685913e-03 1.1241236e-02 0.0000000e+00 
3.9909254e-03 2.2292502e-02 0.0000000e+00 
7.1923728e-03 4.3488797e-02 0.0000000e+00 
5.7935012e-03 3.3207107e-02 0.0000000e+00 
0.0000000e+00 0.0000000e+00 0.0000000e+00 
2.1294462e-03 1.1400291e-02 0.0000000e+00 
4.1346010e-03 2.2582889e-02 0.0000000e+00 
8.7543624e-03 5.4167312e-02 0.0000000e+00 
7.5043561e-03 4.4022754e-02 0.0000000e+00 
6.0361754e-03 3.3601627e-02 0.0000000e+00 
0.0000000e+00 0.0000000e+00 0.0000000e+00 
2.1965853e-03 1.1531317e-02 0.0000000e+00 
9.1475919e-03 5.4750703e-02 0.0000000e+00 
7.8538619e-03 4.4494860e-02 0.0000000e+00 
4.2921216e-03 2.2822497e-02 0.0000000e+00 
6.3023260e-03 3.3929754e-02 0.0000000e+00 
9.6040340e-03 5.5280421e-02 0.0000000e+00 
1.0735804e-02 6.5376356e-02 0.0000000e+00 
0.0000000e+00 0.0000000e+00 0.0000000e+00 
2.2691272e-03 1.1632263e-02 0.0000000e+00 
8.2408963e-03 4.4893641e-02 0.0000000e+00 
4.4620675e-03 2.3007877e-02 0.0000000e+00 
6.5896912e-03 3.4185760e-02 0.0000000e+00 
1.1294867e-02 6.5954812e-02 0.0000000e+00 
1.0118295e-02 5.5737149e-02 0.0000000e+00 
8.6607868e-03 4.5209203e-02 0.0000000e+00 
0.0000000e+00 0.0000000e+00 0.0000000e+00 
2.3457492e-03 1.1701113e-02 0.0000000e+00 
4.6416936e-03 2.3135507e-02 0.0000000e+00 
1.1938816e-02 6.6465370e-02 0.0000000e+00 
1.2923056e-02 7.6495953e-02 0.0000000e+00 
6.8938090e-03 3.4364320e-02 0.0000000e+00 
1.0681163e-02 5.6105632e-02 0.0000000e+00 
9.1064721e-03 4.5433428e-02 0.0000000e+00 
0.0000000e+00 0.0000000e+00 0.0000000e+00 
2.4249414e-03 1.1736217e-02 0.0000000e+00 
1.3697986e-02 7.7067316e-02 0.0000000e+00 
1.2651769e-02 6.6886932e-02 0.0000000e+00 
4.8276898e-03 2.3202414e-02 0.0000000e+00 
1.1281569e-02 5.6374036e-02 0.0000000e+00 
7.2092591e-03 3.4461029e-02 0.0000000e+00 
9.5698377e-03 4.5559943e-02 0.0000000e+00 
1.4566765e-02 7.7550933e-02 0.0000000e+00 
1.5380966e-02 8.7519482e-02 0.0000000e+00 
1.3417127e-02 6.7203484e-02 0.0000000e+00 
2.5051478e-03 1.1736419e-02 0.0000000e+00 
0.0000000e+00 0.0000000e+00 0.0000000e+00 
5.0165914e-03 2.3206422e-02 0.0000000e+00 
1.1907789e-02 5.6533419e-02 0.0000000e+00 
7.5303558e-03 3.4472637e-02 0.0000000e+00 
1.6412193e-02 8.8084266e-02 0.0000000e+00 
1.5505884e-02 7.7926666e-02 0.0000000e+00 
1.0042553e-02 4.5584124e-02 0.0000000e+00 
1.4218505e-02 6.7403153e-02 0.0000000e+00 
2.5848472e-03 1.1701077e-02 0.0000000e+00 
0.0000000e+00 0.0000000e+00 0.0000000e+00 
1.2548235e-02 5.6577388e-02 0.0000000e+00 
5.2049998e-03 2.3146234e-02 0.0000000e+00 
1.7534198e-02 8.8538401e-02 0.0000000e+00 
7.8515327e-03 3.4397099e-02 0.0000000e+00 
1.6493272e-02 7.8179672e-02 0.0000000e+00 
1.8165469e-02 9.8465994e-02 0.0000000e+00 
1.5040321e-02 6.7477494e-02 0.0000000e+00 
1.0516549e-02 4.5502983e-02 0.0000000e+00 
1.3191908e-02 5.6501769e-02 0.0000000e+00 
1.8718379e-02 8.8864423e-02 0.0000000e+00 
2.6625956e-03 1.1630032e-02 0.0000000e+00 
1.9481575e-02 9.9026494e-02 0.0000000e+00 
0.0000000e+00 0.0000000e+00 0.0000000e+00 
5.3897058e-03 2.3021393e-02 0.0000000e+00 
1.7508615e-02 7.8299440e-02 0.0000000e+00 
8.1675472e-03 3.4233540e-02 0.0000000e+00 
1.5868129e-02 6.7420967e-02 0.0000000e+00 
1.0984287e-02 4.5315061e-02 0.0000000e+00 
2.0874690e-02 9.9452354e-02 0.0000000e+00 
1.9939052e-02 8.9049958e-02 0.0000000e+00 
2.1320898e-02 1.0937539e-01 0.0000000e+00 
1.3828649e-02 5.6304332e-02 0.0000000e+00 
1.8533494e-02 7.8278981e-02 0.0000000e+00 
2.7370527e-03 1.1523556e-02 0.0000000e+00 
0.0000000e+00 0.0000000e+00 0.0000000e+00 
5.5677467e-03 2.2832207e-02 0.0000000e+00 
8.4735844e-03 3.3982139e-02 0.0000000e+00 
1.6688794e-02 6.7230433e-02 0.0000000e+00 
1.1438876e-02 4.5020249e-02 0.0000000e+00 
2.2313312e-02 9.9729806e-02 0.0000000e+00 
2.2937791e-02 1.0993505e-01 0.0000000e+00 
2.1173364e-02 8.9086749e-02 0.0000000e+00 
1.4449264e-02 5.5984553e-02 0.0000000e+00 
1.9551428e-02 7.8114264e-02 0.0000000e+00 
2.8069899e-03 1.1382290e-02 0.0000000e+00 
5.7364325e-03 2.2579661e-02 0.0000000e+00 
0.0000000e+00 0.0000000e+00 0.0000000e+00 
1.7490553e-02 6.6904850e-02 0.0000000e+00 
8.7652961e-03 3.3644006e-02 0.0000000e+00 
2.4608897e-02 1.1033646e-01 0.0000000e+00 
2.3769811e-02 9.9849686e-02 0.0000000e+00 
2.4878707e-02 1.2030414e-01 0.0000000e+00 
2.2401148e-02 8.8969946e-02 0.0000000e+00 
1.1874131e-02 4.4619631e-02 0.0000000e+00 
2.0547817e-02 7.7803656e-02 0.0000000e+00 
1.5045546e-02 5.5543344e-02 0.0000000e+00 
2.6301645e-02 1.1057007e-01 0.0000000e+00 
2.5220091e-02 9.9806599e-02 0.0000000e+00 
2.8712943e-03 1.1207189e-02 0.0000000e+00 
2.6799692e-02 1.2086705e-01 0.0000000e+00 
5.8933473e-03 2.2265311e-02 0.0000000e+00 
1.8262994e-02 6.6444866e-02 0.0000000e+00 
0.0000000e+00 0.0000000e+00 0.0000000e+00 
9.0388004e-03 3.3221055e-02 0.0000000e+00 
2.3604739e-02 8.8697471e-02 0.0000000e+00 
1.2284563e-02 4.4115301e-02 0.0000000e+00 
2.1509858e-02 7.7347577e-02 0.0000000e+00 
1.5610259e-02 5.4982856e-02 0.0000000e+00 
2.7987894e-02 1.1063035e-01 0.0000000e+00 
2.8744856e-02 1.2124957e-01 0.0000000e+00 
2.6643245e-02 9.9598207e-02 0.0000000e+00 
2.8857058e-02 1.3132153e-01 0.0000000e+00 
1.8996995e-02 6.5852620e-02 0.0000000e+00 
2.4768775e-02 8.8269517e-02 0.0000000e+00 
2.9289660e-03 1.0999462e-02 0.0000000e+00 
6.0363444e-03 2.1891192e-02 0.0000000e+00 
0.0000000e+00 0.0000000e+00 0.0000000e+00 
9.2906738e-03 3.2715883e-02 0.0000000e+00 
1.2665351e-02 4.3510213e-02 0.0000000e+00 
2.2426412e-02 7.6748081e-02 0.0000000e+00 
3.0682053e-02 1.2144658e-01 0.0000000e+00 
2.9643429e-02 1.1051504e-01 0.0000000e+00 
3.1073498e-02 1.3189209e-01 0.0000000e+00 
1.6137082e-02 5.4306261e-02 0.0000000e+00 
2.8021246e-02 9.9224664e-02 0.0000000e+00 
2.5879990e-02 8.7688148e-02 0.0000000e+00 
1.9684633e-02 6.5131411e-02 0.0000000e+00 
6.1635277e-03 2.1459727e-02 0.0000000e+00 
2.9791128e-03 1.0760522e-02 0.0000000e+00 
9.5179146e-03 3.2131631e-02 0.0000000e+00 
0.0000000e+00 0.0000000e+00 0.0000000e+00 
3.2583803e-02 1.2145629e-01 0.0000000e+00 
3.3278622e-02 1.3226238e-01 0.0000000e+00 
3.1247512e-02 1.1022449e-01 0.0000000e+00 
1.3012297e-02 4.2808022e-02 0.0000000e+00 
2.3287864e-02 7.6008603e-02 0.0000000e+00 
3.3260990e-02 1.4250648e-01 0.0000000e+00 
2.9338630e-02 9.8688155e-02 0.0000000e+00 
1.6620537e-02 5.3517595e-02 0.0000000e+00 
2.6927007e-02 8.6956933e-02 0.0000000e+00 
2.0319080e-02 6.4285561e-02 0.0000000e+00 
3.4426719e-02 1.2127962e-01 0.0000000e+00 
3.5441875e-02 1.3243166e-01 0.0000000e+00 
3.2782465e-02 1.0976121e-01 0.0000000e+00 
6.2732361e-03 2.0973654e-02 0.0000000e+00 
3.5753313e-02 1.4308907e-01 0.0000000e+00 
3.0209443e-03 1.0491942e-02 0.0000000e+00 
9.7179115e-03 3.1471893e-02 0.0000000e+00 
2.4085974e-02 7.5133696e-02 0.0000000e+00 
0.0000000e+00 0.0000000e+00 0.0000000e+00 
1.3321773e-02 4.2012967e-02 0.0000000e+00 
3.0582212e-02 9.7992480e-02 0.0000000e+00 
1.7055918e-02 5.2621577e-02 0.0000000e+00 
2.7900130e-02 8.6080693e-02 0.0000000e+00 
3.7537385e-02 1.3240176e-01 0.0000000e+00 
3.6190972e-02 1.2091966e-01 0.0000000e+00 
2.0894496e-02 6.3320182e-02 0.0000000e+00 
3.8195059e-02 1.4345437e-01 0.0000000e+00 
3.4233309e-02 1.0912941e-01 0.0000000e+00 
3.8082920e-02 1.5394466e-01 0.0000000e+00 
6.3640205e-03 2.0435954e-02 0.0000000e+00 
2.4813728e-02 7.4128814e-02 0.0000000e+00 
9.8884078e-03 3.0740626e-02 0.0000000e+00 
3.1740818e-02 9.7142793e-02 0.0000000e+00 
3.0537634e-03 1.0195419e-02 0.0000000e+00 
1.3590660e-02 4.1129746e-02 0.0000000e+00 
0.0000000e+00 0.0000000e+00 0.0000000e+00 
1.7439198e-02 5.1623486e-02 0.0000000e+00 
3.9543316e-02 1.3217676e-01 0.0000000e+00 
4.0558137e-02 1.4360569e-01 0.0000000e+00 
3.7859853e-02 1.2038126e-01 0.0000000e+00 
2.8791144e-02 8.5065216e-02 0.0000000e+00 
4.0821873e-02 1.5454349e-01 0.0000000e+00 
2.1405917e-02 6.2241025e-02 0.0000000e+00 
3.5587415e-02 1.0833471e-01 0.0000000e+00 
3.2805048e-02 9.6145280e-02 0.0000000e+00 
2.5465202e-02 7.3000133e-02 0.0000000e+00 
6.4346236e-03 1.9849785e-02 0.0000000e+00 
1.0027463e-02 2.9942054e-02 0.0000000e+00 
3.0769582e-03 9.8727392e-03 0.0000000e+00 
4.1441370e-02 1.3176233e-01 0.0000000e+00 
4.2818971e-02 1.4354834e-01 0.0000000e+00 
1.3816297e-02 4.0163413e-02 0.0000000e+00 
3.9419346e-02 1.1967064e-01 0.0000000e+00 
4.3468751e-02 1.5491118e-01 0.0000000e+00 
0.0000000e+00 0.0000000e+00 0.0000000e+00 
1.7766967e-02 5.0529044e-02 0.0000000e+00 
2.9593153e-02 8.3917096e-02 0.0000000e+00 
4.3303415e-02 1.6572605e-01 0.0000000e+00 
3.6834214e-02 1.0738376e-01 0.0000000e+00 
2.1849154e-02 6.1054368e-02 0.0000000e+00 
3.3767030e-02 9.5006973e-02 0.0000000e+00 
2.6035413e-02 7.1754403e-02 0.0000000e+00 
4.4957861e-02 1.4328924e-01 0.0000000e+00 
4.3216266e-02 1.3116556e-01 0.0000000e+00 
4.5998562e-02 1.5505472e-01 0.0000000e+00 
4.0857777e-02 1.1879510e-01 0.0000000e+00 
1.0133415e-02 2.9080613e-02 0.0000000e+00 
6.4839604e-03 1.9218449e-02 0.0000000e+00 
4.6251383e-02 1.6634504e-01 0.0000000e+00 
1.3996424e-02 3.9119303e-02 0.0000000e+00 
3.0899942e-03 9.5257526e-03 0.0000000e+00 
3.0300386e-02 8.2643531e-02 0.0000000e+00 
1.8036343e-02 4.9344309e-02 0.0000000e+00 
0.0000000e+00 0.0000000e+00 0.0000000e+00 
3.7964903e-02 1.0628410e-01 0.0000000e+00 
2.2220694e-02 5.9766863e-02 0.0000000e+00 
4.6958461e-02 1.4283654e-01 0.0000000e+00 
4.8390515e-02 1.5498252e-01 0.0000000e+00 
3.4620229e-02 9.3735546e-02 0.0000000e+00 
4.4855345e-02 1.3039458e-01 0.0000000e+00 
2.6520211e-02 7.0398815e-02 0.0000000e+00 
4.9064957e-02 1.6672234e-01 0.0000000e+00 
4.2165488e-02 1.1776283e-01 0.0000000e+00 
4.8892055e-02 1.7794299e-01 0.0000000e+00 
1.0204853e-02 2.8160881e-02 0.0000000e+00 
6.5110968e-03 1.8545333e-02 0.0000000e+00 
1.4129131e-02 3.8002957e-02 0.0000000e+00 
3.0908063e-02 8.1252217e-02 0.0000000e+00 
3.8972221e-02 1.0504396e-01 0.0000000e+00 
3.0924054e-03 9.1563473e-03 0.0000000e+00 
1.8244909e-02 4.8075601e-02 0.0000000e+00 
0.0000000e+00 0.0000000e+00 0.0000000e+00 
5.0627433e-02 1.5470412e-01 0.0000000e+00 
4.8807289e-02 1.4219938e-01 0.0000000e+00 
2.2517603e-02 5.8385484e-02 0.0000000e+00 
5.1722612e-02 1.6686821e-01 0.0000000e+00 
4.6348192e-02 1.2945831e-01 0.0000000e+00 
3.5359256e-02 9.2339173e-02 0.0000000e+00 
5.2004501e-02 1.7858557e-01 0.0000000e+00 
4.3334551e-02 1.1658261e-01 0.0000000e+00 
2.6916154e-02 6.8940908e-02 0.0000000e+00 
3.9850205e-02 1.0367204e-01 0.0000000e+00 
3.1412244e-02 7.9751194e-02 0.0000000e+00 
1.0240573e-02 2.7187552e-02 0.0000000e+00 
1.4212811e-02 3.6820058e-02 0.0000000e+00 
6.5152328e-03 1.7833892e-02 0.0000000e+00 
5.2695226e-02 1.5422985e-01 0.0000000e+00 
5.0493319e-02 1.4138761e-01 0.0000000e+00 
5.4206658e-02 1.6679375e-01 0.0000000e+00 
1.8390644e-02 4.6729419e-02 0.0000000e+00 
3.0837879e-03 8.7664369e-03 0.0000000e+00 
4.7686309e-02 1.2836628e-01 0.0000000e+00 
5.4940600e-02 1.7897931e-01 0.0000000e+00 
2.2737449e-02 5.6917414e-02 0.0000000e+00 
0.0000000e+00 0.0000000e+00 0.0000000e+00 
3.5979692e-02 9.0826422e-02 0.0000000e+00 
4.4358503e-02 1.1526376e-01 0.0000000e+00 
5.4808412e-02 1.9068818e-01 0.0000000e+00 
2.7220400e-02 6.7388453e-02 0.0000000e+00 
4.0594015e-02 1.0217740e-01 0.0000000e+00 
5.4582447e-02 1.5357067e-01 0.0000000e+00 
5.6502663e-02 1.6651076e-01 0.0000000e+00 
5.2007608e-02 1.4041160e-01 0.0000000e+00 
3.1809695e-02 7.8148797e-02 0.0000000e+00 
5.7682503e-02 1.7913717e-01 0.0000000e+00 
1.0239558e-02 2.6165374e-02 0.0000000e+00 
4.8862819e-02 1.2712847e-01 0.0000000e+00 
1.4246113e-02 3.5576392e-02 0.0000000e+00 
6.4956821e-03 1.7087607e-02 0.0000000e+00 
1.8471865e-02 4.5312401e-02 0.0000000e+00 
5.8035284e-02 1.9135728e-01 0.0000000e+00 
3.0637912e-03 8.3579412e-03 0.0000000e+00 
3.6477949e-02 8.9206137e-02 0.0000000e+00 
2.2878220e-02 5.5370014e-02 0.0000000e+00 
4.5232128e-02 1.1381593e-01 0.0000000e+00 
0.0000000e+00 0.0000000e+00 0.0000000e+00 
2.7430616e-02 6.5749429e-02 0.0000000e+00 
5.8598977e-02 1.6603148e-01 0.0000000e+00 
5.6279879e-02 1.5273795e-01 0.0000000e+00 
6.0215749e-02 1.7907257e-01 0.0000000e+00 
5.3342983e-02 1.3928212e-01 0.0000000e+00 
4.1199736e-02 1.0056944e-01 0.0000000e+00 
3.2097783e-02 7.6453537e-02 0.0000000e+00 
6.1045259e-02 1.9177367e-01 0.0000000e+00 
4.9872216e-02 1.2575516e-01 0.0000000e+00 
1.4227903e-02 3.4277812e-02 0.0000000e+00 
1.0200948e-02 2.5099134e-02 0.0000000e+00 
6.1003108e-02 2.0405319e-01 0.0000000e+00 
1.8487170e-02 4.3831281e-02 0.0000000e+00 
6.4518573e-03 1.6309971e-02 0.0000000e+00 
3.6851127e-02 8.7487347e-02 0.0000000e+00 
4.5951251e-02 1.1224904e-01 0.0000000e+00 
2.2938251e-02 5.3750739e-02 0.0000000e+00 
3.0321118e-03 7.9327803e-03 0.0000000e+00 
6.0486309e-02 1.6536842e-01 0.0000000e+00 
5.7780188e-02 1.5174335e-01 0.0000000e+00 
6.2528752e-02 1.7879920e-01 0.0000000e+00 
2.7544893e-02 6.4031929e-02 0.0000000e+00 
5.4493751e-02 1.3801019e-01 0.0000000e+00 
0.0000000e+00 0.0000000e+00 0.0000000e+00 
6.3824184e-02 1.9195251e-01 0.0000000e+00 
4.1664239e-02 9.8857686e-02 0.0000000e+00 
5.0710142e-02 1.2425689e-01 0.0000000e+00 
3.2274373e-02 7.4674085e-02 0.0000000e+00 
6.4290233e-02 2.0475118e-01 0.0000000e+00 
4.6512567e-02 1.1057316e-01 0.0000000e+00 
3.7096877e-02 8.5679241e-02 0.0000000e+00 
1.4157224e-02 3.2930203e-02 0.0000000e+00 
6.2157337e-02 1.6453424e-01 0.0000000e+00 
1.0124006e-02 2.3993639e-02 0.0000000e+00 
6.4612374e-02 1.7833081e-01 0.0000000e+00 
1.8435385e-02 4.2292837e-02 0.0000000e+00 
5.9077624e-02 1.5059872e-01 0.0000000e+00 
6.3832547e-03 1.5504479e-02 0.0000000e+00 
6.6360839e-02 1.9190909e-01 0.0000000e+00 
2.2916161e-02 5.2067142e-02 0.0000000e+00 
5.5455461e-02 1.3660699e-01 0.0000000e+00 
2.9884861e-03 7.4928622e-03 0.0000000e+00 
2.7561653e-02 6.2244147e-02 0.0000000e+00 
6.7322157e-02 2.0519567e-01 0.0000000e+00 
4.1985016e-02 9.7051837e-02 0.0000000e+00 
5.1373173e-02 1.2264427e-01 0.0000000e+00 
0.0000000e+00 0.0000000e+00 0.0000000e+00 
3.2337710e-02 7.2819188e-02 0.0000000e+00 
6.7418858e-02 2.1812722e-01 0.0000000e+00 
6.6459492e-02 1.7768124e-01 0.0000000e+00 
6.3606404e-02 1.6354170e-01 0.0000000e+00 
4.6913460e-02 1.0879847e-01 0.0000000e+00 
6.8646476e-02 1.9165856e-01 0.0000000e+00 
6.0167745e-02 1.4931594e-01 0.0000000e+00 
3.7213314e-02 8.3791099e-02 0.0000000e+00 
1.4033266e-02 3.1539466e-02 0.0000000e+00 
7.0088327e-02 2.0540358e-01 0.0000000e+00 
5.6224667e-02 1.3508373e-01 0.0000000e+00 
1.8315524e-02 4.0703896e-02 0.0000000e+00 
1.0008108e-02 2.2853687e-02 0.0000000e+00 
2.2810794e-02 5.0326809e-02 0.0000000e+00 
6.2894379e-03 1.4674611e-02 0.0000000e+00 
4.2160083e-02 9.5161639e-02 0.0000000e+00 
7.0709303e-02 2.1885577e-01 0.0000000e+00 
2.7479593e-02 6.0394332e-02 0.0000000e+00 
5.1858667e-02 1.2092803e-01 0.0000000e+00 
2.9326836e-03 7.0400783e-03 0.0000000e+00 
6.8064697e-02 1.7686421e-01 0.0000000e+00 
3.2286365e-02 7.0897691e-02 0.0000000e+00 
6.4829208e-02 1.6240351e-01 0.0000000e+00 
7.0674390e-02 1.9121595e-01 0.0000000e+00 
0.0000000e+00 0.0000000e+00 0.0000000e+00 
6.1047189e-02 1.4790693e-01 0.0000000e+00 
4.7151893e-02 1.0693525e-01 0.0000000e+00 
7.2580636e-02 2.0539157e-01 0.0000000e+00 
3.7198905e-02 8.1832252e-02 0.0000000e+00 
5.6798752e-02 1.3345173e-01 0.0000000e+00 
7.3709153e-02 2.1933296e-01 0.0000000e+00 
1.3855326e-02 3.0111512e-02 0.0000000e+00 
1.8126734e-02 3.9071303e-02 0.0000000e+00 
9.8527046e-03 2.1684075e-02 0.0000000e+00 
2.2621166e-02 4.8537374e-02 0.0000000e+00 
4.2187843e-02 9.3196929e-02 0.0000000e+00 
5.2164577e-02 1.1911889e-01 0.0000000e+00 
6.1700260e-03 1.3823827e-02 0.0000000e+00 
6.9423996e-02 1.7589331e-01 0.0000000e+00 
7.3991597e-02 2.3299576e-01 0.0000000e+00 
2.7297603e-02 5.8490787e-02 0.0000000e+00 
7.2439611e-02 1.9059607e-01 0.0000000e+00 
6.5822572e-02 1.6113229e-01 0.0000000e+00 
7.4793048e-02 2.0517594e-01 0.0000000e+00 
2.8645019e-03 6.5763034e-03 0.0000000e+00 
6.1713461e-02 1.4638355e-01 0.0000000e+00 
3.2119133e-02 6.8918444e-02 0.0000000e+00 
4.7226254e-02 1.0499374e-01 0.0000000e+00 
7.6411240e-02 2.1957695e-01 0.0000000e+00 
5.7175752e-02 1.3172220e-01 0.0000000e+00 
0.0000000e+00 0.0000000e+00 0.0000000e+00 
3.7052374e-02 7.9812087e-02 0.0000000e+00 
7.7226907e-02 2.3375592e-01 0.0000000e+00 
7.0534512e-02 1.7478196e-01 0.0000000e+00 
7.3938578e-02 1.8981344e-01 0.0000000e+00 
5.2289337e-02 1.1722760e-01 0.0000000e+00 
1.7868266e-02 3.7401915e-02 0.0000000e+00 
1.3622781e-02 2.8652253e-02 0.0000000e+00 
4.2066988e-02 9.1167547e-02 0.0000000e+00 
6.6584222e-02 1.5974055e-01 0.0000000e+00 
2.2346411e-02 4.6706490e-02 0.0000000e+00 
7.6721206e-02 2.0477259e-01 0.0000000e+00 
9.6573113e-03 2.0489581e-02 0.0000000e+00 
2.7014721e-02 5.6541838e-02 0.0000000e+00 
6.2164746e-02 1.4475758e-01 0.0000000e+00 
6.0246796e-03 1.2955564e-02 0.0000000e+00 
7.8810386e-02 2.1960533e-01 0.0000000e+00 
3.1834967e-02 6.6890374e-02 0.0000000e+00 
4.7135249e-02 1.0298423e-01 0.0000000e+00 
2.7837602e-03 6.1033913e-03 0.0000000e+00 
5.7354204e-02 1.2990633e-01 0.0000000e+00 
8.0139667e-02 2.3426948e-01 0.0000000e+00 
3.6772635e-02 7.7740021e-02 0.0000000e+00 
7.5168885e-02 1.8888229e-01 0.0000000e+00 
7.1394302e-02 1.7354333e-01 0.0000000e+00 
0.0000000e+00 0.0000000e+00 0.0000000e+00 
7.8362152e-02 2.0419706e-01 0.0000000e+00 
8.0651522e-02 2.4873982e-01 0.0000000e+00 
5.2231722e-02 1.1526484e-01 0.0000000e+00 
6.7112595e-02 1.5824065e-01 0.0000000e+00 
8.0903053e-02 2.1943519e-01 0.0000000e+00 
4.1796420e-02 8.9083344e-02 0.0000000e+00 
1.7539434e-02 3.5702612e-02 0.0000000e+00 
1.3335063e-02 2.7167602e-02 0.0000000e+00 
2.1985734e-02 4.4841856e-02 0.0000000e+00 
6.2399760e-02 1.4304072e-01 0.0000000e+00 
9.4214864e-03 1.9274978e-02 0.0000000e+00 
2.6630061e-02 5.4555859e-02 0.0000000e+00 
8.2725793e-02 2.3455536e-01 0.0000000e+00 
4.6877813e-02 1.0091699e-01 0.0000000e+00 
5.8530886e-03 1.2073242e-02 0.0000000e+00 
3.1432923e-02 6.4822420e-02 0.0000000e+00 
5.7333011e-02 1.2801526e-01 0.0000000e+00 
8.3772957e-02 2.4953198e-01 0.0000000e+00 
7.6129012e-02 1.8781655e-01 0.0000000e+00 
7.9714052e-02 2.0346442e-01 0.0000000e+00 
7.2002143e-02 1.7219040e-01 0.0000000e+00 
2.6902938e-03 5.6231781e-03 0.0000000e+00 
3.6358695e-02 7.5625487e-02 0.0000000e+00 
8.2687050e-02 2.1908298e-01 0.0000000e+00 
6.7406662e-02 1.5664475e-01 0.0000000e+00 
5.1990751e-02 1.1324129e-01 0.0000000e+00 
8.4982738e-02 2.3463172e-01 0.0000000e+00 
4.1375149e-02 8.6954199e-02 0.0000000e+00 
0.0000000e+00 0.0000000e+00 0.0000000e+00 
6.2417608e-02 1.4124450e-01 0.0000000e+00 
1.7139576e-02 3.3980299e-02 0.0000000e+00 
2.1538371e-02 4.2951185e-02 0.0000000e+00 
1.2991626e-02 2.5663486e-02 0.0000000e+00 
8.6543679e-02 2.5008461e-01 0.0000000e+00 
2.6142772e-02 5.2541263e-02 0.0000000e+00 
9.1448054e-03 1.8045031e-02 0.0000000e+00 
5.7111334e-02 1.2606002e-01 0.0000000e+00 
4.6453003e-02 9.8802298e-02 0.0000000e+00 
7.6818183e-02 1.8662979e-01 0.0000000e+00 
8.0775976e-02 2.0258932e-01 0.0000000e+00 
3.0912081e-02 6.2723584e-02 0.0000000e+00 
7.2357357e-02 1.7073587e-01 0.0000000e+00 
8.4161267e-02 2.1856469e-01 0.0000000e+00 
5.6549609e-03 1.1180266e-02 0.0000000e+00 
6.7465797e-02 1.5496488e-01 0.0000000e+00 
8.7324232e-02 2.6543513e-01 0.0000000e+00 
3.5809614e-02 7.3477969e-02 0.0000000e+00 
8.6909220e-02 2.3451602e-01 0.0000000e+00 
5.1565569e-02 1.1116757e-01 0.0000000e+00 
2.5839484e-03 5.1374836e-03 0.0000000e+00 
6.2217649e-02 1.3938035e-01 0.0000000e+00 
8.8962294e-02 2.5041693e-01 0.0000000e+00 
4.0802233e-02 8.4790021e-02 0.0000000e+00 
0.0000000e+00 0.0000000e+00 0.0000000e+00 
8.1547670e-02 2.0158599e-01 0.0000000e+00 
7.7236146e-02 1.8533525e-01 0.0000000e+00 
1.6668027e-02 3.2241922e-02 0.0000000e+00 
2.1003544e-02 4.1042272e-02 0.0000000e+00 
5.6688469e-02 1.2405160e-01 0.0000000e+00 
8.5325427e-02 2.1789569e-01 0.0000000e+00 
4.5859914e-02 9.6650407e-02 0.0000000e+00 
7.2459638e-02 1.6919218e-01 0.0000000e+00 
9.0273857e-02 2.6625896e-01 0.0000000e+00 
1.2591924e-02 2.4145858e-02 0.0000000e+00 
2.5551984e-02 5.0506528e-02 0.0000000e+00 
8.8504970e-02 2.3422505e-01 0.0000000e+00 
3.0271500e-02 6.0602911e-02 0.0000000e+00 
8.8268518e-03 1.6804514e-02 0.0000000e+00 
6.7289621e-02 1.5321283e-01 0.0000000e+00 
9.1028571e-02 2.5054732e-01 0.0000000e+00 
3.5124402e-02 7.1307003e-02 0.0000000e+00 
5.4300097e-03 1.0280034e-02 0.0000000e+00 
5.0955378e-02 1.0905427e-01 0.0000000e+00 
6.1799381e-02 1.3745958e-01 0.0000000e+00 
4.0076688e-02 8.2600750e-02 0.0000000e+00 
8.2029395e-02 2.0046823e-01 0.0000000e+00 
2.4645755e-03 4.6481173e-03 0.0000000e+00 
9.2848584e-02 2.6685232e-01 0.0000000e+00 
7.7383026e-02 1.8394588e-01 0.0000000e+00 
8.6179927e-02 2.1709085e-01 0.0000000e+00 
7.2308972e-02 1.6757154e-01 0.0000000e+00 
8.9770503e-02 2.3377493e-01 0.0000000e+00 
5.6063756e-02 1.2200090e-01 0.0000000e+00 
4.5097616e-02 9.4471611e-02 0.0000000e+00 
2.0380419e-02 3.9122969e-02 0.0000000e+00 
1.6124075e-02 3.0494493e-02 0.0000000e+00 
0.0000000e+00 0.0000000e+00 0.0000000e+00 
6.6877909e-02 1.5140025e-01 0.0000000e+00 
2.4856754e-02 4.8460219e-02 0.0000000e+00 
9.2743188e-02 2.5049338e-01 0.0000000e+00 
9.3931772e-02 2.8315145e-01 0.0000000e+00 
1.2135383e-02 2.2620713e-02 0.0000000e+00 
2.9510159e-02 5.8469549e-02 0.0000000e+00 
8.4671909e-03 1.5558229e-02 0.0000000e+00 
5.0159328e-02 1.0691199e-01 0.0000000e+00 
9.5049314e-02 2.6723439e-01 0.0000000e+00 
3.4301993e-02 6.9122210e-02 0.0000000e+00 
6.1162364e-02 1.3549338e-01 0.0000000e+00 
8.2221776e-02 1.9924946e-01 0.0000000e+00 
8.6725630e-02 2.1616453e-01 0.0000000e+00 
5.1779435e-03 9.3759494e-03 0.0000000e+00 
7.7259205e-02 1.8247429e-01 0.0000000e+00 
9.0706937e-02 2.3318112e-01 0.0000000e+00 
3.9197430e-02 8.0396369e-02 0.0000000e+00 
7.1905456e-02 1.6588597e-01 0.0000000e+00 
9.6653454e-02 2.8400606e-01 0.0000000e+00 
5.5236503e-02 1.1991874e-01 0.0000000e+00 
9.4107538e-02 2.5027180e-01 0.0000000e+00 
2.3320264e-03 4.1568829e-03 0.0000000e+00 
4.4165056e-02 9.2276223e-02 0.0000000e+00 
6.6230483e-02 1.4953862e-01 0.0000000e+00 
9.6877769e-02 2.6742336e-01 0.0000000e+00 
1.9668065e-02 3.7201244e-02 0.0000000e+00 
2.4056023e-02 4.6411011e-02 0.0000000e+00 
1.5506937e-02 2.8745115e-02 0.0000000e+00 
2.8626898e-02 5.6332745e-02 0.0000000e+00 
0.0000000e+00 0.0000000e+00 0.0000000e+00 
1.1621376e-02 2.1094117e-02 0.0000000e+00 
8.6963728e-02 2.1513061e-01 0.0000000e+00 
6.0306098e-02 1.3349284e-01 0.0000000e+00 
8.2125671e-02 1.9794267e-01 0.0000000e+00 
4.9176462e-02 1.0475130e-01 0.0000000e+00 
9.1315798e-02 2.3245853e-01 0.0000000e+00 
7.6865189e-02 1.8093276e-01 0.0000000e+00 
3.3341154e-02 6.6933304e-02 0.0000000e+00 
9.8980092e-02 2.8464085e-01 0.0000000e+00 
8.0653550e-03 1.4311015e-02 0.0000000e+00 
9.5123522e-02 2.4989872e-01 0.0000000e+00 
7.1249239e-02 1.6414717e-01 0.0000000e+00 
3.8163215e-02 7.8186981e-02 0.0000000e+00 
4.8984531e-03 8.4714359e-03 0.0000000e+00 
5.4205891e-02 1.1781595e-01 0.0000000e+00 
9.8336264e-02 2.6743665e-01 0.0000000e+00 
6.5347113e-02 1.4763924e-01 0.0000000e+00 
1.0039372e-01 3.0195227e-01 0.0000000e+00 
4.3061014e-02 9.0074614e-02 0.0000000e+00 
2.1861470e-03 3.6655867e-03 0.0000000e+00 
8.6895607e-02 2.1400248e-01 0.0000000e+00 
1.0091449e-01 2.8507462e-01 0.0000000e+00 
8.1742048e-02 1.9656053e-01 0.0000000e+00 
9.1598913e-02 2.3162146e-01 0.0000000e+00 
1.8865416e-02 3.5285212e-02 0.0000000e+00 
2.3148570e-02 4.4367742e-02 0.0000000e+00 
5.9229966e-02 1.3146898e-01 0.0000000e+00 
7.6201506e-02 1.7933337e-01 0.0000000e+00 
1.4815721e-02 2.7001018e-02 0.0000000e+00 
4.8005626e-02 1.0258280e-01 0.0000000e+00 
2.7620366e-02 5.4201916e-02 0.0000000e+00 
9.5793404e-02 2.4938945e-01 0.0000000e+00 
1.1049196e-02 1.9572239e-02 0.0000000e+00 
3.2240458e-02 6.4750135e-02 0.0000000e+00 
7.0340402e-02 1.6236673e-01 0.0000000e+00 
0.0000000e+00 0.0000000e+00 0.0000000e+00 
9.9427551e-02 2.6729074e-01 0.0000000e+00 
1.0283397e-01 3.0283612e-01 0.0000000e+00 
7.6208264e-03 1.3067788e-02 0.0000000e+00 
3.6972556e-02 7.5982779e-02 0.0000000e+00 
5.2970897e-02 1.1570333e-01 0.0000000e+00 
6.4227417e-02 1.4571334e-01 0.0000000e+00 
1.0245991e-01 2.8532520e-01 0.0000000e+00 
4.5912014e-03 7.5699566e-03 0.0000000e+00 
8.6522751e-02 2.1279313e-01 0.0000000e+00 
4.1784011e-02 8.7877251e-02 0.0000000e+00 
9.1558255e-02 2.3068368e-01 0.0000000e+00 
8.1071861e-02 1.9511534e-01 0.0000000e+00 
9.6119680e-02 2.4875873e-01 0.0000000e+00 
7.5268604e-02 1.7768787e-01 0.0000000e+00 
5.7933133e-02 1.2943275e-01 0.0000000e+00 
1.0486306e-01 3.0351210e-01 0.0000000e+00 
4.6645418e-02 1.0041716e-01 0.0000000e+00 
2.0267726e-03 3.1760486e-03 0.0000000e+00 
1.0015466e-01 2.6700145e-01 0.0000000e+00 
2.2132952e-02 4.2339444e-02 0.0000000e+00 
1.7971219e-02 3.3383179e-02 0.0000000e+00 
6.9178894e-02 1.6055600e-01 0.0000000e+00 
2.6488964e-02 5.2086663e-02 0.0000000e+00 
1.4049388e-02 2.5269601e-02 0.0000000e+00 
3.0998180e-02 6.2582754e-02 0.0000000e+00 
1.0362001e-01 2.8540945e-01 0.0000000e+00 
1.0418028e-02 1.8061383e-02 0.0000000e+00 
5.1530238e-02 1.1359169e-01 0.0000000e+00 
3.5623677e-02 7.3794141e-02 0.0000000e+00 
6.2870830e-02 1.4377199e-01 0.0000000e+00 
1.0662814e-01 3.2189453e-01 0.0000000e+00 
0.0000000e+00 0.0000000e+00 0.0000000e+00 
8.5846595e-02 2.1151510e-01 0.0000000e+00 
9.1195859e-02 2.2965850e-01 0.0000000e+00 
7.1330098e-03 1.1833561e-02 0.0000000e+00 
8.0115996e-02 1.9361907e-01 0.0000000e+00 
9.6104957e-02 2.4802068e-01 0.0000000e+00 
1.0648525e-01 3.0399832e-01 0.0000000e+00 
4.0332258e-02 8.5694745e-02 0.0000000e+00 
7.4066795e-02 1.7600779e-01 0.0000000e+00 
1.0052080e-01 2.6658383e-01 0.0000000e+00 
4.2558080e-03 6.6750348e-03 0.0000000e+00 
5.6414500e-02 1.2739506e-01 0.0000000e+00 
4.5094088e-02 9.8265149e-02 0.0000000e+00 
6.7764424e-02 1.5872619e-01 0.0000000e+00 
1.0439856e-01 2.8534353e-01 0.0000000e+00 
1.0873691e-01 3.2280549e-01 0.0000000e+00 
2.1007460e-02 4.0335402e-02 0.0000000e+00 
1.6983997e-02 3.1503692e-02 0.0000000e+00 
2.5230788e-02 4.9996845e-02 0.0000000e+00 
1.8537214e-03 2.6901122e-03 0.0000000e+00 
1.3206715e-02 2.3558490e-02 0.0000000e+00 
2.9612273e-02 6.0441446e-02 0.0000000e+00 
9.0513684e-02 2.2855870e-01 0.0000000e+00 
8.4868491e-02 2.1018063e-01 0.0000000e+00 
6.1276469e-02 1.4182621e-01 0.0000000e+00 
1.0770499e-01 3.0431196e-01 0.0000000e+00 
4.9882282e-02 1.1149187e-01 0.0000000e+00 
9.5751837e-02 2.4718882e-01 0.0000000e+00 
7.8875162e-02 1.9208345e-01 0.0000000e+00 
3.4114424e-02 7.1631640e-02 0.0000000e+00 
9.7269155e-03 1.6568046e-02 0.0000000e+00 
1.0052921e-01 2.6605225e-01 0.0000000e+00 
7.2596148e-02 1.7430447e-01 0.0000000e+00 
3.8703579e-02 8.3537862e-02 0.0000000e+00 
0.0000000e+00 0.0000000e+00 0.0000000e+00 
6.6012177e-03 1.0613490e-02 0.0000000e+00 
1.0479950e-01 2.8514272e-01 0.0000000e+00 
1.1042228e-01 3.2352149e-01 0.0000000e+00 
5.4672603e-02 1.2536685e-01 0.0000000e+00 
6.6096425e-02 1.5688840e-01 0.0000000e+00 
4.3349497e-02 9.6137643e-02 0.0000000e+00 
3.8918366e-03 5.7902820e-03 0.0000000e+00 
1.0852687e-01 3.0446929e-01 0.0000000e+00 
8.9513592e-02 2.2739668e-01 0.0000000e+00 
9.5062852e-02 2.4627620e-01 0.0000000e+00 
8.3589606e-02 2.0880151e-01 0.0000000e+00 
1.9770052e-02 3.8365223e-02 0.0000000e+00 
2.3843559e-02 4.7942635e-02 0.0000000e+00 
5.9443124e-02 1.3988695e-01 0.0000000e+00 
1.0018310e-01 2.6542050e-01 0.0000000e+00 
1.1255260e-01 3.4302843e-01 0.0000000e+00 
7.7349842e-02 1.9051987e-01 0.0000000e+00 
1.5901988e-02 2.9655611e-02 0.0000000e+00 
4.8024986e-02 1.0941485e-01 0.0000000e+00 
2.8080272e-02 5.8336776e-02 0.0000000e+00 
1.2286250e-02 2.1875586e-02 0.0000000e+00 
1.6667881e-03 2.2096587e-03 0.0000000e+00 
1.1168952e-01 3.2405975e-01 0.0000000e+00 
1.0482671e-01 2.8482157e-01 0.0000000e+00 
3.2442227e-02 6.9506116e-02 0.0000000e+00 
7.0856445e-02 1.7258902e-01 0.0000000e+00 
8.9747300e-03 1.5098957e-02 0.0000000e+00 
3.6895342e-02 8.1417598e-02 0.0000000e+00 
5.2705571e-02 1.2335907e-01 0.0000000e+00 
1.0895547e-01 3.0448577e-01 0.0000000e+00 
6.4173974e-02 1.5505357e-01 0.0000000e+00 
6.0246396e-03 9.4129136e-03 0.0000000e+00 
0.0000000e+00 0.0000000e+00 0.0000000e+00 
1.1428387e-01 3.4396392e-01 0.0000000e+00 
8.8197216e-02 2.2618441e-01 0.0000000e+00 
9.4040379e-02 2.4529536e-01 0.0000000e+00 
4.1409034e-02 9.4045699e-02 0.0000000e+00 
8.2010850e-02 2.0738931e-01 0.0000000e+00 
9.9485569e-02 2.6470175e-01 0.0000000e+00 
1.1254391e-01 3.2443655e-01 0.0000000e+00 
7.5540192e-02 1.8893954e-01 0.0000000e+00 
5.7369146e-02 1.3796513e-01 0.0000000e+00 
1.0448400e-01 2.8439406e-01 0.0000000e+00 
3.4987798e-03 4.9194298e-03 0.0000000e+00 
4.5955837e-02 1.0737164e-01 0.0000000e+00 
2.2324558e-02 4.5934584e-02 0.0000000e+00 
1.8418295e-02 3.6438908e-02 0.0000000e+00 
6.8847090e-02 1.7087245e-01 0.0000000e+00 
2.6399240e-02 5.6279678e-02 0.0000000e+00 
1.4723093e-02 2.7848177e-02 0.0000000e+00 
1.0899533e-01 3.0437604e-01 0.0000000e+00 
3.0603988e-02 6.7428723e-02 0.0000000e+00 
1.1286265e-02 2.0229151e-02 0.0000000e+00 
1.1558312e-01 3.4471795e-01 0.0000000e+00 
1.4657367e-03 1.7366249e-03 0.0000000e+00 
5.0511051e-02 1.2138271e-01 0.0000000e+00 
3.4904383e-02 7.9345211e-02 0.0000000e+00 
6.1995707e-02 1.5323260e-01 0.0000000e+00 
9.2686549e-02 2.4425837e-01 0.0000000e+00 
8.6565942e-02 2.2493351e-01 0.0000000e+00 
8.1601292e-03 1.3661157e-02 0.0000000e+00 
9.8439507e-02 2.6390868e-01 0.0000000e+00 
1.1299069e-01 3.2466736e-01 0.0000000e+00 
8.0132820e-02 2.0595524e-01 0.0000000e+00 
3.9269544e-02 9.2000604e-02 0.0000000e+00 
1.0377501e-01 2.8387347e-01 0.0000000e+00 
7.3446020e-02 1.8735345e-01 0.0000000e+00 
5.4023173e-03 8.2374085e-03 0.0000000e+00 
1.1808500e-01 3.6539751e-01 0.0000000e+00 
5.5052415e-02 1.3607168e-01 0.0000000e+00 
0.0000000e+00 0.0000000e+00 0.0000000e+00 
1.0865080e-01 3.0415413e-01 0.0000000e+00 
1.1645629e-01 3.4530669e-01 0.0000000e+00 
6.6567078e-02 1.6916560e-01 0.0000000e+00 
4.3671757e-02 1.0537350e-01 0.0000000e+00 
2.0670544e-02 4.3983702e-02 0.0000000e+00 
1.6949281e-02 3.4566935e-02 0.0000000e+00 
3.0760400e-03 4.0663676e-03 0.0000000e+00 
2.4565667e-02 5.4281503e-02 0.0000000e+00 
1.1303494e-01 3.2476687e-01 0.0000000e+00 
1.3444806e-02 2.6091099e-02 0.0000000e+00 
9.1003232e-02 2.4317694e-01 0.0000000e+00 
2.8596023e-02 6.5411001e-02 0.0000000e+00 
8.4620826e-02 2.2365524e-01 0.0000000e+00 
9.7047560e-02 2.6305348e-01 0.0000000e+00 
5.9559800e-02 1.5143636e-01 0.0000000e+00 
4.8086133e-02 1.1944891e-01 0.0000000e+00 
7.7955745e-02 2.0451029e-01 0.0000000e+00 
1.0204694e-02 1.8627884e-02 0.0000000e+00 
1.0270316e-01 2.8327253e-01 0.0000000e+00 
3.2726921e-02 7.7332288e-02 0.0000000e+00 
1.1939728e-01 3.6635453e-01 0.0000000e+00 
1.2502921e-03 1.2730211e-03 0.0000000e+00 
7.1066700e-02 1.8577236e-01 0.0000000e+00 
1.1690912e-01 3.4574544e-01 0.0000000e+00 
1.0792606e-01 3.0383340e-01 0.0000000e+00 
7.2815106e-03 1.2262068e-02 0.0000000e+00 
3.6927238e-02 9.0013884e-02 0.0000000e+00 
5.2490257e-02 1.3421760e-01 0.0000000e+00 
6.4014934e-02 1.6747919e-01 0.0000000e+00 
1.1268153e-01 3.2474899e-01 0.0000000e+00 
4.1169051e-02 1.0343183e-01 0.0000000e+00 
4.7331094e-03 7.0928559e-03 0.0000000e+00 
8.8991940e-02 2.4206235e-01 0.0000000e+00 
9.5312089e-02 2.6214781e-01 0.0000000e+00 
1.2027228e-01 3.6714390e-01 0.0000000e+00 
8.2362533e-02 2.2236057e-01 0.0000000e+00 
0.0000000e+00 0.0000000e+00 0.0000000e+00 
1.0127158e-01 2.8260347e-01 0.0000000e+00 
1.8877657e-02 4.2101562e-02 0.0000000e+00 
2.2575391e-02 5.2354131e-02 0.0000000e+00 
7.5479418e-02 2.0306517e-01 0.0000000e+00 
5.6863878e-02 1.4967564e-01 0.0000000e+00 
1.5359552e-02 3.2760348e-02 0.0000000e+00 
1.1694717e-01 3.4604871e-01 0.0000000e+00 
4.5427285e-02 1.1756889e-01 0.0000000e+00 
2.6413959e-02 6.3464947e-02 0.0000000e+00 
2.6229091e-03 3.2351890e-03 0.0000000e+00 
1.2064134e-02 2.4394661e-02 0.0000000e+00 
1.0682499e-01 3.0342650e-01 0.0000000e+00 
3.0358478e-02 7.5390823e-02 0.0000000e+00 
6.8401150e-02 1.8420692e-01 0.0000000e+00 
9.0390695e-03 1.7081019e-02 0.0000000e+00 
1.1193510e-01 3.2462704e-01 0.0000000e+00 
1.2314443e-01 3.8903892e-01 0.0000000e+00 
3.4377635e-02 8.8097408e-02 0.0000000e+00 
4.9679380e-02 1.3241391e-01 0.0000000e+00 
1.2071620e-01 3.6778063e-01 0.0000000e+00 
6.1188627e-02 1.6582386e-01 0.0000000e+00 
1.0201306e-03 8.2095643e-04 0.0000000e+00 
6.3369595e-03 1.0909583e-02 0.0000000e+00 
8.6653836e-02 2.4092552e-01 0.0000000e+00 
9.3235075e-02 2.6120302e-01 0.0000000e+00 
7.9791330e-02 2.2106016e-01 0.0000000e+00 
3.8443319e-02 1.0155828e-01 0.0000000e+00 
9.9483103e-02 2.8187796e-01 0.0000000e+00 
1.1657576e-01 3.4623024e-01 0.0000000e+00 
7.2703198e-02 2.0163044e-01 0.0000000e+00 
1.0535122e-01 3.0294567e-01 0.0000000e+00 
4.0156520e-03 5.9855143e-03 0.0000000e+00 
5.3904962e-02 1.4796124e-01 0.0000000e+00 
4.2530287e-02 1.1575406e-01 0.0000000e+00 
1.2400110e-01 3.9001399e-01 0.0000000e+00 
2.0423485e-02 5.0510030e-02 0.0000000e+00 
1.6941322e-02 4.0300392e-02 0.0000000e+00 
6.5447755e-02 1.8266763e-01 0.0000000e+00 
0.0000000e+00 0.0000000e+00 0.0000000e+00 
2.4052629e-02 6.1603095e-02 0.0000000e+00 
1.1079999e-01 3.2441360e-01 0.0000000e+00 
1.3644984e-02 3.1030888e-02 0.0000000e+00 
1.2073495e-01 3.6827889e-01 0.0000000e+00 
2.7793767e-02 7.3533237e-02 0.0000000e+00 
1.0577504e-02 2.2769839e-02 0.0000000e+00 
2.1385425e-03 2.4302485e-03 0.0000000e+00 
4.6615824e-02 1.3067174e-01 0.0000000e+00 
9.0818137e-02 2.6023000e-01 0.0000000e+00 
5.8085561e-02 1.6421023e-01 0.0000000e+00 
3.1615436e-02 8.6263403e-02 0.0000000e+00 
1.1579990e-01 3.4630319e-01 0.0000000e+00 
8.3989628e-02 2.3977709e-01 0.0000000e+00 
7.7864355e-03 1.5598453e-02 0.0000000e+00 
9.7340181e-02 2.8110728e-01 0.0000000e+00 
7.6907016e-02 2.1976446e-01 0.0000000e+00 
1.0350799e-01 3.0240259e-01 0.0000000e+00 
1.2441824e-01 3.9083537e-01 0.0000000e+00 
3.5489365e-02 9.9764802e-02 0.0000000e+00 
6.9625899e-02 2.0021641e-01 0.0000000e+00 
5.3241784e-03 9.6121877e-03 0.0000000e+00 
7.7486801e-04 3.8266601e-04 0.0000000e+00 
1.2033416e-01 3.6865219e-01 0.0000000e+00 
1.0928021e-01 3.2412082e-01 0.0000000e+00 
5.0679423e-02 1.4630404e-01 0.0000000e+00 
6.2204331e-02 1.8116483e-01 0.0000000e+00 
3.9390139e-02 1.1401604e-01 0.0000000e+00 
3.2483086e-03 4.9221185e-03 0.0000000e+00 
1.8104132e-02 4.8762389e-02 0.0000000e+00 
1.1462428e-01 3.4628001e-01 0.0000000e+00 
1.4856114e-02 3.8593184e-02 0.0000000e+00 
2.1505959e-02 5.9838593e-02 0.0000000e+00 
8.8062465e-02 2.5923926e-01 0.0000000e+00 
1.1800675e-02 2.9391117e-02 0.0000000e+00 
1.2765183e-01 4.1398346e-01 0.0000000e+00 
9.4844878e-02 2.8030226e-01 0.0000000e+00 
8.0999598e-02 2.3862736e-01 0.0000000e+00 
2.5026584e-02 7.1772508e-02 0.0000000e+00 
1.2440196e-01 3.9151675e-01 0.0000000e+00 
5.4702494e-02 1.6264884e-01 0.0000000e+00 
0.0000000e+00 0.0000000e+00 0.0000000e+00 
4.3294873e-02 1.2900235e-01 0.0000000e+00 
1.0129819e-01 3.0180839e-01 0.0000000e+00 
7.3708884e-02 2.1848363e-01 0.0000000e+00 
8.9806495e-03 2.1228440e-02 0.0000000e+00 
2.8634442e-02 8.4524535e-02 0.0000000e+00 
1.1951913e-01 3.6891332e-01 0.0000000e+00 
1.6219283e-03 1.6562274e-03 0.0000000e+00 
1.0737940e-01 3.2376021e-01 0.0000000e+00 
6.6245809e-02 1.9883324e-01 0.0000000e+00 
6.4432514e-03 1.4190886e-02 0.0000000e+00 
3.2301109e-02 9.8063685e-02 0.0000000e+00 
4.7182906e-02 1.4471489e-01 0.0000000e+00 
1.1305327e-01 3.4617257e-01 0.0000000e+00 
5.8668084e-02 1.7970882e-01 0.0000000e+00 
1.2802140e-01 4.1497296e-01 0.0000000e+00 
4.2404057e-03 8.3790869e-03 0.0000000e+00 
1.2395808e-01 3.9207110e-01 0.0000000e+00 
3.6000986e-02 1.1236668e-01 0.0000000e+00 
8.4968798e-02 2.5824103e-01 0.0000000e+00 
5.1404553e-04 -3.9453360e-05 0.0000000e+00 
9.1998838e-02 2.7947336e-01 0.0000000e+00 
7.7683508e-02 2.3748636e-01 0.0000000e+00 
9.8724313e-02 3.0117384e-01 0.0000000e+00 
1.1829481e-01 3.6907446e-01 0.0000000e+00 
1.5610479e-02 4.7125198e-02 0.0000000e+00 
1.8766824e-02 5.8185305e-02 0.0000000e+00 
7.0195690e-02 2.1722764e-01 0.0000000e+00 
1.2615613e-02 3.6993857e-02 0.0000000e+00 
5.1035501e-02 1.6115023e-01 0.0000000e+00 
2.4291086e-03 3.9099930e-03 0.0000000e+00 
1.0510084e-01 3.2334286e-01 0.0000000e+00 
3.9710995e-02 1.2741713e-01 0.0000000e+00 
2.2049688e-02 7.0122190e-02 0.0000000e+00 
9.8207938e-03 2.7854573e-02 0.0000000e+00 
6.2560610e-02 1.9749096e-01 0.0000000e+00 
2.5427435e-02 8.2893923e-02 0.0000000e+00 
1.2795177e-01 4.1582248e-01 0.0000000e+00 
7.2684684e-03 1.9783273e-02 0.0000000e+00 
1.1109082e-01 3.4599230e-01 0.0000000e+00 
0.0000000e+00 0.0000000e+00 0.0000000e+00 
1.2309204e-01 3.9251089e-01 0.0000000e+00 
2.8871482e-02 9.6467562e-02 0.0000000e+00 
4.3410279e-02 1.4320478e-01 0.0000000e+00 
1.0718486e-03 9.1821939e-04 0.0000000e+00 
5.4835558e-02 1.7830978e-01 0.0000000e+00 
5.0052628e-03 1.2869991e-02 0.0000000e+00 
8.8803254e-02 2.7863067e-01 0.0000000e+00 
8.1537396e-02 2.5724518e-01 0.0000000e+00 
1.1666580e-01 3.6914727e-01 0.0000000e+00 
9.5788434e-02 3.0050927e-01 0.0000000e+00 
7.4040622e-02 2.3636389e-01 0.0000000e+00 
3.2356028e-02 1.1081810e-01 0.0000000e+00 
1.0244740e-01 3.2287934e-01 0.0000000e+00 
6.6365644e-02 2.1600626e-01 0.0000000e+00 
1.3153066e-01 4.4025627e-01 0.0000000e+00 
3.0823122e-03 7.2203716e-03 0.0000000e+00 
1.2744872e-01 4.1654444e-01 0.0000000e+00 
4.7079906e-02 1.5972492e-01 0.0000000e+00 
3.5857752e-02 1.2592767e-01 0.0000000e+00 
2.3711192e-04 -4.4280029e-04 0.0000000e+00 
1.0874053e-01 3.4575000e-01 0.0000000e+00 
1.2934465e-02 4.5613412e-02 0.0000000e+00 
1.5826888e-02 5.6657910e-02 0.0000000e+00 
1.2180894e-01 3.9284787e-01 0.0000000e+00 
5.8567360e-02 1.9619942e-01 0.0000000e+00 
1.0212220e-02 3.5517387e-02 0.0000000e+00 
1.8854642e-02 6.8596512e-02 0.0000000e+00 
7.6983934e-03 2.6435940e-02 0.0000000e+00 
2.1986037e-02 8.1385277e-02 0.0000000e+00 
1.5556708e-03 2.9571957e-03 0.0000000e+00 
1.1463628e-01 3.6914283e-01 0.0000000e+00 
8.5258856e-02 2.7778390e-01 0.0000000e+00 
7.7768020e-02 2.5626132e-01 0.0000000e+00 
3.9355550e-02 1.4178474e-01 0.0000000e+00 
5.0702598e-02 1.7697784e-01 0.0000000e+00 
9.2492163e-02 2.9982463e-01 0.0000000e+00 
2.5192320e-02 9.4989508e-02 0.0000000e+00 
5.4348488e-03 1.8448345e-02 0.0000000e+00 
1.3138683e-01 4.4125628e-01 0.0000000e+00 
7.0069663e-02 2.3526947e-01 0.0000000e+00 
1.2651773e-01 4.1715065e-01 0.0000000e+00 
9.9421501e-02 3.2237986e-01 0.0000000e+00 
0.0000000e+00 0.0000000e+00 0.0000000e+00 
2.8447427e-02 1.0938273e-01 0.0000000e+00 
6.2216327e-02 2.1482907e-01 0.0000000e+00 
3.4673435e-03 1.1648630e-02 0.0000000e+00 
1.2011346e-01 3.9309326e-01 0.0000000e+00 
4.8682987e-04 2.2183484e-04 0.0000000e+00 
1.0600557e-01 3.4545615e-01 0.0000000e+00 
4.2830236e-02 1.5838346e-01 0.0000000e+00 
5.4262452e-02 1.9496839e-01 0.0000000e+00 
3.1727739e-02 1.2454575e-01 0.0000000e+00 
1.1221007e-01 3.6907172e-01 0.0000000e+00 
1.8458667e-03 6.1472300e-03 0.0000000e+00 
1.3080631e-01 4.4212970e-01 0.0000000e+00 
1.2676417e-02 5.5272009e-02 0.0000000e+00 
1.0066614e-02 4.4243056e-02 0.0000000e+00 
1.5431657e-02 6.7210488e-02 0.0000000e+00 
8.1365883e-02 2.7694252e-01 0.0000000e+00 
1.2516384e-01 4.1765237e-01 0.0000000e+00 
8.8836670e-02 2.9912949e-01 0.0000000e+00 
7.6369410e-03 3.4179986e-02 0.0000000e+00 
7.3659897e-02 2.5529879e-01 0.0000000e+00 
1.8300585e-02 8.0012873e-02 0.0000000e+00 
-5.6598918e-05 -8.2451472e-04 0.0000000e+00 
9.6025184e-02 3.2185414e-01 0.0000000e+00 
4.6264291e-02 1.7572309e-01 0.0000000e+00 
3.5011820e-02 1.4046593e-01 0.0000000e+00 
6.5768771e-02 2.3421243e-01 0.0000000e+00 
5.4251924e-03 2.5151271e-02 0.0000000e+00 
1.1800996e-01 3.9325783e-01 0.0000000e+00 
2.1254228e-02 9.3643039e-02 0.0000000e+00 
6.2510133e-04 2.0726980e-03 0.0000000e+00 
1.0288870e-01 3.4512067e-01 0.0000000e+00 
5.7744708e-02 2.1370548e-01 0.0000000e+00 
3.4724474e-03 1.7239103e-02 0.0000000e+00 
2.4266193e-02 1.0807329e-01 0.0000000e+00 
1.2979436e-01 4.4288763e-01 0.0000000e+00 
1.3470735e-01 4.6787700e-01 0.0000000e+00 
1.0939059e-01 3.6894411e-01 0.0000000e+00 
3.8280170e-02 1.5713641e-01 0.0000000e+00 
1.2339177e-01 4.1806036e-01 0.0000000e+00 
4.9641579e-02 1.9380750e-01 0.0000000e+00 
1.8232939e-03 1.0541099e-02 0.0000000e+00 
0.0000000e+00 0.0000000e+00 0.0000000e+00 
2.7312471e-02 1.2328335e-01 0.0000000e+00 
-1.3492072e-04 -4.2666614e-04 0.0000000e+00 
7.7124089e-02 2.7611560e-01 0.0000000e+00 
8.4822670e-02 2.9843307e-01 0.0000000e+00 
6.9211721e-02 2.5436664e-01 0.0000000e+00 
9.2259996e-02 3.2131165e-01 0.0000000e+00 
1.1550235e-01 3.9335182e-01 0.0000000e+00 
9.3040532e-03 5.4044224e-02 0.0000000e+00 
6.1135497e-02 2.3320185e-01 0.0000000e+00 
1.1769388e-02 6.5979920e-02 0.0000000e+00 
6.9957902e-03 4.3031398e-02 0.0000000e+00 
4.1514937e-02 1.7455551e-01 0.0000000e+00 
9.9392250e-02 3.4475315e-01 0.0000000e+00 
5.2616425e-04 5.1721944e-03 0.0000000e+00 
3.0371206e-02 1.3925961e-01 0.0000000e+00 
1.4359945e-02 7.8791633e-02 0.0000000e+00 
1.3402902e-01 4.6888354e-01 0.0000000e+00 
4.8791161e-03 3.2999292e-02 0.0000000e+00 
1.2835588e-01 4.4354069e-01 0.0000000e+00 
5.2947108e-02 2.1264473e-01 0.0000000e+00 
1.7046450e-02 9.2442170e-02 0.0000000e+00 
1.0618082e-01 3.6876971e-01 0.0000000e+00 
1.2120584e-01 4.1838488e-01 0.0000000e+00 
2.9912912e-03 2.4018221e-02 0.0000000e+00 
-3.6789713e-04 -1.1814092e-03 0.0000000e+00 
1.9802077e-02 1.0690288e-01 0.0000000e+00 
-3.6613559e-04 1.2666120e-03 0.0000000e+00 
3.3422470e-02 1.5599434e-01 0.0000000e+00 
4.4699691e-02 1.9272627e-01 0.0000000e+00 
1.3724129e-03 1.6172716e-02 0.0000000e+00 
8.0450371e-02 2.9774433e-01 0.0000000e+00 
1.1259418e-01 3.9338508e-01 0.0000000e+00 
7.2532691e-02 2.7531204e-01 0.0000000e+00 
8.8127062e-02 3.2076141e-01 0.0000000e+00 
6.4421631e-02 2.5347367e-01 0.0000000e+00 
2.2602310e-02 1.2215266e-01 0.0000000e+00 
1.3291827e-01 4.6977636e-01 0.0000000e+00 
9.5518142e-02 3.4436280e-01 0.0000000e+00 
1.2649538e-01 4.4409901e-01 0.0000000e+00 
5.6166783e-02 2.3224664e-01 0.0000000e+00 
6.5577944e-05 9.5634563e-03 0.0000000e+00 
3.6448002e-02 1.7348509e-01 0.0000000e+00 
0.0000000e+00 0.0000000e+00 0.0000000e+00 
1.1860996e-01 4.1863582e-01 0.0000000e+00 
1.0258336e-01 3.6855787e-01 0.0000000e+00 
-7.9559948e-04 -1.0202028e-03 0.0000000e+00 
2.5424756e-02 1.3817714e-01 0.0000000e+00 
5.6965603e-03 5.2992329e-02 0.0000000e+00 
7.8547206e-03 6.4921565e-02 0.0000000e+00 
4.7819145e-02 2.1165590e-01 0.0000000e+00 
3.7088934e-03 4.1997097e-02 0.0000000e+00 
1.0151336e-02 7.7737197e-02 0.0000000e+00 
-8.8280026e-04 4.3094694e-03 0.0000000e+00 
1.9260912e-03 3.1994600e-02 0.0000000e+00 
1.2556708e-02 9.1401398e-02 0.0000000e+00 
1.0928859e-01 3.9336699e-01 0.0000000e+00 
1.3137965e-01 4.7056523e-01 0.0000000e+00 
7.5719506e-02 2.9707190e-01 0.0000000e+00 
6.7590378e-02 2.7454033e-01 0.0000000e+00 
8.3627038e-02 3.2021213e-01 0.0000000e+00 
1.3711171e-01 4.9686056e-01 0.0000000e+00 
2.8248934e-02 1.5496789e-01 0.0000000e+00 
1.2421706e-01 4.4457236e-01 0.0000000e+00 
3.9430976e-02 1.9173412e-01 0.0000000e+00 
3.8482127e-04 2.3056326e-02 0.0000000e+00 
1.5043442e-02 1.0588492e-01 0.0000000e+00 
5.9287179e-02 2.5262851e-01 0.0000000e+00 
9.1267854e-02 3.4395844e-01 0.0000000e+00 
-6.9777522e-04 -1.5098802e-03 0.0000000e+00 
1.1560772e-01 4.1882256e-01 0.0000000e+00 
5.0858930e-02 2.3135547e-01 0.0000000e+00 
1.7586363e-02 1.2116611e-01 0.0000000e+00 
-1.4223942e-03 5.5048493e-04 0.0000000e+00 
9.8600402e-02 3.6831754e-01 0.0000000e+00 
-8.7597448e-04 1.5268414e-02 0.0000000e+00 
3.1056063e-02 1.7252176e-01 0.0000000e+00 
1.2941736e-01 4.7125965e-01 0.0000000e+00 
4.2355746e-02 2.1074794e-01 0.0000000e+00 
1.0558834e-01 3.9330661e-01 0.0000000e+00 
1.3588281e-01 4.9786961e-01 0.0000000e+00 
2.0162381e-02 1.3723001e-01 0.0000000e+00 
-1.8150196e-03 8.7339059e-03 0.0000000e+00 
1.2152471e-01 4.4497001e-01 0.0000000e+00 
3.6725062e-03 6.4053111e-02 0.0000000e+00 
1.8385128e-03 5.2135345e-02 0.0000000e+00 
7.0629306e-02 2.9642403e-01 0.0000000e+00 
7.8760125e-02 3.1967220e-01 0.0000000e+00 
5.6601153e-03 7.6865919e-02 0.0000000e+00 
6.2295333e-02 2.7380881e-01 0.0000000e+00 
0.0000000e+00 0.0000000e+00 0.0000000e+00 
1.9050814e-04 4.1160371e-02 0.0000000e+00 
-1.4979193e-03 -1.5506502e-03 0.0000000e+00 
8.6642414e-02 3.4354854e-01 0.0000000e+00 
7.7710431e-03 9.0535775e-02 0.0000000e+00 
1.1220229e-01 4.1895413e-01 0.0000000e+00 
3.3828821e-02 1.9084036e-01 0.0000000e+00 
5.3805348e-02 2.5183946e-01 0.0000000e+00 
2.2750333e-02 1.5406764e-01 0.0000000e+00 
-1.2371895e-03 3.1187098e-02 0.0000000e+00 
9.4233692e-02 3.6805734e-01 0.0000000e+00 
-2.3884354e-03 3.5753383e-03 0.0000000e+00 
9.9771339e-03 1.0503322e-01 0.0000000e+00 
4.5207594e-02 2.3053686e-01 0.0000000e+00 
1.3422711e-01 4.9877709e-01 0.0000000e+00 
1.2703529e-01 4.7186869e-01 0.0000000e+00 
-2.4084998e-03 2.2287332e-02 0.0000000e+00 
1.2252367e-02 1.2033630e-01 0.0000000e+00 
1.0149579e-01 3.9321259e-01 0.0000000e+00 
1.1842179e-01 4.4530094e-01 0.0000000e+00 
2.5330774e-02 1.7167534e-01 0.0000000e+00 
-1.0474595e-03 -1.8057910e-03 0.0000000e+00 
3.6551099e-02 2.0992959e-01 0.0000000e+00 
-3.2857659e-03 1.4547909e-02 0.0000000e+00 
-2.5490830e-03 -6.2318395e-05 0.0000000e+00 
7.3526032e-02 3.1914970e-01 0.0000000e+00 
6.5178514e-02 2.9580882e-01 0.0000000e+00 
1.4572781e-02 1.3642976e-01 0.0000000e+00 
1.0839649e-01 4.1903922e-01 0.0000000e+00 
8.1642427e-02 3.4314135e-01 0.0000000e+00 
5.6645159e-02 2.7312547e-01 0.0000000e+00 
8.9484595e-02 3.6778545e-01 0.0000000e+00 
4.7972508e-02 2.5111464e-01 0.0000000e+00 
1.3214837e-01 4.9959165e-01 0.0000000e+00 
-7.9472823e-04 6.3393295e-02 0.0000000e+00 
8.6954498e-04 7.6194905e-02 0.0000000e+00 
2.7885765e-02 1.9005418e-01 0.0000000e+00 
1.2423696e-01 4.7240105e-01 0.0000000e+00 
-2.2880656e-03 5.1493660e-02 0.0000000e+00 
-3.8298483e-03 8.0732834e-03 0.0000000e+00 
1.3867716e-01 5.2721763e-01 0.0000000e+00 
1.6916351e-02 1.5330423e-01 0.0000000e+00 
2.6736180e-03 8.9860849e-02 0.0000000e+00 
-3.5775341e-03 4.0543191e-02 0.0000000e+00 
1.1491140e-01 4.4557372e-01 0.0000000e+00 
9.7012907e-02 3.9309326e-01 0.0000000e+00 
3.9207764e-02 2.2979908e-01 0.0000000e+00 
4.5883339e-03 1.0436185e-01 0.0000000e+00 
-2.2452639e-03 -2.0085433e-03 0.0000000e+00 
0.0000000e+00 0.0000000e+00 0.0000000e+00 
-4.6286867e-03 3.0600125e-02 0.0000000e+00 
-3.9999625e-03 2.9886924e-03 0.0000000e+00 
6.5865940e-03 1.1967604e-01 0.0000000e+00 
1.9262820e-02 1.7095564e-01 0.0000000e+00 
1.0419276e-01 4.1908613e-01 0.0000000e+00 
3.0398637e-02 2.0920944e-01 0.0000000e+00 
6.7924045e-02 3.1865248e-01 0.0000000e+00 
-5.4059336e-03 2.1735569e-02 0.0000000e+00 
5.9365358e-02 2.9523399e-01 0.0000000e+00 
7.6268077e-02 3.4274465e-01 0.0000000e+00 
1.2964995e-01 5.0032163e-01 0.0000000e+00 
5.0636932e-02 2.7249813e-01 0.0000000e+00 
1.3688646e-01 5.2822518e-01 0.0000000e+00 
1.2102558e-01 4.7286513e-01 0.0000000e+00 
8.4354058e-02 3.6750987e-01 0.0000000e+00 
8.6433515e-03 1.3578801e-01 0.0000000e+00 
4.1784421e-02 2.5046194e-01 0.0000000e+00 
-5.8729500e-03 1.4035878e-02 0.0000000e+00 
1.1099631e-01 4.4579661e-01 0.0000000e+00 
-1.4184810e-03 -2.0643149e-03 0.0000000e+00 
9.2141293e-02 3.9295658e-01 0.0000000e+00 
2.1593498e-02 1.8938459e-01 0.0000000e+00 
-3.7529930e-03 -5.5610872e-04 0.0000000e+00 
1.0735529e-02 1.5268824e-01 0.0000000e+00 
-5.5671199e-03 6.2961906e-02 0.0000000e+00 
-4.2394712e-03 7.5741984e-02 0.0000000e+00 
3.2853749e-02 2.2915022e-01 0.0000000e+00 
-6.7041265e-03 5.1089086e-02 0.0000000e+00 
-2.7534743e-03 8.9392640e-02 0.0000000e+00 
9.9593200e-02 4.1910291e-01 0.0000000e+00 
1.2673500e-01 5.0097501e-01 0.0000000e+00 
-5.9930021e-03 7.6056677e-03 0.0000000e+00 
1.3467558e-01 5.2914256e-01 0.0000000e+00 
-7.6166750e-03 4.0169414e-02 0.0000000e+00 
-1.1395889e-03 1.0388524e-01 0.0000000e+00 
1.1740405e-01 4.7326899e-01 0.0000000e+00 
6.1952960e-02 3.1818798e-01 0.0000000e+00 
7.0519097e-02 3.4236604e-01 0.0000000e+00 
5.3187560e-02 2.9470703e-01 0.0000000e+00 
2.3891030e-02 2.0859592e-01 0.0000000e+00 
1.2841882e-02 1.7037232e-01 0.0000000e+00 
-8.2698902e-03 3.0259451e-02 0.0000000e+00 
5.7373522e-04 1.1919825e-01 0.0000000e+00 
7.8842632e-02 3.6723822e-01 0.0000000e+00 
4.4267163e-02 2.7193433e-01 0.0000000e+00 
-3.0419049e-03 -2.3826743e-03 0.0000000e+00 
1.0667893e-01 4.4597757e-01 0.0000000e+00 
0.0000000e+00 0.0000000e+00 0.0000000e+00 
8.6882167e-02 3.9281026e-01 0.0000000e+00 
-5.7289791e-03 2.5717169e-03 0.0000000e+00 
3.5236247e-02 2.4988900e-01 0.0000000e+00 
2.3601176e-03 1.3531642e-01 0.0000000e+00 
-8.6284429e-03 2.1428371e-02 0.0000000e+00 
1.3204731e-01 5.2997738e-01 0.0000000e+00 
1.2340634e-01 5.0155967e-01 0.0000000e+00 
1.4942812e-02 1.8884052e-01 0.0000000e+00 
9.4599545e-02 4.1909721e-01 0.0000000e+00 
2.6139168e-02 2.2859815e-01 0.0000000e+00 
1.1337496e-01 4.7362044e-01 0.0000000e+00 
1.3934094e-01 5.5895519e-01 0.0000000e+00 
4.1952110e-03 1.5223016e-01 0.0000000e+00 
-8.6572496e-03 1.3760561e-02 0.0000000e+00 
5.5611100e-02 3.1776345e-01 0.0000000e+00 
6.4394802e-02 3.4201276e-01 0.0000000e+00 
-9.6886773e-03 7.5525701e-02 0.0000000e+00 
-1.8127741e-03 -2.2797207e-03 0.0000000e+00 
-1.0667850e-02 6.2779769e-02 0.0000000e+00 
4.6642344e-02 2.9423517e-01 0.0000000e+00 
-8.5304296e-03 8.9147627e-02 0.0000000e+00 
-5.0427564e-03 -9.1219047e-04 0.0000000e+00 
7.2950475e-02 3.6697781e-01 0.0000000e+00 
1.0196137e-01 4.4612420e-01 0.0000000e+00 
-1.1434090e-02 5.0944950e-02 0.0000000e+00 
-7.2252331e-03 1.0361800e-01 0.0000000e+00 
1.7020155e-02 2.0809720e-01 0.0000000e+00 
3.7531812e-02 2.7144128e-01 0.0000000e+00 
6.0565914e-03 1.6993491e-01 0.0000000e+00 
8.1236377e-02 3.9266169e-01 0.0000000e+00 
-1.1952257e-02 4.0064957e-02 0.0000000e+00 
-8.3221467e-03 7.3591452e-03 0.0000000e+00 
1.2900421e-01 5.3073686e-01 0.0000000e+00 
-5.8032088e-03 1.1891594e-01 0.0000000e+00 
1.1966651e-01 5.0208300e-01 0.0000000e+00 
2.8322516e-02 2.4940321e-01 0.0000000e+00 
1.3698174e-01 5.5995727e-01 0.0000000e+00 
-1.2186594e-02 3.0193562e-02 0.0000000e+00 
8.9213192e-02 4.1907647e-01 0.0000000e+00 
1.0894058e-01 4.7392696e-01 0.0000000e+00 
-4.2923475e-03 1.3502656e-01 0.0000000e+00 
7.9235910e-03 1.8843062e-01 0.0000000e+00 
-3.8933090e-03 -2.6595376e-03 0.0000000e+00 
1.9056940e-02 2.2815049e-01 0.0000000e+00 
0.0000000e+00 0.0000000e+00 0.0000000e+00 
-1.2101614e-02 2.1396535e-02 0.0000000e+00 
-7.5902492e-03 2.3507902e-03 0.0000000e+00 
5.7894073e-02 3.4169185e-01 0.0000000e+00 
9.6845433e-02 4.4624388e-01 0.0000000e+00 
4.8896357e-02 3.1738582e-01 0.0000000e+00 
-2.7185059e-03 1.5194039e-01 0.0000000e+00 
6.6677332e-02 3.6673567e-01 0.0000000e+00 
3.9726432e-02 2.9382533e-01 0.0000000e+00 
1.2554859e-01 5.3142816e-01 0.0000000e+00 
1.1551781e-01 5.0255227e-01 0.0000000e+00 
7.5204402e-02 3.9251789e-01 0.0000000e+00 
1.3420956e-01 5.6087989e-01 0.0000000e+00 
3.0426286e-02 2.7102602e-01 0.0000000e+00 
-1.5502775e-02 7.5565204e-02 0.0000000e+00 
9.7770905e-03 2.0772131e-01 0.0000000e+00 
-1.1663179e-02 1.3754454e-02 0.0000000e+00 
-1.4679953e-02 8.9142606e-02 0.0000000e+00 
-1.6123572e-02 6.2868722e-02 0.0000000e+00 
1.0410294e-01 4.7419578e-01 0.0000000e+00 
-1.1054904e-03 1.6965275e-01 0.0000000e+00 
-1.3689321e-02 1.0357486e-01 0.0000000e+00 
8.3435208e-02 4.1904777e-01 0.0000000e+00 
-1.6506419e-02 5.1086057e-02 0.0000000e+00 
2.1037145e-02 2.4901173e-01 0.0000000e+00 
-2.2328196e-03 -2.4450710e-03 0.0000000e+00 
-6.4295093e-03 -1.1079300e-03 0.0000000e+00 
-1.2563034e-02 1.1884209e-01 0.0000000e+00 
-1.6614273e-02 4.0257871e-02 0.0000000e+00 
9.1332585e-02 4.4634372e-01 0.0000000e+00 
-1.0839656e-02 7.3667653e-03 0.0000000e+00 
1.2168251e-01 5.3205800e-01 0.0000000e+00 
-1.1330992e-02 1.3492993e-01 0.0000000e+00 
5.2478904e-04 1.8816337e-01 0.0000000e+00 
5.1015396e-02 3.4140992e-01 0.0000000e+00 
1.3102622e-01 5.6172955e-01 0.0000000e+00 
1.1599286e-02 2.2781461e-01 0.0000000e+00 
4.1806147e-02 3.1706178e-01 0.0000000e+00 
6.0022589e-02 3.6651856e-01 0.0000000e+00 
-1.6409853e-02 3.0433899e-02 0.0000000e+00 
1.1096227e-01 5.0297451e-01 0.0000000e+00 
3.2436039e-02 2.9348418e-01 0.0000000e+00 
6.8786390e-02 3.9238575e-01 0.0000000e+00 
1.3904405e-01 5.9207714e-01 0.0000000e+00 
-1.0020814e-02 1.5182909e-01 0.0000000e+00 
9.8863758e-02 4.7443387e-01 0.0000000e+00 
2.2945434e-02 2.7069530e-01 0.0000000e+00 
-4.8065945e-03 -2.8225451e-03 0.0000000e+00 
7.7266328e-02 4.1901794e-01 0.0000000e+00 
-1.5856845e-02 2.1674810e-02 0.0000000e+00 
2.1521158e-03 2.0747593e-01 0.0000000e+00 
-9.6028214e-03 2.3576755e-03 0.0000000e+00 
0.0000000e+00 0.0000000e+00 0.0000000e+00 
-8.6578988e-03 1.6953494e-01 0.0000000e+00 
1.3373430e-02 2.4872142e-01 0.0000000e+00 
-2.1709755e-02 7.5880118e-02 0.0000000e+00 
-2.1227483e-02 8.9394547e-02 0.0000000e+00 
1.1740787e-01 5.3263319e-01 0.0000000e+00 
1.2743340e-01 5.6251252e-01 0.0000000e+00 
8.5424013e-02 4.4643047e-01 0.0000000e+00 
-2.1964876e-02 6.3251443e-02 0.0000000e+00 
-2.0554852e-02 1.0377059e-01 0.0000000e+00 
1.0600170e-01 5.0335652e-01 0.0000000e+00 
-1.4921450e-02 1.4055117e-02 0.0000000e+00 
1.3611382e-01 5.9307003e-01 0.0000000e+00 
-2.1954263e-02 5.1538616e-02 0.0000000e+00 
-1.9726427e-02 1.1898954e-01 0.0000000e+00 
4.3756835e-02 3.4117344e-01 0.0000000e+00 
5.2985255e-02 3.6633295e-01 0.0000000e+00 
3.4337454e-02 3.1679764e-01 0.0000000e+00 
3.7577292e-03 2.2759764e-01 0.0000000e+00 
6.1982125e-02 3.9227173e-01 0.0000000e+00 
-7.2655729e-03 1.8804698e-01 0.0000000e+00 
9.3224503e-02 4.7464797e-01 0.0000000e+00 
-2.1638246e-02 4.0778372e-02 0.0000000e+00 
2.4766903e-02 2.9321814e-01 0.0000000e+00 
-1.8774340e-02 1.3503775e-01 0.0000000e+00 
-7.9278629e-03 -1.1154608e-03 0.0000000e+00 
-2.6818558e-03 -2.5517861e-03 0.0000000e+00 
7.0706986e-02 4.1899353e-01 0.0000000e+00 
1.5083569e-02 2.7045551e-01 0.0000000e+00 
-1.3574190e-02 7.6677357e-03 0.0000000e+00 
1.2343259e-01 5.6323504e-01 0.0000000e+00 
-1.7728224e-02 1.5190622e-01 0.0000000e+00 
-2.0977160e-02 3.1015070e-02 0.0000000e+00 
1.1272630e-01 5.3316009e-01 0.0000000e+00 
1.3277805e-01 5.9399331e-01 0.0000000e+00 
7.9120636e-02 4.4651070e-01 0.0000000e+00 
-5.8652959e-03 2.0736852e-01 0.0000000e+00 
1.0063764e-01 5.0370473e-01 0.0000000e+00 
5.3240620e-03 2.4853887e-01 0.0000000e+00 
-1.6615277e-02 1.6959029e-01 0.0000000e+00 
-1.9932866e-02 2.2302376e-02 0.0000000e+00 
3.6116060e-02 3.4098849e-01 0.0000000e+00 
4.5563966e-02 3.6618501e-01 0.0000000e+00 
-5.7912134e-03 -2.8508890e-03 0.0000000e+00 
8.7186389e-02 4.7484455e-01 0.0000000e+00 
-2.8201414e-02 8.9920431e-02 0.0000000e+00 
2.6486818e-02 3.1659958e-01 0.0000000e+00 
-2.8341224e-02 7.6490283e-02 0.0000000e+00 
5.4791074e-02 3.9218208e-01 0.0000000e+00 
-1.1791653e-02 2.6311055e-03 0.0000000e+00 
-2.7847227e-02 1.0421973e-01 0.0000000e+00 
0.0000000e+00 0.0000000e+00 0.0000000e+00 
-2.8226783e-02 6.3951232e-02 0.0000000e+00 
1.6714271e-02 2.9303327e-01 0.0000000e+00 
-2.7316047e-02 1.1937088e-01 0.0000000e+00 
1.1902511e-01 5.6390309e-01 0.0000000e+00 
-4.4769016e-03 2.2750635e-01 0.0000000e+00 
6.3757315e-02 4.1898087e-01 0.0000000e+00 
1.0763929e-01 5.3364503e-01 0.0000000e+00 
-1.5460411e-02 1.8808928e-01 0.0000000e+00 
1.2903763e-01 5.9485245e-01 0.0000000e+00 
-2.7816182e-02 5.2330058e-02 0.0000000e+00 
-1.8470857e-02 1.4706068e-02 0.0000000e+00 
-2.6642535e-02 1.3536096e-01 0.0000000e+00 
6.8344655e-03 2.7031288e-01 0.0000000e+00 
9.4871454e-02 5.0402564e-01 0.0000000e+00 
7.2423071e-02 4.4659075e-01 0.0000000e+00 
1.3773128e-01 6.2658507e-01 0.0000000e+00 
-2.7066266e-02 4.1658711e-02 0.0000000e+00 
-2.5858581e-02 1.5218130e-01 0.0000000e+00 
-9.5573701e-03 -8.9985610e-04 0.0000000e+00 
-1.4286464e-02 2.0740616e-01 0.0000000e+00 
-3.1642013e-03 -2.5889992e-03 0.0000000e+00 
-3.1188708e-03 2.4847037e-01 0.0000000e+00 
8.0750383e-02 4.7502989e-01 0.0000000e+00 
3.7757020e-02 3.6608064e-01 0.0000000e+00 
2.8090356e-02 3.4086096e-01 0.0000000e+00 
-2.5933873e-02 3.1974889e-02 0.0000000e+00 
-1.6562900e-02 8.3088847e-03 0.0000000e+00 
1.1421213e-01 5.6452262e-01 0.0000000e+00 
4.7212377e-02 3.9212281e-01 0.0000000e+00 
1.2489334e-01 5.9565294e-01 0.0000000e+00 
-2.4993375e-02 1.6982722e-01 0.0000000e+00 
1.8250359e-02 3.1647334e-01 0.0000000e+00 
1.0214812e-01 5.3409410e-01 0.0000000e+00 
5.6417149e-02 4.1898593e-01 0.0000000e+00 
8.2729282e-03 2.9293540e-01 0.0000000e+00 
1.3423122e-01 6.2756515e-01 0.0000000e+00 
8.8704266e-02 5.0432527e-01 0.0000000e+00 
-1.3114452e-02 2.2754724e-01 0.0000000e+00 
-3.5633277e-02 9.0736911e-02 0.0000000e+00 
-2.4377666e-02 2.3323234e-02 0.0000000e+00 
-3.5594370e-02 1.0493645e-01 0.0000000e+00 
-3.5432730e-02 7.7415459e-02 0.0000000e+00 
6.5331705e-02 4.4667664e-01 0.0000000e+00 
-2.4073564e-02 1.8829779e-01 0.0000000e+00 
-3.5356570e-02 1.1999819e-01 0.0000000e+00 
-3.4949254e-02 6.4991660e-02 0.0000000e+00 
-1.8086195e-03 2.7027321e-01 0.0000000e+00 
-6.8600220e-03 -2.7178498e-03 0.0000000e+00 
-1.4189995e-02 3.2188913e-03 0.0000000e+00 
-3.4957349e-02 1.3590997e-01 0.0000000e+00 
-3.4136932e-02 5.3488620e-02 0.0000000e+00 
1.0899467e-01 5.6509930e-01 0.0000000e+00 
7.3917240e-02 4.7520998e-01 0.0000000e+00 
0.0000000e+00 0.0000000e+00 0.0000000e+00 
1.2034586e-01 5.9640020e-01 0.0000000e+00 
9.6253909e-02 5.3451318e-01 0.0000000e+00 
-2.2360802e-02 1.5757719e-02 0.0000000e+00 
2.9562362e-02 3.6602548e-01 0.0000000e+00 
-3.4431059e-02 1.5266338e-01 0.0000000e+00 
-2.3123482e-02 2.0759559e-01 0.0000000e+00 
1.9676635e-02 3.4079641e-01 0.0000000e+00 
3.9244872e-02 3.9209956e-01 0.0000000e+00 
1.3033304e-01 6.2848461e-01 0.0000000e+00 
-1.1963857e-02 2.4852185e-01 0.0000000e+00 
-3.2948151e-02 4.2932846e-02 0.0000000e+00 
9.6237874e-03 3.1642446e-01 0.0000000e+00 
4.8686046e-02 4.1901451e-01 0.0000000e+00 
8.2137026e-02 5.0460964e-01 0.0000000e+00 
-3.3809029e-02 1.7025365e-01 0.0000000e+00 
-5.6279555e-04 2.9293001e-01 0.0000000e+00 
5.7846662e-02 4.4677421e-01 0.0000000e+00 
-1.1344782e-02 -4.1650777e-04 0.0000000e+00 
-3.1334929e-02 3.3354215e-02 0.0000000e+00 
-3.6857706e-03 -2.5425546e-03 0.0000000e+00 
-2.2165423e-02 2.2772638e-01 0.0000000e+00 
-1.9854555e-02 9.3464134e-03 0.0000000e+00 
1.1539576e-01 5.9709942e-01 0.0000000e+00 
1.0337365e-01 5.6563872e-01 0.0000000e+00 
6.6687487e-02 4.7539067e-01 0.0000000e+00 
-3.3119760e-02 1.8867953e-01 0.0000000e+00 
-1.0852929e-02 2.7034205e-01 0.0000000e+00 
1.2603669e-01 6.2934810e-01 0.0000000e+00 
-4.3557893e-02 9.1859989e-02 0.0000000e+00 
-4.3826774e-02 1.0593417e-01 0.0000000e+00 
8.9957610e-02 5.3490800e-01 0.0000000e+00 
-4.3024022e-02 7.8674868e-02 0.0000000e+00 
-4.3874711e-02 1.2088285e-01 0.0000000e+00 
-2.9250942e-02 2.4786370e-02 0.0000000e+00 
2.0977618e-02 3.6602488e-01 0.0000000e+00 
3.0887088e-02 3.9211783e-01 0.0000000e+00 
-4.2177670e-02 6.6396020e-02 0.0000000e+00 
-4.3742172e-02 1.3669454e-01 0.0000000e+00 
1.0871450e-02 3.4080008e-01 0.0000000e+00 
1.3535103e-01 6.6247833e-01 0.0000000e+00 
4.0563297e-02 4.1907212e-01 0.0000000e+00 
7.5170487e-02 5.0488436e-01 0.0000000e+00 
-2.1219945e-02 2.4869891e-01 0.0000000e+00 
-3.2389186e-02 2.0794308e-01 0.0000000e+00 
6.0242048e-04 3.1645817e-01 0.0000000e+00 
-8.0310060e-03 -2.3882056e-03 0.0000000e+00 
-4.3466117e-02 1.5336090e-01 0.0000000e+00 
-1.6842952e-02 4.1807154e-03 0.0000000e+00 
-4.0968239e-02 5.5042755e-02 0.0000000e+00 
4.9967833e-02 4.4688898e-01 0.0000000e+00 
1.1004355e-01 5.9775585e-01 0.0000000e+00 
9.7349860e-02 5.6614643e-01 0.0000000e+00 
-9.7989999e-03 2.9302233e-01 0.0000000e+00 
1.2134211e-01 6.3016033e-01 0.0000000e+00 
0.0000000e+00 0.0000000e+00 0.0000000e+00 
-2.6654648e-02 1.7268218e-02 0.0000000e+00 
-4.3080114e-02 1.7087696e-01 0.0000000e+00 
-3.9342705e-02 4.4635784e-02 0.0000000e+00 
5.9061445e-02 4.7557750e-01 0.0000000e+00 
8.3260030e-02 5.3528422e-01 0.0000000e+00 
-3.1640939e-02 2.2804947e-01 0.0000000e+00 
1.3128562e-01 6.6344231e-01 0.0000000e+00 
-2.0306183e-02 2.7052456e-01 0.0000000e+00 
-4.2614590e-02 1.8924101e-01 0.0000000e+00 
2.2137288e-02 3.9218274e-01 0.0000000e+00 
1.2000108e-02 3.6608392e-01 0.0000000e+00 
-3.7246812e-02 3.5196353e-02 0.0000000e+00 
6.7805238e-02 5.0515503e-01 0.0000000e+00 
-1.3327644e-02 3.9267525e-04 0.0000000e+00 
3.2047953e-02 4.1916403e-01 0.0000000e+00 
1.6710163e-03 3.4087697e-01 0.0000000e+00 
-5.2577507e-02 1.0722526e-01 0.0000000e+00 
1.0428964e-01 5.9837455e-01 0.0000000e+00 
-2.3513958e-02 1.0847853e-02 0.0000000e+00 
-4.2549297e-03 -2.3934022e-03 0.0000000e+00 
-5.2013423e-02 9.3304530e-02 0.0000000e+00 
-5.2899163e-02 1.2203530e-01 0.0000000e+00 
1.1624920e-01 6.3092601e-01 0.0000000e+00 
9.0923965e-02 5.6662768e-01 0.0000000e+00 
4.1694887e-02 4.4702628e-01 0.0000000e+00 
-5.1159248e-02 8.0286592e-02 0.0000000e+00 
-8.8187987e-03 3.1657937e-01 0.0000000e+00 
-3.0896705e-02 2.4900676e-01 0.0000000e+00 
-5.3021949e-02 1.3772352e-01 0.0000000e+00 
-4.2097110e-02 2.0845446e-01 0.0000000e+00 
1.2682919e-01 6.6435373e-01 0.0000000e+00 
-4.9963199e-02 6.8186551e-02 0.0000000e+00 
7.6161854e-02 5.3564715e-01 0.0000000e+00 
-3.4627087e-02 2.6745485e-02 0.0000000e+00 
5.1039256e-02 4.7577581e-01 0.0000000e+00 
-5.2985441e-02 1.5428150e-01 0.0000000e+00 
-1.9442191e-02 2.9321718e-01 0.0000000e+00 
-4.8369542e-02 5.7020172e-02 0.0000000e+00 
-5.2825481e-02 1.7170382e-01 0.0000000e+00 
-1.9812895e-02 5.5917567e-03 0.0000000e+00 
-4.1552700e-02 2.2852176e-01 0.0000000e+00 
6.0041726e-02 5.0542700e-01 0.0000000e+00 
-9.3301814e-03 -1.8141413e-03 0.0000000e+00 
9.8134376e-02 5.9896052e-01 0.0000000e+00 
-3.0176543e-02 2.7082559e-01 0.0000000e+00 
1.1075783e-01 6.3164961e-01 0.0000000e+00 
1.2993468e-02 3.9229921e-01 0.0000000e+00 
2.6268517e-03 3.6620739e-01 0.0000000e+00 
2.3138817e-02 4.1929522e-01 0.0000000e+00 
8.4096551e-02 5.6708771e-01 0.0000000e+00 
-3.1434160e-02 1.9303914e-02 0.0000000e+00 
-4.6319023e-02 4.6802472e-02 0.0000000e+00 
-7.9287738e-03 3.4103176e-01 0.0000000e+00 
0.0000000e+00 0.0000000e+00 0.0000000e+00 
-5.2574407e-02 1.8998809e-01 0.0000000e+00 
1.2198086e-01 6.6521674e-01 0.0000000e+00 
3.3027291e-02 4.4719118e-01 0.0000000e+00 
6.8663634e-02 5.3600210e-01 0.0000000e+00 
-1.8645275e-02 3.1679264e-01 0.0000000e+00 
4.2620879e-02 4.7599074e-01 0.0000000e+00 
-4.1004188e-02 2.4945021e-01 0.0000000e+00 
-6.1882094e-02 1.0882062e-01 0.0000000e+00 
-4.3749742e-02 3.7545875e-02 0.0000000e+00 
-6.2460490e-02 1.2346467e-01 0.0000000e+00 
1.3185501e-01 6.9975507e-01 0.0000000e+00 
-6.1041314e-02 9.5083699e-02 0.0000000e+00 
-5.2261427e-02 2.0913497e-01 0.0000000e+00 
-6.2823035e-02 1.3900472e-01 0.0000000e+00 
-2.9499257e-02 2.9351905e-01 0.0000000e+00 
-1.5560130e-02 1.6048194e-03 0.0000000e+00 
-5.9886973e-02 8.2266778e-02 0.0000000e+00 
1.0486786e-01 6.3233584e-01 0.0000000e+00 
9.1578089e-02 5.9951860e-01 0.0000000e+00 
-2.7628217e-02 1.2894024e-02 0.0000000e+00 
5.1880226e-02 5.0570530e-01 0.0000000e+00 
-6.3011825e-02 1.5543190e-01 0.0000000e+00 
-4.8840083e-03 -2.1148815e-03 0.0000000e+00 
1.1673977e-01 6.6603523e-01 0.0000000e+00 
7.6868117e-02 5.6753159e-01 0.0000000e+00 
-5.8363035e-02 7.0383422e-02 0.0000000e+00 
3.4533676e-03 3.9247185e-01 0.0000000e+00 
1.3834474e-02 4.1947040e-01 0.0000000e+00 
-7.1454025e-03 3.6639977e-01 0.0000000e+00 
-4.0598791e-02 2.9257938e-02 0.0000000e+00 
-5.1912934e-02 2.2914803e-01 0.0000000e+00 
-6.3064843e-02 1.7274007e-01 0.0000000e+00 
-4.0472582e-02 2.7124959e-01 0.0000000e+00 
2.3964316e-02 4.4738853e-01 0.0000000e+00 
-1.7932327e-02 3.4126887e-01 0.0000000e+00 
6.0765821e-02 5.3635412e-01 0.0000000e+00 
-5.6408536e-02 5.9446502e-02 0.0000000e+00 
1.2723152e-01 7.0069975e-01 0.0000000e+00 
3.3806104e-02 4.7622719e-01 0.0000000e+00 
-6.3016273e-02 1.9092597e-01 0.0000000e+00 
-2.8882740e-02 3.1710228e-01 0.0000000e+00 
9.8579124e-02 6.3298899e-01 0.0000000e+00 
-2.3187738e-02 7.5471816e-03 0.0000000e+00 
8.4621027e-02 6.0005355e-01 0.0000000e+00 
-1.0796677e-02 -9.2859007e-04 0.0000000e+00 
-5.3957619e-02 4.9466066e-02 0.0000000e+00 
-5.1552892e-02 2.5003359e-01 0.0000000e+00 
1.1110510e-01 6.6681325e-01 0.0000000e+00 
-3.6805231e-02 2.1938950e-02 0.0000000e+00 
4.3320902e-02 5.0599498e-01 0.0000000e+00 
6.9239095e-02 5.6796414e-01 0.0000000e+00 
-3.9977431e-02 2.9393217e-01 0.0000000e+00 
-6.2896863e-02 2.0998926e-01 0.0000000e+00 
0.0000000e+00 0.0000000e+00 0.0000000e+00 
-7.2590902e-02 1.2517849e-01 0.0000000e+00 
-7.1778275e-02 1.1072916e-01 0.0000000e+00 
1.2222364e-01 7.0159936e-01 0.0000000e+00 
-7.3173046e-02 1.4054455e-01 0.0000000e+00 
-7.0686057e-02 9.7208269e-02 0.0000000e+00 
-6.4854980e-03 3.9270502e-01 0.0000000e+00 
4.1333018e-03 4.1969410e-01 0.0000000e+00 
-5.0939858e-02 4.0446468e-02 0.0000000e+00 
-1.7320162e-02 3.6666527e-01 0.0000000e+00 
5.2468766e-02 5.3670800e-01 0.0000000e+00 
-7.3569007e-02 1.5681767e-01 0.0000000e+00 
1.4505045e-02 4.4762295e-01 0.0000000e+00 
-6.9259986e-02 8.4628724e-02 0.0000000e+00 
-5.1203236e-02 2.7180061e-01 0.0000000e+00 
-2.8344328e-02 3.4159231e-01 0.0000000e+00 
-6.2734321e-02 2.2993247e-01 0.0000000e+00 
9.1891482e-02 6.3361365e-01 0.0000000e+00 
-1.8122826e-02 3.3241508e-03 0.0000000e+00 
2.4594579e-02 4.7648984e-01 0.0000000e+00 
-7.3818661e-02 1.7399067e-01 0.0000000e+00 
7.7263430e-02 6.0057020e-01 0.0000000e+00 
-3.2315545e-02 1.5580353e-02 0.0000000e+00 
1.0507605e-01 6.6755486e-01 0.0000000e+00 
-6.7440294e-02 7.3003419e-02 0.0000000e+00 
-5.5920938e-03 -1.6678425e-03 0.0000000e+00 
-3.9537214e-02 3.1751218e-01 0.0000000e+00 
6.1209861e-02 5.6839025e-01 0.0000000e+00 
3.4363791e-02 5.0630063e-01 0.0000000e+00 
1.1682969e-01 7.0245725e-01 0.0000000e+00 
-4.7281038e-02 3.2382317e-02 0.0000000e+00 
-7.3957816e-02 1.9205908e-01 0.0000000e+00 
-6.5161325e-02 6.2343433e-02 0.0000000e+00 
-6.2553681e-02 2.5076082e-01 0.0000000e+00 
-5.0884251e-02 2.9446027e-01 0.0000000e+00 
4.3772731e-02 5.3706855e-01 0.0000000e+00 
-5.9665106e-03 4.1997048e-01 0.0000000e+00 
-7.4018605e-02 2.1102136e-01 0.0000000e+00 
-1.6825829e-02 3.9300281e-01 0.0000000e+00 
1.2719800e-01 7.3841226e-01 0.0000000e+00 
8.4804788e-02 6.3421410e-01 0.0000000e+00 
4.6484084e-03 4.4789872e-01 0.0000000e+00 
9.8651908e-02 6.6826391e-01 0.0000000e+00 
-2.7901161e-02 3.6700782e-01 0.0000000e+00 
-2.7093712e-02 1.0167166e-02 0.0000000e+00 
-6.2351137e-02 5.2655369e-02 0.0000000e+00 
6.9505505e-02 6.0107297e-01 0.0000000e+00 
-1.2492084e-02 3.6589371e-04 0.0000000e+00 
-8.3323911e-02 1.2718225e-01 0.0000000e+00 
-4.2904932e-02 2.5253065e-02 0.0000000e+00 
1.4985811e-02 4.7678313e-01 0.0000000e+00 
-8.2305625e-02 1.1295729e-01 0.0000000e+00 
-8.4100537e-02 1.4234787e-01 0.0000000e+00 
-3.9169703e-02 3.4200588e-01 0.0000000e+00 
1.1104810e-01 7.0327681e-01 0.0000000e+00 
-6.2377755e-02 2.7248222e-01 0.0000000e+00 
-8.0994695e-02 9.9685870e-02 0.0000000e+00 
-8.4681429e-02 1.5844315e-01 0.0000000e+00 
5.2780729e-02 5.6881446e-01 0.0000000e+00 
-7.4029900e-02 2.3087876e-01 0.0000000e+00 
0.0000000e+00 0.0000000e+00 0.0000000e+00 
2.5008827e-02 5.0662678e-01 0.0000000e+00 
-7.9334728e-02 8.7381750e-02 0.0000000e+00 
-5.0614979e-02 3.1802601e-01 0.0000000e+00 
-5.8931030e-02 4.3937467e-02 0.0000000e+00 
-8.5107915e-02 1.7545949e-01 0.0000000e+00 
1.2202603e-01 7.3933488e-01 0.0000000e+00 
7.7318922e-02 6.3479471e-01 0.0000000e+00 
9.1831975e-02 6.6894448e-01 0.0000000e+00 
-7.7263407e-02 7.6058283e-02 0.0000000e+00 
3.4677915e-02 5.3744024e-01 0.0000000e+00 
-8.5417084e-02 1.9339097e-01 0.0000000e+00 
-7.4017718e-02 2.5163531e-01 0.0000000e+00 
-2.1139419e-02 5.6934180e-03 0.0000000e+00 
-3.7737329e-02 1.9016283e-02 0.0000000e+00 
6.1347462e-02 6.0156643e-01 0.0000000e+00 
-1.6466947e-02 4.2030355e-01 0.0000000e+00 
-6.2227521e-02 2.9510680e-01 0.0000000e+00 
1.0487741e-01 7.0406157e-01 0.0000000e+00 
-2.7570518e-02 3.9336896e-01 0.0000000e+00 
-5.6068208e-03 4.4822001e-01 0.0000000e+00 
-3.8892351e-02 3.6743107e-01 0.0000000e+00 
-6.4107799e-03 -9.9141791e-04 0.0000000e+00 
-5.4815035e-02 3.6173876e-02 0.0000000e+00 
4.9791853e-03 4.7711128e-01 0.0000000e+00 
-7.4711926e-02 6.5726332e-02 0.0000000e+00 
-8.5642174e-02 2.1223451e-01 0.0000000e+00 
4.3951992e-02 5.6924129e-01 0.0000000e+00 
1.1647560e-01 7.4021900e-01 0.0000000e+00 
-5.0413605e-02 3.4251305e-01 0.0000000e+00 
1.5255844e-02 5.0697780e-01 0.0000000e+00 
-7.4005641e-02 2.7329767e-01 0.0000000e+00 
-9.4693862e-02 1.2947908e-01 0.0000000e+00 
8.4615640e-02 6.6960043e-01 0.0000000e+00 
-9.5634647e-02 1.4441763e-01 0.0000000e+00 
6.9433808e-02 6.3535964e-01 0.0000000e+00 
-8.5813016e-02 2.3198998e-01 0.0000000e+00 
-7.1604155e-02 5.6391295e-02 0.0000000e+00 
-9.3504883e-02 1.1550836e-01 0.0000000e+00 
-6.2122542e-02 3.1864697e-01 0.0000000e+00 
-9.6373960e-02 1.6031116e-01 0.0000000e+00 
9.8316237e-02 7.0481497e-01 0.0000000e+00 
-3.1715002e-02 1.3601040e-02 0.0000000e+00 
2.5184443e-02 5.3782743e-01 0.0000000e+00 
-9.2016034e-02 1.0252014e-01 0.0000000e+00 
5.2789513e-02 6.0205489e-01 0.0000000e+00 
-4.9909566e-02 2.9326104e-02 0.0000000e+00 
-1.4518238e-02 2.2162506e-03 0.0000000e+00 
-9.6953914e-02 1.7714925e-01 0.0000000e+00 
-2.7370151e-02 4.2069700e-01 0.0000000e+00 
-9.0170294e-02 9.0529941e-02 0.0000000e+00 
-1.6262002e-02 4.4859064e-01 0.0000000e+00 
1.1054440e-01 7.4106753e-01 0.0000000e+00 
-3.8722627e-02 3.9380705e-01 0.0000000e+00 
-8.5956417e-02 2.5265995e-01 0.0000000e+00 
-7.4015267e-02 2.9587480e-01 0.0000000e+00 
-9.7412370e-02 1.9492422e-01 0.0000000e+00 
-5.4260255e-03 4.7747830e-01 0.0000000e+00 
3.4723900e-02 5.6967503e-01 0.0000000e+00 
-6.7855500e-02 4.8048608e-02 0.0000000e+00 
0.0000000e+00 0.0000000e+00 0.0000000e+00 
-5.0297856e-02 3.6793837e-01 0.0000000e+00 
-8.7904878e-02 7.9552837e-02 0.0000000e+00 
5.1046000e-03 5.0735778e-01 0.0000000e+00 
7.7002376e-02 6.7023569e-01 0.0000000e+00 
6.1149407e-02 6.3591313e-01 0.0000000e+00 
-6.2081371e-02 3.4311694e-01 0.0000000e+00 
-9.7783282e-02 2.1363126e-01 0.0000000e+00 
9.1363326e-02 7.0554054e-01 0.0000000e+00 
1.2133748e-01 7.7844626e-01 0.0000000e+00 
-4.4113811e-02 2.3320070e-02 0.0000000e+00 
-2.4806049e-02 8.9087635e-03 0.0000000e+00 
-8.6096600e-02 2.7424970e-01 0.0000000e+00 
1.5292399e-02 5.3823423e-01 0.0000000e+00 
4.3831870e-02 6.0254264e-01 0.0000000e+00 
-8.5150667e-02 6.9601312e-02 0.0000000e+00 
1.0423021e-01 7.4188346e-01 0.0000000e+00 
-6.3370965e-02 4.0676862e-02 0.0000000e+00 
-7.4066594e-02 3.1937799e-01 0.0000000e+00 
-9.8097138e-02 2.3326854e-01 0.0000000e+00 
-7.3958156e-03 1.6411570e-05 0.0000000e+00 
-1.0780462e-01 1.4675473e-01 0.0000000e+00 
-1.0673526e-01 1.3206942e-01 0.0000000e+00 
-3.8678396e-02 4.2115426e-01 0.0000000e+00 
-2.7318614e-02 4.4901422e-01 0.0000000e+00 
2.5096705e-02 5.7011986e-01 0.0000000e+00 
-1.0867152e-01 1.6242294e-01 0.0000000e+00 
-1.0541714e-01 1.1838213e-01 0.0000000e+00 
-5.0285373e-02 3.9432034e-01 0.0000000e+00 
-1.6230643e-02 4.7788793e-01 0.0000000e+00 
6.8991721e-02 6.7085421e-01 0.0000000e+00 
1.1562842e-01 7.7934414e-01 0.0000000e+00 
-8.1831358e-02 6.0682330e-02 0.0000000e+00 
-1.0937800e-01 1.7906143e-01 0.0000000e+00 
8.4017530e-02 7.0624173e-01 0.0000000e+00 
-1.0379945e-01 1.0570990e-01 0.0000000e+00 
-8.6255655e-02 2.9676697e-01 0.0000000e+00 
5.2465729e-02 6.3645917e-01 0.0000000e+00 
-6.2121972e-02 3.6853275e-01 0.0000000e+00 
-5.4452177e-03 5.0777060e-01 0.0000000e+00 
-9.8381288e-02 2.5383708e-01 0.0000000e+00 
-3.7323043e-02 1.8026715e-02 0.0000000e+00 
-1.0996198e-01 1.9666047e-01 0.0000000e+00 
9.7531006e-02 7.4266970e-01 0.0000000e+00 
-5.8042195e-02 3.4226973e-02 0.0000000e+00 
-1.0182679e-01 9.4070874e-02 0.0000000e+00 
3.4474783e-02 6.0303372e-01 0.0000000e+00 
-7.4178495e-02 3.4382042e-01 0.0000000e+00 
-1.7054195e-02 4.8512616e-03 0.0000000e+00 
5.0018257e-03 5.3866470e-01 0.0000000e+00 
-1.1045767e-01 2.1521333e-01 0.0000000e+00 
-7.7862129e-02 5.2792795e-02 0.0000000e+00 
-9.8660432e-02 2.7534062e-01 0.0000000e+00 
-9.9438973e-02 8.3482966e-02 0.0000000e+00 
1.0954610e-01 7.8020954e-01 0.0000000e+00 
0.0000000e+00 0.0000000e+00 0.0000000e+00 
-8.6453952e-02 3.2022169e-01 0.0000000e+00 
1.5070647e-02 5.7057977e-01 0.0000000e+00 
6.0583320e-02 6.7145967e-01 0.0000000e+00 
7.6277830e-02 7.0692211e-01 0.0000000e+00 
-3.8778234e-02 4.4949415e-01 0.0000000e+00 
-5.0394077e-02 4.2167851e-01 0.0000000e+00 
-1.1089578e-01 2.3471627e-01 0.0000000e+00 
-2.7435569e-02 4.7834373e-01 0.0000000e+00 
4.3382850e-02 6.3700169e-01 0.0000000e+00 
-6.2262096e-02 3.9491177e-01 0.0000000e+00 
9.0444900e-02 7.4342930e-01 0.0000000e+00 
-5.1742505e-02 2.8604088e-02 0.0000000e+00 
-1.6393978e-02 5.0821990e-01 0.0000000e+00 
-9.6571051e-02 7.3962025e-02 0.0000000e+00 
-2.9441766e-02 1.3235597e-02 0.0000000e+00 
-7.4369103e-02 3.6921695e-01 0.0000000e+00 
-1.2063918e-01 1.4935783e-01 0.0000000e+00 
-7.3147230e-02 4.5912705e-02 0.0000000e+00 
-1.1948197e-01 1.3495070e-01 0.0000000e+00 
2.4718523e-02 6.0353214e-01 0.0000000e+00 
-1.2159865e-01 1.6477798e-01 0.0000000e+00 
-9.8956980e-02 2.9778549e-01 0.0000000e+00 
-5.6872619e-03 5.3912258e-01 0.0000000e+00 
-1.1808262e-01 1.2157430e-01 0.0000000e+00 
-1.1130392e-01 2.5516859e-01 0.0000000e+00 
-1.2240119e-01 1.8119615e-01 0.0000000e+00 
1.0308760e-01 7.8104490e-01 0.0000000e+00 
-8.6592324e-03 1.5390011e-03 0.0000000e+00 
-8.6710572e-02 3.4462595e-01 0.0000000e+00 
-1.2308402e-01 1.9860034e-01 0.0000000e+00 
-1.1639327e-01 1.0924848e-01 0.0000000e+00 
6.8143345e-02 7.0758516e-01 0.0000000e+00 
-9.3153119e-02 6.5519176e-02 0.0000000e+00 
5.1776923e-02 6.7205596e-01 0.0000000e+00 
4.6459697e-03 5.7105863e-01 0.0000000e+00 
8.2970180e-02 7.4416542e-01 0.0000000e+00 
3.3900917e-02 6.3754469e-01 0.0000000e+00 
-1.2368090e-01 2.1698162e-01 0.0000000e+00 
-1.1436297e-01 9.7994477e-02 0.0000000e+00 
-1.1170699e-01 2.7657235e-01 0.0000000e+00 
-5.0642535e-02 4.5003355e-01 0.0000000e+00 
-9.9291541e-02 3.2118031e-01 0.0000000e+00 
-6.2519692e-02 4.2227271e-01 0.0000000e+00 
1.1423326e-01 8.1985289e-01 0.0000000e+00 
-3.9041776e-02 4.7884902e-01 0.0000000e+00 
-4.4319153e-02 2.3635536e-02 0.0000000e+00 
-6.7575693e-02 3.9994173e-02 0.0000000e+00 
-7.4656241e-02 3.9558411e-01 0.0000000e+00 
-2.7742099e-02 5.0870919e-01 0.0000000e+00 
9.6250199e-02 7.8185278e-01 0.0000000e+00 
-2.0428143e-02 8.6381827e-03 0.0000000e+00 
1.4563411e-02 6.0404170e-01 0.0000000e+00 
-1.2422232e-01 2.3633429e-01 0.0000000e+00 
-8.9110255e-02 5.8156986e-02 0.0000000e+00 
-1.1193831e-01 8.7833777e-02 0.0000000e+00 
-8.7043762e-02 3.6999351e-01 0.0000000e+00 
-1.6774865e-02 5.3961146e-01 0.0000000e+00 
5.9613355e-02 7.0823431e-01 0.0000000e+00 
-1.1212756e-01 2.9893234e-01 0.0000000e+00 
4.2572390e-02 6.7264676e-01 0.0000000e+00 
0.0000000e+00 0.0000000e+00 0.0000000e+00 
7.5105309e-02 7.4488103e-01 0.0000000e+00 
1.0799983e-01 8.2072377e-01 0.0000000e+00 
-1.2473578e-01 2.5665575e-01 0.0000000e+00 
-1.3416587e-01 1.5222318e-01 0.0000000e+00 
-6.1770654e-03 5.7156008e-01 0.0000000e+00 
-1.3517897e-01 1.6737406e-01 0.0000000e+00 
-9.9683307e-02 3.4553581e-01 0.0000000e+00 
2.4020161e-02 6.3809192e-01 0.0000000e+00 
-1.3296622e-01 1.3811713e-01 0.0000000e+00 
-1.0906451e-01 7.8786537e-02 0.0000000e+00 
-1.3604388e-01 1.8355225e-01 0.0000000e+00 
-6.1012723e-02 3.4942735e-02 0.0000000e+00 
8.9031391e-02 7.8263569e-01 0.0000000e+00 
-1.3153931e-01 1.2507623e-01 0.0000000e+00 
-3.5583559e-02 1.9009557e-02 0.0000000e+00 
-1.3679607e-01 2.0074336e-01 0.0000000e+00 
-8.4362276e-02 5.1863868e-02 0.0000000e+00 
-6.2913246e-02 4.5063531e-01 0.0000000e+00 
-5.1050294e-02 4.7940686e-01 0.0000000e+00 
-7.5057805e-02 4.2293954e-01 0.0000000e+00 
4.0098126e-03 6.0456610e-01 0.0000000e+00 
-3.9490025e-02 5.0924170e-01 0.0000000e+00 
-1.2984267e-01 1.1312319e-01 0.0000000e+00 
-1.1258630e-01 3.2225573e-01 0.0000000e+00 
-1.2524608e-01 2.7794629e-01 0.0000000e+00 
-1.3746819e-01 2.1893628e-01 0.0000000e+00 
-8.7471321e-02 3.9633974e-01 0.0000000e+00 
-1.0425018e-02 3.9537675e-03 0.0000000e+00 
5.0687272e-02 7.0887315e-01 0.0000000e+00 
-1.0568735e-01 7.0869416e-02 0.0000000e+00 
1.0139749e-01 8.2156754e-01 0.0000000e+00 
-2.8260993e-02 5.4013473e-01 0.0000000e+00 
6.6848949e-02 7.4557942e-01 0.0000000e+00 
3.2969706e-02 6.7323565e-01 0.0000000e+00 
-1.2783317e-01 1.0228226e-01 0.0000000e+00 
-1.0015053e-01 3.7086460e-01 0.0000000e+00 
-1.3808991e-01 2.3812316e-01 0.0000000e+00 
8.1428885e-02 7.8339642e-01 0.0000000e+00 
1.3740899e-02 6.3864696e-01 0.0000000e+00 
-1.7398173e-02 5.7208765e-01 0.0000000e+00 
-1.2577569e-01 3.0020902e-01 0.0000000e+00 
-7.8823574e-02 4.6605654e-02 0.0000000e+00 
-5.3280808e-02 3.0582733e-02 0.0000000e+00 
-1.1310241e-01 3.4655190e-01 0.0000000e+00 
-1.2546901e-01 9.2578292e-02 0.0000000e+00 
-1.3868816e-01 2.5829941e-01 0.0000000e+00 
-1.0175656e-01 6.4092591e-02 0.0000000e+00 
-2.5314763e-02 1.4152016e-02 0.0000000e+00 
9.4422854e-02 8.2238621e-01 0.0000000e+00 
-6.9418442e-03 6.0510892e-01 0.0000000e+00 
-6.3462190e-02 4.8002011e-01 0.0000000e+00 
-7.5592175e-02 4.5130208e-01 0.0000000e+00 
4.1364677e-02 7.0950502e-01 0.0000000e+00 
-1.4943466e-01 1.7020716e-01 0.0000000e+00 
-1.4841016e-01 1.5534474e-01 0.0000000e+00 
5.8199931e-02 7.4626368e-01 0.0000000e+00 
-5.1638227e-02 5.0982046e-01 0.0000000e+00 
-8.8011049e-02 4.2368141e-01 0.0000000e+00 
-1.5032533e-01 1.8612719e-01 0.0000000e+00 
2.2968974e-02 6.7382628e-01 0.0000000e+00 
-1.4721744e-01 1.4155978e-01 0.0000000e+00 
-4.0145651e-02 5.4069555e-01 0.0000000e+00 
-1.5111496e-01 2.0308812e-01 0.0000000e+00 
-1.0071092e-01 3.9718097e-01 0.0000000e+00 
-1.2634520e-01 3.2344955e-01 0.0000000e+00 
7.3440589e-02 7.8413761e-01 0.0000000e+00 
0.0000000e+00 0.0000000e+00 0.0000000e+00 
-1.2271280e-01 8.4035188e-02 0.0000000e+00 
-1.3928734e-01 2.7946347e-01 0.0000000e+00 
-1.4582133e-01 1.2887497e-01 0.0000000e+00 
3.0635444e-03 6.3921344e-01 0.0000000e+00 
-1.5183416e-01 2.2107665e-01 0.0000000e+00 
-7.2403684e-02 4.2312711e-02 0.0000000e+00 
-2.9017037e-02 5.7264459e-01 0.0000000e+00 
-1.1369401e-01 3.7183219e-01 0.0000000e+00 
1.0584697e-01 8.6262798e-01 0.0000000e+00 
-9.7232409e-02 5.8455516e-02 0.0000000e+00 
-1.4418724e-01 1.1731532e-01 0.0000000e+00 
-4.4110522e-02 2.6584784e-02 0.0000000e+00 
8.7072782e-02 8.2318211e-01 0.0000000e+00 
-1.5251122e-01 2.4008279e-01 0.0000000e+00 
4.9157314e-02 7.4693698e-01 0.0000000e+00 
3.1645328e-02 7.1013331e-01 0.0000000e+00 
-1.3990958e-01 3.0161670e-01 0.0000000e+00 
-1.8291067e-02 6.0567349e-01 0.0000000e+00 
-1.1953683e-01 7.6673828e-02 0.0000000e+00 
-1.2697361e-01 3.4767589e-01 0.0000000e+00 
-1.3370636e-02 8.0264509e-03 0.0000000e+00 
-1.4228350e-01 1.0690726e-01 0.0000000e+00 
-7.6278560e-02 4.8069140e-01 0.0000000e+00 
6.5064669e-02 7.8486204e-01 0.0000000e+00 
1.2570445e-02 6.7442209e-01 0.0000000e+00 
-8.8681132e-02 4.5203629e-01 0.0000000e+00 
-6.4187191e-02 5.1044834e-01 0.0000000e+00 
-1.5317205e-01 2.6009992e-01 0.0000000e+00 
-1.0138210e-01 4.2450055e-01 0.0000000e+00 
9.9102795e-02 8.6346972e-01 0.0000000e+00 
-5.2428834e-02 5.4129690e-01 0.0000000e+00 
-8.0113849e-03 6.3979465e-01 0.0000000e+00 
7.9344392e-02 8.2395738e-01 0.0000000e+00 
-1.1437864e-01 3.9810970e-01 0.0000000e+00 
-9.2099965e-02 5.3940583e-02 0.0000000e+00 
-1.4008482e-01 9.7677402e-02 0.0000000e+00 
-6.5012664e-02 3.8861014e-02 0.0000000e+00 
-1.4057510e-01 3.2476315e-01 0.0000000e+00 
-1.6438581e-01 1.7327169e-01 0.0000000e+00 
-4.1033298e-02 5.7323402e-01 0.0000000e+00 
-1.6526337e-01 1.8891725e-01 0.0000000e+00 
-1.6339475e-01 1.5871428e-01 0.0000000e+00 
-1.1593278e-01 7.0508882e-02 0.0000000e+00 
-1.5384023e-01 2.8112459e-01 0.0000000e+00 
-1.6605635e-01 2.0563228e-01 0.0000000e+00 
-1.6226108e-01 1.4526679e-01 0.0000000e+00 
3.9720345e-02 7.4760246e-01 0.0000000e+00 
-3.2985296e-02 2.2283975e-02 0.0000000e+00 
-1.2767883e-01 3.7289798e-01 0.0000000e+00 
2.1529151e-02 7.1076143e-01 0.0000000e+00 
5.6299508e-02 7.8557265e-01 0.0000000e+00 
-1.6679260e-01 2.2340140e-01 0.0000000e+00 
-3.0037288e-02 6.0626310e-01 0.0000000e+00 
-1.6095702e-01 1.3295354e-01 0.0000000e+00 
9.1993168e-02 8.6428916e-01 0.0000000e+00 
1.7745087e-03 6.7502636e-01 0.0000000e+00 
-1.3757816e-01 8.9650624e-02 0.0000000e+00 
-8.9500517e-02 4.8142317e-01 0.0000000e+00 
0.0000000e+00 0.0000000e+00 0.0000000e+00 
-1.6749835e-01 2.4221258e-01 0.0000000e+00 
7.1235061e-02 8.2471454e-01 0.0000000e+00 
-1.5453725e-01 3.0315635e-01 0.0000000e+00 
-7.7137396e-02 5.1112783e-01 0.0000000e+00 
-1.0218198e-01 4.5284015e-01 0.0000000e+00 
-1.4130259e-01 3.4890920e-01 0.0000000e+00 
-1.5945831e-01 1.2180068e-01 0.0000000e+00 
-6.5110512e-02 5.4194164e-01 0.0000000e+00 
-1.1517364e-01 4.2539895e-01 0.0000000e+00 
-1.9483261e-02 6.4039397e-01 0.0000000e+00 
-8.6403586e-02 5.0502017e-02 0.0000000e+00 
-1.1192995e-01 6.5543354e-02 0.0000000e+00 
-5.6595109e-02 3.6051091e-02 0.0000000e+00 
-1.6819796e-01 2.6205721e-01 0.0000000e+00 
-5.3446554e-02 5.7385892e-01 0.0000000e+00 
2.9888501e-02 7.4826330e-01 0.0000000e+00 
-1.2847809e-01 3.9912769e-01 0.0000000e+00 
1.1016260e-02 7.1139264e-01 0.0000000e+00 
4.7143750e-02 7.8627223e-01 0.0000000e+00 
8.4514372e-02 8.6508811e-01 0.0000000e+00 
-1.3477236e-01 8.2846805e-02 0.0000000e+00 
-1.5774775e-01 1.1183492e-01 0.0000000e+00 
-1.5528277e-01 3.2619750e-01 0.0000000e+00 
-1.8607201e-02 1.6107641e-02 0.0000000e+00 
-4.2179864e-02 6.0688072e-01 0.0000000e+00 
-9.4182976e-03 6.7564249e-01 0.0000000e+00 
6.2742434e-02 8.2545596e-01 0.0000000e+00 
-1.6891383e-01 2.8292993e-01 0.0000000e+00 
-1.4210956e-01 3.7406346e-01 0.0000000e+00 
-1.8004990e-01 1.7656061e-01 0.0000000e+00 
-1.8087384e-01 1.9191769e-01 0.0000000e+00 
-1.7913862e-01 1.6232169e-01 0.0000000e+00 
-1.8163456e-01 2.0837273e-01 0.0000000e+00 
-1.5582055e-01 1.0308158e-01 0.0000000e+00 
-1.0312918e-01 4.8221761e-01 0.0000000e+00 
-9.0489313e-02 5.1186150e-01 0.0000000e+00 
-1.0763326e-01 6.1757002e-02 0.0000000e+00 
-1.7811742e-01 1.4922380e-01 0.0000000e+00 
-1.8235630e-01 2.2590859e-01 0.0000000e+00 
-3.1351343e-02 6.4101452e-01 0.0000000e+00 
-1.1609657e-01 4.5371568e-01 0.0000000e+00 
-8.0344625e-02 4.8038401e-02 0.0000000e+00 
9.6141770e-02 9.0676707e-01 0.0000000e+00 
-7.8190640e-02 5.4263228e-01 0.0000000e+00 
7.6662950e-02 8.6586845e-01 0.0000000e+00 
-1.3171507e-01 7.7274941e-02 0.0000000e+00 
1.9661477e-02 7.4892265e-01 0.0000000e+00 
-1.5609492e-01 3.5025299e-01 0.0000000e+00 
-1.6966648e-01 3.0482846e-01 0.0000000e+00 
3.7596289e-02 7.8696364e-01 0.0000000e+00 
-1.2938836e-01 4.2637834e-01 0.0000000e+00 
1.0695778e-04 7.1203011e-01 0.0000000e+00 
-1.8306263e-01 2.4451146e-01 0.0000000e+00 
-1.7696740e-01 1.3729170e-01 0.0000000e+00 
-6.6256344e-02 5.7452202e-01 0.0000000e+00 
-4.7349099e-02 3.3608671e-02 0.0000000e+00 
5.3864438e-02 8.2618415e-01 0.0000000e+00 
-1.5369280e-01 9.5561229e-02 0.0000000e+00 
-1.4301285e-01 4.0023646e-01 0.0000000e+00 
-2.1007281e-02 6.7627358e-01 0.0000000e+00 
-1.8377587e-01 2.6417083e-01 0.0000000e+00 
-5.4718062e-02 6.0752934e-01 0.0000000e+00 
-1.7567638e-01 1.2655085e-01 0.0000000e+00 
8.8900849e-02 9.0757787e-01 0.0000000e+00 
-1.7047477e-01 3.2775348e-01 0.0000000e+00 
0.0000000e+00 0.0000000e+00 0.0000000e+00 
6.8435751e-02 8.6663228e-01 0.0000000e+00 
-1.5699075e-01 3.7532988e-01 0.0000000e+00 
-1.0330801e-01 5.9075613e-02 0.0000000e+00 
-1.2852317e-01 7.2920747e-02 0.0000000e+00 
-4.3614767e-02 6.4165926e-01 0.0000000e+00 
-1.8451683e-01 2.8487954e-01 0.0000000e+00 
9.0391980e-03 7.4958348e-01 0.0000000e+00 
2.7656276e-02 7.8764981e-01 0.0000000e+00 
-1.0424341e-01 5.1265144e-01 0.0000000e+00 
-1.1716565e-01 4.8307672e-01 0.0000000e+00 
-1.7424357e-01 1.1702542e-01 0.0000000e+00 
-7.4603416e-02 4.6283707e-02 0.0000000e+00 
-9.1669127e-02 5.4337132e-01 0.0000000e+00 
-1.5141492e-01 8.9283638e-02 0.0000000e+00 
-1.3042676e-01 4.5466465e-01 0.0000000e+00 
-1.1198260e-02 7.1267700e-01 0.0000000e+00 
4.4599291e-02 8.2690173e-01 0.0000000e+00 
-1.9717032e-01 1.9512294e-01 0.0000000e+00 
-1.9644119e-01 1.8006591e-01 0.0000000e+00 
-1.9786216e-01 2.1130569e-01 0.0000000e+00 
-7.9462156e-02 5.7522589e-01 0.0000000e+00 
-1.4402893e-01 4.2744035e-01 0.0000000e+00 
-1.9565630e-01 1.6615559e-01 0.0000000e+00 
-1.7135611e-01 3.5170823e-01 0.0000000e+00 
-1.9853677e-01 2.2859582e-01 0.0000000e+00 
8.1297092e-02 9.0837061e-01 0.0000000e+00 
-3.9073706e-02 3.1457607e-02 0.0000000e+00 
-1.8530479e-01 3.0663350e-01 0.0000000e+00 
-3.2991588e-02 6.7692268e-01 0.0000000e+00 
5.9829935e-02 8.6738175e-01 0.0000000e+00 
-6.7651071e-02 6.0821158e-01 0.0000000e+00 
-1.9480047e-01 1.5341486e-01 0.0000000e+00 
-1.7268635e-01 1.0873492e-01 0.0000000e+00 
-1.9921447e-01 2.4697800e-01 0.0000000e+00 
-1.5798646e-01 4.0143737e-01 0.0000000e+00 
-1.2543890e-01 6.9717199e-02 0.0000000e+00 
1.7323133e-02 7.8833371e-01 0.0000000e+00 
-1.9781752e-03 7.5024891e-01 0.0000000e+00 
-1.9386454e-01 1.4186729e-01 0.0000000e+00 
-1.4909297e-01 8.4236175e-02 0.0000000e+00 
-9.9579126e-02 5.7269946e-02 0.0000000e+00 
-1.9991507e-01 2.6644009e-01 0.0000000e+00 
-5.6272548e-02 6.4233094e-01 0.0000000e+00 
3.4945503e-02 8.2761133e-01 0.0000000e+00 
-1.8615751e-01 3.2943171e-01 0.0000000e+00 
-2.2898696e-02 7.1333635e-01 0.0000000e+00 
-1.7232682e-01 3.7669834e-01 0.0000000e+00 
-1.1840011e-01 5.1349974e-01 0.0000000e+00 
7.3326550e-02 9.0914702e-01 0.0000000e+00 
-1.3161102e-01 4.8400238e-01 0.0000000e+00 
-1.0554584e-01 5.4416084e-01 0.0000000e+00 
-7.1574420e-02 4.4127572e-02 0.0000000e+00 
-1.7105027e-01 1.0168865e-01 0.0000000e+00 
-1.9284911e-01 1.3153531e-01 0.0000000e+00 
-1.4517440e-01 4.5568866e-01 0.0000000e+00 
5.0842967e-02 8.6811906e-01 0.0000000e+00 
-2.0065744e-01 2.8697324e-01 0.0000000e+00 
-9.3063407e-02 5.7597291e-01 0.0000000e+00 
-4.5370214e-02 6.7759269e-01 0.0000000e+00 
-1.5909798e-01 4.2858633e-01 0.0000000e+00 
-8.0977976e-02 6.0892999e-01 0.0000000e+00 
-1.8709145e-01 3.5327575e-01 0.0000000e+00 
6.5965583e-03 7.8901809e-01 0.0000000e+00 
-2.1416366e-01 1.9852699e-01 0.0000000e+00 
-1.4692189e-01 8.0359548e-02 0.0000000e+00 
-1.3390241e-02 7.5092191e-01 0.0000000e+00 
-2.1474981e-01 2.1442710e-01 0.0000000e+00 
-1.9176982e-01 1.2243699e-01 0.0000000e+00 
-1.2292974e-01 6.7467973e-02 0.0000000e+00 
-2.0145929e-01 3.0857167e-01 0.0000000e+00 
2.4901878e-02 8.2831556e-01 0.0000000e+00 
-2.1357031e-01 1.8377902e-01 0.0000000e+00 
6.4985566e-02 9.0990877e-01 0.0000000e+00 
-2.1534412e-01 2.3146044e-01 0.0000000e+00 
-1.7340241e-01 4.0273160e-01 0.0000000e+00 
8.5081771e-02 9.5226574e-01 0.0000000e+00 
-1.6942318e-01 9.5875479e-02 0.0000000e+00 
-6.9323584e-02 6.4303231e-01 0.0000000e+00 
-2.1295732e-01 1.7020395e-01 0.0000000e+00 
-9.7866639e-02 5.5596959e-02 0.0000000e+00 
-3.4993455e-02 7.1401101e-01 0.0000000e+00 
-2.1596320e-01 2.4961060e-01 0.0000000e+00 
4.1472625e-02 8.6884648e-01 0.0000000e+00 
-2.1231726e-01 1.5782337e-01 0.0000000e+00 
-1.3295981e-01 5.1440817e-01 0.0000000e+00 
-1.1982061e-01 5.4500294e-01 0.0000000e+00 
-1.4646636e-01 4.8499614e-01 0.0000000e+00 
-2.0233704e-01 3.3123264e-01 0.0000000e+00 
-1.8812208e-01 3.7816980e-01 0.0000000e+00 
-2.1662407e-01 2.6886418e-01 0.0000000e+00 
-1.9066450e-01 1.1458110e-01 0.0000000e+00 
-5.8141977e-02 6.7828631e-01 0.0000000e+00 
-1.0705945e-01 5.7676530e-01 0.0000000e+00 
-1.6034125e-01 4.5678920e-01 0.0000000e+00 
-2.1165074e-01 1.4665778e-01 0.0000000e+00 
7.7358119e-02 9.5304388e-01 0.0000000e+00 
-4.5234733e-03 7.8970593e-01 0.0000000e+00 
5.6270819e-02 9.1065776e-01 0.0000000e+00 
1.4467544e-02 8.2901710e-01 0.0000000e+00 
-9.4697773e-02 6.0968691e-01 0.0000000e+00 
-2.5196359e-02 7.5160539e-01 0.0000000e+00 
-1.4522952e-01 7.7496193e-02 0.0000000e+00 
-2.1734327e-01 2.8921077e-01 0.0000000e+00 
-1.7459810e-01 4.2981759e-01 0.0000000e+00 
-1.6795371e-01 9.1245309e-02 0.0000000e+00 
-1.2182345e-01 6.5644927e-02 0.0000000e+00 
3.1717040e-02 8.6956644e-01 0.0000000e+00 
-2.0330606e-01 3.5495624e-01 0.0000000e+00 
-4.7481440e-02 7.1470380e-01 0.0000000e+00 
-8.2766630e-02 6.4376587e-01 0.0000000e+00 
-2.1097039e-01 1.3672391e-01 0.0000000e+00 
-1.8960232e-01 1.0795870e-01 0.0000000e+00 
-1.8926407e-01 4.0412021e-01 0.0000000e+00 
-2.1813668e-01 3.1064305e-01 0.0000000e+00 
6.9273442e-02 9.5380795e-01 0.0000000e+00 
-2.3230602e-01 2.1773277e-01 0.0000000e+00 
-2.3186189e-01 2.0212376e-01 0.0000000e+00 
4.7179345e-02 9.1139585e-01 0.0000000e+00 
-2.3278682e-01 2.3449966e-01 0.0000000e+00 
-1.4792290e-01 5.1537848e-01 0.0000000e+00 
-1.3449322e-01 5.4589945e-01 0.0000000e+00 
-7.1305543e-02 6.7900616e-01 0.0000000e+00 
-2.3144396e-01 1.8769130e-01 0.0000000e+00 
-1.6173270e-01 4.8605952e-01 0.0000000e+00 
-1.6036702e-02 7.9040003e-01 0.0000000e+00 
-1.2144958e-01 5.7760507e-01 0.0000000e+00 
3.6419341e-03 8.2971877e-01 0.0000000e+00 
-2.1030591e-01 1.2803029e-01 0.0000000e+00 
-2.3331702e-01 2.5240758e-01 0.0000000e+00 
-2.3104584e-01 1.7445493e-01 0.0000000e+00 
-3.7395637e-02 7.5230211e-01 0.0000000e+00 
-2.0438072e-01 3.7974510e-01 0.0000000e+00 
-1.6686916e-01 8.7675191e-02 0.0000000e+00 
-1.7592908e-01 4.5796749e-01 0.0000000e+00 
-2.1901919e-01 3.3315673e-01 0.0000000e+00 
-1.0880937e-01 6.1048460e-01 0.0000000e+00 
2.1574665e-02 8.7028134e-01 0.0000000e+00 
-1.4450151e-01 7.5285643e-02 0.0000000e+00 
-2.3391049e-01 2.7144215e-01 0.0000000e+00 
-1.8869393e-01 1.0252918e-01 0.0000000e+00 
-2.3066755e-01 1.6243339e-01 0.0000000e+00 
-6.0361341e-02 7.1541750e-01 0.0000000e+00 
-1.9053179e-01 4.3113521e-01 0.0000000e+00 
6.0823653e-02 9.5455939e-01 0.0000000e+00 
-9.6600331e-02 6.4453393e-01 0.0000000e+00 
3.7708521e-02 9.1212523e-01 0.0000000e+00 
-2.3458128e-01 2.9159176e-01 0.0000000e+00 
-2.0971003e-01 1.2057051e-01 0.0000000e+00 
-2.2000483e-01 3.5675031e-01 0.0000000e+00 
-2.3031838e-01 1.5164217e-01 0.0000000e+00 
-7.5751925e-03 8.3042312e-01 0.0000000e+00 
-2.7942585e-02 7.9110312e-01 0.0000000e+00 
-2.0557474e-01 4.0560406e-01 0.0000000e+00 
-8.4859423e-02 6.7975473e-01 0.0000000e+00 
-1.4956337e-01 5.4685205e-01 0.0000000e+00 
-1.6328967e-01 5.1641202e-01 0.0000000e+00 
-2.3534319e-01 3.1284773e-01 0.0000000e+00 
1.1044307e-02 8.7099373e-01 0.0000000e+00 
-4.9986944e-02 7.5301480e-01 0.0000000e+00 
-1.3623300e-01 5.7849401e-01 0.0000000e+00 
-1.6646932e-01 8.4912933e-02 0.0000000e+00 
-1.7741100e-01 4.8719385e-01 0.0000000e+00 
-1.8809766e-01 9.8198019e-02 0.0000000e+00 
5.2005019e-02 9.5529979e-01 0.0000000e+00 
-2.3002067e-01 1.4208989e-01 0.0000000e+00 
-1.2331158e-01 6.1132503e-01 0.0000000e+00 
7.2631702e-02 9.9911940e-01 0.0000000e+00 
-2.5053701e-01 2.2121875e-01 0.0000000e+00 
-1.9193959e-01 4.5922476e-01 0.0000000e+00 
-2.0926400e-01 1.1431282e-01 0.0000000e+00 
2.7856085e-02 9.1284794e-01 0.0000000e+00 
-2.5087169e-01 2.3771092e-01 0.0000000e+00 
-2.5026992e-01 2.0590752e-01 0.0000000e+00 
-2.2110674e-01 3.8142496e-01 0.0000000e+00 
-7.3631659e-02 7.1615452e-01 0.0000000e+00 
-2.3620938e-01 3.3520433e-01 0.0000000e+00 
-2.5128284e-01 2.5536734e-01 0.0000000e+00 
-2.5006473e-01 1.9179483e-01 0.0000000e+00 
-1.1082320e-01 6.4533859e-01 0.0000000e+00 
-2.0690151e-01 4.3254015e-01 0.0000000e+00 
-2.5178105e-01 2.7417320e-01 0.0000000e+00 
-1.9183753e-02 8.3113289e-01 0.0000000e+00 
-2.4992062e-01 1.7889778e-01 0.0000000e+00 
-4.0240288e-02 7.9181790e-01 0.0000000e+00 
-2.2981356e-01 1.3377273e-01 0.0000000e+00 
1.2512623e-04 8.7170607e-01 0.0000000e+00 
4.2814162e-02 9.5603091e-01 0.0000000e+00 
-9.8801941e-02 6.8053430e-01 0.0000000e+00 
6.4438917e-02 9.9986351e-01 0.0000000e+00 
-6.2968902e-02 7.5374609e-01 0.0000000e+00 
-2.5237775e-01 2.9411599e-01 0.0000000e+00 
-1.8800724e-01 9.4784878e-02 0.0000000e+00 
-2.3719236e-01 3.5865855e-01 0.0000000e+00 
-2.4984390e-01 1.6723087e-01 0.0000000e+00 
-1.6503075e-01 5.4786217e-01 0.0000000e+00 
-2.2233757e-01 4.0718412e-01 0.0000000e+00 
1.7620152e-02 9.1356629e-01 0.0000000e+00 
-2.0907906e-01 1.0918497e-01 0.0000000e+00 
-1.7906038e-01 5.1751029e-01 0.0000000e+00 
-1.5140888e-01 5.7943386e-01 0.0000000e+00 
-1.9350222e-01 4.8840031e-01 0.0000000e+00 
-1.3820311e-01 6.1220998e-01 0.0000000e+00 
-8.7290682e-02 7.1691740e-01 0.0000000e+00 
-2.5308454e-01 3.1518587e-01 0.0000000e+00 
-2.2975600e-01 1.2666662e-01 0.0000000e+00 
-2.4985056e-01 1.5680289e-01 0.0000000e+00 
-2.0837441e-01 4.6056205e-01 0.0000000e+00 
-1.2543362e-01 6.4618194e-01 0.0000000e+00 
-3.1183336e-02 8.3185071e-01 0.0000000e+00 
5.5886183e-02 1.0005970e+00 0.0000000e+00 
3.3248082e-02 9.5675457e-01 0.0000000e+00 
-1.1183357e-02 8.7242091e-01 0.0000000e+00 
-2.3830399e-01 3.8321012e-01 0.0000000e+00 
-5.2928686e-02 7.9254699e-01 0.0000000e+00 
-2.5391269e-01 3.3737588e-01 0.0000000e+00 
-2.6944670e-01 2.2488168e-01 0.0000000e+00 
-2.6960382e-01 2.4109204e-01 0.0000000e+00 
-2.2370958e-01 4.3403339e-01 0.0000000e+00 
-1.1313129e-01 6.8134701e-01 0.0000000e+00 
6.9992109e-03 9.1428256e-01 0.0000000e+00 
-7.6339886e-02 7.5449848e-01 0.0000000e+00 
-2.6938972e-01 2.0987342e-01 0.0000000e+00 
-2.6986626e-01 2.5848866e-01 0.0000000e+00 
-2.4996887e-01 1.4761247e-01 0.0000000e+00 
-2.0928505e-01 1.0505506e-01 0.0000000e+00 
-2.6943132e-01 1.9608290e-01 0.0000000e+00 
-2.7024147e-01 2.7705675e-01 0.0000000e+00 
-2.2992653e-01 1.2071661e-01 0.0000000e+00 
-1.8089499e-01 5.4893124e-01 0.0000000e+00 
-1.6697627e-01 5.8042604e-01 0.0000000e+00 
-1.9523528e-01 5.1867437e-01 0.0000000e+00 
4.6969410e-02 1.0013213e+00 0.0000000e+00 
-1.0133652e-01 7.1770829e-01 0.0000000e+00 
-2.5487307e-01 3.6068159e-01 0.0000000e+00 
-2.3955560e-01 4.0886113e-01 0.0000000e+00 
2.3304170e-02 9.5747268e-01 0.0000000e+00 
-1.5348260e-01 6.1314118e-01 0.0000000e+00 
-2.6957530e-01 1.8352374e-01 0.0000000e+00 
-2.7073827e-01 2.9678336e-01 0.0000000e+00 
-2.1000722e-01 4.8967996e-01 0.0000000e+00 
-4.3573201e-02 8.3257914e-01 0.0000000e+00 
-2.2881256e-02 8.7314075e-01 0.0000000e+00 
-2.5024101e-01 1.3964204e-01 0.0000000e+00 
-6.6006377e-02 7.9329294e-01 0.0000000e+00 
-1.4042990e-01 6.4706576e-01 0.0000000e+00 
-4.0078554e-03 9.1499907e-01 0.0000000e+00 
-2.2523510e-01 4.6198028e-01 0.0000000e+00 
-2.6983249e-01 1.7220496e-01 0.0000000e+00 
-2.7136591e-01 3.1765780e-01 0.0000000e+00 
-9.0098038e-02 7.5527424e-01 0.0000000e+00 
-1.2784551e-01 6.8219483e-01 0.0000000e+00 
-2.5597608e-01 3.8510138e-01 0.0000000e+00 
-2.3041412e-01 1.1582446e-01 0.0000000e+00 
3.7684876e-02 1.0020381e+00 0.0000000e+00 
-2.4095827e-01 4.3561581e-01 0.0000000e+00 
1.2980209e-02 9.5818734e-01 0.0000000e+00 
-2.7213377e-01 3.3967191e-01 0.0000000e+00 
5.8756415e-02 1.0473232e+00 0.0000000e+00 
-2.7022263e-01 1.6212738e-01 0.0000000e+00 
-2.5072226e-01 1.3285004e-01 0.0000000e+00 
-1.1576707e-01 7.1852934e-01 0.0000000e+00 
-1.9715561e-01 5.5006045e-01 0.0000000e+00 
-5.6352276e-02 8.3332080e-01 0.0000000e+00 
-1.8293421e-01 5.8147192e-01 0.0000000e+00 
-3.4968320e-02 8.7386817e-01 0.0000000e+00 
-2.8898653e-01 2.4464151e-01 0.0000000e+00 
-2.8903675e-01 2.2871912e-01 0.0000000e+00 
-2.1181454e-01 5.1990539e-01 0.0000000e+00 
-2.8907156e-01 2.6177076e-01 0.0000000e+00 
-1.6914859e-01 6.1412007e-01 0.0000000e+00 
-7.9471670e-02 7.9405820e-01 0.0000000e+00 
-1.5401772e-02 9.1571820e-01 0.0000000e+00 
-2.8922021e-01 2.1401790e-01 0.0000000e+00 
-2.8929651e-01 2.8009266e-01 0.0000000e+00 
-2.5723168e-01 4.1063595e-01 0.0000000e+00 
-2.2692685e-01 4.9103379e-01 0.0000000e+00 
-1.5581016e-01 6.4799160e-01 0.0000000e+00 
-2.7305099e-01 3.6282012e-01 0.0000000e+00 
2.8029248e-02 1.0027487e+00 0.0000000e+00 
-2.7077523e-01 1.5327878e-01 0.0000000e+00 
-2.8953865e-01 2.0055072e-01 0.0000000e+00 
-2.8966758e-01 2.9959416e-01 0.0000000e+00 
5.0107289e-02 1.0480319e+00 0.0000000e+00 
-1.0424126e-01 7.5607568e-01 0.0000000e+00 
2.2743915e-03 9.5890069e-01 0.0000000e+00 
-2.4252318e-01 4.6348041e-01 0.0000000e+00 
-1.4294247e-01 6.8307948e-01 0.0000000e+00 
-2.5147402e-01 1.2716237e-01 0.0000000e+00 
-2.8999892e-01 1.8832682e-01 0.0000000e+00 
-2.9019192e-01 3.2026398e-01 0.0000000e+00 
-4.7443930e-02 8.7460560e-01 0.0000000e+00 
-2.7412644e-01 3.8709950e-01 0.0000000e+00 
-6.9519162e-02 8.3407801e-01 0.0000000e+00 
-1.3058005e-01 7.1938252e-01 0.0000000e+00 
-2.7182866e-02 9.1644233e-01 0.0000000e+00 
-2.5864974e-01 4.3728828e-01 0.0000000e+00 
-2.7152863e-01 1.4562811e-01 0.0000000e+00 
1.7999599e-02 1.0034553e+00 0.0000000e+00 
-9.3322590e-02 7.9484504e-01 0.0000000e+00 
-1.9928163e-01 5.8257276e-01 0.0000000e+00 
-2.9061413e-01 1.7734888e-01 0.0000000e+00 
-2.1381214e-01 5.5125082e-01 0.0000000e+00 
4.1098699e-02 1.0487334e+00 0.0000000e+00 
-1.8519953e-01 6.1514801e-01 0.0000000e+00 
-2.9087692e-01 3.4209317e-01 0.0000000e+00 
-2.2879827e-01 5.2120435e-01 0.0000000e+00 
-8.8146711e-03 9.5961481e-01 0.0000000e+00 
-1.7157249e-01 6.4896107e-01 0.0000000e+00 
-1.1876725e-01 7.5690478e-01 0.0000000e+00 
-2.4426185e-01 4.9246275e-01 0.0000000e+00 
-2.7536863e-01 4.1250944e-01 0.0000000e+00 
-3.0902144e-01 2.4835879e-01 0.0000000e+00 
-3.0890173e-01 2.6521361e-01 0.0000000e+00 
-2.9140422e-01 1.6760913e-01 0.0000000e+00 
-1.5841994e-01 6.8400270e-01 0.0000000e+00 
-3.0930668e-01 2.3272988e-01 0.0000000e+00 
-2.9172996e-01 3.6507505e-01 0.0000000e+00 
-3.0894986e-01 2.8328127e-01 0.0000000e+00 
-6.0307089e-02 8.7535548e-01 0.0000000e+00 
-2.7252495e-01 1.3911909e-01 0.0000000e+00 
-2.6024005e-01 4.6506330e-01 0.0000000e+00 
-3.0975771e-01 2.1833910e-01 0.0000000e+00 
-8.3072141e-02 8.3485329e-01 0.0000000e+00 
7.5934203e-03 1.0041593e+00 0.0000000e+00 
-3.9351054e-02 9.1717398e-01 0.0000000e+00 
3.1726636e-02 1.0494288e+00 0.0000000e+00 
-3.0916980e-01 3.0254903e-01 0.0000000e+00 
-1.4577304e-01 7.2026944e-01 0.0000000e+00 
-1.0755690e-01 7.9565555e-01 0.0000000e+00 
-3.1037840e-01 2.0519587e-01 0.0000000e+00 
-2.0287944e-02 9.6033210e-01 0.0000000e+00 
-2.9239500e-01 1.5908478e-01 0.0000000e+00 
-3.0956668e-01 3.2300538e-01 0.0000000e+00 
-2.9275829e-01 3.8920546e-01 0.0000000e+00 
-2.1601743e-01 5.8372962e-01 0.0000000e+00 
-2.7678597e-01 4.3905166e-01 0.0000000e+00 
-2.3086405e-01 5.5250341e-01 0.0000000e+00 
-2.0163381e-01 6.1622620e-01 0.0000000e+00 
-3.1117684e-01 1.9330442e-01 0.0000000e+00 
-2.4618654e-01 5.2257216e-01 0.0000000e+00 
-1.8771483e-01 6.4997542e-01 0.0000000e+00 
-1.3367344e-01 7.5776345e-01 0.0000000e+00 
2.1987492e-02 1.0501198e+00 0.0000000e+00 
-3.1014597e-01 3.4464067e-01 0.0000000e+00 
-3.1913647e-03 1.0048630e+00 0.0000000e+00 
-7.3556438e-02 8.7612021e-01 0.0000000e+00 
-2.6201293e-01 4.9396771e-01 0.0000000e+00 
-1.7427552e-01 6.8496585e-01 0.0000000e+00 
-5.1905848e-02 9.1791540e-01 0.0000000e+00 
-9.7009167e-02 8.3564872e-01 0.0000000e+00 
4.3420471e-02 1.0968721e+00 0.0000000e+00 
-2.9396895e-01 4.1448259e-01 0.0000000e+00 
-3.1216568e-01 1.8266062e-01 0.0000000e+00 
-2.9361451e-01 1.5173306e-01 0.0000000e+00 
-3.2145958e-02 9.6105468e-01 0.0000000e+00 
-1.2217210e-01 7.9649186e-01 0.0000000e+00 
-3.1091341e-01 3.6744741e-01 0.0000000e+00 
-1.6134338e-01 7.2119188e-01 0.0000000e+00 
-2.7838704e-01 4.6672985e-01 0.0000000e+00 
-3.2935852e-01 2.6881808e-01 0.0000000e+00 
-3.2970861e-01 2.5224444e-01 0.0000000e+00 
-3.2920432e-01 2.8662369e-01 0.0000000e+00 
1.1878083e-02 1.0508078e+00 0.0000000e+00 
-3.3025396e-01 2.3691434e-01 0.0000000e+00 
-1.4356393e-02 1.0055685e+00 0.0000000e+00 
-2.3314042e-01 5.8494341e-01 0.0000000e+00 
-3.2924825e-01 3.0564922e-01 0.0000000e+00 
-2.1844976e-01 6.1735564e-01 0.0000000e+00 
-3.1336144e-01 1.7324829e-01 0.0000000e+00 
3.4326658e-02 1.0975442e+00 0.0000000e+00 
-2.4831073e-01 5.5381912e-01 0.0000000e+00 
-1.4895712e-01 7.5865352e-01 0.0000000e+00 
-3.3099616e-01 2.2283728e-01 0.0000000e+00 
-2.0423505e-01 6.5103585e-01 0.0000000e+00 
-8.7190256e-02 8.7690210e-01 0.0000000e+00 
-2.9536897e-01 4.4090694e-01 0.0000000e+00 
-3.1187463e-01 3.9142030e-01 0.0000000e+00 
-6.4846352e-02 9.1866904e-01 0.0000000e+00 
-2.6397938e-01 5.2400970e-01 0.0000000e+00 
-3.2949367e-01 3.2588327e-01 0.0000000e+00 
-1.1132789e-01 8.3646649e-01 0.0000000e+00 
-1.9050674e-01 6.8597025e-01 0.0000000e+00 
-4.4388808e-02 9.6178502e-01 0.0000000e+00 
-3.3193961e-01 2.1001880e-01 0.0000000e+00 
-2.8018075e-01 4.9554953e-01 0.0000000e+00 
1.3956494e-03 1.0514948e+00 0.0000000e+00 
-3.2994443e-01 3.4731582e-01 0.0000000e+00 
-1.3716543e-01 7.9735577e-01 0.0000000e+00 
-3.1478164e-01 1.6503514e-01 0.0000000e+00 
-1.7728834e-01 7.2215116e-01 0.0000000e+00 
2.4873389e-02 1.0982120e+00 0.0000000e+00 
-2.5902851e-02 1.0062778e+00 0.0000000e+00 
-3.1303516e-01 4.1655648e-01 0.0000000e+00 
-3.3309153e-01 1.9845775e-01 0.0000000e+00 
-2.9696545e-01 4.6848097e-01 0.0000000e+00 
-3.3060458e-01 3.6993858e-01 0.0000000e+00 
-7.8171268e-02 9.1943723e-01 0.0000000e+00 
-1.0120646e-01 8.7770337e-01 0.0000000e+00 
-1.6461533e-01 7.5957638e-01 0.0000000e+00 
-2.5064942e-01 5.8621502e-01 0.0000000e+00 
-2.3564561e-01 6.1853737e-01 0.0000000e+00 
-5.7016142e-02 9.6252537e-01 0.0000000e+00 
-2.6615158e-01 5.5519873e-01 0.0000000e+00 
-2.2113094e-01 6.5214330e-01 0.0000000e+00 
-1.2602568e-01 8.3730859e-01 0.0000000e+00 
-3.3446142e-01 1.8814325e-01 0.0000000e+00 
-3.5044250e-01 2.7258614e-01 0.0000000e+00 
-9.4621154e-03 1.0521827e+00 0.0000000e+00 
-3.5006174e-01 2.9012182e-01 0.0000000e+00 
-3.5104668e-01 2.5630054e-01 0.0000000e+00 
1.5056851e-02 1.0988770e+00 0.0000000e+00 
-2.0711096e-01 6.8701702e-01 0.0000000e+00 
-2.8217676e-01 5.2551776e-01 0.0000000e+00 
-3.1440055e-01 4.4285515e-01 0.0000000e+00 
-3.4990558e-01 3.0889666e-01 0.0000000e+00 
-3.3147827e-01 3.9374542e-01 0.0000000e+00 
-3.5187444e-01 2.4127467e-01 0.0000000e+00 
-3.7831463e-02 1.0069931e+00 0.0000000e+00 
-1.5253389e-01 7.9824901e-01 0.0000000e+00 
-3.4997594e-01 3.2889956e-01 0.0000000e+00 
-1.9360499e-01 7.2314852e-01 0.0000000e+00 
-2.9876593e-01 4.9720907e-01 0.0000000e+00 
-3.5292748e-01 2.2751504e-01 0.0000000e+00 
-3.3605897e-01 1.7905141e-01 0.0000000e+00 
-9.1878891e-02 9.2022210e-01 0.0000000e+00 
-1.1560261e-01 8.7852603e-01 0.0000000e+00 
-3.5027534e-01 3.5012040e-01 0.0000000e+00 
-7.0027173e-02 9.6327806e-01 0.0000000e+00 
-2.0697061e-02 1.0528731e+00 0.0000000e+00 
-3.3256957e-01 4.1873235e-01 0.0000000e+00 
4.8736581e-03 1.0995404e+00 0.0000000e+00 
-3.5420910e-01 2.1502297e-01 0.0000000e+00 
-1.8064497e-01 7.6053357e-01 0.0000000e+00 
-3.1597650e-01 4.7031766e-01 0.0000000e+00 
-1.4109956e-01 8.3817685e-01 0.0000000e+00 
-2.5321957e-01 6.1977202e-01 0.0000000e+00 
-2.6854315e-01 5.8754522e-01 0.0000000e+00 
-2.3840021e-01 6.5329874e-01 0.0000000e+00 
-5.0142482e-02 1.0077165e+00 0.0000000e+00 
-3.5080642e-01 3.7255031e-01 0.0000000e+00 
2.6587741e-02 1.1477598e+00 0.0000000e+00 
-2.8438589e-01 5.5664301e-01 0.0000000e+00 
-2.2408551e-01 6.8810713e-01 0.0000000e+00 
-3.5572353e-01 2.0379195e-01 0.0000000e+00 
-1.6827428e-01 7.9917312e-01 0.0000000e+00 
-3.0077866e-01 5.2709717e-01 0.0000000e+00 
-3.3388248e-01 4.4489747e-01 0.0000000e+00 
-2.1029030e-01 7.2418517e-01 0.0000000e+00 
-5.6791403e-03 1.1002041e+00 0.0000000e+00 
-1.0596711e-01 9.2102593e-01 0.0000000e+00 
-3.2310564e-02 1.0535684e+00 0.0000000e+00 
-3.5157183e-01 3.9618242e-01 0.0000000e+00 
-3.7215319e-01 2.7652097e-01 0.0000000e+00 
-3.7152323e-01 2.9377863e-01 0.0000000e+00 
-8.3420657e-02 9.6404529e-01 0.0000000e+00 
-1.3037595e-01 8.7937206e-01 0.0000000e+00 
-3.7303299e-01 2.6053068e-01 0.0000000e+00 
-3.1776905e-01 4.9894726e-01 0.0000000e+00 
-3.7114379e-01 3.1229404e-01 0.0000000e+00 
1.7059365e-02 1.1483942e+00 0.0000000e+00 
-3.5747442e-01 1.9380476e-01 0.0000000e+00 
-1.9704276e-01 7.6152623e-01 0.0000000e+00 
-6.2835701e-02 1.0084506e+00 0.0000000e+00 
-3.7416247e-01 2.4581510e-01 0.0000000e+00 
-1.5654635e-01 8.3907288e-01 0.0000000e+00 
-3.7101603e-01 3.3205679e-01 0.0000000e+00 
-2.7116981e-01 6.2106049e-01 0.0000000e+00 
-3.5257429e-01 4.2101172e-01 0.0000000e+00 
-2.8682038e-01 5.8893472e-01 0.0000000e+00 
-2.5604051e-01 6.5450287e-01 0.0000000e+00 
-3.7114146e-01 3.5305673e-01 0.0000000e+00 
-3.3542129e-01 4.7224104e-01 0.0000000e+00 
-3.7554207e-01 2.3237757e-01 0.0000000e+00 
-1.6604034e-02 1.1008698e+00 0.0000000e+00 
-2.4142759e-01 6.8924147e-01 0.0000000e+00 
-1.8438315e-01 8.0012935e-01 0.0000000e+00 
-4.4303522e-02 1.0542705e+00 0.0000000e+00 
-3.0301300e-01 5.5815274e-01 0.0000000e+00 
7.1712607e-03 1.1490272e+00 0.0000000e+00 
-1.2043346e-01 9.2185074e-01 0.0000000e+00 
-9.7194925e-02 9.6482927e-01 0.0000000e+00 
-3.7152153e-01 3.7528476e-01 0.0000000e+00 
-3.7717226e-01 2.2021514e-01 0.0000000e+00 
-2.2734112e-01 7.2526187e-01 0.0000000e+00 
-1.4552340e-01 8.8024324e-01 0.0000000e+00 
-3.1978497e-01 5.2874881e-01 0.0000000e+00 
-7.5910419e-02 1.0091974e+00 0.0000000e+00 
-3.5381642e-01 4.4703531e-01 0.0000000e+00 
-1.7236257e-01 8.3999825e-01 0.0000000e+00 
-2.1380526e-01 7.6255542e-01 0.0000000e+00 
-2.7903039e-02 1.1015393e+00 0.0000000e+00 
-3.3719057e-01 5.0076509e-01 0.0000000e+00 
-3.7215775e-01 3.9873323e-01 0.0000000e+00 
-3.7905219e-01 2.0931613e-01 0.0000000e+00 
-3.0800947e-03 1.1496602e+00 0.0000000e+00 
-5.6676324e-02 1.0549817e+00 0.0000000e+00 
-3.9358905e-01 2.9759818e-01 0.0000000e+00 
-3.9448929e-01 2.8062722e-01 0.0000000e+00 
-3.9296427e-01 3.1584501e-01 0.0000000e+00 
-2.8949443e-01 6.2240326e-01 0.0000000e+00 
-2.7404946e-01 6.5575635e-01 0.0000000e+00 
-2.0085691e-01 8.0111897e-01 0.0000000e+00 
-3.0547971e-01 5.9038419e-01 0.0000000e+00 
-3.9566383e-01 2.6494017e-01 0.0000000e+00 
-1.3527505e-01 9.2269838e-01 0.0000000e+00 
-1.1134788e-01 9.6563214e-01 0.0000000e+00 
-3.9261600e-01 3.3535817e-01 0.0000000e+00 
-2.5913432e-01 6.9042063e-01 0.0000000e+00 
-3.5530096e-01 4.7425228e-01 0.0000000e+00 
-3.7305146e-01 4.2339635e-01 0.0000000e+00 
-3.2203215e-01 5.5972856e-01 0.0000000e+00 
-1.6104154e-01 8.8114119e-01 0.0000000e+00 
-8.9365467e-02 1.0099591e+00 0.0000000e+00 
-3.9711118e-01 2.5054201e-01 0.0000000e+00 
-3.9254516e-01 3.5612780e-01 0.0000000e+00 
-2.4475420e-01 7.2637945e-01 0.0000000e+00 
-3.9577685e-02 1.1022147e+00 0.0000000e+00 
-1.3697779e-02 1.1502947e+00 0.0000000e+00 
-3.3919561e-01 5.3047341e-01 0.0000000e+00 
-1.8854451e-01 8.4095418e-01 0.0000000e+00 
-3.9882907e-01 2.3743273e-01 0.0000000e+00 
-6.9428876e-02 1.0557041e+00 0.0000000e+00 
-3.9275247e-01 3.7814453e-01 0.0000000e+00 
-2.3092890e-01 7.6362199e-01 0.0000000e+00 
-3.7420395e-01 4.4927022e-01 0.0000000e+00 
8.2209408e-03 1.1999793e+00 0.0000000e+00 
-3.5703105e-01 5.0266367e-01 0.0000000e+00 
-1.2587696e-01 9.6645600e-01 0.0000000e+00 
-1.5048867e-01 9.2357069e-01 0.0000000e+00 
-4.0081346e-01 2.2560525e-01 0.0000000e+00 
-3.9323834e-01 4.0140027e-01 0.0000000e+00 
-2.1769175e-01 8.0214292e-01 0.0000000e+00 
-1.0319921e-01 1.0107380e+00 0.0000000e+00 
-2.9242462e-01 6.5705979e-01 0.0000000e+00 
-3.0819157e-01 6.2380105e-01 0.0000000e+00 
-5.1628996e-02 1.1028980e+00 0.0000000e+00 
-2.4684407e-02 1.1509324e+00 0.0000000e+00 
-1.7692669e-01 8.8206744e-01 0.0000000e+00 
-2.7720284e-01 6.9164521e-01 0.0000000e+00 
-3.2451987e-01 5.9189421e-01 0.0000000e+00 
-8.2560576e-02 1.0564401e+00 0.0000000e+00 
-2.6252621e-01 7.2753853e-01 0.0000000e+00 
-3.4144267e-01 5.6137139e-01 0.0000000e+00 
-3.7561655e-01 4.7635284e-01 0.0000000e+00 
-4.1625884e-01 3.0158576e-01 0.0000000e+00 
-4.1536796e-01 3.1955421e-01 0.0000000e+00 
-1.7337269e-03 1.2005750e+00 0.0000000e+00 
-4.1744858e-01 2.8491101e-01 0.0000000e+00 
-3.9400303e-01 4.2588839e-01 0.0000000e+00 
-2.0508827e-01 8.4194189e-01 0.0000000e+00 
-4.1477758e-01 3.3880782e-01 0.0000000e+00 
-4.1893455e-01 2.6953629e-01 0.0000000e+00 
-2.4841002e-01 7.6472664e-01 0.0000000e+00 
-3.5901043e-01 5.3227210e-01 0.0000000e+00 
-4.1448861e-01 3.5933715e-01 0.0000000e+00 
-1.4077924e-01 9.6730262e-01 0.0000000e+00 
-3.6042109e-02 1.1515753e+00 0.0000000e+00 
-6.4057484e-02 1.1035914e+00 0.0000000e+00 
-1.6607074e-01 9.2446929e-01 0.0000000e+00 
-1.1740952e-01 1.0115362e+00 0.0000000e+00 
-4.2071277e-01 2.5546408e-01 0.0000000e+00 
-4.1450140e-01 3.8113284e-01 0.0000000e+00 
-2.3488373e-01 8.0320197e-01 0.0000000e+00 
-3.9504662e-01 4.5160407e-01 0.0000000e+00 
-1.2048476e-02 1.2011720e+00 0.0000000e+00 
-1.9317488e-01 8.8302320e-01 0.0000000e+00 
-3.7729093e-01 5.0464416e-01 0.0000000e+00 
-9.6070297e-02 1.0571917e+00 0.0000000e+00 
-3.1116351e-01 6.5841353e-01 0.0000000e+00 
-3.2725924e-01 6.2525427e-01 0.0000000e+00 
-2.9563013e-01 6.9291568e-01 0.0000000e+00 
-4.2277682e-01 2.4269110e-01 0.0000000e+00 
-3.4393951e-01 5.9346551e-01 0.0000000e+00 
-4.1481569e-01 4.0418631e-01 0.0000000e+00 
-2.8065374e-01 7.2873956e-01 0.0000000e+00 
-2.2198972e-01 8.4296221e-01 0.0000000e+00 
-4.7772516e-02 1.1522253e+00 0.0000000e+00 
-3.6124384e-01 5.6308192e-01 0.0000000e+00 
-7.6863132e-02 1.1042970e+00 0.0000000e+00 
-3.9636910e-01 4.7854432e-01 0.0000000e+00 
-1.5605138e-01 9.6817386e-01 0.0000000e+00 
-2.6624486e-01 7.6586986e-01 0.0000000e+00 
-1.3199383e-01 1.0123558e+00 0.0000000e+00 
-2.2726448e-02 1.2017717e+00 0.0000000e+00 
-1.8201740e-01 9.2539555e-01 0.0000000e+00 
-4.1543087e-01 4.2849025e-01 0.0000000e+00 
-3.7922934e-01 5.3414583e-01 0.0000000e+00 
-4.3835530e-01 3.2342738e-01 0.0000000e+00 
-4.3953171e-01 3.0574805e-01 0.0000000e+00 
-1.0995643e-01 1.0579612e+00 0.0000000e+00 
-4.3750206e-01 3.4241074e-01 0.0000000e+00 
-2.5242880e-01 8.0429679e-01 0.0000000e+00 
-2.0978193e-01 8.8400954e-01 0.0000000e+00 
-4.4102827e-01 2.8938016e-01 0.0000000e+00 
-4.3697363e-01 3.6268923e-01 0.0000000e+00 
-5.9876744e-02 1.1528842e+00 0.0000000e+00 
-4.4283989e-01 2.7432823e-01 0.0000000e+00 
-3.3026364e-01 6.5981805e-01 0.0000000e+00 
-3.1441325e-01 6.9423240e-01 0.0000000e+00 
-4.1634592e-01 4.5403898e-01 0.0000000e+00 
-3.4669557e-01 6.2676346e-01 0.0000000e+00 
-3.9797074e-01 5.0670803e-01 0.0000000e+00 
-9.0045400e-02 1.1050172e+00 0.0000000e+00 
-3.3770319e-02 1.2023760e+00 0.0000000e+00 
-4.3677041e-01 3.8425350e-01 0.0000000e+00 
-2.3924457e-01 8.4401590e-01 0.0000000e+00 
-2.9913336e-01 7.2998291e-01 0.0000000e+00 
-3.6373729e-01 5.9509867e-01 0.0000000e+00 
-1.7168964e-01 9.6907133e-01 0.0000000e+00 
-1.4694913e-01 1.0131985e+00 0.0000000e+00 
-4.4495878e-01 2.6059228e-01 0.0000000e+00 
-1.9832443e-01 9.2635071e-01 0.0000000e+00 
-2.8442955e-01 7.6705199e-01 0.0000000e+00 
-4.3689191e-01 4.0709466e-01 0.0000000e+00 
-3.8143486e-01 5.6486100e-01 0.0000000e+00 
-1.2421683e-01 1.0587507e+00 0.0000000e+00 
-1.1718792e-02 1.2535217e+00 0.0000000e+00 
-4.1755965e-01 4.8082852e-01 0.0000000e+00 
-7.2355375e-02 1.1535544e+00 0.0000000e+00 
-2.2674340e-01 8.8502735e-01 0.0000000e+00 
-2.7032277e-01 8.0542779e-01 0.0000000e+00 
-4.5182277e-02 1.2029867e+00 0.0000000e+00 
-3.9985222e-01 5.3609574e-01 0.0000000e+00 
-1.0360321e-01 1.1057540e+00 0.0000000e+00 
-4.3733686e-01 4.3120483e-01 0.0000000e+00 
-3.4972256e-01 6.6127378e-01 0.0000000e+00 
-2.2093687e-02 1.2540776e+00 0.0000000e+00 
-3.3354914e-01 6.9559568e-01 0.0000000e+00 
-1.6227193e-01 1.0140661e+00 0.0000000e+00 
-4.6192634e-01 3.2747152e-01 0.0000000e+00 
-1.8768996e-01 9.6999633e-01 0.0000000e+00 
-2.5684837e-01 8.4510350e-01 0.0000000e+00 
-3.6649862e-01 6.2832910e-01 0.0000000e+00 
-4.6079054e-01 3.4617296e-01 0.0000000e+00 
-4.6340626e-01 3.1009319e-01 0.0000000e+00 
-3.1796160e-01 7.3126882e-01 0.0000000e+00 
-1.3884890e-01 1.0595623e+00 0.0000000e+00 
-4.1907093e-01 5.0885677e-01 0.0000000e+00 
-4.6000189e-01 3.6618918e-01 0.0000000e+00 
-2.1498738e-01 9.2733586e-01 0.0000000e+00 
-4.3810338e-01 4.5657745e-01 0.0000000e+00 
-3.8391188e-01 5.9679437e-01 0.0000000e+00 
-4.6522495e-01 2.9404417e-01 0.0000000e+00 
-8.5208446e-02 1.1542381e+00 0.0000000e+00 
-5.6963999e-02 1.2036057e+00 0.0000000e+00 
-3.0296019e-01 7.6827341e-01 0.0000000e+00 
-4.5956147e-01 3.8751101e-01 0.0000000e+00 
-1.1753493e-01 1.1065097e+00 0.0000000e+00 
-4.6737388e-01 2.7932724e-01 0.0000000e+00 
-4.0201509e-01 5.6670964e-01 0.0000000e+00 
-2.4405469e-01 8.8607723e-01 0.0000000e+00 
-3.2828860e-02 1.2546374e+00 0.0000000e+00 
-2.8856137e-01 8.0659521e-01 0.0000000e+00 
-4.5946896e-01 4.1012925e-01 0.0000000e+00 
-4.3918920e-01 4.8320764e-01 0.0000000e+00 
-1.7795837e-01 1.0149603e+00 0.0000000e+00 
-4.2087898e-01 5.3812319e-01 0.0000000e+00 
-2.0404792e-01 9.7095019e-01 0.0000000e+00 
-6.9116645e-02 1.2042348e+00 0.0000000e+00 
-1.5384950e-01 1.0603979e+00 0.0000000e+00 
-9.8435439e-02 1.1549374e+00 0.0000000e+00 
-2.7479661e-01 8.4622532e-01 0.0000000e+00 
-4.5972276e-01 4.3403548e-01 0.0000000e+00 
-3.5303485e-01 6.9700563e-01 0.0000000e+00 
-3.6953777e-01 6.6278094e-01 0.0000000e+00 
-2.3200154e-01 9.2835176e-01 0.0000000e+00 
-3.3713490e-01 7.3259747e-01 0.0000000e+00 
-3.8666648e-01 6.2995178e-01 0.0000000e+00 
-4.3926988e-02 1.2552029e+00 0.0000000e+00 
-1.3183841e-01 1.1072865e+00 0.0000000e+00 
-3.2183284e-01 7.6953411e-01 0.0000000e+00 
-4.0446198e-01 5.9855342e-01 0.0000000e+00 
-4.4059199e-01 5.1109219e-01 0.0000000e+00 
-2.6171103e-01 8.8715971e-01 0.0000000e+00 
-4.6032041e-01 4.5922235e-01 0.0000000e+00 
-4.8464385e-01 3.5010156e-01 0.0000000e+00 
-4.8608086e-01 3.3169490e-01 0.0000000e+00 
-4.8357490e-01 3.6984313e-01 0.0000000e+00 
-3.0714029e-01 8.0779916e-01 0.0000000e+00 
-4.8788074e-01 3.1463081e-01 0.0000000e+00 
-8.1640817e-02 1.2048767e+00 0.0000000e+00 
-4.2298380e-01 5.6862891e-01 0.0000000e+00 
-1.1203528e-01 1.1556545e+00 0.0000000e+00 
-1.9400419e-01 1.0158825e+00 0.0000000e+00 
-4.8287642e-01 3.9091060e-01 0.0000000e+00 
-1.6921507e-01 1.0612592e+00 0.0000000e+00 
-2.2075880e-01 9.7193378e-01 0.0000000e+00 
-4.9003488e-01 2.9891440e-01 0.0000000e+00 
-5.5390254e-02 1.2557760e+00 0.0000000e+00 
-2.9308459e-01 8.4738147e-01 0.0000000e+00 
-4.6125880e-01 4.8568407e-01 0.0000000e+00 
-1.4651096e-01 1.1080863e+00 0.0000000e+00 
-4.8254871e-01 4.1329458e-01 0.0000000e+00 
-2.4936201e-01 9.2939895e-01 0.0000000e+00 
-4.4230956e-01 5.4022962e-01 0.0000000e+00 
-3.7286729e-01 6.9846255e-01 0.0000000e+00 
-3.8970679e-01 6.6433990e-01 0.0000000e+00 
-3.5664979e-01 7.3396879e-01 0.0000000e+00 
-4.0719724e-01 6.3163191e-01 0.0000000e+00 
-9.4536558e-02 1.2055331e+00 0.0000000e+00 
-3.3272382e-02 1.3083757e+00 0.0000000e+00 
-3.4104353e-01 7.7083409e-01 0.0000000e+00 
-4.8259035e-01 4.3698606e-01 0.0000000e+00 
-2.7970749e-01 8.8827491e-01 0.0000000e+00 
-1.2600632e-01 1.1563920e+00 0.0000000e+00 
-6.7220323e-02 1.2563586e+00 0.0000000e+00 
-4.2538631e-01 6.0037667e-01 0.0000000e+00 
-2.1040475e-01 1.0168338e+00 0.0000000e+00 
-1.8494157e-01 1.0621477e+00 0.0000000e+00 
-3.2605514e-01 8.0903965e-01 0.0000000e+00 
-4.6253449e-01 5.1341641e-01 0.0000000e+00 
-2.3781763e-01 9.7294796e-01 0.0000000e+00 
-4.8299855e-01 4.6197698e-01 0.0000000e+00 
-1.6154936e-01 1.1089113e+00 0.0000000e+00 
-4.4434035e-01 5.7062000e-01 0.0000000e+00 
-4.4063997e-02 1.3088906e+00 0.0000000e+00 
-3.1170762e-01 8.4857202e-01 0.0000000e+00 
-2.6706365e-01 9.3047786e-01 0.0000000e+00 
-5.0906259e-01 3.5420474e-01 0.0000000e+00 
-1.0780334e-01 1.2062066e+00 0.0000000e+00 
-5.1081836e-01 3.3610711e-01 0.0000000e+00 
-5.0769401e-01 3.7365812e-01 0.0000000e+00 
-7.9418346e-02 1.2569529e+00 0.0000000e+00 
-5.0671703e-01 3.9445832e-01 0.0000000e+00 
-5.1295304e-01 3.1937224e-01 0.0000000e+00 
-1.4034635e-01 1.1571517e+00 0.0000000e+00 
-3.9304349e-01 6.9996655e-01 0.0000000e+00 
-3.7650272e-01 7.3538297e-01 0.0000000e+00 
-4.1022715e-01 6.6595107e-01 0.0000000e+00 
-4.8376957e-01 4.8826060e-01 0.0000000e+00 
-4.6414396e-01 5.4241681e-01 0.0000000e+00 
-2.9803908e-01 8.8942289e-01 0.0000000e+00 
-5.0613314e-01 4.1659576e-01 0.0000000e+00 
-3.6058828e-01 7.7217329e-01 0.0000000e+00 
-4.2808908e-01 6.3337028e-01 0.0000000e+00 
-2.2715512e-01 1.0178152e+00 0.0000000e+00 
-2.0102456e-01 1.0630652e+00 0.0000000e+00 
-5.5215672e-02 1.3094122e+00 0.0000000e+00 
-2.5521919e-01 9.7399318e-01 0.0000000e+00 
-1.7694992e-01 1.1097631e+00 0.0000000e+00 
-3.4530154e-01 8.1031644e-01 0.0000000e+00 
-4.4668365e-01 6.0226494e-01 0.0000000e+00 
-5.0594151e-01 4.4006094e-01 0.0000000e+00 
-1.2144006e-01 1.2068994e+00 0.0000000e+00 
-9.1984883e-02 1.2575610e+00 0.0000000e+00 
-4.8489898e-01 5.1583171e-01 0.0000000e+00 
-2.8510123e-01 9.3158859e-01 0.0000000e+00 
-3.3066091e-01 8.4979671e-01 0.0000000e+00 
-1.5505257e-01 1.1579360e+00 0.0000000e+00 
-4.6608415e-01 5.7268429e-01 0.0000000e+00 
-5.0613934e-01 4.6484503e-01 0.0000000e+00 
-6.6729523e-02 1.3099426e+00 0.0000000e+00 
-2.1745917e-01 1.0640125e+00 0.0000000e+00 
-4.1356042e-01 7.0151776e-01 0.0000000e+00 
-2.4425001e-01 1.0188274e+00 0.0000000e+00 
-3.9669022e-01 7.3683983e-01 0.0000000e+00 
-3.1670067e-01 8.9060354e-01 0.0000000e+00 
-4.3109643e-01 6.6761482e-01 0.0000000e+00 
-1.9270843e-01 1.1106435e+00 0.0000000e+00 
-3.8046312e-01 7.7355152e-01 0.0000000e+00 
-1.3544500e-01 1.2076139e+00 0.0000000e+00 
-1.0491996e-01 1.2581851e+00 0.0000000e+00 
-5.3404731e-01 3.5849205e-01 0.0000000e+00 
-5.3236055e-01 3.7764224e-01 0.0000000e+00 
-4.8638219e-01 5.4468662e-01 0.0000000e+00 
-2.7295804e-01 9.7506976e-01 0.0000000e+00 
-4.4934011e-01 6.3516748e-01 0.0000000e+00 
-5.0672263e-01 4.9094036e-01 0.0000000e+00 
-5.3613812e-01 3.4071928e-01 0.0000000e+00 
-5.3108507e-01 3.9816108e-01 0.0000000e+00 
-3.6487505e-01 8.1162930e-01 0.0000000e+00 
-1.7012168e-01 1.1587467e+00 0.0000000e+00 
-7.8607164e-02 1.3104838e+00 0.0000000e+00 
-5.3022414e-01 4.2003876e-01 0.0000000e+00 
-4.6835274e-01 6.0421944e-01 0.0000000e+00 
-3.0346939e-01 9.3273097e-01 0.0000000e+00 
-3.4993967e-01 8.5105520e-01 0.0000000e+00 
-5.2977800e-01 4.4326520e-01 0.0000000e+00 
-5.0768620e-01 5.1834065e-01 0.0000000e+00 
-2.3424020e-01 1.0649908e+00 0.0000000e+00 
-1.1822297e-01 1.2588279e+00 0.0000000e+00 
-1.4981586e-01 1.2083523e+00 0.0000000e+00 
-4.8821464e-01 5.7482332e-01 0.0000000e+00 
-2.6168391e-01 1.0198711e+00 0.0000000e+00 
-2.0882022e-01 1.1115539e+00 0.0000000e+00 
-5.6483340e-02 1.3645270e+00 0.0000000e+00 
-3.3568713e-01 8.9181638e-01 0.0000000e+00 
-9.0849645e-02 1.3110378e+00 0.0000000e+00 
-4.3441519e-01 7.0311636e-01 0.0000000e+00 
-4.1720876e-01 7.3833936e-01 0.0000000e+00 
-5.2974445e-01 4.6783081e-01 0.0000000e+00 
-2.9102865e-01 9.7617763e-01 0.0000000e+00 
-4.0066406e-01 7.7496850e-01 0.0000000e+00 
-4.5231226e-01 6.6933161e-01 0.0000000e+00 
-1.8554980e-01 1.1595860e+00 0.0000000e+00 
-3.8477129e-01 8.1297785e-01 0.0000000e+00 
-4.7094858e-01 6.3702428e-01 0.0000000e+00 
-5.0902438e-01 5.4704124e-01 0.0000000e+00 
-3.2216269e-01 9.3390471e-01 0.0000000e+00 
-5.3011924e-01 4.9372697e-01 0.0000000e+00 
-1.3189273e-01 1.2594916e+00 0.0000000e+00 
-6.7691103e-02 1.3649998e+00 0.0000000e+00 
-3.6953908e-01 8.5234708e-01 0.0000000e+00 
-1.6454972e-01 1.2091171e+00 0.0000000e+00 
-5.5757576e-01 3.8180467e-01 0.0000000e+00 
-5.5959839e-01 3.6297420e-01 0.0000000e+00 
-4.9039245e-01 6.0624135e-01 0.0000000e+00 
-5.5598223e-01 4.0202671e-01 0.0000000e+00 
-2.5136212e-01 1.0660007e+00 0.0000000e+00 
-1.0345747e-01 1.3116070e+00 0.0000000e+00 
-2.2528021e-01 1.1124955e+00 0.0000000e+00 
-2.7945110e-01 1.0209461e+00 0.0000000e+00 
-5.5482364e-01 4.2363018e-01 0.0000000e+00 
-2.0133252e-01 1.1604553e+00 0.0000000e+00 
-3.5499328e-01 8.9306098e-01 0.0000000e+00 
-5.3089678e-01 5.2094632e-01 0.0000000e+00 
-3.0942526e-01 9.7731662e-01 0.0000000e+00 
-5.5410182e-01 4.4660443e-01 0.0000000e+00 
-5.1073134e-01 5.7703882e-01 0.0000000e+00 
-7.9257995e-02 1.3654822e+00 0.0000000e+00 
-4.3805492e-01 7.3988158e-01 0.0000000e+00 
-4.5560479e-01 7.0476258e-01 0.0000000e+00 
-4.2118716e-01 7.7642405e-01 0.0000000e+00 
-1.4592743e-01 1.2601786e+00 0.0000000e+00 
-4.7387224e-01 6.7110193e-01 0.0000000e+00 
-1.1643056e-01 1.3121939e+00 0.0000000e+00 
-1.7964312e-01 1.2099099e+00 0.0000000e+00 
-4.0498585e-01 8.1436163e-01 0.0000000e+00 
-5.5381542e-01 4.7093904e-01 0.0000000e+00 
-3.4117562e-01 9.3510932e-01 0.0000000e+00 
-4.9291274e-01 6.3894165e-01 0.0000000e+00 
-2.6881906e-01 1.0670426e+00 0.0000000e+00 
-2.4208291e-01 1.1134695e+00 0.0000000e+00 
-5.3207064e-01 5.4948306e-01 0.0000000e+00 
-3.8945436e-01 8.5367161e-01 0.0000000e+00 
-2.9754567e-01 1.0220525e+00 0.0000000e+00 
-9.1185488e-02 1.3659766e+00 0.0000000e+00 
-2.1746495e-01 1.1613564e+00 0.0000000e+00 
-5.5396068e-01 4.9662441e-01 0.0000000e+00 
-5.1280171e-01 6.0833204e-01 0.0000000e+00 
-1.6032460e-01 1.2608913e+00 0.0000000e+00 
-3.7461397e-01 8.9433664e-01 0.0000000e+00 
-3.2814214e-01 9.7848618e-01 0.0000000e+00 
-1.2976819e-01 1.3128008e+00 0.0000000e+00 
-5.8334082e-01 3.8615581e-01 0.0000000e+00 
-5.8141035e-01 4.0606406e-01 0.0000000e+00 
-1.9509198e-01 1.2107333e+00 0.0000000e+00 
-4.5922521e-01 7.4146634e-01 0.0000000e+00 
-5.7993364e-01 4.2737755e-01 0.0000000e+00 
-4.7712636e-01 7.0645672e-01 0.0000000e+00 
-4.4202849e-01 7.7791780e-01 0.0000000e+00 
-5.3363383e-01 5.7933289e-01 0.0000000e+00 
-5.5453169e-01 5.2365208e-01 0.0000000e+00 
-1.0347451e-01 1.3664851e+00 0.0000000e+00 
-3.6050263e-01 9.3634397e-01 0.0000000e+00 
-4.2551437e-01 8.1578016e-01 0.0000000e+00 
-4.9577406e-01 6.7292643e-01 0.0000000e+00 
-2.5922248e-01 1.1144762e+00 0.0000000e+00 
-2.8660503e-01 1.0681167e+00 0.0000000e+00 
-5.7891494e-01 4.5008501e-01 0.0000000e+00 
-2.3394175e-01 1.1622906e+00 0.0000000e+00 
-3.1596160e-01 1.0231899e+00 0.0000000e+00 
-4.0968072e-01 8.5502827e-01 0.0000000e+00 
-5.1523089e-01 6.4092058e-01 0.0000000e+00 
-1.7508122e-01 1.2616323e+00 0.0000000e+00 
-1.4346907e-01 1.3134304e+00 0.0000000e+00 
-5.7835418e-01 4.7417510e-01 0.0000000e+00 
-5.5552137e-01 5.5201495e-01 0.0000000e+00 
-2.1089166e-01 1.2115887e+00 0.0000000e+00 
-3.4717339e-01 9.7968560e-01 0.0000000e+00 
-3.9454404e-01 8.9564246e-01 0.0000000e+00 
-8.1398390e-02 1.4219571e+00 0.0000000e+00 
-1.1612544e-01 1.3670102e+00 0.0000000e+00 
-5.3557950e-01 6.1049306e-01 0.0000000e+00 
-5.7824838e-01 4.9963716e-01 0.0000000e+00 
-2.7669278e-01 1.1155163e+00 0.0000000e+00 
-4.8071626e-01 7.4309373e-01 0.0000000e+00 
-3.0471376e-01 1.0692226e+00 0.0000000e+00 
-4.6318418e-01 7.7944952e-01 0.0000000e+00 
-3.8013828e-01 9.3760782e-01 0.0000000e+00 
-4.9897704e-01 7.0819902e-01 0.0000000e+00 
-1.5753119e-01 1.3140852e+00 0.0000000e+00 
-1.9019356e-01 1.2624037e+00 0.0000000e+00 
-2.5075710e-01 1.1632586e+00 0.0000000e+00 
-4.4635251e-01 8.1723285e-01 0.0000000e+00 
-5.5692184e-01 5.8170766e-01 0.0000000e+00 
-3.3469275e-01 1.0243577e+00 0.0000000e+00 
-9.3025073e-02 1.4223864e+00 0.0000000e+00 
-5.1801544e-01 6.7480576e-01 0.0000000e+00 
-5.7859176e-01 5.2646154e-01 0.0000000e+00 
-6.0737121e-01 4.1028294e-01 0.0000000e+00 
-1.2913802e-01 1.3675545e+00 0.0000000e+00 
-4.3021342e-01 8.5641629e-01 0.0000000e+00 
-6.0555637e-01 4.3128923e-01 0.0000000e+00 
-2.2703704e-01 1.2124780e+00 0.0000000e+00 
-5.3790134e-01 6.4296234e-01 0.0000000e+00 
-6.0421950e-01 4.5371398e-01 0.0000000e+00 
-3.6651322e-01 9.8091394e-01 0.0000000e+00 
-4.1477835e-01 8.9697766e-01 0.0000000e+00 
-1.7195195e-01 1.3147680e+00 0.0000000e+00 
-6.0336268e-01 4.7754490e-01 0.0000000e+00 
-5.7937688e-01 5.5463994e-01 0.0000000e+00 
-1.0500889e-01 1.4228286e+00 0.0000000e+00 
-2.0565735e-01 1.2632077e+00 0.0000000e+00 
-2.9448742e-01 1.1165895e+00 0.0000000e+00 
-5.5872488e-01 6.1272621e-01 0.0000000e+00 
-3.2313886e-01 1.0703599e+00 0.0000000e+00 
-2.6790488e-01 1.1642612e+00 0.0000000e+00 
-1.4251141e-01 1.3681207e+00 0.0000000e+00 
-4.0007704e-01 9.3889982e-01 0.0000000e+00 
-5.0252467e-01 7.4476379e-01 0.0000000e+00 
-4.8465031e-01 7.8101897e-01 0.0000000e+00 
-6.0298395e-01 5.0277019e-01 0.0000000e+00 
-3.5373294e-01 1.0255548e+00 0.0000000e+00 
-2.4352242e-01 1.2134024e+00 0.0000000e+00 
-5.2115393e-01 7.0999002e-01 0.0000000e+00 
-4.6749598e-01 8.1871927e-01 0.0000000e+00 
-5.4059416e-01 6.7674088e-01 0.0000000e+00 
-4.5104775e-01 8.5783482e-01 0.0000000e+00 
-5.8059508e-01 5.8416569e-01 0.0000000e+00 
-1.1735061e-01 1.4232861e+00 0.0000000e+00 
-1.8672806e-01 1.3154811e+00 0.0000000e+00 
-3.8615581e-01 9.8217010e-01 0.0000000e+00 
-6.0307813e-01 5.2937889e-01 0.0000000e+00 
-2.2146767e-01 1.2640462e+00 0.0000000e+00 
-1.5624407e-01 1.3687112e+00 0.0000000e+00 
-4.3531185e-01 8.9834112e-01 0.0000000e+00 
-5.6092262e-01 6.4506823e-01 0.0000000e+00 
-3.1259978e-01 1.1176959e+00 0.0000000e+00 
-2.8537858e-01 1.1652989e+00 0.0000000e+00 
-6.3169396e-01 4.3537453e-01 0.0000000e+00 
-3.4187391e-01 1.0715278e+00 0.0000000e+00 
-6.3001776e-01 4.5749924e-01 0.0000000e+00 
-2.6034167e-01 1.2143631e+00 0.0000000e+00 
-4.2031351e-01 9.4021869e-01 0.0000000e+00 
-1.3005038e-01 1.4237617e+00 0.0000000e+00 
-6.0363775e-01 5.5736142e-01 0.0000000e+00 
-3.7307605e-01 1.0267801e+00 0.0000000e+00 
-5.8223695e-01 6.1503351e-01 0.0000000e+00 
-6.2884289e-01 4.8105508e-01 0.0000000e+00 
-5.0642312e-01 7.8262591e-01 0.0000000e+00 
-5.2464712e-01 7.4647671e-01 0.0000000e+00 
-2.0185558e-01 1.3162271e+00 0.0000000e+00 
-4.8894048e-01 8.2023889e-01 0.0000000e+00 
-1.7033383e-01 1.3693292e+00 0.0000000e+00 
-5.4365426e-01 7.1183020e-01 0.0000000e+00 
-2.3761904e-01 1.2649211e+00 0.0000000e+00 
-4.7217906e-01 8.5928309e-01 0.0000000e+00 
-6.2816906e-01 5.0602901e-01 0.0000000e+00 
-4.0609536e-01 9.8345262e-01 0.0000000e+00 
-5.6350797e-01 6.7873281e-01 0.0000000e+00 
-3.3102319e-01 1.1188346e+00 0.0000000e+00 
-3.0317140e-01 1.1663717e+00 0.0000000e+00 
-1.4310777e-01 1.4242580e+00 0.0000000e+00 
-6.0465342e-01 5.8670968e-01 0.0000000e+00 
-4.5613950e-01 8.9973181e-01 0.0000000e+00 
-1.0806821e-01 1.4806420e+00 0.0000000e+00 
-3.6091241e-01 1.0727253e+00 0.0000000e+00 
-2.7748832e-01 1.2153606e+00 0.0000000e+00 
-6.2799203e-01 5.3240871e-01 0.0000000e+00 
-5.8429313e-01 6.4723986e-01 0.0000000e+00 
-2.1732993e-01 1.3170083e+00 0.0000000e+00 
-1.8477783e-01 1.3699774e+00 0.0000000e+00 
-4.4084230e-01 9.4156325e-01 0.0000000e+00 
-3.9271596e-01 1.0280322e+00 0.0000000e+00 
-2.5410545e-01 1.2658336e+00 0.0000000e+00 
-5.2849871e-01 7.8427029e-01 0.0000000e+00 
-1.2012038e-01 1.4810261e+00 0.0000000e+00 
-1.5652168e-01 1.4247780e+00 0.0000000e+00 
-5.4708028e-01 7.4823272e-01 0.0000000e+00 
-6.0611492e-01 6.1741722e-01 0.0000000e+00 
-5.1068181e-01 8.2179117e-01 0.0000000e+00 
-6.2830448e-01 5.6018317e-01 0.0000000e+00 
-6.5631217e-01 4.6144938e-01 0.0000000e+00 
-5.6647527e-01 7.1372026e-01 0.0000000e+00 
-4.2632619e-01 9.8476017e-01 0.0000000e+00 
-4.9360272e-01 8.6076039e-01 0.0000000e+00 
-3.2127640e-01 1.1674790e+00 0.0000000e+00 
-3.4975079e-01 1.1200045e+00 0.0000000e+00 
-6.5479714e-01 4.8471293e-01 0.0000000e+00 
-2.9495540e-01 1.2163955e+00 0.0000000e+00 
-3.8024789e-01 1.0739506e+00 0.0000000e+00 
-1.9957250e-01 1.3706584e+00 0.0000000e+00 
-2.3314586e-01 1.3178267e+00 0.0000000e+00 
-5.8675480e-01 6.8078262e-01 0.0000000e+00 
-4.7725636e-01 9.0114868e-01 0.0000000e+00 
-6.5380567e-01 5.0941974e-01 0.0000000e+00 
-1.3252628e-01 1.4814268e+00 0.0000000e+00 
-6.2909693e-01 5.8934283e-01 0.0000000e+00 
-1.7029037e-01 1.4253244e+00 0.0000000e+00 
-2.7092040e-01 1.2667851e+00 0.0000000e+00 
-4.1264662e-01 1.0293095e+00 0.0000000e+00 
-4.6165815e-01 9.4293207e-01 0.0000000e+00 
-6.0801142e-01 6.4947897e-01 0.0000000e+00 
-6.5333486e-01 5.3555614e-01 0.0000000e+00 
-5.5087334e-01 7.8595203e-01 0.0000000e+00 
-3.3968648e-01 1.1686202e+00 0.0000000e+00 
-2.1471360e-01 1.3713750e+00 0.0000000e+00 
-5.3271568e-01 8.2337582e-01 0.0000000e+00 
-3.6877578e-01 1.1212046e+00 0.0000000e+00 
-5.6982076e-01 7.5003219e-01 0.0000000e+00 
-2.4929751e-01 1.3186845e+00 0.0000000e+00 
-4.4684267e-01 9.8609108e-01 0.0000000e+00 
-1.4528584e-01 1.4818469e+00 0.0000000e+00 
-3.1273577e-01 1.2174675e+00 0.0000000e+00 
-5.1531416e-01 8.6226588e-01 0.0000000e+00 
-6.3035810e-01 6.1987972e-01 0.0000000e+00 
-5.8961421e-01 7.1566099e-01 0.0000000e+00 
-1.8441138e-01 1.4259006e+00 0.0000000e+00 
-3.9987394e-01 1.0752023e+00 0.0000000e+00 
-6.5337801e-01 5.6310940e-01 0.0000000e+00 
-4.9865749e-01 9.0259069e-01 0.0000000e+00 
-2.8805691e-01 1.2677765e+00 0.0000000e+00 
-6.1033249e-01 6.8289167e-01 0.0000000e+00 
-6.8122792e-01 4.8852643e-01 0.0000000e+00 
-4.3286207e-01 1.0306103e+00 0.0000000e+00 
-4.8275581e-01 9.4432384e-01 0.0000000e+00 
-1.5839835e-01 1.4822896e+00 0.0000000e+00 
-2.3019619e-01 1.3721298e+00 0.0000000e+00 
-6.5392560e-01 5.9206849e-01 0.0000000e+00 
-6.7989582e-01 5.1294911e-01 0.0000000e+00 
-2.6577848e-01 1.3195832e+00 0.0000000e+00 
-3.5839444e-01 1.1697940e+00 0.0000000e+00 
-6.3207614e-01 6.5178752e-01 0.0000000e+00 
-1.9888154e-01 1.4265094e+00 0.0000000e+00 
-3.3082202e-01 1.2185766e+00 0.0000000e+00 
-3.8809142e-01 1.1224329e+00 0.0000000e+00 
-4.6763930e-01 9.8744363e-01 0.0000000e+00 
-5.7354319e-01 7.8767121e-01 0.0000000e+00 
-5.5503792e-01 8.2499242e-01 0.0000000e+00 
-6.7910814e-01 5.3882658e-01 0.0000000e+00 
-5.9286535e-01 7.5187558e-01 0.0000000e+00 
-4.1978431e-01 1.0764785e+00 0.0000000e+00 
-3.0550763e-01 1.2688080e+00 0.0000000e+00 
-5.3730875e-01 8.6379892e-01 0.0000000e+00 
-1.7186245e-01 1.4827576e+00 0.0000000e+00 
-6.1306828e-01 7.1765339e-01 0.0000000e+00 
-6.5496588e-01 6.2242383e-01 0.0000000e+00 
-5.2033800e-01 9.0405667e-01 0.0000000e+00 
-1.3654839e-01 1.5405502e+00 0.0000000e+00 
-2.4601461e-01 1.3729252e+00 0.0000000e+00 
-6.7885923e-01 5.6614465e-01 0.0000000e+00 
-4.5335653e-01 1.0319326e+00 0.0000000e+00 
-2.1369696e-01 1.4271539e+00 0.0000000e+00 
-2.8258178e-01 1.3205240e+00 0.0000000e+00 
-6.3423896e-01 6.8506151e-01 0.0000000e+00 
-5.0413018e-01 9.4573706e-01 0.0000000e+00 
-3.7739316e-01 1.1709989e+00 0.0000000e+00 
-3.4920666e-01 1.2197213e+00 0.0000000e+00 
-4.0769100e-01 1.1236875e+00 0.0000000e+00 
-1.8567608e-01 1.4832544e+00 0.0000000e+00 
-1.4903694e-01 1.5408874e+00 0.0000000e+00 
-3.2326493e-01 1.2698795e+00 0.0000000e+00 
-6.7913979e-01 5.9489036e-01 0.0000000e+00 
-4.8871064e-01 9.8881620e-01 0.0000000e+00 
-6.5648597e-01 6.5416765e-01 0.0000000e+00 
-4.3997279e-01 1.0777768e+00 0.0000000e+00 
-7.0644182e-01 5.1662433e-01 0.0000000e+00 
-5.7764429e-01 8.2664084e-01 0.0000000e+00 
-5.9650439e-01 7.8942800e-01 0.0000000e+00 
-2.6216257e-01 1.3737632e+00 0.0000000e+00 
-2.2885299e-01 1.4278371e+00 0.0000000e+00 
-5.5958200e-01 8.6535895e-01 0.0000000e+00 
-6.1621064e-01 7.5376350e-01 0.0000000e+00 
-2.9969990e-01 1.3215080e+00 0.0000000e+00 
-5.4229313e-01 9.0554577e-01 0.0000000e+00 
-7.0531368e-01 5.4222625e-01 0.0000000e+00 
-6.3683486e-01 7.1969849e-01 0.0000000e+00 
-4.7412425e-01 1.0332742e+00 0.0000000e+00 
-1.6187398e-01 1.5412453e+00 0.0000000e+00 
-1.9983646e-01 1.4837834e+00 0.0000000e+00 
-6.7993784e-01 6.2505257e-01 0.0000000e+00 
-3.9667550e-01 1.1722329e+00 0.0000000e+00 
-3.6788207e-01 1.2209007e+00 0.0000000e+00 
-5.2577615e-01 9.4717050e-01 0.0000000e+00 
-4.2756799e-01 1.1249663e+00 0.0000000e+00 
-3.4132090e-01 1.2709906e+00 0.0000000e+00 
-6.5847218e-01 6.8729377e-01 0.0000000e+00 
-7.0474923e-01 5.6929392e-01 0.0000000e+00 
-2.7863315e-01 1.3746458e+00 0.0000000e+00 
-2.4434428e-01 1.4285619e+00 0.0000000e+00 
-5.1005143e-01 9.9020696e-01 0.0000000e+00 
-4.6043342e-01 1.0790951e+00 0.0000000e+00 
-1.7505848e-01 1.5416275e+00 0.0000000e+00 
-3.1712502e-01 1.3225355e+00 0.0000000e+00 
-2.1434005e-01 1.4843478e+00 0.0000000e+00 
-6.0053051e-01 8.2832092e-01 0.0000000e+00 
-6.8123960e-01 6.5662181e-01 0.0000000e+00 
-6.1975318e-01 7.9122269e-01 0.0000000e+00 
-7.0473981e-01 5.9781259e-01 0.0000000e+00 
-5.8212930e-01 8.6694533e-01 0.0000000e+00 
-6.3985336e-01 7.5569671e-01 0.0000000e+00 
-5.6451797e-01 9.0705705e-01 0.0000000e+00 
-4.9515975e-01 1.0346333e+00 0.0000000e+00 
-3.8684073e-01 1.2221127e+00 0.0000000e+00 
-4.1623452e-01 1.1734937e+00 0.0000000e+00 
-2.6016468e-01 1.4293311e+00 0.0000000e+00 
-6.6091114e-01 7.2179759e-01 0.0000000e+00 
-3.5966760e-01 1.2721403e+00 0.0000000e+00 
-2.9541877e-01 1.3755745e+00 0.0000000e+00 
-4.4771603e-01 1.1262665e+00 0.0000000e+00 
-5.4768866e-01 9.4862276e-01 0.0000000e+00 
-1.8858874e-01 1.5420372e+00 0.0000000e+00 
-7.3195344e-01 5.4576170e-01 0.0000000e+00 
-7.0527357e-01 6.2776923e-01 0.0000000e+00 
-2.2918253e-01 1.4849511e+00 0.0000000e+00 
-3.3484888e-01 1.3236066e+00 0.0000000e+00 
-6.8303025e-01 6.8959039e-01 0.0000000e+00 
-4.8116034e-01 1.0804311e+00 0.0000000e+00 
-5.3165644e-01 9.9161428e-01 0.0000000e+00 
-7.3104930e-01 5.7256263e-01 0.0000000e+00 
-6.2369239e-01 8.3003265e-01 0.0000000e+00 
-2.7630734e-01 1.4301467e+00 0.0000000e+00 
-2.0246236e-01 1.5424782e+00 0.0000000e+00 
-6.0494614e-01 8.6855781e-01 0.0000000e+00 
-6.4328569e-01 7.9305571e-01 0.0000000e+00 
-4.0607524e-01 1.2233552e+00 0.0000000e+00 
-3.1251138e-01 1.3765502e+00 0.0000000e+00 
-4.3606347e-01 1.1747788e+00 0.0000000e+00 
-5.1645762e-01 1.0360075e+00 0.0000000e+00 
-7.0633602e-01 6.5915263e-01 0.0000000e+00 
-3.7829694e-01 1.2733268e+00 0.0000000e+00 
-5.8700776e-01 9.0858966e-01 0.0000000e+00 
-1.6690065e-01 1.6016409e+00 0.0000000e+00 
-6.6379017e-01 7.5767612e-01 0.0000000e+00 
-2.4435879e-01 1.4855968e+00 0.0000000e+00 
-7.3072630e-01 6.0083956e-01 0.0000000e+00 
-4.6812901e-01 1.1275856e+00 0.0000000e+00 
-5.6986278e-01 9.5009267e-01 0.0000000e+00 
-3.5286310e-01 1.3247206e+00 0.0000000e+00 
-6.8529451e-01 7.2395217e-01 0.0000000e+00 
-5.0214803e-01 1.0817821e+00 0.0000000e+00 
-2.1667612e-01 1.5429541e+00 0.0000000e+00 
-5.5352050e-01 9.9303651e-01 0.0000000e+00 
-2.9276472e-01 1.4310113e+00 0.0000000e+00 
-7.3097277e-01 6.3057739e-01 0.0000000e+00 
-1.7984149e-01 1.6019288e+00 0.0000000e+00 
-7.0791113e-01 6.9195336e-01 0.0000000e+00 
-3.2990250e-01 1.3775735e+00 0.0000000e+00 
-2.5986296e-01 1.4862878e+00 0.0000000e+00 
-4.2557830e-01 1.2246255e+00 0.0000000e+00 
-3.9720100e-01 1.2745483e+00 0.0000000e+00 
-4.5615584e-01 1.1760851e+00 0.0000000e+00 
-6.4712554e-01 8.3177620e-01 0.0000000e+00 
-6.2802774e-01 8.7019604e-01 0.0000000e+00 
-7.5776100e-01 5.7595676e-01 0.0000000e+00 
-5.3801250e-01 1.0373950e+00 0.0000000e+00 
-6.6709799e-01 7.9492766e-01 0.0000000e+00 
-6.0975760e-01 9.1014290e-01 0.0000000e+00 
-4.8880103e-01 1.1289208e+00 0.0000000e+00 
-3.7115911e-01 1.3258764e+00 0.0000000e+00 
-2.3122606e-01 1.5434686e+00 0.0000000e+00 
-6.8801767e-01 7.5970280e-01 0.0000000e+00 
-1.9312322e-01 1.6022427e+00 0.0000000e+00 
-7.3177397e-01 6.6176295e-01 0.0000000e+00 
-5.9229350e-01 9.5157909e-01 0.0000000e+00 
-3.0952859e-01 1.4319264e+00 0.0000000e+00 
-7.5709993e-01 6.0397613e-01 0.0000000e+00 
-2.7568829e-01 1.4870274e+00 0.0000000e+00 
-5.2339089e-01 1.0831456e+00 0.0000000e+00 
-7.0998222e-01 7.2616374e-01 0.0000000e+00 
-3.4758317e-01 1.3786445e+00 0.0000000e+00 
-5.7563853e-01 9.9447203e-01 0.0000000e+00 
-4.4534296e-01 1.2259206e+00 0.0000000e+00 
-4.1637197e-01 1.2758020e+00 0.0000000e+00 
-2.4610735e-01 1.5440257e+00 0.0000000e+00 
-2.0674378e-01 1.6025865e+00 0.0000000e+00 
-4.7650537e-01 1.1774096e+00 0.0000000e+00 
-7.5703543e-01 6.3348097e-01 0.0000000e+00 
-7.3311299e-01 6.9438499e-01 0.0000000e+00 
-3.8972837e-01 1.3270721e+00 0.0000000e+00 
-5.5981928e-01 1.0387936e+00 0.0000000e+00 
-6.7082560e-01 8.3355188e-01 0.0000000e+00 
-6.5136951e-01 8.7185991e-01 0.0000000e+00 
-5.0972646e-01 1.1302692e+00 0.0000000e+00 
-3.2659015e-01 1.4328932e+00 0.0000000e+00 
-2.9182729e-01 1.4878182e+00 0.0000000e+00 
-6.9118613e-01 7.9683924e-01 0.0000000e+00 
-6.3276255e-01 9.1171634e-01 0.0000000e+00 
-3.6554441e-01 1.3797624e+00 0.0000000e+00 
-6.1497569e-01 9.5308107e-01 0.0000000e+00 
-7.1253252e-01 7.6177788e-01 0.0000000e+00 
-2.2070028e-01 1.6029642e+00 0.0000000e+00 
-2.6131436e-01 1.5446290e+00 0.0000000e+00 
-5.4488379e-01 1.0845193e+00 0.0000000e+00 
-7.5755262e-01 6.6445595e-01 0.0000000e+00 
-4.6536261e-01 1.2272372e+00 0.0000000e+00 
-4.3580240e-01 1.2770852e+00 0.0000000e+00 
-5.9800547e-01 9.9591947e-01 0.0000000e+00 
-7.3497164e-01 7.2843409e-01 0.0000000e+00 
-7.8386164e-01 6.0722750e-01 0.0000000e+00 
-4.9710613e-01 1.1787491e+00 0.0000000e+00 
-4.0856251e-01 1.3283055e+00 0.0000000e+00 
-3.4394005e-01 1.4339124e+00 0.0000000e+00 
-3.0827165e-01 1.4886630e+00 0.0000000e+00 
-5.8187282e-01 1.0402014e+00 0.0000000e+00 
-2.3498908e-01 1.6033800e+00 0.0000000e+00 
-5.3089988e-01 1.1316276e+00 0.0000000e+00 
-7.5863397e-01 6.9688779e-01 0.0000000e+00 
-3.8377696e-01 1.3809259e+00 0.0000000e+00 
-2.7684051e-01 1.5452824e+00 0.0000000e+00 
-6.7496657e-01 8.7354946e-01 0.0000000e+00 
-7.8346145e-01 6.3648415e-01 0.0000000e+00 
-6.9478804e-01 8.3536005e-01 0.0000000e+00 
-6.5601766e-01 9.1330957e-01 0.0000000e+00 
-1.9919465e-01 1.6638606e+00 0.0000000e+00 
-7.1554601e-01 7.9879135e-01 0.0000000e+00 
-6.3790435e-01 9.5459783e-01 0.0000000e+00 
-5.6662154e-01 1.0859005e+00 0.0000000e+00 
-4.5548505e-01 1.2783942e+00 0.0000000e+00 
-4.8563090e-01 1.2285717e+00 0.0000000e+00 
-7.3733121e-01 7.6390272e-01 0.0000000e+00 
-3.2501221e-01 1.4895633e+00 0.0000000e+00 
-4.2765337e-01 1.3295738e+00 0.0000000e+00 
-3.6156866e-01 1.4349840e+00 0.0000000e+00 
-2.4960567e-01 1.6038381e+00 0.0000000e+00 
-6.2061620e-01 9.9737751e-01 0.0000000e+00 
-5.1795256e-01 1.1801000e+00 0.0000000e+00 
-7.8367102e-01 6.6723490e-01 0.0000000e+00 
-2.9267839e-01 1.5459892e+00 0.0000000e+00 
-2.1260951e-01 1.6640964e+00 0.0000000e+00 
-7.6025999e-01 7.3076522e-01 0.0000000e+00 
-4.0227178e-01 1.3821331e+00 0.0000000e+00 
-5.5231607e-01 1.1329933e+00 0.0000000e+00 
-6.0416812e-01 1.0416168e+00 0.0000000e+00 
-6.9881397e-01 8.7526488e-01 0.0000000e+00 
-7.1900821e-01 8.3720136e-01 0.0000000e+00 
-2.6454464e-01 1.6043429e+00 0.0000000e+00 
-6.7951781e-01 9.1492230e-01 0.0000000e+00 
-3.4203923e-01 1.4905210e+00 0.0000000e+00 
-7.8447223e-01 6.9946438e-01 0.0000000e+00 
-4.7541317e-01 1.2797254e+00 0.0000000e+00 
-2.2635482e-01 1.6643646e+00 0.0000000e+00 
-3.7946612e-01 1.4361073e+00 0.0000000e+00 
-7.4017352e-01 8.0078489e-01 0.0000000e+00 
-5.0614196e-01 1.2299204e+00 0.0000000e+00 
-8.1025112e-01 6.3959140e-01 0.0000000e+00 
-5.8859915e-01 1.0872871e+00 0.0000000e+00 
-6.6107428e-01 9.5612866e-01 0.0000000e+00 
-4.4699311e-01 1.3308733e+00 0.0000000e+00 
-3.0881962e-01 1.5467527e+00 0.0000000e+00 
-5.3903931e-01 1.1814590e+00 0.0000000e+00 
-7.6241028e-01 7.6607877e-01 0.0000000e+00 
-6.4346552e-01 9.9884510e-01 0.0000000e+00 
-4.2101994e-01 1.3833812e+00 0.0000000e+00 
-2.7979961e-01 1.6048989e+00 0.0000000e+00 
-8.1012833e-01 6.7010349e-01 0.0000000e+00 
-5.7397008e-01 1.1343633e+00 0.0000000e+00 
-2.4042723e-01 1.6646699e+00 0.0000000e+00 
-6.2670004e-01 1.0430379e+00 0.0000000e+00 
-7.8584462e-01 7.3315907e-01 0.0000000e+00 
-3.5934246e-01 1.4915366e+00 0.0000000e+00 
-3.2525486e-01 1.5475760e+00 0.0000000e+00 
-3.9762250e-01 1.4372807e+00 0.0000000e+00 
-4.9558043e-01 1.2810745e+00 0.0000000e+00 
-7.2290671e-01 8.7700641e-01 0.0000000e+00 
-5.2689022e-01 1.2312791e+00 0.0000000e+00 
-4.6657443e-01 1.3322002e+00 0.0000000e+00 
-7.0325768e-01 9.1655451e-01 0.0000000e+00 
-7.4348140e-01 8.3907646e-01 0.0000000e+00 
-6.1081165e-01 1.0886768e+00 0.0000000e+00 
-6.8448019e-01 9.5767307e-01 0.0000000e+00 
-8.1062603e-01 7.0211756e-01 0.0000000e+00 
-7.6506448e-01 8.0282104e-01 0.0000000e+00 
-2.9536337e-01 1.6055101e+00 0.0000000e+00 
-5.6036139e-01 1.1828226e+00 0.0000000e+00 
-2.5482252e-01 1.6650169e+00 0.0000000e+00 
-4.4001296e-01 1.3846670e+00 0.0000000e+00 
-6.6654825e-01 1.0003213e+00 0.0000000e+00 
-3.7691119e-01 1.4926103e+00 0.0000000e+00 
-7.8776622e-01 7.6830775e-01 0.0000000e+00 
-3.4197387e-01 1.5484612e+00 0.0000000e+00 
-5.9585708e-01 1.1357350e+00 0.0000000e+00 
-4.1602808e-01 1.4385020e+00 0.0000000e+00 
-6.4946359e-01 1.0444634e+00 0.0000000e+00 
-5.1598102e-01 1.2824374e+00 0.0000000e+00 
-8.3692396e-01 6.7306560e-01 0.0000000e+00 
-2.6953557e-01 1.6654108e+00 0.0000000e+00 
-4.8639044e-01 1.3335502e+00 0.0000000e+00 
-3.1122747e-01 1.6061808e+00 0.0000000e+00 
-8.1172282e-01 7.3561800e-01 0.0000000e+00 
-5.4787058e-01 1.2326443e+00 0.0000000e+00 
-7.4723941e-01 8.7877452e-01 0.0000000e+00 
-4.5924273e-01 1.3859867e+00 0.0000000e+00 
-6.3325417e-01 1.0900677e+00 0.0000000e+00 
-7.2723186e-01 9.1820627e-01 0.0000000e+00 
-2.3351051e-01 1.7271384e+00 0.0000000e+00 
-7.6820272e-01 8.4098613e-01 0.0000000e+00 
-5.8191401e-01 1.1841875e+00 0.0000000e+00 
-7.0811653e-01 9.5923084e-01 0.0000000e+00 
-3.9473465e-01 1.4937410e+00 0.0000000e+00 
-3.5896567e-01 1.5494101e+00 0.0000000e+00 
-7.9021448e-01 8.0490100e-01 0.0000000e+00 
-6.8985897e-01 1.0018053e+00 0.0000000e+00 
-8.3709365e-01 7.0485049e-01 0.0000000e+00 
-4.3467349e-01 1.4397681e+00 0.0000000e+00 
-2.8456023e-01 1.6658562e+00 0.0000000e+00 
-3.2738245e-01 1.6069148e+00 0.0000000e+00 
-6.1797243e-01 1.1371056e+00 0.0000000e+00 
-8.1339532e-01 7.7059126e-01 0.0000000e+00 
-6.7245346e-01 1.0458921e+00 0.0000000e+00 
-2.4742822e-01 1.7273185e+00 0.0000000e+00 
-5.3660959e-01 1.2838095e+00 0.0000000e+00 
-5.0643492e-01 1.3349189e+00 0.0000000e+00 
-5.6907827e-01 1.2340117e+00 0.0000000e+00 
-4.7870174e-01 1.3873358e+00 0.0000000e+00 
-3.7621865e-01 1.5504236e+00 0.0000000e+00 
-4.1280213e-01 1.4949272e+00 0.0000000e+00 
-8.3789188e-01 7.3814434e-01 0.0000000e+00 
-6.5592182e-01 1.0914581e+00 0.0000000e+00 
-2.9988939e-01 1.6663586e+00 0.0000000e+00 
-6.0369271e-01 1.1855505e+00 0.0000000e+00 
-7.5143474e-01 9.1987783e-01 0.0000000e+00 
-7.7180672e-01 8.8056988e-01 0.0000000e+00 
-3.4381750e-01 1.6077154e+00 0.0000000e+00 
-7.3197770e-01 9.6080184e-01 0.0000000e+00 
-4.5354977e-01 1.4410753e+00 0.0000000e+00 
-7.9316711e-01 8.4293133e-01 0.0000000e+00 
-2.6166242e-01 1.7275394e+00 0.0000000e+00 
-7.1339214e-01 1.0032966e+00 0.0000000e+00 
-8.1561911e-01 8.0702609e-01 0.0000000e+00 
-6.4031142e-01 1.1384729e+00 0.0000000e+00 
-5.2670211e-01 1.3363010e+00 0.0000000e+00 
-5.5746126e-01 1.2851863e+00 0.0000000e+00 
-8.6387354e-01 7.0766640e-01 0.0000000e+00 
-3.9372098e-01 1.5515015e+00 0.0000000e+00 
-6.9566447e-01 1.0473231e+00 0.0000000e+00 
-3.1551480e-01 1.6669227e+00 0.0000000e+00 
-4.3110323e-01 1.4961660e+00 0.0000000e+00 
-4.9838319e-01 1.3887093e+00 0.0000000e+00 
-5.9050894e-01 1.2353774e+00 0.0000000e+00 
-8.3929402e-01 7.7293128e-01 0.0000000e+00 
-2.7620831e-01 1.7278066e+00 0.0000000e+00 
-3.6052084e-01 1.6085856e+00 0.0000000e+00 
-4.7264871e-01 1.4424193e+00 0.0000000e+00 
-6.7880958e-01 1.0928463e+00 0.0000000e+00 
-6.2569314e-01 1.1869084e+00 0.0000000e+00 
-7.7586031e-01 9.2156953e-01 0.0000000e+00 
-7.9660290e-01 8.8239306e-01 0.0000000e+00 
-8.6434919e-01 7.4074060e-01 0.0000000e+00 
-7.5605762e-01 9.6238613e-01 0.0000000e+00 
-3.3142683e-01 1.6675535e+00 0.0000000e+00 
-8.1836945e-01 8.4491313e-01 0.0000000e+00 
-4.1146079e-01 1.5526428e+00 0.0000000e+00 
-2.9106000e-01 1.7281257e+00 0.0000000e+00 
-7.3714197e-01 1.0047951e+00 0.0000000e+00 
-5.4718697e-01 1.3376918e+00 0.0000000e+00 
-6.6286951e-01 1.1398346e+00 0.0000000e+00 
-4.4962803e-01 1.4974539e+00 0.0000000e+00 
-5.7853168e-01 1.2865634e+00 0.0000000e+00 
-3.7747979e-01 1.6095271e+00 0.0000000e+00 
-8.4127378e-01 8.0919778e-01 0.0000000e+00 
-5.1828092e-01 1.3901021e+00 0.0000000e+00 
-6.1215848e-01 1.2367378e+00 0.0000000e+00 
-7.1909094e-01 1.0487555e+00 0.0000000e+00 
-4.9196270e-01 1.4437948e+00 0.0000000e+00 
-8.6545855e-01 7.7532965e-01 0.0000000e+00 
-3.4761423e-01 1.6682557e+00 0.0000000e+00 
-3.0621040e-01 1.7285028e+00 0.0000000e+00 
-6.4791101e-01 1.1882584e+00 0.0000000e+00 
-7.0191228e-01 1.0942311e+00 0.0000000e+00 
-4.2942640e-01 1.5538454e+00 0.0000000e+00 
-8.0050248e-01 9.2328197e-01 0.0000000e+00 
-3.9468116e-01 1.6105410e+00 0.0000000e+00 
-4.6836728e-01 1.4987868e+00 0.0000000e+00 
-8.2162219e-01 8.8424486e-01 0.0000000e+00 
-7.8035021e-01 9.6398389e-01 0.0000000e+00 
-2.6994318e-01 1.7913809e+00 0.0000000e+00 
-5.6788510e-01 1.3390859e+00 0.0000000e+00 
-8.9109194e-01 7.4340951e-01 0.0000000e+00 
-5.9981686e-01 1.2879361e+00 0.0000000e+00 
-5.3838950e-01 1.3915088e+00 0.0000000e+00 
-8.4380418e-01 8.4693253e-01 0.0000000e+00 
-6.8564200e-01 1.1411890e+00 0.0000000e+00 
-7.6110226e-01 1.0063006e+00 0.0000000e+00 
-3.2165158e-01 1.7289437e+00 0.0000000e+00 
-3.6406419e-01 1.6690333e+00 0.0000000e+00 
-6.3402295e-01 1.2380894e+00 0.0000000e+00 
-5.1148504e-01 1.4451966e+00 0.0000000e+00 
-8.6717385e-01 8.1141758e-01 0.0000000e+00 
-7.4272716e-01 1.0501890e+00 0.0000000e+00 
-4.4760677e-01 1.5551058e+00 0.0000000e+00 
-2.8440154e-01 1.7915008e+00 0.0000000e+00 
-4.1211158e-01 1.6116269e+00 0.0000000e+00 
-6.7034221e-01 1.1895982e+00 0.0000000e+00 
-7.2522461e-01 1.0956117e+00 0.0000000e+00 
-8.9188516e-01 7.7778846e-01 0.0000000e+00 
-4.8731267e-01 1.5001594e+00 0.0000000e+00 
-3.3737403e-01 1.7294544e+00 0.0000000e+00 
-5.8879250e-01 1.3404785e+00 0.0000000e+00 
-3.8076255e-01 1.6698897e+00 0.0000000e+00 
-5.5870426e-01 1.3929237e+00 0.0000000e+00 
-8.2535481e-01 9.2501575e-01 0.0000000e+00 
-6.2131321e-01 1.2893004e+00 0.0000000e+00 
-8.0484891e-01 9.6559560e-01 0.0000000e+00 
-8.4685838e-01 8.8612622e-01 0.0000000e+00 
-7.0862406e-01 1.1425345e+00 0.0000000e+00 
-2.9915839e-01 1.7916723e+00 0.0000000e+00 
-7.8526676e-01 1.0078130e+00 0.0000000e+00 
-5.3120983e-01 1.4466187e+00 0.0000000e+00 
-8.6946583e-01 8.4899080e-01 0.0000000e+00 
-6.5609866e-01 1.2394289e+00 0.0000000e+00 
-4.6599162e-01 1.5564202e+00 0.0000000e+00 
-4.2975795e-01 1.6127830e+00 0.0000000e+00 
-7.6656711e-01 1.0516231e+00 0.0000000e+00 
-8.9331448e-01 8.1368697e-01 0.0000000e+00 
-3.5336614e-01 1.7300411e+00 0.0000000e+00 
-5.0645673e-01 1.5015662e+00 0.0000000e+00 
-6.9298249e-01 1.1909254e+00 0.0000000e+00 
-3.9769432e-01 1.6708268e+00 0.0000000e+00 
-7.4874103e-01 1.0969871e+00 0.0000000e+00 
-3.1420693e-01 1.7919027e+00 0.0000000e+00 
-6.0990578e-01 1.3418645e+00 0.0000000e+00 
-5.7922131e-01 1.3943409e+00 0.0000000e+00 
-9.1857010e-01 7.8030986e-01 0.0000000e+00 
-6.4301753e-01 1.2906522e+00 0.0000000e+00 
-5.5113208e-01 1.4480549e+00 0.0000000e+00 
-8.5041052e-01 9.2677146e-01 0.0000000e+00 
-4.4760779e-01 1.6140068e+00 0.0000000e+00 
-8.2954681e-01 9.6722168e-01 0.0000000e+00 
-4.8457155e-01 1.5577832e+00 0.0000000e+00 
-7.3181075e-01 1.1438698e+00 0.0000000e+00 
-8.7230504e-01 8.8803810e-01 0.0000000e+00 
-3.6961377e-01 1.7307098e+00 0.0000000e+00 
-6.7838204e-01 1.2407532e+00 0.0000000e+00 
-8.0962861e-01 1.0093328e+00 0.0000000e+00 
-3.2953897e-01 1.7921988e+00 0.0000000e+00 
-4.1484427e-01 1.6718453e+00 0.0000000e+00 
-8.9534867e-01 8.5108912e-01 0.0000000e+00 
-5.2579302e-01 1.5030007e+00 0.0000000e+00 
-7.9060423e-01 1.0530581e+00 0.0000000e+00 
-7.1582764e-01 1.1922380e+00 0.0000000e+00 
-9.1969079e-01 8.1600767e-01 0.0000000e+00 
-7.7245557e-01 1.0983572e+00 0.0000000e+00 
-5.9993720e-01 1.3957549e+00 0.0000000e+00 
-6.3122207e-01 1.3432388e+00 0.0000000e+00 
-3.8610071e-01 1.7314651e+00 0.0000000e+00 
-4.6564949e-01 1.6152940e+00 0.0000000e+00 
-6.6492665e-01 1.2919875e+00 0.0000000e+00 
-5.7124776e-01 1.4494991e+00 0.0000000e+00 
-5.0333834e-01 1.5591892e+00 0.0000000e+00 
-3.4514582e-01 1.7925676e+00 0.0000000e+00 
-4.3219736e-01 1.6729442e+00 0.0000000e+00 
-7.5519681e-01 1.1451939e+00 0.0000000e+00 
-7.0086950e-01 1.2420598e+00 0.0000000e+00 
-8.7566257e-01 9.2855006e-01 0.0000000e+00 
-8.5443664e-01 9.6886277e-01 0.0000000e+00 
-5.4531622e-01 1.5044569e+00 0.0000000e+00 
-8.9795566e-01 8.8998133e-01 0.0000000e+00 
-8.3418065e-01 1.0108603e+00 0.0000000e+00 
-3.0860963e-01 1.8564626e+00 0.0000000e+00 
-8.1483179e-01 1.0544939e+00 0.0000000e+00 
-9.2144662e-01 8.5322875e-01 0.0000000e+00 
-4.0280944e-01 1.7323109e+00 0.0000000e+00 
-3.6101598e-01 1.7930170e+00 0.0000000e+00 
-7.3887306e-01 1.1935346e+00 0.0000000e+00 
-4.8387259e-01 1.6166396e+00 0.0000000e+00 
-6.2084937e-01 1.3971601e+00 0.0000000e+00 
-6.5273875e-01 1.3445972e+00 0.0000000e+00 
-5.2228492e-01 1.5606316e+00 0.0000000e+00 
-4.4973931e-01 1.6741210e+00 0.0000000e+00 
-7.9636192e-01 1.0997217e+00 0.0000000e+00 
-5.9155351e-01 1.4509449e+00 0.0000000e+00 
-9.4629771e-01 8.1838131e-01 0.0000000e+00 
-6.8703777e-01 1.2933031e+00 0.0000000e+00 
-3.2365939e-01 1.8565158e+00 0.0000000e+00 
-5.6502187e-01 1.5059277e+00 0.0000000e+00 
-7.7877665e-01 1.1465065e+00 0.0000000e+00 
-7.2355735e-01 1.2433463e+00 0.0000000e+00 
-4.1972190e-01 1.7332486e+00 0.0000000e+00 
-3.7713382e-01 1.7935550e+00 0.0000000e+00 
-8.7951082e-01 9.7051954e-01 0.0000000e+00 
-9.0110356e-01 9.3035227e-01 0.0000000e+00 
-8.5891533e-01 1.0123963e+00 0.0000000e+00 
-5.0226802e-01 1.6180378e+00 0.0000000e+00 
-9.2380327e-01 8.9195698e-01 0.0000000e+00 
-4.6745703e-01 1.6753719e+00 0.0000000e+00 
-3.3898446e-01 1.8566368e+00 0.0000000e+00 
-5.4140556e-01 1.5621037e+00 0.0000000e+00 
-8.3924246e-01 1.0559311e+00 0.0000000e+00 
-6.4195561e-01 1.3985510e+00 0.0000000e+00 
-7.6211399e-01 1.1948142e+00 0.0000000e+00 
-6.7445356e-01 1.3459353e+00 0.0000000e+00 
-9.4775373e-01 8.5541087e-01 0.0000000e+00 
-6.1204678e-01 1.4523860e+00 0.0000000e+00 
-8.2045335e-01 1.1010807e+00 0.0000000e+00 
-7.0934790e-01 1.2945960e+00 0.0000000e+00 
-3.9347988e-01 1.7941892e+00 0.0000000e+00 
-4.3682048e-01 1.7342781e+00 0.0000000e+00 
-5.8490676e-01 1.5074061e+00 0.0000000e+00 
-3.5457551e-01 1.8568337e+00 0.0000000e+00 
-7.4644172e-01 1.2446110e+00 0.0000000e+00 
-5.2082801e-01 1.6194817e+00 0.0000000e+00 
-8.0254430e-01 1.1478072e+00 0.0000000e+00 
-4.8533881e-01 1.6766915e+00 0.0000000e+00 
-5.6069553e-01 1.5635983e+00 0.0000000e+00 
-9.0476137e-01 9.7219282e-01 0.0000000e+00 
-9.2672575e-01 9.3217891e-01 0.0000000e+00 
-8.8382459e-01 1.0139413e+00 0.0000000e+00 
-6.6325426e-01 1.3999226e+00 0.0000000e+00 
-4.1003254e-01 1.7949253e+00 0.0000000e+00 
-9.4984072e-01 8.9396602e-01 0.0000000e+00 
-6.3272583e-01 1.4538163e+00 0.0000000e+00 
-6.9636440e-01 1.3472492e+00 0.0000000e+00 
-4.5408857e-01 1.7353972e+00 0.0000000e+00 
-8.6382842e-01 1.0573702e+00 0.0000000e+00 
-7.8554547e-01 1.1960758e+00 0.0000000e+00 
-3.7042388e-01 1.8571149e+00 0.0000000e+00 
-6.0496843e-01 1.5088856e+00 0.0000000e+00 
-7.3185432e-01 1.2958632e+00 0.0000000e+00 
-9.7426355e-01 8.5763675e-01 0.0000000e+00 
-8.4472257e-01 1.1024346e+00 0.0000000e+00 
-5.3954637e-01 1.6209642e+00 0.0000000e+00 
-5.0337464e-01 1.6780738e+00 0.0000000e+00 
-7.6951855e-01 1.2458525e+00 0.0000000e+00 
-4.2676944e-01 1.7957664e+00 0.0000000e+00 
-5.8015150e-01 1.5651079e+00 0.0000000e+00 
-8.2649320e-01 1.1490960e+00 0.0000000e+00 
-4.7151124e-01 1.7366017e+00 0.0000000e+00 
-3.8651305e-01 1.8574920e+00 0.0000000e+00 
-6.8474394e-01 1.4012703e+00 0.0000000e+00 
-6.5358937e-01 1.4552300e+00 0.0000000e+00 
-9.3017972e-01 9.7388327e-01 0.0000000e+00 
-9.0889990e-01 1.0154960e+00 0.0000000e+00 
-9.5252103e-01 9.3403077e-01 0.0000000e+00 
-7.1846944e-01 1.3485352e+00 0.0000000e+00 
-8.0916184e-01 1.1973190e+00 0.0000000e+00 
-6.2520534e-01 1.5103592e+00 0.0000000e+00 
-8.8858145e-01 1.0588118e+00 0.0000000e+00 
-9.7606063e-01 8.9600933e-01 0.0000000e+00 
-5.2155620e-01 1.6795115e+00 0.0000000e+00 
-5.5841833e-01 1.6224775e+00 0.0000000e+00 
-7.5455391e-01 1.2971028e+00 0.0000000e+00 
-3.4966615e-01 1.9222105e+00 0.0000000e+00 
-4.4366908e-01 1.7967128e+00 0.0000000e+00 
-8.6916184e-01 1.1037842e+00 0.0000000e+00 
-4.0281826e-01 1.8579764e+00 0.0000000e+00 
-4.8907554e-01 1.7378863e+00 0.0000000e+00 
-5.9977126e-01 1.5666251e+00 0.0000000e+00 
-7.9278344e-01 1.2470696e+00 0.0000000e+00 
-8.5061634e-01 1.1503733e+00 0.0000000e+00 
-7.0642352e-01 1.4025893e+00 0.0000000e+00 
-6.7463678e-01 1.4566215e+00 0.0000000e+00 
-3.6537617e-01 1.9221915e+00 0.0000000e+00 
-7.4076653e-01 1.3497903e+00 0.0000000e+00 
-4.6071181e-01 1.7977622e+00 0.0000000e+00 
-5.3987706e-01 1.6809971e+00 0.0000000e+00 
-6.4561671e-01 1.5118203e+00 0.0000000e+00 
-9.5575708e-01 9.7559172e-01 0.0000000e+00 
-5.7744050e-01 1.6240139e+00 0.0000000e+00 
-9.3413222e-01 1.0170612e+00 0.0000000e+00 
-4.1931021e-01 1.8585778e+00 0.0000000e+00 
-9.7848111e-01 9.3590868e-01 0.0000000e+00 
-8.3295715e-01 1.1985438e+00 0.0000000e+00 
-9.1349262e-01 1.0602568e+00 0.0000000e+00 
-5.0677061e-01 1.7392440e+00 0.0000000e+00 
-7.7744341e-01 1.2983130e+00 0.0000000e+00 
-1.0024554e+00 8.9808786e-01 0.0000000e+00 
-6.1955345e-01 1.5681427e+00 0.0000000e+00 
-8.9376277e-01 1.1051300e+00 0.0000000e+00 
-3.8133425e-01 1.9222602e+00 0.0000000e+00 
-8.1623155e-01 1.2482618e+00 0.0000000e+00 
-4.7788054e-01 1.7989099e+00 0.0000000e+00 
-4.3595910e-01 1.8593013e+00 0.0000000e+00 
-8.7490618e-01 1.1516397e+00 0.0000000e+00 
-6.9586772e-01 1.4579855e+00 0.0000000e+00 
-5.5833238e-01 1.6825225e+00 0.0000000e+00 
-7.2829211e-01 1.4038761e+00 0.0000000e+00 
-5.9661078e-01 1.6255655e+00 0.0000000e+00 
-6.6620243e-01 1.5132627e+00 0.0000000e+00 
-7.6325375e-01 1.3510122e+00 0.0000000e+00 
-5.2458781e-01 1.7406671e+00 0.0000000e+00 
-3.9753300e-01 1.9224291e+00 0.0000000e+00 
-9.8148417e-01 9.7731876e-01 0.0000000e+00 
-8.5692477e-01 1.1997507e+00 0.0000000e+00 
-9.5951211e-01 1.0186378e+00 0.0000000e+00 
-6.3949782e-01 1.5696533e+00 0.0000000e+00 
-1.0045972e+00 9.3781322e-01 0.0000000e+00 
-8.0051923e-01 1.2994925e+00 0.0000000e+00 
-9.3855256e-01 1.0617062e+00 0.0000000e+00 
-4.9516106e-01 1.8001497e+00 0.0000000e+00 
-4.5273736e-01 1.8601477e+00 0.0000000e+00 
-9.1851634e-01 1.1064728e+00 0.0000000e+00 
-5.7691914e-01 1.6840793e+00 0.0000000e+00 
-8.3985740e-01 1.2494290e+00 0.0000000e+00 
-4.1393912e-01 1.9227189e+00 0.0000000e+00 
-5.4252076e-01 1.7421473e+00 0.0000000e+00 
-7.1728212e-01 1.4593172e+00 0.0000000e+00 
-6.1592841e-01 1.6271245e+00 0.0000000e+00 
-7.5034875e-01 1.4051268e+00 0.0000000e+00 
-8.9935440e-01 1.1528962e+00 0.0000000e+00 
-6.8696302e-01 1.5146803e+00 0.0000000e+00 
-7.8592867e-01 1.3521985e+00 0.0000000e+00 
-4.6962115e-01 1.8611137e+00 0.0000000e+00 
-5.1254213e-01 1.8014734e+00 0.0000000e+00 
-6.5960485e-01 1.5711501e+00 0.0000000e+00 
-8.8105744e-01 1.2009400e+00 0.0000000e+00 
-8.2377738e-01 1.3006405e+00 0.0000000e+00 
-1.0073513e+00 9.7906512e-01 0.0000000e+00 
-9.8502940e-01 1.0202265e+00 0.0000000e+00 
-4.3050677e-01 1.9231471e+00 0.0000000e+00 
-9.6375114e-01 1.0631607e+00 0.0000000e+00 
-1.0308603e+00 9.3974507e-01 0.0000000e+00 
-5.9563565e-01 1.6856592e+00 0.0000000e+00 
-5.6056511e-01 1.7436761e+00 0.0000000e+00 
-6.3539356e-01 1.6286832e+00 0.0000000e+00 
-9.4341284e-01 1.1078141e+00 0.0000000e+00 
-7.3888022e-01 1.4606123e+00 0.0000000e+00 
-8.6365509e-01 1.2505714e+00 0.0000000e+00 
-7.7259237e-01 1.4063387e+00 0.0000000e+00 
-4.8659110e-01 1.8621930e+00 0.0000000e+00 
-7.0789927e-01 1.5160676e+00 0.0000000e+00 
-5.3001535e-01 1.8028723e+00 0.0000000e+00 
-3.9333391e-01 1.9883915e+00 0.0000000e+00 
-9.2395198e-01 1.1541435e+00 0.0000000e+00 
-8.0878878e-01 1.3533478e+00 0.0000000e+00 
-4.4719100e-01 1.9237227e+00 0.0000000e+00 
-6.7987567e-01 1.5726264e+00 0.0000000e+00 
-6.1448175e-01 1.6872540e+00 0.0000000e+00 
-9.0534723e-01 1.2021129e+00 0.0000000e+00 
-5.7871842e-01 1.7452445e+00 0.0000000e+00 
-8.4721327e-01 1.3017566e+00 0.0000000e+00 
-1.0106738e+00 1.0218278e+00 0.0000000e+00 
-1.0333483e+00 9.8083127e-01 0.0000000e+00 
-6.5500742e-01 1.6302341e+00 0.0000000e+00 
-5.0363237e-01 1.8633770e+00 0.0000000e+00 
-4.0981635e-01 1.9882767e+00 0.0000000e+00 
-9.8907787e-01 1.0646212e+00 0.0000000e+00 
-5.4757512e-01 1.8043373e+00 0.0000000e+00 
-7.6066220e-01 1.4618669e+00 0.0000000e+00 
-4.6395388e-01 1.9244461e+00 0.0000000e+00 
-9.6844202e-01 1.1091545e+00 0.0000000e+00 
-7.2901237e-01 1.5174193e+00 0.0000000e+00 
-7.9502189e-01 1.4075093e+00 0.0000000e+00 
-8.8761789e-01 1.2516897e+00 0.0000000e+00 
-7.0031208e-01 1.5740761e+00 0.0000000e+00 
-8.3183098e-01 1.3544589e+00 0.0000000e+00 
-9.4868928e-01 1.1553831e+00 0.0000000e+00 
-6.3345832e-01 1.6888558e+00 0.0000000e+00 
-5.9697998e-01 1.7468438e+00 0.0000000e+00 
-4.2652571e-01 1.9882923e+00 0.0000000e+00 
-5.2073431e-01 1.8646559e+00 0.0000000e+00 
-4.8076627e-01 1.9253109e+00 0.0000000e+00 
-8.7082171e-01 1.3028411e+00 0.0000000e+00 
-6.7477196e-01 1.6317704e+00 0.0000000e+00 
-9.2978543e-01 1.2032706e+00 0.0000000e+00 
-5.6521827e-01 1.8058589e+00 0.0000000e+00 
-1.0364339e+00 1.0234425e+00 0.0000000e+00 
-1.0594649e+00 9.8261750e-01 0.0000000e+00 
-1.0145215e+00 1.0660886e+00 0.0000000e+00 
-7.8262824e-01 1.4630774e+00 0.0000000e+00 
-7.5030369e-01 1.5187309e+00 0.0000000e+00 
-8.1763572e-01 1.4086367e+00 0.0000000e+00 
-4.4337064e-01 1.9884795e+00 0.0000000e+00 
-9.9359274e-01 1.1104953e+00 0.0000000e+00 
-9.1173846e-01 1.2527848e+00 0.0000000e+00 
-7.2091615e-01 1.5754932e+00 0.0000000e+00 
-6.1535060e-01 1.7484657e+00 0.0000000e+00 
-5.3789008e-01 1.8660192e+00 0.0000000e+00 
-6.5256751e-01 1.6904567e+00 0.0000000e+00 
-8.5505176e-01 1.3555313e+00 0.0000000e+00 
-4.9760741e-01 1.9263065e+00 0.0000000e+00 
-9.7355580e-01 1.1566162e+00 0.0000000e+00 
-5.8294380e-01 1.8074275e+00 0.0000000e+00 
-6.9468969e-01 1.6332852e+00 0.0000000e+00 
-8.9459687e-01 1.3038944e+00 0.0000000e+00 
-4.6026659e-01 1.9888573e+00 0.0000000e+00 
-9.5436245e-01 1.2044142e+00 0.0000000e+00 
-8.0477828e-01 1.4642414e+00 0.0000000e+00 
-7.7177465e-01 1.5199980e+00 0.0000000e+00 
-5.5509621e-01 1.8674563e+00 0.0000000e+00 
-1.0622987e+00 1.0250708e+00 0.0000000e+00 
-5.1446390e-01 1.9274205e+00 0.0000000e+00 
-1.0400701e+00 1.0675634e+00 0.0000000e+00 
-6.3383234e-01 1.7501018e+00 0.0000000e+00 
-8.4043205e-01 1.4097195e+00 0.0000000e+00 
-6.7181212e-01 1.6920496e+00 0.0000000e+00 
-7.4169034e-01 1.5768726e+00 0.0000000e+00 
-9.3600845e-01 1.2538581e+00 0.0000000e+00 
-1.0188533e+00 1.1118376e+00 0.0000000e+00 
-6.0075265e-01 1.8090345e+00 0.0000000e+00 
-8.7844694e-01 1.3565651e+00 0.0000000e+00 
-4.7715649e-01 1.9894220e+00 0.0000000e+00 
-7.1476382e-01 1.6347721e+00 0.0000000e+00 
-9.9854022e-01 1.1578442e+00 0.0000000e+00 
-5.7235205e-01 1.8689567e+00 0.0000000e+00 
-5.3132832e-01 1.9286397e+00 0.0000000e+00 
-9.1853201e-01 1.3049178e+00 0.0000000e+00 
-9.7906798e-01 1.2055458e+00 0.0000000e+00 
-6.5242851e-01 1.7517445e+00 0.0000000e+00 
-7.9342663e-01 1.5212170e+00 0.0000000e+00 
-8.2711208e-01 1.4653565e+00 0.0000000e+00 
-4.4002205e-01 2.0545912e+00 0.0000000e+00 
-6.9119573e-01 1.6936275e+00 0.0000000e+00 
-6.1864728e-01 1.8106709e+00 0.0000000e+00 
-4.9400684e-01 1.9901583e+00 0.0000000e+00 
-7.6263726e-01 1.5782090e+00 0.0000000e+00 
-8.6340833e-01 1.4107567e+00 0.0000000e+00 
-1.0882559e+00 1.0267129e+00 0.0000000e+00 
-1.0657115e+00 1.0690464e+00 0.0000000e+00 
-9.6041882e-01 1.2549113e+00 0.0000000e+00 
-1.0442113e+00 1.1131822e+00 0.0000000e+00 
-7.3499775e-01 1.6362255e+00 0.0000000e+00 
-9.0201157e-01 1.3575608e+00 0.0000000e+00 
-5.4819798e-01 1.9299507e+00 0.0000000e+00 
-5.8965933e-01 1.8705106e+00 0.0000000e+00 
-1.0236306e+00 1.1590685e+00 0.0000000e+00 
-4.5746791e-01 2.0544064e+00 0.0000000e+00 
-5.1080072e-01 1.9910464e+00 0.0000000e+00 
-6.7114311e-01 1.7533865e+00 0.0000000e+00 
-9.4261962e-01 1.3059125e+00 0.0000000e+00 
-6.3663143e-01 1.8123287e+00 0.0000000e+00 
-7.1072251e-01 1.6951839e+00 0.0000000e+00 
-8.1526089e-01 1.5223846e+00 0.0000000e+00 
-1.0038906e+00 1.2066666e+00 0.0000000e+00 
-8.4962898e-01 1.4664208e+00 0.0000000e+00 
-7.8375953e-01 1.5794982e+00 0.0000000e+00 
-8.8656163e-01 1.4117484e+00 0.0000000e+00 
-5.6507403e-01 1.9313413e+00 0.0000000e+00 
-6.0702151e-01 1.8721087e+00 0.0000000e+00 
-4.7484672e-01 2.0544853e+00 0.0000000e+00 
-1.0914326e+00 1.0705378e+00 0.0000000e+00 
-7.5539523e-01 1.6376398e+00 0.0000000e+00 
-9.8495942e-01 1.2559460e+00 0.0000000e+00 
-5.2753234e-01 1.9920660e+00 0.0000000e+00 
-1.0696535e+00 1.1145300e+00 0.0000000e+00 
-9.2573994e-01 1.3585191e+00 0.0000000e+00 
-6.8998086e-01 1.7550207e+00 0.0000000e+00 
-6.5471005e-01 1.8140004e+00 0.0000000e+00 
-1.0488139e+00 1.1602902e+00 0.0000000e+00 
-7.3039705e-01 1.6967126e+00 0.0000000e+00 
-9.6685123e-01 1.3068804e+00 0.0000000e+00 
-5.8196050e-01 1.9328002e+00 0.0000000e+00 
-4.9205270e-01 2.0548229e+00 0.0000000e+00 
-8.3727831e-01 1.5234983e+00 0.0000000e+00 
-8.7232774e-01 1.4674332e+00 0.0000000e+00 
-8.0505985e-01 1.5807360e+00 0.0000000e+00 
-6.2444377e-01 1.8737426e+00 0.0000000e+00 
-1.0288184e+00 1.2077785e+00 0.0000000e+00 
-5.4420358e-01 1.9931985e+00 0.0000000e+00 
-9.0988821e-01 1.4126947e+00 0.0000000e+00 
-7.7596009e-01 1.6390101e+00 0.0000000e+00 
-1.1172200e+00 1.0720378e+00 0.0000000e+00 
-1.0096192e+00 1.2569644e+00 0.0000000e+00 
-7.0894718e-01 1.7566409e+00 0.0000000e+00 
-6.7288864e-01 1.8156788e+00 0.0000000e+00 
-9.4962549e-01 1.3594416e+00 0.0000000e+00 
-1.0951663e+00 1.1158817e+00 0.0000000e+00 
-5.0906497e-01 2.0553768e+00 0.0000000e+00 
-5.9886342e-01 1.9343171e+00 0.0000000e+00 
-7.5022399e-01 1.6982081e+00 0.0000000e+00 
-1.0740767e+00 1.1615108e+00 0.0000000e+00 
-6.4193225e-01 1.8754045e+00 0.0000000e+00 
-5.6082088e-01 1.9944278e+00 0.0000000e+00 
-8.5947961e-01 1.5245560e+00 0.0000000e+00 
-9.9121732e-01 1.3078234e+00 0.0000000e+00 
-8.2654065e-01 1.5819193e+00 0.0000000e+00 
-8.9520663e-01 1.4683932e+00 0.0000000e+00 
-1.0538380e+00 1.2088833e+00 0.0000000e+00 
-7.9669619e-01 1.6403316e+00 0.0000000e+00 
-9.3338346e-01 1.4135964e+00 0.0000000e+00 
-5.2589244e-01 2.0561054e+00 0.0000000e+00 
-6.9117361e-01 1.8173577e+00 0.0000000e+00 
-7.2804767e-01 1.7582409e+00 0.0000000e+00 
-6.1579055e-01 1.9358834e+00 0.0000000e+00 
-5.7739407e-01 1.9957399e+00 0.0000000e+00 
-1.0343864e+00 1.2579687e+00 0.0000000e+00 
-9.7366059e-01 1.3603303e+00 0.0000000e+00 
-6.5949404e-01 1.8770874e+00 0.0000000e+00 
-7.7020842e-01 1.6996651e+00 0.0000000e+00 
-1.1207353e+00 1.1172376e+00 0.0000000e+00 
-4.9033448e-01 2.1203964e+00 0.0000000e+00 
-1.0994043e+00 1.1627312e+00 0.0000000e+00 
-5.4255456e-01 2.0569756e+00 0.0000000e+00 
-8.8186485e-01 1.5255561e+00 0.0000000e+00 
-8.4820408e-01 1.5830448e+00 0.0000000e+00 
-9.1826326e-01 1.4693009e+00 0.0000000e+00 
-1.0157074e+00 1.3087441e+00 0.0000000e+00 
-6.3275057e-01 1.9374909e+00 0.0000000e+00 
-7.0957148e-01 1.8190308e+00 0.0000000e+00 
-8.1760734e-01 1.6416006e+00 0.0000000e+00 
-1.0789356e+00 1.2099825e+00 0.0000000e+00 
-7.4728829e-01 1.7598153e+00 0.0000000e+00 
-5.9393466e-01 1.9971237e+00 0.0000000e+00 
-9.5704192e-01 1.4144549e+00 0.0000000e+00 
-6.7713678e-01 1.8787850e+00 0.0000000e+00 
-5.0814807e-01 2.1202490e+00 0.0000000e+00 
-7.9035532e-01 1.7010787e+00 0.0000000e+00 
-5.5907452e-01 2.0579634e+00 0.0000000e+00 
-1.0592475e+00 1.2589610e+00 0.0000000e+00 
-9.9783665e-01 1.3611873e+00 0.0000000e+00 
-1.1463455e+00 1.1185977e+00 0.0000000e+00 
-6.4975291e-01 1.9391330e+00 0.0000000e+00 
-9.0443367e-01 1.5264977e+00 0.0000000e+00 
-6.1045533e-01 1.9985696e+00 0.0000000e+00 
-8.7005204e-01 1.5841101e+00 0.0000000e+00 
-1.1247817e+00 1.1639521e+00 0.0000000e+00 
-7.2808921e-01 1.8206927e+00 0.0000000e+00 
-9.4149435e-01 1.4701567e+00 0.0000000e+00 
-1.0403098e+00 1.3096448e+00 0.0000000e+00 
-7.6667500e-01 1.7613589e+00 0.0000000e+00 
-8.3869714e-01 1.6428130e+00 0.0000000e+00 
-5.2543533e-01 2.1204669e+00 0.0000000e+00 
-6.9486845e-01 1.8804915e+00 0.0000000e+00 
-5.7547617e-01 2.0590513e+00 0.0000000e+00 
-1.1040963e+00 1.2110778e+00 0.0000000e+00 
-9.8085713e-01 1.4152721e+00 0.0000000e+00 
-8.1066960e-01 1.7024442e+00 0.0000000e+00 
-6.6680741e-01 1.9408039e+00 0.0000000e+00 
-6.2696934e-01 2.0000701e+00 0.0000000e+00 
-1.0841888e+00 1.2599435e+00 0.0000000e+00 
-1.0221438e+00 1.3620154e+00 0.0000000e+00 
-5.4234999e-01 2.1209013e+00 0.0000000e+00 
-7.4673396e-01 1.8223381e+00 0.0000000e+00 
-8.9208603e-01 1.5851133e+00 0.0000000e+00 
-9.2718494e-01 1.5273803e+00 0.0000000e+00 
-5.9178257e-01 2.0602262e+00 0.0000000e+00 
-7.8621387e-01 1.7628666e+00 0.0000000e+00 
-7.1269727e-01 1.8822018e+00 0.0000000e+00 
-1.1501932e+00 1.1651741e+00 0.0000000e+00 
-8.5996896e-01 1.6439657e+00 0.0000000e+00 
-9.6489573e-01 1.4709617e+00 0.0000000e+00 
-1.0650117e+00 1.3105284e+00 0.0000000e+00 
-1.0048217e+00 1.4160503e+00 0.0000000e+00 
-1.1293042e+00 1.2121705e+00 0.0000000e+00 
-6.4348990e-01 2.0016191e+00 0.0000000e+00 
-8.3115613e-01 1.7037579e+00 0.0000000e+00 
-6.8392396e-01 1.9424983e+00 0.0000000e+00 
-5.5898386e-01 2.1214931e+00 0.0000000e+00 
-6.0801566e-01 2.0614796e+00 0.0000000e+00 
-7.6551265e-01 1.8239625e+00 0.0000000e+00 
-1.0465713e+00 1.3628173e+00 0.0000000e+00 
-1.1091950e+00 1.2609183e+00 0.0000000e+00 
-7.3063153e-01 1.8839111e+00 0.0000000e+00 
-8.0591094e-01 1.7643342e+00 0.0000000e+00 
-9.1430688e-01 1.5860529e+00 0.0000000e+00 
-9.5011687e-01 1.5282041e+00 0.0000000e+00 
-8.8142586e-01 1.6450559e+00 0.0000000e+00 
-9.8846233e-01 1.4717177e+00 0.0000000e+00 
-6.6003019e-01 2.0032113e+00 0.0000000e+00 
-1.1756220e+00 1.1663976e+00 0.0000000e+00 
-5.7539952e-01 2.1222157e+00 0.0000000e+00 
-7.0111257e-01 1.9442116e+00 0.0000000e+00 
-1.0897993e+00 1.3113976e+00 0.0000000e+00 
-8.5181946e-01 1.7050155e+00 0.0000000e+00 
-6.2419599e-01 2.0628040e+00 0.0000000e+00 
-1.0289266e+00 1.4167923e+00 0.0000000e+00 
-1.1545429e+00 1.2132616e+00 0.0000000e+00 
-7.8443241e-01 1.8255610e+00 0.0000000e+00 
-7.4867940e-01 1.8856151e+00 0.0000000e+00 
-1.0711068e+00 1.3635962e+00 0.0000000e+00 
-8.2577193e-01 1.7657573e+00 0.0000000e+00 
-1.1342499e+00 1.2618872e+00 0.0000000e+00 
-5.9164417e-01 2.1230559e+00 0.0000000e+00 
-6.7660284e-01 2.0048425e+00 0.0000000e+00 
-9.3671495e-01 1.5869279e+00 0.0000000e+00 
-9.7322679e-01 1.5289699e+00 0.0000000e+00 
-7.1838307e-01 1.9459400e+00 0.0000000e+00 
-9.0307045e-01 1.6460811e+00 0.0000000e+00 
-6.4034271e-01 2.0641947e+00 0.0000000e+00 
-1.0121880e+00 1.4724270e+00 0.0000000e+00 
-8.7266403e-01 1.7062140e+00 0.0000000e+00 
-1.1146575e+00 1.3122550e+00 0.0000000e+00 
-1.0531623e+00 1.4175012e+00 0.0000000e+00 
-8.0350000e-01 1.8271298e+00 0.0000000e+00 
-7.6684898e-01 1.8873098e+00 0.0000000e+00 
-1.1797949e+00 1.2143519e+00 0.0000000e+00 
-6.0775512e-01 2.1240060e+00 0.0000000e+00 
-6.9322020e-01 2.0065091e+00 0.0000000e+00 
-8.4580255e-01 1.7671318e+00 0.0000000e+00 
-6.5647334e-01 2.0656478e+00 0.0000000e+00 
-7.3574501e-01 1.9476796e+00 0.0000000e+00 
-1.0957370e+00 1.3643553e+00 0.0000000e+00 
-1.1593367e+00 1.2628523e+00 0.0000000e+00 
-9.5930988e-01 1.5877382e+00 0.0000000e+00 
-9.9651122e-01 1.5296789e+00 0.0000000e+00 
-9.2490494e-01 1.6470394e+00 0.0000000e+00 
-1.0360653e+00 1.4730923e+00 0.0000000e+00 
-8.9369380e-01 1.7073498e+00 0.0000000e+00 
-6.2376320e-01 2.1250603e+00 0.0000000e+00 
-7.8514814e-01 1.8889911e+00 0.0000000e+00 
-8.2272214e-01 1.8286647e+00 0.0000000e+00 
-1.1395701e+00 1.3131036e+00 0.0000000e+00 
-7.0989400e-01 2.0082078e+00 0.0000000e+00 
-1.0775175e+00 1.4181806e+00 0.0000000e+00 
-6.7260414e-01 2.0671599e+00 0.0000000e+00 
-1.2050421e+00 1.2154418e+00 0.0000000e+00 
-7.5320762e-01 1.9494274e+00 0.0000000e+00 
-8.6600816e-01 1.7684540e+00 0.0000000e+00 
-1.1204472e+00 1.3650984e+00 0.0000000e+00 
-9.8209065e-01 1.5884836e+00 0.0000000e+00 
-6.3969451e-01 2.1262145e+00 0.0000000e+00 
-1.1844370e+00 1.2638148e+00 0.0000000e+00 
-9.4693094e-01 1.6479292e+00 0.0000000e+00 
-1.0199654e+00 1.5303333e+00 0.0000000e+00 
-7.2663534e-01 2.0099363e+00 0.0000000e+00 
-8.0358440e-01 1.8906556e+00 0.0000000e+00 
-9.1491252e-01 1.7084203e+00 0.0000000e+00 
-1.0600859e+00 1.4737169e+00 0.0000000e+00 
-6.8875021e-01 2.0687284e+00 0.0000000e+00 
-8.4210527e-01 1.8301616e+00 0.0000000e+00 
-7.7077979e-01 1.9511797e+00 0.0000000e+00 
-1.1645198e+00 1.3139455e+00 0.0000000e+00 
-1.1019795e+00 1.4188341e+00 0.0000000e+00 
-8.8639390e-01 1.7697202e+00 0.0000000e+00 
-6.5557152e-01 2.1274648e+00 0.0000000e+00 
-7.4345481e-01 2.0116916e+00 0.0000000e+00 
-1.0050552e+00 1.5891651e+00 0.0000000e+00 
-1.1452214e+00 1.3658284e+00 0.0000000e+00 
-9.6914959e-01 1.6487494e+00 0.0000000e+00 
-7.0492518e-01 2.0703506e+00 0.0000000e+00 
-1.2095324e+00 1.2647759e+00 0.0000000e+00 
-1.0435838e+00 1.5309354e+00 0.0000000e+00 
-8.2216513e-01 1.8922997e+00 0.0000000e+00 
-8.6165553e-01 1.8316170e+00 0.0000000e+00 
-9.3632346e-01 1.7094229e+00 0.0000000e+00 
-7.8847003e-01 1.9529340e+00 0.0000000e+00 
-1.0842397e+00 1.4743042e+00 0.0000000e+00 
-6.7141390e-01 2.1288073e+00 0.0000000e+00 
-1.1894882e+00 1.3147832e+00 0.0000000e+00 
-9.0696460e-01 1.7709270e+00 0.0000000e+00 
-1.1265345e+00 1.4194659e+00 0.0000000e+00 
-7.6036227e-01 2.0134714e+00 0.0000000e+00 
-7.2114193e-01 2.0720248e+00 0.0000000e+00 
-8.4089738e-01 1.8939197e+00 0.0000000e+00 
-1.0282007e+00 1.5897840e+00 0.0000000e+00 
-9.9156129e-01 1.6494995e+00 0.0000000e+00 
-1.1700424e+00 1.3665490e+00 0.0000000e+00 
-6.8723899e-01 2.1302385e+00 0.0000000e+00 
-8.8137883e-01 1.8330269e+00 0.0000000e+00 
-8.0628645e-01 1.9546870e+00 0.0000000e+00 
-1.0673593e+00 1.5314883e+00 0.0000000e+00 
-1.2346028e+00 1.2657361e+00 0.0000000e+00 
-9.5792949e-01 1.7103555e+00 0.0000000e+00 
-1.1085156e+00 1.4748588e+00 0.0000000e+00 
-9.2772472e-01 1.7720712e+00 0.0000000e+00 
-7.3741215e-01 2.0737484e+00 0.0000000e+00 
-7.7736712e-01 2.0152733e+00 0.0000000e+00 
-1.2144557e+00 1.3156186e+00 0.0000000e+00 
-1.1511672e+00 1.4200801e+00 0.0000000e+00 
-7.0306230e-01 2.1317551e+00 0.0000000e+00 
-8.5978770e-01 1.8955122e+00 0.0000000e+00 
-8.2423681e-01 1.9564358e+00 0.0000000e+00 
-1.0141658e+00 1.6501796e+00 0.0000000e+00 
-9.0128082e-01 1.8343879e+00 0.0000000e+00 
-1.0515233e+00 1.5903424e+00 0.0000000e+00 
-1.1948917e+00 1.3672633e+00 0.0000000e+00 
-1.0912839e+00 1.5319958e+00 0.0000000e+00 
-9.7973287e-01 1.7112161e+00 0.0000000e+00 
-7.5374675e-01 2.0755188e+00 0.0000000e+00 
-7.9447830e-01 2.0170949e+00 0.0000000e+00 
-1.1329006e+00 1.4753847e+00 0.0000000e+00 
-9.4867837e-01 1.7731497e+00 0.0000000e+00 
-7.1889776e-01 2.1333532e+00 0.0000000e+00 
-1.2394022e+00 1.3164532e+00 0.0000000e+00 
-8.7884265e-01 1.8970739e+00 0.0000000e+00 
-1.1758608e+00 1.4206809e+00 0.0000000e+00 
-8.4232837e-01 1.9581774e+00 0.0000000e+00 
-9.2136669e-01 1.8356963e+00 0.0000000e+00 
-1.0369619e+00 1.6507900e+00 0.0000000e+00 
-7.7015579e-01 2.0773344e+00 0.0000000e+00 
-1.0750179e+00 1.5908427e+00 0.0000000e+00 
-1.0017356e+00 1.7120034e+00 0.0000000e+00 
-8.1170404e-01 2.0189335e+00 0.0000000e+00 
-1.2197497e+00 1.3679742e+00 0.0000000e+00 
-1.1153479e+00 1.5324619e+00 0.0000000e+00 
-7.3475808e-01 2.1350296e+00 0.0000000e+00 
-9.6982944e-01 1.7741597e+00 0.0000000e+00 
-1.1573806e+00 1.4758871e+00 0.0000000e+00 
-8.9806813e-01 1.8986009e+00 0.0000000e+00 
-8.6056817e-01 1.9599088e+00 0.0000000e+00 
-1.2643062e+00 1.3172883e+00 0.0000000e+00 
-1.2005969e+00 1.4212724e+00 0.0000000e+00 
-7.8664875e-01 2.0791926e+00 0.0000000e+00 
-9.4164151e-01 1.8369486e+00 0.0000000e+00 
-8.2905221e-01 2.0207868e+00 0.0000000e+00 
-7.5065482e-01 2.1367805e+00 0.0000000e+00 
-1.0599477e+00 1.6513319e+00 0.0000000e+00 
-1.0986785e+00 1.5912884e+00 0.0000000e+00 
-1.0239387e+00 1.7127161e+00 0.0000000e+00 
-1.1395400e+00 1.5328914e+00 0.0000000e+00 
-1.2445954e+00 1.3686842e+00 0.0000000e+00 
-9.9118125e-01 1.7750984e+00 0.0000000e+00 
-1.1819398e+00 1.4763708e+00 0.0000000e+00 
-8.7896281e-01 1.9616268e+00 0.0000000e+00 
-9.1747010e-01 1.9000899e+00 0.0000000e+00 
-8.0323446e-01 2.0810912e+00 0.0000000e+00 
-7.6659858e-01 2.1386030e+00 0.0000000e+00 
-8.4653026e-01 2.0226521e+00 0.0000000e+00 
-9.6211004e-01 1.8381412e+00 0.0000000e+00 
-1.2253563e+00 1.4218585e+00 0.0000000e+00 
-1.0831205e+00 1.6518072e+00 0.0000000e+00 
-1.1224973e+00 1.5916833e+00 0.0000000e+00 
-1.0463430e+00 1.7133539e+00 0.0000000e+00 
-1.1638478e+00 1.5332897e+00 0.0000000e+00 
-1.2694070e+00 1.3693956e+00 0.0000000e+00 
-1.0127369e+00 1.7759635e+00 0.0000000e+00 
-8.1992108e-01 2.0830274e+00 0.0000000e+00 
-8.9751869e-01 1.9633281e+00 0.0000000e+00 
-9.3705392e-01 1.9015368e+00 0.0000000e+00 
-7.8259921e-01 2.1404929e+00 0.0000000e+00 
-1.2065609e+00 1.4768409e+00 0.0000000e+00 
-8.6414528e-01 2.0245268e+00 0.0000000e+00 
-9.8277664e-01 1.8392706e+00 0.0000000e+00 
-1.2501179e+00 1.4224434e+00 0.0000000e+00 
-1.1064759e+00 1.6522182e+00 0.0000000e+00 
-1.0689485e+00 1.7139167e+00 0.0000000e+00 
-1.1464654e+00 1.5920321e+00 0.0000000e+00 
-8.3671647e-01 2.0849986e+00 0.0000000e+00 
-7.9866594e-01 2.1424475e+00 0.0000000e+00 
-9.1624171e-01 1.9650092e+00 0.0000000e+00 
-1.1882570e+00 1.5336621e+00 0.0000000e+00 
-1.2941616e+00 1.3701102e+00 0.0000000e+00 
-1.0344989e+00 1.7767527e+00 0.0000000e+00 
-9.5682502e-01 1.9029382e+00 0.0000000e+00 
-8.8190395e-01 2.0264080e+00 0.0000000e+00 
-1.2312247e+00 1.4773024e+00 0.0000000e+00 
-1.0036457e+00 1.8403333e+00 0.0000000e+00 
-1.2748594e+00 1.4230300e+00 0.0000000e+00 
-8.5362798e-01 2.0870023e+00 0.0000000e+00 
-8.1480736e-01 2.1444631e+00 0.0000000e+00 
-1.1300092e+00 1.6525682e+00 0.0000000e+00 
-1.0917544e+00 1.7144049e+00 0.0000000e+00 
-9.3513769e-01 1.9666666e+00 0.0000000e+00 
-1.1705724e+00 1.5923399e+00 0.0000000e+00 
-9.7678834e-01 1.9042901e+00 0.0000000e+00 
-8.9981258e-01 2.0282922e+00 0.0000000e+00 
-1.0564697e+00 1.7774643e+00 0.0000000e+00 
-1.2127514e+00 1.5340146e+00 0.0000000e+00 
-1.2559106e+00 1.4777606e+00 0.0000000e+00 
-1.0247209e+00 1.8413261e+00 0.0000000e+00 
-8.3103150e-01 2.1465366e+00 0.0000000e+00 
-8.7066257e-01 2.0890355e+00 0.0000000e+00 
-1.2995576e+00 1.4236217e+00 0.0000000e+00 
-9.5421225e-01 1.9682965e+00 0.0000000e+00 
-1.1537138e+00 1.6528611e+00 0.0000000e+00 
-1.1147592e+00 1.7148199e+00 0.0000000e+00 
-9.1787738e-01 2.0301769e+00 0.0000000e+00 
-9.9694878e-01 1.9055884e+00 0.0000000e+00 
-1.1948060e+00 1.5926127e+00 0.0000000e+00 
-1.0786510e+00 1.7780966e+00 0.0000000e+00 
-1.2373133e+00 1.5343534e+00 0.0000000e+00 
-8.4734619e-01 2.1486645e+00 0.0000000e+00 
-8.8782692e-01 2.0910957e+00 0.0000000e+00 
-1.0460062e+00 1.8422453e+00 0.0000000e+00 
-1.2805970e+00 1.4782200e+00 0.0000000e+00 
-9.7347069e-01 1.9698951e+00 0.0000000e+00 
-9.3610424e-01 2.0320580e+00 0.0000000e+00 
-1.3241876e+00 1.4242206e+00 0.0000000e+00 
-1.0173111e+00 1.9068290e+00 0.0000000e+00 
-1.1775819e+00 1.6531018e+00 0.0000000e+00 
-1.1379603e+00 1.7151635e+00 0.0000000e+00 
-1.2191522e+00 1.5928569e+00 0.0000000e+00 
-8.6375874e-01 2.1508436e+00 0.0000000e+00 
-1.1010439e+00 1.7786487e+00 0.0000000e+00 
-9.0512753e-01 2.0931795e+00 0.0000000e+00 
-1.2619232e+00 1.5346847e+00 0.0000000e+00 
-1.0675050e+00 1.8430882e+00 0.0000000e+00 
-1.3052598e+00 1.4786854e+00 0.0000000e+00 
-9.9291819e-01 1.9714582e+00 0.0000000e+00 
-9.5449877e-01 2.0339327e+00 0.0000000e+00 
-1.0378798e+00 1.9080079e+00 0.0000000e+00 
-8.8027620e-01 2.1530709e+00 0.0000000e+00 
-1.2016040e+00 1.6532959e+00 0.0000000e+00 
-1.1613543e+00 1.7154384e+00 0.0000000e+00 
-9.2257059e-01 2.0952840e+00 0.0000000e+00 
-1.2435954e+00 1.5930793e+00 0.0000000e+00 
-1.1236494e+00 1.7791202e+00 0.0000000e+00 
-1.2865598e+00 1.5350149e+00 0.0000000e+00 
-1.0892206e+00 1.8438514e+00 0.0000000e+00 
-1.3298744e+00 1.4791605e+00 0.0000000e+00 
-1.0125599e+00 1.9729816e+00 0.0000000e+00 
-9.7306663e-01 2.0357969e+00 0.0000000e+00 
-8.9690536e-01 2.1553431e+00 0.0000000e+00 
-1.0586596e+00 1.9091206e+00 0.0000000e+00 
-9.4016200e-01 2.0974061e+00 0.0000000e+00 
-1.1849365e+00 1.7156484e+00 0.0000000e+00 
-1.2257692e+00 1.6534497e+00 0.0000000e+00 
-1.1464677e+00 1.7795112e+00 0.0000000e+00 
-1.2681175e+00 1.5932873e+00 0.0000000e+00 
-1.3112000e+00 1.5353498e+00 0.0000000e+00 
-1.1111562e+00 1.8445324e+00 0.0000000e+00 
-9.9181318e-01 2.0376470e+00 0.0000000e+00 
-1.0324010e+00 1.9744608e+00 0.0000000e+00 
-9.1365284e-01 2.1576571e+00 0.0000000e+00 
-1.3544146e+00 1.4796489e+00 0.0000000e+00 
-9.5790780e-01 2.0995426e+00 0.0000000e+00 
-1.0796546e+00 1.9101628e+00 0.0000000e+00 
-1.2087008e+00 1.7157981e+00 0.0000000e+00 
-1.2500644e+00 1.6535704e+00 0.0000000e+00 
-1.1694982e+00 1.7798226e+00 0.0000000e+00 
-1.2926992e+00 1.5934887e+00 0.0000000e+00 
-9.3052512e-01 2.1600099e+00 0.0000000e+00 
-1.0107437e+00 2.0394785e+00 0.0000000e+00 
-1.3358190e+00 1.5356957e+00 0.0000000e+00 
-1.1333146e+00 1.8451288e+00 0.0000000e+00 
-1.0524461e+00 1.9758912e+00 0.0000000e+00 
-9.7581375e-01 2.1016901e+00 0.0000000e+00 
-1.1008695e+00 1.9111302e+00 0.0000000e+00 
-1.2326398e+00 1.7158931e+00 0.0000000e+00 
-1.2744745e+00 1.6536663e+00 0.0000000e+00 
-9.4752854e-01 2.1623986e+00 0.0000000e+00 
-1.1927397e+00 1.7800560e+00 0.0000000e+00 
-1.3173184e+00 1.5936911e+00 0.0000000e+00 
-1.0298638e+00 2.0412879e+00 0.0000000e+00 
-1.0727007e+00 1.9772680e+00 0.0000000e+00 
-1.1556984e+00 1.8456384e+00 0.0000000e+00 
-1.3603904e+00 1.5360576e+00 0.0000000e+00 
-9.9388546e-01 2.1038449e+00 0.0000000e+00 
-1.1223090e+00 1.9120187e+00 0.0000000e+00 
-9.6466929e-01 2.1648197e+00 0.0000000e+00 
-1.2567444e+00 1.7159402e+00 0.0000000e+00 
-1.2989826e+00 1.6537458e+00 0.0000000e+00 
-1.0491786e+00 2.0430703e+00 0.0000000e+00 
-1.2161901e+00 1.7802144e+00 0.0000000e+00 
-1.3419514e+00 1.5939023e+00 0.0000000e+00 
-1.0121286e+00 2.1060038e+00 0.0000000e+00 
-1.0931698e+00 1.9785861e+00 0.0000000e+00 
-1.1783102e+00 1.8460599e+00 0.0000000e+00 
-1.3848865e+00 1.5364405e+00 0.0000000e+00 
-1.1439772e+00 1.9128237e+00 0.0000000e+00 
-9.8195362e-01 2.1672709e+00 0.0000000e+00 
-1.0686935e+00 2.0448210e+00 0.0000000e+00 
-1.2810032e+00 1.7159474e+00 0.0000000e+00 
-1.0305490e+00 2.1081629e+00 0.0000000e+00 
-1.3235692e+00 1.6538182e+00 0.0000000e+00 
-1.2398461e+00 1.7803016e+00 0.0000000e+00 
-1.1138586e+00 1.9798402e+00 0.0000000e+00 
-1.3665721e+00 1.5941300e+00 0.0000000e+00 
-1.2011518e+00 1.8463926e+00 0.0000000e+00 
-9.9938768e-01 2.1697485e+00 0.0000000e+00 
-1.1658790e+00 1.9135412e+00 0.0000000e+00 
-1.0884141e+00 2.0465355e+00 0.0000000e+00 
-1.0491524e+00 2.1103187e+00 0.0000000e+00 
-1.3054032e+00 1.7159237e+00 0.0000000e+00 
-1.3482122e+00 1.6538932e+00 0.0000000e+00 
-1.1347725e+00 1.9810250e+00 0.0000000e+00 
-1.2637031e+00 1.7803229e+00 0.0000000e+00 
-1.3911530e+00 1.5943813e+00 0.0000000e+00 
-1.2242253e+00 1.8466364e+00 0.0000000e+00 
-1.0169778e+00 2.1722500e+00 0.0000000e+00 
-1.1880192e+00 1.9141673e+00 0.0000000e+00 
-1.1083460e+00 2.0482085e+00 0.0000000e+00 
-1.0679443e+00 2.1124668e+00 0.0000000e+00 
-1.1559175e+00 1.9821347e+00 0.0000000e+00 
-1.3299286e+00 1.7158792e+00 0.0000000e+00 
-1.3728877e+00 1.6539809e+00 0.0000000e+00 
-1.2877550e+00 1.7802849e+00 0.0000000e+00 
-1.0347300e+00 2.1747725e+00 0.0000000e+00 
-1.4156642e+00 1.5946628e+00 0.0000000e+00 
-1.2475317e+00 1.8467926e+00 0.0000000e+00 
-1.2104028e+00 1.9146985e+00 0.0000000e+00 
-1.0869310e+00 2.1146038e+00 0.0000000e+00 
-1.1284951e+00 2.0498345e+00 0.0000000e+00 
-1.0526508e+00 2.1773129e+00 0.0000000e+00 
-1.1772995e+00 1.9831638e+00 0.0000000e+00 
-1.3545611e+00 1.7158250e+00 0.0000000e+00 
-1.3975688e+00 1.6540906e+00 0.0000000e+00 
-1.3119938e+00 1.7801958e+00 0.0000000e+00 
-1.2710714e+00 1.8468634e+00 0.0000000e+00 
-1.2330351e+00 1.9151314e+00 0.0000000e+00 
-1.1061184e+00 2.1167250e+00 0.0000000e+00 
-1.1488676e+00 2.0514081e+00 0.0000000e+00 
-1.0707467e+00 2.1798682e+00 0.0000000e+00 
-1.1989251e+00 1.9841064e+00 0.0000000e+00 
-1.3792797e+00 1.7157731e+00 0.0000000e+00 
-1.4222265e+00 1.6542325e+00 0.0000000e+00 
-1.3364093e+00 1.7800655e+00 0.0000000e+00 
-1.2948445e+00 1.8468525e+00 0.0000000e+00 
-1.1255131e+00 2.1188262e+00 0.0000000e+00 
-1.2559212e+00 1.9154639e+00 0.0000000e+00 
-1.1694702e+00 2.0529232e+00 0.0000000e+00 
-1.0890241e+00 2.1824355e+00 0.0000000e+00 
-1.2208015e+00 1.9849564e+00 0.0000000e+00 
-1.4040604e+00 1.7157360e+00 0.0000000e+00 
-1.4468292e+00 1.6544154e+00 0.0000000e+00 
-1.3609889e+00 1.7799056e+00 0.0000000e+00 
-1.3188493e+00 1.8467660e+00 0.0000000e+00 
-1.1451213e+00 2.1209028e+00 0.0000000e+00 
-1.1903100e+00 2.0543737e+00 0.0000000e+00 
-1.1074901e+00 2.1850116e+00 0.0000000e+00 
-1.2790668e+00 1.9156942e+00 0.0000000e+00 
-1.2429363e+00 1.9857078e+00 0.0000000e+00 
-1.4288758e+00 1.7157267e+00 0.0000000e+00 
-1.3857164e+00 1.7797291e+00 0.0000000e+00 
-1.1649504e+00 2.1229498e+00 0.0000000e+00 
-1.3430828e+00 1.8466110e+00 0.0000000e+00 
-1.1261516e+00 2.1875939e+00 0.0000000e+00 
-1.2113944e+00 2.0557525e+00 0.0000000e+00 
-1.3024774e+00 1.9158218e+00 0.0000000e+00 
-1.2653378e+00 1.9863547e+00 0.0000000e+00 
-1.4536958e+00 1.7157582e+00 0.0000000e+00 
-1.1850076e+00 2.1249626e+00 0.0000000e+00 
-1.4105730e+00 1.7795510e+00 0.0000000e+00 
-1.1450160e+00 2.1901793e+00 0.0000000e+00 
-1.3675399e+00 1.8463979e+00 0.0000000e+00 
-1.2327322e+00 2.0570531e+00 0.0000000e+00 
-1.3261583e+00 1.9158478e+00 0.0000000e+00 
-1.2880158e+00 1.9868914e+00 0.0000000e+00 
-1.2053009e+00 2.1269350e+00 0.0000000e+00 
-1.1640910e+00 2.1927648e+00 0.0000000e+00 
-1.4784870e+00 1.7158430e+00 0.0000000e+00 
-1.4355359e+00 1.7793872e+00 0.0000000e+00 
-1.3922130e+00 1.8461390e+00 0.0000000e+00 
-1.2543323e+00 2.0582674e+00 0.0000000e+00 
-1.3501148e+00 1.9157751e+00 0.0000000e+00 
-1.3109802e+00 1.9873124e+00 0.0000000e+00 
-1.1833849e+00 2.1953468e+00 0.0000000e+00 
-1.2258389e+00 2.1288617e+00 0.0000000e+00 
-1.4605781e+00 1.7792548e+00 0.0000000e+00 
-1.2762053e+00 2.0593877e+00 0.0000000e+00 
-1.4170910e+00 1.8458495e+00 0.0000000e+00 
-1.3743514e+00 1.9156089e+00 0.0000000e+00 
-1.3342427e+00 1.9876133e+00 0.0000000e+00 
-1.2029063e+00 2.1979227e+00 0.0000000e+00 
-1.2466310e+00 2.1307364e+00 0.0000000e+00 
-1.4856687e+00 1.7791712e+00 0.0000000e+00 
-1.2983626e+00 2.0604057e+00 0.0000000e+00 
-1.4421592e+00 1.8455474e+00 0.0000000e+00 
-1.3988709e+00 1.9153576e+00 0.0000000e+00 
-1.2226644e+00 2.2004888e+00 0.0000000e+00 
-1.3578154e+00 1.9877900e+00 0.0000000e+00 
-1.2676876e+00 2.1325521e+00 0.0000000e+00 
-1.5107723e+00 1.7791544e+00 0.0000000e+00 
-1.3208175e+00 2.0613122e+00 0.0000000e+00 
-1.4673978e+00 1.8452532e+00 0.0000000e+00 
-1.4236747e+00 1.9150331e+00 0.0000000e+00 
-1.2426691e+00 2.2030420e+00 0.0000000e+00 
-1.3817122e+00 1.9878404e+00 0.0000000e+00 
-1.2890197e+00 2.1343019e+00 0.0000000e+00 
-1.3435849e+00 2.0620980e+00 0.0000000e+00 
-1.4927820e+00 1.8449894e+00 0.0000000e+00 
-1.4487607e+00 1.9146515e+00 0.0000000e+00 
-1.2629313e+00 2.2055788e+00 0.0000000e+00 
-1.3106406e+00 2.1359770e+00 0.0000000e+00 
-1.4059476e+00 1.9877642e+00 0.0000000e+00 
-1.3666819e+00 2.0627532e+00 0.0000000e+00 
-1.5182807e+00 1.8447807e+00 0.0000000e+00 
-1.2834629e+00 2.2080953e+00 0.0000000e+00 
-1.4741224e+00 1.9142338e+00 0.0000000e+00 
-1.3325642e+00 2.1375690e+00 0.0000000e+00 
-1.4305367e+00 1.9875646e+00 0.0000000e+00 
-1.3901284e+00 2.0632679e+00 0.0000000e+00 
-1.5438570e+00 1.8446521e+00 0.0000000e+00 
-1.3042765e+00 2.2105875e+00 0.0000000e+00 
-1.4997474e+00 1.9138057e+00 0.0000000e+00 
-1.3548074e+00 2.1390672e+00 0.0000000e+00 
-1.4554949e+00 1.9872481e+00 0.0000000e+00 
-1.4139470e+00 2.0636322e+00 0.0000000e+00 
-1.3253865e+00 2.2130513e+00 0.0000000e+00 
-1.5256158e+00 1.9133977e+00 0.0000000e+00 
-1.3773888e+00 2.1404607e+00 0.0000000e+00 
-1.4808364e+00 1.9868276e+00 0.0000000e+00 
-1.4381639e+00 2.0638368e+00 0.0000000e+00 
-1.3468088e+00 2.2154820e+00 0.0000000e+00 
-1.5517004e+00 1.9130431e+00 0.0000000e+00 
-1.4003304e+00 2.1417365e+00 0.0000000e+00 
-1.5065721e+00 1.9863234e+00 0.0000000e+00 
-1.4628093e+00 2.0638735e+00 0.0000000e+00 
-1.3685613e+00 2.2178743e+00 0.0000000e+00 
-1.5779617e+00 1.9127820e+00 0.0000000e+00 
-1.4236578e+00 2.1428802e+00 0.0000000e+00 
-1.5327069e+00 1.9857655e+00 0.0000000e+00 
-1.4879180e+00 2.0637364e+00 0.0000000e+00 
-1.3906640e+00 2.2202220e+00 0.0000000e+00 
-1.4474013e+00 2.1438746e+00 0.0000000e+00 
-1.5592344e+00 1.9851954e+00 0.0000000e+00 
-1.5135292e+00 2.0634246e+00 0.0000000e+00 
-1.4131402e+00 2.2225182e+00 0.0000000e+00 
-1.4715971e+00 2.1447012e+00 0.0000000e+00 
-1.5861326e+00 1.9846650e+00 0.0000000e+00 
-1.4360160e+00 2.2247543e+00 0.0000000e+00 
-1.5396860e+00 2.0629444e+00 0.0000000e+00 
-1.4962888e+00 2.1453383e+00 0.0000000e+00 
-1.6133728e+00 1.9842243e+00 0.0000000e+00 
-1.4593223e+00 2.2269194e+00 0.0000000e+00 
-1.5664333e+00 2.0623145e+00 0.0000000e+00 
-1.5215294e+00 2.1457613e+00 0.0000000e+00 
-1.4830949e+00 2.2290003e+00 0.0000000e+00 
-1.5938116e+00 2.0615749e+00 0.0000000e+00 
-1.5473847e+00 2.1459429e+00 0.0000000e+00 
-1.5073761e+00 2.2309790e+00 0.0000000e+00 
-1.6218408e+00 2.0608003e+00 0.0000000e+00 
-1.5739365e+00 2.1458545e+00 0.0000000e+00 
-1.5322161e+00 2.2328322e+00 0.0000000e+00 
-1.6504759e+00 2.0601201e+00 0.0000000e+00 
-1.6012883e+00 2.1454678e+00 0.0000000e+00 
-1.5576756e+00 2.2345276e+00 0.0000000e+00 
-1.6295731e+00 2.1447613e+00 0.0000000e+00 
-1.5838288e+00 2.2360203e+00 0.0000000e+00 
-1.6589617e+00 2.1437368e+00 0.0000000e+00 
-1.6107680e+00 2.2372465e+00 0.0000000e+00 
-1.6896622e+00 2.1424675e+00 0.0000000e+00 
-1.6386122e+00 2.2381141e+00 0.0000000e+00 
-1.6675236e+00 2.2384841e+00 0.0000000e+00 
-1.6977490e+00 2.2381430e+00 0.0000000e+00 
-1.7297447e+00 2.2367356e+00 0.0000000e+00 
REACTION 3 4225  float
-2.8516505e+06 -2.2312972e+06 0.0000000e+00 
-5.9873105e+06 -5.3677045e+06 0.0000000e+00 
1.0821968e-06 2.1327287e-07 0.0000000e+00 
-6.3103640e+06 -5.5451705e+06 0.0000000e+00 
6.0722232e-07 5.2945688e-07 0.0000000e+00 
2.7730130e-06 -8.4377825e-07 0.0000000e+00 
-6.4466640e+06 -5.7016955e+06 0.0000000e+00 
5.8580190e-07 -1.8463470e-06 0.0000000e+00 
-1.2749806e-06 6.6123903e-07 0.0000000e+00 
-6.5605770e+06 -5.8378985e+06 0.0000000e+00 
-3.9534643e-07 2.1718442e-06 0.0000000e+00 
9.8766759e-07 9.8254532e-07 0.0000000e+00 
9.7602606e-07 2.3795292e-06 0.0000000e+00 
-6.6800090e+06 -5.9594295e+06 0.0000000e+00 
2.1373853e-07 -2.0144507e-06 0.0000000e+00 
3.6894344e-06 -3.5865232e-06 0.0000000e+00 
-3.9767474e-07 9.3085691e-07 0.0000000e+00 
-1.0821968e-06 1.7019920e-06 0.0000000e+00 
-7.5441785e-06 5.5637211e-06 0.0000000e+00 
-6.8153135e+06 -6.0670220e+06 0.0000000e+00 
-4.2933971e-06 6.1225146e-06 0.0000000e+00 
4.5900233e-06 -6.0945749e-06 0.0000000e+00 
1.9045547e-06 2.3357570e-06 0.0000000e+00 
4.1150488e-06 -7.0556998e-06 0.0000000e+00 
-6.9690585e+06 -6.1596940e+06 0.0000000e+00 
4.9765222e-06 -8.2082115e-06 0.0000000e+00 
-5.9008598e-06 1.0291580e-05 0.0000000e+00 
1.5576370e-06 -1.5711412e-06 0.0000000e+00 
7.9865567e-06 -4.4144690e-06 0.0000000e+00 
-4.8419461e-06 2.0624138e-06 0.0000000e+00 
-7.1402515e+06 -6.2358975e+06 0.0000000e+00 
-2.0405278e-06 1.3662502e-06 0.0000000e+00 
-7.2270632e-06 6.8843365e-06 0.0000000e+00 
1.9329600e-06 -1.1231750e-06 0.0000000e+00 
8.8312663e-06 -1.3352837e-05 0.0000000e+00 
-1.6316772e-06 5.8221631e-06 0.0000000e+00 
1.3792887e-06 -5.3117983e-06 0.0000000e+00 
2.6328489e-06 -5.3737313e-07 0.0000000e+00 
-7.3260545e+06 -6.2940890e+06 0.0000000e+00 
-1.1455268e-06 4.4857152e-06 0.0000000e+00 
-2.1359883e-06 3.0272640e-06 0.0000000e+00 
-2.7851202e-06 3.4817494e-06 0.0000000e+00 
2.3515895e-06 -5.2056275e-06 0.0000000e+00 
2.4773180e-07 1.3019890e-06 0.0000000e+00 
5.0375238e-06 -1.8575229e-06 0.0000000e+00 
1.2246892e-07 -1.1734664e-07 0.0000000e+00 
-7.5226875e+06 -6.3329740e+06 0.0000000e+00 
1.3965182e-06 -1.5543774e-06 0.0000000e+00 
-3.3457763e-06 3.1646341e-06 0.0000000e+00 
-4.9620867e-06 2.8377399e-06 0.0000000e+00 
3.2749958e-06 -7.7532604e-07 0.0000000e+00 
1.6917475e-06 2.7781352e-06 0.0000000e+00 
-5.6959689e-06 4.3972395e-06 0.0000000e+00 
3.1287782e-06 -3.0072406e-06 0.0000000e+00 
-7.7259395e+06 -6.3515960e+06 0.0000000e+00 
-1.2489036e-06 2.3152679e-06 0.0000000e+00 
-3.2032840e-06 -2.3283064e-09 0.0000000e+00 
3.5529956e-06 -4.4726767e-06 0.0000000e+00 
4.8428774e-06 -5.8333389e-06 0.0000000e+00 
4.8200600e-06 -2.6375055e-06 0.0000000e+00 
1.8933788e-06 -1.8095598e-06 0.0000000e+00 
-8.7870285e-06 1.1769589e-05 0.0000000e+00 
-9.0803951e-07 6.7055225e-08 0.0000000e+00 
2.2579916e-06 4.7758222e-06 0.0000000e+00 
-3.9325096e-06 6.9988891e-06 0.0000000e+00 
3.2791868e-06 -3.9995648e-06 0.0000000e+00 
-7.9314775e+06 -6.3493505e+06 0.0000000e+00 
-9.3844719e-06 1.4141668e-05 0.0000000e+00 
2.6319176e-06 -3.6251731e-06 0.0000000e+00 
4.3539330e-07 -1.0654330e-06 0.0000000e+00 
4.5583583e-06 -4.3055043e-06 0.0000000e+00 
-4.3306500e-08 -4.5774505e-07 0.0000000e+00 
7.6536089e-06 -7.3281117e-06 0.0000000e+00 
2.4773180e-06 -6.3246116e-06 0.0000000e+00 
-2.6868656e-07 4.0419400e-07 0.0000000e+00 
-8.1350340e+06 -6.3259625e+06 0.0000000e+00 
-3.7373975e-06 6.2314793e-06 0.0000000e+00 
9.8552555e-06 -1.6898382e-05 0.0000000e+00 
2.7571805e-06 -1.7923303e-06 0.0000000e+00 
-1.5101396e-06 5.5264682e-06 0.0000000e+00 
-2.6603229e-06 9.5516443e-06 0.0000000e+00 
-9.7183511e-07 4.2496249e-06 0.0000000e+00 
-2.3967586e-06 3.8510188e-06 0.0000000e+00 
2.6421621e-06 3.9255247e-07 0.0000000e+00 
1.5106052e-06 -7.1204267e-06 0.0000000e+00 
-2.2104941e-06 5.8519654e-06 0.0000000e+00 
-2.1103770e-06 6.5169297e-06 0.0000000e+00 
-2.1043234e-06 -3.5045668e-06 0.0000000e+00 
-8.3325190e+06 -6.2814520e+06 0.0000000e+00 
-1.0463409e-05 1.7613638e-05 0.0000000e+00 
8.2235783e-06 -1.6777311e-05 0.0000000e+00 
6.7902729e-06 -1.1489261e-05 0.0000000e+00 
-8.7167136e-06 8.0470927e-06 0.0000000e+00 
-1.6712584e-06 1.9455329e-06 0.0000000e+00 
9.4408169e-06 -8.3115883e-06 0.0000000e+00 
-7.7392906e-07 -3.7360005e-06 0.0000000e+00 
8.6799264e-07 4.9178489e-06 0.0000000e+00 
-6.0666353e-06 5.7271682e-06 0.0000000e+00 
-8.6156651e-06 1.0526273e-05 0.0000000e+00 
2.5341287e-06 -7.5167045e-06 0.0000000e+00 
-8.5200880e+06 -6.2160895e+06 0.0000000e+00 
1.1821277e-05 -1.5768688e-05 0.0000000e+00 
-1.2285076e-05 1.2399629e-05 0.0000000e+00 
1.5867874e-05 -1.2666453e-05 0.0000000e+00 
7.6349825e-06 -9.6922740e-06 0.0000000e+00 
-1.3437588e-05 1.7627142e-05 0.0000000e+00 
-3.6437996e-06 4.1727908e-06 0.0000000e+00 
8.3264895e-06 -3.5716221e-06 0.0000000e+00 
3.0216761e-06 -4.7492795e-06 0.0000000e+00 
1.5180558e-06 1.6512349e-06 0.0000000e+00 
-5.7867728e-06 9.0403482e-06 0.0000000e+00 
2.6607886e-06 -1.5506521e-06 0.0000000e+00 
-8.6941770e+06 -6.1303560e+06 0.0000000e+00 
-1.1095777e-05 3.9068982e-06 0.0000000e+00 
8.3353370e-08 -4.2133033e-06 0.0000000e+00 
1.6394537e-05 -1.7256010e-05 0.0000000e+00 
6.7604706e-06 -7.7481382e-06 0.0000000e+00 
-4.2258762e-06 2.9755756e-06 0.0000000e+00 
-1.8146820e-06 -3.6251731e-06 0.0000000e+00 
-5.3825788e-06 5.9590675e-06 0.0000000e+00 
-2.3934990e-06 -7.5949356e-07 0.0000000e+00 
2.8521754e-06 8.9360401e-07 0.0000000e+00 
-9.2247501e-06 1.5102327e-05 0.0000000e+00 
1.0724179e-06 1.3792887e-06 0.0000000e+00 
9.1539696e-06 -1.1543278e-05 0.0000000e+00 
-8.2566403e-06 2.0605512e-06 0.0000000e+00 
-1.1684839e-05 1.6656704e-05 0.0000000e+00 
-1.4044344e-06 4.9113296e-06 0.0000000e+00 
-8.8515140e+06 -6.0249045e+06 0.0000000e+00 
-5.5553392e-07 -2.1047890e-06 0.0000000e+00 
-6.0470775e-06 7.6312572e-06 0.0000000e+00 
8.8382512e-07 -2.9103830e-07 0.0000000e+00 
1.5161932e-05 -7.3784031e-06 0.0000000e+00 
2.6528724e-06 -3.7206337e-07 0.0000000e+00 
5.4063275e-06 -8.0470927e-06 0.0000000e+00 
-2.2267923e-06 1.5413389e-07 0.0000000e+00 
2.7716160e-06 4.2179599e-06 0.0000000e+00 
5.9809536e-06 -2.1927990e-06 0.0000000e+00 
6.1187893e-06 -6.7511573e-06 0.0000000e+00 
-4.1704625e-06 6.9141388e-06 0.0000000e+00 
-4.4805929e-06 3.7411228e-06 0.0000000e+00 
6.6170469e-06 -1.2665056e-05 0.0000000e+00 
-8.9891260e+06 -5.9005260e+06 0.0000000e+00 
7.6089054e-07 -3.7918799e-06 0.0000000e+00 
2.2910535e-06 -4.9360096e-08 0.0000000e+00 
-9.7882003e-06 7.5488351e-06 0.0000000e+00 
2.8726645e-06 -2.4577603e-06 0.0000000e+00 
7.6312572e-06 -4.3855980e-06 0.0000000e+00 
-4.0838495e-06 2.0558946e-06 0.0000000e+00 
-8.4284693e-07 4.1341409e-06 0.0000000e+00 
6.4726919e-06 -1.0020565e-05 0.0000000e+00 
7.5683929e-06 -4.8284419e-06 0.0000000e+00 
7.8883022e-07 1.5054829e-06 0.0000000e+00 
2.1997839e-06 -6.3255429e-06 0.0000000e+00 
4.4982880e-07 -2.5099143e-07 0.0000000e+00 
-8.2887709e-07 2.5923364e-06 0.0000000e+00 
-9.1043260e+06 -5.7581195e+06 0.0000000e+00 
-1.1236407e-05 7.0538372e-06 0.0000000e+00 
-1.0092277e-05 1.1296943e-05 0.0000000e+00 
-1.0963064e-05 6.5723434e-06 0.0000000e+00 
-1.7601997e-07 1.6358681e-06 0.0000000e+00 
-3.6284328e-06 -2.5839545e-06 0.0000000e+00 
9.3434937e-06 -7.2508119e-06 0.0000000e+00 
-5.9362501e-06 8.4638596e-06 0.0000000e+00 
5.1637180e-06 -6.1662868e-06 0.0000000e+00 
6.0442835e-06 -1.0183081e-05 0.0000000e+00 
-6.4549968e-06 1.8300489e-06 0.0000000e+00 
7.7388249e-06 -3.3392571e-06 0.0000000e+00 
9.2345290e-06 -1.0909978e-05 0.0000000e+00 
6.1485916e-06 -5.2652322e-06 0.0000000e+00 
-1.4625955e-05 2.2367109e-05 0.0000000e+00 
-6.4587221e-06 3.5371631e-06 0.0000000e+00 
1.3341196e-06 -8.8661909e-07 0.0000000e+00 
1.0535587e-05 -9.4459392e-06 0.0000000e+00 
1.7322600e-06 4.9849041e-06 0.0000000e+00 
-9.1947040e+06 -5.5986660e+06 0.0000000e+00 
-7.1339309e-07 2.9732473e-06 0.0000000e+00 
-5.7090074e-06 4.6519563e-07 0.0000000e+00 
-8.9262612e-06 1.2105796e-05 0.0000000e+00 
-1.8933788e-06 8.7930821e-06 0.0000000e+00 
-2.6356429e-06 -1.4267862e-06 0.0000000e+00 
1.9511208e-06 2.4680048e-06 0.0000000e+00 
2.2957101e-06 -1.5590340e-06 0.0000000e+00 
-1.2573320e-05 1.0714401e-05 0.0000000e+00 
-5.4752454e-06 2.7925707e-06 0.0000000e+00 
2.0265579e-06 1.0093674e-05 0.0000000e+00 
6.5248460e-06 -9.1618858e-06 0.0000000e+00 
7.7812001e-06 -1.2944918e-05 0.0000000e+00 
-6.7432411e-06 1.0091811e-05 0.0000000e+00 
2.3236498e-06 1.3816170e-06 0.0000000e+00 
2.6593916e-06 -4.5439228e-06 0.0000000e+00 
4.4377521e-07 1.2535602e-06 0.0000000e+00 
-9.2581070e+06 -5.4232060e+06 0.0000000e+00 
9.0757385e-06 -2.1177810e-05 0.0000000e+00 
-4.1164458e-07 -1.4766119e-06 0.0000000e+00 
-1.2293458e-06 1.8142164e-06 0.0000000e+00 
7.4808486e-06 -5.3253025e-06 0.0000000e+00 
-6.0712919e-06 5.5409037e-06 0.0000000e+00 
3.5858247e-05 -2.2360589e-05 0.0000000e+00 
4.0014274e-06 3.1199306e-08 0.0000000e+00 
1.2969598e-05 -1.3061799e-05 0.0000000e+00 
3.0868687e-06 -5.9683807e-06 0.0000000e+00 
-7.7700242e-06 9.3840063e-06 0.0000000e+00 
3.3876859e-06 -4.4917688e-06 0.0000000e+00 
-3.2014214e-06 4.0060841e-06 0.0000000e+00 
-7.3234551e-06 1.2751669e-05 0.0000000e+00 
-1.6903039e-05 1.4184974e-05 0.0000000e+00 
8.4605999e-06 -4.7115609e-06 0.0000000e+00 
1.0908116e-05 -1.2173783e-05 0.0000000e+00 
-6.8442896e-06 -2.3813918e-06 0.0000000e+00 
-1.0221265e-06 7.9483725e-06 0.0000000e+00 
-9.2926220e+06 -5.2328230e+06 0.0000000e+00 
-1.9144733e-05 2.3176428e-05 0.0000000e+00 
1.0299496e-05 -2.4144538e-06 0.0000000e+00 
-1.8507708e-05 1.5533064e-05 0.0000000e+00 
-6.2906183e-06 1.5982892e-05 0.0000000e+00 
9.5944852e-06 -4.3814071e-06 0.0000000e+00 
5.0910749e-06 -1.1100434e-05 0.0000000e+00 
-9.0766698e-06 8.7120570e-06 0.0000000e+00 
-7.1055256e-06 1.4058314e-06 0.0000000e+00 
2.1068379e-05 -1.4946796e-05 0.0000000e+00 
-2.4262350e-05 7.7672303e-06 0.0000000e+00 
-4.3269247e-06 1.9762665e-06 0.0000000e+00 
8.2994811e-06 -5.8189034e-06 0.0000000e+00 
-4.4582412e-06 6.5080822e-06 0.0000000e+00 
6.5099448e-06 -1.1470169e-05 0.0000000e+00 
-9.9563040e-06 1.4296733e-05 0.0000000e+00 
-1.0100193e-06 -3.2931566e-06 0.0000000e+00 
8.2505867e-06 -1.0942575e-05 0.0000000e+00 
-3.2875687e-07 -6.3232146e-06 0.0000000e+00 
-9.2965540e+06 -5.0286265e+06 0.0000000e+00 
1.5832484e-08 -6.5397471e-06 0.0000000e+00 
8.8191591e-06 -3.9082952e-06 0.0000000e+00 
-7.0659444e-06 1.4585909e-05 0.0000000e+00 
1.7937273e-05 -1.1770055e-05 0.0000000e+00 
-2.5171787e-05 2.7338509e-05 0.0000000e+00 
2.9504299e-06 4.5299530e-06 0.0000000e+00 
5.9353188e-06 -8.2799233e-06 0.0000000e+00 
6.9178641e-06 -7.2373077e-06 0.0000000e+00 
-7.8403391e-06 3.4011900e-06 0.0000000e+00 
-9.9036843e-06 1.1595897e-05 0.0000000e+00 
-5.9260055e-06 1.5431084e-05 0.0000000e+00 
5.0421804e-06 -1.4917459e-05 0.0000000e+00 
9.8207965e-07 -1.9716099e-06 0.0000000e+00 
-1.3754703e-05 1.0506250e-05 0.0000000e+00 
1.0057818e-05 1.5357509e-06 0.0000000e+00 
3.2135285e-06 -9.4547868e-06 0.0000000e+00 
1.8626451e-09 -4.4475310e-06 0.0000000e+00 
-9.2684100e+06 -4.8117425e+06 0.0000000e+00 
-2.8000213e-06 3.7932768e-06 0.0000000e+00 
1.2260862e-05 -2.5310554e-05 0.0000000e+00 
-1.9595027e-06 6.6021457e-06 0.0000000e+00 
9.1535039e-06 9.5544383e-06 0.0000000e+00 
4.0852465e-06 1.5739352e-07 0.0000000e+00 
1.6285107e-05 -1.5855301e-05 0.0000000e+00 
9.1991387e-06 -9.5218420e-06 0.0000000e+00 
-2.9089861e-06 3.1553209e-06 0.0000000e+00 
7.8557059e-07 -7.4417330e-06 0.0000000e+00 
6.1620958e-06 -9.5916912e-06 0.0000000e+00 
5.2684918e-06 1.0244548e-07 0.0000000e+00 
2.0182226e-05 -3.1193718e-05 0.0000000e+00 
8.7125227e-07 -6.4186752e-06 0.0000000e+00 
-7.7313744e-06 1.1132564e-05 0.0000000e+00 
-2.3752917e-05 1.4402904e-05 0.0000000e+00 
-1.2178905e-05 1.4876481e-05 0.0000000e+00 
4.8954971e-06 -3.6638230e-06 0.0000000e+00 
-6.2510371e-06 3.3718534e-06 0.0000000e+00 
-6.9681555e-06 1.0369811e-05 0.0000000e+00 
-7.0710666e-06 2.0000152e-06 0.0000000e+00 
-8.4470958e-06 1.2127217e-05 0.0000000e+00 
4.2645261e-06 -2.1993183e-06 0.0000000e+00 
-9.2068740e+06 -4.5833000e+06 0.0000000e+00 
1.3336539e-06 -6.3823536e-06 0.0000000e+00 
-4.9229711e-06 -7.3248520e-07 0.0000000e+00 
7.0175156e-07 4.8186630e-06 0.0000000e+00 
-6.5113418e-06 4.8750080e-06 0.0000000e+00 
-1.2548640e-05 -2.3609027e-07 0.0000000e+00 
1.7688610e-05 -1.9013416e-05 0.0000000e+00 
4.1956082e-06 -7.6279975e-06 0.0000000e+00 
2.0683743e-05 -1.3498589e-05 0.0000000e+00 
5.3010881e-06 -8.2252081e-06 0.0000000e+00 
6.6272914e-06 -1.1339784e-05 0.0000000e+00 
-1.5759841e-05 2.8717797e-05 0.0000000e+00 
8.9090317e-06 1.1269003e-06 0.0000000e+00 
4.6170317e-06 -9.4748102e-06 0.0000000e+00 
1.0441989e-05 -9.4280113e-06 0.0000000e+00 
7.5902790e-08 -4.5336783e-06 0.0000000e+00 
-1.0000542e-05 2.5457703e-06 0.0000000e+00 
-3.4435652e-06 7.4286945e-06 0.0000000e+00 
-1.0274351e-05 2.4111010e-05 0.0000000e+00 
-2.9113144e-06 5.0361268e-06 0.0000000e+00 
4.1113235e-06 -5.6461431e-06 0.0000000e+00 
-9.1107870e+06 -4.3444255e+06 0.0000000e+00 
-1.0672957e-06 8.1527978e-06 0.0000000e+00 
-2.9476359e-07 9.9693425e-06 0.0000000e+00 
-7.9721212e-07 9.6671283e-07 0.0000000e+00 
9.6629374e-06 2.6784837e-06 0.0000000e+00 
-1.1475291e-05 1.7742626e-05 0.0000000e+00 
-5.3211115e-06 1.1650380e-05 0.0000000e+00 
-7.0277601e-06 1.2498582e-05 0.0000000e+00 
-8.4638596e-06 2.5988556e-06 0.0000000e+00 
4.9644150e-06 2.7525239e-06 0.0000000e+00 
-5.5693090e-07 8.0326572e-07 0.0000000e+00 
6.0675666e-06 -1.1686468e-05 0.0000000e+00 
9.0077519e-06 -1.3038516e-08 0.0000000e+00 
-5.5404380e-06 1.5992206e-05 0.0000000e+00 
-1.2516044e-05 1.2164004e-05 0.0000000e+00 
2.4380162e-05 -3.2633543e-05 0.0000000e+00 
4.2612664e-06 2.7017668e-06 0.0000000e+00 
5.0240196e-06 -7.9078600e-06 0.0000000e+00 
6.5136701e-06 -1.1523254e-05 0.0000000e+00 
-5.6112185e-06 -4.9541704e-06 0.0000000e+00 
-2.2000168e-05 1.0253862e-05 0.0000000e+00 
5.9115700e-06 -1.2167729e-05 0.0000000e+00 
5.3155236e-06 -4.8014335e-06 0.0000000e+00 
2.8293580e-06 -1.6040634e-05 0.0000000e+00 
-8.9791330e+06 -4.0962385e+06 0.0000000e+00 
-2.9103830e-06 -3.4067780e-06 0.0000000e+00 
-4.6603382e-06 -3.3034012e-06 0.0000000e+00 
1.3067387e-05 -1.3476703e-05 0.0000000e+00 
-3.1171367e-06 -3.5439152e-06 0.0000000e+00 
3.9730221e-06 -3.6903657e-06 0.0000000e+00 
-1.2572855e-08 9.5381401e-06 0.0000000e+00 
-2.3003668e-06 1.7125625e-05 0.0000000e+00 
-5.5991113e-06 9.8755118e-06 0.0000000e+00 
-1.1641532e-07 3.7644058e-06 0.0000000e+00 
3.7071295e-06 -5.7723373e-06 0.0000000e+00 
-1.2231991e-05 9.1982074e-06 0.0000000e+00 
1.1152122e-05 -1.3512094e-05 0.0000000e+00 
1.7434359e-06 2.6249327e-06 0.0000000e+00 
-2.2901222e-06 -1.0765158e-05 0.0000000e+00 
-1.0309741e-05 9.7742304e-06 0.0000000e+00 
-9.0748072e-06 1.6926788e-05 0.0000000e+00 
-2.2404827e-05 2.9078685e-05 0.0000000e+00 
-5.7974830e-06 8.9602545e-06 0.0000000e+00 
6.3921325e-06 7.0314854e-08 0.0000000e+00 
-7.9320744e-06 8.6878426e-06 0.0000000e+00 
-6.2263571e-06 8.0359168e-06 0.0000000e+00 
1.6563572e-06 -1.7690007e-05 0.0000000e+00 
-8.8110160e+06 -3.8398445e+06 0.0000000e+00 
-2.3203902e-06 -9.7649172e-07 0.0000000e+00 
-1.1192635e-05 8.9644454e-06 0.0000000e+00 
-2.3702160e-06 -3.1823292e-06 0.0000000e+00 
1.7055310e-05 -5.6591816e-06 0.0000000e+00 
1.0465272e-05 -1.6879756e-05 0.0000000e+00 
2.0258129e-05 -2.4851412e-05 0.0000000e+00 
1.0423828e-05 -2.0753592e-05 0.0000000e+00 
5.2610412e-06 -9.9441968e-06 0.0000000e+00 
3.0538067e-06 4.1583553e-07 0.0000000e+00 
6.6636130e-06 -9.7872689e-06 0.0000000e+00 
1.6252976e-05 -2.6491005e-05 0.0000000e+00 
-1.3560057e-06 1.6591512e-06 0.0000000e+00 
4.1937456e-06 -4.4754706e-06 0.0000000e+00 
5.9893355e-06 -1.2052944e-05 0.0000000e+00 
-7.1548857e-06 9.8329037e-06 0.0000000e+00 
3.8035214e-06 -9.1008842e-06 0.0000000e+00 
1.5120953e-05 -4.0959567e-06 0.0000000e+00 
-1.2321398e-06 -8.5395295e-06 0.0000000e+00 
-3.3625402e-05 3.5000034e-05 0.0000000e+00 
1.1674594e-05 -2.3618806e-05 0.0000000e+00 
-5.3038821e-06 2.1243468e-06 0.0000000e+00 
-6.4573251e-06 7.6412689e-06 0.0000000e+00 
-3.6321580e-06 1.3700686e-05 0.0000000e+00 
-8.0736354e-06 1.9129366e-05 0.0000000e+00 
-8.6056400e+06 -3.5763340e+06 0.0000000e+00 
-2.3166649e-05 2.8321985e-05 0.0000000e+00 
-2.1927524e-05 3.1517353e-05 0.0000000e+00 
7.7048317e-06 3.8179569e-06 0.0000000e+00 
-2.4698675e-06 6.9825910e-07 0.0000000e+00 
2.7566683e-05 -2.2651628e-05 0.0000000e+00 
-7.5008720e-06 1.8235296e-06 0.0000000e+00 
1.0968186e-05 -1.6907230e-05 0.0000000e+00 
-8.1374310e-06 -7.4971467e-08 0.0000000e+00 
-8.2342885e-06 1.9434374e-05 0.0000000e+00 
-4.7218055e-07 6.9015659e-06 0.0000000e+00 
2.3501925e-06 -1.2836419e-05 0.0000000e+00 
1.3933517e-05 -1.5603378e-05 0.0000000e+00 
5.8845617e-06 -1.6931444e-06 0.0000000e+00 
-1.2664124e-05 3.6852434e-06 0.0000000e+00 
4.4107437e-06 -6.2445179e-06 0.0000000e+00 
-6.3199550e-06 -4.9611554e-06 0.0000000e+00 
1.7921440e-05 -3.7793070e-06 0.0000000e+00 
1.5017577e-05 -2.3786910e-05 0.0000000e+00 
4.1974708e-06 -4.1243620e-06 0.0000000e+00 
-1.0740943e-05 2.3955479e-05 0.0000000e+00 
4.7269277e-06 -4.9869996e-06 0.0000000e+00 
1.4593825e-05 -1.8180115e-05 0.0000000e+00 
1.8678140e-05 -2.8155744e-05 0.0000000e+00 
-9.7732991e-06 8.9034438e-07 0.0000000e+00 
-2.2300519e-05 4.1073188e-05 0.0000000e+00 
-8.3622995e+06 -3.3067810e+06 0.0000000e+00 
-7.8291632e-06 1.6388483e-05 0.0000000e+00 
-2.2483990e-05 1.5077647e-05 0.0000000e+00 
-5.6354329e-06 9.5618889e-06 0.0000000e+00 
8.5216016e-07 2.5806949e-06 0.0000000e+00 
8.8475645e-07 1.9520521e-06 0.0000000e+00 
1.2239441e-05 -2.5844667e-05 0.0000000e+00 
-1.5589409e-05 2.7326401e-05 0.0000000e+00 
3.8356520e-06 1.0207295e-06 0.0000000e+00 
-1.4813151e-05 2.4325214e-05 0.0000000e+00 
1.1242926e-05 -6.9458038e-06 0.0000000e+00 
-3.9329752e-06 -5.4100528e-06 0.0000000e+00 
-2.7264468e-06 6.1597675e-06 0.0000000e+00 
-1.3233162e-05 2.9583927e-05 0.0000000e+00 
1.2373086e-05 -2.6041176e-05 0.0000000e+00 
9.9018216e-06 -1.4786143e-05 0.0000000e+00 
5.4892153e-06 3.5888515e-06 0.0000000e+00 
1.5241094e-06 1.9876752e-06 0.0000000e+00 
-7.1199611e-07 9.8343007e-06 0.0000000e+00 
-1.5697442e-06 2.4852343e-06 0.0000000e+00 
8.8894740e-06 -2.1770597e-05 0.0000000e+00 
1.6692095e-05 -9.5311552e-06 0.0000000e+00 
5.5669807e-06 -3.4486875e-06 0.0000000e+00 
9.1437250e-06 -3.3024698e-06 0.0000000e+00 
2.2768043e-05 -2.2602733e-05 0.0000000e+00 
-8.0803545e+06 -3.0322428e+06 0.0000000e+00 
3.2568350e-06 -6.7953952e-06 0.0000000e+00 
1.1189841e-05 -2.4847686e-06 0.0000000e+00 
-8.1951730e-06 -6.2542967e-06 0.0000000e+00 
-1.7448328e-06 2.9229559e-06 0.0000000e+00 
-2.4382025e-06 -4.7232024e-06 0.0000000e+00 
-8.1942417e-06 4.4680201e-06 0.0000000e+00 
-1.6528182e-05 3.0953903e-05 0.0000000e+00 
5.4687262e-06 -1.2009172e-05 0.0000000e+00 
1.0654330e-06 4.3339096e-06 0.0000000e+00 
-3.0476600e-05 4.1268300e-05 0.0000000e+00 
6.6612847e-06 -1.4549587e-05 0.0000000e+00 
2.8503593e-05 -3.1637028e-05 0.0000000e+00 
-9.2759728e-07 -5.7634898e-06 0.0000000e+00 
-3.2410026e-06 -4.9732625e-06 0.0000000e+00 
-1.8551946e-05 1.7582439e-05 0.0000000e+00 
-2.4219975e-05 2.6415568e-05 0.0000000e+00 
-6.5770000e-06 1.4319783e-05 0.0000000e+00 
-3.9534643e-06 1.5845522e-05 0.0000000e+00 
-1.8438324e-05 3.5609119e-06 0.0000000e+00 
-2.7312897e-05 2.7162023e-05 0.0000000e+00 
5.0170347e-06 3.1241216e-06 0.0000000e+00 
4.0559098e-06 -1.0926276e-05 0.0000000e+00 
1.5064143e-05 -1.4707213e-05 0.0000000e+00 
2.1569431e-06 -7.0286915e-06 0.0000000e+00 
3.7085265e-05 -4.0501589e-05 0.0000000e+00 
-4.0861778e-06 1.4586374e-05 0.0000000e+00 
-1.6683713e-05 1.3093930e-05 0.0000000e+00 
-1.9366853e-05 1.7529586e-05 0.0000000e+00 
-7.7592190e+06 -2.7537600e+06 0.0000000e+00 
1.8793158e-05 -3.0598603e-05 0.0000000e+00 
-2.0796433e-06 6.5336935e-06 0.0000000e+00 
-1.9469298e-06 7.0850365e-06 0.0000000e+00 
-1.5739352e-07 -7.2685070e-06 0.0000000e+00 
1.0651536e-05 -1.5571248e-05 0.0000000e+00 
-9.5181167e-07 -9.1851689e-06 0.0000000e+00 
9.5940195e-06 -1.5258323e-05 0.0000000e+00 
1.8329360e-05 -1.9281870e-05 0.0000000e+00 
6.3814223e-06 -1.0616612e-05 0.0000000e+00 
-1.6437843e-05 1.4966354e-05 0.0000000e+00 
2.2360124e-05 -1.2590084e-05 0.0000000e+00 
-1.0328367e-06 -6.6747889e-06 0.0000000e+00 
-1.6117468e-05 1.0528602e-05 0.0000000e+00 
1.6409904e-06 2.3143366e-07 0.0000000e+00 
4.1867606e-06 -1.0703690e-05 0.0000000e+00 
-2.4795998e-05 3.9261300e-05 0.0000000e+00 
3.9692968e-06 -3.1804666e-06 0.0000000e+00 
-7.7188015e-06 1.1921860e-05 0.0000000e+00 
3.5287812e-06 -7.9688616e-06 0.0000000e+00 
1.7234590e-05 -1.5340745e-05 0.0000000e+00 
7.1339309e-07 -3.9730803e-06 0.0000000e+00 
-1.4294870e-05 1.3626181e-05 0.0000000e+00 
-3.7141144e-06 1.8250663e-05 0.0000000e+00 
7.6284632e-06 -1.0402407e-05 0.0000000e+00 
-7.3983440e+06 -2.4723592e+06 0.0000000e+00 
1.6857870e-05 -1.1857133e-05 0.0000000e+00 
2.5535934e-05 -2.6177149e-05 0.0000000e+00 
1.3356563e-05 -1.9872328e-05 0.0000000e+00 
-4.3632463e-07 -9.8193996e-06 0.0000000e+00 
-1.2681819e-05 1.9751489e-05 0.0000000e+00 
-1.3418496e-05 7.1395189e-06 0.0000000e+00 
-8.8661909e-06 4.5665074e-06 0.0000000e+00 
1.4853664e-05 -1.7347047e-05 0.0000000e+00 
-9.0477988e-06 7.2028488e-06 0.0000000e+00 
-2.1331944e-06 1.2128614e-05 0.0000000e+00 
-1.0189135e-05 1.2384029e-05 0.0000000e+00 
7.6377764e-06 -3.6116689e-06 0.0000000e+00 
1.9487925e-05 -2.1457905e-05 0.0000000e+00 
-1.6808510e-05 3.9333245e-05 0.0000000e+00 
2.1103770e-06 -9.0412796e-06 0.0000000e+00 
1.3664365e-05 -1.0452233e-05 0.0000000e+00 
-3.8836151e-06 -2.2964086e-06 0.0000000e+00 
2.2519380e-06 9.1181137e-06 0.0000000e+00 
4.4517219e-06 5.5984128e-06 0.0000000e+00 
1.1968892e-05 -2.6347581e-05 0.0000000e+00 
1.1663884e-05 -2.8598588e-05 0.0000000e+00 
-1.2629665e-05 9.5707364e-06 0.0000000e+00 
-2.0936131e-06 5.5613928e-06 0.0000000e+00 
-3.8761646e-06 1.2975186e-05 0.0000000e+00 
-6.5770000e-06 8.3278865e-06 0.0000000e+00 
-1.5536323e-05 -1.8398277e-06 0.0000000e+00 
-6.7288056e-06 9.3870331e-06 0.0000000e+00 
-1.8646941e-05 1.7756131e-05 0.0000000e+00 
-1.2374949e-05 7.3714182e-07 0.0000000e+00 
-1.4513731e-05 1.2393575e-05 0.0000000e+00 
-3.3900142e-07 5.2759424e-07 0.0000000e+00 
-1.2982637e-06 6.4061023e-06 0.0000000e+00 
-6.9972015e+06 -2.1890555e+06 0.0000000e+00 
-5.1301904e-06 9.1148540e-06 0.0000000e+00 
-3.4924597e-06 8.9330133e-06 0.0000000e+00 
1.4775433e-05 -1.4515128e-05 0.0000000e+00 
-7.2717667e-06 9.4175339e-06 0.0000000e+00 
-7.6536089e-06 8.7872613e-06 0.0000000e+00 
-6.9518574e-06 2.7437927e-05 0.0000000e+00 
8.8661909e-06 -6.8731606e-06 0.0000000e+00 
1.8890947e-05 -1.2920005e-05 0.0000000e+00 
2.4046749e-05 -1.5877187e-05 0.0000000e+00 
-1.0559801e-05 1.2533506e-05 0.0000000e+00 
-8.5644424e-06 1.9472558e-05 0.0000000e+00 
-2.9057264e-06 3.9371662e-06 0.0000000e+00 
-6.0312450e-06 -1.5811529e-05 0.0000000e+00 
8.2007609e-06 -2.4895882e-05 0.0000000e+00 
4.9620867e-06 -1.5845522e-05 0.0000000e+00 
3.0669384e-05 -1.7262995e-05 0.0000000e+00 
-1.1581928e-05 1.8656021e-05 0.0000000e+00 
1.0620803e-05 -2.9243529e-07 0.0000000e+00 
1.2366101e-05 -1.3775192e-05 0.0000000e+00 
-1.0862481e-05 1.3972167e-05 0.0000000e+00 
1.6959384e-05 -6.6170469e-06 0.0000000e+00 
-4.1536987e-06 1.4919788e-05 0.0000000e+00 
-6.1374158e-07 7.9395249e-07 0.0000000e+00 
5.9958547e-06 -1.4233869e-05 0.0000000e+00 
-2.2123568e-05 8.3385967e-06 0.0000000e+00 
-2.9318035e-06 -7.4948184e-07 0.0000000e+00 
4.8880465e-06 5.4256525e-06 0.0000000e+00 
7.0659444e-06 -1.5955418e-05 0.0000000e+00 
9.2773698e-06 -1.8288731e-05 0.0000000e+00 
-6.5552705e+06 -1.9048551e+06 0.0000000e+00 
-7.1991235e-06 -1.3215700e-05 0.0000000e+00 
-2.2697262e-05 3.1934120e-05 0.0000000e+00 
2.7781352e-05 -3.0142488e-05 0.0000000e+00 
9.5767900e-06 2.2081658e-06 0.0000000e+00 
3.4519471e-06 -6.0908496e-07 0.0000000e+00 
-7.5353310e-06 1.8677209e-05 0.0000000e+00 
-1.6511418e-05 1.7001759e-05 0.0000000e+00 
-1.3220124e-06 -1.7979182e-06 0.0000000e+00 
-3.1764619e-05 1.4218502e-05 0.0000000e+00 
1.4807563e-05 -2.8710812e-05 0.0000000e+00 
-1.8773600e-05 1.6815029e-05 0.0000000e+00 
9.7611919e-06 -7.8151934e-06 0.0000000e+00 
1.2688339e-05 -1.9760104e-05 0.0000000e+00 
-1.8765219e-05 2.7040485e-05 0.0000000e+00 
1.1470169e-05 -1.2808479e-05 0.0000000e+00 
5.8766454e-06 -1.0065269e-05 0.0000000e+00 
-1.1398923e-05 1.1417782e-05 0.0000000e+00 
1.8682331e-06 -1.5785918e-06 0.0000000e+00 
5.8994628e-06 -5.2901451e-06 0.0000000e+00 
1.3560057e-05 -2.3131026e-05 0.0000000e+00 
7.3350966e-06 -1.4265999e-05 0.0000000e+00 
-1.1952594e-05 1.1980534e-05 0.0000000e+00 
8.9555979e-06 -1.8060207e-05 0.0000000e+00 
3.7244521e-05 -1.8792693e-05 0.0000000e+00 
-8.8708475e-07 3.8607977e-06 0.0000000e+00 
1.2857839e-05 -2.6563415e-05 0.0000000e+00 
-2.9963441e-05 2.4889130e-05 0.0000000e+00 
-2.0781532e-05 2.1192245e-05 0.0000000e+00 
-3.5576522e-06 2.0714942e-05 0.0000000e+00 
-9.9893659e-06 3.0593947e-07 0.0000000e+00 
-1.9699335e-05 1.0340707e-05 0.0000000e+00 
-5.6251884e-07 -1.6456470e-06 0.0000000e+00 
5.7085417e-06 -1.7301412e-05 0.0000000e+00 
1.5179161e-05 -1.7459039e-05 0.0000000e+00 
-1.1282042e-05 6.5425411e-07 0.0000000e+00 
-6.0720175e+06 -1.6207605e+06 0.0000000e+00 
3.1841919e-06 -1.3193581e-05 0.0000000e+00 
1.7493963e-05 -7.8277662e-06 0.0000000e+00 
-1.5033875e-05 3.7713908e-05 0.0000000e+00 
-3.1060074e-05 5.1715993e-05 0.0000000e+00 
1.5241094e-05 -1.7227605e-05 0.0000000e+00 
6.2109903e-06 -4.2223837e-06 0.0000000e+00 
2.3373403e-05 -1.0611489e-05 0.0000000e+00 
2.0992011e-06 -6.8496447e-06 0.0000000e+00 
5.7062134e-06 -1.6430393e-05 0.0000000e+00 
1.0364223e-05 -3.2093376e-06 0.0000000e+00 
-3.0116178e-05 2.7537346e-05 0.0000000e+00 
-3.9841980e-06 -6.0177408e-06 0.0000000e+00 
-2.1781772e-05 2.5457237e-05 0.0000000e+00 
1.6933307e-05 -2.2838591e-05 0.0000000e+00 
-5.0221570e-06 -7.5921416e-06 0.0000000e+00 
-2.1398999e-05 2.1833926e-05 0.0000000e+00 
-2.5185291e-05 2.9916875e-05 0.0000000e+00 
-3.8826838e-06 2.8612558e-06 0.0000000e+00 
1.8157065e-05 -1.0015443e-05 0.0000000e+00 
-2.1076296e-05 2.7306960e-05 0.0000000e+00 
-2.7786009e-06 7.0855021e-06 0.0000000e+00 
1.1906959e-06 -6.2603503e-06 0.0000000e+00 
1.5353784e-05 -2.5681569e-05 0.0000000e+00 
1.0480173e-05 -8.0359168e-06 0.0000000e+00 
-5.4840930e-06 -5.2108662e-06 0.0000000e+00 
2.7092174e-06 5.0934032e-06 0.0000000e+00 
-1.0950956e-05 2.1452084e-05 0.0000000e+00 
4.4330955e-06 8.1299804e-06 0.0000000e+00 
2.2285152e-05 -4.9189548e-05 0.0000000e+00 
3.8356520e-06 -1.4090212e-05 0.0000000e+00 
-4.8233196e-06 2.9876828e-06 0.0000000e+00 
-5.5468830e+06 -1.3377752e+06 0.0000000e+00 
1.2135133e-05 -1.3272278e-05 0.0000000e+00 
6.1551109e-06 -1.5264377e-05 0.0000000e+00 
1.3020821e-05 -3.7505990e-05 0.0000000e+00 
-4.3939799e-06 1.9215047e-05 0.0000000e+00 
2.6624650e-05 -1.8500723e-05 0.0000000e+00 
1.8423423e-05 -1.8472783e-05 0.0000000e+00 
-4.3101609e-06 -1.5510013e-06 0.0000000e+00 
2.8340146e-05 -7.7164732e-06 0.0000000e+00 
-3.3797696e-06 -8.5858628e-06 0.0000000e+00 
1.1825934e-05 -1.9590138e-05 0.0000000e+00 
1.0719523e-06 5.6200661e-06 0.0000000e+00 
1.2500677e-05 -2.4342211e-05 0.0000000e+00 
-1.6405247e-05 2.2429042e-05 0.0000000e+00 
-9.4268471e-06 2.7711503e-06 0.0000000e+00 
3.7802383e-06 -1.3254583e-05 0.0000000e+00 
6.9411471e-06 -9.9590980e-06 0.0000000e+00 
5.6726858e-06 -1.4774501e-05 0.0000000e+00 
-1.6728416e-05 2.8444687e-05 0.0000000e+00 
-6.8214722e-06 7.2538387e-06 0.0000000e+00 
-9.0491958e-06 2.7384493e-05 0.0000000e+00 
6.2021427e-06 6.7800283e-07 0.0000000e+00 
-3.5110861e-07 -1.0654796e-05 0.0000000e+00 
-1.2202188e-05 6.6021457e-06 0.0000000e+00 
-4.0712766e-06 -9.2433766e-08 0.0000000e+00 
-4.1103922e-05 1.0800548e-05 0.0000000e+00 
7.5032003e-06 -2.7799979e-07 0.0000000e+00 
1.0397285e-05 -2.8108712e-05 0.0000000e+00 
-2.0417385e-05 7.5886492e-06 0.0000000e+00 
-1.2821052e-05 2.8735725e-05 0.0000000e+00 
1.2477394e-05 -1.8417137e-05 0.0000000e+00 
-4.2937696e-05 3.8781203e-05 0.0000000e+00 
8.3651394e-06 -1.1245720e-06 0.0000000e+00 
1.6205013e-07 -7.8494195e-06 0.0000000e+00 
-4.9792630e+06 -1.0569105e+06 0.0000000e+00 
-1.4508609e-05 2.8371112e-05 0.0000000e+00 
1.1051074e-05 -1.2814067e-05 0.0000000e+00 
-3.7634745e-06 9.9036843e-06 0.0000000e+00 
-4.1751191e-06 9.2172995e-06 0.0000000e+00 
1.4536548e-05 -2.2933586e-05 0.0000000e+00 
1.1920929e-06 -3.3886172e-06 0.0000000e+00 
-3.5578851e-06 7.6575670e-06 0.0000000e+00 
3.9245933e-06 -5.4142438e-06 0.0000000e+00 
3.1888485e-06 4.2337924e-06 0.0000000e+00 
-1.8754043e-05 2.8152484e-05 0.0000000e+00 
4.8810616e-06 -3.0146912e-06 0.0000000e+00 
-1.0028481e-05 2.5010959e-05 0.0000000e+00 
5.0789677e-06 -6.5816566e-06 0.0000000e+00 
-1.8108636e-05 2.8950395e-05 0.0000000e+00 
-9.4603747e-06 -8.2328916e-06 0.0000000e+00 
1.7078593e-05 -7.0305541e-06 0.0000000e+00 
-1.5067868e-05 2.2644177e-05 0.0000000e+00 
8.0675818e-06 -7.2667608e-06 0.0000000e+00 
6.2566251e-06 -2.1345913e-06 0.0000000e+00 
-5.3923577e-06 2.3716013e-05 0.0000000e+00 
7.1609393e-06 -2.0994106e-05 0.0000000e+00 
8.9628156e-06 -2.0106789e-05 0.0000000e+00 
1.3449229e-05 -1.1940487e-05 0.0000000e+00 
1.1732802e-05 4.4116750e-06 0.0000000e+00 
5.3141266e-06 -1.2004632e-05 0.0000000e+00 
-1.1907890e-05 1.7078128e-05 0.0000000e+00 
-4.4531189e-06 1.3008947e-05 0.0000000e+00 
-5.5045821e-06 2.0075997e-05 0.0000000e+00 
-1.8811319e-05 -7.1281102e-06 0.0000000e+00 
2.9634684e-06 -1.0692980e-05 0.0000000e+00 
-4.6384521e-06 1.6817823e-05 0.0000000e+00 
8.6836517e-06 -1.3140496e-05 0.0000000e+00 
-4.3684890e+06 -7.7919200e+05 0.0000000e+00 
5.6540594e-06 9.4687566e-06 0.0000000e+00 
1.5780330e-05 -2.8279610e-06 0.0000000e+00 
1.8859282e-06 -4.5634806e-06 0.0000000e+00 
9.1828406e-07 1.4869729e-05 0.0000000e+00 
-1.0669231e-05 -9.0324320e-06 0.0000000e+00 
1.9467436e-05 -3.1408854e-05 0.0000000e+00 
-1.8933788e-06 -4.9150549e-06 0.0000000e+00 
2.8321519e-05 -3.8711121e-05 0.0000000e+00 
2.7992297e-05 -2.3761764e-05 0.0000000e+00 
2.3940578e-05 -3.4634024e-05 0.0000000e+00 
-3.8312282e-06 1.7393497e-05 0.0000000e+00 
-5.1138923e-06 1.5024329e-05 0.0000000e+00 
-6.2263571e-06 -1.4752033e-05 0.0000000e+00 
5.1916577e-06 -2.0871579e-05 0.0000000e+00 
1.5555881e-05 -2.0692125e-05 0.0000000e+00 
2.5425106e-07 -2.6724301e-06 0.0000000e+00 
-3.0281954e-06 -3.8725557e-06 0.0000000e+00 
-2.3359433e-05 1.0281801e-05 0.0000000e+00 
-5.9106387e-06 -1.8248102e-06 0.0000000e+00 
-2.9662624e-07 -2.7281931e-06 0.0000000e+00 
-1.6173348e-05 2.3161061e-05 0.0000000e+00 
-3.0137599e-06 8.6171785e-06 0.0000000e+00 
2.8084032e-06 -1.4363555e-05 0.0000000e+00 
6.5243803e-06 -7.9860911e-08 0.0000000e+00 
4.3003820e-06 -6.0752500e-06 0.0000000e+00 
-1.0819174e-05 2.1683518e-05 0.0000000e+00 
1.5329570e-06 -6.5844506e-07 0.0000000e+00 
-2.7189963e-06 9.1153197e-08 0.0000000e+00 
7.2456896e-07 2.8239563e-05 0.0000000e+00 
-2.6259571e-05 3.1849369e-05 0.0000000e+00 
-1.5147030e-05 2.1762447e-05 0.0000000e+00 
-3.8398430e-06 1.8117717e-06 0.0000000e+00 
-2.4553388e-05 3.3080578e-05 0.0000000e+00 
-6.0545281e-06 5.7630241e-06 0.0000000e+00 
-7.1418472e-06 2.3097498e-05 0.0000000e+00 
-3.2670796e-06 1.5309080e-05 0.0000000e+00 
1.4456455e-05 -2.8628157e-05 0.0000000e+00 
-3.7138078e+06 -5.0566888e+05 0.0000000e+00 
-1.2149103e-05 2.6051886e-05 0.0000000e+00 
3.5164878e-05 -2.3690052e-05 0.0000000e+00 
1.6400591e-06 1.1476222e-06 0.0000000e+00 
1.5040860e-07 -1.5337602e-05 0.0000000e+00 
-1.9129366e-06 -2.4970213e-06 0.0000000e+00 
3.0966476e-07 -3.2091339e-07 0.0000000e+00 
1.5800586e-05 -3.1089410e-05 0.0000000e+00 
1.5322119e-05 -1.6397127e-05 0.0000000e+00 
4.7347508e-05 -4.5983586e-05 0.0000000e+00 
-3.2954849e-06 1.1273485e-05 0.0000000e+00 
1.4198944e-05 -4.2709522e-05 0.0000000e+00 
-1.4124438e-05 1.9505620e-05 0.0000000e+00 
1.0577030e-05 -1.1108117e-05 0.0000000e+00 
1.2794510e-05 -4.8656948e-06 0.0000000e+00 
-2.0880252e-05 2.1139160e-05 0.0000000e+00 
1.1739321e-06 2.1809246e-06 0.0000000e+00 
3.1450763e-06 9.1360416e-06 0.0000000e+00 
-3.6447309e-06 -3.2376847e-06 0.0000000e+00 
-9.4007701e-06 -1.5040394e-05 0.0000000e+00 
1.9325875e-05 -2.4357316e-05 0.0000000e+00 
-5.7555735e-06 -1.9601546e-05 0.0000000e+00 
-6.8424270e-06 1.4888647e-05 0.0000000e+00 
-4.0509272e-05 3.6446378e-05 0.0000000e+00 
-4.7404319e-06 -4.5560300e-06 0.0000000e+00 
3.8910657e-05 -4.6121422e-05 0.0000000e+00 
-3.4647528e-06 -2.4834007e-06 0.0000000e+00 
-1.9791536e-05 1.5902100e-05 0.0000000e+00 
-2.6715454e-05 4.9116090e-05 0.0000000e+00 
-8.6938962e-07 1.6647391e-06 0.0000000e+00 
-1.4217570e-05 1.3727695e-05 0.0000000e+00 
1.4694408e-05 -1.3138633e-05 0.0000000e+00 
1.1948403e-05 -3.5132281e-05 0.0000000e+00 
-1.2207776e-05 2.0365231e-05 0.0000000e+00 
-2.9271469e-06 -2.4298206e-06 0.0000000e+00 
1.0299496e-05 -1.1086464e-05 0.0000000e+00 
-2.3418106e-05 2.7409988e-05 0.0000000e+00 
-3.0143550e+06 -2.3742361e+05 0.0000000e+00 
-1.8786639e-05 3.2093376e-05 0.0000000e+00 
-2.1965243e-06 5.5844721e-06 0.0000000e+00 
-9.6797012e-06 1.9735096e-05 0.0000000e+00 
2.1572225e-05 -2.4157576e-05 0.0000000e+00 
1.4650170e-05 -3.3520395e-05 0.0000000e+00 
-3.9171427e-06 1.3583653e-05 0.0000000e+00 
-1.7190352e-05 3.5982579e-05 0.0000000e+00 
-6.9183297e-06 7.6008728e-06 0.0000000e+00 
1.1265278e-05 -2.7525748e-05 0.0000000e+00 
-6.6678040e-06 1.8390827e-05 0.0000000e+00 
5.1683746e-06 -1.3581885e-05 0.0000000e+00 
-2.7250499e-06 2.9659830e-05 0.0000000e+00 
-2.1748012e-05 1.7848797e-05 0.0000000e+00 
2.3521483e-05 -4.0800776e-05 0.0000000e+00 
-4.9700029e-06 6.6872453e-06 0.0000000e+00 
-2.6652589e-05 9.8710880e-06 0.0000000e+00 
1.5925616e-07 1.3140030e-05 0.0000000e+00 
1.6295351e-05 -2.5263522e-05 0.0000000e+00 
-9.0943649e-07 -1.9187573e-05 0.0000000e+00 
-2.5851652e-05 2.1082349e-05 0.0000000e+00 
1.7274637e-05 -2.9519200e-05 0.0000000e+00 
2.7067726e-06 -7.8355079e-06 0.0000000e+00 
7.5972639e-06 -1.0222007e-05 0.0000000e+00 
-1.1716038e-06 1.8985942e-05 0.0000000e+00 
9.3914568e-06 -1.9540545e-05 0.0000000e+00 
9.2526898e-06 -4.0024053e-05 0.0000000e+00 
-1.8626451e-05 9.6863369e-06 0.0000000e+00 
8.1872568e-06 -1.5030615e-05 0.0000000e+00 
5.1016919e-05 -4.5023393e-05 0.0000000e+00 
-1.3284385e-05 1.0671094e-05 0.0000000e+00 
1.5533529e-05 -3.3158343e-05 0.0000000e+00 
-1.9630417e-05 4.0644547e-05 0.0000000e+00 
-1.1142809e-05 1.6137375e-05 0.0000000e+00 
6.4843334e-06 -7.7944715e-06 0.0000000e+00 
2.1235086e-05 -3.4094788e-05 0.0000000e+00 
9.2475675e-06 -7.1922841e-06 0.0000000e+00 
3.1637028e-06 -1.1508586e-05 0.0000000e+00 
-9.1237016e-06 1.2760283e-05 0.0000000e+00 
-2.2691300e+06 2.4416094e+04 0.0000000e+00 
-3.7117861e-06 -5.5556666e-06 0.0000000e+00 
-2.5191344e-05 1.2110919e-05 0.0000000e+00 
1.1591241e-05 -2.8736773e-05 0.0000000e+00 
4.6240166e-05 -3.4838449e-05 0.0000000e+00 
1.5469268e-06 -9.7545417e-06 0.0000000e+00 
-6.8284571e-06 1.3970945e-05 0.0000000e+00 
4.4764020e-06 -1.1961296e-05 0.0000000e+00 
-8.1867911e-06 1.4418736e-05 0.0000000e+00 
1.4529098e-05 6.1243773e-06 0.0000000e+00 
-7.0682727e-06 1.6823993e-05 0.0000000e+00 
6.6366047e-06 -2.7576461e-06 0.0000000e+00 
-1.7136335e-06 2.0874664e-05 0.0000000e+00 
2.6455149e-05 -1.5769619e-05 0.0000000e+00 
-3.0931551e-06 6.4233609e-06 0.0000000e+00 
-9.4743446e-06 -4.5667402e-06 0.0000000e+00 
-1.2326054e-05 7.6678116e-06 0.0000000e+00 
-2.3322180e-05 2.4262350e-05 0.0000000e+00 
-3.6464073e-05 1.6682781e-05 0.0000000e+00 
-4.9360096e-08 -1.3461889e-05 0.0000000e+00 
-5.7923608e-06 1.5832484e-07 0.0000000e+00 
4.1050371e-06 -6.9430098e-06 0.0000000e+00 
-3.7295977e-06 1.1749275e-05 0.0000000e+00 
-6.5615401e-05 4.4402666e-05 0.0000000e+00 
-5.3923577e-07 -6.8731606e-07 0.0000000e+00 
6.1662868e-06 -1.3697892e-05 0.0000000e+00 
1.1376105e-06 1.8808991e-05 0.0000000e+00 
3.4570694e-06 6.7090732e-06 0.0000000e+00 
7.4608251e-06 -2.2893044e-05 0.0000000e+00 
-5.9641898e-06 2.6735215e-05 0.0000000e+00 
4.7317706e-05 -3.6243349e-05 0.0000000e+00 
-7.4133277e-07 1.3857149e-05 0.0000000e+00 
-7.1846880e-06 -7.1595423e-07 0.0000000e+00 
-3.1159259e-05 1.0196585e-05 0.0000000e+00 
-4.0601008e-06 2.7821690e-05 0.0000000e+00 
2.4543144e-05 -1.7063692e-05 0.0000000e+00 
-6.4019114e-06 8.2310289e-06 0.0000000e+00 
4.8093498e-06 -1.3010576e-05 0.0000000e+00 
1.7741695e-06 -1.5521771e-05 0.0000000e+00 
-2.6989728e-06 -5.9334561e-06 0.0000000e+00 
3.3946708e-06 -1.2648990e-05 0.0000000e+00 
-1.4769595e+06 2.7866291e+05 0.0000000e+00 
7.2862022e-06 -2.8294744e-05 0.0000000e+00 
9.3048438e-06 -2.4307054e-05 0.0000000e+00 
-6.8172812e-06 -4.5876950e-06 0.0000000e+00 
-5.5367127e-07 9.4901188e-06 0.0000000e+00 
-4.8386864e-06 1.3289668e-05 0.0000000e+00 
-7.2354451e-06 -7.3644333e-06 0.0000000e+00 
-7.6788710e-06 2.2018969e-05 0.0000000e+00 
8.1053004e-06 -3.2549724e-06 0.0000000e+00 
-8.7996013e-06 6.5900385e-06 0.0000000e+00 
8.3531486e-06 -6.9052912e-06 0.0000000e+00 
1.9976869e-06 -2.3138709e-06 0.0000000e+00 
-1.6174279e-05 2.3809262e-05 0.0000000e+00 
-5.8826059e-05 6.9944654e-05 0.0000000e+00 
1.9818079e-05 -3.6344165e-05 0.0000000e+00 
-9.5637515e-06 2.4097040e-05 0.0000000e+00 
-9.4568823e-06 4.7024805e-06 0.0000000e+00 
-3.3369288e-05 2.5316142e-05 0.0000000e+00 
1.4044344e-06 -4.7077483e-06 0.0000000e+00 
-2.1586195e-05 1.9514468e-05 0.0000000e+00 
1.7837272e-05 -4.1115563e-05 0.0000000e+00 
-5.9879385e-06 8.1704929e-06 0.0000000e+00 
1.3236888e-05 -2.0186417e-05 0.0000000e+00 
2.0461157e-06 1.9646715e-05 0.0000000e+00 
1.8631108e-05 -2.7527567e-05 0.0000000e+00 
1.3669953e-05 -3.6152720e-05 0.0000000e+00 
-1.8762425e-05 3.6949816e-05 0.0000000e+00 
1.2740493e-06 7.2256662e-06 0.0000000e+00 
1.2665987e-07 4.7999201e-06 0.0000000e+00 
-3.3434480e-07 9.3858689e-06 0.0000000e+00 
-6.6964421e-06 2.2030727e-05 0.0000000e+00 
1.4880672e-05 6.3097104e-06 0.0000000e+00 
-1.8379651e-05 1.5058671e-05 0.0000000e+00 
-1.6406644e-05 1.6670267e-05 0.0000000e+00 
-3.1250529e-06 -7.2509283e-07 0.0000000e+00 
-1.2086704e-05 -2.4273060e-05 0.0000000e+00 
9.7192824e-06 6.0636958e-06 0.0000000e+00 
3.2342039e-05 -2.6172027e-05 0.0000000e+00 
4.2297179e-06 -1.3666227e-05 0.0000000e+00 
5.9364364e-05 -6.9874339e-05 0.0000000e+00 
-6.3645781e+05 5.2405275e+05 0.0000000e+00 
3.4417026e-05 -1.3647601e-05 0.0000000e+00 
-1.6824342e-06 1.0678734e-05 0.0000000e+00 
2.6346184e-05 -2.7574599e-05 0.0000000e+00 
9.5784198e-06 -2.1457963e-05 0.0000000e+00 
-1.2290198e-05 2.9258314e-05 0.0000000e+00 
1.0723947e-05 -1.8889434e-05 0.0000000e+00 
2.0430423e-05 -3.7385151e-05 0.0000000e+00 
5.4155476e-05 -5.3914031e-05 0.0000000e+00 
-1.5536323e-05 1.0938384e-05 0.0000000e+00 
-8.7283552e-06 4.4526532e-06 0.0000000e+00 
-2.9294752e-05 4.3941196e-05 0.0000000e+00 
2.0153821e-06 1.6060658e-05 0.0000000e+00 
1.6168691e-05 -3.9601233e-05 0.0000000e+00 
1.7166603e-05 -1.6193604e-05 0.0000000e+00 
1.6561709e-05 1.4109537e-06 0.0000000e+00 
-1.2763543e-05 2.0771404e-05 0.0000000e+00 
9.8338351e-06 1.7506070e-05 0.0000000e+00 
-3.9236620e-06 -9.3248673e-07 0.0000000e+00 
3.2596290e-08 7.5779972e-06 0.0000000e+00 
-1.1911034e-05 3.3321034e-05 0.0000000e+00 
-3.6891550e-05 2.9241201e-05 0.0000000e+00 
-2.1502841e-05 9.5803989e-06 0.0000000e+00 
2.6989263e-05 -6.3863525e-05 0.0000000e+00 
-2.2165477e-07 -3.2964163e-05 0.0000000e+00 
-9.5651485e-06 2.4992973e-05 0.0000000e+00 
9.0338290e-06 -1.5291735e-05 0.0000000e+00 
-1.6261358e-05 1.4610647e-05 0.0000000e+00 
-1.2365635e-06 -4.4563785e-07 0.0000000e+00 
1.0684133e-05 -1.7184531e-05 0.0000000e+00 
1.3317331e-05 -1.7583137e-05 0.0000000e+00 
3.1831674e-05 -3.9319508e-05 0.0000000e+00 
-4.1674823e-05 4.3408480e-05 0.0000000e+00 
-1.9911677e-05 2.4558976e-05 0.0000000e+00 
-8.1555918e-06 1.6952283e-05 0.0000000e+00 
3.1376258e-06 -1.1027674e-05 0.0000000e+00 
-2.8116629e-06 -6.5602362e-06 0.0000000e+00 
7.0789829e-06 2.8710565e-06 0.0000000e+00 
3.2801181e-06 -1.0297750e-05 0.0000000e+00 
1.0600314e-05 -3.6451966e-06 0.0000000e+00 
1.4317222e-05 -8.7525696e-06 0.0000000e+00 
-1.4210120e-05 1.6811304e-05 0.0000000e+00 
-1.0293908e-05 2.0319130e-05 0.0000000e+00 
2.5402359e+05 7.5922375e+05 0.0000000e+00 
-1.7243437e-06 -3.7895807e-06 0.0000000e+00 
1.4713500e-05 -1.7674640e-05 0.0000000e+00 
-1.3977755e-05 3.6514131e-05 0.0000000e+00 
-2.4175271e-05 3.2822601e-05 0.0000000e+00 
-1.3078679e-06 1.3266690e-05 0.0000000e+00 
-1.1746772e-05 4.1536987e-07 0.0000000e+00 
-1.3818033e-05 3.3669639e-06 0.0000000e+00 
3.0752271e-06 -1.2852252e-07 0.0000000e+00 
-7.4757263e-06 1.4716759e-05 0.0000000e+00 
-6.4751133e-05 4.4720247e-05 0.0000000e+00 
4.0794257e-06 -1.3188692e-05 0.0000000e+00 
-1.6218983e-05 7.7467412e-06 0.0000000e+00 
-1.3922341e-05 4.8757298e-05 0.0000000e+00 
-1.0339078e-05 1.0273652e-05 0.0000000e+00 
5.2549876e-06 -1.5302561e-05 0.0000000e+00 
2.2416934e-05 -3.4634490e-05 0.0000000e+00 
1.0908581e-05 -2.6081689e-06 0.0000000e+00 
1.9695610e-05 -3.5060570e-05 0.0000000e+00 
-4.1577732e-06 -3.2042153e-06 0.0000000e+00 
1.2718141e-05 -1.7168233e-05 0.0000000e+00 
1.5459955e-07 2.7040369e-06 0.0000000e+00 
8.9968671e-07 -4.4289045e-06 0.0000000e+00 
-6.3842162e-06 1.1606142e-05 0.0000000e+00 
6.6971406e-06 -8.0442987e-08 0.0000000e+00 
-5.3085387e-07 1.7804850e-05 0.0000000e+00 
-1.1150260e-05 2.0371052e-05 0.0000000e+00 
1.0411954e-05 -2.3158267e-05 0.0000000e+00 
1.3280660e-05 -4.8391521e-06 0.0000000e+00 
1.0003801e-05 -1.4423043e-05 0.0000000e+00 
-6.7239162e-06 8.4184576e-06 0.0000000e+00 
1.1244789e-05 8.6184591e-06 0.0000000e+00 
-2.9381365e-05 5.0632283e-05 0.0000000e+00 
-1.9183382e-05 4.1924301e-05 0.0000000e+00 
-4.1094609e-06 -2.2979715e-05 0.0000000e+00 
2.4070032e-05 -4.5504421e-06 0.0000000e+00 
-1.6987324e-05 1.5188009e-05 0.0000000e+00 
2.6760623e-05 -1.4047138e-05 0.0000000e+00 
-7.3900446e-07 -4.4731423e-06 0.0000000e+00 
4.5916997e-05 -5.1151030e-05 0.0000000e+00 
6.4657070e-06 -1.2520235e-05 0.0000000e+00 
1.1368422e-05 -1.3703597e-05 0.0000000e+00 
1.1964599e+06 9.8269031e+05 0.0000000e+00 
1.0959804e-05 -2.8945215e-05 0.0000000e+00 
7.1474642e-07 4.4447370e-06 0.0000000e+00 
-1.8579885e-05 1.9037398e-05 0.0000000e+00 
-1.4205463e-05 3.5306904e-05 0.0000000e+00 
-2.2711232e-05 1.3227575e-05 0.0000000e+00 
1.2340955e-05 -1.5419908e-05 0.0000000e+00 
-1.0272488e-06 -3.2456592e-07 0.0000000e+00 
8.8405795e-06 -2.3682718e-05 0.0000000e+00 
2.5103102e-05 -5.2054878e-05 0.0000000e+00 
6.3953921e-06 1.0961492e-05 0.0000000e+00 
8.2824845e-06 -1.2410339e-05 0.0000000e+00 
1.0201707e-05 -2.6683556e-05 0.0000000e+00 
1.6127713e-05 -2.0015985e-05 0.0000000e+00 
-1.3271347e-08 -2.3647211e-05 0.0000000e+00 
9.4598508e-06 -1.1355150e-05 0.0000000e+00 
-1.6798731e-05 2.0317733e-05 0.0000000e+00 
3.1678006e-05 -4.9174763e-05 0.0000000e+00 
2.7334318e-06 -1.1944328e-05 0.0000000e+00 
-4.2021275e-05 2.6375055e-06 0.0000000e+00 
1.3748184e-05 -4.0619867e-05 0.0000000e+00 
-1.8035062e-06 -1.1262309e-06 0.0000000e+00 
-3.4932047e-05 1.4249235e-06 0.0000000e+00 
-5.5762939e-05 6.4744614e-05 0.0000000e+00 
-1.6147736e-05 2.0326814e-05 0.0000000e+00 
1.4598481e-07 -3.2247044e-06 0.0000000e+00 
-5.8142468e-06 1.8246472e-05 0.0000000e+00 
-7.4399868e-06 -5.4205302e-06 0.0000000e+00 
-7.9669990e-06 4.3981709e-06 0.0000000e+00 
-2.1900982e-05 2.6027439e-05 0.0000000e+00 
-2.7306378e-06 -1.0459218e-05 0.0000000e+00 
1.6423874e-05 8.1816688e-07 0.0000000e+00 
8.6296350e-06 -8.3264895e-06 0.0000000e+00 
1.8822029e-06 -1.3203826e-05 0.0000000e+00 
-1.3303012e-05 8.8699162e-06 0.0000000e+00 
-1.6861595e-05 9.5700379e-06 0.0000000e+00 
4.6873465e-06 -1.6786435e-05 0.0000000e+00 
-4.6851113e-05 1.9702129e-05 0.0000000e+00 
-1.3211742e-05 1.7102808e-05 0.0000000e+00 
-3.4850091e-06 -2.3107510e-05 0.0000000e+00 
-8.4461644e-06 1.5561935e-05 0.0000000e+00 
2.1670014e-05 -4.8750080e-05 0.0000000e+00 
-3.1791627e-05 6.1110593e-05 0.0000000e+00 
2.1932345e+06 1.1928104e+06 0.0000000e+00 
5.2505173e-05 -6.0525723e-05 0.0000000e+00 
6.6412613e-06 3.2368116e-06 0.0000000e+00 
-4.2995089e-06 -6.0957391e-06 0.0000000e+00 
2.1387823e-06 -1.5102909e-05 0.0000000e+00 
-9.3898270e-06 1.0991469e-05 0.0000000e+00 
4.6147034e-06 -1.8936349e-05 0.0000000e+00 
9.0058893e-07 2.0701438e-05 0.0000000e+00 
4.7856010e-06 -5.0512608e-06 0.0000000e+00 
-6.5248460e-06 1.0390184e-05 0.0000000e+00 
-1.6647042e-05 2.7957372e-05 0.0000000e+00 
-5.3027179e-06 2.4152221e-05 0.0000000e+00 
8.9267269e-06 -2.9176619e-05 0.0000000e+00 
2.4443492e-05 5.5427663e-06 0.0000000e+00 
4.7404319e-07 4.2971224e-06 0.0000000e+00 
1.1017546e-06 -1.8969178e-05 0.0000000e+00 
3.0657277e-05 -2.9943418e-05 0.0000000e+00 
5.7341531e-06 -9.1129914e-06 0.0000000e+00 
9.3430281e-06 5.1595271e-06 0.0000000e+00 
-9.1299880e-06 -5.2419491e-06 0.0000000e+00 
1.2083910e-05 -1.5450642e-06 0.0000000e+00 
3.9461069e-05 -5.5124750e-05 0.0000000e+00 
-1.6924459e-06 -1.0615913e-05 0.0000000e+00 
-2.5401823e-06 -3.8798753e-06 0.0000000e+00 
1.9345665e-05 -1.8641818e-05 0.0000000e+00 
1.4283229e-05 -9.2573464e-06 0.0000000e+00 
1.2639794e-05 -2.2205524e-05 0.0000000e+00 
-1.8374994e-05 2.9074028e-05 0.0000000e+00 
-2.2345223e-05 1.7853454e-05 0.0000000e+00 
-1.6326085e-05 2.5603673e-05 0.0000000e+00 
2.0105850e-05 -4.1542342e-05 0.0000000e+00 
-3.0656345e-05 1.4807098e-05 0.0000000e+00 
2.0156614e-05 -2.9987190e-05 0.0000000e+00 
2.1626707e-05 -2.9408606e-05 0.0000000e+00 
1.2999400e-05 1.6411766e-05 0.0000000e+00 
-9.1497786e-06 -1.3668789e-05 0.0000000e+00 
-8.8643283e-06 2.0977575e-05 0.0000000e+00 
4.2908825e-05 -2.2795051e-05 0.0000000e+00 
9.5842406e-06 -7.7867298e-06 0.0000000e+00 
-1.9289786e-05 5.2427873e-05 0.0000000e+00 
7.6042488e-06 1.1521857e-05 0.0000000e+00 
5.3187832e-06 1.9500498e-05 0.0000000e+00 
-9.6037984e-06 9.5909927e-06 0.0000000e+00 
3.5120174e-06 4.9546361e-07 0.0000000e+00 
1.0797754e-05 -8.0713071e-06 0.0000000e+00 
1.1418946e-05 -7.9066376e-06 0.0000000e+00 
-2.9558316e-05 3.4478726e-05 0.0000000e+00 
3.2472448e+06 1.3877440e+06 0.0000000e+00 
-3.5315752e-06 1.9080471e-05 0.0000000e+00 
-8.6952932e-06 2.3189699e-05 0.0000000e+00 
-1.3832003e-05 2.6705675e-06 0.0000000e+00 
-3.6918558e-05 4.0739542e-05 0.0000000e+00 
-1.3695098e-05 -9.6159056e-06 0.0000000e+00 
-2.9740389e-05 3.0803494e-05 0.0000000e+00 
-1.3880432e-05 5.7711732e-06 0.0000000e+00 
1.0486692e-06 6.5972563e-07 0.0000000e+00 
3.6137644e-06 -9.8766759e-07 0.0000000e+00 
3.7299469e-05 -5.6995545e-05 0.0000000e+00 
8.2237530e-06 8.1364997e-06 0.0000000e+00 
1.5923288e-05 1.2804958e-05 0.0000000e+00 
1.9491650e-05 -2.3527537e-05 0.0000000e+00 
-1.4911406e-05 -4.5737252e-06 0.0000000e+00 
-1.4799647e-05 -5.3280964e-06 0.0000000e+00 
-8.1404578e-06 2.1494459e-05 0.0000000e+00 
8.2501210e-06 -1.5725709e-05 0.0000000e+00 
1.1571683e-05 -3.9668754e-05 0.0000000e+00 
2.9788353e-06 -1.4647841e-05 0.0000000e+00 
3.7620193e-06 -1.1594966e-06 0.0000000e+00 
-8.3157793e-06 4.2531174e-05 0.0000000e+00 
-2.7511269e-06 1.3419078e-05 0.0000000e+00 
5.9134327e-06 -1.0865740e-05 0.0000000e+00 
-1.7484941e-05 5.0543342e-05 0.0000000e+00 
-7.3043630e-06 9.1874972e-07 0.0000000e+00 
-3.7318096e-05 1.6602222e-05 0.0000000e+00 
-1.8474180e-05 3.7500053e-05 0.0000000e+00 
-6.3329935e-06 -7.5171702e-06 0.0000000e+00 
-5.6717545e-06 -1.8831342e-06 0.0000000e+00 
2.2094697e-05 -2.6970170e-05 0.0000000e+00 
-3.8466882e-05 3.5310164e-05 0.0000000e+00 
-5.6424178e-06 1.6273232e-05 0.0000000e+00 
-3.8867816e-05 2.5679357e-05 0.0000000e+00 
1.2500677e-05 -4.6582078e-05 0.0000000e+00 
-4.6570785e-06 1.0245480e-05 0.0000000e+00 
-1.6756356e-05 4.9364753e-06 0.0000000e+00 
-9.4147399e-06 -6.7125075e-06 0.0000000e+00 
-4.6095811e-06 3.5470584e-06 0.0000000e+00 
-7.6284632e-06 1.3589626e-05 0.0000000e+00 
3.5464764e-06 1.2169592e-05 0.0000000e+00 
7.2661787e-06 -2.0766107e-05 0.0000000e+00 
-1.1411496e-05 -7.8545418e-06 0.0000000e+00 
6.0540624e-06 -3.0628289e-05 0.0000000e+00 
4.4284388e-06 3.1394884e-06 0.0000000e+00 
-2.9475428e-05 5.3605065e-05 0.0000000e+00 
-1.3969839e-06 2.5678892e-06 0.0000000e+00 
2.1511689e-05 -2.2383843e-05 0.0000000e+00 
4.0363520e-06 -6.1122701e-06 0.0000000e+00 
4.3620450e+06 1.5653992e+06 0.0000000e+00 
-8.5236970e-06 2.2412278e-06 0.0000000e+00 
4.5949128e-07 -1.1723489e-05 0.0000000e+00 
-1.9088853e-05 2.8199895e-05 0.0000000e+00 
-1.7327257e-05 6.3431798e-06 0.0000000e+00 
3.4775585e-06 -4.0656887e-06 0.0000000e+00 
1.7783605e-05 -1.4128047e-05 0.0000000e+00 
3.0723400e-05 -4.5798253e-05 0.0000000e+00 
1.4803023e-05 -3.0549243e-05 0.0000000e+00 
1.1007302e-05 5.4049306e-06 0.0000000e+00 
2.3756176e-05 -7.4245036e-06 0.0000000e+00 
2.2511929e-05 -1.5513040e-05 0.0000000e+00 
-2.5865156e-05 3.0907569e-05 0.0000000e+00 
4.1451305e-05 -3.4533441e-05 0.0000000e+00 
-1.0367483e-05 -5.5320561e-06 0.0000000e+00 
2.1932647e-06 -8.8112429e-06 0.0000000e+00 
-2.0014122e-06 -4.1286257e-06 0.0000000e+00 
1.5903264e-05 -5.1357783e-06 0.0000000e+00 
-1.8324412e-05 4.5464607e-05 0.0000000e+00 
5.4836273e-06 1.0963064e-05 0.0000000e+00 
1.2588687e-05 -4.3031760e-05 0.0000000e+00 
6.3265674e-05 -7.2086230e-05 0.0000000e+00 
2.0314823e-05 -2.6729889e-05 0.0000000e+00 
1.5343539e-06 -1.3987534e-05 0.0000000e+00 
3.6368147e-06 -2.3929751e-06 0.0000000e+00 
-3.4014229e-05 5.6744087e-05 0.0000000e+00 
2.0607375e-05 -6.4928085e-05 0.0000000e+00 
-3.4365803e-06 3.5325065e-06 0.0000000e+00 
1.1429656e-05 -1.8737977e-05 0.0000000e+00 
-1.0737218e-05 -3.6386773e-06 0.0000000e+00 
1.7739832e-05 -2.5355257e-05 0.0000000e+00 
-3.0081719e-06 -3.3834949e-06 0.0000000e+00 
1.6166538e-05 -5.5714510e-05 0.0000000e+00 
3.8449652e-05 -2.9876828e-06 0.0000000e+00 
-4.4677872e-06 1.4148420e-05 0.0000000e+00 
9.5139258e-06 -1.0746997e-05 0.0000000e+00 
-2.5665853e-05 1.2401491e-05 0.0000000e+00 
-1.9490719e-05 4.7053676e-05 0.0000000e+00 
-2.1646731e-05 4.7851354e-06 0.0000000e+00 
1.0121148e-06 -3.3726916e-05 0.0000000e+00 
-2.2626016e-05 3.0514086e-05 0.0000000e+00 
4.4442713e-06 8.4888889e-06 0.0000000e+00 
8.9438399e-06 -2.2393186e-05 0.0000000e+00 
1.5386846e-05 -2.2767723e-05 0.0000000e+00 
-1.3430603e-05 2.0105857e-05 0.0000000e+00 
1.0037795e-05 -1.2638047e-05 0.0000000e+00 
1.7157290e-06 -2.0028092e-05 0.0000000e+00 
-2.1135435e-05 6.0652383e-06 0.0000000e+00 
5.5420370e+06 1.7233618e+06 0.0000000e+00 
-2.1152198e-05 4.1469000e-05 0.0000000e+00 
-1.5361235e-05 -9.7509474e-07 0.0000000e+00 
-1.1490658e-05 -2.9753428e-06 0.0000000e+00 
6.7418441e-06 -3.0797732e-05 0.0000000e+00 
-2.2644643e-05 4.8193382e-05 0.0000000e+00 
-2.3355708e-05 3.4740195e-05 0.0000000e+00 
1.9667670e-05 -1.0586809e-05 0.0000000e+00 
2.1113083e-06 -8.3738705e-06 0.0000000e+00 
-6.8193302e-05 4.6393834e-05 0.0000000e+00 
-3.1590462e-06 -3.8889702e-06 0.0000000e+00 
1.3789162e-05 -4.8871152e-06 0.0000000e+00 
6.9905072e-06 -2.6710331e-06 0.0000000e+00 
-2.1173619e-05 1.7722487e-05 0.0000000e+00 
2.5321613e-05 -4.6777073e-05 0.0000000e+00 
2.0826235e-05 -1.4535850e-05 0.0000000e+00 
1.9448809e-05 4.7357753e-07 0.0000000e+00 
-1.7255312e-05 3.7401216e-05 0.0000000e+00 
-6.7236833e-06 1.6151462e-05 0.0000000e+00 
2.4633482e-06 -1.4879974e-05 0.0000000e+00 
-2.9676128e-05 3.5986770e-05 0.0000000e+00 
1.1227094e-05 -4.5262277e-06 0.0000000e+00 
7.7744480e-06 -1.9796658e-05 0.0000000e+00 
-2.0731241e-06 -3.6982819e-06 0.0000000e+00 
1.4482997e-05 -3.1588599e-05 0.0000000e+00 
-9.7153243e-06 1.8815743e-05 0.0000000e+00 
-1.3435725e-05 4.9007125e-05 0.0000000e+00 
6.1583705e-07 -1.0921154e-05 0.0000000e+00 
-1.5792437e-05 -6.5823551e-06 0.0000000e+00 
2.4677254e-05 -5.2082818e-05 0.0000000e+00 
2.2277236e-06 -1.6137026e-05 0.0000000e+00 
-6.6752546e-07 1.7925864e-05 0.0000000e+00 
-2.1612272e-05 4.6757050e-05 0.0000000e+00 
2.5439076e-05 -2.9211864e-05 0.0000000e+00 
-9.4594434e-06 4.0315208e-06 0.0000000e+00 
-3.7588179e-06 4.8023649e-06 0.0000000e+00 
1.1298805e-05 -1.1627097e-05 0.0000000e+00 
-3.7914142e-05 2.2172928e-05 0.0000000e+00 
-6.2058680e-06 1.0494376e-05 0.0000000e+00 
3.5009347e-05 -3.9867591e-05 0.0000000e+00 
3.4747645e-06 -6.1281025e-06 0.0000000e+00 
-8.6785294e-06 6.5446293e-06 0.0000000e+00 
-4.0905550e-05 3.7312158e-05 0.0000000e+00 
-4.1457824e-06 1.3376120e-05 0.0000000e+00 
2.6165508e-06 7.7642035e-06 0.0000000e+00 
6.7927355e+06 1.8587991e+06 0.0000000e+00 
1.7129292e-05 -5.2243238e-05 0.0000000e+00 
7.1501127e-06 -4.7739595e-06 0.0000000e+00 
-2.0954758e-07 1.5281141e-05 0.0000000e+00 
1.3489276e-05 -1.0277145e-06 0.0000000e+00 
6.0494058e-06 -1.0455493e-05 0.0000000e+00 
-2.4437904e-06 1.2880104e-05 0.0000000e+00 
2.3703091e-05 -3.1415839e-05 0.0000000e+00 
3.2396056e-06 -1.7852988e-05 0.0000000e+00 
-1.1985190e-05 1.5786849e-05 0.0000000e+00 
-2.1634623e-06 1.0846183e-05 0.0000000e+00 
-1.9178726e-05 1.0540243e-05 0.0000000e+00 
2.5304966e-05 -3.6810525e-05 0.0000000e+00 
-3.5176054e-06 -2.5602058e-06 0.0000000e+00 
-4.7190115e-06 -4.3476466e-06 0.0000000e+00 
1.5291385e-05 -1.3759360e-05 0.0000000e+00 
-6.7539513e-06 1.2125820e-06 0.0000000e+00 
4.4535846e-06 -6.4253109e-06 0.0000000e+00 
-6.6261273e-06 -8.2121696e-06 0.0000000e+00 
1.7452985e-05 -1.4268793e-05 0.0000000e+00 
-2.8076582e-05 5.9430429e-05 0.0000000e+00 
1.1270167e-05 -1.3650686e-05 0.0000000e+00 
-3.6332756e-05 3.9536972e-05 0.0000000e+00 
6.8891095e-06 -3.4981174e-05 0.0000000e+00 
-6.8573281e-06 2.2272347e-05 0.0000000e+00 
4.5425259e-06 -1.6823877e-05 0.0000000e+00 
-1.7597340e-06 3.0002557e-06 0.0000000e+00 
1.3187528e-06 -3.8910192e-05 0.0000000e+00 
5.9688464e-06 -5.5315904e-06 0.0000000e+00 
-8.6352229e-06 3.0959956e-05 0.0000000e+00 
-6.5998174e-06 2.8037466e-05 0.0000000e+00 
-9.3700364e-06 -6.3371845e-06 0.0000000e+00 
1.2032688e-06 1.9226340e-05 0.0000000e+00 
3.6512967e-05 -5.9393758e-05 0.0000000e+00 
2.3285858e-05 -3.2348093e-05 0.0000000e+00 
-2.7696602e-05 2.4816953e-05 0.0000000e+00 
1.1678785e-06 -2.9955059e-05 0.0000000e+00 
1.3890676e-05 -5.6251884e-07 0.0000000e+00 
-4.8032030e-05 2.0719133e-05 0.0000000e+00 
-3.1981035e-06 -2.4471898e-05 0.0000000e+00 
-3.2100827e-05 9.6694566e-06 0.0000000e+00 
3.9770268e-05 -2.5039073e-05 0.0000000e+00 
2.4456531e-06 -5.4286793e-06 0.0000000e+00 
1.3872981e-05 5.2535906e-06 0.0000000e+00 
6.8638474e-07 -7.3292758e-06 0.0000000e+00 
1.6403385e-05 -2.6934315e-05 0.0000000e+00 
-1.1466444e-05 8.5404608e-06 0.0000000e+00 
6.0535967e-09 -1.1795200e-05 0.0000000e+00 
4.7571026e-05 -5.2172225e-05 0.0000000e+00 
1.4342368e-06 9.1176480e-06 0.0000000e+00 
-8.5029751e-07 2.1905988e-05 0.0000000e+00 
5.8910809e-06 -1.2451317e-05 0.0000000e+00 
8.1211460e+06 1.9683308e+06 0.0000000e+00 
4.7436915e-06 -2.8352311e-05 0.0000000e+00 
-6.6193752e-06 -2.5588088e-07 0.0000000e+00 
-4.1255262e-06 3.1939708e-06 0.0000000e+00 
2.9755756e-07 -2.9474031e-06 0.0000000e+00 
3.6943704e-05 -3.3384189e-05 0.0000000e+00 
2.7352944e-06 -2.2162683e-05 0.0000000e+00 
1.8281862e-05 -2.2521708e-05 0.0000000e+00 
1.8268358e-05 -3.5946141e-05 0.0000000e+00 
6.4079650e-06 -2.0792359e-05 0.0000000e+00 
3.6489218e-06 -1.2468547e-05 0.0000000e+00 
-2.2298424e-05 5.4439530e-05 0.0000000e+00 
2.9687770e-05 -2.5236979e-05 0.0000000e+00 
-2.5908055e-05 2.7422328e-05 0.0000000e+00 
-5.2278396e-05 6.0132006e-05 0.0000000e+00 
-2.6641530e-05 2.0960346e-05 0.0000000e+00 
-1.7241575e-05 1.4143065e-05 0.0000000e+00 
-1.9980129e-05 2.3956643e-05 0.0000000e+00 
-1.3926532e-05 -1.5993137e-06 0.0000000e+00 
-2.2966415e-06 -9.5078722e-06 0.0000000e+00 
-2.4999492e-05 3.2886979e-05 0.0000000e+00 
-5.4293312e-05 4.2636879e-05 0.0000000e+00 
1.4777557e-05 -1.0144431e-05 0.0000000e+00 
-4.2790547e-05 4.8679300e-05 0.0000000e+00 
3.7339050e-05 -6.7728572e-05 0.0000000e+00 
1.1441298e-05 -1.4889520e-05 0.0000000e+00 
-4.6063215e-06 2.6141293e-05 0.0000000e+00 
-4.6654604e-05 4.2908825e-05 0.0000000e+00 
-2.4195760e-05 2.1302607e-05 0.0000000e+00 
3.3351360e-05 -6.1187427e-05 0.0000000e+00 
5.6950375e-06 -7.2410330e-06 0.0000000e+00 
-3.5264529e-06 -1.2256773e-05 0.0000000e+00 
-6.4549968e-06 2.7311966e-05 0.0000000e+00 
-3.3886172e-06 1.6172417e-05 0.0000000e+00 
-2.3057684e-05 1.0609627e-05 0.0000000e+00 
4.9923547e-06 1.2929086e-05 0.0000000e+00 
6.3539483e-06 -1.4374033e-05 0.0000000e+00 
2.5667250e-06 -4.6654604e-06 0.0000000e+00 
3.5704812e-05 -4.4521876e-05 0.0000000e+00 
-6.1169267e-06 1.2508652e-05 0.0000000e+00 
-2.2644643e-05 4.7524925e-05 0.0000000e+00 
4.1443855e-06 -1.8217135e-05 0.0000000e+00 
3.2735988e-06 -2.2991560e-05 0.0000000e+00 
-1.7886981e-05 3.3970922e-05 0.0000000e+00 
1.5087426e-06 -1.9301195e-05 0.0000000e+00 
-4.5595225e-06 3.3080578e-06 0.0000000e+00 
-4.8754737e-06 -1.4156802e-05 0.0000000e+00 
-4.8980583e-06 2.0778272e-05 0.0000000e+00 
1.4223158e-05 1.0725111e-05 0.0000000e+00 
-9.8319724e-06 2.8602779e-05 0.0000000e+00 
1.2284610e-05 -2.7036294e-06 0.0000000e+00 
9.5363090e+06 2.0478460e+06 0.0000000e+00 
-2.3995759e-05 5.4007396e-05 0.0000000e+00 
3.2350421e-05 -4.4189859e-05 0.0000000e+00 
1.7491402e-05 -4.2129715e-05 0.0000000e+00 
-1.8842518e-05 8.1574544e-06 0.0000000e+00 
-8.1849284e-06 -4.8571965e-06 0.0000000e+00 
2.2697262e-05 -3.9462466e-05 0.0000000e+00 
4.1071326e-06 -4.7544017e-07 0.0000000e+00 
-4.3953769e-06 -3.8016587e-06 0.0000000e+00 
2.7418137e-05 -1.2753531e-05 0.0000000e+00 
1.6817343e-05 -3.7050340e-05 0.0000000e+00 
1.6848324e-05 -5.1656738e-05 0.0000000e+00 
-7.9651363e-06 3.7372636e-05 0.0000000e+00 
3.2685231e-05 -5.1829731e-05 0.0000000e+00 
-5.6792051e-06 -1.6718172e-05 0.0000000e+00 
9.8934397e-06 -1.4197547e-05 0.0000000e+00 
2.6299618e-05 -1.6096048e-05 0.0000000e+00 
-1.8589199e-05 2.4255831e-05 0.0000000e+00 
-1.4920719e-05 1.5498139e-05 0.0000000e+00 
-2.9085204e-06 2.0036008e-05 0.0000000e+00 
1.6554259e-06 -6.0570310e-06 0.0000000e+00 
1.1626631e-05 -2.6802532e-05 0.0000000e+00 
-1.5766360e-05 4.1960971e-05 0.0000000e+00 
-7.8072771e-06 -3.0421652e-06 0.0000000e+00 
1.8475112e-05 6.0242601e-06 0.0000000e+00 
5.3383410e-06 -6.4729247e-06 0.0000000e+00 
6.2119216e-07 -4.6216883e-06 0.0000000e+00 
-1.6740058e-05 4.1609164e-05 0.0000000e+00 
-3.2546930e-05 -3.3224933e-06 0.0000000e+00 
1.0984018e-05 -2.2984110e-05 0.0000000e+00 
-1.2882054e-05 7.6089054e-06 0.0000000e+00 
1.4932826e-05 -4.5703622e-05 0.0000000e+00 
2.3670495e-05 -1.3828510e-05 0.0000000e+00 
1.5120022e-05 -1.6913284e-05 0.0000000e+00 
9.1549009e-07 1.1880416e-05 0.0000000e+00 
-3.7905760e-05 4.0621730e-05 0.0000000e+00 
-1.1071563e-05 1.5987083e-05 0.0000000e+00 
4.2496249e-06 1.1573080e-05 0.0000000e+00 
5.9092417e-06 1.3753423e-05 0.0000000e+00 
3.5217963e-06 1.3669487e-05 0.0000000e+00 
1.6116770e-05 -5.3540803e-05 0.0000000e+00 
9.0303365e-07 2.1236017e-05 0.0000000e+00 
4.0019804e-06 -7.1567483e-06 0.0000000e+00 
4.8894435e-07 -8.2100742e-06 0.0000000e+00 
-5.5879354e-07 6.2425388e-06 0.0000000e+00 
-1.2010569e-05 6.5134955e-06 0.0000000e+00 
1.0179559e-05 -2.5724992e-05 0.0000000e+00 
-3.2332726e-05 2.8351787e-05 0.0000000e+00 
9.1739930e-06 -2.3415312e-05 0.0000000e+00 
6.7208894e-06 -2.1402724e-05 0.0000000e+00 
-1.2470409e-05 2.0125823e-05 0.0000000e+00 
2.0395964e-07 -4.5229681e-06 0.0000000e+00 
-4.1122548e-06 1.1886470e-05 0.0000000e+00 
-1.5353318e-05 1.9152649e-06 0.0000000e+00 
1.1050119e+07 2.0922441e+06 0.0000000e+00 
1.0823831e-05 -1.5478581e-05 0.0000000e+00 
-3.3492222e-05 2.8292648e-05 0.0000000e+00 
-1.2741657e-05 1.4064834e-05 0.0000000e+00 
-7.4487180e-06 1.1321623e-05 0.0000000e+00 
1.3642013e-05 7.5231656e-06 0.0000000e+00 
-1.6985461e-05 2.3042667e-05 0.0000000e+00 
-3.0708965e-05 2.4585053e-05 0.0000000e+00 
-5.5660494e-06 1.8572435e-05 0.0000000e+00 
-5.8831647e-06 2.0293519e-06 0.0000000e+00 
-5.3923577e-06 4.5876950e-06 0.0000000e+00 
-3.4645200e-07 -6.8042427e-06 0.0000000e+00 
5.5357814e-06 6.4435881e-06 0.0000000e+00 
-4.0169805e-05 -4.6193600e-06 0.0000000e+00 
6.1774626e-06 -1.5217345e-05 0.0000000e+00 
-3.4049619e-05 5.6181103e-05 0.0000000e+00 
1.8825755e-05 -9.0580434e-06 0.0000000e+00 
-1.0958873e-05 1.6612001e-05 0.0000000e+00 
-7.9069287e-06 2.0567328e-05 0.0000000e+00 
3.8370490e-07 -7.8678131e-06 0.0000000e+00 
-8.2436018e-06 1.9193627e-05 0.0000000e+00 
5.4351985e-06 -2.3081433e-05 0.0000000e+00 
5.8801379e-06 -2.9175542e-05 0.0000000e+00 
1.7629936e-05 5.5972487e-07 0.0000000e+00 
4.3316744e-05 -1.8224586e-05 0.0000000e+00 
-1.9706786e-05 2.5707763e-05 0.0000000e+00 
1.2276461e-05 -3.4085126e-05 0.0000000e+00 
1.7087441e-05 -2.1323329e-05 0.0000000e+00 
2.3792498e-05 -4.0085986e-05 0.0000000e+00 
1.1136464e-05 -4.5099412e-05 0.0000000e+00 
-2.5995425e-05 1.5239581e-05 0.0000000e+00 
2.1271408e-06 -1.3177749e-05 0.0000000e+00 
-1.6288977e-05 2.7467031e-06 0.0000000e+00 
-5.5902638e-06 1.9924075e-05 0.0000000e+00 
3.2223761e-06 1.9042753e-05 0.0000000e+00 
3.3739489e-05 -5.4182485e-05 0.0000000e+00 
1.4996389e-05 -1.9063242e-05 0.0000000e+00 
6.6552311e-06 1.4747027e-05 0.0000000e+00 
5.7276338e-06 -3.4108583e-05 0.0000000e+00 
4.2244792e-06 -8.1895851e-06 0.0000000e+00 
8.0754980e-06 1.3579614e-05 0.0000000e+00 
-2.4366193e-05 1.8933788e-05 0.0000000e+00 
-1.4766119e-05 2.6415102e-05 0.0000000e+00 
1.4747493e-06 -3.2943208e-06 0.0000000e+00 
1.2669479e-05 -1.9738509e-05 0.0000000e+00 
-2.6244670e-06 -1.8585008e-05 0.0000000e+00 
1.3961457e-05 -1.2552366e-05 0.0000000e+00 
3.7939753e-06 -2.6405905e-07 0.0000000e+00 
-5.2903779e-06 1.4725141e-05 0.0000000e+00 
-1.4860532e-05 2.1241140e-05 0.0000000e+00 
4.0289015e-05 -2.9976480e-05 0.0000000e+00 
-5.1129609e-06 2.6965514e-05 0.0000000e+00 
-7.2550029e-06 3.9124861e-06 0.0000000e+00 
2.0370353e-06 -1.3525132e-05 0.0000000e+00 
-2.6567839e-05 3.7186779e-05 0.0000000e+00 
1.2678586e+07 2.0950571e+06 0.0000000e+00 
6.5504573e-06 -1.4625490e-05 0.0000000e+00 
2.3283064e-08 -2.4257402e-05 0.0000000e+00 
6.7935325e-06 -8.9439563e-06 0.0000000e+00 
4.5415014e-05 -5.0113536e-05 0.0000000e+00 
1.6543083e-05 -1.5220605e-05 0.0000000e+00 
-1.7068349e-05 1.9702129e-06 0.0000000e+00 
8.1925653e-05 -7.8341924e-05 0.0000000e+00 
3.0370429e-06 -1.3081357e-05 0.0000000e+00 
-7.1115792e-06 2.9295683e-05 0.0000000e+00 
-3.2187440e-05 2.5263056e-05 0.0000000e+00 
-4.1275285e-05 3.8622878e-05 0.0000000e+00 
-1.7506303e-05 2.7683098e-05 0.0000000e+00 
1.6194535e-05 -4.3318607e-05 0.0000000e+00 
5.0677918e-06 4.0661544e-06 0.0000000e+00 
-1.3123266e-05 2.3003668e-07 0.0000000e+00 
-1.3730489e-05 1.1596130e-05 0.0000000e+00 
3.1022704e-05 -7.6945638e-05 0.0000000e+00 
3.0318275e-05 -5.8151316e-05 0.0000000e+00 
-1.6601756e-05 4.7048088e-05 0.0000000e+00 
-9.6638687e-06 1.4146790e-05 0.0000000e+00 
-1.5952508e-05 2.2736029e-05 0.0000000e+00 
2.1708081e-05 -5.4872711e-05 0.0000000e+00 
2.3389235e-05 -2.5573187e-05 0.0000000e+00 
2.3588538e-05 -9.9805184e-06 0.0000000e+00 
-1.1621974e-05 1.1345372e-05 0.0000000e+00 
-1.5202910e-05 -1.0030344e-06 0.0000000e+00 
-2.3999717e-05 7.3788688e-06 0.0000000e+00 
5.3923577e-06 1.1917436e-06 0.0000000e+00 
-3.9964565e-05 4.4421875e-05 0.0000000e+00 
-7.0012175e-06 2.4773472e-05 0.0000000e+00 
-8.4918924e-05 6.4031221e-05 0.0000000e+00 
9.7152079e-06 -2.1559186e-05 0.0000000e+00 
7.4300915e-06 7.8068115e-06 0.0000000e+00 
9.0473332e-06 2.0363368e-06 0.0000000e+00 
-4.9439259e-05 4.3723267e-05 0.0000000e+00 
4.3908483e-05 -7.4565731e-05 0.0000000e+00 
-7.8012235e-06 1.5783589e-06 0.0000000e+00 
-8.8899396e-06 1.2378674e-05 0.0000000e+00 
-1.7008279e-05 7.5974822e-07 0.0000000e+00 
1.1348166e-06 -1.7962884e-05 0.0000000e+00 
-4.2519532e-06 1.9963249e-05 0.0000000e+00 
-3.2472424e-05 3.8346741e-05 0.0000000e+00 
-1.1495315e-05 2.8329901e-05 0.0000000e+00 
-7.1123242e-05 4.7537033e-05 0.0000000e+00 
-2.4228357e-06 2.6339665e-05 0.0000000e+00 
-2.7703121e-05 2.1219254e-05 0.0000000e+00 
5.5312179e-05 -5.9363898e-05 0.0000000e+00 
8.2198530e-06 -2.5331043e-05 0.0000000e+00 
-5.5467244e-06 -1.8607825e-06 0.0000000e+00 
-1.7508864e-05 4.4791494e-05 0.0000000e+00 
-1.3791956e-05 4.1491818e-05 0.0000000e+00 
-2.6477501e-06 5.7201833e-06 0.0000000e+00 
1.4862046e-05 -3.1801872e-05 0.0000000e+00 
1.4443863e+07 2.0478685e+06 0.0000000e+00 
1.1131633e-05 1.7638085e-05 0.0000000e+00 
3.0304305e-05 -3.9977022e-05 0.0000000e+00 
3.2818411e-05 1.8184073e-06 0.0000000e+00 
-1.3529323e-05 1.2000091e-05 0.0000000e+00 
3.3136457e-06 -2.8957613e-05 0.0000000e+00 
2.1864660e-05 -3.8207509e-05 0.0000000e+00 
1.3832003e-05 -3.5265461e-05 0.0000000e+00 
-2.2110238e-05 7.1332324e-05 0.0000000e+00 
-1.9781291e-06 -1.6030157e-05 0.0000000e+00 
8.4372296e-06 2.3973524e-05 0.0000000e+00 
2.7202070e-05 -1.0855496e-05 0.0000000e+00 
-5.7155266e-06 1.7222716e-05 0.0000000e+00 
5.9134327e-06 -1.4374731e-05 0.0000000e+00 
2.3598754e-05 -3.7644932e-05 0.0000000e+00 
-5.3560361e-06 8.8890083e-06 0.0000000e+00 
4.3641776e-06 -1.7921440e-05 0.0000000e+00 
6.1490573e-06 -1.2151897e-05 0.0000000e+00 
-2.3300759e-05 1.1371449e-06 0.0000000e+00 
2.5148503e-05 -4.7106761e-05 0.0000000e+00 
1.8279068e-05 -5.3685624e-05 0.0000000e+00 
9.7416341e-06 -1.9839965e-05 0.0000000e+00 
-3.7575257e-05 7.3764531e-05 0.0000000e+00 
1.0099262e-05 -2.3311935e-05 0.0000000e+00 
-2.0210631e-05 2.2840686e-05 0.0000000e+00 
4.3493696e-05 -5.1199459e-05 0.0000000e+00 
-1.0236632e-05 2.4128007e-05 0.0000000e+00 
-2.0541251e-05 1.9412953e-05 0.0000000e+00 
-2.8098002e-05 2.3305882e-05 0.0000000e+00 
-2.5548972e-05 5.6699151e-05 0.0000000e+00 
1.4109537e-06 -3.4916680e-05 0.0000000e+00 
-1.2282981e-05 9.9805184e-06 0.0000000e+00 
-1.9313302e-07 -6.4609194e-06 0.0000000e+00 
5.1781535e-06 -1.3132580e-05 0.0000000e+00 
9.2550181e-06 -1.4264602e-05 0.0000000e+00 
-6.7902729e-06 -2.3024622e-06 0.0000000e+00 
3.4037745e-05 -3.2725278e-05 0.0000000e+00 
4.0205196e-06 -4.1033374e-05 0.0000000e+00 
-1.6809441e-05 -4.6938658e-06 0.0000000e+00 
-2.2217631e-05 2.4353154e-05 0.0000000e+00 
3.4892699e-05 -6.1274113e-05 0.0000000e+00 
-1.3098586e-05 3.9161881e-05 0.0000000e+00 
5.6529418e-05 -5.2182004e-05 0.0000000e+00 
-3.7783757e-06 2.9513612e-06 0.0000000e+00 
-3.3430755e-05 2.4256296e-06 0.0000000e+00 
-8.3819032e-06 2.1978281e-05 0.0000000e+00 
-1.0021031e-06 1.3085082e-07 0.0000000e+00 
-3.3362769e-05 3.3293152e-05 0.0000000e+00 
1.7919578e-05 -4.9542636e-05 0.0000000e+00 
-1.6111881e-07 -4.2426400e-05 0.0000000e+00 
-1.9452535e-05 8.7311491e-06 0.0000000e+00 
-1.0228716e-05 1.9663479e-05 0.0000000e+00 
2.6142225e-06 -3.3527613e-06 0.0000000e+00 
-4.5446446e-05 2.9196031e-05 0.0000000e+00 
1.6377665e+07 1.9395699e+06 0.0000000e+00 
-4.3634791e-06 2.7950155e-05 0.0000000e+00 
1.2351200e-05 8.4959902e-07 0.0000000e+00 
4.0015206e-05 -1.1283904e-05 0.0000000e+00 
-3.8743048e-05 6.7393761e-05 0.0000000e+00 
3.0344818e-06 1.2862380e-05 0.0000000e+00 
-2.4222303e-05 3.3017714e-06 0.0000000e+00 
4.4025481e-05 -5.1596202e-05 0.0000000e+00 
1.3428740e-05 -1.2812437e-05 0.0000000e+00 
3.3727381e-05 -6.3796062e-05 0.0000000e+00 
-3.3063814e-05 3.9113685e-05 0.0000000e+00 
6.6402863e-06 -3.7414487e-05 0.0000000e+00 
2.6887865e-06 -3.3522025e-05 0.0000000e+00 
-1.0555144e-05 1.0323711e-05 0.0000000e+00 
-5.7881698e-07 1.1668541e-05 0.0000000e+00 
-2.7362257e-06 2.8041191e-05 0.0000000e+00 
2.8096139e-05 -3.6983984e-05 0.0000000e+00 
2.3981556e-06 2.6758295e-05 0.0000000e+00 
-1.4429912e-05 1.8022023e-05 0.0000000e+00 
-3.9566308e-05 -5.6261197e-06 0.0000000e+00 
9.4273128e-06 -3.0748779e-06 0.0000000e+00 
-5.9254467e-05 4.8983376e-05 0.0000000e+00 
-1.9174069e-05 3.5265461e-05 0.0000000e+00 
-3.8057566e-05 5.8346428e-05 0.0000000e+00 
2.1297950e-05 -5.1788753e-05 0.0000000e+00 
1.1137687e-05 -2.5811605e-05 0.0000000e+00 
-1.2878794e-05 1.4933292e-05 0.0000000e+00 
2.0240434e-05 -1.0090880e-06 0.0000000e+00 
4.6838075e-05 -2.4472829e-05 0.0000000e+00 
-6.1439350e-06 -6.3022599e-06 0.0000000e+00 
-4.7837384e-06 1.6727485e-05 0.0000000e+00 
-2.8504990e-05 4.6486515e-05 0.0000000e+00 
-1.9253232e-05 4.2555155e-05 0.0000000e+00 
-4.4414774e-06 -4.1955500e-05 0.0000000e+00 
1.3194047e-05 -1.5473226e-05 0.0000000e+00 
4.1589141e-05 -5.0276052e-05 0.0000000e+00 
2.2828113e-05 1.4891848e-06 0.0000000e+00 
1.2346311e-05 -4.8891510e-05 0.0000000e+00 
-1.0926276e-05 -4.0722080e-06 0.0000000e+00 
6.9016591e-05 -4.2536296e-05 0.0000000e+00 
-2.9290095e-06 -2.1574087e-06 0.0000000e+00 
-5.2793417e-05 8.5397623e-05 0.0000000e+00 
-3.9540231e-05 1.2185890e-05 0.0000000e+00 
-1.9730069e-06 2.0119827e-05 0.0000000e+00 
-3.4645200e-07 -9.6932054e-06 0.0000000e+00 
-4.1630119e-07 -1.0198681e-05 0.0000000e+00 
1.5469268e-05 -6.0643535e-05 0.0000000e+00 
2.0790845e-05 -4.8053451e-05 0.0000000e+00 
-8.3893538e-06 -4.7137495e-05 0.0000000e+00 
-5.3308904e-06 2.2990163e-05 0.0000000e+00 
-9.0338290e-08 5.1129609e-07 0.0000000e+00 
1.2675300e-06 -5.2667572e-05 0.0000000e+00 
8.8484958e-06 -5.0078146e-05 0.0000000e+00 
8.7595545e-06 -9.5004216e-06 0.0000000e+00 
-6.5062195e-06 2.8931536e-05 0.0000000e+00 
2.3382250e-05 1.3620360e-05 0.0000000e+00 
3.8072467e-06 -2.3690867e-05 0.0000000e+00 
-4.9374066e-06 -1.4718622e-05 0.0000000e+00 
-1.2824312e-05 -5.3048134e-06 0.0000000e+00 
1.7549144e-05 -3.7184102e-05 0.0000000e+00 
1.8527248e+07 1.7545784e+06 0.0000000e+00 
-2.2564083e-05 3.5788864e-05 0.0000000e+00 
3.5474077e-06 -9.9688768e-06 0.0000000e+00 
8.7218359e-06 -5.2014366e-07 0.0000000e+00 
9.6252188e-07 1.4023157e-05 0.0000000e+00 
-2.1062559e-05 1.7965271e-05 0.0000000e+00 
-9.3727373e-05 7.0589595e-05 0.0000000e+00 
2.4682842e-05 -6.7069195e-06 0.0000000e+00 
4.8474874e-05 -4.4424552e-05 0.0000000e+00 
-2.4218578e-05 7.6176366e-05 0.0000000e+00 
-3.7981197e-05 3.6594924e-05 0.0000000e+00 
2.6297581e-05 -5.8689504e-05 0.0000000e+00 
-5.2584335e-05 6.4413529e-05 0.0000000e+00 
7.7113509e-07 1.4696270e-06 0.0000000e+00 
6.0629100e-06 -3.6400743e-05 0.0000000e+00 
-4.6899542e-05 2.5235582e-05 0.0000000e+00 
1.2067147e-05 -1.6578473e-05 0.0000000e+00 
-1.0007294e-05 -1.0358286e-05 0.0000000e+00 
2.8397888e-05 -4.8220623e-05 0.0000000e+00 
-2.6453752e-05 4.7630165e-06 0.0000000e+00 
3.1918753e-05 -4.8002228e-05 0.0000000e+00 
-1.4401972e-05 2.5031622e-06 0.0000000e+00 
-8.8755041e-06 2.9905699e-05 0.0000000e+00 
-7.0789829e-06 3.0360185e-05 0.0000000e+00 
3.6870129e-05 -4.2873435e-05 0.0000000e+00 
1.9785948e-05 -3.2381155e-05 0.0000000e+00 
-1.2611621e-05 4.0589177e-05 0.0000000e+00 
7.8761950e-06 1.8635765e-06 0.0000000e+00 
7.1983784e-05 -6.6812150e-05 0.0000000e+00 
-2.4236739e-05 1.1887401e-05 0.0000000e+00 
5.8055855e-05 -5.2329153e-05 0.0000000e+00 
4.0866667e-05 -4.5181951e-05 0.0000000e+00 
6.9907401e-06 1.5867408e-07 0.0000000e+00 
2.4875626e-06 -8.4470958e-07 0.0000000e+00 
1.1657365e-05 8.5879583e-07 0.0000000e+00 
-9.6112490e-06 2.3264438e-05 0.0000000e+00 
-3.6921701e-05 6.6597218e-05 0.0000000e+00 
-9.0915710e-06 2.3447676e-05 0.0000000e+00 
-2.9990915e-05 3.4916331e-05 0.0000000e+00 
1.8933788e-05 -4.3652835e-05 0.0000000e+00 
-1.5705591e-05 1.1150376e-05 0.0000000e+00 
1.4178455e-05 -2.8330833e-06 0.0000000e+00 
-1.4446676e-05 2.1453947e-05 0.0000000e+00 
-2.6783906e-05 2.3380853e-06 0.0000000e+00 
4.7311187e-07 -7.2594266e-06 0.0000000e+00 
-3.9227307e-06 -2.5136396e-06 0.0000000e+00 
9.2424452e-06 1.6451813e-06 0.0000000e+00 
-8.8196248e-06 1.5670434e-05 0.0000000e+00 
1.5211233e-05 8.9756213e-08 0.0000000e+00 
-1.1110213e-05 4.3913722e-05 0.0000000e+00 
-1.3390556e-05 -1.6335398e-06 0.0000000e+00 
-1.7180108e-05 6.8279915e-06 0.0000000e+00 
-7.5129792e-06 -2.1224841e-06 0.0000000e+00 
1.3353303e-05 1.9348226e-07 0.0000000e+00 
4.3948297e-05 -6.7540735e-05 0.0000000e+00 
-3.5626814e-05 1.2530247e-05 0.0000000e+00 
-7.2485709e-06 1.9871513e-06 0.0000000e+00 
-6.2553678e-05 4.4118613e-05 0.0000000e+00 
1.6223639e-06 -2.0349398e-05 0.0000000e+00 
-5.8058649e-06 -2.8802780e-05 0.0000000e+00 
2.0967248e+07 1.4746020e+06 0.0000000e+00 
-1.6389415e-05 8.9337118e-06 0.0000000e+00 
1.0595657e-05 -6.8465015e-05 0.0000000e+00 
-2.2960361e-05 4.5531895e-05 0.0000000e+00 
6.8871304e-06 -1.7466024e-05 0.0000000e+00 
4.7656707e-05 -4.1664112e-05 0.0000000e+00 
1.0837335e-05 -2.8430251e-05 0.0000000e+00 
6.2406471e-06 -1.3199089e-05 0.0000000e+00 
-3.7515536e-05 2.7447008e-05 0.0000000e+00 
8.1139617e-05 -5.3906813e-05 0.0000000e+00 
-1.4889985e-05 2.3629051e-05 0.0000000e+00 
1.8560328e-05 -3.4087338e-05 0.0000000e+00 
-1.7897692e-05 4.7851820e-05 0.0000000e+00 
-2.1494925e-06 7.7318400e-06 0.0000000e+00 
1.6447157e-05 -2.3782719e-05 0.0000000e+00 
-2.0397361e-05 4.6230387e-05 0.0000000e+00 
-3.2922253e-05 3.0015595e-05 0.0000000e+00 
4.9863011e-06 -1.0806136e-05 0.0000000e+00 
-2.2192951e-05 2.8787181e-06 0.0000000e+00 
1.5234342e-05 -3.8361308e-05 0.0000000e+00 
4.5383349e-06 -1.8700957e-06 0.0000000e+00 
7.0980750e-06 2.4931505e-05 0.0000000e+00 
2.4773180e-06 4.0911837e-06 0.0000000e+00 
1.2176577e-05 -2.3505883e-05 0.0000000e+00 
1.6831793e-05 1.4345162e-05 0.0000000e+00 
2.4251640e-05 8.6361542e-06 0.0000000e+00 
-1.7786399e-05 2.9969262e-05 0.0000000e+00 
6.3367188e-06 -2.0866282e-06 0.0000000e+00 
-8.6440705e-06 -5.4570846e-06 0.0000000e+00 
1.0557938e-05 -5.8578327e-05 0.0000000e+00 
-2.7871691e-05 2.4099834e-05 0.0000000e+00 
-6.9022179e-05 9.2682429e-05 0.0000000e+00 
1.9545667e-05 -3.6598649e-05 0.0000000e+00 
4.2530010e-06 9.0431422e-06 0.0000000e+00 
-1.2073666e-05 -5.2074902e-06 0.0000000e+00 
4.2375177e-07 4.9909577e-06 0.0000000e+00 
-8.1115868e-06 -2.2188760e-05 0.0000000e+00 
-4.8095360e-05 4.0961429e-05 0.0000000e+00 
5.4566190e-06 -7.8228768e-06 0.0000000e+00 
2.8368901e-05 -2.6978087e-05 0.0000000e+00 
-1.6027596e-05 1.7545011e-05 0.0000000e+00 
2.0547770e-05 -4.4931192e-05 0.0000000e+00 
-2.4037261e-05 3.0939875e-05 0.0000000e+00 
4.8496760e-05 -5.1612966e-05 0.0000000e+00 
5.6317076e-06 2.9420480e-06 0.0000000e+00 
2.5518239e-06 -3.0783005e-05 0.0000000e+00 
-5.0734729e-05 1.5608966e-05 0.0000000e+00 
2.5669578e-06 5.7157595e-06 0.0000000e+00 
-7.4710697e-06 -1.7303973e-06 0.0000000e+00 
6.6482462e-06 -3.4604687e-05 0.0000000e+00 
2.3286120e-05 -7.0829992e-06 0.0000000e+00 
-2.6956201e-05 2.6178081e-05 0.0000000e+00 
2.7581351e-05 -3.9427774e-05 0.0000000e+00 
-2.7361326e-05 2.4564797e-05 0.0000000e+00 
5.4178759e-05 -8.5252803e-05 0.0000000e+00 
2.3821074e+07 1.0603326e+06 0.0000000e+00 
8.8934321e-06 -5.3660478e-06 0.0000000e+00 
-1.1743978e-06 -6.0573220e-06 0.0000000e+00 
-9.2638656e-06 -1.7133541e-05 0.0000000e+00 
-5.0207600e-06 -5.7579018e-06 0.0000000e+00 
2.7762726e-05 -4.1977968e-05 0.0000000e+00 
-8.8694505e-06 2.8646085e-05 0.0000000e+00 
-3.1325326e-05 5.2301810e-05 0.0000000e+00 
-4.5546331e-05 4.7560316e-05 0.0000000e+00 
3.8865022e-05 -2.4664216e-05 0.0000000e+00 
7.5101852e-06 -2.2205990e-05 0.0000000e+00 
-1.8937513e-05 6.4657070e-06 0.0000000e+00 
-1.1012889e-05 1.8968247e-05 0.0000000e+00 
4.1294843e-06 2.4714507e-05 0.0000000e+00 
1.5544705e-05 -6.3754153e-05 0.0000000e+00 
-1.4601275e-05 5.4745935e-05 0.0000000e+00 
-3.2701064e-05 4.1822903e-05 0.0000000e+00 
1.9334257e-06 -1.2455974e-05 0.0000000e+00 
-3.8556755e-06 -2.0272564e-05 0.0000000e+00 
5.8580190e-07 -7.0414972e-06 0.0000000e+00 
-8.1220642e-06 -3.2377429e-06 0.0000000e+00 
8.7809749e-06 -4.2478321e-05 0.0000000e+00 
-2.6525930e-05 4.5262510e-05 0.0000000e+00 
-2.3234636e-05 2.0961277e-05 0.0000000e+00 
2.6412308e-06 -3.1912932e-05 0.0000000e+00 
-1.1232332e-05 -1.2712931e-05 0.0000000e+00 
-1.3211742e-05 -1.0880816e-05 0.0000000e+00 
1.7758459e-05 1.4533289e-05 0.0000000e+00 
-4.6677887e-06 1.1334196e-05 0.0000000e+00 
1.7776387e-05 -6.3069165e-06 0.0000000e+00 
3.0063093e-06 -3.4458353e-06 0.0000000e+00 
-5.7937577e-06 2.4426496e-05 0.0000000e+00 
-2.1972694e-05 3.0861702e-05 0.0000000e+00 
-4.8205256e-06 1.1420925e-05 0.0000000e+00 
1.6340986e-05 -1.7141458e-05 0.0000000e+00 
2.5015324e-06 2.1256972e-05 0.0000000e+00 
9.4715506e-07 2.7159229e-05 0.0000000e+00 
3.6138110e-05 -8.2384795e-06 0.0000000e+00 
-1.4927355e-06 1.5717058e-05 0.0000000e+00 
7.9162419e-07 2.1560350e-05 0.0000000e+00 
1.3756799e-05 -2.3724104e-05 0.0000000e+00 
-7.2335824e-06 -2.9401854e-06 0.0000000e+00 
1.4026416e-05 7.3398696e-06 0.0000000e+00 
1.3393350e-05 -3.7654769e-05 0.0000000e+00 
5.1962212e-05 -2.8106850e-05 0.0000000e+00 
-6.5945555e-05 6.1808154e-05 0.0000000e+00 
-5.2042305e-06 3.1669624e-05 0.0000000e+00 
-6.8079680e-07 5.7779253e-06 0.0000000e+00 
-1.4851335e-05 1.7833896e-05 0.0000000e+00 
5.8808830e-05 -6.4083375e-05 0.0000000e+00 
-5.5915676e-05 3.5180710e-05 0.0000000e+00 
-8.1956387e-06 2.6530586e-05 0.0000000e+00 
-1.0038726e-05 1.6510021e-05 0.0000000e+00 
1.5048514e-05 -3.7266072e-05 0.0000000e+00 
1.1542812e-05 -1.5178695e-05 0.0000000e+00 
-2.4531037e-06 -8.6841173e-06 0.0000000e+00 
3.6966056e-05 -8.6846761e-05 0.0000000e+00 
2.2450869e-05 -5.2591320e-05 0.0000000e+00 
3.0918978e-05 -4.0222891e-05 0.0000000e+00 
1.5733531e-06 -3.2483251e-05 0.0000000e+00 
-1.5747733e-05 2.4749432e-05 0.0000000e+00 
2.7332072e+07 5.8096856e+05 0.0000000e+00 
7.6824799e-06 -1.2012199e-05 0.0000000e+00 
-3.4890138e-05 1.3037119e-05 0.0000000e+00 
-3.2915414e-05 5.5755838e-05 0.0000000e+00 
6.9877133e-06 2.1564891e-05 0.0000000e+00 
1.6390346e-05 -2.1813903e-05 0.0000000e+00 
-1.3839453e-05 6.5421918e-06 0.0000000e+00 
-2.0950800e-05 2.6781578e-05 0.0000000e+00 
-1.3836659e-05 -5.3672120e-06 0.0000000e+00 
9.9698082e-07 -5.4815318e-06 0.0000000e+00 
-8.4545463e-06 3.1783129e-05 0.0000000e+00 
7.8743324e-07 -3.5734847e-06 0.0000000e+00 
-4.9658120e-06 3.6740676e-07 0.0000000e+00 
9.5618889e-05 -8.2946382e-05 0.0000000e+00 
-2.2776425e-05 7.1557239e-05 0.0000000e+00 
8.1844628e-06 -2.4481677e-05 0.0000000e+00 
1.1029653e-05 -1.8867548e-05 0.0000000e+00 
-6.3981861e-06 -2.9671937e-06 0.0000000e+00 
-2.2675376e-05 1.5735161e-05 0.0000000e+00 
6.1658211e-05 -7.3528849e-05 0.0000000e+00 
-1.8915161e-06 -8.1057660e-06 0.0000000e+00 
-4.9388036e-06 1.2153760e-07 0.0000000e+00 
-1.4535617e-05 3.8986094e-05 0.0000000e+00 
1.4470890e-05 1.9511208e-06 0.0000000e+00 
7.5437129e-07 1.1420692e-05 0.0000000e+00 
1.0641059e-05 2.0457926e-05 0.0000000e+00 
-1.2364937e-05 -8.6758519e-07 0.0000000e+00 
-3.7834980e-06 3.4173019e-05 0.0000000e+00 
-1.8179417e-06 3.1813979e-06 0.0000000e+00 
-1.4637597e-05 1.0787044e-05 0.0000000e+00 
-1.1307187e-05 2.6322901e-05 0.0000000e+00 
8.0307946e-06 -3.6767218e-05 0.0000000e+00 
-7.4723735e-05 9.9643134e-05 0.0000000e+00 
1.8524937e-05 -2.0560343e-05 0.0000000e+00 
-2.1904707e-05 1.0737684e-05 0.0000000e+00 
1.8831342e-06 6.6999346e-06 0.0000000e+00 
-3.2661948e-05 4.6107452e-05 0.0000000e+00 
1.1664815e-06 -3.5753241e-05 0.0000000e+00 
-1.1500902e-05 1.3904180e-05 0.0000000e+00 
-2.8885901e-05 3.6712270e-05 0.0000000e+00 
-1.1300668e-05 1.5319325e-05 0.0000000e+00 
6.8907393e-06 -8.3941268e-07 0.0000000e+00 
-1.0807067e-05 -6.9914386e-06 0.0000000e+00 
-4.3418258e-06 -1.9657891e-05 0.0000000e+00 
6.7981891e-06 -2.3223809e-05 0.0000000e+00 
-5.1483512e-06 3.6378158e-05 0.0000000e+00 
1.5958853e-05 -6.1021303e-05 0.0000000e+00 
-1.4267862e-06 1.8067192e-05 0.0000000e+00 
1.0626391e-05 -2.5857240e-05 0.0000000e+00 
1.5734695e-05 -1.4399644e-05 0.0000000e+00 
-7.1674585e-06 -1.8265098e-05 0.0000000e+00 
2.4575740e-05 -3.0174851e-05 0.0000000e+00 
1.3541197e-05 -3.5532285e-06 0.0000000e+00 
8.1211329e-07 1.8683728e-05 0.0000000e+00 
-2.0748470e-05 1.5981728e-05 0.0000000e+00 
2.6470982e-05 -3.9358856e-05 0.0000000e+00 
-1.7708167e-05 -5.7253055e-06 0.0000000e+00 
-3.2035168e-05 2.4008099e-05 0.0000000e+00 
-3.5560224e-05 3.7232181e-05 0.0000000e+00 
-6.5295026e-06 8.1324251e-06 0.0000000e+00 
5.1507726e-05 -6.0691964e-05 0.0000000e+00 
-1.2667850e-05 -6.3702464e-07 0.0000000e+00 
7.4570999e-05 -9.6390955e-05 0.0000000e+00 
-2.7753413e-06 4.4067856e-06 0.0000000e+00 
2.1044631e-05 -5.5579701e-05 0.0000000e+00 
-2.0902371e-06 7.9511665e-08 0.0000000e+00 
-4.0257350e-05 1.2982637e-05 0.0000000e+00 
3.1920574e+07 -3.9794944e+05 0.0000000e+00 
-7.0966780e-06 -1.1795200e-06 0.0000000e+00 
-3.3661410e-05 2.1795946e-05 0.0000000e+00 
1.9729137e-05 -5.0037401e-05 0.0000000e+00 
-7.8976154e-07 -1.5206169e-05 0.0000000e+00 
1.7499551e-06 -5.5320124e-06 0.0000000e+00 
1.1781231e-05 -3.6446843e-05 0.0000000e+00 
5.9740851e-05 -7.1821734e-05 0.0000000e+00 
3.1949021e-06 1.0278542e-05 0.0000000e+00 
6.8509951e-05 -4.6156347e-05 0.0000000e+00 
-5.4724514e-06 -8.1378967e-06 0.0000000e+00 
-5.4948032e-06 1.7313287e-05 0.0000000e+00 
-8.1025064e-06 3.0654483e-05 0.0000000e+00 
-9.7122975e-05 5.3909607e-05 0.0000000e+00 
-2.6234891e-05 3.6744634e-05 0.0000000e+00 
-1.2172386e-06 2.2673048e-05 0.0000000e+00 
-2.3178756e-05 1.8231571e-05 0.0000000e+00 
-6.7311339e-07 -7.7746226e-06 0.0000000e+00 
-6.4880587e-06 -3.8224272e-05 0.0000000e+00 
1.2172386e-05 -5.8618840e-05 0.0000000e+00 
-1.8367544e-05 6.3498737e-06 0.0000000e+00 
-1.2652948e-05 1.1945143e-05 0.0000000e+00 
-9.6857548e-06 -8.1707258e-06 0.0000000e+00 
-5.3978059e-05 4.3782871e-05 0.0000000e+00 
-5.1071867e-05 3.9535109e-05 0.0000000e+00 
-3.7784688e-05 2.0803884e-05 0.0000000e+00 
2.6122201e-05 2.0090956e-06 0.0000000e+00 
-1.9301195e-05 -2.0750798e-05 0.0000000e+00 
-1.8912135e-05 1.7722021e-05 0.0000000e+00 
1.2712553e-06 -9.7700395e-06 0.0000000e+00 
-2.0996667e-05 -3.3909455e-06 0.0000000e+00 
-4.3460168e-06 -7.9306774e-06 0.0000000e+00 
-9.1120601e-06 -1.0109507e-05 0.0000000e+00 
5.0570816e-07 -1.8832739e-05 0.0000000e+00 
-2.1337299e-05 1.1881348e-05 0.0000000e+00 
-6.0498714e-06 3.3082906e-05 0.0000000e+00 
1.0730699e-05 -3.3958117e-05 0.0000000e+00 
-2.7466565e-05 1.5385449e-05 0.0000000e+00 
2.0706793e-05 -5.3492084e-05 0.0000000e+00 
8.3353370e-06 -3.1539472e-05 0.0000000e+00 
-9.7229145e-05 1.2346590e-04 0.0000000e+00 
6.0601160e-06 -2.4991925e-05 0.0000000e+00 
-2.6057474e-05 3.1058909e-05 0.0000000e+00 
8.3409250e-06 -2.8379727e-05 0.0000000e+00 
2.8619193e-05 -4.7381371e-05 0.0000000e+00 
-1.3873912e-05 4.1546416e-05 0.0000000e+00 
-1.3943762e-05 1.2188684e-05 0.0000000e+00 
1.7315149e-05 -2.5216490e-05 0.0000000e+00 
-1.0019168e-05 2.9829796e-05 0.0000000e+00 
-1.7625047e-05 1.8133433e-05 0.0000000e+00 
2.5445595e-05 -5.6794845e-05 0.0000000e+00 
5.4391101e-05 -5.3542200e-05 0.0000000e+00 
7.5562857e-06 -2.1619024e-05 0.0000000e+00 
-3.6541838e-05 3.3035874e-05 0.0000000e+00 
-4.9239025e-06 1.0430114e-05 0.0000000e+00 
-7.6573342e-06 1.9793864e-05 0.0000000e+00 
1.8291175e-06 3.2960437e-05 0.0000000e+00 
1.2338161e-05 -2.3274217e-05 0.0000000e+00 
-4.0772138e-05 2.8705923e-05 0.0000000e+00 
3.9780440e+07 4.5776945e+06 0.0000000e+00 
-1.2262724e-05 3.5579433e-06 0.0000000e+00 
5.3002499e-05 -2.5765039e-05 0.0000000e+00 
1.1256052e-06 -5.7527504e-06 0.0000000e+00 
1.3232697e-05 4.0335581e-06 0.0000000e+00 
-5.1287934e-06 2.2723805e-05 0.0000000e+00 
-1.0505319e-05 2.5309040e-05 0.0000000e+00 
9.9055469e-06 -2.1534739e-05 0.0000000e+00 
-4.0157232e-05 7.6418277e-05 0.0000000e+00 
1.3576588e-05 -1.7871615e-05 0.0000000e+00 
2.4968758e-05 -2.7680304e-05 0.0000000e+00 
4.1406602e-06 -1.5996397e-05 0.0000000e+00 
-2.7501956e-05 3.5895966e-05 0.0000000e+00 
5.8952719e-06 -5.2959658e-05 0.0000000e+00 
2.1614484e-05 -5.0377799e-05 0.0000000e+00 
7.4347947e-05 -1.2633996e-04 0.0000000e+00 
-5.3625554e-05 3.4180935e-05 0.0000000e+00 
-9.3667768e-07 -3.5767676e-05 0.0000000e+00 
8.2829501e-06 3.0019786e-05 0.0000000e+00 
-2.0573847e-05 2.6864931e-05 0.0000000e+00 
4.3332577e-05 -1.5568919e-05 0.0000000e+00 
-1.8589199e-05 2.8004870e-05 0.0000000e+00 
2.7092174e-06 -1.3502082e-05 0.0000000e+00 
-3.6786369e-05 5.6895486e-05 0.0000000e+00 
5.2955002e-06 -5.1022507e-05 0.0000000e+00 
7.6520373e-06 6.5774657e-07 0.0000000e+00 
4.1326508e-05 -6.7235902e-05 0.0000000e+00 
1.9540079e-05 -3.2265671e-06 0.0000000e+00 
-9.2918053e-06 3.9206876e-05 0.0000000e+00 
4.5767054e-05 -6.5995497e-05 0.0000000e+00 
1.7122366e-05 -2.7274014e-05 0.0000000e+00 
-1.0211021e-05 2.4711713e-05 0.0000000e+00 
-2.0566396e-05 -3.9373990e-06 0.0000000e+00 
1.9533560e-05 -6.5341941e-05 0.0000000e+00 
-1.0113232e-05 4.9751252e-06 0.0000000e+00 
1.4018267e-05 -7.3242700e-05 0.0000000e+00 
5.8872625e-05 -3.8689002e-05 0.0000000e+00 
2.2273511e-05 -4.9060676e-05 0.0000000e+00 
-1.3359822e-05 1.8028542e-05 0.0000000e+00 
-2.6345253e-05 6.4556603e-05 0.0000000e+00 
1.5681144e-05 2.0910054e-05 0.0000000e+00 
-6.9602393e-06 -2.8478215e-05 0.0000000e+00 
-8.9928508e-06 1.5799887e-06 0.0000000e+00 
9.7581185e-05 -6.0746912e-05 0.0000000e+00 
7.6597091e-05 -8.2680490e-05 0.0000000e+00 
1.6443431e-05 -2.0928681e-05 0.0000000e+00 
-8.6240470e-06 2.7661212e-05 0.0000000e+00 
2.7897768e-05 -4.2422675e-05 0.0000000e+00 
4.2109517e-05 -7.8790006e-05 0.0000000e+00 
-1.3293815e-05 5.0219533e-06 0.0000000e+00 
-2.4326146e-06 -2.6178546e-05 0.0000000e+00 
3.0362047e-05 -1.8195249e-05 0.0000000e+00 
-9.2200935e-08 -2.1471642e-06 0.0000000e+00 
2.6961323e-05 -2.1938235e-05 0.0000000e+00 
6.7371875e-06 -5.7663769e-05 0.0000000e+00 
-4.4038985e-05 4.2329542e-05 0.0000000e+00 
4.1648746e-06 -2.2358261e-05 0.0000000e+00 
-1.3486482e-05 -2.0106789e-05 0.0000000e+00 
-1.1630356e-05 2.0657200e-05 0.0000000e+00 
-3.5075471e-05 6.1704777e-05 0.0000000e+00 
-6.7261048e-05 6.5129250e-05 0.0000000e+00 
-3.1343661e-05 8.3271763e-05 0.0000000e+00 
7.3760748e-06 -4.0056184e-06 0.0000000e+00 
-5.5264682e-06 2.9965304e-05 0.0000000e+00 
3.5809353e-06 6.2352046e-07 0.0000000e+00 
4.1514213e-05 -5.7474448e-05 0.0000000e+00 
5.7003916e+07 -2.5368688e+07 0.0000000e+00 
-2.5431626e-05 2.6093796e-05 0.0000000e+00 
-5.8557722e-05 8.9035952e-05 0.0000000e+00 
-1.6205013e-05 3.3990014e-05 0.0000000e+00 
1.8309802e-05 -1.2017787e-05 0.0000000e+00 
-1.1123251e-05 2.8470065e-05 0.0000000e+00 
3.9362349e-06 3.2240059e-06 0.0000000e+00 
-1.9562431e-05 5.7867728e-06 0.0000000e+00 
1.6568229e-05 2.0084437e-05 0.0000000e+00 
-4.4564251e-05 6.1977422e-05 0.0000000e+00 
-5.0305389e-05 7.3370058e-05 0.0000000e+00 
-2.6896596e-06 2.2881199e-05 0.0000000e+00 
-8.2980841e-06 -1.1635013e-05 0.0000000e+00 
-8.2728919e-05 7.2384719e-05 0.0000000e+00 
1.1468306e-05 -1.4020596e-05 0.0000000e+00 
-1.8030871e-05 -4.4507906e-06 0.0000000e+00 
-5.8272853e-06 5.5199489e-06 0.0000000e+00 
1.3602898e-05 -6.6831708e-06 0.0000000e+00 
8.9546666e-06 -3.5488047e-05 0.0000000e+00 
-5.7695433e-06 4.8921211e-05 0.0000000e+00 
-3.8082711e-05 5.9233513e-05 0.0000000e+00 
-9.8440796e-06 1.9647647e-05 0.0000000e+00 
-7.4184500e-06 2.1388754e-05 0.0000000e+00 
9.0040267e-06 -4.0908810e-05 0.0000000e+00 
-3.5527279e-05 7.4838987e-05 0.0000000e+00 
5.1772688e-05 -7.8141224e-05 0.0000000e+00 
-3.0290335e-05 1.0268297e-05 0.0000000e+00 
-4.5746565e-06 4.4886023e-05 0.0000000e+00 
-1.0941876e-05 2.9053808e-05 0.0000000e+00 
3.0368567e-05 -1.7618295e-05 0.0000000e+00 
-2.1471642e-05 -1.1191238e-05 0.0000000e+00 
2.8757378e-05 -3.1213276e-05 0.0000000e+00 
-5.7108700e-06 -4.6200119e-05 0.0000000e+00 
5.9138983e-06 -3.9096922e-06 0.0000000e+00 
-2.8181821e-05 1.7248210e-05 0.0000000e+00 
2.6507303e-05 -5.4255535e-05 0.0000000e+00 
-1.0693446e-05 3.5146717e-05 0.0000000e+00 
9.0282410e-06 -1.6607344e-05 0.0000000e+00 
-7.2591938e-06 -1.0972377e-05 0.0000000e+00 
-3.3077784e-05 5.4858159e-05 0.0000000e+00 
-2.6449561e-05 4.3476932e-05 0.0000000e+00 
1.3362616e-05 -4.1108578e-06 0.0000000e+00 
4.3339096e-06 -1.4945457e-05 0.0000000e+00 
-2.5976275e-05 -8.7341759e-06 0.0000000e+00 
-7.8277662e-05 7.8757294e-05 0.0000000e+00 
-2.7108414e-05 2.7348287e-05 0.0000000e+00 
7.9916790e-06 -4.1220337e-05 0.0000000e+00 
3.6658021e-05 -6.9837784e-05 0.0000000e+00 
7.3552597e-05 -1.0821945e-04 0.0000000e+00 
-8.3167106e-06 6.0494058e-06 0.0000000e+00 
4.0646642e-05 -6.3630519e-05 0.0000000e+00 
5.0994102e-05 -7.9941470e-05 0.0000000e+00 
2.7902424e-06 1.9053929e-05 0.0000000e+00 
2.7846545e-06 -9.6284784e-06 0.0000000e+00 
9.2992559e-06 -1.0157470e-05 0.0000000e+00 
1.3739802e-05 -2.8440729e-05 0.0000000e+00 
-3.2633543e-05 4.0858518e-05 0.0000000e+00 
-1.3469718e-05 2.6273483e-05 0.0000000e+00 
2.3048837e-05 -4.0774234e-05 0.0000000e+00 
-3.1290110e-05 5.7574362e-06 0.0000000e+00 
-2.4380628e-05 4.3594511e-05 0.0000000e+00 
-3.8526487e-05 8.4306113e-05 0.0000000e+00 
2.2886466e-05 -7.0024398e-05 0.0000000e+00 
-2.1462329e-05 3.0263793e-05 0.0000000e+00 
-2.9296614e-05 4.8894435e-05 0.0000000e+00 
1.1533499e-05 -2.0364299e-05 0.0000000e+00 
-2.7070753e-05 -1.3609417e-05 0.0000000e+00 
3.2070559e-05 -7.2580529e-05 0.0000000e+00 
4.8149377e-06 -1.8822495e-05 0.0000000e+00 
-1.7471611e-06 1.3346784e-05 0.0000000e+00 
2.7930364e-05 -4.5431399e-05 0.0000000e+00 
5.5752695e-05 -8.3751045e-05 0.0000000e+00 
1.7940998e-05 -2.5011832e-05 0.0000000e+00 
-2.3983419e-05 3.1221658e-05 0.0000000e+00 
-1.5585218e-05 3.6903075e-05 0.0000000e+00 
-3.6489335e-05 3.7085847e-05 0.0000000e+00 
1.3899058e-05 -9.0925023e-06 0.0000000e+00 
-2.5650486e-05 2.4857465e-05 0.0000000e+00 
9.4678253e-06 -4.3335836e-05 0.0000000e+00 
-1.2941658e-05 3.2551819e-05 0.0000000e+00 
5.9232116e-06 1.5223399e-05 0.0000000e+00 
-2.4079345e-05 3.5841949e-05 0.0000000e+00 
-5.8989972e-06 -4.7677313e-05 0.0000000e+00 
5.4677483e-05 -7.9990830e-05 0.0000000e+00 
-7.0342794e-06 1.4628051e-05 0.0000000e+00 
-8.1517268e-05 1.3388554e-04 0.0000000e+00 
-5.1955227e-05 5.1373616e-05 0.0000000e+00 
-2.4941750e-05 5.6459336e-05 0.0000000e+00 
1.3652141e-05 -3.2884651e-05 0.0000000e+00 
-3.2696931e-05 3.5839621e-05 0.0000000e+00 
1.5808735e-05 -3.8428581e-05 0.0000000e+00 
-1.0849908e-05 8.0973841e-06 0.0000000e+00 
5.3648837e-05 -5.5800658e-05 0.0000000e+00 
-1.6928185e-05 6.5308064e-05 0.0000000e+00 
-2.0970125e-05 4.7355425e-05 0.0000000e+00 
4.8298389e-06 -5.7589728e-05 0.0000000e+00 
7.8942627e-05 -5.2714255e-05 0.0000000e+00 
4.3762848e-05 -3.9447099e-05 0.0000000e+00 
3.8672239e-05 -3.7255697e-05 0.0000000e+00 
-3.5325997e-05 5.4546166e-05 0.0000000e+00 
5.9022568e-05 -1.0524970e-04 0.0000000e+00 
-1.5768223e-05 3.9092731e-05 0.0000000e+00 
-3.0733645e-06 -2.2672117e-05 0.0000000e+00 
7.8042503e-06 -4.9470284e-05 0.0000000e+00 
4.0823128e-05 -5.2758027e-05 0.0000000e+00 
2.4372712e-05 -6.7045912e-05 0.0000000e+00 
1.3882294e-05 1.1358410e-05 0.0000000e+00 
-9.9651515e-07 2.1254644e-05 0.0000000e+00 
-2.8957729e-05 2.9068557e-05 0.0000000e+00 
-4.1006133e-06 -9.7868033e-06 0.0000000e+00 
5.4212287e-06 1.3766810e-05 0.0000000e+00 
-9.5898286e-06 -2.5997870e-05 0.0000000e+00 
3.1888485e-06 -9.0948306e-06 0.0000000e+00 
1.6010599e-05 -6.1770319e-05 0.0000000e+00 
-4.1494146e-05 8.3646970e-05 0.0000000e+00 
-2.7522445e-05 -2.3706816e-06 0.0000000e+00 
-3.4562778e-05 5.3890049e-05 0.0000000e+00 
5.8030710e-06 -2.3233937e-05 0.0000000e+00 
7.7578239e-05 -6.6167209e-05 0.0000000e+00 
4.3408945e-06 1.0237563e-05 0.0000000e+00 
6.2212814e-05 -1.0271301e-04 0.0000000e+00 
1.4922582e-05 -4.7666021e-05 0.0000000e+00 
-3.5963836e-05 6.6625653e-05 0.0000000e+00 
2.4504960e-05 -2.9357849e-05 0.0000000e+00 
7.4245036e-06 -3.9236387e-05 0.0000000e+00 
3.2348558e-05 -1.7027836e-05 0.0000000e+00 
3.5068486e-05 -6.6442415e-05 0.0000000e+00 
2.1669082e-05 -1.0998454e-05 0.0000000e+00 
6.2901527e-06 7.9441816e-07 0.0000000e+00 
-1.2576580e-05 5.4708798e-05 0.0000000e+00 
-2.3037195e-05 3.7309714e-05 0.0000000e+00 
3.3620745e-05 -9.7057782e-06 0.0000000e+00 
4.1765554e-05 -4.0113984e-05 0.0000000e+00 
-9.4324350e-06 6.3460320e-06 0.0000000e+00 
-7.1020331e-06 -4.1031744e-06 0.0000000e+00 
-2.9219547e-05 3.1534801e-05 0.0000000e+00 
-6.4336229e-05 5.8072153e-05 0.0000000e+00 
-3.0081719e-05 1.0845251e-05 0.0000000e+00 
5.1185489e-06 -1.1752360e-05 0.0000000e+00 
-1.5250407e-05 3.4188852e-05 0.0000000e+00 
-1.7058104e-05 -2.1308661e-06 0.0000000e+00 
-5.4342672e-06 -1.3783574e-07 0.0000000e+00 
-2.0633452e-06 -2.9723160e-06 0.0000000e+00 
-3.3918768e-06 -2.9038405e-05 0.0000000e+00 
1.4044344e-05 -1.3220590e-05 0.0000000e+00 
-3.1119213e-05 1.7288141e-05 0.0000000e+00 
-8.7287277e-05 7.2695315e-05 0.0000000e+00 
-7.5786375e-06 2.8957031e-05 0.0000000e+00 
1.8626451e-06 -1.5425030e-05 0.0000000e+00 
1.4913967e-06 1.1895419e-05 0.0000000e+00 
2.9103830e-06 1.1882745e-05 0.0000000e+00 
-3.0694529e-05 -2.0697713e-05 0.0000000e+00 
-7.6498836e-06 1.2646429e-05 0.0000000e+00 
-3.3520686e-05 5.3150812e-05 0.0000000e+00 
2.1254178e-05 -7.5946096e-05 0.0000000e+00 
-4.0843617e-05 6.3935760e-05 0.0000000e+00 
-2.7302187e-05 4.4935150e-05 0.0000000e+00 
2.5988556e-05 -7.4990734e-05 0.0000000e+00 
-7.6098368e-06 3.4258701e-06 0.0000000e+00 
-4.2561442e-06 -1.1667144e-05 0.0000000e+00 
2.0165462e-06 -1.7953920e-05 0.0000000e+00 
-4.2971224e-06 2.3699366e-05 0.0000000e+00 
4.0512532e-08 -4.8540533e-06 0.0000000e+00 
-6.3944608e-06 1.4320947e-05 0.0000000e+00 
-4.5464374e-05 7.4714422e-05 0.0000000e+00 
-1.6150996e-05 9.6391886e-08 0.0000000e+00 
-2.3501925e-05 -6.5597706e-06 0.0000000e+00 
1.0392070e-04 -7.4338634e-05 0.0000000e+00 
-9.8720193e-06 -7.2338153e-06 0.0000000e+00 
1.0139775e-05 -1.2975914e-05 0.0000000e+00 
-9.2685223e-06 1.9372441e-05 0.0000000e+00 
4.6208035e-05 -3.2423530e-05 0.0000000e+00 
2.8838404e-05 -4.8614340e-05 0.0000000e+00 
-1.3969839e-07 -4.6831556e-06 0.0000000e+00 
7.7893492e-07 8.5515785e-07 0.0000000e+00 
1.5720725e-06 -7.6033175e-06 0.0000000e+00 
4.0978193e-08 -2.2009714e-05 0.0000000e+00 
9.5413998e-06 -6.7070825e-05 0.0000000e+00 
-1.5596859e-05 5.1334966e-05 0.0000000e+00 
5.3769909e-06 -2.9809773e-05 0.0000000e+00 
1.4380552e-05 3.8314611e-06 0.0000000e+00 
2.2975728e-06 -5.9215818e-06 0.0000000e+00 
-6.8172812e-06 -3.2769982e-05 0.0000000e+00 
3.4057535e-05 -4.1847583e-05 0.0000000e+00 
-5.0399452e-05 1.6349368e-05 0.0000000e+00 
-1.5409663e-05 2.0750333e-05 0.0000000e+00 
-7.7793375e-06 1.5042257e-05 0.0000000e+00 
1.8695369e-05 -7.2818249e-05 0.0000000e+00 
-3.7638936e-05 4.8364047e-05 0.0000000e+00 
-2.8098002e-05 1.5161466e-05 0.0000000e+00 
-5.4193661e-06 -1.5831087e-05 0.0000000e+00 
1.2720469e-05 -3.3644494e-05 0.0000000e+00 
2.2370368e-06 6.7949295e-06 0.0000000e+00 
1.5926315e-05 9.5591531e-07 0.0000000e+00 
-1.6738661e-05 3.8272236e-05 0.0000000e+00 
1.2318604e-05 -1.0490161e-04 0.0000000e+00 
-1.9212166e-05 3.1793315e-05 0.0000000e+00 
-3.3041462e-05 4.3006148e-05 0.0000000e+00 
3.5278499e-06 -1.7096754e-05 0.0000000e+00 
1.5243422e-05 -5.0168019e-06 0.0000000e+00 
1.9883737e-07 3.8674567e-05 0.0000000e+00 
-3.9339066e-05 3.3060089e-05 0.0000000e+00 
-7.6219440e-06 1.3127923e-05 0.0000000e+00 
-1.9012950e-06 1.0511838e-05 0.0000000e+00 
-2.4321023e-05 2.3785629e-05 0.0000000e+00 
7.6983124e-06 -1.5075319e-05 0.0000000e+00 
1.1300668e-05 2.7168542e-05 0.0000000e+00 
-8.7773660e-06 -5.2747782e-06 0.0000000e+00 
1.6103499e-05 -4.4191256e-06 0.0000000e+00 
-1.5867176e-05 2.5405549e-05 0.0000000e+00 
-2.0790845e-05 2.4667010e-05 0.0000000e+00 
-3.8258731e-06 2.9406510e-06 0.0000000e+00 
1.4411286e-05 3.9404258e-06 0.0000000e+00 
-4.0002167e-05 4.2250947e-05 0.0000000e+00 
1.1209399e-05 -5.3805299e-05 0.0000000e+00 
-4.0628947e-06 -1.4191028e-07 0.0000000e+00 
-6.1849132e-06 -4.1155145e-06 0.0000000e+00 
-1.3810582e-05 3.7656864e-05 0.0000000e+00 
-7.6352153e-06 3.3633667e-05 0.0000000e+00 
2.2633001e-05 -4.3477863e-05 0.0000000e+00 
6.4161606e-05 -6.3693151e-05 0.0000000e+00 
-4.8360787e-05 4.6561938e-05 0.0000000e+00 
7.4319541e-07 -1.2568664e-05 0.0000000e+00 
-2.4874695e-05 4.5804307e-05 0.0000000e+00 
5.9977174e-07 -1.9702129e-05 0.0000000e+00 
5.2060932e-06 7.4021518e-06 0.0000000e+00 
-3.6666170e-06 -1.9354746e-05 0.0000000e+00 
2.4884939e-05 -5.8808364e-05 0.0000000e+00 
9.7788870e-07 3.4547411e-06 0.0000000e+00 
-4.2842235e-05 1.0637962e-04 0.0000000e+00 
2.5864691e-05 -7.8559387e-06 0.0000000e+00 
1.8787337e-05 -3.5337172e-05 0.0000000e+00 
7.1376562e-05 -4.1007064e-05 0.0000000e+00 
2.2972468e-05 -1.9730069e-05 0.0000000e+00 
2.2999942e-05 8.2059996e-06 0.0000000e+00 
5.7247467e-05 -5.4739532e-05 0.0000000e+00 
-3.5241246e-05 3.7843361e-05 0.0000000e+00 
5.2435789e-05 -8.0093043e-05 0.0000000e+00 
-6.8452209e-07 1.3872981e-05 0.0000000e+00 
-3.9834529e-05 5.9004291e-05 0.0000000e+00 
2.1578278e-05 -2.7821952e-05 0.0000000e+00 
-2.2351742e-08 3.3507124e-05 0.0000000e+00 
4.5793131e-05 -5.7918951e-05 0.0000000e+00 
3.5222620e-06 5.4575503e-07 0.0000000e+00 
-4.5187771e-05 8.4890518e-05 0.0000000e+00 
1.3032928e-05 -3.2413751e-05 0.0000000e+00 
-3.9603561e-05 4.6484172e-05 0.0000000e+00 
1.9475119e-05 -1.9583502e-05 0.0000000e+00 
-1.6130507e-06 -9.8566525e-06 0.0000000e+00 
1.7472543e-05 -2.9121176e-05 0.0000000e+00 
1.3533048e-05 -1.2252480e-05 0.0000000e+00 
-1.9145198e-05 5.1911455e-05 0.0000000e+00 
-8.6785294e-06 -5.4583506e-07 0.0000000e+00 
-1.9110739e-06 3.1087548e-05 0.0000000e+00 
-1.3744272e-04 7.9379417e-05 0.0000000e+00 
-7.3326228e-06 2.3341854e-05 0.0000000e+00 
3.5715289e-05 -6.5242406e-05 0.0000000e+00 
1.2745149e-06 -1.1971686e-05 0.0000000e+00 
5.1809475e-05 -2.3819972e-05 0.0000000e+00 
5.6829304e-06 -5.9744343e-06 0.0000000e+00 
-1.5728176e-05 8.4368512e-06 0.0000000e+00 
-2.7185306e-06 -9.5712021e-06 0.0000000e+00 
-1.1716038e-06 -3.5298523e-05 0.0000000e+00 
1.2933277e-05 -2.4891924e-05 0.0000000e+00 
1.2208708e-05 -2.0169653e-05 0.0000000e+00 
-1.5731901e-05 3.1724107e-05 0.0000000e+00 
4.3110922e-06 -4.8661605e-05 0.0000000e+00 
-1.1009164e-05 2.4072127e-05 0.0000000e+00 
-2.7445611e-05 5.0590141e-05 0.0000000e+00 
-4.0614977e-06 -1.6476260e-05 0.0000000e+00 
-6.6484790e-05 7.3984265e-05 0.0000000e+00 
7.6366588e-05 -9.8761171e-05 0.0000000e+00 
-2.0138919e-05 -4.8470683e-06 0.0000000e+00 
-5.6158751e-07 1.4469028e-05 0.0000000e+00 
-3.3057295e-05 4.3420354e-05 0.0000000e+00 
5.0701201e-06 -8.1282924e-06 0.0000000e+00 
-1.2521399e-05 6.4773485e-07 0.0000000e+00 
-7.4515119e-05 8.5698441e-05 0.0000000e+00 
-1.5240628e-05 -1.2616569e-05 0.0000000e+00 
1.2162235e-04 -1.1705887e-04 0.0000000e+00 
-2.1897256e-05 3.0769035e-05 0.0000000e+00 
-1.4730729e-05 1.1565629e-05 0.0000000e+00 
3.0127820e-05 -6.3085929e-05 0.0000000e+00 
4.2684376e-05 -5.3345226e-05 0.0000000e+00 
3.8209255e-06 -3.8010068e-05 0.0000000e+00 
-4.1790307e-05 6.6680834e-05 0.0000000e+00 
-4.2039901e-05 5.0012721e-05 0.0000000e+00 
6.5891072e-06 -3.0337833e-05 0.0000000e+00 
1.4714897e-06 1.6714446e-05 0.0000000e+00 
2.3432076e-06 6.7078508e-06 0.0000000e+00 
-1.3154931e-05 1.8580700e-05 0.0000000e+00 
3.9891922e-05 -7.5086951e-05 0.0000000e+00 
-3.0416995e-06 -1.9548461e-06 0.0000000e+00 
1.8302351e-05 -9.8035671e-06 0.0000000e+00 
2.0751264e-05 -2.8366223e-05 0.0000000e+00 
-4.7013164e-06 -6.8023801e-06 0.0000000e+00 
3.3903052e-06 -5.6781748e-05 0.0000000e+00 
1.5025958e-05 -4.1872263e-05 0.0000000e+00 
2.7762726e-05 -2.5305897e-05 0.0000000e+00 
-2.9707327e-05 4.8269518e-05 0.0000000e+00 
-1.2222212e-05 5.0024595e-05 0.0000000e+00 
7.8305602e-06 -1.6425271e-05 0.0000000e+00 
-2.0968728e-06 -7.2328839e-06 0.0000000e+00 
-2.9581599e-05 2.6287511e-05 0.0000000e+00 
-2.9664952e-05 -4.2854808e-06 0.0000000e+00 
-1.3422687e-05 2.8290437e-05 0.0000000e+00 
1.6079284e-05 -1.8592924e-05 0.0000000e+00 
2.9752031e-05 -8.7663066e-05 0.0000000e+00 
6.0650986e-05 -5.4734992e-05 0.0000000e+00 
-4.5241788e-05 3.1434465e-05 0.0000000e+00 
-4.2617321e-06 -6.3295010e-07 0.0000000e+00 
-3.9222883e-05 4.6416637e-05 0.0000000e+00 
-3.5742298e-05 6.0322927e-05 0.0000000e+00 
2.3607165e-05 -2.9697781e-05 0.0000000e+00 
-2.5294721e-06 4.6193600e-07 0.0000000e+00 
3.5442878e-05 -2.8460752e-05 0.0000000e+00 
4.0195882e-06 -1.6930047e-05 0.0000000e+00 
6.2575564e-06 -2.6715919e-05 0.0000000e+00 
9.1483817e-06 -7.1262475e-06 0.0000000e+00 
-5.3634867e-05 7.1456190e-05 0.0000000e+00 
-7.1357936e-06 3.0990690e-05 0.0000000e+00 
1.1869270e-05 -4.3150038e-05 0.0000000e+00 
8.7311491e-06 -2.4391338e-05 0.0000000e+00 
-3.0004419e-05 8.0727041e-06 0.0000000e+00 
-1.3554934e-04 1.1190958e-04 0.0000000e+00 
1.7294660e-05 -1.4039688e-05 0.0000000e+00 
2.6945956e-05 -2.5337096e-05 0.0000000e+00 
1.2826640e-05 3.5952544e-05 0.0000000e+00 
-4.2646658e-05 4.9842987e-05 0.0000000e+00 
7.2410330e-06 -1.0183547e-05 0.0000000e+00 
-1.4200807e-05 5.6335703e-06 0.0000000e+00 
-2.6051886e-05 4.9020629e-05 0.0000000e+00 
6.5565109e-06 -2.1539163e-05 0.0000000e+00 
-3.9002392e-05 2.5074696e-05 0.0000000e+00 
1.1117663e-05 -6.0429098e-05 0.0000000e+00 
3.5330653e-05 -8.0414815e-05 0.0000000e+00 
1.9422732e-06 1.6914390e-05 0.0000000e+00 
-2.3939647e-05 3.3839606e-06 0.0000000e+00 
3.4931116e-05 -3.7515536e-05 0.0000000e+00 
3.5576522e-07 -9.1432594e-06 0.0000000e+00 
1.1520693e-05 -1.3880664e-05 0.0000000e+00 
2.1718908e-05 -3.7836377e-05 0.0000000e+00 
3.2968819e-06 1.6066246e-05 0.0000000e+00 
-4.1293912e-05 3.4466386e-05 0.0000000e+00 
3.5600271e-05 -3.4689787e-05 0.0000000e+00 
-2.0025531e-05 -9.3956478e-06 0.0000000e+00 
-3.2358803e-05 2.6226975e-05 0.0000000e+00 
-2.2759195e-06 1.0299147e-05 0.0000000e+00 
-5.8360863e-05 7.2291587e-05 0.0000000e+00 
-1.4622696e-05 3.4777448e-05 0.0000000e+00 
2.7213246e-06 -3.1054486e-05 0.0000000e+00 
1.3876054e-04 -9.4492920e-05 0.0000000e+00 
2.1719374e-05 -6.5240427e-05 0.0000000e+00 
-1.2306497e-05 7.5437129e-08 0.0000000e+00 
-4.1220337e-06 3.9098784e-05 0.0000000e+00 
3.4784898e-06 -5.2757561e-05 0.0000000e+00 
1.5841448e-05 -2.5657471e-05 0.0000000e+00 
-1.9791070e-05 4.4417684e-05 0.0000000e+00 
2.6547350e-05 -4.4944230e-05 0.0000000e+00 
-1.7786602e-05 1.0105083e-05 0.0000000e+00 
9.2228875e-06 -1.5851809e-05 0.0000000e+00 
-1.7365441e-05 7.7625737e-07 0.0000000e+00 
-2.2872351e-05 4.2895554e-05 0.0000000e+00 
2.8761104e-05 -1.4221296e-05 0.0000000e+00 
4.7618523e-06 -1.9309111e-05 0.0000000e+00 
7.4353069e-05 -1.9752886e-05 0.0000000e+00 
-2.3765024e-05 -1.2581469e-05 0.0000000e+00 
6.6077337e-06 -2.7791364e-05 0.0000000e+00 
-5.3309603e-05 6.5832166e-05 0.0000000e+00 
5.8468431e-06 1.9589905e-05 0.0000000e+00 
-7.0802867e-05 2.7306378e-05 0.0000000e+00 
-1.1124648e-06 -1.5316502e-05 0.0000000e+00 
1.9455329e-05 -4.0170271e-05 0.0000000e+00 
-2.5274232e-05 3.6902260e-05 0.0000000e+00 
-5.2044634e-05 7.6748664e-05 0.0000000e+00 
6.6428445e-05 -8.3618332e-05 0.0000000e+00 
-1.8872088e-06 -6.2953914e-06 0.0000000e+00 
-3.0932017e-05 7.3424482e-05 0.0000000e+00 
7.4867974e-05 -7.5310934e-05 0.0000000e+00 
-1.6338890e-06 -1.6723410e-05 0.0000000e+00 
-9.4715506e-07 1.7546117e-06 0.0000000e+00 
-4.5688823e-05 7.9412479e-05 0.0000000e+00 
1.2957025e-05 -7.0474227e-05 0.0000000e+00 
-6.5039843e-05 7.8651123e-05 0.0000000e+00 
7.2270632e-07 -3.6625657e-05 0.0000000e+00 
2.6230111e-05 -1.1144904e-05 0.0000000e+00 
1.1577271e-04 -1.1415174e-04 0.0000000e+00 
2.0625535e-05 -2.7346425e-05 0.0000000e+00 
-1.5346333e-05 2.4658162e-05 0.0000000e+00 
-3.2205135e-06 3.4074765e-05 0.0000000e+00 
-3.8603321e-06 1.9701198e-05 0.0000000e+00 
3.7418678e-05 -1.4514662e-05 0.0000000e+00 
3.9559789e-05 -7.5514894e-05 0.0000000e+00 
-8.1318431e-06 4.4286717e-06 0.0000000e+00 
8.4955245e-06 -3.4472905e-05 0.0000000e+00 
-7.1834074e-07 -2.9435614e-06 0.0000000e+00 
-3.0574854e-05 3.3084303e-05 0.0000000e+00 
-2.3618340e-06 3.1858683e-05 0.0000000e+00 
-4.1267835e-05 4.9328897e-05 0.0000000e+00 
-1.2002420e-05 2.5928020e-05 0.0000000e+00 
-3.7662219e-05 5.7347585e-05 0.0000000e+00 
5.8376230e-05 -8.1914710e-05 0.0000000e+00 
-6.0489401e-06 -5.5965036e-05 0.0000000e+00 
7.1157701e-06 2.1930318e-06 0.0000000e+00 
2.8256327e-05 -6.0047023e-05 0.0000000e+00 
4.5177992e-05 -9.1888011e-05 0.0000000e+00 
-3.1268224e-05 2.6455149e-05 0.0000000e+00 
-2.0734966e-05 4.8187561e-05 0.0000000e+00 
-1.2053736e-04 1.3815891e-04 0.0000000e+00 
2.0367093e-05 -3.2289419e-05 0.0000000e+00 
9.6326694e-06 -3.7087593e-05 0.0000000e+00 
-3.7625432e-05 3.0932948e-05 0.0000000e+00 
-1.3364479e-06 2.2315886e-05 0.0000000e+00 
-6.1843370e-05 6.8021473e-05 0.0000000e+00 
1.9826926e-05 -2.5934190e-05 0.0000000e+00 
-8.5337088e-06 1.1587283e-05 0.0000000e+00 
2.5162939e-05 -3.7766062e-05 0.0000000e+00 
5.1148236e-06 7.3942356e-06 0.0000000e+00 
-5.7493336e-05 7.0490874e-05 0.0000000e+00 
-1.2720004e-05 -5.0696544e-06 0.0000000e+00 
2.5013927e-05 -4.6902103e-05 0.0000000e+00 
1.8890947e-05 -9.8478049e-06 0.0000000e+00 
-7.0724054e-06 -4.1340012e-05 0.0000000e+00 
6.2910840e-06 -3.8098078e-05 0.0000000e+00 
1.6450882e-05 1.0054559e-05 0.0000000e+00 
-8.6701475e-05 5.1847659e-05 0.0000000e+00 
3.7211925e-05 -5.8002304e-05 0.0000000e+00 
-4.6531204e-05 8.4858853e-05 0.0000000e+00 
-2.4067238e-05 3.2098033e-06 0.0000000e+00 
2.7975766e-05 -8.3474442e-05 0.0000000e+00 
-2.8425828e-05 2.3747270e-05 0.0000000e+00 
5.0014816e-05 -8.5511245e-05 0.0000000e+00 
-2.0749867e-06 -2.3801811e-05 0.0000000e+00 
-1.4267862e-05 2.0142645e-05 0.0000000e+00 
8.1008766e-06 -2.3539294e-05 0.0000000e+00 
1.5483238e-07 3.1440053e-05 0.0000000e+00 
2.3319852e-05 -2.0434614e-05 0.0000000e+00 
-3.7893187e-05 6.2651292e-05 0.0000000e+00 
-2.8429553e-05 3.2722019e-05 0.0000000e+00 
2.2776425e-05 -2.1300279e-05 0.0000000e+00 
3.9746519e-05 -5.1895389e-05 0.0000000e+00 
1.2149569e-04 -8.7860972e-05 0.0000000e+00 
2.7528848e-05 -6.5884436e-05 0.0000000e+00 
-1.6177073e-05 -1.0291114e-06 0.0000000e+00 
-1.1911616e-05 4.8566144e-05 0.0000000e+00 
-2.4684705e-06 -2.2130553e-05 0.0000000e+00 
1.0982214e-05 -1.8476159e-05 0.0000000e+00 
-7.5530261e-06 8.4636849e-06 0.0000000e+00 
6.8051741e-06 -6.2987674e-06 0.0000000e+00 
-1.2311153e-04 1.4181994e-04 0.0000000e+00 
9.9825673e-05 -1.0276213e-04 0.0000000e+00 
-9.3134120e-05 9.9725556e-05 0.0000000e+00 
-1.5451573e-05 -7.5295102e-06 0.0000000e+00 
4.8102811e-06 -3.0261464e-05 0.0000000e+00 
-1.8617138e-05 1.2903474e-06 0.0000000e+00 
-1.7655548e-05 4.5076013e-06 0.0000000e+00 
-4.4055283e-05 6.8912283e-05 0.0000000e+00 
-1.7195009e-05 3.8428698e-05 0.0000000e+00 
-3.3394725e-05 6.2294363e-05 0.0000000e+00 
-1.0923482e-05 2.1651853e-05 0.0000000e+00 
-2.3825094e-05 1.8606428e-05 0.0000000e+00 
-1.7285347e-06 8.6640939e-06 0.0000000e+00 
9.1558322e-06 -2.8973911e-05 0.0000000e+00 
5.5618584e-05 -1.1844095e-05 0.0000000e+00 
6.7334622e-06 -3.4800731e-05 0.0000000e+00 
-1.0374933e-05 -1.2164935e-05 0.0000000e+00 
-3.2802112e-05 2.0423671e-05 0.0000000e+00 
1.2929086e-05 1.2340723e-05 0.0000000e+00 
3.0919909e-06 -1.1619646e-05 0.0000000e+00 
2.9558199e-05 -3.6224956e-05 0.0000000e+00 
-1.9846484e-06 1.6686972e-05 0.0000000e+00 
3.8486905e-05 -7.1392860e-05 0.0000000e+00 
-2.6160851e-05 1.7435406e-05 0.0000000e+00 
-1.0747463e-06 3.5866629e-05 0.0000000e+00 
1.1838600e-04 -1.5190337e-04 0.0000000e+00 
7.8757294e-06 -1.1021504e-05 0.0000000e+00 
-3.0370429e-06 2.0323787e-05 0.0000000e+00 
1.1281855e-04 -1.2118975e-04 0.0000000e+00 
-4.1293213e-05 6.8685389e-05 0.0000000e+00 
-3.6517624e-05 2.3734756e-05 0.0000000e+00 
-7.8300014e-05 9.2969276e-05 0.0000000e+00 
-1.5543774e-06 -3.7148595e-05 0.0000000e+00 
-9.3416311e-06 -2.8077280e-05 0.0000000e+00 
-1.4238060e-05 4.0946063e-05 0.0000000e+00 
-3.8524158e-06 -4.2514876e-07 0.0000000e+00 
-1.5082769e-06 -3.0046329e-05 0.0000000e+00 
4.6602858e-05 -8.4905711e-05 0.0000000e+00 
9.4808638e-07 -3.5455450e-06 0.0000000e+00 
-1.2575183e-05 6.7243818e-06 0.0000000e+00 
-1.5859492e-05 1.6260892e-05 0.0000000e+00 
9.2261471e-06 -4.0233135e-05 0.0000000e+00 
-3.2219104e-05 3.9653387e-05 0.0000000e+00 
1.5956815e-05 -2.2001652e-05 0.0000000e+00 
-1.2543518e-05 2.0271400e-06 0.0000000e+00 
4.1872263e-06 2.0496547e-05 0.0000000e+00 
8.2117505e-05 -6.9591217e-05 0.0000000e+00 
-1.0646880e-05 6.4147636e-05 0.0000000e+00 
7.6694414e-06 1.1573080e-05 0.0000000e+00 
-1.0112301e-05 2.2902619e-05 0.0000000e+00 
3.0174851e-07 -3.3674296e-05 0.0000000e+00 
-5.7505909e-05 8.5911423e-05 0.0000000e+00 
3.2344833e-05 -8.7221153e-05 0.0000000e+00 
-3.3793040e-05 2.5542919e-05 0.0000000e+00 
3.5103760e-05 -6.5360218e-05 0.0000000e+00 
1.7742626e-05 -3.7388876e-05 0.0000000e+00 
1.8691178e-05 -1.8613413e-05 0.0000000e+00 
-5.7601370e-05 8.0253463e-05 0.0000000e+00 
1.4901161e-06 -1.7059268e-05 0.0000000e+00 
7.1665272e-07 3.3644726e-05 0.0000000e+00 
3.1670090e-05 -2.9360817e-06 0.0000000e+00 
-2.4307519e-06 1.5382189e-05 0.0000000e+00 
-2.5394838e-06 -1.8610619e-05 0.0000000e+00 
3.8468046e-05 -7.4915588e-06 0.0000000e+00 
-2.7520582e-06 2.2626016e-05 0.0000000e+00 
-6.8303198e-06 3.4799334e-05 0.0000000e+00 
-3.2782555e-06 -2.2381777e-05 0.0000000e+00 
-2.4871435e-05 1.4863908e-05 0.0000000e+00 
1.5669502e-07 4.5979396e-06 0.0000000e+00 
-5.1827170e-05 3.4659170e-06 0.0000000e+00 
-4.1794498e-05 5.1517971e-05 0.0000000e+00 
2.0130072e-05 -3.1671021e-05 0.0000000e+00 
5.2452087e-06 1.6080681e-05 0.0000000e+00 
-4.0934421e-05 -2.3758039e-05 0.0000000e+00 
-2.1329150e-05 3.5673613e-05 0.0000000e+00 
-4.4143293e-05 2.8068665e-05 0.0000000e+00 
-4.3522101e-05 4.9593742e-05 0.0000000e+00 
7.8061130e-05 -5.9857965e-05 0.0000000e+00 
-2.0679086e-05 -1.2781471e-05 0.0000000e+00 
8.0191530e-05 -9.3479641e-05 0.0000000e+00 
5.0753355e-05 -5.5967364e-05 0.0000000e+00 
-1.8291175e-06 1.7276965e-05 0.0000000e+00 
9.5539726e-06 -3.0637020e-05 0.0000000e+00 
-6.0903840e-06 -3.9890409e-05 0.0000000e+00 
2.4238601e-05 5.8207661e-08 0.0000000e+00 
-3.0059135e-05 7.0056878e-05 0.0000000e+00 
2.9976945e-06 -8.0098398e-06 0.0000000e+00 
-2.9020943e-05 1.9555911e-05 0.0000000e+00 
-5.9719197e-05 1.0229927e-04 0.0000000e+00 
5.5599958e-06 -2.6119407e-05 0.0000000e+00 
-2.8265640e-05 2.6682857e-05 0.0000000e+00 
-8.1097824e-06 4.4171000e-05 0.0000000e+00 
-6.3051470e-05 9.4110146e-06 0.0000000e+00 
1.7949380e-05 -2.1272339e-05 0.0000000e+00 
1.3576690e-05 -4.0300423e-05 0.0000000e+00 
5.9945974e-05 -7.6680270e-05 0.0000000e+00 
1.7843209e-05 -7.9860911e-06 0.0000000e+00 
-2.6803464e-05 2.3298431e-05 0.0000000e+00 
1.2238231e-04 -7.7210832e-05 0.0000000e+00 
-1.2193806e-05 8.8759698e-06 0.0000000e+00 
-1.1468772e-05 -2.2278400e-05 0.0000000e+00 
-4.1667838e-05 5.1021576e-05 0.0000000e+00 
1.9682571e-05 1.4063437e-05 0.0000000e+00 
-2.0274892e-05 1.1888798e-05 0.0000000e+00 
2.1924265e-05 -4.6598725e-06 0.0000000e+00 
1.5150639e-05 -2.6658789e-05 0.0000000e+00 
-4.6642497e-05 7.9275807e-05 0.0000000e+00 
-6.4936467e-05 7.6413155e-05 0.0000000e+00 
9.4341114e-05 -1.0338239e-04 0.0000000e+00 
-2.2940338e-05 -1.4906283e-05 0.0000000e+00 
-5.0043222e-05 3.5842881e-05 0.0000000e+00 
4.7533773e-05 -4.0248036e-05 0.0000000e+00 
-1.4586374e-05 6.9919042e-06 0.0000000e+00 
2.5783665e-05 -1.4287652e-05 0.0000000e+00 
2.9930845e-05 -3.5342760e-05 0.0000000e+00 
9.4696879e-06 -2.9424671e-05 0.0000000e+00 
-1.0421220e-04 6.2381849e-05 0.0000000e+00 
-1.5337951e-05 6.0787424e-06 0.0000000e+00 
-3.6003534e-05 1.7167389e-05 0.0000000e+00 
2.2622757e-05 -2.0001084e-05 0.0000000e+00 
-1.3312325e-05 6.6292705e-07 0.0000000e+00 
1.5402562e-05 -6.1484985e-05 0.0000000e+00 
4.8383838e-05 -1.0425947e-04 0.0000000e+00 
2.8014183e-06 2.0659529e-05 0.0000000e+00 
-1.1945231e-05 -3.7079444e-06 0.0000000e+00 
-8.8633969e-06 6.7187939e-05 0.0000000e+00 
-1.8117018e-05 1.1485536e-05 0.0000000e+00 
1.2720469e-05 -2.2426248e-06 0.0000000e+00 
-3.4598634e-06 4.5457855e-06 0.0000000e+00 
-3.3212244e-05 4.4648070e-05 0.0000000e+00 
-4.5105815e-05 6.8701338e-05 0.0000000e+00 
-3.7029851e-05 7.2391122e-05 0.0000000e+00 
-4.3055508e-05 -3.3715740e-05 0.0000000e+00 
4.8750080e-06 -3.7068035e-05 0.0000000e+00 
-6.7207031e-05 4.1524880e-05 0.0000000e+00 
3.7400052e-05 -1.8773600e-05 0.0000000e+00 
-2.4598558e-06 -1.6184524e-05 0.0000000e+00 
4.6016648e-06 -1.3047131e-05 0.0000000e+00 
4.6612695e-06 1.8242630e-05 0.0000000e+00 
3.4393743e-06 -3.1099655e-05 0.0000000e+00 
-1.4107674e-05 2.0618085e-05 0.0000000e+00 
-3.0546449e-05 9.6755102e-06 0.0000000e+00 
4.1704625e-06 -1.8464867e-05 0.0000000e+00 
-3.8369093e-05 3.1529460e-05 0.0000000e+00 
2.4032779e-06 4.4865534e-05 0.0000000e+00 
3.4804456e-05 -5.7664700e-05 0.0000000e+00 
-1.7979182e-05 -2.4580164e-05 0.0000000e+00 
1.1821743e-05 -1.4862511e-05 0.0000000e+00 
-2.1912158e-05 1.6735867e-05 0.0000000e+00 
1.8161023e-05 -5.6110322e-05 0.0000000e+00 
-2.0151492e-05 6.7370245e-05 0.0000000e+00 
1.2747012e-05 -2.4626730e-05 0.0000000e+00 
-8.2500628e-06 -2.6373891e-05 0.0000000e+00 
-1.0540243e-05 -2.3733359e-05 0.0000000e+00 
1.3056770e-04 -1.3902597e-04 0.0000000e+00 
-4.7609676e-05 2.9788353e-06 0.0000000e+00 
9.7984448e-06 1.3674144e-05 0.0000000e+00 
3.9838720e-05 -6.2668696e-05 0.0000000e+00 
-2.1189917e-06 -1.1397758e-05 0.0000000e+00 
4.3963650e-05 -4.1252933e-05 0.0000000e+00 
3.0202791e-05 -1.5588943e-05 0.0000000e+00 
4.4036657e-05 -1.3479032e-05 0.0000000e+00 
-5.7537109e-06 1.7663464e-05 0.0000000e+00 
2.2599474e-05 -3.0489638e-05 0.0000000e+00 
-3.1109899e-05 5.0708186e-05 0.0000000e+00 
2.9543415e-05 -8.1621110e-05 0.0000000e+00 
-9.1961119e-06 -3.0578114e-05 0.0000000e+00 
-4.2321975e-05 5.1980838e-05 0.0000000e+00 
4.9537979e-05 -1.7463695e-05 0.0000000e+00 
5.8347359e-06 4.3929322e-06 0.0000000e+00 
-8.6389482e-06 1.5610829e-05 0.0000000e+00 
3.1498261e-05 -3.1718519e-05 0.0000000e+00 
-3.9255247e-06 3.3537392e-05 0.0000000e+00 
-3.0103140e-05 4.6754722e-05 0.0000000e+00 
-1.4350750e-05 6.9343208e-05 0.0000000e+00 
-2.8601848e-05 4.6313740e-05 0.0000000e+00 
-5.2046962e-05 7.2639203e-05 0.0000000e+00 
-3.3877557e-05 4.4434099e-05 0.0000000e+00 
1.1797296e-04 -1.1513988e-04 0.0000000e+00 
-1.2750737e-05 3.0132593e-05 0.0000000e+00 
5.0106551e-05 -5.0607603e-05 0.0000000e+00 
-4.8387796e-05 4.9310736e-05 0.0000000e+00 
-2.3867469e-05 7.6261349e-06 0.0000000e+00 
-3.3346005e-06 8.4992498e-06 0.0000000e+00 
-4.8313144e-05 5.3217402e-05 0.0000000e+00 
3.7895516e-06 -1.9076746e-05 0.0000000e+00 
1.5056692e-05 -4.8101880e-05 0.0000000e+00 
-1.7331447e-05 -2.1790154e-05 0.0000000e+00 
3.8484111e-05 -9.2793256e-05 0.0000000e+00 
-3.0896626e-06 1.6697275e-05 0.0000000e+00 
3.2652169e-06 -4.8458576e-05 0.0000000e+00 
-4.4158660e-05 6.1465893e-05 0.0000000e+00 
5.1641837e-07 2.0045554e-05 0.0000000e+00 
-9.0448884e-07 -1.1593569e-05 0.0000000e+00 
-1.7460436e-05 3.1325966e-05 0.0000000e+00 
-1.6289763e-05 1.6188715e-05 0.0000000e+00 
2.1344051e-05 -6.0716644e-05 0.0000000e+00 
-1.0402407e-05 2.3893313e-05 0.0000000e+00 
-1.8486753e-06 -3.3177901e-05 0.0000000e+00 
-3.0321069e-05 2.3597851e-05 0.0000000e+00 
-1.0913238e-05 3.8847327e-05 0.0000000e+00 
1.0499731e-05 1.1073309e-05 0.0000000e+00 
-1.7489772e-05 6.1015598e-06 0.0000000e+00 
-3.0213036e-05 6.7874789e-06 0.0000000e+00 
5.4499134e-05 -7.9941936e-05 0.0000000e+00 
-2.6174821e-05 2.6395544e-05 0.0000000e+00 
3.1618401e-06 -1.9894447e-05 0.0000000e+00 
-3.6043115e-05 3.2410491e-05 0.0000000e+00 
6.4596999e-05 -9.5839554e-05 0.0000000e+00 
-8.9816749e-06 -8.5728243e-06 0.0000000e+00 
9.6363947e-06 7.9749152e-06 0.0000000e+00 
-5.6580640e-05 3.7224963e-05 0.0000000e+00 
-1.7253682e-05 2.9611867e-05 0.0000000e+00 
-2.9694289e-05 1.4249759e-05 0.0000000e+00 
2.0411797e-05 -6.8100402e-05 0.0000000e+00 
4.6547502e-05 -1.1490658e-04 0.0000000e+00 
3.8375845e-05 -6.8374327e-05 0.0000000e+00 
-6.3842162e-07 -5.1737763e-05 0.0000000e+00 
-1.0185875e-05 3.5092700e-05 0.0000000e+00 
2.0780135e-08 -9.4245188e-06 0.0000000e+00 
2.7400441e-05 3.6092941e-05 0.0000000e+00 
6.1616302e-06 -4.2777974e-05 0.0000000e+00 
4.3339096e-05 -9.6906675e-05 0.0000000e+00 
-4.8136571e-06 2.5098911e-05 0.0000000e+00 
2.3981556e-06 3.9709266e-07 0.0000000e+00 
1.3745390e-05 -3.1146687e-05 0.0000000e+00 
-1.3761222e-05 6.8261288e-06 0.0000000e+00 
1.2623146e-05 8.3036721e-06 0.0000000e+00 
1.1332333e-05 -4.8970804e-05 0.0000000e+00 
-1.1958182e-05 6.5919477e-05 0.0000000e+00 
-4.2497180e-05 5.8101956e-05 0.0000000e+00 
-7.1655959e-06 1.7082784e-05 0.0000000e+00 
2.5044894e-05 -2.0991545e-05 0.0000000e+00 
-5.3984812e-05 4.9183254e-05 0.0000000e+00 
5.9447251e-05 -7.4385200e-05 0.0000000e+00 
-2.0119362e-05 4.2540953e-05 0.0000000e+00 
-3.5362318e-06 4.9185939e-05 0.0000000e+00 
5.9395097e-06 2.6818365e-05 0.0000000e+00 
-1.7303973e-06 1.9834843e-05 0.0000000e+00 
-6.8843365e-06 5.4027885e-05 0.0000000e+00 
4.8000365e-06 -3.2872893e-05 0.0000000e+00 
-6.7732297e-05 8.3223917e-05 0.0000000e+00 
-1.3177749e-05 -7.7622244e-06 0.0000000e+00 
-2.5496120e-05 4.2703468e-05 0.0000000e+00 
1.4781952e-05 -2.8650509e-05 0.0000000e+00 
-3.8642436e-05 3.7537888e-05 0.0000000e+00 
-5.6558289e-05 6.2104547e-05 0.0000000e+00 
-4.2215921e-05 9.1424212e-05 0.0000000e+00 
-1.9632396e-05 3.0828873e-05 0.0000000e+00 
3.1059608e-07 -4.5524212e-06 0.0000000e+00 
-8.7142398e-06 1.4080433e-05 0.0000000e+00 
-5.9102662e-05 6.2795822e-05 0.0000000e+00 
9.3447044e-05 -6.2512234e-05 0.0000000e+00 
-1.3113022e-05 4.1980995e-05 0.0000000e+00 
-2.1902844e-05 1.1718832e-05 0.0000000e+00 
9.5954165e-06 1.3401266e-05 0.0000000e+00 
-5.4743141e-06 4.1096471e-05 0.0000000e+00 
-3.4834724e-05 3.7380960e-05 0.0000000e+00 
-6.0424209e-06 -3.4635887e-06 0.0000000e+00 
8.5248146e-05 -1.0085944e-04 0.0000000e+00 
1.7487910e-05 -3.0838884e-05 0.0000000e+00 
-5.8901496e-06 -2.4178065e-05 0.0000000e+00 
3.9068982e-07 -1.5579746e-05 0.0000000e+00 
2.2963155e-05 -5.3404365e-05 0.0000000e+00 
2.2259541e-05 -4.4094864e-05 0.0000000e+00 
3.2735988e-05 -7.8625511e-05 0.0000000e+00 
3.2357406e-05 -9.6575532e-05 0.0000000e+00 
4.2963307e-05 -5.8985781e-05 0.0000000e+00 
5.9666578e-05 -7.6340046e-05 0.0000000e+00 
2.4353154e-05 -1.4592893e-05 0.0000000e+00 
7.4068084e-06 1.5058555e-05 0.0000000e+00 
5.0018542e-05 -8.5739885e-05 0.0000000e+00 
-6.7520887e-06 1.4437828e-05 0.0000000e+00 
-7.1339309e-07 -5.8622099e-05 0.0000000e+00 
-9.3546696e-06 -4.3846201e-05 0.0000000e+00 
-1.9084662e-05 2.2222288e-05 0.0000000e+00 
-2.0768493e-05 5.9633516e-05 0.0000000e+00 
3.7451275e-05 -4.1129533e-05 0.0000000e+00 
3.1482195e-06 -2.4473527e-05 0.0000000e+00 
8.7108929e-06 -3.4859404e-05 0.0000000e+00 
-1.6428232e-05 5.0766626e-05 0.0000000e+00 
-1.3392419e-06 2.4014153e-06 0.0000000e+00 
1.7699320e-05 -5.8174133e-05 0.0000000e+00 
2.2556633e-05 -2.8268143e-05 0.0000000e+00 
-2.1011569e-05 3.4884550e-05 0.0000000e+00 
-3.9828476e-05 2.5765738e-05 0.0000000e+00 
-3.6346610e-06 -2.8158305e-05 0.0000000e+00 
-8.8422094e-05 6.3793152e-05 0.0000000e+00 
1.1219177e-05 -5.5064447e-05 0.0000000e+00 
-7.0535578e-05 5.4453965e-05 0.0000000e+00 
-2.9396731e-05 2.2482127e-06 0.0000000e+00 
-1.0988768e-04 1.2906874e-04 0.0000000e+00 
-1.6602222e-05 -2.1629967e-07 0.0000000e+00 
-1.5096273e-05 3.5238569e-05 0.0000000e+00 
-1.6354024e-06 4.5398716e-05 0.0000000e+00 
-1.0743272e-04 5.4985750e-05 0.0000000e+00 
-1.9194558e-06 3.6670826e-06 0.0000000e+00 
1.4593825e-06 -9.4005372e-06 0.0000000e+00 
-4.4973567e-06 -2.1545216e-05 0.0000000e+00 
1.8151477e-05 -3.7535094e-05 0.0000000e+00 
-1.6368926e-05 3.9192382e-05 0.0000000e+00 
-1.1481345e-05 7.6133059e-05 0.0000000e+00 
-2.6952475e-06 1.3513025e-05 0.0000000e+00 
3.2435637e-05 -3.4618191e-05 0.0000000e+00 
-7.5933989e-05 1.1059176e-04 0.0000000e+00 
2.1204818e-05 -3.6342652e-05 0.0000000e+00 
-1.5313737e-05 5.6640245e-05 0.0000000e+00 
1.2614066e-05 -2.4107518e-05 0.0000000e+00 
-5.8210921e-05 6.5541826e-05 0.0000000e+00 
3.4388446e-05 -3.0681258e-05 0.0000000e+00 
4.6840869e-05 -6.3034706e-05 0.0000000e+00 
1.4949124e-05 -2.8926937e-05 0.0000000e+00 
4.3763779e-05 -1.6974751e-05 0.0000000e+00 
-1.1781929e-05 3.8881786e-05 0.0000000e+00 
1.2069941e-06 7.2051771e-06 0.0000000e+00 
-2.5978312e-05 3.7298072e-05 0.0000000e+00 
-2.9817224e-05 4.0070270e-05 0.0000000e+00 
-4.0777959e-06 9.7532757e-06 0.0000000e+00 
1.9763596e-05 4.5986380e-06 0.0000000e+00 
-1.2585893e-05 3.8969098e-05 0.0000000e+00 
-4.2039901e-06 5.7429541e-05 0.0000000e+00 
3.4012832e-05 -5.9781130e-05 0.0000000e+00 
1.5839003e-05 -1.4896505e-06 0.0000000e+00 
5.7100900e-05 -2.1507032e-05 0.0000000e+00 
7.6657161e-06 -2.0787120e-06 0.0000000e+00 
-7.2652474e-06 -2.4334062e-05 0.0000000e+00 
2.6980182e-05 -8.9531095e-05 0.0000000e+00 
1.0600779e-05 -3.0475203e-05 0.0000000e+00 
-4.5378692e-06 2.0167790e-05 0.0000000e+00 
3.7865713e-05 -5.5291690e-05 0.0000000e+00 
-1.2731180e-05 4.0572369e-05 0.0000000e+00 
6.5583270e-05 -8.7840483e-05 0.0000000e+00 
3.8265251e-05 -2.9717572e-05 0.0000000e+00 
-2.8528273e-05 1.1322554e-05 0.0000000e+00 
2.9877294e-05 -6.5060565e-05 0.0000000e+00 
1.0387599e-04 -1.0773772e-04 0.0000000e+00 
1.0727439e-05 1.1669006e-05 0.0000000e+00 
1.4178548e-04 -1.2234692e-04 0.0000000e+00 
2.3115426e-05 -6.1525498e-05 0.0000000e+00 
-1.3800338e-05 -1.1857599e-05 0.0000000e+00 
-4.7718117e-05 6.1520608e-05 0.0000000e+00 
-4.1186926e-05 5.8879144e-05 0.0000000e+00 
-4.6424568e-05 4.4361455e-05 0.0000000e+00 
-2.8772280e-05 2.8685667e-05 0.0000000e+00 
-1.9243220e-05 3.7564896e-05 0.0000000e+00 
4.9291411e-06 1.0868534e-05 0.0000000e+00 
-1.4435500e-06 -1.3969839e-06 0.0000000e+00 
-1.4201039e-05 1.8789433e-06 0.0000000e+00 
-3.3805845e-05 2.9091898e-05 0.0000000e+00 
-4.3180771e-06 -1.0730699e-05 0.0000000e+00 
-4.1999388e-05 2.8058712e-05 0.0000000e+00 
3.4465455e-05 -7.4781710e-05 0.0000000e+00 
6.4903870e-06 3.3760443e-07 0.0000000e+00 
-1.0102522e-05 3.1710602e-05 0.0000000e+00 
3.3215620e-06 -2.4336157e-05 0.0000000e+00 
-1.0597520e-05 -1.7591752e-05 0.0000000e+00 
-6.6068023e-06 -2.4541747e-05 0.0000000e+00 
-5.4519624e-06 5.1841140e-05 0.0000000e+00 
-6.3114800e-05 1.1897821e-04 0.0000000e+00 
-9.2796981e-06 5.6703109e-05 0.0000000e+00 
1.5924685e-05 -3.1101750e-05 0.0000000e+00 
-2.2568740e-05 3.5774894e-05 0.0000000e+00 
6.1577186e-05 -7.7085570e-05 0.0000000e+00 
-3.8073398e-05 5.8426056e-05 0.0000000e+00 
3.9208680e-07 9.3877316e-07 0.0000000e+00 
-1.9378029e-05 9.0990216e-06 0.0000000e+00 
-6.6534616e-05 6.4974651e-05 0.0000000e+00 
-9.2452392e-06 1.8483959e-05 0.0000000e+00 
2.2315420e-05 -1.9894447e-05 0.0000000e+00 
-3.1279400e-05 2.4010427e-05 0.0000000e+00 
-1.3504177e-06 1.2562028e-05 0.0000000e+00 
6.4990483e-05 -6.1149709e-05 0.0000000e+00 
5.6165853e-05 -6.3404208e-05 0.0000000e+00 
-1.8218532e-05 -3.5198173e-05 0.0000000e+00 
4.0488085e-05 -6.1820727e-05 0.0000000e+00 
2.3219734e-05 -1.5369616e-05 0.0000000e+00 
-3.7495047e-06 -1.5841681e-05 0.0000000e+00 
2.5900081e-05 -5.8785547e-05 0.0000000e+00 
-6.8633817e-05 5.1043928e-05 0.0000000e+00 
-1.0943972e-05 -6.0256571e-06 0.0000000e+00 
-5.4668635e-07 -4.6421774e-05 0.0000000e+00 
-7.3662959e-06 2.7434435e-05 0.0000000e+00 
4.3576583e-05 -7.3128322e-05 0.0000000e+00 
-7.9140998e-05 8.9489389e-05 0.0000000e+00 
-8.9257956e-05 1.2460072e-04 0.0000000e+00 
-1.5497208e-06 -5.5906828e-05 0.0000000e+00 
6.3003972e-07 -2.2451859e-05 0.0000000e+00 
-1.9157771e-05 3.1843781e-05 0.0000000e+00 
-7.0017762e-05 4.0337909e-05 0.0000000e+00 
-5.0215516e-05 3.6433805e-05 0.0000000e+00 
-1.1615455e-05 2.2298191e-06 0.0000000e+00 
3.9139297e-05 -8.1443111e-05 0.0000000e+00 
-1.7734244e-05 3.8044527e-06 0.0000000e+00 
1.9678846e-05 -7.4580312e-06 0.0000000e+00 
1.7472077e-05 -4.3922104e-05 0.0000000e+00 
-7.6454366e-05 9.6543226e-05 0.0000000e+00 
-2.4272129e-05 7.4436888e-05 0.0000000e+00 
2.3426488e-05 -5.2761286e-05 0.0000000e+00 
1.4889328e-04 -1.5536952e-04 0.0000000e+00 
-4.5631576e-05 5.8959937e-05 0.0000000e+00 
-1.2900680e-05 6.0996972e-06 0.0000000e+00 
2.5079353e-06 -3.6915764e-05 0.0000000e+00 
-3.9783888e-05 5.0354050e-05 0.0000000e+00 
-1.4179386e-05 2.0285952e-05 0.0000000e+00 
4.6970788e-05 -9.0694055e-05 0.0000000e+00 
7.5698365e-05 -5.0346367e-05 0.0000000e+00 
6.1303843e-05 -9.5938332e-05 0.0000000e+00 
-1.3060868e-05 -5.9911981e-06 0.0000000e+00 
-3.5728910e-05 2.9239920e-05 0.0000000e+00 
7.5544231e-05 -1.1281110e-04 0.0000000e+00 
3.6959536e-05 -9.5595606e-05 0.0000000e+00 
-1.5215948e-05 9.0892427e-06 0.0000000e+00 
3.7882477e-05 -1.1309236e-04 0.0000000e+00 
2.7391128e-05 -1.0739220e-04 0.0000000e+00 
-1.4723279e-05 2.3073982e-05 0.0000000e+00 
-3.7427060e-05 2.6794150e-06 0.0000000e+00 
1.1115335e-05 -1.2707897e-06 0.0000000e+00 
4.7556125e-05 -8.7643974e-05 0.0000000e+00 
1.3224781e-06 2.0666048e-06 0.0000000e+00 
-5.8294274e-05 1.0661525e-04 0.0000000e+00 
-1.1537038e-04 1.3111299e-04 0.0000000e+00 
7.5018033e-06 9.0333051e-06 0.0000000e+00 
3.5116915e-05 -6.0588121e-05 0.0000000e+00 
1.7563300e-04 -1.5030243e-04 0.0000000e+00 
-5.3367577e-05 2.2968277e-05 0.0000000e+00 
8.6557120e-06 1.6993377e-05 0.0000000e+00 
-2.6174821e-05 3.4198631e-05 0.0000000e+00 
-3.9961189e-05 3.6879210e-05 0.0000000e+00 
3.1393065e-05 -5.9679616e-05 0.0000000e+00 
-2.6433263e-05 2.6835129e-05 0.0000000e+00 
2.6316440e-05 -2.9725721e-05 0.0000000e+00 
-3.3924822e-05 9.7681768e-06 0.0000000e+00 
-9.9940225e-06 2.6679831e-05 0.0000000e+00 
-3.8784929e-05 1.4019664e-05 0.0000000e+00 
5.3867698e-06 -8.7474473e-06 0.0000000e+00 
-1.0635285e-04 1.4078617e-04 0.0000000e+00 
-3.3857068e-06 -1.3812911e-05 0.0000000e+00 
1.7725863e-05 -2.1060114e-05 0.0000000e+00 
-5.3215306e-05 7.1070623e-05 0.0000000e+00 
-7.2875060e-05 7.7662989e-05 0.0000000e+00 
1.4685560e-05 -6.4841086e-05 0.0000000e+00 
-1.2148172e-05 3.4128083e-05 0.0000000e+00 
-2.7615577e-05 8.2590617e-05 0.0000000e+00 
5.2312389e-06 5.8575533e-06 0.0000000e+00 
-1.8974766e-05 5.0069299e-05 0.0000000e+00 
-6.5909699e-06 7.8855082e-06 0.0000000e+00 
5.8932696e-05 -4.7127716e-05 0.0000000e+00 
-5.1334966e-05 4.5185210e-05 0.0000000e+00 
5.5218115e-06 -2.4709385e-05 0.0000000e+00 
-6.1385799e-05 7.4290670e-05 0.0000000e+00 
-1.3253652e-05 2.5393441e-05 0.0000000e+00 
1.0305550e-05 -3.0988827e-05 0.0000000e+00 
-1.1331402e-05 -1.2598000e-05 0.0000000e+00 
3.7822872e-05 -7.0799142e-05 0.0000000e+00 
5.0598755e-06 -5.2696094e-05 0.0000000e+00 
-1.1339411e-04 5.9873797e-05 0.0000000e+00 
-2.0426698e-05 4.4400338e-05 0.0000000e+00 
1.6690232e-05 -3.5833102e-05 0.0000000e+00 
7.1283430e-06 -1.1520926e-05 0.0000000e+00 
8.4018335e-05 -8.9926179e-05 0.0000000e+00 
-6.6546723e-05 5.0147064e-05 0.0000000e+00 
-2.7392991e-05 6.3299667e-05 0.0000000e+00 
-3.1831209e-05 3.0296389e-05 0.0000000e+00 
1.4068501e-05 -2.2863853e-05 0.0000000e+00 
2.1626242e-05 1.3266690e-05 0.0000000e+00 
2.2123568e-06 -2.4470035e-05 0.0000000e+00 
-2.0023435e-07 -1.6727019e-05 0.0000000e+00 
5.2052783e-06 -7.2410330e-06 0.0000000e+00 
-4.2196829e-05 5.5279350e-05 0.0000000e+00 
2.1686777e-05 1.5383790e-05 0.0000000e+00 
3.5853125e-05 -3.3746939e-05 0.0000000e+00 
-3.2406300e-05 6.7965128e-05 0.0000000e+00 
-5.1076990e-05 5.0865579e-05 0.0000000e+00 
-2.6402529e-05 4.0277839e-05 0.0000000e+00 
9.6822158e-05 -7.3051546e-05 0.0000000e+00 
2.8372742e-05 -5.5972487e-06 0.0000000e+00 
1.0148529e-04 -1.2023654e-04 0.0000000e+00 
6.8105990e-05 -4.6763103e-05 0.0000000e+00 
-8.8335946e-06 1.5551457e-05 0.0000000e+00 
-1.3412442e-05 9.7069424e-06 0.0000000e+00 
2.4104491e-05 -4.5865774e-05 0.0000000e+00 
-4.4872053e-05 3.6261044e-05 0.0000000e+00 
-3.8649887e-06 5.8790203e-05 0.0000000e+00 
-8.8475645e-07 3.9591454e-05 0.0000000e+00 
-3.1404197e-05 3.1014439e-05 0.0000000e+00 
6.4987689e-06 -1.1668075e-05 0.0000000e+00 
-1.2101606e-05 2.3527071e-05 0.0000000e+00 
1.0389881e-04 -5.8986247e-05 0.0000000e+00 
-2.5062822e-05 1.5990110e-05 0.0000000e+00 
1.6769860e-05 5.5827550e-06 0.0000000e+00 
-4.8256945e-05 4.2966334e-05 0.0000000e+00 
2.0451844e-06 3.3825636e-05 0.0000000e+00 
-1.5328485e-05 1.7297687e-05 0.0000000e+00 
6.2063336e-06 3.4827972e-06 0.0000000e+00 
1.4489517e-05 -4.7404319e-05 0.0000000e+00 
1.3480079e-05 -3.3358578e-05 0.0000000e+00 
-7.0939306e-05 7.0162583e-05 0.0000000e+00 
-1.3733981e-05 1.5102851e-05 0.0000000e+00 
-6.9757458e-05 9.6740201e-05 0.0000000e+00 
-3.7616119e-06 1.2834091e-05 0.0000000e+00 
2.3432076e-05 -3.8302038e-05 0.0000000e+00 
-3.8569327e-05 1.5563797e-05 0.0000000e+00 
2.2975728e-06 -1.6168924e-05 0.0000000e+00 
-6.8070367e-06 1.3319775e-05 0.0000000e+00 
3.5592355e-05 -6.6017034e-05 0.0000000e+00 
-2.5182031e-05 2.8465874e-06 0.0000000e+00 
8.2892366e-06 -6.2191393e-05 0.0000000e+00 
-2.5459565e-05 2.3040979e-05 0.0000000e+00 
1.7976388e-04 -1.7084414e-04 0.0000000e+00 
4.2585656e-05 -3.8400292e-05 0.0000000e+00 
-5.0482340e-05 6.9776550e-05 0.0000000e+00 
-4.5694411e-05 4.7164503e-05 0.0000000e+00 
2.5219284e-05 -7.9978257e-05 0.0000000e+00 
-4.8829243e-06 3.8996805e-05 0.0000000e+00 
1.5892554e-04 -1.6633281e-04 0.0000000e+00 
9.2298957e-05 -1.3786275e-04 0.0000000e+00 
-5.1540323e-05 5.6477729e-05 0.0000000e+00 
7.7858567e-06 -3.1522010e-05 0.0000000e+00 
2.7707458e-05 -2.0192005e-05 0.0000000e+00 
6.7397021e-05 -5.0873496e-06 0.0000000e+00 
3.7965365e-05 -1.4659949e-05 0.0000000e+00 
3.0691735e-06 -1.6600592e-05 0.0000000e+00 
4.0354207e-06 -2.0583626e-05 0.0000000e+00 
-9.5517607e-06 -1.1108001e-05 0.0000000e+00 
-5.7872385e-06 -1.4617108e-05 0.0000000e+00 
-5.3895637e-06 5.5294950e-05 0.0000000e+00 
8.8852830e-06 2.2390464e-05 0.0000000e+00 
-5.0295610e-05 5.3345691e-05 0.0000000e+00 
1.7822138e-05 -5.5753393e-05 0.0000000e+00 
-2.1418557e-05 6.0744584e-05 0.0000000e+00 
1.1869706e-05 -3.8756523e-05 0.0000000e+00 
-1.0550022e-05 2.4572946e-06 0.0000000e+00 
7.9601072e-05 -9.7233336e-05 0.0000000e+00 
-2.4465844e-05 2.5446061e-05 0.0000000e+00 
-4.7173817e-05 6.8486668e-05 0.0000000e+00 
2.2568740e-05 -4.9075577e-05 0.0000000e+00 
-7.5697899e-06 9.2303380e-06 0.0000000e+00 
4.2263418e-06 -3.0306634e-05 0.0000000e+00 
-1.4360994e-05 -5.5069104e-06 0.0000000e+00 
-1.0053068e-04 3.2427255e-05 0.0000000e+00 
-6.8638474e-07 -1.8993160e-05 0.0000000e+00 
-5.5939890e-05 1.0368414e-05 0.0000000e+00 
2.6104506e-05 -3.0964147e-05 0.0000000e+00 
4.4724438e-05 -1.1544907e-04 0.0000000e+00 
-6.3786283e-05 1.2716930e-04 0.0000000e+00 
-2.1968968e-05 4.6777306e-05 0.0000000e+00 
2.9490329e-05 -8.7101012e-05 0.0000000e+00 
-1.7455779e-05 3.5727979e-05 0.0000000e+00 
1.3587996e-06 -7.3881820e-06 0.0000000e+00 
-1.2314040e-04 1.0769861e-04 0.0000000e+00 
-3.6083511e-06 -1.6429694e-05 0.0000000e+00 
-5.9082173e-05 5.9822574e-05 0.0000000e+00 
-2.2138469e-05 3.1612479e-05 0.0000000e+00 
-1.6493374e-05 -2.3198081e-05 0.0000000e+00 
1.8728897e-06 -3.9723702e-05 0.0000000e+00 
-6.6047069e-05 6.2302221e-05 0.0000000e+00 
-6.9539063e-05 6.3391402e-05 0.0000000e+00 
-3.0433759e-05 1.9006431e-05 0.0000000e+00 
2.0087231e-05 -4.8442278e-05 0.0000000e+00 
9.8105520e-06 -9.4251591e-06 0.0000000e+00 
-2.4492969e-05 4.7037378e-05 0.0000000e+00 
2.1904707e-06 -2.0619831e-05 0.0000000e+00 
-8.1332400e-06 -3.7296675e-05 0.0000000e+00 
-1.3852492e-05 4.1669700e-06 0.0000000e+00 
1.9932631e-05 1.9136816e-05 0.0000000e+00 
1.9514933e-05 -3.6153244e-05 0.0000000e+00 
-1.6469508e-05 7.1929768e-05 0.0000000e+00 
6.6794455e-06 3.2282434e-05 0.0000000e+00 
2.3412518e-05 -8.0450205e-05 0.0000000e+00 
7.4100681e-05 -9.0691727e-05 0.0000000e+00 
1.0368368e-04 -9.4905030e-05 0.0000000e+00 
-8.2440674e-06 5.4629287e-05 0.0000000e+00 
-2.4707057e-05 2.3704953e-05 0.0000000e+00 
-6.4720865e-05 7.5330026e-05 0.0000000e+00 
3.4182798e-05 -6.4137857e-05 0.0000000e+00 
2.5229529e-06 -7.5292774e-06 0.0000000e+00 
1.3056677e-05 -1.2136996e-05 0.0000000e+00 
-1.1238735e-06 8.9944806e-06 0.0000000e+00 
2.6216265e-05 -3.7732534e-05 0.0000000e+00 
-7.1967952e-06 -1.3526529e-05 0.0000000e+00 
1.4053658e-05 -5.4176839e-05 0.0000000e+00 
-1.7297833e-05 4.8855436e-05 0.0000000e+00 
-5.4519624e-06 6.1432831e-05 0.0000000e+00 
1.0387041e-05 -5.5734134e-05 0.0000000e+00 
-2.1898188e-05 -3.5246834e-05 0.0000000e+00 
-7.3909760e-05 4.5141671e-05 0.0000000e+00 
-6.0575549e-06 7.5704884e-06 0.0000000e+00 
-1.2169778e-04 9.5350202e-05 0.0000000e+00 
-2.5951304e-06 7.0066890e-06 0.0000000e+00 
-5.0958712e-05 5.3626252e-05 0.0000000e+00 
1.3866229e-05 -1.6762409e-05 0.0000000e+00 
2.4131173e-04 -2.1448359e-04 0.0000000e+00 
4.5893714e-05 -3.1623524e-05 0.0000000e+00 
-3.8092956e-05 4.5250170e-05 0.0000000e+00 
-2.7077273e-05 3.0823518e-05 0.0000000e+00 
6.7607034e-05 -9.6326228e-05 0.0000000e+00 
-2.1564774e-06 3.5772100e-06 0.0000000e+00 
-3.2453332e-05 6.5137632e-05 0.0000000e+00 
-5.0306087e-05 5.9236772e-05 0.0000000e+00 
-4.4956803e-05 3.9835926e-05 0.0000000e+00 
4.5869965e-05 -5.6633726e-05 0.0000000e+00 
6.2156469e-06 2.2631139e-07 0.0000000e+00 
1.7551426e-04 -1.2955442e-04 0.0000000e+00 
-1.8440001e-04 1.9217748e-04 0.0000000e+00 
1.1184392e-04 -1.1737971e-04 0.0000000e+00 
3.8265251e-05 -3.4898054e-05 0.0000000e+00 
2.4711248e-05 -2.1192012e-05 0.0000000e+00 
-1.0425691e-05 7.5823627e-06 0.0000000e+00 
-1.5785918e-06 -2.4879351e-05 0.0000000e+00 
-2.4792738e-05 7.5515825e-05 0.0000000e+00 
-2.1845102e-05 1.4078687e-05 0.0000000e+00 
-5.7755271e-05 1.0637240e-04 0.0000000e+00 
-6.3395128e-05 6.2378123e-05 0.0000000e+00 
-9.2970673e-05 1.3694866e-04 0.0000000e+00 
1.3929093e-05 -3.8707629e-05 0.0000000e+00 
-2.3213215e-05 4.4822344e-05 0.0000000e+00 
9.5623545e-06 -6.6621229e-05 0.0000000e+00 
2.3765024e-06 9.2533883e-06 0.0000000e+00 
7.0454553e-06 -1.5204307e-05 0.0000000e+00 
7.9781748e-06 -2.1626940e-05 0.0000000e+00 
1.0240357e-05 -3.9367005e-05 0.0000000e+00 
2.1150289e-04 -1.8607546e-04 0.0000000e+00 
-1.0093581e-04 3.3521093e-05 0.0000000e+00 
7.3183328e-06 -9.8247547e-06 0.0000000e+00 
-1.3375655e-05 4.0968880e-06 0.0000000e+00 
-9.3369279e-05 9.1745518e-05 0.0000000e+00 
3.0306634e-05 -7.3505100e-05 0.0000000e+00 
-3.4978148e-05 2.5044836e-05 0.0000000e+00 
-6.8847090e-05 7.0670154e-05 0.0000000e+00 
3.7768856e-05 -5.4007396e-05 0.0000000e+00 
-6.6198409e-06 -3.4003053e-05 0.0000000e+00 
4.6557980e-05 -4.3826876e-05 0.0000000e+00 
1.2925267e-04 -1.3570953e-04 0.0000000e+00 
-2.0625070e-05 -1.7639250e-05 0.0000000e+00 
-4.1414984e-05 6.5920409e-05 0.0000000e+00 
-2.6514754e-06 2.4471432e-05 0.0000000e+00 
-7.8530982e-05 1.0834914e-04 0.0000000e+00 
-9.5428899e-05 6.9236849e-05 0.0000000e+00 
4.5476016e-05 -8.7194610e-05 0.0000000e+00 
8.3777122e-06 2.3339642e-05 0.0000000e+00 
5.7286117e-05 -1.2733651e-04 0.0000000e+00 
3.6628917e-06 7.0333481e-06 0.0000000e+00 
-2.5096371e-05 5.0590141e-05 0.0000000e+00 
2.0442531e-07 -7.0005655e-05 0.0000000e+00 
-8.3333580e-06 -7.2689727e-07 0.0000000e+00 
-2.4742447e-05 1.5362166e-05 0.0000000e+00 
6.0433056e-05 -2.8123613e-05 0.0000000e+00 
-1.1658762e-05 4.2407773e-06 0.0000000e+00 
-1.1622440e-04 1.2321491e-04 0.0000000e+00 
-1.1851545e-05 3.7806691e-05 0.0000000e+00 
-1.3770070e-05 2.9016519e-06 0.0000000e+00 
2.2792723e-05 -3.0569267e-05 0.0000000e+00 
9.8521821e-05 -9.6230768e-05 0.0000000e+00 
-3.8258266e-05 2.3017172e-05 0.0000000e+00 
-6.2940177e-05 -7.7737495e-06 0.0000000e+00 
-1.2220815e-05 8.9947134e-05 0.0000000e+00 
-2.9101036e-05 -1.6395701e-05 0.0000000e+00 
-2.1256506e-05 4.3353532e-05 0.0000000e+00 
4.5929570e-05 -7.2062481e-05 0.0000000e+00 
-2.9341318e-06 5.7760626e-06 0.0000000e+00 
-1.8579885e-06 3.7718564e-07 0.0000000e+00 
4.7371723e-06 3.4311321e-05 0.0000000e+00 
-2.0476058e-05 5.0739851e-05 0.0000000e+00 
-1.6609207e-05 4.0259300e-05 0.0000000e+00 
5.7508238e-05 -1.0330277e-04 0.0000000e+00 
-1.3335934e-04 1.4696456e-04 0.0000000e+00 
1.7316081e-05 -6.6748471e-05 0.0000000e+00 
-4.2691827e-05 6.1295606e-05 0.0000000e+00 
5.7358760e-05 -5.8628153e-05 0.0000000e+00 
-4.4666231e-05 7.4411742e-05 0.0000000e+00 
2.0161737e-05 -1.9142870e-05 0.0000000e+00 
7.6610595e-06 3.0683819e-05 0.0000000e+00 
-5.0896779e-06 -1.3316283e-05 0.0000000e+00 
5.5439770e-05 -6.1993953e-05 0.0000000e+00 
1.0290241e-05 -3.1970791e-05 0.0000000e+00 
2.8551649e-04 -2.1726685e-04 0.0000000e+00 
-2.3144297e-05 4.5823632e-05 0.0000000e+00 
1.0249671e-04 -1.4427397e-04 0.0000000e+00 
-1.1289492e-05 1.4035031e-06 0.0000000e+00 
-4.5612454e-05 5.1763840e-05 0.0000000e+00 
8.9616515e-06 -6.9416827e-05 0.0000000e+00 
6.0421415e-05 -6.4571388e-05 0.0000000e+00 
-1.0933727e-06 -5.1340321e-05 0.0000000e+00 
-9.4594434e-06 -1.1273660e-06 0.0000000e+00 
1.4354661e-04 -1.1708494e-04 0.0000000e+00 
7.3767733e-06 1.3840850e-05 0.0000000e+00 
-2.9238872e-05 2.9916875e-05 0.0000000e+00 
-1.2336299e-05 -9.8114833e-06 0.0000000e+00 
-1.6489299e-04 1.2115669e-04 0.0000000e+00 
-2.5872141e-05 4.9022026e-05 0.0000000e+00 
3.1330623e-05 -5.6901947e-05 0.0000000e+00 
-8.3713792e-05 1.1479435e-04 0.0000000e+00 
8.6226501e-06 -3.9366074e-05 0.0000000e+00 
-5.4101925e-05 6.5012369e-05 0.0000000e+00 
7.2144903e-06 6.8929512e-07 0.0000000e+00 
-2.6874477e-05 3.0592011e-05 0.0000000e+00 
-3.3058343e-05 7.1232207e-05 0.0000000e+00 
-1.6515143e-05 6.7767221e-05 0.0000000e+00 
3.6775135e-05 -6.5010856e-05 0.0000000e+00 
1.9785948e-05 -4.6448491e-05 0.0000000e+00 
-3.0010749e-05 5.2717398e-05 0.0000000e+00 
2.2978988e-05 -2.9291958e-05 0.0000000e+00 
-1.1534337e-04 1.4608959e-04 0.0000000e+00 
8.4258616e-05 -5.3655356e-05 0.0000000e+00 
-9.1455877e-06 2.1546381e-05 0.0000000e+00 
-2.7614646e-05 -5.1446725e-05 0.0000000e+00 
1.8352643e-05 -1.9270927e-05 0.0000000e+00 
-6.4206659e-05 1.3067992e-04 0.0000000e+00 
-1.0547694e-05 3.4117373e-05 0.0000000e+00 
-2.6430935e-06 2.3024157e-05 0.0000000e+00 
2.7916394e-06 -4.9188733e-05 0.0000000e+00 
4.0119514e-05 -1.9182451e-05 0.0000000e+00 
-1.8416904e-05 -2.0667445e-05 0.0000000e+00 
-3.3166725e-05 2.8620474e-05 0.0000000e+00 
1.5582889e-05 -2.2978988e-05 0.0000000e+00 
-6.4538326e-05 9.4951130e-05 0.0000000e+00 
4.9895607e-06 4.2403117e-06 0.0000000e+00 
-1.7413200e-04 8.9271925e-05 0.0000000e+00 
1.0674261e-04 -1.1082739e-07 0.0000000e+00 
6.2994659e-06 -7.8636222e-06 0.0000000e+00 
2.9886141e-06 -1.3387762e-05 0.0000000e+00 
2.9761344e-05 -7.3125353e-05 0.0000000e+00 
8.1938226e-05 -1.3723498e-04 0.0000000e+00 
-3.3240300e-05 2.4829060e-05 0.0000000e+00 
3.9794948e-05 -1.0201760e-04 0.0000000e+00 
3.2079639e-05 -2.6319525e-05 0.0000000e+00 
-5.5052806e-05 5.1130541e-05 0.0000000e+00 
-3.4971163e-06 -1.5273690e-05 0.0000000e+00 
7.5682998e-05 -7.0875511e-05 0.0000000e+00 
-2.5926623e-05 6.0295861e-05 0.0000000e+00 
-3.4512952e-05 1.0864343e-05 0.0000000e+00 
-2.1439046e-06 -1.2702309e-05 0.0000000e+00 
5.6836114e-05 -8.9140842e-05 0.0000000e+00 
1.3019890e-05 -5.3686788e-05 0.0000000e+00 
5.3997152e-05 -8.1778970e-05 0.0000000e+00 
3.0720606e-05 -2.8741546e-05 0.0000000e+00 
-4.4859480e-05 5.1050447e-06 0.0000000e+00 
-1.1391006e-05 3.1584874e-05 0.0000000e+00 
-4.9232971e-05 2.5596470e-05 0.0000000e+00 
7.8990124e-06 -7.4198470e-05 0.0000000e+00 
5.0693750e-05 -4.0470622e-05 0.0000000e+00 
-4.8576854e-05 8.2344282e-05 0.0000000e+00 
-2.1283515e-05 7.9479069e-05 0.0000000e+00 
-2.9383227e-06 3.7760008e-05 0.0000000e+00 
-5.3219032e-05 4.4560991e-05 0.0000000e+00 
3.7332531e-05 -6.3421670e-05 0.0000000e+00 
-3.5905279e-05 1.4621764e-06 0.0000000e+00 
-2.4242094e-05 5.0663948e-06 0.0000000e+00 
-1.7659226e-04 2.1243328e-04 0.0000000e+00 
1.5485566e-05 -2.8957147e-05 0.0000000e+00 
-1.9409694e-05 3.0688941e-05 0.0000000e+00 
-1.9596890e-05 1.5437603e-05 0.0000000e+00 
-3.7774444e-05 8.1082806e-05 0.0000000e+00 
1.8843682e-05 -6.2201405e-05 0.0000000e+00 
-3.7198886e-05 6.6367909e-05 0.0000000e+00 
-5.0265342e-05 7.3687814e-05 0.0000000e+00 
3.9946055e-05 -3.5484554e-05 0.0000000e+00 
2.8401474e-04 -2.3261923e-04 0.0000000e+00 
1.6557518e-05 -6.5335655e-05 0.0000000e+00 
-5.1685493e-06 1.0252115e-05 0.0000000e+00 
-1.6883947e-05 4.5360066e-06 0.0000000e+00 
2.0202249e-05 -1.7557293e-05 0.0000000e+00 
7.1086455e-05 -8.4112224e-05 0.0000000e+00 
2.2046268e-05 1.9631116e-05 0.0000000e+00 
-4.9938448e-05 6.8304595e-05 0.0000000e+00 
-3.8846862e-05 3.4134369e-05 0.0000000e+00 
1.0536984e-05 2.5196932e-05 0.0000000e+00 
1.4801649e-04 -1.6248971e-04 0.0000000e+00 
-6.7800167e-05 1.2529944e-04 0.0000000e+00 
8.0293044e-05 -8.7303575e-05 0.0000000e+00 
2.3772940e-05 -1.0295678e-04 0.0000000e+00 
-5.2051619e-06 -3.0752737e-05 0.0000000e+00 
2.3063272e-05 -7.0016831e-06 0.0000000e+00 
1.8117018e-05 -7.7401288e-05 0.0000000e+00 
-5.0370581e-06 7.8226440e-06 0.0000000e+00 
-3.1283125e-05 5.5150129e-05 0.0000000e+00 
1.0695774e-05 -5.1380601e-05 0.0000000e+00 
-2.2025313e-05 6.0056584e-05 0.0000000e+00 
9.1933180e-06 -8.2572224e-06 0.0000000e+00 
3.0192081e-05 -2.9102899e-05 0.0000000e+00 
-1.2562145e-05 -2.1729560e-05 0.0000000e+00 
-3.2808632e-05 -3.6504585e-05 0.0000000e+00 
-9.2787668e-06 -1.1845957e-05 0.0000000e+00 
-2.1386426e-05 8.2093757e-05 0.0000000e+00 
-3.2663764e-04 2.0834338e-04 0.0000000e+00 
-6.0968101e-05 6.1391387e-05 0.0000000e+00 
-1.0300428e-05 5.5599958e-06 0.0000000e+00 
-6.1739236e-05 3.8049184e-05 0.0000000e+00 
-1.0498799e-05 7.1096234e-05 0.0000000e+00 
3.5099685e-05 -7.4237119e-05 0.0000000e+00 
-2.5955960e-05 3.2197218e-05 0.0000000e+00 
2.2621825e-06 -1.5316531e-05 0.0000000e+00 
4.5561697e-05 -5.1931012e-05 0.0000000e+00 
-7.9439022e-05 1.0204734e-04 0.0000000e+00 
9.4650313e-06 -1.3662502e-05 0.0000000e+00 
3.1183125e-05 -9.5017487e-05 0.0000000e+00 
7.6138880e-05 -8.9010689e-05 0.0000000e+00 
-6.7560002e-05 1.1702068e-04 0.0000000e+00 
-7.7329576e-05 1.2347335e-04 0.0000000e+00 
5.0573610e-05 -1.0725856e-04 0.0000000e+00 
1.7441530e-04 -1.0878593e-04 0.0000000e+00 
-3.7203077e-05 1.3878336e-05 0.0000000e+00 
1.1719763e-05 -1.7746352e-05 0.0000000e+00 
-9.4319694e-06 2.7019065e-05 0.0000000e+00 
4.1015446e-05 -1.4613848e-05 0.0000000e+00 
3.9889477e-05 -6.9332309e-05 0.0000000e+00 
3.2153912e-06 -6.4262189e-05 0.0000000e+00 
1.5022233e-05 -1.4403398e-05 0.0000000e+00 
-4.9020629e-05 3.6520883e-05 0.0000000e+00 
3.0537602e-05 -2.7859118e-05 0.0000000e+00 
9.5102005e-06 9.2251576e-06 0.0000000e+00 
8.8289380e-07 4.3002423e-05 0.0000000e+00 
-1.0120217e-05 -4.3406617e-06 0.0000000e+00 
-6.1569735e-06 -3.9282488e-05 0.0000000e+00 
4.5488589e-05 -1.8284190e-05 0.0000000e+00 
-6.4704567e-05 6.8585272e-05 0.0000000e+00 
9.4518065e-05 -1.8365029e-04 0.0000000e+00 
6.6554174e-05 -6.5438449e-05 0.0000000e+00 
3.0024908e-05 -2.5757588e-05 0.0000000e+00 
-3.4468714e-05 7.5732358e-05 0.0000000e+00 
4.8783841e-06 1.4434336e-05 0.0000000e+00 
6.9648959e-06 -4.3956097e-05 0.0000000e+00 
-3.1812117e-05 5.0634379e-05 0.0000000e+00 
1.0482036e-05 3.0518509e-05 0.0000000e+00 
-5.7260506e-05 8.3892955e-05 0.0000000e+00 
-2.3826957e-05 3.5534613e-05 0.0000000e+00 
-5.5191107e-05 3.0033058e-05 0.0000000e+00 
3.3013057e-05 -3.4609984e-05 0.0000000e+00 
-1.9514933e-05 6.9309492e-05 0.0000000e+00 
-6.4110849e-05 6.2854961e-06 0.0000000e+00 
-3.0929223e-05 2.8707087e-05 0.0000000e+00 
-9.0224203e-05 1.3018632e-04 0.0000000e+00 
-3.0739233e-05 3.7260586e-05 0.0000000e+00 
6.9919042e-05 -1.2505474e-04 0.0000000e+00 
-5.9169251e-06 -1.2015807e-05 0.0000000e+00 
2.5351997e-05 -3.9584003e-05 0.0000000e+00 
2.7827919e-06 3.0843541e-05 0.0000000e+00 
-1.9889325e-05 1.5425467e-05 0.0000000e+00 
2.4341978e-04 -1.7897086e-04 0.0000000e+00 
5.5524521e-05 -9.8295277e-05 0.0000000e+00 
-2.9096380e-05 -1.9121915e-05 0.0000000e+00 
-3.9910316e-05 1.7481507e-05 0.0000000e+00 
-1.2252014e-05 7.1739778e-06 0.0000000e+00 
1.0612747e-04 -4.3081585e-05 0.0000000e+00 
5.2590854e-05 -1.0231137e-04 0.0000000e+00 
3.7308782e-06 -2.1646847e-05 0.0000000e+00 
1.2501143e-05 4.3396838e-05 0.0000000e+00 
-3.2226555e-05 3.4119934e-05 0.0000000e+00 
5.1888637e-06 -2.1550804e-06 0.0000000e+00 
-1.2228265e-05 -1.9115396e-06 0.0000000e+00 
-1.7296989e-05 3.9202394e-05 0.0000000e+00 
3.3487100e-05 -6.4648688e-05 0.0000000e+00 
1.1790311e-05 -1.5330734e-05 0.0000000e+00 
1.4617806e-04 -8.4458850e-05 0.0000000e+00 
-1.0897871e-05 6.8270601e-05 0.0000000e+00 
-2.5189947e-05 4.6772882e-05 0.0000000e+00 
-1.1011260e-04 1.0681199e-04 0.0000000e+00 
-5.3130556e-05 4.2657834e-05 0.0000000e+00 
-1.0032370e-04 7.3550967e-05 0.0000000e+00 
-1.7181039e-05 6.0867518e-05 0.0000000e+00 
-3.4567900e-05 4.2896252e-05 0.0000000e+00 
1.1959579e-05 3.3057760e-05 0.0000000e+00 
-5.4399483e-05 4.2284373e-05 0.0000000e+00 
3.0506402e-05 1.7345883e-05 0.0000000e+00 
1.6137492e-06 -3.0713825e-05 0.0000000e+00 
-4.3434091e-05 9.7457669e-05 0.0000000e+00 
-7.1280170e-05 5.2840915e-05 0.0000000e+00 
1.8148916e-05 -8.5202162e-05 0.0000000e+00 
-3.1564385e-05 -1.9713130e-05 0.0000000e+00 
-2.7786940e-05 5.0522038e-05 0.0000000e+00 
-2.1583214e-04 1.4660275e-04 0.0000000e+00 
-1.5979007e-05 -2.6187394e-05 0.0000000e+00 
-5.1232055e-05 8.3082356e-05 0.0000000e+00 
1.0029064e-04 -1.0164571e-04 0.0000000e+00 
6.3424464e-05 -1.2861844e-04 0.0000000e+00 
2.9569492e-06 -5.5017881e-06 0.0000000e+00 
-2.8648414e-05 1.0595750e-04 0.0000000e+00 
6.2755309e-05 -3.7772115e-05 0.0000000e+00 
-2.6895432e-05 2.3132889e-05 0.0000000e+00 
8.4428117e-05 -4.3345615e-05 0.0000000e+00 
3.6192127e-05 -5.2241609e-05 0.0000000e+00 
4.0618237e-05 -6.4085703e-05 0.0000000e+00 
-4.5876950e-06 -4.8290472e-05 0.0000000e+00 
-1.0480173e-05 -1.5275786e-05 0.0000000e+00 
3.8044527e-07 2.9425137e-06 0.0000000e+00 
1.6385689e-05 -7.8891870e-05 0.0000000e+00 
-9.6699223e-06 1.2861565e-06 0.0000000e+00 
1.6366015e-05 -2.1664426e-05 0.0000000e+00 
3.5317615e-05 2.1066924e-05 0.0000000e+00 
2.4358742e-06 1.4178164e-05 0.0000000e+00 
3.4247525e-05 -1.2877025e-04 0.0000000e+00 
1.1296943e-06 -7.9720281e-05 0.0000000e+00 
-2.8480776e-05 7.5401113e-05 0.0000000e+00 
1.8388964e-06 -2.4787150e-05 0.0000000e+00 
-7.5711869e-06 7.4203126e-07 0.0000000e+00 
-8.2124956e-05 7.0796348e-05 0.0000000e+00 
1.2670550e-04 -1.2672739e-04 0.0000000e+00 
-3.7601567e-06 2.0118081e-05 0.0000000e+00 
-1.0126457e-04 9.5720927e-05 0.0000000e+00 
-2.7689151e-05 9.0468675e-06 0.0000000e+00 
4.9880706e-05 -4.0226616e-05 0.0000000e+00 
6.7266636e-05 -3.4156255e-05 0.0000000e+00 
-5.5020675e-05 5.4899603e-05 0.0000000e+00 
2.1985732e-05 -7.3271804e-05 0.0000000e+00 
-9.8487362e-06 -1.7730985e-05 0.0000000e+00 
4.8862770e-05 -6.7562331e-05 0.0000000e+00 
3.6230311e-05 -6.4041698e-05 0.0000000e+00 
3.4508761e-05 1.2186356e-06 0.0000000e+00 
-2.6389956e-05 8.9779263e-05 0.0000000e+00 
2.5005545e-05 9.2829578e-06 0.0000000e+00 
-1.1323905e-04 4.3040607e-05 0.0000000e+00 
-5.2296557e-05 -1.4528632e-06 0.0000000e+00 
2.5184010e-05 -1.3457611e-07 0.0000000e+00 
1.3233908e-04 -1.4026882e-04 0.0000000e+00 
-6.4512715e-06 -2.7342408e-05 0.0000000e+00 
5.5537093e-05 -6.9038942e-05 0.0000000e+00 
1.6856939e-07 5.6952238e-05 0.0000000e+00 
-2.9095449e-05 4.3084729e-05 0.0000000e+00 
-8.5984357e-06 1.4303769e-05 0.0000000e+00 
1.6343407e-04 -1.3498799e-04 0.0000000e+00 
3.0816533e-05 -1.9541942e-05 0.0000000e+00 
-6.2787905e-05 1.5604962e-04 0.0000000e+00 
1.8870924e-05 -1.9962434e-05 0.0000000e+00 
-8.2529150e-06 3.6184210e-05 0.0000000e+00 
-3.4640543e-06 -1.2754463e-05 0.0000000e+00 
-4.1862018e-05 5.4517062e-05 0.0000000e+00 
2.5175512e-05 1.6098202e-05 0.0000000e+00 
9.2496164e-05 -5.9642363e-05 0.0000000e+00 
-6.5307133e-05 5.6985766e-05 0.0000000e+00 
-1.1259876e-04 1.0165852e-04 0.0000000e+00 
9.1991387e-06 -1.2889039e-05 0.0000000e+00 
-1.4090911e-05 5.9203943e-05 0.0000000e+00 
-2.3013854e-07 3.0443072e-05 0.0000000e+00 
-6.3028187e-05 4.0505547e-05 0.0000000e+00 
8.5861888e-05 -8.7271677e-05 0.0000000e+00 
-3.1702220e-06 -2.9498944e-05 0.0000000e+00 
-1.7206185e-06 -3.0652154e-06 0.0000000e+00 
1.4399760e-05 2.5801593e-05 0.0000000e+00 
3.4402125e-05 -8.4301922e-05 0.0000000e+00 
-1.2866687e-05 -1.4409015e-05 0.0000000e+00 
-2.0267069e-04 1.4878251e-04 0.0000000e+00 
-3.8091093e-06 -3.0304305e-05 0.0000000e+00 
2.5872607e-05 -5.8231875e-05 0.0000000e+00 
-1.2637116e-05 1.1663884e-05 0.0000000e+00 
-3.5276636e-05 2.1860003e-05 0.0000000e+00 
-3.8528815e-05 2.2307504e-05 0.0000000e+00 
-6.2095933e-06 -3.0396041e-07 0.0000000e+00 
2.5927555e-05 -6.9989008e-05 0.0000000e+00 
-6.4936467e-07 -4.8052752e-05 0.0000000e+00 
-1.4751032e-04 1.2446474e-04 0.0000000e+00 
-3.9981445e-05 8.6548738e-05 0.0000000e+00 
-6.1253086e-06 -1.0229647e-05 0.0000000e+00 
-8.7358057e-07 -7.0454553e-06 0.0000000e+00 
2.3569912e-05 -6.0461345e-05 0.0000000e+00 
-1.2013409e-04 1.2983754e-04 0.0000000e+00 
-1.7366372e-05 4.8530288e-05 0.0000000e+00 
-2.9339921e-05 4.5857392e-05 0.0000000e+00 
-8.5737556e-06 -1.9164523e-05 0.0000000e+00 
5.2428921e-05 -7.3090196e-05 0.0000000e+00 
2.5493093e-05 3.8119033e-06 0.0000000e+00 
4.9710507e-05 -5.5421842e-05 0.0000000e+00 
6.4915512e-05 -6.8997964e-05 0.0000000e+00 
4.3064356e-06 -5.4311007e-05 0.0000000e+00 
1.3834285e-04 -8.9962501e-05 0.0000000e+00 
-5.2914023e-05 4.0736981e-05 0.0000000e+00 
3.7203543e-05 -5.3734519e-05 0.0000000e+00 
-4.7635287e-05 1.6877241e-04 0.0000000e+00 
6.4866617e-05 -9.2929229e-05 0.0000000e+00 
-1.2206379e-05 2.9175542e-05 0.0000000e+00 
3.7841965e-05 -5.6945020e-05 0.0000000e+00 
-6.7188405e-05 9.4166026e-06 0.0000000e+00 
2.7265400e-05 -6.4766733e-05 0.0000000e+00 
1.0078680e-04 -1.4768122e-04 0.0000000e+00 
-6.7536952e-05 7.2689960e-05 0.0000000e+00 
-4.4148881e-05 9.6143922e-05 0.0000000e+00 
-4.3105334e-05 8.4394589e-05 0.0000000e+00 
-4.4692773e-05 3.2138545e-05 0.0000000e+00 
7.5287651e-05 -1.6317086e-04 0.0000000e+00 
5.8596488e-05 -6.7264773e-05 0.0000000e+00 
-1.4026882e-04 1.1543557e-04 0.0000000e+00 
1.6130507e-06 -1.1149328e-05 0.0000000e+00 
-3.6638230e-06 -4.7151931e-05 0.0000000e+00 
1.6893144e-05 -5.4798205e-05 0.0000000e+00 
-3.6257319e-05 1.2079952e-05 0.0000000e+00 
2.0535663e-06 4.4531189e-05 0.0000000e+00 
-7.9851598e-06 -2.0166161e-05 0.0000000e+00 
-5.2760355e-05 6.9312751e-05 0.0000000e+00 
1.4034566e-05 -3.4021679e-05 0.0000000e+00 
5.4290053e-05 -5.3493772e-05 0.0000000e+00 
1.1735037e-04 -1.0165107e-04 0.0000000e+00 
-8.1996899e-05 1.6944809e-04 0.0000000e+00 
3.4476165e-05 -6.8130437e-05 0.0000000e+00 
-1.1524837e-04 9.2622358e-05 0.0000000e+00 
-1.5345681e-04 1.3470883e-04 0.0000000e+00 
1.0927580e-04 -9.5487572e-05 0.0000000e+00 
2.8364477e-05 -4.9393624e-05 0.0000000e+00 
-1.1004740e-05 -5.1325187e-06 0.0000000e+00 
-1.1609867e-05 4.1755964e-05 0.0000000e+00 
-2.3534521e-06 6.4313179e-05 0.0000000e+00 
-1.9839965e-05 2.5194138e-05 0.0000000e+00 
3.1046104e-05 -5.5613695e-05 0.0000000e+00 
-7.7794772e-05 1.0071122e-04 0.0000000e+00 
2.0468049e-04 -2.0286301e-04 0.0000000e+00 
-6.1922474e-05 5.5779878e-05 0.0000000e+00 
-2.2856519e-05 -1.8974766e-05 0.0000000e+00 
4.3016393e-05 -1.2968201e-05 0.0000000e+00 
1.3592280e-04 -1.2323167e-04 0.0000000e+00 
1.0816380e-05 3.4128316e-06 0.0000000e+00 
-6.3179992e-05 1.1086185e-04 0.0000000e+00 
4.0958170e-05 -7.7696051e-05 0.0000000e+00 
-8.1374310e-06 2.1917280e-05 0.0000000e+00 
7.4125826e-05 -1.0500784e-04 0.0000000e+00 
-5.3907745e-05 1.4446501e-05 0.0000000e+00 
-4.4289794e-05 6.4692227e-05 0.0000000e+00 
-5.4364558e-05 6.9790520e-05 0.0000000e+00 
-2.4666078e-05 1.0273419e-04 0.0000000e+00 
1.2602285e-04 -1.6103743e-04 0.0000000e+00 
1.2706220e-04 -5.2871648e-05 0.0000000e+00 
7.2834082e-06 -4.5397319e-06 0.0000000e+00 
-3.4626573e-06 -1.4591031e-05 0.0000000e+00 
4.1645952e-05 -9.3828188e-05 0.0000000e+00 
-6.3139014e-05 3.9068982e-05 0.0000000e+00 
-9.5761381e-05 1.0309462e-04 0.0000000e+00 
1.5321653e-05 1.6822014e-06 0.0000000e+00 
-1.5889760e-05 4.7651120e-06 0.0000000e+00 
2.9925257e-05 -6.8795984e-05 0.0000000e+00 
-1.1850148e-05 3.1933188e-05 0.0000000e+00 
7.3509291e-06 -2.2234162e-05 0.0000000e+00 
-6.7205168e-05 1.1646189e-04 0.0000000e+00 
-1.1245674e-04 9.0749003e-05 0.0000000e+00 
-9.5124356e-05 5.1341951e-05 0.0000000e+00 
5.1814364e-05 -1.1660212e-04 0.0000000e+00 
-2.9269606e-05 4.0721614e-05 0.0000000e+00 
-3.1071715e-05 5.7509169e-05 0.0000000e+00 
2.1623448e-05 -1.1543278e-05 0.0000000e+00 
-4.6707690e-05 8.0588274e-05 0.0000000e+00 
-1.7329119e-05 2.3187546e-05 0.0000000e+00 
-1.3928860e-05 -2.3465196e-05 0.0000000e+00 
-4.2044092e-05 5.0391536e-05 0.0000000e+00 
7.8861718e-05 -1.0748720e-04 0.0000000e+00 
1.1993852e-04 -8.4664673e-05 0.0000000e+00 
2.7716160e-06 -2.4333131e-05 0.0000000e+00 
-9.1637485e-05 3.5334378e-05 0.0000000e+00 
-6.5117842e-05 8.9688459e-05 0.0000000e+00 
6.9897622e-05 -1.4638435e-04 0.0000000e+00 
2.2739638e-05 -1.6496517e-05 0.0000000e+00 
1.4579110e-04 -1.8874090e-04 0.0000000e+00 
5.1466748e-05 1.4817342e-05 0.0000000e+00 
2.4158508e-05 -3.6673038e-05 0.0000000e+00 
-3.2404903e-05 1.2498349e-05 0.0000000e+00 
-6.8234280e-05 6.0276827e-05 0.0000000e+00 
2.6262831e-05 -4.6907924e-05 0.0000000e+00 
-8.7603461e-05 1.1649821e-04 0.0000000e+00 
4.3399632e-07 1.2042001e-05 0.0000000e+00 
8.0936123e-05 -8.1907026e-05 0.0000000e+00 
-2.8853305e-05 3.4146942e-06 0.0000000e+00 
-1.4220178e-04 1.6929768e-04 0.0000000e+00 
-6.2560663e-05 8.4800951e-05 0.0000000e+00 
2.9683579e-06 -6.1040046e-05 0.0000000e+00 
7.9058576e-05 -9.3955547e-05 0.0000000e+00 
-3.7332065e-06 5.7956204e-06 0.0000000e+00 
-2.9329211e-05 3.9389823e-05 0.0000000e+00 
-2.6307069e-05 1.0032207e-04 0.0000000e+00 
1.3507088e-05 3.9241859e-05 0.0000000e+00 
-4.9913302e-05 9.2638656e-05 0.0000000e+00 
-1.6494188e-04 1.7475896e-04 0.0000000e+00 
6.2398612e-06 2.7697533e-06 0.0000000e+00 
-2.5623944e-05 -7.1575865e-05 0.0000000e+00 
-8.3809718e-06 -5.6670047e-05 0.0000000e+00 
2.3750559e-05 -1.4232355e-05 0.0000000e+00 
2.0647235e-04 -2.2226619e-04 0.0000000e+00 
1.6189180e-05 4.2670406e-05 0.0000000e+00 
-4.4878107e-05 5.7066325e-05 0.0000000e+00 
2.9054470e-05 1.6941689e-05 0.0000000e+00 
2.3103319e-05 -4.4814311e-05 0.0000000e+00 
-3.3988152e-05 5.1553361e-06 0.0000000e+00 
2.2256747e-05 -3.4575816e-05 0.0000000e+00 
-2.2335909e-05 2.2485096e-05 0.0000000e+00 
1.9941479e-05 -3.7302263e-05 0.0000000e+00 
8.0983154e-06 -5.8412552e-06 0.0000000e+00 
3.2052398e-05 -3.9798062e-05 0.0000000e+00 
-4.3525361e-05 6.8368157e-05 0.0000000e+00 
7.2183087e-05 -4.2620115e-05 0.0000000e+00 
2.7331989e-05 -6.1618979e-05 0.0000000e+00 
5.8743870e-05 -8.6193439e-05 0.0000000e+00 
1.6868347e-04 -1.6076211e-04 0.0000000e+00 
4.5243185e-05 6.7148358e-07 0.0000000e+00 
4.1045016e-05 -1.0868115e-04 0.0000000e+00 
-2.7398113e-05 -1.8720049e-05 0.0000000e+00 
-1.8113758e-04 1.9786332e-04 0.0000000e+00 
-2.8707087e-05 5.9355982e-05 0.0000000e+00 
2.4429290e-05 -7.6140277e-06 0.0000000e+00 
-2.1596265e-05 -4.1513005e-05 0.0000000e+00 
1.7415732e-05 -2.5598332e-05 0.0000000e+00 
-4.3695327e-05 5.6645833e-05 0.0000000e+00 
1.2779981e-04 -6.5499451e-05 0.0000000e+00 
4.2310916e-05 -3.1053554e-05 0.0000000e+00 
-8.9742243e-05 3.1283125e-05 0.0000000e+00 
2.2562221e-05 -4.8808288e-05 0.0000000e+00 
-2.7609058e-05 1.3131648e-07 0.0000000e+00 
-2.3797620e-05 6.8394467e-05 0.0000000e+00 
-7.4477866e-05 1.0118214e-04 0.0000000e+00 
2.4084933e-05 -7.0724054e-05 0.0000000e+00 
1.8966850e-05 -4.4889748e-07 0.0000000e+00 
6.0908496e-07 7.2990078e-06 0.0000000e+00 
-4.8546586e-05 6.9115777e-05 0.0000000e+00 
3.7740916e-05 -3.3684773e-05 0.0000000e+00 
5.6610443e-05 -9.8691322e-05 0.0000000e+00 
-4.2742351e-05 4.3475069e-05 0.0000000e+00 
-4.3846667e-05 1.0003266e-04 0.0000000e+00 
2.1960586e-05 -3.5621226e-05 0.0000000e+00 
-2.1434855e-05 8.2466744e-05 0.0000000e+00 
-9.5908064e-05 7.3140254e-05 0.0000000e+00 
-3.3903867e-05 1.6048085e-05 0.0000000e+00 
7.4959360e-05 -6.6709705e-05 0.0000000e+00 
-1.3082847e-04 8.9450157e-05 0.0000000e+00 
-5.9661455e-05 1.0215968e-04 0.0000000e+00 
4.1246414e-05 -5.3892843e-05 0.0000000e+00 
3.2052398e-05 7.1930699e-06 0.0000000e+00 
1.8496998e-05 -2.3614615e-05 0.0000000e+00 
3.7679449e-05 -9.6610747e-06 0.0000000e+00 
-5.8080535e-05 2.5850255e-05 0.0000000e+00 
-1.0746531e-05 1.2439676e-05 0.0000000e+00 
4.6333298e-05 -2.8989278e-05 0.0000000e+00 
2.5042333e-05 -2.6912428e-05 0.0000000e+00 
-5.8161095e-07 -4.1922554e-05 0.0000000e+00 
4.6617613e-05 -8.9464826e-05 0.0000000e+00 
-5.2249525e-05 8.0865342e-05 0.0000000e+00 
-1.4245510e-05 1.8057879e-05 0.0000000e+00 
-3.1534582e-06 -1.4732592e-05 0.0000000e+00 
-1.2871809e-05 -1.4002668e-05 0.0000000e+00 
-5.1784795e-05 2.5830115e-05 0.0000000e+00 
-1.7139874e-04 1.6483478e-04 0.0000000e+00 
1.7516594e-04 -1.2631295e-04 0.0000000e+00 
-5.7332218e-06 8.9411915e-06 0.0000000e+00 
6.7396089e-05 -6.7369081e-05 0.0000000e+00 
4.4849701e-05 -1.7389306e-05 0.0000000e+00 
5.5183191e-05 -3.4528784e-06 0.0000000e+00 
5.7443976e-06 7.7085570e-06 0.0000000e+00 
-4.7357753e-05 6.6758133e-05 0.0000000e+00 
1.6887672e-05 -1.9809231e-05 0.0000000e+00 
-3.9716251e-05 2.9760500e-05 0.0000000e+00 
9.3495473e-06 -6.8082270e-05 0.0000000e+00 
6.0414895e-06 4.9169175e-06 0.0000000e+00 
1.9414816e-05 -1.0055350e-04 0.0000000e+00 
-1.2831949e-04 8.1812497e-05 0.0000000e+00 
1.7920882e-04 -1.6757566e-04 0.0000000e+00 
3.3453107e-06 -2.0961743e-05 0.0000000e+00 
2.1105116e-05 -1.0538148e-05 0.0000000e+00 
7.7686273e-06 9.3146227e-06 0.0000000e+00 
1.8920749e-05 -3.6854763e-05 0.0000000e+00 
2.8498471e-05 -9.6539035e-05 0.0000000e+00 
-1.0857824e-04 5.8681704e-05 0.0000000e+00 
7.3830597e-06 1.1391006e-05 0.0000000e+00 
-7.0719980e-05 1.9019563e-04 0.0000000e+00 
-1.2953859e-04 1.2983487e-04 0.0000000e+00 
-9.6655451e-05 6.0999766e-05 0.0000000e+00 
2.1014363e-05 -3.2618642e-05 0.0000000e+00 
2.2059307e-05 -6.4631691e-05 0.0000000e+00 
4.5753550e-05 -8.0539845e-05 0.0000000e+00 
-2.4135807e-05 3.7779915e-05 0.0000000e+00 
2.3106113e-06 -1.5388243e-05 0.0000000e+00 
1.0071788e-04 -5.6144781e-05 0.0000000e+00 
1.0731630e-05 -2.6172493e-05 0.0000000e+00 
9.0245157e-07 2.0693406e-05 0.0000000e+00 
1.8708594e-04 -1.6124849e-04 0.0000000e+00 
-1.2841308e-05 2.8813505e-05 0.0000000e+00 
-3.8065948e-05 7.4240379e-05 0.0000000e+00 
2.1314481e-04 -1.5461864e-04 0.0000000e+00 
2.5423244e-05 -4.3934211e-05 0.0000000e+00 
9.0085901e-05 -5.5882148e-05 0.0000000e+00 
-2.0859938e-05 7.5000804e-05 0.0000000e+00 
2.3311004e-05 -1.4772639e-05 0.0000000e+00 
-2.0162901e-05 -5.8963662e-05 0.0000000e+00 
-2.6030000e-05 8.2450686e-05 0.0000000e+00 
-5.2787364e-06 3.7561636e-05 0.0000000e+00 
1.2332574e-05 -8.9562498e-05 0.0000000e+00 
-9.2974864e-05 1.1587748e-04 0.0000000e+00 
7.1362127e-05 -5.9040962e-05 0.0000000e+00 
-2.9671472e-05 3.4379307e-05 0.0000000e+00 
-1.2979843e-05 1.3867393e-05 0.0000000e+00 
-1.7617829e-05 3.6397949e-05 0.0000000e+00 
-1.4353544e-04 1.2940075e-04 0.0000000e+00 
-1.2998935e-05 4.3059699e-06 0.0000000e+00 
-5.0291419e-08 -6.5959990e-05 0.0000000e+00 
3.2931566e-06 -1.3677869e-05 0.0000000e+00 
-4.3429900e-06 -1.5696744e-05 0.0000000e+00 
-1.6108155e-05 2.8409529e-05 0.0000000e+00 
7.5902790e-07 6.0189050e-06 0.0000000e+00 
-1.0025688e-06 -6.7777553e-05 0.0000000e+00 
-8.2731247e-05 5.9877522e-05 0.0000000e+00 
2.8640963e-05 -7.5396150e-05 0.0000000e+00 
-9.8080840e-05 1.0832679e-05 0.0000000e+00 
1.9523315e-04 -1.9356096e-04 0.0000000e+00 
1.8644147e-05 5.7390542e-05 0.0000000e+00 
-3.7386082e-05 1.9954517e-05 0.0000000e+00 
-9.7064301e-05 1.1036126e-04 0.0000000e+00 
4.5361288e-05 -8.9411915e-05 0.0000000e+00 
-1.6306899e-04 1.1782348e-04 0.0000000e+00 
6.9215894e-06 -1.6821316e-05 0.0000000e+00 
-5.4609030e-05 1.7747516e-04 0.0000000e+00 
4.4345390e-05 -6.1930856e-05 0.0000000e+00 
5.1273964e-05 -7.8434823e-05 0.0000000e+00 
-5.1566400e-05 9.1903377e-05 0.0000000e+00 
4.5851804e-05 -7.8658806e-05 0.0000000e+00 
1.4447607e-05 1.1739554e-05 0.0000000e+00 
-3.5907142e-06 5.1790383e-05 0.0000000e+00 
1.6290171e-05 -8.6365268e-05 0.0000000e+00 
-7.7819917e-05 1.1095125e-04 0.0000000e+00 
2.1739863e-05 3.5078730e-05 0.0000000e+00 
-2.7441047e-04 1.9063614e-04 0.0000000e+00 
6.5605156e-05 -6.9503207e-05 0.0000000e+00 
-3.3010263e-05 2.9439107e-05 0.0000000e+00 
7.8001991e-05 -1.0645017e-04 0.0000000e+00 
-3.8729049e-05 8.2056737e-05 0.0000000e+00 
2.0669214e-04 -2.0036055e-04 0.0000000e+00 
2.2103079e-05 -3.1323172e-05 0.0000000e+00 
-8.1055332e-06 1.4874619e-05 0.0000000e+00 
-2.4606939e-05 -2.7326401e-05 0.0000000e+00 
-6.7994930e-05 6.6856839e-05 0.0000000e+00 
-2.6929658e-05 3.6214944e-05 0.0000000e+00 
2.0426698e-05 -9.8072924e-06 0.0000000e+00 
6.1035156e-05 -3.0458905e-06 0.0000000e+00 
-6.0694292e-06 -3.7239864e-05 0.0000000e+00 
-1.0096282e-04 7.0116483e-05 0.0000000e+00 
-2.5738962e-05 -7.5437129e-08 0.0000000e+00 
-9.4495714e-05 3.0836556e-05 0.0000000e+00 
-3.5374425e-05 8.7361550e-05 0.0000000e+00 
3.7033111e-05 -4.8355199e-05 0.0000000e+00 
9.9889934e-05 -1.5519187e-04 0.0000000e+00 
-6.3544707e-05 9.8349061e-05 0.0000000e+00 
1.0413583e-05 1.6613747e-05 0.0000000e+00 
-1.4756899e-04 1.6171299e-04 0.0000000e+00 
6.3104555e-05 -6.0462626e-05 0.0000000e+00 
-7.5523742e-05 9.5271040e-05 0.0000000e+00 
2.3084693e-05 -3.1523290e-05 0.0000000e+00 
1.4487887e-05 -4.1738502e-05 0.0000000e+00 
7.0603564e-06 -4.2701722e-05 0.0000000e+00 
2.1252781e-06 1.8309802e-06 0.0000000e+00 
2.7277740e-05 -1.0527484e-04 0.0000000e+00 
9.7807497e-06 -9.1821712e-06 0.0000000e+00 
4.4004060e-05 -4.2790547e-05 0.0000000e+00 
-4.0051993e-05 -4.0023588e-06 0.0000000e+00 
9.1791153e-06 2.6249327e-06 0.0000000e+00 
2.6148977e-04 -2.1100603e-04 0.0000000e+00 
6.1122701e-06 9.0172049e-05 0.0000000e+00 
4.2441301e-05 -2.2633933e-05 0.0000000e+00 
1.5881611e-04 -1.7817691e-04 0.0000000e+00 
-3.8024504e-05 4.3498352e-05 0.0000000e+00 
-6.9555826e-06 -1.6971026e-06 0.0000000e+00 
-7.0684589e-05 1.8993369e-04 0.0000000e+00 
-1.3406388e-06 6.5686181e-06 0.0000000e+00 
4.0768995e-05 -1.1739187e-04 0.0000000e+00 
-8.9542009e-06 -3.3175340e-05 0.0000000e+00 
4.5213848e-05 1.4407560e-05 0.0000000e+00 
-3.6125071e-05 4.9191061e-05 0.0000000e+00 
2.1107495e-05 -4.1067600e-05 0.0000000e+00 
1.1227094e-04 -6.0539693e-05 0.0000000e+00 
-3.2809563e-05 3.9933948e-06 0.0000000e+00 
6.9597736e-05 -1.9730534e-05 0.0000000e+00 
-6.4793508e-05 7.3961914e-05 0.0000000e+00 
-5.8822334e-06 3.9295293e-05 0.0000000e+00 
-3.9399602e-05 1.1287373e-04 0.0000000e+00 
5.3554773e-05 -9.4658230e-05 0.0000000e+00 
8.7508932e-05 -9.1482885e-05 0.0000000e+00 
1.3893470e-05 1.0316377e-05 0.0000000e+00 
1.4183111e-05 1.5686033e-05 0.0000000e+00 
-3.1105243e-05 -4.1294843e-06 0.0000000e+00 
-2.8506853e-05 8.0335885e-06 0.0000000e+00 
4.4219196e-06 -1.0721851e-05 0.0000000e+00 
1.0985322e-04 -3.6601443e-05 0.0000000e+00 
-6.4157881e-05 2.0345673e-05 0.0000000e+00 
-8.9798588e-05 1.0076514e-04 0.0000000e+00 
-2.3073517e-06 -5.0188042e-05 0.0000000e+00 
-1.0020146e-04 8.2775485e-05 0.0000000e+00 
1.1917204e-05 5.7463010e-05 0.0000000e+00 
-2.4723448e-04 1.8737582e-04 0.0000000e+00 
4.0417071e-05 -1.0456657e-05 0.0000000e+00 
-4.4705812e-06 -4.3954235e-05 0.0000000e+00 
-4.1656196e-05 -1.7659273e-05 0.0000000e+00 
-3.9555132e-05 5.7940837e-05 0.0000000e+00 
-2.3570377e-05 3.9608451e-05 0.0000000e+00 
-6.5424480e-05 6.3826330e-05 0.0000000e+00 
2.7867398e-05 -3.4811557e-05 0.0000000e+00 
-1.2448430e-04 5.8170874e-05 0.0000000e+00 
5.2237418e-05 -5.2614138e-05 0.0000000e+00 
4.4296496e-05 -6.0133170e-05 0.0000000e+00 
4.1374937e-05 1.1526980e-05 0.0000000e+00 
1.4984980e-06 -6.1804429e-05 0.0000000e+00 
8.7432563e-06 3.5123434e-05 0.0000000e+00 
2.0350795e-05 -9.5613243e-05 0.0000000e+00 
2.5537889e-04 -1.6846787e-04 0.0000000e+00 
-1.2012199e-05 2.3395289e-05 0.0000000e+00 
7.2452705e-05 -1.3254071e-04 0.0000000e+00 
-9.1921538e-05 2.4609873e-04 0.0000000e+00 
-1.3142126e-06 3.8009639e-05 0.0000000e+00 
5.4161996e-05 -1.0643154e-05 0.0000000e+00 
-1.2126751e-05 2.3600296e-05 0.0000000e+00 
-8.0110040e-06 7.2683441e-05 0.0000000e+00 
4.6719797e-06 -5.6196237e-05 0.0000000e+00 
2.9399060e-05 -5.1167561e-05 0.0000000e+00 
-4.1201711e-05 4.0346757e-05 0.0000000e+00 
-2.1590851e-05 6.4317312e-05 0.0000000e+00 
1.8843915e-05 -1.0333268e-04 0.0000000e+00 
1.2085773e-05 -2.4380162e-05 0.0000000e+00 
3.5669655e-06 -4.7376379e-05 0.0000000e+00 
7.4105337e-06 -3.0517578e-05 0.0000000e+00 
1.1476281e-05 -4.8194546e-05 0.0000000e+00 
-4.0694140e-05 7.5194985e-05 0.0000000e+00 
-1.8596184e-05 -2.4102163e-05 0.0000000e+00 
-8.1624603e-05 8.4124622e-05 0.0000000e+00 
2.0344742e-06 6.1258208e-05 0.0000000e+00 
6.7694113e-05 -7.8632496e-05 0.0000000e+00 
-1.1342019e-04 1.6357424e-04 0.0000000e+00 
2.3851171e-06 -2.1603424e-05 0.0000000e+00 
-8.5417181e-05 7.5768214e-05 0.0000000e+00 
2.1040440e-05 -4.1275169e-05 0.0000000e+00 
-8.1840903e-05 5.4035336e-05 0.0000000e+00 
-3.7161633e-05 2.0858133e-05 0.0000000e+00 
3.1088013e-05 -6.1110826e-05 0.0000000e+00 
-1.6010366e-05 4.5908615e-05 0.0000000e+00 
4.4737011e-05 -7.0917420e-05 0.0000000e+00 
1.5373807e-05 7.2709518e-05 0.0000000e+00 
1.0165974e-04 3.4976541e-03 0.0000000e+00 
-1.0247715e-04 1.1230353e-04 0.0000000e+00 
4.5699999e-05 -8.2399696e-05 0.0000000e+00 
-8.0212019e-05 5.5060256e-05 0.0000000e+00 
-1.0155141e-05 -4.3974316e-05 0.0000000e+00 
4.4770539e-05 -1.0317541e-04 0.0000000e+00 
-4.3893931e-05 5.9649814e-05 0.0000000e+00 
1.2210663e-04 -1.1814665e-04 0.0000000e+00 
1.4790334e-05 -7.1981922e-06 0.0000000e+00 
2.7267262e-05 -1.7097220e-05 0.0000000e+00 
1.2340024e-08 7.2002877e-07 0.0000000e+00 
1.0518730e-04 -1.1386955e-04 0.0000000e+00 
-5.9287064e-05 1.4560902e-04 0.0000000e+00 
-4.3803826e-05 4.5498833e-05 0.0000000e+00 
6.1353669e-05 -6.3888729e-05 0.0000000e+00 
1.0956614e-04 -5.1802560e-04 0.0000000e+00 
7.7225268e-06 3.2819808e-06 0.0000000e+00 
2.0209746e-04 -4.9487222e-05 0.0000000e+00 
1.1889380e-04 -1.7967005e-04 0.0000000e+00 
-2.9688235e-05 1.5664613e-05 0.0000000e+00 
-3.7927181e-05 1.6144686e-04 0.0000000e+00 
-2.0179898e-04 2.3063924e-04 0.0000000e+00 
-3.4971163e-07 -4.9208757e-06 0.0000000e+00 
1.6900059e-04 -1.7520739e-04 0.0000000e+00 
7.6731667e-06 -2.0097941e-06 0.0000000e+00 
2.5285874e-05 -1.0401104e-04 0.0000000e+00 
-1.3896264e-05 2.5765039e-06 0.0000000e+00 
-9.0169255e-05 1.3043615e-04 0.0000000e+00 
2.3990171e-05 -8.6981279e-05 0.0000000e+00 
-2.8755516e-05 4.2085070e-05 0.0000000e+00 
1.5987083e-05 -3.6707614e-05 0.0000000e+00 
1.0435935e-05 -1.0067198e-02 0.0000000e+00 
-3.4705736e-05 1.4275312e-05 0.0000000e+00 
-2.4611084e-04 1.2452493e-04 0.0000000e+00 
3.7076883e-05 -4.3520704e-05 0.0000000e+00 
-2.4579931e-05 2.1278975e-05 0.0000000e+00 
-1.0802411e-05 -3.9167702e-05 0.0000000e+00 
6.8124384e-05 -1.0213628e-04 0.0000000e+00 
-3.6324374e-05 3.2991637e-05 0.0000000e+00 
-7.7277422e-05 1.8251623e-04 0.0000000e+00 
6.0263919e-06 -4.1255960e-05 0.0000000e+00 
1.4702883e-04 -1.1278921e-02 0.0000000e+00 
-7.5375661e-05 6.6083856e-05 0.0000000e+00 
-2.2432767e-05 1.8191524e-05 0.0000000e+00 
2.9131770e-06 -2.3975037e-05 0.0000000e+00 
8.5365027e-05 -6.4560212e-05 0.0000000e+00 
-1.2479722e-06 -2.4039240e-05 0.0000000e+00 
4.2803586e-06 4.3775653e-05 0.0000000e+00 
-6.0535502e-05 4.3653650e-05 0.0000000e+00 
5.2526593e-06 2.8850511e-05 0.0000000e+00 
4.4145621e-05 -8.9240493e-05 0.0000000e+00 
-8.3406456e-05 5.6961784e-05 0.0000000e+00 
2.3148023e-05 -7.3196366e-05 0.0000000e+00 
3.6116689e-06 1.9496772e-05 0.0000000e+00 
-2.3088418e-05 3.0602328e-05 0.0000000e+00 
1.5190803e-05 8.7730587e-06 0.0000000e+00 
-3.1605363e-05 -3.0277297e-06 0.0000000e+00 
3.3849850e-05 -7.5263539e-03 0.0000000e+00 
7.7581033e-05 -4.7717709e-05 0.0000000e+00 
4.6730042e-05 -9.1460533e-05 0.0000000e+00 
-1.8721505e-05 2.6847876e-05 0.0000000e+00 
1.3515353e-05 -7.1891118e-05 0.0000000e+00 
-3.4205616e-05 -1.0472722e-05 0.0000000e+00 
3.3620745e-06 1.1594966e-05 0.0000000e+00 
6.8817288e-05 -9.7825192e-05 0.0000000e+00 
1.1173775e-05 -1.9491417e-05 0.0000000e+00 
-3.5743229e-05 7.1106479e-07 0.0000000e+00 
-4.0146755e-05 1.6354956e-05 0.0000000e+00 
-3.4368597e-05 2.0996667e-05 0.0000000e+00 
-9.4142742e-05 2.1105213e-04 0.0000000e+00 
3.5240315e-05 -7.5961882e-04 0.0000000e+00 
2.9690564e-05 -1.5011057e-05 0.0000000e+00 
2.9713847e-06 4.2790198e-06 0.0000000e+00 
-3.7536956e-06 -6.5704808e-07 0.0000000e+00 
-3.7866645e-05 4.9135182e-05 0.0000000e+00 
-1.4886435e-05 1.7249724e-05 0.0000000e+00 
2.9201154e-05 -6.4608175e-05 0.0000000e+00 
-2.3204833e-05 2.9898714e-05 0.0000000e+00 
4.6650879e-05 1.9517727e-05 0.0000000e+00 
5.1643816e-05 -6.6804161e-05 0.0000000e+00 
-7.8789890e-07 -3.3233780e-05 0.0000000e+00 
-5.8505684e-06 2.0059873e-05 0.0000000e+00 
4.7661364e-05 8.2591856e-03 0.0000000e+00 
1.5464704e-04 -1.0535354e-04 0.0000000e+00 
-7.7422708e-05 1.0232814e-04 0.0000000e+00 
-2.9266346e-05 4.3445034e-05 0.0000000e+00 
2.8237700e-05 1.0265037e-05 0.0000000e+00 
-1.0500662e-05 1.1451542e-05 0.0000000e+00 
-1.1799857e-06 3.1427480e-05 0.0000000e+00 
1.6826671e-05 -1.8441235e-05 0.0000000e+00 
-2.9686838e-05 5.4953154e-05 0.0000000e+00 
9.7868033e-06 -5.2751042e-05 0.0000000e+00 
-3.1774980e-06 3.6834972e-06 0.0000000e+00 
-3.9478764e-05 5.2307732e-05 0.0000000e+00 
1.3154373e-04 -1.0411162e-04 0.0000000e+00 
8.5406937e-06 4.4265296e-05 0.0000000e+00 
5.3844415e-05 1.9091377e-02 0.0000000e+00 
-9.8050572e-05 1.6749976e-04 0.0000000e+00 
-4.3233857e-05 3.7093181e-05 0.0000000e+00 
-2.6576221e-05 2.1895394e-05 0.0000000e+00 
-1.8505380e-05 -1.9813888e-05 0.0000000e+00 
-4.7453679e-05 7.6006283e-05 0.0000000e+00 
-2.2082124e-05 8.1998063e-05 0.0000000e+00 
2.7096830e-05 -8.7214867e-05 0.0000000e+00 
2.8112903e-05 -6.0169725e-05 0.0000000e+00 
2.0364765e-05 -8.9337118e-06 0.0000000e+00 
-6.2067877e-05 9.7884447e-05 0.0000000e+00 
4.9738213e-05 -8.2768500e-05 0.0000000e+00 
1.1053029e-04 3.1131428e-02 0.0000000e+00 
-9.6982345e-05 8.4199011e-05 0.0000000e+00 
5.4626726e-05 -1.2464460e-04 0.0000000e+00 
4.7737267e-06 1.1853059e-05 0.0000000e+00 
-2.3380853e-05 -7.8501180e-06 0.0000000e+00 
2.8124778e-06 9.3096169e-06 0.0000000e+00 
1.6829278e-04 -1.2288895e-04 0.0000000e+00 
-8.9915004e-05 2.3019616e-04 0.0000000e+00 
-1.7546117e-06 6.8631023e-05 0.0000000e+00 
1.0245852e-04 -6.0091261e-05 0.0000000e+00 
-1.1346536e-05 1.5977188e-05 0.0000000e+00 
-1.6449485e-05 6.8363734e-06 0.0000000e+00 
2.1607615e-05 4.4404116e-02 0.0000000e+00 
3.3610035e-05 -1.2677698e-04 0.0000000e+00 
4.4559594e-05 -7.4368902e-05 0.0000000e+00 
-2.0047883e-05 5.1436946e-05 0.0000000e+00 
1.0554027e-04 -1.0465551e-04 0.0000000e+00 
2.8872862e-05 -2.5225803e-05 0.0000000e+00 
3.2503158e-06 -3.7338585e-05 0.0000000e+00 
8.5622014e-05 -1.7226208e-04 0.0000000e+00 
-9.7958371e-05 1.2018718e-04 0.0000000e+00 
2.6613474e-05 3.4390483e-05 0.0000000e+00 
-4.9964525e-05 -2.7474016e-06 0.0000000e+00 
7.0387032e-06 -5.5917772e-05 0.0000000e+00 
-1.3606332e-05 8.5918873e-07 0.0000000e+00 
-7.8804791e-05 3.5073608e-05 0.0000000e+00 
-2.8405339e-05 5.8393989e-02 0.0000000e+00 
-4.0429644e-05 8.9254230e-05 0.0000000e+00 
-2.9674266e-05 4.2539556e-05 0.0000000e+00 
-6.4896885e-06 -8.1983686e-05 0.0000000e+00 
-3.2417011e-05 3.8783532e-05 0.0000000e+00 
-7.6089986e-05 -3.7899008e-05 0.0000000e+00 
5.1874667e-06 -1.1327909e-05 0.0000000e+00 
1.5151687e-05 -3.5950448e-05 0.0000000e+00 
5.1446259e-06 -6.3050538e-07 0.0000000e+00 
-4.3922104e-05 -3.5415404e-05 0.0000000e+00 
-9.5618889e-06 4.1810330e-05 0.0000000e+00 
5.3169206e-06 -2.7269125e-06 0.0000000e+00 
-6.3355954e-05 8.5774693e-05 0.0000000e+00 
1.4469028e-04 7.2793908e-02 0.0000000e+00 
-9.2811417e-05 1.4644675e-04 0.0000000e+00 
2.2927299e-05 5.3364784e-07 0.0000000e+00 
3.8888305e-05 -3.1396630e-05 0.0000000e+00 
5.1148236e-06 -6.9545582e-05 0.0000000e+00 
1.3547298e-04 -6.5979548e-05 0.0000000e+00 
-5.4798089e-05 2.9692426e-05 0.0000000e+00 
3.5320409e-06 -1.1127035e-05 0.0000000e+00 
2.4853274e-05 -6.9385860e-05 0.0000000e+00 
7.6834112e-08 7.4781012e-05 0.0000000e+00 
3.0502211e-05 8.7880343e-02 0.0000000e+00 
-6.5958127e-05 6.7855231e-05 0.0000000e+00 
1.3294630e-05 -5.7660043e-05 0.0000000e+00 
-2.0127278e-05 3.1602569e-05 0.0000000e+00 
-1.1487585e-04 2.6836270e-04 0.0000000e+00 
-5.1004812e-05 2.2421591e-05 0.0000000e+00 
-5.7864527e-06 -1.2013479e-05 0.0000000e+00 
2.2183638e-05 -4.6393834e-06 0.0000000e+00 
-5.5521727e-05 4.2330474e-05 0.0000000e+00 
1.1554919e-05 6.2786043e-05 0.0000000e+00 
3.0792318e-05 -1.5342608e-04 0.0000000e+00 
1.5716185e-05 -5.1241252e-05 0.0000000e+00 
-2.6020687e-05 1.0321298e-01 0.0000000e+00 
4.0298328e-05 -1.4067278e-05 0.0000000e+00 
4.0718354e-05 3.6358833e-06 0.0000000e+00 
1.3643876e-06 4.4733053e-05 0.0000000e+00 
2.1635555e-05 3.9546750e-05 0.0000000e+00 
3.2731798e-05 -8.1454869e-05 0.0000000e+00 
2.1800166e-05 -4.6449015e-05 0.0000000e+00 
-1.8591993e-05 -6.9466303e-05 0.0000000e+00 
7.1576331e-05 -1.0428391e-04 0.0000000e+00 
-7.0720911e-05 1.3824925e-04 0.0000000e+00 
1.0769069e-04 -1.3479358e-04 0.0000000e+00 
-8.8921515e-06 -2.4546811e-05 0.0000000e+00 
-8.7618828e-06 1.2086006e-05 0.0000000e+00 
1.3795681e-04 1.1857668e-01 0.0000000e+00 
2.0149164e-05 2.3746397e-06 0.0000000e+00 
6.2361360e-05 -4.3597072e-05 0.0000000e+00 
-4.9720518e-05 3.4749857e-05 0.0000000e+00 
-4.1093677e-05 1.6164035e-05 0.0000000e+00 
8.1588514e-05 -9.9564902e-05 0.0000000e+00 
-4.0859915e-05 8.2454411e-05 0.0000000e+00 
1.6329158e-04 -2.2587366e-04 0.0000000e+00 
-6.3209562e-05 8.4451400e-05 0.0000000e+00 
-6.6280365e-05 5.5172481e-05 0.0000000e+00 
-1.1643860e-04 1.2266077e-04 0.0000000e+00 
-2.8038397e-05 4.3750857e-05 0.0000000e+00 
2.4786103e-05 -6.1703613e-05 0.0000000e+00 
6.2262174e-05 1.3424888e-01 0.0000000e+00 
4.0277839e-05 -3.8126949e-05 0.0000000e+00 
-3.3298042e-05 3.3113291e-05 0.0000000e+00 
4.4366345e-05 -8.7687746e-05 0.0000000e+00 
6.0777180e-05 -4.9578026e-05 0.0000000e+00 
-9.8214019e-05 2.9182690e-04 0.0000000e+00 
2.6109628e-06 -1.5656755e-05 0.0000000e+00 
-7.1481802e-05 7.7102333e-05 0.0000000e+00 
-3.9804261e-05 4.0544663e-05 0.0000000e+00 
3.0919909e-06 -3.9238483e-05 0.0000000e+00 
2.5873072e-05 1.4995882e-01 0.0000000e+00 
2.8032809e-07 -1.2024178e-04 0.0000000e+00 
4.5964029e-05 -5.1275012e-05 0.0000000e+00 
7.6726545e-05 -1.2122374e-04 0.0000000e+00 
-8.3607389e-05 1.4094828e-04 0.0000000e+00 
2.4154782e-05 -1.0005967e-04 0.0000000e+00 
-7.8990124e-06 -2.2474211e-05 0.0000000e+00 
3.0698022e-05 -7.5019023e-05 0.0000000e+00 
-1.1960045e-05 -1.0440126e-05 0.0000000e+00 
-9.1012567e-05 1.0375865e-04 0.0000000e+00 
-1.5619211e-05 -1.6698614e-06 0.0000000e+00 
1.9577798e-05 1.6562593e-01 0.0000000e+00 
-2.2061169e-05 2.2284687e-05 0.0000000e+00 
-2.0693988e-05 -4.2651314e-05 0.0000000e+00 
-5.1273732e-05 5.9636775e-05 0.0000000e+00 
2.0346371e-05 -1.0488322e-05 0.0000000e+00 
2.0505395e-05 -9.7334967e-05 0.0000000e+00 
-1.1298200e-04 1.2997910e-04 0.0000000e+00 
5.6729317e-05 -8.6080108e-05 0.0000000e+00 
-4.8754271e-05 9.0721063e-05 0.0000000e+00 
5.0879084e-05 -3.0270778e-05 0.0000000e+00 
-6.1560422e-05 3.3959746e-05 0.0000000e+00 
-1.5696511e-05 5.9639569e-06 0.0000000e+00 
-1.6853213e-05 -4.3734908e-06 0.0000000e+00 
9.7114127e-05 1.8120879e-01 0.0000000e+00 
2.5529182e-05 3.3969991e-05 0.0000000e+00 
1.0238308e-04 -1.0310486e-04 0.0000000e+00 
-1.6043894e-05 2.6361085e-05 0.0000000e+00 
3.4664990e-05 -7.0955604e-05 0.0000000e+00 
-5.8818841e-05 9.9517172e-05 0.0000000e+00 
2.5817193e-05 -2.7569477e-05 0.0000000e+00 
-4.9837399e-05 8.3735678e-05 0.0000000e+00 
1.6698614e-05 4.7235284e-05 0.0000000e+00 
1.4562625e-05 1.9678813e-01 0.0000000e+00 
2.8664246e-05 -3.3252873e-05 0.0000000e+00 
-2.5146641e-05 2.6987283e-05 0.0000000e+00 
-7.6619443e-05 2.2658240e-04 0.0000000e+00 
-8.7393913e-05 3.3364166e-05 0.0000000e+00 
-1.4437363e-05 -1.4872290e-05 0.0000000e+00 
-5.5441633e-05 7.2965398e-05 0.0000000e+00 
-1.7790357e-05 -1.8745428e-05 0.0000000e+00 
1.2136064e-05 -4.1930471e-05 0.0000000e+00 
-3.2897107e-05 4.0928135e-05 0.0000000e+00 
1.2176298e-04 -1.2484659e-04 0.0000000e+00 
1.3295840e-04 2.1218129e-01 0.0000000e+00 
6.2306877e-05 -1.5590945e-04 0.0000000e+00 
3.5326928e-05 -1.2336666e-04 0.0000000e+00 
-3.7859194e-05 4.3753535e-05 0.0000000e+00 
-2.6127091e-06 -4.0480169e-05 0.0000000e+00 
4.0276907e-05 -5.8633275e-05 0.0000000e+00 
-3.1691045e-05 3.1670555e-05 0.0000000e+00 
8.9102425e-05 -2.3930799e-05 0.0000000e+00 
-1.1740834e-05 -2.7888440e-05 0.0000000e+00 
-4.1955151e-05 1.1362543e-04 0.0000000e+00 
4.7581270e-06 7.5437129e-08 0.0000000e+00 
2.0212959e-05 2.2758003e-01 0.0000000e+00 
-5.2222051e-05 6.8814494e-05 0.0000000e+00 
1.0624994e-05 -2.7350150e-05 0.0000000e+00 
1.2064446e-04 -1.3407879e-04 0.0000000e+00 
-5.1478622e-05 8.0388389e-05 0.0000000e+00 
-5.3512864e-05 1.0919292e-04 0.0000000e+00 
5.8329664e-05 -4.4970773e-05 0.0000000e+00 
1.8072315e-05 -4.9294904e-05 0.0000000e+00 
-5.1544175e-05 9.5583440e-05 0.0000000e+00 
-4.5504887e-05 1.0679476e-05 0.0000000e+00 
-3.4758821e-05 2.0352833e-05 0.0000000e+00 
7.1565621e-05 2.4276038e-01 0.0000000e+00 
2.1244399e-05 -3.5141595e-05 0.0000000e+00 
4.5548193e-05 -3.7220772e-05 0.0000000e+00 
6.1547384e-05 -1.2571516e-04 0.0000000e+00 
-1.3175979e-04 1.2999680e-04 0.0000000e+00 
-2.2588298e-05 6.3035637e-05 0.0000000e+00 
-1.1444278e-04 2.7260859e-04 0.0000000e+00 
-8.5271895e-05 1.4380971e-04 0.0000000e+00 
-3.3734832e-06 -4.3847831e-06 0.0000000e+00 
-3.4715980e-05 3.3513177e-05 0.0000000e+00 
1.8545426e-05 -1.0228087e-04 0.0000000e+00 
7.6002441e-05 2.5775221e-01 0.0000000e+00 
-1.0546762e-05 1.3310462e-05 0.0000000e+00 
-5.1129609e-05 2.6626512e-05 0.0000000e+00 
2.0926818e-05 -5.5628945e-05 0.0000000e+00 
-2.8418843e-05 -3.4010503e-05 0.0000000e+00 
-2.8675422e-05 -3.6450219e-05 0.0000000e+00 
1.7567072e-05 9.1176480e-06 0.0000000e+00 
9.6770935e-05 -6.5299682e-05 0.0000000e+00 
2.6831403e-05 -4.2733736e-05 0.0000000e+00 
3.9169099e-05 2.7269906e-01 0.0000000e+00 
1.3809593e-05 -4.3532113e-05 0.0000000e+00 
8.4984349e-05 -1.5549967e-04 0.0000000e+00 
4.3546315e-05 -1.6357750e-05 0.0000000e+00 
2.2935565e-05 -3.9395265e-05 0.0000000e+00 
8.3439983e-05 -1.5399326e-04 0.0000000e+00 
-6.3320855e-05 8.1766280e-05 0.0000000e+00 
4.9215741e-06 2.5083777e-05 0.0000000e+00 
-6.6719949e-06 6.0974155e-05 0.0000000e+00 
5.3794123e-05 -7.5382181e-05 0.0000000e+00 
3.6796555e-06 1.7963350e-05 0.0000000e+00 
4.1414052e-05 2.8741428e-01 0.0000000e+00 
1.8120743e-05 -9.4552524e-05 0.0000000e+00 
-1.0500895e-04 7.4231066e-05 0.0000000e+00 
-3.6608661e-05 5.2850926e-05 0.0000000e+00 
-6.2524341e-05 1.0777870e-04 0.0000000e+00 
-6.4894557e-05 1.1403533e-04 0.0000000e+00 
-4.7353213e-05 4.4888788e-05 0.0000000e+00 
1.5951227e-06 -7.7255070e-05 0.0000000e+00 
2.3650937e-05 -5.4438598e-05 0.0000000e+00 
6.3092448e-05 -1.7248094e-05 0.0000000e+00 
9.8100398e-05 -1.0166410e-04 0.0000000e+00 
1.0052510e-04 3.0194283e-01 0.0000000e+00 
-1.1207769e-04 2.8818578e-04 0.0000000e+00 
3.9116014e-05 -3.4850091e-05 0.0000000e+00 
8.2356855e-06 2.1107960e-05 0.0000000e+00 
3.5210978e-05 -7.2763301e-05 0.0000000e+00 
6.3760672e-05 -2.0574103e-04 0.0000000e+00 
-3.6887359e-05 2.9420480e-06 0.0000000e+00 
-2.6220223e-05 5.0520815e-05 0.0000000e+00 
4.2668544e-05 3.1645107e-01 0.0000000e+00 
4.5226887e-05 -9.0222806e-05 0.0000000e+00 
1.1578202e-05 -1.8053572e-05 0.0000000e+00 
-5.0076284e-05 1.3383571e-05 0.0000000e+00 
-1.3652258e-04 1.7126463e-04 0.0000000e+00 
-1.5019439e-05 -2.0886771e-05 0.0000000e+00 
-2.6311260e-05 -4.1494146e-05 0.0000000e+00 
-2.7874950e-05 5.8502075e-05 0.0000000e+00 
-5.1295385e-05 9.7413300e-05 0.0000000e+00 
1.1234963e-04 3.3064687e-01 0.0000000e+00 
5.8976002e-06 -5.5958051e-05 0.0000000e+00 
3.1050295e-06 -1.0068202e-04 0.0000000e+00 
-9.7590964e-05 1.4650077e-04 0.0000000e+00 
1.9253232e-05 -7.2147697e-05 0.0000000e+00 
-1.6614795e-06 2.4612527e-05 0.0000000e+00 
-1.2376346e-05 -9.4751595e-06 0.0000000e+00 
-1.7983373e-05 -1.8421561e-05 0.0000000e+00 
-6.5406784e-06 6.5749511e-05 0.0000000e+00 
6.9007277e-05 3.4481803e-01 0.0000000e+00 
-2.1297135e-05 -8.8471570e-05 0.0000000e+00 
-2.7984148e-05 3.1726580e-05 0.0000000e+00 
8.8796485e-05 -1.3381243e-04 0.0000000e+00 
-7.8345183e-06 -2.4693087e-05 0.0000000e+00 
-2.5576446e-06 8.7502412e-05 0.0000000e+00 
4.6111643e-05 -9.8995864e-05 0.0000000e+00 
8.6426735e-06 -5.2014366e-06 0.0000000e+00 
5.7117548e-05 -1.0224665e-04 0.0000000e+00 
-1.1554966e-04 3.3572107e-04 0.0000000e+00 
3.9356761e-05 -7.6848548e-05 0.0000000e+00 
6.1669853e-05 3.5885346e-01 0.0000000e+00 
3.0484516e-05 -3.6228448e-06 0.0000000e+00 
-1.6946811e-05 -7.9727615e-06 0.0000000e+00 
-1.2912881e-04 1.5156344e-04 0.0000000e+00 
5.7376223e-05 -1.2145471e-04 0.0000000e+00 
-4.0395651e-05 4.4623623e-05 0.0000000e+00 
4.9664173e-05 -1.0271836e-04 0.0000000e+00 
-1.2253178e-05 -4.8544025e-05 0.0000000e+00 
-5.0435308e-05 8.4323343e-05 0.0000000e+00 
8.7848864e-05 3.7268713e-01 0.0000000e+00 
-5.4515433e-05 2.2433233e-05 0.0000000e+00 
-1.8160325e-05 4.7226436e-05 0.0000000e+00 
1.1656107e-04 -1.8423237e-04 0.0000000e+00 
-1.5363330e-06 1.1903292e-05 0.0000000e+00 
-9.0250280e-05 6.7319488e-05 0.0000000e+00 
1.3097189e-05 1.2260862e-05 0.0000000e+00 
2.6035821e-05 -1.6186351e-04 0.0000000e+00 
-1.6294420e-05 1.6191858e-05 0.0000000e+00 
5.9590675e-05 -1.6479800e-04 0.0000000e+00 
4.1165855e-05 3.8655588e-01 0.0000000e+00 
6.4369291e-05 -8.3286781e-05 0.0000000e+00 
6.1572529e-05 -5.2962452e-05 0.0000000e+00 
-6.6464767e-05 7.8517944e-05 0.0000000e+00 
-1.0773540e-05 -3.3332035e-05 0.0000000e+00 
-8.4304833e-05 4.4064247e-05 0.0000000e+00 
-2.9907562e-05 5.0817616e-06 0.0000000e+00 
-5.4755481e-05 5.3773634e-05 0.0000000e+00 
9.8400284e-05 4.0019163e-01 0.0000000e+00 
-1.1500437e-04 3.2558537e-04 0.0000000e+00 
-4.6924688e-05 2.8654467e-06 0.0000000e+00 
-8.5858628e-05 1.0137679e-04 0.0000000e+00 
-3.1103846e-05 -1.1870638e-05 0.0000000e+00 
-2.3901463e-05 -1.8680468e-05 0.0000000e+00 
1.2032269e-04 4.1381204e-01 0.0000000e+00 
-7.0299488e-05 2.0907260e-05 0.0000000e+00 
4.8256479e-06 -3.3228367e-05 0.0000000e+00 
-1.6871607e-05 -1.4667516e-05 0.0000000e+00 
5.6559220e-06 7.2836410e-06 0.0000000e+00 
-2.4979003e-05 3.4148805e-05 0.0000000e+00 
3.7535559e-05 -1.4195498e-04 0.0000000e+00 
-3.7440099e-05 3.4384429e-05 0.0000000e+00 
3.2059383e-05 -2.5954098e-05 0.0000000e+00 
4.8320740e-05 4.2749253e-01 0.0000000e+00 
9.1716647e-06 -3.5014004e-05 0.0000000e+00 
5.0522503e-05 -3.8708095e-05 0.0000000e+00 
-2.2976659e-05 8.6985528e-06 0.0000000e+00 
1.7222497e-05 -3.7546561e-05 0.0000000e+00 
1.9681407e-05 -8.5021602e-05 0.0000000e+00 
5.8223028e-05 -8.1751496e-05 0.0000000e+00 
-3.5562087e-05 -1.5995465e-06 0.0000000e+00 
-1.4735851e-05 1.2062490e-05 0.0000000e+00 
1.1078734e-04 4.4097704e-01 0.0000000e+00 
1.3265293e-05 3.1427480e-06 0.0000000e+00 
-3.2234006e-05 2.3663510e-05 0.0000000e+00 
-1.4815992e-04 3.6291464e-04 0.0000000e+00 
-6.1840750e-05 7.0923001e-05 0.0000000e+00 
-2.8207432e-06 -1.7893035e-06 0.0000000e+00 
-4.2011961e-05 6.0476363e-05 0.0000000e+00 
1.0929443e-04 -1.1671707e-04 0.0000000e+00 
9.9292025e-05 4.5456064e-01 0.0000000e+00 
2.5557354e-05 -4.9449969e-05 0.0000000e+00 
-5.3392723e-06 -6.2806532e-05 0.0000000e+00 
9.2950650e-06 -7.1603572e-06 0.0000000e+00 
2.2585737e-06 -5.7062862e-05 0.0000000e+00 
3.7850346e-05 -8.8865869e-05 0.0000000e+00 
-1.1272309e-04 1.0574481e-04 0.0000000e+00 
1.4153449e-04 4.6808165e-01 0.0000000e+00 
-6.3982327e-05 9.2089176e-05 0.0000000e+00 
-1.9938219e-05 3.1828415e-05 0.0000000e+00 
3.9601233e-05 -7.6157972e-05 0.0000000e+00 
-4.2512547e-06 -8.3080144e-05 0.0000000e+00 
3.8078520e-05 2.2108667e-05 0.0000000e+00 
-2.7769012e-05 -8.2533224e-06 0.0000000e+00 
3.1237490e-05 4.8186627e-01 0.0000000e+00 
1.1988927e-04 -2.0088756e-04 0.0000000e+00 
-1.7550774e-06 -2.3022294e-05 0.0000000e+00 
-4.6240166e-05 1.7163809e-05 0.0000000e+00 
4.3117907e-05 -5.3794589e-05 0.0000000e+00 
-1.3235491e-05 -5.2240677e-05 0.0000000e+00 
1.5174551e-04 4.9544305e-01 0.0000000e+00 
-1.9333046e-04 4.8367109e-04 0.0000000e+00 
-5.4630451e-05 -4.9415627e-05 0.0000000e+00 
-1.2786262e-04 1.4560379e-04 0.0000000e+00 
5.7274941e-05 -4.1313469e-05 0.0000000e+00 
3.8108788e-05 -1.3345294e-04 0.0000000e+00 
-8.8200904e-05 8.7075867e-05 0.0000000e+00 
7.1008690e-05 5.0939316e-01 0.0000000e+00 
5.2986201e-05 -7.3779374e-05 0.0000000e+00 
-5.9987418e-05 3.6660815e-05 0.0000000e+00 
6.0657039e-06 -7.9445541e-05 0.0000000e+00 
-4.1583553e-06 -1.3082365e-04 0.0000000e+00 
-2.2370368e-06 -2.0544976e-05 0.0000000e+00 
3.4723897e-05 -7.3031057e-05 0.0000000e+00 
1.1637900e-04 5.2328742e-01 0.0000000e+00 
-5.7959929e-05 9.6845441e-05 0.0000000e+00 
-6.8482477e-06 -3.2680109e-05 0.0000000e+00 
-4.5595691e-05 4.3942593e-05 0.0000000e+00 
-1.5630154e-05 -6.0104649e-05 0.0000000e+00 
-3.0618859e-05 -1.4140736e-05 0.0000000e+00 
1.3427250e-04 5.3751779e-01 0.0000000e+00 
-3.6444981e-05 -4.7338195e-05 0.0000000e+00 
4.0928368e-05 -4.3284148e-05 0.0000000e+00 
-1.8946780e-04 4.7656067e-04 0.0000000e+00 
4.1955616e-05 -1.1064857e-04 0.0000000e+00 
-7.3260162e-05 8.7372202e-05 0.0000000e+00 
-7.1433722e-05 2.0959415e-06 0.0000000e+00 
1.3062777e-04 5.5190456e-01 0.0000000e+00 
-4.2936299e-05 -3.5660341e-05 0.0000000e+00 
2.3000408e-05 -8.8471919e-05 0.0000000e+00 
9.4855204e-07 -1.8458813e-06 0.0000000e+00 
1.5038531e-05 -4.0391111e-05 0.0000000e+00 
3.0616589e-05 -1.5532656e-04 0.0000000e+00 
1.1955528e-04 5.6659842e-01 0.0000000e+00 
3.8206112e-05 -5.5693090e-05 0.0000000e+00 
-4.2096712e-05 -5.4395525e-05 0.0000000e+00 
-2.4827663e-05 -6.7882240e-05 0.0000000e+00 
-4.7075097e-05 -1.4545163e-05 0.0000000e+00 
1.3846438e-04 5.8149540e-01 0.0000000e+00 
-9.4023271e-05 -1.6068792e-05 0.0000000e+00 
2.1339860e-05 -5.4280274e-05 0.0000000e+00 
1.6263220e-06 -1.0217703e-04 0.0000000e+00 
6.1920844e-05 -1.2374856e-04 0.0000000e+00 
-2.3481250e-04 5.7874061e-04 0.0000000e+00 
1.4695618e-04 5.9671438e-01 0.0000000e+00 
-6.5619941e-05 5.2713847e-05 0.0000000e+00 
3.6307611e-06 -2.9963441e-05 0.0000000e+00 
-9.1978116e-05 4.2664120e-05 0.0000000e+00 
3.0719675e-06 -1.1304859e-04 0.0000000e+00 
1.6686274e-04 6.1223572e-01 0.0000000e+00 
-4.4325832e-05 -7.7408273e-05 0.0000000e+00 
-3.6074314e-05 -1.4919788e-05 0.0000000e+00 
6.9752801e-05 -1.8480967e-04 0.0000000e+00 
-1.2915861e-04 6.6166744e-05 0.0000000e+00 
1.5743542e-04 6.2806547e-01 0.0000000e+00 
-7.8803627e-05 -1.2090313e-05 0.0000000e+00 
8.6422544e-05 -1.4018081e-04 0.0000000e+00 
-9.4920862e-05 3.7541613e-06 0.0000000e+00 
4.6348665e-05 -1.5808037e-04 0.0000000e+00 
2.0985818e-04 6.4392900e-01 0.0000000e+00 
-3.1951535e-04 7.1733305e-04 0.0000000e+00 
-7.6709315e-05 2.2155233e-05 0.0000000e+00 
-8.8845161e-05 -4.6488582e-05 0.0000000e+00 
-9.8406337e-05 -5.2342657e-05 0.0000000e+00 
2.2176001e-04 6.5999413e-01 0.0000000e+00 
1.0929303e-04 -2.2249669e-04 0.0000000e+00 
-7.5876480e-05 -8.4192143e-05 0.0000000e+00 
-2.4044653e-05 -1.3223756e-04 0.0000000e+00 
2.1274481e-04 6.7581093e-01 0.0000000e+00 
-7.9316087e-06 -8.9691952e-05 0.0000000e+00 
-1.0181987e-04 -2.2343243e-05 0.0000000e+00 
2.8043520e-04 6.9098067e-01 0.0000000e+00 
-7.1750721e-05 -1.2861053e-04 0.0000000e+00 
-2.9935502e-05 -1.2226216e-04 0.0000000e+00 
-4.1006086e-04 9.3653915e-04 0.0000000e+00 
2.6863348e-04 7.0509666e-01 0.0000000e+00 
-6.7922054e-05 -1.5484612e-04 0.0000000e+00 
-6.8452209e-05 -1.1064019e-04 0.0000000e+00 
3.3674808e-04 7.1699524e-01 0.0000000e+00 
-1.4881432e-04 -1.4389993e-04 0.0000000e+00 
2.4358742e-06 -1.7134473e-04 0.0000000e+00 
3.4114672e-04 7.2557938e-01 0.0000000e+00 
-2.0878279e-04 -1.0037434e-04 0.0000000e+00 
-8.0110971e-05 -2.9162224e-04 0.0000000e+00 
4.3832464e-04 7.2845072e-01 0.0000000e+00 
-7.0426287e-04 1.3954088e-03 0.0000000e+00 
-1.1431938e-04 -1.6425550e-04 0.0000000e+00 
4.3990323e-04 7.2284186e-01 0.0000000e+00 
-1.1899741e-04 -3.8958946e-04 0.0000000e+00 
5.1632384e-04 7.0400995e-01 0.0000000e+00 
-1.1693989e-04 -5.5370841e-04 0.0000000e+00 
6.4961286e-04 6.6496992e-01 0.0000000e+00 
-1.3111518e-03 2.3620664e-03 0.0000000e+00 
6.4542051e-04 5.9552234e-01 0.0000000e+00 
8.1818341e-04 4.7868425e-01 0.0000000e+00 
9.9847023e-04 2.8710493e-01 0.0000000e+00 
-2.1938082e-04 8.5760631e-02 0.0000000e+00 
VOLUMETRIC_STRAIN 1 4225  float
0.0000000e+00
0.0000000e+00
0.0000000e+00
0.0000000e+00
0.0000000e+00
0.0000000e+00
0.0000000e+00
0.0000000e+00
0.0000000e+00
0.0000000e+00
0.0000000e+00
0.0000000e+00
0.0000000e+00
0.0000000e+00
0.0000000e+00
0.0000000e+00
0.0000000e+00
0.0000000e+00
0.0000000e+00
0.0000000e+00
0.0000000e+00
0.0000000e+00
0.0000000e+00
0.0000000e+00
0.0000000e+00
0.0000000e+00
0.0000000e+00
0.0000000e+00
0.0000000e+00
0.0000000e+00
0.0000000e+00
0.0000000e+00
0.0000000e+00
0.0000000e+00
0.0000000e+00
0.0000000e+00
0.0000000e+00
0.0000000e+00
0.0000000e+00
0.0000000e+00
0.0000000e+00
0.0000000e+00
0.0000000e+00
0.0000000e+00
0.0000000e+00
0.0000000e+00
0.0000000e+00
0.0000000e+00
0.0000000e+00
0.0000000e+00
0.0000000e+00
0.0000000e+00
0.0000000e+00
0.0000000e+00
0.0000000e+00
0.0000000e+00
0.0000000e+00
0.0000000e+00
0.0000000e+00
0.0000000e+00
0.0000000e+00
0.0000000e+00
0.0000000e+00
0.0000000e+00
0.0000000e+00
0.0000000e+00
0.0000000e+00
0.0000000e+00
0.0000000e+00
0.0000000e+00
0.0000000e+00
0.0000000e+00
0.0000000e+00
0.0000000e+00
0.0000000e+00
0.0000000e+00
0.0000000e+00
0.0000000e+00
0.0000000e+00
0.0000000e+00
0.0000000e+00
0.0000000e+00
0.0000000e+00
0.0000000e+00
0.0000000e+00
0.0000000e+00
0.0000000e+00
0.0000000e+00
0.0000000e+00
0.0000000e+00
0.0000000e+00
0.0000000e+00
0.0000000e+00
0.0000000e+00
0.0000000e+00
0.0000000e+00
0.0000000e+00
0.0000000e+00
0.0000000e+00
0.0000000e+00
0.0000000e+00
0.0000000e+00
0.0000000e+00
0.0000000e+00
0.0000000e+00
0.0000000e+00
0.0000000e+00
0.0000000e+00
0.0000000e+00
0.0000000e+00
0.0000000e+00
0.0000000e+00
0.0000000e+00
0.0000000e+00
0.0000000e+00
0.0000000e+00
0.0000000e+00
0.0000000e+00
0.0000000e+00
0.0000000e+00
0.0000000e+00
0.0000000e+00
0.0000000e+00
0.0000000e+00
0.0000000e+00
0.0000000e+00
0.0000000e+00
0.0000000e+00
0.0000000e+00
0.0000000e+00
0.0000000e+00
0.0000000e+00
0.0000000e+00
0.0000000e+00
0.0000000e+00
0.0000000e+00
0.0000000e+00
0.0000000e+00
0.0000000e+00
0.0000000e+00
0.0000000e+00
0.0000000e+00
0.0000000e+00
0.0000000e+00
0.0000000e+00
0.0000000e+00
0.0000000e+00
0.0000000e+00
0.0000000e+00
0.0000000e+00
0.0000000e+00
0.0000000e+00
0.0000000e+00
0.0000000e+00
0.0000000e+00
0.0000000e+00
0.0000000e+00
0.0000000e+00
0.0000000e+00
0.0000000e+00
0.0000000e+00
0.0000000e+00
0.0000000e+00
0.0000000e+00
0.0000000e+00
0.0000000e+00
0.0000000e+00
0.0000000e+00
0.0000000e+00
0.0000000e+00
0.0000000e+00
0.0000000e+00
0.0000000e+00
0.0000000e+00
0.0000000e+00
0.0000000e+00
0.0000000e+00
0.0000000e+00
0.0000000e+00
0.0000000e+00
0.0000000e+00
0.0000000e+00
0.0000000e+00
0.0000000e+00
0.0000000e+00
0.0000000e+00
0.0000000e+00
0.0000000e+00
0.0000000e+00
0.0000000e+00
0.0000000e+00
0.0000000e+00
0.0000000e+00
0.0000000e+00
0.0000000e+00
0.0000000e+00
0.0000000e+00
0.0000000e+00
0.0000000e+00
0.0000000e+00
0.0000000e+00
0.0000000e+00
0.0000000e+00
0.0000000e+00
0.0000000e+00
0.0000000e+00
0.0000000e+00
0.0000000e+00
0.0000000e+00
0.0000000e+00
0.0000000e+00
0.0000000e+00
0.0000000e+00
0.0000000e+00
0.0000000e+00
0.0000000e+00
0.0000000e+00
0.0000000e+00
0.0000000e+00
0.0000000e+00
0.0000000e+00
0.0000000e+00
0.0000000e+00
0.0000000e+00
0.0000000e+00
0.0000000e+00
0.0000000e+00
0.0000000e+00
0.0000000e+00
0.0000000e+00
0.0000000e+00
0.0000000e+00
0.0000000e+00
0.0000000e+00
0.0000000e+00
0.0000000e+00
0.0000000e+00
0.0000000e+00
0.0000000e+00
0.0000000e+00
0.0000000e+00
0.0000000e+00
0.0000000e+00
0.0000000e+00
0.0000000e+00
0.0000000e+00
0.0000000e+00
0.0000000e+00
0.0000000e+00
0.0000000e+00
0.0000000e+00
0.0000000e+00
0.0000000e+00
0.0000000e+00
0.0000000e+00
0.0000000e+00
0.0000000e+00
0.0000000e+00
0.0000000e+00
0.0000000e+00
0.0000000e+00
0.0000000e+00
0.0000000e+00
0.0000000e+00
0.0000000e+00
0.0000000e+00
0.0000000e+00
0.0000000e+00
0.0000000e+00
0.0000000e+00
0.0000000e+00
0.0000000e+00
0.0000000e+00
0.0000000e+00
0.0000000e+00
0.0000000e+00
0.0000000e+00
0.0000000e+00
0.0000000e+00
0.0000000e+00
0.0000000e+00
0.0000000e+00
0.0000000e+00
0.0000000e+00
0.0000000e+00
0.0000000e+00
0.0000000e+00
0.0000000e+00
0.0000000e+00
0.0000000e+00
0.0000000e+00
0.0000000e+00
0.0000000e+00
0.0000000e+00
0.0000000e+00
0.0000000e+00
0.0000000e+00
0.0000000e+00
0.0000000e+00
0.0000000e+00
0.0000000e+00
0.0000000e+00
0.0000000e+00
0.0000000e+00
0.0000000e+00
0.0000000e+00
0.0000000e+00
0.0000000e+00
0.0000000e+00
0.0000000e+00
0.0000000e+00
0.0000000e+00
0.0000000e+00
0.0000000e+00
0.0000000e+00
0.0000000e+00
0.0000000e+00
0.0000000e+00
0.0000000e+00
0.0000000e+00
0.0000000e+00
0.0000000e+00
0.0000000e+00
0.0000000e+00
0.0000000e+00
0.0000000e+00
0.0000000e+00
0.0000000e+00
0.0000000e+00
0.0000000e+00
0.0000000e+00
0.0000000e+00
0.0000000e+00
0.0000000e+00
0.0000000e+00
0.0000000e+00
0.0000000e+00
0.0000000e+00
0.0000000e+00
0.0000000e+00
0.0000000e+00
0.0000000e+00
0.0000000e+00
0.0000000e+00
0.0000000e+00
0.0000000e+00
0.0000000e+00
0.0000000e+00
0.0000000e+00
0.0000000e+00
0.0000000e+00
0.0000000e+00
0.0000000e+00
0.0000000e+00
0.0000000e+00
0.0000000e+00
0.0000000e+00
0.0000000e+00
0.0000000e+00
0.0000000e+00
0.0000000e+00
0.0000000e+00
0.0000000e+00
0.0000000e+00
0.0000000e+00
0.0000000e+00
0.0000000e+00
0.0000000e+00
0.0000000e+00
0.0000000e+00
0.0000000e+00
0.0000000e+00
0.0000000e+00
0.0000000e+00
0.0000000e+00
0.0000000e+00
0.0000000e+00
0.0000000e+00
0.0000000e+00
0.0000000e+00
0.0000000e+00
0.0000000e+00
0.0000000e+00
0.0000000e+00
0.0000000e+00
0.0000000e+00
0.0000000e+00
0.0000000e+00
0.0000000e+00
0.0000000e+00
0.0000000e+00
0.0000000e+00
0.0000000e+00
0.0000000e+00
0.0000000e+00
0.0000000e+00
0.0000000e+00
0.0000000e+00
0.0000000e+00
0.0000000e+00
0.0000000e+00
0.0000000e+00
0.0000000e+00
0.0000000e+00
0.0000000e+00
0.0000000e+00
0.0000000e+00
0.0000000e+00
0.0000000e+00
0.0000000e+00
0.0000000e+00
0.0000000e+00
0.0000000e+00
0.0000000e+00
0.0000000e+00
0.0000000e+00
0.0000000e+00
0.0000000e+00
0.0000000e+00
0.0000000e+00
0.0000000e+00
0.0000000e+00
0.0000000e+00
0.0000000e+00
0.0000000e+00
0.0000000e+00
0.0000000e+00
0.0000000e+00
0.0000000e+00
0.0000000e+00
0.0000000e+00
0.0000000e+00
0.0000000e+00
0.0000000e+00
0.0000000e+00
0.0000000e+00
0.0000000e+00
0.0000000e+00
0.0000000e+00
0.0000000e+00
0.0000000e+00
0.0000000e+00
0.0000000e+00
0.0000000e+00
0.0000000e+00
0.0000000e+00
0.0000000e+00
0.0000000e+00
0.0000000e+00
0.0000000e+00
0.0000000e+00
0.0000000e+00
0.0000000e+00
0.0000000e+00
0.0000000e+00
0.0000000e+00
0.0000000e+00
0.0000000e+00
0.0000000e+00
0.0000000e+00
0.0000000e+00
0.0000000e+00
0.0000000e+00
0.0000000e+00
0.0000000e+00
0.0000000e+00
0.0000000e+00
0.0000000e+00
0.0000000e+00
0.0000000e+00
0.0000000e+00
0.0000000e+00
0.0000000e+00
0.0000000e+00
0.0000000e+00
0.0000000e+00
0.0000000e+00
0.0000000e+00
0.0000000e+00
0.0000000e+00
0.0000000e+00
0.0000000e+00
0.0000000e+00
0.0000000e+00
0.0000000e+00
0.0000000e+00
0.0000000e+00
0.0000000e+00
0.0000000e+00
0.0000000e+00
0.0000000e+00
0.0000000e+00
0.0000000e+00
0.0000000e+00
0.0000000e+00
0.0000000e+00
0.0000000e+00
0.0000000e+00
0.0000000e+00
0.0000000e+00
0.0000000e+00
0.0000000e+00
0.0000000e+00
0.0000000e+00
0.0000000e+00
0.0000000e+00
0.0000000e+00
0.0000000e+00
0.0000000e+00
0.0000000e+00
0.0000000e+00
0.0000000e+00
0.0000000e+00
0.0000000e+00
0.0000000e+00
0.0000000e+00
0.0000000e+00
0.0000000e+00
0.0000000e+00
0.0000000e+00
0.0000000e+00
0.0000000e+00
0.0000000e+00
0.0000000e+00
0.0000000e+00
0.0000000e+00
0.0000000e+00
0.0000000e+00
0.0000000e+00
0.0000000e+00
0.0000000e+00
0.0000000e+00
0.0000000e+00
0.0000000e+00
0.0000000e+00
0.0000000e+00
0.0000000e+00
0.0000000e+00
0.0000000e+00
0.0000000e+00
0.0000000e+00
0.0000000e+00
0.0000000e+00
0.0000000e+00
0.0000000e+00
0.0000000e+00
0.0000000e+00
0.0000000e+00
0.0000000e+00
0.0000000e+00
0.0000000e+00
0.0000000e+00
0.0000000e+00
0.0000000e+00
0.0000000e+00
0.0000000e+00
0.0000000e+00
0.0000000e+00
0.0000000e+00
0.0000000e+00
0.0000000e+00
0.0000000e+00
0.0000000e+00
0.0000000e+00
0.0000000e+00
0.0000000e+00
0.0000000e+00
0.0000000e+00
0.0000000e+00
0.0000000e+00
0.0000000e+00
0.0000000e+00
0.0000000e+00
0.0000000e+00
0.0000000e+00
0.0000000e+00
0.0000000e+00
0.0000000e+00
0.0000000e+00
0.0000000e+00
0.0000000e+00
0.0000000e+00
0.0000000e+00
0.0000000e+00
0.0000000e+00
0.0000000e+00
0.0000000e+00
0.0000000e+00
0.0000000e+00
0.0000000e+00
0.0000000e+00
0.0000000e+00
0.0000000e+00
0.0000000e+00
0.0000000e+00
0.0000000e+00
0.0000000e+00
0.0000000e+00
0.0000000e+00
0.0000000e+00
0.0000000e+00
0.0000000e+00
0.0000000e+00
0.0000000e+00
0.0000000e+00
0.0000000e+00
0.0000000e+00
0.0000000e+00
0.0000000e+00
0.0000000e+00
0.0000000e+00
0.0000000e+00
0.0000000e+00
0.0000000e+00
0.0000000e+00
0.0000000e+00
0.0000000e+00
0.0000000e+00
0.0000000e+00
0.0000000e+00
0.0000000e+00
0.0000000e+00
0.0000000e+00
0.0000000e+00
0.0000000e+00
0.0000000e+00
0.0000000e+00
0.0000000e+00
0.0000000e+00
0.0000000e+00
0.0000000e+00
0.0000000e+00
0.0000000e+00
0.0000000e+00
0.0000000e+00
0.0000000e+00
0.0000000e+00
0.0000000e+00
0.0000000e+00
0.0000000e+00
0.0000000e+00
0.0000000e+00
0.0000000e+00
0.0000000e+00
0.0000000e+00
0.0000000e+00
0.0000000e+00
0.0000000e+00
0.0000000e+00
0.0000000e+00
0.0000000e+00
0.0000000e+00
0.0000000e+00
0.0000000e+00
0.0000000e+00
0.0000000e+00
0.0000000e+00
0.0000000e+00
0.0000000e+00
0.0000000e+00
0.0000000e+00
0.0000000e+00
0.0000000e+00
0.0000000e+00
0.0000000e+00
0.0000000e+00
0.0000000e+00
0.0000000e+00
0.0000000e+00
0.0000000e+00
0.0000000e+00
0.0000000e+00
0.0000000e+00
0.0000000e+00
0.0000000e+00
0.0000000e+00
0.0000000e+00
0.0000000e+00
0.0000000e+00
0.0000000e+00
0.0000000e+00
0.0000000e+00
0.0000000e+00
0.0000000e+00
0.0000000e+00
0.0000000e+00
0.0000000e+00
0.0000000e+00
0.0000000e+00
0.0000000e+00
0.0000000e+00
0.0000000e+00
0.0000000e+00
0.0000000e+00
0.0000000e+00
0.0000000e+00
0.0000000e+00
0.0000000e+00
0.0000000e+00
0.0000000e+00
0.0000000e+00
0.0000000e+00
0.0000000e+00
0.0000000e+00
0.0000000e+00
0.0000000e+00
0.0000000e+00
0.0000000e+00
0.0000000e+00
0.0000000e+00
0.0000000e+00
0.0000000e+00
0.0000000e+00
0.0000000e+00
0.0000000e+00
0.0000000e+00
0.0000000e+00
0.0000000e+00
0.0000000e+00
0.0000000e+00
0.0000000e+00
0.0000000e+00
0.0000000e+00
0.0000000e+00
0.0000000e+00
0.0000000e+00
0.0000000e+00
0.0000000e+00
0.0000000e+00
0.0000000e+00
0.0000000e+00
0.0000000e+00
0.0000000e+00
0.0000000e+00
0.0000000e+00
0.0000000e+00
0.0000000e+00
0.0000000e+00
0.0000000e+00
0.0000000e+00
0.0000000e+00
0.0000000e+00
0.0000000e+00
0.0000000e+00
0.0000000e+00
0.0000000e+00
0.0000000e+00
0.0000000e+00
0.0000000e+00
0.0000000e+00
0.0000000e+00
0.0000000e+00
0.0000000e+00
0.0000000e+00
0.0000000e+00
0.0000000e+00
0.0000000e+00
0.0000000e+00
0.0000000e+00
0.0000000e+00
0.0000000e+00
0.0000000e+00
0.0000000e+00
0.0000000e+00
0.0000000e+00
0.0000000e+00
0.0000000e+00
0.0000000e+00
0.0000000e+00
0.0000000e+00
0.0000000e+00
0.0000000e+00
0.0000000e+00
0.0000000e+00
0.0000000e+00
0.0000000e+00
0.0000000e+00
0.0000000e+00
0.0000000e+00
0.0000000e+00
0.0000000e+00
0.0000000e+00
0.0000000e+00
0.0000000e+00
0.0000000e+00
0.0000000e+00
0.0000000e+00
0.0000000e+00
0.0000000e+00
0.0000000e+00
0.0000000e+00
0.0000000e+00
0.0000000e+00
0.0000000e+00
0.0000000e+00
0.0000000e+00
0.0000000e+00
0.0000000e+00
0.0000000e+00
0.0000000e+00
0.0000000e+00
0.0000000e+00
0.0000000e+00
0.0000000e+00
0.0000000e+00
0.0000000e+00
0.0000000e+00
0.0000000e+00
0.0000000e+00
0.0000000e+00
0.0000000e+00
0.0000000e+00
0.0000000e+00
0.0000000e+00
0.0000000e+00
0.0000000e+00
0.0000000e+00
0.0000000e+00
0.0000000e+00
0.0000000e+00
0.0000000e+00
0.0000000e+00
0.0000000e+00
0.0000000e+00
0.0000000e+00
0.0000000e+00
0.0000000e+00
0.0000000e+00
0.0000000e+00
0.0000000e+00
0.0000000e+00
0.0000000e+00
0.0000000e+00
0.0000000e+00
0.0000000e+00
0.0000000e+00
0.0000000e+00
0.0000000e+00
0.0000000e+00
0.0000000e+00
0.0000000e+00
0.0000000e+00
0.0000000e+00
0.0000000e+00
0.0000000e+00
0.0000000e+00
0.0000000e+00
0.0000000e+00
0.0000000e+00
0.0000000e+00
0.0000000e+00
0.0000000e+00
0.0000000e+00
0.0000000e+00
0.0000000e+00
0.0000000e+00
0.0000000e+00
0.0000000e+00
0.0000000e+00
0.0000000e+00
0.0000000e+00
0.0000000e+00
0.0000000e+00
0.0000000e+00
0.0000000e+00
0.0000000e+00
0.0000000e+00
0.0000000e+00
0.0000000e+00
0.0000000e+00
0.0000000e+00
0.0000000e+00
0.0000000e+00
0.0000000e+00
0.0000000e+00
0.0000000e+00
0.0000000e+00
0.0000000e+00
0.0000000e+00
0.0000000e+00
0.0000000e+00
0.0000000e+00
0.0000000e+00
0.0000000e+00
0.0000000e+00
0.0000000e+00
0.0000000e+00
0.0000000e+00
0.0000000e+00
0.0000000e+00
0.0000000e+00
0.0000000e+00
0.0000000e+00
0.0000000e+00
0.0000000e+00
0.0000000e+00
0.0000000e+00
0.0000000e+00
0.0000000e+00
0.0000000e+00
0.0000000e+00
0.0000000e+00
0.0000000e+00
0.0000000e+00
0.0000000e+00
0.0000000e+00
0.0000000e+00
0.0000000e+00
0.0000000e+00
0.0000000e+00
0.0000000e+00
0.0000000e+00
0.0000000e+00
0.0000000e+00
0.0000000e+00
0.0000000e+00
0.0000000e+00
0.0000000e+00
0.0000000e+00
0.0000000e+00
0.0000000e+00
0.0000000e+00
0.0000000e+00
0.0000000e+00
0.0000000e+00
0.0000000e+00
0.0000000e+00
0.0000000e+00
0.0000000e+00
0.0000000e+00
0.0000000e+00
0.0000000e+00
0.0000000e+00
0.0000000e+00
0.0000000e+00
0.0000000e+00
0.0000000e+00
0.0000000e+00
0.0000000e+00
0.0000000e+00
0.0000000e+00
0.0000000e+00
0.0000000e+00
0.0000000e+00
0.0000000e+00
0.0000000e+00
0.0000000e+00
0.0000000e+00
0.0000000e+00
0.0000000e+00
0.0000000e+00
0.0000000e+00
0.0000000e+00
0.0000000e+00
0.0000000e+00
0.0000000e+00
0.0000000e+00
0.0000000e+00
0.0000000e+00
0.0000000e+00
0.0000000e+00
0.0000000e+00
0.0000000e+00
0.0000000e+00
0.0000000e+00
0.0000000e+00
0.0000000e+00
0.0000000e+00
0.0000000e+00
0.0000000e+00
0.0000000e+00
0.0000000e+00
0.0000000e+00
0.0000000e+00
0.0000000e+00
0.0000000e+00
0.0000000e+00
0.0000000e+00
0.0000000e+00
0.0000000e+00
0.0000000e+00
0.0000000e+00
0.0000000e+00
0.0000000e+00
0.0000000e+00
0.0000000e+00
0.0000000e+00
0.0000000e+00
0.0000000e+00
0.0000000e+00
0.0000000e+00
0.0000000e+00
0.0000000e+00
0.0000000e+00
0.0000000e+00
0.0000000e+00
0.0000000e+00
0.0000000e+00
0.0000000e+00
0.0000000e+00
0.0000000e+00
0.0000000e+00
0.0000000e+00
0.0000000e+00
0.0000000e+00
0.0000000e+00
0.0000000e+00
0.0000000e+00
0.0000000e+00
0.0000000e+00
0.0000000e+00
0.0000000e+00
0.0000000e+00
0.0000000e+00
0.0000000e+00
0.0000000e+00
0.0000000e+00
0.0000000e+00
0.0000000e+00
0.0000000e+00
0.0000000e+00
0.0000000e+00
0.0000000e+00
0.0000000e+00
0.0000000e+00
0.0000000e+00
0.0000000e+00
0.0000000e+00
0.0000000e+00
0.0000000e+00
0.0000000e+00
0.0000000e+00
0.0000000e+00
0.0000000e+00
0.0000000e+00
0.0000000e+00
0.0000000e+00
0.0000000e+00
0.0000000e+00
0.0000000e+00
0.0000000e+00
0.0000000e+00
0.0000000e+00
0.0000000e+00
0.0000000e+00
0.0000000e+00
0.0000000e+00
0.0000000e+00
0.0000000e+00
0.0000000e+00
0.0000000e+00
0.0000000e+00
0.0000000e+00
0.0000000e+00
0.0000000e+00
0.0000000e+00
0.0000000e+00
0.0000000e+00
0.0000000e+00
0.0000000e+00
0.0000000e+00
0.0000000e+00
0.0000000e+00
0.0000000e+00
0.0000000e+00
0.0000000e+00
0.0000000e+00
0.0000000e+00
0.0000000e+00
0.0000000e+00
0.0000000e+00
0.0000000e+00
0.0000000e+00
0.0000000e+00
0.0000000e+00
0.0000000e+00
0.0000000e+00
0.0000000e+00
0.0000000e+00
0.0000000e+00
0.0000000e+00
0.0000000e+00
0.0000000e+00
0.0000000e+00
0.0000000e+00
0.0000000e+00
0.0000000e+00
0.0000000e+00
0.0000000e+00
0.0000000e+00
0.0000000e+00
0.0000000e+00
0.0000000e+00
0.0000000e+00
0.0000000e+00
0.0000000e+00
0.0000000e+00
0.0000000e+00
0.0000000e+00
0.0000000e+00
0.0000000e+00
0.0000000e+00
0.0000000e+00
0.0000000e+00
0.0000000e+00
0.0000000e+00
0.0000000e+00
0.0000000e+00
0.0000000e+00
0.0000000e+00
0.0000000e+00
0.0000000e+00
0.0000000e+00
0.0000000e+00
0.0000000e+00
0.0000000e+00
0.0000000e+00
0.0000000e+00
0.0000000e+00
0.0000000e+00
0.0000000e+00
0.0000000e+00
0.0000000e+00
0.0000000e+00
0.0000000e+00
0.0000000e+00
0.0000000e+00
0.0000000e+00
0.0000000e+00
0.0000000e+00
0.0000000e+00
0.0000000e+00
0.0000000e+00
0.0000000e+00
0.0000000e+00
0.0000000e+00
0.0000000e+00
0.0000000e+00
0.0000000e+00
0.0000000e+00
0.0000000e+00
0.0000000e+00
0.0000000e+00
0.0000000e+00
0.0000000e+00
0.0000000e+00
0.0000000e+00
0.0000000e+00
0.0000000e+00
0.0000000e+00
0.0000000e+00
0.0000000e+00
0.0000000e+00
0.0000000e+00
0.0000000e+00
0.0000000e+00
0.0000000e+00
0.0000000e+00
0.0000000e+00
0.0000000e+00
0.0000000e+00
0.0000000e+00
0.0000000e+00
0.0000000e+00
0.0000000e+00
0.0000000e+00
0.0000000e+00
0.0000000e+00
0.0000000e+00
0.0000000e+00
0.0000000e+00
0.0000000e+00
0.0000000e+00
0.0000000e+00
0.0000000e+00
0.0000000e+00
0.0000000e+00
0.0000000e+00
0.0000000e+00
0.0000000e+00
0.0000000e+00
0.0000000e+00
0.0000000e+00
0.0000000e+00
0.0000000e+00
0.0000000e+00
0.0000000e+00
0.0000000e+00
0.0000000e+00
0.0000000e+00
0.0000000e+00
0.0000000e+00
0.0000000e+00
0.0000000e+00
0.0000000e+00
0.0000000e+00
0.0000000e+00
0.0000000e+00
0.0000000e+00
0.0000000e+00
0.0000000e+00
0.0000000e+00
0.0000000e+00
0.0000000e+00
0.0000000e+00
0.0000000e+00
0.0000000e+00
0.0000000e+00
0.0000000e+00
0.0000000e+00
0.0000000e+00
0.0000000e+00
0.0000000e+00
0.0000000e+00
0.0000000e+00
0.0000000e+00
0.0000000e+00
0.0000000e+00
0.0000000e+00
0.0000000e+00
0.0000000e+00
0.0000000e+00
0.0000000e+00
0.0000000e+00
0.0000000e+00
0.0000000e+00
0.0000000e+00
0.0000000e+00
0.0000000e+00
0.0000000e+00
0.0000000e+00
0.0000000e+00
0.0000000e+00
0.0000000e+00
0.0000000e+00
0.0000000e+00
0.0000000e+00
0.0000000e+00
0.0000000e+00
0.0000000e+00
0.0000000e+00
0.0000000e+00
0.0000000e+00
0.0000000e+00
0.0000000e+00
0.0000000e+00
0.0000000e+00
0.0000000e+00
0.0000000e+00
0.0000000e+00
0.0000000e+00
0.0000000e+00
0.0000000e+00
0.0000000e+00
0.0000000e+00
0.0000000e+00
0.0000000e+00
0.0000000e+00
0.0000000e+00
0.0000000e+00
0.0000000e+00
0.0000000e+00
0.0000000e+00
0.0000000e+00
0.0000000e+00
0.0000000e+00
0.0000000e+00
0.0000000e+00
0.0000000e+00
0.0000000e+00
0.0000000e+00
0.0000000e+00
0.0000000e+00
0.0000000e+00
0.0000000e+00
0.0000000e+00
0.0000000e+00
0.0000000e+00
0.0000000e+00
0.0000000e+00
0.0000000e+00
0.0000000e+00
0.0000000e+00
0.0000000e+00
0.0000000e+00
0.0000000e+00
0.0000000e+00
0.0000000e+00
0.0000000e+00
0.0000000e+00
0.0000000e+00
0.0000000e+00
0.0000000e+00
0.0000000e+00
0.0000000e+00
0.0000000e+00
0.0000000e+00
0.0000000e+00
0.0000000e+00
0.0000000e+00
0.0000000e+00
0.0000000e+00
0.0000000e+00
0.0000000e+00
0.0000000e+00
0.0000000e+00
0.0000000e+00
0.0000000e+00
0.0000000e+00
0.0000000e+00
0.0000000e+00
0.0000000e+00
0.0000000e+00
0.0000000e+00
0.0000000e+00
0.0000000e+00
0.0000000e+00
0.0000000e+00
0.0000000e+00
0.0000000e+00
0.0000000e+00
0.0000000e+00
0.0000000e+00
0.0000000e+00
0.0000000e+00
0.0000000e+00
0.0000000e+00
0.0000000e+00
0.0000000e+00
0.0000000e+00
0.0000000e+00
0.0000000e+00
0.0000000e+00
0.0000000e+00
0.0000000e+00
0.0000000e+00
0.0000000e+00
0.0000000e+00
0.0000000e+00
0.0000000e+00
0.0000000e+00
0.0000000e+00
0.0000000e+00
0.0000000e+00
0.0000000e+00
0.0000000e+00
0.0000000e+00
0.0000000e+00
0.0000000e+00
0.0000000e+00
0.0000000e+00
0.0000000e+00
0.0000000e+00
0.0000000e+00
0.0000000e+00
0.0000000e+00
0.0000000e+00
0.0000000e+00
0.0000000e+00
0.0000000e+00
0.0000000e+00
0.0000000e+00
0.0000000e+00
0.0000000e+00
0.0000000e+00
0.0000000e+00
0.0000000e+00
0.0000000e+00
0.0000000e+00
0.0000000e+00
0.0000000e+00
0.0000000e+00
0.0000000e+00
0.0000000e+00
0.0000000e+00
0.0000000e+00
0.0000000e+00
0.0000000e+00
0.0000000e+00
0.0000000e+00
0.0000000e+00
0.0000000e+00
0.0000000e+00
0.0000000e+00
0.0000000e+00
0.0000000e+00
0.0000000e+00
0.0000000e+00
0.0000000e+00
0.0000000e+00
0.0000000e+00
0.0000000e+00
0.0000000e+00
0.0000000e+00
0.0000000e+00
0.0000000e+00
0.0000000e+00
0.0000000e+00
0.0000000e+00
0.0000000e+00
0.0000000e+00
0.0000000e+00
0.0000000e+00
0.0000000e+00
0.0000000e+00
0.0000000e+00
0.0000000e+00
0.0000000e+00
0.0000000e+00
0.0000000e+00
0.0000000e+00
0.0000000e+00
0.0000000e+00
0.0000000e+00
0.0000000e+00
0.0000000e+00
0.0000000e+00
0.0000000e+00
0.0000000e+00
0.0000000e+00
0.0000000e+00
0.0000000e+00
0.0000000e+00
0.0000000e+00
0.0000000e+00
0.0000000e+00
0.0000000e+00
0.0000000e+00
0.0000000e+00
0.0000000e+00
0.0000000e+00
0.0000000e+00
0.0000000e+00
0.0000000e+00
0.0000000e+00
0.0000000e+00
0.0000000e+00
0.0000000e+00
0.0000000e+00
0.0000000e+00
0.0000000e+00
0.0000000e+00
0.0000000e+00
0.0000000e+00
0.0000000e+00
0.0000000e+00
0.0000000e+00
0.0000000e+00
0.0000000e+00
0.0000000e+00
0.0000000e+00
0.0000000e+00
0.0000000e+00
0.0000000e+00
0.0000000e+00
0.0000000e+00
0.0000000e+00
0.0000000e+00
0.0000000e+00
0.0000000e+00
0.0000000e+00
0.0000000e+00
0.0000000e+00
0.0000000e+00
0.0000000e+00
0.0000000e+00
0.0000000e+00
0.0000000e+00
0.0000000e+00
0.0000000e+00
0.0000000e+00
0.0000000e+00
0.0000000e+00
0.0000000e+00
0.0000000e+00
0.0000000e+00
0.0000000e+00
0.0000000e+00
0.0000000e+00
0.0000000e+00
0.0000000e+00
0.0000000e+00
0.0000000e+00
0.0000000e+00
0.0000000e+00
0.0000000e+00
0.0000000e+00
0.0000000e+00
0.0000000e+00
0.0000000e+00
0.0000000e+00
0.0000000e+00
0.0000000e+00
0.0000000e+00
0.0000000e+00
0.0000000e+00
0.0000000e+00
0.0000000e+00
0.0000000e+00
0.0000000e+00
0.0000000e+00
0.0000000e+00
0.0000000e+00
0.0000000e+00
0.0000000e+00
0.0000000e+00
0.0000000e+00
0.0000000e+00
0.0000000e+00
0.0000000e+00
0.0000000e+00
0.0000000e+00
0.0000000e+00
0.0000000e+00
0.0000000e+00
0.0000000e+00
0.0000000e+00
0.0000000e+00
0.0000000e+00
0.0000000e+00
0.0000000e+00
0.0000000e+00
0.0000000e+00
0.0000000e+00
0.0000000e+00
0.0000000e+00
0.0000000e+00
0.0000000e+00
0.0000000e+00
0.0000000e+00
0.0000000e+00
0.0000000e+00
0.0000000e+00
0.0000000e+00
0.0000000e+00
0.0000000e+00
0.0000000e+00
0.0000000e+00
0.0000000e+00
0.0000000e+00
0.0000000e+00
0.0000000e+00
0.0000000e+00
0.0000000e+00
0.0000000e+00
0.0000000e+00
0.0000000e+00
0.0000000e+00
0.0000000e+00
0.0000000e+00
0.0000000e+00
0.0000000e+00
0.0000000e+00
0.0000000e+00
0.0000000e+00
0.0000000e+00
0.0000000e+00
0.0000000e+00
0.0000000e+00
0.0000000e+00
0.0000000e+00
0.0000000e+00
0.0000000e+00
0.0000000e+00
0.0000000e+00
0.0000000e+00
0.0000000e+00
0.0000000e+00
0.0000000e+00
0.0000000e+00
0.0000000e+00
0.0000000e+00
0.0000000e+00
0.0000000e+00
0.0000000e+00
0.0000000e+00
0.0000000e+00
0.0000000e+00
0.0000000e+00
0.0000000e+00
0.0000000e+00
0.0000000e+00
0.0000000e+00
0.0000000e+00
0.0000000e+00
0.0000000e+00
0.0000000e+00
0.0000000e+00
0.0000000e+00
0.0000000e+00
0.0000000e+00
0.0000000e+00
0.0000000e+00
0.0000000e+00
0.0000000e+00
0.0000000e+00
0.0000000e+00
0.0000000e+00
0.0000000e+00
0.0000000e+00
0.0000000e+00
0.0000000e+00
0.0000000e+00
0.0000000e+00
0.0000000e+00
0.0000000e+00
0.0000000e+00
0.0000000e+00
0.0000000e+00
0.0000000e+00
0.0000000e+00
0.0000000e+00
0.0000000e+00
0.0000000e+00
0.0000000e+00
0.0000000e+00
0.0000000e+00
0.0000000e+00
0.0000000e+00
0.0000000e+00
0.0000000e+00
0.0000000e+00
0.0000000e+00
0.0000000e+00
0.0000000e+00
0.0000000e+00
0.0000000e+00
0.0000000e+00
0.0000000e+00
0.0000000e+00
0.0000000e+00
0.0000000e+00
0.0000000e+00
0.0000000e+00
0.0000000e+00
0.0000000e+00
0.0000000e+00
0.0000000e+00
0.0000000e+00
0.0000000e+00
0.0000000e+00
0.0000000e+00
0.0000000e+00
0.0000000e+00
0.0000000e+00
0.0000000e+00
0.0000000e+00
0.0000000e+00
0.0000000e+00
0.0000000e+00
0.0000000e+00
0.0000000e+00
0.0000000e+00
0.0000000e+00
0.0000000e+00
0.0000000e+00
0.0000000e+00
0.0000000e+00
0.0000000e+00
0.0000000e+00
0.0000000e+00
0.0000000e+00
0.0000000e+00
0.0000000e+00
0.0000000e+00
0.0000000e+00
0.0000000e+00
0.0000000e+00
0.0000000e+00
0.0000000e+00
0.0000000e+00
0.0000000e+00
0.0000000e+00
0.0000000e+00
0.0000000e+00
0.0000000e+00
0.0000000e+00
0.0000000e+00
0.0000000e+00
0.0000000e+00
0.0000000e+00
0.0000000e+00
0.0000000e+00
0.0000000e+00
0.0000000e+00
0.0000000e+00
0.0000000e+00
0.0000000e+00
0.0000000e+00
0.0000000e+00
0.0000000e+00
0.0000000e+00
0.0000000e+00
0.0000000e+00
0.0000000e+00
0.0000000e+00
0.0000000e+00
0.0000000e+00
0.0000000e+00
0.0000000e+00
0.0000000e+00
0.0000000e+00
0.0000000e+00
0.0000000e+00
0.0000000e+00
0.0000000e+00
0.0000000e+00
0.0000000e+00
0.0000000e+00
0.0000000e+00
0.0000000e+00
0.0000000e+00
0.0000000e+00
0.0000000e+00
0.0000000e+00
0.0000000e+00
0.0000000e+00
0.0000000e+00
0.0000000e+00
0.0000000e+00
0.0000000e+00
0.0000000e+00
0.0000000e+00
0.0000000e+00
0.0000000e+00
0.0000000e+00
0.0000000e+00
0.0000000e+00
0.0000000e+00
0.0000000e+00
0.0000000e+00
0.0000000e+00
0.0000000e+00
0.0000000e+00
0.0000000e+00
0.0000000e+00
0.0000000e+00
0.0000000e+00
0.0000000e+00
0.0000000e+00
0.0000000e+00
0.0000000e+00
0.0000000e+00
0.0000000e+00
0.0000000e+00
0.0000000e+00
0.0000000e+00
0.0000000e+00
0.0000000e+00
0.0000000e+00
0.0000000e+00
0.0000000e+00
0.0000000e+00
0.0000000e+00
0.0000000e+00
0.0000000e+00
0.0000000e+00
0.0000000e+00
0.0000000e+00
0.0000000e+00
0.0000000e+00
0.0000000e+00
0.0000000e+00
0.0000000e+00
0.0000000e+00
0.0000000e+00
0.0000000e+00
0.0000000e+00
0.0000000e+00
0.0000000e+00
0.0000000e+00
0.0000000e+00
0.0000000e+00
0.0000000e+00
0.0000000e+00
0.0000000e+00
0.0000000e+00
0.0000000e+00
0.0000000e+00
0.0000000e+00
0.0000000e+00
0.0000000e+00
0.0000000e+00
0.0000000e+00
0.0000000e+00
0.0000000e+00
0.0000000e+00
0.0000000e+00
0.0000000e+00
0.0000000e+00
0.0000000e+00
0.0000000e+00
0.0000000e+00
0.0000000e+00
0.0000000e+00
0.0000000e+00
0.0000000e+00
0.0000000e+00
0.0000000e+00
0.0000000e+00
0.0000000e+00
0.0000000e+00
0.0000000e+00
0.0000000e+00
0.0000000e+00
0.0000000e+00
0.0000000e+00
0.0000000e+00
0.0000000e+00
0.0000000e+00
0.0000000e+00
0.0000000e+00
0.0000000e+00
0.0000000e+00
0.0000000e+00
0.0000000e+00
0.0000000e+00
0.0000000e+00
0.0000000e+00
0.0000000e+00
0.0000000e+00
0.0000000e+00
0.0000000e+00
0.0000000e+00
0.0000000e+00
0.0000000e+00
0.0000000e+00
0.0000000e+00
0.0000000e+00
0.0000000e+00
0.0000000e+00
0.0000000e+00
0.0000000e+00
0.0000000e+00
0.0000000e+00
0.0000000e+00
0.0000000e+00
0.0000000e+00
0.0000000e+00
0.0000000e+00
0.0000000e+00
0.0000000e+00
0.0000000e+00
0.0000000e+00
0.0000000e+00
0.0000000e+00
0.0000000e+00
0.0000000e+00
0.0000000e+00
0.0000000e+00
0.0000000e+00
0.0000000e+00
0.0000000e+00
0.0000000e+00
0.0000000e+00
0.0000000e+00
0.0000000e+00
0.0000000e+00
0.0000000e+00
0.0000000e+00
0.0000000e+00
0.0000000e+00
0.0000000e+00
0.0000000e+00
0.0000000e+00
0.0000000e+00
0.0000000e+00
0.0000000e+00
0.0000000e+00
0.0000000e+00
0.0000000e+00
0.0000000e+00
0.0000000e+00
0.0000000e+00
0.0000000e+00
0.0000000e+00
0.0000000e+00
0.0000000e+00
0.0000000e+00
0.0000000e+00
0.0000000e+00
0.0000000e+00
0.0000000e+00
0.0000000e+00
0.0000000e+00
0.0000000e+00
0.0000000e+00
0.0000000e+00
0.0000000e+00
0.0000000e+00
0.0000000e+00
0.0000000e+00
0.0000000e+00
0.0000000e+00
0.0000000e+00
0.0000000e+00
0.0000000e+00
0.0000000e+00
0.0000000e+00
0.0000000e+00
0.0000000e+00
0.0000000e+00
0.0000000e+00
0.0000000e+00
0.0000000e+00
0.0000000e+00
0.0000000e+00
0.0000000e+00
0.0000000e+00
0.0000000e+00
0.0000000e+00
0.0000000e+00
0.0000000e+00
0.0000000e+00
0.0000000e+00
0.0000000e+00
0.0000000e+00
0.0000000e+00
0.0000000e+00
0.0000000e+00
0.0000000e+00
0.0000000e+00
0.0000000e+00
0.0000000e+00
0.0000000e+00
0.0000000e+00
0.0000000e+00
0.0000000e+00
0.0000000e+00
0.0000000e+00
0.0000000e+00
0.0000000e+00
0.0000000e+00
0.0000000e+00
0.0000000e+00
0.0000000e+00
0.0000000e+00
0.0000000e+00
0.0000000e+00
0.0000000e+00
0.0000000e+00
0.0000000e+00
0.0000000e+00
0.0000000e+00
0.0000000e+00
0.0000000e+00
0.0000000e+00
0.0000000e+00
0.0000000e+00
0.0000000e+00
0.0000000e+00
0.0000000e+00
0.0000000e+00
0.0000000e+00
0.0000000e+00
0.0000000e+00
0.0000000e+00
0.0000000e+00
0.0000000e+00
0.0000000e+00
0.0000000e+00
0.0000000e+00
0.0000000e+00
0.0000000e+00
0.0000000e+00
0.0000000e+00
0.0000000e+00
0.0000000e+00
0.0000000e+00
0.0000000e+00
0.0000000e+00
0.0000000e+00
0.0000000e+00
0.0000000e+00
0.0000000e+00
0.0000000e+00
0.0000000e+00
0.0000000e+00
0.0000000e+00
0.0000000e+00
0.0000000e+00
0.0000000e+00
0.0000000e+00
0.0000000e+00
0.0000000e+00
0.0000000e+00
0.0000000e+00
0.0000000e+00
0.0000000e+00
0.0000000e+00
0.0000000e+00
0.0000000e+00
0.0000000e+00
0.0000000e+00
0.0000000e+00
0.0000000e+00
0.0000000e+00
0.0000000e+00
0.0000000e+00
0.0000000e+00
0.0000000e+00
0.0000000e+00
0.0000000e+00
0.0000000e+00
0.0000000e+00
0.0000000e+00
0.0000000e+00
0.0000000e+00
0.0000000e+00
0.0000000e+00
0.0000000e+00
0.0000000e+00
0.0000000e+00
0.0000000e+00
0.0000000e+00
0.0000000e+00
0.0000000e+00
0.0000000e+00
0.0000000e+00
0.0000000e+00
0.0000000e+00
0.0000000e+00
0.0000000e+00
0.0000000e+00
0.0000000e+00
0.0000000e+00
0.0000000e+00
0.0000000e+00
0.0000000e+00
0.0000000e+00
0.0000000e+00
0.0000000e+00
0.0000000e+00
0.0000000e+00
0.0000000e+00
0.0000000e+00
0.0000000e+00
0.0000000e+00
0.0000000e+00
0.0000000e+00
0.0000000e+00
0.0000000e+00
0.0000000e+00
0.0000000e+00
0.0000000e+00
0.0000000e+00
0.0000000e+00
0.0000000e+00
0.0000000e+00
0.0000000e+00
0.0000000e+00
0.0000000e+00
0.0000000e+00
0.0000000e+00
0.0000000e+00
0.0000000e+00
0.0000000e+00
0.0000000e+00
0.0000000e+00
0.0000000e+00
0.0000000e+00
0.0000000e+00
0.0000000e+00
0.0000000e+00
0.0000000e+00
0.0000000e+00
0.0000000e+00
0.0000000e+00
0.0000000e+00
0.0000000e+00
0.0000000e+00
0.0000000e+00
0.0000000e+00
0.0000000e+00
0.0000000e+00
0.0000000e+00
0.0000000e+00
0.0000000e+00
0.0000000e+00
0.0000000e+00
0.0000000e+00
0.0000000e+00
0.0000000e+00
0.0000000e+00
0.0000000e+00
0.0000000e+00
0.0000000e+00
0.0000000e+00
0.0000000e+00
0.0000000e+00
0.0000000e+00
0.0000000e+00
0.0000000e+00
0.0000000e+00
0.0000000e+00
0.0000000e+00
0.0000000e+00
0.0000000e+00
0.0000000e+00
0.0000000e+00
0.0000000e+00
0.0000000e+00
0.0000000e+00
0.0000000e+00
0.0000000e+00
0.0000000e+00
0.0000000e+00
0.0000000e+00
0.0000000e+00
0.0000000e+00
0.0000000e+00
0.0000000e+00
0.0000000e+00
0.0000000e+00
0.0000000e+00
0.0000000e+00
0.0000000e+00
0.0000000e+00
0.0000000e+00
0.0000000e+00
0.0000000e+00
0.0000000e+00
0.0000000e+00
0.0000000e+00
0.0000000e+00
0.0000000e+00
0.0000000e+00
0.0000000e+00
0.0000000e+00
0.0000000e+00
0.0000000e+00
0.0000000e+00
0.0000000e+00
0.0000000e+00
0.0000000e+00
0.0000000e+00
0.0000000e+00
0.0000000e+00
0.0000000e+00
0.0000000e+00
0.0000000e+00
0.0000000e+00
0.0000000e+00
0.0000000e+00
0.0000000e+00
0.0000000e+00
0.0000000e+00
0.0000000e+00
0.0000000e+00
0.0000000e+00
0.0000000e+00
0.0000000e+00
0.0000000e+00
0.0000000e+00
0.0000000e+00
0.0000000e+00
0.0000000e+00
0.0000000e+00
0.0000000e+00
0.0000000e+00
0.0000000e+00
0.0000000e+00
0.0000000e+00
0.0000000e+00
0.0000000e+00
0.0000000e+00
0.0000000e+00
0.0000000e+00
0.0000000e+00
0.0000000e+00
0.0000000e+00
0.0000000e+00
0.0000000e+00
0.0000000e+00
0.0000000e+00
0.0000000e+00
0.0000000e+00
0.0000000e+00
0.0000000e+00
0.0000000e+00
0.0000000e+00
0.0000000e+00
0.0000000e+00
0.0000000e+00
0.0000000e+00
0.0000000e+00
0.0000000e+00
0.0000000e+00
0.0000000e+00
0.0000000e+00
0.0000000e+00
0.0000000e+00
0.0000000e+00
0.0000000e+00
0.0000000e+00
0.0000000e+00
0.0000000e+00
0.0000000e+00
0.0000000e+00
0.0000000e+00
0.0000000e+00
0.0000000e+00
0.0000000e+00
0.0000000e+00
0.0000000e+00
0.0000000e+00
0.0000000e+00
0.0000000e+00
0.0000000e+00
0.0000000e+00
0.0000000e+00
0.0000000e+00
0.0000000e+00
0.0000000e+00
0.0000000e+00
0.0000000e+00
0.0000000e+00
0.0000000e+00
0.0000000e+00
0.0000000e+00
0.0000000e+00
0.0000000e+00
0.0000000e+00
0.0000000e+00
0.0000000e+00
0.0000000e+00
0.0000000e+00
0.0000000e+00
0.0000000e+00
0.0000000e+00
0.0000000e+00
0.0000000e+00
0.0000000e+00
0.0000000e+00
0.0000000e+00
0.0000000e+00
0.0000000e+00
0.0000000e+00
0.0000000e+00
0.0000000e+00
0.0000000e+00
0.0000000e+00
0.0000000e+00
0.0000000e+00
0.0000000e+00
0.0000000e+00
0.0000000e+00
0.0000000e+00
0.0000000e+00
0.0000000e+00
0.0000000e+00
0.0000000e+00
0.0000000e+00
0.0000000e+00
0.0000000e+00
0.0000000e+00
0.0000000e+00
0.0000000e+00
0.0000000e+00
0.0000000e+00
0.0000000e+00
0.0000000e+00
0.0000000e+00
0.0000000e+00
0.0000000e+00
0.0000000e+00
0.0000000e+00
0.0000000e+00
0.0000000e+00
0.0000000e+00
0.0000000e+00
0.0000000e+00
0.0000000e+00
0.0000000e+00
0.0000000e+00
0.0000000e+00
0.0000000e+00
0.0000000e+00
0.0000000e+00
0.0000000e+00
0.0000000e+00
0.0000000e+00
0.0000000e+00
0.0000000e+00
0.0000000e+00
0.0000000e+00
0.0000000e+00
0.0000000e+00
0.0000000e+00
0.0000000e+00
0.0000000e+00
0.0000000e+00
0.0000000e+00
0.0000000e+00
0.0000000e+00
0.0000000e+00
0.0000000e+00
0.0000000e+00
0.0000000e+00
0.0000000e+00
0.0000000e+00
0.0000000e+00
0.0000000e+00
0.0000000e+00
0.0000000e+00
0.0000000e+00
0.0000000e+00
0.0000000e+00
0.0000000e+00
0.0000000e+00
0.0000000e+00
0.0000000e+00
0.0000000e+00
0.0000000e+00
0.0000000e+00
0.0000000e+00
0.0000000e+00
0.0000000e+00
0.0000000e+00
0.0000000e+00
0.0000000e+00
0.0000000e+00
0.0000000e+00
0.0000000e+00
0.0000000e+00
0.0000000e+00
0.0000000e+00
0.0000000e+00
0.0000000e+00
0.0000000e+00
0.0000000e+00
0.0000000e+00
0.0000000e+00
0.0000000e+00
0.0000000e+00
0.0000000e+00
0.0000000e+00
0.0000000e+00
0.0000000e+00
0.0000000e+00
0.0000000e+00
0.0000000e+00
0.0000000e+00
0.0000000e+00
0.0000000e+00
0.0000000e+00
0.0000000e+00
0.0000000e+00
0.0000000e+00
0.0000000e+00
0.0000000e+00
0.0000000e+00
0.0000000e+00
0.0000000e+00
0.0000000e+00
0.0000000e+00
0.0000000e+00
0.0000000e+00
0.0000000e+00
0.0000000e+00
0.0000000e+00
0.0000000e+00
0.0000000e+00
0.0000000e+00
0.0000000e+00
0.0000000e+00
0.0000000e+00
0.0000000e+00
0.0000000e+00
0.0000000e+00
0.0000000e+00
0.0000000e+00
0.0000000e+00
0.0000000e+00
0.0000000e+00
0.0000000e+00
0.0000000e+00
0.0000000e+00
0.0000000e+00
0.0000000e+00
0.0000000e+00
0.0000000e+00
0.0000000e+00
0.0000000e+00
0.0000000e+00
0.0000000e+00
0.0000000e+00
0.0000000e+00
0.0000000e+00
0.0000000e+00
0.0000000e+00
0.0000000e+00
0.0000000e+00
0.0000000e+00
0.0000000e+00
0.0000000e+00
0.0000000e+00
0.0000000e+00
0.0000000e+00
0.0000000e+00
0.0000000e+00
0.0000000e+00
0.0000000e+00
0.0000000e+00
0.0000000e+00
0.0000000e+00
0.0000000e+00
0.0000000e+00
0.0000000e+00
0.0000000e+00
0.0000000e+00
0.0000000e+00
0.0000000e+00
0.0000000e+00
0.0000000e+00
0.0000000e+00
0.0000000e+00
0.0000000e+00
0.0000000e+00
0.0000000e+00
0.0000000e+00
0.0000000e+00
0.0000000e+00
0.0000000e+00
0.0000000e+00
0.0000000e+00
0.0000000e+00
0.0000000e+00
0.0000000e+00
0.0000000e+00
0.0000000e+00
0.0000000e+00
0.0000000e+00
0.0000000e+00
0.0000000e+00
0.0000000e+00
0.0000000e+00
0.0000000e+00
0.0000000e+00
0.0000000e+00
0.0000000e+00
0.0000000e+00
0.0000000e+00
0.0000000e+00
0.0000000e+00
0.0000000e+00
0.0000000e+00
0.0000000e+00
0.0000000e+00
0.0000000e+00
0.0000000e+00
0.0000000e+00
0.0000000e+00
0.0000000e+00
0.0000000e+00
0.0000000e+00
0.0000000e+00
0.0000000e+00
0.0000000e+00
0.0000000e+00
0.0000000e+00
0.0000000e+00
0.0000000e+00
0.0000000e+00
0.0000000e+00
0.0000000e+00
0.0000000e+00
0.0000000e+00
0.0000000e+00
0.0000000e+00
0.0000000e+00
0.0000000e+00
0.0000000e+00
0.0000000e+00
0.0000000e+00
0.0000000e+00
0.0000000e+00
0.0000000e+00
0.0000000e+00
0.0000000e+00
0.0000000e+00
0.0000000e+00
0.0000000e+00
0.0000000e+00
0.0000000e+00
0.0000000e+00
0.0000000e+00
0.0000000e+00
0.0000000e+00
0.0000000e+00
0.0000000e+00
0.0000000e+00
0.0000000e+00
0.0000000e+00
0.0000000e+00
0.0000000e+00
0.0000000e+00
0.0000000e+00
0.0000000e+00
0.0000000e+00
0.0000000e+00
0.0000000e+00
0.0000000e+00
0.0000000e+00
0.0000000e+00
0.0000000e+00
0.0000000e+00
0.0000000e+00
0.0000000e+00
0.0000000e+00
0.0000000e+00
0.0000000e+00
0.0000000e+00
0.0000000e+00
0.0000000e+00
0.0000000e+00
0.0000000e+00
0.0000000e+00
0.0000000e+00
0.0000000e+00
0.0000000e+00
0.0000000e+00
0.0000000e+00
0.0000000e+00
0.0000000e+00
0.0000000e+00
0.0000000e+00
0.0000000e+00
0.0000000e+00
0.0000000e+00
0.0000000e+00
0.0000000e+00
0.0000000e+00
0.0000000e+00
0.0000000e+00
0.0000000e+00
0.0000000e+00
0.0000000e+00
0.0000000e+00
0.0000000e+00
0.0000000e+00
0.0000000e+00
0.0000000e+00
0.0000000e+00
0.0000000e+00
0.0000000e+00
0.0000000e+00
0.0000000e+00
0.0000000e+00
0.0000000e+00
0.0000000e+00
0.0000000e+00
0.0000000e+00
0.0000000e+00
0.0000000e+00
0.0000000e+00
0.0000000e+00
0.0000000e+00
0.0000000e+00
0.0000000e+00
0.0000000e+00
0.0000000e+00
0.0000000e+00
0.0000000e+00
0.0000000e+00
0.0000000e+00
0.0000000e+00
0.0000000e+00
0.0000000e+00
0.0000000e+00
0.0000000e+00
0.0000000e+00
0.0000000e+00
0.0000000e+00
0.0000000e+00
0.0000000e+00
0.0000000e+00
0.0000000e+00
0.0000000e+00
0.0000000e+00
0.0000000e+00
0.0000000e+00
0.0000000e+00
0.0000000e+00
0.0000000e+00
0.0000000e+00
0.0000000e+00
0.0000000e+00
0.0000000e+00
0.0000000e+00
0.0000000e+00
0.0000000e+00
0.0000000e+00
0.0000000e+00
0.0000000e+00
0.0000000e+00
0.0000000e+00
0.0000000e+00
0.0000000e+00
0.0000000e+00
0.0000000e+00
0.0000000e+00
0.0000000e+00
0.0000000e+00
0.0000000e+00
0.0000000e+00
0.0000000e+00
0.0000000e+00
0.0000000e+00
0.0000000e+00
0.0000000e+00
0.0000000e+00
0.0000000e+00
0.0000000e+00
0.0000000e+00
0.0000000e+00
0.0000000e+00
0.0000000e+00
0.0000000e+00
0.0000000e+00
0.0000000e+00
0.0000000e+00
0.0000000e+00
0.0000000e+00
0.0000000e+00
0.0000000e+00
0.0000000e+00
0.0000000e+00
0.0000000e+00
0.0000000e+00
0.0000000e+00
0.0000000e+00
0.0000000e+00
0.0000000e+00
0.0000000e+00
0.0000000e+00
0.0000000e+00
0.0000000e+00
0.0000000e+00
0.0000000e+00
0.0000000e+00
0.0000000e+00
0.0000000e+00
0.0000000e+00
0.0000000e+00
0.0000000e+00
0.0000000e+00
0.0000000e+00
0.0000000e+00
0.0000000e+00
0.0000000e+00
0.0000000e+00
0.0000000e+00
0.0000000e+00
0.0000000e+00
0.0000000e+00
0.0000000e+00
0.0000000e+00
0.0000000e+00
0.0000000e+00
0.0000000e+00
0.0000000e+00
0.0000000e+00
0.0000000e+00
0.0000000e+00
0.0000000e+00
0.0000000e+00
0.0000000e+00
0.0000000e+00
0.0000000e+00
0.0000000e+00
0.0000000e+00
0.0000000e+00
0.0000000e+00
0.0000000e+00
0.0000000e+00
0.0000000e+00
0.0000000e+00
0.0000000e+00
0.0000000e+00
0.0000000e+00
0.0000000e+00
0.0000000e+00
0.0000000e+00
0.0000000e+00
0.0000000e+00
0.0000000e+00
0.0000000e+00
0.0000000e+00
0.0000000e+00
0.0000000e+00
0.0000000e+00
0.0000000e+00
0.0000000e+00
0.0000000e+00
0.0000000e+00
0.0000000e+00
0.0000000e+00
0.0000000e+00
0.0000000e+00
0.0000000e+00
0.0000000e+00
0.0000000e+00
0.0000000e+00
0.0000000e+00
0.0000000e+00
0.0000000e+00
0.0000000e+00
0.0000000e+00
0.0000000e+00
0.0000000e+00
0.0000000e+00
0.0000000e+00
0.0000000e+00
0.0000000e+00
0.0000000e+00
0.0000000e+00
0.0000000e+00
0.0000000e+00
0.0000000e+00
0.0000000e+00
0.0000000e+00
0.0000000e+00
0.0000000e+00
0.0000000e+00
0.0000000e+00
0.0000000e+00
0.0000000e+00
0.0000000e+00
0.0000000e+00
0.0000000e+00
0.0000000e+00
0.0000000e+00
0.0000000e+00
0.0000000e+00
0.0000000e+00
0.0000000e+00
0.0000000e+00
0.0000000e+00
0.0000000e+00
0.0000000e+00
0.0000000e+00
0.0000000e+00
0.0000000e+00
0.0000000e+00
0.0000000e+00
0.0000000e+00
0.0000000e+00
0.0000000e+00
0.0000000e+00
0.0000000e+00
0.0000000e+00
0.0000000e+00
0.0000000e+00
0.0000000e+00
0.0000000e+00
0.0000000e+00
0.0000000e+00
0.0000000e+00
0.0000000e+00
0.0000000e+00
0.0000000e+00
0.0000000e+00
0.0000000e+00
0.0000000e+00
0.0000000e+00
0.0000000e+00
0.0000000e+00
0.0000000e+00
0.0000000e+00
0.0000000e+00
0.0000000e+00
0.0000000e+00
0.0000000e+00
0.0000000e+00
0.0000000e+00
0.0000000e+00
0.0000000e+00
0.0000000e+00
0.0000000e+00
0.0000000e+00
0.0000000e+00
0.0000000e+00
0.0000000e+00
0.0000000e+00
0.0000000e+00
0.0000000e+00
0.0000000e+00
0.0000000e+00
0.0000000e+00
0.0000000e+00
0.0000000e+00
0.0000000e+00
0.0000000e+00
0.0000000e+00
0.0000000e+00
0.0000000e+00
0.0000000e+00
0.0000000e+00
0.0000000e+00
0.0000000e+00
0.0000000e+00
0.0000000e+00
0.0000000e+00
0.0000000e+00
0.0000000e+00
0.0000000e+00
0.0000000e+00
0.0000000e+00
0.0000000e+00
0.0000000e+00
0.0000000e+00
0.0000000e+00
0.0000000e+00
0.0000000e+00
0.0000000e+00
0.0000000e+00
0.0000000e+00
0.0000000e+00
0.0000000e+00
0.0000000e+00
0.0000000e+00
0.0000000e+00
0.0000000e+00
0.0000000e+00
0.0000000e+00
0.0000000e+00
0.0000000e+00
0.0000000e+00
0.0000000e+00
0.0000000e+00
0.0000000e+00
0.0000000e+00
0.0000000e+00
0.0000000e+00
0.0000000e+00
0.0000000e+00
0.0000000e+00
0.0000000e+00
0.0000000e+00
0.0000000e+00
0.0000000e+00
0.0000000e+00
0.0000000e+00
0.0000000e+00
0.0000000e+00
0.0000000e+00
0.0000000e+00
0.0000000e+00
0.0000000e+00
0.0000000e+00
0.0000000e+00
0.0000000e+00
0.0000000e+00
0.0000000e+00
0.0000000e+00
0.0000000e+00
0.0000000e+00
0.0000000e+00
0.0000000e+00
0.0000000e+00
0.0000000e+00
0.0000000e+00
0.0000000e+00
0.0000000e+00
0.0000000e+00
0.0000000e+00
0.0000000e+00
0.0000000e+00
0.0000000e+00
0.0000000e+00
0.0000000e+00
0.0000000e+00
0.0000000e+00
0.0000000e+00
0.0000000e+00
0.0000000e+00
0.0000000e+00
0.0000000e+00
0.0000000e+00
0.0000000e+00
0.0000000e+00
0.0000000e+00
0.0000000e+00
0.0000000e+00
0.0000000e+00
0.0000000e+00
0.0000000e+00
0.0000000e+00
0.0000000e+00
0.0000000e+00
0.0000000e+00
0.0000000e+00
0.0000000e+00
0.0000000e+00
0.0000000e+00
0.0000000e+00
0.0000000e+00
0.0000000e+00
0.0000000e+00
0.0000000e+00
0.0000000e+00
0.0000000e+00
0.0000000e+00
0.0000000e+00
0.0000000e+00
0.0000000e+00
0.0000000e+00
0.0000000e+00
0.0000000e+00
0.0000000e+00
0.0000000e+00
0.0000000e+00
0.0000000e+00
0.0000000e+00
0.0000000e+00
0.0000000e+00
0.0000000e+00
0.0000000e+00
0.0000000e+00
0.0000000e+00
0.0000000e+00
0.0000000e+00
0.0000000e+00
0.0000000e+00
0.0000000e+00
0.0000000e+00
0.0000000e+00
0.0000000e+00
0.0000000e+00
0.0000000e+00
0.0000000e+00
0.0000000e+00
0.0000000e+00
0.0000000e+00
0.0000000e+00
0.0000000e+00
0.0000000e+00
0.0000000e+00
0.0000000e+00
0.0000000e+00
0.0000000e+00
0.0000000e+00
0.0000000e+00
0.0000000e+00
0.0000000e+00
0.0000000e+00
0.0000000e+00
0.0000000e+00
0.0000000e+00
0.0000000e+00
0.0000000e+00
0.0000000e+00
0.0000000e+00
0.0000000e+00
0.0000000e+00
0.0000000e+00
0.0000000e+00
0.0000000e+00
0.0000000e+00
0.0000000e+00
0.0000000e+00
0.0000000e+00
0.0000000e+00
0.0000000e+00
0.0000000e+00
0.0000000e+00
0.0000000e+00
0.0000000e+00
0.0000000e+00
0.0000000e+00
0.0000000e+00
0.0000000e+00
0.0000000e+00
0.0000000e+00
0.0000000e+00
0.0000000e+00
0.0000000e+00
0.0000000e+00
0.0000000e+00
0.0000000e+00
0.0000000e+00
0.0000000e+00
0.0000000e+00
0.0000000e+00
0.0000000e+00
0.0000000e+00
0.0000000e+00
0.0000000e+00
0.0000000e+00
0.0000000e+00
0.0000000e+00
0.0000000e+00
0.0000000e+00
0.0000000e+00
0.0000000e+00
0.0000000e+00
0.0000000e+00
0.0000000e+00
0.0000000e+00
0.0000000e+00
0.0000000e+00
0.0000000e+00
0.0000000e+00
0.0000000e+00
0.0000000e+00
0.0000000e+00
0.0000000e+00
0.0000000e+00
0.0000000e+00
0.0000000e+00
0.0000000e+00
0.0000000e+00
0.0000000e+00
0.0000000e+00
0.0000000e+00
0.0000000e+00
0.0000000e+00
0.0000000e+00
0.0000000e+00
0.0000000e+00
0.0000000e+00
0.0000000e+00
0.0000000e+00
0.0000000e+00
0.0000000e+00
0.0000000e+00
0.0000000e+00
0.0000000e+00
0.0000000e+00
0.0000000e+00
0.0000000e+00
0.0000000e+00
0.0000000e+00
0.0000000e+00
0.0000000e+00
0.0000000e+00
0.0000000e+00
0.0000000e+00
0.0000000e+00
0.0000000e+00
0.0000000e+00
0.0000000e+00
0.0000000e+00
0.0000000e+00
0.0000000e+00
0.0000000e+00
0.0000000e+00
0.0000000e+00
0.0000000e+00
0.0000000e+00
0.0000000e+00
0.0000000e+00
0.0000000e+00
0.0000000e+00
0.0000000e+00
0.0000000e+00
0.0000000e+00
0.0000000e+00
0.0000000e+00
0.0000000e+00
0.0000000e+00
0.0000000e+00
0.0000000e+00
0.0000000e+00
0.0000000e+00
0.0000000e+00
0.0000000e+00
0.0000000e+00
0.0000000e+00
0.0000000e+00
0.0000000e+00
0.0000000e+00
0.0000000e+00
0.0000000e+00
0.0000000e+00
0.0000000e+00
0.0000000e+00
0.0000000e+00
0.0000000e+00
0.0000000e+00
0.0000000e+00
0.0000000e+00
0.0000000e+00
0.0000000e+00
0.0000000e+00
0.0000000e+00
0.0000000e+00
0.0000000e+00
0.0000000e+00
0.0000000e+00
0.0000000e+00
0.0000000e+00
0.0000000e+00
0.0000000e+00
0.0000000e+00
0.0000000e+00
0.0000000e+00
0.0000000e+00
0.0000000e+00
0.0000000e+00
0.0000000e+00
0.0000000e+00
0.0000000e+00
0.0000000e+00
0.0000000e+00
0.0000000e+00
0.0000000e+00
0.0000000e+00
0.0000000e+00
0.0000000e+00
0.0000000e+00
0.0000000e+00
0.0000000e+00
0.0000000e+00
0.0000000e+00
0.0000000e+00
0.0000000e+00
0.0000000e+00
0.0000000e+00
0.0000000e+00
0.0000000e+00
0.0000000e+00
0.0000000e+00
0.0000000e+00
0.0000000e+00
0.0000000e+00
0.0000000e+00
0.0000000e+00
0.0000000e+00
0.0000000e+00
0.0000000e+00
0.0000000e+00
0.0000000e+00
0.0000000e+00
0.0000000e+00
0.0000000e+00
0.0000000e+00
0.0000000e+00
0.0000000e+00
0.0000000e+00
0.0000000e+00
0.0000000e+00
0.0000000e+00
0.0000000e+00
0.0000000e+00
0.0000000e+00
0.0000000e+00
0.0000000e+00
0.0000000e+00
0.0000000e+00
0.0000000e+00
0.0000000e+00
0.0000000e+00
0.0000000e+00
0.0000000e+00
0.0000000e+00
0.0000000e+00
0.0000000e+00
0.0000000e+00
0.0000000e+00
0.0000000e+00
0.0000000e+00
0.0000000e+00
0.0000000e+00
0.0000000e+00
0.0000000e+00
0.0000000e+00
0.0000000e+00
0.0000000e+00
0.0000000e+00
0.0000000e+00
0.0000000e+00
0.0000000e+00
0.0000000e+00
0.0000000e+00
0.0000000e+00
0.0000000e+00
0.0000000e+00
0.0000000e+00
0.0000000e+00
0.0000000e+00
0.0000000e+00
0.0000000e+00
0.0000000e+00
0.0000000e+00
0.0000000e+00
0.0000000e+00
0.0000000e+00
0.0000000e+00
0.0000000e+00
0.0000000e+00
0.0000000e+00
0.0000000e+00
0.0000000e+00
0.0000000e+00
0.0000000e+00
0.0000000e+00
0.0000000e+00
0.0000000e+00
0.0000000e+00
0.0000000e+00
0.0000000e+00
0.0000000e+00
0.0000000e+00
0.0000000e+00
0.0000000e+00
0.0000000e+00
0.0000000e+00
0.0000000e+00
0.0000000e+00
0.0000000e+00
0.0000000e+00
0.0000000e+00
0.0000000e+00
0.0000000e+00
0.0000000e+00
0.0000000e+00
0.0000000e+00
0.0000000e+00
0.0000000e+00
0.0000000e+00
0.0000000e+00
0.0000000e+00
0.0000000e+00
0.0000000e+00
0.0000000e+00
0.0000000e+00
0.0000000e+00
0.0000000e+00
0.0000000e+00
0.0000000e+00
0.0000000e+00
0.0000000e+00
0.0000000e+00
0.0000000e+00
0.0000000e+00
0.0000000e+00
0.0000000e+00
0.0000000e+00
0.0000000e+00
0.0000000e+00
0.0000000e+00
0.0000000e+00
0.0000000e+00
0.0000000e+00
0.0000000e+00
0.0000000e+00
0.0000000e+00
0.0000000e+00
0.0000000e+00
0.0000000e+00
0.0000000e+00
0.0000000e+00
0.0000000e+00
0.0000000e+00
0.0000000e+00
0.0000000e+00
0.0000000e+00
0.0000000e+00
0.0000000e+00
0.0000000e+00
0.0000000e+00
0.0000000e+00
0.0000000e+00
0.0000000e+00
0.0000000e+00
0.0000000e+00
0.0000000e+00
0.0000000e+00
0.0000000e+00
0.0000000e+00
0.0000000e+00
0.0000000e+00
0.0000000e+00
0.0000000e+00
0.0000000e+00
0.0000000e+00
0.0000000e+00
0.0000000e+00
0.0000000e+00
0.0000000e+00
0.0000000e+00
0.0000000e+00
0.0000000e+00
0.0000000e+00
0.0000000e+00
0.0000000e+00
0.0000000e+00
0.0000000e+00
0.0000000e+00
0.0000000e+00
0.0000000e+00
0.0000000e+00
0.0000000e+00
0.0000000e+00
0.0000000e+00
0.0000000e+00
0.0000000e+00
0.0000000e+00
0.0000000e+00
0.0000000e+00
0.0000000e+00
0.0000000e+00
0.0000000e+00
0.0000000e+00
0.0000000e+00
0.0000000e+00
0.0000000e+00
0.0000000e+00
0.0000000e+00
0.0000000e+00
0.0000000e+00
0.0000000e+00
0.0000000e+00
0.0000000e+00
0.0000000e+00
0.0000000e+00
0.0000000e+00
0.0000000e+00
0.0000000e+00
0.0000000e+00
0.0000000e+00
0.0000000e+00
0.0000000e+00
0.0000000e+00
0.0000000e+00
0.0000000e+00
0.0000000e+00
0.0000000e+00
0.0000000e+00
0.0000000e+00
0.0000000e+00
0.0000000e+00
0.0000000e+00
0.0000000e+00
0.0000000e+00
0.0000000e+00
0.0000000e+00
0.0000000e+00
0.0000000e+00
0.0000000e+00
0.0000000e+00
0.0000000e+00
0.0000000e+00
0.0000000e+00
0.0000000e+00
0.0000000e+00
0.0000000e+00
0.0000000e+00
0.0000000e+00
0.0000000e+00
0.0000000e+00
0.0000000e+00
0.0000000e+00
0.0000000e+00
0.0000000e+00
0.0000000e+00
0.0000000e+00
0.0000000e+00
0.0000000e+00
0.0000000e+00
0.0000000e+00
0.0000000e+00
0.0000000e+00
0.0000000e+00
0.0000000e+00
0.0000000e+00
0.0000000e+00
0.0000000e+00
0.0000000e+00
0.0000000e+00
0.0000000e+00
0.0000000e+00
0.0000000e+00
0.0000000e+00
0.0000000e+00
0.0000000e+00
0.0000000e+00
0.0000000e+00
0.0000000e+00
0.0000000e+00
0.0000000e+00
0.0000000e+00
0.0000000e+00
0.0000000e+00
0.0000000e+00
0.0000000e+00
0.0000000e+00
0.0000000e+00
0.0000000e+00
0.0000000e+00
0.0000000e+00
0.0000000e+00
0.0000000e+00
0.0000000e+00
0.0000000e+00
0.0000000e+00
0.0000000e+00
0.0000000e+00
0.0000000e+00
0.0000000e+00
0.0000000e+00
0.0000000e+00
0.0000000e+00
0.0000000e+00
0.0000000e+00
0.0000000e+00
0.0000000e+00
0.0000000e+00
0.0000000e+00
0.0000000e+00
0.0000000e+00
0.0000000e+00
0.0000000e+00
0.0000000e+00
0.0000000e+00
0.0000000e+00
0.0000000e+00
0.0000000e+00
0.0000000e+00
0.0000000e+00
0.0000000e+00
0.0000000e+00
0.0000000e+00
0.0000000e+00
0.0000000e+00
0.0000000e+00
0.0000000e+00
0.0000000e+00
0.0000000e+00
0.0000000e+00
0.0000000e+00
0.0000000e+00
0.0000000e+00
0.0000000e+00
0.0000000e+00
0.0000000e+00
0.0000000e+00
0.0000000e+00
0.0000000e+00
0.0000000e+00
0.0000000e+00
0.0000000e+00
0.0000000e+00
0.0000000e+00
0.0000000e+00
0.0000000e+00
0.0000000e+00
0.0000000e+00
0.0000000e+00
0.0000000e+00
0.0000000e+00
0.0000000e+00
0.0000000e+00
0.0000000e+00
0.0000000e+00
0.0000000e+00
0.0000000e+00
0.0000000e+00
0.0000000e+00
0.0000000e+00
0.0000000e+00
0.0000000e+00
0.0000000e+00
0.0000000e+00
0.0000000e+00
0.0000000e+00
0.0000000e+00
0.0000000e+00
0.0000000e+00
0.0000000e+00
0.0000000e+00
0.0000000e+00
0.0000000e+00
0.0000000e+00
0.0000000e+00
0.0000000e+00
0.0000000e+00
0.0000000e+00
0.0000000e+00
0.0000000e+00
0.0000000e+00
0.0000000e+00
0.0000000e+00
0.0000000e+00
0.0000000e+00
0.0000000e+00
0.0000000e+00
0.0000000e+00
0.0000000e+00
0.0000000e+00
0.0000000e+00
0.0000000e+00
0.0000000e+00
0.0000000e+00
0.0000000e+00
0.0000000e+00
0.0000000e+00
0.0000000e+00
0.0000000e+00
0.0000000e+00
0.0000000e+00
0.0000000e+00
0.0000000e+00
0.0000000e+00
0.0000000e+00
0.0000000e+00
0.0000000e+00
0.0000000e+00
0.0000000e+00
0.0000000e+00
0.0000000e+00
0.0000000e+00
0.0000000e+00
0.0000000e+00
0.0000000e+00
0.0000000e+00
0.0000000e+00
0.0000000e+00
0.0000000e+00
0.0000000e+00
0.0000000e+00
0.0000000e+00
0.0000000e+00
0.0000000e+00
0.0000000e+00
0.0000000e+00
0.0000000e+00
0.0000000e+00
0.0000000e+00
0.0000000e+00
0.0000000e+00
0.0000000e+00
0.0000000e+00
0.0000000e+00
0.0000000e+00
0.0000000e+00
0.0000000e+00
0.0000000e+00
0.0000000e+00
0.0000000e+00
0.0000000e+00
0.0000000e+00
0.0000000e+00
0.0000000e+00
0.0000000e+00
0.0000000e+00
0.0000000e+00
0.0000000e+00
0.0000000e+00
0.0000000e+00
0.0000000e+00
0.0000000e+00
0.0000000e+00
0.0000000e+00
0.0000000e+00
0.0000000e+00
0.0000000e+00
0.0000000e+00
0.0000000e+00
0.0000000e+00
0.0000000e+00
0.0000000e+00
0.0000000e+00
0.0000000e+00
0.0000000e+00
0.0000000e+00
0.0000000e+00
0.0000000e+00
0.0000000e+00
0.0000000e+00
0.0000000e+00
0.0000000e+00
0.0000000e+00
0.0000000e+00
0.0000000e+00
0.0000000e+00
0.0000000e+00
0.0000000e+00
0.0000000e+00
0.0000000e+00
0.0000000e+00
0.0000000e+00
0.0000000e+00
0.0000000e+00
0.0000000e+00
0.0000000e+00
0.0000000e+00
0.0000000e+00
0.0000000e+00
0.0000000e+00
0.0000000e+00
0.0000000e+00
0.0000000e+00
0.0000000e+00
0.0000000e+00
0.0000000e+00
0.0000000e+00
0.0000000e+00
0.0000000e+00
0.0000000e+00
0.0000000e+00
0.0000000e+00
0.0000000e+00
0.0000000e+00
0.0000000e+00
0.0000000e+00
0.0000000e+00
0.0000000e+00
0.0000000e+00
0.0000000e+00
0.0000000e+00
0.0000000e+00
0.0000000e+00
0.0000000e+00
0.0000000e+00
0.0000000e+00
0.0000000e+00
0.0000000e+00
0.0000000e+00
0.0000000e+00
0.0000000e+00
0.0000000e+00
0.0000000e+00
0.0000000e+00
0.0000000e+00
0.0000000e+00
0.0000000e+00
0.0000000e+00
0.0000000e+00
0.0000000e+00
0.0000000e+00
0.0000000e+00
0.0000000e+00
0.0000000e+00
0.0000000e+00
0.0000000e+00
0.0000000e+00
0.0000000e+00
0.0000000e+00
0.0000000e+00
0.0000000e+00
0.0000000e+00
0.0000000e+00
0.0000000e+00
0.0000000e+00
0.0000000e+00
0.0000000e+00
0.0000000e+00
0.0000000e+00
0.0000000e+00
0.0000000e+00
0.0000000e+00
0.0000000e+00
0.0000000e+00
0.0000000e+00
0.0000000e+00
0.0000000e+00
0.0000000e+00
0.0000000e+00
0.0000000e+00
0.0000000e+00
0.0000000e+00
0.0000000e+00
0.0000000e+00
0.0000000e+00
0.0000000e+00
0.0000000e+00
0.0000000e+00
0.0000000e+00
0.0000000e+00
0.0000000e+00
0.0000000e+00
0.0000000e+00
0.0000000e+00
0.0000000e+00
0.0000000e+00
0.0000000e+00
0.0000000e+00
0.0000000e+00
0.0000000e+00
0.0000000e+00
0.0000000e+00
0.0000000e+00
0.0000000e+00
0.0000000e+00
0.0000000e+00
0.0000000e+00
0.0000000e+00
0.0000000e+00
0.0000000e+00
0.0000000e+00
0.0000000e+00
0.0000000e+00
0.0000000e+00
0.0000000e+00
0.0000000e+00
0.0000000e+00
0.0000000e+00
0.0000000e+00
0.0000000e+00
0.0000000e+00
0.0000000e+00
0.0000000e+00
0.0000000e+00
0.0000000e+00
0.0000000e+00
0.0000000e+00
0.0000000e+00
0.0000000e+00
0.0000000e+00
0.0000000e+00
0.0000000e+00
0.0000000e+00
0.0000000e+00
0.0000000e+00
0.0000000e+00
0.0000000e+00
0.0000000e+00
0.0000000e+00
0.0000000e+00
0.0000000e+00
0.0000000e+00
0.0000000e+00
0.0000000e+00
0.0000000e+00
0.0000000e+00
0.0000000e+00
0.0000000e+00
0.0000000e+00
0.0000000e+00
0.0000000e+00
0.0000000e+00
0.0000000e+00
0.0000000e+00
0.0000000e+00
0.0000000e+00
0.0000000e+00
0.0000000e+00
0.0000000e+00
0.0000000e+00
0.0000000e+00
0.0000000e+00
0.0000000e+00
0.0000000e+00
0.0000000e+00
0.0000000e+00
0.0000000e+00
0.0000000e+00
0.0000000e+00
0.0000000e+00
0.0000000e+00
0.0000000e+00
0.0000000e+00
0.0000000e+00
0.0000000e+00
0.0000000e+00
0.0000000e+00
0.0000000e+00
0.0000000e+00
0.0000000e+00
0.0000000e+00
0.0000000e+00
0.0000000e+00
0.0000000e+00
0.0000000e+00
0.0000000e+00
0.0000000e+00
0.0000000e+00
0.0000000e+00
0.0000000e+00
0.0000000e+00
0.0000000e+00
0.0000000e+00
0.0000000e+00
0.0000000e+00
0.0000000e+00
0.0000000e+00
0.0000000e+00
0.0000000e+00
0.0000000e+00
0.0000000e+00
0.0000000e+00
0.0000000e+00
0.0000000e+00
0.0000000e+00
0.0000000e+00
0.0000000e+00
0.0000000e+00
0.0000000e+00
0.0000000e+00
0.0000000e+00
0.0000000e+00
0.0000000e+00
0.0000000e+00
0.0000000e+00
0.0000000e+00
0.0000000e+00
0.0000000e+00
0.0000000e+00
0.0000000e+00
0.0000000e+00
0.0000000e+00
0.0000000e+00
0.0000000e+00
0.0000000e+00
0.0000000e+00
0.0000000e+00
0.0000000e+00
0.0000000e+00
0.0000000e+00
0.0000000e+00
0.0000000e+00
0.0000000e+00
0.0000000e+00
0.0000000e+00
0.0000000e+00
0.0000000e+00
0.0000000e+00
0.0000000e+00
0.0000000e+00
0.0000000e+00
0.0000000e+00
0.0000000e+00
0.0000000e+00
0.0000000e+00
0.0000000e+00
0.0000000e+00
0.0000000e+00
0.0000000e+00
0.0000000e+00
0.0000000e+00
0.0000000e+00
0.0000000e+00
0.0000000e+00
0.0000000e+00
0.0000000e+00
0.0000000e+00
0.0000000e+00
0.0000000e+00
0.0000000e+00
0.0000000e+00
0.0000000e+00
0.0000000e+00
0.0000000e+00
0.0000000e+00
0.0000000e+00
0.0000000e+00
0.0000000e+00
0.0000000e+00
0.0000000e+00
0.0000000e+00
0.0000000e+00
0.0000000e+00
0.0000000e+00
0.0000000e+00
0.0000000e+00
0.0000000e+00
0.0000000e+00
0.0000000e+00
0.0000000e+00
0.0000000e+00
0.0000000e+00
0.0000000e+00
0.0000000e+00
0.0000000e+00
0.0000000e+00
0.0000000e+00
0.0000000e+00
0.0000000e+00
0.0000000e+00
0.0000000e+00
0.0000000e+00
0.0000000e+00
0.0000000e+00
0.0000000e+00
0.0000000e+00
0.0000000e+00
0.0000000e+00
0.0000000e+00
0.0000000e+00
0.0000000e+00
0.0000000e+00
0.0000000e+00
0.0000000e+00
0.0000000e+00
0.0000000e+00
0.0000000e+00
0.0000000e+00
0.0000000e+00
0.0000000e+00
0.0000000e+00
0.0000000e+00
0.0000000e+00
0.0000000e+00
0.0000000e+00
0.0000000e+00
0.0000000e+00
0.0000000e+00
0.0000000e+00
0.0000000e+00
0.0000000e+00
0.0000000e+00
0.0000000e+00
0.0000000e+00
0.0000000e+00
0.0000000e+00
0.0000000e+00
0.0000000e+00
0.0000000e+00
0.0000000e+00
0.0000000e+00
0.0000000e+00
0.0000000e+00
0.0000000e+00
0.0000000e+00
0.0000000e+00
0.0000000e+00
0.0000000e+00
0.0000000e+00
0.0000000e+00
0.0000000e+00
0.0000000e+00
0.0000000e+00
0.0000000e+00
0.0000000e+00
0.0000000e+00
0.0000000e+00
0.0000000e+00
0.0000000e+00
0.0000000e+00
0.0000000e+00
0.0000000e+00
0.0000000e+00
0.0000000e+00
0.0000000e+00
0.0000000e+00
0.0000000e+00
0.0000000e+00
0.0000000e+00
0.0000000e+00
0.0000000e+00
0.0000000e+00
0.0000000e+00
0.0000000e+00
0.0000000e+00
0.0000000e+00
0.0000000e+00
0.0000000e+00
0.0000000e+00
0.0000000e+00
0.0000000e+00
0.0000000e+00
0.0000000e+00
0.0000000e+00
0.0000000e+00
0.0000000e+00
0.0000000e+00
0.0000000e+00
0.0000000e+00
0.0000000e+00
0.0000000e+00
0.0000000e+00
0.0000000e+00
0.0000000e+00
0.0000000e+00
0.0000000e+00
0.0000000e+00
0.0000000e+00
0.0000000e+00
0.0000000e+00
0.0000000e+00
0.0000000e+00
0.0000000e+00
0.0000000e+00
0.0000000e+00
0.0000000e+00
0.0000000e+00
0.0000000e+00
0.0000000e+00
0.0000000e+00
0.0000000e+00
0.0000000e+00
0.0000000e+00
0.0000000e+00
0.0000000e+00
0.0000000e+00
0.0000000e+00
0.0000000e+00
0.0000000e+00
0.0000000e+00
0.0000000e+00
0.0000000e+00
0.0000000e+00
0.0000000e+00
0.0000000e+00
0.0000000e+00
0.0000000e+00
0.0000000e+00
0.0000000e+00
0.0000000e+00
0.0000000e+00
0.0000000e+00
0.0000000e+00
0.0000000e+00
0.0000000e+00
0.0000000e+00
0.0000000e+00
0.0000000e+00
0.0000000e+00
0.0000000e+00
0.0000000e+00
0.0000000e+00
0.0000000e+00
0.0000000e+00
0.0000000e+00
0.0000000e+00
0.0000000e+00
0.0000000e+00
0.0000000e+00
0.0000000e+00
0.0000000e+00
0.0000000e+00
0.0000000e+00
0.0000000e+00
0.0000000e+00
0.0000000e+00
0.0000000e+00
0.0000000e+00
0.0000000e+00
0.0000000e+00
0.0000000e+00
0.0000000e+00
0.0000000e+00
0.0000000e+00
0.0000000e+00
0.0000000e+00
0.0000000e+00
0.0000000e+00
0.0000000e+00
0.0000000e+00
0.0000000e+00
0.0000000e+00
0.0000000e+00
0.0000000e+00
0.0000000e+00
0.0000000e+00
0.0000000e+00
0.0000000e+00
0.0000000e+00
0.0000000e+00
0.0000000e+00
0.0000000e+00
0.0000000e+00
0.0000000e+00
0.0000000e+00
0.0000000e+00
0.0000000e+00
0.0000000e+00
0.0000000e+00
0.0000000e+00
0.0000000e+00
0.0000000e+00
0.0000000e+00
0.0000000e+00
0.0000000e+00
0.0000000e+00
0.0000000e+00
0.0000000e+00
0.0000000e+00
0.0000000e+00
0.0000000e+00
0.0000000e+00
0.0000000e+00
0.0000000e+00
0.0000000e+00
0.0000000e+00
0.0000000e+00
0.0000000e+00
0.0000000e+00
0.0000000e+00
0.0000000e+00
0.0000000e+00
0.0000000e+00
0.0000000e+00
0.0000000e+00
0.0000000e+00
0.0000000e+00
0.0000000e+00
0.0000000e+00
0.0000000e+00
0.0000000e+00
0.0000000e+00
0.0000000e+00
0.0000000e+00
0.0000000e+00
0.0000000e+00
0.0000000e+00
0.0000000e+00
0.0000000e+00
0.0000000e+00
0.0000000e+00
0.0000000e+00
0.0000000e+00
0.0000000e+00
0.0000000e+00
0.0000000e+00
0.0000000e+00
0.0000000e+00
0.0000000e+00
0.0000000e+00
0.0000000e+00
0.0000000e+00
0.0000000e+00
0.0000000e+00
0.0000000e+00
0.0000000e+00
0.0000000e+00
0.0000000e+00
0.0000000e+00
0.0000000e+00
0.0000000e+00
0.0000000e+00
0.0000000e+00
0.0000000e+00
0.0000000e+00
0.0000000e+00
0.0000000e+00
0.0000000e+00
0.0000000e+00
0.0000000e+00
0.0000000e+00
0.0000000e+00
0.0000000e+00
0.0000000e+00
0.0000000e+00
0.0000000e+00
0.0000000e+00
0.0000000e+00
0.0000000e+00
0.0000000e+00
0.0000000e+00
0.0000000e+00
0.0000000e+00
0.0000000e+00
0.0000000e+00
0.0000000e+00
0.0000000e+00
0.0000000e+00
0.0000000e+00
0.0000000e+00
0.0000000e+00
0.0000000e+00
0.0000000e+00
0.0000000e+00
0.0000000e+00
0.0000000e+00
0.0000000e+00
0.0000000e+00
0.0000000e+00
0.0000000e+00
0.0000000e+00
0.0000000e+00
0.0000000e+00
0.0000000e+00
0.0000000e+00
0.0000000e+00
0.0000000e+00
0.0000000e+00
0.0000000e+00
0.0000000e+00
0.0000000e+00
0.0000000e+00
0.0000000e+00
0.0000000e+00
0.0000000e+00
0.0000000e+00
0.0000000e+00
0.0000000e+00
0.0000000e+00
0.0000000e+00
0.0000000e+00
0.0000000e+00
0.0000000e+00
0.0000000e+00
0.0000000e+00
0.0000000e+00
0.0000000e+00
0.0000000e+00
0.0000000e+00
0.0000000e+00
0.0000000e+00
0.0000000e+00
0.0000000e+00
0.0000000e+00
0.0000000e+00
0.0000000e+00
0.0000000e+00
0.0000000e+00
0.0000000e+00
0.0000000e+00
0.0000000e+00
0.0000000e+00
0.0000000e+00
0.0000000e+00
0.0000000e+00
0.0000000e+00
0.0000000e+00
0.0000000e+00
0.0000000e+00
0.0000000e+00
0.0000000e+00
0.0000000e+00
0.0000000e+00
0.0000000e+00
0.0000000e+00
0.0000000e+00
0.0000000e+00
0.0000000e+00
0.0000000e+00
0.0000000e+00
0.0000000e+00
0.0000000e+00
0.0000000e+00
VOLUMETRIC_STRAIN 1 4225  float
0.0000000e+00
0.0000000e+00
0.0000000e+00
0.0000000e+00
0.0000000e+00
0.0000000e+00
0.0000000e+00
0.0000000e+00
0.0000000e+00
0.0000000e+00
0.0000000e+00
0.0000000e+00
0.0000000e+00
0.0000000e+00
0.0000000e+00
0.0000000e+00
0.0000000e+00
0.0000000e+00
0.0000000e+00
0.0000000e+00
0.0000000e+00
0.0000000e+00
0.0000000e+00
0.0000000e+00
0.0000000e+00
0.0000000e+00
0.0000000e+00
0.0000000e+00
0.0000000e+00
0.0000000e+00
0.0000000e+00
0.0000000e+00
0.0000000e+00
0.0000000e+00
0.0000000e+00
0.0000000e+00
0.0000000e+00
0.0000000e+00
0.0000000e+00
0.0000000e+00
0.0000000e+00
0.0000000e+00
0.0000000e+00
0.0000000e+00
0.0000000e+00
0.0000000e+00
0.0000000e+00
0.0000000e+00
0.0000000e+00
0.0000000e+00
0.0000000e+00
0.0000000e+00
0.0000000e+00
0.0000000e+00
0.0000000e+00
0.0000000e+00
0.0000000e+00
0.0000000e+00
0.0000000e+00
0.0000000e+00
0.0000000e+00
0.0000000e+00
0.0000000e+00
0.0000000e+00
0.0000000e+00
0.0000000e+00
0.0000000e+00
0.0000000e+00
0.0000000e+00
0.0000000e+00
0.0000000e+00
0.0000000e+00
0.0000000e+00
0.0000000e+00
0.0000000e+00
0.0000000e+00
0.0000000e+00
0.0000000e+00
0.0000000e+00
0.0000000e+00
0.0000000e+00
0.0000000e+00
0.0000000e+00
0.0000000e+00
0.0000000e+00
0.0000000e+00
0.0000000e+00
0.0000000e+00
0.0000000e+00
0.0000000e+00
0.0000000e+00
0.0000000e+00
0.0000000e+00
0.0000000e+00
0.0000000e+00
0.0000000e+00
0.0000000e+00
0.0000000e+00
0.0000000e+00
0.0000000e+00
0.0000000e+00
0.0000000e+00
0.0000000e+00
0.0000000e+00
0.0000000e+00
0.0000000e+00
0.0000000e+00
0.0000000e+00
0.0000000e+00
0.0000000e+00
0.0000000e+00
0.0000000e+00
0.0000000e+00
0.0000000e+00
0.0000000e+00
0.0000000e+00
0.0000000e+00
0.0000000e+00
0.0000000e+00
0.0000000e+00
0.0000000e+00
0.0000000e+00
0.0000000e+00
0.0000000e+00
0.0000000e+00
0.0000000e+00
0.0000000e+00
0.0000000e+00
0.0000000e+00
0.0000000e+00
0.0000000e+00
0.0000000e+00
0.0000000e+00
0.0000000e+00
0.0000000e+00
0.0000000e+00
0.0000000e+00
0.0000000e+00
0.0000000e+00
0.0000000e+00
0.0000000e+00
0.0000000e+00
0.0000000e+00
0.0000000e+00
0.0000000e+00
0.0000000e+00
0.0000000e+00
0.0000000e+00
0.0000000e+00
0.0000000e+00
0.0000000e+00
0.0000000e+00
0.0000000e+00
0.0000000e+00
0.0000000e+00
0.0000000e+00
0.0000000e+00
0.0000000e+00
0.0000000e+00
0.0000000e+00
0.0000000e+00
0.0000000e+00
0.0000000e+00
0.0000000e+00
0.0000000e+00
0.0000000e+00
0.0000000e+00
0.0000000e+00
0.0000000e+00
0.0000000e+00
0.0000000e+00
0.0000000e+00
0.0000000e+00
0.0000000e+00
0.0000000e+00
0.0000000e+00
0.0000000e+00
0.0000000e+00
0.0000000e+00
0.0000000e+00
0.0000000e+00
0.0000000e+00
0.0000000e+00
0.0000000e+00
0.0000000e+00
0.0000000e+00
0.0000000e+00
0.0000000e+00
0.0000000e+00
0.0000000e+00
0.0000000e+00
0.0000000e+00
0.0000000e+00
0.0000000e+00
0.0000000e+00
0.0000000e+00
0.0000000e+00
0.0000000e+00
0.0000000e+00
0.0000000e+00
0.0000000e+00
0.0000000e+00
0.0000000e+00
0.0000000e+00
0.0000000e+00
0.0000000e+00
0.0000000e+00
0.0000000e+00
0.0000000e+00
0.0000000e+00
0.0000000e+00
0.0000000e+00
0.0000000e+00
0.0000000e+00
0.0000000e+00
0.0000000e+00
0.0000000e+00
0.0000000e+00
0.0000000e+00
0.0000000e+00
0.0000000e+00
0.0000000e+00
0.0000000e+00
0.0000000e+00
0.0000000e+00
0.0000000e+00
0.0000000e+00
0.0000000e+00
0.0000000e+00
0.0000000e+00
0.0000000e+00
0.0000000e+00
0.0000000e+00
0.0000000e+00
0.0000000e+00
0.0000000e+00
0.0000000e+00
0.0000000e+00
0.0000000e+00
0.0000000e+00
0.0000000e+00
0.0000000e+00
0.0000000e+00
0.0000000e+00
0.0000000e+00
0.0000000e+00
0.0000000e+00
0.0000000e+00
0.0000000e+00
0.0000000e+00
0.0000000e+00
0.0000000e+00
0.0000000e+00
0.0000000e+00
0.0000000e+00
0.0000000e+00
0.0000000e+00
0.0000000e+00
0.0000000e+00
0.0000000e+00
0.0000000e+00
0.0000000e+00
0.0000000e+00
0.0000000e+00
0.0000000e+00
0.0000000e+00
0.0000000e+00
0.0000000e+00
0.0000000e+00
0.0000000e+00
0.0000000e+00
0.0000000e+00
0.0000000e+00
0.0000000e+00
0.0000000e+00
0.0000000e+00
0.0000000e+00
0.0000000e+00
0.0000000e+00
0.0000000e+00
0.0000000e+00
0.0000000e+00
0.0000000e+00
0.0000000e+00
0.0000000e+00
0.0000000e+00
0.0000000e+00
0.0000000e+00
0.0000000e+00
0.0000000e+00
0.0000000e+00
0.0000000e+00
0.0000000e+00
0.0000000e+00
0.0000000e+00
0.0000000e+00
0.0000000e+00
0.0000000e+00
0.0000000e+00
0.0000000e+00
0.0000000e+00
0.0000000e+00
0.0000000e+00
0.0000000e+00
0.0000000e+00
0.0000000e+00
0.0000000e+00
0.0000000e+00
0.0000000e+00
0.0000000e+00
0.0000000e+00
0.0000000e+00
0.0000000e+00
0.0000000e+00
0.0000000e+00
0.0000000e+00
0.0000000e+00
0.0000000e+00
0.0000000e+00
0.0000000e+00
0.0000000e+00
0.0000000e+00
0.0000000e+00
0.0000000e+00
0.0000000e+00
0.0000000e+00
0.0000000e+00
0.0000000e+00
0.0000000e+00
0.0000000e+00
0.0000000e+00
0.0000000e+00
0.0000000e+00
0.0000000e+00
0.0000000e+00
0.0000000e+00
0.0000000e+00
0.0000000e+00
0.0000000e+00
0.0000000e+00
0.0000000e+00
0.0000000e+00
0.0000000e+00
0.0000000e+00
0.0000000e+00
0.0000000e+00
0.0000000e+00
0.0000000e+00
0.0000000e+00
0.0000000e+00
0.0000000e+00
0.0000000e+00
0.0000000e+00
0.0000000e+00
0.0000000e+00
0.0000000e+00
0.0000000e+00
0.0000000e+00
0.0000000e+00
0.0000000e+00
0.0000000e+00
0.0000000e+00
0.0000000e+00
0.0000000e+00
0.0000000e+00
0.0000000e+00
0.0000000e+00
0.0000000e+00
0.0000000e+00
0.0000000e+00
0.0000000e+00
0.0000000e+00
0.0000000e+00
0.0000000e+00
0.0000000e+00
0.0000000e+00
0.0000000e+00
0.0000000e+00
0.0000000e+00
0.0000000e+00
0.0000000e+00
0.0000000e+00
0.0000000e+00
0.0000000e+00
0.0000000e+00
0.0000000e+00
0.0000000e+00
0.0000000e+00
0.0000000e+00
0.0000000e+00
0.0000000e+00
0.0000000e+00
0.0000000e+00
0.0000000e+00
0.0000000e+00
0.0000000e+00
0.0000000e+00
0.0000000e+00
0.0000000e+00
0.0000000e+00
0.0000000e+00
0.0000000e+00
0.0000000e+00
0.0000000e+00
0.0000000e+00
0.0000000e+00
0.0000000e+00
0.0000000e+00
0.0000000e+00
0.0000000e+00
0.0000000e+00
0.0000000e+00
0.0000000e+00
0.0000000e+00
0.0000000e+00
0.0000000e+00
0.0000000e+00
0.0000000e+00
0.0000000e+00
0.0000000e+00
0.0000000e+00
0.0000000e+00
0.0000000e+00
0.0000000e+00
0.0000000e+00
0.0000000e+00
0.0000000e+00
0.0000000e+00
0.0000000e+00
0.0000000e+00
0.0000000e+00
0.0000000e+00
0.0000000e+00
0.0000000e+00
0.0000000e+00
0.0000000e+00
0.0000000e+00
0.0000000e+00
0.0000000e+00
0.0000000e+00
0.0000000e+00
0.0000000e+00
0.0000000e+00
0.0000000e+00
0.0000000e+00
0.0000000e+00
0.0000000e+00
0.0000000e+00
0.0000000e+00
0.0000000e+00
0.0000000e+00
0.0000000e+00
0.0000000e+00
0.0000000e+00
0.0000000e+00
0.0000000e+00
0.0000000e+00
0.0000000e+00
0.0000000e+00
0.0000000e+00
0.0000000e+00
0.0000000e+00
0.0000000e+00
0.0000000e+00
0.0000000e+00
0.0000000e+00
0.0000000e+00
0.0000000e+00
0.0000000e+00
0.0000000e+00
0.0000000e+00
0.0000000e+00
0.0000000e+00
0.0000000e+00
0.0000000e+00
0.0000000e+00
0.0000000e+00
0.0000000e+00
0.0000000e+00
0.0000000e+00
0.0000000e+00
0.0000000e+00
0.0000000e+00
0.0000000e+00
0.0000000e+00
0.0000000e+00
0.0000000e+00
0.0000000e+00
0.0000000e+00
0.0000000e+00
0.0000000e+00
0.0000000e+00
0.0000000e+00
0.0000000e+00
0.0000000e+00
0.0000000e+00
0.0000000e+00
0.0000000e+00
0.0000000e+00
0.0000000e+00
0.0000000e+00
0.0000000e+00
0.0000000e+00
0.0000000e+00
0.0000000e+00
0.0000000e+00
0.0000000e+00
0.0000000e+00
0.0000000e+00
0.0000000e+00
0.0000000e+00
0.0000000e+00
0.0000000e+00
0.0000000e+00
0.0000000e+00
0.0000000e+00
0.0000000e+00
0.0000000e+00
0.0000000e+00
0.0000000e+00
0.0000000e+00
0.0000000e+00
0.0000000e+00
0.0000000e+00
0.0000000e+00
0.0000000e+00
0.0000000e+00
0.0000000e+00
0.0000000e+00
0.0000000e+00
0.0000000e+00
0.0000000e+00
0.0000000e+00
0.0000000e+00
0.0000000e+00
0.0000000e+00
0.0000000e+00
0.0000000e+00
0.0000000e+00
0.0000000e+00
0.0000000e+00
0.0000000e+00
0.0000000e+00
0.0000000e+00
0.0000000e+00
0.0000000e+00
0.0000000e+00
0.0000000e+00
0.0000000e+00
0.0000000e+00
0.0000000e+00
0.0000000e+00
0.0000000e+00
0.0000000e+00
0.0000000e+00
0.0000000e+00
0.0000000e+00
0.0000000e+00
0.0000000e+00
0.0000000e+00
0.0000000e+00
0.0000000e+00
0.0000000e+00
0.0000000e+00
0.0000000e+00
0.0000000e+00
0.0000000e+00
0.0000000e+00
0.0000000e+00
0.0000000e+00
0.0000000e+00
0.0000000e+00
0.0000000e+00
0.0000000e+00
0.0000000e+00
0.0000000e+00
0.0000000e+00
0.0000000e+00
0.0000000e+00
0.0000000e+00
0.0000000e+00
0.0000000e+00
0.0000000e+00
0.0000000e+00
0.0000000e+00
0.0000000e+00
0.0000000e+00
0.0000000e+00
0.0000000e+00
0.0000000e+00
0.0000000e+00
0.0000000e+00
0.0000000e+00
0.0000000e+00
0.0000000e+00
0.0000000e+00
0.0000000e+00
0.0000000e+00
0.0000000e+00
0.0000000e+00
0.0000000e+00
0.0000000e+00
0.0000000e+00
0.0000000e+00
0.0000000e+00
0.0000000e+00
0.0000000e+00
0.0000000e+00
0.0000000e+00
0.0000000e+00
0.0000000e+00
0.0000000e+00
0.0000000e+00
0.0000000e+00
0.0000000e+00
0.0000000e+00
0.0000000e+00
0.0000000e+00
0.0000000e+00
0.0000000e+00
0.0000000e+00
0.0000000e+00
0.0000000e+00
0.0000000e+00
0.0000000e+00
0.0000000e+00
0.0000000e+00
0.0000000e+00
0.0000000e+00
0.0000000e+00
0.0000000e+00
0.0000000e+00
0.0000000e+00
0.0000000e+00
0.0000000e+00
0.0000000e+00
0.0000000e+00
0.0000000e+00
0.0000000e+00
0.0000000e+00
0.0000000e+00
0.0000000e+00
0.0000000e+00
0.0000000e+00
0.0000000e+00
0.0000000e+00
0.0000000e+00
0.0000000e+00
0.0000000e+00
0.0000000e+00
0.0000000e+00
0.0000000e+00
0.0000000e+00
0.0000000e+00
0.0000000e+00
0.0000000e+00
0.0000000e+00
0.0000000e+00
0.0000000e+00
0.0000000e+00
0.0000000e+00
0.0000000e+00
0.0000000e+00
0.0000000e+00
0.0000000e+00
0.0000000e+00
0.0000000e+00
0.0000000e+00
0.0000000e+00
0.0000000e+00
0.0000000e+00
0.0000000e+00
0.0000000e+00
0.0000000e+00
0.0000000e+00
0.0000000e+00
0.0000000e+00
0.0000000e+00
0.0000000e+00
0.0000000e+00
0.0000000e+00
0.0000000e+00
0.0000000e+00
0.0000000e+00
0.0000000e+00
0.0000000e+00
0.0000000e+00
0.0000000e+00
0.0000000e+00
0.0000000e+00
0.0000000e+00
0.0000000e+00
0.0000000e+00
0.0000000e+00
0.0000000e+00
0.0000000e+00
0.0000000e+00
0.0000000e+00
0.0000000e+00
0.0000000e+00
0.0000000e+00
0.0000000e+00
0.0000000e+00
0.0000000e+00
0.0000000e+00
0.0000000e+00
0.0000000e+00
0.0000000e+00
0.0000000e+00
0.0000000e+00
0.0000000e+00
0.0000000e+00
0.0000000e+00
0.0000000e+00
0.0000000e+00
0.0000000e+00
0.0000000e+00
0.0000000e+00
0.0000000e+00
0.0000000e+00
0.0000000e+00
0.0000000e+00
0.0000000e+00
0.0000000e+00
0.0000000e+00
0.0000000e+00
0.0000000e+00
0.0000000e+00
0.0000000e+00
0.0000000e+00
0.0000000e+00
0.0000000e+00
0.0000000e+00
0.0000000e+00
0.0000000e+00
0.0000000e+00
0.0000000e+00
0.0000000e+00
0.0000000e+00
0.0000000e+00
0.0000000e+00
0.0000000e+00
0.0000000e+00
0.0000000e+00
0.0000000e+00
0.0000000e+00
0.0000000e+00
0.0000000e+00
0.0000000e+00
0.0000000e+00
0.0000000e+00
0.0000000e+00
0.0000000e+00
0.0000000e+00
0.0000000e+00
0.0000000e+00
0.0000000e+00
0.0000000e+00
0.0000000e+00
0.0000000e+00
0.0000000e+00
0.0000000e+00
0.0000000e+00
0.0000000e+00
0.0000000e+00
0.0000000e+00
0.0000000e+00
0.0000000e+00
0.0000000e+00
0.0000000e+00
0.0000000e+00
0.0000000e+00
0.0000000e+00
0.0000000e+00
0.0000000e+00
0.0000000e+00
0.0000000e+00
0.0000000e+00
0.0000000e+00
0.0000000e+00
0.0000000e+00
0.0000000e+00
0.0000000e+00
0.0000000e+00
0.0000000e+00
0.0000000e+00
0.0000000e+00
0.0000000e+00
0.0000000e+00
0.0000000e+00
0.0000000e+00
0.0000000e+00
0.0000000e+00
0.0000000e+00
0.0000000e+00
0.0000000e+00
0.0000000e+00
0.0000000e+00
0.0000000e+00
0.0000000e+00
0.0000000e+00
0.0000000e+00
0.0000000e+00
0.0000000e+00
0.0000000e+00
0.0000000e+00
0.0000000e+00
0.0000000e+00
0.0000000e+00
0.0000000e+00
0.0000000e+00
0.0000000e+00
0.0000000e+00
0.0000000e+00
0.0000000e+00
0.0000000e+00
0.0000000e+00
0.0000000e+00
0.0000000e+00
0.0000000e+00
0.0000000e+00
0.0000000e+00
0.0000000e+00
0.0000000e+00
0.0000000e+00
0.0000000e+00
0.0000000e+00
0.0000000e+00
0.0000000e+00
0.0000000e+00
0.0000000e+00
0.0000000e+00
0.0000000e+00
0.0000000e+00
0.0000000e+00
0.0000000e+00
0.0000000e+00
0.0000000e+00
0.0000000e+00
0.0000000e+00
0.0000000e+00
0.0000000e+00
0.0000000e+00
0.0000000e+00
0.0000000e+00
0.0000000e+00
0.0000000e+00
0.0000000e+00
0.0000000e+00
0.0000000e+00
0.0000000e+00
0.0000000e+00
0.0000000e+00
0.0000000e+00
0.0000000e+00
0.0000000e+00
0.0000000e+00
0.0000000e+00
0.0000000e+00
0.0000000e+00
0.0000000e+00
0.0000000e+00
0.0000000e+00
0.0000000e+00
0.0000000e+00
0.0000000e+00
0.0000000e+00
0.0000000e+00
0.0000000e+00
0.0000000e+00
0.0000000e+00
0.0000000e+00
0.0000000e+00
0.0000000e+00
0.0000000e+00
0.0000000e+00
0.0000000e+00
0.0000000e+00
0.0000000e+00
0.0000000e+00
0.0000000e+00
0.0000000e+00
0.0000000e+00
0.0000000e+00
0.0000000e+00
0.0000000e+00
0.0000000e+00
0.0000000e+00
0.0000000e+00
0.0000000e+00
0.0000000e+00
0.0000000e+00
0.0000000e+00
0.0000000e+00
0.0000000e+00
0.0000000e+00
0.0000000e+00
0.0000000e+00
0.0000000e+00
0.0000000e+00
0.0000000e+00
0.0000000e+00
0.0000000e+00
0.0000000e+00
0.0000000e+00
0.0000000e+00
0.0000000e+00
0.0000000e+00
0.0000000e+00
0.0000000e+00
0.0000000e+00
0.0000000e+00
0.0000000e+00
0.0000000e+00
0.0000000e+00
0.0000000e+00
0.0000000e+00
0.0000000e+00
0.0000000e+00
0.0000000e+00
0.0000000e+00
0.0000000e+00
0.0000000e+00
0.0000000e+00
0.0000000e+00
0.0000000e+00
0.0000000e+00
0.0000000e+00
0.0000000e+00
0.0000000e+00
0.0000000e+00
0.0000000e+00
0.0000000e+00
0.0000000e+00
0.0000000e+00
0.0000000e+00
0.0000000e+00
0.0000000e+00
0.0000000e+00
0.0000000e+00
0.0000000e+00
0.0000000e+00
0.0000000e+00
0.0000000e+00
0.0000000e+00
0.0000000e+00
0.0000000e+00
0.0000000e+00
0.0000000e+00
0.0000000e+00
0.0000000e+00
0.0000000e+00
0.0000000e+00
0.0000000e+00
0.0000000e+00
0.0000000e+00
0.0000000e+00
0.0000000e+00
0.0000000e+00
0.0000000e+00
0.0000000e+00
0.0000000e+00
0.0000000e+00
0.0000000e+00
0.0000000e+00
0.0000000e+00
0.0000000e+00
0.0000000e+00
0.0000000e+00
0.0000000e+00
0.0000000e+00
0.0000000e+00
0.0000000e+00
0.0000000e+00
0.0000000e+00
0.0000000e+00
0.0000000e+00
0.0000000e+00
0.0000000e+00
0.0000000e+00
0.0000000e+00
0.0000000e+00
0.0000000e+00
0.0000000e+00
0.0000000e+00
0.0000000e+00
0.0000000e+00
0.0000000e+00
0.0000000e+00
0.0000000e+00
0.0000000e+00
0.0000000e+00
0.0000000e+00
0.0000000e+00
0.0000000e+00
0.0000000e+00
0.0000000e+00
0.0000000e+00
0.0000000e+00
0.0000000e+00
0.0000000e+00
0.0000000e+00
0.0000000e+00
0.0000000e+00
0.0000000e+00
0.0000000e+00
0.0000000e+00
0.0000000e+00
0.0000000e+00
0.0000000e+00
0.0000000e+00
0.0000000e+00
0.0000000e+00
0.0000000e+00
0.0000000e+00
0.0000000e+00
0.0000000e+00
0.0000000e+00
0.0000000e+00
0.0000000e+00
0.0000000e+00
0.0000000e+00
0.0000000e+00
0.0000000e+00
0.0000000e+00
0.0000000e+00
0.0000000e+00
0.0000000e+00
0.0000000e+00
0.0000000e+00
0.0000000e+00
0.0000000e+00
0.0000000e+00
0.0000000e+00
0.0000000e+00
0.0000000e+00
0.0000000e+00
0.0000000e+00
0.0000000e+00
0.0000000e+00
0.0000000e+00
0.0000000e+00
0.0000000e+00
0.0000000e+00
0.0000000e+00
0.0000000e+00
0.0000000e+00
0.0000000e+00
0.0000000e+00
0.0000000e+00
0.0000000e+00
0.0000000e+00
0.0000000e+00
0.0000000e+00
0.0000000e+00
0.0000000e+00
0.0000000e+00
0.0000000e+00
0.0000000e+00
0.0000000e+00
0.0000000e+00
0.0000000e+00
0.0000000e+00
0.0000000e+00
0.0000000e+00
0.0000000e+00
0.0000000e+00
0.0000000e+00
0.0000000e+00
0.0000000e+00
0.0000000e+00
0.0000000e+00
0.0000000e+00
0.0000000e+00
0.0000000e+00
0.0000000e+00
0.0000000e+00
0.0000000e+00
0.0000000e+00
0.0000000e+00
0.0000000e+00
0.0000000e+00
0.0000000e+00
0.0000000e+00
0.0000000e+00
0.0000000e+00
0.0000000e+00
0.0000000e+00
0.0000000e+00
0.0000000e+00
0.0000000e+00
0.0000000e+00
0.0000000e+00
0.0000000e+00
0.0000000e+00
0.0000000e+00
0.0000000e+00
0.0000000e+00
0.0000000e+00
0.0000000e+00
0.0000000e+00
0.0000000e+00
0.0000000e+00
0.0000000e+00
0.0000000e+00
0.0000000e+00
0.0000000e+00
0.0000000e+00
0.0000000e+00
0.0000000e+00
0.0000000e+00
0.0000000e+00
0.0000000e+00
0.0000000e+00
0.0000000e+00
0.0000000e+00
0.0000000e+00
0.0000000e+00
0.0000000e+00
0.0000000e+00
0.0000000e+00
0.0000000e+00
0.0000000e+00
0.0000000e+00
0.0000000e+00
0.0000000e+00
0.0000000e+00
0.0000000e+00
0.0000000e+00
0.0000000e+00
0.0000000e+00
0.0000000e+00
0.0000000e+00
0.0000000e+00
0.0000000e+00
0.0000000e+00
0.0000000e+00
0.0000000e+00
0.0000000e+00
0.0000000e+00
0.0000000e+00
0.0000000e+00
0.0000000e+00
0.0000000e+00
0.0000000e+00
0.0000000e+00
0.0000000e+00
0.0000000e+00
0.0000000e+00
0.0000000e+00
0.0000000e+00
0.0000000e+00
0.0000000e+00
0.0000000e+00
0.0000000e+00
0.0000000e+00
0.0000000e+00
0.0000000e+00
0.0000000e+00
0.0000000e+00
0.0000000e+00
0.0000000e+00
0.0000000e+00
0.0000000e+00
0.0000000e+00
0.0000000e+00
0.0000000e+00
0.0000000e+00
0.0000000e+00
0.0000000e+00
0.0000000e+00
0.0000000e+00
0.0000000e+00
0.0000000e+00
0.0000000e+00
0.0000000e+00
0.0000000e+00
0.0000000e+00
0.0000000e+00
0.0000000e+00
0.0000000e+00
0.0000000e+00
0.0000000e+00
0.0000000e+00
0.0000000e+00
0.0000000e+00
0.0000000e+00
0.0000000e+00
0.0000000e+00
0.0000000e+00
0.0000000e+00
0.0000000e+00
0.0000000e+00
0.0000000e+00
0.0000000e+00
0.0000000e+00
0.0000000e+00
0.0000000e+00
0.0000000e+00
0.0000000e+00
0.0000000e+00
0.0000000e+00
0.0000000e+00
0.0000000e+00
0.0000000e+00
0.0000000e+00
0.0000000e+00
0.0000000e+00
0.0000000e+00
0.0000000e+00
0.0000000e+00
0.0000000e+00
0.0000000e+00
0.0000000e+00
0.0000000e+00
0.0000000e+00
0.0000000e+00
0.0000000e+00
0.0000000e+00
0.0000000e+00
0.0000000e+00
0.0000000e+00
0.0000000e+00
0.0000000e+00
0.0000000e+00
0.0000000e+00
0.0000000e+00
0.0000000e+00
0.0000000e+00
0.0000000e+00
0.0000000e+00
0.0000000e+00
0.0000000e+00
0.0000000e+00
0.0000000e+00
0.0000000e+00
0.0000000e+00
0.0000000e+00
0.0000000e+00
0.0000000e+00
0.0000000e+00
0.0000000e+00
0.0000000e+00
0.0000000e+00
0.0000000e+00
0.0000000e+00
0.0000000e+00
0.0000000e+00
0.0000000e+00
0.0000000e+00
0.0000000e+00
0.0000000e+00
0.0000000e+00
0.0000000e+00
0.0000000e+00
0.0000000e+00
0.0000000e+00
0.0000000e+00
0.0000000e+00
0.0000000e+00
0.0000000e+00
0.0000000e+00
0.0000000e+00
0.0000000e+00
0.0000000e+00
0.0000000e+00
0.0000000e+00
0.0000000e+00
0.0000000e+00
0.0000000e+00
0.0000000e+00
0.0000000e+00
0.0000000e+00
0.0000000e+00
0.0000000e+00
0.0000000e+00
0.0000000e+00
0.0000000e+00
0.0000000e+00
0.0000000e+00
0.0000000e+00
0.0000000e+00
0.0000000e+00
0.0000000e+00
0.0000000e+00
0.0000000e+00
0.0000000e+00
0.0000000e+00
0.0000000e+00
0.0000000e+00
0.0000000e+00
0.0000000e+00
0.0000000e+00
0.0000000e+00
0.0000000e+00
0.0000000e+00
0.0000000e+00
0.0000000e+00
0.0000000e+00
0.0000000e+00
0.0000000e+00
0.0000000e+00
0.0000000e+00
0.0000000e+00
0.0000000e+00
0.0000000e+00
0.0000000e+00
0.0000000e+00
0.0000000e+00
0.0000000e+00
0.0000000e+00
0.0000000e+00
0.0000000e+00
0.0000000e+00
0.0000000e+00
0.0000000e+00
0.0000000e+00
0.0000000e+00
0.0000000e+00
0.0000000e+00
0.0000000e+00
0.0000000e+00
0.0000000e+00
0.0000000e+00
0.0000000e+00
0.0000000e+00
0.0000000e+00
0.0000000e+00
0.0000000e+00
0.0000000e+00
0.0000000e+00
0.0000000e+00
0.0000000e+00
0.0000000e+00
0.0000000e+00
0.0000000e+00
0.0000000e+00
0.0000000e+00
0.0000000e+00
0.0000000e+00
0.0000000e+00
0.0000000e+00
0.0000000e+00
0.0000000e+00
0.0000000e+00
0.0000000e+00
0.0000000e+00
0.0000000e+00
0.0000000e+00
0.0000000e+00
0.0000000e+00
0.0000000e+00
0.0000000e+00
0.0000000e+00
0.0000000e+00
0.0000000e+00
0.0000000e+00
0.0000000e+00
0.0000000e+00
0.0000000e+00
0.0000000e+00
0.0000000e+00
0.0000000e+00
0.0000000e+00
0.0000000e+00
0.0000000e+00
0.0000000e+00
0.0000000e+00
0.0000000e+00
0.0000000e+00
0.0000000e+00
0.0000000e+00
0.0000000e+00
0.0000000e+00
0.0000000e+00
0.0000000e+00
0.0000000e+00
0.0000000e+00
0.0000000e+00
0.0000000e+00
0.0000000e+00
0.0000000e+00
0.0000000e+00
0.0000000e+00
0.0000000e+00
0.0000000e+00
0.0000000e+00
0.0000000e+00
0.0000000e+00
0.0000000e+00
0.0000000e+00
0.0000000e+00
0.0000000e+00
0.0000000e+00
0.0000000e+00
0.0000000e+00
0.0000000e+00
0.0000000e+00
0.0000000e+00
0.0000000e+00
0.0000000e+00
0.0000000e+00
0.0000000e+00
0.0000000e+00
0.0000000e+00
0.0000000e+00
0.0000000e+00
0.0000000e+00
0.0000000e+00
0.0000000e+00
0.0000000e+00
0.0000000e+00
0.0000000e+00
0.0000000e+00
0.0000000e+00
0.0000000e+00
0.0000000e+00
0.0000000e+00
0.0000000e+00
0.0000000e+00
0.0000000e+00
0.0000000e+00
0.0000000e+00
0.0000000e+00
0.0000000e+00
0.0000000e+00
0.0000000e+00
0.0000000e+00
0.0000000e+00
0.0000000e+00
0.0000000e+00
0.0000000e+00
0.0000000e+00
0.0000000e+00
0.0000000e+00
0.0000000e+00
0.0000000e+00
0.0000000e+00
0.0000000e+00
0.0000000e+00
0.0000000e+00
0.0000000e+00
0.0000000e+00
0.0000000e+00
0.0000000e+00
0.0000000e+00
0.0000000e+00
0.0000000e+00
0.0000000e+00
0.0000000e+00
0.0000000e+00
0.0000000e+00
0.0000000e+00
0.0000000e+00
0.0000000e+00
0.0000000e+00
0.0000000e+00
0.0000000e+00
0.0000000e+00
0.0000000e+00
0.0000000e+00
0.0000000e+00
0.0000000e+00
0.0000000e+00
0.0000000e+00
0.0000000e+00
0.0000000e+00
0.0000000e+00
0.0000000e+00
0.0000000e+00
0.0000000e+00
0.0000000e+00
0.0000000e+00
0.0000000e+00
0.0000000e+00
0.0000000e+00
0.0000000e+00
0.0000000e+00
0.0000000e+00
0.0000000e+00
0.0000000e+00
0.0000000e+00
0.0000000e+00
0.0000000e+00
0.0000000e+00
0.0000000e+00
0.0000000e+00
0.0000000e+00
0.0000000e+00
0.0000000e+00
0.0000000e+00
0.0000000e+00
0.0000000e+00
0.0000000e+00
0.0000000e+00
0.0000000e+00
0.0000000e+00
0.0000000e+00
0.0000000e+00
0.0000000e+00
0.0000000e+00
0.0000000e+00
0.0000000e+00
0.0000000e+00
0.0000000e+00
0.0000000e+00
0.0000000e+00
0.0000000e+00
0.0000000e+00
0.0000000e+00
0.0000000e+00
0.0000000e+00
0.0000000e+00
0.0000000e+00
0.0000000e+00
0.0000000e+00
0.0000000e+00
0.0000000e+00
0.0000000e+00
0.0000000e+00
0.0000000e+00
0.0000000e+00
0.0000000e+00
0.0000000e+00
0.0000000e+00
0.0000000e+00
0.0000000e+00
0.0000000e+00
0.0000000e+00
0.0000000e+00
0.0000000e+00
0.0000000e+00
0.0000000e+00
0.0000000e+00
0.0000000e+00
0.0000000e+00
0.0000000e+00
0.0000000e+00
0.0000000e+00
0.0000000e+00
0.0000000e+00
0.0000000e+00
0.0000000e+00
0.0000000e+00
0.0000000e+00
0.0000000e+00
0.0000000e+00
0.0000000e+00
0.0000000e+00
0.0000000e+00
0.0000000e+00
0.0000000e+00
0.0000000e+00
0.0000000e+00
0.0000000e+00
0.0000000e+00
0.0000000e+00
0.0000000e+00
0.0000000e+00
0.0000000e+00
0.0000000e+00
0.0000000e+00
0.0000000e+00
0.0000000e+00
0.0000000e+00
0.0000000e+00
0.0000000e+00
0.0000000e+00
0.0000000e+00
0.0000000e+00
0.0000000e+00
0.0000000e+00
0.0000000e+00
0.0000000e+00
0.0000000e+00
0.0000000e+00
0.0000000e+00
0.0000000e+00
0.0000000e+00
0.0000000e+00
0.0000000e+00
0.0000000e+00
0.0000000e+00
0.0000000e+00
0.0000000e+00
0.0000000e+00
0.0000000e+00
0.0000000e+00
0.0000000e+00
0.0000000e+00
0.0000000e+00
0.0000000e+00
0.0000000e+00
0.0000000e+00
0.0000000e+00
0.0000000e+00
0.0000000e+00
0.0000000e+00
0.0000000e+00
0.0000000e+00
0.0000000e+00
0.0000000e+00
0.0000000e+00
0.0000000e+00
0.0000000e+00
0.0000000e+00
0.0000000e+00
0.0000000e+00
0.0000000e+00
0.0000000e+00
0.0000000e+00
0.0000000e+00
0.0000000e+00
0.0000000e+00
0.0000000e+00
0.0000000e+00
0.0000000e+00
0.0000000e+00
0.0000000e+00
0.0000000e+00
0.0000000e+00
0.0000000e+00
0.0000000e+00
0.0000000e+00
0.0000000e+00
0.0000000e+00
0.0000000e+00
0.0000000e+00
0.0000000e+00
0.0000000e+00
0.0000000e+00
0.0000000e+00
0.0000000e+00
0.0000000e+00
0.0000000e+00
0.0000000e+00
0.0000000e+00
0.0000000e+00
0.0000000e+00
0.0000000e+00
0.0000000e+00
0.0000000e+00
0.0000000e+00
0.0000000e+00
0.0000000e+00
0.0000000e+00
0.0000000e+00
0.0000000e+00
0.0000000e+00
0.0000000e+00
0.0000000e+00
0.0000000e+00
0.0000000e+00
0.0000000e+00
0.0000000e+00
0.0000000e+00
0.0000000e+00
0.0000000e+00
0.0000000e+00
0.0000000e+00
0.0000000e+00
0.0000000e+00
0.0000000e+00
0.0000000e+00
0.0000000e+00
0.0000000e+00
0.0000000e+00
0.0000000e+00
0.0000000e+00
0.0000000e+00
0.0000000e+00
0.0000000e+00
0.0000000e+00
0.0000000e+00
0.0000000e+00
0.0000000e+00
0.0000000e+00
0.0000000e+00
0.0000000e+00
0.0000000e+00
0.0000000e+00
0.0000000e+00
0.0000000e+00
0.0000000e+00
0.0000000e+00
0.0000000e+00
0.0000000e+00
0.0000000e+00
0.0000000e+00
0.0000000e+00
0.0000000e+00
0.0000000e+00
0.0000000e+00
0.0000000e+00
0.0000000e+00
0.0000000e+00
0.0000000e+00
0.0000000e+00
0.0000000e+00
0.0000000e+00
0.0000000e+00
0.0000000e+00
0.0000000e+00
0.0000000e+00
0.0000000e+00
0.0000000e+00
0.0000000e+00
0.0000000e+00
0.0000000e+00
0.0000000e+00
0.0000000e+00
0.0000000e+00
0.0000000e+00
0.0000000e+00
0.0000000e+00
0.0000000e+00
0.0000000e+00
0.0000000e+00
0.0000000e+00
0.0000000e+00
0.0000000e+00
0.0000000e+00
0.0000000e+00
0.0000000e+00
0.0000000e+00
0.0000000e+00
0.0000000e+00
0.0000000e+00
0.0000000e+00
0.0000000e+00
0.0000000e+00
0.0000000e+00
0.0000000e+00
0.0000000e+00
0.0000000e+00
0.0000000e+00
0.0000000e+00
0.0000000e+00
0.0000000e+00
0.0000000e+00
0.0000000e+00
0.0000000e+00
0.0000000e+00
0.0000000e+00
0.0000000e+00
0.0000000e+00
0.0000000e+00
0.0000000e+00
0.0000000e+00
0.0000000e+00
0.0000000e+00
0.0000000e+00
0.0000000e+00
0.0000000e+00
0.0000000e+00
0.0000000e+00
0.0000000e+00
0.0000000e+00
0.0000000e+00
0.0000000e+00
0.0000000e+00
0.0000000e+00
0.0000000e+00
0.0000000e+00
0.0000000e+00
0.0000000e+00
0.0000000e+00
0.0000000e+00
0.0000000e+00
0.0000000e+00
0.0000000e+00
0.0000000e+00
0.0000000e+00
0.0000000e+00
0.0000000e+00
0.0000000e+00
0.0000000e+00
0.0000000e+00
0.0000000e+00
0.0000000e+00
0.0000000e+00
0.0000000e+00
0.0000000e+00
0.0000000e+00
0.0000000e+00
0.0000000e+00
0.0000000e+00
0.0000000e+00
0.0000000e+00
0.0000000e+00
0.0000000e+00
0.0000000e+00
0.0000000e+00
0.0000000e+00
0.0000000e+00
0.0000000e+00
0.0000000e+00
0.0000000e+00
0.0000000e+00
0.0000000e+00
0.0000000e+00
0.0000000e+00
0.0000000e+00
0.0000000e+00
0.0000000e+00
0.0000000e+00
0.0000000e+00
0.0000000e+00
0.0000000e+00
0.0000000e+00
0.0000000e+00
0.0000000e+00
0.0000000e+00
0.0000000e+00
0.0000000e+00
0.0000000e+00
0.0000000e+00
0.0000000e+00
0.0000000e+00
0.0000000e+00
0.0000000e+00
0.0000000e+00
0.0000000e+00
0.0000000e+00
0.0000000e+00
0.0000000e+00
0.0000000e+00
0.0000000e+00
0.0000000e+00
0.0000000e+00
0.0000000e+00
0.0000000e+00
0.0000000e+00
0.0000000e+00
0.0000000e+00
0.0000000e+00
0.0000000e+00
0.0000000e+00
0.0000000e+00
0.0000000e+00
0.0000000e+00
0.0000000e+00
0.0000000e+00
0.0000000e+00
0.0000000e+00
0.0000000e+00
0.0000000e+00
0.0000000e+00
0.0000000e+00
0.0000000e+00
0.0000000e+00
0.0000000e+00
0.0000000e+00
0.0000000e+00
0.0000000e+00
0.0000000e+00
0.0000000e+00
0.0000000e+00
0.0000000e+00
0.0000000e+00
0.0000000e+00
0.0000000e+00
0.0000000e+00
0.0000000e+00
0.0000000e+00
0.0000000e+00
0.0000000e+00
0.0000000e+00
0.0000000e+00
0.0000000e+00
0.0000000e+00
0.0000000e+00
0.0000000e+00
0.0000000e+00
0.0000000e+00
0.0000000e+00
0.0000000e+00
0.0000000e+00
0.0000000e+00
0.0000000e+00
0.0000000e+00
0.0000000e+00
0.0000000e+00
0.0000000e+00
0.0000000e+00
0.0000000e+00
0.0000000e+00
0.0000000e+00
0.0000000e+00
0.0000000e+00
0.0000000e+00
0.0000000e+00
0.0000000e+00
0.0000000e+00
0.0000000e+00
0.0000000e+00
0.0000000e+00
0.0000000e+00
0.0000000e+00
0.0000000e+00
0.0000000e+00
0.0000000e+00
0.0000000e+00
0.0000000e+00
0.0000000e+00
0.0000000e+00
0.0000000e+00
0.0000000e+00
0.0000000e+00
0.0000000e+00
0.0000000e+00
0.0000000e+00
0.0000000e+00
0.0000000e+00
0.0000000e+00
0.0000000e+00
0.0000000e+00
0.0000000e+00
0.0000000e+00
0.0000000e+00
0.0000000e+00
0.0000000e+00
0.0000000e+00
0.0000000e+00
0.0000000e+00
0.0000000e+00
0.0000000e+00
0.0000000e+00
0.0000000e+00
0.0000000e+00
0.0000000e+00
0.0000000e+00
0.0000000e+00
0.0000000e+00
0.0000000e+00
0.0000000e+00
0.0000000e+00
0.0000000e+00
0.0000000e+00
0.0000000e+00
0.0000000e+00
0.0000000e+00
0.0000000e+00
0.0000000e+00
0.0000000e+00
0.0000000e+00
0.0000000e+00
0.0000000e+00
0.0000000e+00
0.0000000e+00
0.0000000e+00
0.0000000e+00
0.0000000e+00
0.0000000e+00
0.0000000e+00
0.0000000e+00
0.0000000e+00
0.0000000e+00
0.0000000e+00
0.0000000e+00
0.0000000e+00
0.0000000e+00
0.0000000e+00
0.0000000e+00
0.0000000e+00
0.0000000e+00
0.0000000e+00
0.0000000e+00
0.0000000e+00
0.0000000e+00
0.0000000e+00
0.0000000e+00
0.0000000e+00
0.0000000e+00
0.0000000e+00
0.0000000e+00
0.0000000e+00
0.0000000e+00
0.0000000e+00
0.0000000e+00
0.0000000e+00
0.0000000e+00
0.0000000e+00
0.0000000e+00
0.0000000e+00
0.0000000e+00
0.0000000e+00
0.0000000e+00
0.0000000e+00
0.0000000e+00
0.0000000e+00
0.0000000e+00
0.0000000e+00
0.0000000e+00
0.0000000e+00
0.0000000e+00
0.0000000e+00
0.0000000e+00
0.0000000e+00
0.0000000e+00
0.0000000e+00
0.0000000e+00
0.0000000e+00
0.0000000e+00
0.0000000e+00
0.0000000e+00
0.0000000e+00
0.0000000e+00
0.0000000e+00
0.0000000e+00
0.0000000e+00
0.0000000e+00
0.0000000e+00
0.0000000e+00
0.0000000e+00
0.0000000e+00
0.0000000e+00
0.0000000e+00
0.0000000e+00
0.0000000e+00
0.0000000e+00
0.0000000e+00
0.0000000e+00
0.0000000e+00
0.0000000e+00
0.0000000e+00
0.0000000e+00
0.0000000e+00
0.0000000e+00
0.0000000e+00
0.0000000e+00
0.0000000e+00
0.0000000e+00
0.0000000e+00
0.0000000e+00
0.0000000e+00
0.0000000e+00
0.0000000e+00
0.0000000e+00
0.0000000e+00
0.0000000e+00
0.0000000e+00
0.0000000e+00
0.0000000e+00
0.0000000e+00
0.0000000e+00
0.0000000e+00
0.0000000e+00
0.0000000e+00
0.0000000e+00
0.0000000e+00
0.0000000e+00
0.0000000e+00
0.0000000e+00
0.0000000e+00
0.0000000e+00
0.0000000e+00
0.0000000e+00
0.0000000e+00
0.0000000e+00
0.0000000e+00
0.0000000e+00
0.0000000e+00
0.0000000e+00
0.0000000e+00
0.0000000e+00
0.0000000e+00
0.0000000e+00
0.0000000e+00
0.0000000e+00
0.0000000e+00
0.0000000e+00
0.0000000e+00
0.0000000e+00
0.0000000e+00
0.0000000e+00
0.0000000e+00
0.0000000e+00
0.0000000e+00
0.0000000e+00
0.0000000e+00
0.0000000e+00
0.0000000e+00
0.0000000e+00
0.0000000e+00
0.0000000e+00
0.0000000e+00
0.0000000e+00
0.0000000e+00
0.0000000e+00
0.0000000e+00
0.0000000e+00
0.0000000e+00
0.0000000e+00
0.0000000e+00
0.0000000e+00
0.0000000e+00
0.0000000e+00
0.0000000e+00
0.0000000e+00
0.0000000e+00
0.0000000e+00
0.0000000e+00
0.0000000e+00
0.0000000e+00
0.0000000e+00
0.0000000e+00
0.0000000e+00
0.0000000e+00
0.0000000e+00
0.0000000e+00
0.0000000e+00
0.0000000e+00
0.0000000e+00
0.0000000e+00
0.0000000e+00
0.0000000e+00
0.0000000e+00
0.0000000e+00
0.0000000e+00
0.0000000e+00
0.0000000e+00
0.0000000e+00
0.0000000e+00
0.0000000e+00
0.0000000e+00
0.0000000e+00
0.0000000e+00
0.0000000e+00
0.0000000e+00
0.0000000e+00
0.0000000e+00
0.0000000e+00
0.0000000e+00
0.0000000e+00
0.0000000e+00
0.0000000e+00
0.0000000e+00
0.0000000e+00
0.0000000e+00
0.0000000e+00
0.0000000e+00
0.0000000e+00
0.0000000e+00
0.0000000e+00
0.0000000e+00
0.0000000e+00
0.0000000e+00
0.0000000e+00
0.0000000e+00
0.0000000e+00
0.0000000e+00
0.0000000e+00
0.0000000e+00
0.0000000e+00
0.0000000e+00
0.0000000e+00
0.0000000e+00
0.0000000e+00
0.0000000e+00
0.0000000e+00
0.0000000e+00
0.0000000e+00
0.0000000e+00
0.0000000e+00
0.0000000e+00
0.0000000e+00
0.0000000e+00
0.0000000e+00
0.0000000e+00
0.0000000e+00
0.0000000e+00
0.0000000e+00
0.0000000e+00
0.0000000e+00
0.0000000e+00
0.0000000e+00
0.0000000e+00
0.0000000e+00
0.0000000e+00
0.0000000e+00
0.0000000e+00
0.0000000e+00
0.0000000e+00
0.0000000e+00
0.0000000e+00
0.0000000e+00
0.0000000e+00
0.0000000e+00
0.0000000e+00
0.0000000e+00
0.0000000e+00
0.0000000e+00
0.0000000e+00
0.0000000e+00
0.0000000e+00
0.0000000e+00
0.0000000e+00
0.0000000e+00
0.0000000e+00
0.0000000e+00
0.0000000e+00
0.0000000e+00
0.0000000e+00
0.0000000e+00
0.0000000e+00
0.0000000e+00
0.0000000e+00
0.0000000e+00
0.0000000e+00
0.0000000e+00
0.0000000e+00
0.0000000e+00
0.0000000e+00
0.0000000e+00
0.0000000e+00
0.0000000e+00
0.0000000e+00
0.0000000e+00
0.0000000e+00
0.0000000e+00
0.0000000e+00
0.0000000e+00
0.0000000e+00
0.0000000e+00
0.0000000e+00
0.0000000e+00
0.0000000e+00
0.0000000e+00
0.0000000e+00
0.0000000e+00
0.0000000e+00
0.0000000e+00
0.0000000e+00
0.0000000e+00
0.0000000e+00
0.0000000e+00
0.0000000e+00
0.0000000e+00
0.0000000e+00
0.0000000e+00
0.0000000e+00
0.0000000e+00
0.0000000e+00
0.0000000e+00
0.0000000e+00
0.0000000e+00
0.0000000e+00
0.0000000e+00
0.0000000e+00
0.0000000e+00
0.0000000e+00
0.0000000e+00
0.0000000e+00
0.0000000e+00
0.0000000e+00
0.0000000e+00
0.0000000e+00
0.0000000e+00
0.0000000e+00
0.0000000e+00
0.0000000e+00
0.0000000e+00
0.0000000e+00
0.0000000e+00
0.0000000e+00
0.0000000e+00
0.0000000e+00
0.0000000e+00
0.0000000e+00
0.0000000e+00
0.0000000e+00
0.0000000e+00
0.0000000e+00
0.0000000e+00
0.0000000e+00
0.0000000e+00
0.0000000e+00
0.0000000e+00
0.0000000e+00
0.0000000e+00
0.0000000e+00
0.0000000e+00
0.0000000e+00
0.0000000e+00
0.0000000e+00
0.0000000e+00
0.0000000e+00
0.0000000e+00
0.0000000e+00
0.0000000e+00
0.0000000e+00
0.0000000e+00
0.0000000e+00
0.0000000e+00
0.0000000e+00
0.0000000e+00
0.0000000e+00
0.0000000e+00
0.0000000e+00
0.0000000e+00
0.0000000e+00
0.0000000e+00
0.0000000e+00
0.0000000e+00
0.0000000e+00
0.0000000e+00
0.0000000e+00
0.0000000e+00
0.0000000e+00
0.0000000e+00
0.0000000e+00
0.0000000e+00
0.0000000e+00
0.0000000e+00
0.0000000e+00
0.0000000e+00
0.0000000e+00
0.0000000e+00
0.0000000e+00
0.0000000e+00
0.0000000e+00
0.0000000e+00
0.0000000e+00
0.0000000e+00
0.0000000e+00
0.0000000e+00
0.0000000e+00
0.0000000e+00
0.0000000e+00
0.0000000e+00
0.0000000e+00
0.0000000e+00
0.0000000e+00
0.0000000e+00
0.0000000e+00
0.0000000e+00
0.0000000e+00
0.0000000e+00
0.0000000e+00
0.0000000e+00
0.0000000e+00
0.0000000e+00
0.0000000e+00
0.0000000e+00
0.0000000e+00
0.0000000e+00
0.0000000e+00
0.0000000e+00
0.0000000e+00
0.0000000e+00
0.0000000e+00
0.0000000e+00
0.0000000e+00
0.0000000e+00
0.0000000e+00
0.0000000e+00
0.0000000e+00
0.0000000e+00
0.0000000e+00
0.0000000e+00
0.0000000e+00
0.0000000e+00
0.0000000e+00
0.0000000e+00
0.0000000e+00
0.0000000e+00
0.0000000e+00
0.0000000e+00
0.0000000e+00
0.0000000e+00
0.0000000e+00
0.0000000e+00
0.0000000e+00
0.0000000e+00
0.0000000e+00
0.0000000e+00
0.0000000e+00
0.0000000e+00
0.0000000e+00
0.0000000e+00
0.0000000e+00
0.0000000e+00
0.0000000e+00
0.0000000e+00
0.0000000e+00
0.0000000e+00
0.0000000e+00
0.0000000e+00
0.0000000e+00
0.0000000e+00
0.0000000e+00
0.0000000e+00
0.0000000e+00
0.0000000e+00
0.0000000e+00
0.0000000e+00
0.0000000e+00
0.0000000e+00
0.0000000e+00
0.0000000e+00
0.0000000e+00
0.0000000e+00
0.0000000e+00
0.0000000e+00
0.0000000e+00
0.0000000e+00
0.0000000e+00
0.0000000e+00
0.0000000e+00
0.0000000e+00
0.0000000e+00
0.0000000e+00
0.0000000e+00
0.0000000e+00
0.0000000e+00
0.0000000e+00
0.0000000e+00
0.0000000e+00
0.0000000e+00
0.0000000e+00
0.0000000e+00
0.0000000e+00
0.0000000e+00
0.0000000e+00
0.0000000e+00
0.0000000e+00
0.0000000e+00
0.0000000e+00
0.0000000e+00
0.0000000e+00
0.0000000e+00
0.0000000e+00
0.0000000e+00
0.0000000e+00
0.0000000e+00
0.0000000e+00
0.0000000e+00
0.0000000e+00
0.0000000e+00
0.0000000e+00
0.0000000e+00
0.0000000e+00
0.0000000e+00
0.0000000e+00
0.0000000e+00
0.0000000e+00
0.0000000e+00
0.0000000e+00
0.0000000e+00
0.0000000e+00
0.0000000e+00
0.0000000e+00
0.0000000e+00
0.0000000e+00
0.0000000e+00
0.0000000e+00
0.0000000e+00
0.0000000e+00
0.0000000e+00
0.0000000e+00
0.0000000e+00
0.0000000e+00
0.0000000e+00
0.0000000e+00
0.0000000e+00
0.0000000e+00
0.0000000e+00
0.0000000e+00
0.0000000e+00
0.0000000e+00
0.0000000e+00
0.0000000e+00
0.0000000e+00
0.0000000e+00
0.0000000e+00
0.0000000e+00
0.0000000e+00
0.0000000e+00
0.0000000e+00
0.0000000e+00
0.0000000e+00
0.0000000e+00
0.0000000e+00
0.0000000e+00
0.0000000e+00
0.0000000e+00
0.0000000e+00
0.0000000e+00
0.0000000e+00
0.0000000e+00
0.0000000e+00
0.0000000e+00
0.0000000e+00
0.0000000e+00
0.0000000e+00
0.0000000e+00
0.0000000e+00
0.0000000e+00
0.0000000e+00
0.0000000e+00
0.0000000e+00
0.0000000e+00
0.0000000e+00
0.0000000e+00
0.0000000e+00
0.0000000e+00
0.0000000e+00
0.0000000e+00
0.0000000e+00
0.0000000e+00
0.0000000e+00
0.0000000e+00
0.0000000e+00
0.0000000e+00
0.0000000e+00
0.0000000e+00
0.0000000e+00
0.0000000e+00
0.0000000e+00
0.0000000e+00
0.0000000e+00
0.0000000e+00
0.0000000e+00
0.0000000e+00
0.0000000e+00
0.0000000e+00
0.0000000e+00
0.0000000e+00
0.0000000e+00
0.0000000e+00
0.0000000e+00
0.0000000e+00
0.0000000e+00
0.0000000e+00
0.0000000e+00
0.0000000e+00
0.0000000e+00
0.0000000e+00
0.0000000e+00
0.0000000e+00
0.0000000e+00
0.0000000e+00
0.0000000e+00
0.0000000e+00
0.0000000e+00
0.0000000e+00
0.0000000e+00
0.0000000e+00
0.0000000e+00
0.0000000e+00
0.0000000e+00
0.0000000e+00
0.0000000e+00
0.0000000e+00
0.0000000e+00
0.0000000e+00
0.0000000e+00
0.0000000e+00
0.0000000e+00
0.0000000e+00
0.0000000e+00
0.0000000e+00
0.0000000e+00
0.0000000e+00
0.0000000e+00
0.0000000e+00
0.0000000e+00
0.0000000e+00
0.0000000e+00
0.0000000e+00
0.0000000e+00
0.0000000e+00
0.0000000e+00
0.0000000e+00
0.0000000e+00
0.0000000e+00
0.0000000e+00
0.0000000e+00
0.0000000e+00
0.0000000e+00
0.0000000e+00
0.0000000e+00
0.0000000e+00
0.0000000e+00
0.0000000e+00
0.0000000e+00
0.0000000e+00
0.0000000e+00
0.0000000e+00
0.0000000e+00
0.0000000e+00
0.0000000e+00
0.0000000e+00
0.0000000e+00
0.0000000e+00
0.0000000e+00
0.0000000e+00
0.0000000e+00
0.0000000e+00
0.0000000e+00
0.0000000e+00
0.0000000e+00
0.0000000e+00
0.0000000e+00
0.0000000e+00
0.0000000e+00
0.0000000e+00
0.0000000e+00
0.0000000e+00
0.0000000e+00
0.0000000e+00
0.0000000e+00
0.0000000e+00
0.0000000e+00
0.0000000e+00
0.0000000e+00
0.0000000e+00
0.0000000e+00
0.0000000e+00
0.0000000e+00
0.0000000e+00
0.0000000e+00
0.0000000e+00
0.0000000e+00
0.0000000e+00
0.0000000e+00
0.0000000e+00
0.0000000e+00
0.0000000e+00
0.0000000e+00
0.0000000e+00
0.0000000e+00
0.0000000e+00
0.0000000e+00
0.0000000e+00
0.0000000e+00
0.0000000e+00
0.0000000e+00
0.0000000e+00
0.0000000e+00
0.0000000e+00
0.0000000e+00
0.0000000e+00
0.0000000e+00
0.0000000e+00
0.0000000e+00
0.0000000e+00
0.0000000e+00
0.0000000e+00
0.0000000e+00
0.0000000e+00
0.0000000e+00
0.0000000e+00
0.0000000e+00
0.0000000e+00
0.0000000e+00
0.0000000e+00
0.0000000e+00
0.0000000e+00
0.0000000e+00
0.0000000e+00
0.0000000e+00
0.0000000e+00
0.0000000e+00
0.0000000e+00
0.0000000e+00
0.0000000e+00
0.0000000e+00
0.0000000e+00
0.0000000e+00
0.0000000e+00
0.0000000e+00
0.0000000e+00
0.0000000e+00
0.0000000e+00
0.0000000e+00
0.0000000e+00
0.0000000e+00
0.0000000e+00
0.0000000e+00
0.0000000e+00
0.0000000e+00
0.0000000e+00
0.0000000e+00
0.0000000e+00
0.0000000e+00
0.0000000e+00
0.0000000e+00
0.0000000e+00
0.0000000e+00
0.0000000e+00
0.0000000e+00
0.0000000e+00
0.0000000e+00
0.0000000e+00
0.0000000e+00
0.0000000e+00
0.0000000e+00
0.0000000e+00
0.0000000e+00
0.0000000e+00
0.0000000e+00
0.0000000e+00
0.0000000e+00
0.0000000e+00
0.0000000e+00
0.0000000e+00
0.0000000e+00
0.0000000e+00
0.0000000e+00
0.0000000e+00
0.0000000e+00
0.0000000e+00
0.0000000e+00
0.0000000e+00
0.0000000e+00
0.0000000e+00
0.0000000e+00
0.0000000e+00
0.0000000e+00
0.0000000e+00
0.0000000e+00
0.0000000e+00
0.0000000e+00
0.0000000e+00
0.0000000e+00
0.0000000e+00
0.0000000e+00
0.0000000e+00
0.0000000e+00
0.0000000e+00
0.0000000e+00
0.0000000e+00
0.0000000e+00
0.0000000e+00
0.0000000e+00
0.0000000e+00
0.0000000e+00
0.0000000e+00
0.0000000e+00
0.0000000e+00
0.0000000e+00
0.0000000e+00
0.0000000e+00
0.0000000e+00
0.0000000e+00
0.0000000e+00
0.0000000e+00
0.0000000e+00
0.0000000e+00
0.0000000e+00
0.0000000e+00
0.0000000e+00
0.0000000e+00
0.0000000e+00
0.0000000e+00
0.0000000e+00
0.0000000e+00
0.0000000e+00
0.0000000e+00
0.0000000e+00
0.0000000e+00
0.0000000e+00
0.0000000e+00
0.0000000e+00
0.0000000e+00
0.0000000e+00
0.0000000e+00
0.0000000e+00
0.0000000e+00
0.0000000e+00
0.0000000e+00
0.0000000e+00
0.0000000e+00
0.0000000e+00
0.0000000e+00
0.0000000e+00
0.0000000e+00
0.0000000e+00
0.0000000e+00
0.0000000e+00
0.0000000e+00
0.0000000e+00
0.0000000e+00
0.0000000e+00
0.0000000e+00
0.0000000e+00
0.0000000e+00
0.0000000e+00
0.0000000e+00
0.0000000e+00
0.0000000e+00
0.0000000e+00
0.0000000e+00
0.0000000e+00
0.0000000e+00
0.0000000e+00
0.0000000e+00
0.0000000e+00
0.0000000e+00
0.0000000e+00
0.0000000e+00
0.0000000e+00
0.0000000e+00
0.0000000e+00
0.0000000e+00
0.0000000e+00
0.0000000e+00
0.0000000e+00
0.0000000e+00
0.0000000e+00
0.0000000e+00
0.0000000e+00
0.0000000e+00
0.0000000e+00
0.0000000e+00
0.0000000e+00
0.0000000e+00
0.0000000e+00
0.0000000e+00
0.0000000e+00
0.0000000e+00
0.0000000e+00
0.0000000e+00
0.0000000e+00
0.0000000e+00
0.0000000e+00
0.0000000e+00
0.0000000e+00
0.0000000e+00
0.0000000e+00
0.0000000e+00
0.0000000e+00
0.0000000e+00
0.0000000e+00
0.0000000e+00
0.0000000e+00
0.0000000e+00
0.0000000e+00
0.0000000e+00
0.0000000e+00
0.0000000e+00
0.0000000e+00
0.0000000e+00
0.0000000e+00
0.0000000e+00
0.0000000e+00
0.0000000e+00
0.0000000e+00
0.0000000e+00
0.0000000e+00
0.0000000e+00
0.0000000e+00
0.0000000e+00
0.0000000e+00
0.0000000e+00
0.0000000e+00
0.0000000e+00
0.0000000e+00
0.0000000e+00
0.0000000e+00
0.0000000e+00
0.0000000e+00
0.0000000e+00
0.0000000e+00
0.0000000e+00
0.0000000e+00
0.0000000e+00
0.0000000e+00
0.0000000e+00
0.0000000e+00
0.0000000e+00
0.0000000e+00
0.0000000e+00
0.0000000e+00
0.0000000e+00
0.0000000e+00
0.0000000e+00
0.0000000e+00
0.0000000e+00
0.0000000e+00
0.0000000e+00
0.0000000e+00
0.0000000e+00
0.0000000e+00
0.0000000e+00
0.0000000e+00
0.0000000e+00
0.0000000e+00
0.0000000e+00
0.0000000e+00
0.0000000e+00
0.0000000e+00
0.0000000e+00
0.0000000e+00
0.0000000e+00
0.0000000e+00
0.0000000e+00
0.0000000e+00
0.0000000e+00
0.0000000e+00
0.0000000e+00
0.0000000e+00
0.0000000e+00
0.0000000e+00
0.0000000e+00
0.0000000e+00
0.0000000e+00
0.0000000e+00
0.0000000e+00
0.0000000e+00
0.0000000e+00
0.0000000e+00
0.0000000e+00
0.0000000e+00
0.0000000e+00
0.0000000e+00
0.0000000e+00
0.0000000e+00
0.0000000e+00
0.0000000e+00
0.0000000e+00
0.0000000e+00
0.0000000e+00
0.0000000e+00
0.0000000e+00
0.0000000e+00
0.0000000e+00
0.0000000e+00
0.0000000e+00
0.0000000e+00
0.0000000e+00
0.0000000e+00
0.0000000e+00
0.0000000e+00
0.0000000e+00
0.0000000e+00
0.0000000e+00
0.0000000e+00
0.0000000e+00
0.0000000e+00
0.0000000e+00
0.0000000e+00
0.0000000e+00
0.0000000e+00
0.0000000e+00
0.0000000e+00
0.0000000e+00
0.0000000e+00
0.0000000e+00
0.0000000e+00
0.0000000e+00
0.0000000e+00
0.0000000e+00
0.0000000e+00
0.0000000e+00
0.0000000e+00
0.0000000e+00
0.0000000e+00
0.0000000e+00
0.0000000e+00
0.0000000e+00
0.0000000e+00
0.0000000e+00
0.0000000e+00
0.0000000e+00
0.0000000e+00
0.0000000e+00
0.0000000e+00
0.0000000e+00
0.0000000e+00
0.0000000e+00
0.0000000e+00
0.0000000e+00
0.0000000e+00
0.0000000e+00
0.0000000e+00
0.0000000e+00
0.0000000e+00
0.0000000e+00
0.0000000e+00
0.0000000e+00
0.0000000e+00
0.0000000e+00
0.0000000e+00
0.0000000e+00
0.0000000e+00
0.0000000e+00
0.0000000e+00
0.0000000e+00
0.0000000e+00
0.0000000e+00
0.0000000e+00
0.0000000e+00
0.0000000e+00
0.0000000e+00
0.0000000e+00
0.0000000e+00
0.0000000e+00
0.0000000e+00
0.0000000e+00
0.0000000e+00
0.0000000e+00
0.0000000e+00
0.0000000e+00
0.0000000e+00
0.0000000e+00
0.0000000e+00
0.0000000e+00
0.0000000e+00
0.0000000e+00
0.0000000e+00
0.0000000e+00
0.0000000e+00
0.0000000e+00
0.0000000e+00
0.0000000e+00
0.0000000e+00
0.0000000e+00
0.0000000e+00
0.0000000e+00
0.0000000e+00
0.0000000e+00
0.0000000e+00
0.0000000e+00
0.0000000e+00
0.0000000e+00
0.0000000e+00
0.0000000e+00
0.0000000e+00
0.0000000e+00
0.0000000e+00
0.0000000e+00
0.0000000e+00
0.0000000e+00
0.0000000e+00
0.0000000e+00
0.0000000e+00
0.0000000e+00
0.0000000e+00
0.0000000e+00
0.0000000e+00
0.0000000e+00
0.0000000e+00
0.0000000e+00
0.0000000e+00
0.0000000e+00
0.0000000e+00
0.0000000e+00
0.0000000e+00
0.0000000e+00
0.0000000e+00
0.0000000e+00
0.0000000e+00
0.0000000e+00
0.0000000e+00
0.0000000e+00
0.0000000e+00
0.0000000e+00
0.0000000e+00
0.0000000e+00
0.0000000e+00
0.0000000e+00
0.0000000e+00
0.0000000e+00
0.0000000e+00
0.0000000e+00
0.0000000e+00
0.0000000e+00
0.0000000e+00
0.0000000e+00
0.0000000e+00
0.0000000e+00
0.0000000e+00
0.0000000e+00
0.0000000e+00
0.0000000e+00
0.0000000e+00
0.0000000e+00
0.0000000e+00
0.0000000e+00
0.0000000e+00
0.0000000e+00
0.0000000e+00
0.0000000e+00
0.0000000e+00
0.0000000e+00
0.0000000e+00
0.0000000e+00
0.0000000e+00
0.0000000e+00
0.0000000e+00
0.0000000e+00
0.0000000e+00
0.0000000e+00
0.0000000e+00
0.0000000e+00
0.0000000e+00
0.0000000e+00
0.0000000e+00
0.0000000e+00
0.0000000e+00
0.0000000e+00
0.0000000e+00
0.0000000e+00
0.0000000e+00
0.0000000e+00
0.0000000e+00
0.0000000e+00
0.0000000e+00
0.0000000e+00
0.0000000e+00
0.0000000e+00
0.0000000e+00
0.0000000e+00
0.0000000e+00
0.0000000e+00
0.0000000e+00
0.0000000e+00
0.0000000e+00
0.0000000e+00
0.0000000e+00
0.0000000e+00
0.0000000e+00
0.0000000e+00
0.0000000e+00
0.0000000e+00
0.0000000e+00
0.0000000e+00
0.0000000e+00
0.0000000e+00
0.0000000e+00
0.0000000e+00
0.0000000e+00
0.0000000e+00
0.0000000e+00
0.0000000e+00
0.0000000e+00
0.0000000e+00
0.0000000e+00
0.0000000e+00
0.0000000e+00
0.0000000e+00
0.0000000e+00
0.0000000e+00
0.0000000e+00
0.0000000e+00
0.0000000e+00
0.0000000e+00
0.0000000e+00
0.0000000e+00
0.0000000e+00
0.0000000e+00
0.0000000e+00
0.0000000e+00
0.0000000e+00
0.0000000e+00
0.0000000e+00
0.0000000e+00
0.0000000e+00
0.0000000e+00
0.0000000e+00
0.0000000e+00
0.0000000e+00
0.0000000e+00
0.0000000e+00
0.0000000e+00
0.0000000e+00
0.0000000e+00
0.0000000e+00
0.0000000e+00
0.0000000e+00
0.0000000e+00
0.0000000e+00
0.0000000e+00
0.0000000e+00
0.0000000e+00
0.0000000e+00
0.0000000e+00
0.0000000e+00
0.0000000e+00
0.0000000e+00
0.0000000e+00
0.0000000e+00
0.0000000e+00
0.0000000e+00
0.0000000e+00
0.0000000e+00
0.0000000e+00
0.0000000e+00
0.0000000e+00
0.0000000e+00
0.0000000e+00
0.0000000e+00
0.0000000e+00
0.0000000e+00
0.0000000e+00
0.0000000e+00
0.0000000e+00
0.0000000e+00
0.0000000e+00
0.0000000e+00
0.0000000e+00
0.0000000e+00
0.0000000e+00
0.0000000e+00
0.0000000e+00
0.0000000e+00
0.0000000e+00
0.0000000e+00
0.0000000e+00
0.0000000e+00
0.0000000e+00
0.0000000e+00
0.0000000e+00
0.0000000e+00
0.0000000e+00
0.0000000e+00
0.0000000e+00
0.0000000e+00
0.0000000e+00
0.0000000e+00
0.0000000e+00
0.0000000e+00
0.0000000e+00
0.0000000e+00
0.0000000e+00
0.0000000e+00
0.0000000e+00
0.0000000e+00
0.0000000e+00
0.0000000e+00
0.0000000e+00
0.0000000e+00
0.0000000e+00
0.0000000e+00
0.0000000e+00
0.0000000e+00
0.0000000e+00
0.0000000e+00
0.0000000e+00
0.0000000e+00
0.0000000e+00
0.0000000e+00
0.0000000e+00
0.0000000e+00
0.0000000e+00
0.0000000e+00
0.0000000e+00
0.0000000e+00
0.0000000e+00
0.0000000e+00
0.0000000e+00
0.0000000e+00
0.0000000e+00
0.0000000e+00
0.0000000e+00
0.0000000e+00
0.0000000e+00
0.0000000e+00
0.0000000e+00
0.0000000e+00
0.0000000e+00
0.0000000e+00
0.0000000e+00
0.0000000e+00
0.0000000e+00
0.0000000e+00
0.0000000e+00
0.0000000e+00
0.0000000e+00
0.0000000e+00
0.0000000e+00
0.0000000e+00
0.0000000e+00
0.0000000e+00
0.0000000e+00
0.0000000e+00
0.0000000e+00
0.0000000e+00
0.0000000e+00
0.0000000e+00
0.0000000e+00
0.0000000e+00
0.0000000e+00
0.0000000e+00
0.0000000e+00
0.0000000e+00
0.0000000e+00
0.0000000e+00
0.0000000e+00
0.0000000e+00
0.0000000e+00
0.0000000e+00
0.0000000e+00
0.0000000e+00
0.0000000e+00
0.0000000e+00
0.0000000e+00
0.0000000e+00
0.0000000e+00
0.0000000e+00
0.0000000e+00
0.0000000e+00
0.0000000e+00
0.0000000e+00
0.0000000e+00
0.0000000e+00
0.0000000e+00
0.0000000e+00
0.0000000e+00
0.0000000e+00
0.0000000e+00
0.0000000e+00
0.0000000e+00
0.0000000e+00
0.0000000e+00
0.0000000e+00
0.0000000e+00
0.0000000e+00
0.0000000e+00
0.0000000e+00
0.0000000e+00
0.0000000e+00
0.0000000e+00
0.0000000e+00
0.0000000e+00
0.0000000e+00
0.0000000e+00
0.0000000e+00
0.0000000e+00
0.0000000e+00
0.0000000e+00
0.0000000e+00
0.0000000e+00
0.0000000e+00
0.0000000e+00
0.0000000e+00
0.0000000e+00
0.0000000e+00
0.0000000e+00
0.0000000e+00
0.0000000e+00
0.0000000e+00
0.0000000e+00
0.0000000e+00
0.0000000e+00
0.0000000e+00
0.0000000e+00
0.0000000e+00
0.0000000e+00
0.0000000e+00
0.0000000e+00
0.0000000e+00
0.0000000e+00
0.0000000e+00
0.0000000e+00
0.0000000e+00
0.0000000e+00
0.0000000e+00
0.0000000e+00
0.0000000e+00
0.0000000e+00
0.0000000e+00
0.0000000e+00
0.0000000e+00
0.0000000e+00
0.0000000e+00
0.0000000e+00
0.0000000e+00
0.0000000e+00
0.0000000e+00
0.0000000e+00
0.0000000e+00
0.0000000e+00
0.0000000e+00
0.0000000e+00
0.0000000e+00
0.0000000e+00
0.0000000e+00
0.0000000e+00
0.0000000e+00
0.0000000e+00
0.0000000e+00
0.0000000e+00
0.0000000e+00
0.0000000e+00
0.0000000e+00
0.0000000e+00
0.0000000e+00
0.0000000e+00
0.0000000e+00
0.0000000e+00
0.0000000e+00
0.0000000e+00
0.0000000e+00
0.0000000e+00
0.0000000e+00
0.0000000e+00
0.0000000e+00
0.0000000e+00
0.0000000e+00
0.0000000e+00
0.0000000e+00
0.0000000e+00
0.0000000e+00
0.0000000e+00
0.0000000e+00
0.0000000e+00
0.0000000e+00
0.0000000e+00
0.0000000e+00
0.0000000e+00
0.0000000e+00
0.0000000e+00
0.0000000e+00
0.0000000e+00
0.0000000e+00
0.0000000e+00
0.0000000e+00
0.0000000e+00
0.0000000e+00
0.0000000e+00
0.0000000e+00
0.0000000e+00
0.0000000e+00
0.0000000e+00
0.0000000e+00
0.0000000e+00
0.0000000e+00
0.0000000e+00
0.0000000e+00
0.0000000e+00
0.0000000e+00
0.0000000e+00
0.0000000e+00
0.0000000e+00
0.0000000e+00
0.0000000e+00
0.0000000e+00
0.0000000e+00
0.0000000e+00
0.0000000e+00
0.0000000e+00
0.0000000e+00
0.0000000e+00
0.0000000e+00
0.0000000e+00
0.0000000e+00
0.0000000e+00
0.0000000e+00
0.0000000e+00
0.0000000e+00
0.0000000e+00
0.0000000e+00
0.0000000e+00
0.0000000e+00
0.0000000e+00
0.0000000e+00
0.0000000e+00
0.0000000e+00
0.0000000e+00
0.0000000e+00
0.0000000e+00
0.0000000e+00
0.0000000e+00
0.0000000e+00
0.0000000e+00
0.0000000e+00
0.0000000e+00
0.0000000e+00
0.0000000e+00
0.0000000e+00
0.0000000e+00
0.0000000e+00
0.0000000e+00
0.0000000e+00
0.0000000e+00
0.0000000e+00
0.0000000e+00
0.0000000e+00
0.0000000e+00
0.0000000e+00
0.0000000e+00
0.0000000e+00
0.0000000e+00
0.0000000e+00
0.0000000e+00
0.0000000e+00
0.0000000e+00
0.0000000e+00
0.0000000e+00
0.0000000e+00
0.0000000e+00
0.0000000e+00
0.0000000e+00
0.0000000e+00
0.0000000e+00
0.0000000e+00
0.0000000e+00
0.0000000e+00
0.0000000e+00
0.0000000e+00
0.0000000e+00
0.0000000e+00
0.0000000e+00
0.0000000e+00
0.0000000e+00
0.0000000e+00
0.0000000e+00
0.0000000e+00
0.0000000e+00
0.0000000e+00
0.0000000e+00
0.0000000e+00
0.0000000e+00
0.0000000e+00
0.0000000e+00
0.0000000e+00
0.0000000e+00
0.0000000e+00
0.0000000e+00
0.0000000e+00
0.0000000e+00
0.0000000e+00
0.0000000e+00
0.0000000e+00
0.0000000e+00
0.0000000e+00
0.0000000e+00
0.0000000e+00
0.0000000e+00
0.0000000e+00
0.0000000e+00
0.0000000e+00
0.0000000e+00
0.0000000e+00
0.0000000e+00
0.0000000e+00
0.0000000e+00
0.0000000e+00
0.0000000e+00
0.0000000e+00
0.0000000e+00
0.0000000e+00
0.0000000e+00
0.0000000e+00
0.0000000e+00
0.0000000e+00
0.0000000e+00
0.0000000e+00
0.0000000e+00
0.0000000e+00
0.0000000e+00
0.0000000e+00
0.0000000e+00
0.0000000e+00
0.0000000e+00
0.0000000e+00
0.0000000e+00
0.0000000e+00
0.0000000e+00
0.0000000e+00
0.0000000e+00
0.0000000e+00
0.0000000e+00
0.0000000e+00
0.0000000e+00
0.0000000e+00
0.0000000e+00
0.0000000e+00
0.0000000e+00
0.0000000e+00
0.0000000e+00
0.0000000e+00
0.0000000e+00
0.0000000e+00
0.0000000e+00
0.0000000e+00
0.0000000e+00
0.0000000e+00
0.0000000e+00
0.0000000e+00
0.0000000e+00
0.0000000e+00
0.0000000e+00
0.0000000e+00
0.0000000e+00
0.0000000e+00
0.0000000e+00
0.0000000e+00
0.0000000e+00
0.0000000e+00
0.0000000e+00
0.0000000e+00
0.0000000e+00
0.0000000e+00
0.0000000e+00
0.0000000e+00
0.0000000e+00
0.0000000e+00
0.0000000e+00
0.0000000e+00
0.0000000e+00
0.0000000e+00
0.0000000e+00
0.0000000e+00
0.0000000e+00
0.0000000e+00
0.0000000e+00
0.0000000e+00
0.0000000e+00
0.0000000e+00
0.0000000e+00
0.0000000e+00
0.0000000e+00
0.0000000e+00
0.0000000e+00
0.0000000e+00
0.0000000e+00
0.0000000e+00
0.0000000e+00
0.0000000e+00
0.0000000e+00
0.0000000e+00
0.0000000e+00
0.0000000e+00
0.0000000e+00
0.0000000e+00
0.0000000e+00
0.0000000e+00
0.0000000e+00
0.0000000e+00
0.0000000e+00
0.0000000e+00
0.0000000e+00
0.0000000e+00
0.0000000e+00
0.0000000e+00
0.0000000e+00
0.0000000e+00
0.0000000e+00
0.0000000e+00
0.0000000e+00
0.0000000e+00
0.0000000e+00
0.0000000e+00
0.0000000e+00
0.0000000e+00
0.0000000e+00
0.0000000e+00
0.0000000e+00
0.0000000e+00
0.0000000e+00
0.0000000e+00
0.0000000e+00
0.0000000e+00
0.0000000e+00
0.0000000e+00
0.0000000e+00
0.0000000e+00
0.0000000e+00
0.0000000e+00
0.0000000e+00
0.0000000e+00
0.0000000e+00
0.0000000e+00
0.0000000e+00
0.0000000e+00
0.0000000e+00
0.0000000e+00
0.0000000e+00
0.0000000e+00
0.0000000e+00
0.0000000e+00
0.0000000e+00
0.0000000e+00
0.0000000e+00
0.0000000e+00
0.0000000e+00
0.0000000e+00
0.0000000e+00
0.0000000e+00
0.0000000e+00
0.0000000e+00
0.0000000e+00
0.0000000e+00
0.0000000e+00
0.0000000e+00
0.0000000e+00
0.0000000e+00
0.0000000e+00
0.0000000e+00
0.0000000e+00
0.0000000e+00
0.0000000e+00
0.0000000e+00
0.0000000e+00
0.0000000e+00
0.0000000e+00
0.0000000e+00
0.0000000e+00
0.0000000e+00
0.0000000e+00
0.0000000e+00
0.0000000e+00
0.0000000e+00
0.0000000e+00
0.0000000e+00
0.0000000e+00
0.0000000e+00
0.0000000e+00
0.0000000e+00
0.0000000e+00
0.0000000e+00
0.0000000e+00
0.0000000e+00
0.0000000e+00
0.0000000e+00
0.0000000e+00
0.0000000e+00
0.0000000e+00
0.0000000e+00
0.0000000e+00
0.0000000e+00
0.0000000e+00
0.0000000e+00
0.0000000e+00
0.0000000e+00
0.0000000e+00
0.0000000e+00
0.0000000e+00
0.0000000e+00
0.0000000e+00
0.0000000e+00
0.0000000e+00
0.0000000e+00
0.0000000e+00
0.0000000e+00
0.0000000e+00
0.0000000e+00
0.0000000e+00
0.0000000e+00
0.0000000e+00
0.0000000e+00
0.0000000e+00
0.0000000e+00
0.0000000e+00
0.0000000e+00
0.0000000e+00
0.0000000e+00
0.0000000e+00
0.0000000e+00
0.0000000e+00
0.0000000e+00
0.0000000e+00
0.0000000e+00
0.0000000e+00
0.0000000e+00
0.0000000e+00
0.0000000e+00
0.0000000e+00
0.0000000e+00
0.0000000e+00
0.0000000e+00
0.0000000e+00
0.0000000e+00
0.0000000e+00
0.0000000e+00
0.0000000e+00
0.0000000e+00
0.0000000e+00
0.0000000e+00
0.0000000e+00
0.0000000e+00
0.0000000e+00
0.0000000e+00
0.0000000e+00
0.0000000e+00
0.0000000e+00
0.0000000e+00
0.0000000e+00
0.0000000e+00
0.0000000e+00
0.0000000e+00
0.0000000e+00
0.0000000e+00
0.0000000e+00
0.0000000e+00
0.0000000e+00
0.0000000e+00
0.0000000e+00
0.0000000e+00
0.0000000e+00
0.0000000e+00
0.0000000e+00
0.0000000e+00
0.0000000e+00
0.0000000e+00
0.0000000e+00
0.0000000e+00
0.0000000e+00
0.0000000e+00
0.0000000e+00
0.0000000e+00
0.0000000e+00
0.0000000e+00
0.0000000e+00
0.0000000e+00
0.0000000e+00
0.0000000e+00
0.0000000e+00
0.0000000e+00
0.0000000e+00
0.0000000e+00
0.0000000e+00
0.0000000e+00
0.0000000e+00
0.0000000e+00
0.0000000e+00
0.0000000e+00
0.0000000e+00
0.0000000e+00
0.0000000e+00
0.0000000e+00
0.0000000e+00
0.0000000e+00
0.0000000e+00
0.0000000e+00
0.0000000e+00
0.0000000e+00
0.0000000e+00
0.0000000e+00
0.0000000e+00
0.0000000e+00
0.0000000e+00
0.0000000e+00
0.0000000e+00
0.0000000e+00
0.0000000e+00
0.0000000e+00
0.0000000e+00
0.0000000e+00
0.0000000e+00
0.0000000e+00
0.0000000e+00
0.0000000e+00
0.0000000e+00
0.0000000e+00
0.0000000e+00
0.0000000e+00
0.0000000e+00
0.0000000e+00
0.0000000e+00
0.0000000e+00
0.0000000e+00
0.0000000e+00
0.0000000e+00
0.0000000e+00
0.0000000e+00
0.0000000e+00
0.0000000e+00
0.0000000e+00
0.0000000e+00
0.0000000e+00
0.0000000e+00
0.0000000e+00
0.0000000e+00
0.0000000e+00
0.0000000e+00
0.0000000e+00
0.0000000e+00
0.0000000e+00
0.0000000e+00
0.0000000e+00
0.0000000e+00
0.0000000e+00
0.0000000e+00
0.0000000e+00
0.0000000e+00
0.0000000e+00
0.0000000e+00
0.0000000e+00
0.0000000e+00
0.0000000e+00
0.0000000e+00
0.0000000e+00
0.0000000e+00
0.0000000e+00
0.0000000e+00
0.0000000e+00
0.0000000e+00
0.0000000e+00
0.0000000e+00
0.0000000e+00
0.0000000e+00
0.0000000e+00
0.0000000e+00
0.0000000e+00
0.0000000e+00
0.0000000e+00
0.0000000e+00
0.0000000e+00
0.0000000e+00
0.0000000e+00
0.0000000e+00
0.0000000e+00
0.0000000e+00
0.0000000e+00
0.0000000e+00
0.0000000e+00
0.0000000e+00
0.0000000e+00
0.0000000e+00
0.0000000e+00
0.0000000e+00
0.0000000e+00
0.0000000e+00
0.0000000e+00
0.0000000e+00
0.0000000e+00
0.0000000e+00
0.0000000e+00
0.0000000e+00
0.0000000e+00
0.0000000e+00
0.0000000e+00
0.0000000e+00
0.0000000e+00
0.0000000e+00
0.0000000e+00
0.0000000e+00
0.0000000e+00
0.0000000e+00
0.0000000e+00
0.0000000e+00
0.0000000e+00
0.0000000e+00
0.0000000e+00
0.0000000e+00
0.0000000e+00
0.0000000e+00
0.0000000e+00
0.0000000e+00
0.0000000e+00
0.0000000e+00
0.0000000e+00
0.0000000e+00
0.0000000e+00
0.0000000e+00
0.0000000e+00
0.0000000e+00
0.0000000e+00
0.0000000e+00
0.0000000e+00
0.0000000e+00
0.0000000e+00
0.0000000e+00
0.0000000e+00
0.0000000e+00
0.0000000e+00
0.0000000e+00
0.0000000e+00
0.0000000e+00
0.0000000e+00
0.0000000e+00
0.0000000e+00
0.0000000e+00
0.0000000e+00
0.0000000e+00
0.0000000e+00
0.0000000e+00
0.0000000e+00
0.0000000e+00
0.0000000e+00
0.0000000e+00
0.0000000e+00
0.0000000e+00
0.0000000e+00
0.0000000e+00
0.0000000e+00
0.0000000e+00
0.0000000e+00
0.0000000e+00
0.0000000e+00
0.0000000e+00
0.0000000e+00
0.0000000e+00
0.0000000e+00
0.0000000e+00
0.0000000e+00
0.0000000e+00
0.0000000e+00
0.0000000e+00
0.0000000e+00
0.0000000e+00
0.0000000e+00
0.0000000e+00
0.0000000e+00
0.0000000e+00
0.0000000e+00
0.0000000e+00
0.0000000e+00
0.0000000e+00
0.0000000e+00
0.0000000e+00
0.0000000e+00
0.0000000e+00
0.0000000e+00
0.0000000e+00
0.0000000e+00
0.0000000e+00
0.0000000e+00
0.0000000e+00
0.0000000e+00
0.0000000e+00
0.0000000e+00
0.0000000e+00
0.0000000e+00
0.0000000e+00
0.0000000e+00
0.0000000e+00
0.0000000e+00
0.0000000e+00
0.0000000e+00
0.0000000e+00
0.0000000e+00
0.0000000e+00
0.0000000e+00
0.0000000e+00
0.0000000e+00
0.0000000e+00
0.0000000e+00
0.0000000e+00
0.0000000e+00
0.0000000e+00
0.0000000e+00
0.0000000e+00
0.0000000e+00
0.0000000e+00
0.0000000e+00
0.0000000e+00
0.0000000e+00
0.0000000e+00
0.0000000e+00
0.0000000e+00
0.0000000e+00
0.0000000e+00
0.0000000e+00
0.0000000e+00
0.0000000e+00
0.0000000e+00
0.0000000e+00
0.0000000e+00
0.0000000e+00
0.0000000e+00
0.0000000e+00
0.0000000e+00
0.0000000e+00
0.0000000e+00
0.0000000e+00
0.0000000e+00
0.0000000e+00
0.0000000e+00
0.0000000e+00
0.0000000e+00
0.0000000e+00
0.0000000e+00
0.0000000e+00
0.0000000e+00
0.0000000e+00
0.0000000e+00
0.0000000e+00
0.0000000e+00
0.0000000e+00
0.0000000e+00
0.0000000e+00
0.0000000e+00
0.0000000e+00
0.0000000e+00
0.0000000e+00
0.0000000e+00
0.0000000e+00
0.0000000e+00
0.0000000e+00
0.0000000e+00
0.0000000e+00
0.0000000e+00
0.0000000e+00
0.0000000e+00
0.0000000e+00
0.0000000e+00
0.0000000e+00
0.0000000e+00
0.0000000e+00
0.0000000e+00
0.0000000e+00
0.0000000e+00
0.0000000e+00
0.0000000e+00
0.0000000e+00
0.0000000e+00
0.0000000e+00
0.0000000e+00
0.0000000e+00
0.0000000e+00
0.0000000e+00
0.0000000e+00
0.0000000e+00
0.0000000e+00
0.0000000e+00
0.0000000e+00
0.0000000e+00
0.0000000e+00
0.0000000e+00
0.0000000e+00
0.0000000e+00
0.0000000e+00
0.0000000e+00
0.0000000e+00
0.0000000e+00
0.0000000e+00
0.0000000e+00
0.0000000e+00
0.0000000e+00
0.0000000e+00
0.0000000e+00
0.0000000e+00
0.0000000e+00
0.0000000e+00
0.0000000e+00
0.0000000e+00
0.0000000e+00
0.0000000e+00
0.0000000e+00
0.0000000e+00
0.0000000e+00
0.0000000e+00
0.0000000e+00
0.0000000e+00
0.0000000e+00
0.0000000e+00
0.0000000e+00
0.0000000e+00
0.0000000e+00
0.0000000e+00
0.0000000e+00
0.0000000e+00
0.0000000e+00
0.0000000e+00
0.0000000e+00
0.0000000e+00
0.0000000e+00
0.0000000e+00
0.0000000e+00
0.0000000e+00
0.0000000e+00
0.0000000e+00
0.0000000e+00
0.0000000e+00
0.0000000e+00
0.0000000e+00
0.0000000e+00
0.0000000e+00
0.0000000e+00
0.0000000e+00
0.0000000e+00
0.0000000e+00
0.0000000e+00
0.0000000e+00
0.0000000e+00
0.0000000e+00
0.0000000e+00
0.0000000e+00
0.0000000e+00
0.0000000e+00
0.0000000e+00
0.0000000e+00
0.0000000e+00
0.0000000e+00
0.0000000e+00
0.0000000e+00
0.0000000e+00
0.0000000e+00
0.0000000e+00
0.0000000e+00
0.0000000e+00
0.0000000e+00
0.0000000e+00
0.0000000e+00
0.0000000e+00
0.0000000e+00
0.0000000e+00
0.0000000e+00
0.0000000e+00
0.0000000e+00
0.0000000e+00
0.0000000e+00
0.0000000e+00
0.0000000e+00
0.0000000e+00
0.0000000e+00
0.0000000e+00
0.0000000e+00
0.0000000e+00
0.0000000e+00
0.0000000e+00
0.0000000e+00
0.0000000e+00
0.0000000e+00
0.0000000e+00
0.0000000e+00
0.0000000e+00
0.0000000e+00
0.0000000e+00
0.0000000e+00
0.0000000e+00
0.0000000e+00
0.0000000e+00
0.0000000e+00
0.0000000e+00
0.0000000e+00
0.0000000e+00
0.0000000e+00
CAUCHY_STRESS_VECTOR 3 4225  float
8.2290525e+06 6.0332025e+06 7.6463725e+06 
8.6982320e+06 6.2714140e+06 7.8804105e+06 
8.6664410e+06 7.0297310e+06 7.8545070e+06 
9.0688270e+06 6.4166555e+06 8.1476620e+06 
8.9420120e+06 7.0385050e+06 8.0011255e+06 
8.9318280e+06 7.5530620e+06 8.2435180e+06 
9.2848720e+06 6.5210295e+06 8.3542250e+06 
9.2222230e+06 6.9804945e+06 8.2059250e+06 
9.0291960e+06 7.4934145e+06 8.2829130e+06 
9.4848820e+06 6.6292905e+06 8.5297120e+06 
9.4181980e+06 6.9990445e+06 8.3844355e+06 
9.0557490e+06 7.7437845e+06 8.4099870e+06 
9.2462200e+06 7.4289190e+06 8.3830380e+06 
9.7003320e+06 6.7514440e+06 8.6826620e+06 
9.6154280e+06 7.0517485e+06 8.5415310e+06 
9.1504670e+06 7.7262405e+06 8.4425490e+06 
9.4616870e+06 7.4194935e+06 8.5034980e+06 
9.1137070e+06 7.8305725e+06 8.5104230e+06 
9.3441230e+06 7.6935185e+06 8.5177920e+06 
9.9417110e+06 6.8902095e+06 8.8148420e+06 
9.8334610e+06 7.1260615e+06 8.6800390e+06 
9.6962880e+06 7.4407540e+06 8.6204840e+06 
9.2567420e+06 7.8568020e+06 8.5468440e+06 
9.5785270e+06 7.6833515e+06 8.6104360e+06 
1.0210289e+07 7.0448795e+06 8.9254690e+06 
1.0077920e+07 7.2158820e+06 8.7996640e+06 
9.9581650e+06 7.4787170e+06 8.7260830e+06 
9.1649770e+06 7.8753835e+06 8.5896280e+06 
9.4775610e+06 7.8475155e+06 8.6258450e+06 
9.8500600e+06 7.6861115e+06 8.7032910e+06 
1.0502984e+07 7.2130020e+06 9.0129290e+06 
1.0347998e+07 7.3172650e+06 8.8989390e+06 
9.3797800e+06 7.9425385e+06 8.6366820e+06 
9.7502370e+06 7.8384055e+06 8.7124390e+06 
1.0247358e+07 7.5261050e+06 8.8159640e+06 
1.0154143e+07 7.6947280e+06 8.7868940e+06 
9.6501310e+06 7.9433230e+06 8.7307070e+06 
9.2412610e+06 7.9179340e+06 8.6786610e+06 
1.0814550e+07 7.3912040e+06 9.0755350e+06 
1.0639749e+07 7.4269725e+06 8.9760980e+06 
1.0064451e+07 7.8265235e+06 8.7950520e+06 
1.0560050e+07 7.5785105e+06 8.8872650e+06 
1.0484949e+07 7.7046510e+06 8.8559490e+06 
9.5349440e+06 8.0177260e+06 8.7380650e+06 
9.9718460e+06 7.9289735e+06 8.8220430e+06 
1.0410574e+07 7.8096130e+06 8.8665390e+06 
1.1138734e+07 7.5756720e+06 9.1118540e+06 
1.0947664e+07 7.5419785e+06 9.0295060e+06 
1.0890532e+07 7.6328610e+06 8.9379630e+06 
9.8656560e+06 8.0156865e+06 8.8508730e+06 
9.3634500e+06 7.9840165e+06 8.7974120e+06 
1.0835646e+07 7.7129985e+06 8.9072810e+06 
1.0331641e+07 7.9004760e+06 8.9032080e+06 
1.0779604e+07 7.7861530e+06 8.9225470e+06 
1.1468931e+07 7.7624435e+06 9.1208390e+06 
1.1265532e+07 7.6593125e+06 9.0578480e+06 
9.7329130e+06 8.1059890e+06 8.8684780e+06 
1.0240212e+07 7.9885755e+06 8.9513310e+06 
1.1232271e+07 7.6867090e+06 8.9666320e+06 
1.0718041e+07 7.8585595e+06 8.9695220e+06 
1.1198988e+07 7.7177940e+06 8.9389440e+06 
1.1163030e+07 7.7551715e+06 8.9605030e+06 
1.0126430e+07 8.0897155e+06 8.9991920e+06 
9.5437300e+06 8.0902015e+06 8.9585630e+06 
1.0644885e+07 7.9397100e+06 9.0352850e+06 
1.1586948e+07 7.7760375e+06 9.0601950e+06 
1.1798565e+07 7.9475925e+06 9.1018570e+06 
1.1578523e+07 7.7379025e+06 8.9723290e+06 
1.1120920e+07 7.8038710e+06 9.0181750e+06 
1.1567739e+07 7.7175345e+06 8.9497800e+06 
9.9796710e+06 8.2232360e+06 9.0391320e+06 
1.0552597e+07 8.0426125e+06 9.1092750e+06 
1.1552840e+07 7.7160320e+06 8.9789580e+06 
1.1067979e+07 7.8716850e+06 9.1002720e+06 
1.1905607e+07 7.8892695e+06 9.0360120e+06 
1.2121314e+07 8.1273400e+06 9.0546710e+06 
1.1531243e+07 7.7370020e+06 9.0476160e+06 
1.1922675e+07 7.7844390e+06 8.9545120e+06 
1.0432920e+07 8.1832665e+06 9.1842050e+06 
1.1934934e+07 7.7109450e+06 8.9391760e+06 
1.0998429e+07 7.9692910e+06 9.1971720e+06 
9.7882750e+06 8.2464645e+06 9.1694590e+06 
1.1499410e+07 7.7865870e+06 9.1450110e+06 
1.1941577e+07 7.6682595e+06 8.9771970e+06 
1.1940916e+07 7.6584715e+06 9.0571370e+06 
1.0905874e+07 8.1099100e+06 9.3019800e+06 
1.2215489e+07 7.9962140e+06 8.9851300e+06 
1.0277802e+07 8.3797565e+06 9.2565930e+06 
1.2431229e+07 8.2981260e+06 8.9794010e+06 
1.2258446e+07 7.8244010e+06 8.9129890e+06 
1.1452947e+07 7.8734295e+06 9.2622790e+06 
1.2294033e+07 7.6968535e+06 8.9069220e+06 
1.1930407e+07 7.6861140e+06 9.1690360e+06 
1.2322389e+07 7.6114300e+06 8.9550060e+06 
1.0783990e+07 8.3086345e+06 9.4109940e+06 
1.1386935e+07 8.0083835e+06 9.3929010e+06 
1.0098875e+07 8.4579820e+06 9.4334990e+06 
1.2342694e+07 7.5687015e+06 9.0465950e+06 
1.1906784e+07 7.7579945e+06 9.3046660e+06 
1.2510952e+07 8.0941950e+06 8.9077040e+06 
1.2722806e+07 8.4566450e+06 8.8764770e+06 
1.2579988e+07 7.8559400e+06 8.8478630e+06 
1.2639006e+07 7.6741300e+06 8.8531200e+06 
1.2353302e+07 7.5716465e+06 9.1724350e+06 
1.2689046e+07 7.5451105e+06 8.9125210e+06 
1.1296459e+07 8.2039870e+06 9.5330750e+06 
1.0627257e+07 8.5815890e+06 9.5239160e+06 
1.1866331e+07 7.8829040e+06 9.4578560e+06 
1.2730114e+07 7.4679950e+06 9.0162300e+06 
1.2351906e+07 7.6253925e+06 9.3248600e+06 
1.2786784e+07 8.1806805e+06 8.8041760e+06 
1.2881937e+07 7.8772725e+06 8.7594860e+06 
1.2991009e+07 8.5998650e+06 8.7465880e+06 
1.2761386e+07 7.4442895e+06 9.1556670e+06 
1.2964363e+07 7.6416620e+06 8.7781150e+06 
1.1177189e+07 8.4737820e+06 9.6819180e+06 
1.1805284e+07 8.0711720e+06 9.6247800e+06 
1.0474135e+07 8.7264260e+06 9.7511440e+06 
1.2335786e+07 7.7369025e+06 9.4980250e+06 
1.3035933e+07 7.4688290e+06 8.8501350e+06 
1.2781395e+07 7.4775755e+06 9.3236880e+06 
1.3097434e+07 7.3565315e+06 8.9665450e+06 
1.1720312e+07 8.3340930e+06 9.8041400e+06 
1.2302137e+07 7.9145675e+06 9.6881370e+06 
1.3038226e+07 8.2532995e+06 8.6752210e+06 
1.1025978e+07 8.8315600e+06 9.8415010e+06 
1.3159425e+07 7.8866880e+06 8.6484230e+06 
1.3148791e+07 7.3049070e+06 9.1194360e+06 
1.3231273e+07 8.7250300e+06 8.5906400e+06 
1.3265154e+07 7.5983480e+06 8.6824440e+06 
1.2788267e+07 7.5731745e+06 9.5147710e+06 
1.3358037e+07 7.3820640e+06 8.7684260e+06 
1.3189288e+07 7.3161170e+06 9.3021730e+06 
1.3439577e+07 7.2343715e+06 8.8982230e+06 
1.2248467e+07 8.1677165e+06 9.8936040e+06 
1.1609014e+07 8.6832920e+06 9.9972090e+06 
1.2780008e+07 7.7377630e+06 9.7251940e+06 
1.0910340e+07 9.0509110e+06 1.0120664e+07 
1.3510394e+07 7.1541525e+06 9.0646050e+06 
1.3217787e+07 7.3940000e+06 9.5095570e+06 
1.3260964e+07 8.3098505e+06 8.5217130e+06 
1.3408073e+07 7.8825555e+06 8.5154130e+06 
1.3439489e+07 8.8296530e+06 8.4097110e+06 
1.3536955e+07 7.5430990e+06 8.5668030e+06 
1.3650906e+07 7.2842510e+06 8.6681140e+06 
1.3570445e+07 7.1422730e+06 9.2614470e+06 
1.2173014e+07 8.5060630e+06 1.0115084e+07 
1.2754838e+07 7.9789320e+06 9.9531680e+06 
1.1470383e+07 9.1300650e+06 1.0207745e+07 
1.3752081e+07 7.1014650e+06 8.8120710e+06 
1.3232991e+07 7.5437015e+06 9.7379770e+06 
1.3619245e+07 7.2012310e+06 9.4838850e+06 
1.3841737e+07 6.9924945e+06 8.9921370e+06 
1.3623969e+07 7.8633335e+06 8.3613365e+06 
1.3451121e+07 8.3483050e+06 8.3446855e+06 
1.3775838e+07 7.4748485e+06 8.4320080e+06 
1.3611985e+07 8.9115070e+06 8.2050155e+06 
1.2711546e+07 8.3047015e+06 1.0198882e+07 
1.2075149e+07 8.9391270e+06 1.0355433e+07 
1.3233733e+07 7.7712690e+06 9.9855240e+06 
1.3910611e+07 7.1747865e+06 8.5500220e+06 
1.3920444e+07 6.9570315e+06 9.2027040e+06 
1.1402092e+07 9.4286940e+06 1.0538711e+07 
1.3656109e+07 7.3347985e+06 9.7284540e+06 
1.4031038e+07 6.9576670e+06 8.7089850e+06 
1.3988303e+07 6.9963645e+06 9.4392580e+06 
1.4138953e+07 6.8202430e+06 8.9030570e+06 
1.3219281e+07 8.0832160e+06 1.0252031e+07 
1.2649839e+07 8.7230120e+06 1.0464468e+07 
1.3680404e+07 7.5476425e+06 9.9931870e+06 
1.3803639e+07 7.8275710e+06 8.1871900e+06 
1.1955743e+07 9.4756700e+06 1.0619540e+07 
1.3605228e+07 8.3668070e+06 8.1452980e+06 
1.3978333e+07 7.3925570e+06 8.2789765e+06 
1.4235486e+07 6.7611545e+06 9.1271590e+06 
1.3745496e+07 8.9686070e+06 7.9778755e+06 
1.4133707e+07 7.0530395e+06 8.4150570e+06 
1.4045173e+07 7.1130290e+06 9.6985130e+06 
1.4273042e+07 6.8027525e+06 8.5899160e+06 
1.4321274e+07 6.7806000e+06 9.3771470e+06 
1.3189643e+07 8.4860670e+06 1.0539058e+07 
1.3691818e+07 7.8449305e+06 1.0277659e+07 
1.4398699e+07 6.6375745e+06 8.7984170e+06 
1.2570667e+07 9.2412150e+06 1.0753876e+07 
1.4090893e+07 7.3104550e+06 9.9784990e+06 
1.1942800e+07 9.8556960e+06 1.1000754e+07 
1.3944013e+07 7.7739135e+06 7.9940590e+06 
1.4512322e+07 6.5552125e+06 9.0360230e+06 
1.4141393e+07 7.2952220e+06 8.1087010e+06 
1.4396660e+07 6.8800040e+06 9.6499440e+06 
1.3720201e+07 8.3636665e+06 7.9248065e+06 
1.4317184e+07 6.9183660e+06 8.2641805e+06 
1.3837131e+07 8.9991920e+06 7.7296885e+06 
1.4475139e+07 6.6364340e+06 8.4558540e+06 
1.3690630e+07 8.2319170e+06 1.0582976e+07 
1.3145851e+07 8.9859030e+06 1.0849784e+07 
1.4125529e+07 7.5926020e+06 1.0278612e+07 
1.4615033e+07 6.5548895e+06 9.2989780e+06 
1.2476494e+07 9.8655790e+06 1.1072663e+07 
1.4618097e+07 6.4445560e+06 8.6792870e+06 
1.4461915e+07 7.0616850e+06 9.9436280e+06 
1.4707624e+07 6.6370315e+06 9.5844390e+06 
1.4748176e+07 6.3396185e+06 8.9304920e+06 
1.4042387e+07 7.7011030e+06 7.7830995e+06 
1.4262352e+07 7.1818825e+06 7.9222325e+06 
1.3793308e+07 8.3373525e+06 7.6845410e+06 
1.4149607e+07 7.9635835e+06 1.0599610e+07 
1.3677960e+07 8.7135370e+06 1.0911695e+07 
1.4458423e+07 6.7701150e+06 8.0984005e+06 
1.4517443e+07 7.3285155e+06 1.0257482e+07 
1.3090208e+07 9.5879170e+06 1.1188842e+07 
1.3884340e+07 9.0017060e+06 7.4619090e+06 
1.4634774e+07 6.4583755e+06 8.3078120e+06 
1.4866943e+07 6.3199780e+06 9.2061160e+06 
1.2525051e+07 1.0326896e+07 1.1501412e+07 
1.4790753e+07 6.8029575e+06 9.8905750e+06 
1.4794680e+07 6.2411635e+06 8.5467320e+06 
1.4975602e+07 6.3851665e+06 9.5035800e+06 
1.4940689e+07 6.1146550e+06 8.8117280e+06 
1.4164335e+07 8.4272960e+06 1.0943546e+07 
1.4563999e+07 7.6835810e+06 1.0592001e+07 
1.3655988e+07 9.2939980e+06 1.1267681e+07 
1.4865140e+07 7.0545625e+06 1.0216618e+07 
1.4338884e+07 7.0516260e+06 7.7206660e+06 
1.4096394e+07 7.6079755e+06 7.5555200e+06 
1.3026489e+07 1.0295984e+07 1.1562080e+07 
1.4555154e+07 6.6076420e+06 7.9187525e+06 
1.3822137e+07 8.2864840e+06 7.4258845e+06 
1.5074783e+07 6.0764400e+06 9.0998630e+06 
1.4749747e+07 6.2682070e+06 8.1468165e+06 
1.3884884e+07 8.9747780e+06 7.1760275e+06 
1.5075172e+07 6.5356045e+06 9.8211820e+06 
1.4926335e+07 6.0273030e+06 8.4018120e+06 
1.4602883e+07 8.1298390e+06 1.0948837e+07 
1.4171804e+07 8.9870510e+06 1.1313653e+07 
1.5198549e+07 6.1252550e+06 9.4088470e+06 
1.4931751e+07 7.3940040e+06 1.0562872e+07 
1.5087861e+07 5.8804975e+06 8.6808610e+06 
1.3628140e+07 9.9763960e+06 1.1655909e+07 
1.5166661e+07 6.7723075e+06 1.0158150e+07 
1.3140913e+07 1.0836630e+07 1.2034731e+07 
1.4368968e+07 6.9035895e+06 7.5051285e+06 
1.4103959e+07 7.4934595e+06 7.3125650e+06 
1.4605414e+07 6.4303140e+06 7.7262945e+06 
1.5236693e+07 5.8247100e+06 8.9814580e+06 
1.5313340e+07 6.2607145e+06 9.7371370e+06 
1.3804566e+07 8.2098180e+06 7.1502555e+06 
1.4818169e+07 6.0655380e+06 7.9738980e+06 
1.3836798e+07 8.9172050e+06 6.8735555e+06 
1.4636124e+07 8.6697830e+06 1.1330706e+07 
1.4991986e+07 7.8233875e+06 1.0930677e+07 
1.5011262e+07 5.8028285e+06 8.2455680e+06 
1.4175153e+07 9.6452220e+06 1.1714172e+07 
1.5251244e+07 7.0965930e+06 1.0514664e+07 
1.5374774e+07 5.8579705e+06 9.3016170e+06 
1.3599217e+07 1.0762356e+07 1.2082200e+07 
1.5420440e+07 6.4830405e+06 1.0084005e+07 
1.5188003e+07 5.6372400e+06 8.5389820e+06 
1.5503772e+07 5.9791730e+06 9.6399880e+06 
1.5351118e+07 5.5651100e+06 8.8520690e+06 
1.4350849e+07 6.7369615e+06 7.2767685e+06 
1.4607508e+07 6.2375185e+06 7.5220945e+06 
1.4063275e+07 7.3565710e+06 7.0555060e+06 
1.5047834e+07 8.3444610e+06 1.1322330e+07 
1.5330419e+07 7.5097960e+06 1.0891826e+07 
1.4666629e+07 9.3051190e+06 1.1741240e+07 
1.4838416e+07 5.8499675e+06 7.7900845e+06 
1.3738731e+07 8.1062390e+06 6.8590935e+06 
1.5521219e+07 6.7927950e+06 1.0449560e+07 
1.4178695e+07 1.0402914e+07 1.2150129e+07 
1.5047927e+07 5.5675550e+06 8.0790240e+06 
1.3738362e+07 8.8279280e+06 6.5560150e+06 
1.5502884e+07 5.5838465e+06 9.1831690e+06 
1.5625233e+07 6.1878285e+06 9.9959240e+06 
1.3782177e+07 1.1378827e+07 1.2594396e+07 
1.5239689e+07 5.3849095e+06 8.3871395e+06 
1.5645269e+07 5.6917030e+06 9.5311480e+06 
1.5406160e+07 8.0129835e+06 1.1291601e+07 
1.5102015e+07 8.9583170e+06 1.1740958e+07 
1.5617284e+07 7.1906115e+06 1.0834735e+07 
1.5416762e+07 5.2978720e+06 8.7128020e+06 
1.4698298e+07 1.0036464e+07 1.2184794e+07 
1.4283001e+07 6.5509845e+06 7.0367485e+06 
1.5740720e+07 6.4838135e+06 1.0369513e+07 
1.4559973e+07 6.0286685e+06 7.3072290e+06 
1.3972760e+07 7.1964105e+06 6.7856295e+06 
1.4809098e+07 5.6210940e+06 7.5963995e+06 
1.4187982e+07 1.1259658e+07 1.2627070e+07 
1.3622996e+07 7.9747470e+06 6.5538510e+06 
1.5581739e+07 5.3033045e+06 9.0546900e+06 
1.5035026e+07 5.3212725e+06 7.9031825e+06 
1.5780070e+07 5.8875505e+06 9.8954760e+06 
1.3588071e+07 8.7060190e+06 6.2249265e+06 
1.5241718e+07 5.1234880e+06 8.2263445e+06 
1.5481038e+07 8.6066840e+06 1.1716701e+07 
1.5710610e+07 7.6769385e+06 1.1241232e+07 
1.5158085e+07 9.6651140e+06 1.2190353e+07 
1.5851952e+07 6.8671285e+06 1.0761573e+07 
1.5736874e+07 5.3988925e+06 9.4119090e+06 
1.5432547e+07 5.0231590e+06 8.5647010e+06 
1.4736094e+07 1.0863061e+07 1.2666211e+07 
1.5909039e+07 6.1706500e+06 1.0276262e+07 
1.4461543e+07 5.8032060e+06 7.0827755e+06 
1.4164100e+07 6.3449540e+06 6.7862390e+06 
1.4440570e+07 1.1947195e+07 1.3173911e+07 
1.4729018e+07 5.3785245e+06 7.3938585e+06 
1.3831035e+07 7.0121535e+06 6.5042315e+06 
1.5610408e+07 5.0166755e+06 8.9172810e+06 
1.5884204e+07 5.5829355e+06 9.7840760e+06 
1.4971445e+07 5.0637590e+06 7.7190235e+06 
1.3455925e+07 7.8144450e+06 6.2359810e+06 
1.5803657e+07 8.2517860e+06 1.1671432e+07 
1.5960922e+07 7.3376570e+06 1.1173612e+07 
1.5558326e+07 9.2906290e+06 1.2170451e+07 
1.5193076e+07 4.8529230e+06 8.0575675e+06 
1.6034012e+07 6.5404275e+06 1.0674260e+07 
1.3384603e+07 8.5506590e+06 5.8818050e+06 
1.5220507e+07 1.0463814e+07 1.2674766e+07 
1.5777825e+07 5.1012215e+06 9.2834500e+06 
1.6025670e+07 5.8541410e+06 1.0171358e+07 
1.5397579e+07 4.7410835e+06 8.4087520e+06 
1.4786063e+07 1.1782534e+07 1.3190550e+07 
1.5937071e+07 5.2745890e+06 9.6629960e+06 
1.5588133e+07 4.7242240e+06 8.7719630e+06 
1.4311119e+07 5.5606070e+06 6.8498105e+06 
1.6070010e+07 7.8949345e+06 1.1607747e+07 
1.3992987e+07 6.1182170e+06 6.5264140e+06 
1.5899462e+07 8.9144880e+06 1.2128273e+07 
1.4597143e+07 5.1218800e+06 7.1834655e+06 
1.6157018e+07 6.9962540e+06 1.1090839e+07 
1.3636888e+07 6.8030500e+06 6.2126105e+06 
1.5642060e+07 1.0063511e+07 1.2656600e+07 
1.4856230e+07 4.7947900e+06 7.5275045e+06 
1.6163231e+07 6.2114170e+06 1.0574492e+07 
1.3236250e+07 7.6245280e+06 5.9069345e+06 
1.5092903e+07 4.5731450e+06 7.8817425e+06 
1.5294668e+07 1.1351956e+07 1.3198662e+07 
1.5767526e+07 4.7990890e+06 9.1468440e+06 
1.6090273e+07 5.5349890e+06 1.0056181e+07 
1.3126791e+07 8.3611210e+06 5.5281520e+06 
1.5311108e+07 4.4517240e+06 8.2458830e+06 
1.5107926e+07 1.2535363e+07 1.3766754e+07 
1.6182063e+07 8.5379280e+06 1.2066603e+07 
1.6280382e+07 7.5372310e+06 1.1527915e+07 
1.5938257e+07 4.9630215e+06 9.5333800e+06 
1.6001703e+07 9.6634810e+06 1.2615088e+07 
1.6298965e+07 6.6536685e+06 1.0994755e+07 
1.5514296e+07 4.4261640e+06 8.6196810e+06 
1.4107735e+07 5.3003815e+06 6.6094070e+06 
1.5737067e+07 1.0922771e+07 1.3179113e+07 
1.6239517e+07 5.8808620e+06 1.0463761e+07 
1.4412573e+07 4.8508025e+06 6.9662150e+06 
1.3768643e+07 5.8701705e+06 6.2584485e+06 
1.4688556e+07 4.5141475e+06 7.3295610e+06 
1.3389248e+07 6.5684130e+06 5.9120645e+06 
1.5705506e+07 4.4928295e+06 9.0030700e+06 
1.5386858e+07 1.2325450e+07 1.3766457e+07 
1.4940463e+07 4.2840765e+06 7.6997660e+06 
1.6102638e+07 5.2137895e+06 9.9319550e+06 
1.2962850e+07 7.4042685e+06 5.5681525e+06 
1.6406800e+07 8.1619860e+06 1.1987862e+07 
1.5172504e+07 4.1551370e+06 8.0769740e+06 
1.6435166e+07 7.1796005e+06 1.1433916e+07 
1.6300459e+07 9.2648310e+06 1.2553166e+07 
1.2813600e+07 8.1367570e+06 5.1654550e+06 
1.6386944e+07 6.3106925e+06 1.0886968e+07 
1.5887461e+07 4.6486680e+06 9.3962520e+06 
1.6114728e+07 1.0496101e+07 1.3135415e+07 
1.5388388e+07 4.1226770e+06 8.4613120e+06 
1.6262888e+07 5.5494145e+06 1.0343381e+07 
1.5848948e+07 1.1864405e+07 1.3741927e+07 
1.3850535e+07 5.0220790e+06 6.3626340e+06 
1.4174510e+07 4.5649610e+06 6.7430895e+06 
1.3490160e+07 5.6002615e+06 5.9835155e+06 
1.4467697e+07 4.2216290e+06 7.1261080e+06 
1.5591398e+07 4.1827335e+06 8.8530170e+06 
1.6062656e+07 4.8910535e+06 9.7997630e+06 
1.3087161e+07 6.3076150e+06 5.6038885e+06 
1.6574412e+07 7.7875315e+06 1.1894157e+07 
1.5776346e+07 1.3137017e+07 1.4366502e+07 
1.4735115e+07 3.9856438e+06 7.5125025e+06 
1.6539400e+07 8.8684840e+06 1.2473387e+07 
1.6534836e+07 6.8228265e+06 1.1327473e+07 
1.6429137e+07 1.0072872e+07 1.3070622e+07 
1.2634720e+07 7.1530095e+06 5.2210680e+06 
1.6421222e+07 5.9680025e+06 1.0768883e+07 
1.4981225e+07 3.8513732e+06 7.9028545e+06 
1.5784475e+07 4.3319080e+06 9.2525300e+06 
1.6243545e+07 1.1408407e+07 1.3692789e+07 
1.6233445e+07 5.2176360e+06 1.0214498e+07 
1.2444097e+07 7.8769790e+06 4.7951855e+06 
1.5209984e+07 3.8139262e+06 8.2976680e+06 
1.5984008e+07 1.2882820e+07 1.4348690e+07 
1.6685686e+07 7.4152970e+06 1.1787312e+07 
1.6719627e+07 8.4752130e+06 1.2377961e+07 
1.5970293e+07 4.5672305e+06 9.6605590e+06 
1.3882237e+07 4.2640560e+06 6.5150610e+06 
1.3538746e+07 4.7252875e+06 6.1105575e+06 
1.5424910e+07 3.8690625e+06 8.6974950e+06 
1.6579927e+07 6.4675740e+06 1.1210075e+07 
1.4193002e+07 3.9170540e+06 6.9180395e+06 
1.6681776e+07 9.6538510e+06 1.2987382e+07 
1.3156716e+07 5.3079820e+06 5.7027880e+06 
1.4476289e+07 3.6777865e+06 7.3207845e+06 
1.6402126e+07 5.6261805e+06 1.0641716e+07 
1.2729759e+07 6.0200810e+06 5.2893745e+06 
1.6572594e+07 1.0958156e+07 1.3622165e+07 
1.4736796e+07 3.5404865e+06 7.7243095e+06 
1.5629154e+07 4.0130850e+06 9.1030310e+06 
1.2250950e+07 6.8701485e+06 4.8671015e+06 
1.6151348e+07 4.8860180e+06 1.0078115e+07 
1.6393765e+07 1.2395041e+07 1.4290499e+07 
1.4978718e+07 3.5000698e+06 8.1295010e+06 
1.6842250e+07 8.0856610e+06 1.2268795e+07 
1.6741436e+07 7.0459045e+06 1.1668896e+07 
1.2017429e+07 7.5812465e+06 4.4187985e+06 
1.6874112e+07 9.2396680e+06 1.2887982e+07 
1.6438326e+07 1.3745998e+07 1.4966950e+07 
1.5825572e+07 4.2427220e+06 9.5151810e+06 
1.6571010e+07 6.1144160e+06 1.1083009e+07 
1.6837986e+07 1.0514218e+07 1.3532758e+07 
1.5205801e+07 3.5520640e+06 8.5372370e+06 
1.3535089e+07 3.9478238e+06 6.2830940e+06 
1.3171651e+07 4.4096350e+06 5.8542390e+06 
1.3863872e+07 3.6002732e+06 6.7062330e+06 
1.6330027e+07 5.2857355e+06 1.0506517e+07 
1.2767549e+07 4.9928690e+06 5.4174370e+06 
1.4163461e+07 3.3604685e+06 7.1254145e+06 
1.6735842e+07 1.1915521e+07 1.4210781e+07 
1.5421400e+07 3.6925185e+06 8.9484830e+06 
1.2316243e+07 5.7052825e+06 4.9698115e+06 
1.4438784e+07 3.2225468e+06 7.5420825e+06 
1.6016800e+07 4.5550015e+06 9.9350960e+06 
1.6571503e+07 1.3449118e+07 1.4931340e+07 
1.6908374e+07 7.7003730e+06 1.2147527e+07 
1.7007584e+07 8.8308460e+06 1.2774390e+07 
1.6742490e+07 6.6798865e+06 1.1540257e+07 
1.1810702e+07 6.5551295e+06 4.5076630e+06 
1.4694265e+07 3.1812730e+06 7.9575085e+06 
1.7041554e+07 1.0077049e+07 1.3426898e+07 
1.6508677e+07 5.7638515e+06 1.0947374e+07 
1.5628549e+07 3.9179022e+06 9.3643610e+06 
1.7012526e+07 1.1444594e+07 1.4112248e+07 
1.4933865e+07 3.2319848e+06 8.3729065e+06 
1.1532800e+07 7.2490500e+06 4.0377355e+06 
1.6205319e+07 4.9471220e+06 1.0364185e+07 
1.3132434e+07 3.6160408e+06 6.0481430e+06 
1.3479734e+07 3.2711735e+06 6.4915485e+06 
1.2748565e+07 4.0747938e+06 5.5947395e+06 
1.6924324e+07 1.2938441e+07 1.4839026e+07 
1.3796134e+07 3.0336840e+06 6.9271690e+06 
1.2321936e+07 4.6545015e+06 5.1286350e+06 
1.5830024e+07 4.2249915e+06 9.7861850e+06 
1.5161141e+07 3.3705198e+06 8.7895280e+06 
1.6919086e+07 7.3198100e+06 1.2015555e+07 
1.7083590e+07 8.4278170e+06 1.2648291e+07 
1.4086781e+07 2.8976492e+06 7.3568775e+06 
1.6689672e+07 6.3177050e+06 1.1402541e+07 
1.7185058e+07 9.6470150e+06 1.3306585e+07 
1.1845853e+07 5.3627295e+06 4.6464860e+06 
1.6393528e+07 5.4163245e+06 1.0804102e+07 
1.7086878e+07 1.4356398e+07 1.5562206e+07 
1.4356315e+07 2.8577195e+06 7.7823340e+06 
1.7225996e+07 1.0982509e+07 1.3997233e+07 
1.5379300e+07 3.5931275e+06 9.2087300e+06 
1.1313181e+07 6.2074320e+06 4.1441548e+06 
1.6028409e+07 4.6107550e+06 1.0215481e+07 
1.7210250e+07 1.2438766e+07 1.4728207e+07 
1.4608911e+07 2.9090828e+06 8.2051005e+06 
1.0989441e+07 6.8798970e+06 3.6534275e+06 
1.7103484e+07 8.0309445e+06 1.2511118e+07 
1.6875450e+07 6.9443695e+06 1.1874062e+07 
1.2673645e+07 3.2685298e+06 5.8111590e+06 
1.3040021e+07 2.9296862e+06 6.2748310e+06 
1.5591257e+07 3.8963710e+06 9.6320120e+06 
1.7270184e+07 9.2244090e+06 1.3173529e+07 
1.4848315e+07 3.0474042e+06 8.6267290e+06 
1.6583792e+07 5.9597665e+06 1.1256714e+07 
1.7143776e+07 1.4018966e+07 1.5508786e+07 
1.2268818e+07 3.7204788e+06 5.3331200e+06 
1.3373814e+07 2.6974698e+06 6.7267985e+06 
1.7378326e+07 1.0529449e+07 1.3867737e+07 
1.3680378e+07 2.5659252e+06 7.1693595e+06 
1.1819167e+07 4.2924985e+06 4.8375580e+06 
1.6226157e+07 5.0722365e+06 1.0653978e+07 
1.7431788e+07 1.1950112e+07 1.4601179e+07 
1.3964564e+07 2.5296238e+06 7.6045720e+06 
1.1317850e+07 4.9919670e+06 4.3206885e+06 
1.5077903e+07 3.2687528e+06 9.0488270e+06 
1.5799700e+07 4.2770235e+06 1.0061041e+07 
1.4230746e+07 2.5836392e+06 8.0343540e+06 
1.7068564e+07 7.6405350e+06 1.2364081e+07 
1.0757620e+07 5.8265585e+06 3.7779732e+06 
1.7436266e+07 1.3489239e+07 1.5382401e+07 
1.6778494e+07 6.5743990e+06 1.1724041e+07 
1.7298548e+07 8.8094700e+06 1.3029179e+07 
1.6425642e+07 5.6064385e+06 1.1103578e+07 
1.7471482e+07 1.0085543e+07 1.3725465e+07 
1.5300729e+07 3.5695152e+06 9.4731020e+06 
1.4482856e+07 2.7235028e+06 8.4605720e+06 
1.2544154e+07 2.5757942e+06 6.0569145e+06 
1.2158086e+07 2.9051632e+06 5.5730890e+06 
1.0386597e+07 6.4732995e+06 3.2672990e+06 
1.6007145e+07 4.7319620e+06 1.0497644e+07 
1.2895992e+07 2.3519118e+06 6.5250285e+06 
1.7591300e+07 1.1472457e+07 1.4459905e+07 
1.7715630e+07 1.4962641e+07 1.6146779e+07 
1.1731726e+07 3.3464518e+06 5.0704460e+06 
1.3219154e+07 2.2275525e+06 6.9801595e+06 
1.1258525e+07 3.9065185e+06 4.5453885e+06 
1.4724430e+07 2.9451410e+06 8.8851030e+06 
1.7663488e+07 1.2972769e+07 1.5240402e+07 
1.3518690e+07 2.1972398e+06 7.4247675e+06 
1.5519584e+07 3.9463035e+06 9.9013830e+06 
1.6980074e+07 7.2568535e+06 1.2208190e+07 
1.7271682e+07 8.4023910e+06 1.2874753e+07 
1.0731489e+07 4.5925670e+06 3.9937145e+06 
1.6629208e+07 6.2102080e+06 1.1566312e+07 
1.7507326e+07 9.6508830e+06 1.3571858e+07 
1.3799163e+07 2.2559688e+06 7.8611400e+06 
1.6215983e+07 5.2580595e+06 1.0943789e+07 
1.7695782e+07 1.4587221e+07 1.6075785e+07 
1.4958658e+07 3.2448005e+06 9.3098820e+06 
1.7691012e+07 1.1005749e+07 1.4306054e+07 
1.0143251e+07 5.4120255e+06 3.4105155e+06 
1.4064682e+07 2.3991730e+06 8.2914720e+06 
1.5737050e+07 4.3958585e+06 1.0335621e+07 
1.7828058e+07 1.2469315e+07 1.5084677e+07 
1.1991519e+07 2.2095408e+06 5.8386200e+06 
1.2362127e+07 1.9971556e+06 6.3225630e+06 
1.1585083e+07 2.5258705e+06 5.3348785e+06 
1.2702655e+07 1.8827661e+06 6.7898715e+06 
9.7234930e+06 6.0287580e+06 2.8807735e+06 
1.1136572e+07 2.9525238e+06 4.8077900e+06 
1.7191044e+07 8.0033335e+06 1.2711265e+07 
1.5188432e+07 3.6189668e+06 9.7369200e+06 
1.6839204e+07 6.8801320e+06 1.2044275e+07 
1.4318935e+07 2.6226742e+06 8.7179280e+06 
1.7487612e+07 9.2255300e+06 1.3408125e+07 
1.6428535e+07 5.8520805e+06 1.1401541e+07 
1.3018340e+07 1.8608745e+06 7.2434175e+06 
1.7925732e+07 1.4042218e+07 1.5915843e+07 
1.0639261e+07 3.4962578e+06 4.2533225e+06 
1.7733010e+07 1.0549914e+07 1.4141034e+07 
1.5955545e+07 4.9149500e+06 1.0777869e+07 
1.3313925e+07 1.9264314e+06 7.6858715e+06 
1.0085999e+07 4.1641242e+06 3.6668710e+06 
1.4565241e+07 2.9226160e+06 9.1426870e+06 
1.7932432e+07 1.1978630e+07 1.4916827e+07 
1.5416403e+07 4.0642750e+06 1.0168310e+07 
1.8318898e+07 1.5559553e+07 1.6715649e+07 
1.3593681e+07 2.0748098e+06 8.1197720e+06 
9.4692870e+06 4.9633530e+06 3.0431840e+06 
1.7058008e+07 7.6124345e+06 1.2539548e+07 
1.8092738e+07 1.3512238e+07 1.5742991e+07 
1.6647078e+07 6.5105810e+06 1.1873006e+07 
1.7413996e+07 8.8095240e+06 1.3235269e+07 
1.1381445e+07 1.8310375e+06 5.6207605e+06 
1.1771626e+07 1.6334184e+06 6.1200830e+06 
1.4806591e+07 3.2953918e+06 9.5679600e+06 
1.6177376e+07 5.5002820e+06 1.1230250e+07 
1.0953908e+07 2.1306445e+06 5.0974775e+06 
1.3861441e+07 2.3017638e+06 8.5475880e+06 
1.2130379e+07 1.5318686e+06 6.5990535e+06 
1.7719258e+07 1.0104866e+07 1.3966021e+07 
1.0482584e+07 2.5385590e+06 4.5462365e+06 
1.2463118e+07 1.5208971e+06 7.0609705e+06 
1.5645020e+07 4.5774210e+06 1.0606216e+07 
8.9993170e+06 5.5457465e+06 2.4952815e+06 
1.7978900e+07 1.1500464e+07 1.4738198e+07 
1.8223064e+07 1.5149047e+07 1.6627536e+07 
9.9605730e+06 3.0614495e+06 3.9625720e+06 
1.2774753e+07 1.5954428e+06 7.5089005e+06 
1.4120644e+07 2.6033720e+06 8.9717580e+06 
1.5045702e+07 3.7375640e+06 9.9960050e+06 
1.8199442e+07 1.2996833e+07 1.5558728e+07 
9.3805580e+06 3.7062508e+06 3.3414842e+06 
1.6873880e+07 7.2298150e+06 1.2360267e+07 
1.3069704e+07 1.7508551e+06 7.9457440e+06 
1.7288038e+07 8.4028900e+06 1.3054107e+07 
1.6404765e+07 6.1483965e+06 1.1694907e+07 
1.7651596e+07 9.6705100e+06 1.3781990e+07 
1.5876583e+07 5.1550690e+06 1.1052837e+07 
1.4374374e+07 2.9759715e+06 9.3947150e+06 
1.8389386e+07 1.4592397e+07 1.6434967e+07 
1.3351937e+07 1.9828600e+06 8.3742890e+06 
8.7348900e+06 4.4800530e+06 2.6773950e+06 
1.7969602e+07 1.1034573e+07 1.4549912e+07 
1.1123825e+07 1.2609989e+06 5.9182455e+06 
1.0713189e+07 1.4404768e+06 5.4041390e+06 
1.5285059e+07 4.2457815e+06 1.0429111e+07 
1.1501759e+07 1.1752434e+06 6.4082265e+06 
1.0263754e+07 1.7195501e+06 4.8618385e+06 
1.1852571e+07 1.1777522e+06 6.8778235e+06 
1.8248308e+07 1.2495574e+07 1.5364310e+07 
9.7689100e+06 2.1044802e+06 4.2868860e+06 
1.3624999e+07 2.2875090e+06 8.7972520e+06 
1.2181319e+07 1.2634859e+06 7.3305170e+06 
1.4625411e+07 3.4160850e+06 9.8188950e+06 
1.8891752e+07 1.6142421e+07 1.7264332e+07 
8.2131875e+06 5.0237000e+06 2.1122685e+06 
1.6639888e+07 6.8555860e+06 1.2173941e+07 
1.7111208e+07 8.0056490e+06 1.2865294e+07 
9.2215780e+06 2.6018662e+06 3.6743742e+06 
1.6113275e+07 5.7937650e+06 1.1510371e+07 
1.7531746e+07 9.2467490e+06 1.3589728e+07 
1.8495656e+07 1.4052058e+07 1.6231961e+07 
1.2492558e+07 1.4278094e+06 7.7695860e+06 
1.5526962e+07 4.8166940e+06 1.0869576e+07 
1.7906544e+07 1.0580720e+07 1.4352890e+07 
8.6142670e+06 3.2185710e+06 3.0189072e+06 
1.3892058e+07 2.6611208e+06 9.2173010e+06 
1.2790371e+07 1.6664604e+06 8.1981545e+06 
1.4876275e+07 3.9203445e+06 1.0246731e+07 
1.8241624e+07 1.2008054e+07 1.5160778e+07 
1.8721788e+07 1.5699984e+07 1.7159742e+07 
1.0417972e+07 8.8029244e+05 5.7176840e+06 
9.9859120e+06 1.0381438e+06 5.1895515e+06 
1.0816152e+07 8.1336825e+05 6.2178715e+06 
7.9391545e+06 3.9616205e+06 2.3145872e+06 
9.5137110e+06 1.2927358e+06 4.6289240e+06 
1.1186174e+07 8.3197212e+05 6.6943195e+06 
1.6884882e+07 7.6178135e+06 1.2669336e+07 
1.6357192e+07 6.4898530e+06 1.1980956e+07 
1.4155955e+07 3.1002138e+06 9.6370690e+06 
1.8544466e+07 1.3527425e+07 1.6019655e+07 
1.3078399e+07 1.9755051e+06 8.6192330e+06 
1.7361328e+07 8.8334900e+06 1.3389866e+07 
1.5773559e+07 5.4468710e+06 1.1319667e+07 
1.1533231e+07 9.3112262e+05 7.1509435e+06 
8.9945910e+06 1.6502752e+06 4.0308615e+06 
1.7791592e+07 1.0138677e+07 1.4147878e+07 
1.5129270e+07 4.4854115e+06 1.0680633e+07 
1.1861993e+07 1.1062405e+06 7.5914185e+06 
7.3641325e+06 4.4619945e+06 1.7332059e+06 
8.4212900e+06 2.1173202e+06 3.3899985e+06 
1.8181526e+07 1.1533888e+07 1.4948982e+07 
1.8824452e+07 1.5135109e+07 1.6935838e+07 
1.3359886e+07 2.3512832e+06 9.0357420e+06 
1.4419240e+07 3.6014340e+06 1.0059147e+07 
1.2176640e+07 1.3531194e+06 8.0192240e+06 
7.7861230e+06 2.7007175e+06 2.7005295e+06 
1.8538216e+07 1.3017931e+07 1.5798986e+07 
1.6610363e+07 7.2393980e+06 1.2466606e+07 
1.7141858e+07 8.4306410e+06 1.3182885e+07 
1.6026884e+07 6.1327210e+06 1.1781575e+07 
9.6532100e+06 4.9180656e+05 5.5190045e+06 
1.0072814e+07 4.4683019e+05 6.0284240e+06 
1.3637722e+07 2.7903458e+06 9.4505210e+06 
1.7626494e+07 9.7082290e+06 1.3935465e+07 
1.9430060e+07 1.6707049e+07 1.7788916e+07 
1.5386517e+07 5.1078985e+06 1.1122954e+07 
9.1986560e+06 6.2443144e+05 4.9777850e+06 
1.2480894e+07 1.6678839e+06 8.4376780e+06 
1.0463320e+07 4.8419169e+05 6.5107410e+06 
8.7027470e+06 8.5044531e+05 4.3997055e+06 
7.0810725e+06 3.4075190e+06 1.9562326e+06 
1.8870388e+07 1.4587381e+07 1.6703708e+07 
1.8070002e+07 1.1072716e+07 1.4729606e+07 
1.0830027e+07 5.9900612e+05 6.9703290e+06 
1.4684220e+07 4.1614818e+06 1.0486069e+07 
8.1585390e+06 1.1760075e+06 3.7793138e+06 
1.1177700e+07 7.8679531e+05 7.4112810e+06 
1.2778059e+07 2.0469372e+06 8.8499660e+06 
1.8479140e+07 1.2523046e+07 1.5570713e+07 
1.3914485e+07 3.2893870e+06 9.8663320e+06 
7.5585845e+06 1.6076688e+06 3.1107548e+06 
6.4510520e+06 3.8599315e+06 1.3596028e+06 
1.9188778e+07 1.6235994e+07 1.7668656e+07 
1.6288872e+07 6.8704200e+06 1.2257357e+07 
1.6874762e+07 8.0381185e+06 1.2969140e+07 
1.1510594e+07 1.0434566e+06 7.8374465e+06 
1.5649996e+07 5.7842960e+06 1.1575952e+07 
1.7412884e+07 9.2891760e+06 1.3716099e+07 
1.8862072e+07 1.4056081e+07 1.6464162e+07 
1.4952998e+07 4.7770370e+06 1.0920288e+07 
1.3071064e+07 2.4869025e+06 9.2591460e+06 
1.7908906e+07 1.0624201e+07 1.4503183e+07 
6.8949905e+06 2.1523278e+06 2.3877888e+06 
1.1832493e+07 1.3652206e+06 8.2524685e+06 
9.2708960e+06 7.6343711e+04 5.8402685e+06 
8.8285530e+06 9.6179492e+04 5.3227800e+06 
1.4192485e+07 3.8451748e+06 1.0285847e+07 
9.6833060e+06 1.3516330e+05 6.3273030e+06 
8.3503215e+06 1.9985975e+05 4.7696160e+06 
1.8369314e+07 1.2042277e+07 1.5335438e+07 
1.0071165e+07 2.6789425e+05 6.7887435e+06 
7.8296705e+06 3.9303588e+05 4.1751675e+06 
1.9228712e+07 1.5666069e+07 1.7415016e+07 
6.1595050e+06 2.8171710e+06 1.6038504e+06 
1.2146741e+07 1.7486005e+06 8.6598050e+06 
1.0439304e+07 4.7021016e+05 7.2291220e+06 
1.3362506e+07 2.9845582e+06 9.6681640e+06 
1.6561377e+07 7.6558440e+06 1.2748868e+07 
1.5921562e+07 6.5109000e+06 1.2041733e+07 
7.2595000e+06 6.8182775e+05 3.5334272e+06 
1.7152298e+07 8.8813300e+06 1.3490105e+07 
1.8801794e+07 1.3540542e+07 1.6217847e+07 
1.5227504e+07 5.4446880e+06 1.1364135e+07 
1.0792029e+07 7.3816525e+05 7.6526770e+06 
1.7699966e+07 1.0188030e+07 1.4270117e+07 
1.4473804e+07 4.4544810e+06 1.0711624e+07 
6.6321720e+06 1.0728191e+06 2.8380060e+06 
1.9930498e+07 1.7249788e+07 1.8286102e+07 
1.2456296e+07 2.1903340e+06 9.0627460e+06 
5.4726880e+06 3.2167165e+06 9.9302106e+05 
1.8210668e+07 1.1575168e+07 1.5093626e+07 
1.9215546e+07 1.5113702e+07 1.7155080e+07 
1.3654696e+07 3.5367720e+06 1.0079832e+07 
1.1133158e+07 1.0681491e+06 8.0633860e+06 
8.4094190e+06 -2.9722906e+05 5.6537270e+06 
7.9428675e+06 -3.0579700e+05 5.1295445e+06 
5.9395630e+06 1.5730411e+06 2.0821851e+06 
8.8453260e+06 -2.1422511e+05 6.1441405e+06 
1.8691684e+07 1.3040148e+07 1.5965270e+07 
7.4396430e+06 -2.3490153e+05 4.5658080e+06 
1.6202964e+07 7.2837500e+06 1.2522200e+07 
9.2560200e+06 -6.1336000e+04 6.6061635e+06 
1.5509522e+07 6.1608640e+06 1.1819779e+07 
1.6846170e+07 8.4845170e+06 1.3257697e+07 
1.2763766e+07 2.6873230e+06 9.4644220e+06 
1.1466061e+07 1.4568350e+06 8.4649910e+06 
1.4760330e+07 5.1140115e+06 1.1146078e+07 
6.8931100e+06 -7.9001305e+04 3.9563092e+06 
1.7444802e+07 9.7639090e+06 1.4030692e+07 
9.6463650e+06 1.5732208e+05 7.0447900e+06 
1.9621522e+07 1.6753513e+07 1.8151108e+07 
5.1731460e+06 2.1899442e+06 1.2590210e+06 
1.3949695e+07 4.1404332e+06 1.0496825e+07 
1.9151594e+07 1.4578102e+07 1.6889370e+07 
1.8005002e+07 1.1121296e+07 1.4845621e+07 
6.2960250e+06 1.6799141e+05 3.2944282e+06 
1.0020687e+07 4.3802056e+05 7.4646630e+06 
1.1793705e+07 1.9011226e+06 8.8610200e+06 
1.3071453e+07 3.2365680e+06 9.8677980e+06 
1.8533714e+07 1.2554328e+07 1.5706813e+07 
1.0382813e+07 7.7736725e+05 7.8701065e+06 
5.6405565e+06 5.1273838e+05 2.5731780e+06 
1.5800714e+07 6.9217740e+06 1.2289172e+07 
1.6495853e+07 8.0985750e+06 1.3018987e+07 
1.9600508e+07 1.6181427e+07 1.7869586e+07 
1.5053788e+07 5.8203425e+06 1.1591445e+07 
4.4275785e+06 2.5314368e+06 6.3509281e+05 
1.7144930e+07 9.3515690e+06 1.3785089e+07 
7.4872635e+06 -6.7285462e+05 5.4690475e+06 
7.9484555e+06 -5.6293044e+05 5.9612970e+06 
1.4249354e+07 4.7923870e+06 1.0921646e+07 
1.2118697e+07 2.3980778e+06 9.2547930e+06 
6.9948520e+06 -7.1315112e+05 4.9397835e+06 
1.9038992e+07 1.4058542e+07 1.6618281e+07 
1.0736114e+07 1.1722510e+06 8.2651530e+06 
8.3838720e+06 -3.8767300e+05 6.4224605e+06 
4.9183255e+06 9.6249762e+05 1.7852975e+06 
6.4651580e+06 -6.7900475e+05 4.3671045e+06 
1.7753994e+07 1.0680265e+07 1.4591657e+07 
8.7983690e+06 -1.5091964e+05 6.8580200e+06 
1.3381399e+07 3.8351045e+06 1.0275664e+07 
5.8914725e+06 -5.6501375e+05 3.7441430e+06 
1.8329728e+07 1.2082555e+07 1.5442747e+07 
2.0390552e+07 1.7767564e+07 1.8753208e+07 
9.1962570e+06 1.4388781e+05 7.2730370e+06 
1.1083549e+07 1.6197840e+06 8.6535670e+06 
1.9530206e+07 1.5626924e+07 1.7583408e+07 
1.2443327e+07 2.9448708e+06 9.6494260e+06 
4.1204815e+06 1.5251369e+06 9.2340638e+05 
5.2664260e+06 -3.6511941e+05 3.0635902e+06 
1.5355757e+07 6.5698620e+06 1.2049732e+07 
1.6102623e+07 7.7233550e+06 1.2774000e+07 
1.4555341e+07 5.4893725e+06 1.1356597e+07 
9.5813420e+06 4.9364194e+05 7.6721895e+06 
1.6801774e+07 8.9507550e+06 1.3533396e+07 
1.8879728e+07 1.3554350e+07 1.6342097e+07 
1.3695417e+07 4.4799400e+06 1.0690614e+07 
1.7459216e+07 1.0251710e+07 1.4331875e+07 
4.5819910e+06 -7.2533180e+04 2.3177752e+06 
1.1427712e+07 2.1172415e+06 9.0388620e+06 
9.9569690e+06 8.9550912e+05 8.0598030e+06 
2.0018166e+07 1.7249478e+07 1.8604526e+07 
6.9916480e+06 -9.0973212e+05 5.7787015e+06 
6.5031510e+06 -1.0493005e+06 5.2863870e+06 
1.2769612e+07 3.5387135e+06 1.0047826e+07 
3.3140148e+06 1.8030331e+06 2.8754141e+05 
7.4539075e+06 -7.0995375e+05 6.2373805e+06 
1.8081434e+07 1.1624339e+07 1.5173246e+07 
5.9830115e+06 -1.1246984e+06 4.7539155e+06 
1.9412730e+07 1.5089183e+07 1.7292850e+07 
7.8947355e+06 -4.5344153e+05 6.6684150e+06 
5.4251780e+06 -1.1313892e+06 4.1742198e+06 
3.8295062e+06 3.2033825e+05 1.4988030e+06 
1.0326069e+07 1.3468692e+06 8.4398790e+06 
1.5667689e+07 7.3587175e+06 1.2522675e+07 
1.1770870e+07 2.6620018e+06 9.4243020e+06 
8.3183840e+06 -1.4327005e+05 7.0772990e+06 
1.8675646e+07 1.3064904e+07 1.6061008e+07 
1.4869167e+07 6.2279665e+06 1.1803747e+07 
4.8229070e+06 -1.0641531e+06 3.5396928e+06 
1.6416676e+07 8.5612320e+06 1.3275618e+07 
1.4015125e+07 5.1679940e+06 1.1115022e+07 
1.7122146e+07 9.8352900e+06 1.4066328e+07 
1.9938718e+07 1.6677811e+07 1.8297170e+07 
8.7286000e+06 2.1781372e+05 7.4690665e+06 
1.3099328e+07 4.1768002e+06 1.0452679e+07 
4.1687298e+06 -9.1696600e+05 2.8422415e+06 
2.9997378e+06 8.2196219e+05 5.9877150e+05 
1.9250036e+07 1.4567445e+07 1.6998090e+07 
1.7790438e+07 1.1179227e+07 1.4898401e+07 
1.0691206e+07 1.8452551e+06 8.8161150e+06 
1.2115009e+07 3.2514858e+06 9.8129110e+06 
9.1286770e+06 6.2732225e+05 7.8483340e+06 
3.4544255e+06 -6.8286312e+05 2.0733958e+06 
5.9737210e+06 -1.2532074e+06 5.5961480e+06 
1.8428468e+07 1.2589631e+07 1.5775120e+07 
5.4556290e+06 -1.4251026e+06 5.1057840e+06 
6.4652175e+06 -1.0268458e+06 6.0505220e+06 
1.5192201e+07 7.0045320e+06 1.2264880e+07 
4.9056325e+06 -1.5390032e+06 4.5722765e+06 
2.0808496e+07 1.8257894e+07 1.9188180e+07 
1.5990907e+07 8.1827765e+06 1.3011686e+07 
1.4341973e+07 5.8960430e+06 1.1551010e+07 
6.9348175e+06 -7.4903419e+05 6.4754285e+06 
1.9813866e+07 1.6123414e+07 1.7986510e+07 
1.1054618e+07 2.3882942e+06 9.1919230e+06 
2.1299770e+06 1.0302679e+06 -4.7792781e+04 
9.5214950e+06 1.0829634e+06 8.2193315e+06 
1.6744171e+07 9.4306860e+06 1.3794999e+07 
1.3434048e+07 4.8562490e+06 1.0866427e+07 
4.3177495e+06 -1.5907374e+06 3.9878235e+06 
7.3866680e+06 -4.2238569e+05 6.8768005e+06 
1.9043944e+07 1.4061012e+07 1.6699230e+07 
2.6710200e+06 -3.5379238e+05 1.2245008e+06 
1.7458242e+07 1.0746794e+07 1.4618226e+07 
1.2461873e+07 3.8830995e+06 1.0207458e+07 
3.6852570e+06 -1.5753306e+06 3.3439890e+06 
7.8244200e+06 -4.9200695e+04 7.2600280e+06 
9.9095730e+06 1.5825798e+06 8.5859350e+06 
1.8139796e+07 1.2127996e+07 1.5484465e+07 
1.1418255e+07 2.9736505e+06 9.5704310e+06 
2.0377484e+07 1.7721346e+07 1.9026926e+07 
3.0006220e+06 -1.4868138e+06 2.6317705e+06 
1.9645502e+07 1.5585465e+07 1.7672622e+07 
8.2512805e+06 3.6845538e+05 7.6300060e+06 
1.4677257e+07 6.6606725e+06 1.2000414e+07 
1.8088234e+06 7.9530586e+04 2.8701241e+05 
1.5525676e+07 7.8151790e+06 1.2741461e+07 
1.3775166e+07 5.5740495e+06 1.1291245e+07 
1.6326603e+07 9.0375960e+06 1.3517799e+07 
1.8796146e+07 1.3569237e+07 1.6396297e+07 
4.8933560e+06 -1.5917030e+06 5.4132620e+06 
5.4167975e+06 -1.3368282e+06 5.8613060e+06 
1.2812991e+07 4.5541800e+06 1.0610450e+07 
4.3430555e+06 -1.7985284e+06 4.9271310e+06 
1.0295106e+07 2.1240910e+06 8.9516880e+06 
2.2554410e+06 -1.3180000e+06 1.8417488e+06 
1.7086256e+07 1.0326646e+07 1.4332670e+07 
8.6700580e+06 8.2868412e+05 7.9911815e+06 
5.9179095e+06 -1.0363408e+06 6.2783355e+06 
3.7607552e+06 -1.9543311e+06 4.3950865e+06 
1.1783826e+07 3.5989695e+06 9.9544890e+06 
6.4006815e+06 -6.9228162e+05 6.6707235e+06 
2.0242724e+07 1.7152360e+07 1.8695926e+07 
3.1406168e+06 -2.0554208e+06 3.8085210e+06 
1.7811134e+07 1.1679505e+07 1.5189009e+07 
8.7306606e+05 2.1168538e+05 -3.6892047e+05 
1.9435384e+07 1.5063206e+07 1.7355504e+07 
6.8686250e+06 -3.0640697e+05 7.0442035e+06 
9.0832090e+06 1.3296931e+06 8.3475930e+06 
1.4403954e+06 -1.0602395e+06 9.6434012e+05 
1.0680010e+07 2.7054395e+06 9.3198170e+06 
2.4760050e+06 -2.0971600e+06 3.1580570e+06 
1.5022134e+07 7.4582370e+06 1.2464745e+07 
1.4123917e+07 6.3270170e+06 1.1729013e+07 
1.8508222e+07 1.3091523e+07 1.6089258e+07 
1.5870689e+07 8.6557360e+06 1.3234583e+07 
1.3169707e+07 5.2619440e+06 1.1024110e+07 
7.3248280e+06 1.1972431e+05 7.4039335e+06 
1.6675818e+07 9.9184090e+06 1.4041624e+07 
1.2152819e+07 4.2618265e+06 1.0346659e+07 
2.1183350e+07 1.8718878e+07 1.9589562e+07 
1.7593780e+06 -2.0736790e+06 2.4336305e+06 
2.0066414e+07 1.6600039e+07 1.8362700e+07 
9.4928790e+06 1.8697399e+06 8.7029010e+06 
7.7720035e+06 5.8467831e+05 7.7545560e+06 
5.4525281e+05 -7.0317112e+05 -9.8100225e+03 
1.7443896e+07 1.1243693e+07 1.4888665e+07 
3.7490930e+06 -1.9233052e+06 5.2294595e+06 
4.3075550e+06 -1.6381726e+06 5.6689400e+06 
1.9185144e+07 1.4555935e+07 1.7035104e+07 
1.1065952e+07 3.3245378e+06 9.6932370e+06 
3.1635872e+06 -2.1675325e+06 4.7501300e+06 
4.8432610e+06 -1.3138464e+06 6.0762045e+06 
2.5461485e+06 -2.3685925e+06 4.2224145e+06 
5.3599825e+06 -9.5166662e+05 6.4580540e+06 
9.8216962e+05 -1.9775349e+06 1.6246762e+06 
1.8181650e+07 1.2627311e+07 1.5778027e+07 
1.4481390e+07 7.1117535e+06 1.2181286e+07 
1.3533206e+07 6.0034445e+06 1.1450357e+07 
8.2125320e+06 1.0870856e+06 8.1002480e+06 
9.9009400e+06 2.4470808e+06 9.0604110e+06 
1.5377619e+07 8.2848310e+06 1.2945151e+07 
5.8610470e+06 -5.5273412e+05 6.8205455e+06 
1.8911741e+06 -2.5234310e+06 3.6368200e+06 
2.0698848e+07 1.8167102e+07 1.9416902e+07 
1.2526539e+07 4.9596800e+06 1.0749203e+07 
1.9850218e+07 1.6063590e+07 1.8027158e+07 
1.6228190e+07 9.5217300e+06 1.3744928e+07 
-4.5958962e+05 -6.5443756e+05 -6.7366406e+05 
6.3493920e+06 -1.1800885e+05 7.1690720e+06 
1.1454389e+07 3.9792208e+06 1.0074555e+07 
1.1922098e+06 -2.6278822e+06 2.9828998e+06 
1.8896312e+07 1.4063004e+07 1.6711324e+07 
1.3468645e+05 -1.7993262e+06 7.2045569e+05 
1.7039416e+07 1.0820124e+07 1.4583295e+07 
8.6484990e+06 1.6255886e+06 8.4447650e+06 
1.0309025e+07 3.0599240e+06 9.4230910e+06 
6.8276115e+06 3.5161553e+05 7.5084405e+06 
1.7817822e+07 1.2176082e+07 1.5462474e+07 
4.4177922e+05 -2.6762588e+06 2.2493388e+06 
2.0512368e+07 1.7602734e+07 1.9064540e+07 
3.1363238e+06 -1.9289234e+06 5.4723745e+06 
2.5393365e+06 -2.2458060e+06 5.0438985e+06 
3.7100925e+06 -1.5798700e+06 5.8678570e+06 
1.3904518e+07 6.7755330e+06 1.1890779e+07 
1.9595680e+07 1.5542276e+07 1.7689160e+07 
1.4848533e+07 7.9246170e+06 1.2649255e+07 
1.9151672e+06 -2.5297078e+06 4.5742405e+06 
1.2906123e+07 5.6898290e+06 1.1164071e+07 
4.2641360e+06 -1.1991346e+06 6.2375535e+06 
-7.9394775e+05 -1.5273031e+06 -2.8942769e+05 
1.5744581e+07 9.1362710e+06 1.3442375e+07 
9.0817330e+06 2.1987948e+06 8.7914710e+06 
7.2979955e+06 8.5525312e+05 7.8429365e+06 
1.1846589e+07 4.6672030e+06 1.0466064e+07 
1.2592779e+06 -2.7792742e+06 4.0541215e+06 
1.8570314e+07 1.3583810e+07 1.6384018e+07 
4.8015500e+06 -7.8703869e+05 6.5878060e+06 
-3.6880619e+05 -2.6608480e+06 1.4241739e+06 
1.6598957e+07 1.0408387e+07 1.4272719e+07 
1.0718560e+07 3.7063848e+06 9.7935780e+06 
5.6641638e+05 -2.9922952e+06 3.4730850e+06 
5.3250900e+06 -3.4384247e+05 6.9242025e+06 
2.0288080e+07 1.7054188e+07 1.8710766e+07 
2.1514822e+07 1.9149178e+07 1.9956472e+07 
1.7418048e+07 1.1737348e+07 1.5142430e+07 
7.7625670e+06 1.3919784e+06 8.1763805e+06 
1.9304248e+07 1.5035418e+07 1.7348536e+07 
9.5138330e+06 2.8052345e+06 9.1433680e+06 
-1.6957225e+05 -3.1652698e+06 2.8194675e+06 
-1.8714506e+06 -1.5701538e+06 -9.5960756e+05 
5.8372120e+06 1.3017997e+05 7.2516720e+06 
-1.2496399e+06 -2.5713338e+06 4.9520897e+05 
1.3292559e+07 6.4493800e+06 1.1592877e+07 
1.4284533e+07 7.5748325e+06 1.2346607e+07 
1.2243656e+07 5.3860390e+06 1.0869732e+07 
1.5226145e+07 8.7617060e+06 1.3133720e+07 
1.8208490e+07 1.3117791e+07 1.6053012e+07 
1.9018834e+06 -2.2068802e+06 5.2702460e+06 
1.1130786e+07 4.3844475e+06 1.0174180e+07 
2.5176265e+06 -1.8325585e+06 5.6518270e+06 
1.2623660e+06 -2.5566692e+06 4.8554120e+06 
8.2231090e+06 1.9607860e+06 8.5121700e+06 
1.6123725e+07 1.0008088e+07 1.3956721e+07 
-9.5599006e+05 -3.2928338e+06 2.0804718e+06 
6.3401085e+06 6.3468800e+05 7.5745695e+06 
3.1127438e+06 -1.4331680e+06 6.0077235e+06 
2.0982160e+07 1.8585244e+07 1.9773594e+07 
5.9552269e+05 -2.8822275e+06 4.3986055e+06 
2.0027418e+07 1.6520720e+07 1.8355366e+07 
9.9462020e+06 3.4433242e+06 9.5031030e+06 
3.6900570e+06 -1.0081126e+06 6.3445110e+06 
1.6983570e+07 1.1310649e+07 1.4817689e+07 
1.8977270e+07 1.4542383e+07 1.7005090e+07 
-1.0271766e+05 -3.1833580e+06 3.8897902e+06 
-2.2123620e+06 -2.3942000e+06 -5.4931150e+05 
4.2521125e+06 -5.5684625e+05 6.6679125e+06 
-1.8015814e+06 -3.3670322e+06 1.2424151e+06 
6.8357355e+06 1.1692349e+06 7.8967435e+06 
8.6811940e+06 2.5605560e+06 8.8533120e+06 
-8.3711712e+05 -3.4589685e+06 3.3174722e+06 
1.3686692e+07 7.2352175e+06 1.2036879e+07 
1.7812110e+07 1.2664419e+07 1.5718099e+07 
1.2646540e+07 6.1330925e+06 1.1287190e+07 
1.4673999e+07 8.3977160e+06 1.2818684e+07 
1.1546780e+07 5.0919310e+06 1.0566873e+07 
4.8012155e+06 -7.8941430e+04 6.9829265e+06 
2.0747896e+07 1.8027118e+07 1.9402190e+07 
1.5614872e+07 9.6188490e+06 1.3635053e+07 
1.9731714e+07 1.6001637e+07 1.7998100e+07 
1.0380061e+07 4.1113315e+06 9.8729860e+06 
-1.6133758e+06 -3.7064995e+06 2.6686098e+06 
7.3258365e+06 1.7332368e+06 8.2215915e+06 
-3.3667190e+06 -2.5379252e+06 -1.2240321e+06 
1.8616016e+07 1.4062583e+07 1.6658593e+07 
1.6515569e+07 1.0895545e+07 1.4488022e+07 
-2.7168518e+06 -3.3764675e+06 2.9124075e+05 
5.3394565e+06 4.2586747e+05 7.2939250e+06 
6.0299519e+05 -2.4695845e+06 5.0608110e+06 
1.2651226e+06 -2.0698871e+06 5.4263055e+06 
9.1382070e+06 3.1900232e+06 9.2024500e+06 
-8.3640195e+04 -2.8529950e+06 4.6624290e+06 
1.9054840e+06 -1.6521458e+06 5.7667705e+06 
-2.4384710e+06 -3.9211380e+06 1.9286482e+06 
-7.9783000e+05 -3.2217848e+06 4.2219595e+06 
2.5265895e+06 -1.2146971e+06 6.0889335e+06 
1.7382370e+07 1.2223197e+07 1.5379048e+07 
2.0479384e+07 1.7483782e+07 1.9029948e+07 
1.3056055e+07 6.9055105e+06 1.1719712e+07 
1.1967473e+07 5.8264600e+06 1.0973291e+07 
1.4089223e+07 8.0439875e+06 1.2496956e+07 
2.1803226e+07 1.9547996e+07 2.0288554e+07 
5.8687295e+06 9.5765688e+05 7.6047420e+06 
1.9402220e+07 1.5496295e+07 1.7638710e+07 
7.8119645e+06 2.3259478e+06 8.5521010e+06 
-1.5430490e+06 -3.5772235e+06 3.7286242e+06 
3.1307580e+06 -7.5607675e+05 6.3985810e+06 
1.0816476e+07 4.8073465e+06 1.0254984e+07 
1.5073508e+07 9.2403030e+06 1.3307440e+07 
-3.7143435e+06 -3.3054020e+06 -7.8660275e+05 
1.8221688e+07 1.3595465e+07 1.6308804e+07 
9.5953640e+06 3.8477510e+06 9.5618700e+06 
3.7201398e+06 -2.7507459e+05 6.7007075e+06 
-3.3210922e+06 -4.0947840e+06 1.0817749e+06 
1.6015178e+07 1.0491617e+07 1.4153173e+07 
-2.3234018e+06 -3.9197002e+06 3.1698335e+06 
6.3907480e+06 1.5162960e+06 7.9187355e+06 
2.0177828e+07 1.6954560e+07 1.8656564e+07 
8.2955015e+06 2.9464378e+06 8.8908800e+06 
1.6920410e+07 1.1793655e+07 1.5035611e+07 
2.1227806e+07 1.8974770e+07 2.0096644e+07 
4.2967280e+06 2.2923898e+05 6.9996440e+06 
-3.1439340e+06 -4.2479870e+06 2.5310018e+06 
1.9040114e+07 1.5004098e+07 1.7276928e+07 
-4.8066957e+04 -2.2896680e+06 5.1890840e+06 
-7.6154794e+05 -2.7143120e+06 4.8418675e+06 
1.2393657e+07 6.5854415e+06 1.1394715e+07 
1.3472873e+07 7.7002055e+06 1.2168201e+07 
6.4216225e+05 -1.8543611e+06 5.5125580e+06 
1.1256367e+07 5.5292570e+06 1.0650722e+07 
-4.9505415e+06 -3.5607282e+06 -1.4638316e+06 
-1.5005634e+06 -3.1314898e+06 4.4628700e+06 
-4.2721450e+06 -4.2148045e+06 1.1153482e+05 
1.4500710e+07 8.8720880e+06 1.2973584e+07 
1.3113132e+06 -1.4055028e+06 5.8190660e+06 
1.7795418e+07 1.3140511e+07 1.5955464e+07 
6.9070600e+06 2.1014335e+06 8.2388410e+06 
1.0053732e+07 4.5321065e+06 9.9335180e+06 
4.8623680e+06 7.5750369e+05 7.2991560e+06 
-2.2675632e+06 -3.5445255e+06 4.0425070e+06 
1.5483486e+07 1.0098459e+07 1.3812868e+07 
-4.0110895e+06 -4.5581790e+06 1.7954934e+06 
1.9614731e+06 -9.4059844e+05 6.1143570e+06 
8.7776720e+06 3.5935745e+06 9.2401780e+06 
2.0949908e+07 1.8424206e+07 1.9708510e+07 
1.9844358e+07 1.6438813e+07 1.8281732e+07 
-3.0652870e+06 -3.9565375e+06 3.5693125e+06 
2.5946452e+06 -4.5757862e+05 6.4033385e+06 
1.6427327e+07 1.1375340e+07 1.4687520e+07 
1.8646506e+07 1.4524484e+07 1.6912474e+07 
5.4187590e+06 1.3100680e+06 7.6025185e+06 
-5.3052285e+06 -4.2626915e+06 -9.9802362e+05 
7.4190595e+06 2.7124875e+06 8.5676050e+06 
-3.8969858e+06 -4.3698695e+06 3.0295815e+06 
-4.9333300e+06 -4.8422455e+06 9.4484875e+05 
1.2825987e+07 7.3660510e+06 1.1832061e+07 
1.1700521e+07 6.2747305e+06 1.1061475e+07 
3.2127442e+06 4.5202004e+04 6.6902265e+06 
1.7338292e+07 1.2697227e+07 1.5598303e+07 
1.3897525e+07 8.5138480e+06 1.2633168e+07 
1.0514236e+07 5.2412430e+06 1.0318995e+07 
1.4921547e+07 9.7156740e+06 1.3466816e+07 
9.2595580e+06 4.2660070e+06 9.6018970e+06 
2.0641078e+07 1.7887264e+07 1.9319894e+07 
-1.4224258e+06 -2.4895695e+06 4.9374820e+06 
-6.7722175e+05 -2.0380481e+06 5.2425650e+06 
5.9674645e+06 1.8869918e+06 7.9125775e+06 
1.9480038e+07 1.5935954e+07 1.7905140e+07 
-2.1928480e+06 -2.9380770e+06 4.6106570e+06 
-4.7668010e+06 -4.7851700e+06 2.4070275e+06 
2.2049412e+07 1.9915016e+07 2.0585926e+07 
3.8175875e+06 5.6897912e+05 6.9786575e+06 
4.4597703e+04 -1.5792392e+06 5.5325900e+06 
-2.9902780e+06 -3.3884422e+06 4.2540240e+06 
1.8222450e+07 1.4056926e+07 1.6545058e+07 
1.5904169e+07 1.0967819e+07 1.4334500e+07 
7.9279965e+06 3.3486368e+06 8.9072150e+06 
7.4490319e+05 -1.1095126e+06 5.8131465e+06 
-5.9219020e+06 -5.0862095e+06 -4.0502875e+04 
-6.6292845e+06 -4.6421920e+06 -1.6754006e+06 
-3.8164920e+06 -3.8459822e+06 3.8577640e+06 
-5.6803565e+06 -5.1999905e+06 1.6825718e+06 
1.4255786e+06 -6.2587144e+05 6.0889540e+06 
4.4108885e+06 1.1145998e+06 7.2717750e+06 
1.6851344e+07 1.2265146e+07 1.5237042e+07 
6.5099105e+06 2.4880490e+06 8.2317895e+06 
1.2149588e+07 7.0411995e+06 1.1488160e+07 
-4.6733530e+06 -4.3161260e+06 3.4098470e+06 
1.0977670e+07 5.9730835e+06 1.0719557e+07 
1.3264980e+07 8.1652260e+06 1.2285861e+07 
2.0302310e+07 1.7363340e+07 1.8930440e+07 
9.7421060e+06 4.9621525e+06 9.9776000e+06 
2.1436568e+07 1.9335132e+07 2.0386142e+07 
1.9085876e+07 1.5445432e+07 1.7526472e+07 
1.4330387e+07 9.3428710e+06 1.3114715e+07 
2.0884926e+06 -1.2591425e+05 6.3640290e+06 
8.4349870e+06 4.0088128e+06 9.2595120e+06 
-5.5630420e+06 -4.8037810e+06 2.8954940e+06 
1.7768956e+07 1.3600927e+07 1.6174393e+07 
-6.9916245e+06 -5.2681320e+06 -1.1797586e+06 
1.5351953e+07 1.0570670e+07 1.3976264e+07 
4.9942490e+06 1.6825442e+06 7.5722955e+06 
-6.6456210e+06 -5.6067730e+06 8.3446244e+05 
2.7354718e+06 3.9221281e+05 6.6418125e+06 
-2.8581752e+06 -2.6671528e+06 4.6682735e+06 
-2.0523876e+06 -2.2014238e+06 4.9538330e+06 
7.0473955e+06 3.1127320e+06 8.5622540e+06 
-3.6917970e+06 -3.1376545e+06 4.3637550e+06 
-1.2729112e+06 -1.7346566e+06 5.2268460e+06 
1.6335572e+07 1.1843816e+07 1.4871398e+07 
1.9934538e+07 1.6851874e+07 1.8539802e+07 
-6.4884880e+06 -5.3122230e+06 2.2966035e+06 
2.1119280e+07 1.8793170e+07 1.9983538e+07 
-4.5545500e+06 -3.6197162e+06 4.0323918e+06 
-5.1804738e+05 -1.2619942e+06 5.4925960e+06 
1.8662826e+07 1.4966726e+07 1.7145416e+07 
1.1444698e+07 6.7253140e+06 1.1136108e+07 
1.2604089e+07 7.8258585e+06 1.1931319e+07 
1.0226135e+07 5.6801875e+06 1.0368509e+07 
5.5691575e+06 2.2729455e+06 7.8825550e+06 
3.3682775e+06 9.2986512e+05 6.9252640e+06 
-5.4474870e+06 -4.1210165e+06 3.6643568e+06 
2.1401981e+05 -7.7946175e+05 5.7554955e+06 
1.3711008e+07 8.9796640e+06 1.2756254e+07 
8.9410190e+06 4.6916955e+06 9.6260050e+06 
-7.6740435e+06 -5.9901970e+06 -1.6094781e+05 
1.7286984e+07 1.3156011e+07 1.5800185e+07 
-8.4109170e+06 -5.7867860e+06 -1.8544808e+06 
1.4771669e+07 1.0183480e+07 1.3612518e+07 
-7.4541125e+06 -5.8412855e+06 1.5912684e+06 
7.5810915e+06 3.7602535e+06 8.9057340e+06 
9.2516625e+05 -2.8387731e+05 6.0192690e+06 
-6.3714755e+06 -4.6498390e+06 3.2472725e+06 
2.0774094e+07 1.8263568e+07 1.9580618e+07 
1.9538650e+07 1.6352337e+07 1.8147636e+07 
3.9885880e+06 1.4879446e+06 7.2169290e+06 
1.5791941e+07 1.1432801e+07 1.4501087e+07 
6.1369850e+06 2.8856072e+06 8.2045400e+06 
1.8211806e+07 1.4499347e+07 1.6761662e+07 
2.2254658e+07 2.0250362e+07 2.0849102e+07 
1.6172790e+06 2.2723908e+05 6.2870900e+06 
-7.3273970e+06 -5.2144220e+06 2.7654352e+06 
1.0712338e+07 6.4180425e+06 1.0775506e+07 
1.1915855e+07 7.4953765e+06 1.1569191e+07 
-3.4826658e+06 -2.3427480e+06 4.6429210e+06 
-8.7818170e+06 -6.3241110e+06 -1.3272960e+06 
-4.3551465e+06 -2.8199330e+06 4.3776050e+06 
9.4469540e+06 5.3957075e+06 1.0007868e+07 
-2.6402018e+06 -1.8705994e+06 4.8988125e+06 
-8.4669940e+06 -6.3845970e+06 7.5365656e+05 
1.3064400e+07 8.6256630e+06 1.2391116e+07 
1.6777464e+07 1.2721725e+07 1.5422146e+07 
-5.2589325e+06 -3.3096300e+06 4.0969428e+06 
-1.8261438e+06 -1.3973386e+06 5.1500855e+06 
4.5979860e+06 2.0669390e+06 7.5189895e+06 
8.1120470e+06 4.4295495e+06 9.2636640e+06 
2.2922165e+06 7.5574831e+05 6.5616780e+06 
1.4164283e+07 9.8058400e+06 1.3242969e+07 
-6.1948815e+06 -3.8207710e+06 3.7935000e+06 
-8.3166090e+06 -5.8216870e+06 2.1989042e+06 
2.0401810e+07 1.7745812e+07 1.9177004e+07 
-1.0386615e+06 -9.1798800e+05 5.4007130e+06 
1.9115490e+07 1.5864233e+07 1.7753612e+07 
6.6989855e+06 3.5200165e+06 8.5399140e+06 
2.1609554e+07 1.9666198e+07 2.0642560e+07 
-7.1633335e+06 -4.3637810e+06 3.4577638e+06 
1.5221391e+07 1.1031675e+07 1.4125822e+07 
1.7733690e+07 1.4042829e+07 1.6374907e+07 
-2.7579422e+05 -4.2858262e+05 5.6540295e+06 
2.9517778e+06 1.3029650e+06 6.8453680e+06 
-9.5385130e+06 -6.9257100e+06 -2.4524091e+05 
5.1979470e+06 2.6669542e+06 7.8332965e+06 
-1.0305557e+07 -7.0000830e+06 -1.9959480e+06 
-8.1640845e+06 -4.9504140e+06 3.0773552e+06 
-9.3418320e+06 -6.4749750e+06 1.5225799e+06 
1.1201281e+07 7.1734000e+06 1.1199122e+07 
1.6241297e+07 1.2297628e+07 1.5039989e+07 
9.9535330e+06 6.1190170e+06 1.0405948e+07 
4.6447575e+05 7.3972266e+04 5.9128675e+06 
1.2391539e+07 8.2804750e+06 1.2018983e+07 
8.6411890e+06 5.1192825e+06 9.6371630e+06 
2.0003180e+07 1.7239414e+07 1.8772336e+07 
1.8665868e+07 1.5387096e+07 1.7357400e+07 
1.3530747e+07 9.4373440e+06 1.2867322e+07 
2.1257104e+07 1.9133618e+07 2.0227656e+07 
7.2562920e+06 4.1753578e+06 8.8900260e+06 
-4.9668600e+06 -2.4604078e+06 4.3058610e+06 
3.5976795e+06 1.8697184e+06 7.1401565e+06 
-9.1965130e+06 -5.5931785e+06 2.6359582e+06 
-4.0557878e+06 -1.9860786e+06 4.5450855e+06 
-5.9126105e+06 -2.9454695e+06 4.0609125e+06 
1.7229328e+07 1.3596724e+07 1.5984855e+07 
1.1841662e+06 5.9202512e+05 6.1796540e+06 
-3.1777375e+06 -1.5150210e+06 4.7827245e+06 
1.4624839e+07 1.0640021e+07 1.3745322e+07 
-6.8942355e+06 -3.4504878e+06 3.8050675e+06 
5.7898345e+06 3.2877422e+06 8.1613945e+06 
-1.0686340e+07 -7.4333755e+06 -1.4352098e+06 
-1.0408673e+07 -7.1703070e+06 7.0562025e+05 
-2.3307428e+06 -1.0412648e+06 5.0221730e+06 
-7.9122885e+06 -3.9867270e+06 3.5316835e+06 
1.5679359e+07 1.1883294e+07 1.4653433e+07 
-1.0260013e+07 -6.3039940e+06 2.1119412e+06 
1.9578932e+07 1.6743919e+07 1.8366264e+07 
-1.5126530e+06 -5.6008956e+05 5.2662750e+06 
1.8852518e+06 1.1272819e+06 6.4564715e+06 
1.0461368e+07 6.8595345e+06 1.0820756e+07 
2.0879482e+07 1.8612094e+07 1.9812440e+07 
4.2315395e+06 2.4564025e+06 7.4477365e+06 
9.1693220e+06 5.8278460e+06 1.0027028e+07 
1.1693396e+07 7.9436995e+06 1.1639536e+07 
-8.9664980e+06 -4.5677260e+06 3.2319938e+06 
1.8190566e+07 1.4920481e+07 1.6958692e+07 
7.8099190e+06 4.8505210e+06 9.2559210e+06 
1.2872000e+07 9.0775840e+06 1.2485283e+07 
2.2420582e+07 2.0554522e+07 2.1078928e+07 
-7.2122881e+05 -6.7820320e+04 5.5174525e+06 
1.6699545e+07 1.3160604e+07 1.5591219e+07 
6.3748955e+06 3.9287220e+06 8.5045330e+06 
-1.1527959e+07 -7.8907545e+06 -2.8805566e+05 
1.4003188e+07 1.0257424e+07 1.3359307e+07 
-1.0055614e+07 -5.2093645e+06 2.8941368e+06 
2.5696315e+06 1.6808908e+06 6.7451060e+06 
-1.1354980e+07 -7.0914905e+06 1.4767569e+06 
-1.2326259e+07 -8.2891270e+06 -2.0935075e+06 
4.5784012e+04 4.3834266e+05 5.7777885e+06 
4.8548645e+06 3.0630172e+06 7.7695170e+06 
-6.5030780e+06 -2.5530295e+06 3.9381268e+06 
-5.5175805e+06 -2.0803638e+06 4.1618772e+06 
1.9129760e+07 1.6258896e+07 1.7958456e+07 
2.0477308e+07 1.8101196e+07 1.9396540e+07 
1.5092509e+07 1.1478304e+07 1.4262205e+07 
-7.5290620e+06 -3.0415002e+06 3.7128458e+06 
-4.5706700e+06 -1.6147674e+06 4.3873680e+06 
1.7690338e+07 1.4463963e+07 1.6557185e+07 
-1.1177385e+07 -5.9295240e+06 2.5017380e+06 
2.1748118e+07 1.9968188e+07 2.0866684e+07 
-8.5968620e+06 -3.5567562e+06 3.4818970e+06 
-3.6600788e+06 -1.1493372e+06 4.6172795e+06 
9.6971250e+06 6.5533700e+06 1.0433739e+07 
1.0970942e+07 7.6149260e+06 1.1252461e+07 
8.3607565e+06 5.5441155e+06 9.6383420e+06 
3.2391070e+06 2.2535118e+06 7.0470720e+06 
1.2188974e+07 8.7261490e+06 1.2096566e+07 
7.9060069e+05 9.6046125e+05 6.0490835e+06 
1.6145141e+07 1.2734050e+07 1.5193722e+07 
-9.7069780e+06 -4.1125018e+06 3.2398342e+06 
6.9542545e+06 4.5890000e+06 8.8636740e+06 
-2.7833288e+06 -6.7866188e+05 4.8538735e+06 
-1.2484727e+07 -7.9560745e+06 6.9352250e+05 
-1.2718815e+07 -8.5990500e+06 -1.4968585e+06 
1.3357330e+07 9.8834690e+06 1.2967509e+07 
5.4690425e+06 3.6892012e+06 8.1066350e+06 
-1.2328868e+07 -6.7468655e+06 2.0319176e+06 
2.0051180e+07 1.7600518e+07 1.8979600e+07 
-1.9378474e+06 -1.9854800e+05 5.0991005e+06 
-1.0858772e+07 -4.7256825e+06 2.9791918e+06 
1.8656340e+07 1.5783934e+07 1.7548592e+07 
2.1364622e+07 1.9445546e+07 2.0441528e+07 
1.4481592e+07 1.1082247e+07 1.3866043e+07 
1.5153582e+06 1.4999700e+06 6.3328880e+06 
1.7165924e+07 1.4017133e+07 1.6152592e+07 
3.8953648e+06 2.8453710e+06 7.3636295e+06 
-1.1210521e+06 2.9419838e+05 5.3546620e+06 
-1.2050143e+07 -5.4169350e+06 2.6893540e+06 
8.9095690e+06 6.2544765e+06 1.0037727e+07 
1.0225147e+07 7.2937320e+06 1.0857450e+07 
-1.3658710e+07 -8.8817840e+06 -2.8316191e+05 
1.5566908e+07 1.2316655e+07 1.4792099e+07 
-7.0227385e+06 -2.1530952e+06 3.7450305e+06 
7.5289095e+06 5.2673845e+06 9.2394940e+06 
-8.0885270e+06 -2.6196282e+06 3.5346252e+06 
1.1482596e+07 8.3826200e+06 1.1700890e+07 
-1.3507413e+07 -7.6778415e+06 1.4526944e+06 
-6.0021655e+06 -1.6966395e+06 3.9606412e+06 
-1.4490224e+07 -9.6629720e+06 -2.1392440e+06 
-9.2019430e+06 -3.1061275e+06 3.3272120e+06 
6.0753355e+06 4.3342590e+06 8.4599610e+06 
-5.0240245e+06 -1.2425434e+06 4.1833050e+06 
1.9601672e+07 1.7109684e+07 1.8561284e+07 
2.2220878e+06 2.0577640e+06 6.6305250e+06 
1.2688148e+07 9.5177440e+06 1.2569664e+07 
1.8159324e+07 1.5318643e+07 1.7136372e+07 
-3.3041231e+05 8.0194462e+05 5.6220510e+06 
2.0958354e+07 1.8932642e+07 2.0015932e+07 
-1.0364782e+07 -3.6252298e+06 3.1199838e+06 
-1.3277265e+07 -6.2107230e+06 2.3547742e+06 
-4.0853420e+06 -7.8481219e+05 4.4146290e+06 
4.5399660e+06 3.4563055e+06 7.6957955e+06 
1.6618040e+07 1.3579593e+07 1.5744642e+07 
1.3847441e+07 1.0694711e+07 1.3464693e+07 
2.2549042e+07 2.0828280e+07 2.1276506e+07 
-1.1577890e+07 -4.1930502e+06 2.9091375e+06 
-3.1830788e+06 -3.1882791e+05 4.6560485e+06 
-1.4712922e+07 -8.7304550e+06 7.2014050e+05 
4.3650794e+05 1.3263672e+06 5.9025705e+06 
-1.4897209e+07 -9.8245920e+06 -1.5039605e+06 
2.9126955e+06 2.6342688e+06 6.9430985e+06 
1.4965621e+07 1.1908018e+07 1.4386100e+07 
9.4569870e+06 6.9796800e+06 1.0454207e+07 
8.0997295e+06 5.9624035e+06 9.6323850e+06 
-1.2840724e+07 -4.8300775e+06 2.6891760e+06 
-1.4534618e+07 -7.1345905e+06 1.9522402e+06 
1.9129348e+07 1.6628325e+07 1.8141278e+07 
1.0753796e+07 8.0465690e+06 1.1297987e+07 
2.0529780e+07 1.8429138e+07 1.9589548e+07 
-2.3142198e+06 1.5891862e+05 4.9088635e+06 
6.6748735e+06 4.9971835e+06 8.8301020e+06 
1.7639358e+07 1.4862645e+07 1.6721514e+07 
1.1996524e+07 9.1598280e+06 1.2165522e+07 
5.1743370e+06 4.0857992e+06 8.0443430e+06 
2.1853772e+07 2.0241614e+07 2.1059534e+07 
1.6047401e+07 1.3150958e+07 1.5333079e+07 
1.1820201e+06 1.8685584e+06 6.1973450e+06 
-8.5674960e+06 -2.2044228e+06 3.2900665e+06 
-1.4150802e+07 -5.5621925e+06 2.4516920e+06 
-7.4687115e+06 -1.7611329e+06 3.4989962e+06 
-9.7192680e+06 -2.6597942e+06 3.0897228e+06 
1.3190886e+07 1.0315287e+07 1.3057915e+07 
-1.4758362e+06 6.5103400e+05 5.1742485e+06 
-6.4193565e+06 -1.3215824e+06 3.7174455e+06 
-1.0927299e+07 -3.1380672e+06 2.8969588e+06 
3.5889495e+06 3.2294945e+06 7.2714985e+06 
-1.5952170e+07 -9.8926440e+06 -2.2332928e+05 
-1.5815772e+07 -8.2163130e+06 1.4468940e+06 
-5.4157620e+06 -8.7934919e+05 3.9463295e+06 
-1.2194309e+07 -3.6532902e+06 2.7105595e+06 
1.8634756e+07 1.6156099e+07 1.7719284e+07 
1.4342052e+07 1.1507740e+07 1.3975488e+07 
-1.6820670e+07 -1.1133484e+07 -2.1229375e+06 
2.0079356e+07 1.7934714e+07 1.9162044e+07 
1.7097070e+07 1.4415575e+07 1.6303751e+07 
-1.5503113e+07 -6.4216185e+06 2.1832820e+06 
8.6674470e+06 6.6723170e+06 1.0042448e+07 
-4.4542740e+06 -4.2951675e+05 4.1865578e+06 
-6.6512838e+05 1.1593815e+06 5.4532590e+06 
7.2686505e+06 5.6766780e+06 9.2173960e+06 
1.0003503e+07 7.7175585e+06 1.0887601e+07 
2.1443156e+07 1.9729266e+07 2.0626024e+07 
1.9082914e+06 2.4291090e+06 6.5073205e+06 
-1.3522077e+07 -4.2237550e+06 2.5288135e+06 
5.7997650e+06 4.7330115e+06 8.4098030e+06 
1.1283334e+07 8.8092960e+06 1.1754847e+07 
1.5454709e+07 1.2730846e+07 1.4917663e+07 
-3.5313310e+06 3.1637854e+04 4.4390280e+06 
4.2524705e+06 3.8430820e+06 7.6164010e+06 
1.2512751e+07 9.9435640e+06 1.2645485e+07 
-1.7115816e+07 -9.4765340e+06 7.8709019e+05 
-1.4910897e+07 -4.8733570e+06 2.3489258e+06 
-1.7245774e+07 -1.1113608e+07 -1.4459888e+06 
1.2054803e+05 1.6852040e+06 5.7468240e+06 
-1.6889664e+07 -7.4472310e+06 1.8620181e+06 
1.9607526e+07 1.7449062e+07 1.8733116e+07 
1.8118440e+07 1.5692670e+07 1.7295026e+07 
1.3696965e+07 1.1115427e+07 1.3560042e+07 
-2.6435205e+06 5.0687912e+05 4.7046090e+06 
2.6173312e+06 3.0081748e+06 6.8332630e+06 
2.1011836e+07 1.9225366e+07 2.0191846e+07 
-1.0146972e+07 -2.2351630e+06 2.7922755e+06 
-8.9659370e+06 -1.8092850e+06 2.9987948e+06 
1.6533091e+07 1.3977076e+07 1.5882837e+07 
-1.1389933e+07 -2.6739235e+06 2.5973288e+06 
-7.8421920e+06 -1.3875872e+06 3.2168942e+06 
-1.6358800e+07 -5.6333810e+06 2.1658708e+06 
7.8575175e+06 6.3711725e+06 9.6219100e+06 
9.2326510e+06 7.3951380e+06 1.0469491e+07 
-1.2699368e+07 -3.1369768e+06 2.4142228e+06 
-6.7711575e+06 -9.6342506e+05 3.4468128e+06 
6.4173895e+06 5.3968030e+06 8.7924600e+06 
2.2642036e+07 2.1072638e+07 2.1443102e+07 
1.0549458e+07 8.4657160e+06 1.1337415e+07 
1.4840663e+07 1.2318881e+07 1.4498174e+07 
8.8366306e+05 2.2292200e+06 6.0557375e+06 
-1.7876121e+06 9.9819181e+05 4.9841210e+06 
4.9047250e+06 4.4743365e+06 7.9782605e+06 
-1.8436866e+07 -1.0912714e+07 -1.0038448e+05 
-5.7484060e+06 -5.3174106e+05 3.6889638e+06 
-1.8299736e+07 -8.6827230e+06 1.4517075e+06 
-1.4079500e+07 -3.6393565e+06 2.2435092e+06 
1.1813859e+07 9.5791260e+06 1.2227190e+07 
1.9114738e+07 1.6971892e+07 1.8302474e+07 
1.7580940e+07 1.5237715e+07 1.6868248e+07 
3.3109830e+06 3.6055268e+06 7.1757505e+06 
2.0560148e+07 1.8729660e+07 1.9756682e+07 
-1.9349910e+07 -1.2716584e+07 -2.0309784e+06 
-1.7860546e+07 -6.5446835e+06 1.9701879e+06 
-4.7697165e+06 -8.8719867e+04 3.9438782e+06 
-1.5533849e+07 -4.2010210e+06 2.0859274e+06 
1.3031125e+07 1.0730681e+07 1.3139557e+07 
1.5948041e+07 1.3546799e+07 1.5458548e+07 
-9.6057725e+05 1.5069172e+06 5.2783150e+06 
2.1928122e+07 2.0487216e+07 2.1222296e+07 
1.6265019e+06 2.7916972e+06 6.3806490e+06 
-3.8311072e+06 3.6846694e+05 4.2121545e+06 
8.4421770e+06 7.0788435e+06 1.0043436e+07 
7.0281995e+06 6.0757560e+06 9.1923470e+06 
-1.7064644e+07 -4.8487255e+06 1.9420789e+06 
1.4205959e+07 1.1914689e+07 1.4074407e+07 
-1.9722074e+07 -1.0169056e+07 8.9327775e+05 
9.7957770e+06 8.1286460e+06 1.0913024e+07 
5.5470210e+06 5.1222565e+06 8.3573075e+06 
-1.0488489e+07 -1.8427901e+06 2.4564370e+06 
1.8601428e+07 1.6502923e+07 1.7869860e+07 
-1.9406490e+07 -7.6599055e+06 1.7438094e+06 
-1.9798140e+07 -1.2469309e+07 -1.3093146e+06 
-1.1754978e+07 -2.2469780e+06 2.2468650e+06 
-9.2879170e+06 -1.4421975e+06 2.6789462e+06 
2.0088428e+07 1.8241910e+07 1.9320246e+07 
1.7022792e+07 1.4790916e+07 1.6438721e+07 
1.1095034e+07 9.2215520e+06 1.1802839e+07 
-1.3093416e+07 -2.6634862e+06 2.0510580e+06 
3.9909182e+06 4.2205935e+06 7.5351685e+06 
-1.5960272e+05 2.0338580e+06 5.5878500e+06 
-8.1475545e+06 -1.0385806e+06 2.9140478e+06 
-2.9288542e+06 8.4185238e+05 4.4944130e+06 
2.1494046e+07 1.9985350e+07 2.0782164e+07 
-1.4510092e+07 -3.1038560e+06 1.8704919e+06 
1.5342543e+07 1.3124397e+07 1.5030676e+07 
-1.8671894e+07 -5.6187255e+06 1.8115911e+06 
1.2345294e+07 1.0353102e+07 1.2713848e+07 
-7.0620495e+06 -6.2692381e+05 3.1617442e+06 
2.3511588e+06 3.3725100e+06 6.7220500e+06 
-1.6011417e+07 -3.5834792e+06 1.7074786e+06 
-6.0264160e+06 -2.0345558e+05 3.4222775e+06 
-2.0981834e+07 -9.0442240e+06 1.4523728e+06 
-2.0594980e+06 1.3328185e+06 4.7912560e+06 
1.3551296e+07 1.1517896e+07 1.3646179e+07 
-2.1151398e+07 -1.1923584e+07 9.4287234e+04 
1.8068044e+07 1.6041880e+07 1.7435030e+07 
6.1790444e+05 2.5793588e+06 5.9132745e+06 
1.9597012e+07 1.7761890e+07 1.8882270e+07 
7.6330255e+06 6.7681985e+06 9.6092360e+06 
6.1805025e+06 5.7855610e+06 8.7535400e+06 
9.0231740e+06 7.7976350e+06 1.0481487e+07 
1.6444535e+07 1.4351963e+07 1.6006231e+07 
-2.0351988e+07 -6.5606235e+06 1.6911738e+06 
-1.7603662e+07 -4.1231360e+06 1.5653511e+06 
4.6586335e+06 4.8524925e+06 7.9116960e+06 
-2.2124652e+07 -1.4434242e+07 -1.8445621e+06 
-5.0360290e+06 2.3461430e+05 3.6960408e+06 
2.1041012e+07 1.9490692e+07 2.0341052e+07 
1.0357101e+07 8.8704140e+06 1.1372257e+07 
1.4717221e+07 1.2709526e+07 1.4599034e+07 
3.0595332e+06 3.9711860e+06 7.0802610e+06 
1.1640238e+07 9.9822880e+06 1.2282745e+07 
-1.2198461e+06 1.8422068e+06 5.1032360e+06 
-1.2029923e+07 -1.8641105e+06 1.8685366e+06 
-1.9292484e+07 -4.7513355e+06 1.4485622e+06 
-1.0751126e+07 -1.4876252e+06 2.1011350e+06 
2.2701614e+07 2.1288738e+07 2.1580082e+07 
-1.3383825e+07 -2.2425578e+06 1.6491832e+06 
-4.0866180e+06 6.8928962e+05 3.9835108e+06 
-9.5404080e+06 -1.1067822e+06 2.3462400e+06 
1.3743148e+06 3.1433680e+06 6.2550070e+06 
-2.2567836e+07 -1.0770023e+07 1.0318233e+06 
-1.4820551e+07 -2.6313248e+06 1.4445084e+06 
1.9086240e+07 1.7289374e+07 1.8442510e+07 
1.7515028e+07 1.5588494e+07 1.6997772e+07 
-2.2095736e+07 -7.7425450e+06 1.5703190e+06 
1.2877372e+07 1.1128124e+07 1.3213323e+07 
-8.3913700e+06 -7.1680394e+05 2.6035990e+06 
-2.2602382e+07 -1.3893103e+07 -1.0760258e+06 
2.0569248e+07 1.9003074e+07 1.9898698e+07 
1.5846711e+07 1.3920547e+07 1.5570588e+07 
-1.6348590e+07 -3.0415230e+06 1.2569261e+06 
6.8061455e+06 6.4627110e+06 9.1667150e+06 
8.2325355e+06 7.4722205e+06 1.0042640e+07 
5.3154450e+06 5.5000610e+06 8.3052995e+06 
-2.1082050e+07 -5.5079660e+06 1.3624805e+06 
-3.1742550e+06 1.1619339e+06 4.2851910e+06 
-7.2981795e+06 -3.1410391e+05 2.8732890e+06 
-4.0697062e+05 2.3704018e+06 5.4308255e+06 
9.6008880e+06 8.5252780e+06 1.0935289e+07 
3.7533285e+06 4.5869420e+06 7.4554195e+06 
1.4072704e+07 1.2301839e+07 1.4163459e+07 
-1.7977260e+07 -3.4880895e+06 1.0902160e+06 
2.1972780e+07 2.0705876e+07 2.1356238e+07 
1.0916725e+07 9.6178300e+06 1.1846101e+07 
-6.2555160e+06 1.0396630e+05 3.1555998e+06 
2.1117765e+06 3.7254878e+06 6.6133180e+06 
1.8556460e+07 1.6824150e+07 1.8000746e+07 
-2.3886144e+07 -9.2568960e+06 1.4220709e+06 
1.6942836e+07 1.5142502e+07 1.6557890e+07 
-2.4148628e+07 -1.2892962e+07 3.6807003e+05 
-1.9716722e+07 -3.9914345e+06 9.5003800e+05 
-2.2953410e+06 1.6533809e+06 4.6015670e+06 
2.0078990e+07 1.8522338e+07 1.9454856e+07 
-2.2973498e+07 -6.4500650e+06 1.3123161e+06 
1.2184893e+07 1.0744996e+07 1.2775695e+07 
1.5229869e+07 1.3496361e+07 1.5131626e+07 
3.8179709e+05 2.9173968e+06 5.7743915e+06 
-5.2585290e+06 5.3930462e+05 3.4509458e+06 
-2.5215746e+07 -1.6317891e+07 -1.5365505e+06 
-1.2225593e+07 -1.5267058e+06 1.4814071e+06 
-1.3582628e+07 -1.8765726e+06 1.2321574e+06 
2.1518590e+07 2.0214544e+07 2.0911030e+07 
-1.0944598e+07 -1.1704464e+06 1.7419612e+06 
-1.5024163e+07 -2.2257930e+06 9.9503756e+05 
5.9624880e+06 6.1618770e+06 8.7157230e+06 
7.4247515e+06 7.1519310e+06 9.5963430e+06 
-2.1577882e+07 -4.5800750e+06 8.4459025e+05 
4.4340505e+06 5.2187125e+06 7.8474685e+06 
1.3409624e+07 1.1900992e+07 1.3723804e+07 
-9.7321310e+06 -8.0344450e+05 2.0135440e+06 
8.8272250e+06 8.1856995e+06 1.0491801e+07 
-1.6559811e+07 -2.5819520e+06 7.7168338e+05 
-1.4465918e+06 2.1640192e+06 4.9330695e+06 
2.8322175e+06 4.3250115e+06 6.9883150e+06 
-4.3027990e+06 9.9319838e+05 3.7597975e+06 
1.8008028e+07 1.6366001e+07 1.7556784e+07 
-2.5697540e+07 -1.1222197e+07 1.1840089e+06 
1.0175524e+07 9.2593150e+06 1.1403786e+07 
-8.5814800e+06 -4.2243259e+05 2.2962460e+06 
1.6351927e+07 1.4703640e+07 1.6115214e+07 
-2.4962330e+07 -7.6609555e+06 1.2997659e+06 
1.9570478e+07 1.8048326e+07 1.9009312e+07 
-1.8200614e+07 -2.9551265e+06 5.6491231e+05 
-2.5729544e+07 -1.5381100e+07 -7.2248044e+05 
1.1488711e+06 3.4828430e+06 6.1341740e+06 
1.4594564e+07 1.3079095e+07 1.4689199e+07 
1.1474564e+07 1.0368126e+07 1.2333168e+07 
2.1046880e+07 1.9729258e+07 2.0464480e+07 
-2.3571984e+07 -5.2949960e+06 7.8535838e+05 
-7.4866120e+06 -2.4998785e+04 2.5903915e+06 
-1.9959410e+07 -3.3588698e+06 3.7926900e+05 
-3.3843042e+06 1.4664300e+06 4.0826288e+06 
-6.2502594e+05 2.6938568e+06 5.2800445e+06 
1.2728621e+07 1.1506633e+07 1.3279947e+07 
6.6007105e+06 6.8362830e+06 9.1424800e+06 
-6.4420910e+06 3.9058009e+05 2.8964400e+06 
5.1030065e+06 5.8651785e+06 8.2561435e+06 
2.2729794e+07 2.1477788e+07 2.1688826e+07 
1.7441312e+07 1.5914718e+07 1.7110452e+07 
8.0369420e+06 7.8512290e+06 1.0041682e+07 
1.9043972e+07 1.7580886e+07 1.8561872e+07 
3.5373462e+06 4.9409565e+06 7.3799265e+06 
-2.7034528e+07 -9.2640850e+06 1.3138475e+06 
-2.1851324e+07 -3.8117735e+06 2.2183384e+05 
1.5742773e+07 1.4271644e+07 1.5669597e+07 
-2.7501262e+07 -1.3763393e+07 7.2251669e+05 
-1.3704281e+07 -1.5629199e+06 8.1833269e+05 
-2.5709574e+07 -6.1971555e+06 7.8766125e+05 
9.4174080e+06 8.9063210e+06 1.0955693e+07 
-1.5137804e+07 -1.8844276e+06 5.4511150e+05 
-1.2354452e+07 -1.2324411e+06 1.1002968e+06 
1.8964170e+06 4.0660905e+06 6.5102655e+06 
2.0557790e+07 1.9249928e+07 2.0016378e+07 
-2.4993962e+06 1.9593580e+06 4.4198725e+06 
-1.6664901e+07 -2.2019032e+06 2.8111891e+05 
-1.1079726e+07 -8.8922525e+05 1.3910165e+06 
1.3941361e+07 1.2668440e+07 1.4243181e+07 
-5.4430045e+06 8.2546438e+05 3.2149138e+06 
-2.8737148e+07 -1.8414166e+07 -1.0655456e+06 
1.0747099e+07 9.9971270e+06 1.1885638e+07 
-1.8297100e+07 -2.5218070e+06 2.7596291e+04 
1.7204822e+05 3.2425718e+06 5.6427235e+06 
-2.3894386e+07 -4.3400450e+06 1.0343880e+05 
-9.8725460e+06 -5.3043019e+05 1.6908266e+06 
2.1989300e+07 2.0898556e+07 2.1462642e+07 
1.6856690e+07 1.5470090e+07 1.6661602e+07 
1.8499738e+07 1.7119866e+07 1.8112368e+07 
-2.0048098e+07 -2.8526270e+06 -2.1307811e+05 
1.2030340e+07 1.1118409e+07 1.2831782e+07 
-8.7262050e+06 -1.5395550e+05 2.0002576e+06 
-4.4849120e+06 1.2803472e+06 3.5463402e+06 
-2.9162536e+07 -1.1440369e+07 1.3074282e+06 
-2.7998166e+07 -7.3808600e+06 8.6991250e+05 
1.5115856e+07 1.3846249e+07 1.5220916e+07 
5.7613030e+06 6.5247855e+06 8.6809650e+06 
-1.6447726e+06 2.4719785e+06 4.7718875e+06 
2.0051472e+07 1.8776468e+07 1.9566540e+07 
4.2286535e+06 5.5720870e+06 7.7878895e+06 
7.2308720e+06 7.5214070e+06 9.5848460e+06 
2.6263575e+06 4.6662195e+06 6.9025945e+06 
-2.9288238e+07 -1.6914896e+07 -2.1809975e+05 
-2.6110270e+07 -4.9819900e+06 4.0500238e+04 
8.6431540e+06 8.5584210e+06 1.0501737e+07 
-2.1934532e+07 -3.2056518e+06 -4.3680666e+05 
-7.6347125e+06 2.4169438e+05 2.3199455e+06 
1.3270834e+07 1.2264080e+07 1.3793472e+07 
2.1517990e+07 2.0417706e+07 2.1013714e+07 
9.4704350e+05 3.8095502e+06 6.0212065e+06 
1.0003213e+07 9.6316030e+06 1.1433021e+07 
-3.5638030e+06 1.7555278e+06 3.8912090e+06 
-1.5179415e+07 -1.6003735e+06 1.1135073e+05 
1.7938062e+07 1.6665114e+07 1.7660654e+07 
-1.3763818e+07 -1.2960589e+06 4.2101450e+05 
1.6254557e+07 1.5031901e+07 1.6210113e+07 
-6.5926945e+06 6.5751456e+05 2.6505640e+06 
-2.3977094e+07 -3.5961948e+06 -6.3685569e+05 
-1.6685529e+07 -1.8928502e+06 -1.9367861e+05 
-8.1745988e+05 3.0039740e+06 5.1389305e+06 
-1.2429239e+07 -9.7681300e+05 7.3599212e+05 
1.9528098e+07 1.8308790e+07 1.9114804e+07 
-3.0437646e+07 -8.9981410e+06 1.0480089e+06 
1.1315436e+07 1.0735962e+07 1.2379228e+07 
-1.8293238e+07 -2.1774835e+06 -4.9446197e+05 
1.4471671e+07 1.3427186e+07 1.4769068e+07 
-2.8524962e+07 -5.7962475e+06 5.7720605e+04 
-3.1307890e+07 -1.4431695e+07 1.1412410e+06 
-1.1167414e+07 -6.4027856e+05 1.0571342e+06 
4.9074140e+06 6.2169395e+06 8.2117375e+06 
-2.0015704e+07 -2.4593922e+06 -7.9092381e+05 
6.4098445e+06 7.1957685e+06 9.1212280e+06 
2.1030308e+07 1.9941832e+07 2.0563046e+07 
3.3403762e+06 5.2820650e+06 7.3109100e+06 
-5.5953175e+06 1.0940805e+06 2.9927730e+06 
-2.6760595e+06 2.2509680e+06 4.2499360e+06 
-9.9710690e+06 -2.8470666e+05 1.3853776e+06 
7.8535355e+06 8.2151835e+06 1.0041853e+07 
1.2583567e+07 1.1865698e+07 1.3339988e+07 
-2.6202270e+07 -4.0456598e+06 -8.0236550e+05 
-3.2887944e+07 -2.0798144e+07 -3.6478862e+05 
1.7021036e+06 4.3939190e+06 6.4154375e+06 
-2.1868938e+07 -2.7451295e+06 -1.0822664e+06 
9.2436270e+06 9.2711540e+06 1.0975252e+07 
1.7359242e+07 1.6216473e+07 1.7206608e+07 
1.5635322e+07 1.4599937e+07 1.5755883e+07 
-1.4794296e+04 3.5547502e+06 5.5211305e+06 
-8.8337440e+06 9.1142805e+04 1.7216828e+06 
1.8987852e+07 1.7846810e+07 1.8661032e+07 
2.2728482e+07 2.1640976e+07 2.1770660e+07 
-3.1168862e+07 -6.8778835e+06 1.9170281e+05 
-3.3013428e+07 -1.1302295e+07 1.3133901e+06 
-4.6382295e+06 1.5516109e+06 3.3471792e+06 
1.0584569e+07 1.0358925e+07 1.1922222e+07 
1.3810726e+07 1.3014181e+07 1.4313973e+07 
-2.3872940e+07 -3.0431370e+06 -1.3665712e+06 
2.0526326e+07 1.9470916e+07 2.0110494e+07 
-2.8644954e+07 -4.5852250e+06 -9.1583994e+05 
-1.8184300e+06 2.7663368e+06 4.6228345e+06 
-7.7496715e+06 4.8807997e+05 2.0669874e+06 
-3.3449256e+07 -1.8439478e+07 4.7226488e+05 
-1.5166189e+07 -1.3649479e+06 -2.9525784e+05 
-1.6642644e+07 -1.6437170e+06 -6.3896319e+05 
4.0399222e+06 5.9122405e+06 7.7347695e+06 
5.5746850e+06 6.8738430e+06 8.6507930e+06 
1.1880154e+07 1.1472967e+07 1.2882670e+07 
-1.3775547e+07 -1.0691056e+06 4.9102367e+04 
-1.8214956e+07 -1.9078468e+06 -9.8377206e+05 
2.4391112e+06 4.9945700e+06 6.8251930e+06 
7.0493290e+06 7.8761690e+06 9.5759990e+06 
1.6763597e+07 1.5773786e+07 1.6750137e+07 
2.1979120e+07 2.1066222e+07 2.1542732e+07 
-2.6053514e+07 -3.3644495e+06 -1.6401640e+06 
-1.2462009e+07 -7.5430694e+05 3.9577722e+05 
1.8430940e+07 1.7390436e+07 1.8205112e+07 
-1.9894900e+07 -2.1604060e+06 -1.3315410e+06 
-3.7175155e+06 2.0300166e+06 3.7143038e+06 
1.4999410e+07 1.4173973e+07 1.5298834e+07 
7.6559138e+05 4.1234655e+06 5.9184690e+06 
8.4690640e+06 8.9153760e+06 1.0512289e+07 
-6.7136770e+06 9.0654831e+05 2.4221698e+06 
-3.4075116e+07 -8.3920810e+06 4.9396922e+05 
-1.1217928e+07 -4.1914619e+05 7.4632162e+05 
2.0006134e+07 1.9004940e+07 1.9655930e+07 
-3.1352542e+07 -5.2628945e+06 -9.4875825e+05 
-2.1696562e+07 -2.4051972e+06 -1.6842352e+06 
1.3133542e+07 1.2606955e+07 1.3855572e+07 
-9.8800381e+05 3.3010438e+06 5.0100930e+06 
-3.5695828e+07 -1.4711569e+07 1.5600716e+06 
9.8384040e+06 9.9869300e+06 1.1460720e+07 
-1.0036527e+07 -6.2632441e+04 1.1021770e+06 
-2.8445196e+07 -3.7238582e+06 -1.8965548e+06 
-5.7211125e+06 1.3466750e+06 2.7880198e+06 
-2.3637220e+07 -2.6468740e+06 -2.0439640e+06 
2.1493302e+07 2.0595724e+07 2.1091240e+07 
-3.8042716e+07 -2.3588928e+07 6.8462569e+05 
-2.8296602e+06 2.5289398e+06 4.0945570e+06 
1.1161199e+07 1.1085557e+07 1.2421476e+07 
1.6151466e+07 1.5336889e+07 1.6291165e+07 
1.7857588e+07 1.6939574e+07 1.7746952e+07 
4.7262120e+06 6.5551555e+06 8.1735285e+06 
3.1596948e+06 5.6101800e+06 7.2500650e+06 
-8.9117540e+06 3.1586428e+05 1.4646615e+06 
6.2313060e+06 7.5409345e+06 9.1041580e+06 
1.4347264e+07 1.3753782e+07 1.4838911e+07 
1.5257806e+06 4.7090550e+06 6.3307655e+06 
1.9469846e+07 1.8543884e+07 1.9199256e+07 
-3.4391228e+07 -6.1581190e+06 -8.5362412e+05 
7.6802460e+06 8.5638570e+06 1.0044109e+07 
-2.5738690e+07 -2.8910892e+06 -2.4130668e+06 
-3.7275016e+07 -1.0649613e+07 1.0239829e+06 
-1.8219300e+05 3.8542678e+06 5.4117535e+06 
-1.6554897e+07 -1.4429951e+06 -1.0468594e+06 
-3.1096184e+07 -4.1419675e+06 -2.1245952e+06 
-1.8085300e+07 -1.6979861e+06 -1.4306269e+06 
1.2440655e+07 1.2205221e+07 1.3393827e+07 
-1.5113458e+07 -1.1691444e+06 -6.6825206e+05 
-4.7677985e+06 1.8083118e+06 3.1652160e+06 
9.0776130e+06 9.6195990e+06 1.0994700e+07 
-1.9714676e+07 -1.9360395e+06 -1.8227840e+06 
-7.8381815e+06 7.1665888e+05 1.8349601e+06 
-1.3752245e+07 -8.7492581e+05 -2.9205722e+05 
2.0991998e+07 2.0129238e+07 2.0637602e+07 
-3.8485840e+07 -1.9792430e+07 1.3746289e+06 
-1.9715188e+06 3.0477840e+06 4.4882160e+06 
-1.2463537e+07 -5.5920869e+05 8.4099945e+04 
-2.1454648e+07 -2.1595235e+06 -2.2272185e+06 
1.7268040e+07 1.6494121e+07 1.7286486e+07 
-2.8029474e+07 -3.1447018e+06 -2.7943125e+06 
1.5523205e+07 1.4905610e+07 1.5829643e+07 
1.0427316e+07 1.0703130e+07 1.1956384e+07 
1.8917590e+07 1.8087720e+07 1.8740390e+07 
1.3679344e+07 1.3339129e+07 1.4376081e+07 
-1.1240453e+07 -2.2120333e+05 4.6229019e+05 
-2.3318968e+07 -2.3712800e+06 -2.6487642e+06 
-6.8109320e+06 1.1397895e+06 2.2141145e+06 
3.8652332e+06 6.2392310e+06 7.6894515e+06 
-3.8499840e+06 2.2910670e+06 3.5543065e+06 
2.2675825e+06 5.3102500e+06 6.7576600e+06 
2.2699410e+07 2.1779406e+07 2.1826786e+07 
5.4002310e+06 7.2090355e+06 8.6263310e+06 
-3.7855608e+07 -7.4153410e+06 -5.4930675e+05 
-3.4077024e+07 -4.6490890e+06 -2.3050965e+06 
6.0128375e+05 4.4249765e+06 5.8276960e+06 
6.8778965e+06 8.2161830e+06 9.5707100e+06 
2.0475228e+07 1.9666812e+07 2.0181736e+07 
-4.0802016e+07 -1.4281286e+07 1.7861620e+06 
1.1732615e+07 1.1808686e+07 1.2928720e+07 
-1.0076823e+07 1.3957405e+05 8.4432344e+05 
-3.0548326e+07 -3.4161138e+06 -3.1913632e+06 
-2.5324234e+07 -2.5746455e+06 -3.0936885e+06 
-1.1402921e+06 3.5857382e+06 4.8954090e+06 
8.3028715e+06 9.2565520e+06 1.0524156e+07 
1.6662566e+07 1.6053974e+07 1.6823674e+07 
-5.8256150e+06 1.5850499e+06 2.6030138e+06 
1.4879193e+07 1.4479772e+07 1.5365542e+07 
-4.5049996e+07 -2.7073604e+07 2.2893962e+06 
1.8349522e+07 1.7636418e+07 1.8279280e+07 
2.1943498e+07 2.1209772e+07 2.1597608e+07 
-8.9670900e+06 5.2333416e+05 1.2317754e+06 
-1.7923378e+07 -1.5341536e+06 -1.8309461e+06 
9.6791280e+06 1.0325343e+07 1.1487389e+07 
-1.6437905e+07 -1.2799918e+06 -1.4138065e+06 
-2.9643108e+06 2.7943318e+06 3.9556912e+06 
1.2996128e+07 1.2929770e+07 1.3910328e+07 
-1.9498790e+07 -1.7683544e+06 -2.2600125e+06 
-2.7490968e+07 -2.7734838e+06 -3.5705360e+06 
-1.5034167e+07 -1.0045388e+06 -1.0045428e+06 
-3.7496692e+07 -5.2930855e+06 -2.4042428e+06 
1.9943036e+07 1.9208490e+07 1.9723576e+07 
-2.1173288e+07 -1.9842999e+06 -2.7059985e+06 
-4.1883860e+07 -9.3317010e+06 1.0419349e+05 
-1.3704775e+07 -7.0680475e+05 -5.9979925e+05 
-3.3350398e+07 -3.7159510e+06 -3.6098900e+06 
2.9925400e+06 5.9255945e+06 7.1986050e+06 
4.5568600e+06 6.8800250e+06 8.1425470e+06 
1.3644142e+06 5.0119465e+06 6.2576255e+06 
1.1009984e+07 1.1417048e+07 1.2460248e+07 
6.0627325e+06 7.8719365e+06 9.0921070e+06 
-2.2957140e+07 -2.1841130e+06 -3.1752208e+06 
-4.8782845e+06 2.0520151e+06 3.0023842e+06 
-7.9062395e+06 9.3004369e+05 1.6260042e+06 
-1.2443037e+07 -3.8610809e+05 -1.9675481e+05 
-3.3350897e+05 4.1417962e+06 5.3160975e+06 
-4.4813856e+07 -2.0571382e+07 2.4140962e+06 
1.6041460e+07 1.5619014e+07 1.6358494e+07 
-2.9845174e+07 -2.9722858e+06 -4.0916665e+06 
2.1445394e+07 2.0749448e+07 2.1144518e+07 
7.5148555e+06 8.8974040e+06 1.0049101e+07 
1.7765824e+07 1.7189938e+07 1.7815894e+07 
1.4219831e+07 1.4059187e+07 1.4898854e+07 
-2.4861902e+07 -2.3703955e+06 -3.6759280e+06 
-2.1077868e+06 3.3173008e+06 4.3696090e+06 
-1.1242878e+07 -4.2045406e+04 2.0698445e+05 
1.9395488e+07 1.8754310e+07 1.9263086e+07 
1.2298112e+07 1.2525452e+07 1.3441658e+07 
8.9172630e+06 9.9518460e+06 1.1014505e+07 
-6.8897430e+06 1.3594508e+06 2.0281591e+06 
-3.6518592e+07 -4.0587942e+06 -4.0604760e+06 
-4.1533820e+07 -6.1560745e+06 -2.3600228e+06 
-3.9654020e+06 2.5400638e+06 3.4127822e+06 
-2.6900588e+07 -2.5463500e+06 -4.2192875e+06 
-1.0098773e+07 3.2553688e+05 6.1345619e+05 
-3.2420590e+07 -3.1765580e+06 -4.6761885e+06 
-4.6702240e+07 -1.2624343e+07 1.3261762e+06 
2.0932450e+07 2.0292284e+07 2.0688876e+07 
1.0273337e+07 1.1029998e+07 1.1988429e+07 
3.7019350e+06 6.5534590e+06 7.6528530e+06 
2.1089030e+06 5.6137750e+06 6.7010595e+06 
1.5405038e+07 1.5189118e+07 1.5890948e+07 
-1.7744178e+07 -1.4045759e+06 -2.1843712e+06 
-1.9265522e+07 -1.6422155e+06 -2.6433910e+06 
1.7166698e+07 1.6748232e+07 1.7350220e+07 
5.2354650e+06 7.5307000e+06 8.6083370e+06 
4.5099041e+05 4.7147715e+06 5.7500665e+06 
-1.6304114e+07 -1.1454339e+06 -1.7391766e+06 
1.3545540e+07 1.3643657e+07 1.4429594e+07 
-2.0875106e+07 -1.8597924e+06 -3.1216840e+06 
6.7142400e+06 8.5417650e+06 9.5695650e+06 
-1.4938770e+07 -8.6374375e+05 -1.3033875e+06 
-1.2777648e+06 3.8589878e+06 4.7961250e+06 
-5.9135150e+06 1.8111064e+06 2.4391855e+06 
1.8832676e+07 1.8304306e+07 1.8800246e+07 
-5.5761560e+07 -3.1535436e+07 4.9656485e+06 
-2.9087620e+07 -2.7160620e+06 -4.8210375e+06 
-9.0056900e+06 7.1656775e+05 1.0243898e+06 
-2.2580196e+07 -2.0592245e+06 -3.6261010e+06 
1.1585808e+07 1.2125913e+07 1.2970094e+07 
-1.3642004e+07 -5.5879525e+05 -8.7336150e+05 
-4.0186412e+07 -4.4687435e+06 -4.5669520e+06 
8.1423560e+06 9.5822820e+06 1.0537760e+07 
-3.0838072e+06 3.0483952e+06 3.8345838e+06 
2.2644064e+07 2.1894024e+07 2.1858224e+07 
-3.5261764e+07 -3.3942568e+06 -5.3559225e+06 
-2.4388172e+07 -2.2430412e+06 -4.1654550e+06 
-4.6498572e+07 -7.3934005e+06 -2.0546782e+06 
2.0404654e+07 1.9838392e+07 2.0230668e+07 
-1.2408099e+07 -2.3016869e+05 -4.4606272e+05 
1.6552379e+07 1.6311241e+07 1.6882274e+07 
1.4753644e+07 1.4764148e+07 1.5421059e+07 
-7.9590550e+06 1.1307744e+06 1.4412385e+06 
9.5232590e+06 1.0647220e+07 1.1513295e+07 
-3.1438206e+07 -2.8852222e+06 -5.5043335e+06 
-4.9738800e+06 2.2843828e+06 2.8598260e+06 
-5.3011852e+07 -1.9296316e+07 3.1978818e+06 
-2.6306088e+07 -2.4146192e+06 -4.7513785e+06 
2.8361790e+06 6.2288965e+06 7.1573195e+06 
1.8254720e+07 1.7858498e+07 1.8335064e+07 
1.2856765e+07 1.3232974e+07 1.3957791e+07 
1.2150670e+06 5.3033105e+06 6.1969130e+06 
4.3967935e+06 7.1920560e+06 8.1194525e+06 
-1.1231756e+07 1.2230143e+05 -1.8943955e+04 
-4.7192375e+05 4.4182400e+06 5.2351215e+06 
2.1883464e+07 2.1329972e+07 2.1628190e+07 
5.9016965e+06 8.1892445e+06 9.0855930e+06 
1.0859746e+07 1.1730882e+07 1.2495674e+07 
1.9862012e+07 1.9387870e+07 1.9769890e+07 
-2.2306972e+06 3.5760425e+06 4.2679785e+06 
-3.8427204e+07 -3.6410170e+06 -6.1883930e+06 
-2.8339702e+07 -2.5786375e+06 -5.3996360e+06 
-4.4589816e+07 -5.0019865e+06 -5.1933400e+06 
-6.9547145e+06 1.5677014e+06 1.8652005e+06 
-1.9028198e+07 -1.5455074e+06 -2.9758210e+06 
7.3550425e+06 9.2162930e+06 1.0057197e+07 
-1.7558900e+07 -1.2996582e+06 -2.4927752e+06 
-2.0576080e+07 -1.7705382e+06 -3.4787645e+06 
-3.3965896e+07 -3.0630440e+06 -6.3047815e+06 
-1.0108074e+07 4.9855638e+05 4.1013447e+05 
-1.6163021e+07 -1.0316464e+06 -2.0241751e+06 
-2.2207460e+07 -1.9766490e+06 -4.0083645e+06 
1.5923124e+07 1.5878895e+07 1.6412091e+07 
-5.2957556e+07 -9.3706530e+06 -1.2907976e+06 
-4.0675442e+06 2.7784875e+06 3.2906195e+06 
1.4087645e+07 1.4343956e+07 1.4948869e+07 
1.7661764e+07 1.7416898e+07 1.7867568e+07 
-1.4835376e+07 -7.4056138e+05 -1.5655614e+06 
8.7603450e+06 1.0268390e+07 1.1034892e+07 
-2.3926586e+07 -2.1664762e+06 -4.5731300e+06 
2.1374896e+07 2.0879616e+07 2.1174270e+07 
1.2153970e+07 1.2826919e+07 1.3483496e+07 
-3.0491378e+07 -2.7420072e+06 -6.1321455e+06 
1.9602926e+06 5.9059040e+06 6.6560375e+06 
-7.9623992e+07 -4.2036680e+07 8.4897210e+06 
-1.3570911e+07 -4.2584538e+05 -1.1132474e+06 
1.9304564e+07 1.8940812e+07 1.9306570e+07 
-9.0325450e+06 8.9833850e+05 8.4296119e+05 
3.5474028e+06 6.8555905e+06 7.6255245e+06 
3.1174466e+05 4.9937490e+06 5.6862885e+06 
-5.9889115e+06 2.0267269e+06 2.2972325e+06 
-2.5736300e+07 -2.3436980e+06 -5.1839485e+06 
5.0778890e+06 7.8394515e+06 8.5972430e+06 
-1.4036059e+06 4.1218850e+06 4.7129635e+06 
1.0120470e+07 1.1340077e+07 1.2018451e+07 
-4.1987120e+07 -3.9597235e+06 -7.2872180e+06 
-3.6674800e+07 -3.2674608e+06 -7.2794645e+06 
-5.0199708e+07 -5.8603945e+06 -6.1412275e+06 
-1.2364771e+07 -8.7233008e+04 -6.6416244e+05 
6.5559600e+06 8.8535130e+06 9.5728720e+06 
1.5279222e+07 1.5451113e+07 1.5939726e+07 
-3.1915758e+06 3.2924758e+06 3.7319010e+06 
1.3407436e+07 1.3928382e+07 1.4474439e+07 
1.7053986e+07 1.6979506e+07 1.7397806e+07 
2.0851926e+07 2.0431692e+07 2.0717418e+07 
-3.2755430e+07 -2.9158442e+06 -6.9800260e+06 
-2.7636684e+07 -2.5135550e+06 -5.8549615e+06 
-8.0010310e+06 1.3212122e+06 1.2810131e+06 
-6.1859036e+07 -1.3972188e+07 -1.8965358e+05 
7.9851965e+06 9.8931760e+06 1.0553278e+07 
1.1437642e+07 1.2425260e+07 1.3006770e+07 
1.8732372e+07 1.8497302e+07 1.8840752e+07 
-1.1212358e+07 2.7529303e+05 -2.1574128e+05 
-5.0582610e+06 2.5070765e+06 2.7380588e+06 
-2.0286814e+07 -1.7048808e+06 -3.7831505e+06 
-1.8796022e+07 -1.4688832e+06 -3.2615115e+06 
-2.1851104e+07 -1.9217460e+06 -4.3304240e+06 
-1.7375540e+07 -1.2118509e+06 -2.7591980e+06 
-2.9622558e+07 -2.6837818e+06 -6.6047195e+06 
1.0749476e+06 5.5840585e+06 6.1491165e+06 
2.6879580e+06 6.5208965e+06 7.1266380e+06 
-3.9535280e+07 -3.5393190e+06 -8.5224830e+06 
-2.3490968e+07 -2.1221925e+06 -4.9110870e+06 
-1.6021575e+07 -9.3248525e+05 -2.2710338e+06 
9.3685390e+06 1.0953207e+07 1.1538492e+07 
-6.0039025e+05 4.6846565e+06 5.1693350e+06 
-4.5983780e+07 -4.4964740e+06 -8.8959880e+06 
2.2563650e+07 2.1985564e+07 2.1865748e+07 
4.2434705e+06 7.4919965e+06 8.1045865e+06 
2.0314518e+07 1.9986362e+07 2.0257676e+07 
-3.5107476e+07 -3.1197020e+06 -7.9877875e+06 
1.4620992e+07 1.5027797e+07 1.5465256e+07 
-7.0097590e+06 1.7665814e+06 1.7254824e+06 
-1.0109354e+07 6.6153700e+05 2.3415522e+05 
1.6431593e+07 1.6546311e+07 1.6925852e+07 
-2.3433842e+06 3.8252600e+06 4.1837968e+06 
1.2713437e+07 1.3517250e+07 1.3997847e+07 
-1.4730050e+07 -6.2995288e+05 -1.7927356e+06 
-2.5206536e+07 -2.3100638e+06 -5.5347510e+06 
5.7457425e+06 8.4935780e+06 9.0848510e+06 
-5.8088076e+07 -8.0786420e+06 -8.1439105e+06 
1.8145532e+07 1.8057412e+07 1.8372502e+07 
-3.1678652e+07 -2.8662930e+06 -7.4575390e+06 
-4.1597348e+06 3.0078332e+06 3.1881760e+06 
1.0708287e+07 1.2027753e+07 1.2527693e+07 
-1.3496802e+07 -3.0378844e+05 -1.3207395e+06 
7.1984210e+06 9.5212430e+06 1.0068520e+07 
-2.6994610e+07 -2.4908370e+06 -6.2133735e+06 
2.1799778e+07 2.1427392e+07 2.1635156e+07 
-9.0517390e+06 1.0711176e+06 6.8729662e+05 
-1.2545214e+08 -6.9173552e+07 1.2778735e+07 
1.9762660e+07 1.9543780e+07 1.9795112e+07 
-6.0553055e+06 2.2337030e+06 2.1772958e+06 
-4.2404716e+07 -3.9794275e+06 -1.0185405e+07 
-3.7479264e+07 -3.3903780e+06 -9.2172830e+06 
8.6045230e+06 1.0569974e+07 1.1055871e+07 
-1.2317714e+07 4.6175406e+04 -8.5206894e+05 
1.3948780e+07 1.4608836e+07 1.4988773e+07 
1.5794820e+07 1.6117285e+07 1.6451797e+07 
1.8191002e+06 6.1875740e+06 6.6228930e+06 
1.8078198e+05 5.2629525e+06 5.6366860e+06 
-2.8846298e+07 -2.6724348e+06 -6.9617745e+06 
-5.0150664e+07 -5.7901070e+06 -1.1541781e+07 
3.3990785e+06 7.1464950e+06 7.6077075e+06 
-3.3770152e+07 -3.0801885e+06 -8.4444420e+06 
-1.5207092e+06 4.3756170e+06 4.6462245e+06 
1.2006093e+07 1.3110373e+07 1.3519185e+07 
1.7544170e+07 1.7621202e+07 1.7901910e+07 
-2.0013850e+07 -1.6542709e+06 -4.0410002e+06 
-2.1518094e+07 -1.8840789e+06 -4.6006100e+06 
-1.8574986e+07 -1.4053211e+06 -3.5050745e+06 
4.9250165e+06 8.1361220e+06 8.5932090e+06 
-3.2906460e+06 3.5279472e+06 3.6478568e+06 
-2.3088396e+07 -2.0974390e+06 -5.1907330e+06 
-8.0357970e+06 1.5034892e+06 1.1451234e+06 
-1.7199508e+07 -1.1353628e+06 -2.9871440e+06 
2.1282168e+07 2.0986792e+07 2.1180996e+07 
-7.7899320e+07 -1.7981522e+07 -3.3846330e+06 
-1.1188800e+07 4.1985934e+05 -3.8424038e+05 
9.9664290e+06 1.1634142e+07 1.2046351e+07 
1.9196370e+07 1.9104088e+07 1.9329810e+07 
6.4006255e+06 9.1522500e+06 9.5806960e+06 
-2.4723316e+07 -2.2981740e+06 -5.8195710e+06 
-3.0742912e+07 -2.8665165e+06 -7.7979120e+06 
-1.5884636e+07 -8.4315019e+05 -2.4824585e+06 
-5.1345850e+06 2.7216990e+06 2.6371272e+06 
-3.9697060e+07 -3.7976660e+06 -1.0742654e+07 
1.5143941e+07 1.5692384e+07 1.5975752e+07 
1.3262964e+07 1.4194103e+07 1.4510386e+07 
-2.6418034e+07 -2.4916780e+06 -6.4969185e+06 
-3.5823804e+07 -3.3566395e+06 -9.6013470e+06 
-4.4754012e+07 -4.8232510e+06 -1.2459532e+07 
-1.4627136e+07 -5.2791419e+05 -1.9870388e+06 
7.8290015e+06 1.0190068e+07 1.0570673e+07 
1.6928440e+07 1.7188714e+07 1.7429088e+07 
-1.0106262e+07 8.1697656e+05 8.4807203e+04 
1.1285874e+07 1.2707545e+07 1.3038556e+07 
-7.0581230e+06 1.9579592e+06 1.6087754e+06 
9.4144169e+05 5.8552375e+06 6.1144005e+06 
2.0750414e+07 2.0548024e+07 2.0723552e+07 
-7.2160669e+05 4.9421945e+06 5.1188890e+06 
2.5453322e+06 6.8025690e+06 7.1066970e+06 
-5.6741768e+07 -6.6208395e+06 -1.3552412e+07 
-3.2648830e+07 -3.0904315e+06 -8.7421870e+06 
-2.8162358e+07 -2.6855698e+06 -7.2342695e+06 
-2.4486362e+06 4.0662412e+06 4.1171505e+06 
1.8615696e+07 1.8667418e+07 1.8861878e+07 
-1.3423561e+07 -1.8925989e+05 -1.4975476e+06 
4.0943992e+06 7.7807800e+06 8.0980295e+06 
9.2126090e+06 1.1244161e+07 1.1562842e+07 
-4.2448455e+06 3.2295632e+06 3.1054062e+06 
5.5924170e+06 8.7858540e+06 9.0898860e+06 
-9.0665260e+06 1.2370621e+06 5.5676381e+05 
1.4479257e+07 1.5271549e+07 1.5497846e+07 
-2.1211802e+07 -1.8563550e+06 -4.8264365e+06 
-3.7690420e+07 -3.7444520e+06 -1.0956743e+07 
1.2563951e+07 1.3783454e+07 1.4030220e+07 
-1.9760784e+07 -1.6125621e+06 -4.2580935e+06 
-2.9937548e+07 -2.8906222e+06 -8.0445315e+06 
-4.1330376e+07 -4.4555185e+06 -1.2596367e+07 
-1.2270401e+07 1.7290852e+05 -1.0111879e+06 
1.6298537e+07 1.6759978e+07 1.6954166e+07 
-2.2721568e+07 -2.0836038e+06 -5.4219215e+06 
2.0204466e+07 2.0111294e+07 2.0262928e+07 
-1.8368666e+07 -1.3496475e+06 -3.7110045e+06 
-6.1156230e+06 2.4337008e+06 2.0791134e+06 
2.2459032e+07 2.2054470e+07 2.1849844e+07 
-3.4499080e+07 -3.3696892e+06 -9.8137580e+06 
7.0425605e+06 9.8131740e+06 1.0082988e+07 
-2.4287856e+07 -2.2979540e+06 -6.0514170e+06 
-4.6366320e+07 -4.6317350e+06 -1.4347124e+07 
1.0553273e+07 1.2308549e+07 1.2556076e+07 
-1.7034232e+07 -1.0658345e+06 -3.1801525e+06 
1.8020720e+07 1.8233884e+07 1.8391450e+07 
-2.5905288e+07 -2.5044898e+06 -6.7228155e+06 
5.5559539e+04 5.5235150e+06 5.6012810e+06 
1.6828260e+06 6.4598500e+06 6.6016525e+06 
-1.6316665e+06 4.6214160e+06 4.5958845e+06 
-1.1164192e+07 5.5844275e+05 -5.2562619e+05 
-8.0662705e+06 1.6794958e+06 1.0329861e+06 
-1.5755409e+07 -7.5995575e+05 -2.6612768e+06 
-3.1711298e+07 -3.1219575e+06 -8.9407230e+06 
8.4473840e+06 1.0857531e+07 1.1077269e+07 
3.2544938e+06 7.4271930e+06 7.5993975e+06 
-3.3836548e+06 3.7561695e+06 3.5823252e+06 
-2.7563734e+07 -2.7102360e+06 -7.4449165e+06 
2.1692882e+07 2.1502340e+07 2.1618900e+07 
1.3801108e+07 1.4854702e+07 1.5018225e+07 
1.9644302e+07 1.9676802e+07 1.9799254e+07 
1.5654688e+07 1.6335008e+07 1.6477292e+07 
4.7743970e+06 8.4217110e+06 8.5961780e+06 
1.1852177e+07 1.3376727e+07 1.3548410e+07 
-3.9076132e+07 -4.3047820e+06 -1.2485489e+07 
-1.4529596e+07 -4.3131425e+05 -2.1507655e+06 
-5.2055120e+06 2.9297625e+06 2.5567332e+06 
-3.6178992e+07 -3.7391752e+06 -1.1018799e+07 
-4.2219120e+07 -4.3798235e+06 -1.4072304e+07 
1.7411554e+07 1.7803590e+07 1.7918672e+07 
-1.0101590e+07 9.6699156e+05 -3.8934281e+04 
9.8088060e+06 1.1913151e+07 1.2071865e+07 
6.2457915e+06 9.4389730e+06 9.5929060e+06 
-2.9245964e+07 -2.9248030e+06 -8.2269080e+06 
-3.3430106e+07 -3.4001610e+06 -9.9322380e+06 
-7.1024400e+06 2.1435188e+06 1.5145250e+06 
-1.3353902e+07 -7.9581430e+04 -1.6455670e+06 
2.1167262e+07 2.1071306e+07 2.1164908e+07 
-2.0933232e+07 -1.8335541e+06 -5.0143340e+06 
-2.2390476e+07 -2.0749528e+06 -5.6127740e+06 
1.9069930e+07 1.9244736e+07 1.9332682e+07 
-1.9529178e+07 -1.5754006e+06 -4.4395520e+06 
-8.3800862e+05 5.1920545e+06 5.0836650e+06 
8.1212500e+05 6.1179815e+06 6.0926770e+06 
7.6713220e+06 1.0473962e+07 1.0589737e+07 
-2.3898412e+07 -2.3029610e+06 -6.2405650e+06 
-2.5488982e+06 4.3002760e+06 4.0678422e+06 
1.3109865e+07 1.4441746e+07 1.4537046e+07 
2.4058840e+06 7.0750075e+06 7.0974035e+06 
1.4997158e+07 1.5913794e+07 1.5998636e+07 
-3.0924248e+07 -3.1610898e+06 -9.0769830e+06 
-1.8178894e+07 -1.2981049e+06 -3.8834142e+06 
-2.5451720e+07 -2.5222195e+06 -6.9040240e+06 
1.1128109e+07 1.2973743e+07 1.3065100e+07 
-9.0794240e+06 1.3980318e+06 4.5045434e+05 
-3.7496472e+07 -4.2354630e+06 -1.2319095e+07 
-4.3253140e+06 3.4450765e+06 3.0419770e+06 
-1.2225308e+07 2.9527734e+05 -1.1431138e+06 
3.9471588e+06 8.0594770e+06 8.0996555e+06 
1.6788352e+07 1.7376622e+07 1.7443720e+07 
-3.9921164e+07 -4.4221295e+06 -1.3611034e+07 
-1.6881640e+07 -1.0000275e+06 -3.3415595e+06 
-3.5008788e+07 -3.7508145e+06 -1.1015739e+07 
-2.7041024e+07 -2.7390252e+06 -7.6098690e+06 
9.0530090e+06 1.1521104e+07 1.1586052e+07 
-6.1722590e+06 2.6282460e+06 2.0021466e+06 
2.0627600e+07 2.0641626e+07 2.0707322e+07 
5.4392845e+06 9.0671380e+06 9.1005210e+06 
1.8481394e+07 1.8815268e+07 1.8863382e+07 
-1.5635822e+07 -6.8010669e+05 -2.8102270e+06 
-3.2555752e+07 -3.4356915e+06 -9.9991830e+06 
-1.1140789e+07 6.9305844e+05 -6.4126544e+05 
-2.8651178e+07 -2.9617720e+06 -8.3646455e+06 
1.4326247e+07 1.5496311e+07 1.5518381e+07 
1.2405934e+07 1.4032563e+07 1.4054481e+07 
-8.0947335e+06 1.8508909e+06 9.4377788e+05 
6.8850025e+06 1.0093157e+07 1.0100354e+07 
-6.6238953e+04 5.7766250e+06 5.5798755e+06 
-1.7387708e+06 4.8605275e+06 4.5616850e+06 
-1.4439294e+07 -3.3773012e+05 -2.2861942e+06 
1.6151299e+07 1.6953046e+07 1.6966784e+07 
1.0392238e+07 1.2574304e+07 1.2580442e+07 
1.5491306e+06 6.7238815e+06 6.5921360e+06 
-3.8450264e+07 -4.4864605e+06 -1.3219320e+07 
-3.4728600e+06 3.9784622e+06 3.5349402e+06 
-3.6320524e+07 -4.1978200e+06 -1.2155428e+07 
2.0073842e+07 2.0213554e+07 2.0246312e+07 
-3.0258972e+07 -3.2013520e+06 -9.1734810e+06 
3.1112812e+06 7.6988140e+06 7.6004040e+06 
2.2330700e+07 2.2100852e+07 2.1810650e+07 
-2.2093540e+07 -2.0677104e+06 -5.7698020e+06 
-5.2732370e+06 3.1326765e+06 2.4963468e+06 
-3.4077316e+07 -3.7679148e+06 -1.0986879e+07 
1.7878766e+07 1.8388556e+07 1.8391546e+07 
-2.0681880e+07 -1.8122579e+06 -5.1696415e+06 
-2.3551722e+07 -2.3091170e+06 -6.3949415e+06 
-1.0097395e+07 1.1133615e+06 -1.3826289e+05 
8.2864370e+06 1.1132145e+07 1.1098762e+07 
-1.3289593e+07 2.7360887e+04 -1.7667196e+06 
-1.9319210e+07 -1.5397354e+06 -4.5897635e+06 
-2.5051508e+07 -2.5406152e+06 -7.0501100e+06 
4.6236275e+06 8.6973430e+06 8.6059220e+06 
-7.1447910e+06 2.3247645e+06 1.4419710e+06 
-1.8006264e+07 -1.2479916e+06 -4.0259285e+06 
1.3642296e+07 1.5082508e+07 1.5036725e+07 
-2.6584570e+07 -2.7677410e+06 -7.7404510e+06 
1.1689756e+07 1.3627014e+07 1.3570709e+07 
-3.1830374e+07 -3.4712228e+06 -1.0037613e+07 
1.5500627e+07 1.6532907e+07 1.6488071e+07 
1.9505962e+07 1.9787330e+07 1.9782068e+07 
6.0890090e+06 9.7148100e+06 9.6092230e+06 
2.1562864e+07 2.1554808e+07 2.1579470e+07 
9.6450830e+06 1.2178194e+07 1.2094589e+07 
-1.6742568e+07 -9.3555781e+05 -3.4743832e+06 
-3.7374300e+07 -4.5275890e+06 -1.2909062e+07 
-1.2184093e+07 4.1514262e+05 -1.2494919e+06 
-2.8137916e+07 -2.9977295e+06 -8.4706580e+06 
-9.5177331e+05 5.4354595e+06 5.0633530e+06 
-9.0923130e+06 1.5556201e+06 3.6730784e+05 
1.7262166e+07 1.7964744e+07 1.7917392e+07 
-3.5402520e+07 -4.1746648e+06 -1.2010624e+07 
-2.6462858e+06 4.5286310e+06 4.0354785e+06 
6.8476650e+05 6.3734835e+06 6.0836810e+06 
-4.4031755e+06 3.6556980e+06 2.9973628e+06 
2.2673268e+06 7.3393880e+06 7.0985035e+06 
7.5096595e+06 1.0745999e+07 1.0610122e+07 
-1.5526835e+07 -6.0149838e+05 -2.9318462e+06 
-3.3317930e+07 -3.7863848e+06 -1.0949856e+07 
-2.9692338e+07 -3.2397428e+06 -9.2439330e+06 
-6.2271265e+06 2.8187278e+06 1.9456836e+06 
3.7994018e+06 8.3292610e+06 8.1091930e+06 
1.2945683e+07 1.4672314e+07 1.4553878e+07 
2.1029882e+07 2.1133182e+07 2.1125886e+07 
1.8923970e+07 1.9363180e+07 1.9314806e+07 
1.4836602e+07 1.6116231e+07 1.6007810e+07 
-1.1120137e+07 8.2536262e+05 -7.3258738e+05 
1.0961802e+07 1.3224939e+07 1.3085915e+07 
-1.4357243e+07 -2.4529706e+05 -2.3954792e+06 
-2.3243864e+07 -2.3138670e+06 -6.5205855e+06 
-2.1828314e+07 -2.0594136e+06 -5.8981480e+06 
-8.1229115e+06 2.0191244e+06 8.7654281e+05 
5.2839300e+06 9.3386080e+06 9.1164430e+06 
1.6631744e+07 1.7543948e+07 1.7441150e+07 
8.8871890e+06 1.1785179e+07 1.1607696e+07 
-2.4698618e+07 -2.5571418e+06 -7.1680685e+06 
-2.0456324e+07 -1.7901599e+06 -5.2967115e+06 
-3.1220720e+07 -3.5047918e+06 -1.0060108e+07 
-3.6530644e+07 -4.5502565e+06 -1.2664760e+07 
-2.6185372e+07 -2.7940350e+06 -7.8445575e+06 
-1.9130148e+07 -1.5034452e+06 -4.7124075e+06 
-3.4660424e+07 -4.1596388e+06 -1.1887060e+07 
-1.8440295e+06 5.0941880e+06 4.5432110e+06 
-1.8670845e+05 6.0234990e+06 5.5721195e+06 
-3.5601685e+06 4.1960925e+06 3.5051812e+06 
2.0482826e+07 2.0712566e+07 2.0668454e+07 
6.7232585e+06 1.0362380e+07 1.0120252e+07 
-1.3231651e+07 1.3323017e+05 -1.8628561e+06 
-1.0095113e+07 1.2575796e+06 -2.1443673e+05 
1.8327906e+07 1.8941318e+07 1.8844758e+07 
1.4158358e+06 6.9808760e+06 6.5940260e+06 
-2.7693142e+07 -3.0307310e+06 -8.5534500e+06 
-1.7850510e+07 -1.1973782e+06 -4.1416680e+06 
-5.3395365e+06 3.3317448e+06 2.4552955e+06 
1.2236826e+07 1.4265631e+07 1.4070058e+07 
1.4159536e+07 1.5703017e+07 1.5526241e+07 
-3.2686742e+07 -3.8048455e+06 -1.0912503e+07 
1.0222578e+07 1.2826154e+07 1.2600285e+07 
2.9671760e+06 7.9625665e+06 7.6104105e+06 
1.5987698e+07 1.7126274e+07 1.6963074e+07 
-7.1867710e+06 2.5030375e+06 1.3902415e+06 
-2.9206102e+07 -3.2749290e+06 -9.2967330e+06 
-1.6617057e+07 -8.7067881e+05 -3.5812840e+06 
8.1191190e+06 1.1395008e+07 1.1119913e+07 
4.4703515e+06 8.9642360e+06 8.6221020e+06 
-1.2147752e+07 5.3400125e+05 -1.3319294e+06 
-3.5840320e+07 -4.5622800e+06 -1.2469756e+07 
1.9921646e+07 2.0293250e+07 2.0207404e+07 
-9.1065270e+06 1.7111931e+06 3.0620378e+05 
1.7717858e+07 1.8521938e+07 1.8372184e+07 
-1.5428685e+07 -5.2255041e+05 -3.0284170e+06 
2.2178734e+07 2.2124422e+07 2.1747912e+07 
-3.0702496e+07 -3.5357188e+06 -1.0073574e+07 
-3.4045348e+07 -4.1501458e+06 -1.1783156e+07 
5.9278260e+06 9.9809910e+06 9.6292640e+06 
-2.7426080e+06 4.7525380e+06 4.0195458e+06 
1.1516180e+07 1.3862339e+07 1.3585488e+07 
-1.0648319e+06 5.6736325e+06 5.0575255e+06 
1.3469783e+07 1.5293239e+07 1.5043614e+07 
-2.2970726e+07 -2.3156278e+06 -6.6220695e+06 
-2.4387252e+07 -2.5703070e+06 -7.2629990e+06 
-4.4800955e+06 3.8626732e+06 2.9709262e+06 
-2.1591930e+07 -2.0484709e+06 -6.0018370e+06 
5.5732144e+05 6.6229655e+06 6.0870345e+06 
9.4726190e+06 1.2430457e+07 1.2114006e+07 
1.5330266e+07 1.6711792e+07 1.6483437e+07 
-2.5835390e+07 -2.8166198e+06 -7.9276970e+06 
-2.0254598e+07 -1.7657151e+06 -5.3990540e+06 
-1.1103193e+07 9.5671769e+05 -8.0100231e+05 
-6.2817115e+06 3.0064068e+06 1.9089232e+06 
2.1275032e+06 7.5969415e+06 7.1096380e+06 
-1.4283799e+07 -1.5258038e+05 -2.4805950e+06 
1.9346320e+07 1.9875516e+07 1.9742992e+07 
-3.2153976e+07 -3.8228650e+06 -1.0878124e+07 
-2.7305950e+07 -3.0598178e+06 -8.6186420e+06 
-1.8960674e+07 -1.4650636e+06 -4.8105330e+06 
2.1409418e+07 2.1584410e+07 2.1516524e+07 
7.3414585e+06 1.1007415e+07 1.0631382e+07 
1.7093944e+07 1.8105216e+07 1.7897360e+07 
-8.1520495e+06 2.1854645e+06 8.3027369e+05 
3.6488548e+06 8.5913770e+06 8.1262770e+06 
-3.5261028e+07 -4.5692490e+06 -1.2312061e+07 
-2.8785902e+07 -3.3063688e+06 -9.3370480e+06 
-1.7710778e+07 -1.1448909e+06 -4.2332805e+06 
1.2767741e+07 1.4886846e+07 1.4560193e+07 
-1.3180504e+07 2.3933744e+05 -1.9356976e+06 
1.0784240e+07 1.3462290e+07 1.3100393e+07 
5.1239585e+06 9.6015260e+06 9.1372570e+06 
1.4659734e+07 1.6300556e+07 1.6002523e+07 
-1.0095658e+07 1.4009019e+06 -2.6870453e+05 
-3.3526232e+07 -4.1448968e+06 -1.1696410e+07 
1.8756866e+07 1.9459624e+07 1.9275494e+07 
8.7124890e+06 1.2037621e+07 1.1627256e+07 
-1.9491839e+06 5.3236105e+06 4.5399615e+06 
-3.0257656e+07 -3.5638335e+06 -1.0081797e+07 
-3.6471632e+06 4.4102685e+06 3.4924455e+06 
2.0869336e+07 2.1172088e+07 2.1063428e+07 
-3.0773434e+05 6.2653610e+06 5.5775810e+06 
-1.6504576e+07 -8.0411169e+05 -3.6645662e+06 
-5.4058090e+06 3.5281720e+06 2.4328405e+06 
1.6456334e+07 1.7691304e+07 1.7420586e+07 
1.2809158e+06 7.2320745e+06 6.6069270e+06 
6.5548060e+06 1.0622117e+07 1.0142235e+07 
-7.2295485e+06 2.6795338e+06 1.3584260e+06 
-1.2116749e+07 6.5306206e+05 -1.3919385e+06 
-2.4112022e+07 -2.5792520e+06 -7.3386230e+06 
-2.2728250e+07 -2.3134308e+06 -6.7028510e+06 
-3.1698694e+07 -3.8403140e+06 -1.0847884e+07 
2.8200108e+06 8.2197135e+06 7.6290305e+06 
-2.5527560e+07 -2.8348132e+06 -7.9937195e+06 
-1.5341068e+07 -4.4207381e+05 -3.1019542e+06 
-2.1381346e+07 -2.0338625e+06 -6.0840100e+06 
1.2053851e+07 1.4483755e+07 1.4076243e+07 
-3.4766860e+07 -4.5743865e+06 -1.2183335e+07 
-9.1229380e+06 1.8659246e+06 2.6602897e+05 
-2.6967232e+07 -3.0845485e+06 -8.6699620e+06 
1.0041534e+07 1.3065310e+07 1.2614996e+07 
1.8153334e+07 1.9045826e+07 1.8805208e+07 
1.3976434e+07 1.5892587e+07 1.5520632e+07 
2.0315040e+07 2.0760564e+07 2.0606294e+07 
-2.0074432e+07 -1.7378942e+06 -5.4794835e+06 
4.3122545e+06 9.2236740e+06 8.6443160e+06 
7.9427765e+06 1.1647398e+07 1.1140208e+07 
-2.8420314e+07 -3.3338872e+06 -9.3680580e+06 
1.5805241e+07 1.7280330e+07 1.6942180e+07 
-3.3082124e+07 -4.1430970e+06 -1.1624325e+07 
-1.8809102e+07 -1.4235786e+06 -4.8866450e+06 
-1.4218817e+07 -5.8471230e+04 -2.5433112e+06 
-2.8393920e+06 4.9731855e+06 4.0194785e+06 
-1.1090437e+07 1.0882506e+06 -8.4784731e+05 
-4.5574080e+06 4.0671702e+06 2.9619880e+06 
-1.1788861e+06 5.9077840e+06 5.0657000e+06 
-2.9872482e+07 -3.5891498e+06 -1.0086797e+07 
-6.3371220e+06 3.1924278e+06 1.8910409e+06 
4.2792016e+05 6.8676660e+06 6.1023105e+06 
5.7597740e+06 1.0238819e+07 9.6525870e+06 
1.9746486e+07 2.0350168e+07 2.0145412e+07 
-1.7585810e+07 -1.0895500e+06 -4.3029885e+06 
1.7535824e+07 1.8634346e+07 1.8332460e+07 
1.1328598e+07 1.4083855e+07 1.3592032e+07 
-8.1829795e+06 2.3510248e+06 8.0397431e+05 
1.9843758e+06 7.8489345e+06 7.1304055e+06 
1.3280747e+07 1.5487878e+07 1.5038071e+07 
9.2886290e+06 1.2671199e+07 1.2129512e+07 
2.2002744e+07 2.2124432e+07 2.1660918e+07 
-1.3136113e+07 3.4672306e+05 -1.9868060e+06 
-3.1305590e+07 -3.8571350e+06 -1.0821915e+07 
-3.4340464e+07 -4.5794475e+06 -1.2077688e+07 
1.5140927e+07 1.6872396e+07 1.6462477e+07 
7.1640935e+06 1.1259523e+07 1.0653017e+07 
-1.6404185e+07 -7.3491594e+05 -3.7262022e+06 
3.4933080e+06 8.8471220e+06 8.1505045e+06 
-1.0099512e+07 1.5443919e+06 -3.0225391e+05 
-2.3868000e+07 -2.5834978e+06 -7.3976590e+06 
-2.5255694e+07 -2.8482760e+06 -8.0453255e+06 
-2.2512536e+07 -2.3066958e+06 -6.7655460e+06 
1.9163662e+07 1.9941210e+07 1.9681102e+07 
-2.6669330e+07 -3.1047508e+06 -8.7098850e+06 
1.6904476e+07 1.8225394e+07 1.7857594e+07 
-3.7351350e+06 4.6221385e+06 3.4961122e+06 
-2.1193496e+07 -2.0149424e+06 -6.1471135e+06 
-2.0557299e+06 5.5499795e+06 4.5514120e+06 
-3.2698074e+07 -4.1441588e+06 -1.1564650e+07 
2.1231786e+07 2.1590312e+07 2.1429270e+07 
-5.4731175e+06 3.7230700e+06 2.4282372e+06 
4.9569820e+06 9.8572160e+06 9.1625350e+06 
-2.8100094e+07 -3.3574700e+06 -9.3917080e+06 
-4.3100750e+05 6.5034315e+06 5.5958035e+06 
1.0592512e+07 1.3687005e+07 1.3107827e+07 
-1.2091116e+07 7.7330950e+05 -1.4309026e+06 
-1.5263279e+07 -3.5916744e+05 -3.1542090e+06 
1.2573103e+07 1.5086387e+07 1.4555155e+07 
-7.2739230e+06 2.8553235e+06 1.3456328e+06 
-1.9913408e+07 -1.7060145e+06 -5.5402500e+06 
8.5261240e+06 1.2279731e+07 1.1644148e+07 
1.1424864e+06 7.4787360e+06 6.6304245e+06 
1.4463704e+07 1.6467574e+07 1.5981822e+07 
-2.9536270e+07 -3.6117290e+06 -1.0089578e+07 
-9.1420240e+06 2.0208309e+06 2.4572650e+05 
1.8566600e+07 1.9533992e+07 1.9213706e+07 
-1.8673510e+07 -1.3782912e+06 -4.9427910e+06 
6.3770715e+06 1.0873709e+07 1.0165823e+07 
-3.3969332e+07 -4.5853270e+06 -1.1990796e+07 
2.6677040e+06 8.4715530e+06 7.6558655e+06 
2.0684492e+07 2.1187264e+07 2.0976590e+07 
1.6259478e+07 1.7819148e+07 1.7380978e+07 
-1.4161761e+07 3.7895496e+04 -2.5851852e+06 
-3.0963060e+07 -3.8732692e+06 -1.0799846e+07 
-1.1081951e+07 1.2209019e+06 -8.7435081e+05 
-1.7474070e+07 -1.0306532e+06 -4.3526445e+06 
1.1853980e+07 1.4688042e+07 1.4072201e+07 
9.8461610e+06 1.3293031e+07 1.2623885e+07 
4.1470512e+06 9.4769930e+06 8.6721520e+06 
-4.6361485e+06 4.2702830e+06 2.9698815e+06 
-2.9379070e+06 5.1917155e+06 4.0347172e+06 
1.3773939e+07 1.6065899e+07 1.5500577e+07 
-6.3941345e+06 3.3778338e+06 1.8912421e+06 
-1.2954270e+06 6.1391050e+06 5.0873995e+06 
7.7546445e+06 1.1890654e+07 1.1159090e+07 
-3.2362880e+07 -4.1475965e+06 -1.1515400e+07 
-2.5014340e+07 -2.8568595e+06 -8.0844100e+06 
1.7955368e+07 1.9128794e+07 1.8743590e+07 
-2.3650688e+07 -2.5827908e+06 -7.4420975e+06 
-2.6405726e+07 -3.1203860e+06 -8.7400500e+06 
2.0122746e+07 2.0784942e+07 2.0519752e+07 
2.9485409e+05 7.1088230e+06 6.1290865e+06 
-8.2161770e+06 2.5167875e+06 7.9670581e+05 
-1.3098070e+07 4.5622159e+05 -2.0175681e+06 
-2.2319896e+07 -2.2950825e+06 -6.8121335e+06 
-1.6314647e+07 -6.6239319e+05 -3.7678620e+06 
-2.7817628e+07 -3.3771645e+06 -9.4091580e+06 
1.5601073e+07 1.7415758e+07 1.6902992e+07 
5.5823555e+06 1.0489657e+07 9.6787410e+06 
-2.1025350e+07 -1.9913042e+06 -6.1930520e+06 
1.8360146e+06 8.0966565e+06 7.1604150e+06 
-1.0106794e+07 1.6889571e+06 -3.1617559e+05 
-2.9240430e+07 -3.6316282e+06 -1.0090547e+07 
-3.3643896e+07 -4.5924255e+06 -1.1919345e+07 
1.1123909e+07 1.4292735e+07 1.3589523e+07 
9.0901570e+06 1.2901729e+07 1.2140452e+07 
-1.9769034e+07 -1.6696218e+06 -5.5831465e+06 
1.3072052e+07 1.5667375e+07 1.5019109e+07 
1.7330086e+07 1.8725872e+07 1.8271148e+07 
-1.5194307e+07 -2.7314000e+05 -3.1866842e+06 
1.9546518e+07 2.0383706e+07 2.0059114e+07 
-3.0661984e+07 -3.8886348e+06 -1.0781065e+07 
3.3306022e+06 9.0978300e+06 8.1814870e+06 
-1.2070540e+07 8.9555388e+05 -1.4500572e+06 
6.9748465e+06 1.1503694e+07 1.0674509e+07 
-3.8251090e+06 4.8327910e+06 3.5155948e+06 
-5.5422270e+06 3.9174665e+06 2.4407862e+06 
-2.1649382e+06 5.7744415e+06 4.5770695e+06 
1.4929557e+07 1.7015348e+07 1.6424041e+07 
-1.8551840e+07 -1.3287140e+06 -4.9806375e+06 
2.1801842e+07 2.2099598e+07 2.1548452e+07 
-7.3203700e+06 3.0313682e+06 1.3510336e+06 
-5.5804006e+05 6.7389175e+06 5.6263645e+06 
-3.2067772e+07 -4.1529812e+06 -1.1474828e+07 
4.7806005e+06 1.0107050e+07 9.1918610e+06 
-9.1639310e+06 2.1767970e+06 2.4433180e+05 
-1.4111795e+07 1.3720384e+05 -2.6075668e+06 
9.9879138e+05 7.7221270e+06 6.6641415e+06 
1.8955812e+07 1.9983908e+07 1.9595058e+07 
1.0383468e+07 1.3900319e+07 1.3107428e+07 
1.6690922e+07 1.8325458e+07 1.7796792e+07 
-1.7373840e+07 -9.6769044e+05 -4.3837820e+06 
-2.6170792e+07 -3.1314758e+06 -8.7615280e+06 
-2.4798652e+07 -2.8605160e+06 -8.1122985e+06 
1.2358519e+07 1.5271969e+07 1.4537788e+07 
8.3251480e+06 1.2512863e+07 1.1657756e+07 
-2.7566498e+07 -3.3930312e+06 -9.4210590e+06 
-1.1077493e+07 1.3554641e+06 -8.8161012e+05 
-2.3455958e+07 -2.5770078e+06 -7.4733945e+06 
2.1028716e+07 2.1571168e+07 2.1316410e+07 
-3.3356480e+07 -4.6008555e+06 -1.1860690e+07 
2.5082468e+06 8.7194080e+06 7.6905550e+06 
1.4245283e+07 1.6618000e+07 1.5944537e+07 
-2.8977890e+07 -3.6488808e+06 -1.0089750e+07 
6.1874065e+06 1.1118553e+07 1.0190547e+07 
-2.2146836e+07 -2.2783970e+06 -6.8441115e+06 
-4.7170825e+06 4.4730345e+06 2.9940030e+06 
-1.6234509e+07 -5.8601694e+05 -3.7909468e+06 
-6.4532290e+06 3.5635748e+06 1.9088066e+06 
-3.0391868e+06 5.4092220e+06 4.0647595e+06 
-2.0873954e+07 -1.9626936e+06 -6.2233050e+06 
-1.3065670e+07 5.6851138e+05 -2.0291926e+06 
-3.0394952e+07 -3.9031240e+06 -1.0764841e+07 
1.8350678e+07 1.9585874e+07 1.9127994e+07 
-1.4157506e+06 6.3687580e+06 5.1222045e+06 
3.9724668e+06 9.7255640e+06 8.7052410e+06 
1.6038097e+07 1.7927758e+07 1.7320964e+07 
-8.2518100e+06 2.6836242e+06 8.0762294e+05 
2.0473706e+07 2.1177458e+07 2.0863922e+07 
9.6332840e+06 1.3510614e+07 1.2626210e+07 
1.1633874e+07 1.4879605e+07 1.4056982e+07 
-1.9638798e+07 -1.6284120e+06 -5.6095985e+06 
-3.1805614e+07 -4.1599212e+06 -1.1441374e+07 
1.5656134e+05 7.3476705e+06 6.1670040e+06 
7.5518155e+06 1.2126169e+07 1.1176003e+07 
-1.0117314e+07 1.8353789e+06 -3.1143819e+05 
1.3548664e+07 1.6223763e+07 1.5464906e+07 
-1.5132909e+07 -1.8345253e+05 -3.2006528e+06 
5.3930170e+06 1.0734914e+07 9.7073150e+06 
1.6805828e+06 8.3414070e+06 7.1993405e+06 
1.7731212e+07 1.9189918e+07 1.8658364e+07 
-1.2054420e+07 1.0204701e+06 -1.4504786e+06 
-1.8441942e+07 -1.2745024e+06 -5.0015315e+06 
-3.3100680e+07 -4.6105570e+06 -1.1812641e+07 
1.9903928e+07 2.0784546e+07 2.0407240e+07 
1.5371892e+07 1.7532942e+07 1.6844114e+07 
-2.5959580e+07 -3.1380620e+06 -8.7749940e+06 
-2.7341188e+07 -3.4051222e+06 -9.4277280e+06 
-2.4604274e+07 -2.8592470e+06 -8.1299065e+06 
-5.6136315e+06 4.1123098e+06 2.4698758e+06 
-3.9178672e+06 5.0432540e+06 3.5503895e+06 
3.1586118e+06 9.3448670e+06 8.2189045e+06 
-7.3690790e+06 3.2085332e+06 1.3739002e+06 
-2.8742670e+07 -3.6634910e+06 -1.0087011e+07 
8.8740270e+06 1.3123401e+07 1.2146142e+07 
1.0898706e+07 1.4490168e+07 1.3577054e+07 
-2.3280010e+07 -2.5660965e+06 -7.4926085e+06 
-2.2778725e+06 5.9981055e+06 4.6165235e+06 
-1.4067841e+07 2.4000305e+05 -2.6116052e+06 
-1.7283266e+07 -9.0028394e+05 -4.3976580e+06 
-9.1885130e+06 2.3345980e+06 2.6099956e+05 
6.7708725e+06 1.1741353e+07 1.0695369e+07 
1.2840175e+07 1.5832642e+07 1.4985575e+07 
-3.0155766e+07 -3.9166078e+06 -1.0750397e+07 
-2.1990052e+07 -2.2565312e+06 -6.8626080e+06 
-6.9017962e+05 6.9730065e+06 5.6689280e+06 
1.7097558e+07 1.8796322e+07 1.8186632e+07 
1.9319364e+07 2.0392826e+07 1.9946792e+07 
-1.1076541e+07 1.4926114e+06 -8.7057619e+05 
4.5923840e+06 1.0352445e+07 9.2248900e+06 
-3.1570412e+07 -4.1680495e+06 -1.1413631e+07 
1.4692650e+07 1.7141142e+07 1.6366720e+07 
-2.0736430e+07 -1.9289498e+06 -6.2390170e+06 
8.4818831e+05 7.9635145e+06 6.7077920e+06 
-1.6162155e+07 -5.0538225e+05 -3.7966172e+06 
2.1574566e+07 2.2048026e+07 2.1408704e+07 
-1.3037968e+07 6.8415081e+05 -2.0227094e+06 
1.0153660e+07 1.4103500e+07 1.3098352e+07 
8.1064130e+06 1.2738424e+07 1.1667476e+07 
-3.2870992e+07 -4.6213660e+06 -1.1773328e+07 
-1.9520192e+07 -1.5821764e+06 -5.6207300e+06 
2.3396855e+06 8.9646220e+06 7.7328360e+06 
1.2120356e+07 1.5444599e+07 1.4506974e+07 
-4.8007285e+06 4.6763795e+06 3.0338532e+06 
-6.5146205e+06 3.7505170e+06 1.9431240e+06 
1.6449925e+07 1.8405344e+07 1.7713286e+07 
1.8720044e+07 2.0002682e+07 1.9483028e+07 
5.9830560e+06 1.1358094e+07 1.0215996e+07 
-3.1440468e+06 5.6267460e+06 4.1092090e+06 
-8.2897710e+06 2.8523092e+06 8.3600238e+05 
1.4000778e+07 1.6752450e+07 1.5889264e+07 
-1.5409724e+06 6.5978740e+06 5.1698055e+06 
-1.0130617e+07 1.9843326e+06 -2.8887003e+05 
-1.5077660e+07 -8.9677281e+04 -3.1971758e+06 
-2.7136862e+07 -3.4134708e+06 -9.4292520e+06 
-2.5767674e+07 -3.1401865e+06 -8.7808460e+06 
2.0798376e+07 2.1525030e+07 2.1176050e+07 
-2.8529596e+07 -3.6754352e+06 -1.0082015e+07 
-1.8341612e+07 -1.2154060e+06 -5.0065530e+06 
3.7862178e+06 9.9707990e+06 8.7433080e+06 
-2.4427234e+07 -2.8530732e+06 -8.1378505e+06 
-2.9939098e+07 -3.9289375e+06 -1.0736939e+07 
1.1614823e+04 7.5854280e+06 6.2158200e+06 
-1.2041911e+07 1.1486252e+06 -1.4330795e+06 
-2.3119304e+07 -2.5500402e+06 -7.5004980e+06 
9.3994360e+06 1.3719400e+07 1.2621205e+07 
1.8106036e+07 1.9614476e+07 1.9016436e+07 
1.5788575e+07 1.8017206e+07 1.7238844e+07 
7.3311950e+06 1.2355392e+07 1.1190429e+07 
1.1389808e+07 1.5059550e+07 1.4029527e+07 
-3.1356980e+07 -4.1770172e+06 -1.1390310e+07 
-2.1846394e+07 -2.2294250e+06 -6.8684625e+06 
1.5163234e+06 8.5844950e+06 7.2469795e+06 
-1.7200394e+07 -8.2814700e+05 -4.3952925e+06 
2.0234742e+07 2.1140838e+07 2.0723378e+07 
5.1891230e+06 1.0976051e+07 9.7379860e+06 
-1.4028626e+07 3.4674025e+05 -2.5982598e+06 
1.3296750e+07 1.6366916e+07 1.5412239e+07 
-5.6875760e+06 4.3084720e+06 2.5150185e+06 
-7.4199795e+06 3.3875958e+06 1.4136336e+06 
-4.0139640e+06 5.2544955e+06 3.6001180e+06 
-3.2662552e+07 -4.6330530e+06 -1.1741107e+07 
-9.2153680e+06 2.4949135e+06 2.9502469e+05 
-2.0609982e+07 -1.8899671e+06 -6.2410640e+06 
-2.3954000e+06 6.2220350e+06 4.6694945e+06 
2.9752265e+06 9.5896210e+06 8.2625620e+06 
1.7477472e+07 1.9228546e+07 1.8547530e+07 
-1.1078334e+07 1.6329190e+06 -8.4204381e+05 
1.5113841e+07 1.7632088e+07 1.6763836e+07 
-1.6095838e+07 -4.2017116e+05 -3.7858208e+06 
8.6367860e+06 1.3337622e+07 1.2145915e+07 
-8.2861912e+05 7.2068620e+06 5.7232955e+06 
1.0649200e+07 1.4677362e+07 1.3553645e+07 
1.9655952e+07 2.0757672e+07 2.0266578e+07 
6.5491600e+06 1.1973982e+07 1.0715182e+07 
-1.9410716e+07 -1.5307668e+06 -5.6174195e+06 
-1.3013809e+07 8.0360350e+05 -1.9989724e+06 
-2.6949196e+07 -3.4180868e+06 -9.4255610e+06 
-2.8334098e+07 -3.6846635e+06 -1.0074356e+07 
1.2581114e+07 1.5984541e+07 1.4936141e+07 
-2.5591070e+07 -3.1378788e+06 -8.7792790e+06 
6.8913838e+05 8.2041610e+06 6.7612360e+06 
4.3898430e+06 1.0594859e+07 9.2613960e+06 
-2.9740260e+07 -3.9399495e+06 -1.0723669e+07 
-2.4263872e+07 -2.8420152e+06 -8.1365225e+06 
1.6834536e+07 1.8845200e+07 1.8076856e+07 
-3.1160736e+07 -4.1864870e+06 -1.1370213e+07 
-6.5782760e+06 3.9394450e+06 1.9937258e+06 
-4.8873705e+06 4.8812025e+06 3.0890775e+06 
-1.8248606e+07 -1.1512368e+06 -4.9965565e+06 
-8.3297040e+06 3.0235272e+06 8.8126619e+05 
-1.5026979e+07 8.5302598e+03 -3.1771195e+06 
1.4426125e+07 1.7250134e+07 1.6288814e+07 
1.9062004e+07 2.0375964e+07 1.9806146e+07 
-2.2970514e+07 -2.5288355e+06 -7.4975900e+06 
2.1601095e+06 9.2085530e+06 7.7825970e+06 
-3.2530930e+06 5.8452770e+06 4.1678190e+06 
-1.0146007e+07 2.1364020e+06 -2.4914533e+05 
7.8665080e+06 1.2957879e+07 1.1672753e+07 
9.8992620e+06 1.4297850e+07 1.3079719e+07 
-3.2470986e+07 -4.6453485e+06 -1.1714498e+07 
5.7611240e+06 1.1593839e+07 1.0241871e+07 
-1.6720344e+06 6.8275495e+06 5.2300520e+06 
-2.1712854e+07 -2.1970405e+06 -6.8622880e+06 
-1.2031958e+07 1.2804968e+06 -1.3986051e+06 
1.1854489e+07 1.5605270e+07 1.4461462e+07 
2.1318794e+07 2.1967088e+07 2.1239170e+07 
-1.7123194e+07 -7.5105656e+05 -4.3774965e+06 
1.6177478e+07 1.8464714e+07 1.7604986e+07 
3.5859902e+06 1.0214143e+07 8.7862330e+06 
-1.4128545e+05 7.8233025e+06 6.2754600e+06 
1.8452950e+07 1.9996130e+07 1.9342612e+07 
-1.3992705e+07 4.5778209e+05 -2.5683080e+06 
1.3725905e+07 1.6871436e+07 1.5814338e+07 
-2.0491878e+07 -1.8456714e+06 -6.2301030e+06 
-7.4727590e+06 3.5692495e+06 1.4697901e+06 
2.0538262e+07 2.1449234e+07 2.1005602e+07 
-5.7640690e+06 4.5067510e+06 2.5758860e+06 
9.1407880e+06 1.3920782e+07 1.2608113e+07 
-2.8152054e+07 -3.6911020e+06 -1.0063566e+07 
7.0894470e+06 1.2579840e+07 1.1201945e+07 
1.3415489e+06 8.8272380e+06 7.3033080e+06 
-9.2438570e+06 2.6583348e+06 3.4585928e+05 
-2.6774258e+07 -3.4189565e+06 -9.4164710e+06 
-2.9555048e+07 -3.9494652e+06 -1.0709796e+07 
-4.1137345e+06 5.4674205e+06 3.6645685e+06 
1.1117567e+07 1.5228999e+07 1.3988684e+07 
-1.6033702e+07 -3.3013022e+05 -3.7593122e+06 
-2.5426084e+07 -3.1311495e+06 -8.7703390e+06 
4.9679220e+06 1.1214582e+07 9.7705810e+06 
-1.9307884e+07 -1.4740718e+06 -5.6003360e+06 
-1.1081895e+07 1.7768761e+06 -7.9664425e+05 
-3.0977542e+07 -4.1961300e+06 -1.1352215e+07 
1.5506621e+07 1.8087324e+07 1.7132520e+07 
1.7828898e+07 1.9618562e+07 1.8876542e+07 
-2.5181972e+06 6.4472485e+06 4.7358805e+06 
-2.4110766e+07 -2.8260850e+06 -8.1261430e+06 
1.3013735e+07 1.6496033e+07 1.5340979e+07 
-3.2292286e+07 -4.6579555e+06 -1.1692149e+07 
-1.2991859e+07 9.2725394e+05 -1.9586636e+06 
2.7783360e+06 9.8335150e+06 8.3124500e+06 
1.9964658e+07 2.1074888e+07 2.0552220e+07 
-9.7440100e+05 7.4416210e+06 5.7894610e+06 
-2.2830484e+07 -2.5024778e+06 -7.4842305e+06 
-1.8160646e+07 -1.0818491e+06 -4.9722000e+06 
8.3746300e+06 1.3545870e+07 1.2139157e+07 
-1.4979155e+07 1.1144880e+05 -3.1411698e+06 
6.3064830e+06 1.2203138e+07 1.0733670e+07 
1.7190012e+07 1.9243628e+07 1.8408540e+07 
1.0371114e+07 1.4855563e+07 1.3518269e+07 
1.4822361e+07 1.7713222e+07 1.6660076e+07 
5.2020084e+05 8.4453260e+06 6.8245380e+06 
-2.1586522e+07 -2.1593490e+06 -6.8445120e+06 
-6.6439250e+06 4.1310632e+06 2.0603140e+06 
-8.3710180e+06 3.1978782e+06 9.4300181e+05 
4.1704030e+06 1.0835806e+07 9.3013410e+06 
-4.9770645e+06 5.0883190e+06 3.1595000e+06 
-1.0162569e+07 2.2920852e+06 -1.9277316e+05 
1.9375436e+07 2.0701972e+07 2.0094888e+07 
1.2290253e+07 1.6123908e+07 1.4869302e+07 
-3.3667250e+06 6.0657465e+06 4.2405360e+06 
-1.2023313e+07 1.4164828e+06 -1.3476330e+06 
-1.7049564e+07 -6.6883612e+05 -4.3448980e+06 
1.9676394e+06 9.4525830e+06 7.8399425e+06 
-2.0379436e+07 -1.7960045e+06 -6.2066095e+06 
-2.7979700e+07 -3.6946542e+06 -1.0049134e+07 
-2.9379626e+07 -3.9572938e+06 -1.0694533e+07 
-2.6608428e+07 -3.4160420e+06 -9.4017130e+06 
-1.8097050e+06 7.0588410e+06 5.3030025e+06 
-3.0803608e+07 -4.2056225e+06 -1.1335244e+07 
1.6536528e+07 1.8871654e+07 1.7939238e+07 
-1.3958483e+07 5.7342712e+05 -2.5223555e+06 
1.4125178e+07 1.7342544e+07 1.6188291e+07 
7.6016935e+06 1.3172778e+07 1.1673135e+07 
-2.5269278e+07 -3.1199898e+06 -8.7539540e+06 
9.6159700e+06 1.4484738e+07 1.3050653e+07 
5.5185270e+06 1.1827369e+07 1.0268051e+07 
-3.2122748e+07 -4.6705595e+06 -1.1672797e+07 
1.8770620e+07 2.0330956e+07 1.9634180e+07 
-3.0331238e+05 8.0624830e+06 6.3460770e+06 
-1.9209212e+07 -1.4120039e+06 -5.5699740e+06 
1.1556178e+07 1.5754985e+07 1.4399870e+07 
-2.3964690e+07 -2.8052792e+06 -8.1067945e+06 
3.3694198e+06 1.0457092e+07 8.8341190e+06 
-1.5973794e+07 -2.3505730e+05 -3.7176720e+06 
-7.5268670e+06 3.7541025e+06 1.5421054e+06 
-9.2731140e+06 2.8253672e+06 4.1312744e+05 
-5.8428840e+06 4.7078650e+06 2.6523402e+06 
-1.1086041e+07 1.9248901e+06 -7.3483988e+05 
1.5868756e+07 1.8502936e+07 1.7469304e+07 
2.1031644e+07 2.1853298e+07 2.1036524e+07 
-4.2172920e+06 5.6828660e+06 3.7437352e+06 
-2.2696194e+07 -2.4709558e+06 -7.4606165e+06 
1.1546376e+06 9.0709610e+06 7.3685445e+06 
1.3415636e+07 1.6975378e+07 1.5717811e+07 
1.8150290e+07 1.9962292e+07 1.9170714e+07 
-1.2970614e+07 1.0554150e+06 -1.9022961e+06 
6.8229335e+06 1.2801124e+07 1.1210278e+07 
8.8530450e+06 1.4116241e+07 1.2586234e+07 
-2.6467450e+06 6.6747140e+06 4.8158045e+06 
-1.8075422e+07 -1.0071277e+06 -4.9339740e+06 
4.7265120e+06 1.1452100e+07 9.8051470e+06 
-2.1464576e+07 -2.1163218e+06 -6.8154095e+06 
1.0812317e+07 1.5389119e+07 1.3933224e+07 
-1.4932353e+07 2.1930025e+05 -3.0898440e+06 
2.0245068e+07 2.1340264e+07 2.0801648e+07 
-1.1284112e+06 7.6783925e+06 5.8676620e+06 
2.5658178e+06 1.0078009e+07 8.3688150e+06 
-2.9210442e+07 -3.9632315e+06 -1.0677099e+07 
1.5187087e+07 1.8137716e+07 1.6999430e+07 
-3.0635418e+07 -4.2146420e+06 -1.1318274e+07 
-2.7813534e+07 -3.6952035e+06 -1.0030514e+07 
1.7514596e+07 1.9596400e+07 1.8705152e+07 
-2.6448314e+07 -3.4092818e+06 -9.3809470e+06 
-3.1958896e+07 -4.6828345e+06 -1.1655252e+07 
1.2694391e+07 1.6611742e+07 1.5249289e+07 
-8.4128880e+06 3.3758740e+06 1.0209806e+06 
-6.7110565e+06 4.3259910e+06 2.1427875e+06 
-1.0179174e+07 2.4517955e+06 -1.2008789e+05 
-2.0270012e+07 -1.7409169e+06 -6.1709050e+06 
-1.6977340e+07 -5.8134719e+05 -4.2979610e+06 
3.4003644e+05 8.6882680e+06 6.8980305e+06 
-2.5117410e+07 -3.1043678e+06 -8.7299600e+06 
-5.0696335e+06 5.2984660e+06 3.2451605e+06 
-1.2014540e+07 1.5569048e+06 -1.2805712e+06 
6.0393450e+06 1.2430477e+07 1.0750756e+07 
8.0833155e+06 1.3749728e+07 1.2125365e+07 
1.9659646e+07 2.0976284e+07 2.0346866e+07 
3.9313810e+06 1.1076870e+07 9.3449470e+06 
1.0059560e+07 1.5026099e+07 1.3469882e+07 
-3.4851252e+06 6.2890250e+06 4.3275435e+06 
-1.3924219e+07 6.9391056e+05 -2.4608420e+06 
-2.3822558e+07 -2.7795775e+06 -8.0784510e+06 
1.4492001e+07 1.7776186e+07 1.6530332e+07 
1.6863750e+07 1.9233674e+07 1.8238190e+07 
-1.9112222e+07 -1.3444920e+06 -5.5266755e+06 
1.7604252e+06 9.6981230e+06 7.9052620e+06 
-1.9545672e+06 7.2927650e+06 5.3889785e+06 
1.1962195e+07 1.6251590e+07 1.4783373e+07 
-1.5914066e+07 -1.3479622e+05 -3.6613198e+06 
-2.2564726e+07 -2.4342470e+06 -7.4268225e+06 
1.9058074e+07 2.0614338e+07 1.9888444e+07 
7.3078180e+06 1.3384798e+07 1.1668341e+07 
-9.3020480e+06 2.9964275e+06 4.9663841e+05 
5.2519550e+06 1.2060370e+07 1.0294667e+07 
-7.5815125e+06 3.9426732e+06 1.6305151e+06 
-4.7550041e+05 8.3041450e+06 6.4281125e+06 
-1.1089390e+07 2.0772858e+06 -6.5691894e+05 
9.2988800e+06 1.4665643e+07 1.3010323e+07 
-5.9235490e+06 4.9124470e+06 2.7444635e+06 
1.3784074e+07 1.7418474e+07 1.6062746e+07 
1.6198049e+07 1.8874464e+07 1.7770568e+07 
-3.0469672e+07 -4.2228660e+06 -1.1300308e+07 
-2.9044172e+07 -3.9670630e+06 -1.0656713e+07 
-1.7990590e+07 -9.2698319e+05 -4.8822155e+06 
3.1340788e+06 1.0701205e+07 8.8873650e+06 
-1.2948402e+07 1.1883282e+06 -1.8302178e+06 
-2.1344254e+07 -2.0679272e+06 -6.7751265e+06 
-3.1797460e+07 -4.6944440e+06 -1.1638376e+07 
-2.7650268e+07 -3.6926135e+06 -1.0007130e+07 
-4.3245135e+06 5.9015980e+06 3.8378570e+06 
1.1219894e+07 1.5894802e+07 1.4320697e+07 
1.8440404e+07 2.0254936e+07 1.9427052e+07 
-2.6290714e+07 -3.3985925e+06 -9.3537810e+06 
-1.4884619e+07 3.3225162e+05 -3.0235015e+06 
9.5404162e+05 9.3170070e+06 7.4432205e+06 
-2.7813102e+06 6.9053445e+06 4.9096625e+06 
-2.4967388e+07 -3.0842318e+06 -8.6981150e+06 
-2.0160990e+07 -1.6803646e+06 -6.1231785e+06 
6.5276430e+06 1.3020991e+07 1.1215388e+07 
1.5517878e+07 1.8519072e+07 1.7303056e+07 
1.3063980e+07 1.7064646e+07 1.5597415e+07 
-1.6904288e+07 -4.8848684e+05 -4.2370005e+06 
4.4618110e+06 1.1690298e+07 9.8420320e+06 
8.5313320e+06 1.4307401e+07 1.2554981e+07 
2.0709298e+07 2.1702104e+07 2.0796438e+07 
-1.2913604e+06 7.9182540e+06 5.9584425e+06 
1.7806754e+07 1.9898566e+07 1.8963408e+07 
-1.0194471e+07 2.6158565e+06 -3.1240654e+04 
-8.4542480e+06 3.5579322e+06 1.1151742e+06 
-2.3681408e+07 -2.7489425e+06 -8.0409910e+06 
2.3355362e+06 1.0324618e+07 8.4322360e+06 
-6.7789075e+06 4.5247550e+06 2.2412682e+06 
-1.2004019e+07 1.7020041e+06 -1.1976581e+06 
1.0468436e+07 1.5541179e+07 1.3861871e+07 
-5.1646445e+06 5.5122980e+06 3.3463478e+06 
-1.3888024e+07 8.1940269e+05 -2.3840492e+06 
-1.9014412e+07 -1.2714810e+06 -5.4706485e+06 
1.4742534e+05 8.9342460e+06 6.9823800e+06 
-2.2433240e+07 -2.3923190e+06 -7.3828205e+06 
1.4823716e+07 1.8167746e+07 1.6836460e+07 
1.9914494e+07 2.1193556e+07 2.0559750e+07 
-3.6082360e+06 6.5159135e+06 4.4293050e+06 
1.2332504e+07 1.6714686e+07 1.5135085e+07 
-3.0303246e+07 -4.2299685e+06 -1.1280374e+07 
-3.1635326e+07 -4.7050455e+06 -1.1621075e+07 
-1.5852371e+07 -2.9237432e+04 -3.5905280e+06 
-2.8877668e+07 -3.9685600e+06 -1.0632597e+07 
5.7439250e+06 1.2657800e+07 1.0766656e+07 
1.7157322e+07 1.9545682e+07 1.8498282e+07 
7.7580475e+06 1.3950948e+07 1.2104224e+07 
3.6699688e+06 1.1319733e+07 9.3927840e+06 
-2.7486786e+07 -3.6867290e+06 -9.9783840e+06 
9.7088660e+06 1.5190444e+07 1.3407469e+07 
-2.1069920e+06 7.5302920e+06 5.4886155e+06 
-2.1222838e+07 -2.0141314e+06 -6.7236990e+06 
1.5366586e+06 9.9466230e+06 7.9793115e+06 
-2.6132572e+07 -3.3838700e+06 -9.3197730e+06 
-1.7903754e+07 -8.4135288e+05 -4.8171310e+06 
1.9314822e+07 2.0840710e+07 2.0102696e+07 
-9.3293260e+06 3.1718342e+06 5.9639862e+05 
-1.1090347e+07 2.2342985e+06 -5.6299162e+05 
-7.6356450e+06 4.1353810e+06 1.7351761e+06 
1.4116147e+07 1.7820670e+07 1.6371609e+07 
-1.2923381e+07 1.3261595e+06 -1.7426132e+06 
1.6492383e+07 1.9196704e+07 1.8032484e+07 
1.1590539e+07 1.6368503e+07 1.4676492e+07 
-6.0053245e+06 5.1210380e+06 2.8525878e+06 
-2.4816242e+07 -3.0595095e+06 -8.6581130e+06 
-6.5871762e+05 8.5494490e+06 6.5223595e+06 
-1.4833869e+07 4.5041106e+05 -2.9423530e+06 
4.9578290e+06 1.2294671e+07 1.0322203e+07 
6.9802230e+06 1.3595795e+07 1.1658351e+07 
-2.0049756e+07 -1.6143110e+06 -6.0635050e+06 
-4.4350115e+06 6.1242990e+06 3.9474572e+06 
2.8774768e+06 1.0948128e+07 8.9467650e+06 
1.8698384e+07 2.0490734e+07 1.9642478e+07 
8.9423250e+06 1.4842234e+07 1.2958015e+07 
-2.3538360e+07 -2.7133218e+06 -7.9942160e+06 
-1.6828094e+07 -3.9019122e+05 -4.1621965e+06 
1.3395868e+07 1.7477948e+07 1.5909347e+07 
-2.9219130e+06 7.1399930e+06 5.0181740e+06 
7.3831175e+05 9.5667450e+06 7.5282595e+06 
1.5812311e+07 1.8851998e+07 1.7566876e+07 
-3.1469526e+07 -4.7142885e+06 -1.1602282e+07 
-3.0133166e+07 -4.2356200e+06 -1.1257517e+07 
1.0839093e+07 1.6025913e+07 1.4222355e+07 
-1.0206878e+07 2.7844920e+06 7.3808203e+04 
-2.8707932e+07 -3.9674822e+06 -1.0603966e+07 
-1.1989928e+07 1.8519345e+06 -1.0989620e+06 
-8.4937690e+06 3.7443658e+06 1.2257708e+06 
-1.8913268e+07 -1.1929342e+06 -5.4019835e+06 
-2.2298954e+07 -2.3451298e+06 -7.3284920e+06 
1.8065272e+07 2.0144186e+07 1.9179874e+07 
-1.4637452e+06 8.1622545e+06 6.0627110e+06 
-6.8464335e+06 4.7277790e+06 2.3561242e+06 
-1.3847858e+07 9.5000150e+05 -2.2921058e+06 
6.1991150e+06 1.3241385e+07 1.1217572e+07 
4.1705385e+06 1.1931011e+07 9.8819940e+06 
-2.7320104e+07 -3.6773782e+06 -9.9436500e+06 
8.1700495e+06 1.4496105e+07 1.2513971e+07 
2.0853612e+06 1.0574930e+07 8.5037230e+06 
-5.2613795e+06 5.7303760e+06 3.4636345e+06 
-1.5786457e+07 8.1675906e+04 -3.5054325e+06 
1.2663697e+07 1.7139612e+07 1.5450533e+07 
1.5117585e+07 1.8511874e+07 1.7102352e+07 
-2.5970952e+07 -3.3649915e+06 -9.2784420e+06 
-2.1097632e+07 -1.9549002e+06 -6.6610650e+06 
1.0079292e+07 1.5686642e+07 1.3773355e+07 
-5.8693180e+04 9.1845260e+06 7.0786665e+06 
-3.7357185e+06 6.7471395e+06 4.5466115e+06 
2.0346786e+07 2.1507632e+07 2.0513312e+07 
1.7415650e+07 1.9801594e+07 1.8715724e+07 
-1.7812468e+07 -7.5020575e+05 -4.7388035e+06 
-2.4661094e+07 -3.0301128e+06 -8.6095890e+06 
5.4160240e+06 1.2887106e+07 1.0781997e+07 
-1.1087095e+07 2.3960628e+06 -4.5298681e+05 
3.3832365e+06 1.1566205e+07 9.4458830e+06 
-9.3533570e+06 3.3517975e+06 7.1262262e+05 
-2.2670900e+06 7.7723445e+06 5.6029245e+06 
-1.2893526e+07 1.4689879e+06 -1.6395084e+06 
1.4408795e+07 1.8176572e+07 1.6639852e+07 
1.1920577e+07 1.6805596e+07 1.4996019e+07 
7.3933590e+06 1.4151526e+07 1.2075718e+07 
-7.6879255e+06 4.3325350e+06 1.8564858e+06 
-1.9933694e+07 -1.5427314e+06 -5.9918580e+06 
1.2946099e+06 1.0199590e+07 8.0633065e+06 
1.9540994e+07 2.1003242e+07 2.0274192e+07 
-1.4777884e+07 5.7381900e+05 -2.8464682e+06 
-2.3390606e+07 -2.6726508e+06 -7.9378560e+06 
-3.1297210e+07 -4.7218165e+06 -1.1580958e+07 
1.6749777e+07 1.9463448e+07 1.8250928e+07 
-6.0871640e+06 5.3340730e+06 2.9773245e+06 
-2.9956576e+07 -4.2394845e+06 -1.1230793e+07 
9.3123740e+06 1.5350318e+07 1.3330126e+07 
-1.6746363e+07 -2.8644316e+05 -4.0736072e+06 
-2.8532086e+07 -3.9635765e+06 -1.0570032e+07 
-8.5361262e+05 8.7995420e+06 6.6300385e+06 
-4.5480860e+06 6.3515645e+06 4.0733828e+06 
1.3686660e+07 1.7846254e+07 1.6180334e+07 
-2.7147348e+07 -3.6643728e+06 -9.9022830e+06 
-2.2159124e+07 -2.2926342e+06 -7.2636420e+06 
1.8923914e+07 2.0662622e+07 1.9813784e+07 
1.1167584e+07 1.6475736e+07 1.4546644e+07 
4.6322805e+06 1.2532297e+07 1.0351626e+07 
-1.8806230e+07 -1.1088405e+06 -5.3206660e+06 
2.5970885e+06 1.1199621e+07 9.0136160e+06 
6.6136490e+06 1.3807891e+07 1.1643542e+07 
1.6068007e+07 1.9130190e+07 1.7786434e+07 
-3.0682685e+06 7.3794470e+06 5.1424325e+06 
-1.1970233e+07 2.0067484e+06 -9.8438175e+05 
-1.0214551e+07 2.9578138e+06 1.9529536e+05 
-2.5803002e+07 -3.3418178e+06 -9.2292650e+06 
5.0615378e+05 9.8215760e+06 7.6250675e+06 
8.5396920e+06 1.5016469e+07 1.2893236e+07 
-1.3801507e+07 1.0857214e+06 -2.1849940e+06 
-8.5298300e+06 3.9353702e+06 1.3531881e+06 
-1.5713951e+07 1.9793745e+05 -3.4060425e+06 
-6.9122695e+06 4.9353735e+06 2.4879942e+06 
-2.0965954e+07 -1.8902074e+06 -6.5870810e+06 
1.8289362e+07 2.0325992e+07 1.9350888e+07 
1.2952032e+07 1.7520996e+07 1.5724779e+07 
-1.6457840e+06 8.4114090e+06 6.1818090e+06 
-2.4499134e+07 -2.9959395e+06 -8.5521290e+06 
1.0405930e+07 1.6149763e+07 1.4103219e+07 
1.5370814e+07 1.8802202e+07 1.7323250e+07 
-5.3587815e+06 5.9531580e+06 3.5979088e+06 
-1.7714216e+07 -6.5355200e+05 -4.6472105e+06 
3.8492222e+06 1.2176256e+07 9.9263370e+06 
5.8323770e+06 1.3464517e+07 1.1217617e+07 
-3.1115636e+07 -4.7272670e+06 -1.1556077e+07 
1.8132216e+06 1.0830624e+07 8.5848260e+06 
-2.9770726e+07 -4.2412195e+06 -1.1199264e+07 
7.7627090e+06 1.4684523e+07 1.2463169e+07 
-3.8668888e+06 6.9833465e+06 4.6806210e+06 
1.7637470e+07 1.9993968e+07 1.8886420e+07 
-2.3235382e+07 -2.6268585e+06 -7.8715840e+06 
-2.7914825e+05 9.4403870e+06 7.1884645e+06 
-1.9810166e+07 -1.4656211e+06 -5.9081220e+06 
-2.8347348e+07 -3.9565782e+06 -1.0529998e+07 
-1.1077560e+07 2.5625988e+06 -3.2664981e+05 
-1.2856603e+07 1.6167924e+06 -1.5207734e+06 
1.2205908e+07 1.7200764e+07 1.5274175e+07 
-9.3722490e+06 3.5364040e+06 8.4574194e+05 
1.4658793e+07 1.8479792e+07 1.6862426e+07 
-1.4714291e+07 7.0243512e+05 -2.7357855e+06 
9.6369640e+06 1.5827294e+07 1.3666504e+07 
-7.7366815e+06 4.5343195e+06 1.9950980e+06 
-2.6965736e+07 -3.6475100e+06 -9.8536160e+06 
-2.4346372e+06 8.0197935e+06 5.7333440e+06 
-1.6656595e+07 -1.7728405e+05 -3.9711790e+06 
3.0681760e+06 1.1818261e+07 9.5058770e+06 
5.0510435e+06 1.3120660e+07 1.0797989e+07 
1.6968464e+07 1.9667120e+07 1.8421370e+07 
-2.2011032e+07 -2.2347900e+06 -7.1880075e+06 
-6.1676605e+06 5.5518720e+06 3.1195880e+06 
1.9937656e+07 2.1262318e+07 2.0179938e+07 
1.0327051e+06 1.0458596e+07 8.1590275e+06 
6.9829815e+06 1.4353809e+07 1.2040300e+07 
-2.5625956e+07 -3.3141960e+06 -9.1716900e+06 
-1.8690692e+07 -1.0192248e+06 -5.2265905e+06 
1.1449438e+07 1.6885424e+07 1.4829503e+07 
1.3932683e+07 1.8163184e+07 1.6405056e+07 
-4.6626565e+06 6.5838895e+06 4.2168380e+06 
-1.0605265e+06 9.0555630e+06 6.7528685e+06 
8.8621770e+06 1.5507827e+07 1.3237197e+07 
-1.1942652e+07 2.1663820e+06 -8.5364850e+05 
1.9117402e+07 2.0761778e+07 1.9937604e+07 
1.6282677e+07 1.9345976e+07 1.7956790e+07 
-1.3746569e+07 1.2264775e+06 -2.0625566e+06 
-2.0825118e+07 -1.8200415e+06 -6.5015305e+06 
-1.0215353e+07 3.1358058e+06 3.3365856e+05 
-2.4327616e+07 -2.9568792e+06 -8.4852750e+06 
-3.0922148e+07 -4.7302695e+06 -1.1526627e+07 
-1.5632344e+07 3.1946347e+05 -3.2922512e+06 
-3.2197045e+06 7.6244220e+06 5.2839535e+06 
-8.5604670e+06 4.1310105e+06 1.4980858e+06 
4.2711690e+06 1.2775523e+07 1.0384563e+07 
2.2904312e+06 1.1457580e+07 9.0898590e+06 
-2.9572958e+07 -4.2404735e+06 -1.1161997e+07 
6.2021515e+06 1.4023568e+07 1.1624882e+07 
2.5652881e+05 1.0082944e+07 7.7356285e+06 
1.3193372e+07 1.7852508e+07 1.5952261e+07 
1.0683931e+07 1.6574707e+07 1.4391721e+07 
-1.7606398e+07 -5.5145588e+05 -4.5422345e+06 
-6.9746700e+06 5.1477215e+06 2.6378040e+06 
-2.8151026e+07 -3.9462110e+06 -1.0483059e+07 
1.8478844e+07 2.0434920e+07 1.9472510e+07 
-2.3069962e+07 -2.5758738e+06 -7.7950215e+06 
1.5580570e+07 1.9031000e+07 1.7493810e+07 
8.0831920e+06 1.5190741e+07 1.2815902e+07 
-1.8373142e+06 8.6666980e+06 6.3175715e+06 
-5.4553790e+06 6.1809900e+06 3.7504022e+06 
-1.9676506e+07 -1.3830070e+06 -5.8121075e+06 
-2.6772556e+07 -3.6265752e+06 -9.7969600e+06 
-1.2810149e+07 1.7694354e+06 -1.3861286e+06 
3.4942668e+06 1.2428274e+07 9.9770920e+06 
1.2441915e+07 1.7547774e+07 1.5505185e+07 
-1.1059379e+07 2.7337952e+06 -1.8354308e+05 
1.5172155e+06 1.1093488e+07 8.6777640e+06 
-1.4640542e+07 8.3612206e+05 -2.6101210e+06 
9.9108630e+06 1.6268222e+07 1.3961746e+07 
-4.0006282e+06 7.2250905e+06 4.8329005e+06 
1.7821982e+07 2.0113528e+07 1.9005860e+07 
5.4219200e+06 1.3692954e+07 1.1217019e+07 
-9.3837700e+06 3.7256032e+06 9.9641050e+05 
-2.1851966e+07 -2.1715662e+06 -7.1012715e+06 
-1.6556172e+07 -6.2828949e+04 -3.8547592e+06 
1.4862742e+07 1.8722586e+07 1.7033610e+07 
-5.1441581e+05 9.7031200e+06 7.3139300e+06 
-2.5437098e+07 -3.2819650e+06 -9.1051330e+06 
-7.7798480e+06 4.7407855e+06 2.1519360e+06 
7.3017620e+06 1.4875291e+07 1.2403109e+07 
-1.8563982e+07 -9.2416131e+05 -5.1195730e+06 
-3.0714182e+07 -4.7304465e+06 -1.1491603e+07 
-2.6089605e+06 8.2734525e+06 5.8817970e+06 
-6.2449670e+06 5.7746325e+06 3.2806168e+06 
1.7146998e+07 1.9798280e+07 1.8538742e+07 
1.1679543e+07 1.7248872e+07 1.5064975e+07 
-2.4143830e+07 -2.9128200e+06 -8.4085340e+06 
-2.9360692e+07 -4.2368885e+06 -1.1118059e+07 
9.1318830e+06 1.5965432e+07 1.3540428e+07 
2.7218158e+06 1.2078065e+07 9.5751710e+06 
-2.0672416e+07 -1.7444181e+06 -6.4041380e+06 
1.4129945e+07 1.8421030e+07 1.6577438e+07 
4.6440215e+06 1.3361058e+07 1.0816648e+07 
7.4966938e+05 1.0725289e+07 8.2689375e+06 
-4.7771660e+06 6.8216680e+06 4.3794150e+06 
-1.3680422e+07 1.3720691e+06 -1.9245059e+06 
-1.1904622e+07 2.3306388e+06 -7.0633069e+05 
-2.7940500e+07 -3.9321878e+06 -1.0428402e+07 
-1.5538970e+07 4.4607581e+05 -3.1638485e+06 
-1.2793538e+06 9.3186340e+06 6.8931395e+06 
6.5197450e+06 1.4560622e+07 1.1999160e+07 
-1.0206806e+07 3.3183100e+06 4.8953722e+05 
1.6454200e+07 1.9489802e+07 1.8072334e+07 
-1.7486318e+07 -4.4405109e+05 -4.4236760e+06 
-2.2891640e+07 -2.5196332e+06 -7.7077480e+06 
-8.5833180e+06 4.3312080e+06 1.6613696e+06 
1.9473522e+07 2.0956380e+07 1.9786968e+07 
1.0907673e+07 1.6955548e+07 1.4632770e+07 
-2.6565168e+07 -3.6013458e+06 -9.7316140e+06 
-3.3750392e+06 7.8755595e+06 5.4447130e+06 
1.3383109e+07 1.8126524e+07 1.6126581e+07 
8.3488120e+06 1.5665656e+07 1.3128524e+07 
-1.9529996e+07 -1.2949604e+06 -5.7035635e+06 
-7.0314335e+06 5.3648725e+06 2.8067800e+06 
1.9552274e+06 1.1724051e+07 9.1782360e+06 
3.8701920e+06 1.3026919e+07 1.0423530e+07 
-1.1177352e+04 1.0352332e+07 7.8626040e+06 
1.5744023e+07 1.9188662e+07 1.7607894e+07 
1.8634394e+07 2.0459434e+07 1.9540448e+07 
5.7390855e+06 1.4245771e+07 1.1604230e+07 
-2.5233776e+07 -3.2449598e+06 -9.0289890e+06 
-5.5491935e+06 6.4141020e+06 3.9227072e+06 
-2.1679218e+07 -2.1029548e+06 -7.0030720e+06 
-2.0376414e+06 8.9290660e+06 6.4723835e+06 
-3.0489242e+07 -4.7274135e+06 -1.1450005e+07 
-1.2751429e+07 1.9266451e+06 -1.2351529e+06 
-1.4553884e+07 9.7462738e+05 -2.4691805e+06 
1.0127929e+07 1.6667397e+07 1.4209676e+07 
1.2623347e+07 1.7839138e+07 1.5682366e+07 
-1.1029855e+07 2.9093960e+06 -2.3050199e+04 
-1.6442339e+07 5.6715730e+04 -3.7241112e+06 
7.5636340e+06 1.5368062e+07 1.2726658e+07 
-9.3852850e+06 3.9191962e+06 1.1655050e+06 
-2.9131422e+07 -4.2300960e+06 -1.1066519e+07 
-1.8423350e+07 -8.2378969e+05 -4.9993660e+06 
-4.1352565e+06 7.4728365e+06 5.0054475e+06 
1.7969076e+07 2.0148478e+07 1.9069008e+07 
1.5017060e+07 1.8895348e+07 1.7146768e+07 
-2.3945110e+07 -2.8636548e+06 -8.3213865e+06 
1.1958152e+06 1.1365413e+07 8.7855650e+06 
3.1021312e+06 1.2689552e+07 1.0037235e+07 
-7.8148895e+06 4.9518405e+06 2.3281965e+06 
-7.6442769e+05 9.9740270e+06 7.4578740e+06 
4.9617755e+06 1.3929690e+07 1.1218294e+07 
-2.0505124e+07 -1.6633931e+06 -6.2945835e+06 
-2.7713220e+07 -3.9142138e+06 -1.0365208e+07 
9.3421500e+06 1.6383842e+07 1.3796737e+07 
1.1851976e+07 1.7558792e+07 1.5246143e+07 
-6.3167035e+06 6.0024230e+06 3.4619808e+06 
-2.7887790e+06 8.5340790e+06 6.0507215e+06 
1.7284444e+07 1.9844926e+07 1.8597280e+07 
6.7784785e+06 1.5071675e+07 1.2335284e+07 
1.4274079e+07 1.8610252e+07 1.6690376e+07 
-1.3600192e+07 1.5221611e+06 -1.7704346e+06 
-2.2697732e+07 -2.4580932e+06 -7.6093160e+06 
-1.5430979e+07 5.7748331e+05 -3.0205345e+06 
-2.6340988e+07 -3.5715932e+06 -9.6568600e+06 
-1.1853258e+07 2.4991745e+06 -5.4184175e+05 
-1.7351156e+07 -3.3155925e+05 -4.2912700e+06 
-1.0186030e+07 3.5050158e+06 6.6376719e+05 
-4.8894540e+06 7.0651890e+06 4.5631040e+06 
2.3414648e+06 1.2347970e+07 9.6571450e+06 
4.4476622e+05 1.1001381e+07 8.3962890e+06 
1.1070539e+07 1.7285252e+07 1.4819273e+07 
-1.9367866e+07 -1.2016138e+06 -5.5821920e+06 
4.1898155e+06 1.3611266e+07 1.0841113e+07 
8.5524000e+06 1.6104127e+07 1.3394894e+07 
-1.5093360e+06 9.5898620e+06 7.0537620e+06 
-8.5955420e+06 4.5357375e+06 1.8441908e+06 
1.6580754e+07 1.9549528e+07 1.8126574e+07 
-3.0244912e+07 -4.7207790e+06 -1.1400838e+07 
-2.5013378e+07 -3.2030190e+06 -8.9426380e+06 
1.3516046e+07 1.8333646e+07 1.6240205e+07 
5.9955850e+06 1.4775387e+07 1.1954653e+07 
-2.1490070e+07 -2.0289831e+06 -6.8930170e+06 
-3.5324185e+06 8.1334290e+06 5.6271645e+06 
-7.0798040e+06 5.5867435e+06 2.9964472e+06 
-2.8882712e+07 -4.2197220e+06 -1.1006444e+07 
-1.4451336e+07 1.1175656e+06 -2.3125732e+06 
1.0280832e+07 1.7018100e+07 1.4403105e+07 
1.5858412e+07 1.9262978e+07 1.7658316e+07 
-1.2677402e+07 2.0880014e+06 -1.0672954e+06 
-1.6312178e+07 1.8103328e+05 -3.5789290e+06 
1.5897049e+06 1.2001214e+07 9.2824540e+06 
7.7609580e+06 1.5827309e+07 1.3004938e+07 
-2.9688647e+05 1.0631250e+07 8.0094085e+06 
-5.6376095e+06 6.6526135e+06 4.1167770e+06 
-2.3728812e+07 -2.8092920e+06 -8.2232940e+06 
3.4251665e+06 1.3289352e+07 1.0472226e+07 
-1.0985900e+07 3.0889892e+06 1.5561450e+05 
1.8943370e+07 2.0577062e+07 1.9322158e+07 
-1.8265954e+07 -7.1833325e+05 -4.8656755e+06 
1.2744133e+07 1.8065666e+07 1.5797804e+07 
-2.7466700e+07 -3.8919900e+06 -1.0292653e+07 
-2.2453230e+06 9.1994190e+06 6.6492035e+06 
-9.3736840e+06 4.1168328e+06 1.3541164e+06 
5.2172620e+06 1.4477983e+07 1.1584779e+07 
-2.0320472e+07 -1.5770786e+06 -6.1725160e+06 
-4.2683695e+06 7.7269695e+06 5.2006935e+06 
1.5117988e+07 1.8985888e+07 1.7194034e+07 
-7.8387115e+06 5.1672565e+06 2.5253405e+06 
9.4849360e+06 1.6756706e+07 1.3998930e+07 
-2.6097488e+07 -3.5370920e+06 -9.5719790e+06 
1.8079692e+07 2.0083532e+07 1.9070214e+07 
-2.2485560e+07 -2.3912412e+06 -7.4992590e+06 
6.9702950e+06 1.5552263e+07 1.2627455e+07 
1.1959748e+07 1.7806286e+07 1.5364777e+07 
8.4821544e+05 1.1648373e+07 8.9121850e+06 
2.6697032e+06 1.2962796e+07 1.0110939e+07 
-1.0282859e+06 1.0254404e+07 7.6238065e+06 
-1.5305313e+07 7.1326338e+05 -2.8619358e+06 
-1.3502713e+07 1.6762700e+06 -1.5998318e+06 
-2.9978844e+07 -4.7101465e+06 -1.1343113e+07 
-6.3798330e+06 6.2352020e+06 3.6655695e+06 
-1.7197966e+07 -2.1430892e+05 -4.1447042e+06 
-1.1785297e+07 2.6714878e+06 -3.5945406e+05 
-2.9719852e+06 8.8023820e+06 6.2430750e+06 
4.4458295e+06 1.4178164e+07 1.1225413e+07 
1.4360262e+07 1.8718768e+07 1.6735364e+07 
-1.9187270e+07 -1.1031786e+06 -5.4476670e+06 
1.7380654e+07 1.9791478e+07 1.8590332e+07 
-2.4773336e+07 -3.1559932e+06 -8.8454510e+06 
-1.0149683e+07 3.6954592e+06 8.5736769e+05 
8.6852320e+06 1.6500219e+07 1.3607928e+07 
-2.8612200e+07 -4.2053875e+06 -1.0936909e+07 
1.1164572e+07 1.7555292e+07 1.4942780e+07 
-4.9965985e+06 7.3146595e+06 4.7702780e+06 
-2.1281792e+07 -1.9497308e+06 -6.7707010e+06 
6.1830275e+06 1.5277695e+07 1.2262777e+07 
-8.5937430e+06 4.7442345e+06 2.0479291e+06 
1.1817948e+05 1.1288616e+07 8.5452000e+06 
1.9251645e+06 1.2630472e+07 9.7563410e+06 
1.3586231e+07 1.8462000e+07 1.6284035e+07 
1.6661034e+07 1.9509376e+07 1.8111876e+07 
-1.7487685e+06 9.8703310e+06 7.2382745e+06 
-2.7198522e+07 -3.8652160e+06 -1.0209919e+07 
-2.3492330e+07 -2.7496678e+06 -8.1137165e+06 
3.6835602e+06 1.3874589e+07 1.0876035e+07 
-7.1163625e+06 5.8131370e+06 3.2086098e+06 
-1.6162591e+07 3.0967806e+05 -3.4188570e+06 
-1.4329648e+07 1.2644035e+06 -2.1398302e+06 
-3.6891018e+06 8.3985460e+06 5.8342170e+06 
7.8843905e+06 1.6247543e+07 1.3231091e+07 
1.0360623e+07 1.7312254e+07 1.4533485e+07 
-1.8088838e+07 -6.0811844e+05 -4.7181795e+06 
-1.2584668e+07 2.2529265e+06 -8.8189225e+05 
5.4018565e+06 1.5002177e+07 1.1910942e+07 
-1.0923975e+07 3.2720090e+06 3.5338853e+05 
-2.0115650e+07 -1.4856614e+06 -6.0375745e+06 
1.5921178e+07 1.9238080e+07 1.7636462e+07 
1.2797115e+07 1.8215798e+07 1.5841876e+07 
-5.7172270e+06 6.8965630e+06 4.3348955e+06 
-2.5832204e+07 -3.4976240e+06 -9.4762540e+06 
-5.9942769e+05 1.0921209e+07 8.1802305e+06 
1.1931106e+06 1.2291315e+07 9.4073140e+06 
-9.3453060e+06 4.3180245e+06 1.5635295e+06 
-2.2252454e+07 -2.3191110e+06 -7.3771130e+06 
-2.9688766e+07 -4.6951130e+06 -1.1275845e+07 
-2.4578768e+06 9.4786350e+06 6.8515350e+06 
2.9326162e+06 1.3565910e+07 1.0535850e+07 
7.0853335e+06 1.5997351e+07 1.2869153e+07 
9.5503080e+06 1.7076478e+07 1.4138519e+07 
-7.8475525e+06 5.3866935e+06 2.7450658e+06 
1.5161613e+07 1.8978362e+07 1.7165852e+07 
-4.3966350e+06 7.9878240e+06 5.4214565e+06 
-2.4511136e+07 -3.1037550e+06 -8.7368110e+06 
4.6294940e+06 1.4724184e+07 1.1571664e+07 
1.1994402e+07 1.7980212e+07 1.5410833e+07 
-1.5158675e+07 8.5284688e+05 -2.6876268e+06 
-2.8317596e+07 -4.1867100e+06 -1.0856996e+07 
-1.7023640e+07 -9.2754508e+04 -3.9836385e+06 
-1.3384492e+07 1.8337551e+06 -1.4121011e+06 
1.8332542e+07 2.0107498e+07 1.8769198e+07 
-1.8985288e+07 -9.9996550e+05 -5.2996535e+06 
-1.1697048e+07 2.8469242e+06 -1.5831938e+05 
-6.4305235e+06 6.4728505e+06 3.8935522e+06 
4.7488434e+05 1.1944350e+07 9.0625580e+06 
-1.3038582e+06 1.0545536e+07 7.8159005e+06 
-2.1051634e+07 -1.8653460e+06 -6.6357230e+06 
8.7364500e+06 1.6846966e+07 1.3759368e+07 
2.1949915e+06 1.3250816e+07 1.0203799e+07 
6.2911695e+06 1.5748107e+07 1.2522519e+07 
1.4383126e+07 1.8730900e+07 1.6701947e+07 
-1.0093885e+07 3.8890402e+06 1.0715164e+06 
-3.1553648e+06 9.0790440e+06 6.4622690e+06 
-2.6906342e+07 -3.8335968e+06 -1.0116197e+07 
1.1179936e+07 1.7755078e+07 1.4992979e+07 
1.7436772e+07 1.9617300e+07 1.8510192e+07 
-2.3233088e+07 -2.6847585e+06 -7.9921255e+06 
3.8685808e+06 1.4442140e+07 1.1244323e+07 
-5.0947265e+06 7.5702490e+06 5.0036290e+06 
-8.5738640e+06 4.9562305e+06 2.2741605e+06 
-1.5990271e+07 4.4205984e+05 -3.2435115e+06 
-1.7888930e+07 -4.9359394e+05 -4.5565510e+06 
1.3586723e+07 1.8496202e+07 1.6246776e+07 
-1.4185268e+07 1.4144514e+06 -1.9504256e+06 
7.9222700e+06 1.6622409e+07 1.3397268e+07 
-2.5542738e+07 -3.4529892e+06 -9.3689840e+06 
-2.2841941e+05 1.1588716e+07 8.7206190e+06 
1.6694636e+07 1.9348390e+07 1.8019136e+07 
5.5050985e+06 1.5498106e+07 1.2191215e+07 
-1.9887798e+07 -1.3894215e+06 -5.8894075e+06 
-1.9946054e+06 1.0161113e+07 7.4507555e+06 
-2.9372496e+07 -4.6752760e+06 -1.1198062e+07 
-7.1368960e+06 6.0437950e+06 3.4452990e+06 
-1.2469427e+07 2.4206898e+06 -6.7818994e+05 
1.4724568e+06 1.2928068e+07 9.8785860e+06 
1.0356039e+07 1.7539952e+07 1.4590454e+07 
-3.8411990e+06 8.6714210e+06 6.0691420e+06 
-2.1995760e+07 -2.2418000e+06 -7.2424325e+06 
-1.0840029e+07 3.4577562e+06 5.7133375e+05 
3.1216098e+06 1.4154471e+07 1.0927967e+07 
1.2773626e+07 1.8274606e+07 1.5802539e+07 
-2.7996702e+07 -4.1633095e+06 -1.0765801e+07 
-5.7836900e+06 7.1459725e+06 4.5796005e+06 
1.5930217e+07 1.9092840e+07 1.7531838e+07 
-9.2958520e+06 4.5221860e+06 1.7951849e+06 
-2.4224320e+07 -3.0462132e+06 -8.6161220e+06 
7.1113155e+06 1.6401189e+07 1.3053098e+07 
9.5256110e+06 1.7334028e+07 1.4205353e+07 
4.7303130e+06 1.5245539e+07 1.1874857e+07 
-9.1597569e+05 1.1223688e+07 8.3799245e+06 
-1.6824902e+07 3.2507615e+04 -3.8077295e+06 
-2.6714090e+06 9.7675990e+06 7.0832950e+06 
7.6651631e+05 1.2596536e+07 9.5587050e+06 
-1.4987500e+07 9.9551019e+05 -2.4971518e+06 
-1.8758908e+07 -8.9240250e+05 -5.1378335e+06 
-7.8368750e+06 5.6097665e+06 2.9892498e+06 
-1.3241662e+07 1.9938242e+06 -1.2065874e+06 
-2.6587908e+07 -3.7968510e+06 -1.0010701e+07 
-2.0796834e+07 -1.7760650e+06 -6.4877095e+06 
1.1945363e+07 1.8066290e+07 1.5371699e+07 
-4.5155550e+06 8.2557615e+06 5.6708275e+06 
1.5143952e+07 1.8851648e+07 1.7050358e+07 
2.3908502e+06 1.3859654e+07 1.0621334e+07 
-1.1584333e+07 3.0246985e+06 6.2502027e+04 
6.3073505e+06 1.6181433e+07 1.2727290e+07 
-2.2948548e+07 -2.6145982e+06 -7.8580260e+06 
8.6921500e+06 1.7136080e+07 1.3839558e+07 
-6.4639995e+06 6.7152635e+06 4.1482885e+06 
3.9698870e+06 1.4988547e+07 1.1572650e+07 
-1.0014145e+07 4.0850700e+06 1.3075100e+06 
-1.5872428e+06 1.0848692e+07 8.0388155e+06 
-2.9027944e+07 -4.6502365e+06 -1.1108809e+07 
1.4336646e+07 1.8625734e+07 1.6576932e+07 
7.8374328e+04 1.2255228e+07 9.2424770e+06 
1.1103991e+07 1.7871178e+07 1.4956982e+07 
-2.5226774e+07 -3.4030178e+06 -9.2495020e+06 
-3.3342560e+06 9.3648000e+06 6.7120020e+06 
-1.7663016e+07 -3.7534722e+05 -4.3804825e+06 
1.6782862e+06 1.3556267e+07 1.0322889e+07 
-8.5311020e+06 5.1712280e+06 2.5245955e+06 
-1.5791681e+07 5.7743550e+05 -3.0525062e+06 
1.7620978e+07 1.9524906e+07 1.8105768e+07 
-1.9634006e+07 -1.2887522e+06 -5.7277005e+06 
-5.1788060e+06 7.8321955e+06 5.2660370e+06 
-1.4014312e+07 1.5668694e+06 -1.7438031e+06 
5.5142175e+06 1.5961074e+07 1.2419776e+07 
7.8596940e+06 1.6944458e+07 1.3494570e+07 
-2.1712842e+07 -2.1594870e+06 -7.0948160e+06 
-1.2327426e+07 2.5904342e+06 -4.5537488e+05 
-2.7647428e+07 -4.1348142e+06 -1.0662453e+07 
3.2266755e+06 1.4725298e+07 1.1283399e+07 
1.3509237e+07 1.8415762e+07 1.6113967e+07 
1.0252335e+07 1.7688800e+07 1.4561252e+07 
-7.1362745e+06 6.2785005e+06 3.7086812e+06 
-2.3910502e+07 -2.9833260e+06 -8.4828320e+06 
-1.0729432e+07 3.6454522e+06 8.1059631e+05 
1.6682786e+07 1.9038092e+07 1.7837462e+07 
-2.2419665e+06 1.0463314e+07 7.6955880e+06 
-5.9108781e+05 1.1903310e+07 8.9280980e+06 
-3.9833722e+06 8.9526730e+06 6.3353735e+06 
9.8556831e+05 1.3243021e+07 1.0030861e+07 
7.0326855e+06 1.6757109e+07 1.3171359e+07 
4.7356875e+06 1.5737941e+07 1.2129963e+07 
-2.6241070e+07 -3.7547192e+06 -9.8926860e+06 
-9.2203100e+06 4.7287225e+06 2.0506190e+06 
1.2662782e+07 1.8222266e+07 1.5664230e+07 
-5.8315110e+06 7.4009830e+06 4.8535380e+06 
-1.6598285e+07 1.6072984e+05 -3.6166570e+06 
-1.8505030e+07 -7.8105319e+05 -4.9619315e+06 
9.3941260e+06 1.7518138e+07 1.4187262e+07 
-1.4787928e+07 1.1403801e+06 -2.2900532e+06 
2.5032288e+06 1.4454041e+07 1.1005552e+07 
-2.0514616e+07 -1.6822318e+06 -6.3263420e+06 
1.5884378e+07 1.8798388e+07 1.7331460e+07 
-1.3069946e+07 2.1555608e+06 -9.8260481e+05 
-2.2636232e+07 -2.5392955e+06 -7.7109810e+06 
-7.8012625e+06 5.8361675e+06 3.2598550e+06 
-1.2413222e+06 1.1540123e+07 8.6136760e+06 
-2.8801770e+06 1.0067308e+07 7.3485240e+06 
-2.8653150e+07 -4.6196025e+06 -1.1007163e+07 
6.2157730e+06 1.6571682e+07 1.2870263e+07 
-1.1442442e+07 3.2039542e+06 3.0400219e+05 
1.1798769e+07 1.8045692e+07 1.5231075e+07 
3.9753228e+06 1.5509846e+07 1.1856747e+07 
3.1397834e+05 1.2918800e+07 9.7433010e+06 
-4.6192120e+06 8.5313240e+06 5.9519490e+06 
-2.4882104e+07 -3.3475820e+06 -9.1171910e+06 
1.5061166e+07 1.8576772e+07 1.6832474e+07 
8.5339740e+06 1.7357556e+07 1.3837368e+07 
1.8017200e+06 1.4173166e+07 1.0737249e+07 
-9.9053020e+06 4.2828680e+06 1.5667054e+06 
-6.4743980e+06 6.9625085e+06 4.4321795e+06 
-1.7407748e+07 -2.5411512e+05 -4.1897162e+06 
-1.9351320e+07 -1.1841781e+06 -5.5522010e+06 
-2.7267818e+07 -4.1008688e+06 -1.0546119e+07 
-1.5563038e+07 7.1491300e+05 -2.8454800e+06 
1.0919643e+07 1.7886140e+07 1.4818371e+07 
-2.1401092e+07 -2.0724525e+06 -6.9339330e+06 
5.4136065e+06 1.6385628e+07 1.2590945e+07 
1.4214059e+07 1.8374546e+07 1.6343172e+07 
-1.3812529e+07 1.7206951e+06 -1.5194046e+06 
-1.8721152e+06 1.1165191e+07 8.2972785e+06 
-8.4598210e+06 5.3888415e+06 2.8009885e+06 
3.2363488e+06 1.5274668e+07 1.1598560e+07 
-3.5021790e+06 9.6605940e+06 6.9959280e+06 
7.6771880e+06 1.7204822e+07 1.3513274e+07 
-2.3567388e+07 -2.9151200e+06 -8.3364595e+06 
-3.3558866e+05 1.2582673e+07 9.4581280e+06 
-5.2424420e+06 8.1010025e+06 5.5603345e+06 
-1.2153925e+07 2.7612365e+06 -2.1261042e+05 
1.1238985e+06 1.3881242e+07 1.0476383e+07 
-2.5863818e+07 -3.7069788e+06 -9.7614640e+06 
1.0029229e+07 1.7743024e+07 1.4430123e+07 
1.3343571e+07 1.8192482e+07 1.5866442e+07 
-7.1083415e+06 6.5172725e+06 4.0009080e+06 
-1.0586936e+07 3.8343420e+06 1.0723524e+06 
4.6306280e+06 1.6196329e+07 1.2332397e+07 
-1.8220460e+07 -6.6662831e+05 -4.7717435e+06 
6.8294950e+06 1.7057216e+07 1.3215855e+07 
2.5215580e+06 1.5030430e+07 1.1353428e+07 
-2.0202210e+07 -1.5843169e+06 -6.1513850e+06 
-1.6340128e+07 2.9101600e+05 -3.4101520e+06 
1.6780696e+07 1.8797648e+07 1.7300210e+07 
-2.4835790e+06 1.0778223e+07 7.9769710e+06 
-2.8246308e+07 -4.5830020e+06 -1.0892242e+07 
-4.1085355e+06 9.2432530e+06 6.6361575e+06 
-9.6263025e+05 1.2233916e+07 9.1731870e+06 
-2.2293740e+07 -2.4590538e+06 -7.5506385e+06 
-9.1128930e+06 4.9371845e+06 2.3313768e+06 
-1.4555789e+07 1.2864610e+06 -2.0658995e+06 
1.2450156e+07 1.8031570e+07 1.5406121e+07 
9.1328290e+06 1.7614842e+07 1.4069953e+07 
-5.8539180e+06 7.6620935e+06 5.1592280e+06 
4.7105891e+05 1.3577050e+07 1.0220670e+07 
-2.4506650e+07 -3.2866138e+06 -8.9715170e+06 
-1.2864630e+07 2.3179868e+06 -7.3947162e+05 
3.8708960e+06 1.6001224e+07 1.2093004e+07 
1.5784404e+07 1.8314002e+07 1.7019120e+07 
5.9967135e+06 1.6911702e+07 1.2945075e+07 
-7.7343445e+06 6.0658815e+06 3.5587858e+06 
-1.1266096e+07 3.3838720e+06 5.6717688e+05 
-2.6856086e+07 -4.0611440e+06 -1.0416035e+07 
1.8332410e+06 1.4775356e+07 1.1119058e+07 
1.1535199e+07 1.7892898e+07 1.4967379e+07 
-3.0761350e+06 1.0379108e+07 7.6508560e+06 
8.2369645e+06 1.7499150e+07 1.3740632e+07 
-1.5670292e+06 1.1872007e+07 8.8862980e+06 
-1.9036744e+07 -1.0763685e+06 -5.3627530e+06 
-4.7000465e+06 8.8155240e+06 6.2676495e+06 
-1.7119632e+07 -1.3078334e+05 -3.9840688e+06 
-2.1057964e+07 -1.9810984e+06 -6.7595545e+06 
-9.7614850e+06 4.4819305e+06 1.8504416e+06 
1.4910098e+07 1.8112638e+07 1.6492635e+07 
-1.5300297e+07 8.5347681e+05 -2.6221235e+06 
-1.5596831e+05 1.3259597e+07 9.9677140e+06 
-2.3192814e+07 -2.8417080e+06 -8.1766215e+06 
-6.4546670e+06 7.2151095e+06 4.7474375e+06 
3.1379460e+06 1.5797905e+07 1.1870620e+07 
5.1844450e+06 1.6765101e+07 1.2699997e+07 
-1.3575287e+07 1.8749056e+06 -1.2767018e+06 
-2.5454320e+07 -3.6534560e+06 -9.6164360e+06 
1.0602200e+07 1.7776818e+07 1.4556169e+07 
1.1731438e+06 1.4507912e+07 1.0892918e+07 
-8.3535115e+06 5.6090380e+06 3.1050040e+06 
7.3489205e+06 1.7392714e+07 1.3443760e+07 
-1.1943677e+07 2.9322212e+06 5.0921113e+04 
1.4007927e+07 1.7936414e+07 1.5977642e+07 
-3.6504925e+06 9.9679120e+06 7.3171055e+06 
-2.1490370e+06 1.1496631e+07 8.5953010e+06 
-2.7805810e+07 -4.5400905e+06 -1.0763233e+07 
-5.2777255e+06 8.3777895e+06 5.8889455e+06 
-7.5681050e+05 1.2928126e+07 9.7150670e+06 
-1.9856862e+07 -1.4829328e+06 -5.9627195e+06 
4.3978130e+06 1.6614286e+07 1.2478865e+07 
-1.7901918e+07 -5.4998812e+05 -4.5671665e+06 
2.4346960e+06 1.5584205e+07 1.1662687e+07 
-1.0406648e+07 4.0238742e+06 1.3577398e+06 
-2.1918778e+07 -2.3741915e+06 -7.3767645e+06 
9.6572810e+06 1.7682252e+07 1.4178187e+07 
-7.0458590e+06 6.7606810e+06 4.3238985e+06 
-1.6046567e+07 4.2234347e+05 -3.1880228e+06 
1.3076552e+07 1.7785938e+07 1.5477761e+07 
6.4762025e+06 1.7291782e+07 1.3179639e+07 
-2.4098512e+07 -3.2201232e+06 -8.8120520e+06 
5.4245444e+05 1.4226830e+07 1.0672326e+07 
-1.4286586e+07 1.4326954e+06 -1.8243114e+06 
-8.9670260e+06 5.1475275e+06 2.6388948e+06 
-2.6410668e+07 -4.0153518e+06 -1.0271523e+07 
-1.2620556e+07 2.4801760e+06 -4.7654497e+05 
-2.7092475e+06 1.1107668e+07 8.2980945e+06 
-4.2076225e+06 9.5448640e+06 6.9739890e+06 
8.7088320e+06 1.7606498e+07 1.3837899e+07 
3.6412648e+06 1.6456320e+07 1.2279237e+07 
-5.8427740e+06 7.9305710e+06 5.4987125e+06 
-1.3315329e+06 1.2582112e+07 9.4602890e+06 
1.7633911e+06 1.5358248e+07 1.1466341e+07 
1.2114927e+07 1.7663690e+07 1.4999440e+07 
5.6260365e+06 1.7192378e+07 1.2947297e+07 
-1.1049445e+07 3.5638560e+06 8.5296962e+05 
-7.6287820e+06 6.2995420e+06 3.8876900e+06 
-2.0680984e+07 -1.8859646e+06 -6.5715880e+06 
-1.8687266e+07 -9.6614275e+05 -5.1593245e+06 
-5.8189078e+04 1.3931116e+07 1.0454527e+07 
-2.2784780e+07 -2.7633108e+06 -8.0030670e+06 
-1.6795038e+07 -6.3679336e+03 -3.7634610e+06 
1.5768206e+07 1.7878958e+07 1.6304072e+07 
-1.4999156e+07 9.9204462e+05 -2.3822035e+06 
-2.5010974e+07 -3.5940458e+06 -9.4571180e+06 
7.7666335e+06 1.7545496e+07 1.3537943e+07 
1.1124886e+07 1.7572278e+07 1.4551884e+07 
-9.5761220e+06 4.6822060e+06 2.1599400e+06 
2.9184448e+06 1.6288576e+07 1.2098134e+07 
-3.2485685e+06 1.0705179e+07 7.9926750e+06 
-4.7487265e+06 9.1103470e+06 6.6198975e+06 
1.1255900e+06 1.5118484e+07 1.1278533e+07 
4.8049695e+06 1.7090594e+07 1.2744636e+07 
-1.3297574e+07 2.0285306e+06 -1.0152222e+06 
-1.8806085e+06 1.2221249e+07 9.2010000e+06 
-2.7330306e+07 -4.4905680e+06 -1.0619411e+07 
-6.3965525e+06 7.4745105e+06 5.0957580e+06 
1.4690079e+07 1.7398766e+07 1.6005225e+07 
-6.2867294e+05 1.3620044e+07 1.0236772e+07 
-1.1690934e+07 3.1027492e+06 3.3597566e+05 
-8.2048150e+06 5.8325190e+06 3.4380435e+06 
6.8408465e+06 1.7494330e+07 1.3278933e+07 
1.0113296e+07 1.7511954e+07 1.4144643e+07 
-1.9475866e+07 -1.3788425e+06 -5.7603750e+06 
-2.1509200e+07 -2.2851610e+06 -7.1892820e+06 
-1.7546058e+07 -4.3212834e+05 -4.3482255e+06 
2.2321330e+06 1.6108806e+07 1.1932211e+07 
-2.3656018e+07 -3.1482192e+06 -8.6385160e+06 
4.0185915e+06 1.6982800e+07 1.2568651e+07 
1.3710839e+07 1.7250152e+07 1.5448375e+07 
5.2217731e+05 1.4863694e+07 1.1096131e+07 
-1.5713549e+07 5.5361569e+05 -2.9501778e+06 
-3.7681858e+06 1.0289393e+07 7.6771600e+06 
-1.0182064e+07 4.2139870e+06 1.6677795e+06 
-5.2752085e+06 8.6648810e+06 6.2533640e+06 
-2.5930286e+07 -3.9632602e+06 -1.0112031e+07 
-2.4048805e+06 1.1845434e+07 8.9349130e+06 
-1.3975514e+07 1.5780732e+06 -1.5649839e+06 
-6.9405515e+06 7.0103630e+06 4.6790450e+06 
9.0917050e+06 1.7479768e+07 1.3785238e+07 
5.9411350e+06 1.7447768e+07 1.3059578e+07 
-1.1693681e+06 1.3293142e+07 1.0016371e+07 
1.2689397e+07 1.7134658e+07 1.4909898e+07 
-8.7754020e+06 5.3605200e+06 2.9743552e+06 
1.5842346e+06 1.5915177e+07 1.1777911e+07 
-1.2332140e+07 2.6414452e+06 -1.9325002e+05 
3.2713772e+06 1.6865812e+07 1.2415671e+07 
-4.6596098e+04 1.4592979e+07 1.0916012e+07 
-2.0267806e+07 -1.7877421e+06 -6.3701120e+06 
-2.2341502e+07 -2.6802770e+06 -7.8157185e+06 
-1.8299870e+07 -8.5446188e+05 -4.9420370e+06 
-4.2695280e+06 9.8606930e+06 7.3498110e+06 
8.0743705e+06 1.7470140e+07 1.3477889e+07 
-2.4532464e+07 -3.5287318e+06 -9.2831840e+06 
-2.9055208e+06 1.1454750e+07 8.6598780e+06 
-5.7886415e+06 8.2091110e+06 5.8730770e+06 
5.0760350e+06 1.7400734e+07 1.2876997e+07 
-1.6430215e+07 1.1803067e+05 -3.5279368e+06 
-1.0786115e+07 3.7438278e+06 1.1622145e+06 
1.1622924e+07 1.7060438e+07 1.4403873e+07 
-1.6810819e+06 1.2950165e+07 9.7907510e+06 
-7.4763655e+06 6.5389815e+06 4.2477020e+06 
-2.6818772e+07 -4.4341965e+06 -1.0460179e+07 
-1.4655075e+07 1.1295716e+06 -2.1255780e+06 
9.7581375e+05 1.5706274e+07 1.1631600e+07 
2.5666320e+06 1.6736977e+07 1.2281605e+07 
-9.3420240e+06 4.8845190e+06 2.4961915e+06 
7.0760640e+06 1.7476000e+07 1.3223306e+07 
-5.8105850e+05 1.4305736e+07 1.0735140e+07 
-1.2974030e+07 2.1808388e+06 -7.3456712e+05 
4.2525785e+06 1.7348654e+07 1.2727113e+07 
1.0517320e+07 1.7032612e+07 1.3948193e+07 
-4.7542305e+06 9.4195950e+06 7.0090500e+06 
-3.3839862e+06 1.1049440e+07 8.3738935e+06 
-2.1063058e+07 -2.1925638e+06 -6.9883055e+06 
-1.9056602e+07 -1.2729569e+06 -5.5445590e+06 
-2.3177788e+07 -3.0711320e+06 -8.4508150e+06 
-6.2907370e+06 7.7437970e+06 5.4778915e+06 
-1.1389511e+07 3.2727140e+06 6.4321206e+05 
-2.1650042e+06 1.2591073e+07 9.5574870e+06 
-1.7149494e+07 -3.1414150e+05 -4.1150942e+06 
-2.5414018e+07 -3.9047148e+06 -9.9371690e+06 
1.9065102e+06 1.6594200e+07 1.2162155e+07 
4.0715744e+05 1.5481078e+07 1.1489694e+07 
-8.0056620e+06 6.0613070e+06 3.8010322e+06 
1.4519801e+07 1.6696897e+07 1.5039868e+07 
6.1103825e+06 1.7489932e+07 1.3019148e+07 
-1.5336855e+07 6.8375788e+05 -2.6966335e+06 
9.3897080e+06 1.7048468e+07 1.3556924e+07 
3.4761310e+06 1.7287656e+07 1.2605063e+07 
-1.0820509e+06 1.4001628e+07 1.0550629e+07 
-9.9061730e+06 4.4055455e+06 2.0032952e+06 
-1.3617493e+07 1.7218122e+06 -1.2876894e+06 
-5.2241010e+06 8.9667330e+06 6.6534700e+06 
-3.8419752e+06 1.0629889e+07 8.0751350e+06 
1.3315712e+07 1.6215345e+07 1.4708475e+07 
-6.7833165e+06 7.2697960e+06 5.0668400e+06 
5.1887350e+06 1.7505010e+07 1.2860774e+07 
1.2920944e+06 1.6435937e+07 1.2053008e+07 
-2.6226528e+06 1.2215995e+07 9.3143330e+06 
-2.1861482e+07 -2.5931032e+06 -7.6147120e+06 
-1.2214134e+05 1.5238925e+07 1.1348746e+07 
-1.9816246e+07 -1.6872751e+06 -6.1554100e+06 
8.2634450e+06 1.7099138e+07 1.3236945e+07 
-2.4017854e+07 -3.4576098e+06 -9.0945080e+06 
-1.1993441e+07 2.8016468e+06 1.1090604e+05 
-1.7871592e+07 -7.4239781e+05 -4.7111855e+06 
2.7503928e+06 1.7214674e+07 1.2505570e+07 
-8.5301560e+06 5.5783540e+06 3.3385210e+06 
-2.6270608e+07 -4.3708230e+06 -1.0285104e+07 
-1.5508561e+06 1.3680540e+07 1.0359779e+07 
-1.6021330e+07 2.4131412e+05 -3.2776680e+06 
1.2148592e+07 1.6136934e+07 1.4105984e+07 
-1.0469323e+07 3.9246682e+06 1.4955892e+06 
4.3199025e+06 1.7515330e+07 1.2742043e+07 
7.1622805e+06 1.7173006e+07 1.2988157e+07 
-1.4263313e+07 1.2652205e+06 -1.8521888e+06 
-4.2813855e+06 1.0196602e+07 7.7619565e+06 
7.2350594e+05 1.6261141e+07 1.1949982e+07 
-5.6810845e+06 8.5028490e+06 6.2818430e+06 
-6.1308962e+05 1.4979458e+07 1.1205520e+07 
-3.0558180e+06 1.1825209e+07 9.0592410e+06 
-7.2682800e+06 6.7880560e+06 4.6391365e+06 
2.0775074e+06 1.7127432e+07 1.2423249e+07 
1.0909273e+07 1.6130581e+07 1.3565665e+07 
-2.2662814e+07 -2.9892342e+06 -8.2490900e+06 
-1.2599014e+07 2.3316252e+06 -4.3440381e+05 
-2.0578664e+07 -2.0971610e+06 -6.7741785e+06 
-1.9891261e+06 1.3342540e+07 1.0160113e+07 
-2.4861400e+07 -3.8396615e+06 -9.7467610e+06 
-9.0515810e+06 5.0912010e+06 2.8598388e+06 
-1.8596576e+07 -1.1663129e+06 -5.3156795e+06 
3.5099995e+06 1.7516228e+07 1.2656021e+07 
6.1066440e+06 1.7258464e+07 1.2805227e+07 
-1.6708835e+07 -1.9714189e+05 -3.8680960e+06 
2.0003738e+05 1.6069201e+07 1.1849141e+07 
-1.1032907e+07 3.4429842e+06 9.7317894e+05 
9.6206340e+06 1.6198624e+07 1.3119592e+07 
1.4582329e+06 1.7024396e+07 1.2352852e+07 
-4.7042760e+06 9.7501880e+06 7.4329010e+06 
-1.0671965e+06 1.4702567e+07 1.1057040e+07 
-6.1272340e+06 8.0287785e+06 5.8931235e+06 
-1.4912148e+07 8.1187538e+05 -2.4275010e+06 
-3.4665122e+06 1.1419105e+07 8.7903630e+06 
-7.7475810e+06 6.2996010e+06 4.1941820e+06 
5.1120990e+06 1.7345528e+07 1.2679566e+07 
2.7626782e+06 1.7504314e+07 1.2595552e+07 
-2.3988128e+06 1.2987843e+07 9.9493880e+06 
-1.3207241e+07 1.8636338e+06 -9.9225400e+05 
-9.5716650e+06 4.6009790e+06 2.3648468e+06 
-2.3466668e+07 -3.3809118e+06 -8.8912160e+06 
-2.1343576e+07 -2.5024475e+06 -7.4004380e+06 
8.3268950e+06 1.6323869e+07 1.2780201e+07 
-1.9324348e+07 -1.5855496e+06 -5.9279935e+06 
-2.5685738e+07 -4.3004060e+06 -1.0093972e+07 
-2.7970966e+05 1.5859855e+07 1.1746867e+07 
8.9214688e+05 1.6904664e+07 1.2289446e+07 
-1.4863776e+06 1.4408340e+07 1.0900614e+07 
-1.7399550e+07 -6.3107069e+05 -4.4672415e+06 
-5.1128315e+06 9.2913450e+06 7.0866985e+06 
-1.1598288e+07 2.9616038e+06 4.3635269e+05 
-6.5646805e+06 7.5454375e+06 5.4864530e+06 
4.1891850e+06 1.7426502e+07 1.2601023e+07 
-3.8569225e+06 1.0998171e+07 8.5060580e+06 
2.0794528e+06 1.7477364e+07 1.2553679e+07 
1.2903016e+07 1.5114151e+07 1.3334885e+07 
-1.5564509e+07 3.6252966e+05 -3.0129350e+06 
-8.2231995e+06 5.8055260e+06 3.7315685e+06 
7.0722585e+06 1.6483382e+07 1.2543213e+07 
-2.7821028e+06 1.2616769e+07 9.7256040e+06 
-7.1768812e+05 1.5633116e+07 1.1639909e+07 
-1.3819006e+07 1.3986235e+06 -1.5620219e+06 
3.7785797e+05 1.6767854e+07 1.2228528e+07 
-1.0092101e+07 4.1088588e+06 1.8535989e+06 
-2.2110546e+07 -2.9030628e+06 -8.0337610e+06 
-2.4272536e+07 -3.7681732e+06 -9.5408960e+06 
-1.8728642e+06 1.4096999e+07 1.0733852e+07 
3.3439570e+06 1.7496032e+07 1.2559108e+07 
1.1385118e+07 1.4617655e+07 1.2987597e+07 
-2.0054658e+07 -1.9998690e+06 -6.5475070e+06 
1.4600698e+06 1.7434144e+07 1.2523931e+07 
-5.5093310e+06 8.8208450e+06 6.7222655e+06 
5.8902270e+06 1.6656769e+07 1.2394830e+07 
-1.8093478e+07 -1.0600241e+06 -5.0743530e+06 
-4.2293685e+06 1.0562965e+07 8.2048865e+06 
-6.9956100e+06 7.0538200e+06 5.0611590e+06 
-1.2166736e+07 2.4816352e+06 -1.1441830e+05 
-3.1413600e+06 1.2229717e+07 9.4869960e+06 
-8.6971170e+06 5.3069860e+06 3.2510810e+06 
-1.6220740e+07 -8.2138469e+04 -3.6076828e+06 
-1.1162772e+06 1.5389194e+07 1.1525405e+07 
-8.6788359e+04 1.6613977e+07 1.2166097e+07 
9.8465850e+06 1.4728106e+07 1.2434614e+07 
2.5787850e+06 1.7550846e+07 1.2543808e+07 
4.8019720e+06 1.6829046e+07 1.2317461e+07 
-1.0614527e+07 3.6160395e+06 1.3263448e+06 
-2.2291222e+06 1.3768862e+07 1.0554657e+07 
-1.4435041e+07 9.3749731e+05 -2.1429320e+06 
9.0287662e+05 1.7374206e+07 1.2500498e+07 
-2.2879002e+07 -3.2990325e+06 -8.6737390e+06 
-2.5064740e+07 -4.2230505e+06 -9.8868420e+06 
-2.0787074e+07 -2.4091378e+06 -7.1735815e+06 
-5.8961215e+06 8.3395325e+06 6.3387010e+06 
-4.5862680e+06 1.0114107e+07 7.8856005e+06 
-7.4222350e+06 6.5549880e+06 4.6167560e+06 
8.2715730e+06 1.4948325e+07 1.2062707e+07 
-1.8790444e+07 -1.4836574e+06 -5.6886165e+06 
-1.2739397e+07 2.0041702e+06 -6.7848231e+05 
-3.4790745e+06 1.1827135e+07 9.2320240e+06 
-5.0451984e+05 1.6443322e+07 1.2098681e+07 
1.8931822e+06 1.7589348e+07 1.2546064e+07 
-1.4781666e+06 1.5128418e+07 1.1400880e+07 
-9.1712950e+06 4.8051880e+06 2.7527025e+06 
3.8183015e+06 1.6990704e+07 1.2293255e+07 
-1.6881000e+07 -5.2154044e+05 -4.2108320e+06 
4.0516169e+05 1.7297680e+07 1.2478320e+07 
-2.5577795e+06 1.3424295e+07 1.0361217e+07 
-1.1140495e+07 3.1237370e+06 7.8353069e+05 
6.7673515e+06 1.5221902e+07 1.1852208e+07 
-1.5055910e+07 4.8109241e+05 -2.7340648e+06 
-6.2755945e+06 7.8483130e+06 5.9352835e+06 
-4.9301050e+06 9.6522640e+06 7.5471365e+06 
1.2845538e+06 1.7611186e+07 1.2558009e+07 
-2.3648222e+07 -3.6904808e+06 -9.3199960e+06 
2.9423858e+06 1.7136690e+07 1.2305962e+07 
-2.1520996e+07 -2.8133340e+06 -7.8055770e+06 
-8.7846900e+05 1.6256351e+07 1.2023337e+07 
-7.8467795e+06 6.0500685e+06 4.1529472e+06 
-1.8062540e+06 1.4851183e+07 1.1264231e+07 
-3.7978200e+06 1.1409503e+07 8.9593600e+06 
-1.3317274e+07 1.5302675e+06 -1.2550111e+06 
-1.9490076e+07 -1.9017394e+06 -6.3091750e+06 
-3.6546621e+04 1.7205086e+07 1.2453115e+07 
-9.6476480e+06 4.3013835e+06 2.2366142e+06 
5.3985990e+06 1.5507434e+07 1.1763949e+07 
-2.8615658e+06 1.3063683e+07 1.0151984e+07 
-1.7545246e+07 -9.5519200e+05 -4.8213815e+06 
7.4882969e+05 1.7616866e+07 1.2573049e+07 
2.1721765e+06 1.7265164e+07 1.2341721e+07 
-1.1671448e+07 2.6331705e+06 2.2580000e+05 
-1.5681980e+07 3.0163588e+04 -3.3343675e+06 
-1.2120276e+06 1.6053607e+07 1.1937628e+07 
-5.2634090e+06 9.1781470e+06 7.1886035e+06 
-6.6501685e+06 7.3481545e+06 5.5114665e+06 
9.9766790e+06 1.2791459e+07 1.1192927e+07 
-2.1035590e+06 1.4557892e+07 1.1113701e+07 
-4.2622475e+05 1.7097172e+07 1.2421358e+07 
4.1915382e+06 1.5782582e+07 1.1759277e+07 
-4.1002210e+06 1.0977315e+07 8.6678640e+06 
-8.2714530e+06 5.5402500e+06 3.6696278e+06 
-2.4408998e+07 -4.1390432e+06 -9.6641180e+06 
-2.2255650e+07 -3.2125520e+06 -8.4428700e+06 
-1.3901198e+07 1.0609355e+06 -1.8430054e+06 
-2.0191802e+07 -2.3141625e+06 -6.9351485e+06 
-3.1432620e+06 1.2687402e+07 9.9256460e+06 
-1.0128022e+07 3.7968615e+06 1.7032012e+06 
1.5022818e+06 1.7376392e+07 1.2389250e+07 
2.8097825e+05 1.7607418e+07 1.2585827e+07 
-1.8213222e+07 -1.3827270e+06 -5.4382595e+06 
8.1814305e+06 1.2515604e+07 1.1024073e+07 
3.1493832e+06 1.6038303e+07 1.1806380e+07 
-1.5087252e+06 1.5835640e+07 1.1839577e+07 
-1.2208694e+07 2.1455465e+06 -3.4600741e+05 
-7.6814306e+05 1.6974782e+07 1.2380226e+07 
-2.3731515e+06 1.4248923e+07 1.0947843e+07 
-5.5887335e+06 8.6925080e+06 6.8092715e+06 
-1.6313407e+07 -4.1463369e+05 -3.9426680e+06 
-7.0222690e+06 6.8400875e+06 5.0668760e+06 
-4.3889260e+06 1.0531076e+07 8.3565730e+06 
-8.6984360e+06 5.0267805e+06 3.1668850e+06 
9.2532719e+05 1.7471864e+07 1.2439716e+07 
-1.2459052e+05 1.7584126e+07 1.2592137e+07 
6.1797880e+06 1.2951524e+07 1.0853743e+07 
-2.2990090e+07 -3.6070022e+06 -9.0848780e+06 
-3.4056618e+06 1.2295801e+07 9.6810990e+06 
-1.4491805e+07 5.9711469e+05 -2.4413035e+06 
2.2634170e+06 1.6273217e+07 1.1881191e+07 
-2.0894842e+07 -2.7209488e+06 -7.5656515e+06 
-1.0614173e+07 3.2929352e+06 1.1530545e+06 
-1.7721301e+06 1.5602950e+07 1.1727627e+07 
-1.0666959e+06 1.6838748e+07 1.2327537e+07 
-1.8884442e+07 -1.8039094e+06 -6.0603415e+06 
-2.6180958e+06 1.3924591e+07 1.0765482e+07 
-1.2753378e+07 1.6620445e+06 -9.3085706e+05 
4.3291231e+05 1.7553656e+07 1.2486453e+07 
4.5018050e+06 1.3401537e+07 1.0865333e+07 
-5.9086450e+06 8.1961455e+06 6.4085625e+06 
-7.3943185e+06 6.3252070e+06 4.6013105e+06 
-4.6665880e+06 1.0071297e+07 8.0246715e+06 
-4.7371459e+05 1.7548332e+07 1.2588794e+07 
-1.6950114e+07 -8.5275988e+05 -4.5576910e+06 
1.5194449e+06 1.6489750e+07 1.1966429e+07 
-9.1298580e+06 4.5109620e+06 2.6450048e+06 
-3.6515425e+06 1.1889193e+07 9.4174180e+06 
-2.3720854e+07 -4.0488945e+06 -9.4266180e+06 
-1.5089513e+07 1.3965872e+05 -3.0485910e+06 
-2.0057711e+06 1.5355946e+07 1.1600578e+07 
-1.3262686e+06 1.6689812e+07 1.2261660e+07 
-1.1107737e+07 2.7909340e+06 5.8697419e+05 
-2.1598216e+07 -3.1222550e+06 -8.1998195e+06 
3.1530548e+06 1.3822546e+07 1.0960985e+07 
1.6266656e+04 1.7623984e+07 1.2524643e+07 
-2.8414062e+06 1.3585135e+07 1.0565672e+07 
-1.9558194e+07 -2.2186438e+06 -6.6864725e+06 
-7.7224744e+05 1.7501298e+07 1.2573493e+07 
9.0131350e+05 1.6691796e+07 1.2050223e+07 
-6.2257140e+06 7.6899085e+06 5.9860440e+06 
-1.3306459e+07 1.1837986e+06 -1.5275236e+06 
-4.9358560e+06 9.5985030e+06 7.6714790e+06 
-7.7687225e+06 5.8046775e+06 4.1147438e+06 
-1.7591776e+07 -1.2838070e+06 -5.1780750e+06 
-3.8836462e+06 1.1467853e+07 9.1338260e+06 
-9.5677820e+06 3.9941495e+06 2.1044768e+06 
2.0874029e+06 1.4213932e+07 1.1086036e+07 
-1.5511366e+06 1.6528576e+07 1.2181443e+07 
-2.2130800e+06 1.5094911e+07 1.1457534e+07 
-3.3330916e+05 1.7684932e+07 1.2550976e+07 
3.9276638e+05 1.6883420e+07 1.2124808e+07 
-1.5694496e+07 -3.1068431e+05 -3.6634155e+06 
-1.1610212e+07 2.2921895e+06 5.9724277e+03 
-1.0258889e+06 1.7444096e+07 1.2544671e+07 
-3.0460192e+06 1.3230704e+07 1.0347656e+07 
-2.2300746e+07 -3.5183745e+06 -8.8368260e+06 
7.3643005e+06 1.1089146e+07 1.0122823e+07 
-2.0233522e+07 -2.6269845e+06 -7.3154905e+06 
1.2536339e+06 1.4585267e+07 1.1211233e+07 
-6.5425075e+06 7.1747075e+06 5.5414240e+06 
-5.1993655e+06 9.1132330e+06 7.2964330e+06 
-8.1478575e+06 5.2797360e+06 3.6073270e+06 
-1.3868682e+07 7.1187838e+05 -2.1345975e+06 
-6.2415625e+05 1.7738274e+07 1.2563356e+07 
-1.7453920e+06 1.6355460e+07 1.2086121e+07 
-4.1046685e+06 1.1032017e+07 8.8296660e+06 
-1.8237812e+07 -1.7075132e+06 -5.8023970e+06 
-2.3973485e+06 1.4819994e+07 1.1297848e+07 
-2.1608898e+04 1.7068202e+07 1.2185440e+07 
-1.0014180e+07 3.4777440e+06 1.5460010e+06 
-1.2400668e+06 1.7377570e+07 1.2501369e+07 
5.1823715e+06 1.0817665e+07 1.0180430e+07 
-3.2347730e+06 1.2861355e+07 1.0110826e+07 
6.0655238e+05 1.4946280e+07 1.1321800e+07 
-1.6306667e+07 -7.5329131e+05 -4.2842015e+06 
-1.2122922e+07 1.7980198e+06 -5.8872494e+05 
-2.3003780e+07 -3.9533822e+06 -9.1756540e+06 
-8.6407881e+05 1.7785388e+07 1.2560629e+07 
-6.8615860e+06 6.6515225e+06 5.0745505e+06 
-3.5592869e+05 1.7248966e+07 1.2229546e+07 
-5.4597415e+06 8.6160600e+06 6.8990750e+06 
-2.0909236e+07 -3.0291408e+06 -7.9462515e+06 
-1.9128941e+06 1.6170690e+07 1.1975246e+07 
-8.5340600e+06 4.7516950e+06 3.0793995e+06 
-1.4440546e+07 2.4726808e+05 -2.7504932e+06 
-2.5617032e+06 1.4531193e+07 1.1121062e+07 
-4.3172555e+06 1.0581897e+07 8.5043740e+06 
2.5912475e+06 1.1100724e+07 1.0386161e+07 
-1.4198588e+06 1.7302286e+07 1.2443108e+07 
1.0862577e+05 1.5304215e+07 1.1411121e+07 
-1.8887368e+07 -2.1237760e+06 -6.4291930e+06 
-1.0470911e+07 2.9631852e+06 9.7049725e+05 
-3.4103992e+06 1.2477054e+07 9.8546810e+06 
-1.0602431e+06 1.7827246e+07 1.2542360e+07 
-6.2283431e+05 1.7427708e+07 1.2256079e+07 
-1.6925662e+07 -1.1876825e+06 -4.9092715e+06 
-1.2646998e+07 1.3097116e+06 -1.1956785e+06 
1.0518548e+06 1.1530015e+07 1.0635792e+07 
-2.0572380e+06 1.5974287e+07 1.1848608e+07 
-5.7196000e+06 8.1076030e+06 6.4790425e+06 
-7.1855025e+06 6.1214205e+06 4.5854160e+06 
-2.7071881e+05 1.5663603e+07 1.1477130e+07 
-2.7090898e+06 1.4228363e+07 1.0926863e+07 
-1.5699462e+06 1.7218542e+07 1.2369778e+07 
-2.1583918e+07 -3.4254792e+06 -8.5776530e+06 
-4.5240090e+06 1.0117686e+07 8.1574605e+06 
-8.9296110e+06 4.2219480e+06 2.5314968e+06 
-1.5022289e+07 -2.0915497e+05 -3.3734620e+06 
-1.0939701e+07 2.4519402e+06 3.7911159e+05 
-1.9539324e+07 -2.5326620e+06 -7.0569855e+06 
-8.3346394e+05 1.7605648e+07 1.2265029e+07 
-3.5755230e+06 1.2077688e+07 9.5787970e+06 
-1.2191304e+06 1.7864400e+07 1.2508639e+07 
1.2233730e+05 1.2052941e+07 1.0840764e+07 
-5.5621644e+05 1.6026734e+07 1.1520242e+07 
-2.1817405e+06 1.5766074e+07 1.1706179e+07 
-1.3183341e+07 8.2849969e+05 -1.8132376e+06 
-1.7550816e+07 -1.6135398e+06 -5.5368675e+06 
-1.6945921e+06 1.7126362e+07 1.2281543e+07 
-2.8422690e+06 1.3911216e+07 1.0715035e+07 
-5.9815560e+06 7.5885470e+06 6.0360635e+06 
-7.5168000e+06 5.5855635e+06 4.0741642e+06 
-4.7274940e+06 9.6395830e+06 7.7884860e+06 
-9.3367230e+06 3.6919665e+06 1.9643648e+06 
-9.9750800e+05 1.7783336e+07 1.2257070e+07 
-2.2262548e+07 -3.8535955e+06 -8.9131050e+06 
-4.2892334e+05 1.2638418e+07 1.0984587e+07 
-1.3465285e+06 1.7897030e+07 1.2459928e+07 
-1.5613854e+07 -6.5664331e+05 -4.0016072e+06 
-3.7326700e+06 1.1663075e+07 9.2827960e+06 
-7.6781700e+05 1.6394252e+07 1.1542149e+07 
-1.1422108e+07 1.9454902e+06 -2.2677503e+05 
-2.0192278e+07 -2.9344155e+06 -7.6843105e+06 
-2.2894370e+06 1.5545684e+07 1.1548048e+07 
-1.7976376e+06 1.7025524e+07 1.2178760e+07 
-1.3732596e+07 3.5554356e+05 -2.4395458e+06 
-2.9638240e+06 1.3579338e+07 1.0485417e+07 
-1.8181162e+07 -2.0307219e+06 -6.1651780e+06 
-7.3660438e+05 1.3264905e+07 1.1072182e+07 
-1.1233089e+06 1.7960760e+07 1.2233293e+07 
-6.2482335e+06 7.0596620e+06 5.5699590e+06 
-7.8580065e+06 5.0452235e+06 3.5411025e+06 
-1.4475495e+06 1.7924980e+07 1.2396938e+07 
-4.9302535e+06 9.1478100e+06 7.3970525e+06 
-9.2157175e+05 1.6765671e+07 1.1545125e+07 
-9.7575170e+06 3.1632992e+06 1.3789742e+06 
-3.8842802e+06 1.1232986e+07 8.9663160e+06 
-1.6214870e+07 -1.0946019e+06 -4.6329050e+06 
-1.1919497e+07 1.4453120e+06 -8.4554056e+05 
-2.3830905e+06 1.5312573e+07 1.1374375e+07 
-1.8825132e+06 1.6915574e+07 1.2061907e+07 
-2.0844570e+07 -3.3294618e+06 -8.3097480e+06 
-8.8479906e+05 1.3916408e+07 1.1113723e+07 
-1.2179825e+06 1.8137476e+07 1.2195024e+07 
-3.0761708e+06 1.3232199e+07 1.0237870e+07 
-1.0303604e+06 1.7139792e+07 1.1531625e+07 
-1.5266646e+06 1.7947804e+07 1.2320533e+07 
-1.4295118e+07 -1.0809846e+05 -3.0725498e+06 
-1.8815420e+07 -2.4392790e+06 -6.7923670e+06 
-6.5222740e+06 6.5218280e+06 5.0806470e+06 
-8.2116315e+06 4.5017925e+06 2.9867198e+06 
-5.1348275e+06 8.6426400e+06 6.9827915e+06 
-1.0194003e+07 2.6375638e+06 7.7653806e+05 
-4.0327280e+06 1.0787163e+07 8.6289880e+06 
-9.2846738e+05 1.4580771e+07 1.1119455e+07 
-1.9522588e+06 1.6795850e+07 1.1931527e+07 
-2.4652055e+06 1.5066040e+07 1.1185347e+07 
-1.6824634e+07 -1.5226108e+06 -5.2652270e+06 
-1.2875478e+06 1.8312700e+07 1.2143690e+07 
-1.2433004e+07 9.5285494e+05 -1.4753179e+06 
-1.1044838e+06 1.7514996e+07 1.1504055e+07 
-2.1503372e+07 -3.7509762e+06 -8.6414830e+06 
-1.5877508e+06 1.7964818e+07 1.2231650e+07 
-3.1815775e+06 1.2869176e+07 9.9722400e+06 
-1.4870942e+07 -5.6149662e+05 -3.7100150e+06 
-6.8063475e+06 5.9760540e+06 4.5681565e+06 
-9.0453462e+05 1.5248715e+07 1.1098188e+07 
-1.9451994e+07 -2.8394628e+06 -7.4166055e+06 
-5.3437730e+06 8.1244175e+06 6.5453610e+06 
-8.5801570e+06 3.9567902e+06 2.4117068e+06 
-1.3370561e+06 1.8485414e+07 1.2080727e+07 
-2.0095511e+06 1.6665522e+07 1.1788185e+07 
-4.1803448e+06 1.0325344e+07 8.2704250e+06 
-1.0648049e+07 2.1164350e+06 1.5852720e+05 
-1.1521475e+06 1.7889464e+07 1.1464656e+07 
-2.5380500e+06 1.4805242e+07 1.0981144e+07 
-1.6341421e+06 1.7975138e+07 1.2131244e+07 
-1.7442094e+07 -1.9404452e+06 -5.8963715e+06 
-1.2963499e+07 4.6951475e+05 -2.1139942e+06 
-3.2821888e+06 1.2489567e+07 9.6883370e+06 
-8.3819031e+05 1.5913182e+07 1.1057037e+07 
-1.3707150e+06 1.8654428e+07 1.2007519e+07 
-7.1031605e+06 5.4235035e+06 4.0326448e+06 
-1.5459759e+07 -1.0038782e+06 -4.3495425e+06 
-5.5596880e+06 7.5935980e+06 6.0844480e+06 
-1.1798590e+06 1.8261314e+07 1.1415447e+07 
-2.0088978e+07 -3.2317330e+06 -8.0361030e+06 
-8.9660200e+06 3.4118688e+06 1.8169818e+06 
-2.0567362e+06 1.6523596e+07 1.1632426e+07 
-2.6036810e+06 1.4529216e+07 1.0761904e+07 
-4.3294480e+06 9.8472910e+06 7.8901995e+06 
-1.6686860e+06 1.7977730e+07 1.2020247e+07 
-1.1121348e+07 1.6016275e+06 -4.7331247e+05 
-7.4672488e+05 1.6568845e+07 1.1001567e+07 
-1.8065836e+07 -2.3480945e+06 -6.5240930e+06 
-3.3800520e+06 1.2092617e+07 9.3859070e+06 
-1.3511550e+07 -3.3969858e+03 -2.7592162e+06 
-1.3920034e+06 1.8818450e+07 1.1925362e+07 
-1.1927514e+06 1.8628702e+07 1.1358200e+07 
-2.0958636e+06 1.6368954e+07 1.1464749e+07 
-7.4154595e+06 4.8655145e+06 3.4744218e+06 
-5.7852340e+06 7.0507705e+06 5.5997775e+06 
-1.6060880e+07 -1.4346565e+06 -4.9885960e+06 
-6.4199381e+05 1.7211718e+07 1.0936054e+07 
-2.6639740e+06 1.4236895e+07 1.0527701e+07 
-1.6937971e+06 1.7971428e+07 1.1899535e+07 
-9.3715950e+06 2.8688092e+06 1.2037176e+06 
-2.0734008e+07 -3.6473505e+06 -8.3639790e+06 
-4.4823730e+06 9.3528180e+06 7.4878420e+06 
-1.1615381e+07 1.0948709e+06 -1.1169469e+06 
-3.4771502e+06 1.1677538e+07 9.0646140e+06 
-1.1948499e+06 1.8989878e+07 1.1294449e+07 
-1.4037770e+06 1.8976130e+07 1.1835438e+07 
-1.8694090e+07 -2.7457772e+06 -7.1461390e+06 
-1.4077380e+07 -4.6468709e+05 -3.4083988e+06 
-5.3206012e+05 1.7838864e+07 1.0863739e+07 
-2.1287218e+06 1.6200363e+07 1.1285582e+07 
-1.7115122e+06 1.7954976e+07 1.1769906e+07 
-6.0231620e+06 6.4966950e+06 5.0911265e+06 
-2.7206528e+06 1.3927126e+07 1.0278518e+07 
-7.7460335e+06 4.3036160e+06 2.8939815e+06 
-1.6673225e+07 -1.8534576e+06 -5.6245320e+06 
-9.7991650e+06 2.3295160e+06 5.7337206e+05 
-4.6415060e+06 8.8418250e+06 7.0628335e+06 
-1.1892899e+06 1.9343212e+07 1.1225500e+07 
-1.4083630e+06 1.9126092e+07 1.1738807e+07 
-1.2131369e+07 5.9787981e+05 -1.7700438e+06 
-3.5754368e+06 1.1243537e+07 8.7240270e+06 
-4.2231916e+05 1.8448148e+07 1.0787054e+07 
-1.9324716e+07 -3.1339508e+06 -7.7602905e+06 
-2.1568748e+06 1.6016495e+07 1.1095263e+07 
-1.4660834e+07 -9.1331725e+05 -4.0587435e+06 
-1.7235401e+06 1.7927044e+07 1.1632068e+07 
-2.7753245e+06 1.3598690e+07 1.0014231e+07 
-6.2763325e+06 5.9323360e+06 4.5583500e+06 
-1.1784951e+06 1.9687218e+07 1.1152454e+07 
-8.0977070e+06 3.7395438e+06 2.2920392e+06 
-4.8093210e+06 8.3143360e+06 6.6146100e+06 
-1.4076445e+06 1.9266958e+07 1.1636401e+07 
-1.7295298e+07 -2.2601468e+06 -6.2546350e+06 
-1.0250885e+07 1.7959988e+06 -7.2282578e+04 
-3.1628309e+05 1.9038064e+07 1.0707804e+07 
-3.6768720e+06 1.0789841e+07 8.3636020e+06 
-1.2670226e+07 1.1231709e+05 -2.4299682e+06 
-2.1816975e+06 1.5815943e+07 1.0894025e+07 
-1.7313098e+06 1.7886244e+07 1.1486629e+07 
-1.9963796e+07 -3.5449478e+06 -8.0844670e+06 
-1.5261336e+07 -1.3484414e+06 -4.7072625e+06 
-1.1643226e+06 2.0020546e+07 1.1076229e+07 
-2.8295138e+06 1.3250315e+07 9.7345930e+06 
-1.4031335e+06 1.9397370e+07 1.1529028e+07 
-2.1613577e+05 1.9607576e+07 1.0627313e+07 
-6.5477375e+06 5.3588930e+06 4.0014110e+06 
-8.4733230e+06 3.1752462e+06 1.6695730e+06 
-4.9884195e+06 7.7705340e+06 6.1425715e+06 
-1.0728735e+07 1.2703500e+06 -7.3113100e+05 
-1.7925184e+07 -2.6548485e+06 -6.8761595e+06 
-3.7834668e+06 1.0315726e+07 7.9826795e+06 
-1.3232510e+07 -3.6024888e+05 -3.0937870e+06 
-1.7360131e+06 1.7831142e+07 1.1334088e+07 
-2.2044112e+06 1.5597227e+07 1.0681985e+07 
-1.1481810e+06 2.0341986e+07 1.0997583e+07 
-1.2312796e+05 2.0156020e+07 1.0546542e+07 
-1.3960355e+06 1.9515990e+07 1.1417375e+07 
-2.8847002e+06 1.2880696e+07 9.4392160e+06 
-1.5877861e+07 -1.7694435e+06 -5.3508110e+06 
-6.8405120e+06 4.7778355e+06 3.4204210e+06 
-8.8757190e+06 2.6128860e+06 1.0278706e+06 
-5.1815695e+06 7.2108050e+06 5.6460960e+06 
-1.1234469e+07 7.5470950e+05 -1.4006905e+06 
-1.8560540e+07 -3.0379642e+06 -7.4863785e+06 
-3.8973250e+06 9.8205530e+06 7.5804730e+06 
-1.1311256e+06 2.0650454e+07 1.0917138e+07 
-1.7386459e+06 1.7760266e+07 1.1174835e+07 
-2.2261170e+06 1.5358806e+07 1.0459130e+07 
-3.7860613e+04 2.0682998e+07 1.0466171e+07 
-1.3818364e+07 -8.1839119e+05 -3.7582785e+06 
-1.3873049e+06 1.9621506e+07 1.1302017e+07 
-2.9423575e+06 1.2488513e+07 9.1275570e+06 
-1.6508907e+07 -2.1759722e+06 -5.9861295e+06 
-7.1579425e+06 4.1909292e+06 2.8156892e+06 
-5.3917450e+06 6.6357830e+06 5.1245670e+06 
-9.3076920e+06 2.0548290e+06 3.6857897e+05 
-1.1139361e+06 2.0944976e+07 1.0835396e+07 
3.9511797e+04 2.1188326e+07 1.0386678e+07 
-1.7400432e+06 1.7672102e+07 1.1009147e+07 
-1.1769548e+07 2.5122177e+05 -2.0780926e+06 
-1.9203554e+07 -3.4463955e+06 -7.8074600e+06 
-4.0206930e+06 9.3038010e+06 7.1560715e+06 
-2.2478302e+06 1.5099082e+07 1.0225306e+07 
-1.3776911e+06 1.9712638e+07 1.1183425e+07 
-1.4427469e+07 -1.2608746e+06 -4.4199580e+06 
-3.0039950e+06 1.2072446e+07 8.7989060e+06 
-1.7152474e+07 -2.5679725e+06 -6.6098900e+06 
-1.0971782e+06 2.1224676e+07 1.0752762e+07 
1.0913529e+05 2.1671964e+07 1.0308379e+07 
-7.5034650e+06 3.6002595e+06 2.1877818e+06 
-5.6221650e+06 6.0463980e+06 4.5774055e+06 
-1.7409124e+06 1.7565104e+07 1.0837187e+07 
-9.7719410e+06 1.5036232e+06 -3.0624625e+05 
-2.2705148e+06 1.4816404e+07 9.9802070e+06 
-1.3677801e+06 1.9788120e+07 1.1061971e+07 
-4.1560120e+06 8.7651100e+06 6.7084415e+06 
-1.2335074e+07 -2.3801762e+05 -2.7600740e+06 
-1.5058990e+07 -1.6867072e+06 -5.0751090e+06 
-3.0712028e+06 1.1631203e+07 8.4523740e+06 
1.7135198e+05 2.2133986e+07 1.0231477e+07 
-1.0812534e+06 2.1488764e+07 1.0669555e+07 
-1.7806062e+07 -2.9457112e+06 -7.2187520e+06 
-1.7418628e+06 1.7437680e+07 1.0659000e+07 
-7.8806460e+06 3.0082478e+06 1.5375884e+06 
-5.8763285e+06 5.4439240e+06 4.0041162e+06 
-1.3580278e+06 1.9846708e+07 1.0937939e+07 
-2.2951162e+06 1.4509072e+07 9.7233640e+06 
-1.0271007e+07 9.6196388e+05 -9.9409381e+05 
-4.3059725e+06 8.2043330e+06 6.2364355e+06 
-1.2931715e+07 -7.1102300e+05 -3.4429795e+06 
2.2662583e+05 2.2574546e+07 1.0156091e+07 
-1.0664379e+06 2.1736516e+07 1.0586026e+07 
-3.1457022e+06 1.1163538e+07 8.0868790e+06 
-1.5711538e+07 -2.0951900e+06 -5.7198300e+06 
-1.7434332e+06 1.7288188e+07 1.0474510e+07 
-1.3487882e+06 1.9887158e+07 1.0811527e+07 
-1.8465332e+07 -3.3546832e+06 -7.5379780e+06 
-2.3225980e+06 1.4175343e+07 9.4541300e+06 
-8.2931520e+06 2.4176550e+06 8.6639831e+05 
-6.1580465e+06 4.8300315e+06 3.4043470e+06 
-1.0807191e+07 4.3264366e+05 -1.6919558e+06 
2.7549041e+05 2.2993846e+07 1.0082276e+07 
-4.4735760e+06 7.6215835e+06 5.7388135e+06 
-1.0529151e+06 2.1967264e+07 1.0502366e+07 
-1.3559625e+07 -1.1659861e+06 -4.1227780e+06 
-3.2294005e+06 1.0668287e+07 7.7011365e+06 
-1.6383133e+07 -2.4859632e+06 -6.3500915e+06 
-1.7461185e+06 1.7114930e+07 1.0283512e+07 
-1.3403391e+06 1.9908216e+07 1.0682857e+07 
-2.3539800e+06 1.3813430e+07 9.1716620e+06 
3.1851253e+05 2.3392126e+07 1.0010043e+07 
-8.7446960e+06 1.8315711e+06 1.7597884e+05 
-6.4714595e+06 4.2068330e+06 2.7779610e+06 
-1.0407996e+06 2.2180376e+07 1.0418717e+07 
-1.1382456e+07 -8.1511859e+04 -2.3962968e+06 
-4.6621975e+06 7.0173030e+06 5.2142655e+06 
-1.4218373e+07 -1.6013484e+06 -4.7950950e+06 
-3.3244518e+06 1.0144402e+07 7.2936485e+06 
-1.7071186e+07 -2.8590455e+06 -6.9618005e+06 
-1.7503929e+06 1.6916138e+07 1.0085669e+07 
-1.3329012e+06 1.9908612e+07 1.0551974e+07 
3.5626772e+05 2.3769636e+07 9.9393700e+06 
-2.3903792e+06 1.3421509e+07 8.8749030e+06 
-1.0301569e+06 2.2375248e+07 1.0335182e+07 
-6.8210460e+06 3.5769282e+06 2.1251270e+06 
-9.2389630e+06 1.2533869e+06 -5.3134194e+05 
-4.8756515e+06 6.3923290e+06 4.6614555e+06 
-1.1998328e+07 -5.7772306e+05 -3.1030375e+06 
-1.4906870e+07 -2.0158718e+06 -5.4552620e+06 
-3.4333282e+06 9.5909990e+06 6.8626980e+06 
-1.3266571e+06 1.9887034e+07 1.0418848e+07 
-1.7567362e+06 1.6689957e+07 9.8804930e+06 
3.8932384e+05 2.4126644e+07 9.8702150e+06 
-1.7761920e+07 -3.2730868e+06 -7.2813080e+06 
-1.0210192e+06 2.2551292e+07 1.0251827e+07 
-2.4330585e+06 1.2997731e+07 8.5625590e+06 
-7.2116120e+06 2.9434375e+06 1.4464235e+06 
-9.7795070e+06 6.8674362e+05 -1.2525974e+06 
-5.1182585e+06 5.7479745e+06 4.0790782e+06 
-1.2655777e+07 -1.0533478e+06 -3.8075588e+06 
4.1823103e+05 2.4463408e+07 9.8025220e+06 
-1.3217665e+06 1.9842120e+07 1.0283374e+07 
-1.5623317e+07 -2.4087088e+06 -6.0983835e+06 
-3.5588990e+06 9.0074130e+06 6.4063470e+06 
-1.7656592e+06 1.6434439e+07 9.6673370e+06 
-1.0133978e+06 2.2707912e+07 1.0168690e+07 
-2.4834790e+06 1.2540230e+07 8.2330730e+06 
-7.6482475e+06 2.3100205e+06 7.4296062e+05 
-1.0369631e+07 1.3545966e+05 -1.9841128e+06 
4.4351600e+05 2.4780180e+07 9.7362230e+06 
-5.3949085e+06 5.0861095e+06 3.4659342e+06 
-1.3355107e+07 -1.5059819e+06 -4.5047245e+06 
-1.3183801e+06 1.9772428e+07 1.0145368e+07 
-1.7777309e+06 1.6147522e+07 9.4453690e+06 
-3.7045220e+06 8.3932680e+06 5.9224425e+06 
-1.6365157e+07 -2.7794632e+06 -6.7194185e+06 
-1.0072922e+06 2.2844508e+07 1.0085782e+07 
-2.5433652e+06 1.2047149e+07 7.8845980e+06 
4.6567919e+05 2.5077202e+07 9.6712470e+06 
-8.1362580e+06 1.6808722e+06 1.6512965e+04 
-1.1012234e+07 -3.9656847e+05 -2.7214535e+06 
-1.3166531e+06 1.9676422e+07 1.0004560e+07 
-5.7111165e+06 4.4092540e+06 2.8210350e+06 
-1.4095840e+07 -1.9335656e+06 -5.1889340e+06 
-1.0026988e+06 2.2960446e+07 1.0003092e+07 
-1.7936105e+06 1.5827013e+07 9.2135500e+06 
-3.8741460e+06 7.7485650e+06 5.4086305e+06 
-1.7106028e+07 -3.2050380e+06 -7.0426040e+06 
-2.6147808e+06 1.1516664e+07 7.5149615e+06 
4.8519431e+05 2.5354694e+07 9.6075210e+06 
-1.3167585e+06 1.9552446e+07 9.8605860e+06 
-8.6810490e+06 1.0606901e+06 -7.3034038e+05 
-9.9961744e+05 2.3055052e+07 9.9205840e+06 
-1.1709644e+07 -9.0548856e+05 -3.4593965e+06 
-6.0730630e+06 3.7206650e+06 2.1437342e+06 
-1.8140836e+06 1.5470578e+07 8.9706000e+06 
-1.4876616e+07 -2.3344862e+06 -5.8541960e+06 
-4.0724275e+06 7.0737880e+06 4.8623910e+06 
5.0250934e+05 2.5612858e+07 9.5449670e+06 
-2.7002202e+06 1.0947030e+07 7.1216340e+06 
-1.3189009e+06 1.9398694e+07 9.7129720e+06 
-9.9805694e+05 2.3127598e+07 9.8382000e+06 
-9.2879660e+06 4.5460322e+05 -1.4940782e+06 
-1.2463438e+07 -1.3876362e+06 -4.1919332e+06 
-1.8401070e+06 1.5075723e+07 8.7149600e+06 
-6.4876040e+06 3.0244170e+06 1.4338946e+06 
-1.5695115e+07 -2.7076795e+06 -6.4942355e+06 
-4.3048585e+06 6.3700270e+06 4.2810930e+06 
5.1804862e+05 2.5851870e+07 9.4835110e+06 
-2.8027208e+06 1.0336643e+07 6.7016925e+06 
-1.3233318e+06 1.9213178e+07 9.5611140e+06 
-9.9804094e+05 2.3177274e+07 9.7558580e+06 
-1.8728622e+06 1.4639784e+07 8.4447400e+06 
-9.9620900e+06 -1.3194108e+05 -2.2701145e+06 
-1.3274255e+07 -1.8396904e+06 -4.9123130e+06 
-6.9622450e+06 2.3254665e+06 6.9209038e+05 
5.3221531e+05 2.6071888e+07 9.4230760e+06 
-1.6509074e+07 -3.1539312e+06 -6.8262740e+06 
-4.5779065e+06 5.6391315e+06 3.6620798e+06 
-2.9259985e+06 9.6841150e+06 6.2517875e+06 
-9.9961344e+05 2.3203182e+07 9.6734460e+06 
-1.3303678e+06 1.8993694e+07 9.4042550e+06 
5.4539481e+05 2.6273034e+07 9.3635880e+06 
-1.9138240e+06 1.4159923e+07 8.1576640e+06 
-1.0707992e+07 -6.9333475e+05 -3.0527030e+06 
-1.4141640e+07 -2.2588435e+06 -5.6131245e+06 
-7.5050460e+06 1.6296798e+06 -8.0156617e+04 
-4.8991565e+06 4.8838785e+06 3.0028012e+06 
-3.0746148e+06 8.9883930e+06 5.7681205e+06 
-1.0028444e+06 2.3204302e+07 9.5908210e+06 
-1.3404125e+06 1.8737778e+07 9.2414510e+06 
5.5795788e+05 2.6455404e+07 9.3049690e+06 
-1.9648472e+06 1.3633127e+07 7.8509975e+06 
-1.1529449e+07 -1.2240108e+06 -3.8348838e+06 
-1.5063853e+07 -2.6429465e+06 -6.2864190e+06 
-8.1244520e+06 9.4380888e+05 -8.8011556e+05 
-5.2774465e+06 4.1081660e+06 2.3010012e+06 
-1.0078369e+06 2.3179464e+07 9.5077980e+06 
-3.2541785e+06 8.2489005e+06 5.2464275e+06 
-1.3539835e+06 1.8442664e+07 9.0715290e+06 
5.7026450e+05 2.6619056e+07 9.2471420e+06 
-2.0282775e+06 1.3056223e+07 7.5214615e+06 
-1.2429120e+07 -1.7186882e+06 -4.6084830e+06 
-1.5979364e+07 -3.1228372e+06 -6.6350445e+06 
-8.8290200e+06 2.7539484e+05 -1.7035808e+06 
-5.7229795e+06 3.3172120e+06 1.5549788e+06 
-1.0147348e+06 2.3127322e+07 9.4241410e+06 
-1.3717485e+06 1.8105232e+07 8.8930310e+06 
5.8266750e+05 2.6764012e+07 9.1900250e+06 
-3.4715908e+06 7.4657400e+06 4.6819950e+06 
-2.1070955e+06 1.2425912e+07 7.1651395e+06 
-1.3408223e+07 -2.1726165e+06 -5.3641965e+06 
-9.6270440e+06 -3.6741769e+05 -2.5446312e+06 
-1.0237331e+06 2.3046302e+07 9.3395490e+06 
-6.2473725e+06 2.5177450e+06 7.6393794e+05 
5.9551625e+05 2.6890246e+07 9.1335290e+06 
-1.3945701e+06 1.7721946e+07 8.7041470e+06 
-3.7353392e+06 6.6399380e+06 4.0697100e+06 
-2.2051035e+06 1.1738831e+07 6.7773590e+06 
-1.4466350e+07 -2.5818962e+06 -6.0917460e+06 
-1.0350908e+06 2.2934558e+07 9.2536380e+06 
-1.0526113e+07 -9.7615319e+05 -3.3954480e+06 
6.0916050e+05 2.6997680e+07 9.0775580e+06 
-6.8636005e+06 1.7181551e+06 -7.1561375e+04 
-1.4235676e+06 1.7288786e+07 8.5026220e+06 
-4.0558428e+06 5.7737735e+06 3.4041805e+06 
-2.3271702e+06 1.0991652e+07 6.3525705e+06 
-1.0491462e+06 2.2789908e+07 9.1659120e+06 
6.2395438e+05 2.7086168e+07 9.0220010e+06 
-1.5519444e+07 -3.1140920e+06 -6.4684920e+06 
-1.1532639e+07 -1.5423549e+06 -4.2462035e+06 
-7.5857615e+06 9.2854931e+05 -9.4905775e+05 
-1.4601979e+06 1.6801188e+07 8.2856465e+06 
-4.4458435e+06 4.8711755e+06 2.6799482e+06 
-2.4795522e+06 1.0181244e+07 5.8842090e+06 
6.4025944e+05 2.7155482e+07 8.9667280e+06 
-1.0663390e+06 2.2609754e+07 9.0757320e+06 
-1.2651252e+07 -2.0580831e+06 -5.0850280e+06 
-1.5063650e+06 1.6253969e+07 8.0497090e+06 
-8.4285730e+06 1.6064353e+05 -1.8635850e+06 
-4.9208335e+06 3.9382085e+06 1.8918531e+06 
-2.6703148e+06 9.3049080e+06 5.3645600e+06 
6.5844850e+05 2.7205286e+07 8.9115840e+06 
-1.0872365e+06 2.2390980e+07 8.9822700e+06 
-1.3883893e+07 -2.5162390e+06 -5.8981660e+06 
-1.5645699e+06 1.5641250e+07 7.7904120e+06 
-9.4065440e+06 -5.7257944e+05 -2.8071118e+06 
-5.4994625e+06 2.9836278e+06 1.0356080e+06 
6.7890781e+05 2.7235112e+07 8.8563750e+06 
-2.9098880e+06 8.3607395e+06 4.7846365e+06 
-1.1125696e+06 2.2129840e+07 8.8844410e+06 
-1.5121652e+07 -3.1285202e+06 -6.3205310e+06 
-1.6381160e+06 1.4956399e+07 7.5022380e+06 
-1.0532931e+07 -1.2574389e+06 -3.7681795e+06 
-6.2038345e+06 2.0194616e+06 1.0867191e+05 
7.0203875e+05 2.7244308e+07 8.8008570e+06 
-3.2118018e+06 7.3481400e+06 4.1341080e+06 
-1.1432786e+06 2.1821794e+07 8.7808270e+06 
-1.7313936e+06 1.4191995e+07 7.1782500e+06 
-1.1819068e+07 -1.8801256e+06 -4.7317525e+06 
-7.0594765e+06 1.0615004e+06 -8.8849775e+05 
7.2825694e+05 2.7231986e+07 8.7447160e+06 
-1.1805749e+06 2.1461324e+07 8.6695500e+06 
-3.5936490e+06 6.2685615e+06 3.4013335e+06 
-1.8502802e+06 1.3339828e+07 6.8097175e+06 
-1.3273860e+07 -2.4281265e+06 -5.6790195e+06 
7.5798806e+05 2.7196932e+07 8.6875430e+06 
-8.0945790e+06 1.2944072e+05 -1.9507926e+06 
-1.2260196e+06 2.1041688e+07 8.5481220e+06 
-4.0783472e+06 5.1265510e+06 2.5735985e+06 
-2.0027051e+06 1.2390990e+07 6.3856390e+06 
-1.4761254e+07 -3.1638945e+06 -6.1743955e+06 
7.9165831e+05 2.7137498e+07 8.6287920e+06 
-9.3378270e+06 -7.5375912e+05 -3.0666355e+06 
-1.2816299e+06 2.0554624e+07 8.4132200e+06 
-4.6957560e+06 3.9312048e+06 1.6377424e+06 
-2.1994625e+06 1.1336095e+07 5.8921515e+06 
8.2967544e+05 2.7051428e+07 8.5677330e+06 
-1.0814190e+07 -1.5637230e+06 -4.2169275e+06 
-1.3500176e+06 1.9989972e+07 8.2603745e+06 
-5.4846645e+06 2.6981205e+06 5.8149231e+05 
-2.4553948e+06 1.0165747e+07 5.3118080e+06 
8.7239525e+05 2.6935634e+07 8.5033740e+06 
-1.2542717e+07 -2.2749415e+06 -5.3756310e+06 
-1.4345742e+06 1.9335210e+07 8.0835470e+06 
-6.4949565e+06 1.4518541e+06 -6.0393831e+05 
-2.7911512e+06 8.8714010e+06 4.6227160e+06 
9.2006556e+05 2.6785860e+07 8.4343530e+06 
-1.4374598e+07 -3.2102395e+06 -5.9907805e+06 
-1.5397169e+06 1.8574894e+07 7.8745130e+06 
-7.7890475e+06 2.2844855e+05 -1.9191015e+06 
-3.2358632e+06 7.4469015e+06 3.7975752e+06 
9.7273438e+05 2.6596216e+07 8.3587875e+06 
-1.6712220e+06 1.7689956e+07 7.6219915e+06 
-9.4392070e+06 -9.2395144e+05 -3.3485048e+06 
-3.8313282e+06 5.8912045e+06 2.8027750e+06 
1.0301019e+06 2.6358486e+07 8.2740450e+06 
-1.8366854e+06 1.6656901e+07 7.3103810e+06 
-1.1507423e+07 -1.9543814e+06 -4.8530940e+06 
1.0912846e+06 2.6061154e+07 8.1764145e+06 
-4.6388035e+06 4.2131865e+06 1.5980111e+06 
-2.0461779e+06 1.5446869e+07 6.9179000e+06 
-1.3820409e+07 -3.2207778e+06 -5.6663975e+06 
1.1544415e+06 2.5687934e+07 8.0606160e+06 
-5.7504985e+06 2.4402658e+06 1.3782088e+05 
-2.3132382e+06 1.4024670e+07 6.4137895e+06 
1.2161814e+06 2.5215648e+07 7.9190640e+06 
-7.3097840e+06 6.3399900e+05 -1.6207185e+06 
-2.6565085e+06 1.2347971e+07 5.7539945e+06 
1.2706176e+06 2.4611010e+07 7.7407420e+06 
-9.5476820e+06 -1.0827892e+06 -3.6894638e+06 
-3.1027688e+06 1.0367207e+07 4.8742295e+06 
1.3078466e+06 2.3825788e+07 7.5094400e+06 
-1.2569338e+07 -3.0548330e+06 -4.8974095e+06 
-3.6934690e+06 8.0278735e+06 3.6782768e+06 
1.3114465e+06 2.2789312e+07 7.2009160e+06 
-4.5013850e+06 5.2806370e+06 2.0169629e+06 
1.2542421e+06 2.1396640e+07 6.7780855e+06 
-5.6812720e+06 2.1199812e+06 -3.5272331e+05 
1.0907712e+06 1.9489112e+07 6.1823235e+06 
-8.0909740e+06 -7.3362631e+05 -1.8824824e+06 
7.4284544e+05 1.6820586e+07 5.3160450e+06 
6.8578422e+04 1.2993443e+07 4.0024182e+06 
-1.2158500e+06 7.3189270e+06 1.8728985e+06 
-3.3849420e+06 2.9838612e+06 4.2259094e+05 
CELL_DATA 4096
FIELD FieldData 0
