global_epoch,phase_epoch,phase,loss,best_loss,lr
0,0,adam,0.0007320275763049722,0.0007320275763049722,2.980000000000002e-05
1,0,lbfgs,0.0007313594105653465,0.0007313594105653465,0.0005
