global_epoch,phase_epoch,phase,loss,best_loss,lr
0,0,adam,0.00046412539086304605,0.00046412539086304605,2.980000000000002e-05
1,0,lbfgs,0.0003957838925998658,0.0003957838925998658,0.0005
