{
  "pod_dir": "stage_2a_pod_data",
  "stage0_file": "stage_0_trajectory/stage_0_trajectories.npz",
  "mapping": "green_lagrange_upper",
  "mu_parametrization": "gx_gxy",
  "n_samples": 5574,
  "pod_dim": 13,
  "master_dim": 2,
  "ls_error_rel": 3.4977653529188286e-05,
  "ls_error_abs": 0.000616349195939359,
  "ls_rmse": [
    2.090449065845439e-06,
    7.986444358062545e-06
  ],
  "master_rank": 2,
  "slave_dim": 11,
  "decoder_rel_error_ls_qm": 0.2975488819410254,
  "decoder_rel_error_consistent_qm": 4.912159274815919e-16,
  "master_mismatch_rel_ls_qm": 0.9417316333057235,
  "master_mismatch_rel_consistent_qm": 8.177836373372656e-17,
  "q_m_source_for_stage3": "A_m_inverse_times_projected_master",
  "mu_to_qm_init_rel_error": 9.736014358414453e-06,
  "ortho_phi_m_phi_s": 1.720849051655178e-15,
  "ortho_phi_s": 2.9720760867634487e-15
}