{
  "dataset_file": "stage_3_prom_regression_dataset/stage3_prom_regression_dataset.npz",
  "seed": 42,
  "sizes": {
    "train": 4459,
    "val": 557,
    "test": 558
  },
  "dim": {
    "input": 2,
    "target": 11
  },
  "input_space": "q_m",
  "rbf": {
    "train": {
      "rel_l2": 1.0038103674410402e-08,
      "rmse": 8.853582995427133e-09,
      "max_abs": 1.6605083733023385e-07,
      "rel_l2_per_comp": [
        9.788743980234531e-08,
        3.7877958226029473e-07,
        9.558587815259713e-09,
        9.348646956882876e-09,
        1.048054310482076e-08,
        1.7583382102705013e-08,
        2.6357388841322285e-08,
        9.672321784110036e-09,
        1.7174358627935063e-07,
        9.03317700743583e-08,
        6.174339460536208e-08
      ],
      "rmse_per_comp": [
        3.51110572927686e-09,
        8.372476669614058e-09,
        9.421172539653056e-09,
        2.3021658285754677e-08,
        2.8632264075772415e-09,
        7.272968716593887e-10,
        2.0652929847827224e-09,
        1.158358088717336e-08,
        1.5502755986021574e-09,
        1.109533484859628e-09,
        3.2027414325574187e-09
      ]
    },
    "val": {
      "rel_l2": 1.7350263204478043e-08,
      "rmse": 1.5672731264223958e-08,
      "max_abs": 6.448927537816562e-07,
      "rel_l2_per_comp": [
        2.428500394918402e-07,
        1.4632400653693553e-06,
        2.0982381821318375e-08,
        1.1116303058758795e-08,
        1.2059600508024282e-08,
        2.8601818963632398e-08,
        5.9064687784402884e-08,
        1.0670141655992626e-08,
        7.192392244915671e-07,
        2.4002141147457073e-07,
        1.4073420521326513e-07
      ],
      "rmse_per_comp": [
        8.61159984148662e-09,
        3.291762666991644e-08,
        2.1157563997108e-08,
        2.8039848985769022e-08,
        3.373816238665147e-09,
        1.1654150274604466e-09,
        4.595138260185828e-09,
        1.3092835256785668e-08,
        6.394409081041227e-09,
        3.0088518402220144e-09,
        7.426573870763102e-09
      ]
    },
    "test": {
      "rel_l2": 8.635114545224863e-08,
      "rmse": 7.566995513616303e-08,
      "max_abs": 3.7341303662508096e-06,
      "rel_l2_per_comp": [
        2.303736989447227e-06,
        5.987205074394961e-06,
        1.5038543286726085e-08,
        6.545612738943995e-08,
        1.1007730826728661e-07,
        1.5773182028361202e-07,
        3.509396640640966e-07,
        8.41758933250056e-08,
        6.168290287873103e-07,
        1.3898764361346563e-06,
        7.652535359401494e-07
      ],
      "rmse_per_comp": [
        8.07677768422939e-08,
        1.3022510469028378e-07,
        1.4701883364815968e-08,
        1.602031897306911e-07,
        2.979386956092694e-08,
        6.564792640603705e-09,
        2.779472951059688e-08,
        1.0013729355302987e-07,
        5.530520484238942e-09,
        1.6745253586478e-08,
        3.975372035889429e-08
      ]
    },
    "settings": {
      "mode": "grid_search",
      "kernel": "gaussian",
      "inducing_selector": "structured_then_farthest",
      "inducing_points": 1800,
      "grid_metric": "val_rel_l2",
      "best": {
        "epsilon": 2.0,
        "smoothing": 1e-12,
        "neighbors": 120,
        "neighbors_effective": 120,
        "inducing_points_request": 1800,
        "inducing_points_effective": 1800,
        "score": 1.7350449170820784e-08
      },
      "candidates_total": 320,
      "candidates_ok": 320
    }
  }
}